avg_reward_per_episode,best_tax_advantage,cumulative_reward,episode_count,invalid_count,loophole,loss,positive_reward_count,random_action_prob,random_exploration_count,run,saved_snapshots,seed,success_count,success_rate,total_steps,update
0.004648120702916966,46746000,0.06507368984083753,14,0,dub_irish_dutch,-0.02109079311291377,10,0.25,31,0,0,1729,3,0.21428571428571427,128,0
-0.0064255534803206995,46746000,-0.08995774872448979,14,0,dub_irish_dutch,-0.021068623289465904,5,0.2487,24,0,0,1729,1,0.07142857142857142,256,1
-0.00046110098666080876,46746000,-0.005533211839929705,12,0,dub_irish_dutch,-0.01558527039984862,9,0.2475,30,0,0,1729,1,0.08333333333333333,384,2
-0.019981694255111985,0,-0.2597620253164558,13,0,dub_irish_dutch,-0.021097720911105473,4,0.2463,24,0,0,1729,0,0.0,512,3
-0.009240858903267242,46746000,-0.12937202464574138,14,0,dub_irish_dutch,-0.0279469545930624,4,0.245,33,0,0,1729,1,0.07142857142857142,640,4
-0.014915656531572362,0,-0.1939035349104407,13,0,dub_irish_dutch,-0.024377132455507915,7,0.2438,27,0,0,1729,0,0.0,768,5
-0.0018199680584259045,46746000,-0.027299520876388567,15,0,dub_irish_dutch,-0.022197597349683445,8,0.2426,33,0,0,1729,1,0.06666666666666667,896,6
-0.022759188200031387,46746000,-0.3186286348004394,14,0,dub_irish_dutch,-0.020414908106128376,4,0.2414,30,0,0,1729,1,0.07142857142857142,1024,7
-0.0035829815511402617,46746000,-0.0465787601648234,13,0,dub_irish_dutch,-0.027195452402035396,8,0.2402,27,0,0,1729,1,0.07692307692307693,1152,8
0.006223220238592715,46746000,0.087125083340298,14,0,dub_irish_dutch,-0.02659422221283118,9,0.239,33,0,0,1729,3,0.21428571428571427,1280,9
0.0012841903186312674,46746000,0.016694474142206477,13,0,dub_irish_dutch,-0.018396723394592602,9,0.2378,32,0,0,1729,1,0.07692307692307693,1408,10
-0.00514976895268572,6210000,-0.06179722743222864,12,0,dub_irish_dutch,-0.036285111059745155,9,0.2366,29,0,0,1729,1,0.08333333333333333,1536,11
0.0042708244968044816,46746000,0.05979154295526274,14,0,dub_irish_dutch,-0.024154789745807648,13,0.2354,20,0,0,1729,3,0.21428571428571427,1664,12
0.004185259134363878,56754000,0.050223109612366534,12,0,dub_irish_dutch,-0.018481043477853138,4,0.2342,29,0,0,1729,1,0.08333333333333333,1792,13
0.006016282332347653,46746000,0.0782116703205195,13,0,dub_irish_dutch,-0.02503293628493945,7,0.2331,26,0,0,1729,2,0.15384615384615385,1920,14
-0.013156118143459922,0,-0.19734177215189883,15,0,dub_irish_dutch,-0.0278682429343462,5,0.2319,31,0,0,1729,0,0.0,2048,15
-0.02043286618444846,0,-0.2860601265822785,14,0,dub_irish_dutch,-0.029123661418755848,6,0.2307,29,0,0,1729,0,0.0,2176,16
-0.006094232338355025,40500000,-0.08531925273697036,14,0,dub_irish_dutch,-0.024208197370171547,8,0.2296,32,0,0,1729,1,0.07142857142857142,2304,17
-0.0013065258889933418,46746000,-0.015678310667920102,12,0,dub_irish_dutch,-0.01996588644882043,8,0.2284,37,0,0,1729,1,0.08333333333333333,2432,18
0.009049535561460579,46746000,0.11764396229898752,13,0,dub_irish_dutch,-0.03233997275431951,12,0.2273,36,0,0,1729,1,0.07692307692307693,2560,19
-0.0014423309276242135,46746000,-0.021634963914363203,15,0,dub_irish_dutch,-0.022774691383043926,5,0.2262,26,0,0,1729,2,0.13333333333333333,2688,20
0.002348419771316168,56754000,0.03287787679842635,14,0,dub_irish_dutch,-0.022310432667533558,9,0.225,29,0,0,1729,2,0.14285714285714285,2816,21
0.018434842255995607,46746000,0.23965294932794287,13,0,dub_irish_dutch,-0.01763171950976054,13,0.2239,37,0,0,1729,1,0.07692307692307693,2944,22
-0.014671086545621175,0,-0.19072412509307526,13,0,dub_irish_dutch,-0.025956952944397926,7,0.2228,23,0,0,1729,0,0.0,3072,23
0.006294423454979488,46746000,0.08812192836971283,14,0,dub_irish_dutch,-0.016744551248848438,6,0.2217,28,0,0,1729,1,0.07142857142857142,3200,24
-0.017674282865565168,0,-0.24743996011791236,14,0,dub_irish_dutch,-0.021747761716445286,7,0.2206,27,0,0,1729,0,0.0,3328,25
0.006698386698088158,4039200,0.08707902707514606,13,0,dub_irish_dutch,-0.012786421924829483,8,0.2195,27,0,0,1729,1,0.07692307692307693,3456,26
-0.009451472394581014,46746000,-0.12286914112955319,13,0,dub_irish_dutch,-0.03521393736203512,6,0.2184,25,0,0,1729,1,0.07692307692307693,3584,27
0.024931356187569958,46746000,0.2991762742508395,12,0,dub_irish_dutch,-0.004464937063554923,8,0.2173,26,0,0,1729,3,0.25,3712,28
-0.012931849922505735,46746000,-0.15518219907006883,12,0,dub_irish_dutch,-0.026122397432724636,7,0.2162,24,0,0,1729,1,0.08333333333333333,3840,29
-0.00907388773253105,0,-0.11796054052290365,13,0,dub_irish_dutch,-0.019816576813658077,9,0.2151,19,0,0,1729,0,0.0,3968,30
0.001408819820361978,46746000,0.02113229730542967,15,0,dub_irish_dutch,-0.012688490251700083,8,0.214,26,0,0,1729,1,0.06666666666666667,4096,31
0.001298506180799259,46746000,0.014283567988791851,11,0,dub_irish_dutch,-0.020475345974167187,9,0.213,25,0,0,1729,1,0.09090909090909091,4224,32
-0.010177530719388438,0,-0.14248543007143813,14,0,dub_irish_dutch,-0.029302161186933517,5,0.2119,29,0,0,1729,0,0.0,4352,33
-0.004473300137362638,0,-0.05815290178571429,13,0,dub_irish_dutch,-0.02759248452881972,3,0.2108,21,0,0,1729,0,0.0,4480,34
0.007090172339282574,46746000,0.09217224041067346,13,0,dub_irish_dutch,-0.03170482938488325,10,0.2098,33,0,0,1729,1,0.07692307692307693,4608,35
0.02469098190067166,46746000,0.3703647285100749,15,0,dub_irish_dutch,-0.027015092472235363,11,0.2087,20,0,0,1729,3,0.2,4736,36
0.026560843918246875,46746000,0.39841265877370313,15,0,dub_irish_dutch,-0.01017395748446385,10,0.2077,33,0,0,1729,4,0.26666666666666666,4864,37
0.025106635828889716,46746000,0.37659953743334573,15,0,dub_irish_dutch,-0.02198245810965697,9,0.2066,19,0,0,1729,2,0.13333333333333333,4992,38
0.042664767646474935,56754000,0.5546419794041741,13,0,dub_irish_dutch,-0.02094044287999471,19,0.2056,30,0,0,1729,2,0.15384615384615385,5120,39
0.03058111778877092,46746000,0.4281356490427929,14,0,dub_irish_dutch,-0.023674678678313892,9,0.2046,25,0,0,1729,4,0.2857142857142857,5248,40
0.03468819909106257,56754000,0.4162583890927508,12,0,dub_irish_dutch,-0.007809980772435665,10,0.2036,21,0,0,1729,2,0.16666666666666666,5376,41
0.0013956653647546919,46746000,0.020934980471320377,15,0,dub_irish_dutch,-0.03648997098207474,9,0.2025,26,0,0,1729,1,0.06666666666666667,5504,42
0.07978296495481793,56754000,0.8776126145029972,11,0,dub_irish_dutch,-0.027726628507177036,21,0.2015,25,0,0,1729,4,0.36363636363636365,5632,43
0.04207852132275382,46746000,0.4207852132275382,10,0,dub_irish_dutch,-0.023563460757335026,18,0.2005,24,0,0,1729,3,0.3,5760,44
0.03310513529536078,46746000,0.4303667588396901,13,0,dub_irish_dutch,-0.0032455272351702056,14,0.1995,25,0,0,1729,3,0.23076923076923078,5888,45
0.021837927716293615,46746000,0.3057309880281106,14,0,dub_irish_dutch,-0.018518631036082905,16,0.1985,34,0,0,1729,2,0.14285714285714285,6016,46
0.03800082123757821,46746000,0.3800082123757821,10,0,dub_irish_dutch,0.11153520147005717,17,0.1975,25,0,0,1729,4,0.4,6144,47
0.07270849681175248,56754000,0.7270849681175248,10,0,dub_irish_dutch,-0.016291961073875427,17,0.1965,28,0,0,1729,4,0.4,6272,48
0.06719203617690828,56754000,0.6047283255921745,9,0,dub_irish_dutch,-0.022442460681001346,14,0.1956,36,0,0,1729,3,0.3333333333333333,6400,49
0.032981586620900144,56754000,0.42876062607170184,13,0,dub_irish_dutch,-0.03096630920966466,12,0.1946,36,0,0,1729,2,0.15384615384615385,6528,50
0.04602011466631928,46746000,0.4602011466631928,10,0,dub_irish_dutch,-0.002401758606235186,12,0.1936,30,0,0,1729,3,0.3,6656,51
0.052101404183101094,46746000,0.6773182543803142,13,0,dub_irish_dutch,0.010505528499682745,18,0.1926,27,0,0,1729,4,0.3076923076923077,6784,52
0.09704455890652135,46746000,1.164534706878256,12,0,dub_irish_dutch,-0.02012052945792675,23,0.1917,23,0,0,1729,7,0.5833333333333334,6912,53
0.08654763416728747,46746000,0.7789287075055873,9,0,dub_irish_dutch,-0.010334167629480362,23,0.1907,18,0,0,1729,3,0.3333333333333333,7040,54
0.08560849670000703,46746000,0.5136509802000422,6,0,dub_irish_dutch,0.048725192745526634,16,0.1898,26,0,0,1729,2,0.3333333333333333,7168,55
0.09271238749037353,46746000,0.9271238749037353,10,0,dub_irish_dutch,-0.005737931157151858,22,0.1888,24,0,0,1729,5,0.5,7296,56
0.134708627519765,46746000,1.07766902015812,8,0,dub_irish_dutch,0.051743400593598686,24,0.1879,22,0,0,1729,5,0.625,7424,57
0.10857902246457844,56754000,1.1943692471103629,11,0,dub_irish_dutch,-0.010475723693768183,23,0.1869,28,0,0,1729,6,0.5454545454545454,7552,58
0.12106546869074547,46746000,1.3317201555982001,11,0,dub_irish_dutch,-0.015418226209779581,25,0.186,24,0,0,1729,8,0.7272727272727273,7680,59
0.12246184977811089,56754000,1.102156648002998,9,0,dub_irish_dutch,-0.024598928168416023,25,0.1851,21,0,0,1729,5,0.5555555555555556,7808,60
0.14069151380464773,56754000,1.1255321104371818,8,0,dub_irish_dutch,-0.031696198508143425,21,0.1841,19,0,0,1729,4,0.5,7936,61
0.10695987950937015,56754000,1.390478433621812,13,0,dub_irish_dutch,-0.03558773795763651,26,0.1832,30,0,0,1729,7,0.5384615384615384,8064,62
0.14367416795306398,46746000,1.0057191756714479,7,0,dub_irish_dutch,-0.023217768718798954,23,0.1823,17,0,0,1729,3,0.42857142857142855,8192,63
0.13259515376235123,46746000,1.1933563838611612,9,0,dub_irish_dutch,-0.027663135901093483,28,0.1814,30,0,0,1729,4,0.4444444444444444,8320,64
0.1298844159125914,46746000,1.2988441591259139,10,0,dub_irish_dutch,-0.026055362696448963,27,0.1805,22,0,0,1729,4,0.4,8448,65
0.08936892595617558,46746000,0.8043203336055803,9,0,dub_irish_dutch,-0.015246720363696417,23,0.1796,33,0,0,1729,3,0.3333333333333333,8576,66
0.17890650401667466,46746000,1.4312520321333972,8,0,dub_irish_dutch,0.05900330593188604,28,0.1787,22,0,0,1729,5,0.625,8704,67
0.6693805923426582,46746000,1.3387611846853165,2,0,dub_irish_dutch,-0.0224121796588103,26,0.1778,15,0,0,1729,2,1.0,8832,68
0.1704013525320623,56754000,1.192809467724436,7,0,dub_irish_dutch,0.00023864458004633585,20,0.1769,28,0,0,1729,2,0.2857142857142857,8960,69
0.1972064912639585,46746000,0.9860324563197925,5,0,dub_irish_dutch,-0.03192423408230146,22,0.176,23,0,0,1729,1,0.2,9088,70
0.45448286183577197,46746000,1.363448585507316,3,0,dub_irish_dutch,-0.02610158361494541,24,0.1751,16,0,0,1729,1,0.3333333333333333,9216,71
0.6518605677825373,46746000,1.3037211355650746,2,0,dub_irish_dutch,-0.02402251089612643,25,0.1743,21,0,0,1729,1,0.5,9344,72
0.31675036685611074,56754000,1.267001467424443,4,0,dub_irish_dutch,-0.009879066608846188,25,0.1734,22,0,0,1729,3,0.75,9472,73
0.21035240696682975,46746000,1.4724668487678083,7,0,dub_irish_dutch,-0.01451572123914957,27,0.1725,32,0,0,1729,4,0.5714285714285714,9600,74
0.7329233689626509,0,1.4658467379253017,2,0,dub_irish_dutch,-0.02036314643919468,25,0.1717,18,0,0,1729,0,0.0,9728,75
0.42368306955742197,46746000,1.6947322782296879,4,0,dub_irish_dutch,-0.02366020406285922,23,0.1708,19,0,0,1729,1,0.25,9856,76
0.38695128147725827,46746000,1.547805125909033,4,0,dub_irish_dutch,-0.038912673791249595,24,0.1699,21,0,0,1729,2,0.5,9984,77
0.1594705022459071,56754000,1.1162935157213496,7,0,dub_irish_dutch,0.030062722663084667,23,0.1691,28,0,0,1729,1,0.14285714285714285,10112,78
0.5216305896810812,56754000,1.5648917690432436,3,0,dub_irish_dutch,-0.017215968420108158,26,0.1683,20,0,0,1729,2,0.6666666666666666,10240,79
0.558696460158356,0,1.117392920316712,2,0,dub_irish_dutch,-0.003138119044403235,21,0.1674,15,0,0,1729,0,0.0,10368,80
0.6414849747517826,0,1.2829699495035651,2,0,dub_irish_dutch,-0.010812855946520964,22,0.1666,16,0,0,1729,0,0.0,10496,81
0.41267345735464,0,1.23802037206392,3,0,dub_irish_dutch,0.0036507677286863327,18,0.1657,20,0,0,1729,0,0.0,10624,82
0.21608572758127742,56754000,1.7286858206502194,8,0,dub_irish_dutch,-0.030645204707980156,28,0.1649,22,0,0,1729,5,0.625,10752,83
0.1706081186242026,46746000,1.3648649489936209,8,0,dub_irish_dutch,0.002951093018054962,27,0.1641,27,0,0,1729,3,0.375,10880,84
0.2536081716884867,46746000,1.2680408584424336,5,0,dub_irish_dutch,0.019124277556935947,22,0.1633,29,0,0,1729,2,0.4,11008,85
0.2883544715055833,46746000,1.4417723575279164,5,0,dub_irish_dutch,-0.012500651801625887,28,0.1625,21,0,0,1729,1,0.2,11136,86
0.23753734980976274,56754000,1.4252240988585765,6,0,dub_irish_dutch,-0.00749486219137907,24,0.1616,20,0,0,1729,2,0.3333333333333333,11264,87
0.24915089769989396,56754000,1.7440562838992577,7,0,dub_irish_dutch,-0.010953252824644247,26,0.1608,22,0,0,1729,4,0.5714285714285714,11392,88
0.3631414377207848,46746000,1.452565750883139,4,0,dub_irish_dutch,0.005298870615661144,25,0.16,26,0,0,1729,1,0.25,11520,89
1.4842411442925831,0,1.4842411442925831,1,0,dub_irish_dutch,-0.007256990143408378,26,0.1592,17,0,0,1729,0,0.0,11648,90
0.7732488884409895,46746000,1.546497776881979,2,0,dub_irish_dutch,-0.0030227877820531526,22,0.1584,17,0,0,1729,1,0.5,11776,91
0.37701434813220736,46746000,1.5080573925288294,4,0,dub_irish_dutch,0.018541499351461727,24,0.1576,20,0,0,1729,2,0.5,11904,92
0.27914650119901996,7403400,1.1165860047960798,4,0,dub_irish_dutch,-0.011779511036972204,23,0.1569,28,0,0,1729,1,0.25,12032,93
0.6829372228344134,0,1.3658744456688268,2,0,dub_irish_dutch,0.003816943926115831,23,0.1561,19,0,0,1729,0,0.0,12160,94
0.27752633447246816,46746000,1.3876316723623408,5,0,dub_irish_dutch,-0.009323464085658392,25,0.1553,20,0,0,1729,2,0.4,12288,95
0.3362061048704691,46746000,1.6810305243523453,5,0,dub_irish_dutch,-0.02478349767625332,25,0.1545,19,0,0,1729,2,0.4,12416,96
0.8325943396226413,0,1.6651886792452826,2,0,dub_irish_dutch,-0.014862064272165298,26,0.1537,17,0,0,1729,0,0.0,12544,97
0.7788367267733459,0,1.5576734535466918,2,0,dub_irish_dutch,-0.013617918516198793,27,0.153,18,0,0,1729,0,0.0,12672,98
0.2889087737555016,46746000,1.444543868777508,5,0,dub_irish_dutch,-0.008697910544772943,22,0.1522,14,0,0,1729,2,0.4,12800,99
-0.017495631935239918,46746000,-0.2274432151581189,13,0,dub_irish_dutch,-0.022055641437570255,7,0.25,29,1,0,1730,1,0.07692307692307693,128,0
-0.010975642652122943,46746000,-0.16463463978184414,15,0,dub_irish_dutch,-0.025212551777561504,10,0.2487,31,1,0,1730,1,0.06666666666666667,256,1
-0.03089121289253008,46746000,-0.4324769804954211,14,0,dub_irish_dutch,-0.021920880302786827,6,0.2475,25,1,0,1730,1,0.07142857142857142,384,2
-0.015880892433874177,7403400,-0.2064516016403643,13,0,dub_irish_dutch,-0.018835270156462986,8,0.2463,35,1,0,1730,1,0.07692307692307693,512,3
-0.007762394514767933,0,-0.0931487341772152,12,0,dub_irish_dutch,-0.022416663666566212,6,0.245,34,1,0,1730,0,0.0,640,4
-0.005444823140624772,0,-0.07622752396874681,14,0,dub_irish_dutch,-0.022852489724755287,8,0.2438,27,1,0,1730,0,0.0,768,5
0.003038498778718933,56754000,0.04253898290206506,14,0,dub_irish_dutch,-0.033905470122893654,8,0.2426,35,1,0,1730,1,0.07142857142857142,896,6
0.022536247756539247,56754000,0.2929712208350102,13,0,dub_irish_dutch,-0.02811436417202155,12,0.2414,34,1,0,1730,2,0.15384615384615385,1024,7
-0.0219856215915603,0,-0.3077987022818442,14,0,dub_irish_dutch,-0.026233286907275517,7,0.2402,25,1,0,1730,0,0.0,1152,8
-0.0010075291533221647,46746000,-0.014105408146510305,14,0,dub_irish_dutch,-0.0205698199570179,8,0.239,32,1,0,1730,1,0.07142857142857142,1280,9
0.005575441483442835,46746000,0.07805618076819969,14,0,dub_irish_dutch,-0.02123983825246493,10,0.2378,23,1,0,1730,3,0.21428571428571427,1408,10
-0.004125960836231833,0,-0.05776345170724565,14,0,dub_irish_dutch,-0.02205609406034152,10,0.2366,22,1,0,1730,0,0.0,1536,11
0.01881058756368881,46746000,0.300969401019021,16,0,dub_irish_dutch,-0.01593498761455218,12,0.2354,37,1,0,1730,3,0.1875,1664,12
0.012634943036345174,46746000,0.16425425947248726,13,0,dub_irish_dutch,-0.023843735456466675,13,0.2342,28,1,0,1730,3,0.23076923076923078,1792,13
-0.030837163068403225,46746000,-0.3700459568208387,12,0,dub_irish_dutch,-0.03129979347189268,15,0.2331,32,1,0,1730,2,0.16666666666666666,1920,14
-0.015318716094032556,0,-0.21446202531645578,14,0,dub_irish_dutch,-0.022082903732856114,7,0.2319,36,1,0,1730,0,0.0,2048,15
-0.015345857724102295,0,-0.18415029268922753,12,0,dub_irish_dutch,-0.023366085564096768,7,0.2307,22,1,0,1730,0,0.0,2176,16
0.002607527272420235,56754000,0.03389785454146305,13,0,dub_irish_dutch,-0.03470411648352941,8,0.2296,26,1,0,1730,1,0.07692307692307693,2304,17
0.020594214564194947,46746000,0.2883190038987293,14,0,dub_irish_dutch,-0.018389241459469,7,0.2284,24,1,0,1730,2,0.14285714285714285,2432,18
0.006352102804277225,46746000,0.08892943925988114,14,0,dub_irish_dutch,-0.030796857550740242,9,0.2273,21,1,0,1730,2,0.14285714285714285,2560,19
0.052351024540772284,56754000,0.8376163926523565,16,0,dub_irish_dutch,-0.021494576707482338,16,0.2262,36,1,0,1730,7,0.4375,2688,20
0.04035739481265472,56754000,0.5246461325645113,13,0,dub_irish_dutch,-0.024410303682088852,13,0.225,31,1,0,1730,4,0.3076923076923077,2816,21
0.024214412210004876,46746000,0.26635853431005363,11,0,dub_irish_dutch,-0.024177253246307373,12,0.2239,26,1,0,1730,2,0.18181818181818182,2944,22
0.008094474787214218,46746000,0.10522817223378483,13,0,dub_irish_dutch,-0.03813135251402855,5,0.2228,27,1,0,1730,1,0.07692307692307693,3072,23
0.04096125313077925,56754000,0.491535037569351,12,0,dub_irish_dutch,-0.019616641104221344,14,0.2217,23,1,0,1730,3,0.25,3200,24
-0.005841977494510467,46746000,-0.05841977494510467,10,0,dub_irish_dutch,-0.0209089828034242,7,0.2206,24,1,0,1730,1,0.1,3328,25
0.020167979854471507,46746000,0.18151181869024355,9,0,dub_irish_dutch,-0.033565896252791085,13,0.2195,27,1,0,1730,2,0.2222222222222222,3456,26
-0.0034629707594115533,46746000,-0.045018619872350195,13,0,dub_irish_dutch,-0.018725645107527573,10,0.2184,29,1,0,1730,1,0.07692307692307693,3584,27
0.02865158949675167,46746000,0.34381907396102,12,0,dub_irish_dutch,-0.01443164081623157,15,0.2173,31,1,0,1730,4,0.3333333333333333,3712,28
0.04447643517107765,46746000,0.4447643517107765,10,0,dub_irish_dutch,0.0007117421676715215,13,0.2162,26,1,0,1730,3,0.3,3840,29
0.001585556450777166,0,0.014270008056994493,9,0,dub_irish_dutch,-0.03553050383925438,10,0.2151,25,1,0,1730,0,0.0,3968,30
0.03197688452672388,46746000,0.31976884526723875,10,0,dub_irish_dutch,-0.027207260330518086,14,0.214,30,1,0,1730,2,0.2,4096,31
0.012825817497594547,46746000,0.11543235747835093,9,0,dub_irish_dutch,-0.006415160683294137,11,0.213,25,1,0,1730,1,0.1111111111111111,4224,32
0.10100418099894157,46746000,0.8080334479915325,8,0,dub_irish_dutch,-0.020990716914335888,19,0.2119,26,1,0,1730,5,0.625,4352,33
0.04761126609305067,56754000,0.6665577253027094,14,0,dub_irish_dutch,-0.020908469955126446,16,0.2108,24,1,0,1730,4,0.2857142857142857,4480,34
0.05213540999438476,46746000,0.6256249199326172,12,0,dub_irish_dutch,-0.014639782719314098,16,0.2098,28,1,0,1730,4,0.3333333333333333,4608,35
0.10418951737577153,56754000,1.2502742085092584,12,0,dub_irish_dutch,-0.008498447015881538,28,0.2087,25,1,0,1730,8,0.6666666666666666,4736,36
0.1108438916193076,46746000,1.2192828078123836,11,0,dub_irish_dutch,-0.004150902231534322,26,0.2077,15,1,0,1730,8,0.7272727272727273,4864,37
0.09376914619031576,46746000,0.9376914619031576,10,0,dub_irish_dutch,-0.027169046302636463,18,0.2066,22,1,0,1730,4,0.4,4992,38
0.08007358040466604,46746000,0.7206622236419944,9,0,dub_irish_dutch,-0.022325965265432995,17,0.2056,22,1,0,1730,3,0.3333333333333333,5120,39
0.11054962966617475,56754000,1.2160459263279222,11,0,dub_irish_dutch,-0.020969754705826443,23,0.2046,30,1,0,1730,6,0.5454545454545454,5248,40
0.09558204040503067,56754000,1.0514024444553374,11,0,dub_irish_dutch,0.00814294752975305,20,0.2036,31,1,0,1730,4,0.36363636363636365,5376,41
0.18008155753908456,46746000,0.7203262301563382,4,0,dub_irish_dutch,-0.01669493814309438,19,0.2025,30,1,0,1730,1,0.25,5504,42
0.07088367567253344,46746000,0.7088367567253344,10,0,dub_irish_dutch,-0.028520701453089714,20,0.2015,27,1,0,1730,5,0.5,5632,43
0.15595106228775543,46746000,0.9357063737265326,6,0,dub_irish_dutch,-0.025126875688632328,22,0.2005,26,1,0,1730,3,0.5,5760,44
0.14080302502240707,46746000,1.1264242001792566,8,0,dub_irish_dutch,-0.012328537801901499,22,0.1995,21,1,0,1730,5,0.625,5888,45
0.09323208330016795,56754000,0.9323208330016796,10,0,dub_irish_dutch,0.0011396082118153572,19,0.1985,28,1,0,1730,4,0.4,6016,46
0.11368519340918795,56754000,1.1368519340918795,10,0,dub_irish_dutch,0.034119480599959694,21,0.1975,30,1,0,1730,4,0.4,6144,47
0.037774351431810245,46746000,0.3399691628862922,9,0,dub_irish_dutch,0.0152409253641963,13,0.1965,42,1,0,1730,1,0.1111111111111111,6272,48
0.10906642365136317,56754000,0.7634649655595421,7,0,dub_irish_dutch,-0.004275732673704624,19,0.1956,14,1,0,1730,3,0.42857142857142855,6400,49
0.09175704348426547,56754000,0.9175704348426548,10,0,dub_irish_dutch,-0.004000873615344365,23,0.1946,29,1,0,1730,4,0.4,6528,50
0.09229438420043218,46746000,0.9229438420043218,10,0,dub_irish_dutch,-0.01582332979887724,21,0.1936,22,1,0,1730,4,0.4,6656,51
0.10195238467648145,56754000,1.0195238467648144,10,0,dub_irish_dutch,-0.025454838449756306,20,0.1926,22,1,0,1730,5,0.5,6784,52
0.12318946953832383,56754000,1.478273634459886,12,0,dub_irish_dutch,-0.01440786849707365,32,0.1917,22,1,0,1730,8,0.6666666666666666,6912,53
0.13603979949424921,46746000,0.9522785964597444,7,0,dub_irish_dutch,-0.02021564853688081,25,0.1907,16,1,0,1730,3,0.42857142857142855,7040,54
0.12314094306342493,56754000,1.3545503736976743,11,0,dub_irish_dutch,0.03393531093994776,26,0.1898,29,1,0,1730,7,0.6363636363636364,7168,55
0.1334244986633909,46746000,1.6010939839606908,12,0,dub_irish_dutch,-0.024963415538271267,30,0.1888,18,1,0,1730,11,0.9166666666666666,7296,56
0.09763039620750591,46746000,0.6834127734525414,7,0,dub_irish_dutch,-0.01012018167724212,20,0.1879,17,1,0,1730,2,0.2857142857142857,7424,57
0.12346043812572198,46746000,0.8642230668800539,7,0,dub_irish_dutch,-0.01575295627117157,22,0.1869,21,1,0,1730,3,0.42857142857142855,7552,58
0.15234779613496344,46746000,1.2187823690797075,8,0,dub_irish_dutch,0.02236138905088107,23,0.186,18,1,0,1730,4,0.5,7680,59
0.08063653785737407,46746000,0.9676384542884888,12,0,dub_irish_dutch,-0.02570325943330924,20,0.1851,30,1,0,1730,5,0.4166666666666667,7808,60
0.09735751676112663,46746000,1.1682902011335194,12,0,dub_irish_dutch,-0.025802379474043846,21,0.1841,25,1,0,1730,5,0.4166666666666667,7936,61
0.16473273238658231,46746000,1.4825945914792409,9,0,dub_irish_dutch,-0.02020951360464096,27,0.1832,22,1,0,1730,6,0.6666666666666666,8064,62
0.11326924299046502,46746000,1.0194231869141852,9,0,dub_irish_dutch,-0.02876487374305725,17,0.1823,29,1,0,1730,3,0.3333333333333333,8192,63
0.09986441604419029,46746000,0.699050912309332,7,0,dub_irish_dutch,-0.020660705243547756,20,0.1814,26,1,0,1730,2,0.2857142857142857,8320,64
0.17440678022649797,56754000,1.3952542418119838,8,0,dub_irish_dutch,-0.009108176144460836,20,0.1805,22,1,0,1730,5,0.625,8448,65
0.10882741126628784,46746000,0.8706192901303027,8,0,dub_irish_dutch,-0.018469981228311855,22,0.1796,25,1,0,1730,2,0.25,8576,66
0.19941032135091366,56754000,1.3958722494563955,7,0,dub_irish_dutch,-0.021793469165762264,26,0.1787,29,1,0,1730,5,0.7142857142857143,8704,67
0.23482218282640285,56754000,1.408933096958417,6,0,dub_irish_dutch,0.13037500282128653,23,0.1778,27,1,0,1730,2,0.3333333333333333,8832,68
0.3106410302785453,56754000,1.5532051513927265,5,0,dub_irish_dutch,-0.021316055208444595,25,0.1769,24,1,0,1730,3,0.6,8960,69
0.4387330441704432,56754000,1.7549321766817727,4,0,dub_irish_dutch,-0.010796580774088701,27,0.176,19,1,0,1730,4,1.0,9088,70
0.19377258324946414,46746000,1.356408082746249,7,0,dub_irish_dutch,0.020091519380609196,25,0.1751,16,1,0,1730,4,0.5714285714285714,9216,71
0.23228160421530686,46746000,1.1614080210765343,5,0,dub_irish_dutch,-0.012847843890388807,27,0.1743,17,1,0,1730,2,0.4,9344,72
0.24817779783233268,46746000,1.2408889891616635,5,0,dub_irish_dutch,-0.007126010333498319,23,0.1734,25,1,0,1730,2,0.4,9472,73
0.19547599747398148,46746000,1.3683319823178703,7,0,dub_irish_dutch,-0.026177939027547836,25,0.1725,22,1,0,1730,3,0.42857142857142855,9600,74
0.25570595904096033,46746000,1.534235754245762,6,0,dub_irish_dutch,0.037212662398815155,27,0.1717,20,1,0,1730,5,0.8333333333333334,9728,75
0.2190313755884184,7403400,1.095156877942092,5,0,dub_irish_dutch,-0.02492170160015424,21,0.1708,21,1,0,1730,1,0.2,9856,76
0.20411114662551347,46746000,1.2246668797530809,6,0,dub_irish_dutch,0.07506849368413289,24,0.1699,23,1,0,1730,2,0.3333333333333333,9984,77
0.17057557376103635,56754000,1.1940290163272544,7,0,dub_irish_dutch,-0.0327753908932209,24,0.1691,19,1,0,1730,2,0.2857142857142857,10112,78
0.27740871979688103,46746000,1.3870435989844052,5,0,dub_irish_dutch,0.08257000893354416,22,0.1683,19,1,0,1730,1,0.2,10240,79
0.18491610017912152,46746000,1.2944127012538507,7,0,dub_irish_dutch,-0.02450411518414815,23,0.1674,25,1,0,1730,2,0.2857142857142857,10368,80
0.33993979682085085,46746000,1.3597591872834034,4,0,dub_irish_dutch,-0.02463868260383606,25,0.1666,14,1,0,1730,2,0.5,10496,81
0.31454076153492133,46746000,1.2581630461396853,4,0,dub_irish_dutch,-0.014969254223008951,26,0.1657,23,1,0,1730,1,0.25,10624,82
0.4805610289516749,46746000,1.4416830868550248,3,0,dub_irish_dutch,0.11653561393419902,23,0.1649,15,1,0,1730,1,0.3333333333333333,10752,83
0.5051879304102954,46746000,1.5155637912308861,3,0,dub_irish_dutch,-0.01933852955698967,25,0.1641,16,1,0,1730,2,0.6666666666666666,10880,84
0.2407086976314902,56754000,1.6849608834204313,7,0,dub_irish_dutch,-0.024938153102993965,27,0.1633,15,1,0,1730,3,0.42857142857142855,11008,85
0.181360139102811,0,0.9068006955140551,5,0,dub_irish_dutch,-0.029512248933315277,21,0.1625,21,1,0,1730,0,0.0,11136,86
0.28532731650673376,46746000,1.7119638990404027,6,0,dub_irish_dutch,-0.023764873544375103,27,0.1616,16,1,0,1730,3,0.5,11264,87
0.4410929939192658,46746000,1.3232789817577975,3,0,dub_irish_dutch,-0.017487977941830952,23,0.1608,20,1,0,1730,1,0.3333333333333333,11392,88
0.3424840505536735,56754000,1.7124202527683674,5,0,dub_irish_dutch,-0.03178877507646879,27,0.16,19,1,0,1730,3,0.6,11520,89
0.2418408563366384,0,1.209204281683192,5,0,dub_irish_dutch,-0.019524552548925083,21,0.1592,20,1,0,1730,0,0.0,11648,90
0.35740713085704534,46746000,1.4296285234281814,4,0,dub_irish_dutch,-0.01909141180415948,26,0.1584,22,1,0,1730,1,0.25,11776,91
0.1699870844564241,0,1.0199225067385447,6,0,dub_irish_dutch,-0.023340133329232533,19,0.1576,23,1,0,1730,0,0.0,11904,92
0.6171448865791315,0,1.234289773158263,2,0,dub_irish_dutch,-0.02115456263224284,25,0.1569,17,1,0,1730,0,0.0,12032,93
1.524287834314379,46746000,1.524287834314379,1,0,dub_irish_dutch,-0.014573638016978899,26,0.1561,24,1,0,1730,1,1.0,12160,94
1.5260587119245441,0,1.5260587119245441,1,0,dub_irish_dutch,0.009906789908806482,24,0.1553,13,1,0,1730,0,0.0,12288,95
0.3453703645339722,56754000,1.726851822669861,5,0,dub_irish_dutch,-0.013856544780234495,26,0.1545,23,1,0,1730,3,0.6,12416,96
0.463431392145207,56754000,1.853725568580828,4,0,dub_irish_dutch,-0.01744265668094158,27,0.1537,12,1,0,1730,2,0.5,12544,97
1.0074466136152984,56754000,2.014893227230597,2,0,dub_irish_dutch,0.004503912292420864,26,0.153,15,1,0,1730,1,0.5,12672,98
0.9393869425752601,56754000,1.8787738851505202,2,0,dub_irish_dutch,0.3214633067448934,26,0.1522,17,1,0,1730,1,0.5,12800,99
0.006005612508915673,46746000,0.0900841876337351,15,0,dub_irish_dutch,-0.020256709307432175,9,0.25,28,2,0,1731,1,0.06666666666666667,128,0
-0.02085551333667527,2322000,-0.2711216733767785,13,0,dub_irish_dutch,-0.01992299531896909,8,0.2487,30,2,0,1731,1,0.07692307692307693,256,1
0.004331103066535021,46746000,0.051973236798420246,12,0,dub_irish_dutch,-0.024978339051206905,14,0.2475,35,2,0,1731,2,0.16666666666666666,384,2
-0.01621251348213335,0,-0.22697518874986689,14,0,dub_irish_dutch,-0.021430259570479393,9,0.2463,32,2,0,1731,0,0.0,512,3
-0.012647519829581311,46746000,-0.17706527761413834,14,0,dub_irish_dutch,-0.02545390898982684,8,0.245,39,2,0,1731,1,0.07142857142857142,640,4
-0.009040080814267954,46746000,-0.14464129302828727,16,0,dub_irish_dutch,-0.021293675526976585,9,0.2438,30,2,0,1731,1,0.0625,768,5
-0.02865940100130243,46746000,-0.3439128120156292,12,0,dub_irish_dutch,-0.017471548169851303,6,0.2426,36,2,0,1731,1,0.08333333333333333,896,6
-0.017255877034358054,0,-0.24158227848101277,14,0,dub_irish_dutch,-0.032169864202539124,6,0.2414,33,2,0,1731,0,0.0,1024,7
-0.011465042784741312,0,-0.14904555620163706,13,0,dub_irish_dutch,-0.03187266861399015,5,0.2402,31,2,0,1731,0,0.0,1152,8
-0.005384615384615385,0,-0.07,13,0,dub_irish_dutch,-0.02223942056298256,2,0.239,33,2,0,1731,0,0.0,1280,9
0.005609195682844784,46746000,0.08413793524267177,15,0,dub_irish_dutch,-0.02988022193312645,6,0.2378,35,2,0,1731,2,0.13333333333333333,1408,10
-0.00274602371488951,46746000,-0.041190355723342655,15,0,dub_irish_dutch,-0.02303675313790639,13,0.2366,31,2,0,1731,3,0.2,1536,11
-0.02319863680623175,0,-0.30158227848101277,13,0,dub_irish_dutch,-0.01412468341489633,5,0.2354,31,2,0,1731,0,0.0,1664,12
-0.005725815140442745,46746000,-0.07443559682575568,13,0,dub_irish_dutch,-0.029850571726759274,8,0.2342,32,2,0,1731,1,0.07692307692307693,1792,13
0.001139656334231807,0,0.01823450134770891,16,0,dub_irish_dutch,-0.025243621940414112,5,0.2331,30,2,0,1731,0,0.0,1920,14
0.014284871779976421,46746000,0.1999882049196699,14,0,dub_irish_dutch,-0.029021934295694034,13,0.2319,31,2,0,1731,4,0.2857142857142857,2048,15
-0.017251125511567985,0,-0.22426463165038382,13,0,dub_irish_dutch,-0.016324120263258617,11,0.2307,32,2,0,1731,0,0.0,2176,16
0.018542267781604043,46746000,0.2595917489424566,14,0,dub_irish_dutch,-0.027853883802890778,13,0.2296,31,2,0,1731,3,0.21428571428571427,2304,17
0.008005633503401355,46746000,0.12008450255102034,15,0,dub_irish_dutch,-0.026123160496354103,4,0.2284,27,2,0,1731,2,0.13333333333333333,2432,18
0.004398587503921097,46746000,0.06158022505489536,14,0,dub_irish_dutch,-0.017245691890517872,7,0.2273,36,2,0,1731,1,0.07142857142857142,2560,19
-0.011239600782885634,6210000,-0.14611481017751324,13,0,dub_irish_dutch,-0.019512655834356945,6,0.2262,26,2,0,1731,1,0.07692307692307693,2688,20
0.028095440309230797,46746000,0.36524072402000035,13,0,dub_irish_dutch,-0.017710968852043152,11,0.225,31,2,0,1731,3,0.23076923076923078,2816,21
-0.0016825197338305028,46746000,-0.02523779600745754,15,0,dub_irish_dutch,-0.023582504441340763,8,0.2239,37,2,0,1731,2,0.13333333333333333,2944,22
0.009491633703224004,0,0.10440797073546404,11,0,dub_irish_dutch,-0.017560092732310295,6,0.2228,22,2,0,1731,0,0.0,3072,23
0.01977744301367997,46746000,0.23732931616415964,12,0,dub_irish_dutch,-0.024130214005708694,9,0.2217,27,2,0,1731,1,0.08333333333333333,3200,24
0.016222575197383238,56754000,0.24333862796074857,15,0,dub_irish_dutch,-0.013730900983015696,13,0.2206,30,2,0,1731,2,0.13333333333333333,3328,25
0.029008844559445083,46746000,0.31909729015389593,11,0,dub_irish_dutch,-0.018675173943241436,13,0.2195,19,2,0,1731,2,0.18181818181818182,3456,26
-0.01425367592108304,0,-0.1425367592108304,10,0,dub_irish_dutch,-0.028569361194968224,11,0.2184,32,2,0,1731,0,0.0,3584,27
0.019128433878232223,46746000,0.21041277266055447,11,0,dub_irish_dutch,-0.019999389847119648,13,0.2173,28,2,0,1731,2,0.18181818181818182,3712,28
0.016321574581588064,33534000,0.21218046956064485,13,0,dub_irish_dutch,-0.014630381017923355,8,0.2162,29,2,0,1731,1,0.07692307692307693,3840,29
-0.0036888596984906057,46746000,-0.05164403577886848,14,0,dub_irish_dutch,-0.0008768811821937561,11,0.2151,23,2,0,1731,1,0.07142857142857142,3968,30
0.03287802470055821,46746000,0.39453629640669846,12,0,dub_irish_dutch,-0.02390351581076781,16,0.214,36,2,0,1731,3,0.25,4096,31
0.04017820150813689,46746000,0.361603813573232,9,0,dub_irish_dutch,-0.011873462237417698,10,0.213,30,2,0,1731,3,0.3333333333333333,4224,32
0.04960345438371049,46746000,0.5952414526045259,12,0,dub_irish_dutch,-0.015597866848111153,14,0.2119,38,2,0,1731,3,0.25,4352,33
0.019457624751120686,46746000,0.2529491217645689,13,0,dub_irish_dutch,-0.020270520200332005,15,0.2108,25,2,0,1731,3,0.23076923076923078,4480,34
0.024476720573502628,23373000,0.2692439263085289,11,0,dub_irish_dutch,-0.03318618113795916,14,0.2098,35,2,0,1731,2,0.18181818181818182,4608,35
0.020749925791884415,46746000,0.2697490352944974,13,0,dub_irish_dutch,-0.012991674244403839,15,0.2087,35,2,0,1731,3,0.23076923076923078,4736,36
0.07859694963902035,56754000,0.9431633956682441,12,0,dub_irish_dutch,-0.021417004987597466,22,0.2077,19,2,0,1731,4,0.3333333333333333,4864,37
0.0033571773281682233,0,0.03692895060985046,11,0,dub_irish_dutch,-0.019322268043955166,9,0.2066,21,2,0,1731,0,0.0,4992,38
0.03292847133323532,46746000,0.3292847133323532,10,0,dub_irish_dutch,-0.01519226903716723,12,0.2056,29,2,0,1731,2,0.2,5120,39
0.053984029772605135,56754000,0.5398402977260514,10,0,dub_irish_dutch,-0.038040789465109505,21,0.2046,33,2,0,1731,5,0.5,5248,40
0.042193715842601044,46746000,0.42193715842601043,10,0,dub_irish_dutch,-0.01821833848953247,18,0.2036,23,2,0,1731,2,0.2,5376,41
0.07420989454825046,56754000,0.9647286291272559,13,0,dub_irish_dutch,-0.01700896831850211,17,0.2025,32,2,0,1731,5,0.38461538461538464,5504,42
0.06245842495644788,46746000,0.6245842495644788,10,0,dub_irish_dutch,-0.018316653246680897,22,0.2015,29,2,0,1731,4,0.4,5632,43
0.11339629910881832,46746000,1.1339629910881832,10,0,dub_irish_dutch,-0.024693110957741737,22,0.2005,21,2,0,1731,6,0.6,5760,44
0.0874273060974993,46746000,0.8742730609749929,10,0,dub_irish_dutch,0.01023009791970253,24,0.1995,27,2,0,1731,6,0.6,5888,45
0.0657934711325568,46746000,0.5921412401930113,9,0,dub_irish_dutch,-0.02757217672963937,19,0.1985,26,2,0,1731,3,0.3333333333333333,6016,46
0.1384141940438267,46746000,1.522556134482094,11,0,dub_irish_dutch,-0.020704540113608044,32,0.1975,26,2,0,1731,9,0.8181818181818182,6144,47
0.06605258102115204,46746000,0.7265783912326724,11,0,dub_irish_dutch,-0.023291219025850296,21,0.1965,23,2,0,1731,3,0.2727272727272727,6272,48
0.1125096785900252,46746000,1.2376064644902771,11,0,dub_irish_dutch,-0.018590234220027924,27,0.1956,20,2,0,1731,8,0.7272727272727273,6400,49
0.08569282027776805,46746000,0.9426210230554486,11,0,dub_irish_dutch,-0.030614058176676433,21,0.1946,26,2,0,1731,5,0.45454545454545453,6528,50
0.11891002607579093,46746000,1.1891002607579093,10,0,dub_irish_dutch,-0.0194064366320769,27,0.1936,19,2,0,1731,6,0.6,6656,51
0.1058113366017357,56754000,1.058113366017357,10,0,dub_irish_dutch,-0.010415526106953621,27,0.1926,21,2,0,1731,6,0.6,6784,52
0.12848908780296708,46746000,1.1564017902267036,9,0,dub_irish_dutch,-0.02859688860674699,25,0.1917,25,2,0,1731,7,0.7777777777777778,6912,53
0.21806879132527016,56754000,1.308412747951621,6,0,dub_irish_dutch,-0.023334403832753498,24,0.1907,17,2,0,1731,3,0.5,7040,54
0.08692535281179166,46746000,1.0431042337415,12,0,dub_irish_dutch,-0.008891066225866476,23,0.1898,22,2,0,1731,6,0.5,7168,55
0.19369421773721274,46746000,1.1621653064232764,6,0,dub_irish_dutch,-0.021950066089630127,27,0.1888,30,2,0,1731,5,0.8333333333333334,7296,56
0.0959483618706202,46746000,1.3432770661886828,14,0,dub_irish_dutch,-0.009517803167303404,28,0.1879,24,2,0,1731,8,0.5714285714285714,7424,57
0.2328750732130254,56754000,1.3972504392781524,6,0,dub_irish_dutch,0.08666618665059407,25,0.1869,21,2,0,1731,4,0.6666666666666666,7552,58
0.22792363897231258,46746000,1.3675418338338754,6,0,dub_irish_dutch,-0.022157786414027214,28,0.186,20,2,0,1731,4,0.6666666666666666,7680,59
0.13991442786615685,56754000,1.1193154229292548,8,0,dub_irish_dutch,-0.01478890577952067,28,0.1851,27,2,0,1731,4,0.5,7808,60
0.1768250776135925,46746000,1.5914256985223325,9,0,dub_irish_dutch,-0.013095973990857601,27,0.1841,23,2,0,1731,6,0.6666666666666666,7936,61
0.13610349842803565,46746000,0.9527244889962495,7,0,dub_irish_dutch,-0.021601167197028797,22,0.1832,20,2,0,1731,2,0.2857142857142857,8064,62
0.16815909630063033,56754000,1.513431866705673,9,0,dub_irish_dutch,0.0040991539135575294,30,0.1823,26,2,0,1731,6,0.6666666666666666,8192,63
0.1645516895621751,46746000,1.316413516497401,8,0,dub_irish_dutch,-0.0011151040283342202,26,0.1814,25,2,0,1731,5,0.625,8320,64
0.1738956101875709,56754000,1.3911648815005673,8,0,dub_irish_dutch,-0.014245275097588697,25,0.1805,19,2,0,1731,4,0.5,8448,65
0.24070760131882935,46746000,1.2035380065941468,5,0,dub_irish_dutch,-0.027012658615907032,25,0.1796,25,2,0,1731,2,0.4,8576,66
0.26330863961673157,46746000,1.316543198083658,5,0,dub_irish_dutch,-0.0136567959561944,23,0.1787,19,2,0,1731,1,0.2,8704,67
0.3067662866597568,46746000,1.533831433298784,5,0,dub_irish_dutch,-0.016440029876927536,25,0.1778,24,2,0,1731,2,0.4,8832,68
0.8260670628068442,0,1.6521341256136883,2,0,dub_irish_dutch,-0.005095677760740121,26,0.1769,13,2,0,1731,0,0.0,8960,69
0.266751298807015,46746000,1.3337564940350748,5,0,dub_irish_dutch,0.002465543026725451,22,0.176,25,2,0,1731,1,0.2,9088,70
0.45703167115902965,0,1.371095013477089,3,0,dub_irish_dutch,0.006410643458366394,25,0.1751,18,2,0,1731,0,0.0,9216,71
0.469192918841693,8078400,1.407578756525079,3,0,dub_irish_dutch,0.03224907939632734,24,0.1743,16,2,0,1731,1,0.3333333333333333,9344,72
0.29129414851981267,56754000,1.747764891118876,6,0,dub_irish_dutch,0.016090084488193195,27,0.1734,25,2,0,1731,2,0.3333333333333333,9472,73
0.2387241571716757,46746000,1.432344943030054,6,0,dub_irish_dutch,0.025124850993355114,24,0.1725,26,2,0,1731,2,0.3333333333333333,9600,74
0.163301154777949,0,0.9798069286676939,6,0,dub_irish_dutch,-0.022146888077259064,24,0.1717,19,2,0,1731,0,0.0,9728,75
0.2984585850259915,46746000,1.4922929251299575,5,0,dub_irish_dutch,0.00042847295602162677,27,0.1708,23,2,0,1731,1,0.2,9856,76
0.3886912987213958,56754000,1.5547651948855832,4,0,dub_irish_dutch,0.024644571046034496,25,0.1699,26,2,0,1731,1,0.25,9984,77
0.25177936627921926,56754000,1.2588968313960964,5,0,dub_irish_dutch,-0.029147407039999962,19,0.1691,27,2,0,1731,2,0.4,10112,78
0.3423215772241918,46746000,1.3692863088967673,4,0,dub_irish_dutch,-0.014269538534184298,22,0.1683,25,2,0,1731,1,0.25,10240,79
0.3300786054795949,56754000,1.6503930273979746,5,0,dub_irish_dutch,0.005023276433348656,27,0.1674,22,2,0,1731,3,0.6,10368,80
0.4477321251733526,56754000,1.7909285006934104,4,0,dub_irish_dutch,-0.031952159479260445,30,0.1666,23,2,0,1731,3,0.75,10496,81
0.20212697722957218,0,1.010634886147861,5,0,dub_irish_dutch,-0.0014803859715660412,24,0.1657,23,2,0,1731,0,0.0,10624,82
0.40286101451193707,0,1.2085830435358111,3,0,dub_irish_dutch,0.007908896853526434,23,0.1649,24,2,0,1731,0,0.0,10752,83
0.45807420473451566,56754000,1.374222614203547,3,0,dub_irish_dutch,-0.009882715220252672,25,0.1641,17,2,0,1731,1,0.3333333333333333,10880,84
0.5501871329414678,46746000,1.1003742658829356,2,0,dub_irish_dutch,-0.02176022157073021,23,0.1633,19,2,0,1731,1,0.5,11008,85
1.560237353195995,0,1.560237353195995,1,0,dub_irish_dutch,0.11641351381937663,25,0.1625,23,2,0,1731,0,0.0,11136,86
1.7269495666164187,38921400,1.7269495666164187,1,0,dub_irish_dutch,0.0010366346687078476,26,0.1616,16,2,0,1731,1,1.0,11264,87
0.3293076895602564,0,1.3172307582410256,4,0,dub_irish_dutch,0.02585887039701144,24,0.1608,21,2,0,1731,0,0.0,11392,88
0.3152252114067915,46746000,1.260900845627166,4,0,dub_irish_dutch,-0.012641388922929764,25,0.16,26,2,0,1731,1,0.25,11520,89
0.15678644982145182,56754000,0.940718698928711,6,0,dub_irish_dutch,0.0605703666806221,21,0.1592,29,2,0,1731,1,0.16666666666666666,11648,90
0.7789499624918994,8078400,1.5578999249837988,2,0,dub_irish_dutch,-0.019845370824138325,25,0.1584,14,2,0,1731,1,0.5,11776,91
0.25455755268378466,7403400,1.2727877634189233,5,0,dub_irish_dutch,0.005804290374120076,22,0.1576,23,2,0,1731,1,0.2,11904,92
0.7717198146334487,46746000,1.5434396292668975,2,0,dub_irish_dutch,0.026665689423680305,27,0.1569,24,2,0,1731,1,0.5,12032,93
1.6751886792452826,0,1.6751886792452826,1,0,dub_irish_dutch,0.009936896773676077,24,0.1561,14,2,0,1731,0,0.0,12160,94
0.4540835579514826,0,1.3622506738544478,3,0,dub_irish_dutch,0.008100318101545175,23,0.1553,23,2,0,1731,0,0.0,12288,95
0.5937812354831358,56754000,1.7813437064494073,3,0,dub_irish_dutch,0.005080707526455323,28,0.1545,18,2,0,1731,2,0.6666666666666666,12416,96
0.46360133560703926,46746000,1.3908040068211178,3,0,dub_irish_dutch,0.007063848276933034,23,0.1537,24,2,0,1731,1,0.3333333333333333,12544,97
0.23203394861646592,0,1.1601697430823297,5,0,dub_irish_dutch,-0.0040697149621943636,23,0.153,23,2,0,1731,0,0.0,12672,98
0.2947570303475163,46746000,1.4737851517375815,5,0,dub_irish_dutch,-0.016018766288956005,24,0.1522,18,2,0,1731,1,0.2,12800,99
-0.01306399058309735,0,-0.16983187758026555,13,0,dub_irish_dutch,-0.023809785023331642,9,0.25,36,3,0,1732,0,0.0,128,0
-0.021445637432188077,0,-0.30023892405063307,14,0,dub_irish_dutch,-0.024175679311156273,9,0.2487,29,3,0,1732,0,0.0,256,1
-0.017462052825142103,0,-0.2619307923771315,15,0,dub_irish_dutch,-0.0345581571261088,5,0.2475,30,3,0,1732,0,0.0,384,2
-0.025967795940456808,46746000,-0.38951693910685214,15,0,dub_irish_dutch,-0.02424219436943531,5,0.2463,34,3,0,1732,1,0.06666666666666667,512,3
-0.0011753393196063736,0,-0.015279411154882856,13,0,dub_irish_dutch,-0.019620148465037346,7,0.245,33,3,0,1732,0,0.0,640,4
-0.009087197306331571,0,-0.127220762288642,14,0,dub_irish_dutch,-0.013671829054752985,5,0.2438,27,3,0,1732,0,0.0,768,5
0.019694333244404474,56754000,0.23633199893285367,12,0,dub_irish_dutch,-0.028315643469492596,13,0.2426,32,3,0,1732,1,0.08333333333333333,896,6
-0.008122359295280619,46746000,-0.1299577487244899,16,0,dub_irish_dutch,-0.02048431895673275,6,0.2414,32,3,0,1732,1,0.0625,1024,7
-0.0036615502913677628,46746000,-0.047600153787780916,13,0,dub_irish_dutch,-0.017537413785854977,13,0.2402,27,3,0,1732,1,0.07692307692307693,1152,8
0.014869263774384097,46746000,0.22303895661576145,15,0,dub_irish_dutch,-0.024801303322116535,10,0.239,33,3,0,1732,3,0.2,1280,9
-0.02456839316394629,0,-0.3193891111313018,13,0,dub_irish_dutch,-0.02591213894387086,6,0.2378,24,3,0,1732,0,0.0,1408,10
0.015818344983683237,56754000,0.23727517475524856,15,0,dub_irish_dutch,-0.02346210367977619,8,0.2366,32,3,0,1732,2,0.13333333333333333,1536,11
-0.011387503862132171,46746000,-0.13665004634558606,12,0,dub_irish_dutch,-0.024609163403511047,5,0.2354,25,3,0,1732,1,0.08333333333333333,1664,12
-0.017059819897084053,0,-0.1876580188679246,11,0,dub_irish_dutch,-0.023993947232762974,7,0.2342,22,3,0,1732,0,0.0,1792,13
0.06378963548309947,46746000,1.0206341677295916,16,0,dub_irish_dutch,-0.028820209205150604,22,0.2331,29,3,0,1732,8,0.5,1920,14
-0.0011533013917592336,46746000,-0.017299520876388502,15,0,dub_irish_dutch,-0.029884335895379383,7,0.2319,22,3,0,1732,1,0.06666666666666667,2048,15
-0.014173188585409406,0,-0.12755869726868466,9,0,dub_irish_dutch,-0.02486706090470155,12,0.2307,21,3,0,1732,0,0.0,2176,16
0.00430194920823631,46746000,0.04732144129059942,11,0,dub_irish_dutch,-0.01584610001494487,9,0.2296,36,3,0,1732,1,0.09090909090909091,2304,17
0.039880700464946774,56754000,0.4785684055793613,12,0,dub_irish_dutch,-0.025493062411745388,16,0.2284,39,3,0,1732,4,0.3333333333333333,2432,18
-0.004414714366734909,0,-0.048561858034084,11,0,dub_irish_dutch,-0.025050449495514233,8,0.2273,25,3,0,1732,0,0.0,2560,19
-0.0036998836457401547,0,-0.04809848739462201,13,0,dub_irish_dutch,-0.027253007516264915,4,0.2262,29,3,0,1732,0,0.0,2688,20
-0.005157102147501531,46746000,-0.05157102147501531,10,0,dub_irish_dutch,-0.025397953887780506,9,0.225,32,3,0,1732,1,0.1,2816,21
0.010080922026304407,46746000,0.1310519863419573,13,0,dub_irish_dutch,-0.025779784967501957,7,0.2239,37,3,0,1732,1,0.07692307692307693,2944,22
0.01599833513259648,2678400,0.14398501619336834,9,0,dub_irish_dutch,-0.0358125406006972,14,0.2228,27,3,0,1732,1,0.1111111111111111,3072,23
0.006488409328277873,46746000,0.07786091193933448,12,0,dub_irish_dutch,-0.018175603200991947,12,0.2217,41,3,0,1732,1,0.08333333333333333,3200,24
0.041135090699506875,56754000,0.5758912697930962,14,0,dub_irish_dutch,-0.022959323599934578,14,0.2206,22,3,0,1732,4,0.2857142857142857,3328,25
0.015234539680825008,46746000,0.15234539680825007,10,0,dub_irish_dutch,-0.004998805311818917,15,0.2195,23,3,0,1732,2,0.2,3456,26
0.025370639021766943,46746000,0.32981830728297024,13,0,dub_irish_dutch,-0.02826567677160104,13,0.2184,31,3,0,1732,2,0.15384615384615385,3584,27
0.03133006475521902,46746000,0.3446307123074092,11,0,dub_irish_dutch,-0.02720443221429984,10,0.2173,27,3,0,1732,2,0.18181818181818182,3712,28
0.02364038719556218,46746000,0.2364038719556218,10,0,dub_irish_dutch,-0.040659911930561066,12,0.2162,22,3,0,1732,1,0.1,3840,29
-0.012766944066203677,0,-0.14043638472824044,11,0,dub_irish_dutch,-0.02259804556767146,8,0.2151,28,3,0,1732,0,0.0,3968,30
0.0517898337844777,46746000,0.5696881716292547,11,0,dub_irish_dutch,-0.02509181636075179,16,0.214,21,3,0,1732,3,0.2727272727272727,4096,31
0.025250629177699557,46746000,0.30300755013239467,12,0,dub_irish_dutch,-0.012710357395311197,12,0.213,28,3,0,1732,2,0.16666666666666666,4224,32
0.06124782345523625,56754000,0.734973881462835,12,0,dub_irish_dutch,-0.009916098788380623,19,0.2119,26,3,0,1732,4,0.3333333333333333,4352,33
0.02816011902597403,46746000,0.3097613092857143,11,0,dub_irish_dutch,-0.012376686868568262,15,0.2108,27,3,0,1732,4,0.36363636363636365,4480,34
0.09508354796343829,46746000,1.0459190275978212,11,0,dub_irish_dutch,0.020338712260127068,22,0.2098,24,3,0,1732,7,0.6363636363636364,4608,35
0.047256934577628515,46746000,0.4725693457762851,10,0,dub_irish_dutch,-0.0259122084826231,14,0.2087,22,3,0,1732,4,0.4,4736,36
0.05767845246597589,56754000,0.4614276197278071,8,0,dub_irish_dutch,0.02967880355815093,16,0.2077,29,3,0,1732,3,0.375,4864,37
0.06199643702697673,46746000,0.4959714962158138,8,0,dub_irish_dutch,0.02302871768673261,20,0.2066,21,3,0,1732,3,0.375,4992,38
0.0564260627758762,46746000,0.6206866905346382,11,0,dub_irish_dutch,-0.02216509295006593,17,0.2056,27,3,0,1732,5,0.45454545454545453,5120,39
0.034570343017502635,56754000,0.4839848022450369,14,0,dub_irish_dutch,-0.04017153133948644,16,0.2046,38,3,0,1732,5,0.35714285714285715,5248,40
0.08042073967653866,46746000,0.7237866570888479,9,0,dub_irish_dutch,-0.0013826573267579079,20,0.2036,27,3,0,1732,4,0.4444444444444444,5376,41
0.0635653298168137,46746000,0.6992186279849507,11,0,dub_irish_dutch,-0.025685366864005726,21,0.2025,27,3,0,1732,5,0.45454545454545453,5504,42
0.13779142665873406,46746000,1.3779142665873405,10,0,dub_irish_dutch,-0.025230643649895985,23,0.2015,29,3,0,1732,7,0.7,5632,43
0.08517944475429338,56754000,0.7666150027886405,9,0,dub_irish_dutch,-0.016166822674373787,15,0.2005,22,3,0,1732,2,0.2222222222222222,5760,44
0.11328625488753434,46746000,1.019576293987809,9,0,dub_irish_dutch,-0.008661185391247272,24,0.1995,21,3,0,1732,6,0.6666666666666666,5888,45
0.07841882400535244,56754000,0.8626070640588769,11,0,dub_irish_dutch,-0.003461510253449281,19,0.1985,26,3,0,1732,5,0.45454545454545453,6016,46
0.0979779577628402,46746000,1.2737134509169226,13,0,dub_irish_dutch,0.0005766128500302633,23,0.1975,32,3,0,1732,8,0.6153846153846154,6144,47
0.06861265587958137,46746000,0.6861265587958137,10,0,dub_irish_dutch,-0.015616324109335741,21,0.1965,18,3,0,1732,3,0.3,6272,48
0.08250950740911563,46746000,0.7425855666820407,9,0,dub_irish_dutch,0.009517244684199492,24,0.1956,27,3,0,1732,4,0.4444444444444444,6400,49
0.10573729290475745,46746000,1.0573729290475744,10,0,dub_irish_dutch,-0.024523121615250904,26,0.1946,19,3,0,1732,5,0.5,6528,50
0.09099624165704018,46746000,0.8189661749133617,9,0,dub_irish_dutch,-0.024250234787662823,20,0.1936,22,3,0,1732,4,0.4444444444444444,6656,51
0.05937432263589399,46746000,0.5343689037230459,9,0,dub_irish_dutch,-0.0069995343995591,17,0.1926,23,3,0,1732,3,0.3333333333333333,6784,52
0.09760435582359016,46746000,1.0736479140594917,11,0,dub_irish_dutch,-0.016444955642024677,21,0.1917,38,3,0,1732,5,0.45454545454545453,6912,53
0.11212385465725123,56754000,1.6818578198587686,15,0,dub_irish_dutch,-0.01004672950754563,25,0.1907,19,3,0,1732,9,0.6,7040,54
0.0786383370844279,56754000,0.9436600450131347,12,0,dub_irish_dutch,0.014214259261886278,22,0.1898,27,3,0,1732,6,0.5,7168,55
0.14103224368917805,46746000,1.5513546805809586,11,0,dub_irish_dutch,-0.031038861100872357,29,0.1888,23,3,0,1732,8,0.7272727272727273,7296,56
0.1590523457827732,56754000,1.5905234578277319,10,0,dub_irish_dutch,0.052423360447088875,32,0.1879,20,3,0,1732,9,0.9,7424,57
0.12011222274284274,46746000,0.9608977819427419,8,0,dub_irish_dutch,-0.000388616385559241,21,0.1869,24,3,0,1732,3,0.375,7552,58
0.11951951571629284,46746000,0.8366366100140499,7,0,dub_irish_dutch,-0.0306077574690183,19,0.186,25,3,0,1732,3,0.42857142857142855,7680,59
0.07389239236378516,46746000,0.7389239236378515,10,0,dub_irish_dutch,0.00830617764343818,18,0.1851,28,3,0,1732,3,0.3,7808,60
0.10078625324360997,46746000,1.0078625324360997,10,0,dub_irish_dutch,-0.021660223603248596,22,0.1841,20,3,0,1732,5,0.5,7936,61
0.1217849931610769,56754000,1.096064938449692,9,0,dub_irish_dutch,0.024909605582555134,22,0.1832,22,3,0,1732,5,0.5555555555555556,8064,62
0.10001774482320497,46746000,0.9001597034088447,9,0,dub_irish_dutch,-0.002035566916068395,23,0.1823,21,3,0,1732,4,0.4444444444444444,8192,63
0.18654398092451144,46746000,1.30580786647158,7,0,dub_irish_dutch,-0.020900242651502293,26,0.1814,31,3,0,1732,4,0.5714285714285714,8320,64
0.2006886315425766,46746000,1.4048204207980362,7,0,dub_irish_dutch,-0.003728206269443035,27,0.1805,20,3,0,1732,5,0.7142857142857143,8448,65
0.11561124707573293,46746000,0.9248899766058635,8,0,dub_irish_dutch,-0.017298559968670208,21,0.1796,26,3,0,1732,2,0.25,8576,66
0.16676124612369445,56754000,1.50085121511325,9,0,dub_irish_dutch,-0.006106803814570109,25,0.1787,25,3,0,1732,5,0.5555555555555556,8704,67
0.1227709262407445,46746000,1.3504801886481894,11,0,dub_irish_dutch,-0.026567918558915455,26,0.1778,26,3,0,1732,7,0.6363636363636364,8832,68
0.17282163549803348,46746000,1.2097514484862344,7,0,dub_irish_dutch,-0.013344844182332357,24,0.1769,19,3,0,1732,3,0.42857142857142855,8960,69
0.2067109735993454,46746000,1.033554867996727,5,0,dub_irish_dutch,-0.023611418281992275,22,0.176,24,3,0,1732,2,0.4,9088,70
0.18943738125976362,46746000,1.3260616688183453,7,0,dub_irish_dutch,-0.0230671688914299,24,0.1751,23,3,0,1732,2,0.2857142857142857,9216,71
0.23355896301622067,46746000,1.401353778097324,6,0,dub_irish_dutch,-0.01592460150520007,25,0.1743,23,3,0,1732,3,0.5,9344,72
0.2181324927629407,46746000,1.5269274493405849,7,0,dub_irish_dutch,0.02076041450103124,28,0.1734,24,3,0,1732,3,0.42857142857142855,9472,73
0.19184897462137682,46746000,1.3429428223496378,7,0,dub_irish_dutch,-0.005215406883507967,27,0.1725,27,3,0,1732,1,0.14285714285714285,9600,74
0.14875094788768053,56754000,1.1900075831014443,8,0,dub_irish_dutch,-0.023156475896636646,21,0.1717,28,3,0,1732,1,0.125,9728,75
0.4288978061374902,46746000,1.7155912245499607,4,0,dub_irish_dutch,-0.007753659815837939,26,0.1708,15,3,0,1732,3,0.75,9856,76
0.30108414092202207,7403400,1.2043365636880883,4,0,dub_irish_dutch,-0.027714173619945843,25,0.1699,17,3,0,1732,1,0.25,9984,77
0.3534128319540734,46746000,1.4136513278162937,4,0,dub_irish_dutch,0.04762685174743334,26,0.1691,26,3,0,1732,2,0.5,10112,78
0.541613905201291,46746000,1.624841715603873,3,0,dub_irish_dutch,-0.004360671155154705,25,0.1683,21,3,0,1732,1,0.3333333333333333,10240,79
0.2773342825836352,0,1.1093371303345407,4,0,dub_irish_dutch,-0.0275157888730367,20,0.1674,19,3,0,1732,0,0.0,10368,80
0.40269820419211405,0,1.208094612576342,3,0,dub_irish_dutch,-0.01011278914908568,24,0.1666,19,3,0,1732,0,0.0,10496,81
0.45451404230582765,46746000,1.363542126917483,3,0,dub_irish_dutch,-0.0040695518255233765,25,0.1657,27,3,0,1732,1,0.3333333333333333,10624,82
0.35176089974610125,46746000,1.407043598984405,4,0,dub_irish_dutch,-0.013290741791327795,22,0.1649,16,3,0,1732,1,0.25,10752,83
0.7220948130267152,0,1.4441896260534304,2,0,dub_irish_dutch,0.015199072659015656,23,0.1641,20,3,0,1732,0,0.0,10880,84
0.26345548027285,46746000,1.5807328816370998,6,0,dub_irish_dutch,-0.01625995058566332,25,0.1633,14,3,0,1732,3,0.5,11008,85
0.4293257742722776,56754000,1.7173030970891103,4,0,dub_irish_dutch,-0.008273936808109283,28,0.1625,20,3,0,1732,3,0.75,11136,86
0.260717211061683,46746000,1.303586055308415,5,0,dub_irish_dutch,0.0025955946184694767,20,0.1616,25,3,0,1732,1,0.2,11264,87
0.25493865367491336,0,1.2746932683745669,5,0,dub_irish_dutch,-0.020684195061524708,21,0.1608,15,3,0,1732,0,0.0,11392,88
0.41254198957261845,56754000,1.6501679582904738,4,0,dub_irish_dutch,-0.015755475188295048,24,0.16,17,3,0,1732,2,0.5,11520,89
0.25201919205704737,0,1.2600959602852368,5,0,dub_irish_dutch,0.026888547465205193,20,0.1592,26,3,0,1732,0,0.0,11648,90
0.38433387023652377,46746000,1.537335480946095,4,0,dub_irish_dutch,-0.012934206674496332,23,0.1584,23,3,0,1732,2,0.5,11776,91
0.39162444422049475,46746000,1.566497776881979,4,0,dub_irish_dutch,-0.0018886638184388478,24,0.1576,13,3,0,1732,1,0.25,11904,92
0.29938139259241425,46746000,1.4969069629620713,5,0,dub_irish_dutch,0.005235522519797087,21,0.1569,22,3,0,1732,1,0.2,12032,93
1.7487836927223714,0,1.7487836927223714,1,0,dub_irish_dutch,-0.009117339737713337,24,0.1561,17,3,0,1732,0,0.0,12160,94
1.9064506070706582,46746000,1.9064506070706582,1,0,dub_irish_dutch,0.008419766401251158,26,0.1553,19,3,0,1732,1,1.0,12288,95
1.6705491913746626,0,1.6705491913746626,1,0,dub_irish_dutch,-0.02396187869211038,23,0.1545,18,3,0,1732,0,0.0,12416,96
0.7802501139147591,46746000,1.5605002278295181,2,0,dub_irish_dutch,0.002781675507624944,25,0.1537,21,3,0,1732,1,0.5,12544,97
1.776408355795148,0,1.776408355795148,1,0,dub_irish_dutch,0.018824199214577675,24,0.153,16,3,0,1732,0,0.0,12672,98
0.36732359905846057,56754000,1.8366179952923027,5,0,dub_irish_dutch,0.022182836507757504,25,0.1522,21,3,0,1732,3,0.6,12800,99
-0.0019669308627463756,46746000,-0.029503962941195637,15,0,dub_irish_dutch,-0.02344374917447567,10,0.25,30,4,0,1733,2,0.13333333333333333,128,0
-0.014017621694513814,0,-0.18222908202867957,13,0,dub_irish_dutch,-0.0258576391885678,10,0.2487,27,4,0,1733,0,0.0,256,1
-0.02137171844569916,46746000,-0.27783233979408906,13,0,dub_irish_dutch,-0.030238091945648193,14,0.2475,29,4,0,1733,1,0.07692307692307693,384,2
-0.020352959391261027,0,-0.2849414314776544,14,0,dub_irish_dutch,-0.02276145728925864,13,0.2463,28,4,0,1733,0,0.0,512,3
0.006891706593634289,46746000,0.08270047912361148,12,0,dub_irish_dutch,-0.024810639520486195,9,0.245,31,4,0,1733,1,0.08333333333333333,640,4
0.011604024142432733,46746000,0.16245633799405826,14,0,dub_irish_dutch,-0.02044943595925967,14,0.2438,29,4,0,1733,2,0.14285714285714285,768,5
-0.03283333764585754,0,-0.39400005175029046,12,0,dub_irish_dutch,-0.022244063516457874,11,0.2426,20,4,0,1733,0,0.0,896,6
-9.810973567353817e-05,46746000,-0.001177316828082458,12,0,dub_irish_dutch,-0.019708972424268723,11,0.2414,26,4,0,1733,2,0.16666666666666666,1024,7
-0.0006400331937873109,46746000,-0.008960464713022353,14,0,dub_irish_dutch,-0.024268714090188343,5,0.2402,30,4,0,1733,1,0.07142857142857142,1152,8
0.024196896593155534,56754000,0.362953448897333,15,0,dub_irish_dutch,-0.025492434079448383,13,0.239,29,4,0,1733,3,0.2,1280,9
-0.01508815066153014,0,-0.1961459585998918,13,0,dub_irish_dutch,-0.017021697635451954,8,0.2378,31,4,0,1733,0,0.0,1408,10
-0.018000956632653067,0,-0.2160114795918368,12,0,dub_irish_dutch,-0.026148876175284386,10,0.2366,34,4,0,1733,0,0.0,1536,11
-0.039223901968556546,0,-0.35301511771700894,9,0,dub_irish_dutch,-0.02948346051077048,12,0.2354,31,4,0,1733,0,0.0,1664,12
-0.011471184661510618,23373000,-0.14912540059963802,13,0,dub_irish_dutch,-0.01901839052637418,10,0.2342,25,4,0,1733,1,0.07692307692307693,1792,13
0.01763020833333333,46746000,0.26445312499999996,15,0,dub_irish_dutch,-0.01974342142542203,12,0.2331,31,4,0,1733,3,0.2,1920,14
0.0042975388794636625,46746000,0.05586800543302761,13,0,dub_irish_dutch,-0.027418988446394604,12,0.2319,36,4,0,1733,1,0.07692307692307693,2048,15
-0.029266429490491432,0,-0.38046358337638864,13,0,dub_irish_dutch,-0.03605492785573006,5,0.2307,44,4,0,1733,0,0.0,2176,16
0.008018182919603718,46746000,0.10423637795484833,13,0,dub_irish_dutch,-0.016047426809867222,9,0.2296,32,4,0,1733,1,0.07692307692307693,2304,17
0.025442722898733772,46746000,0.3053126747848053,12,0,dub_irish_dutch,-0.03075341818233331,10,0.2284,23,4,0,1733,3,0.25,2432,18
0.006543371097333239,46746000,0.0850638242653321,13,0,dub_irish_dutch,-0.02533060684800148,12,0.2273,32,4,0,1733,3,0.23076923076923078,2560,19
0.0070249595207689825,46746000,0.09132447376999678,13,0,dub_irish_dutch,-0.01942756213247776,12,0.2262,29,4,0,1733,2,0.15384615384615385,2688,20
0.012921509555450553,56754000,0.1679796242208572,13,0,dub_irish_dutch,-0.04102839156985283,9,0.225,28,4,0,1733,2,0.15384615384615385,2816,21
0.016316943008246713,56754000,0.19580331609896057,12,0,dub_irish_dutch,-0.025431912392377853,12,0.2239,29,4,0,1733,3,0.25,2944,22
0.003335319581586175,46746000,0.04669447414220645,14,0,dub_irish_dutch,-0.02894388884305954,8,0.2228,28,4,0,1733,1,0.07142857142857142,3072,23
-0.006476855269988737,46746000,-0.09067597377984232,14,0,dub_irish_dutch,-0.03594962880015373,12,0.2217,27,4,0,1733,1,0.07142857142857142,3200,24
0.016110736127001098,56754000,0.20943956965101426,13,0,dub_irish_dutch,-0.009255299034217993,15,0.2206,32,4,0,1733,1,0.07692307692307693,3328,25
0.011391930783389305,46746000,0.12531123861728236,11,0,dub_irish_dutch,-0.024905279278755188,11,0.2195,22,4,0,1733,1,0.09090909090909091,3456,26
0.01832143989271708,46746000,0.21985727871260496,12,0,dub_irish_dutch,-0.0225018256654342,11,0.2184,30,4,0,1733,2,0.16666666666666666,3584,27
0.053323629479818134,46746000,0.6932071832376357,13,0,dub_irish_dutch,-0.0016325414180755615,17,0.2173,34,4,0,1733,4,0.3076923076923077,3712,28
0.0370027508748899,46746000,0.37002750874889895,10,0,dub_irish_dutch,-0.01049732385824124,14,0.2162,24,4,0,1733,2,0.2,3840,29
0.06346710257699047,46746000,0.5712039231929142,9,0,dub_irish_dutch,-0.01476647580663363,16,0.2151,22,4,0,1733,3,0.3333333333333333,3968,30
0.06512085259532857,46746000,0.7163293785486142,11,0,dub_irish_dutch,-0.01189617719501257,18,0.214,19,4,0,1733,5,0.45454545454545453,4096,31
0.051191527120138115,56754000,0.46072374408124306,9,0,dub_irish_dutch,-0.02610739196340243,17,0.213,27,4,0,1733,4,0.4444444444444444,4224,32
0.07344066997376784,46746000,0.5875253597901428,8,0,dub_irish_dutch,-0.018453822160760563,17,0.2119,22,4,0,1733,2,0.25,4352,33
0.0848061575392188,46746000,0.8480615753921881,10,0,dub_irish_dutch,-0.027014806245764095,24,0.2108,27,4,0,1733,5,0.5,4480,34
0.0949671524923543,46746000,0.66477006744648,7,0,dub_irish_dutch,-0.0375367005666097,19,0.2098,16,4,0,1733,2,0.2857142857142857,4608,35
0.03742109143578688,46746000,0.3367898229220819,9,0,dub_irish_dutch,-0.03302035418649515,16,0.2087,31,4,0,1733,3,0.3333333333333333,4736,36
0.06315788142718762,46746000,0.5052630514175009,8,0,dub_irish_dutch,-0.018830742686986923,17,0.2077,28,4,0,1733,3,0.375,4864,37
0.0987483879014565,46746000,0.8887354911131085,9,0,dub_irish_dutch,-0.023801878094673157,24,0.2066,25,4,0,1733,6,0.6666666666666666,4992,38
0.19144312965762209,56754000,1.5315450372609767,8,0,dub_irish_dutch,-0.026052224760254223,29,0.2056,22,4,0,1733,5,0.625,5120,39
0.10651672987525988,46746000,1.1716840286278587,11,0,dub_irish_dutch,-0.018833040880660217,29,0.2046,28,4,0,1733,7,0.6363636363636364,5248,40
0.11375224653436153,46746000,0.9100179722748922,8,0,dub_irish_dutch,-0.02218424218396346,21,0.2036,29,4,0,1733,4,0.5,5376,41
0.17360021946218787,46746000,1.0416013167731273,6,0,dub_irish_dutch,-0.005501232420404752,26,0.2025,17,4,0,1733,4,0.6666666666666666,5504,42
0.06832230427104172,46746000,0.6832230427104171,10,0,dub_irish_dutch,-0.03781508902708689,21,0.2015,25,4,0,1733,3,0.3,5632,43
0.13862632589358484,46746000,1.2476369330422636,9,0,dub_irish_dutch,-0.02055107367535432,28,0.2005,25,4,0,1733,4,0.4444444444444444,5760,44
0.15954832799865226,46746000,1.4359349519878704,9,0,dub_irish_dutch,-0.02084195427596569,26,0.1995,23,4,0,1733,5,0.5555555555555556,5888,45
0.17300665417782943,46746000,1.0380399250669765,6,0,dub_irish_dutch,-0.0072663344132403536,21,0.1985,27,4,0,1733,2,0.3333333333333333,6016,46
0.08634367921659648,46746000,0.7770931129493683,9,0,dub_irish_dutch,-0.02794418732325236,20,0.1975,28,4,0,1733,2,0.2222222222222222,6144,47
0.42845848274451287,46746000,1.2853754482335387,3,0,dub_irish_dutch,-0.009308955321709314,27,0.1965,23,4,0,1733,1,0.3333333333333333,6272,48
0.06361669376148478,46746000,0.6361669376148478,10,0,dub_irish_dutch,-0.020443637544910114,19,0.1956,29,4,0,1733,2,0.2,6400,49
0.19737944732034826,56754000,1.3816561312424378,7,0,dub_irish_dutch,-0.014851301908493042,25,0.1946,21,4,0,1733,4,0.5714285714285714,6528,50
0.07126427858036745,46746000,0.49884995006257216,7,0,dub_irish_dutch,-0.021098244935274124,23,0.1936,28,4,0,1733,1,0.14285714285714285,6656,51
0.4132413752647284,46746000,1.6529655010589137,4,0,dub_irish_dutch,0.04419993236660957,28,0.1926,14,4,0,1733,4,1.0,6784,52
0.20039847723799065,56754000,1.2023908634279439,6,0,dub_irish_dutch,0.007093176245689392,24,0.1917,31,4,0,1733,2,0.3333333333333333,6912,53
0.19655550605265695,46746000,0.9827775302632847,5,0,dub_irish_dutch,-0.019633227959275246,18,0.1907,25,4,0,1733,1,0.2,7040,54
0.1659079008966651,56754000,0.9954474053799905,6,0,dub_irish_dutch,-0.006766313221305609,24,0.1898,27,4,0,1733,2,0.3333333333333333,7168,55
0.7166814168563617,2322000,1.4333628337127233,2,0,dub_irish_dutch,-0.019274058130880196,25,0.1888,18,4,0,1733,1,0.5,7296,56
0.3269535594093462,56754000,1.634767797046731,5,0,dub_irish_dutch,-0.02233474204937617,28,0.1879,22,4,0,1733,2,0.4,7424,57
0.21163797337258705,46746000,1.0581898668629353,5,0,dub_irish_dutch,-0.006262096576392651,24,0.1869,22,4,0,1733,2,0.4,7552,58
0.33805398535079484,23373000,1.0141619560523845,3,0,dub_irish_dutch,-0.013284684779743353,25,0.186,24,4,0,1733,1,0.3333333333333333,7680,59
0.24685745522833147,56754000,1.4811447313699888,6,0,dub_irish_dutch,-0.01984916254878044,23,0.1851,31,4,0,1733,1,0.16666666666666666,7808,60
0.42661298831885336,46746000,1.7064519532754134,4,0,dub_irish_dutch,-0.011862664793928465,27,0.1841,25,4,0,1733,2,0.5,7936,61
0.48782345013477085,0,1.4634703504043125,3,0,dub_irish_dutch,0.00031929680456717807,22,0.1832,27,4,0,1733,0,0.0,8064,62
0.29708979680752323,0,1.188359187230093,4,0,dub_irish_dutch,0.0003692250077923139,23,0.1823,18,4,0,1733,0,0.0,8192,63
0.33964225448583685,56754000,1.3585690179433474,4,0,dub_irish_dutch,-0.004464911762624979,22,0.1814,21,4,0,1733,1,0.25,8320,64
0.21221584354193382,0,1.061079217709669,5,0,dub_irish_dutch,-0.016577120559910934,21,0.1805,24,4,0,1733,0,0.0,8448,65
0.4223553709983019,56754000,1.6894214839932076,4,0,dub_irish_dutch,-0.036992101619640984,25,0.1796,25,4,0,1733,2,0.5,8576,66
0.8151953952276664,46746000,1.6303907904553328,2,0,dub_irish_dutch,0.01396275187532107,23,0.1787,18,4,0,1733,1,0.5,8704,67
1.540376788421736,0,1.540376788421736,1,0,dub_irish_dutch,0.02226445823907852,25,0.1778,17,4,0,1733,0,0.0,8832,68
0.47384881694423053,46746000,1.4215464508326916,3,0,dub_irish_dutch,0.012307027044395605,22,0.1769,30,4,0,1733,1,0.3333333333333333,8960,69
0.6917351752021561,0,1.3834703504043122,2,0,dub_irish_dutch,0.01297890425970157,24,0.176,22,4,0,1733,0,0.0,9088,70
0.6147647951369791,46746000,1.8442943854109375,3,0,dub_irish_dutch,0.016973882913589478,27,0.1751,18,4,0,1733,2,0.6666666666666666,9216,71
0.38447209866505766,0,1.153416295995173,3,0,dub_irish_dutch,0.013150376888612906,20,0.1743,29,4,0,1733,0,0.0,9344,72
0.4501740506329113,0,1.350522151898734,3,0,dub_irish_dutch,-0.013085935885707537,24,0.1734,25,4,0,1733,0,0.0,9472,73
0.7593598382749325,0,1.518719676549865,2,0,dub_irish_dutch,-0.006016386051972707,22,0.1725,16,4,0,1733,0,0.0,9600,74
0.5181051118500899,0,1.5543153355502697,3,0,dub_irish_dutch,-0.007376937195658684,26,0.1717,18,4,0,1733,0,0.0,9728,75
0.8572705360151133,40496400,1.7145410720302265,2,0,dub_irish_dutch,-0.01050728838890791,27,0.1708,20,4,0,1733,1,0.5,9856,76
0.8743918463611857,0,1.7487836927223714,2,0,dub_irish_dutch,0.020043663680553436,24,0.1699,17,4,0,1733,0,0.0,9984,77
0.7265806557145263,0,1.4531613114290527,2,0,dub_irish_dutch,0.009521870563427607,24,0.1691,26,4,0,1733,0,0.0,10112,78
1.5103439070564604,0,1.5103439070564604,1,0,dub_irish_dutch,0.006066775880753994,24,0.1683,17,4,0,1733,0,0.0,10240,79
0.8474468211518094,46746000,1.6948936423036187,2,0,dub_irish_dutch,0.06688138594230016,28,0.1674,22,4,0,1733,1,0.5,10368,80
0.3917714625649787,46746000,1.5670858502599148,4,0,dub_irish_dutch,0.007927824432651201,26,0.1666,27,4,0,1733,2,0.5,10496,81
1.5272403215283363,46746000,1.5272403215283363,1,0,dub_irish_dutch,-0.019390636434157688,26,0.1657,22,4,0,1733,1,1.0,10624,82
0.5370002095767551,46746000,1.6110006287302652,3,0,dub_irish_dutch,-0.0037555916545291743,24,0.1649,18,4,0,1733,1,0.3333333333333333,10752,83
0.33529056776749616,0,1.3411622710699846,4,0,dub_irish_dutch,0.0004185447469353676,23,0.1641,28,4,0,1733,0,0.0,10880,84
1.6751886792452824,0,1.6751886792452824,1,0,dub_irish_dutch,-0.01195093554755052,24,0.1633,15,4,0,1733,0,0.0,11008,85
1.6372549771972464,0,1.6372549771972464,0,0,dub_irish_dutch,0.007339600784083207,25,0.1625,23,4,0,1733,0,0.0,11136,86
0.2352258056309481,56754000,1.1761290281547405,5,0,dub_irish_dutch,0.05220739419261614,24,0.1616,26,4,0,1733,1,0.2,11264,87
0.782072569461157,0,1.564145138922314,2,0,dub_irish_dutch,0.0075147633130351705,26,0.1608,21,4,0,1733,0,0.0,11392,88
0.6455529086276293,56754000,1.9366587258828878,3,0,dub_irish_dutch,-0.004196092486381531,27,0.16,19,4,0,1733,1,0.3333333333333333,11520,89
0.7556878616783497,0,1.5113757233566993,2,0,dub_irish_dutch,0.239683265487353,25,0.1592,23,4,0,1733,0,0.0,11648,90
0.4106380108057373,0,1.6425520432229492,4,0,dub_irish_dutch,-0.0036796232064565024,28,0.1584,18,4,0,1733,0,0.0,11776,91
1.6641002764608195,0,1.6641002764608195,1,0,dub_irish_dutch,-0.006582706235349178,24,0.1576,18,4,0,1733,0,0.0,11904,92
0.5151364342010984,0,1.5454093026032953,3,0,dub_irish_dutch,0.0008162412171562513,24,0.1569,23,4,0,1733,0,0.0,12032,93
0.2914030168523778,0,1.1656120674095112,4,0,dub_irish_dutch,0.009281786469121775,22,0.1561,22,4,0,1733,0,0.0,12160,94
0.8767021074497013,46746000,1.7534042148994027,2,0,dub_irish_dutch,-0.00932613822321097,25,0.1553,17,4,0,1733,1,0.5,12288,95
1.7890844920220443,0,1.7890844920220443,1,0,dub_irish_dutch,-0.0013566891041894753,25,0.1545,14,4,0,1733,0,0.0,12416,96
0.31474414409841056,56754000,1.5737207204920527,5,0,dub_irish_dutch,-0.0038986668611566224,22,0.1537,23,4,0,1733,1,0.2,12544,97
0.33837683177522254,0,1.3535073271008902,4,0,dub_irish_dutch,0.009399675764143467,25,0.153,20,4,0,1733,0,0.0,12672,98
0.44717613919294524,56754000,1.788704556771781,4,0,dub_irish_dutch,-0.014375479271014532,27,0.1522,18,4,0,1733,2,0.5,12800,99
-0.031231318147637552,0,-0.37477581777165064,12,0,dub_irish_dutch,-0.022803286090493202,11,0.25,45,5,0,1734,0,0.0,128,0
-0.0020449024857456563,46746000,-0.028628634800439187,14,0,dub_irish_dutch,-0.018023452411095302,6,0.2487,34,5,0,1734,1,0.07142857142857142,256,1
-0.012488678794984406,0,-0.16235282433479728,13,0,dub_irish_dutch,-0.019051068151990574,5,0.2475,33,5,0,1734,0,0.0,384,2
-0.011953356373629922,46746000,-0.16734698923081892,14,0,dub_irish_dutch,-0.018873829394578934,7,0.2463,32,5,0,1734,1,0.07142857142857142,512,3
0.0036666001964956465,0,0.04033260216145211,11,0,dub_irish_dutch,-0.027352743471662205,6,0.245,42,5,0,1734,0,0.0,640,4
0.010731815449788705,46746000,0.16097723174683057,15,0,dub_irish_dutch,-0.028523380557696026,10,0.2438,22,5,0,1734,2,0.13333333333333333,768,5
-0.046174537487828654,0,-0.6002689873417725,13,0,dub_irish_dutch,-0.02312726030747096,5,0.2426,32,5,0,1734,0,0.0,896,6
-0.0002917760140309005,46746000,-0.0035013121683708064,12,0,dub_irish_dutch,-0.017142371584971745,4,0.2414,34,5,0,1734,1,0.08333333333333333,1024,7
-0.007626711767024039,46746000,-0.09152054120428847,12,0,dub_irish_dutch,-0.023874360447128613,13,0.2402,22,5,0,1734,1,0.08333333333333333,1152,8
-0.03018904090512787,0,-0.4226465726717902,14,0,dub_irish_dutch,-0.026615073283513386,11,0.239,25,5,0,1734,0,0.0,1280,9
-0.02414252176707917,0,-0.3621378265061876,15,0,dub_irish_dutch,-0.033029984682798386,6,0.2378,32,5,0,1734,0,0.0,1408,10
0.02057293098401893,46746000,0.288021033776265,14,0,dub_irish_dutch,-0.02673040082057317,11,0.2366,26,5,0,1734,2,0.14285714285714285,1536,11
-0.027772835202721616,46746000,-0.361046857635381,13,0,dub_irish_dutch,-0.030558340872327488,6,0.2354,25,5,0,1734,1,0.07692307692307693,1664,12
0.020020621985435087,56754000,0.3003093297815263,15,0,dub_irish_dutch,-0.02965305248896281,12,0.2342,30,5,0,1734,2,0.13333333333333333,1792,13
-0.002255953390058554,46746000,-0.03383930085087831,15,0,dub_irish_dutch,-0.023489103962977726,10,0.2331,33,5,0,1734,2,0.13333333333333333,1920,14
0.0093708238207501,46746000,0.12182070966975131,13,0,dub_irish_dutch,-0.01300514799853166,11,0.2319,30,5,0,1734,2,0.15384615384615385,2048,15
0.024647929460909792,46746000,0.2711272240700077,11,0,dub_irish_dutch,-0.01964861589173476,10,0.2307,34,5,0,1734,2,0.18181818181818182,2176,16
0.008093112790568473,46746000,0.10521046627739014,13,0,dub_irish_dutch,-0.002003561705350876,10,0.2296,28,5,0,1734,2,0.15384615384615385,2304,17
0.004020858762538034,46746000,0.04422944638791838,11,0,dub_irish_dutch,-0.026797230665882427,10,0.2284,30,5,0,1734,1,0.09090909090909091,2432,18
0.015782527463933712,46746000,0.220955384495072,14,0,dub_irish_dutch,-0.034409936517477036,9,0.2273,32,5,0,1734,3,0.21428571428571427,2560,19
0.016724517739908826,46746000,0.20069421287890593,12,0,dub_irish_dutch,-0.031223720560471218,14,0.2262,27,5,0,1734,2,0.16666666666666666,2688,20
0.01764357919573731,46746000,0.1764357919573731,10,0,dub_irish_dutch,-0.01602733073135217,13,0.225,28,5,0,1734,2,0.2,2816,21
0.017538904770650347,46746000,0.14031123816520277,8,0,dub_irish_dutch,-0.014728921776016554,15,0.2239,26,5,0,1734,1,0.125,2944,22
0.03989898790942532,56754000,0.5186868428225291,13,0,dub_irish_dutch,-0.02841266058385372,15,0.2228,28,5,0,1734,3,0.23076923076923078,3072,23
-0.016779783418156616,0,-0.1845776175997228,11,0,dub_irish_dutch,-0.0374553253253301,8,0.2217,31,5,0,1734,0,0.0,3200,24
-0.0029597499399932475,0,-0.026637749459939228,9,0,dub_irish_dutch,0.030383228013912838,9,0.2206,28,5,0,1734,0,0.0,3328,25
0.03896311361694937,56754000,0.42859424978644306,11,0,dub_irish_dutch,-0.029757448782523472,17,0.2195,28,5,0,1734,3,0.2727272727272727,3456,26
0.01994051544565835,46746000,0.2392861853479002,12,0,dub_irish_dutch,-0.02061009593307972,13,0.2184,25,5,0,1734,3,0.25,3584,27
0.0007659522079243102,46746000,0.007659522079243102,10,0,dub_irish_dutch,-0.00599494328101476,9,0.2173,44,5,0,1734,2,0.2,3712,28
0.050944423849028385,46746000,0.662277510037369,13,0,dub_irish_dutch,-0.024410527820388477,19,0.2162,31,5,0,1734,5,0.38461538461538464,3840,29
0.0026663844961548385,46746000,0.0346629984500129,13,0,dub_irish_dutch,-0.010082529236872992,8,0.2151,32,5,0,1734,1,0.07692307692307693,3968,30
0.07376832919903793,46746000,0.8852199503884551,12,0,dub_irish_dutch,-0.021558937927087147,18,0.214,31,5,0,1734,6,0.5,4096,31
0.009603353787242743,46746000,0.08643018408518469,9,0,dub_irish_dutch,-0.001061179054280122,10,0.213,25,5,0,1734,1,0.1111111111111111,4224,32
0.04418670494891822,46746000,0.4418670494891822,10,0,dub_irish_dutch,-0.013862147306402525,18,0.2119,27,5,0,1734,5,0.5,4352,33
0.07006287317361354,46746000,0.770691604909749,11,0,dub_irish_dutch,-0.021284297729531925,15,0.2108,25,5,0,1734,4,0.36363636363636365,4480,34
0.019011167057160955,46746000,0.2091228376287705,11,0,dub_irish_dutch,0.006857749695579211,15,0.2098,30,5,0,1734,2,0.18181818181818182,4608,35
0.03311244870091909,56754000,0.36423693571010995,11,0,dub_irish_dutch,-0.02457220231493314,17,0.2087,20,5,0,1734,3,0.2727272727272727,4736,36
0.1081014915275692,56754000,0.9729134237481228,9,0,dub_irish_dutch,-0.024975243334968884,20,0.2077,22,5,0,1734,3,0.3333333333333333,4864,37
0.04900006429470257,46746000,0.5880007715364308,12,0,dub_irish_dutch,-0.03665736193458239,16,0.2066,26,5,0,1734,4,0.3333333333333333,4992,38
0.11357020661153612,56754000,0.7949914462807528,7,0,dub_irish_dutch,0.008484751606980959,20,0.2056,25,5,0,1734,5,0.7142857142857143,5120,39
0.029424783538178838,46746000,0.2942478353817884,10,0,dub_irish_dutch,-0.006767948778967063,19,0.2046,26,5,0,1734,3,0.3,5248,40
0.051199681197716264,46746000,0.6143961743725952,12,0,dub_irish_dutch,-0.003664595385392507,19,0.2036,28,5,0,1734,5,0.4166666666666667,5376,41
0.07489173595154905,46746000,0.7489173595154904,10,0,dub_irish_dutch,-0.002621671805779139,21,0.2025,30,5,0,1734,5,0.5,5504,42
0.06575017963589909,46746000,0.789002155630789,12,0,dub_irish_dutch,-0.010026339441537857,21,0.2015,25,5,0,1734,4,0.3333333333333333,5632,43
0.12006927146841442,46746000,1.0806234432157298,9,0,dub_irish_dutch,-0.014087377736965815,27,0.2005,22,5,0,1734,5,0.5555555555555556,5760,44
0.14932031635232992,56754000,1.0452422144663094,7,0,dub_irish_dutch,-0.01015116802106301,24,0.1995,25,5,0,1734,5,0.7142857142857143,5888,45
0.1407834088403258,46746000,1.2670506795629324,9,0,dub_irish_dutch,0.04054073616862297,29,0.1985,26,5,0,1734,7,0.7777777777777778,6016,46
0.21771874699172136,46746000,1.0885937349586068,5,0,dub_irish_dutch,0.09391046563784282,25,0.1975,25,5,0,1734,3,0.6,6144,47
0.13401544902387325,56754000,1.3401544902387323,10,0,dub_irish_dutch,-0.003093578852713108,26,0.1965,16,5,0,1734,6,0.6,6272,48
0.1539576273276453,56754000,1.3856186459488078,9,0,dub_irish_dutch,-0.01879986437658469,28,0.1956,26,5,0,1734,6,0.6666666666666666,6400,49
0.19299013595772344,46746000,0.9649506797886171,5,0,dub_irish_dutch,-0.014858989355464777,20,0.1946,19,5,0,1734,2,0.4,6528,50
0.17608445896063557,56754000,1.232591212724449,7,0,dub_irish_dutch,-0.028499484062194824,28,0.1936,23,5,0,1734,3,0.42857142857142855,6656,51
0.20199898144630746,46746000,1.0099949072315373,5,0,dub_irish_dutch,0.00043695544203122455,21,0.1926,32,5,0,1734,1,0.2,6784,52
0.24230356994064547,46746000,0.9692142797625819,4,0,dub_irish_dutch,-0.022992359474301338,23,0.1917,24,5,0,1734,2,0.5,6912,53
0.2009658017363844,0,1.004829008681922,5,0,dub_irish_dutch,-0.012198757069806257,22,0.1907,21,5,0,1734,0,0.0,7040,54
0.1221782385464537,56754000,0.9774259083716296,8,0,dub_irish_dutch,-0.007067624634752671,20,0.1898,25,5,0,1734,1,0.125,7168,55
0.32406497429370357,56754000,1.2962598971748143,4,0,dub_irish_dutch,0.008391788850227991,21,0.1888,35,5,0,1734,2,0.5,7296,56
0.09487559230180484,0,0.6641291461126339,7,0,dub_irish_dutch,-0.0028224727138876915,17,0.1879,26,5,0,1734,0,0.0,7424,57
0.28857557903437525,46746000,1.154302316137501,4,0,dub_irish_dutch,-0.006367270679523547,22,0.1869,20,5,0,1734,1,0.25,7552,58
0.11887667679518557,0,0.5943833839759278,5,0,dub_irish_dutch,-0.014200151277085146,19,0.186,20,5,0,1734,0,0.0,7680,59
0.12557603198051673,46746000,1.2557603198051672,10,0,dub_irish_dutch,-0.00456485478207469,21,0.1851,31,5,0,1734,5,0.5,7808,60
0.17891539319692676,56754000,1.431323145575414,8,0,dub_irish_dutch,-0.007133013258377711,24,0.1841,30,5,0,1734,4,0.5,7936,61
0.20464014367539476,46746000,1.0232007183769738,5,0,dub_irish_dutch,-0.015250477318962416,24,0.1832,24,5,0,1734,2,0.4,8064,62
0.1738706093586549,56754000,0.8693530467932745,5,0,dub_irish_dutch,0.06038775419195493,20,0.1823,23,5,0,1734,1,0.2,8192,63
0.16135471441729524,46746000,1.1294830009210666,7,0,dub_irish_dutch,-0.010725515273710092,23,0.1814,23,5,0,1734,3,0.42857142857142855,8320,64
0.21472862559036032,56754000,1.288371753542162,6,0,dub_irish_dutch,-0.017019912600517273,30,0.1805,19,5,0,1734,3,0.5,8448,65
0.1877158869781066,46746000,1.3140112088467462,7,0,dub_irish_dutch,-0.014298825214306513,20,0.1796,19,5,0,1734,2,0.2857142857142857,8576,66
0.22492021668944223,56754000,1.5744415168260957,7,0,dub_irish_dutch,0.015561362107594809,26,0.1787,20,5,0,1734,4,0.5714285714285714,8704,67
0.3901333039949086,56754000,1.5605332159796343,4,0,dub_irish_dutch,-0.0040895710699260235,25,0.1778,18,5,0,1734,2,0.5,8832,68
0.30423814021713547,56754000,1.5211907010856773,5,0,dub_irish_dutch,0.012801289868851503,23,0.1769,26,5,0,1734,2,0.4,8960,69
0.2287695821813022,46746000,1.3726174930878132,6,0,dub_irish_dutch,-0.014162547886371613,26,0.176,22,5,0,1734,2,0.3333333333333333,9088,70
0.1511208826306721,46746000,1.0578461784147049,7,0,dub_irish_dutch,0.010026989504694939,21,0.1751,22,5,0,1734,1,0.14285714285714285,9216,71
0.13978537070357064,46746000,1.118282965628565,8,0,dub_irish_dutch,-0.016277871405084927,25,0.1743,21,5,0,1734,2,0.25,9344,72
0.15913478102797077,0,0.9548086861678245,6,0,dub_irish_dutch,6.0463634630044304e-05,18,0.1734,30,5,0,1734,0,0.0,9472,73
0.14591836734693883,6210000,1.0214285714285718,7,0,dub_irish_dutch,-0.018909454966584843,23,0.1725,24,5,0,1734,1,0.14285714285714285,9600,74
0.15191225893691088,46746000,1.215298071495287,8,0,dub_irish_dutch,-0.028844128052393597,23,0.1717,19,5,0,1734,1,0.125,9728,75
0.28315517865066964,46746000,1.1326207146026785,4,0,dub_irish_dutch,-0.024653372665246327,25,0.1708,26,5,0,1734,1,0.25,9856,76
0.29983987875656315,46746000,1.4991993937828159,5,0,dub_irish_dutch,-0.02044077341755231,27,0.1699,18,5,0,1734,2,0.4,9984,77
0.658336918490007,0,1.316673836980014,2,0,dub_irish_dutch,-0.0051085421194632845,25,0.1691,17,5,0,1734,0,0.0,10112,78
0.1502722408196389,0,0.9016334449178335,6,0,dub_irish_dutch,-0.016863862983882427,22,0.1683,30,5,0,1734,0,0.0,10240,79
0.44602530665071877,46746000,1.3380759199521564,3,0,dub_irish_dutch,-0.019981304183602333,25,0.1674,27,5,0,1734,1,0.3333333333333333,10368,80
0.09509985862074218,0,0.7607988689659374,8,0,dub_irish_dutch,-0.008033915112415949,18,0.1666,28,5,0,1734,0,0.0,10496,81
0.5492762309707407,46746000,1.6478286929122223,3,0,dub_irish_dutch,-0.004456283835073312,25,0.1657,18,5,0,1734,2,0.6666666666666666,10624,82
1.5469541778975735,0,1.5469541778975735,0,0,dub_irish_dutch,-0.020706513275702793,25,0.1649,16,5,0,1734,0,0.0,10752,83
0.31976232914365504,56754000,1.5988116457182753,5,0,dub_irish_dutch,-0.016769742593169212,27,0.1641,18,5,0,1734,2,0.4,10880,84
0.24367038012016456,56754000,1.705692660841152,7,0,dub_irish_dutch,-0.0016999874884883563,27,0.1633,24,5,0,1734,2,0.2857142857142857,11008,85
1.9558625336927218,0,1.9558625336927218,0,0,dub_irish_dutch,-0.0043196721623341245,25,0.1625,11,5,0,1734,0,0.0,11136,86
0.276677585263231,46746000,1.106710341052924,4,0,dub_irish_dutch,-0.01023682268957297,20,0.1616,25,5,0,1734,1,0.25,11264,87
0.8961995962889872,46746000,1.7923991925779743,2,0,dub_irish_dutch,-0.01840062253177166,26,0.1608,15,5,0,1734,2,1.0,11392,88
1.675052043222949,0,1.675052043222949,1,0,dub_irish_dutch,-0.011024404938022295,25,0.16,14,5,0,1734,0,0.0,11520,89
0.6476604335361776,56754000,1.9429813006085328,3,0,dub_irish_dutch,0.030604205404718716,26,0.1592,15,5,0,1734,2,0.6666666666666666,11648,90
0.37191335931483444,46746000,1.4876534372593377,4,0,dub_irish_dutch,0.008082722934583822,25,0.1584,21,5,0,1734,1,0.25,11776,91
0.6052904516099532,0,1.2105809032199064,2,0,dub_irish_dutch,0.005296458179752032,23,0.1576,24,5,0,1734,0,0.0,11904,92
1.804033018867924,0,1.804033018867924,1,0,dub_irish_dutch,-0.0014115143567323685,26,0.1569,14,5,0,1734,0,0.0,12032,93
0.346827200876166,0,1.387308803504664,4,0,dub_irish_dutch,-0.0020688649577399096,23,0.1561,20,5,0,1734,0,0.0,12160,94
0.800784107864844,0,1.601568215729688,2,0,dub_irish_dutch,0.006861926677326362,24,0.1553,12,5,0,1734,0,0.0,12288,95
0.29945319306230744,0,1.1978127722492298,4,0,dub_irish_dutch,-0.00034738735606273014,24,0.1545,28,5,0,1734,0,0.0,12416,96
1.7764083557951476,0,1.7764083557951476,1,0,dub_irish_dutch,0.004651164636015892,24,0.1537,16,5,0,1734,0,0.0,12544,97
0.33955525606469,0,1.35822102425876,4,0,dub_irish_dutch,-0.00587798918907841,20,0.153,21,5,0,1734,0,0.0,12672,98
0.3794544069201589,56754000,1.5178176276806357,4,0,dub_irish_dutch,-0.0028653514261047044,23,0.1522,16,5,0,1734,1,0.25,12800,99
-0.007642608631244793,46746000,-0.1069965208374271,14,0,dub_irish_dutch,-0.01200874305019776,10,0.25,28,6,0,1735,2,0.14285714285714285,128,0
0.009165859605697194,46746000,0.11915617487406352,13,0,dub_irish_dutch,-0.024424125129977863,10,0.2487,20,6,0,1735,2,0.15384615384615385,256,1
-0.008870633451594933,46746000,-0.14193013522551892,16,0,dub_irish_dutch,-0.02261405686537425,10,0.2475,32,6,0,1735,3,0.1875,384,2
-0.009138941307080784,46746000,-0.13708411960621175,15,0,dub_irish_dutch,-0.024266525482137997,8,0.2463,27,6,0,1735,1,0.06666666666666667,512,3
-0.010500278478366447,0,-0.12600334174039737,12,0,dub_irish_dutch,-0.024860513707002003,9,0.245,32,6,0,1735,0,0.0,640,4
-0.0024082009124046094,0,-0.028898410948855313,12,0,dub_irish_dutch,-0.014890049894650778,9,0.2438,28,6,0,1735,0,0.0,768,5
0.009620412151544605,46746000,0.15392659442471368,16,0,dub_irish_dutch,-0.021465007215738297,16,0.2426,29,6,0,1735,4,0.25,896,6
-0.03591402781187178,0,-0.4668823615543331,13,0,dub_irish_dutch,-0.02584831913312276,6,0.2414,36,6,0,1735,0,0.0,1024,7
-0.018284180780234954,46746000,-0.2376943501430544,13,0,dub_irish_dutch,-0.02522650919854641,8,0.2402,37,6,0,1735,1,0.07692307692307693,1152,8
-0.005064549494639628,46746000,-0.06077459393567553,12,0,dub_irish_dutch,-0.022015127042929333,9,0.239,37,6,0,1735,1,0.08333333333333333,1280,9
0.006058485523362826,46746000,0.09693576837380521,16,0,dub_irish_dutch,-0.02097383638223012,10,0.2378,35,6,0,1735,2,0.125,1408,10
-0.0013669944036638194,46746000,-0.019137921651293473,14,0,dub_irish_dutch,-0.028392453367511433,6,0.2366,28,6,0,1735,1,0.07142857142857142,1536,11
-0.00626388215307531,46746000,-0.08769435014305435,14,0,dub_irish_dutch,-0.021215644975503285,5,0.2354,25,6,0,1735,1,0.07142857142857142,1664,12
-0.0038315439183569853,0,-0.04597852702028382,12,0,dub_irish_dutch,-0.021156538277864456,8,0.2342,25,6,0,1735,0,0.0,1792,13
-0.0036743615470889103,46746000,-0.051441061659244745,14,0,dub_irish_dutch,-0.019253397981325786,15,0.2331,22,6,0,1735,2,0.14285714285714285,1920,14
-0.005201887167738713,46746000,-0.062422646012864555,12,0,dub_irish_dutch,-0.014622285962104797,10,0.2319,33,6,0,1735,2,0.16666666666666666,2048,15
-0.013827508493246845,0,-0.19358511890545582,14,0,dub_irish_dutch,-0.034684366236130394,10,0.2307,20,6,0,1735,0,0.0,2176,16
-0.025885646114092078,40500000,-0.28474210725501287,11,0,dub_irish_dutch,-0.024044355377554893,11,0.2296,16,6,0,1735,1,0.09090909090909091,2304,17
0.023517963588930605,56754000,0.23517963588930604,10,0,dub_irish_dutch,-0.03621278330683708,8,0.2284,28,6,0,1735,2,0.2,2432,18
0.01509371399835898,56754000,0.16603085398194878,11,0,dub_irish_dutch,-0.026552192245920498,10,0.2273,25,6,0,1735,2,0.18181818181818182,2560,19
0.04185490617330792,46746000,0.6696784987729267,16,0,dub_irish_dutch,-0.03284286707639694,13,0.2262,39,6,0,1735,6,0.375,2688,20
0.0031040055188279437,46746000,0.043456077263591214,14,0,dub_irish_dutch,-0.025721309706568718,9,0.225,31,6,0,1735,2,0.14285714285714285,2816,21
0.014909404266778774,46746000,0.17891285120134529,12,0,dub_irish_dutch,-0.008754674966136614,13,0.2239,33,6,0,1735,2,0.16666666666666666,2944,22
0.0019250680144484898,0,0.02117574815893339,11,0,dub_irish_dutch,-0.01937348333497842,5,0.2228,27,6,0,1735,0,0.0,3072,23
0.01266628628870536,46746000,0.1266628628870536,10,0,dub_irish_dutch,-0.013797103116909662,11,0.2217,22,6,0,1735,2,0.2,3200,24
-0.02559716654964036,0,-0.28156883204604394,11,0,dub_irish_dutch,-0.029624782502651215,10,0.2206,35,6,0,1735,0,0.0,3328,25
0.04257944561572604,46746000,0.46837390177298643,11,0,dub_irish_dutch,-0.03974549720684687,12,0.2195,32,6,0,1735,2,0.18181818181818182,3456,26
0.00912706708265542,46746000,0.08214360374389877,9,0,dub_irish_dutch,-0.026882500077287357,10,0.2184,25,6,0,1735,1,0.1111111111111111,3584,27
0.03592158668177185,46746000,0.3232942801359467,9,0,dub_irish_dutch,-0.029775858546296757,15,0.2173,24,6,0,1735,3,0.3333333333333333,3712,28
0.06699259308529444,56754000,0.6699259308529444,10,0,dub_irish_dutch,0.016587923591335613,17,0.2162,26,6,0,1735,4,0.4,3840,29
0.01708712568972936,0,0.15378413120756423,9,0,dub_irish_dutch,-0.019799108306566875,10,0.2151,24,6,0,1735,0,0.0,3968,30
0.0316480172653221,46746000,0.5063682762451536,16,0,dub_irish_dutch,-0.023845382655660313,19,0.214,33,6,0,1735,5,0.3125,4096,31
0.09730739184014718,46746000,0.8757665265613246,9,0,dub_irish_dutch,-0.020701725035905838,22,0.213,27,6,0,1735,7,0.7777777777777778,4224,32
0.04712882394722834,46746000,0.56554588736674,12,0,dub_irish_dutch,-0.03747357800602913,16,0.2119,35,6,0,1735,4,0.3333333333333333,4352,33
0.10817125457073512,46746000,0.9735412911366161,9,0,dub_irish_dutch,-0.009556503035128117,24,0.2108,29,6,0,1735,6,0.6666666666666666,4480,34
0.0910875167929148,46746000,1.1841377183078923,13,0,dub_irish_dutch,0.0031840230027834573,24,0.2098,24,6,0,1735,8,0.6153846153846154,4608,35
0.04544942959416719,46746000,0.4544942959416719,10,0,dub_irish_dutch,-0.028148562957843144,15,0.2087,25,6,0,1735,3,0.3,4736,36
0.10670170503328105,56754000,1.0670170503328105,10,0,dub_irish_dutch,-0.030490436901648838,22,0.2077,31,6,0,1735,6,0.6,4864,37
0.07454589267741983,56754000,0.894550712129038,12,0,dub_irish_dutch,-0.0030121117209394774,19,0.2066,39,6,0,1735,5,0.4166666666666667,4992,38
0.11645741209520363,46746000,1.28103153304724,11,0,dub_irish_dutch,0.0033413401494423547,29,0.2056,28,6,0,1735,9,0.8181818181818182,5120,39
0.12893208732660197,46746000,1.5471850479192237,12,0,dub_irish_dutch,-0.013611945323646069,34,0.2046,27,6,0,1735,10,0.8333333333333334,5248,40
0.1110406002999195,46746000,1.2214466032991145,11,0,dub_irish_dutch,-0.010496705460051695,25,0.2036,20,6,0,1735,7,0.6363636363636364,5376,41
0.07186531802183614,46746000,1.006114452305706,14,0,dub_irish_dutch,-0.01637694550057252,27,0.2025,28,6,0,1735,7,0.5,5504,42
0.14224739229718922,46746000,1.280226530674703,9,0,dub_irish_dutch,-0.032943036407232285,26,0.2015,21,6,0,1735,7,0.7777777777777778,5632,43
0.06532830596870035,46746000,0.7186113656557038,11,0,dub_irish_dutch,-0.023880016058683395,24,0.2005,26,6,0,1735,4,0.36363636363636365,5760,44
0.147668858554397,46746000,1.6243574440983668,11,0,dub_irish_dutch,-0.015580701020856699,32,0.1995,19,6,0,1735,10,0.9090909090909091,5888,45
0.12825556887098752,46746000,1.4108112575808627,11,0,dub_irish_dutch,0.07831416775782903,26,0.1985,24,6,0,1735,7,0.6363636363636364,6016,46
0.13279942044408644,46746000,1.3279942044408644,10,0,dub_irish_dutch,-0.019930752615133922,28,0.1975,28,6,0,1735,7,0.7,6144,47
0.1656543475387198,46746000,1.3252347803097584,8,0,dub_irish_dutch,-0.027425709490974743,26,0.1965,19,6,0,1735,6,0.75,6272,48
0.09618080897874877,46746000,1.0579888987662365,11,0,dub_irish_dutch,-0.02243802137672901,24,0.1956,23,6,0,1735,7,0.6363636363636364,6400,49
0.13604371856348668,46746000,1.6325246227618402,12,0,dub_irish_dutch,-0.004489397009213765,32,0.1946,23,6,0,1735,9,0.75,6528,50
0.16058056620170352,46746000,1.1240639634119247,7,0,dub_irish_dutch,-0.02159363590180874,27,0.1936,23,6,0,1735,4,0.5714285714285714,6656,51
0.13178721474666596,46746000,1.3178721474666597,10,0,dub_irish_dutch,-0.013811294920742512,25,0.1926,18,6,0,1735,5,0.5,6784,52
0.1386197601302817,46746000,1.1089580810422537,8,0,dub_irish_dutch,-0.02466189240415891,25,0.1917,27,6,0,1735,4,0.5,6912,53
0.09167220402573201,46746000,0.9167220402573201,10,0,dub_irish_dutch,-0.005407565583785375,21,0.1907,30,6,0,1735,3,0.3,7040,54
0.22526743122071935,46746000,1.351604587324316,6,0,dub_irish_dutch,-0.015188800791899363,24,0.1898,22,6,0,1735,4,0.6666666666666666,7168,55
0.13104016738664198,46746000,0.9172811717064938,7,0,dub_irish_dutch,-0.0196305342639486,25,0.1888,20,6,0,1735,2,0.2857142857142857,7296,56
0.28553813476071316,56754000,1.4276906738035657,5,0,dub_irish_dutch,-0.012071447757383188,24,0.1879,19,6,0,1735,4,0.8,7424,57
0.2531297606011744,46746000,1.0125190424046977,4,0,dub_irish_dutch,-0.01353597299506267,24,0.1869,27,6,0,1735,1,0.25,7552,58
0.16129965916201394,46746000,0.9677979549720837,6,0,dub_irish_dutch,-0.00958603248000145,24,0.186,28,6,0,1735,1,0.16666666666666666,7680,59
0.4787588034613027,46746000,1.436276410383908,3,0,dub_irish_dutch,-0.020605557908614475,27,0.1851,13,6,0,1735,2,0.6666666666666666,7808,60
0.11784739708043138,46746000,0.942779176643451,8,0,dub_irish_dutch,-0.027552212898929913,20,0.1841,31,6,0,1735,2,0.25,7936,61
0.36914137578733014,46746000,1.1074241273619905,3,0,dub_irish_dutch,-0.008629955351352692,22,0.1832,28,6,0,1735,1,0.3333333333333333,8064,62
0.1971510008042132,46746000,1.182906004825279,6,0,dub_irish_dutch,-0.019605356579025585,23,0.1823,28,6,0,1735,1,0.16666666666666666,8192,63
0.2952420258050154,46746000,1.1809681032200616,4,0,dub_irish_dutch,-0.01636940985918045,25,0.1814,25,6,0,1735,1,0.25,8320,64
0.7916722298577116,46746000,1.5833444597154231,2,0,dub_irish_dutch,0.05320848152041435,29,0.1805,22,6,0,1735,2,1.0,8448,65
0.3036565026954178,0,1.214626010781671,4,0,dub_irish_dutch,-0.009725600170592466,21,0.1796,16,6,0,1735,0,0.0,8576,66
0.3542370384548276,23373000,1.4169481538193105,4,0,dub_irish_dutch,-0.01847752556204796,25,0.1787,19,6,0,1735,1,0.25,8704,67
1.4301761362268959,0,1.4301761362268959,1,0,dub_irish_dutch,-0.021865113948782284,24,0.1778,20,6,0,1735,0,0.0,8832,68
0.17854810199240756,46746000,1.0712886119544454,6,0,dub_irish_dutch,-0.011468251856664816,25,0.1769,29,6,0,1735,1,0.16666666666666666,8960,69
0.1501689917978257,46746000,1.0511829425847798,7,0,dub_irish_dutch,0.19247602423032126,24,0.176,27,6,0,1735,2,0.2857142857142857,9088,70
0.29418831185923666,23373000,1.1767532474369466,4,0,dub_irish_dutch,-0.017851104959845543,26,0.1751,25,6,0,1735,1,0.25,9216,71
0.15941244423874446,56754000,1.4347119981487002,9,0,dub_irish_dutch,-0.02703717350959778,29,0.1743,33,6,0,1735,5,0.5555555555555556,9344,72
1.5838323666730838,0,1.5838323666730838,1,0,dub_irish_dutch,-0.023107596362630527,26,0.1734,12,6,0,1735,0,0.0,9472,73
0.18725542880716592,46746000,1.1235325728429955,6,0,dub_irish_dutch,-0.000248905581732591,22,0.1725,22,6,0,1735,1,0.16666666666666666,9600,74
0.29317323474201,46746000,1.46586617371005,5,0,dub_irish_dutch,-0.023151911795139313,24,0.1717,21,6,0,1735,2,0.4,9728,75
0.19804792380403016,46746000,1.188287542824181,6,0,dub_irish_dutch,-0.025078842416405678,22,0.1708,28,6,0,1735,2,0.3333333333333333,9856,76
0.543559705042454,46746000,1.6306791151273619,3,0,dub_irish_dutch,-0.014858637315531572,27,0.1699,17,6,0,1735,2,0.6666666666666666,9984,77
0.39426549865229127,0,1.1827964959568738,3,0,dub_irish_dutch,0.0059647805367906885,21,0.1691,18,6,0,1735,0,0.0,10112,78
0.1767591517441491,46746000,1.0605549104648946,6,0,dub_irish_dutch,-0.01735416737695535,22,0.1683,26,6,0,1735,2,0.3333333333333333,10240,79
0.30927769627077006,0,1.2371107850830803,4,0,dub_irish_dutch,-0.008979666667679945,24,0.1674,24,6,0,1735,0,0.0,10368,80
0.10527135241643869,46746000,0.9474421717479482,9,0,dub_irish_dutch,-0.013995087084670862,27,0.1666,31,6,0,1735,3,0.3333333333333333,10496,81
0.2772016677713896,38921400,1.386008338856948,5,0,dub_irish_dutch,-0.017099450652798016,24,0.1657,24,6,0,1735,2,0.4,10624,82
0.4275249614770944,0,1.2825748844312832,3,0,dub_irish_dutch,0.18762677907943726,24,0.1649,22,6,0,1735,0,0.0,10752,83
0.28553068745186744,46746000,1.4276534372593372,5,0,dub_irish_dutch,-0.021282862251003582,21,0.1641,21,6,0,1735,1,0.2,10880,84
0.14461397766653836,0,1.0122978436657686,7,0,dub_irish_dutch,-0.03092106121281783,21,0.1633,23,6,0,1735,0,0.0,11008,85
0.3134581608344227,46746000,1.2538326433376907,4,0,dub_irish_dutch,-0.009576149905721346,25,0.1625,22,6,0,1735,1,0.25,11136,86
0.5783506810743162,0,1.7350520432229486,3,0,dub_irish_dutch,-0.015519801527261734,29,0.1616,21,6,0,1735,0,0.0,11264,87
0.7047295256546015,0,1.409459051309203,2,0,dub_irish_dutch,0.03128554423650106,26,0.1608,23,6,0,1735,0,0.0,11392,88
0.7304424955232427,0,1.4608849910464854,2,0,dub_irish_dutch,-0.011111724190413952,25,0.16,16,6,0,1735,0,0.0,11520,89
0.16431204849025824,46746000,0.9858722909415494,6,0,dub_irish_dutch,0.0014910334721207619,25,0.1592,20,6,0,1735,1,0.16666666666666666,11648,90
0.17751538042027099,46746000,1.4201230433621679,8,0,dub_irish_dutch,0.00016477610915899277,25,0.1584,25,6,0,1735,3,0.375,11776,91
0.43796926190877294,0,1.3139077857263188,3,0,dub_irish_dutch,0.020683846126000088,24,0.1576,20,6,0,1735,0,0.0,11904,92
0.24295940628609936,46746000,1.2147970314304968,5,0,dub_irish_dutch,-0.03327650080124537,22,0.1569,20,6,0,1735,1,0.2,12032,93
0.219446564635751,46746000,1.316679387814506,6,0,dub_irish_dutch,0.01791922313471635,23,0.1561,22,6,0,1735,1,0.16666666666666666,12160,94
0.7646511580883247,0,1.5293023161766495,2,0,dub_irish_dutch,-0.021438423544168472,25,0.1553,22,6,0,1735,0,0.0,12288,95
0.4683041509224013,46746000,1.404912452767204,3,0,dub_irish_dutch,-0.022933943818012874,25,0.1545,26,6,0,1735,1,0.3333333333333333,12416,96
0.12991593808294244,0,0.9094115665805971,7,0,dub_irish_dutch,0.02163470908999443,22,0.1537,33,6,0,1735,0,0.0,12544,97
0.8377257769394029,46746000,1.6754515538788057,2,0,dub_irish_dutch,-0.010303714002172152,24,0.153,15,6,0,1735,1,0.5,12672,98
0.9633157636173699,56754000,1.9266315272347398,2,0,dub_irish_dutch,-0.00484020138780276,25,0.1522,20,6,0,1735,1,0.5,12800,99
-0.013378890795672225,46746000,-0.1605466895480667,12,0,dub_irish_dutch,-0.020857221136490505,6,0.25,26,7,0,1736,1,0.08333333333333333,128,0
-0.011783616568246265,46746000,-0.12961978225070891,11,0,dub_irish_dutch,-0.020723321785529453,10,0.2487,42,7,0,1736,1,0.09090909090909091,256,1
-0.011459741766302895,0,-0.16043638472824054,14,0,dub_irish_dutch,-0.02305443336566289,3,0.2475,29,7,0,1736,0,0.0,384,2
-0.004794471987824431,46746000,-0.062328135841717605,13,0,dub_irish_dutch,-0.02578108198940754,10,0.2463,34,7,0,1736,1,0.07692307692307693,512,3
0.006414389209230389,0,0.09621583813845583,15,0,dub_irish_dutch,-0.023172322039802868,11,0.245,38,7,0,1736,0,0.0,640,4
0.021808318264014463,46746000,0.30531645569620247,14,0,dub_irish_dutch,-0.018879084537426632,7,0.2438,43,7,0,1736,2,0.14285714285714285,768,5
-0.00971984189681825,0,-0.12635794465863726,13,0,dub_irish_dutch,-0.024087287485599518,8,0.2426,32,7,0,1736,0,0.0,896,6
-0.02970178283721572,0,-0.4455267425582358,15,0,dub_irish_dutch,-0.02664497308433056,4,0.2414,28,7,0,1736,0,0.0,1024,7
0.02930220042458714,46746000,0.35162640509504567,12,0,dub_irish_dutch,-0.01979198306798935,9,0.2402,30,7,0,1736,2,0.16666666666666666,1152,8
0.00445385514873341,56754000,0.062353972082267735,14,0,dub_irish_dutch,-0.02425401844084263,9,0.239,37,7,0,1736,2,0.14285714285714285,1280,9
-0.020455504610030525,0,-0.26592155993039684,13,0,dub_irish_dutch,-0.016924366354942322,5,0.2378,25,7,0,1736,0,0.0,1408,10
0.01111353711601252,46746000,0.16670305674018782,15,0,dub_irish_dutch,-0.019648896530270576,7,0.2366,36,7,0,1736,2,0.13333333333333333,1536,11
-0.029164665037088925,0,-0.3499759804450671,12,0,dub_irish_dutch,-0.01600989295790593,7,0.2354,27,7,0,1736,0,0.0,1664,12
0.016073933339267005,56754000,0.22503506674973806,14,0,dub_irish_dutch,-0.03482752417524656,14,0.2342,31,7,0,1736,4,0.2857142857142857,1792,13
0.004277796363990816,46746000,0.038500167275917346,9,0,dub_irish_dutch,-0.023955799639225006,10,0.2331,26,7,0,1736,1,0.1111111111111111,1920,14
0.009674990197798288,46746000,0.13544986276917603,14,0,dub_irish_dutch,-0.028622164701422054,12,0.2319,28,7,0,1736,3,0.21428571428571427,2048,15
0.015073065102952313,46746000,0.2260959765442847,15,0,dub_irish_dutch,-0.01611237848798434,8,0.2307,39,7,0,1736,3,0.2,2176,16
0.010427334870500326,46746000,0.1251280184460039,12,0,dub_irish_dutch,-0.0223379402110974,6,0.2296,35,7,0,1736,1,0.08333333333333333,2304,17
-0.0032329730212021083,46746000,-0.0387956762544253,12,0,dub_irish_dutch,-0.024611326555411022,11,0.2284,31,7,0,1736,1,0.08333333333333333,2432,18
0.0039035003703805538,46746000,0.0507455048149472,13,0,dub_irish_dutch,-0.018538042902946472,14,0.2273,27,7,0,1736,2,0.15384615384615385,2560,19
-0.020276107610198622,46746000,-0.24331329132238347,12,0,dub_irish_dutch,-0.014945517914990583,5,0.2262,32,7,0,1736,1,0.08333333333333333,2688,20
0.013881443735496464,46746000,0.1943402122969505,14,0,dub_irish_dutch,-0.027428288633624714,14,0.225,34,7,0,1736,3,0.21428571428571427,2816,21
-0.01113318434610529,2322000,-0.12246502780715818,11,0,dub_irish_dutch,-0.030462056398391724,7,0.2239,30,7,0,1736,1,0.09090909090909091,2944,22
0.00148440895024264,46746000,0.01929731635315432,13,0,dub_irish_dutch,-0.018903326864043873,9,0.2228,22,7,0,1736,3,0.23076923076923078,3072,23
0.03390911331696951,56754000,0.4747275864375731,14,0,dub_irish_dutch,-0.019111234073837597,15,0.2217,24,7,0,1736,5,0.35714285714285715,3200,24
-0.0020237238995958542,0,-0.020237238995958542,10,0,dub_irish_dutch,-0.019306078553199768,13,0.2206,31,7,0,1736,0,0.0,3328,25
0.026116648781461044,46746000,0.3656330829404546,14,0,dub_irish_dutch,-0.027159429465730984,15,0.2195,28,7,0,1736,3,0.21428571428571427,3456,26
0.033701700573649546,46746000,0.5055255086047432,15,0,dub_irish_dutch,-0.03504454034070174,15,0.2184,19,7,0,1736,4,0.26666666666666666,3584,27
0.025839821549664167,46746000,0.25839821549664166,10,0,dub_irish_dutch,-0.013309783612688383,11,0.2173,22,7,0,1736,2,0.2,3712,28
0.00435547113389158,46746000,0.043554711338915794,10,0,dub_irish_dutch,-0.036548549930254616,10,0.2162,25,7,0,1736,1,0.1,3840,29
0.030530629688295664,46746000,0.3358369265712523,11,0,dub_irish_dutch,-0.01976323624451955,14,0.2151,23,7,0,1736,3,0.2727272727272727,3968,30
0.043138509047150914,46746000,0.43138509047150914,10,0,dub_irish_dutch,0.015383411819736162,15,0.214,33,7,0,1736,4,0.4,4096,31
0.008297489229258402,46746000,0.07467740306332561,9,0,dub_irish_dutch,-0.025406126553813618,10,0.213,23,7,0,1736,1,0.1111111111111111,4224,32
0.04694280861695998,56754000,0.5163708947865597,11,0,dub_irish_dutch,-0.022228459517161053,19,0.2119,31,7,0,1736,4,0.36363636363636365,4352,33
0.08692765192279978,56754000,0.9562041711507975,11,0,dub_irish_dutch,-0.023350533718864124,21,0.2108,29,7,0,1736,5,0.45454545454545453,4480,34
0.08242151200681432,56754000,0.9890581440817718,12,0,dub_irish_dutch,0.027900089820226032,21,0.2098,24,7,0,1736,6,0.5,4608,35
0.06809710200580799,56754000,0.8171652240696958,12,0,dub_irish_dutch,0.01947672354678313,19,0.2087,27,7,0,1736,6,0.5,4736,36
0.07236298875729637,46746000,0.6512668988156673,9,0,dub_irish_dutch,-0.009745443550248941,22,0.2077,30,7,0,1736,4,0.4444444444444444,4864,37
0.08097168744938738,46746000,0.8097168744938738,10,0,dub_irish_dutch,-0.02351969542602698,21,0.2066,19,7,0,1736,6,0.6,4992,38
0.09457299930948683,56754000,1.0403029924043552,11,0,dub_irish_dutch,-0.014090098440647125,25,0.2056,25,7,0,1736,7,0.6363636363636364,5120,39
0.16958323549446044,46746000,1.6958323549446044,10,0,dub_irish_dutch,0.01575029951830705,30,0.2046,22,7,0,1736,8,0.8,5248,40
0.09990249008127508,46746000,0.6993174305689256,7,0,dub_irish_dutch,-0.01952822009722392,20,0.2036,24,7,0,1736,3,0.42857142857142855,5376,41
0.052719854785094306,46746000,0.4744786930658488,9,0,dub_irish_dutch,0.02924307994544506,18,0.2025,32,7,0,1736,3,0.3333333333333333,5504,42
0.09595811063865592,56754000,0.8636229957479032,9,0,dub_irish_dutch,0.00745505311836799,23,0.2015,28,7,0,1736,4,0.4444444444444444,5632,43
0.10746847926122313,56754000,1.1821532718734544,11,0,dub_irish_dutch,-0.021831813578804333,25,0.2005,32,7,0,1736,8,0.7272727272727273,5760,44
0.14214448816380992,56754000,1.4214448816380991,10,0,dub_irish_dutch,-0.011256575584411621,29,0.1995,25,7,0,1736,7,0.7,5888,45
0.02904447907436599,7403400,0.20331135352056193,7,0,dub_irish_dutch,-0.004263504408299923,15,0.1985,27,7,0,1736,1,0.14285714285714285,6016,46
0.20980977441699408,56754000,1.4686684209189587,7,0,dub_irish_dutch,-0.020016893434027832,27,0.1975,19,7,0,1736,5,0.7142857142857143,6144,47
0.1026846360436119,46746000,1.1295309964797309,11,0,dub_irish_dutch,-0.027014789481957752,28,0.1965,29,7,0,1736,8,0.7272727272727273,6272,48
0.14565215640308735,46746000,1.1652172512246988,8,0,dub_irish_dutch,-0.012171053948501745,27,0.1956,28,7,0,1736,5,0.625,6400,49
0.18573469762574876,46746000,1.48587758100599,8,0,dub_irish_dutch,-0.01924996388455232,25,0.1946,22,7,0,1736,5,0.625,6528,50
0.20203321863152585,56754000,1.0101660931576293,5,0,dub_irish_dutch,-0.009994753325978914,26,0.1936,19,7,0,1736,2,0.4,6656,51
0.196811278488876,46746000,1.574490227911008,8,0,dub_irish_dutch,-0.02748136470715205,29,0.1926,30,7,0,1736,6,0.75,6784,52
0.27816667594219285,46746000,1.669000055653157,6,0,dub_irish_dutch,-0.02295808618267377,28,0.1917,26,7,0,1736,4,0.6666666666666666,6912,53
0.17573866517227854,46746000,1.0544319910336712,6,0,dub_irish_dutch,-0.026557559768358868,24,0.1907,31,7,0,1736,1,0.16666666666666666,7040,54
0.357395552560647,0,1.072186657681941,3,0,dub_irish_dutch,-0.02056923198203246,25,0.1898,20,7,0,1736,0,0.0,7168,55
0.3548789671850077,56754000,1.4195158687400309,4,0,dub_irish_dutch,-0.02017577365040779,23,0.1888,18,7,0,1736,1,0.25,7296,56
0.16008670746680062,0,0.6403468298672025,4,0,dub_irish_dutch,-0.013667244153718153,22,0.1879,18,7,0,1736,0,0.0,7424,57
0.23964960065512525,46746000,1.1982480032756262,5,0,dub_irish_dutch,-0.01028830868502458,26,0.1869,27,7,0,1736,3,0.6,7552,58
0.2628374572308861,46746000,1.0513498289235443,4,0,dub_irish_dutch,-0.01619393564760685,22,0.186,22,7,0,1736,1,0.25,7680,59
0.4737604557974406,56754000,1.4212813673923217,3,0,dub_irish_dutch,-0.015442847274243832,25,0.1851,23,7,0,1736,1,0.3333333333333333,7808,60
0.1341648953634689,46746000,0.9391542675442822,7,0,dub_irish_dutch,-0.021646020313103993,22,0.1841,22,7,0,1736,1,0.14285714285714285,7936,61
0.30328675328736154,56754000,1.2131470131494462,4,0,dub_irish_dutch,0.18078048527240753,25,0.1832,21,7,0,1736,1,0.25,8064,62
0.21401959181978583,56754000,1.284117550918715,6,0,dub_irish_dutch,-0.012722682828704516,20,0.1823,17,7,0,1736,1,0.16666666666666666,8192,63
0.11526392404002926,46746000,0.8068474682802048,7,0,dub_irish_dutch,-0.026775892823934555,20,0.1814,27,7,0,1736,1,0.14285714285714285,8320,64
0.250958931968118,46746000,1.2547946598405901,5,0,dub_irish_dutch,0.0005606124177575111,24,0.1805,29,7,0,1736,2,0.4,8448,65
0.24745980462668873,56754000,1.4847588277601325,6,0,dub_irish_dutch,-0.0011945674195885658,27,0.1796,24,7,0,1736,2,0.3333333333333333,8576,66
0.20564858490566038,0,1.2338915094339622,6,0,dub_irish_dutch,-0.016613506401578586,21,0.1787,20,7,0,1736,0,0.0,8704,67
0.4488201621034232,56754000,1.7952806484136927,4,0,dub_irish_dutch,0.007426301017403603,27,0.1778,24,7,0,1736,2,0.5,8832,68
0.23637229178750557,0,1.1818614589375278,5,0,dub_irish_dutch,-0.0028507385092477002,24,0.1769,18,7,0,1736,0,0.0,8960,69
0.31867882036364065,0,1.2747152814545626,4,0,dub_irish_dutch,-0.0036939925824602446,23,0.176,23,7,0,1736,0,0.0,9088,70
0.5670080862533693,0,1.1340161725067386,2,0,dub_irish_dutch,0.018207136541604996,20,0.1751,24,7,0,1736,0,0.0,9216,71
0.46355173562644386,46746000,1.8542069425057754,4,0,dub_irish_dutch,-0.018374748528003693,27,0.1743,19,7,0,1736,3,0.75,9344,72
0.40099100975885626,46746000,1.603964039035425,4,0,dub_irish_dutch,0.007599088673790296,23,0.1734,22,7,0,1736,2,0.5,9472,73
0.20347775377839827,46746000,1.0173887688919914,5,0,dub_irish_dutch,-0.021363782385985058,22,0.1725,25,7,0,1736,1,0.2,9600,74
0.6221584859032057,0,1.2443169718064113,2,0,dub_irish_dutch,0.011578733411928019,22,0.1717,23,7,0,1736,0,0.0,9728,75
0.48473576031237964,46746000,1.454207280937139,3,0,dub_irish_dutch,0.007175020563105742,22,0.1708,23,7,0,1736,1,0.3333333333333333,9856,76
0.5070838046303426,46746000,1.521251413891028,3,0,dub_irish_dutch,-0.012540993591149649,25,0.1699,21,7,0,1736,2,0.6666666666666666,9984,77
0.4560208744464766,46746000,1.3680626233394297,3,0,dub_irish_dutch,0.01508698177834352,22,0.1691,17,7,0,1736,1,0.3333333333333333,10112,78
0.313762329143655,56754000,1.5688116457182748,5,0,dub_irish_dutch,-0.020187499622503918,25,0.1683,19,7,0,1736,2,0.4,10240,79
0.3301498310851464,46746000,1.3205993243405856,4,0,dub_irish_dutch,-0.0030253476773699126,24,0.1674,14,7,0,1736,1,0.25,10368,80
0.609802653151473,0,1.219605306302946,2,0,dub_irish_dutch,-0.021100499977668125,23,0.1666,28,7,0,1736,0,0.0,10496,81
0.37822322067830666,46746000,1.5128928827132266,4,0,dub_irish_dutch,0.019466236233711243,26,0.1657,24,7,0,1736,2,0.5,10624,82
0.2420737741032552,0,1.210368870516276,5,0,dub_irish_dutch,-0.0075942473486065865,22,0.1649,24,7,0,1736,0,0.0,10752,83
0.49096758780162997,46746000,1.47290276340489,3,0,dub_irish_dutch,-0.025035216162602108,24,0.1641,17,7,0,1736,1,0.3333333333333333,10880,84
0.4837631250983501,0,1.4512893752950504,3,0,dub_irish_dutch,-0.014360150943199793,25,0.1633,16,7,0,1736,0,0.0,11008,85
0.5768063465657487,46746000,1.730419039697246,3,0,dub_irish_dutch,-0.023835952083269756,25,0.1625,20,7,0,1736,1,0.3333333333333333,11136,86
0.18353810236318227,0,1.1012286141790937,6,0,dub_irish_dutch,0.02473086801668008,19,0.1616,23,7,0,1736,0,0.0,11264,87
0.22323648931860476,46746000,1.3394189359116286,6,0,dub_irish_dutch,-0.019736119856437046,22,0.1608,23,7,0,1736,1,0.16666666666666666,11392,88
0.3502202471200746,0,1.0506607413602238,3,0,dub_irish_dutch,-0.02104182665546735,21,0.16,24,7,0,1736,0,0.0,11520,89
1.4814690026954171,0,1.4814690026954171,1,0,dub_irish_dutch,0.02782338857650757,24,0.1592,22,7,0,1736,0,0.0,11648,90
0.18562704863785143,46746000,0.9281352431892571,5,0,dub_irish_dutch,-0.0012395946929852168,21,0.1584,25,7,0,1736,1,0.2,11776,91
0.5235091421592221,46746000,1.5705274264776663,3,0,dub_irish_dutch,-0.0012227521898845832,25,0.1576,22,7,0,1736,1,0.3333333333333333,11904,92
1.7074273801501727,0,1.7074273801501727,1,0,dub_irish_dutch,-0.007717392252137263,25,0.1569,17,7,0,1736,0,0.0,12032,93
0.35411388140161726,0,1.416455525606469,4,0,dub_irish_dutch,-0.012440266398092112,22,0.1561,18,7,0,1736,0,0.0,12160,94
0.5311708672266077,46746000,1.593512601679823,3,0,dub_irish_dutch,0.00777140228698651,26,0.1553,23,7,0,1736,1,0.3333333333333333,12288,95
0.45276072000144385,46746000,1.8110428800057754,4,0,dub_irish_dutch,-0.0010425541549921036,27,0.1545,23,7,0,1736,2,0.5,12416,96
1.5924760541008853,0,1.5924760541008853,0,0,dub_irish_dutch,0.001978285455455383,26,0.1537,18,7,0,1736,0,0.0,12544,97
0.35580507989782645,56754000,1.4232203195913058,4,0,dub_irish_dutch,0.008136113174259663,23,0.153,20,7,0,1736,1,0.25,12672,98
1.5313958127767613,0,1.5313958127767613,1,0,dub_irish_dutch,0.00028108805418014526,23,0.1522,17,7,0,1736,0,0.0,12800,99
0.0007212209346190584,46746000,0.010097093084666818,14,0,dub_irish_dutch,-0.025901420662800472,8,0.25,27,8,0,1737,2,0.14285714285714285,128,0
-0.0187763726004113,0,-0.2628692164057582,14,0,dub_irish_dutch,-0.01793820410966873,7,0.2487,32,8,0,1737,0,0.0,256,1
0.003606670057624891,46746000,0.05410005086437337,15,0,dub_irish_dutch,-0.022798665488759678,11,0.2475,26,8,0,1737,2,0.13333333333333333,384,2
-0.01698151287025439,0,-0.23774118018356147,14,0,dub_irish_dutch,-0.02042105235159397,6,0.2463,32,8,0,1737,0,0.0,512,3
-0.019560322006160966,0,-0.29340483009241447,15,0,dub_irish_dutch,-0.019129501034816105,5,0.245,40,8,0,1737,0,0.0,640,4
-0.003129961292102448,46746000,-0.040689496797331824,13,0,dub_irish_dutch,-0.024792727703849476,12,0.2438,34,8,0,1737,3,0.23076923076923078,768,5
-0.00047090804563235816,46746000,-0.0065927126388530145,14,0,dub_irish_dutch,-0.02316136782368024,8,0.2426,33,8,0,1737,2,0.14285714285714285,896,6
0.019494294862424044,56754000,0.2729201280739366,14,0,dub_irish_dutch,-0.020248883093396824,12,0.2414,39,8,0,1737,3,0.21428571428571427,1024,7
0.011607827124863006,46746000,0.1509017526232191,13,0,dub_irish_dutch,-0.03072849040230115,6,0.2402,26,8,0,1737,1,0.07692307692307693,1152,8
0.0006034044105971623,46746000,0.00784425733776311,13,0,dub_irish_dutch,-0.019236434251070023,9,0.239,35,8,0,1737,1,0.07692307692307693,1280,9
-0.020026676835099882,0,-0.24032012202119857,12,0,dub_irish_dutch,-0.025578413158655167,7,0.2378,38,8,0,1737,0,0.0,1408,10
-0.00906612676236512,46746000,-0.11785964791074655,13,0,dub_irish_dutch,-0.03726364548007647,4,0.2366,27,8,0,1737,1,0.07692307692307693,1536,11
0.017225630576695482,46746000,0.1722563057669548,10,0,dub_irish_dutch,-0.02595203680296739,14,0.2354,25,8,0,1737,2,0.2,1664,12
-0.0001085584315353203,46746000,-0.001519818041494484,14,0,dub_irish_dutch,-0.02383229819436868,9,0.2342,32,8,0,1737,1,0.07142857142857142,1792,13
0.01533615391063571,56754000,0.21470615474889992,14,0,dub_irish_dutch,-0.020049496243397396,10,0.2331,35,8,0,1737,2,0.14285714285714285,1920,14
0.013982408438624092,46746000,0.19575371814073728,14,0,dub_irish_dutch,-0.03519178430239359,9,0.2319,36,8,0,1737,2,0.14285714285714285,2048,15
-0.0036256678046310982,46746000,-0.05075934926483538,14,0,dub_irish_dutch,-0.022745290771126747,12,0.2307,31,8,0,1737,1,0.07142857142857142,2176,16
-0.005223779385171789,0,-0.07313291139240505,14,0,dub_irish_dutch,-0.0261829886585474,7,0.2296,29,8,0,1737,0,0.0,2304,17
0.009354882293486714,46746000,0.1216134698153273,13,0,dub_irish_dutch,-0.03381363426645597,9,0.2284,28,8,0,1737,2,0.15384615384615385,2432,18
-0.001430830733203093,46746000,-0.017169968798437116,12,0,dub_irish_dutch,-0.02376505360007286,11,0.2273,29,8,0,1737,1,0.08333333333333333,2560,19
0.02859843310885919,46746000,0.42897649663288784,15,0,dub_irish_dutch,-0.033048837135235466,11,0.2262,32,8,0,1737,3,0.2,2688,20
-0.010121713729308666,0,-0.13158227848101267,13,0,dub_irish_dutch,-0.030321421722571056,7,0.225,38,8,0,1737,0,0.0,2816,21
0.009960855122775678,46746000,0.1294911165960838,13,0,dub_irish_dutch,-0.011218329891562462,13,0.2239,31,8,0,1737,1,0.07692307692307693,2944,22
0.02640035341453071,46746000,0.2904038875598378,11,0,dub_irish_dutch,-0.030749677990873654,10,0.2228,25,8,0,1737,2,0.18181818181818182,3072,23
0.0008563416341635784,46746000,0.01113244124412652,13,0,dub_irish_dutch,-0.027509164065122604,11,0.2217,37,8,0,1737,1,0.07692307692307693,3200,24
0.017702377941374706,46746000,0.19472615735512178,11,0,dub_irish_dutch,-0.03762755667169889,13,0.2206,25,8,0,1737,3,0.2727272727272727,3328,25
0.0006210118482912444,46746000,0.005589106634621199,9,0,dub_irish_dutch,-0.0010500972469647725,10,0.2195,33,8,0,1737,2,0.2222222222222222,3456,26
0.018316020910780408,46746000,0.20147623001858447,11,0,dub_irish_dutch,-0.022723606477181118,15,0.2184,29,8,0,1737,2,0.18181818181818182,3584,27
0.03586444689426923,0,0.2510511282598846,7,0,dub_irish_dutch,-0.017521932100256283,15,0.2173,31,8,0,1737,0,0.0,3712,28
0.013875434102878968,46746000,0.16650520923454762,12,0,dub_irish_dutch,-0.037253053237994514,13,0.2162,34,8,0,1737,1,0.08333333333333333,3840,29
0.01403840994011886,46746000,0.1684609192814263,12,0,dub_irish_dutch,-0.021512285495797794,13,0.2151,19,8,0,1737,3,0.25,3968,30
0.0408742703591169,46746000,0.4904912443094028,12,0,dub_irish_dutch,-0.011914412180582682,16,0.214,22,8,0,1737,3,0.25,4096,31
0.05512791769243408,46746000,0.44102334153947265,8,0,dub_irish_dutch,-0.020430104186137516,14,0.213,28,8,0,1737,2,0.25,4224,32
0.06414819144174158,46746000,0.6414819144174158,10,0,dub_irish_dutch,-0.023969970022638638,20,0.2119,24,8,0,1737,4,0.4,4352,33
0.09036720104303264,46746000,0.8133048093872938,9,0,dub_irish_dutch,-0.022143613547086716,17,0.2108,30,8,0,1737,4,0.4444444444444444,4480,34
0.09384528817318193,46746000,1.126143458078183,12,0,dub_irish_dutch,0.06645966569582622,23,0.2098,30,8,0,1737,7,0.5833333333333334,4608,35
0.08000997175181221,46746000,0.8801096892699343,11,0,dub_irish_dutch,-0.020714037741223972,21,0.2087,20,8,0,1737,5,0.45454545454545453,4736,36
0.06400016625024219,46746000,0.5120013300019375,8,0,dub_irish_dutch,-0.029369790107011795,16,0.2077,17,8,0,1737,3,0.375,4864,37
0.08868376638313527,46746000,0.8868376638313527,10,0,dub_irish_dutch,-0.020902232577403385,23,0.2066,27,8,0,1737,6,0.6,4992,38
0.1211751500381699,56754000,0.8482260502671892,7,0,dub_irish_dutch,-0.021353937685489655,22,0.2056,29,8,0,1737,4,0.5714285714285714,5120,39
0.07328569113467516,46746000,0.5862855290774013,8,0,dub_irish_dutch,-0.0261566669990619,18,0.2046,25,8,0,1737,2,0.25,5248,40
0.05362464631010823,56754000,0.5362464631010823,10,0,dub_irish_dutch,-0.0015753644208113353,15,0.2036,36,8,0,1737,3,0.3,5376,41
0.08075733583981662,46746000,0.8075733583981662,10,0,dub_irish_dutch,-0.01368433702737093,18,0.2025,24,8,0,1737,4,0.4,5504,42
0.11977346974810667,46746000,1.07796122773296,9,0,dub_irish_dutch,-0.02390616076687972,25,0.2015,31,8,0,1737,6,0.6666666666666666,5632,43
0.0932604727837802,46746000,0.7460837822702416,8,0,dub_irish_dutch,0.010356412579615911,22,0.2005,29,8,0,1737,3,0.375,5760,44
0.04926740466199201,46746000,0.6404762606058961,13,0,dub_irish_dutch,-0.030513969560464222,15,0.1995,34,8,0,1737,4,0.3076923076923077,5888,45
0.07394092899513893,46746000,0.8872911479416672,12,0,dub_irish_dutch,-0.02847140779097875,22,0.1985,29,8,0,1737,5,0.4166666666666667,6016,46
0.10832420149999636,46746000,1.0832420149999635,10,0,dub_irish_dutch,-0.03280716513593992,23,0.1975,27,8,0,1737,5,0.5,6144,47
0.17883588147948884,56754000,1.4306870518359107,8,0,dub_irish_dutch,-0.013623464852571487,24,0.1965,22,8,0,1737,5,0.625,6272,48
0.10656524558798977,46746000,1.0656524558798977,10,0,dub_irish_dutch,-0.024103935807943344,28,0.1956,21,8,0,1737,6,0.6,6400,49
0.16437328397610854,46746000,1.1506129878327598,7,0,dub_irish_dutch,0.0037401150912046432,22,0.1946,29,8,0,1737,4,0.5714285714285714,6528,50
0.17014837411257527,46746000,1.1910386187880269,7,0,dub_irish_dutch,-0.025763253991802532,23,0.1936,14,8,0,1737,5,0.7142857142857143,6656,51
0.039873347890895736,0,0.3189867831271659,8,0,dub_irish_dutch,-0.023483405510584515,16,0.1926,32,8,0,1737,0,0.0,6784,52
0.12255850651272457,46746000,1.2255850651272457,10,0,dub_irish_dutch,-0.009006763187547525,23,0.1917,27,8,0,1737,5,0.5,6912,53
0.0989604615473211,46746000,0.6927232308312478,7,0,dub_irish_dutch,-0.007214515780409177,21,0.1907,32,8,0,1737,1,0.14285714285714285,7040,54
0.14307152622840028,46746000,1.1445722098272022,8,0,dub_irish_dutch,-0.020625914136568706,25,0.1898,23,8,0,1737,3,0.375,7168,55
0.12588257267239059,46746000,0.881178008706734,7,0,dub_irish_dutch,-0.021952785551548004,24,0.1888,19,8,0,1737,2,0.2857142857142857,7296,56
0.27319919873542614,46746000,1.3659959936771306,5,0,dub_irish_dutch,-0.019400148342053097,24,0.1879,16,8,0,1737,2,0.4,7424,57
0.168583897886985,46746000,1.34867118309588,8,0,dub_irish_dutch,-0.026782051970561344,25,0.1869,20,8,0,1737,4,0.5,7552,58
0.16033928640606296,46746000,0.9620357184363777,6,0,dub_irish_dutch,-0.02214726743598779,22,0.186,21,8,0,1737,2,0.3333333333333333,7680,59
0.15058296575031632,46746000,1.0540807602522142,7,0,dub_irish_dutch,-0.025857193395495415,22,0.1851,23,8,0,1737,3,0.42857142857142855,7808,60
0.1785125247592768,46746000,1.0710751485556609,6,0,dub_irish_dutch,-0.02489201972881953,21,0.1841,19,8,0,1737,1,0.16666666666666666,7936,61
0.1878219454126438,46746000,1.3147536178885066,7,0,dub_irish_dutch,-0.0005137226544320583,24,0.1832,23,8,0,1737,4,0.5714285714285714,8064,62
0.24299107894926839,46746000,1.4579464736956103,6,0,dub_irish_dutch,-0.004411100875586271,25,0.1823,17,8,0,1737,3,0.5,8192,63
0.4329406714620407,0,1.298822014386122,3,0,dub_irish_dutch,-0.019247487808267277,27,0.1814,18,8,0,1737,0,0.0,8320,64
0.32108274346000193,46746000,1.2843309738400077,4,0,dub_irish_dutch,-0.019803866744041443,24,0.1805,17,8,0,1737,1,0.25,8448,65
0.19929411187759447,38921400,1.1957646712655667,6,0,dub_irish_dutch,0.015992037020623684,21,0.1796,18,8,0,1737,2,0.3333333333333333,8576,66
0.15094418676273233,56754000,1.2075534941018586,8,0,dub_irish_dutch,-0.013682260488470396,23,0.1787,20,8,0,1737,2,0.25,8704,67
0.345200016933944,46746000,1.380800067735776,4,0,dub_irish_dutch,-0.009990929625928402,24,0.1778,23,8,0,1737,2,0.5,8832,68
0.2585680416921927,0,1.0342721667687709,4,0,dub_irish_dutch,-0.008944553788751364,21,0.1769,22,8,0,1737,0,0.0,8960,69
0.22471217369314275,46746000,1.3482730421588565,6,0,dub_irish_dutch,-0.016465050478776295,23,0.176,19,8,0,1737,1,0.16666666666666666,9088,70
0.1598977418767842,0,0.9593864512607053,6,0,dub_irish_dutch,-0.010454787872731686,19,0.1751,28,8,0,1737,0,0.0,9216,71
1.496465511521947,0,1.496465511521947,1,0,dub_irish_dutch,-0.019627575141688187,25,0.1743,21,8,0,1737,0,0.0,9344,72
0.4094573737559614,46746000,1.6378294950238457,4,0,dub_irish_dutch,-0.009016142847637335,30,0.1734,19,8,0,1737,3,0.75,9472,73
0.7342670384911935,46746000,1.468534076982387,2,0,dub_irish_dutch,-0.01330909381310145,26,0.1725,27,8,0,1737,1,0.5,9600,74
0.15113590597777116,8078400,0.9068154358666269,6,0,dub_irish_dutch,-0.016612714156508446,23,0.1717,25,8,0,1737,1,0.16666666666666666,9728,75
0.4125432733223604,0,1.2376298199670812,3,0,dub_irish_dutch,-0.002759319574882587,23,0.1708,25,8,0,1737,0,0.0,9856,76
0.5047266061605266,56754000,1.5141798184815796,3,0,dub_irish_dutch,-0.004567300279935201,26,0.1699,24,8,0,1737,1,0.3333333333333333,9984,77
0.3516326733844687,56754000,1.4065306935378747,4,0,dub_irish_dutch,-0.010584664220611254,24,0.1691,24,8,0,1737,1,0.25,10112,78
0.3857256908512225,46746000,1.54290276340489,4,0,dub_irish_dutch,0.004645105140904586,25,0.1683,21,8,0,1737,1,0.25,10240,79
0.5702872981444939,46746000,1.1405745962889877,2,0,dub_irish_dutch,0.016922478874524433,24,0.1674,28,8,0,1737,1,0.5,10368,80
0.28614275607858,56754000,1.4307137803928998,5,0,dub_irish_dutch,-0.01951633393764496,25,0.1666,15,8,0,1737,2,0.4,10496,81
0.40357256130491564,46746000,1.6142902452196626,4,0,dub_irish_dutch,-0.01227933851381143,28,0.1657,25,8,0,1737,2,0.5,10624,82
0.4046720575022463,0,1.2140161725067389,3,0,dub_irish_dutch,-0.002416756935417652,23,0.1649,24,8,0,1737,0,0.0,10752,83
0.4495063414516749,0,1.3485190243550247,3,0,dub_irish_dutch,-0.010927435321112474,22,0.1641,21,8,0,1737,0,0.0,10880,84
0.4258690854443062,0,1.2776072563329186,3,0,dub_irish_dutch,0.001574156650652488,25,0.1633,22,8,0,1737,0,0.0,11008,85
0.24987718051231292,56754000,1.4992630830738776,6,0,dub_irish_dutch,-0.005263924443473418,25,0.1625,28,8,0,1737,3,0.5,11136,86
0.23985638946523938,46746000,1.1992819473261969,5,0,dub_irish_dutch,-0.013545706868171692,22,0.1616,19,8,0,1737,1,0.2,11264,87
1.3243424218449174,0,1.3243424218449174,1,0,dub_irish_dutch,-0.00697061683361729,24,0.1608,17,8,0,1737,0,0.0,11392,88
0.3217608997461013,46746000,1.2870435989844051,4,0,dub_irish_dutch,0.008789916522800922,21,0.16,30,8,0,1737,1,0.25,11520,89
0.3274287733592847,23373000,1.3097150934371389,4,0,dub_irish_dutch,0.004900412323574225,25,0.1592,25,8,0,1737,1,0.25,11648,90
0.41382281087552947,0,1.2414684326265883,3,0,dub_irish_dutch,-0.009190097451210022,24,0.1584,19,8,0,1737,0,0.0,11776,91
0.4187074225583293,0,1.256122267674988,3,0,dub_irish_dutch,-0.016001167086263497,19,0.1576,25,8,0,1737,0,0.0,11904,92
0.6599581112644869,46746000,1.3199162225289738,2,0,dub_irish_dutch,-0.007990197899440924,24,0.1569,11,8,0,1737,1,0.5,12032,93
0.6551604335361777,56754000,1.965481300608533,3,0,dub_irish_dutch,-0.022456762691338856,27,0.1561,17,8,0,1737,2,0.6666666666666666,12160,94
0.26323411006949793,0,1.0529364402779917,4,0,dub_irish_dutch,0.01985502801835537,23,0.1553,19,8,0,1737,0,0.0,12288,95
0.3549614876010265,46746000,1.419845950404106,4,0,dub_irish_dutch,-0.003509900843103727,23,0.1545,25,8,0,1737,1,0.25,12416,96
0.7923607278866343,0,1.5847214557732685,2,0,dub_irish_dutch,-0.0004403619095683098,27,0.1537,13,8,0,1737,0,0.0,12544,97
0.5722057407676026,56754000,1.7166172223028078,3,0,dub_irish_dutch,-0.012359431634346644,25,0.153,17,8,0,1737,1,0.3333333333333333,12672,98
0.4447544696168411,0,1.3342634088505234,3,0,dub_irish_dutch,-0.004903755616396666,26,0.1522,16,8,0,1737,0,0.0,12800,99
-0.027062102612787964,0,-0.35180733396624353,13,0,dub_irish_dutch,-0.018385233357548714,6,0.25,30,9,0,1738,0,0.0,128,0
-0.011012805604660388,46746000,-0.16519208406990582,15,0,dub_irish_dutch,-0.016372968442738056,9,0.2487,37,9,0,1738,2,0.13333333333333333,256,1
-0.009902045342888518,46746000,-0.13862863480043924,14,0,dub_irish_dutch,-0.01983818660179774,7,0.2475,27,9,0,1738,1,0.07142857142857142,384,2
0.007637811122741431,6210000,0.10692935571838004,14,0,dub_irish_dutch,-0.026937488466501236,11,0.2463,39,9,0,1738,2,0.14285714285714285,512,3
0.01859858469837102,46746000,0.22318301638045224,12,0,dub_irish_dutch,-0.019715620825688045,11,0.245,34,9,0,1738,3,0.25,640,4
-0.0008105223613358651,0,-0.011347313058702112,14,0,dub_irish_dutch,-0.016131197412808735,7,0.2438,42,9,0,1738,0,0.0,768,5
-0.01850167600479322,46746000,-0.2590234640671051,14,0,dub_irish_dutch,-0.02326013644536336,6,0.2426,30,9,0,1738,1,0.07142857142857142,896,6
-0.012695758981882707,0,-0.1904363847282406,15,0,dub_irish_dutch,-0.017941178133090336,6,0.2414,22,9,0,1738,0,0.0,1024,7
-0.0008524897480120198,46746000,-0.011934856472168277,14,0,dub_irish_dutch,-0.02263987436890602,5,0.2402,32,9,0,1738,1,0.07142857142857142,1152,8
0.004713267388494406,46746000,0.06598574343892169,14,0,dub_irish_dutch,-0.026887269069751103,14,0.239,31,9,0,1738,3,0.21428571428571427,1280,9
-0.009741317316550181,46746000,-0.12663712511515235,13,0,dub_irish_dutch,-0.02103826714058717,10,0.2378,31,9,0,1738,1,0.07692307692307693,1408,10
-0.009454722492697175,0,-0.12291139240506327,13,0,dub_irish_dutch,-0.021560519312818844,5,0.2366,30,9,0,1738,0,0.0,1536,11
-0.009358165671929153,0,-0.1403724850789373,15,0,dub_irish_dutch,-0.02904029997686545,10,0.2354,40,9,0,1738,0,0.0,1664,12
-0.012787949750273612,0,-0.16624334675355695,13,0,dub_irish_dutch,-0.02368351196249326,6,0.2342,33,9,0,1738,0,0.0,1792,13
-0.011095727848101263,0,-0.13314873417721515,12,0,dub_irish_dutch,-0.020656417434414227,8,0.2331,26,9,0,1738,0,0.0,1920,14
0.0036668255540830636,46746000,0.05866920886532902,16,0,dub_irish_dutch,-0.030842774237195652,7,0.2319,35,9,0,1738,1,0.0625,2048,15
0.014449427397679238,46746000,0.1589437013744716,11,0,dub_irish_dutch,-0.029571092997988064,12,0.2307,33,9,0,1738,1,0.09090909090909091,2176,16
0.013960157487107046,46746000,0.22336251979371274,16,0,dub_irish_dutch,-0.025207703312238056,9,0.2296,18,9,0,1738,1,0.0625,2304,17
-0.024110917941976038,0,-0.3134419332456885,13,0,dub_irish_dutch,-0.020226869732141495,8,0.2284,31,9,0,1738,0,0.0,2432,18
0.001608273056057865,46746000,0.02251582278481011,14,0,dub_irish_dutch,-0.020386332646012306,6,0.2273,26,9,0,1738,1,0.07142857142857142,2560,19
-0.0018387294141168759,0,-0.023903482383519387,13,0,dub_irish_dutch,-0.027406740933656693,8,0.2262,30,9,0,1738,0,0.0,2688,20
0.007873982825741305,46746000,0.09448779390889567,12,0,dub_irish_dutch,-0.02667839266359806,10,0.225,24,9,0,1738,2,0.16666666666666666,2816,21
-0.020884524493892397,0,-0.22972976943281637,11,0,dub_irish_dutch,-0.025651711970567703,8,0.2239,32,9,0,1738,0,0.0,2944,22
-0.0005864317291546611,0,-0.007623612479010595,13,0,dub_irish_dutch,-0.028076252589623134,5,0.2228,23,9,0,1738,0,0.0,3072,23
0.04673236649112488,56754000,0.7009854973668732,15,0,dub_irish_dutch,-0.019949179142713547,14,0.2217,26,9,0,1738,4,0.26666666666666666,3200,24
0.03465274985429436,56754000,0.4158329982515323,12,0,dub_irish_dutch,-0.02565619784096877,11,0.2206,23,9,0,1738,2,0.16666666666666666,3328,25
0.00901127506214544,46746000,0.12615785087003617,14,0,dub_irish_dutch,-0.03390053038795789,14,0.2195,39,9,0,1738,3,0.21428571428571427,3456,26
0.009353815530376395,2678400,0.09353815530376396,10,0,dub_irish_dutch,-0.013908227595190207,11,0.2184,31,9,0,1738,2,0.2,3584,27
0.036904992801671206,46746000,0.4428599136200545,12,0,dub_irish_dutch,-0.013487090356647968,17,0.2173,30,9,0,1738,3,0.25,3712,28
0.05658638367169154,46746000,0.5658638367169154,10,0,dub_irish_dutch,-0.02721416763961315,19,0.2162,23,9,0,1738,4,0.4,3840,29
0.03721786579012082,46746000,0.48383225527157064,13,0,dub_irish_dutch,-0.031805384904146194,13,0.2151,30,9,0,1738,3,0.23076923076923078,3968,30
0.04733889145492511,56754000,0.5680666974591013,12,0,dub_irish_dutch,-0.02569060834745566,13,0.214,33,9,0,1738,4,0.3333333333333333,4096,31
0.06378695994413794,56754000,0.7016565593855173,11,0,dub_irish_dutch,-0.00041319429874420166,16,0.213,23,9,0,1738,4,0.36363636363636365,4224,32
0.03478025825863308,46746000,0.417363099103597,12,0,dub_irish_dutch,-0.03441068157553673,15,0.2119,35,9,0,1738,3,0.25,4352,33
0.0654897990266833,46746000,1.1788163824802993,18,0,dub_irish_dutch,-0.024253460268179577,22,0.2108,27,9,0,1738,9,0.5,4480,34
0.04571398230546502,56754000,0.5942817699710453,13,0,dub_irish_dutch,-0.0041370997205376625,18,0.2098,36,9,0,1738,4,0.3076923076923077,4608,35
0.09210131383624698,46746000,1.1052157660349637,12,0,dub_irish_dutch,-0.02536828691760699,24,0.2087,26,9,0,1738,6,0.5,4736,36
0.08195178863000208,46746000,1.065373252190027,13,0,dub_irish_dutch,-0.03538983811934789,24,0.2077,32,9,0,1738,7,0.5384615384615384,4864,37
0.120633833808072,56754000,1.20633833808072,10,0,dub_irish_dutch,-0.028346027558048565,27,0.2066,17,9,0,1738,6,0.6,4992,38
0.07168269142560649,46746000,0.7885096056816714,11,0,dub_irish_dutch,-0.011367790090541044,25,0.2056,34,9,0,1738,4,0.36363636363636365,5120,39
0.1468108447481546,56754000,1.468108447481546,10,0,dub_irish_dutch,-0.002247386301557223,29,0.2046,22,9,0,1738,7,0.7,5248,40
0.14205829938682085,56754000,1.1364663950945668,8,0,dub_irish_dutch,-0.022531508778532345,22,0.2036,23,9,0,1738,4,0.5,5376,41
0.2516629054407731,0,1.0066516217630923,4,0,dub_irish_dutch,-0.027954548597335815,24,0.2025,23,9,0,1738,0,0.0,5504,42
0.14064882723922906,46746000,1.2658394451530615,9,0,dub_irish_dutch,-0.017788814070324104,25,0.2015,30,9,0,1738,5,0.5555555555555556,5632,43
0.20197478365525226,46746000,1.2118487019315136,6,0,dub_irish_dutch,0.003590214066207409,24,0.2005,32,9,0,1738,3,0.5,5760,44
0.13383287095040752,56754000,1.2044958385536677,9,0,dub_irish_dutch,-0.02131798428793748,26,0.1995,32,9,0,1738,3,0.3333333333333333,5888,45
0.1056275386437756,46746000,1.1619029250815316,11,0,dub_irish_dutch,-0.010865227629741033,24,0.1985,27,9,0,1738,3,0.2727272727272727,6016,46
0.21503724419217413,56754000,1.720297953537393,8,0,dub_irish_dutch,0.038229877750078835,27,0.1975,26,9,0,1738,5,0.625,6144,47
0.4258938348334615,46746000,1.703575339333846,4,0,dub_irish_dutch,-0.008288609329611063,28,0.1965,26,9,0,1738,4,1.0,6272,48
0.13716017628832258,46746000,1.2344415865949032,9,0,dub_irish_dutch,-0.0013431529514491558,28,0.1956,34,9,0,1738,6,0.6666666666666666,6400,49
0.1828030746865373,46746000,1.4624245974922985,8,0,dub_irish_dutch,-0.0019368669018149376,27,0.1946,25,9,0,1738,3,0.375,6528,50
0.23450961955552274,56754000,1.4070577173331364,6,0,dub_irish_dutch,-0.020678636928399403,25,0.1936,26,9,0,1738,2,0.3333333333333333,6656,51
0.28538268946139767,46746000,1.4269134473069884,5,0,dub_irish_dutch,0.015402314563592276,27,0.1926,21,9,0,1738,2,0.4,6784,52
0.2323777570990797,56754000,1.3942665425944782,6,0,dub_irish_dutch,0.4324318567911784,23,0.1917,26,9,0,1738,1,0.16666666666666666,6912,53
0.16625797688094773,46746000,1.163805838166634,7,0,dub_irish_dutch,-0.024196379507581394,26,0.1907,30,9,0,1738,2,0.2857142857142857,7040,54
0.3023331890612967,0,1.2093327562451868,4,0,dub_irish_dutch,0.05145429943998655,22,0.1898,26,9,0,1738,0,0.0,7168,55
0.19888532491416377,46746000,1.1933119494849826,6,0,dub_irish_dutch,-0.030483338981866837,26,0.1888,19,9,0,1738,1,0.16666666666666666,7296,56
0.4758847200164739,56754000,1.4276541600494217,3,0,dub_irish_dutch,-0.01621229698260625,24,0.1879,20,9,0,1738,1,0.3333333333333333,7424,57
0.8943384761610589,46746000,1.7886769523221178,2,0,dub_irish_dutch,-0.026350118219852448,26,0.1869,18,9,0,1738,1,0.5,7552,58
0.7867563008399111,46746000,1.5735126016798222,2,0,dub_irish_dutch,-0.006956185369441907,23,0.186,19,9,0,1738,1,0.5,7680,59
0.15738798480561364,2322000,1.1017158936392955,7,0,dub_irish_dutch,0.21479415396849313,23,0.1851,28,9,0,1738,1,0.14285714285714285,7808,60
0.8232034867455236,46746000,1.6464069734910471,2,0,dub_irish_dutch,-0.0032765474170446396,27,0.1841,17,9,0,1738,1,0.5,7936,61
0.19962062832629682,46746000,1.3973443982840776,7,0,dub_irish_dutch,0.009268884547054768,25,0.1832,25,9,0,1738,1,0.14285714285714285,8064,62
0.2753232692497086,46746000,1.376616346248543,5,0,dub_irish_dutch,0.05518673608700434,25,0.1823,33,9,0,1738,2,0.4,8192,63
0.32048685084646716,56754000,1.6024342542323358,5,0,dub_irish_dutch,-0.011422599665820599,25,0.1814,22,9,0,1738,2,0.4,8320,64
0.1523171372617444,0,0.9139028235704664,6,0,dub_irish_dutch,-0.0018388658451537292,24,0.1805,25,9,0,1738,0,0.0,8448,65
0.31020087341280916,46746000,1.2408034936512367,4,0,dub_irish_dutch,0.0044318462411562605,22,0.1796,25,9,0,1738,1,0.25,8576,66
1.4602119031574892,0,1.4602119031574892,1,0,dub_irish_dutch,-0.010976762510836124,23,0.1787,19,9,0,1738,0,0.0,8704,67
0.3356506935924838,56754000,1.678253467962419,5,0,dub_irish_dutch,-0.0007053579514225324,26,0.1778,20,9,0,1738,2,0.4,8832,68
0.20095156706622483,46746000,1.205709402397349,6,0,dub_irish_dutch,0.031022070596615475,23,0.1769,28,9,0,1738,2,0.3333333333333333,8960,69
0.25247511777411435,46746000,1.5148507066446861,6,0,dub_irish_dutch,0.0010322981203595798,26,0.176,19,9,0,1738,2,0.3333333333333333,9088,70
0.586765709488555,0,1.17353141897711,2,0,dub_irish_dutch,-0.007442574171970288,22,0.1751,25,9,0,1738,0,0.0,9216,71
1.7549154072006155,0,1.7549154072006155,0,0,dub_irish_dutch,-0.016122807438174885,26,0.1743,21,9,0,1738,0,0.0,9344,72
0.5180010939185652,56754000,1.5540032817556957,3,0,dub_irish_dutch,-0.0028947413278122744,25,0.1734,24,9,0,1738,2,0.6666666666666666,9472,73
0.7600927880594993,0,1.5201855761189986,2,0,dub_irish_dutch,0.06889182329177856,26,0.1725,25,9,0,1738,0,0.0,9600,74
0.41245580086397754,46746000,1.6498232034559102,4,0,dub_irish_dutch,0.05075806379318237,28,0.1717,17,9,0,1738,2,0.5,9728,75
0.1745824277016166,0,1.0474945662096997,6,0,dub_irish_dutch,-0.011129884825398525,22,0.1708,19,9,0,1738,0,0.0,9856,76
0.8791080528614746,46746000,1.7582161057229493,2,0,dub_irish_dutch,0.0037936417696376643,26,0.1699,22,9,0,1738,1,0.5,9984,77
0.3666737831276591,56754000,1.4666951325106363,4,0,dub_irish_dutch,-0.0001881482700506846,23,0.1691,23,9,0,1738,1,0.25,10112,78
0.19712912096953994,56754000,1.1827747258172396,6,0,dub_irish_dutch,1.7784669399261475,27,0.1683,25,9,0,1738,1,0.16666666666666666,10240,79
0.4085157265294088,46746000,1.6340629061176353,4,0,dub_irish_dutch,-0.0160215279708306,27,0.1674,20,9,0,1738,3,0.75,10368,80
0.2741746414740961,46746000,1.3708732073704804,5,0,dub_irish_dutch,0.006536756797383229,24,0.1666,24,9,0,1738,1,0.2,10496,81
0.14036346024258764,0,1.1229076819407011,8,0,dub_irish_dutch,-0.01180732250213623,22,0.1657,21,9,0,1738,0,0.0,10624,82
0.2375222371967654,0,1.187611185983827,5,0,dub_irish_dutch,0.0048819238630433874,21,0.1649,25,9,0,1738,0,0.0,10752,83
0.8145964394012319,0,1.6291928788024639,2,0,dub_irish_dutch,0.11478455364704132,27,0.1641,17,9,0,1738,0,0.0,10880,84
0.29767947015185797,0,1.1907178806074319,4,0,dub_irish_dutch,0.00510977612187465,22,0.1633,26,9,0,1738,0,0.0,11008,85
1.7350520432229493,0,1.7350520432229493,1,0,dub_irish_dutch,-0.007478388026356697,27,0.1625,12,9,0,1738,0,0.0,11136,86
0.2892410989586924,56754000,1.446205494793462,5,0,dub_irish_dutch,0.014671163323024908,23,0.1616,28,9,0,1738,1,0.2,11264,87
0.8352745956873313,0,1.6705491913746626,2,0,dub_irish_dutch,-0.01978204833964507,24,0.1608,19,9,0,1738,0,0.0,11392,88
0.21620675930159802,0,1.0810337965079901,5,0,dub_irish_dutch,0.01071645567814509,23,0.16,25,9,0,1738,0,0.0,11520,89
0.4180299851012772,0,1.2540899553038316,3,0,dub_irish_dutch,-0.0038284766487777233,21,0.1592,12,9,0,1738,0,0.0,11648,90
1.6068175418752402,0,1.6068175418752402,1,0,dub_irish_dutch,-0.007842354166011015,26,0.1584,20,9,0,1738,0,0.0,11776,91
0.18257245125293664,46746000,1.0954347075176198,6,0,dub_irish_dutch,-0.004219227160016696,23,0.1576,25,9,0,1738,1,0.16666666666666666,11904,92
0.2212613514892985,46746000,1.3275681089357911,6,0,dub_irish_dutch,-0.022010484089454014,24,0.1569,17,9,0,1738,1,0.16666666666666666,12032,93
1.707167073712911,0,1.707167073712911,0,0,dub_irish_dutch,-0.007770900925000508,26,0.1561,18,9,0,1738,0,0.0,12160,94
0.16077886343216538,0,0.9646731805929923,6,0,dub_irish_dutch,0.012073267251253128,21,0.1553,23,9,0,1738,0,0.0,12288,95
1.735052043222949,0,1.735052043222949,1,0,dub_irish_dutch,-0.0025569542000691095,25,0.1545,18,9,0,1738,0,0.0,12416,96
0.7358524258760106,0,1.4717048517520213,2,0,dub_irish_dutch,0.0197088240335385,22,0.1537,16,9,0,1738,0,0.0,12544,97
0.5597450433593247,46746000,1.6792351300779742,3,0,dub_irish_dutch,-0.014741475383440653,26,0.153,19,9,0,1738,1,0.3333333333333333,12672,98
0.20144982610207812,2322000,1.0072491305103906,5,0,dub_irish_dutch,-0.014422102520863215,23,0.1522,17,9,0,1738,1,0.2,12800,99
