avg_entropy,avg_reward_per_episode,best_tax_advantage,cumulative_reward,dead_end_count,episode_count,invalid_count,loophole,loss,positive_reward_count,random_action_prob,random_exploration_count,run,saved_snapshots,seed,success_count,success_rate,total_steps,update
1.9499840359203517,-8.0,0,-128,0,16,128,subsidiary_stock_comp,0.6591912905375162,0,0.25,30,0,0,1729,0,0.0,128,0
3.5091297328472137,-7.9375,0,-127,0,16,127,subsidiary_stock_comp,0.5168986519177755,0,0.2487,38,0,0,1729,0,0.0,256,1
3.3415825683623552,-7.9375,0,-127,0,16,127,subsidiary_stock_comp,0.4612862169742584,0,0.2475,22,0,0,1729,0,0.0,384,2
3.530278829857707,-7.875,0,-126,0,16,126,subsidiary_stock_comp,0.4607397715250651,0,0.2463,36,0,0,1729,0,0.0,512,3
3.663696277886629,-7.6875,0,-123,0,16,123,subsidiary_stock_comp,0.43633708357810974,0,0.245,25,0,0,1729,0,0.0,640,4
3.6846618792042136,-7.875,0,-126,0,16,126,subsidiary_stock_comp,0.8232327103614807,0,0.2438,41,0,0,1729,0,0.0,768,5
3.522722939029336,-7.875,0,-126,0,16,126,subsidiary_stock_comp,0.5323577125867208,0,0.2426,40,0,0,1729,0,0.0,896,6
3.3536930344998837,-7.625,0,-122,0,16,122,subsidiary_stock_comp,0.4323735038439433,0,0.2414,24,0,0,1729,0,0.0,1024,7
3.494616150856018,-7.4375,0,-119,0,16,119,subsidiary_stock_comp,0.3946804503599803,0,0.2402,31,0,0,1729,0,0.0,1152,8
3.5693452320992947,-7.5625,0,-121,0,16,121,subsidiary_stock_comp,0.3953997691472371,0,0.239,28,0,0,1729,0,0.0,1280,9
3.86352514103055,-6.75,0,-108,0,16,108,subsidiary_stock_comp,0.2531691640615463,0,0.2378,32,0,0,1729,0,0.0,1408,10
3.848829908296466,-6.8125,0,-109,0,16,109,subsidiary_stock_comp,0.2741729219754537,0,0.2366,28,0,0,1729,0,0.0,1536,11
4.105685230344534,-7.0,0,-112,0,16,112,subsidiary_stock_comp,0.2557865232229233,0,0.2354,33,0,0,1729,0,0.0,1664,12
4.1938309306278825,-6.25,0,-100,0,16,100,subsidiary_stock_comp,0.36836780110994977,0,0.2342,27,0,0,1729,0,0.0,1792,13
4.359205527231097,-6.5,0,-104,0,16,104,subsidiary_stock_comp,0.1357166866461436,0,0.2331,40,0,0,1729,0,0.0,1920,14
4.4449925981462,-6.625,0,-106,0,16,106,subsidiary_stock_comp,0.2486373484134674,0,0.2319,32,0,0,1729,0,0.0,2048,15
4.725055910646915,-6.3125,0,-101,0,16,101,subsidiary_stock_comp,0.16968654096126556,0,0.2307,27,0,0,1729,0,0.0,2176,16
4.477952305227518,-6.4375,0,-103,0,16,103,subsidiary_stock_comp,0.22438319524129233,0,0.2296,26,0,0,1729,0,0.0,2304,17
4.302225176244974,-5.9375,0,-95,0,16,95,subsidiary_stock_comp,0.02443699538707733,0,0.2284,23,0,0,1729,0,0.0,2432,18
4.016692414879799,-5.5,0,-88,0,16,88,subsidiary_stock_comp,0.10491504768530528,0,0.2273,26,0,0,1729,0,0.0,2560,19
3.724591111764312,-5.1875,0,-83,0,16,83,subsidiary_stock_comp,-0.03730715066194534,0,0.2262,24,0,0,1729,0,0.0,2688,20
3.7256147069856524,-4.0625,0,-65,0,16,65,subsidiary_stock_comp,0.03440260887145996,0,0.225,32,0,0,1729,0,0.0,2816,21
3.1449749739840627,-3.6875,0,-59,0,16,59,subsidiary_stock_comp,0.14604503164688745,0,0.2239,25,0,0,1729,0,0.0,2944,22
3.310174211859703,-3.375,0,-54,0,16,54,subsidiary_stock_comp,0.0271607240041097,0,0.2228,37,0,0,1729,0,0.0,3072,23
2.8841585917398334,-3.0,0,-48,0,16,48,subsidiary_stock_comp,0.04595561325550079,0,0.2217,28,0,0,1729,0,0.0,3200,24
2.693801505956799,-2.4375,0,-39,0,16,39,subsidiary_stock_comp,0.010461288193861643,0,0.2206,26,0,0,1729,0,0.0,3328,25
2.5182643458247185,-2.0,0,-32,0,16,32,subsidiary_stock_comp,0.029569081962108612,0,0.2195,25,0,0,1729,0,0.0,3456,26
2.4428444746881723,-2.125,0,-34,0,16,34,subsidiary_stock_comp,-0.013866936167081198,0,0.2184,25,0,0,1729,0,0.0,3584,27
2.2902344604954123,-1.75,0,-28,0,16,28,subsidiary_stock_comp,-0.033518808583418526,0,0.2173,23,0,0,1729,0,0.0,3712,28
2.322086522821337,-1.8125,0,-29,0,16,29,subsidiary_stock_comp,0.020636382202307384,0,0.2162,22,0,0,1729,0,0.0,3840,29
2.3007681304588914,-2.125,0,-34,0,16,34,subsidiary_stock_comp,0.08731058984994888,0,0.2151,24,0,0,1729,0,0.0,3968,30
2.323690610937774,-1.75,0,-28,0,16,28,subsidiary_stock_comp,0.03365976611773173,0,0.214,21,0,0,1729,0,0.0,4096,31
2.3573005693033338,-2.125,0,-34,0,16,34,subsidiary_stock_comp,0.04284317046403885,0,0.213,31,0,0,1729,0,0.0,4224,32
1.9754314683377743,-1.75,0,-28,0,16,28,subsidiary_stock_comp,0.1096559576690197,0,0.2119,26,0,0,1729,0,0.0,4352,33
2.2712250519543886,-2.25,0,-36,0,16,36,subsidiary_stock_comp,0.12575887143611908,0,0.2108,33,0,0,1729,0,0.0,4480,34
2.2794689531438053,-2.25,0,-36,0,16,36,subsidiary_stock_comp,0.11705290401975314,0,0.2098,34,0,0,1729,0,0.0,4608,35
1.9421557486057281,-1.9375,0,-31,0,16,31,subsidiary_stock_comp,0.11158154966930549,0,0.2087,26,0,0,1729,0,0.0,4736,36
2.219152210280299,-2.0625,0,-33,0,16,33,subsidiary_stock_comp,0.08740222329894702,0,0.2077,33,0,0,1729,0,0.0,4864,37
1.9459195262752473,-1.75,0,-28,0,16,28,subsidiary_stock_comp,-0.02540458490451177,0,0.2066,23,0,0,1729,0,0.0,4992,38
2.412625723518431,-1.9375,0,-31,0,16,31,subsidiary_stock_comp,0.44672349095344543,0,0.2056,31,0,0,1729,0,0.0,5120,39
1.970729454420507,-1.8125,0,-29,0,16,29,subsidiary_stock_comp,-0.006504528224468231,0,0.2046,24,0,0,1729,0,0.0,5248,40
2.0436328751966357,-2.0625,0,-33,0,16,33,subsidiary_stock_comp,0.014343644181887308,0,0.2036,30,0,0,1729,0,0.0,5376,41
1.414256394840777,-1.4375,0,-23,0,16,23,subsidiary_stock_comp,-0.032468212147553764,0,0.2025,20,0,0,1729,0,0.0,5504,42
1.681840785779059,-1.6875,0,-27,0,16,27,subsidiary_stock_comp,-0.006044704467058182,0,0.2015,23,0,0,1729,0,0.0,5632,43
1.8153813648968935,-1.9375,0,-31,0,16,31,subsidiary_stock_comp,-0.035594687486688294,0,0.2005,27,0,0,1729,0,0.0,5760,44
1.855681008193642,-1.75,0,-28,0,16,28,subsidiary_stock_comp,-0.03298641120394071,0,0.1995,25,0,0,1729,0,0.0,5888,45
1.8944399124011397,-2.125,0,-34,0,16,34,subsidiary_stock_comp,-0.010673037419716517,0,0.1985,28,0,0,1729,0,0.0,6016,46
1.3064969524275512,-1.5,0,-24,0,16,24,subsidiary_stock_comp,0.06293688528239727,0,0.1975,19,0,0,1729,0,0.0,6144,47
1.2326860448811203,-1.5,0,-24,0,16,24,subsidiary_stock_comp,0.1334774394830068,0,0.1965,20,0,0,1729,0,0.0,6272,48
1.4171782804187387,-1.75,0,-28,0,16,28,subsidiary_stock_comp,0.16714485610524812,0,0.1956,27,0,0,1729,0,0.0,6400,49
1.0421711509115994,-1.25,0,-20,0,16,20,subsidiary_stock_comp,0.21252169956763586,0,0.1946,16,0,0,1729,0,0.0,6528,50
1.6291690508369356,-1.6875,0,-27,0,16,27,subsidiary_stock_comp,0.030214790254831314,0,0.1936,25,0,0,1729,0,0.0,6656,51
1.5445307476911694,-1.625,0,-26,0,16,26,subsidiary_stock_comp,0.002187158912420273,0,0.1926,21,0,0,1729,0,0.0,6784,52
1.9382111383602023,-1.8125,0,-29,0,16,29,subsidiary_stock_comp,-0.0025908872485160828,0,0.1917,28,0,0,1729,0,0.0,6912,53
1.4751171167008579,-1.4375,0,-23,0,16,23,subsidiary_stock_comp,-0.015655020251870155,0,0.1907,17,0,0,1729,0,0.0,7040,54
1.561179087497294,-1.625,0,-26,0,16,26,subsidiary_stock_comp,-0.009698798259099325,0,0.1898,22,0,0,1729,0,0.0,7168,55
1.2132292976602912,-1.3125,0,-21,0,16,21,subsidiary_stock_comp,-0.0036530432601769767,0,0.1888,14,0,0,1729,0,0.0,7296,56
1.389380999142304,-1.4375,0,-23,0,16,23,subsidiary_stock_comp,-0.01075112633407116,0,0.1879,19,0,0,1729,0,0.0,7424,57
1.43688232335262,-1.875,0,-30,0,16,30,subsidiary_stock_comp,0.017309004440903664,0,0.1869,27,0,0,1729,0,0.0,7552,58
1.378752352669835,-1.5,0,-24,0,16,24,subsidiary_stock_comp,0.10867367188135783,0,0.186,19,0,0,1729,0,0.0,7680,59
1.5819275914691389,-1.6875,0,-27,0,16,27,subsidiary_stock_comp,0.037640913700064026,0,0.1851,25,0,0,1729,0,0.0,7808,60
1.8899216656573117,-2.0,0,-32,0,16,32,subsidiary_stock_comp,0.036389010647932686,0,0.1841,32,0,0,1729,0,0.0,7936,61
1.3807718323078007,-1.5,0,-24,0,16,24,subsidiary_stock_comp,0.09867458666364352,0,0.1832,19,0,0,1729,0,0.0,8064,62
1.532873978605494,-1.8125,0,-29,0,16,29,subsidiary_stock_comp,0.14845930536588034,0,0.1823,26,0,0,1729,0,0.0,8192,63
1.6528427302837372,-1.8125,0,-29,0,16,29,subsidiary_stock_comp,0.46131541828314465,0,0.1814,27,0,0,1729,0,0.0,8320,64
1.7078901263303123,-2.1875,0,-35,0,16,35,subsidiary_stock_comp,0.04344302974641323,0,0.1805,33,0,0,1729,0,0.0,8448,65
0.8956301582511514,-1.3125,0,-21,0,16,21,subsidiary_stock_comp,0.0321540255099535,0,0.1796,18,0,0,1729,0,0.0,8576,66
1.4280411741492571,-1.875,0,-30,0,16,30,subsidiary_stock_comp,2.1364755630493164,0,0.1787,29,0,0,1729,0,0.0,8704,67
1.07202464567672,-1.6875,0,-27,0,16,27,subsidiary_stock_comp,0.0547634232789278,0,0.1778,25,0,0,1729,0,0.0,8832,68
1.0884389005368575,-1.75,0,-28,0,16,28,subsidiary_stock_comp,0.0600676778703928,0,0.1769,22,0,0,1729,0,0.0,8960,69
1.070361616613809,-1.625,0,-26,0,16,26,subsidiary_stock_comp,0.05828355563183626,0,0.176,22,0,0,1729,0,0.0,9088,70
0.7194425126654096,-1.3125,0,-21,0,16,21,subsidiary_stock_comp,0.05153348312402765,0,0.1751,15,0,0,1729,0,0.0,9216,71
1.0571423482469982,-1.5,0,-24,0,16,24,subsidiary_stock_comp,0.15732459723949432,0,0.1743,22,0,0,1729,0,0.0,9344,72
1.2789182162232464,-1.75,0,-28,0,16,28,subsidiary_stock_comp,0.1097896471619606,0,0.1734,26,0,0,1729,0,0.0,9472,73
0.9477328278735513,-1.625,0,-26,0,16,26,subsidiary_stock_comp,0.023305810367067654,0,0.1725,20,0,0,1729,0,0.0,9600,74
1.152874319232069,-1.8125,0,-29,0,16,29,subsidiary_stock_comp,0.035952732587854065,0,0.1717,25,0,0,1729,0,0.0,9728,75
1.1115488433642895,-1.75,0,-28,0,16,28,subsidiary_stock_comp,0.01672447946233054,0,0.1708,25,0,0,1729,0,0.0,9856,76
1.3892885485256556,-1.9375,0,-31,0,16,31,subsidiary_stock_comp,0.09596129010121028,0,0.1699,27,0,0,1729,0,0.0,9984,77
1.2283130417927168,-1.75,0,-28,0,16,28,subsidiary_stock_comp,0.03635123434166113,0,0.1691,28,0,0,1729,0,0.0,10112,78
0.7784431364780175,-1.4375,0,-23,0,16,23,subsidiary_stock_comp,0.06612283984820048,0,0.1683,18,0,0,1729,0,0.0,10240,79
0.7241923742185463,-1.375,0,-22,0,16,22,subsidiary_stock_comp,0.20029797653357187,0,0.1674,15,0,0,1729,0,0.0,10368,80
1.0986548295477405,-1.875,0,-30,0,16,30,subsidiary_stock_comp,0.11600587517023087,0,0.1666,23,0,0,1729,0,0.0,10496,81
0.8676528948562918,-1.25,0,-20,0,16,20,subsidiary_stock_comp,0.12751170558234057,0,0.1657,19,0,0,1729,0,0.0,10624,82
1.0822338918042078,-1.4375,0,-23,0,16,23,subsidiary_stock_comp,0.055801342551906906,0,0.1649,20,0,0,1729,0,0.0,10752,83
0.9751832444053434,-1.5,0,-24,0,16,24,subsidiary_stock_comp,0.09665350724632542,0,0.1641,19,0,0,1729,0,0.0,10880,84
1.4962786815231084,-2.0,0,-32,0,16,32,subsidiary_stock_comp,0.07235118995110194,0,0.1633,31,0,0,1729,0,0.0,11008,85
1.061082570686267,-1.9375,0,-31,0,16,31,subsidiary_stock_comp,0.13148427257935205,0,0.1625,23,0,0,1729,0,0.0,11136,86
0.9402562732684601,-1.4375,0,-23,0,16,23,subsidiary_stock_comp,0.1252692031363646,0,0.1616,19,0,0,1729,0,0.0,11264,87
0.9559626119043969,-1.5625,0,-25,0,16,25,subsidiary_stock_comp,0.14389273772637048,0,0.1608,19,0,0,1729,0,0.0,11392,88
0.9144785922508163,-1.375,0,-22,0,16,22,subsidiary_stock_comp,0.05397495813667774,0,0.16,19,0,0,1729,0,0.0,11520,89
1.0077898810995976,-1.625,0,-26,0,16,26,subsidiary_stock_comp,0.10915595774228375,0,0.1592,23,0,0,1729,0,0.0,11648,90
0.7126857764815213,-1.3125,0,-21,0,16,21,subsidiary_stock_comp,0.0734090202798446,0,0.1584,16,0,0,1729,0,0.0,11776,91
1.2860864488829975,-1.8125,0,-29,0,16,29,subsidiary_stock_comp,0.09366680743793647,0,0.1576,27,0,0,1729,0,0.0,11904,92
1.1732163881097222,-1.625,0,-26,0,16,26,subsidiary_stock_comp,0.08222696433464687,0,0.1569,25,0,0,1729,0,0.0,12032,93
1.109373073613824,-1.625,0,-26,0,16,26,subsidiary_stock_comp,0.07241190907855828,0,0.1561,24,0,0,1729,0,0.0,12160,94
0.791711496982316,-1.5625,0,-25,0,16,25,subsidiary_stock_comp,0.06775349006056786,0,0.1553,19,0,0,1729,0,0.0,12288,95
1.0131566161908268,-1.4375,0,-23,0,16,23,subsidiary_stock_comp,0.055033776288231216,0,0.1545,20,0,0,1729,0,0.0,12416,96
0.62492973913686,-1.25,0,-20,0,16,20,subsidiary_stock_comp,0.07231956937660773,0,0.1537,13,0,0,1729,0,0.0,12544,97
0.8245410129457014,-1.5,0,-24,0,16,24,subsidiary_stock_comp,0.0633276713391145,0,0.153,18,0,0,1729,0,0.0,12672,98
1.1013795214712445,-1.6875,0,-27,0,16,27,subsidiary_stock_comp,0.06646795695026715,0,0.1522,22,0,0,1729,0,0.0,12800,99
4.591878782957792,-7.9375,0,-127,0,16,127,subsidiary_stock_comp,0.39607078830401105,0,0.25,34,1,0,1730,0,0.0,128,0
4.19886201992631,-7.9375,0,-127,0,16,127,subsidiary_stock_comp,0.3498461842536926,0,0.2487,19,1,0,1730,0,0.0,256,1
4.637610798701644,-7.9375,0,-127,0,16,127,subsidiary_stock_comp,0.38109240929285687,0,0.2475,30,1,0,1730,0,0.0,384,2
4.4969079457223415,-7.875,0,-126,0,16,126,subsidiary_stock_comp,0.3929600516955058,0,0.2463,31,1,0,1730,0,0.0,512,3
4.454705899581313,-7.8125,0,-125,0,16,125,subsidiary_stock_comp,0.41407204667727154,0,0.245,27,1,0,1730,0,0.0,640,4
4.808703005313873,-7.9375,0,-127,0,16,127,subsidiary_stock_comp,0.38524123032887775,0,0.2438,31,1,0,1730,0,0.0,768,5
5.173609059303999,-7.875,0,-126,0,16,126,subsidiary_stock_comp,0.3177843888600667,0,0.2426,34,1,0,1730,0,0.0,896,6
5.096296397969127,-7.875,0,-126,0,16,126,subsidiary_stock_comp,0.3972683946291606,0,0.2414,29,1,0,1730,0,0.0,1024,7
4.6839653961360455,-8.0,0,-128,0,16,128,subsidiary_stock_comp,0.3709847033023834,0,0.2402,35,1,0,1730,0,0.0,1152,8
4.474955262616277,-7.9375,0,-127,0,16,127,subsidiary_stock_comp,0.446504145860672,0,0.239,27,1,0,1730,0,0.0,1280,9
4.642734471708536,-8.0,0,-128,0,16,128,subsidiary_stock_comp,0.38697393735249835,0,0.2378,22,1,0,1730,0,0.0,1408,10
4.840150400996208,-8.0,0,-128,0,16,128,subsidiary_stock_comp,0.33628620704015094,0,0.2366,28,1,0,1730,0,0.0,1536,11
4.945960428565741,-8.0,0,-128,0,16,128,subsidiary_stock_comp,0.3396256665388743,0,0.2354,28,1,0,1730,0,0.0,1664,12
5.365090828388929,-7.875,0,-126,0,16,126,subsidiary_stock_comp,0.28037089109420776,0,0.2342,28,1,0,1730,0,0.0,1792,13
5.319735899567604,-7.875,0,-126,0,16,126,subsidiary_stock_comp,0.3091961443424225,0,0.2331,26,1,0,1730,0,0.0,1920,14
5.0118051916360855,-8.0,0,-128,0,16,128,subsidiary_stock_comp,0.2769792973995209,0,0.2319,28,1,0,1730,0,0.0,2048,15
5.245624102652073,-8.0,0,-128,0,16,128,subsidiary_stock_comp,0.30030393600463867,0,0.2307,22,1,0,1730,0,0.0,2176,16
5.809508236125112,-7.8125,0,-125,0,16,125,subsidiary_stock_comp,0.25056740641593933,0,0.2296,23,1,0,1730,0,0.0,2304,17
5.734640434384346,-7.875,0,-126,0,16,126,subsidiary_stock_comp,0.3022469182809194,0,0.2284,31,1,0,1730,0,0.0,2432,18
6.060472629964352,-7.9375,0,-127,0,16,127,subsidiary_stock_comp,0.2997923294703166,0,0.2273,34,1,0,1730,0,0.0,2560,19
5.413487959653139,-7.875,0,-126,0,16,126,subsidiary_stock_comp,0.3061790068944295,0,0.2262,28,1,0,1730,0,0.0,2688,20
5.869104091078043,-7.875,0,-126,0,16,126,subsidiary_stock_comp,0.28965532779693604,0,0.225,24,1,0,1730,0,0.0,2816,21
5.590389160439372,-7.75,0,-124,0,16,124,subsidiary_stock_comp,0.2509433130423228,0,0.2239,21,1,0,1730,0,0.0,2944,22
6.00093587115407,-7.9375,0,-127,0,16,127,subsidiary_stock_comp,0.3549582560857137,0,0.2228,30,1,0,1730,0,0.0,3072,23
5.862550126388669,-7.75,0,-124,0,16,124,subsidiary_stock_comp,0.25004057089487713,0,0.2217,20,1,0,1730,0,0.0,3200,24
5.669934410601854,-7.8125,0,-125,0,16,125,subsidiary_stock_comp,0.2919970154762268,0,0.2206,25,1,0,1730,0,0.0,3328,25
5.8850653655827045,-7.875,0,-126,0,16,126,subsidiary_stock_comp,0.28431910276412964,0,0.2195,29,1,0,1730,0,0.0,3456,26
5.880057014524937,-7.875,0,-126,0,16,126,subsidiary_stock_comp,0.26841385165850323,0,0.2184,32,1,0,1730,0,0.0,3584,27
5.6123006865382195,-7.9375,0,-127,0,16,127,subsidiary_stock_comp,0.28109187881151837,0,0.2173,31,1,0,1730,0,0.0,3712,28
5.464110855013132,-7.8125,0,-125,0,16,125,subsidiary_stock_comp,0.3036483625570933,0,0.2162,37,1,0,1730,0,0.0,3840,29
5.3736019637435675,-8.0,0,-128,0,16,128,subsidiary_stock_comp,0.2888162434101105,0,0.2151,26,1,0,1730,0,0.0,3968,30
5.364121058955789,-7.875,0,-126,0,16,126,subsidiary_stock_comp,0.2676685055096944,0,0.214,28,1,0,1730,0,0.0,4096,31
5.504820376634598,-7.75,0,-124,0,16,124,subsidiary_stock_comp,0.24757343530654907,0,0.213,31,1,0,1730,0,0.0,4224,32
5.437203601002693,-7.8125,0,-125,0,16,125,subsidiary_stock_comp,0.28216809034347534,0,0.2119,21,1,0,1730,0,0.0,4352,33
5.134774103760719,-7.6875,0,-123,0,16,123,subsidiary_stock_comp,0.2996569573879242,0,0.2108,23,1,0,1730,0,0.0,4480,34
5.74127853102982,-7.749684343434343,1,-123.9949494949495,0,16,124,subsidiary_stock_comp,0.2571180462837219,1,0.2098,24,1,0,1730,0,0.0,4608,35
5.679600793868303,-7.6875,0,-123,0,16,123,subsidiary_stock_comp,0.2357360819975535,0,0.2087,27,1,0,1730,0,0.0,4736,36
5.852620929479599,-7.8125,0,-125,0,16,125,subsidiary_stock_comp,0.23965590198834738,0,0.2077,26,1,0,1730,0,0.0,4864,37
5.986125700175762,-7.75,0,-124,0,16,124,subsidiary_stock_comp,0.18407384554545084,0,0.2066,19,1,0,1730,0,0.0,4992,38
5.457955064252019,-7.6875,0,-123,0,16,123,subsidiary_stock_comp,0.2508089343706767,0,0.2056,24,1,0,1730,0,0.0,5120,39
5.671605180948973,-7.625,0,-122,0,16,122,subsidiary_stock_comp,0.2765528162320455,0,0.2046,26,1,0,1730,0,0.0,5248,40
5.323087863624096,-7.8125,0,-125,0,16,125,subsidiary_stock_comp,0.2617713411649068,0,0.2036,21,1,0,1730,0,0.0,5376,41
5.320763112977147,-7.6875,0,-123,0,16,123,subsidiary_stock_comp,0.3324069082736969,0,0.2025,27,1,0,1730,0,0.0,5504,42
5.327006835490465,-7.8125,0,-125,0,16,125,subsidiary_stock_comp,0.2503143747647603,0,0.2015,28,1,0,1730,0,0.0,5632,43
4.99657604470849,-7.8125,0,-125,0,16,125,subsidiary_stock_comp,0.2729666332403819,0,0.2005,16,1,0,1730,0,0.0,5760,44
5.343974504619837,-7.8125,0,-125,0,16,125,subsidiary_stock_comp,0.3031566341718038,0,0.1995,31,1,0,1730,0,0.0,5888,45
5.1924585700035095,-7.75,0,-124,0,16,124,subsidiary_stock_comp,0.21301796038945517,0,0.1985,18,1,0,1730,0,0.0,6016,46
5.436554519459605,-7.8125,0,-125,0,16,125,subsidiary_stock_comp,0.24623826146125793,0,0.1975,21,1,0,1730,0,0.0,6144,47
5.494145235046744,-7.625,0,-122,0,16,122,subsidiary_stock_comp,0.2884935637315114,0,0.1965,21,1,0,1730,0,0.0,6272,48
5.456973312422633,-7.75,0,-124,0,16,124,subsidiary_stock_comp,0.2780755857626597,0,0.1956,35,1,0,1730,0,0.0,6400,49
5.92774223908782,-7.625,0,-122,0,16,122,subsidiary_stock_comp,0.23582143584887186,0,0.1946,29,1,0,1730,0,0.0,6528,50
5.671039031818509,-7.875,0,-126,0,16,126,subsidiary_stock_comp,0.2874787052472432,0,0.1936,34,1,0,1730,0,0.0,6656,51
5.872539959847927,-7.8125,0,-125,0,16,125,subsidiary_stock_comp,0.2838226060072581,0,0.1926,23,1,0,1730,0,0.0,6784,52
5.607404872775078,-7.4375,0,-119,0,16,119,subsidiary_stock_comp,0.25484023491541546,0,0.1917,17,1,0,1730,0,0.0,6912,53
5.588998507708311,-7.5,0,-120,0,16,120,subsidiary_stock_comp,0.2079237997531891,0,0.1907,31,1,0,1730,0,0.0,7040,54
5.442538229748607,-7.4375,0,-119,0,16,119,subsidiary_stock_comp,0.18479434649149576,0,0.1898,19,1,0,1730,0,0.0,7168,55
5.328072952106595,-7.5,0,-120,0,16,120,subsidiary_stock_comp,0.14283822973569235,0,0.1888,19,1,0,1730,0,0.0,7296,56
5.309225419536233,-7.375,0,-118,0,16,118,subsidiary_stock_comp,0.1541194220383962,0,0.1879,25,1,0,1730,0,0.0,7424,57
5.323317127302289,-7.625,0,-122,0,16,122,subsidiary_stock_comp,0.3131839136282603,0,0.1869,30,1,0,1730,0,0.0,7552,58
5.454700509086251,-7.4375,0,-119,0,16,119,subsidiary_stock_comp,0.1341081658999125,0,0.186,20,1,0,1730,0,0.0,7680,59
5.649308934807777,-7.8125,0,-125,0,16,125,subsidiary_stock_comp,0.21564366420110068,0,0.1851,28,1,0,1730,0,0.0,7808,60
5.112979140132666,-7.625,0,-122,0,16,122,subsidiary_stock_comp,0.2114140490690867,0,0.1841,23,1,0,1730,0,0.0,7936,61
5.798633400350809,-7.625,0,-122,0,16,122,subsidiary_stock_comp,0.21347975730895996,0,0.1832,19,1,0,1730,0,0.0,8064,62
5.5496307872235775,-7.5,0,-120,0,16,120,subsidiary_stock_comp,0.1956326961517334,0,0.1823,23,1,0,1730,0,0.0,8192,63
5.719779267907143,-7.4375,0,-119,0,16,119,subsidiary_stock_comp,0.2287843624750773,0,0.1814,26,1,0,1730,0,0.0,8320,64
5.851894909515977,-7.5625,0,-121,0,16,121,subsidiary_stock_comp,0.19968411326408386,0,0.1805,21,1,0,1730,0,0.0,8448,65
5.738648371770978,-7.25,0,-116,0,16,116,subsidiary_stock_comp,0.12930296858151755,0,0.1796,15,1,0,1730,0,0.0,8576,66
5.731294970959425,-7.6875,0,-123,0,16,123,subsidiary_stock_comp,0.2673593958218892,0,0.1787,22,1,0,1730,0,0.0,8704,67
5.799152310937643,-7.75,0,-124,0,16,124,subsidiary_stock_comp,0.29482365647951764,0,0.1778,28,1,0,1730,0,0.0,8832,68
6.390368901193142,-7.8125,0,-125,0,16,125,subsidiary_stock_comp,0.23437374830245972,0,0.1769,23,1,0,1730,0,0.0,8960,69
5.724370114505291,-7.75,0,-124,0,16,124,subsidiary_stock_comp,0.2061817248662313,0,0.176,27,1,0,1730,0,0.0,9088,70
6.042449586093426,-7.875,0,-126,0,16,126,subsidiary_stock_comp,0.2961272398630778,0,0.1751,31,1,0,1730,0,0.0,9216,71
6.043248375877738,-7.6875,0,-123,0,16,123,subsidiary_stock_comp,0.16035962104797363,0,0.1743,23,1,0,1730,0,0.0,9344,72
5.938895225524902,-7.75,0,-124,0,16,124,subsidiary_stock_comp,0.21175900101661682,0,0.1734,19,1,0,1730,0,0.0,9472,73
5.419465439394116,-7.6875,0,-123,0,16,123,subsidiary_stock_comp,0.19937231143315634,0,0.1725,17,1,0,1730,0,0.0,9600,74
5.974570607766509,-8.0,0,-128,0,16,128,subsidiary_stock_comp,0.2104058563709259,0,0.1717,26,1,0,1730,0,0.0,9728,75
5.97067201230675,-7.874684343434343,1,-125.9949494949495,0,16,126,subsidiary_stock_comp,0.28508742650349933,1,0.1708,22,1,0,1730,0,0.0,9856,76
5.894935879856348,-8.0,0,-128,0,16,128,subsidiary_stock_comp,0.28524290521939594,0,0.1699,21,1,0,1730,0,0.0,9984,77
5.620613882318139,-7.6875,0,-123,0,16,123,subsidiary_stock_comp,0.2043144702911377,0,0.1691,24,1,0,1730,0,0.0,10112,78
5.906633397564292,-7.6875,0,-123,0,16,123,subsidiary_stock_comp,0.3479184607664744,0,0.1683,24,1,0,1730,0,0.0,10240,79
5.565178889781237,-7.75,0,-124,0,16,124,subsidiary_stock_comp,0.18638952573140463,0,0.1674,12,1,0,1730,0,0.0,10368,80
5.377141455188394,-7.9375,0,-127,0,16,127,subsidiary_stock_comp,0.22145568331082663,0,0.1666,28,1,0,1730,0,0.0,10496,81
5.4558574594557285,-7.5625,0,-121,0,16,121,subsidiary_stock_comp,0.28108182549476624,0,0.1657,28,1,0,1730,0,0.0,10624,82
4.933202192187309,-7.625,0,-122,0,16,122,subsidiary_stock_comp,0.22583292424678802,0,0.1649,25,1,0,1730,0,0.0,10752,83
4.764210183173418,-7.5625,0,-121,0,16,121,subsidiary_stock_comp,0.3317904969056447,0,0.1641,23,1,0,1730,0,0.0,10880,84
5.160236604511738,-7.9375,0,-127,0,16,127,subsidiary_stock_comp,0.2888524333635966,0,0.1633,25,1,0,1730,0,0.0,11008,85
5.166198451071978,-7.9375,0,-127,0,16,127,subsidiary_stock_comp,0.2719711760679881,0,0.1625,18,1,0,1730,0,0.0,11136,86
5.082834487780929,-7.875,0,-126,0,16,126,subsidiary_stock_comp,0.25996842980384827,0,0.1616,23,1,0,1730,0,0.0,11264,87
5.332708541303873,-7.8125,0,-125,0,16,125,subsidiary_stock_comp,0.29259466131528217,0,0.1608,31,1,0,1730,0,0.0,11392,88
5.640285257250071,-7.875,0,-126,0,16,126,subsidiary_stock_comp,0.2274239460627238,0,0.16,25,1,0,1730,0,0.0,11520,89
5.697368696331978,-7.875,0,-126,0,16,126,subsidiary_stock_comp,0.19861099123954773,0,0.1592,21,1,0,1730,0,0.0,11648,90
5.45595071092248,-7.9375,0,-127,0,16,127,subsidiary_stock_comp,0.2258936663468679,0,0.1584,22,1,0,1730,0,0.0,11776,91
5.286269251257181,-7.6875,0,-123,0,16,123,subsidiary_stock_comp,0.1742896338303884,0,0.1576,14,1,0,1730,0,0.0,11904,92
5.424883369356394,-7.625,0,-122,0,16,122,subsidiary_stock_comp,0.23227249582608542,0,0.1569,25,1,0,1730,0,0.0,12032,93
5.448931567370892,-7.75,0,-124,0,16,124,subsidiary_stock_comp,0.2176267902056376,0,0.1561,16,1,0,1730,0,0.0,12160,94
5.780411360785365,-7.5625,0,-121,0,16,121,subsidiary_stock_comp,0.23732291658719382,0,0.1553,20,1,0,1730,0,0.0,12288,95
5.847532546147704,-7.5,0,-120,0,16,120,subsidiary_stock_comp,0.1477345029513041,0,0.1545,19,1,0,1730,0,0.0,12416,96
5.461019854992628,-7.75,0,-124,0,16,124,subsidiary_stock_comp,0.2281244993209839,0,0.1537,25,1,0,1730,0,0.0,12544,97
5.357795428484678,-7.75,0,-124,0,16,124,subsidiary_stock_comp,0.2633175253868103,0,0.153,19,1,0,1730,0,0.0,12672,98
4.951580513268709,-7.875,0,-126,0,16,126,subsidiary_stock_comp,0.27253320813179016,0,0.1522,17,1,0,1730,0,0.0,12800,99
3.7705677077174187,-7.6875,0,-123,0,16,123,subsidiary_stock_comp,0.530666708946228,0,0.25,37,2,0,1731,0,0.0,128,0
3.2632240974344313,-7.9375,0,-127,0,16,127,subsidiary_stock_comp,0.4733080764611562,0,0.2487,26,2,0,1731,0,0.0,256,1
3.8134464593604207,-7.9375,0,-127,0,16,127,subsidiary_stock_comp,0.4427507321039836,0,0.2475,35,2,0,1731,0,0.0,384,2
3.6458614077419043,-7.9375,0,-127,0,16,127,subsidiary_stock_comp,0.41141583522160846,0,0.2463,25,2,0,1731,0,0.0,512,3
4.60819436609745,-7.875,0,-126,0,16,126,subsidiary_stock_comp,0.4180123209953308,0,0.245,33,2,0,1731,0,0.0,640,4
4.5209440886974335,-7.875,0,-126,0,16,126,subsidiary_stock_comp,0.7450628280639648,0,0.2438,29,2,0,1731,0,0.0,768,5
4.311667421832681,-7.8125,0,-125,0,16,125,subsidiary_stock_comp,0.5612282752990723,0,0.2426,31,2,0,1731,0,0.0,896,6
4.105804500170052,-8.0,0,-128,0,16,128,subsidiary_stock_comp,0.44061704476674396,0,0.2414,24,2,0,1731,0,0.0,1024,7
4.300773223862052,-8.0,0,-128,0,16,128,subsidiary_stock_comp,0.3754486044247945,0,0.2402,29,2,0,1731,0,0.0,1152,8
4.216199334710836,-7.875,0,-126,0,16,126,subsidiary_stock_comp,0.45407883326212567,0,0.239,30,2,0,1731,0,0.0,1280,9
3.9830108135938644,-7.9375,0,-127,0,16,127,subsidiary_stock_comp,0.3841535846392314,0,0.2378,27,2,0,1731,0,0.0,1408,10
4.156262945383787,-7.9375,0,-127,0,16,127,subsidiary_stock_comp,0.4047898252805074,0,0.2366,33,2,0,1731,0,0.0,1536,11
4.122208394110203,-8.0,0,-128,0,16,128,subsidiary_stock_comp,0.4410773813724518,0,0.2354,27,2,0,1731,0,0.0,1664,12
4.248718841001391,-7.875,0,-126,0,16,126,subsidiary_stock_comp,0.4351478119691213,0,0.2342,32,2,0,1731,0,0.0,1792,13
4.398084061220288,-7.875,0,-126,0,16,126,subsidiary_stock_comp,0.40564700961112976,0,0.2331,25,2,0,1731,0,0.0,1920,14
4.2754085380584,-7.9375,0,-127,0,16,127,subsidiary_stock_comp,0.4179942508538564,0,0.2319,31,2,0,1731,0,0.0,2048,15
4.354565892368555,-7.9375,0,-127,0,16,127,subsidiary_stock_comp,0.4027685821056366,0,0.2307,28,2,0,1731,0,0.0,2176,16
4.614110404625535,-7.875,0,-126,0,16,126,subsidiary_stock_comp,0.3620506127675374,0,0.2296,20,2,0,1731,0,0.0,2304,17
4.706345230340958,-8.0,0,-128,0,16,128,subsidiary_stock_comp,0.3894264300664266,0,0.2284,29,2,0,1731,0,0.0,2432,18
4.841697772964835,-7.875,0,-126,0,16,126,subsidiary_stock_comp,0.3719487984975179,0,0.2273,22,2,0,1731,0,0.0,2560,19
4.778855363838375,-7.875,0,-126,0,16,126,subsidiary_stock_comp,0.3085043132305145,0,0.2262,30,2,0,1731,0,0.0,2688,20
5.08052996173501,-8.0,0,-128,0,16,128,subsidiary_stock_comp,0.3450031677881877,0,0.225,31,2,0,1731,0,0.0,2816,21
4.9890650901943445,-7.875,0,-126,0,16,126,subsidiary_stock_comp,0.3648218313852946,0,0.2239,35,2,0,1731,0,0.0,2944,22
5.350060630589724,-7.875,0,-126,0,16,126,subsidiary_stock_comp,0.295590877532959,0,0.2228,25,2,0,1731,0,0.0,3072,23
5.303598651662469,-7.812184343434343,1,-124.9949494949495,0,16,125,subsidiary_stock_comp,0.2514113982518514,1,0.2217,29,2,0,1731,0,0.0,3200,24
5.33971681445837,-7.75,0,-124,0,16,124,subsidiary_stock_comp,0.25118012229601544,0,0.2206,29,2,0,1731,0,0.0,3328,25
5.388842932879925,-7.875,0,-126,0,16,126,subsidiary_stock_comp,0.33959128459294635,0,0.2195,33,2,0,1731,0,0.0,3456,26
5.203047186136246,-7.9375,0,-127,0,16,127,subsidiary_stock_comp,0.31184743841489154,0,0.2184,29,2,0,1731,0,0.0,3584,27
5.465620372444391,-7.9375,0,-127,0,16,127,subsidiary_stock_comp,0.2822694182395935,0,0.2173,27,2,0,1731,0,0.0,3712,28
5.378479588776827,-7.875,0,-126,0,16,126,subsidiary_stock_comp,0.20296228925387064,0,0.2162,24,2,0,1731,0,0.0,3840,29
5.164771446958184,-7.8125,0,-125,0,16,125,subsidiary_stock_comp,0.2728328009446462,0,0.2151,27,2,0,1731,0,0.0,3968,30
4.956501342356205,-8.0,0,-128,0,16,128,subsidiary_stock_comp,0.327690710624059,0,0.214,23,2,0,1731,0,0.0,4096,31
5.217992948368192,-7.5625,0,-121,0,16,121,subsidiary_stock_comp,0.20483015974362692,0,0.213,32,2,0,1731,0,0.0,4224,32
5.023987229913473,-7.5625,0,-121,0,16,121,subsidiary_stock_comp,0.2453752855459849,0,0.2119,22,2,0,1731,0,0.0,4352,33
5.3091318644583225,-7.6875,0,-123,0,16,123,subsidiary_stock_comp,0.20314356684684753,0,0.2108,23,2,0,1731,0,0.0,4480,34
5.4648742359131575,-7.8125,0,-125,0,16,125,subsidiary_stock_comp,0.2524339159329732,0,0.2098,33,2,0,1731,0,0.0,4608,35
5.333055974915624,-7.5,0,-120,0,16,120,subsidiary_stock_comp,0.26602437098821,0,0.2087,28,2,0,1731,0,0.0,4736,36
5.266255862079561,-7.5625,0,-121,0,16,121,subsidiary_stock_comp,0.21818308035532633,0,0.2077,26,2,0,1731,0,0.0,4864,37
5.349788902327418,-7.5,0,-120,0,16,120,subsidiary_stock_comp,0.13215472300847372,0,0.2066,23,2,0,1731,0,0.0,4992,38
5.388188974931836,-7.625,0,-122,0,16,122,subsidiary_stock_comp,0.2508085370063782,0,0.2056,23,2,0,1731,0,0.0,5120,39
5.225594390183687,-6.999684343434343,1,-111.9949494949495,0,16,112,subsidiary_stock_comp,0.12685323258241019,1,0.2046,29,2,0,1731,0,0.0,5248,40
4.992194686084986,-7.4375,0,-119,0,16,119,subsidiary_stock_comp,0.2252536118030548,0,0.2036,22,2,0,1731,0,0.0,5376,41
5.312565152533352,-7.3125,0,-117,0,16,117,subsidiary_stock_comp,0.17414239048957825,0,0.2025,36,2,0,1731,0,0.0,5504,42
5.277907535433769,-7.1875,0,-115,0,16,115,subsidiary_stock_comp,0.1960733781258265,0,0.2015,26,2,0,1731,0,0.0,5632,43
4.87774851731956,-7.0,0,-112,0,16,112,subsidiary_stock_comp,0.13888504107793173,0,0.2005,18,2,0,1731,0,0.0,5760,44
4.763903018087149,-6.5625,0,-105,0,16,105,subsidiary_stock_comp,0.12404265999794006,0,0.1995,25,2,0,1731,0,0.0,5888,45
4.650944638997316,-6.75,0,-108,0,16,108,subsidiary_stock_comp,0.15557949244976044,0,0.1985,26,2,0,1731,0,0.0,6016,46
4.5102250054478645,-5.8125,0,-93,0,16,93,subsidiary_stock_comp,0.018615896503130596,0,0.1975,21,2,0,1731,0,0.0,6144,47
4.584988151676953,-5.6875,0,-91,0,16,91,subsidiary_stock_comp,0.034152900179227196,0,0.1965,23,2,0,1731,0,0.0,6272,48
4.544222763739526,-5.4375,0,-87,0,16,87,subsidiary_stock_comp,0.008766586581865946,0,0.1956,24,2,0,1731,0,0.0,6400,49
4.454114270396531,-5.625,0,-90,0,16,90,subsidiary_stock_comp,0.08113790551821391,0,0.1946,29,2,0,1731,0,0.0,6528,50
3.971019357442856,-4.625,0,-74,0,16,74,subsidiary_stock_comp,0.1647784411907196,0,0.1936,19,2,0,1731,0,0.0,6656,51
3.65898269880563,-3.625,0,-58,0,16,58,subsidiary_stock_comp,0.11577393611272176,0,0.1926,21,2,0,1731,0,0.0,6784,52
3.2887022234499454,-3.5625,0,-57,0,16,57,subsidiary_stock_comp,0.13771848877271017,0,0.1917,24,2,0,1731,0,0.0,6912,53
3.1954727955162525,-3.3125,0,-53,0,16,53,subsidiary_stock_comp,0.0847988377014796,0,0.1907,29,2,0,1731,0,0.0,7040,54
3.02214223286137,-3.0625,0,-49,0,16,49,subsidiary_stock_comp,0.1173572689294815,0,0.1898,27,2,0,1731,0,0.0,7168,55
2.4895922718569636,-2.3125,0,-37,0,16,37,subsidiary_stock_comp,-0.027134571224451065,0,0.1888,20,2,0,1731,0,0.0,7296,56
2.1991353994235396,-2.375,0,-38,0,16,38,subsidiary_stock_comp,0.07934187601010005,0,0.1879,27,2,0,1731,0,0.0,7424,57
2.058768236543983,-2.4375,0,-39,0,16,39,subsidiary_stock_comp,0.1919493849078814,0,0.1869,28,2,0,1731,0,0.0,7552,58
1.8193155298940837,-1.8125,0,-29,0,16,29,subsidiary_stock_comp,0.03982451185584068,0,0.186,25,2,0,1731,0,0.0,7680,59
1.9289329685270786,-1.6875,0,-27,0,16,27,subsidiary_stock_comp,-0.010364272942145666,0,0.1851,22,2,0,1731,0,0.0,7808,60
1.8084445018321276,-1.75,0,-28,0,16,28,subsidiary_stock_comp,0.023294345786174137,0,0.1841,23,2,0,1731,0,0.0,7936,61
1.837459192611277,-2.0625,0,-33,0,16,33,subsidiary_stock_comp,-0.030140187591314316,0,0.1832,30,2,0,1731,0,0.0,8064,62
1.9701857934705913,-1.8121843434343434,1,-28.994949494949495,0,16,29,subsidiary_stock_comp,-0.012407967199881872,1,0.1823,26,2,0,1731,0,0.0,8192,63
2.0687934728339314,-2.1875,0,-35,0,16,35,subsidiary_stock_comp,0.016887611399094265,0,0.1814,33,2,0,1731,0,0.0,8320,64
1.6906942049972713,-1.5,0,-24,0,16,24,subsidiary_stock_comp,-0.03397570922970772,0,0.1805,20,2,0,1731,0,0.0,8448,65
1.9673663396388292,-2.1875,0,-35,0,16,35,subsidiary_stock_comp,0.0021601965030034385,0,0.1796,29,2,0,1731,0,0.0,8576,66
1.7687323088757694,-1.6875,0,-27,0,16,27,subsidiary_stock_comp,0.03214985008041064,0,0.1787,22,2,0,1731,0,0.0,8704,67
1.3043695506639779,-1.1875,0,-19,0,16,19,subsidiary_stock_comp,0.11987893283367157,0,0.1778,14,2,0,1731,0,0.0,8832,68
2.130363970529288,-1.875,0,-30,0,16,30,subsidiary_stock_comp,4.400164445241292,0,0.1769,31,2,0,1731,0,0.0,8960,69
1.4218901700805873,-1.625,0,-26,0,16,26,subsidiary_stock_comp,0.10463063170512517,0,0.176,22,2,0,1731,0,0.0,9088,70
1.1632766120601445,-1.5625,0,-25,0,16,25,subsidiary_stock_comp,0.0005229127903779348,0,0.1751,21,2,0,1731,0,0.0,9216,71
1.4909858517348766,-1.75,0,-28,0,16,28,subsidiary_stock_comp,-0.00027829532821973163,0,0.1743,26,2,0,1731,0,0.0,9344,72
0.982131534605287,-1.5,0,-24,0,16,24,subsidiary_stock_comp,0.028776247054338455,0,0.1734,17,2,0,1731,0,0.0,9472,73
1.4152756060939282,-1.6875,0,-27,0,16,27,subsidiary_stock_comp,0.12192085633675258,0,0.1725,26,2,0,1731,0,0.0,9600,74
1.3966339379549026,-1.5625,0,-25,0,16,25,subsidiary_stock_comp,0.24417627168198427,0,0.1717,21,2,0,1731,0,0.0,9728,75
1.195236654020846,-1.4375,0,-23,0,16,23,subsidiary_stock_comp,0.1577383385350307,0,0.1708,19,2,0,1731,0,0.0,9856,76
1.3500728155486286,-1.625,0,-26,0,16,26,subsidiary_stock_comp,0.005803539728124936,0,0.1699,23,2,0,1731,0,0.0,9984,77
1.698846248909831,-1.6875,0,-27,0,16,27,subsidiary_stock_comp,-0.017703857272863388,0,0.1691,25,2,0,1731,0,0.0,10112,78
1.4874885738827288,-1.8121843434343434,1,-28.994949494949495,0,16,29,subsidiary_stock_comp,0.031174178545673687,1,0.1683,23,2,0,1731,0,0.0,10240,79
1.223465740447864,-1.5,0,-24,0,16,24,subsidiary_stock_comp,-0.009561253090699514,0,0.1674,20,2,0,1731,0,0.0,10368,80
1.622672378201969,-2.0,0,-32,0,16,32,subsidiary_stock_comp,0.08846028024951617,0,0.1666,30,2,0,1731,0,0.0,10496,81
1.3511972674750723,-1.8125,0,-29,0,16,29,subsidiary_stock_comp,0.03843943836788336,0,0.1657,26,2,0,1731,0,0.0,10624,82
0.9890629634028301,-1.5,0,-24,0,16,24,subsidiary_stock_comp,0.07595582927266757,0,0.1649,20,2,0,1731,0,0.0,10752,83
0.8783868731552502,-1.375,0,-22,0,16,22,subsidiary_stock_comp,0.030094922830661137,0,0.1641,18,2,0,1731,0,0.0,10880,84
0.8881654562137555,-1.375,0,-22,0,16,22,subsidiary_stock_comp,0.05201280117034912,0,0.1633,16,2,0,1731,0,0.0,11008,85
0.8846686865290394,-1.375,0,-22,0,16,22,subsidiary_stock_comp,0.03670855425298214,0,0.1625,19,2,0,1731,0,0.0,11136,86
1.208610712128575,-1.8125,0,-29,0,16,29,subsidiary_stock_comp,0.030418012912074726,0,0.1616,27,2,0,1731,0,0.0,11264,87
1.1228607475786703,-1.625,0,-26,0,16,26,subsidiary_stock_comp,0.06895908092459042,0,0.1608,23,2,0,1731,0,0.0,11392,88
1.1316952660417883,-1.625,0,-26,0,16,26,subsidiary_stock_comp,0.07580997546513875,0,0.16,23,2,0,1731,0,0.0,11520,89
1.0423806079270435,-1.5625,0,-25,0,16,25,subsidiary_stock_comp,0.04338182508945465,0,0.1592,22,2,0,1731,0,0.0,11648,90
0.7847982948587742,-1.375,0,-22,0,16,22,subsidiary_stock_comp,0.05678891266385714,0,0.1584,17,2,0,1731,0,0.0,11776,91
1.0157796290586703,-1.625,0,-26,0,16,26,subsidiary_stock_comp,0.051312968134880066,0,0.1576,23,2,0,1731,0,0.0,11904,92
0.8273705188767053,-1.25,0,-20,0,16,20,subsidiary_stock_comp,0.05277272003392378,0,0.1569,16,2,0,1731,0,0.0,12032,93
1.3979934623930603,-1.9375,0,-31,0,16,31,subsidiary_stock_comp,0.08281257748603821,0,0.1561,29,2,0,1731,0,0.0,12160,94
0.7653995344153373,-1.25,0,-20,0,16,20,subsidiary_stock_comp,0.016099189097682636,0,0.1553,15,2,0,1731,0,0.0,12288,95
0.8603785717859864,-1.3125,0,-21,0,16,21,subsidiary_stock_comp,0.047793129459023476,0,0.1545,18,2,0,1731,0,0.0,12416,96
0.9458850866358262,-1.6875,0,-27,0,16,27,subsidiary_stock_comp,0.025597253814339638,0,0.1537,22,2,0,1731,0,0.0,12544,97
0.819791716086911,-1.4375,0,-23,0,16,23,subsidiary_stock_comp,0.049888635675112404,0,0.153,18,2,0,1731,0,0.0,12672,98
0.9171405261440668,-1.4375,0,-23,0,16,23,subsidiary_stock_comp,0.013271266284088293,0,0.1522,19,2,0,1731,0,0.0,12800,99
4.455485973507166,-8.0,0,-128,0,16,128,subsidiary_stock_comp,4.231380105018616,0,0.25,35,3,0,1732,0,0.0,128,0
5.029392741620541,-8.0,0,-128,0,16,128,subsidiary_stock_comp,0.3772922952969869,0,0.2487,27,3,0,1732,0,0.0,256,1
5.127199938520789,-8.0,0,-128,0,16,128,subsidiary_stock_comp,0.34476643800735474,0,0.2475,24,3,0,1732,0,0.0,384,2
5.091410007327795,-7.9375,0,-127,0,16,127,subsidiary_stock_comp,0.2970455487569173,0,0.2463,27,3,0,1732,0,0.0,512,3
5.114617593586445,-8.0,0,-128,0,16,128,subsidiary_stock_comp,0.4043709337711334,0,0.245,30,3,0,1732,0,0.0,640,4
5.118252985179424,-8.0,0,-128,0,16,128,subsidiary_stock_comp,0.3048059642314911,0,0.2438,31,3,0,1732,0,0.0,768,5
5.318570036441088,-7.9375,0,-127,0,16,127,subsidiary_stock_comp,0.3649519681930542,0,0.2426,36,3,0,1732,0,0.0,896,6
5.263062674552202,-7.9375,0,-127,0,16,127,subsidiary_stock_comp,0.341974804798762,0,0.2414,32,3,0,1732,0,0.0,1024,7
4.8795855566859245,-7.9375,0,-127,0,16,127,subsidiary_stock_comp,0.3489539126555125,0,0.2402,31,3,0,1732,0,0.0,1152,8
4.9004382118582726,-7.8125,0,-125,0,16,125,subsidiary_stock_comp,0.38865906993548077,0,0.239,28,3,0,1732,0,0.0,1280,9
4.8940887451171875,-7.9375,0,-127,0,16,127,subsidiary_stock_comp,0.4669715464115143,0,0.2378,26,3,0,1732,0,0.0,1408,10
4.464931288734078,-7.9375,0,-127,0,16,127,subsidiary_stock_comp,0.4173397223154704,0,0.2366,36,3,0,1732,0,0.0,1536,11
4.48852051794529,-7.75,0,-124,0,16,124,subsidiary_stock_comp,0.3932190736134847,0,0.2354,26,3,0,1732,0,0.0,1664,12
4.628167815506458,-7.9375,0,-127,0,16,127,subsidiary_stock_comp,0.3540940781434377,0,0.2342,34,3,0,1732,0,0.0,1792,13
4.970729701220989,-7.875,0,-126,0,16,126,subsidiary_stock_comp,0.49500290552775067,0,0.2331,27,3,0,1732,0,0.0,1920,14
5.0431013107299805,-7.9375,0,-127,0,16,127,subsidiary_stock_comp,0.34460612138112384,0,0.2319,31,3,0,1732,0,0.0,2048,15
5.006088491529226,-7.9375,0,-127,0,16,127,subsidiary_stock_comp,0.32234800855318707,0,0.2307,27,3,0,1732,0,0.0,2176,16
4.660692151635885,-7.875,0,-126,0,16,126,subsidiary_stock_comp,0.3601699670155843,0,0.2296,26,3,0,1732,0,0.0,2304,17
4.846911929547787,-7.8125,0,-125,0,16,125,subsidiary_stock_comp,0.2846044699350993,0,0.2284,31,3,0,1732,0,0.0,2432,18
4.917401093989611,-7.625,0,-122,0,16,122,subsidiary_stock_comp,0.2521939625342687,0,0.2273,32,3,0,1732,0,0.0,2560,19
5.0546445064246655,-7.8125,0,-125,0,16,125,subsidiary_stock_comp,0.305764098962148,0,0.2262,31,3,0,1732,0,0.0,2688,20
5.178841151297092,-7.625,0,-122,0,16,122,subsidiary_stock_comp,0.33916932344436646,0,0.225,30,3,0,1732,0,0.0,2816,21
5.053678181022406,-7.6875,0,-123,0,16,123,subsidiary_stock_comp,0.26442471146583557,0,0.2239,28,3,0,1732,0,0.0,2944,22
5.3010012954473495,-7.625,0,-122,0,16,122,subsidiary_stock_comp,0.3548998186985652,0,0.2228,28,3,0,1732,0,0.0,3072,23
5.055048478767276,-7.75,0,-124,0,16,124,subsidiary_stock_comp,0.3269212345282237,0,0.2217,26,3,0,1732,0,0.0,3200,24
5.014846805483103,-7.5,0,-120,0,16,120,subsidiary_stock_comp,0.4202435115973155,0,0.2206,28,3,0,1732,0,0.0,3328,25
4.7807863131165504,-7.875,0,-126,0,16,126,subsidiary_stock_comp,0.3669737974802653,0,0.2195,31,3,0,1732,0,0.0,3456,26
5.2474226001650095,-7.875,0,-126,0,16,126,subsidiary_stock_comp,0.3182816008726756,0,0.2184,25,3,0,1732,0,0.0,3584,27
4.648202247917652,-7.375,0,-118,0,16,118,subsidiary_stock_comp,0.34815385937690735,0,0.2173,19,3,0,1732,0,0.0,3712,28
4.468094803392887,-7.0,0,-112,0,16,112,subsidiary_stock_comp,0.21954568723837534,0,0.2162,21,3,0,1732,0,0.0,3840,29
5.229562511667609,-6.9375,0,-111,0,16,111,subsidiary_stock_comp,0.4970466693242391,0,0.2151,31,3,0,1732,0,0.0,3968,30
4.819823104888201,-7.312184343434343,1,-116.9949494949495,0,16,117,subsidiary_stock_comp,0.22203398247559866,1,0.214,27,3,0,1732,0,0.0,4096,31
4.947599088773131,-7.25,0,-116,0,16,116,subsidiary_stock_comp,0.2131907989581426,0,0.213,27,3,0,1732,0,0.0,4224,32
5.139219997450709,-7.3125,0,-117,0,16,117,subsidiary_stock_comp,0.18696808815002441,0,0.2119,22,3,0,1732,0,0.0,4352,33
5.201979696750641,-7.4375,0,-119,0,16,119,subsidiary_stock_comp,0.3458469808101654,0,0.2108,28,3,0,1732,0,0.0,4480,34
4.847016280516982,-7.6875,0,-123,0,16,123,subsidiary_stock_comp,0.35842303435007733,0,0.2098,38,3,0,1732,0,0.0,4608,35
4.50608417391777,-7.25,0,-116,0,16,116,subsidiary_stock_comp,0.2339500884215037,0,0.2087,34,3,0,1732,0,0.0,4736,36
4.9507579654455185,-7.0625,0,-113,0,16,113,subsidiary_stock_comp,0.2656315763791402,0,0.2077,25,3,0,1732,0,0.0,4864,37
4.761334029957652,-6.875,0,-110,0,16,110,subsidiary_stock_comp,0.12143488228321075,0,0.2066,17,3,0,1732,0,0.0,4992,38
4.6887046452611685,-6.4375,0,-103,0,16,103,subsidiary_stock_comp,0.1387634426355362,0,0.2056,18,3,0,1732,0,0.0,5120,39
4.769351145252585,-6.875,0,-110,0,16,110,subsidiary_stock_comp,0.10143334170182546,0,0.2046,32,3,0,1732,0,0.0,5248,40
5.002956723794341,-6.6875,0,-107,0,16,107,subsidiary_stock_comp,0.09992420673370361,0,0.2036,24,3,0,1732,0,0.0,5376,41
4.628413952887058,-6.8125,0,-109,0,16,109,subsidiary_stock_comp,0.1623140275478363,0,0.2025,29,3,0,1732,0,0.0,5504,42
4.809984179213643,-6.625,0,-106,0,16,106,subsidiary_stock_comp,0.022978077332178753,0,0.2015,27,3,0,1732,0,0.0,5632,43
4.806290727108717,-5.9375,0,-95,0,16,95,subsidiary_stock_comp,0.15702679753303528,0,0.2005,27,3,0,1732,0,0.0,5760,44
4.950546149164438,-6.5,0,-104,0,16,104,subsidiary_stock_comp,0.11170581976572673,0,0.1995,26,3,0,1732,0,0.0,5888,45
4.912466090172529,-6.437184343434343,1,-102.9949494949495,0,16,103,subsidiary_stock_comp,0.09389316538969676,1,0.1985,28,3,0,1732,0,0.0,6016,46
4.688241792842746,-5.999368686868687,1,-95.98989898989899,0,16,96,subsidiary_stock_comp,0.14329547683397928,2,0.1975,25,3,0,1732,0,0.0,6144,47
4.317632354795933,-6.374684343434343,1,-101.9949494949495,0,16,102,subsidiary_stock_comp,0.1452276955048243,1,0.1965,17,3,0,1732,0,0.0,6272,48
4.585424829274416,-5.68655303030303,1,-90.98484848484848,0,16,91,subsidiary_stock_comp,0.04963055749734243,3,0.1956,21,3,0,1732,0,0.0,6400,49
4.527902549132705,-5.436237373737374,2,-86.97979797979798,0,16,87,subsidiary_stock_comp,0.07714330653349559,4,0.1946,22,3,0,1732,0,0.0,6528,50
3.983227373100817,-4.999684343434343,1,-79.9949494949495,0,16,80,subsidiary_stock_comp,0.014767075578371683,1,0.1936,28,3,0,1732,0,0.0,6656,51
4.128510014154017,-4.561868686868687,1,-72.98989898989899,0,16,73,subsidiary_stock_comp,0.053190261125564575,2,0.1926,21,3,0,1732,0,0.0,6784,52
3.840862613171339,-4.8125,0,-77,0,16,77,subsidiary_stock_comp,-0.008739476402600607,0,0.1917,22,3,0,1732,0,0.0,6912,53
3.3476358372718096,-3.6240530303030303,1,-57.984848484848484,0,16,58,subsidiary_stock_comp,-0.014477546016375223,3,0.1907,20,3,0,1732,0,0.0,7040,54
3.0455505112186074,-3.061868686868687,1,-48.98989898989899,0,16,49,subsidiary_stock_comp,0.047603788475195565,2,0.1898,21,3,0,1732,0,0.0,7168,55
2.5583535470068455,-2.5,0,-40,0,16,40,subsidiary_stock_comp,0.05545007437467575,0,0.1888,22,3,0,1732,0,0.0,7296,56
2.502195486333221,-2.874368686868687,1,-45.98989898989899,0,16,46,subsidiary_stock_comp,0.07136944681406021,2,0.1879,34,3,0,1732,0,0.0,7424,57
2.0015172990970314,-2.3746843434343434,1,-37.994949494949495,0,16,38,subsidiary_stock_comp,0.08589885880549748,1,0.1869,22,3,0,1732,0,0.0,7552,58
1.7976588909514248,-2.125,0,-34,0,16,34,subsidiary_stock_comp,0.06762180601557095,0,0.186,26,3,0,1732,0,0.0,7680,59
1.3006750182248652,-1.5621843434343434,1,-24.994949494949495,0,16,25,subsidiary_stock_comp,0.06713300570845604,1,0.1851,19,3,0,1732,0,0.0,7808,60
2.0528499982319772,-2.2496843434343434,1,-35.994949494949495,0,16,36,subsidiary_stock_comp,0.068314869577686,1,0.1841,35,3,0,1732,0,0.0,7936,61
1.1217149219010025,-1.3121843434343434,1,-20.994949494949495,0,16,21,subsidiary_stock_comp,0.04804424631098906,1,0.1832,17,3,0,1732,0,0.0,8064,62
1.5105062939692289,-1.7496843434343434,1,-27.994949494949495,0,16,28,subsidiary_stock_comp,0.08090065295497577,1,0.1823,26,3,0,1732,0,0.0,8192,63
1.5354417115449905,-1.625,0,-26,0,16,26,subsidiary_stock_comp,0.035058798268437386,0,0.1814,22,3,0,1732,0,0.0,8320,64
1.5919158805627376,-2.061868686868687,1,-32.98989898989899,0,16,33,subsidiary_stock_comp,0.06361965897182624,2,0.1805,30,3,0,1732,0,0.0,8448,65
1.6871663539204746,-2.0621843434343434,1,-32.994949494949495,0,16,33,subsidiary_stock_comp,0.03911049850285053,1,0.1796,31,3,0,1732,0,0.0,8576,66
1.1941969071049243,-1.4371843434343434,1,-22.994949494949495,0,16,23,subsidiary_stock_comp,0.040751718605558075,1,0.1787,19,3,0,1732,0,0.0,8704,67
1.159316228237003,-1.375,0,-22,0,16,22,subsidiary_stock_comp,0.03474590244392554,0,0.1778,18,3,0,1732,0,0.0,8832,68
1.2043368502054363,-1.375,0,-22,0,16,22,subsidiary_stock_comp,0.03672423462073008,0,0.1769,19,3,0,1732,0,0.0,8960,69
1.2498725252225995,-1.5621843434343434,1,-24.994949494949495,0,16,25,subsidiary_stock_comp,0.04854391763607661,1,0.176,21,3,0,1732,0,0.0,9088,70
1.7359478191938251,-2.1246843434343434,1,-33.994949494949495,0,16,34,subsidiary_stock_comp,0.10325195950766404,1,0.1751,30,3,0,1732,0,0.0,9216,71
1.1862450237385929,-1.5,0,-24,0,16,24,subsidiary_stock_comp,0.034284148986140885,0,0.1743,17,3,0,1732,0,0.0,9344,72
1.3397998807486147,-1.9375,0,-31,0,16,31,subsidiary_stock_comp,0.04669876086215178,0,0.1734,26,3,0,1732,0,0.0,9472,73
1.4301704585086554,-1.6868686868686869,1,-26.98989898989899,0,16,27,subsidiary_stock_comp,0.024711967756350834,2,0.1725,24,3,0,1732,0,0.0,9600,74
1.1713203815743327,-1.4996843434343434,1,-23.994949494949495,0,16,24,subsidiary_stock_comp,0.028376735125978787,1,0.1717,23,3,0,1732,0,0.0,9728,75
1.1808268851600587,-1.5625,0,-25,0,16,25,subsidiary_stock_comp,0.02785046212375164,0,0.1708,20,3,0,1732,0,0.0,9856,76
1.50971395871602,-1.625,0,-26,0,16,26,subsidiary_stock_comp,0.02814183073739211,0,0.1699,26,3,0,1732,0,0.0,9984,77
1.492598634911701,-1.5625,0,-25,0,16,25,subsidiary_stock_comp,0.010495666414499283,0,0.1691,20,3,0,1732,0,0.0,10112,78
2.0014104251749814,-2.1871843434343434,1,-34.994949494949495,0,16,35,subsidiary_stock_comp,0.06473910063505173,1,0.1683,32,3,0,1732,0,0.0,10240,79
1.4185582078061998,-1.5625,0,-25,0,16,25,subsidiary_stock_comp,0.022305406630039215,0,0.1674,20,3,0,1732,0,0.0,10368,80
1.6780691035091877,-1.9375,0,-31,0,16,31,subsidiary_stock_comp,0.046788157895207405,0,0.1666,27,3,0,1732,0,0.0,10496,81
1.4163498585112393,-1.5,0,-24,0,16,24,subsidiary_stock_comp,0.03201820825537046,0,0.1657,20,3,0,1732,0,0.0,10624,82
1.4693567983340472,-1.75,0,-28,0,16,28,subsidiary_stock_comp,0.019039921462535858,0,0.1649,23,3,0,1732,0,0.0,10752,83
1.7403260804712772,-1.625,0,-26,0,16,26,subsidiary_stock_comp,0.037816127141316734,0,0.1641,23,3,0,1732,0,0.0,10880,84
1.6162329819053411,-1.5625,0,-25,0,16,25,subsidiary_stock_comp,2.039663473765055,0,0.1633,21,3,0,1732,0,0.0,11008,85
1.9392358474433422,-1.875,0,-30,0,16,30,subsidiary_stock_comp,0.07882999256253242,0,0.1625,27,3,0,1732,0,0.0,11136,86
1.280857233563438,-1.375,0,-22,0,16,22,subsidiary_stock_comp,0.04871766579647859,0,0.1616,17,3,0,1732,0,0.0,11264,87
1.4073154667858034,-1.625,0,-26,0,16,26,subsidiary_stock_comp,0.08971647669871648,0,0.1608,23,3,0,1732,0,0.0,11392,88
1.3831301114987582,-1.5,0,-24,0,16,24,subsidiary_stock_comp,0.04099222210546335,0,0.16,21,3,0,1732,0,0.0,11520,89
1.566232298500836,-1.8125,0,-29,0,16,29,subsidiary_stock_comp,0.05672190462549528,0,0.1592,26,3,0,1732,0,0.0,11648,90
1.196195853408426,-1.5,0,-24,0,16,24,subsidiary_stock_comp,0.021180472647150356,0,0.1584,17,3,0,1732,0,0.0,11776,91
1.2856787121854722,-1.4375,0,-23,0,16,23,subsidiary_stock_comp,0.0025178398936986923,0,0.1576,16,3,0,1732,0,0.0,11904,92
1.4940131111070514,-1.625,0,-26,0,16,26,subsidiary_stock_comp,-0.015668530017137527,0,0.1569,21,3,0,1732,0,0.0,12032,93
1.9239482367411256,-1.9371843434343434,1,-30.994949494949495,0,16,31,subsidiary_stock_comp,0.00951429083943367,1,0.1561,27,3,0,1732,0,0.0,12160,94
1.7874982100911438,-1.5,0,-24,0,16,24,subsidiary_stock_comp,0.07522300320367019,0,0.1553,20,3,0,1732,0,0.0,12288,95
2.0594045440666378,-1.8746843434343434,1,-29.994949494949495,0,16,30,subsidiary_stock_comp,0.15781869739294052,1,0.1545,26,3,0,1732,0,0.0,12416,96
2.2166043096221983,-1.75,0,-28,0,16,28,subsidiary_stock_comp,0.06250300258398056,0,0.1537,24,3,0,1732,0,0.0,12544,97
1.8608406130224466,-1.4375,0,-23,0,16,23,subsidiary_stock_comp,-0.01275205984711647,0,0.153,17,3,0,1732,0,0.0,12672,98
1.9847419704310596,-1.875,0,-30,0,16,30,subsidiary_stock_comp,0.06352574874957402,0,0.1522,20,3,0,1732,0,0.0,12800,99
5.201668641529977,-8.0,0,-128,0,16,128,subsidiary_stock_comp,0.5182618399461111,0,0.25,39,4,0,1733,0,0.0,128,0
4.721856225281954,-8.0,0,-128,0,16,128,subsidiary_stock_comp,0.3790225386619568,0,0.2487,26,4,0,1733,0,0.0,256,1
4.365688503719866,-7.875,0,-126,0,16,126,subsidiary_stock_comp,0.4402666787306468,0,0.2475,36,4,0,1733,0,0.0,384,2
4.281403379514813,-7.9375,0,-127,0,16,127,subsidiary_stock_comp,0.5220446785291036,0,0.2463,37,4,0,1733,0,0.0,512,3
4.045401129871607,-8.0,0,-128,0,16,128,subsidiary_stock_comp,0.4391412138938904,0,0.245,26,4,0,1733,0,0.0,640,4
4.392707500606775,-8.0,0,-128,0,16,128,subsidiary_stock_comp,0.43674448132514954,0,0.2438,31,4,0,1733,0,0.0,768,5
4.916653394699097,-7.9375,0,-127,0,16,127,subsidiary_stock_comp,0.42548884948094684,0,0.2426,38,4,0,1733,0,0.0,896,6
4.894801251590252,-8.0,0,-128,0,16,128,subsidiary_stock_comp,0.39960698286692303,0,0.2414,26,4,0,1733,0,0.0,1024,7
4.628100506961346,-8.0,0,-128,0,16,128,subsidiary_stock_comp,0.40054066975911456,0,0.2402,23,4,0,1733,0,0.0,1152,8
4.760961551219225,-7.8125,0,-125,0,16,125,subsidiary_stock_comp,0.37158573667208356,0,0.239,26,4,0,1733,0,0.0,1280,9
4.640775665640831,-7.75,0,-124,0,16,124,subsidiary_stock_comp,0.3442720075448354,0,0.2378,28,4,0,1733,0,0.0,1408,10
5.025137737393379,-7.875,0,-126,0,16,126,subsidiary_stock_comp,0.35502368211746216,0,0.2366,24,4,0,1733,0,0.0,1536,11
5.116130535490811,-7.875,0,-126,0,16,126,subsidiary_stock_comp,0.32535918553670246,0,0.2354,27,4,0,1733,0,0.0,1664,12
4.567746385931969,-7.75,0,-124,0,16,124,subsidiary_stock_comp,0.2855576773484548,0,0.2342,26,4,0,1733,0,0.0,1792,13
4.757975881919265,-7.625,0,-122,0,16,122,subsidiary_stock_comp,0.3149551749229431,0,0.2331,26,4,0,1733,0,0.0,1920,14
4.429333861917257,-7.4375,0,-119,0,16,119,subsidiary_stock_comp,0.5084174275398254,0,0.2319,32,4,0,1733,0,0.0,2048,15
4.4570044837892056,-7.25,0,-116,0,16,116,subsidiary_stock_comp,0.32224762439727783,0,0.2307,27,4,0,1733,0,0.0,2176,16
4.634006325155497,-7.75,0,-124,0,16,124,subsidiary_stock_comp,0.3483897348244985,0,0.2296,33,4,0,1733,0,0.0,2304,17
5.082433205097914,-8.0,0,-128,0,16,128,subsidiary_stock_comp,0.4586024284362793,0,0.2284,33,4,0,1733,0,0.0,2432,18
5.148692287504673,-7.75,0,-124,0,16,124,subsidiary_stock_comp,0.3891207774480184,0,0.2273,31,4,0,1733,0,0.0,2560,19
4.918025858700275,-7.9375,0,-127,0,16,127,subsidiary_stock_comp,0.3688564697901408,0,0.2262,33,4,0,1733,0,0.0,2688,20
4.821357659995556,-7.6875,0,-123,0,16,123,subsidiary_stock_comp,0.315876970688502,0,0.225,28,4,0,1733,0,0.0,2816,21
4.5077746771276,-7.9375,0,-127,0,16,127,subsidiary_stock_comp,0.4106479187806447,0,0.2239,34,4,0,1733,0,0.0,2944,22
5.099219046533108,-7.9375,0,-127,0,16,127,subsidiary_stock_comp,0.4358559548854828,0,0.2228,27,4,0,1733,0,0.0,3072,23
4.653367538005114,-7.937184343434343,1,-126.9949494949495,0,16,127,subsidiary_stock_comp,0.40686513980229694,1,0.2217,29,4,0,1733,0,0.0,3200,24
4.6200576685369015,-7.9375,0,-127,0,16,127,subsidiary_stock_comp,0.4019809365272522,0,0.2206,28,4,0,1733,0,0.0,3328,25
4.878761623054743,-8.0,0,-128,0,16,128,subsidiary_stock_comp,0.3473855257034302,0,0.2195,25,4,0,1733,0,0.0,3456,26
4.466696508228779,-7.9375,0,-127,0,16,127,subsidiary_stock_comp,0.4154562254746755,0,0.2184,33,4,0,1733,0,0.0,3584,27
4.995741885155439,-7.9375,0,-127,0,16,127,subsidiary_stock_comp,0.4235432545344035,0,0.2173,29,4,0,1733,0,0.0,3712,28
5.071411166340113,-7.9375,0,-127,0,16,127,subsidiary_stock_comp,0.4817718267440796,0,0.2162,23,4,0,1733,0,0.0,3840,29
4.388483248651028,-8.0,0,-128,0,16,128,subsidiary_stock_comp,0.37788689136505127,0,0.2151,24,4,0,1733,0,0.0,3968,30
4.478646598756313,-7.9375,0,-127,0,16,127,subsidiary_stock_comp,0.374256690343221,0,0.214,27,4,0,1733,0,0.0,4096,31
4.9428451638668776,-7.875,0,-126,0,16,126,subsidiary_stock_comp,0.35988467931747437,0,0.213,28,4,0,1733,0,0.0,4224,32
4.949869221076369,-7.9375,0,-127,0,16,127,subsidiary_stock_comp,0.3899128238360087,0,0.2119,28,4,0,1733,0,0.0,4352,33
4.968201933428645,-7.875,0,-126,0,16,126,subsidiary_stock_comp,0.3532520333925883,0,0.2108,29,4,0,1733,0,0.0,4480,34
4.529278757050633,-7.9375,0,-127,0,16,127,subsidiary_stock_comp,0.3558605909347534,0,0.2098,23,4,0,1733,0,0.0,4608,35
4.659843731671572,-7.875,0,-126,0,16,126,subsidiary_stock_comp,0.3205193678538005,0,0.2087,29,4,0,1733,0,0.0,4736,36
5.205536130815744,-7.9375,0,-127,0,16,127,subsidiary_stock_comp,0.5083719491958618,0,0.2077,25,4,0,1733,0,0.0,4864,37
4.7645483911037445,-7.75,0,-124,0,16,124,subsidiary_stock_comp,0.358868936697642,0,0.2066,21,4,0,1733,0,0.0,4992,38
4.753642583265901,-7.875,0,-126,0,16,126,subsidiary_stock_comp,0.2932182848453522,0,0.2056,15,4,0,1733,0,0.0,5120,39
4.717355314642191,-7.9375,0,-127,0,16,127,subsidiary_stock_comp,0.46614499886830646,0,0.2046,26,4,0,1733,0,0.0,5248,40
4.297323232516646,-7.6875,0,-123,0,16,123,subsidiary_stock_comp,0.35678375760714215,0,0.2036,23,4,0,1733,0,0.0,5376,41
4.573601350188255,-7.75,0,-124,0,16,124,subsidiary_stock_comp,0.35073408484458923,0,0.2025,17,4,0,1733,0,0.0,5504,42
4.58448613807559,-7.6875,0,-123,0,16,123,subsidiary_stock_comp,0.6739160021146139,0,0.2015,30,4,0,1733,0,0.0,5632,43
5.023026967421174,-7.875,0,-126,0,16,126,subsidiary_stock_comp,0.31131962935129803,0,0.2005,22,4,0,1733,0,0.0,5760,44
4.922919783741236,-7.75,0,-124,0,16,124,subsidiary_stock_comp,0.35384727517763775,0,0.1995,31,4,0,1733,0,0.0,5888,45
5.301473781466484,-7.75,0,-124,0,16,124,subsidiary_stock_comp,0.34187735120455426,0,0.1985,28,4,0,1733,0,0.0,6016,46
5.32510556653142,-7.625,0,-122,0,16,122,subsidiary_stock_comp,0.2799839874108632,0,0.1975,20,4,0,1733,0,0.0,6144,47
5.232489390298724,-7.8125,0,-125,0,16,125,subsidiary_stock_comp,0.2903914948304494,0,0.1965,26,4,0,1733,0,0.0,6272,48
5.312332460656762,-7.75,0,-124,0,16,124,subsidiary_stock_comp,0.25957827766736347,0,0.1956,25,4,0,1733,0,0.0,6400,49
5.551310401409864,-7.5,0,-120,0,16,120,subsidiary_stock_comp,0.20817031462987265,0,0.1946,30,4,0,1733,0,0.0,6528,50
5.292551012709737,-7.249684343434343,1,-115.9949494949495,0,16,116,subsidiary_stock_comp,0.39309924840927124,1,0.1936,28,4,0,1733,0,0.0,6656,51
5.308235475793481,-7.3125,0,-117,0,16,117,subsidiary_stock_comp,0.21794363856315613,0,0.1926,22,4,0,1733,0,0.0,6784,52
5.4215367790311575,-7.3125,0,-117,0,16,117,subsidiary_stock_comp,0.2595699926217397,0,0.1917,27,4,0,1733,0,0.0,6912,53
5.6136962696909904,-6.8125,0,-109,0,16,109,subsidiary_stock_comp,0.19642330209414163,0,0.1907,23,4,0,1733,0,0.0,7040,54
5.4409027229994535,-7.0,0,-112,0,16,112,subsidiary_stock_comp,0.10340318083763123,0,0.1898,18,4,0,1733,0,0.0,7168,55
5.555214708670974,-7.375,0,-118,0,16,118,subsidiary_stock_comp,0.24020480116208395,0,0.1888,27,4,0,1733,0,0.0,7296,56
5.383284339681268,-7.25,0,-116,0,16,116,subsidiary_stock_comp,0.17581668496131897,0,0.1879,26,4,0,1733,0,0.0,7424,57
5.105186553671956,-6.999684343434343,1,-111.9949494949495,0,16,112,subsidiary_stock_comp,0.23801742990811667,1,0.1869,15,4,0,1733,0,0.0,7552,58
5.204220812767744,-7.25,0,-116,0,16,116,subsidiary_stock_comp,0.2735968232154846,0,0.186,24,4,0,1733,0,0.0,7680,59
5.084568610414863,-7.0625,0,-113,0,16,113,subsidiary_stock_comp,0.18194146951039633,0,0.1851,23,4,0,1733,0,0.0,7808,60
5.011627532541752,-7.0625,0,-113,0,16,113,subsidiary_stock_comp,0.25035831332206726,0,0.1841,28,4,0,1733,0,0.0,7936,61
5.179148600436747,-7.25,0,-116,0,16,116,subsidiary_stock_comp,0.2637185553709666,0,0.1832,27,4,0,1733,0,0.0,8064,62
5.568527610972524,-7.1875,0,-115,0,16,115,subsidiary_stock_comp,0.3592401643594106,0,0.1823,20,4,0,1733,0,0.0,8192,63
4.979999158531427,-7.1875,0,-115,0,16,115,subsidiary_stock_comp,0.21072830259799957,0,0.1814,23,4,0,1733,0,0.0,8320,64
5.260897928848863,-7.375,0,-118,0,16,118,subsidiary_stock_comp,0.24377400676409403,0,0.1805,30,4,0,1733,0,0.0,8448,65
5.465723751112819,-7.375,0,-118,0,16,118,subsidiary_stock_comp,0.19222824772198996,0,0.1796,23,4,0,1733,0,0.0,8576,66
5.3417313154786825,-7.1875,0,-115,0,16,115,subsidiary_stock_comp,0.14990062514940897,0,0.1787,29,4,0,1733,0,0.0,8704,67
5.135056123137474,-7.3125,0,-117,0,16,117,subsidiary_stock_comp,0.1923252989848455,0,0.1778,26,4,0,1733,0,0.0,8832,68
5.409056944772601,-7.125,0,-114,0,16,114,subsidiary_stock_comp,0.10851146777470906,0,0.1769,16,4,0,1733,0,0.0,8960,69
4.897864321246743,-7.25,0,-116,0,16,116,subsidiary_stock_comp,0.21467971801757812,0,0.176,33,4,0,1733,0,0.0,9088,70
4.975405616685748,-7.0625,0,-113,0,16,113,subsidiary_stock_comp,0.13173027336597443,0,0.1751,20,4,0,1733,0,0.0,9216,71
4.9079611003398895,-7.5,0,-120,0,16,120,subsidiary_stock_comp,0.247353658080101,0,0.1743,24,4,0,1733,0,0.0,9344,72
5.102956909686327,-6.9375,0,-111,0,16,111,subsidiary_stock_comp,0.17534075677394867,0,0.1734,22,4,0,1733,0,0.0,9472,73
4.710983477532864,-6.1875,0,-99,0,16,99,subsidiary_stock_comp,0.1704437086979548,0,0.1725,23,4,0,1733,0,0.0,9600,74
4.234970651566982,-6.0625,0,-97,0,16,97,subsidiary_stock_comp,0.1271496613820394,0,0.1717,15,4,0,1733,0,0.0,9728,75
4.345645131543279,-6.4375,0,-103,0,16,103,subsidiary_stock_comp,0.24813566108544668,0,0.1708,26,4,0,1733,0,0.0,9856,76
4.6652822475880384,-6.3125,0,-101,0,16,101,subsidiary_stock_comp,0.3927802046140035,0,0.1699,26,4,0,1733,0,0.0,9984,77
4.5470133777707815,-5.9375,0,-95,0,16,95,subsidiary_stock_comp,0.17246143023173013,0,0.1691,18,4,0,1733,0,0.0,10112,78
4.5109713934361935,-5.4375,0,-87,0,16,87,subsidiary_stock_comp,0.16884948313236237,0,0.1683,22,4,0,1733,0,0.0,10240,79
3.9444273617118597,-5.625,0,-90,0,16,90,subsidiary_stock_comp,0.8310914238293966,0,0.1674,26,4,0,1733,0,0.0,10368,80
4.042685654014349,-5.687184343434343,1,-90.9949494949495,0,16,91,subsidiary_stock_comp,0.20194553832213083,1,0.1666,22,4,0,1733,0,0.0,10496,81
3.7686992343515158,-5.1875,0,-83,0,16,83,subsidiary_stock_comp,0.10893242061138153,0,0.1657,20,4,0,1733,0,0.0,10624,82
3.5041924994438887,-4.249684343434343,1,-67.9949494949495,0,16,68,subsidiary_stock_comp,0.05462989707787832,1,0.1649,17,4,0,1733,0,0.0,10752,83
3.409401251003146,-4.0625,0,-65,0,16,65,subsidiary_stock_comp,0.4989856779575348,0,0.1641,32,4,0,1733,0,0.0,10880,84
2.562530981376767,-2.5625,0,-41,0,16,41,subsidiary_stock_comp,0.05066703756650289,0,0.1633,22,4,0,1733,0,0.0,11008,85
1.7837304370477796,-1.9375,0,-31,0,16,31,subsidiary_stock_comp,0.2424202561378479,0,0.1625,20,4,0,1733,0,0.0,11136,86
1.3829432339407504,-1.625,0,-26,0,16,26,subsidiary_stock_comp,0.05693171421686808,0,0.1616,16,4,0,1733,0,0.0,11264,87
1.5702163940295577,-2.625,0,-42,0,16,42,subsidiary_stock_comp,0.08897046248118083,0,0.1608,29,4,0,1733,0,0.0,11392,88
0.9661265545291826,-1.375,0,-22,0,16,22,subsidiary_stock_comp,0.010133512628575167,0,0.16,18,4,0,1733,0,0.0,11520,89
1.132789003662765,-1.5625,0,-25,0,16,25,subsidiary_stock_comp,0.09218458831310272,0,0.1592,20,4,0,1733,0,0.0,11648,90
1.2807358918944374,-1.6875,0,-27,0,16,27,subsidiary_stock_comp,0.06158575043082237,0,0.1584,25,4,0,1733,0,0.0,11776,91
1.2745988159440458,-1.625,0,-26,0,16,26,subsidiary_stock_comp,0.05470992252230644,0,0.1576,24,4,0,1733,0,0.0,11904,92
0.8322284383466467,-1.375,0,-22,0,16,22,subsidiary_stock_comp,0.1779946287473043,0,0.1569,15,4,0,1733,0,0.0,12032,93
1.0830472420202568,-1.4375,0,-23,0,16,23,subsidiary_stock_comp,0.08997500687837601,0,0.1561,19,4,0,1733,0,0.0,12160,94
1.2881935626501217,-1.625,0,-26,0,16,26,subsidiary_stock_comp,0.04444066807627678,0,0.1553,22,4,0,1733,0,0.0,12288,95
0.6708775073057041,-1.25,0,-20,0,16,20,subsidiary_stock_comp,0.02612247473249833,0,0.1545,13,4,0,1733,0,0.0,12416,96
1.264351483201608,-1.6875,0,-27,0,16,27,subsidiary_stock_comp,0.037081620966394745,0,0.1537,24,4,0,1733,0,0.0,12544,97
1.1476173452101648,-1.5,0,-24,0,16,24,subsidiary_stock_comp,0.013000801826516787,0,0.153,22,4,0,1733,0,0.0,12672,98
1.155978768132627,-1.6875,0,-27,0,16,27,subsidiary_stock_comp,0.07092098022500674,0,0.1522,22,4,0,1733,0,0.0,12800,99
3.7042686734348536,-7.6875,0,-123,0,16,123,subsidiary_stock_comp,0.43523765603701275,0,0.25,26,5,0,1734,0,0.0,128,0
4.205493398010731,-7.25,0,-116,0,16,116,subsidiary_stock_comp,0.4113120635350545,0,0.2487,30,5,0,1734,0,0.0,256,1
4.001045607961714,-7.4375,0,-119,0,16,119,subsidiary_stock_comp,0.3679307500521342,0,0.2475,33,5,0,1734,0,0.0,384,2
4.429380758665502,-7.4375,0,-119,0,16,119,subsidiary_stock_comp,0.46894657611846924,0,0.2463,46,5,0,1734,0,0.0,512,3
4.162413418292999,-7.1875,0,-115,0,16,115,subsidiary_stock_comp,0.360154648621877,0,0.245,32,5,0,1734,0,0.0,640,4
4.190579921938479,-6.75,0,-108,0,16,108,subsidiary_stock_comp,0.24003965655962625,0,0.2438,30,5,0,1734,0,0.0,768,5
4.342451004311442,-6.375,0,-102,0,16,102,subsidiary_stock_comp,0.3528306583563487,0,0.2426,26,5,0,1734,0,0.0,896,6
4.190752476453781,-6.25,0,-100,0,16,100,subsidiary_stock_comp,0.26347440977891284,0,0.2414,36,5,0,1734,0,0.0,1024,7
4.268388310447335,-6.375,0,-102,0,16,102,subsidiary_stock_comp,0.8199333747227987,0,0.2402,34,5,0,1734,0,0.0,1152,8
4.516485361382365,-6.125,0,-98,0,16,98,subsidiary_stock_comp,0.15729413429896036,0,0.239,35,5,0,1734,0,0.0,1280,9
4.1464528711512685,-6.3125,0,-101,0,16,101,subsidiary_stock_comp,0.31747931241989136,0,0.2378,23,5,0,1734,0,0.0,1408,10
4.031316510401666,-5.6875,0,-91,0,16,91,subsidiary_stock_comp,0.1639096587896347,0,0.2366,24,5,0,1734,0,0.0,1536,11
4.205261078197509,-5.6875,0,-91,0,16,91,subsidiary_stock_comp,0.1374930739402771,0,0.2354,34,5,0,1734,0,0.0,1664,12
4.073801468126476,-5.375,0,-86,0,16,86,subsidiary_stock_comp,0.1802346259355545,0,0.2342,34,5,0,1734,0,0.0,1792,13
3.9975293707102537,-4.875,0,-78,0,16,78,subsidiary_stock_comp,0.10646570722262065,0,0.2331,34,5,0,1734,0,0.0,1920,14
3.9195741680450737,-4.749684343434343,1,-75.9949494949495,0,16,76,subsidiary_stock_comp,0.08706921339035034,1,0.2319,27,5,0,1734,0,0.0,2048,15
4.036798520712182,-5.186868686868687,2,-82.98989898989899,0,16,83,subsidiary_stock_comp,0.2895743449529012,2,0.2307,37,5,0,1734,0,0.0,2176,16
3.5287988611962646,-4.4375,0,-71,0,16,71,subsidiary_stock_comp,0.17080705364545187,0,0.2296,27,5,0,1734,0,0.0,2304,17
3.2860217997804284,-4.75,0,-76,0,16,76,subsidiary_stock_comp,0.04828182359536489,0,0.2284,26,5,0,1734,0,0.0,2432,18
3.245084512978792,-4.0,0,-64,0,16,64,subsidiary_stock_comp,0.042114026844501495,0,0.2273,30,5,0,1734,0,0.0,2560,19
2.6271959329023957,-3.0,0,-48,0,16,48,subsidiary_stock_comp,0.08032225569089253,0,0.2262,29,5,0,1734,0,0.0,2688,20
2.2227337704971433,-2.3125,0,-37,0,16,37,subsidiary_stock_comp,0.03464673707882563,0,0.225,24,5,0,1734,0,0.0,2816,21
2.184308814117685,-1.875,0,-30,0,16,30,subsidiary_stock_comp,-0.002128469447294871,0,0.2239,24,5,0,1734,0,0.0,2944,22
1.9229077221825719,-2.0,0,-32,0,16,32,subsidiary_stock_comp,0.04064522311091423,0,0.2228,20,5,0,1734,0,0.0,3072,23
2.35092991637066,-2.5,0,-40,0,16,40,subsidiary_stock_comp,0.1152419646581014,0,0.2217,31,5,0,1734,0,0.0,3200,24
2.048368744086474,-2.0625,0,-33,0,16,33,subsidiary_stock_comp,0.00033757338921229046,0,0.2206,26,5,0,1734,0,0.0,3328,25
2.46973545756191,-2.125,0,-34,0,16,34,subsidiary_stock_comp,0.05028842141230901,0,0.2195,33,5,0,1734,0,0.0,3456,26
2.208055608905852,-1.75,0,-28,0,16,28,subsidiary_stock_comp,0.10219977299372356,0,0.2184,29,5,0,1734,0,0.0,3584,27
1.989721727790311,-1.8125,0,-29,0,16,29,subsidiary_stock_comp,0.014352610955635706,0,0.2173,24,5,0,1734,0,0.0,3712,28
1.8162579932250082,-1.4375,0,-23,0,16,23,subsidiary_stock_comp,0.014726607749859491,0,0.2162,20,5,0,1734,0,0.0,3840,29
2.125925211235881,-2.0,0,-32,0,16,32,subsidiary_stock_comp,0.07698412487904231,0,0.2151,30,5,0,1734,0,0.0,3968,30
2.0454081650823355,-1.9375,0,-31,0,16,31,subsidiary_stock_comp,0.03245127573609352,0,0.214,28,5,0,1734,0,0.0,4096,31
1.905654426664114,-1.4375,0,-23,0,16,23,subsidiary_stock_comp,0.062170145412286125,0,0.213,20,5,0,1734,0,0.0,4224,32
1.7694039805792272,-1.4375,0,-23,0,16,23,subsidiary_stock_comp,0.06870638951659203,0,0.2119,19,5,0,1734,0,0.0,4352,33
2.1054226215928793,-2.0,0,-32,0,16,32,subsidiary_stock_comp,0.02730513612429301,0,0.2108,27,5,0,1734,0,0.0,4480,34
1.8995505371131003,-1.9375,0,-31,0,16,31,subsidiary_stock_comp,0.06702673807740211,0,0.2098,29,5,0,1734,0,0.0,4608,35
1.6318557569757104,-1.75,0,-28,0,16,28,subsidiary_stock_comp,0.02040340503056844,0,0.2087,25,5,0,1734,0,0.0,4736,36
2.0213133567012846,-1.9375,0,-31,0,16,31,subsidiary_stock_comp,0.10772264997164409,0,0.2077,31,5,0,1734,0,0.0,4864,37
1.6142023387365043,-1.5625,0,-25,0,16,25,subsidiary_stock_comp,0.03320318212111791,0,0.2066,22,5,0,1734,0,0.0,4992,38
1.7873522047884762,-1.875,0,-30,0,16,30,subsidiary_stock_comp,0.049218750248352684,0,0.2056,26,5,0,1734,0,0.0,5120,39
1.7180659393779933,-1.5,0,-24,0,16,24,subsidiary_stock_comp,0.036773260682821274,0,0.2046,23,5,0,1734,0,0.0,5248,40
1.8436268805526197,-2.0,0,-32,0,16,32,subsidiary_stock_comp,0.08521751686930656,0,0.2036,22,5,0,1734,0,0.0,5376,41
1.8952923943288624,-1.5,0,-24,0,16,24,subsidiary_stock_comp,-0.006904660413662593,0,0.2025,22,5,0,1734,0,0.0,5504,42
1.794685731176287,-1.75,0,-28,0,16,28,subsidiary_stock_comp,0.032864718387524285,0,0.2015,19,5,0,1734,0,0.0,5632,43
1.853528160136193,-1.75,0,-28,0,16,28,subsidiary_stock_comp,0.002791366229454676,0,0.2005,23,5,0,1734,0,0.0,5760,44
2.289675313513726,-2.25,0,-36,0,16,36,subsidiary_stock_comp,0.06891585638125737,0,0.1995,32,5,0,1734,0,0.0,5888,45
1.9941241745837033,-1.75,0,-28,0,16,28,subsidiary_stock_comp,0.0022472254931926727,0,0.1985,27,5,0,1734,0,0.0,6016,46
1.859740511747077,-1.625,0,-26,0,16,26,subsidiary_stock_comp,0.0544914702574412,0,0.1975,23,5,0,1734,0,0.0,6144,47
1.9649594370275736,-1.75,0,-28,0,16,28,subsidiary_stock_comp,8.45858206351598e-05,0,0.1965,24,5,0,1734,0,0.0,6272,48
2.1771058328449726,-1.9375,0,-31,0,16,31,subsidiary_stock_comp,0.02785418927669525,0,0.1956,30,5,0,1734,0,0.0,6400,49
1.6654785214923322,-1.5625,0,-25,0,16,25,subsidiary_stock_comp,-0.005220133811235428,0,0.1946,19,5,0,1734,0,0.0,6528,50
1.8578441077843308,-1.6875,0,-27,0,16,27,subsidiary_stock_comp,0.019567320744196575,0,0.1936,21,5,0,1734,0,0.0,6656,51
1.752313211094588,-1.5625,0,-25,0,16,25,subsidiary_stock_comp,0.031075024356444676,0,0.1926,20,5,0,1734,0,0.0,6784,52
1.5085199936293066,-1.3125,0,-21,0,16,21,subsidiary_stock_comp,0.011066552251577377,0,0.1917,15,5,0,1734,0,0.0,6912,53
2.025240677408874,-1.8125,0,-29,0,16,29,subsidiary_stock_comp,-0.00833690787355105,0,0.1907,28,5,0,1734,0,0.0,7040,54
1.9349758964963257,-1.75,0,-28,0,16,28,subsidiary_stock_comp,0.02803400034705798,0,0.1898,28,5,0,1734,0,0.0,7168,55
2.0677795191295445,-2.3125,0,-37,0,16,37,subsidiary_stock_comp,0.0708539846042792,0,0.1888,30,5,0,1734,0,0.0,7296,56
1.99500238802284,-1.6875,0,-27,0,16,27,subsidiary_stock_comp,0.011960544933875402,0,0.1879,26,5,0,1734,0,0.0,7424,57
2.116233305539936,-2.0625,0,-33,0,16,33,subsidiary_stock_comp,0.032242619742949806,0,0.1869,33,5,0,1734,0,0.0,7552,58
1.6190223810262978,-1.3125,0,-21,0,16,21,subsidiary_stock_comp,-0.042581756909688316,0,0.186,17,5,0,1734,0,0.0,7680,59
1.427104071713984,-1.1875,0,-19,0,16,19,subsidiary_stock_comp,-0.021166884650786717,0,0.1851,14,5,0,1734,0,0.0,7808,60
1.6924023241735995,-1.625,0,-26,0,16,26,subsidiary_stock_comp,0.00754490743080775,0,0.1841,23,5,0,1734,0,0.0,7936,61
1.8459675125777721,-1.75,0,-28,0,16,28,subsidiary_stock_comp,-0.01830030729373296,0,0.1832,23,5,0,1734,0,0.0,8064,62
1.7153741014190018,-1.375,0,-22,0,16,22,subsidiary_stock_comp,-0.027780781189600628,0,0.1823,15,5,0,1734,0,0.0,8192,63
2.1726602418348193,-1.75,0,-28,0,16,28,subsidiary_stock_comp,0.014556412895520529,0,0.1814,23,5,0,1734,0,0.0,8320,64
2.014357363805175,-1.5,0,-24,0,16,24,subsidiary_stock_comp,-0.014298636466264725,0,0.1805,21,5,0,1734,0,0.0,8448,65
2.0397899257950485,-1.625,0,-26,0,16,26,subsidiary_stock_comp,0.052449870854616165,0,0.1796,24,5,0,1734,0,0.0,8576,66
1.8969651092775166,-1.8125,0,-29,0,16,29,subsidiary_stock_comp,-0.03806691492597262,0,0.1787,28,5,0,1734,0,0.0,8704,67
1.6541816657409072,-1.6875,0,-27,0,16,27,subsidiary_stock_comp,-0.023657800629734993,0,0.1778,24,5,0,1734,0,0.0,8832,68
1.7353284563869238,-1.6875,0,-27,0,16,27,subsidiary_stock_comp,0.014236039171616236,0,0.1769,22,5,0,1734,0,0.0,8960,69
1.3769778001587838,-1.375,0,-22,0,16,22,subsidiary_stock_comp,-0.011116841187079748,0,0.176,18,5,0,1734,0,0.0,9088,70
1.5679785376414657,-1.4375,0,-23,0,16,23,subsidiary_stock_comp,-0.01620001842578252,0,0.1751,21,5,0,1734,0,0.0,9216,71
1.338076324434951,-1.5625,0,-25,0,16,25,subsidiary_stock_comp,-0.006352730716268222,0,0.1743,20,5,0,1734,0,0.0,9344,72
1.4759023950900882,-1.5,0,-24,0,16,24,subsidiary_stock_comp,-0.025161351387699444,0,0.1734,23,5,0,1734,0,0.0,9472,73
1.3121450322214514,-1.375,0,-22,0,16,22,subsidiary_stock_comp,-0.02985008681813876,0,0.1725,18,5,0,1734,0,0.0,9600,74
1.7088591819629073,-1.9375,0,-31,0,16,31,subsidiary_stock_comp,0.048840017368396126,0,0.1717,28,5,0,1734,0,0.0,9728,75
1.4403372639790177,-1.6875,0,-27,0,16,27,subsidiary_stock_comp,0.06708122417330742,0,0.1708,22,5,0,1734,0,0.0,9856,76
1.7175679409410805,-1.9375,0,-31,0,16,31,subsidiary_stock_comp,0.009889224544167519,0,0.1699,27,5,0,1734,0,0.0,9984,77
1.3497062916867435,-1.375,0,-22,0,16,22,subsidiary_stock_comp,0.05023866953949133,0,0.1691,19,5,0,1734,0,0.0,10112,78
1.347834529587999,-1.625,0,-26,0,16,26,subsidiary_stock_comp,0.10776880135138829,0,0.1683,23,5,0,1734,0,0.0,10240,79
1.244311996619217,-1.3125,0,-21,0,16,21,subsidiary_stock_comp,-0.022150831917921703,0,0.1674,17,5,0,1734,0,0.0,10368,80
1.490045994578395,-1.6875,0,-27,0,16,27,subsidiary_stock_comp,0.003947284072637558,0,0.1666,26,5,0,1734,0,0.0,10496,81
1.2183045013807714,-1.4375,0,-23,0,16,23,subsidiary_stock_comp,-0.009647229686379433,0,0.1657,18,5,0,1734,0,0.0,10624,82
1.6127458401024342,-2.0,0,-32,0,16,32,subsidiary_stock_comp,0.010057907551527023,0,0.1649,28,5,0,1734,0,0.0,10752,83
1.486134303471772,-1.5625,0,-25,0,16,25,subsidiary_stock_comp,0.006579373652736346,0,0.1641,23,5,0,1734,0,0.0,10880,84
1.309642742271535,-1.5625,0,-25,0,16,25,subsidiary_stock_comp,0.02775602973997593,0,0.1633,22,5,0,1734,0,0.0,11008,85
1.4218453344656155,-1.4375,0,-23,0,16,23,subsidiary_stock_comp,-0.01877950256069501,0,0.1625,19,5,0,1734,0,0.0,11136,86
1.406951038283296,-1.375,0,-22,0,16,22,subsidiary_stock_comp,0.009317660083373388,0,0.1616,18,5,0,1734,0,0.0,11264,87
1.277046938892454,-1.3125,0,-21,0,16,21,subsidiary_stock_comp,0.012469669803977013,0,0.1608,18,5,0,1734,0,0.0,11392,88
1.0487707681022584,-1.1875,0,-19,0,16,19,subsidiary_stock_comp,-0.004892085989316304,0,0.16,13,5,0,1734,0,0.0,11520,89
1.2878482308005914,-1.5625,0,-25,0,16,25,subsidiary_stock_comp,0.019462391113241512,0,0.1592,20,5,0,1734,0,0.0,11648,90
1.5259151251520962,-1.5625,0,-25,0,16,25,subsidiary_stock_comp,-0.028326051930586498,0,0.1584,20,5,0,1734,0,0.0,11776,91
1.7021721249911934,-2.0,0,-32,0,16,32,subsidiary_stock_comp,0.03682450080911318,0,0.1576,29,5,0,1734,0,0.0,11904,92
1.4069825450424105,-1.4375,0,-23,0,16,23,subsidiary_stock_comp,-0.010461916526158651,0,0.1569,21,5,0,1734,0,0.0,12032,93
1.325175175210461,-1.625,0,-26,0,16,26,subsidiary_stock_comp,-0.01152433268725872,0,0.1561,22,5,0,1734,0,0.0,12160,94
1.5218600218649954,-1.625,0,-26,0,16,26,subsidiary_stock_comp,0.021321661149462063,0,0.1553,24,5,0,1734,0,0.0,12288,95
1.31740554375574,-1.375,0,-22,0,16,22,subsidiary_stock_comp,0.07096967039008935,0,0.1545,19,5,0,1734,0,0.0,12416,96
1.4886356147471815,-1.625,0,-26,0,16,26,subsidiary_stock_comp,0.04196139176686605,0,0.1537,23,5,0,1734,0,0.0,12544,97
1.54277384839952,-1.8125,0,-29,0,16,29,subsidiary_stock_comp,0.008465393135945002,0,0.153,25,5,0,1734,0,0.0,12672,98
1.553964921273291,-1.625,0,-26,0,16,26,subsidiary_stock_comp,0.053065081437428795,0,0.1522,24,5,0,1734,0,0.0,12800,99
3.8840205473825336,-8.0,0,-128,0,16,128,subsidiary_stock_comp,2.063508838415146,0,0.25,36,6,0,1735,0,0.0,128,0
4.507353864610195,-8.0,0,-128,0,16,128,subsidiary_stock_comp,0.4078376293182373,0,0.2487,36,6,0,1735,0,0.0,256,1
4.98159971088171,-7.9375,0,-127,0,16,127,subsidiary_stock_comp,0.43693599104881287,0,0.2475,34,6,0,1735,0,0.0,384,2
5.1138094291090965,-8.0,0,-128,0,16,128,subsidiary_stock_comp,0.3406455119450887,0,0.2463,27,6,0,1735,0,0.0,512,3
5.107222210615873,-7.9375,0,-127,0,16,127,subsidiary_stock_comp,0.4028216501077016,0,0.245,38,6,0,1735,0,0.0,640,4
5.266256265342236,-8.0,0,-128,0,16,128,subsidiary_stock_comp,0.45028941829999286,0,0.2438,41,6,0,1735,0,0.0,768,5
4.905328055843711,-7.875,0,-126,0,16,126,subsidiary_stock_comp,0.3586670955022176,0,0.2426,27,6,0,1735,0,0.0,896,6
5.102035069838166,-7.9375,0,-127,0,16,127,subsidiary_stock_comp,0.320614496866862,0,0.2414,35,6,0,1735,0,0.0,1024,7
5.141639597713947,-7.9375,0,-127,0,16,127,subsidiary_stock_comp,0.32530154784520465,0,0.2402,28,6,0,1735,0,0.0,1152,8
5.781268443912268,-8.0,0,-128,0,16,128,subsidiary_stock_comp,0.3542550802230835,0,0.239,27,6,0,1735,0,0.0,1280,9
5.515478026121855,-7.9375,0,-127,0,16,127,subsidiary_stock_comp,0.3044786751270294,0,0.2378,27,6,0,1735,0,0.0,1408,10
5.36696844920516,-8.0,0,-128,0,16,128,subsidiary_stock_comp,0.29465028643608093,0,0.2366,27,6,0,1735,0,0.0,1536,11
5.797991082072258,-7.9375,0,-127,0,16,127,subsidiary_stock_comp,0.2847170929114024,0,0.2354,39,6,0,1735,0,0.0,1664,12
5.603926159441471,-7.9375,0,-127,0,16,127,subsidiary_stock_comp,0.25256385405858356,0,0.2342,35,6,0,1735,0,0.0,1792,13
5.250425793230534,-8.0,0,-128,0,16,128,subsidiary_stock_comp,0.2851728101571401,0,0.2331,21,6,0,1735,0,0.0,1920,14
5.735741125419736,-7.875,0,-126,0,16,126,subsidiary_stock_comp,0.32060422499974567,0,0.2319,28,6,0,1735,0,0.0,2048,15
6.121519019827247,-7.8125,0,-125,0,16,125,subsidiary_stock_comp,0.22352062662442526,0,0.2307,24,6,0,1735,0,0.0,2176,16
5.701952928677201,-8.0,0,-128,0,16,128,subsidiary_stock_comp,0.25359131892522174,0,0.2296,29,6,0,1735,0,0.0,2304,17
5.839101254940033,-8.0,0,-128,0,16,128,subsidiary_stock_comp,0.2667535146077474,0,0.2284,29,6,0,1735,0,0.0,2432,18
5.862815883010626,-8.0,0,-128,0,16,128,subsidiary_stock_comp,0.28451263904571533,0,0.2273,30,6,0,1735,0,0.0,2560,19
5.989123813807964,-8.0,0,-128,0,16,128,subsidiary_stock_comp,0.22148301204045615,0,0.2262,28,6,0,1735,0,0.0,2688,20
6.258767671883106,-8.0,0,-128,0,16,128,subsidiary_stock_comp,0.2546790838241577,0,0.225,26,6,0,1735,0,0.0,2816,21
6.3969460763037205,-8.0,0,-128,0,16,128,subsidiary_stock_comp,0.2582489351431529,0,0.2239,23,6,0,1735,0,0.0,2944,22
6.2564860582351685,-8.0,0,-128,0,16,128,subsidiary_stock_comp,0.1831794281800588,0,0.2228,20,6,0,1735,0,0.0,3072,23
6.133499823510647,-7.875,0,-126,0,16,126,subsidiary_stock_comp,0.24176261822382608,0,0.2217,29,6,0,1735,0,0.0,3200,24
5.927786152809858,-7.9375,0,-127,0,16,127,subsidiary_stock_comp,0.2083829939365387,0,0.2206,24,6,0,1735,0,0.0,3328,25
5.451704228296876,-7.8125,0,-125,0,16,125,subsidiary_stock_comp,0.25842054684956867,0,0.2195,26,6,0,1735,0,0.0,3456,26
5.350788805633783,-8.0,0,-128,0,16,128,subsidiary_stock_comp,0.283850759267807,0,0.2184,31,6,0,1735,0,0.0,3584,27
5.330490792170167,-7.875,0,-126,0,16,126,subsidiary_stock_comp,0.31375229358673096,0,0.2173,30,6,0,1735,0,0.0,3712,28
5.837905563414097,-7.9375,0,-127,0,16,127,subsidiary_stock_comp,0.27297191818555194,0,0.2162,20,6,0,1735,0,0.0,3840,29
5.383518384769559,-8.0,0,-128,0,16,128,subsidiary_stock_comp,0.27282405893007916,0,0.2151,27,6,0,1735,0,0.0,3968,30
5.258662134408951,-7.9375,0,-127,0,16,127,subsidiary_stock_comp,0.2559867699940999,0,0.214,26,6,0,1735,0,0.0,4096,31
5.524358592927456,-7.8125,0,-125,0,16,125,subsidiary_stock_comp,0.20713017384211221,0,0.213,30,6,0,1735,0,0.0,4224,32
5.442842289805412,-8.0,0,-128,0,16,128,subsidiary_stock_comp,0.2446998953819275,0,0.2119,26,6,0,1735,0,0.0,4352,33
6.1893508695065975,-7.812184343434343,1,-124.9949494949495,0,16,125,subsidiary_stock_comp,0.22072996695836386,1,0.2108,31,6,0,1735,0,0.0,4480,34
6.1759042758494616,-7.9375,0,-127,0,16,127,subsidiary_stock_comp,0.18758619825045267,0,0.2098,22,6,0,1735,0,0.0,4608,35
5.669330954551697,-7.8125,0,-125,0,16,125,subsidiary_stock_comp,0.2603827814261119,0,0.2087,31,6,0,1735,0,0.0,4736,36
5.454022366553545,-7.9375,0,-127,0,16,127,subsidiary_stock_comp,0.3704563279946645,0,0.2077,26,6,0,1735,0,0.0,4864,37
5.6307471469044685,-7.75,0,-124,0,16,124,subsidiary_stock_comp,0.32692315181096393,0,0.2066,29,6,0,1735,0,0.0,4992,38
5.240989780053496,-7.874684343434343,1,-125.9949494949495,0,16,126,subsidiary_stock_comp,0.28335755070050556,1,0.2056,24,6,0,1735,0,0.0,5120,39
5.419513162225485,-7.875,0,-126,0,16,126,subsidiary_stock_comp,0.3162939449151357,0,0.2046,25,6,0,1735,0,0.0,5248,40
5.091374358162284,-7.687184343434343,1,-122.9949494949495,0,16,123,subsidiary_stock_comp,0.24121208488941193,1,0.2036,30,6,0,1735,0,0.0,5376,41
5.130728334188461,-7.8125,0,-125,0,16,125,subsidiary_stock_comp,0.34937379757563275,0,0.2025,29,6,0,1735,0,0.0,5504,42
5.452483430504799,-7.875,0,-126,0,16,126,subsidiary_stock_comp,0.2251514196395874,0,0.2015,27,6,0,1735,0,0.0,5632,43
5.809268906712532,-8.0,0,-128,0,16,128,subsidiary_stock_comp,0.27184860905011493,0,0.2005,32,6,0,1735,0,0.0,5760,44
5.408209901303053,-7.875,0,-126,0,16,126,subsidiary_stock_comp,0.283378263314565,0,0.1995,28,6,0,1735,0,0.0,5888,45
5.793556857854128,-7.8125,0,-125,0,16,125,subsidiary_stock_comp,0.23278488715489706,0,0.1985,33,6,0,1735,0,0.0,6016,46
5.765932619571686,-7.875,0,-126,0,16,126,subsidiary_stock_comp,0.2669961353143056,0,0.1975,31,6,0,1735,0,0.0,6144,47
5.742311552166939,-8.0,0,-128,0,16,128,subsidiary_stock_comp,0.2951312263806661,0,0.1965,24,6,0,1735,0,0.0,6272,48
5.39608546718955,-7.75,0,-124,0,16,124,subsidiary_stock_comp,0.2767643729845683,0,0.1956,23,6,0,1735,0,0.0,6400,49
4.889365302398801,-7.9375,0,-127,0,16,127,subsidiary_stock_comp,0.24096603194872537,0,0.1946,20,6,0,1735,0,0.0,6528,50
5.286870531737804,-8.0,0,-128,0,16,128,subsidiary_stock_comp,0.2867732346057892,0,0.1936,26,6,0,1735,0,0.0,6656,51
4.942658420652151,-7.9375,0,-127,0,16,127,subsidiary_stock_comp,0.3434096574783325,0,0.1926,33,6,0,1735,0,0.0,6784,52
5.310000916942954,-7.8125,0,-125,0,16,125,subsidiary_stock_comp,0.24703710277875265,0,0.1917,17,6,0,1735,0,0.0,6912,53
5.590650014579296,-7.9375,0,-127,0,16,127,subsidiary_stock_comp,0.30983208616574603,0,0.1907,24,6,0,1735,0,0.0,7040,54
5.2116826344281435,-7.875,0,-126,0,16,126,subsidiary_stock_comp,0.28637512524922687,0,0.1898,23,6,0,1735,0,0.0,7168,55
4.791561376303434,-7.8125,0,-125,0,16,125,subsidiary_stock_comp,0.28733666737874347,0,0.1888,20,6,0,1735,0,0.0,7296,56
5.1194956712424755,-7.625,0,-122,0,16,122,subsidiary_stock_comp,0.4425227890412013,0,0.1879,12,6,0,1735,0,0.0,7424,57
5.086686588823795,-7.875,0,-126,0,16,126,subsidiary_stock_comp,0.25727208455403644,0,0.1869,24,6,0,1735,0,0.0,7552,58
5.136458164080977,-7.625,0,-122,0,16,122,subsidiary_stock_comp,0.28576990962028503,0,0.186,31,6,0,1735,0,0.0,7680,59
4.997178770601749,-7.8125,0,-125,0,16,125,subsidiary_stock_comp,0.2721717953681946,0,0.1851,20,6,0,1735,0,0.0,7808,60
5.326980024576187,-7.9375,0,-127,0,16,127,subsidiary_stock_comp,0.31601370374361676,0,0.1841,35,6,0,1735,0,0.0,7936,61
5.383757306262851,-7.4375,0,-119,0,16,119,subsidiary_stock_comp,0.27173473437627155,0,0.1832,21,6,0,1735,0,0.0,8064,62
5.2836443316191435,-7.5625,0,-121,0,16,121,subsidiary_stock_comp,0.31234419345855713,0,0.1823,29,6,0,1735,0,0.0,8192,63
5.362357541918755,-7.8125,0,-125,0,16,125,subsidiary_stock_comp,0.29250939687093097,0,0.1814,29,6,0,1735,0,0.0,8320,64
5.208053205162287,-7.375,0,-118,0,16,118,subsidiary_stock_comp,0.2886951764424642,0,0.1805,16,6,0,1735,0,0.0,8448,65
5.336475100368261,-7.4375,0,-119,0,16,119,subsidiary_stock_comp,0.2186069389184316,0,0.1796,13,6,0,1735,0,0.0,8576,66
5.519689543172717,-7.75,0,-124,0,16,124,subsidiary_stock_comp,0.2936531901359558,0,0.1787,19,6,0,1735,0,0.0,8704,67
5.241052446886897,-7.875,0,-126,0,16,126,subsidiary_stock_comp,0.2567947606245677,0,0.1778,17,6,0,1735,0,0.0,8832,68
5.30588286370039,-7.75,0,-124,0,16,124,subsidiary_stock_comp,0.2562372187773387,0,0.1769,25,6,0,1735,0,0.0,8960,69
5.188887342810631,-7.5,0,-120,0,16,120,subsidiary_stock_comp,0.2774005929629008,0,0.176,32,6,0,1735,0,0.0,9088,70
5.322238897904754,-7.4375,0,-119,0,16,119,subsidiary_stock_comp,0.18219810724258423,0,0.1751,16,6,0,1735,0,0.0,9216,71
5.586100872606039,-7.5,0,-120,0,16,120,subsidiary_stock_comp,0.2192851503690084,0,0.1743,17,6,0,1735,0,0.0,9344,72
5.169566288590431,-7.375,0,-118,0,16,118,subsidiary_stock_comp,0.17843463023503622,0,0.1734,29,6,0,1735,0,0.0,9472,73
5.1942219119518995,-7.1875,0,-115,0,16,115,subsidiary_stock_comp,0.13925454020500183,0,0.1725,24,6,0,1735,0,0.0,9600,74
5.445540178567171,-7.1875,0,-115,0,16,115,subsidiary_stock_comp,0.10238454739252727,0,0.1717,29,6,0,1735,0,0.0,9728,75
5.140149110928178,-7.25,0,-116,0,16,116,subsidiary_stock_comp,0.18047251800696054,0,0.1708,21,6,0,1735,0,0.0,9856,76
5.023911289870739,-7.375,0,-118,0,16,118,subsidiary_stock_comp,0.21386879682540894,0,0.1699,27,6,0,1735,0,0.0,9984,77
4.8667092230170965,-7.375,0,-118,0,16,118,subsidiary_stock_comp,0.10707004865010579,0,0.1691,20,6,0,1735,0,0.0,10112,78
4.584168303757906,-7.125,0,-114,0,16,114,subsidiary_stock_comp,0.20886326829592386,0,0.1683,23,6,0,1735,0,0.0,10240,79
4.760879660025239,-6.9375,0,-111,0,16,111,subsidiary_stock_comp,0.1287596027056376,0,0.1674,29,6,0,1735,0,0.0,10368,80
4.689033402130008,-6.625,0,-106,0,16,106,subsidiary_stock_comp,0.055629665652910866,0,0.1666,27,6,0,1735,0,0.0,10496,81
4.195706143043935,-6.375,0,-102,0,16,102,subsidiary_stock_comp,0.06682134668032329,0,0.1657,25,6,0,1735,0,0.0,10624,82
4.219845158979297,-6.4375,0,-103,0,16,103,subsidiary_stock_comp,0.09416526059309642,0,0.1649,25,6,0,1735,0,0.0,10752,83
4.016989559866488,-5.4375,0,-87,0,16,87,subsidiary_stock_comp,-0.023272191484769184,0,0.1641,18,6,0,1735,0,0.0,10880,84
4.137230725958943,-5.875,0,-94,0,16,94,subsidiary_stock_comp,0.09190212190151215,0,0.1633,35,6,0,1735,0,0.0,11008,85
3.5944200782105327,-5.3125,0,-85,0,16,85,subsidiary_stock_comp,0.0413098136583964,0,0.1625,19,6,0,1735,0,0.0,11136,86
3.650572762824595,-4.3125,0,-69,0,16,69,subsidiary_stock_comp,-0.0042902032534281416,0,0.1616,19,6,0,1735,0,0.0,11264,87
3.5285033583641052,-4.8125,0,-77,0,16,77,subsidiary_stock_comp,-0.006731157501538594,0,0.1608,18,6,0,1735,0,0.0,11392,88
3.508998692035675,-4.4375,0,-71,0,16,71,subsidiary_stock_comp,0.0384915421406428,0,0.16,25,6,0,1735,0,0.0,11520,89
3.5789260929450393,-4.25,0,-68,0,16,68,subsidiary_stock_comp,-0.004754185676574707,0,0.1592,25,6,0,1735,0,0.0,11648,90
3.4532649060711265,-4.125,0,-66,0,16,66,subsidiary_stock_comp,0.0034788399934768677,0,0.1584,19,6,0,1735,0,0.0,11776,91
3.364073956385255,-4.375,0,-70,0,16,70,subsidiary_stock_comp,0.03730738162994385,0,0.1576,16,6,0,1735,0,0.0,11904,92
3.3797189835458994,-4.0,0,-64,0,16,64,subsidiary_stock_comp,0.008773952722549438,0,0.1569,23,6,0,1735,0,0.0,12032,93
3.3510030917823315,-3.375,0,-54,0,16,54,subsidiary_stock_comp,-0.013382479548454285,0,0.1561,20,6,0,1735,0,0.0,12160,94
3.227699477225542,-3.0625,0,-49,0,16,49,subsidiary_stock_comp,-0.024537548422813416,0,0.1553,25,6,0,1735,0,0.0,12288,95
3.2149414331652224,-3.25,0,-52,0,16,52,subsidiary_stock_comp,0.02319638927777608,0,0.1545,26,6,0,1735,0,0.0,12416,96
2.689407901838422,-2.5625,0,-41,0,16,41,subsidiary_stock_comp,0.038962043821811676,0,0.1537,23,6,0,1735,0,0.0,12544,97
2.291587739251554,-2.0,0,-32,0,16,32,subsidiary_stock_comp,-0.024370054403940838,0,0.153,18,6,0,1735,0,0.0,12672,98
1.912962717935443,-1.75,0,-28,0,16,28,subsidiary_stock_comp,-0.0008599745730559031,0,0.1522,15,6,0,1735,0,0.0,12800,99
3.526774261146784,-7.9375,0,-127,0,16,127,subsidiary_stock_comp,0.6329437692960104,0,0.25,31,7,0,1736,0,0.0,128,0
3.536014217417687,-7.875,0,-126,0,16,126,subsidiary_stock_comp,0.42953093846638996,0,0.2487,32,7,0,1736,0,0.0,256,1
3.716130657121539,-8.0,0,-128,0,16,128,subsidiary_stock_comp,0.8734570542971293,0,0.2475,31,7,0,1736,0,0.0,384,2
4.140716850757599,-7.9375,0,-127,0,16,127,subsidiary_stock_comp,0.39885860681533813,0,0.2463,23,7,0,1736,0,0.0,512,3
4.000117780640721,-8.0,0,-128,0,16,128,subsidiary_stock_comp,0.3972676694393158,0,0.245,26,7,0,1736,0,0.0,640,4
4.165437464602292,-7.9375,0,-127,0,16,127,subsidiary_stock_comp,0.40909480055173236,0,0.2438,22,7,0,1736,0,0.0,768,5
4.264246664941311,-7.812184343434343,1,-124.9949494949495,0,16,125,subsidiary_stock_comp,0.34288373589515686,1,0.2426,25,7,0,1736,0,0.0,896,6
4.254070162773132,-8.0,0,-128,0,16,128,subsidiary_stock_comp,0.39611684282620746,0,0.2414,22,7,0,1736,0,0.0,1024,7
4.328788515180349,-7.9375,0,-127,0,16,127,subsidiary_stock_comp,0.3679228723049164,0,0.2402,30,7,0,1736,0,0.0,1152,8
4.621271379292011,-7.9375,0,-127,0,16,127,subsidiary_stock_comp,0.6625885168711344,0,0.239,27,7,0,1736,0,0.0,1280,9
4.602994073182344,-7.9375,0,-127,0,16,127,subsidiary_stock_comp,0.42201314369837445,0,0.2378,29,7,0,1736,0,0.0,1408,10
4.471277998760343,-7.9375,0,-127,0,16,127,subsidiary_stock_comp,0.8129513661066691,0,0.2366,31,7,0,1736,0,0.0,1536,11
4.463927114382386,-7.9375,0,-127,0,16,127,subsidiary_stock_comp,0.3942965865135193,0,0.2354,26,7,0,1736,0,0.0,1664,12
4.706252438947558,-7.8125,0,-125,0,16,125,subsidiary_stock_comp,0.31047165393829346,0,0.2342,35,7,0,1736,0,0.0,1792,13
4.985380705446005,-7.75,0,-124,0,16,124,subsidiary_stock_comp,0.29557210206985474,0,0.2331,24,7,0,1736,0,0.0,1920,14
4.790480270981789,-7.8125,0,-125,0,16,125,subsidiary_stock_comp,0.34612465898195904,0,0.2319,26,7,0,1736,0,0.0,2048,15
5.171306364238262,-7.624684343434343,1,-121.9949494949495,0,16,122,subsidiary_stock_comp,0.3163047830263774,1,0.2307,31,7,0,1736,0,0.0,2176,16
5.095675827935338,-7.624684343434343,1,-121.9949494949495,0,16,122,subsidiary_stock_comp,0.3086373209953308,1,0.2296,26,7,0,1736,0,0.0,2304,17
4.952304335311055,-7.5,0,-120,0,16,120,subsidiary_stock_comp,0.25093280772368115,0,0.2284,21,7,0,1736,0,0.0,2432,18
4.923584906384349,-7.1875,0,-115,0,16,115,subsidiary_stock_comp,0.4429418245951335,0,0.2273,32,7,0,1736,0,0.0,2560,19
5.257789831608534,-7.4375,0,-119,0,16,119,subsidiary_stock_comp,0.2966734568277995,0,0.2262,33,7,0,1736,0,0.0,2688,20
4.945348586887121,-7.5,0,-120,0,16,120,subsidiary_stock_comp,0.2525239785512288,0,0.225,23,7,0,1736,0,0.0,2816,21
5.20028336532414,-6.936868686868687,1,-110.98989898989899,0,16,111,subsidiary_stock_comp,0.38276490569114685,2,0.2239,31,7,0,1736,0,0.0,2944,22
4.984814050607383,-6.437184343434343,1,-102.9949494949495,0,16,103,subsidiary_stock_comp,0.10179692010084788,1,0.2228,27,7,0,1736,0,0.0,3072,23
4.414054347202182,-6.625,0,-106,0,16,106,subsidiary_stock_comp,0.21645321448644003,0,0.2217,29,7,0,1736,0,0.0,3200,24
4.619038165546954,-5.9375,0,-95,0,16,95,subsidiary_stock_comp,0.049678092201550804,0,0.2206,28,7,0,1736,0,0.0,3328,25
3.9857906997203827,-5.061868686868687,1,-80.98989898989899,0,16,81,subsidiary_stock_comp,0.0847900112469991,2,0.2195,26,7,0,1736,0,0.0,3456,26
4.338729259558022,-5.187184343434343,1,-82.9949494949495,0,16,83,subsidiary_stock_comp,0.146084596713384,1,0.2184,40,7,0,1736,0,0.0,3584,27
3.512085994705558,-4.25,0,-68,0,16,68,subsidiary_stock_comp,0.040948107838630676,0,0.2173,26,7,0,1736,0,0.0,3712,28
3.2222652286291122,-3.624368686868687,1,-57.98989898989899,0,16,58,subsidiary_stock_comp,-0.029040219883124035,2,0.2162,27,7,0,1736,0,0.0,3840,29
2.8924405639991164,-2.6875,0,-43,0,16,43,subsidiary_stock_comp,0.02501033991575241,0,0.2151,23,7,0,1736,0,0.0,3968,30
2.946914997883141,-2.686868686868687,1,-42.98989898989899,0,16,43,subsidiary_stock_comp,0.16389513512452444,2,0.214,27,7,0,1736,0,0.0,4096,31
2.9056964572519064,-3.125,0,-50,0,16,50,subsidiary_stock_comp,0.12955032537380853,0,0.213,33,7,0,1736,0,0.0,4224,32
2.3739417199976742,-2.5625,0,-41,0,16,41,subsidiary_stock_comp,0.226950004696846,0,0.2119,25,7,0,1736,0,0.0,4352,33
1.8859537532553077,-2.1875,0,-35,0,16,35,subsidiary_stock_comp,0.015509304900964102,0,0.2108,22,7,0,1736,0,0.0,4480,34
2.3419149201363325,-2.1875,0,-35,0,16,35,subsidiary_stock_comp,0.028372029463450115,0,0.2098,33,7,0,1736,0,0.0,4608,35
1.7543481863103807,-1.9375,0,-31,0,16,31,subsidiary_stock_comp,0.020896236101786297,0,0.2087,23,7,0,1736,0,0.0,4736,36
1.9855591389350593,-1.6875,0,-27,0,16,27,subsidiary_stock_comp,-0.014985649536053339,0,0.2077,24,7,0,1736,0,0.0,4864,37
1.8269299995154142,-1.5625,0,-25,0,16,25,subsidiary_stock_comp,-0.0036720428615808487,0,0.2066,24,7,0,1736,0,0.0,4992,38
2.2131477976217866,-2.1875,0,-35,0,16,35,subsidiary_stock_comp,0.03173961862921715,0,0.2056,31,7,0,1736,0,0.0,5120,39
2.0021858154796064,-2.1246843434343434,1,-33.994949494949495,0,16,34,subsidiary_stock_comp,-0.01447303220629692,1,0.2046,28,7,0,1736,0,0.0,5248,40
1.9018666353076696,-1.8125,0,-29,0,16,29,subsidiary_stock_comp,6.707757711410522e-05,0,0.2036,25,7,0,1736,0,0.0,5376,41
1.7306899935938418,-1.5,0,-24,0,16,24,subsidiary_stock_comp,-0.021426846583684284,0,0.2025,19,7,0,1736,0,0.0,5504,42
1.6214619996026158,-1.3125,0,-21,0,16,21,subsidiary_stock_comp,-0.06205984950065613,0,0.2015,16,7,0,1736,0,0.0,5632,43
2.163700650911778,-2.3125,0,-37,0,16,37,subsidiary_stock_comp,0.011713363230228424,0,0.2005,34,7,0,1736,0,0.0,5760,44
1.7769175050780177,-1.6875,0,-27,0,16,27,subsidiary_stock_comp,0.013403323789437612,0,0.1995,26,7,0,1736,0,0.0,5888,45
2.1002979297190905,-1.875,0,-30,0,16,30,subsidiary_stock_comp,-0.0047114503880341845,0,0.1985,29,7,0,1736,0,0.0,6016,46
2.0019360817968845,-1.9375,0,-31,0,16,31,subsidiary_stock_comp,0.022410783916711807,0,0.1975,28,7,0,1736,0,0.0,6144,47
1.7264567748643458,-1.4375,0,-23,0,16,23,subsidiary_stock_comp,-0.02350883682568868,0,0.1965,21,7,0,1736,0,0.0,6272,48
1.9926912258379161,-1.6875,0,-27,0,16,27,subsidiary_stock_comp,-0.005380896230538686,0,0.1956,23,7,0,1736,0,0.0,6400,49
1.944066682830453,-2.0,0,-32,0,16,32,subsidiary_stock_comp,0.15681579957405725,0,0.1946,26,7,0,1736,0,0.0,6528,50
2.141952944919467,-1.875,0,-30,0,16,30,subsidiary_stock_comp,0.10038127625981967,0,0.1936,28,7,0,1736,0,0.0,6656,51
2.2914465265348554,-2.125,0,-34,0,16,34,subsidiary_stock_comp,0.05263267084956169,0,0.1926,33,7,0,1736,0,0.0,6784,52
1.7580956146121025,-1.5625,0,-25,0,16,25,subsidiary_stock_comp,-0.017394146571556728,0,0.1917,18,7,0,1736,0,0.0,6912,53
2.157188715878874,-1.9375,0,-31,0,16,31,subsidiary_stock_comp,-0.02875623106956482,0,0.1907,25,7,0,1736,0,0.0,7040,54
2.072312895208597,-1.875,0,-30,0,16,30,subsidiary_stock_comp,0.0005514944593111674,0,0.1898,26,7,0,1736,0,0.0,7168,55
1.9986909697763622,-1.6246843434343434,1,-25.994949494949495,0,16,26,subsidiary_stock_comp,-0.05024545763929685,1,0.1888,24,7,0,1736,0,0.0,7296,56
1.924770085606724,-1.75,0,-28,0,16,28,subsidiary_stock_comp,-0.014232502629359564,0,0.1879,24,7,0,1736,0,0.0,7424,57
2.2978519834578037,-1.8125,0,-29,0,16,29,subsidiary_stock_comp,0.005533258120218913,0,0.1869,29,7,0,1736,0,0.0,7552,58
2.2716313847340643,-1.6875,0,-27,0,16,27,subsidiary_stock_comp,0.0831411009033521,0,0.186,26,7,0,1736,0,0.0,7680,59
2.026848376262933,-1.5625,0,-25,0,16,25,subsidiary_stock_comp,0.05623077228665352,0,0.1851,22,7,0,1736,0,0.0,7808,60
2.0374656803905964,-1.75,0,-28,0,16,28,subsidiary_stock_comp,0.012783357252677282,0,0.1841,25,7,0,1736,0,0.0,7936,61
1.9005039162002504,-1.5,0,-24,0,16,24,subsidiary_stock_comp,0.007311228662729263,0,0.1832,17,7,0,1736,0,0.0,8064,62
2.666254396084696,-2.375,0,-38,0,16,38,subsidiary_stock_comp,0.05836594353119532,0,0.1823,35,7,0,1736,0,0.0,8192,63
2.351301394402981,-1.875,0,-30,0,16,30,subsidiary_stock_comp,0.04763185977935791,0,0.1814,25,7,0,1736,0,0.0,8320,64
2.3820356242358685,-2.0,0,-32,0,16,32,subsidiary_stock_comp,-0.017061293125152588,0,0.1805,28,7,0,1736,0,0.0,8448,65
2.207818311173469,-1.875,0,-30,0,16,30,subsidiary_stock_comp,-0.018803232659896214,0,0.1796,25,7,0,1736,0,0.0,8576,66
1.9954002369195223,-1.4375,0,-23,0,16,23,subsidiary_stock_comp,-0.04186989491184553,0,0.1787,19,7,0,1736,0,0.0,8704,67
2.232522926758975,-1.9375,0,-31,0,16,31,subsidiary_stock_comp,-0.025209436813990276,0,0.1778,27,7,0,1736,0,0.0,8832,68
2.1846044869162142,-1.8125,0,-29,0,16,29,subsidiary_stock_comp,-0.042725540697574615,0,0.1769,25,7,0,1736,0,0.0,8960,69
1.8960270518437028,-1.5,0,-24,0,16,24,subsidiary_stock_comp,-0.0702016291519006,0,0.176,20,7,0,1736,0,0.0,9088,70
1.7972152847796679,-1.625,0,-26,0,16,26,subsidiary_stock_comp,-0.04933801293373108,0,0.1751,16,7,0,1736,0,0.0,9216,71
1.7259374749846756,-1.375,0,-22,0,16,22,subsidiary_stock_comp,-0.059869720290104546,0,0.1743,16,7,0,1736,0,0.0,9344,72
1.826206864323467,-1.5,0,-24,0,16,24,subsidiary_stock_comp,-0.006484874834616979,0,0.1734,23,7,0,1736,0,0.0,9472,73
1.6207012976519763,-1.5,0,-24,0,16,24,subsidiary_stock_comp,-0.010045606022079786,0,0.1725,21,7,0,1736,0,0.0,9600,74
1.8013414507731795,-1.6875,0,-27,0,16,27,subsidiary_stock_comp,-0.011757260809342066,0,0.1717,25,7,0,1736,0,0.0,9728,75
1.9099400718696415,-1.875,0,-30,0,16,30,subsidiary_stock_comp,0.004468940198421478,0,0.1708,29,7,0,1736,0,0.0,9856,76
1.4367678163107485,-1.4375,0,-23,0,16,23,subsidiary_stock_comp,-0.0034828496476014457,0,0.1699,17,7,0,1736,0,0.0,9984,77
1.7407016782090068,-1.875,0,-30,0,16,30,subsidiary_stock_comp,0.021694783121347427,0,0.1691,25,7,0,1736,0,0.0,10112,78
1.4431553175672889,-1.625,0,-26,0,16,26,subsidiary_stock_comp,-0.006064840902884801,0,0.1683,21,7,0,1736,0,0.0,10240,79
1.5620577509980649,-1.5,0,-24,0,16,24,subsidiary_stock_comp,-0.02000407377878825,0,0.1674,19,7,0,1736,0,0.0,10368,80
1.8249941372778267,-1.625,0,-26,0,16,26,subsidiary_stock_comp,-0.0332498736679554,0,0.1666,23,7,0,1736,0,0.0,10496,81
1.3460049219429493,-1.4375,0,-23,0,16,23,subsidiary_stock_comp,-0.02985066423813502,0,0.1657,16,7,0,1736,0,0.0,10624,82
1.2964167087338865,-1.375,0,-22,0,16,22,subsidiary_stock_comp,-0.029013027747472126,0,0.1649,16,7,0,1736,0,0.0,10752,83
1.7476288028992712,-1.9375,0,-31,0,16,31,subsidiary_stock_comp,0.0012065346042315166,0,0.1641,27,7,0,1736,0,0.0,10880,84
1.7315946586895734,-1.75,0,-28,0,16,28,subsidiary_stock_comp,-0.01858893906076749,0,0.1633,22,7,0,1736,0,0.0,11008,85
1.6967482985928655,-1.5625,0,-25,0,16,25,subsidiary_stock_comp,-0.00925194596250852,0,0.1625,23,7,0,1736,0,0.0,11136,86
2.146273707970977,-1.9375,0,-31,0,16,31,subsidiary_stock_comp,0.03763142228126526,0,0.1616,31,7,0,1736,0,0.0,11264,87
1.7391091221943498,-1.625,0,-26,0,16,26,subsidiary_stock_comp,-0.02300213711957137,0,0.1608,20,7,0,1736,0,0.0,11392,88
1.6587129975669086,-1.3125,0,-21,0,16,21,subsidiary_stock_comp,-0.029430600504080456,0,0.16,16,7,0,1736,0,0.0,11520,89
1.9189310083165765,-1.5,0,-24,0,16,24,subsidiary_stock_comp,0.9225929180781046,0,0.1592,24,7,0,1736,0,0.0,11648,90
2.02787119243294,-1.375,0,-22,0,16,22,subsidiary_stock_comp,-0.016501231739918392,0,0.1584,20,7,0,1736,0,0.0,11776,91
1.8458790523000062,-1.375,0,-22,0,16,22,subsidiary_stock_comp,-0.021868346879879635,0,0.1576,14,7,0,1736,0,0.0,11904,92
2.2553516938351095,-1.8125,0,-29,0,16,29,subsidiary_stock_comp,0.047075112660725914,0,0.1569,25,7,0,1736,0,0.0,12032,93
1.5537341441959143,-1.0625,0,-17,0,16,17,subsidiary_stock_comp,-0.05513001481691996,0,0.1561,5,7,0,1736,0,0.0,12160,94
1.927465207874775,-1.25,0,-20,0,16,20,subsidiary_stock_comp,-0.04904630780220032,0,0.1553,16,7,0,1736,0,0.0,12288,95
2.1784615125507116,-1.5625,0,-25,0,16,25,subsidiary_stock_comp,0.14666733394066492,0,0.1545,20,7,0,1736,0,0.0,12416,96
1.9018723126500845,-1.3125,0,-21,0,16,21,subsidiary_stock_comp,-0.0123257947464784,0,0.1537,16,7,0,1736,0,0.0,12544,97
2.0051807849667966,-1.8125,0,-29,0,16,29,subsidiary_stock_comp,0.0032662798961003623,0,0.153,26,7,0,1736,0,0.0,12672,98
1.6577630094252527,-1.125,0,-18,0,16,18,subsidiary_stock_comp,-0.04851694405078888,0,0.1522,13,7,0,1736,0,0.0,12800,99
3.1708080181851983,-7.9375,0,-127,0,16,127,subsidiary_stock_comp,2.8042914668718972,0,0.25,30,8,0,1737,0,0.0,128,0
4.226348666474223,-7.875,0,-126,0,16,126,subsidiary_stock_comp,0.466024508078893,0,0.2487,31,8,0,1737,0,0.0,256,1
4.252958472818136,-7.75,0,-124,0,16,124,subsidiary_stock_comp,0.41345898310343426,0,0.2475,38,8,0,1737,0,0.0,384,2
4.130811320617795,-7.8125,0,-125,0,16,125,subsidiary_stock_comp,0.3339459002017975,0,0.2463,28,8,0,1737,0,0.0,512,3
4.551031224429607,-7.625,0,-122,0,16,122,subsidiary_stock_comp,0.3288618127504985,0,0.245,29,8,0,1737,0,0.0,640,4
4.427558243274689,-7.9375,0,-127,0,16,127,subsidiary_stock_comp,0.3340904712677002,0,0.2438,32,8,0,1737,0,0.0,768,5
4.533969443291426,-7.5625,0,-121,0,16,121,subsidiary_stock_comp,0.6401373346646627,0,0.2426,26,8,0,1737,0,0.0,896,6
4.421715520322323,-7.9375,0,-127,0,16,127,subsidiary_stock_comp,0.3691229025522868,0,0.2414,29,8,0,1737,0,0.0,1024,7
4.922046206891537,-7.8125,0,-125,0,16,125,subsidiary_stock_comp,0.33240727583567303,0,0.2402,27,8,0,1737,0,0.0,1152,8
5.056173462420702,-7.875,0,-126,0,16,126,subsidiary_stock_comp,0.3348061939080556,0,0.239,27,8,0,1737,0,0.0,1280,9
5.192544903606176,-8.0,0,-128,0,16,128,subsidiary_stock_comp,0.34682633479436237,0,0.2378,33,8,0,1737,0,0.0,1408,10
5.262154215946794,-7.6875,0,-123,0,16,123,subsidiary_stock_comp,0.27664996186892193,0,0.2366,30,8,0,1737,0,0.0,1536,11
5.255856670439243,-7.75,0,-124,0,16,124,subsidiary_stock_comp,0.32531901200612384,0,0.2354,37,8,0,1737,0,0.0,1664,12
5.002937283366919,-7.75,0,-124,0,16,124,subsidiary_stock_comp,0.27444377541542053,0,0.2342,25,8,0,1737,0,0.0,1792,13
5.47955771908164,-7.6875,0,-123,0,16,123,subsidiary_stock_comp,0.21429361899693808,0,0.2331,35,8,0,1737,0,0.0,1920,14
5.343475203961134,-7.5,0,-120,0,16,120,subsidiary_stock_comp,0.23122104008992514,0,0.2319,35,8,0,1737,0,0.0,2048,15
5.071084771305323,-7.75,0,-124,0,16,124,subsidiary_stock_comp,0.2743715246518453,0,0.2307,32,8,0,1737,0,0.0,2176,16
5.386703221127391,-7.6875,0,-123,0,16,123,subsidiary_stock_comp,0.23498504360516867,0,0.2296,23,8,0,1737,0,0.0,2304,17
5.240794211626053,-7.625,0,-122,0,16,122,subsidiary_stock_comp,0.34874724348386127,0,0.2284,33,8,0,1737,0,0.0,2432,18
5.215700551867485,-7.375,0,-118,0,16,118,subsidiary_stock_comp,0.20443149407704672,0,0.2273,26,8,0,1737,0,0.0,2560,19
5.300711130723357,-7.75,0,-124,0,16,124,subsidiary_stock_comp,0.20580896735191345,0,0.2262,29,8,0,1737,0,0.0,2688,20
5.052871283143759,-7.625,0,-122,0,16,122,subsidiary_stock_comp,0.20033744970957437,0,0.225,25,8,0,1737,0,0.0,2816,21
4.980214165523648,-7.625,0,-122,0,16,122,subsidiary_stock_comp,0.27187594771385193,0,0.2239,29,8,0,1737,0,0.0,2944,22
4.978254735469818,-7.25,0,-116,0,16,116,subsidiary_stock_comp,0.215277299284935,0,0.2228,29,8,0,1737,0,0.0,3072,23
5.162383206188679,-7.625,0,-122,0,16,122,subsidiary_stock_comp,0.28917670249938965,0,0.2217,22,8,0,1737,0,0.0,3200,24
5.1186743918806314,-7.5,0,-120,0,16,120,subsidiary_stock_comp,0.24515645702679953,0,0.2206,43,8,0,1737,0,0.0,3328,25
5.0949792973697186,-7.5,0,-120,0,16,120,subsidiary_stock_comp,0.23142553369204202,0,0.2195,26,8,0,1737,0,0.0,3456,26
5.218528086319566,-7.5,0,-120,0,16,120,subsidiary_stock_comp,0.20996048053105673,0,0.2184,32,8,0,1737,0,0.0,3584,27
4.890945728868246,-7.6875,0,-123,0,16,123,subsidiary_stock_comp,0.27090192834536236,0,0.2173,38,8,0,1737,0,0.0,3712,28
5.087375096976757,-7.5625,0,-121,0,16,121,subsidiary_stock_comp,0.25312364598115283,0,0.2162,20,8,0,1737,0,0.0,3840,29
5.109178401529789,-7.8125,0,-125,0,16,125,subsidiary_stock_comp,0.27771838506062824,0,0.2151,29,8,0,1737,0,0.0,3968,30
5.384239470586181,-7.6875,0,-123,0,16,123,subsidiary_stock_comp,0.24900013208389282,0,0.214,28,8,0,1737,0,0.0,4096,31
5.208197616040707,-7.8125,0,-125,0,16,125,subsidiary_stock_comp,0.2519315977891286,0,0.213,28,8,0,1737,0,0.0,4224,32
4.815206203609705,-7.875,0,-126,0,16,126,subsidiary_stock_comp,0.2738563021024068,0,0.2119,27,8,0,1737,0,0.0,4352,33
5.092762999236584,-7.75,0,-124,0,16,124,subsidiary_stock_comp,0.2242468297481537,0,0.2108,25,8,0,1737,0,0.0,4480,34
5.302975753322244,-7.9375,0,-127,0,16,127,subsidiary_stock_comp,0.22346462806065878,0,0.2098,26,8,0,1737,0,0.0,4608,35
5.383631359785795,-7.875,0,-126,0,16,126,subsidiary_stock_comp,0.25820087393124896,0,0.2087,33,8,0,1737,0,0.0,4736,36
5.19553373940289,-7.5625,0,-121,0,16,121,subsidiary_stock_comp,0.2369543711344401,0,0.2077,24,8,0,1737,0,0.0,4864,37
5.320213822647929,-7.5625,0,-121,0,16,121,subsidiary_stock_comp,0.24419294794400534,0,0.2066,25,8,0,1737,0,0.0,4992,38
4.867665568366647,-7.6875,0,-123,0,16,123,subsidiary_stock_comp,0.26620068152745563,0,0.2056,28,8,0,1737,0,0.0,5120,39
4.952193856239319,-7.375,0,-118,0,16,118,subsidiary_stock_comp,0.3272993763287862,0,0.2046,24,8,0,1737,0,0.0,5248,40
5.68111328035593,-7.5,0,-120,0,16,120,subsidiary_stock_comp,0.12800327936808267,0,0.2036,26,8,0,1737,0,0.0,5376,41
5.681785337626934,-7.25,0,-116,0,16,116,subsidiary_stock_comp,0.11492016911506653,0,0.2025,23,8,0,1737,0,0.0,5504,42
5.583027470856905,-7.1875,0,-115,0,16,115,subsidiary_stock_comp,0.24006777008374533,0,0.2015,33,8,0,1737,0,0.0,5632,43
5.388772450387478,-7.374684343434343,1,-117.9949494949495,0,16,118,subsidiary_stock_comp,0.15201871593793234,1,0.2005,22,8,0,1737,0,0.0,5760,44
5.5855782777071,-7.3125,0,-117,0,16,117,subsidiary_stock_comp,0.12150951226552327,0,0.1995,20,8,0,1737,0,0.0,5888,45
5.392852192744613,-7.4375,0,-119,0,16,119,subsidiary_stock_comp,0.18224024772644043,0,0.1985,24,8,0,1737,0,0.0,6016,46
5.14288242533803,-7.125,0,-114,0,16,114,subsidiary_stock_comp,0.13959242900212607,0,0.1975,21,8,0,1737,0,0.0,6144,47
5.263524703681469,-7.5625,0,-121,0,16,121,subsidiary_stock_comp,0.2002592384815216,0,0.1965,28,8,0,1737,0,0.0,6272,48
5.63771372102201,-7.6875,0,-123,0,16,123,subsidiary_stock_comp,0.31094218293825787,0,0.1956,29,8,0,1737,0,0.0,6400,49
5.432570029050112,-7.8125,0,-125,0,16,125,subsidiary_stock_comp,0.22259447971979776,0,0.1946,21,8,0,1737,0,0.0,6528,50
5.426652874797583,-7.625,0,-122,0,16,122,subsidiary_stock_comp,0.23353280623753866,0,0.1936,30,8,0,1737,0,0.0,6656,51
5.755824971944094,-7.875,0,-126,0,16,126,subsidiary_stock_comp,0.2702797253926595,0,0.1926,23,8,0,1737,0,0.0,6784,52
5.30191633105278,-7.375,0,-118,0,16,118,subsidiary_stock_comp,0.15706740816434225,0,0.1917,18,8,0,1737,0,0.0,6912,53
5.878076635301113,-7.8125,0,-125,0,16,125,subsidiary_stock_comp,0.2537042995293935,0,0.1907,27,8,0,1737,0,0.0,7040,54
5.894086370244622,-7.8125,0,-125,0,16,125,subsidiary_stock_comp,0.21850826342900595,0,0.1898,23,8,0,1737,0,0.0,7168,55
5.220500910654664,-7.6875,0,-123,0,16,123,subsidiary_stock_comp,0.288285493850708,0,0.1888,29,8,0,1737,0,0.0,7296,56
5.4242087583988905,-7.75,0,-124,0,16,124,subsidiary_stock_comp,0.18219546476999918,0,0.1879,24,8,0,1737,0,0.0,7424,57
5.845043160021305,-7.75,0,-124,0,16,124,subsidiary_stock_comp,0.2603467305501302,0,0.1869,24,8,0,1737,0,0.0,7552,58
5.287146225571632,-7.5625,0,-121,0,16,121,subsidiary_stock_comp,0.17644376556078592,0,0.186,23,8,0,1737,0,0.0,7680,59
5.411839336156845,-7.6875,0,-123,0,16,123,subsidiary_stock_comp,0.2531308929125468,0,0.1851,25,8,0,1737,0,0.0,7808,60
5.590532381087542,-7.6875,0,-123,0,16,123,subsidiary_stock_comp,0.1548883616924286,0,0.1841,25,8,0,1737,0,0.0,7936,61
5.325092820450664,-7.624684343434343,1,-121.9949494949495,0,16,122,subsidiary_stock_comp,0.262648344039917,1,0.1832,24,8,0,1737,0,0.0,8064,62
5.249645657837391,-7.5,0,-120,0,16,120,subsidiary_stock_comp,0.20243433117866516,0,0.1823,20,8,0,1737,0,0.0,8192,63
4.86376784183085,-7.6875,0,-123,0,16,123,subsidiary_stock_comp,0.18784895539283752,0,0.1814,11,8,0,1737,0,0.0,8320,64
4.567909363657236,-7.5,0,-120,0,16,120,subsidiary_stock_comp,0.2666740616162618,0,0.1805,26,8,0,1737,0,0.0,8448,65
4.915677252225578,-7.5,0,-120,0,16,120,subsidiary_stock_comp,0.21276126305262247,0,0.1796,14,8,0,1737,0,0.0,8576,66
4.8290263544768095,-7.5625,0,-121,0,16,121,subsidiary_stock_comp,0.19185026486714682,0,0.1787,15,8,0,1737,0,0.0,8704,67
4.595976695418358,-7.4375,0,-119,0,16,119,subsidiary_stock_comp,0.22030630707740784,0,0.1778,22,8,0,1737,0,0.0,8832,68
4.584264498203993,-7.25,0,-116,0,16,116,subsidiary_stock_comp,0.1536292831103007,0,0.1769,24,8,0,1737,0,0.0,8960,69
4.175026297569275,-7.1875,0,-115,0,16,115,subsidiary_stock_comp,0.13559190928936005,0,0.176,20,8,0,1737,0,0.0,9088,70
4.3027442917227745,-7.25,0,-116,0,16,116,subsidiary_stock_comp,0.14355570574601492,0,0.1751,18,8,0,1737,0,0.0,9216,71
4.596776332706213,-7.5,0,-120,0,16,120,subsidiary_stock_comp,0.2185713847478231,0,0.1743,25,8,0,1737,0,0.0,9344,72
4.230408537201583,-7.375,0,-118,0,16,118,subsidiary_stock_comp,0.26783737540245056,0,0.1734,22,8,0,1737,0,0.0,9472,73
3.6320851952768862,-7.125,0,-114,0,16,114,subsidiary_stock_comp,0.24685542782147726,0,0.1725,28,8,0,1737,0,0.0,9600,74
4.285572131164372,-7.125,0,-114,0,16,114,subsidiary_stock_comp,0.14701829353968301,0,0.1717,25,8,0,1737,0,0.0,9728,75
3.584311803802848,-7.0625,0,-113,0,16,113,subsidiary_stock_comp,0.20595105489095053,0,0.1708,23,8,0,1737,0,0.0,9856,76
4.175321150571108,-7.0,0,-112,0,16,112,subsidiary_stock_comp,0.14020247757434845,0,0.1699,21,8,0,1737,0,0.0,9984,77
4.159871267154813,-7.0,0,-112,0,16,112,subsidiary_stock_comp,0.13543079296747842,0,0.1691,23,8,0,1737,0,0.0,10112,78
3.9866997757926583,-7.0,0,-112,0,16,112,subsidiary_stock_comp,0.20069884260495505,0,0.1683,19,8,0,1737,0,0.0,10240,79
4.220727484673262,-7.25,0,-116,0,16,116,subsidiary_stock_comp,0.21293208003044128,0,0.1674,17,8,0,1737,0,0.0,10368,80
4.497846835292876,-7.0,0,-112,0,16,112,subsidiary_stock_comp,0.12192137539386749,0,0.1666,20,8,0,1737,0,0.0,10496,81
4.630987006239593,-7.125,0,-114,0,16,114,subsidiary_stock_comp,0.15371891856193542,0,0.1657,24,8,0,1737,0,0.0,10624,82
4.465549339540303,-7.125,0,-114,0,16,114,subsidiary_stock_comp,0.19308422009150186,0,0.1649,23,8,0,1737,0,0.0,10752,83
4.396336265839636,-7.0625,0,-113,0,16,113,subsidiary_stock_comp,0.133930633465449,0,0.1641,19,8,0,1737,0,0.0,10880,84
4.573511039838195,-7.0,0,-112,0,16,112,subsidiary_stock_comp,0.1442319800456365,0,0.1633,22,8,0,1737,0,0.0,11008,85
4.2988691702485085,-6.875,0,-110,0,16,110,subsidiary_stock_comp,0.14247343440850577,0,0.1625,24,8,0,1737,0,0.0,11136,86
4.265702865086496,-6.9375,0,-111,0,16,111,subsidiary_stock_comp,0.12528144319852194,0,0.1616,18,8,0,1737,0,0.0,11264,87
4.61595291364938,-6.9375,0,-111,0,16,111,subsidiary_stock_comp,0.09756218393643697,0,0.1608,15,8,0,1737,0,0.0,11392,88
4.40032310038805,-6.875,0,-110,0,16,110,subsidiary_stock_comp,0.19447771708170572,0,0.16,28,8,0,1737,0,0.0,11520,89
4.179738296195865,-7.0,0,-112,0,16,112,subsidiary_stock_comp,0.11659209430217743,0,0.1592,10,8,0,1737,0,0.0,11648,90
4.666068688966334,-6.9375,0,-111,0,16,111,subsidiary_stock_comp,0.12869046131769815,0,0.1584,23,8,0,1737,0,0.0,11776,91
4.051323873922229,-7.0625,0,-113,0,16,113,subsidiary_stock_comp,0.3222278654575348,0,0.1576,23,8,0,1737,0,0.0,11904,92
3.9221999030560255,-6.743371212121212,21,-107.89393939393939,0,16,108,subsidiary_stock_comp,0.1973633070786794,1,0.1569,21,8,0,1737,0,0.0,12032,93
3.7457905542105436,-6.9375,0,-111,0,16,111,subsidiary_stock_comp,0.2963898181915283,0,0.1561,19,8,0,1737,0,0.0,12160,94
4.405486602336168,-7.0,0,-112,0,16,112,subsidiary_stock_comp,0.15268120666344961,0,0.1553,30,8,0,1737,0,0.0,12288,95
3.8026771005243063,-7.0625,0,-113,0,16,113,subsidiary_stock_comp,0.24249942104021707,0,0.1545,19,8,0,1737,0,0.0,12416,96
3.8635885678231716,-7.125,0,-114,0,16,114,subsidiary_stock_comp,0.2070881575345993,0,0.1537,20,8,0,1737,0,0.0,12544,97
3.8872410599142313,-6.8125,0,-109,0,16,109,subsidiary_stock_comp,0.14350280662377676,0,0.153,19,8,0,1737,0,0.0,12672,98
3.8376205917447805,-6.75,0,-108,0,16,108,subsidiary_stock_comp,0.22475670278072357,0,0.1522,17,8,0,1737,0,0.0,12800,99
2.7951608896255493,-7.9375,0,-127,0,16,127,subsidiary_stock_comp,0.6014472246170044,0,0.25,35,9,0,1738,0,0.0,128,0
2.7333793193101883,-7.9375,0,-127,0,16,127,subsidiary_stock_comp,0.5196565190951029,0,0.2487,27,9,0,1738,0,0.0,256,1
3.001876063644886,-7.9375,0,-127,0,16,127,subsidiary_stock_comp,0.7124150196711222,0,0.2475,36,9,0,1738,0,0.0,384,2
2.639458963647485,-7.9375,0,-127,0,16,127,subsidiary_stock_comp,0.7704881827036539,0,0.2463,31,9,0,1738,0,0.0,512,3
2.6413886193186045,-7.9375,0,-127,0,16,127,subsidiary_stock_comp,0.687365730603536,0,0.245,34,9,0,1738,0,0.0,640,4
2.5996634382754564,-7.9375,0,-127,0,16,127,subsidiary_stock_comp,0.5301226576169332,0,0.2438,34,9,0,1738,0,0.0,768,5
2.465616822242737,-8.0,0,-128,0,16,128,subsidiary_stock_comp,0.5394888122876486,0,0.2426,32,9,0,1738,0,0.0,896,6
2.4432410951703787,-8.0,0,-128,0,16,128,subsidiary_stock_comp,0.5077015658219656,0,0.2414,29,9,0,1738,0,0.0,1024,7
2.892509775236249,-8.0,0,-128,0,16,128,subsidiary_stock_comp,0.8546195824941,0,0.2402,31,9,0,1738,0,0.0,1152,8
2.9994772598147392,-8.0,0,-128,0,16,128,subsidiary_stock_comp,0.5952433745066324,0,0.239,30,9,0,1738,0,0.0,1280,9
2.417800184339285,-8.0,0,-128,0,16,128,subsidiary_stock_comp,0.5405480066935221,0,0.2378,26,9,0,1738,0,0.0,1408,10
3.3114226404577494,-7.8125,0,-125,0,16,125,subsidiary_stock_comp,0.4318833152453105,0,0.2366,44,9,0,1738,0,0.0,1536,11
2.4188361084088683,-8.0,0,-128,0,16,128,subsidiary_stock_comp,0.4625239868958791,0,0.2354,32,9,0,1738,0,0.0,1664,12
2.9223123472183943,-8.0,0,-128,0,16,128,subsidiary_stock_comp,0.6349482337633768,0,0.2342,31,9,0,1738,0,0.0,1792,13
3.427166946232319,-7.875,0,-126,0,16,126,subsidiary_stock_comp,0.41205238302548725,0,0.2331,34,9,0,1738,0,0.0,1920,14
3.3390368055552244,-7.9375,0,-127,0,16,127,subsidiary_stock_comp,0.466030220190684,0,0.2319,28,9,0,1738,0,0.0,2048,15
3.839657813310623,-8.0,0,-128,0,16,128,subsidiary_stock_comp,0.48022427161534625,0,0.2307,30,9,0,1738,0,0.0,2176,16
3.3539673797786236,-8.0,0,-128,0,16,128,subsidiary_stock_comp,0.4519938826560974,0,0.2296,25,9,0,1738,0,0.0,2304,17
3.7887977734208107,-7.9375,0,-127,0,16,127,subsidiary_stock_comp,0.5320699016253153,0,0.2284,35,9,0,1738,0,0.0,2432,18
3.7139556538313627,-8.0,0,-128,0,16,128,subsidiary_stock_comp,0.43059303363164264,0,0.2273,33,9,0,1738,0,0.0,2560,19
3.6754318568855524,-8.0,0,-128,0,16,128,subsidiary_stock_comp,0.4484703441460927,0,0.2262,38,9,0,1738,0,0.0,2688,20
3.377094864845276,-7.9375,0,-127,0,16,127,subsidiary_stock_comp,0.3848724563916524,0,0.225,27,9,0,1738,0,0.0,2816,21
3.4396104998886585,-7.9375,0,-127,0,16,127,subsidiary_stock_comp,0.4154522518316905,0,0.2239,30,9,0,1738,0,0.0,2944,22
3.504913041368127,-8.0,0,-128,0,16,128,subsidiary_stock_comp,0.4470979372660319,0,0.2228,26,9,0,1738,0,0.0,3072,23
3.618731275200844,-8.0,0,-128,0,16,128,subsidiary_stock_comp,0.4452088971932729,0,0.2217,34,9,0,1738,0,0.0,3200,24
3.523890310898423,-7.9375,0,-127,0,16,127,subsidiary_stock_comp,0.45360811551411945,0,0.2206,23,9,0,1738,0,0.0,3328,25
3.3289487063884735,-8.0,0,-128,0,16,128,subsidiary_stock_comp,0.4118669331073761,0,0.2195,23,9,0,1738,0,0.0,3456,26
3.2386829163879156,-8.0,0,-128,0,16,128,subsidiary_stock_comp,0.36270448565483093,0,0.2184,16,9,0,1738,0,0.0,3584,27
3.8017552252858877,-7.875,0,-126,0,16,126,subsidiary_stock_comp,0.5015541613101959,0,0.2173,36,9,0,1738,0,0.0,3712,28
3.5867395233362913,-8.0,0,-128,0,16,128,subsidiary_stock_comp,0.4280979235967,0,0.2162,27,9,0,1738,0,0.0,3840,29
3.758582217618823,-7.875,0,-126,0,16,126,subsidiary_stock_comp,0.3838128050168355,0,0.2151,20,9,0,1738,0,0.0,3968,30
3.8664145916700363,-7.9375,0,-127,0,16,127,subsidiary_stock_comp,0.4044979413350423,0,0.214,26,9,0,1738,0,0.0,4096,31
4.051914360374212,-7.875,0,-126,0,16,126,subsidiary_stock_comp,0.4859859546025594,0,0.213,32,9,0,1738,0,0.0,4224,32
3.548271682113409,-8.0,0,-128,0,16,128,subsidiary_stock_comp,0.42300764719645184,0,0.2119,19,9,0,1738,0,0.0,4352,33
3.889899853616953,-8.0,0,-128,0,16,128,subsidiary_stock_comp,0.41641629735628766,0,0.2108,32,9,0,1738,0,0.0,4480,34
3.6214869394898415,-8.0,0,-128,0,16,128,subsidiary_stock_comp,0.5462205608685812,0,0.2098,25,9,0,1738,0,0.0,4608,35
3.169814955443144,-7.9375,0,-127,0,16,127,subsidiary_stock_comp,0.41806549827257794,0,0.2087,20,9,0,1738,0,0.0,4736,36
3.46147995069623,-8.0,0,-128,0,16,128,subsidiary_stock_comp,0.4538255234559377,0,0.2077,20,9,0,1738,0,0.0,4864,37
3.635737396776676,-8.0,0,-128,0,16,128,subsidiary_stock_comp,0.4436005751291911,0,0.2066,23,9,0,1738,0,0.0,4992,38
3.879839599132538,-7.9375,0,-127,0,16,127,subsidiary_stock_comp,0.48253358403841656,0,0.2056,32,9,0,1738,0,0.0,5120,39
3.4564915411174297,-8.0,0,-128,0,16,128,subsidiary_stock_comp,0.4365547299385071,0,0.2046,26,9,0,1738,0,0.0,5248,40
3.778314521536231,-7.9375,0,-127,0,16,127,subsidiary_stock_comp,0.45277727643648785,0,0.2036,23,9,0,1738,0,0.0,5376,41
3.388641245663166,-8.0,0,-128,0,16,128,subsidiary_stock_comp,0.47491244475046795,0,0.2025,19,9,0,1738,0,0.0,5504,42
3.691033886745572,-7.9375,0,-127,0,16,127,subsidiary_stock_comp,0.44428173700968426,0,0.2015,23,9,0,1738,0,0.0,5632,43
4.018843371421099,-7.8125,0,-125,0,16,125,subsidiary_stock_comp,0.4291764795780182,0,0.2005,35,9,0,1738,0,0.0,5760,44
3.7977639883756638,-8.0,0,-128,0,16,128,subsidiary_stock_comp,0.42156418164571124,0,0.1995,20,9,0,1738,0,0.0,5888,45
4.120433025062084,-7.9375,0,-127,0,16,127,subsidiary_stock_comp,0.3910675644874573,0,0.1985,27,9,0,1738,0,0.0,6016,46
3.757793975993991,-7.875,0,-126,0,16,126,subsidiary_stock_comp,0.4238348702589671,0,0.1975,22,9,0,1738,0,0.0,6144,47
4.328795108944178,-7.9375,0,-127,0,16,127,subsidiary_stock_comp,0.42034778992335003,0,0.1965,28,9,0,1738,0,0.0,6272,48
4.301181901246309,-7.9375,0,-127,0,16,127,subsidiary_stock_comp,0.45667483409245807,0,0.1956,26,9,0,1738,0,0.0,6400,49
3.7694267444312572,-7.8125,0,-125,0,16,125,subsidiary_stock_comp,0.4107154806454976,0,0.1946,23,9,0,1738,0,0.0,6528,50
3.870052205398679,-7.9375,0,-127,0,16,127,subsidiary_stock_comp,0.4167402784029643,0,0.1936,20,9,0,1738,0,0.0,6656,51
4.013873305171728,-8.0,0,-128,0,16,128,subsidiary_stock_comp,0.39738463362058,0,0.1926,20,9,0,1738,0,0.0,6784,52
3.725224144756794,-8.0,0,-128,0,16,128,subsidiary_stock_comp,0.43370793263117474,0,0.1917,23,9,0,1738,0,0.0,6912,53
3.5767534226179123,-7.9375,0,-127,0,16,127,subsidiary_stock_comp,0.38049479325612384,0,0.1907,20,9,0,1738,0,0.0,7040,54
3.5140634290874004,-8.0,0,-128,0,16,128,subsidiary_stock_comp,0.43493932485580444,0,0.1898,22,9,0,1738,0,0.0,7168,55
3.7349420115351677,-8.0,0,-128,0,16,128,subsidiary_stock_comp,0.4372593065102895,0,0.1888,22,9,0,1738,0,0.0,7296,56
4.28491591103375,-7.874684343434343,1,-125.9949494949495,0,16,126,subsidiary_stock_comp,0.38718360662460327,1,0.1879,25,9,0,1738,0,0.0,7424,57
4.178434196859598,-8.0,0,-128,0,16,128,subsidiary_stock_comp,0.3615829050540924,0,0.1869,10,9,0,1738,0,0.0,7552,58
4.375633792951703,-7.9375,0,-127,0,16,127,subsidiary_stock_comp,0.32502256830533344,0,0.186,32,9,0,1738,0,0.0,7680,59
4.2636669017374516,-8.0,0,-128,0,16,128,subsidiary_stock_comp,0.3448801835378011,0,0.1851,21,9,0,1738,0,0.0,7808,60
4.432563740760088,-7.9375,0,-127,0,16,127,subsidiary_stock_comp,0.36581308643023175,0,0.1841,32,9,0,1738,0,0.0,7936,61
4.240168239921331,-7.9375,0,-127,0,16,127,subsidiary_stock_comp,0.34144946932792664,0,0.1832,17,9,0,1738,0,0.0,8064,62
4.301036838442087,-8.0,0,-128,0,16,128,subsidiary_stock_comp,0.4042843182881673,0,0.1823,22,9,0,1738,0,0.0,8192,63
4.2691658064723015,-8.0,0,-128,0,16,128,subsidiary_stock_comp,0.3319287896156311,0,0.1814,18,9,0,1738,0,0.0,8320,64
4.306701889261603,-8.0,0,-128,0,16,128,subsidiary_stock_comp,0.34301132957140607,0,0.1805,18,9,0,1738,0,0.0,8448,65
4.617860320955515,-7.9375,0,-127,0,16,127,subsidiary_stock_comp,1.2377559343973796,0,0.1796,33,9,0,1738,0,0.0,8576,66
4.149150183424354,-7.9375,0,-127,0,16,127,subsidiary_stock_comp,0.3472445011138916,0,0.1787,21,9,0,1738,0,0.0,8704,67
3.8890580907464027,-8.0,0,-128,0,16,128,subsidiary_stock_comp,0.3270524243513743,0,0.1778,14,9,0,1738,0,0.0,8832,68
3.935235843062401,-7.9375,0,-127,0,16,127,subsidiary_stock_comp,0.34876205523808795,0,0.1769,20,9,0,1738,0,0.0,8960,69
4.165668871253729,-7.9375,0,-127,0,16,127,subsidiary_stock_comp,0.46528557936350506,0,0.176,25,9,0,1738,0,0.0,9088,70
4.154011502861977,-8.0,0,-128,0,16,128,subsidiary_stock_comp,0.388517032066981,0,0.1751,24,9,0,1738,0,0.0,9216,71
4.395054083317518,-7.875,0,-126,0,16,126,subsidiary_stock_comp,0.33561604221661884,0,0.1743,24,9,0,1738,0,0.0,9344,72
4.336190324276686,-8.0,0,-128,0,16,128,subsidiary_stock_comp,0.334940642118454,0,0.1734,28,9,0,1738,0,0.0,9472,73
4.586685873568058,-7.9375,0,-127,0,16,127,subsidiary_stock_comp,0.31603408853212994,0,0.1725,23,9,0,1738,0,0.0,9600,74
4.480924192816019,-8.0,0,-128,0,16,128,subsidiary_stock_comp,0.5177873373031616,0,0.1717,23,9,0,1738,0,0.0,9728,75
4.155824713408947,-8.0,0,-128,0,16,128,subsidiary_stock_comp,0.412606676419576,0,0.1708,26,9,0,1738,0,0.0,9856,76
4.322772167623043,-8.0,0,-128,0,16,128,subsidiary_stock_comp,0.3860650261243184,0,0.1699,21,9,0,1738,0,0.0,9984,77
4.366083167493343,-7.9375,0,-127,0,16,127,subsidiary_stock_comp,0.6077166001001993,0,0.1691,19,9,0,1738,0,0.0,10112,78
4.883466757833958,-7.9375,0,-127,0,16,127,subsidiary_stock_comp,0.36520328124364215,0,0.1683,20,9,0,1738,0,0.0,10240,79
4.65814621374011,-8.0,0,-128,0,16,128,subsidiary_stock_comp,0.3055112659931183,0,0.1674,23,9,0,1738,0,0.0,10368,80
4.6966157630085945,-7.875,0,-126,0,16,126,subsidiary_stock_comp,0.3363592028617859,0,0.1666,26,9,0,1738,0,0.0,10496,81
5.1028025187551975,-7.8125,0,-125,0,16,125,subsidiary_stock_comp,0.31574177742004395,0,0.1657,20,9,0,1738,0,0.0,10624,82
5.156071152538061,-7.75,0,-124,0,16,124,subsidiary_stock_comp,0.3186616599559784,0,0.1649,21,9,0,1738,0,0.0,10752,83
4.787547778338194,-7.625,0,-122,0,16,122,subsidiary_stock_comp,0.2877613703409831,0,0.1641,20,9,0,1738,0,0.0,10880,84
5.050878848880529,-7.6875,0,-123,0,16,123,subsidiary_stock_comp,0.2994296650091807,0,0.1633,26,9,0,1738,0,0.0,11008,85
5.5464613270014524,-7.75,0,-124,0,16,124,subsidiary_stock_comp,0.30183257659276325,0,0.1625,18,9,0,1738,0,0.0,11136,86
5.370348358526826,-7.4375,0,-119,0,16,119,subsidiary_stock_comp,0.18168309330940247,0,0.1616,20,9,0,1738,0,0.0,11264,87
5.038913693279028,-7.1875,0,-115,0,16,115,subsidiary_stock_comp,0.10779578983783722,0,0.1608,15,9,0,1738,0,0.0,11392,88
5.146631866693497,-7.25,0,-116,0,16,116,subsidiary_stock_comp,0.15279710789521536,0,0.16,26,9,0,1738,0,0.0,11520,89
5.223794613033533,-7.25,0,-116,0,16,116,subsidiary_stock_comp,0.2817719380060832,0,0.1592,26,9,0,1738,0,0.0,11648,90
5.335540849715471,-7.375,0,-118,0,16,118,subsidiary_stock_comp,0.16411889592806497,0,0.1584,19,9,0,1738,0,0.0,11776,91
5.018965292721987,-7.25,0,-116,0,16,116,subsidiary_stock_comp,0.1088975469271342,0,0.1576,25,9,0,1738,0,0.0,11904,92
4.994798040017486,-7.25,0,-116,0,16,116,subsidiary_stock_comp,0.1603000909090042,0,0.1569,16,9,0,1738,0,0.0,12032,93
4.872089674696326,-7.125,0,-114,0,16,114,subsidiary_stock_comp,0.11347609758377075,0,0.1561,20,9,0,1738,0,0.0,12160,94
5.166578778997064,-6.9375,0,-111,0,16,111,subsidiary_stock_comp,0.1005113919576009,0,0.1553,19,9,0,1738,0,0.0,12288,95
5.0085687935352325,-6.687184343434343,1,-106.9949494949495,0,16,107,subsidiary_stock_comp,0.04023692508538564,1,0.1545,16,9,0,1738,0,0.0,12416,96
4.8277217373251915,-6.8125,0,-109,0,16,109,subsidiary_stock_comp,0.15385023752848306,0,0.1537,15,9,0,1738,0,0.0,12544,97
4.81980063021183,-6.625,0,-106,0,16,106,subsidiary_stock_comp,0.14613805214564005,0,0.153,23,9,0,1738,0,0.0,12672,98
4.608671018853784,-6.875,0,-110,0,16,110,subsidiary_stock_comp,0.12028151253859203,0,0.1522,16,9,0,1738,0,0.0,12800,99
