avg_entropy,avg_reward_per_episode,best_tax_advantage,cumulative_reward,dead_end_count,episode_count,invalid_count,loophole,loss,positive_reward_count,random_action_prob,random_exploration_count,run,saved_snapshots,seed,success_count,success_rate,total_steps,update
1.9499840359203517,-8.79999999999998,0,-140.79999999999967,0,16,128,subsidiary_stock_comp,0.772867759068807,0,0.25,30,0,0,1729,0,0.0,128,0
3.66668413951993,-8.73749999999998,0,-139.79999999999967,0,16,127,subsidiary_stock_comp,0.5875058174133301,0,0.2487,39,0,0,1729,0,0.0,256,1
3.7041615955531597,-8.73749999999998,0,-139.79999999999967,0,16,127,subsidiary_stock_comp,0.494998574256897,0,0.2475,23,0,0,1729,0,0.0,384,2
4.15159247815609,-8.73749999999998,0,-139.79999999999967,0,16,127,subsidiary_stock_comp,0.5104625026384989,0,0.2463,42,0,0,1729,0,0.0,512,3
4.293634405359626,-8.67499999999998,0,-138.79999999999967,0,16,126,subsidiary_stock_comp,0.47775309284528095,0,0.245,34,0,0,1729,0,0.0,640,4
4.429338809102774,-8.61249999999998,0,-137.79999999999967,0,16,125,subsidiary_stock_comp,0.4712706208229065,0,0.2438,34,0,0,1729,0,0.0,768,5
4.608887031674385,-8.67499999999998,0,-138.79999999999967,0,16,126,subsidiary_stock_comp,0.4398589034875234,0,0.2426,30,0,0,1729,0,0.0,896,6
4.591531801968813,-8.67499999999998,0,-138.79999999999967,0,16,126,subsidiary_stock_comp,0.4158977270126343,0,0.2414,26,0,0,1729,0,0.0,1024,7
4.453620547428727,-8.67499999999998,0,-138.79999999999967,0,16,126,subsidiary_stock_comp,0.4093741476535797,0,0.2402,27,0,0,1729,0,0.0,1152,8
4.693028904497623,-8.73749999999998,0,-139.79999999999967,0,16,127,subsidiary_stock_comp,0.44372816880544025,0,0.239,38,0,0,1729,0,0.0,1280,9
4.627290785312653,-8.61249999999998,0,-137.79999999999967,0,16,125,subsidiary_stock_comp,0.3914233048756917,0,0.2378,26,0,0,1729,0,0.0,1408,10
4.541030189022422,-8.67499999999998,0,-138.79999999999967,0,16,126,subsidiary_stock_comp,0.5422342618306478,0,0.2366,29,0,0,1729,0,0.0,1536,11
4.703256368637085,-8.54999999999998,0,-136.79999999999967,0,16,124,subsidiary_stock_comp,0.3781534632047017,0,0.2354,26,0,0,1729,0,0.0,1664,12
4.594530571252108,-8.61249999999998,0,-137.79999999999967,0,16,125,subsidiary_stock_comp,0.4015858272711436,0,0.2342,34,0,0,1729,0,0.0,1792,13
4.8249616548419,-8.61249999999998,0,-137.79999999999967,0,16,125,subsidiary_stock_comp,0.41932161649068195,0,0.2331,31,0,0,1729,0,0.0,1920,14
4.76161127910018,-8.61249999999998,0,-137.79999999999967,0,16,125,subsidiary_stock_comp,0.4434056182702382,0,0.2319,28,0,0,1729,0,0.0,2048,15
4.353674006648362,-8.54999999999998,0,-136.79999999999967,0,16,124,subsidiary_stock_comp,0.48768730958302814,0,0.2307,24,0,0,1729,0,0.0,2176,16
4.535135046578944,-8.61249999999998,0,-137.79999999999967,0,16,125,subsidiary_stock_comp,0.4279138247172038,0,0.2296,28,0,0,1729,0,0.0,2304,17
4.35950459074229,-8.362499999999981,0,-133.7999999999997,0,16,121,subsidiary_stock_comp,0.35886286695798236,0,0.2284,19,0,0,1729,0,0.0,2432,18
4.511426296085119,-8.424999999999981,0,-134.7999999999997,0,16,122,subsidiary_stock_comp,0.41857343912124634,0,0.2273,27,0,0,1729,0,0.0,2560,19
4.572417890653014,-8.61249999999998,0,-137.79999999999967,0,16,125,subsidiary_stock_comp,0.42484111587206524,0,0.2262,31,0,0,1729,0,0.0,2688,20
4.527381522580981,-8.112499999999981,0,-129.7999999999997,0,16,117,subsidiary_stock_comp,0.40884725252787274,0,0.225,25,0,0,1729,0,0.0,2816,21
4.693481285125017,-8.48749999999998,0,-135.79999999999967,0,16,123,subsidiary_stock_comp,0.47178106506665546,0,0.2239,28,0,0,1729,0,0.0,2944,22
4.807458523660898,-8.112499999999981,0,-129.7999999999997,0,16,117,subsidiary_stock_comp,0.3000820179780324,0,0.2228,29,0,0,1729,0,0.0,3072,23
4.746280178427696,-7.799999999999982,0,-124.79999999999971,0,16,112,subsidiary_stock_comp,0.23618104060490927,0,0.2217,18,0,0,1729,0,0.0,3200,24
4.317461872473359,-8.112499999999981,0,-129.7999999999997,0,16,117,subsidiary_stock_comp,0.517264207204183,0,0.2206,27,0,0,1729,0,0.0,3328,25
4.734126816503704,-7.799999999999982,0,-124.79999999999971,0,16,112,subsidiary_stock_comp,0.42590969800949097,0,0.2195,32,0,0,1729,0,0.0,3456,26
4.166868858039379,-7.987499999999981,0,-127.7999999999997,0,16,115,subsidiary_stock_comp,0.35413414239883423,0,0.2184,28,0,0,1729,0,0.0,3584,27
4.201321289874613,-7.737499999999983,0,-123.79999999999973,0,16,111,subsidiary_stock_comp,0.22509645422299704,0,0.2173,18,0,0,1729,0,0.0,3712,28
4.306176987476647,-7.674999999999982,0,-122.79999999999971,0,16,110,subsidiary_stock_comp,0.2904903491338094,0,0.2162,30,0,0,1729,0,0.0,3840,29
4.5887327920645475,-7.549999999999984,0,-120.79999999999974,0,16,108,subsidiary_stock_comp,0.354905366897583,0,0.2151,27,0,0,1729,0,0.0,3968,30
4.4752242672257125,-7.549999999999982,0,-120.79999999999971,0,16,108,subsidiary_stock_comp,0.21325558920701346,0,0.214,30,0,0,1729,0,0.0,4096,31
4.476735949516296,-7.112499999999985,0,-113.79999999999976,0,16,101,subsidiary_stock_comp,0.24121173222859701,0,0.213,30,0,0,1729,0,0.0,4224,32
4.640019532293081,-6.8624999999999865,0,-109.79999999999978,0,16,97,subsidiary_stock_comp,0.06389528512954712,0,0.2119,20,0,0,1729,0,0.0,4352,33
4.412993038073182,-6.48749999999999,0,-103.79999999999984,0,16,91,subsidiary_stock_comp,0.16538003087043762,0,0.2108,34,0,0,1729,0,0.0,4480,34
4.129452170804143,-5.737499999999992,0,-91.79999999999987,0,16,79,subsidiary_stock_comp,0.09845927854379018,0,0.2098,29,0,0,1729,0,0.0,4608,35
3.990881468169391,-5.924999999999991,0,-94.79999999999986,0,16,82,subsidiary_stock_comp,0.05213206013043722,0,0.2087,30,0,0,1729,0,0.0,4736,36
3.6427534203976393,-5.424999999999996,0,-86.79999999999994,0,16,74,subsidiary_stock_comp,-0.008740598956743876,0,0.2077,23,0,0,1729,0,0.0,4864,37
3.7028271462768316,-5.362184343434339,1,-85.79494949494942,0,16,73,subsidiary_stock_comp,0.03647922972838084,0,0.2066,27,0,0,1729,0,0.0,4992,38
3.517938700504601,-4.799999999999997,0,-76.79999999999995,0,16,64,subsidiary_stock_comp,-0.008579403162002563,0,0.2056,28,0,0,1729,0,0.0,5120,39
2.7927028900012374,-3.8625000000000083,0,-61.80000000000013,0,16,49,subsidiary_stock_comp,0.004089514414469401,0,0.2046,19,0,0,1729,0,0.0,5248,40
3.027376424521208,-3.8000000000000083,0,-60.80000000000013,0,16,48,subsidiary_stock_comp,0.06824712703625362,0,0.2036,33,0,0,1729,0,0.0,5376,41
2.4519549356773496,-2.9875000000000065,0,-47.800000000000104,0,16,35,subsidiary_stock_comp,0.06055936962366104,0,0.2025,20,0,0,1729,0,0.0,5504,42
2.196506259031594,-2.925000000000007,0,-46.80000000000011,0,16,34,subsidiary_stock_comp,0.10202909260988235,0,0.2015,23,0,0,1729,0,0.0,5632,43
2.1583012896589935,-2.737500000000006,0,-43.8000000000001,0,16,31,subsidiary_stock_comp,0.276739747573932,0,0.2005,29,0,0,1729,0,0.0,5760,44
1.8547710244893096,-2.612500000000006,0,-41.8000000000001,0,16,29,subsidiary_stock_comp,0.0803190569082896,0,0.1995,22,0,0,1729,0,0.0,5888,45
2.2686093179509044,-3.0500000000000074,0,-48.80000000000012,0,16,36,subsidiary_stock_comp,-0.013218895842631658,0,0.1985,32,0,0,1729,0,0.0,6016,46
1.6033624113770202,-2.800000000000007,0,-44.80000000000011,0,16,32,subsidiary_stock_comp,-0.001701638102531433,0,0.1975,24,0,0,1729,0,0.0,6144,47
1.9336087619885802,-2.6125000000000074,0,-41.80000000000012,0,16,29,subsidiary_stock_comp,0.0006234770019849142,0,0.1965,23,0,0,1729,0,0.0,6272,48
1.969420333742164,-2.987500000000007,0,-47.80000000000011,0,16,35,subsidiary_stock_comp,0.009371936321258545,0,0.1956,29,0,0,1729,0,0.0,6400,49
1.4940363611094654,-2.175000000000005,0,-34.80000000000008,0,16,22,subsidiary_stock_comp,-0.022021816422541935,0,0.1946,16,0,0,1729,0,0.0,6528,50
1.6955741294659674,-2.612500000000006,0,-41.8000000000001,0,16,29,subsidiary_stock_comp,3.090106248855591,0,0.1936,24,0,0,1729,0,0.0,6656,51
1.9708640254102647,-2.487500000000005,0,-39.80000000000008,0,16,27,subsidiary_stock_comp,0.016838186730941136,0,0.1926,23,0,0,1729,0,0.0,6784,52
2.7618285352364182,-3.0500000000000065,0,-48.800000000000104,0,16,36,subsidiary_stock_comp,0.019880707065264385,0,0.1917,32,0,0,1729,0,0.0,6912,53
2.527968918439001,-2.6125000000000047,0,-41.800000000000075,0,16,29,subsidiary_stock_comp,-0.01163304348786672,0,0.1907,23,0,0,1729,0,0.0,7040,54
2.3175328872166574,-2.5500000000000065,0,-40.800000000000104,0,16,28,subsidiary_stock_comp,-0.004173047840595245,0,0.1898,20,0,0,1729,0,0.0,7168,55
1.8651539357379079,-2.237500000000005,0,-35.80000000000008,0,16,23,subsidiary_stock_comp,0.05244923507173856,0,0.1888,15,0,0,1729,0,0.0,7296,56
1.851261580362916,-2.300000000000006,0,-36.8000000000001,0,16,24,subsidiary_stock_comp,0.08133069301644962,0,0.1879,18,0,0,1729,0,0.0,7424,57
1.9618953219614923,-2.7375000000000065,0,-43.800000000000104,0,16,31,subsidiary_stock_comp,0.09888581559062004,0,0.1869,27,0,0,1729,0,0.0,7552,58
1.8256412352784537,-2.487500000000006,0,-39.8000000000001,0,16,27,subsidiary_stock_comp,0.06628426536917686,0,0.186,20,0,0,1729,0,0.0,7680,59
2.0656030671671033,-2.612500000000005,0,-41.80000000000008,0,16,29,subsidiary_stock_comp,0.03905899698535601,0,0.1851,28,0,0,1729,0,0.0,7808,60
2.051731999963522,-2.987500000000006,0,-47.8000000000001,0,16,35,subsidiary_stock_comp,0.045776372154553734,0,0.1841,32,0,0,1729,0,0.0,7936,61
1.4227648223750293,-2.237500000000006,0,-35.8000000000001,0,16,23,subsidiary_stock_comp,0.12332268059253693,0,0.1832,16,0,0,1729,0,0.0,8064,62
1.8021399499848485,-2.800000000000007,0,-44.80000000000011,0,16,32,subsidiary_stock_comp,0.09137008587519328,0,0.1823,28,0,0,1729,0,0.0,8192,63
1.771192244719714,-2.362500000000006,0,-37.8000000000001,0,16,25,subsidiary_stock_comp,0.06178385391831398,0,0.1814,25,0,0,1729,0,0.0,8320,64
2.15578003693372,-3.050000000000006,0,-48.8000000000001,0,16,36,subsidiary_stock_comp,0.11161303023497264,0,0.1805,33,0,0,1729,0,0.0,8448,65
1.5269244355149567,-2.175000000000005,0,-34.80000000000008,0,16,22,subsidiary_stock_comp,0.03947665666540464,0,0.1796,19,0,0,1729,0,0.0,8576,66
2.0514716310426593,-2.8000000000000065,0,-44.800000000000104,0,16,32,subsidiary_stock_comp,0.044779342909653984,0,0.1787,33,0,0,1729,0,0.0,8704,67
1.5474289460107684,-2.425000000000005,0,-38.80000000000008,0,16,26,subsidiary_stock_comp,0.03740000228087107,0,0.1778,23,0,0,1729,0,0.0,8832,68
1.9046287280507386,-2.5500000000000065,0,-40.800000000000104,0,16,28,subsidiary_stock_comp,0.05604971945285797,0,0.1769,25,0,0,1729,0,0.0,8960,69
1.6226709915790707,-2.425000000000006,0,-38.8000000000001,0,16,26,subsidiary_stock_comp,0.06724556100865205,0,0.176,20,0,0,1729,0,0.0,9088,70
1.5197122832760215,-2.1750000000000056,0,-34.80000000000009,0,16,22,subsidiary_stock_comp,0.04111085832118988,0,0.1751,14,0,0,1729,0,0.0,9216,71
1.8576452322304249,-2.3000000000000056,0,-36.80000000000009,0,16,24,subsidiary_stock_comp,0.035179756581783295,0,0.1743,22,0,0,1729,0,0.0,9344,72
2.084239209536463,-2.6750000000000056,0,-42.80000000000009,0,16,30,subsidiary_stock_comp,-0.000988711913426717,0,0.1734,26,0,0,1729,0,0.0,9472,73
2.0108258924447,-2.737500000000007,0,-43.80000000000011,0,16,31,subsidiary_stock_comp,0.1309393309056759,0,0.1725,23,0,0,1729,0,0.0,9600,74
1.9248462147079408,-2.425000000000006,0,-38.8000000000001,0,16,26,subsidiary_stock_comp,0.01960369075338046,0,0.1717,23,0,0,1729,0,0.0,9728,75
1.8868486285209656,-2.550000000000005,0,-40.80000000000008,0,16,28,subsidiary_stock_comp,0.01693851873278618,0,0.1708,23,0,0,1729,0,0.0,9856,76
2.2376512777991593,-2.737500000000006,0,-43.8000000000001,0,16,31,subsidiary_stock_comp,0.07457937176028888,0,0.1699,26,0,0,1729,0,0.0,9984,77
2.0545059656724334,-2.862500000000006,0,-45.8000000000001,0,16,33,subsidiary_stock_comp,0.09071548283100128,0,0.1691,28,0,0,1729,0,0.0,10112,78
1.772401719354093,-2.300000000000005,0,-36.80000000000008,0,16,24,subsidiary_stock_comp,0.04421805962920189,0,0.1683,19,0,0,1729,0,0.0,10240,79
1.5797477960586548,-2.175000000000005,0,-34.80000000000008,0,16,22,subsidiary_stock_comp,0.014049547413984934,0,0.1674,14,0,0,1729,0,0.0,10368,80
1.8913497338071465,-2.550000000000005,0,-40.80000000000008,0,16,28,subsidiary_stock_comp,0.018376924097537994,0,0.1666,24,0,0,1729,0,0.0,10496,81
1.6081909597851336,-2.1750000000000047,0,-34.800000000000075,0,16,22,subsidiary_stock_comp,0.06534971545139949,0,0.1657,18,0,0,1729,0,0.0,10624,82
1.9372530705295503,-2.300000000000005,0,-36.80000000000008,0,16,24,subsidiary_stock_comp,0.04046805948019028,0,0.1649,22,0,0,1729,0,0.0,10752,83
1.662014175672084,-2.3625000000000056,0,-37.80000000000009,0,16,25,subsidiary_stock_comp,0.08175135528047879,0,0.1641,19,0,0,1729,0,0.0,10880,84
2.1215588855557144,-2.9875000000000083,0,-47.80000000000013,0,16,35,subsidiary_stock_comp,0.0438692532479763,0,0.1633,29,0,0,1729,0,0.0,11008,85
1.898447535932064,-2.5500000000000065,0,-40.800000000000104,0,16,28,subsidiary_stock_comp,0.03768982986609141,0,0.1625,24,0,0,1729,0,0.0,11136,86
1.6838641576468945,-2.3000000000000056,0,-36.80000000000009,0,16,24,subsidiary_stock_comp,0.041751429438591,0,0.1616,18,0,0,1729,0,0.0,11264,87
1.770227497909218,-2.4250000000000047,0,-38.800000000000075,0,16,26,subsidiary_stock_comp,0.04479591796795527,0,0.1608,20,0,0,1729,0,0.0,11392,88
1.6856721946969628,-2.300000000000005,0,-36.80000000000008,0,16,24,subsidiary_stock_comp,0.01599663992722829,0,0.16,20,0,0,1729,0,0.0,11520,89
1.662111482117325,-2.425000000000006,0,-38.8000000000001,0,16,26,subsidiary_stock_comp,0.11075759182373683,0,0.1592,22,0,0,1729,0,0.0,11648,90
1.525071709882468,-2.175000000000005,0,-34.80000000000008,0,16,22,subsidiary_stock_comp,0.08008106549580891,0,0.1584,17,0,0,1729,0,0.0,11776,91
1.9709886029013433,-2.737500000000006,0,-43.8000000000001,0,16,31,subsidiary_stock_comp,-0.007833554099003473,0,0.1576,27,0,0,1729,0,0.0,11904,92
1.734686911571771,-2.362500000000005,0,-37.80000000000008,0,16,25,subsidiary_stock_comp,0.03803978363672892,0,0.1569,23,0,0,1729,0,0.0,12032,93
1.769867875147611,-2.4875000000000047,0,-39.800000000000075,0,16,27,subsidiary_stock_comp,0.00547192928691705,0,0.1561,26,0,0,1729,0,0.0,12160,94
1.3476952123455703,-2.3000000000000056,0,-36.80000000000009,0,16,24,subsidiary_stock_comp,-0.014803705116113028,0,0.1553,17,0,0,1729,0,0.0,12288,95
1.634293109178543,-2.362500000000005,0,-37.80000000000008,0,16,25,subsidiary_stock_comp,0.041542451828718185,0,0.1545,21,0,0,1729,0,0.0,12416,96
1.1694425288587809,-2.0500000000000047,0,-32.800000000000075,0,16,20,subsidiary_stock_comp,0.016507878278692562,0,0.1537,12,0,0,1729,0,0.0,12544,97
1.3827437676955014,-2.3000000000000065,0,-36.800000000000104,0,16,24,subsidiary_stock_comp,0.004577029496431351,0,0.153,18,0,0,1729,0,0.0,12672,98
1.7265713796950877,-2.487500000000005,0,-39.80000000000008,0,16,27,subsidiary_stock_comp,0.009511275837818781,0,0.1522,24,0,0,1729,0,0.0,12800,99
4.591878782957792,-8.73749999999998,0,-139.79999999999967,0,16,127,subsidiary_stock_comp,0.46358760197957355,0,0.25,34,1,0,1730,0,0.0,128,0
4.671677302569151,-8.73749999999998,0,-139.79999999999967,0,16,127,subsidiary_stock_comp,0.4261571665604909,0,0.2487,19,1,0,1730,0,0.0,256,1
5.28671501390636,-8.73749999999998,0,-139.79999999999967,0,16,127,subsidiary_stock_comp,0.4225093126296997,0,0.2475,36,1,0,1730,0,0.0,384,2
5.028042852878571,-8.67499999999998,0,-138.79999999999967,0,16,126,subsidiary_stock_comp,0.342646062374115,0,0.2463,34,1,0,1730,0,0.0,512,3
5.181006267666817,-8.73749999999998,0,-139.79999999999967,0,16,127,subsidiary_stock_comp,0.4340343674023946,0,0.245,24,1,0,1730,0,0.0,640,4
5.134321868419647,-8.73749999999998,0,-139.79999999999967,0,16,127,subsidiary_stock_comp,0.4982875684897105,0,0.2438,36,1,0,1730,0,0.0,768,5
5.351466516032815,-8.54999999999998,0,-136.79999999999967,0,16,124,subsidiary_stock_comp,0.36753260095914203,0,0.2426,33,1,0,1730,0,0.0,896,6
5.3153836987912655,-8.237499999999981,0,-131.7999999999997,0,16,119,subsidiary_stock_comp,0.42805208762486774,0,0.2414,34,1,0,1730,0,0.0,1024,7
5.150058990344405,-8.424999999999981,0,-134.7999999999997,0,16,122,subsidiary_stock_comp,0.35343557596206665,0,0.2402,29,1,0,1730,0,0.0,1152,8
5.032229466363788,-8.54999999999998,0,-136.79999999999967,0,16,124,subsidiary_stock_comp,0.3538048565387726,0,0.239,24,1,0,1730,0,0.0,1280,9
5.263077246025205,-8.61249999999998,0,-137.79999999999967,0,16,125,subsidiary_stock_comp,0.3496854801972707,0,0.2378,24,1,0,1730,0,0.0,1408,10
5.33381637185812,-8.61249999999998,0,-137.79999999999967,0,16,125,subsidiary_stock_comp,0.3652367393175761,0,0.2366,28,1,0,1730,0,0.0,1536,11
5.219673627987504,-8.67499999999998,0,-138.79999999999967,0,16,126,subsidiary_stock_comp,0.4153588016827901,0,0.2354,35,1,0,1730,0,0.0,1664,12
5.00868827663362,-8.67499999999998,0,-138.79999999999967,0,16,126,subsidiary_stock_comp,0.3734823266665141,0,0.2342,26,1,0,1730,0,0.0,1792,13
5.043798860162497,-8.48749999999998,0,-135.79999999999967,0,16,123,subsidiary_stock_comp,0.37573788563410443,0,0.2331,32,1,0,1730,0,0.0,1920,14
4.871011346578598,-8.174999999999981,0,-130.7999999999997,0,16,118,subsidiary_stock_comp,0.39987537264823914,0,0.2319,25,1,0,1730,0,0.0,2048,15
5.2533302418887615,-8.174999999999981,0,-130.7999999999997,0,16,118,subsidiary_stock_comp,0.33097513516743976,0,0.2307,28,1,0,1730,0,0.0,2176,16
5.050832621753216,-7.98749999999998,0,-127.79999999999968,0,16,115,subsidiary_stock_comp,0.30600513021151227,0,0.2296,22,1,0,1730,0,0.0,2304,17
5.403102168813348,-8.23749999999998,0,-131.79999999999967,0,16,119,subsidiary_stock_comp,0.40484466155370075,0,0.2284,44,1,0,1730,0,0.0,2432,18
4.558475775644183,-8.54999999999998,0,-136.79999999999967,0,16,124,subsidiary_stock_comp,0.43878860274950665,0,0.2273,32,1,0,1730,0,0.0,2560,19
4.8343143574893475,-8.54999999999998,0,-136.79999999999967,0,16,124,subsidiary_stock_comp,0.38796770572662354,0,0.2262,31,1,0,1730,0,0.0,2688,20
4.587794503197074,-8.049999999999981,0,-128.7999999999997,0,16,116,subsidiary_stock_comp,0.354757696390152,0,0.225,22,1,0,1730,0,0.0,2816,21
4.800048496574163,-8.17499999999998,0,-130.79999999999967,0,16,118,subsidiary_stock_comp,0.49962592124938965,0,0.2239,33,1,0,1730,0,0.0,2944,22
4.644357744604349,-8.29999999999998,0,-132.79999999999967,0,16,120,subsidiary_stock_comp,0.3968530297279358,0,0.2228,23,1,0,1730,0,0.0,3072,23
4.77242960780859,-8.362499999999981,0,-133.7999999999997,0,16,121,subsidiary_stock_comp,0.4768079121907552,0,0.2217,31,1,0,1730,0,0.0,3200,24
4.769875168800354,-8.48749999999998,0,-135.79999999999967,0,16,123,subsidiary_stock_comp,0.4036288559436798,0,0.2206,26,1,0,1730,0,0.0,3328,25
4.700687147676945,-8.73749999999998,0,-139.79999999999967,0,16,127,subsidiary_stock_comp,0.443719615538915,0,0.2195,24,1,0,1730,0,0.0,3456,26
4.900240384042263,-8.67499999999998,0,-138.79999999999967,0,16,126,subsidiary_stock_comp,0.36420098940531415,0,0.2184,24,1,0,1730,0,0.0,3584,27
4.459553111344576,-8.54999999999998,0,-136.79999999999967,0,16,124,subsidiary_stock_comp,0.40764259298642475,0,0.2173,28,1,0,1730,0,0.0,3712,28
4.210694260895252,-8.424999999999981,0,-134.7999999999997,0,16,122,subsidiary_stock_comp,0.4645751714706421,0,0.2162,29,1,0,1730,0,0.0,3840,29
4.249858990311623,-8.67499999999998,0,-138.79999999999967,0,16,126,subsidiary_stock_comp,0.5173522730668386,0,0.2151,35,1,0,1730,0,0.0,3968,30
4.2852845042943954,-8.54999999999998,0,-136.79999999999967,0,16,124,subsidiary_stock_comp,0.4221489727497101,0,0.214,31,1,0,1730,0,0.0,4096,31
4.094925083220005,-8.54999999999998,0,-136.79999999999967,0,16,124,subsidiary_stock_comp,0.4300800363222758,0,0.213,24,1,0,1730,0,0.0,4224,32
4.221973352134228,-8.67499999999998,0,-138.79999999999967,0,16,126,subsidiary_stock_comp,0.5336474577585856,0,0.2119,27,1,0,1730,0,0.0,4352,33
4.596402425318956,-8.73749999999998,0,-139.79999999999967,0,16,127,subsidiary_stock_comp,0.4186410407225291,0,0.2108,31,1,0,1730,0,0.0,4480,34
4.9600756242871284,-8.61249999999998,0,-137.79999999999967,0,16,125,subsidiary_stock_comp,0.37391411264737445,0,0.2098,25,1,0,1730,0,0.0,4608,35
5.005529066547751,-8.73749999999998,0,-139.79999999999967,0,16,127,subsidiary_stock_comp,0.3970162073771159,0,0.2087,23,1,0,1730,0,0.0,4736,36
4.93368922919035,-8.61249999999998,0,-137.79999999999967,0,16,125,subsidiary_stock_comp,0.4324917296568553,0,0.2077,26,1,0,1730,0,0.0,4864,37
5.1219966523349285,-8.67499999999998,0,-138.79999999999967,0,16,126,subsidiary_stock_comp,0.4189433952172597,0,0.2066,27,1,0,1730,0,0.0,4992,38
5.056853044778109,-8.79999999999998,0,-140.79999999999967,0,16,128,subsidiary_stock_comp,0.3902652859687805,0,0.2056,27,1,0,1730,0,0.0,5120,39
4.6574615351855755,-8.67499999999998,0,-138.79999999999967,0,16,126,subsidiary_stock_comp,0.38541265328725177,0,0.2046,25,1,0,1730,0,0.0,5248,40
4.742810145020485,-8.42499999999998,0,-134.79999999999967,0,16,122,subsidiary_stock_comp,0.4069461027781169,0,0.2036,33,1,0,1730,0,0.0,5376,41
4.738239414989948,-8.61249999999998,0,-137.79999999999967,0,16,125,subsidiary_stock_comp,0.3860243558883667,0,0.2025,23,1,0,1730,0,0.0,5504,42
4.793922299519181,-8.362499999999981,0,-133.7999999999997,0,16,121,subsidiary_stock_comp,0.3525361120700836,0,0.2015,24,1,0,1730,0,0.0,5632,43
4.98815968260169,-8.424999999999981,0,-134.7999999999997,0,16,122,subsidiary_stock_comp,0.44801507393519086,0,0.2005,35,1,0,1730,0,0.0,5760,44
4.621450070291758,-8.54999999999998,0,-136.79999999999967,0,16,124,subsidiary_stock_comp,0.4260547161102295,0,0.1995,20,1,0,1730,0,0.0,5888,45
4.860285682603717,-8.174999999999981,0,-130.7999999999997,0,16,118,subsidiary_stock_comp,0.3792189459005992,0,0.1985,32,1,0,1730,0,0.0,6016,46
4.695526260882616,-8.299999999999981,0,-132.7999999999997,0,16,120,subsidiary_stock_comp,0.3424016237258911,0,0.1975,22,1,0,1730,0,0.0,6144,47
4.708477525040507,-8.174999999999981,0,-130.7999999999997,0,16,118,subsidiary_stock_comp,0.3203514814376831,0,0.1965,22,1,0,1730,0,0.0,6272,48
4.427210617810488,-8.23749999999998,0,-131.79999999999967,0,16,119,subsidiary_stock_comp,0.41771604617436725,0,0.1956,24,1,0,1730,0,0.0,6400,49
4.2933559119701385,-7.987499999999981,0,-127.7999999999997,0,16,115,subsidiary_stock_comp,0.3109741409619649,0,0.1946,25,1,0,1730,0,0.0,6528,50
4.577920041978359,-7.549999999999984,0,-120.79999999999974,0,16,108,subsidiary_stock_comp,0.17540059487024942,0,0.1936,29,1,0,1730,0,0.0,6656,51
4.0814273580908775,-7.237499999999985,0,-115.79999999999976,0,16,103,subsidiary_stock_comp,0.23218815525372824,0,0.1926,23,1,0,1730,0,0.0,6784,52
4.189155451953411,-7.362499999999984,0,-117.79999999999974,0,16,105,subsidiary_stock_comp,0.3640056848526001,0,0.1917,17,1,0,1730,0,0.0,6912,53
4.2565037198364735,-7.362499999999984,0,-117.79999999999974,0,16,105,subsidiary_stock_comp,0.19166940450668335,0,0.1907,23,1,0,1730,0,0.0,7040,54
4.313344510272145,-6.799999999999986,0,-108.79999999999977,0,16,96,subsidiary_stock_comp,0.1564744164546331,0,0.1898,27,1,0,1730,0,0.0,7168,55
3.897224573418498,-6.924999999999986,0,-110.79999999999977,0,16,98,subsidiary_stock_comp,0.21388680239518484,0,0.1888,29,1,0,1730,0,0.0,7296,56
3.671645663678646,-6.299999999999989,0,-100.79999999999983,0,16,88,subsidiary_stock_comp,0.03447528680165609,0,0.1879,17,1,0,1730,0,0.0,7424,57
3.8518437603488564,-5.92499999999999,0,-94.79999999999984,0,16,82,subsidiary_stock_comp,0.003107657035191854,0,0.1869,25,1,0,1730,0,0.0,7552,58
3.8112270571291447,-6.17499999999999,0,-98.79999999999984,0,16,86,subsidiary_stock_comp,0.08824666837851207,0,0.186,24,1,0,1730,0,0.0,7680,59
3.638455825857818,-5.737499999999993,0,-91.79999999999988,0,16,79,subsidiary_stock_comp,0.06437586744626363,0,0.1851,26,1,0,1730,0,0.0,7808,60
3.9447563756257296,-5.737499999999992,0,-91.79999999999987,0,16,79,subsidiary_stock_comp,0.07867538432280223,0,0.1841,25,1,0,1730,0,0.0,7936,61
3.803930813446641,-5.86249999999999,0,-93.79999999999984,0,16,81,subsidiary_stock_comp,0.0828503171602885,0,0.1832,16,1,0,1730,0,0.0,8064,62
3.556057484820485,-5.487499999999994,0,-87.7999999999999,0,16,75,subsidiary_stock_comp,0.013715967535972595,0,0.1823,15,1,0,1730,0,0.0,8192,63
3.742281524464488,-5.612499999999996,0,-89.79999999999994,0,16,77,subsidiary_stock_comp,0.04628313581148783,0,0.1814,27,1,0,1730,0,0.0,8320,64
3.7720398576930165,-5.049999999999997,0,-80.79999999999995,0,16,68,subsidiary_stock_comp,0.026782453060150146,0,0.1805,19,1,0,1730,0,0.0,8448,65
3.435136324726045,-4.987499999999997,0,-79.79999999999995,0,16,67,subsidiary_stock_comp,-0.03721181799968084,0,0.1796,14,1,0,1730,0,0.0,8576,66
3.4547757571563125,-4.924999999999997,0,-78.79999999999995,0,16,66,subsidiary_stock_comp,0.15542160471280417,0,0.1787,27,1,0,1730,0,0.0,8704,67
3.2199813672341406,-5.487499999999993,0,-87.79999999999988,0,16,75,subsidiary_stock_comp,0.17177340388298035,0,0.1778,22,1,0,1730,0,0.0,8832,68
3.338778782635927,-5.237499999999996,0,-83.79999999999994,0,16,71,subsidiary_stock_comp,-0.023924604058265686,0,0.1769,23,1,0,1730,0,0.0,8960,69
3.4552403930574656,-5.174684343434338,1,-82.7949494949494,0,16,70,subsidiary_stock_comp,0.019340579708417256,0,0.176,22,1,0,1730,0,0.0,9088,70
3.430530591867864,-5.2999999999999945,0,-84.79999999999991,0,16,72,subsidiary_stock_comp,0.07169036070505778,0,0.1751,24,1,0,1730,0,0.0,9216,71
3.423125520348549,-5.3624999999999945,0,-85.79999999999991,0,16,73,subsidiary_stock_comp,0.011234129468599955,0,0.1743,28,1,0,1730,0,0.0,9344,72
3.241256335284561,-5.237499999999995,0,-83.79999999999993,0,16,71,subsidiary_stock_comp,0.019525180260340374,0,0.1734,18,1,0,1730,0,0.0,9472,73
3.3660947680473328,-5.1749999999999945,0,-82.79999999999991,0,16,70,subsidiary_stock_comp,0.03371134400367737,0,0.1725,26,1,0,1730,0,0.0,9600,74
3.4257588158361614,-4.8625,0,-77.8,0,16,65,subsidiary_stock_comp,-0.018509529531002045,0,0.1717,26,1,0,1730,0,0.0,9728,75
2.7531411475501955,-5.174999999999997,0,-82.79999999999995,0,16,70,subsidiary_stock_comp,0.030233109990755718,0,0.1708,19,1,0,1730,0,0.0,9856,76
2.9737075874581933,-4.7375,0,-75.8,0,16,63,subsidiary_stock_comp,-0.019397492210070293,0,0.1699,17,1,0,1730,0,0.0,9984,77
3.0425266586244106,-4.8,0,-76.8,0,16,64,subsidiary_stock_comp,-0.01504503438870112,0,0.1691,19,1,0,1730,0,0.0,10112,78
2.974495867267251,-4.799999999999997,0,-76.79999999999995,0,16,64,subsidiary_stock_comp,-0.0034089709321657815,0,0.1683,26,1,0,1730,0,0.0,10240,79
2.9273707238025963,-4.8,0,-76.8,0,16,64,subsidiary_stock_comp,0.058558995525042214,0,0.1674,27,1,0,1730,0,0.0,10368,80
3.0206559943035245,-5.112499999999995,0,-81.79999999999993,0,16,69,subsidiary_stock_comp,0.0322514201203982,0,0.1666,23,1,0,1730,0,0.0,10496,81
2.854411592707038,-4.550000000000001,0,-72.80000000000001,0,16,60,subsidiary_stock_comp,-0.02275594820578893,0,0.1657,20,1,0,1730,0,0.0,10624,82
2.9547436996363103,-3.925000000000008,0,-62.800000000000125,0,16,50,subsidiary_stock_comp,0.05040468523899714,0,0.1649,23,1,0,1730,0,0.0,10752,83
2.4520300584845245,-3.550000000000007,0,-56.80000000000011,0,16,44,subsidiary_stock_comp,0.09500907609860103,0,0.1641,14,1,0,1730,0,0.0,10880,84
2.450846455525607,-3.4250000000000074,0,-54.80000000000012,0,16,42,subsidiary_stock_comp,0.08526953309774399,0,0.1633,27,1,0,1730,0,0.0,11008,85
2.395598187111318,-3.5500000000000083,0,-56.80000000000013,0,16,44,subsidiary_stock_comp,1.4037659168243408,0,0.1625,22,1,0,1730,0,0.0,11136,86
2.484497625147924,-3.487500000000008,0,-55.800000000000125,0,16,43,subsidiary_stock_comp,0.02093892792860667,0,0.1616,16,1,0,1730,0,0.0,11264,87
2.8210373807232827,-3.487500000000007,0,-55.80000000000011,0,16,43,subsidiary_stock_comp,0.08819115410248439,0,0.1608,26,1,0,1730,0,0.0,11392,88
2.28037837613374,-3.1750000000000065,0,-50.800000000000104,0,16,38,subsidiary_stock_comp,0.024399250745773315,0,0.16,21,1,0,1730,0,0.0,11520,89
2.281968515831977,-2.925000000000007,0,-46.80000000000011,0,16,34,subsidiary_stock_comp,0.17350320518016815,0,0.1592,24,1,0,1730,0,0.0,11648,90
2.2330942768603563,-2.737500000000006,0,-43.8000000000001,0,16,31,subsidiary_stock_comp,0.011989779770374298,0,0.1584,24,1,0,1730,0,0.0,11776,91
1.7301567224785686,-2.3000000000000047,0,-36.800000000000075,0,16,24,subsidiary_stock_comp,0.01479358971118927,0,0.1576,17,1,0,1730,0,0.0,11904,92
2.2291953209787607,-2.5500000000000065,0,-40.800000000000104,0,16,28,subsidiary_stock_comp,0.04332296053568522,0,0.1569,22,1,0,1730,0,0.0,12032,93
1.852324089501053,-2.3000000000000056,0,-36.80000000000009,0,16,24,subsidiary_stock_comp,0.11106906086206436,0,0.1561,16,1,0,1730,0,0.0,12160,94
1.361107832286507,-1.9250000000000047,0,-30.800000000000075,0,16,18,subsidiary_stock_comp,0.04236660276850065,0,0.1553,11,1,0,1730,0,0.0,12288,95
1.8239750836510211,-2.487500000000006,0,-39.8000000000001,0,16,27,subsidiary_stock_comp,0.005797317872444789,0,0.1545,19,1,0,1730,0,0.0,12416,96
1.8051066934131086,-2.487500000000006,0,-39.8000000000001,0,16,27,subsidiary_stock_comp,0.14285226662953696,0,0.1537,22,1,0,1730,0,0.0,12544,97
1.9800796343479306,-2.9250000000000065,0,-46.800000000000104,0,16,34,subsidiary_stock_comp,0.09213098759452502,0,0.153,29,1,0,1730,0,0.0,12672,98
1.6347288296092302,-2.362500000000005,0,-37.80000000000008,0,16,25,subsidiary_stock_comp,0.09414490436514218,0,0.1522,16,1,0,1730,0,0.0,12800,99
3.7705677077174187,-8.48749999999998,0,-135.79999999999967,0,16,123,subsidiary_stock_comp,0.5657212932904562,0,0.25,37,2,0,1731,0,0.0,128,0
3.3529941122978926,-8.61249999999998,0,-137.79999999999967,0,16,125,subsidiary_stock_comp,0.5647409558296204,0,0.2487,30,2,0,1731,0,0.0,256,1
3.7202692478895187,-8.67499999999998,0,-138.79999999999967,0,16,126,subsidiary_stock_comp,0.5413815180460612,0,0.2475,36,2,0,1731,0,0.0,384,2
3.9560561776161194,-8.61249999999998,0,-137.79999999999967,0,16,125,subsidiary_stock_comp,0.4807533323764801,0,0.2463,26,2,0,1731,0,0.0,512,3
4.4388199197128415,-8.54999999999998,0,-136.79999999999967,0,16,124,subsidiary_stock_comp,0.44009074568748474,0,0.245,29,2,0,1731,0,0.0,640,4
4.73851547203958,-8.54999999999998,0,-136.79999999999967,0,16,124,subsidiary_stock_comp,0.44840579231580097,0,0.2438,33,2,0,1731,0,0.0,768,5
4.843221198767424,-8.61249999999998,0,-137.79999999999967,0,16,125,subsidiary_stock_comp,0.48675920565923053,0,0.2426,32,2,0,1731,0,0.0,896,6
4.906312830746174,-8.48749999999998,0,-135.79999999999967,0,16,123,subsidiary_stock_comp,0.4881953001022339,0,0.2414,28,2,0,1731,0,0.0,1024,7
4.739450540393591,-8.362499999999981,0,-133.7999999999997,0,16,121,subsidiary_stock_comp,0.3322413166364034,0,0.2402,22,2,0,1731,0,0.0,1152,8
4.474047638475895,-8.362499999999981,0,-133.7999999999997,0,16,121,subsidiary_stock_comp,0.40124600132306415,0,0.239,27,2,0,1731,0,0.0,1280,9
4.330663258209825,-8.112499999999981,0,-129.7999999999997,0,16,117,subsidiary_stock_comp,0.43642594416936237,0,0.2378,26,2,0,1731,0,0.0,1408,10
4.531759409233928,-8.299999999999981,0,-132.7999999999997,0,16,120,subsidiary_stock_comp,0.4914071162541707,0,0.2366,29,2,0,1731,0,0.0,1536,11
4.625820181332529,-7.862499999999981,0,-125.7999999999997,0,16,113,subsidiary_stock_comp,0.38847167293230694,0,0.2354,29,2,0,1731,0,0.0,1664,12
4.907412197440863,-7.424999999999984,0,-118.79999999999974,0,16,106,subsidiary_stock_comp,0.4426492253939311,0,0.2342,36,2,0,1731,0,0.0,1792,13
4.56885542254895,-7.862499999999982,0,-125.79999999999971,0,16,113,subsidiary_stock_comp,0.3050224781036377,0,0.2331,24,2,0,1731,0,0.0,1920,14
4.426145797595382,-8.362499999999981,0,-133.7999999999997,0,16,121,subsidiary_stock_comp,0.4524228572845459,0,0.2319,36,2,0,1731,0,0.0,2048,15
4.551596475765109,-8.049999999999981,0,-128.7999999999997,0,16,116,subsidiary_stock_comp,0.3810673455397288,0,0.2307,30,2,0,1731,0,0.0,2176,16
4.371528886258602,-7.862499999999982,0,-125.79999999999971,0,16,113,subsidiary_stock_comp,0.18400679032007852,0,0.2296,20,2,0,1731,0,0.0,2304,17
4.60760791413486,-7.737499999999982,0,-123.79999999999971,0,16,111,subsidiary_stock_comp,0.2488472710053126,0,0.2284,24,2,0,1731,0,0.0,2432,18
4.625394964590669,-8.112499999999983,0,-129.79999999999973,0,16,117,subsidiary_stock_comp,0.35410186648368835,0,0.2273,29,2,0,1731,0,0.0,2560,19
4.624192347750068,-7.674999999999984,0,-122.79999999999974,0,16,110,subsidiary_stock_comp,0.3967827459176381,0,0.2262,27,2,0,1731,0,0.0,2688,20
4.482689259573817,-7.487499999999983,0,-119.79999999999973,0,16,107,subsidiary_stock_comp,0.5414348244667053,0,0.225,34,2,0,1731,0,0.0,2816,21
4.182920787483454,-7.737499999999982,0,-123.79999999999971,0,16,111,subsidiary_stock_comp,0.22753197451432547,0,0.2239,21,2,0,1731,0,0.0,2944,22
4.282171431928873,-7.612499999999983,0,-121.79999999999973,0,16,109,subsidiary_stock_comp,0.2913222809632619,0,0.2228,29,2,0,1731,0,0.0,3072,23
4.071814604103565,-7.424999999999984,0,-118.79999999999974,0,16,106,subsidiary_stock_comp,0.1939232995112737,0,0.2217,27,2,0,1731,0,0.0,3200,24
3.7833183463662863,-7.174999999999984,0,-114.79999999999974,0,16,102,subsidiary_stock_comp,0.11112295587857564,0,0.2206,27,2,0,1731,0,0.0,3328,25
4.331196365877986,-6.862184343434329,1,-109.79494949494926,0,16,97,subsidiary_stock_comp,0.12408313155174255,0,0.2195,34,2,0,1731,0,0.0,3456,26
3.788002608343959,-6.9249999999999865,0,-110.79999999999978,0,16,98,subsidiary_stock_comp,0.24630401035149893,0,0.2184,29,2,0,1731,0,0.0,3584,27
3.7376618068665266,-5.987499999999991,0,-95.79999999999986,0,16,83,subsidiary_stock_comp,0.055168911814689636,0,0.2173,19,2,0,1731,0,0.0,3712,28
3.7356847655028105,-6.174999999999988,0,-98.79999999999981,0,16,86,subsidiary_stock_comp,0.06706711649894714,0,0.2162,23,2,0,1731,0,0.0,3840,29
3.6301772268489003,-5.6124999999999945,0,-89.79999999999991,0,16,77,subsidiary_stock_comp,0.010843291878700256,0,0.2151,21,2,0,1731,0,0.0,3968,30
3.3899309942498803,-5.987499999999989,0,-95.79999999999983,0,16,83,subsidiary_stock_comp,0.19179929792881012,0,0.214,25,2,0,1731,0,0.0,4096,31
3.4281985694542527,-5.3624999999999945,0,-85.79999999999991,0,16,73,subsidiary_stock_comp,0.03885900725920995,0,0.213,30,2,0,1731,0,0.0,4224,32
3.2050788160413504,-5.424999999999993,0,-86.79999999999988,0,16,74,subsidiary_stock_comp,0.04100258896748225,0,0.2119,30,2,0,1731,0,0.0,4352,33
3.4418054381385446,-5.4249999999999945,0,-86.79999999999991,0,16,74,subsidiary_stock_comp,0.07828792929649353,0,0.2108,27,2,0,1731,0,0.0,4480,34
3.226114676333964,-5.362499999999993,0,-85.79999999999988,0,16,73,subsidiary_stock_comp,0.08750040829181671,0,0.2098,32,2,0,1731,0,0.0,4608,35
3.379901052918285,-4.924999999999999,0,-78.79999999999998,0,16,66,subsidiary_stock_comp,-0.012915574014186859,0,0.2087,30,2,0,1731,0,0.0,4736,36
3.183017037343234,-4.737499999999999,0,-75.79999999999998,0,16,63,subsidiary_stock_comp,0.033037006855010986,0,0.2077,21,2,0,1731,0,0.0,4864,37
3.4413425428792834,-4.987499999999996,0,-79.79999999999994,0,16,67,subsidiary_stock_comp,0.10754034916559856,0,0.2066,30,2,0,1731,0,0.0,4992,38
3.449363065417856,-4.674999999999999,0,-74.79999999999998,0,16,62,subsidiary_stock_comp,1.470396916071574,0,0.2056,34,2,0,1731,0,0.0,5120,39
3.1273153675720096,-3.8625000000000074,0,-61.80000000000012,0,16,49,subsidiary_stock_comp,0.12167562544345856,0,0.2046,24,2,0,1731,0,0.0,5248,40
3.1008507553488016,-3.612500000000007,0,-57.80000000000011,0,16,45,subsidiary_stock_comp,0.06057381133238474,0,0.2036,35,2,0,1731,0,0.0,5376,41
2.5663041644729674,-3.1750000000000083,0,-50.80000000000013,0,16,38,subsidiary_stock_comp,0.09315110991398494,0,0.2025,20,2,0,1731,0,0.0,5504,42
2.6950089749880135,-3.6750000000000083,0,-58.80000000000013,0,16,46,subsidiary_stock_comp,0.13874145597219467,0,0.2015,33,2,0,1731,0,0.0,5632,43
2.4240712160244584,-2.862500000000006,0,-45.8000000000001,0,16,33,subsidiary_stock_comp,0.011483229696750641,0,0.2005,26,2,0,1731,0,0.0,5760,44
2.0186544973403215,-2.6750000000000056,0,-42.80000000000009,0,16,30,subsidiary_stock_comp,0.034869143118460975,0,0.1995,25,2,0,1731,0,0.0,5888,45
1.5404605567455292,-2.550000000000006,0,-40.8000000000001,0,16,28,subsidiary_stock_comp,0.039858147501945496,0,0.1985,20,2,0,1731,0,0.0,6016,46
2.1224469584412873,-2.9250000000000074,0,-46.80000000000012,0,16,34,subsidiary_stock_comp,0.0319256621102492,0,0.1975,30,2,0,1731,0,0.0,6144,47
1.9056421681307256,-2.550000000000007,0,-40.80000000000011,0,16,28,subsidiary_stock_comp,-0.00461083526412646,0,0.1965,23,2,0,1731,0,0.0,6272,48
1.9142299199011177,-2.550000000000006,0,-40.8000000000001,0,16,28,subsidiary_stock_comp,0.03282769148548444,0,0.1956,24,2,0,1731,0,0.0,6400,49
1.9251096812076867,-2.4875000000000047,0,-39.800000000000075,0,16,27,subsidiary_stock_comp,-0.012096793701251348,0,0.1946,23,2,0,1731,0,0.0,6528,50
2.0514856120571494,-2.550000000000006,0,-40.8000000000001,0,16,28,subsidiary_stock_comp,-0.01283276453614235,0,0.1936,27,2,0,1731,0,0.0,6656,51
2.253158154897392,-2.9250000000000074,0,-46.80000000000012,0,16,34,subsidiary_stock_comp,0.04913291583458582,0,0.1926,31,2,0,1731,0,0.0,6784,52
2.3735876572318375,-3.1125000000000065,0,-49.800000000000104,0,16,37,subsidiary_stock_comp,0.06247484311461449,0,0.1917,33,2,0,1731,0,0.0,6912,53
2.0478814067319036,-2.675000000000006,0,-42.8000000000001,0,16,30,subsidiary_stock_comp,0.07728737468520801,0,0.1907,25,2,0,1731,0,0.0,7040,54
1.8163103902479634,-2.550000000000006,0,-40.8000000000001,0,16,28,subsidiary_stock_comp,0.049442739536364876,0,0.1898,21,2,0,1731,0,0.0,7168,55
1.9986707866191864,-2.3625000000000047,0,-37.800000000000075,0,16,25,subsidiary_stock_comp,0.32873331010341644,0,0.1888,25,2,0,1731,0,0.0,7296,56
1.627524302341044,-2.612500000000006,0,-41.8000000000001,0,16,29,subsidiary_stock_comp,0.004689073810974757,0,0.1879,26,2,0,1731,0,0.0,7424,57
1.7251383713446558,-2.800000000000007,0,-44.80000000000011,0,16,32,subsidiary_stock_comp,0.024825946738322575,0,0.1869,29,2,0,1731,0,0.0,7552,58
1.5769924358464777,-2.425000000000006,0,-38.8000000000001,0,16,26,subsidiary_stock_comp,0.03735125561555227,0,0.186,22,2,0,1731,0,0.0,7680,59
1.5907625365070999,-2.3625000000000056,0,-37.80000000000009,0,16,25,subsidiary_stock_comp,0.02444320172071457,0,0.1851,21,2,0,1731,0,0.0,7808,60
2.0786428046412766,-2.800000000000007,0,-44.80000000000011,0,16,32,subsidiary_stock_comp,0.02615240216255188,0,0.1841,31,2,0,1731,0,0.0,7936,61
2.1045101124909706,-2.7996843434343495,1,-44.79494949494959,0,16,32,subsidiary_stock_comp,-0.018210119257370632,0,0.1832,30,2,0,1731,0,0.0,8064,62
2.23896602075547,-2.6750000000000056,0,-42.80000000000009,0,16,30,subsidiary_stock_comp,0.044705952207247414,0,0.1823,29,2,0,1731,0,0.0,8192,63
2.138298410922289,-2.675000000000007,0,-42.80000000000011,0,16,30,subsidiary_stock_comp,0.05218315124511719,0,0.1814,28,2,0,1731,0,0.0,8320,64
1.93527653766796,-2.4875000000000056,0,-39.80000000000009,0,16,27,subsidiary_stock_comp,0.019316827257474262,0,0.1805,17,2,0,1731,0,0.0,8448,65
2.4901138469576836,-2.8625000000000065,0,-45.800000000000104,0,16,33,subsidiary_stock_comp,-0.02385033170382182,0,0.1796,26,2,0,1731,0,0.0,8576,66
1.7512787822633982,-2.362500000000005,0,-37.80000000000008,0,16,25,subsidiary_stock_comp,-0.006894364953041077,0,0.1787,12,2,0,1731,0,0.0,8704,67
2.0517799672670662,-2.487500000000006,0,-39.8000000000001,0,16,27,subsidiary_stock_comp,-0.008985231320063273,0,0.1778,24,2,0,1731,0,0.0,8832,68
2.1416768431663513,-2.8000000000000074,0,-44.80000000000012,0,16,32,subsidiary_stock_comp,0.037859875708818436,0,0.1769,28,2,0,1731,0,0.0,8960,69
1.709783547645202,-2.3000000000000065,0,-36.800000000000104,0,16,24,subsidiary_stock_comp,0.01178044080734253,0,0.176,20,2,0,1731,0,0.0,9088,70
1.8972724969498813,-2.7375000000000065,0,-43.800000000000104,0,16,31,subsidiary_stock_comp,0.04253150398532549,0,0.1751,26,2,0,1731,0,0.0,9216,71
1.7916817520745099,-2.237500000000005,0,-35.80000000000008,0,16,23,subsidiary_stock_comp,0.07105087613066037,0,0.1743,20,2,0,1731,0,0.0,9344,72
1.6530442382209003,-2.300000000000005,0,-36.80000000000008,0,16,24,subsidiary_stock_comp,-0.01257756104071935,0,0.1734,21,2,0,1731,0,0.0,9472,73
1.89433234045282,-2.487500000000007,0,-39.80000000000011,0,16,27,subsidiary_stock_comp,-0.05062961205840111,0,0.1725,25,2,0,1731,0,0.0,9600,74
1.680202606599778,-2.4250000000000047,0,-38.800000000000075,0,16,26,subsidiary_stock_comp,0.008139338344335556,0,0.1717,21,2,0,1731,0,0.0,9728,75
1.5923785585910082,-2.2375000000000047,0,-35.800000000000075,0,16,23,subsidiary_stock_comp,-0.017905522137880325,0,0.1708,20,2,0,1731,0,0.0,9856,76
1.9476964236237109,-2.300000000000006,0,-36.8000000000001,0,16,24,subsidiary_stock_comp,-0.04249012966950735,0,0.1699,22,2,0,1731,0,0.0,9984,77
1.766465620137751,-2.6125000000000056,0,-41.80000000000009,0,16,29,subsidiary_stock_comp,0.008720667411883673,0,0.1691,24,2,0,1731,0,0.0,10112,78
1.8859957386739552,-2.6746843434343495,1,-42.79494949494959,0,16,30,subsidiary_stock_comp,0.054648999124765396,0,0.1683,27,2,0,1731,0,0.0,10240,79
1.6154439491219819,-2.425000000000005,0,-38.80000000000008,0,16,26,subsidiary_stock_comp,0.03695074220498403,0,0.1674,23,2,0,1731,0,0.0,10368,80
1.9255478349514306,-2.550000000000006,0,-40.8000000000001,0,16,28,subsidiary_stock_comp,-0.019967995584011078,0,0.1666,25,2,0,1731,0,0.0,10496,81
1.751603209413588,-2.4875000000000065,0,-39.800000000000104,0,16,27,subsidiary_stock_comp,-0.0031811371445655823,0,0.1657,25,2,0,1731,0,0.0,10624,82
1.4069905229844153,-2.2375000000000047,0,-35.800000000000075,0,16,23,subsidiary_stock_comp,-0.03359476290643215,0,0.1649,14,2,0,1731,0,0.0,10752,83
1.9227628568187356,-2.362500000000006,0,-37.8000000000001,0,16,25,subsidiary_stock_comp,-0.03874617690841357,0,0.1641,23,2,0,1731,0,0.0,10880,84
1.735450180247426,-2.2375000000000047,0,-35.800000000000075,0,16,23,subsidiary_stock_comp,-0.032303577909866966,0,0.1633,16,2,0,1731,0,0.0,11008,85
1.9083166639320552,-2.425000000000006,0,-38.8000000000001,0,16,26,subsidiary_stock_comp,-0.02377126303811868,0,0.1625,21,2,0,1731,0,0.0,11136,86
2.2603105464950204,-2.7375000000000074,0,-43.80000000000012,0,16,31,subsidiary_stock_comp,0.013232380151748657,0,0.1616,30,2,0,1731,0,0.0,11264,87
2.134071704931557,-2.362500000000005,0,-37.80000000000008,0,16,25,subsidiary_stock_comp,-0.02121676504611969,0,0.1608,22,2,0,1731,0,0.0,11392,88
1.8876800355501473,-2.175000000000005,0,-34.80000000000008,0,16,22,subsidiary_stock_comp,-0.037476220478614174,0,0.16,21,2,0,1731,0,0.0,11520,89
1.7288193297572434,-2.1125000000000056,0,-33.80000000000009,0,16,21,subsidiary_stock_comp,-0.0053068722287813825,0,0.1592,19,2,0,1731,0,0.0,11648,90
1.4990282440558076,-2.487500000000006,0,-39.8000000000001,0,16,27,subsidiary_stock_comp,0.0076969874401887255,0,0.1584,21,2,0,1731,0,0.0,11776,91
1.475772276520729,-2.0500000000000047,0,-32.800000000000075,0,16,20,subsidiary_stock_comp,-0.015889104455709457,0,0.1576,17,2,0,1731,0,0.0,11904,92
1.8337849439121783,-2.7375000000000056,0,-43.80000000000009,0,16,31,subsidiary_stock_comp,0.006208183864752452,0,0.1569,26,2,0,1731,0,0.0,12032,93
1.8158317366614938,-2.237500000000006,0,-35.8000000000001,0,16,23,subsidiary_stock_comp,-0.006510002538561821,0,0.1561,16,2,0,1731,0,0.0,12160,94
2.060487345792353,-2.300000000000005,0,-36.80000000000008,0,16,24,subsidiary_stock_comp,-0.009392410516738892,0,0.1553,19,2,0,1731,0,0.0,12288,95
2.138057998381555,-2.425000000000005,0,-38.80000000000008,0,16,26,subsidiary_stock_comp,0.22610950469970703,0,0.1545,21,2,0,1731,0,0.0,12416,96
2.1230178577825427,-2.362500000000005,0,-37.80000000000008,0,16,25,subsidiary_stock_comp,-0.015354173878828684,0,0.1537,19,2,0,1731,0,0.0,12544,97
1.682916053570807,-2.300000000000005,0,-36.80000000000008,0,16,24,subsidiary_stock_comp,-0.057139988988637924,0,0.153,13,2,0,1731,0,0.0,12672,98
2.1901779398322105,-2.737500000000006,0,-43.8000000000001,0,16,31,subsidiary_stock_comp,-0.013829607516527176,0,0.1522,28,2,0,1731,0,0.0,12800,99
4.455485973507166,-8.79999999999998,0,-140.79999999999967,0,16,128,subsidiary_stock_comp,4.656357208887736,0,0.25,35,3,0,1732,0,0.0,128,0
4.941723793745041,-8.79999999999998,0,-140.79999999999967,0,16,128,subsidiary_stock_comp,0.43718913197517395,0,0.2487,29,3,0,1732,0,0.0,256,1
5.6903724279254675,-8.79999999999998,0,-140.79999999999967,0,16,128,subsidiary_stock_comp,0.3894520004590352,0,0.2475,26,3,0,1732,0,0.0,384,2
5.458738744258881,-8.79999999999998,0,-140.79999999999967,0,16,128,subsidiary_stock_comp,0.42591830094655353,0,0.2463,28,3,0,1732,0,0.0,512,3
5.443310972303152,-8.79999999999998,0,-140.79999999999967,0,16,128,subsidiary_stock_comp,0.5014331539471945,0,0.245,43,3,0,1732,0,0.0,640,4
5.196426190435886,-8.79999999999998,0,-140.79999999999967,0,16,128,subsidiary_stock_comp,0.4371027847131093,0,0.2438,32,3,0,1732,0,0.0,768,5
5.3415745459496975,-8.73749999999998,0,-139.79999999999967,0,16,127,subsidiary_stock_comp,0.37397175033887226,0,0.2426,25,3,0,1732,0,0.0,896,6
5.230502597987652,-8.73749999999998,0,-139.79999999999967,0,16,127,subsidiary_stock_comp,0.660188635190328,0,0.2414,38,3,0,1732,0,0.0,1024,7
4.940143197774887,-8.73749999999998,0,-139.79999999999967,0,16,127,subsidiary_stock_comp,0.4716331660747528,0,0.2402,33,3,0,1732,0,0.0,1152,8
4.567614398896694,-8.79999999999998,0,-140.79999999999967,0,16,128,subsidiary_stock_comp,0.42735352118810016,0,0.239,22,3,0,1732,0,0.0,1280,9
4.469850180670619,-8.67499999999998,0,-138.79999999999967,0,16,126,subsidiary_stock_comp,0.40999455253283185,0,0.2378,28,3,0,1732,0,0.0,1408,10
4.436587613075972,-8.61249999999998,0,-137.79999999999967,0,16,125,subsidiary_stock_comp,0.5521382093429565,0,0.2366,34,3,0,1732,0,0.0,1536,11
4.122345350682735,-8.67499999999998,0,-138.79999999999967,0,16,126,subsidiary_stock_comp,0.5657026767730713,0,0.2354,34,3,0,1732,0,0.0,1664,12
4.131932903081179,-8.674684343434322,1,-138.79494949494915,0,16,126,subsidiary_stock_comp,0.5386008818944296,0,0.2342,33,3,0,1732,0,0.0,1792,13
4.687763474881649,-8.73749999999998,0,-139.79999999999967,0,16,127,subsidiary_stock_comp,0.445732057094574,0,0.2331,31,3,0,1732,0,0.0,1920,14
5.317091193050146,-8.73749999999998,0,-139.79999999999967,0,16,127,subsidiary_stock_comp,0.45880112051963806,0,0.2319,31,3,0,1732,0,0.0,2048,15
5.269879579544067,-8.79999999999998,0,-140.79999999999967,0,16,128,subsidiary_stock_comp,0.4405697286128998,0,0.2307,32,3,0,1732,0,0.0,2176,16
5.11889885738492,-8.73749999999998,0,-139.79999999999967,0,16,127,subsidiary_stock_comp,0.3792944649855296,0,0.2296,27,3,0,1732,0,0.0,2304,17
5.423242807388306,-8.73749999999998,0,-139.79999999999967,0,16,127,subsidiary_stock_comp,0.3588685393333435,0,0.2284,24,3,0,1732,0,0.0,2432,18
5.294316429644823,-8.67499999999998,0,-138.79999999999967,0,16,126,subsidiary_stock_comp,0.4546814759572347,0,0.2273,21,3,0,1732,0,0.0,2560,19
4.988029465079308,-8.79999999999998,0,-140.79999999999967,0,16,128,subsidiary_stock_comp,0.42887484033902484,0,0.2262,33,3,0,1732,0,0.0,2688,20
4.894036706537008,-8.79999999999998,0,-140.79999999999967,0,16,128,subsidiary_stock_comp,0.6073993245760599,0,0.225,26,3,0,1732,0,0.0,2816,21
4.901635337620974,-8.73749999999998,0,-139.79999999999967,0,16,127,subsidiary_stock_comp,0.5110814372698466,0,0.2239,29,3,0,1732,0,0.0,2944,22
4.865749020129442,-8.79999999999998,0,-140.79999999999967,0,16,128,subsidiary_stock_comp,0.41025633613268536,0,0.2228,30,3,0,1732,0,0.0,3072,23
4.895662136375904,-8.79999999999998,0,-140.79999999999967,0,16,128,subsidiary_stock_comp,0.4140167236328125,0,0.2217,27,3,0,1732,0,0.0,3200,24
4.873216938227415,-8.73749999999998,0,-139.79999999999967,0,16,127,subsidiary_stock_comp,0.5082112352053324,0,0.2206,35,3,0,1732,0,0.0,3328,25
4.821857646107674,-8.48749999999998,0,-135.79999999999967,0,16,123,subsidiary_stock_comp,0.7597526907920837,0,0.2195,24,3,0,1732,0,0.0,3456,26
4.838025383651257,-8.61249999999998,0,-137.79999999999967,0,16,125,subsidiary_stock_comp,0.5352837642033895,0,0.2184,26,3,0,1732,0,0.0,3584,27
4.824346845969558,-8.424999999999981,0,-134.7999999999997,0,16,122,subsidiary_stock_comp,0.45397481322288513,0,0.2173,17,3,0,1732,0,0.0,3712,28
5.021853417158127,-8.36249999999998,0,-133.79999999999967,0,16,121,subsidiary_stock_comp,0.36345914999643963,0,0.2162,25,3,0,1732,0,0.0,3840,29
5.221389416605234,-8.73749999999998,0,-139.79999999999967,0,16,127,subsidiary_stock_comp,0.43218424916267395,0,0.2151,24,3,0,1732,0,0.0,3968,30
5.550817273557186,-8.73749999999998,0,-139.79999999999967,0,16,127,subsidiary_stock_comp,0.34101765354474384,0,0.214,27,3,0,1732,0,0.0,4096,31
5.534241672605276,-8.73749999999998,0,-139.79999999999967,0,16,127,subsidiary_stock_comp,0.3982051908969879,0,0.213,26,3,0,1732,0,0.0,4224,32
5.492470450699329,-8.73749999999998,0,-139.79999999999967,0,16,127,subsidiary_stock_comp,0.36528390645980835,0,0.2119,25,3,0,1732,0,0.0,4352,33
5.555283149704337,-8.79999999999998,0,-140.79999999999967,0,16,128,subsidiary_stock_comp,0.3653532564640045,0,0.2108,31,3,0,1732,0,0.0,4480,34
5.2752044051885605,-8.67499999999998,0,-138.79999999999967,0,16,126,subsidiary_stock_comp,0.38729699452718097,0,0.2098,27,3,0,1732,0,0.0,4608,35
5.546344544738531,-8.79999999999998,0,-140.79999999999967,0,16,128,subsidiary_stock_comp,0.34701886773109436,0,0.2087,36,3,0,1732,0,0.0,4736,36
5.445205293595791,-8.54999999999998,0,-136.79999999999967,0,16,124,subsidiary_stock_comp,0.4242296020189921,0,0.2077,29,3,0,1732,0,0.0,4864,37
5.288877656683326,-8.73749999999998,0,-139.79999999999967,0,16,127,subsidiary_stock_comp,0.32935582598050434,0,0.2066,24,3,0,1732,0,0.0,4992,38
5.021506756544113,-8.54999999999998,0,-136.79999999999967,0,16,124,subsidiary_stock_comp,0.3603156805038452,0,0.2056,26,3,0,1732,0,0.0,5120,39
5.000788945704699,-8.54999999999998,0,-136.79999999999967,0,16,124,subsidiary_stock_comp,0.41261521975199383,0,0.2046,34,3,0,1732,0,0.0,5248,40
5.334094755351543,-8.674684343434324,1,-138.79494949494918,0,16,126,subsidiary_stock_comp,0.33224745591481525,0,0.2036,17,3,0,1732,0,0.0,5376,41
5.161499343812466,-8.549999999999981,0,-136.7999999999997,0,16,124,subsidiary_stock_comp,0.32838283975919086,0,0.2025,23,3,0,1732,0,0.0,5504,42
5.429305104538798,-8.61249999999998,0,-137.79999999999967,0,16,125,subsidiary_stock_comp,0.3939354419708252,0,0.2015,28,3,0,1732,0,0.0,5632,43
5.578928541392088,-8.73749999999998,0,-139.79999999999967,0,16,127,subsidiary_stock_comp,0.38007473945617676,0,0.2005,22,3,0,1732,0,0.0,5760,44
5.6144042778760195,-8.61249999999998,0,-137.79999999999967,0,16,125,subsidiary_stock_comp,0.36831043163935345,0,0.1995,23,3,0,1732,0,0.0,5888,45
5.758737966418266,-8.67499999999998,0,-138.79999999999967,0,16,126,subsidiary_stock_comp,0.3661966423193614,0,0.1985,22,3,0,1732,0,0.0,6016,46
5.723745349794626,-8.48749999999998,0,-135.79999999999967,0,16,123,subsidiary_stock_comp,0.3606768051783244,0,0.1975,29,3,0,1732,0,0.0,6144,47
5.508881838992238,-8.42499999999998,0,-134.79999999999967,0,16,122,subsidiary_stock_comp,0.336256076892217,0,0.1965,19,3,0,1732,0,0.0,6272,48
5.510321471840143,-8.61249999999998,0,-137.79999999999967,0,16,125,subsidiary_stock_comp,0.31811418135960895,0,0.1956,21,3,0,1732,0,0.0,6400,49
5.878412391990423,-8.487499999999981,0,-135.7999999999997,0,16,123,subsidiary_stock_comp,0.35450995961825055,0,0.1946,28,3,0,1732,0,0.0,6528,50
5.839880257844925,-8.36249999999998,0,-133.79999999999967,0,16,121,subsidiary_stock_comp,0.2954227526982625,0,0.1936,25,3,0,1732,0,0.0,6656,51
6.07198884896934,-8.54999999999998,0,-136.79999999999967,0,16,124,subsidiary_stock_comp,0.2893319030602773,0,0.1926,26,3,0,1732,0,0.0,6784,52
5.705471072345972,-8.61249999999998,0,-137.79999999999967,0,16,125,subsidiary_stock_comp,0.3169819712638855,0,0.1917,17,3,0,1732,0,0.0,6912,53
5.801497180014849,-8.54999999999998,0,-136.79999999999967,0,16,124,subsidiary_stock_comp,0.33146055539449054,0,0.1907,26,3,0,1732,0,0.0,7040,54
5.538335615769029,-8.61249999999998,0,-137.79999999999967,0,16,125,subsidiary_stock_comp,0.35733110706011456,0,0.1898,19,3,0,1732,0,0.0,7168,55
5.781431213021278,-8.79999999999998,0,-140.79999999999967,0,16,128,subsidiary_stock_comp,0.3628934820493062,0,0.1888,27,3,0,1732,0,0.0,7296,56
5.38966504111886,-8.67499999999998,0,-138.79999999999967,0,16,126,subsidiary_stock_comp,0.4026861290136973,0,0.1879,20,3,0,1732,0,0.0,7424,57
5.150708315894008,-8.61249999999998,0,-137.79999999999967,0,16,125,subsidiary_stock_comp,0.3416566451390584,0,0.1869,23,3,0,1732,0,0.0,7552,58
5.7044073808938265,-8.67499999999998,0,-138.79999999999967,0,16,126,subsidiary_stock_comp,0.35564624269803363,0,0.186,27,3,0,1732,0,0.0,7680,59
5.409798625856638,-8.424999999999981,0,-134.7999999999997,0,16,122,subsidiary_stock_comp,0.34049593408902484,0,0.1851,27,3,0,1732,0,0.0,7808,60
5.684326142072678,-8.237184343434324,1,-131.79494949494918,0,16,119,subsidiary_stock_comp,0.2771403094132741,0,0.1841,32,3,0,1732,0,0.0,7936,61
5.922665402293205,-8.674368686868666,1,-138.78989898989866,0,16,126,subsidiary_stock_comp,0.34807098905245465,0,0.1832,20,3,0,1732,0,0.0,8064,62
5.705690028145909,-8.42499999999998,0,-134.79999999999967,0,16,122,subsidiary_stock_comp,0.29766250650087994,0,0.1823,18,3,0,1732,0,0.0,8192,63
5.7553269155323505,-8.299999999999981,0,-132.7999999999997,0,16,120,subsidiary_stock_comp,0.28392895062764484,0,0.1814,23,3,0,1732,0,0.0,8320,64
5.6641799956560135,-8.299368686868668,1,-132.7898989898987,0,16,120,subsidiary_stock_comp,0.31296007831891376,0,0.1805,22,3,0,1732,0,0.0,8448,65
5.504331185482442,-8.36249999999998,0,-133.79999999999967,0,16,121,subsidiary_stock_comp,0.3719551662604014,0,0.1796,24,3,0,1732,0,0.0,8576,66
5.660277485847473,-8.48749999999998,0,-135.79999999999967,0,16,123,subsidiary_stock_comp,0.3461405436197917,0,0.1787,23,3,0,1732,0,0.0,8704,67
5.419992607086897,-8.237499999999981,0,-131.7999999999997,0,16,119,subsidiary_stock_comp,0.31556037068367004,0,0.1778,21,3,0,1732,0,0.0,8832,68
5.474509764462709,-8.36249999999998,0,-133.79999999999967,0,16,121,subsidiary_stock_comp,0.28929250439008075,0,0.1769,22,3,0,1732,0,0.0,8960,69
5.370478138327599,-8.049684343434324,1,-128.79494949494918,0,16,116,subsidiary_stock_comp,0.3468656043211619,0,0.176,25,3,0,1732,0,0.0,9088,70
5.5904255621135235,-8.362499999999981,0,-133.7999999999997,0,16,121,subsidiary_stock_comp,0.3525856137275696,0,0.1751,21,3,0,1732,0,0.0,9216,71
5.022472919896245,-7.862499999999982,0,-125.79999999999971,0,16,113,subsidiary_stock_comp,0.2796488106250763,0,0.1743,18,3,0,1732,0,0.0,9344,72
4.835805052891374,-8.237499999999981,0,-131.7999999999997,0,16,119,subsidiary_stock_comp,0.8205620447794596,0,0.1734,23,3,0,1732,0,0.0,9472,73
4.780360192060471,-8.049999999999981,0,-128.7999999999997,0,16,116,subsidiary_stock_comp,0.3054174979527791,0,0.1725,19,3,0,1732,0,0.0,9600,74
4.863297253847122,-7.987499999999982,0,-127.79999999999971,0,16,115,subsidiary_stock_comp,0.2827226718266805,0,0.1717,25,3,0,1732,0,0.0,9728,75
4.8758501429110765,-7.799999999999982,0,-124.79999999999971,0,16,112,subsidiary_stock_comp,0.38087260723114014,0,0.1708,20,3,0,1732,0,0.0,9856,76
4.991645533591509,-7.799999999999982,0,-124.79999999999971,0,16,112,subsidiary_stock_comp,0.29405587911605835,0,0.1699,30,3,0,1732,0,0.0,9984,77
5.076483745127916,-8.049999999999981,0,-128.7999999999997,0,16,116,subsidiary_stock_comp,0.28018130858739215,0,0.1691,19,3,0,1732,0,0.0,10112,78
5.171375533565879,-7.924999999999981,0,-126.7999999999997,0,16,114,subsidiary_stock_comp,0.145333265264829,0,0.1683,22,3,0,1732,0,0.0,10240,79
4.87107041478157,-8.23749999999998,0,-131.79999999999967,0,16,119,subsidiary_stock_comp,0.45172131061553955,0,0.1674,22,3,0,1732,0,0.0,10368,80
4.804198008030653,-7.237499999999984,0,-115.79999999999974,0,16,103,subsidiary_stock_comp,0.18873059749603271,0,0.1666,20,3,0,1732,0,0.0,10496,81
4.553225226700306,-7.612499999999984,0,-121.79999999999974,0,16,109,subsidiary_stock_comp,0.21684182186921439,0,0.1657,19,3,0,1732,0,0.0,10624,82
4.91358021274209,-7.612499999999982,0,-121.79999999999971,0,16,109,subsidiary_stock_comp,0.18393685420354208,0,0.1649,27,3,0,1732,0,0.0,10752,83
5.336973365396261,-7.79999999999998,0,-124.79999999999968,0,16,112,subsidiary_stock_comp,0.6908290187517802,0,0.1641,23,3,0,1732,0,0.0,10880,84
5.136965807527304,-8.362499999999981,0,-133.7999999999997,0,16,121,subsidiary_stock_comp,0.33937036991119385,0,0.1633,23,3,0,1732,0,0.0,11008,85
5.394067142158747,-8.42499999999998,0,-134.79999999999967,0,16,122,subsidiary_stock_comp,0.27102076013882953,0,0.1625,19,3,0,1732,0,0.0,11136,86
5.646854676306248,-8.174999999999981,0,-130.7999999999997,0,16,118,subsidiary_stock_comp,0.20084890723228455,0,0.1616,26,3,0,1732,0,0.0,11264,87
5.4230843260884285,-8.112499999999981,0,-129.7999999999997,0,16,117,subsidiary_stock_comp,0.24635344743728638,0,0.1608,25,3,0,1732,0,0.0,11392,88
5.394873075187206,-7.924999999999981,0,-126.7999999999997,0,16,114,subsidiary_stock_comp,0.2943356931209564,0,0.16,25,3,0,1732,0,0.0,11520,89
5.367028180509806,-8.049999999999981,0,-128.7999999999997,0,16,116,subsidiary_stock_comp,0.2728048960367839,0,0.1592,16,3,0,1732,0,0.0,11648,90
4.8860545717179775,-7.799999999999982,0,-124.79999999999971,0,16,112,subsidiary_stock_comp,0.2205603023370107,0,0.1584,21,3,0,1732,0,0.0,11776,91
5.219303781166673,-7.98749999999998,0,-127.79999999999968,0,16,115,subsidiary_stock_comp,0.2216496467590332,0,0.1576,17,3,0,1732,0,0.0,11904,92
5.319254279136658,-8.23749999999998,0,-131.79999999999967,0,16,119,subsidiary_stock_comp,0.27648356556892395,0,0.1569,28,3,0,1732,0,0.0,12032,93
5.232453364878893,-8.049999999999981,0,-128.7999999999997,0,16,116,subsidiary_stock_comp,0.25309936205546063,0,0.1561,24,3,0,1732,0,0.0,12160,94
5.322811419144273,-7.67436868686867,1,-122.78989898989872,0,16,110,subsidiary_stock_comp,0.24896878004074097,0,0.1553,20,3,0,1732,0,0.0,12288,95
5.319566328078508,-7.924999999999981,0,-126.7999999999997,0,16,114,subsidiary_stock_comp,0.2140295406182607,0,0.1545,21,3,0,1732,0,0.0,12416,96
4.870966451242566,-7.737184343434326,1,-123.79494949494922,0,16,111,subsidiary_stock_comp,0.2119469294945399,0,0.1537,17,3,0,1732,0,0.0,12544,97
4.779278066009283,-7.987499999999981,0,-127.7999999999997,0,16,115,subsidiary_stock_comp,0.32565224170684814,0,0.153,27,3,0,1732,0,0.0,12672,98
4.767694825306535,-7.737184343434325,1,-123.7949494949492,0,16,111,subsidiary_stock_comp,0.27099581559499103,0,0.1522,22,3,0,1732,0,0.0,12800,99
5.201668641529977,-8.79999999999998,0,-140.79999999999967,0,16,128,subsidiary_stock_comp,0.5348498225212097,0,0.25,39,4,0,1733,0,0.0,128,0
5.229206448420882,-8.79999999999998,0,-140.79999999999967,0,16,128,subsidiary_stock_comp,0.49984333912531537,0,0.2487,33,4,0,1733,0,0.0,256,1
5.098682310432196,-8.73749999999998,0,-139.79999999999967,0,16,127,subsidiary_stock_comp,0.5122659007708231,0,0.2475,37,4,0,1733,0,0.0,384,2
4.957446321845055,-8.79999999999998,0,-140.79999999999967,0,16,128,subsidiary_stock_comp,0.5019350051879883,0,0.2463,32,4,0,1733,0,0.0,512,3
4.7538981176912785,-8.79999999999998,0,-140.79999999999967,0,16,128,subsidiary_stock_comp,0.4018813371658325,0,0.245,28,4,0,1733,0,0.0,640,4
5.03874166123569,-8.79999999999998,0,-140.79999999999967,0,16,128,subsidiary_stock_comp,0.506115327278773,0,0.2438,35,4,0,1733,0,0.0,768,5
4.764720223844051,-8.73749999999998,0,-139.79999999999967,0,16,127,subsidiary_stock_comp,0.44657692313194275,0,0.2426,32,4,0,1733,0,0.0,896,6
4.830686668865383,-8.79999999999998,0,-140.79999999999967,0,16,128,subsidiary_stock_comp,0.463675061861674,0,0.2414,29,4,0,1733,0,0.0,1024,7
4.810567833483219,-8.48749999999998,0,-135.79999999999967,0,16,123,subsidiary_stock_comp,0.4732542236646016,0,0.2402,30,4,0,1733,0,0.0,1152,8
4.407479006797075,-8.79999999999998,0,-140.79999999999967,0,16,128,subsidiary_stock_comp,0.4625010887781779,0,0.239,23,4,0,1733,0,0.0,1280,9
4.804917898029089,-8.79999999999998,0,-140.79999999999967,0,16,128,subsidiary_stock_comp,0.43980390826861065,0,0.2378,33,4,0,1733,0,0.0,1408,10
4.842792898416519,-8.79999999999998,0,-140.79999999999967,0,16,128,subsidiary_stock_comp,0.5081264078617096,0,0.2366,35,4,0,1733,0,0.0,1536,11
4.726734820753336,-8.79999999999998,0,-140.79999999999967,0,16,128,subsidiary_stock_comp,0.44083266456921893,0,0.2354,25,4,0,1733,0,0.0,1664,12
4.91185150295496,-8.79999999999998,0,-140.79999999999967,0,16,128,subsidiary_stock_comp,0.6734340985616049,0,0.2342,27,4,0,1733,0,0.0,1792,13
4.907902155071497,-8.73749999999998,0,-139.79999999999967,0,16,127,subsidiary_stock_comp,0.5278325080871582,0,0.2331,27,4,0,1733,0,0.0,1920,14
4.462354265153408,-8.67499999999998,0,-138.79999999999967,0,16,126,subsidiary_stock_comp,0.4931998948256175,0,0.2319,38,4,0,1733,0,0.0,2048,15
4.6249270010739565,-8.79999999999998,0,-140.79999999999967,0,16,128,subsidiary_stock_comp,0.5098876158396403,0,0.2307,30,4,0,1733,0,0.0,2176,16
4.583700573071837,-8.79999999999998,0,-140.79999999999967,0,16,128,subsidiary_stock_comp,0.47853455940882367,0,0.2296,28,4,0,1733,0,0.0,2304,17
4.7710940623655915,-8.73749999999998,0,-139.79999999999967,0,16,127,subsidiary_stock_comp,1.1767550309499104,0,0.2284,31,4,0,1733,0,0.0,2432,18
4.586053501814604,-8.67499999999998,0,-138.79999999999967,0,16,126,subsidiary_stock_comp,0.5903237263361613,0,0.2273,34,4,0,1733,0,0.0,2560,19
4.504125375300646,-8.79999999999998,0,-140.79999999999967,0,16,128,subsidiary_stock_comp,0.49938101569811505,0,0.2262,33,4,0,1733,0,0.0,2688,20
4.915794517844915,-8.73749999999998,0,-139.79999999999967,0,16,127,subsidiary_stock_comp,0.40373651186625165,0,0.225,26,4,0,1733,0,0.0,2816,21
5.0102655636146665,-8.73749999999998,0,-139.79999999999967,0,16,127,subsidiary_stock_comp,0.46130234003067017,0,0.2239,32,4,0,1733,0,0.0,2944,22
4.843940004706383,-8.67499999999998,0,-138.79999999999967,0,16,126,subsidiary_stock_comp,0.42625612020492554,0,0.2228,26,4,0,1733,0,0.0,3072,23
4.968611228279769,-8.79999999999998,0,-140.79999999999967,0,16,128,subsidiary_stock_comp,0.5825146834055582,0,0.2217,25,4,0,1733,0,0.0,3200,24
5.2133504413068295,-8.79999999999998,0,-140.79999999999967,0,16,128,subsidiary_stock_comp,0.41360316673914593,0,0.2206,34,4,0,1733,0,0.0,3328,25
5.078361555933952,-8.61249999999998,0,-137.79999999999967,0,16,125,subsidiary_stock_comp,0.4145826498667399,0,0.2195,35,4,0,1733,0,0.0,3456,26
4.901953913271427,-8.79999999999998,0,-140.79999999999967,0,16,128,subsidiary_stock_comp,0.4292352795600891,0,0.2184,29,4,0,1733,0,0.0,3584,27
4.780501592904329,-8.79999999999998,0,-140.79999999999967,0,16,128,subsidiary_stock_comp,0.3738466997941335,0,0.2173,32,4,0,1733,0,0.0,3712,28
4.624643001705408,-8.79999999999998,0,-140.79999999999967,0,16,128,subsidiary_stock_comp,0.40231773257255554,0,0.2162,21,4,0,1733,0,0.0,3840,29
4.787786394357681,-8.67499999999998,0,-138.79999999999967,0,16,126,subsidiary_stock_comp,0.5652070244153341,0,0.2151,22,4,0,1733,0,0.0,3968,30
5.050172094255686,-8.79999999999998,0,-140.79999999999967,0,16,128,subsidiary_stock_comp,0.5020711819330851,0,0.214,34,4,0,1733,0,0.0,4096,31
4.807151537388563,-8.79999999999998,0,-140.79999999999967,0,16,128,subsidiary_stock_comp,0.3975822925567627,0,0.213,26,4,0,1733,0,0.0,4224,32
5.039658730849624,-8.73749999999998,0,-139.79999999999967,0,16,127,subsidiary_stock_comp,0.42002246777216595,0,0.2119,25,4,0,1733,0,0.0,4352,33
5.0200923308730125,-8.67499999999998,0,-138.79999999999967,0,16,126,subsidiary_stock_comp,0.4188051720460256,0,0.2108,26,4,0,1733,0,0.0,4480,34
5.144786916673183,-8.73749999999998,0,-139.79999999999967,0,16,127,subsidiary_stock_comp,0.4358231723308563,0,0.2098,20,4,0,1733,0,0.0,4608,35
4.786587866023183,-8.79999999999998,0,-140.79999999999967,0,16,128,subsidiary_stock_comp,0.4953021804491679,0,0.2087,31,4,0,1733,0,0.0,4736,36
4.678163781762123,-8.54999999999998,0,-136.79999999999967,0,16,124,subsidiary_stock_comp,0.4840368131796519,0,0.2077,27,4,0,1733,0,0.0,4864,37
5.0929096937179565,-8.79999999999998,0,-140.79999999999967,0,16,128,subsidiary_stock_comp,0.43131818373998004,0,0.2066,24,4,0,1733,0,0.0,4992,38
4.878691263496876,-8.67499999999998,0,-138.79999999999967,0,16,126,subsidiary_stock_comp,0.44806979099909466,0,0.2056,26,4,0,1733,0,0.0,5120,39
4.7337279468774796,-8.67499999999998,0,-138.79999999999967,0,16,126,subsidiary_stock_comp,0.4190612534681956,0,0.2046,24,4,0,1733,0,0.0,5248,40
4.963176261633635,-8.73749999999998,0,-139.79999999999967,0,16,127,subsidiary_stock_comp,0.45027369260787964,0,0.2036,33,4,0,1733,0,0.0,5376,41
4.909380082041025,-8.61249999999998,0,-137.79999999999967,0,16,125,subsidiary_stock_comp,0.3821719487508138,0,0.2025,27,4,0,1733,0,0.0,5504,42
4.685727991163731,-8.79999999999998,0,-140.79999999999967,0,16,128,subsidiary_stock_comp,0.40916221340497333,0,0.2015,29,4,0,1733,0,0.0,5632,43
4.781840369105339,-8.79999999999998,0,-140.79999999999967,0,16,128,subsidiary_stock_comp,0.42059274514516193,0,0.2005,20,4,0,1733,0,0.0,5760,44
4.592372663319111,-8.79999999999998,0,-140.79999999999967,0,16,128,subsidiary_stock_comp,0.49704516927401227,0,0.1995,24,4,0,1733,0,0.0,5888,45
4.48599817417562,-8.79999999999998,0,-140.79999999999967,0,16,128,subsidiary_stock_comp,0.6868024071057638,0,0.1985,17,4,0,1733,0,0.0,6016,46
4.315571289509535,-8.79999999999998,0,-140.79999999999967,0,16,128,subsidiary_stock_comp,0.4720728000005086,0,0.1975,18,4,0,1733,0,0.0,6144,47
4.2357812859117985,-8.79999999999998,0,-140.79999999999967,0,16,128,subsidiary_stock_comp,0.475980540116628,0,0.1965,20,4,0,1733,0,0.0,6272,48
4.523368444293737,-8.73749999999998,0,-139.79999999999967,0,16,127,subsidiary_stock_comp,0.4464757839838664,0,0.1956,27,4,0,1733,0,0.0,6400,49
4.4860586784780025,-8.79999999999998,0,-140.79999999999967,0,16,128,subsidiary_stock_comp,0.43415917952855426,0,0.1946,21,4,0,1733,0,0.0,6528,50
4.597230494022369,-8.67499999999998,0,-138.79999999999967,0,16,126,subsidiary_stock_comp,0.40939197937647503,0,0.1936,24,4,0,1733,0,0.0,6656,51
4.933764088898897,-8.79999999999998,0,-140.79999999999967,0,16,128,subsidiary_stock_comp,0.38934972882270813,0,0.1926,26,4,0,1733,0,0.0,6784,52
4.5694806426763535,-8.79999999999998,0,-140.79999999999967,0,16,128,subsidiary_stock_comp,0.5169602334499359,0,0.1917,25,4,0,1733,0,0.0,6912,53
4.890680061653256,-8.73749999999998,0,-139.79999999999967,0,16,127,subsidiary_stock_comp,0.4185193379720052,0,0.1907,20,4,0,1733,0,0.0,7040,54
4.62960840202868,-8.79999999999998,0,-140.79999999999967,0,16,128,subsidiary_stock_comp,0.424331655104955,0,0.1898,25,4,0,1733,0,0.0,7168,55
4.675593838095665,-8.79999999999998,0,-140.79999999999967,0,16,128,subsidiary_stock_comp,0.409981369972229,0,0.1888,20,4,0,1733,0,0.0,7296,56
5.2313850075006485,-8.79999999999998,0,-140.79999999999967,0,16,128,subsidiary_stock_comp,0.42679259181022644,0,0.1879,24,4,0,1733,0,0.0,7424,57
5.097577188163996,-8.73749999999998,0,-139.79999999999967,0,16,127,subsidiary_stock_comp,0.3977070947488149,0,0.1869,22,4,0,1733,0,0.0,7552,58
5.145668648183346,-8.73749999999998,0,-139.79999999999967,0,16,127,subsidiary_stock_comp,0.3894679049650828,0,0.186,30,4,0,1733,0,0.0,7680,59
5.347488831728697,-8.79999999999998,0,-140.79999999999967,0,16,128,subsidiary_stock_comp,0.3962890108426412,0,0.1851,20,4,0,1733,0,0.0,7808,60
5.125623861327767,-8.61249999999998,0,-137.79999999999967,0,16,125,subsidiary_stock_comp,0.3797890543937683,0,0.1841,28,4,0,1733,0,0.0,7936,61
5.30793359130621,-8.73749999999998,0,-139.79999999999967,0,16,127,subsidiary_stock_comp,0.3803006708621979,0,0.1832,20,4,0,1733,0,0.0,8064,62
5.1916505098342896,-8.73749999999998,0,-139.79999999999967,0,16,127,subsidiary_stock_comp,0.39194344480832416,0,0.1823,23,4,0,1733,0,0.0,8192,63
5.308902885764837,-8.73749999999998,0,-139.79999999999967,0,16,127,subsidiary_stock_comp,0.40134506424268085,0,0.1814,23,4,0,1733,0,0.0,8320,64
5.303557883948088,-8.79999999999998,0,-140.79999999999967,0,16,128,subsidiary_stock_comp,0.3935563862323761,0,0.1805,21,4,0,1733,0,0.0,8448,65
5.263907678425312,-8.61249999999998,0,-137.79999999999967,0,16,125,subsidiary_stock_comp,0.33839531739552814,0,0.1796,25,4,0,1733,0,0.0,8576,66
5.517606236040592,-8.67499999999998,0,-138.79999999999967,0,16,126,subsidiary_stock_comp,0.3851313690344493,0,0.1787,24,4,0,1733,0,0.0,8704,67
5.20591027662158,-8.67499999999998,0,-138.79999999999967,0,16,126,subsidiary_stock_comp,0.45790668328603107,0,0.1778,28,4,0,1733,0,0.0,8832,68
5.4714311845600605,-8.79999999999998,0,-140.79999999999967,0,16,128,subsidiary_stock_comp,0.4045207699139913,0,0.1769,28,4,0,1733,0,0.0,8960,69
5.49830237030983,-8.67499999999998,0,-138.79999999999967,0,16,126,subsidiary_stock_comp,0.8223281502723694,0,0.176,26,4,0,1733,0,0.0,9088,70
5.453048015013337,-8.54999999999998,0,-136.79999999999967,0,16,124,subsidiary_stock_comp,0.4206944902737935,0,0.1751,16,4,0,1733,0,0.0,9216,71
5.117230325937271,-8.61249999999998,0,-137.79999999999967,0,16,125,subsidiary_stock_comp,0.41840218504269916,0,0.1743,22,4,0,1733,0,0.0,9344,72
4.94528597779572,-8.54999999999998,0,-136.79999999999967,0,16,124,subsidiary_stock_comp,0.4229806164900462,0,0.1734,20,4,0,1733,0,0.0,9472,73
5.168126069009304,-8.48749999999998,0,-135.79999999999967,0,16,123,subsidiary_stock_comp,0.36664154132207233,0,0.1725,23,4,0,1733,0,0.0,9600,74
5.269222177565098,-8.174368686868668,1,-130.7898989898987,0,16,118,subsidiary_stock_comp,0.4023546874523163,0,0.1717,28,4,0,1733,0,0.0,9728,75
4.9907592833042145,-8.237499999999981,0,-131.7999999999997,0,16,119,subsidiary_stock_comp,0.49265464146931964,0,0.1708,19,4,0,1733,0,0.0,9856,76
5.143617484718561,-7.799684343434326,1,-124.79494949494922,0,16,112,subsidiary_stock_comp,0.4737865726153056,0,0.1699,25,4,0,1733,0,0.0,9984,77
4.642600495368242,-7.799999999999982,0,-124.79999999999971,0,16,112,subsidiary_stock_comp,0.3561241626739502,0,0.1691,24,4,0,1733,0,0.0,10112,78
4.437609035521746,-7.799999999999983,0,-124.79999999999973,0,16,112,subsidiary_stock_comp,0.4133296310901642,0,0.1683,22,4,0,1733,0,0.0,10240,79
4.232855554670095,-7.799684343434326,1,-124.79494949494922,0,16,112,subsidiary_stock_comp,0.4801907738049825,0,0.1674,15,4,0,1733,0,0.0,10368,80
4.492910851724446,-7.424999999999984,0,-118.79999999999974,0,16,106,subsidiary_stock_comp,0.2970370650291443,0,0.1666,21,4,0,1733,0,0.0,10496,81
4.749252088367939,-7.924999999999981,0,-126.7999999999997,0,16,114,subsidiary_stock_comp,0.42149023214975995,0,0.1657,26,4,0,1733,0,0.0,10624,82
4.730228338390589,-7.9871843434343255,1,-127.79494949494921,0,16,115,subsidiary_stock_comp,0.3638995985190074,0,0.1649,21,4,0,1733,0,0.0,10752,83
4.378048829734325,-7.862499999999983,0,-125.79999999999973,0,16,113,subsidiary_stock_comp,0.37902844945589703,0,0.1641,21,4,0,1733,0,0.0,10880,84
3.8828981276601553,-7.862184343434326,1,-125.79494949494922,0,16,113,subsidiary_stock_comp,0.3383738100528717,0,0.1633,17,4,0,1733,0,0.0,11008,85
3.832038989290595,-8.174999999999981,0,-130.7999999999997,0,16,118,subsidiary_stock_comp,0.48067710796991986,0,0.1625,14,4,0,1733,0,0.0,11136,86
4.413654655218124,-8.23749999999998,0,-131.79999999999967,0,16,119,subsidiary_stock_comp,0.40343666076660156,0,0.1616,22,4,0,1733,0,0.0,11264,87
4.869572971016169,-8.42499999999998,0,-134.79999999999967,0,16,122,subsidiary_stock_comp,0.4134404460589091,0,0.1608,25,4,0,1733,0,0.0,11392,88
5.286423560231924,-8.36249999999998,0,-133.79999999999967,0,16,121,subsidiary_stock_comp,0.3624436656634013,0,0.16,24,4,0,1733,0,0.0,11520,89
5.505147986114025,-8.42499999999998,0,-134.79999999999967,0,16,122,subsidiary_stock_comp,0.3587613602479299,0,0.1592,18,4,0,1733,0,0.0,11648,90
5.0741565227508545,-8.54999999999998,0,-136.79999999999967,0,16,124,subsidiary_stock_comp,0.347099244594574,0,0.1584,13,4,0,1733,0,0.0,11776,91
4.93199853412807,-8.42499999999998,0,-134.79999999999967,0,16,122,subsidiary_stock_comp,0.33173344532648724,0,0.1576,17,4,0,1733,0,0.0,11904,92
4.8127881195396185,-8.61249999999998,0,-137.79999999999967,0,16,125,subsidiary_stock_comp,0.3674776752789815,0,0.1569,14,4,0,1733,0,0.0,12032,93
4.946104800328612,-8.424999999999981,0,-134.7999999999997,0,16,122,subsidiary_stock_comp,0.35906049609184265,0,0.1561,21,4,0,1733,0,0.0,12160,94
4.960153060033917,-8.73749999999998,0,-139.79999999999967,0,16,127,subsidiary_stock_comp,0.37378503878911334,0,0.1553,10,4,0,1733,0,0.0,12288,95
4.801984851248562,-8.36249999999998,0,-133.79999999999967,0,16,121,subsidiary_stock_comp,0.3743116855621338,0,0.1545,19,4,0,1733,0,0.0,12416,96
4.753483913838863,-8.42499999999998,0,-134.79999999999967,0,16,122,subsidiary_stock_comp,0.38304125269254047,0,0.1537,15,4,0,1733,0,0.0,12544,97
4.723310519009829,-8.42499999999998,0,-134.79999999999967,0,16,122,subsidiary_stock_comp,0.41818604866663617,0,0.153,15,4,0,1733,0,0.0,12672,98
4.994719821028411,-8.174684343434324,1,-130.79494949494918,0,16,118,subsidiary_stock_comp,0.3678554793198903,0,0.1522,15,4,0,1733,0,0.0,12800,99
3.7042686734348536,-8.48749999999998,0,-135.79999999999967,0,16,123,subsidiary_stock_comp,0.5210547049840292,0,0.25,26,5,0,1734,0,0.0,128,0
4.047719106078148,-8.174999999999981,0,-130.7999999999997,0,16,118,subsidiary_stock_comp,0.49590206146240234,0,0.2487,29,5,0,1734,0,0.0,256,1
4.274761691689491,-7.924999999999982,0,-126.79999999999971,0,16,114,subsidiary_stock_comp,0.4415762821833293,0,0.2475,32,5,0,1734,0,0.0,384,2
4.617258105427027,-7.924999999999981,0,-126.7999999999997,0,16,114,subsidiary_stock_comp,0.33285650610923767,0,0.2463,38,5,0,1734,0,0.0,512,3
4.557872313074768,-8.23749999999998,0,-131.79999999999967,0,16,119,subsidiary_stock_comp,0.3980597257614136,0,0.245,33,5,0,1734,0,0.0,640,4
4.523381674662232,-8.29999999999998,0,-132.79999999999967,0,16,120,subsidiary_stock_comp,0.5357827345530192,0,0.2438,27,5,0,1734,0,0.0,768,5
4.805611921474338,-8.299999999999981,0,-132.7999999999997,0,16,120,subsidiary_stock_comp,0.500590572754542,0,0.2426,30,5,0,1734,0,0.0,896,6
4.904850427061319,-8.67499999999998,0,-138.79999999999967,0,16,126,subsidiary_stock_comp,0.444835106531779,0,0.2414,30,5,0,1734,0,0.0,1024,7
4.767126899212599,-8.54999999999998,0,-136.79999999999967,0,16,124,subsidiary_stock_comp,0.45004791021347046,0,0.2402,34,5,0,1734,0,0.0,1152,8
4.74391945451498,-8.61249999999998,0,-137.79999999999967,0,16,125,subsidiary_stock_comp,0.466244101524353,0,0.239,30,5,0,1734,0,0.0,1280,9
4.61717795021832,-8.61249999999998,0,-137.79999999999967,0,16,125,subsidiary_stock_comp,0.41106364130973816,0,0.2378,29,5,0,1734,0,0.0,1408,10
4.990337213501334,-8.61249999999998,0,-137.79999999999967,0,16,125,subsidiary_stock_comp,0.46160004536310834,0,0.2366,21,5,0,1734,0,0.0,1536,11
5.213530778884888,-8.67499999999998,0,-138.79999999999967,0,16,126,subsidiary_stock_comp,0.4140729407469432,0,0.2354,28,5,0,1734,0,0.0,1664,12
5.4218380860984325,-8.48749999999998,0,-135.79999999999967,0,16,123,subsidiary_stock_comp,0.45458237330118817,0,0.2342,40,5,0,1734,0,0.0,1792,13
5.246450141072273,-8.424999999999981,0,-134.7999999999997,0,16,122,subsidiary_stock_comp,0.44581257303555805,0,0.2331,27,5,0,1734,0,0.0,1920,14
5.1566803604364395,-8.174999999999981,0,-130.7999999999997,0,16,118,subsidiary_stock_comp,0.3235900402069092,0,0.2319,26,5,0,1734,0,0.0,2048,15
5.178236147388816,-8.23749999999998,0,-131.79999999999967,0,16,119,subsidiary_stock_comp,0.38533130288124084,0,0.2307,43,5,0,1734,0,0.0,2176,16
4.910756729543209,-7.987499999999982,0,-127.79999999999971,0,16,115,subsidiary_stock_comp,0.3678200642267863,0,0.2296,28,5,0,1734,0,0.0,2304,17
4.888390580192208,-8.112499999999981,0,-129.7999999999997,0,16,117,subsidiary_stock_comp,0.3300156195958455,0,0.2284,37,5,0,1734,0,0.0,2432,18
5.053057117387652,-7.924999999999981,0,-126.7999999999997,0,16,114,subsidiary_stock_comp,0.3542274236679077,0,0.2273,26,5,0,1734,0,0.0,2560,19
4.836633983999491,-7.737499999999981,0,-123.7999999999997,0,16,111,subsidiary_stock_comp,0.34822983543078107,0,0.2262,32,5,0,1734,0,0.0,2688,20
4.713666334748268,-7.424999999999983,0,-118.79999999999973,0,16,106,subsidiary_stock_comp,0.2791506548722585,0,0.225,25,5,0,1734,0,0.0,2816,21
4.548564854077995,-6.86218434343433,1,-109.79494949494928,0,16,97,subsidiary_stock_comp,0.09836030006408691,0,0.2239,21,5,0,1734,0,0.0,2944,22
4.273735100403428,-7.112499999999986,0,-113.79999999999977,0,16,101,subsidiary_stock_comp,0.13015487293402353,0,0.2228,29,5,0,1734,0,0.0,3072,23
4.462009741924703,-6.7374999999999865,0,-107.79999999999978,0,16,95,subsidiary_stock_comp,0.18545609215895334,0,0.2217,23,5,0,1734,0,0.0,3200,24
4.499095777049661,-6.862499999999984,0,-109.79999999999974,0,16,97,subsidiary_stock_comp,0.10709664722283681,0,0.2206,24,5,0,1734,0,0.0,3328,25
4.609783096238971,-6.7999999999999865,0,-108.79999999999978,0,16,96,subsidiary_stock_comp,0.11062051852544148,0,0.2195,32,5,0,1734,0,0.0,3456,26
4.44733052700758,-6.737499999999986,0,-107.79999999999977,0,16,95,subsidiary_stock_comp,0.17104636629422507,0,0.2184,25,5,0,1734,0,0.0,3584,27
4.436078699305654,-6.9874999999999865,0,-111.79999999999978,0,16,99,subsidiary_stock_comp,0.22640017668406168,0,0.2173,32,5,0,1734,0,0.0,3712,28
4.31518024392426,-6.9249999999999865,0,-110.79999999999978,0,16,98,subsidiary_stock_comp,0.13355319698651633,0,0.2162,20,5,0,1734,0,0.0,3840,29
4.7866097670048475,-7.299999999999984,0,-116.79999999999974,0,16,104,subsidiary_stock_comp,0.23529760042826334,0,0.2151,41,5,0,1734,0,0.0,3968,30
4.5070890923962,-6.7999999999999865,0,-108.79999999999978,0,16,96,subsidiary_stock_comp,0.23405822118123373,0,0.214,34,5,0,1734,0,0.0,4096,31
4.604150364175439,-7.112499999999984,0,-113.79999999999974,0,16,101,subsidiary_stock_comp,0.2502117107311885,0,0.213,34,5,0,1734,0,0.0,4224,32
4.1504160547629,-6.73718434343433,1,-107.79494949494928,0,16,95,subsidiary_stock_comp,0.11982905864715576,0,0.2119,23,5,0,1734,0,0.0,4352,33
4.128799442201853,-6.674999999999987,0,-106.7999999999998,0,16,94,subsidiary_stock_comp,0.10738824804623921,0,0.2108,27,5,0,1734,0,0.0,4480,34
4.065579059533775,-5.424684343434339,1,-86.79494949494942,0,16,74,subsidiary_stock_comp,-0.005050172408421834,0,0.2098,21,5,0,1734,0,0.0,4608,35
3.971536763012409,-5.361868686868679,1,-85.78989898989886,0,16,73,subsidiary_stock_comp,0.019122526049613953,0,0.2087,29,5,0,1734,0,0.0,4736,36
3.728767516091466,-4.675,0,-74.8,0,16,62,subsidiary_stock_comp,0.09781830509503682,0,0.2077,20,5,0,1734,0,0.0,4864,37
3.8838508753106,-5.112499999999996,0,-81.79999999999994,0,16,69,subsidiary_stock_comp,-0.017609015107154846,0,0.2066,24,5,0,1734,0,0.0,4992,38
3.5414142021909356,-4.7375,0,-75.8,0,16,63,subsidiary_stock_comp,0.0802098015944163,0,0.2056,27,5,0,1734,0,0.0,5120,39
3.5088908495381474,-4.549684343434346,1,-72.79494949494953,0,16,60,subsidiary_stock_comp,0.11527412136395772,0,0.2046,29,5,0,1734,0,0.0,5248,40
3.2596097085624933,-3.9875000000000083,0,-63.80000000000013,0,16,51,subsidiary_stock_comp,-0.009860855837663015,0,0.2036,19,5,0,1734,0,0.0,5376,41
3.0845196107402444,-3.300000000000007,0,-52.80000000000011,0,16,40,subsidiary_stock_comp,-0.038641758263111115,0,0.2025,14,5,0,1734,0,0.0,5504,42
3.086328043602407,-3.2375000000000065,0,-51.800000000000104,0,16,39,subsidiary_stock_comp,0.0017095853885014851,0,0.2015,23,5,0,1734,0,0.0,5632,43
2.891264697536826,-3.175000000000007,0,-50.80000000000011,0,16,38,subsidiary_stock_comp,0.025710314512252808,0,0.2005,26,5,0,1734,0,0.0,5760,44
2.7939331606030464,-2.8625000000000065,0,-45.800000000000104,0,16,33,subsidiary_stock_comp,0.021933212876319885,0,0.1995,28,5,0,1734,0,0.0,5888,45
2.7941960776224732,-2.925000000000007,0,-46.80000000000011,0,16,34,subsidiary_stock_comp,-0.04126949608325958,0,0.1985,26,5,0,1734,0,0.0,6016,46
2.446040252223611,-2.8625000000000056,0,-45.80000000000009,0,16,33,subsidiary_stock_comp,0.013820797204971313,0,0.1975,25,5,0,1734,0,0.0,6144,47
2.2177849486470222,-2.6746843434343486,1,-42.79494949494958,0,16,30,subsidiary_stock_comp,-0.006878703832626343,0,0.1965,25,5,0,1734,0,0.0,6272,48
2.034949926659465,-2.5500000000000065,0,-40.800000000000104,0,16,28,subsidiary_stock_comp,0.00597318634390831,0,0.1956,25,5,0,1734,0,0.0,6400,49
1.8349614045582712,-2.3625000000000047,0,-37.800000000000075,0,16,25,subsidiary_stock_comp,-0.01554575189948082,0,0.1946,20,5,0,1734,0,0.0,6528,50
1.8082057293504477,-2.362500000000006,0,-37.8000000000001,0,16,25,subsidiary_stock_comp,-0.009974014014005661,0,0.1936,18,5,0,1734,0,0.0,6656,51
1.9338376629166305,-2.549684343434348,1,-40.79494949494957,0,16,28,subsidiary_stock_comp,0.006408485273520152,0,0.1926,21,5,0,1734,0,0.0,6784,52
2.1637703888118267,-2.675000000000005,0,-42.80000000000008,0,16,30,subsidiary_stock_comp,-0.009842763344446817,0,0.1917,25,5,0,1734,0,0.0,6912,53
1.8847071789205074,-2.2375000000000047,0,-35.800000000000075,0,16,23,subsidiary_stock_comp,-0.03248359759648641,0,0.1907,21,5,0,1734,0,0.0,7040,54
2.0924939401447773,-2.67468434343435,1,-42.7949494949496,0,16,30,subsidiary_stock_comp,-0.02145439510544141,0,0.1898,30,5,0,1734,0,0.0,7168,55
2.380917458795011,-3.0500000000000083,0,-48.80000000000013,0,16,36,subsidiary_stock_comp,0.054512997468312584,0,0.1888,27,5,0,1734,0,0.0,7296,56
2.3621853380464017,-2.612500000000005,0,-41.80000000000008,0,16,29,subsidiary_stock_comp,-0.03690279026826223,0,0.1879,24,5,0,1734,0,0.0,7424,57
2.136380983516574,-2.3625000000000056,0,-37.80000000000009,0,16,25,subsidiary_stock_comp,-0.04254825537403425,0,0.1869,16,5,0,1734,0,0.0,7552,58
2.2743748161010444,-2.4250000000000056,0,-38.80000000000009,0,16,26,subsidiary_stock_comp,-0.023750394582748413,0,0.186,18,5,0,1734,0,0.0,7680,59
2.2139259139075875,-2.487500000000005,0,-39.80000000000008,0,16,27,subsidiary_stock_comp,-0.0027475704749425254,0,0.1851,19,5,0,1734,0,0.0,7808,60
2.529623445123434,-2.800000000000008,0,-44.800000000000125,0,16,32,subsidiary_stock_comp,0.02465398609638214,0,0.1841,23,5,0,1734,0,0.0,7936,61
2.234714088961482,-2.2375000000000056,0,-35.80000000000009,0,16,23,subsidiary_stock_comp,-0.03125453492005666,0,0.1832,19,5,0,1734,0,0.0,8064,62
2.2957502342760563,-2.425000000000005,0,-38.80000000000008,0,16,26,subsidiary_stock_comp,-0.042470729599396385,0,0.1823,21,5,0,1734,0,0.0,8192,63
2.1314892773516476,-2.362500000000006,0,-37.8000000000001,0,16,25,subsidiary_stock_comp,-0.030381524314483006,0,0.1814,19,5,0,1734,0,0.0,8320,64
2.4125555343925953,-2.92468434343435,1,-46.7949494949496,0,16,34,subsidiary_stock_comp,0.03935698916514715,0,0.1805,28,5,0,1734,0,0.0,8448,65
2.0313728605397046,-2.4875000000000056,0,-39.80000000000009,0,16,27,subsidiary_stock_comp,0.03692312786976496,0,0.1796,23,5,0,1734,0,0.0,8576,66
2.1338456734083593,-2.612500000000006,0,-41.8000000000001,0,16,29,subsidiary_stock_comp,0.07325145974755287,0,0.1787,25,5,0,1734,0,0.0,8704,67
2.02012024121359,-2.362500000000006,0,-37.8000000000001,0,16,25,subsidiary_stock_comp,0.006830934435129166,0,0.1778,20,5,0,1734,0,0.0,8832,68
2.2491333801299334,-2.6750000000000056,0,-42.80000000000009,0,16,30,subsidiary_stock_comp,0.0061653902133305865,0,0.1769,24,5,0,1734,0,0.0,8960,69
2.053382786922157,-2.362500000000005,0,-37.80000000000008,0,16,25,subsidiary_stock_comp,-0.012484466036160788,0,0.176,20,5,0,1734,0,0.0,9088,70
1.8412502110004425,-2.3000000000000047,0,-36.800000000000075,0,16,24,subsidiary_stock_comp,-0.040485272804896034,0,0.1751,20,5,0,1734,0,0.0,9216,71
1.8000988829880953,-2.237500000000006,0,-35.8000000000001,0,16,23,subsidiary_stock_comp,-0.04296542207400004,0,0.1743,19,5,0,1734,0,0.0,9344,72
2.0616818387061357,-2.3625000000000065,0,-37.800000000000104,0,16,25,subsidiary_stock_comp,-0.005119385818640391,0,0.1734,21,5,0,1734,0,0.0,9472,73
2.00175990909338,-2.300000000000005,0,-36.80000000000008,0,16,24,subsidiary_stock_comp,-0.030539803206920624,0,0.1725,22,5,0,1734,0,0.0,9600,74
2.153352715075016,-2.5500000000000065,0,-40.800000000000104,0,16,28,subsidiary_stock_comp,-0.018281791359186172,0,0.1717,24,5,0,1734,0,0.0,9728,75
2.063074396457523,-2.675000000000008,0,-42.800000000000125,0,16,30,subsidiary_stock_comp,0.004923414438962936,0,0.1708,29,5,0,1734,0,0.0,9856,76
2.0802996926940978,-2.612500000000006,0,-41.8000000000001,0,16,29,subsidiary_stock_comp,0.20822025835514069,0,0.1699,24,5,0,1734,0,0.0,9984,77
1.887846557656303,-2.362500000000005,0,-37.80000000000008,0,16,25,subsidiary_stock_comp,0.07586181908845901,0,0.1691,21,5,0,1734,0,0.0,10112,78
1.5958615252748132,-2.237500000000006,0,-35.8000000000001,0,16,23,subsidiary_stock_comp,0.03571482499440511,0,0.1683,17,5,0,1734,0,0.0,10240,79
1.77753451699391,-2.425000000000006,0,-38.8000000000001,0,16,26,subsidiary_stock_comp,0.05876720820864042,0,0.1674,21,5,0,1734,0,0.0,10368,80
1.8750474974513054,-2.4875000000000065,0,-39.800000000000104,0,16,27,subsidiary_stock_comp,0.007203442354996999,0,0.1666,25,5,0,1734,0,0.0,10496,81
1.6477527497336268,-2.4250000000000056,0,-38.80000000000009,0,16,26,subsidiary_stock_comp,0.030860107392072678,0,0.1657,21,5,0,1734,0,0.0,10624,82
2.102361523080617,-2.8625000000000074,0,-45.80000000000012,0,16,33,subsidiary_stock_comp,0.009206422915061315,0,0.1649,28,5,0,1734,0,0.0,10752,83
1.9463222618214786,-2.550000000000005,0,-40.80000000000008,0,16,28,subsidiary_stock_comp,0.010374203324317932,0,0.1641,24,5,0,1734,0,0.0,10880,84
1.6878431793302298,-2.425000000000005,0,-38.80000000000008,0,16,26,subsidiary_stock_comp,0.008389972150325775,0,0.1633,19,5,0,1734,0,0.0,11008,85
1.4892283622175455,-2.175000000000005,0,-34.80000000000008,0,16,22,subsidiary_stock_comp,-0.001903143400947253,0,0.1625,17,5,0,1734,0,0.0,11136,86
1.3167544580064714,-2.2375000000000056,0,-35.80000000000009,0,16,23,subsidiary_stock_comp,0.026193148146073025,0,0.1616,16,5,0,1734,0,0.0,11264,87
1.1962497208733112,-2.237500000000005,0,-35.80000000000008,0,16,23,subsidiary_stock_comp,0.04401584528386593,0,0.1608,17,5,0,1734,0,0.0,11392,88
1.238682750146836,-2.237500000000005,0,-35.80000000000008,0,16,23,subsidiary_stock_comp,0.06776079038778941,0,0.16,19,5,0,1734,0,0.0,11520,89
1.1826520571485162,-2.2375000000000056,0,-35.80000000000009,0,16,23,subsidiary_stock_comp,0.0861908346414566,0,0.1592,16,5,0,1734,0,0.0,11648,90
1.4328565475298092,-2.5500000000000065,0,-40.800000000000104,0,16,28,subsidiary_stock_comp,0.0416256207972765,0,0.1584,22,5,0,1734,0,0.0,11776,91
1.6423030360601842,-2.862500000000008,0,-45.800000000000125,0,16,33,subsidiary_stock_comp,0.033494288101792336,0,0.1576,31,5,0,1734,0,0.0,11904,92
1.2409092544112355,-2.237500000000005,0,-35.80000000000008,0,16,23,subsidiary_stock_comp,0.021690516422192257,0,0.1569,19,5,0,1734,0,0.0,12032,93
1.3224324947223067,-2.425000000000006,0,-38.8000000000001,0,16,26,subsidiary_stock_comp,0.02193613164126873,0,0.1561,23,5,0,1734,0,0.0,12160,94
1.4468282414600253,-2.237500000000006,0,-35.8000000000001,0,16,23,subsidiary_stock_comp,0.022599219034115475,0,0.1553,21,5,0,1734,0,0.0,12288,95
1.4304424251895398,-2.4250000000000056,0,-38.80000000000009,0,16,26,subsidiary_stock_comp,0.008742516860365868,0,0.1545,23,5,0,1734,0,0.0,12416,96
1.632536691147834,-2.675000000000006,0,-42.8000000000001,0,16,30,subsidiary_stock_comp,0.11358405401309331,0,0.1537,28,5,0,1734,0,0.0,12544,97
1.4098902139812708,-2.4250000000000056,0,-38.80000000000009,0,16,26,subsidiary_stock_comp,0.2980709771315257,0,0.153,24,5,0,1734,0,0.0,12672,98
1.1447430909611285,-2.300000000000005,0,-36.80000000000008,0,16,24,subsidiary_stock_comp,0.003519258772333463,0,0.1522,18,5,0,1734,0,0.0,12800,99
3.8840205473825336,-8.79999999999998,0,-140.79999999999967,0,16,128,subsidiary_stock_comp,2.301189680894216,0,0.25,36,6,0,1735,0,0.0,128,0
4.521569795906544,-8.79999999999998,0,-140.79999999999967,0,16,128,subsidiary_stock_comp,0.4713689188162486,0,0.2487,35,6,0,1735,0,0.0,256,1
4.761352736502886,-8.73749999999998,0,-139.79999999999967,0,16,127,subsidiary_stock_comp,0.720589299996694,0,0.2475,35,6,0,1735,0,0.0,384,2
4.942316327244043,-8.73749999999998,0,-139.79999999999967,0,16,127,subsidiary_stock_comp,0.4639995793501536,0,0.2463,30,6,0,1735,0,0.0,512,3
4.992528758943081,-8.79999999999998,0,-140.79999999999967,0,16,128,subsidiary_stock_comp,0.45175087451934814,0,0.245,47,6,0,1735,0,0.0,640,4
4.974997688084841,-8.73749999999998,0,-139.79999999999967,0,16,127,subsidiary_stock_comp,0.4445460836092631,0,0.2438,46,6,0,1735,0,0.0,768,5
4.582632627338171,-8.79999999999998,0,-140.79999999999967,0,16,128,subsidiary_stock_comp,0.4253477255503337,0,0.2426,24,6,0,1735,0,0.0,896,6
4.882186295464635,-8.67499999999998,0,-138.79999999999967,0,16,126,subsidiary_stock_comp,0.5368111332257589,0,0.2414,32,6,0,1735,0,0.0,1024,7
4.616092938929796,-8.73749999999998,0,-139.79999999999967,0,16,127,subsidiary_stock_comp,0.388239324092865,0,0.2402,31,6,0,1735,0,0.0,1152,8
5.05284957960248,-8.79999999999998,0,-140.79999999999967,0,16,128,subsidiary_stock_comp,0.45633890231450397,0,0.239,32,6,0,1735,0,0.0,1280,9
4.723883522674441,-8.73749999999998,0,-139.79999999999967,0,16,127,subsidiary_stock_comp,0.4387337565422058,0,0.2378,28,6,0,1735,0,0.0,1408,10
4.666055712848902,-8.67499999999998,0,-138.79999999999967,0,16,126,subsidiary_stock_comp,0.40509048104286194,0,0.2366,23,6,0,1735,0,0.0,1536,11
5.040891107171774,-8.61249999999998,0,-137.79999999999967,0,16,125,subsidiary_stock_comp,0.40167152881622314,0,0.2354,34,6,0,1735,0,0.0,1664,12
5.387281082570553,-8.67499999999998,0,-138.79999999999967,0,16,126,subsidiary_stock_comp,0.36373476187388104,0,0.2342,31,6,0,1735,0,0.0,1792,13
4.933279696851969,-8.73749999999998,0,-139.79999999999967,0,16,127,subsidiary_stock_comp,0.4638508160909017,0,0.2331,24,6,0,1735,0,0.0,1920,14
4.923303235322237,-8.73749999999998,0,-139.79999999999967,0,16,127,subsidiary_stock_comp,0.48734501997629803,0,0.2319,29,6,0,1735,0,0.0,2048,15
5.322174720466137,-8.73749999999998,0,-139.79999999999967,0,16,127,subsidiary_stock_comp,0.39555200934410095,0,0.2307,29,6,0,1735,0,0.0,2176,16
5.449902530759573,-8.487499999999981,0,-135.7999999999997,0,16,123,subsidiary_stock_comp,0.4868721067905426,0,0.2296,32,6,0,1735,0,0.0,2304,17
5.549945876002312,-8.79999999999998,0,-140.79999999999967,0,16,128,subsidiary_stock_comp,0.40441733598709106,0,0.2284,19,6,0,1735,0,0.0,2432,18
5.334628447890282,-8.79999999999998,0,-140.79999999999967,0,16,128,subsidiary_stock_comp,0.38589439789454144,0,0.2273,36,6,0,1735,0,0.0,2560,19
4.636397060006857,-8.61249999999998,0,-137.79999999999967,0,16,125,subsidiary_stock_comp,0.34333232045173645,0,0.2262,25,6,0,1735,0,0.0,2688,20
5.22528225556016,-8.67499999999998,0,-138.79999999999967,0,16,126,subsidiary_stock_comp,0.45235830545425415,0,0.225,31,6,0,1735,0,0.0,2816,21
5.3859105091542006,-8.67499999999998,0,-138.79999999999967,0,16,126,subsidiary_stock_comp,0.391816904147466,0,0.2239,34,6,0,1735,0,0.0,2944,22
5.30420470610261,-8.67499999999998,0,-138.79999999999967,0,16,126,subsidiary_stock_comp,0.37304360667864483,0,0.2228,25,6,0,1735,0,0.0,3072,23
5.608898866921663,-8.54999999999998,0,-136.79999999999967,0,16,124,subsidiary_stock_comp,0.33349258701006573,0,0.2217,23,6,0,1735,0,0.0,3200,24
5.59635853767395,-8.48749999999998,0,-135.79999999999967,0,16,123,subsidiary_stock_comp,0.3320559859275818,0,0.2206,33,6,0,1735,0,0.0,3328,25
5.206309981644154,-8.48749999999998,0,-135.79999999999967,0,16,123,subsidiary_stock_comp,0.3278367221355438,0,0.2195,24,6,0,1735,0,0.0,3456,26
5.5727368369698524,-8.48749999999998,0,-135.79999999999967,0,16,123,subsidiary_stock_comp,0.3364670177300771,0,0.2184,22,6,0,1735,0,0.0,3584,27
5.256116170436144,-8.61249999999998,0,-137.79999999999967,0,16,125,subsidiary_stock_comp,0.34514768918355304,0,0.2173,24,6,0,1735,0,0.0,3712,28
5.226246230304241,-8.237184343434324,1,-131.79494949494918,0,16,119,subsidiary_stock_comp,0.24852080146471658,0,0.2162,23,6,0,1735,0,0.0,3840,29
5.393330134451389,-8.486868686868666,1,-135.78989898989866,0,16,123,subsidiary_stock_comp,0.3330184419949849,0,0.2151,24,6,0,1735,0,0.0,3968,30
5.080403422936797,-8.549684343434324,1,-136.79494949494918,0,16,124,subsidiary_stock_comp,0.3731825153032939,0,0.214,24,6,0,1735,0,0.0,4096,31
5.599571619182825,-8.67499999999998,0,-138.79999999999967,0,16,126,subsidiary_stock_comp,0.40447259942690533,0,0.213,31,6,0,1735,0,0.0,4224,32
5.332622341811657,-8.67499999999998,0,-138.79999999999967,0,16,126,subsidiary_stock_comp,0.38808031876881915,0,0.2119,21,6,0,1735,0,0.0,4352,33
5.40956986695528,-8.73749999999998,0,-139.79999999999967,0,16,127,subsidiary_stock_comp,0.3725246886412303,0,0.2108,31,6,0,1735,0,0.0,4480,34
5.667070211842656,-8.61249999999998,0,-137.79999999999967,0,16,125,subsidiary_stock_comp,0.2840508719285329,0,0.2098,18,6,0,1735,0,0.0,4608,35
5.804657716304064,-8.54999999999998,0,-136.79999999999967,0,16,124,subsidiary_stock_comp,0.2897399465243022,0,0.2087,28,6,0,1735,0,0.0,4736,36
5.343605916947126,-8.48749999999998,0,-135.79999999999967,0,16,123,subsidiary_stock_comp,0.34699827432632446,0,0.2077,29,6,0,1735,0,0.0,4864,37
5.30321853235364,-8.61249999999998,0,-137.79999999999967,0,16,125,subsidiary_stock_comp,0.359882911046346,0,0.2066,27,6,0,1735,0,0.0,4992,38
5.28027313016355,-8.67499999999998,0,-138.79999999999967,0,16,126,subsidiary_stock_comp,0.40556074182192486,0,0.2056,33,6,0,1735,0,0.0,5120,39
5.189705489203334,-8.67499999999998,0,-138.79999999999967,0,16,126,subsidiary_stock_comp,0.39421578248341876,0,0.2046,28,6,0,1735,0,0.0,5248,40
4.8955667316913605,-8.54999999999998,0,-136.79999999999967,0,16,124,subsidiary_stock_comp,0.3802724579970042,0,0.2036,30,6,0,1735,0,0.0,5376,41
5.141993770375848,-8.67499999999998,0,-138.79999999999967,0,16,126,subsidiary_stock_comp,0.4021153648694356,0,0.2025,31,6,0,1735,0,0.0,5504,42
4.926385333761573,-8.42499999999998,0,-134.79999999999967,0,16,122,subsidiary_stock_comp,0.36143869161605835,0,0.2015,28,6,0,1735,0,0.0,5632,43
5.08751767501235,-8.73749999999998,0,-139.79999999999967,0,16,127,subsidiary_stock_comp,0.41411593556404114,0,0.2005,22,6,0,1735,0,0.0,5760,44
5.257539678364992,-8.67499999999998,0,-138.79999999999967,0,16,126,subsidiary_stock_comp,0.38132912913958233,0,0.1995,23,6,0,1735,0,0.0,5888,45
5.076019674539566,-8.54999999999998,0,-136.79999999999967,0,16,124,subsidiary_stock_comp,0.4073470930258433,0,0.1985,32,6,0,1735,0,0.0,6016,46
5.227924805134535,-8.36249999999998,0,-133.79999999999967,0,16,121,subsidiary_stock_comp,0.3824491997559865,0,0.1975,27,6,0,1735,0,0.0,6144,47
5.124257192015648,-8.61249999999998,0,-137.79999999999967,0,16,125,subsidiary_stock_comp,0.3829971154530843,0,0.1965,25,6,0,1735,0,0.0,6272,48
5.228777881711721,-8.61249999999998,0,-137.79999999999967,0,16,125,subsidiary_stock_comp,0.32628464698791504,0,0.1956,31,6,0,1735,0,0.0,6400,49
4.9908732157200575,-8.61249999999998,0,-137.79999999999967,0,16,125,subsidiary_stock_comp,0.4046158790588379,0,0.1946,26,6,0,1735,0,0.0,6528,50
5.139353880658746,-8.42499999999998,0,-134.79999999999967,0,16,122,subsidiary_stock_comp,0.3497476577758789,0,0.1936,32,6,0,1735,0,0.0,6656,51
5.010578567162156,-8.487499999999981,0,-135.7999999999997,0,16,123,subsidiary_stock_comp,0.3458843429883321,0,0.1926,28,6,0,1735,0,0.0,6784,52
5.18719981610775,-8.54999999999998,0,-136.79999999999967,0,16,124,subsidiary_stock_comp,0.41366255283355713,0,0.1917,32,6,0,1735,0,0.0,6912,53
5.434181395918131,-8.67499999999998,0,-138.79999999999967,0,16,126,subsidiary_stock_comp,0.3693363666534424,0,0.1907,28,6,0,1735,0,0.0,7040,54
5.508657461032271,-8.48749999999998,0,-135.79999999999967,0,16,123,subsidiary_stock_comp,0.3292350272337596,0,0.1898,25,6,0,1735,0,0.0,7168,55
5.791320491582155,-8.54999999999998,0,-136.79999999999967,0,16,124,subsidiary_stock_comp,0.3025294939676921,0,0.1888,21,6,0,1735,0,0.0,7296,56
5.658843103796244,-8.29999999999998,0,-132.79999999999967,0,16,120,subsidiary_stock_comp,0.32475367188453674,0,0.1879,23,6,0,1735,0,0.0,7424,57
5.366209764033556,-7.862499999999981,0,-125.7999999999997,0,16,113,subsidiary_stock_comp,0.3662192424138387,0,0.1869,23,6,0,1735,0,0.0,7552,58
5.539556659758091,-8.299999999999981,0,-132.7999999999997,0,16,120,subsidiary_stock_comp,0.33683298031489056,0,0.186,30,6,0,1735,0,0.0,7680,59
5.559421554207802,-8.362499999999981,0,-133.7999999999997,0,16,121,subsidiary_stock_comp,0.41195504864056903,0,0.1851,26,6,0,1735,0,0.0,7808,60
5.454408574849367,-8.174999999999981,0,-130.7999999999997,0,16,118,subsidiary_stock_comp,0.30520203709602356,0,0.1841,24,6,0,1735,0,0.0,7936,61
5.695953492075205,-7.924999999999982,0,-126.79999999999971,0,16,114,subsidiary_stock_comp,0.37162984410921734,0,0.1832,33,6,0,1735,0,0.0,8064,62
5.294106710702181,-7.799999999999981,0,-124.7999999999997,0,16,112,subsidiary_stock_comp,0.2662763297557831,0,0.1823,26,6,0,1735,0,0.0,8192,63
5.522254744544625,-7.674999999999982,0,-122.79999999999971,0,16,110,subsidiary_stock_comp,0.29255321621894836,0,0.1814,24,6,0,1735,0,0.0,8320,64
5.130059767514467,-7.862499999999981,0,-125.7999999999997,0,16,113,subsidiary_stock_comp,0.28074463208516437,0,0.1805,22,6,0,1735,0,0.0,8448,65
5.120661402121186,-8.11249999999998,0,-129.79999999999967,0,16,117,subsidiary_stock_comp,0.33760882417360943,0,0.1796,23,6,0,1735,0,0.0,8576,66
5.203656516969204,-7.862499999999983,0,-125.79999999999973,0,16,113,subsidiary_stock_comp,0.2008199393749237,0,0.1787,18,6,0,1735,0,0.0,8704,67
5.023590078577399,-7.674999999999982,0,-122.79999999999971,0,16,110,subsidiary_stock_comp,0.2676016887029012,0,0.1778,22,6,0,1735,0,0.0,8832,68
4.493412680923939,-7.924999999999982,0,-126.79999999999971,0,16,114,subsidiary_stock_comp,0.27177434662977856,0,0.1769,23,6,0,1735,0,0.0,8960,69
4.645516514778137,-7.737499999999981,0,-123.7999999999997,0,16,111,subsidiary_stock_comp,0.17349333067735037,0,0.176,21,6,0,1735,0,0.0,9088,70
4.896698633208871,-7.799999999999981,0,-124.7999999999997,0,16,112,subsidiary_stock_comp,0.266050065557162,0,0.1751,34,6,0,1735,0,0.0,9216,71
4.563995538279414,-6.9249999999999865,0,-110.79999999999978,0,16,98,subsidiary_stock_comp,0.12451662123203278,0,0.1743,24,6,0,1735,0,0.0,9344,72
4.534089155495167,-6.612184343434329,1,-105.79494949494926,0,16,93,subsidiary_stock_comp,0.09694477915763855,0,0.1734,20,6,0,1735,0,0.0,9472,73
4.242910657078028,-6.674999999999987,0,-106.7999999999998,0,16,94,subsidiary_stock_comp,0.21767258644104004,0,0.1725,26,6,0,1735,0,0.0,9600,74
4.0413644425570965,-6.549999999999986,0,-104.79999999999977,0,16,92,subsidiary_stock_comp,0.11401752134164174,0,0.1717,20,6,0,1735,0,0.0,9728,75
3.7374151311814785,-5.799999999999993,0,-92.79999999999988,0,16,80,subsidiary_stock_comp,0.06338453789552052,0,0.1708,14,6,0,1735,0,0.0,9856,76
3.8015031963586807,-5.237499999999997,0,-83.79999999999995,0,16,71,subsidiary_stock_comp,0.04452524582544962,0,0.1699,24,6,0,1735,0,0.0,9984,77
3.710926695726812,-4.924999999999996,0,-78.79999999999994,0,16,66,subsidiary_stock_comp,0.09682042896747589,0,0.1691,28,6,0,1735,0,0.0,10112,78
3.149253435432911,-4.5500000000000025,0,-72.80000000000004,0,16,60,subsidiary_stock_comp,0.0009688089291254679,0,0.1683,20,6,0,1735,0,0.0,10240,79
3.1952543556690216,-3.6750000000000074,0,-58.80000000000012,0,16,46,subsidiary_stock_comp,0.11464654405911763,0,0.1674,24,6,0,1735,0,0.0,10368,80
2.8234436959028244,-3.3000000000000074,0,-52.80000000000012,0,16,40,subsidiary_stock_comp,0.054692876835664116,0,0.1666,20,6,0,1735,0,0.0,10496,81
2.846104052849114,-2.9875000000000074,0,-47.80000000000012,0,16,35,subsidiary_stock_comp,0.09575946132342021,0,0.1657,25,6,0,1735,0,0.0,10624,82
2.3803183529525995,-2.487500000000005,0,-39.80000000000008,0,16,27,subsidiary_stock_comp,0.038879347344239555,0,0.1649,16,6,0,1735,0,0.0,10752,83
2.3847990799695253,-2.8625000000000065,0,-45.800000000000104,0,16,33,subsidiary_stock_comp,0.0678369328379631,0,0.1641,21,6,0,1735,0,0.0,10880,84
2.4224620633758605,-2.9250000000000074,0,-46.80000000000012,0,16,34,subsidiary_stock_comp,0.038111830751101174,0,0.1633,21,6,0,1735,0,0.0,11008,85
2.4445738759823143,-2.6125000000000074,0,-41.80000000000012,0,16,29,subsidiary_stock_comp,0.061776302754879,0,0.1625,26,6,0,1735,0,0.0,11136,86
2.192860806826502,-2.487500000000006,0,-39.8000000000001,0,16,27,subsidiary_stock_comp,0.018099854389826458,0,0.1616,21,6,0,1735,0,0.0,11264,87
2.434859347064048,-3.050000000000007,0,-48.80000000000011,0,16,36,subsidiary_stock_comp,0.029649545749028523,0,0.1608,30,6,0,1735,0,0.0,11392,88
2.258215529844165,-2.612500000000005,0,-41.80000000000008,0,16,29,subsidiary_stock_comp,0.04852439959843954,0,0.16,22,6,0,1735,0,0.0,11520,89
2.2662416361272335,-2.675000000000007,0,-42.80000000000011,0,16,30,subsidiary_stock_comp,-0.007107667624950409,0,0.1592,21,6,0,1735,0,0.0,11648,90
2.1025703018531203,-2.300000000000005,0,-36.80000000000008,0,16,24,subsidiary_stock_comp,-0.02045500899354617,0,0.1584,19,6,0,1735,0,0.0,11776,91
2.121976061258465,-2.487500000000006,0,-39.8000000000001,0,16,27,subsidiary_stock_comp,-0.025126853336890537,0,0.1576,17,6,0,1735,0,0.0,11904,92
2.0848637339659035,-2.487500000000005,0,-39.80000000000008,0,16,27,subsidiary_stock_comp,-0.010453636447588602,0,0.1569,19,6,0,1735,0,0.0,12032,93
2.3973709126003087,-2.550000000000007,0,-40.80000000000011,0,16,28,subsidiary_stock_comp,-0.03903405616680781,0,0.1561,22,6,0,1735,0,0.0,12160,94
2.2232524105347693,-2.550000000000006,0,-40.8000000000001,0,16,28,subsidiary_stock_comp,-0.021651536226272583,0,0.1553,22,6,0,1735,0,0.0,12288,95
2.366708043962717,-2.675000000000006,0,-42.8000000000001,0,16,30,subsidiary_stock_comp,-0.011513313899437586,0,0.1545,27,6,0,1735,0,0.0,12416,96
2.22576044825837,-2.487500000000006,0,-39.8000000000001,0,16,27,subsidiary_stock_comp,0.018806857367356617,0,0.1537,24,6,0,1735,0,0.0,12544,97
2.130378322675824,-2.3000000000000043,0,-36.80000000000007,0,16,24,subsidiary_stock_comp,-0.0392171194156011,0,0.153,19,6,0,1735,0,0.0,12672,98
1.7921118261292577,-2.112500000000005,0,-33.80000000000008,0,16,21,subsidiary_stock_comp,-0.06170345718661944,0,0.1522,13,6,0,1735,0,0.0,12800,99
3.526774261146784,-8.73749999999998,0,-139.79999999999967,0,16,127,subsidiary_stock_comp,0.7113223274548849,0,0.25,31,7,0,1736,0,0.0,128,0
3.4836282059550285,-8.73749999999998,0,-139.79999999999967,0,16,127,subsidiary_stock_comp,0.5816264549891154,0,0.2487,29,7,0,1736,0,0.0,256,1
3.5494147380813956,-8.79999999999998,0,-140.79999999999967,0,16,128,subsidiary_stock_comp,0.5593845049540201,0,0.2475,31,7,0,1736,0,0.0,384,2
3.739024127833545,-8.79999999999998,0,-140.79999999999967,0,16,128,subsidiary_stock_comp,0.5470180114110311,0,0.2463,22,7,0,1736,0,0.0,512,3
3.766061852686107,-8.36249999999998,0,-133.79999999999967,0,16,121,subsidiary_stock_comp,0.42322006821632385,0,0.245,32,7,0,1736,0,0.0,640,4
3.937925199046731,-8.73749999999998,0,-139.79999999999967,0,16,127,subsidiary_stock_comp,0.49037930369377136,0,0.2438,26,7,0,1736,0,0.0,768,5
3.8839973909780383,-8.61249999999998,0,-137.79999999999967,0,16,125,subsidiary_stock_comp,0.6396393974622091,0,0.2426,30,7,0,1736,0,0.0,896,6
4.4899916257709265,-8.54999999999998,0,-136.79999999999967,0,16,124,subsidiary_stock_comp,0.4843071699142456,0,0.2414,27,7,0,1736,0,0.0,1024,7
4.360417861491442,-8.174999999999981,0,-130.7999999999997,0,16,118,subsidiary_stock_comp,0.463585764169693,0,0.2402,31,7,0,1736,0,0.0,1152,8
4.821090709418058,-7.980871212121193,21,-127.69393939393909,0,16,115,subsidiary_stock_comp,0.91962069272995,1,0.239,29,7,0,1736,0,0.0,1280,9
5.209186755120754,-8.486868686868666,1,-135.78989898989866,0,16,123,subsidiary_stock_comp,0.43400363127390545,0,0.2378,31,7,0,1736,0,0.0,1408,10
4.8554766699671745,-8.361868686868666,1,-133.78989898989866,0,16,121,subsidiary_stock_comp,0.4877983132998149,0,0.2366,36,7,0,1736,0,0.0,1536,11
4.534644149243832,-8.23655303030301,2,-131.78484848484817,0,16,119,subsidiary_stock_comp,0.42101770639419556,0,0.2354,30,7,0,1736,0,0.0,1664,12
4.743786450475454,-8.361237373737355,2,-133.77979797979768,0,16,121,subsidiary_stock_comp,0.37660221258799237,0,0.2342,30,7,0,1736,0,0.0,1792,13
4.541267897002399,-8.423737373737353,1,-134.77979797979765,0,16,122,subsidiary_stock_comp,0.42836809158325195,0,0.2331,23,7,0,1736,0,0.0,1920,14
4.697850478813052,-8.298737373737353,1,-132.77979797979765,0,16,120,subsidiary_stock_comp,0.3424682120482127,0,0.2319,24,7,0,1736,0,0.0,2048,15
4.846410008147359,-8.174684343434324,1,-130.79494949494918,0,16,118,subsidiary_stock_comp,0.5792958537737528,0,0.2307,31,7,0,1736,0,0.0,2176,16
4.814766839146614,-7.923106060606041,1,-126.76969696969665,0,16,114,subsidiary_stock_comp,0.3144380251566569,0,0.2296,24,7,0,1736,0,0.0,2304,17
4.778202718123794,-7.987184343434325,1,-127.7949494949492,0,16,115,subsidiary_stock_comp,0.43208856383959454,0,0.2284,30,7,0,1736,0,0.0,2432,18
4.9906451143324375,-7.423421717171698,1,-118.77474747474717,0,16,106,subsidiary_stock_comp,0.7270551919937134,0,0.2273,33,7,0,1736,0,0.0,2560,19
4.487550649791956,-7.862184343434326,1,-125.79494949494922,0,16,113,subsidiary_stock_comp,0.31555941700935364,0,0.2262,28,7,0,1736,0,0.0,2688,20
4.403610983863473,-7.79936868686867,1,-124.78989898989872,0,16,112,subsidiary_stock_comp,0.36482808987299603,0,0.225,32,7,0,1736,0,0.0,2816,21
4.474580200389028,-7.480555555555538,21,-119.68888888888861,0,16,107,subsidiary_stock_comp,0.32739825050036114,1,0.2239,25,7,0,1736,0,0.0,2944,22
4.383673241361976,-7.737499999999983,0,-123.79999999999973,0,16,111,subsidiary_stock_comp,0.2862810293833415,0,0.2228,26,7,0,1736,0,0.0,3072,23
4.560365296900272,-7.299999999999984,0,-116.79999999999974,0,16,104,subsidiary_stock_comp,0.18688378234704336,0,0.2217,31,7,0,1736,0,0.0,3200,24
4.559507094323635,-6.862499999999986,0,-109.79999999999977,0,16,97,subsidiary_stock_comp,0.2667474051316579,0,0.2206,20,7,0,1736,0,0.0,3328,25
4.568534359335899,-7.487499999999983,0,-119.79999999999973,0,16,107,subsidiary_stock_comp,0.2932608226935069,0,0.2195,29,7,0,1736,0,0.0,3456,26
4.407254088670015,-7.299368686868671,1,-116.78989898989873,0,16,104,subsidiary_stock_comp,0.2022495617469152,0,0.2184,22,7,0,1736,0,0.0,3584,27
4.299095328897238,-7.549999999999983,0,-120.79999999999973,0,16,108,subsidiary_stock_comp,0.18226703008015951,0,0.2173,23,7,0,1736,0,0.0,3712,28
4.4998786225914955,-7.424684343434327,1,-118.79494949494924,0,16,106,subsidiary_stock_comp,0.21172701319058737,0,0.2162,26,7,0,1736,0,0.0,3840,29
4.095923973247409,-7.29936868686867,1,-116.78989898989872,0,16,104,subsidiary_stock_comp,0.2407544950644175,0,0.2151,31,7,0,1736,0,0.0,3968,30
4.0517557775601745,-6.736237373737358,1,-107.77979797979773,0,16,95,subsidiary_stock_comp,0.15762429932753244,0,0.214,28,7,0,1736,0,0.0,4096,31
3.90831046551466,-6.1740530303030186,1,-98.7848484848483,0,16,86,subsidiary_stock_comp,0.06236570576826731,0,0.213,21,7,0,1736,0,0.0,4224,32
4.273504080250859,-6.423421717171705,2,-102.77474747474729,0,16,90,subsidiary_stock_comp,0.44784461458524066,0,0.2119,34,7,0,1736,0,0.0,4352,33
3.9009047485888004,-6.611553030303016,1,-105.78484848484825,0,16,93,subsidiary_stock_comp,0.21975148717562357,0,0.2108,25,7,0,1736,0,0.0,4480,34
3.934724807739258,-5.798106060606052,2,-92.76969696969684,0,16,80,subsidiary_stock_comp,0.0827243576447169,0,0.2098,18,7,0,1736,0,0.0,4608,35
3.705179652199149,-4.7362373737373735,2,-75.77979797979798,0,16,63,subsidiary_stock_comp,0.06672844290733337,0,0.2087,30,7,0,1736,0,0.0,4736,36
3.318141863681376,-4.361237373737378,1,-69.77979797979805,0,16,57,subsidiary_stock_comp,0.12317766745885213,0,0.2077,25,7,0,1736,0,0.0,4864,37
2.8112716199830174,-3.799368686868695,1,-60.78989898989912,0,16,48,subsidiary_stock_comp,0.08069928487141927,0,0.2066,33,7,0,1736,0,0.0,4992,38
2.3303572917357087,-3.111868686868694,1,-49.7898989898991,0,16,37,subsidiary_stock_comp,0.041182068487008415,0,0.2056,26,7,0,1736,0,0.0,5120,39
1.9450891986489296,-2.675000000000006,0,-42.8000000000001,0,16,30,subsidiary_stock_comp,0.0932832583785057,0,0.2046,22,7,0,1736,0,0.0,5248,40
1.5341937295161188,-2.237500000000005,0,-35.80000000000008,0,16,23,subsidiary_stock_comp,0.09245295698444049,0,0.2036,17,7,0,1736,0,0.0,5376,41
1.9081574697047472,-2.8000000000000047,0,-44.800000000000075,0,16,32,subsidiary_stock_comp,0.07563167065382004,0,0.2025,28,7,0,1736,0,0.0,5504,42
2.0009508095681667,-2.987500000000007,0,-47.80000000000011,0,16,35,subsidiary_stock_comp,0.13486277560393015,0,0.2015,30,7,0,1736,0,0.0,5632,43
2.121013782452792,-3.1750000000000074,0,-50.80000000000012,0,16,38,subsidiary_stock_comp,0.062204744666814804,0,0.2005,29,7,0,1736,0,0.0,5760,44
1.9055421808734536,-2.425000000000006,0,-38.8000000000001,0,16,26,subsidiary_stock_comp,0.22858516623576483,0,0.1995,22,7,0,1736,0,0.0,5888,45
2.0171588957309723,-2.8000000000000074,0,-44.80000000000012,0,16,32,subsidiary_stock_comp,0.22317629804213843,0,0.1985,29,7,0,1736,0,0.0,6016,46
2.007218803279102,-2.6125000000000074,0,-41.80000000000012,0,16,29,subsidiary_stock_comp,0.00956005851427714,0,0.1975,26,7,0,1736,0,0.0,6144,47
2.094027728307992,-3.112500000000006,0,-49.8000000000001,0,16,37,subsidiary_stock_comp,-0.005173643430074056,0,0.1965,30,7,0,1736,0,0.0,6272,48
1.8787318440154195,-2.612500000000005,0,-41.80000000000008,0,16,29,subsidiary_stock_comp,0.012493009368578592,0,0.1956,24,7,0,1736,0,0.0,6400,49
2.3057805043645203,-2.9875000000000074,0,-47.80000000000012,0,16,35,subsidiary_stock_comp,0.02202961842219035,0,0.1946,33,7,0,1736,0,0.0,6528,50
1.6951808091253042,-2.737500000000006,0,-43.8000000000001,0,16,31,subsidiary_stock_comp,0.049258956064780555,0,0.1936,26,7,0,1736,0,0.0,6656,51
1.8692233567126095,-2.675000000000007,0,-42.80000000000011,0,16,30,subsidiary_stock_comp,0.10497095435857773,0,0.1926,26,7,0,1736,0,0.0,6784,52
1.694857170805335,-2.6750000000000056,0,-42.80000000000009,0,16,30,subsidiary_stock_comp,0.12615716209014258,0,0.1917,25,7,0,1736,0,0.0,6912,53
1.6594435363076627,-2.487500000000006,0,-39.8000000000001,0,16,27,subsidiary_stock_comp,0.09930723160505295,0,0.1907,23,7,0,1736,0,0.0,7040,54
1.6235981676727533,-2.612500000000007,0,-41.80000000000011,0,16,29,subsidiary_stock_comp,0.04458483060201009,0,0.1898,25,7,0,1736,0,0.0,7168,55
1.9709874764084816,-2.6125000000000056,0,-41.80000000000009,0,16,29,subsidiary_stock_comp,-0.00592501958211263,0,0.1888,26,7,0,1736,0,0.0,7296,56
2.1772008244879544,-2.925000000000007,0,-46.80000000000011,0,16,34,subsidiary_stock_comp,0.022061434884866078,0,0.1879,31,7,0,1736,0,0.0,7424,57
1.9659888190217316,-2.487500000000006,0,-39.8000000000001,0,16,27,subsidiary_stock_comp,-0.009795087079207102,0,0.1869,24,7,0,1736,0,0.0,7552,58
1.6909259627573192,-2.4250000000000056,0,-38.80000000000009,0,16,26,subsidiary_stock_comp,-0.023283667862415314,0,0.186,21,7,0,1736,0,0.0,7680,59
1.8843880868516862,-2.612500000000006,0,-41.8000000000001,0,16,29,subsidiary_stock_comp,0.021940565357605617,0,0.1851,25,7,0,1736,0,0.0,7808,60
1.7391346669755876,-2.487500000000005,0,-39.80000000000008,0,16,27,subsidiary_stock_comp,-0.004274761925141017,0,0.1841,21,7,0,1736,0,0.0,7936,61
2.2104716105386615,-2.925000000000007,0,-46.80000000000011,0,16,34,subsidiary_stock_comp,0.021042050172885258,0,0.1832,33,7,0,1736,0,0.0,8064,62
1.9150459133088589,-2.5500000000000047,0,-40.800000000000075,0,16,28,subsidiary_stock_comp,0.003915657599767049,0,0.1823,25,7,0,1736,0,0.0,8192,63
1.9921458619646728,-2.425000000000006,0,-38.8000000000001,0,16,26,subsidiary_stock_comp,-0.00019702066977818808,0,0.1814,25,7,0,1736,0,0.0,8320,64
1.9403025414794683,-2.6750000000000065,0,-42.800000000000104,0,16,30,subsidiary_stock_comp,0.003170302758614222,0,0.1805,24,7,0,1736,0,0.0,8448,65
2.0128220743499696,-2.487500000000005,0,-39.80000000000008,0,16,27,subsidiary_stock_comp,0.023972890029350918,0,0.1796,25,7,0,1736,0,0.0,8576,66
1.7916577304713428,-2.487500000000006,0,-39.8000000000001,0,16,27,subsidiary_stock_comp,-0.012356553226709366,0,0.1787,23,7,0,1736,0,0.0,8704,67
1.6422176454216242,-2.362500000000006,0,-37.8000000000001,0,16,25,subsidiary_stock_comp,-0.03325189525882403,0,0.1778,18,7,0,1736,0,0.0,8832,68
2.0159807056188583,-3.112500000000006,0,-49.8000000000001,0,16,37,subsidiary_stock_comp,0.019920351604620617,0,0.1769,34,7,0,1736,0,0.0,8960,69
1.3029123120941222,-2.1750000000000047,0,-34.800000000000075,0,16,22,subsidiary_stock_comp,0.020146151383717854,0,0.176,13,7,0,1736,0,0.0,9088,70
1.9174891710281372,-2.5500000000000056,0,-40.80000000000009,0,16,28,subsidiary_stock_comp,0.001957570513089498,0,0.1751,25,7,0,1736,0,0.0,9216,71
1.5863376199267805,-2.3000000000000047,0,-36.800000000000075,0,16,24,subsidiary_stock_comp,0.04445936903357506,0,0.1743,21,7,0,1736,0,0.0,9344,72
1.730285783763975,-2.362500000000005,0,-37.80000000000008,0,16,25,subsidiary_stock_comp,0.03989752009510994,0,0.1734,22,7,0,1736,0,0.0,9472,73
1.6279648593626916,-2.4250000000000056,0,-38.80000000000009,0,16,26,subsidiary_stock_comp,-0.006998684257268906,0,0.1725,22,7,0,1736,0,0.0,9600,74
1.86084169941023,-2.6125000000000074,0,-41.80000000000012,0,16,29,subsidiary_stock_comp,-0.030981818834940594,0,0.1717,26,7,0,1736,0,0.0,9728,75
1.6572788306511939,-2.362500000000005,0,-37.80000000000008,0,16,25,subsidiary_stock_comp,-0.01765613133708636,0,0.1708,20,7,0,1736,0,0.0,9856,76
1.5486570047214627,-2.4875000000000065,0,-39.800000000000104,0,16,27,subsidiary_stock_comp,0.014710996299982071,0,0.1699,24,7,0,1736,0,0.0,9984,77
1.7238985793665051,-2.550000000000007,0,-40.80000000000011,0,16,28,subsidiary_stock_comp,-0.009522893776496252,0,0.1691,25,7,0,1736,0,0.0,10112,78
1.4855609401129186,-2.1125000000000043,0,-33.80000000000007,0,16,21,subsidiary_stock_comp,-0.02371755490700404,0,0.1683,16,7,0,1736,0,0.0,10240,79
2.090067708864808,-2.612500000000007,0,-41.80000000000011,0,16,29,subsidiary_stock_comp,-0.04223217939337095,0,0.1674,25,7,0,1736,0,0.0,10368,80
1.7912011044099927,-2.237500000000006,0,-35.8000000000001,0,16,23,subsidiary_stock_comp,-0.01904945323864619,0,0.1666,21,7,0,1736,0,0.0,10496,81
1.495984673500061,-2.2375000000000047,0,-35.800000000000075,0,16,23,subsidiary_stock_comp,-0.009509325648347536,0,0.1657,17,7,0,1736,0,0.0,10624,82
2.394332062918693,-3.050000000000007,0,-48.80000000000011,0,16,36,subsidiary_stock_comp,0.06066350390513738,0,0.1649,33,7,0,1736,0,0.0,10752,83
2.058367010205984,-2.300000000000004,0,-36.80000000000006,0,16,24,subsidiary_stock_comp,-0.03367077559232712,0,0.1641,18,7,0,1736,0,0.0,10880,84
2.2879323000088334,-2.550000000000006,0,-40.8000000000001,0,16,28,subsidiary_stock_comp,-0.02958907186985016,0,0.1633,24,7,0,1736,0,0.0,11008,85
2.3401681324467063,-2.6125000000000065,0,-41.800000000000104,0,16,29,subsidiary_stock_comp,-0.03460842495163282,0,0.1625,27,7,0,1736,0,0.0,11136,86
2.0597573909908533,-2.3000000000000056,0,-36.80000000000009,0,16,24,subsidiary_stock_comp,-0.038821376860141754,0,0.1616,17,7,0,1736,0,0.0,11264,87
2.0866773473098874,-2.3000000000000047,0,-36.800000000000075,0,16,24,subsidiary_stock_comp,0.6635336478551229,0,0.1608,24,7,0,1736,0,0.0,11392,88
1.7111532874405384,-2.237500000000005,0,-35.80000000000008,0,16,23,subsidiary_stock_comp,-0.006269273658593495,0,0.16,19,7,0,1736,0,0.0,11520,89
1.2546649174764752,-2.175000000000005,0,-34.80000000000008,0,16,22,subsidiary_stock_comp,-0.010371665780742964,0,0.1592,15,7,0,1736,0,0.0,11648,90
1.356370466062799,-2.175000000000005,0,-34.80000000000008,0,16,22,subsidiary_stock_comp,0.5341101884841919,0,0.1584,19,7,0,1736,0,0.0,11776,91
1.5926537457853556,-2.4250000000000065,0,-38.800000000000104,0,16,26,subsidiary_stock_comp,0.07340652992328008,0,0.1576,22,7,0,1736,0,0.0,11904,92
1.032028114888817,-1.862500000000004,0,-29.800000000000065,0,16,17,subsidiary_stock_comp,0.08218260854482651,0,0.1569,8,7,0,1736,0,0.0,12032,93
1.5038307504728436,-2.3000000000000056,0,-36.80000000000009,0,16,24,subsidiary_stock_comp,0.06398823236425717,0,0.1561,22,7,0,1736,0,0.0,12160,94
1.5293121272698045,-2.425000000000006,0,-38.8000000000001,0,16,26,subsidiary_stock_comp,0.07188863369325797,0,0.1553,21,7,0,1736,0,0.0,12288,95
1.383892425103113,-2.4250000000000047,0,-38.800000000000075,0,16,26,subsidiary_stock_comp,0.05086256625751654,0,0.1545,22,7,0,1736,0,0.0,12416,96
1.1366371582262218,-2.1125000000000056,0,-33.80000000000009,0,16,21,subsidiary_stock_comp,0.15773671368757883,0,0.1537,16,7,0,1736,0,0.0,12544,97
0.7576759741641581,-1.9875000000000038,0,-31.80000000000006,0,16,19,subsidiary_stock_comp,0.07763203450789054,0,0.153,13,7,0,1736,0,0.0,12672,98
1.273249311663676,-2.612500000000007,0,-41.80000000000011,0,16,29,subsidiary_stock_comp,0.3054005602995555,0,0.1522,25,7,0,1736,0,0.0,12800,99
3.1708080181851983,-8.73749999999998,0,-139.79999999999967,0,16,127,subsidiary_stock_comp,3.138719211022059,0,0.25,30,8,0,1737,0,0.0,128,0
4.216116129420698,-8.67499999999998,0,-138.79999999999967,0,16,126,subsidiary_stock_comp,0.5376491149266561,0,0.2487,30,8,0,1737,0,0.0,256,1
4.411475319415331,-8.61249999999998,0,-137.79999999999967,0,16,125,subsidiary_stock_comp,0.5051215489705404,0,0.2475,38,8,0,1737,0,0.0,384,2
4.731701850891113,-8.61249999999998,0,-137.79999999999967,0,16,125,subsidiary_stock_comp,0.4336069921652476,0,0.2463,34,8,0,1737,0,0.0,512,3
4.859120320528746,-8.61249999999998,0,-137.79999999999967,0,16,125,subsidiary_stock_comp,0.5165430903434753,0,0.245,28,8,0,1737,0,0.0,640,4
4.544423585757613,-8.67499999999998,0,-138.79999999999967,0,16,126,subsidiary_stock_comp,0.4294766883055369,0,0.2438,31,8,0,1737,0,0.0,768,5
4.716512084007263,-8.237499999999981,0,-131.7999999999997,0,16,119,subsidiary_stock_comp,0.34603098034858704,0,0.2426,28,8,0,1737,0,0.0,896,6
4.655375797301531,-8.17499999999998,0,-130.79999999999967,0,16,118,subsidiary_stock_comp,0.35840971271197003,0,0.2414,24,8,0,1737,0,0.0,1024,7
4.932512432336807,-8.48749999999998,0,-135.79999999999967,0,16,123,subsidiary_stock_comp,0.4434242347876231,0,0.2402,27,8,0,1737,0,0.0,1152,8
4.97943445853889,-8.049999999999981,0,-128.7999999999997,0,16,116,subsidiary_stock_comp,0.34512651960055035,0,0.239,27,8,0,1737,0,0.0,1280,9
5.090368274599314,-8.362499999999981,0,-133.7999999999997,0,16,121,subsidiary_stock_comp,0.4091683129469554,0,0.2378,38,8,0,1737,0,0.0,1408,10
4.737615630030632,-8.48749999999998,0,-135.79999999999967,0,16,123,subsidiary_stock_comp,0.35060179233551025,0,0.2366,33,8,0,1737,0,0.0,1536,11
4.680941242724657,-8.48749999999998,0,-135.79999999999967,0,16,123,subsidiary_stock_comp,0.4775804579257965,0,0.2354,39,8,0,1737,0,0.0,1664,12
4.767789874225855,-8.54999999999998,0,-136.79999999999967,0,16,124,subsidiary_stock_comp,0.35343844691912335,0,0.2342,28,8,0,1737,0,0.0,1792,13
4.641071090474725,-8.299999999999981,0,-132.7999999999997,0,16,120,subsidiary_stock_comp,0.3461863895257314,0,0.2331,30,8,0,1737,0,0.0,1920,14
4.761124737560749,-8.487499999999981,0,-135.7999999999997,0,16,123,subsidiary_stock_comp,0.43743763367335003,0,0.2319,40,8,0,1737,0,0.0,2048,15
4.522480525076389,-8.29999999999998,0,-132.79999999999967,0,16,120,subsidiary_stock_comp,0.3886883060137431,0,0.2307,30,8,0,1737,0,0.0,2176,16
4.021761022508144,-8.48749999999998,0,-135.79999999999967,0,16,123,subsidiary_stock_comp,0.35499552885691327,0,0.2296,27,8,0,1737,0,0.0,2304,17
4.038351049646735,-8.42499999999998,0,-134.79999999999967,0,16,122,subsidiary_stock_comp,0.46107588211695355,0,0.2284,28,8,0,1737,0,0.0,2432,18
4.065729571506381,-8.67499999999998,0,-138.79999999999967,0,16,126,subsidiary_stock_comp,0.4583204388618469,0,0.2273,23,8,0,1737,0,0.0,2560,19
4.230708826333284,-8.549684343434324,1,-136.79494949494918,0,16,124,subsidiary_stock_comp,0.46026837825775146,0,0.2262,23,8,0,1737,0,0.0,2688,20
4.315822381526232,-8.487499999999981,0,-135.7999999999997,0,16,123,subsidiary_stock_comp,0.3645414213339488,0,0.225,29,8,0,1737,0,0.0,2816,21
4.650076225399971,-8.54999999999998,0,-136.79999999999967,0,16,124,subsidiary_stock_comp,0.3832099537054698,0,0.2239,25,8,0,1737,0,0.0,2944,22
4.848418479785323,-8.67499999999998,0,-138.79999999999967,0,16,126,subsidiary_stock_comp,0.4344732662041982,0,0.2228,31,8,0,1737,0,0.0,3072,23
5.146755374968052,-8.61249999999998,0,-137.79999999999967,0,16,125,subsidiary_stock_comp,0.40547751386960346,0,0.2217,30,8,0,1737,0,0.0,3200,24
4.846615036949515,-8.67499999999998,0,-138.79999999999967,0,16,126,subsidiary_stock_comp,0.46047814687093097,0,0.2206,35,8,0,1737,0,0.0,3328,25
5.123143624514341,-8.73749999999998,0,-139.79999999999967,0,16,127,subsidiary_stock_comp,0.3981245458126068,0,0.2195,32,8,0,1737,0,0.0,3456,26
5.118046524003148,-8.73749999999998,0,-139.79999999999967,0,16,127,subsidiary_stock_comp,0.4402243395646413,0,0.2184,29,8,0,1737,0,0.0,3584,27
5.26595139876008,-8.73749999999998,0,-139.79999999999967,0,16,127,subsidiary_stock_comp,0.40338359276453656,0,0.2173,34,8,0,1737,0,0.0,3712,28
5.065563440322876,-8.79999999999998,0,-140.79999999999967,0,16,128,subsidiary_stock_comp,0.36061134934425354,0,0.2162,25,8,0,1737,0,0.0,3840,29
5.218129336833954,-8.73749999999998,0,-139.79999999999967,0,16,127,subsidiary_stock_comp,0.3408656318982442,0,0.2151,25,8,0,1737,0,0.0,3968,30
5.401784474030137,-8.73749999999998,0,-139.79999999999967,0,16,127,subsidiary_stock_comp,0.4115367631117503,0,0.214,24,8,0,1737,0,0.0,4096,31
5.391381345689297,-8.79999999999998,0,-140.79999999999967,0,16,128,subsidiary_stock_comp,0.4736936191717784,0,0.213,36,8,0,1737,0,0.0,4224,32
5.087997175753117,-8.79999999999998,0,-140.79999999999967,0,16,128,subsidiary_stock_comp,0.4705894887447357,0,0.2119,23,8,0,1737,0,0.0,4352,33
4.9592813141644,-8.48749999999998,0,-135.79999999999967,0,16,123,subsidiary_stock_comp,0.41384024421374005,0,0.2108,23,8,0,1737,0,0.0,4480,34
5.03365321457386,-8.67499999999998,0,-138.79999999999967,0,16,126,subsidiary_stock_comp,0.3969713846842448,0,0.2098,30,8,0,1737,0,0.0,4608,35
5.065265802666545,-8.48749999999998,0,-135.79999999999967,0,16,123,subsidiary_stock_comp,0.5254304607709249,0,0.2087,36,8,0,1737,0,0.0,4736,36
5.2223039753735065,-8.48749999999998,0,-135.79999999999967,0,16,123,subsidiary_stock_comp,0.3598911960919698,0,0.2077,24,8,0,1737,0,0.0,4864,37
5.051395572721958,-8.54999999999998,0,-136.79999999999967,0,16,124,subsidiary_stock_comp,0.36496293544769287,0,0.2066,21,8,0,1737,0,0.0,4992,38
5.173505552113056,-8.67499999999998,0,-138.79999999999967,0,16,126,subsidiary_stock_comp,0.3814241389433543,0,0.2056,22,8,0,1737,0,0.0,5120,39
5.210999898612499,-8.73749999999998,0,-139.79999999999967,0,16,127,subsidiary_stock_comp,0.5091162224610647,0,0.2046,26,8,0,1737,0,0.0,5248,40
5.56108220666647,-8.54999999999998,0,-136.79999999999967,0,16,124,subsidiary_stock_comp,0.33895941575368244,0,0.2036,26,8,0,1737,0,0.0,5376,41
5.214888592250645,-8.54999999999998,0,-136.79999999999967,0,16,124,subsidiary_stock_comp,0.31698193152745563,0,0.2025,27,8,0,1737,0,0.0,5504,42
5.5550043154507875,-8.61249999999998,0,-137.79999999999967,0,16,125,subsidiary_stock_comp,0.3296976387500763,0,0.2015,31,8,0,1737,0,0.0,5632,43
5.378271024674177,-8.67499999999998,0,-138.79999999999967,0,16,126,subsidiary_stock_comp,0.31618788838386536,0,0.2005,20,8,0,1737,0,0.0,5760,44
5.561122871935368,-8.67499999999998,0,-138.79999999999967,0,16,126,subsidiary_stock_comp,0.43254459897677106,0,0.1995,25,8,0,1737,0,0.0,5888,45
5.800438117235899,-8.67499999999998,0,-138.79999999999967,0,16,126,subsidiary_stock_comp,0.3505876163641612,0,0.1985,19,8,0,1737,0,0.0,6016,46
5.788519158959389,-8.73749999999998,0,-139.79999999999967,0,16,127,subsidiary_stock_comp,0.3503575523694356,0,0.1975,23,8,0,1737,0,0.0,6144,47
5.496040800586343,-8.54999999999998,0,-136.79999999999967,0,16,124,subsidiary_stock_comp,0.34377847115198773,0,0.1965,24,8,0,1737,0,0.0,6272,48
5.607985660433769,-8.487184343434324,1,-135.79494949494918,0,16,123,subsidiary_stock_comp,0.33311085899670917,0,0.1956,19,8,0,1737,0,0.0,6400,49
5.438296403735876,-8.73749999999998,0,-139.79999999999967,0,16,127,subsidiary_stock_comp,0.408027708530426,0,0.1946,22,8,0,1737,0,0.0,6528,50
5.797827687114477,-8.73749999999998,0,-139.79999999999967,0,16,127,subsidiary_stock_comp,0.3821206788221995,0,0.1936,27,8,0,1737,0,0.0,6656,51
5.345454642549157,-8.61249999999998,0,-137.79999999999967,0,16,125,subsidiary_stock_comp,0.3260473112265269,0,0.1926,25,8,0,1737,0,0.0,6784,52
5.511804152280092,-8.73749999999998,0,-139.79999999999967,0,16,127,subsidiary_stock_comp,0.4066318869590759,0,0.1917,17,8,0,1737,0,0.0,6912,53
5.482829185202718,-8.79999999999998,0,-140.79999999999967,0,16,128,subsidiary_stock_comp,0.3589384655157725,0,0.1907,24,8,0,1737,0,0.0,7040,54
5.5881671868264675,-8.79999999999998,0,-140.79999999999967,0,16,128,subsidiary_stock_comp,0.5046821931997935,0,0.1898,26,8,0,1737,0,0.0,7168,55
5.402552984654903,-8.54999999999998,0,-136.79999999999967,0,16,124,subsidiary_stock_comp,0.39463405807813007,0,0.1888,27,8,0,1737,0,0.0,7296,56
5.954571736976504,-8.73749999999998,0,-139.79999999999967,0,16,127,subsidiary_stock_comp,0.3175056378046672,0,0.1879,23,8,0,1737,0,0.0,7424,57
5.521583765745163,-8.737184343434322,1,-139.79494949494915,0,16,127,subsidiary_stock_comp,0.356348176797231,0,0.1869,19,8,0,1737,0,0.0,7552,58
5.2471552370116115,-8.61249999999998,0,-137.79999999999967,0,16,125,subsidiary_stock_comp,0.3376426100730896,0,0.186,22,8,0,1737,0,0.0,7680,59
5.586836224421859,-8.674684343434324,1,-138.79494949494918,0,16,126,subsidiary_stock_comp,0.3366527160008748,0,0.1851,28,8,0,1737,0,0.0,7808,60
5.118748188018799,-8.73749999999998,0,-139.79999999999967,0,16,127,subsidiary_stock_comp,0.38547783096631366,0,0.1841,18,8,0,1737,0,0.0,7936,61
5.016151748597622,-8.79999999999998,0,-140.79999999999967,0,16,128,subsidiary_stock_comp,0.36725541949272156,0,0.1832,28,8,0,1737,0,0.0,8064,62
4.807254418730736,-8.79999999999998,0,-140.79999999999967,0,16,128,subsidiary_stock_comp,0.4470076362291972,0,0.1823,20,8,0,1737,0,0.0,8192,63
4.986392753198743,-8.79999999999998,0,-140.79999999999967,0,16,128,subsidiary_stock_comp,0.38275691866874695,0,0.1814,19,8,0,1737,0,0.0,8320,64
5.665712051093578,-8.61249999999998,0,-137.79999999999967,0,16,125,subsidiary_stock_comp,0.3245185911655426,0,0.1805,19,8,0,1737,0,0.0,8448,65
5.660119265317917,-8.73749999999998,0,-139.79999999999967,0,16,127,subsidiary_stock_comp,0.4035104711850484,0,0.1796,21,8,0,1737,0,0.0,8576,66
5.5155315194278955,-8.61249999999998,0,-137.79999999999967,0,16,125,subsidiary_stock_comp,0.3692560096581777,0,0.1787,19,8,0,1737,0,0.0,8704,67
5.247542809695005,-8.61249999999998,0,-137.79999999999967,0,16,125,subsidiary_stock_comp,0.3488917350769043,0,0.1778,22,8,0,1737,0,0.0,8832,68
5.245691794902086,-8.67499999999998,0,-138.79999999999967,0,16,126,subsidiary_stock_comp,0.43075985709826153,0,0.1769,29,8,0,1737,0,0.0,8960,69
5.353725288063288,-8.79999999999998,0,-140.79999999999967,0,16,128,subsidiary_stock_comp,0.3791558841864268,0,0.176,19,8,0,1737,0,0.0,9088,70
5.305692553520203,-8.79999999999998,0,-140.79999999999967,0,16,128,subsidiary_stock_comp,0.3649138609568278,0,0.1751,17,8,0,1737,0,0.0,9216,71
5.41193900629878,-8.73749999999998,0,-139.79999999999967,0,16,127,subsidiary_stock_comp,0.36902185281117755,0,0.1743,21,8,0,1737,0,0.0,9344,72
5.375581597909331,-8.73749999999998,0,-139.79999999999967,0,16,127,subsidiary_stock_comp,0.36272921164830524,0,0.1734,24,8,0,1737,0,0.0,9472,73
5.294200859963894,-8.79999999999998,0,-140.79999999999967,0,16,128,subsidiary_stock_comp,0.3968307673931122,0,0.1725,30,8,0,1737,0,0.0,9600,74
5.126161966472864,-8.73749999999998,0,-139.79999999999967,0,16,127,subsidiary_stock_comp,0.3677395780881246,0,0.1717,20,8,0,1737,0,0.0,9728,75
4.7583174128085375,-8.67499999999998,0,-138.79999999999967,0,16,126,subsidiary_stock_comp,0.3505457142988841,0,0.1708,22,8,0,1737,0,0.0,9856,76
4.7991029769182205,-8.61249999999998,0,-137.79999999999967,0,16,125,subsidiary_stock_comp,0.4144217173258464,0,0.1699,24,8,0,1737,0,0.0,9984,77
5.108941286802292,-8.67499999999998,0,-138.79999999999967,0,16,126,subsidiary_stock_comp,0.3685850997765859,0,0.1691,22,8,0,1737,0,0.0,10112,78
5.353801567107439,-8.424999999999981,0,-134.7999999999997,0,16,122,subsidiary_stock_comp,0.29135621587435406,0,0.1683,21,8,0,1737,0,0.0,10240,79
5.057202536612749,-8.67499999999998,0,-138.79999999999967,0,16,126,subsidiary_stock_comp,0.3935593167940776,0,0.1674,27,8,0,1737,0,0.0,10368,80
5.412278171628714,-8.61249999999998,0,-137.79999999999967,0,16,125,subsidiary_stock_comp,0.4130062460899353,0,0.1666,26,8,0,1737,0,0.0,10496,81
5.59242132678628,-8.54999999999998,0,-136.79999999999967,0,16,124,subsidiary_stock_comp,0.364471435546875,0,0.1657,15,8,0,1737,0,0.0,10624,82
5.455041168257594,-8.73749999999998,0,-139.79999999999967,0,16,127,subsidiary_stock_comp,0.4391030470530192,0,0.1649,23,8,0,1737,0,0.0,10752,83
5.541845831088722,-8.67499999999998,0,-138.79999999999967,0,16,126,subsidiary_stock_comp,0.3455082376797994,0,0.1641,13,8,0,1737,0,0.0,10880,84
4.702931292355061,-8.61249999999998,0,-137.79999999999967,0,16,125,subsidiary_stock_comp,0.39402933915456134,0,0.1633,26,8,0,1737,0,0.0,11008,85
4.776956973597407,-8.61249999999998,0,-137.79999999999967,0,16,125,subsidiary_stock_comp,0.3987992803255717,0,0.1625,18,8,0,1737,0,0.0,11136,86
5.090979634784162,-8.61249999999998,0,-137.79999999999967,0,16,125,subsidiary_stock_comp,0.3691322406133016,0,0.1616,13,8,0,1737,0,0.0,11264,87
5.503900935873389,-8.61249999999998,0,-137.79999999999967,0,16,125,subsidiary_stock_comp,0.3530868887901306,0,0.1608,15,8,0,1737,0,0.0,11392,88
5.797194868326187,-8.54999999999998,0,-136.79999999999967,0,16,124,subsidiary_stock_comp,0.4557365874449412,0,0.16,27,8,0,1737,0,0.0,11520,89
5.666391719132662,-8.67499999999998,0,-138.79999999999967,0,16,126,subsidiary_stock_comp,0.407257874806722,0,0.1592,18,8,0,1737,0,0.0,11648,90
5.612664818763733,-8.48749999999998,0,-135.79999999999967,0,16,123,subsidiary_stock_comp,0.3197251756985982,0,0.1584,21,8,0,1737,0,0.0,11776,91
5.702490516006947,-8.73749999999998,0,-139.79999999999967,0,16,127,subsidiary_stock_comp,0.34162257115046185,0,0.1576,18,8,0,1737,0,0.0,11904,92
5.739148948341608,-8.54999999999998,0,-136.79999999999967,0,16,124,subsidiary_stock_comp,0.29196252425511676,0,0.1569,12,8,0,1737,0,0.0,12032,93
5.853039052337408,-8.73749999999998,0,-139.79999999999967,0,16,127,subsidiary_stock_comp,0.34622183442115784,0,0.1561,22,8,0,1737,0,0.0,12160,94
5.722714502364397,-8.67499999999998,0,-138.79999999999967,0,16,126,subsidiary_stock_comp,0.32859601577123004,0,0.1553,21,8,0,1737,0,0.0,12288,95
5.966955773532391,-8.73749999999998,0,-139.79999999999967,0,16,127,subsidiary_stock_comp,0.35412774483362836,0,0.1545,19,8,0,1737,0,0.0,12416,96
5.555034341290593,-8.73749999999998,0,-139.79999999999967,0,16,127,subsidiary_stock_comp,0.32342782616615295,0,0.1537,13,8,0,1737,0,0.0,12544,97
5.386005941778421,-8.73749999999998,0,-139.79999999999967,0,16,127,subsidiary_stock_comp,0.3301880160967509,0,0.153,18,8,0,1737,0,0.0,12672,98
5.428502682596445,-8.73749999999998,0,-139.79999999999967,0,16,127,subsidiary_stock_comp,0.4031377931435903,0,0.1522,15,8,0,1737,0,0.0,12800,99
2.7951608896255493,-8.73749999999998,0,-139.79999999999967,0,16,127,subsidiary_stock_comp,0.6498841842015585,0,0.25,35,9,0,1738,0,0.0,128,0
2.6618248410522938,-8.73749999999998,0,-139.79999999999967,0,16,127,subsidiary_stock_comp,0.5873521169026693,0,0.2487,32,9,0,1738,0,0.0,256,1
3.887099541723728,-8.79999999999998,0,-140.79999999999967,0,16,128,subsidiary_stock_comp,0.6010696490605673,0,0.2475,44,9,0,1738,0,0.0,384,2
3.5603485330939293,-8.79999999999998,0,-140.79999999999967,0,16,128,subsidiary_stock_comp,0.5146762132644653,0,0.2463,31,9,0,1738,0,0.0,512,3
3.8787848092615604,-8.67499999999998,0,-138.79999999999967,0,16,126,subsidiary_stock_comp,0.5191701253255209,0,0.245,40,9,0,1738,0,0.0,640,4
4.111743453890085,-8.73749999999998,0,-139.79999999999967,0,16,127,subsidiary_stock_comp,0.5962694684664408,0,0.2438,31,9,0,1738,0,0.0,768,5
4.092533528804779,-8.79999999999998,0,-140.79999999999967,0,16,128,subsidiary_stock_comp,0.5040340622266134,0,0.2426,27,9,0,1738,0,0.0,896,6
4.462274093180895,-8.73749999999998,0,-139.79999999999967,0,16,127,subsidiary_stock_comp,0.5205996433893839,0,0.2414,45,9,0,1738,0,0.0,1024,7
4.678212679922581,-8.73749999999998,0,-139.79999999999967,0,16,127,subsidiary_stock_comp,0.5787147283554077,0,0.2402,33,9,0,1738,0,0.0,1152,8
4.652805484831333,-8.73749999999998,0,-139.79999999999967,0,16,127,subsidiary_stock_comp,0.44060419003168744,0,0.239,27,9,0,1738,0,0.0,1280,9
4.575548307970166,-8.61249999999998,0,-137.79999999999967,0,16,125,subsidiary_stock_comp,0.4383186101913452,0,0.2378,33,9,0,1738,0,0.0,1408,10
4.563437096774578,-8.79999999999998,0,-140.79999999999967,0,16,128,subsidiary_stock_comp,0.45595628023147583,0,0.2366,34,9,0,1738,0,0.0,1536,11
4.760310675948858,-8.67499999999998,0,-138.79999999999967,0,16,126,subsidiary_stock_comp,0.43685904145240784,0,0.2354,34,9,0,1738,0,0.0,1664,12
5.177547920495272,-8.79999999999998,0,-140.79999999999967,0,16,128,subsidiary_stock_comp,0.4767632683118184,0,0.2342,22,9,0,1738,0,0.0,1792,13
5.348726915195584,-8.67499999999998,0,-138.79999999999967,0,16,126,subsidiary_stock_comp,0.3960128724575043,0,0.2331,37,9,0,1738,0,0.0,1920,14
5.058704352006316,-8.73749999999998,0,-139.79999999999967,0,16,127,subsidiary_stock_comp,0.39986538887023926,0,0.2319,25,9,0,1738,0,0.0,2048,15
5.190766790881753,-8.67499999999998,0,-138.79999999999967,0,16,126,subsidiary_stock_comp,0.4779428243637085,0,0.2307,31,9,0,1738,0,0.0,2176,16
5.307993341237307,-8.79999999999998,0,-140.79999999999967,0,16,128,subsidiary_stock_comp,0.4352973898251851,0,0.2296,37,9,0,1738,0,0.0,2304,17
4.929606433957815,-8.67499999999998,0,-138.79999999999967,0,16,126,subsidiary_stock_comp,0.3974018096923828,0,0.2284,23,9,0,1738,0,0.0,2432,18
4.884145203977823,-8.73749999999998,0,-139.79999999999967,0,16,127,subsidiary_stock_comp,0.4513537883758545,0,0.2273,30,9,0,1738,0,0.0,2560,19
4.7147341798990965,-8.73749999999998,0,-139.79999999999967,0,16,127,subsidiary_stock_comp,0.4503522713979085,0,0.2262,29,9,0,1738,0,0.0,2688,20
4.590943805873394,-8.73749999999998,0,-139.79999999999967,0,16,127,subsidiary_stock_comp,0.4334220588207245,0,0.225,24,9,0,1738,0,0.0,2816,21
4.6548845283687115,-8.79999999999998,0,-140.79999999999967,0,16,128,subsidiary_stock_comp,0.5166830023129781,0,0.2239,26,9,0,1738,0,0.0,2944,22
4.461354896426201,-8.73749999999998,0,-139.79999999999967,0,16,127,subsidiary_stock_comp,0.7300806244214376,0,0.2228,19,9,0,1738,0,0.0,3072,23
4.214975049719214,-8.73749999999998,0,-139.79999999999967,0,16,127,subsidiary_stock_comp,0.5349011023839315,0,0.2217,28,9,0,1738,0,0.0,3200,24
4.040621280670166,-8.79999999999998,0,-140.79999999999967,0,16,128,subsidiary_stock_comp,0.48600806792577106,0,0.2206,23,9,0,1738,0,0.0,3328,25
4.000348135828972,-8.79999999999998,0,-140.79999999999967,0,16,128,subsidiary_stock_comp,0.5380685130755106,0,0.2195,25,9,0,1738,0,0.0,3456,26
4.293702352792025,-8.73749999999998,0,-139.79999999999967,0,16,127,subsidiary_stock_comp,0.49590879678726196,0,0.2184,26,9,0,1738,0,0.0,3584,27
4.392917634919286,-8.73749999999998,0,-139.79999999999967,0,16,127,subsidiary_stock_comp,0.7089324593544006,0,0.2173,29,9,0,1738,0,0.0,3712,28
4.454294539988041,-8.79999999999998,0,-140.79999999999967,0,16,128,subsidiary_stock_comp,0.4912637372811635,0,0.2162,23,9,0,1738,0,0.0,3840,29
4.247208224609494,-8.79999999999998,0,-140.79999999999967,0,16,128,subsidiary_stock_comp,0.4534640312194824,0,0.2151,26,9,0,1738,0,0.0,3968,30
4.74325742572546,-8.79999999999998,0,-140.79999999999967,0,16,128,subsidiary_stock_comp,0.45065714915593463,0,0.214,36,9,0,1738,0,0.0,4096,31
4.610524587333202,-8.79999999999998,0,-140.79999999999967,0,16,128,subsidiary_stock_comp,0.4491680860519409,0,0.213,24,9,0,1738,0,0.0,4224,32
4.736223738640547,-8.73749999999998,0,-139.79999999999967,0,16,127,subsidiary_stock_comp,0.43176019191741943,0,0.2119,28,9,0,1738,0,0.0,4352,33
4.644407033920288,-8.79999999999998,0,-140.79999999999967,0,16,128,subsidiary_stock_comp,0.8072894414265951,0,0.2108,21,9,0,1738,0,0.0,4480,34
4.591586224734783,-8.54999999999998,0,-136.79999999999967,0,16,124,subsidiary_stock_comp,0.4770548741022746,0,0.2098,30,9,0,1738,0,0.0,4608,35
4.545902457088232,-8.79999999999998,0,-140.79999999999967,0,16,128,subsidiary_stock_comp,0.42499908804893494,0,0.2087,17,9,0,1738,0,0.0,4736,36
4.513364577665925,-8.73749999999998,0,-139.79999999999967,0,16,127,subsidiary_stock_comp,0.4359000027179718,0,0.2077,21,9,0,1738,0,0.0,4864,37
4.731071254238486,-8.67499999999998,0,-138.79999999999967,0,16,126,subsidiary_stock_comp,0.4126256505648295,0,0.2066,33,9,0,1738,0,0.0,4992,38
4.586939811706543,-8.79999999999998,0,-140.79999999999967,0,16,128,subsidiary_stock_comp,0.5107065439224243,0,0.2056,25,9,0,1738,0,0.0,5120,39
4.426854655146599,-8.73749999999998,0,-139.79999999999967,0,16,127,subsidiary_stock_comp,0.5350138346354166,0,0.2046,28,9,0,1738,0,0.0,5248,40
4.853315379470587,-8.73749999999998,0,-139.79999999999967,0,16,127,subsidiary_stock_comp,0.44173454244931537,0,0.2036,34,9,0,1738,0,0.0,5376,41
4.597748059779406,-8.79999999999998,0,-140.79999999999967,0,16,128,subsidiary_stock_comp,0.4544682403405507,0,0.2025,22,9,0,1738,0,0.0,5504,42
4.535212833434343,-8.67499999999998,0,-138.79999999999967,0,16,126,subsidiary_stock_comp,0.4567439953486125,0,0.2015,22,9,0,1738,0,0.0,5632,43
4.678704850375652,-8.73749999999998,0,-139.79999999999967,0,16,127,subsidiary_stock_comp,0.4361183245976766,0,0.2005,23,9,0,1738,0,0.0,5760,44
5.0066710244864225,-8.79999999999998,0,-140.79999999999967,0,16,128,subsidiary_stock_comp,0.42826928695042926,0,0.1995,22,9,0,1738,0,0.0,5888,45
4.833956822752953,-8.737184343434324,1,-139.79494949494918,0,16,127,subsidiary_stock_comp,0.7350042462348938,0,0.1985,25,9,0,1738,0,0.0,6016,46
4.638111285865307,-8.79999999999998,0,-140.79999999999967,0,16,128,subsidiary_stock_comp,0.5199005405108134,0,0.1975,24,9,0,1738,0,0.0,6144,47
4.791053405031562,-8.73749999999998,0,-139.79999999999967,0,16,127,subsidiary_stock_comp,0.43915226062138873,0,0.1965,26,9,0,1738,0,0.0,6272,48
4.885949086397886,-8.674684343434322,1,-138.79494949494915,0,16,126,subsidiary_stock_comp,0.4081708987553914,0,0.1956,24,9,0,1738,0,0.0,6400,49
5.033698773011565,-8.73749999999998,0,-139.79999999999967,0,16,127,subsidiary_stock_comp,0.5859606266021729,0,0.1946,21,9,0,1738,0,0.0,6528,50
4.760323580354452,-8.73749999999998,0,-139.79999999999967,0,16,127,subsidiary_stock_comp,0.4090805947780609,0,0.1936,17,9,0,1738,0,0.0,6656,51
4.756733320653439,-8.79999999999998,0,-140.79999999999967,0,16,128,subsidiary_stock_comp,0.4166765014330546,0,0.1926,22,9,0,1738,0,0.0,6784,52
4.7744702231138945,-8.79999999999998,0,-140.79999999999967,0,16,128,subsidiary_stock_comp,0.4067049225171407,0,0.1917,22,9,0,1738,0,0.0,6912,53
4.938158556818962,-8.61249999999998,0,-137.79999999999967,0,16,125,subsidiary_stock_comp,0.42843688527743023,0,0.1907,27,9,0,1738,0,0.0,7040,54
5.235463183373213,-8.79999999999998,0,-140.79999999999967,0,16,128,subsidiary_stock_comp,0.39255399505297345,0,0.1898,19,9,0,1738,0,0.0,7168,55
5.223488729447126,-8.73749999999998,0,-139.79999999999967,0,16,127,subsidiary_stock_comp,0.3521803120772044,0,0.1888,20,9,0,1738,0,0.0,7296,56
5.304492682218552,-8.79999999999998,0,-140.79999999999967,0,16,128,subsidiary_stock_comp,0.3952024479707082,0,0.1879,30,9,0,1738,0,0.0,7424,57
5.203521944582462,-8.79999999999998,0,-140.79999999999967,0,16,128,subsidiary_stock_comp,0.4479953348636627,0,0.1869,19,9,0,1738,0,0.0,7552,58
5.203762784600258,-8.67499999999998,0,-138.79999999999967,0,16,126,subsidiary_stock_comp,0.4658072292804718,0,0.186,27,9,0,1738,0,0.0,7680,59
5.407351670786738,-8.67499999999998,0,-138.79999999999967,0,16,126,subsidiary_stock_comp,0.44356417655944824,0,0.1851,28,9,0,1738,0,0.0,7808,60
5.09279877319932,-8.549999999999981,0,-136.7999999999997,0,16,124,subsidiary_stock_comp,0.3429834147294362,0,0.1841,18,9,0,1738,0,0.0,7936,61
5.190932109951973,-8.54999999999998,0,-136.79999999999967,0,16,124,subsidiary_stock_comp,0.41250597437222797,0,0.1832,33,9,0,1738,0,0.0,8064,62
5.533310052007437,-8.73749999999998,0,-139.79999999999967,0,16,127,subsidiary_stock_comp,0.3681093653043111,0,0.1823,28,9,0,1738,0,0.0,8192,63
5.668662901967764,-8.54999999999998,0,-136.79999999999967,0,16,124,subsidiary_stock_comp,0.3192734519640605,0,0.1814,22,9,0,1738,0,0.0,8320,64
5.366454420611262,-8.67499999999998,0,-138.79999999999967,0,16,126,subsidiary_stock_comp,0.36629123489061993,0,0.1805,20,9,0,1738,0,0.0,8448,65
5.727350704371929,-8.73749999999998,0,-139.79999999999967,0,16,127,subsidiary_stock_comp,0.4154593348503113,0,0.1796,33,9,0,1738,0,0.0,8576,66
5.3728039506822824,-8.61249999999998,0,-137.79999999999967,0,16,125,subsidiary_stock_comp,0.36940451463063556,0,0.1787,20,9,0,1738,0,0.0,8704,67
5.515296066179872,-8.61249999999998,0,-137.79999999999967,0,16,125,subsidiary_stock_comp,0.3546352783838908,0,0.1778,22,9,0,1738,0,0.0,8832,68
5.432082859799266,-8.48749999999998,0,-135.79999999999967,0,16,123,subsidiary_stock_comp,0.33166855573654175,0,0.1769,21,9,0,1738,0,0.0,8960,69
5.4242782182991505,-8.54999999999998,0,-136.79999999999967,0,16,124,subsidiary_stock_comp,0.3704322377840678,0,0.176,18,9,0,1738,0,0.0,9088,70
5.65309726819396,-8.487499999999981,0,-135.7999999999997,0,16,123,subsidiary_stock_comp,0.34567418694496155,0,0.1751,14,9,0,1738,0,0.0,9216,71
5.242170471698046,-8.48749999999998,0,-135.79999999999967,0,16,123,subsidiary_stock_comp,0.3453471263249715,0,0.1743,24,9,0,1738,0,0.0,9344,72
5.426791876554489,-8.79999999999998,0,-140.79999999999967,0,16,128,subsidiary_stock_comp,0.4286599854628245,0,0.1734,17,9,0,1738,0,0.0,9472,73
5.3600197564810514,-8.61249999999998,0,-137.79999999999967,0,16,125,subsidiary_stock_comp,0.49059884746869403,0,0.1725,27,9,0,1738,0,0.0,9600,74
5.014457985758781,-8.79999999999998,0,-140.79999999999967,0,16,128,subsidiary_stock_comp,0.3905783196290334,0,0.1717,16,9,0,1738,0,0.0,9728,75
5.23400560580194,-8.73749999999998,0,-139.79999999999967,0,16,127,subsidiary_stock_comp,0.3840397596359253,0,0.1708,19,9,0,1738,0,0.0,9856,76
5.57640365511179,-8.61249999999998,0,-137.79999999999967,0,16,125,subsidiary_stock_comp,0.33043617010116577,0,0.1699,22,9,0,1738,0,0.0,9984,77
5.386650211177766,-8.54999999999998,0,-136.79999999999967,0,16,124,subsidiary_stock_comp,0.3530367314815521,0,0.1691,26,9,0,1738,0,0.0,10112,78
5.696289822459221,-8.73749999999998,0,-139.79999999999967,0,16,127,subsidiary_stock_comp,0.36413106322288513,0,0.1683,23,9,0,1738,0,0.0,10240,79
5.294392444193363,-8.67499999999998,0,-138.79999999999967,0,16,126,subsidiary_stock_comp,0.37449486056963605,0,0.1674,24,9,0,1738,0,0.0,10368,80
5.170390052720904,-8.67499999999998,0,-138.79999999999967,0,16,126,subsidiary_stock_comp,0.3895975947380066,0,0.1666,19,9,0,1738,0,0.0,10496,81
5.100941002368927,-8.67499999999998,0,-138.79999999999967,0,16,126,subsidiary_stock_comp,0.3731318910916646,0,0.1657,20,9,0,1738,0,0.0,10624,82
5.102846495807171,-8.79999999999998,0,-140.79999999999967,0,16,128,subsidiary_stock_comp,0.36972057819366455,0,0.1649,19,9,0,1738,0,0.0,10752,83
5.470827106386423,-8.73749999999998,0,-139.79999999999967,0,16,127,subsidiary_stock_comp,0.407148410876592,0,0.1641,22,9,0,1738,0,0.0,10880,84
5.583538021892309,-8.67499999999998,0,-138.79999999999967,0,16,126,subsidiary_stock_comp,0.3271075288454692,0,0.1633,21,9,0,1738,0,0.0,11008,85
5.524636078625917,-8.73749999999998,0,-139.79999999999967,0,16,127,subsidiary_stock_comp,0.3358665406703949,0,0.1625,13,9,0,1738,0,0.0,11136,86
5.360657148063183,-8.73749999999998,0,-139.79999999999967,0,16,127,subsidiary_stock_comp,0.34142828981081647,0,0.1616,23,9,0,1738,0,0.0,11264,87
5.116376217454672,-8.73749999999998,0,-139.79999999999967,0,16,127,subsidiary_stock_comp,0.37423497438430786,0,0.1608,20,9,0,1738,0,0.0,11392,88
5.1141207702457905,-8.48749999999998,0,-135.79999999999967,0,16,123,subsidiary_stock_comp,0.363062451283137,0,0.16,21,9,0,1738,0,0.0,11520,89
5.092620726674795,-8.48749999999998,0,-135.79999999999967,0,16,123,subsidiary_stock_comp,0.39361266295115155,0,0.1592,25,9,0,1738,0,0.0,11648,90
5.122986361384392,-8.73749999999998,0,-139.79999999999967,0,16,127,subsidiary_stock_comp,0.35613985856374103,0,0.1584,25,9,0,1738,0,0.0,11776,91
4.859739687293768,-8.67499999999998,0,-138.79999999999967,0,16,126,subsidiary_stock_comp,0.34287676215171814,0,0.1576,24,9,0,1738,0,0.0,11904,92
5.279229795560241,-8.73749999999998,0,-139.79999999999967,0,16,127,subsidiary_stock_comp,0.4665796260039012,0,0.1569,18,9,0,1738,0,0.0,12032,93
5.342463405802846,-8.54999999999998,0,-136.79999999999967,0,16,124,subsidiary_stock_comp,0.258341779311498,0,0.1561,19,9,0,1738,0,0.0,12160,94
5.35776723921299,-8.67499999999998,0,-138.79999999999967,0,16,126,subsidiary_stock_comp,0.29068389534950256,0,0.1553,15,9,0,1738,0,0.0,12288,95
5.512888478115201,-8.67499999999998,0,-138.79999999999967,0,16,126,subsidiary_stock_comp,0.3313635190327962,0,0.1545,18,9,0,1738,0,0.0,12416,96
5.588171172887087,-8.48749999999998,0,-135.79999999999967,0,16,123,subsidiary_stock_comp,0.29836126168568927,0,0.1537,14,9,0,1738,0,0.0,12544,97
5.370357863605022,-8.29999999999998,0,-132.79999999999967,0,16,120,subsidiary_stock_comp,0.31423930327097577,0,0.153,25,9,0,1738,0,0.0,12672,98
4.949686881154776,-8.049999999999981,0,-128.7999999999997,0,16,116,subsidiary_stock_comp,0.2667606125275294,0,0.1522,16,9,0,1738,0,0.0,12800,99
