avg_entropy,avg_reward_per_episode,best_tax_advantage,cumulative_reward,episode_count,invalid_count,loophole,loss,positive_reward_count,random_action_prob,random_exploration_count,run,saved_snapshots,seed,success_count,success_rate,total_steps,update
3.7843512631952763,-6.761111111111115,0,-60.85000000000003,9,59,straddle_abuse,0.5059420466423035,0,0.25,26,0,0,1729,0,0.0,128,0
3.906621478497982,-7.5600000000000085,0,-68.04000000000008,9,67,straddle_abuse,0.7715020378430685,0,0.2487,29,0,0,1729,0,0.0,256,1
3.913832215592265,-6.438888888888891,17.08,-57.95000000000002,9,74,straddle_abuse,2.2351627349853516,1,0.2475,34,0,0,1729,0,0.0,384,2
3.8633679673075676,-7.377777777777778,0,-66.4,9,65,straddle_abuse,0.37677001953125,0,0.2463,28,0,0,1729,0,0.0,512,3
3.8724808674305677,-9.014444444444443,0,-81.13,9,80,straddle_abuse,0.7729552189509074,0,0.245,26,0,0,1729,0,0.0,640,4
3.688851023092866,-6.574444444444443,0,-59.16999999999999,9,57,straddle_abuse,0.32450010379155475,0,0.2438,34,0,0,1729,0,0.0,768,5
3.7006978560239077,-3.9577777777777774,12.81,-35.62,9,46,straddle_abuse,1.0558493932088215,1,0.2426,38,0,0,1729,0,0.0,896,6
3.8581166081130505,-7.515555555555555,0,-67.64,9,66,straddle_abuse,0.47041748960812885,0,0.2414,37,0,0,1729,0,0.0,1024,7
3.7913928274065256,-6.730000000000003,0,-60.57000000000003,9,59,straddle_abuse,0.33554786443710327,0,0.2402,35,0,0,1729,0,0.0,1152,8
3.795198753476143,-8.281111111111114,0,-74.53000000000003,9,73,straddle_abuse,0.43234912554423016,0,0.239,27,0,0,1729,0,0.0,1280,9
3.730925340205431,-6.515555555555557,0,-58.640000000000015,9,57,straddle_abuse,0.23233079413572946,0,0.2378,40,0,0,1729,0,0.0,1408,10
3.764123484492302,-6.962222222222221,0,-62.65999999999999,9,61,straddle_abuse,0.15790371596813202,0,0.2366,35,0,0,1729,0,0.0,1536,11
3.79839183203876,-7.155555555555556,0,-64.4,9,63,straddle_abuse,0.22724690536657968,0,0.2354,33,0,0,1729,0,0.0,1664,12
3.7283713705837727,-6.854444444444448,0,-61.69000000000003,9,60,straddle_abuse,0.21904760102430978,0,0.2342,27,0,0,1729,0,0.0,1792,13
3.6528375800698996,-6.760000000000002,0,-60.84000000000001,9,59,straddle_abuse,0.11110500494639079,0,0.2331,28,0,0,1729,0,0.0,1920,14
3.639174271374941,-6.411111111111115,0,-57.70000000000003,9,56,straddle_abuse,0.08437161147594452,0,0.2319,30,0,0,1729,0,0.0,2048,15
3.5496117044240236,-5.715555555555556,3.7,-51.440000000000005,9,53,straddle_abuse,0.06110057234764099,1,0.2307,30,0,0,1729,0,0.0,2176,16
3.599752940237522,-6.663333333333335,0,-59.97000000000001,9,58,straddle_abuse,0.1629271556933721,0,0.2296,27,0,0,1729,0,0.0,2304,17
3.5392970219254494,-5.125555555555555,3.08,-46.129999999999995,9,47,straddle_abuse,0.0856686383485794,1,0.2284,36,0,0,1729,0,0.0,2432,18
3.485403411090374,-6.437777777777777,0,-57.93999999999999,9,56,straddle_abuse,0.00041535993417104083,0,0.2273,36,0,0,1729,0,0.0,2560,19
3.515877190977335,-6.357777777777779,0,-57.220000000000006,9,55,straddle_abuse,0.13929625352223715,0,0.2262,37,0,0,1729,0,0.0,2688,20
3.531748378649354,-5.771111111111113,0,-51.94000000000001,9,50,straddle_abuse,-0.008704110980033875,0,0.225,29,0,0,1729,0,0.0,2816,21
3.4854724537581205,-5.941111111111111,0,-53.47,9,51,straddle_abuse,0.06716591119766235,0,0.2239,31,0,0,1729,0,0.0,2944,22
3.388897677883506,-5.424444444444445,0,-48.82000000000001,9,46,straddle_abuse,-0.010556578636169434,0,0.2228,25,0,0,1729,0,0.0,3072,23
3.3376132752746344,-4.684444444444443,0,-42.15999999999999,9,39,straddle_abuse,-0.023318752646446228,0,0.2217,22,0,0,1729,0,0.0,3200,24
3.3153365459293127,-5.7700000000000005,3.97,-51.93000000000001,9,49,straddle_abuse,0.08743599057197571,2,0.2206,22,0,0,1729,0,0.0,3328,25
3.5425966288894415,-5.242222222222224,0,-47.180000000000014,9,45,straddle_abuse,0.0430599053700765,0,0.2195,33,0,0,1729,0,0.0,3456,26
3.485217422246933,-5.262222222222224,0,-47.360000000000014,9,45,straddle_abuse,0.09350243707497914,0,0.2184,26,0,0,1729,0,0.0,3584,27
3.6308874059468508,-5.761111111111109,3.73,-51.84999999999998,9,51,straddle_abuse,0.10404688119888306,1,0.2173,25,0,0,1729,0,0.0,3712,28
3.495096631348133,-5.5022222222222235,0,-49.52000000000001,9,47,straddle_abuse,0.03217033545176188,0,0.2162,31,0,0,1729,0,0.0,3840,29
3.516367731615901,-2.7066666666666683,11.89,-24.360000000000014,9,34,straddle_abuse,0.7400569518407186,1,0.2151,23,0,0,1729,0,0.0,3968,30
3.559046456590295,-5.351111111111114,0,-48.160000000000025,9,46,straddle_abuse,0.0012454042832056682,0,0.214,25,0,0,1729,0,0.0,4096,31
3.457657266408205,-4.15,0,-37.35,9,35,straddle_abuse,-0.06520797560612361,0,0.213,19,0,0,1729,0,0.0,4224,32
3.4957712460309267,-4.404444444444442,1.85,-39.63999999999998,9,39,straddle_abuse,0.03134681284427643,1,0.2119,23,0,0,1729,0,0.0,4352,33
3.3125171344727278,-4.5777777777777775,0,-41.199999999999996,9,38,straddle_abuse,0.052918980518976845,0,0.2108,21,0,0,1729,0,0.0,4480,34
3.372725699096918,-4.38888888888889,0,-39.500000000000014,9,37,straddle_abuse,-0.012681066989898682,0,0.2098,26,0,0,1729,0,0.0,4608,35
3.3745143581181765,-4.495555555555556,0,-40.46,9,38,straddle_abuse,0.04307929674784342,0,0.2087,23,0,0,1729,0,0.0,4736,36
3.4190210830420256,-4.05555555555556,0,-36.500000000000036,9,34,straddle_abuse,-0.030108744899431866,0,0.2077,25,0,0,1729,0,0.0,4864,37
3.3535956609994173,-4.276666666666666,3.09,-38.489999999999995,9,36,straddle_abuse,0.030750319361686707,1,0.2066,27,0,0,1729,0,0.0,4992,38
3.399368869140744,-5.89888888888889,0,-53.09000000000001,9,51,straddle_abuse,0.06130105753739675,0,0.2056,26,0,0,1729,0,0.0,5120,39
3.3722696509212255,-4.554444444444446,0,-40.990000000000016,9,39,straddle_abuse,-0.028346086541811626,0,0.2046,25,0,0,1729,0,0.0,5248,40
3.385259659960866,-3.0322222222222224,14.39,-27.290000000000003,9,34,straddle_abuse,0.474520742893219,1,0.2036,35,0,0,1729,0,0.0,5376,41
3.3974136244505644,-4.101111111111111,9.25,-36.91,9,44,straddle_abuse,0.5592230359713236,1,0.2025,23,0,0,1729,0,0.0,5504,42
3.4344590101391077,-4.558888888888891,0,-41.030000000000015,9,39,straddle_abuse,0.013422295451164246,0,0.2015,23,0,0,1729,0,0.0,5632,43
3.3357784673571587,-3.3888888888888897,0,-30.500000000000007,9,28,straddle_abuse,0.0017627477645874023,0,0.2005,26,0,0,1729,0,0.0,5760,44
3.370031088590622,-4.695555555555557,0,-42.26000000000001,9,40,straddle_abuse,0.046355217695236206,0,0.1995,33,0,0,1729,0,0.0,5888,45
3.280307849869132,-4.201111111111111,0,-37.809999999999995,9,35,straddle_abuse,0.033227031429608665,0,0.1985,31,0,0,1729,0,0.0,6016,46
3.2919589020311832,-3.0422222222222235,1.65,-27.38000000000001,9,25,straddle_abuse,-0.015190502007802328,1,0.1975,16,0,0,1729,0,0.0,6144,47
3.2909328918904066,-4.517777777777781,0,-40.660000000000025,9,38,straddle_abuse,-0.003433977564175924,0,0.1965,22,0,0,1729,0,0.0,6272,48
3.28928729519248,-3.404444444444444,4.99,-30.639999999999997,9,33,straddle_abuse,0.20366530617078146,1,0.1956,32,0,0,1729,0,0.0,6400,49
3.249873908236623,-3.1555555555555546,1.29,-28.39999999999999,9,27,straddle_abuse,0.07761969168980916,1,0.1946,27,0,0,1729,0,0.0,6528,50
3.347384113818407,-2.1233333333333304,16.7,-19.109999999999975,9,33,straddle_abuse,1.3200488090515137,2,0.1936,33,0,0,1729,0,0.0,6656,51
3.349285326898098,-4.697777777777777,0,-42.27999999999999,9,40,straddle_abuse,0.028438344597816467,0,0.1926,31,0,0,1729,0,0.0,6784,52
3.434648849070072,-4.29,2.67,-38.61,9,37,straddle_abuse,0.041575695077578224,1,0.1917,19,0,0,1729,0,0.0,6912,53
3.396580772474408,-1.8155555555555536,9.25,-16.339999999999982,9,30,straddle_abuse,0.4255893925825755,3,0.1907,30,0,0,1729,0,0.0,7040,54
3.3039129935204983,-3.6311111111111094,0,-32.679999999999986,9,30,straddle_abuse,0.0009147127469380697,0,0.1898,25,0,0,1729,0,0.0,7168,55
3.3647303450852633,-3.4033333333333338,1.11,-30.630000000000003,9,30,straddle_abuse,0.011915425459543863,2,0.1888,20,0,0,1729,0,0.0,7296,56
3.3801277931779623,-4.703333333333335,0,-42.33000000000001,9,40,straddle_abuse,0.005763381719589233,0,0.1879,34,0,0,1729,0,0.0,7424,57
3.2455012910068035,-3.7644444444444463,0,-33.88000000000002,9,31,straddle_abuse,0.06326302886009216,0,0.1869,21,0,0,1729,0,0.0,7552,58
3.3205974865704775,-4.56888888888889,0,-41.12000000000001,9,39,straddle_abuse,0.04255505402882894,0,0.186,23,0,0,1729,0,0.0,7680,59
3.3501918744295835,-2.7500000000000004,0,-24.750000000000004,9,23,straddle_abuse,0.04147163530190786,0,0.1851,19,0,0,1729,0,0.0,7808,60
3.3263883888721466,-3.655555555555557,0,-32.90000000000001,9,31,straddle_abuse,0.05825761457284292,0,0.1841,26,0,0,1729,0,0.0,7936,61
3.3456695955246687,-4.012222222222222,0,-36.11,9,34,straddle_abuse,-0.018334994713465374,0,0.1832,27,0,0,1729,0,0.0,8064,62
3.2615572307258844,-3.6766666666666676,0,-33.09000000000001,9,31,straddle_abuse,0.012043426434199015,0,0.1823,25,0,0,1729,0,0.0,8192,63
3.222386473789811,-3.0511111111111084,0,-27.459999999999976,9,25,straddle_abuse,-0.04912275572617849,0,0.1814,19,0,0,1729,0,0.0,8320,64
3.2557607255876064,-2.393333333333335,15.84,-21.540000000000013,9,35,straddle_abuse,0.8963144818941752,2,0.1805,27,0,0,1729,0,0.0,8448,65
3.1721356343477964,-2.687777777777777,8.11,-24.18999999999999,9,30,straddle_abuse,0.47388320167859393,1,0.1796,29,0,0,1729,0,0.0,8576,66
3.1715599168092012,-3.6144444444444446,0,-32.53,9,30,straddle_abuse,0.03444039821624756,0,0.1787,29,0,0,1729,0,0.0,8704,67
3.2766901571303606,-3.4066666666666676,0,-30.660000000000007,9,28,straddle_abuse,0.03973438839117686,0,0.1778,25,0,0,1729,0,0.0,8832,68
3.2579689752310514,-3.0755555555555585,0,-27.680000000000025,9,25,straddle_abuse,-0.015194818377494812,0,0.1769,24,0,0,1729,0,0.0,8960,69
3.2142837326973677,-2.136666666666665,3.53,-19.229999999999983,9,17,straddle_abuse,0.12565337618192038,1,0.176,18,0,0,1729,0,0.0,9088,70
3.2792315781116486,-3.786666666666669,0,-34.08000000000002,9,32,straddle_abuse,0.024369855721791584,0,0.1751,23,0,0,1729,0,0.0,9216,71
3.3324475158005953,-2.440000000000001,5.09,-21.960000000000008,9,25,straddle_abuse,0.00028432408968607586,2,0.1743,27,0,0,1729,0,0.0,9344,72
3.231677645817399,-2.8644444444444437,1.16,-25.779999999999994,9,25,straddle_abuse,0.00797411302725474,1,0.1734,16,0,0,1729,0,0.0,9472,73
3.2970981281250715,-3.9655555555555577,0,-35.69000000000002,9,34,straddle_abuse,0.08326113224029541,0,0.1725,21,0,0,1729,0,0.0,9600,74
3.2052141707390547,-2.008888888888888,8.1,-18.07999999999999,9,24,straddle_abuse,0.12086257338523865,4,0.1717,21,0,0,1729,0,0.0,9728,75
3.12334275059402,-2.8977777777777773,15.86,-26.079999999999995,9,33,straddle_abuse,0.4357730746269226,1,0.1708,21,0,0,1729,0,0.0,9856,76
3.2013052068650723,-4.183333333333336,0,-37.65000000000003,9,36,straddle_abuse,0.04545934001604716,0,0.1699,28,0,0,1729,0,0.0,9984,77
3.143865901976824,-2.082222222222222,0,-18.74,9,17,straddle_abuse,-0.03378149370352427,0,0.1691,20,0,0,1729,0,0.0,10112,78
3.2150857131928205,-4.942222222222219,0,-44.479999999999976,9,43,straddle_abuse,0.2561773459116618,0,0.1683,20,0,0,1729,0,0.0,10240,79
3.202289577573538,-3.1977777777777816,0,-28.780000000000033,9,27,straddle_abuse,0.07508849600950877,0,0.1674,21,0,0,1729,0,0.0,10368,80
3.1597898304462433,-0.9988888888888877,12.45,-8.98999999999999,9,19,straddle_abuse,0.5193172891934713,2,0.1666,23,0,0,1729,0,0.0,10496,81
3.18265069834888,-4.146666666666667,0,-37.32000000000001,9,35,straddle_abuse,0.07410895327727,0,0.1657,28,0,0,1729,0,0.0,10624,82
3.1605351846665144,-3.2744444444444434,2.41,-29.46999999999999,9,30,straddle_abuse,0.06392008562882741,4,0.1649,15,0,0,1729,0,0.0,10752,83
3.175249520689249,-3.5533333333333346,0,-31.98000000000001,9,30,straddle_abuse,0.023232887188593548,0,0.1641,17,0,0,1729,0,0.0,10880,84
3.144202357158065,-3.582222222222223,0,-32.24000000000001,9,31,straddle_abuse,0.06126384437084198,0,0.1633,15,0,0,1729,0,0.0,11008,85
3.169133959338069,-3.2133333333333356,0,-28.92000000000002,9,27,straddle_abuse,0.027980118989944458,0,0.1625,28,0,0,1729,0,0.0,11136,86
3.0528297536075115,1.491111111111113,31.22,13.420000000000018,9,30,straddle_abuse,5.167101542154948,5,0.1616,17,0,0,1729,1,0.1111111111111111,11264,87
3.1280329320579767,-3.4655555555555564,4.26,-31.19000000000001,9,35,straddle_abuse,0.11542167762915294,2,0.1608,31,0,0,1729,0,0.0,11392,88
3.0041326116770506,-3.751111111111111,3.09,-33.76,9,35,straddle_abuse,0.19103147089481354,3,0.16,17,0,0,1729,0,0.0,11520,89
2.9607942402362823,-2.7633333333333328,2.31,-24.869999999999994,9,25,straddle_abuse,-0.01784031589825948,1,0.1592,17,0,0,1729,0,0.0,11648,90
2.879879469051957,-3.413333333333332,0,-30.719999999999988,9,28,straddle_abuse,0.08412009974320729,0,0.1584,20,0,0,1729,0,0.0,11776,91
2.9440327286720276,-3.3033333333333337,2.62,-29.730000000000004,9,30,straddle_abuse,0.08777843415737152,1,0.1576,16,0,0,1729,0,0.0,11904,92
3.0800241716206074,-2.388888888888887,0,-21.499999999999982,9,19,straddle_abuse,-0.008741470674673716,0,0.1569,26,0,0,1729,0,0.0,12032,93
3.0660193599760532,-2.6644444444444444,5.39,-23.98,9,32,straddle_abuse,0.316074679295222,3,0.1561,25,0,0,1729,0,0.0,12160,94
3.062296761199832,-2.5655555555555556,0,-23.09,9,21,straddle_abuse,-0.05118165661891302,0,0.1553,27,0,0,1729,0,0.0,12288,95
3.077745735645294,-1.4011111111111099,14.99,-12.609999999999989,9,26,straddle_abuse,0.9205851753552755,6,0.1545,22,0,0,1729,0,0.0,12416,96
2.9526818692684174,-2.632222222222222,4.21,-23.689999999999998,9,26,straddle_abuse,0.03803275525569916,1,0.1537,14,0,0,1729,0,0.0,12544,97
3.032599152997136,-1.795555555555553,2.4,-16.159999999999975,9,17,straddle_abuse,-0.017862598101298015,1,0.153,19,0,0,1729,0,0.0,12672,98
3.015428613871336,-1.3266666666666653,6.94,-11.939999999999987,9,22,straddle_abuse,0.19293461243311563,5,0.1522,18,0,0,1729,0,0.0,12800,99
3.7834950368851423,-6.946666666666666,0,-62.519999999999996,9,61,straddle_abuse,0.9173795382181803,0,0.25,41,1,0,1730,0,0.0,128,0
3.83350027538836,-7.9388888888888935,0,-71.45000000000005,9,70,straddle_abuse,1.1354727745056152,0,0.2487,35,1,0,1730,0,0.0,256,1
3.8599420376122,-8.33,0,-74.97,9,74,straddle_abuse,1.1337368488311768,0,0.2475,38,1,0,1730,0,0.0,384,2
3.8328867219388485,-7.174444444444449,0,-64.57000000000004,9,63,straddle_abuse,0.8085927168528239,0,0.2463,33,1,0,1730,0,0.0,512,3
3.869260085746646,-7.926666666666672,0,-71.34000000000005,9,70,straddle_abuse,0.7951106826464335,0,0.245,32,1,0,1730,0,0.0,640,4
3.8588078655302525,-7.1499999999999995,0,-64.35,9,63,straddle_abuse,0.43888668219248456,0,0.2438,34,1,0,1730,0,0.0,768,5
3.8511664289981127,-7.901111111111111,0,-71.11,9,70,straddle_abuse,0.7825419306755066,0,0.2426,28,1,0,1730,0,0.0,896,6
3.757908733561635,-6.946666666666669,0,-62.52000000000002,9,61,straddle_abuse,0.45099634925524396,0,0.2414,24,1,0,1730,0,0.0,1024,7
3.807329101487994,-6.838888888888892,0,-61.550000000000026,9,60,straddle_abuse,0.48503802220026654,0,0.2402,31,1,0,1730,0,0.0,1152,8
3.6990368235856295,-6.88,0,-61.92,9,60,straddle_abuse,0.35784879326820374,0,0.239,24,1,0,1730,0,0.0,1280,9
3.6315184496343136,-6.321111111111112,0,-56.89000000000001,9,55,straddle_abuse,0.29831405480702716,0,0.2378,30,1,0,1730,0,0.0,1408,10
3.7351668924093246,-7.384444444444445,0,-66.46000000000001,9,65,straddle_abuse,0.3651839892069499,0,0.2366,33,1,0,1730,0,0.0,1536,11
3.6092127840965986,-6.571111111111112,0,-59.14000000000001,9,57,straddle_abuse,0.2905861735343933,0,0.2354,31,1,0,1730,0,0.0,1664,12
3.6585280559957027,-6.097777777777777,0,-54.879999999999995,9,53,straddle_abuse,0.2652603089809418,0,0.2342,31,1,0,1730,0,0.0,1792,13
3.5659265965223312,-5.46888888888889,0,-49.22000000000001,9,47,straddle_abuse,0.14636182288328806,0,0.2331,30,1,0,1730,0,0.0,1920,14
3.6139330863952637,-6.065555555555557,0,-54.59000000000001,9,53,straddle_abuse,0.09550681213537852,0,0.2319,26,1,0,1730,0,0.0,2048,15
3.541536584496498,-5.757777777777778,0,-51.82,9,49,straddle_abuse,0.08874860405921936,0,0.2307,28,1,0,1730,0,0.0,2176,16
3.6450530868023634,-5.1577777777777785,3.96,-46.42000000000001,9,51,straddle_abuse,0.2824532787005107,2,0.2296,41,1,0,1730,0,0.0,2304,17
3.541589068248868,-6.566666666666669,0,-59.10000000000002,9,57,straddle_abuse,0.13798676431179047,0,0.2284,34,1,0,1730,0,0.0,2432,18
3.6883752811700106,-6.091111111111113,0,-54.820000000000014,9,53,straddle_abuse,0.08862593273321788,0,0.2273,30,1,0,1730,0,0.0,2560,19
3.481975320726633,-3.9099999999999997,11.42,-35.19,9,44,straddle_abuse,0.3608282804489136,1,0.2262,24,1,0,1730,0,0.0,2688,20
3.4900242425501347,-6.912222222222223,0,-62.21,9,60,straddle_abuse,0.19037718574206033,0,0.225,27,1,0,1730,0,0.0,2816,21
3.400365175679326,-4.880000000000001,0,-43.92000000000001,9,41,straddle_abuse,0.03096705178419749,0,0.2239,17,1,0,1730,0,0.0,2944,22
3.3706954400986433,-5.992222222222221,4.62,-53.92999999999999,9,56,straddle_abuse,0.35249022642771405,1,0.2228,30,1,0,1730,0,0.0,3072,23
3.3931279219686985,-5.204444444444442,0,-46.839999999999975,9,44,straddle_abuse,0.12750497460365295,0,0.2217,30,1,0,1730,0,0.0,3200,24
3.5607904735952616,-6.788888888888893,0,-61.10000000000004,9,59,straddle_abuse,0.1442683587471644,0,0.2206,37,1,0,1730,0,0.0,3328,25
3.4878424629569054,-4.4877777777777785,0,-40.39000000000001,9,38,straddle_abuse,0.09616197148958842,0,0.2195,29,1,0,1730,0,0.0,3456,26
3.5541436932981014,-4.63888888888889,0,-41.750000000000014,9,40,straddle_abuse,0.06600175301233928,0,0.2184,28,1,0,1730,0,0.0,3584,27
3.5088943131268024,-5.821111111111108,3.63,-52.38999999999997,9,54,straddle_abuse,0.07652704417705536,1,0.2173,31,1,0,1730,0,0.0,3712,28
3.4708252139389515,-4.631111111111108,0,-41.67999999999997,9,39,straddle_abuse,0.0029996484518051147,0,0.2162,30,1,0,1730,0,0.0,3840,29
3.4307036604732275,-4.633333333333331,0,-41.69999999999998,9,39,straddle_abuse,0.06923876702785492,0,0.2151,34,1,0,1730,0,0.0,3968,30
3.4912504330277443,-6.227777777777776,0,-56.04999999999998,9,54,straddle_abuse,0.09029972056547801,0,0.214,33,1,0,1730,0,0.0,4096,31
3.3201499581336975,-4.5622222222222195,0,-41.059999999999974,9,38,straddle_abuse,0.01238176723321279,0,0.213,27,1,0,1730,0,0.0,4224,32
3.417218327522278,-4.599999999999998,7.93,-41.39999999999998,9,47,straddle_abuse,0.3826911648114522,1,0.2119,27,1,0,1730,0,0.0,4352,33
3.3905116990208626,-5.035555555555556,0,-45.32,9,43,straddle_abuse,0.03229746719201406,0,0.2108,21,1,0,1730,0,0.0,4480,34
3.4935435112565756,-5.628888888888889,0,-50.66,9,49,straddle_abuse,0.2315310686826706,0,0.2098,32,1,0,1730,0,0.0,4608,35
3.3733950406312943,-3.2877777777777752,8.32,-29.58999999999998,9,35,straddle_abuse,0.4580185612042745,1,0.2087,30,1,0,1730,0,0.0,4736,36
3.3518364541232586,-6.0488888888888885,7.19,-54.44,9,52,straddle_abuse,0.037769059340159096,1,0.2077,24,1,0,1730,0,0.0,4864,37
3.387295486405492,-4.736666666666667,0,-42.63,9,40,straddle_abuse,0.04796050488948822,0,0.2066,25,1,0,1730,0,0.0,4992,38
3.437464052811265,-4.271111111111111,0,-38.44,9,36,straddle_abuse,-0.02641117572784424,0,0.2056,30,1,0,1730,0,0.0,5120,39
3.432618424296379,-3.5211111111111135,0,-31.690000000000023,9,29,straddle_abuse,-0.006305267413457234,0,0.2046,25,1,0,1730,0,0.0,5248,40
3.4197242949157953,-4.637777777777776,0,-41.73999999999999,9,39,straddle_abuse,0.009952689210573832,0,0.2036,20,1,0,1730,0,0.0,5376,41
3.5038359593600035,-3.7033333333333354,0,-33.33000000000002,9,31,straddle_abuse,-0.03904228905836741,0,0.2025,26,1,0,1730,0,0.0,5504,42
3.5286822076886892,-4.900000000000002,0,-44.10000000000002,9,42,straddle_abuse,-0.04747868080933889,0,0.2015,29,1,0,1730,0,0.0,5632,43
3.570356346666813,-6.106666666666667,0,-54.96000000000001,9,53,straddle_abuse,0.09247798224290212,0,0.2005,30,1,0,1730,0,0.0,5760,44
3.503018034622073,-4.701111111111108,0,-42.309999999999974,9,40,straddle_abuse,0.020246108373006184,0,0.1995,31,1,0,1730,0,0.0,5888,45
3.4881911166012287,-3.9088888888888897,4.16,-35.18000000000001,9,37,straddle_abuse,-0.00638715922832489,1,0.1985,31,1,0,1730,0,0.0,6016,46
3.4742931816726923,-4.722222222222217,0,-42.49999999999995,9,40,straddle_abuse,0.0447452167669932,0,0.1975,33,1,0,1730,0,0.0,6144,47
3.5608555488288403,-5.310000000000004,0,-47.790000000000035,9,46,straddle_abuse,0.0468063751856486,0,0.1965,24,1,0,1730,0,0.0,6272,48
3.591944210231304,3.112222222222218,37,28.009999999999962,9,35,straddle_abuse,11.649224917093912,2,0.1956,29,1,0,1730,1,0.1111111111111111,6400,49
3.6174306385219097,-4.2233333333333345,0,-38.01000000000001,9,36,straddle_abuse,-0.014098301529884338,0,0.1946,29,1,0,1730,0,0.0,6528,50
3.4205381516367197,-5.716666666666663,0,-51.44999999999997,9,49,straddle_abuse,0.13029172023137411,0,0.1936,28,1,0,1730,0,0.0,6656,51
3.4140573497861624,-4.614444444444443,0,-41.52999999999999,9,39,straddle_abuse,0.10012437403202057,0,0.1926,25,1,0,1730,0,0.0,6784,52
3.538257820531726,-4.145555555555557,0,-37.31000000000001,9,35,straddle_abuse,-0.009383593996365866,0,0.1917,36,1,0,1730,0,0.0,6912,53
3.441079344600439,-4.142222222222227,0,-37.28000000000004,9,35,straddle_abuse,0.09376030663649242,0,0.1907,15,1,0,1730,0,0.0,7040,54
3.4201557990163565,-4.698888888888892,0,-42.29000000000002,9,40,straddle_abuse,-0.002215410272280375,0,0.1898,21,1,0,1730,0,0.0,7168,55
3.3831059355288744,-3.553333333333334,15.86,-31.980000000000008,9,32,straddle_abuse,0.18639594813187918,1,0.1888,21,1,0,1730,0,0.0,7296,56
3.4063302222639322,-4.798888888888893,0,-43.19000000000003,9,41,straddle_abuse,0.04386832813421885,0,0.1879,24,1,0,1730,0,0.0,7424,57
3.3506813310086727,-2.8688888888888875,5.55,-25.819999999999986,9,32,straddle_abuse,0.11855735878149669,2,0.1869,21,1,0,1730,0,0.0,7552,58
3.357624664902687,-3.9066666666666694,4.27,-35.160000000000025,9,37,straddle_abuse,0.05783657729625702,1,0.186,31,1,0,1730,0,0.0,7680,59
3.441237110644579,-5.1944444444444455,0,-46.75000000000001,9,45,straddle_abuse,0.20029431581497192,0,0.1851,23,1,0,1730,0,0.0,7808,60
3.331912077963352,-3.3122222222222217,0,-29.809999999999995,9,27,straddle_abuse,-0.02337569495042165,0,0.1841,21,1,0,1730,0,0.0,7936,61
3.32012558542192,-3.4477777777777785,3.33,-31.03000000000001,9,31,straddle_abuse,-0.007231518626213074,1,0.1832,21,1,0,1730,0,0.0,8064,62
3.3738759364932775,-1.9311111111111137,18.5,-17.380000000000024,9,34,straddle_abuse,1.9344245592753093,1,0.1823,21,1,0,1730,0,0.0,8192,63
3.2463444024324417,-3.2588888888888876,0,-29.329999999999988,9,27,straddle_abuse,0.12929992377758026,0,0.1814,16,1,0,1730,0,0.0,8320,64
3.2651205640286207,-2.218888888888891,10.28,-19.97000000000002,9,28,straddle_abuse,0.4325091044108073,1,0.1805,28,1,0,1730,0,0.0,8448,65
3.2789014913141727,-2.5077777777777785,8,-22.570000000000007,9,37,straddle_abuse,0.6310639580090841,2,0.1796,18,1,0,1730,0,0.0,8576,66
3.1965201776474714,-3.7644444444444454,5.59,-33.88000000000001,9,32,straddle_abuse,0.11460947493712108,1,0.1787,19,1,0,1730,0,0.0,8704,67
3.211749268695712,-1.9355555555555553,11.56,-17.419999999999998,9,29,straddle_abuse,0.34992946187655133,4,0.1778,23,1,0,1730,0,0.0,8832,68
3.234875285997987,-3.716666666666667,0,-33.45,9,32,straddle_abuse,0.1968443195025126,0,0.1769,26,1,0,1730,0,0.0,8960,69
3.2314738277345896,-1.158888888888886,15.2,-10.429999999999973,9,38,straddle_abuse,1.606217583020528,4,0.176,22,1,0,1730,0,0.0,9088,70
3.260969629511237,-4.328888888888894,0,-38.96000000000004,9,37,straddle_abuse,0.1221160888671875,0,0.1751,27,1,0,1730,0,0.0,9216,71
3.242985324934125,-1.8466666666666665,12.12,-16.619999999999997,9,29,straddle_abuse,0.7512945731480917,2,0.1743,19,1,0,1730,0,0.0,9344,72
3.1988756339997053,-2.1555555555555532,5.73,-19.399999999999977,9,25,straddle_abuse,0.2009572684764862,4,0.1734,19,1,0,1730,0,0.0,9472,73
3.2912662737071514,-4.5922222222222215,3.35,-41.32999999999999,9,40,straddle_abuse,0.22375610967477164,1,0.1725,21,1,0,1730,0,0.0,9600,74
3.315594084560871,-2.153333333333332,9.71,-19.37999999999999,9,25,straddle_abuse,0.07664022346337636,2,0.1717,23,1,0,1730,0,0.0,9728,75
3.2264441400766373,-2.5466666666666646,13.22,-22.91999999999998,9,39,straddle_abuse,1.0232994953791301,3,0.1708,27,1,0,1730,0,0.0,9856,76
3.2777644153684378,-2.9988888888888905,0,-26.990000000000013,9,25,straddle_abuse,0.00586243470509847,0,0.1699,30,1,0,1730,0,0.0,9984,77
3.2003470305353403,-1.0155555555555524,9.98,-9.139999999999972,9,22,straddle_abuse,0.7714781363805135,2,0.1691,16,1,0,1730,0,0.0,10112,78
3.194249654188752,-3.0288888888888885,7.19,-27.259999999999998,9,35,straddle_abuse,0.14989709854125977,3,0.1683,14,1,0,1730,0,0.0,10240,79
3.2032807115465403,-3.6066666666666674,0,-32.46000000000001,9,30,straddle_abuse,-0.0109347403049469,0,0.1674,22,1,0,1730,0,0.0,10368,80
3.1530244685709476,-3.9499999999999997,0,-35.55,9,33,straddle_abuse,-0.0031029085318247476,0,0.1666,25,1,0,1730,0,0.0,10496,81
3.2774822618812323,-3.202222222222224,4.81,-28.820000000000018,9,32,straddle_abuse,0.2109131713708242,3,0.1657,24,1,0,1730,0,0.0,10624,82
3.235465556383133,-3.1633333333333336,2.5,-28.470000000000002,9,27,straddle_abuse,0.036504452427228294,1,0.1649,16,1,0,1730,0,0.0,10752,83
3.2080543506890535,-1.0355555555555538,16.19,-9.319999999999984,9,27,straddle_abuse,1.3248179753621419,2,0.1641,25,1,0,1730,0,0.0,10880,84
3.163515767082572,-3.48,1.82,-31.32,9,31,straddle_abuse,0.04342284301916758,1,0.1633,20,1,0,1730,0,0.0,11008,85
3.1283784583210945,-2.368888888888887,9.61,-21.319999999999983,9,29,straddle_abuse,0.29938775300979614,1,0.1625,20,1,0,1730,0,0.0,11136,86
3.1259946171194315,-2.359999999999998,0,-21.239999999999984,9,19,straddle_abuse,-0.0268474742770195,0,0.1616,25,1,0,1730,0,0.0,11264,87
3.109527112916112,-2.1766666666666654,9.25,-19.58999999999999,9,30,straddle_abuse,0.3100659151871999,2,0.1608,22,1,0,1730,0,0.0,11392,88
3.132112866267562,-2.1188888888888857,4.92,-19.069999999999972,9,22,straddle_abuse,0.1951701541741689,2,0.16,13,1,0,1730,0,0.0,11520,89
3.0847194101661444,-1.8077777777777746,0,-16.26999999999997,9,14,straddle_abuse,-0.07982233415047328,0,0.1592,14,1,0,1730,0,0.0,11648,90
3.133704086765647,-2.017777777777777,14.29,-18.159999999999993,9,31,straddle_abuse,0.9298901955286661,2,0.1584,19,1,0,1730,0,0.0,11776,91
3.1768969986587763,-3.811111111111113,0,-34.30000000000002,9,33,straddle_abuse,0.0592225044965744,0,0.1576,22,1,0,1730,0,0.0,11904,92
3.165324028581381,-2.0055555555555546,6.66,-18.04999999999999,9,26,straddle_abuse,0.17882990340391794,3,0.1569,21,1,0,1730,0,0.0,12032,93
3.1569899898022413,-2.0255555555555533,11.11,-18.22999999999998,9,28,straddle_abuse,0.5245332717895508,1,0.1561,23,1,0,1730,0,0.0,12160,94
3.1079254411160946,-2.5655555555555547,0,-23.089999999999993,9,21,straddle_abuse,-0.09509148200352986,0,0.1553,19,1,0,1730,0,0.0,12288,95
3.0847435984760523,-3.6377777777777798,0,-32.740000000000016,9,31,straddle_abuse,0.04837726056575775,0,0.1545,15,1,0,1730,0,0.0,12416,96
3.0782561898231506,-1.7877777777777755,13.99,-16.08999999999998,9,28,straddle_abuse,1.0255111853281658,2,0.1537,24,1,0,1730,0,0.0,12544,97
2.981019384227693,0.021111111111113395,21.03,0.19000000000002054,9,19,straddle_abuse,2.4869583447774253,2,0.153,19,1,0,1730,0,0.0,12672,98
3.003969134762883,-1.1333333333333309,10.94,-10.199999999999978,9,20,straddle_abuse,0.7195318937301636,3,0.1522,17,1,0,1730,0,0.0,12800,99
3.906852776184678,-5.98,17.12,-53.82,9,70,straddle_abuse,1.8649832804997761,1,0.25,26,2,0,1731,0,0.0,128,0
3.848650498315692,-7.58555555555556,0,-68.27000000000004,9,67,straddle_abuse,0.6566028396288554,0,0.2487,32,2,0,1731,0,0.0,256,1
3.8175972532480955,-7.390000000000005,0,-66.51000000000005,9,65,straddle_abuse,0.5381289919217428,0,0.2475,27,2,0,1731,0,0.0,384,2
3.7432382497936487,-6.006666666666672,0,-54.06000000000005,9,52,straddle_abuse,0.178645188609759,0,0.2463,38,2,0,1731,0,0.0,512,3
3.845696747303009,-7.7155555555555555,0,-69.44,9,68,straddle_abuse,0.5717317660649618,0,0.245,38,2,0,1731,0,0.0,640,4
3.840821661055088,-7.471111111111118,0,-67.24000000000007,9,66,straddle_abuse,0.5206108689308167,0,0.2438,38,2,0,1731,0,0.0,768,5
3.779301505535841,-7.610000000000009,0,-68.49000000000008,9,67,straddle_abuse,0.5602075060208639,0,0.2426,34,2,0,1731,0,0.0,896,6
3.86084022000432,-8.030000000000005,0,-72.27000000000004,9,71,straddle_abuse,0.45601505041122437,0,0.2414,32,2,0,1731,0,0.0,1024,7
3.9171404372900724,-8.463333333333347,0,-76.17000000000013,9,75,straddle_abuse,0.4662621319293976,0,0.2402,28,2,0,1731,0,0.0,1152,8
3.6761656552553177,-6.01222222222222,0,-54.10999999999998,9,52,straddle_abuse,0.20439914365609488,0,0.239,28,2,0,1731,0,0.0,1280,9
3.6993204429745674,-6.123333333333336,18.5,-55.11000000000002,9,53,straddle_abuse,0.9418535431226095,1,0.2378,31,2,0,1731,0,0.0,1408,10
3.727420002222061,-5.638888888888891,2.21,-50.75000000000002,9,51,straddle_abuse,0.23931834598382315,1,0.2366,24,2,0,1731,0,0.0,1536,11
3.838066352531314,-7.480000000000004,0,-67.32000000000004,9,66,straddle_abuse,0.3132243553797404,0,0.2354,37,2,0,1731,0,0.0,1664,12
3.829488830640912,-6.5711111111111125,9.25,-59.140000000000015,9,69,straddle_abuse,0.655454138914744,2,0.2342,28,2,0,1731,0,0.0,1792,13
3.7311859149485826,-4.628888888888892,5.43,-41.66000000000003,9,45,straddle_abuse,0.256419579188029,1,0.2331,36,2,0,1731,0,0.0,1920,14
3.6783002112060785,-6.005555555555556,0,-54.05000000000001,9,52,straddle_abuse,0.11946900188922882,0,0.2319,34,2,0,1731,0,0.0,2048,15
3.829853655770421,-7.826666666666668,0,-70.44000000000001,9,69,straddle_abuse,0.24966173867384592,0,0.2307,25,2,0,1731,0,0.0,2176,16
3.7951473128050566,-7.260000000000001,0,-65.34,9,64,straddle_abuse,0.1947321593761444,0,0.2296,32,2,0,1731,0,0.0,2304,17
3.7437060233205557,-6.718888888888888,0,-60.469999999999985,9,59,straddle_abuse,0.10710224012533824,0,0.2284,28,2,0,1731,0,0.0,2432,18
3.8314640652388334,-6.547777777777778,5.48,-58.93000000000001,9,63,straddle_abuse,0.14729425311088562,1,0.2273,29,2,0,1731,0,0.0,2560,19
3.6592968832701445,-6.11444444444445,0,-55.03000000000005,9,53,straddle_abuse,0.14181554317474365,0,0.2262,31,2,0,1731,0,0.0,2688,20
3.5378379430621862,-5.739999999999999,0,-51.66,9,49,straddle_abuse,0.06473815441131592,0,0.225,33,2,0,1731,0,0.0,2816,21
3.6117078997194767,-6.645555555555558,0,-59.810000000000024,9,58,straddle_abuse,0.1689759095509847,0,0.2239,27,2,0,1731,0,0.0,2944,22
3.565166437998414,-6.268888888888892,0,-56.42000000000003,9,54,straddle_abuse,0.013470123211542765,0,0.2228,29,2,0,1731,0,0.0,3072,23
3.577496726065874,-5.143333333333337,10.28,-46.290000000000035,9,49,straddle_abuse,0.18976236879825592,1,0.2217,34,2,0,1731,0,0.0,3200,24
3.579359257593751,-5.423333333333331,14.23,-48.80999999999998,9,61,straddle_abuse,1.0160669883092244,2,0.2206,29,2,0,1731,0,0.0,3328,25
3.6569911800324917,-6.556666666666668,0,-59.01000000000002,9,57,straddle_abuse,0.06917900343736012,0,0.2195,25,2,0,1731,0,0.0,3456,26
3.5689886957406998,-5.27888888888889,0,-47.51000000000001,9,45,straddle_abuse,0.014487067858378092,0,0.2184,31,2,0,1731,0,0.0,3584,27
3.589474104344845,-4.453333333333334,9.25,-40.080000000000005,9,47,straddle_abuse,0.4139748811721802,1,0.2173,27,2,0,1731,0,0.0,3712,28
3.555671913549304,-5.577777777777779,0,-50.20000000000002,9,48,straddle_abuse,0.09555655717849731,0,0.2162,27,2,0,1731,0,0.0,3840,29
3.4924066849052906,-6.376666666666669,0,-57.390000000000015,9,55,straddle_abuse,0.10807187855243683,0,0.2151,27,2,0,1731,0,0.0,3968,30
3.359941443428397,-5.655555555555553,0,-50.89999999999998,9,48,straddle_abuse,-0.01582975188891093,0,0.214,16,2,0,1731,0,0.0,4096,31
3.527264451608062,-5.572222222222224,0,-50.15000000000001,9,48,straddle_abuse,0.06655153632164001,0,0.213,18,2,0,1731,0,0.0,4224,32
3.446786493062973,-5.746666666666665,0,-51.719999999999985,9,49,straddle_abuse,0.08200228710969289,0,0.2119,34,2,0,1731,0,0.0,4352,33
3.3584682177752256,-3.95333333333333,15.2,-35.57999999999997,9,48,straddle_abuse,1.5455273787180583,1,0.2108,24,2,0,1731,0,0.0,4480,34
3.5247361809015274,-4.395555555555557,0,-39.56000000000001,9,37,straddle_abuse,-0.01652124524116516,0,0.2098,27,2,0,1731,0,0.0,4608,35
3.581105563789606,-4.62111111111111,0,-41.58999999999999,9,39,straddle_abuse,-0.01565768818060557,0,0.2087,24,2,0,1731,0,0.0,4736,36
3.541068062186241,-4.398888888888893,0,-39.59000000000003,9,37,straddle_abuse,0.024165843923886616,0,0.2077,35,2,0,1731,0,0.0,4864,37
3.5588660072535276,-4.033333333333331,4,-36.29999999999998,9,38,straddle_abuse,0.05400977532068888,1,0.2066,24,2,0,1731,0,0.0,4992,38
3.6177000049501657,-5.158888888888892,6.61,-46.430000000000035,9,51,straddle_abuse,0.30764790376027423,1,0.2056,25,2,0,1731,0,0.0,5120,39
3.6079180352389812,-6.743333333333334,0,-60.690000000000005,9,59,straddle_abuse,0.13910332322120667,0,0.2046,29,2,0,1731,0,0.0,5248,40
3.565979713574052,-4.665555555555553,4.27,-41.98999999999998,9,44,straddle_abuse,0.18961025277773538,1,0.2036,24,2,0,1731,0,0.0,5376,41
3.5648586377501488,-4.7888888888888905,20.56,-43.100000000000016,9,41,straddle_abuse,0.32732807596524555,1,0.2025,21,2,0,1731,0,0.0,5504,42
3.3858495727181435,-4.226666666666667,7.77,-38.04,9,43,straddle_abuse,0.5076976617177328,1,0.2015,21,2,0,1731,0,0.0,5632,43
3.57267296127975,-2.612222222222227,19.21,-23.51000000000004,9,48,straddle_abuse,1.2958913644154866,2,0.2005,25,2,0,1731,0,0.0,5760,44
3.531645182520151,-4.42888888888889,5.14,-39.860000000000014,9,43,straddle_abuse,0.2714396119117737,2,0.1995,27,2,0,1731,0,0.0,5888,45
3.609835071489215,-2.204444444444445,35.68,-19.840000000000003,9,54,straddle_abuse,6.618336041768392,1,0.1985,24,2,0,1731,1,0.1111111111111111,6016,46
3.523442966863513,-4.816666666666667,0,-43.35000000000001,9,41,straddle_abuse,0.2017726997534434,0,0.1975,21,2,0,1731,0,0.0,6144,47
3.4969051852822304,-4.924444444444443,1.2,-44.319999999999986,9,43,straddle_abuse,0.05829747517903646,1,0.1965,22,2,0,1731,0,0.0,6272,48
3.3823371343314648,-3.7544444444444434,0,-33.78999999999999,9,31,straddle_abuse,0.020845929781595867,0,0.1956,21,2,0,1731,0,0.0,6400,49
3.571073815226555,-5.121111111111111,0,-46.09,9,44,straddle_abuse,0.1403672049442927,0,0.1946,29,2,0,1731,0,0.0,6528,50
3.5209456142038107,-4.271111111111114,9.29,-38.440000000000026,9,46,straddle_abuse,0.4750937720139821,1,0.1936,19,2,0,1731,0,0.0,6656,51
3.381660344079137,-5.0777777777777775,0,-45.699999999999996,9,43,straddle_abuse,0.07063663005828857,0,0.1926,24,2,0,1731,0,0.0,6784,52
3.3302361238747835,-4.568888888888887,0,-41.11999999999998,9,38,straddle_abuse,0.045934135715166725,0,0.1917,31,2,0,1731,0,0.0,6912,53
3.3347653690725565,-4.439999999999998,0,-39.95999999999998,9,37,straddle_abuse,0.06525419155756633,0,0.1907,30,2,0,1731,0,0.0,7040,54
3.5239431224763393,-5.0,0,-45,9,43,straddle_abuse,0.001519883672396342,0,0.1898,29,2,0,1731,0,0.0,7168,55
3.528765780851245,-4.5244444444444465,0,-40.72000000000002,9,38,straddle_abuse,0.014653424421946207,0,0.1888,23,2,0,1731,0,0.0,7296,56
3.474297884851694,-0.2655555555555525,37,-2.3899999999999726,9,37,straddle_abuse,4.4694671630859375,2,0.1879,22,2,0,1731,1,0.1111111111111111,7424,57
3.530956981703639,-3.8133333333333326,0,-34.31999999999999,9,32,straddle_abuse,0.015988325079282124,0,0.1869,31,2,0,1731,0,0.0,7552,58
3.5483023803681135,-4.505555555555555,0,-40.54999999999999,9,38,straddle_abuse,0.07200888792673747,0,0.186,37,2,0,1731,0,0.0,7680,59
3.5529177356511354,-4.796666666666672,0,-43.17000000000005,9,41,straddle_abuse,-0.00809307893117269,0,0.1851,35,2,0,1731,0,0.0,7808,60
3.5623151529580355,-3.7877777777777784,1.08,-34.09,9,33,straddle_abuse,-0.04373521606127421,1,0.1841,21,2,0,1731,0,0.0,7936,61
3.463783334940672,-4.086666666666668,16.85,-36.78000000000001,9,38,straddle_abuse,0.5845225850741068,3,0.1832,19,2,0,1731,0,0.0,8064,62
3.4897702392190695,-3.7255555555555566,0,-33.53000000000001,9,31,straddle_abuse,-0.0031619220972061157,0,0.1823,18,2,0,1731,0,0.0,8192,63
3.4653400536626577,-1.8077777777777781,24.43,-16.270000000000003,9,48,straddle_abuse,3.2173484166463218,3,0.1814,25,2,0,1731,0,0.0,8320,64
3.4607318844646215,-4.868888888888892,0,-43.82000000000003,9,42,straddle_abuse,0.03908360501130422,0,0.1805,25,2,0,1731,0,0.0,8448,65
3.2566000912338495,-4.986666666666667,0,-44.88,9,42,straddle_abuse,0.060734118024508156,0,0.1796,24,2,0,1731,0,0.0,8576,66
3.40393946133554,-3.738888888888889,10.57,-33.65,9,42,straddle_abuse,0.3508819838364919,1,0.1787,26,2,0,1731,0,0.0,8704,67
3.3181664049625397,-3.1444444444444417,0,-28.299999999999976,9,25,straddle_abuse,-0.004413828253746033,0,0.1778,25,2,0,1731,0,0.0,8832,68
3.3567003812640905,-3.547777777777778,0,-31.930000000000003,9,29,straddle_abuse,0.01785678168137868,0,0.1769,20,2,0,1731,0,0.0,8960,69
3.386669399216771,-4.377777777777777,0,-39.4,9,37,straddle_abuse,0.006113479534784953,0,0.176,14,2,0,1731,0,0.0,9088,70
3.449223581701517,-4.4622222222222225,5.95,-40.160000000000004,9,44,straddle_abuse,0.16369900107383728,1,0.1751,21,2,0,1731,0,0.0,9216,71
3.3029112592339516,-4.643333333333334,0,-41.79000000000001,9,39,straddle_abuse,-0.03853333741426468,0,0.1743,20,2,0,1731,0,0.0,9344,72
3.310735499486327,-3.9366666666666674,0,-35.43000000000001,9,33,straddle_abuse,-0.03132787346839905,0,0.1734,20,2,0,1731,0,0.0,9472,73
3.3303977493196726,-4.016666666666664,0,-36.14999999999998,9,34,straddle_abuse,0.04316868384679159,0,0.1725,22,2,0,1731,0,0.0,9600,74
3.546973779797554,-5.048888888888893,0,-45.44000000000003,9,44,straddle_abuse,0.12321380774180095,0,0.1717,29,2,0,1731,0,0.0,9728,75
3.5052670873701572,-4.052222222222224,0,-36.47000000000002,9,35,straddle_abuse,0.02116494874159495,0,0.1708,28,2,0,1731,0,0.0,9856,76
3.448377553373575,-3.7399999999999998,0,-33.66,9,32,straddle_abuse,-0.06635311742623647,0,0.1699,23,2,0,1731,0,0.0,9984,77
3.317095646634698,-2.3722222222222222,28.78,-21.35,9,32,straddle_abuse,1.0740339358647664,1,0.1691,20,2,0,1731,0,0.0,10112,78
3.348907671868801,-3.2366666666666664,7.12,-29.13,9,34,straddle_abuse,0.32938196261723834,2,0.1683,19,2,0,1731,0,0.0,10240,79
3.3895302545279264,-4.138888888888891,0,-37.25000000000002,9,35,straddle_abuse,0.0321548730134964,0,0.1674,32,2,0,1731,0,0.0,10368,80
3.235338656231761,-3.9333333333333322,0,-35.39999999999999,9,33,straddle_abuse,0.02108629047870636,0,0.1666,12,2,0,1731,0,0.0,10496,81
3.274102784693241,-1.337777777777775,23.78,-12.039999999999976,9,33,straddle_abuse,3.1586862405141196,1,0.1657,32,2,0,1731,0,0.0,10624,82
3.3230433370918036,-3.2899999999999983,2.7,-29.609999999999985,9,30,straddle_abuse,0.13058304289976755,1,0.1649,18,2,0,1731,0,0.0,10752,83
3.3361376337707043,-3.052222222222225,7.44,-27.470000000000027,9,38,straddle_abuse,0.33177463213602704,4,0.1641,25,2,0,1731,0,0.0,10880,84
3.2787934839725494,-3.1199999999999997,1.28,-28.08,9,27,straddle_abuse,-0.025620390971501667,1,0.1633,20,2,0,1731,0,0.0,11008,85
3.270743051543832,-2.7033333333333354,9.08,-24.33000000000002,9,31,straddle_abuse,0.6152111887931824,2,0.1625,14,2,0,1731,0,0.0,11136,86
3.322669768705964,-2.261111111111111,13.24,-20.349999999999998,9,33,straddle_abuse,0.49937160809834796,5,0.1616,22,2,0,1731,0,0.0,11264,87
3.288068898022175,-3.2833333333333328,1.65,-29.549999999999994,9,29,straddle_abuse,-0.005605051914850871,1,0.1608,23,2,0,1731,0,0.0,11392,88
3.258549802005291,-3.7733333333333317,1.29,-33.95999999999999,9,33,straddle_abuse,-0.008817310134569803,1,0.16,14,2,0,1731,0,0.0,11520,89
3.26663301885128,-4.983333333333333,0,-44.85,9,43,straddle_abuse,0.16669039924939474,0,0.1592,22,2,0,1731,0,0.0,11648,90
3.188128212466836,-4.150000000000002,0,-37.35000000000002,9,35,straddle_abuse,0.06221608817577362,0,0.1584,15,2,0,1731,0,0.0,11776,91
3.2133808620274067,-2.2966666666666677,8.92,-20.67000000000001,9,27,straddle_abuse,0.47559115290641785,2,0.1576,25,2,0,1731,0,0.0,11904,92
3.2265262249857187,-2.944444444444446,3.7,-26.500000000000014,9,28,straddle_abuse,0.03290209174156189,1,0.1569,21,2,0,1731,0,0.0,12032,93
3.1315383687615395,0.7288888888888888,37,6.56,9,28,straddle_abuse,6.331613222757976,1,0.1561,16,2,0,1731,1,0.1111111111111111,12160,94
3.1561409309506416,-1.9211111111111094,5.13,-17.289999999999985,9,20,straddle_abuse,0.13462850948174795,2,0.1553,18,2,0,1731,0,0.0,12288,95
3.230067579075694,-3.893333333333334,10.28,-35.040000000000006,9,33,straddle_abuse,0.07481478651364644,1,0.1545,20,2,0,1731,0,0.0,12416,96
3.2060694191604853,-4.752222222222222,0,-42.769999999999996,9,41,straddle_abuse,0.3253977795441945,0,0.1537,18,2,0,1731,0,0.0,12544,97
3.216818829998374,-4.264444444444447,2.67,-38.380000000000024,9,37,straddle_abuse,0.29297340909639996,1,0.153,18,2,0,1731,0,0.0,12672,98
3.2650522366166115,-1.6911111111111095,25.7,-15.219999999999985,9,25,straddle_abuse,1.3116603295008342,4,0.1522,22,2,0,1731,0,0.0,12800,99
3.870125977322459,-8.036666666666669,0,-72.33000000000003,9,71,straddle_abuse,1.110749324162801,0,0.25,26,3,0,1732,0,0.0,128,0
3.856956111267209,-7.478888888888887,0,-67.30999999999999,9,66,straddle_abuse,0.9009157617886862,0,0.2487,21,3,0,1732,0,0.0,256,1
3.808748761191964,-5.986666666666668,0,-53.88000000000002,9,52,straddle_abuse,0.4510842561721802,0,0.2475,26,3,0,1732,0,0.0,384,2
3.871174180880189,-7.798888888888893,0,-70.19000000000004,9,69,straddle_abuse,0.7904920180638632,0,0.2463,29,3,0,1732,0,0.0,512,3
3.837172878906131,-7.501111111111115,0,-67.51000000000003,9,66,straddle_abuse,0.600461999575297,0,0.245,33,3,0,1732,0,0.0,640,4
3.793348539620638,-6.864444444444444,0,-61.779999999999994,9,60,straddle_abuse,0.4316931168238322,0,0.2438,33,3,0,1732,0,0.0,768,5
3.804855529218912,-6.962222222222221,0,-62.65999999999999,9,61,straddle_abuse,0.43353166182835895,0,0.2426,32,3,0,1732,0,0.0,896,6
3.8972149658948183,-7.37444444444444,0.8,-66.36999999999996,9,66,straddle_abuse,0.5697173078854879,1,0.2414,31,3,0,1732,0,0.0,1024,7
3.752447810024023,-6.762222222222227,0,-60.86000000000004,9,59,straddle_abuse,0.3914966682593028,0,0.2402,32,3,0,1732,0,0.0,1152,8
3.760682489722967,-5.561111111111114,0,-50.050000000000026,9,48,straddle_abuse,0.12712028125921884,0,0.239,29,3,0,1732,0,0.0,1280,9
3.7501732259988785,-7.506666666666669,0,-67.56000000000002,9,66,straddle_abuse,0.3497056762377421,0,0.2378,23,3,0,1732,0,0.0,1408,10
3.7279889080673456,-6.981111111111111,0,-62.83,9,61,straddle_abuse,0.23607036968072256,0,0.2366,30,3,0,1732,0,0.0,1536,11
3.7229649145156145,-7.2022222222222245,0,-64.82000000000002,9,63,straddle_abuse,0.30093767245610553,0,0.2354,37,3,0,1732,0,0.0,1664,12
3.6487861704081297,-5.873333333333335,2.92,-52.860000000000014,9,54,straddle_abuse,0.38441797097524005,2,0.2342,33,3,0,1732,0,0.0,1792,13
3.670804586261511,-6.891111111111111,0,-62.019999999999996,9,60,straddle_abuse,0.1633663773536682,0,0.2331,26,3,0,1732,0,0.0,1920,14
3.5083839017897844,-6.494444444444444,0,-58.449999999999996,9,56,straddle_abuse,0.1351067771514257,0,0.2319,26,3,0,1732,0,0.0,2048,15
3.669281406328082,-5.620000000000001,2.57,-50.580000000000005,9,51,straddle_abuse,0.11286832888921101,1,0.2307,27,3,0,1732,0,0.0,2176,16
3.5545733980834484,-6.287777777777778,0,-56.59,9,54,straddle_abuse,0.1498278925816218,0,0.2296,27,3,0,1732,0,0.0,2304,17
3.6330825444310904,-6.682222222222222,0,-60.14,9,58,straddle_abuse,0.028521840771039326,0,0.2284,25,3,0,1732,0,0.0,2432,18
3.6478000171482563,-7.085555555555558,0,-63.770000000000024,9,62,straddle_abuse,0.09803088506062825,0,0.2273,37,3,0,1732,0,0.0,2560,19
3.5171195436269045,-5.707777777777779,0,-51.37000000000001,9,49,straddle_abuse,0.03927485644817352,0,0.2262,31,3,0,1732,0,0.0,2688,20
3.4195565339177847,-5.9222222222222225,0,-53.300000000000004,9,51,straddle_abuse,0.09482903778553009,0,0.225,25,3,0,1732,0,0.0,2816,21
3.5200918670743704,-3.735555555555556,14.94,-33.620000000000005,9,46,straddle_abuse,1.0770549774169922,2,0.2239,29,3,0,1732,0,0.0,2944,22
3.621171588078141,-5.045555555555559,0,-45.41000000000003,9,43,straddle_abuse,-0.0061870962381362915,0,0.2228,32,3,0,1732,0,0.0,3072,23
3.4829533211886883,-6.237777777777783,0,-56.14000000000004,9,54,straddle_abuse,0.06605198482672374,0,0.2217,27,3,0,1732,0,0.0,3200,24
3.418252984061837,-5.2877777777777775,0,-47.589999999999996,9,45,straddle_abuse,0.09038684765497844,0,0.2206,30,3,0,1732,0,0.0,3328,25
3.5024933367967606,-4.482222222222222,0,-40.339999999999996,9,38,straddle_abuse,0.06776219606399536,0,0.2195,27,3,0,1732,0,0.0,3456,26
3.458952659741044,-5.173333333333332,0,-46.55999999999999,9,44,straddle_abuse,0.020116289456685383,0,0.2184,33,3,0,1732,0,0.0,3584,27
3.431745609268546,-3.980000000000002,0,-35.82000000000002,9,33,straddle_abuse,0.02951817214488983,0,0.2173,22,3,0,1732,0,0.0,3712,28
3.5563342832028866,-5.017777777777777,0.92,-45.15999999999999,9,44,straddle_abuse,0.010195886095364889,1,0.2162,25,3,0,1732,0,0.0,3840,29
3.531555389985442,-4.406666666666668,0.2,-39.66000000000001,9,37,straddle_abuse,-0.02910226086775462,1,0.2151,23,3,0,1732,0,0.0,3968,30
3.497209431603551,-6.335555555555555,0,-57.01999999999999,9,55,straddle_abuse,0.09316129485766093,0,0.214,38,3,0,1732,0,0.0,4096,31
3.5853649582713842,-5.671111111111113,0,-51.04000000000002,9,49,straddle_abuse,0.1062946617603302,0,0.213,28,3,0,1732,0,0.0,4224,32
3.6198870055377483,-1.7911111111111115,23.79,-16.120000000000005,9,42,straddle_abuse,3.150174299875895,2,0.2119,27,3,0,1732,0,0.0,4352,33
3.5087528582662344,-3.619999999999999,17.45,-32.57999999999999,9,48,straddle_abuse,1.1260590155919392,2,0.2108,21,3,0,1732,0,0.0,4480,34
3.5631098430603743,-4.60888888888889,0,-41.48000000000001,9,39,straddle_abuse,-0.029864986737569172,0,0.2098,23,3,0,1732,0,0.0,4608,35
3.5828188620507717,-3.9877777777777763,0,-35.889999999999986,9,34,straddle_abuse,0.005911419788996379,0,0.2087,26,3,0,1732,0,0.0,4736,36
3.637117700651288,-4.35555555555556,0,-39.20000000000004,9,37,straddle_abuse,0.002402380108833313,0,0.2077,36,3,0,1732,0,0.0,4864,37
3.485070500522852,-4.366666666666669,0,-39.30000000000002,9,37,straddle_abuse,-0.07135818401972453,0,0.2066,26,3,0,1732,0,0.0,4992,38
3.3860788214951754,-3.7566666666666655,0,-33.80999999999999,9,31,straddle_abuse,-0.05580505232016245,0,0.2056,25,3,0,1732,0,0.0,5120,39
3.4735051188617945,-2.985555555555558,5.89,-26.870000000000022,9,33,straddle_abuse,0.14758171637852988,2,0.2046,28,3,0,1732,0,0.0,5248,40
3.504270914942026,-3.3122222222222217,9.96,-29.809999999999995,9,37,straddle_abuse,0.4356546799341838,1,0.2036,31,3,0,1732,0,0.0,5376,41
3.4797138068825006,-4.977777777777778,0,-44.8,9,42,straddle_abuse,0.049711376428604126,0,0.2025,27,3,0,1732,0,0.0,5504,42
3.6428948026150465,-3.1277777777777804,11.9,-28.150000000000023,9,38,straddle_abuse,0.8075889150301615,1,0.2015,23,3,0,1732,0,0.0,5632,43
3.6142372768372297,-4.87666666666667,0,-43.89000000000003,9,42,straddle_abuse,0.12471086780230205,0,0.2005,25,3,0,1732,0,0.0,5760,44
3.791387192904949,-5.7988888888888885,0,-52.19,9,51,straddle_abuse,0.09741244216759999,0,0.1995,28,3,0,1732,0,0.0,5888,45
3.61576971039176,-4.655555555555557,0,-41.90000000000001,9,40,straddle_abuse,0.10774240394433339,0,0.1985,26,3,0,1732,0,0.0,6016,46
3.6075694151222706,-5.327777777777782,0,-47.95000000000004,9,46,straddle_abuse,-0.00929004947344462,0,0.1975,18,3,0,1732,0,0.0,6144,47
3.6226336266845465,-4.67,5.81,-42.03,9,46,straddle_abuse,0.37882961829503375,2,0.1965,25,3,0,1732,0,0.0,6272,48
3.4375746697187424,-2.0011111111111104,14.77,-18.009999999999994,9,30,straddle_abuse,1.123786449432373,1,0.1956,20,3,0,1732,0,0.0,6400,49
3.53885468095541,-5.459999999999998,0,-49.139999999999986,9,47,straddle_abuse,-0.02861289183298747,0,0.1946,24,3,0,1732,0,0.0,6528,50
3.496223635971546,-5.179999999999997,0,-46.619999999999976,9,44,straddle_abuse,0.0021344770987828574,0,0.1936,30,3,0,1732,0,0.0,6656,51
3.5102615021169186,-4.385555555555556,0,-39.470000000000006,9,37,straddle_abuse,-0.041939561565717064,0,0.1926,15,3,0,1732,0,0.0,6784,52
3.4291062746196985,-5.13888888888889,0,-46.250000000000014,9,44,straddle_abuse,0.012740174929300943,0,0.1917,32,3,0,1732,0,0.0,6912,53
3.617759522050619,-4.021111111111113,10.67,-36.19000000000001,9,41,straddle_abuse,0.3558431665102641,2,0.1907,27,3,0,1732,0,0.0,7040,54
3.415347371250391,-5.366666666666667,0,-48.300000000000004,9,46,straddle_abuse,0.00868871808052063,0,0.1898,21,3,0,1732,0,0.0,7168,55
3.505480272695422,-3.2444444444444436,0,-29.199999999999992,9,27,straddle_abuse,-0.02010116974512736,0,0.1888,18,3,0,1732,0,0.0,7296,56
3.4997706692665815,-3.2888888888888883,16.7,-29.599999999999994,9,44,straddle_abuse,1.5271917184193928,1,0.1879,22,3,0,1732,0,0.0,7424,57
3.556426325812936,-4.835555555555557,0,-43.52000000000002,9,42,straddle_abuse,0.05948492884635925,0,0.1869,23,3,0,1732,0,0.0,7552,58
3.463324459269643,-4.592222222222225,0,-41.33000000000003,9,39,straddle_abuse,-0.015553688009579977,0,0.186,29,3,0,1732,0,0.0,7680,59
3.368755618110299,-4.141111111111112,0,-37.27,9,34,straddle_abuse,-0.03064267834027608,0,0.1851,21,3,0,1732,0,0.0,7808,60
3.338394410908222,-4.526666666666666,0,-40.739999999999995,9,38,straddle_abuse,-0.039479012290636696,0,0.1841,21,3,0,1732,0,0.0,7936,61
3.44857844337821,-1.3299999999999976,19.82,-11.96999999999998,9,29,straddle_abuse,2.0920607248942056,2,0.1832,23,3,0,1732,0,0.0,8064,62
3.3863730132579803,-3.5311111111111075,6.17,-31.77999999999997,9,35,straddle_abuse,0.17260868847370148,1,0.1823,30,3,0,1732,0,0.0,8192,63
3.4389970153570175,-3.6855555555555597,7.06,-33.17000000000004,9,38,straddle_abuse,0.29378095269203186,1,0.1814,19,3,0,1732,0,0.0,8320,64
3.423852724954486,-4.905555555555557,0,-44.15000000000001,9,42,straddle_abuse,0.007563665509223938,0,0.1805,22,3,0,1732,0,0.0,8448,65
3.356086015701294,-4.096666666666667,0,-36.87,9,34,straddle_abuse,0.014602387944857279,0,0.1796,19,3,0,1732,0,0.0,8576,66
3.5576989967375994,-3.907777777777781,0,-35.17000000000003,9,33,straddle_abuse,-0.041293407479921974,0,0.1787,29,3,0,1732,0,0.0,8704,67
3.415768876671791,-3.2477777777777774,6.6,-29.229999999999997,9,33,straddle_abuse,0.3358584940433502,1,0.1778,28,3,0,1732,0,0.0,8832,68
3.386200685054064,-4.394444444444445,0,-39.550000000000004,9,37,straddle_abuse,0.02060985565185547,0,0.1769,25,3,0,1732,0,0.0,8960,69
3.3155906833708286,-4.011111111111108,0,-36.09999999999997,9,33,straddle_abuse,-0.03349673251310984,0,0.176,19,3,0,1732,0,0.0,9088,70
3.3718325346708298,-3.708888888888887,4.98,-33.37999999999998,9,36,straddle_abuse,-0.027841647466023762,1,0.1751,17,3,0,1732,0,0.0,9216,71
3.514070440083742,-2.6555555555555532,6.47,-23.89999999999998,9,28,straddle_abuse,0.3410491645336151,2,0.1743,24,3,0,1732,0,0.0,9344,72
3.4007218442857265,-4.443333333333333,5.55,-39.99,9,43,straddle_abuse,0.20267797509829202,1,0.1734,26,3,0,1732,0,0.0,9472,73
3.4763475712388754,-2.1166666666666654,28.78,-19.04999999999999,9,46,straddle_abuse,3.280877669652303,4,0.1725,23,3,0,1732,0,0.0,9600,74
3.4990291949361563,-4.7822222222222255,0,-43.04000000000003,9,41,straddle_abuse,-0.0025771111249923706,0,0.1717,21,3,0,1732,0,0.0,9728,75
3.5480290185660124,-4.470000000000003,6.4,-40.23000000000003,9,43,straddle_abuse,0.21747020383675894,1,0.1708,34,3,0,1732,0,0.0,9856,76
3.597685072571039,-4.967777777777776,1.11,-44.70999999999999,9,43,straddle_abuse,0.22359694043795267,1,0.1699,27,3,0,1732,0,0.0,9984,77
3.3271271903067827,-3.6299999999999986,6.01,-32.66999999999999,9,36,straddle_abuse,0.22210810085137686,1,0.1691,24,3,0,1732,0,0.0,10112,78
3.4101933632045984,-3.4966666666666675,0,-31.470000000000006,9,29,straddle_abuse,0.017029792070388794,0,0.1683,17,3,0,1732,0,0.0,10240,79
3.291357548907399,-2.4844444444444407,13.32,-22.359999999999967,9,33,straddle_abuse,0.7397421995798746,2,0.1674,21,3,0,1732,0,0.0,10368,80
3.404819954186678,-1.375555555555554,27.75,-12.379999999999987,9,38,straddle_abuse,3.246281703313192,1,0.1666,21,3,0,1732,0,0.0,10496,81
3.462793994694948,-4.451111111111118,0,-40.06000000000006,9,38,straddle_abuse,0.0792523870865504,0,0.1657,18,3,0,1732,0,0.0,10624,82
3.5576331093907356,-4.837777777777781,3.09,-43.54000000000003,9,45,straddle_abuse,0.18413244684537253,1,0.1649,22,3,0,1732,0,0.0,10752,83
3.4789132084697485,-4.52444444444445,0,-40.72000000000005,9,39,straddle_abuse,0.08072824279467265,0,0.1641,19,3,0,1732,0,0.0,10880,84
3.3823434207588434,-3.313333333333334,13.21,-29.820000000000004,9,41,straddle_abuse,0.936591108640035,1,0.1633,13,3,0,1732,0,0.0,11008,85
3.413725206628442,-1.1077777777777746,21.26,-9.969999999999972,9,29,straddle_abuse,2.2387069861094155,2,0.1625,18,3,0,1732,0,0.0,11136,86
3.373632073402405,-3.2088888888888882,8.29,-28.879999999999995,9,35,straddle_abuse,0.3473109006881714,2,0.1616,21,3,0,1732,0,0.0,11264,87
3.444210210815072,-3.2477777777777788,4.98,-29.230000000000008,9,27,straddle_abuse,-0.019784341255823772,1,0.1608,13,3,0,1732,0,0.0,11392,88
3.411626586690545,-3.6955555555555546,13.21,-33.25999999999999,9,31,straddle_abuse,0.2411910593509674,1,0.16,21,3,0,1732,0,0.0,11520,89
3.453817380592227,-5.073333333333334,0,-45.660000000000004,9,44,straddle_abuse,0.017146875460942585,0,0.1592,20,3,0,1732,0,0.0,11648,90
3.269614949822426,-3.80111111111111,0,-34.209999999999994,9,31,straddle_abuse,-0.03134544442097346,0,0.1584,17,3,0,1732,0,0.0,11776,91
3.2674878779798746,-3.9311111111111123,0,-35.38000000000001,9,33,straddle_abuse,0.01879929502805074,0,0.1576,19,3,0,1732,0,0.0,11904,92
3.247251646593213,-0.757777777777775,22.48,-6.8199999999999745,9,33,straddle_abuse,2.3300468921661377,3,0.1569,12,3,0,1732,0,0.0,12032,93
3.319377575069666,-4.232222222222222,0,-38.089999999999996,9,36,straddle_abuse,-0.000307003657023112,0,0.1561,20,3,0,1732,0,0.0,12160,94
3.3243983928114176,-3.638888888888889,0,-32.75,9,30,straddle_abuse,-0.031919380029042564,0,0.1553,20,3,0,1732,0,0.0,12288,95
3.191369917243719,-4.235555555555553,0,-38.11999999999998,9,35,straddle_abuse,0.06310991446177165,0,0.1545,19,3,0,1732,0,0.0,12416,96
3.188205385580659,-3.557777777777778,0,-32.02,9,29,straddle_abuse,-0.03496068467696508,0,0.1537,18,3,0,1732,0,0.0,12544,97
3.277191447094083,-3.845555555555558,0,-34.61000000000002,9,32,straddle_abuse,-0.08406488100687663,0,0.153,16,3,0,1732,0,0.0,12672,98
3.0996405854821205,-3.5577777777777757,0,-32.01999999999998,9,29,straddle_abuse,0.007345085342725118,0,0.1522,17,3,0,1732,0,0.0,12800,99
3.792738949880004,-6.528888888888891,0,-58.76000000000002,9,57,straddle_abuse,0.6255166133244833,0,0.25,30,4,0,1733,0,0.0,128,0
3.848495801910758,-8.122222222222225,0,-73.10000000000002,9,72,straddle_abuse,0.7998566627502441,0,0.2487,29,4,0,1733,0,0.0,256,1
3.8509198296815157,-6.912222222222227,4.27,-62.21000000000004,9,62,straddle_abuse,0.6256118019421896,2,0.2475,31,4,0,1733,0,0.0,384,2
3.8115805741399527,-6.9477777777777785,0,-62.53000000000001,9,61,straddle_abuse,0.39586907625198364,0,0.2463,30,4,0,1733,0,0.0,512,3
3.8052099905908108,-7.242222222222223,0,-65.18,9,64,straddle_abuse,0.4785018066565196,0,0.245,28,4,0,1733,0,0.0,640,4
3.7865621112287045,-7.933333333333331,0,-71.39999999999998,9,70,straddle_abuse,0.6634368896484375,0,0.2438,31,4,0,1733,0,0.0,768,5
3.839146053418517,-8.050000000000004,0,-72.45000000000005,9,71,straddle_abuse,0.6123780608177185,0,0.2426,28,4,0,1733,0,0.0,896,6
3.6443257350474596,-5.345555555555557,0,-48.110000000000014,9,46,straddle_abuse,0.14893396695454916,0,0.2414,25,4,0,1733,0,0.0,1024,7
3.728684177622199,-7.925555555555554,0,-71.32999999999998,9,70,straddle_abuse,0.5246942639350891,0,0.2402,28,4,0,1733,0,0.0,1152,8
3.666647819802165,-5.892222222222221,1.11,-53.029999999999994,9,51,straddle_abuse,0.14393564562002817,1,0.239,30,4,0,1733,0,0.0,1280,9
3.637855887413025,-5.580000000000001,0,-50.220000000000006,9,48,straddle_abuse,0.16763811806837717,0,0.2378,24,4,0,1733,0,0.0,1408,10
3.599176175892353,-5.402222222222225,7.77,-48.62000000000002,9,54,straddle_abuse,0.5340937773386637,1,0.2366,21,4,0,1733,0,0.0,1536,11
3.6727320589125156,-5.792222222222225,0,-52.130000000000024,9,50,straddle_abuse,0.08107068638006847,0,0.2354,36,4,0,1733,0,0.0,1664,12
3.664741300046444,-6.581111111111113,0,-59.23000000000002,9,57,straddle_abuse,0.1742431422074636,0,0.2342,35,4,0,1733,0,0.0,1792,13
3.638987425714731,-6.24,0,-56.160000000000004,9,54,straddle_abuse,0.12657849987347922,0,0.2331,27,4,0,1733,0,0.0,1920,14
3.7273295372724533,-6.745555555555556,0,-60.71,9,59,straddle_abuse,0.14824888606866202,0,0.2319,29,4,0,1733,0,0.0,2048,15
3.6352972779423,-5.180000000000003,0,-46.620000000000026,9,44,straddle_abuse,0.015777607758839924,0,0.2307,27,4,0,1733,0,0.0,2176,16
3.7730077877640724,-7.247777777777778,0,-65.23,9,64,straddle_abuse,0.23922568062941232,0,0.2296,29,4,0,1733,0,0.0,2304,17
3.712840661406517,-7.720000000000005,0,-69.48000000000005,9,68,straddle_abuse,0.3170525332291921,0,0.2284,31,4,0,1733,0,0.0,2432,18
3.6036160718649626,-6.008888888888893,0,-54.080000000000034,9,52,straddle_abuse,0.26638923088709515,0,0.2273,31,4,0,1733,0,0.0,2560,19
3.6721914764493704,-6.524444444444448,0,-58.720000000000034,9,57,straddle_abuse,0.2517044097185135,0,0.2262,38,4,0,1733,0,0.0,2688,20
3.591493194922805,-6.7988888888888885,0,-61.19,9,59,straddle_abuse,0.16390140851338705,0,0.225,29,4,0,1733,0,0.0,2816,21
3.52635814063251,-5.66888888888889,0,-51.02000000000001,9,49,straddle_abuse,0.05386421084403992,0,0.2239,28,4,0,1733,0,0.0,2944,22
3.4624372720718384,-4.928888888888889,0,-44.36000000000001,9,42,straddle_abuse,-0.017375866572062176,0,0.2228,26,4,0,1733,0,0.0,3072,23
3.366668574512005,-5.534444444444443,0,-49.80999999999999,9,47,straddle_abuse,-0.013794114192326864,0,0.2217,17,4,0,1733,0,0.0,3200,24
3.5307437106966972,-4.530000000000001,2.67,-40.77000000000001,9,41,straddle_abuse,0.04228497544924418,1,0.2206,30,4,0,1733,0,0.0,3328,25
3.4494775608181953,-5.454444444444444,0,-49.089999999999996,9,47,straddle_abuse,-0.025730753938357036,0,0.2195,26,4,0,1733,0,0.0,3456,26
3.4728438276797533,-4.956666666666667,1.73,-44.61000000000001,9,44,straddle_abuse,0.07147663335005443,1,0.2184,21,4,0,1733,0,0.0,3584,27
3.4312234316021204,-3.893333333333335,26.43,-35.04000000000001,9,47,straddle_abuse,1.5153907140096028,1,0.2173,27,4,0,1733,0,0.0,3712,28
3.4116704259067774,-5.183333333333331,0,-46.64999999999998,9,44,straddle_abuse,0.1087804486354192,0,0.2162,23,4,0,1733,0,0.0,3840,29
3.3480562195181847,-5.433333333333334,0,-48.900000000000006,9,46,straddle_abuse,0.09665588041146596,0,0.2151,27,4,0,1733,0,0.0,3968,30
3.3256620932370424,-4.783333333333334,0,-43.050000000000004,9,40,straddle_abuse,0.04373537003993988,0,0.214,22,4,0,1733,0,0.0,4096,31
3.5407111402601004,-5.907777777777777,0,-53.16999999999999,9,51,straddle_abuse,0.06552684803803761,0,0.213,37,4,0,1733,0,0.0,4224,32
3.4467649180442095,-4.961111111111114,17.84,-44.65000000000003,9,47,straddle_abuse,0.8438365260759989,2,0.2119,22,4,0,1733,0,0.0,4352,33
3.4960089046508074,-4.686666666666665,0,-42.179999999999986,9,40,straddle_abuse,0.046384101112683616,0,0.2108,23,4,0,1733,0,0.0,4480,34
3.4639790561050177,-5.502222222222223,11.89,-49.52,9,47,straddle_abuse,0.21994214753309885,1,0.2098,31,4,0,1733,0,0.0,4608,35
3.4600368719547987,-3.77,10.28,-33.93,9,42,straddle_abuse,0.508792499701182,1,0.2087,34,4,0,1733,0,0.0,4736,36
3.5193161610513926,-3.821111111111111,15.86,-34.39,9,48,straddle_abuse,1.2954222361246746,2,0.2077,20,4,0,1733,0,0.0,4864,37
3.4757174737751484,-5.493333333333331,0,-49.43999999999998,9,47,straddle_abuse,0.12622496982415518,0,0.2066,22,4,0,1733,0,0.0,4992,38
3.4425612967461348,-3.944444444444445,0,-35.50000000000001,9,33,straddle_abuse,0.005424444874127706,0,0.2056,24,4,0,1733,0,0.0,5120,39
3.530088983476162,-4.20888888888889,0,-37.88000000000001,9,36,straddle_abuse,0.04771945377190908,0,0.2046,23,4,0,1733,0,0.0,5248,40
3.485492942854762,-5.341111111111115,0,-48.07000000000003,9,46,straddle_abuse,0.00022787849108378092,0,0.2036,30,4,0,1733,0,0.0,5376,41
3.4906119909137487,-5.127777777777781,0,-46.15000000000003,9,44,straddle_abuse,-0.01665546993414561,0,0.2025,30,4,0,1733,0,0.0,5504,42
3.478650711476803,-4.277777777777778,0,-38.5,9,36,straddle_abuse,0.0343446284532547,0,0.2015,36,4,0,1733,0,0.0,5632,43
3.4261896517127752,-2.681111111111112,10.28,-24.130000000000006,9,40,straddle_abuse,0.6935455401738485,2,0.2005,25,4,0,1733,0,0.0,5760,44
3.454358521848917,-5.315555555555558,0,-47.84000000000002,9,46,straddle_abuse,-0.00909888744354248,0,0.1995,23,4,0,1733,0,0.0,5888,45
3.257491869851947,-2.3877777777777762,15.42,-21.489999999999988,9,34,straddle_abuse,1.4226812918980916,1,0.1985,25,4,0,1733,0,0.0,6016,46
3.330167105421424,-4.075555555555554,0,-36.679999999999986,9,34,straddle_abuse,-0.06448190659284592,0,0.1975,22,4,0,1733,0,0.0,6144,47
3.4242283944040537,-4.482222222222223,0,-40.34,9,38,straddle_abuse,0.024658610423405964,0,0.1965,28,4,0,1733,0,0.0,6272,48
3.4573030676692724,-1.303333333333331,13.87,-11.729999999999979,9,37,straddle_abuse,1.6735947132110596,3,0.1956,26,4,0,1733,0,0.0,6400,49
3.2729087732732296,-4.837777777777778,0,-43.540000000000006,9,41,straddle_abuse,0.11791066825389862,0,0.1946,21,4,0,1733,0,0.0,6528,50
3.425552535802126,-1.0922222222222198,24.72,-9.829999999999977,9,32,straddle_abuse,2.861507018407186,1,0.1936,20,4,0,1733,0,0.0,6656,51
3.4160416088998318,-1.6633333333333344,14.42,-14.97000000000001,9,27,straddle_abuse,0.9315333962440491,3,0.1926,24,4,0,1733,0,0.0,6784,52
3.34188792668283,-4.193333333333336,10.28,-37.74000000000002,9,35,straddle_abuse,0.1719259719053904,1,0.1917,18,4,0,1733,0,0.0,6912,53
3.4091677982360125,-4.474444444444447,0,-40.27000000000002,9,38,straddle_abuse,0.0398105134566625,0,0.1907,29,4,0,1733,0,0.0,7040,54
3.361914673820138,-1.5255555555555542,22.83,-13.729999999999988,9,34,straddle_abuse,2.5121012528737388,2,0.1898,26,4,0,1733,0,0.0,7168,55
3.426871992647648,-5.122222222222223,0,-46.1,9,44,straddle_abuse,0.06872816383838654,0,0.1888,28,4,0,1733,0,0.0,7296,56
3.4063287787139416,-4.318888888888892,0.38,-38.870000000000026,9,37,straddle_abuse,0.005635420481363933,1,0.1879,24,4,0,1733,0,0.0,7424,57
3.405410947278142,-4.024444444444445,0,-36.22,9,34,straddle_abuse,0.008762091398239136,0,0.1869,26,4,0,1733,0,0.0,7552,58
3.2378889620304108,-4.95,0,-44.550000000000004,9,42,straddle_abuse,0.07312168180942535,0,0.186,22,4,0,1733,0,0.0,7680,59
3.413466202095151,-2.6411111111111096,18.5,-23.769999999999985,9,21,straddle_abuse,0.4630349377791087,1,0.1851,23,4,0,1733,0,0.0,7808,60
3.3647984601557255,-4.093333333333335,2.59,-36.84000000000001,9,37,straddle_abuse,0.048383901516596474,1,0.1841,27,4,0,1733,0,0.0,7936,61
3.358286650851369,-2.44,20.53,-21.96,9,40,straddle_abuse,2.615474303563436,1,0.1832,25,4,0,1733,0,0.0,8064,62
3.3766729682683945,-5.2455555555555575,0,-47.210000000000015,9,45,straddle_abuse,0.07845719655354817,0,0.1823,24,4,0,1733,0,0.0,8192,63
3.507124435156584,-2.8733333333333326,20.81,-25.859999999999992,9,45,straddle_abuse,1.3148931662241619,1,0.1814,21,4,0,1733,0,0.0,8320,64
3.3960160315036774,-4.673333333333336,0,-42.06000000000002,9,40,straddle_abuse,-0.07043085743983586,0,0.1805,12,4,0,1733,0,0.0,8448,65
3.5200642719864845,-5.443333333333338,0,-48.99000000000004,9,47,straddle_abuse,-0.0131157785654068,0,0.1796,21,4,0,1733,0,0.0,8576,66
3.5580293461680412,-3.9333333333333353,7.12,-35.40000000000002,9,41,straddle_abuse,0.20510283609231314,1,0.1787,28,4,0,1733,0,0.0,8704,67
3.5047979578375816,-2.9111111111111105,7.7,-26.199999999999996,9,43,straddle_abuse,0.638198177019755,3,0.1778,28,4,0,1733,0,0.0,8832,68
3.386170381680131,0.2644444444444468,37,2.380000000000021,9,39,straddle_abuse,6.151745796203613,2,0.1769,22,4,0,1733,1,0.1111111111111111,8960,69
3.51977657712996,-3.9000000000000017,8.8,-35.100000000000016,9,42,straddle_abuse,0.5909935037295023,1,0.176,24,4,0,1733,0,0.0,9088,70
3.5647649578750134,-4.084444444444446,0,-36.76000000000001,9,35,straddle_abuse,0.055979872743288674,0,0.1751,20,4,0,1733,0,0.0,9216,71
3.518758114427328,-0.8366666666666656,31.56,-7.52999999999999,9,37,straddle_abuse,8.341569582621256,3,0.1743,26,4,0,1733,1,0.1111111111111111,9344,72
3.407925048843026,-4.141111111111107,0,-37.26999999999997,9,35,straddle_abuse,0.16625278691450754,0,0.1734,27,4,0,1733,0,0.0,9472,73
3.563965454697609,-4.991111111111116,0,-44.920000000000044,9,43,straddle_abuse,0.011033594608306885,0,0.1725,27,4,0,1733,0,0.0,9600,74
3.5095784198492765,-5.052222222222223,3.56,-45.470000000000006,9,47,straddle_abuse,0.22222916781902313,1,0.1717,27,4,0,1733,0,0.0,9728,75
3.3437628988176584,-3.6922222222222203,0,-33.22999999999998,9,31,straddle_abuse,-0.025663087765375774,0,0.1708,20,4,0,1733,0,0.0,9856,76
3.401973335072398,-1.8644444444444406,12.96,-16.779999999999966,9,34,straddle_abuse,1.2332123517990112,2,0.1699,23,4,0,1733,0,0.0,9984,77
3.4477054122835398,-4.902222222222225,3.97,-44.120000000000026,9,42,straddle_abuse,0.09016011655330658,1,0.1691,23,4,0,1733,0,0.0,10112,78
3.395478282123804,-3.243333333333331,19.82,-29.18999999999998,9,33,straddle_abuse,1.094225525856018,3,0.1683,23,4,0,1733,0,0.0,10240,79
3.2772401943802834,-2.767777777777777,15.86,-24.909999999999993,9,38,straddle_abuse,1.5902323325475056,1,0.1674,27,4,0,1733,0,0.0,10368,80
3.2671911269426346,-3.6722222222222194,0,-33.049999999999976,9,30,straddle_abuse,0.01800638437271118,0,0.1666,31,4,0,1733,0,0.0,10496,81
3.395624365657568,-4.18888888888889,0,-37.70000000000001,9,35,straddle_abuse,0.012509524822235107,0,0.1657,21,4,0,1733,0,0.0,10624,82
3.38710780441761,-4.055555555555556,3.77,-36.50000000000001,9,38,straddle_abuse,0.056908672054608665,1,0.1649,21,4,0,1733,0,0.0,10752,83
3.363730888813734,-4.692222222222225,0,-42.230000000000025,9,40,straddle_abuse,0.04977774620056152,0,0.1641,18,4,0,1733,0,0.0,10880,84
3.3224955033510923,-3.0155555555555535,9.43,-27.139999999999983,9,34,straddle_abuse,0.3061268130938212,1,0.1633,14,4,0,1733,0,0.0,11008,85
3.4753791112452745,-4.958888888888895,0,-44.63000000000005,9,43,straddle_abuse,0.03142752746740977,0,0.1625,25,4,0,1733,0,0.0,11136,86
3.4142768159508705,-5.46,0,-49.14,9,47,straddle_abuse,0.16165530681610107,0,0.1616,22,4,0,1733,0,0.0,11264,87
3.3368946965783834,-5.010000000000003,0,-45.09000000000003,9,43,straddle_abuse,0.1173539012670517,0,0.1608,14,4,0,1733,0,0.0,11392,88
3.368618730455637,-0.9700000000000004,32.37,-8.730000000000004,9,39,straddle_abuse,5.881747404734294,1,0.16,24,4,0,1733,1,0.1111111111111111,11520,89
3.3086729757487774,-2.348888888888888,8,-21.13999999999999,9,33,straddle_abuse,0.7062180439631144,3,0.1592,18,4,0,1733,0,0.0,11648,90
3.2088519521057606,-3.753333333333332,1.15,-33.77999999999999,9,32,straddle_abuse,-0.04880677908658981,1,0.1584,22,4,0,1733,0,0.0,11776,91
3.153547612950206,-3.4399999999999995,7.69,-30.959999999999994,9,36,straddle_abuse,0.4070906440416972,1,0.1576,17,4,0,1733,0,0.0,11904,92
3.275624828413129,-3.6555555555555554,1.74,-32.9,9,32,straddle_abuse,0.009705886244773865,1,0.1569,29,4,0,1733,0,0.0,12032,93
3.172016728669405,-3.5444444444444434,0,-31.89999999999999,9,29,straddle_abuse,-0.04087236771980921,0,0.1561,16,4,0,1733,0,0.0,12160,94
3.3298344388604164,-1.0377777777777784,23.79,-9.340000000000005,9,31,straddle_abuse,2.602069060007731,1,0.1553,18,4,0,1733,0,0.0,12288,95
3.3504845146089792,-4.211111111111111,0,-37.9,9,36,straddle_abuse,0.057787458101908364,0,0.1545,23,4,0,1733,0,0.0,12416,96
3.402009079232812,-4.652222222222225,0,-41.87000000000002,9,40,straddle_abuse,-0.01510743796825409,0,0.1537,26,4,0,1733,0,0.0,12544,97
3.448217373341322,-3.1411111111111127,4.98,-28.270000000000014,9,36,straddle_abuse,0.17098116874694824,2,0.153,23,4,0,1733,0,0.0,12672,98
3.357299955561757,-3.6566666666666685,7.19,-32.91000000000002,9,31,straddle_abuse,0.07170509298642476,1,0.1522,15,4,0,1733,0,0.0,12800,99
3.8282931614667177,-8.674444444444452,0,-78.07000000000006,9,77,straddle_abuse,1.0985331137975056,0,0.25,35,5,0,1734,0,0.0,128,0
3.9292843341827393,-9.854444444444447,0,-88.69000000000003,9,88,straddle_abuse,1.457136829694112,0,0.2487,36,5,0,1734,0,0.0,256,1
3.931912388652563,-8.238888888888892,0,-74.15000000000003,9,73,straddle_abuse,0.9219137032826742,0,0.2475,37,5,0,1734,0,0.0,384,2
3.892006538808346,-8.235555555555557,0,-74.12000000000002,9,73,straddle_abuse,0.7030812700589498,0,0.2463,31,5,0,1734,0,0.0,512,3
3.8476943243294954,-7.487777777777778,0,-67.39,9,66,straddle_abuse,0.5239534378051758,0,0.245,23,5,0,1734,0,0.0,640,4
3.881125260144472,-8.150000000000004,0,-73.35000000000004,9,72,straddle_abuse,0.679378072420756,0,0.2438,32,5,0,1734,0,0.0,768,5
3.9174057226628065,-8.001111111111113,0,-72.01000000000002,9,71,straddle_abuse,0.6555427114168803,0,0.2426,34,5,0,1734,0,0.0,896,6
3.739967642351985,-6.51111111111111,0,-58.599999999999994,9,57,straddle_abuse,0.4814130663871765,0,0.2414,28,5,0,1734,0,0.0,1024,7
3.86355734616518,-7.792222222222222,0,-70.13,9,69,straddle_abuse,0.4756338695685069,0,0.2402,39,5,0,1734,0,0.0,1152,8
3.8268795032054186,-7.159999999999998,0,-64.43999999999998,9,63,straddle_abuse,0.3685559233029683,0,0.239,26,5,0,1734,0,0.0,1280,9
3.615182440727949,-6.354444444444447,0,-57.19000000000002,9,55,straddle_abuse,0.22827544808387756,0,0.2378,24,5,0,1734,0,0.0,1408,10
3.7324843127280474,-5.663333333333336,0,-50.97000000000002,9,49,straddle_abuse,0.12163147330284119,0,0.2366,31,5,0,1734,0,0.0,1536,11
3.6849268842488527,-7.505555555555556,0,-67.55000000000001,9,66,straddle_abuse,0.2953546941280365,0,0.2354,25,5,0,1734,0,0.0,1664,12
3.821291897445917,-6.294444444444448,0,-56.650000000000034,9,55,straddle_abuse,0.32985832293828327,0,0.2342,36,5,0,1734,0,0.0,1792,13
3.688308086246252,-5.476666666666668,0,-49.29000000000001,9,47,straddle_abuse,0.09398056070009868,0,0.2331,33,5,0,1734,0,0.0,1920,14
3.701429922133684,-5.032222222222224,4.98,-45.29000000000001,9,48,straddle_abuse,0.2897387643655141,1,0.2319,29,5,0,1734,0,0.0,2048,15
3.825843123719096,-7.6766666666666685,0,-69.09000000000002,9,68,straddle_abuse,0.31477219859759015,0,0.2307,21,5,0,1734,0,0.0,2176,16
3.664814054965973,-5.378888888888891,0,-48.41000000000002,9,46,straddle_abuse,0.08574045201142629,0,0.2296,28,5,0,1734,0,0.0,2304,17
3.712155930697918,-6.087777777777778,0,-54.790000000000006,9,53,straddle_abuse,0.10072097678979237,0,0.2284,25,5,0,1734,0,0.0,2432,18
3.7221400793641806,-6.093333333333335,0,-54.84000000000001,9,53,straddle_abuse,0.14151698350906372,0,0.2273,32,5,0,1734,0,0.0,2560,19
3.673143347725272,-6.1844444444444475,0,-55.660000000000025,9,54,straddle_abuse,0.12335734069347382,0,0.2262,28,5,0,1734,0,0.0,2688,20
3.7334424387663603,-6.392222222222224,0,-57.530000000000015,9,56,straddle_abuse,0.1485740194718043,0,0.225,36,5,0,1734,0,0.0,2816,21
3.6653770990669727,-5.985555555555556,0,-53.870000000000005,9,52,straddle_abuse,0.041784703731536865,0,0.2239,33,5,0,1734,0,0.0,2944,22
3.6098948530852795,-5.776666666666665,0,-51.98999999999998,9,50,straddle_abuse,0.09521654744942983,0,0.2228,30,5,0,1734,0,0.0,3072,23
3.524954244494438,-5.268888888888887,0,-47.41999999999999,9,45,straddle_abuse,0.12434604267279308,0,0.2217,30,5,0,1734,0,0.0,3200,24
3.5261236019432545,-4.620000000000001,0,-41.58000000000001,9,39,straddle_abuse,0.02153653899828593,0,0.2206,23,5,0,1734,0,0.0,3328,25
3.5205983333289623,-5.786666666666665,0,-52.07999999999999,9,50,straddle_abuse,0.08169964949289958,0,0.2195,29,5,0,1734,0,0.0,3456,26
3.5368680972605944,-5.34888888888889,0,-48.14000000000001,9,46,straddle_abuse,0.0864023466904958,0,0.2184,28,5,0,1734,0,0.0,3584,27
3.487450160086155,-5.284444444444444,0,-47.559999999999995,9,45,straddle_abuse,0.028718332449595135,0,0.2173,30,5,0,1734,0,0.0,3712,28
3.3606330174952745,-3.6977777777777763,7.93,-33.27999999999999,9,38,straddle_abuse,0.19552929202715555,1,0.2162,24,5,0,1734,0,0.0,3840,29
3.4872486609965563,-4.435555555555561,4.7,-39.920000000000044,9,42,straddle_abuse,0.24989997347195944,1,0.2151,28,5,0,1734,0,0.0,3968,30
3.4781827852129936,-4.929999999999999,0,-44.36999999999999,9,42,straddle_abuse,0.033513312538464866,0,0.214,21,5,0,1734,0,0.0,4096,31
3.6687552127987146,-4.133333333333335,0,-37.20000000000001,9,35,straddle_abuse,0.005650550127029419,0,0.213,29,5,0,1734,0,0.0,4224,32
3.6114600747823715,-4.91333333333333,0,-44.21999999999998,9,42,straddle_abuse,-0.012873217463493347,0,0.2119,21,5,0,1734,0,0.0,4352,33
3.604366272687912,-4.61222222222222,1.57,-41.509999999999984,9,41,straddle_abuse,0.04416466255982717,1,0.2108,27,5,0,1734,0,0.0,4480,34
3.5191053338348866,-4.953333333333337,0,-44.580000000000034,9,42,straddle_abuse,-0.03418474396069845,0,0.2098,24,5,0,1734,0,0.0,4608,35
3.4155466724187136,-4.496666666666671,0,-40.470000000000034,9,38,straddle_abuse,-0.011211127042770386,0,0.2087,23,5,0,1734,0,0.0,4736,36
3.4349106550216675,-5.783333333333335,0,-52.05000000000002,9,50,straddle_abuse,0.02387986083825429,0,0.2077,25,5,0,1734,0,0.0,4864,37
3.4697954766452312,-4.024444444444442,0,-36.21999999999998,9,34,straddle_abuse,-0.017878025770187378,0,0.2066,23,5,0,1734,0,0.0,4992,38
3.345816595479846,-3.4033333333333333,0,-30.63,9,28,straddle_abuse,-0.032865325609842934,0,0.2056,12,5,0,1734,0,0.0,5120,39
3.4036383274942636,-3.6166666666666663,0,-32.55,9,30,straddle_abuse,-0.069090041021506,0,0.2046,24,5,0,1734,0,0.0,5248,40
3.4144700933247805,-4.452222222222228,0,-40.07000000000005,9,38,straddle_abuse,0.054921294252077736,0,0.2036,28,5,0,1734,0,0.0,5376,41
3.305376188829541,-4.036666666666667,0,-36.330000000000005,9,34,straddle_abuse,-0.04111472268899282,0,0.2025,20,5,0,1734,0,0.0,5504,42
3.2769959289580584,-4.835555555555556,0,-43.52,9,41,straddle_abuse,0.04343599081039429,0,0.2015,23,5,0,1734,0,0.0,5632,43
3.3585322201251984,-4.784444444444449,0,-43.06000000000004,9,41,straddle_abuse,0.04952711363633474,0,0.2005,24,5,0,1734,0,0.0,5760,44
3.2997203562408686,-3.583333333333335,0,-32.250000000000014,9,30,straddle_abuse,0.0980564554532369,0,0.1995,23,5,0,1734,0,0.0,5888,45
3.3071870543062687,-3.6622222222222214,0,-32.959999999999994,9,31,straddle_abuse,-0.042623465259869896,0,0.1985,22,5,0,1734,0,0.0,6016,46
3.1978622786700726,-3.814444444444445,9.96,-34.330000000000005,9,32,straddle_abuse,0.11425155401229858,1,0.1975,22,5,0,1734,0,0.0,6144,47
3.2524174228310585,-3.391111111111111,1.85,-30.52,9,28,straddle_abuse,0.037277440230051674,1,0.1965,26,5,0,1734,0,0.0,6272,48
3.198541723191738,-1.79111111111111,18.19,-16.11999999999999,9,32,straddle_abuse,2.2212591965993247,1,0.1956,19,5,0,1734,0,0.0,6400,49
3.3376979902386665,-3.862222222222224,0,-34.76000000000002,9,33,straddle_abuse,0.07276026407877605,0,0.1946,23,5,0,1734,0,0.0,6528,50
3.2613307666033506,-4.180000000000001,0.71,-37.620000000000005,9,36,straddle_abuse,0.11232202748457591,1,0.1936,21,5,0,1734,0,0.0,6656,51
3.1645582746714354,-0.9633333333333327,27.75,-8.669999999999995,9,34,straddle_abuse,3.976379950841268,1,0.1926,21,5,0,1734,0,0.0,6784,52
3.154900109395385,-4.162222222222221,1.25,-37.45999999999999,9,35,straddle_abuse,0.06517606476942699,1,0.1917,34,5,0,1734,0,0.0,6912,53
3.2042022589594126,-2.4155555555555566,6.3,-21.74000000000001,9,26,straddle_abuse,0.06307478249073029,2,0.1907,24,5,0,1734,0,0.0,7040,54
3.2238289825618267,-2.049999999999997,9.25,-18.449999999999974,9,26,straddle_abuse,0.4049139122168223,3,0.1898,29,5,0,1734,0,0.0,7168,55
3.1422349102795124,-3.0511111111111107,3.7,-27.459999999999997,9,25,straddle_abuse,0.03263828158378601,1,0.1888,22,5,0,1734,0,0.0,7296,56
3.220744948834181,-3.2444444444444445,4.27,-29.2,9,31,straddle_abuse,0.13595483700434366,1,0.1879,27,5,0,1734,0,0.0,7424,57
3.191809546202421,-3.085555555555555,3.09,-27.769999999999996,9,29,straddle_abuse,0.012979139884312948,1,0.1869,29,5,0,1734,0,0.0,7552,58
3.1828451957553625,-1.9988888888888878,0,-17.98999999999999,9,16,straddle_abuse,-0.02209467440843582,0,0.186,23,5,0,1734,0,0.0,7680,59
3.2421690337359905,-3.0477777777777773,4.11,-27.429999999999996,9,30,straddle_abuse,0.07168896993001302,1,0.1851,30,5,0,1734,0,0.0,7808,60
3.1810118425637484,-2.360000000000001,12.36,-21.24000000000001,9,32,straddle_abuse,0.7988892594973246,1,0.1841,25,5,0,1734,0,0.0,7936,61
3.318957032635808,-3.632222222222225,2.59,-32.690000000000026,9,34,straddle_abuse,0.19882014890511832,2,0.1832,31,5,0,1734,0,0.0,8064,62
3.152847781777382,-3.533333333333332,1.85,-31.799999999999986,9,29,straddle_abuse,0.06552483638127644,1,0.1823,25,5,0,1734,0,0.0,8192,63
3.2308074310421944,1.7088888888888885,19.21,15.379999999999995,9,22,straddle_abuse,3.2276920477549234,4,0.1814,19,5,0,1734,0,0.0,8320,64
3.168477075174451,-3.0866666666666642,4.16,-27.77999999999998,9,29,straddle_abuse,0.02282624940077464,1,0.1805,24,5,0,1734,0,0.0,8448,65
3.2254800777882338,-3.294444444444446,0,-29.650000000000013,9,28,straddle_abuse,0.048337375124295555,0,0.1796,19,5,0,1734,0,0.0,8576,66
3.1684002112597227,0.20444444444444534,29.18,1.840000000000008,9,25,straddle_abuse,4.424017906188965,3,0.1787,22,5,0,1734,0,0.0,8704,67
3.2742383275181055,-1.107777777777776,10.91,-9.969999999999985,9,23,straddle_abuse,0.6310123801231384,2,0.1778,17,5,0,1734,0,0.0,8832,68
3.3003448117524385,-2.015555555555555,15.4,-18.139999999999993,9,32,straddle_abuse,0.8521690169970194,1,0.1769,27,5,0,1734,0,0.0,8960,69
3.290930638089776,-2.139999999999998,9.06,-19.25999999999998,9,26,straddle_abuse,0.40517358978589374,2,0.176,20,5,0,1734,0,0.0,9088,70
3.358107389882207,-2.087777777777775,5.73,-18.789999999999974,9,25,straddle_abuse,0.025553112228711445,3,0.1751,27,5,0,1734,0,0.0,9216,71
3.3313369136303663,-3.7166666666666694,3.05,-33.450000000000024,9,35,straddle_abuse,0.10736302534739177,2,0.1743,16,5,0,1734,0,0.0,9344,72
3.2797190882265568,-3.8288888888888906,27.75,-34.460000000000015,9,36,straddle_abuse,2.4798754851023355,4,0.1734,29,5,0,1734,0,0.0,9472,73
3.297525456175208,-2.524444444444443,19.14,-22.719999999999988,9,27,straddle_abuse,0.7346278031667074,3,0.1725,24,5,0,1734,0,0.0,9600,74
3.1265800576657057,-3.4366666666666656,0,-30.929999999999993,9,28,straddle_abuse,0.07731377085049947,0,0.1717,14,5,0,1734,0,0.0,9728,75
3.198361787945032,-1.7844444444444438,21.58,-16.059999999999995,9,35,straddle_abuse,1.3678974310557048,1,0.1708,32,5,0,1734,0,0.0,9856,76
3.136104905977845,-2.683333333333332,1.25,-24.149999999999984,9,23,straddle_abuse,0.02447223166624705,2,0.1699,25,5,0,1734,0,0.0,9984,77
3.127782814204693,-3.613333333333333,2.59,-32.519999999999996,9,30,straddle_abuse,0.08551729222138722,1,0.1691,24,5,0,1734,0,0.0,10112,78
3.1944569777697325,-0.19888888888888723,18.5,-1.7899999999999852,9,29,straddle_abuse,2.2709272702534995,3,0.1683,23,5,0,1734,0,0.0,10240,79
3.1411210615187883,-0.344444444444445,37,-3.100000000000005,9,38,straddle_abuse,3.5736986796061196,2,0.1674,24,5,0,1734,1,0.1111111111111111,10368,80
3.2350472398102283,-1.4477777777777763,12.88,-13.029999999999987,9,24,straddle_abuse,0.7618361711502075,2,0.1666,25,5,0,1734,0,0.0,10496,81
3.239207584410906,-1.3866666666666658,7.04,-12.479999999999993,9,27,straddle_abuse,0.19569466511408487,4,0.1657,19,5,0,1734,0,0.0,10624,82
3.2238460797816515,-2.2488888888888896,8.67,-20.240000000000006,9,28,straddle_abuse,0.17899145185947418,4,0.1649,21,5,0,1734,0,0.0,10752,83
3.267229935154319,-3.7488888888888905,2.64,-33.740000000000016,9,35,straddle_abuse,0.22019256154696146,1,0.1641,28,5,0,1734,0,0.0,10880,84
3.2316175252199173,-2.945555555555554,3.88,-26.509999999999987,9,31,straddle_abuse,0.1223211536804835,2,0.1633,25,5,0,1734,0,0.0,11008,85
3.317837171256542,-4.098888888888891,0,-36.89000000000002,9,35,straddle_abuse,-0.05150919904311498,0,0.1625,27,5,0,1734,0,0.0,11136,86
3.2517595011740923,-1.1577777777777807,30.06,-10.420000000000027,9,39,straddle_abuse,2.6603110631306968,3,0.1616,22,5,0,1734,1,0.1111111111111111,11264,87
3.266452243551612,-3.597777777777781,1.11,-32.38000000000003,9,32,straddle_abuse,0.05251733958721161,1,0.1608,19,5,0,1734,0,0.0,11392,88
3.1740613356232643,-1.282222222222221,11.34,-11.539999999999988,9,21,straddle_abuse,0.4494049648443858,2,0.16,13,5,0,1734,0,0.0,11520,89
3.213286703452468,-2.3533333333333335,7.82,-21.180000000000003,9,27,straddle_abuse,0.3657583196957906,1,0.1592,24,5,0,1734,0,0.0,11648,90
3.201018253341317,-2.0222222222222204,1.85,-18.19999999999998,9,16,straddle_abuse,-0.02755853533744812,1,0.1584,16,5,0,1734,0,0.0,11776,91
3.2826252952218056,0.05888888888888815,30.06,0.5299999999999934,9,28,straddle_abuse,4.160538514455159,1,0.1576,20,5,0,1734,1,0.1111111111111111,11904,92
3.277758063748479,-3.2677777777777783,0,-29.410000000000004,9,28,straddle_abuse,0.1381995032231013,0,0.1569,20,5,0,1734,0,0.0,12032,93
3.2991993855684996,-4.505555555555557,0,-40.55000000000002,9,39,straddle_abuse,0.19698778788248697,0,0.1561,23,5,0,1734,0,0.0,12160,94
3.217911882326007,-0.8199999999999993,25.68,-7.379999999999994,9,31,straddle_abuse,3.1544715563456216,2,0.1553,24,5,0,1734,0,0.0,12288,95
3.3444916140288115,-3.7433333333333376,13.69,-33.69000000000004,9,32,straddle_abuse,0.5904068946838379,1,0.1545,18,5,0,1734,0,0.0,12416,96
3.2703757993876934,-3.27777777777778,0,-29.500000000000018,9,28,straddle_abuse,0.0325189878543218,0,0.1537,19,5,0,1734,0,0.0,12544,97
3.229984115809202,-3.064444444444445,9.25,-27.580000000000005,9,35,straddle_abuse,0.4583726723988851,1,0.153,20,5,0,1734,0,0.0,12672,98
3.2819103058427572,-4.162222222222221,0,-37.45999999999999,9,36,straddle_abuse,0.023915469646453857,0,0.1522,18,5,0,1734,0,0.0,12800,99
3.836641650646925,-7.417777777777782,0,-66.76000000000003,9,65,straddle_abuse,1.0555427471796672,0,0.25,34,6,0,1735,0,0.0,128,0
3.802970953285694,-6.6444444444444475,0,-59.800000000000026,9,58,straddle_abuse,0.6989454428354899,0,0.2487,33,6,0,1735,0,0.0,256,1
3.8580872863531113,-7.942222222222224,0,-71.48000000000002,9,70,straddle_abuse,0.9179767370223999,0,0.2475,34,6,0,1735,0,0.0,384,2
3.8772224131971598,-6.838888888888889,0,-61.55,9,60,straddle_abuse,0.6778400341669718,0,0.2463,20,6,0,1735,0,0.0,512,3
3.7570635322481394,-7.444444444444443,0,-66.99999999999999,9,65,straddle_abuse,0.4853200912475586,0,0.245,23,6,0,1735,0,0.0,640,4
3.8313230015337467,-7.593333333333337,0,-68.34000000000003,9,67,straddle_abuse,0.5395235816637675,0,0.2438,30,6,0,1735,0,0.0,768,5
3.813270812854171,-8.917777777777784,0,-80.26000000000006,9,79,straddle_abuse,0.9103596806526184,0,0.2426,26,6,0,1735,0,0.0,896,6
3.806280706077814,-8.025555555555561,0,-72.23000000000005,9,71,straddle_abuse,0.6567308108011881,0,0.2414,28,6,0,1735,0,0.0,1024,7
3.8400690983980894,-7.5966666666666685,0,-68.37000000000002,9,67,straddle_abuse,0.6258481939633688,0,0.2402,28,6,0,1735,0,0.0,1152,8
3.746369721367955,-7.051111111111117,4.67,-63.46000000000006,9,62,straddle_abuse,0.40558616320292157,1,0.239,36,6,0,1735,0,0.0,1280,9
3.7067282050848007,-7.212222222222222,0,-64.91,9,63,straddle_abuse,0.36464306712150574,0,0.2378,28,6,0,1735,0,0.0,1408,10
3.688975600525737,-6.643333333333334,0,-59.790000000000006,9,58,straddle_abuse,0.30605775117874146,0,0.2366,34,6,0,1735,0,0.0,1536,11
3.604271847754717,-7.032222222222222,0,-63.29,9,61,straddle_abuse,0.338567316532135,0,0.2354,24,6,0,1735,0,0.0,1664,12
3.726258810609579,-6.401111111111111,0,-57.61,9,56,straddle_abuse,0.25220049917697906,0,0.2342,33,6,0,1735,0,0.0,1792,13
3.6246973164379597,-4.837777777777777,3.05,-43.54,9,44,straddle_abuse,0.2369279364744822,1,0.2331,32,6,0,1735,0,0.0,1920,14
3.6511310879141092,-6.751111111111109,0,-60.75999999999998,9,59,straddle_abuse,0.17578016221523285,0,0.2319,33,6,0,1735,0,0.0,2048,15
3.6410629339516163,-5.635555555555557,0,-50.72000000000001,9,49,straddle_abuse,0.04397555689016978,0,0.2307,28,6,0,1735,0,0.0,2176,16
3.589183097705245,-6.354444444444447,0,-57.19000000000002,9,55,straddle_abuse,0.14199096957842508,0,0.2296,31,6,0,1735,0,0.0,2304,17
3.679351445287466,-6.124444444444446,0,-55.12000000000002,9,53,straddle_abuse,0.08542560040950775,0,0.2284,21,6,0,1735,0,0.0,2432,18
3.4467996545135975,-5.62111111111111,0,-50.58999999999999,9,48,straddle_abuse,0.029451558987299602,0,0.2273,33,6,0,1735,0,0.0,2560,19
3.490718863904476,-6.671111111111112,0,-60.040000000000006,9,58,straddle_abuse,0.17498045166333517,0,0.2262,36,6,0,1735,0,0.0,2688,20
3.4241488743573427,-5.312222222222221,0,-47.809999999999995,9,45,straddle_abuse,0.06705375015735626,0,0.225,37,6,0,1735,0,0.0,2816,21
3.4935868736356497,-6.156666666666671,0,-55.41000000000004,9,53,straddle_abuse,0.10174780090649922,0,0.2239,28,6,0,1735,0,0.0,2944,22
3.5121226143091917,-5.673333333333334,0,-51.06,9,49,straddle_abuse,0.15764106313387552,0,0.2228,35,6,0,1735,0,0.0,3072,23
3.58215419203043,-5.576666666666664,0,-50.18999999999998,9,48,straddle_abuse,0.11452513933181763,0,0.2217,20,6,0,1735,0,0.0,3200,24
3.6857657190412283,-5.854444444444447,0,-52.69000000000002,9,51,straddle_abuse,0.08421208957831065,0,0.2206,25,6,0,1735,0,0.0,3328,25
3.5665141977369785,-6.024444444444444,0,-54.21999999999999,9,52,straddle_abuse,0.04400270183881124,0,0.2195,26,6,0,1735,0,0.0,3456,26
3.556027727201581,-4.800000000000002,0,-43.20000000000002,9,41,straddle_abuse,-0.014854580163955688,0,0.2184,23,6,0,1735,0,0.0,3584,27
3.4649922531098127,-5.809999999999999,0,-52.289999999999985,9,50,straddle_abuse,0.055923059582710266,0,0.2173,20,6,0,1735,0,0.0,3712,28
3.4180941563099623,-6.404444444444444,0,-57.63999999999999,9,55,straddle_abuse,0.13961499432722727,0,0.2162,26,6,0,1735,0,0.0,3840,29
3.48718349263072,-5.156666666666666,0,-46.41,9,44,straddle_abuse,0.0901760458946228,0,0.2151,24,6,0,1735,0,0.0,3968,30
3.4845149368047714,-3.406666666666668,18.32,-30.660000000000014,9,47,straddle_abuse,2.4472357432047525,1,0.214,29,6,0,1735,0,0.0,4096,31
3.402932235971093,-5.294444444444444,0,-47.65,9,45,straddle_abuse,0.007020696997642517,0,0.213,24,6,0,1735,0,0.0,4224,32
3.619223603978753,-3.99888888888889,7.77,-35.99000000000001,9,34,straddle_abuse,0.1764243245124817,1,0.2119,31,6,0,1735,0,0.0,4352,33
3.5188788436353207,-5.682222222222222,0,-51.14,9,49,straddle_abuse,0.15408036609490713,0,0.2108,34,6,0,1735,0,0.0,4480,34
3.4952146001160145,-5.258888888888893,27.75,-47.330000000000034,9,45,straddle_abuse,0.5500291784604391,1,0.2098,25,6,0,1735,0,0.0,4608,35
3.549576636403799,-4.8977777777777805,0,-44.08000000000003,9,42,straddle_abuse,0.048080374797185264,0,0.2087,25,6,0,1735,0,0.0,4736,36
3.4532409235835075,-5.704444444444446,0,-51.34000000000002,9,49,straddle_abuse,0.12145399550596873,0,0.2077,32,6,0,1735,0,0.0,4864,37
3.513392698019743,-3.9600000000000017,7.93,-35.640000000000015,9,41,straddle_abuse,0.2890876730283101,1,0.2066,28,6,0,1735,0,0.0,4992,38
3.460757326334715,-5.26,0,-47.339999999999996,9,45,straddle_abuse,0.0237277348836263,0,0.2056,28,6,0,1735,0,0.0,5120,39
3.445837639272213,-4.110000000000001,3.33,-36.99000000000001,9,38,straddle_abuse,0.06255796551704407,1,0.2046,21,6,0,1735,0,0.0,5248,40
3.5141559187322855,-3.0033333333333343,20.81,-27.03000000000001,9,46,straddle_abuse,1.805615782737732,1,0.2036,17,6,0,1735,0,0.0,5376,41
3.46441581659019,-4.445555555555555,15.42,-40.01,9,44,straddle_abuse,0.6045910716056824,1,0.2025,26,6,0,1735,0,0.0,5504,42
3.518113374710083,-4.50111111111111,0,-40.50999999999999,9,38,straddle_abuse,0.10001863539218903,0,0.2015,28,6,0,1735,0,0.0,5632,43
3.4635489005595446,-4.846666666666667,0,-43.62,9,41,straddle_abuse,0.07783863445123036,0,0.2005,22,6,0,1735,0,0.0,5760,44
3.465387064963579,-3.2644444444444445,0,-29.38,9,27,straddle_abuse,-0.06444620092709859,0,0.1995,19,6,0,1735,0,0.0,5888,45
3.417439067736268,-5.340000000000006,0,-48.06000000000005,9,46,straddle_abuse,0.06770145893096924,0,0.1985,29,6,0,1735,0,0.0,6016,46
3.406044989824295,-3.954444444444445,0,-35.59,9,33,straddle_abuse,0.010803520679473877,0,0.1975,31,6,0,1735,0,0.0,6144,47
3.3140450567007065,-3.589999999999998,4.62,-32.30999999999998,9,34,straddle_abuse,0.19015351931254068,1,0.1965,20,6,0,1735,0,0.0,6272,48
3.228894056752324,-4.908888888888887,0,-44.179999999999986,9,41,straddle_abuse,0.06884867449601491,0,0.1956,28,6,0,1735,0,0.0,6400,49
3.3719729613512754,-4.666666666666665,0,-41.999999999999986,9,39,straddle_abuse,0.042166829109191895,0,0.1946,29,6,0,1735,0,0.0,6528,50
3.3982477355748415,-5.707777777777782,0,-51.37000000000003,9,49,straddle_abuse,0.06497688591480255,0,0.1936,24,6,0,1735,0,0.0,6656,51
3.5033947620540857,-4.247777777777782,7.49,-38.23000000000004,9,39,straddle_abuse,0.09026772777239482,1,0.1926,27,6,0,1735,0,0.0,6784,52
3.4765832498669624,-5.087777777777777,0,-45.79,9,44,straddle_abuse,0.007491295536359151,0,0.1917,24,6,0,1735,0,0.0,6912,53
3.417008478194475,-4.114444444444444,0.65,-37.029999999999994,9,35,straddle_abuse,0.0151433398326238,1,0.1907,27,6,0,1735,0,0.0,7040,54
3.5168929919600487,0.4711111111111134,34.36,4.240000000000021,9,31,straddle_abuse,5.4008110364278155,2,0.1898,20,6,0,1735,1,0.1111111111111111,7168,55
3.44797738827765,-3.9955555555555526,3.61,-35.95999999999997,9,37,straddle_abuse,0.04083299140135447,2,0.1888,23,6,0,1735,0,0.0,7296,56
3.604865111410618,-5.201111111111114,0,-46.81000000000003,9,45,straddle_abuse,0.09574077030022939,0,0.1879,28,6,0,1735,0,0.0,7424,57
3.4624449778348207,-1.41333333333333,21.59,-12.71999999999997,9,29,straddle_abuse,1.6080747842788696,2,0.1869,20,6,0,1735,0,0.0,7552,58
3.480966752395034,-4.79222222222222,0,-43.12999999999998,9,41,straddle_abuse,0.02868582804997762,0,0.186,27,6,0,1735,0,0.0,7680,59
3.565412761643529,-4.77888888888889,0,-43.01000000000001,9,41,straddle_abuse,0.036112179358800255,0,0.1851,22,6,0,1735,0,0.0,7808,60
3.470796911045909,-4.672222222222219,0,-42.04999999999997,9,40,straddle_abuse,0.05799489716688792,0,0.1841,24,6,0,1735,0,0.0,7936,61
3.4648834746330976,-1.8133333333333361,19.86,-16.320000000000025,9,31,straddle_abuse,1.1929841836293538,2,0.1832,22,6,0,1735,0,0.0,8064,62
3.4102951139211655,-4.015555555555557,3.24,-36.140000000000015,9,37,straddle_abuse,0.04940235118071238,2,0.1823,21,6,0,1735,0,0.0,8192,63
3.3334157075732946,-4.4255555555555555,0,-39.83,9,37,straddle_abuse,0.00516180694103241,0,0.1814,22,6,0,1735,0,0.0,8320,64
3.3642184883356094,-2.5122222222222192,0,-22.609999999999975,9,20,straddle_abuse,0.004636978109677632,0,0.1805,25,6,0,1735,0,0.0,8448,65
3.3691192641854286,-3.407777777777776,0,-30.66999999999998,9,28,straddle_abuse,-0.010675291220347086,0,0.1796,25,6,0,1735,0,0.0,8576,66
3.2973830699920654,-4.0811111111111105,0,-36.73,9,34,straddle_abuse,0.013214131196339926,0,0.1787,23,6,0,1735,0,0.0,8704,67
3.4789830651134253,-4.842222222222224,0,-43.58000000000002,9,42,straddle_abuse,0.039791310826937355,0,0.1778,22,6,0,1735,0,0.0,8832,68
3.45378203317523,-3.660000000000002,0.2,-32.94000000000002,9,31,straddle_abuse,-0.053662543495496116,1,0.1769,22,6,0,1735,0,0.0,8960,69
3.3330629896372557,-4.2600000000000025,0,-38.340000000000025,9,36,straddle_abuse,0.060232773423194885,0,0.176,22,6,0,1735,0,0.0,9088,70
3.392605459317565,-2.9311111111111106,9.25,-26.379999999999995,9,30,straddle_abuse,0.20921507477760315,2,0.1751,19,6,0,1735,0,0.0,9216,71
3.355332151055336,-4.9077777777777785,0,-44.17000000000001,9,42,straddle_abuse,0.019017184774080913,0,0.1743,23,6,0,1735,0,0.0,9344,72
3.322219016030431,-3.380000000000001,0,-30.42000000000001,9,28,straddle_abuse,-0.03550960371891657,0,0.1734,31,6,0,1735,0,0.0,9472,73
3.2448584530502558,-3.9466666666666694,0,-35.520000000000024,9,33,straddle_abuse,0.017688870429992676,0,0.1725,23,6,0,1735,0,0.0,9600,74
3.2582659870386124,-3.433333333333333,2.59,-30.9,9,29,straddle_abuse,-0.008109534780184427,1,0.1717,24,6,0,1735,0,0.0,9728,75
3.324720511212945,-2.3677777777777766,5.18,-21.30999999999999,9,24,straddle_abuse,0.1703299085299174,1,0.1708,18,6,0,1735,0,0.0,9856,76
3.278781082481146,-3.841111111111113,0,-34.570000000000014,9,32,straddle_abuse,0.023556952675183613,0,0.1699,24,6,0,1735,0,0.0,9984,77
3.411404153332114,-4.698888888888887,0,-42.289999999999985,9,41,straddle_abuse,0.06503744423389435,0,0.1691,22,6,0,1735,0,0.0,10112,78
3.2707384824752808,-2.38111111111111,11.75,-21.42999999999999,9,31,straddle_abuse,0.6784750620524088,3,0.1683,18,6,0,1735,0,0.0,10240,79
3.245185799896717,-4.528888888888887,0,-40.759999999999984,9,39,straddle_abuse,0.13349458575248718,0,0.1674,16,6,0,1735,0,0.0,10368,80
3.2440677508711815,-4.306666666666668,0,-38.76000000000002,9,36,straddle_abuse,0.09182505806287129,0,0.1666,23,6,0,1735,0,0.0,10496,81
3.200880890712142,-3.2566666666666673,0,-29.310000000000006,9,27,straddle_abuse,-0.010440712173779806,0,0.1657,20,6,0,1735,0,0.0,10624,82
3.1722260136157274,-2.6522222222222216,0,-23.869999999999994,9,21,straddle_abuse,-0.05575677504142126,0,0.1649,24,6,0,1735,0,0.0,10752,83
3.2186313904821873,-3.5777777777777775,0,-32.199999999999996,9,30,straddle_abuse,0.09556165834267934,0,0.1641,19,6,0,1735,0,0.0,10880,84
3.2728203274309635,-0.735555555555555,19.64,-6.619999999999995,9,28,straddle_abuse,2.4637938340504966,5,0.1633,22,6,0,1735,0,0.0,11008,85
3.337802220135927,-4.150000000000001,0,-37.35000000000001,9,36,straddle_abuse,0.004588613907496135,0,0.1625,16,6,0,1735,0,0.0,11136,86
3.3528923708945513,-3.9055555555555594,3.29,-35.150000000000034,9,37,straddle_abuse,0.16416609783967337,1,0.1616,28,6,0,1735,0,0.0,11264,87
3.2734677121043205,-3.773333333333335,0,-33.960000000000015,9,32,straddle_abuse,-0.027438928683598835,0,0.1608,22,6,0,1735,0,0.0,11392,88
3.3394753206521273,-4.077777777777781,0,-36.70000000000003,9,35,straddle_abuse,0.12460252145926158,0,0.16,27,6,0,1735,0,0.0,11520,89
3.2434226889163256,-3.738888888888889,5.14,-33.65,9,32,straddle_abuse,0.08188808957735698,1,0.1592,22,6,0,1735,0,0.0,11648,90
3.265334466472268,-2.9711111111111124,0,-26.740000000000013,9,25,straddle_abuse,-0.025688191254933674,0,0.1584,20,6,0,1735,0,0.0,11776,91
3.124600373208523,-4.227777777777778,2.13,-38.05,9,38,straddle_abuse,0.08786993722120921,1,0.1576,16,6,0,1735,0,0.0,11904,92
3.1802437026053667,-2.905555555555559,0,-26.15000000000003,9,24,straddle_abuse,-0.07711214572191238,0,0.1569,16,6,0,1735,0,0.0,12032,93
3.2231597285717726,-2.3344444444444483,3.4,-21.010000000000034,9,23,straddle_abuse,0.19362667202949524,2,0.1561,18,6,0,1735,0,0.0,12160,94
3.1687976121902466,-2.4455555555555524,4.18,-22.009999999999973,9,24,straddle_abuse,-0.022252723574638367,1,0.1553,17,6,0,1735,0,0.0,12288,95
3.057987976819277,-3.2933333333333334,2.31,-29.64,9,32,straddle_abuse,0.1632122447093328,2,0.1545,10,6,0,1735,0,0.0,12416,96
3.243357963860035,-3.8577777777777786,7.51,-34.720000000000006,9,41,straddle_abuse,0.09019537270069122,3,0.1537,22,6,0,1735,0,0.0,12544,97
3.1058959886431694,-2.0166666666666653,3.53,-18.149999999999988,9,20,straddle_abuse,0.018180047472318012,1,0.153,16,6,0,1735,0,0.0,12672,98
3.17436302639544,-0.8788888888888889,8.75,-7.91,9,18,straddle_abuse,0.39590627948443097,5,0.1522,21,6,0,1735,0,0.0,12800,99
3.792567450553179,-7.0422222222222235,0,-63.38000000000001,9,62,straddle_abuse,0.9757678508758545,0,0.25,34,7,0,1736,0,0.0,128,0
3.822445970028639,-7.9377777777777805,0,-71.44000000000003,9,70,straddle_abuse,1.128622015317281,0,0.2487,41,7,0,1736,0,0.0,256,1
3.8731240574270487,-8.364444444444445,0,-75.28,9,74,straddle_abuse,1.0707566340764363,0,0.2475,24,7,0,1736,0,0.0,384,2
3.822322551161051,-7.257777777777779,0,-65.32000000000001,9,64,straddle_abuse,0.7003754377365112,0,0.2463,28,7,0,1736,0,0.0,512,3
3.7540272399783134,-6.164444444444444,9.25,-55.48,9,63,straddle_abuse,0.9088324308395386,1,0.245,34,7,0,1736,0,0.0,640,4
3.837322633713484,-7.926666666666664,2.13,-71.33999999999997,9,72,straddle_abuse,0.883359968662262,1,0.2438,29,7,0,1736,0,0.0,768,5
3.794755272567272,-7.382222222222225,0,-66.44000000000003,9,65,straddle_abuse,0.46970128019650775,0,0.2426,38,7,0,1736,0,0.0,896,6
3.679869720712304,-6.666666666666669,0,-60.00000000000002,9,58,straddle_abuse,0.3065158426761627,0,0.2414,29,7,0,1736,0,0.0,1024,7
3.6796342320740223,-6.546666666666666,0,-58.919999999999995,9,57,straddle_abuse,0.3682413101196289,0,0.2402,26,7,0,1736,0,0.0,1152,8
3.7834332641214132,-6.864444444444444,0,-61.779999999999994,9,60,straddle_abuse,0.41812610626220703,0,0.239,35,7,0,1736,0,0.0,1280,9
3.6948301773518324,-7.518888888888886,0,-67.66999999999997,9,66,straddle_abuse,0.4381404519081116,0,0.2378,27,7,0,1736,0,0.0,1408,10
3.6899816785007715,-5.8677777777777775,0,-52.809999999999995,9,51,straddle_abuse,0.2383329818646113,0,0.2366,31,7,0,1736,0,0.0,1536,11
3.669617798179388,-7.867777777777778,0,-70.81,9,69,straddle_abuse,0.37575732668240863,0,0.2354,22,7,0,1736,0,0.0,1664,12
3.514138801023364,-6.795555555555556,0,-61.16,9,59,straddle_abuse,0.34277860323588055,0,0.2342,25,7,0,1736,0,0.0,1792,13
3.686036191880703,-6.653333333333336,0,-59.880000000000024,9,58,straddle_abuse,0.30349184075991315,0,0.2331,37,7,0,1736,0,0.0,1920,14
3.439508242532611,-6.8144444444444465,0,-61.33000000000002,9,59,straddle_abuse,0.22724633912245432,0,0.2319,24,7,0,1736,0,0.0,2048,15
3.574862701818347,-4.428888888888889,0,-39.86000000000001,9,37,straddle_abuse,0.16144235928853354,0,0.2307,39,7,0,1736,0,0.0,2176,16
3.4488911610096693,-5.095555555555554,0,-45.859999999999985,9,43,straddle_abuse,0.11257408559322357,0,0.2296,30,7,0,1736,0,0.0,2304,17
3.4767056237906218,-6.054444444444445,2.13,-54.49,9,52,straddle_abuse,0.20499791204929352,1,0.2284,27,7,0,1736,0,0.0,2432,18
3.483161738142371,-5.288888888888888,0,-47.599999999999994,9,45,straddle_abuse,0.033936510483423867,0,0.2273,20,7,0,1736,0,0.0,2560,19
3.5758548229932785,-5.932222222222222,0,-53.39,9,51,straddle_abuse,0.12335992852846782,0,0.2262,27,7,0,1736,0,0.0,2688,20
3.69166811555624,-6.074444444444446,0,-54.670000000000016,9,53,straddle_abuse,0.1886427899201711,0,0.225,37,7,0,1736,0,0.0,2816,21
3.506624512374401,-6.625555555555557,0,-59.63000000000002,9,57,straddle_abuse,0.08140060305595398,0,0.2239,26,7,0,1736,0,0.0,2944,22
3.5878692250698805,-5.457777777777777,0,-49.12,9,47,straddle_abuse,0.07454417149225871,0,0.2228,29,7,0,1736,0,0.0,3072,23
3.536838348954916,-3.7522222222222235,17.66,-33.77000000000001,9,49,straddle_abuse,1.7512248754501343,1,0.2217,35,7,0,1736,0,0.0,3200,24
3.4886000603437424,-5.73,0,-51.57,9,49,straddle_abuse,0.10723524789015453,0,0.2206,28,7,0,1736,0,0.0,3328,25
3.6398568134754896,-5.437777777777779,1.11,-48.94000000000001,9,48,straddle_abuse,0.07113071779410045,1,0.2195,30,7,0,1736,0,0.0,3456,26
3.6285090558230877,-6.214444444444445,0,-55.93000000000001,9,54,straddle_abuse,0.10003823538621266,0,0.2184,29,7,0,1736,0,0.0,3584,27
3.6011325232684612,-5.811111111111112,0,-52.300000000000004,9,50,straddle_abuse,0.09672120213508606,0,0.2173,25,7,0,1736,0,0.0,3712,28
3.4957743920385838,-0.9733333333333353,37,-8.760000000000018,9,43,straddle_abuse,7.1651185353597,1,0.2162,30,7,0,1736,1,0.1111111111111111,3840,29
3.582851918414235,-5.9011111111111125,0,-53.110000000000014,9,51,straddle_abuse,0.08939073979854584,0,0.2151,28,7,0,1736,0,0.0,3968,30
3.452591184526682,-5.083333333333333,0,-45.75,9,43,straddle_abuse,0.04112303753693899,0,0.214,25,7,0,1736,0,0.0,4096,31
3.535199772566557,-5.573333333333336,0,-50.160000000000025,9,48,straddle_abuse,0.029817193746566772,0,0.213,32,7,0,1736,0,0.0,4224,32
3.3335153963416815,-5.423333333333333,0,-48.809999999999995,9,46,straddle_abuse,0.038359289367993675,0,0.2119,32,7,0,1736,0,0.0,4352,33
3.4337193183600903,-4.37111111111111,9.25,-39.33999999999999,9,46,straddle_abuse,0.5185712973276774,1,0.2108,24,7,0,1736,0,0.0,4480,34
3.3482186309993267,-4.993333333333333,0,-44.94,9,42,straddle_abuse,0.01575590670108795,0,0.2098,34,7,0,1736,0,0.0,4608,35
3.44100384041667,-4.518888888888887,2.03,-40.66999999999999,9,40,straddle_abuse,0.06391368806362152,1,0.2087,25,7,0,1736,0,0.0,4736,36
3.5237034894526005,-5.381111111111111,0,-48.43,9,46,straddle_abuse,-0.0009322315454483032,0,0.2077,27,7,0,1736,0,0.0,4864,37
3.6099842451512814,-4.485555555555555,0,-40.37,9,38,straddle_abuse,-0.02267572780450185,0,0.2066,23,7,0,1736,0,0.0,4992,38
3.732969641685486,-5.603333333333333,0,-50.42999999999999,9,49,straddle_abuse,0.14048300683498383,0,0.2056,34,7,0,1736,0,0.0,5120,39
3.624928269535303,-4.805555555555558,0,-43.25000000000002,9,41,straddle_abuse,0.04281420509020487,0,0.2046,36,7,0,1736,0,0.0,5248,40
3.456301784142852,-4.946666666666669,0,-44.52000000000002,9,42,straddle_abuse,0.06854596237341563,0,0.2036,35,7,0,1736,0,0.0,5376,41
3.6349756978452206,-3.4033333333333378,11.89,-30.630000000000038,9,47,straddle_abuse,0.8389548858006796,2,0.2025,34,7,0,1736,0,0.0,5504,42
3.5174036640673876,-4.483333333333331,0,-40.34999999999998,9,38,straddle_abuse,-0.040151432156562805,0,0.2015,29,7,0,1736,0,0.0,5632,43
3.4650162030011415,-4.643333333333334,0,-41.790000000000006,9,39,straddle_abuse,-0.057323068380355835,0,0.2005,23,7,0,1736,0,0.0,5760,44
3.5620802752673626,-4.682222222222225,0,-42.14000000000002,9,40,straddle_abuse,0.044391483068466187,0,0.1995,25,7,0,1736,0,0.0,5888,45
3.5203690100461245,-4.771111111111115,0,-42.94000000000004,9,41,straddle_abuse,0.01703794300556183,0,0.1985,25,7,0,1736,0,0.0,6016,46
3.4561496265232563,-4.1588888888888915,5.14,-37.43000000000002,9,40,straddle_abuse,0.12045740087827046,1,0.1975,33,7,0,1736,0,0.0,6144,47
3.432436650618911,-4.857777777777777,0,-43.71999999999999,9,41,straddle_abuse,0.0764110138018926,0,0.1965,22,7,0,1736,0,0.0,6272,48
3.4661260154098272,-4.725555555555556,0,-42.53000000000001,9,40,straddle_abuse,0.02509772280852,0,0.1956,22,7,0,1736,0,0.0,6400,49
3.4965800549834967,-3.846666666666666,0,-34.61999999999999,9,32,straddle_abuse,-0.02888961136341095,0,0.1946,24,7,0,1736,0,0.0,6528,50
3.3290935177356005,-3.8999999999999977,0,-35.09999999999998,9,32,straddle_abuse,-0.0005338887373606364,0,0.1936,15,7,0,1736,0,0.0,6656,51
3.478549513965845,-4.682222222222223,0,-42.14000000000001,9,40,straddle_abuse,-0.06004768113295237,0,0.1926,30,7,0,1736,0,0.0,6784,52
3.5506950467824936,-4.246666666666667,0,-38.220000000000006,9,36,straddle_abuse,-0.06532215823729833,0,0.1917,26,7,0,1736,0,0.0,6912,53
3.407651621848345,-4.726666666666666,0,-42.53999999999999,9,40,straddle_abuse,-0.05616387724876404,0,0.1907,23,7,0,1736,0,0.0,7040,54
3.43951647169888,-2.828888888888889,25.44,-25.46,9,33,straddle_abuse,0.80771404504776,1,0.1898,27,7,0,1736,0,0.0,7168,55
3.33327054977417,-3.4299999999999997,1.11,-30.869999999999997,9,29,straddle_abuse,0.041131943464279175,1,0.1888,24,7,0,1736,0,0.0,7296,56
3.3828581161797047,-4.594444444444444,0,-41.349999999999994,9,39,straddle_abuse,0.05364604294300079,0,0.1879,20,7,0,1736,0,0.0,7424,57
3.506233723834157,-4.9155555555555575,0,-44.240000000000016,9,42,straddle_abuse,0.03182172775268555,0,0.1869,29,7,0,1736,0,0.0,7552,58
3.405886232852936,0.15000000000000244,35.68,1.3500000000000218,9,32,straddle_abuse,4.566046714782715,1,0.186,27,7,0,1736,1,0.1111111111111111,7680,59
3.4862324576824903,-2.7233333333333336,11.89,-24.51,9,34,straddle_abuse,0.584079384803772,1,0.1851,23,7,0,1736,0,0.0,7808,60
3.5043191090226173,-4.345555555555557,3.88,-39.110000000000014,9,41,straddle_abuse,0.07814700404802959,1,0.1841,28,7,0,1736,0,0.0,7936,61
3.562552597373724,-4.410000000000002,0,-39.69000000000002,9,38,straddle_abuse,0.08568610747655232,0,0.1832,23,7,0,1736,0,0.0,8064,62
3.5090376157313585,-2.358888888888889,18.5,-21.23,9,38,straddle_abuse,1.311307152112325,2,0.1823,20,7,0,1736,0,0.0,8192,63
3.455457217991352,-5.720000000000002,0,-51.480000000000025,9,50,straddle_abuse,0.13384517033894858,0,0.1814,26,7,0,1736,0,0.0,8320,64
3.477421099320054,-1.568888888888887,14.39,-14.119999999999983,9,30,straddle_abuse,1.0577540795008342,2,0.1805,26,7,0,1736,0,0.0,8448,65
3.4937249328941107,-5.068888888888888,0,-45.61999999999999,9,44,straddle_abuse,0.059446329871813454,0,0.1796,37,7,0,1736,0,0.0,8576,66
3.5643918309360743,-2.9877777777777785,0,-26.890000000000008,9,25,straddle_abuse,-0.06786230206489563,0,0.1787,21,7,0,1736,0,0.0,8704,67
3.4171468280255795,-3.8333333333333326,1.38,-34.49999999999999,9,35,straddle_abuse,0.017817318439483643,2,0.1778,16,7,0,1736,0,0.0,8832,68
3.2679004054516554,-3.2988888888888868,6.11,-29.68999999999998,9,33,straddle_abuse,0.1891858677069346,1,0.1769,19,7,0,1736,0,0.0,8960,69
3.3332049045711756,-2.3899999999999992,7.17,-21.509999999999994,9,26,straddle_abuse,0.36781200766563416,1,0.176,24,7,0,1736,0,0.0,9088,70
3.303664345294237,-3.250000000000001,0,-29.250000000000007,9,27,straddle_abuse,-0.08390301714340846,0,0.1751,24,7,0,1736,0,0.0,9216,71
3.2075272649526596,-3.166666666666666,0,-28.499999999999993,9,26,straddle_abuse,0.01889723539352417,0,0.1743,22,7,0,1736,0,0.0,9344,72
3.2002841159701347,-2.1966666666666645,0,-19.769999999999982,9,17,straddle_abuse,-0.06217769533395767,0,0.1734,15,7,0,1736,0,0.0,9472,73
3.2333905547857285,-3.646666666666665,0,-32.819999999999986,9,30,straddle_abuse,-0.04329462846120199,0,0.1725,25,7,0,1736,0,0.0,9600,74
3.1496234498918056,-2.7855555555555562,3.84,-25.070000000000007,9,26,straddle_abuse,0.08100182314713796,1,0.1717,22,7,0,1736,0,0.0,9728,75
3.0238695181906223,-3.902222222222221,0,-35.11999999999999,9,32,straddle_abuse,0.07693047821521759,0,0.1708,15,7,0,1736,0,0.0,9856,76
3.060784572735429,-3.068888888888888,2.01,-27.619999999999994,9,27,straddle_abuse,0.024432972073554993,1,0.1699,21,7,0,1736,0,0.0,9984,77
3.0724631045013666,-3.302222222222221,0,-29.719999999999988,9,27,straddle_abuse,0.04589788615703583,0,0.1691,21,7,0,1736,0,0.0,10112,78
3.190981412306428,-2.8844444444444424,0,-25.959999999999983,9,23,straddle_abuse,0.011087362964948019,0,0.1683,19,7,0,1736,0,0.0,10240,79
3.345532938838005,-3.0888888888888886,0,-27.799999999999997,9,26,straddle_abuse,-0.019142597913742065,0,0.1674,24,7,0,1736,0,0.0,10368,80
3.294227624312043,-3.346666666666666,0,-30.11999999999999,9,28,straddle_abuse,-0.010008598367373148,0,0.1666,22,7,0,1736,0,0.0,10496,81
3.2567659579217434,-4.04555555555556,9.25,-36.41000000000004,9,36,straddle_abuse,0.08847806354363759,1,0.1657,25,7,0,1736,0,0.0,10624,82
3.2242926843464375,-3.4188888888888913,0,-30.77000000000002,9,29,straddle_abuse,-0.08422231674194336,0,0.1649,18,7,0,1736,0,0.0,10752,83
3.270556703209877,-3.8144444444444505,5.55,-34.330000000000055,9,38,straddle_abuse,0.09163549542427063,1,0.1641,24,7,0,1736,0,0.0,10880,84
3.150278454646468,-2.637777777777777,0,-23.739999999999995,9,21,straddle_abuse,-0.051059722900390625,0,0.1633,24,7,0,1736,0,0.0,11008,85
3.0795630645006895,-2.4144444444444404,0,-21.729999999999965,9,19,straddle_abuse,-0.07741352419058482,0,0.1625,16,7,0,1736,0,0.0,11136,86
3.1112420856952667,-2.3011111111111107,0,-20.709999999999997,9,18,straddle_abuse,0.013342196742693583,0,0.1616,17,7,0,1736,0,0.0,11264,87
3.2830565944314003,-3.7566666666666677,0,-33.81000000000001,9,32,straddle_abuse,-0.021953468521436054,0,0.1608,21,7,0,1736,0,0.0,11392,88
3.306086940690875,-2.505555555555556,2.5,-22.550000000000004,9,23,straddle_abuse,-0.0542864054441452,1,0.16,20,7,0,1736,0,0.0,11520,89
3.2060810532420874,-2.278888888888891,7.12,-20.51000000000002,9,26,straddle_abuse,0.2612180213133494,1,0.1592,14,7,0,1736,0,0.0,11648,90
3.2044107373803854,-1.3899999999999992,11.57,-12.509999999999993,9,22,straddle_abuse,0.25789664189020794,1,0.1584,21,7,0,1736,0,0.0,11776,91
3.1800679340958595,-3.62777777777778,6.52,-32.65000000000002,9,31,straddle_abuse,0.19154148797194162,1,0.1576,21,7,0,1736,0,0.0,11904,92
3.178731817752123,-1.7822222222222202,11.65,-16.03999999999998,9,26,straddle_abuse,0.4292832712332408,1,0.1569,29,7,0,1736,0,0.0,12032,93
3.1760870683938265,-3.296666666666669,0,-29.670000000000023,9,28,straddle_abuse,0.09826697905858357,0,0.1561,25,7,0,1736,0,0.0,12160,94
3.163626415655017,-4.405555555555555,0,-39.65,9,38,straddle_abuse,0.18718311190605164,0,0.1553,30,7,0,1736,0,0.0,12288,95
3.179058976471424,4.514444444444444,37,40.629999999999995,9,18,straddle_abuse,9.463166236877441,3,0.1545,25,7,0,1736,1,0.1111111111111111,12416,96
3.107607176527381,-2.46,6.94,-22.14,9,27,straddle_abuse,0.038838023940722145,1,0.1537,21,7,0,1736,0,0.0,12544,97
3.1581011544913054,-3.1755555555555564,0.36,-28.58000000000001,9,27,straddle_abuse,-0.06042421609163284,1,0.153,26,7,0,1736,0,0.0,12672,98
3.0502421483397484,-1.537777777777775,14.17,-13.839999999999975,9,26,straddle_abuse,0.77415398756663,2,0.1522,21,7,0,1736,0,0.0,12800,99
3.9307478331029415,-8.664444444444449,0,-77.98000000000003,9,77,straddle_abuse,1.4892187118530273,0,0.25,36,8,0,1737,0,0.0,128,0
3.7454345002770424,-7.525555555555556,0,-67.73,9,66,straddle_abuse,0.8916224042574564,0,0.2487,24,8,0,1737,0,0.0,256,1
3.8157256357371807,-6.625555555555558,0,-59.630000000000024,9,58,straddle_abuse,0.6412759820620219,0,0.2475,23,8,0,1737,0,0.0,384,2
3.7508649826049805,-7.058888888888888,0,-63.529999999999994,9,62,straddle_abuse,0.543997993071874,0,0.2463,31,8,0,1737,0,0.0,512,3
3.953035308048129,-8.19555555555556,0,-73.76000000000003,9,73,straddle_abuse,0.6926393707593282,0,0.245,43,8,0,1737,0,0.0,640,4
3.7428999338299036,-7.05444444444445,0,-63.49000000000005,9,62,straddle_abuse,0.41212737560272217,0,0.2438,31,8,0,1737,0,0.0,768,5
3.8123145531862974,-8.015555555555558,0,-72.14000000000003,9,71,straddle_abuse,0.4958321650822957,0,0.2426,36,8,0,1737,0,0.0,896,6
3.825297962874174,-8.145555555555559,0,-73.31000000000003,9,72,straddle_abuse,0.5703368584314982,0,0.2414,30,8,0,1737,0,0.0,1024,7
3.84904982149601,-7.448888888888888,0,-67.03999999999999,9,66,straddle_abuse,0.7077205777168274,0,0.2402,30,8,0,1737,0,0.0,1152,8
3.7367420438677073,-7.165555555555557,0,-64.49000000000001,9,63,straddle_abuse,0.4515000581741333,0,0.239,26,8,0,1737,0,0.0,1280,9
3.680426387116313,-6.33,0,-56.97,9,55,straddle_abuse,0.2710786461830139,0,0.2378,32,8,0,1737,0,0.0,1408,10
3.631886165589094,-6.123333333333337,0,-55.11000000000003,9,53,straddle_abuse,0.25006108979384106,0,0.2366,35,8,0,1737,0,0.0,1536,11
3.5824684873223305,-5.9455555555555595,0,-53.51000000000003,9,51,straddle_abuse,0.12702334423859915,0,0.2354,34,8,0,1737,0,0.0,1664,12
3.597861036658287,-5.714444444444444,1.66,-51.43,9,51,straddle_abuse,0.2258994976679484,1,0.2342,29,8,0,1737,0,0.0,1792,13
3.808163182809949,-7.0577777777777815,0,-63.52000000000003,9,62,straddle_abuse,0.2567785481611888,0,0.2331,37,8,0,1737,0,0.0,1920,14
3.738589383661747,-6.354444444444445,0,-57.190000000000005,9,55,straddle_abuse,0.17592580119768778,0,0.2319,28,8,0,1737,0,0.0,2048,15
3.826225133612752,-6.537777777777778,4.27,-58.84,9,60,straddle_abuse,0.24491989115873972,1,0.2307,30,8,0,1737,0,0.0,2176,16
3.6804819628596306,-3.8755555555555556,23.12,-34.88,9,56,straddle_abuse,2.0550777912139893,2,0.2296,43,8,0,1737,0,0.0,2304,17
3.681889245286584,-6.84888888888889,0,-61.64000000000001,9,60,straddle_abuse,0.14056256910165152,0,0.2284,31,8,0,1737,0,0.0,2432,18
3.690741691738367,-7.41888888888889,0,-66.77000000000001,9,65,straddle_abuse,0.3272158404191335,0,0.2273,33,8,0,1737,0,0.0,2560,19
3.6818954665213823,-5.427777777777779,0,-48.85000000000001,9,47,straddle_abuse,0.013767048716545105,0,0.2262,26,8,0,1737,0,0.0,2688,20
3.6683341935276985,-3.0500000000000003,13.32,-27.450000000000003,9,48,straddle_abuse,1.3217856486638386,2,0.225,28,8,0,1737,0,0.0,2816,21
3.6207828782498837,-6.65777777777778,0,-59.92000000000002,9,58,straddle_abuse,0.218469500541687,0,0.2239,28,8,0,1737,0,0.0,2944,22
3.616317391395569,-5.235555555555558,0,-47.12000000000002,9,45,straddle_abuse,0.06111156443754832,0,0.2228,23,8,0,1737,0,0.0,3072,23
3.61091766692698,-5.903333333333334,0,-53.13000000000001,9,51,straddle_abuse,0.08206666509310405,0,0.2217,29,8,0,1737,0,0.0,3200,24
3.5858095940202475,-4.501111111111111,0,-40.510000000000005,9,38,straddle_abuse,-0.012850850820541382,0,0.2206,33,8,0,1737,0,0.0,3328,25
3.4692936539649963,-5.620000000000001,0,-50.580000000000005,9,48,straddle_abuse,0.034330526987711586,0,0.2195,24,8,0,1737,0,0.0,3456,26
3.6284319702535868,-5.332222222222226,0,-47.99000000000004,9,46,straddle_abuse,0.0068178921937942505,0,0.2184,36,8,0,1737,0,0.0,3584,27
3.5508439652621746,-4.27,0,-38.42999999999999,9,36,straddle_abuse,0.04259196917215983,0,0.2173,25,8,0,1737,0,0.0,3712,28
3.629364438354969,-5.162222222222225,0,-46.46000000000003,9,45,straddle_abuse,0.008772343397140503,0,0.2162,31,8,0,1737,0,0.0,3840,29
3.4981380607932806,-5.592222222222222,0,-50.33,9,48,straddle_abuse,0.053454622626304626,0,0.2151,21,8,0,1737,0,0.0,3968,30
3.5407368037849665,-5.334444444444444,1.32,-48.01,9,46,straddle_abuse,0.09892009695370992,1,0.214,28,8,0,1737,0,0.0,4096,31
3.5479298289865255,-5.1066666666666665,5.95,-45.96,9,50,straddle_abuse,0.2282522221406301,1,0.213,24,8,0,1737,0,0.0,4224,32
3.5475349090993404,-5.447777777777776,0,-49.02999999999998,9,47,straddle_abuse,0.021079927682876587,0,0.2119,32,8,0,1737,0,0.0,4352,33
3.2763246186077595,-4.5488888888888885,0,-40.94,9,38,straddle_abuse,0.027716209491093952,0,0.2108,32,8,0,1737,0,0.0,4480,34
3.2779496163129807,-4.83,1.6,-43.47,9,41,straddle_abuse,0.012227485577265421,1,0.2098,33,8,0,1737,0,0.0,4608,35
3.3325262367725372,-3.8544444444444435,3.56,-34.68999999999999,9,32,straddle_abuse,0.025162036220232647,1,0.2087,33,8,0,1737,0,0.0,4736,36
3.315726935863495,-4.723333333333332,0,-42.509999999999984,9,40,straddle_abuse,0.04316788911819458,0,0.2077,28,8,0,1737,0,0.0,4864,37
3.243257647380233,-4.396666666666667,0,-39.57000000000001,9,37,straddle_abuse,0.005526001254717509,0,0.2066,21,8,0,1737,0,0.0,4992,38
3.412951899692416,-3.6344444444444437,0,-32.709999999999994,9,30,straddle_abuse,-0.0290654053290685,0,0.2056,33,8,0,1737,0,0.0,5120,39
3.3092529363930225,-4.642222222222223,0,-41.78000000000001,9,39,straddle_abuse,0.06136425336201986,0,0.2046,19,8,0,1737,0,0.0,5248,40
3.3708887733519077,-4.262222222222223,0,-38.36000000000001,9,36,straddle_abuse,-0.003903056184450785,0,0.2036,25,8,0,1737,0,0.0,5376,41
3.431239817291498,-3.541111111111114,2.99,-31.870000000000026,9,33,straddle_abuse,-0.02143833537896474,1,0.2025,17,8,0,1737,0,0.0,5504,42
3.3810249343514442,-5.000000000000001,0,-45.00000000000001,9,43,straddle_abuse,0.0163074533144633,0,0.2015,25,8,0,1737,0,0.0,5632,43
3.3687795363366604,-3.490000000000001,2.59,-31.41000000000001,9,29,straddle_abuse,0.019824246565500896,1,0.2005,26,8,0,1737,0,0.0,5760,44
3.420220412313938,-3.3144444444444447,10.76,-29.830000000000002,9,39,straddle_abuse,0.5109237432479858,2,0.1995,33,8,0,1737,0,0.0,5888,45
3.3087966330349445,-1.4899999999999982,22.71,-13.409999999999984,9,34,straddle_abuse,2.150977452596029,4,0.1985,26,8,0,1737,0,0.0,6016,46
3.2858745232224464,-4.229999999999999,1.15,-38.069999999999986,9,37,straddle_abuse,0.15388496220111847,1,0.1975,25,8,0,1737,0,0.0,6144,47
3.328142624348402,-4.542222222222222,0,-40.879999999999995,9,39,straddle_abuse,0.17072297632694244,0,0.1965,28,8,0,1737,0,0.0,6272,48
3.2580018304288387,-3.2111111111111095,0,-28.899999999999984,9,27,straddle_abuse,0.017026518781979878,0,0.1956,24,8,0,1737,0,0.0,6400,49
3.338743884116411,-4.6333333333333355,0.55,-41.70000000000002,9,41,straddle_abuse,0.16792536775271097,1,0.1946,28,8,0,1737,0,0.0,6528,50
3.256603578105569,-4.623333333333334,1.31,-41.61000000000001,9,41,straddle_abuse,0.053263033429781594,1,0.1936,27,8,0,1737,0,0.0,6656,51
3.1885482743382454,-3.800000000000001,11.25,-34.20000000000001,9,32,straddle_abuse,0.25601573785146076,1,0.1926,25,8,0,1737,0,0.0,6784,52
3.19620294123888,-3.634444444444446,0,-32.710000000000015,9,30,straddle_abuse,0.11496004958947499,0,0.1917,33,8,0,1737,0,0.0,6912,53
3.1315226778388023,-3.244444444444441,5.83,-29.199999999999967,9,34,straddle_abuse,0.3595694800217946,3,0.1907,28,8,0,1737,0,0.0,7040,54
3.1259893011301756,-1.8455555555555532,10.79,-16.609999999999978,9,26,straddle_abuse,0.4029846290747325,2,0.1898,29,8,0,1737,0,0.0,7168,55
3.205000540241599,-4.044444444444445,8.85,-36.400000000000006,9,43,straddle_abuse,0.5171206196149191,1,0.1888,27,8,0,1737,0,0.0,7296,56
3.157209826633334,-3.908888888888887,0,-35.179999999999986,9,33,straddle_abuse,0.09857551256815593,0,0.1879,22,8,0,1737,0,0.0,7424,57
3.223831471055746,-1.4799999999999978,17.38,-13.319999999999979,9,31,straddle_abuse,2.002338449160258,4,0.1869,26,8,0,1737,0,0.0,7552,58
3.1870397869497538,-3.0366666666666657,5.09,-27.32999999999999,9,30,straddle_abuse,0.05753706395626068,1,0.186,27,8,0,1737,0,0.0,7680,59
3.2134307213127613,-3.3366666666666656,3.74,-30.02999999999999,9,34,straddle_abuse,0.08980247875054677,2,0.1851,30,8,0,1737,0,0.0,7808,60
3.1622546166181564,-2.128888888888886,7.93,-19.159999999999975,9,29,straddle_abuse,0.42808428406715393,2,0.1841,27,8,0,1737,0,0.0,7936,61
3.2316182889044285,-3.3255555555555567,0,-29.93000000000001,9,28,straddle_abuse,-0.06039504458506902,0,0.1832,21,8,0,1737,0,0.0,8064,62
3.2183778062462807,-3.245555555555556,0,-29.210000000000004,9,27,straddle_abuse,-0.05678823838631312,0,0.1823,16,8,0,1737,0,0.0,8192,63
3.2502113562077284,-4.02222222222222,0.78,-36.19999999999998,9,35,straddle_abuse,-0.020071883996327717,1,0.1814,28,8,0,1737,0,0.0,8320,64
3.099601849913597,-1.6511111111111088,3.96,-14.859999999999978,9,19,straddle_abuse,0.060746222734451294,2,0.1805,20,8,0,1737,0,0.0,8448,65
3.1626901738345623,-2.5833333333333313,0.6,-23.249999999999982,9,22,straddle_abuse,-0.04694627722104391,2,0.1796,23,8,0,1737,0,0.0,8576,66
3.3020429145544767,-2.9333333333333353,3.99,-26.40000000000002,9,32,straddle_abuse,0.1534767597913742,2,0.1787,29,8,0,1737,0,0.0,8704,67
3.23216774687171,-3.170000000000001,3.93,-28.53000000000001,9,31,straddle_abuse,0.07102848589420319,2,0.1778,27,8,0,1737,0,0.0,8832,68
3.1586761828511953,-1.067777777777776,17.99,-9.609999999999983,9,26,straddle_abuse,1.8239510456720989,1,0.1769,24,8,0,1737,0,0.0,8960,69
3.1588828805834055,-3.464444444444443,1.63,-31.179999999999986,9,31,straddle_abuse,0.07853079338868459,1,0.176,25,8,0,1737,0,0.0,9088,70
3.0987343434244394,-2.697777777777775,0,-24.279999999999973,9,22,straddle_abuse,-0.07644428064425786,0,0.1751,20,8,0,1737,0,0.0,9216,71
3.0671398527920246,-1.542222222222222,6.62,-13.879999999999997,9,25,straddle_abuse,0.35811840494473773,3,0.1743,20,8,0,1737,0,0.0,9344,72
2.995947143062949,0.057777777777778226,15.44,0.520000000000004,9,14,straddle_abuse,0.8541687925656637,3,0.1734,21,8,0,1737,0,0.0,9472,73
3.0448957178741693,-2.3900000000000023,1.21,-21.51000000000002,9,21,straddle_abuse,-0.013534943262736002,1,0.1725,22,8,0,1737,0,0.0,9600,74
3.0553017891943455,-2.874444444444447,0.39,-25.870000000000022,9,25,straddle_abuse,-3.4908453623453774e-05,2,0.1717,20,8,0,1737,0,0.0,9728,75
3.027612194418907,-3.0544444444444454,0,-27.49000000000001,9,26,straddle_abuse,-0.06549779077370961,0,0.1708,22,8,0,1737,0,0.0,9856,76
2.966191565617919,-1.5477777777777755,3.7,-13.92999999999998,9,12,straddle_abuse,-0.05011603981256485,1,0.1699,24,8,0,1737,0,0.0,9984,77
2.930607980117202,-2.5300000000000007,4.27,-22.770000000000007,9,21,straddle_abuse,0.050860573848088585,1,0.1691,19,8,0,1737,0,0.0,10112,78
2.92022349126637,-2.381111111111111,2.22,-21.43,9,22,straddle_abuse,0.031008044878641765,1,0.1683,20,8,0,1737,0,0.0,10240,79
2.877064360305667,-2.1344444444444433,0.96,-19.20999999999999,9,19,straddle_abuse,-0.04808072497447332,1,0.1674,18,8,0,1737,0,0.0,10368,80
2.888706149533391,-2.636666666666667,0,-23.730000000000004,9,22,straddle_abuse,-0.07929386446873347,0,0.1666,23,8,0,1737,0,0.0,10496,81
2.7778936326503754,-2.142222222222221,0.19,-19.279999999999987,9,17,straddle_abuse,-0.04651325444380442,1,0.1657,20,8,0,1737,0,0.0,10624,82
2.7762983459979296,-1.0244444444444432,4.2,-9.219999999999988,9,13,straddle_abuse,-0.03808694084485372,3,0.1649,21,8,0,1737,0,0.0,10752,83
2.730923293158412,-2.432222222222222,0.55,-21.889999999999997,9,20,straddle_abuse,-0.040452539920806885,1,0.1641,14,8,0,1737,0,0.0,10880,84
2.78578931838274,-3.9055555555555563,0,-35.150000000000006,9,34,straddle_abuse,0.17887253562609354,0,0.1633,22,8,0,1737,0,0.0,11008,85
2.7737632635980844,-0.01777777777777671,13.57,-0.15999999999999037,9,18,straddle_abuse,1.0264471371968586,4,0.1625,20,8,0,1737,0,0.0,11136,86
2.6689613815397024,-1.7233333333333318,0.84,-15.509999999999987,9,15,straddle_abuse,0.10586445530255635,1,0.1616,17,8,0,1737,0,0.0,11264,87
2.7170175071805716,-3.0699999999999994,0,-27.629999999999995,9,26,straddle_abuse,0.006602359314759572,0,0.1608,24,8,0,1737,0,0.0,11392,88
2.6858162749558687,1.4533333333333347,27.71,13.080000000000013,9,13,straddle_abuse,4.095962842305501,3,0.16,22,8,0,1737,0,0.0,11520,89
2.6986793652176857,-1.2533333333333303,5.59,-11.279999999999973,9,15,straddle_abuse,0.0983899583419164,3,0.1592,26,8,0,1737,0,0.0,11648,90
2.7358249463140965,-1.9866666666666655,1.11,-17.87999999999999,9,18,straddle_abuse,-0.06326742718617122,1,0.1584,20,8,0,1737,0,0.0,11776,91
2.7020843466743827,-2.630000000000001,0,-23.670000000000005,9,22,straddle_abuse,0.04617916544278463,0,0.1576,29,8,0,1737,0,0.0,11904,92
2.6885053422302008,2.881111111111112,37,25.930000000000007,9,19,straddle_abuse,5.896570523579915,6,0.1569,23,8,0,1737,1,0.1111111111111111,12032,93
2.7347717583179474,0.48666666666666913,17.99,4.380000000000022,9,19,straddle_abuse,1.483982523282369,6,0.1561,23,8,0,1737,0,0.0,12160,94
2.6165463710203767,-0.07444444444444355,10.5,-0.6699999999999919,9,12,straddle_abuse,0.5604885617891947,4,0.1553,15,8,0,1737,0,0.0,12288,95
2.6692733485251665,0.27111111111111147,12.14,2.440000000000003,9,10,straddle_abuse,0.7433075904846191,6,0.1545,20,8,0,1737,0,0.0,12416,96
2.732759887352586,-0.1133333333333322,7.58,-1.0199999999999898,9,20,straddle_abuse,0.445088267326355,8,0.1537,21,8,0,1737,0,0.0,12544,97
2.7851928509771824,-0.9711111111111101,6.07,-8.739999999999991,9,13,straddle_abuse,0.2647195855776469,3,0.153,26,8,0,1737,0,0.0,12672,98
2.784165426157415,-2.854444444444443,0,-25.689999999999987,9,24,straddle_abuse,0.02241755525271098,0,0.1522,24,8,0,1737,0,0.0,12800,99
3.8161330185830593,-7.840000000000003,0,-70.56000000000003,9,69,straddle_abuse,0.9065129558245341,0,0.25,40,9,0,1738,0,0.0,128,0
3.8438577987253666,-7.505555555555556,0,-67.55000000000001,9,66,straddle_abuse,0.6152823766072592,0,0.2487,33,9,0,1738,0,0.0,256,1
3.8845326248556376,-7.9066666666666725,0,-71.16000000000005,9,70,straddle_abuse,0.7697148521741232,0,0.2475,33,9,0,1738,0,0.0,384,2
3.8662585001438856,-8.035555555555561,0,-72.32000000000005,9,71,straddle_abuse,0.6324987212816874,0,0.2463,26,9,0,1738,0,0.0,512,3
3.6865285765379667,-5.8788888888888895,0,-52.910000000000004,9,51,straddle_abuse,0.2832784553368886,0,0.245,35,9,0,1738,0,0.0,640,4
3.7665312830358744,-7.084444444444444,0,-63.76,9,62,straddle_abuse,0.40404842297236127,0,0.2438,29,9,0,1738,0,0.0,768,5
3.7766982559114695,-6.281111111111112,0,-56.530000000000015,9,55,straddle_abuse,0.3626687029997508,0,0.2426,35,9,0,1738,0,0.0,896,6
3.8485623002052307,-7.933333333333341,0,-71.40000000000006,9,70,straddle_abuse,0.47619757056236267,0,0.2414,39,9,0,1738,0,0.0,1024,7
3.8412857931107283,-7.783333333333338,0,-70.05000000000004,9,69,straddle_abuse,0.4392041166623433,0,0.2402,31,9,0,1738,0,0.0,1152,8
3.7359590362757444,-6.646666666666667,0,-59.82000000000001,9,58,straddle_abuse,0.3078347643216451,0,0.239,40,9,0,1738,0,0.0,1280,9
3.649893779307604,-6.135555555555558,0,-55.22000000000002,9,53,straddle_abuse,0.17157658437887827,0,0.2378,28,9,0,1738,0,0.0,1408,10
3.7706227973103523,-7.188888888888891,0,-64.70000000000002,9,63,straddle_abuse,0.3350813686847687,0,0.2366,29,9,0,1738,0,0.0,1536,11
3.738590458407998,-6.973333333333335,0,-62.76000000000002,9,61,straddle_abuse,0.2608018418153127,0,0.2354,29,9,0,1738,0,0.0,1664,12
3.7333897165954113,-5.235555555555558,0,-47.12000000000002,9,45,straddle_abuse,0.0889658232529958,0,0.2342,24,9,0,1738,0,0.0,1792,13
3.7611720580607653,-7.592222222222227,0,-68.33000000000004,9,67,straddle_abuse,0.2331891655921936,0,0.2331,29,9,0,1738,0,0.0,1920,14
3.677391665056348,-5.877777777777781,0,-52.90000000000003,9,51,straddle_abuse,0.1390728751818339,0,0.2319,34,9,0,1738,0,0.0,2048,15
3.6741312257945538,-4.107777777777779,28.78,-36.970000000000006,9,43,straddle_abuse,1.981459379196167,1,0.2307,28,9,0,1738,0,0.0,2176,16
3.528176974505186,-5.198888888888891,0,-46.79000000000001,9,44,straddle_abuse,-0.01322398583094279,0,0.2296,35,9,0,1738,0,0.0,2304,17
3.452401500195265,-5.854444444444442,0,-52.689999999999976,9,50,straddle_abuse,0.07071788609027863,0,0.2284,31,9,0,1738,0,0.0,2432,18
3.5465715918689966,-6.385555555555556,4.44,-57.470000000000006,9,57,straddle_abuse,0.20139633119106293,1,0.2273,34,9,0,1738,0,0.0,2560,19
3.5936288703233004,-5.584444444444448,0,-50.26000000000003,9,48,straddle_abuse,0.12440568208694458,0,0.2262,20,9,0,1738,0,0.0,2688,20
3.5329639464616776,-6.5855555555555565,0,-59.27000000000001,9,57,straddle_abuse,0.09413028260072072,0,0.225,35,9,0,1738,0,0.0,2816,21
3.519754158332944,-4.744444444444445,0,-42.70000000000001,9,40,straddle_abuse,0.10561091701189677,0,0.2239,22,9,0,1738,0,0.0,2944,22
3.623884988948703,-5.873333333333331,0,-52.859999999999985,9,51,straddle_abuse,0.013104846080144247,0,0.2228,26,9,0,1738,0,0.0,3072,23
3.507578633725643,-5.715555555555555,0,-51.43999999999999,9,49,straddle_abuse,0.08102443317572276,0,0.2217,24,9,0,1738,0,0.0,3200,24
3.592345528304577,-5.568888888888886,0,-50.119999999999976,9,48,straddle_abuse,0.04847427209218343,0,0.2206,27,9,0,1738,0,0.0,3328,25
3.64151319116354,-4.812222222222221,3.18,-43.309999999999995,9,44,straddle_abuse,0.09333966672420502,1,0.2195,30,9,0,1738,0,0.0,3456,26
3.6939469929784536,-5.906666666666669,5.95,-53.16000000000002,9,51,straddle_abuse,0.09547327955563863,1,0.2184,31,9,0,1738,0,0.0,3584,27
3.685387186706066,-6.192222222222222,0,-55.73,9,54,straddle_abuse,0.06091370681921641,0,0.2173,25,9,0,1738,0,0.0,3712,28
3.5647331830114126,-5.616666666666668,0,-50.55000000000001,9,48,straddle_abuse,0.0301826149225235,0,0.2162,32,9,0,1738,0,0.0,3840,29
3.5326209105551243,-5.051111111111113,0,-45.460000000000015,9,43,straddle_abuse,0.007153809070587158,0,0.2151,24,9,0,1738,0,0.0,3968,30
3.552995827049017,-4.6222222222222245,0,-41.60000000000002,9,39,straddle_abuse,0.012749736507733664,0,0.214,26,9,0,1738,0,0.0,4096,31
3.6006215196102858,-5.436666666666671,6.17,-48.930000000000035,9,53,straddle_abuse,0.4601353009541829,1,0.213,30,9,0,1738,0,0.0,4224,32
3.575178051367402,-5.356666666666666,0,-48.20999999999999,9,46,straddle_abuse,-0.0061224351326624555,0,0.2119,30,9,0,1738,0,0.0,4352,33
3.547384003177285,-5.890000000000001,0,-53.010000000000005,9,51,straddle_abuse,0.05145464837551117,0,0.2108,21,9,0,1738,0,0.0,4480,34
3.5740991961210966,-5.034444444444448,0,-45.31000000000003,9,43,straddle_abuse,0.03981788456439972,0,0.2098,26,9,0,1738,0,0.0,4608,35
3.4838394727557898,-3.639999999999999,0,-32.75999999999999,9,30,straddle_abuse,0.014065980911254883,0,0.2087,25,9,0,1738,0,0.0,4736,36
3.5254590548574924,-5.366666666666668,0,-48.30000000000001,9,46,straddle_abuse,-0.03856835265954336,0,0.2077,36,9,0,1738,0,0.0,4864,37
3.4622020330280066,-4.694444444444445,0,-42.25,9,40,straddle_abuse,-0.01567090054353078,0,0.2066,24,9,0,1738,0,0.0,4992,38
3.3791947588324547,-4.567777777777776,0,-41.109999999999985,9,38,straddle_abuse,0.0513379176457723,0,0.2056,30,9,0,1738,0,0.0,5120,39
3.465150885283947,-4.176666666666666,0,-37.58999999999999,9,35,straddle_abuse,-0.010992785294850668,0,0.2046,29,9,0,1738,0,0.0,5248,40
3.4275870826095343,-5.695555555555554,0,-51.25999999999999,9,49,straddle_abuse,0.168296679854393,0,0.2036,31,9,0,1738,0,0.0,5376,41
3.3959273509681225,-3.141111111111112,3.33,-28.270000000000007,9,29,straddle_abuse,0.18557762106259665,1,0.2025,32,9,0,1738,0,0.0,5504,42
3.263370852917433,-4.09888888888889,0,-36.890000000000015,9,34,straddle_abuse,0.054295857747395836,0,0.2015,31,9,0,1738,0,0.0,5632,43
3.333017708733678,-3.744444444444444,10.69,-33.699999999999996,9,31,straddle_abuse,0.5321162144343058,3,0.2005,23,9,0,1738,0,0.0,5760,44
3.390681015327573,-3.856666666666666,0,-34.709999999999994,9,32,straddle_abuse,-0.014262060324350992,0,0.1995,27,9,0,1738,0,0.0,5888,45
3.4636837765574455,-4.247777777777774,0,-38.22999999999997,9,36,straddle_abuse,-0.023318832119305927,0,0.1985,28,9,0,1738,0,0.0,6016,46
3.452415056526661,-1.395555555555555,27.65,-12.559999999999995,9,38,straddle_abuse,2.637062946955363,3,0.1975,22,9,0,1738,0,0.0,6144,47
3.5788808837532997,-3.7277777777777823,2.67,-33.55000000000004,9,35,straddle_abuse,0.037564799189567566,2,0.1965,23,9,0,1738,0,0.0,6272,48
3.4680456165224314,-4.045555555555556,0,-36.41,9,34,straddle_abuse,0.06390371421972911,0,0.1956,24,9,0,1738,0,0.0,6400,49
3.495043847709894,-3.275555555555554,9.16,-29.47999999999999,9,39,straddle_abuse,0.4786810676256816,3,0.1946,15,9,0,1738,0,0.0,6528,50
3.374442098662257,-1.9344444444444424,14.39,-17.409999999999982,9,39,straddle_abuse,1.4171284039815266,3,0.1936,18,9,0,1738,0,0.0,6656,51
3.4636593367904425,-4.142222222222224,0,-37.280000000000015,9,35,straddle_abuse,0.00614119569460551,0,0.1926,21,9,0,1738,0,0.0,6784,52
3.480212116613984,-4.417777777777777,0,-39.76,9,38,straddle_abuse,0.03697448472181956,0,0.1917,17,9,0,1738,0,0.0,6912,53
3.5341266579926014,-1.4522222222222203,23.79,-13.069999999999983,9,35,straddle_abuse,2.608076572418213,1,0.1907,20,9,0,1738,0,0.0,7040,54
3.445445239543915,-4.022222222222222,0,-36.2,9,34,straddle_abuse,0.07814613978068034,0,0.1898,18,9,0,1738,0,0.0,7168,55
3.4405852016061544,-4.001111111111111,0,-36.01,9,34,straddle_abuse,0.060829718907674156,0,0.1888,29,9,0,1738,0,0.0,7296,56
3.417176654562354,-4.222222222222225,0,-38.00000000000002,9,36,straddle_abuse,-0.043387413024902344,0,0.1879,25,9,0,1738,0,0.0,7424,57
3.35128690302372,-3.920000000000001,0,-35.28000000000001,9,33,straddle_abuse,0.07753061751524608,0,0.1869,29,9,0,1738,0,0.0,7552,58
3.406619466841221,-3.6811111111111114,3.1,-33.13,9,34,straddle_abuse,0.008433183034261068,1,0.186,32,9,0,1738,0,0.0,7680,59
3.367782801389694,-3.3655555555555576,6,-30.290000000000017,9,30,straddle_abuse,0.12145145237445831,2,0.1851,24,9,0,1738,0,0.0,7808,60
3.2720250003039837,-4.05111111111111,18.5,-36.459999999999994,9,34,straddle_abuse,0.4792482256889343,1,0.1841,16,9,0,1738,0,0.0,7936,61
3.3011254221200943,-4.048888888888891,0,-36.44000000000002,9,34,straddle_abuse,-0.011078327894210815,0,0.1832,25,9,0,1738,0,0.0,8064,62
3.265376552939415,-3.852222222222222,0.92,-34.67,9,32,straddle_abuse,0.024620344241460163,1,0.1823,26,9,0,1738,0,0.0,8192,63
3.267372837290168,-3.064444444444445,6.94,-27.580000000000005,9,37,straddle_abuse,0.20847736795743307,3,0.1814,21,9,0,1738,0,0.0,8320,64
3.2361988853663206,-2.72888888888889,5.75,-24.56000000000001,9,28,straddle_abuse,0.3373115658760071,2,0.1805,21,9,0,1738,0,0.0,8448,65
3.3561566434800625,-2.9911111111111115,0,-26.92,9,25,straddle_abuse,0.006451363364855449,0,0.1796,29,9,0,1738,0,0.0,8576,66
3.2489402554929256,-1.651111111111108,19.7,-14.859999999999973,9,43,straddle_abuse,1.4741272528966267,3,0.1787,18,9,0,1738,0,0.0,8704,67
3.307822309434414,-3.276666666666668,10.28,-29.490000000000013,9,38,straddle_abuse,0.5213431119918823,1,0.1778,24,9,0,1738,0,0.0,8832,68
3.2440872378647327,-2.8388888888888886,2.41,-25.549999999999997,9,26,straddle_abuse,-0.003151362140973409,1,0.1769,22,9,0,1738,0,0.0,8960,69
3.2611641101539135,-4.4388888888888935,0,-39.95000000000004,9,38,straddle_abuse,0.002754549185434977,0,0.176,24,9,0,1738,0,0.0,9088,70
3.2066035512834787,-2.7922222222222235,5.78,-25.130000000000013,9,33,straddle_abuse,0.25961605707804364,2,0.1751,18,9,0,1738,0,0.0,9216,71
3.1547140032052994,-3.7122222222222203,0,-33.40999999999998,9,31,straddle_abuse,0.06832901140054067,0,0.1743,26,9,0,1738,0,0.0,9344,72
3.1579212974756956,-2.58111111111111,2.7,-23.22999999999999,9,24,straddle_abuse,0.04045745233694712,1,0.1734,15,9,0,1738,0,0.0,9472,73
3.171241832897067,-4.0366666666666715,0,-36.33000000000004,9,34,straddle_abuse,0.1636354625225067,0,0.1725,26,9,0,1738,0,0.0,9600,74
3.110767997801304,-2.9355555555555566,0,-26.42000000000001,9,24,straddle_abuse,-0.0056596795717875166,0,0.1717,20,9,0,1738,0,0.0,9728,75
3.134568378329277,-3.433333333333334,5.39,-30.900000000000006,9,33,straddle_abuse,0.020243172844250996,3,0.1708,20,9,0,1738,0,0.0,9856,76
3.1234326791018248,-3.6555555555555532,2.99,-32.89999999999998,9,35,straddle_abuse,0.1264505386352539,2,0.1699,19,9,0,1738,0,0.0,9984,77
3.021145772188902,-2.277777777777776,4.98,-20.499999999999982,9,26,straddle_abuse,0.1035492370525996,2,0.1691,16,9,0,1738,0,0.0,10112,78
3.0314522944390774,-1.5166666666666642,8.1,-13.649999999999977,9,20,straddle_abuse,0.3209270139535268,2,0.1683,15,9,0,1738,0,0.0,10240,79
3.0350275430828333,-2.9277777777777785,9.25,-26.350000000000005,9,34,straddle_abuse,0.29860034584999084,1,0.1674,19,9,0,1738,0,0.0,10368,80
3.0873389188200235,-2.8500000000000028,3.24,-25.650000000000023,9,27,straddle_abuse,0.32521700859069824,1,0.1666,24,9,0,1738,0,0.0,10496,81
2.996391024440527,-1.6166666666666647,6.66,-14.549999999999983,9,19,straddle_abuse,0.15140610933303833,1,0.1657,17,9,0,1738,0,0.0,10624,82
3.0799103789031506,-3.631111111111112,0,-32.68000000000001,9,31,straddle_abuse,0.04311584929625193,0,0.1649,17,9,0,1738,0,0.0,10752,83
3.003120668232441,-1.7666666666666642,4.5,-15.899999999999977,9,21,straddle_abuse,0.1112807144721349,2,0.1641,17,9,0,1738,0,0.0,10880,84
3.0834927167743444,-2.6211111111111105,0.64,-23.589999999999993,9,22,straddle_abuse,-0.06091666718324026,1,0.1633,18,9,0,1738,0,0.0,11008,85
3.2043041586875916,0.43888888888889127,17.34,3.9500000000000215,9,36,straddle_abuse,1.5062340100606282,6,0.1625,35,9,0,1738,0,0.0,11136,86
3.104565590620041,-2.57222222222222,3.7,-23.14999999999998,9,25,straddle_abuse,0.054950391252835594,1,0.1616,20,9,0,1738,0,0.0,11264,87
3.091227486729622,-2.6511111111111116,16.19,-23.860000000000007,9,22,straddle_abuse,0.9058928887049357,1,0.1608,18,9,0,1738,0,0.0,11392,88
3.05135409347713,-2.7133333333333307,0,-24.419999999999977,9,22,straddle_abuse,-0.056738629937171936,0,0.16,18,9,0,1738,0,0.0,11520,89
3.003499338403344,-2.9544444444444427,0,-26.589999999999986,9,24,straddle_abuse,-0.004137242833773295,0,0.1592,19,9,0,1738,0,0.0,11648,90
2.9189115557819605,-3.3122222222222213,0.68,-29.80999999999999,9,28,straddle_abuse,0.09746137261390686,1,0.1584,21,9,0,1738,0,0.0,11776,91
3.0636954214423895,-2.8533333333333304,0,-25.679999999999975,9,23,straddle_abuse,-0.07220317174990971,0,0.1576,25,9,0,1738,0,0.0,11904,92
3.0869932658970356,-2.9477777777777763,5.2,-26.529999999999987,9,30,straddle_abuse,0.12323529521624248,1,0.1569,25,9,0,1738,0,0.0,12032,93
2.937232295051217,-2.6188888888888897,2.5,-23.570000000000007,9,24,straddle_abuse,-0.023085224131743114,1,0.1561,23,9,0,1738,0,0.0,12160,94
3.034243121743202,-0.8433333333333325,6.52,-7.589999999999993,9,26,straddle_abuse,0.34566471974054974,7,0.1553,19,9,0,1738,0,0.0,12288,95
2.926618218421936,-0.45444444444444326,18.5,-4.089999999999989,9,21,straddle_abuse,0.8862974445025126,1,0.1545,15,9,0,1738,0,0.0,12416,96
2.99572173319757,-0.5377777777777765,17.91,-4.839999999999988,9,21,straddle_abuse,1.0192945798238118,3,0.1537,21,9,0,1738,0,0.0,12544,97
2.995054615661502,1.283333333333335,23.07,11.550000000000015,9,19,straddle_abuse,2.7775919437408447,4,0.153,21,9,0,1738,0,0.0,12672,98
2.924422524869442,-2.7533333333333374,2.49,-24.780000000000037,9,24,straddle_abuse,0.1573765128850937,1,0.1522,13,9,0,1738,0,0.0,12800,99
