avg_entropy,avg_reward_per_episode,best_tax_advantage,cumulative_reward,episode_count,invalid_count,loophole,loss,positive_reward_count,random_action_prob,random_exploration_count,run,saved_snapshots,seed,success_count,success_rate,total_steps,update
4.154779206961393,-20.604062500000047,0,-329.66500000000076,16,99,partnership_disguised_sale,12.392759005228678,0,0.25,38,0,0,1729,0,0.0,128,0
4.154395896941423,-20.795625000000047,0,-332.73000000000076,16,102,partnership_disguised_sale,11.634114901224772,0,0.2487,26,0,0,1729,0,0.0,256,1
4.153730724006891,-20.424687500000037,0,-326.7950000000006,16,96,partnership_disguised_sale,10.551191965738932,0,0.2475,32,0,0,1729,0,0.0,384,2
4.153586503118277,-20.792500000000047,0,-332.68000000000075,16,102,partnership_disguised_sale,10.267168998718262,0,0.2463,40,0,0,1729,0,0.0,512,3
4.1527953036129475,-20.484062500000036,0,-327.7450000000006,16,97,partnership_disguised_sale,9.07248338063558,0,0.245,33,0,0,1729,0,0.0,640,4
4.152245778590441,-20.861250000000037,0,-333.7800000000006,16,103,partnership_disguised_sale,8.902748743693033,0,0.2438,35,0,0,1729,0,0.0,768,5
4.153466064482927,-20.621562500000042,0,-329.9450000000007,16,99,partnership_disguised_sale,8.039809703826904,0,0.2426,39,0,0,1729,0,0.0,896,6
4.151284568011761,-20.176562500000035,0,-322.82500000000056,16,92,partnership_disguised_sale,7.030174096425374,0,0.2414,25,0,0,1729,0,0.0,1024,7
4.151073127985001,-20.11718750000004,0,-321.8750000000006,16,91,partnership_disguised_sale,6.606324513753255,0,0.2402,32,0,0,1729,0,0.0,1152,8
4.1448346972465515,-20.180312500000035,0,-322.88500000000056,16,92,partnership_disguised_sale,6.265026569366455,0,0.239,28,0,0,1729,0,0.0,1280,9
4.137856133282185,-20.063437500000042,0,-321.01500000000067,16,90,partnership_disguised_sale,6.026762008666992,0,0.2378,33,0,0,1729,0,0.0,1408,10
4.13244504109025,-20.36281250000004,0,-325.80500000000063,16,95,partnership_disguised_sale,5.917141914367676,0,0.2366,36,0,0,1729,0,0.0,1536,11
4.1236077062785625,-19.318125000000038,0,-309.0900000000006,16,78,partnership_disguised_sale,5.00144640604655,0,0.2354,36,0,0,1729,0,0.0,1664,12
4.123071327805519,-20.12812500000003,0,-322.05000000000047,16,91,partnership_disguised_sale,5.7320302327473955,0,0.2342,50,0,0,1729,0,0.0,1792,13
4.11176578886807,-20.368437500000038,0,-325.8950000000006,16,95,partnership_disguised_sale,5.818997859954834,0,0.2331,36,0,0,1729,0,0.0,1920,14
4.112981243059039,-20.545000000000037,0,-328.7200000000006,16,98,partnership_disguised_sale,5.945104757944743,0,0.2319,32,0,0,1729,0,0.0,2048,15
4.11025326512754,-20.659687500000043,0,-330.5550000000007,16,100,partnership_disguised_sale,5.941244443257649,0,0.2307,30,0,0,1729,0,0.0,2176,16
4.096148297190666,-20.505312500000034,0,-328.08500000000055,16,97,partnership_disguised_sale,5.815446058909099,0,0.2296,24,0,0,1729,0,0.0,2304,17
4.088399702683091,-20.174375000000037,0,-322.7900000000006,16,92,partnership_disguised_sale,5.589992205301921,0,0.2284,29,0,0,1729,0,0.0,2432,18
4.07550398632884,-19.92281250000004,0,-318.7650000000006,16,88,partnership_disguised_sale,5.421295801798503,0,0.2273,29,0,0,1729,0,0.0,2560,19
4.078005667775869,-20.185000000000027,0,-322.96000000000043,16,92,partnership_disguised_sale,5.637063026428223,0,0.2262,34,0,0,1729,0,0.0,2688,20
4.091671243309975,-20.17500000000004,0,-322.80000000000064,16,92,partnership_disguised_sale,5.484105110168457,0,0.225,33,0,0,1729,0,0.0,2816,21
4.062925741076469,-20.002500000000033,0,-320.04000000000053,16,89,partnership_disguised_sale,5.5337910652160645,0,0.2239,25,0,0,1729,0,0.0,2944,22
4.050801267847419,-19.642500000000023,0,-314.28000000000037,16,83,partnership_disguised_sale,5.3240509033203125,0,0.2228,31,0,0,1729,0,0.0,3072,23
4.094411965459585,-20.542500000000043,0,-328.6800000000007,16,98,partnership_disguised_sale,5.896612326304118,0,0.2217,27,0,0,1729,0,0.0,3200,24
4.100266365334392,-20.54718750000004,0,-328.7550000000006,16,98,partnership_disguised_sale,5.956418514251709,0,0.2206,26,0,0,1729,0,0.0,3328,25
4.094211637973785,-20.24375000000003,0,-323.9000000000005,16,93,partnership_disguised_sale,5.676918188730876,0,0.2195,35,0,0,1729,0,0.0,3456,26
4.107209574431181,-20.36781250000003,0,-325.8850000000005,16,95,partnership_disguised_sale,5.849923928578694,0,0.2184,29,0,0,1729,0,0.0,3584,27
4.113765066489577,-20.242500000000035,0,-323.88000000000056,16,93,partnership_disguised_sale,5.713761170705159,0,0.2173,29,0,0,1729,0,0.0,3712,28
4.110309628769755,-20.606250000000042,0,-329.70000000000067,16,99,partnership_disguised_sale,5.962603727976481,0,0.2162,30,0,0,1729,0,0.0,3840,29
4.11250377446413,-20.720937500000044,0,-331.5350000000007,16,101,partnership_disguised_sale,6.125646273295085,0,0.2151,30,0,0,1729,0,0.0,3968,30
4.091300530359149,-20.427187500000038,0,-326.8350000000006,16,96,partnership_disguised_sale,5.839050769805908,0,0.214,16,0,0,1729,0,0.0,4096,31
4.073079137131572,-19.99062500000004,0,-319.85000000000065,16,89,partnership_disguised_sale,5.501101652781169,0,0.213,28,0,0,1729,0,0.0,4224,32
4.060909418389201,-20.49593750000003,0,-327.93500000000046,16,97,partnership_disguised_sale,5.907334486643474,0,0.2119,25,0,0,1729,0,0.0,4352,33
4.08376550860703,-20.674687500000037,0,-330.7950000000006,16,100,partnership_disguised_sale,5.973406791687012,0,0.2108,28,0,0,1729,0,0.0,4480,34
4.076658263802528,-20.05843750000003,0,-320.93500000000046,16,90,partnership_disguised_sale,5.526308695475261,0,0.2098,28,0,0,1729,0,0.0,4608,35
4.083362819626927,-20.23875000000003,0,-323.8200000000005,16,93,partnership_disguised_sale,5.552500406901042,0,0.2087,36,0,0,1729,0,0.0,4736,36
4.070088446140289,-20.128125000000036,0,-322.0500000000006,16,91,partnership_disguised_sale,5.655984083811442,0,0.2077,22,0,0,1729,0,0.0,4864,37
4.075038097798824,-20.419062500000035,0,-326.70500000000055,16,96,partnership_disguised_sale,5.850642681121826,0,0.2066,26,0,0,1729,0,0.0,4992,38
4.073932535946369,-20.23593750000004,0,-323.77500000000066,16,93,partnership_disguised_sale,5.525509834289551,0,0.2056,33,0,0,1729,0,0.0,5120,39
4.059343867003918,-19.69218750000003,0,-315.0750000000005,16,84,partnership_disguised_sale,5.259805043538411,0,0.2046,22,0,0,1729,0,0.0,5248,40
4.047164706513286,-20.052187500000034,0,-320.83500000000055,16,90,partnership_disguised_sale,5.401889642079671,0,0.2036,24,0,0,1729,0,0.0,5376,41
4.0348941925913095,-18.204687500000034,18,-291.27500000000055,16,78,partnership_disguised_sale,5.538179397583008,1,0.2025,23,0,0,1729,1,0.0625,5504,42
4.037146724760532,-19.570000000000036,0,-313.1200000000006,16,82,partnership_disguised_sale,5.17121426264445,0,0.2015,26,0,0,1729,0,0.0,5632,43
4.031596302986145,-19.444062500000033,0,-311.10500000000053,16,80,partnership_disguised_sale,4.939425627390544,0,0.2005,24,0,0,1729,0,0.0,5760,44
4.0216508358716965,-19.57062500000003,0,-313.1300000000005,16,82,partnership_disguised_sale,5.172976970672607,0,0.1995,22,0,0,1729,0,0.0,5888,45
4.010345792397857,-19.265625000000025,0,-308.2500000000004,16,77,partnership_disguised_sale,4.9049003918965655,0,0.1985,28,0,0,1729,0,0.0,6016,46
4.012557042762637,-19.155937500000018,0,-306.4950000000003,16,75,partnership_disguised_sale,4.78381363550822,0,0.1975,28,0,0,1729,0,0.0,6144,47
3.9918823428452015,-19.108437500000022,0,-305.73500000000035,16,74,partnership_disguised_sale,4.900354544321696,0,0.1965,17,0,0,1729,0,0.0,6272,48
4.00851926766336,-19.413125000000033,0,-310.6100000000005,16,79,partnership_disguised_sale,4.954024950663249,0,0.1956,26,0,0,1729,0,0.0,6400,49
4.01301472261548,-19.026250000000026,0,-304.4200000000004,16,73,partnership_disguised_sale,4.742161750793457,0,0.1946,27,0,0,1729,0,0.0,6528,50
4.005521660670638,-19.041250000000012,0,-304.6600000000002,16,73,partnership_disguised_sale,4.7887953122456866,0,0.1936,21,0,0,1729,0,0.0,6656,51
4.009408498182893,-18.990625000000023,0,-303.85000000000036,16,72,partnership_disguised_sale,4.817546208699544,0,0.1926,32,0,0,1729,0,0.0,6784,52
4.001850109547377,-19.03625000000002,0,-304.5800000000003,16,73,partnership_disguised_sale,4.75306495030721,0,0.1917,30,0,0,1729,0,0.0,6912,53
3.989218842238188,-18.347812500000025,0,-293.5650000000004,16,62,partnership_disguised_sale,4.31691312789917,0,0.1907,24,0,0,1729,0,0.0,7040,54
4.00092394836247,-19.111250000000027,0,-305.7800000000004,16,74,partnership_disguised_sale,4.789432207743327,0,0.1898,28,0,0,1729,0,0.0,7168,55
3.9829965997487307,-19.53125000000003,0,-312.50000000000045,16,81,partnership_disguised_sale,5.157110055287679,0,0.1888,24,0,0,1729,0,0.0,7296,56
3.952555913478136,-18.990312500000016,0,-303.84500000000025,16,72,partnership_disguised_sale,4.902100721995036,0,0.1879,25,0,0,1729,0,0.0,7424,57
3.9148820005357265,-19.104687500000022,0,-305.67500000000035,16,74,partnership_disguised_sale,4.848984400431315,0,0.1869,22,0,0,1729,0,0.0,7552,58
3.9327638745307922,-19.11718750000002,0,-305.87500000000034,16,74,partnership_disguised_sale,4.798367341359456,0,0.186,26,0,0,1729,0,0.0,7680,59
3.927394013851881,-18.864375000000006,0,-301.8300000000001,16,70,partnership_disguised_sale,4.652602513631185,0,0.1851,30,0,0,1729,0,0.0,7808,60
3.914066083729267,-19.08062500000003,0,-305.2900000000005,16,73,partnership_disguised_sale,4.784821669260661,0,0.1841,21,0,0,1729,0,0.0,7936,61
3.952364280819893,-18.548125000000024,0,-296.7700000000004,16,65,partnership_disguised_sale,4.465399583180745,0,0.1832,34,0,0,1729,0,0.0,8064,62
3.930510586127639,-18.680937500000017,0,-298.89500000000027,16,67,partnership_disguised_sale,4.625195821126302,0,0.1823,23,0,0,1729,0,0.0,8192,63
3.9265161380171776,-18.69343750000003,0,-299.0950000000005,16,67,partnership_disguised_sale,4.5141550699869795,0,0.1814,20,0,0,1729,0,0.0,8320,64
3.9392365887761116,-18.82062500000002,0,-301.13000000000034,16,69,partnership_disguised_sale,4.6303510665893555,0,0.1805,20,0,0,1729,0,0.0,8448,65
3.9817919582128525,-18.02187500000001,8,-288.35000000000014,16,64,partnership_disguised_sale,4.71282434463501,1,0.1796,31,0,0,1729,0,0.0,8576,66
3.9967884719371796,-19.506875000000026,0,-312.1100000000004,16,81,partnership_disguised_sale,4.992092450459798,0,0.1787,25,0,0,1729,0,0.0,8704,67
4.011001594364643,-18.85531250000001,0,-301.6850000000002,16,70,partnership_disguised_sale,4.6341926256815595,0,0.1778,20,0,0,1729,0,0.0,8832,68
4.020508475601673,-19.38968750000003,0,-310.23500000000047,16,79,partnership_disguised_sale,5.0813069343566895,0,0.1769,21,0,0,1729,0,0.0,8960,69
4.0289104375988245,-19.09718750000002,0,-305.55500000000035,16,74,partnership_disguised_sale,4.853440920511882,0,0.176,22,0,0,1729,0,0.0,9088,70
4.040446430444717,-19.683750000000035,0,-314.94000000000057,16,84,partnership_disguised_sale,5.17467466990153,0,0.1751,26,0,0,1729,0,0.0,9216,71
4.040833057835698,-18.434062500000017,0,-294.9450000000003,16,63,partnership_disguised_sale,4.3697489102681475,0,0.1743,15,0,0,1729,0,0.0,9344,72
4.058779587969184,-19.02937500000003,0,-304.4700000000005,16,73,partnership_disguised_sale,4.768154144287109,0,0.1734,25,0,0,1729,0,0.0,9472,73
4.069324858486652,-19.572187500000034,0,-313.15500000000054,16,82,partnership_disguised_sale,5.123707294464111,0,0.1725,34,0,0,1729,0,0.0,9600,74
4.051421195268631,-19.815625000000036,0,-317.0500000000006,16,86,partnership_disguised_sale,5.341602802276611,0,0.1717,19,0,0,1729,0,0.0,9728,75
4.049569195136428,-20.18218750000004,0,-322.91500000000065,16,92,partnership_disguised_sale,5.56210724512736,0,0.1708,17,0,0,1729,0,0.0,9856,76
4.070252010598779,-19.642500000000027,0,-314.2800000000004,16,83,partnership_disguised_sale,5.258061567942302,0,0.1699,29,0,0,1729,0,0.0,9984,77
4.0507189724594355,-19.40843750000003,0,-310.5350000000005,16,79,partnership_disguised_sale,4.990804990132649,0,0.1691,11,0,0,1729,0,0.0,10112,78
4.0561436135321856,-19.335000000000026,0,-309.3600000000004,16,78,partnership_disguised_sale,5.080212434132894,0,0.1683,17,0,0,1729,0,0.0,10240,79
4.045022463425994,-19.118750000000038,0,-305.9000000000006,16,75,partnership_disguised_sale,4.854110240936279,0,0.1674,11,0,0,1729,0,0.0,10368,80
4.057257045060396,-18.830937500000022,0,-301.29500000000036,16,70,partnership_disguised_sale,4.526480515797933,0,0.1666,24,0,0,1729,0,0.0,10496,81
4.046790959313512,-19.02843750000002,0,-304.4550000000003,16,73,partnership_disguised_sale,4.747107187906901,0,0.1657,25,0,0,1729,0,0.0,10624,82
4.035527931526303,-19.696875000000023,0,-315.1500000000004,16,84,partnership_disguised_sale,5.3748884201049805,0,0.1649,22,0,0,1729,0,0.0,10752,83
4.025822836905718,-19.635000000000034,0,-314.16000000000054,16,83,partnership_disguised_sale,5.241916338602702,0,0.1641,21,0,0,1729,0,0.0,10880,84
4.018448382616043,-19.55781250000004,0,-312.92500000000064,16,82,partnership_disguised_sale,5.114468415578206,0,0.1633,16,0,0,1729,0,0.0,11008,85
4.002340909093618,-18.552812500000012,0,-296.8450000000002,16,65,partnership_disguised_sale,4.286312262217204,0,0.1625,19,0,0,1729,0,0.0,11136,86
4.005827523767948,-19.089062500000015,0,-305.42500000000024,16,74,partnership_disguised_sale,4.803086757659912,0,0.1616,23,0,0,1729,0,0.0,11264,87
4.015647443011403,-19.085625000000036,0,-305.3700000000006,16,74,partnership_disguised_sale,4.850889841715495,0,0.1608,24,0,0,1729,0,0.0,11392,88
4.022095954045653,-18.653437500000024,0,-298.4550000000004,16,67,partnership_disguised_sale,4.446893374125163,0,0.16,19,0,0,1729,0,0.0,11520,89
4.037346383556724,-19.38062500000002,0,-310.0900000000003,16,79,partnership_disguised_sale,4.9403761227925616,0,0.1592,26,0,0,1729,0,0.0,11648,90
4.033767586573958,-19.14968750000002,0,-306.3950000000003,16,75,partnership_disguised_sale,4.817517916361491,0,0.1584,22,0,0,1729,0,0.0,11776,91
4.0332187954336405,-19.33218750000003,0,-309.31500000000045,16,78,partnership_disguised_sale,4.883176803588867,0,0.1576,24,0,0,1729,0,0.0,11904,92
4.023254480212927,-19.33562500000003,0,-309.37000000000046,16,78,partnership_disguised_sale,4.949264049530029,0,0.1569,23,0,0,1729,0,0.0,12032,93
4.0124248545616865,-19.408125000000023,0,-310.53000000000037,16,79,partnership_disguised_sale,5.048373858133952,0,0.1561,22,0,0,1729,0,0.0,12160,94
3.9993828274309635,-18.580625000000026,0,-297.2900000000004,16,66,partnership_disguised_sale,4.4391781489054365,0,0.1553,18,0,0,1729,0,0.0,12288,95
3.9806784205138683,-19.15812500000002,0,-306.5300000000003,16,75,partnership_disguised_sale,4.830338001251221,0,0.1545,20,0,0,1729,0,0.0,12416,96
3.9614009149372578,-19.230000000000032,0,-307.6800000000005,16,76,partnership_disguised_sale,4.821200688680013,0,0.1537,18,0,0,1729,0,0.0,12544,97
3.962981818243861,-19.34156250000002,0,-309.4650000000003,16,78,partnership_disguised_sale,4.932465553283691,0,0.153,31,0,0,1729,0,0.0,12672,98
3.9160624630749226,-18.920000000000034,0,-302.72000000000054,16,71,partnership_disguised_sale,4.735020001729329,0,0.1522,14,0,0,1729,0,0.0,12800,99
4.152598612010479,-20.492187500000036,0,-327.87500000000057,16,97,partnership_disguised_sale,11.671550432840982,0,0.25,36,1,0,1730,0,0.0,128,0
4.153195276856422,-21.10187500000004,0,-337.6300000000006,16,107,partnership_disguised_sale,11.724045117696127,0,0.2487,31,1,0,1730,0,0.0,256,1
4.151676923036575,-20.120312500000033,0,-321.9250000000005,16,91,partnership_disguised_sale,9.959101676940918,0,0.2475,29,1,0,1730,0,0.0,384,2
4.153021272271872,-21.09125000000005,0,-337.4600000000008,16,107,partnership_disguised_sale,10.54222583770752,0,0.2463,34,1,0,1730,0,0.0,512,3
4.151885233819485,-20.425000000000047,0,-326.80000000000075,16,96,partnership_disguised_sale,9.289094607035318,0,0.245,26,1,0,1730,0,0.0,640,4
4.152940798550844,-20.978437500000037,0,-335.6550000000006,16,105,partnership_disguised_sale,9.384702682495117,0,0.2438,36,1,0,1730,0,0.0,768,5
4.1514757797122,-20.60343750000004,0,-329.65500000000065,16,99,partnership_disguised_sale,8.366597493489584,0,0.2426,34,1,0,1730,0,0.0,896,6
4.150055214762688,-20.169375000000045,0,-322.7100000000007,16,92,partnership_disguised_sale,7.46867831548055,0,0.2414,28,1,0,1730,0,0.0,1024,7
4.14646889269352,-20.484062500000043,0,-327.7450000000007,16,97,partnership_disguised_sale,7.468631426493327,0,0.2402,33,1,0,1730,0,0.0,1152,8
4.143380232155323,-20.12781250000004,0,-322.04500000000064,16,91,partnership_disguised_sale,6.715600808461507,0,0.239,28,1,0,1730,0,0.0,1280,9
4.142737697809935,-20.23875000000003,0,-323.8200000000005,16,93,partnership_disguised_sale,6.421284834543864,0,0.2378,22,1,0,1730,0,0.0,1408,10
4.1394946575164795,-20.181250000000038,0,-322.9000000000006,16,92,partnership_disguised_sale,6.087379455566406,0,0.2366,27,1,0,1730,0,0.0,1536,11
4.139819722622633,-20.855000000000043,0,-333.6800000000007,16,103,partnership_disguised_sale,6.577128251393636,0,0.2354,36,1,0,1730,0,0.0,1664,12
4.128990709781647,-20.185312500000023,0,-322.9650000000004,16,92,partnership_disguised_sale,5.799849510192871,0,0.2342,25,1,0,1730,0,0.0,1792,13
4.128249078989029,-20.063437500000035,0,-321.01500000000055,16,90,partnership_disguised_sale,5.684380213419597,0,0.2331,26,1,0,1730,0,0.0,1920,14
4.129056941717863,-20.355312500000036,0,-325.68500000000057,16,95,partnership_disguised_sale,5.708178202311198,0,0.2319,37,1,0,1730,0,0.0,2048,15
4.123623717576265,-20.306875000000034,0,-324.91000000000054,16,94,partnership_disguised_sale,5.9013010660807295,0,0.2307,29,1,0,1730,0,0.0,2176,16
4.136077597737312,-21.15562500000005,0,-338.4900000000008,16,108,partnership_disguised_sale,6.462665716807048,0,0.2296,24,1,0,1730,0,0.0,2304,17
4.1275663785636425,-19.75343750000003,0,-316.05500000000046,16,85,partnership_disguised_sale,5.306821982065837,0,0.2284,22,1,0,1730,0,0.0,2432,18
4.137526653707027,-20.17625000000004,0,-322.8200000000006,16,92,partnership_disguised_sale,5.511369546254476,0,0.2273,36,1,0,1730,0,0.0,2560,19
4.118891876190901,-20.056250000000038,0,-320.9000000000006,16,90,partnership_disguised_sale,5.4966104825337725,0,0.2262,20,1,0,1730,0,0.0,2688,20
4.106448732316494,-20.014687500000022,0,-320.23500000000035,16,89,partnership_disguised_sale,5.4810722668965655,0,0.225,39,1,0,1730,0,0.0,2816,21
4.095360122621059,-20.23343750000004,0,-323.73500000000064,16,93,partnership_disguised_sale,5.553147315979004,0,0.2239,32,1,0,1730,0,0.0,2944,22
4.054548634216189,-19.68875000000003,0,-315.0200000000005,16,84,partnership_disguised_sale,5.283456325531006,0,0.2228,32,1,0,1730,0,0.0,3072,23
4.028180446475744,-19.015937500000028,0,-304.25500000000045,16,73,partnership_disguised_sale,4.770256519317627,0,0.2217,30,1,0,1730,0,0.0,3200,24
4.020197751000524,-19.94906250000004,0,-319.1850000000006,16,88,partnership_disguised_sale,5.452253818511963,0,0.2206,29,1,0,1730,0,0.0,3328,25
4.007012499496341,-20.248437500000037,0,-323.9750000000006,16,93,partnership_disguised_sale,5.60775883992513,0,0.2195,29,1,0,1730,0,0.0,3456,26
3.9824162628501654,-19.70031250000002,0,-315.2050000000003,16,84,partnership_disguised_sale,5.264978249867757,0,0.2184,26,1,0,1730,0,0.0,3584,27
3.952179716899991,-17.719687500000024,18,-283.5150000000004,16,70,partnership_disguised_sale,5.332913239796956,1,0.2173,26,1,0,1730,1,0.0625,3712,28
3.9665885884314775,-18.782187500000035,0,-300.51500000000055,16,69,partnership_disguised_sale,4.5081915855407715,0,0.2162,21,1,0,1730,0,0.0,3840,29
3.95746679417789,-19.449062500000032,0,-311.1850000000005,16,80,partnership_disguised_sale,5.027871290842692,0,0.2151,26,1,0,1730,0,0.0,3968,30
3.9884255807846785,-19.938437500000035,0,-319.01500000000055,16,88,partnership_disguised_sale,5.469815254211426,0,0.214,28,1,0,1730,0,0.0,4096,31
3.9610765427351,-19.172187500000014,0,-306.7550000000002,16,75,partnership_disguised_sale,4.926250298817952,0,0.213,29,1,0,1730,0,0.0,4224,32
4.0019351076334715,-20.489687500000027,0,-327.83500000000043,16,97,partnership_disguised_sale,5.863267262776692,0,0.2119,28,1,0,1730,0,0.0,4352,33
3.97533867508173,-19.455937500000026,0,-311.2950000000004,16,80,partnership_disguised_sale,5.123487631479899,0,0.2108,25,1,0,1730,0,0.0,4480,34
3.9704251009970903,-19.590312500000024,0,-313.4450000000004,16,82,partnership_disguised_sale,5.0949811935424805,0,0.2098,31,1,0,1730,0,0.0,4608,35
3.993585016578436,-19.93343750000003,0,-318.93500000000046,16,88,partnership_disguised_sale,5.387895266215007,0,0.2087,35,1,0,1730,0,0.0,4736,36
3.9103869441896677,-18.856875000000034,0,-301.71000000000055,16,70,partnership_disguised_sale,4.456036885579427,0,0.2077,21,1,0,1730,0,0.0,4864,37
3.934550669044256,-19.482500000000037,0,-311.7200000000006,16,80,partnership_disguised_sale,5.102991898854573,0,0.2066,36,1,0,1730,0,0.0,4992,38
3.9271683152765036,-19.895625000000035,0,-318.33000000000055,16,87,partnership_disguised_sale,5.39240026473999,0,0.2056,29,1,0,1730,0,0.0,5120,39
3.906052066013217,-19.387187500000024,0,-310.1950000000004,16,79,partnership_disguised_sale,4.9822384516398115,0,0.2046,24,1,0,1730,0,0.0,5248,40
3.9247043561190367,-19.463125000000023,0,-311.41000000000037,16,80,partnership_disguised_sale,5.077168782552083,0,0.2036,25,1,0,1730,0,0.0,5376,41
3.9321583695709705,-19.40187500000004,0,-310.43000000000063,16,79,partnership_disguised_sale,4.961061954498291,0,0.2025,21,1,0,1730,0,0.0,5504,42
3.9672800227999687,-19.84281250000003,0,-317.48500000000047,16,86,partnership_disguised_sale,5.487656752268474,0,0.2015,30,1,0,1730,0,0.0,5632,43
3.987670673057437,-19.577500000000022,0,-313.24000000000035,16,82,partnership_disguised_sale,5.086846033732097,0,0.2005,26,1,0,1730,0,0.0,5760,44
4.007984207943082,-19.713750000000022,0,-315.42000000000036,16,84,partnership_disguised_sale,5.262829144795735,0,0.1995,28,1,0,1730,0,0.0,5888,45
4.027414416894317,-20.430625000000035,0,-326.89000000000055,16,96,partnership_disguised_sale,5.799230893452962,0,0.1985,24,1,0,1730,0,0.0,6016,46
4.048076653853059,-19.646875000000026,0,-314.3500000000004,16,83,partnership_disguised_sale,5.13766876856486,0,0.1975,31,1,0,1730,0,0.0,6144,47
4.066937200725079,-20.126250000000027,0,-322.02000000000044,16,91,partnership_disguised_sale,5.523475170135498,0,0.1965,31,1,0,1730,0,0.0,6272,48
4.071276694536209,-20.54343750000004,0,-328.6950000000006,16,98,partnership_disguised_sale,5.878459453582764,0,0.1956,21,1,0,1730,0,0.0,6400,49
4.070406524464488,-19.340625000000028,0,-309.45000000000044,16,78,partnership_disguised_sale,5.001655260721843,0,0.1946,23,1,0,1730,0,0.0,6528,50
4.0841946210712194,-19.87468750000003,0,-317.99500000000046,16,87,partnership_disguised_sale,5.398146629333496,0,0.1936,23,1,0,1730,0,0.0,6656,51
4.080999249592423,-20.065937500000032,0,-321.0550000000005,16,90,partnership_disguised_sale,5.556758562723796,0,0.1926,27,1,0,1730,0,0.0,6784,52
4.081545930355787,-20.05406250000004,0,-320.86500000000063,16,90,partnership_disguised_sale,5.486571788787842,0,0.1917,28,1,0,1730,0,0.0,6912,53
4.079530794173479,-20.132812500000032,0,-322.1250000000005,16,91,partnership_disguised_sale,5.529909451802571,0,0.1907,17,1,0,1730,0,0.0,7040,54
4.092435922473669,-17.837500000000027,18,-285.40000000000043,16,72,partnership_disguised_sale,5.661162853240967,1,0.1898,23,1,0,1730,1,0.0625,7168,55
4.108752451837063,-20.01468750000004,0,-320.23500000000064,16,89,partnership_disguised_sale,5.487100124359131,0,0.1888,23,1,0,1730,0,0.0,7296,56
4.1090424209833145,-19.78187500000003,0,-316.5100000000005,16,85,partnership_disguised_sale,5.17991844813029,0,0.1879,25,1,0,1730,0,0.0,7424,57
4.106323827058077,-19.878750000000032,0,-318.0600000000005,16,87,partnership_disguised_sale,5.349682490030925,0,0.1869,19,1,0,1730,0,0.0,7552,58
4.112265605479479,-20.362500000000036,0,-325.8000000000006,16,95,partnership_disguised_sale,5.824312686920166,0,0.186,25,1,0,1730,0,0.0,7680,59
4.100180491805077,-20.370937500000036,0,-325.93500000000057,16,95,partnership_disguised_sale,5.679635524749756,0,0.1851,20,1,0,1730,0,0.0,7808,60
4.095768000930548,-20.000312500000028,0,-320.00500000000045,16,89,partnership_disguised_sale,5.416070620218913,0,0.1841,26,1,0,1730,0,0.0,7936,61
4.0765443705022335,-19.644375000000018,0,-314.3100000000003,16,83,partnership_disguised_sale,5.119362990061442,0,0.1832,25,1,0,1730,0,0.0,8064,62
4.067812791094184,-19.82343750000003,0,-317.17500000000047,16,86,partnership_disguised_sale,5.3382805188496905,0,0.1823,26,1,0,1730,0,0.0,8192,63
4.045048303902149,-19.94968750000003,0,-319.1950000000005,16,88,partnership_disguised_sale,5.521549383799235,0,0.1814,27,1,0,1730,0,0.0,8320,64
4.0123681630939245,-18.606562500000013,0,-297.7050000000002,16,66,partnership_disguised_sale,4.467687129974365,0,0.1805,13,1,0,1730,0,0.0,8448,65
4.02641449123621,-19.995312500000033,0,-319.9250000000005,16,89,partnership_disguised_sale,5.466909885406494,0,0.1796,24,1,0,1730,0,0.0,8576,66
4.010018007829785,-19.66125000000003,0,-314.5800000000005,16,83,partnership_disguised_sale,5.224271774291992,0,0.1787,22,1,0,1730,0,0.0,8704,67
3.9866530373692513,-19.16593750000002,0,-306.6550000000003,16,75,partnership_disguised_sale,4.852849165598552,0,0.1778,16,1,0,1730,0,0.0,8832,68
3.988678080961108,-19.18156250000002,0,-306.9050000000003,16,75,partnership_disguised_sale,4.899041970570882,0,0.1769,21,1,0,1730,0,0.0,8960,69
4.002210114151239,-19.516562500000035,0,-312.26500000000055,16,81,partnership_disguised_sale,5.122883478800456,0,0.176,29,1,0,1730,0,0.0,9088,70
3.9643483888357878,-18.489375000000027,0,-295.83000000000044,16,64,partnership_disguised_sale,4.362321376800537,0,0.1751,14,1,0,1730,0,0.0,9216,71
3.9984551910310984,-18.670625000000026,0,-298.7300000000004,16,67,partnership_disguised_sale,4.356156984965007,0,0.1743,25,1,0,1730,0,0.0,9344,72
3.99907099083066,-18.805937500000024,0,-300.8950000000004,16,69,partnership_disguised_sale,4.620668093363444,0,0.1734,25,1,0,1730,0,0.0,9472,73
4.005009027197957,-19.088437500000037,0,-305.4150000000006,16,74,partnership_disguised_sale,4.814055919647217,0,0.1725,19,1,0,1730,0,0.0,9600,74
4.016947366297245,-19.444375000000033,0,-311.1100000000005,16,80,partnership_disguised_sale,5.080087184906006,0,0.1717,27,1,0,1730,0,0.0,9728,75
3.9964919053018093,-19.594687500000024,0,-313.5150000000004,16,82,partnership_disguised_sale,5.193137009938558,0,0.1708,20,1,0,1730,0,0.0,9856,76
4.016991814598441,-19.891562500000024,0,-318.2650000000004,16,87,partnership_disguised_sale,5.47584342956543,0,0.1699,23,1,0,1730,0,0.0,9984,77
4.001535698771477,-19.079062500000024,0,-305.2650000000004,16,74,partnership_disguised_sale,4.648808320363362,0,0.1691,14,1,0,1730,0,0.0,10112,78
4.009542660787702,-19.757187500000025,0,-316.1150000000004,16,85,partnership_disguised_sale,5.310443878173828,0,0.1683,19,1,0,1730,0,0.0,10240,79
3.9891115706413984,-19.04468750000002,0,-304.7150000000003,16,73,partnership_disguised_sale,4.665055910746257,0,0.1674,18,1,0,1730,0,0.0,10368,80
4.00824417360127,-19.69968750000003,0,-315.1950000000005,16,84,partnership_disguised_sale,5.305944601694743,0,0.1666,22,1,0,1730,0,0.0,10496,81
4.009466290473938,-19.46062500000003,0,-311.37000000000046,16,80,partnership_disguised_sale,5.111513137817383,0,0.1657,21,1,0,1730,0,0.0,10624,82
4.000228878110647,-19.100937500000022,0,-305.61500000000035,16,74,partnership_disguised_sale,4.892311255137126,0,0.1649,19,1,0,1730,0,0.0,10752,83
4.018148327246308,-19.450625000000016,0,-311.21000000000026,16,80,partnership_disguised_sale,5.059669812520345,0,0.1641,20,1,0,1730,0,0.0,10880,84
4.016780653968453,-19.150625000000023,0,-306.41000000000037,16,75,partnership_disguised_sale,4.834603627522786,0,0.1633,17,1,0,1730,0,0.0,11008,85
4.027226181700826,-19.87406250000003,0,-317.98500000000047,16,87,partnership_disguised_sale,5.3821078936258955,0,0.1625,21,1,0,1730,0,0.0,11136,86
4.020348286256194,-19.26375000000003,0,-308.2200000000005,16,77,partnership_disguised_sale,4.960324764251709,0,0.1616,20,1,0,1730,0,0.0,11264,87
4.015516379848123,-18.77593750000002,0,-300.4150000000003,16,69,partnership_disguised_sale,4.576049168904622,0,0.1608,21,1,0,1730,0,0.0,11392,88
4.021062361076474,-19.681875000000034,0,-314.91000000000054,16,84,partnership_disguised_sale,5.139039834340413,0,0.16,24,1,0,1730,0,0.0,11520,89
4.023017974570394,-18.900312500000027,0,-302.4050000000004,16,71,partnership_disguised_sale,4.664670944213867,0,0.1592,20,1,0,1730,0,0.0,11648,90
4.024456087499857,-19.15375000000002,0,-306.4600000000003,16,75,partnership_disguised_sale,4.906096299489339,0,0.1584,21,1,0,1730,0,0.0,11776,91
4.030426988378167,-19.513750000000023,0,-312.22000000000037,16,81,partnership_disguised_sale,5.125805536905925,0,0.1576,27,1,0,1730,0,0.0,11904,92
4.024663519114256,-19.11937500000002,0,-305.9100000000003,16,74,partnership_disguised_sale,4.830922603607178,0,0.1569,21,1,0,1730,0,0.0,12032,93
4.047181794419885,-18.904062500000034,0,-302.46500000000054,16,71,partnership_disguised_sale,4.649145285288493,0,0.1561,23,1,0,1730,0,0.0,12160,94
4.055399419739842,-20.24500000000004,0,-323.92000000000064,16,93,partnership_disguised_sale,5.816349506378174,0,0.1553,16,1,0,1730,0,0.0,12288,95
4.071981571614742,-19.584687500000026,0,-313.3550000000004,16,82,partnership_disguised_sale,5.157789707183838,0,0.1545,18,1,0,1730,0,0.0,12416,96
4.088560901582241,-19.517812500000016,0,-312.28500000000025,16,81,partnership_disguised_sale,5.085549195607503,0,0.1537,21,1,0,1730,0,0.0,12544,97
4.097724463790655,-20.002812500000033,0,-320.0450000000005,16,89,partnership_disguised_sale,5.429636478424072,0,0.153,19,1,0,1730,0,0.0,12672,98
4.105664741247892,-20.12218750000003,0,-321.9550000000005,16,91,partnership_disguised_sale,5.431777477264404,0,0.1522,23,1,0,1730,0,0.0,12800,99
4.152629621326923,-20.478750000000044,0,-327.6600000000007,16,97,partnership_disguised_sale,11.776802698771158,0,0.25,32,2,0,1731,0,0.0,128,0
4.152959741652012,-20.61718750000004,0,-329.8750000000006,16,99,partnership_disguised_sale,11.347589174906412,0,0.2487,32,2,0,1731,0,0.0,256,1
4.152299035340548,-20.858437500000043,0,-333.7350000000007,16,103,partnership_disguised_sale,10.810162226359049,0,0.2475,32,2,0,1731,0,0.0,384,2
4.15137430652976,-20.613750000000046,0,-329.82000000000073,16,99,partnership_disguised_sale,10.004366556803385,0,0.2463,30,2,0,1731,0,0.0,512,3
4.149752881377935,-20.795625000000047,0,-332.73000000000076,16,102,partnership_disguised_sale,9.49535878499349,0,0.245,31,2,0,1731,0,0.0,640,4
4.149933289736509,-20.070000000000032,0,-321.1200000000005,16,90,partnership_disguised_sale,8.30052407582601,0,0.2438,29,2,0,1731,0,0.0,768,5
4.147347819060087,-20.000312500000028,0,-320.00500000000045,16,89,partnership_disguised_sale,7.677944978078206,0,0.2426,27,2,0,1731,0,0.0,896,6
4.145958632230759,-20.48500000000004,0,-327.7600000000006,16,97,partnership_disguised_sale,7.744299093882243,0,0.2414,29,2,0,1731,0,0.0,1024,7
4.142134588211775,-20.128750000000036,0,-322.06000000000057,16,91,partnership_disguised_sale,7.056687672932942,0,0.2402,29,2,0,1731,0,0.0,1152,8
4.139770418405533,-20.414375000000046,0,-326.63000000000073,16,96,partnership_disguised_sale,7.066808382670085,0,0.239,27,2,0,1731,0,0.0,1280,9
4.1366787031292915,-19.271250000000027,0,-308.34000000000043,16,77,partnership_disguised_sale,5.663131237030029,0,0.2378,30,2,0,1731,0,0.0,1408,10
4.134971458464861,-20.190625000000033,0,-323.0500000000005,16,92,partnership_disguised_sale,6.19688606262207,0,0.2366,36,2,0,1731,0,0.0,1536,11
4.132997713983059,-19.818437500000037,0,-317.0950000000006,16,86,partnership_disguised_sale,5.8156782786051435,0,0.2354,23,2,0,1731,0,0.0,1664,12
4.127952758222818,-19.825937500000038,0,-317.2150000000006,16,86,partnership_disguised_sale,5.555660883585612,0,0.2342,25,2,0,1731,0,0.0,1792,13
4.12655683234334,-20.409687500000043,0,-326.5550000000007,16,96,partnership_disguised_sale,5.861172517140706,0,0.2331,33,2,0,1731,0,0.0,1920,14
4.112160298973322,-20.72875000000004,0,-331.66000000000065,16,101,partnership_disguised_sale,6.255851745605469,0,0.2319,33,2,0,1731,0,0.0,2048,15
4.100561833009124,-20.426562500000042,0,-326.82500000000067,16,96,partnership_disguised_sale,5.807495911916097,0,0.2307,31,2,0,1731,0,0.0,2176,16
4.092968709766865,-20.00062500000003,0,-320.0100000000005,16,89,partnership_disguised_sale,5.463884989420573,0,0.2296,25,2,0,1731,0,0.0,2304,17
4.087634427472949,-20.130312500000038,0,-322.0850000000006,16,91,partnership_disguised_sale,5.629529158274333,0,0.2284,25,2,0,1731,0,0.0,2432,18
4.08049762994051,-19.514062500000026,0,-312.2250000000004,16,81,partnership_disguised_sale,5.089333852132161,0,0.2273,25,2,0,1731,0,0.0,2560,19
4.078831134364009,-20.417500000000043,0,-326.6800000000007,16,96,partnership_disguised_sale,5.656280676523845,0,0.2262,33,2,0,1731,0,0.0,2688,20
4.04788451269269,-19.75250000000004,0,-316.04000000000065,16,85,partnership_disguised_sale,5.422159036000569,0,0.225,30,2,0,1731,0,0.0,2816,21
4.044333087280393,-20.171875000000036,0,-322.75000000000057,16,92,partnership_disguised_sale,5.703585147857666,0,0.2239,32,2,0,1731,0,0.0,2944,22
4.067182797938585,-20.245000000000037,0,-323.9200000000006,16,93,partnership_disguised_sale,5.624081611633301,0,0.2228,32,2,0,1731,0,0.0,3072,23
4.083457991480827,-19.67750000000004,0,-314.84000000000066,16,84,partnership_disguised_sale,5.310019652048747,0,0.2217,25,2,0,1731,0,0.0,3200,24
4.099494408816099,-19.988750000000035,0,-319.82000000000056,16,89,partnership_disguised_sale,5.427953243255615,0,0.2206,24,2,0,1731,0,0.0,3328,25
4.109080504626036,-19.803437500000033,0,-316.85500000000053,16,86,partnership_disguised_sale,5.441732406616211,0,0.2195,33,2,0,1731,0,0.0,3456,26
4.116360388696194,-21.04031250000005,0,-336.6450000000008,16,106,partnership_disguised_sale,6.2981564203898115,0,0.2184,33,2,0,1731,0,0.0,3584,27
4.121067859232426,-20.324062500000032,0,-325.1850000000005,16,94,partnership_disguised_sale,5.80392853418986,0,0.2173,31,2,0,1731,0,0.0,3712,28
4.122577544301748,-20.36968750000003,0,-325.9150000000005,16,95,partnership_disguised_sale,5.719967365264893,0,0.2162,37,2,0,1731,0,0.0,3840,29
4.106931552290916,-19.642187500000034,0,-314.27500000000055,16,83,partnership_disguised_sale,5.259737332661946,0,0.2151,26,2,0,1731,0,0.0,3968,30
4.090830855071545,-20.007500000000036,0,-320.1200000000006,16,89,partnership_disguised_sale,5.514952500661214,0,0.214,23,2,0,1731,0,0.0,4096,31
4.069238293915987,-20.25843750000003,0,-324.1350000000005,16,93,partnership_disguised_sale,5.60391108194987,0,0.213,21,2,0,1731,0,0.0,4224,32
4.048741590231657,-19.941250000000032,0,-319.0600000000005,16,88,partnership_disguised_sale,5.490002473195394,0,0.2119,21,2,0,1731,0,0.0,4352,33
4.039315016940236,-19.561875000000036,0,-312.9900000000006,16,82,partnership_disguised_sale,5.276598930358887,0,0.2108,28,2,0,1731,0,0.0,4480,34
4.035925541073084,-19.538125000000022,0,-312.61000000000035,16,81,partnership_disguised_sale,5.144051233927409,0,0.2098,36,2,0,1731,0,0.0,4608,35
4.014026742428541,-19.03781250000003,0,-304.6050000000005,16,73,partnership_disguised_sale,4.63848336537679,0,0.2087,27,2,0,1731,0,0.0,4736,36
3.9858796019107103,-19.160937500000035,0,-306.57500000000056,16,75,partnership_disguised_sale,4.98655366897583,0,0.2077,30,2,0,1731,0,0.0,4864,37
3.9483032021671534,-18.55343750000002,0,-296.8550000000003,16,65,partnership_disguised_sale,4.326101620992024,0,0.2066,24,2,0,1731,0,0.0,4992,38
3.9538122676312923,-18.80218750000003,0,-300.8350000000005,16,69,partnership_disguised_sale,4.683255195617676,0,0.2056,28,2,0,1731,0,0.0,5120,39
3.9647401683032513,-19.699062500000032,0,-315.1850000000005,16,84,partnership_disguised_sale,5.272659619649251,0,0.2046,22,2,0,1731,0,0.0,5248,40
3.9846649952232838,-19.112500000000008,0,-305.8000000000001,16,74,partnership_disguised_sale,4.8619794845581055,0,0.2036,27,2,0,1731,0,0.0,5376,41
3.9969976507127285,-18.879687500000024,0,-302.0750000000004,16,70,partnership_disguised_sale,4.793086687723796,0,0.2025,28,2,0,1731,0,0.0,5504,42
4.015606401488185,-19.70125000000003,0,-315.2200000000005,16,84,partnership_disguised_sale,5.192394892374675,0,0.2015,24,2,0,1731,0,0.0,5632,43
4.029217887669802,-18.792500000000018,0,-300.6800000000003,16,69,partnership_disguised_sale,4.599521001180013,0,0.2005,28,2,0,1731,0,0.0,5760,44
4.058830471709371,-19.879687500000035,0,-318.07500000000056,16,87,partnership_disguised_sale,5.27982759475708,0,0.1995,35,2,0,1731,0,0.0,5888,45
4.0506835747510195,-19.181250000000034,0,-306.90000000000055,16,75,partnership_disguised_sale,4.938076814015706,0,0.1985,15,2,0,1731,0,0.0,6016,46
4.071550160646439,-19.576562500000026,0,-313.2250000000004,16,82,partnership_disguised_sale,5.004476229349772,0,0.1975,27,2,0,1731,0,0.0,6144,47
4.0623093862086535,-19.09500000000003,0,-305.5200000000005,16,74,partnership_disguised_sale,4.773375829060872,0,0.1965,23,2,0,1731,0,0.0,6272,48
4.050027111545205,-19.89312500000003,0,-318.2900000000005,16,87,partnership_disguised_sale,5.312653223673503,0,0.1956,23,2,0,1731,0,0.0,6400,49
4.050296222791076,-19.33750000000003,0,-309.4000000000005,16,78,partnership_disguised_sale,5.020005385080974,0,0.1946,27,2,0,1731,0,0.0,6528,50
4.049943055957556,-19.39656250000003,0,-310.3450000000005,16,79,partnership_disguised_sale,5.0499091148376465,0,0.1936,29,2,0,1731,0,0.0,6656,51
4.035959534347057,-19.410312500000035,0,-310.56500000000057,16,79,partnership_disguised_sale,4.973374048868815,0,0.1926,27,2,0,1731,0,0.0,6784,52
4.03910912014544,-19.450000000000028,0,-311.20000000000044,16,80,partnership_disguised_sale,5.037385781606038,0,0.1917,31,2,0,1731,0,0.0,6912,53
4.025580255314708,-19.76406250000003,0,-316.2250000000005,16,85,partnership_disguised_sale,5.212522665659587,0,0.1907,21,2,0,1731,0,0.0,7040,54
4.039708714932203,-19.58031250000003,0,-313.2850000000005,16,82,partnership_disguised_sale,5.102068265279134,0,0.1898,24,2,0,1731,0,0.0,7168,55
4.029069675132632,-18.675937500000025,0,-298.8150000000004,16,67,partnership_disguised_sale,4.590717792510986,0,0.1888,27,2,0,1731,0,0.0,7296,56
4.027664704248309,-19.642812500000026,0,-314.2850000000004,16,83,partnership_disguised_sale,5.106400966644287,0,0.1879,24,2,0,1731,0,0.0,7424,57
4.015340469777584,-19.516250000000024,0,-312.2600000000004,16,81,partnership_disguised_sale,5.205126444498698,0,0.1869,27,2,0,1731,0,0.0,7552,58
3.9666118677705526,-18.923750000000023,0,-302.78000000000037,16,71,partnership_disguised_sale,4.6611396471659345,0,0.186,14,2,0,1731,0,0.0,7680,59
3.970209788531065,-19.474375000000016,0,-311.59000000000026,16,80,partnership_disguised_sale,5.0827867190043134,0,0.1851,21,2,0,1731,0,0.0,7808,60
3.9663320034742355,-19.509062500000027,0,-312.14500000000044,16,81,partnership_disguised_sale,5.062090237935384,0,0.1841,25,2,0,1731,0,0.0,7936,61
3.9630144760012627,-19.520312500000028,0,-312.32500000000044,16,81,partnership_disguised_sale,5.123145739237468,0,0.1832,21,2,0,1731,0,0.0,8064,62
3.980014394968748,-19.15687500000002,0,-306.51000000000033,16,75,partnership_disguised_sale,4.984623750050862,0,0.1823,28,2,0,1731,0,0.0,8192,63
3.986840158700943,-19.63500000000003,0,-314.1600000000005,16,83,partnership_disguised_sale,5.159952004750569,0,0.1814,18,2,0,1731,0,0.0,8320,64
4.012303218245506,-19.86750000000003,0,-317.8800000000005,16,87,partnership_disguised_sale,5.279653231302897,0,0.1805,25,2,0,1731,0,0.0,8448,65
4.0113450437784195,-19.460312500000025,0,-311.3650000000004,16,80,partnership_disguised_sale,5.12824026743571,0,0.1796,19,2,0,1731,0,0.0,8576,66
4.0229650642722845,-19.460937500000032,0,-311.3750000000005,16,80,partnership_disguised_sale,5.147457122802734,0,0.1787,27,2,0,1731,0,0.0,8704,67
4.011255159974098,-19.38968750000003,0,-310.23500000000047,16,79,partnership_disguised_sale,4.947985808054606,0,0.1778,19,2,0,1731,0,0.0,8832,68
4.000116238370538,-19.079375000000027,0,-305.27000000000044,16,74,partnership_disguised_sale,4.805257479349772,0,0.1769,16,2,0,1731,0,0.0,8960,69
4.010615050792694,-19.92562500000004,0,-318.8100000000006,16,88,partnership_disguised_sale,5.442023277282715,0,0.176,27,2,0,1731,0,0.0,9088,70
3.9963135831058025,-19.816875000000028,0,-317.07000000000045,16,86,partnership_disguised_sale,5.443012555440267,0,0.1751,18,2,0,1731,0,0.0,9216,71
3.9914845190942287,-19.45093750000003,0,-311.2150000000005,16,80,partnership_disguised_sale,4.928030172983806,0,0.1743,22,2,0,1731,0,0.0,9344,72
3.9879520907998085,-19.753437500000036,0,-316.0550000000006,16,85,partnership_disguised_sale,5.291851838429769,0,0.1734,21,2,0,1731,0,0.0,9472,73
3.969684252515435,-19.88906250000003,0,-318.2250000000005,16,87,partnership_disguised_sale,5.274819215138753,0,0.1725,21,2,0,1731,0,0.0,9600,74
3.968659760430455,-19.079687500000027,0,-305.27500000000043,16,74,partnership_disguised_sale,4.7742683092753095,0,0.1717,20,2,0,1731,0,0.0,9728,75
3.960959555581212,-19.219375000000028,0,-307.51000000000045,16,76,partnership_disguised_sale,5.009754021962483,0,0.1708,22,2,0,1731,0,0.0,9856,76
3.971770042553544,-18.61343750000003,0,-297.81500000000045,16,66,partnership_disguised_sale,4.606167475382487,0,0.1699,19,2,0,1731,0,0.0,9984,77
3.985095888376236,-19.15593750000003,0,-306.49500000000046,16,75,partnership_disguised_sale,4.927646001180013,0,0.1691,23,2,0,1731,0,0.0,10112,78
3.98410882987082,-19.47312500000003,0,-311.5700000000005,16,80,partnership_disguised_sale,5.117706298828125,0,0.1683,21,2,0,1731,0,0.0,10240,79
4.013554226607084,-18.789687500000028,0,-300.63500000000045,16,69,partnership_disguised_sale,4.576322237650554,0,0.1674,23,2,0,1731,0,0.0,10368,80
4.01382896117866,-19.329062500000028,0,-309.26500000000044,16,78,partnership_disguised_sale,5.013080437978108,0,0.1666,20,2,0,1731,0,0.0,10496,81
4.027469854801893,-19.088750000000022,0,-305.42000000000036,16,74,partnership_disguised_sale,4.7564271291097,0,0.1657,27,2,0,1731,0,0.0,10624,82
4.014825252816081,-19.00843750000001,0,-304.13500000000016,16,72,partnership_disguised_sale,4.793846130371094,0,0.1649,17,2,0,1731,0,0.0,10752,83
4.018374543637037,-19.591875000000027,0,-313.4700000000004,16,82,partnership_disguised_sale,5.136943340301514,0,0.1641,17,2,0,1731,0,0.0,10880,84
4.016352182254195,-19.228437500000023,0,-307.65500000000037,16,76,partnership_disguised_sale,4.9680735270182295,0,0.1633,17,2,0,1731,0,0.0,11008,85
4.023758316412568,-19.527812500000024,0,-312.4450000000004,16,81,partnership_disguised_sale,5.085636615753174,0,0.1625,22,2,0,1731,0,0.0,11136,86
4.023998772725463,-19.514062500000026,0,-312.2250000000004,16,81,partnership_disguised_sale,5.047502199808757,0,0.1616,18,2,0,1731,0,0.0,11264,87
4.025730924680829,-19.65250000000003,0,-314.44000000000045,16,83,partnership_disguised_sale,5.285065491994222,0,0.1608,19,2,0,1731,0,0.0,11392,88
4.035907261073589,-19.387187500000035,0,-310.19500000000056,16,79,partnership_disguised_sale,5.039576689402263,0,0.16,27,2,0,1731,0,0.0,11520,89
4.033643890172243,-19.40000000000003,0,-310.4000000000005,16,79,partnership_disguised_sale,5.0508982340494795,0,0.1592,26,2,0,1731,0,0.0,11648,90
4.0250321216881275,-19.116875000000025,0,-305.8700000000004,16,74,partnership_disguised_sale,4.912308216094971,0,0.1584,20,2,0,1731,0,0.0,11776,91
4.035053892061114,-19.76531250000004,0,-316.24500000000063,16,85,partnership_disguised_sale,5.3182698885599775,0,0.1576,20,2,0,1731,0,0.0,11904,92
4.048889962956309,-19.327812500000025,0,-309.2450000000004,16,78,partnership_disguised_sale,4.930880069732666,0,0.1569,19,2,0,1731,0,0.0,12032,93
4.041689433157444,-19.44500000000003,0,-311.12000000000046,16,80,partnership_disguised_sale,5.110987504323323,0,0.1561,17,2,0,1731,0,0.0,12160,94
4.057317225262523,-20.251250000000034,0,-324.02000000000055,16,93,partnership_disguised_sale,5.666504700978597,0,0.1553,25,2,0,1731,0,0.0,12288,95
4.043937595561147,-19.447187500000034,0,-311.15500000000054,16,80,partnership_disguised_sale,5.004517078399658,0,0.1545,17,2,0,1731,0,0.0,12416,96
4.041863448917866,-19.696250000000028,0,-315.14000000000044,16,84,partnership_disguised_sale,5.31106964747111,0,0.1537,18,2,0,1731,0,0.0,12544,97
4.037234524264932,-20.064687500000037,0,-321.0350000000006,16,90,partnership_disguised_sale,5.513719399770101,0,0.153,22,2,0,1731,0,0.0,12672,98
4.036106437444687,-19.457187500000032,0,-311.3150000000005,16,80,partnership_disguised_sale,4.995529015858968,0,0.1522,26,2,0,1731,0,0.0,12800,99
4.155692044645548,-21.161250000000045,0,-338.5800000000007,16,108,partnership_disguised_sale,11.54638385772705,0,0.25,30,3,0,1732,0,0.0,128,0
4.15628482401371,-20.789687500000042,0,-332.6350000000007,16,102,partnership_disguised_sale,10.387794494628906,0,0.2487,32,3,0,1732,0,0.0,256,1
4.156830135732889,-20.657500000000045,0,-330.5200000000007,16,100,partnership_disguised_sale,9.593153635660807,0,0.2475,27,3,0,1732,0,0.0,384,2
4.155916374176741,-20.494062500000037,0,-327.9050000000006,16,97,partnership_disguised_sale,8.797961552937826,0,0.2463,27,3,0,1732,0,0.0,512,3
4.153815135359764,-19.99031250000004,0,-319.84500000000065,16,89,partnership_disguised_sale,7.786286354064941,0,0.245,46,3,0,1732,0,0.0,640,4
4.14940669760108,-20.553750000000043,0,-328.8600000000007,16,98,partnership_disguised_sale,7.990222613016765,0,0.2438,24,3,0,1732,0,0.0,768,5
4.145595733076334,-20.429375000000046,0,-326.87000000000074,16,96,partnership_disguised_sale,7.357307116190593,0,0.2426,32,3,0,1732,0,0.0,896,6
4.142354607582092,-20.240937500000037,0,-323.8550000000006,16,93,partnership_disguised_sale,6.875873406728108,0,0.2414,33,3,0,1732,0,0.0,1024,7
4.137782134115696,-20.12562500000004,0,-322.0100000000006,16,91,partnership_disguised_sale,6.452443281809489,0,0.2402,37,3,0,1732,0,0.0,1152,8
4.137699071317911,-19.694687500000033,0,-315.1150000000005,16,84,partnership_disguised_sale,5.764741897583008,0,0.239,25,3,0,1732,0,0.0,1280,9
4.132710136473179,-20.302500000000045,0,-324.8400000000007,16,94,partnership_disguised_sale,6.120431900024414,0,0.2378,34,3,0,1732,0,0.0,1408,10
4.130153883248568,-20.478437500000048,0,-327.65500000000077,16,97,partnership_disguised_sale,6.060767809549968,0,0.2366,29,3,0,1732,0,0.0,1536,11
4.120143625885248,-20.667812500000046,0,-330.68500000000074,16,100,partnership_disguised_sale,6.078629652659099,0,0.2354,31,3,0,1732,0,0.0,1664,12
4.102942807599902,-19.681875000000034,0,-314.91000000000054,16,84,partnership_disguised_sale,5.251466274261475,0,0.2342,27,3,0,1732,0,0.0,1792,13
4.098682407289743,-20.249062500000036,0,-323.9850000000006,16,93,partnership_disguised_sale,5.723140716552734,0,0.2331,29,3,0,1732,0,0.0,1920,14
4.089542381465435,-20.23687500000004,0,-323.79000000000065,16,93,partnership_disguised_sale,5.459490935007731,0,0.2319,32,3,0,1732,0,0.0,2048,15
4.02997680939734,-19.51218750000002,0,-312.19500000000033,16,81,partnership_disguised_sale,5.079118410746257,0,0.2307,24,3,0,1732,0,0.0,2176,16
4.015317967161536,-19.56156250000004,0,-312.98500000000064,16,82,partnership_disguised_sale,5.064095179239909,0,0.2296,33,3,0,1732,0,0.0,2304,17
3.953128255903721,-19.525000000000016,0,-312.40000000000026,16,81,partnership_disguised_sale,5.120565414428711,0,0.2284,36,3,0,1732,0,0.0,2432,18
3.9190189614892006,-19.46312500000002,0,-311.4100000000003,16,80,partnership_disguised_sale,5.179352919260661,0,0.2273,31,3,0,1732,0,0.0,2560,19
3.917774386703968,-20.005312500000038,0,-320.0850000000006,16,89,partnership_disguised_sale,5.547399202982585,0,0.2262,27,3,0,1732,0,0.0,2688,20
3.906023370102048,-19.398750000000028,0,-310.38000000000045,16,79,partnership_disguised_sale,5.135506312052409,0,0.225,35,3,0,1732,0,0.0,2816,21
3.936311047524214,-18.792187500000008,0,-300.6750000000001,16,69,partnership_disguised_sale,4.668006579081218,0,0.2239,28,3,0,1732,0,0.0,2944,22
4.037613281980157,-19.633750000000024,0,-314.1400000000004,16,83,partnership_disguised_sale,5.2025496164957685,0,0.2228,37,3,0,1732,0,0.0,3072,23
4.073353825137019,-19.874062500000036,0,-317.9850000000006,16,87,partnership_disguised_sale,5.356494585673015,0,0.2217,32,3,0,1732,0,0.0,3200,24
4.088352466002107,-20.425937500000032,0,-326.8150000000005,16,96,partnership_disguised_sale,5.839230855305989,0,0.2206,32,3,0,1732,0,0.0,3328,25
4.081718327477574,-20.005625000000038,0,-320.0900000000006,16,89,partnership_disguised_sale,5.494177182515462,0,0.2195,30,3,0,1732,0,0.0,3456,26
4.085405623540282,-20.05656250000003,0,-320.9050000000005,16,90,partnership_disguised_sale,5.487895170847575,0,0.2184,33,3,0,1732,0,0.0,3584,27
4.0804988499730825,-19.820937500000035,0,-317.13500000000056,16,86,partnership_disguised_sale,5.338816324869792,0,0.2173,31,3,0,1732,0,0.0,3712,28
4.090565863996744,-19.315000000000026,0,-309.0400000000004,16,78,partnership_disguised_sale,4.906917572021484,0,0.2162,27,3,0,1732,0,0.0,3840,29
4.102991387248039,-20.603750000000037,0,-329.6600000000006,16,99,partnership_disguised_sale,6.001748879750569,0,0.2151,35,3,0,1732,0,0.0,3968,30
4.098803993314505,-19.763750000000027,0,-316.2200000000004,16,85,partnership_disguised_sale,5.3179707527160645,0,0.214,26,3,0,1732,0,0.0,4096,31
4.108056262135506,-20.303125000000037,0,-324.8500000000006,16,94,partnership_disguised_sale,5.692965189615886,0,0.213,26,3,0,1732,0,0.0,4224,32
4.103004556149244,-20.550312500000043,0,-328.8050000000007,16,98,partnership_disguised_sale,5.932285308837891,0,0.2119,24,3,0,1732,0,0.0,4352,33
4.093881670385599,-19.46406250000002,0,-311.4250000000003,16,80,partnership_disguised_sale,5.02419900894165,0,0.2108,25,3,0,1732,0,0.0,4480,34
4.09333360940218,-19.94843750000004,0,-319.17500000000064,16,88,partnership_disguised_sale,5.411840120951335,0,0.2098,29,3,0,1732,0,0.0,4608,35
4.092573247849941,-20.610937500000052,0,-329.77500000000083,16,99,partnership_disguised_sale,5.985894362131755,0,0.2087,37,3,0,1732,0,0.0,4736,36
4.068459410220385,-19.996875000000035,0,-319.95000000000056,16,89,partnership_disguised_sale,5.624635060628255,0,0.2077,19,3,0,1732,0,0.0,4864,37
4.066596440970898,-19.95718750000004,0,-319.3150000000006,16,88,partnership_disguised_sale,5.465659777323405,0,0.2066,31,3,0,1732,0,0.0,4992,38
4.072638802230358,-20.855312500000043,0,-333.6850000000007,16,103,partnership_disguised_sale,6.177232265472412,0,0.2056,31,3,0,1732,0,0.0,5120,39
4.080640152096748,-20.23968750000004,0,-323.83500000000066,16,93,partnership_disguised_sale,5.723590056101481,0,0.2046,28,3,0,1732,0,0.0,5248,40
4.0830788388848305,-20.362500000000036,0,-325.8000000000006,16,95,partnership_disguised_sale,5.824818770090739,0,0.2036,28,3,0,1732,0,0.0,5376,41
4.08931327611208,-20.365625000000033,0,-325.85000000000053,16,95,partnership_disguised_sale,5.827155113220215,0,0.2025,31,3,0,1732,0,0.0,5504,42
4.083896674215794,-20.001250000000038,0,-320.0200000000006,16,89,partnership_disguised_sale,5.447755495707194,0,0.2015,26,3,0,1732,0,0.0,5632,43
4.0815996043384075,-20.248750000000026,0,-323.9800000000004,16,93,partnership_disguised_sale,5.539714654286702,0,0.2005,20,3,0,1732,0,0.0,5760,44
4.084004582837224,-20.431562500000037,0,-326.9050000000006,16,96,partnership_disguised_sale,5.87317689259847,0,0.1995,22,3,0,1732,0,0.0,5888,45
4.097434563562274,-20.131875000000026,0,-322.1100000000004,16,91,partnership_disguised_sale,5.635787804921468,0,0.1985,27,3,0,1732,0,0.0,6016,46
4.079200565814972,-20.243437500000034,0,-323.89500000000055,16,93,partnership_disguised_sale,5.6816379229227705,0,0.1975,22,3,0,1732,0,0.0,6144,47
4.085413035005331,-20.058750000000032,0,-320.9400000000005,16,90,partnership_disguised_sale,5.513305028279622,0,0.1965,17,3,0,1732,0,0.0,6272,48
4.081447307020426,-20.61125000000004,0,-329.78000000000065,16,99,partnership_disguised_sale,5.937645594278972,0,0.1956,21,3,0,1732,0,0.0,6400,49
4.10810199379921,-19.933750000000032,0,-318.9400000000005,16,88,partnership_disguised_sale,5.2667342821757,0,0.1946,34,3,0,1732,0,0.0,6528,50
4.102705877274275,-20.66906250000004,0,-330.70500000000067,16,100,partnership_disguised_sale,6.024146715799968,0,0.1936,28,3,0,1732,0,0.0,6656,51
4.088163882493973,-20.373437500000037,0,-325.9750000000006,16,95,partnership_disguised_sale,5.71923033396403,0,0.1926,21,3,0,1732,0,0.0,6784,52
4.104318976402283,-20.55093750000004,0,-328.8150000000006,16,98,partnership_disguised_sale,5.929005146026611,0,0.1917,27,3,0,1732,0,0.0,6912,53
4.096720777451992,-19.805937500000045,0,-316.8950000000007,16,86,partnership_disguised_sale,5.346628030141194,0,0.1907,26,3,0,1732,0,0.0,7040,54
4.090638257563114,-19.515000000000022,0,-312.24000000000035,16,81,partnership_disguised_sale,5.201004505157471,0,0.1898,24,3,0,1732,0,0.0,7168,55
4.07004264742136,-19.79656250000004,0,-316.74500000000063,16,86,partnership_disguised_sale,5.375909169514974,0,0.1888,17,3,0,1732,0,0.0,7296,56
4.053164651617408,-19.57843750000002,0,-313.25500000000034,16,82,partnership_disguised_sale,5.026261488596599,0,0.1879,24,3,0,1732,0,0.0,7424,57
4.026712646707892,-20.04875000000004,0,-320.78000000000065,16,90,partnership_disguised_sale,5.445144176483154,0,0.1869,23,3,0,1732,0,0.0,7552,58
4.006661308929324,-18.98125000000002,0,-303.70000000000033,16,72,partnership_disguised_sale,4.779304186503093,0,0.186,25,3,0,1732,0,0.0,7680,59
4.004435129463673,-19.640937500000025,0,-314.2550000000004,16,83,partnership_disguised_sale,5.236795425415039,0,0.1851,27,3,0,1732,0,0.0,7808,60
4.001176925376058,-19.376875000000034,0,-310.03000000000054,16,79,partnership_disguised_sale,5.079567273457845,0,0.1841,29,3,0,1732,0,0.0,7936,61
4.0005033034831285,-19.19656250000003,0,-307.1450000000005,16,76,partnership_disguised_sale,4.904286702473958,0,0.1832,23,3,0,1732,0,0.0,8064,62
3.9835514537990093,-19.830937500000022,0,-317.29500000000036,16,86,partnership_disguised_sale,5.167035420735677,0,0.1823,16,3,0,1732,0,0.0,8192,63
4.004108330234885,-20.057500000000037,0,-320.9200000000006,16,90,partnership_disguised_sale,5.612950960795085,0,0.1814,27,3,0,1732,0,0.0,8320,64
3.992651106789708,-19.45437500000003,0,-311.2700000000005,16,80,partnership_disguised_sale,5.1814009348551435,0,0.1805,22,3,0,1732,0,0.0,8448,65
3.9954930916428566,-19.041875000000026,0,-304.6700000000004,16,73,partnership_disguised_sale,4.798787593841553,0,0.1796,29,3,0,1732,0,0.0,8576,66
3.9910760428756475,-18.92937500000002,0,-302.87000000000035,16,71,partnership_disguised_sale,4.782123883565267,0,0.1787,27,3,0,1732,0,0.0,8704,67
3.9905734825879335,-19.687812500000035,0,-315.00500000000056,16,84,partnership_disguised_sale,5.201915105183919,0,0.1778,12,3,0,1732,0,0.0,8832,68
4.027654141187668,-19.64750000000002,0,-314.3600000000003,16,83,partnership_disguised_sale,5.263731797536214,0,0.1769,24,3,0,1732,0,0.0,8960,69
4.036827517673373,-18.568750000000016,0,-297.10000000000025,16,65,partnership_disguised_sale,4.401689211527507,0,0.176,13,3,0,1732,0,0.0,9088,70
4.066157411783934,-20.00062500000004,0,-320.0100000000006,16,89,partnership_disguised_sale,5.526785532633464,0,0.1751,24,3,0,1732,0,0.0,9216,71
4.067962191998959,-20.42500000000004,0,-326.80000000000064,16,96,partnership_disguised_sale,5.70497989654541,0,0.1743,26,3,0,1732,0,0.0,9344,72
4.0618214420974255,-20.19156250000003,0,-323.06500000000045,16,92,partnership_disguised_sale,5.711583932240804,0,0.1734,18,3,0,1732,0,0.0,9472,73
4.059758298099041,-19.156562500000035,0,-306.50500000000056,16,75,partnership_disguised_sale,4.8441721598307295,0,0.1725,13,3,0,1732,0,0.0,9600,74
4.069826517254114,-19.45000000000003,0,-311.2000000000005,16,80,partnership_disguised_sale,5.014970620473226,0,0.1717,20,3,0,1732,0,0.0,9728,75
4.065649105235934,-19.885000000000034,0,-318.16000000000054,16,87,partnership_disguised_sale,5.437472979227702,0,0.1708,28,3,0,1732,0,0.0,9856,76
4.0545583833009005,-19.203125000000036,0,-307.25000000000057,16,76,partnership_disguised_sale,4.771189212799072,0,0.1699,14,3,0,1732,0,0.0,9984,77
4.056780224665999,-20.354375000000047,0,-325.67000000000075,16,95,partnership_disguised_sale,5.684151967366536,0,0.1691,16,3,0,1732,0,0.0,10112,78
4.044446868821979,-19.401250000000037,0,-310.4200000000006,16,79,partnership_disguised_sale,5.125414530436198,0,0.1683,24,3,0,1732,0,0.0,10240,79
4.021185200661421,-18.98468750000003,0,-303.7550000000005,16,72,partnership_disguised_sale,4.618809858957927,0,0.1674,17,3,0,1732,0,0.0,10368,80
4.02696780487895,-19.11281250000003,0,-305.80500000000046,16,74,partnership_disguised_sale,4.80275837580363,0,0.1666,21,3,0,1732,0,0.0,10496,81
4.03823434188962,-18.918437500000017,0,-302.6950000000003,16,71,partnership_disguised_sale,4.57171646753947,0,0.1657,20,3,0,1732,0,0.0,10624,82
4.045011896640062,-19.145937500000024,0,-306.3350000000004,16,75,partnership_disguised_sale,4.685945351918538,0,0.1649,20,3,0,1732,0,0.0,10752,83
4.032846674323082,-19.527812500000028,0,-312.44500000000045,16,81,partnership_disguised_sale,4.941634337107341,0,0.1641,21,3,0,1732,0,0.0,10880,84
4.004462940618396,-18.69750000000003,0,-299.1600000000005,16,67,partnership_disguised_sale,4.581528504689534,0,0.1633,27,3,0,1732,0,0.0,11008,85
3.9804983250796795,-18.67218750000001,0,-298.75500000000017,16,67,partnership_disguised_sale,4.388026873270671,0,0.1625,18,3,0,1732,0,0.0,11136,86
3.965407159179449,-18.744062500000016,0,-299.90500000000026,16,68,partnership_disguised_sale,4.5516676902771,0,0.1616,20,3,0,1732,0,0.0,11264,87
3.9334207996726036,-18.47812500000002,0,-295.6500000000003,16,64,partnership_disguised_sale,4.399768352508545,0,0.1608,22,3,0,1732,0,0.0,11392,88
3.9242813028395176,-18.437500000000004,0,-295.00000000000006,16,63,partnership_disguised_sale,4.2744754155476885,0,0.16,24,3,0,1732,0,0.0,11520,89
3.9455783013254404,-19.33218750000003,0,-309.31500000000045,16,78,partnership_disguised_sale,4.953769524892171,0,0.1592,30,3,0,1732,0,0.0,11648,90
3.9090286288410425,-18.846875000000026,0,-301.5500000000004,16,70,partnership_disguised_sale,4.725362300872803,0,0.1584,27,3,0,1732,0,0.0,11776,91
3.8713762890547514,-18.20906250000002,0,-291.3450000000003,16,59,partnership_disguised_sale,4.175203959147136,0,0.1576,15,3,0,1732,0,0.0,11904,92
3.88017350807786,-17.69875000000003,0,-283.18000000000046,16,51,partnership_disguised_sale,3.7373294830322266,0,0.1569,24,3,0,1732,0,0.0,12032,93
3.842431977391243,-18.28968750000001,0,-292.63500000000016,16,60,partnership_disguised_sale,4.212672074635823,0,0.1561,15,3,0,1732,0,0.0,12160,94
3.8862846083939075,-19.047187500000028,0,-304.75500000000045,16,73,partnership_disguised_sale,4.675057729085286,0,0.1553,17,3,0,1732,0,0.0,12288,95
3.9249886944890022,-18.74031250000001,0,-299.84500000000014,16,68,partnership_disguised_sale,4.57721471786499,0,0.1545,24,3,0,1732,0,0.0,12416,96
3.919344464316964,-18.846250000000026,0,-301.5400000000004,16,70,partnership_disguised_sale,4.626625696818034,0,0.1537,11,3,0,1732,0,0.0,12544,97
3.9506443608552217,-18.60125000000002,0,-297.62000000000035,16,66,partnership_disguised_sale,4.3314181963602705,0,0.153,17,3,0,1732,0,0.0,12672,98
3.9489344097673893,-19.324687500000035,0,-309.19500000000056,16,78,partnership_disguised_sale,4.944928328196208,0,0.1522,22,3,0,1732,0,0.0,12800,99
4.151870328933001,-20.48468750000003,0,-327.7550000000005,16,97,partnership_disguised_sale,11.202109018961588,0,0.25,33,4,0,1733,0,0.0,128,0
4.151982754468918,-19.942500000000024,0,-319.0800000000004,16,88,partnership_disguised_sale,9.946173985799154,0,0.2487,30,4,0,1733,0,0.0,256,1
4.150678191334009,-19.83625000000004,0,-317.3800000000006,16,86,partnership_disguised_sale,9.28113842010498,0,0.2475,25,4,0,1733,0,0.0,384,2
4.149704594165087,-20.48687500000004,0,-327.79000000000065,16,97,partnership_disguised_sale,9.487138748168945,0,0.2463,26,4,0,1733,0,0.0,512,3
4.14717436209321,-20.239687500000034,0,-323.83500000000055,16,93,partnership_disguised_sale,8.542794863382975,0,0.245,24,4,0,1733,0,0.0,640,4
4.143085401505232,-20.592500000000026,0,-329.4800000000004,16,98,partnership_disguised_sale,8.64675521850586,0,0.2438,26,4,0,1733,0,0.0,768,5
4.141924500465393,-20.622187500000038,0,-329.9550000000006,16,99,partnership_disguised_sale,8.141525427500406,0,0.2426,31,4,0,1733,0,0.0,896,6
4.139884948730469,-20.00437500000003,0,-320.0700000000005,16,89,partnership_disguised_sale,7.168581644694011,0,0.2414,29,4,0,1733,0,0.0,1024,7
4.138114713132381,-20.489375000000038,0,-327.8300000000006,16,97,partnership_disguised_sale,7.133365472157796,0,0.2402,32,4,0,1733,0,0.0,1152,8
4.131604578346014,-20.487187500000033,0,-327.7950000000005,16,97,partnership_disguised_sale,6.916326363881429,0,0.239,31,4,0,1733,0,0.0,1280,9
4.114732705056667,-20.124375000000025,0,-321.9900000000004,16,91,partnership_disguised_sale,6.264171918233235,0,0.2378,28,4,0,1733,0,0.0,1408,10
4.114313341677189,-20.183125000000032,0,-322.9300000000005,16,92,partnership_disguised_sale,6.217917760213216,0,0.2366,37,4,0,1733,0,0.0,1536,11
4.107960794121027,-20.24250000000005,0,-323.8800000000008,16,93,partnership_disguised_sale,5.971088568369548,0,0.2354,28,4,0,1733,0,0.0,1664,12
4.110265057533979,-20.298125000000038,0,-324.7700000000006,16,94,partnership_disguised_sale,5.965005556742351,0,0.2342,32,4,0,1733,0,0.0,1792,13
4.103730414062738,-20.37375000000004,0,-325.98000000000064,16,95,partnership_disguised_sale,5.80023209253947,0,0.2331,32,4,0,1733,0,0.0,1920,14
4.101944979280233,-20.18500000000003,0,-322.9600000000005,16,92,partnership_disguised_sale,5.754103024800618,0,0.2319,27,4,0,1733,0,0.0,2048,15
4.0970100723207,-19.819375000000026,0,-317.1100000000004,16,86,partnership_disguised_sale,5.448389530181885,0,0.2307,26,4,0,1733,0,0.0,2176,16
4.093352956697345,-19.494375000000034,0,-311.91000000000054,16,81,partnership_disguised_sale,5.163094202677409,0,0.2296,27,4,0,1733,0,0.0,2304,17
4.078353380784392,-19.383125000000025,0,-310.1300000000004,16,79,partnership_disguised_sale,5.1094075838724775,0,0.2284,30,4,0,1733,0,0.0,2432,18
4.086417792364955,-18.92250000000003,18,-302.7600000000005,16,90,partnership_disguised_sale,6.277703603108724,1,0.2273,25,4,0,1733,1,0.0625,2560,19
4.07933447510004,-20.249062500000036,0,-323.9850000000006,16,93,partnership_disguised_sale,5.744269688924153,0,0.2262,23,4,0,1733,0,0.0,2688,20
4.094203544780612,-20.190937500000032,0,-323.0550000000005,16,92,partnership_disguised_sale,5.531112829844157,0,0.225,32,4,0,1733,0,0.0,2816,21
4.100940603762865,-20.416250000000048,0,-326.66000000000076,16,96,partnership_disguised_sale,5.752661228179932,0,0.2239,25,4,0,1733,0,0.0,2944,22
4.106654794886708,-20.175625000000036,0,-322.81000000000057,16,92,partnership_disguised_sale,5.520515441894531,0,0.2228,31,4,0,1733,0,0.0,3072,23
4.111525818705559,-20.108437500000043,0,-321.7350000000007,16,91,partnership_disguised_sale,5.480007807413737,0,0.2217,20,4,0,1733,0,0.0,3200,24
4.113415343686938,-20.601562500000046,0,-329.62500000000074,16,99,partnership_disguised_sale,5.850946108500163,0,0.2206,34,4,0,1733,0,0.0,3328,25
4.100582825019956,-20.30625000000003,0,-324.9000000000005,16,94,partnership_disguised_sale,5.795039176940918,0,0.2195,30,4,0,1733,0,0.0,3456,26
4.076893303543329,-19.874687500000032,0,-317.9950000000005,16,87,partnership_disguised_sale,5.4213487307230634,0,0.2184,25,4,0,1733,0,0.0,3584,27
4.077269660308957,-19.627812500000037,0,-314.0450000000006,16,83,partnership_disguised_sale,5.045993169148763,0,0.2173,31,4,0,1733,0,0.0,3712,28
4.0395667515695095,-19.044687500000027,0,-304.71500000000043,16,73,partnership_disguised_sale,4.7657426198323565,0,0.2162,26,4,0,1733,0,0.0,3840,29
4.011753033846617,-19.574687500000042,0,-313.1950000000007,16,82,partnership_disguised_sale,5.084726492563884,0,0.2151,24,4,0,1733,0,0.0,3968,30
3.9918202701956034,-18.922812500000003,0,-302.76500000000004,16,71,partnership_disguised_sale,4.678682804107666,0,0.214,27,4,0,1733,0,0.0,4096,31
4.013188960030675,-19.75531250000003,0,-316.0850000000005,16,85,partnership_disguised_sale,5.318225701649983,0,0.213,28,4,0,1733,0,0.0,4224,32
4.027029914781451,-19.50218750000002,0,-312.0350000000003,16,81,partnership_disguised_sale,5.217304070790608,0,0.2119,33,4,0,1733,0,0.0,4352,33
4.01708384975791,-19.755937500000037,0,-316.0950000000006,16,85,partnership_disguised_sale,5.235013484954834,0,0.2108,28,4,0,1733,0,0.0,4480,34
3.999106530100107,-19.86906250000004,0,-317.90500000000065,16,87,partnership_disguised_sale,5.284899393717448,0,0.2098,22,4,0,1733,0,0.0,4608,35
4.01736731082201,-20.23968750000004,0,-323.83500000000066,16,93,partnership_disguised_sale,5.753775755564372,0,0.2087,24,4,0,1733,0,0.0,4736,36
3.988747090101242,-19.458750000000027,0,-311.34000000000043,16,80,partnership_disguised_sale,5.194434483846028,0,0.2077,27,4,0,1733,0,0.0,4864,37
4.0046854466199875,-19.573437500000033,0,-313.1750000000005,16,82,partnership_disguised_sale,5.029491901397705,0,0.2066,24,4,0,1733,0,0.0,4992,38
4.009071482345462,-19.75687500000004,0,-316.11000000000064,16,85,partnership_disguised_sale,5.323064645131429,0,0.2056,23,4,0,1733,0,0.0,5120,39
4.013439493253827,-19.32281250000003,0,-309.1650000000005,16,78,partnership_disguised_sale,4.86179796854655,0,0.2046,21,4,0,1733,0,0.0,5248,40
4.027356209233403,-19.931250000000034,0,-318.90000000000055,16,88,partnership_disguised_sale,5.514228343963623,0,0.2036,22,4,0,1733,0,0.0,5376,41
4.036596370860934,-19.45875000000002,0,-311.3400000000003,16,80,partnership_disguised_sale,5.178662935892741,0,0.2025,27,4,0,1733,0,0.0,5504,42
4.0402121637016535,-19.48593750000002,0,-311.7750000000003,16,80,partnership_disguised_sale,5.226667245229085,0,0.2015,28,4,0,1733,0,0.0,5632,43
4.036253038793802,-19.04000000000002,0,-304.6400000000003,16,73,partnership_disguised_sale,4.7055253982543945,0,0.2005,25,4,0,1733,0,0.0,5760,44
4.053076386451721,-19.27156250000003,0,-308.3450000000005,16,77,partnership_disguised_sale,5.023667176564534,0,0.1995,30,4,0,1733,0,0.0,5888,45
4.048926396295428,-19.99468750000004,0,-319.91500000000065,16,89,partnership_disguised_sale,5.391661008199056,0,0.1985,29,4,0,1733,0,0.0,6016,46
4.045699717476964,-19.71375000000002,0,-315.4200000000003,16,84,partnership_disguised_sale,5.310986677805583,0,0.1975,31,4,0,1733,0,0.0,6144,47
4.036237955093384,-19.660937500000028,0,-314.57500000000044,16,83,partnership_disguised_sale,5.258621533711751,0,0.1965,23,4,0,1733,0,0.0,6272,48
4.045462362468243,-19.761875000000035,0,-316.19000000000057,16,85,partnership_disguised_sale,5.367689927419026,0,0.1956,30,4,0,1733,0,0.0,6400,49
4.045960111543536,-19.468125000000025,0,-311.4900000000004,16,80,partnership_disguised_sale,5.232464631398519,0,0.1946,22,4,0,1733,0,0.0,6528,50
4.043105008080602,-19.83468750000003,0,-317.3550000000005,16,86,partnership_disguised_sale,5.367193222045898,0,0.1936,22,4,0,1733,0,0.0,6656,51
4.054516438394785,-20.135000000000037,0,-322.1600000000006,16,91,partnership_disguised_sale,5.678986549377441,0,0.1926,27,4,0,1733,0,0.0,6784,52
4.068344295024872,-19.585937500000025,0,-313.3750000000004,16,82,partnership_disguised_sale,5.25700569152832,0,0.1917,24,4,0,1733,0,0.0,6912,53
4.066248659044504,-20.370625000000036,0,-325.9300000000006,16,95,partnership_disguised_sale,5.7313845952351885,0,0.1907,26,4,0,1733,0,0.0,7040,54
4.083839692175388,-19.383750000000035,0,-310.14000000000055,16,79,partnership_disguised_sale,5.0352889696757,0,0.1898,32,4,0,1733,0,0.0,7168,55
4.07889972999692,-19.99843750000003,0,-319.9750000000005,16,89,partnership_disguised_sale,5.504727999369304,0,0.1888,18,4,0,1733,0,0.0,7296,56
4.094728726893663,-19.770000000000028,0,-316.32000000000045,16,85,partnership_disguised_sale,5.270644664764404,0,0.1879,27,4,0,1733,0,0.0,7424,57
4.101880557835102,-20.132500000000036,0,-322.1200000000006,16,91,partnership_disguised_sale,5.446205298105876,0,0.1869,27,4,0,1733,0,0.0,7552,58
4.097136352211237,-20.125625000000035,0,-322.01000000000056,16,91,partnership_disguised_sale,5.494047959645589,0,0.186,18,4,0,1733,0,0.0,7680,59
4.0876718908548355,-20.365312500000034,0,-325.84500000000054,16,95,partnership_disguised_sale,5.86242691675822,0,0.1851,20,4,0,1733,0,0.0,7808,60
4.073739118874073,-20.35312500000004,0,-325.65000000000066,16,95,partnership_disguised_sale,5.683094660441081,0,0.1841,22,4,0,1733,0,0.0,7936,61
4.079935807734728,-19.951562500000026,0,-319.2250000000004,16,88,partnership_disguised_sale,5.478846391042073,0,0.1832,25,4,0,1733,0,0.0,8064,62
4.078033834695816,-19.20250000000003,0,-307.24000000000046,16,76,partnership_disguised_sale,5.034765879313151,0,0.1823,21,4,0,1733,0,0.0,8192,63
4.069291435182095,-19.81656250000003,0,-317.06500000000045,16,86,partnership_disguised_sale,5.255988438924153,0,0.1814,20,4,0,1733,0,0.0,8320,64
4.067988932132721,-19.50843750000003,0,-312.1350000000005,16,81,partnership_disguised_sale,5.124034245808919,0,0.1805,19,4,0,1733,0,0.0,8448,65
4.064892619848251,-19.57562500000003,0,-313.2100000000005,16,82,partnership_disguised_sale,5.1566853523254395,0,0.1796,22,4,0,1733,0,0.0,8576,66
4.06422520801425,-19.578125000000032,0,-313.2500000000005,16,82,partnership_disguised_sale,5.221846262613933,0,0.1787,24,4,0,1733,0,0.0,8704,67
4.050274018198252,-20.002500000000033,0,-320.04000000000053,16,89,partnership_disguised_sale,5.570484161376953,0,0.1778,21,4,0,1733,0,0.0,8832,68
4.058974254876375,-19.87468750000004,0,-317.99500000000063,16,87,partnership_disguised_sale,5.327816963195801,0,0.1769,26,4,0,1733,0,0.0,8960,69
4.057987611740828,-19.990000000000038,0,-319.8400000000006,16,89,partnership_disguised_sale,5.441987832387288,0,0.176,20,4,0,1733,0,0.0,9088,70
4.061374198645353,-19.919687500000038,0,-318.7150000000006,16,88,partnership_disguised_sale,5.33563216527303,0,0.1751,23,4,0,1733,0,0.0,9216,71
4.072072222828865,-19.454062500000028,0,-311.26500000000044,16,80,partnership_disguised_sale,5.0829399426778155,0,0.1743,21,4,0,1733,0,0.0,9344,72
4.08185051381588,-19.876250000000038,0,-318.0200000000006,16,87,partnership_disguised_sale,5.419625123341878,0,0.1734,22,4,0,1733,0,0.0,9472,73
4.095151461660862,-19.747500000000024,0,-315.9600000000004,16,85,partnership_disguised_sale,5.268014589945476,0,0.1725,28,4,0,1733,0,0.0,9600,74
4.096505347639322,-19.87343750000003,0,-317.9750000000005,16,87,partnership_disguised_sale,5.499076048533122,0,0.1717,26,4,0,1733,0,0.0,9728,75
4.1014351062476635,-19.81312500000003,0,-317.0100000000005,16,86,partnership_disguised_sale,5.271040757497151,0,0.1708,30,4,0,1733,0,0.0,9856,76
4.1039831936359406,-19.74656250000004,0,-315.9450000000006,16,85,partnership_disguised_sale,5.2422332763671875,0,0.1699,28,4,0,1733,0,0.0,9984,77
4.099685654044151,-19.805625000000042,0,-316.89000000000067,16,86,partnership_disguised_sale,5.360567092895508,0,0.1691,18,4,0,1733,0,0.0,10112,78
4.10704205930233,-20.042187500000043,0,-320.6750000000007,16,90,partnership_disguised_sale,5.492544809977214,0,0.1683,27,4,0,1733,0,0.0,10240,79
4.087987435981631,-19.63000000000003,0,-314.0800000000005,16,83,partnership_disguised_sale,5.2136789957682295,0,0.1674,17,4,0,1733,0,0.0,10368,80
4.085766265168786,-19.69718750000003,0,-315.1550000000005,16,84,partnership_disguised_sale,5.279033660888672,0,0.1666,20,4,0,1733,0,0.0,10496,81
4.092336283996701,-20.182500000000026,0,-322.9200000000004,16,92,partnership_disguised_sale,5.632716814676921,0,0.1657,21,4,0,1733,0,0.0,10624,82
4.086813477799296,-18.495312500000033,18,-295.9250000000005,16,83,partnership_disguised_sale,5.854363600413005,1,0.1649,24,4,0,1733,1,0.0625,10752,83
4.092990139499307,-20.420937500000043,0,-326.7350000000007,16,96,partnership_disguised_sale,5.769922097524007,0,0.1641,20,4,0,1733,0,0.0,10880,84
4.073223143815994,-20.05125000000004,0,-320.8200000000006,16,90,partnership_disguised_sale,5.534899870554606,0,0.1633,25,4,0,1733,0,0.0,11008,85
4.053094862028956,-19.80781250000003,0,-316.92500000000047,16,86,partnership_disguised_sale,5.265512466430664,0,0.1625,21,4,0,1733,0,0.0,11136,86
4.048534417524934,-19.768750000000022,0,-316.30000000000035,16,85,partnership_disguised_sale,5.305038134256999,0,0.1616,22,4,0,1733,0,0.0,11264,87
4.017774559557438,-19.274062500000028,0,-308.38500000000045,16,77,partnership_disguised_sale,4.926606019337972,0,0.1608,15,4,0,1733,0,0.0,11392,88
4.049590127542615,-20.04843750000004,0,-320.77500000000066,16,90,partnership_disguised_sale,5.5885365804036455,0,0.16,21,4,0,1733,0,0.0,11520,89
4.05401941947639,-19.44375000000003,0,-311.1000000000005,16,80,partnership_disguised_sale,5.028880596160889,0,0.1592,14,4,0,1733,0,0.0,11648,90
4.078991020098329,-18.877812500000026,10,-302.0450000000004,16,81,partnership_disguised_sale,5.142247676849365,1,0.1584,20,4,0,1733,0,0.0,11776,91
4.08297193236649,-19.383437500000028,0,-310.13500000000045,16,79,partnership_disguised_sale,5.0861124992370605,0,0.1576,23,4,0,1733,0,0.0,11904,92
4.071742758154869,-20.178437500000037,0,-322.8550000000006,16,92,partnership_disguised_sale,5.740193049112956,0,0.1569,13,4,0,1733,0,0.0,12032,93
4.082366451621056,-20.26687500000003,0,-324.2700000000005,16,93,partnership_disguised_sale,5.7984185218811035,0,0.1561,26,4,0,1733,0,0.0,12160,94
4.0828507747501135,-18.21031250000002,20,-291.3650000000003,16,80,partnership_disguised_sale,5.991771697998047,1,0.1553,21,4,0,1733,1,0.0625,12288,95
4.046553421765566,-19.55031250000004,0,-312.80500000000063,16,82,partnership_disguised_sale,5.085875829060872,0,0.1545,15,4,0,1733,0,0.0,12416,96
4.051644528284669,-20.36031250000004,0,-325.7650000000006,16,95,partnership_disguised_sale,5.630703608194987,0,0.1537,14,4,0,1733,0,0.0,12544,97
4.040127603337169,-20.292812500000046,0,-324.68500000000074,16,94,partnership_disguised_sale,5.6156026522318525,0,0.153,22,4,0,1733,0,0.0,12672,98
4.03594758734107,-19.737187500000037,0,-315.7950000000006,16,85,partnership_disguised_sale,5.205182870229085,0,0.1522,29,4,0,1733,0,0.0,12800,99
4.157575510442257,-20.313437500000024,0,-325.0150000000004,16,94,partnership_disguised_sale,11.255709330240885,0,0.25,31,5,0,1734,0,0.0,128,0
4.1575168296694756,-20.179687500000036,0,-322.87500000000057,16,92,partnership_disguised_sale,10.392417907714844,0,0.2487,35,5,0,1734,0,0.0,256,1
4.157009493559599,-20.61187500000004,0,-329.79000000000065,16,99,partnership_disguised_sale,10.383989651997885,0,0.2475,37,5,0,1734,0,0.0,384,2
4.1559199169278145,-20.131250000000037,0,-322.1000000000006,16,91,partnership_disguised_sale,9.350735982259115,0,0.2463,27,5,0,1734,0,0.0,512,3
4.155897788703442,-20.481250000000035,0,-327.70000000000056,16,97,partnership_disguised_sale,8.997897148132324,0,0.245,41,5,0,1734,0,0.0,640,4
4.154126517474651,-20.550625000000043,0,-328.8100000000007,16,98,partnership_disguised_sale,8.44033145904541,0,0.2438,30,5,0,1734,0,0.0,768,5
4.153166454285383,-20.120937500000036,0,-321.93500000000057,16,91,partnership_disguised_sale,7.512921174367269,0,0.2426,32,5,0,1734,0,0.0,896,6
4.151298500597477,-20.663750000000043,0,-330.6200000000007,16,100,partnership_disguised_sale,7.609115918477376,0,0.2414,36,5,0,1734,0,0.0,1024,7
4.147193752229214,-20.90562500000005,0,-334.4900000000008,16,104,partnership_disguised_sale,7.54819393157959,0,0.2402,19,5,0,1734,0,0.0,1152,8
4.14477014914155,-19.98656250000004,0,-319.78500000000065,16,89,partnership_disguised_sale,6.283199787139893,0,0.239,34,5,0,1734,0,0.0,1280,9
4.140955585986376,-20.726875000000046,0,-331.63000000000073,16,101,partnership_disguised_sale,6.626782417297363,0,0.2378,30,5,0,1734,0,0.0,1408,10
4.137848544865847,-19.88625000000003,0,-318.18000000000046,16,87,partnership_disguised_sale,5.8557125727335615,0,0.2366,26,5,0,1734,0,0.0,1536,11
4.132494494318962,-20.600312500000044,0,-329.6050000000007,16,99,partnership_disguised_sale,6.1783552169799805,0,0.2354,22,5,0,1734,0,0.0,1664,12
4.1271265633404255,-20.54281250000004,0,-328.6850000000006,16,98,partnership_disguised_sale,6.127414226531982,0,0.2342,32,5,0,1734,0,0.0,1792,13
4.1114856116473675,-20.656875000000046,0,-330.51000000000073,16,100,partnership_disguised_sale,6.036438941955566,0,0.2331,29,5,0,1734,0,0.0,1920,14
4.09391400590539,-19.924062500000034,0,-318.78500000000054,16,88,partnership_disguised_sale,5.541397571563721,0,0.2319,24,5,0,1734,0,0.0,2048,15
4.082666877657175,-20.305625000000035,0,-324.89000000000055,16,94,partnership_disguised_sale,5.764248371124268,0,0.2307,28,5,0,1734,0,0.0,2176,16
4.067251347005367,-19.94968750000002,0,-319.19500000000033,16,88,partnership_disguised_sale,5.553843975067139,0,0.2296,34,5,0,1734,0,0.0,2304,17
4.063787557184696,-20.05250000000004,0,-320.84000000000066,16,90,partnership_disguised_sale,5.576690038045247,0,0.2284,26,5,0,1734,0,0.0,2432,18
4.081391582265496,-19.891875000000034,0,-318.27000000000055,16,87,partnership_disguised_sale,5.474358717600505,0,0.2273,32,5,0,1734,0,0.0,2560,19
4.101911149919033,-20.10468750000004,0,-321.67500000000064,16,91,partnership_disguised_sale,5.519246737162272,0,0.2262,27,5,0,1734,0,0.0,2688,20
4.109743136912584,-19.683125000000032,0,-314.9300000000005,16,84,partnership_disguised_sale,5.2554653485616045,0,0.225,29,5,0,1734,0,0.0,2816,21
4.111673455685377,-20.05156250000003,0,-320.8250000000005,16,90,partnership_disguised_sale,5.540963808695476,0,0.2239,29,5,0,1734,0,0.0,2944,22
4.104662299156189,-20.418125000000035,0,-326.69000000000057,16,96,partnership_disguised_sale,5.811590512593587,0,0.2228,26,5,0,1734,0,0.0,3072,23
4.096024088561535,-20.290937500000037,0,-324.6550000000006,16,94,partnership_disguised_sale,5.696058909098308,0,0.2217,40,5,0,1734,0,0.0,3200,24
4.07699304074049,-19.761875000000032,0,-316.1900000000005,16,85,partnership_disguised_sale,5.287435690561931,0,0.2206,31,5,0,1734,0,0.0,3328,25
4.075083684176207,-19.879687500000028,0,-318.07500000000044,16,87,partnership_disguised_sale,5.402608076731364,0,0.2195,29,5,0,1734,0,0.0,3456,26
4.07908665202558,-20.24312500000003,0,-323.8900000000005,16,93,partnership_disguised_sale,5.676453113555908,0,0.2184,33,5,0,1734,0,0.0,3584,27
4.069524755701423,-19.931250000000023,0,-318.9000000000004,16,88,partnership_disguised_sale,5.484579722086589,0,0.2173,29,5,0,1734,0,0.0,3712,28
4.081990718841553,-20.182812500000036,0,-322.9250000000006,16,92,partnership_disguised_sale,5.739677270253499,0,0.2162,32,5,0,1734,0,0.0,3840,29
4.0752179473638535,-19.348125000000028,0,-309.57000000000045,16,78,partnership_disguised_sale,5.029973824818929,0,0.2151,22,5,0,1734,0,0.0,3968,30
4.078849170356989,-20.065000000000033,0,-321.04000000000053,16,90,partnership_disguised_sale,5.54794184366862,0,0.214,31,5,0,1734,0,0.0,4096,31
4.079429283738136,-20.119062500000037,0,-321.9050000000006,16,91,partnership_disguised_sale,5.658580621083577,0,0.213,28,5,0,1734,0,0.0,4224,32
4.08562121540308,-19.19906250000002,0,-307.18500000000034,16,76,partnership_disguised_sale,4.8869954744974775,0,0.2119,35,5,0,1734,0,0.0,4352,33
4.0865711979568005,-20.17812500000004,0,-322.85000000000065,16,92,partnership_disguised_sale,5.574565092722575,0,0.2108,28,5,0,1734,0,0.0,4480,34
4.084177553653717,-19.826250000000034,0,-317.22000000000054,16,86,partnership_disguised_sale,5.271479765574138,0,0.2098,24,5,0,1734,0,0.0,4608,35
4.0767624750733376,-19.33093750000003,0,-309.29500000000047,16,78,partnership_disguised_sale,4.894510587056478,0,0.2087,22,5,0,1734,0,0.0,4736,36
4.069365918636322,-19.708125000000027,0,-315.33000000000044,16,84,partnership_disguised_sale,5.200775941212972,0,0.2077,27,5,0,1734,0,0.0,4864,37
4.054690133780241,-19.571250000000028,0,-313.14000000000044,16,82,partnership_disguised_sale,5.076146125793457,0,0.2066,22,5,0,1734,0,0.0,4992,38
4.044093685224652,-19.631875000000033,0,-314.1100000000005,16,83,partnership_disguised_sale,5.169414043426514,0,0.2056,26,5,0,1734,0,0.0,5120,39
4.03435686416924,-19.74656250000004,0,-315.9450000000006,16,85,partnership_disguised_sale,5.295674482981364,0,0.2046,19,5,0,1734,0,0.0,5248,40
4.032832004129887,-19.897187500000033,0,-318.35500000000053,16,87,partnership_disguised_sale,5.458169778188069,0,0.2036,29,5,0,1734,0,0.0,5376,41
4.0048878360539675,-18.02812500000003,20,-288.4500000000005,16,77,partnership_disguised_sale,6.125628630320231,1,0.2025,18,5,0,1734,1,0.0625,5504,42
4.029904168099165,-19.638125000000034,0,-314.21000000000055,16,83,partnership_disguised_sale,4.991394996643066,0,0.2015,28,5,0,1734,0,0.0,5632,43
4.022578030824661,-19.996562500000035,0,-319.94500000000056,16,89,partnership_disguised_sale,5.290410200754802,0,0.2005,20,5,0,1734,0,0.0,5760,44
4.032843807712197,-19.470937500000023,0,-311.53500000000037,16,80,partnership_disguised_sale,5.043527603149414,0,0.1995,27,5,0,1734,0,0.0,5888,45
4.0351366233080626,-19.537187500000027,0,-312.5950000000004,16,81,partnership_disguised_sale,5.100540955861409,0,0.1985,25,5,0,1734,0,0.0,6016,46
4.051863070577383,-19.01812500000003,0,-304.2900000000005,16,73,partnership_disguised_sale,4.716926097869873,0,0.1975,31,5,0,1734,0,0.0,6144,47
4.020546346902847,-19.123437500000026,0,-305.9750000000004,16,74,partnership_disguised_sale,4.8329668045043945,0,0.1965,19,5,0,1734,0,0.0,6272,48
4.024706192314625,-19.390000000000025,0,-310.2400000000004,16,79,partnership_disguised_sale,5.081658999125163,0,0.1956,28,5,0,1734,0,0.0,6400,49
4.010967578738928,-20.24500000000003,0,-323.92000000000047,16,93,partnership_disguised_sale,5.715905507405599,0,0.1946,33,5,0,1734,0,0.0,6528,50
3.994403872638941,-19.41906250000003,0,-310.7050000000005,16,79,partnership_disguised_sale,5.226585865020752,0,0.1936,21,5,0,1734,0,0.0,6656,51
3.9814514257013798,-18.841250000000024,0,-301.4600000000004,16,70,partnership_disguised_sale,4.547050317128499,0,0.1926,18,5,0,1734,0,0.0,6784,52
3.979513954371214,-19.263437500000038,0,-308.2150000000006,16,77,partnership_disguised_sale,4.888050556182861,0,0.1917,21,5,0,1734,0,0.0,6912,53
3.9455100912600756,-19.413750000000025,0,-310.6200000000004,16,79,partnership_disguised_sale,5.092064539591472,0,0.1907,25,5,0,1734,0,0.0,7040,54
3.9559083972126245,-19.518750000000026,0,-312.3000000000004,16,81,partnership_disguised_sale,5.122361342112224,0,0.1898,31,5,0,1734,0,0.0,7168,55
3.9274809900671244,-19.290937500000013,0,-308.6550000000002,16,77,partnership_disguised_sale,4.923880259195964,0,0.1888,21,5,0,1734,0,0.0,7296,56
3.9336523842066526,-19.31343750000002,0,-309.0150000000003,16,77,partnership_disguised_sale,5.068319638570149,0,0.1879,29,5,0,1734,0,0.0,7424,57
3.9347403198480606,-18.87031250000001,0,-301.9250000000002,16,70,partnership_disguised_sale,4.743391672770183,0,0.1869,22,5,0,1734,0,0.0,7552,58
3.9367499742656946,-19.17375000000002,0,-306.7800000000003,16,75,partnership_disguised_sale,4.849875291188558,0,0.186,20,5,0,1734,0,0.0,7680,59
3.9510563295334578,-18.732812500000023,0,-299.72500000000036,16,68,partnership_disguised_sale,4.590332667032878,0,0.1851,20,5,0,1734,0,0.0,7808,60
3.9840830247849226,-19.34875000000002,0,-309.5800000000003,16,78,partnership_disguised_sale,5.13449764251709,0,0.1841,26,5,0,1734,0,0.0,7936,61
3.987679610028863,-19.769687500000025,0,-316.3150000000004,16,85,partnership_disguised_sale,5.286510308583577,0,0.1832,21,5,0,1734,0,0.0,8064,62
4.0111289620399475,-19.341562500000027,0,-309.46500000000043,16,78,partnership_disguised_sale,5.003938357035319,0,0.1823,22,5,0,1734,0,0.0,8192,63
4.0199005380272865,-19.275312500000016,0,-308.40500000000026,16,77,partnership_disguised_sale,4.841780821482341,0,0.1814,24,5,0,1734,0,0.0,8320,64
4.039574617519975,-18.685312500000013,0,-298.9650000000002,16,67,partnership_disguised_sale,4.621994495391846,0,0.1805,31,5,0,1734,0,0.0,8448,65
4.02130313962698,-19.94187500000003,0,-319.0700000000005,16,88,partnership_disguised_sale,5.500674724578857,0,0.1796,18,5,0,1734,0,0.0,8576,66
4.044610673561692,-18.49625000000003,0,-295.94000000000045,16,64,partnership_disguised_sale,4.4038496017456055,0,0.1787,20,5,0,1734,0,0.0,8704,67
4.059383301064372,-19.18062500000003,0,-306.8900000000005,16,75,partnership_disguised_sale,4.875808874766032,0,0.1778,20,5,0,1734,0,0.0,8832,68
4.059035440906882,-18.967187500000026,0,-303.4750000000004,16,72,partnership_disguised_sale,4.735519727071126,0,0.1769,19,5,0,1734,0,0.0,8960,69
4.066699706017971,-18.400312500000016,18,-294.40500000000026,16,81,partnership_disguised_sale,5.99597692489624,1,0.176,27,5,0,1734,1,0.0625,9088,70
4.074407063424587,-19.028125000000017,0,-304.4500000000003,16,73,partnership_disguised_sale,4.764435450236003,0,0.1751,29,5,0,1734,0,0.0,9216,71
4.063646357506514,-19.525937500000033,0,-312.41500000000053,16,81,partnership_disguised_sale,5.119688669840495,0,0.1743,24,5,0,1734,0,0.0,9344,72
4.054267302155495,-18.86156250000002,0,-301.7850000000003,16,70,partnership_disguised_sale,4.637698173522949,0,0.1734,15,5,0,1734,0,0.0,9472,73
4.05818978138268,-19.39687500000002,0,-310.3500000000003,16,79,partnership_disguised_sale,4.978571097056071,0,0.1725,23,5,0,1734,0,0.0,9600,74
4.061881747096777,-19.407500000000027,0,-310.52000000000044,16,79,partnership_disguised_sale,5.192087968190511,0,0.1717,22,5,0,1734,0,0.0,9728,75
4.066873444244266,-20.007500000000032,0,-320.1200000000005,16,89,partnership_disguised_sale,5.397693475087483,0,0.1708,24,5,0,1734,0,0.0,9856,76
4.071627162396908,-19.757812500000018,0,-316.1250000000003,16,85,partnership_disguised_sale,5.130416711171468,0,0.1699,25,5,0,1734,0,0.0,9984,77
4.074774332344532,-19.57750000000003,0,-313.24000000000046,16,82,partnership_disguised_sale,5.090572198232015,0,0.1691,19,5,0,1734,0,0.0,10112,78
4.076484391465783,-19.67875000000003,0,-314.86000000000047,16,84,partnership_disguised_sale,5.372178554534912,0,0.1683,21,5,0,1734,0,0.0,10240,79
4.059276591986418,-19.34406250000003,0,-309.5050000000005,16,78,partnership_disguised_sale,4.951465129852295,0,0.1674,18,5,0,1734,0,0.0,10368,80
4.060792742297053,-19.866875000000032,0,-317.8700000000005,16,87,partnership_disguised_sale,5.3883053461710615,0,0.1666,20,5,0,1734,0,0.0,10496,81
4.049271756783128,-19.559062500000035,0,-312.94500000000056,16,82,partnership_disguised_sale,5.135370095570882,0,0.1657,19,5,0,1734,0,0.0,10624,82
4.024803951382637,-18.969687500000024,0,-303.5150000000004,16,72,partnership_disguised_sale,4.572587649027507,0,0.1649,14,5,0,1734,0,0.0,10752,83
4.020261937752366,-19.003750000000036,8,-304.06000000000057,16,81,partnership_disguised_sale,4.93433141708374,1,0.1641,17,5,0,1734,0,0.0,10880,84
4.014391148462892,-18.84718750000003,0,-301.55500000000046,16,70,partnership_disguised_sale,4.722232182820638,0,0.1633,21,5,0,1734,0,0.0,11008,85
4.006154118105769,-18.373125000000012,0,-293.9700000000002,16,62,partnership_disguised_sale,4.292622248331706,0,0.1625,24,5,0,1734,0,0.0,11136,86
4.00704850256443,-19.434062500000024,0,-310.9450000000004,16,80,partnership_disguised_sale,5.079683144887288,0,0.1616,28,5,0,1734,0,0.0,11264,87
4.0037794057279825,-19.090625000000028,0,-305.45000000000044,16,74,partnership_disguised_sale,4.693138122558594,0,0.1608,28,5,0,1734,0,0.0,11392,88
3.976407963782549,-19.14250000000003,0,-306.2800000000005,16,75,partnership_disguised_sale,4.729562759399414,0,0.16,12,5,0,1734,0,0.0,11520,89
3.981229119002819,-18.78906250000002,0,-300.62500000000034,16,69,partnership_disguised_sale,4.590859731038411,0,0.1592,20,5,0,1734,0,0.0,11648,90
3.975699596107006,-18.48843750000002,0,-295.81500000000034,16,64,partnership_disguised_sale,4.4502059618632,0,0.1584,24,5,0,1734,0,0.0,11776,91
3.978891395032406,-18.664375000000017,0,-298.6300000000003,16,67,partnership_disguised_sale,4.589547793070476,0,0.1576,22,5,0,1734,0,0.0,11904,92
3.9695134479552507,-19.228437500000027,0,-307.6550000000004,16,76,partnership_disguised_sale,5.018235365549724,0,0.1569,18,5,0,1734,0,0.0,12032,93
4.004732694476843,-19.215312500000017,0,-307.4450000000003,16,76,partnership_disguised_sale,4.900501092274983,0,0.1561,20,5,0,1734,0,0.0,12160,94
4.007935043424368,-19.751562500000023,0,-316.0250000000004,16,85,partnership_disguised_sale,5.3360209465026855,0,0.1553,17,5,0,1734,0,0.0,12288,95
4.003256430849433,-18.671562500000014,0,-298.74500000000023,16,67,partnership_disguised_sale,4.511377493540446,0,0.1545,18,5,0,1734,0,0.0,12416,96
4.001096349209547,-19.65625000000003,0,-314.50000000000045,16,83,partnership_disguised_sale,5.279946645100911,0,0.1537,20,5,0,1734,0,0.0,12544,97
3.9889063742011786,-19.082812500000024,0,-305.3250000000004,16,74,partnership_disguised_sale,4.856837272644043,0,0.153,14,5,0,1734,0,0.0,12672,98
3.9885175842791796,-19.508125000000025,0,-312.1300000000004,16,81,partnership_disguised_sale,5.185078461964925,0,0.1522,17,5,0,1734,0,0.0,12800,99
4.157121028751135,-20.614375000000035,0,-329.83000000000055,16,99,partnership_disguised_sale,11.529210408528646,0,0.25,37,6,0,1735,0,0.0,128,0
4.156721372157335,-20.42937500000004,0,-326.87000000000063,16,96,partnership_disguised_sale,10.766416549682617,0,0.2487,23,6,0,1735,0,0.0,256,1
4.155888929963112,-20.48562500000003,0,-327.7700000000005,16,97,partnership_disguised_sale,10.331341743469238,0,0.2475,28,6,0,1735,0,0.0,384,2
4.154911249876022,-20.364375000000035,0,-325.83000000000055,16,95,partnership_disguised_sale,9.455764134724935,0,0.2463,31,6,0,1735,0,0.0,512,3
4.152580015361309,-20.553437500000033,0,-328.85500000000053,16,98,partnership_disguised_sale,9.165419578552246,0,0.245,28,6,0,1735,0,0.0,640,4
4.1517727598547935,-20.868750000000045,0,-333.9000000000007,16,103,partnership_disguised_sale,8.997813860575357,0,0.2438,34,6,0,1735,0,0.0,768,5
4.150948163121939,-20.664375000000046,0,-330.63000000000073,16,100,partnership_disguised_sale,8.513189951578775,0,0.2426,27,6,0,1735,0,0.0,896,6
4.151089139282703,-20.68281250000003,0,-330.92500000000047,16,100,partnership_disguised_sale,7.914708614349365,0,0.2414,44,6,0,1735,0,0.0,1024,7
4.146572779864073,-20.364375000000035,0,-325.83000000000055,16,95,partnership_disguised_sale,7.168170928955078,0,0.2402,30,6,0,1735,0,0.0,1152,8
4.142046231776476,-20.194687500000025,0,-323.1150000000004,16,92,partnership_disguised_sale,6.621642589569092,0,0.239,29,6,0,1735,0,0.0,1280,9
4.139417104423046,-20.11031250000004,0,-321.7650000000006,16,91,partnership_disguised_sale,6.282066980997722,0,0.2378,23,6,0,1735,0,0.0,1408,10
4.13596211373806,-20.192187500000042,0,-323.07500000000067,16,92,partnership_disguised_sale,6.176802635192871,0,0.2366,41,6,0,1735,0,0.0,1536,11
4.129771791398525,-20.119062500000037,0,-321.9050000000006,16,91,partnership_disguised_sale,5.922445615132649,0,0.2354,32,6,0,1735,0,0.0,1664,12
4.130731727927923,-20.178125000000026,0,-322.8500000000004,16,92,partnership_disguised_sale,5.811410903930664,0,0.2342,30,6,0,1735,0,0.0,1792,13
4.131494332104921,-20.300000000000036,0,-324.8000000000006,16,94,partnership_disguised_sale,5.691756407419841,0,0.2331,23,6,0,1735,0,0.0,1920,14
4.127299681305885,-20.008125000000028,0,-320.13000000000045,16,89,partnership_disguised_sale,5.487631638844808,0,0.2319,39,6,0,1735,0,0.0,2048,15
4.122333463281393,-20.328437500000025,0,-325.2550000000004,16,94,partnership_disguised_sale,5.797173182169597,0,0.2307,32,6,0,1735,0,0.0,2176,16
4.121790107339621,-20.41843750000004,0,-326.6950000000006,16,96,partnership_disguised_sale,5.706872463226318,0,0.2296,25,6,0,1735,0,0.0,2304,17
4.113523900508881,-20.18781250000003,0,-323.0050000000005,16,92,partnership_disguised_sale,5.655094146728516,0,0.2284,31,6,0,1735,0,0.0,2432,18
4.108978249132633,-19.936250000000033,0,-318.98000000000053,16,88,partnership_disguised_sale,5.35262664159139,0,0.2273,32,6,0,1735,0,0.0,2560,19
4.098033733665943,-19.68625000000003,0,-314.9800000000005,16,84,partnership_disguised_sale,5.213233629862468,0,0.2262,23,6,0,1735,0,0.0,2688,20
4.079940624535084,-19.74500000000003,0,-315.92000000000047,16,85,partnership_disguised_sale,5.374059995015462,0,0.225,23,6,0,1735,0,0.0,2816,21
4.06973603926599,-20.23781250000003,0,-323.80500000000046,16,93,partnership_disguised_sale,5.693219979604085,0,0.2239,29,6,0,1735,0,0.0,2944,22
4.051512535661459,-19.817500000000038,0,-317.0800000000006,16,86,partnership_disguised_sale,5.432301839192708,0,0.2228,23,6,0,1735,0,0.0,3072,23
4.037508133798838,-19.676562500000035,0,-314.82500000000056,16,84,partnership_disguised_sale,5.3058139483133955,0,0.2217,24,6,0,1735,0,0.0,3200,24
4.019416010007262,-19.679375000000036,0,-314.8700000000006,16,84,partnership_disguised_sale,5.315207640329997,0,0.2206,27,6,0,1735,0,0.0,3328,25
3.9748719055205584,-19.809062500000035,0,-316.94500000000056,16,86,partnership_disguised_sale,5.3609574635823565,0,0.2195,21,6,0,1735,0,0.0,3456,26
3.9648910854011774,-19.212500000000034,0,-307.40000000000055,16,76,partnership_disguised_sale,4.846094290415446,0,0.2184,30,6,0,1735,0,0.0,3584,27
3.94786436855793,-19.14468750000002,0,-306.31500000000034,16,75,partnership_disguised_sale,4.8949432373046875,0,0.2173,23,6,0,1735,0,0.0,3712,28
3.970854790881276,-19.684375000000028,0,-314.95000000000044,16,84,partnership_disguised_sale,5.315046787261963,0,0.2162,23,6,0,1735,0,0.0,3840,29
3.9471159167587757,-19.88843750000003,0,-318.2150000000005,16,87,partnership_disguised_sale,5.299948851267497,0,0.2151,18,6,0,1735,0,0.0,3968,30
3.957457587122917,-19.446875000000023,0,-311.1500000000004,16,80,partnership_disguised_sale,5.101373354593913,0,0.214,26,6,0,1735,0,0.0,4096,31
3.937474863603711,-19.206250000000026,0,-307.3000000000004,16,76,partnership_disguised_sale,4.893080234527588,0,0.213,32,6,0,1735,0,0.0,4224,32
3.9435045290738344,-19.170312500000016,0,-306.72500000000025,16,75,partnership_disguised_sale,4.852252960205078,0,0.2119,28,6,0,1735,0,0.0,4352,33
3.9634263310581446,-19.35093750000001,0,-309.6150000000002,16,78,partnership_disguised_sale,4.966543356577556,0,0.2108,29,6,0,1735,0,0.0,4480,34
3.9731646962463856,-19.325625000000024,0,-309.2100000000004,16,78,partnership_disguised_sale,5.030373891194661,0,0.2098,30,6,0,1735,0,0.0,4608,35
3.9765693191438913,-19.192500000000027,0,-307.08000000000044,16,76,partnership_disguised_sale,4.8634575208028155,0,0.2087,29,6,0,1735,0,0.0,4736,36
3.9641977064311504,-19.14093750000003,0,-306.2550000000005,16,75,partnership_disguised_sale,4.840097268422444,0,0.2077,31,6,0,1735,0,0.0,4864,37
3.9744568821042776,-19.385312500000033,0,-310.16500000000053,16,79,partnership_disguised_sale,4.975307464599609,0,0.2066,23,6,0,1735,0,0.0,4992,38
3.9707812052220106,-19.273125000000025,0,-308.3700000000004,16,77,partnership_disguised_sale,5.064891338348389,0,0.2056,21,6,0,1735,0,0.0,5120,39
3.986649787053466,-19.498750000000033,0,-311.98000000000053,16,81,partnership_disguised_sale,5.083452860514323,0,0.2046,23,6,0,1735,0,0.0,5248,40
3.986856495961547,-19.88406250000003,0,-318.1450000000005,16,87,partnership_disguised_sale,5.3426744143168134,0,0.2036,27,6,0,1735,0,0.0,5376,41
3.9853966254740953,-18.78750000000002,0,-300.6000000000003,16,69,partnership_disguised_sale,4.385510126749675,0,0.2025,33,6,0,1735,0,0.0,5504,42
3.972018549218774,-19.76625000000002,0,-316.26000000000033,16,85,partnership_disguised_sale,5.307178815205892,0,0.2015,28,6,0,1735,0,0.0,5632,43
3.9477465879172087,-19.319687500000025,0,-309.1150000000004,16,78,partnership_disguised_sale,4.8604404131571455,0,0.2005,25,6,0,1735,0,0.0,5760,44
3.9457747619599104,-18.468750000000032,0,-295.5000000000005,16,64,partnership_disguised_sale,4.366220156351726,0,0.1995,22,6,0,1735,0,0.0,5888,45
3.942260228097439,-18.837187500000027,0,-301.39500000000044,16,70,partnership_disguised_sale,4.762376626332601,0,0.1985,30,6,0,1735,0,0.0,6016,46
3.9298361148685217,-19.03500000000003,0,-304.56000000000046,16,73,partnership_disguised_sale,4.770422140757243,0,0.1975,25,6,0,1735,0,0.0,6144,47
3.9250530023127794,-19.641875000000024,0,-314.2700000000004,16,83,partnership_disguised_sale,5.249627749125163,0,0.1965,27,6,0,1735,0,0.0,6272,48
3.9099761713296175,-19.165312500000034,0,-306.64500000000055,16,75,partnership_disguised_sale,4.975888093312581,0,0.1956,30,6,0,1735,0,0.0,6400,49
3.9285295493900776,-18.63281250000003,0,-298.12500000000045,16,66,partnership_disguised_sale,4.444912751515706,0,0.1946,25,6,0,1735,0,0.0,6528,50
3.928926585242152,-19.03406250000002,0,-304.5450000000003,16,73,partnership_disguised_sale,4.812056064605713,0,0.1936,27,6,0,1735,0,0.0,6656,51
3.937897263094783,-18.826562500000016,0,-301.22500000000025,16,69,partnership_disguised_sale,4.642358144124349,0,0.1926,25,6,0,1735,0,0.0,6784,52
3.946772661060095,-19.094062500000028,0,-305.50500000000045,16,74,partnership_disguised_sale,4.808371225992839,0,0.1917,25,6,0,1735,0,0.0,6912,53
3.936308953911066,-18.550625000000018,0,-296.8100000000003,16,65,partnership_disguised_sale,4.396505514780681,0,0.1907,21,6,0,1735,0,0.0,7040,54
3.927921561524272,-18.736875000000023,0,-299.79000000000036,16,68,partnership_disguised_sale,4.322221279144287,0,0.1898,20,6,0,1735,0,0.0,7168,55
3.9223513565957546,-19.036250000000024,0,-304.5800000000004,16,73,partnership_disguised_sale,4.857301553090413,0,0.1888,26,6,0,1735,0,0.0,7296,56
3.9174309447407722,-19.125625000000024,0,-306.0100000000004,16,74,partnership_disguised_sale,4.898001352945964,0,0.1879,27,6,0,1735,0,0.0,7424,57
3.9277700539678335,-18.83718750000002,0,-301.3950000000003,16,70,partnership_disguised_sale,4.523549874623616,0,0.1869,30,6,0,1735,0,0.0,7552,58
3.9455562233924866,-18.86250000000001,0,-301.8000000000002,16,70,partnership_disguised_sale,4.7829569180806475,0,0.186,32,6,0,1735,0,0.0,7680,59
3.9303063303232193,-19.456250000000026,0,-311.3000000000004,16,80,partnership_disguised_sale,5.115811665852864,0,0.1851,30,6,0,1735,0,0.0,7808,60
3.934451337903738,-19.15656250000002,0,-306.50500000000034,16,75,partnership_disguised_sale,4.807117303212483,0,0.1841,21,6,0,1735,0,0.0,7936,61
3.948897721245885,-19.460937500000018,0,-311.3750000000003,16,80,partnership_disguised_sale,5.189892927805583,0,0.1832,26,6,0,1735,0,0.0,8064,62
3.9453328866511583,-19.110000000000035,0,-305.76000000000056,16,74,partnership_disguised_sale,4.662216027577718,0,0.1823,20,6,0,1735,0,0.0,8192,63
3.9637399930506945,-19.276875000000025,0,-308.4300000000004,16,77,partnership_disguised_sale,4.929360548655192,0,0.1814,21,6,0,1735,0,0.0,8320,64
3.9567303396761417,-19.31937500000004,0,-309.11000000000064,16,78,partnership_disguised_sale,5.0283768971761065,0,0.1805,18,6,0,1735,0,0.0,8448,65
3.982845613732934,-19.191875000000024,0,-307.0700000000004,16,76,partnership_disguised_sale,4.812300205230713,0,0.1796,33,6,0,1735,0,0.0,8576,66
3.994982725009322,-18.910937500000017,0,-302.5750000000003,16,71,partnership_disguised_sale,4.622693379720052,0,0.1787,31,6,0,1735,0,0.0,8704,67
3.980399327352643,-18.98875000000002,0,-303.82000000000033,16,72,partnership_disguised_sale,4.794026056925456,0,0.1778,21,6,0,1735,0,0.0,8832,68
3.9840817116200924,-19.278437500000017,0,-308.45500000000027,16,77,partnership_disguised_sale,4.933324337005615,0,0.1769,21,6,0,1735,0,0.0,8960,69
3.9769516363739967,-19.527187500000036,0,-312.43500000000057,16,81,partnership_disguised_sale,5.148880958557129,0,0.176,16,6,0,1735,0,0.0,9088,70
3.9840251188725233,-18.92156250000002,0,-302.74500000000035,16,71,partnership_disguised_sale,4.694335301717122,0,0.1751,19,6,0,1735,0,0.0,9216,71
3.9575519040226936,-18.71093750000001,0,-299.37500000000017,16,68,partnership_disguised_sale,4.473667621612549,0,0.1743,16,6,0,1735,0,0.0,9344,72
3.9489476066082716,-18.98468750000002,0,-303.75500000000034,16,72,partnership_disguised_sale,4.765106836954753,0,0.1734,18,6,0,1735,0,0.0,9472,73
3.939640061929822,-19.756562500000022,0,-316.10500000000036,16,85,partnership_disguised_sale,5.225343704223633,0,0.1725,30,6,0,1735,0,0.0,9600,74
3.926199460402131,-18.30718750000002,0,-292.9150000000003,16,61,partnership_disguised_sale,4.3073577880859375,0,0.1717,23,6,0,1735,0,0.0,9728,75
3.8915621992200613,-19.04125000000002,0,-304.6600000000003,16,73,partnership_disguised_sale,4.770071983337402,0,0.1708,20,6,0,1735,0,0.0,9856,76
3.900415988638997,-18.672812500000017,0,-298.76500000000027,16,67,partnership_disguised_sale,4.637182712554932,0,0.1699,22,6,0,1735,0,0.0,9984,77
3.8747522868216038,-18.988750000000024,0,-303.8200000000004,16,72,partnership_disguised_sale,4.740960280100505,0,0.1691,16,6,0,1735,0,0.0,10112,78
3.891493681818247,-19.016562500000024,0,-304.2650000000004,16,73,partnership_disguised_sale,4.645592212677002,0,0.1683,19,6,0,1735,0,0.0,10240,79
3.881663803011179,-19.458437500000016,0,-311.33500000000026,16,80,partnership_disguised_sale,5.01472806930542,0,0.1674,20,6,0,1735,0,0.0,10368,80
3.8907216023653746,-19.575000000000035,0,-313.20000000000056,16,82,partnership_disguised_sale,5.158369859059651,0,0.1666,23,6,0,1735,0,0.0,10496,81
3.9017010387033224,-18.866562500000025,0,-301.8650000000004,16,70,partnership_disguised_sale,4.748177846272786,0,0.1657,22,6,0,1735,0,0.0,10624,82
3.910529328510165,-18.444687500000025,0,-295.1150000000004,16,63,partnership_disguised_sale,4.4678270022074384,0,0.1649,24,6,0,1735,0,0.0,10752,83
3.8939363285899162,-19.204062500000017,0,-307.26500000000027,16,76,partnership_disguised_sale,4.825446446736653,0,0.1641,25,6,0,1735,0,0.0,10880,84
3.872771678492427,-18.73187500000003,0,-299.7100000000005,16,68,partnership_disguised_sale,4.4044168790181475,0,0.1633,21,6,0,1735,0,0.0,11008,85
3.8609616328030825,-18.835000000000026,0,-301.3600000000004,16,70,partnership_disguised_sale,4.563129266103108,0,0.1625,17,6,0,1735,0,0.0,11136,86
3.8451735880225897,-18.736875000000015,0,-299.79000000000025,16,68,partnership_disguised_sale,4.633651574452718,0,0.1616,19,6,0,1735,0,0.0,11264,87
3.8080039750784636,-18.616250000000015,0,-297.86000000000024,16,66,partnership_disguised_sale,4.410676161448161,0,0.1608,19,6,0,1735,0,0.0,11392,88
3.7787119932472706,-18.211562500000014,0,-291.3850000000002,16,59,partnership_disguised_sale,4.367825826009114,0,0.16,24,6,0,1735,0,0.0,11520,89
3.7325082160532475,-18.19781250000001,0,-291.16500000000013,16,59,partnership_disguised_sale,4.304187297821045,0,0.1592,22,6,0,1735,0,0.0,11648,90
3.7181814815849066,-17.93500000000002,0,-286.9600000000003,16,55,partnership_disguised_sale,4.03691037495931,0,0.1584,17,6,0,1735,0,0.0,11776,91
3.7537599690258503,-18.738750000000024,0,-299.8200000000004,16,68,partnership_disguised_sale,4.522018750508626,0,0.1576,20,6,0,1735,0,0.0,11904,92
3.761645410209894,-18.982187500000016,0,-303.71500000000026,16,72,partnership_disguised_sale,4.737719535827637,0,0.1569,21,6,0,1735,0,0.0,12032,93
3.7898164354264736,-18.550625000000018,0,-296.8100000000003,16,65,partnership_disguised_sale,4.42582352956136,0,0.1561,22,6,0,1735,0,0.0,12160,94
3.8070726729929447,-19.545000000000012,0,-312.7200000000002,16,81,partnership_disguised_sale,5.207192579905192,0,0.1553,22,6,0,1735,0,0.0,12288,95
3.80968982167542,-18.675312500000015,0,-298.80500000000023,16,67,partnership_disguised_sale,4.616439501444499,0,0.1545,16,6,0,1735,0,0.0,12416,96
3.8104818537831306,-18.78437500000002,0,-300.5500000000003,16,69,partnership_disguised_sale,4.640893936157227,0,0.1537,17,6,0,1735,0,0.0,12544,97
3.805914865806699,-18.41687500000001,0,-294.6700000000002,16,63,partnership_disguised_sale,4.49091895421346,0,0.153,17,6,0,1735,0,0.0,12672,98
3.843861823901534,-18.367812500000014,0,-293.8850000000002,16,62,partnership_disguised_sale,4.29207197825114,0,0.1522,24,6,0,1735,0,0.0,12800,99
4.156156945973635,-21.04062500000004,0,-336.65000000000066,16,106,partnership_disguised_sale,12.088052749633789,0,0.25,27,7,0,1736,0,0.0,128,0
4.155051827430725,-20.059375000000028,0,-320.95000000000044,16,90,partnership_disguised_sale,10.330591201782227,0,0.2487,34,7,0,1736,0,0.0,256,1
4.153525233268738,-20.677187500000034,0,-330.83500000000055,16,100,partnership_disguised_sale,10.315903345743815,0,0.2475,32,7,0,1736,0,0.0,384,2
4.152639631181955,-20.975000000000048,0,-335.60000000000076,16,105,partnership_disguised_sale,10.18478266398112,0,0.2463,27,7,0,1736,0,0.0,512,3
4.150110740214586,-20.480625000000042,0,-327.6900000000007,16,97,partnership_disguised_sale,9.00772221883138,0,0.245,28,7,0,1736,0,0.0,640,4
4.149521093815565,-19.93781250000003,0,-319.0050000000005,16,88,partnership_disguised_sale,8.054987589518229,0,0.2438,25,7,0,1736,0,0.0,768,5
4.147209193557501,-20.36781250000004,0,-325.8850000000006,16,95,partnership_disguised_sale,7.983481725056966,0,0.2426,38,7,0,1736,0,0.0,896,6
4.146159611642361,-20.36437500000004,0,-325.83000000000067,16,95,partnership_disguised_sale,7.610357284545898,0,0.2414,34,7,0,1736,0,0.0,1024,7
4.145852118730545,-20.495625000000032,0,-327.9300000000005,16,97,partnership_disguised_sale,7.3430244127909345,0,0.2402,27,7,0,1736,0,0.0,1152,8
4.145487699657679,-20.41937500000004,0,-326.71000000000066,16,96,partnership_disguised_sale,6.878337224324544,0,0.239,35,7,0,1736,0,0.0,1280,9
4.143029235303402,-20.363750000000028,0,-325.82000000000045,16,95,partnership_disguised_sale,6.478266874949138,0,0.2378,26,7,0,1736,0,0.0,1408,10
4.141831286251545,-20.61218750000004,0,-329.79500000000064,16,99,partnership_disguised_sale,6.481448968251546,0,0.2366,42,7,0,1736,0,0.0,1536,11
4.135432504117489,-20.00031250000004,0,-320.0050000000006,16,89,partnership_disguised_sale,5.744646231333415,0,0.2354,31,7,0,1736,0,0.0,1664,12
4.124906606972218,-20.062187500000032,0,-320.9950000000005,16,90,partnership_disguised_sale,5.750754515329997,0,0.2342,26,7,0,1736,0,0.0,1792,13
4.12169474363327,-20.485625000000034,0,-327.77000000000055,16,97,partnership_disguised_sale,5.920566876729329,0,0.2331,31,7,0,1736,0,0.0,1920,14
4.110467027872801,-20.247500000000038,0,-323.9600000000006,16,93,partnership_disguised_sale,5.7175529797871905,0,0.2319,34,7,0,1736,0,0.0,2048,15
4.1006469912827015,-18.96187500000002,0,-303.3900000000003,16,72,partnership_disguised_sale,4.636520226796468,0,0.2307,24,7,0,1736,0,0.0,2176,16
4.113846089690924,-20.37968750000004,0,-326.0750000000006,16,95,partnership_disguised_sale,5.802819887797038,0,0.2296,35,7,0,1736,0,0.0,2304,17
4.116620369255543,-20.056875000000026,0,-320.9100000000004,16,90,partnership_disguised_sale,5.388747374216716,0,0.2284,35,7,0,1736,0,0.0,2432,18
4.115595318377018,-19.73687500000003,0,-315.7900000000005,16,85,partnership_disguised_sale,5.208874225616455,0,0.2273,21,7,0,1736,0,0.0,2560,19
4.1137599758803844,-20.473437500000042,0,-327.57500000000067,16,97,partnership_disguised_sale,5.718064308166504,0,0.2262,33,7,0,1736,0,0.0,2688,20
4.110955499112606,-20.425937500000042,0,-326.8150000000007,16,96,partnership_disguised_sale,5.825387795766194,0,0.225,42,7,0,1736,0,0.0,2816,21
4.104050647467375,-19.98468750000004,0,-319.7550000000006,16,89,partnership_disguised_sale,5.408961455027263,0,0.2239,24,7,0,1736,0,0.0,2944,22
4.102297369390726,-20.432187500000026,0,-326.9150000000004,16,96,partnership_disguised_sale,5.7817489306132,0,0.2228,30,7,0,1736,0,0.0,3072,23
4.093015618622303,-20.175312500000043,0,-322.8050000000007,16,92,partnership_disguised_sale,5.6007622083028155,0,0.2217,22,7,0,1736,0,0.0,3200,24
4.082859568297863,-19.874687500000025,0,-317.9950000000004,16,87,partnership_disguised_sale,5.393568992614746,0,0.2206,30,7,0,1736,0,0.0,3328,25
4.074538080021739,-19.681250000000038,2,-314.9000000000006,16,86,partnership_disguised_sale,5.220602035522461,1,0.2195,35,7,0,1736,0,0.0,3456,26
4.048644099384546,-19.864687500000034,0,-317.83500000000055,16,87,partnership_disguised_sale,5.4258677164713545,0,0.2184,28,7,0,1736,0,0.0,3584,27
4.032157922163606,-19.532500000000013,0,-312.5200000000002,16,81,partnership_disguised_sale,5.3458296457926435,0,0.2173,26,7,0,1736,0,0.0,3712,28
4.023696618154645,-19.08875000000003,0,-305.42000000000047,16,74,partnership_disguised_sale,4.904012044270833,0,0.2162,28,7,0,1736,0,0.0,3840,29
4.036003779619932,-20.10687500000004,0,-321.71000000000066,16,91,partnership_disguised_sale,5.637415250142415,0,0.2151,30,7,0,1736,0,0.0,3968,30
4.057510457932949,-19.755312500000034,0,-316.08500000000055,16,85,partnership_disguised_sale,5.26524289449056,0,0.214,31,7,0,1736,0,0.0,4096,31
4.054725656285882,-19.50906250000003,0,-312.1450000000005,16,81,partnership_disguised_sale,5.125441869099935,0,0.213,29,7,0,1736,0,0.0,4224,32
4.048997590318322,-19.40468750000002,0,-310.4750000000003,16,79,partnership_disguised_sale,5.069602012634277,0,0.2119,22,7,0,1736,0,0.0,4352,33
4.033938266336918,-19.939062500000034,0,-319.02500000000055,16,88,partnership_disguised_sale,5.279023806254069,0,0.2108,23,7,0,1736,0,0.0,4480,34
4.028474388644099,-19.765000000000025,0,-316.2400000000004,16,85,partnership_disguised_sale,5.325613180796306,0,0.2098,20,7,0,1736,0,0.0,4608,35
4.016071422025561,-20.18875000000003,0,-323.0200000000005,16,92,partnership_disguised_sale,5.666735013326009,0,0.2087,32,7,0,1736,0,0.0,4736,36
3.9917019456624985,-19.584687500000033,0,-313.35500000000053,16,82,partnership_disguised_sale,5.293923377990723,0,0.2077,32,7,0,1736,0,0.0,4864,37
3.9927829522639513,-19.27281250000003,0,-308.36500000000046,16,77,partnership_disguised_sale,5.157755374908447,0,0.2066,29,7,0,1736,0,0.0,4992,38
3.9865038227289915,-19.16000000000003,0,-306.56000000000046,16,75,partnership_disguised_sale,4.917811870574951,0,0.2056,32,7,0,1736,0,0.0,5120,39
3.9897268638014793,-19.501250000000024,0,-312.0200000000004,16,81,partnership_disguised_sale,5.110772291819255,0,0.2046,20,7,0,1736,0,0.0,5248,40
4.002512378618121,-19.81781250000003,0,-317.0850000000005,16,86,partnership_disguised_sale,5.233412106831868,0,0.2036,22,7,0,1736,0,0.0,5376,41
4.014373952522874,-19.222187500000018,0,-307.5550000000003,16,76,partnership_disguised_sale,4.936229228973389,0,0.2025,25,7,0,1736,0,0.0,5504,42
4.025903854519129,-19.34031250000003,0,-309.4450000000005,16,78,partnership_disguised_sale,4.9890163739522295,0,0.2015,22,7,0,1736,0,0.0,5632,43
4.039950704202056,-19.875625000000024,0,-318.0100000000004,16,87,partnership_disguised_sale,5.348463535308838,0,0.2005,29,7,0,1736,0,0.0,5760,44
4.055064545944333,-18.921250000000022,0,-302.74000000000035,16,71,partnership_disguised_sale,4.651525338490804,0,0.1995,27,7,0,1736,0,0.0,5888,45
4.041146861389279,-19.69906250000004,0,-315.1850000000006,16,84,partnership_disguised_sale,5.224661827087402,0,0.1985,24,7,0,1736,0,0.0,6016,46
4.044090112671256,-20.189062500000027,0,-323.02500000000043,16,92,partnership_disguised_sale,5.6307291984558105,0,0.1975,30,7,0,1736,0,0.0,6144,47
4.026442287489772,-19.683437500000032,0,-314.9350000000005,16,84,partnership_disguised_sale,5.200335343678792,0,0.1965,21,7,0,1736,0,0.0,6272,48
4.02906839363277,-19.508750000000024,0,-312.1400000000004,16,81,partnership_disguised_sale,5.148144721984863,0,0.1956,24,7,0,1736,0,0.0,6400,49
4.035082755610347,-19.045937500000033,0,-304.7350000000005,16,73,partnership_disguised_sale,4.829562187194824,0,0.1946,27,7,0,1736,0,0.0,6528,50
4.038532577455044,-18.118125000000017,0,-289.89000000000027,16,58,partnership_disguised_sale,4.017484823862712,0,0.1936,18,7,0,1736,0,0.0,6656,51
4.0429317355155945,-19.931875000000044,0,-318.9100000000007,16,88,partnership_disguised_sale,5.442084312438965,0,0.1926,32,7,0,1736,0,0.0,6784,52
4.038995921611786,-19.69281250000002,0,-315.0850000000003,16,84,partnership_disguised_sale,5.35365358988444,0,0.1917,23,7,0,1736,0,0.0,6912,53
4.050818318501115,-19.89187500000003,0,-318.2700000000005,16,87,partnership_disguised_sale,5.615410804748535,0,0.1907,26,7,0,1736,0,0.0,7040,54
4.045469110831618,-19.57812500000003,0,-313.25000000000045,16,82,partnership_disguised_sale,5.10013214747111,0,0.1898,22,7,0,1736,0,0.0,7168,55
4.054093545302749,-19.886562500000036,0,-318.18500000000057,16,87,partnership_disguised_sale,5.471984068552653,0,0.1888,33,7,0,1736,0,0.0,7296,56
4.037051789462566,-19.45875000000002,0,-311.3400000000003,16,80,partnership_disguised_sale,5.160191694895427,0,0.1879,19,7,0,1736,0,0.0,7424,57
4.02588564530015,-19.513125000000034,0,-312.21000000000055,16,81,partnership_disguised_sale,5.165089289347331,0,0.1869,17,7,0,1736,0,0.0,7552,58
4.019495787099004,-19.229375000000026,0,-307.6700000000004,16,76,partnership_disguised_sale,5.005075295766194,0,0.186,16,7,0,1736,0,0.0,7680,59
4.019464664161205,-19.884375000000038,0,-318.1500000000006,16,87,partnership_disguised_sale,5.38019339243571,0,0.1851,26,7,0,1736,0,0.0,7808,60
4.009764939546585,-18.835937500000025,0,-301.3750000000004,16,70,partnership_disguised_sale,4.650058587392171,0,0.1841,18,7,0,1736,0,0.0,7936,61
3.9994438998401165,-20.11781250000003,0,-321.8850000000005,16,91,partnership_disguised_sale,5.627005259195964,0,0.1832,21,7,0,1736,0,0.0,8064,62
4.002634149044752,-19.68812500000004,0,-315.0100000000006,16,84,partnership_disguised_sale,5.203458468119304,0,0.1823,21,7,0,1736,0,0.0,8192,63
3.986768988892436,-18.845625000000023,0,-301.53000000000037,16,70,partnership_disguised_sale,4.705177466074626,0,0.1814,20,7,0,1736,0,0.0,8320,64
3.986740967258811,-19.082812500000028,0,-305.32500000000044,16,74,partnership_disguised_sale,4.873579025268555,0,0.1805,23,7,0,1736,0,0.0,8448,65
4.015390910208225,-19.74343750000003,0,-315.8950000000005,16,85,partnership_disguised_sale,5.389671643575032,0,0.1796,33,7,0,1736,0,0.0,8576,66
4.02533913590014,-19.268437500000026,0,-308.2950000000004,16,77,partnership_disguised_sale,5.110783418019612,0,0.1787,27,7,0,1736,0,0.0,8704,67
4.0278809536248446,-19.19500000000004,0,-307.12000000000063,16,76,partnership_disguised_sale,4.909749825795491,0,0.1778,19,7,0,1736,0,0.0,8832,68
4.040712481364608,-18.970625000000016,0,-303.53000000000026,16,72,partnership_disguised_sale,4.86998176574707,0,0.1769,26,7,0,1736,0,0.0,8960,69
4.038366351276636,-19.927812500000037,0,-318.8450000000006,16,88,partnership_disguised_sale,5.441297690073649,0,0.176,27,7,0,1736,0,0.0,9088,70
4.011454472318292,-19.517500000000027,0,-312.2800000000004,16,81,partnership_disguised_sale,5.23945411046346,0,0.1751,20,7,0,1736,0,0.0,9216,71
4.0100600346922874,-19.505312500000034,0,-312.08500000000055,16,81,partnership_disguised_sale,5.087629795074463,0,0.1743,14,7,0,1736,0,0.0,9344,72
4.017414441332221,-19.732812500000044,0,-315.7250000000007,16,85,partnership_disguised_sale,5.31935437520345,0,0.1734,29,7,0,1736,0,0.0,9472,73
4.0089108515530825,-19.698437500000026,0,-315.1750000000004,16,84,partnership_disguised_sale,5.26546065012614,0,0.1725,25,7,0,1736,0,0.0,9600,74
4.0042952466756105,-19.63656250000003,0,-314.18500000000046,16,83,partnership_disguised_sale,5.240232467651367,0,0.1717,20,7,0,1736,0,0.0,9728,75
4.023133194074035,-20.36500000000004,0,-325.84000000000066,16,95,partnership_disguised_sale,5.75786034266154,0,0.1708,28,7,0,1736,0,0.0,9856,76
4.014260068535805,-19.151562500000022,2,-306.42500000000035,16,77,partnership_disguised_sale,4.865890343983968,1,0.1699,21,7,0,1736,0,0.0,9984,77
4.0241925567388535,-18.96687500000002,0,-303.4700000000003,16,72,partnership_disguised_sale,4.850638071695964,0,0.1691,24,7,0,1736,0,0.0,10112,78
4.018511306494474,-19.58531250000004,0,-313.36500000000063,16,82,partnership_disguised_sale,5.227432409922282,0,0.1683,18,7,0,1736,0,0.0,10240,79
4.0383408311754465,-19.39062500000003,0,-310.25000000000045,16,79,partnership_disguised_sale,4.9701565106709795,0,0.1674,30,7,0,1736,0,0.0,10368,80
4.037408743053675,-19.007500000000036,0,-304.1200000000006,16,73,partnership_disguised_sale,4.6586887041727705,0,0.1666,21,7,0,1736,0,0.0,10496,81
4.035802656784654,-19.51812500000003,0,-312.2900000000005,16,81,partnership_disguised_sale,5.171389897664388,0,0.1657,22,7,0,1736,0,0.0,10624,82
4.020426366478205,-19.813125000000035,0,-317.01000000000056,16,86,partnership_disguised_sale,5.486228624979655,0,0.1649,14,7,0,1736,0,0.0,10752,83
4.023003093898296,-19.281875000000028,0,-308.51000000000045,16,77,partnership_disguised_sale,4.933534622192383,0,0.1641,21,7,0,1736,0,0.0,10880,84
4.036115933209658,-19.25187500000003,0,-308.0300000000005,16,77,partnership_disguised_sale,4.789682229359944,0,0.1633,22,7,0,1736,0,0.0,11008,85
4.0330528281629086,-19.21031250000004,0,-307.36500000000063,16,76,partnership_disguised_sale,4.873994668324788,0,0.1625,24,7,0,1736,0,0.0,11136,86
4.032558485865593,-19.686875000000033,0,-314.9900000000005,16,84,partnership_disguised_sale,5.200451691945394,0,0.1616,25,7,0,1736,0,0.0,11264,87
4.036212747916579,-18.715312500000017,0,-299.4450000000003,16,68,partnership_disguised_sale,4.540576934814453,0,0.1608,24,7,0,1736,0,0.0,11392,88
4.040981436148286,-19.75875000000003,0,-316.1400000000005,16,85,partnership_disguised_sale,5.430924733479817,0,0.16,20,7,0,1736,0,0.0,11520,89
4.045263364911079,-19.150000000000016,0,-306.40000000000026,16,75,partnership_disguised_sale,4.764362494150798,0,0.1592,18,7,0,1736,0,0.0,11648,90
4.0459284875541925,-18.78281250000003,0,-300.5250000000005,16,69,partnership_disguised_sale,4.603445053100586,0,0.1584,19,7,0,1736,0,0.0,11776,91
4.031799357384443,-18.654687500000026,0,-298.4750000000004,16,67,partnership_disguised_sale,4.333614667256673,0,0.1576,17,7,0,1736,0,0.0,11904,92
4.0093886107206345,-18.973125000000017,0,-303.5700000000003,16,72,partnership_disguised_sale,4.501596927642822,0,0.1569,10,7,0,1736,0,0.0,12032,93
4.019785083830357,-18.93718750000003,0,-302.99500000000046,16,71,partnership_disguised_sale,4.795008818308513,0,0.1561,25,7,0,1736,0,0.0,12160,94
3.9952041022479534,-19.291875000000022,0,-308.67000000000036,16,77,partnership_disguised_sale,4.867387612660726,0,0.1553,18,7,0,1736,0,0.0,12288,95
4.008834548294544,-19.034062500000022,0,-304.54500000000036,16,73,partnership_disguised_sale,4.815361976623535,0,0.1545,22,7,0,1736,0,0.0,12416,96
4.0008464232087135,-19.163125000000033,0,-306.6100000000005,16,75,partnership_disguised_sale,4.765477816263835,0,0.1537,16,7,0,1736,0,0.0,12544,97
3.998131340369582,-19.409687500000025,0,-310.5550000000004,16,79,partnership_disguised_sale,5.066066265106201,0,0.153,15,7,0,1736,0,0.0,12672,98
3.9952259194105864,-19.409375000000036,0,-310.5500000000006,16,79,partnership_disguised_sale,5.0746169090271,0,0.1522,16,7,0,1736,0,0.0,12800,99
4.154988344758749,-20.851562500000043,0,-333.6250000000007,16,103,partnership_disguised_sale,11.598944028218588,0,0.25,32,8,0,1737,0,0.0,128,0
4.152839727699757,-21.107812500000048,0,-337.72500000000076,16,107,partnership_disguised_sale,11.211034138997396,0,0.2487,23,8,0,1737,0,0.0,256,1
4.152396388351917,-20.49093750000003,0,-327.8550000000005,16,97,partnership_disguised_sale,9.829670270284018,0,0.2475,34,8,0,1737,0,0.0,384,2
4.151585966348648,-20.907187500000045,0,-334.5150000000007,16,104,partnership_disguised_sale,9.914047559102377,0,0.2463,26,8,0,1737,0,0.0,512,3
4.150976095348597,-20.56218750000003,0,-328.99500000000046,16,98,partnership_disguised_sale,9.073774337768555,0,0.245,38,8,0,1737,0,0.0,640,4
4.150601446628571,-20.66625000000004,0,-330.66000000000065,16,100,partnership_disguised_sale,8.66818618774414,0,0.2438,36,8,0,1737,0,0.0,768,5
4.150009039789438,-20.299062500000044,0,-324.7850000000007,16,94,partnership_disguised_sale,7.874715328216553,0,0.2426,31,8,0,1737,0,0.0,896,6
4.14963548630476,-20.539375000000042,0,-328.6300000000007,16,98,partnership_disguised_sale,7.748842080434163,0,0.2414,30,8,0,1737,0,0.0,1024,7
4.148437354713678,-20.004062500000035,0,-320.06500000000057,16,89,partnership_disguised_sale,6.953976949055989,0,0.2402,23,8,0,1737,0,0.0,1152,8
4.148384269326925,-20.124687500000032,0,-321.9950000000005,16,91,partnership_disguised_sale,6.466356595357259,0,0.239,30,8,0,1737,0,0.0,1280,9
4.148340072482824,-20.61093750000004,0,-329.77500000000066,16,99,partnership_disguised_sale,6.693756898244222,0,0.2378,27,8,0,1737,0,0.0,1408,10
4.145749103277922,-20.550000000000033,0,-328.8000000000005,16,98,partnership_disguised_sale,6.366024971008301,0,0.2366,41,8,0,1737,0,0.0,1536,11
4.143287695944309,-19.53937500000004,18,-312.6300000000006,16,100,partnership_disguised_sale,6.947128136952718,1,0.2354,33,8,0,1737,1,0.0625,1664,12
4.145213142037392,-20.236875000000044,0,-323.7900000000007,16,93,partnership_disguised_sale,5.771528085072835,0,0.2342,37,8,0,1737,0,0.0,1792,13
4.137645281851292,-20.79781250000004,0,-332.7650000000006,16,102,partnership_disguised_sale,6.28389310836792,0,0.2331,25,8,0,1737,0,0.0,1920,14
4.139288078993559,-20.547812500000042,0,-328.76500000000067,16,98,partnership_disguised_sale,6.064769268035889,0,0.2319,35,8,0,1737,0,0.0,2048,15
4.1316886357963085,-20.49625000000003,0,-327.94000000000045,16,97,partnership_disguised_sale,5.920458475748698,0,0.2307,24,8,0,1737,0,0.0,2176,16
4.134882353246212,-20.238125000000043,0,-323.8100000000007,16,93,partnership_disguised_sale,5.657655398050944,0,0.2296,27,8,0,1737,0,0.0,2304,17
4.128476608544588,-20.53906250000004,0,-328.6250000000006,16,98,partnership_disguised_sale,5.890906651814778,0,0.2284,25,8,0,1737,0,0.0,2432,18
4.112448751926422,-20.103437500000037,0,-321.6550000000006,16,91,partnership_disguised_sale,5.589158058166504,0,0.2273,35,8,0,1737,0,0.0,2560,19
4.089831186458468,-19.74500000000004,0,-315.92000000000064,16,85,partnership_disguised_sale,5.285993734995524,0,0.2262,27,8,0,1737,0,0.0,2688,20
4.083879079669714,-19.88281250000002,0,-318.12500000000034,16,87,partnership_disguised_sale,5.447396755218506,0,0.225,26,8,0,1737,0,0.0,2816,21
4.0979663375765085,-19.764375000000026,0,-316.2300000000004,16,85,partnership_disguised_sale,5.424631118774414,0,0.2239,33,8,0,1737,0,0.0,2944,22
4.1005018800497055,-19.692500000000035,0,-315.08000000000055,16,84,partnership_disguised_sale,5.2256137530008955,0,0.2228,25,8,0,1737,0,0.0,3072,23
4.0914820451289415,-20.376250000000038,0,-326.0200000000006,16,95,partnership_disguised_sale,5.833667755126953,0,0.2217,27,8,0,1737,0,0.0,3200,24
4.091625310480595,-20.42000000000004,0,-326.72000000000065,16,96,partnership_disguised_sale,5.766989072163899,0,0.2206,37,8,0,1737,0,0.0,3328,25
4.0785303227603436,-20.05562500000003,0,-320.8900000000005,16,90,partnership_disguised_sale,5.4539000193278,0,0.2195,25,8,0,1737,0,0.0,3456,26
4.041050527244806,-19.328125000000032,0,-309.2500000000005,16,78,partnership_disguised_sale,5.030910491943359,0,0.2184,25,8,0,1737,0,0.0,3584,27
4.036564823240042,-20.192187500000035,0,-323.07500000000056,16,92,partnership_disguised_sale,5.726377010345459,0,0.2173,25,8,0,1737,0,0.0,3712,28
4.027669843286276,-20.070312500000032,0,-321.1250000000005,16,90,partnership_disguised_sale,5.602917194366455,0,0.2162,23,8,0,1737,0,0.0,3840,29
4.0124188512563705,-20.138750000000034,0,-322.22000000000054,16,91,partnership_disguised_sale,5.593868414560954,0,0.2151,26,8,0,1737,0,0.0,3968,30
4.0164519641548395,-19.89031250000003,0,-318.24500000000046,16,87,partnership_disguised_sale,5.4214480717976885,0,0.214,32,8,0,1737,0,0.0,4096,31
3.9970499854534864,-19.532500000000027,0,-312.52000000000044,16,81,partnership_disguised_sale,5.202254295349121,0,0.213,24,8,0,1737,0,0.0,4224,32
4.021768193691969,-19.034062500000033,0,-304.5450000000005,16,73,partnership_disguised_sale,4.7761993408203125,0,0.2119,34,8,0,1737,0,0.0,4352,33
4.040017811581492,-19.22593750000002,0,-307.6150000000003,16,76,partnership_disguised_sale,4.878990491231282,0,0.2108,27,8,0,1737,0,0.0,4480,34
4.072335360571742,-20.071562500000034,0,-321.14500000000055,16,90,partnership_disguised_sale,5.668572584788005,0,0.2098,40,8,0,1737,0,0.0,4608,35
4.064835108816624,-19.827812500000036,0,-317.2450000000006,16,86,partnership_disguised_sale,5.327154159545898,0,0.2087,29,8,0,1737,0,0.0,4736,36
4.063625553622842,-20.300937500000042,0,-324.8150000000007,16,94,partnership_disguised_sale,5.904091993967692,0,0.2077,21,8,0,1737,0,0.0,4864,37
4.068133443593979,-19.991562500000033,0,-319.8650000000005,16,89,partnership_disguised_sale,5.364994843800862,0,0.2066,25,8,0,1737,0,0.0,4992,38
4.06869893707335,-19.75687500000003,0,-316.11000000000047,16,85,partnership_disguised_sale,5.337424278259277,0,0.2056,24,8,0,1737,0,0.0,5120,39
4.070811748504639,-19.44687500000003,0,-311.1500000000005,16,80,partnership_disguised_sale,5.096163431803386,0,0.2046,32,8,0,1737,0,0.0,5248,40
4.0762981958687305,-19.861875000000044,0,-317.7900000000007,16,87,partnership_disguised_sale,5.254801432291667,0,0.2036,25,8,0,1737,0,0.0,5376,41
4.06807954236865,-19.456562500000032,0,-311.3050000000005,16,80,partnership_disguised_sale,5.078566233317058,0,0.2025,17,8,0,1737,0,0.0,5504,42
4.075624277815223,-19.883125000000028,0,-318.13000000000045,16,87,partnership_disguised_sale,5.466739813486735,0,0.2015,26,8,0,1737,0,0.0,5632,43
4.06668895855546,-19.699375000000035,0,-315.19000000000057,16,84,partnership_disguised_sale,5.265979131062825,0,0.2005,25,8,0,1737,0,0.0,5760,44
4.069828025996685,-19.806250000000038,0,-316.9000000000006,16,86,partnership_disguised_sale,5.3632893562316895,0,0.1995,29,8,0,1737,0,0.0,5888,45
4.061661064624786,-19.925625000000036,0,-318.81000000000057,16,88,partnership_disguised_sale,5.335338910420735,0,0.1985,30,8,0,1737,0,0.0,6016,46
4.054249111562967,-19.984375000000043,0,-319.7500000000007,16,89,partnership_disguised_sale,5.461086273193359,0,0.1975,24,8,0,1737,0,0.0,6144,47
4.0493342988193035,-20.06625000000003,0,-321.06000000000046,16,90,partnership_disguised_sale,5.544132709503174,0,0.1965,28,8,0,1737,0,0.0,6272,48
4.044722432270646,-19.676250000000035,0,-314.82000000000056,16,84,partnership_disguised_sale,5.218033154805501,0,0.1956,26,8,0,1737,0,0.0,6400,49
4.0401082299649715,-19.573125000000022,0,-313.17000000000036,16,82,partnership_disguised_sale,5.1657148996988935,0,0.1946,27,8,0,1737,0,0.0,6528,50
4.025481928139925,-20.12125000000003,0,-321.94000000000045,16,91,partnership_disguised_sale,5.591399033864339,0,0.1936,25,8,0,1737,0,0.0,6656,51
4.019127601757646,-19.761562500000032,0,-316.1850000000005,16,85,partnership_disguised_sale,5.386766115824382,0,0.1926,23,8,0,1737,0,0.0,6784,52
4.008146449923515,-19.510625000000022,0,-312.17000000000036,16,81,partnership_disguised_sale,5.118901093800862,0,0.1917,20,8,0,1737,0,0.0,6912,53
4.020428096875548,-20.05375000000003,0,-320.86000000000047,16,90,partnership_disguised_sale,5.507511138916016,0,0.1907,21,8,0,1737,0,0.0,7040,54
4.021152092143893,-19.22593750000003,0,-307.61500000000046,16,76,partnership_disguised_sale,4.874899069468181,0,0.1898,25,8,0,1737,0,0.0,7168,55
4.010292062535882,-18.747812500000016,0,-299.96500000000026,16,68,partnership_disguised_sale,4.505657990773519,0,0.1888,21,8,0,1737,0,0.0,7296,56
4.023012248799205,-19.38843750000003,0,-310.2150000000005,16,79,partnership_disguised_sale,5.205417156219482,0,0.1879,29,8,0,1737,0,0.0,7424,57
4.0335126761347055,-19.82218750000003,0,-317.1550000000005,16,86,partnership_disguised_sale,5.405616283416748,0,0.1869,24,8,0,1737,0,0.0,7552,58
4.039047675207257,-19.62500000000003,0,-314.00000000000045,16,83,partnership_disguised_sale,5.132793585459392,0,0.186,20,8,0,1737,0,0.0,7680,59
4.044472808018327,-19.894687500000032,0,-318.3150000000005,16,87,partnership_disguised_sale,5.483054320017497,0,0.1851,25,8,0,1737,0,0.0,7808,60
4.0390941090881824,-20.24812500000004,0,-323.97000000000065,16,93,partnership_disguised_sale,5.652347246805827,0,0.1841,24,8,0,1737,0,0.0,7936,61
4.039060406386852,-19.953437500000028,0,-319.25500000000045,16,88,partnership_disguised_sale,5.532698631286621,0,0.1832,23,8,0,1737,0,0.0,8064,62
4.034599173814058,-19.823125000000022,0,-317.17000000000036,16,86,partnership_disguised_sale,5.426063219706218,0,0.1823,20,8,0,1737,0,0.0,8192,63
4.0273167714476585,-20.420000000000037,0,-326.7200000000006,16,96,partnership_disguised_sale,5.754235585530599,0,0.1814,29,8,0,1737,0,0.0,8320,64
4.020604409277439,-18.91625000000001,0,-302.66000000000014,16,71,partnership_disguised_sale,4.662995179494222,0,0.1805,22,8,0,1737,0,0.0,8448,65
4.0145880933851,-19.40375000000002,0,-310.4600000000003,16,79,partnership_disguised_sale,5.1046142578125,0,0.1796,23,8,0,1737,0,0.0,8576,66
4.0190632082521915,-19.534687500000018,0,-312.5550000000003,16,81,partnership_disguised_sale,5.175919850667317,0,0.1787,26,8,0,1737,0,0.0,8704,67
4.011665960773826,-19.702500000000025,0,-315.2400000000004,16,84,partnership_disguised_sale,5.368125597635905,0,0.1778,19,8,0,1737,0,0.0,8832,68
4.014820422977209,-19.105625000000018,0,-305.6900000000003,16,74,partnership_disguised_sale,4.862635135650635,0,0.1769,14,8,0,1737,0,0.0,8960,69
4.0284642688930035,-20.066250000000036,0,-321.06000000000057,16,90,partnership_disguised_sale,5.594112396240234,0,0.176,24,8,0,1737,0,0.0,9088,70
4.026820765808225,-19.700625000000024,0,-315.2100000000004,16,84,partnership_disguised_sale,5.2320858637491865,0,0.1751,17,8,0,1737,0,0.0,9216,71
4.0380412600934505,-20.297812500000042,0,-324.76500000000067,16,94,partnership_disguised_sale,5.661330223083496,0,0.1743,24,8,0,1737,0,0.0,9344,72
4.060659317299724,-19.571250000000024,0,-313.1400000000004,16,82,partnership_disguised_sale,5.035761833190918,0,0.1734,30,8,0,1737,0,0.0,9472,73
4.058789594098926,-20.125625000000028,0,-322.01000000000045,16,91,partnership_disguised_sale,5.689040025075276,0,0.1725,19,8,0,1737,0,0.0,9600,74
4.0724082961678505,-20.498750000000047,0,-327.98000000000076,16,97,partnership_disguised_sale,5.968676884969075,0,0.1717,25,8,0,1737,0,0.0,9728,75
4.082723675295711,-19.948125000000037,0,-319.1700000000006,16,88,partnership_disguised_sale,5.410589059193929,0,0.1708,26,8,0,1737,0,0.0,9856,76
4.074126943945885,-20.054687500000032,0,-320.8750000000005,16,90,partnership_disguised_sale,5.45122226079305,0,0.1699,18,8,0,1737,0,0.0,9984,77
4.079089913517237,-19.815937500000032,0,-317.0550000000005,16,86,partnership_disguised_sale,5.239537715911865,0,0.1691,23,8,0,1737,0,0.0,10112,78
4.074761662632227,-19.449687500000028,0,-311.19500000000045,16,80,partnership_disguised_sale,4.979152202606201,0,0.1683,23,8,0,1737,0,0.0,10240,79
4.0698706060647964,-18.958125000000027,0,-303.33000000000044,16,72,partnership_disguised_sale,4.499938011169434,0,0.1674,20,8,0,1737,0,0.0,10368,80
4.058927498757839,-20.241562500000036,0,-323.8650000000006,16,93,partnership_disguised_sale,5.642447630564372,0,0.1666,24,8,0,1737,0,0.0,10496,81
4.042116781696677,-19.26406250000003,0,-308.2250000000005,16,77,partnership_disguised_sale,4.975874265034993,0,0.1657,16,8,0,1737,0,0.0,10624,82
4.039568103849888,-19.652187500000036,0,-314.43500000000057,16,83,partnership_disguised_sale,5.4512457847595215,0,0.1649,21,8,0,1737,0,0.0,10752,83
4.044022811576724,-19.43218750000003,0,-310.9150000000005,16,80,partnership_disguised_sale,4.993802547454834,0,0.1641,27,8,0,1737,0,0.0,10880,84
4.042776910588145,-19.32000000000003,0,-309.12000000000046,16,78,partnership_disguised_sale,4.881567478179932,0,0.1633,22,8,0,1737,0,0.0,11008,85
4.043899763375521,-19.760625000000022,0,-316.17000000000036,16,85,partnership_disguised_sale,5.409642696380615,0,0.1625,25,8,0,1737,0,0.0,11136,86
4.027121394872665,-18.49125000000003,20,-295.86000000000047,16,85,partnership_disguised_sale,6.245850404103597,1,0.1616,25,8,0,1737,1,0.0625,11264,87
4.007287830114365,-19.93312500000003,0,-318.93000000000046,16,88,partnership_disguised_sale,5.554722309112549,0,0.1608,20,8,0,1737,0,0.0,11392,88
4.018436666578054,-18.850000000000012,0,-301.6000000000002,16,70,partnership_disguised_sale,4.701128323872884,0,0.16,19,8,0,1737,0,0.0,11520,89
4.027494497597218,-19.081250000000033,0,-305.3000000000005,16,74,partnership_disguised_sale,4.826282501220703,0,0.1592,26,8,0,1737,0,0.0,11648,90
4.020192943513393,-19.625937500000035,0,-314.01500000000055,16,83,partnership_disguised_sale,5.225327968597412,0,0.1584,27,8,0,1737,0,0.0,11776,91
4.016743674874306,-19.330312500000023,0,-309.28500000000037,16,78,partnership_disguised_sale,4.922816117604573,0,0.1576,20,8,0,1737,0,0.0,11904,92
4.001319909468293,-19.689375000000034,0,-315.03000000000054,16,84,partnership_disguised_sale,5.222946643829346,0,0.1569,16,8,0,1737,0,0.0,12032,93
3.993367014452815,-20.236562500000037,0,-323.7850000000006,16,93,partnership_disguised_sale,5.64999262491862,0,0.1561,19,8,0,1737,0,0.0,12160,94
4.007656879723072,-19.396250000000027,0,-310.34000000000043,16,79,partnership_disguised_sale,5.2169976234436035,0,0.1553,19,8,0,1737,0,0.0,12288,95
4.011729024350643,-18.84312500000002,0,-301.4900000000003,16,70,partnership_disguised_sale,4.661455154418945,0,0.1545,14,8,0,1737,0,0.0,12416,96
4.0279347617179155,-19.452187500000026,0,-311.2350000000004,16,80,partnership_disguised_sale,5.0512620608011884,0,0.1537,22,8,0,1737,0,0.0,12544,97
4.035167912021279,-19.820312500000036,0,-317.12500000000057,16,86,partnership_disguised_sale,5.36957852045695,0,0.153,21,8,0,1737,0,0.0,12672,98
4.048287993296981,-19.312500000000032,0,-309.0000000000005,16,78,partnership_disguised_sale,4.997405211130778,0,0.1522,23,8,0,1737,0,0.0,12800,99
4.15448235347867,-20.42937500000004,0,-326.87000000000063,16,96,partnership_disguised_sale,11.789614995320639,0,0.25,30,9,0,1738,0,0.0,128,0
4.154857527464628,-20.60468750000004,0,-329.67500000000064,16,99,partnership_disguised_sale,11.355985323588053,0,0.2487,39,9,0,1738,0,0.0,256,1
4.153733033686876,-20.792187500000047,0,-332.67500000000075,16,102,partnership_disguised_sale,11.082418123881022,0,0.2475,25,9,0,1738,0,0.0,384,2
4.152852647006512,-19.688750000000034,0,-315.02000000000055,16,84,partnership_disguised_sale,9.341057777404785,0,0.2463,27,9,0,1738,0,0.0,512,3
4.15094755217433,-20.440625000000036,0,-327.0500000000006,16,96,partnership_disguised_sale,9.676884969075521,0,0.245,21,9,0,1738,0,0.0,640,4
4.150830022990704,-20.84500000000005,0,-333.5200000000008,16,103,partnership_disguised_sale,9.761180559794107,0,0.2438,33,9,0,1738,0,0.0,768,5
4.14832541719079,-20.55375000000004,0,-328.86000000000064,16,98,partnership_disguised_sale,8.839518547058105,0,0.2426,38,9,0,1738,0,0.0,896,6
4.14715176448226,-20.788125000000043,0,-332.6100000000007,16,102,partnership_disguised_sale,8.711869239807129,0,0.2414,32,9,0,1738,0,0.0,1024,7
4.145493261516094,-20.78312500000004,0,-332.53000000000065,16,102,partnership_disguised_sale,8.382864634195963,0,0.2402,32,9,0,1738,0,0.0,1152,8
4.141848932951689,-20.318125000000038,0,-325.0900000000006,16,94,partnership_disguised_sale,7.445001284281413,0,0.239,28,9,0,1738,0,0.0,1280,9
4.142779808491468,-21.160000000000046,0,-338.56000000000074,16,108,partnership_disguised_sale,7.864108244578044,0,0.2378,34,9,0,1738,0,0.0,1408,10
4.1404417008161545,-20.487500000000036,0,-327.8000000000006,16,97,partnership_disguised_sale,6.765191396077474,0,0.2366,31,9,0,1738,0,0.0,1536,11
4.136600889265537,-19.98875000000003,0,-319.8200000000005,16,89,partnership_disguised_sale,6.080967744191487,0,0.2354,26,9,0,1738,0,0.0,1664,12
4.137243017554283,-20.553750000000036,0,-328.8600000000006,16,98,partnership_disguised_sale,6.413077354431152,0,0.2342,37,9,0,1738,0,0.0,1792,13
4.13258808106184,-20.417500000000043,0,-326.6800000000007,16,96,partnership_disguised_sale,6.130552291870117,0,0.2331,32,9,0,1738,0,0.0,1920,14
4.128468189388514,-20.302187500000034,0,-324.83500000000055,16,94,partnership_disguised_sale,5.874426364898682,0,0.2319,26,9,0,1738,0,0.0,2048,15
4.126557111740112,-20.30062500000004,0,-324.8100000000006,16,94,partnership_disguised_sale,5.792463779449463,0,0.2307,27,9,0,1738,0,0.0,2176,16
4.128737706691027,-20.363125000000043,0,-325.8100000000007,16,95,partnership_disguised_sale,5.840590318044026,0,0.2296,33,9,0,1738,0,0.0,2304,17
4.133583806455135,-20.602187500000042,0,-329.6350000000007,16,99,partnership_disguised_sale,6.015406608581543,0,0.2284,34,9,0,1738,0,0.0,2432,18
4.139161471277475,-20.542812500000043,0,-328.6850000000007,16,98,partnership_disguised_sale,5.9744893709818525,0,0.2273,35,9,0,1738,0,0.0,2560,19
4.139355894178152,-20.35343750000004,0,-325.65500000000065,16,95,partnership_disguised_sale,5.695217291514079,0,0.2262,30,9,0,1738,0,0.0,2688,20
4.132251910865307,-20.17781250000004,0,-322.84500000000065,16,92,partnership_disguised_sale,5.623972733815511,0,0.225,35,9,0,1738,0,0.0,2816,21
4.108017025515437,-20.122500000000024,0,-321.9600000000004,16,91,partnership_disguised_sale,5.5398993492126465,0,0.2239,33,9,0,1738,0,0.0,2944,22
4.088575730100274,-20.269687500000025,0,-324.3150000000004,16,93,partnership_disguised_sale,5.798474311828613,0,0.2228,26,9,0,1738,0,0.0,3072,23
4.074476353824139,-20.25343750000003,0,-324.05500000000046,16,93,partnership_disguised_sale,5.717562675476074,0,0.2217,21,9,0,1738,0,0.0,3200,24
4.06225361675024,-19.947812500000037,0,-319.1650000000006,16,88,partnership_disguised_sale,5.604628562927246,0,0.2206,31,9,0,1738,0,0.0,3328,25
4.060425313189626,-19.45218750000003,0,-311.23500000000047,16,80,partnership_disguised_sale,4.985483328501384,0,0.2195,21,9,0,1738,0,0.0,3456,26
4.073061969131231,-19.560000000000034,0,-312.96000000000055,16,82,partnership_disguised_sale,5.032606283823649,0,0.2184,25,9,0,1738,0,0.0,3584,27
4.06775151565671,-19.50437500000002,0,-312.07000000000033,16,81,partnership_disguised_sale,4.988093852996826,0,0.2173,36,9,0,1738,0,0.0,3712,28
4.038556652143598,-18.701875000000022,0,-299.23000000000036,16,68,partnership_disguised_sale,4.449511686960856,0,0.2162,21,9,0,1738,0,0.0,3840,29
4.035655343905091,-20.319375000000033,0,-325.1100000000005,16,94,partnership_disguised_sale,5.682059288024902,0,0.2151,27,9,0,1738,0,0.0,3968,30
4.015671454370022,-19.394687500000035,0,-310.31500000000057,16,79,partnership_disguised_sale,5.050016562143962,0,0.214,28,9,0,1738,0,0.0,4096,31
4.002642568200827,-19.391875000000034,0,-310.27000000000055,16,79,partnership_disguised_sale,5.09626038869222,0,0.213,26,9,0,1738,0,0.0,4224,32
4.011076342314482,-19.270000000000024,0,-308.3200000000004,16,77,partnership_disguised_sale,4.8167572021484375,0,0.2119,24,9,0,1738,0,0.0,4352,33
4.022881040349603,-19.341250000000027,0,-309.46000000000043,16,78,partnership_disguised_sale,4.95775826772054,0,0.2108,27,9,0,1738,0,0.0,4480,34
4.00342689268291,-19.138437500000027,0,-306.21500000000043,16,75,partnership_disguised_sale,4.72269344329834,0,0.2098,32,9,0,1738,0,0.0,4608,35
4.002928342670202,-19.435000000000038,0,-310.9600000000006,16,80,partnership_disguised_sale,5.026857058207194,0,0.2087,26,9,0,1738,0,0.0,4736,36
3.983539691194892,-19.09281250000002,0,-305.4850000000003,16,74,partnership_disguised_sale,4.913075606028239,0,0.2077,20,9,0,1738,0,0.0,4864,37
4.000927709043026,-19.272812500000022,0,-308.36500000000035,16,77,partnership_disguised_sale,4.911582628885905,0,0.2066,26,9,0,1738,0,0.0,4992,38
4.005386933684349,-19.32156250000003,0,-309.1450000000005,16,78,partnership_disguised_sale,4.949799060821533,0,0.2056,22,9,0,1738,0,0.0,5120,39
3.9701754599809647,-19.090937500000027,0,-305.45500000000044,16,74,partnership_disguised_sale,4.82811705271403,0,0.2046,36,9,0,1738,0,0.0,5248,40
3.9895175751298666,-19.51000000000003,0,-312.1600000000005,16,81,partnership_disguised_sale,5.017299652099609,0,0.2036,29,9,0,1738,0,0.0,5376,41
3.9794188272207975,-19.817812500000024,0,-317.0850000000004,16,86,partnership_disguised_sale,5.265476703643799,0,0.2025,23,9,0,1738,0,0.0,5504,42
3.9903286080807447,-19.687812500000028,0,-315.00500000000045,16,84,partnership_disguised_sale,5.270715395609538,0,0.2015,34,9,0,1738,0,0.0,5632,43
3.9897446986287832,-19.766562500000028,0,-316.26500000000044,16,85,partnership_disguised_sale,5.37086550394694,0,0.2005,20,9,0,1738,0,0.0,5760,44
4.001009313389659,-18.980625000000018,0,-303.6900000000003,16,72,partnership_disguised_sale,4.795544306437175,0,0.1995,20,9,0,1738,0,0.0,5888,45
4.026245165616274,-19.45187500000002,0,-311.2300000000003,16,80,partnership_disguised_sale,4.98585319519043,0,0.1985,23,9,0,1738,0,0.0,6016,46
4.041193516924977,-19.99593750000003,0,-319.93500000000046,16,89,partnership_disguised_sale,5.433989524841309,0,0.1975,28,9,0,1738,0,0.0,6144,47
4.046094318851829,-19.935000000000027,0,-318.96000000000043,16,88,partnership_disguised_sale,5.416637261708577,0,0.1965,24,9,0,1738,0,0.0,6272,48
4.038746466860175,-19.881562500000037,0,-318.1050000000006,16,87,partnership_disguised_sale,5.404016017913818,0,0.1956,21,9,0,1738,0,0.0,6400,49
4.047487951815128,-19.50625000000003,0,-312.1000000000005,16,81,partnership_disguised_sale,5.208279609680176,0,0.1946,27,9,0,1738,0,0.0,6528,50
4.047510538250208,-20.178750000000036,0,-322.8600000000006,16,92,partnership_disguised_sale,5.5126953125,0,0.1936,28,9,0,1738,0,0.0,6656,51
4.023446775972843,-19.892500000000034,0,-318.28000000000054,16,87,partnership_disguised_sale,5.5003898938496905,0,0.1926,19,9,0,1738,0,0.0,6784,52
4.042115941643715,-19.362187500000008,0,-309.79500000000013,16,78,partnership_disguised_sale,5.143259525299072,0,0.1917,31,9,0,1738,0,0.0,6912,53
4.0541047509759665,-20.183125000000032,0,-322.9300000000005,16,92,partnership_disguised_sale,5.663706620534261,0,0.1907,31,9,0,1738,0,0.0,7040,54
4.057044539600611,-19.828750000000035,0,-317.26000000000056,16,86,partnership_disguised_sale,5.420133590698242,0,0.1898,26,9,0,1738,0,0.0,7168,55
4.070516252890229,-19.993750000000027,0,-319.90000000000043,16,89,partnership_disguised_sale,5.42500638961792,0,0.1888,22,9,0,1738,0,0.0,7296,56
4.079332258552313,-20.488125000000046,0,-327.81000000000074,16,97,partnership_disguised_sale,5.811667442321777,0,0.1879,18,9,0,1738,0,0.0,7424,57
4.086258314549923,-19.058437500000025,18,-304.9350000000004,16,92,partnership_disguised_sale,6.28946320215861,1,0.1869,26,9,0,1738,1,0.0625,7552,58
4.087847104296088,-20.12718750000004,0,-322.03500000000065,16,91,partnership_disguised_sale,5.633119583129883,0,0.186,26,9,0,1738,0,0.0,7680,59
4.090349517762661,-20.31312500000004,0,-325.0100000000006,16,94,partnership_disguised_sale,5.822763125101726,0,0.1851,25,9,0,1738,0,0.0,7808,60
4.088029943406582,-20.05750000000003,0,-320.92000000000047,16,90,partnership_disguised_sale,5.460261821746826,0,0.1841,20,9,0,1738,0,0.0,7936,61
4.093365252017975,-20.05937500000004,0,-320.9500000000006,16,90,partnership_disguised_sale,5.5655341148376465,0,0.1832,31,9,0,1738,0,0.0,8064,62
4.076853785663843,-19.936562500000036,0,-318.9850000000006,16,88,partnership_disguised_sale,5.417751789093018,0,0.1823,22,9,0,1738,0,0.0,8192,63
4.070988619700074,-19.383437500000028,0,-310.13500000000045,16,79,partnership_disguised_sale,5.024880091349284,0,0.1814,28,9,0,1738,0,0.0,8320,64
4.0688955672085285,-20.533750000000044,0,-328.5400000000007,16,98,partnership_disguised_sale,5.793801943461101,0,0.1805,27,9,0,1738,0,0.0,8448,65
4.05955464579165,-19.822500000000026,0,-317.1600000000004,16,86,partnership_disguised_sale,5.350289503733317,0,0.1796,24,9,0,1738,0,0.0,8576,66
4.056888584047556,-20.800937500000042,0,-332.8150000000007,16,102,partnership_disguised_sale,6.104833126068115,0,0.1787,23,9,0,1738,0,0.0,8704,67
4.059578567743301,-19.397187500000022,0,-310.35500000000036,16,79,partnership_disguised_sale,5.136930147806804,0,0.1778,24,9,0,1738,0,0.0,8832,68
4.070204803720117,-20.126562500000038,0,-322.0250000000006,16,91,partnership_disguised_sale,5.541503270467122,0,0.1769,20,9,0,1738,0,0.0,8960,69
4.068828724324703,-19.577500000000033,0,-313.2400000000005,16,82,partnership_disguised_sale,5.1278502146403,0,0.176,19,9,0,1738,0,0.0,9088,70
4.075121207162738,-19.69656250000003,0,-315.1450000000005,16,84,partnership_disguised_sale,5.252867062886556,0,0.1751,29,9,0,1738,0,0.0,9216,71
4.066606080159545,-19.75750000000003,0,-316.12000000000046,16,85,partnership_disguised_sale,5.362234115600586,0,0.1743,21,9,0,1738,0,0.0,9344,72
4.08957052975893,-20.016562500000028,0,-320.26500000000044,16,89,partnership_disguised_sale,5.562824408213298,0,0.1734,28,9,0,1738,0,0.0,9472,73
4.0944041311740875,-19.75906250000003,0,-316.1450000000005,16,85,partnership_disguised_sale,5.287334601084392,0,0.1725,26,9,0,1738,0,0.0,9600,74
4.099794659763575,-20.20062500000004,0,-323.21000000000066,16,92,partnership_disguised_sale,5.723369598388672,0,0.1717,22,9,0,1738,0,0.0,9728,75
4.106283083558083,-20.13156250000004,0,-322.10500000000064,16,91,partnership_disguised_sale,5.6113847096761065,0,0.1708,18,9,0,1738,0,0.0,9856,76
4.121681090444326,-20.238437500000046,0,-323.81500000000074,16,93,partnership_disguised_sale,5.545279820760091,0,0.1699,24,9,0,1738,0,0.0,9984,77
4.126881469041109,-20.243437500000027,0,-323.89500000000044,16,93,partnership_disguised_sale,5.603874047597249,0,0.1691,34,9,0,1738,0,0.0,10112,78
4.126865159720182,-20.493437500000034,0,-327.89500000000055,16,97,partnership_disguised_sale,5.842873414357503,0,0.1683,23,9,0,1738,0,0.0,10240,79
4.126343477517366,-19.940000000000026,0,-319.0400000000004,16,88,partnership_disguised_sale,5.312435944875081,0,0.1674,24,9,0,1738,0,0.0,10368,80
4.130724705755711,-20.41781250000004,0,-326.6850000000006,16,96,partnership_disguised_sale,5.724767843882243,0,0.1666,17,9,0,1738,0,0.0,10496,81
4.127266488969326,-19.993125000000035,0,-319.89000000000055,16,89,partnership_disguised_sale,5.499053955078125,0,0.1657,27,9,0,1738,0,0.0,10624,82
4.116893110796809,-19.643750000000033,0,-314.3000000000005,16,83,partnership_disguised_sale,5.31205415725708,0,0.1649,22,9,0,1738,0,0.0,10752,83
4.1225793324410915,-20.483437500000043,0,-327.7350000000007,16,97,partnership_disguised_sale,5.938868045806885,0,0.1641,24,9,0,1738,0,0.0,10880,84
4.114707991480827,-20.126875000000037,0,-322.0300000000006,16,91,partnership_disguised_sale,5.655155976613362,0,0.1633,23,9,0,1738,0,0.0,11008,85
4.114147167652845,-20.010937500000033,0,-320.1750000000005,16,89,partnership_disguised_sale,5.495557943979899,0,0.1625,18,9,0,1738,0,0.0,11136,86
4.1113861463963985,-20.132500000000036,0,-322.1200000000006,16,91,partnership_disguised_sale,5.6265560785929365,0,0.1616,17,9,0,1738,0,0.0,11264,87
4.114638186991215,-20.364687500000034,0,-325.83500000000055,16,95,partnership_disguised_sale,5.750588099161784,0,0.1608,20,9,0,1738,0,0.0,11392,88
4.110461890697479,-19.76875000000004,0,-316.30000000000064,16,85,partnership_disguised_sale,5.28827444712321,0,0.16,26,9,0,1738,0,0.0,11520,89
4.110372431576252,-20.246562500000028,0,-323.94500000000045,16,93,partnership_disguised_sale,5.786573568979899,0,0.1592,22,9,0,1738,0,0.0,11648,90
4.1042473539710045,-19.648125000000036,0,-314.3700000000006,16,83,partnership_disguised_sale,5.0865505536397295,0,0.1584,26,9,0,1738,0,0.0,11776,91
4.1035564430058,-20.37875000000003,0,-326.06000000000046,16,95,partnership_disguised_sale,5.788497447967529,0,0.1576,20,9,0,1738,0,0.0,11904,92
4.102153919637203,-20.545937500000043,0,-328.7350000000007,16,98,partnership_disguised_sale,5.929013252258301,0,0.1569,16,9,0,1738,0,0.0,12032,93
4.100143671035767,-20.428750000000036,0,-326.8600000000006,16,96,partnership_disguised_sale,5.745993614196777,0,0.1561,16,9,0,1738,0,0.0,12160,94
4.1035593673586845,-20.18062500000003,0,-322.8900000000005,16,92,partnership_disguised_sale,5.599921544392903,0,0.1553,24,9,0,1738,0,0.0,12288,95
4.097637269645929,-19.990312500000034,0,-319.84500000000054,16,89,partnership_disguised_sale,5.450845241546631,0,0.1545,20,9,0,1738,0,0.0,12416,96
4.098979853093624,-19.453750000000024,0,-311.2600000000004,16,80,partnership_disguised_sale,4.99210770924886,0,0.1537,20,9,0,1738,0,0.0,12544,97
4.097533483058214,-20.240625000000037,0,-323.8500000000006,16,93,partnership_disguised_sale,5.559772650400798,0,0.153,26,9,0,1738,0,0.0,12672,98
4.092139698565006,-20.069062500000022,0,-321.10500000000036,16,90,partnership_disguised_sale,5.513682683308919,0,0.1522,25,9,0,1738,0,0.0,12800,99
