avg_entropy,avg_reward_per_episode,best_tax_advantage,cumulative_reward,episode_count,invalid_count,loophole,loss,positive_reward_count,random_action_prob,random_exploration_count,run,seed,success_count,success_rate,total_steps,update
3.5366,-11.31666666666664,0,-135.79999999999967,12,123,barnes_group,2.382133980592092,0,0.25,30,0,1729,0,0.0,128,0
4.0639,-10.654999999999976,0,-127.85999999999972,12,115,barnes_group,0.832189659277598,0,0.2487,37,0,1729,0,0.0,256,1
4.2937,-10.574166666666647,0,-126.88999999999976,12,114,barnes_group,0.730274498462677,0,0.2475,34,0,1729,0,0.0,384,2
4.2177,-10.821666666666642,0,-129.8599999999997,12,117,barnes_group,0.8812320828437805,0,0.2463,33,0,1729,0,0.0,512,3
4.2269,-11.152499999999975,0,-133.8299999999997,12,121,barnes_group,0.8973747690518697,0,0.245,35,0,1729,0,0.0,640,4
4.381,-10.735833333333309,0,-128.8299999999997,12,116,barnes_group,0.7646102706591288,0,0.2438,35,0,1729,0,0.0,768,5
4.4408,-10.909166666666641,0,-130.90999999999968,12,118,barnes_group,0.8022539814313253,0,0.2426,27,0,1729,0,0.0,896,6
4.5513,-10.817499999999976,0,-129.80999999999972,12,117,barnes_group,0.8586279153823853,0,0.2414,31,0,1729,0,0.0,1024,7
4.3552,-10.737499999999976,0,-128.8499999999997,12,116,barnes_group,0.7646632393201193,0,0.2402,21,0,1729,0,0.0,1152,8
4.223,-10.182499999999983,0,-122.1899999999998,12,109,barnes_group,0.715070386727651,0,0.239,28,0,1729,0,0.0,1280,9
4.4227,-9.928333333333315,0,-119.13999999999979,12,106,barnes_group,0.6709778904914856,0,0.2378,30,0,1729,0,0.0,1408,10
3.9023,-9.229999999999997,0,-110.75999999999996,12,97,barnes_group,0.550511360168457,0,0.2366,24,0,1729,0,0.0,1536,11
4.1253,-9.446666666666657,0,-113.35999999999989,12,100,barnes_group,0.5029049813747406,0,0.2354,30,0,1729,0,0.0,1664,12
4.2801,-9.851666666666645,0,-118.21999999999974,12,105,barnes_group,0.6036104361216227,0,0.2342,30,0,1729,0,0.0,1792,13
4.4413,-9.389166666666656,0,-112.66999999999986,12,99,barnes_group,0.4628983438014984,0,0.2331,28,0,1729,0,0.0,1920,14
4.5877,-10.342499999999985,0,-124.10999999999981,12,111,barnes_group,0.9025916655858358,0,0.2319,22,0,1729,0,0.0,2048,15
4.7259,-9.940833333333314,0,-119.28999999999976,12,106,barnes_group,0.6451165676116943,0,0.2307,38,0,1729,0,0.0,2176,16
4.6257,-10.028333333333318,0,-120.33999999999982,12,107,barnes_group,0.5741211771965027,0,0.2296,34,0,1729,0,0.0,2304,17
4.8158,-10.745833333333309,0,-128.9499999999997,12,116,barnes_group,0.7411306897799174,0,0.2284,33,0,1729,0,0.0,2432,18
4.409,-9.517499999999982,0,-114.2099999999998,12,101,barnes_group,0.5017668604850769,0,0.2273,25,0,1729,0,0.0,2560,19
3.9748,-9.864999999999979,0,-118.37999999999975,12,105,barnes_group,0.6428409020105997,0,0.2262,28,0,1729,0,0.0,2688,20
3.8314,-8.632499999999991,0,-103.58999999999989,12,90,barnes_group,0.5231975317001343,0,0.225,37,0,1729,0,0.0,2816,21
3.9898,-9.042499999999993,0,-108.50999999999992,12,95,barnes_group,0.37221256891886395,0,0.2239,24,0,1729,0,0.0,2944,22
4.0595,-8.803333333333313,0,-105.63999999999976,12,92,barnes_group,0.31648293137550354,0,0.2228,40,0,1729,0,0.0,3072,23
3.2371,-8.569166666666652,0,-102.82999999999981,12,89,barnes_group,0.38518967231114704,0,0.2217,25,0,1729,0,0.0,3200,24
3.1464,-8.434166666666666,0,-101.21,12,87,barnes_group,0.2507776468992233,0,0.2206,31,0,1729,0,0.0,3328,25
3.5306,-8.491666666666662,0,-101.89999999999993,12,88,barnes_group,0.4242626229921977,0,0.2195,30,0,1729,0,0.0,3456,26
3.3514,-8.817499999999987,0,-105.80999999999985,12,92,barnes_group,0.31192176540692645,0,0.2184,26,0,1729,0,0.0,3584,27
3.0049,-8.610833333333325,0,-103.3299999999999,12,89,barnes_group,0.3918851415316264,0,0.2173,34,0,1729,0,0.0,3712,28
3.0839,-8.447500000000003,0,-101.37000000000005,12,87,barnes_group,0.27305711309115094,0,0.2162,27,0,1729,0,0.0,3840,29
3.0088,-8.629166666666668,0,-103.55000000000003,12,89,barnes_group,0.33433862527211505,0,0.2151,23,0,1729,0,0.0,3968,30
3.4437,-8.464999999999998,0,-101.57999999999998,12,87,barnes_group,0.35311273733774823,0,0.214,32,0,1729,0,0.0,4096,31
3.39,-8.591666666666663,0,-103.09999999999997,12,89,barnes_group,0.49652262528737384,0,0.213,36,0,1729,0,0.0,4224,32
3.5026,-8.6775,0,-104.13000000000001,12,90,barnes_group,0.42960652709007263,0,0.2119,23,0,1729,0,0.0,4352,33
2.7625,-8.673333333333325,0,-104.0799999999999,12,90,barnes_group,0.4628605941931407,0,0.2108,26,0,1729,0,0.0,4480,34
2.8968,-9.154166666666661,0,-109.84999999999994,12,96,barnes_group,0.5104890465736389,0,0.2098,26,0,1729,0,0.0,4608,35
3.2457,-8.76083333333333,0,-105.12999999999997,12,91,barnes_group,0.42417850097020465,0,0.2087,26,0,1729,0,0.0,4736,36
3.5399,-8.524999999999997,0,-102.29999999999997,12,88,barnes_group,0.21186664203802744,0,0.2077,30,0,1729,0,0.0,4864,37
3.9048,-8.823333333333332,0,-105.88,12,92,barnes_group,0.40368690093358356,0,0.2066,24,0,1729,0,0.0,4992,38
3.6785,-8.747499999999995,0,-104.96999999999994,12,91,barnes_group,0.3935670554637909,0,0.2056,30,0,1729,0,0.0,5120,39
3.7717,-9.211666666666654,0,-110.53999999999984,12,97,barnes_group,0.5442164937655131,0,0.2046,28,0,1729,0,0.0,5248,40
3.6698,-9.404166666666649,0,-112.8499999999998,12,99,barnes_group,0.5108836889266968,0,0.2036,33,0,1729,0,0.0,5376,41
3.8643,-8.643333333333327,0,-103.71999999999993,12,90,barnes_group,0.23970536887645721,0,0.2025,36,0,1729,0,0.0,5504,42
4.3645,-9.796666666666658,0,-117.55999999999989,12,104,barnes_group,0.5569483240445455,0,0.2015,29,0,1729,0,0.0,5632,43
4.2433,-9.540833333333326,0,-114.48999999999992,12,101,barnes_group,0.5081549088160197,0,0.2005,24,0,1729,0,0.0,5760,44
4.247,-9.369166666666652,0,-112.42999999999982,12,99,barnes_group,0.41204412778218585,0,0.1995,31,0,1729,0,0.0,5888,45
3.8957,-8.47999999999999,0,-101.75999999999988,12,88,barnes_group,0.14825973411401114,0,0.1985,25,0,1729,0,0.0,6016,46
3.8189,-8.502499999999996,0,-102.02999999999996,12,88,barnes_group,0.22782235344250998,0,0.1975,28,0,1729,0,0.0,6144,47
4.031,-8.394166666666655,0,-100.72999999999986,12,87,barnes_group,0.13534716765085855,0,0.1965,24,0,1729,0,0.0,6272,48
3.4198,-8.38,0,-100.56000000000002,12,86,barnes_group,0.3038201729456584,0,0.1956,28,0,1729,0,0.0,6400,49
3.7552,-8.107500000000003,0,-97.29000000000005,12,83,barnes_group,0.29562289516131085,0,0.1946,24,0,1729,0,0.0,6528,50
4.0332,-9.220833333333328,0,-110.64999999999993,12,97,barnes_group,0.4259068965911865,0,0.1936,27,0,1729,0,0.0,6656,51
3.6934,-8.584999999999999,0,-103.01999999999998,12,89,barnes_group,0.28701357046763104,0,0.1926,28,0,1729,0,0.0,6784,52
3.9114,-8.82666666666666,0,-105.91999999999993,12,92,barnes_group,0.3109680116176605,0,0.1917,26,0,1729,0,0.0,6912,53
3.6303,-8.574166666666663,0,-102.88999999999996,12,89,barnes_group,0.26280059417088825,0,0.1907,24,0,1729,0,0.0,7040,54
3.9352,-9.038333333333325,0,-108.45999999999991,12,95,barnes_group,0.47078917423884076,0,0.1898,22,0,1729,0,0.0,7168,55
4.2755,-9.044999999999986,0,-108.53999999999984,12,95,barnes_group,0.2878015637397766,0,0.1888,29,0,1729,0,0.0,7296,56
3.7023,-8.599999999999996,0,-103.19999999999996,12,89,barnes_group,0.21548964579900107,0,0.1879,17,0,1729,0,0.0,7424,57
3.5207,-8.425833333333326,0,-101.10999999999991,12,87,barnes_group,0.3172557055950165,0,0.1869,25,0,1729,0,0.0,7552,58
3.994,-8.149999999999997,0,-97.79999999999997,12,84,barnes_group,0.2097128132979075,0,0.186,25,0,1729,0,0.0,7680,59
3.2704,-8.454166666666671,0,-101.45000000000006,12,87,barnes_group,0.2703649302323659,0,0.1851,24,0,1729,0,0.0,7808,60
3.681,-8.271666666666661,0,-99.25999999999993,12,85,barnes_group,0.21104036768277487,0,0.1841,30,0,1729,0,0.0,7936,61
3.786,-8.430833333333334,0,-101.17,12,87,barnes_group,0.31211309631665546,0,0.1832,28,0,1729,0,0.0,8064,62
3.5077,-8.422499999999992,0,-101.06999999999991,12,87,barnes_group,0.34574026862780255,0,0.1823,23,0,1729,0,0.0,8192,63
3.328,-8.608333333333336,0,-103.30000000000004,12,89,barnes_group,0.2906952102979024,0,0.1814,15,0,1729,0,0.0,8320,64
3.7048,-8.194999999999999,0,-98.33999999999999,12,84,barnes_group,0.29355619351069134,0,0.1805,29,0,1729,0,0.0,8448,65
3.5329,-8.359166666666665,0,-100.30999999999997,12,86,barnes_group,0.22696872552235922,0,0.1796,20,0,1729,0,0.0,8576,66
3.7132,-8.12083333333333,0,-97.44999999999996,12,83,barnes_group,0.3343519369761149,0,0.1787,23,0,1729,0,0.0,8704,67
3.8426,-8.495,0,-101.93999999999998,12,88,barnes_group,0.39059971769650775,0,0.1778,29,0,1729,0,0.0,8832,68
3.5095,-8.528333333333334,0,-102.34000000000002,12,88,barnes_group,0.22699693342049918,0,0.1769,15,0,1729,0,0.0,8960,69
3.391,-8.388333333333339,0,-100.66000000000007,12,86,barnes_group,0.2274138629436493,0,0.176,26,0,1729,0,0.0,9088,70
3.3797,-8.630833333333337,0,-103.57000000000004,12,89,barnes_group,0.2881592810153961,0,0.1751,12,0,1729,0,0.0,9216,71
4.0417,-8.569166666666655,0,-102.82999999999986,12,89,barnes_group,0.6130280693372091,0,0.1743,18,0,1729,0,0.0,9344,72
3.7873,-9.017499999999997,0,-108.20999999999995,12,94,barnes_group,0.4284760157267253,0,0.1734,18,0,1729,0,0.0,9472,73
3.824,-8.744166666666663,0,-104.92999999999996,12,91,barnes_group,0.34162365396817523,0,0.1725,17,0,1729,0,0.0,9600,74
3.866,-8.966666666666658,0,-107.5999999999999,12,94,barnes_group,0.3138607442378998,0,0.1717,20,0,1729,0,0.0,9728,75
4.3155,-8.833333333333334,0,-106,12,92,barnes_group,0.33243202169736225,0,0.1708,15,0,1729,0,0.0,9856,76
4.24,-8.445833333333328,0,-101.34999999999994,12,87,barnes_group,0.2541489402453105,0,0.1699,27,0,1729,0,0.0,9984,77
3.9285,-8.426666666666664,0,-101.11999999999996,12,87,barnes_group,0.34730566541353863,0,0.1691,16,0,1729,0,0.0,10112,78
3.9895,-8.104166666666666,0,-97.24999999999999,12,83,barnes_group,0.2779963215192159,0,0.1683,24,0,1729,0,0.0,10240,79
3.9923,-8.728333333333337,0,-104.74000000000004,12,91,barnes_group,0.3018900950749715,0,0.1674,25,0,1729,0,0.0,10368,80
3.3034,-8.470833333333337,0,-101.65000000000005,12,87,barnes_group,0.2978481551011403,0,0.1666,25,0,1729,0,0.0,10496,81
3.1164,-8.559166666666671,0,-102.71000000000005,12,88,barnes_group,0.2662942707538605,0,0.1657,13,0,1729,0,0.0,10624,82
3.2981,-8.459166666666667,0,-101.51,12,87,barnes_group,0.33483757575352985,0,0.1649,21,0,1729,0,0.0,10752,83
3.5745,-8.4475,0,-101.36999999999999,12,87,barnes_group,0.3746986389160156,0,0.1641,20,0,1729,0,0.0,10880,84
3.7034,-8.163333333333332,0,-97.95999999999998,12,84,barnes_group,0.31307506561279297,0,0.1633,14,0,1729,0,0.0,11008,85
3.8356,-8.2525,0,-99.02999999999999,12,85,barnes_group,0.23399289945761362,0,0.1625,16,0,1729,0,0.0,11136,86
3.7201,-8.625833333333333,0,-103.50999999999999,12,89,barnes_group,0.20987347265084585,0,0.1616,16,0,1729,0,0.0,11264,87
4.1902,-8.576666666666664,0,-102.91999999999997,12,89,barnes_group,0.2759176790714264,0,0.1608,19,0,1729,0,0.0,11392,88
3.6055,-7.991666666666661,0,-95.89999999999993,12,82,barnes_group,0.27179856101671857,0,0.16,16,0,1729,0,0.0,11520,89
3.8826,-8.21666666666666,0,-98.59999999999992,12,85,barnes_group,0.3609683116277059,0,0.1592,22,0,1729,0,0.0,11648,90
3.8034,-8.16166666666666,0,-97.93999999999993,12,84,barnes_group,0.24606923262278238,0,0.1584,27,0,1729,0,0.0,11776,91
3.3834,-7.507499999999997,0,-90.08999999999996,12,76,barnes_group,0.09993379811445872,0,0.1576,17,0,1729,0,0.0,11904,92
3.4455,-8.340000000000002,0,-100.08000000000001,12,86,barnes_group,0.3117111921310425,0,0.1569,18,0,1729,0,0.0,12032,93
3.4698,-7.69083333333333,0,-92.28999999999996,12,78,barnes_group,0.2095946023861567,0,0.1561,25,0,1729,0,0.0,12160,94
3.9077,-8.804999999999996,0,-105.65999999999995,12,92,barnes_group,0.3881336251894633,0,0.1553,19,0,1729,0,0.0,12288,95
3.546,-8.247499999999997,0,-98.96999999999996,12,85,barnes_group,0.45075814922650653,0,0.1545,20,0,1729,0,0.0,12416,96
3.1359,-8.547500000000007,0,-102.57000000000008,12,88,barnes_group,0.2591554919878642,0,0.1537,16,0,1729,0,0.0,12544,97
3.3168,-8.434999999999997,0,-101.21999999999996,12,87,barnes_group,0.307827631632487,0,0.153,23,0,1729,0,0.0,12672,98
3.5525,-8.25416666666666,0,-99.04999999999991,12,85,barnes_group,0.2752094765504201,0,0.1522,19,0,1729,0,0.0,12800,99
2.8368,-11.233333333333306,0,-134.79999999999967,12,122,barnes_group,1.0907393892606099,0,0.25,31,1,1730,0,0.0,128,0
3.4458,-10.239999999999979,0,-122.87999999999974,12,110,barnes_group,0.7461918989817301,0,0.2487,32,1,1730,0,0.0,256,1
3.4435,-10.984166666666644,0,-131.80999999999972,12,119,barnes_group,0.8843129674593607,0,0.2475,26,1,1730,0,0.0,384,2
4.2181,-10.990833333333311,0,-131.88999999999973,12,119,barnes_group,0.9736322363217672,0,0.2463,33,1,1730,0,0.0,512,3
3.994,-10.569166666666643,0,-126.82999999999971,12,114,barnes_group,0.753663182258606,0,0.245,29,1,1730,0,0.0,640,4
4.0141,-10.984166666666644,0,-131.80999999999972,12,119,barnes_group,0.7608048518498739,0,0.2438,33,1,1730,0,0.0,768,5
3.6453,-10.407499999999978,0,-124.88999999999973,12,112,barnes_group,0.73346346616745,0,0.2426,32,1,1730,0,0.0,896,6
3.9593,-10.988333333333308,0,-131.8599999999997,12,119,barnes_group,0.8638622562090555,0,0.2414,40,1,1730,0,0.0,1024,7
3.9356,-11.233333333333306,0,-134.79999999999967,12,122,barnes_group,0.861551304658254,0,0.2402,25,1,1730,0,0.0,1152,8
4.1527,-11.483333333333306,0,-137.79999999999967,12,125,barnes_group,0.9940529664357504,0,0.239,32,1,1730,0,0.0,1280,9
4.169,-11.483333333333306,0,-137.79999999999967,12,125,barnes_group,0.8722259004910787,0,0.2378,26,1,1730,0,0.0,1408,10
3.8126,-11.31666666666664,0,-135.79999999999967,12,123,barnes_group,0.8129894137382507,0,0.2366,22,1,1730,0,0.0,1536,11
4.1419,-11.076666666666641,0,-132.9199999999997,12,120,barnes_group,1.1610175371170044,0,0.2354,36,1,1730,0,0.0,1664,12
4.0676,-11.316666666666642,0,-135.7999999999997,12,123,barnes_group,0.8889656066894531,0,0.2342,39,1,1730,0,0.0,1792,13
3.7728,-11.15166666666664,0,-133.81999999999968,12,121,barnes_group,0.7634564638137817,0,0.2331,22,1,1730,0,0.0,1920,14
4.0773,-11.400833333333305,0,-136.80999999999966,12,124,barnes_group,0.9515635768572489,0,0.2319,34,1,1730,0,0.0,2048,15
3.954,-11.399999999999972,0,-136.79999999999967,12,124,barnes_group,1.0088259776433308,0,0.2307,32,1,1730,0,0.0,2176,16
4.1391,-11.56666666666664,0,-138.79999999999967,12,126,barnes_group,0.8527388374010721,0,0.2296,24,1,1730,0,0.0,2304,17
4.249,-11.321666666666642,0,-135.8599999999997,12,123,barnes_group,0.8427662054697672,0,0.2284,30,1,1730,0,0.0,2432,18
3.9724,-11.31666666666664,0,-135.79999999999967,12,123,barnes_group,0.8887607455253601,0,0.2273,26,1,1730,0,0.0,2560,19
3.965,-11.074166666666644,0,-132.88999999999973,12,120,barnes_group,0.81588743130366,0,0.2262,26,1,1730,0,0.0,2688,20
4.5256,-11.234999999999973,0,-134.81999999999968,12,122,barnes_group,0.8383837143580118,0,0.225,32,1,1730,0,0.0,2816,21
4.3342,-11.399999999999972,0,-136.79999999999967,12,124,barnes_group,0.8382866183916727,0,0.2239,28,1,1730,0,0.0,2944,22
4.2874,-11.233333333333306,0,-134.79999999999967,12,122,barnes_group,0.7503553628921509,0,0.2228,18,1,1730,0,0.0,3072,23
4.6568,-11.23416666666664,0,-134.8099999999997,12,122,barnes_group,0.887815515200297,0,0.2217,30,1,1730,0,0.0,3200,24
4.701,-11.066666666666642,0,-132.7999999999997,12,120,barnes_group,0.964587132136027,0,0.2206,26,1,1730,0,0.0,3328,25
4.0876,-11.149999999999975,0,-133.7999999999997,12,121,barnes_group,0.8513155182202657,0,0.2195,27,1,1730,0,0.0,3456,26
4.4245,-11.56666666666664,0,-138.79999999999967,12,126,barnes_group,1.6279669602711995,0,0.2184,31,1,1730,0,0.0,3584,27
4.0628,-11.233333333333306,0,-134.79999999999967,12,122,barnes_group,0.9233746925989786,0,0.2173,30,1,1730,0,0.0,3712,28
4.0014,-11.06666666666664,0,-132.79999999999967,12,120,barnes_group,0.8068265517552694,0,0.2162,35,1,1730,0,0.0,3840,29
3.9279,-11.07083333333331,0,-132.8499999999997,12,120,barnes_group,0.8109896779060364,0,0.2151,30,1,1730,0,0.0,3968,30
3.7159,-11.066666666666642,0,-132.7999999999997,12,120,barnes_group,0.7793452938397726,0,0.214,25,1,1730,0,0.0,4096,31
4.103,-11.071666666666642,0,-132.8599999999997,12,120,barnes_group,1.0396181344985962,0,0.213,36,1,1730,0,0.0,4224,32
4.0006,-11.31666666666664,0,-135.79999999999967,12,123,barnes_group,0.9186068574587504,0,0.2119,26,1,1730,0,0.0,4352,33
3.7562,-11.399999999999972,0,-136.79999999999967,12,124,barnes_group,1.020645300547282,0,0.2108,27,1,1730,0,0.0,4480,34
3.3605,-11.31666666666664,0,-135.79999999999967,12,123,barnes_group,0.8504061102867126,0,0.2098,21,1,1730,0,0.0,4608,35
3.3566,-10.90666666666664,0,-130.87999999999968,12,118,barnes_group,0.8708820740381876,0,0.2087,33,1,1730,0,0.0,4736,36
3.8846,-11.153333333333308,0,-133.8399999999997,12,121,barnes_group,1.0004451672236125,0,0.2077,24,1,1730,0,0.0,4864,37
3.8472,-10.233333333333311,0,-122.79999999999973,12,110,barnes_group,0.691669742266337,0,0.2066,22,1,1730,0,0.0,4992,38
3.9829,-8.742499999999984,0,-104.9099999999998,12,92,barnes_group,0.4477495352427165,0,0.2056,23,1,1730,0,0.0,5120,39
4.0934,-9.820833333333312,0,-117.84999999999974,12,105,barnes_group,0.6627843777338663,0,0.2046,32,1,1730,0,0.0,5248,40
4.3782,-10.566666666666643,0,-126.79999999999971,12,114,barnes_group,0.7558342417081197,0,0.2036,38,1,1730,0,0.0,5376,41
3.9048,-9.899999999999979,0,-118.79999999999976,12,106,barnes_group,0.6493115822474161,0,0.2025,32,1,1730,0,0.0,5504,42
3.9383,-10.399999999999975,0,-124.79999999999971,12,112,barnes_group,1.0461280941963196,0,0.2015,22,1,1730,0,0.0,5632,43
4.0061,-9.566666666666645,0,-114.79999999999974,12,102,barnes_group,0.5464654962221781,0,0.2005,33,1,1730,0,0.0,5760,44
3.9422,-9.902499999999979,0,-118.82999999999974,12,106,barnes_group,0.5800781846046448,0,0.1995,27,1,1730,0,0.0,5888,45
4.3065,-10.316666666666643,0,-123.79999999999973,12,111,barnes_group,0.6319262782732645,0,0.1985,24,1,1730,0,0.0,6016,46
4.3456,-9.899999999999977,0,-118.79999999999973,12,106,barnes_group,0.5132275819778442,0,0.1975,23,1,1730,0,0.0,6144,47
4.4378,-9.984166666666644,0,-119.80999999999973,12,107,barnes_group,0.9657861193021139,0,0.1965,37,1,1730,0,0.0,6272,48
4.6211,-10.733333333333308,0,-128.7999999999997,12,116,barnes_group,0.7659661769866943,0,0.1956,27,1,1730,0,0.0,6400,49
4.1684,-11.07333333333331,0,-132.8799999999997,12,120,barnes_group,1.0228003064791362,0,0.1946,34,1,1730,0,0.0,6528,50
3.8027,-10.899999999999975,0,-130.7999999999997,12,118,barnes_group,0.8312719265619913,0,0.1936,28,1,1730,0,0.0,6656,51
3.5212,-9.816666666666643,0,-117.79999999999971,12,105,barnes_group,0.5725990335146586,0,0.1926,22,1,1730,0,0.0,6784,52
3.9768,-10.48583333333331,0,-125.82999999999973,12,113,barnes_group,0.7325582305590311,0,0.1917,31,1,1730,0,0.0,6912,53
3.6421,-9.98333333333331,0,-119.79999999999971,12,107,barnes_group,0.6101570924123129,0,0.1907,26,1,1730,0,0.0,7040,54
3.44,-9.408333333333312,0,-112.89999999999975,12,100,barnes_group,0.5104866425196329,0,0.1898,29,1,1730,0,0.0,7168,55
3.3688,-8.89999999999998,0,-106.79999999999977,12,94,barnes_group,0.5780414541562399,0,0.1888,30,1,1730,0,0.0,7296,56
2.781,-9.066666666666647,0,-108.79999999999977,12,96,barnes_group,0.495305856068929,0,0.1879,26,1,1730,0,0.0,7424,57
2.4371,-8.734166666666649,0,-104.80999999999979,12,92,barnes_group,0.4146564205487569,0,0.1869,17,1,1730,0,0.0,7552,58
2.7427,-8.659166666666655,0,-103.90999999999985,12,91,barnes_group,0.43715476989746094,0,0.186,28,1,1730,0,0.0,7680,59
2.7839,-9.066666666666647,0,-108.79999999999977,12,96,barnes_group,0.4688471059004466,0,0.1851,26,1,1730,0,0.0,7808,60
2.783,-8.489166666666652,0,-101.86999999999982,12,89,barnes_group,0.361823171377182,0,0.1841,31,1,1730,0,0.0,7936,61
2.5164,-7.98833333333332,0,-95.85999999999984,12,83,barnes_group,1.0228213866551716,0,0.1832,26,1,1730,0,0.0,8064,62
2.1682,-8.149999999999986,0,-97.79999999999984,12,85,barnes_group,0.3743959267934163,0,0.1823,15,1,1730,0,0.0,8192,63
2.226,-7.899999999999987,0,-94.79999999999984,12,82,barnes_group,0.2542343984047572,0,0.1814,26,1,1730,0,0.0,8320,64
2.2588,-7.323333333333324,0,-87.8799999999999,12,75,barnes_group,0.22165255745251974,0,0.1805,26,1,1730,0,0.0,8448,65
2.1988,-7.324166666666656,0,-87.88999999999987,12,75,barnes_group,0.21042808890342712,0,0.1796,23,1,1730,0,0.0,8576,66
2.3055,-7.316666666666658,0,-87.7999999999999,12,75,barnes_group,0.29922107855478924,0,0.1787,27,1,1730,0,0.0,8704,67
1.8867,-7.566666666666656,0,-90.79999999999987,12,78,barnes_group,0.22557674845059714,0,0.1778,11,1,1730,0,0.0,8832,68
2.3559,-7.233333333333323,0,-86.79999999999987,12,74,barnes_group,0.30849815408388775,0,0.1769,24,1,1730,0,0.0,8960,69
2.3745,-7.068333333333327,0,-84.81999999999992,12,72,barnes_group,0.3827749143044154,0,0.176,23,1,1730,0,0.0,9088,70
2.4438,-7.566666666666656,0,-90.79999999999987,12,78,barnes_group,0.2019993265469869,0,0.1751,19,1,1730,0,0.0,9216,71
2.5686,-7.483333333333323,0,-89.79999999999987,12,77,barnes_group,0.2661726673444112,0,0.1743,19,1,1730,0,0.0,9344,72
2.7566,-7.316666666666659,0,-87.79999999999991,12,75,barnes_group,0.42259688178698224,0,0.1734,24,1,1730,0,0.0,9472,73
2.4636,-7.485833333333322,0,-89.82999999999987,12,77,barnes_group,0.2804944117863973,0,0.1725,26,1,1730,0,0.0,9600,74
2.3639,-7.566666666666656,0,-90.79999999999987,12,78,barnes_group,0.24472241600354513,0,0.1717,22,1,1730,0,0.0,9728,75
2.4731,-7.319999999999992,0,-87.8399999999999,12,75,barnes_group,0.2905079921086629,0,0.1708,24,1,1730,0,0.0,9856,76
2.5275,-7.733333333333321,0,-92.79999999999986,12,80,barnes_group,0.3968348403771718,0,0.1699,22,1,1730,0,0.0,9984,77
2.648,-7.574999999999989,0,-90.89999999999986,12,78,barnes_group,0.2936830321947734,0,0.1691,26,1,1730,0,0.0,10112,78
2.5195,-7.649999999999989,0,-91.79999999999987,12,79,barnes_group,0.3396120270093282,0,0.1683,22,1,1730,0,0.0,10240,79
2.4833,-7.162499999999992,0,-85.9499999999999,12,73,barnes_group,0.3008878032366435,0,0.1674,26,1,1730,0,0.0,10368,80
2.1404,-7.153333333333326,0,-85.83999999999992,12,73,barnes_group,0.1973808854818344,0,0.1666,20,1,1730,0,0.0,10496,81
1.706,-6.819999999999994,0,-81.83999999999993,12,69,barnes_group,0.18551144500573477,0,0.1657,15,1,1730,0,0.0,10624,82
1.9761,-7.483333333333323,0,-89.79999999999987,12,77,barnes_group,0.19733000795046488,0,0.1649,19,1,1730,0,0.0,10752,83
1.9775,-7.067499999999993,0,-84.80999999999992,12,72,barnes_group,0.28656697273254395,0,0.1641,22,1,1730,0,0.0,10880,84
1.6877,-6.899999999999994,0,-82.79999999999993,12,70,barnes_group,0.19828990598519644,0,0.1633,20,1,1730,0,0.0,11008,85
2.0952,-7.2333333333333245,0,-86.7999999999999,12,74,barnes_group,0.6133672595024109,0,0.1625,25,1,1730,0,0.0,11136,86
2.4081,-7.4016666666666575,0,-88.8199999999999,12,76,barnes_group,0.2491394281387329,0,0.1616,23,1,1730,0,0.0,11264,87
2.2947,-7.316666666666658,0,-87.7999999999999,12,75,barnes_group,0.24826630453268686,0,0.1608,17,1,1730,0,0.0,11392,88
2.0861,-7.566666666666656,0,-90.79999999999987,12,78,barnes_group,0.21571451922257742,0,0.16,17,1,1730,0,0.0,11520,89
2.2134,-7.399999999999989,0,-88.79999999999987,12,76,barnes_group,0.4581366380055745,0,0.1592,22,1,1730,0,0.0,11648,90
2.3136,-8.152499999999987,0,-97.82999999999984,12,85,barnes_group,0.36446500817934674,0,0.1584,25,1,1730,0,0.0,11776,91
2.5696,-8.399999999999986,0,-100.79999999999984,12,88,barnes_group,0.425963173309962,0,0.1576,22,1,1730,0,0.0,11904,92
2.7466,-8.154166666666653,0,-97.84999999999984,12,85,barnes_group,0.3349469204743703,0,0.1569,18,1,1730,0,0.0,12032,93
2.8158,-7.733333333333321,0,-92.79999999999986,12,80,barnes_group,0.3272895912329356,0,0.1561,22,1,1730,0,0.0,12160,94
2.8816,-7.569166666666657,0,-90.82999999999988,12,78,barnes_group,0.21608003973960876,0,0.1553,23,1,1730,0,0.0,12288,95
2.7484,-7.73333333333332,0,-92.79999999999984,12,80,barnes_group,0.22205201784769693,0,0.1545,23,1,1730,0,0.0,12416,96
2.613,-7.733333333333323,0,-92.79999999999987,12,80,barnes_group,0.30916135509808856,0,0.1537,16,1,1730,0,0.0,12544,97
2.5528,-7.649999999999988,0,-91.79999999999986,12,79,barnes_group,0.20212880770365396,0,0.153,13,1,1730,0,0.0,12672,98
2.5231,-7.649999999999988,0,-91.79999999999986,12,79,barnes_group,0.23355994125207266,0,0.1522,12,1,1730,0,0.0,12800,99
3.5733,-9.21916666666665,0,-110.6299999999998,12,97,barnes_group,0.6242838501930237,0,0.25,31,2,1731,0,0.0,128,0
3.027,-8.674999999999995,0,-104.09999999999994,12,90,barnes_group,0.5222887396812439,0,0.2487,28,2,1731,0,0.0,256,1
4.2029,-10.34333333333331,0,-124.11999999999973,12,111,barnes_group,1.0121525724728901,0,0.2475,33,2,1731,0,0.0,384,2
3.2254,-8.834166666666663,0,-106.00999999999996,12,92,barnes_group,0.4485767384370168,0,0.2463,24,2,1731,0,0.0,512,3
3.2356,-8.454166666666664,0,-101.44999999999997,12,87,barnes_group,0.5175169706344604,0,0.245,37,2,1731,0,0.0,640,4
3.2482,-8.853333333333325,0,-106.2399999999999,12,92,barnes_group,0.5325545271237692,0,0.2438,36,2,1731,0,0.0,768,5
3.8907,-10.584999999999976,0,-127.01999999999971,12,114,barnes_group,0.8570056955019633,0,0.2426,35,2,1731,0,0.0,896,6
3.6588,-9.454166666666653,0,-113.44999999999985,12,100,barnes_group,0.5488028724988302,0,0.2414,30,2,1731,0,0.0,1024,7
3.962,-9.282499999999994,0,-111.38999999999992,12,98,barnes_group,0.5752554337183634,0,0.2402,37,2,1731,0,0.0,1152,8
3.9079,-8.730833333333328,0,-104.76999999999992,12,91,barnes_group,0.48504213492075604,0,0.239,38,2,1731,0,0.0,1280,9
3.1812,-8.612499999999999,0,-103.35,12,89,barnes_group,0.5020564695199331,0,0.2378,31,2,1731,0,0.0,1408,10
3.5497,-8.591666666666663,0,-103.09999999999997,12,89,barnes_group,0.5794260303179423,0,0.2366,23,2,1731,0,0.0,1536,11
3.6573,-8.814166666666663,0,-105.76999999999995,12,92,barnes_group,0.42636863390604657,0,0.2354,31,2,1731,0,0.0,1664,12
3.0618,-8.831666666666662,0,-105.97999999999993,12,92,barnes_group,0.908267597357432,0,0.2342,25,2,1731,0,0.0,1792,13
3.1313,-9.001666666666654,0,-108.01999999999985,12,94,barnes_group,0.6279703974723816,0,0.2331,36,2,1731,0,0.0,1920,14
2.8369,-8.826666666666656,0,-105.91999999999987,12,92,barnes_group,0.47418976823488873,0,0.2319,21,2,1731,0,0.0,2048,15
2.9734,-8.620000000000005,0,-103.44000000000005,12,89,barnes_group,0.46541211009025574,0,0.2307,29,2,1731,0,0.0,2176,16
3.5278,-8.749166666666662,0,-104.98999999999994,12,91,barnes_group,0.38997888565063477,0,0.2296,30,2,1731,0,0.0,2304,17
3.7959,-8.827499999999995,0,-105.92999999999995,12,92,barnes_group,0.39321232835451764,0,0.2284,32,2,1731,0,0.0,2432,18
3.3472,-8.839166666666666,0,-106.06999999999998,12,92,barnes_group,0.3365924656391144,0,0.2273,31,2,1731,0,0.0,2560,19
3.6946,-8.758333333333328,0,-105.09999999999994,12,91,barnes_group,0.4614604413509369,0,0.2262,28,2,1731,0,0.0,2688,20
3.7188,-9.083333333333327,0,-108.99999999999991,12,95,barnes_group,0.4449932376543681,0,0.225,21,2,1731,0,0.0,2816,21
3.9047,-8.988333333333324,0,-107.85999999999989,12,94,barnes_group,0.46236886580785114,0,0.2239,30,2,1731,0,0.0,2944,22
3.4221,-8.705,0,-104.46,12,90,barnes_group,0.29352259635925293,0,0.2228,23,2,1731,0,0.0,3072,23
3.4839,-8.546666666666674,0,-102.56000000000009,12,88,barnes_group,0.425853172938029,0,0.2217,29,2,1731,0,0.0,3200,24
3.4942,-8.472500000000002,0,-101.67000000000003,12,87,barnes_group,0.38442836205164593,0,0.2206,28,2,1731,0,0.0,3328,25
3.7749,-8.693333333333335,0,-104.32000000000002,12,90,barnes_group,0.40346898635228473,0,0.2195,25,2,1731,0,0.0,3456,26
3.7243,-8.769999999999994,0,-105.23999999999994,12,91,barnes_group,0.36944671471913654,0,0.2184,28,2,1731,0,0.0,3584,27
2.7078,-8.757500000000006,0,-105.09000000000006,12,91,barnes_group,0.47879738608996075,0,0.2173,19,2,1731,0,0.0,3712,28
2.8744,-8.68916666666667,0,-104.27000000000004,12,90,barnes_group,0.4538601040840149,0,0.2162,28,2,1731,0,0.0,3840,29
3.5477,-8.685833333333331,0,-104.22999999999998,12,90,barnes_group,0.29528631766637164,0,0.2151,27,2,1731,0,0.0,3968,30
3.9485,-8.6225,0,-103.47000000000001,12,89,barnes_group,0.269086092710495,0,0.214,25,2,1731,0,0.0,4096,31
3.598,-8.54916666666667,0,-102.59000000000003,12,88,barnes_group,0.3293341596921285,0,0.213,30,2,1731,0,0.0,4224,32
3.4305,-8.687500000000002,0,-104.25000000000003,12,90,barnes_group,0.46085647741953534,0,0.2119,31,2,1731,0,0.0,4352,33
3.5142,-8.618333333333338,0,-103.42000000000006,12,89,barnes_group,0.3621313174565633,0,0.2108,27,2,1731,0,0.0,4480,34
3.2891,-8.62583333333333,0,-103.50999999999998,12,89,barnes_group,0.33528127272923786,0,0.2098,26,2,1731,0,0.0,4608,35
3.5512,-8.700000000000001,0,-104.4,12,90,barnes_group,0.3338587284088135,0,0.2087,27,2,1731,0,0.0,4736,36
3.2782,-8.530833333333332,0,-102.36999999999999,12,88,barnes_group,0.3094385365645091,0,0.2077,25,2,1731,0,0.0,4864,37
3.0895,-8.385833333333338,0,-100.63000000000005,12,86,barnes_group,0.24627232551574707,0,0.2066,26,2,1731,0,0.0,4992,38
3.331,-8.631666666666666,0,-103.58,12,89,barnes_group,0.35149165987968445,0,0.2056,24,2,1731,0,0.0,5120,39
3.7242,-8.768333333333333,0,-105.22,12,91,barnes_group,0.3325944443543752,0,0.2046,23,2,1731,0,0.0,5248,40
3.8363,-8.833333333333334,0,-106.00000000000001,12,92,barnes_group,0.27650434772173565,0,0.2036,22,2,1731,0,0.0,5376,41
3.5836,-8.763333333333334,0,-105.16,12,91,barnes_group,0.3458521564801534,0,0.2025,25,2,1731,0,0.0,5504,42
4.2624,-8.823333333333327,0,-105.87999999999992,12,92,barnes_group,0.33782167236010235,0,0.2015,33,2,1731,0,0.0,5632,43
4.5064,-8.98833333333333,0,-107.85999999999996,12,94,barnes_group,0.3118411898612976,0,0.2005,20,2,1731,0,0.0,5760,44
4.1972,-8.51083333333334,0,-102.13000000000008,12,88,barnes_group,0.2666746775309245,0,0.1995,22,2,1731,0,0.0,5888,45
3.9429,-8.6075,0,-103.29,12,89,barnes_group,0.20761215190092722,0,0.1985,24,2,1731,0,0.0,6016,46
3.9339,-8.353333333333333,0,-100.24000000000001,12,86,barnes_group,0.20754440128803253,0,0.1975,26,2,1731,0,0.0,6144,47
3.6922,-8.610833333333327,0,-103.32999999999991,12,89,barnes_group,0.3048657774925232,0,0.1965,24,2,1731,0,0.0,6272,48
3.761,-8.518333333333329,0,-102.21999999999996,12,88,barnes_group,0.2071415682633718,0,0.1956,23,2,1731,0,0.0,6400,49
3.6027,-8.54916666666667,0,-102.59000000000003,12,88,barnes_group,0.3708982865015666,0,0.1946,18,2,1731,0,0.0,6528,50
3.8659,-8.44,0,-101.28,12,87,barnes_group,0.3814201056957245,0,0.1936,28,2,1731,0,0.0,6656,51
3.7888,-8.44833333333334,0,-101.38000000000008,12,87,barnes_group,0.3435632288455963,0,0.1926,24,2,1731,0,0.0,6784,52
4.5949,-9.128333333333318,0,-109.53999999999982,12,96,barnes_group,0.41239479184150696,0,0.1917,26,2,1731,0,0.0,6912,53
4.213,-8.330833333333333,0,-99.96999999999998,12,86,barnes_group,0.29313282171885174,0,0.1907,27,2,1731,0,0.0,7040,54
3.9751,-8.776666666666664,0,-105.31999999999996,12,91,barnes_group,0.456898957490921,0,0.1898,21,2,1731,0,0.0,7168,55
3.6067,-8.453333333333331,0,-101.43999999999998,12,87,barnes_group,0.2716016173362732,0,0.1888,22,2,1731,0,0.0,7296,56
3.8508,-8.842500000000003,0,-106.11000000000004,12,92,barnes_group,0.4300388693809509,0,0.1879,25,2,1731,0,0.0,7424,57
3.9415,-8.83416666666665,0,-106.0099999999998,12,92,barnes_group,0.38823844989140827,0,0.1869,18,2,1731,0,0.0,7552,58
4.0628,-9.074166666666654,0,-108.88999999999986,12,95,barnes_group,0.4030144115289052,0,0.186,16,2,1731,0,0.0,7680,59
4.3121,-8.8275,0,-105.93,12,92,barnes_group,0.2697794437408447,0,0.1851,22,2,1731,0,0.0,7808,60
4.4634,-8.904166666666656,0,-106.84999999999987,12,93,barnes_group,0.2331008861462275,0,0.1841,22,2,1731,0,0.0,7936,61
4.4394,-8.754999999999995,0,-105.05999999999995,12,91,barnes_group,0.18475071589152017,0,0.1832,21,2,1731,0,0.0,8064,62
4.0939,-8.580833333333334,0,-102.97000000000001,12,89,barnes_group,0.3804405132929484,0,0.1823,32,2,1731,0,0.0,8192,63
3.479,-8.289999999999997,0,-99.47999999999998,12,85,barnes_group,0.2063316951195399,0,0.1814,15,2,1731,0,0.0,8320,64
3.8731,-8.61583333333333,0,-103.38999999999996,12,89,barnes_group,0.31190258264541626,0,0.1805,31,2,1731,0,0.0,8448,65
3.8083,-8.518333333333336,0,-102.22000000000003,12,88,barnes_group,0.3604193429152171,0,0.1796,30,2,1731,0,0.0,8576,66
3.7363,-8.106666666666671,0,-97.28000000000004,12,83,barnes_group,0.23712819317976633,0,0.1787,14,2,1731,0,0.0,8704,67
4.5219,-8.555833333333329,0,-102.66999999999994,12,89,barnes_group,0.2120297501484553,0,0.1778,21,2,1731,0,0.0,8832,68
4.1892,-8.57999999999999,0,-102.95999999999988,12,89,barnes_group,0.33059736092885333,0,0.1769,22,2,1731,0,0.0,8960,69
4.5297,-8.897499999999999,0,-106.76999999999998,12,93,barnes_group,0.24776020646095276,0,0.176,27,2,1731,0,0.0,9088,70
4.0476,-8.251666666666663,0,-99.01999999999995,12,85,barnes_group,0.16377214094003043,0,0.1751,25,2,1731,0,0.0,9216,71
3.9368,-8.518333333333329,0,-102.21999999999996,12,88,barnes_group,0.29042454560597736,0,0.1743,21,2,1731,0,0.0,9344,72
4.0159,-8.114166666666664,0,-97.36999999999998,12,83,barnes_group,0.1825162669022878,0,0.1734,19,2,1731,0,0.0,9472,73
4.1825,-8.494166666666663,0,-101.92999999999995,12,88,barnes_group,0.25764860212802887,0,0.1725,17,2,1731,0,0.0,9600,74
3.8245,-8.687499999999996,0,-104.24999999999996,12,90,barnes_group,0.27943814794222516,0,0.1717,28,2,1731,0,0.0,9728,75
3.652,-8.358333333333336,0,-100.30000000000004,12,86,barnes_group,0.3184531629085541,0,0.1708,27,2,1731,0,0.0,9856,76
3.0939,-8.285000000000004,0,-99.42000000000004,12,85,barnes_group,0.27402157584826153,0,0.1699,15,2,1731,0,0.0,9984,77
3.5894,-8.52833333333333,0,-102.33999999999996,12,88,barnes_group,0.3085080683231354,0,0.1691,22,2,1731,0,0.0,10112,78
3.848,-8.1575,0,-97.89,12,84,barnes_group,0.16973170638084412,0,0.1683,25,2,1731,0,0.0,10240,79
3.3844,-8.53833333333333,0,-102.45999999999997,12,88,barnes_group,0.32202667991320294,0,0.1674,25,2,1731,0,0.0,10368,80
3.2184,-8.461666666666666,0,-101.53999999999999,12,87,barnes_group,0.2736579179763794,0,0.1666,18,2,1731,0,0.0,10496,81
3.0901,-8.542500000000002,0,-102.51000000000003,12,88,barnes_group,0.3176700870196025,0,0.1657,19,2,1731,0,0.0,10624,82
3.1955,-8.385000000000003,0,-100.62000000000005,12,86,barnes_group,0.3373086055119832,0,0.1649,22,2,1731,0,0.0,10752,83
3.2727,-8.375000000000007,0,-100.50000000000009,12,86,barnes_group,0.34078775842984516,0,0.1641,22,2,1731,0,0.0,10880,84
3.2653,-8.217500000000006,0,-98.61000000000007,12,84,barnes_group,0.27381666501363117,0,0.1633,17,2,1731,0,0.0,11008,85
3.66,-8.109166666666676,0,-97.31000000000012,12,83,barnes_group,0.2833034197489421,0,0.1625,29,2,1731,0,0.0,11136,86
3.3426,-7.93583333333333,0,-95.22999999999996,12,81,barnes_group,0.22711686293284097,0,0.1616,24,2,1731,0,0.0,11264,87
3.3884,-7.540833333333334,0,-90.49000000000001,12,76,barnes_group,0.16464437047640482,0,0.1608,21,2,1731,0,0.0,11392,88
3.357,-7.8574999999999955,0,-94.28999999999995,12,80,barnes_group,0.11695346732934316,0,0.16,22,2,1731,0,0.0,11520,89
3.3355,-7.863333333333327,0,-94.35999999999993,12,80,barnes_group,0.14641314248243967,0,0.1592,20,2,1731,0,0.0,11648,90
3.4585,-7.594166666666662,0,-91.12999999999994,12,77,barnes_group,0.25233447551727295,0,0.1584,25,2,1731,0,0.0,11776,91
3.0345,-7.54,0,-90.48,12,76,barnes_group,0.07853208978970845,0,0.1576,17,2,1731,0,0.0,11904,92
2.8006,-7.693333333333329,0,-92.31999999999995,12,78,barnes_group,0.1552453488111496,0,0.1569,16,2,1731,0,0.0,12032,93
3.3266,-7.608333333333335,0,-91.30000000000003,12,77,barnes_group,0.30028821031252545,0,0.1561,25,2,1731,0,0.0,12160,94
3.2832,-7.680000000000001,0,-92.16000000000001,12,78,barnes_group,0.16558466851711273,0,0.1553,27,2,1731,0,0.0,12288,95
3.2713,-7.979166666666663,0,-95.74999999999996,12,82,barnes_group,0.19451373318831125,0,0.1545,14,2,1731,0,0.0,12416,96
3.4641,-7.749999999999999,0,-92.99999999999999,12,79,barnes_group,0.14969376226266226,0,0.1537,17,2,1731,0,0.0,12544,97
3.1325,-7.685833333333331,0,-92.22999999999998,12,78,barnes_group,0.21387764314810434,0,0.153,20,2,1731,0,0.0,12672,98
3.3527,-7.938333333333335,0,-95.26000000000002,12,81,barnes_group,0.1892019510269165,0,0.1522,25,2,1731,0,0.0,12800,99
2.4416,-11.077499999999974,0,-132.9299999999997,12,120,barnes_group,1.0168322324752808,0,0.25,40,3,1732,0,0.0,128,0
2.4351,-11.402499999999973,0,-136.82999999999967,12,124,barnes_group,1.2600592374801636,0,0.2487,38,3,1732,0,0.0,256,1
2.7694,-11.32083333333331,0,-135.8499999999997,12,123,barnes_group,0.9775122404098511,0,0.2475,30,3,1732,0,0.0,384,2
3.0902,-11.079166666666644,0,-132.94999999999973,12,120,barnes_group,0.8905474742253622,0,0.2463,28,3,1732,0,0.0,512,3
3.6569,-10.990833333333308,0,-131.8899999999997,12,119,barnes_group,0.8441781997680664,0,0.245,32,3,1732,0,0.0,640,4
3.8325,-10.742499999999973,0,-128.90999999999968,12,116,barnes_group,0.81358536084493,0,0.2438,34,3,1732,0,0.0,768,5
3.5561,-8.903333333333324,0,-106.83999999999989,12,93,barnes_group,0.6096365849177042,0,0.2426,30,3,1732,0,0.0,896,6
4.1171,-10.824166666666642,0,-129.8899999999997,12,117,barnes_group,0.7554247776667277,0,0.2414,38,3,1732,0,0.0,1024,7
3.953,-9.87166666666665,0,-118.45999999999981,12,105,barnes_group,0.6301882068316141,0,0.2402,26,3,1732,0,0.0,1152,8
4.0132,-10.751666666666646,0,-129.01999999999975,12,116,barnes_group,0.7530913551648458,0,0.239,36,3,1732,0,0.0,1280,9
3.983,-10.910833333333313,0,-130.92999999999975,12,118,barnes_group,0.7714964946111044,0,0.2378,31,3,1732,0,0.0,1408,10
3.9858,-9.780833333333321,0,-117.36999999999985,12,104,barnes_group,0.6679873863855997,0,0.2366,34,3,1732,0,0.0,1536,11
3.5806,-9.542499999999988,0,-114.50999999999986,12,101,barnes_group,0.5298293828964233,0,0.2354,31,3,1732,0,0.0,1664,12
3.3256,-10.02083333333332,0,-120.24999999999983,12,107,barnes_group,0.6777743299802145,0,0.2342,26,3,1732,0,0.0,1792,13
3.1345,-9.944166666666645,0,-119.32999999999974,12,106,barnes_group,0.6764014561971029,0,0.2331,27,3,1732,0,0.0,1920,14
3.374,-9.693333333333323,0,-116.31999999999988,12,103,barnes_group,1.3786052862803142,0,0.2319,28,3,1732,0,0.0,2048,15
2.9201,-8.837499999999993,0,-106.04999999999993,12,92,barnes_group,0.5939110318819681,0,0.2307,28,3,1732,0,0.0,2176,16
2.6173,-9.090000000000002,0,-109.08000000000001,12,95,barnes_group,0.4352660079797109,0,0.2296,32,3,1732,0,0.0,2304,17
2.8007,-8.780833333333328,0,-105.36999999999995,12,91,barnes_group,0.2904706398646037,0,0.2284,30,3,1732,0,0.0,2432,18
2.5071,-8.629999999999999,0,-103.55999999999999,12,89,barnes_group,0.4316922922929128,0,0.2273,26,3,1732,0,0.0,2560,19
2.8105,-8.924999999999994,0,-107.09999999999992,12,93,barnes_group,0.4718119303385417,0,0.2262,23,3,1732,0,0.0,2688,20
3.2053,-9.160000000000002,0,-109.92000000000003,12,96,barnes_group,0.39203449090321857,0,0.225,35,3,1732,0,0.0,2816,21
2.926,-8.538333333333336,0,-102.46000000000002,12,88,barnes_group,0.3001767198244731,0,0.2239,30,3,1732,0,0.0,2944,22
2.8289,-8.846666666666664,0,-106.15999999999997,12,92,barnes_group,0.4094314972559611,0,0.2228,30,3,1732,0,0.0,3072,23
2.8119,-8.630000000000004,0,-103.56000000000004,12,89,barnes_group,0.4994443158308665,0,0.2217,31,3,1732,0,0.0,3200,24
3.0697,-8.836666666666671,0,-106.04000000000005,12,92,barnes_group,0.43478970726331073,0,0.2206,23,3,1732,0,0.0,3328,25
3.2172,-8.915833333333328,0,-106.98999999999994,12,93,barnes_group,0.5398526787757874,0,0.2195,29,3,1732,0,0.0,3456,26
3.1898,-8.994999999999996,0,-107.93999999999994,12,94,barnes_group,0.5213210582733154,0,0.2184,35,3,1732,0,0.0,3584,27
2.6187,-8.545833333333336,0,-102.55000000000004,12,88,barnes_group,0.38741862773895264,0,0.2173,22,3,1732,0,0.0,3712,28
2.658,-8.860833333333328,0,-106.32999999999994,12,92,barnes_group,0.4637685815493266,0,0.2162,30,3,1732,0,0.0,3840,29
2.623,-8.635,0,-103.62,12,89,barnes_group,0.46672262748082477,0,0.2151,30,3,1732,0,0.0,3968,30
2.8466,-8.610833333333336,0,-103.33000000000003,12,89,barnes_group,0.38159584005673725,0,0.214,29,3,1732,0,0.0,4096,31
2.8519,-9.383333333333331,0,-112.59999999999997,12,99,barnes_group,0.5170149008433024,0,0.213,26,3,1732,0,0.0,4224,32
2.6988,-8.834166666666661,0,-106.00999999999993,12,92,barnes_group,0.4112083315849304,0,0.2119,24,3,1732,0,0.0,4352,33
2.137,-8.469166666666672,0,-101.63000000000007,12,87,barnes_group,0.39984045922756195,0,0.2108,16,3,1732,0,0.0,4480,34
2.1764,-8.549166666666666,0,-102.58999999999999,12,88,barnes_group,0.4808371663093567,0,0.2098,26,3,1732,0,0.0,4608,35
2.0916,-8.620833333333332,0,-103.44999999999999,12,89,barnes_group,0.544850766658783,0,0.2087,32,3,1732,0,0.0,4736,36
2.2171,-8.632500000000002,0,-103.59000000000002,12,89,barnes_group,0.49450234572092694,0,0.2077,26,3,1732,0,0.0,4864,37
2.0598,-8.568333333333337,0,-102.82000000000005,12,88,barnes_group,0.5577625036239624,0,0.2066,25,3,1732,0,0.0,4992,38
2.329,-8.54916666666667,0,-102.59000000000003,12,88,barnes_group,0.44750456015268963,0,0.2056,28,3,1732,0,0.0,5120,39
2.2887,-8.631666666666668,0,-103.58000000000001,12,89,barnes_group,0.5244043072064718,0,0.2046,22,3,1732,0,0.0,5248,40
2.4928,-8.640833333333335,0,-103.69000000000001,12,89,barnes_group,0.5324031909306844,0,0.2036,29,3,1732,0,0.0,5376,41
2.8141,-8.837499999999995,0,-106.04999999999994,12,92,barnes_group,0.5378514329592387,0,0.2025,25,3,1732,0,0.0,5504,42
2.864,-8.60333333333333,0,-103.23999999999997,12,89,barnes_group,0.4782191514968872,0,0.2015,30,3,1732,0,0.0,5632,43
2.9096,-8.904166666666654,0,-106.84999999999985,12,93,barnes_group,0.5027224818865458,0,0.2005,25,3,1732,0,0.0,5760,44
3.2715,-9.231666666666655,0,-110.77999999999986,12,97,barnes_group,0.7425502141316732,0,0.1995,30,3,1732,0,0.0,5888,45
2.729,-8.464166666666666,0,-101.56999999999998,12,87,barnes_group,0.41296042998631793,0,0.1985,24,3,1732,0,0.0,6016,46
2.4717,-8.650000000000004,0,-103.80000000000004,12,89,barnes_group,0.4575508236885071,0,0.1975,29,3,1732,0,0.0,6144,47
2.4984,-8.637500000000006,0,-103.65000000000008,12,89,barnes_group,0.5928677916526794,0,0.1965,29,3,1732,0,0.0,6272,48
2.5697,-8.638333333333339,0,-103.66000000000007,12,89,barnes_group,0.45149941245714825,0,0.1956,23,3,1732,0,0.0,6400,49
2.8478,-8.692499999999995,0,-104.30999999999995,12,90,barnes_group,0.34602513909339905,0,0.1946,24,3,1732,0,0.0,6528,50
3.07,-8.776666666666669,0,-105.32000000000004,12,91,barnes_group,0.7261665860811869,0,0.1936,22,3,1732,0,0.0,6656,51
2.899,-8.631666666666671,0,-103.58000000000006,12,89,barnes_group,0.3995610475540161,0,0.1926,33,3,1732,0,0.0,6784,52
3.2491,-8.696666666666667,0,-104.36,12,90,barnes_group,0.38136539856592816,0,0.1917,32,3,1732,0,0.0,6912,53
3.2348,-8.635000000000003,0,-103.62000000000003,12,89,barnes_group,0.3481317361195882,0,0.1907,31,3,1732,0,0.0,7040,54
3.1568,-8.614166666666668,0,-103.37000000000002,12,89,barnes_group,0.30310272177060443,0,0.1898,19,3,1732,0,0.0,7168,55
3.3518,-8.601666666666663,0,-103.21999999999996,12,89,barnes_group,1.2057035366694133,0,0.1888,24,3,1732,0,0.0,7296,56
2.5005,-8.462500000000002,0,-101.55000000000003,12,87,barnes_group,0.42376341422398883,0,0.1879,19,3,1732,0,0.0,7424,57
2.5192,-8.622500000000008,0,-103.4700000000001,12,89,barnes_group,0.40859243273735046,0,0.1869,26,3,1732,0,0.0,7552,58
2.7067,-8.450000000000008,0,-101.40000000000009,12,87,barnes_group,0.40237024426460266,0,0.186,20,3,1732,0,0.0,7680,59
2.6925,-8.62666666666667,0,-103.52000000000005,12,89,barnes_group,0.25193630655606586,0,0.1851,21,3,1732,0,0.0,7808,60
2.3136,-8.626666666666674,0,-103.5200000000001,12,89,barnes_group,0.3704397678375244,0,0.1841,18,3,1732,0,0.0,7936,61
2.4152,-8.627500000000008,0,-103.5300000000001,12,89,barnes_group,0.4616868694623311,0,0.1832,24,3,1732,0,0.0,8064,62
2.3485,-8.538333333333329,0,-102.45999999999995,12,88,barnes_group,0.3028333783149719,0,0.1823,25,3,1732,0,0.0,8192,63
2.6868,-8.695833333333333,0,-104.35,12,90,barnes_group,0.38862812519073486,0,0.1814,27,3,1732,0,0.0,8320,64
2.9759,-8.692499999999997,0,-104.30999999999997,12,90,barnes_group,0.3791285256544749,0,0.1805,21,3,1732,0,0.0,8448,65
3.1536,-9.061666666666662,0,-108.73999999999995,12,95,barnes_group,0.5065948764483134,0,0.1796,20,3,1732,0,0.0,8576,66
3.2806,-8.67416666666667,0,-104.09000000000003,12,90,barnes_group,0.3109200894832611,0,0.1787,28,3,1732,0,0.0,8704,67
2.8273,-8.617500000000009,0,-103.4100000000001,12,89,barnes_group,0.45447584986686707,0,0.1778,27,3,1732,0,0.0,8832,68
2.7929,-8.685833333333328,0,-104.22999999999993,12,90,barnes_group,0.29886765281359357,0,0.1769,23,3,1732,0,0.0,8960,69
2.4438,-8.644166666666674,0,-103.73000000000009,12,89,barnes_group,0.4345886806646983,0,0.176,20,3,1732,0,0.0,9088,70
2.2496,-8.650000000000007,0,-103.80000000000008,12,89,barnes_group,0.4755041003227234,0,0.1751,21,3,1732,0,0.0,9216,71
2.6467,-8.642500000000007,0,-103.7100000000001,12,89,barnes_group,0.4634399215380351,0,0.1743,24,3,1732,0,0.0,9344,72
2.7564,-8.784999999999995,0,-105.41999999999994,12,91,barnes_group,0.48910872141520184,0,0.1734,27,3,1732,0,0.0,9472,73
2.7256,-8.609999999999998,0,-103.31999999999998,12,89,barnes_group,0.40074048439661664,0,0.1725,17,3,1732,0,0.0,9600,74
2.8593,-8.631666666666668,0,-103.58000000000001,12,89,barnes_group,0.38153331478436786,0,0.1717,21,3,1732,0,0.0,9728,75
2.2488,-8.547500000000005,0,-102.57000000000005,12,88,barnes_group,0.31532825032869977,0,0.1708,18,3,1732,0,0.0,9856,76
2.562,-8.844166666666657,0,-106.12999999999988,12,92,barnes_group,0.399394412835439,0,0.1699,24,3,1732,0,0.0,9984,77
2.2955,-8.699166666666663,0,-104.38999999999996,12,90,barnes_group,0.40980954964955646,0,0.1691,24,3,1732,0,0.0,10112,78
2.1266,-8.629166666666672,0,-103.55000000000005,12,89,barnes_group,0.37609267234802246,0,0.1683,17,3,1732,0,0.0,10240,79
2.1609,-8.629166666666672,0,-103.55000000000007,12,89,barnes_group,0.5164608160654703,0,0.1674,24,3,1732,0,0.0,10368,80
2.2602,-8.636666666666672,0,-103.64000000000007,12,89,barnes_group,0.45326797167460126,0,0.1666,20,3,1732,0,0.0,10496,81
2.8303,-9.386666666666672,0,-112.64000000000006,12,99,barnes_group,0.649485170841217,0,0.1657,15,3,1732,0,0.0,10624,82
2.4004,-8.709166666666674,0,-104.51000000000009,12,90,barnes_group,0.5175622900327047,0,0.1649,19,3,1732,0,0.0,10752,83
2.9361,-9.148333333333332,0,-109.77999999999997,12,96,barnes_group,0.48641254504521686,0,0.1641,24,3,1732,0,0.0,10880,84
2.5259,-8.610833333333327,0,-103.32999999999991,12,89,barnes_group,0.4397090474764506,0,0.1633,26,3,1732,0,0.0,11008,85
2.1406,-8.611666666666665,0,-103.33999999999997,12,89,barnes_group,0.2773329516251882,0,0.1625,19,3,1732,0,0.0,11136,86
2.1162,-8.645000000000008,0,-103.7400000000001,12,89,barnes_group,0.3866736888885498,0,0.1616,17,3,1732,0,0.0,11264,87
2.0429,-8.562500000000005,0,-102.75000000000007,12,88,barnes_group,0.5746847788492838,0,0.1608,24,3,1732,0,0.0,11392,88
2.0685,-8.476666666666672,0,-101.72000000000007,12,87,barnes_group,0.4779873689015706,0,0.16,18,3,1732,0,0.0,11520,89
3.1526,-8.841666666666665,0,-106.09999999999998,12,92,barnes_group,0.4128863712151845,0,0.1592,23,3,1732,0,0.0,11648,90
2.7308,-8.609166666666662,0,-103.30999999999993,12,89,barnes_group,0.27291199564933777,0,0.1584,20,3,1732,0,0.0,11776,91
2.7021,-8.558333333333339,0,-102.70000000000006,12,88,barnes_group,0.33566470940907794,0,0.1576,23,3,1732,0,0.0,11904,92
2.6871,-8.63666666666667,0,-103.64000000000004,12,89,barnes_group,0.3974675436814626,0,0.1569,20,3,1732,0,0.0,12032,93
2.6794,-8.632500000000006,0,-103.59000000000006,12,89,barnes_group,0.4031013449033101,0,0.1561,20,3,1732,0,0.0,12160,94
2.6182,-8.637500000000003,0,-103.65000000000003,12,89,barnes_group,0.39955384532610577,0,0.1553,20,3,1732,0,0.0,12288,95
2.6572,-8.633333333333338,0,-103.60000000000007,12,89,barnes_group,0.3201850851376851,0,0.1545,16,3,1732,0,0.0,12416,96
2.6857,-8.621666666666675,0,-103.4600000000001,12,89,barnes_group,0.3823571503162384,0,0.1537,15,3,1732,0,0.0,12544,97
2.6959,-8.633333333333338,0,-103.60000000000007,12,89,barnes_group,0.31043946743011475,0,0.153,17,3,1732,0,0.0,12672,98
2.3848,-8.627499999999996,0,-103.52999999999996,12,89,barnes_group,0.3961580793062846,0,0.1522,19,3,1732,0,0.0,12800,99
3.9674,-11.318333333333308,0,-135.8199999999997,12,123,barnes_group,0.9216097195943197,0,0.25,35,4,1733,0,0.0,128,0
3.8879,-10.902499999999975,0,-130.8299999999997,12,118,barnes_group,0.916853149731954,0,0.2487,36,4,1733,0,0.0,256,1
3.7679,-10.90333333333331,0,-130.83999999999972,12,118,barnes_group,0.8558471202850342,0,0.2475,37,4,1733,0,0.0,384,2
4.48,-11.071666666666644,0,-132.85999999999973,12,120,barnes_group,0.8716758092244467,0,0.2463,32,4,1733,0,0.0,512,3
4.4901,-10.325833333333312,0,-123.90999999999974,12,111,barnes_group,0.7526315251986185,0,0.245,31,4,1733,0,0.0,640,4
3.7197,-9.539999999999981,0,-114.47999999999978,12,101,barnes_group,0.582330604394277,0,0.2438,24,4,1733,0,0.0,768,5
3.8196,-9.437499999999984,0,-113.2499999999998,12,100,barnes_group,0.5921276807785034,0,0.2426,34,4,1733,0,0.0,896,6
3.9381,-9.601666666666647,0,-115.21999999999977,12,102,barnes_group,0.6493856509526571,0,0.2414,34,4,1733,0,0.0,1024,7
4.0998,-9.297499999999989,0,-111.56999999999987,12,98,barnes_group,0.5272701183954874,0,0.2402,38,4,1733,0,0.0,1152,8
4.1764,-10.020833333333321,0,-120.24999999999986,12,107,barnes_group,0.604466994603475,0,0.239,42,4,1733,0,0.0,1280,9
4.0592,-10.67333333333331,0,-128.07999999999973,12,115,barnes_group,0.7255032459894816,0,0.2378,29,4,1733,0,0.0,1408,10
4.1769,-9.604166666666652,0,-115.24999999999982,12,102,barnes_group,0.5793171723683676,0,0.2366,24,4,1733,0,0.0,1536,11
4.2378,-9.52416666666665,0,-114.2899999999998,12,101,barnes_group,0.5075579981009165,0,0.2354,38,4,1733,0,0.0,1664,12
4.3416,-9.141666666666657,0,-109.69999999999989,12,96,barnes_group,0.5192152857780457,0,0.2342,34,4,1733,0,0.0,1792,13
4.6138,-9.856666666666655,0,-118.27999999999986,12,105,barnes_group,0.5638445814450582,0,0.2331,25,4,1733,0,0.0,1920,14
4.3764,-9.314166666666653,0,-111.76999999999983,12,98,barnes_group,0.4269986649354299,0,0.2319,30,4,1733,0,0.0,2048,15
4.9584,-9.84999999999999,0,-118.19999999999989,12,105,barnes_group,0.4920734365781148,0,0.2307,31,4,1733,0,0.0,2176,16
4.8933,-9.925833333333317,0,-119.10999999999981,12,106,barnes_group,0.5985528429349264,0,0.2296,21,4,1733,0,0.0,2304,17
4.7764,-9.68749999999999,0,-116.24999999999987,12,103,barnes_group,0.5887418190638224,0,0.2284,30,4,1733,0,0.0,2432,18
4.6486,-9.352499999999983,0,-112.2299999999998,12,99,barnes_group,0.4957770307858785,0,0.2273,31,4,1733,0,0.0,2560,19
4.4898,-9.06166666666665,0,-108.7399999999998,12,95,barnes_group,0.464667409658432,0,0.2262,30,4,1733,0,0.0,2688,20
4.8227,-9.60083333333332,0,-115.20999999999984,12,102,barnes_group,0.529859721660614,0,0.225,26,4,1733,0,0.0,2816,21
4.3816,-9.054166666666664,0,-108.64999999999996,12,95,barnes_group,0.4043928384780884,0,0.2239,35,4,1733,0,0.0,2944,22
4.1534,-8.908333333333323,0,-106.89999999999988,12,93,barnes_group,0.4400043586889903,0,0.2228,30,4,1733,0,0.0,3072,23
4.1661,-9.070833333333331,0,-108.84999999999998,12,95,barnes_group,0.4058811366558075,0,0.2217,20,4,1733,0,0.0,3200,24
3.8456,-8.753333333333327,0,-105.03999999999992,12,91,barnes_group,0.4801953236262004,0,0.2206,25,4,1733,0,0.0,3328,25
3.6939,-8.683333333333335,0,-104.20000000000003,12,90,barnes_group,0.4257006049156189,0,0.2195,36,4,1733,0,0.0,3456,26
4.4175,-9.214999999999986,0,-110.57999999999983,12,97,barnes_group,0.5933271050453186,0,0.2184,34,4,1733,0,0.0,3584,27
4.1764,-8.836666666666662,0,-106.03999999999995,12,92,barnes_group,0.3884001076221466,0,0.2173,23,4,1733,0,0.0,3712,28
3.958,-9.152499999999991,0,-109.8299999999999,12,96,barnes_group,0.43036099274953205,0,0.2162,26,4,1733,0,0.0,3840,29
4.3913,-9.38749999999999,0,-112.64999999999988,12,99,barnes_group,0.45170308152834576,0,0.2151,24,4,1733,0,0.0,3968,30
4.1643,-9.059166666666654,0,-108.70999999999985,12,95,barnes_group,0.5748863220214844,0,0.214,33,4,1733,0,0.0,4096,31
4.2154,-8.995,0,-107.93999999999998,12,94,barnes_group,0.374309907356898,0,0.213,28,4,1733,0,0.0,4224,32
4.7119,-9.619166666666656,0,-115.42999999999986,12,102,barnes_group,0.5153378049532572,0,0.2119,31,4,1733,0,0.0,4352,33
4.4177,-9.30499999999999,0,-111.6599999999999,12,98,barnes_group,0.4485578238964081,0,0.2108,25,4,1733,0,0.0,4480,34
4.4885,-9.21499999999999,0,-110.57999999999987,12,97,barnes_group,0.4350315233071645,0,0.2098,20,4,1733,0,0.0,4608,35
4.1814,-8.975833333333323,0,-107.70999999999988,12,94,barnes_group,0.32320550084114075,0,0.2087,35,4,1733,0,0.0,4736,36
3.4345,-8.606666666666662,0,-103.27999999999994,12,89,barnes_group,0.20975862443447113,0,0.2077,27,4,1733,0,0.0,4864,37
3.7775,-8.674166666666668,0,-104.09000000000002,12,90,barnes_group,0.3813483913739522,0,0.2066,26,4,1733,0,0.0,4992,38
3.4743,-8.446666666666664,0,-101.35999999999997,12,87,barnes_group,0.24045458932717642,0,0.2056,25,4,1733,0,0.0,5120,39
3.1315,-8.552500000000009,0,-102.63000000000011,12,88,barnes_group,0.355653057495753,0,0.2046,36,4,1733,0,0.0,5248,40
3.5885,-8.68833333333333,0,-104.25999999999996,12,90,barnes_group,0.3838936487833659,0,0.2036,33,4,1733,0,0.0,5376,41
2.8017,-8.548333333333336,0,-102.58000000000003,12,88,barnes_group,0.4409579833348592,0,0.2025,24,4,1733,0,0.0,5504,42
2.8093,-8.641666666666667,0,-103.7,12,89,barnes_group,0.44393308957417804,0,0.2015,24,4,1733,0,0.0,5632,43
2.8479,-8.551666666666666,0,-102.61999999999999,12,88,barnes_group,0.3540903528531392,0,0.2005,24,4,1733,0,0.0,5760,44
2.8542,-8.680833333333332,0,-104.16999999999999,12,90,barnes_group,0.3480771283308665,0,0.1995,25,4,1733,0,0.0,5888,45
2.7609,-8.525833333333335,0,-102.31000000000002,12,88,barnes_group,0.42064688603083294,0,0.1985,20,4,1733,0,0.0,6016,46
2.8189,-8.619166666666665,0,-103.42999999999998,12,89,barnes_group,0.3513822555541992,0,0.1975,25,4,1733,0,0.0,6144,47
2.8237,-8.465833333333334,0,-101.59,12,87,barnes_group,0.3860871096452077,0,0.1965,24,4,1733,0,0.0,6272,48
3.2295,-8.41666666666666,0,-100.99999999999993,12,87,barnes_group,0.31917837262153625,0,0.1956,23,4,1733,0,0.0,6400,49
3.1341,-8.950000000000001,0,-107.4,12,93,barnes_group,0.4579397141933441,0,0.1946,20,4,1733,0,0.0,6528,50
3.375,-8.62416666666667,0,-103.49000000000002,12,89,barnes_group,0.270947386821111,0,0.1936,21,4,1733,0,0.0,6656,51
3.0505,-8.629166666666665,0,-103.54999999999997,12,89,barnes_group,0.556036651134491,0,0.1926,25,4,1733,0,0.0,6784,52
3.8933,-8.692500000000008,0,-104.3100000000001,12,90,barnes_group,0.45556069413820904,0,0.1917,30,4,1733,0,0.0,6912,53
4.7493,-10.01583333333331,0,-120.18999999999973,12,107,barnes_group,0.4770975212256114,0,0.1907,24,4,1733,0,0.0,7040,54
4.7303,-9.858333333333315,0,-118.29999999999978,12,105,barnes_group,0.4190264145533244,0,0.1898,22,4,1733,0,0.0,7168,55
4.8555,-10.09499999999998,0,-121.13999999999974,12,108,barnes_group,0.4667763411998749,0,0.1888,20,4,1733,0,0.0,7296,56
4.8053,-9.84916666666665,0,-118.18999999999978,12,105,barnes_group,0.38932402928670246,0,0.1879,23,4,1733,0,0.0,7424,57
4.4114,-9.530833333333325,0,-114.36999999999989,12,101,barnes_group,0.4248507221539815,0,0.1869,22,4,1733,0,0.0,7552,58
4.4805,-9.928333333333313,0,-119.13999999999976,12,106,barnes_group,0.5643181403477987,0,0.186,26,4,1733,0,0.0,7680,59
4.2891,-9.54749999999999,0,-114.5699999999999,12,101,barnes_group,0.4325026273727417,0,0.1851,23,4,1733,0,0.0,7808,60
3.8705,-8.690833333333334,0,-104.29,12,90,barnes_group,0.2376206914583842,0,0.1841,17,4,1733,0,0.0,7936,61
3.7805,-8.686666666666666,0,-104.23999999999998,12,90,barnes_group,0.3100412388642629,0,0.1832,24,4,1733,0,0.0,8064,62
3.9106,-8.60583333333333,0,-103.26999999999995,12,89,barnes_group,0.5715826749801636,0,0.1823,26,4,1733,0,0.0,8192,63
3.5706,-8.53833333333334,0,-102.46000000000008,12,88,barnes_group,0.34751351674397785,0,0.1814,17,4,1733,0,0.0,8320,64
3.4321,-8.610833333333337,0,-103.33000000000004,12,89,barnes_group,0.3594753344853719,0,0.1805,26,4,1733,0,0.0,8448,65
3.5938,-8.435833333333331,0,-101.22999999999998,12,87,barnes_group,0.19910016655921936,0,0.1796,15,4,1733,0,0.0,8576,66
3.439,-8.684999999999997,0,-104.21999999999996,12,90,barnes_group,0.30701906482378644,0,0.1787,22,4,1733,0,0.0,8704,67
3.1296,-8.504999999999999,0,-102.05999999999999,12,88,barnes_group,0.25768281022707623,0,0.1778,18,4,1733,0,0.0,8832,68
3.0576,-8.542500000000002,0,-102.51000000000002,12,88,barnes_group,0.34024860461552936,0,0.1769,31,4,1733,0,0.0,8960,69
2.5083,-8.555833333333336,0,-102.67000000000003,12,88,barnes_group,0.38116030891736347,0,0.176,20,4,1733,0,0.0,9088,70
2.7294,-8.784166666666671,0,-105.41000000000005,12,91,barnes_group,0.4517269432544708,0,0.1751,30,4,1733,0,0.0,9216,71
3.1991,-8.285833333333338,0,-99.43000000000006,12,85,barnes_group,0.3054408133029938,0,0.1743,27,4,1733,0,0.0,9344,72
3.2961,-8.475833333333338,0,-101.71000000000005,12,87,barnes_group,0.23835103710492453,0,0.1734,21,4,1733,0,0.0,9472,73
3.2399,-8.542500000000004,0,-102.51000000000005,12,88,barnes_group,0.3581969539324443,0,0.1725,29,4,1733,0,0.0,9600,74
3.2356,-8.55583333333334,0,-102.67000000000007,12,88,barnes_group,0.34369783600171405,0,0.1717,18,4,1733,0,0.0,9728,75
3.5953,-8.467500000000001,0,-101.61000000000001,12,87,barnes_group,0.3081157108147939,0,0.1708,26,4,1733,0,0.0,9856,76
4.0045,-8.551666666666671,0,-102.62000000000005,12,88,barnes_group,0.3277777036031087,0,0.1699,19,4,1733,0,0.0,9984,77
4.3647,-8.540833333333332,0,-102.48999999999998,12,88,barnes_group,0.17369886736075082,0,0.1691,17,4,1733,0,0.0,10112,78
4.4624,-8.774166666666666,0,-105.28999999999999,12,91,barnes_group,0.30479814608891803,0,0.1683,19,4,1733,0,0.0,10240,79
4.6788,-9.049999999999992,0,-108.59999999999991,12,95,barnes_group,0.37470192710558575,0,0.1674,23,4,1733,0,0.0,10368,80
4.7518,-8.815833333333318,0,-105.78999999999982,12,92,barnes_group,0.20750274260838827,0,0.1666,29,4,1733,0,0.0,10496,81
4.2587,-8.839166666666673,0,-106.07000000000008,12,92,barnes_group,0.2079277237256368,0,0.1657,17,4,1733,0,0.0,10624,82
4.2044,-8.274166666666668,0,-99.29,12,85,barnes_group,0.18421871960163116,0,0.1649,22,4,1733,0,0.0,10752,83
3.9845,-8.359166666666662,0,-100.30999999999995,12,86,barnes_group,0.18565113842487335,0,0.1641,27,4,1733,0,0.0,10880,84
4.0217,-8.267500000000004,0,-99.21000000000004,12,85,barnes_group,0.21504542728265127,0,0.1633,23,4,1733,0,0.0,11008,85
4.0238,-8.273333333333335,0,-99.28000000000003,12,85,barnes_group,0.2219605346520742,0,0.1625,23,4,1733,0,0.0,11136,86
3.8481,-8.272499999999999,0,-99.27,12,85,barnes_group,0.22175485889116922,0,0.1616,15,4,1733,0,0.0,11264,87
4.1238,-8.507499999999995,0,-102.08999999999995,12,88,barnes_group,0.3102978666623433,0,0.1608,25,4,1733,0,0.0,11392,88
3.9728,-8.253333333333321,0,-99.03999999999986,12,85,barnes_group,0.18410954376061758,0,0.16,23,4,1733,0,0.0,11520,89
3.8615,-8.345000000000006,0,-100.14000000000007,12,86,barnes_group,0.40297459562619525,0,0.1592,24,4,1733,0,0.0,11648,90
3.6897,-8.365833333333333,0,-100.39,12,86,barnes_group,0.25390811761220294,0,0.1584,18,4,1733,0,0.0,11776,91
3.547,-8.27916666666667,0,-99.35000000000005,12,85,barnes_group,0.2887118061383565,0,0.1576,20,4,1733,0,0.0,11904,92
3.7626,-8.354999999999999,0,-100.25999999999998,12,86,barnes_group,0.24599492053190866,0,0.1569,22,4,1733,0,0.0,12032,93
3.3643,-8.516666666666675,0,-102.2000000000001,12,88,barnes_group,0.39994462331136066,0,0.1561,29,4,1733,0,0.0,12160,94
2.9856,-8.555000000000009,0,-102.6600000000001,12,88,barnes_group,0.3600500226020813,0,0.1553,20,4,1733,0,0.0,12288,95
3.3482,-8.598333333333333,0,-103.17999999999999,12,89,barnes_group,0.3710586229960124,0,0.1545,17,4,1733,0,0.0,12416,96
3.6277,-8.584999999999999,0,-103.02,12,89,barnes_group,0.41191959381103516,0,0.1537,23,4,1733,0,0.0,12544,97
3.3857,-8.424999999999999,0,-101.09999999999998,12,87,barnes_group,0.21381639937559763,0,0.153,16,4,1733,0,0.0,12672,98
3.1443,-8.386666666666665,0,-100.63999999999997,12,86,barnes_group,0.4247549772262573,0,0.1522,18,4,1733,0,0.0,12800,99
3.6167,-11.56666666666664,0,-138.79999999999967,12,126,barnes_group,8.205734570821127,0,0.25,25,5,1734,0,0.0,128,0
3.1923,-11.071666666666642,0,-132.8599999999997,12,120,barnes_group,8.000677426656088,0,0.2487,33,5,1734,0,0.0,256,1
3.2672,-10.587499999999979,0,-127.04999999999974,12,114,barnes_group,6.6522901852925616,0,0.2475,31,5,1734,0,0.0,384,2
3.6023,-10.333333333333309,0,-123.9999999999997,12,111,barnes_group,0.756714661916097,0,0.2463,35,5,1734,0,0.0,512,3
3.6083,-9.996666666666648,0,-119.95999999999978,12,107,barnes_group,0.704673687616984,0,0.245,28,5,1734,0,0.0,640,4
3.8457,-10.008333333333317,0,-120.0999999999998,12,107,barnes_group,1.0004759629567463,0,0.2438,37,5,1734,0,0.0,768,5
3.9577,-8.662499999999998,0,-103.94999999999997,12,90,barnes_group,0.49543505907058716,0,0.2426,28,5,1734,0,0.0,896,6
3.4808,-8.334999999999992,0,-100.0199999999999,12,86,barnes_group,0.43442954619725543,0,0.2414,31,5,1734,0,0.0,1024,7
3.4874,-8.664166666666665,0,-103.96999999999997,12,90,barnes_group,0.5755641659100851,0,0.2402,37,5,1734,0,0.0,1152,8
3.4828,-8.29583333333334,0,-99.55000000000007,12,85,barnes_group,0.4206157724062602,0,0.239,31,5,1734,0,0.0,1280,9
4.1114,-8.281666666666666,0,-99.38,12,85,barnes_group,0.33056681354840595,0,0.2378,24,5,1734,0,0.0,1408,10
4.4779,-8.74916666666666,0,-104.98999999999992,12,91,barnes_group,0.5080657104651133,0,0.2366,32,5,1734,0,0.0,1536,11
4.1893,-8.749999999999998,0,-104.99999999999997,12,91,barnes_group,0.4828847249348958,0,0.2354,29,5,1734,0,0.0,1664,12
3.6682,-8.3375,0,-100.05000000000001,12,86,barnes_group,0.3598308861255646,0,0.2342,22,5,1734,0,0.0,1792,13
3.9855,-9.000833333333318,0,-108.00999999999982,12,94,barnes_group,0.5488994121551514,0,0.2331,24,5,1734,0,0.0,1920,14
3.8503,-8.113333333333342,0,-97.36000000000011,12,83,barnes_group,0.4495905141035716,0,0.2319,30,5,1734,0,0.0,2048,15
4.3355,-8.973333333333331,0,-107.67999999999996,12,94,barnes_group,0.4438272813955943,0,0.2307,29,5,1734,0,0.0,2176,16
4.3783,-8.82749999999999,0,-105.92999999999988,12,92,barnes_group,0.6831866502761841,0,0.2296,34,5,1734,0,0.0,2304,17
3.8721,-8.754999999999995,0,-105.05999999999995,12,91,barnes_group,0.5101126631100973,0,0.2284,24,5,1734,0,0.0,2432,18
3.8556,-9.23666666666667,0,-110.84000000000003,12,97,barnes_group,0.48726818958918255,0,0.2273,32,5,1734,0,0.0,2560,19
3.9341,-9.222499999999995,0,-110.66999999999993,12,97,barnes_group,0.5840463240941366,0,0.2262,28,5,1734,0,0.0,2688,20
4.03,-9.35999999999999,0,-112.31999999999988,12,99,barnes_group,0.5304260849952698,0,0.225,27,5,1734,0,0.0,2816,21
3.967,-8.742500000000001,0,-104.91000000000001,12,91,barnes_group,0.40056297183036804,0,0.2239,23,5,1734,0,0.0,2944,22
3.9333,-9.143333333333329,0,-109.71999999999994,12,96,barnes_group,0.5311153928438822,0,0.2228,22,5,1734,0,0.0,3072,23
4.1238,-8.66416666666666,0,-103.96999999999991,12,90,barnes_group,0.4899132251739502,0,0.2217,23,5,1734,0,0.0,3200,24
3.9218,-9.13666666666665,0,-109.63999999999982,12,96,barnes_group,0.5014483133951823,0,0.2206,27,5,1734,0,0.0,3328,25
3.8157,-8.739999999999993,0,-104.87999999999992,12,91,barnes_group,0.5284776091575623,0,0.2195,34,5,1734,0,0.0,3456,26
3.5794,-8.820833333333328,0,-105.84999999999994,12,92,barnes_group,0.45773136615753174,0,0.2184,24,5,1734,0,0.0,3584,27
3.5767,-9.874166666666657,0,-118.48999999999988,12,105,barnes_group,0.6262551148732504,0,0.2173,26,5,1734,0,0.0,3712,28
3.4773,-8.726666666666658,0,-104.7199999999999,12,91,barnes_group,0.5084107716878256,0,0.2162,28,5,1734,0,0.0,3840,29
3.2873,-8.375000000000005,0,-100.50000000000007,12,86,barnes_group,0.45255088806152344,0,0.2151,29,5,1734,0,0.0,3968,30
3.5891,-8.591666666666661,0,-103.09999999999994,12,89,barnes_group,0.5472210248311361,0,0.214,38,5,1734,0,0.0,4096,31
4.0134,-9.690833333333314,0,-116.28999999999978,12,103,barnes_group,0.5516195694605509,0,0.213,24,5,1734,0,0.0,4224,32
3.8214,-8.545833333333325,0,-102.54999999999991,12,89,barnes_group,0.45824724435806274,0,0.2119,23,5,1734,0,0.0,4352,33
3.9485,-8.959999999999997,0,-107.51999999999997,12,94,barnes_group,0.4912426670392354,0,0.2108,25,5,1734,0,0.0,4480,34
3.9369,-8.457499999999994,0,-101.48999999999994,12,88,barnes_group,0.4542630811532338,0,0.2098,29,5,1734,0,0.0,4608,35
3.9801,-8.762499999999989,0,-105.14999999999986,12,92,barnes_group,0.638684074083964,0,0.2087,22,5,1734,0,0.0,4736,36
3.7859,-8.35499999999999,0,-100.25999999999988,12,87,barnes_group,0.5031208992004395,0,0.2077,26,5,1734,0,0.0,4864,37
3.5234,-7.97583333333333,0,-95.70999999999997,12,82,barnes_group,0.39370229840278625,0,0.2066,22,5,1734,0,0.0,4992,38
3.6756,-8.30583333333332,0,-99.66999999999983,12,86,barnes_group,0.5263167023658752,0,0.2056,32,5,1734,0,0.0,5120,39
3.3927,-8.336666666666655,0,-100.03999999999986,12,86,barnes_group,0.4964342912038167,0,0.2046,27,5,1734,0,0.0,5248,40
3.2206,-7.680000000000001,0,-92.16000000000001,12,78,barnes_group,0.41908395290374756,0,0.2036,29,5,1734,0,0.0,5376,41
3.385,-7.815000000000001,0,-93.78000000000002,12,80,barnes_group,0.39093002676963806,0,0.2025,24,5,1734,0,0.0,5504,42
3.3019,-8.073333333333336,0,-96.88000000000004,12,83,barnes_group,0.4670571486155192,0,0.2015,22,5,1734,0,0.0,5632,43
3.1027,-8.655833333333339,0,-103.87000000000008,12,90,barnes_group,0.4942592183748881,0,0.2005,21,5,1734,0,0.0,5760,44
3.3171,-8.082500000000005,0,-96.99000000000007,12,83,barnes_group,0.40199871857961017,0,0.1995,24,5,1734,0,0.0,5888,45
3.2578,-8.353333333333333,0,-100.24000000000001,12,86,barnes_group,0.532228430112203,0,0.1985,22,5,1734,0,0.0,6016,46
3.4325,-8.563333333333327,0,-102.75999999999992,12,89,barnes_group,0.4683176279067993,0,0.1975,33,5,1734,0,0.0,6144,47
3.1921,-9.451666666666648,0,-113.41999999999977,12,100,barnes_group,0.6333308617273966,0,0.1965,24,5,1734,0,0.0,6272,48
3.4208,-9.375833333333325,0,-112.5099999999999,12,99,barnes_group,0.5953887104988098,0,0.1956,20,5,1734,0,0.0,6400,49
3.686,-10.097499999999988,0,-121.16999999999985,12,108,barnes_group,0.860853354136149,0,0.1946,27,5,1734,0,0.0,6528,50
3.1853,-9.67333333333332,0,-116.07999999999984,12,103,barnes_group,0.8177708387374878,0,0.1936,24,5,1734,0,0.0,6656,51
3.026,-8.708333333333332,0,-104.49999999999999,12,91,barnes_group,0.8284262220064799,0,0.1926,21,5,1734,0,0.0,6784,52
2.5555,-10.575833333333309,0,-126.90999999999971,12,114,barnes_group,0.8126946290334066,0,0.1917,16,5,1734,0,0.0,6912,53
2.7165,-9.796666666666658,0,-117.5599999999999,12,104,barnes_group,0.6663700143496195,0,0.1907,19,5,1734,0,0.0,7040,54
2.5445,-9.442499999999983,0,-113.30999999999979,12,100,barnes_group,1.7914045254389446,0,0.1898,16,5,1734,0,0.0,7168,55
2.2532,-8.45583333333333,0,-101.46999999999997,12,87,barnes_group,0.6081145803133646,0,0.1888,23,5,1734,0,0.0,7296,56
2.0794,-8.289166666666663,0,-99.46999999999996,12,85,barnes_group,0.4900762438774109,0,0.1879,20,5,1734,0,0.0,7424,57
2.4296,-8.120833333333334,0,-97.45,12,83,barnes_group,0.5676923990249634,0,0.1869,23,5,1734,0,0.0,7552,58
2.6761,-7.699999999999995,0,-92.39999999999993,12,78,barnes_group,0.3645380238691966,0,0.186,22,5,1734,0,0.0,7680,59
2.5496,-7.514999999999998,0,-90.17999999999998,12,76,barnes_group,1.011190414428711,0,0.1851,21,5,1734,0,0.0,7808,60
2.3165,-8.031666666666668,0,-96.38000000000001,12,82,barnes_group,0.5244195659955343,0,0.1841,27,5,1734,0,0.0,7936,61
2.0501,-7.960833333333337,0,-95.53000000000004,12,81,barnes_group,0.42819762229919434,0,0.1832,18,5,1734,0,0.0,8064,62
2.1899,-7.725833333333338,0,-92.71000000000006,12,78,barnes_group,0.5276091496149699,0,0.1823,23,5,1734,0,0.0,8192,63
2.0716,-7.451666666666667,0,-89.42,12,75,barnes_group,0.2987574636936188,0,0.1814,18,5,1734,0,0.0,8320,64
2.3239,-7.52833333333333,0,-90.33999999999996,12,76,barnes_group,0.26772622267405194,0,0.1805,22,5,1734,0,0.0,8448,65
2.9237,-7.339999999999995,0,-88.07999999999994,12,74,barnes_group,0.2827336887518565,0,0.1796,27,5,1734,0,0.0,8576,66
2.5637,-7.433333333333333,0,-89.19999999999999,12,75,barnes_group,0.15435335040092468,0,0.1787,23,5,1734,0,0.0,8704,67
2.3307,-7.363333333333332,0,-88.35999999999999,12,74,barnes_group,0.21304342647393545,0,0.1778,20,5,1734,0,0.0,8832,68
2.345,-7.364166666666666,0,-88.36999999999999,12,74,barnes_group,0.24829477071762085,0,0.1769,20,5,1734,0,0.0,8960,69
2.8056,-6.7466666666666635,0,-80.95999999999997,12,67,barnes_group,0.22194955746332803,0,0.176,21,5,1734,0,0.0,9088,70
3.035,-6.8049999999999935,0,-81.65999999999993,12,68,barnes_group,0.21812677880128226,0,0.1751,24,5,1734,0,0.0,9216,71
2.6847,-7.190833333333337,0,-86.29000000000005,12,72,barnes_group,0.19520416855812073,0,0.1743,26,5,1734,0,0.0,9344,72
2.762,-6.67583333333333,0,-80.10999999999996,12,66,barnes_group,0.20021668076515198,0,0.1734,27,5,1734,0,0.0,9472,73
2.664,-6.862500000000002,0,-82.35000000000002,12,68,barnes_group,0.13396966457366943,0,0.1725,23,5,1734,0,0.0,9600,74
2.4796,-6.930833333333335,0,-83.17000000000002,12,69,barnes_group,0.22160420815149942,0,0.1717,21,5,1734,0,0.0,9728,75
3.2248,-6.4008333333333285,0,-76.80999999999995,12,63,barnes_group,0.20233584443728128,0,0.1708,24,5,1734,0,0.0,9856,76
2.7978,-6.167499999999996,0,-74.00999999999995,12,60,barnes_group,0.052011621495087944,0,0.1699,20,5,1734,0,0.0,9984,77
2.6708,-6.759166666666666,0,-81.11,12,67,barnes_group,0.2923959294954936,0,0.1691,25,5,1734,0,0.0,10112,78
2.6518,-6.849166666666666,0,-82.19,12,68,barnes_group,0.15501341223716736,0,0.1683,22,5,1734,0,0.0,10240,79
2.8737,-6.853333333333331,0,-82.23999999999997,12,68,barnes_group,0.21974451343218485,0,0.1674,26,5,1734,0,0.0,10368,80
3.1221,-6.6491666666666704,0,-79.79000000000005,12,66,barnes_group,0.18558562795321146,0,0.1666,25,5,1734,0,0.0,10496,81
2.8781,-6.144166666666664,0,-73.72999999999998,12,60,barnes_group,0.04414544006188711,0,0.1657,15,5,1734,0,0.0,10624,82
2.925,-5.908333333333329,0,-70.89999999999995,12,57,barnes_group,0.06613388160864513,0,0.1649,23,5,1734,0,0.0,10752,83
3.0256,-6.3316666666666634,0,-75.97999999999996,12,62,barnes_group,0.04421239594618479,0,0.1641,22,5,1734,0,0.0,10880,84
3.6032,-6.684166666666663,0,-80.20999999999995,12,67,barnes_group,0.19349262615044913,0,0.1633,28,5,1734,0,0.0,11008,85
3.6453,-6.698333333333333,0,-80.38,12,67,barnes_group,0.22706571221351624,0,0.1625,34,5,1734,0,0.0,11136,86
3.2791,-6.051666666666662,0,-72.61999999999995,12,59,barnes_group,0.061223948995272316,0,0.1616,22,5,1734,0,0.0,11264,87
3.5263,-6.0566666666666675,0,-72.68,12,59,barnes_group,0.049070268869400024,0,0.1608,22,5,1734,0,0.0,11392,88
3.4147,-6.3091666666666635,0,-75.70999999999997,12,62,barnes_group,0.10811362663904826,0,0.16,33,5,1734,0,0.0,11520,89
3.4118,-5.797500000000002,0,-69.57000000000002,12,56,barnes_group,0.005231782793998718,0,0.1592,24,5,1734,0,0.0,11648,90
3.4766,-6.4808333333333294,0,-77.76999999999995,12,64,barnes_group,0.13627166052659354,0,0.1584,22,5,1734,0,0.0,11776,91
3.4131,-6.044166666666666,0,-72.52999999999999,12,59,barnes_group,0.06119684875011444,0,0.1576,23,5,1734,0,0.0,11904,92
3.0088,-6.224999999999999,0,-74.69999999999999,12,61,barnes_group,0.06783866385618846,0,0.1569,16,5,1734,0,0.0,12032,93
3.1092,-6.065833333333333,0,-72.78999999999999,12,59,barnes_group,0.07865327596664429,0,0.1561,28,5,1734,0,0.0,12160,94
3.185,-6.0375000000000005,0,-72.45,12,59,barnes_group,0.05759039521217346,0,0.1553,24,5,1734,0,0.0,12288,95
2.9326,-6.051666666666661,0,-72.61999999999993,12,59,barnes_group,0.12564791242281595,0,0.1545,21,5,1734,0,0.0,12416,96
2.8386,-5.775000000000001,0,-69.30000000000001,12,56,barnes_group,0.06995108971993129,0,0.1537,20,5,1734,0,0.0,12544,97
2.6435,-5.282500000000005,0,-63.39000000000006,12,50,barnes_group,0.09182882805665334,0,0.153,21,5,1734,0,0.0,12672,98
2.5144,-5.795833333333335,0,-69.55000000000003,12,56,barnes_group,0.06197610745827357,0,0.1522,27,5,1734,0,0.0,12800,99
2.3392,-10.35416666666665,0,-124.2499999999998,12,111,barnes_group,1.0022145509719849,0,0.25,37,6,1735,0,0.0,128,0
2.3021,-8.544999999999996,0,-102.53999999999995,12,88,barnes_group,0.5347693165143331,0,0.2487,33,6,1735,0,0.0,256,1
2.4659,-8.547500000000005,0,-102.57000000000005,12,88,barnes_group,0.4940884510676066,0,0.2475,25,6,1735,0,0.0,384,2
3.4871,-9.159999999999993,0,-109.91999999999992,12,96,barnes_group,0.5275917649269104,0,0.2463,33,6,1735,0,0.0,512,3
3.6605,-9.944166666666655,0,-119.32999999999987,12,106,barnes_group,0.6877407828966776,0,0.245,31,6,1735,0,0.0,640,4
4.0089,-10.182499999999981,0,-122.18999999999977,12,109,barnes_group,0.8880123098691305,0,0.2438,35,6,1735,0,0.0,768,5
3.2606,-9.159166666666668,0,-109.91000000000001,12,96,barnes_group,0.5067490736643473,0,0.2426,34,6,1735,0,0.0,896,6
2.9863,-8.595,0,-103.14,12,89,barnes_group,0.3084568778673808,0,0.2414,40,6,1735,0,0.0,1024,7
2.0489,-8.635833333333338,0,-103.63000000000005,12,89,barnes_group,0.46938128272692364,0,0.2402,29,6,1735,0,0.0,1152,8
2.2824,-8.63166666666667,0,-103.58000000000003,12,89,barnes_group,0.6059590975443522,0,0.239,32,6,1735,0,0.0,1280,9
2.3478,-8.535000000000002,0,-102.42000000000003,12,88,barnes_group,0.4997220039367676,0,0.2378,28,6,1735,0,0.0,1408,10
1.792,-8.551666666666668,0,-102.62,12,88,barnes_group,0.383487602074941,0,0.2366,25,6,1735,0,0.0,1536,11
1.6977,-8.570833333333342,0,-102.8500000000001,12,88,barnes_group,0.6435260574022929,0,0.2354,27,6,1735,0,0.0,1664,12
2.3657,-8.625000000000002,0,-103.50000000000001,12,89,barnes_group,0.653998613357544,0,0.2342,37,6,1735,0,0.0,1792,13
2.4629,-8.540833333333333,0,-102.49000000000001,12,88,barnes_group,0.5511142611503601,0,0.2331,37,6,1735,0,0.0,1920,14
2.7705,-9.314999999999989,0,-111.77999999999986,12,98,barnes_group,0.46788233518600464,0,0.2319,32,6,1735,0,0.0,2048,15
2.8237,-9.53749999999999,0,-114.44999999999989,12,101,barnes_group,0.5611746509869894,0,0.2307,29,6,1735,0,0.0,2176,16
2.5066,-9.013333333333323,0,-108.15999999999987,12,94,barnes_group,0.4040783147017161,0,0.2296,27,6,1735,0,0.0,2304,17
2.3569,-8.602499999999997,0,-103.22999999999996,12,89,barnes_group,0.46540603041648865,0,0.2284,26,6,1735,0,0.0,2432,18
2.7062,-8.749999999999998,0,-104.99999999999999,12,91,barnes_group,0.4402811924616496,0,0.2273,38,6,1735,0,0.0,2560,19
2.5347,-9.13833333333333,0,-109.65999999999997,12,96,barnes_group,0.4839291572570801,0,0.2262,18,6,1735,0,0.0,2688,20
2.6732,-8.840833333333324,0,-106.08999999999988,12,92,barnes_group,0.5010866522789001,0,0.225,32,6,1735,0,0.0,2816,21
2.5101,-8.864166666666671,0,-106.37000000000005,12,92,barnes_group,0.4651102622350057,0,0.2239,22,6,1735,0,0.0,2944,22
2.9663,-9.226666666666665,0,-110.71999999999997,12,97,barnes_group,0.4273555477460225,0,0.2228,31,6,1735,0,0.0,3072,23
2.6467,-8.75583333333333,0,-105.06999999999996,12,91,barnes_group,0.5156216025352478,0,0.2217,32,6,1735,0,0.0,3200,24
2.3382,-8.555833333333334,0,-102.67,12,88,barnes_group,0.5719198187192281,0,0.2206,33,6,1735,0,0.0,3328,25
2.1158,-8.476666666666672,0,-101.72000000000006,12,87,barnes_group,0.4819462100664775,0,0.2195,25,6,1735,0,0.0,3456,26
2.2936,-8.629166666666668,0,-103.55000000000003,12,89,barnes_group,0.5144815444946289,0,0.2184,28,6,1735,0,0.0,3584,27
3.2018,-9.063333333333338,0,-108.76000000000005,12,95,barnes_group,0.8391124804814657,0,0.2173,32,6,1735,0,0.0,3712,28
2.7612,-8.678333333333331,0,-104.13999999999997,12,90,barnes_group,3.7760170300801597,0,0.2162,28,6,1735,0,0.0,3840,29
2.2694,-8.605833333333337,0,-103.27000000000004,12,89,barnes_group,0.4614279667536418,0,0.2151,26,6,1735,0,0.0,3968,30
2.3734,-8.535833333333331,0,-102.42999999999998,12,88,barnes_group,0.4079379737377167,0,0.214,27,6,1735,0,0.0,4096,31
2.0556,-8.624166666666667,0,-103.49000000000001,12,89,barnes_group,0.35345680514971417,0,0.213,17,6,1735,0,0.0,4224,32
2.4204,-8.638333333333335,0,-103.66000000000003,12,89,barnes_group,0.39737311999003094,0,0.2119,23,6,1735,0,0.0,4352,33
2.4745,-8.524166666666671,0,-102.29000000000005,12,88,barnes_group,0.44473494092623395,0,0.2108,27,6,1735,0,0.0,4480,34
2.7353,-8.514166666666672,0,-102.17000000000006,12,88,barnes_group,0.47870298226674396,0,0.2098,32,6,1735,0,0.0,4608,35
3.3137,-9.073333333333336,0,-108.88000000000002,12,95,barnes_group,0.46335819363594055,0,0.2087,36,6,1735,0,0.0,4736,36
3.0474,-8.942500000000003,0,-107.31000000000003,12,93,barnes_group,0.4224114219347636,0,0.2077,32,6,1735,0,0.0,4864,37
3.2141,-8.67666666666667,0,-104.12000000000003,12,90,barnes_group,0.44893115758895874,0,0.2066,27,6,1735,0,0.0,4992,38
3.2718,-8.839166666666666,0,-106.06999999999998,12,92,barnes_group,0.40289899706840515,0,0.2056,28,6,1735,0,0.0,5120,39
3.0564,-8.677500000000002,0,-104.13000000000002,12,90,barnes_group,0.32963146766026813,0,0.2046,25,6,1735,0,0.0,5248,40
3.3915,-9.001666666666667,0,-108.02,12,94,barnes_group,0.3697264989217122,0,0.2036,29,6,1735,0,0.0,5376,41
3.3822,-8.978333333333323,0,-107.73999999999988,12,94,barnes_group,0.48559842507044476,0,0.2025,30,6,1735,0,0.0,5504,42
3.416,-9.219166666666652,0,-110.62999999999982,12,97,barnes_group,0.38721607128779095,0,0.2015,29,6,1735,0,0.0,5632,43
3.4779,-9.136666666666661,0,-109.63999999999993,12,96,barnes_group,0.3677963614463806,0,0.2005,26,6,1735,0,0.0,5760,44
3.2152,-8.700833333333334,0,-104.41000000000001,12,90,barnes_group,0.3671685953934987,0,0.1995,27,6,1735,0,0.0,5888,45
3.6433,-9.004166666666665,0,-108.04999999999997,12,94,barnes_group,0.4032197594642639,0,0.1985,25,6,1735,0,0.0,6016,46
3.6751,-9.149999999999979,0,-109.79999999999974,12,96,barnes_group,0.4406127333641052,0,0.1975,31,6,1735,0,0.0,6144,47
3.6288,-9.046666666666658,0,-108.5599999999999,12,95,barnes_group,0.383665810028712,0,0.1965,24,6,1735,0,0.0,6272,48
3.4063,-8.85083333333333,0,-106.20999999999997,12,92,barnes_group,0.44496770699818927,0,0.1956,27,6,1735,0,0.0,6400,49
3.172,-8.604166666666666,0,-103.24999999999999,12,89,barnes_group,0.3383079767227173,0,0.1946,26,6,1735,0,0.0,6528,50
3.1047,-8.85583333333334,0,-106.27000000000008,12,92,barnes_group,0.39832285046577454,0,0.1936,22,6,1735,0,0.0,6656,51
3.3755,-8.923333333333334,0,-107.08,12,93,barnes_group,0.33130573232968646,0,0.1926,22,6,1735,0,0.0,6784,52
3.5329,-8.604166666666663,0,-103.24999999999996,12,89,barnes_group,0.3554622332255046,0,0.1917,22,6,1735,0,0.0,6912,53
3.4955,-8.915833333333337,0,-106.99000000000004,12,93,barnes_group,0.32892874876658124,0,0.1907,29,6,1735,0,0.0,7040,54
3.2223,-8.615833333333335,0,-103.39000000000001,12,89,barnes_group,0.34355345368385315,0,0.1898,25,6,1735,0,0.0,7168,55
3.1947,-8.697499999999994,0,-104.36999999999993,12,90,barnes_group,0.395185391108195,0,0.1888,23,6,1735,0,0.0,7296,56
3.1864,-8.684999999999999,0,-104.21999999999998,12,90,barnes_group,0.31250422199567157,0,0.1879,22,6,1735,0,0.0,7424,57
3.1213,-8.555833333333341,0,-102.67000000000009,12,88,barnes_group,0.4154597520828247,0,0.1869,26,6,1735,0,0.0,7552,58
3.0263,-8.439999999999996,0,-101.27999999999994,12,87,barnes_group,0.32954128583272296,0,0.186,19,6,1735,0,0.0,7680,59
2.9641,-8.774166666666664,0,-105.28999999999998,12,91,barnes_group,0.4212605555852254,0,0.1851,15,6,1735,0,0.0,7808,60
3.1028,-8.698333333333329,0,-104.37999999999995,12,90,barnes_group,0.32350709040959674,0,0.1841,25,6,1735,0,0.0,7936,61
3.2289,-8.684999999999999,0,-104.21999999999998,12,90,barnes_group,0.2607217977444331,0,0.1832,26,6,1735,0,0.0,8064,62
3.2414,-8.740833333333327,0,-104.88999999999993,12,91,barnes_group,0.3137262960275014,0,0.1823,28,6,1735,0,0.0,8192,63
3.4979,-8.819166666666662,0,-105.82999999999996,12,92,barnes_group,0.37803226709365845,0,0.1814,31,6,1735,0,0.0,8320,64
2.6709,-8.71083333333334,0,-104.53000000000009,12,90,barnes_group,0.2620072662830353,0,0.1805,15,6,1735,0,0.0,8448,65
3.1373,-8.619166666666667,0,-103.43,12,89,barnes_group,0.3583572506904602,0,0.1796,22,6,1735,0,0.0,8576,66
3.4727,-8.688333333333327,0,-104.25999999999992,12,90,barnes_group,0.3692119022210439,0,0.1787,30,6,1735,0,0.0,8704,67
3.5112,-8.670000000000005,0,-104.04000000000006,12,90,barnes_group,0.28785671790440875,0,0.1778,22,6,1735,0,0.0,8832,68
3.4694,-8.509999999999998,0,-102.11999999999998,12,88,barnes_group,0.280302753051122,0,0.1769,24,6,1735,0,0.0,8960,69
3.6102,-8.770000000000001,0,-105.24000000000002,12,91,barnes_group,0.25191836059093475,0,0.176,31,6,1735,0,0.0,9088,70
3.2821,-8.599999999999996,0,-103.19999999999996,12,89,barnes_group,0.43789589405059814,0,0.1751,28,6,1735,0,0.0,9216,71
3.5555,-8.522500000000003,0,-102.27000000000002,12,88,barnes_group,0.32950251301129657,0,0.1743,25,6,1735,0,0.0,9344,72
3.2932,-8.521666666666656,0,-102.25999999999988,12,88,barnes_group,0.26940863331158954,0,0.1734,23,6,1735,0,0.0,9472,73
3.4487,-8.360833333333328,0,-100.32999999999994,12,86,barnes_group,0.28958117961883545,0,0.1725,20,6,1735,0,0.0,9600,74
3.3785,-8.346666666666666,0,-100.15999999999998,12,86,barnes_group,0.3834820091724396,0,0.1717,17,6,1735,0,0.0,9728,75
3.8302,-8.667499999999992,0,-104.00999999999989,12,90,barnes_group,0.3116967777411143,0,0.1708,25,6,1735,0,0.0,9856,76
3.7872,-8.434999999999999,0,-101.21999999999998,12,87,barnes_group,0.33388487497965497,0,0.1699,24,6,1735,0,0.0,9984,77
4.0755,-9.125833333333324,0,-109.50999999999988,12,96,barnes_group,0.48382993539174396,0,0.1691,23,6,1735,0,0.0,10112,78
4.1757,-9.279999999999994,0,-111.35999999999993,12,98,barnes_group,0.39331648747126263,0,0.1683,24,6,1735,0,0.0,10240,79
4.0748,-8.653333333333324,0,-103.83999999999989,12,90,barnes_group,0.26780647536118823,0,0.1674,21,6,1735,0,0.0,10368,80
3.8568,-8.991666666666662,0,-107.89999999999993,12,94,barnes_group,0.24182820816834769,0,0.1666,26,6,1735,0,0.0,10496,81
3.583,-8.248333333333337,0,-98.98000000000003,12,85,barnes_group,0.2518894026676814,0,0.1657,27,6,1735,0,0.0,10624,82
3.2612,-8.607500000000002,0,-103.29000000000002,12,89,barnes_group,0.38231297334035236,0,0.1649,14,6,1735,0,0.0,10752,83
3.1374,-8.780000000000005,0,-105.36000000000006,12,91,barnes_group,0.4680091937383016,0,0.1641,25,6,1735,0,0.0,10880,84
3.1737,-8.370833333333339,0,-100.45000000000007,12,86,barnes_group,0.32705847422281903,0,0.1633,23,6,1735,0,0.0,11008,85
3.4623,-8.500833333333325,0,-102.0099999999999,12,88,barnes_group,0.2794340153535207,0,0.1625,20,6,1735,0,0.0,11136,86
3.5147,-8.923333333333327,0,-107.07999999999991,12,93,barnes_group,0.3210359712441762,0,0.1616,27,6,1735,0,0.0,11264,87
3.4739,-8.593333333333334,0,-103.12,12,89,barnes_group,0.24105123182137808,0,0.1608,23,6,1735,0,0.0,11392,88
3.2652,-8.607499999999996,0,-103.28999999999995,12,89,barnes_group,0.26744723320007324,0,0.16,17,6,1735,0,0.0,11520,89
3.2749,-8.515833333333328,0,-102.18999999999993,12,88,barnes_group,0.3357464869817098,0,0.1592,15,6,1735,0,0.0,11648,90
3.2163,-8.698333333333327,0,-104.37999999999992,12,90,barnes_group,0.3276963730653127,0,0.1584,23,6,1735,0,0.0,11776,91
2.7791,-8.480000000000004,0,-101.76000000000005,12,87,barnes_group,0.44583676258722943,0,0.1576,28,6,1735,0,0.0,11904,92
2.8182,-8.640833333333342,0,-103.6900000000001,12,89,barnes_group,0.46496276060740155,0,0.1569,19,6,1735,0,0.0,12032,93
3.5477,-8.828333333333326,0,-105.93999999999991,12,92,barnes_group,0.3931412200133006,0,0.1561,20,6,1735,0,0.0,12160,94
3.5301,-9.383333333333324,0,-112.59999999999988,12,99,barnes_group,0.4746520121892293,0,0.1553,25,6,1735,0,0.0,12288,95
3.6631,-8.658333333333333,0,-103.9,12,90,barnes_group,0.3297691245873769,0,0.1545,14,6,1735,0,0.0,12416,96
3.8051,-9.38916666666666,0,-112.66999999999993,12,99,barnes_group,0.4889904856681824,0,0.1537,16,6,1735,0,0.0,12544,97
3.9763,-9.279166666666654,0,-111.34999999999985,12,98,barnes_group,0.3065882424513499,0,0.153,24,6,1735,0,0.0,12672,98
3.383,-8.755000000000004,0,-105.06000000000004,12,91,barnes_group,0.1935710906982422,0,0.1522,11,6,1735,0,0.0,12800,99
2.2861,-9.324999999999992,0,-111.8999999999999,12,98,barnes_group,0.5561029116312662,0,0.25,27,7,1736,0,0.0,128,0
2.4539,-9.221666666666659,0,-110.6599999999999,12,97,barnes_group,0.7211121718088785,0,0.2487,29,7,1736,0,0.0,256,1
2.7738,-8.705833333333333,0,-104.47,12,90,barnes_group,0.48092660307884216,0,0.2475,30,7,1736,0,0.0,384,2
3.1246,-8.769999999999992,0,-105.23999999999991,12,91,barnes_group,0.420492688814799,0,0.2463,31,7,1736,0,0.0,512,3
3.3524,-9.13999999999999,0,-109.67999999999988,12,96,barnes_group,0.5891190767288208,0,0.245,33,7,1736,0,0.0,640,4
3.5979,-9.14166666666666,0,-109.69999999999992,12,96,barnes_group,0.5259494582811991,0,0.2438,37,7,1736,0,0.0,768,5
2.9599,-8.747499999999995,0,-104.96999999999994,12,91,barnes_group,0.5071765879789988,0,0.2426,25,7,1736,0,0.0,896,6
2.97,-9.21499999999999,0,-110.57999999999987,12,97,barnes_group,0.5918520092964172,0,0.2414,24,7,1736,0,0.0,1024,7
3.0187,-8.759999999999993,0,-105.11999999999992,12,91,barnes_group,0.5701196789741516,0,0.2402,33,7,1736,0,0.0,1152,8
3.2045,-9.204999999999986,0,-110.45999999999984,12,97,barnes_group,0.5871814489364624,0,0.239,32,7,1736,0,0.0,1280,9
2.8673,-8.684166666666657,0,-104.20999999999988,12,90,barnes_group,0.47816820939381915,0,0.2378,33,7,1736,0,0.0,1408,10
3.1375,-8.843333333333327,0,-106.11999999999992,12,92,barnes_group,0.5123477975527445,0,0.2366,25,7,1736,0,0.0,1536,11
3.7413,-9.314999999999996,0,-111.77999999999994,12,98,barnes_group,0.6484565734863281,0,0.2354,31,7,1736,0,0.0,1664,12
3.0568,-8.690000000000007,0,-104.28000000000007,12,90,barnes_group,0.4501695732275645,0,0.2342,24,7,1736,0,0.0,1792,13
3.5315,-8.999999999999995,0,-107.99999999999994,12,94,barnes_group,0.49123934904734295,0,0.2331,32,7,1736,0,0.0,1920,14
2.789,-8.6975,0,-104.37,12,90,barnes_group,0.5091882447401682,0,0.2319,27,7,1736,0,0.0,2048,15
3.5769,-9.307499999999992,0,-111.68999999999991,12,98,barnes_group,0.5285889903704325,0,0.2307,32,7,1736,0,0.0,2176,16
3.3593,-9.624166666666653,0,-115.48999999999984,12,102,barnes_group,0.592002272605896,0,0.2296,29,7,1736,0,0.0,2304,17
4.2369,-10.354166666666652,0,-124.24999999999982,12,111,barnes_group,0.6907461285591125,0,0.2284,36,7,1736,0,0.0,2432,18
4.2821,-10.18083333333331,0,-122.1699999999997,12,109,barnes_group,0.6720818479855856,0,0.2273,36,7,1736,0,0.0,2560,19
3.9509,-10.340833333333313,0,-124.08999999999976,12,111,barnes_group,0.690067986647288,0,0.2262,30,7,1736,0,0.0,2688,20
3.3641,-8.885833333333325,0,-106.62999999999991,12,93,barnes_group,0.4946243067582448,0,0.225,29,7,1736,0,0.0,2816,21
3.1788,-9.064166666666667,0,-108.77000000000001,12,95,barnes_group,0.5424278179804484,0,0.2239,29,7,1736,0,0.0,2944,22
3.1652,-9.143333333333324,0,-109.71999999999989,12,96,barnes_group,0.5289331277211508,0,0.2228,28,7,1736,0,0.0,3072,23
3.7734,-10.106666666666651,0,-121.27999999999982,12,108,barnes_group,0.6229167977968851,0,0.2217,41,7,1736,0,0.0,3200,24
3.7174,-9.771666666666652,0,-117.25999999999983,12,104,barnes_group,0.60052490234375,0,0.2206,33,7,1736,0,0.0,3328,25
3.7285,-9.86083333333332,0,-118.32999999999984,12,105,barnes_group,0.6772895852724711,0,0.2195,37,7,1736,0,0.0,3456,26
3.795,-10.172499999999982,0,-122.06999999999978,12,109,barnes_group,0.6335401733716329,0,0.2184,33,7,1736,0,0.0,3584,27
4.2124,-10.509166666666644,0,-126.10999999999973,12,113,barnes_group,0.679203987121582,0,0.2173,28,7,1736,0,0.0,3712,28
3.3174,-9.489166666666662,0,-113.86999999999995,12,100,barnes_group,0.6035468777020773,0,0.2162,33,7,1736,0,0.0,3840,29
2.9402,-8.61416666666666,0,-103.36999999999993,12,89,barnes_group,0.4422746996084849,0,0.2151,25,7,1736,0,0.0,3968,30
3.2842,-9.240833333333324,0,-110.88999999999989,12,97,barnes_group,0.6028950413068136,0,0.214,37,7,1736,0,0.0,4096,31
3.8686,-10.100833333333318,0,-121.20999999999982,12,108,barnes_group,0.6305157939592997,0,0.213,23,7,1736,0,0.0,4224,32
3.5271,-9.379166666666649,0,-112.54999999999978,12,99,barnes_group,0.5817892750104269,0,0.2119,23,7,1736,0,0.0,4352,33
3.3523,-9.480833333333324,0,-113.76999999999988,12,100,barnes_group,0.5908461610476176,0,0.2108,27,7,1736,0,0.0,4480,34
3.2584,-9.143333333333324,0,-109.71999999999989,12,96,barnes_group,0.5499746203422546,0,0.2098,25,7,1736,0,0.0,4608,35
3.4519,-9.319999999999993,0,-111.83999999999992,12,98,barnes_group,0.5513893564542135,0,0.2087,34,7,1736,0,0.0,4736,36
3.0659,-8.831666666666662,0,-105.97999999999993,12,92,barnes_group,0.48135719696680707,0,0.2077,25,7,1736,0,0.0,4864,37
2.7031,-8.797500000000001,0,-105.57000000000001,12,91,barnes_group,0.5629852414131165,0,0.2066,24,7,1736,0,0.0,4992,38
3.8353,-9.954999999999984,0,-119.45999999999981,12,106,barnes_group,0.6993671456972758,0,0.2056,22,7,1736,0,0.0,5120,39
4.1958,-10.009166666666644,0,-120.10999999999973,12,107,barnes_group,0.731398860613505,0,0.2046,28,7,1736,0,0.0,5248,40
3.8271,-9.31416666666666,0,-111.76999999999991,12,98,barnes_group,0.4632714092731476,0,0.2036,18,7,1736,0,0.0,5376,41
3.8625,-9.310833333333322,0,-111.72999999999988,12,98,barnes_group,0.530043343702952,0,0.2025,24,7,1736,0,0.0,5504,42
3.7544,-8.774166666666664,0,-105.28999999999998,12,91,barnes_group,0.4480995734532674,0,0.2015,29,7,1736,0,0.0,5632,43
4.0198,-9.145833333333323,0,-109.74999999999987,12,96,barnes_group,0.48975956439971924,0,0.2005,26,7,1736,0,0.0,5760,44
3.969,-9.225833333333318,0,-110.70999999999982,12,97,barnes_group,0.45388466119766235,0,0.1995,27,7,1736,0,0.0,5888,45
3.6042,-8.929166666666662,0,-107.14999999999995,12,93,barnes_group,0.39179277420043945,0,0.1985,28,7,1736,0,0.0,6016,46
2.8811,-8.470000000000004,0,-101.64000000000006,12,87,barnes_group,0.5727251370747884,0,0.1975,18,7,1736,0,0.0,6144,47
3.0942,-8.700833333333335,0,-104.41000000000003,12,90,barnes_group,0.4802295168240865,0,0.1965,23,7,1736,0,0.0,6272,48
2.8031,-8.548333333333336,0,-102.58000000000003,12,88,barnes_group,0.5093244711558024,0,0.1956,21,7,1736,0,0.0,6400,49
2.6817,-8.392500000000007,0,-100.7100000000001,12,86,barnes_group,0.6155460079511007,0,0.1946,19,7,1736,0,0.0,6528,50
3.1535,-8.766666666666664,0,-105.19999999999996,12,91,barnes_group,0.47831114133199054,0,0.1936,24,7,1736,0,0.0,6656,51
3.6111,-8.820833333333331,0,-105.84999999999998,12,92,barnes_group,0.43762441476186115,0,0.1926,28,7,1736,0,0.0,6784,52
2.4924,-8.63166666666667,0,-103.58000000000003,12,89,barnes_group,0.3811100423336029,0,0.1917,15,7,1736,0,0.0,6912,53
3.2302,-8.194166666666671,0,-98.33000000000006,12,84,barnes_group,0.4494272669156392,0,0.1907,24,7,1736,0,0.0,7040,54
2.8943,-8.287500000000003,0,-99.45000000000003,12,85,barnes_group,0.3877474069595337,0,0.1898,26,7,1736,0,0.0,7168,55
3.1891,-8.8225,0,-105.86999999999999,12,92,barnes_group,0.5169469118118286,0,0.1888,19,7,1736,0,0.0,7296,56
3.4786,-9.384999999999998,0,-112.61999999999998,12,99,barnes_group,0.504627913236618,0,0.1879,24,7,1736,0,0.0,7424,57
3.7561,-9.629999999999983,0,-115.55999999999979,12,102,barnes_group,0.6477260192235311,0,0.1869,30,7,1736,0,0.0,7552,58
3.5649,-9.232499999999993,0,-110.7899999999999,12,97,barnes_group,0.43818623820940655,0,0.186,21,7,1736,0,0.0,7680,59
4.0832,-9.541666666666666,0,-114.5,12,101,barnes_group,0.5848997831344604,0,0.1851,20,7,1736,0,0.0,7808,60
3.3559,-8.574999999999994,0,-102.89999999999992,12,89,barnes_group,0.4155249396959941,0,0.1841,20,7,1736,0,0.0,7936,61
3.5079,-8.6925,0,-104.31,12,90,barnes_group,0.4291325608889262,0,0.1832,26,7,1736,0,0.0,8064,62
3.7675,-9.469999999999995,0,-113.63999999999994,12,100,barnes_group,0.48938265442848206,0,0.1823,17,7,1736,0,0.0,8192,63
4.1371,-9.934999999999983,0,-119.2199999999998,12,106,barnes_group,0.5908540884653727,0,0.1814,14,7,1736,0,0.0,8320,64
3.746,-9.38499999999999,0,-112.61999999999988,12,99,barnes_group,0.4906799296538035,0,0.1805,24,7,1736,0,0.0,8448,65
3.3567,-8.844999999999994,0,-106.13999999999992,12,92,barnes_group,0.3587432603041331,0,0.1796,29,7,1736,0,0.0,8576,66
3.6675,-8.758333333333333,0,-105.1,12,91,barnes_group,0.38945560654004413,0,0.1787,19,7,1736,0,0.0,8704,67
4.4502,-9.42666666666665,0,-113.11999999999979,12,100,barnes_group,0.4752369523048401,0,0.1778,18,7,1736,0,0.0,8832,68
3.6945,-8.410000000000002,0,-100.92000000000003,12,87,barnes_group,0.4331162174542745,0,0.1769,22,7,1736,0,0.0,8960,69
3.5728,-8.745833333333318,0,-104.9499999999998,12,91,barnes_group,0.488046000401179,0,0.176,25,7,1736,0,0.0,9088,70
4.277,-9.594999999999983,0,-115.1399999999998,12,102,barnes_group,0.5594253738721212,0,0.1751,29,7,1736,0,0.0,9216,71
3.8,-8.824166666666665,0,-105.88999999999999,12,92,barnes_group,0.43337805072466534,0,0.1743,21,7,1736,0,0.0,9344,72
3.8114,-8.918333333333331,0,-107.01999999999997,12,93,barnes_group,0.42775124311447144,0,0.1734,18,7,1736,0,0.0,9472,73
3.6089,-9.014166666666666,0,-108.17,12,94,barnes_group,0.4816948473453522,0,0.1725,21,7,1736,0,0.0,9600,74
4.0275,-8.737499999999994,0,-104.84999999999992,12,91,barnes_group,0.4510096609592438,0,0.1717,28,7,1736,0,0.0,9728,75
3.8303,-8.899999999999997,0,-106.79999999999995,12,93,barnes_group,0.5540348887443542,0,0.1708,31,7,1736,0,0.0,9856,76
3.5098,-8.676666666666668,0,-104.12000000000002,12,90,barnes_group,0.3602168758710225,0,0.1699,26,7,1736,0,0.0,9984,77
3.0336,-8.544166666666667,0,-102.53,12,88,barnes_group,0.389826238155365,0,0.1691,20,7,1736,0,0.0,10112,78
3.1492,-8.779166666666665,0,-105.34999999999998,12,91,barnes_group,0.4298325777053833,0,0.1683,21,7,1736,0,0.0,10240,79
3.137,-8.524166666666671,0,-102.29000000000005,12,88,barnes_group,0.44720203677813214,0,0.1674,22,7,1736,0,0.0,10368,80
3.6385,-8.646666666666665,0,-103.75999999999998,12,90,barnes_group,0.43098432819048565,0,0.1666,22,7,1736,0,0.0,10496,81
3.7242,-8.747499999999988,0,-104.96999999999986,12,91,barnes_group,0.5391400257746378,0,0.1657,26,7,1736,0,0.0,10624,82
3.6744,-8.966666666666653,0,-107.59999999999982,12,94,barnes_group,0.4651026725769043,0,0.1649,23,7,1736,0,0.0,10752,83
3.5809,-9.216666666666654,0,-110.59999999999985,12,97,barnes_group,0.4961244761943817,0,0.1641,21,7,1736,0,0.0,10880,84
3.4649,-8.982499999999993,0,-107.7899999999999,12,94,barnes_group,0.4413901964823405,0,0.1633,26,7,1736,0,0.0,11008,85
3.8889,-8.897499999999996,0,-106.76999999999994,12,93,barnes_group,0.44650259613990784,0,0.1625,38,7,1736,0,0.0,11136,86
3.4256,-9.322500000000005,0,-111.87000000000006,12,98,barnes_group,0.5251632531483968,0,0.1616,18,7,1736,0,0.0,11264,87
3.4624,-9.212499999999995,0,-110.54999999999994,12,97,barnes_group,2.423713763554891,0,0.1608,22,7,1736,0,0.0,11392,88
3.2094,-9.38083333333332,0,-112.56999999999982,12,99,barnes_group,0.5553602774937948,0,0.16,21,7,1736,0,0.0,11520,89
2.9684,-8.769999999999994,0,-105.23999999999994,12,91,barnes_group,0.815712054570516,0,0.1592,22,7,1736,0,0.0,11648,90
3.1323,-8.508333333333328,0,-102.09999999999994,12,88,barnes_group,0.4970190425713857,0,0.1584,22,7,1736,0,0.0,11776,91
3.3595,-9.238333333333328,0,-110.85999999999993,12,97,barnes_group,0.5638157924016317,0,0.1576,17,7,1736,0,0.0,11904,92
3.1531,-8.904999999999994,0,-106.85999999999993,12,93,barnes_group,0.5246912240982056,0,0.1569,20,7,1736,0,0.0,12032,93
2.9347,-8.767500000000004,0,-105.21000000000004,12,91,barnes_group,0.5965197285016378,0,0.1561,25,7,1736,0,0.0,12160,94
2.3018,-8.543333333333333,0,-102.52,12,88,barnes_group,0.457942138115565,0,0.1553,20,7,1736,0,0.0,12288,95
2.5452,-8.921666666666665,0,-107.05999999999999,12,93,barnes_group,0.5338162779808044,0,0.1545,22,7,1736,0,0.0,12416,96
2.6736,-8.857499999999996,0,-106.28999999999996,12,92,barnes_group,0.47277676065762836,0,0.1537,18,7,1736,0,0.0,12544,97
2.7825,-8.819166666666668,0,-105.83000000000001,12,92,barnes_group,0.6344256003697714,0,0.153,22,7,1736,0,0.0,12672,98
2.639,-8.703333333333331,0,-104.43999999999997,12,90,barnes_group,0.42633240421613056,0,0.1522,19,7,1736,0,0.0,12800,99
2.7504,-8.622500000000002,0,-103.47000000000003,12,89,barnes_group,0.6093243757883707,0,0.25,28,8,1737,0,0.0,128,0
3.584,-10.424166666666643,0,-125.08999999999972,12,112,barnes_group,0.8386582533518473,0,0.2487,30,8,1737,0,0.0,256,1
3.6452,-9.464166666666651,0,-113.56999999999981,12,100,barnes_group,0.52855118115743,0,0.2475,21,8,1737,0,0.0,384,2
3.825,-10.012499999999978,0,-120.14999999999974,12,107,barnes_group,0.8187469442685446,0,0.2463,36,8,1737,0,0.0,512,3
3.4341,-9.048333333333328,0,-108.57999999999994,12,95,barnes_group,0.5864976843198141,0,0.245,21,8,1737,0,0.0,640,4
3.3823,-8.429166666666665,0,-101.14999999999999,12,87,barnes_group,0.4463844696680705,0,0.2438,32,8,1737,0,0.0,768,5
3.338,-8.491666666666665,0,-101.89999999999999,12,88,barnes_group,0.5813424785931905,0,0.2426,32,8,1737,0,0.0,896,6
2.9764,-8.466666666666667,0,-101.60000000000001,12,87,barnes_group,0.5958026448885599,0,0.2414,39,8,1737,0,0.0,1024,7
2.9072,-8.532499999999999,0,-102.38999999999999,12,88,barnes_group,0.43125484387079877,0,0.2402,23,8,1737,0,0.0,1152,8
3.0411,-8.6075,0,-103.29,12,89,barnes_group,0.5024660031000773,0,0.239,29,8,1737,0,0.0,1280,9
2.7201,-8.54083333333333,0,-102.48999999999995,12,88,barnes_group,0.729264477888743,0,0.2378,36,8,1737,0,0.0,1408,10
2.7374,-8.552500000000007,0,-102.6300000000001,12,88,barnes_group,0.45200713475545246,0,0.2366,28,8,1737,0,0.0,1536,11
2.6809,-8.539166666666668,0,-102.47000000000001,12,88,barnes_group,0.5824655691782633,0,0.2354,33,8,1737,0,0.0,1664,12
2.9624,-8.516666666666673,0,-102.20000000000007,12,88,barnes_group,0.4633435904979706,0,0.2342,32,8,1737,0,0.0,1792,13
2.4249,-8.538333333333332,0,-102.45999999999998,12,88,barnes_group,0.5844427744547526,0,0.2331,29,8,1737,0,0.0,1920,14
2.768,-8.53416666666667,0,-102.41000000000004,12,88,barnes_group,0.5780483285586039,0,0.2319,32,8,1737,0,0.0,2048,15
2.899,-8.770833333333332,0,-105.24999999999999,12,91,barnes_group,0.5401532053947449,0,0.2307,43,8,1737,0,0.0,2176,16
2.9974,-8.61833333333333,0,-103.41999999999997,12,89,barnes_group,0.38879889249801636,0,0.2296,30,8,1737,0,0.0,2304,17
3.3056,-8.665833333333333,0,-103.99000000000001,12,90,barnes_group,0.49416637420654297,0,0.2284,37,8,1737,0,0.0,2432,18
3.1708,-8.989166666666657,0,-107.86999999999989,12,94,barnes_group,0.48482553164164227,0,0.2273,30,8,1737,0,0.0,2560,19
3.6966,-9.30166666666665,0,-111.6199999999998,12,98,barnes_group,0.5100750128428141,0,0.2262,26,8,1737,0,0.0,2688,20
4.2662,-9.928333333333317,0,-119.1399999999998,12,106,barnes_group,0.6339993675549825,0,0.225,40,8,1737,0,0.0,2816,21
3.6447,-9.165833333333326,0,-109.98999999999991,12,96,barnes_group,0.46713366111119586,0,0.2239,24,8,1737,0,0.0,2944,22
3.3518,-9.25083333333333,0,-111.00999999999998,12,97,barnes_group,0.4510724941889445,0,0.2228,34,8,1737,0,0.0,3072,23
3.6229,-9.085833333333325,0,-109.02999999999989,12,95,barnes_group,0.46059325337409973,0,0.2217,26,8,1737,0,0.0,3200,24
3.5255,-8.833333333333323,0,-105.99999999999989,12,92,barnes_group,0.39207108815511066,0,0.2206,34,8,1737,0,0.0,3328,25
3.4902,-8.909166666666662,0,-106.90999999999995,12,93,barnes_group,0.40731002887090045,0,0.2195,33,8,1737,0,0.0,3456,26
3.4588,-9.228333333333335,0,-110.74000000000002,12,97,barnes_group,0.578212837378184,0,0.2184,31,8,1737,0,0.0,3584,27
3.4786,-8.736666666666663,0,-104.83999999999996,12,91,barnes_group,0.3951413830121358,0,0.2173,28,8,1737,0,0.0,3712,28
3.3328,-8.751666666666656,0,-105.01999999999988,12,91,barnes_group,0.24810805916786194,0,0.2162,24,8,1737,0,0.0,3840,29
3.1386,-8.527500000000002,0,-102.33000000000001,12,88,barnes_group,0.3144449194272359,0,0.2151,28,8,1737,0,0.0,3968,30
3.3659,-8.540833333333332,0,-102.48999999999998,12,88,barnes_group,0.4113975962003072,0,0.214,29,8,1737,0,0.0,4096,31
3.5518,-8.535833333333331,0,-102.42999999999996,12,88,barnes_group,0.24884610871473947,0,0.213,32,8,1737,0,0.0,4224,32
4.5497,-9.70333333333332,0,-116.43999999999986,12,103,barnes_group,0.4417354464530945,0,0.2119,35,8,1737,0,0.0,4352,33
4.2915,-9.229166666666655,0,-110.74999999999987,12,97,barnes_group,0.38317979375521344,0,0.2108,28,8,1737,0,0.0,4480,34
4.4252,-9.456666666666658,0,-113.47999999999989,12,100,barnes_group,0.3630071779092153,0,0.2098,29,8,1737,0,0.0,4608,35
4.1146,-9.152499999999991,0,-109.82999999999988,12,96,barnes_group,0.3172219494978587,0,0.2087,22,8,1737,0,0.0,4736,36
4.2017,-9.065833333333325,0,-108.78999999999989,12,95,barnes_group,0.5164277652899424,0,0.2077,42,8,1737,0,0.0,4864,37
3.7263,-8.602500000000006,0,-103.23000000000008,12,89,barnes_group,0.4028367002805074,0,0.2066,28,8,1737,0,0.0,4992,38
3.6758,-8.666666666666664,0,-103.99999999999997,12,90,barnes_group,0.3046296139558156,0,0.2056,21,8,1737,0,0.0,5120,39
3.8557,-8.399999999999993,0,-100.79999999999993,12,87,barnes_group,0.2852215568224589,0,0.2046,23,8,1737,0,0.0,5248,40
3.4523,-8.855000000000006,0,-106.26000000000008,12,92,barnes_group,0.3898527721563975,0,0.2036,38,8,1737,0,0.0,5376,41
2.7534,-8.54083333333334,0,-102.4900000000001,12,88,barnes_group,0.42369311054547626,0,0.2025,24,8,1737,0,0.0,5504,42
3.1403,-8.62,0,-103.44,12,89,barnes_group,0.48857733607292175,0,0.2015,30,8,1737,0,0.0,5632,43
3.8378,-8.829166666666664,0,-105.94999999999996,12,92,barnes_group,0.5371901988983154,0,0.2005,26,8,1737,0,0.0,5760,44
3.8171,-8.898333333333326,0,-106.77999999999992,12,93,barnes_group,0.49161675572395325,0,0.1995,22,8,1737,0,0.0,5888,45
3.4062,-8.683333333333328,0,-104.19999999999995,12,90,barnes_group,0.42058446009953815,0,0.1985,21,8,1737,0,0.0,6016,46
3.7543,-8.754166666666663,0,-105.04999999999995,12,91,barnes_group,0.3987101713816325,0,0.1975,23,8,1737,0,0.0,6144,47
3.9834,-8.74166666666666,0,-104.89999999999992,12,91,barnes_group,0.2336360663175583,0,0.1965,22,8,1737,0,0.0,6272,48
3.706,-8.186666666666671,0,-98.24000000000005,12,84,barnes_group,0.16443321108818054,0,0.1956,24,8,1737,0,0.0,6400,49
3.6122,-8.507500000000004,0,-102.09000000000005,12,88,barnes_group,0.2967788775761922,0,0.1946,23,8,1737,0,0.0,6528,50
3.3282,-8.29166666666667,0,-99.50000000000004,12,85,barnes_group,0.38732632994651794,0,0.1936,30,8,1737,0,0.0,6656,51
3.4259,-8.371666666666668,0,-100.46000000000001,12,86,barnes_group,0.24362099170684814,0,0.1926,27,8,1737,0,0.0,6784,52
3.912,-9.395833333333325,0,-112.7499999999999,12,99,barnes_group,0.5282692511876425,0,0.1917,22,8,1737,0,0.0,6912,53
3.4458,-8.769166666666669,0,-105.23000000000002,12,91,barnes_group,0.4284899632136027,0,0.1907,28,8,1737,0,0.0,7040,54
3.83,-8.548333333333323,0,-102.57999999999987,12,89,barnes_group,0.4621342718601227,0,0.1898,21,8,1737,0,0.0,7168,55
4.0052,-9.129999999999987,0,-109.55999999999983,12,96,barnes_group,0.364865909020106,0,0.1888,23,8,1737,0,0.0,7296,56
3.8577,-9.295833333333329,0,-111.54999999999995,12,98,barnes_group,0.3541274567445119,0,0.1879,24,8,1737,0,0.0,7424,57
3.972,-9.21416666666666,0,-110.56999999999992,12,97,barnes_group,0.435343195994695,0,0.1869,29,8,1737,0,0.0,7552,58
3.8224,-8.994166666666667,0,-107.92999999999999,12,94,barnes_group,0.33202578624089557,0,0.186,25,8,1737,0,0.0,7680,59
3.7815,-9.141666666666659,0,-109.6999999999999,12,96,barnes_group,0.5559016466140747,0,0.1851,19,8,1737,0,0.0,7808,60
3.9761,-9.436666666666648,0,-113.23999999999977,12,100,barnes_group,0.5309109687805176,0,0.1841,24,8,1737,0,0.0,7936,61
3.6075,-9.322499999999994,0,-111.86999999999993,12,98,barnes_group,0.5519002477327982,0,0.1832,17,8,1737,0,0.0,8064,62
3.4609,-8.52166666666667,0,-102.26000000000005,12,88,barnes_group,0.36572720607121784,0,0.1823,26,8,1737,0,0.0,8192,63
3.8001,-8.746666666666666,0,-104.96,12,91,barnes_group,0.34426583846410114,0,0.1814,16,8,1737,0,0.0,8320,64
3.3036,-8.35666666666666,0,-100.27999999999993,12,86,barnes_group,0.26080449918905896,0,0.1805,23,8,1737,0,0.0,8448,65
3.4288,-8.765,0,-105.18,12,91,barnes_group,0.3168852726618449,0,0.1796,20,8,1737,0,0.0,8576,66
3.6054,-8.744999999999994,0,-104.93999999999993,12,91,barnes_group,0.3335619370142619,0,0.1787,26,8,1737,0,0.0,8704,67
3.5048,-8.744166666666658,0,-104.9299999999999,12,91,barnes_group,0.3057025969028473,0,0.1778,24,8,1737,0,0.0,8832,68
3.2891,-8.37583333333333,0,-100.50999999999998,12,86,barnes_group,0.3088694016138713,0,0.1769,26,8,1737,0,0.0,8960,69
3.0185,-8.215000000000003,0,-98.58000000000004,12,84,barnes_group,0.265250285466512,0,0.176,21,8,1737,0,0.0,9088,70
3.2687,-8.694999999999999,0,-104.33999999999999,12,90,barnes_group,0.31828832626342773,0,0.1751,25,8,1737,0,0.0,9216,71
3.1297,-8.534166666666673,0,-102.41000000000007,12,88,barnes_group,0.3096385995546977,0,0.1743,23,8,1737,0,0.0,9344,72
3.1209,-8.372499999999999,0,-100.46999999999998,12,86,barnes_group,0.30479516585667926,0,0.1734,18,8,1737,0,0.0,9472,73
3.1483,-8.373333333333333,0,-100.47999999999999,12,86,barnes_group,0.3701639970143636,0,0.1725,22,8,1737,0,0.0,9600,74
3.2401,-8.536666666666664,0,-102.43999999999997,12,88,barnes_group,0.19666706522305807,0,0.1717,17,8,1737,0,0.0,9728,75
3.9614,-8.674166666666668,0,-104.09000000000002,12,90,barnes_group,0.2988002101580302,0,0.1708,31,8,1737,0,0.0,9856,76
4.3872,-9.28333333333332,0,-111.39999999999985,12,98,barnes_group,0.38335763414700824,0,0.1699,20,8,1737,0,0.0,9984,77
4.639,-9.205833333333329,0,-110.46999999999994,12,97,barnes_group,0.4047897855440776,0,0.1691,23,8,1737,0,0.0,10112,78
3.5965,-8.268333333333336,0,-99.22000000000004,12,85,barnes_group,0.19038291772206625,0,0.1683,21,8,1737,0,0.0,10240,79
3.4946,-8.444999999999991,0,-101.3399999999999,12,87,barnes_group,0.3164584239323934,0,0.1674,22,8,1737,0,0.0,10368,80
3.2353,-8.211666666666673,0,-98.54000000000008,12,84,barnes_group,0.25656190514564514,0,0.1666,16,8,1737,0,0.0,10496,81
3.8038,-8.508333333333326,0,-102.09999999999991,12,88,barnes_group,0.40035154422124225,0,0.1657,23,8,1737,0,0.0,10624,82
4.111,-8.32416666666666,0,-99.88999999999992,12,86,barnes_group,0.1918088992436727,0,0.1649,18,8,1737,0,0.0,10752,83
4.0583,-8.749999999999991,0,-104.99999999999989,12,91,barnes_group,0.34572623173395794,0,0.1641,25,8,1737,0,0.0,10880,84
3.5003,-8.430833333333334,0,-101.17,12,87,barnes_group,0.1972306768099467,0,0.1633,27,8,1737,0,0.0,11008,85
3.3255,-8.685,0,-104.22000000000001,12,90,barnes_group,0.3739426334698995,0,0.1625,27,8,1737,0,0.0,11136,86
2.9813,-8.6275,0,-103.53,12,89,barnes_group,0.31149614850680035,0,0.1616,20,8,1737,0,0.0,11264,87
3.1785,-8.769999999999994,0,-105.23999999999994,12,91,barnes_group,0.37307841579119366,0,0.1608,16,8,1737,0,0.0,11392,88
2.894,-8.707500000000001,0,-104.49000000000001,12,90,barnes_group,0.4007455011208852,0,0.16,17,8,1737,0,0.0,11520,89
3.7172,-9.003333333333327,0,-108.03999999999992,12,94,barnes_group,0.42124609152475995,0,0.1592,24,8,1737,0,0.0,11648,90
3.6952,-8.75916666666667,0,-105.11000000000004,12,91,barnes_group,0.3559765915075938,0,0.1584,22,8,1737,0,0.0,11776,91
3.7645,-8.43916666666666,0,-101.26999999999992,12,87,barnes_group,0.26480146249135333,0,0.1576,18,8,1737,0,0.0,11904,92
4.2386,-8.797499999999987,0,-105.56999999999985,12,92,barnes_group,0.26940778891245526,0,0.1569,20,8,1737,0,0.0,12032,93
4.1652,-9.214999999999984,0,-110.57999999999981,12,97,barnes_group,0.35652754704157513,0,0.1561,23,8,1737,0,0.0,12160,94
4.4285,-8.594999999999997,0,-103.13999999999996,12,89,barnes_group,0.18687369426091513,0,0.1553,19,8,1737,0,0.0,12288,95
3.8844,-8.679999999999998,0,-104.15999999999997,12,90,barnes_group,0.2433407853047053,0,0.1545,20,8,1737,0,0.0,12416,96
4.0179,-8.322500000000003,0,-99.87000000000005,12,86,barnes_group,0.25113168358802795,0,0.1537,22,8,1737,0,0.0,12544,97
4.0939,-8.224999999999993,0,-98.69999999999992,12,85,barnes_group,0.1732161889473597,0,0.153,15,8,1737,0,0.0,12672,98
3.6257,-8.589166666666666,0,-103.07,12,89,barnes_group,0.3469379047552745,0,0.1522,24,8,1737,0,0.0,12800,99
4.1041,-10.745833333333307,0,-128.94999999999968,12,116,barnes_group,7.033782958984375,0,0.25,41,9,1738,0,0.0,128,0
4.1741,-9.088333333333315,0,-109.05999999999979,12,96,barnes_group,0.8365220924218496,0,0.2487,38,9,1738,0,0.0,256,1
3.8319,-8.96166666666666,0,-107.53999999999992,12,94,barnes_group,0.4309258858362834,0,0.2475,31,9,1738,0,0.0,384,2
4.2943,-10.163333333333314,0,-121.95999999999978,12,109,barnes_group,0.6926724314689636,0,0.2463,35,9,1738,0,0.0,512,3
3.7848,-9.757499999999979,0,-117.08999999999975,12,104,barnes_group,0.7264400323232015,0,0.245,36,9,1738,0,0.0,640,4
3.4925,-10.589166666666648,0,-127.06999999999977,12,114,barnes_group,0.7132185300191244,0,0.2438,28,9,1738,0,0.0,768,5
3.9831,-10.187499999999991,0,-122.24999999999989,12,109,barnes_group,0.5802609125773112,0,0.2426,33,9,1738,0,0.0,896,6
3.9294,-9.769166666666651,0,-117.2299999999998,12,104,barnes_group,0.42206647992134094,0,0.2414,30,9,1738,0,0.0,1024,7
4.1359,-9.519166666666651,0,-114.2299999999998,12,101,barnes_group,0.8216328819592794,0,0.2402,31,9,1738,0,0.0,1152,8
4.0178,-9.370833333333332,0,-112.44999999999997,12,99,barnes_group,0.5044295390446981,0,0.239,33,9,1738,0,0.0,1280,9
3.4896,-8.505,0,-102.06,12,88,barnes_group,0.5235293706258138,0,0.2378,27,9,1738,0,0.0,1408,10
3.9111,-8.992500000000001,0,-107.91000000000003,12,94,barnes_group,0.549118717511495,0,0.2366,35,9,1738,0,0.0,1536,11
4.3317,-8.765833333333314,0,-105.18999999999977,12,92,barnes_group,0.5041978557904562,0,0.2354,20,9,1738,0,0.0,1664,12
4.0658,-8.86749999999999,0,-106.4099999999999,12,93,barnes_group,0.5886757572491964,0,0.2342,22,9,1738,0,0.0,1792,13
4.1878,-9.536666666666653,0,-114.43999999999984,12,101,barnes_group,0.5198956926663717,0,0.2331,39,9,1738,0,0.0,1920,14
4.6825,-9.789166666666647,0,-117.46999999999977,12,104,barnes_group,0.5237401922543844,0,0.2319,28,9,1738,0,0.0,2048,15
4.7139,-9.625833333333325,0,-115.5099999999999,12,102,barnes_group,0.5227654774983724,0,0.2307,29,9,1738,0,0.0,2176,16
4.8032,-9.68916666666665,0,-116.26999999999978,12,103,barnes_group,0.5976729790369669,0,0.2296,31,9,1738,0,0.0,2304,17
4.2959,-8.654166666666663,0,-103.84999999999997,12,90,barnes_group,0.39504100879033405,0,0.2284,38,9,1738,0,0.0,2432,18
4.3415,-9.157499999999994,0,-109.88999999999993,12,96,barnes_group,0.42195965846379596,0,0.2273,31,9,1738,0,0.0,2560,19
4.7523,-9.858333333333322,0,-118.29999999999987,12,105,barnes_group,0.5821965138117472,0,0.2262,21,9,1738,0,0.0,2688,20
4.6628,-9.229999999999995,0,-110.75999999999995,12,97,barnes_group,0.5236607392628988,0,0.225,23,9,1738,0,0.0,2816,21
4.7222,-9.690833333333316,0,-116.2899999999998,12,103,barnes_group,0.4881438910961151,0,0.2239,27,9,1738,0,0.0,2944,22
4.6296,-9.464999999999991,0,-113.57999999999988,12,100,barnes_group,0.4218458632628123,0,0.2228,27,9,1738,0,0.0,3072,23
5.265,-10.183333333333316,0,-122.19999999999979,12,109,barnes_group,0.5688631137212118,0,0.2217,35,9,1738,0,0.0,3200,24
4.8364,-9.704999999999975,0,-116.45999999999971,12,103,barnes_group,0.4921453595161438,0,0.2206,35,9,1738,0,0.0,3328,25
4.8759,-9.374999999999991,0,-112.4999999999999,12,99,barnes_group,0.5155078570048014,0,0.2195,23,9,1738,0,0.0,3456,26
4.3992,-9.457499999999998,0,-113.48999999999997,12,100,barnes_group,0.5022682348887125,0,0.2184,29,9,1738,0,0.0,3584,27
4.4424,-9.596666666666653,0,-115.15999999999984,12,102,barnes_group,0.6350397268931071,0,0.2173,32,9,1738,0,0.0,3712,28
3.9543,-9.06166666666666,0,-108.73999999999992,12,95,barnes_group,0.4241009056568146,0,0.2162,29,9,1738,0,0.0,3840,29
3.7771,-9.482500000000003,0,-113.79000000000003,12,100,barnes_group,0.511565218369166,0,0.2151,28,9,1738,0,0.0,3968,30
3.8127,-9.309166666666654,0,-111.70999999999984,12,98,barnes_group,0.5647553404172262,0,0.214,30,9,1738,0,0.0,4096,31
3.9016,-9.357499999999987,0,-112.28999999999985,12,99,barnes_group,0.5909639994303385,0,0.213,29,9,1738,0,0.0,4224,32
3.7336,-9.535833333333326,0,-114.42999999999991,12,101,barnes_group,0.5619940757751465,0,0.2119,24,9,1738,0,0.0,4352,33
3.4314,-8.601666666666667,0,-103.22,12,89,barnes_group,0.30075692137082416,0,0.2108,21,9,1738,0,0.0,4480,34
3.7817,-8.421666666666667,0,-101.06,12,87,barnes_group,0.24607803424199423,0,0.2098,29,9,1738,0,0.0,4608,35
4.0239,-8.90499999999999,0,-106.85999999999989,12,93,barnes_group,0.3811807731787364,0,0.2087,27,9,1738,0,0.0,4736,36
3.2881,-8.704166666666667,0,-104.45000000000002,12,90,barnes_group,0.2346238394578298,0,0.2077,25,9,1738,0,0.0,4864,37
3.4772,-8.51666666666667,0,-102.20000000000003,12,88,barnes_group,0.25350645184516907,0,0.2066,31,9,1738,0,0.0,4992,38
3.5959,-8.351666666666658,0,-100.2199999999999,12,86,barnes_group,0.2440546602010727,0,0.2056,20,9,1738,0,0.0,5120,39
3.9827,-8.326666666666656,0,-99.91999999999987,12,86,barnes_group,0.259909321864446,0,0.2046,30,9,1738,0,0.0,5248,40
3.9969,-9.307499999999992,0,-111.68999999999991,12,98,barnes_group,0.3817850848038991,0,0.2036,24,9,1738,0,0.0,5376,41
3.7905,-8.493333333333327,0,-101.91999999999992,12,88,barnes_group,0.22384908298651376,0,0.2025,23,9,1738,0,0.0,5504,42
3.885,-8.419999999999998,0,-101.03999999999998,12,87,barnes_group,0.24173674484093985,0,0.2015,21,9,1738,0,0.0,5632,43
3.9439,-8.582500000000001,0,-102.99000000000001,12,89,barnes_group,0.2218531370162964,0,0.2005,29,9,1738,0,0.0,5760,44
3.3295,-8.360000000000003,0,-100.32000000000004,12,86,barnes_group,0.33275677760442096,0,0.1995,23,9,1738,0,0.0,5888,45
3.565,-7.856666666666663,0,-94.27999999999996,12,80,barnes_group,0.17784340182940164,0,0.1985,22,9,1738,0,0.0,6016,46
4.1921,-9.039166666666656,0,-108.46999999999987,12,95,barnes_group,0.3888672888278961,0,0.1975,23,9,1738,0,0.0,6144,47
4.3291,-8.265833333333328,0,-99.18999999999994,12,85,barnes_group,0.19874686499436697,0,0.1965,26,9,1738,0,0.0,6272,48
4.0219,-8.081666666666665,0,-96.97999999999998,12,83,barnes_group,0.23877204954624176,0,0.1956,21,9,1738,0,0.0,6400,49
4.3908,-8.505833333333337,0,-102.07000000000004,12,88,barnes_group,0.21440313756465912,0,0.1946,35,9,1738,0,0.0,6528,50
4.559,-9.053333333333322,0,-108.63999999999986,12,95,barnes_group,0.4142189025878906,0,0.1936,30,9,1738,0,0.0,6656,51
4.0627,-8.238333333333335,0,-98.86000000000003,12,85,barnes_group,0.26793599128723145,0,0.1926,18,9,1738,0,0.0,6784,52
3.9494,-8.758333333333317,0,-105.09999999999981,12,91,barnes_group,0.4222115675608317,0,0.1917,24,9,1738,0,0.0,6912,53
4.1495,-8.360000000000001,0,-100.32000000000001,12,86,barnes_group,0.26145114998022717,0,0.1907,26,9,1738,0,0.0,7040,54
4.1502,-8.749166666666666,0,-104.99,12,91,barnes_group,0.32617394129435223,0,0.1898,28,9,1738,0,0.0,7168,55
4.0239,-8.647499999999996,0,-103.76999999999995,12,90,barnes_group,0.21587334076563516,0,0.1888,22,9,1738,0,0.0,7296,56
4.0994,-9.073333333333332,0,-108.87999999999998,12,95,barnes_group,0.31267913182576496,0,0.1879,31,9,1738,0,0.0,7424,57
3.7924,-8.916666666666663,0,-106.99999999999996,12,93,barnes_group,0.29889609416325885,0,0.1869,23,9,1738,0,0.0,7552,58
3.7636,-8.694166666666666,0,-104.32999999999998,12,90,barnes_group,0.30348776777585346,0,0.186,24,9,1738,0,0.0,7680,59
4.2499,-8.764166666666664,0,-105.16999999999997,12,91,barnes_group,0.3433503707249959,0,0.1851,24,9,1738,0,0.0,7808,60
4.5589,-9.070833333333317,0,-108.84999999999981,12,95,barnes_group,0.3383780022462209,0,0.1841,26,9,1738,0,0.0,7936,61
4.0017,-8.589166666666662,0,-103.06999999999994,12,89,barnes_group,0.2735670506954193,0,0.1832,24,9,1738,0,0.0,8064,62
4.0905,-9.068333333333323,0,-108.81999999999987,12,95,barnes_group,0.30242350697517395,0,0.1823,24,9,1738,0,0.0,8192,63
4.1825,-8.504999999999999,0,-102.05999999999999,12,88,barnes_group,0.3678560753663381,0,0.1814,31,9,1738,0,0.0,8320,64
4.1919,-8.494166666666667,0,-101.92999999999999,12,88,barnes_group,0.31258924802144367,0,0.1805,21,9,1738,0,0.0,8448,65
4.4078,-8.484999999999998,0,-101.81999999999998,12,88,barnes_group,0.255206897854805,0,0.1796,26,9,1738,0,0.0,8576,66
4.1127,-8.094166666666663,0,-97.12999999999995,12,83,barnes_group,0.11567106346289317,0,0.1787,25,9,1738,0,0.0,8704,67
3.9334,-8.321666666666664,0,-99.85999999999997,12,86,barnes_group,0.24349278211593628,0,0.1778,26,9,1738,0,0.0,8832,68
4.113,-8.892499999999993,0,-106.70999999999991,12,93,barnes_group,0.18880967795848846,0,0.1769,24,9,1738,0,0.0,8960,69
3.6747,-8.26416666666667,0,-99.17000000000004,12,85,barnes_group,0.20761426786581674,0,0.176,16,9,1738,0,0.0,9088,70
3.6519,-8.34083333333333,0,-100.08999999999996,12,86,barnes_group,0.2821549375851949,0,0.1751,17,9,1738,0,0.0,9216,71
3.8862,-8.813333333333325,0,-105.7599999999999,12,92,barnes_group,0.440669983625412,0,0.1743,18,9,1738,0,0.0,9344,72
4.0557,-8.001666666666667,0,-96.02000000000001,12,82,barnes_group,0.1405370980501175,0,0.1734,16,9,1738,0,0.0,9472,73
3.4647,-8.761666666666661,0,-105.13999999999994,12,91,barnes_group,0.3144509593645732,0,0.1725,15,9,1738,0,0.0,9600,74
3.4821,-8.012499999999998,0,-96.14999999999996,12,82,barnes_group,0.16974307596683502,0,0.1717,21,9,1738,0,0.0,9728,75
3.3005,-7.942499999999999,0,-95.30999999999999,12,81,barnes_group,0.24580314755439758,0,0.1708,24,9,1738,0,0.0,9856,76
3.472,-8.189999999999992,0,-98.27999999999992,12,84,barnes_group,0.2800840238730113,0,0.1699,22,9,1738,0,0.0,9984,77
3.5555,-8.2025,0,-98.43,12,84,barnes_group,0.27272942662239075,0,0.1691,17,9,1738,0,0.0,10112,78
3.5275,-7.840000000000007,0,-94.08000000000008,12,80,barnes_group,0.30736635128657025,0,0.1683,19,9,1738,0,0.0,10240,79
3.6494,-8.050833333333328,0,-96.60999999999994,12,83,barnes_group,0.1997812290986379,0,0.1674,30,9,1738,0,0.0,10368,80
4.2479,-8.460833333333326,0,-101.52999999999992,12,88,barnes_group,0.24102198580900827,0,0.1666,27,9,1738,0,0.0,10496,81
3.8409,-8.168333333333328,0,-98.01999999999992,12,84,barnes_group,0.2250240594148636,0,0.1657,18,9,1738,0,0.0,10624,82
3.4442,-8.259166666666662,0,-99.10999999999994,12,85,barnes_group,0.2606061597665151,0,0.1649,14,9,1738,0,0.0,10752,83
3.7684,-8.25333333333333,0,-99.03999999999996,12,85,barnes_group,0.3958449959754944,0,0.1641,21,9,1738,0,0.0,10880,84
3.81,-7.920833333333335,0,-95.05000000000003,12,81,barnes_group,0.23364431162675223,0,0.1633,23,9,1738,0,0.0,11008,85
3.9085,-8.48249999999999,0,-101.78999999999988,12,88,barnes_group,0.35622280836105347,0,0.1625,27,9,1738,0,0.0,11136,86
4.0302,-8.52833333333332,0,-102.33999999999985,12,89,barnes_group,0.34545037150382996,0,0.1616,21,9,1738,0,0.0,11264,87
3.9111,-8.534166666666659,0,-102.4099999999999,12,89,barnes_group,0.34364771842956543,0,0.1608,23,9,1738,0,0.0,11392,88
3.6062,-8.343333333333328,0,-100.11999999999995,12,86,barnes_group,0.2861787627140681,0,0.16,21,9,1738,0,0.0,11520,89
2.8059,-8.280000000000006,0,-99.36000000000007,12,85,barnes_group,0.23476927479108176,0,0.1592,18,9,1738,0,0.0,11648,90
3.4947,-7.841666666666664,0,-94.09999999999997,12,80,barnes_group,0.2109784632921219,0,0.1584,32,9,1738,0,0.0,11776,91
3.1816,-7.610833333333333,0,-91.33,12,77,barnes_group,0.14973812301953635,0,0.1576,18,9,1738,0,0.0,11904,92
2.9522,-7.7924999999999995,0,-93.50999999999999,12,79,barnes_group,0.1486862152814865,0,0.1569,18,9,1738,0,0.0,12032,93
2.6195,-7.619999999999998,0,-91.43999999999998,12,77,barnes_group,0.2032246539990107,0,0.1561,16,9,1738,0,0.0,12160,94
2.4584,-7.724166666666666,0,-92.69,12,78,barnes_group,0.25461336473623913,0,0.1553,14,9,1738,0,0.0,12288,95
2.9199,-7.291666666666667,0,-87.5,12,73,barnes_group,0.12361486752827962,0,0.1545,21,9,1738,0,0.0,12416,96
3.4647,-7.238333333333331,0,-86.85999999999997,12,73,barnes_group,0.12989072501659393,0,0.1537,19,9,1738,0,0.0,12544,97
3.4438,-6.8841666666666645,0,-82.60999999999997,12,69,barnes_group,0.4729636510213216,0,0.153,16,9,1738,0,0.0,12672,98
3.0488,-7.29916666666666,0,-87.58999999999992,12,74,barnes_group,0.10706568260987599,0,0.1522,11,9,1738,0,0.0,12800,99
