avg_entropy,avg_reward_per_episode,best_tax_advantage,cumulative_reward,episode_count,invalid_count,loophole,loss,positive_reward_count,random_action_prob,random_exploration_count,run,seed,success_count,success_rate,total_steps,update
3.5366,-10.25,0,-123,12,123,barnes_group,2.101788322130839,0,0.25,30,0,1729,0,0.0,128,0
4.0144,-9.753333333333334,0,-117.04,12,117,barnes_group,0.6363431612650553,0,0.2487,35,0,1729,0,0.0,256,1
4.2926,-10.002500000000001,0,-120.03000000000002,12,120,barnes_group,0.7459193269411722,0,0.2475,30,0,1729,0,0.0,384,2
4.3396,-9.676666666666668,0,-116.12,12,116,barnes_group,0.6429247657457987,0,0.2463,35,0,1729,0,0.0,512,3
4.6916,-9.511666666666667,0,-114.14,12,114,barnes_group,0.6373748381932577,0,0.245,38,0,1729,0,0.0,640,4
4.289,-9.17,0,-110.04,12,110,barnes_group,0.4917125304539998,0,0.2438,37,0,1729,0,0.0,768,5
4.6104,-9.666666666666666,0,-116,12,116,barnes_group,0.6117550730705261,0,0.2426,28,0,1729,0,0.0,896,6
4.7766,-9.75,0,-117,12,117,barnes_group,0.5800963242848715,0,0.2414,35,0,1729,0,0.0,1024,7
4.9831,-9.676666666666668,0,-116.12,12,116,barnes_group,0.4861971934636434,0,0.2402,40,0,1729,0,0.0,1152,8
4.9283,-10.166666666666666,0,-122,12,122,barnes_group,0.6511575778325399,0,0.239,23,0,1729,0,0.0,1280,9
4.9504,-10.004999999999999,0,-120.05999999999999,12,120,barnes_group,0.7900973558425903,0,0.2378,37,0,1729,0,0.0,1408,10
4.1666,-9.593333333333335,0,-115.12000000000002,12,115,barnes_group,0.5672493378321329,0,0.2366,34,0,1729,0,0.0,1536,11
4.1957,-9.169166666666667,0,-110.03,12,110,barnes_group,0.5709462960561117,0,0.2354,32,0,1729,0,0.0,1664,12
4.6043,-9.5075,0,-114.09,12,114,barnes_group,0.5649030009905497,0,0.2342,30,0,1729,0,0.0,1792,13
4.102,-9.668333333333335,0,-116.02000000000001,12,116,barnes_group,0.4823800325393677,0,0.2331,30,0,1729,0,0.0,1920,14
4.4522,-9.348333333333331,0,-112.17999999999998,12,112,barnes_group,0.4465721646944682,0,0.2319,30,0,1729,0,0.0,2048,15
3.9459,-9.257500000000002,0,-111.09000000000002,12,111,barnes_group,0.5351173281669617,0,0.2307,26,0,1729,0,0.0,2176,16
3.516,-9.194166666666671,0,-110.33000000000006,12,110,barnes_group,0.5127264857292175,0,0.2296,27,0,1729,0,0.0,2304,17
4.1522,-9.119166666666668,0,-109.43000000000002,12,109,barnes_group,0.43826979398727417,0,0.2284,29,0,1729,0,0.0,2432,18
4.0896,-9.339166666666669,0,-112.07000000000002,12,112,barnes_group,0.5405630270640055,0,0.2273,28,0,1729,0,0.0,2560,19
4.1163,-8.798333333333336,0,-105.58000000000003,12,105,barnes_group,0.5348606506983439,0,0.2262,29,0,1729,0,0.0,2688,20
4.2527,-8.6925,0,-104.31,12,104,barnes_group,0.4680461486180623,0,0.225,33,0,1729,0,0.0,2816,21
3.7044,-7.8891666666666715,0,-94.67000000000006,12,94,barnes_group,0.2895019104083379,0,0.2239,24,0,1729,0,0.0,2944,22
4.0888,-7.738333333333337,0,-92.86000000000004,12,92,barnes_group,0.22847367823123932,0,0.2228,36,0,1729,0,0.0,3072,23
3.7389,-7.896666666666669,0,-94.76000000000003,12,94,barnes_group,0.363047460714976,0,0.2217,25,0,1729,0,0.0,3200,24
3.5465,-7.737500000000007,0,-92.85000000000008,12,92,barnes_group,0.24086259305477142,0,0.2206,31,0,1729,0,0.0,3328,25
3.7955,-7.588333333333336,0,-91.06000000000003,12,90,barnes_group,0.4659974277019501,0,0.2195,24,0,1729,0,0.0,3456,26
3.5905,-7.257500000000004,0,-87.09000000000005,12,86,barnes_group,0.12457286814848582,0,0.2184,24,0,1729,0,0.0,3584,27
3.227,-7.134999999999998,0,-85.61999999999998,12,84,barnes_group,0.18001055717468262,0,0.2173,23,0,1729,0,0.0,3712,28
3.1292,-7.205000000000001,0,-86.46000000000001,12,85,barnes_group,0.24280800422032675,0,0.2162,24,0,1729,0,0.0,3840,29
3.4191,-7.30166666666667,0,-87.62000000000005,12,86,barnes_group,0.23620074490706125,0,0.2151,35,0,1729,0,0.0,3968,30
3.2649,-7.215833333333333,0,-86.59,12,85,barnes_group,0.17293772101402283,0,0.214,27,0,1729,0,0.0,4096,31
3.203,-7.394166666666667,0,-88.73,12,87,barnes_group,0.28105411926905316,0,0.213,27,0,1729,0,0.0,4224,32
4.0482,-7.107500000000002,0,-85.29000000000002,12,84,barnes_group,0.15655222038427988,0,0.2119,26,0,1729,0,0.0,4352,33
4.142,-7.819166666666672,0,-93.83000000000007,12,93,barnes_group,0.21176313360532126,0,0.2108,26,0,1729,0,0.0,4480,34
4.0335,-8.03833333333334,0,-96.46000000000006,12,96,barnes_group,0.18490936855475107,0,0.2098,23,0,1729,0,0.0,4608,35
3.9501,-7.839999999999995,0,-94.07999999999994,12,93,barnes_group,0.27910488843917847,0,0.2087,29,0,1729,0,0.0,4736,36
3.8441,-7.3416666666666694,0,-88.10000000000004,12,87,barnes_group,0.20780267814795175,0,0.2077,26,0,1729,0,0.0,4864,37
3.2527,-7.392499999999998,0,-88.70999999999998,12,87,barnes_group,0.13911508520444235,0,0.2066,23,0,1729,0,0.0,4992,38
3.5101,-7.742499999999997,0,-92.90999999999997,12,92,barnes_group,0.20013203720251718,0,0.2056,32,0,1729,0,0.0,5120,39
3.5845,-7.45666666666667,0,-89.48000000000003,12,88,barnes_group,0.1521358241637548,0,0.2046,31,0,1729,0,0.0,5248,40
3.5639,-7.445833333333339,0,-89.35000000000007,12,88,barnes_group,0.21062098940213522,0,0.2036,26,0,1729,0,0.0,5376,41
3.5722,-7.031666666666667,0,-84.38000000000001,12,83,barnes_group,0.1619804451862971,0,0.2025,24,0,1729,0,0.0,5504,42
3.5623,-7.138333333333336,0,-85.66000000000004,12,84,barnes_group,0.17482690513134003,0,0.2015,21,0,1729,0,0.0,5632,43
3.959,-6.995833333333336,0,-83.95000000000003,12,83,barnes_group,0.09405101835727692,0,0.2005,36,0,1729,0,0.0,5760,44
3.3203,-7.1166666666666645,0,-85.39999999999998,12,84,barnes_group,0.08938329915205638,0,0.1995,20,0,1729,0,0.0,5888,45
3.4133,-6.882500000000003,0,-82.59000000000003,12,81,barnes_group,0.03775075078010559,0,0.1985,28,0,1729,0,0.0,6016,46
3.7509,-6.681666666666668,0,-80.18000000000002,12,79,barnes_group,0.05928662419319153,0,0.1975,29,0,1729,0,0.0,6144,47
3.9523,-7.163333333333335,0,-85.96000000000002,12,85,barnes_group,0.20903847614924112,0,0.1965,34,0,1729,0,0.0,6272,48
3.7084,-6.602500000000007,0,-79.23000000000009,12,78,barnes_group,0.011470566193262735,0,0.1956,20,0,1729,0,0.0,6400,49
3.6415,-6.865000000000006,0,-82.38000000000008,12,81,barnes_group,0.06469683349132538,0,0.1946,26,0,1729,0,0.0,6528,50
3.3402,-6.786666666666669,0,-81.44000000000003,12,80,barnes_group,0.1018832524617513,0,0.1936,18,0,1729,0,0.0,6656,51
3.2596,-6.801666666666669,0,-81.62000000000003,12,80,barnes_group,0.11573930084705353,0,0.1926,28,0,1729,0,0.0,6784,52
3.2688,-6.630833333333335,0,-79.57000000000002,12,78,barnes_group,0.09187020361423492,0,0.1917,29,0,1729,0,0.0,6912,53
3.1671,-6.632500000000005,0,-79.59000000000006,12,78,barnes_group,0.032543912529945374,0,0.1907,29,0,1729,0,0.0,7040,54
3.5094,-6.629166666666671,0,-79.55000000000005,12,78,barnes_group,0.02817415197690328,0,0.1898,25,0,1729,0,0.0,7168,55
3.4503,-6.36416666666667,0,-76.37000000000005,12,75,barnes_group,0.02584374447663625,0,0.1888,19,0,1729,0,0.0,7296,56
3.7835,-6.196666666666672,0,-74.36000000000006,12,73,barnes_group,-0.026807357867558796,0,0.1879,15,0,1729,0,0.0,7424,57
3.3356,-6.125000000000001,0,-73.50000000000001,12,72,barnes_group,0.031590357422828674,0,0.1869,25,0,1729,0,0.0,7552,58
3.2828,-6.221666666666671,0,-74.66000000000005,12,73,barnes_group,0.0866400549809138,0,0.186,25,0,1729,0,0.0,7680,59
3.5712,-6.363333333333336,0,-76.36000000000003,12,75,barnes_group,0.06854019562403361,0,0.1851,29,0,1729,0,0.0,7808,60
3.6189,-6.915000000000002,0,-82.98000000000002,12,82,barnes_group,0.2092417279879252,0,0.1841,31,0,1729,0,0.0,7936,61
3.3264,-6.511666666666669,0,-78.14000000000003,12,77,barnes_group,0.060280422369639076,0,0.1832,24,0,1729,0,0.0,8064,62
3.2753,-6.445833333333339,0,-77.35000000000007,12,76,barnes_group,0.12214911977450053,0,0.1823,23,0,1729,0,0.0,8192,63
3.1307,-6.12416666666667,0,-73.49000000000004,12,72,barnes_group,0.05680857598781586,0,0.1814,27,0,1729,0,0.0,8320,64
2.897,-5.870000000000008,0,-70.4400000000001,12,69,barnes_group,0.012273162603378296,0,0.1805,20,0,1729,0,0.0,8448,65
3.1307,-5.689166666666671,0,-68.27000000000005,12,67,barnes_group,0.025889808932940166,0,0.1796,28,0,1729,0,0.0,8576,66
3.1055,-5.90666666666667,0,-70.88000000000004,12,70,barnes_group,0.1889930268128713,0,0.1787,29,0,1729,0,0.0,8704,67
2.8985,-5.697500000000005,0,-68.37000000000006,12,67,barnes_group,0.08251525461673737,0,0.1778,14,0,1729,0,0.0,8832,68
2.6935,-5.706666666666671,0,-68.48000000000006,12,67,barnes_group,0.01588422308365504,0,0.1769,22,0,1729,0,0.0,8960,69
2.5962,-5.5366666666666715,0,-66.44000000000005,12,65,barnes_group,0.11652179310719173,0,0.176,17,0,1729,0,0.0,9088,70
2.4183,-4.776666666666672,0,-57.32000000000006,12,56,barnes_group,0.10183101147413254,0,0.1751,20,0,1729,0,0.0,9216,71
2.7461,-4.576666666666665,0,-54.91999999999999,12,54,barnes_group,0.04695292065540949,0,0.1743,25,0,1729,0,0.0,9344,72
2.7558,-4.565000000000002,0,-54.78000000000003,12,54,barnes_group,0.058910220861434937,0,0.1734,26,0,1729,0,0.0,9472,73
2.4433,-4.541666666666667,0,-54.50000000000001,12,54,barnes_group,0.02178384115298589,0,0.1725,27,0,1729,0,0.0,9600,74
2.345,-4.622500000000003,0,-55.47000000000004,12,55,barnes_group,0.07437060525019963,0,0.1717,19,0,1729,0,0.0,9728,75
2.4282,-4.321666666666666,0,-51.86,12,51,barnes_group,-0.021598099420468014,0,0.1708,27,0,1729,0,0.0,9856,76
1.9686,-4.164166666666669,0,-49.97000000000003,12,49,barnes_group,-0.0046458666523297625,0,0.1699,13,0,1729,0,0.0,9984,77
2.0616,-4.291666666666668,0,-51.500000000000014,12,51,barnes_group,0.030970585842927296,0,0.1691,20,0,1729,0,0.0,10112,78
2.3267,-4.365833333333335,0,-52.390000000000015,12,52,barnes_group,0.03842241813739141,0,0.1683,30,0,1729,0,0.0,10240,79
2.1621,-3.985833333333336,0,-47.830000000000034,12,47,barnes_group,0.056922035912672676,0,0.1674,23,0,1729,0,0.0,10368,80
2.135,-4.175000000000002,0,-50.100000000000016,12,49,barnes_group,0.033497956891854606,0,0.1666,21,0,1729,0,0.0,10496,81
1.9528,-3.7616666666666685,0,-45.14000000000002,12,44,barnes_group,0.02282571295897166,0,0.1657,20,0,1729,0,0.0,10624,82
1.778,-3.6633333333333353,0,-43.96000000000002,12,43,barnes_group,0.037649537126223244,0,0.1649,19,0,1729,0,0.0,10752,83
1.6971,-3.409166666666667,0,-40.910000000000004,12,40,barnes_group,-0.01930992801984151,0,0.1641,18,0,1729,0,0.0,10880,84
1.6182,-3.577500000000003,0,-42.930000000000035,12,42,barnes_group,0.002928165098031362,0,0.1633,14,0,1729,0,0.0,11008,85
1.7088,-3.887500000000001,0,-46.65000000000001,12,46,barnes_group,0.04840585341056188,0,0.1625,17,0,1729,0,0.0,11136,86
1.7043,-3.8825000000000025,0,-46.59000000000003,12,46,barnes_group,0.03669946144024531,0,0.1616,20,0,1729,0,0.0,11264,87
1.6801,-3.4741666666666684,0,-41.69000000000002,12,41,barnes_group,0.04044191911816597,0,0.1608,24,0,1729,0,0.0,11392,88
1.591,-3.230833333333335,0,-38.77000000000002,12,38,barnes_group,0.0532494547466437,0,0.16,22,0,1729,0,0.0,11520,89
1.9032,-3.5541666666666694,0,-42.650000000000034,12,42,barnes_group,0.06791644543409348,0,0.1592,28,0,1729,0,0.0,11648,90
1.4813,-3.5025000000000017,0,-42.03000000000002,12,41,barnes_group,0.18290656308333078,0,0.1584,16,0,1729,0,0.0,11776,91
1.915,-3.389166666666666,0,-40.669999999999995,12,40,barnes_group,0.05848385641972224,0,0.1576,29,0,1729,0,0.0,11904,92
1.7658,-3.3108333333333335,0,-39.730000000000004,12,39,barnes_group,0.1558241272966067,0,0.1569,26,0,1729,0,0.0,12032,93
1.6051,-4.279166666666668,0,-51.35000000000001,12,51,barnes_group,0.13571541011333466,0,0.1561,22,0,1729,0,0.0,12160,94
1.5744,-3.7083333333333353,0,-44.50000000000002,12,44,barnes_group,0.022848145415385563,0,0.1553,19,0,1729,0,0.0,12288,95
1.6535,-3.2258333333333344,0,-38.710000000000015,12,38,barnes_group,0.14621188739935556,0,0.1545,24,0,1729,0,0.0,12416,96
1.4776,-3.235833333333335,0,-38.83000000000002,12,38,barnes_group,0.1526483048995336,0,0.1537,19,0,1729,0,0.0,12544,97
1.2955,-3.253333333333334,0,-39.040000000000006,12,38,barnes_group,0.07808756207426389,0,0.153,12,0,1729,0,0.0,12672,98
1.6584,-3.405833333333335,0,-40.87000000000002,12,40,barnes_group,0.12589319547017416,0,0.1522,21,0,1729,0,0.0,12800,99
2.8368,-10.166666666666666,0,-122,12,122,barnes_group,0.8962372541427612,0,0.25,31,1,1730,0,0.0,128,0
3.4634,-9.423333333333334,0,-113.08,12,113,barnes_group,0.6272663474082947,0,0.2487,30,1,1730,0,0.0,256,1
3.275,-10.333333333333334,0,-124,12,124,barnes_group,0.8554566105206808,0,0.2475,28,1,1730,0,0.0,384,2
3.5557,-9.834166666666667,0,-118.00999999999999,12,118,barnes_group,0.6987943450609843,0,0.2463,35,1,1730,0,0.0,512,3
4.0144,-10.003333333333336,0,-120.04000000000002,12,120,barnes_group,0.5930121342341105,0,0.245,31,1,1730,0,0.0,640,4
3.7755,-9.585,0,-115.02000000000001,12,115,barnes_group,0.582164486249288,0,0.2438,33,1,1730,0,0.0,768,5
3.6683,-9.916666666666666,0,-119,12,119,barnes_group,0.6246949831644694,0,0.2426,32,1,1730,0,0.0,896,6
3.5973,-9.334999999999999,0,-112.02,12,112,barnes_group,0.6947488387425741,0,0.2414,38,1,1730,0,0.0,1024,7
3.4928,-9.916666666666666,0,-119,12,119,barnes_group,2.9701605240503945,0,0.2402,25,1,1730,0,0.0,1152,8
3.6097,-9.168333333333335,0,-110.02000000000001,12,110,barnes_group,0.6614062786102295,0,0.239,29,1,1730,0,0.0,1280,9
3.2061,-8.920833333333334,0,-107.05000000000001,12,107,barnes_group,0.5022702217102051,0,0.2378,25,1,1730,0,0.0,1408,10
3.4228,-9.085833333333333,0,-109.03,12,109,barnes_group,0.659611443678538,0,0.2366,39,1,1730,0,0.0,1536,11
3.5334,-8.838333333333333,0,-106.06,12,106,barnes_group,0.5647153854370117,0,0.2354,31,1,1730,0,0.0,1664,12
3.3828,-9.083333333333334,0,-109,12,109,barnes_group,0.4786703288555145,0,0.2342,22,1,1730,0,0.0,1792,13
3.4138,-9.25,0,-111,12,111,barnes_group,0.5456287860870361,0,0.2331,20,1,1730,0,0.0,1920,14
3.5656,-9.00666666666667,0,-108.08000000000003,12,108,barnes_group,0.5075820883115133,0,0.2319,35,1,1730,0,0.0,2048,15
3.4354,-9.166666666666666,0,-110,12,110,barnes_group,0.42995747923851013,0,0.2307,35,1,1730,0,0.0,2176,16
3.0459,-8.916666666666666,0,-107,12,107,barnes_group,0.52635125319163,0,0.2296,24,1,1730,0,0.0,2304,17
3.2829,-8.9175,0,-107.01,12,107,barnes_group,0.5390845735867819,0,0.2284,33,1,1730,0,0.0,2432,18
3.296,-9.00916666666667,0,-108.11000000000004,12,108,barnes_group,0.5208832820256551,0,0.2273,29,1,1730,0,0.0,2560,19
3.4869,-8.595833333333333,0,-103.15,12,103,barnes_group,0.3454401095708211,0,0.2262,31,1,1730,0,0.0,2688,20
3.8846,-8.104999999999999,0,-97.25999999999998,12,97,barnes_group,0.42746968070665997,0,0.225,34,1,1730,0,0.0,2816,21
3.4259,-8.1225,0,-97.47000000000001,12,97,barnes_group,0.21583752830823263,0,0.2239,25,1,1730,0,0.0,2944,22
3.4724,-7.250000000000007,0,-87.00000000000009,12,86,barnes_group,0.29178114732106525,0,0.2228,23,1,1730,0,0.0,3072,23
3.6798,-6.893333333333332,0,-82.71999999999998,12,82,barnes_group,0.22978455324967703,0,0.2217,30,1,1730,0,0.0,3200,24
3.4415,-6.640833333333336,0,-79.69000000000003,12,79,barnes_group,0.06133525570233663,0,0.2206,19,1,1730,0,0.0,3328,25
3.753,-7.0424999999999995,0,-84.50999999999999,12,84,barnes_group,0.08124251663684845,0,0.2195,23,1,1730,0,0.0,3456,26
3.4782,-6.15666666666667,0,-73.88000000000004,12,73,barnes_group,0.16866840918858847,0,0.2184,31,1,1730,0,0.0,3584,27
3.4595,-6.134166666666669,0,-73.61000000000003,12,72,barnes_group,0.0917440156141917,0,0.2173,30,1,1730,0,0.0,3712,28
3.3412,-7.004166666666663,0,-84.04999999999995,12,83,barnes_group,0.22831716140111288,0,0.2162,27,1,1730,0,0.0,3840,29
3.3184,-6.845833333333338,0,-82.15000000000005,12,81,barnes_group,0.14285367727279663,0,0.2151,20,1,1730,0,0.0,3968,30
3.3532,-6.542500000000004,0,-78.51000000000005,12,77,barnes_group,0.1781094620625178,0,0.214,25,1,1730,0,0.0,4096,31
3.2536,-6.14166666666667,0,-73.70000000000005,12,72,barnes_group,0.20495655635992685,0,0.213,27,1,1730,0,0.0,4224,32
3.241,-5.855833333333333,0,-70.27,12,69,barnes_group,0.2179367939631144,0,0.2119,31,1,1730,0,0.0,4352,33
3.4184,-6.015,0,-72.17999999999999,12,71,barnes_group,0.27799882491429645,0,0.2108,34,1,1730,0,0.0,4480,34
3.0274,-6.049166666666669,0,-72.59000000000003,12,71,barnes_group,0.1109631210565567,0,0.2098,27,1,1730,0,0.0,4608,35
3.3127,-6.033333333333338,0,-72.40000000000005,12,71,barnes_group,0.1636567364136378,0,0.2087,31,1,1730,0,0.0,4736,36
3.0583,-6.197500000000002,0,-74.37000000000002,12,73,barnes_group,0.051838760574658714,0,0.2077,21,1,1730,0,0.0,4864,37
3.5505,-6.563333333333333,0,-78.75999999999999,12,78,barnes_group,0.1565302312374115,0,0.2066,27,1,1730,0,0.0,4992,38
3.1993,-5.4475000000000025,0,-65.37000000000003,12,64,barnes_group,0.14455538988113403,0,0.2056,30,1,1730,0,0.0,5120,39
3.1713,-5.843333333333334,0,-70.12,12,69,barnes_group,0.16516177852948508,0,0.2046,29,1,1730,0,0.0,5248,40
2.7398,-5.650000000000008,0,-67.8000000000001,12,66,barnes_group,0.08548168341318767,0,0.2036,23,1,1730,0,0.0,5376,41
2.635,-5.9025000000000105,0,-70.83000000000013,12,69,barnes_group,0.2986764808495839,0,0.2025,27,1,1730,0,0.0,5504,42
2.5997,-5.897500000000004,0,-70.77000000000005,12,69,barnes_group,0.055695123970508575,0,0.2015,25,1,1730,0,0.0,5632,43
2.6791,-5.475833333333338,0,-65.71000000000006,12,64,barnes_group,0.15936927994092306,0,0.2005,29,1,1730,0,0.0,5760,44
2.7184,-5.363333333333338,0,-64.36000000000006,12,63,barnes_group,0.2098533163468043,0,0.1995,36,1,1730,0,0.0,5888,45
2.0271,-4.400000000000003,0,-52.80000000000004,12,51,barnes_group,0.04685519884030024,0,0.1985,19,1,1730,0,0.0,6016,46
2.2346,-4.2791666666666694,0,-51.35000000000004,12,50,barnes_group,0.2063793738683065,0,0.1975,25,1,1730,0,0.0,6144,47
2.1105,-4.8275000000000095,0,-57.93000000000011,12,56,barnes_group,0.08860548585653305,0,0.1965,26,1,1730,0,0.0,6272,48
1.848,-4.3275000000000015,0,-51.93000000000002,12,50,barnes_group,0.06267249584197998,0,0.1956,15,1,1730,0,0.0,6400,49
1.8816,-4.150000000000007,0,-49.80000000000008,12,48,barnes_group,0.12898964434862137,0,0.1946,25,1,1730,0,0.0,6528,50
1.5884,-3.9625000000000044,0,-47.550000000000054,12,46,barnes_group,0.10515170296033223,0,0.1936,23,1,1730,0,0.0,6656,51
1.8153,-3.6558333333333355,0,-43.870000000000026,12,42,barnes_group,0.18145641187826791,0,0.1926,25,1,1730,0,0.0,6784,52
1.6151,-3.5625000000000036,0,-42.75000000000004,12,41,barnes_group,0.09869850675264995,0,0.1917,24,1,1730,0,0.0,6912,53
1.8438,-3.8625000000000007,0,-46.35000000000001,12,45,barnes_group,0.16591391464074454,0,0.1907,29,1,1730,0,0.0,7040,54
1.7562,-3.7824999999999993,0,-45.38999999999999,12,44,barnes_group,0.2310090164343516,0,0.1898,31,1,1730,0,0.0,7168,55
1.9145,-4.287500000000006,0,-51.45000000000007,12,50,barnes_group,0.28193923830986023,0,0.1888,34,1,1730,0,0.0,7296,56
1.6851,-4.122500000000004,0,-49.47000000000005,12,48,barnes_group,0.1685797174771627,0,0.1879,31,1,1730,0,0.0,7424,57
1.4097,-3.5608333333333353,0,-42.730000000000025,12,41,barnes_group,0.18655351301034293,0,0.1869,22,1,1730,0,0.0,7552,58
1.6054,-3.8683333333333327,0,-46.419999999999995,12,45,barnes_group,0.16961873571077982,0,0.186,22,1,1730,0,0.0,7680,59
1.6406,-3.723333333333335,0,-44.68000000000002,12,43,barnes_group,0.21868293484052023,0,0.1851,27,1,1730,0,0.0,7808,60
1.984,-3.6908333333333356,0,-44.29000000000003,12,43,barnes_group,1.4700383345286052,0,0.1841,28,1,1730,0,0.0,7936,61
1.5881,-3.9966666666666715,0,-47.96000000000006,12,46,barnes_group,0.1393363450964292,0,0.1832,25,1,1730,0,0.0,8064,62
1.6182,-4.8383333333333445,0,-58.06000000000013,12,56,barnes_group,0.11624115705490112,0,0.1823,23,1,1730,0,0.0,8192,63
1.6648,-3.827500000000006,0,-45.93000000000007,12,44,barnes_group,0.059521095206340156,0,0.1814,24,1,1730,0,0.0,8320,64
1.6871,-3.717500000000005,0,-44.61000000000006,12,43,barnes_group,0.09375957151254018,0,0.1805,20,1,1730,0,0.0,8448,65
1.6922,-3.679166666666665,0,-44.14999999999998,12,43,barnes_group,0.0758843719959259,0,0.1796,20,1,1730,0,0.0,8576,66
1.8655,-3.7991666666666704,0,-45.590000000000046,12,44,barnes_group,0.028356886158386867,0,0.1787,25,1,1730,0,0.0,8704,67
2.0498,-4.065000000000004,0,-48.78000000000005,12,47,barnes_group,0.16839410861333212,0,0.1778,29,1,1730,0,0.0,8832,68
1.7877,-3.9675000000000034,0,-47.61000000000004,12,46,barnes_group,0.13727356990178427,0,0.1769,21,1,1730,0,0.0,8960,69
1.7009,-3.703333333333335,0,-44.44000000000002,12,43,barnes_group,0.1379078427950541,0,0.176,22,1,1730,0,0.0,9088,70
1.9353,-3.6975000000000016,0,-44.37000000000002,12,43,barnes_group,0.1418472429116567,0,0.1751,30,1,1730,0,0.0,9216,71
1.4945,-3.2883333333333336,0,-39.46,12,38,barnes_group,0.045828347404797874,0,0.1743,19,1,1730,0,0.0,9344,72
1.4452,-3.2058333333333344,0,-38.47000000000001,12,37,barnes_group,0.06659388666351636,0,0.1734,22,1,1730,0,0.0,9472,73
1.3362,-3.5608333333333366,0,-42.73000000000004,12,41,barnes_group,0.04221047212680181,0,0.1725,19,1,1730,0,0.0,9600,74
1.254,-3.7283333333333384,0,-44.74000000000006,12,43,barnes_group,0.05796929200490316,0,0.1717,15,1,1730,0,0.0,9728,75
1.3751,-3.2883333333333358,0,-39.46000000000003,12,38,barnes_group,0.05087012052536011,0,0.1708,17,1,1730,0,0.0,9856,76
1.3339,-3.6275000000000017,0,-43.53000000000002,12,42,barnes_group,0.08317733307679494,0,0.1699,19,1,1730,0,0.0,9984,77
1.1908,-3.361666666666668,0,-40.34000000000002,12,39,barnes_group,0.022316509236892063,0,0.1691,11,1,1730,0,0.0,10112,78
1.6811,-3.6325000000000043,0,-43.59000000000005,12,42,barnes_group,0.03433428083856901,0,0.1683,30,1,1730,0,0.0,10240,79
1.4434,-3.1958333333333346,0,-38.350000000000016,12,37,barnes_group,0.0392185648282369,0,0.1674,19,1,1730,0,0.0,10368,80
1.4908,-3.5200000000000014,0,-42.240000000000016,12,41,barnes_group,0.06835923468073209,0,0.1666,16,1,1730,0,0.0,10496,81
1.519,-3.470000000000002,0,-41.64000000000002,12,40,barnes_group,0.08655842890342076,0,0.1657,20,1,1730,0,0.0,10624,82
1.4739,-3.3991666666666682,0,-40.79000000000002,12,39,barnes_group,-0.015103459979097048,0,0.1649,20,1,1730,0,0.0,10752,83
1.6364,-3.220000000000003,0,-38.640000000000036,12,37,barnes_group,0.06061508506536484,0,0.1641,27,1,1730,0,0.0,10880,84
1.3145,-3.3641666666666676,0,-40.37000000000001,12,39,barnes_group,0.14003728330135345,0,0.1633,20,1,1730,0,0.0,11008,85
1.1952,-3.2100000000000026,0,-38.52000000000003,12,37,barnes_group,0.027939952289064724,0,0.1625,15,1,1730,0,0.0,11136,86
1.4131,-3.5525000000000038,0,-42.630000000000045,12,41,barnes_group,0.19414134323596954,0,0.1616,24,1,1730,0,0.0,11264,87
1.3549,-3.349999999999999,0,-40.19999999999999,12,39,barnes_group,0.1067436362306277,0,0.1608,20,1,1730,0,0.0,11392,88
1.188,-3.420833333333334,0,-41.050000000000004,12,40,barnes_group,0.28800226251284283,0,0.16,17,1,1730,0,0.0,11520,89
1.6003,-3.408333333333335,0,-40.90000000000002,12,40,barnes_group,0.04917575791478157,0,0.1592,25,1,1730,0,0.0,11648,90
1.7528,-3.601666666666669,0,-43.22000000000003,12,42,barnes_group,0.07205651327967644,0,0.1584,30,1,1730,0,0.0,11776,91
1.2648,-3.3433333333333355,0,-40.120000000000026,12,39,barnes_group,0.034306783229112625,0,0.1576,17,1,1730,0,0.0,11904,92
1.3053,-3.2466666666666666,0,-38.96,12,38,barnes_group,0.03125181049108505,0,0.1569,18,1,1730,0,0.0,12032,93
1.2052,-3.5033333333333334,0,-42.04,12,41,barnes_group,0.06507764011621475,0,0.1561,15,1,1730,0,0.0,12160,94
1.5167,-4.163333333333333,0,-49.96,12,49,barnes_group,0.09031274914741516,0,0.1553,16,1,1730,0,0.0,12288,95
1.4518,-4.096666666666667,0,-49.160000000000004,12,48,barnes_group,0.05486137419939041,0,0.1545,21,1,1730,0,0.0,12416,96
1.5811,-4.015833333333334,0,-48.19000000000001,12,47,barnes_group,0.045883871614933014,0,0.1537,22,1,1730,0,0.0,12544,97
1.3759,-3.268333333333334,0,-39.220000000000006,12,38,barnes_group,0.0304256168504556,0,0.153,17,1,1730,0,0.0,12672,98
1.5739,-3.2708333333333344,0,-39.250000000000014,12,38,barnes_group,0.01861941193540891,0,0.1522,22,1,1730,0,0.0,12800,99
3.5733,-8.152500000000005,0,-97.83000000000006,12,97,barnes_group,0.5274790525436401,0,0.25,31,2,1731,0,0.0,128,0
2.9405,-7.611666666666669,0,-91.34000000000003,12,90,barnes_group,0.4432753920555115,0,0.2487,27,2,1731,0,0.0,256,1
3.69,-8.161666666666669,0,-97.94000000000003,12,97,barnes_group,0.4581175645192464,0,0.2475,33,2,1731,0,0.0,384,2
3.5696,-8.077499999999999,0,-96.92999999999998,12,96,barnes_group,0.44109269976615906,0,0.2463,27,2,1731,0,0.0,512,3
3.5266,-7.600833333333337,0,-91.21000000000004,12,90,barnes_group,0.36314088106155396,0,0.245,29,2,1731,0,0.0,640,4
3.2325,-7.629166666666667,0,-91.55000000000001,12,90,barnes_group,0.294111172358195,0,0.2438,35,2,1731,0,0.0,768,5
4.0088,-8.71666666666667,0,-104.60000000000004,12,104,barnes_group,0.41312964757283527,0,0.2426,34,2,1731,0,0.0,896,6
3.3648,-7.710833333333333,0,-92.53,12,91,barnes_group,0.2960810760656993,0,0.2414,35,2,1731,0,0.0,1024,7
3.2081,-7.3625,0,-88.35,12,87,barnes_group,0.27843119700749713,0,0.2402,31,2,1731,0,0.0,1152,8
3.1618,-7.695833333333333,0,-92.35,12,91,barnes_group,0.8505558768908182,0,0.239,29,2,1731,0,0.0,1280,9
3.1543,-7.221666666666667,0,-86.66,12,85,barnes_group,0.29918261369069415,0,0.2378,35,2,1731,0,0.0,1408,10
3.2164,-7.4566666666666634,0,-89.47999999999996,12,88,barnes_group,0.27286919951438904,0,0.2366,40,2,1731,0,0.0,1536,11
3.1231,-7.205000000000002,0,-86.46000000000002,12,85,barnes_group,0.16271229088306427,0,0.2354,31,2,1731,0,0.0,1664,12
3.2933,-7.037500000000004,0,-84.45000000000005,12,83,barnes_group,0.13866054018338522,0,0.2342,28,2,1731,0,0.0,1792,13
3.5253,-6.859166666666668,0,-82.31000000000002,12,81,barnes_group,0.13074153661727905,0,0.2331,26,2,1731,0,0.0,1920,14
4.0115,-7.548333333333333,0,-90.58,12,90,barnes_group,0.14800910154978433,0,0.2319,31,2,1731,0,0.0,2048,15
3.7367,-7.377500000000001,0,-88.53000000000002,12,88,barnes_group,0.18334372341632843,0,0.2307,32,2,1731,0,0.0,2176,16
3.4034,-6.928333333333338,0,-83.14000000000006,12,82,barnes_group,0.13950767119725546,0,0.2296,31,2,1731,0,0.0,2304,17
3.7983,-6.810000000000001,0,-81.72000000000001,12,81,barnes_group,0.16181154052416483,0,0.2284,21,2,1731,0,0.0,2432,18
3.3821,-6.589999999999996,0,-79.07999999999996,12,78,barnes_group,0.22952133417129517,0,0.2273,33,2,1731,0,0.0,2560,19
3.2467,-6.2650000000000015,0,-75.18000000000002,12,74,barnes_group,0.13317265609900156,0,0.2262,30,2,1731,0,0.0,2688,20
2.8265,-6.615833333333338,0,-79.39000000000006,12,78,barnes_group,0.11937255909045537,0,0.225,19,2,1731,0,0.0,2816,21
3.0866,-6.363333333333334,0,-76.36000000000001,12,75,barnes_group,0.132325808207194,0,0.2239,27,2,1731,0,0.0,2944,22
3.1419,-6.357500000000002,0,-76.29000000000002,12,75,barnes_group,0.06950829426447551,0,0.2228,29,2,1731,0,0.0,3072,23
3.4684,-6.584999999999997,0,-79.01999999999997,12,78,barnes_group,0.10149836540222168,0,0.2217,32,2,1731,0,0.0,3200,24
3.587,-6.173333333333332,0,-74.07999999999998,12,73,barnes_group,0.11221316456794739,0,0.2206,33,2,1731,0,0.0,3328,25
3.285,-6.485000000000002,0,-77.82000000000002,12,77,barnes_group,0.07093498607476552,0,0.2195,27,2,1731,0,0.0,3456,26
2.8956,-5.338333333333338,0,-64.06000000000006,12,63,barnes_group,0.026909003655115765,0,0.2184,24,2,1731,0,0.0,3584,27
2.369,-5.459166666666672,0,-65.51000000000006,12,64,barnes_group,0.08049017935991287,0,0.2173,24,2,1731,0,0.0,3712,28
2.5092,-5.503333333333337,0,-66.04000000000005,12,65,barnes_group,0.1272792766491572,0,0.2162,27,2,1731,0,0.0,3840,29
2.6846,-5.506666666666668,0,-66.08000000000001,12,65,barnes_group,0.07172567149003346,0,0.2151,25,2,1731,0,0.0,3968,30
2.7361,-4.911666666666668,0,-58.94000000000001,12,58,barnes_group,0.13138552258412042,0,0.214,20,2,1731,0,0.0,4096,31
2.7896,-4.815833333333336,0,-57.79000000000003,12,57,barnes_group,0.08059373994668324,0,0.213,26,2,1731,0,0.0,4224,32
2.9455,-5.075000000000002,0,-60.90000000000002,12,60,barnes_group,0.044966310262680054,0,0.2119,34,2,1731,0,0.0,4352,33
2.2994,-5.277500000000004,0,-63.330000000000055,12,62,barnes_group,0.10609351595242818,0,0.2108,27,2,1731,0,0.0,4480,34
2.3504,-5.372500000000005,0,-64.47000000000006,12,63,barnes_group,0.15173243482907614,0,0.2098,25,2,1731,0,0.0,4608,35
3.011,-5.567500000000003,0,-66.81000000000003,12,66,barnes_group,0.07700290779272716,0,0.2087,30,2,1731,0,0.0,4736,36
2.9041,-5.470833333333336,0,-65.65000000000003,12,65,barnes_group,0.041367918252944946,0,0.2077,24,2,1731,0,0.0,4864,37
2.7539,-5.2974999999999985,0,-63.56999999999998,12,63,barnes_group,0.09238605946302414,0,0.2066,22,2,1731,0,0.0,4992,38
2.9893,-5.485,0,-65.82000000000001,12,65,barnes_group,0.10269173979759216,0,0.2056,32,2,1731,0,0.0,5120,39
2.6226,-5.320000000000003,0,-63.84000000000003,12,63,barnes_group,0.11686487992604573,0,0.2046,22,2,1731,0,0.0,5248,40
2.5182,-4.4958333333333345,0,-53.95000000000001,12,53,barnes_group,0.05457478513320287,0,0.2036,28,2,1731,0,0.0,5376,41
2.5986,-4.51916666666667,0,-54.23000000000004,12,53,barnes_group,0.06086498747269312,0,0.2025,27,2,1731,0,0.0,5504,42
2.546,-4.242500000000002,0,-50.91000000000003,12,50,barnes_group,0.09180499364932378,0,0.2015,23,2,1731,0,0.0,5632,43
2.2513,-4.170000000000002,0,-50.04000000000002,12,49,barnes_group,0.1276595319310824,0,0.2005,24,2,1731,0,0.0,5760,44
2.1988,-3.840000000000003,0,-46.080000000000034,12,45,barnes_group,0.5678191681702932,0,0.1995,21,2,1731,0,0.0,5888,45
2.3403,-4.448333333333339,0,-53.38000000000007,12,52,barnes_group,0.14065289000670114,0,0.1985,27,2,1731,0,0.0,6016,46
2.1646,-4.538333333333338,0,-54.46000000000006,12,53,barnes_group,0.08013832569122314,0,0.1975,24,2,1731,0,0.0,6144,47
2.1991,-4.0341666666666685,0,-48.410000000000025,12,47,barnes_group,0.013796101013819376,0,0.1965,21,2,1731,0,0.0,6272,48
2.2497,-4.356666666666668,0,-52.280000000000015,12,51,barnes_group,0.030278533697128296,0,0.1956,17,2,1731,0,0.0,6400,49
2.3774,-3.831666666666671,0,-45.980000000000054,12,45,barnes_group,0.06243150929609934,0,0.1946,24,2,1731,0,0.0,6528,50
2.3324,-3.915833333333333,0,-46.989999999999995,12,46,barnes_group,0.06583596269289653,0,0.1936,22,2,1731,0,0.0,6656,51
2.052,-3.8566666666666656,0,-46.27999999999999,12,45,barnes_group,0.06195226560036341,0,0.1926,25,2,1731,0,0.0,6784,52
2.4193,-3.9916666666666707,0,-47.90000000000005,12,47,barnes_group,0.1448333958784739,0,0.1917,33,2,1731,0,0.0,6912,53
1.8141,-3.6650000000000014,0,-43.98000000000002,12,43,barnes_group,0.009341288357973099,0,0.1907,20,2,1731,0,0.0,7040,54
1.8637,-3.2741666666666682,0,-39.29000000000002,12,38,barnes_group,0.1060886283715566,0,0.1898,20,2,1731,0,0.0,7168,55
2.0106,-3.61416666666667,0,-43.37000000000004,12,42,barnes_group,0.019338202973206837,0,0.1888,27,2,1731,0,0.0,7296,56
2.0262,-3.605833333333338,0,-43.27000000000005,12,42,barnes_group,0.10478329906860988,0,0.1879,25,2,1731,0,0.0,7424,57
2.0193,-3.8325000000000027,0,-45.99000000000003,12,45,barnes_group,0.07273344695568085,0,0.1869,25,2,1731,0,0.0,7552,58
1.8512,-3.6441666666666666,0,-43.73,12,43,barnes_group,0.2708183427651723,0,0.186,22,2,1731,0,0.0,7680,59
1.8097,-3.328333333333335,0,-39.94000000000002,12,39,barnes_group,0.008107714354991913,0,0.1851,18,2,1731,0,0.0,7808,60
1.6347,-3.690000000000003,0,-44.28000000000004,12,43,barnes_group,0.08423972129821777,0,0.1841,15,2,1731,0,0.0,7936,61
1.6961,-3.4949999999999997,0,-41.94,12,41,barnes_group,0.08087397863467534,0,0.1832,20,2,1731,0,0.0,8064,62
1.904,-3.252500000000001,0,-39.03000000000001,12,38,barnes_group,0.04984590783715248,0,0.1823,25,2,1731,0,0.0,8192,63
1.9663,-3.5941666666666694,0,-43.13000000000003,12,42,barnes_group,0.06603803858160973,0,0.1814,26,2,1731,0,0.0,8320,64
1.5228,-3.6141666666666707,0,-43.37000000000005,12,42,barnes_group,0.1063531090815862,0,0.1805,17,2,1731,0,0.0,8448,65
1.6432,-3.5208333333333344,0,-42.250000000000014,12,41,barnes_group,0.052244480699300766,0,0.1796,21,2,1731,0,0.0,8576,66
1.8128,-3.5116666666666685,0,-42.14000000000002,12,41,barnes_group,0.06103952849904696,0,0.1787,29,2,1731,0,0.0,8704,67
1.7213,-3.3250000000000024,0,-39.90000000000003,12,39,barnes_group,-0.003689233213663101,0,0.1778,19,2,1731,0,0.0,8832,68
1.812,-3.6483333333333334,0,-43.78,12,43,barnes_group,0.06108437478542328,0,0.1769,21,2,1731,0,0.0,8960,69
1.7806,-3.2491666666666674,0,-38.99000000000001,12,38,barnes_group,0.13976222276687622,0,0.176,30,2,1731,0,0.0,9088,70
1.5762,-3.4916666666666667,0,-41.9,12,41,barnes_group,0.04954462622602781,0,0.1751,17,2,1731,0,0.0,9216,71
1.8059,-3.491666666666669,0,-41.90000000000003,12,41,barnes_group,0.8483694791793823,0,0.1743,23,2,1731,0,0.0,9344,72
1.5232,-3.4091666666666676,0,-40.91000000000001,12,40,barnes_group,0.03535531461238861,0,0.1734,19,2,1731,0,0.0,9472,73
1.7906,-3.5816666666666666,0,-42.98,12,42,barnes_group,0.06506012752652168,0,0.1725,30,2,1731,0,0.0,9600,74
1.7043,-3.3300000000000005,0,-39.96000000000001,12,39,barnes_group,-0.011335406452417374,0,0.1717,24,2,1731,0,0.0,9728,75
1.446,-3.4241666666666686,0,-41.090000000000025,12,40,barnes_group,0.055819922437270485,0,0.1708,18,2,1731,0,0.0,9856,76
1.4851,-3.59416666666667,0,-43.13000000000004,12,42,barnes_group,0.03694811463356018,0,0.1699,26,2,1731,0,0.0,9984,77
1.4543,-3.255833333333334,0,-39.07000000000001,12,38,barnes_group,0.08972479403018951,0,0.1691,20,2,1731,0,0.0,10112,78
1.476,-3.2508333333333344,0,-39.01000000000001,12,38,barnes_group,-0.015421566863854727,0,0.1683,14,2,1731,0,0.0,10240,79
1.7259,-3.4116666666666684,0,-40.94000000000002,12,40,barnes_group,0.012804896881182989,0,0.1674,22,2,1731,0,0.0,10368,80
1.3758,-3.4900000000000015,0,-41.88000000000002,12,41,barnes_group,0.029540933668613434,0,0.1666,20,2,1731,0,0.0,10496,81
1.7293,-3.401666666666666,0,-40.81999999999999,12,40,barnes_group,0.04810275758306185,0,0.1657,25,2,1731,0,0.0,10624,82
1.3765,-3.1516666666666686,0,-37.82000000000002,12,37,barnes_group,0.015135236084461212,0,0.1649,17,2,1731,0,0.0,10752,83
1.5705,-3.3058333333333327,0,-39.669999999999995,12,39,barnes_group,0.08172506093978882,0,0.1641,26,2,1731,0,0.0,10880,84
1.4529,-3.2408333333333332,0,-38.89,12,38,barnes_group,0.11829082419474919,0,0.1633,19,2,1731,0,0.0,11008,85
1.5585,-3.475,0,-41.7,12,41,barnes_group,0.06725024183591206,0,0.1625,22,2,1731,0,0.0,11136,86
1.5099,-3.2350000000000008,0,-38.82000000000001,12,38,barnes_group,0.009868718683719635,0,0.1616,20,2,1731,0,0.0,11264,87
1.3583,-3.23,0,-38.76,12,38,barnes_group,0.09320108592510223,0,0.1608,18,2,1731,0,0.0,11392,88
1.277,-3.163333333333334,0,-37.96000000000001,12,37,barnes_group,0.05127747108538946,0,0.16,18,2,1731,0,0.0,11520,89
1.5665,-3.323333333333334,0,-39.88000000000001,12,39,barnes_group,0.05010846753915151,0,0.1592,21,2,1731,0,0.0,11648,90
1.6249,-3.4191666666666687,0,-41.03000000000002,12,40,barnes_group,0.014304820448160172,0,0.1584,21,2,1731,0,0.0,11776,91
1.5915,-3.6025000000000027,0,-43.23000000000003,12,42,barnes_group,0.08194172630707423,0,0.1576,20,2,1731,0,0.0,11904,92
1.5504,-3.765000000000002,0,-45.18000000000002,12,44,barnes_group,0.2680274546146393,0,0.1569,22,2,1731,0,0.0,12032,93
1.3223,-3.402500000000001,0,-40.83000000000001,12,40,barnes_group,0.05853090683619181,0,0.1561,16,2,1731,0,0.0,12160,94
1.3874,-3.6299999999999994,0,-43.559999999999995,12,43,barnes_group,0.0544277677933375,0,0.1553,13,2,1731,0,0.0,12288,95
1.7373,-4.120833333333334,0,-49.45,12,49,barnes_group,0.07036144038041432,0,0.1545,21,2,1731,0,0.0,12416,96
1.6977,-3.8749999999999987,0,-46.499999999999986,12,46,barnes_group,0.10508744170268376,0,0.1537,21,2,1731,0,0.0,12544,97
1.4809,-3.632499999999999,0,-43.58999999999999,12,43,barnes_group,0.04628467311461767,0,0.153,19,2,1731,0,0.0,12672,98
1.5728,-3.305,0,-39.660000000000004,12,39,barnes_group,0.03667473793029785,0,0.1522,21,2,1731,0,0.0,12800,99
2.4416,-10.010833333333334,0,-120.13000000000001,12,120,barnes_group,0.8306588927904764,0,0.25,40,3,1732,0,0.0,128,0
2.4379,-10.335833333333333,0,-124.03,12,124,barnes_group,1.0769444306691487,0,0.2487,38,3,1732,0,0.0,256,1
2.622,-10.169166666666667,0,-122.03,12,122,barnes_group,0.7841599782307943,0,0.2475,26,3,1732,0,0.0,384,2
2.9324,-9.847500000000004,0,-118.17000000000004,12,118,barnes_group,0.7477899193763733,0,0.2463,29,3,1732,0,0.0,512,3
3.3338,-8.4675,0,-101.61,12,101,barnes_group,0.4957924385865529,0,0.245,33,3,1732,0,0.0,640,4
3.3856,-9.109166666666669,0,-109.31000000000002,12,109,barnes_group,0.6830034852027893,0,0.2438,37,3,1732,0,0.0,768,5
3.0338,-8.310833333333338,0,-99.73000000000006,12,99,barnes_group,0.4048806130886078,0,0.2426,28,3,1732,0,0.0,896,6
2.9181,-7.842500000000004,0,-94.11000000000004,12,93,barnes_group,0.3522741198539734,0,0.2414,39,3,1732,0,0.0,1024,7
3.1617,-8.319166666666668,0,-99.83000000000001,12,99,barnes_group,0.3561633924643199,0,0.2402,35,3,1732,0,0.0,1152,8
3.0466,-7.765833333333339,0,-93.19000000000007,12,92,barnes_group,0.27000094453493756,0,0.239,30,3,1732,0,0.0,1280,9
3.3486,-7.457500000000004,0,-89.49000000000005,12,88,barnes_group,0.22887928783893585,0,0.2378,31,3,1732,0,0.0,1408,10
3.5187,-7.540000000000002,0,-90.48000000000002,12,89,barnes_group,0.20577107866605124,0,0.2366,37,3,1732,0,0.0,1536,11
3.7092,-7.709999999999996,0,-92.51999999999995,12,91,barnes_group,0.30580053726832074,0,0.2354,43,3,1732,0,0.0,1664,12
3.4752,-7.836666666666673,0,-94.04000000000008,12,93,barnes_group,0.24899212519327799,0,0.2342,27,3,1732,0,0.0,1792,13
3.8506,-7.845833333333338,0,-94.15000000000005,12,93,barnes_group,0.10615755617618561,0,0.2331,23,3,1732,0,0.0,1920,14
3.7336,-7.6883333333333335,0,-92.26,12,91,barnes_group,0.1780464599529902,0,0.2319,32,3,1732,0,0.0,2048,15
3.5639,-7.347500000000005,0,-88.17000000000006,12,87,barnes_group,0.1526612937450409,0,0.2307,31,3,1732,0,0.0,2176,16
3.2331,-7.385833333333331,0,-88.62999999999997,12,87,barnes_group,0.18551341692606607,0,0.2296,29,3,1732,0,0.0,2304,17
2.8598,-7.565000000000005,0,-90.78000000000006,12,89,barnes_group,0.30820498863856,0,0.2284,24,3,1732,0,0.0,2432,18
3.6356,-7.612500000000002,0,-91.35000000000002,12,90,barnes_group,0.26045553882916767,0,0.2273,27,3,1732,0,0.0,2560,19
3.6335,-7.511666666666666,0,-90.13999999999999,12,89,barnes_group,0.21313980221748352,0,0.2262,28,3,1732,0,0.0,2688,20
3.4383,-7.849999999999999,0,-94.19999999999999,12,93,barnes_group,0.1827611823876699,0,0.225,22,3,1732,0,0.0,2816,21
4.2631,-7.270833333333335,0,-87.25000000000001,12,86,barnes_group,0.14699831108252207,0,0.2239,27,3,1732,0,0.0,2944,22
4.0096,-7.596666666666665,0,-91.15999999999998,12,90,barnes_group,0.20062947273254395,0,0.2228,28,3,1732,0,0.0,3072,23
3.8223,-7.136666666666668,0,-85.64000000000001,12,84,barnes_group,0.1067528525988261,0,0.2217,31,3,1732,0,0.0,3200,24
4.4441,-7.199999999999997,0,-86.39999999999996,12,85,barnes_group,0.22279437383015951,0,0.2206,27,3,1732,0,0.0,3328,25
4.2215,-7.340000000000006,0,-88.08000000000007,12,87,barnes_group,0.09245714048544566,0,0.2195,32,3,1732,0,0.0,3456,26
4.2519,-7.4958333333333345,0,-89.95000000000002,12,89,barnes_group,0.11395994325478871,0,0.2184,27,3,1732,0,0.0,3584,27
4.041,-6.965000000000007,0,-83.58000000000008,12,82,barnes_group,0.1604426552851995,0,0.2173,26,3,1732,0,0.0,3712,28
3.8379,-7.125000000000003,0,-85.50000000000003,12,84,barnes_group,0.25048873325188953,0,0.2162,22,3,1732,0,0.0,3840,29
4.4231,-7.270000000000002,0,-87.24000000000002,12,86,barnes_group,0.08201670149962108,0,0.2151,33,3,1732,0,0.0,3968,30
4.1135,-7.991666666666675,0,-95.9000000000001,12,95,barnes_group,0.4252733588218689,0,0.214,29,3,1732,0,0.0,4096,31
4.094,-7.043333333333334,0,-84.52000000000001,12,83,barnes_group,0.09487815201282501,0,0.213,20,3,1732,0,0.0,4224,32
4.0619,-7.1233333333333375,0,-85.48000000000005,12,84,barnes_group,0.21097720166047415,0,0.2119,29,3,1732,0,0.0,4352,33
3.9048,-6.949166666666667,0,-83.39,12,82,barnes_group,0.07641194760799408,0,0.2108,34,3,1732,0,0.0,4480,34
3.4311,-6.545833333333339,0,-78.55000000000007,12,77,barnes_group,0.025028765201568604,0,0.2098,18,3,1732,0,0.0,4608,35
3.5972,-6.7841666666666685,0,-81.41000000000003,12,80,barnes_group,0.2620001435279846,0,0.2087,30,3,1732,0,0.0,4736,36
3.7063,-6.674166666666664,0,-80.08999999999996,12,79,barnes_group,0.10806378225485484,0,0.2077,30,3,1732,0,0.0,4864,37
3.5593,-6.92000000000001,0,-83.04000000000012,12,82,barnes_group,0.11028947432835896,0,0.2066,19,3,1732,0,0.0,4992,38
3.2621,-6.560833333333332,0,-78.72999999999999,12,78,barnes_group,0.12647015353043875,0,0.2056,24,3,1732,0,0.0,5120,39
3.3109,-5.922500000000002,0,-71.07000000000002,12,70,barnes_group,0.034815808137257896,0,0.2046,24,3,1732,0,0.0,5248,40
3.374,-6.680833333333335,0,-80.17000000000002,12,79,barnes_group,0.06868263085683186,0,0.2036,26,3,1732,0,0.0,5376,41
3.5426,-6.021666666666668,0,-72.26000000000002,12,71,barnes_group,0.08358145256837209,0,0.2025,31,3,1732,0,0.0,5504,42
3.1929,-6.280833333333337,0,-75.37000000000005,12,74,barnes_group,0.2322228948275248,0,0.2015,30,3,1732,0,0.0,5632,43
2.9683,-6.120833333333337,0,-73.45000000000005,12,72,barnes_group,0.18828706940015158,0,0.2005,25,3,1732,0,0.0,5760,44
3.0474,-5.591666666666671,0,-67.10000000000005,12,66,barnes_group,0.09485304355621338,0,0.1995,25,3,1732,0,0.0,5888,45
3.1114,-5.670833333333334,0,-68.05000000000001,12,67,barnes_group,0.28050724665323895,0,0.1985,27,3,1732,0,0.0,6016,46
2.699,-5.70333333333334,0,-68.44000000000008,12,67,barnes_group,0.11307934919993083,0,0.1975,22,3,1732,0,0.0,6144,47
2.6879,-5.882500000000005,0,-70.59000000000006,12,69,barnes_group,0.08665694296360016,0,0.1965,29,3,1732,0,0.0,6272,48
3.1438,-5.934166666666674,0,-71.2100000000001,12,70,barnes_group,0.0999359314640363,0,0.1956,34,3,1732,0,0.0,6400,49
2.7247,-5.776666666666668,0,-69.32000000000002,12,68,barnes_group,0.11699022352695465,0,0.1946,23,3,1732,0,0.0,6528,50
2.8049,-5.516666666666667,0,-66.2,12,65,barnes_group,0.03127776583035787,0,0.1936,23,3,1732,0,0.0,6656,51
2.971,-5.751666666666671,0,-69.02000000000005,12,68,barnes_group,0.06284198661645253,0,0.1926,29,3,1732,0,0.0,6784,52
2.7773,-5.69916666666667,0,-68.39000000000004,12,67,barnes_group,0.08313605934381485,0,0.1917,27,3,1732,0,0.0,6912,53
2.5856,-5.442500000000003,0,-65.31000000000003,12,64,barnes_group,0.20359213650226593,0,0.1907,21,3,1732,0,0.0,7040,54
2.6918,-5.606666666666675,0,-67.2800000000001,12,66,barnes_group,-0.001728162169456482,0,0.1898,21,3,1732,0,0.0,7168,55
2.6685,-5.529166666666671,0,-66.35000000000005,12,65,barnes_group,0.04498546322186788,0,0.1888,18,3,1732,0,0.0,7296,56
2.7659,-5.535833333333339,0,-66.43000000000006,12,65,barnes_group,0.05614037563403448,0,0.1879,29,3,1732,0,0.0,7424,57
2.8359,-5.675000000000002,0,-68.10000000000002,12,67,barnes_group,0.26804567873477936,0,0.1869,30,3,1732,0,0.0,7552,58
2.7649,-5.422500000000003,0,-65.07000000000004,12,64,barnes_group,0.1542893946170807,0,0.186,23,3,1732,0,0.0,7680,59
2.4299,-5.598333333333337,0,-67.18000000000005,12,66,barnes_group,0.20414712528387705,0,0.1851,25,3,1732,0,0.0,7808,60
2.7627,-5.5333333333333385,0,-66.40000000000006,12,65,barnes_group,0.06838068614403407,0,0.1841,29,3,1732,0,0.0,7936,61
2.0212,-5.460000000000004,0,-65.52000000000005,12,64,barnes_group,0.09408645580212276,0,0.1832,17,3,1732,0,0.0,8064,62
2.2932,-5.4375000000000036,0,-65.25000000000004,12,64,barnes_group,0.17322527865568796,0,0.1823,26,3,1732,0,0.0,8192,63
2.4491,-5.535000000000005,0,-66.42000000000006,12,65,barnes_group,0.06024452795584997,0,0.1814,16,3,1732,0,0.0,8320,64
2.7,-5.545833333333339,0,-66.55000000000007,12,65,barnes_group,0.10379758725563686,0,0.1805,25,3,1732,0,0.0,8448,65
2.7394,-5.775833333333338,0,-69.31000000000006,12,68,barnes_group,0.11115413904190063,0,0.1796,20,3,1732,0,0.0,8576,66
2.6171,-5.7700000000000005,0,-69.24000000000001,12,68,barnes_group,0.04860147088766098,0,0.1787,26,3,1732,0,0.0,8704,67
2.3921,-5.356666666666674,0,-64.28000000000009,12,63,barnes_group,0.09488710016012192,0,0.1778,27,3,1732,0,0.0,8832,68
2.4072,-5.515000000000005,0,-66.18000000000006,12,65,barnes_group,0.1950980673233668,0,0.1769,23,3,1732,0,0.0,8960,69
2.8475,-6.069166666666664,0,-72.82999999999997,12,72,barnes_group,0.11838338772455852,0,0.176,25,3,1732,0,0.0,9088,70
2.575,-6.127500000000001,0,-73.53000000000002,12,73,barnes_group,0.20856047670046488,0,0.1751,19,3,1732,0,0.0,9216,71
2.4299,-5.7266666666666675,0,-68.72000000000001,12,68,barnes_group,0.08401598781347275,0,0.1743,13,3,1732,0,0.0,9344,72
2.3613,-5.3491666666666715,0,-64.19000000000005,12,63,barnes_group,0.07875791688760121,0,0.1734,23,3,1732,0,0.0,9472,73
2.8312,-5.585000000000002,0,-67.02000000000002,12,66,barnes_group,0.17638467252254486,0,0.1725,28,3,1732,0,0.0,9600,74
2.6593,-5.355833333333337,0,-64.27000000000005,12,63,barnes_group,0.029696454604466755,0,0.1717,20,3,1732,0,0.0,9728,75
2.535,-5.215833333333338,0,-62.59000000000005,12,61,barnes_group,0.07278352230787277,0,0.1708,19,3,1732,0,0.0,9856,76
2.7995,-5.515000000000001,0,-66.18,12,65,barnes_group,0.2340156932671865,0,0.1699,28,3,1732,0,0.0,9984,77
2.7247,-5.3750000000000036,0,-64.50000000000004,12,63,barnes_group,0.05537807693084081,0,0.1691,27,3,1732,0,0.0,10112,78
2.7348,-5.178333333333337,0,-62.14000000000005,12,61,barnes_group,-0.01756097873051961,0,0.1683,21,3,1732,0,0.0,10240,79
2.6628,-4.858333333333333,0,-58.3,12,57,barnes_group,0.03380164255698522,0,0.1674,18,3,1732,0,0.0,10368,80
2.9031,-4.844166666666668,0,-58.13000000000002,12,57,barnes_group,0.005423674980799357,0,0.1666,24,3,1732,0,0.0,10496,81
2.8615,-4.85666666666667,0,-58.280000000000044,12,57,barnes_group,0.11301228900750478,0,0.1657,26,3,1732,0,0.0,10624,82
2.4578,-4.744166666666669,0,-56.93000000000003,12,56,barnes_group,0.010459134976069132,0,0.1649,16,3,1732,0,0.0,10752,83
2.417,-4.593333333333336,0,-55.12000000000004,12,54,barnes_group,0.14196763435999551,0,0.1641,19,3,1732,0,0.0,10880,84
2.4286,-4.270000000000002,0,-51.24000000000002,12,50,barnes_group,0.030713004370530445,0,0.1633,19,3,1732,0,0.0,11008,85
2.2128,-4.110833333333333,0,-49.32999999999999,12,48,barnes_group,0.004603090385595958,0,0.1625,18,3,1732,0,0.0,11136,86
2.3788,-3.9308333333333345,0,-47.170000000000016,12,46,barnes_group,0.013807731370131174,0,0.1616,21,3,1732,0,0.0,11264,87
2.3185,-4.02666666666667,0,-48.320000000000036,12,47,barnes_group,0.001182342569033305,0,0.1608,21,3,1732,0,0.0,11392,88
2.4537,-4.158333333333336,0,-49.90000000000003,12,49,barnes_group,0.0724513406554858,0,0.16,23,3,1732,0,0.0,11520,89
2.2149,-4.302499999999998,0,-51.62999999999998,12,51,barnes_group,0.02511623005072276,0,0.1592,15,3,1732,0,0.0,11648,90
2.3751,-3.439166666666667,0,-41.27,12,40,barnes_group,0.3349870244661967,0,0.1584,24,3,1732,0,0.0,11776,91
2.5019,-4.436666666666668,0,-53.240000000000016,12,52,barnes_group,0.07272130250930786,0,0.1576,29,3,1732,0,0.0,11904,92
2.0042,-4.540833333333336,0,-54.49000000000003,12,53,barnes_group,0.10070525358120601,0,0.1569,26,3,1732,0,0.0,12032,93
1.8649,-4.104166666666668,0,-49.250000000000014,12,48,barnes_group,0.04955370972553889,0,0.1561,13,3,1732,0,0.0,12160,94
1.8169,-3.68916666666667,0,-44.27000000000004,12,43,barnes_group,-0.004081110159556071,0,0.1553,17,3,1732,0,0.0,12288,95
1.7904,-4.275833333333336,0,-51.310000000000024,12,50,barnes_group,0.05800765007734299,0,0.1545,15,3,1732,0,0.0,12416,96
1.9402,-3.850000000000003,0,-46.20000000000004,12,45,barnes_group,0.03167222936948141,0,0.1537,22,3,1732,0,0.0,12544,97
2.0672,-3.7733333333333356,0,-45.28000000000003,12,44,barnes_group,0.010217381020387014,0,0.153,28,3,1732,0,0.0,12672,98
1.6804,-3.4275000000000024,0,-41.13000000000003,12,40,barnes_group,0.05805946017305056,0,0.1522,19,3,1732,0,0.0,12800,99
3.9674,-10.251666666666667,0,-123.02000000000001,12,123,barnes_group,0.7564934293429056,0,0.25,35,4,1733,0,0.0,128,0
4.041,-9.919166666666667,0,-119.03,12,119,barnes_group,0.7279326717058817,0,0.2487,34,4,1733,0,0.0,256,1
4.4409,-9.752500000000001,0,-117.03000000000002,12,117,barnes_group,0.5995694001515707,0,0.2475,36,4,1733,0,0.0,384,2
4.3127,-9.669166666666667,0,-116.03,12,116,barnes_group,0.5449907978375753,0,0.2463,27,4,1733,0,0.0,512,3
4.2349,-8.932500000000006,0,-107.19000000000007,12,107,barnes_group,0.5139899452527364,0,0.245,36,4,1733,0,0.0,640,4
3.8848,-8.925833333333337,0,-107.11000000000004,12,107,barnes_group,0.5188409288724264,0,0.2438,32,4,1733,0,0.0,768,5
4.1234,-8.353333333333337,0,-100.24000000000004,12,100,barnes_group,0.532935380935669,0,0.2426,38,4,1733,0,0.0,896,6
4.2493,-9.340833333333334,0,-112.09,12,112,barnes_group,0.7944363753000895,0,0.2414,35,4,1733,0,0.0,1024,7
4.4156,-9.6725,0,-116.07,12,116,barnes_group,0.5664363702138265,0,0.2402,33,4,1733,0,0.0,1152,8
4.2013,-9.189166666666669,0,-110.27000000000002,12,110,barnes_group,0.5909145275751749,0,0.239,26,4,1733,0,0.0,1280,9
4.7224,-9.429166666666667,0,-113.15,12,113,barnes_group,0.45798330505688983,0,0.2378,21,4,1733,0,0.0,1408,10
4.7844,-9.515000000000002,0,-114.18000000000004,12,114,barnes_group,0.619381050268809,0,0.2366,36,4,1733,0,0.0,1536,11
4.9466,-8.945833333333335,0,-107.35000000000001,12,107,barnes_group,0.4689915180206299,0,0.2354,31,4,1733,0,0.0,1664,12
4.6604,-8.304166666666672,0,-99.65000000000008,12,99,barnes_group,0.4111018776893616,0,0.2342,33,4,1733,0,0.0,1792,13
4.146,-7.917500000000003,0,-95.01000000000003,12,94,barnes_group,0.3948034842809041,0,0.2331,32,4,1733,0,0.0,1920,14
4.1994,-8.083333333333337,0,-97.00000000000004,12,96,barnes_group,0.42928353945414227,0,0.2319,28,4,1733,0,0.0,2048,15
3.8756,-7.9425000000000034,0,-95.31000000000004,12,94,barnes_group,0.33984076976776123,0,0.2307,36,4,1733,0,0.0,2176,16
3.7101,-7.680000000000006,0,-92.16000000000007,12,91,barnes_group,0.4684709111849467,0,0.2296,26,4,1733,0,0.0,2304,17
3.4158,-7.62416666666667,0,-91.49000000000004,12,90,barnes_group,0.3845832745234172,0,0.2284,26,4,1733,0,0.0,2432,18
3.9132,-7.988333333333334,0,-95.86000000000001,12,95,barnes_group,0.4477169911066691,0,0.2273,33,4,1733,0,0.0,2560,19
3.0629,-7.5475,0,-90.57000000000001,12,89,barnes_group,0.3563971122105916,0,0.2262,26,4,1733,0,0.0,2688,20
3.2013,-7.466666666666668,0,-89.60000000000001,12,88,barnes_group,0.32291791836420697,0,0.225,23,4,1733,0,0.0,2816,21
3.9883,-7.928333333333338,0,-95.14000000000006,12,94,barnes_group,0.41777023673057556,0,0.2239,32,4,1733,0,0.0,2944,22
4.0011,-7.67666666666667,0,-92.12000000000005,12,91,barnes_group,0.30809160073598224,0,0.2228,37,4,1733,0,0.0,3072,23
3.666,-7.445000000000004,0,-89.34000000000005,12,88,barnes_group,0.34715042511622113,0,0.2217,15,4,1733,0,0.0,3200,24
3.991,-7.497500000000002,0,-89.97000000000003,12,89,barnes_group,0.2804839213689168,0,0.2206,22,4,1733,0,0.0,3328,25
4.0596,-8.46333333333333,0,-101.55999999999996,12,101,barnes_group,0.3721615473429362,0,0.2195,29,4,1733,0,0.0,3456,26
3.9349,-8.171666666666662,0,-98.05999999999995,12,97,barnes_group,0.34556440512339276,0,0.2184,33,4,1733,0,0.0,3584,27
4.0631,-7.731666666666674,0,-92.78000000000009,12,92,barnes_group,0.26876523594061535,0,0.2173,26,4,1733,0,0.0,3712,28
3.1525,-7.118333333333336,0,-85.42000000000003,12,84,barnes_group,0.5589320212602615,0,0.2162,34,4,1733,0,0.0,3840,29
2.9112,-7.550833333333331,0,-90.60999999999997,12,89,barnes_group,0.392929087082545,0,0.2151,21,4,1733,0,0.0,3968,30
2.9311,-7.294166666666672,0,-87.53000000000006,12,86,barnes_group,0.30332796772321063,0,0.214,24,4,1733,0,0.0,4096,31
3.1488,-7.386666666666666,0,-88.63999999999999,12,87,barnes_group,0.22053194542725882,0,0.213,29,4,1733,0,0.0,4224,32
3.4367,-7.231666666666669,0,-86.78000000000003,12,85,barnes_group,0.20600397884845734,0,0.2119,31,4,1733,0,0.0,4352,33
3.7416,-7.5458333333333405,0,-90.55000000000008,12,89,barnes_group,0.4104766249656677,0,0.2108,31,4,1733,0,0.0,4480,34
3.6446,-7.537499999999998,0,-90.44999999999997,12,89,barnes_group,0.27197174231211346,0,0.2098,28,4,1733,0,0.0,4608,35
2.8683,-7.318333333333335,0,-87.82000000000002,12,86,barnes_group,0.2561623950799306,0,0.2087,21,4,1733,0,0.0,4736,36
2.8733,-7.560000000000002,0,-90.72000000000003,12,89,barnes_group,0.27957188089688617,0,0.2077,25,4,1733,0,0.0,4864,37
2.9633,-7.549166666666667,0,-90.59,12,89,barnes_group,0.23784061272939047,0,0.2066,28,4,1733,0,0.0,4992,38
2.9735,-7.601666666666669,0,-91.22000000000003,12,90,barnes_group,0.2274976521730423,0,0.2056,20,4,1733,0,0.0,5120,39
2.7593,-7.465833333333333,0,-89.59,12,88,barnes_group,0.17975895603497824,0,0.2046,27,4,1733,0,0.0,5248,40
3.0621,-7.388333333333338,0,-88.66000000000005,12,87,barnes_group,0.15685854852199554,0,0.2036,32,4,1733,0,0.0,5376,41
2.8133,-7.320833333333337,0,-87.85000000000005,12,86,barnes_group,0.26164806882540387,0,0.2025,32,4,1733,0,0.0,5504,42
2.7894,-7.634999999999997,0,-91.61999999999996,12,90,barnes_group,0.27185065547625226,0,0.2015,22,4,1733,0,0.0,5632,43
2.9953,-7.474166666666665,0,-89.68999999999998,12,88,barnes_group,0.27241745094458264,0,0.2005,28,4,1733,0,0.0,5760,44
2.7416,-7.412500000000001,0,-88.95000000000002,12,87,barnes_group,0.2767641345659892,0,0.1995,25,4,1733,0,0.0,5888,45
2.3448,-7.572499999999998,0,-90.86999999999998,12,89,barnes_group,0.33597169319788617,0,0.1985,19,4,1733,0,0.0,6016,46
2.6476,-7.310833333333331,0,-87.72999999999998,12,86,barnes_group,0.21063565214474997,0,0.1975,23,4,1733,0,0.0,6144,47
2.6092,-7.565833333333335,0,-90.79000000000002,12,89,barnes_group,0.20641190807024637,0,0.1965,17,4,1733,0,0.0,6272,48
2.8933,-7.689166666666665,0,-92.26999999999998,12,91,barnes_group,0.2213026980559031,0,0.1956,19,4,1733,0,0.0,6400,49
2.7665,-7.459166666666671,0,-89.51000000000005,12,88,barnes_group,0.12446189920107524,0,0.1946,21,4,1733,0,0.0,6528,50
2.7659,-7.565000000000002,0,-90.78000000000003,12,89,barnes_group,0.18796436985333762,0,0.1936,21,4,1733,0,0.0,6656,51
2.7875,-7.570833333333334,0,-90.85000000000001,12,89,barnes_group,0.26019327839215595,0,0.1926,24,4,1733,0,0.0,6784,52
2.8822,-7.534166666666668,0,-90.41000000000001,12,89,barnes_group,0.230103000998497,0,0.1917,16,4,1733,0,0.0,6912,53
3.3758,-7.270000000000004,0,-87.24000000000005,12,86,barnes_group,0.12094257771968842,0,0.1907,27,4,1733,0,0.0,7040,54
3.2242,-7.392500000000001,0,-88.71000000000001,12,87,barnes_group,0.0895805408557256,0,0.1898,24,4,1733,0,0.0,7168,55
3.0671,-7.485,0,-89.82000000000001,12,88,barnes_group,0.3416266640027364,0,0.1888,31,4,1733,0,0.0,7296,56
3.2551,-7.365833333333331,0,-88.38999999999997,12,87,barnes_group,0.24345975120862326,0,0.1879,25,4,1733,0,0.0,7424,57
3.7879,-8.708333333333332,0,-104.49999999999999,12,104,barnes_group,0.40861595670382184,0,0.1869,25,4,1733,0,0.0,7552,58
3.497,-8.221666666666666,0,-98.66,12,98,barnes_group,0.3440558811028798,0,0.186,21,4,1733,0,0.0,7680,59
3.2621,-7.82,0,-93.84,12,93,barnes_group,0.33474520842234295,0,0.1851,20,4,1733,0,0.0,7808,60
3.3326,-7.344999999999999,0,-88.13999999999999,12,87,barnes_group,0.16013752420743307,0,0.1841,25,4,1733,0,0.0,7936,61
2.7247,-6.721666666666667,0,-80.66,12,79,barnes_group,0.1466611921787262,0,0.1832,12,4,1733,0,0.0,8064,62
3.3052,-7.091666666666669,0,-85.10000000000002,12,84,barnes_group,0.32006657123565674,0,0.1823,25,4,1733,0,0.0,8192,63
3.2318,-7.114999999999999,0,-85.38,12,84,barnes_group,0.1415009399255117,0,0.1814,21,4,1733,0,0.0,8320,64
3.3711,-7.205000000000001,0,-86.46000000000001,12,85,barnes_group,0.11053073902924855,0,0.1805,22,4,1733,0,0.0,8448,65
3.5561,-6.84666666666667,0,-82.16000000000004,12,81,barnes_group,0.195533553759257,0,0.1796,24,4,1733,0,0.0,8576,66
3.1736,-7.0466666666666695,0,-84.56000000000003,12,83,barnes_group,0.21657520532608032,0,0.1787,21,4,1733,0,0.0,8704,67
2.5597,-6.968333333333335,0,-83.62000000000002,12,82,barnes_group,0.2796214024225871,0,0.1778,20,4,1733,0,0.0,8832,68
2.9507,-7.4591666666666745,0,-89.51000000000009,12,88,barnes_group,0.2649325579404831,0,0.1769,23,4,1733,0,0.0,8960,69
3.1138,-7.2075000000000005,0,-86.49000000000001,12,85,barnes_group,0.14515246450901031,0,0.176,18,4,1733,0,0.0,9088,70
2.9969,-7.530833333333331,0,-90.36999999999998,12,89,barnes_group,0.20915111402670541,0,0.1751,19,4,1733,0,0.0,9216,71
3.258,-7.469999999999999,0,-89.63999999999999,12,89,barnes_group,0.15724778175354004,0,0.1743,23,4,1733,0,0.0,9344,72
3.2759,-6.918333333333337,0,-83.02000000000005,12,82,barnes_group,0.14541352788607279,0,0.1734,17,4,1733,0,0.0,9472,73
3.1738,-6.435000000000002,0,-77.22000000000003,12,76,barnes_group,0.22096880276997885,0,0.1725,28,4,1733,0,0.0,9600,74
3.0736,-6.785833333333337,0,-81.43000000000005,12,80,barnes_group,0.14031038184960684,0,0.1717,26,4,1733,0,0.0,9728,75
2.9757,-7.026666666666665,0,-84.31999999999998,12,83,barnes_group,0.16001178324222565,0,0.1708,23,4,1733,0,0.0,9856,76
3.112,-6.691666666666673,0,-80.30000000000007,12,79,barnes_group,0.14704705774784088,0,0.1699,26,4,1733,0,0.0,9984,77
3.3777,-6.611666666666674,0,-79.34000000000009,12,78,barnes_group,0.0657967080672582,0,0.1691,30,4,1733,0,0.0,10112,78
3.2141,-6.514166666666669,0,-78.17000000000003,12,77,barnes_group,0.024942557017008465,0,0.1683,26,4,1733,0,0.0,10240,79
2.89,-6.28916666666667,0,-75.47000000000004,12,74,barnes_group,0.13396856685479483,0,0.1674,23,4,1733,0,0.0,10368,80
2.8847,-6.098333333333335,0,-73.18000000000002,12,72,barnes_group,0.20095718403657278,0,0.1666,18,4,1733,0,0.0,10496,81
2.5931,-6.100833333333337,0,-73.21000000000004,12,72,barnes_group,-0.008593246340751648,0,0.1657,17,4,1733,0,0.0,10624,82
2.6798,-6.2725,0,-75.27,12,74,barnes_group,0.17430317401885986,0,0.1649,18,4,1733,0,0.0,10752,83
3.0589,-5.852500000000007,0,-70.23000000000009,12,69,barnes_group,0.05375054478645325,0,0.1641,19,4,1733,0,0.0,10880,84
3.0698,-5.934166666666671,0,-71.21000000000005,12,70,barnes_group,0.09548183778921764,0,0.1633,25,4,1733,0,0.0,11008,85
3.2017,-5.835000000000001,0,-70.02000000000001,12,69,barnes_group,0.03293808797995249,0,0.1625,19,4,1733,0,0.0,11136,86
3.0422,-5.626666666666673,0,-67.52000000000008,12,66,barnes_group,0.3350199560324351,0,0.1616,20,4,1733,0,0.0,11264,87
2.828,-6.114166666666672,0,-73.37000000000006,12,72,barnes_group,0.028040438890457153,0,0.1608,17,4,1733,0,0.0,11392,88
3.0304,-6.205000000000006,0,-74.46000000000008,12,73,barnes_group,0.07194428145885468,0,0.16,19,4,1733,0,0.0,11520,89
2.8541,-6.552500000000001,0,-78.63000000000001,12,77,barnes_group,0.2506345609823863,0,0.1592,24,4,1733,0,0.0,11648,90
2.6551,-6.2241666666666715,0,-74.69000000000005,12,73,barnes_group,0.12190596510966618,0,0.1584,19,4,1733,0,0.0,11776,91
2.7989,-6.141666666666672,0,-73.70000000000006,12,72,barnes_group,0.047408126294612885,0,0.1576,18,4,1733,0,0.0,11904,92
2.7089,-5.597500000000007,0,-67.17000000000009,12,66,barnes_group,0.1623455435037613,0,0.1569,19,4,1733,0,0.0,12032,93
2.9384,-5.590000000000003,0,-67.08000000000004,12,66,barnes_group,0.06982228656609853,0,0.1561,22,4,1733,0,0.0,12160,94
2.9883,-5.00166666666667,0,-60.02000000000004,12,59,barnes_group,-0.020938662191232044,0,0.1553,16,4,1733,0,0.0,12288,95
2.4774,-5.190000000000006,0,-62.28000000000007,12,61,barnes_group,0.10904143750667572,0,0.1545,21,4,1733,0,0.0,12416,96
2.4853,-4.925833333333336,0,-59.11000000000003,12,58,barnes_group,0.07337761173645656,0,0.1537,22,4,1733,0,0.0,12544,97
2.5724,-4.943333333333339,0,-59.320000000000064,12,58,barnes_group,0.10329004625479381,0,0.153,30,4,1733,0,0.0,12672,98
2.058,-5.263333333333338,0,-63.16000000000006,12,62,barnes_group,0.11043847600618999,0,0.1522,17,4,1733,0,0.0,12800,99
3.6167,-10.5,0,-126,12,126,barnes_group,7.339908758799235,0,0.25,25,5,1734,0,0.0,128,0
3.4389,-10.007500000000002,0,-120.09000000000003,12,120,barnes_group,7.261065483093262,0,0.2487,33,5,1734,0,0.0,256,1
3.6183,-9.262500000000003,0,-111.15000000000003,12,111,barnes_group,6.3164035479227705,0,0.2475,32,5,1734,0,0.0,384,2
3.7337,-8.07833333333334,0,-96.94000000000008,12,96,barnes_group,1.1945011764764786,0,0.2463,28,5,1734,0,0.0,512,3
3.7108,-7.765000000000009,0,-93.1800000000001,12,92,barnes_group,0.3160780072212219,0,0.245,32,5,1734,0,0.0,640,4
3.6394,-7.921666666666673,0,-95.06000000000007,12,94,barnes_group,0.5903478662172953,0,0.2438,38,5,1734,0,0.0,768,5
2.9933,-7.465000000000006,0,-89.58000000000007,12,88,barnes_group,0.2018151730298996,0,0.2426,25,5,1734,0,0.0,896,6
2.3331,-7.577499999999998,0,-90.92999999999998,12,89,barnes_group,0.29048608740170795,0,0.2414,25,5,1734,0,0.0,1024,7
2.9359,-7.476666666666664,0,-89.71999999999997,12,88,barnes_group,0.44731496771176654,0,0.2402,31,5,1734,0,0.0,1152,8
3.2292,-7.634999999999999,0,-91.61999999999999,12,90,barnes_group,0.322430282831192,0,0.239,38,5,1734,0,0.0,1280,9
2.6608,-7.235833333333335,0,-86.83000000000001,12,85,barnes_group,0.29410815238952637,0,0.2378,29,5,1734,0,0.0,1408,10
3.1695,-7.320833333333336,0,-87.85000000000004,12,86,barnes_group,0.30370377500851947,0,0.2366,41,5,1734,0,0.0,1536,11
3.83,-7.392500000000002,0,-88.71000000000002,12,87,barnes_group,0.3789782126744588,0,0.2354,34,5,1734,0,0.0,1664,12
3.2783,-7.148333333333333,0,-85.78,12,84,barnes_group,0.2855051855246226,0,0.2342,24,5,1734,0,0.0,1792,13
3.6184,-7.050000000000005,0,-84.60000000000007,12,83,barnes_group,0.20172168811162314,0,0.2331,23,5,1734,0,0.0,1920,14
3.6864,-7.130833333333332,0,-85.56999999999998,12,84,barnes_group,0.2586270719766617,0,0.2319,34,5,1734,0,0.0,2048,15
3.9503,-6.933333333333337,0,-83.20000000000005,12,82,barnes_group,0.14876478413740793,0,0.2307,32,5,1734,0,0.0,2176,16
4.1044,-7.444166666666663,0,-89.32999999999996,12,88,barnes_group,0.24117633700370789,0,0.2296,32,5,1734,0,0.0,2304,17
4.1534,-7.367500000000003,0,-88.41000000000004,12,87,barnes_group,0.19573366145292917,0,0.2284,37,5,1734,0,0.0,2432,18
4.2256,-7.1983333333333315,0,-86.37999999999998,12,85,barnes_group,0.11135949194431305,0,0.2273,31,5,1734,0,0.0,2560,19
4.0832,-7.194166666666667,0,-86.33,12,85,barnes_group,0.1499707947174708,0,0.2262,31,5,1734,0,0.0,2688,20
3.6459,-7.240833333333332,0,-86.88999999999999,12,85,barnes_group,0.16344267626603445,0,0.225,31,5,1734,0,0.0,2816,21
4.0366,-7.303333333333334,0,-87.64,12,86,barnes_group,0.2708682020505269,0,0.2239,35,5,1734,0,0.0,2944,22
3.9035,-7.293333333333332,0,-87.51999999999998,12,86,barnes_group,0.15373801191647848,0,0.2228,21,5,1734,0,0.0,3072,23
4.1814,-7.271666666666667,0,-87.26,12,86,barnes_group,0.20513737698396048,0,0.2217,30,5,1734,0,0.0,3200,24
4.0111,-7.455000000000006,0,-89.46000000000008,12,88,barnes_group,0.19178988536198935,0,0.2206,37,5,1734,0,0.0,3328,25
3.8661,-7.300000000000001,0,-87.60000000000001,12,86,barnes_group,0.15993288159370422,0,0.2195,31,5,1734,0,0.0,3456,26
3.5613,-7.214166666666668,0,-86.57000000000002,12,85,barnes_group,0.1772263546784719,0,0.2184,24,5,1734,0,0.0,3584,27
3.6276,-7.125000000000001,0,-85.50000000000001,12,84,barnes_group,0.20488297939300537,0,0.2173,26,5,1734,0,0.0,3712,28
3.7616,-7.463333333333334,0,-89.56,12,88,barnes_group,0.08917084336280823,0,0.2162,36,5,1734,0,0.0,3840,29
3.3784,-7.315000000000005,0,-87.78000000000006,12,86,barnes_group,0.12305468320846558,0,0.2151,21,5,1734,0,0.0,3968,30
3.4888,-7.40666666666667,0,-88.88000000000004,12,87,barnes_group,0.1574967453877131,0,0.214,21,5,1734,0,0.0,4096,31
4.0062,-7.5366666666666715,0,-90.44000000000005,12,89,barnes_group,0.15796412030855814,0,0.213,30,5,1734,0,0.0,4224,32
3.5861,-7.399166666666669,0,-88.79000000000002,12,87,barnes_group,0.13783320784568787,0,0.2119,26,5,1734,0,0.0,4352,33
3.7265,-7.47666666666667,0,-89.72000000000004,12,88,barnes_group,0.20324772596359253,0,0.2108,26,5,1734,0,0.0,4480,34
3.7862,-7.3108333333333375,0,-87.73000000000005,12,86,barnes_group,0.19485358893871307,0,0.2098,30,5,1734,0,0.0,4608,35
4.0027,-7.293333333333332,0,-87.51999999999998,12,86,barnes_group,0.07346628109614055,0,0.2087,31,5,1734,0,0.0,4736,36
4.0788,-7.145833333333333,0,-85.75,12,84,barnes_group,0.20117884377638498,0,0.2077,22,5,1734,0,0.0,4864,37
4.1213,-7.365833333333337,0,-88.39000000000004,12,87,barnes_group,0.2336245427529017,0,0.2066,26,5,1734,0,0.0,4992,38
3.7088,-7.489166666666665,0,-89.86999999999998,12,89,barnes_group,0.25730763872464496,0,0.2056,28,5,1734,0,0.0,5120,39
3.5883,-7.139999999999998,0,-85.67999999999998,12,84,barnes_group,0.7457457582155863,0,0.2046,23,5,1734,0,0.0,5248,40
3.6974,-7.0591666666666635,0,-84.70999999999997,12,83,barnes_group,0.20386440058549246,0,0.2036,24,5,1734,0,0.0,5376,41
3.6594,-7.13416666666667,0,-85.61000000000004,12,84,barnes_group,0.18400717278321585,0,0.2025,25,5,1734,0,0.0,5504,42
3.7709,-6.81666666666667,0,-81.80000000000004,12,80,barnes_group,0.19859427213668823,0,0.2015,22,5,1734,0,0.0,5632,43
3.9058,-7.098333333333328,0,-85.17999999999994,12,84,barnes_group,0.09996547798315684,0,0.2005,25,5,1734,0,0.0,5760,44
4.0315,-7.298333333333338,0,-87.58000000000006,12,86,barnes_group,0.08446226020654042,0,0.1995,20,5,1734,0,0.0,5888,45
4.1825,-7.399166666666674,0,-88.79000000000009,12,87,barnes_group,0.09650149941444397,0,0.1985,16,5,1734,0,0.0,6016,46
4.4394,-6.963333333333335,0,-83.56000000000002,12,82,barnes_group,0.08307397365570068,0,0.1975,29,5,1734,0,0.0,6144,47
4.2238,-7.211666666666659,0,-86.5399999999999,12,85,barnes_group,0.11532078683376312,0,0.1965,18,5,1734,0,0.0,6272,48
3.7055,-7.318333333333329,0,-87.81999999999995,12,86,barnes_group,0.1513718863328298,0,0.1956,26,5,1734,0,0.0,6400,49
3.928,-7.147500000000001,0,-85.77000000000001,12,84,barnes_group,0.1608899881442388,0,0.1946,32,5,1734,0,0.0,6528,50
3.7689,-7.150833333333335,0,-85.81000000000002,12,84,barnes_group,0.1990643342336019,0,0.1936,23,5,1734,0,0.0,6656,51
3.7912,-6.972499999999999,0,-83.66999999999999,12,82,barnes_group,0.21592387557029724,0,0.1926,24,5,1734,0,0.0,6784,52
3.6876,-7.394166666666667,0,-88.73,12,87,barnes_group,0.21302761137485504,0,0.1917,32,5,1734,0,0.0,6912,53
3.2885,-7.313333333333339,0,-87.76000000000006,12,86,barnes_group,0.22472689052422842,0,0.1907,24,5,1734,0,0.0,7040,54
3.3661,-7.465833333333339,0,-89.59000000000006,12,88,barnes_group,0.24938769141832987,0,0.1898,21,5,1734,0,0.0,7168,55
3.5977,-7.217500000000001,0,-86.61000000000001,12,85,barnes_group,0.054486796259880066,0,0.1888,18,5,1734,0,0.0,7296,56
3.5604,-7.5483333333333364,0,-90.58000000000004,12,89,barnes_group,0.19842073818047842,0,0.1879,17,5,1734,0,0.0,7424,57
2.9752,-7.397500000000002,0,-88.77000000000002,12,87,barnes_group,0.07307166357835133,0,0.1869,8,5,1734,0,0.0,7552,58
3.3529,-7.150833333333334,0,-85.81,12,84,barnes_group,0.15891367693742117,0,0.186,18,5,1734,0,0.0,7680,59
3.2686,-7.072500000000002,0,-84.87000000000002,12,83,barnes_group,0.20922242105007172,0,0.1851,20,5,1734,0,0.0,7808,60
3.5503,-7.214166666666667,0,-86.57000000000001,12,85,barnes_group,0.23427518208821616,0,0.1841,25,5,1734,0,0.0,7936,61
3.7004,-7.047500000000003,0,-84.57000000000004,12,83,barnes_group,0.07503451406955719,0,0.1832,22,5,1734,0,0.0,8064,62
3.9881,-7.050000000000004,0,-84.60000000000005,12,83,barnes_group,0.08792664607365926,0,0.1823,28,5,1734,0,0.0,8192,63
3.4718,-6.983333333333332,0,-83.79999999999998,12,82,barnes_group,0.13126558562119803,0,0.1814,18,5,1734,0,0.0,8320,64
3.3603,-6.818333333333334,0,-81.82000000000001,12,80,barnes_group,0.1263718456029892,0,0.1805,18,5,1734,0,0.0,8448,65
3.4688,-6.8075000000000045,0,-81.69000000000005,12,80,barnes_group,0.21487691005071005,0,0.1796,22,5,1734,0,0.0,8576,66
4.1127,-6.640000000000005,0,-79.68000000000006,12,78,barnes_group,0.30599915981292725,0,0.1787,23,5,1734,0,0.0,8704,67
3.5168,-6.816666666666674,0,-81.8000000000001,12,80,barnes_group,0.09174244105815887,0,0.1778,20,5,1734,0,0.0,8832,68
3.5647,-7.409166666666668,0,-88.91000000000001,12,87,barnes_group,0.21901550889015198,0,0.1769,21,5,1734,0,0.0,8960,69
3.2754,-7.49833333333333,0,-89.97999999999996,12,88,barnes_group,0.19537640114625296,0,0.176,14,5,1734,0,0.0,9088,70
3.6743,-7.391666666666668,0,-88.70000000000002,12,87,barnes_group,0.2248241106669108,0,0.1751,33,5,1734,0,0.0,9216,71
3.6751,-7.453333333333333,0,-89.44,12,88,barnes_group,0.1756013035774231,0,0.1743,30,5,1734,0,0.0,9344,72
3.2542,-7.47,0,-89.64,12,88,barnes_group,0.12727699677149454,0,0.1734,17,5,1734,0,0.0,9472,73
3.9143,-6.990000000000003,0,-83.88000000000004,12,82,barnes_group,0.1239461600780487,0,0.1725,22,5,1734,0,0.0,9600,74
4.1954,-7.394166666666667,0,-88.73,12,87,barnes_group,0.042226895689964294,0,0.1717,22,5,1734,0,0.0,9728,75
3.9161,-7.37916666666667,0,-88.55000000000004,12,87,barnes_group,0.14802156885464987,0,0.1708,22,5,1734,0,0.0,9856,76
3.812,-6.818333333333336,0,-81.82000000000004,12,80,barnes_group,0.032422348856925964,0,0.1699,20,5,1734,0,0.0,9984,77
4.1744,-6.474166666666669,0,-77.69000000000003,12,76,barnes_group,-0.02393941084543864,0,0.1691,25,5,1734,0,0.0,10112,78
3.7348,-6.380000000000006,0,-76.56000000000007,12,75,barnes_group,0.025859996676445007,0,0.1683,21,5,1734,0,0.0,10240,79
3.3365,-6.974999999999999,0,-83.69999999999999,12,82,barnes_group,0.14594736198584238,0,0.1674,31,5,1734,0,0.0,10368,80
3.4651,-6.793333333333341,0,-81.5200000000001,12,80,barnes_group,0.03990813593069712,0,0.1666,23,5,1734,0,0.0,10496,81
3.3817,-6.885833333333334,0,-82.63000000000001,12,81,barnes_group,0.20541067918141684,0,0.1657,28,5,1734,0,0.0,10624,82
2.9608,-6.3075000000000045,0,-75.69000000000005,12,74,barnes_group,0.10970243314901988,0,0.1649,22,5,1734,0,0.0,10752,83
2.7404,-6.324166666666673,0,-75.89000000000007,12,74,barnes_group,0.10764787097771962,0,0.1641,13,5,1734,0,0.0,10880,84
3.1649,-6.465833333333333,0,-77.59,12,76,barnes_group,0.01984804371992747,0,0.1633,25,5,1734,0,0.0,11008,85
3.2129,-5.872500000000009,0,-70.47000000000011,12,69,barnes_group,0.08747376004854839,0,0.1625,17,5,1734,0,0.0,11136,86
3.336,-6.127500000000012,0,-73.53000000000014,12,72,barnes_group,0.1659596065680186,0,0.1616,28,5,1734,0,0.0,11264,87
3.5209,-6.020833333333333,0,-72.25,12,71,barnes_group,0.14817699790000916,0,0.1608,25,5,1734,0,0.0,11392,88
3.2264,-5.5475000000000065,0,-66.57000000000008,12,65,barnes_group,0.02356184522310893,0,0.16,17,5,1734,0,0.0,11520,89
3.3402,-5.788333333333335,0,-69.46000000000002,12,68,barnes_group,0.016292879978815716,0,0.1592,21,5,1734,0,0.0,11648,90
3.2767,-5.718333333333335,0,-68.62000000000002,12,67,barnes_group,0.05486782888571421,0,0.1584,25,5,1734,0,0.0,11776,91
3.0482,-5.980000000000004,0,-71.76000000000005,12,70,barnes_group,0.03377590080102285,0,0.1576,19,5,1734,0,0.0,11904,92
3.4567,-6.2108333333333405,0,-74.53000000000009,12,73,barnes_group,0.10163554052511851,0,0.1569,27,5,1734,0,0.0,12032,93
3.0954,-5.88083333333334,0,-70.57000000000008,12,69,barnes_group,0.01529441773891449,0,0.1561,19,5,1734,0,0.0,12160,94
3.3679,-5.715000000000007,0,-68.58000000000008,12,67,barnes_group,0.06961385409037273,0,0.1553,28,5,1734,0,0.0,12288,95
3.3751,-5.8691666666666675,0,-70.43,12,69,barnes_group,0.04927752912044525,0,0.1545,19,5,1734,0,0.0,12416,96
3.5122,-5.789166666666674,0,-69.47000000000008,12,68,barnes_group,0.06540479759375255,0,0.1537,26,5,1734,0,0.0,12544,97
3.1601,-6.294166666666672,0,-75.53000000000006,12,74,barnes_group,0.0809012105067571,0,0.153,22,5,1734,0,0.0,12672,98
3.3317,-5.529166666666673,0,-66.35000000000008,12,65,barnes_group,0.040167013804117836,0,0.1522,20,5,1734,0,0.0,12800,99
2.3392,-9.2875,0,-111.44999999999999,12,111,barnes_group,0.8410447835922241,0,0.25,37,6,1735,0,0.0,128,0
2.2674,-7.485833333333335,0,-89.83000000000001,12,88,barnes_group,0.27582159638404846,0,0.2487,33,6,1735,0,0.0,256,1
2.4065,-7.566666666666669,0,-90.80000000000003,12,89,barnes_group,0.28380746642748517,0,0.2475,26,6,1735,0,0.0,384,2
3.0224,-7.540000000000002,0,-90.48000000000002,12,89,barnes_group,0.3333817819754283,0,0.2463,28,6,1735,0,0.0,512,3
3.1375,-7.53666666666667,0,-90.44000000000004,12,89,barnes_group,0.2709203859170278,0,0.245,25,6,1735,0,0.0,640,4
2.5464,-7.463333333333331,0,-89.55999999999997,12,88,barnes_group,0.3849424024422963,0,0.2438,29,6,1735,0,0.0,768,5
2.8385,-7.5325,0,-90.39,12,89,barnes_group,0.2125263810157776,0,0.2426,32,6,1735,0,0.0,896,6
2.8326,-7.469166666666664,0,-89.62999999999997,12,88,barnes_group,0.23813714583714804,0,0.2414,40,6,1735,0,0.0,1024,7
2.7227,-7.550833333333337,0,-90.61000000000004,12,89,barnes_group,0.37924572825431824,0,0.2402,36,6,1735,0,0.0,1152,8
2.3083,-7.575833333333335,0,-90.91000000000003,12,89,barnes_group,0.3536170919736226,0,0.239,34,6,1735,0,0.0,1280,9
2.1552,-7.567499999999999,0,-90.80999999999999,12,89,barnes_group,0.3399840792020162,0,0.2378,30,6,1735,0,0.0,1408,10
1.9734,-7.494999999999997,0,-89.93999999999997,12,88,barnes_group,0.3341761827468872,0,0.2366,24,6,1735,0,0.0,1536,11
1.6834,-7.500833333333333,0,-90.00999999999999,12,88,barnes_group,0.41427825887997943,0,0.2354,26,6,1735,0,0.0,1664,12
2.0491,-7.5758333333333345,0,-90.91000000000001,12,89,barnes_group,0.3994665543238322,0,0.2342,19,6,1735,0,0.0,1792,13
2.3643,-7.639166666666671,0,-91.67000000000004,12,90,barnes_group,0.23360752562681833,0,0.2331,25,6,1735,0,0.0,1920,14
2.8759,-7.459166666666667,0,-89.51,12,88,barnes_group,0.19710842271645865,0,0.2319,38,6,1735,0,0.0,2048,15
2.3028,-7.560000000000003,0,-90.72000000000004,12,89,barnes_group,0.30248576402664185,0,0.2307,34,6,1735,0,0.0,2176,16
2.0615,-7.474166666666668,0,-89.69000000000001,12,88,barnes_group,0.32615765929222107,0,0.2296,30,6,1735,0,0.0,2304,17
2.2129,-7.529166666666669,0,-90.35000000000002,12,89,barnes_group,0.6100568572680155,0,0.2284,30,6,1735,0,0.0,2432,18
1.8942,-7.571666666666668,0,-90.86000000000001,12,89,barnes_group,0.750544548034668,0,0.2273,32,6,1735,0,0.0,2560,19
2.2262,-7.570833333333333,0,-90.85,12,89,barnes_group,0.3995089828968048,0,0.2262,33,6,1735,0,0.0,2688,20
2.2411,-7.4925,0,-89.91,12,88,barnes_group,0.48880088329315186,0,0.225,32,6,1735,0,0.0,2816,21
3.1197,-8.574166666666665,0,-102.88999999999999,12,102,barnes_group,0.41096757849057514,0,0.2239,22,6,1735,0,0.0,2944,22
3.2037,-8.32666666666667,0,-99.92000000000003,12,99,barnes_group,0.31787073612213135,0,0.2228,22,6,1735,0,0.0,3072,23
3.4181,-8.237500000000002,0,-98.85000000000004,12,98,barnes_group,0.7282395164171854,0,0.2217,26,6,1735,0,0.0,3200,24
3.1761,-7.528333333333333,0,-90.34,12,89,barnes_group,0.3158338765303294,0,0.2206,34,6,1735,0,0.0,3328,25
2.7091,-7.472499999999999,0,-89.66999999999999,12,88,barnes_group,0.2959405432144801,0,0.2195,32,6,1735,0,0.0,3456,26
2.6177,-7.487499999999998,0,-89.84999999999998,12,88,barnes_group,0.24790928761164346,0,0.2184,26,6,1735,0,0.0,3584,27
3.1317,-7.543333333333332,0,-90.51999999999998,12,89,barnes_group,0.21034321188926697,0,0.2173,25,6,1735,0,0.0,3712,28
3.6958,-7.683333333333331,0,-92.19999999999997,12,91,barnes_group,0.23910327752431235,0,0.2162,34,6,1735,0,0.0,3840,29
2.89,-7.551666666666669,0,-90.62000000000003,12,89,barnes_group,0.20898771286010742,0,0.2151,30,6,1735,0,0.0,3968,30
3.1567,-7.710833333333337,0,-92.53000000000004,12,91,barnes_group,0.23981516559918722,0,0.214,21,6,1735,0,0.0,4096,31
3.4502,-7.610833333333333,0,-91.33,12,90,barnes_group,0.3204837242762248,0,0.213,30,6,1735,0,0.0,4224,32
3.429,-7.85916666666667,0,-94.31000000000004,12,93,barnes_group,0.2812051475048065,0,0.2119,21,6,1735,0,0.0,4352,33
3.4953,-7.903333333333337,0,-94.84000000000005,12,94,barnes_group,0.26509742935498554,0,0.2108,23,6,1735,0,0.0,4480,34
3.4387,-7.7700000000000005,0,-93.24000000000001,12,92,barnes_group,0.31082000335057575,0,0.2098,34,6,1735,0,0.0,4608,35
2.9977,-7.5325000000000015,0,-90.39000000000001,12,89,barnes_group,0.16032150387763977,0,0.2087,24,6,1735,0,0.0,4736,36
2.876,-7.6241666666666665,0,-91.49,12,90,barnes_group,0.24552026887734732,0,0.2077,25,6,1735,0,0.0,4864,37
2.7027,-7.571666666666668,0,-90.86000000000001,12,89,barnes_group,0.17365779976050058,0,0.2066,27,6,1735,0,0.0,4992,38
2.5628,-7.639999999999994,0,-91.67999999999994,12,90,barnes_group,0.26774118343989056,0,0.2056,23,6,1735,0,0.0,5120,39
2.9111,-7.492500000000001,0,-89.91000000000001,12,88,barnes_group,0.21908140182495117,0,0.2046,30,6,1735,0,0.0,5248,40
2.8357,-7.5633333333333335,0,-90.76,12,89,barnes_group,0.3257160286108653,0,0.2036,30,6,1735,0,0.0,5376,41
2.6694,-7.566666666666669,0,-90.80000000000003,12,89,barnes_group,0.2797864576180776,0,0.2025,27,6,1735,0,0.0,5504,42
3.2912,-7.552500000000003,0,-90.63000000000004,12,89,barnes_group,0.21391525864601135,0,0.2015,33,6,1735,0,0.0,5632,43
3.0217,-7.564166666666666,0,-90.77,12,89,barnes_group,0.2065265029668808,0,0.2005,26,6,1735,0,0.0,5760,44
2.9443,-7.4700000000000015,0,-89.64000000000001,12,88,barnes_group,0.15727474788824716,0,0.1995,29,6,1735,0,0.0,5888,45
2.9949,-7.56,0,-90.72,12,89,barnes_group,0.15783621867497763,0,0.1985,21,6,1735,0,0.0,6016,46
2.8548,-7.625833333333332,0,-91.50999999999998,12,90,barnes_group,0.22322518626848856,0,0.1975,18,6,1735,0,0.0,6144,47
3.0248,-7.472500000000003,0,-89.67000000000003,12,88,barnes_group,0.1167335311571757,0,0.1965,24,6,1735,0,0.0,6272,48
2.8976,-7.543333333333333,0,-90.52,12,89,barnes_group,0.2466483861207962,0,0.1956,25,6,1735,0,0.0,6400,49
3.2216,-7.538333333333334,0,-90.46000000000001,12,89,barnes_group,0.1410632530848185,0,0.1946,28,6,1735,0,0.0,6528,50
3.3772,-7.622500000000003,0,-91.47000000000004,12,90,barnes_group,0.21862424413363138,0,0.1936,24,6,1735,0,0.0,6656,51
3.4648,-7.458333333333337,0,-89.50000000000004,12,88,barnes_group,0.11036383608977,0,0.1926,33,6,1735,0,0.0,6784,52
3.8963,-8.003333333333336,0,-96.04000000000003,12,95,barnes_group,0.1786732425292333,0,0.1917,24,6,1735,0,0.0,6912,53
3.4181,-7.69,0,-92.28,12,91,barnes_group,0.26470984518527985,0,0.1907,18,6,1735,0,0.0,7040,54
2.8737,-7.460000000000002,0,-89.52000000000002,12,88,barnes_group,0.1804931660493215,0,0.1898,22,6,1735,0,0.0,7168,55
3.142,-7.479166666666664,0,-89.74999999999997,12,88,barnes_group,0.2139824777841568,0,0.1888,21,6,1735,0,0.0,7296,56
3.5175,-7.556666666666671,0,-90.68000000000005,12,89,barnes_group,0.14553550879160562,0,0.1879,31,6,1735,0,0.0,7424,57
3.2338,-7.455833333333335,0,-89.47000000000003,12,88,barnes_group,0.17121657729148865,0,0.1869,17,6,1735,0,0.0,7552,58
3.4246,-7.615833333333331,0,-91.38999999999997,12,90,barnes_group,0.06301743288834889,0,0.186,28,6,1735,0,0.0,7680,59
3.6521,-7.386666666666668,0,-88.64000000000001,12,87,barnes_group,0.08269251386324565,0,0.1851,26,6,1735,0,0.0,7808,60
3.3911,-7.465000000000001,0,-89.58000000000001,12,88,barnes_group,0.21300970017910004,0,0.1841,25,6,1735,0,0.0,7936,61
3.1338,-7.406666666666667,0,-88.88000000000001,12,87,barnes_group,0.12160601218541463,0,0.1832,19,6,1735,0,0.0,8064,62
3.2881,-7.053333333333334,0,-84.64,12,83,barnes_group,0.14373074968655905,0,0.1823,20,6,1735,0,0.0,8192,63
2.8903,-7.315000000000006,0,-87.78000000000007,12,86,barnes_group,0.26209304730097455,0,0.1814,28,6,1735,0,0.0,8320,64
3.2182,-7.374166666666671,0,-88.49000000000005,12,87,barnes_group,0.2165028601884842,0,0.1805,24,6,1735,0,0.0,8448,65
2.9861,-7.363333333333333,0,-88.36,12,87,barnes_group,0.2803973853588104,0,0.1796,20,6,1735,0,0.0,8576,66
3.1852,-7.370833333333334,0,-88.45,12,87,barnes_group,0.1997099369764328,0,0.1787,28,6,1735,0,0.0,8704,67
2.6247,-7.376666666666669,0,-88.52000000000002,12,87,barnes_group,0.11833030482133229,0,0.1778,7,6,1735,0,0.0,8832,68
3.2312,-7.372500000000003,0,-88.47000000000004,12,87,barnes_group,0.12005275984605153,0,0.1769,25,6,1735,0,0.0,8960,69
3.1178,-7.3900000000000015,0,-88.68000000000002,12,87,barnes_group,0.16729077696800232,0,0.176,27,6,1735,0,0.0,9088,70
3.3126,-7.0275,0,-84.33,12,83,barnes_group,0.07034651935100555,0,0.1751,23,6,1735,0,0.0,9216,71
3.081,-7.207500000000003,0,-86.49000000000004,12,85,barnes_group,0.11348333954811096,0,0.1743,24,6,1735,0,0.0,9344,72
3.547,-7.104166666666667,0,-85.25,12,84,barnes_group,0.23881622155507407,0,0.1734,29,6,1735,0,0.0,9472,73
3.5855,-6.908333333333335,0,-82.90000000000002,12,82,barnes_group,0.19256530702114105,0,0.1725,25,6,1735,0,0.0,9600,74
3.2675,-6.61416666666667,0,-79.37000000000005,12,78,barnes_group,0.4197978675365448,0,0.1717,18,6,1735,0,0.0,9728,75
3.3283,-7.205833333333335,0,-86.47000000000003,12,85,barnes_group,0.17924819389979044,0,0.1708,28,6,1735,0,0.0,9856,76
3.1891,-6.796666666666671,0,-81.56000000000006,12,80,barnes_group,0.23204897344112396,0,0.1699,19,6,1735,0,0.0,9984,77
2.9426,-7.060000000000002,0,-84.72000000000003,12,83,barnes_group,0.08952297270298004,0,0.1691,12,6,1735,0,0.0,10112,78
3.1898,-6.9616666666666704,0,-83.54000000000005,12,82,barnes_group,0.07821737229824066,0,0.1683,22,6,1735,0,0.0,10240,79
3.2107,-7.025833333333331,0,-84.30999999999997,12,83,barnes_group,0.1013501485188802,0,0.1674,18,6,1735,0,0.0,10368,80
3.0431,-6.814166666666669,0,-81.77000000000002,12,80,barnes_group,0.09960715472698212,0,0.1666,22,6,1735,0,0.0,10496,81
3.0699,-6.646666666666669,0,-79.76000000000003,12,78,barnes_group,0.07527337968349457,0,0.1657,16,6,1735,0,0.0,10624,82
3.717,-7.018333333333334,0,-84.22000000000001,12,83,barnes_group,0.18827089170614877,0,0.1649,23,6,1735,0,0.0,10752,83
3.662,-7.108333333333337,0,-85.30000000000004,12,84,barnes_group,0.1769848714272181,0,0.1641,23,6,1735,0,0.0,10880,84
3.4778,-6.863333333333333,0,-82.36,12,81,barnes_group,0.09997197985649109,0,0.1633,23,6,1735,0,0.0,11008,85
3.1878,-6.5433333333333366,0,-78.52000000000004,12,77,barnes_group,-0.017000436782836914,0,0.1625,18,6,1735,0,0.0,11136,86
3.2809,-6.457500000000004,0,-77.49000000000005,12,76,barnes_group,0.027826622128486633,0,0.1616,17,6,1735,0,0.0,11264,87
2.8672,-6.71916666666667,0,-80.63000000000004,12,79,barnes_group,0.09126872320969899,0,0.1608,20,6,1735,0,0.0,11392,88
3.1422,-6.542500000000005,0,-78.51000000000006,12,77,barnes_group,0.012264574567476908,0,0.16,18,6,1735,0,0.0,11520,89
3.0007,-6.122500000000003,0,-73.47000000000004,12,72,barnes_group,0.016079435745875042,0,0.1592,23,6,1735,0,0.0,11648,90
2.9586,-5.933333333333334,0,-71.2,12,70,barnes_group,0.15945743521054587,0,0.1584,21,6,1735,0,0.0,11776,91
2.8037,-6.042500000000005,0,-72.51000000000006,12,71,barnes_group,0.07665074865023296,0,0.1576,15,6,1735,0,0.0,11904,92
3.045,-6.3491666666666715,0,-76.19000000000005,12,75,barnes_group,0.05615059038003286,0,0.1569,14,6,1735,0,0.0,12032,93
3.1164,-6.2625000000000055,0,-75.15000000000006,12,74,barnes_group,0.043146694699923195,0,0.1561,17,6,1735,0,0.0,12160,94
3.3491,-6.1016666666666675,0,-73.22000000000001,12,72,barnes_group,0.02486775815486908,0,0.1553,18,6,1735,0,0.0,12288,95
3.4627,-6.689166666666671,0,-80.27000000000005,12,79,barnes_group,0.0586858739455541,0,0.1545,17,6,1735,0,0.0,12416,96
3.7407,-6.270833333333333,0,-75.25,12,74,barnes_group,0.0005349665880203247,0,0.1537,19,6,1735,0,0.0,12544,97
3.2045,-6.150833333333335,0,-73.81000000000002,12,72,barnes_group,0.03137965500354767,0,0.153,23,6,1735,0,0.0,12672,98
3.1962,-5.801666666666672,0,-69.62000000000006,12,68,barnes_group,0.0726131796836853,0,0.1522,13,6,1735,0,0.0,12800,99
2.2861,-8.258333333333333,0,-99.1,12,98,barnes_group,0.4727778434753418,0,0.25,27,7,1736,0,0.0,128,0
2.7536,-7.611666666666668,0,-91.34000000000002,12,90,barnes_group,0.4540610611438751,0,0.2487,34,7,1736,0,0.0,256,1
3.4749,-7.6816666666666675,0,-92.18,12,91,barnes_group,0.7204607228438059,0,0.2475,40,7,1736,0,0.0,384,2
2.958,-7.3975,0,-88.77,12,87,barnes_group,0.5034689406553904,0,0.2463,29,7,1736,0,0.0,512,3
2.6154,-7.569166666666668,0,-90.83000000000001,12,89,barnes_group,0.4049462179342906,0,0.245,31,7,1736,0,0.0,640,4
2.4112,-7.580833333333334,0,-90.97000000000001,12,89,barnes_group,0.6028736432393392,0,0.2438,39,7,1736,0,0.0,768,5
1.921,-7.581666666666666,0,-90.97999999999999,12,89,barnes_group,0.3723256091276805,0,0.2426,27,7,1736,0,0.0,896,6
2.4292,-7.583333333333333,0,-91,12,89,barnes_group,0.5347541371981303,0,0.2414,34,7,1736,0,0.0,1024,7
2.4619,-7.720833333333335,0,-92.65000000000002,12,91,barnes_group,0.24792924523353577,0,0.2402,22,7,1736,0,0.0,1152,8
3.0675,-7.4516666666666715,0,-89.42000000000006,12,88,barnes_group,0.25915030141671497,0,0.239,32,7,1736,0,0.0,1280,9
2.9911,-7.611666666666669,0,-91.34000000000003,12,90,barnes_group,0.28578250606854755,0,0.2378,30,7,1736,0,0.0,1408,10
2.734,-7.553333333333335,0,-90.64000000000001,12,89,barnes_group,0.4184483488400777,0,0.2366,36,7,1736,0,0.0,1536,11
3.295,-7.833333333333333,0,-94,12,93,barnes_group,0.37977837522824603,0,0.2354,34,7,1736,0,0.0,1664,12
3.1218,-7.560833333333335,0,-90.73000000000002,12,89,barnes_group,0.3149136503537496,0,0.2342,35,7,1736,0,0.0,1792,13
3.2852,-7.697500000000004,0,-92.37000000000005,12,91,barnes_group,0.4635314146677653,0,0.2331,28,7,1736,0,0.0,1920,14
2.8949,-7.62166666666667,0,-91.46000000000004,12,90,barnes_group,0.2885979910691579,0,0.2319,26,7,1736,0,0.0,2048,15
2.6772,-7.559999999999998,0,-90.71999999999997,12,89,barnes_group,0.2613741457462311,0,0.2307,27,7,1736,0,0.0,2176,16
3.0161,-7.5333333333333385,0,-90.40000000000006,12,89,barnes_group,0.2665415902932485,0,0.2296,29,7,1736,0,0.0,2304,17
2.7213,-7.782499999999999,0,-93.38999999999999,12,92,barnes_group,0.3071758647759755,0,0.2284,28,7,1736,0,0.0,2432,18
2.874,-7.850833333333331,0,-94.20999999999998,12,93,barnes_group,0.3623789846897125,0,0.2273,41,7,1736,0,0.0,2560,19
2.5219,-7.484166666666666,0,-89.80999999999999,12,88,barnes_group,0.4609535833199819,0,0.2262,33,7,1736,0,0.0,2688,20
2.7395,-7.564999999999999,0,-90.77999999999999,12,89,barnes_group,0.27999653418858844,0,0.225,27,7,1736,0,0.0,2816,21
2.2505,-7.565000000000002,0,-90.78000000000003,12,89,barnes_group,0.25581828753153485,0,0.2239,24,7,1736,0,0.0,2944,22
3.1231,-7.834999999999997,0,-94.01999999999997,12,93,barnes_group,0.26875627040863037,0,0.2228,30,7,1736,0,0.0,3072,23
2.881,-7.453333333333337,0,-89.44000000000004,12,88,barnes_group,0.38173361619313556,0,0.2217,31,7,1736,0,0.0,3200,24
2.9479,-7.4775,0,-89.73,12,88,barnes_group,0.26189329226811725,0,0.2206,34,7,1736,0,0.0,3328,25
2.8431,-7.467500000000004,0,-89.61000000000004,12,88,barnes_group,0.3362028698126475,0,0.2195,36,7,1736,0,0.0,3456,26
2.4054,-7.574166666666667,0,-90.89,12,89,barnes_group,0.34536407391230267,0,0.2184,29,7,1736,0,0.0,3584,27
2.7577,-7.615833333333335,0,-91.39000000000001,12,90,barnes_group,0.27430833379427594,0,0.2173,29,7,1736,0,0.0,3712,28
2.4952,-7.982499999999998,0,-95.78999999999998,12,95,barnes_group,0.5080101490020752,0,0.2162,35,7,1736,0,0.0,3840,29
2.6417,-7.9566666666666634,0,-95.47999999999996,12,94,barnes_group,0.42332200209299725,0,0.2151,42,7,1736,0,0.0,3968,30
2.2884,-7.706666666666666,0,-92.47999999999999,12,91,barnes_group,0.42421965797742206,0,0.214,27,7,1736,0,0.0,4096,31
2.9005,-7.767500000000001,0,-93.21000000000001,12,92,barnes_group,0.3431587914625804,0,0.213,35,7,1736,0,0.0,4224,32
2.1019,-7.490000000000001,0,-89.88000000000001,12,88,barnes_group,0.6093277931213379,0,0.2119,21,7,1736,0,0.0,4352,33
2.0077,-7.494999999999998,0,-89.93999999999998,12,88,barnes_group,0.23171834647655487,0,0.2108,22,7,1736,0,0.0,4480,34
1.9302,-7.585,0,-91.02,12,89,barnes_group,0.5260319709777832,0,0.2098,22,7,1736,0,0.0,4608,35
2.5545,-7.645833333333335,0,-91.75000000000001,12,90,barnes_group,0.3593184252580007,0,0.2087,25,7,1736,0,0.0,4736,36
2.4566,-7.2175,0,-86.61,12,85,barnes_group,0.3221091628074646,0,0.2077,23,7,1736,0,0.0,4864,37
3.1227,-7.19416666666667,0,-86.33000000000004,12,85,barnes_group,0.19811033209164938,0,0.2066,27,7,1736,0,0.0,4992,38
2.9086,-7.188333333333337,0,-86.26000000000005,12,85,barnes_group,0.2816881239414215,0,0.2056,28,7,1736,0,0.0,5120,39
3.0036,-6.810833333333338,0,-81.73000000000006,12,80,barnes_group,0.09987492611010869,0,0.2046,27,7,1736,0,0.0,5248,40
2.5331,-7.401666666666667,0,-88.82000000000001,12,87,barnes_group,0.23113449911276499,0,0.2036,23,7,1736,0,0.0,5376,41
2.8085,-6.624166666666668,0,-79.49000000000002,12,78,barnes_group,0.1719149351119995,0,0.2025,26,7,1736,0,0.0,5504,42
2.8893,-6.605833333333337,0,-79.27000000000005,12,78,barnes_group,0.1213773563504219,0,0.2015,27,7,1736,0,0.0,5632,43
2.6322,-6.625833333333333,0,-79.50999999999999,12,78,barnes_group,0.10166840503613155,0,0.2005,23,7,1736,0,0.0,5760,44
2.5313,-6.53,0,-78.36,12,77,barnes_group,0.23218928774197897,0,0.1995,23,7,1736,0,0.0,5888,45
2.8149,-6.5225,0,-78.27,12,77,barnes_group,0.13856366773446402,0,0.1985,24,7,1736,0,0.0,6016,46
3.0553,-6.533333333333335,0,-78.40000000000002,12,77,barnes_group,0.12038501103719075,0,0.1975,25,7,1736,0,0.0,6144,47
3.3939,-6.7625,0,-81.15,12,80,barnes_group,0.13873633742332458,0,0.1965,31,7,1736,0,0.0,6272,48
3.4052,-6.750000000000001,0,-81.00000000000001,12,80,barnes_group,0.07523845632870992,0,0.1956,26,7,1736,0,0.0,6400,49
3.4101,-6.911666666666668,0,-82.94000000000001,12,82,barnes_group,0.08982399602731068,0,0.1946,27,7,1736,0,0.0,6528,50
3.2364,-6.596666666666672,0,-79.16000000000007,12,78,barnes_group,0.15770418445269266,0,0.1936,33,7,1736,0,0.0,6656,51
2.6258,-6.38416666666667,0,-76.61000000000004,12,75,barnes_group,0.13147898018360138,0,0.1926,15,7,1736,0,0.0,6784,52
2.5151,-6.388333333333338,0,-76.66000000000005,12,75,barnes_group,0.14176601668198904,0,0.1917,17,7,1736,0,0.0,6912,53
2.6898,-6.379166666666671,0,-76.55000000000005,12,75,barnes_group,0.0912412703037262,0,0.1907,27,7,1736,0,0.0,7040,54
2.9014,-6.59666666666667,0,-79.16000000000004,12,78,barnes_group,0.14279266198476157,0,0.1898,31,7,1736,0,0.0,7168,55
2.5858,-6.293333333333337,0,-75.52000000000005,12,74,barnes_group,0.1648400624593099,0,0.1888,24,7,1736,0,0.0,7296,56
3.0026,-6.6025,0,-79.23,12,78,barnes_group,0.2621728281180064,0,0.1879,31,7,1736,0,0.0,7424,57
2.8372,-6.685833333333334,0,-80.23,12,79,barnes_group,0.3068414827187856,0,0.1869,26,7,1736,0,0.0,7552,58
2.8499,-6.290000000000006,0,-75.48000000000008,12,74,barnes_group,0.06260293473800023,0,0.186,24,7,1736,0,0.0,7680,59
2.8205,-6.580833333333332,0,-78.96999999999998,12,78,barnes_group,0.1923042337099711,0,0.1851,27,7,1736,0,0.0,7808,60
2.5346,-6.840833333333335,0,-82.09000000000002,12,81,barnes_group,0.13952728112538657,0,0.1841,20,7,1736,0,0.0,7936,61
2.3293,-6.520833333333338,0,-78.25000000000006,12,77,barnes_group,0.1152059758702914,0,0.1832,19,7,1736,0,0.0,8064,62
2.5213,-6.924166666666669,0,-83.09000000000003,12,82,barnes_group,0.269938329855601,0,0.1823,24,7,1736,0,0.0,8192,63
2.664,-6.1716666666666695,0,-74.06000000000003,12,73,barnes_group,0.16962138811747232,0,0.1814,21,7,1736,0,0.0,8320,64
2.8258,-6.167500000000005,0,-74.01000000000006,12,73,barnes_group,0.1216501494248708,0,0.1805,26,7,1736,0,0.0,8448,65
2.5947,-6.031666666666674,0,-72.3800000000001,12,71,barnes_group,0.11791565269231796,0,0.1796,24,7,1736,0,0.0,8576,66
2.9383,-5.942500000000003,0,-71.31000000000003,12,70,barnes_group,0.05179411172866821,0,0.1787,23,7,1736,0,0.0,8704,67
2.5329,-5.615833333333337,0,-67.39000000000004,12,66,barnes_group,0.0399351567029953,0,0.1778,17,7,1736,0,0.0,8832,68
2.52,-5.471666666666672,0,-65.66000000000007,12,64,barnes_group,0.03787009418010712,0,0.1769,20,7,1736,0,0.0,8960,69
2.4115,-5.296666666666672,0,-63.560000000000066,12,62,barnes_group,0.027026280760765076,0,0.176,24,7,1736,0,0.0,9088,70
2.62,-6.135833333333338,0,-73.63000000000005,12,72,barnes_group,0.1394101803501447,0,0.1751,32,7,1736,0,0.0,9216,71
2.2293,-5.06083333333334,0,-60.73000000000008,12,59,barnes_group,0.045044576128323875,0,0.1743,22,7,1736,0,0.0,9344,72
1.9719,-5.31083333333334,0,-63.73000000000008,12,62,barnes_group,0.080581896007061,0,0.1734,19,7,1736,0,0.0,9472,73
2.0875,-4.968333333333341,0,-59.62000000000009,12,58,barnes_group,0.08682892719904582,0,0.1725,18,7,1736,0,0.0,9600,74
1.9142,-5.152500000000008,0,-61.8300000000001,12,60,barnes_group,0.10131456702947617,0,0.1717,15,7,1736,0,0.0,9728,75
2.0263,-4.972500000000008,0,-59.670000000000094,12,58,barnes_group,0.0870901420712471,0,0.1708,21,7,1736,0,0.0,9856,76
1.9215,-4.030833333333337,0,-48.37000000000005,12,47,barnes_group,0.1895649532477061,0,0.1699,21,7,1736,0,0.0,9984,77
2.0048,-4.129166666666671,0,-49.550000000000054,12,48,barnes_group,0.13696785271167755,0,0.1691,25,7,1736,0,0.0,10112,78
1.9848,-3.949166666666669,0,-47.39000000000003,12,46,barnes_group,0.1041783740123113,0,0.1683,22,7,1736,0,0.0,10240,79
1.8727,-3.7608333333333355,0,-45.130000000000024,12,44,barnes_group,0.07867199679215749,0,0.1674,19,7,1736,0,0.0,10368,80
2.2201,-4.0150000000000015,0,-48.180000000000014,12,47,barnes_group,0.09496953090031941,0,0.1666,30,7,1736,0,0.0,10496,81
1.7826,-3.7991666666666686,0,-45.590000000000025,12,44,barnes_group,0.012525775780280432,0,0.1657,20,7,1736,0,0.0,10624,82
1.7177,-3.5475000000000034,0,-42.57000000000004,12,41,barnes_group,0.08962677915891011,0,0.1649,19,7,1736,0,0.0,10752,83
1.8067,-3.535,0,-42.42,12,41,barnes_group,0.47484151522318524,0,0.1641,24,7,1736,0,0.0,10880,84
1.7911,-3.8066666666666706,0,-45.68000000000005,12,44,barnes_group,0.06705698122580846,0,0.1633,22,7,1736,0,0.0,11008,85
1.7699,-4.1283333333333365,0,-49.540000000000035,12,48,barnes_group,0.0441373735666275,0,0.1625,15,7,1736,0,0.0,11136,86
2.0536,-4.100000000000004,0,-49.200000000000045,12,48,barnes_group,0.054948056737581887,0,0.1616,25,7,1736,0,0.0,11264,87
2.0648,-3.785833333333335,0,-45.43000000000002,12,44,barnes_group,0.17063258836666742,0,0.1608,26,7,1736,0,0.0,11392,88
1.9429,-3.798333333333337,0,-45.58000000000004,12,44,barnes_group,0.04519258191188177,0,0.16,23,7,1736,0,0.0,11520,89
1.6658,-3.345833333333335,0,-40.15000000000002,12,39,barnes_group,0.04864737391471863,0,0.1592,21,7,1736,0,0.0,11648,90
1.7966,-3.52166666666667,0,-42.26000000000004,12,41,barnes_group,0.08794821550448735,0,0.1584,25,7,1736,0,0.0,11776,91
1.6624,-3.373333333333338,0,-40.480000000000054,12,39,barnes_group,0.031492795795202255,0,0.1576,24,7,1736,0,0.0,11904,92
1.6618,-3.3475,0,-40.17,12,39,barnes_group,0.05969716856877009,0,0.1569,22,7,1736,0,0.0,12032,93
1.4824,-3.415000000000003,0,-40.98000000000004,12,40,barnes_group,0.03981557488441467,0,0.1561,15,7,1736,0,0.0,12160,94
1.6491,-3.6791666666666685,0,-44.15000000000002,12,43,barnes_group,0.06805186967055003,0,0.1553,21,7,1736,0,0.0,12288,95
1.7626,-3.601666666666668,0,-43.22000000000001,12,42,barnes_group,0.11940210064252217,0,0.1545,24,7,1736,0,0.0,12416,96
1.5471,-3.6058333333333366,0,-43.27000000000004,12,42,barnes_group,0.5004514654477438,0,0.1537,18,7,1736,0,0.0,12544,97
1.8562,-4.296666666666671,0,-51.56000000000005,12,50,barnes_group,0.05399060249328613,0,0.153,23,7,1736,0,0.0,12672,98
1.6941,-4.9033333333333395,0,-58.840000000000074,12,57,barnes_group,0.1668324222167333,0,0.1522,23,7,1736,0,0.0,12800,99
2.7504,-7.555833333333335,0,-90.67000000000002,12,89,barnes_group,0.5144612193107605,0,0.25,28,8,1737,0,0.0,128,0
3.4524,-9.3575,0,-112.28999999999999,12,112,barnes_group,0.6778955260912577,0,0.2487,30,8,1737,0,0.0,256,1
3.6923,-8.215000000000003,0,-98.58000000000004,12,98,barnes_group,0.4757006565729777,0,0.2475,20,8,1737,0,0.0,384,2
3.9455,-8.4475,0,-101.37,12,101,barnes_group,0.5100538631280264,0,0.2463,29,8,1737,0,0.0,512,3
3.8324,-8.135833333333332,0,-97.62999999999998,12,97,barnes_group,0.48125330607096356,0,0.245,26,8,1737,0,0.0,640,4
3.8505,-7.5041666666666655,0,-90.04999999999998,12,89,barnes_group,0.398947278658549,0,0.2438,35,8,1737,0,0.0,768,5
3.7557,-7.585833333333333,0,-91.03,12,90,barnes_group,0.45499706268310547,0,0.2426,34,8,1737,0,0.0,896,6
3.5682,-7.619166666666665,0,-91.42999999999998,12,90,barnes_group,0.4270524779955546,0,0.2414,41,8,1737,0,0.0,1024,7
4.1287,-8.230833333333335,0,-98.77000000000001,12,98,barnes_group,0.6162614425023397,0,0.2402,27,8,1737,0,0.0,1152,8
3.7327,-8.243333333333334,0,-98.92000000000002,12,98,barnes_group,0.40937397877375287,0,0.239,32,8,1737,0,0.0,1280,9
3.2591,-7.5341666666666685,0,-90.41000000000003,12,89,barnes_group,0.40186341603597003,0,0.2378,34,8,1737,0,0.0,1408,10
3.1696,-7.45083333333334,0,-89.41000000000008,12,88,barnes_group,0.3085947235425313,0,0.2366,20,8,1737,0,0.0,1536,11
3.4504,-7.5191666666666634,0,-90.22999999999996,12,89,barnes_group,0.28027475376923877,0,0.2354,32,8,1737,0,0.0,1664,12
2.6122,-7.544166666666669,0,-90.53000000000003,12,89,barnes_group,0.22753062844276428,0,0.2342,27,8,1737,0,0.0,1792,13
2.566,-7.564166666666666,0,-90.77,12,89,barnes_group,0.39376362164815265,0,0.2331,31,8,1737,0,0.0,1920,14
2.7677,-7.562499999999997,0,-90.74999999999997,12,89,barnes_group,0.32398666938145954,0,0.2319,28,8,1737,0,0.0,2048,15
3.8173,-8.227500000000001,0,-98.73,12,98,barnes_group,0.28046156962712604,0,0.2307,29,8,1737,0,0.0,2176,16
3.5138,-7.529166666666668,0,-90.35000000000001,12,89,barnes_group,0.49425743023554486,0,0.2296,29,8,1737,0,0.0,2304,17
3.4785,-8.000833333333336,0,-96.01000000000003,12,95,barnes_group,0.25996234516302746,0,0.2284,24,8,1737,0,0.0,2432,18
2.9227,-7.533333333333338,0,-90.40000000000005,12,89,barnes_group,0.22498593231042227,0,0.2273,19,8,1737,0,0.0,2560,19
3.4051,-7.364166666666669,0,-88.37000000000003,12,87,barnes_group,0.1900657465060552,0,0.2262,28,8,1737,0,0.0,2688,20
3.1798,-7.624166666666668,0,-91.49000000000002,12,90,barnes_group,0.18138409157594046,0,0.225,27,8,1737,0,0.0,2816,21
2.9378,-7.56,0,-90.72,12,89,barnes_group,0.29386518398920697,0,0.2239,28,8,1737,0,0.0,2944,22
3.2973,-7.610833333333339,0,-91.33000000000007,12,90,barnes_group,0.19986746708552042,0,0.2228,35,8,1737,0,0.0,3072,23
3.2125,-7.468333333333331,0,-89.61999999999998,12,88,barnes_group,0.1435991177956263,0,0.2217,29,8,1737,0,0.0,3200,24
3.0914,-7.477499999999998,0,-89.72999999999998,12,88,barnes_group,0.317398339509964,0,0.2206,35,8,1737,0,0.0,3328,25
3.2729,-7.768333333333339,0,-93.22000000000007,12,92,barnes_group,0.31508295734723407,0,0.2195,27,8,1737,0,0.0,3456,26
3.0164,-7.4675,0,-89.61,12,88,barnes_group,0.4149830937385559,0,0.2184,26,8,1737,0,0.0,3584,27
3.0494,-7.467500000000004,0,-89.61000000000004,12,88,barnes_group,0.26652716596921283,0,0.2173,23,8,1737,0,0.0,3712,28
3.0413,-7.475833333333333,0,-89.71,12,88,barnes_group,0.21830053627490997,0,0.2162,29,8,1737,0,0.0,3840,29
2.8566,-7.573333333333331,0,-90.87999999999997,12,89,barnes_group,0.27427515387535095,0,0.2151,29,8,1737,0,0.0,3968,30
3.1671,-7.643333333333334,0,-91.72000000000001,12,90,barnes_group,0.3126167853673299,0,0.214,33,8,1737,0,0.0,4096,31
3.8158,-7.779166666666662,0,-93.34999999999995,12,92,barnes_group,0.21230432391166687,0,0.213,31,8,1737,0,0.0,4224,32
4.3971,-8.396666666666667,0,-100.76,12,100,barnes_group,0.3239247302214305,0,0.2119,34,8,1737,0,0.0,4352,33
3.9694,-8.015833333333333,0,-96.19,12,95,barnes_group,0.18336154520511627,0,0.2108,31,8,1737,0,0.0,4480,34
3.8946,-7.839999999999997,0,-94.07999999999997,12,93,barnes_group,0.1533239185810089,0,0.2098,22,8,1737,0,0.0,4608,35
4.377,-7.983333333333334,0,-95.80000000000001,12,95,barnes_group,0.2917747100194295,0,0.2087,31,8,1737,0,0.0,4736,36
4.3609,-7.748333333333332,0,-92.97999999999999,12,92,barnes_group,0.2606344570716222,0,0.2077,40,8,1737,0,0.0,4864,37
3.645,-7.4525,0,-89.42999999999999,12,88,barnes_group,0.11486266056696574,0,0.2066,28,8,1737,0,0.0,4992,38
3.9439,-8.013333333333337,0,-96.16000000000004,12,95,barnes_group,0.20853990813096365,0,0.2056,22,8,1737,0,0.0,5120,39
4.1337,-7.847499999999997,0,-94.16999999999996,12,93,barnes_group,0.21489017208417258,0,0.2046,21,8,1737,0,0.0,5248,40
4.0828,-7.517500000000003,0,-90.21000000000004,12,89,barnes_group,0.13553534944852194,0,0.2036,35,8,1737,0,0.0,5376,41
3.3409,-7.539166666666673,0,-90.47000000000007,12,89,barnes_group,0.16647575298945108,0,0.2025,27,8,1737,0,0.0,5504,42
3.0078,-7.57416666666667,0,-90.89000000000004,12,89,barnes_group,0.23026647170384726,0,0.2015,22,8,1737,0,0.0,5632,43
3.8702,-7.702500000000001,0,-92.43,12,91,barnes_group,0.16557490825653076,0,0.2005,25,8,1737,0,0.0,5760,44
4.2826,-7.767500000000002,0,-93.21000000000002,12,92,barnes_group,0.12540545562903085,0,0.1995,30,8,1737,0,0.0,5888,45
3.7203,-7.701666666666667,0,-92.42,12,91,barnes_group,0.09529365102450053,0,0.1985,24,8,1737,0,0.0,6016,46
3.8989,-7.258333333333334,0,-87.10000000000001,12,86,barnes_group,0.16431589424610138,0,0.1975,26,8,1737,0,0.0,6144,47
3.3362,-7.299999999999996,0,-87.59999999999995,12,86,barnes_group,0.15633647640546164,0,0.1965,22,8,1737,0,0.0,6272,48
3.287,-7.211666666666665,0,-86.53999999999998,12,85,barnes_group,0.31721224387486774,0,0.1956,21,8,1737,0,0.0,6400,49
3.5781,-7.125000000000001,0,-85.50000000000001,12,84,barnes_group,0.18713789184888205,0,0.1946,19,8,1737,0,0.0,6528,50
3.9186,-7.598333333333333,0,-91.17999999999999,12,90,barnes_group,0.12597642342249551,0,0.1936,33,8,1737,0,0.0,6656,51
3.719,-7.363333333333332,0,-88.35999999999999,12,87,barnes_group,0.1581989030043284,0,0.1926,25,8,1737,0,0.0,6784,52
3.2712,-7.5474999999999985,0,-90.56999999999998,12,89,barnes_group,0.13120980064074197,0,0.1917,18,8,1737,0,0.0,6912,53
3.6032,-7.2825,0,-87.39,12,86,barnes_group,0.16199199855327606,0,0.1907,22,8,1737,0,0.0,7040,54
3.6766,-7.090833333333332,0,-85.08999999999999,12,84,barnes_group,0.14582479993502298,0,0.1898,20,8,1737,0,0.0,7168,55
3.1956,-7.1125,0,-85.35,12,84,barnes_group,0.14508410294850668,0,0.1888,19,8,1737,0,0.0,7296,56
2.8294,-6.988333333333336,0,-83.86000000000003,12,82,barnes_group,0.13537165522575378,0,0.1879,20,8,1737,0,0.0,7424,57
3.0888,-7.0425,0,-84.51,12,83,barnes_group,0.22991833090782166,0,0.1869,30,8,1737,0,0.0,7552,58
2.8457,-6.872499999999998,0,-82.46999999999997,12,81,barnes_group,0.21882574260234833,0,0.186,20,8,1737,0,0.0,7680,59
2.9975,-6.1825,0,-74.19,12,73,barnes_group,0.10259848833084106,0,0.1851,20,8,1737,0,0.0,7808,60
2.9902,-6.281666666666666,0,-75.38,12,74,barnes_group,0.13219467302163443,0,0.1841,21,8,1737,0,0.0,7936,61
3.1273,-5.99916666666667,0,-71.99000000000004,12,71,barnes_group,0.19948698580265045,0,0.1832,25,8,1737,0,0.0,8064,62
3.146,-5.652500000000001,0,-67.83000000000001,12,67,barnes_group,0.2518405169248581,0,0.1823,29,8,1737,0,0.0,8192,63
3.0562,-6.003333333333337,0,-72.04000000000005,12,71,barnes_group,0.4385121464729309,0,0.1814,24,8,1737,0,0.0,8320,64
2.7049,-6.038333333333337,0,-72.46000000000004,12,72,barnes_group,0.16342657307783762,0,0.1805,20,8,1737,0,0.0,8448,65
2.6874,-5.177500000000003,0,-62.13000000000004,12,61,barnes_group,0.15667120118935904,0,0.1796,24,8,1737,0,0.0,8576,66
2.6106,-5.837500000000005,0,-70.05000000000005,12,69,barnes_group,0.093344380458196,0,0.1787,20,8,1737,0,0.0,8704,67
2.6432,-5.600000000000004,0,-67.20000000000005,12,66,barnes_group,0.1320048247774442,0,0.1778,25,8,1737,0,0.0,8832,68
2.2237,-4.91916666666667,0,-59.030000000000044,12,58,barnes_group,0.06968888888756435,0,0.1769,18,8,1737,0,0.0,8960,69
2.0637,-4.233333333333335,0,-50.800000000000026,12,50,barnes_group,0.09621307750542958,0,0.176,21,8,1737,0,0.0,9088,70
2.2058,-4.5675000000000034,0,-54.810000000000045,12,54,barnes_group,0.029468561212221783,0,0.1751,30,8,1737,0,0.0,9216,71
1.78,-3.7416666666666694,0,-44.900000000000034,12,44,barnes_group,0.08424431830644608,0,0.1743,16,8,1737,0,0.0,9344,72
1.9327,-3.715000000000001,0,-44.58000000000001,12,44,barnes_group,1.5125085910161336,0,0.1734,25,8,1737,0,0.0,9472,73
2.192,-4.277499999999999,0,-51.32999999999999,12,51,barnes_group,1.495010534922282,0,0.1725,25,8,1737,0,0.0,9600,74
2.3796,-5.526666666666666,0,-66.32,12,66,barnes_group,0.21700887382030487,0,0.1717,20,8,1737,0,0.0,9728,75
2.6879,-6.4741666666666715,0,-77.69000000000005,12,77,barnes_group,0.2713394711414973,0,0.1708,26,8,1737,0,0.0,9856,76
2.8993,-5.813333333333335,0,-69.76000000000002,12,69,barnes_group,0.07642943163712819,0,0.1699,25,8,1737,0,0.0,9984,77
2.5049,-5.085833333333338,0,-61.03000000000005,12,60,barnes_group,0.16667508582274118,0,0.1691,16,8,1737,0,0.0,10112,78
2.4571,-4.655833333333337,0,-55.87000000000005,12,55,barnes_group,0.16491506497065225,0,0.1683,21,8,1737,0,0.0,10240,79
2.444,-4.413333333333337,0,-52.960000000000036,12,52,barnes_group,0.11997762819131215,0,0.1674,21,8,1737,0,0.0,10368,80
2.2785,-4.494166666666671,0,-53.93000000000006,12,53,barnes_group,0.01219814270734787,0,0.1666,14,8,1737,0,0.0,10496,81
2.3552,-4.7841666666666685,0,-57.410000000000025,12,57,barnes_group,-0.00692210594813029,0,0.1657,19,8,1737,0,0.0,10624,82
1.9917,-3.9733333333333345,0,-47.680000000000014,12,47,barnes_group,0.08229349553585052,0,0.1649,14,8,1737,0,0.0,10752,83
2.1003,-4.140000000000001,0,-49.68000000000001,12,49,barnes_group,0.04992991189161936,0,0.1641,21,8,1737,0,0.0,10880,84
1.9584,-3.8775000000000013,0,-46.530000000000015,12,46,barnes_group,0.051577769219875336,0,0.1633,25,8,1737,0,0.0,11008,85
1.7538,-3.715833333333333,0,-44.589999999999996,12,44,barnes_group,0.017089517166217167,0,0.1625,22,8,1737,0,0.0,11136,86
1.8006,-3.400833333333335,0,-40.810000000000024,12,40,barnes_group,0.05179505919416746,0,0.1616,22,8,1737,0,0.0,11264,87
1.5042,-3.1491666666666673,0,-37.790000000000006,12,37,barnes_group,0.1741732358932495,0,0.1608,18,8,1737,0,0.0,11392,88
1.4955,-3.4008333333333347,0,-40.81000000000002,12,40,barnes_group,0.056970211366812386,0,0.16,15,8,1737,0,0.0,11520,89
1.8675,-4.201666666666667,0,-50.42000000000001,12,50,barnes_group,0.10957188407580058,0,0.1592,27,8,1737,0,0.0,11648,90
1.4822,-3.715833333333333,0,-44.589999999999996,12,44,barnes_group,0.14285659790039062,0,0.1584,24,8,1737,0,0.0,11776,91
1.5236,-3.226666666666667,0,-38.720000000000006,12,38,barnes_group,0.06564901272455852,0,0.1576,22,8,1737,0,0.0,11904,92
1.5565,-3.229166666666668,0,-38.750000000000014,12,38,barnes_group,0.06391298150022824,0,0.1569,22,8,1737,0,0.0,12032,93
1.2292,-3.4283333333333346,0,-41.140000000000015,12,40,barnes_group,0.30554083983103436,0,0.1561,18,8,1737,0,0.0,12160,94
1.293,-3.840833333333336,0,-46.09000000000003,12,45,barnes_group,0.07600147277116776,0,0.1553,18,8,1737,0,0.0,12288,95
1.2212,-4.270833333333337,0,-51.250000000000036,12,50,barnes_group,0.22567119697729746,0,0.1545,13,8,1737,0,0.0,12416,96
1.66,-4.094166666666668,0,-49.13000000000002,12,48,barnes_group,0.12794258445501328,0,0.1537,27,8,1737,0,0.0,12544,97
1.4649,-3.7516666666666705,0,-45.020000000000046,12,44,barnes_group,0.0912758857011795,0,0.153,15,8,1737,0,0.0,12672,98
1.6122,-3.147500000000001,0,-37.77000000000001,12,37,barnes_group,0.037352717171112694,0,0.1522,20,8,1737,0,0.0,12800,99
4.1041,-9.679166666666665,0,-116.14999999999999,12,116,barnes_group,6.253738880157471,0,0.25,41,9,1738,0,0.0,128,0
4.1252,-7.866666666666668,0,-94.40000000000002,12,94,barnes_group,0.7394715050856272,0,0.2487,37,9,1738,0,0.0,256,1
3.6179,-7.249166666666661,0,-86.98999999999994,12,86,barnes_group,0.22347185015678406,0,0.2475,32,9,1738,0,0.0,384,2
4.0494,-7.797500000000007,0,-93.57000000000009,12,93,barnes_group,0.2411279579003652,0,0.2463,37,9,1738,0,0.0,512,3
4.208,-8.215833333333336,0,-98.59000000000003,12,98,barnes_group,0.30345478157202405,0,0.245,32,9,1738,0,0.0,640,4
4.0205,-7.515000000000001,0,-90.18,12,89,barnes_group,0.1199215551217397,0,0.2438,32,9,1738,0,0.0,768,5
3.9458,-7.438333333333336,0,-89.26000000000003,12,88,barnes_group,0.2067311853170395,0,0.2426,26,9,1738,0,0.0,896,6
3.7133,-7.615833333333335,0,-91.39000000000001,12,90,barnes_group,0.15261998772621155,0,0.2414,32,9,1738,0,0.0,1024,7
4.0763,-7.52333333333333,0,-90.27999999999996,12,89,barnes_group,0.2460542619228363,0,0.2402,30,9,1738,0,0.0,1152,8
3.9498,-7.6366666666666605,0,-91.63999999999993,12,90,barnes_group,0.17408373455206552,0,0.239,34,9,1738,0,0.0,1280,9
4.2702,-7.6950000000000065,0,-92.34000000000007,12,91,barnes_group,0.2625536769628525,0,0.2378,26,9,1738,0,0.0,1408,10
4.6191,-8.940833333333334,0,-107.29,12,107,barnes_group,0.41180243094762164,0,0.2366,31,9,1738,0,0.0,1536,11
5.0378,-9.1975,0,-110.37,12,110,barnes_group,0.41766128937403363,0,0.2354,28,9,1738,0,0.0,1664,12
4.3027,-8.873333333333335,0,-106.48000000000002,12,106,barnes_group,0.3522740999857585,0,0.2342,24,9,1738,0,0.0,1792,13
4.513,-8.369166666666665,0,-100.42999999999998,12,100,barnes_group,0.5462438861529032,0,0.2331,37,9,1738,0,0.0,1920,14
4.1093,-8.464999999999998,0,-101.57999999999998,12,101,barnes_group,0.5299601356188456,0,0.2319,34,9,1738,0,0.0,2048,15
3.9314,-8.471666666666662,0,-101.65999999999995,12,101,barnes_group,0.4154544770717621,0,0.2307,32,9,1738,0,0.0,2176,16
3.7032,-7.619999999999998,0,-91.43999999999998,12,90,barnes_group,0.15150515735149384,0,0.2296,34,9,1738,0,0.0,2304,17
2.9726,-7.6249999999999964,0,-91.49999999999996,12,90,barnes_group,0.3284116288026174,0,0.2284,27,9,1738,0,0.0,2432,18
3.6042,-7.848333333333333,0,-94.17999999999999,12,93,barnes_group,0.21764513353506723,0,0.2273,40,9,1738,0,0.0,2560,19
3.1372,-7.492500000000004,0,-89.91000000000005,12,88,barnes_group,0.32992352545261383,0,0.2262,22,9,1738,0,0.0,2688,20
3.0095,-7.615000000000002,0,-91.38000000000002,12,90,barnes_group,0.17566045622030893,0,0.225,17,9,1738,0,0.0,2816,21
3.334,-7.285000000000001,0,-87.42000000000002,12,86,barnes_group,0.1294301301240921,0,0.2239,31,9,1738,0,0.0,2944,22
2.9952,-7.484999999999999,0,-89.82,12,88,barnes_group,0.2190959999958674,0,0.2228,25,9,1738,0,0.0,3072,23
3.025,-7.4866666666666655,0,-89.83999999999999,12,88,barnes_group,0.20191060503323874,0,0.2217,26,9,1738,0,0.0,3200,24
3.7633,-7.535833333333334,0,-90.43,12,89,barnes_group,0.27776144941647846,0,0.2206,34,9,1738,0,0.0,3328,25
3.8935,-7.693333333333331,0,-92.31999999999996,12,91,barnes_group,0.21996245781580606,0,0.2195,36,9,1738,0,0.0,3456,26
4.118,-7.670833333333337,0,-92.05000000000004,12,91,barnes_group,0.1307270179192225,0,0.2184,27,9,1738,0,0.0,3584,27
3.8837,-7.997500000000003,0,-95.97000000000004,12,95,barnes_group,0.19891619682312012,0,0.2173,27,9,1738,0,0.0,3712,28
4.2518,-7.174166666666672,0,-86.09000000000006,12,85,barnes_group,0.09207574526468913,0,0.2162,37,9,1738,0,0.0,3840,29
4.3318,-7.287500000000005,0,-87.45000000000006,12,86,barnes_group,0.12261604766050975,0,0.2151,32,9,1738,0,0.0,3968,30
4.2371,-7.345,0,-88.14,12,87,barnes_group,0.08662364880243938,0,0.214,33,9,1738,0,0.0,4096,31
4.2899,-7.384166666666669,0,-88.61000000000003,12,87,barnes_group,0.2603457123041153,0,0.213,35,9,1738,0,0.0,4224,32
3.798,-7.4575000000000005,0,-89.49000000000001,12,88,barnes_group,0.08135202030340831,0,0.2119,21,9,1738,0,0.0,4352,33
4.4006,-7.362500000000004,0,-88.35000000000005,12,87,barnes_group,0.11742988228797913,0,0.2108,31,9,1738,0,0.0,4480,34
4.2007,-7.384999999999999,0,-88.61999999999999,12,87,barnes_group,0.07629452645778656,0,0.2098,22,9,1738,0,0.0,4608,35
3.7321,-7.312499999999999,0,-87.74999999999999,12,86,barnes_group,0.10594771305720012,0,0.2087,28,9,1738,0,0.0,4736,36
4.219,-7.373333333333335,0,-88.48000000000002,12,87,barnes_group,0.10641944905122121,0,0.2077,23,9,1738,0,0.0,4864,37
3.8121,-7.224166666666665,0,-86.68999999999998,12,85,barnes_group,0.06402077774206798,0,0.2066,24,9,1738,0,0.0,4992,38
3.6532,-6.883333333333337,0,-82.60000000000005,12,81,barnes_group,0.07841940224170685,0,0.2056,21,9,1738,0,0.0,5120,39
3.2415,-6.657500000000003,0,-79.89000000000004,12,78,barnes_group,0.038605257868766785,0,0.2046,23,9,1738,0,0.0,5248,40
4.1047,-7.112500000000004,0,-85.35000000000005,12,84,barnes_group,0.45984776814778644,0,0.2036,32,9,1738,0,0.0,5376,41
3.4598,-6.982500000000004,0,-83.79000000000005,12,82,barnes_group,0.16510309278964996,0,0.2025,24,9,1738,0,0.0,5504,42
3.664,-6.632499999999997,0,-79.58999999999996,12,78,barnes_group,0.2250736951828003,0,0.2015,25,9,1738,0,0.0,5632,43
4.0049,-7.1125,0,-85.35,12,84,barnes_group,0.10956246157487233,0,0.2005,24,9,1738,0,0.0,5760,44
4.2225,-7.149166666666669,0,-85.79000000000002,12,85,barnes_group,0.21413521965344748,0,0.1995,20,9,1738,0,0.0,5888,45
4.0443,-7.495833333333333,0,-89.94999999999999,12,89,barnes_group,0.1327370305856069,0,0.1985,26,9,1738,0,0.0,6016,46
3.9841,-7.139166666666671,0,-85.67000000000004,12,85,barnes_group,0.058670600255330406,0,0.1975,18,9,1738,0,0.0,6144,47
3.7285,-7.0775000000000015,0,-84.93000000000002,12,84,barnes_group,0.24038103222846985,0,0.1965,24,9,1738,0,0.0,6272,48
3.4669,-6.127500000000001,0,-73.53000000000002,12,72,barnes_group,0.09832643965880077,0,0.1956,20,9,1738,0,0.0,6400,49
3.5572,-6.50666666666667,0,-78.08000000000004,12,77,barnes_group,0.022820765773455303,0,0.1946,22,9,1738,0,0.0,6528,50
3.5829,-6.747500000000003,0,-80.97000000000004,12,80,barnes_group,0.04591878751913706,0,0.1936,25,9,1738,0,0.0,6656,51
3.4006,-6.3525,0,-76.23,12,75,barnes_group,0.08890742560227712,0,0.1926,24,9,1738,0,0.0,6784,52
3.4278,-6.205833333333339,0,-74.47000000000007,12,73,barnes_group,0.23459312319755554,0,0.1917,32,9,1738,0,0.0,6912,53
3.7422,-6.5566666666666675,0,-78.68,12,78,barnes_group,0.1258092721303304,0,0.1907,28,9,1738,0,0.0,7040,54
3.614,-7.468333333333335,0,-89.62000000000002,12,89,barnes_group,0.19311749935150146,0,0.1898,29,9,1738,0,0.0,7168,55
3.4774,-6.6775000000000055,0,-80.13000000000007,12,79,barnes_group,0.09310679137706757,0,0.1888,27,9,1738,0,0.0,7296,56
3.3687,-6.2108333333333405,0,-74.53000000000009,12,73,barnes_group,0.05111752450466156,0,0.1879,25,9,1738,0,0.0,7424,57
3.3855,-6.275000000000007,0,-75.30000000000008,12,74,barnes_group,0.15229695041974387,0,0.1869,31,9,1738,0,0.0,7552,58
3.0747,-5.707500000000003,0,-68.49000000000004,12,67,barnes_group,0.1685426284869512,0,0.186,25,9,1738,0,0.0,7680,59
2.827,-5.890000000000005,0,-70.68000000000006,12,69,barnes_group,0.14892507592837015,0,0.1851,25,9,1738,0,0.0,7808,60
2.8803,-5.600000000000002,0,-67.20000000000003,12,66,barnes_group,0.06071922183036804,0,0.1841,22,9,1738,0,0.0,7936,61
2.7347,-5.263333333333336,0,-63.16000000000004,12,62,barnes_group,0.11910866449276607,0,0.1832,25,9,1738,0,0.0,8064,62
2.6894,-4.848333333333334,0,-58.18,12,57,barnes_group,0.1017188901702563,0,0.1823,25,9,1738,0,0.0,8192,63
2.8118,-4.772500000000006,0,-57.270000000000074,12,56,barnes_group,0.15432565907637277,0,0.1814,26,9,1738,0,0.0,8320,64
2.6779,-4.877500000000002,0,-58.53000000000003,12,57,barnes_group,0.09669953833023708,0,0.1805,24,9,1738,0,0.0,8448,65
2.429,-4.864166666666672,0,-58.37000000000006,12,57,barnes_group,0.19217078387737274,0,0.1796,18,9,1738,0,0.0,8576,66
2.3671,-4.273333333333339,0,-51.280000000000065,12,50,barnes_group,0.14502683778603873,0,0.1787,26,9,1738,0,0.0,8704,67
2.5695,-4.251666666666666,0,-51.019999999999996,12,50,barnes_group,0.08911175280809402,0,0.1778,28,9,1738,0,0.0,8832,68
2.3149,-3.6633333333333353,0,-43.96000000000002,12,43,barnes_group,0.28762444853782654,0,0.1769,23,9,1738,0,0.0,8960,69
1.9835,-3.818333333333334,0,-45.82000000000001,12,45,barnes_group,0.16160644590854645,0,0.176,22,9,1738,0,0.0,9088,70
2.0256,-3.817500000000002,0,-45.810000000000024,12,45,barnes_group,0.06631312767664592,0,0.1751,21,9,1738,0,0.0,9216,71
1.6339,-3.336666666666668,0,-40.04000000000001,12,39,barnes_group,0.013866973419984182,0,0.1743,12,9,1738,0,0.0,9344,72
1.7627,-4.138333333333335,0,-49.660000000000025,12,49,barnes_group,0.06790204842885335,0,0.1734,18,9,1738,0,0.0,9472,73
1.604,-3.5783333333333363,0,-42.94000000000003,12,42,barnes_group,0.005378970255454381,0,0.1725,8,9,1738,0,0.0,9600,74
1.8508,-3.49416666666667,0,-41.93000000000004,12,41,barnes_group,0.06726280848185222,0,0.1717,24,9,1738,0,0.0,9728,75
1.7445,-3.8358333333333348,0,-46.030000000000015,12,45,barnes_group,0.02323407183090846,0,0.1708,21,9,1738,0,0.0,9856,76
1.6616,-3.241666666666667,0,-38.900000000000006,12,38,barnes_group,0.004597389449675878,0,0.1699,21,9,1738,0,0.0,9984,77
1.7669,-3.568333333333334,0,-42.82000000000001,12,42,barnes_group,0.08300015827020009,0,0.1691,21,9,1738,0,0.0,10112,78
1.9897,-3.804166666666666,0,-45.64999999999999,12,45,barnes_group,0.06978260353207588,0,0.1683,26,9,1738,0,0.0,10240,79
1.6551,-3.500000000000003,0,-42.000000000000036,12,41,barnes_group,0.028026092797517776,0,0.1674,17,9,1738,0,0.0,10368,80
1.357,-3.250833333333334,0,-39.010000000000005,12,38,barnes_group,-0.019181561345855396,0,0.1666,15,9,1738,0,0.0,10496,81
1.7284,-3.5916666666666686,0,-43.10000000000002,12,42,barnes_group,0.09298272430896759,0,0.1657,24,9,1738,0,0.0,10624,82
1.5041,-3.5366666666666684,0,-42.44000000000002,12,41,barnes_group,0.018921352922916412,0,0.1649,16,9,1738,0,0.0,10752,83
1.6795,-3.4316666666666684,0,-41.18000000000002,12,40,barnes_group,0.04928296059370041,0,0.1641,21,9,1738,0,0.0,10880,84
1.5645,-3.610833333333334,0,-43.330000000000005,12,42,barnes_group,0.047992018361886345,0,0.1633,24,9,1738,0,0.0,11008,85
1.6657,-3.4341666666666666,0,-41.21,12,40,barnes_group,0.22336125373840332,0,0.1625,27,9,1738,0,0.0,11136,86
1.3434,-3.1758333333333337,0,-38.11000000000001,12,37,barnes_group,0.06638678163290024,0,0.1616,20,9,1738,0,0.0,11264,87
1.5938,-3.4200000000000004,0,-41.040000000000006,12,40,barnes_group,0.020442040016253788,0,0.1608,22,9,1738,0,0.0,11392,88
1.4985,-3.6458333333333344,0,-43.750000000000014,12,43,barnes_group,0.05902183676759402,0,0.16,20,9,1738,0,0.0,11520,89
1.505,-3.3299999999999996,0,-39.959999999999994,12,39,barnes_group,0.10144564261039098,0,0.1592,23,9,1738,0,0.0,11648,90
1.3526,-3.4283333333333346,0,-41.140000000000015,12,40,barnes_group,0.035744667053222656,0,0.1584,18,9,1738,0,0.0,11776,91
1.1893,-3.3408333333333338,0,-40.09,12,39,barnes_group,0.044980877389510475,0,0.1576,15,9,1738,0,0.0,11904,92
1.4865,-3.403333333333334,0,-40.84000000000001,12,40,barnes_group,0.03563693289955457,0,0.1569,21,9,1738,0,0.0,12032,93
2.0302,-3.6483333333333334,0,-43.78,12,43,barnes_group,0.12937954564889273,0,0.1561,32,9,1738,0,0.0,12160,94
1.3212,-3.3441666666666676,0,-40.13000000000001,12,39,barnes_group,1.1228820482889812,0,0.1553,13,9,1738,0,0.0,12288,95
1.2767,-3.520000000000001,0,-42.24000000000001,12,41,barnes_group,0.062420837581157684,0,0.1545,18,9,1738,0,0.0,12416,96
1.7634,-3.7058333333333358,0,-44.47000000000003,12,43,barnes_group,0.04968216270208359,0,0.1537,29,9,1738,0,0.0,12544,97
1.3979,-3.4241666666666686,0,-41.090000000000025,12,40,barnes_group,0.03870058059692383,0,0.153,18,9,1738,0,0.0,12672,98
1.5208,-3.242500000000001,0,-38.91000000000001,12,38,barnes_group,0.06451162944237392,0,0.1522,20,9,1738,0,0.0,12800,99
