avg_entropy,avg_reward_per_episode,best_tax_advantage,cumulative_reward,episode_count,invalid_count,loophole,loss,positive_reward_count,random_action_prob,random_exploration_count,run,saved_snapshots,seed,success_count,success_rate,total_steps,update
2.9167969562113285,-0.29222222222222216,0,-2.6299999999999994,9,0,straddle_abuse,-0.14378062387307486,0,0.25,22,0,0,1729,0,0.0,128,0
2.8309635501354933,-0.1833333333333334,14.03,-1.6500000000000006,9,0,straddle_abuse,0.0064847419659296674,2,0.2487,30,0,0,1729,0,0.0,256,1
2.827175513841212,-0.2000000000000001,3.77,-1.800000000000001,9,0,straddle_abuse,-0.12114375581343968,1,0.2475,32,0,0,1729,0,0.0,384,2
2.894907013513148,-0.21777777777777793,0,-1.9600000000000013,9,0,straddle_abuse,-0.15451780954996744,0,0.2463,28,0,0,1729,0,0.0,512,3
2.8111457470804453,3.777777777777777,35.68,33.99999999999999,9,0,straddle_abuse,3.8276838461558023,2,0.245,31,0,0,1729,1,0.1111111111111111,640,4
2.882237669080496,-0.12666666666666682,5.69,-1.1400000000000015,9,0,straddle_abuse,-0.10487982879082362,2,0.2438,36,0,0,1729,0,0.0,768,5
2.791496092453599,0.36999999999999983,20.56,3.3299999999999983,9,0,straddle_abuse,1.0179353555043538,2,0.2426,33,0,0,1729,0,0.0,896,6
2.744078479707241,-0.16555555555555565,0,-1.4900000000000009,9,0,straddle_abuse,-0.146974578499794,0,0.2414,42,0,0,1729,0,0.0,1024,7
2.813745278865099,1.8055555555555545,17.84,16.24999999999999,9,0,straddle_abuse,1.4704563617706299,3,0.2402,36,0,0,1729,0,0.0,1152,8
2.788062645122409,2.735555555555557,13.76,24.62000000000001,9,0,straddle_abuse,0.9946914712587992,7,0.239,33,0,0,1729,0,0.0,1280,9
2.7465381901711226,-0.20000000000000012,0.23,-1.8000000000000012,9,0,straddle_abuse,-0.14097578326861063,1,0.2378,34,0,0,1729,0,0.0,1408,10
2.6197961857542396,0.6111111111111129,6.61,5.500000000000016,9,0,straddle_abuse,0.03679406146208445,3,0.2366,26,0,0,1729,0,0.0,1536,11
2.667836492881179,-0.12333333333333339,0,-1.1100000000000005,9,0,straddle_abuse,-0.11056772122780482,0,0.2354,27,0,0,1729,0,0.0,1664,12
2.6968075409531593,-0.14333333333333298,11.89,-1.289999999999997,9,0,straddle_abuse,0.3297288815180461,2,0.2342,32,0,0,1729,0,0.0,1792,13
2.812624312005937,-0.21777777777777796,0,-1.9600000000000015,9,0,straddle_abuse,-0.12788345913092294,0,0.2331,32,0,0,1729,0,0.0,1920,14
2.762868923135102,-0.14444444444444451,0,-1.3000000000000007,9,0,straddle_abuse,-0.12220362822214763,0,0.2319,39,0,0,1729,0,0.0,2048,15
2.598173927515745,-0.13777777777777786,0,-1.2400000000000007,9,0,straddle_abuse,-0.10131404052178065,0,0.2307,38,0,0,1729,0,0.0,2176,16
2.7408878803253174,0.11444444444444438,1.68,1.0299999999999994,9,0,straddle_abuse,-0.10817322631676991,2,0.2296,31,0,0,1729,0,0.0,2304,17
2.5878208139911294,3.807777777777775,35.68,34.269999999999975,9,0,straddle_abuse,3.181257168451945,1,0.2284,26,0,0,1729,1,0.1111111111111111,2432,18
2.7044044379144907,-0.1211111111111112,0,-1.0900000000000007,9,0,straddle_abuse,-0.1018783301115036,0,0.2273,30,0,0,1729,0,0.0,2560,19
2.7416208665817976,3.66222222222222,19.03,32.95999999999998,9,0,straddle_abuse,2.662985404332479,9,0.2262,29,0,0,1729,0,0.0,2688,20
2.8567343847826123,0.8422222222222228,9.25,7.5800000000000045,9,0,straddle_abuse,0.13338502744833627,2,0.225,27,0,0,1729,0,0.0,2816,21
2.506203348748386,-0.11888888888888895,0,-1.0700000000000005,9,0,straddle_abuse,-0.08640384425719579,0,0.2239,24,0,0,1729,0,0.0,2944,22
2.8192908568307757,-0.014444444444444192,11.89,-0.12999999999999773,9,0,straddle_abuse,0.3252900242805481,2,0.2228,34,0,0,1729,0,0.0,3072,23
2.8062596805393696,0.031111111111110964,2.13,0.2799999999999987,9,0,straddle_abuse,-0.10178716977437337,1,0.2217,32,0,0,1729,0,0.0,3200,24
2.7876024078577757,-0.17222222222222233,0.66,-1.550000000000001,9,0,straddle_abuse,-0.13390792906284332,1,0.2206,29,0,0,1729,0,0.0,3328,25
2.7940055010840297,-0.18777777777777793,0,-1.6900000000000013,9,0,straddle_abuse,-0.1306078334649404,0,0.2195,28,0,0,1729,0,0.0,3456,26
2.7146850395947695,0.09111111111111109,7.93,0.8199999999999998,9,0,straddle_abuse,0.022880519429842632,2,0.2184,20,0,0,1729,0,0.0,3584,27
2.7780348416417837,0.6177777777777785,4,5.560000000000007,9,0,straddle_abuse,0.015131006638209024,4,0.2173,27,0,0,1729,0,0.0,3712,28
2.7617058996111155,-0.16333333333333344,0,-1.470000000000001,9,0,straddle_abuse,-0.1391921192407608,0,0.2162,22,0,0,1729,0,0.0,3840,29
2.7789772506803274,0.11111111111111113,8.05,1.0000000000000002,9,0,straddle_abuse,-0.07438745597998302,3,0.2151,30,0,0,1729,0,0.0,3968,30
2.8117561731487513,-0.171111111111111,9.25,-1.539999999999999,9,0,straddle_abuse,0.08871047695477803,2,0.214,35,0,0,1729,0,0.0,4096,31
2.8191845947876573,0.4600000000000011,11.98,4.1400000000000095,9,0,straddle_abuse,0.10317575931549072,2,0.213,27,0,0,1729,0,0.0,4224,32
2.7302385922521353,0.325555555555556,27.75,2.9300000000000037,9,0,straddle_abuse,0.6285038391749064,4,0.2119,26,0,0,1729,0,0.0,4352,33
2.5994108729064465,4.820000000000001,30.68,43.38000000000001,9,0,straddle_abuse,4.224416573842366,9,0.2108,27,0,0,1729,1,0.1111111111111111,4480,34
2.688896686770022,3.0133333333333305,28.18,27.119999999999976,9,0,straddle_abuse,3.4815797011057534,5,0.2098,27,0,0,1729,0,0.0,4608,35
2.7365433406084776,3.581111111111111,28.86,32.23,9,0,straddle_abuse,3.5507702032725015,4,0.2087,33,0,0,1729,0,0.0,4736,36
2.697525809518993,4.237777777777779,32.37,38.140000000000015,9,0,straddle_abuse,2.742728074391683,5,0.2077,23,0,0,1729,1,0.1111111111111111,4864,37
2.6183955688029528,1.1922222222222236,11.97,10.730000000000013,9,0,straddle_abuse,0.5230253338813782,4,0.2066,29,0,0,1729,0,0.0,4992,38
2.6719150682911277,0.552222222222224,5.78,4.970000000000016,9,0,straddle_abuse,0.08869209388891856,4,0.2056,16,0,0,1729,0,0.0,5120,39
2.596551416441798,0.783333333333334,12.19,7.050000000000006,9,0,straddle_abuse,0.38776950041453045,3,0.2046,23,0,0,1729,0,0.0,5248,40
2.596302148886025,-0.158888888888889,0,-1.430000000000001,9,0,straddle_abuse,-0.06824752688407898,0,0.2036,26,0,0,1729,0,0.0,5376,41
2.6811768133193254,-0.09666666666666673,0.12,-0.8700000000000006,9,0,straddle_abuse,-0.10286086549361546,1,0.2025,31,0,0,1729,0,0.0,5504,42
2.480600926093757,-0.0744444444444446,16.88,-0.6700000000000015,9,0,straddle_abuse,0.3669801950454712,5,0.2015,26,0,0,1729,0,0.0,5632,43
2.691563133150339,0.5900000000000001,6.61,5.3100000000000005,9,0,straddle_abuse,0.14546601474285126,2,0.2005,23,0,0,1729,0,0.0,5760,44
2.6505505423992872,3.5888888888888926,33.53,32.30000000000003,9,0,straddle_abuse,4.99093230565389,1,0.1995,25,0,0,1729,1,0.1111111111111111,5888,45
2.674471420235932,1.8466666666666656,18.12,16.61999999999999,9,0,straddle_abuse,1.2754688660303752,2,0.1985,25,0,0,1729,0,0.0,6016,46
2.790479456074536,-0.13555555555555562,0,-1.2200000000000006,9,0,straddle_abuse,-0.11823385457197826,0,0.1975,31,0,0,1729,0,0.0,6144,47
2.6600454822182655,-0.12777777777777788,0,-1.1500000000000008,9,0,straddle_abuse,-0.11251993477344513,0,0.1965,27,0,0,1729,0,0.0,6272,48
2.7454144060611725,-0.13777777777777786,0,-1.2400000000000007,9,0,straddle_abuse,-0.11610164493322372,0,0.1956,28,0,0,1729,0,0.0,6400,49
2.72747184894979,-0.15111111111111117,2.97,-1.3600000000000005,9,0,straddle_abuse,-0.12770015001296997,2,0.1946,27,0,0,1729,0,0.0,6528,50
2.69635624717921,0.9100000000000009,17.84,8.190000000000008,9,0,straddle_abuse,0.4858015775680542,4,0.1936,27,0,0,1729,0,0.0,6656,51
2.587164234369993,-0.13333333333333341,0,-1.2000000000000006,9,0,straddle_abuse,-0.12959065039952597,0,0.1926,25,0,0,1729,0,0.0,6784,52
2.675852471962571,-0.1411111111111112,0,-1.2700000000000007,9,0,straddle_abuse,-0.11421843866507213,0,0.1917,26,0,0,1729,0,0.0,6912,53
3.0253861602395773,2.382222222222221,23.12,21.43999999999999,9,0,straddle_abuse,2.2409592469533286,2,0.1907,26,0,0,1729,0,0.0,7040,54
2.839833799749613,-0.1766666666666668,0,-1.5900000000000012,9,0,straddle_abuse,-0.11695375541845958,0,0.1898,38,0,0,1729,0,0.0,7168,55
2.7493758779019117,1.4511111111111126,12.1,13.060000000000013,9,0,straddle_abuse,0.50423663854599,5,0.1888,21,0,0,1729,0,0.0,7296,56
2.7238924968987703,0.9277777777777787,9.96,8.350000000000009,9,0,straddle_abuse,0.10463556150595348,1,0.1879,24,0,0,1729,0,0.0,7424,57
2.794279843568802,4.982222222222225,37,44.840000000000025,9,0,straddle_abuse,4.789876778920491,3,0.1869,22,0,0,1729,1,0.1111111111111111,7552,58
2.8715659491717815,4.441111111111109,27.75,39.969999999999985,9,0,straddle_abuse,2.9743427435557046,6,0.186,28,0,0,1729,0,0.0,7680,59
2.9205168057233095,3.906666666666661,37,35.15999999999995,9,0,straddle_abuse,3.917123556137085,2,0.1851,23,0,0,1729,1,0.1111111111111111,7808,60
2.6776544842869043,0.40666666666666723,4.57,3.660000000000005,9,0,straddle_abuse,0.006077175339063008,7,0.1841,18,0,0,1729,0,0.0,7936,61
2.6538159493356943,0.3066666666666671,3.97,2.760000000000004,9,0,straddle_abuse,0.0011783937613169353,1,0.1832,19,0,0,1729,0,0.0,8064,62
2.968758264556527,1.08777777777778,11.52,9.79000000000002,9,0,straddle_abuse,0.2752724488576253,4,0.1823,22,0,0,1729,0,0.0,8192,63
2.6942719239741564,1.2888888888888927,13.22,11.600000000000035,9,0,straddle_abuse,0.5424299438794454,4,0.1814,25,0,0,1729,0,0.0,8320,64
2.7172191590070724,0.5188888888888888,6.36,4.67,9,0,straddle_abuse,0.04521354536215464,1,0.1805,31,0,0,1729,0,0.0,8448,65
2.7534225676208735,1.313333333333335,7.93,11.820000000000014,9,0,straddle_abuse,0.15389084815979004,2,0.1796,15,0,0,1729,0,0.0,8576,66
2.8421978959813714,0.7577777777777788,8.64,6.820000000000009,9,0,straddle_abuse,0.1243266115585963,1,0.1787,18,0,0,1729,0,0.0,8704,67
2.8469156734645367,-0.2633333333333329,10.27,-2.369999999999996,9,0,straddle_abuse,0.13417287170886993,1,0.1778,23,0,0,1729,0,0.0,8832,68
2.7712215250357985,-0.19555555555555568,0,-1.7600000000000011,9,0,straddle_abuse,-0.1206155742208163,0,0.1769,20,0,0,1729,0,0.0,8960,69
2.8703252831473947,-0.2055555555555557,0,-1.8500000000000014,9,0,straddle_abuse,-0.1333137253920237,0,0.176,26,0,0,1729,0,0.0,9088,70
2.824006600305438,0.20888888888888946,3.31,1.8800000000000052,9,0,straddle_abuse,-0.09947055081526439,2,0.1751,12,0,0,1729,0,0.0,9216,71
2.6849003471434116,1.2755555555555587,12.91,11.480000000000027,9,0,straddle_abuse,0.6598786115646362,2,0.1743,25,0,0,1729,0,0.0,9344,72
2.8288946766406298,0.7833333333333337,8.72,7.0500000000000025,9,0,straddle_abuse,0.10218680401643117,3,0.1734,23,0,0,1729,0,0.0,9472,73
2.7891566026955843,-0.16111111111111123,0,-1.450000000000001,9,0,straddle_abuse,-0.13003850479920706,0,0.1725,24,0,0,1729,0,0.0,9600,74
2.8735585398972034,-0.14444444444444451,1.69,-1.3000000000000007,9,0,straddle_abuse,-0.12628516554832458,2,0.1717,32,0,0,1729,0,0.0,9728,75
2.7693269290030003,0.4011111111111117,17.13,3.610000000000005,9,0,straddle_abuse,0.3702319065729777,3,0.1708,15,0,0,1729,0,0.0,9856,76
2.749686627648771,5.1588888888888915,37,46.43000000000002,9,0,straddle_abuse,6.107269287109375,4,0.1699,25,0,0,1729,1,0.1111111111111111,9984,77
2.8951443070545793,0.08333333333333348,14.94,0.7500000000000013,9,0,straddle_abuse,0.21223163108030954,2,0.1691,21,0,0,1729,0,0.0,10112,78
2.8105686688795686,-0.18777777777777793,0,-1.6900000000000013,9,0,straddle_abuse,-0.13088959952195486,0,0.1683,22,0,0,1729,0,0.0,10240,79
2.833012913353741,-0.06666666666666676,0.83,-0.6000000000000009,9,0,straddle_abuse,-0.11637584368387859,1,0.1674,21,0,0,1729,0,0.0,10368,80
2.8206987641751766,-0.05666666666666637,15.24,-0.5099999999999973,9,0,straddle_abuse,0.9740977684656779,5,0.1666,24,0,0,1729,0,0.0,10496,81
2.6642256742343307,-0.14000000000000007,0,-1.2600000000000007,9,0,straddle_abuse,-0.12712804973125458,0,0.1657,18,0,0,1729,0,0.0,10624,82
2.669684282504022,-0.12444444444444443,6.03,-1.1199999999999999,9,0,straddle_abuse,-0.08125912398099899,1,0.1649,18,0,0,1729,0,0.0,10752,83
2.8406730694696307,0.6188888888888898,7.51,5.570000000000008,9,0,straddle_abuse,0.18391293287277222,3,0.1641,16,0,0,1729,0,0.0,10880,84
2.739117513410747,-0.168888888888889,1.02,-1.5200000000000011,9,0,straddle_abuse,-0.13269482553005219,1,0.1633,14,0,0,1729,0,0.0,11008,85
2.763088373467326,2.4622222222222194,23.68,22.159999999999975,9,0,straddle_abuse,2.314843734105428,6,0.1625,17,0,0,1729,0,0.0,11136,86
2.863914459012449,-0.0999999999999997,13.87,-0.8999999999999972,9,0,straddle_abuse,0.24849450091520944,1,0.1616,13,0,0,1729,0,0.0,11264,87
2.7359102722257376,0.7044444444444458,8.01,6.340000000000011,9,0,straddle_abuse,0.08587747812271118,4,0.1608,24,0,0,1729,0,0.0,11392,88
2.789502715691924,0.338888888888889,4.5,3.050000000000001,9,0,straddle_abuse,-0.038377357025941215,2,0.16,26,0,0,1729,0,0.0,11520,89
2.894631791859865,-0.21777777777777793,0,-1.9600000000000013,9,0,straddle_abuse,-0.1340822031100591,0,0.1592,20,0,0,1729,0,0.0,11648,90
2.821591641753912,-0.1566666666666668,0,-1.410000000000001,9,0,straddle_abuse,-0.12505564093589783,0,0.1584,27,0,0,1729,0,0.0,11776,91
2.815766341984272,1.7844444444444458,9.11,16.060000000000013,9,0,straddle_abuse,0.6149064898490906,5,0.1576,21,0,0,1729,0,0.0,11904,92
2.8680668845772743,-0.18222222222222234,1.24,-1.640000000000001,9,0,straddle_abuse,-0.11421625316143036,1,0.1569,25,0,0,1729,0,0.0,12032,93
2.8444446232169867,-0.07000000000000019,2.22,-0.6300000000000017,9,0,straddle_abuse,-0.12558673322200775,5,0.1561,29,0,0,1729,0,0.0,12160,94
2.8986277962103486,-0.22666666666666677,0,-2.040000000000001,9,0,straddle_abuse,-0.13690092662970224,0,0.1553,18,0,0,1729,0,0.0,12288,95
2.9410798754543066,-0.22111111111111115,4.71,-1.9900000000000002,9,0,straddle_abuse,-0.10592718919118245,2,0.1545,20,0,0,1729,0,0.0,12416,96
2.770431699231267,3.899999999999997,37,35.09999999999997,9,0,straddle_abuse,3.396355708440145,3,0.1537,14,0,0,1729,1,0.1111111111111111,12544,97
2.8128442456945777,-0.17333333333333345,0,-1.560000000000001,9,0,straddle_abuse,-0.1388298124074936,0,0.153,20,0,0,1729,0,0.0,12672,98
2.8779862383380532,-0.18333333333333346,0,-1.6500000000000012,9,0,straddle_abuse,-0.14535520474116007,0,0.1522,27,0,0,1729,0,0.0,12800,99
2.8721995698288083,-0.20888888888888876,6.29,-1.8799999999999988,9,0,straddle_abuse,-0.0049819499254226685,1,0.25,37,1,0,1730,0,0.0,128,0
2.864065257832408,-0.21999999999999995,13.21,-1.9799999999999995,9,0,straddle_abuse,0.23715949058532715,2,0.2487,29,1,0,1730,0,0.0,256,1
2.90847148001194,0.652222222222223,7.93,5.870000000000007,9,0,straddle_abuse,0.2009047567844391,2,0.2475,44,1,0,1730,0,0.0,384,2
2.7658528815954924,1.7999999999999967,18.47,16.19999999999997,9,0,straddle_abuse,1.4931491613388062,1,0.2463,32,1,0,1730,0,0.0,512,3
2.9054130353033543,-0.2200000000000001,0,-1.980000000000001,9,0,straddle_abuse,-0.1375521421432495,0,0.245,28,1,0,1730,0,0.0,640,4
2.840489823371172,0.5066666666666673,6.14,4.560000000000005,9,0,straddle_abuse,0.033127213517824806,3,0.2438,29,1,0,1730,0,0.0,768,5
2.6960328752174973,0.9877777777777794,10.57,8.890000000000015,9,0,straddle_abuse,0.28248634934425354,1,0.2426,29,1,0,1730,0,0.0,896,6
2.984740575775504,0.08888888888888877,2.99,0.7999999999999989,9,0,straddle_abuse,-0.1017121747136116,2,0.2414,23,1,0,1730,0,0.0,1024,7
2.9905656622722745,3.943333333333333,37,35.489999999999995,9,0,straddle_abuse,6.143978913625081,2,0.2402,29,1,0,1730,1,0.1111111111111111,1152,8
2.8669950114563107,-0.26444444444444437,0,-2.3799999999999994,9,0,straddle_abuse,-0.10422750810782115,0,0.239,28,1,0,1730,0,0.0,1280,9
2.8477999437600374,-0.1466666666666668,0.69,-1.3200000000000012,9,0,straddle_abuse,-0.09652556975682576,1,0.2378,37,1,0,1730,0,0.0,1408,10
2.8040510825812817,-0.10555555555555562,0.71,-0.9500000000000006,9,0,straddle_abuse,-0.11766628672679265,1,0.2366,28,1,0,1730,0,0.0,1536,11
2.8243959425017238,0.06999999999999984,2.53,0.6299999999999986,9,0,straddle_abuse,-0.09596399714549382,2,0.2354,32,1,0,1730,0,0.0,1664,12
2.8660960141569376,-0.2322222222222223,0,-2.0900000000000007,9,0,straddle_abuse,-0.1416601538658142,0,0.2342,21,1,0,1730,0,0.0,1792,13
2.7896875329315662,-0.10777777777777786,0.69,-0.9700000000000008,9,0,straddle_abuse,-0.13144116600354513,1,0.2331,33,1,0,1730,0,0.0,1920,14
2.9464274495840073,-0.21000000000000013,0,-1.8900000000000012,9,0,straddle_abuse,-0.14262279868125916,0,0.2319,25,1,0,1730,0,0.0,2048,15
2.7499714586883783,4.879999999999999,23.17,43.91999999999999,9,0,straddle_abuse,5.041421572367351,5,0.2307,30,1,0,1730,0,0.0,2176,16
2.8060141252353787,2.0588888888888865,23.12,18.52999999999998,9,0,straddle_abuse,1.2075660228729248,2,0.2296,28,1,0,1730,0,0.0,2304,17
2.73620645981282,0.3788888888888894,10.45,3.4100000000000046,9,0,straddle_abuse,0.09555377066135406,5,0.2284,33,1,0,1730,0,0.0,2432,18
2.8698520213365555,-0.09555555555555566,0.48,-0.8600000000000009,9,0,straddle_abuse,-0.13637316226959229,1,0.2273,25,1,0,1730,0,0.0,2560,19
2.9742055870592594,-0.24111111111111116,0,-2.1700000000000004,9,0,straddle_abuse,-0.15117099384466806,0,0.2262,26,1,0,1730,0,0.0,2688,20
2.9253701213747263,1.207777777777781,13.04,10.870000000000028,9,0,straddle_abuse,0.4315768778324127,2,0.225,24,1,0,1730,0,0.0,2816,21
2.80355869513005,-0.22111111111111126,0.09,-1.9900000000000013,9,0,straddle_abuse,-0.14743694166342416,1,0.2239,29,1,0,1730,0,0.0,2944,22
2.8687848579138517,0.4133333333333342,12.85,3.7200000000000077,9,0,straddle_abuse,0.19801984230677286,4,0.2228,28,1,0,1730,0,0.0,3072,23
2.8096689796075225,-0.21888888888888902,0,-1.9700000000000013,9,0,straddle_abuse,-0.14703432222207388,0,0.2217,27,1,0,1730,0,0.0,3200,24
2.8080589435994625,2.9555555555555544,15.3,26.59999999999999,9,0,straddle_abuse,1.8866370519002278,5,0.2206,30,1,0,1730,0,0.0,3328,25
2.88901699334383,3.892222222222223,37,35.03000000000001,9,0,straddle_abuse,6.970366954803467,2,0.2195,29,1,0,1730,1,0.1111111111111111,3456,26
2.7994350362569094,0.23444444444444487,19.69,2.110000000000004,9,0,straddle_abuse,1.2546870708465576,2,0.2184,38,1,0,1730,0,0.0,3584,27
2.8736370149999857,0.6888888888888899,7.72,6.200000000000009,9,0,straddle_abuse,0.27911074956258136,5,0.2173,31,1,0,1730,0,0.0,3712,28
2.73675839882344,-0.1711111111111112,0.03,-1.540000000000001,9,0,straddle_abuse,-0.12854797641436258,1,0.2162,35,1,0,1730,0,0.0,3840,29
2.8648270573467016,-0.21444444444444452,3.56,-1.9300000000000006,9,0,straddle_abuse,-0.10371135920286179,1,0.2151,20,1,0,1730,0,0.0,3968,30
2.811294449493289,0.7155555555555565,6.47,6.440000000000008,9,0,straddle_abuse,0.017100999752680462,4,0.214,30,1,0,1730,0,0.0,4096,31
2.717597832903266,1.0733333333333361,12.81,9.660000000000025,9,0,straddle_abuse,0.49842196702957153,4,0.213,36,1,0,1730,0,0.0,4224,32
2.805147333070636,1.1755555555555572,7.57,10.580000000000014,9,0,straddle_abuse,0.20963320632775626,3,0.2119,30,1,0,1730,0,0.0,4352,33
2.6404725639149547,-0.15555555555555567,1.96,-1.400000000000001,9,0,straddle_abuse,-0.1196896880865097,1,0.2108,20,1,0,1730,0,0.0,4480,34
2.781828680075705,2.012222222222222,14.67,18.109999999999996,9,0,straddle_abuse,0.9995043079058329,2,0.2098,39,1,0,1730,0,0.0,4608,35
2.7219395618885756,-0.18888888888888902,0,-1.7000000000000013,9,0,straddle_abuse,-0.11085616052150726,0,0.2087,29,1,0,1730,0,0.0,4736,36
2.8693933859467506,0.04999999999999986,2.32,0.44999999999999873,9,0,straddle_abuse,-0.11672038833300273,2,0.2077,25,1,0,1730,0,0.0,4864,37
2.7265886813402176,0.3288888888888899,4.36,2.960000000000009,9,0,straddle_abuse,-0.0753520851333936,1,0.2066,25,1,0,1730,0,0.0,4992,38
2.846056569367647,-0.19888888888888903,0,-1.7900000000000014,9,0,straddle_abuse,-0.13740462561448416,0,0.2056,18,1,0,1730,0,0.0,5120,39
2.7758075492456555,-0.16111111111111118,0,-1.4500000000000006,9,0,straddle_abuse,-0.12843246261278787,0,0.2046,28,1,0,1730,0,0.0,5248,40
2.8878983622416854,2.1499999999999986,27.75,19.349999999999987,9,0,straddle_abuse,1.2731436491012573,2,0.2036,22,1,0,1730,0,0.0,5376,41
2.786004241555929,0.49,6.17,4.41,9,0,straddle_abuse,-0.009543965260187784,1,0.2025,34,1,0,1730,0,0.0,5504,42
2.8412298876792192,-0.20333333333333348,0.72,-1.8300000000000012,9,0,straddle_abuse,-0.1521176596482595,1,0.2015,27,1,0,1730,0,0.0,5632,43
2.7367854677140713,1.0166666666666668,19.05,9.150000000000002,9,0,straddle_abuse,0.6998453537623087,6,0.2005,35,1,0,1730,0,0.0,5760,44
2.864508006721735,0.667777777777778,15.63,6.0100000000000025,9,0,straddle_abuse,0.4721149504184723,3,0.1995,32,1,0,1730,0,0.0,5888,45
2.7884437777101994,2.5355555555555527,21.85,22.819999999999975,9,0,straddle_abuse,2.088038921356201,5,0.1985,29,1,0,1730,0,0.0,6016,46
2.8310299180448055,0.271111111111111,3.92,2.439999999999999,9,0,straddle_abuse,-0.07000542680422465,1,0.1975,19,1,0,1730,0,0.0,6144,47
2.858869470655918,-0.14222222222222233,0.47,-1.280000000000001,9,0,straddle_abuse,-0.12983904778957367,1,0.1965,21,1,0,1730,0,0.0,6272,48
2.6311293747276068,-0.1477777777777779,0,-1.330000000000001,9,0,straddle_abuse,-0.12187009304761887,0,0.1956,30,1,0,1730,0,0.0,6400,49
2.762758256867528,-0.15777777777777785,4.62,-1.4200000000000006,9,0,straddle_abuse,-0.07601841290791829,2,0.1946,31,1,0,1730,0,0.0,6528,50
2.8775774538517,-0.2322222222222223,3.97,-2.0900000000000007,9,0,straddle_abuse,-0.11966161678234737,1,0.1936,34,1,0,1730,0,0.0,6656,51
2.8843415174633265,0.07222222222222219,6.46,0.6499999999999997,9,0,straddle_abuse,-0.05056201914946238,1,0.1926,35,1,0,1730,0,0.0,6784,52
2.686210690997541,0.23111111111111177,3.46,2.080000000000006,9,0,straddle_abuse,-0.04703236619631449,5,0.1917,18,1,0,1730,0,0.0,6912,53
2.6432500556111336,-0.13111111111111112,2.59,-1.1800000000000002,9,0,straddle_abuse,-0.12682261069615683,2,0.1907,22,1,0,1730,0,0.0,7040,54
2.776346931234002,-0.19555555555555562,4.8,-1.7600000000000007,9,0,straddle_abuse,-0.04394962638616562,1,0.1898,27,1,0,1730,0,0.0,7168,55
2.612641055136919,-0.11888888888888895,12.81,-1.0700000000000005,9,0,straddle_abuse,0.20755513509114584,1,0.1888,26,1,0,1730,0,0.0,7296,56
2.7317201141268015,-0.13444444444444453,0.42,-1.2100000000000009,9,0,straddle_abuse,-0.1354535867770513,1,0.1879,23,1,0,1730,0,0.0,7424,57
2.839304890483618,-0.24777777777777793,0,-2.2300000000000013,9,0,straddle_abuse,-0.1428793023029963,0,0.1869,23,1,0,1730,0,0.0,7552,58
2.8931460306048393,-0.21444444444444458,0.12,-1.9300000000000013,9,0,straddle_abuse,-0.14027666052182516,1,0.186,23,1,0,1730,0,0.0,7680,59
2.942280052229762,3.2466666666666613,22.68,29.219999999999953,9,0,straddle_abuse,2.7471046447753906,2,0.1851,22,1,0,1730,0,0.0,7808,60
2.852445681579411,3.105555555555555,27.75,27.949999999999996,9,0,straddle_abuse,1.7389522393544514,5,0.1841,21,1,0,1730,0,0.0,7936,61
2.975157242268324,0.8933333333333368,7.39,8.040000000000031,9,0,straddle_abuse,0.15485772490501404,3,0.1832,28,1,0,1730,0,0.0,8064,62
2.8093365095555782,1.4777777777777776,10.28,13.299999999999999,9,0,straddle_abuse,0.5222383538881937,6,0.1823,20,1,0,1730,0,0.0,8192,63
2.9690709058195353,-0.2366666666666668,0,-2.1300000000000012,9,0,straddle_abuse,-0.09891183425982793,0,0.1814,24,1,0,1730,0,0.0,8320,64
2.8476906530559063,-0.23444444444444437,16.19,-2.1099999999999994,9,0,straddle_abuse,0.33444403608640033,1,0.1805,13,1,0,1730,0,0.0,8448,65
2.783628923818469,-0.17888888888888899,0,-1.610000000000001,9,0,straddle_abuse,-0.09972771008809407,0,0.1796,19,1,0,1730,0,0.0,8576,66
2.8612844171002507,2.457777777777777,23.26,22.119999999999994,9,0,straddle_abuse,3.6602500279744468,9,0.1787,26,1,0,1730,0,0.0,8704,67
2.7581021040678024,-0.1577777777777779,0,-1.420000000000001,9,0,straddle_abuse,-0.1288704052567482,0,0.1778,23,1,0,1730,0,0.0,8832,68
2.768593169748783,-0.07111111111111122,0.97,-0.640000000000001,9,0,straddle_abuse,-0.12685615321000418,1,0.1769,20,1,0,1730,0,0.0,8960,69
2.8387576565146446,2.6522222222222203,23.29,23.869999999999983,9,0,straddle_abuse,2.968278646469116,3,0.176,24,1,0,1730,0,0.0,9088,70
2.7495493218302727,3.4777777777777756,32.37,31.29999999999998,9,0,straddle_abuse,5.001923084259033,1,0.1751,20,1,0,1730,1,0.1111111111111111,9216,71
2.861424323171377,0.6555555555555567,8.54,5.90000000000001,9,0,straddle_abuse,0.380141019821167,8,0.1743,14,1,0,1730,0,0.0,9344,72
2.7335690166801214,0.34555555555555645,4.27,3.110000000000008,9,0,straddle_abuse,-0.0946027288834254,3,0.1734,18,1,0,1730,0,0.0,9472,73
2.8050622697919607,1.8722222222222191,18.5,16.849999999999973,9,0,straddle_abuse,1.5143762826919556,1,0.1725,20,1,0,1730,0,0.0,9600,74
2.881732115522027,2.0155555555555558,20.28,18.14,9,0,straddle_abuse,1.9794190724690754,5,0.1717,25,1,0,1730,0,0.0,9728,75
2.7180693624541163,0.11555555555555544,2.65,1.039999999999999,9,0,straddle_abuse,-0.08767165243625641,1,0.1708,22,1,0,1730,0,0.0,9856,76
2.6182380644604564,-0.12333333333333342,0,-1.1100000000000008,9,0,straddle_abuse,-0.12887443602085114,0,0.1699,15,1,0,1730,0,0.0,9984,77
2.8625050261616707,5.920000000000001,31.17,53.28000000000001,9,0,straddle_abuse,5.762333710988362,7,0.1691,24,1,0,1730,1,0.1111111111111111,10112,78
2.783044058829546,2.0711111111111093,20.56,18.639999999999983,9,0,straddle_abuse,1.3682856559753418,5,0.1683,15,1,0,1730,0,0.0,10240,79
2.83359650708735,0.5022222222222226,9.91,4.520000000000003,9,0,straddle_abuse,0.05464767416318258,2,0.1674,26,1,0,1730,0,0.0,10368,80
2.925986437126994,0.3666666666666679,4.84,3.3000000000000114,9,0,straddle_abuse,-0.043364805479844414,1,0.1666,21,1,0,1730,0,0.0,10496,81
2.738198012113571,0.27777777777777835,3.81,2.500000000000005,9,0,straddle_abuse,-0.05350823700428009,2,0.1657,19,1,0,1730,0,0.0,10624,82
2.8751097060739994,0.08444444444444439,6.27,0.7599999999999996,9,0,straddle_abuse,0.010706454515457153,4,0.1649,22,1,0,1730,0,0.0,10752,83
2.8347519244998693,2.2744444444444456,12.81,20.47000000000001,9,0,straddle_abuse,0.4525785843531291,7,0.1641,27,1,0,1730,0,0.0,10880,84
2.9050660487264395,1.9233333333333273,19.17,17.309999999999945,9,0,straddle_abuse,0.9231475989023844,5,0.1633,24,1,0,1730,0,0.0,11008,85
2.8817485235631466,0.7755555555555561,8.8,6.980000000000005,9,0,straddle_abuse,0.13127543528874716,3,0.1625,14,1,0,1730,0,0.0,11136,86
2.682417631149292,0.752222222222223,11.99,6.770000000000007,9,0,straddle_abuse,0.3087818423906962,8,0.1616,24,1,0,1730,0,0.0,11264,87
2.7849094588309526,-0.16333333333333344,0,-1.4700000000000009,9,0,straddle_abuse,-0.12172412623961766,0,0.1608,23,1,0,1730,0,0.0,11392,88
2.733601499348879,1.8433333333333306,10.79,16.589999999999975,9,0,straddle_abuse,0.39976994196573895,7,0.16,23,1,0,1730,0,0.0,11520,89
2.7801789734512568,0.6533333333333344,6.5,5.88000000000001,9,0,straddle_abuse,-0.003552029530207316,5,0.1592,11,1,0,1730,0,0.0,11648,90
2.8423111084848642,1.5944444444444454,27.75,14.350000000000009,9,0,straddle_abuse,1.5056530237197876,1,0.1584,25,1,0,1730,0,0.0,11776,91
2.7937810849398375,1.371111111111114,9.76,12.340000000000027,9,0,straddle_abuse,0.2757407526175181,2,0.1576,20,1,0,1730,0,0.0,11904,92
2.877624411135912,0.7244444444444457,13.87,6.520000000000011,9,0,straddle_abuse,0.25345298647880554,3,0.1569,20,1,0,1730,0,0.0,12032,93
2.7484674863517284,4.471111111111112,27.75,40.24000000000001,9,0,straddle_abuse,2.832887331644694,6,0.1561,18,1,0,1730,0,0.0,12160,94
2.6585360737517476,-0.15777777777777788,0,-1.4200000000000008,9,0,straddle_abuse,-0.07770221680402756,0,0.1553,17,1,0,1730,0,0.0,12288,95
2.7338510267436504,-0.1600000000000001,3.53,-1.4400000000000008,9,0,straddle_abuse,-0.06881161034107208,1,0.1545,27,1,0,1730,0,0.0,12416,96
2.928182647563517,1.4388888888888918,10.99,12.950000000000026,9,0,straddle_abuse,0.44307416677474976,6,0.1537,9,1,0,1730,0,0.0,12544,97
2.926031904295087,0.7266666666666679,17.84,6.540000000000011,9,0,straddle_abuse,1.4532781044642131,6,0.153,21,1,0,1730,0,0.0,12672,98
2.934791849926114,-0.208888888888889,0,-1.8800000000000012,9,0,straddle_abuse,-0.12016620486974716,0,0.1522,12,1,0,1730,0,0.0,12800,99
2.998373493552208,-0.31000000000000005,0,-2.7900000000000005,9,0,straddle_abuse,-0.15713655451933542,0,0.25,28,2,0,1731,0,0.0,128,0
2.684570785611868,0.5811111111111115,6.89,5.230000000000003,9,0,straddle_abuse,0.12683460116386414,2,0.2487,33,2,0,1731,0,0.0,256,1
2.767125243321061,-0.22222222222222238,0.21,-2.0000000000000013,9,0,straddle_abuse,-0.13656911750634512,1,0.2475,29,2,0,1731,0,0.0,384,2
2.6760909724980593,1.8611111111111103,26.43,16.749999999999993,9,0,straddle_abuse,1.6317193110783894,1,0.2463,31,2,0,1731,0,0.0,512,3
2.741066697984934,-0.18666666666666681,0,-1.6800000000000013,9,0,straddle_abuse,-0.14673846463362375,0,0.245,29,2,0,1731,0,0.0,640,4
2.7469974532723427,-0.20777777777777795,0,-1.8700000000000014,9,0,straddle_abuse,-0.14289556940396628,0,0.2438,32,2,0,1731,0,0.0,768,5
2.76826960593462,1.2622222222222235,8.72,11.360000000000012,9,0,straddle_abuse,0.34831658999125165,3,0.2426,29,2,0,1731,0,0.0,896,6
2.732077745720744,-0.15555555555555564,0.04,-1.4000000000000008,9,0,straddle_abuse,-0.14769547681013742,1,0.2414,34,2,0,1731,0,0.0,1024,7
2.718156171962619,3.9533333333333323,37,35.57999999999999,9,0,straddle_abuse,4.075812339782715,1,0.2402,28,2,0,1731,1,0.1111111111111111,1152,8
2.8103147111833096,-0.17555555555555566,0,-1.580000000000001,9,0,straddle_abuse,-0.1378515660762787,0,0.239,36,2,0,1731,0,0.0,1280,9
2.876912087202072,0.02444444444444432,2.27,0.2199999999999989,9,0,straddle_abuse,-0.12829513351122537,1,0.2378,28,2,0,1731,0,0.0,1408,10
2.6521612610667944,4.747777777777774,37,42.72999999999997,9,0,straddle_abuse,3.6160945892333984,2,0.2366,28,2,0,1731,1,0.1111111111111111,1536,11
2.6978965122252703,1.2466666666666668,12.95,11.22,9,0,straddle_abuse,0.47473310430844623,2,0.2354,33,2,0,1731,0,0.0,1664,12
2.7029911763966084,-0.20111111111111127,0,-1.8100000000000014,9,0,straddle_abuse,-0.1112683763106664,0,0.2342,30,2,0,1731,0,0.0,1792,13
2.750432097353041,-0.20888888888888885,5.43,-1.8799999999999997,9,0,straddle_abuse,0.05031543473402659,3,0.2331,31,2,0,1731,0,0.0,1920,14
2.8428063997998834,1.9799999999999938,28.78,17.819999999999943,9,0,straddle_abuse,2.3572331269582114,4,0.2319,29,2,0,1731,0,0.0,2048,15
2.6571868397295475,1.1088888888888915,11.3,9.980000000000024,9,0,straddle_abuse,0.48641029993693036,2,0.2307,32,2,0,1731,0,0.0,2176,16
2.652624437585473,0.15666666666666693,13.87,1.4100000000000024,9,0,straddle_abuse,0.20549616714318594,4,0.2296,27,2,0,1731,0,0.0,2304,17
2.624890527687967,-0.19222222222222235,0,-1.730000000000001,9,0,straddle_abuse,-0.12262798597415288,0,0.2284,28,2,0,1731,0,0.0,2432,18
2.747311946004629,-0.1688888888888888,5.29,-1.5199999999999994,9,0,straddle_abuse,-0.004426673054695129,1,0.2273,32,2,0,1731,0,0.0,2560,19
2.6286448864266276,-0.030000000000000075,1,-0.2700000000000007,9,0,straddle_abuse,-0.10206059614817302,1,0.2262,31,2,0,1731,0,0.0,2688,20
2.663978640921414,1.7266666666666668,10.27,15.540000000000001,9,0,straddle_abuse,0.5486049254735311,3,0.225,29,2,0,1731,0,0.0,2816,21
2.670044982805848,4.086666666666661,24.26,36.779999999999944,9,0,straddle_abuse,3.7672528425852456,4,0.2239,30,2,0,1731,0,0.0,2944,22
2.671256265603006,-0.13888888888888898,0,-1.2500000000000009,9,0,straddle_abuse,-0.12637570252021155,0,0.2228,27,2,0,1731,0,0.0,3072,23
2.496042682789266,-0.10888888888888897,0,-0.9800000000000006,9,0,straddle_abuse,-0.08992749204238255,0,0.2217,29,2,0,1731,0,0.0,3200,24
2.7800734099000692,-0.18444444444444452,0,-1.6600000000000008,9,0,straddle_abuse,-0.11297598729530971,0,0.2206,32,2,0,1731,0,0.0,3328,25
2.6189661789685488,2.2288888888888865,27.75,20.059999999999977,9,0,straddle_abuse,2.1691216627756753,10,0.2195,29,2,0,1731,0,0.0,3456,26
2.821596789173782,3.7511111111111095,35.68,33.759999999999984,9,0,straddle_abuse,4.4256049791971845,2,0.2184,29,2,0,1731,1,0.1111111111111111,3584,27
2.566035826690495,0.7933333333333334,8.47,7.140000000000001,9,0,straddle_abuse,0.26233794291814166,1,0.2173,22,2,0,1731,0,0.0,3712,28
2.602096751332283,1.2100000000000002,16.47,10.890000000000002,9,0,straddle_abuse,0.4496142268180847,8,0.2162,31,2,0,1731,0,0.0,3840,29
2.5292852483689785,5.663333333333326,23.79,50.969999999999935,9,0,straddle_abuse,4.414952437082927,9,0.2151,25,2,0,1731,0,0.0,3968,30
2.586010185070336,3.993333333333334,37,35.940000000000005,9,0,straddle_abuse,6.361792087554932,2,0.214,32,2,0,1731,1,0.1111111111111111,4096,31
2.5884632486850023,-0.15333333333333343,0,-1.3800000000000008,9,0,straddle_abuse,0.09436261157194774,0,0.213,21,2,0,1731,0,0.0,4224,32
2.6324689527973533,1.3066666666666693,6.55,11.760000000000025,9,0,straddle_abuse,0.2860517005125682,3,0.2119,20,2,0,1731,0,0.0,4352,33
2.538212513551116,-0.10666666666666673,0,-0.9600000000000005,9,0,straddle_abuse,0.06971389055252075,0,0.2108,21,2,0,1731,0,0.0,4480,34
2.5976164266467094,0.021111111111111042,1.3,0.1899999999999994,9,0,straddle_abuse,-0.04150353620449702,2,0.2098,24,2,0,1731,0,0.0,4608,35
2.735650178976357,-0.18444444444444455,0,-1.660000000000001,9,0,straddle_abuse,-0.07961175342400868,0,0.2087,29,2,0,1731,0,0.0,4736,36
2.749474659562111,10.278888888888883,37,92.50999999999995,9,0,straddle_abuse,14.812304178873697,6,0.2077,19,2,0,1731,2,0.2222222222222222,4864,37
2.650763058103621,-0.11666666666666672,0,-1.0500000000000005,9,0,straddle_abuse,-0.131963183482488,0,0.2066,19,2,0,1731,0,0.0,4992,38
2.6792349284514785,0.8888888888888891,27.71,8.000000000000002,9,0,straddle_abuse,1.7935961882273357,4,0.2056,29,2,0,1731,0,0.0,5120,39
2.62365092523396,0.3255555555555559,3.97,2.930000000000003,9,0,straddle_abuse,-0.05415735145409902,3,0.2046,19,2,0,1731,0,0.0,5248,40
2.5513854501768947,4.507777777777777,28.78,40.56999999999999,9,0,straddle_abuse,2.7947558561960855,2,0.2036,20,2,0,1731,0,0.0,5376,41
2.7736358223482966,-0.017777777777777636,4.98,-0.15999999999999873,9,0,straddle_abuse,-0.039704300463199615,1,0.2025,27,2,0,1731,0,0.0,5504,42
2.717124075628817,7.909999999999997,37,71.18999999999997,9,0,straddle_abuse,12.020557403564453,3,0.2015,28,2,0,1731,2,0.2222222222222222,5632,43
2.6974177416414022,-0.1455555555555556,0.18,-1.3100000000000005,9,0,straddle_abuse,-0.11197776595751445,1,0.2005,25,2,0,1731,0,0.0,5760,44
2.80157158896327,2.8655555555555514,23.12,25.789999999999964,9,0,straddle_abuse,2.4689130783081055,6,0.1995,25,2,0,1731,0,0.0,5888,45
2.801468174904585,1.0955555555555583,12.81,9.860000000000024,9,0,straddle_abuse,0.36224255959192914,2,0.1985,32,2,0,1731,0,0.0,6016,46
2.8675880460068583,-0.18555555555555567,0,-1.670000000000001,9,0,straddle_abuse,-0.10998102525870006,0,0.1975,22,2,0,1731,0,0.0,6144,47
2.8045657789334655,2.576666666666666,27.75,23.189999999999994,9,0,straddle_abuse,1.5476984977722168,5,0.1965,20,2,0,1731,0,0.0,6272,48
2.5612027756869793,1.2055555555555555,6.66,10.85,9,0,straddle_abuse,0.16770696640014648,7,0.1956,22,2,0,1731,0,0.0,6400,49
2.7214994560927153,0.2511111111111119,9.96,2.260000000000007,9,0,straddle_abuse,0.02742442488670349,4,0.1946,22,2,0,1731,0,0.0,6528,50
2.702719919383526,-0.1466666666666667,5.39,-1.3200000000000003,9,0,straddle_abuse,-0.05424600342909495,2,0.1936,26,2,0,1731,0,0.0,6656,51
2.8578513963148,0.00999999999999996,4.55,0.08999999999999965,9,0,straddle_abuse,-0.09259198109308879,2,0.1926,35,2,0,1731,0,0.0,6784,52
2.7652490651234984,2.063333333333331,19.65,18.569999999999975,9,0,straddle_abuse,1.6690069834391277,6,0.1917,16,2,0,1731,0,0.0,6912,53
2.61933708563447,2.3233333333333333,25.69,20.91,9,0,straddle_abuse,1.3897264798482258,3,0.1907,34,2,0,1731,0,0.0,7040,54
2.7963795736432076,-0.16000000000000014,7.12,-1.4400000000000013,9,0,straddle_abuse,-0.04946465541919073,1,0.1898,26,2,0,1731,0,0.0,7168,55
2.7634507212787867,-0.1822222222222223,2.88,-1.6400000000000008,9,0,straddle_abuse,-0.11220848560333252,1,0.1888,23,2,0,1731,0,0.0,7296,56
2.7431572964414954,-0.17111111111111124,0,-1.5400000000000011,9,0,straddle_abuse,-0.10582951953013738,0,0.1879,33,2,0,1731,0,0.0,7424,57
2.7085720831528306,1.0800000000000025,7.58,9.720000000000022,9,0,straddle_abuse,0.16461152335007986,5,0.1869,30,2,0,1731,0,0.0,7552,58
2.918460166081786,3.7733333333333317,26.09,33.95999999999999,9,0,straddle_abuse,2.884768565495809,7,0.186,21,2,0,1731,0,0.0,7680,59
2.9580683168023825,-0.2144444444444446,0,-1.9300000000000015,9,0,straddle_abuse,-0.1283982346455256,0,0.1851,17,2,0,1731,0,0.0,7808,60
2.849081812426448,-0.1899999999999998,11.9,-1.7099999999999982,9,0,straddle_abuse,0.6608197689056396,4,0.1841,22,2,0,1731,0,0.0,7936,61
2.901625270023942,0.33111111111111147,25.72,2.980000000000003,9,0,straddle_abuse,1.380374550819397,2,0.1832,31,2,0,1731,0,0.0,8064,62
2.7687114076688886,0.9911111111111125,14.87,8.920000000000012,9,0,straddle_abuse,1.239154537518819,6,0.1823,20,2,0,1731,0,0.0,8192,63
2.7104371208697557,-0.18555555555555528,17.84,-1.6699999999999975,9,0,straddle_abuse,1.109639048576355,5,0.1814,17,2,0,1731,0,0.0,8320,64
2.7223376790061593,-0.21111111111111097,8.72,-1.8999999999999988,9,0,straddle_abuse,0.04899210731188456,4,0.1805,29,2,0,1731,0,0.0,8448,65
2.673847831785679,0.1722222222222221,2.82,1.549999999999999,9,0,straddle_abuse,-0.06341434270143509,1,0.1796,21,2,0,1731,0,0.0,8576,66
2.8457636339589953,0.5711111111111115,9.42,5.140000000000003,9,0,straddle_abuse,0.2547252873579661,3,0.1787,20,2,0,1731,0,0.0,8704,67
2.6558122020214796,1.2877777777777784,8.49,11.590000000000005,9,0,straddle_abuse,0.31616949041684467,3,0.1778,30,2,0,1731,0,0.0,8832,68
2.7665025601163507,2.2177777777777776,20.56,19.959999999999997,9,0,straddle_abuse,1.0870110193888347,4,0.1769,20,2,0,1731,0,0.0,8960,69
2.6556780822575092,-0.1711111111111112,0,-1.540000000000001,9,0,straddle_abuse,-0.0851690669854482,0,0.176,19,2,0,1731,0,0.0,9088,70
2.8085723593831062,2.497777777777779,16.82,22.48000000000001,9,0,straddle_abuse,1.263504187266032,3,0.1751,24,2,0,1731,0,0.0,9216,71
2.7461722809821367,-0.1544444444444445,1.66,-1.3900000000000006,9,0,straddle_abuse,-0.037577773133913674,2,0.1743,19,2,0,1731,0,0.0,9344,72
2.7693668380379677,-0.15222222222222231,0,-1.3700000000000008,9,0,straddle_abuse,-0.06431818256775539,0,0.1734,23,2,0,1731,0,0.0,9472,73
2.71792814694345,-0.13777777777777786,3.03,-1.2400000000000007,9,0,straddle_abuse,-0.06887111564477284,3,0.1725,26,2,0,1731,0,0.0,9600,74
2.858149591833353,-0.21111111111111128,0,-1.9000000000000015,9,0,straddle_abuse,-0.11792195339997609,0,0.1717,22,2,0,1731,0,0.0,9728,75
2.7235937155783176,-0.21555555555555572,1.65,-1.9400000000000015,9,0,straddle_abuse,-0.11290396749973297,1,0.1708,25,2,0,1731,0,0.0,9856,76
2.698335936293006,3.721111111111109,34.69,33.48999999999998,9,0,straddle_abuse,3.552233854929606,2,0.1699,13,2,0,1731,1,0.1111111111111111,9984,77
2.8480870313942432,2.442222222222224,10.67,21.980000000000015,9,0,straddle_abuse,0.7042104601860046,4,0.1691,29,2,0,1731,0,0.0,10112,78
2.8610033905133605,0.07222222222222209,9.99,0.6499999999999988,9,0,straddle_abuse,-0.018237036963303883,2,0.1683,19,2,0,1731,0,0.0,10240,79
2.7675857562571764,2.358888888888887,16.38,21.229999999999983,9,0,straddle_abuse,1.2614222764968872,4,0.1674,29,2,0,1731,0,0.0,10368,80
2.665032748132944,3.768888888888889,32.96,33.92,9,0,straddle_abuse,4.626192410786946,4,0.1666,12,2,0,1731,1,0.1111111111111111,10496,81
2.7693321481347084,0.3944444444444444,4.97,3.5499999999999994,9,0,straddle_abuse,-0.01966203252474467,1,0.1657,17,2,0,1731,0,0.0,10624,82
2.718415206298232,5.175555555555558,18.28,46.58000000000002,9,0,straddle_abuse,2.4844373067220054,9,0.1649,21,2,0,1731,0,0.0,10752,83
2.799737566150725,1.910000000000001,17.67,17.19000000000001,9,0,straddle_abuse,0.9113325079282125,6,0.1641,10,2,0,1731,0,0.0,10880,84
2.604557200334966,-0.10888888888888884,7.2,-0.9799999999999995,9,0,straddle_abuse,0.09716639916102092,1,0.1633,16,2,0,1731,0,0.0,11008,85
2.7369483383372426,3.1644444444444444,29.79,28.48,9,0,straddle_abuse,2.883954922358195,3,0.1625,29,2,0,1731,0,0.0,11136,86
2.783052321523428,-0.17333333333333323,10.27,-1.559999999999999,9,0,straddle_abuse,0.051374788085619606,3,0.1616,16,2,0,1731,0,0.0,11264,87
2.5660084458068013,0.0933333333333333,6.69,0.8399999999999996,9,0,straddle_abuse,-0.0041017283995946245,2,0.1608,21,2,0,1731,0,0.0,11392,88
2.7223135605454445,2.1866666666666648,19.92,19.679999999999982,9,0,straddle_abuse,1.4679510593414307,5,0.16,19,2,0,1731,0,0.0,11520,89
2.722156007774174,-0.026666666666666634,3.44,-0.2399999999999997,9,0,straddle_abuse,-0.04827016592025757,8,0.1592,25,2,0,1731,0,0.0,11648,90
2.8408625032752752,-0.15666666666666676,0,-1.4100000000000008,9,0,straddle_abuse,-0.12215062975883484,0,0.1584,15,2,0,1731,0,0.0,11776,91
2.6179338451474905,6.010000000000001,23.79,54.09,9,0,straddle_abuse,2.8063622315724692,12,0.1576,16,2,0,1731,0,0.0,11904,92
2.729145825840533,-0.15777777777777785,0,-1.4200000000000006,9,0,straddle_abuse,-0.10797518243392308,0,0.1569,25,2,0,1731,0,0.0,12032,93
2.7749052681028843,0.5288888888888892,3.42,4.7600000000000025,9,0,straddle_abuse,-0.05444064984718958,3,0.1561,17,2,0,1731,0,0.0,12160,94
2.4345709793269634,0.09666666666666697,7.61,0.8700000000000028,9,0,straddle_abuse,0.08845123648643494,3,0.1553,20,2,0,1731,0,0.0,12288,95
2.559869199991226,2.1199999999999988,23.12,19.079999999999988,9,0,straddle_abuse,2.470094601313273,8,0.1545,13,2,0,1731,0,0.0,12416,96
2.739314022473991,-0.11666666666666675,0.95,-1.0500000000000007,9,0,straddle_abuse,-0.11000454425811768,1,0.1537,22,2,0,1731,0,0.0,12544,97
2.756194488145411,1.5711111111111145,12.71,14.14000000000003,9,0,straddle_abuse,0.3337227801481883,5,0.153,18,2,0,1731,0,0.0,12672,98
2.521271306090057,2.9633333333333316,18.31,26.669999999999984,9,0,straddle_abuse,1.4462252060572307,3,0.1522,17,2,0,1731,0,0.0,12800,99
2.987267017364502,0.14333333333333312,3.86,1.289999999999998,9,0,straddle_abuse,-0.08642950157324474,1,0.25,31,3,0,1732,0,0.0,128,0
2.897070376202464,-0.26333333333333325,17.08,-2.369999999999999,9,0,straddle_abuse,0.49725571274757385,1,0.2487,33,3,0,1732,0,0.0,256,1
2.8848957121372223,0.20555555555555552,3.97,1.8499999999999996,9,0,straddle_abuse,-0.07307612399260204,1,0.2475,33,3,0,1732,0,0.0,384,2
2.7469944721087813,3.761111111111108,35.68,33.84999999999997,9,0,straddle_abuse,5.300446351369222,3,0.2463,31,3,0,1732,1,0.1111111111111111,512,3
2.9034545440226793,-0.22555555555555568,0,-2.030000000000001,9,0,straddle_abuse,-0.1332464317480723,0,0.245,38,3,0,1732,0,0.0,640,4
2.884058183990419,-0.21555555555555572,0,-1.9400000000000015,9,0,straddle_abuse,-0.13719328244527182,0,0.2438,36,3,0,1732,0,0.0,768,5
2.6477991696447134,-0.1600000000000001,0,-1.4400000000000008,9,0,straddle_abuse,-0.13494881490866342,0,0.2426,23,3,0,1732,0,0.0,896,6
2.8350142473354936,0.2444444444444451,3.27,2.200000000000006,9,0,straddle_abuse,-0.0888630747795105,3,0.2414,30,3,0,1732,0,0.0,1024,7
2.975317212752998,1.9066666666666623,19.31,17.15999999999996,9,0,straddle_abuse,1.8583829800287883,1,0.2402,23,3,0,1732,0,0.0,1152,8
2.6913691870868206,-0.15777777777777785,0,-1.4200000000000006,9,0,straddle_abuse,-0.12095332145690918,0,0.239,26,3,0,1732,0,0.0,1280,9
2.68220645096153,2.9588888888888865,27.99,26.629999999999978,9,0,straddle_abuse,3.722991943359375,5,0.2378,23,3,0,1732,0,0.0,1408,10
2.922568591311574,0.746666666666669,8.84,6.720000000000021,9,0,straddle_abuse,0.23112601041793823,2,0.2366,34,3,0,1732,0,0.0,1536,11
2.641831216402352,-0.11888888888888899,0.3,-1.070000000000001,9,0,straddle_abuse,-0.10560833662748337,1,0.2354,31,3,0,1732,0,0.0,1664,12
2.6630678046494722,0.3688888888888897,4.59,3.3200000000000074,9,0,straddle_abuse,-0.050808062156041466,2,0.2342,26,3,0,1732,0,0.0,1792,13
2.6583736212924123,0.014444444444444319,1.49,0.12999999999999887,9,0,straddle_abuse,-0.11017587532599767,1,0.2331,23,3,0,1732,0,0.0,1920,14
2.8550087520852685,0.87666666666667,9.99,7.89000000000003,9,0,straddle_abuse,0.6036671201388041,2,0.2319,38,3,0,1732,0,0.0,2048,15
2.649577993899584,2.48111111111111,24.25,22.329999999999988,9,0,straddle_abuse,1.7618279854456584,5,0.2307,32,3,0,1732,0,0.0,2176,16
2.712842680513859,4.3111111111111144,26.4,38.80000000000003,9,0,straddle_abuse,2.9885102907816568,5,0.2296,35,3,0,1732,0,0.0,2304,17
2.638495503924787,1.0955555555555585,11.15,9.860000000000026,9,0,straddle_abuse,0.41544129451115924,1,0.2284,38,3,0,1732,0,0.0,2432,18
2.677183723077178,1.12,8.62,10.08,9,0,straddle_abuse,0.1672622710466385,3,0.2273,33,3,0,1732,0,0.0,2560,19
2.701762180775404,-0.14666666666666664,3.8,-1.3199999999999998,9,0,straddle_abuse,-0.01936396211385727,1,0.2262,28,3,0,1732,0,0.0,2688,20
2.8336315965279937,-0.20333333333333348,0,-1.8300000000000012,9,0,straddle_abuse,-0.09128387769063313,0,0.225,27,3,0,1732,0,0.0,2816,21
2.7613513190299273,-0.14000000000000007,0,-1.2600000000000007,9,0,straddle_abuse,-0.10160493850708008,0,0.2239,29,3,0,1732,0,0.0,2944,22
2.71748633030802,-0.168888888888889,0,-1.5200000000000011,9,0,straddle_abuse,-0.1175105447570483,0,0.2228,37,3,0,1732,0,0.0,3072,23
2.8712120056152344,-0.23333333333333334,24.43,-2.1,9,0,straddle_abuse,0.7440487742424011,1,0.2217,25,3,0,1732,0,0.0,3200,24
2.7503723399713635,3.1966666666666654,19.35,28.76999999999999,9,0,straddle_abuse,2.502300977706909,3,0.2206,27,3,0,1732,0,0.0,3328,25
2.5942698353901505,-0.13888888888888945,16.99,-1.250000000000005,9,0,straddle_abuse,0.6697800358136495,1,0.2195,40,3,0,1732,0,0.0,3456,26
2.8814727067947388,0.39000000000000046,2.84,3.5100000000000042,9,0,straddle_abuse,-0.04972877353429794,3,0.2184,17,3,0,1732,0,0.0,3584,27
2.745935210958123,2.3422222222222198,15.82,21.079999999999977,9,0,straddle_abuse,1.319652517636617,3,0.2173,19,3,0,1732,0,0.0,3712,28
2.8855556659400463,-0.1944444444444446,0,-1.7500000000000013,9,0,straddle_abuse,-0.13502375781536102,0,0.2162,24,3,0,1732,0,0.0,3840,29
2.7204016307368875,2.3722222222222227,13.96,21.350000000000005,9,0,straddle_abuse,1.01707657178243,7,0.2151,33,3,0,1732,0,0.0,3968,30
2.8116568960249424,0.15222222222222265,7.33,1.3700000000000039,9,0,straddle_abuse,-0.03204838186502457,2,0.214,25,3,0,1732,0,0.0,4096,31
2.7528701359406114,-0.16555555555555568,0,-1.490000000000001,9,0,straddle_abuse,-0.12318048626184464,0,0.213,27,3,0,1732,0,0.0,4224,32
2.7376609724014997,0.15000000000000052,3.35,1.3500000000000048,9,0,straddle_abuse,-0.09755104780197144,2,0.2119,27,3,0,1732,0,0.0,4352,33
2.6864634454250336,-0.14000000000000024,27.75,-1.2600000000000022,9,0,straddle_abuse,1.2711506287256877,1,0.2108,28,3,0,1732,0,0.0,4480,34
2.76538616605103,-0.17444444444444454,0,-1.570000000000001,9,0,straddle_abuse,-0.14405722419420877,0,0.2098,27,3,0,1732,0,0.0,4608,35
2.7308680675923824,-0.13777777777777786,1.22,-1.2400000000000007,9,0,straddle_abuse,-0.12444507827361424,2,0.2087,28,3,0,1732,0,0.0,4736,36
2.671015444211662,1.787777777777777,17.45,16.089999999999993,9,0,straddle_abuse,1.4586376746495564,5,0.2077,24,3,0,1732,0,0.0,4864,37
2.721732158213854,3.7233333333333314,35.33,33.509999999999984,9,0,straddle_abuse,4.983368873596191,2,0.2066,24,3,0,1732,1,0.1111111111111111,4992,38
2.6216285694390535,3.9622222222222216,37,35.66,9,0,straddle_abuse,4.679737408955892,3,0.2056,29,3,0,1732,1,0.1111111111111111,5120,39
2.7435668148100376,-0.06555555555555564,1.01,-0.5900000000000009,9,0,straddle_abuse,-0.12174637118975322,1,0.2046,32,3,0,1732,0,0.0,5248,40
2.82847651373595,2.2755555555555502,22.41,20.47999999999995,9,0,straddle_abuse,1.350524107615153,1,0.2036,30,3,0,1732,0,0.0,5376,41
2.729479754343629,0.5988888888888896,7.12,5.390000000000006,9,0,straddle_abuse,0.1961513807376226,3,0.2025,29,3,0,1732,0,0.0,5504,42
2.557514438405633,0.20444444444444476,3.22,1.840000000000003,9,0,straddle_abuse,-0.0733938639362653,1,0.2015,34,3,0,1732,0,0.0,5632,43
2.5971532380208373,1.6366666666666692,15.86,14.730000000000022,9,0,straddle_abuse,1.2628947496414185,7,0.2005,29,3,0,1732,0,0.0,5760,44
2.8016047487035394,5.631111111111116,35.68,50.68000000000004,9,0,straddle_abuse,5.400328159332275,5,0.1995,22,3,0,1732,1,0.1111111111111111,5888,45
2.7414968106895685,5.8877777777777744,32.5,52.989999999999974,9,0,straddle_abuse,5.3116146723429365,4,0.1985,30,3,0,1732,1,0.1111111111111111,6016,46
2.554224591702223,3.445555555555554,32.37,31.009999999999987,9,0,straddle_abuse,3.2962265014648438,2,0.1975,29,3,0,1732,1,0.1111111111111111,6144,47
2.7548032393679023,-0.17444444444444426,11.16,-1.5699999999999983,9,0,straddle_abuse,0.5092303355534872,5,0.1965,29,3,0,1732,0,0.0,6272,48
2.722358119674027,2.9022222222222234,17.61,26.12000000000001,9,0,straddle_abuse,1.6158482631047566,2,0.1956,24,3,0,1732,0,0.0,6400,49
2.714982251636684,-0.13111111111111112,13.63,-1.1800000000000002,9,0,straddle_abuse,0.6062798102696737,3,0.1946,18,3,0,1732,0,0.0,6528,50
2.597436743788421,0.904444444444447,9.5,8.140000000000024,9,0,straddle_abuse,0.2990103264649709,2,0.1936,24,3,0,1732,0,0.0,6656,51
2.609580783173442,3.74888888888889,34.78,33.74000000000001,9,0,straddle_abuse,4.920585950215657,1,0.1926,26,3,0,1732,1,0.1111111111111111,6784,52
2.677629274316132,0.3555555555555558,15.42,3.200000000000002,9,0,straddle_abuse,0.9854189356168112,9,0.1917,30,3,0,1732,0,0.0,6912,53
2.500194689258933,4.3844444444444495,37,39.46000000000004,9,0,straddle_abuse,4.885760148366292,5,0.1907,21,3,0,1732,1,0.1111111111111111,7040,54
2.6491574812680483,3.0044444444444434,15.42,27.03999999999999,9,0,straddle_abuse,1.103779395421346,4,0.1898,18,3,0,1732,0,0.0,7168,55
2.6889432026073337,0.8366666666666664,23.78,7.5299999999999985,9,0,straddle_abuse,0.6997313499450684,1,0.1888,22,3,0,1732,0,0.0,7296,56
2.8782442584633827,1.7555555555555555,15.15,15.8,9,0,straddle_abuse,1.0205525159835815,4,0.1879,23,3,0,1732,0,0.0,7424,57
2.7203788943588734,0.5333333333333337,5.95,4.800000000000003,9,0,straddle_abuse,0.01741410295168559,1,0.1869,18,3,0,1732,0,0.0,7552,58
2.671080849133432,0.15555555555555559,4.62,1.4000000000000004,9,0,straddle_abuse,-0.01209456225236257,5,0.186,25,3,0,1732,0,0.0,7680,59
2.772891955450177,-0.14888888888888896,6.82,-1.3400000000000005,9,0,straddle_abuse,0.006260494391123454,1,0.1851,19,3,0,1732,0,0.0,7808,60
2.636438962072134,-0.13333333333333341,0,-1.2000000000000006,9,0,straddle_abuse,-0.11088001728057861,0,0.1841,24,3,0,1732,0,0.0,7936,61
2.7043902715668082,0.37888888888889044,5.04,3.410000000000014,9,0,straddle_abuse,-0.013038143515586853,2,0.1832,20,3,0,1732,0,0.0,8064,62
2.761773558333516,1.003333333333334,10.74,9.030000000000006,9,0,straddle_abuse,0.510106603304545,1,0.1823,27,3,0,1732,0,0.0,8192,63
2.8268545428290963,-0.1966666666666668,0,-1.7700000000000011,9,0,straddle_abuse,-0.12969836592674255,0,0.1814,31,3,0,1732,0,0.0,8320,64
2.730169393122196,-0.1977777777777779,0,-1.7800000000000011,9,0,straddle_abuse,-0.13020947575569153,0,0.1805,25,3,0,1732,0,0.0,8448,65
2.7938822135329247,3.251111111111113,18.5,29.26000000000002,9,0,straddle_abuse,1.984350562095642,5,0.1796,28,3,0,1732,0,0.0,8576,66
2.6170259211212397,1.4411111111111121,9.25,12.97000000000001,9,0,straddle_abuse,0.3681596517562866,2,0.1787,22,3,0,1732,0,0.0,8704,67
2.889804121106863,0.33444444444444554,19.21,3.01000000000001,9,0,straddle_abuse,0.6694339911142985,1,0.1778,12,3,0,1732,0,0.0,8832,68
2.6976552847772837,-0.16222222222222232,0,-1.4600000000000009,9,0,straddle_abuse,-0.11672446131706238,0,0.1769,21,3,0,1732,0,0.0,8960,69
2.718822294846177,-0.17333333333333328,7.9,-1.5599999999999996,9,0,straddle_abuse,-0.03091622143983841,1,0.176,26,3,0,1732,0,0.0,9088,70
2.742596361786127,0.4577777777777778,5.35,4.12,9,0,straddle_abuse,0.006824786464373271,1,0.1751,18,3,0,1732,0,0.0,9216,71
2.6809005104005337,0.5222222222222234,6.17,4.70000000000001,9,0,straddle_abuse,-0.03911048670609792,2,0.1743,19,3,0,1732,0,0.0,9344,72
2.6736108735203743,3.26333333333333,27.08,29.369999999999973,9,0,straddle_abuse,2.6614222526550293,3,0.1734,18,3,0,1732,0,0.0,9472,73
2.7831040639430285,1.2155555555555593,12.92,10.940000000000033,9,0,straddle_abuse,0.8464584350585938,3,0.1725,37,3,0,1732,0,0.0,9600,74
2.80210514459759,-0.17555555555555596,19.82,-1.5800000000000036,9,0,straddle_abuse,1.7611255248387654,2,0.1717,27,3,0,1732,0,0.0,9728,75
2.7197108417749405,4.5855555555555565,35.68,41.27000000000001,9,0,straddle_abuse,3.788111925125122,5,0.1708,17,3,0,1732,1,0.1111111111111111,9856,76
2.713367026299238,1.0377777777777786,9.99,9.340000000000007,9,0,straddle_abuse,0.13534334798653921,2,0.1699,28,3,0,1732,0,0.0,9984,77
2.6937297359108925,-0.13555555555555554,7.86,-1.22,9,0,straddle_abuse,0.04471708337465922,4,0.1691,19,3,0,1732,0,0.0,10112,78
2.7215813929215074,0.4455555555555571,2.76,4.010000000000014,9,0,straddle_abuse,-0.07740231106678645,5,0.1683,15,3,0,1732,0,0.0,10240,79
2.7282034922391176,-0.15777777777777788,2.13,-1.4200000000000008,9,0,straddle_abuse,-0.10591799269119899,1,0.1674,22,3,0,1732,0,0.0,10368,80
2.7023637434467673,0.16777777777777797,5.24,1.5100000000000018,9,0,straddle_abuse,0.013595287998517355,4,0.1666,24,3,0,1732,0,0.0,10496,81
2.751101003959775,3.6299999999999923,19.82,32.66999999999993,9,0,straddle_abuse,2.3866662979125977,6,0.1657,21,3,0,1732,0,0.0,10624,82
2.736612287349999,0.5100000000000007,6.12,4.590000000000006,9,0,straddle_abuse,0.10204380750656128,3,0.1649,21,3,0,1732,0,0.0,10752,83
2.760700434446335,2.037777777777772,20.06,18.33999999999995,9,0,straddle_abuse,1.719344973564148,1,0.1641,25,3,0,1732,0,0.0,10880,84
2.775998095050454,-0.18555555555555567,6.03,-1.670000000000001,9,0,straddle_abuse,-0.08804993083079656,2,0.1633,22,3,0,1732,0,0.0,11008,85
2.789716794155538,3.2877777777777757,31.22,29.589999999999982,9,0,straddle_abuse,3.474733511606852,3,0.1625,19,3,0,1732,1,0.1111111111111111,11136,86
2.7458075331524014,2.571111111111109,21.83,23.13999999999998,9,0,straddle_abuse,2.067859411239624,4,0.1616,15,3,0,1732,0,0.0,11264,87
2.545894649811089,0.002222222222222294,8.92,0.02000000000000065,9,0,straddle_abuse,-0.011460247139135996,2,0.1608,20,3,0,1732,0,0.0,11392,88
2.730966366827488,6.724444444444443,35.32,60.51999999999999,9,0,straddle_abuse,6.009332180023193,6,0.16,22,3,0,1732,1,0.1111111111111111,11520,89
2.728353103622794,2.8033333333333355,15.14,25.230000000000018,9,0,straddle_abuse,1.4281495014826457,5,0.1592,21,3,0,1732,0,0.0,11648,90
2.5743174673989415,7.144444444444441,35.68,64.29999999999997,9,0,straddle_abuse,6.215418179829915,10,0.1584,17,3,0,1732,1,0.1111111111111111,11776,91
2.471634838730097,-0.12000000000000008,0,-1.0800000000000007,9,0,straddle_abuse,0.03782487163941065,0,0.1576,19,3,0,1732,0,0.0,11904,92
2.531313005834818,2.4722222222222183,23.55,22.249999999999964,9,0,straddle_abuse,2.0303000609079995,2,0.1569,14,3,0,1732,0,0.0,12032,93
2.6596695743501186,-0.15888888888888897,11.56,-1.4300000000000006,9,0,straddle_abuse,0.34918634096781415,2,0.1561,14,3,0,1732,0,0.0,12160,94
2.9031574465334415,1.84444444444444,18.7,16.59999999999996,9,0,straddle_abuse,1.518110990524292,2,0.1553,21,3,0,1732,0,0.0,12288,95
2.7387529760599136,5.708888888888891,37,51.380000000000024,9,0,straddle_abuse,4.983773390452067,3,0.1545,14,3,0,1732,1,0.1111111111111111,12416,96
2.794887028634548,1.7788888888888887,17.99,16.009999999999998,9,0,straddle_abuse,1.3938510815302532,9,0.1537,18,3,0,1732,0,0.0,12544,97
2.633648421615362,4.573333333333327,25.72,41.15999999999994,9,0,straddle_abuse,3.3171513080596924,11,0.153,21,3,0,1732,0,0.0,12672,98
2.675059862434864,2.5955555555555523,25,23.35999999999997,9,0,straddle_abuse,2.139848232269287,5,0.1522,18,3,0,1732,0,0.0,12800,99
2.9758037496358156,-0.2522222222222221,3.35,-2.269999999999999,9,0,straddle_abuse,-0.13754632075627646,1,0.25,30,4,0,1733,0,0.0,128,0
2.993126552551985,0.5366666666666666,7.2,4.83,9,0,straddle_abuse,0.0241529643535614,1,0.2487,28,4,0,1733,0,0.0,256,1
2.8584210481494665,-0.10555555555555626,19.33,-0.9500000000000064,9,0,straddle_abuse,0.6987218658129374,4,0.2475,36,4,0,1733,0,0.0,384,2
2.8301608376204967,-0.22333333333333347,0,-2.010000000000001,9,0,straddle_abuse,-0.13976235191027322,0,0.2463,30,4,0,1733,0,0.0,512,3
2.8990617729723454,0.3811111111111115,5.73,3.4300000000000037,9,0,straddle_abuse,-0.002067123850186666,2,0.245,29,4,0,1733,0,0.0,640,4
2.8728756923228502,-0.22666666666666668,7.81,-2.04,9,0,straddle_abuse,-0.10435846447944641,1,0.2438,35,4,0,1733,0,0.0,768,5
2.9309647046029568,1.1688888888888913,11.04,10.520000000000021,9,0,straddle_abuse,0.35763442516326904,5,0.2426,31,4,0,1733,0,0.0,896,6
2.8226755019277334,-0.23555555555555563,0,-2.1200000000000006,9,0,straddle_abuse,-0.13544030984242758,0,0.2414,25,4,0,1733,0,0.0,1024,7
3.017314976081252,1.777777777777775,18.39,15.999999999999975,9,0,straddle_abuse,1.6124941507975261,1,0.2402,30,4,0,1733,0,0.0,1152,8
2.8908864948898554,4.533333333333329,37,40.79999999999996,9,0,straddle_abuse,3.6032082239786782,3,0.239,31,4,0,1733,1,0.1111111111111111,1280,9
2.8139443565160036,0.40444444444444516,3.47,3.6400000000000063,9,0,straddle_abuse,-0.07490920772155125,4,0.2378,22,4,0,1733,0,0.0,1408,10
2.7808160223066807,-0.16777777777777791,0,-1.5100000000000011,9,0,straddle_abuse,-0.11600567897160848,0,0.2366,36,4,0,1733,0,0.0,1536,11
2.8546701911836863,-0.25555555555555565,0,-2.3000000000000007,9,0,straddle_abuse,-0.13246253629525503,0,0.2354,38,4,0,1733,0,0.0,1664,12
2.6564226895570755,0.2811111111111111,3.47,2.53,9,0,straddle_abuse,-0.0731695219874382,3,0.2342,30,4,0,1733,0,0.0,1792,13
2.984768785536289,1.4077777777777836,15.42,12.670000000000051,9,0,straddle_abuse,1.3061432441075642,3,0.2331,26,4,0,1733,0,0.0,1920,14
2.950366135686636,-0.2422222222222224,0,-2.1800000000000015,9,0,straddle_abuse,-0.1401685575644175,0,0.2319,35,4,0,1733,0,0.0,2048,15
2.801726261153817,5.101111111111105,26.91,45.90999999999994,9,0,straddle_abuse,5.10249121983846,2,0.2307,28,4,0,1733,0,0.0,2176,16
2.6989426594227552,-0.11222222222222197,9.91,-1.0099999999999978,9,0,straddle_abuse,0.18698280056317648,4,0.2296,31,4,0,1733,0,0.0,2304,17
2.8477171938866377,-0.18888888888888855,18.5,-1.6999999999999968,9,0,straddle_abuse,0.9618442058563232,4,0.2284,25,4,0,1733,0,0.0,2432,18
2.8192929113283753,2.354444444444444,22.75,21.189999999999994,9,0,straddle_abuse,2.7001890341440835,3,0.2273,30,4,0,1733,0,0.0,2560,19
2.9872915223240852,-0.1955555555555557,1.7,-1.7600000000000013,9,0,straddle_abuse,-0.1416769673426946,1,0.2262,35,4,0,1733,0,0.0,2688,20
2.842361924238503,1.7811111111111115,13.15,16.030000000000005,9,0,straddle_abuse,0.7185403903325399,4,0.225,29,4,0,1733,0,0.0,2816,21
2.7475131936371326,-0.19222222222222232,0,-1.7300000000000009,9,0,straddle_abuse,-0.1360020488500595,0,0.2239,28,4,0,1733,0,0.0,2944,22
2.7240299582481384,0.33222222222222236,3.31,2.990000000000001,9,0,straddle_abuse,-0.09383055816094081,2,0.2228,30,4,0,1733,0,0.0,3072,23
2.935128603130579,-0.22444444444444459,0,-2.0200000000000014,9,0,straddle_abuse,-0.15807700157165527,0,0.2217,27,4,0,1733,0,0.0,3200,24
2.79665173497051,1.4933333333333347,10.36,13.440000000000012,9,0,straddle_abuse,0.4355209668477376,6,0.2206,33,4,0,1733,0,0.0,3328,25
2.8339961441233754,3.1699999999999995,30.39,28.529999999999994,9,0,straddle_abuse,3.1666483879089355,7,0.2195,29,4,0,1733,1,0.1111111111111111,3456,26
2.77290384657681,1.430000000000004,14.82,12.870000000000035,9,0,straddle_abuse,0.8878866036732992,1,0.2184,25,4,0,1733,0,0.0,3584,27
2.736433010548353,-0.1511111111111112,0,-1.3600000000000008,9,0,straddle_abuse,-0.10061082740624745,0,0.2173,32,4,0,1733,0,0.0,3712,28
2.9895143769681454,-0.06333333333333327,12.39,-0.5699999999999994,9,0,straddle_abuse,0.4149750272432963,3,0.2162,20,4,0,1733,0,0.0,3840,29
2.854063299484551,0.7811111111111114,8.88,7.030000000000003,9,0,straddle_abuse,0.18985651433467865,3,0.2151,22,4,0,1733,0,0.0,3968,30
2.7150552459061146,-0.038888888888888945,2.26,-0.35000000000000053,9,0,straddle_abuse,-0.11066989103953044,4,0.214,28,4,0,1733,0,0.0,4096,31
2.9314074646681547,-0.1866666666666668,0,-1.680000000000001,9,0,straddle_abuse,-0.14258438348770142,0,0.213,24,4,0,1733,0,0.0,4224,32
2.921303467825055,0.017777777777777653,2.1,0.15999999999999887,9,0,straddle_abuse,-0.12188671032587688,1,0.2119,27,4,0,1733,0,0.0,4352,33
2.842629011720419,2.3,11.9,20.7,9,0,straddle_abuse,0.6353771487871805,4,0.2108,32,4,0,1733,0,0.0,4480,34
2.775706279091537,2.202222222222224,21.4,19.820000000000018,9,0,straddle_abuse,1.4186174869537354,3,0.2098,36,4,0,1733,0,0.0,4608,35
2.7301275404170156,1.7777777777777768,17.66,15.999999999999991,9,0,straddle_abuse,0.939281185468038,1,0.2087,30,4,0,1733,0,0.0,4736,36
2.96236202865839,3.09333333333333,21.01,27.83999999999997,9,0,straddle_abuse,2.0278685490290322,7,0.2077,25,4,0,1733,0,0.0,4864,37
2.8399924095720053,-0.2044444444444446,0,-1.8400000000000014,9,0,straddle_abuse,-0.11272278179725011,0,0.2066,28,4,0,1733,0,0.0,4992,38
2.822832716628909,0.19111111111111184,3,1.7200000000000066,9,0,straddle_abuse,-0.08985697229703267,2,0.2056,23,4,0,1733,0,0.0,5120,39
2.863803131505847,-0.21888888888888902,0,-1.9700000000000013,9,0,straddle_abuse,-0.12870450566212335,0,0.2046,31,4,0,1733,0,0.0,5248,40
2.67173479963094,0.054444444444444295,19.82,0.48999999999999866,9,0,straddle_abuse,0.6853326956431071,5,0.2036,34,4,0,1733,0,0.0,5376,41
2.724799759685993,-0.0644444444444445,1,-0.5800000000000005,9,0,straddle_abuse,-0.1425105333328247,1,0.2025,30,4,0,1733,0,0.0,5504,42
2.8401622138917446,3.097777777777774,29.73,27.879999999999967,9,0,straddle_abuse,3.8369455337524414,2,0.2015,29,4,0,1733,0,0.0,5632,43
2.7254043770954013,-0.2122222222222224,0,-1.9100000000000015,9,0,straddle_abuse,-0.13158326844374338,0,0.2005,28,4,0,1733,0,0.0,5760,44
2.805344020947814,1.2488888888888892,11.9,11.240000000000002,9,0,straddle_abuse,0.5385748346646627,2,0.1995,21,4,0,1733,0,0.0,5888,45
2.810302197933197,-0.17333333333333345,0,-1.5600000000000012,9,0,straddle_abuse,-0.13200226426124573,0,0.1985,30,4,0,1733,0,0.0,6016,46
2.851303793489933,0.3100000000000003,2.49,2.7900000000000027,9,0,straddle_abuse,-0.11197111507256825,3,0.1975,25,4,0,1733,0,0.0,6144,47
2.685483520850539,-0.05444444444444448,3.11,-0.4900000000000003,9,0,straddle_abuse,-0.1115912397702535,6,0.1965,25,4,0,1733,0,0.0,6272,48
2.7439987417310476,6.084444444444444,32.37,54.76,9,0,straddle_abuse,4.646680514017741,5,0.1956,23,4,0,1733,1,0.1111111111111111,6400,49
2.826446727849543,-0.20444444444444457,0,-1.8400000000000012,9,0,straddle_abuse,-0.1383203367392222,0,0.1946,32,4,0,1733,0,0.0,6528,50
2.9126775357872248,1.2300000000000009,10.93,11.070000000000007,9,0,straddle_abuse,0.4195593198140462,2,0.1936,24,4,0,1733,0,0.0,6656,51
2.73542773257941,2.0122222222222175,19.61,18.109999999999957,9,0,straddle_abuse,1.863258679707845,8,0.1926,25,4,0,1733,0,0.0,6784,52
2.827657474204898,1.918888888888886,10.93,17.269999999999975,9,0,straddle_abuse,0.613050123055776,4,0.1917,28,4,0,1733,0,0.0,6912,53
2.769553106278181,1.3144444444444465,22.55,11.83000000000002,9,0,straddle_abuse,1.2079662084579468,4,0.1907,38,4,0,1733,0,0.0,7040,54
2.666514728218317,-0.17888888888888899,0,-1.610000000000001,9,0,straddle_abuse,-0.09470933675765991,0,0.1898,17,4,0,1733,0,0.0,7168,55
2.689959215000272,2.4288888888888875,9.66,21.85999999999999,9,0,straddle_abuse,0.5610934893290201,5,0.1888,25,4,0,1733,0,0.0,7296,56
2.632877128198743,1.3500000000000023,13.25,12.150000000000022,9,0,straddle_abuse,0.562543789545695,1,0.1879,18,4,0,1733,0,0.0,7424,57
2.620118456892669,2.9233333333333293,26.43,26.309999999999963,9,0,straddle_abuse,2.2624058723449707,3,0.1869,30,4,0,1733,0,0.0,7552,58
2.661519111134112,-0.13888888888888887,14.39,-1.2499999999999998,9,0,straddle_abuse,0.26756735642751056,4,0.186,16,4,0,1733,0,0.0,7680,59
2.766052046790719,-0.15222222222222234,0,-1.370000000000001,9,0,straddle_abuse,-0.06298823157946269,0,0.1851,28,4,0,1733,0,0.0,7808,60
2.807184915058315,-0.18000000000000013,0,-1.6200000000000012,9,0,straddle_abuse,-0.10322198023398717,0,0.1841,27,4,0,1733,0,0.0,7936,61
2.607110522687435,-0.17222222222222214,11.9,-1.5499999999999992,9,0,straddle_abuse,0.0007888277371724447,1,0.1832,24,4,0,1733,0,0.0,8064,62
2.7514277091249824,0.6788888888888894,4.27,6.110000000000005,9,0,straddle_abuse,-0.008393640319506327,5,0.1823,22,4,0,1733,0,0.0,8192,63
2.703886456787586,-0.18111111111111122,0,-1.630000000000001,9,0,straddle_abuse,-0.12624900539716086,0,0.1814,22,4,0,1733,0,0.0,8320,64
2.4675169233232737,0.32222222222222224,3.04,2.9000000000000004,9,0,straddle_abuse,-0.09465753038724263,4,0.1805,23,4,0,1733,0,0.0,8448,65
2.768691862002015,3.038888888888886,28.74,27.349999999999977,9,0,straddle_abuse,2.952545483907064,2,0.1796,22,4,0,1733,0,0.0,8576,66
2.817021899856627,-0.2077777777777779,0,-1.870000000000001,9,0,straddle_abuse,-0.13560422758261362,0,0.1787,21,4,0,1733,0,0.0,8704,67
2.750002075918019,0.004444444444444349,1.5,0.03999999999999914,9,0,straddle_abuse,-0.12540333966414133,4,0.1778,23,4,0,1733,0,0.0,8832,68
2.793892592191696,0.8066666666666678,4.98,7.26000000000001,9,0,straddle_abuse,0.022959550221761067,3,0.1769,23,4,0,1733,0,0.0,8960,69
2.702660429291427,0.47000000000000064,6.09,4.230000000000006,9,0,straddle_abuse,0.03307643532752991,3,0.176,29,4,0,1733,0,0.0,9088,70
2.958482326939702,3.8688888888888897,37,34.82000000000001,9,0,straddle_abuse,4.605729897816976,2,0.1751,27,4,0,1733,1,0.1111111111111111,9216,71
2.6529206298291683,0.021111111111111067,5.17,0.18999999999999959,9,0,straddle_abuse,-0.009074315428733826,2,0.1743,29,4,0,1733,0,0.0,9344,72
2.668971683830023,2.746666666666663,22.26,24.719999999999967,9,0,straddle_abuse,1.9844165245691936,6,0.1734,24,4,0,1733,0,0.0,9472,73
2.761943860910833,3.765555555555555,34.19,33.88999999999999,9,0,straddle_abuse,4.76876163482666,5,0.1725,17,4,0,1733,1,0.1111111111111111,9600,74
2.627706952393055,0.6455555555555555,8.05,5.81,9,0,straddle_abuse,0.2858501474062602,4,0.1717,17,4,0,1733,0,0.0,9728,75
2.5913421027362347,-0.14777777777777787,0,-1.3300000000000007,9,0,straddle_abuse,-0.04811786115169525,0,0.1708,20,4,0,1733,0,0.0,9856,76
2.668192768469453,1.3222222222222222,11,11.9,9,0,straddle_abuse,0.42453574140866596,2,0.1699,23,4,0,1733,0,0.0,9984,77
2.888653051108122,2.4355555555555557,23.38,21.92,9,0,straddle_abuse,2.2059687773386636,3,0.1691,26,4,0,1733,0,0.0,10112,78
2.8607030641287565,3.7099999999999946,35.33,33.38999999999995,9,0,straddle_abuse,5.95081361134847,1,0.1683,26,4,0,1733,1,0.1111111111111111,10240,79
2.8668576003983617,-0.1811111111111112,0,-1.6300000000000008,9,0,straddle_abuse,0.005669901768366496,0,0.1674,23,4,0,1733,0,0.0,10368,80
2.68629168625921,0.024444444444443807,25.16,0.21999999999999426,9,0,straddle_abuse,2.072059472401937,1,0.1666,14,4,0,1733,0,0.0,10496,81
2.811829541809857,1.654444444444447,12.41,14.890000000000024,9,0,straddle_abuse,0.6574339866638184,5,0.1657,19,4,0,1733,0,0.0,10624,82
2.970784267410636,-0.2611111111111109,8.92,-2.3499999999999983,9,0,straddle_abuse,0.006534566481908162,1,0.1649,24,4,0,1733,0,0.0,10752,83
2.8136718198657036,0.5533333333333342,6.45,4.980000000000008,9,0,straddle_abuse,0.037285988529523216,1,0.1641,23,4,0,1733,0,0.0,10880,84
2.8431947454810143,-0.18555555555555547,10.67,-1.6699999999999993,9,0,straddle_abuse,0.3093272348244985,1,0.1633,23,4,0,1733,0,0.0,11008,85
2.720246322453022,6.802222222222221,26.21,61.219999999999985,9,0,straddle_abuse,4.060059547424316,15,0.1625,16,4,0,1733,0,0.0,11136,86
2.7801773324608803,4.115555555555556,35.68,37.04,9,0,straddle_abuse,4.758893330891927,3,0.1616,23,4,0,1733,1,0.1111111111111111,11264,87
2.8282702350988984,3.969999999999997,18.83,35.729999999999976,9,0,straddle_abuse,2.2700016498565674,3,0.1608,20,4,0,1733,0,0.0,11392,88
2.8765948563814163,-0.19111111111111123,6.94,-1.720000000000001,9,0,straddle_abuse,-0.05103393395741781,4,0.16,21,4,0,1733,0,0.0,11520,89
2.9062340017408133,3.3099999999999965,18.17,29.789999999999967,9,0,straddle_abuse,2.326824108759562,4,0.1592,20,4,0,1733,0,0.0,11648,90
3.0255327681079507,0.08888888888888874,3.06,0.7999999999999987,9,0,straddle_abuse,-0.07766598463058472,2,0.1584,22,4,0,1733,0,0.0,11776,91
2.6830746242776513,1.2077777777777803,12.76,10.870000000000022,9,0,straddle_abuse,0.8466398318608602,3,0.1576,17,4,0,1733,0,0.0,11904,92
2.811330571770668,-0.14888888888888896,0,-1.3400000000000007,9,0,straddle_abuse,-0.09971059610446294,0,0.1569,21,4,0,1733,0,0.0,12032,93
2.695413594134152,-0.21222222222222237,3.08,-1.9100000000000013,9,0,straddle_abuse,-0.09626369923353195,1,0.1561,12,4,0,1733,0,0.0,12160,94
2.8768424736335874,5.971111111111113,37,53.740000000000016,9,0,straddle_abuse,7.17794132232666,4,0.1553,17,4,0,1733,1,0.1111111111111111,12288,95
2.826305728405714,-0.15444444444444455,1.84,-1.390000000000001,9,0,straddle_abuse,-0.13384008407592773,1,0.1545,16,4,0,1733,0,0.0,12416,96
2.7480370309203863,4.575555555555554,37,41.179999999999986,9,0,straddle_abuse,3.4286892414093018,2,0.1537,21,4,0,1733,1,0.1111111111111111,12544,97
2.766993665136397,-0.16333333333333308,11.56,-1.4699999999999978,9,0,straddle_abuse,0.2641623616218567,2,0.153,23,4,0,1733,0,0.0,12672,98
2.8958994206041098,3.676666666666667,22.3,33.09,9,0,straddle_abuse,2.301931858062744,7,0.1522,19,4,0,1733,0,0.0,12800,99
2.9821920888498425,1.01,11.56,9.09,9,0,straddle_abuse,0.4154745241006215,2,0.25,27,5,0,1734,0,0.0,128,0
2.7891666404902935,0.7877777777777777,10.6,7.089999999999999,9,0,straddle_abuse,0.33277002970377606,3,0.2487,42,5,0,1734,0,0.0,256,1
2.7925507687032223,-0.1866666666666668,2.54,-1.680000000000001,9,0,straddle_abuse,-0.09946441650390625,2,0.2475,29,5,0,1734,0,0.0,384,2
2.865353754721582,-0.037777777777777896,4.66,-0.3400000000000011,9,0,straddle_abuse,-0.10684683670600255,1,0.2463,29,5,0,1734,0,0.0,512,3
2.8467710949480534,1.6811111111111137,26.43,15.130000000000024,9,0,straddle_abuse,0.9474422335624695,4,0.245,26,5,0,1734,0,0.0,640,4
2.752515411004424,0.38000000000000017,4.98,3.4200000000000017,9,0,straddle_abuse,-0.012072838842868805,1,0.2438,30,5,0,1734,0,0.0,768,5
2.9892541617155075,-0.24444444444444452,0,-2.2000000000000006,9,0,straddle_abuse,-0.13554136951764426,0,0.2426,38,5,0,1734,0,0.0,896,6
2.898007106035948,-0.27888888888888863,11.89,-2.5099999999999976,9,0,straddle_abuse,0.07040006915728252,1,0.2414,31,5,0,1734,0,0.0,1024,7
2.8486177353188396,-0.2688888888888887,12.2,-2.419999999999998,9,0,straddle_abuse,0.06695360442002614,1,0.2402,35,5,0,1734,0,0.0,1152,8
2.9050030894577503,0.07222222222222222,2.57,0.6499999999999999,9,0,straddle_abuse,-0.09487650543451309,1,0.239,31,5,0,1734,0,0.0,1280,9
2.9507340602576733,-0.22555555555555568,0,-2.030000000000001,9,0,straddle_abuse,-0.13323593636353812,0,0.2378,33,5,0,1734,0,0.0,1408,10
2.5986929312348366,0.5400000000000004,6.4,4.860000000000003,9,0,straddle_abuse,0.09907460709412892,1,0.2366,25,5,0,1734,0,0.0,1536,11
2.9822727404534817,-0.29666666666666647,0,-2.669999999999998,9,0,straddle_abuse,-0.14536955952644348,0,0.2354,32,5,0,1734,0,0.0,1664,12
2.815184621140361,3.876666666666662,37,34.88999999999996,9,0,straddle_abuse,4.071987152099609,2,0.2342,37,5,0,1734,1,0.1111111111111111,1792,13
2.85390093177557,2.4088888888888875,23.64,21.67999999999999,9,0,straddle_abuse,1.962276856104533,2,0.2331,31,5,0,1734,0,0.0,1920,14
2.6794060058891773,-0.13666666666666677,1.85,-1.2300000000000009,9,0,straddle_abuse,-0.10755308717489243,1,0.2319,24,5,0,1734,0,0.0,2048,15
2.9374980814754963,0.664444444444446,7.12,5.980000000000014,9,0,straddle_abuse,0.1892015884319941,3,0.2307,22,5,0,1734,0,0.0,2176,16
2.8356590941548347,2.789999999999999,26.8,25.109999999999992,9,0,straddle_abuse,3.149259646733602,2,0.2296,31,5,0,1734,0,0.0,2304,17
2.7612531315535307,-0.20222222222222236,0,-1.8200000000000012,9,0,straddle_abuse,-0.12703355650107065,0,0.2284,28,5,0,1734,0,0.0,2432,18
2.8689690083265305,1.2633333333333343,7.23,11.370000000000008,9,0,straddle_abuse,0.1755816489458084,4,0.2273,29,5,0,1734,0,0.0,2560,19
2.808466645888984,-0.19222222222222238,0,-1.7300000000000013,9,0,straddle_abuse,-0.11389900992314021,0,0.2262,23,5,0,1734,0,0.0,2688,20
2.774703267030418,0.17666666666666653,3.33,1.5899999999999987,9,0,straddle_abuse,-0.07840196043252945,2,0.225,28,5,0,1734,0,0.0,2816,21
2.823690615594387,-0.18888888888888902,0,-1.7000000000000013,9,0,straddle_abuse,-0.14304956793785095,0,0.2239,26,5,0,1734,0,0.0,2944,22
2.794982365332544,0.0644444444444444,4.07,0.5799999999999996,9,0,straddle_abuse,-0.05614334593216578,9,0.2228,18,5,0,1734,0,0.0,3072,23
2.7987049873918295,0.3244444444444445,3.53,2.9200000000000004,9,0,straddle_abuse,-0.06792297214269638,3,0.2217,32,5,0,1734,0,0.0,3200,24
2.8471558690071106,-0.18111111111111122,0,-1.630000000000001,9,0,straddle_abuse,-0.131281649072965,0,0.2206,17,5,0,1734,0,0.0,3328,25
2.5348876733332872,0.3622222222222226,4.35,3.2600000000000033,9,0,straddle_abuse,-0.03508484115203222,2,0.2195,32,5,0,1734,0,0.0,3456,26
2.8364751152694225,0.6233333333333335,4.68,5.610000000000001,9,0,straddle_abuse,-0.029345395664374035,5,0.2184,37,5,0,1734,0,0.0,3584,27
2.7736037792637944,-0.12777777777777785,0,-1.1500000000000006,9,0,straddle_abuse,-0.13158768912156424,0,0.2173,30,5,0,1734,0,0.0,3712,28
2.898942705243826,2.3955555555555543,11.72,21.559999999999988,9,0,straddle_abuse,0.9038387139638265,6,0.2162,39,5,0,1734,0,0.0,3840,29
2.7471812441945076,-0.07777777777777782,0.45,-0.7000000000000004,9,0,straddle_abuse,-0.09409702320893605,1,0.2151,27,5,0,1734,0,0.0,3968,30
2.6380179719999433,0.041111111111111036,1.62,0.36999999999999933,9,0,straddle_abuse,-0.10458298524220784,1,0.214,28,5,0,1734,0,0.0,4096,31
2.70052404794842,0.30555555555555614,4.09,2.7500000000000053,9,0,straddle_abuse,-0.02050665517648061,1,0.213,34,5,0,1734,0,0.0,4224,32
2.8402615766972303,1.2766666666666693,13.14,11.490000000000023,9,0,straddle_abuse,0.7444432576497396,4,0.2119,23,5,0,1734,0,0.0,4352,33
2.6488847071304917,-0.1466666666666668,13.48,-1.3200000000000012,9,0,straddle_abuse,0.16276405254999796,2,0.2108,25,5,0,1734,0,0.0,4480,34
2.6008313512429595,4.940000000000001,32.09,44.460000000000015,9,0,straddle_abuse,4.0743937492370605,15,0.2098,23,5,0,1734,1,0.1111111111111111,4608,35
2.752914819866419,2.6155555555555536,24.76,23.53999999999998,9,0,straddle_abuse,3.765965143839518,2,0.2087,19,5,0,1734,0,0.0,4736,36
2.6914124665781856,1.4922222222222234,14.06,13.43000000000001,9,0,straddle_abuse,0.5468277533849081,5,0.2077,19,5,0,1734,0,0.0,4864,37
2.735806418582797,1.0455555555555576,9.54,9.410000000000018,9,0,straddle_abuse,0.21823930740356445,4,0.2066,22,5,0,1734,0,0.0,4992,38
2.6518515842035413,1.6833333333333347,14.27,15.150000000000013,9,0,straddle_abuse,0.6024719675381979,4,0.2056,25,5,0,1734,0,0.0,5120,39
2.6599371153861284,0.9800000000000022,6.52,8.82000000000002,9,0,straddle_abuse,0.11054016649723053,2,0.2046,26,5,0,1734,0,0.0,5248,40
2.553149943239987,1.258888888888891,7.77,11.330000000000018,9,0,straddle_abuse,0.4483724037806193,5,0.2036,16,5,0,1734,0,0.0,5376,41
2.7203750060871243,2.701111111111109,20.04,24.30999999999998,9,0,straddle_abuse,1.381991942723592,6,0.2025,26,5,0,1734,0,0.0,5504,42
2.567063719034195,-0.08888888888888895,0,-0.8000000000000005,9,0,straddle_abuse,-0.10085325439771016,0,0.2015,28,5,0,1734,0,0.0,5632,43
2.629815299063921,-0.13222222222222232,0,-1.1900000000000008,9,0,straddle_abuse,-0.11672304073969524,0,0.2005,20,5,0,1734,0,0.0,5760,44
2.541352200321853,1.6811111111111119,16.15,15.130000000000006,9,0,straddle_abuse,0.7809234857559204,3,0.1995,20,5,0,1734,0,0.0,5888,45
2.5884686447679996,1.6211111111111136,12.5,14.590000000000023,9,0,straddle_abuse,0.5264451106389364,3,0.1985,23,5,0,1734,0,0.0,6016,46
2.861505340784788,6.862222222222219,34.69,61.75999999999998,9,0,straddle_abuse,5.925723075866699,7,0.1975,22,5,0,1734,1,0.1111111111111111,6144,47
2.7791585847735405,-0.18222222222222237,0.36,-1.6400000000000012,9,0,straddle_abuse,-0.1157243549823761,1,0.1965,28,5,0,1734,0,0.0,6272,48
2.5449805753305554,-0.1033333333333334,0,-0.9300000000000006,9,0,straddle_abuse,-0.09151643514633179,0,0.1956,25,5,0,1734,0,0.0,6400,49
2.5139892250299454,-0.05444444444444453,9.25,-0.49000000000000077,9,0,straddle_abuse,-0.05328754335641861,2,0.1946,16,5,0,1734,0,0.0,6528,50
2.693946440704167,-0.04444444444444489,19.82,-0.400000000000004,9,0,straddle_abuse,1.6874291896820068,5,0.1936,14,5,0,1734,0,0.0,6656,51
2.863296702504158,-0.06000000000000008,1.17,-0.5400000000000007,9,0,straddle_abuse,-0.12413620948791504,1,0.1926,33,5,0,1734,0,0.0,6784,52
2.8632519943639636,0.18111111111111142,19.92,1.6300000000000028,9,0,straddle_abuse,0.9140848914782206,4,0.1917,25,5,0,1734,0,0.0,6912,53
2.7780067464336753,0.2066666666666672,3.54,1.8600000000000048,9,0,straddle_abuse,-0.06610406438509624,1,0.1907,35,5,0,1734,0,0.0,7040,54
2.723434350453317,2.6388888888888844,25.18,23.74999999999996,9,0,straddle_abuse,2.0590174198150635,1,0.1898,23,5,0,1734,0,0.0,7168,55
2.688746283762157,0.7844444444444444,8.28,7.06,9,0,straddle_abuse,0.14279545843601227,4,0.1888,26,5,0,1734,0,0.0,7296,56
2.79790604673326,4.714444444444444,28.44,42.43,9,0,straddle_abuse,4.65432866414388,6,0.1879,34,5,0,1734,0,0.0,7424,57
2.776991030201316,2.118888888888887,24.33,19.069999999999983,9,0,straddle_abuse,1.8315430879592896,3,0.1869,22,5,0,1734,0,0.0,7552,58
2.6084309266880155,4.871111111111102,29.74,43.83999999999992,9,0,straddle_abuse,4.5782707532246905,3,0.186,22,5,0,1734,0,0.0,7680,59
2.7453708043321967,-0.19444444444444456,0,-1.750000000000001,9,0,straddle_abuse,0.007838184634844461,0,0.1851,23,5,0,1734,0,0.0,7808,60
2.740829411894083,-0.10777777777777785,0,-0.9700000000000006,9,0,straddle_abuse,0.03133349617322286,0,0.1841,31,5,0,1734,0,0.0,7936,61
2.645120176486671,3.6233333333333326,33.4,32.60999999999999,9,0,straddle_abuse,4.3643341064453125,4,0.1832,25,5,0,1734,1,0.1111111111111111,8064,62
2.6915445858612657,0.5766666666666675,26.43,5.190000000000008,9,0,straddle_abuse,0.9946972926457723,6,0.1823,25,5,0,1734,0,0.0,8192,63
2.8497105576097965,1.6811111111111126,16.54,15.130000000000013,9,0,straddle_abuse,0.8474681377410889,3,0.1814,29,5,0,1734,0,0.0,8320,64
2.7071789847686887,1.508888888888889,14.62,13.58,9,0,straddle_abuse,0.707241157690684,2,0.1805,17,5,0,1734,0,0.0,8448,65
2.6238443478941917,1.240000000000003,6.42,11.160000000000029,9,0,straddle_abuse,0.14244309067726135,5,0.1796,13,5,0,1734,0,0.0,8576,66
2.7090313863009214,-0.14555555555555566,0,-1.310000000000001,9,0,straddle_abuse,-0.07487790286540985,0,0.1787,16,5,0,1734,0,0.0,8704,67
2.7477367846295238,-0.14666666666666678,0.88,-1.320000000000001,9,0,straddle_abuse,-0.08118024965127309,1,0.1778,22,5,0,1734,0,0.0,8832,68
2.6703748675063252,-0.08222222222222227,1.15,-0.7400000000000004,9,0,straddle_abuse,-0.09781951457262039,1,0.1769,23,5,0,1734,0,0.0,8960,69
2.63876848295331,3.3311111111111105,21.18,29.979999999999993,9,0,straddle_abuse,1.8798505862553914,7,0.176,25,5,0,1734,0,0.0,9088,70
2.7440264988690615,1.3977777777777793,13.55,12.580000000000014,9,0,straddle_abuse,0.7129584550857544,3,0.1751,29,5,0,1734,0,0.0,9216,71
2.7511067744344473,2.1822222222222214,19.82,19.639999999999993,9,0,straddle_abuse,1.4967114925384521,7,0.1743,31,5,0,1734,0,0.0,9344,72
2.8057075161486864,0.8800000000000018,12.22,7.920000000000016,9,0,straddle_abuse,0.24722341199715933,2,0.1734,24,5,0,1734,0,0.0,9472,73
2.838383757509291,-0.017777777777777632,17.03,-0.1599999999999987,9,0,straddle_abuse,0.3738856116930644,3,0.1725,23,5,0,1734,0,0.0,9600,74
2.7249327152967453,1.2477777777777785,12.45,11.230000000000008,9,0,straddle_abuse,0.44061849514643353,1,0.1717,30,5,0,1734,0,0.0,9728,75
2.6509217899292707,4.981111111111106,26.43,44.829999999999956,9,0,straddle_abuse,3.418736219406128,4,0.1708,18,5,0,1734,0,0.0,9856,76
2.644156150519848,4.058888888888888,25.69,36.529999999999994,9,0,straddle_abuse,3.1304341157277427,6,0.1699,18,5,0,1734,0,0.0,9984,77
2.6233921693637967,-0.19888888888888895,3.96,-1.7900000000000005,9,0,straddle_abuse,0.010705038905143738,1,0.1691,31,5,0,1734,0,0.0,10112,78
2.708242204040289,2.1866666666666674,7.73,19.680000000000007,9,0,straddle_abuse,0.2847662766774495,5,0.1683,24,5,0,1734,0,0.0,10240,79
2.669359472580254,0.6644444444444455,3.7,5.980000000000009,9,0,straddle_abuse,0.033694436152776085,4,0.1674,28,5,0,1734,0,0.0,10368,80
2.733145168982446,3.4166666666666647,32.37,30.749999999999982,9,0,straddle_abuse,3.442965825398763,3,0.1666,19,5,0,1734,1,0.1111111111111111,10496,81
2.7431865660473704,0.0011111111111110552,1.13,0.009999999999999497,9,0,straddle_abuse,-0.03914607067902883,1,0.1657,25,5,0,1734,0,0.0,10624,82
2.81905834749341,1.9111111111111103,16.19,17.199999999999992,9,0,straddle_abuse,1.508592168490092,6,0.1649,26,5,0,1734,0,0.0,10752,83
2.740361938253045,0.6655555555555562,15.42,5.990000000000006,9,0,straddle_abuse,0.9111330707867941,3,0.1641,15,5,0,1734,0,0.0,10880,84
2.6188198840245605,4.539999999999993,30.06,40.859999999999935,9,0,straddle_abuse,5.761773109436035,10,0.1633,14,5,0,1734,1,0.1111111111111111,11008,85
2.7369953030720353,1.6755555555555555,20.81,15.08,9,0,straddle_abuse,0.9337076544761658,5,0.1625,21,5,0,1734,0,0.0,11136,86
2.750218901783228,-0.17333333333333345,0,-1.5600000000000012,9,0,straddle_abuse,-0.09863998740911484,0,0.1616,15,5,0,1734,0,0.0,11264,87
2.7151185665279627,1.4144444444444466,11.56,12.73000000000002,9,0,straddle_abuse,0.3102302650610606,3,0.1608,25,5,0,1734,0,0.0,11392,88
2.767882401123643,-0.030000000000000096,1.15,-0.27000000000000085,9,0,straddle_abuse,-0.09639712919791539,1,0.16,19,5,0,1734,0,0.0,11520,89
2.743825463578105,2.817777777777776,28.78,25.35999999999998,9,0,straddle_abuse,1.4949527184168498,4,0.1592,20,5,0,1734,0,0.0,11648,90
2.776887466199696,4.4522222222222165,20.26,40.06999999999995,9,0,straddle_abuse,2.2733119328816733,8,0.1584,23,5,0,1734,0,0.0,11776,91
2.5751305306330323,0.9333333333333336,9.25,8.400000000000002,9,0,straddle_abuse,0.3629661599795024,2,0.1576,17,5,0,1734,0,0.0,11904,92
2.7282526018097997,1.641111111111114,16.19,14.770000000000026,9,0,straddle_abuse,0.5496858557065328,2,0.1569,15,5,0,1734,0,0.0,12032,93
2.7598086297512054,0.8455555555555568,6.03,7.610000000000012,9,0,straddle_abuse,0.12216873466968536,8,0.1561,20,5,0,1734,0,0.0,12160,94
2.652529353275895,4.296666666666666,37,38.669999999999995,9,0,straddle_abuse,4.886396567026774,2,0.1553,22,5,0,1734,1,0.1111111111111111,12288,95
2.59492595680058,2.3888888888888906,12.22,21.500000000000014,9,0,straddle_abuse,0.47201405962308246,6,0.1545,23,5,0,1734,0,0.0,12416,96
2.6103560123592615,-0.03666666666666664,4.18,-0.32999999999999974,9,0,straddle_abuse,-0.03335368633270264,3,0.1537,19,5,0,1734,0,0.0,12544,97
2.720251679420471,0.8066666666666674,8.69,7.260000000000007,9,0,straddle_abuse,0.2287349154551824,4,0.153,15,5,0,1734,0,0.0,12672,98
2.801893897354603,3.4899999999999975,32.96,31.40999999999998,9,0,straddle_abuse,3.337750275929769,1,0.1522,19,5,0,1734,1,0.1111111111111111,12800,99
2.980321212671697,-0.2511111111111112,7.06,-2.2600000000000007,9,0,straddle_abuse,-0.09984056651592255,2,0.25,38,6,0,1735,0,0.0,128,0
2.8613263461738825,-0.20777777777777792,0,-1.8700000000000012,9,0,straddle_abuse,-0.14219068984190622,0,0.2487,28,6,0,1735,0,0.0,256,1
2.9081765096634626,1.0688888888888908,11.56,9.620000000000017,9,0,straddle_abuse,0.4852038125197093,1,0.2475,32,6,0,1735,0,0.0,384,2
2.827242014929652,-0.21000000000000013,0,-1.8900000000000012,9,0,straddle_abuse,-0.1432493031024933,0,0.2463,19,6,0,1735,0,0.0,512,3
2.8171947840601206,-0.178888888888889,6.66,-1.6100000000000012,9,0,straddle_abuse,-0.11121905346711476,1,0.245,29,6,0,1735,0,0.0,640,4
2.7908012736588717,0.29,4.4,2.61,9,0,straddle_abuse,-0.05691079795360565,1,0.2438,29,6,0,1735,0,0.0,768,5
2.7528718328103423,0.05666666666666657,2.26,0.5099999999999991,9,0,straddle_abuse,-0.11467909812927246,1,0.2426,36,6,0,1735,0,0.0,896,6
2.7828168449923396,0.4888888888888896,9.31,4.400000000000007,9,0,straddle_abuse,0.03613341351350149,3,0.2414,34,6,0,1735,0,0.0,1024,7
2.7688855845481157,-0.18444444444444455,0,-1.660000000000001,9,0,straddle_abuse,-0.15084599951903024,0,0.2402,33,6,0,1735,0,0.0,1152,8
2.8454690603539348,2.8699999999999997,27.75,25.83,9,0,straddle_abuse,3.025710105895996,1,0.239,32,6,0,1735,0,0.0,1280,9
2.828650646843016,-0.16888888888888898,0.16,-1.5200000000000007,9,0,straddle_abuse,-0.1288447380065918,1,0.2378,36,6,0,1735,0,0.0,1408,10
2.6443427577614784,0.9933333333333348,10.03,8.940000000000014,9,0,straddle_abuse,0.29736263553301495,3,0.2366,22,6,0,1735,0,0.0,1536,11
2.6985969934612513,-0.17222222222222222,2.23,-1.55,9,0,straddle_abuse,-0.1100649784008662,1,0.2354,32,6,0,1735,0,0.0,1664,12
2.8287845281884074,0.2622222222222228,3.97,2.360000000000005,9,0,straddle_abuse,-0.09285199145476024,2,0.2342,23,6,0,1735,0,0.0,1792,13
2.82868136651814,1.591111111111113,19.4,14.320000000000016,9,0,straddle_abuse,0.9764520724614462,2,0.2331,28,6,0,1735,0,0.0,1920,14
2.702494004741311,0.017777777777777677,1.6,0.1599999999999991,9,0,straddle_abuse,-0.1184391329685847,2,0.2319,29,6,0,1735,0,0.0,2048,15
2.668628458864987,7.0833333333333295,36.71,63.749999999999964,9,0,straddle_abuse,7.811141490936279,9,0.2307,29,6,0,1735,1,0.1111111111111111,2176,16
2.710937324911356,1.2177777777777787,21.51,10.960000000000008,9,0,straddle_abuse,0.898620069026947,5,0.2296,29,6,0,1735,0,0.0,2304,17
2.7140865894034505,-0.1222222222222223,0.48,-1.1000000000000008,9,0,straddle_abuse,-0.12388671686251958,1,0.2284,33,6,0,1735,0,0.0,2432,18
2.6977410037070513,0.542222222222223,4.63,4.880000000000007,9,0,straddle_abuse,-0.022047112385431927,3,0.2273,33,6,0,1735,0,0.0,2560,19
2.7928379690274596,-0.19222222222222238,0,-1.7300000000000013,9,0,straddle_abuse,-0.14353010058403015,0,0.2262,35,6,0,1735,0,0.0,2688,20
2.74198254942894,-0.19555555555555568,0.89,-1.7600000000000011,9,0,straddle_abuse,-0.12601013481616974,1,0.225,30,6,0,1735,0,0.0,2816,21
2.867916824296117,-0.18111111111111122,0,-1.630000000000001,9,0,straddle_abuse,-0.15655566255251566,0,0.2239,28,6,0,1735,0,0.0,2944,22
2.6489776661619544,-0.13444444444444448,3.79,-1.2100000000000002,9,0,straddle_abuse,-0.1064552515745163,1,0.2228,28,6,0,1735,0,0.0,3072,23
2.824632791802287,0.9733333333333337,6.62,8.760000000000003,9,0,straddle_abuse,0.11987128853797913,4,0.2217,26,6,0,1735,0,0.0,3200,24
2.696825247257948,0.4344444444444457,26.43,3.9100000000000112,9,0,straddle_abuse,2.080861727396647,5,0.2206,32,6,0,1735,0,0.0,3328,25
2.6617890894412994,-0.11777777777777766,27.07,-1.059999999999999,9,0,straddle_abuse,3.2531155745188394,7,0.2195,28,6,0,1735,0,0.0,3456,26
2.7609345074743032,4.424444444444441,18.5,39.819999999999965,9,0,straddle_abuse,3.2469163735707602,3,0.2184,28,6,0,1735,0,0.0,3584,27
2.858569400385022,-0.2144444444444446,0.06,-1.9300000000000015,9,0,straddle_abuse,-0.14847402274608612,1,0.2173,24,6,0,1735,0,0.0,3712,28
2.933056650683284,-0.2300000000000001,5.25,-2.0700000000000007,9,0,straddle_abuse,-0.12664838135242462,1,0.2162,35,6,0,1735,0,0.0,3840,29
2.768565308302641,0.11333333333333392,15.86,1.0200000000000053,9,0,straddle_abuse,0.8363193273544312,2,0.2151,25,6,0,1735,0,0.0,3968,30
2.899580830708146,1.5077777777777817,23.1,13.570000000000034,9,0,straddle_abuse,1.2578526337941487,2,0.214,17,6,0,1735,0,0.0,4096,31
2.8808207819238305,1.1511111111111125,12.34,10.360000000000012,9,0,straddle_abuse,0.25440632303555805,2,0.213,25,6,0,1735,0,0.0,4224,32
2.7822320461273193,4.8033333333333355,29.49,43.23000000000002,9,0,straddle_abuse,5.896643320719401,5,0.2119,29,6,0,1735,0,0.0,4352,33
2.692376270890236,-0.1066666666666667,9.24,-0.9600000000000003,9,0,straddle_abuse,0.174936314423879,3,0.2108,21,6,0,1735,0,0.0,4480,34
2.8319683503359556,1.9377777777777767,18.58,17.43999999999999,9,0,straddle_abuse,1.6247151692708333,2,0.2098,26,6,0,1735,0,0.0,4608,35
2.741503668949008,-0.14222222222222233,0.83,-1.280000000000001,9,0,straddle_abuse,-0.10419628769159317,1,0.2087,30,6,0,1735,0,0.0,4736,36
2.7830689158290625,-0.11222222222222235,0.66,-1.0100000000000011,9,0,straddle_abuse,-0.1100406398375829,1,0.2077,26,6,0,1735,0,0.0,4864,37
2.8562356885522604,-0.24222222222222228,0,-2.1800000000000006,9,0,straddle_abuse,-0.12413103381792705,0,0.2066,25,6,0,1735,0,0.0,4992,38
2.939568690955639,0.19888888888888928,12.88,1.7900000000000036,9,0,straddle_abuse,0.08318427205085754,2,0.2056,30,6,0,1735,0,0.0,5120,39
2.9023484960198402,2.195555555555551,21.54,19.75999999999996,9,0,straddle_abuse,2.4357258478800454,1,0.2046,24,6,0,1735,0,0.0,5248,40
2.8230714462697506,1.8288888888888861,27.75,16.459999999999976,9,0,straddle_abuse,1.2533152103424072,5,0.2036,36,6,0,1735,0,0.0,5376,41
2.7972063766792417,-0.2155555555555557,0,-1.9400000000000013,9,0,straddle_abuse,-0.1283309062321981,0,0.2025,33,6,0,1735,0,0.0,5504,42
2.843536078929901,1.4866666666666704,10.88,13.380000000000033,9,0,straddle_abuse,0.34781498710314435,6,0.2015,19,6,0,1735,0,0.0,5632,43
2.7721762899309397,1.0977777777777797,10.98,9.880000000000019,9,0,straddle_abuse,0.39783975481987,6,0.2005,17,6,0,1735,0,0.0,5760,44
2.8679350446909666,-0.1677777777777779,0.07,-1.510000000000001,9,0,straddle_abuse,-0.13221708436806998,1,0.1995,31,6,0,1735,0,0.0,5888,45
2.8319911528378725,-0.15222222222222237,0.43,-1.3700000000000014,9,0,straddle_abuse,-0.13627842565377554,1,0.1985,21,6,0,1735,0,0.0,6016,46
2.907687039114535,3.887777777777778,37,34.99,9,0,straddle_abuse,6.2460581461588545,3,0.1975,27,6,0,1735,1,0.1111111111111111,6144,47
2.751029474660754,0.12333333333333346,19.82,1.1100000000000012,9,0,straddle_abuse,0.6395294666290283,5,0.1965,20,6,0,1735,0,0.0,6272,48
2.838308058679104,0.012222222222222126,2.02,0.10999999999999913,9,0,straddle_abuse,-0.12395722915728886,1,0.1956,21,6,0,1735,0,0.0,6400,49
2.8413916397839785,3.056666666666667,19.82,27.510000000000005,9,0,straddle_abuse,1.768222451210022,5,0.1946,20,6,0,1735,0,0.0,6528,50
2.822220280766487,0.5422222222222239,15.91,4.880000000000015,9,0,straddle_abuse,1.2316010395685832,3,0.1936,26,6,0,1735,0,0.0,6656,51
2.6994920168071985,-0.12777777777777788,11.89,-1.150000000000001,9,0,straddle_abuse,0.09538077811400096,2,0.1926,27,6,0,1735,0,0.0,6784,52
2.7373035261407495,1.472222222222223,14.98,13.250000000000007,9,0,straddle_abuse,1.080631415049235,1,0.1917,25,6,0,1735,0,0.0,6912,53
2.760935690253973,-0.18777777777777793,0.95,-1.6900000000000013,9,0,straddle_abuse,-0.12624471386273703,1,0.1907,29,6,0,1735,0,0.0,7040,54
2.835369335487485,-0.24555555555555564,2.62,-2.210000000000001,9,0,straddle_abuse,-0.12207271655400594,1,0.1898,22,6,0,1735,0,0.0,7168,55
2.7348447358235717,-0.11888888888888897,2.21,-1.0700000000000007,9,0,straddle_abuse,-0.1304067075252533,1,0.1888,22,6,0,1735,0,0.0,7296,56
2.751966565847397,1.9255555555555535,14.15,17.32999999999998,9,0,straddle_abuse,1.0528105894724529,6,0.1879,25,6,0,1735,0,0.0,7424,57
2.6055440846830606,1.5111111111111153,15.36,13.600000000000037,9,0,straddle_abuse,0.7406724294026693,3,0.1869,23,6,0,1735,0,0.0,7552,58
2.7745024245232344,1.4944444444444467,14.93,13.45000000000002,9,0,straddle_abuse,0.8991538882255554,1,0.186,24,6,0,1735,0,0.0,7680,59
2.7175366347655654,-0.15222222222222212,27.75,-1.369999999999999,9,0,straddle_abuse,0.5663061738014221,2,0.1851,21,6,0,1735,0,0.0,7808,60
2.732071208767593,-0.02333333333333342,1.24,-0.2100000000000008,9,0,straddle_abuse,-0.09363060692946117,1,0.1841,25,6,0,1735,0,0.0,7936,61
2.9209428541362286,4.021111111111111,27.75,36.19,9,0,straddle_abuse,4.600637118021647,4,0.1832,20,6,0,1735,0,0.0,8064,62
2.7697664918377995,0.611111111111112,7.07,5.500000000000009,9,0,straddle_abuse,0.09821379681428273,1,0.1823,23,6,0,1735,0,0.0,8192,63
2.8329847529530525,-0.20555555555555566,2.59,-1.850000000000001,9,0,straddle_abuse,-0.08880755801995595,1,0.1814,17,6,0,1735,0,0.0,8320,64
2.630898711271584,1.1844444444444466,27.75,10.66000000000002,9,0,straddle_abuse,0.9792011777559916,5,0.1805,27,6,0,1735,0,0.0,8448,65
2.6673275269567966,0.03777777777777764,1.99,0.33999999999999875,9,0,straddle_abuse,-0.09597070515155792,1,0.1796,19,6,0,1735,0,0.0,8576,66
2.8254909832030535,5.61444444444444,25.44,50.52999999999996,9,0,straddle_abuse,4.334683259328206,8,0.1787,22,6,0,1735,0,0.0,8704,67
2.78726121224463,3.831111111111107,18.5,34.47999999999996,9,0,straddle_abuse,2.080754041671753,10,0.1778,17,6,0,1735,0,0.0,8832,68
2.7026104405522346,0.10444444444444437,2.23,0.9399999999999993,9,0,straddle_abuse,-0.10661947975556056,4,0.1769,23,6,0,1735,0,0.0,8960,69
2.659271353855729,0.023333333333333244,1.5,0.2099999999999992,9,0,straddle_abuse,-0.11280942956606548,1,0.176,20,6,0,1735,0,0.0,9088,70
2.7883029971271753,1.0311111111111142,18.33,9.280000000000028,9,0,straddle_abuse,0.40496591726938885,1,0.1751,23,6,0,1735,0,0.0,9216,71
2.8203940261155367,-0.20777777777777792,0,-1.8700000000000012,9,0,straddle_abuse,-0.12072795629501343,0,0.1743,21,6,0,1735,0,0.0,9344,72
2.752843993715942,1.366666666666668,10.98,12.300000000000013,9,0,straddle_abuse,0.5426094730695089,6,0.1734,27,6,0,1735,0,0.0,9472,73
2.7841565646231174,0.23888888888888926,5.52,2.1500000000000035,9,0,straddle_abuse,-0.07575289160013199,3,0.1725,21,6,0,1735,0,0.0,9600,74
2.7958449199795723,-0.208888888888889,1.66,-1.8800000000000012,9,0,straddle_abuse,-0.12461689362923305,1,0.1717,25,6,0,1735,0,0.0,9728,75
2.780238024890423,0.46222222222222265,3.6,4.160000000000004,9,0,straddle_abuse,-0.04831084112326304,2,0.1708,24,6,0,1735,0,0.0,9856,76
2.720329664647579,-0.17222222222222233,2.22,-1.550000000000001,9,0,straddle_abuse,-0.09846020489931107,1,0.1699,17,6,0,1735,0,0.0,9984,77
2.687584998086095,1.0311111111111129,15.4,9.280000000000015,9,0,straddle_abuse,0.546816090742747,3,0.1691,16,6,0,1735,0,0.0,10112,78
2.7618902269750834,1.8155555555555543,17.72,16.33999999999999,9,0,straddle_abuse,1.580000877380371,1,0.1683,25,6,0,1735,0,0.0,10240,79
2.8556612795218825,-0.20888888888888904,1.84,-1.8800000000000014,9,0,straddle_abuse,-0.12017700572808583,1,0.1674,19,6,0,1735,0,0.0,10368,80
2.671393063850701,0.7366666666666668,7.13,6.630000000000002,9,0,straddle_abuse,0.11624053617318471,3,0.1666,18,6,0,1735,0,0.0,10496,81
2.742476495914161,1.2155555555555564,10.72,10.940000000000007,9,0,straddle_abuse,0.34156404932339984,5,0.1657,17,6,0,1735,0,0.0,10624,82
2.8514962000772357,-0.18444444444444452,9.25,-1.6600000000000006,9,0,straddle_abuse,0.2824174960454305,2,0.1649,22,6,0,1735,0,0.0,10752,83
2.8677821392193437,-0.1955555555555557,0,-1.7600000000000013,9,0,straddle_abuse,-0.10772104561328888,0,0.1641,17,6,0,1735,0,0.0,10880,84
2.6574987526983023,0.566666666666667,5.78,5.100000000000003,9,0,straddle_abuse,0.038776655991872154,3,0.1633,25,6,0,1735,0,0.0,11008,85
2.6712125027552247,0.2733333333333335,7.93,2.4600000000000013,9,0,straddle_abuse,0.03559671342372894,2,0.1625,26,6,0,1735,0,0.0,11136,86
2.7362917875871062,3.943333333333335,37,35.490000000000016,9,0,straddle_abuse,6.3685377438863116,2,0.1616,23,6,0,1735,1,0.1111111111111111,11264,87
2.912963218986988,5.271111111111114,36.34,47.440000000000026,9,0,straddle_abuse,5.9360049565633135,3,0.1608,23,6,0,1735,1,0.1111111111111111,11392,88
2.6341987308114767,1.83222222222222,22.71,16.48999999999998,9,0,straddle_abuse,0.9505332708358765,9,0.16,24,6,0,1735,0,0.0,11520,89
2.786207570694387,-0.17444444444444446,8.67,-1.57,9,0,straddle_abuse,0.056745871901512146,1,0.1592,15,6,0,1735,0,0.0,11648,90
2.6230408074334264,0.3011111111111119,3.97,2.710000000000007,9,0,straddle_abuse,-0.06998815635840099,3,0.1584,19,6,0,1735,0,0.0,11776,91
2.710687132552266,3.4599999999999995,32.37,31.139999999999997,9,0,straddle_abuse,3.9485642115275064,3,0.1576,16,6,0,1735,1,0.1111111111111111,11904,92
2.731810544617474,0.1944444444444451,2.89,1.750000000000006,9,0,straddle_abuse,-0.09997188051541646,2,0.1569,14,6,0,1735,0,0.0,12032,93
2.7416656902059913,2.334444444444445,18.83,21.01000000000001,9,0,straddle_abuse,1.5039591391881306,4,0.1561,15,6,0,1735,0,0.0,12160,94
2.78055754955858,-0.16666666666666677,0,-1.5000000000000009,9,0,straddle_abuse,-0.10412229349215825,0,0.1553,24,6,0,1735,0,0.0,12288,95
2.902275098487735,0.04999999999999987,2.67,0.44999999999999885,9,0,straddle_abuse,-0.10125504434108734,1,0.1545,21,6,0,1735,0,0.0,12416,96
2.6467748330906034,1.1733333333333338,11.9,10.560000000000004,9,0,straddle_abuse,0.2453210453192393,1,0.1537,22,6,0,1735,0,0.0,12544,97
2.808461115695536,0.23111111111111113,3.56,2.08,9,0,straddle_abuse,-0.056638134022553764,2,0.153,14,6,0,1735,0,0.0,12672,98
2.804763817228377,2.23222222222222,21.59,20.08999999999998,9,0,straddle_abuse,1.367478569348653,4,0.1522,16,6,0,1735,0,0.0,12800,99
2.8615735713392496,-0.24222222222222234,0,-2.180000000000001,9,0,straddle_abuse,-0.12090595811605453,0,0.25,34,7,0,1736,0,0.0,128,0
2.853555154055357,1.838888888888889,23.96,16.55,9,0,straddle_abuse,0.8240207235018412,5,0.2487,31,7,0,1736,0,0.0,256,1
2.68170796521008,1.9655555555555517,20.81,17.689999999999966,9,0,straddle_abuse,0.9861294627189636,4,0.2475,34,7,0,1736,0,0.0,384,2
2.867622923105955,1.9200000000000002,16.16,17.28,9,0,straddle_abuse,0.9563548763593038,5,0.2463,40,7,0,1736,0,0.0,512,3
2.7794925989583135,0.32666666666666655,2.54,2.939999999999999,9,0,straddle_abuse,-0.0809895892937978,2,0.245,31,7,0,1736,0,0.0,640,4
2.78353888168931,-0.19444444444444456,0,-1.750000000000001,9,0,straddle_abuse,-0.09787221997976303,0,0.2438,28,7,0,1736,0,0.0,768,5
2.8839128147810698,-0.18111111111111125,0,-1.6300000000000012,9,0,straddle_abuse,-0.12888641158739725,0,0.2426,32,7,0,1736,0,0.0,896,6
2.857227938249707,2.795555555555551,27.18,25.15999999999996,9,0,straddle_abuse,1.6717760562896729,2,0.2414,35,7,0,1736,0,0.0,1024,7
2.7605863865464926,0.6933333333333348,7.77,6.2400000000000135,9,0,straddle_abuse,0.1162562370300293,1,0.2402,33,7,0,1736,0,0.0,1152,8
2.807175233028829,3.395555555555553,19.92,30.559999999999977,9,0,straddle_abuse,1.2877363363901775,5,0.239,33,7,0,1736,0,0.0,1280,9
2.8697547651827335,2.9999999999999973,23.12,26.999999999999975,9,0,straddle_abuse,1.5682664314905803,4,0.2378,26,7,0,1736,0,0.0,1408,10
2.598724721930921,1.3166666666666675,12.99,11.850000000000009,9,0,straddle_abuse,0.44704832633336383,2,0.2366,36,7,0,1736,0,0.0,1536,11
2.7881985064595938,1.5277777777777803,21.59,13.750000000000023,9,0,straddle_abuse,0.9168654481569926,3,0.2354,26,7,0,1736,0,0.0,1664,12
2.800697911530733,1.3955555555555597,26.4,12.560000000000038,9,0,straddle_abuse,1.8697547912597656,2,0.2342,23,7,0,1736,0,0.0,1792,13
2.7511605583131313,0.2188888888888889,17.96,1.9700000000000002,9,0,straddle_abuse,1.088751236597697,4,0.2331,33,7,0,1736,0,0.0,1920,14
2.7966611832380295,0.009999999999999851,2.13,0.08999999999999866,9,0,straddle_abuse,-0.1217499350508054,4,0.2319,24,7,0,1736,0,0.0,2048,15
2.805513611063361,-0.18666666666666681,0,-1.6800000000000013,9,0,straddle_abuse,-0.12260561436414719,0,0.2307,37,7,0,1736,0,0.0,2176,16
2.6629140870645642,3.324444444444441,25.77,29.91999999999997,9,0,straddle_abuse,3.6649746100107827,5,0.2296,26,7,0,1736,0,0.0,2304,17
2.7089890418574214,2.103333333333336,9.96,18.930000000000025,9,0,straddle_abuse,0.5206307967503866,5,0.2284,28,7,0,1736,0,0.0,2432,18
2.772049522958696,0.0933333333333334,2.97,0.8400000000000005,9,0,straddle_abuse,-0.09083072592814763,3,0.2273,20,7,0,1736,0,0.0,2560,19
2.72393767349422,-0.17111111111111107,5.95,-1.5399999999999996,9,0,straddle_abuse,-0.10721215854088466,1,0.2262,32,7,0,1736,0,0.0,2688,20
2.6855534752830863,-0.13888888888888898,0,-1.2500000000000009,9,0,straddle_abuse,-0.12355845918258031,0,0.225,28,7,0,1736,0,0.0,2816,21
2.6564100487157702,-0.12666666666666673,0,-1.1400000000000006,9,0,straddle_abuse,-0.11908040444056193,0,0.2239,25,7,0,1736,0,0.0,2944,22
2.736822892911732,7.669999999999994,37,69.02999999999994,9,0,straddle_abuse,5.498251279195149,5,0.2228,31,7,0,1736,1,0.1111111111111111,3072,23
2.812341269105673,6.866666666666665,35.68,61.79999999999999,9,0,straddle_abuse,10.297880172729492,10,0.2217,33,7,0,1736,1,0.1111111111111111,3200,24
2.6814673487097025,0.7722222222222224,8.18,6.950000000000001,9,0,straddle_abuse,0.15087083478768668,2,0.2206,29,7,0,1736,0,0.0,3328,25
2.857709787786007,0.32666666666666705,4.85,2.9400000000000035,9,0,straddle_abuse,-0.03706746796766917,1,0.2195,31,7,0,1736,0,0.0,3456,26
2.7729224003851414,5.705555555555552,35.68,51.34999999999997,9,0,straddle_abuse,5.442489147186279,4,0.2184,28,7,0,1736,1,0.1111111111111111,3584,27
2.795651831664145,0.8800000000000019,14.39,7.920000000000017,9,0,straddle_abuse,0.8097440600395203,3,0.2173,24,7,0,1736,0,0.0,3712,28
2.8446782203391194,2.8977777777777742,27.75,26.07999999999997,9,0,straddle_abuse,2.5204856395721436,6,0.2162,32,7,0,1736,0,0.0,3840,29
2.6702609676867723,0.9355555555555579,8.99,8.420000000000021,9,0,straddle_abuse,0.17903841535250345,5,0.2151,30,7,0,1736,0,0.0,3968,30
2.6380185168236494,1.874444444444437,16.53,16.869999999999933,9,0,straddle_abuse,1.1657783190409343,6,0.214,34,7,0,1736,0,0.0,4096,31
2.6599680818617344,0.4900000000000011,6.02,4.41000000000001,9,0,straddle_abuse,0.06225485603014628,1,0.213,23,7,0,1736,0,0.0,4224,32
2.741468378342688,0.24444444444444516,7.58,2.2000000000000064,9,0,straddle_abuse,0.006966893871625264,3,0.2119,24,7,0,1736,0,0.0,4352,33
2.634274195879698,1.6900000000000017,11.89,15.210000000000015,9,0,straddle_abuse,0.5627142985661825,4,0.2108,23,7,0,1736,0,0.0,4480,34
2.775278555229306,0.6711111111111121,7.71,6.040000000000009,9,0,straddle_abuse,0.10871884723504384,2,0.2098,30,7,0,1736,0,0.0,4608,35
2.8044474767521024,2.9522222222222227,28.44,26.570000000000004,9,0,straddle_abuse,3.1050406297047934,2,0.2087,25,7,0,1736,0,0.0,4736,36
2.8054636558517814,2.6055555555555543,25.27,23.44999999999999,9,0,straddle_abuse,2.56406839688619,2,0.2077,29,7,0,1736,0,0.0,4864,37
2.670015102252364,2.318888888888889,12.69,20.87,9,0,straddle_abuse,0.8120185931523641,4,0.2066,29,7,0,1736,0,0.0,4992,38
2.6802569730207324,3.9499999999999997,37,35.55,9,0,straddle_abuse,6.62340768178304,5,0.2056,26,7,0,1736,1,0.1111111111111111,5120,39
2.5654124347493052,3.4511111111111106,32.37,31.059999999999995,9,0,straddle_abuse,4.152520815531413,2,0.2046,27,7,0,1736,1,0.1111111111111111,5248,40
2.6694880463182926,2.1255555555555494,20.44,19.129999999999946,9,0,straddle_abuse,1.2476335366566975,4,0.2036,29,7,0,1736,0,0.0,5376,41
2.593752737157047,0.9988888888888918,7.54,8.990000000000027,9,0,straddle_abuse,0.3137892484664917,3,0.2025,24,7,0,1736,0,0.0,5504,42
2.659797554835677,-0.10888888888888895,0,-0.9800000000000005,9,0,straddle_abuse,0.11815064152081807,0,0.2015,21,7,0,1736,0,0.0,5632,43
2.590569962747395,0.1966666666666675,2.97,1.7700000000000073,9,0,straddle_abuse,0.06708057721455891,2,0.2005,26,7,0,1736,0,0.0,5760,44
2.6067695282399654,-0.17777777777777817,28.26,-1.6000000000000036,9,0,straddle_abuse,1.8594783544540405,1,0.1995,25,7,0,1736,0,0.0,5888,45
2.8217318700626493,0.40222222222222287,23.12,3.620000000000006,9,0,straddle_abuse,1.2868404785792034,3,0.1985,33,7,0,1736,0,0.0,6016,46
2.6625748993828893,2.3299999999999965,17.53,20.96999999999997,9,0,straddle_abuse,1.4475383758544922,5,0.1975,20,7,0,1736,0,0.0,6144,47
2.689845684915781,2.37444444444444,22.82,21.36999999999996,9,0,straddle_abuse,2.650430758794149,1,0.1965,24,7,0,1736,0,0.0,6272,48
2.722191834822297,1.9755555555555528,17.13,17.779999999999976,9,0,straddle_abuse,1.0872232516606648,4,0.1956,25,7,0,1736,0,0.0,6400,49
2.6522945230826735,8.466999999999997,37,84.66999999999997,10,0,straddle_abuse,10.030447324117025,6,0.1946,27,7,0,1736,2,0.2,6528,50
2.6327722165733576,-0.007777777777777746,9.96,-0.06999999999999972,9,0,straddle_abuse,0.1585157811641693,4,0.1936,24,7,0,1736,0,0.0,6656,51
2.655491467565298,0.41666666666666746,3.96,3.750000000000007,9,0,straddle_abuse,-0.036146203676859535,6,0.1926,24,7,0,1736,0,0.0,6784,52
2.7960136150941253,-0.14444444444444454,0.67,-1.300000000000001,9,0,straddle_abuse,-0.09230487793684006,1,0.1917,18,7,0,1736,0,0.0,6912,53
2.7137877149507403,0.4433333333333342,5.49,3.9900000000000078,9,0,straddle_abuse,0.043227205673853554,3,0.1907,28,7,0,1736,0,0.0,7040,54
2.88179524615407,1.5866666666666667,15.92,14.28,9,0,straddle_abuse,1.1381417910257976,1,0.1898,23,7,0,1736,0,0.0,7168,55
2.7361537162214518,-0.21777777777777796,1.85,-1.9600000000000015,9,0,straddle_abuse,-0.08919147153695424,1,0.1888,27,7,0,1736,0,0.0,7296,56
2.746186500415206,3.714444444444443,30.26,33.429999999999986,9,0,straddle_abuse,3.269127686818441,7,0.1879,23,7,0,1736,1,0.1111111111111111,7424,57
2.7469238275662065,-0.21555555555555567,3.97,-1.940000000000001,9,0,straddle_abuse,-0.08769143869479497,1,0.1869,29,7,0,1736,0,0.0,7552,58
2.671718235127628,2.616666666666666,15.86,23.549999999999994,9,0,straddle_abuse,1.140716552734375,5,0.186,25,7,0,1736,0,0.0,7680,59
2.8461611540988088,3.4366666666666656,32.73,30.92999999999999,9,0,straddle_abuse,3.5176636377970376,2,0.1851,16,7,0,1736,1,0.1111111111111111,7808,60
3.019233824685216,-0.2511111111111112,0,-2.2600000000000007,9,0,straddle_abuse,-0.11578644315401714,0,0.1841,27,7,0,1736,0,0.0,7936,61
2.7762945350259542,-0.21111111111111125,0,-1.9000000000000012,9,0,straddle_abuse,-0.11043975750605266,0,0.1832,19,7,0,1736,0,0.0,8064,62
2.832044898532331,1.375555555555558,7.86,12.380000000000022,9,0,straddle_abuse,0.2482263147830963,4,0.1823,29,7,0,1736,0,0.0,8192,63
2.6563407722860575,-0.21000000000000008,4.44,-1.8900000000000008,9,0,straddle_abuse,-0.06703784316778183,3,0.1814,29,7,0,1736,0,0.0,8320,64
2.70396432839334,3.0233333333333268,20.35,27.20999999999994,9,0,straddle_abuse,1.3945241371790569,5,0.1805,20,7,0,1736,0,0.0,8448,65
2.826145889237523,-0.2155555555555557,0,-1.9400000000000013,9,0,straddle_abuse,-0.14918428659439087,0,0.1796,20,7,0,1736,0,0.0,8576,66
2.5962521452456713,0.12111111111111066,25.11,1.0899999999999959,9,0,straddle_abuse,2.3700950940450034,3,0.1787,23,7,0,1736,0,0.0,8704,67
2.7764579840004444,1.6277777777777802,16.11,14.650000000000022,9,0,straddle_abuse,0.8038344581921896,4,0.1778,18,7,0,1736,0,0.0,8832,68
2.694362509995699,1.0200000000000016,9.25,9.180000000000014,9,0,straddle_abuse,0.22794783115386963,3,0.1769,25,7,0,1736,0,0.0,8960,69
2.7956115286797285,-0.198888888888889,3.4,-1.7900000000000011,9,0,straddle_abuse,-0.10795865207910538,3,0.176,28,7,0,1736,0,0.0,9088,70
2.622529703192413,-0.1966666666666668,0,-1.7700000000000011,9,0,straddle_abuse,-0.11759314934412639,0,0.1751,17,7,0,1736,0,0.0,9216,71
2.5135781057178974,1.594444444444446,28.78,14.350000000000016,9,0,straddle_abuse,1.7508370478947957,3,0.1743,20,7,0,1736,0,0.0,9344,72
2.7312182672321796,5.464444444444447,34.19,49.18000000000002,9,0,straddle_abuse,5.851685206095378,4,0.1734,25,7,0,1736,1,0.1111111111111111,9472,73
2.6971341632306576,5.345555555555552,34.69,48.109999999999964,9,0,straddle_abuse,6.815142790476481,5,0.1725,21,7,0,1736,1,0.1111111111111111,9600,74
2.611833555623889,3.717777777777777,34.63,33.459999999999994,9,0,straddle_abuse,5.257023970286052,4,0.1717,14,7,0,1736,1,0.1111111111111111,9728,75
2.722891747020185,3.9455555555555555,37,35.51,9,0,straddle_abuse,4.674266974131267,3,0.1708,18,7,0,1736,1,0.1111111111111111,9856,76
2.883083403110504,2.032222222222222,23.64,18.289999999999996,9,0,straddle_abuse,1.3224376837412517,4,0.1699,23,7,0,1736,0,0.0,9984,77
2.7194739785045385,-0.1500000000000001,0,-1.350000000000001,9,0,straddle_abuse,-0.06761933118104935,0,0.1691,23,7,0,1736,0,0.0,10112,78
2.5546091524884105,-0.1577777777777779,0,-1.420000000000001,9,0,straddle_abuse,-0.06379243234793346,0,0.1683,20,7,0,1736,0,0.0,10240,79
2.6227247091010213,3.4022222222222194,25.44,30.619999999999973,9,0,straddle_abuse,2.1939545472462973,4,0.1674,24,7,0,1736,0,0.0,10368,80
2.699736190959811,2.0422222222222213,10.07,18.379999999999992,9,0,straddle_abuse,0.7189772129058838,2,0.1666,17,7,0,1736,0,0.0,10496,81
2.610862215049565,1.098888888888891,11.65,9.890000000000018,9,0,straddle_abuse,0.18982024987538657,8,0.1657,16,7,0,1736,0,0.0,10624,82
2.6237263893708587,5.444444444444442,37,48.99999999999998,9,0,straddle_abuse,5.839169820149739,7,0.1649,27,7,0,1736,1,0.1111111111111111,10752,83
2.7118779653683305,1.8255555555555556,10.56,16.43,9,0,straddle_abuse,0.38553420702616376,4,0.1641,14,7,0,1736,0,0.0,10880,84
2.631452496163547,-0.18888888888888902,0,-1.7000000000000013,9,0,straddle_abuse,0.01661589741706848,0,0.1633,17,7,0,1736,0,0.0,11008,85
2.578694988042116,-0.15888888888888897,0,-1.4300000000000008,9,0,straddle_abuse,-0.016547153393427532,0,0.1625,20,7,0,1736,0,0.0,11136,86
2.646777751855552,6.264444444444441,32.37,56.379999999999974,9,0,straddle_abuse,5.040915807088216,4,0.1616,19,7,0,1736,1,0.1111111111111111,11264,87
2.652380500920117,-0.14777777777777787,0,-1.3300000000000007,9,0,straddle_abuse,-0.07869665076335271,0,0.1608,14,7,0,1736,0,0.0,11392,88
2.6281825406476855,4.788888888888892,35.44,43.10000000000003,9,0,straddle_abuse,4.932922840118408,4,0.16,25,7,0,1736,1,0.1111111111111111,11520,89
2.5899937245994806,-0.15777777777777754,13.21,-1.419999999999998,9,0,straddle_abuse,0.19334213932355246,3,0.1592,24,7,0,1736,0,0.0,11648,90
2.548098301514983,0.566666666666667,6.23,5.100000000000003,9,0,straddle_abuse,0.052313302954037987,3,0.1584,25,7,0,1736,0,0.0,11776,91
2.701310974545777,0.13777777777777775,2.95,1.2399999999999998,9,0,straddle_abuse,-0.055657426516215004,1,0.1576,25,7,0,1736,0,0.0,11904,92
2.74010762386024,5.325555555555555,20.53,47.92999999999999,9,0,straddle_abuse,2.9176438649495444,7,0.1569,21,7,0,1736,0,0.0,12032,93
2.5910182800143957,1.2844444444444472,13.22,11.560000000000024,9,0,straddle_abuse,0.49042438467343646,9,0.1561,24,7,0,1736,0,0.0,12160,94
2.7398246992379427,0.8455555555555561,4.98,7.610000000000005,9,0,straddle_abuse,0.03164328138033549,2,0.1553,22,7,0,1736,0,0.0,12288,95
2.710999240167439,1.69888888888889,16.77,15.29000000000001,9,0,straddle_abuse,1.255446155865987,2,0.1545,25,7,0,1736,0,0.0,12416,96
2.5987793263047934,-0.062222222222222005,14.12,-0.559999999999998,9,0,straddle_abuse,0.26269423961639404,11,0.1537,25,7,0,1736,0,0.0,12544,97
2.571094182319939,2.5311111111111066,22.63,22.77999999999996,9,0,straddle_abuse,2.1326303482055664,7,0.153,20,7,0,1736,0,0.0,12672,98
2.7294857427477837,0.007777777777777686,1.63,0.06999999999999917,9,0,straddle_abuse,-0.08672981709241867,1,0.1522,25,7,0,1736,0,0.0,12800,99
2.7941583953797817,-0.19222222222222238,0,-1.7300000000000013,9,0,straddle_abuse,-0.13852428396542868,0,0.25,28,8,0,1737,0,0.0,128,0
2.9496881254017353,0.78,9.25,7.0200000000000005,9,0,straddle_abuse,0.3254029154777527,1,0.2487,23,8,0,1737,0,0.0,256,1
2.9290901999920607,1.5166666666666684,12.58,13.650000000000016,9,0,straddle_abuse,0.640083114306132,4,0.2475,24,8,0,1737,0,0.0,384,2
2.817744620144367,-0.21888888888888902,0,-1.9700000000000013,9,0,straddle_abuse,-0.12360343088706334,0,0.2463,27,8,0,1737,0,0.0,512,3
2.8319073244929314,1.7966666666666649,9.2,16.169999999999984,9,0,straddle_abuse,0.40607279539108276,6,0.245,33,8,0,1737,0,0.0,640,4
2.859231239184737,-0.17666666666666678,0,-1.590000000000001,9,0,straddle_abuse,-0.1123329649368922,0,0.2438,30,8,0,1737,0,0.0,768,5
2.689497766084969,1.2611111111111137,12.94,11.350000000000023,9,0,straddle_abuse,0.5609771609306335,2,0.2426,34,8,0,1737,0,0.0,896,6
2.646253142505884,0.23444444444444457,23.17,2.110000000000001,9,0,straddle_abuse,1.8440887928009033,2,0.2414,34,8,0,1737,0,0.0,1024,7
2.888216532766819,1.7133333333333332,23.79,15.419999999999998,9,0,straddle_abuse,1.40402090549469,1,0.2402,27,8,0,1737,0,0.0,1152,8
2.9346492029726505,-0.22000000000000014,0,-1.9800000000000013,9,0,straddle_abuse,-0.10813480118910472,0,0.239,28,8,0,1737,0,0.0,1280,9
2.7504004407674074,1.2211111111111126,7.94,10.990000000000013,9,0,straddle_abuse,0.21512549122174582,3,0.2378,30,8,0,1737,0,0.0,1408,10
2.7550099780783057,0.07555555555555545,1.76,0.679999999999999,9,0,straddle_abuse,-0.10536649326483409,2,0.2366,24,8,0,1737,0,0.0,1536,11
2.737673076801002,0.6522222222222231,7.77,5.870000000000008,9,0,straddle_abuse,0.048901453614234924,1,0.2354,32,8,0,1737,0,0.0,1664,12
2.913675980642438,2.523333333333337,11.9,22.710000000000033,9,0,straddle_abuse,0.9931724667549133,4,0.2342,27,8,0,1737,0,0.0,1792,13
2.7798789953812957,-0.22000000000000014,0,-1.9800000000000013,9,0,straddle_abuse,-0.13439362744490305,0,0.2331,29,8,0,1737,0,0.0,1920,14
2.787140822969377,-0.1844444444444445,13.21,-1.6600000000000004,9,0,straddle_abuse,0.06478214263916016,3,0.2319,25,8,0,1737,0,0.0,2048,15
2.6410503210499883,0.3788888888888889,4.78,3.41,9,0,straddle_abuse,-0.02307949463526408,4,0.2307,30,8,0,1737,0,0.0,2176,16
2.7674683276563883,1.3933333333333349,9.25,12.540000000000013,9,0,straddle_abuse,0.31791073083877563,2,0.2296,47,8,0,1737,0,0.0,2304,17
2.814275606535375,-0.11777777777777781,2.62,-1.0600000000000003,9,0,straddle_abuse,-0.11677221953868866,2,0.2284,31,8,0,1737,0,0.0,2432,18
2.869500270113349,3.1066666666666634,11.89,27.95999999999997,9,0,straddle_abuse,1.1573572556177776,6,0.2273,31,8,0,1737,0,0.0,2560,19
2.820191314443946,0.3344444444444453,4.84,3.010000000000008,9,0,straddle_abuse,-0.0387544184923172,2,0.2262,20,8,0,1737,0,0.0,2688,20
2.785963809117675,2.257777777777776,14.23,20.319999999999983,9,0,straddle_abuse,0.5198468764623007,2,0.225,27,8,0,1737,0,0.0,2816,21
2.79505455493927,0.25666666666666704,4.16,2.310000000000003,9,0,straddle_abuse,-0.10365822662909825,2,0.2239,34,8,0,1737,0,0.0,2944,22
2.746157815679908,2.171111111111114,14.35,19.540000000000024,9,0,straddle_abuse,1.0177350441614788,3,0.2228,20,8,0,1737,0,0.0,3072,23
2.9049569368362427,0.40444444444444566,5.14,3.640000000000011,9,0,straddle_abuse,-0.024740556875864666,3,0.2217,30,8,0,1737,0,0.0,3200,24
2.7980187088251114,-0.20444444444444446,9.06,-1.84,9,0,straddle_abuse,0.1433030217885971,2,0.2206,34,8,0,1737,0,0.0,3328,25
2.752367241308093,-0.1855555555555557,0,-1.6700000000000013,9,0,straddle_abuse,-0.1278858259320259,0,0.2195,24,8,0,1737,0,0.0,3456,26
2.850760243833065,-0.19333333333333347,0,-1.7400000000000013,9,0,straddle_abuse,-0.136918842792511,0,0.2184,35,8,0,1737,0,0.0,3584,27
2.788387255743146,0.13888888888888923,3.21,1.250000000000003,9,0,straddle_abuse,-0.07361134886741638,1,0.2173,31,8,0,1737,0,0.0,3712,28
2.9364439006894827,0.5322222222222236,11.43,4.7900000000000125,9,0,straddle_abuse,0.4478699763615926,3,0.2162,27,8,0,1737,0,0.0,3840,29
2.835343025624752,1.2944444444444467,18.5,11.65000000000002,9,0,straddle_abuse,0.769037663936615,3,0.2151,25,8,0,1737,0,0.0,3968,30
2.9867056757211685,1.0955555555555558,13.22,9.860000000000003,9,0,straddle_abuse,0.3667917847633362,3,0.214,25,8,0,1737,0,0.0,4096,31
2.6830877978354692,1.631111111111112,15.31,14.680000000000009,9,0,straddle_abuse,1.119877020517985,6,0.213,29,8,0,1737,0,0.0,4224,32
2.7987141646444798,-0.158888888888889,0,-1.430000000000001,9,0,straddle_abuse,-0.1143730456630389,0,0.2119,29,8,0,1737,0,0.0,4352,33
2.63800875749439,-0.1477777777777779,0,-1.330000000000001,9,0,straddle_abuse,-0.10191369305054347,0,0.2108,27,8,0,1737,0,0.0,4480,34
2.73670544475317,-0.18111111111111103,6.49,-1.6299999999999992,9,0,straddle_abuse,0.02234490712483724,2,0.2098,20,8,0,1737,0,0.0,4608,35
2.636333543807268,1.9155555555555515,27.75,17.239999999999963,9,0,straddle_abuse,1.5059334834416707,4,0.2087,25,8,0,1737,0,0.0,4736,36
2.780516104772687,-0.19333333333333347,0,-1.740000000000001,9,0,straddle_abuse,-0.12122281889120738,0,0.2077,26,8,0,1737,0,0.0,4864,37
2.8749385038390756,3.9411111111111095,33.37,35.469999999999985,9,0,straddle_abuse,5.224446614583333,3,0.2066,27,8,0,1737,1,0.1111111111111111,4992,38
2.8396107433363795,0.6833333333333351,6.94,6.150000000000016,9,0,straddle_abuse,0.1026712457338969,3,0.2056,28,8,0,1737,0,0.0,5120,39
2.73112129047513,2.564444444444442,27.62,23.07999999999998,9,0,straddle_abuse,3.0448903242746987,1,0.2046,29,8,0,1737,0,0.0,5248,40
2.90215808711946,-0.16555555555555565,0,-1.4900000000000009,9,0,straddle_abuse,-0.11950615545113881,0,0.2036,26,8,0,1737,0,0.0,5376,41
2.784047793596983,-0.1766666666666667,6.47,-1.5900000000000003,9,0,straddle_abuse,0.0029416282971700034,1,0.2025,29,8,0,1737,0,0.0,5504,42
2.7912893034517765,-0.17000000000000007,0,-1.5300000000000007,9,0,straddle_abuse,-0.11518699427445729,0,0.2015,23,8,0,1737,0,0.0,5632,43
2.6807320155203342,0.23444444444444498,8.54,2.1100000000000048,9,0,straddle_abuse,0.07622437675793965,2,0.2005,28,8,0,1737,0,0.0,5760,44
2.645693002268672,3.6055555555555605,32.37,32.450000000000045,9,0,straddle_abuse,4.479583104451497,3,0.1995,23,8,0,1737,1,0.1111111111111111,5888,45
2.8098102547228336,0.7711111111111123,8.38,6.940000000000011,9,0,straddle_abuse,0.3809754053751628,2,0.1985,26,8,0,1737,0,0.0,6016,46
2.810443392023444,0.376666666666667,4.38,3.390000000000003,9,0,straddle_abuse,-0.0474648450811704,2,0.1975,28,8,0,1737,0,0.0,6144,47
2.7518489519134164,0.17000000000000026,27.75,1.5300000000000025,9,0,straddle_abuse,1.7981080214182537,5,0.1965,21,8,0,1737,0,0.0,6272,48
2.6677706325426698,4.284444444444444,35.68,38.559999999999995,9,0,straddle_abuse,5.488681157430013,2,0.1956,21,8,0,1737,1,0.1111111111111111,6400,49
2.710646767169237,1.8422222222222233,11.87,16.58000000000001,9,0,straddle_abuse,0.6197819312413534,3,0.1946,25,8,0,1737,0,0.0,6528,50
2.880524806678295,-0.23111111111111127,0,-2.0800000000000014,9,0,straddle_abuse,-0.11219566812117894,0,0.1936,25,8,0,1737,0,0.0,6656,51
2.8624956142157316,0.36444444444444474,27.75,3.2800000000000025,9,0,straddle_abuse,0.5982050100962321,1,0.1926,26,8,0,1737,0,0.0,6784,52
2.7848766203969717,-0.16333333333333344,0,-1.4700000000000009,9,0,straddle_abuse,-0.10682254284620285,0,0.1917,24,8,0,1737,0,0.0,6912,53
2.8877104111015797,-0.21111111111111128,0,-1.9000000000000015,9,0,straddle_abuse,-0.12615048388640085,0,0.1907,23,8,0,1737,0,0.0,7040,54
2.776504823938012,3.9611111111111126,37,35.65000000000001,9,0,straddle_abuse,4.803294976552327,3,0.1898,21,8,0,1737,1,0.1111111111111111,7168,55
2.6807881956920028,3.2333333333333285,30.6,29.099999999999955,9,0,straddle_abuse,3.0432146390279136,2,0.1888,26,8,0,1737,1,0.1111111111111111,7296,56
2.7392912916839123,3.8088888888888954,35.68,34.28000000000006,9,0,straddle_abuse,3.128918727238973,1,0.1879,24,8,0,1737,1,0.1111111111111111,7424,57
2.8407751945778728,-0.1500000000000001,0,-1.350000000000001,9,0,straddle_abuse,-0.13344184557596842,0,0.1869,23,8,0,1737,0,0.0,7552,58
2.938779299147427,-0.22222222222222238,0,-2.0000000000000013,9,0,straddle_abuse,-0.13109454015890756,0,0.186,24,8,0,1737,0,0.0,7680,59
2.781242704950273,-0.1900000000000001,0,-1.710000000000001,9,0,straddle_abuse,-0.1274952491124471,0,0.1851,23,8,0,1737,0,0.0,7808,60
2.8609674517065287,0.7422222222222232,8.42,6.6800000000000095,9,0,straddle_abuse,0.03825230896472931,3,0.1841,28,8,0,1737,0,0.0,7936,61
2.587046886794269,-0.1055555555555556,0,-0.9500000000000004,9,0,straddle_abuse,-0.11837579806645711,0,0.1832,20,8,0,1737,0,0.0,8064,62
2.730197034776211,0.4244444444444446,3.06,3.8200000000000016,9,0,straddle_abuse,-0.059523421029249825,2,0.1823,15,8,0,1737,0,0.0,8192,63
2.787730036303401,-0.20222222222222236,0,-1.8200000000000012,9,0,straddle_abuse,-0.1287730485200882,0,0.1814,21,8,0,1737,0,0.0,8320,64
2.825254843570292,-0.1866666666666668,1.73,-1.680000000000001,9,0,straddle_abuse,-0.12085155646006267,1,0.1805,17,8,0,1737,0,0.0,8448,65
2.752878036350012,-0.15444444444444436,8,-1.3899999999999992,9,0,straddle_abuse,0.0259301761786143,3,0.1796,27,8,0,1737,0,0.0,8576,66
2.657084349542856,-0.14333333333333337,4.44,-1.2900000000000003,9,0,straddle_abuse,-0.09568968663613002,1,0.1787,18,8,0,1737,0,0.0,8704,67
2.823141820728779,1.151111111111115,11.36,10.360000000000035,9,0,straddle_abuse,0.6867483456929525,3,0.1778,20,8,0,1737,0,0.0,8832,68
2.8476945348083973,2.098888888888888,20.65,18.88999999999999,9,0,straddle_abuse,1.9155202309290569,2,0.1769,26,8,0,1737,0,0.0,8960,69
2.6711701955646276,0.10222222222222244,11.9,0.9200000000000019,9,0,straddle_abuse,0.7456388473510742,4,0.176,23,8,0,1737,0,0.0,9088,70
2.7342142956331372,0.5522222222222233,6.4,4.9700000000000095,9,0,straddle_abuse,0.02550967037677765,7,0.1751,25,8,0,1737,0,0.0,9216,71
2.686571887694299,1.9166666666666687,14.06,17.250000000000018,9,0,straddle_abuse,0.8135167360305786,5,0.1743,15,8,0,1737,0,0.0,9344,72
2.7332627726718783,1.1822222222222245,11.9,10.64000000000002,9,0,straddle_abuse,0.46059395869572956,2,0.1734,25,8,0,1737,0,0.0,9472,73
2.6447023386135697,2.167777777777778,13.97,19.51,9,0,straddle_abuse,0.7249767780303955,4,0.1725,23,8,0,1737,0,0.0,9600,74
2.752288179472089,2.2199999999999975,29.73,19.97999999999998,9,0,straddle_abuse,2.055455764134725,5,0.1717,20,8,0,1737,0,0.0,9728,75
2.6362678930163383,-0.10888888888888897,0,-0.9800000000000006,9,0,straddle_abuse,-0.06221603602170944,0,0.1708,22,8,0,1737,0,0.0,9856,76
2.8834899216890335,0.6855555555555556,7.5,6.17,9,0,straddle_abuse,0.20306320985158285,4,0.1699,21,8,0,1737,0,0.0,9984,77
2.8080995455384254,-0.15444444444444447,6.22,-1.3900000000000001,9,0,straddle_abuse,0.012595539291699728,2,0.1691,18,8,0,1737,0,0.0,10112,78
2.7439300632104278,0.23555555555555585,4.38,2.1200000000000028,9,0,straddle_abuse,-0.026959168414274853,4,0.1683,26,8,0,1737,0,0.0,10240,79
2.7394466809928417,3.405555555555552,28.78,30.649999999999967,9,0,straddle_abuse,2.3520174821217856,4,0.1674,26,8,0,1737,0,0.0,10368,80
2.6955876238644123,0.3555555555555571,4.95,3.200000000000014,9,0,straddle_abuse,0.028359134991963703,2,0.1666,21,8,0,1737,0,0.0,10496,81
2.6917749932035804,1.3333333333333348,13.18,12.000000000000014,9,0,straddle_abuse,0.8041344483693441,7,0.1657,12,8,0,1737,0,0.0,10624,82
2.6836453462019563,-0.13000000000000064,18.5,-1.1700000000000057,9,0,straddle_abuse,0.9292532006899515,3,0.1649,21,8,0,1737,0,0.0,10752,83
2.670812791213393,6.204444444444446,37,55.84000000000002,9,0,straddle_abuse,4.664675076802571,5,0.1641,18,8,0,1737,1,0.1111111111111111,10880,84
2.6329537043347955,-0.09777777777777785,0.34,-0.8800000000000007,9,0,straddle_abuse,-0.1265486627817154,1,0.1633,23,8,0,1737,0,0.0,11008,85
2.738236967474222,-0.10222222222222216,7.4,-0.9199999999999995,9,0,straddle_abuse,0.12223700682322185,4,0.1625,29,8,0,1737,0,0.0,11136,86
2.77418873924762,-0.11666666666666675,0.34,-1.0500000000000007,9,0,straddle_abuse,-0.12563092758258185,1,0.1616,28,8,0,1737,0,0.0,11264,87
2.8126038815826178,-0.178888888888889,0,-1.6100000000000012,9,0,straddle_abuse,-0.11526790509621303,0,0.1608,24,8,0,1737,0,0.0,11392,88
2.692833749577403,0.08222222222222207,2.49,0.7399999999999987,9,0,straddle_abuse,-0.11485309898853302,1,0.16,23,8,0,1737,0,0.0,11520,89
2.9468605183064938,2.2011111111111097,21.87,19.809999999999988,9,0,straddle_abuse,2.42529296875,1,0.1592,29,8,0,1737,0,0.0,11648,90
2.8865215498954058,-0.19777777777777794,0,-1.7800000000000014,9,0,straddle_abuse,-0.14286026855309805,0,0.1584,21,8,0,1737,0,0.0,11776,91
2.765352062880993,0.2622222222222226,9.31,2.3600000000000034,9,0,straddle_abuse,0.22075181702772775,5,0.1576,19,8,0,1737,0,0.0,11904,92
2.907623548991978,-0.19777777777777772,13.22,-1.7799999999999994,9,0,straddle_abuse,0.331638365983963,1,0.1569,14,8,0,1737,0,0.0,12032,93
2.885146550834179,1.1622222222222256,9.25,10.460000000000031,9,0,straddle_abuse,0.22651014725367227,3,0.1561,19,8,0,1737,0,0.0,12160,94
2.725661794655025,2.1555555555555554,20.81,19.4,9,0,straddle_abuse,2.2413643995920816,6,0.1553,21,8,0,1737,0,0.0,12288,95
2.9473502561450005,-0.20444444444444435,13.21,-1.8399999999999992,9,0,straddle_abuse,-0.006855900088946025,1,0.1545,22,8,0,1737,0,0.0,12416,96
2.9153598435223103,5.3344444444444346,33.3,48.00999999999991,9,0,straddle_abuse,5.751973946889241,4,0.1537,22,8,0,1737,1,0.1111111111111111,12544,97
2.8750572688877583,-0.19000000000000014,0,-1.7100000000000013,9,0,straddle_abuse,-0.13393233716487885,0,0.153,15,8,0,1737,0,0.0,12672,98
2.9084266405552626,-0.2255555555555556,6.61,-2.0300000000000002,9,0,straddle_abuse,-0.09995140631993611,1,0.1522,19,8,0,1737,0,0.0,12800,99
2.8699462339282036,-0.20888888888888904,3.96,-1.8800000000000014,9,0,straddle_abuse,-0.12457833935817082,1,0.25,36,9,0,1738,0,0.0,128,0
2.962928805500269,0.22777777777777863,10.3,2.050000000000008,9,0,straddle_abuse,0.05029835303624471,1,0.2487,38,9,0,1738,0,0.0,256,1
2.9307588562369347,1.358888888888891,14.13,12.23000000000002,9,0,straddle_abuse,0.46437321106592816,2,0.2475,31,9,0,1738,0,0.0,384,2
2.753901993855834,0.2444444444444449,3.96,2.200000000000004,9,0,straddle_abuse,-0.06330541024605434,1,0.2463,27,9,0,1738,0,0.0,512,3
2.9677971079945564,2.1411111111111114,16.41,19.270000000000003,9,0,straddle_abuse,1.3110178709030151,3,0.245,28,9,0,1738,0,0.0,640,4
2.919016469269991,-0.19555555555555573,2.81,-1.7600000000000016,9,0,straddle_abuse,-0.09910042335589726,2,0.2438,24,9,0,1738,0,0.0,768,5
2.814396845176816,0.12111111111111102,2.95,1.0899999999999992,9,0,straddle_abuse,-0.0873479296763738,1,0.2426,34,9,0,1738,0,0.0,896,6
2.7386030489578843,2.4711111111111084,23.79,22.239999999999977,9,0,straddle_abuse,2.1774868170420327,3,0.2414,40,9,0,1738,0,0.0,1024,7
2.7119435844942927,-0.19444444444444456,0,-1.750000000000001,9,0,straddle_abuse,-0.12473537772893906,0,0.2402,38,9,0,1738,0,0.0,1152,8
2.9685679972171783,-0.26333333333333325,0,-2.369999999999999,9,0,straddle_abuse,-0.16183324654897055,0,0.239,33,9,0,1738,0,0.0,1280,9
2.726980620995164,2.6066666666666647,20.26,23.459999999999983,9,0,straddle_abuse,2.182643493016561,4,0.2378,35,9,0,1738,0,0.0,1408,10
2.777103044092655,-0.20666666666666678,3.95,-1.860000000000001,9,0,straddle_abuse,-0.10765143483877182,2,0.2366,24,9,0,1738,0,0.0,1536,11
2.7895702105015516,2.175555555555556,17.57,19.580000000000002,9,0,straddle_abuse,1.4369587898254395,4,0.2354,31,9,0,1738,0,0.0,1664,12
2.5665152110159397,0.5144444444444445,5.91,4.63,9,0,straddle_abuse,0.03326729933420817,1,0.2342,32,9,0,1738,0,0.0,1792,13
2.8072100300341845,-0.1766666666666668,0,-1.5900000000000012,9,0,straddle_abuse,-0.12885656456152597,0,0.2331,31,9,0,1738,0,0.0,1920,14
2.7506904574111104,-0.17888888888888899,2.62,-1.610000000000001,9,0,straddle_abuse,-0.11214599510033925,1,0.2319,33,9,0,1738,0,0.0,2048,15
2.6624591602012515,-0.14222222222222228,0,-1.2800000000000005,9,0,straddle_abuse,-0.15173430740833282,0,0.2307,29,9,0,1738,0,0.0,2176,16
2.5931269228458405,0.2055555555555556,2.97,1.8500000000000003,9,0,straddle_abuse,-0.07640189677476883,1,0.2296,27,9,0,1738,0,0.0,2304,17
2.598179374821484,-0.15888888888888897,0,-1.4300000000000006,9,0,straddle_abuse,-0.14624401926994324,0,0.2284,37,9,0,1738,0,0.0,2432,18
2.6387336188927293,0.8477777777777776,9.16,7.629999999999999,9,0,straddle_abuse,0.22861211995283762,2,0.2273,28,9,0,1738,0,0.0,2560,19
2.5577381318435073,2.379999999999999,13.93,21.41999999999999,9,0,straddle_abuse,1.001761555671692,12,0.2262,31,9,0,1738,0,0.0,2688,20
2.6511095352470875,-0.1122222222222222,5.69,-1.0099999999999998,9,0,straddle_abuse,-0.029613109926382702,2,0.225,28,9,0,1738,0,0.0,2816,21
2.7468070797622204,1.2922222222222226,13.04,11.630000000000004,9,0,straddle_abuse,1.0664763450622559,5,0.2239,21,9,0,1738,0,0.0,2944,22
2.576839631423354,3.149999999999994,27.68,28.349999999999948,9,0,straddle_abuse,3.3497485319773355,8,0.2228,26,9,0,1738,0,0.0,3072,23
2.588328203186393,0.9222222222222237,9.31,8.300000000000013,9,0,straddle_abuse,0.2489026039838791,4,0.2217,27,9,0,1738,0,0.0,3200,24
2.5946778720244765,6.885555555555555,37,61.97,9,0,straddle_abuse,6.526126702626546,4,0.2206,28,9,0,1738,1,0.1111111111111111,3328,25
2.675261026248336,0.3744444444444452,10.67,3.3700000000000068,9,0,straddle_abuse,0.34490753213564557,3,0.2195,33,9,0,1738,0,0.0,3456,26
2.5115537149831653,0.06111111111111109,3.88,0.5499999999999998,9,0,straddle_abuse,-0.06692435344060262,3,0.2184,27,9,0,1738,0,0.0,3584,27
2.6755636809393764,-0.15000000000000008,0,-1.3500000000000008,9,0,straddle_abuse,-0.09067357828219731,0,0.2173,27,9,0,1738,0,0.0,3712,28
2.380857853218913,0.4922222222222228,3.68,4.430000000000005,9,0,straddle_abuse,-0.042534954845905304,3,0.2162,31,9,0,1738,0,0.0,3840,29
2.6189447147771716,-0.08666666666666674,0.24,-0.7800000000000007,9,0,straddle_abuse,-0.09884397933880489,1,0.2151,28,9,0,1738,0,0.0,3968,30
2.5809102654457092,-0.13777777777777786,0,-1.2400000000000007,9,0,straddle_abuse,-0.11292072137196858,0,0.214,33,9,0,1738,0,0.0,4096,31
2.6349869463592768,-0.12777777777777785,0,-1.1500000000000006,9,0,straddle_abuse,-0.13370641072591147,0,0.213,31,9,0,1738,0,0.0,4224,32
2.702411685138941,-0.1522222222222223,3.93,-1.3700000000000006,9,0,straddle_abuse,-0.11259476095438004,1,0.2119,30,9,0,1738,0,0.0,4352,33
2.655696208588779,-0.12555555555555561,0,-1.1300000000000006,9,0,straddle_abuse,-0.10526520262161891,0,0.2108,30,9,0,1738,0,0.0,4480,34
2.805302457883954,-0.23444444444444448,0,-2.1100000000000003,9,0,straddle_abuse,-0.13620772461096445,0,0.2098,26,9,0,1738,0,0.0,4608,35
2.6830475321039557,-0.16222222222222216,5.87,-1.4599999999999993,9,0,straddle_abuse,0.004221037030220032,4,0.2087,30,9,0,1738,0,0.0,4736,36
2.6788904136046767,-0.1577777777777779,0,-1.420000000000001,9,0,straddle_abuse,-0.12127822389205296,0,0.2077,25,9,0,1738,0,0.0,4864,37
2.666906110011041,1.6522222222222251,8.49,14.870000000000026,9,0,straddle_abuse,0.5090331633885702,4,0.2066,32,9,0,1738,0,0.0,4992,38
2.68626896943897,-0.1511111111111112,0,-1.3600000000000008,9,0,straddle_abuse,-0.12052662918965022,0,0.2056,23,9,0,1738,0,0.0,5120,39
2.7432541390880942,0.16888888888888895,3.56,1.5200000000000005,9,0,straddle_abuse,-0.09576197961966197,3,0.2046,24,9,0,1738,0,0.0,5248,40
2.780091270804405,0.16555555555555548,2.97,1.4899999999999993,9,0,straddle_abuse,-0.08489630868037541,2,0.2036,27,9,0,1738,0,0.0,5376,41
2.5600511180236936,0.6411111111111112,10.06,5.7700000000000005,9,0,straddle_abuse,0.15913196901480356,3,0.2025,26,9,0,1738,0,0.0,5504,42
2.516331285238266,2.12111111111111,9.99,19.08999999999999,9,0,straddle_abuse,0.6218937635421753,4,0.2015,22,9,0,1738,0,0.0,5632,43
2.7182725369930267,0.7155555555555563,4.22,6.440000000000007,9,0,straddle_abuse,-0.0030760218699773154,5,0.2005,32,9,0,1738,0,0.0,5760,44
2.571082493290305,0.41111111111111165,14,3.700000000000005,9,0,straddle_abuse,0.43487786253293353,5,0.1995,18,9,0,1738,0,0.0,5888,45
2.6489716013893485,-0.12777777777777785,0,-1.1500000000000006,9,0,straddle_abuse,-0.11637719968954723,0,0.1985,27,9,0,1738,0,0.0,6016,46
2.5595936868339777,-0.08333333333333338,0,-0.7500000000000004,9,0,straddle_abuse,-0.11384370923042297,0,0.1975,27,9,0,1738,0,0.0,6144,47
2.6470246873795986,-0.16000000000000003,5.28,-1.4400000000000004,9,0,straddle_abuse,-0.04139665514230728,1,0.1965,31,9,0,1738,0,0.0,6272,48
2.6061885952949524,0.9277777777777799,9.25,8.35000000000002,9,0,straddle_abuse,0.5550688107808431,3,0.1956,27,9,0,1738,0,0.0,6400,49
2.6272456143051386,0.2677777777777784,17.13,2.4100000000000055,9,0,straddle_abuse,0.5392661293347677,3,0.1946,32,9,0,1738,0,0.0,6528,50
2.6145748924463987,0.06999999999999994,1.8,0.6299999999999994,9,0,straddle_abuse,-0.10522202650705974,1,0.1936,30,9,0,1738,0,0.0,6656,51
2.687589737586677,4.865555555555558,28.72,43.79000000000002,9,0,straddle_abuse,3.9339168071746826,7,0.1926,19,9,0,1738,0,0.0,6784,52
2.7758628353476524,-0.1766666666666668,0,-1.5900000000000012,9,0,straddle_abuse,-0.11914073427518208,0,0.1917,24,9,0,1738,0,0.0,6912,53
2.648151135072112,-0.12777777777777788,2.29,-1.1500000000000008,9,0,straddle_abuse,-0.12518935153881708,1,0.1907,26,9,0,1738,0,0.0,7040,54
2.658834971487522,7.053333333333333,37,63.48,9,0,straddle_abuse,6.427509148915608,6,0.1898,24,9,0,1738,1,0.1111111111111111,7168,55
2.580474302172661,0.13999999999999996,2.31,1.2599999999999996,9,0,straddle_abuse,-0.0883866548538208,6,0.1888,27,9,0,1738,0,0.0,7296,56
2.7440196005627513,0.36333333333333356,4.24,3.2700000000000022,9,0,straddle_abuse,0.012748201688130697,5,0.1879,26,9,0,1738,0,0.0,7424,57
2.5318828215822577,0.033333333333333284,1.13,0.29999999999999954,9,0,straddle_abuse,-0.12099109590053558,3,0.1869,21,9,0,1738,0,0.0,7552,58
2.4038015734404325,0.4577777777777784,4.9,4.120000000000005,9,0,straddle_abuse,-0.03230846921602885,3,0.186,28,9,0,1738,0,0.0,7680,59
2.549890771508217,-0.08777777777777783,0,-0.7900000000000005,9,0,straddle_abuse,-0.1123489961028099,0,0.1851,19,9,0,1738,0,0.0,7808,60
2.5086815543472767,2.9644444444444438,25.69,26.679999999999993,9,0,straddle_abuse,1.9158031543095906,6,0.1841,28,9,0,1738,0,0.0,7936,61
2.388414019718766,-0.04666666666666668,0.45,-0.42000000000000015,9,0,straddle_abuse,-0.11941240479548772,1,0.1832,24,9,0,1738,0,0.0,8064,62
2.4208402521908283,-0.09222222222222227,0,-0.8300000000000005,9,0,straddle_abuse,-0.11092209070920944,0,0.1823,23,9,0,1738,0,0.0,8192,63
2.3317386927083135,0.2077777777777779,2.31,1.870000000000001,9,0,straddle_abuse,-0.08948091169198354,6,0.1814,25,9,0,1738,0,0.0,8320,64
2.320693600922823,0.4688888888888887,21.31,4.219999999999998,9,0,straddle_abuse,1.831829309463501,9,0.1805,19,9,0,1738,0,0.0,8448,65
2.4818339869379997,-0.07666666666666672,0,-0.6900000000000004,9,0,straddle_abuse,-0.10944042106469472,0,0.1796,27,9,0,1738,0,0.0,8576,66
2.468595680780709,-0.09444444444444446,5.95,-0.8500000000000001,9,0,straddle_abuse,-0.0035341804226239524,5,0.1787,24,9,0,1738,0,0.0,8704,67
2.5999005055055022,3.525555555555554,26.43,31.72999999999999,9,0,straddle_abuse,3.5431203047434487,5,0.1778,20,9,0,1738,0,0.0,8832,68
2.505410292185843,3.2099999999999946,18.17,28.88999999999995,9,0,straddle_abuse,1.7630754709243774,3,0.1769,26,9,0,1738,0,0.0,8960,69
2.770748157054186,-0.18666666666666681,0,-1.6800000000000013,9,0,straddle_abuse,-0.10619263350963593,0,0.176,18,9,0,1738,0,0.0,9088,70
2.4403908913955092,3.6244444444444457,31.31,32.62000000000001,9,0,straddle_abuse,2.5835081736246743,4,0.1751,20,9,0,1738,1,0.1111111111111111,9216,71
2.505681394599378,1.7733333333333272,17.81,15.959999999999946,9,0,straddle_abuse,1.228379209836324,9,0.1743,17,9,0,1738,0,0.0,9344,72
2.3705775225535035,2.334444444444444,19.79,21.009999999999994,9,0,straddle_abuse,1.1362382173538208,10,0.1734,17,9,0,1738,0,0.0,9472,73
2.539834155701101,0.24000000000000052,27.75,2.1600000000000046,9,0,straddle_abuse,2.705690066019694,6,0.1725,17,9,0,1738,0,0.0,9600,74
2.555497732013464,1.2944444444444452,12.57,11.650000000000007,9,0,straddle_abuse,0.626804530620575,1,0.1717,24,9,0,1738,0,0.0,9728,75
2.5074776839464903,5.008888888888886,26.15,45.07999999999997,9,0,straddle_abuse,4.905152797698975,7,0.1708,17,9,0,1738,0,0.0,9856,76
2.6399599062278867,1.2933333333333343,7.09,11.64000000000001,9,0,straddle_abuse,0.21716395020484924,2,0.1699,21,9,0,1738,0,0.0,9984,77
2.6633424749597907,0.9722222222222244,5.95,8.75000000000002,9,0,straddle_abuse,0.13183361291885376,7,0.1691,26,9,0,1738,0,0.0,10112,78
2.7275229301303625,0.7000000000000014,12.2,6.300000000000012,9,0,straddle_abuse,0.2943633596102397,6,0.1683,20,9,0,1738,0,0.0,10240,79
2.4922559512779117,3.8188888888888894,35.32,34.370000000000005,9,0,straddle_abuse,5.444547653198242,2,0.1674,14,9,0,1738,1,0.1111111111111111,10368,80
2.5762767968699336,0.2800000000000007,3.83,2.5200000000000062,9,0,straddle_abuse,-0.05583065748214722,2,0.1666,28,9,0,1738,0,0.0,10496,81
2.5263989120721817,-0.16666666666666677,0,-1.5000000000000009,9,0,straddle_abuse,-0.08909326791763306,0,0.1657,23,9,0,1738,0,0.0,10624,82
2.6397336963564157,4.0033333333333365,37,36.03000000000003,9,0,straddle_abuse,5.679634253184001,4,0.1649,20,9,0,1738,1,0.1111111111111111,10752,83
2.5317670851945877,3.942222222222221,35.68,35.47999999999999,9,0,straddle_abuse,5.123550891876221,2,0.1641,17,9,0,1738,1,0.1111111111111111,10880,84
2.73270355258137,4.061111111111109,36.42,36.54999999999998,9,0,straddle_abuse,4.788697719573975,2,0.1633,23,9,0,1738,1,0.1111111111111111,11008,85
2.679376102052629,5.091111111111108,27.75,45.81999999999997,9,0,straddle_abuse,4.274616241455078,12,0.1625,24,9,0,1738,0,0.0,11136,86
2.645757502876222,-0.1344444444444443,14.64,-1.2099999999999989,9,0,straddle_abuse,0.33178476492563885,1,0.1616,29,9,0,1738,0,0.0,11264,87
2.550102114677429,2.821111111111109,13.09,25.38999999999998,9,0,straddle_abuse,0.8558746178944906,7,0.1608,30,9,0,1738,0,0.0,11392,88
2.70282815489918,0.7144444444444455,7.87,6.43000000000001,9,0,straddle_abuse,0.1453025738398234,3,0.16,25,9,0,1738,0,0.0,11520,89
2.61236341483891,3.431111111111104,32.37,30.879999999999935,9,0,straddle_abuse,4.691673914591472,6,0.1592,27,9,0,1738,1,0.1111111111111111,11648,90
2.8217035671696067,-0.20888888888888904,0,-1.8800000000000014,9,0,straddle_abuse,0.03981557488441467,0,0.1584,25,9,0,1738,0,0.0,11776,91
2.7370391748845577,1.071111111111113,14.39,9.640000000000017,9,0,straddle_abuse,0.8927867611249288,3,0.1576,21,9,0,1738,0,0.0,11904,92
2.598713703453541,3.8699999999999966,22.8,34.82999999999997,9,0,straddle_abuse,3.7829527854919434,5,0.1569,20,9,0,1738,0,0.0,12032,93
2.7353962203487754,-0.21333333333333326,4.67,-1.9199999999999993,9,0,straddle_abuse,0.07407287259896596,3,0.1561,23,9,0,1738,0,0.0,12160,94
2.4369918135926127,3.5644444444444465,28.09,32.08000000000002,9,0,straddle_abuse,3.0826058387756348,10,0.1553,19,9,0,1738,0,0.0,12288,95
2.746560231782496,-0.1755555555555556,16.52,-1.5800000000000005,9,0,straddle_abuse,0.35314642389615375,2,0.1545,17,9,0,1738,0,0.0,12416,96
2.753256137482822,0.18333333333333324,2.97,1.6499999999999992,9,0,straddle_abuse,-0.08414618422587712,1,0.1537,15,9,0,1738,0,0.0,12544,97
2.7701087836176157,7.341111111111104,27.75,66.06999999999994,9,0,straddle_abuse,5.804762522379558,7,0.153,22,9,0,1738,0,0.0,12672,98
2.615569737739861,6.868888888888889,35.38,61.82,9,0,straddle_abuse,4.290805021921794,10,0.1522,13,9,0,1738,1,0.1111111111111111,12800,99
