avg_entropy,avg_reward_per_episode,best_tax_advantage,cumulative_reward,episode_count,invalid_count,loophole,loss,positive_reward_count,random_action_prob,random_exploration_count,run,saved_snapshots,seed,success_count,success_rate,total_steps,update
2.8430480007082224,-0.12000000000000008,0,-1.0800000000000007,9,0,straddle_abuse,-0.14338569343090057,0,0.25,25,0,0,1729,0,0.0,128,0
2.907413760200143,-0.13000000000000006,0,-1.1700000000000006,9,0,straddle_abuse,-0.142417311668396,0,0.2487,30,0,0,1729,0,0.0,256,1
2.967434523627162,0.2933333333333335,3.62,2.6400000000000015,9,0,straddle_abuse,-0.0832856297492981,3,0.2475,33,0,0,1729,0,0.0,384,2
2.862325902096927,1.6822222222222223,25.62,15.14,9,0,straddle_abuse,1.6566227277119954,1,0.2463,28,0,0,1729,0,0.0,512,3
2.8869920428842306,-0.07333333333333338,0.38,-0.6600000000000004,9,0,straddle_abuse,-0.12067396938800812,2,0.245,22,0,0,1729,0,0.0,640,4
2.9824029989540577,-0.1800000000000001,0,-1.620000000000001,9,0,straddle_abuse,-0.12240758538246155,0,0.2438,30,0,0,1729,0,0.0,768,5
2.9812867902219296,-0.18000000000000008,0,-1.6200000000000008,9,0,straddle_abuse,-0.14305945734182993,0,0.2426,38,0,0,1729,0,0.0,896,6
2.874839350581169,-0.11222222222222228,0,-1.0100000000000005,9,0,straddle_abuse,-0.14583081503709158,0,0.2414,40,0,0,1729,0,0.0,1024,7
2.8394484501332045,0.14222222222222214,2.26,1.2799999999999991,9,0,straddle_abuse,-0.10496843109528224,1,0.2402,31,0,0,1729,0,0.0,1152,8
2.921381203457713,-0.1222222222222223,0,-1.1000000000000008,9,0,straddle_abuse,-0.12955291072527567,0,0.239,37,0,0,1729,0,0.0,1280,9
2.908610489219427,-0.13333333333333341,0,-1.2000000000000008,9,0,straddle_abuse,-0.1471639076868693,0,0.2378,37,0,0,1729,0,0.0,1408,10
2.761361153796315,-0.0688888888888889,0,-0.6200000000000001,9,0,straddle_abuse,-0.13810063898563385,0,0.2366,33,0,0,1729,0,0.0,1536,11
2.7276944927871227,-0.0755555555555556,0,-0.6800000000000004,9,0,straddle_abuse,-0.12195717543363571,0,0.2354,30,0,0,1729,0,0.0,1664,12
2.960771668702364,-0.13222222222222232,0,-1.1900000000000008,9,0,straddle_abuse,-0.13797959188620249,0,0.2342,29,0,0,1729,0,0.0,1792,13
2.8600077275186777,-0.08777777777777782,0,-0.7900000000000004,9,0,straddle_abuse,-0.13836821417013803,0,0.2331,34,0,0,1729,0,0.0,1920,14
2.801303854212165,0.18999999999999995,2.32,1.7099999999999995,9,0,straddle_abuse,-0.10418723523616791,2,0.2319,28,0,0,1729,0,0.0,2048,15
2.763236900791526,-0.08222222222222227,0,-0.7400000000000004,9,0,straddle_abuse,-0.12764807045459747,0,0.2307,32,0,0,1729,0,0.0,2176,16
2.929525837302208,-0.11111111111111119,0,-1.0000000000000007,9,0,straddle_abuse,-0.13445408642292023,0,0.2296,26,0,0,1729,0,0.0,2304,17
2.6514048045501113,-0.052222222222222246,0,-0.4700000000000002,9,0,straddle_abuse,-0.12287749846776326,0,0.2284,29,0,0,1729,0,0.0,2432,18
2.837096815928817,0.7488888888888904,7.74,6.7400000000000135,9,0,straddle_abuse,0.1767440934975942,1,0.2273,32,0,0,1729,0,0.0,2560,19
2.719092166982591,-0.08333333333333337,0,-0.7500000000000003,9,0,straddle_abuse,-0.13980279366175333,0,0.2262,29,0,0,1729,0,0.0,2688,20
2.7654615696519613,-0.0844444444444445,0,-0.7600000000000006,9,0,straddle_abuse,-0.12411736945311229,0,0.225,29,0,0,1729,0,0.0,2816,21
2.7306929882615805,0.26333333333333364,2.35,2.3700000000000028,9,0,straddle_abuse,-0.10702838500340779,2,0.2239,33,0,0,1729,0,0.0,2944,22
2.6325755873695016,-0.047777777777777794,0,-0.43000000000000016,9,0,straddle_abuse,-0.12213662266731262,0,0.2228,28,0,0,1729,0,0.0,3072,23
2.844318315386772,-0.07777777777777782,0.14,-0.7000000000000004,9,0,straddle_abuse,-0.13824991385142008,1,0.2217,24,0,0,1729,0,0.0,3200,24
2.6791624408215284,-0.09222222222222227,0,-0.8300000000000005,9,0,straddle_abuse,-0.13462628920873007,0,0.2206,32,0,0,1729,0,0.0,3328,25
2.804723074659705,-0.07111111111111103,8.56,-0.6399999999999992,9,0,straddle_abuse,0.009096051255861918,2,0.2195,27,0,0,1729,0,0.0,3456,26
2.8741079634055495,-0.05555555555555558,0,-0.5000000000000002,9,0,straddle_abuse,-0.14310231308142343,0,0.2184,31,0,0,1729,0,0.0,3584,27
2.565426478162408,1.3833333333333335,11.77,12.450000000000001,9,0,straddle_abuse,0.5571470061937968,2,0.2173,28,0,0,1729,0,0.0,3712,28
2.8029175037518144,0.3777777777777781,3.86,3.400000000000003,9,0,straddle_abuse,-0.04373835027217865,1,0.2162,25,0,0,1729,0,0.0,3840,29
2.5919600930064917,0.18888888888888888,1.72,1.7,9,0,straddle_abuse,-0.09297241767247517,2,0.2151,29,0,0,1729,0,0.0,3968,30
2.686291857622564,1.5155555555555555,12.94,13.64,9,0,straddle_abuse,0.6686896284421285,3,0.214,25,0,0,1729,0,0.0,4096,31
2.805372951552272,0.15777777777777782,2.84,1.4200000000000004,9,0,straddle_abuse,-0.08622590949138005,2,0.213,25,0,0,1729,0,0.0,4224,32
2.647352585569024,0.4566666666666669,2.74,4.110000000000002,9,0,straddle_abuse,-0.05333627015352249,5,0.2119,24,0,0,1729,0,0.0,4352,33
2.6350704422220588,2.6355555555555545,12.61,23.71999999999999,9,0,straddle_abuse,0.7894202868143717,8,0.2108,34,0,0,1729,0,0.0,4480,34
2.795312440022826,1.0344444444444447,9.83,9.310000000000002,9,0,straddle_abuse,0.32080209255218506,1,0.2098,32,0,0,1729,0,0.0,4608,35
2.7084403475746512,-0.062222222222222255,0,-0.5600000000000003,9,0,straddle_abuse,-0.11114021639029185,0,0.2087,26,0,0,1729,0,0.0,4736,36
2.7588426265865564,0.5777777777777794,6.05,5.200000000000014,9,0,straddle_abuse,0.02145989239215851,1,0.2077,33,0,0,1729,0,0.0,4864,37
2.6550851557403803,0.16444444444444484,2.54,1.4800000000000035,9,0,straddle_abuse,-0.08131304383277893,2,0.2066,23,0,0,1729,0,0.0,4992,38
2.5913863824680448,2.029999999999998,23.55,18.269999999999982,9,0,straddle_abuse,0.9631461103757223,2,0.2056,16,0,0,1729,0,0.0,5120,39
2.58407224342227,0.06999999999999999,2.07,0.6299999999999999,9,0,straddle_abuse,-0.11201639970143636,1,0.2046,26,0,0,1729,0,0.0,5248,40
2.754249218851328,-0.06444444444444447,0,-0.5800000000000003,9,0,straddle_abuse,-0.11298506210247676,0,0.2036,32,0,0,1729,0,0.0,5376,41
2.623627720400691,0.6733333333333342,7.57,6.060000000000008,9,0,straddle_abuse,0.18770713110764822,5,0.2025,22,0,0,1729,0,0.0,5504,42
2.7878176402300596,0.05111111111111103,1.28,0.4599999999999993,9,0,straddle_abuse,-0.1266444871822993,2,0.2015,35,0,0,1729,0,0.0,5632,43
2.784634596668184,-0.09555555555555562,0,-0.8600000000000005,9,0,straddle_abuse,-0.12647819022337595,0,0.2005,36,0,0,1729,0,0.0,5760,44
2.6866872515529394,0.022222222222222178,0.97,0.1999999999999996,9,0,straddle_abuse,-0.126357302069664,1,0.1995,36,0,0,1729,0,0.0,5888,45
2.8160986388102174,-0.09000000000000005,0,-0.8100000000000005,9,0,straddle_abuse,-0.1426079273223877,0,0.1985,24,0,0,1729,0,0.0,6016,46
2.626236170530319,-0.0044444444444444444,0.11,-0.04,9,0,straddle_abuse,-0.12334244698286057,2,0.1975,17,0,0,1729,0,0.0,6144,47
2.547636113129556,0.5322222222222225,5.24,4.790000000000003,9,0,straddle_abuse,0.02932077646255493,1,0.1965,26,0,0,1729,0,0.0,6272,48
2.5820362102240324,-0.028888888888888895,0,-0.26000000000000006,9,0,straddle_abuse,-0.11801710973183314,0,0.1956,26,0,0,1729,0,0.0,6400,49
2.644673523493111,1.9499999999999982,18.24,17.549999999999983,9,0,straddle_abuse,1.3624000151952107,2,0.1946,29,0,0,1729,0,0.0,6528,50
2.618782464414835,0.024444444444444425,0.81,0.21999999999999983,9,0,straddle_abuse,-0.11277077843745549,1,0.1936,25,0,0,1729,0,0.0,6656,51
2.674938477575779,-0.04444444444444446,0,-0.40000000000000013,9,0,straddle_abuse,-0.1404983103275299,0,0.1926,27,0,0,1729,0,0.0,6784,52
2.774792779237032,-0.04444444444444447,0,-0.4000000000000002,9,0,straddle_abuse,-0.13160760700702667,0,0.1917,18,0,0,1729,0,0.0,6912,53
2.7767756786197424,1.4100000000000001,13.38,12.690000000000001,9,0,straddle_abuse,0.7840269207954407,3,0.1907,23,0,0,1729,0,0.0,7040,54
2.7124340813606977,-0.07222222222222226,5.28,-0.6500000000000004,9,0,straddle_abuse,-0.09526141732931137,1,0.1898,16,0,0,1729,0,0.0,7168,55
2.695979884825647,1.0533333333333346,12.55,9.480000000000011,9,0,straddle_abuse,0.24885250131289163,2,0.1888,26,0,0,1729,0,0.0,7296,56
2.6743956487625837,0.21111111111111125,2.29,1.9000000000000012,9,0,straddle_abuse,-0.10827881346146266,2,0.1879,16,0,0,1729,0,0.0,7424,57
2.7224693540483713,-0.05888888888888891,0,-0.5300000000000001,9,0,straddle_abuse,-0.10732471942901611,0,0.1869,22,0,0,1729,0,0.0,7552,58
2.780860345810652,1.3933333333333344,13.28,12.54000000000001,9,0,straddle_abuse,0.6410336494445801,1,0.186,19,0,0,1729,0,0.0,7680,59
2.746896807104349,0.6733333333333342,6.78,6.0600000000000085,9,0,straddle_abuse,0.0685286025206248,2,0.1851,29,0,0,1729,0,0.0,7808,60
2.851003408432007,-0.09222222222222226,0,-0.8300000000000004,9,0,straddle_abuse,-0.12149445215861003,0,0.1841,22,0,0,1729,0,0.0,7936,61
2.8578201942145824,-0.07111111111111115,0,-0.6400000000000003,9,0,straddle_abuse,-0.12296779950459798,0,0.1832,28,0,0,1729,0,0.0,8064,62
2.693710993975401,-0.05111111111111113,0,-0.46000000000000013,9,0,straddle_abuse,-0.13658995429674783,0,0.1823,26,0,0,1729,0,0.0,8192,63
2.80379818379879,-0.08555555555555558,0,-0.7700000000000002,9,0,straddle_abuse,-0.1464571456114451,0,0.1814,27,0,0,1729,0,0.0,8320,64
2.7111742133274674,-0.07888888888888893,0,-0.7100000000000003,9,0,straddle_abuse,-0.12935019532839456,0,0.1805,14,0,0,1729,0,0.0,8448,65
2.863763981498778,2.2266666666666666,13.73,20.04,9,0,straddle_abuse,1.1657015879948933,2,0.1796,20,0,0,1729,0,0.0,8576,66
2.7483618650585413,-0.10111111111111118,0,-0.9100000000000006,9,0,straddle_abuse,-0.12974372009436289,0,0.1787,22,0,0,1729,0,0.0,8704,67
2.841507396660745,0.9744444444444458,5.54,8.770000000000012,9,0,straddle_abuse,0.0900956392288208,4,0.1778,21,0,0,1729,0,0.0,8832,68
2.8592544328421354,2.0933333333333337,11.83,18.840000000000003,9,0,straddle_abuse,0.7294569611549377,3,0.1769,21,0,0,1729,0,0.0,8960,69
2.779739455319941,-0.08444444444444449,0,-0.7600000000000005,9,0,straddle_abuse,-0.11284183462460835,0,0.176,13,0,0,1729,0,0.0,9088,70
2.81029805354774,0.02555555555555553,1.09,0.22999999999999976,9,0,straddle_abuse,-0.12737005452315012,1,0.1751,26,0,0,1729,0,0.0,9216,71
2.8256034199148417,0.04111111111111132,13.87,0.3700000000000019,9,0,straddle_abuse,0.30101264516512555,3,0.1743,22,0,0,1729,0,0.0,9344,72
2.754277730360627,0.19111111111111115,4.9,1.7200000000000004,9,0,straddle_abuse,-0.09523386259873708,4,0.1734,31,0,0,1729,0,0.0,9472,73
2.7981215938925743,-0.07222222222222226,0,-0.6500000000000004,9,0,straddle_abuse,-0.136150653163592,0,0.1725,25,0,0,1729,0,0.0,9600,74
2.7988385539501905,0.018888888888888858,0.74,0.1699999999999997,9,0,straddle_abuse,-0.14397311707337698,1,0.1717,23,0,0,1729,0,0.0,9728,75
2.753969398327172,-0.028888888888888895,0,-0.26000000000000006,9,0,straddle_abuse,-0.131828044851621,0,0.1708,19,0,0,1729,0,0.0,9856,76
2.9310576040297747,-0.12111111111111117,0,-1.0900000000000005,9,0,straddle_abuse,-0.1485086977481842,0,0.1699,20,0,0,1729,0,0.0,9984,77
2.7974421568214893,-0.046666666666666676,0,-0.4200000000000001,9,0,straddle_abuse,-0.13001432518164316,0,0.1691,21,0,0,1729,0,0.0,10112,78
2.7217352772131562,-0.08888888888888896,0,-0.8000000000000006,9,0,straddle_abuse,-0.1468401700258255,0,0.1683,24,0,0,1729,0,0.0,10240,79
2.7628198340535164,-0.06555555555555553,3.75,-0.5899999999999997,9,0,straddle_abuse,-0.10370548814535141,2,0.1674,26,0,0,1729,0,0.0,10368,80
2.8581536784768105,-0.058888888888888914,0,-0.5300000000000002,9,0,straddle_abuse,-0.12322582552830379,0,0.1666,23,0,0,1729,0,0.0,10496,81
2.8389099817723036,0.03888888888888881,1.24,0.3499999999999993,9,0,straddle_abuse,-0.13339510560035706,1,0.1657,29,0,0,1729,0,0.0,10624,82
2.6575289350003004,0.15555555555555553,1.67,1.3999999999999997,9,0,straddle_abuse,-0.12189120799303055,1,0.1649,12,0,0,1729,0,0.0,10752,83
2.828139206394553,1.1588888888888889,9.93,10.43,9,0,straddle_abuse,0.405279020468394,2,0.1641,23,0,0,1729,0,0.0,10880,84
2.774816032499075,0.04333333333333332,0.61,0.3899999999999999,9,0,straddle_abuse,-0.13357276221116385,3,0.1633,13,0,0,1729,0,0.0,11008,85
2.5705899791792035,-0.02777777777777765,7.6,-0.24999999999999886,9,0,straddle_abuse,0.08351060251394908,2,0.1625,20,0,0,1729,0,0.0,11136,86
2.74390821903944,-0.058888888888888914,0,-0.5300000000000002,9,0,straddle_abuse,-0.12362150847911835,0,0.1616,22,0,0,1729,0,0.0,11264,87
2.6762814493849874,0.01,0.55,0.09,9,0,straddle_abuse,-0.12455118944247563,1,0.1608,19,0,0,1729,0,0.0,11392,88
2.672289067879319,0.0711111111111111,0.92,0.6399999999999999,9,0,straddle_abuse,-0.12094297260046005,1,0.16,23,0,0,1729,0,0.0,11520,89
2.8054839270189404,-0.07222222222222227,0,-0.6500000000000005,9,0,straddle_abuse,-0.12177659571170807,0,0.1592,21,0,0,1729,0,0.0,11648,90
2.847599368542433,-0.04555555555555557,0,-0.41000000000000014,9,0,straddle_abuse,-0.13777039448420206,0,0.1584,27,0,0,1729,0,0.0,11776,91
2.798438417725265,1.7111111111111112,15.9,15.400000000000002,9,0,straddle_abuse,0.993715763092041,1,0.1576,20,0,0,1729,0,0.0,11904,92
2.7846481446176767,-0.0788888888888889,0,-0.7100000000000001,9,0,straddle_abuse,-0.14329451819260916,0,0.1569,13,0,0,1729,0,0.0,12032,93
2.7071953006088734,0.19111111111111112,1.94,1.72,9,0,straddle_abuse,-0.11696139971415202,1,0.1561,18,0,0,1729,0,0.0,12160,94
2.7282318770885468,0.686666666666667,6.68,6.180000000000002,9,0,straddle_abuse,0.0996221254269282,1,0.1553,11,0,0,1729,0,0.0,12288,95
2.639768447726965,-0.04000000000000001,0,-0.3600000000000001,9,0,straddle_abuse,-0.117943008740743,0,0.1545,18,0,0,1729,0,0.0,12416,96
2.805697161704302,-0.08333333333333338,0,-0.7500000000000004,9,0,straddle_abuse,-0.11653008063634236,0,0.1537,26,0,0,1729,0,0.0,12544,97
2.8062170296907425,1.396666666666667,7.79,12.570000000000002,9,0,straddle_abuse,0.22562329967816672,4,0.153,14,0,0,1729,0,0.0,12672,98
2.885955475270748,0.9311111111111116,8.99,8.380000000000004,9,0,straddle_abuse,0.24674280981222788,2,0.1522,22,0,0,1729,0,0.0,12800,99
2.994223731569946,-0.168888888888889,0,-1.5200000000000011,9,0,straddle_abuse,-0.13946257283290228,0,0.25,29,1,0,1730,0,0.0,128,0
3.025179175660014,-0.17222222222222233,0,-1.550000000000001,9,0,straddle_abuse,-0.14866618315378824,0,0.2487,34,1,0,1730,0,0.0,256,1
2.910666611045599,-0.13555555555555562,0,-1.2200000000000006,9,0,straddle_abuse,-0.14169163505236307,0,0.2475,34,1,0,1730,0,0.0,384,2
2.856314469128847,-0.11000000000000004,3.04,-0.9900000000000004,9,0,straddle_abuse,-0.13090069591999054,1,0.2463,29,1,0,1730,0,0.0,512,3
2.9088007118552923,-0.13444444444444453,0,-1.2100000000000009,9,0,straddle_abuse,-0.14455126722653708,0,0.245,31,1,0,1730,0,0.0,640,4
2.841011144220829,-0.09555555555555562,0,-0.8600000000000005,9,0,straddle_abuse,-0.14699721336364746,0,0.2438,27,1,0,1730,0,0.0,768,5
2.857376527041197,-0.10555555555555553,4.73,-0.9499999999999997,9,0,straddle_abuse,-0.13153769572575888,1,0.2426,31,1,0,1730,0,0.0,896,6
2.9211303060874343,-0.12333333333333336,0,-1.1100000000000003,9,0,straddle_abuse,-0.15641552209854126,0,0.2414,30,1,0,1730,0,0.0,1024,7
2.958518072962761,-0.17333333333333345,0,-1.560000000000001,9,0,straddle_abuse,-0.14789883295694986,0,0.2402,26,1,0,1730,0,0.0,1152,8
2.779755247756839,-0.13666666666666677,0,-1.2300000000000009,9,0,straddle_abuse,-0.12508375197649002,0,0.239,26,1,0,1730,0,0.0,1280,9
2.8038780223578215,-0.09777777777777781,0,-0.8800000000000003,9,0,straddle_abuse,-0.13637089729309082,0,0.2378,32,1,0,1730,0,0.0,1408,10
2.8751299250870943,-0.09111111111111117,0,-0.8200000000000005,9,0,straddle_abuse,-0.1536761075258255,0,0.2366,33,1,0,1730,0,0.0,1536,11
2.972795195877552,-0.1055555555555554,4.72,-0.9499999999999986,9,0,straddle_abuse,-0.08324707547823589,1,0.2354,37,1,0,1730,0,0.0,1664,12
2.814541047438979,-0.12888888888888894,0,-1.1600000000000006,9,0,straddle_abuse,-0.13670094311237335,0,0.2342,39,1,0,1730,0,0.0,1792,13
2.8430766072124243,-0.10111111111111108,6.17,-0.9099999999999997,9,0,straddle_abuse,-0.0808560848236084,2,0.2331,31,1,0,1730,0,0.0,1920,14
2.802073731087148,0.5566666666666674,5.83,5.010000000000007,9,0,straddle_abuse,0.06868599851926167,3,0.2319,29,1,0,1730,0,0.0,2048,15
2.87331754155457,-0.07444444444444448,0,-0.6700000000000004,9,0,straddle_abuse,-0.15949057042598724,0,0.2307,34,1,0,1730,0,0.0,2176,16
2.8483101315796375,-0.08555555555555559,0,-0.7700000000000004,9,0,straddle_abuse,-0.14126118024190268,0,0.2296,26,1,0,1730,0,0.0,2304,17
2.8008420914411545,0.06999999999999997,1.2,0.6299999999999997,9,0,straddle_abuse,-0.1209435264269511,1,0.2284,29,1,0,1730,0,0.0,2432,18
2.859594273380935,0.025555555555555505,0.95,0.22999999999999954,9,0,straddle_abuse,-0.1458678642908732,1,0.2273,27,1,0,1730,0,0.0,2560,19
2.8413261948153377,0.01999999999999992,1.26,0.17999999999999927,9,0,straddle_abuse,-0.12357831497987111,1,0.2262,28,1,0,1730,0,0.0,2688,20
2.881180322729051,0.06333333333333327,1.19,0.5699999999999994,9,0,straddle_abuse,-0.14311690628528595,2,0.225,27,1,0,1730,0,0.0,2816,21
2.7206980315968394,-0.0577777777777778,0,-0.5200000000000002,9,0,straddle_abuse,-0.1300984819730123,0,0.2239,28,1,0,1730,0,0.0,2944,22
2.898942755535245,-0.12888888888888891,2.37,-1.1600000000000001,9,0,straddle_abuse,-0.13577093680699667,1,0.2228,28,1,0,1730,0,0.0,3072,23
2.7463969690725207,-0.06777777777777781,0,-0.6100000000000003,9,0,straddle_abuse,-0.11744178334871928,0,0.2217,38,1,0,1730,0,0.0,3200,24
2.7035322822630405,-0.08666666666666671,0,-0.7800000000000004,9,0,straddle_abuse,-0.14432018995285034,0,0.2206,25,1,0,1730,0,0.0,3328,25
2.780005450360477,-0.08111111111111116,0.04,-0.7300000000000004,9,0,straddle_abuse,-0.14258161187171936,1,0.2195,30,1,0,1730,0,0.0,3456,26
2.804225075058639,2.111111111111109,20,18.99999999999998,9,0,straddle_abuse,2.0743486086527505,1,0.2184,30,1,0,1730,0,0.0,3584,27
2.762574299238622,-0.06000000000000004,0,-0.5400000000000004,9,0,straddle_abuse,-0.12827712297439575,0,0.2173,30,1,0,1730,0,0.0,3712,28
2.730862198397517,-0.06555555555555559,0,-0.5900000000000003,9,0,straddle_abuse,-0.1148466020822525,0,0.2162,31,1,0,1730,0,0.0,3840,29
2.8374788872897625,-0.0577777777777778,0,-0.5200000000000002,9,0,straddle_abuse,-0.1224507341782252,0,0.2151,28,1,0,1730,0,0.0,3968,30
2.7255431469529867,0.2966666666666669,2.16,2.670000000000002,9,0,straddle_abuse,-0.08647653460502625,2,0.214,29,1,0,1730,0,0.0,4096,31
2.7514962665736675,-0.08000000000000004,0,-0.7200000000000004,9,0,straddle_abuse,-0.13107784589131674,0,0.213,25,1,0,1730,0,0.0,4224,32
2.690357464365661,-0.062222222222222255,0,-0.5600000000000003,9,0,straddle_abuse,-0.13471358517805734,0,0.2119,30,1,0,1730,0,0.0,4352,33
2.7295212764292955,-0.05000000000000002,3.15,-0.4500000000000002,9,0,straddle_abuse,-0.12485470622777939,2,0.2108,21,1,0,1730,0,0.0,4480,34
2.843415885232389,0.05111111111111103,1.5,0.4599999999999993,9,0,straddle_abuse,-0.10476627200841904,1,0.2098,26,1,0,1730,0,0.0,4608,35
2.859845098108053,-0.10000000000000006,0,-0.9000000000000006,9,0,straddle_abuse,-0.13646821677684784,0,0.2087,23,1,0,1730,0,0.0,4736,36
2.8250090330839157,-0.02888888888888889,0.4,-0.26,9,0,straddle_abuse,-0.12682277957598367,1,0.2077,29,1,0,1730,0,0.0,4864,37
2.5627875961363316,0.07555555555555554,1,0.6799999999999998,9,0,straddle_abuse,-0.11550412327051163,6,0.2066,20,1,0,1730,0,0.0,4992,38
2.7165663316845894,-0.03222222222222226,0.58,-0.29000000000000037,9,0,straddle_abuse,-0.13162574172019958,1,0.2056,30,1,0,1730,0,0.0,5120,39
2.8931741109117866,0.30555555555555597,3.76,2.7500000000000036,9,0,straddle_abuse,-0.0798259973526001,1,0.2046,19,1,0,1730,0,0.0,5248,40
2.851840525865555,4.02888888888889,37,36.260000000000005,9,0,straddle_abuse,7.019771893819173,2,0.2036,32,1,0,1730,1,0.1111111111111111,5376,41
2.856665328145027,0.38333333333333397,4.09,3.4500000000000055,9,0,straddle_abuse,-0.03129692127307256,1,0.2025,30,1,0,1730,0,0.0,5504,42
2.682316421531141,2.6366666666666667,18.5,23.73,9,0,straddle_abuse,1.1823114156723022,4,0.2015,29,1,0,1730,0,0.0,5632,43
2.798262871801853,-0.06777777777777781,0,-0.6100000000000003,9,0,straddle_abuse,-0.07090706378221512,0,0.2005,24,1,0,1730,0,0.0,5760,44
2.80187857337296,1.377777777777778,12.73,12.400000000000002,9,0,straddle_abuse,0.5247094432512919,5,0.1995,29,1,0,1730,0,0.0,5888,45
2.8653420377522707,-0.06333333333333337,0,-0.5700000000000003,9,0,straddle_abuse,-0.08962384859720866,0,0.1985,23,1,0,1730,0,0.0,6016,46
2.7881943536922336,0.12222222222222218,1.86,1.0999999999999996,9,0,straddle_abuse,-0.1055958941578865,3,0.1975,22,1,0,1730,0,0.0,6144,47
2.74772572144866,-0.05666666666666669,0,-0.5100000000000002,9,0,straddle_abuse,-0.11029341320196788,0,0.1965,29,1,0,1730,0,0.0,6272,48
2.656174872070551,-0.05666666666666669,0,-0.5100000000000002,9,0,straddle_abuse,-0.09876246998707454,0,0.1956,26,1,0,1730,0,0.0,6400,49
2.7932940013706684,-0.07222222222222226,0,-0.6500000000000004,9,0,straddle_abuse,-0.12923501431941986,0,0.1946,25,1,0,1730,0,0.0,6528,50
2.875486715696752,0.36333333333333345,4.02,3.270000000000001,9,0,straddle_abuse,-0.06310421725114186,2,0.1936,26,1,0,1730,0,0.0,6656,51
2.837289033457637,-0.08000000000000003,0,-0.7200000000000003,9,0,straddle_abuse,-0.12957967321077982,0,0.1926,23,1,0,1730,0,0.0,6784,52
2.9084904845803976,-0.0944444444444445,0,-0.8500000000000005,9,0,straddle_abuse,-0.14759012560049692,0,0.1917,27,1,0,1730,0,0.0,6912,53
2.8030425179749727,0.9144444444444443,8.78,8.229999999999999,9,0,straddle_abuse,0.2842884461085002,1,0.1907,22,1,0,1730,0,0.0,7040,54
2.8582977540791035,-0.0755555555555556,0,-0.6800000000000004,9,0,straddle_abuse,-0.15230428179105124,0,0.1898,27,1,0,1730,0,0.0,7168,55
2.9320659767836332,0.3577777777777788,4.13,3.220000000000009,9,0,straddle_abuse,-0.07925287634134293,2,0.1888,25,1,0,1730,0,0.0,7296,56
2.8271031491458416,-0.07555555555555558,0,-0.6800000000000003,9,0,straddle_abuse,-0.13625668485959372,0,0.1879,29,1,0,1730,0,0.0,7424,57
2.848761174827814,-0.1422222222222223,0,-1.2800000000000007,9,0,straddle_abuse,-0.14427514870961508,0,0.1869,24,1,0,1730,0,0.0,7552,58
2.7527596596628428,-0.09000000000000005,0,-0.8100000000000005,9,0,straddle_abuse,-0.14591932793458304,0,0.186,18,1,0,1730,0,0.0,7680,59
2.8504893630743027,1.115555555555556,10.77,10.040000000000004,9,0,straddle_abuse,0.37242817878723145,4,0.1851,29,1,0,1730,0,0.0,7808,60
2.8038039430975914,-0.058888888888888914,0,-0.5300000000000002,9,0,straddle_abuse,-0.1385142703851064,0,0.1841,26,1,0,1730,0,0.0,7936,61
2.7644463423639536,0.35555555555555635,3.61,3.2000000000000073,9,0,straddle_abuse,-0.059484779834747314,1,0.1832,24,1,0,1730,0,0.0,8064,62
2.6004079999402165,0.4122222222222227,4.21,3.7100000000000044,9,0,straddle_abuse,-0.05876902987559637,7,0.1823,19,1,0,1730,0,0.0,8192,63
2.758296555839479,2.6899999999999986,24.99,24.209999999999987,9,0,straddle_abuse,3.2091378370920816,2,0.1814,25,1,0,1730,0,0.0,8320,64
2.8154274355620146,0.2688888888888889,3.13,2.42,9,0,straddle_abuse,-0.07240904370943706,3,0.1805,24,1,0,1730,0,0.0,8448,65
2.6767097236588597,0.11444444444444442,1.46,1.0299999999999998,9,0,straddle_abuse,-0.09445446481307347,1,0.1796,20,1,0,1730,0,0.0,8576,66
2.5886269425973296,-0.042222222222222244,0.01,-0.3800000000000002,9,0,straddle_abuse,-0.07785627742608388,1,0.1787,23,1,0,1730,0,0.0,8704,67
2.640551421791315,0.187777777777778,3.98,1.690000000000002,9,0,straddle_abuse,-0.05565635611613592,8,0.1778,18,1,0,1730,0,0.0,8832,68
2.616805298253894,-0.07999999999999997,13.8,-0.7199999999999998,9,0,straddle_abuse,0.27352877457936603,2,0.1769,28,1,0,1730,0,0.0,8960,69
2.7938331067562103,-0.033333333333333375,1.01,-0.3000000000000004,9,0,straddle_abuse,-0.12165692696968715,2,0.176,17,1,0,1730,0,0.0,9088,70
2.6750615406781435,0.2722222222222224,3.22,2.450000000000002,9,0,straddle_abuse,-0.06965857744216919,1,0.1751,25,1,0,1730,0,0.0,9216,71
2.638800154440105,-0.03777777777777783,0.35,-0.3400000000000004,9,0,straddle_abuse,-0.12404057383537292,1,0.1743,20,1,0,1730,0,0.0,9344,72
2.6449760710820556,2.4111111111111105,21.98,21.699999999999996,9,0,straddle_abuse,2.051243782043457,3,0.1734,22,1,0,1730,0,0.0,9472,73
2.611212497577071,4.37777777777778,19.47,39.40000000000002,9,0,straddle_abuse,2.502140998840332,6,0.1725,19,1,0,1730,0,0.0,9600,74
2.6392342103645205,2.216666666666662,20.56,19.949999999999957,9,0,straddle_abuse,1.817344347635905,1,0.1717,12,1,0,1730,0,0.0,9728,75
2.766100493259728,0.7155555555555565,7.01,6.440000000000008,9,0,straddle_abuse,0.09870623052120209,2,0.1708,17,1,0,1730,0,0.0,9856,76
2.736317471601069,0.8144444444444452,6.75,7.330000000000007,9,0,straddle_abuse,0.09973607957363129,2,0.1699,19,1,0,1730,0,0.0,9984,77
2.6245903680101037,0.41333333333333355,4.53,3.720000000000002,9,0,straddle_abuse,-0.018598129351933796,3,0.1691,15,1,0,1730,0,0.0,10112,78
2.6577236922457814,0.07777777777777772,1.26,0.6999999999999995,9,0,straddle_abuse,-0.0773538996775945,1,0.1683,27,1,0,1730,0,0.0,10240,79
2.7462192084640265,1.3933333333333346,5.35,12.540000000000012,9,0,straddle_abuse,0.1367745300134023,3,0.1674,22,1,0,1730,0,0.0,10368,80
2.7311188811436296,1.1544444444444457,11.16,10.390000000000011,9,0,straddle_abuse,0.36538924773534137,2,0.1666,31,1,0,1730,0,0.0,10496,81
2.68154298979789,4.474444444444446,31.76,40.27000000000001,9,0,straddle_abuse,3.488797426223755,5,0.1657,25,1,0,1730,1,0.1111111111111111,10624,82
2.664812977425754,-0.10222222222222228,0,-0.9200000000000006,9,0,straddle_abuse,-0.06447129448254903,0,0.1649,22,1,0,1730,0,0.0,10752,83
2.6096333414316177,-0.041111111111110966,6.57,-0.3699999999999987,9,0,straddle_abuse,0.05579449236392975,1,0.1641,11,1,0,1730,0,0.0,10880,84
2.5510976016521454,-0.042222222222223126,17.69,-0.3800000000000081,9,0,straddle_abuse,1.0155009031295776,4,0.1633,11,1,0,1730,0,0.0,11008,85
2.528349851258099,0.6488888888888888,6.32,5.84,9,0,straddle_abuse,0.06933271884918213,2,0.1625,16,1,0,1730,0,0.0,11136,86
2.7122155409306288,3.0655555555555507,23.23,27.589999999999957,9,0,straddle_abuse,1.6434947649637859,7,0.1616,24,1,0,1730,0,0.0,11264,87
2.7545810230076313,-0.06777777777777781,0,-0.6100000000000003,9,0,straddle_abuse,-0.10478082299232483,0,0.1608,27,1,0,1730,0,0.0,11392,88
2.6683889431878924,-0.08666666666666673,0,-0.7800000000000006,9,0,straddle_abuse,-0.11013374477624893,0,0.16,17,1,0,1730,0,0.0,11520,89
2.6543925600126386,-0.06333333333333328,2.48,-0.5699999999999995,9,0,straddle_abuse,-0.102486918369929,1,0.1592,26,1,0,1730,0,0.0,11648,90
2.5938114151358604,0.23555555555555552,2.11,2.1199999999999997,9,0,straddle_abuse,-0.10890964170296986,5,0.1584,12,1,0,1730,0,0.0,11776,91
2.443984487093985,0.38666666666666694,7.57,3.480000000000002,9,0,straddle_abuse,0.13547090689341226,4,0.1576,16,1,0,1730,0,0.0,11904,92
2.6999974632635713,0.9277777777777789,9.05,8.35000000000001,9,0,straddle_abuse,0.2296352336804072,1,0.1569,25,1,0,1730,0,0.0,12032,93
2.7465637866407633,-0.05444444444444448,0.97,-0.4900000000000003,9,0,straddle_abuse,-0.1316764106353124,1,0.1561,13,1,0,1730,0,0.0,12160,94
2.6839092960581183,0.1533333333333333,1.96,1.3799999999999997,9,0,straddle_abuse,-0.11245186378558476,1,0.1553,24,1,0,1730,0,0.0,12288,95
2.783905732445419,-0.0777777777777778,0,-0.7000000000000003,9,0,straddle_abuse,-0.13558287421862283,0,0.1545,22,1,0,1730,0,0.0,12416,96
2.7202912028878927,0.9711111111111109,9.36,8.739999999999998,9,0,straddle_abuse,0.20114177465438843,3,0.1537,20,1,0,1730,0,0.0,12544,97
2.750343531370163,0.8200000000000006,9.72,7.380000000000005,9,0,straddle_abuse,0.16573665042718252,8,0.153,16,1,0,1730,0,0.0,12672,98
2.669135241769254,0.0822222222222222,1.12,0.7399999999999998,9,0,straddle_abuse,-0.12757147351900736,1,0.1522,17,1,0,1730,0,0.0,12800,99
2.9588436540216208,-0.15000000000000008,0,-1.3500000000000008,9,0,straddle_abuse,-0.1469465692838033,0,0.25,39,2,0,1731,0,0.0,128,0
2.9421773348003626,-0.12777777777777782,0,-1.1500000000000004,9,0,straddle_abuse,-0.15678584078947702,0,0.2487,30,2,0,1731,0,0.0,256,1
2.8324082484468818,-0.1377777777777779,0,-1.2400000000000009,9,0,straddle_abuse,-0.14675468703111014,0,0.2475,33,2,0,1731,0,0.0,384,2
2.9157272446900606,-0.11000000000000007,0,-0.9900000000000007,9,0,straddle_abuse,-0.14344686269760132,0,0.2463,29,2,0,1731,0,0.0,512,3
2.80186871252954,-0.10111111111111117,0,-0.9100000000000005,9,0,straddle_abuse,-0.14467941224575043,0,0.245,30,2,0,1731,0,0.0,640,4
2.8771720714867115,-0.12555555555555564,0,-1.1300000000000008,9,0,straddle_abuse,-0.1576041579246521,0,0.2438,33,2,0,1731,0,0.0,768,5
2.836727718822658,-0.07888888888888893,0,-0.7100000000000003,9,0,straddle_abuse,-0.1457307090361913,0,0.2426,32,2,0,1731,0,0.0,896,6
2.782314257696271,-0.08222222222222225,0,-0.7400000000000002,9,0,straddle_abuse,-0.13960052529970804,0,0.2414,33,2,0,1731,0,0.0,1024,7
2.7724206913262606,5.756666666666664,28.26,51.80999999999998,9,0,straddle_abuse,5.3388064702351885,7,0.2402,27,2,0,1731,0,0.0,1152,8
2.8279467560350895,-0.07888888888888894,0,-0.7100000000000004,9,0,straddle_abuse,-0.13807444274425507,0,0.239,32,2,0,1731,0,0.0,1280,9
2.724103504791856,-0.09333333333333332,4.26,-0.8399999999999999,9,0,straddle_abuse,-0.07419874767462413,3,0.2378,36,2,0,1731,0,0.0,1408,10
2.8958236165344715,-0.11777777777777786,0,-1.0600000000000007,9,0,straddle_abuse,-0.14999226729075113,0,0.2366,37,2,0,1731,0,0.0,1536,11
2.765423852019012,2.467777777777778,17.89,22.21,9,0,straddle_abuse,1.1320398648579915,5,0.2354,24,2,0,1731,0,0.0,1664,12
2.9945135693997145,0.3111111111111114,4.06,2.8000000000000025,9,0,straddle_abuse,-0.049512773752212524,1,0.2342,27,2,0,1731,0,0.0,1792,13
2.6746484637260437,-0.10777777777777783,0,-0.9700000000000005,9,0,straddle_abuse,-0.13332371910413107,0,0.2331,35,2,0,1731,0,0.0,1920,14
2.748618820682168,-0.09222222222222227,0,-0.8300000000000005,9,0,straddle_abuse,-0.12990068892637888,0,0.2319,29,2,0,1731,0,0.0,2048,15
2.7266616811975837,-0.07555555555555561,0,-0.6800000000000005,9,0,straddle_abuse,-0.12467389057079951,0,0.2307,33,2,0,1731,0,0.0,2176,16
2.7188373813405633,0.1233333333333333,1.57,1.1099999999999997,9,0,straddle_abuse,-0.12771535913149515,2,0.2296,28,2,0,1731,0,0.0,2304,17
2.647451315075159,1.8299999999999992,17.08,16.46999999999999,9,0,straddle_abuse,0.8791165749231974,1,0.2284,32,2,0,1731,0,0.0,2432,18
2.7218437865376472,-0.07888888888888893,0,-0.7100000000000003,9,0,straddle_abuse,-0.12738054990768433,0,0.2273,29,2,0,1731,0,0.0,2560,19
2.8864444689825177,-0.0766666666666667,0,-0.6900000000000003,9,0,straddle_abuse,-0.14822078744570413,0,0.2262,27,2,0,1731,0,0.0,2688,20
2.6362197566777468,-0.06333333333333337,0,-0.5700000000000003,9,0,straddle_abuse,-0.1309759964545568,0,0.225,30,2,0,1731,0,0.0,2816,21
2.685644500888884,-0.06222222222222224,0,-0.5600000000000002,9,0,straddle_abuse,-0.13015126685301462,0,0.2239,31,2,0,1731,0,0.0,2944,22
2.770243194885552,-0.06444444444444439,6.94,-0.5799999999999995,9,0,straddle_abuse,-0.07804820438226064,1,0.2228,22,2,0,1731,0,0.0,3072,23
2.7263674437999725,-0.040000000000000015,0,-0.36000000000000015,9,0,straddle_abuse,-0.1432953824599584,0,0.2217,28,2,0,1731,0,0.0,3200,24
2.799686343409121,-0.03555555555555557,0,-0.3200000000000001,9,0,straddle_abuse,-0.14893231292565665,0,0.2206,21,2,0,1731,0,0.0,3328,25
2.8334653228521347,0.7677777777777783,7.73,6.9100000000000055,9,0,straddle_abuse,0.20076316595077515,2,0.2195,30,2,0,1731,0,0.0,3456,26
2.7589464923366904,-0.1033333333333334,0,-0.9300000000000006,9,0,straddle_abuse,-0.11681862423817317,0,0.2184,32,2,0,1731,0,0.0,3584,27
2.6141487834975123,-0.04333333333333334,0,-0.39000000000000007,9,0,straddle_abuse,-0.11438596745332082,0,0.2173,30,2,0,1731,0,0.0,3712,28
2.7927454821765423,-0.07666666666666672,0,-0.6900000000000004,9,0,straddle_abuse,-0.1280900537967682,0,0.2162,31,2,0,1731,0,0.0,3840,29
2.5559394946321845,-0.05333333333333336,0,-0.4800000000000002,9,0,straddle_abuse,-0.1214413270354271,0,0.2151,19,2,0,1731,0,0.0,3968,30
2.751502187922597,0.5155555555555559,3.3,4.640000000000003,9,0,straddle_abuse,-0.06115499138832092,3,0.214,25,2,0,1731,0,0.0,4096,31
2.8482342027127743,-0.06888888888888905,27,-0.6200000000000014,9,0,straddle_abuse,2.19948403040568,2,0.213,28,2,0,1731,0,0.0,4224,32
2.7690961016342044,-0.07222222222222226,0,-0.6500000000000004,9,0,straddle_abuse,-0.1203221728404363,0,0.2119,22,2,0,1731,0,0.0,4352,33
2.8120065396651626,-0.07888888888888893,0,-0.7100000000000003,9,0,straddle_abuse,-0.13464410106341043,0,0.2108,19,2,0,1731,0,0.0,4480,34
2.6856274269521236,1.0466666666666666,9.97,9.42,9,0,straddle_abuse,0.3653324246406555,5,0.2098,30,2,0,1731,0,0.0,4608,35
2.7056509852409363,-0.052222222222222246,0,-0.4700000000000002,9,0,straddle_abuse,-0.11601899067560832,0,0.2087,23,2,0,1731,0,0.0,4736,36
2.751481082290411,-0.0677777777777778,0,-0.6100000000000002,9,0,straddle_abuse,-0.11599727720022202,0,0.2077,33,2,0,1731,0,0.0,4864,37
2.8084845561534166,-0.09222222222222226,0,-0.8300000000000003,9,0,straddle_abuse,-0.14772653579711914,0,0.2066,21,2,0,1731,0,0.0,4992,38
2.6805153572931886,-0.05222222222222224,0,-0.47000000000000014,9,0,straddle_abuse,-0.1076173260807991,0,0.2056,27,2,0,1731,0,0.0,5120,39
2.8037346210330725,2.2622222222222224,21.1,20.36,9,0,straddle_abuse,1.7950154940287273,2,0.2046,22,2,0,1731,0,0.0,5248,40
2.587804346345365,0.31333333333333346,3.28,2.820000000000001,9,0,straddle_abuse,-0.055965445935726166,1,0.2036,23,2,0,1731,0,0.0,5376,41
2.744332761503756,-0.05666666666666669,0,-0.5100000000000002,9,0,straddle_abuse,-0.1250764181216558,0,0.2025,28,2,0,1731,0,0.0,5504,42
2.7535369703546166,0.27555555555555594,2.91,2.4800000000000035,9,0,straddle_abuse,-0.0896457110842069,2,0.2015,26,2,0,1731,0,0.0,5632,43
2.6857808604836464,-0.05111111111111112,1.38,-0.4600000000000001,9,0,straddle_abuse,-0.12022170424461365,2,0.2005,35,2,0,1731,0,0.0,5760,44
2.778249283321202,0.15666666666666662,1.75,1.4099999999999997,9,0,straddle_abuse,-0.12028759966293971,1,0.1995,29,2,0,1731,0,0.0,5888,45
2.59556591976434,-0.062222222222222255,0,-0.5600000000000003,9,0,straddle_abuse,-0.12703809638818106,0,0.1985,21,2,0,1731,0,0.0,6016,46
2.721542226150632,-0.03555555555555556,1.49,-0.32000000000000006,9,0,straddle_abuse,-0.1322080840667089,1,0.1975,14,2,0,1731,0,0.0,6144,47
2.652839682996273,-0.025555555555555557,0,-0.23,9,0,straddle_abuse,-0.12752767403920492,0,0.1965,27,2,0,1731,0,0.0,6272,48
2.7416689600795507,-0.06666666666666671,0,-0.6000000000000003,9,0,straddle_abuse,-0.14151009420553842,0,0.1956,26,2,0,1731,0,0.0,6400,49
2.78393760882318,0.05999999999999999,0.81,0.5399999999999999,9,0,straddle_abuse,-0.11279969910780589,1,0.1946,26,2,0,1731,0,0.0,6528,50
2.793732061982155,-0.09111111111111117,0,-0.8200000000000005,9,0,straddle_abuse,-0.1451938897371292,0,0.1936,29,2,0,1731,0,0.0,6656,51
2.6241860557347536,0.3533333333333334,3.64,3.1800000000000006,9,0,straddle_abuse,-0.0634424239397049,1,0.1926,26,2,0,1731,0,0.0,6784,52
2.788858512416482,-0.0488888888888889,0,-0.4400000000000001,9,0,straddle_abuse,-0.10842228184143703,0,0.1917,23,2,0,1731,0,0.0,6912,53
2.7941029109060764,0.17999999999999997,2.25,1.6199999999999997,9,0,straddle_abuse,-0.11789554854234059,2,0.1907,19,2,0,1731,0,0.0,7040,54
2.748584959656,0.20555555555555555,2.17,1.8499999999999999,9,0,straddle_abuse,-0.10327590256929398,1,0.1898,18,2,0,1731,0,0.0,7168,55
2.744133671745658,-0.07333333333333338,0,-0.6600000000000004,9,0,straddle_abuse,-0.1172742818792661,0,0.1888,19,2,0,1731,0,0.0,7296,56
2.781675036996603,-0.08000000000000003,0,-0.7200000000000003,9,0,straddle_abuse,-0.12920275330543518,0,0.1879,31,2,0,1731,0,0.0,7424,57
2.746248934417963,3.2255555555555557,29.44,29.03,9,0,straddle_abuse,2.995617628097534,4,0.1869,18,2,0,1731,0,0.0,7552,58
2.815342303365469,-0.06444444444444447,0.07,-0.5800000000000003,9,0,straddle_abuse,-0.1415235996246338,1,0.186,27,2,0,1731,0,0.0,7680,59
2.728408383205533,-0.051111111111111135,0,-0.4600000000000002,9,0,straddle_abuse,-0.14309091369311014,0,0.1851,20,2,0,1731,0,0.0,7808,60
2.6070998338982463,-0.10000000000000005,0,-0.9000000000000005,9,0,straddle_abuse,-0.11965307841698329,0,0.1841,26,2,0,1731,0,0.0,7936,61
2.669363411143422,-0.0488888888888889,0,-0.44000000000000006,9,0,straddle_abuse,-0.12407020231088002,0,0.1832,19,2,0,1731,0,0.0,8064,62
2.7152816522866488,-0.05888888888888885,3.9,-0.5299999999999997,9,0,straddle_abuse,-0.11993452658255895,1,0.1823,23,2,0,1731,0,0.0,8192,63
2.7219294738024473,-0.0488888888888889,1.35,-0.44000000000000006,9,0,straddle_abuse,-0.13431739807128906,1,0.1814,22,2,0,1731,0,0.0,8320,64
2.751567288301885,-0.04888888888888891,0,-0.4400000000000002,9,0,straddle_abuse,-0.12397110958894093,0,0.1805,19,2,0,1731,0,0.0,8448,65
2.7635268112644553,-0.04999999999999979,4.06,-0.44999999999999807,9,0,straddle_abuse,-0.05582189311583837,5,0.1796,21,2,0,1731,0,0.0,8576,66
2.7044538650661707,-0.03888888888888891,0.07,-0.3500000000000002,9,0,straddle_abuse,-0.11717915038267772,1,0.1787,18,2,0,1731,0,0.0,8704,67
2.737775637768209,-0.03555555555555557,0,-0.3200000000000001,9,0,straddle_abuse,-0.14514384667078653,0,0.1778,17,2,0,1731,0,0.0,8832,68
2.7673462480306625,0.49333333333333457,4.98,4.440000000000011,9,0,straddle_abuse,-0.03726221372683843,1,0.1769,24,2,0,1731,0,0.0,8960,69
2.7604386396706104,-0.032222222222222235,0,-0.2900000000000001,9,0,straddle_abuse,-0.13291465242703757,0,0.176,23,2,0,1731,0,0.0,9088,70
2.7664867909625173,-0.08333333333333338,0,-0.7500000000000004,9,0,straddle_abuse,-0.1118398408095042,0,0.1751,23,2,0,1731,0,0.0,9216,71
2.8119253125041723,0.19888888888888914,2.37,1.7900000000000023,9,0,straddle_abuse,-0.11190515259901683,2,0.1743,22,2,0,1731,0,0.0,9344,72
2.776974979788065,-0.06444444444444442,3.71,-0.5799999999999997,9,0,straddle_abuse,-0.1155481959382693,3,0.1734,27,2,0,1731,0,0.0,9472,73
2.692209282889962,-0.04222222222222223,0,-0.38000000000000006,9,0,straddle_abuse,-0.12526849657297134,0,0.1725,22,2,0,1731,0,0.0,9600,74
2.824612617492676,-0.09000000000000005,0,-0.8100000000000005,9,0,straddle_abuse,-0.1188909038901329,0,0.1717,26,2,0,1731,0,0.0,9728,75
2.7541152657940984,-0.08222222222222227,0,-0.7400000000000004,9,0,straddle_abuse,-0.12824651102224985,0,0.1708,21,2,0,1731,0,0.0,9856,76
2.6905578430742025,-0.04777777777777781,0,-0.43000000000000027,9,0,straddle_abuse,-0.1452875683705012,0,0.1699,14,2,0,1731,0,0.0,9984,77
2.7454592660069466,-0.029999999999999995,0,-0.26999999999999996,9,0,straddle_abuse,-0.10712790489196777,0,0.1691,26,2,0,1731,0,0.0,10112,78
2.527082326821983,0.08555555555555555,1.1,0.7699999999999999,9,0,straddle_abuse,-0.11237034698327382,1,0.1683,14,2,0,1731,0,0.0,10240,79
2.7621989799663424,-0.020000000000000004,0,-0.18000000000000002,9,0,straddle_abuse,-0.14030450085798898,0,0.1674,21,2,0,1731,0,0.0,10368,80
2.6892331391572952,-0.06555555555555559,1.59,-0.5900000000000003,9,0,straddle_abuse,-0.1376426269610723,1,0.1666,18,2,0,1731,0,0.0,10496,81
2.6720739295706153,1.415555555555556,7.99,12.740000000000004,9,0,straddle_abuse,0.27020453413327533,2,0.1657,25,2,0,1731,0,0.0,10624,82
2.670638627372682,-0.022222222222222227,0,-0.20000000000000004,9,0,straddle_abuse,-0.13809866706530252,0,0.1649,25,2,0,1731,0,0.0,10752,83
2.6972428373992443,-0.05777777777777782,0,-0.5200000000000004,9,0,straddle_abuse,-0.11033050964275996,0,0.1641,33,2,0,1731,0,0.0,10880,84
2.577454383485019,0.11888888888888885,1.45,1.0699999999999996,9,0,straddle_abuse,-0.12494971106449763,1,0.1633,14,2,0,1731,0,0.0,11008,85
2.7040480375289917,1.7911111111111113,13.02,16.12,9,0,straddle_abuse,0.8382463057835897,3,0.1625,17,2,0,1731,0,0.0,11136,86
2.684361823834479,-0.041111111111111126,0,-0.3700000000000001,9,0,straddle_abuse,-0.11369900157054265,0,0.1616,21,2,0,1731,0,0.0,11264,87
2.630951825529337,-0.0466666666666667,0,-0.42000000000000026,9,0,straddle_abuse,-0.10953703274329503,0,0.1608,23,2,0,1731,0,0.0,11392,88
2.7223662426695228,3.312222222222222,30.27,29.81,9,0,straddle_abuse,4.603810787200928,1,0.16,18,2,0,1731,1,0.1111111111111111,11520,89
2.546551488339901,1.4177777777777785,13.05,12.760000000000007,9,0,straddle_abuse,0.4886567493279775,3,0.1592,10,2,0,1731,0,0.0,11648,90
2.623130048625171,3.006666666666667,22.3,27.060000000000002,9,0,straddle_abuse,2.0223466555277505,7,0.1584,20,2,0,1731,0,0.0,11776,91
2.558698303066194,1.4455555555555553,15.14,13.009999999999998,9,0,straddle_abuse,0.9629735549290975,3,0.1576,15,2,0,1731,0,0.0,11904,92
2.5439222687855363,0.3633333333333336,3.55,3.2700000000000027,9,0,straddle_abuse,-0.028012951215108235,1,0.1569,23,2,0,1731,0,0.0,12032,93
2.680668104439974,0.44999999999999996,3.81,4.05,9,0,straddle_abuse,-0.03231596201658249,4,0.1561,20,2,0,1731,0,0.0,12160,94
2.6447800463065505,0.6044444444444452,5.09,5.440000000000007,9,0,straddle_abuse,-0.007861331105232239,2,0.1553,18,2,0,1731,0,0.0,12288,95
2.571443901397288,1.3811111111111112,13.23,12.43,9,0,straddle_abuse,0.37445876002311707,5,0.1545,19,2,0,1731,0,0.0,12416,96
2.7481941813603044,1.484444444444445,13.84,13.360000000000005,9,0,straddle_abuse,0.8220100005467733,1,0.1537,21,2,0,1731,0,0.0,12544,97
2.6774567971006036,0.5555555555555557,5.44,5.000000000000001,9,0,straddle_abuse,-0.00021943946679433188,1,0.153,20,2,0,1731,0,0.0,12672,98
2.6332215359434485,1.982222222222221,13.63,17.83999999999999,9,0,straddle_abuse,0.7789895931879679,2,0.1522,13,2,0,1731,0,0.0,12800,99
2.935154831968248,-0.16444444444444456,0,-1.480000000000001,9,0,straddle_abuse,-0.14689826468626657,0,0.25,29,3,0,1732,0,0.0,128,0
2.865075845271349,0.4900000000000003,5.39,4.410000000000003,9,0,straddle_abuse,-0.0027479728062947593,3,0.2487,30,3,0,1732,0,0.0,256,1
2.955167799256742,-0.1755555555555557,0,-1.5800000000000012,9,0,straddle_abuse,-0.1612985928853353,0,0.2475,24,3,0,1732,0,0.0,384,2
2.8296508453786373,-0.0966666666666667,0,-0.8700000000000003,9,0,straddle_abuse,-0.1462665597597758,0,0.2463,29,3,0,1732,0,0.0,512,3
2.778212895616889,0.8844444444444449,8.65,7.960000000000004,9,0,straddle_abuse,0.26212560137112934,1,0.245,30,3,0,1732,0,0.0,640,4
2.8274556109681726,0.17222222222222217,2.44,1.5499999999999996,9,0,straddle_abuse,-0.11571895331144333,1,0.2438,38,3,0,1732,0,0.0,768,5
2.934031132608652,-0.10777777777777785,5.05,-0.9700000000000006,9,0,straddle_abuse,-0.08819404244422913,1,0.2426,31,3,0,1732,0,0.0,896,6
2.763132818043232,-0.11000000000000007,0,-0.9900000000000007,9,0,straddle_abuse,-0.13813795646031699,0,0.2414,30,3,0,1732,0,0.0,1024,7
2.8886357992887497,-0.1044444444444445,0,-0.9400000000000006,9,0,straddle_abuse,-0.1519246051708857,0,0.2402,28,3,0,1732,0,0.0,1152,8
2.7565820030868053,-0.06555555555555559,0,-0.5900000000000003,9,0,straddle_abuse,-0.12309925258159637,0,0.239,25,3,0,1732,0,0.0,1280,9
2.870969750918448,-0.06444444444444447,0,-0.5800000000000002,9,0,straddle_abuse,-0.1350717693567276,0,0.2378,33,3,0,1732,0,0.0,1408,10
2.8801087085157633,-0.07666666666666672,0,-0.6900000000000004,9,0,straddle_abuse,-0.15171382824579874,0,0.2366,36,3,0,1732,0,0.0,1536,11
2.8747637066990137,-0.10222222222222228,0,-0.9200000000000006,9,0,straddle_abuse,-0.14398091038068137,0,0.2354,32,3,0,1732,0,0.0,1664,12
2.9331302419304848,-0.11777777777777781,0,-1.0600000000000003,9,0,straddle_abuse,-0.15285034974416098,0,0.2342,33,3,0,1732,0,0.0,1792,13
2.7998649645596743,-0.01333333333333336,0.72,-0.12000000000000025,9,0,straddle_abuse,-0.14047649502754211,1,0.2331,27,3,0,1732,0,0.0,1920,14
2.734161691740155,-0.05888888888888891,0,-0.5300000000000001,9,0,straddle_abuse,-0.13057592511177063,0,0.2319,30,3,0,1732,0,0.0,2048,15
2.6795240407809615,-0.06555555555555559,0,-0.5900000000000003,9,0,straddle_abuse,-0.14713368316491446,0,0.2307,30,3,0,1732,0,0.0,2176,16
2.7343469941988587,1.8733333333333286,17.66,16.859999999999957,9,0,straddle_abuse,1.5388843615849812,1,0.2296,38,3,0,1732,0,0.0,2304,17
2.717680847272277,-0.09111111111111116,0,-0.8200000000000004,9,0,straddle_abuse,-0.1411878615617752,0,0.2284,31,3,0,1732,0,0.0,2432,18
2.8270391933619976,1.2455555555555562,8.19,11.210000000000006,9,0,straddle_abuse,0.23879595597585043,3,0.2273,35,3,0,1732,0,0.0,2560,19
2.8077067648991942,-0.1033333333333334,0,-0.9300000000000006,9,0,straddle_abuse,-0.12617965042591095,0,0.2262,33,3,0,1732,0,0.0,2688,20
2.803597316145897,-0.08888888888888895,0,-0.8000000000000005,9,0,straddle_abuse,-0.1320614367723465,0,0.225,37,3,0,1732,0,0.0,2816,21
2.710173693485558,-0.06000000000000002,0,-0.5400000000000001,9,0,straddle_abuse,-0.1362706869840622,0,0.2239,22,3,0,1732,0,0.0,2944,22
2.742175699211657,-0.09111111111111116,0,-0.8200000000000004,9,0,straddle_abuse,-0.1518187721570333,0,0.2228,29,3,0,1732,0,0.0,3072,23
2.708110828883946,-0.06333333333333335,0,-0.5700000000000002,9,0,straddle_abuse,-0.1161943847934405,0,0.2217,28,3,0,1732,0,0.0,3200,24
2.853789433836937,-0.0755555555555556,0,-0.6800000000000004,9,0,straddle_abuse,-0.1525744100411733,0,0.2206,30,3,0,1732,0,0.0,3328,25
2.8358655627816916,0.9488888888888898,9.39,8.540000000000008,9,0,straddle_abuse,0.31761019428571063,1,0.2195,27,3,0,1732,0,0.0,3456,26
2.7550073824822903,-0.05555555555555558,0,-0.5000000000000002,9,0,straddle_abuse,-0.1245109960436821,0,0.2184,22,3,0,1732,0,0.0,3584,27
2.8327841637656093,1.2100000000000002,9.2,10.890000000000002,9,0,straddle_abuse,0.24336965382099152,2,0.2173,32,3,0,1732,0,0.0,3712,28
2.794073195196688,-0.06444444444444448,0,-0.5800000000000004,9,0,straddle_abuse,-0.11885268737872441,0,0.2162,33,3,0,1732,0,0.0,3840,29
2.773051718249917,0.5800000000000007,7.09,5.220000000000007,9,0,straddle_abuse,0.03785925110181173,1,0.2151,28,3,0,1732,0,0.0,3968,30
2.920205196365714,-0.07333333333333338,0,-0.6600000000000004,9,0,straddle_abuse,-0.13645018637180328,0,0.214,25,3,0,1732,0,0.0,4096,31
2.768463123589754,0.8700000000000001,8.3,7.830000000000001,9,0,straddle_abuse,0.19553815325101218,1,0.213,33,3,0,1732,0,0.0,4224,32
2.7213250612840056,3.893333333333337,35.72,35.040000000000035,9,0,straddle_abuse,5.904077212015788,1,0.2119,27,3,0,1732,1,0.1111111111111111,4352,33
2.706365001387894,0.051111111111111135,3.43,0.4600000000000002,9,0,straddle_abuse,-0.10969667881727219,1,0.2108,28,3,0,1732,0,0.0,4480,34
2.7493499675765634,0.24444444444444446,2.82,2.2,9,0,straddle_abuse,-0.10538615534702937,1,0.2098,23,3,0,1732,0,0.0,4608,35
2.6770302513614297,-0.07444444444444448,0,-0.6700000000000004,9,0,straddle_abuse,-0.14273974299430847,0,0.2087,23,3,0,1732,0,0.0,4736,36
2.667675090022385,-0.08666666666666673,0,-0.7800000000000005,9,0,straddle_abuse,-0.11975728223721187,0,0.2077,26,3,0,1732,0,0.0,4864,37
2.6756757982075214,-0.04444444444444446,0,-0.40000000000000013,9,0,straddle_abuse,-0.11739802360534668,0,0.2066,35,3,0,1732,0,0.0,4992,38
2.865884908474982,4.006666666666666,37,36.059999999999995,9,0,straddle_abuse,5.851566632588704,3,0.2056,33,3,0,1732,1,0.1111111111111111,5120,39
2.9021154660731554,0.4233333333333334,15.06,3.8100000000000005,9,0,straddle_abuse,0.2001488208770752,1,0.2046,27,3,0,1732,0,0.0,5248,40
2.804410109296441,2.998888888888885,27.75,26.989999999999966,9,0,straddle_abuse,2.8253983656565347,1,0.2036,31,3,0,1732,0,0.0,5376,41
2.742417188361287,0.755555555555557,7.62,6.800000000000013,9,0,straddle_abuse,0.12454547981421153,1,0.2025,22,3,0,1732,0,0.0,5504,42
2.7155655259266496,1.6077777777777778,13.77,14.47,9,0,straddle_abuse,0.7765605847040812,2,0.2015,26,3,0,1732,0,0.0,5632,43
2.764523766003549,0.6711111111111115,5.6,6.040000000000004,9,0,straddle_abuse,0.047497913241386414,2,0.2005,28,3,0,1732,0,0.0,5760,44
2.815333856269717,0.26666666666666683,2.77,2.4000000000000017,9,0,straddle_abuse,-0.06080532570679983,2,0.1995,25,3,0,1732,0,0.0,5888,45
2.780360298231244,-0.05333333333333337,0.67,-0.4800000000000003,9,0,straddle_abuse,-0.08730691919724147,1,0.1985,31,3,0,1732,0,0.0,6016,46
2.7371820341795683,0.0522222222222222,0.97,0.46999999999999975,9,0,straddle_abuse,-0.10630609095096588,1,0.1975,28,3,0,1732,0,0.0,6144,47
2.6731834150850773,-0.032222222222222235,0.16,-0.29000000000000015,9,0,straddle_abuse,-0.11826784908771515,1,0.1965,33,3,0,1732,0,0.0,6272,48
2.730203315615654,-0.055555555555555594,0,-0.5000000000000003,9,0,straddle_abuse,-0.12545970578988394,0,0.1956,19,3,0,1732,0,0.0,6400,49
2.642816233448684,0.575555555555556,2.78,5.180000000000004,9,0,straddle_abuse,-0.051232303182284035,6,0.1946,19,3,0,1732,0,0.0,6528,50
2.7976396214216948,0.286666666666667,2.7,2.580000000000003,9,0,straddle_abuse,-0.09360868235429128,2,0.1936,22,3,0,1732,0,0.0,6656,51
2.7636326290667057,-0.04444444444444446,0,-0.40000000000000013,9,0,straddle_abuse,-0.13971169789632162,0,0.1926,28,3,0,1732,0,0.0,6784,52
2.6173934964463115,-0.061111111111111116,0,-0.55,9,0,straddle_abuse,-0.12055272608995438,0,0.1917,21,3,0,1732,0,0.0,6912,53
2.798654022626579,-0.053333333333333365,0,-0.48000000000000026,9,0,straddle_abuse,-0.1409023106098175,0,0.1907,23,3,0,1732,0,0.0,7040,54
2.668360074982047,-0.06888888888888893,0,-0.6200000000000003,9,0,straddle_abuse,-0.1359127312898636,0,0.1898,29,3,0,1732,0,0.0,7168,55
2.783751992508769,-0.07777777777777779,0,-0.7000000000000002,9,0,straddle_abuse,-0.12862432499726614,0,0.1888,30,3,0,1732,0,0.0,7296,56
2.6423774119466543,2.146666666666666,19.46,19.319999999999993,9,0,straddle_abuse,1.9206327199935913,1,0.1879,28,3,0,1732,0,0.0,7424,57
2.7437938852235675,0.22888888888888925,2.72,2.060000000000003,9,0,straddle_abuse,-0.09867671877145767,2,0.1869,25,3,0,1732,0,0.0,7552,58
2.6213282803073525,-0.005555555555555568,0.47,-0.050000000000000114,9,0,straddle_abuse,-0.11459596703449886,1,0.186,22,3,0,1732,0,0.0,7680,59
2.6620120890438557,0.022222222222222206,0.53,0.19999999999999984,9,0,straddle_abuse,-0.12311503291130066,1,0.1851,20,3,0,1732,0,0.0,7808,60
2.7420035116374493,0.21333333333333412,2.52,1.920000000000007,9,0,straddle_abuse,-0.1078204686443011,1,0.1841,18,3,0,1732,0,0.0,7936,61
2.775227213278413,-0.06111111111111113,0,-0.5500000000000002,9,0,straddle_abuse,-0.11450684070587158,0,0.1832,26,3,0,1732,0,0.0,8064,62
2.7694727294147015,0.38333333333333386,3.84,3.4500000000000046,9,0,straddle_abuse,-0.05780954658985138,2,0.1823,21,3,0,1732,0,0.0,8192,63
2.6219793129712343,2.1300000000000003,17.37,19.17,9,0,straddle_abuse,1.3122472365697224,4,0.1814,26,3,0,1732,0,0.0,8320,64
2.832283778116107,-0.10111111111111118,0,-0.9100000000000006,9,0,straddle_abuse,-0.1540312816699346,0,0.1805,29,3,0,1732,0,0.0,8448,65
2.758714498952031,0.374444444444445,3.52,3.370000000000005,9,0,straddle_abuse,-0.06196638196706772,2,0.1796,20,3,0,1732,0,0.0,8576,66
2.6325454702600837,0.023333333333333317,0.47,0.20999999999999985,9,0,straddle_abuse,-0.11892616252104442,1,0.1787,19,3,0,1732,0,0.0,8704,67
2.4831906156614423,2.103333333333331,19.27,18.92999999999998,9,0,straddle_abuse,1.5228899319966633,2,0.1778,19,3,0,1732,0,0.0,8832,68
2.6379688074812293,4.624444444444446,37,41.62000000000001,9,0,straddle_abuse,6.302006721496582,4,0.1769,19,3,0,1732,1,0.1111111111111111,8960,69
2.7273239055648446,-0.08111111111111116,0,-0.7300000000000004,9,0,straddle_abuse,-0.12382052093744278,0,0.176,25,3,0,1732,0,0.0,9088,70
2.6290819430723786,-0.06000000000000002,0,-0.5400000000000001,9,0,straddle_abuse,-0.10903306553761165,0,0.1751,28,3,0,1732,0,0.0,9216,71
2.688723873347044,-0.048888888888888905,0,-0.44000000000000017,9,0,straddle_abuse,-0.1324681987365087,0,0.1743,32,3,0,1732,0,0.0,9344,72
2.6575976088643074,-0.07333333333333335,4.97,-0.6600000000000001,9,0,straddle_abuse,-0.09462058295806249,2,0.1734,35,3,0,1732,0,0.0,9472,73
2.6751906406134367,-0.03444444444444445,0,-0.31000000000000005,9,0,straddle_abuse,-0.10997620473305385,0,0.1725,20,3,0,1732,0,0.0,9600,74
2.6995178814977407,0.6444444444444448,6.29,5.800000000000003,9,0,straddle_abuse,0.1067973126967748,1,0.1717,32,3,0,1732,0,0.0,9728,75
2.689502011053264,-0.021111111111110963,4.77,-0.18999999999999867,9,0,straddle_abuse,-0.0947442576289177,2,0.1708,19,3,0,1732,0,0.0,9856,76
2.7583760926499963,0.5400000000000003,8.85,4.860000000000002,9,0,straddle_abuse,0.05372674266497294,2,0.1699,22,3,0,1732,0,0.0,9984,77
2.660529535263777,-0.04000000000000002,0,-0.3600000000000002,9,0,straddle_abuse,-0.1314165343840917,0,0.1691,14,3,0,1732,0,0.0,10112,78
2.69265793915838,1.1133333333333346,10.3,10.020000000000012,9,0,straddle_abuse,0.4094727536042531,3,0.1683,18,3,0,1732,0,0.0,10240,79
2.684931001625955,-0.04444444444444446,0,-0.40000000000000013,9,0,straddle_abuse,-0.12797529498736063,0,0.1674,19,3,0,1732,0,0.0,10368,80
2.6240485180169344,-0.05444444444444448,0,-0.4900000000000003,9,0,straddle_abuse,-0.11785002052783966,0,0.1666,16,3,0,1732,0,0.0,10496,81
2.8900244291871786,2.038888888888887,11.77,18.349999999999984,9,0,straddle_abuse,0.7180495460828146,4,0.1657,17,3,0,1732,0,0.0,10624,82
2.689420046284795,-0.04444444444444446,0,-0.40000000000000013,9,0,straddle_abuse,-0.13365623851617178,0,0.1649,20,3,0,1732,0,0.0,10752,83
2.566166981123388,0.7922222222222225,7.66,7.130000000000003,9,0,straddle_abuse,0.13361458977063498,1,0.1641,18,3,0,1732,0,0.0,10880,84
2.82132310885936,1.8088888888888874,15.81,16.279999999999987,9,0,straddle_abuse,1.1951647996902466,2,0.1633,15,3,0,1732,0,0.0,11008,85
2.526761768385768,0.8311111111111117,7.84,7.480000000000005,9,0,straddle_abuse,0.14942745864391327,2,0.1625,17,3,0,1732,0,0.0,11136,86
2.812568014487624,0.07999999999999997,1.06,0.7199999999999998,9,0,straddle_abuse,-0.09860311945279439,1,0.1616,18,3,0,1732,0,0.0,11264,87
2.6462080404162407,0.012222222222222294,5.95,0.11000000000000065,9,0,straddle_abuse,-0.05086442083120346,2,0.1608,12,3,0,1732,0,0.0,11392,88
2.7032302133738995,-0.06555555555555559,0,-0.5900000000000003,9,0,straddle_abuse,-0.1161564290523529,0,0.16,26,3,0,1732,0,0.0,11520,89
2.6332088951021433,1.0300000000000002,5.07,9.270000000000003,9,0,straddle_abuse,0.0281447172164917,3,0.1592,22,3,0,1732,0,0.0,11648,90
2.5845762537792325,0.8900000000000013,8.59,8.010000000000012,9,0,straddle_abuse,0.1392360876003901,3,0.1584,20,3,0,1732,0,0.0,11776,91
2.773764967918396,-0.05555555555555558,0,-0.5000000000000002,9,0,straddle_abuse,-0.13911830882231394,0,0.1576,18,3,0,1732,0,0.0,11904,92
2.599816125817597,0.654444444444445,8.81,5.890000000000005,9,0,straddle_abuse,0.054376800855000816,3,0.1569,23,3,0,1732,0,0.0,12032,93
2.681123735383153,0.9100000000000004,4.79,8.190000000000003,9,0,straddle_abuse,0.059803331891695656,5,0.1561,18,3,0,1732,0,0.0,12160,94
2.6935500614345074,0.8900000000000006,4.57,8.010000000000005,9,0,straddle_abuse,0.04687274992465973,3,0.1553,22,3,0,1732,0,0.0,12288,95
2.6951713245362043,0.10888888888888887,1.22,0.9799999999999999,9,0,straddle_abuse,-0.11373888949553172,4,0.1545,20,3,0,1732,0,0.0,12416,96
2.5853134216740727,-0.0488888888888889,0,-0.4400000000000001,9,0,straddle_abuse,-0.09732789794603984,0,0.1537,24,3,0,1732,0,0.0,12544,97
2.541438687592745,-0.028888888888888895,0,-0.26000000000000006,9,0,straddle_abuse,-0.10580751299858093,0,0.153,17,3,0,1732,0,0.0,12672,98
2.681317938491702,0.09000000000000001,1.12,0.81,9,0,straddle_abuse,-0.12559561431407928,2,0.1522,16,3,0,1732,0,0.0,12800,99
2.959504244849086,0.14999999999999997,2.39,1.3499999999999996,9,0,straddle_abuse,-0.12732399006684622,1,0.25,32,4,0,1733,0,0.0,128,0
3.0059479735791683,-0.15888888888888897,0,-1.4300000000000008,9,0,straddle_abuse,-0.16072787841161093,0,0.2487,23,4,0,1733,0,0.0,256,1
2.997628239914775,-0.10222222222222227,0,-0.9200000000000005,9,0,straddle_abuse,-0.14961566030979156,0,0.2475,34,4,0,1733,0,0.0,384,2
2.8065808741375804,-0.12000000000000008,0,-1.0800000000000007,9,0,straddle_abuse,-0.14514829715092978,0,0.2463,31,4,0,1733,0,0.0,512,3
2.9055837355554104,-0.13333333333333341,0,-1.2000000000000006,9,0,straddle_abuse,-0.14409738779067993,0,0.245,32,4,0,1733,0,0.0,640,4
2.7989223822951317,-0.11111111111111116,0,-1.0000000000000004,9,0,straddle_abuse,-0.14377474784851074,0,0.2438,36,4,0,1733,0,0.0,768,5
2.9893988855183125,-0.12333333333333336,0,-1.1100000000000003,9,0,straddle_abuse,-0.15675497551759085,0,0.2426,33,4,0,1733,0,0.0,896,6
2.8773442413657904,-0.09888888888888894,0,-0.8900000000000005,9,0,straddle_abuse,-0.14801294108231863,0,0.2414,33,4,0,1733,0,0.0,1024,7
2.8333572847768664,-0.1144444444444445,0,-1.0300000000000005,9,0,straddle_abuse,-0.15230833987394968,0,0.2402,32,4,0,1733,0,0.0,1152,8
2.937480829656124,-0.1155555555555556,0,-1.0400000000000005,9,0,straddle_abuse,-0.16070018212000528,0,0.239,35,4,0,1733,0,0.0,1280,9
2.718636551871896,-0.06444444444444447,0,-0.5800000000000002,9,0,straddle_abuse,-0.1325754076242447,0,0.2378,25,4,0,1733,0,0.0,1408,10
2.8240804709494114,-0.07000000000000002,0,-0.6300000000000002,9,0,straddle_abuse,-0.1412579963604609,0,0.2366,30,4,0,1733,0,0.0,1536,11
2.754319370724261,-0.06777777777777781,0,-0.6100000000000003,9,0,straddle_abuse,-0.14659872154394785,0,0.2354,37,4,0,1733,0,0.0,1664,12
2.6674589440226555,-0.06444444444444443,2.88,-0.5799999999999998,9,0,straddle_abuse,-0.1379341185092926,1,0.2342,27,4,0,1733,0,0.0,1792,13
2.671078567393124,1.0511111111111113,9.73,9.460000000000003,9,0,straddle_abuse,0.2909004787604014,3,0.2331,22,4,0,1733,0,0.0,1920,14
2.6526739289984107,-0.06666666666666671,0,-0.6000000000000003,9,0,straddle_abuse,-0.10315999885400136,0,0.2319,30,4,0,1733,0,0.0,2048,15
2.6870109429582953,-0.05000000000000002,0.83,-0.4500000000000001,9,0,straddle_abuse,-0.11706967900196712,1,0.2307,28,4,0,1733,0,0.0,2176,16
2.730160971172154,0.22555555555555573,2.58,2.0300000000000016,9,0,straddle_abuse,-0.08983230590820312,2,0.2296,31,4,0,1733,0,0.0,2304,17
2.524959431961179,0.09111111111111109,1.14,0.8199999999999998,9,0,straddle_abuse,-0.11223999162515004,2,0.2284,33,4,0,1733,0,0.0,2432,18
2.630525435321033,-0.0666666666666667,0,-0.6000000000000002,9,0,straddle_abuse,-0.12144009272257487,0,0.2273,36,4,0,1733,0,0.0,2560,19
2.770808845758438,0.23111111111111202,2.62,2.080000000000008,9,0,straddle_abuse,-0.08896241585413615,1,0.2262,32,4,0,1733,0,0.0,2688,20
2.699078658595681,-0.03444444444444446,0,-0.3100000000000001,9,0,straddle_abuse,-0.11676760266224544,0,0.225,36,4,0,1733,0,0.0,2816,21
2.6019805194810033,0.3411111111111114,3.45,3.070000000000003,9,0,straddle_abuse,-0.05759305010239283,1,0.2239,31,4,0,1733,0,0.0,2944,22
2.744011356495321,-0.03111111111111112,0,-0.2800000000000001,9,0,straddle_abuse,-0.12223082532485326,0,0.2228,27,4,0,1733,0,0.0,3072,23
2.7344826227054,2.60444444444444,23.98,23.43999999999996,9,0,straddle_abuse,2.281757911046346,1,0.2217,30,4,0,1733,0,0.0,3200,24
2.671149104833603,-0.060000000000000026,0,-0.5400000000000003,9,0,straddle_abuse,-0.12410066028436025,0,0.2206,29,4,0,1733,0,0.0,3328,25
2.623747892677784,-0.07888888888888894,0,-0.7100000000000004,9,0,straddle_abuse,-0.12997864683469137,0,0.2195,16,4,0,1733,0,0.0,3456,26
2.649170727469027,-0.07000000000000002,0,-0.6300000000000002,9,0,straddle_abuse,-0.08364197115103404,0,0.2184,34,4,0,1733,0,0.0,3584,27
2.6921125557273626,0.017777777777777747,0.57,0.15999999999999973,9,0,straddle_abuse,-0.13546276092529297,1,0.2173,20,4,0,1733,0,0.0,3712,28
2.8162156036123633,0.004444444444444419,0.6,0.03999999999999977,9,0,straddle_abuse,-0.13009820878505707,1,0.2162,22,4,0,1733,0,0.0,3840,29
2.670010452158749,0.11777777777777779,1.37,1.06,9,0,straddle_abuse,-0.11824692785739899,2,0.2151,23,4,0,1733,0,0.0,3968,30
2.7377772061154246,-0.025555555555555564,0,-0.23000000000000007,9,0,straddle_abuse,-0.10386071105798085,0,0.214,31,4,0,1733,0,0.0,4096,31
2.578145313076675,-0.04333333333333335,0,-0.3900000000000001,9,0,straddle_abuse,-0.11006693045298259,0,0.213,26,4,0,1733,0,0.0,4224,32
2.678252845071256,0.2244444444444444,2.3,2.0199999999999996,9,0,straddle_abuse,-0.10331157098213832,1,0.2119,26,4,0,1733,0,0.0,4352,33
2.6149776400998235,0.9866666666666664,23.14,8.879999999999997,9,0,straddle_abuse,0.778472105662028,2,0.2108,32,4,0,1733,0,0.0,4480,34
2.7603144459426403,-0.06333333333333337,0,-0.5700000000000003,9,0,straddle_abuse,-0.13007380068302155,0,0.2098,28,4,0,1733,0,0.0,4608,35
2.7771732229739428,0.4388888888888901,4.52,3.950000000000011,9,0,straddle_abuse,-0.03379855304956436,1,0.2087,23,4,0,1733,0,0.0,4736,36
2.7472477946430445,-0.07333333333333338,0,-0.6600000000000004,9,0,straddle_abuse,-0.1383973757425944,0,0.2077,30,4,0,1733,0,0.0,4864,37
2.83722800668329,0.6555555555555563,6.83,5.900000000000007,9,0,straddle_abuse,0.10898600021998088,3,0.2066,35,4,0,1733,0,0.0,4992,38
2.713263424113393,-0.07777777777777782,0,-0.7000000000000004,9,0,straddle_abuse,-0.12465857714414597,0,0.2056,25,4,0,1733,0,0.0,5120,39
2.6223927130922675,0.6455555555555558,6.37,5.810000000000002,9,0,straddle_abuse,0.07082293927669525,1,0.2046,27,4,0,1733,0,0.0,5248,40
2.7680812627077103,1.0055555555555555,9.74,9.05,9,0,straddle_abuse,0.2976747552553813,2,0.2036,29,4,0,1733,0,0.0,5376,41
2.7758514704182744,-0.0955555555555556,0,-0.8600000000000004,9,0,straddle_abuse,-0.11697716514269511,0,0.2025,18,4,0,1733,0,0.0,5504,42
2.5744276689365506,1.5611111111111113,14.43,14.050000000000002,9,0,straddle_abuse,0.860739509264628,2,0.2015,31,4,0,1733,0,0.0,5632,43
2.8208305779844522,-0.07000000000000003,0,-0.6300000000000003,9,0,straddle_abuse,-0.09976674367984135,0,0.2005,28,4,0,1733,0,0.0,5760,44
2.803971391171217,-0.07222222222222226,0,-0.6500000000000004,9,0,straddle_abuse,-0.12234051028887431,0,0.1995,15,4,0,1733,0,0.0,5888,45
2.7404599338769913,0.516666666666667,4.52,4.650000000000003,9,0,straddle_abuse,-0.03331271062294642,2,0.1985,31,4,0,1733,0,0.0,6016,46
2.6268924782052636,2.745555555555552,20.11,24.70999999999997,9,0,straddle_abuse,1.2077505191167195,6,0.1975,22,4,0,1733,0,0.0,6144,47
2.719948806799948,-0.0855555555555556,0,-0.7700000000000005,9,0,straddle_abuse,-0.11323374261458714,0,0.1965,25,4,0,1733,0,0.0,6272,48
2.7541896514594555,-0.04444444444444446,0,-0.40000000000000013,9,0,straddle_abuse,-0.12069570769866307,0,0.1956,24,4,0,1733,0,0.0,6400,49
2.6946790730580688,0.5100000000000007,7.64,4.590000000000006,9,0,straddle_abuse,-0.007676621278127034,3,0.1946,16,4,0,1733,0,0.0,6528,50
2.70120897796005,-0.04222222222222224,0.27,-0.3800000000000001,9,0,straddle_abuse,-0.13376666605472565,1,0.1936,26,4,0,1733,0,0.0,6656,51
2.821250308305025,-0.10777777777777785,0,-0.9700000000000006,9,0,straddle_abuse,-0.12058677027622859,0,0.1926,26,4,0,1733,0,0.0,6784,52
2.8924685129895806,0.04999999999999992,1.25,0.4499999999999993,9,0,straddle_abuse,-0.149483323097229,1,0.1917,36,4,0,1733,0,0.0,6912,53
2.6377215599641204,0.40444444444444483,6,3.6400000000000032,9,0,straddle_abuse,-0.04704917222261429,2,0.1907,17,4,0,1733,0,0.0,7040,54
2.786155169829726,-0.06444444444444447,0,-0.5800000000000003,9,0,straddle_abuse,-0.13170560697714487,0,0.1898,21,4,0,1733,0,0.0,7168,55
2.7289757365360856,-0.08111111111111116,0,-0.7300000000000004,9,0,straddle_abuse,-0.140402689576149,0,0.1888,27,4,0,1733,0,0.0,7296,56
2.668025851249695,0.34777777777777785,9.52,3.130000000000001,9,0,straddle_abuse,0.13668505350748697,3,0.1879,27,4,0,1733,0,0.0,7424,57
2.8489323342218995,-0.08111111111111116,0,-0.7300000000000004,9,0,straddle_abuse,-0.14629166821638742,0,0.1869,26,4,0,1733,0,0.0,7552,58
2.80503006093204,-0.08444444444444449,0,-0.7600000000000005,9,0,straddle_abuse,-0.1518774131933848,0,0.186,24,4,0,1733,0,0.0,7680,59
2.630130900070071,-0.05444444444444445,0,-0.49000000000000005,9,0,straddle_abuse,-0.14700662096341452,0,0.1851,16,4,0,1733,0,0.0,7808,60
2.826530072838068,-0.05222222222222227,0.31,-0.4700000000000004,9,0,straddle_abuse,-0.1348408261934916,1,0.1841,22,4,0,1733,0,0.0,7936,61
2.7610201658681035,-0.06333333333333335,0,-0.5700000000000002,9,0,straddle_abuse,-0.1586942176024119,0,0.1832,21,4,0,1733,0,0.0,8064,62
2.6098672030493617,0.1611111111111111,2.52,1.45,9,0,straddle_abuse,-0.1055897722641627,1,0.1823,25,4,0,1733,0,0.0,8192,63
2.7493212539702654,0.15666666666666662,1.84,1.4099999999999997,9,0,straddle_abuse,-0.1143063132961591,1,0.1814,18,4,0,1733,0,0.0,8320,64
2.5815971940755844,-0.018888888888888886,0,-0.16999999999999998,9,0,straddle_abuse,-0.12025938679774602,0,0.1805,20,4,0,1733,0,0.0,8448,65
2.7540247328579426,0.5966666666666676,5.14,5.370000000000008,9,0,straddle_abuse,-0.007055650154749553,2,0.1796,26,4,0,1733,0,0.0,8576,66
2.8284792359918356,-0.0944444444444445,0,-0.8500000000000004,9,0,straddle_abuse,-0.15384890139102936,0,0.1787,26,4,0,1733,0,0.0,8704,67
2.656841764226556,-0.08000000000000004,0,-0.7200000000000004,9,0,straddle_abuse,-0.10699537644783656,0,0.1778,31,4,0,1733,0,0.0,8832,68
2.690673593431711,-0.02888888888888889,0,-0.26,9,0,straddle_abuse,-0.12511916706959406,0,0.1769,21,4,0,1733,0,0.0,8960,69
2.693969827145338,0.12333333333333332,1.47,1.1099999999999999,9,0,straddle_abuse,-0.1209486002723376,2,0.176,25,4,0,1733,0,0.0,9088,70
2.7083896482363343,-0.06777777777777781,0,-0.6100000000000003,9,0,straddle_abuse,-0.12049128860235214,0,0.1751,31,4,0,1733,0,0.0,9216,71
2.621211104094982,0.40000000000000074,2.77,3.6000000000000068,9,0,straddle_abuse,-0.0786363606651624,2,0.1743,18,4,0,1733,0,0.0,9344,72
2.665549454279244,0.09333333333333332,1.36,0.84,9,0,straddle_abuse,-0.1292722225189209,1,0.1734,25,4,0,1733,0,0.0,9472,73
2.7532886965200305,0.5166666666666674,5.05,4.650000000000007,9,0,straddle_abuse,-0.0026412258545557656,2,0.1725,19,4,0,1733,0,0.0,9600,74
2.637612044811249,0.1466666666666666,1.81,1.3199999999999996,9,0,straddle_abuse,-0.07332331438859303,1,0.1717,26,4,0,1733,0,0.0,9728,75
2.6492341589182615,2.4833333333333334,16.66,22.35,9,0,straddle_abuse,1.4867279132207234,4,0.1708,22,4,0,1733,0,0.0,9856,76
2.749889748170972,4.83,36.55,43.47,9,0,straddle_abuse,6.420234839121501,4,0.1699,24,4,0,1733,1,0.1111111111111111,9984,77
2.789251357316971,-0.06666666666666671,0,-0.6000000000000003,9,0,straddle_abuse,-0.08832953125238419,0,0.1691,23,4,0,1733,0,0.0,10112,78
2.6184229105710983,-0.03222222222222222,0,-0.29,9,0,straddle_abuse,-0.0899960274497668,0,0.1683,17,4,0,1733,0,0.0,10240,79
2.5812677647918463,-0.027777777777777783,0,-0.25000000000000006,9,0,straddle_abuse,-0.08899107823769252,0,0.1674,18,4,0,1733,0,0.0,10368,80
2.551010903902352,0.19444444444444442,2.07,1.7499999999999998,9,0,straddle_abuse,-0.10832546651363373,1,0.1666,24,4,0,1733,0,0.0,10496,81
2.6326610557734966,3.7577777777777763,34.24,33.819999999999986,9,0,straddle_abuse,6.383814016977946,1,0.1657,17,4,0,1733,1,0.1111111111111111,10624,82
2.5003024926409125,-0.02666666666666668,0.33,-0.2400000000000001,9,0,straddle_abuse,-0.11397738506396611,1,0.1649,24,4,0,1733,0,0.0,10752,83
2.7789443098008633,-0.05222222222222225,0,-0.4700000000000003,9,0,straddle_abuse,-0.140427365899086,0,0.1641,18,4,0,1733,0,0.0,10880,84
2.6638384321704507,-0.06777777777777781,0,-0.6100000000000003,9,0,straddle_abuse,-0.1351181169350942,0,0.1633,27,4,0,1733,0,0.0,11008,85
2.618114254437387,-0.036666666666666674,0,-0.33000000000000007,9,0,straddle_abuse,-0.12866323192914328,0,0.1625,18,4,0,1733,0,0.0,11136,86
2.6429484374821186,2.0544444444444396,18.5,18.489999999999956,9,0,straddle_abuse,1.3678257862726848,4,0.1616,18,4,0,1733,0,0.0,11264,87
2.670250575989485,-0.032222222222222235,0,-0.2900000000000001,9,0,straddle_abuse,-0.10008013000090916,0,0.1608,21,4,0,1733,0,0.0,11392,88
2.595735383220017,1.4688888888888887,18,13.219999999999999,9,0,straddle_abuse,0.7522141138712565,1,0.16,22,4,0,1733,0,0.0,11520,89
2.5104219587519765,5.188888888888892,33.09,46.700000000000024,9,0,straddle_abuse,4.825714747111003,6,0.1592,21,4,0,1733,1,0.1111111111111111,11648,90
2.6880568489432335,-0.05111111111111114,0.17,-0.4600000000000003,9,0,straddle_abuse,-0.13274472455183664,1,0.1584,19,4,0,1733,0,0.0,11776,91
2.778948811814189,4.346666666666661,26.49,39.119999999999955,9,0,straddle_abuse,2.8663726647694907,5,0.1576,28,4,0,1733,0,0.0,11904,92
2.614785699173808,-0.07555555555555551,11.35,-0.6799999999999996,9,0,straddle_abuse,0.10389265418052673,1,0.1569,28,4,0,1733,0,0.0,12032,93
2.6560388039797544,-0.07888888888888893,0,-0.7100000000000003,9,0,straddle_abuse,-0.12287119030952454,0,0.1561,19,4,0,1733,0,0.0,12160,94
2.6123656211420894,-0.041111111111111126,3.28,-0.3700000000000001,9,0,straddle_abuse,-0.08312982817490895,1,0.1553,21,4,0,1733,0,0.0,12288,95
2.5811135470867157,0.7033333333333339,11.47,6.330000000000005,9,0,straddle_abuse,0.2161735345919927,3,0.1545,16,4,0,1733,0,0.0,12416,96
2.6251677172258496,3.1811111111111092,28.99,28.62999999999998,9,0,straddle_abuse,3.073092778523763,1,0.1537,27,4,0,1733,0,0.0,12544,97
2.7170491460710764,0.05555555555555553,0.43,0.4999999999999998,9,0,straddle_abuse,-0.11876952648162842,2,0.153,14,4,0,1733,0,0.0,12672,98
2.52717028837651,0.7877777777777784,7.33,7.090000000000005,9,0,straddle_abuse,0.06299176315466563,5,0.1522,23,4,0,1733,0,0.0,12800,99
2.8130988739430904,-0.12666666666666676,0,-1.1400000000000008,9,0,straddle_abuse,-0.14165868858496347,0,0.25,33,5,0,1734,0,0.0,128,0
2.8453098479658365,0.22000000000000008,1.52,1.9800000000000009,9,0,straddle_abuse,-0.11969684561093648,2,0.2487,41,5,0,1734,0,0.0,256,1
2.9275517370551825,-0.10666666666666673,0,-0.9600000000000005,9,0,straddle_abuse,-0.14777548611164093,0,0.2475,41,5,0,1734,0,0.0,384,2
2.8756731022149324,-0.10111111111111118,0,-0.9100000000000006,9,0,straddle_abuse,-0.1458000441392263,0,0.2463,27,5,0,1734,0,0.0,512,3
2.849014760926366,-0.15666666666666676,0,-1.4100000000000008,9,0,straddle_abuse,-0.14867960413297018,0,0.245,32,5,0,1734,0,0.0,640,4
2.8698692275211215,-0.12888888888888894,9.36,-1.1600000000000004,9,0,straddle_abuse,-0.021398636202017467,1,0.2438,38,5,0,1734,0,0.0,768,5
2.8078335225582123,0.41222222222222266,4.49,3.710000000000004,9,0,straddle_abuse,-0.024384841322898865,1,0.2426,41,5,0,1734,0,0.0,896,6
2.914501441642642,0.0688888888888888,1.86,0.6199999999999992,9,0,straddle_abuse,-0.12357151011625926,1,0.2414,25,5,0,1734,0,0.0,1024,7
2.7576041631400585,-0.06444444444444447,0.49,-0.5800000000000003,9,0,straddle_abuse,-0.13352550566196442,1,0.2402,39,5,0,1734,0,0.0,1152,8
2.822976177558303,-0.09444444444444451,0,-0.8500000000000006,9,0,straddle_abuse,-0.1409453401962916,0,0.239,28,5,0,1734,0,0.0,1280,9
2.7684261510148644,-0.06888888888888889,0,-0.62,9,0,straddle_abuse,-0.14866593480110168,0,0.2378,23,5,0,1734,0,0.0,1408,10
2.70493052713573,0.5655555555555558,5.92,5.0900000000000025,9,0,straddle_abuse,0.0325105090936025,1,0.2366,37,5,0,1734,0,0.0,1536,11
2.65446157194674,-0.11000000000000007,0,-0.9900000000000007,9,0,straddle_abuse,-0.10581638912359874,0,0.2354,33,5,0,1734,0,0.0,1664,12
2.875540217384696,-0.08222222222222225,0,-0.7400000000000003,9,0,straddle_abuse,-0.13927269478638968,0,0.2342,39,5,0,1734,0,0.0,1792,13
2.8220282681286335,1.2644444444444447,15.14,11.380000000000003,9,0,straddle_abuse,0.5083441734313965,1,0.2331,35,5,0,1734,0,0.0,1920,14
2.847405987791717,0.895555555555557,8.22,8.060000000000013,9,0,straddle_abuse,0.20741661886374155,3,0.2319,28,5,0,1734,0,0.0,2048,15
2.780598041601479,-0.0577777777777778,0,-0.5200000000000002,9,0,straddle_abuse,-0.11855680992205937,0,0.2307,27,5,0,1734,0,0.0,2176,16
2.805890003219247,-0.10000000000000005,0,-0.9000000000000005,9,0,straddle_abuse,-0.1131277581055959,0,0.2296,25,5,0,1734,0,0.0,2304,17
2.870621357113123,-0.09555555555555557,0,-0.8600000000000002,9,0,straddle_abuse,-0.13290536403656006,0,0.2284,34,5,0,1734,0,0.0,2432,18
2.8478804044425488,-0.11111111111111113,10.39,-1.0000000000000002,9,0,straddle_abuse,-0.06376848618189494,1,0.2273,28,5,0,1734,0,0.0,2560,19
2.8469525668770075,-0.07444444444444448,0,-0.6700000000000004,9,0,straddle_abuse,-0.1248061532775561,0,0.2262,25,5,0,1734,0,0.0,2688,20
2.8792662918567657,-0.08555555555555559,0,-0.7700000000000004,9,0,straddle_abuse,-0.13002760211626688,0,0.225,22,5,0,1734,0,0.0,2816,21
2.676459401845932,0.058888888888888845,1.31,0.5299999999999996,9,0,straddle_abuse,-0.11965475231409073,4,0.2239,19,5,0,1734,0,0.0,2944,22
2.844568559899926,-0.09888888888888896,0,-0.8900000000000006,9,0,straddle_abuse,-0.13490481674671173,0,0.2228,23,5,0,1734,0,0.0,3072,23
2.8558203652501106,-0.07333333333333335,0,-0.6600000000000001,9,0,straddle_abuse,-0.14681806663672128,0,0.2217,25,5,0,1734,0,0.0,3200,24
2.7082709819078445,-0.0755555555555556,0,-0.6800000000000004,9,0,straddle_abuse,-0.12785163521766663,0,0.2206,28,5,0,1734,0,0.0,3328,25
2.856079099699855,-0.058888888888888914,0,-0.5300000000000002,9,0,straddle_abuse,-0.13659851749738058,0,0.2195,35,5,0,1734,0,0.0,3456,26
2.729502965696156,1.5755555555555572,9.56,14.180000000000014,9,0,straddle_abuse,0.5422701239585876,2,0.2184,33,5,0,1734,0,0.0,3584,27
2.7489440999925137,0.8522222222222223,8.07,7.670000000000001,9,0,straddle_abuse,0.16154378652572632,4,0.2173,31,5,0,1734,0,0.0,3712,28
2.764803608879447,0.11444444444444445,1.69,1.03,9,0,straddle_abuse,-0.11465845008691151,2,0.2162,26,5,0,1734,0,0.0,3840,29
2.848195917904377,0.8766666666666667,8.9,7.890000000000001,9,0,straddle_abuse,0.23373129963874817,1,0.2151,24,5,0,1734,0,0.0,3968,30
2.739795980975032,-0.028888888888888915,0.37,-0.26000000000000023,9,0,straddle_abuse,-0.10848814497391383,1,0.214,35,5,0,1734,0,0.0,4096,31
2.8237525820732117,-0.07444444444444448,0,-0.6700000000000004,9,0,straddle_abuse,-0.11823167155186336,0,0.213,30,5,0,1734,0,0.0,4224,32
2.602118664421141,1.045555555555557,10.16,9.410000000000013,9,0,straddle_abuse,0.36206960678100586,3,0.2119,20,5,0,1734,0,0.0,4352,33
2.8306743931025267,0.23555555555555602,2.5,2.120000000000004,9,0,straddle_abuse,-0.09834304451942444,1,0.2108,29,5,0,1734,0,0.0,4480,34
2.759733086451888,-0.05444444444444448,1.86,-0.4900000000000003,9,0,straddle_abuse,-0.13866063952445984,1,0.2098,23,5,0,1734,0,0.0,4608,35
2.737311964854598,0.8144444444444447,7.8,7.330000000000003,9,0,straddle_abuse,0.18421705067157745,1,0.2087,19,5,0,1734,0,0.0,4736,36
2.728612134233117,-0.06000000000000004,0,-0.5400000000000004,9,0,straddle_abuse,-0.12338259816169739,0,0.2077,24,5,0,1734,0,0.0,4864,37
2.7474741833284497,3.923333333333336,35.97,35.310000000000024,9,0,straddle_abuse,6.0202765464782715,1,0.2066,22,5,0,1734,1,0.1111111111111111,4992,38
2.695389200001955,1.9088888888888889,17.66,17.18,9,0,straddle_abuse,1.3152132829030354,1,0.2056,23,5,0,1734,0,0.0,5120,39
2.60160209890455,-0.04222222222222224,0,-0.3800000000000001,9,0,straddle_abuse,-0.11141317337751389,0,0.2046,25,5,0,1734,0,0.0,5248,40
2.6511691426858306,-0.04444444444444447,0,-0.4000000000000002,9,0,straddle_abuse,-0.08819633473952611,0,0.2036,29,5,0,1734,0,0.0,5376,41
2.5766710322350264,-0.060000000000000026,0,-0.5400000000000003,9,0,straddle_abuse,-0.11270839969317119,0,0.2025,28,5,0,1734,0,0.0,5504,42
2.7252833135426044,1.017777777777778,9.59,9.16,9,0,straddle_abuse,0.2559530436992645,1,0.2015,22,5,0,1734,0,0.0,5632,43
2.696280979551375,0.408888888888889,4.39,3.680000000000001,9,0,straddle_abuse,-0.05434695382912954,1,0.2005,25,5,0,1734,0,0.0,5760,44
2.6720151491463184,1.0322222222222226,8.98,9.290000000000003,9,0,straddle_abuse,0.22923295199871063,4,0.1995,26,5,0,1734,0,0.0,5888,45
2.694090722128749,0.9633333333333345,9.26,8.67000000000001,9,0,straddle_abuse,0.26547937591870624,3,0.1985,32,5,0,1734,0,0.0,6016,46
2.5715291686356068,-0.07000000000000003,0,-0.6300000000000003,9,0,straddle_abuse,-0.10636515418688457,0,0.1975,28,5,0,1734,0,0.0,6144,47
2.523237258195877,-0.052222222222222246,0,-0.4700000000000002,9,0,straddle_abuse,-0.09098897874355316,0,0.1965,21,5,0,1734,0,0.0,6272,48
2.6654083719477057,0.11555555555555551,1.72,1.0399999999999996,9,0,straddle_abuse,-0.07835913201173146,1,0.1956,23,5,0,1734,0,0.0,6400,49
2.5453052865341306,-0.05444444444444447,0,-0.4900000000000002,9,0,straddle_abuse,-0.09978523353735606,0,0.1946,19,5,0,1734,0,0.0,6528,50
2.740553818643093,-0.08666666666666671,0,-0.7800000000000004,9,0,straddle_abuse,-0.13849968214829764,0,0.1936,27,5,0,1734,0,0.0,6656,51
2.6603331808000803,-0.010000000000000002,0.14,-0.09000000000000001,9,0,straddle_abuse,-0.11610449105501175,1,0.1926,28,5,0,1734,0,0.0,6784,52
2.6974286064505577,-0.062222222222222255,0,-0.5600000000000003,9,0,straddle_abuse,-0.09588618328173955,0,0.1917,30,5,0,1734,0,0.0,6912,53
2.855312567204237,-0.09111111111111117,0,-0.8200000000000005,9,0,straddle_abuse,-0.15080401301383972,0,0.1907,25,5,0,1734,0,0.0,7040,54
2.8589341333135962,-0.11444444444444452,0,-1.0300000000000007,9,0,straddle_abuse,-0.13274482389291128,0,0.1898,23,5,0,1734,0,0.0,7168,55
2.9915938451886177,0.9344444444444456,9.37,8.41000000000001,9,0,straddle_abuse,0.30854569872220355,2,0.1888,32,5,0,1734,0,0.0,7296,56
2.7178199691697955,3.6844444444444466,17.66,33.16000000000002,9,0,straddle_abuse,2.216074546178182,10,0.1879,27,5,0,1734,0,0.0,7424,57
2.6684455713257194,0.7744444444444452,7.57,6.970000000000007,9,0,straddle_abuse,0.1271994709968567,2,0.1869,26,5,0,1734,0,0.0,7552,58
2.7503327997401357,0.1522222222222224,2.26,1.3700000000000017,9,0,straddle_abuse,-0.07940575728813808,1,0.186,28,5,0,1734,0,0.0,7680,59
2.6621705358847976,0.2922222222222228,2.96,2.6300000000000052,9,0,straddle_abuse,-0.06087501347064972,1,0.1851,21,5,0,1734,0,0.0,7808,60
2.6978453546762466,-0.04666666666666669,0,-0.4200000000000002,9,0,straddle_abuse,-0.10462012887001038,0,0.1841,24,5,0,1734,0,0.0,7936,61
2.7742495695129037,-0.11888888888888897,0,-1.0700000000000007,9,0,straddle_abuse,-0.11230062941710155,0,0.1832,27,5,0,1734,0,0.0,8064,62
2.8226989526301622,0.04111111111111106,1.08,0.3699999999999995,9,0,straddle_abuse,-0.13156266510486603,1,0.1823,23,5,0,1734,0,0.0,8192,63
2.6317218486219645,1.8555555555555507,17.66,16.699999999999957,9,0,straddle_abuse,1.364138921101888,1,0.1814,22,5,0,1734,0,0.0,8320,64
2.6596385715529323,0.1833333333333333,2.25,1.6499999999999997,9,0,straddle_abuse,-0.10275898377100627,2,0.1805,23,5,0,1734,0,0.0,8448,65
2.7489736154675484,-0.09222222222222226,0,-0.8300000000000004,9,0,straddle_abuse,-0.13211978475252786,0,0.1796,21,5,0,1734,0,0.0,8576,66
2.7763012889772654,-0.0966666666666667,0,-0.8700000000000003,9,0,straddle_abuse,-0.13325297832489014,0,0.1787,18,5,0,1734,0,0.0,8704,67
2.7657574750483036,-0.10444444444444452,1.81,-0.9400000000000007,9,0,straddle_abuse,-0.13424789905548096,1,0.1778,28,5,0,1734,0,0.0,8832,68
2.695621844381094,0.25555555555555637,2.8,2.3000000000000074,9,0,straddle_abuse,-0.10361629476149876,1,0.1769,25,5,0,1734,0,0.0,8960,69
2.6497146543115377,-0.06555555555555555,6.31,-0.59,9,0,straddle_abuse,-0.07156772166490555,1,0.176,34,5,0,1734,0,0.0,9088,70
2.6820833338424563,-0.016666666666666666,0,-0.15,9,0,straddle_abuse,-0.12043420473734538,0,0.1751,20,5,0,1734,0,0.0,9216,71
2.755680166184902,-0.07555555555555558,0,-0.6800000000000003,9,0,straddle_abuse,-0.1530245542526245,0,0.1743,21,5,0,1734,0,0.0,9344,72
2.7735597267746925,-0.08000000000000004,0,-0.7200000000000004,9,0,straddle_abuse,-0.13253372410933176,0,0.1734,24,5,0,1734,0,0.0,9472,73
2.6546693285927176,-0.02777777777777779,0.2,-0.2500000000000001,9,0,straddle_abuse,-0.11927194148302078,2,0.1725,21,5,0,1734,0,0.0,9600,74
2.7306067682802677,-0.045555555555555585,0,-0.41000000000000025,9,0,straddle_abuse,-0.10640743623177211,0,0.1717,31,5,0,1734,0,0.0,9728,75
2.6372725032269955,1.5722222222222224,13.23,14.150000000000002,9,0,straddle_abuse,0.8055676420529684,5,0.1708,24,5,0,1734,0,0.0,9856,76
2.685094751417637,-0.04444444444444446,0,-0.40000000000000013,9,0,straddle_abuse,-0.1095028817653656,0,0.1699,25,5,0,1734,0,0.0,9984,77
2.770284228026867,1.1655555555555563,10.92,10.490000000000007,9,0,straddle_abuse,0.3421281079451243,2,0.1691,20,5,0,1734,0,0.0,10112,78
2.7836247198283672,-0.08222222222222227,14.02,-0.7400000000000004,9,0,straddle_abuse,0.18214485049247742,1,0.1683,23,5,0,1734,0,0.0,10240,79
2.713440357707441,-0.04111111111111113,0,-0.3700000000000002,9,0,straddle_abuse,-0.1080569972594579,0,0.1674,24,5,0,1734,0,0.0,10368,80
2.8318255096673965,2.6999999999999997,25.22,24.299999999999997,9,0,straddle_abuse,2.6835741996765137,4,0.1666,20,5,0,1734,0,0.0,10496,81
2.7079985179007053,-0.021111111111111122,0.41,-0.1900000000000001,9,0,straddle_abuse,-0.13249744971593222,1,0.1657,24,5,0,1734,0,0.0,10624,82
2.7940362533554435,-0.016666666666666684,0.47,-0.15000000000000016,9,0,straddle_abuse,-0.1405925750732422,1,0.1649,16,5,0,1734,0,0.0,10752,83
2.648796672001481,-0.017777777777777778,0,-0.16,9,0,straddle_abuse,-0.13913879295190176,0,0.1641,16,5,0,1734,0,0.0,10880,84
2.683539168909192,-0.01222222222222223,0.2,-0.11000000000000007,9,0,straddle_abuse,-0.12698699037233988,2,0.1633,19,5,0,1734,0,0.0,11008,85
2.627537628635764,-0.016666666666666666,0,-0.15,9,0,straddle_abuse,-0.11923722177743912,0,0.1625,21,5,0,1734,0,0.0,11136,86
2.5997261963784695,1.14,5.57,10.26,9,0,straddle_abuse,0.1166617621978124,2,0.1616,13,5,0,1734,0,0.0,11264,87
2.5138972140848637,-0.032222222222222235,0,-0.29000000000000015,9,0,straddle_abuse,-0.1078198899825414,0,0.1608,21,5,0,1734,0,0.0,11392,88
2.640084790997207,0.14999999999999997,1.66,1.3499999999999996,9,0,straddle_abuse,-0.11225675543149312,1,0.16,17,5,0,1734,0,0.0,11520,89
2.4867548998445272,-0.03000000000000005,11.94,-0.27000000000000046,9,0,straddle_abuse,-0.017357336978117626,1,0.1592,18,5,0,1734,0,0.0,11648,90
2.4108490739017725,1.4977777777777783,11.79,13.480000000000004,9,0,straddle_abuse,0.5647121071815491,5,0.1584,18,5,0,1734,0,0.0,11776,91
2.662001778371632,-0.042222222222222244,0.04,-0.38000000000000017,9,0,straddle_abuse,-0.12012857695420583,1,0.1576,23,5,0,1734,0,0.0,11904,92
2.4811119455844164,-0.024444444444444442,0,-0.21999999999999997,9,0,straddle_abuse,-0.11793222278356552,0,0.1569,20,5,0,1734,0,0.0,12032,93
2.738992415368557,-0.042222222222222244,0,-0.38000000000000017,9,0,straddle_abuse,-0.13951141635576883,0,0.1561,20,5,0,1734,0,0.0,12160,94
2.7138122711330652,0.5377777777777786,5.25,4.840000000000007,9,0,straddle_abuse,-0.0062036216259002686,2,0.1553,20,5,0,1734,0,0.0,12288,95
2.529224531725049,0.11444444444444445,1.31,1.03,9,0,straddle_abuse,-0.11984607080618541,2,0.1545,21,5,0,1734,0,0.0,12416,96
2.6544568510726094,0.01777777777777776,0.45,0.15999999999999984,9,0,straddle_abuse,-0.11857734868923824,2,0.1537,21,5,0,1734,0,0.0,12544,97
2.545895528048277,0.9311111111111116,8.58,8.380000000000004,9,0,straddle_abuse,0.20912285645802817,2,0.153,18,5,0,1734,0,0.0,12672,98
2.5473942160606384,-0.036666666666666674,0,-0.33000000000000007,9,0,straddle_abuse,-0.10425085574388504,0,0.1522,21,5,0,1734,0,0.0,12800,99
2.9386838246136904,1.1611111111111123,8.41,10.45000000000001,9,0,straddle_abuse,0.2219566951195399,3,0.25,32,6,0,1735,0,0.0,128,0
2.9310797825455666,0.4466666666666676,5.36,4.0200000000000085,9,0,straddle_abuse,0.01661991576353709,1,0.2487,36,6,0,1735,0,0.0,256,1
2.92409285902977,-0.11222222222222229,0.17,-1.0100000000000007,9,0,straddle_abuse,-0.11074869086345036,1,0.2475,29,6,0,1735,0,0.0,384,2
2.922519220970571,0.4466666666666675,5.29,4.020000000000008,9,0,straddle_abuse,-0.015713438391685486,1,0.2463,29,6,0,1735,0,0.0,512,3
2.876608478836715,-0.13111111111111118,0,-1.1800000000000006,9,0,straddle_abuse,-0.143856813510259,0,0.245,31,6,0,1735,0,0.0,640,4
2.7975156623870134,-0.13888888888888895,0,-1.2500000000000007,9,0,straddle_abuse,-0.13065598408381143,0,0.2438,26,6,0,1735,0,0.0,768,5
2.8608903493732214,0.04222222222222219,1.22,0.37999999999999967,9,0,straddle_abuse,-0.1326223760843277,1,0.2426,35,6,0,1735,0,0.0,896,6
2.897062474861741,-0.047777777777777794,0.51,-0.43000000000000016,9,0,straddle_abuse,-0.14405658344427744,1,0.2414,23,6,0,1735,0,0.0,1024,7
2.877062376588583,-0.09222222222222227,0,-0.8300000000000005,9,0,straddle_abuse,-0.14367608726024628,0,0.2402,35,6,0,1735,0,0.0,1152,8
2.960613338276744,-0.12888888888888897,0,-1.1600000000000008,9,0,straddle_abuse,-0.15658710400263467,0,0.239,34,6,0,1735,0,0.0,1280,9
2.7160385670140386,0.04666666666666662,1.01,0.4199999999999996,9,0,straddle_abuse,-0.12574663758277893,1,0.2378,35,6,0,1735,0,0.0,1408,10
2.852480748668313,2.7944444444444407,21.55,25.149999999999967,9,0,straddle_abuse,2.4161523977915444,3,0.2366,33,6,0,1735,0,0.0,1536,11
2.8079079762101173,1.8566666666666631,17.66,16.70999999999997,9,0,straddle_abuse,1.3799204428990681,2,0.2354,32,6,0,1735,0,0.0,1664,12
2.8118884284049273,-0.12888888888888897,0,-1.1600000000000008,9,0,straddle_abuse,-0.11607367048660915,0,0.2342,27,6,0,1735,0,0.0,1792,13
2.7066652784124017,-0.04999999999999997,3.53,-0.44999999999999973,9,0,straddle_abuse,-0.0713451902071635,1,0.2331,32,6,0,1735,0,0.0,1920,14
2.833865608088672,-0.11888888888888897,0,-1.0700000000000007,9,0,straddle_abuse,-0.12220541139443715,0,0.2319,29,6,0,1735,0,0.0,2048,15
2.7153689274564385,-0.08888888888888893,0,-0.8000000000000004,9,0,straddle_abuse,-0.1362194667259852,0,0.2307,24,6,0,1735,0,0.0,2176,16
2.747506244108081,0.009999999999999953,0.87,0.08999999999999958,9,0,straddle_abuse,-0.13319623470306396,2,0.2296,19,6,0,1735,0,0.0,2304,17
2.787713955156505,-0.09777777777777784,0,-0.8800000000000006,9,0,straddle_abuse,-0.10335021217664082,0,0.2284,27,6,0,1735,0,0.0,2432,18
2.7329424042254686,-0.016666666666666694,0.6,-0.15000000000000024,9,0,straddle_abuse,-0.12888390322526297,1,0.2273,36,6,0,1735,0,0.0,2560,19
2.78952734451741,-0.11666666666666672,0,-1.0500000000000005,9,0,straddle_abuse,-0.11217684795459111,0,0.2262,37,6,0,1735,0,0.0,2688,20
2.8335504606366158,-0.13111111111111115,3.79,-1.1800000000000004,9,0,straddle_abuse,-0.10028307388226192,2,0.225,31,6,0,1735,0,0.0,2816,21
2.6629372984170914,-0.08888888888888895,0,-0.8000000000000005,9,0,straddle_abuse,-0.12113796671231587,0,0.2239,30,6,0,1735,0,0.0,2944,22
2.6290161330252886,-0.06555555555555559,0,-0.5900000000000003,9,0,straddle_abuse,-0.12567676852146784,0,0.2228,30,6,0,1735,0,0.0,3072,23
2.692338830791414,-0.07111111111111115,0,-0.6400000000000003,9,0,straddle_abuse,-0.13857130209604898,0,0.2217,22,6,0,1735,0,0.0,3200,24
2.694416880607605,-0.06333333333333337,0,-0.5700000000000003,9,0,straddle_abuse,-0.11640625198682149,0,0.2206,26,6,0,1735,0,0.0,3328,25
2.7050763415172696,0.024444444444444397,0.83,0.21999999999999958,9,0,straddle_abuse,-0.11731824030478795,1,0.2195,33,6,0,1735,0,0.0,3456,26
2.633866692893207,0.1811111111111111,2,1.63,9,0,straddle_abuse,-0.1108316828807195,3,0.2184,22,6,0,1735,0,0.0,3584,27
2.6109497686848044,3.0788888888888866,19.59,27.70999999999998,9,0,straddle_abuse,1.8140538136164348,2,0.2173,23,6,0,1735,0,0.0,3712,28
2.5898058777675033,1.3088888888888894,12.05,11.780000000000005,9,0,straddle_abuse,0.5489038427670797,2,0.2162,26,6,0,1735,0,0.0,3840,29
2.641499577090144,-0.05111111111111108,3.96,-0.45999999999999974,9,0,straddle_abuse,-0.07813495894273122,1,0.2151,23,6,0,1735,0,0.0,3968,30
2.4863190399482846,-0.04555555555555558,0,-0.4100000000000002,9,0,straddle_abuse,-0.033068095644315086,0,0.214,35,6,0,1735,0,0.0,4096,31
2.597059558145702,1.8377777777777753,16.89,16.539999999999978,9,0,straddle_abuse,1.3462856610616047,1,0.213,23,6,0,1735,0,0.0,4224,32
2.6874158810824156,2.1622222222222214,17.43,19.459999999999994,9,0,straddle_abuse,1.2639135519663494,2,0.2119,26,6,0,1735,0,0.0,4352,33
2.769695959985256,0.7022222222222227,8.21,6.320000000000005,9,0,straddle_abuse,0.15549925963083902,1,0.2108,30,6,0,1735,0,0.0,4480,34
2.5043623680248857,0.17888888888888885,1.86,1.6099999999999997,9,0,straddle_abuse,-0.07690735409657161,4,0.2098,22,6,0,1735,0,0.0,4608,35
2.6783495247364044,0.6011111111111114,6.15,5.410000000000003,9,0,straddle_abuse,0.054071083664894104,1,0.2087,34,6,0,1735,0,0.0,4736,36
2.5997051978483796,-0.02111111111111112,0,-0.19000000000000006,9,0,straddle_abuse,-0.08763017257054646,0,0.2077,23,6,0,1735,0,0.0,4864,37
2.5903076343238354,0.11666666666666664,1.56,1.0499999999999998,9,0,straddle_abuse,-0.11630076169967651,1,0.2066,32,6,0,1735,0,0.0,4992,38
2.6242975713685155,-0.05444444444444447,0,-0.4900000000000002,9,0,straddle_abuse,-0.08475518971681595,0,0.2056,25,6,0,1735,0,0.0,5120,39
2.4977071061730385,-0.02444444444444445,0,-0.22000000000000003,9,0,straddle_abuse,-0.10596804072459538,0,0.2046,21,6,0,1735,0,0.0,5248,40
2.719285096041858,-0.05333333333333335,0,-0.48000000000000015,9,0,straddle_abuse,-0.12937803069750467,0,0.2036,28,6,0,1735,0,0.0,5376,41
2.6827330524101853,0.49666666666666703,5.03,4.470000000000003,9,0,straddle_abuse,0.01248521109422048,1,0.2025,24,6,0,1735,0,0.0,5504,42
2.546448979526758,-0.0388888888888889,1.04,-0.35000000000000014,9,0,straddle_abuse,-0.10734870036443074,1,0.2015,22,6,0,1735,0,0.0,5632,43
2.6401302739977837,0.14555555555555555,1.75,1.3099999999999998,9,0,straddle_abuse,-0.10146386921405792,1,0.2005,27,6,0,1735,0,0.0,5760,44
2.749527749605477,-0.031111111111111107,0,-0.27999999999999997,9,0,straddle_abuse,-0.12445177634557088,0,0.1995,25,6,0,1735,0,0.0,5888,45
2.495089785195887,-0.02444444444444445,0.23,-0.22000000000000003,9,0,straddle_abuse,-0.10765167077382405,1,0.1985,27,6,0,1735,0,0.0,6016,46
2.5363208055496216,-0.05333333333333336,0,-0.4800000000000002,9,0,straddle_abuse,-0.12118420004844666,0,0.1975,27,6,0,1735,0,0.0,6144,47
2.6700254902243614,2.2988888888888876,12.77,20.68999999999999,9,0,straddle_abuse,1.0481161673863728,4,0.1965,24,6,0,1735,0,0.0,6272,48
2.761565531603992,0.7622222222222229,7.36,6.8600000000000065,9,0,straddle_abuse,0.1503048042456309,1,0.1956,26,6,0,1735,0,0.0,6400,49
2.686618226580322,-0.042222222222222244,0,-0.38000000000000017,9,0,straddle_abuse,-0.10705808053414027,0,0.1946,29,6,0,1735,0,0.0,6528,50
2.6558603532612324,-0.04666666666666667,0,-0.42000000000000004,9,0,straddle_abuse,-0.13209518790245056,0,0.1936,31,6,0,1735,0,0.0,6656,51
2.7826760970056057,-0.07777777777777782,0,-0.7000000000000004,9,0,straddle_abuse,-0.13574527700742087,0,0.1926,31,6,0,1735,0,0.0,6784,52
2.8221097039058805,3.8177777777777817,35.32,34.360000000000035,9,0,straddle_abuse,6.228949864705403,3,0.1917,23,6,0,1735,1,0.1111111111111111,6912,53
2.650644190609455,1.1288888888888902,12.69,10.16000000000001,9,0,straddle_abuse,0.4797726670900981,3,0.1907,20,6,0,1735,0,0.0,7040,54
2.952618606388569,2.3188888888888846,22.46,20.869999999999962,9,0,straddle_abuse,1.4947282870610554,5,0.1898,26,6,0,1735,0,0.0,7168,55
2.6829843185842037,-0.0677777777777778,0,-0.6100000000000002,9,0,straddle_abuse,-0.11087819188833237,0,0.1888,19,6,0,1735,0,0.0,7296,56
2.684830281883478,0.06555555555555552,1.04,0.5899999999999996,9,0,straddle_abuse,-0.11204744875431061,1,0.1879,26,6,0,1735,0,0.0,7424,57
2.6513701556250453,-0.04444444444444447,0,-0.4000000000000002,9,0,straddle_abuse,-0.12916143735249838,0,0.1869,22,6,0,1735,0,0.0,7552,58
2.5945761585608125,-0.09222222222222227,0,-0.8300000000000005,9,0,straddle_abuse,-0.10975125183661778,0,0.186,20,6,0,1735,0,0.0,7680,59
2.8166288398206234,1.3644444444444446,13.11,12.280000000000001,9,0,straddle_abuse,0.5031459728876749,1,0.1851,33,6,0,1735,0,0.0,7808,60
2.6889250110834837,0.21111111111111136,2.41,1.9000000000000021,9,0,straddle_abuse,-0.09930711487929027,1,0.1841,26,6,0,1735,0,0.0,7936,61
2.880953546613455,-0.10000000000000006,0,-0.9000000000000006,9,0,straddle_abuse,-0.15449690322081247,0,0.1832,29,6,0,1735,0,0.0,8064,62
2.6552174417302012,-0.052222222222222246,0,-0.4700000000000002,9,0,straddle_abuse,-0.13410082459449768,0,0.1823,31,6,0,1735,0,0.0,8192,63
2.889534143730998,0.5100000000000002,5.29,4.5900000000000025,9,0,straddle_abuse,-0.014479214946428934,1,0.1814,21,6,0,1735,0,0.0,8320,64
2.7450163504108787,-0.05777777777777782,0.14,-0.5200000000000004,9,0,straddle_abuse,-0.12401325503985088,1,0.1805,24,6,0,1735,0,0.0,8448,65
2.653055416420102,1.2088888888888896,11.86,10.880000000000006,9,0,straddle_abuse,0.46047191818555194,2,0.1796,20,6,0,1735,0,0.0,8576,66
2.696486232802272,-0.04000000000000001,0,-0.3600000000000001,9,0,straddle_abuse,-0.1098746806383133,0,0.1787,22,6,0,1735,0,0.0,8704,67
2.734998082742095,-0.0488888888888889,0,-0.44000000000000006,9,0,straddle_abuse,-0.10882644852002461,0,0.1778,24,6,0,1735,0,0.0,8832,68
2.719665441662073,2.5499999999999967,23.55,22.94999999999997,9,0,straddle_abuse,2.594957192738851,2,0.1769,29,6,0,1735,0,0.0,8960,69
2.5995180578902364,0.13333333333333333,1.46,1.2,9,0,straddle_abuse,-0.12177398304144542,1,0.176,16,6,0,1735,0,0.0,9088,70
2.634366922080517,-0.05444444444444448,0,-0.4900000000000003,9,0,straddle_abuse,-0.08572905262311299,0,0.1751,34,6,0,1735,0,0.0,9216,71
2.818502841517329,-0.08000000000000003,0,-0.7200000000000003,9,0,straddle_abuse,-0.14717656870683035,0,0.1743,21,6,0,1735,0,0.0,9344,72
2.6820054659619927,2.021111111111106,16.55,18.189999999999955,9,0,straddle_abuse,1.1923637787501018,6,0.1734,14,6,0,1735,0,0.0,9472,73
2.746305163949728,-0.06444444444444447,0,-0.5800000000000002,9,0,straddle_abuse,-0.11843747397263844,0,0.1725,22,6,0,1735,0,0.0,9600,74
2.6499802134931087,0.3000000000000001,3.5,2.700000000000001,9,0,straddle_abuse,-0.04554926107327143,2,0.1717,19,6,0,1735,0,0.0,9728,75
2.6515054972842336,0.854444444444445,8.05,7.690000000000005,9,0,straddle_abuse,0.2008376121520996,1,0.1708,22,6,0,1735,0,0.0,9856,76
2.607935309410095,0.1722222222222222,1.82,1.5499999999999998,9,0,straddle_abuse,-0.11771748463312785,1,0.1699,23,6,0,1735,0,0.0,9984,77
2.655169440433383,1.5300000000000007,10.76,13.770000000000007,9,0,straddle_abuse,0.4883514642715454,5,0.1691,18,6,0,1735,0,0.0,10112,78
2.6996973622590303,1.237777777777778,6.2,11.140000000000002,9,0,straddle_abuse,0.09178400536378224,8,0.1683,15,6,0,1735,0,0.0,10240,79
2.755543600767851,-0.05555555555555558,0,-0.5000000000000002,9,0,straddle_abuse,-0.08459900816281636,0,0.1674,16,6,0,1735,0,0.0,10368,80
2.7619534134864807,0.3044444444444452,3.41,2.7400000000000064,9,0,straddle_abuse,-0.056621174017588295,1,0.1666,20,6,0,1735,0,0.0,10496,81
2.7217430137097836,-0.06777777777777781,0,-0.6100000000000003,9,0,straddle_abuse,-0.0983594258626302,0,0.1657,24,6,0,1735,0,0.0,10624,82
2.6901051476597786,-0.04888888888888891,0,-0.4400000000000002,9,0,straddle_abuse,-0.09796302517255147,0,0.1649,22,6,0,1735,0,0.0,10752,83
2.7674452969804406,-0.04111111111111111,0.09,-0.37,9,0,straddle_abuse,-0.13576049109299979,1,0.1641,23,6,0,1735,0,0.0,10880,84
2.773624469526112,-0.050000000000000024,0,-0.45000000000000023,9,0,straddle_abuse,-0.11597390472888947,0,0.1633,25,6,0,1735,0,0.0,11008,85
2.7211418487131596,-0.03111111111111112,0,-0.2800000000000001,9,0,straddle_abuse,-0.11545405288537343,0,0.1625,22,6,0,1735,0,0.0,11136,86
2.6704530781134963,1.2044444444444449,8.58,10.840000000000003,9,0,straddle_abuse,0.29556189974149066,3,0.1616,16,6,0,1735,0,0.0,11264,87
2.6790434969589114,-0.07888888888888893,0,-0.7100000000000003,9,0,straddle_abuse,-0.14186449845631918,0,0.1608,13,6,0,1735,0,0.0,11392,88
2.6082984348759055,-0.07444444444444448,0,-0.6700000000000004,9,0,straddle_abuse,-0.10977466156085332,0,0.16,24,6,0,1735,0,0.0,11520,89
2.606358149088919,1.823333333333333,19.59,16.409999999999997,9,0,straddle_abuse,1.1057636737823486,3,0.1592,17,6,0,1735,0,0.0,11648,90
2.5812314990907907,-0.04222222222222225,1.42,-0.3800000000000003,9,0,straddle_abuse,-0.11353841175635655,1,0.1584,25,6,0,1735,0,0.0,11776,91
2.617016470991075,-0.02444444444444445,0,-0.22000000000000006,9,0,straddle_abuse,-0.12696257730325064,0,0.1576,19,6,0,1735,0,0.0,11904,92
2.5410257764160633,-0.0477777777777778,0,-0.4300000000000002,9,0,straddle_abuse,-0.11575798690319061,0,0.1569,15,6,0,1735,0,0.0,12032,93
2.648363762535155,0.37555555555555586,3.56,3.3800000000000026,9,0,straddle_abuse,-0.03660833338896433,2,0.1561,17,6,0,1735,0,0.0,12160,94
2.624889419414103,-0.0811111111111112,14.87,-0.7300000000000009,9,0,straddle_abuse,0.5819915533065796,2,0.1553,18,6,0,1735,0,0.0,12288,95
2.7072770735248923,-0.01888888888888889,0,-0.17,9,0,straddle_abuse,-0.11128223687410355,0,0.1545,21,6,0,1735,0,0.0,12416,96
2.6535962019115686,0.852222222222223,8.21,7.670000000000007,9,0,straddle_abuse,0.21532601118087769,2,0.1537,18,6,0,1735,0,0.0,12544,97
2.5924352509900928,1.7933333333333341,26.29,16.140000000000008,9,0,straddle_abuse,1.9224484761555989,3,0.153,18,6,0,1735,0,0.0,12672,98
2.59734577126801,0.9166666666666666,9.39,8.25,9,0,straddle_abuse,0.17661083241303763,4,0.1522,19,6,0,1735,0,0.0,12800,99
2.936940785497427,0.5022222222222226,22.97,4.520000000000003,9,0,straddle_abuse,1.1237212419509888,2,0.25,40,7,0,1736,0,0.0,128,0
2.9059476144611835,-0.1511111111111112,0,-1.3600000000000008,9,0,straddle_abuse,-0.14217707514762878,0,0.2487,36,7,0,1736,0,0.0,256,1
2.9569708053022623,-0.13888888888888895,0,-1.2500000000000007,9,0,straddle_abuse,-0.1381011555592219,0,0.2475,26,7,0,1736,0,0.0,384,2
2.8433928955346346,-0.14666666666666675,0,-1.3200000000000007,9,0,straddle_abuse,-0.13842659195264181,0,0.2463,37,7,0,1736,0,0.0,512,3
2.904178148135543,-0.1722222222222223,0,-1.5500000000000007,9,0,straddle_abuse,-0.14444205164909363,0,0.245,36,7,0,1736,0,0.0,640,4
2.947154823690653,-0.006666666666666716,0.96,-0.06000000000000044,9,0,straddle_abuse,-0.1528153916200002,2,0.2438,33,7,0,1736,0,0.0,768,5
2.8890483677387238,0.28111111111111176,3.94,2.5300000000000056,9,0,straddle_abuse,-0.06606487681468327,2,0.2426,32,7,0,1736,0,0.0,896,6
2.6965746730566025,0.9933333333333345,9.9,8.94000000000001,9,0,straddle_abuse,0.37570111950238544,1,0.2414,29,7,0,1736,0,0.0,1024,7
2.9337761625647545,-0.08111111111111116,1.95,-0.7300000000000004,9,0,straddle_abuse,-0.1199600671728452,2,0.2402,38,7,0,1736,0,0.0,1152,8
2.801599013619125,-0.11222222222222229,0,-1.0100000000000007,9,0,straddle_abuse,-0.11442410697539647,0,0.239,30,7,0,1736,0,0.0,1280,9
2.800444370135665,0.48666666666666725,5.08,4.380000000000005,9,0,straddle_abuse,-0.01951910803715388,2,0.2378,31,7,0,1736,0,0.0,1408,10
2.7135393284261227,0.17666666666666664,2.25,1.5899999999999996,9,0,straddle_abuse,-0.11484705160061519,1,0.2366,30,7,0,1736,0,0.0,1536,11
2.8460544161498547,-0.10222222222222208,11.64,-0.9199999999999987,9,0,straddle_abuse,0.22002753615379333,1,0.2354,26,7,0,1736,0,0.0,1664,12
2.8303370010107756,1.4966666666666681,13.53,13.470000000000013,9,0,straddle_abuse,0.8616007169087728,2,0.2342,22,7,0,1736,0,0.0,1792,13
2.8295661192387342,-0.11111111111111116,0,-1.0000000000000004,9,0,straddle_abuse,-0.14278234044710794,0,0.2331,27,7,0,1736,0,0.0,1920,14
2.9151490945369005,0.8222222222222233,9.79,7.400000000000009,9,0,straddle_abuse,0.39759234587351483,2,0.2319,27,7,0,1736,0,0.0,2048,15
2.9310299269855022,0.9422222222222252,9.77,8.480000000000027,9,0,straddle_abuse,0.2150803009668986,2,0.2307,34,7,0,1736,0,0.0,2176,16
2.6705016708001494,0.527777777777779,5.24,4.750000000000011,9,0,straddle_abuse,-0.009434781968593597,2,0.2296,21,7,0,1736,0,0.0,2304,17
2.7138740960508585,-0.07777777777777782,0,-0.7000000000000004,9,0,straddle_abuse,-0.11374082416296005,0,0.2284,25,7,0,1736,0,0.0,2432,18
2.701406550593674,-0.06666666666666671,0.11,-0.6000000000000003,9,0,straddle_abuse,-0.11824289460976918,1,0.2273,25,7,0,1736,0,0.0,2560,19
2.684627326205373,0.7377777777777783,7.57,6.640000000000005,9,0,straddle_abuse,0.1242816795905431,3,0.2262,37,7,0,1736,0,0.0,2688,20
2.616748755797744,0.8088888888888892,8.41,7.280000000000003,9,0,straddle_abuse,0.14142904678980509,2,0.225,28,7,0,1736,0,0.0,2816,21
2.706710091792047,0.07888888888888884,1.58,0.7099999999999995,9,0,straddle_abuse,-0.1076470489303271,1,0.2239,29,7,0,1736,0,0.0,2944,22
2.8239262914285064,-0.08000000000000003,0,-0.7200000000000003,9,0,straddle_abuse,-0.1214651068051656,0,0.2228,32,7,0,1736,0,0.0,3072,23
2.7392995143309236,-0.05333333333333335,0,-0.48000000000000015,9,0,straddle_abuse,-0.11780313402414322,0,0.2217,29,7,0,1736,0,0.0,3200,24
2.807268053293228,-0.07666666666666672,0,-0.6900000000000004,9,0,straddle_abuse,-0.14232856531937918,0,0.2206,20,7,0,1736,0,0.0,3328,25
2.7275628745555878,1.6822222222222227,15.7,15.140000000000004,9,0,straddle_abuse,1.159615119298299,1,0.2195,35,7,0,1736,0,0.0,3456,26
2.81007625348866,0.6222222222222223,6.29,5.600000000000001,9,0,straddle_abuse,0.06522073845068614,1,0.2184,35,7,0,1736,0,0.0,3584,27
2.7092806873843074,-0.08000000000000004,0,-0.7200000000000004,9,0,straddle_abuse,-0.12754647433757782,0,0.2173,29,7,0,1736,0,0.0,3712,28
2.737465045414865,-0.06666666666666671,0,-0.6000000000000003,9,0,straddle_abuse,-0.14236268401145935,0,0.2162,24,7,0,1736,0,0.0,3840,29
2.7191217513754964,-0.10333333333333339,0,-0.9300000000000005,9,0,straddle_abuse,-0.11846569428841273,0,0.2151,30,7,0,1736,0,0.0,3968,30
2.8727366887032986,-0.1044444444444445,0,-0.9400000000000006,9,0,straddle_abuse,-0.14748481412728628,0,0.214,21,7,0,1736,0,0.0,4096,31
2.736395883373916,0.6333333333333342,6.32,5.700000000000008,9,0,straddle_abuse,0.11322073141733806,1,0.213,27,7,0,1736,0,0.0,4224,32
2.6179158287122846,3.902222222222223,30.87,35.120000000000005,9,0,straddle_abuse,5.194509029388428,4,0.2119,23,7,0,1736,1,0.1111111111111111,4352,33
2.727787018753588,-0.06555555555555559,0,-0.5900000000000003,9,0,straddle_abuse,-0.12186261514822642,0,0.2108,35,7,0,1736,0,0.0,4480,34
2.8485916145145893,-0.0866666666666666,3.61,-0.7799999999999994,9,0,straddle_abuse,-0.06403985619544983,1,0.2098,28,7,0,1736,0,0.0,4608,35
2.8636451587080956,1.4133333333333344,13.49,12.72000000000001,9,0,straddle_abuse,0.7877564032872518,1,0.2087,38,7,0,1736,0,0.0,4736,36
2.5605881372466683,-0.03444444444444446,0,-0.3100000000000001,9,0,straddle_abuse,-0.12300110359986623,0,0.2077,21,7,0,1736,0,0.0,4864,37
2.526861609891057,-0.0466666666666667,0,-0.42000000000000026,9,0,straddle_abuse,-0.10501665621995926,0,0.2066,26,7,0,1736,0,0.0,4992,38
2.575391580350697,0.6533333333333334,4.3,5.880000000000001,9,0,straddle_abuse,-0.030135465164979298,3,0.2056,25,7,0,1736,0,0.0,5120,39
2.6602407256141305,-0.04666666666666669,0,-0.4200000000000002,9,0,straddle_abuse,-0.1263025552034378,0,0.2046,29,7,0,1736,0,0.0,5248,40
2.7254125187173486,0.021111111111111094,0.68,0.18999999999999984,9,0,straddle_abuse,-0.11746737360954285,1,0.2036,28,7,0,1736,0,0.0,5376,41
2.5144883394241333,-0.03666666666666668,0,-0.3300000000000001,9,0,straddle_abuse,-0.11678017924229304,0,0.2025,25,7,0,1736,0,0.0,5504,42
2.598769220523536,-0.037777777777777785,0.19,-0.3400000000000001,9,0,straddle_abuse,-0.110346553226312,1,0.2015,26,7,0,1736,0,0.0,5632,43
2.4577337289229035,-0.04000000000000002,0,-0.3600000000000002,9,0,straddle_abuse,-0.10896546393632889,0,0.2005,21,7,0,1736,0,0.0,5760,44
2.696468560025096,-0.06777777777777778,3.87,-0.6100000000000001,9,0,straddle_abuse,-0.10074577977259953,1,0.1995,26,7,0,1736,0,0.0,5888,45
2.4006258388981223,0.5011111111111113,3.5,4.510000000000002,9,0,straddle_abuse,-0.009327498575051626,2,0.1985,26,7,0,1736,0,0.0,6016,46
2.3938644723966718,0.7044444444444445,6.69,6.340000000000001,9,0,straddle_abuse,0.08669568101565044,5,0.1975,23,7,0,1736,0,0.0,6144,47
2.5492314090952277,1.844444444444441,16.89,16.59999999999997,9,0,straddle_abuse,1.1971157789230347,4,0.1965,21,7,0,1736,0,0.0,6272,48
2.5939173428341746,2.242222222222223,14.9,20.180000000000007,9,0,straddle_abuse,0.8592287302017212,10,0.1956,23,7,0,1736,0,0.0,6400,49
2.654276268556714,-0.04555555555555557,0.24,-0.41000000000000014,9,0,straddle_abuse,-0.0512386883298556,1,0.1946,26,7,0,1736,0,0.0,6528,50
2.53880853112787,-0.08666666666666671,0,-0.7800000000000004,9,0,straddle_abuse,-0.04532287269830704,0,0.1936,26,7,0,1736,0,0.0,6656,51
2.527042228728533,0.5133333333333338,4.97,4.620000000000004,9,0,straddle_abuse,0.014619648456573486,2,0.1926,14,7,0,1736,0,0.0,6784,52
2.627454988658428,1.3388888888888895,12.62,12.050000000000004,9,0,straddle_abuse,0.48224936922391254,2,0.1917,31,7,0,1736,0,0.0,6912,53
2.5401197830215096,0.5788888888888892,4.41,5.2100000000000035,9,0,straddle_abuse,-0.048839300870895386,5,0.1907,26,7,0,1736,0,0.0,7040,54
2.715940394438803,1.9633333333333312,18.31,17.66999999999998,9,0,straddle_abuse,1.4992589950561523,2,0.1898,28,7,0,1736,0,0.0,7168,55
2.547764578834176,1.3011111111111124,12.13,11.710000000000012,9,0,straddle_abuse,0.5047848622004191,2,0.1888,27,7,0,1736,0,0.0,7296,56
2.690994097851217,0.12000000000000004,4.4,1.0800000000000003,9,0,straddle_abuse,-0.07285555948813756,1,0.1879,27,7,0,1736,0,0.0,7424,57
2.6149228969588876,0.19666666666666693,2.25,1.7700000000000025,9,0,straddle_abuse,-0.090116652349631,1,0.1869,22,7,0,1736,0,0.0,7552,58
2.5066962661221623,1.7322222222222226,15.98,15.590000000000003,9,0,straddle_abuse,1.1857850154240925,1,0.186,24,7,0,1736,0,0.0,7680,59
2.5884131798520684,1.238888888888889,7.37,11.15,9,0,straddle_abuse,0.30237531661987305,6,0.1851,19,7,0,1736,0,0.0,7808,60
2.6019276287406683,-0.08000000000000004,0,-0.7200000000000004,9,0,straddle_abuse,-0.12002438058455785,0,0.1841,23,7,0,1736,0,0.0,7936,61
2.627141235396266,0.8266666666666684,8.25,7.4400000000000155,9,0,straddle_abuse,0.21586517492930093,1,0.1832,23,7,0,1736,0,0.0,8064,62
2.7250727508217096,0.10888888888888881,1.89,0.9799999999999993,9,0,straddle_abuse,-0.09779121726751328,2,0.1823,27,7,0,1736,0,0.0,8192,63
2.601626298390329,0.525555555555556,5.29,4.730000000000004,9,0,straddle_abuse,-0.008136811355749765,2,0.1814,18,7,0,1736,0,0.0,8320,64
2.608749944716692,2.0922222222222193,10.28,18.829999999999973,9,0,straddle_abuse,0.6154214143753052,2,0.1805,25,7,0,1736,0,0.0,8448,65
2.701636640354991,0.1444444444444444,1.78,1.2999999999999996,9,0,straddle_abuse,-0.10540451854467392,1,0.1796,27,7,0,1736,0,0.0,8576,66
2.5926756244152784,-0.05555555555555558,0,-0.5000000000000002,9,0,straddle_abuse,-0.10920616736014684,0,0.1787,20,7,0,1736,0,0.0,8704,67
2.5642024194821715,-0.06666666666666671,0,-0.6000000000000003,9,0,straddle_abuse,-0.09959329168001811,0,0.1778,20,7,0,1736,0,0.0,8832,68
2.7272639209404588,-0.0933333333333334,0,-0.8400000000000005,9,0,straddle_abuse,-0.12375443677107494,0,0.1769,20,7,0,1736,0,0.0,8960,69
2.5985338669270277,0.20000000000000012,2.52,1.8000000000000012,9,0,straddle_abuse,-0.08318586647510529,1,0.176,20,7,0,1736,0,0.0,9088,70
2.580044045113027,-0.048888888888888905,0.34,-0.44000000000000017,9,0,straddle_abuse,-0.11815190066893895,1,0.1751,22,7,0,1736,0,0.0,9216,71
2.702455813996494,1.6111111111111123,13.52,14.50000000000001,9,0,straddle_abuse,0.7354341745376587,2,0.1743,19,7,0,1736,0,0.0,9344,72
2.7379986494779587,-0.062222222222222255,0.31,-0.5600000000000003,9,0,straddle_abuse,-0.1230711042881012,1,0.1734,25,7,0,1736,0,0.0,9472,73
2.6700641261413693,-0.10222222222222228,0.33,-0.9200000000000006,9,0,straddle_abuse,-0.1269714136918386,1,0.1725,22,7,0,1736,0,0.0,9600,74
2.8177358005195856,-0.12333333333333342,0,-1.1100000000000008,9,0,straddle_abuse,-0.14251420895258585,0,0.1717,21,7,0,1736,0,0.0,9728,75
2.6853046575561166,-0.01444444444444445,0.81,-0.13000000000000006,9,0,straddle_abuse,-0.1325493554274241,1,0.1708,21,7,0,1736,0,0.0,9856,76
2.7766758035868406,-0.062222222222222255,0,-0.5600000000000003,9,0,straddle_abuse,-0.13494524359703064,0,0.1699,21,7,0,1736,0,0.0,9984,77
2.853247758001089,-0.09555555555555562,0,-0.8600000000000005,9,0,straddle_abuse,-0.11956248184045155,0,0.1691,29,7,0,1736,0,0.0,10112,78
2.6721929823979735,0.043333333333333314,0.71,0.38999999999999985,9,0,straddle_abuse,-0.12767776350180307,1,0.1683,19,7,0,1736,0,0.0,10240,79
2.6790968738496304,-0.055555555555555566,1.13,-0.5000000000000001,9,0,straddle_abuse,-0.12172288447618484,1,0.1674,20,7,0,1736,0,0.0,10368,80
2.715652085840702,-0.06444444444444446,3.28,-0.5800000000000001,9,0,straddle_abuse,-0.04395917306343714,1,0.1666,26,7,0,1736,0,0.0,10496,81
2.5728702042251825,-0.022222222222222227,0,-0.20000000000000004,9,0,straddle_abuse,-0.1208726316690445,0,0.1657,19,7,0,1736,0,0.0,10624,82
2.742777645587921,1.8933333333333333,15.14,17.04,9,0,straddle_abuse,1.1019595464070637,3,0.1649,21,7,0,1736,0,0.0,10752,83
2.7196821980178356,0.6677777777777779,5.89,6.010000000000002,9,0,straddle_abuse,0.043451507886250816,4,0.1641,22,7,0,1736,0,0.0,10880,84
2.774630669504404,0.2700000000000007,3.08,2.4300000000000064,9,0,straddle_abuse,-0.09808373947938283,1,0.1633,19,7,0,1736,0,0.0,11008,85
2.6366396071389318,2.416666666666664,17.57,21.749999999999975,9,0,straddle_abuse,1.3670674562454224,3,0.1625,16,7,0,1736,0,0.0,11136,86
2.7073003696277738,0.05333333333333328,1.06,0.47999999999999954,9,0,straddle_abuse,-0.11269284288088481,1,0.1616,18,7,0,1736,0,0.0,11264,87
2.5436209244653583,0.20555555555555569,2.09,1.8500000000000012,9,0,straddle_abuse,-0.09154084821542104,1,0.1608,22,7,0,1736,0,0.0,11392,88
2.6018557026982307,-0.04000000000000001,0,-0.3600000000000001,9,0,straddle_abuse,-0.10234580934047699,0,0.16,19,7,0,1736,0,0.0,11520,89
2.6693756533786654,0.6544444444444449,6.59,5.890000000000004,9,0,straddle_abuse,0.08690769970417023,1,0.1592,20,7,0,1736,0,0.0,11648,90
2.4922860357910395,1.3455555555555558,12.61,12.110000000000003,9,0,straddle_abuse,0.5583712061246237,1,0.1584,25,7,0,1736,0,0.0,11776,91
2.6936466470360756,-0.07444444444444448,0,-0.6700000000000003,9,0,straddle_abuse,-0.13051551083723703,0,0.1576,22,7,0,1736,0,0.0,11904,92
2.677208513021469,-0.05222222222222225,0,-0.47000000000000025,9,0,straddle_abuse,-0.13072153429190317,0,0.1569,22,7,0,1736,0,0.0,12032,93
2.6206970401108265,1.6244444444444446,15.15,14.620000000000001,9,0,straddle_abuse,0.8154558539390564,2,0.1561,17,7,0,1736,0,0.0,12160,94
2.7354039419442415,-0.10000000000000006,0,-0.9000000000000006,9,0,straddle_abuse,-0.12121817469596863,0,0.1553,30,7,0,1736,0,0.0,12288,95
2.528661006130278,1.7999999999999987,9.46,16.19999999999999,9,0,straddle_abuse,0.5713652571042379,5,0.1545,16,7,0,1736,0,0.0,12416,96
2.756013786420226,0.9533333333333337,9.3,8.580000000000004,9,0,straddle_abuse,0.31950180729230243,1,0.1537,18,7,0,1736,0,0.0,12544,97
2.703425890766084,0.8922222222222226,8.4,8.030000000000003,9,0,straddle_abuse,0.20267725984255472,2,0.153,24,7,0,1736,0,0.0,12672,98
2.6757774613797665,-0.0855555555555556,0,-0.7700000000000005,9,0,straddle_abuse,-0.11346306651830673,0,0.1522,22,7,0,1736,0,0.0,12800,99
2.999961519613862,-0.12222222222222229,0,-1.1000000000000005,9,0,straddle_abuse,-0.1377071092526118,0,0.25,29,8,0,1737,0,0.0,128,0
2.8957314882427454,-0.1666666666666668,0,-1.500000000000001,9,0,straddle_abuse,-0.140933687488238,0,0.2487,30,8,0,1737,0,0.0,256,1
2.829044269397855,-0.1300000000000001,0,-1.1700000000000008,9,0,straddle_abuse,-0.14375857512156168,0,0.2475,25,8,0,1737,0,0.0,384,2
2.99434020370245,-0.13444444444444453,0,-1.2100000000000009,9,0,straddle_abuse,-0.14272095759709677,0,0.2463,27,8,0,1737,0,0.0,512,3
2.980528799816966,1.6300000000000021,13.07,14.67000000000002,9,0,straddle_abuse,0.7318689823150635,2,0.245,29,8,0,1737,0,0.0,640,4
2.8467356907203794,-0.0933333333333334,0,-0.8400000000000005,9,0,straddle_abuse,-0.13634367287158966,0,0.2438,24,8,0,1737,0,0.0,768,5
2.9727103617042303,-0.13333333333333341,0,-1.2000000000000008,9,0,straddle_abuse,-0.14255044857660928,0,0.2426,38,8,0,1737,0,0.0,896,6
2.9042031494900584,1.8111111111111111,17.21,16.3,9,0,straddle_abuse,1.474694848060608,1,0.2414,31,8,0,1737,0,0.0,1024,7
2.986291792243719,-0.12777777777777785,2.25,-1.1500000000000006,9,0,straddle_abuse,-0.1442692975203196,1,0.2402,26,8,0,1737,0,0.0,1152,8
2.9791565854102373,-0.09222222222222229,0,-0.8300000000000006,9,0,straddle_abuse,-0.1488137493530909,0,0.239,31,8,0,1737,0,0.0,1280,9
2.9391872975975275,-0.12333333333333339,0.58,-1.1100000000000005,9,0,straddle_abuse,-0.1541428565979004,1,0.2378,31,8,0,1737,0,0.0,1408,10
2.9449634719640017,-0.13222222222222232,0,-1.1900000000000008,9,0,straddle_abuse,-0.15508761505285898,0,0.2366,32,8,0,1737,0,0.0,1536,11
2.782858593389392,3.79,34.21,34.11,9,0,straddle_abuse,6.365056991577148,2,0.2354,34,8,0,1737,1,0.1111111111111111,1664,12
2.908767757937312,-0.14111111111111121,0,-1.270000000000001,9,0,straddle_abuse,-0.1522010713815689,0,0.2342,30,8,0,1737,0,0.0,1792,13
2.804864337667823,0.5255555555555573,7.19,4.7300000000000155,9,0,straddle_abuse,0.008102640509605408,2,0.2331,33,8,0,1737,0,0.0,1920,14
2.9213725700974464,-0.09333333333333342,1.74,-0.8400000000000007,9,0,straddle_abuse,-0.0971132293343544,1,0.2319,27,8,0,1737,0,0.0,2048,15
2.8386592380702496,0.2966666666666668,3.19,2.6700000000000013,9,0,straddle_abuse,-0.09032666931549709,2,0.2307,24,8,0,1737,0,0.0,2176,16
3.0196509826928377,-0.12333333333333342,0,-1.1100000000000008,9,0,straddle_abuse,-0.14704884588718414,0,0.2296,34,8,0,1737,0,0.0,2304,17
2.8825501827523112,-0.09777777777777784,0,-0.8800000000000006,9,0,straddle_abuse,-0.12305431564648946,0,0.2284,32,8,0,1737,0,0.0,2432,18
2.7085475642234087,-0.042222222222222244,0,-0.38000000000000017,9,0,straddle_abuse,-0.13437428077061972,0,0.2273,15,8,0,1737,0,0.0,2560,19
2.9431602098047733,-0.12000000000000005,0,-1.0800000000000005,9,0,straddle_abuse,-0.14546169837315878,0,0.2262,35,8,0,1737,0,0.0,2688,20
2.815069142729044,1.1255555555555565,10.77,10.13000000000001,9,0,straddle_abuse,0.5014891028404236,2,0.225,26,8,0,1737,0,0.0,2816,21
2.7929579243063927,0.5777777777777786,4.34,5.200000000000007,9,0,straddle_abuse,-0.02087329824765523,2,0.2239,23,8,0,1737,0,0.0,2944,22
2.721212862059474,-0.06333333333333314,5.29,-0.5699999999999983,9,0,straddle_abuse,0.031063660979270935,1,0.2228,28,8,0,1737,0,0.0,3072,23
2.7653907081112266,-0.0777777777777778,0,-0.7000000000000003,9,0,straddle_abuse,-0.12446149190266927,0,0.2217,31,8,0,1737,0,0.0,3200,24
2.7059002742171288,0.82888888888889,8.1,7.46000000000001,9,0,straddle_abuse,0.1234021931886673,3,0.2206,22,8,0,1737,0,0.0,3328,25
2.7975817592814565,-0.08111111111111116,0,-0.7300000000000004,9,0,straddle_abuse,-0.12143347412347794,0,0.2195,29,8,0,1737,0,0.0,3456,26
2.9427232816815376,-0.10000000000000003,0,-0.9000000000000004,9,0,straddle_abuse,-0.1391100287437439,0,0.2184,19,8,0,1737,0,0.0,3584,27
2.9047933109104633,0.741111111111111,7.45,6.67,9,0,straddle_abuse,0.12922371427218118,2,0.2173,23,8,0,1737,0,0.0,3712,28
2.869516236707568,-0.062222222222222255,0,-0.5600000000000003,9,0,straddle_abuse,-0.14080325265725455,0,0.2162,25,8,0,1737,0,0.0,3840,29
2.728314919397235,0.22777777777777825,2.69,2.0500000000000043,9,0,straddle_abuse,-0.11162439237038295,4,0.2151,24,8,0,1737,0,0.0,3968,30
2.7772357556968927,-0.07222222222222226,0,-0.6500000000000004,9,0,straddle_abuse,-0.12626989682515463,0,0.214,22,8,0,1737,0,0.0,4096,31
2.712579890154302,0.2333333333333337,2.41,2.100000000000003,9,0,straddle_abuse,-0.10786854475736618,3,0.213,31,8,0,1737,0,0.0,4224,32
2.7338249273598194,0.1355555555555555,1.91,1.2199999999999995,9,0,straddle_abuse,-0.12070308874050777,1,0.2119,27,8,0,1737,0,0.0,4352,33
2.9454030375927687,0.8411111111111117,8.34,7.570000000000006,9,0,straddle_abuse,0.21837555865446726,1,0.2108,34,8,0,1737,0,0.0,4480,34
2.6356473602354527,0.01333333333333333,0.38,0.11999999999999998,9,0,straddle_abuse,-0.11148850123087566,1,0.2098,25,8,0,1737,0,0.0,4608,35
2.753693448379636,0.09666666666666662,1.54,0.8699999999999997,9,0,straddle_abuse,-0.09003144254287083,1,0.2087,29,8,0,1737,0,0.0,4736,36
2.7789304247125983,0.1122222222222222,6.43,1.0099999999999998,9,0,straddle_abuse,-0.060702018439769745,6,0.2077,30,8,0,1737,0,0.0,4864,37
2.6454402627423406,-0.04666666666666666,0.14,-0.42,9,0,straddle_abuse,-0.11677153160174687,2,0.2066,21,8,0,1737,0,0.0,4992,38
2.736099911853671,0.56,3.66,5.040000000000001,9,0,straddle_abuse,-0.04270849128564199,3,0.2056,27,8,0,1737,0,0.0,5120,39
2.7558436691761017,-0.05666666666666669,0,-0.5100000000000002,9,0,straddle_abuse,-0.13445748388767242,0,0.2046,30,8,0,1737,0,0.0,5248,40
2.6798300091177225,-0.06444444444444447,0,-0.5800000000000002,9,0,straddle_abuse,-0.13516165812810263,0,0.2036,24,8,0,1737,0,0.0,5376,41
2.710104617290199,2.063333333333332,15.97,18.56999999999999,9,0,straddle_abuse,1.022902250289917,8,0.2025,24,8,0,1737,0,0.0,5504,42
2.572920437902212,-0.048888888888888905,0,-0.44000000000000017,9,0,straddle_abuse,-0.10109698275725047,0,0.2015,31,8,0,1737,0,0.0,5632,43
2.722649609670043,-0.06777777777777781,0,-0.6100000000000003,9,0,straddle_abuse,-0.11165397862593333,0,0.2005,23,8,0,1737,0,0.0,5760,44
2.6278766747564077,0.11999999999999998,1.38,1.0799999999999998,9,0,straddle_abuse,-0.12471005568901698,1,0.1995,27,8,0,1737,0,0.0,5888,45
2.7753417640924454,-0.08666666666666671,0,-0.7800000000000004,9,0,straddle_abuse,-0.13990682860215506,0,0.1985,29,8,0,1737,0,0.0,6016,46
2.610982360318303,-0.04000000000000001,0,-0.3600000000000001,9,0,straddle_abuse,-0.13590123256047568,0,0.1975,21,8,0,1737,0,0.0,6144,47
2.698421349748969,-0.0755555555555556,0,-0.6800000000000004,9,0,straddle_abuse,-0.12481811145941417,0,0.1965,23,8,0,1737,0,0.0,6272,48
2.668980943970382,0.3255555555555558,2.69,2.9300000000000024,9,0,straddle_abuse,-0.09847386926412582,3,0.1956,29,8,0,1737,0,0.0,6400,49
2.7452186914160848,-0.06888888888888894,0,-0.6200000000000004,9,0,straddle_abuse,-0.12627135713895163,0,0.1946,18,8,0,1737,0,0.0,6528,50
2.693239152431488,0.35000000000000075,3.83,3.150000000000007,9,0,straddle_abuse,-0.0007043381532033285,3,0.1936,22,8,0,1737,0,0.0,6656,51
2.5654044542461634,0.015555555555555496,5.89,0.13999999999999946,9,0,straddle_abuse,-0.03502649813890457,4,0.1926,27,8,0,1737,0,0.0,6784,52
2.6183922830969095,-0.04111111111111107,4.9,-0.36999999999999966,9,0,straddle_abuse,-0.11561462034781773,1,0.1917,24,8,0,1737,0,0.0,6912,53
2.5873626191169024,1.3911111111111114,13.15,12.520000000000003,9,0,straddle_abuse,0.6103848020235697,2,0.1907,27,8,0,1737,0,0.0,7040,54
2.636673616245389,-0.0477777777777778,0,-0.4300000000000002,9,0,straddle_abuse,-0.10123840471108754,0,0.1898,29,8,0,1737,0,0.0,7168,55
2.6045030998066068,-0.02444444444444445,0,-0.22000000000000006,9,0,straddle_abuse,-0.1225314810872078,0,0.1888,19,8,0,1737,0,0.0,7296,56
2.567309499718249,-0.03444444444444445,0,-0.31000000000000005,9,0,straddle_abuse,-0.1304196467002233,0,0.1879,26,8,0,1737,0,0.0,7424,57
2.6034062951803207,0.06666666666666665,1.04,0.5999999999999999,9,0,straddle_abuse,-0.09664689501126607,2,0.1869,27,8,0,1737,0,0.0,7552,58
2.516006642021239,-0.03222222222222223,0,-0.29000000000000004,9,0,straddle_abuse,-0.12166994313398997,0,0.186,22,8,0,1737,0,0.0,7680,59
2.7027373695746064,-0.05555555555555558,0,-0.5000000000000002,9,0,straddle_abuse,-0.13056300580501556,0,0.1851,22,8,0,1737,0,0.0,7808,60
2.643529306165874,-0.04666666666666668,0,-0.42000000000000015,9,0,straddle_abuse,-0.12293124447266261,0,0.1841,25,8,0,1737,0,0.0,7936,61
2.6647238060832024,3.6611111111111114,21.94,32.95,9,0,straddle_abuse,2.5347861448923745,3,0.1832,23,8,0,1737,0,0.0,8064,62
2.629907878115773,-0.05555555555555558,0,-0.5000000000000002,9,0,straddle_abuse,-0.09657109528779984,0,0.1823,27,8,0,1737,0,0.0,8192,63
2.5820850068703294,2.591111111111107,23.58,23.319999999999965,9,0,straddle_abuse,2.3925737539927163,2,0.1814,25,8,0,1737,0,0.0,8320,64
2.6462872000411153,0.18555555555555553,1.9,1.6699999999999997,9,0,straddle_abuse,-0.10782163093487422,3,0.1805,25,8,0,1737,0,0.0,8448,65
2.8591152522712946,2.762222222222222,18.38,24.859999999999996,9,0,straddle_abuse,1.8594178358713787,5,0.1796,20,8,0,1737,0,0.0,8576,66
2.7821283396333456,-0.05666666666666669,0,-0.5100000000000002,9,0,straddle_abuse,-0.09924560785293579,0,0.1787,25,8,0,1737,0,0.0,8704,67
2.8707829117774963,0.05222222222222214,1.4,0.4699999999999993,9,0,straddle_abuse,-0.10297849277655284,3,0.1778,27,8,0,1737,0,0.0,8832,68
2.5950329322367907,-0.038888888888888896,0,-0.3500000000000001,9,0,straddle_abuse,-0.12018337349096934,0,0.1769,23,8,0,1737,0,0.0,8960,69
2.577589387074113,0.38444444444444487,3.76,3.460000000000004,9,0,straddle_abuse,-0.07130830486615498,1,0.176,18,8,0,1737,0,0.0,9088,70
2.720353282056749,-0.04444444444444447,0,-0.4000000000000002,9,0,straddle_abuse,-0.13275334735711417,0,0.1751,28,8,0,1737,0,0.0,9216,71
2.6855318937450647,4.059999999999999,37,36.53999999999999,9,0,straddle_abuse,5.179764588673909,1,0.1743,21,8,0,1737,1,0.1111111111111111,9344,72
2.5482799988240004,0.7800000000000002,7.43,7.020000000000002,9,0,straddle_abuse,0.1488651086886724,3,0.1734,16,8,0,1737,0,0.0,9472,73
2.671061214990914,0.37777777777777805,3.85,3.4000000000000026,9,0,straddle_abuse,-0.0624010960261027,1,0.1725,23,8,0,1737,0,0.0,9600,74
2.6994254011660814,-0.010000000000000002,0.13,-0.09000000000000001,9,0,straddle_abuse,-0.11136072377363841,3,0.1717,30,8,0,1737,0,0.0,9728,75
2.619131499901414,0.48444444444444446,7.59,4.36,9,0,straddle_abuse,0.23748934268951416,6,0.1708,17,8,0,1737,0,0.0,9856,76
2.7282460602000356,0.1911111111111111,2.15,1.7199999999999998,9,0,straddle_abuse,-0.08671971907218297,2,0.1699,30,8,0,1737,0,0.0,9984,77
2.669860538095236,0.3644444444444444,3.67,3.28,9,0,straddle_abuse,-0.07355558623870213,2,0.1691,26,8,0,1737,0,0.0,10112,78
2.6219362057745457,-0.020000000000000004,0,-0.18000000000000005,9,0,straddle_abuse,-0.11194603641827901,0,0.1683,19,8,0,1737,0,0.0,10240,79
2.5413113608956337,1.4755555555555562,13.59,13.280000000000006,9,0,straddle_abuse,0.6471572120984396,1,0.1674,18,8,0,1737,0,0.0,10368,80
2.7491201423108578,0.24888888888888885,3.33,2.2399999999999998,9,0,straddle_abuse,-0.09903808683156967,4,0.1666,17,8,0,1737,0,0.0,10496,81
2.6011107359081507,0.7744444444444449,3.06,6.970000000000004,9,0,straddle_abuse,-0.051385474701722465,4,0.1657,13,8,0,1737,0,0.0,10624,82
2.697475432418287,1.3400000000000003,12.61,12.060000000000002,9,0,straddle_abuse,0.6908893783887228,1,0.1649,33,8,0,1737,0,0.0,10752,83
2.586973885074258,0.21666666666666665,2.53,1.9499999999999997,9,0,straddle_abuse,-0.08955503503481548,3,0.1641,28,8,0,1737,0,0.0,10880,84
2.681369130499661,-0.0677777777777778,0,-0.6100000000000002,9,0,straddle_abuse,-0.0872084101041158,0,0.1633,18,8,0,1737,0,0.0,11008,85
2.5627356730401516,-0.04777777777777779,0,-0.4300000000000001,9,0,straddle_abuse,-0.08919189622004826,0,0.1625,25,8,0,1737,0,0.0,11136,86
2.5902498522773385,2.3422222222222215,21.39,21.079999999999995,9,0,straddle_abuse,1.5337462425231934,4,0.1616,22,8,0,1737,0,0.0,11264,87
2.7736458517611027,-0.08111111111111098,10.38,-0.7299999999999989,9,0,straddle_abuse,0.12050047020117442,2,0.1608,23,8,0,1737,0,0.0,11392,88
2.50595820043236,0.9066666666666671,6.51,8.160000000000004,9,0,straddle_abuse,0.1198652336994807,2,0.16,22,8,0,1737,0,0.0,11520,89
2.564499572850764,1.5522222222222226,7.1,13.970000000000004,9,0,straddle_abuse,0.18856967985630035,4,0.1592,17,8,0,1737,0,0.0,11648,90
2.688152190297842,0.8233333333333336,8.05,7.410000000000002,9,0,straddle_abuse,0.26897058884302777,5,0.1584,7,8,0,1737,0,0.0,11776,91
2.5956681137904525,-0.008888888888888896,0.46,-0.08000000000000006,9,0,straddle_abuse,-0.0955990304549535,2,0.1576,19,8,0,1737,0,0.0,11904,92
2.5816059121862054,4.475555555555556,35.07,40.28000000000001,9,0,straddle_abuse,4.844638824462891,5,0.1569,20,8,0,1737,1,0.1111111111111111,12032,93
2.728539244271815,1.3211111111111125,14,11.890000000000011,9,0,straddle_abuse,0.3899410565694173,2,0.1561,20,8,0,1737,0,0.0,12160,94
2.8067315947264433,-0.0577777777777778,0,-0.5200000000000002,9,0,straddle_abuse,-0.10088798403739929,0,0.1553,21,8,0,1737,0,0.0,12288,95
2.7571682408452034,0.4255555555555555,4.48,3.8299999999999996,9,0,straddle_abuse,-0.04268324375152588,1,0.1545,17,8,0,1737,0,0.0,12416,96
2.739459768868983,1.4266666666666667,13.59,12.840000000000002,9,0,straddle_abuse,0.7725689013799032,2,0.1537,25,8,0,1737,0,0.0,12544,97
2.77917889226228,0.7911111111111118,7.85,7.120000000000006,9,0,straddle_abuse,0.1694271663824717,1,0.153,23,8,0,1737,0,0.0,12672,98
2.6518986523151398,0.5400000000000004,4.1,4.860000000000003,9,0,straddle_abuse,-0.06105707585811615,2,0.1522,18,8,0,1737,0,0.0,12800,99
2.907237119972706,0.38666666666666694,8.91,3.480000000000002,9,0,straddle_abuse,-0.0001636296510696411,1,0.25,32,9,0,1738,0,0.0,128,0
2.9564951341599226,-0.13333333333333341,0,-1.2000000000000006,9,0,straddle_abuse,-0.14335733155409494,0,0.2487,35,9,0,1738,0,0.0,256,1
2.927649224177003,-0.10666666666666674,0.33,-0.9600000000000006,9,0,straddle_abuse,-0.1419118046760559,1,0.2475,27,9,0,1738,0,0.0,384,2
2.9314844654873013,-0.15888888888888897,0,-1.4300000000000008,9,0,straddle_abuse,-0.14451258381207785,0,0.2463,23,9,0,1738,0,0.0,512,3
2.9759505838155746,0.043333333333333224,1.72,0.389999999999999,9,0,straddle_abuse,-0.12275749693314235,1,0.245,34,9,0,1738,0,0.0,640,4
2.9567314349114895,-0.15222222222222231,0,-1.3700000000000008,9,0,straddle_abuse,-0.1440944323937098,0,0.2438,31,9,0,1738,0,0.0,768,5
2.951288456097245,-0.1377777777777779,0,-1.2400000000000009,9,0,straddle_abuse,-0.14728049437204996,0,0.2426,35,9,0,1738,0,0.0,896,6
2.796280162408948,-0.10444444444444449,0,-0.9400000000000004,9,0,straddle_abuse,-0.14434916774431863,0,0.2414,42,9,0,1738,0,0.0,1024,7
2.706647327169776,-0.10000000000000006,0,-0.9000000000000006,9,0,straddle_abuse,-0.13590648770332336,0,0.2402,28,9,0,1738,0,0.0,1152,8
2.8716089073568583,-0.10555555555555562,0,-0.9500000000000006,9,0,straddle_abuse,-0.13290709753831229,0,0.239,43,9,0,1738,0,0.0,1280,9
2.9673006180673838,1.9611111111111101,14.77,17.64999999999999,9,0,straddle_abuse,1.1184032360712688,3,0.2378,41,9,0,1738,0,0.0,1408,10
2.7917222157120705,-0.10222222222222227,0,-0.9200000000000004,9,0,straddle_abuse,-0.15834409495194754,0,0.2366,31,9,0,1738,0,0.0,1536,11
2.785314734093845,-0.1155555555555556,1.54,-1.0400000000000005,9,0,straddle_abuse,-0.13636903961499533,1,0.2354,31,9,0,1738,0,0.0,1664,12
2.868315814062953,-0.08777777777777782,0,-0.7900000000000004,9,0,straddle_abuse,-0.14558754364649454,0,0.2342,23,9,0,1738,0,0.0,1792,13
2.791886592283845,-0.1311111111111112,0,-1.1800000000000008,9,0,straddle_abuse,-0.14805170893669128,0,0.2331,31,9,0,1738,0,0.0,1920,14
2.7740381006151438,-0.10666666666666674,0,-0.9600000000000006,9,0,straddle_abuse,-0.13476350903511047,0,0.2319,33,9,0,1738,0,0.0,2048,15
2.7943523600697517,0.7500000000000004,7.33,6.7500000000000036,9,0,straddle_abuse,0.0908741404612859,3,0.2307,32,9,0,1738,0,0.0,2176,16
2.8511283230036497,-0.12333333333333339,0,-1.1100000000000005,9,0,straddle_abuse,-0.14392795165379843,0,0.2296,28,9,0,1738,0,0.0,2304,17
2.823606913909316,3.4944444444444396,16.52,31.449999999999957,9,0,straddle_abuse,2.236162026723226,4,0.2284,31,9,0,1738,0,0.0,2432,18
2.7177336597815156,0.5800000000000003,5.74,5.220000000000002,9,0,straddle_abuse,0.023957510789235432,2,0.2273,35,9,0,1738,0,0.0,2560,19
2.9002294884994626,-0.09333333333333338,0,-0.8400000000000004,9,0,straddle_abuse,-0.12018705407778423,0,0.2262,27,9,0,1738,0,0.0,2688,20
2.7335690315812826,-0.042222222222222244,0,-0.38000000000000017,9,0,straddle_abuse,-0.11933613816897075,0,0.225,25,9,0,1738,0,0.0,2816,21
2.7621869277209044,-0.08555555555555559,0,-0.7700000000000004,9,0,straddle_abuse,-0.12437067677577336,0,0.2239,22,9,0,1738,0,0.0,2944,22
2.749471149407327,1.6266666666666678,15.14,14.640000000000011,9,0,straddle_abuse,0.6655746897061666,1,0.2228,23,9,0,1738,0,0.0,3072,23
2.681998577900231,-0.041111111111111126,0,-0.37000000000000016,9,0,straddle_abuse,-0.13979114592075348,0,0.2217,22,9,0,1738,0,0.0,3200,24
2.846722275018692,0.3333333333333341,3.79,3.0000000000000067,9,0,straddle_abuse,-0.052080169320106506,2,0.2206,31,9,0,1738,0,0.0,3328,25
2.7541496735066175,0.2000000000000003,2.34,1.8000000000000025,9,0,straddle_abuse,-0.10707912842432658,3,0.2195,33,9,0,1738,0,0.0,3456,26
2.8231754833832383,0.8944444444444463,8.83,8.050000000000017,9,0,straddle_abuse,0.2487733761469523,1,0.2184,29,9,0,1738,0,0.0,3584,27
2.8186872247606516,-0.09111111111111118,0,-0.8200000000000006,9,0,straddle_abuse,-0.10224805275599162,0,0.2173,26,9,0,1738,0,0.0,3712,28
2.7716155741363764,-0.05777777777777763,7.41,-0.5199999999999987,9,0,straddle_abuse,0.03710337976614634,1,0.2162,27,9,0,1738,0,0.0,3840,29
2.5941111957654357,-0.033333333333333326,7.69,-0.29999999999999993,9,0,straddle_abuse,0.0034686277310053506,4,0.2151,33,9,0,1738,0,0.0,3968,30
2.747157111763954,-0.08777777777777783,0,-0.7900000000000005,9,0,straddle_abuse,-0.13328016300996146,0,0.214,37,9,0,1738,0,0.0,4096,31
2.726721318438649,-0.0955555555555556,0,-0.8600000000000004,9,0,straddle_abuse,-0.13315781950950623,0,0.213,26,9,0,1738,0,0.0,4224,32
2.784895879216492,-0.05777777777777782,0,-0.5200000000000004,9,0,straddle_abuse,-0.12172950555880864,0,0.2119,27,9,0,1738,0,0.0,4352,33
2.8346159122884274,-0.08555555555555562,0,-0.7700000000000006,9,0,straddle_abuse,-0.1306877682606379,0,0.2108,28,9,0,1738,0,0.0,4480,34
2.846993441693485,0.0755555555555555,0.85,0.6799999999999995,9,0,straddle_abuse,-0.1432098001241684,2,0.2098,20,9,0,1738,0,0.0,4608,35
2.762049718759954,1.6955555555555561,15.98,15.260000000000005,9,0,straddle_abuse,1.0774914026260376,2,0.2087,31,9,0,1738,0,0.0,4736,36
2.8110155388712883,0.8266666666666668,8.01,7.440000000000001,9,0,straddle_abuse,0.18748386204242706,1,0.2077,27,9,0,1738,0,0.0,4864,37
2.893550361506641,-0.15444444444444455,0,-1.390000000000001,9,0,straddle_abuse,-0.11468305935462315,0,0.2066,32,9,0,1738,0,0.0,4992,38
2.785657364875078,-0.06000000000000004,0,-0.5400000000000004,9,0,straddle_abuse,-0.10516150544087093,0,0.2056,20,9,0,1738,0,0.0,5120,39
2.6774977454915643,-0.0855555555555556,0,-0.7700000000000005,9,0,straddle_abuse,-0.10457613070805867,0,0.2046,30,9,0,1738,0,0.0,5248,40
2.692857336252928,-0.0755555555555556,0,-0.6800000000000004,9,0,straddle_abuse,-0.1322337289651235,0,0.2036,25,9,0,1738,0,0.0,5376,41
2.7713241800665855,2.283333333333328,29.97,20.54999999999995,9,0,straddle_abuse,2.096966822942098,3,0.2025,26,9,0,1738,0,0.0,5504,42
2.7554789800196886,-0.08666666666666671,0,-0.7800000000000004,9,0,straddle_abuse,-0.1382983277241389,0,0.2015,23,9,0,1738,0,0.0,5632,43
2.8923837020993233,0.2522222222222223,3.9,2.2700000000000005,9,0,straddle_abuse,-0.10018631567557652,3,0.2005,27,9,0,1738,0,0.0,5760,44
2.7357890969142318,-0.08444444444444449,1.65,-0.7600000000000005,9,0,straddle_abuse,-0.12924491862456003,1,0.1995,21,9,0,1738,0,0.0,5888,45
2.712795748375356,-0.04333333333333335,0,-0.3900000000000001,9,0,straddle_abuse,-0.12853575746218363,0,0.1985,21,9,0,1738,0,0.0,6016,46
2.7471263939514756,-0.08888888888888895,0,-0.8000000000000005,9,0,straddle_abuse,-0.1464868038892746,0,0.1975,27,9,0,1738,0,0.0,6144,47
2.782097004354,2.2477777777777734,18.69,20.22999999999996,9,0,straddle_abuse,1.706446647644043,3,0.1965,21,9,0,1738,0,0.0,6272,48
2.7238389756530523,-0.09888888888888896,0,-0.8900000000000006,9,0,straddle_abuse,-0.11126713454723358,0,0.1956,33,9,0,1738,0,0.0,6400,49
2.720997365191579,0.4933333333333347,5.08,4.440000000000012,9,0,straddle_abuse,-0.0184314027428627,3,0.1946,25,9,0,1738,0,0.0,6528,50
2.6437294017523527,-0.037777777777777764,3.52,-0.33999999999999986,9,0,straddle_abuse,-0.10794530063867569,1,0.1936,20,9,0,1738,0,0.0,6656,51
2.7171554723754525,-0.10555555555555562,0,-0.9500000000000006,9,0,straddle_abuse,-0.12876039246718088,0,0.1926,29,9,0,1738,0,0.0,6784,52
2.70802996493876,1.0511111111111118,10.09,9.460000000000006,9,0,straddle_abuse,0.35642484823862713,2,0.1917,14,9,0,1738,0,0.0,6912,53
2.7630549306049943,-0.06444444444444447,0,-0.5800000000000002,9,0,straddle_abuse,-0.12834390501181284,0,0.1907,23,9,0,1738,0,0.0,7040,54
2.6172330118715763,-0.022222222222222223,0,-0.2,9,0,straddle_abuse,-0.1248828445871671,0,0.1898,28,9,0,1738,0,0.0,7168,55
2.8093995666131377,1.3666666666666667,13,12.3,9,0,straddle_abuse,0.7888949910799662,1,0.1888,32,9,0,1738,0,0.0,7296,56
2.5883635729551315,-0.060000000000000026,0,-0.5400000000000003,9,0,straddle_abuse,-0.13029124836126962,0,0.1879,21,9,0,1738,0,0.0,7424,57
2.6648898823186755,-0.07222222222222226,0,-0.6500000000000004,9,0,straddle_abuse,-0.12266939381758372,0,0.1869,29,9,0,1738,0,0.0,7552,58
2.767760908231139,-0.01111111111111114,0.44,-0.10000000000000026,9,0,straddle_abuse,-0.13663562138875326,1,0.186,17,9,0,1738,0,0.0,7680,59
2.6951298816129565,1.097777777777778,9.15,9.88,9,0,straddle_abuse,0.26475537816683453,4,0.1851,23,9,0,1738,0,0.0,7808,60
2.8022749749943614,-0.09333333333333338,0,-0.8400000000000004,9,0,straddle_abuse,-0.1403405169645945,0,0.1841,23,9,0,1738,0,0.0,7936,61
2.7185998149216175,0.06444444444444442,1.15,0.5799999999999997,9,0,straddle_abuse,-0.14291534821192423,1,0.1832,16,9,0,1738,0,0.0,8064,62
2.635578013956547,-0.032222222222222235,0,-0.2900000000000001,9,0,straddle_abuse,-0.12326261897881825,0,0.1823,36,9,0,1738,0,0.0,8192,63
2.7330101765692234,-0.060000000000000005,3.61,-0.54,9,0,straddle_abuse,-0.10539691150188446,1,0.1814,24,9,0,1738,0,0.0,8320,64
2.7645689444616437,0.3177777777777778,5.89,2.8600000000000003,9,0,straddle_abuse,-0.00046796103318532306,3,0.1805,16,9,0,1738,0,0.0,8448,65
2.6731898691505194,-0.06444444444444447,0,-0.5800000000000003,9,0,straddle_abuse,-0.1452639251947403,0,0.1796,20,9,0,1738,0,0.0,8576,66
2.614955633878708,-0.041111111111111126,0,-0.3700000000000001,9,0,straddle_abuse,-0.10749778151512146,0,0.1787,19,9,0,1738,0,0.0,8704,67
2.768966787494719,0.02444444444444438,1.05,0.21999999999999942,9,0,straddle_abuse,-0.140719140569369,1,0.1778,25,9,0,1738,0,0.0,8832,68
2.5530016785487533,-0.03222222222222223,0,-0.29000000000000004,9,0,straddle_abuse,-0.10690692812204361,0,0.1769,27,9,0,1738,0,0.0,8960,69
2.626106114126742,0.4377777777777781,2.95,3.940000000000003,9,0,straddle_abuse,-0.06937824189662933,2,0.176,18,9,0,1738,0,0.0,9088,70
2.654531483538449,-0.062222222222222255,0,-0.5600000000000003,9,0,straddle_abuse,-0.11903490374485652,0,0.1751,20,9,0,1738,0,0.0,9216,71
2.682366890832782,0.33222222222222225,3.38,2.99,9,0,straddle_abuse,-0.08105881263812383,2,0.1743,19,9,0,1738,0,0.0,9344,72
2.576112847775221,1.017777777777778,9.12,9.16,9,0,straddle_abuse,0.255071093638738,3,0.1734,19,9,0,1738,0,0.0,9472,73
2.636613005772233,0.07999999999999997,1.26,0.7199999999999998,9,0,straddle_abuse,-0.0958864688873291,1,0.1725,24,9,0,1738,0,0.0,9600,74
2.735075034201145,-0.05666666666666669,0,-0.5100000000000002,9,0,straddle_abuse,-0.11879779398441315,0,0.1717,25,9,0,1738,0,0.0,9728,75
2.727293172851205,-0.0577777777777778,0,-0.5200000000000002,9,0,straddle_abuse,-0.13429024815559387,0,0.1708,15,9,0,1738,0,0.0,9856,76
2.8069953098893166,-0.08111111111111115,0,-0.7300000000000003,9,0,straddle_abuse,-0.13970042765140533,0,0.1699,17,9,0,1738,0,0.0,9984,77
2.811086731031537,-0.06333333333333337,0,-0.5700000000000003,9,0,straddle_abuse,-0.1293038378159205,0,0.1691,19,9,0,1738,0,0.0,10112,78
2.5369445867836475,-0.055555555555555594,0,-0.5000000000000003,9,0,straddle_abuse,-0.11643204092979431,0,0.1683,20,9,0,1738,0,0.0,10240,79
2.4737245179712772,-0.058888888888888914,0,-0.5300000000000002,9,0,straddle_abuse,-0.11463101704915364,0,0.1674,23,9,0,1738,0,0.0,10368,80
2.480591311119497,-0.018888888888888893,0,-0.17000000000000004,9,0,straddle_abuse,-0.11737905442714691,0,0.1666,15,9,0,1738,0,0.0,10496,81
2.4904000125825405,1.7788888888888872,16.29,16.009999999999984,9,0,straddle_abuse,1.148669997851054,3,0.1657,23,9,0,1738,0,0.0,10624,82
2.636165538802743,1.23,8.97,11.07,9,0,straddle_abuse,0.2760476569334666,6,0.1649,17,9,0,1738,0,0.0,10752,83
2.6058571515604854,0.04777777777777777,0.81,0.42999999999999994,9,0,straddle_abuse,-0.11382290224234264,1,0.1641,19,9,0,1738,0,0.0,10880,84
2.6100376900285482,3.8722222222222262,35.24,34.85000000000004,9,0,straddle_abuse,5.200529893239339,2,0.1633,18,9,0,1738,1,0.1111111111111111,11008,85
2.6979498770087957,1.1866666666666668,11.28,10.680000000000001,9,0,straddle_abuse,0.5197421113650004,2,0.1625,18,9,0,1738,0,0.0,11136,86
2.5499505922198296,-0.05555555555555558,0,-0.5000000000000002,9,0,straddle_abuse,-0.06392716864744823,0,0.1616,20,9,0,1738,0,0.0,11264,87
2.60760647803545,-0.0388888888888889,0,-0.35000000000000014,9,0,straddle_abuse,-0.06006670743227005,0,0.1608,23,9,0,1738,0,0.0,11392,88
2.512720610946417,-0.018888888888888775,8.03,-0.16999999999999899,9,0,straddle_abuse,0.08538239449262619,2,0.16,25,9,0,1738,0,0.0,11520,89
2.6379266204312444,-0.0577777777777778,0,-0.5200000000000002,9,0,straddle_abuse,-0.09853433569272359,0,0.1592,17,9,0,1738,0,0.0,11648,90
2.5443983851000667,-0.050000000000000024,0,-0.45000000000000023,9,0,straddle_abuse,-0.10999011248350143,0,0.1584,17,9,0,1738,0,0.0,11776,91
2.618149681016803,-0.043333333333333356,0,-0.3900000000000002,9,0,straddle_abuse,-0.11894744386275609,0,0.1576,18,9,0,1738,0,0.0,11904,92
2.6697895750403404,0.03333333333333331,0.7,0.2999999999999998,9,0,straddle_abuse,-0.10973846664031346,1,0.1569,25,9,0,1738,0,0.0,12032,93
2.5603055767714977,0.005555555555555546,0.28,0.04999999999999992,9,0,straddle_abuse,-0.11836059391498566,1,0.1561,15,9,0,1738,0,0.0,12160,94
2.619645959697664,-0.05555555555555553,4.49,-0.4999999999999998,9,0,straddle_abuse,-0.10123229523499806,1,0.1553,17,9,0,1738,0,0.0,12288,95
2.6154621429741383,-0.005555555555555556,0,-0.05,9,0,straddle_abuse,-0.12941493590672812,0,0.1545,17,9,0,1738,0,0.0,12416,96
2.7844972796738148,-0.05555555555555553,3.42,-0.4999999999999998,9,0,straddle_abuse,-0.10216079900662105,1,0.1537,18,9,0,1738,0,0.0,12544,97
2.700702571310103,-0.0666666666666667,0,-0.6000000000000002,9,0,straddle_abuse,-0.13606984913349152,0,0.153,24,9,0,1738,0,0.0,12672,98
2.5277524907141924,-0.04222222222222224,0,-0.3800000000000001,9,0,straddle_abuse,-0.10564185678958893,0,0.1522,21,9,0,1738,0,0.0,12800,99
