avg_entropy,avg_reward_per_episode,best_tax_advantage,cumulative_reward,episode_count,invalid_count,loophole,loss,positive_reward_count,random_action_prob,random_exploration_count,run,seed,success_count,success_rate,total_steps,update
0.9448,-0.8000000000000005,0,-0.8000000000000005,0,0,barnes_group,1.270901660124461,0,0.25,38,0,1729,0,0.0,128,0
1.1255,-0.7600000000000005,0,-0.7600000000000005,0,0,barnes_group,0.07948802784085274,0,0.2487,33,0,1729,0,0.0,256,1
1.1391,-0.7700000000000005,0,-0.7700000000000005,0,0,barnes_group,0.25277164950966835,0,0.2475,38,0,1729,0,0.0,384,2
1.1102,-0.7700000000000005,0,-0.7700000000000005,0,0,barnes_group,0.030676467965046566,0,0.2463,35,0,1729,0,0.0,512,3
1.2289,-0.7700000000000005,0,-0.7700000000000005,0,0,barnes_group,0.07386975487073262,0,0.245,35,0,1729,0,0.0,640,4
1.1838,-0.7500000000000004,0,-0.7500000000000004,0,0,barnes_group,0.01570882151524226,0,0.2438,30,0,1729,0,0.0,768,5
1.1565,-0.7600000000000005,0,-0.7600000000000005,0,0,barnes_group,0.20609724521636963,0,0.2426,31,0,1729,0,0.0,896,6
1.2001,-0.8300000000000005,0,-0.8300000000000005,0,0,barnes_group,0.026279788464307785,0,0.2414,32,0,1729,0,0.0,1024,7
1.202,-0.7900000000000004,0,-0.7900000000000004,0,0,barnes_group,0.058280503998200096,0,0.2402,28,0,1729,0,0.0,1152,8
1.354,-0.9000000000000006,0,-0.9000000000000006,0,0,barnes_group,0.05375955378015836,0,0.239,35,0,1729,0,0.0,1280,9
1.4605,-0.2000000000000006,35,-0.2000000000000006,1,0,barnes_group,0.0989564557870229,1,0.2378,24,0,1729,1,1.0,1408,10
1.3624,-0.9900000000000007,0,-0.9900000000000007,0,0,barnes_group,0.038906220346689224,0,0.2366,25,0,1729,0,0.0,1536,11
1.4323,-1.2400000000000009,0,-1.2400000000000009,0,0,barnes_group,0.028901116301616032,0,0.2354,33,0,1729,0,0.0,1664,12
1.4474,-0.9900000000000007,0,-0.9900000000000007,0,0,barnes_group,-0.013977311551570892,0,0.2342,43,0,1729,0,0.0,1792,13
1.4632,-1.1700000000000006,0,-1.1700000000000006,0,0,barnes_group,0.07283221930265427,0,0.2331,33,0,1729,0,0.0,1920,14
1.3369,-0.9200000000000006,0,-0.9200000000000006,0,0,barnes_group,-0.036749341835578285,0,0.2319,24,0,1729,0,0.0,2048,15
1.38,-0.9100000000000006,0,-0.9100000000000006,0,0,barnes_group,0.07096207762757938,0,0.2307,32,0,1729,0,0.0,2176,16
1.462,-1.1400000000000008,0,-1.1400000000000008,0,0,barnes_group,0.002108809848626455,0,0.2296,27,0,1729,0,0.0,2304,17
1.3491,-0.9600000000000006,0,-0.9600000000000006,0,0,barnes_group,0.016483034938573837,0,0.2284,24,0,1729,0,0.0,2432,18
1.5836,-0.8900000000000005,0,-0.8900000000000005,0,0,barnes_group,-0.04007585346698761,0,0.2273,35,0,1729,0,0.0,2560,19
1.5759,-1.0500000000000007,0,-1.0500000000000007,0,0,barnes_group,-0.01795462891459465,0,0.2262,27,0,1729,0,0.0,2688,20
1.4368,-1.1300000000000008,0,-1.1300000000000008,0,0,barnes_group,0.04211790859699249,0,0.225,24,0,1729,0,0.0,2816,21
1.3971,-0.9900000000000007,0,-0.9900000000000007,0,0,barnes_group,-0.018902719020843506,0,0.2239,35,0,1729,0,0.0,2944,22
1.2312,-0.8500000000000005,0,-0.8500000000000005,0,0,barnes_group,0.018798254430294037,0,0.2228,29,0,1729,0,0.0,3072,23
1.3167,-1.0300000000000007,0,-1.0300000000000007,0,0,barnes_group,-0.037605551381905876,0,0.2217,33,0,1729,0,0.0,3200,24
1.5515,-0.9900000000000007,0,-0.9900000000000007,0,0,barnes_group,-0.05325558284918467,0,0.2206,30,0,1729,0,0.0,3328,25
1.6195,-1.0400000000000005,0,-1.0400000000000005,0,0,barnes_group,-0.039561512569586434,0,0.2195,32,0,1729,0,0.0,3456,26
1.4286,-0.8800000000000006,0,-0.8800000000000006,0,0,barnes_group,-0.05126204093297323,0,0.2184,20,0,1729,0,0.0,3584,27
1.532,-1.1800000000000006,0,-1.1800000000000006,0,0,barnes_group,-0.004748729368050893,0,0.2173,24,0,1729,0,0.0,3712,28
1.569,-1.1900000000000006,0,-1.1900000000000006,0,0,barnes_group,-0.0416935533285141,0,0.2162,27,0,1729,0,0.0,3840,29
1.3873,-1.440000000000001,0,-1.440000000000001,0,0,barnes_group,-0.056122166415055595,0,0.2151,26,0,1729,0,0.0,3968,30
1.5677,0.3899999999999997,35,0.7799999999999994,2,0,barnes_group,0.060393323500951133,3,0.214,35,0,1729,2,1.0,4096,31
1.4978,0.4349999999999996,35,0.8699999999999992,2,0,barnes_group,0.05210307985544205,3,0.213,28,0,1729,2,1.0,4224,32
1.4919,0.6066666666666665,35,1.8199999999999994,3,0,barnes_group,-0.042082266261180244,6,0.2119,29,0,1729,3,1.0,4352,33
1.4615,0.5866666666666663,35,1.7599999999999991,3,0,barnes_group,-0.004826674858729045,4,0.2108,26,0,1729,3,1.0,4480,34
1.2931,0.8485714285714302,35,5.940000000000011,7,0,barnes_group,0.06497464204827945,8,0.2098,27,0,1729,7,1.0,4608,35
1.0371,0.07999999999999952,35,0.07999999999999952,1,0,barnes_group,0.13138505816459656,1,0.2087,33,0,1729,1,1.0,4736,36
0.8682,-0.9000000000000006,0,-0.9000000000000006,0,0,barnes_group,0.004277275254329045,0,0.2077,20,0,1729,0,0.0,4864,37
0.9396,0.5449999999999997,35,1.0899999999999994,2,0,barnes_group,0.14703371127446493,2,0.2066,24,0,1729,2,1.0,4992,38
0.9463,0.8350000000000013,35,5.010000000000008,6,0,barnes_group,0.045555539429187775,8,0.2056,20,0,1729,6,1.0,5120,39
1.1068,0.8400000000000007,35,5.0400000000000045,6,0,barnes_group,-0.004100518922011058,8,0.2046,28,0,1729,6,1.0,5248,40
1.1591,0.7575000000000008,35,3.0300000000000034,4,0,barnes_group,-0.006940079232056935,5,0.2036,27,0,1729,4,1.0,5376,41
1.1192,0.6733333333333332,35,2.0199999999999996,3,0,barnes_group,-0.052418582141399384,3,0.2025,22,0,1729,3,1.0,5504,42
1.2083,0.8822222222222238,35,7.940000000000014,9,0,barnes_group,-0.04431458314259847,11,0.2015,22,0,1729,9,1.0,5632,43
1.3301,0.855000000000002,35,6.840000000000016,8,0,barnes_group,0.008024002114931742,10,0.2005,27,0,1729,8,1.0,5760,44
1.3279,0.8800000000000014,35,7.040000000000012,8,0,barnes_group,0.022984779129425686,9,0.1995,24,0,1729,8,1.0,5888,45
1.3477,0.8700000000000015,35,6.0900000000000105,7,0,barnes_group,0.08026312043269475,8,0.1985,33,0,1729,7,1.0,6016,46
1.3187,0.7900000000000007,35,3.9500000000000037,5,0,barnes_group,0.009831099460522333,6,0.1975,30,0,1729,5,1.0,6144,47
1.302,0.8812500000000016,35,7.050000000000013,8,0,barnes_group,0.04163934911290804,8,0.1965,29,0,1729,8,1.0,6272,48
1.2638,0.8811111111111128,35,7.930000000000016,9,0,barnes_group,0.06860992436607678,9,0.1956,22,0,1729,9,1.0,6400,49
1.2254,0.7980000000000014,35,3.990000000000007,5,0,barnes_group,0.016195029020309448,7,0.1946,32,0,1729,5,1.0,6528,50
1.2484,0.9253846153846166,35,12.030000000000015,13,0,barnes_group,-0.032935090363025665,14,0.1936,25,0,1729,13,1.0,6656,51
1.1287,0.8333333333333339,35,5.0000000000000036,6,0,barnes_group,-0.008935413012901941,6,0.1926,28,0,1729,6,1.0,6784,52
1.1288,0.9373015873015884,35,8.435714285714296,9,0,barnes_group,-0.025189053888122242,12,0.1917,26,0,1729,9,1.0,6912,53
1.0684,0.9100000000000013,35,7.28000000000001,8,0,barnes_group,0.008545367668072382,8,0.1907,30,0,1729,8,1.0,7040,54
1.1985,0.9100000000000006,35,8.190000000000005,9,0,barnes_group,-0.010764050607879957,11,0.1898,29,0,1729,9,1.0,7168,55
1.2277,0.9300000000000008,35,10.23000000000001,11,0,barnes_group,-0.05587608367204666,15,0.1888,26,0,1729,11,1.0,7296,56
1.149,0.898750000000001,35,7.190000000000008,8,0,barnes_group,-0.022538354620337486,8,0.1879,23,0,1729,8,1.0,7424,57
1.1721,0.9111111111111122,35,8.20000000000001,9,0,barnes_group,-0.004956244180599849,11,0.1869,26,0,1729,9,1.0,7552,58
1.0978,0.9155555555555563,35,8.240000000000007,9,0,barnes_group,-0.048839407662550606,11,0.186,20,0,1729,9,1.0,7680,59
1.2609,0.9281818181818192,35,10.210000000000012,11,0,barnes_group,0.025206413120031357,11,0.1851,32,0,1729,11,1.0,7808,60
1.1545,0.9076923076923087,35,11.800000000000013,13,0,barnes_group,0.04229515542586645,15,0.1841,22,0,1729,13,1.0,7936,61
1.2427,0.8212500000000014,35,6.570000000000011,8,0,barnes_group,-0.028594714899857838,12,0.1832,26,0,1729,8,1.0,8064,62
1.3066,0.830000000000001,35,6.640000000000008,8,0,barnes_group,0.008617247144381205,9,0.1823,23,0,1729,8,1.0,8192,63
1.3632,0.7640000000000005,35,3.820000000000002,5,0,barnes_group,-0.01964264859755834,5,0.1814,23,0,1729,5,1.0,8320,64
1.2336,0.9271428571428582,35,12.980000000000015,14,0,barnes_group,0.021751604974269867,15,0.1805,18,0,1729,14,1.0,8448,65
1.2583,0.905555555555557,35,8.150000000000013,9,0,barnes_group,0.0022582014401753745,10,0.1796,25,0,1729,9,1.0,8576,66
1.1729,0.9308333333333344,35,11.170000000000012,12,0,barnes_group,-0.03408541468282541,13,0.1787,27,0,1729,12,1.0,8704,67
1.0959,0.951538461538462,35,12.370000000000006,13,0,barnes_group,-0.0011968500912189484,15,0.1778,24,0,1729,13,1.0,8832,68
1.0469,0.9433333333333339,35,11.320000000000007,12,0,barnes_group,-0.0375124408553044,17,0.1769,22,0,1729,12,1.0,8960,69
0.9808,0.9606250000000007,35,15.370000000000012,16,0,barnes_group,-0.026813410222530365,21,0.176,20,0,1729,16,1.0,9088,70
1.0667,0.9385714285714294,35,13.140000000000011,14,0,barnes_group,-0.02724093695481618,21,0.1751,24,0,1729,14,1.0,9216,71
1.0074,0.958888888888889,35,17.26,18,0,barnes_group,0.061106628427902855,26,0.1743,22,0,1729,18,1.0,9344,72
1.0474,0.9338461538461549,35,12.140000000000013,13,0,barnes_group,0.03489130735397339,15,0.1734,28,0,1729,13,1.0,9472,73
1.0037,0.9745454545454546,35,21.44,22,0,barnes_group,-0.02664666250348091,24,0.1725,24,0,1729,22,1.0,9600,74
0.998,0.9745454545454543,35,21.439999999999994,22,0,barnes_group,0.05536816890041033,25,0.1717,24,0,1729,22,1.0,9728,75
0.9975,0.9550000000000008,35,15.280000000000014,16,0,barnes_group,0.01904726152618726,17,0.1708,29,0,1729,16,1.0,9856,76
0.9501,0.9672222222222229,35,17.41000000000001,18,0,barnes_group,0.07081271708011627,20,0.1699,21,0,1729,18,1.0,9984,77
0.9282,0.9761904761904765,35,20.500000000000007,21,0,barnes_group,0.007963010420401892,21,0.1691,18,0,1729,21,1.0,10112,78
0.9428,0.9644444444444448,35,17.360000000000007,18,0,barnes_group,0.02707258363564809,25,0.1683,23,0,1729,18,1.0,10240,79
0.8497,0.9790476190476189,35,20.56,21,0,barnes_group,-0.0002905062089363734,26,0.1674,17,0,1729,21,1.0,10368,80
0.908,0.9680000000000002,35,19.360000000000003,20,0,barnes_group,0.0950004979968071,23,0.1666,28,0,1729,20,1.0,10496,81
0.9311,0.9639999999999997,35,19.279999999999994,20,0,barnes_group,0.10708702852328618,24,0.1657,25,0,1729,20,1.0,10624,82
0.878,0.969,35,19.38,20,0,barnes_group,0.04142997724314531,23,0.1649,23,0,1729,20,1.0,10752,83
0.9141,0.9526666666666674,35,14.290000000000012,15,0,barnes_group,0.019950804611047108,16,0.1641,25,0,1729,15,1.0,10880,84
0.8002,0.9723809523809528,35,20.42000000000001,21,0,barnes_group,-0.025352330257495243,24,0.1633,19,0,1729,21,1.0,11008,85
0.9401,0.9546666666666671,35,14.320000000000007,15,0,barnes_group,0.021722068389256794,17,0.1625,28,0,1729,15,1.0,11136,86
1.0251,0.9535714285714293,35,13.35000000000001,14,0,barnes_group,-0.045777772863705955,14,0.1616,19,0,1729,14,1.0,11264,87
0.8693,0.98531746031746,35,17.73571428571428,18,0,barnes_group,0.0019905144969622293,22,0.1608,19,0,1729,18,1.0,11392,88
0.9188,0.9457142857142864,35,13.240000000000009,14,0,barnes_group,-0.0036435741931200027,17,0.16,18,0,1729,14,1.0,11520,89
1.0461,0.9635000000000005,35,19.27000000000001,20,0,barnes_group,0.06605986754099528,23,0.1592,26,0,1729,20,1.0,11648,90
0.9076,0.9526666666666674,35,14.290000000000012,15,0,barnes_group,0.014266811311244965,17,0.1584,20,0,1729,15,1.0,11776,91
0.8581,0.9699999999999998,35,18.429999999999996,19,0,barnes_group,0.15398120880126953,19,0.1576,15,0,1729,19,1.0,11904,92
0.9214,0.9661111111111117,35,17.39000000000001,18,0,barnes_group,0.05025117720166842,18,0.1569,20,0,1729,18,1.0,12032,93
0.8658,0.9736363636363629,35,21.419999999999984,22,0,barnes_group,0.05645681048432986,23,0.1561,22,0,1729,22,1.0,12160,94
0.8261,0.9556250000000008,35,15.290000000000013,16,0,barnes_group,0.007493790239095688,20,0.1553,19,0,1729,16,1.0,12288,95
0.8337,0.9790909090909093,35,21.540000000000006,22,0,barnes_group,-0.033262657622496285,25,0.1545,18,0,1729,22,1.0,12416,96
0.8607,0.964117647058824,35,16.390000000000008,17,0,barnes_group,0.04880142336090406,25,0.1537,19,0,1729,17,1.0,12544,97
0.9722,0.9790476190476188,35,20.559999999999995,21,0,barnes_group,-0.003467696408430735,24,0.153,20,0,1729,21,1.0,12672,98
0.9012,0.9652941176470594,35,16.41000000000001,17,0,barnes_group,0.016793619841337204,18,0.1522,20,0,1729,17,1.0,12800,99
0.6632,0.11999999999999937,35,0.11999999999999937,1,0,barnes_group,0.8132383724053701,1,0.25,27,1,1730,1,1.0,128,0
0.9363,-0.9100000000000006,0,-0.9100000000000006,0,0,barnes_group,0.7932769656181335,0,0.2487,37,1,1730,0,0.0,256,1
0.7689,-0.9300000000000006,0,-0.9300000000000006,0,0,barnes_group,0.03416538735230764,0,0.2475,23,1,1730,0,0.0,384,2
0.841,-0.9000000000000006,0,-0.9000000000000006,0,0,barnes_group,0.12502769380807877,0,0.2463,28,1,1730,0,0.0,512,3
0.89,-0.9300000000000006,0,-0.9300000000000006,0,0,barnes_group,0.09839871774117152,0,0.245,32,1,1730,0,0.0,640,4
0.98,-0.8400000000000005,0,-0.8400000000000005,0,0,barnes_group,0.11671510835488637,0,0.2438,35,1,1730,0,0.0,768,5
1.0208,-0.8700000000000006,0,-0.8700000000000006,0,0,barnes_group,0.06520468617479007,0,0.2426,30,1,1730,0,0.0,896,6
1.1288,-0.6900000000000004,0,-0.6900000000000004,0,0,barnes_group,0.08877772837877274,0,0.2414,34,1,1730,0,0.0,1024,7
1.2468,-0.7300000000000004,0,-0.7300000000000004,0,0,barnes_group,0.062113224218289055,0,0.2402,37,1,1730,0,0.0,1152,8
1.3287,-0.7100000000000004,0,-0.7100000000000004,0,0,barnes_group,0.027170362571875255,0,0.239,29,1,1730,0,0.0,1280,9
1.2557,-0.6800000000000004,0,-0.6800000000000004,0,0,barnes_group,-0.0003092177212238312,0,0.2378,26,1,1730,0,0.0,1408,10
1.4524,-0.8100000000000005,0,-0.8100000000000005,0,0,barnes_group,-0.010539996127287546,0,0.2366,26,1,1730,0,0.0,1536,11
1.3918,-0.8300000000000005,0,-0.8300000000000005,0,0,barnes_group,-0.011586731920639673,0,0.2354,28,1,1730,0,0.0,1664,12
1.1606,-0.7400000000000004,0,-0.7400000000000004,0,0,barnes_group,0.013701402892669043,0,0.2342,32,1,1730,0,0.0,1792,13
1.0542,-0.7600000000000005,0,-0.7600000000000005,0,0,barnes_group,0.14652898907661438,0,0.2331,26,1,1730,0,0.0,1920,14
1.021,-0.7300000000000004,0,-0.7300000000000004,0,0,barnes_group,0.0845255379875501,0,0.2319,30,1,1730,0,0.0,2048,15
1.06,-0.6600000000000004,0,-0.6600000000000004,0,0,barnes_group,0.02134856457511584,0,0.2307,31,1,1730,0,0.0,2176,16
1.0782,-0.7000000000000004,0,-0.7000000000000004,0,0,barnes_group,0.08788964649041493,0,0.2296,31,1,1730,0,0.0,2304,17
1.133,-0.7200000000000004,0,-0.7200000000000004,0,0,barnes_group,-0.01575431103507678,0,0.2284,25,1,1730,0,0.0,2432,18
1.2022,-0.7200000000000004,0,-0.7200000000000004,0,0,barnes_group,0.002160780131816864,0,0.2273,36,1,1730,0,0.0,2560,19
1.1147,-0.7300000000000004,0,-0.7300000000000004,0,0,barnes_group,0.04232552026708921,0,0.2262,26,1,1730,0,0.0,2688,20
1.1773,-0.7600000000000003,0,-0.7600000000000003,0,0,barnes_group,0.05111141875386238,0,0.225,36,1,1730,0,0.0,2816,21
1.3446,-1.0000000000000007,0,-1.0000000000000007,0,0,barnes_group,0.026020991305510204,0,0.2239,29,1,1730,0,0.0,2944,22
1.4138,-1.2200000000000009,0,-1.2200000000000009,0,0,barnes_group,-0.019173682977755863,0,0.2228,27,1,1730,0,0.0,3072,23
1.4665,-1.0500000000000005,0,-1.0500000000000005,0,0,barnes_group,0.03303012500206629,0,0.2217,33,1,1730,0,0.0,3200,24
1.3838,-1.2700000000000007,0,-1.2700000000000007,0,0,barnes_group,-0.03345269958178202,0,0.2206,23,1,1730,0,0.0,3328,25
1.6178,-1.2500000000000009,0,-1.2500000000000009,0,0,barnes_group,-0.059673525393009186,0,0.2195,30,1,1730,0,0.0,3456,26
1.5718,-1.1800000000000006,0,-1.1800000000000006,0,0,barnes_group,-0.02940891186396281,0,0.2184,31,1,1730,0,0.0,3584,27
1.5201,-1.1000000000000005,0,-1.1000000000000005,0,0,barnes_group,0.00953261430064837,0,0.2173,30,1,1730,0,0.0,3712,28
1.3957,-1.0600000000000007,0,-1.0600000000000007,0,0,barnes_group,0.007238848755757014,0,0.2162,27,1,1730,0,0.0,3840,29
1.1823,-0.9000000000000005,0,-0.9000000000000005,0,0,barnes_group,0.16503015657265982,0,0.2151,27,1,1730,0,0.0,3968,30
0.9993,-0.7800000000000004,0,-0.7800000000000004,0,0,barnes_group,0.12501745919386545,0,0.214,33,1,1730,0,0.0,4096,31
0.8126,-0.8600000000000005,0,-0.8600000000000005,0,0,barnes_group,0.16653047998746237,0,0.213,23,1,1730,0,0.0,4224,32
0.6904,-0.8700000000000006,0,-0.8700000000000006,0,0,barnes_group,0.133332759141922,0,0.2119,15,1,1730,0,0.0,4352,33
0.876,-0.8900000000000005,0,-0.8900000000000005,0,0,barnes_group,0.11926247427860896,0,0.2108,27,1,1730,0,0.0,4480,34
1.0326,-0.8500000000000005,0,-0.8500000000000005,0,0,barnes_group,0.14021794001261392,0,0.2098,25,1,1730,0,0.0,4608,35
0.8414,-0.8900000000000005,0,-0.8900000000000005,0,0,barnes_group,0.06418389640748501,0,0.2087,20,1,1730,0,0.0,4736,36
0.9866,0.1599999999999996,35,0.1599999999999996,1,0,barnes_group,0.06525249903400739,1,0.2077,28,1,1730,1,1.0,4864,37
1.0879,-0.9000000000000006,0,-0.9000000000000006,0,0,barnes_group,0.046665887037913,0,0.2066,33,1,1730,0,0.0,4992,38
1.2808,0.07999999999999959,35,0.07999999999999959,1,0,barnes_group,0.010486754278341929,2,0.2056,34,1,1730,1,1.0,5120,39
1.0116,0.5899999999999997,35,1.1799999999999995,2,0,barnes_group,0.07943588371078174,2,0.2046,24,1,1730,2,1.0,5248,40
1.0478,0.10999999999999956,35,0.10999999999999956,1,0,barnes_group,-0.0036280999581019082,1,0.2036,30,1,1730,1,1.0,5376,41
1.0887,-1.0400000000000007,0,-1.0400000000000007,0,0,barnes_group,0.09383525947729747,0,0.2025,26,1,1730,0,0.0,5504,42
1.0058,-0.9000000000000006,0,-0.9000000000000006,0,0,barnes_group,-0.007027953242262204,0,0.2015,27,1,1730,0,0.0,5632,43
1.0257,-0.9200000000000006,0,-0.9200000000000006,0,0,barnes_group,0.031097644319136936,0,0.2005,38,1,1730,0,0.0,5760,44
0.9347,0.13999999999999957,35,0.13999999999999957,1,0,barnes_group,0.12263961074252923,1,0.1995,19,1,1730,1,1.0,5888,45
0.9636,0.049999999999999586,35,0.049999999999999586,1,0,barnes_group,0.1805437058210373,1,0.1985,21,1,1730,1,1.0,6016,46
1.2143,0.8700000000000019,35,6.960000000000015,8,0,barnes_group,0.07134053111076355,11,0.1975,21,1,1730,8,1.0,6144,47
1.2608,0.7916666666666687,35,4.750000000000012,6,0,barnes_group,0.05543747420112292,10,0.1965,24,1,1730,6,1.0,6272,48
1.1228,0.8512500000000025,35,6.81000000000002,8,0,barnes_group,0.11273398374517758,8,0.1956,19,1,1730,8,1.0,6400,49
0.9586,0.8587500000000008,35,6.870000000000006,8,0,barnes_group,0.05564019829034805,9,0.1946,19,1,1730,8,1.0,6528,50
0.9367,0.8800000000000008,35,7.040000000000006,8,0,barnes_group,0.12622876465320587,8,0.1936,29,1,1730,8,1.0,6656,51
1.2187,0.7520000000000014,35,3.7600000000000073,5,0,barnes_group,0.04207789028684298,6,0.1926,29,1,1730,5,1.0,6784,52
0.9552,0.8887500000000013,35,7.11000000000001,8,0,barnes_group,0.05639008805155754,9,0.1917,23,1,1730,8,1.0,6912,53
1.0969,0.862857142857145,35,6.040000000000015,7,0,barnes_group,0.06689146533608437,9,0.1907,28,1,1730,7,1.0,7040,54
1.1825,0.7840000000000014,35,3.9200000000000066,5,0,barnes_group,0.12368266532818477,5,0.1898,31,1,1730,5,1.0,7168,55
1.1342,0.8637500000000014,35,6.910000000000011,8,0,barnes_group,0.11769519249598186,10,0.1888,37,1,1730,8,1.0,7296,56
1.0337,0.8960000000000011,35,8.960000000000012,10,0,barnes_group,0.012319553643465042,15,0.1879,33,1,1730,10,1.0,7424,57
0.9333,0.8990909090909104,35,9.890000000000015,11,0,barnes_group,0.0847556193669637,14,0.1869,25,1,1730,11,1.0,7552,58
0.9673,0.8777777777777795,35,7.900000000000016,9,0,barnes_group,-0.014186037083466848,9,0.186,18,1,1730,9,1.0,7680,59
1.1138,0.9158333333333344,35,10.990000000000013,12,0,barnes_group,-9.168808658917745e-05,13,0.1851,25,1,1730,12,1.0,7808,60
1.1409,0.8428571428571441,35,5.900000000000008,7,0,barnes_group,0.06289822732408841,8,0.1841,27,1,1730,7,1.0,7936,61
1.2118,0.8128571428571446,35,5.690000000000012,7,0,barnes_group,0.016654199610153835,8,0.1832,26,1,1730,7,1.0,8064,62
1.1354,0.8422222222222243,35,7.580000000000019,9,0,barnes_group,-0.019331999123096466,10,0.1823,19,1,1730,9,1.0,8192,63
1.2111,0.8709090909090924,35,9.580000000000016,11,0,barnes_group,-0.031608025232950844,13,0.1814,26,1,1730,11,1.0,8320,64
1.1313,0.8745454545454561,35,9.620000000000017,11,0,barnes_group,-0.018256316582361858,13,0.1805,18,1,1730,11,1.0,8448,65
1.2473,0.8890909090909104,35,9.780000000000014,11,0,barnes_group,-0.0007724973062674204,13,0.1796,28,1,1730,11,1.0,8576,66
1.1434,0.8525000000000011,35,6.820000000000009,8,0,barnes_group,0.041409775614738464,11,0.1787,25,1,1730,8,1.0,8704,67
1.151,0.8437500000000014,35,6.7500000000000115,8,0,barnes_group,0.04557957127690315,10,0.1778,25,1,1730,8,1.0,8832,68
1.0383,0.880000000000001,35,8.80000000000001,10,0,barnes_group,-0.015398400525252024,12,0.1769,23,1,1730,10,1.0,8960,69
1.0919,0.9115384615384626,35,11.850000000000014,13,0,barnes_group,-0.034083607296148934,17,0.176,22,1,1730,13,1.0,9088,70
1.0466,0.8687500000000009,35,6.950000000000007,8,0,barnes_group,-0.00641336664557457,10,0.1751,27,1,1730,8,1.0,9216,71
1.0093,0.9250000000000009,35,12.950000000000014,14,0,barnes_group,0.03222875545422236,18,0.1743,22,1,1730,14,1.0,9344,72
0.9285,0.9528571428571431,35,20.010000000000005,21,0,barnes_group,-0.024242492392659187,24,0.1734,19,1,1730,21,1.0,9472,73
1.0471,0.926923076923078,35,12.050000000000013,13,0,barnes_group,-0.024358080700039864,15,0.1725,25,1,1730,13,1.0,9600,74
1.1448,0.904444444444446,35,8.140000000000015,9,0,barnes_group,-0.02078770411511262,10,0.1717,29,1,1730,9,1.0,9728,75
1.0187,0.9628571428571433,35,20.22000000000001,21,0,barnes_group,-0.008550587420662245,23,0.1708,24,1,1730,21,1.0,9856,76
0.9486,0.9550000000000003,35,19.100000000000005,20,0,barnes_group,-0.03431194772322973,21,0.1699,19,1,1730,20,1.0,9984,77
0.8984,0.9680000000000003,35,19.360000000000007,20,0,barnes_group,-0.039350143323342,22,0.1691,23,1,1730,20,1.0,10112,78
0.9343,0.9736363636363632,35,21.41999999999999,22,0,barnes_group,-0.003977349027991295,26,0.1683,18,1,1730,22,1.0,10240,79
0.9381,0.961578947368421,35,18.27,19,0,barnes_group,0.035337645560503006,20,0.1674,21,1,1730,19,1.0,10368,80
0.9639,0.9325000000000009,35,11.19000000000001,12,0,barnes_group,-0.016199270884195965,14,0.1666,21,1,1730,12,1.0,10496,81
0.9327,0.9531250000000004,35,15.250000000000007,16,0,barnes_group,-0.0038317907601594925,22,0.1657,22,1,1730,16,1.0,10624,82
0.9392,0.9558823529411768,35,16.250000000000007,17,0,barnes_group,0.04921857640147209,17,0.1649,28,1,1730,17,1.0,10752,83
0.861,0.9775000000000003,35,19.550000000000004,20,0,barnes_group,0.021466076374053955,20,0.1641,18,1,1730,20,1.0,10880,84
0.8348,0.9636842105263157,35,18.31,19,0,barnes_group,-0.02545681657890479,20,0.1633,22,1,1730,19,1.0,11008,85
0.8225,0.9663157894736846,35,18.360000000000007,19,0,barnes_group,0.04292996103564898,21,0.1625,25,1,1730,19,1.0,11136,86
0.6869,0.978333333333333,35,23.479999999999993,24,0,barnes_group,0.015687502299745876,24,0.1616,18,1,1730,24,1.0,11264,87
0.639,0.9804347826086955,35,22.549999999999997,23,0,barnes_group,0.05033830304940542,24,0.1608,15,1,1730,23,1.0,11392,88
0.5821,0.9839285714285708,35,27.549999999999983,28,0,barnes_group,-0.0021676290780305862,29,0.16,17,1,1730,28,1.0,11520,89
0.5248,0.9876666666666661,35,29.629999999999985,30,0,barnes_group,0.04955031940092643,30,0.1592,19,1,1730,30,1.0,11648,90
0.6226,0.9799999999999999,35,23.519999999999996,24,0,barnes_group,0.06920496001839638,24,0.1584,20,1,1730,24,1.0,11776,91
0.7432,0.9690476190476188,35,20.349999999999994,21,0,barnes_group,0.10911388198534648,23,0.1576,19,1,1730,21,1.0,11904,92
0.6688,0.965652173913043,35,22.20999999999999,23,0,barnes_group,0.036193295692404114,26,0.1569,13,1,1730,23,1.0,12032,93
0.714,0.935454545454546,35,10.290000000000006,11,0,barnes_group,0.07285916556914647,11,0.1561,20,1,1730,11,1.0,12160,94
0.8711,0.9442857142857152,35,13.220000000000013,14,0,barnes_group,0.08182625224192937,14,0.1553,26,1,1730,14,1.0,12288,95
0.8827,0.9443750000000007,35,15.110000000000012,16,0,barnes_group,-0.0024522573997577033,18,0.1545,23,1,1730,16,1.0,12416,96
0.7606,0.9372222222222231,35,16.870000000000015,18,0,barnes_group,0.004094327489535014,20,0.1537,19,1,1730,18,1.0,12544,97
0.8587,0.933750000000001,35,14.940000000000015,16,0,barnes_group,0.14955069373051325,18,0.153,21,1,1730,16,1.0,12672,98
0.7105,0.9538095238095239,35,20.03,21,0,barnes_group,0.13840321699778238,24,0.1522,17,1,1730,21,1.0,12800,99
1.2805,-0.2600000000000006,35,-0.2600000000000006,1,0,barnes_group,0.1325498620669047,2,0.25,33,2,1731,1,1.0,128,0
1.4063,-1.310000000000001,0,-1.310000000000001,0,0,barnes_group,0.107899804910024,0,0.2487,30,2,1731,0,0.0,256,1
1.3508,0.4499999999999996,35,0.8999999999999992,2,0,barnes_group,0.20022247731685638,4,0.2475,37,2,1731,2,1.0,384,2
1.4773,0.5666666666666663,35,1.699999999999999,3,0,barnes_group,0.22516444325447083,5,0.2463,32,2,1731,3,1.0,512,3
1.3768,0.5933333333333332,35,1.7799999999999996,3,0,barnes_group,0.06151471038659414,5,0.245,29,2,1731,3,1.0,640,4
1.512,-0.22000000000000058,35,-0.22000000000000058,1,0,barnes_group,0.10360311965147655,2,0.2438,36,2,1731,1,1.0,768,5
1.4279,-0.1500000000000004,35,-0.1500000000000004,1,0,barnes_group,0.01737476388613383,1,0.2426,34,2,1731,1,1.0,896,6
1.4195,-0.1300000000000006,35,-0.1300000000000006,1,0,barnes_group,-0.0062088196476300555,2,0.2414,29,2,1731,1,1.0,1024,7
1.6015,0.6266666666666665,35,1.8799999999999994,3,0,barnes_group,-0.03680619349082311,4,0.2402,32,2,1731,3,1.0,1152,8
1.4668,0.700000000000001,35,2.800000000000004,4,0,barnes_group,-0.018572676926851273,7,0.239,34,2,1731,4,1.0,1280,9
1.3307,0.5349999999999996,35,1.0699999999999992,2,0,barnes_group,0.04209551587700844,3,0.2378,34,2,1731,2,1.0,1408,10
1.2872,-0.060000000000000546,35,-0.060000000000000546,1,0,barnes_group,0.030414239813884098,1,0.2366,37,2,1731,1,1.0,1536,11
1.5097,-0.13000000000000078,35,-0.13000000000000078,1,0,barnes_group,-0.034382728238900505,1,0.2354,25,2,1731,1,1.0,1664,12
1.3928,0.6133333333333332,35,1.8399999999999994,3,0,barnes_group,0.11242670814196269,5,0.2342,29,2,1731,3,1.0,1792,13
1.4013,0.7916666666666674,35,4.750000000000004,6,0,barnes_group,-0.001451641321182251,7,0.2331,36,2,1731,6,1.0,1920,14
1.3713,0.3499999999999994,35,0.6999999999999988,2,0,barnes_group,0.07775042206048965,2,0.2319,32,2,1731,2,1.0,2048,15
1.4914,0.6700000000000013,35,2.680000000000005,4,0,barnes_group,0.01876493791739146,5,0.2307,31,2,1731,4,1.0,2176,16
1.2963,0.8266666666666683,35,4.96000000000001,6,0,barnes_group,-0.04115034391482671,6,0.2296,18,2,1731,6,1.0,2304,17
1.4378,0.7228571428571434,35,5.060000000000004,7,0,barnes_group,0.005532042433818181,7,0.2284,40,2,1731,6,0.8571428571428571,2432,18
1.4226,0.8571428571428584,35,6.000000000000009,7,0,barnes_group,-0.04793694242835045,8,0.2273,31,2,1731,7,1.0,2560,19
1.4051,0.8788888888888905,35,7.910000000000014,9,0,barnes_group,-0.016514913489421208,10,0.2262,26,2,1731,9,1.0,2688,20
1.3276,0.9066666666666681,35,10.880000000000017,12,0,barnes_group,-0.02783927818139394,16,0.225,26,2,1731,12,1.0,2816,21
1.2412,0.8737500000000018,35,6.990000000000014,8,0,barnes_group,0.038852705309788384,9,0.2239,20,2,1731,8,1.0,2944,22
1.2638,0.7740000000000008,35,3.870000000000004,5,0,barnes_group,-0.03287599173684915,5,0.2228,25,2,1731,5,1.0,3072,23
1.3237,0.8662500000000019,35,6.930000000000015,8,0,barnes_group,-0.016417089849710464,10,0.2217,21,2,1731,8,1.0,3200,24
1.3421,0.8587500000000013,35,6.870000000000011,8,0,barnes_group,-0.06333582972486813,9,0.2206,26,2,1731,8,1.0,3328,25
1.3454,0.8918181818181826,35,9.81000000000001,11,0,barnes_group,-0.015961421032746632,13,0.2195,21,2,1731,11,1.0,3456,26
1.4287,0.8342857142857163,35,5.840000000000014,7,0,barnes_group,-0.04678889736533165,8,0.2184,25,2,1731,7,1.0,3584,27
1.4151,0.8936363636363649,35,9.830000000000014,11,0,barnes_group,-0.024055575331052143,12,0.2173,23,2,1731,11,1.0,3712,28
1.3974,0.8500000000000016,35,5.950000000000012,7,0,barnes_group,-0.07213135808706284,7,0.2162,24,2,1731,7,1.0,3840,29
1.3566,0.8870000000000017,35,8.870000000000017,10,0,barnes_group,-0.00431898795068264,11,0.2151,32,2,1731,10,1.0,3968,30
1.15,0.9356250000000009,35,14.970000000000015,16,0,barnes_group,-0.03913839906454086,21,0.214,22,2,1731,16,1.0,4096,31
1.1536,0.9550000000000005,35,17.19000000000001,18,0,barnes_group,0.0028222588201363883,21,0.213,23,2,1731,18,1.0,4224,32
1.0104,0.8600000000000012,35,5.160000000000007,6,0,barnes_group,0.0050912412504355116,7,0.2119,27,2,1731,6,1.0,4352,33
0.9486,0.710000000000001,35,2.130000000000003,3,0,barnes_group,-0.028310130039850872,3,0.2108,31,2,1731,3,1.0,4480,34
0.9276,0.7199999999999999,35,2.1599999999999997,3,0,barnes_group,0.0005858838558197021,4,0.2098,22,2,1731,3,1.0,4608,35
0.9473,0.7166666666666677,35,2.150000000000003,3,0,barnes_group,0.026325208445390064,3,0.2087,32,2,1731,3,1.0,4736,36
1.0632,0.5549999999999997,35,1.1099999999999994,2,0,barnes_group,-0.003617300962408384,4,0.2077,31,2,1731,2,1.0,4864,37
1.0634,0.887142857142858,35,6.210000000000006,7,0,barnes_group,-0.036392358442147575,9,0.2066,19,2,1731,7,1.0,4992,38
1.1978,0.8280000000000017,35,4.140000000000009,5,0,barnes_group,-0.05162322397033373,5,0.2056,22,2,1731,5,1.0,5120,39
1.1333,0.917000000000001,35,9.17000000000001,10,0,barnes_group,-0.037250698854525886,11,0.2046,27,2,1731,10,1.0,5248,40
1.0749,0.9400000000000008,35,12.220000000000011,13,0,barnes_group,0.023249187817176182,14,0.2036,29,2,1731,13,1.0,5376,41
0.9663,0.9520000000000007,35,14.280000000000012,15,0,barnes_group,-0.029596883182724316,18,0.2025,17,2,1731,15,1.0,5504,42
1.0735,0.9270000000000007,35,9.270000000000007,10,0,barnes_group,0.024785430481036503,13,0.2015,34,2,1731,10,1.0,5632,43
1.0803,0.9500000000000006,35,15.20000000000001,16,0,barnes_group,-0.012625356515248617,18,0.2005,28,2,1731,16,1.0,5760,44
1.2337,0.8887500000000007,35,7.110000000000006,8,0,barnes_group,-0.00463865449031194,10,0.1995,31,2,1731,8,1.0,5888,45
1.2258,0.8987500000000006,35,7.190000000000005,8,0,barnes_group,-0.012000717222690582,13,0.1985,33,2,1731,8,1.0,6016,46
1.2278,0.9290909090909097,35,10.220000000000008,11,0,barnes_group,-0.02281804010272026,17,0.1975,25,2,1731,11,1.0,6144,47
1.1514,0.903750000000001,35,7.230000000000008,8,0,barnes_group,0.006738259146610896,15,0.1965,31,2,1731,8,1.0,6272,48
1.0142,0.9586666666666672,35,14.380000000000008,15,0,barnes_group,0.09556174526611964,20,0.1956,21,2,1731,15,1.0,6400,49
1.0204,0.9200000000000015,35,8.280000000000014,9,0,barnes_group,0.0005214052895704905,11,0.1946,31,2,1731,9,1.0,6528,50
1.0208,0.9521428571428577,35,13.330000000000009,14,0,barnes_group,-0.03115041305621465,15,0.1936,25,2,1731,14,1.0,6656,51
1.0097,0.9142857142857143,35,19.2,21,0,barnes_group,-0.06499536707997322,24,0.1926,19,2,1731,20,0.9523809523809523,6784,52
1.0875,0.9406666666666673,35,14.11000000000001,15,0,barnes_group,-0.03905712068080902,17,0.1917,26,2,1731,15,1.0,6912,53
1.042,0.9518750000000008,35,15.230000000000013,16,0,barnes_group,0.0077194782594839735,17,0.1907,13,2,1731,16,1.0,7040,54
0.9133,0.966666666666667,35,17.400000000000006,18,0,barnes_group,0.007781825959682465,19,0.1898,15,2,1731,18,1.0,7168,55
0.8894,0.9513333333333339,35,14.270000000000008,15,0,barnes_group,0.06231900552908579,16,0.1888,22,2,1731,15,1.0,7296,56
0.9613,0.9581250000000006,35,15.330000000000009,16,0,barnes_group,-0.004874708751837413,20,0.1879,19,2,1731,16,1.0,7424,57
0.8459,0.9661111111111116,35,17.390000000000008,18,0,barnes_group,0.004410482322176297,20,0.1869,15,2,1731,18,1.0,7552,58
0.9283,0.9471428571428576,35,13.260000000000007,14,0,barnes_group,-0.0033957529813051224,17,0.186,22,2,1731,14,1.0,7680,59
1.036,0.9570588235294115,35,16.269999999999996,17,0,barnes_group,0.008299972862005234,20,0.1851,24,2,1731,17,1.0,7808,60
1.0314,0.9412500000000009,35,15.060000000000015,16,0,barnes_group,0.23198933402697244,20,0.1841,23,2,1731,16,1.0,7936,61
1.1555,0.8575000000000017,35,6.860000000000014,8,0,barnes_group,0.010591428726911545,8,0.1832,20,2,1731,8,1.0,8064,62
1.2099,0.9158333333333339,35,10.990000000000007,12,0,barnes_group,0.020219600449005764,15,0.1823,30,2,1731,12,1.0,8192,63
0.9697,0.9200000000000006,35,9.200000000000006,10,0,barnes_group,0.008420779059330622,11,0.1814,23,2,1731,10,1.0,8320,64
0.9375,0.8566666666666686,35,5.140000000000011,6,0,barnes_group,-0.00847599096596241,7,0.1805,24,2,1731,6,1.0,8448,65
0.8735,0.9615714285714295,35,9.615714285714295,10,0,barnes_group,0.03454991554220518,13,0.1796,27,2,1731,10,1.0,8576,66
0.9552,0.8633333333333342,35,5.180000000000005,6,0,barnes_group,-0.010477464646100998,9,0.1787,27,2,1731,6,1.0,8704,67
0.9281,0.9250000000000009,35,9.250000000000009,10,0,barnes_group,0.0020652239521344504,11,0.1778,21,2,1731,10,1.0,8832,68
0.9967,0.9507142857142862,35,13.310000000000006,14,0,barnes_group,-0.033363821605841316,15,0.1769,24,2,1731,14,1.0,8960,69
1.0817,0.9480000000000004,35,14.220000000000006,15,0,barnes_group,-0.04590397079785665,16,0.176,25,2,1731,15,1.0,9088,70
0.9672,0.9709090909090908,35,21.36,22,0,barnes_group,0.056518820424874626,22,0.1751,24,2,1731,22,1.0,9216,71
0.9939,0.961052631578948,35,18.260000000000012,19,0,barnes_group,0.014396227896213531,22,0.1743,29,2,1731,19,1.0,9344,72
0.959,0.9400000000000005,35,17.86000000000001,19,0,barnes_group,0.019385396192471187,21,0.1734,21,2,1731,19,1.0,9472,73
0.8837,0.947368421052632,35,18.000000000000007,19,0,barnes_group,0.02188250422477722,19,0.1725,20,2,1731,19,1.0,9600,74
0.9086,0.927500000000001,35,14.840000000000016,16,0,barnes_group,-0.016304543241858482,16,0.1717,16,2,1731,16,1.0,9728,75
1.0314,0.9092307692307705,35,11.820000000000016,13,0,barnes_group,-0.028871990740299225,15,0.1708,28,2,1731,13,1.0,9856,76
0.9922,0.9171428571428583,35,12.840000000000016,14,0,barnes_group,-0.030639423057436943,15,0.1699,16,2,1731,14,1.0,9984,77
0.9592,0.921875000000001,35,14.750000000000016,16,0,barnes_group,-0.02741365631421407,20,0.1691,25,2,1731,16,1.0,10112,78
0.9368,0.9376470588235302,35,15.940000000000014,17,0,barnes_group,0.010057286669810614,19,0.1683,26,2,1731,17,1.0,10240,79
0.8741,0.9293333333333342,35,13.940000000000014,15,0,barnes_group,-0.05586691821614901,20,0.1674,22,2,1731,15,1.0,10368,80
0.8844,0.9536363636363636,35,20.98,22,0,barnes_group,-0.02664254978299141,24,0.1666,14,2,1731,22,1.0,10496,81
1.0163,0.9411764705882362,35,16.000000000000014,17,0,barnes_group,-0.035800756265719734,18,0.1657,25,2,1731,17,1.0,10624,82
0.8638,0.9737499999999999,35,23.369999999999997,24,0,barnes_group,-0.013785813624660173,28,0.1649,21,2,1731,24,1.0,10752,83
0.8223,0.9690476190476195,35,20.35000000000001,21,0,barnes_group,0.015743210911750793,23,0.1641,16,2,1731,21,1.0,10880,84
0.8389,0.9738095238095241,35,20.450000000000006,21,0,barnes_group,-0.029955233136812847,21,0.1633,22,2,1731,21,1.0,11008,85
0.8503,0.9704761904761906,35,20.380000000000003,21,0,barnes_group,-0.03561762968699137,22,0.1625,18,2,1731,21,1.0,11136,86
0.913,0.9480000000000007,35,14.220000000000011,15,0,barnes_group,0.03761932750542959,16,0.1616,25,2,1731,15,1.0,11264,87
0.8636,0.950000000000001,35,15.200000000000015,16,0,barnes_group,0.04432149976491928,16,0.1608,17,2,1731,16,1.0,11392,88
0.8796,0.945625000000001,35,15.130000000000017,16,0,barnes_group,-0.015716370195150375,17,0.16,18,2,1731,16,1.0,11520,89
0.8422,0.9636842105263161,35,18.310000000000006,19,0,barnes_group,0.029255172237753868,19,0.1592,20,2,1731,19,1.0,11648,90
0.8936,0.961,35,19.22,20,0,barnes_group,0.0292418176929156,20,0.1584,23,2,1731,20,1.0,11776,91
0.7278,0.9742307692307691,35,25.33,26,0,barnes_group,-0.033673551554481186,26,0.1576,15,2,1731,26,1.0,11904,92
0.846,0.9814285714285713,35,17.665714285714284,18,0,barnes_group,0.05673400809367498,19,0.1569,24,2,1731,18,1.0,12032,93
0.9193,0.9522222222222229,35,17.14000000000001,18,0,barnes_group,-0.038321432967980705,19,0.1561,23,2,1731,18,1.0,12160,94
0.8151,0.970952380952381,35,20.39,21,0,barnes_group,0.03644626090923945,21,0.1553,18,2,1731,21,1.0,12288,95
0.7697,0.9695238095238097,35,20.360000000000003,21,0,barnes_group,0.02937445603311062,21,0.1545,19,2,1731,21,1.0,12416,96
0.5661,0.9862068965517242,35,28.6,29,0,barnes_group,-0.02616092748939991,30,0.1537,10,2,1731,29,1.0,12544,97
0.7399,0.9736,35,24.34,25,0,barnes_group,-0.0031420961022377014,25,0.153,24,2,1731,25,1.0,12672,98
0.714,0.9618750000000007,35,15.390000000000011,16,0,barnes_group,-0.022703868026534717,17,0.1522,20,2,1731,16,1.0,12800,99
1.2636,-1.370000000000001,0,-1.370000000000001,0,0,barnes_group,0.5116415520509084,0,0.25,35,3,1732,0,0.0,128,0
1.3336,-0.41000000000000064,35,-0.41000000000000064,1,0,barnes_group,0.5054974555969238,1,0.2487,37,3,1732,1,1.0,256,1
1.5655,-1.610000000000001,0,-1.610000000000001,0,0,barnes_group,0.4012586971124013,0,0.2475,28,3,1732,0,0.0,384,2
1.3708,-0.8400000000000005,0,-0.8400000000000005,0,0,barnes_group,0.21025030811627707,0,0.2463,25,3,1732,0,0.0,512,3
1.3316,-0.8500000000000005,0,-0.8500000000000005,0,0,barnes_group,0.4720294823249181,0,0.245,35,3,1732,0,0.0,640,4
1.1664,-0.7500000000000004,0,-0.7500000000000004,0,0,barnes_group,0.11153522009650867,0,0.2438,26,3,1732,0,0.0,768,5
1.2534,-0.7000000000000004,0,-0.7000000000000004,0,0,barnes_group,0.06475510944922765,0,0.2426,24,3,1732,0,0.0,896,6
1.3751,-0.8100000000000005,0,-0.8100000000000005,0,0,barnes_group,-0.002556845545768738,0,0.2414,34,3,1732,0,0.0,1024,7
1.5725,-1.0400000000000005,0,-1.0400000000000005,0,0,barnes_group,-0.0540045772989591,0,0.2402,31,3,1732,0,0.0,1152,8
1.4449,-0.8400000000000005,0,-0.8400000000000005,0,0,barnes_group,0.012805131574471792,0,0.239,22,3,1732,0,0.0,1280,9
1.4539,-0.7800000000000005,0,-0.7800000000000005,0,0,barnes_group,-0.06034510334332784,0,0.2378,36,3,1732,0,0.0,1408,10
1.7244,-0.9800000000000006,0,-0.9800000000000006,0,0,barnes_group,-0.04990491767724355,0,0.2366,35,3,1732,0,0.0,1536,11
1.6515,-1.1300000000000008,0,-1.1300000000000008,0,0,barnes_group,-0.03643242890636126,0,0.2354,29,3,1732,0,0.0,1664,12
1.6052,-1.0000000000000004,0,-1.0000000000000004,0,0,barnes_group,-0.035850077867507935,0,0.2342,24,3,1732,0,0.0,1792,13
1.5994,-1.2000000000000006,0,-1.2000000000000006,0,0,barnes_group,-0.04725643868247668,0,0.2331,31,3,1732,0,0.0,1920,14
1.4861,-0.07000000000000052,35,-0.07000000000000052,1,0,barnes_group,0.01725441465775172,2,0.2319,33,3,1732,1,1.0,2048,15
1.5983,-0.020000000000000403,35,-0.020000000000000403,1,0,barnes_group,-0.026497843364874523,2,0.2307,28,3,1732,1,1.0,2176,16
1.594,-0.9900000000000007,0,-0.9900000000000007,0,0,barnes_group,-0.07370655611157417,0,0.2296,24,3,1732,0,0.0,2304,17
1.6521,-1.1300000000000008,0,-1.1300000000000008,0,0,barnes_group,-0.04623973121245702,0,0.2284,24,3,1732,0,0.0,2432,18
1.5138,0.05999999999999968,35,0.05999999999999968,1,0,barnes_group,0.01770273596048355,1,0.2273,33,3,1732,1,1.0,2560,19
1.4517,0.049999999999999566,35,0.049999999999999566,1,0,barnes_group,-0.009390071034431458,1,0.2262,22,3,1732,1,1.0,2688,20
1.4554,0.03999999999999945,35,0.03999999999999945,1,0,barnes_group,-0.011863627781470617,1,0.225,29,3,1732,1,1.0,2816,21
1.4728,0.039999999999999564,35,0.039999999999999564,1,0,barnes_group,0.015570199737946192,1,0.2239,26,3,1732,1,1.0,2944,22
1.43,0.8040000000000006,35,4.020000000000003,5,0,barnes_group,-0.029180319358905155,6,0.2228,31,3,1732,5,1.0,3072,23
1.3738,0.7525000000000007,35,3.010000000000003,4,0,barnes_group,0.03746539354324341,4,0.2217,32,3,1732,4,1.0,3200,24
1.2955,0.6666666666666671,35,2.0000000000000013,3,0,barnes_group,-0.014170996844768524,4,0.2206,20,3,1732,3,1.0,3328,25
1.3414,0.7525000000000004,35,3.0100000000000016,4,0,barnes_group,0.02593969429532687,5,0.2195,35,3,1732,4,1.0,3456,26
1.1977,0.5199999999999997,35,1.0399999999999994,2,0,barnes_group,0.004639655351638794,2,0.2184,27,3,1732,2,1.0,3584,27
1.2568,0.7940000000000011,35,3.9700000000000055,5,0,barnes_group,-0.02739009882013003,6,0.2173,23,3,1732,5,1.0,3712,28
1.2887,-1.0900000000000007,0,-1.0900000000000007,0,0,barnes_group,0.16533171509703,0,0.2162,22,3,1732,0,0.0,3840,29
1.3273,0.6700000000000013,35,2.010000000000004,3,0,barnes_group,0.1121824358900388,3,0.2151,27,3,1732,3,1.0,3968,30
1.2161,0.05999999999999948,35,0.05999999999999948,1,0,barnes_group,-0.0022673805554707846,1,0.214,30,3,1732,1,1.0,4096,31
1.2602,0.6800000000000012,35,2.0400000000000036,3,0,barnes_group,0.09881499285499255,4,0.213,28,3,1732,3,1.0,4224,32
1.3526,0.8466666666666685,35,5.080000000000011,6,0,barnes_group,-0.041283752769231796,6,0.2119,17,3,1732,6,1.0,4352,33
1.2659,0.8857142857142863,35,6.200000000000005,7,0,barnes_group,0.022360799213250477,7,0.2108,25,3,1732,7,1.0,4480,34
1.2226,0.8714285714285726,35,6.100000000000008,7,0,barnes_group,0.0014042270680268605,10,0.2098,32,3,1732,7,1.0,4608,35
1.1783,0.8160000000000013,35,4.080000000000006,5,0,barnes_group,-0.02467563996712367,6,0.2087,26,3,1732,5,1.0,4736,36
1.0866,0.5699999999999996,35,1.1399999999999992,2,0,barnes_group,0.05200120806694031,2,0.2077,31,3,1732,2,1.0,4864,37
0.8618,0.5499999999999996,35,1.0999999999999992,2,0,barnes_group,0.10521872093280156,2,0.2066,24,3,1732,2,1.0,4992,38
1.0087,0.5499999999999997,35,1.0999999999999994,2,0,barnes_group,0.043930004040400185,3,0.2056,30,3,1732,2,1.0,5120,39
0.8988,0.71,35,2.13,3,0,barnes_group,0.051113306234280266,4,0.2046,29,3,1732,3,1.0,5248,40
1.1043,0.5099999999999997,35,1.0199999999999994,2,0,barnes_group,0.004513972749312718,2,0.2036,27,3,1732,2,1.0,5376,41
1.034,0.7775000000000007,35,3.110000000000003,4,0,barnes_group,0.006276076038678487,5,0.2025,28,3,1732,4,1.0,5504,42
1.1708,0.911111111111112,35,8.200000000000008,9,0,barnes_group,0.04063790167371432,10,0.2015,26,3,1732,9,1.0,5632,43
1.1673,0.9209090909090918,35,10.13000000000001,11,0,barnes_group,0.03893367201089859,13,0.2005,31,3,1732,11,1.0,5760,44
1.166,0.9210000000000009,35,9.21000000000001,10,0,barnes_group,0.03954153383771578,12,0.1995,26,3,1732,10,1.0,5888,45
1.0928,0.9200000000000015,35,9.200000000000015,10,0,barnes_group,0.006384073446194331,12,0.1985,25,3,1732,10,1.0,6016,46
1.1901,0.9345454545454553,35,10.280000000000008,11,0,barnes_group,0.018861071517070133,11,0.1975,28,3,1732,11,1.0,6144,47
1.1447,0.9070000000000012,35,9.070000000000013,10,0,barnes_group,-0.027324408913652103,12,0.1965,20,3,1732,10,1.0,6272,48
1.2297,0.8657142857142873,35,6.060000000000011,7,0,barnes_group,0.031773957113424935,7,0.1956,31,3,1732,7,1.0,6400,49
1.2505,0.8937500000000012,35,7.150000000000009,8,0,barnes_group,-0.015723104278246563,8,0.1946,25,3,1732,8,1.0,6528,50
1.206,0.917000000000001,35,9.17000000000001,10,0,barnes_group,0.026372086256742477,11,0.1936,29,3,1732,10,1.0,6656,51
1.1508,0.8220000000000007,35,4.110000000000004,5,0,barnes_group,0.014927746107180914,6,0.1926,27,3,1732,5,1.0,6784,52
1.1244,0.7850000000000007,35,3.140000000000003,4,0,barnes_group,0.010704620430866877,4,0.1917,16,3,1732,4,1.0,6912,53
1.2799,0.6299999999999998,35,1.8899999999999995,3,0,barnes_group,0.0060431696474552155,3,0.1907,26,3,1732,3,1.0,7040,54
1.327,0.8300000000000021,35,5.810000000000015,7,0,barnes_group,-0.050475385040044785,7,0.1898,20,3,1732,7,1.0,7168,55
1.3026,0.6525000000000009,35,2.6100000000000034,4,0,barnes_group,0.0013274724284807842,5,0.1888,25,3,1732,4,1.0,7296,56
1.2027,0.9406250000000009,35,15.050000000000015,16,0,barnes_group,-0.054006583988666534,16,0.1879,13,3,1732,16,1.0,7424,57
1.2928,0.9108333333333342,35,10.93000000000001,12,0,barnes_group,0.03044607366124789,15,0.1869,24,3,1732,12,1.0,7552,58
1.0822,0.951666666666667,35,17.130000000000006,18,0,barnes_group,0.08419921497503917,19,0.186,21,3,1732,18,1.0,7680,59
1.1071,0.9588235294117647,35,16.3,17,0,barnes_group,0.02085894967118899,17,0.1851,16,3,1732,17,1.0,7808,60
1.0233,0.9369230769230777,35,12.18000000000001,13,0,barnes_group,0.00887494906783104,14,0.1841,17,3,1732,13,1.0,7936,61
1.1506,0.8500000000000005,35,5.100000000000003,6,0,barnes_group,0.04759527991215388,7,0.1832,27,3,1732,6,1.0,8064,62
1.1262,0.9333333333333341,35,11.20000000000001,12,0,barnes_group,-0.04845596974094709,14,0.1823,22,3,1732,12,1.0,8192,63
1.1814,0.7944444444444451,35,7.150000000000006,9,0,barnes_group,0.046229928731918335,8,0.1814,31,3,1732,8,0.8888888888888888,8320,64
1.0758,0.9350000000000009,35,11.220000000000011,12,0,barnes_group,0.033196681489547096,12,0.1805,18,3,1732,12,1.0,8448,65
1.1555,0.9230000000000006,35,9.230000000000006,10,0,barnes_group,0.000984614094098409,12,0.1796,22,3,1732,10,1.0,8576,66
1.1957,0.8862500000000012,35,7.09000000000001,8,0,barnes_group,-0.013466658691565195,10,0.1787,25,3,1732,8,1.0,8704,67
1.2354,0.9100000000000014,35,9.100000000000014,10,0,barnes_group,-0.013968441635370255,11,0.1778,23,3,1732,10,1.0,8832,68
1.1904,0.8975000000000011,35,7.180000000000009,8,0,barnes_group,-0.03147821376721064,10,0.1769,22,3,1732,8,1.0,8960,69
1.1162,0.9062500000000017,35,7.250000000000013,8,0,barnes_group,-0.015207599227627119,8,0.176,17,3,1732,8,1.0,9088,70
1.0031,0.8280000000000008,35,4.140000000000004,5,0,barnes_group,0.006767672797044118,5,0.1751,25,3,1732,5,1.0,9216,71
1.0476,0.9423076923076933,35,12.250000000000012,13,0,barnes_group,-0.03720318401853243,13,0.1743,22,3,1732,13,1.0,9344,72
1.0023,0.9511764705882361,35,16.170000000000012,17,0,barnes_group,-0.0008366703987121582,19,0.1734,21,3,1732,17,1.0,9472,73
1.1519,0.9325000000000007,35,11.190000000000008,12,0,barnes_group,0.05010613054037094,13,0.1725,29,3,1732,12,1.0,9600,74
1.1242,0.9409090909090915,35,10.350000000000007,11,0,barnes_group,0.01767454172174136,11,0.1717,23,3,1732,11,1.0,9728,75
1.1726,0.8962500000000007,35,7.170000000000005,8,0,barnes_group,0.010270236680905024,8,0.1708,22,3,1732,8,1.0,9856,76
1.1729,0.9450000000000007,35,11.340000000000009,12,0,barnes_group,-0.03932586560646693,12,0.1699,23,3,1732,12,1.0,9984,77
1.1968,0.9423076923076933,35,12.250000000000012,13,0,barnes_group,0.047697742780049644,13,0.1691,26,3,1732,13,1.0,10112,78
1.203,0.8040000000000009,35,4.020000000000005,5,0,barnes_group,0.009790558367967606,6,0.1683,19,3,1732,5,1.0,10240,79
1.2219,0.9100000000000014,35,8.190000000000012,9,0,barnes_group,0.00848071277141571,9,0.1674,18,3,1732,9,1.0,10368,80
1.0685,0.9263636363636373,35,10.19000000000001,11,0,barnes_group,0.012378255526224772,13,0.1666,19,3,1732,11,1.0,10496,81
1.1401,0.9310000000000006,35,9.310000000000006,10,0,barnes_group,0.0010404735803604126,10,0.1657,21,3,1732,10,1.0,10624,82
1.1067,0.9426666666666675,35,14.140000000000013,15,0,barnes_group,-0.00943061833580335,18,0.1649,22,3,1732,15,1.0,10752,83
1.2271,0.9475000000000007,35,15.16000000000001,16,0,barnes_group,0.052174185713132225,17,0.1641,28,3,1732,16,1.0,10880,84
1.1313,0.930000000000001,35,11.160000000000013,12,0,barnes_group,0.004740533729394277,12,0.1633,19,3,1732,12,1.0,11008,85
1.0357,0.9414285714285722,35,13.18000000000001,14,0,barnes_group,-0.024543301512797672,15,0.1625,18,3,1732,14,1.0,11136,86
1.087,0.9291666666666676,35,11.150000000000011,12,0,barnes_group,-0.03365549569328626,12,0.1616,16,3,1732,12,1.0,11264,87
1.0561,0.9650000000000004,35,17.370000000000008,18,0,barnes_group,-0.028863317022720974,18,0.1608,26,3,1732,18,1.0,11392,88
1.0803,0.9407142857142867,35,13.170000000000014,14,0,barnes_group,-0.013136796653270721,15,0.16,23,3,1732,14,1.0,11520,89
1.006,0.9690476190476188,35,20.349999999999994,21,0,barnes_group,0.01686874032020569,21,0.1592,20,3,1732,21,1.0,11648,90
0.9256,0.9594117647058829,35,16.31000000000001,17,0,barnes_group,-0.0319514994819959,18,0.1584,14,3,1732,17,1.0,11776,91
0.9718,0.9783333333333327,35,23.479999999999986,24,0,barnes_group,0.10224168499310811,26,0.1576,21,3,1732,24,1.0,11904,92
0.9407,0.9535714285714291,35,13.350000000000007,14,0,barnes_group,-0.017152251054843266,14,0.1569,21,3,1732,14,1.0,12032,93
0.8719,0.9762499999999995,35,23.42999999999999,24,0,barnes_group,0.028574443111817043,24,0.1561,23,3,1732,24,1.0,12160,94
0.9046,0.9723809523809519,35,20.41999999999999,21,0,barnes_group,0.05328222985068957,22,0.1553,23,3,1732,21,1.0,12288,95
0.9115,0.965882352941177,35,16.42000000000001,17,0,barnes_group,-0.047996326039234795,19,0.1545,18,3,1732,17,1.0,12416,96
0.9985,0.958095238095238,35,20.119999999999997,21,0,barnes_group,0.048260735968748726,23,0.1537,30,3,1732,21,1.0,12544,97
0.9466,0.9494444444444449,35,17.090000000000007,18,0,barnes_group,-0.0067708368102709455,19,0.153,20,3,1732,18,1.0,12672,98
0.9886,0.9555555555555552,35,17.199999999999992,18,0,barnes_group,0.044360159585873284,20,0.1522,27,3,1732,18,1.0,12800,99
1.0966,-0.3942857142857147,10,-0.3942857142857147,0,0,barnes_group,0.27744898696740466,1,0.25,30,4,1733,0,0.0,128,0
1.3717,0.004999999999999774,35,0.009999999999999547,2,0,barnes_group,0.43019715944925946,1,0.2487,35,4,1733,1,0.5,256,1
1.4713,-1.2500000000000009,0,-1.2500000000000009,0,0,barnes_group,0.21295925974845886,0,0.2475,37,4,1733,0,0.0,384,2
1.372,-1.0000000000000007,0,-1.0000000000000007,0,0,barnes_group,0.09961114078760147,0,0.2463,30,4,1733,0,0.0,512,3
1.3663,-0.8800000000000004,0,-0.8800000000000004,0,0,barnes_group,0.03878400723139445,0,0.245,25,4,1733,0,0.0,640,4
1.4762,-1.1000000000000005,0,-1.1000000000000005,0,0,barnes_group,0.04387551794449488,0,0.2438,35,4,1733,0,0.0,768,5
1.4258,-1.0500000000000005,0,-1.0500000000000005,0,0,barnes_group,-0.020519834011793137,0,0.2426,25,4,1733,0,0.0,896,6
1.3951,-1.0200000000000005,0,-1.0200000000000005,0,0,barnes_group,0.023658116658528645,0,0.2414,39,4,1733,0,0.0,1024,7
1.2559,-0.8400000000000005,0,-0.8400000000000005,0,0,barnes_group,0.0014077362914880116,0,0.2402,41,4,1733,0,0.0,1152,8
1.1477,-0.7700000000000004,0,-0.7700000000000004,0,0,barnes_group,0.05837002769112587,0,0.239,34,4,1733,0,0.0,1280,9
1.0888,-0.7900000000000005,0,-0.7900000000000005,0,0,barnes_group,0.08702850590149562,0,0.2378,37,4,1733,0,0.0,1408,10
1.0695,0.6299999999999998,35,1.2599999999999996,2,0,barnes_group,0.07508159180482228,2,0.2366,36,4,1733,2,1.0,1536,11
1.0919,0.21999999999999958,35,0.21999999999999958,1,0,barnes_group,0.029141647120316822,2,0.2354,26,4,1733,1,1.0,1664,12
1.0984,-0.7600000000000005,0,-0.7600000000000005,0,0,barnes_group,0.05303163081407547,0,0.2342,26,4,1733,0,0.0,1792,13
1.1401,-0.8200000000000005,0,-0.8200000000000005,0,0,barnes_group,0.02336940790216128,0,0.2331,32,4,1733,0,0.0,1920,14
1.1424,-0.7300000000000004,0,-0.7300000000000004,0,0,barnes_group,0.04154554009437561,0,0.2319,35,4,1733,0,0.0,2048,15
1.1456,-0.6900000000000004,0,-0.6900000000000004,0,0,barnes_group,-0.01053889219959577,0,0.2307,26,4,1733,0,0.0,2176,16
1.2941,-0.7500000000000004,0,-0.7500000000000004,0,0,barnes_group,0.045538317412137985,0,0.2296,37,4,1733,0,0.0,2304,17
1.2489,-0.7900000000000005,0,-0.7900000000000005,0,0,barnes_group,-0.02882998064160347,0,0.2284,29,4,1733,0,0.0,2432,18
1.3286,-0.7500000000000004,0,-0.7500000000000004,0,0,barnes_group,0.04061290125052134,0,0.2273,27,4,1733,0,0.0,2560,19
1.4284,-0.9700000000000006,0,-0.9700000000000006,0,0,barnes_group,-0.002746706207593282,0,0.2262,25,4,1733,0,0.0,2688,20
1.3936,-0.9500000000000006,0,-0.9500000000000006,0,0,barnes_group,-0.004429809749126434,0,0.225,19,4,1733,0,0.0,2816,21
1.4101,-0.8600000000000005,0,-0.8600000000000005,0,0,barnes_group,0.010789973040421804,0,0.2239,30,4,1733,0,0.0,2944,22
1.5058,-0.8100000000000005,0,-0.8100000000000005,0,0,barnes_group,-0.0059423695007960005,0,0.2228,30,4,1733,0,0.0,3072,23
1.4931,-0.7400000000000003,0,-0.7400000000000003,0,0,barnes_group,0.0005285168687502543,0,0.2217,26,4,1733,0,0.0,3200,24
1.6022,-0.9400000000000006,0,-0.9400000000000006,0,0,barnes_group,-0.005145564675331116,0,0.2206,24,4,1733,0,0.0,3328,25
1.4073,-0.7800000000000005,0,-0.7800000000000005,0,0,barnes_group,0.10628846784432729,0,0.2195,35,4,1733,0,0.0,3456,26
1.155,-0.7400000000000004,0,-0.7400000000000004,1,0,barnes_group,0.02078329026699066,0,0.2184,24,4,1733,0,0.0,3584,27
1.1443,-0.6800000000000004,0,-0.6800000000000004,0,0,barnes_group,0.04520023365815481,0,0.2173,29,4,1733,0,0.0,3712,28
1.3508,-0.9100000000000006,0,-0.9100000000000006,0,0,barnes_group,0.08828894918163617,0,0.2162,32,4,1733,0,0.0,3840,29
1.3779,-0.8800000000000004,0,-0.8800000000000004,0,0,barnes_group,-0.01586863522728284,0,0.2151,31,4,1733,0,0.0,3968,30
1.5771,-1.330000000000001,0,-1.330000000000001,0,0,barnes_group,-0.01838765914241473,0,0.214,27,4,1733,0,0.0,4096,31
1.5703,-1.2500000000000007,0,-1.2500000000000007,0,0,barnes_group,-0.011977657675743103,0,0.213,28,4,1733,0,0.0,4224,32
1.5125,-1.1600000000000008,0,-1.1600000000000008,0,0,barnes_group,-0.06794731443126996,0,0.2119,19,4,1733,0,0.0,4352,33
1.5958,-0.9700000000000006,0,-0.9700000000000006,0,0,barnes_group,-0.01558676486214002,0,0.2108,25,4,1733,0,0.0,4480,34
1.297,-0.6900000000000004,0,-0.6900000000000004,0,0,barnes_group,-0.020576263467470806,0,0.2098,29,4,1733,0,0.0,4608,35
1.2811,-0.6400000000000003,0,-0.6400000000000003,0,0,barnes_group,-0.007855734477440516,0,0.2087,20,4,1733,0,0.0,4736,36
1.2952,-0.7300000000000004,0,-0.7300000000000004,0,0,barnes_group,0.025296906630198162,0,0.2077,35,4,1733,0,0.0,4864,37
1.2324,-0.7000000000000004,0,-0.7000000000000004,0,0,barnes_group,0.03738386804858843,0,0.2066,35,4,1733,0,0.0,4992,38
1.2048,-0.6600000000000004,0,-0.6600000000000004,0,0,barnes_group,-0.011348060021797815,0,0.2056,26,4,1733,0,0.0,5120,39
1.3277,-0.6300000000000003,0,-0.6300000000000003,0,0,barnes_group,-0.06845164919892947,0,0.2046,28,4,1733,0,0.0,5248,40
1.2888,-0.7100000000000004,0,-0.7100000000000004,0,0,barnes_group,0.005730445186297099,0,0.2036,27,4,1733,0,0.0,5376,41
1.4052,-0.7000000000000004,0,-0.7000000000000004,0,0,barnes_group,-0.013915640612443289,0,0.2025,21,4,1733,0,0.0,5504,42
1.3969,-0.7500000000000004,0,-0.7500000000000004,0,0,barnes_group,-0.012982985625664393,0,0.2015,24,4,1733,0,0.0,5632,43
1.5381,0.049999999999999566,35,0.049999999999999566,1,0,barnes_group,0.06946652134259541,1,0.2005,34,4,1733,1,1.0,5760,44
1.4395,-1.1000000000000008,0,-1.1000000000000008,0,0,barnes_group,-0.005153944094975789,0,0.1995,21,4,1733,0,0.0,5888,45
1.4017,-1.1200000000000008,0,-1.1200000000000008,0,0,barnes_group,0.011587263395388922,0,0.1985,28,4,1733,0,0.0,6016,46
1.4082,-1.1000000000000005,0,-1.1000000000000005,0,0,barnes_group,0.012471755345662435,0,0.1975,18,4,1733,0,0.0,6144,47
1.229,0.10999999999999957,35,0.10999999999999957,1,0,barnes_group,0.10558777054150899,2,0.1965,31,4,1733,1,1.0,6272,48
1.1346,-0.8500000000000005,0,-0.8500000000000005,0,0,barnes_group,0.028140410780906677,0,0.1956,23,4,1733,0,0.0,6400,49
1.2393,-0.8100000000000005,0,-0.8100000000000005,0,0,barnes_group,0.02060805882016818,0,0.1946,21,4,1733,0,0.0,6528,50
1.3572,-0.8000000000000005,0,-0.8000000000000005,0,0,barnes_group,-0.03926548485954603,0,0.1936,27,4,1733,0,0.0,6656,51
1.4663,-0.8600000000000005,0,-0.8600000000000005,0,0,barnes_group,-0.06712581465641658,0,0.1926,27,4,1733,0,0.0,6784,52
1.5153,-0.9000000000000005,0,-0.9000000000000005,0,0,barnes_group,-0.06383200113972028,0,0.1917,22,4,1733,0,0.0,6912,53
1.4826,-0.7900000000000004,0,-0.7900000000000004,0,0,barnes_group,-0.0770134503642718,0,0.1907,17,4,1733,0,0.0,7040,54
1.5531,-0.07000000000000049,35,-0.07000000000000049,1,0,barnes_group,-0.04521499201655388,1,0.1898,26,4,1733,1,1.0,7168,55
1.4536,-1.1800000000000006,0,-1.1800000000000006,0,0,barnes_group,0.02507148931423823,0,0.1888,23,4,1733,0,0.0,7296,56
1.3816,0.7575000000000001,35,3.0300000000000002,4,0,barnes_group,0.08093873659769694,7,0.1879,24,4,1733,4,1.0,7424,57
1.3914,0.4249999999999996,35,0.8499999999999992,2,0,barnes_group,-0.017844592531522114,2,0.1869,20,4,1733,2,1.0,7552,58
1.3867,0.6950000000000011,35,2.7800000000000042,4,0,barnes_group,0.04105017085870107,5,0.186,20,4,1733,4,1.0,7680,59
1.4263,0.5600000000000008,35,1.6800000000000026,3,0,barnes_group,-0.05147108932336172,4,0.1851,19,4,1733,3,1.0,7808,60
1.4117,0.8312500000000013,35,6.65000000000001,8,0,barnes_group,-0.004254873842000961,12,0.1841,26,4,1733,8,1.0,7936,61
1.2727,0.8471428571428585,35,5.9300000000000095,7,0,barnes_group,0.04322030395269394,9,0.1832,23,4,1733,7,1.0,8064,62
1.0551,0.7475000000000005,35,2.990000000000002,4,0,barnes_group,-0.033006858080625534,4,0.1823,25,4,1733,4,1.0,8192,63
0.9839,0.7550000000000006,35,3.0200000000000022,4,0,barnes_group,0.016669655839602154,5,0.1814,26,4,1733,4,1.0,8320,64
0.9387,0.8777777777777792,35,7.900000000000013,9,0,barnes_group,0.004035274187723796,11,0.1805,23,4,1733,9,1.0,8448,65
0.7479,0.7600000000000007,35,3.0400000000000027,4,0,barnes_group,0.006254314134518306,4,0.1796,17,4,1733,4,1.0,8576,66
0.8449,0.867500000000001,35,6.940000000000008,8,0,barnes_group,0.05742954214413961,9,0.1787,25,4,1733,8,1.0,8704,67
0.7809,0.75,35,3,4,0,barnes_group,0.03216621776421865,5,0.1778,17,4,1733,4,1.0,8832,68
0.9578,0.6600000000000007,35,1.9800000000000022,3,0,barnes_group,0.058123638232549034,4,0.1769,32,4,1733,3,1.0,8960,69
1.0506,0.6933333333333347,35,2.080000000000004,3,0,barnes_group,-0.05440253640214602,3,0.176,20,4,1733,3,1.0,9088,70
1.0283,0.9206250000000011,35,14.730000000000018,16,0,barnes_group,0.004692732046047847,16,0.1751,19,4,1733,16,1.0,9216,71
0.956,0.9135714285714298,35,12.790000000000017,14,0,barnes_group,0.2740888148546219,15,0.1743,25,4,1733,14,1.0,9344,72
1.0002,0.8736363636363649,35,9.610000000000014,11,0,barnes_group,-0.008581523473064104,12,0.1734,24,4,1733,11,1.0,9472,73
1.0232,0.8237500000000013,35,6.5900000000000105,8,0,barnes_group,-0.01782306842505932,9,0.1725,28,4,1733,8,1.0,9600,74
0.9396,0.9213333333333343,35,13.820000000000014,15,0,barnes_group,0.14618093768755594,16,0.1717,29,4,1733,15,1.0,9728,75
0.8366,0.916000000000001,35,13.740000000000016,15,0,barnes_group,0.08822109301884969,16,0.1708,22,4,1733,15,1.0,9856,76
0.9223,0.8744444444444464,35,7.870000000000017,9,0,barnes_group,0.014557896802822748,9,0.1699,27,4,1733,9,1.0,9984,77
0.9214,0.9081818181818193,35,9.990000000000013,11,0,barnes_group,0.030527775486310322,13,0.1691,31,4,1733,11,1.0,10112,78
0.7248,0.9483809523809533,35,14.2257142857143,15,0,barnes_group,-0.006224498773614566,17,0.1683,16,4,1733,15,1.0,10240,79
0.8428,0.9176923076923089,35,11.930000000000016,13,0,barnes_group,0.006356069818139076,14,0.1674,24,4,1733,13,1.0,10368,80
0.8747,0.949444444444445,35,17.09000000000001,18,0,barnes_group,-0.03906866659720739,19,0.1666,20,4,1733,18,1.0,10496,81
0.936,0.9046153846153859,35,11.760000000000018,13,0,barnes_group,-0.014880949631333351,15,0.1657,22,4,1733,13,1.0,10624,82
0.876,0.8891666666666679,35,10.670000000000014,12,0,barnes_group,0.05384927118817965,16,0.1649,18,4,1733,12,1.0,10752,83
1.009,0.8883333333333351,35,10.660000000000021,12,0,barnes_group,-0.014759047577778498,12,0.1641,19,4,1733,12,1.0,10880,84
1.0987,0.9350000000000007,35,16.830000000000013,18,0,barnes_group,-0.00021121899286905924,21,0.1633,22,4,1733,18,1.0,11008,85
0.9955,0.9158333333333348,35,10.990000000000018,12,0,barnes_group,0.03825941930214564,12,0.1625,20,4,1733,12,1.0,11136,86
0.969,0.9494117647058828,35,16.140000000000008,17,0,barnes_group,0.043392475694417953,18,0.1616,21,4,1733,17,1.0,11264,87
0.9296,0.9285714285714294,35,13.00000000000001,14,0,barnes_group,0.010529280950625738,17,0.1608,24,4,1733,14,1.0,11392,88
1.047,0.9495000000000002,35,18.990000000000006,20,0,barnes_group,0.21203653514385223,22,0.16,26,4,1733,20,1.0,11520,89
1.1259,0.9320000000000008,35,13.980000000000013,15,0,barnes_group,0.053870207319657006,15,0.1592,23,4,1733,15,1.0,11648,90
1.1379,0.8809090909090926,35,9.690000000000019,11,0,barnes_group,-0.0003115733464558919,11,0.1584,12,4,1733,11,1.0,11776,91
1.1237,0.8016666666666681,35,4.8100000000000085,6,0,barnes_group,0.00473193700114886,6,0.1576,24,4,1733,6,1.0,11904,92
1.1139,0.7740000000000005,35,3.8700000000000023,5,0,barnes_group,-0.022907269497712452,5,0.1569,19,4,1733,5,1.0,12032,93
1.1058,0.8950000000000016,35,8.950000000000015,10,0,barnes_group,-0.020144132276376087,11,0.1561,15,4,1733,10,1.0,12160,94
1.1203,0.9221428571428582,35,12.910000000000014,14,0,barnes_group,-0.0010070564846197765,14,0.1553,18,4,1733,14,1.0,12288,95
1.0825,0.9353333333333343,35,14.030000000000015,15,0,barnes_group,-0.05983527128895124,18,0.1545,17,4,1733,15,1.0,12416,96
1.0378,0.951333333333334,35,14.27000000000001,15,0,barnes_group,0.00527315338452657,15,0.1537,22,4,1733,15,1.0,12544,97
1.0534,0.9216666666666677,35,11.060000000000013,12,0,barnes_group,-0.012623594452937445,12,0.153,25,4,1733,12,1.0,12672,98
0.9392,0.940000000000001,35,11.280000000000012,12,0,barnes_group,0.0424627959728241,13,0.1522,27,4,1733,12,1.0,12800,99
0.8991,-0.7500000000000004,0,-0.7500000000000004,0,0,barnes_group,0.11883719265460968,0,0.25,26,5,1734,0,0.0,128,0
0.8618,-0.7600000000000005,0,-0.7600000000000005,0,0,barnes_group,0.06870891898870468,0,0.2487,27,5,1734,0,0.0,256,1
0.8811,-0.7500000000000004,0,-0.7500000000000004,0,0,barnes_group,0.2213116635878881,0,0.2475,31,5,1734,0,0.0,384,2
0.8866,-0.7500000000000004,0,-0.7500000000000004,0,0,barnes_group,0.1860610693693161,0,0.2463,28,5,1734,0,0.0,512,3
1.041,-0.8400000000000005,0,-0.8400000000000005,0,0,barnes_group,0.12199361125628154,0,0.245,24,5,1734,0,0.0,640,4
1.081,-0.7700000000000005,0,-0.7700000000000005,0,0,barnes_group,0.3129540979862213,0,0.2438,32,5,1734,0,0.0,768,5
0.9497,-0.8800000000000006,0,-0.8800000000000006,0,0,barnes_group,0.2192611594994863,0,0.2426,38,5,1734,0,0.0,896,6
0.9753,-0.8400000000000005,0,-0.8400000000000005,0,0,barnes_group,0.08666666348775227,0,0.2414,33,5,1734,0,0.0,1024,7
1.0723,0.15999999999999956,35,0.15999999999999956,1,0,barnes_group,0.07556493207812309,1,0.2402,32,5,1734,1,1.0,1152,8
1.0939,-0.8700000000000006,0,-0.8700000000000006,0,0,barnes_group,0.0736496311922868,0,0.239,30,5,1734,0,0.0,1280,9
1.12,-0.9300000000000006,0,-0.9300000000000006,0,0,barnes_group,0.06749383608500163,0,0.2378,31,5,1734,0,0.0,1408,10
1.2234,-0.9400000000000006,0,-0.9400000000000006,0,0,barnes_group,0.007281056294838588,0,0.2366,32,5,1734,0,0.0,1536,11
1.0333,-0.8000000000000005,0,-0.8000000000000005,0,0,barnes_group,0.007030238707860311,0,0.2354,31,5,1734,0,0.0,1664,12
0.9689,-0.7800000000000005,0,-0.7800000000000005,0,0,barnes_group,0.28546641767024994,0,0.2342,40,5,1734,0,0.0,1792,13
0.9052,-0.8000000000000005,0,-0.8000000000000005,0,0,barnes_group,0.10472540060679118,0,0.2331,25,5,1734,0,0.0,1920,14
0.8375,-0.7800000000000005,0,-0.7800000000000005,0,0,barnes_group,0.2078933839996656,0,0.2319,24,5,1734,0,0.0,2048,15
0.9035,-0.7700000000000005,0,-0.7700000000000005,0,0,barnes_group,0.2272950199743112,0,0.2307,29,5,1734,0,0.0,2176,16
0.9627,-0.8400000000000005,0,-0.8400000000000005,0,0,barnes_group,0.07464328408241272,0,0.2296,22,5,1734,0,0.0,2304,17
0.963,-0.8100000000000005,0,-0.8100000000000005,0,0,barnes_group,0.10450369864702225,0,0.2284,33,5,1734,0,0.0,2432,18
0.9323,-0.8900000000000006,0,-0.8900000000000006,0,0,barnes_group,0.2751624770462513,0,0.2273,22,5,1734,0,0.0,2560,19
1.1363,-0.9100000000000006,0,-0.9100000000000006,0,0,barnes_group,0.06701247269908588,0,0.2262,27,5,1734,0,0.0,2688,20
1.1763,-0.9100000000000006,0,-0.9100000000000006,0,0,barnes_group,0.14375638961791992,0,0.225,34,5,1734,0,0.0,2816,21
1.0987,0.07999999999999953,35,0.07999999999999953,1,0,barnes_group,0.22264828284581503,2,0.2239,21,5,1734,1,1.0,2944,22
1.152,-0.9300000000000006,0,-0.9300000000000006,0,0,barnes_group,0.10216392576694489,0,0.2228,37,5,1734,0,0.0,3072,23
1.1621,-0.8800000000000004,0,-0.8800000000000004,0,0,barnes_group,0.0014091519018014271,0,0.2217,27,5,1734,0,0.0,3200,24
1.2802,0.05999999999999941,35,0.05999999999999941,1,0,barnes_group,0.030184239149093628,2,0.2206,29,5,1734,1,1.0,3328,25
1.3221,-1.0500000000000007,0,-1.0500000000000007,0,0,barnes_group,-0.03288612390557925,0,0.2195,20,5,1734,0,0.0,3456,26
1.292,-1.0500000000000007,0,-1.0500000000000007,0,0,barnes_group,0.004615517954031627,0,0.2184,22,5,1734,0,0.0,3584,27
1.3853,-1.0200000000000007,0,-1.0200000000000007,0,0,barnes_group,0.0032682505746682486,0,0.2173,27,5,1734,0,0.0,3712,28
1.3711,-1.0800000000000007,0,-1.0800000000000007,0,0,barnes_group,-0.005861744284629822,0,0.2162,26,5,1734,0,0.0,3840,29
1.3328,-0.8800000000000006,0,-0.8800000000000006,0,0,barnes_group,-0.030674720803896587,0,0.2151,27,5,1734,0,0.0,3968,30
1.363,-0.9100000000000006,0,-0.9100000000000006,0,0,barnes_group,-0.040958695113658905,0,0.214,28,5,1734,0,0.0,4096,31
1.3109,-0.8500000000000005,0,-0.8500000000000005,0,0,barnes_group,-0.017292678356170654,0,0.213,23,5,1734,0,0.0,4224,32
1.3924,-1.0100000000000005,0,-1.0100000000000005,0,0,barnes_group,-0.03606008862455686,0,0.2119,25,5,1734,0,0.0,4352,33
1.3143,-0.8500000000000005,0,-0.8500000000000005,0,0,barnes_group,-0.004269522925217946,0,0.2108,28,5,1734,0,0.0,4480,34
1.2962,0.11999999999999957,35,0.11999999999999957,1,0,barnes_group,-0.045030735433101654,2,0.2098,21,5,1734,1,1.0,4608,35
1.3708,-0.8600000000000005,0,-0.8600000000000005,0,0,barnes_group,-0.04725066696604093,0,0.2087,26,5,1734,0,0.0,4736,36
1.3842,-0.8800000000000006,0,-0.8800000000000006,0,0,barnes_group,-0.013667348772287369,0,0.2077,25,5,1734,0,0.0,4864,37
1.4468,-1.0400000000000005,0,-1.0400000000000005,0,0,barnes_group,-0.0038178699711958566,0,0.2066,26,5,1734,0,0.0,4992,38
1.3605,-0.9400000000000006,0,-0.9400000000000006,0,0,barnes_group,5.184859037399292e-05,0,0.2056,29,5,1734,0,0.0,5120,39
1.4708,-1.0900000000000005,0,-1.0900000000000005,0,0,barnes_group,-0.05727694556117058,0,0.2046,20,5,1734,0,0.0,5248,40
1.4953,-0.9600000000000006,0,-0.9600000000000006,0,0,barnes_group,-0.014127610872189203,0,0.2036,24,5,1734,0,0.0,5376,41
1.4272,-1.0000000000000004,0,-1.0000000000000004,0,0,barnes_group,-0.05567328259348869,0,0.2025,22,5,1734,0,0.0,5504,42
1.3978,-0.9300000000000006,0,-0.9300000000000006,0,0,barnes_group,-0.03066474199295044,0,0.2015,28,5,1734,0,0.0,5632,43
1.335,-0.8900000000000006,0,-0.8900000000000006,0,0,barnes_group,-0.01124688982963562,0,0.2005,18,5,1734,0,0.0,5760,44
1.3236,-0.8900000000000006,0,-0.8900000000000006,0,0,barnes_group,-0.020470647762219112,0,0.1995,25,5,1734,0,0.0,5888,45
1.3119,-0.8200000000000004,0,-0.8200000000000004,0,0,barnes_group,-0.008040366073449453,0,0.1985,24,5,1734,0,0.0,6016,46
1.2619,-0.7800000000000005,0,-0.7800000000000005,0,0,barnes_group,-0.010271705687046051,0,0.1975,27,5,1734,0,0.0,6144,47
1.3085,-0.8700000000000004,0,-0.8700000000000004,0,0,barnes_group,-0.03675440947214762,0,0.1965,32,5,1734,0,0.0,6272,48
1.2293,-0.8300000000000005,0,-0.8300000000000005,0,0,barnes_group,-0.03361091390252113,0,0.1956,25,5,1734,0,0.0,6400,49
1.3284,-0.9100000000000006,0,-0.9100000000000006,0,0,barnes_group,0.014623834441105524,0,0.1946,35,5,1734,0,0.0,6528,50
1.1995,-0.8200000000000005,0,-0.8200000000000005,0,0,barnes_group,0.022004255404074986,0,0.1936,17,5,1734,0,0.0,6656,51
1.1585,-0.8000000000000005,0,-0.8000000000000005,0,0,barnes_group,-0.014894948651393255,0,0.1926,29,5,1734,0,0.0,6784,52
1.1055,-0.7600000000000005,0,-0.7600000000000005,0,0,barnes_group,0.016295777012904484,0,0.1917,34,5,1734,0,0.0,6912,53
1.0954,-0.8300000000000005,0,-0.8300000000000005,0,0,barnes_group,-0.027356186260779698,0,0.1907,19,5,1734,0,0.0,7040,54
1.1879,-0.7700000000000005,0,-0.7700000000000005,0,0,barnes_group,-0.029896677782138188,0,0.1898,23,5,1734,0,0.0,7168,55
1.1729,-0.7600000000000005,0,-0.7600000000000005,0,0,barnes_group,-0.01614207588136196,0,0.1888,25,5,1734,0,0.0,7296,56
1.1688,-0.8100000000000005,0,-0.8100000000000005,0,0,barnes_group,0.02014743412534396,0,0.1879,17,5,1734,0,0.0,7424,57
1.1845,-0.8000000000000005,0,-0.8000000000000005,0,0,barnes_group,-0.011595970640579859,0,0.1869,21,5,1734,0,0.0,7552,58
1.1082,0.16999999999999948,35,0.16999999999999948,1,0,barnes_group,-0.0029050211111704507,1,0.186,21,5,1734,1,1.0,7680,59
1.1843,-0.8600000000000005,0,-0.8600000000000005,0,0,barnes_group,-0.04116904487212499,0,0.1851,19,5,1734,0,0.0,7808,60
1.2518,-1.0300000000000005,0,-1.0300000000000005,0,0,barnes_group,-0.01258121927579244,0,0.1841,20,5,1734,0,0.0,7936,61
1.3032,-0.8900000000000005,0,-0.8900000000000005,0,0,barnes_group,-0.0440021517376105,0,0.1832,17,5,1734,0,0.0,8064,62
1.1757,-0.9000000000000006,0,-0.9000000000000006,0,0,barnes_group,-0.02854306250810623,0,0.1823,19,5,1734,0,0.0,8192,63
1.1009,-0.9300000000000006,0,-0.9300000000000006,0,0,barnes_group,-0.019259724766016006,0,0.1814,20,5,1734,0,0.0,8320,64
1.1285,-0.8800000000000006,0,-0.8800000000000006,0,0,barnes_group,-0.022434107959270477,0,0.1805,15,5,1734,0,0.0,8448,65
1.1391,-0.9100000000000006,0,-0.9100000000000006,0,0,barnes_group,-0.019206775352358818,0,0.1796,24,5,1734,0,0.0,8576,66
1.0557,-0.9100000000000006,0,-0.9100000000000006,0,0,barnes_group,-0.03503866742054621,0,0.1787,19,5,1734,0,0.0,8704,67
1.0773,-0.9000000000000006,0,-0.9000000000000006,0,0,barnes_group,-0.0009143526355425516,0,0.1778,18,5,1734,0,0.0,8832,68
1.0397,-0.9100000000000006,0,-0.9100000000000006,0,0,barnes_group,-0.01296051467458407,0,0.1769,18,5,1734,0,0.0,8960,69
0.9981,-0.8700000000000006,0,-0.8700000000000006,0,0,barnes_group,4.337728023529053e-05,0,0.176,17,5,1734,0,0.0,9088,70
1.1284,-0.8400000000000005,0,-0.8400000000000005,0,0,barnes_group,0.0017289345463116963,0,0.1751,38,5,1734,0,0.0,9216,71
1.0711,-0.8500000000000005,0,-0.8500000000000005,0,0,barnes_group,-0.00022262583176294962,0,0.1743,16,5,1734,0,0.0,9344,72
1.0856,-0.8400000000000005,0,-0.8400000000000005,0,0,barnes_group,0.07869986320535342,0,0.1734,20,5,1734,0,0.0,9472,73
1.0111,-0.8800000000000006,0,-0.8800000000000006,0,0,barnes_group,0.0037339391807715097,0,0.1725,17,5,1734,0,0.0,9600,74
1.0448,-0.9000000000000006,0,-0.9000000000000006,0,0,barnes_group,0.013880242904027304,0,0.1717,25,5,1734,0,0.0,9728,75
1.0063,-0.9300000000000006,0,-0.9300000000000006,0,0,barnes_group,0.016661029309034348,0,0.1708,22,5,1734,0,0.0,9856,76
0.9223,-0.9000000000000006,0,-0.9000000000000006,0,0,barnes_group,0.006110814710458119,0,0.1699,26,5,1734,0,0.0,9984,77
0.9023,-0.8100000000000005,0,-0.8100000000000005,0,0,barnes_group,0.03459962954123815,0,0.1691,17,5,1734,0,0.0,10112,78
0.914,-0.6900000000000004,0,-0.6900000000000004,0,0,barnes_group,0.02618337795138359,0,0.1683,23,5,1734,0,0.0,10240,79
0.9593,-0.6800000000000004,0,-0.6800000000000004,0,0,barnes_group,0.06431711216767629,0,0.1674,21,5,1734,0,0.0,10368,80
0.9087,-0.6600000000000004,0,-0.6600000000000004,0,0,barnes_group,0.04101885110139847,0,0.1666,17,5,1734,0,0.0,10496,81
0.8912,-0.6000000000000003,0,-0.6000000000000003,0,0,barnes_group,-0.03240665793418884,0,0.1657,16,5,1734,0,0.0,10624,82
0.8878,-0.6700000000000004,0,-0.6700000000000004,0,0,barnes_group,-0.025554754460851353,0,0.1649,21,5,1734,0,0.0,10752,83
1.0853,-0.7100000000000004,0,-0.7100000000000004,0,0,barnes_group,0.04565500343839327,0,0.1641,22,5,1734,0,0.0,10880,84
1.0689,-0.8000000000000005,0,-0.8000000000000005,0,0,barnes_group,0.005960971117019653,0,0.1633,25,5,1734,0,0.0,11008,85
0.9476,-0.8400000000000005,0,-0.8400000000000005,0,0,barnes_group,0.05443321665128072,0,0.1625,20,5,1734,0,0.0,11136,86
0.9952,-0.8400000000000005,0,-0.8400000000000005,0,0,barnes_group,0.010482287655274073,0,0.1616,22,5,1734,0,0.0,11264,87
1.0685,-0.8100000000000005,0,-0.8100000000000005,0,0,barnes_group,-0.024031400680541992,0,0.1608,25,5,1734,0,0.0,11392,88
1.0415,-0.8500000000000005,0,-0.8500000000000005,0,0,barnes_group,-0.03946130846937498,0,0.16,22,5,1734,0,0.0,11520,89
0.9867,-0.8700000000000006,0,-0.8700000000000006,0,0,barnes_group,-0.0022776437302430472,0,0.1592,20,5,1734,0,0.0,11648,90
0.9814,-0.8400000000000005,0,-0.8400000000000005,0,0,barnes_group,-0.0257392351826032,0,0.1584,16,5,1734,0,0.0,11776,91
0.9555,-0.8200000000000005,0,-0.8200000000000005,0,0,barnes_group,-0.036406820019086204,0,0.1576,19,5,1734,0,0.0,11904,92
1.0681,-0.8400000000000005,0,-0.8400000000000005,0,0,barnes_group,-0.006753681848446528,0,0.1569,23,5,1734,0,0.0,12032,93
0.9874,-0.8700000000000006,0,-0.8700000000000006,0,0,barnes_group,-0.03115053040285905,0,0.1561,21,5,1734,0,0.0,12160,94
1.1249,-0.8900000000000006,0,-0.8900000000000006,0,0,barnes_group,0.011906916896502176,0,0.1553,22,5,1734,0,0.0,12288,95
1.033,-0.8100000000000005,0,-0.8100000000000005,0,0,barnes_group,-0.03051302892466386,0,0.1545,17,5,1734,0,0.0,12416,96
1.0691,-0.8500000000000005,0,-0.8500000000000005,0,0,barnes_group,-0.009581544746955236,0,0.1537,25,5,1734,0,0.0,12544,97
1.1302,-0.9000000000000006,0,-0.9000000000000006,0,0,barnes_group,0.03152468428015709,0,0.153,28,5,1734,0,0.0,12672,98
1.2202,-0.8700000000000006,0,-0.8700000000000006,0,0,barnes_group,-0.015501635770003,0,0.1522,26,5,1734,0,0.0,12800,99
1.2328,-0.8000000000000014,35,-0.8000000000000014,1,0,barnes_group,0.396784375111262,1,0.25,26,6,1735,1,1.0,128,0
0.9745,-1.670000000000001,0,-1.670000000000001,0,0,barnes_group,0.06500506028532982,0,0.2487,33,6,1735,0,0.0,256,1
1.0115,-1.690000000000001,0,-1.690000000000001,0,0,barnes_group,0.21150549252827963,0,0.2475,24,6,1735,0,0.0,384,2
1.1875,-1.5700000000000012,0,-1.5700000000000012,0,0,barnes_group,0.06168399751186371,0,0.2463,26,6,1735,0,0.0,512,3
1.1887,-1.710000000000001,0,-1.710000000000001,0,0,barnes_group,0.09999819099903107,0,0.245,27,6,1735,0,0.0,640,4
1.1603,-0.530000000000001,35,-0.530000000000001,1,0,barnes_group,0.1032122125228246,2,0.2438,23,6,1735,1,1.0,768,5
1.2741,-1.5000000000000009,0,-1.5000000000000009,0,0,barnes_group,0.038242568572362266,0,0.2426,35,6,1735,0,0.0,896,6
1.3517,-1.460000000000001,0,-1.460000000000001,0,0,barnes_group,0.036746978759765625,0,0.2414,29,6,1735,0,0.0,1024,7
1.4469,0.3449999999999997,35,0.6899999999999994,2,0,barnes_group,0.06310567011435826,4,0.2402,30,6,1735,2,1.0,1152,8
1.406,-1.0600000000000007,0,-1.0600000000000007,0,0,barnes_group,0.04220663011074066,0,0.239,30,6,1735,0,0.0,1280,9
1.2426,-1.0300000000000007,0,-1.0300000000000007,0,0,barnes_group,0.06110052143534025,0,0.2378,30,6,1735,0,0.0,1408,10
1.1113,0.039999999999999314,35,0.039999999999999314,1,0,barnes_group,0.10323957602183025,2,0.2366,23,6,1735,1,1.0,1536,11
1.2041,-0.9800000000000006,0,-0.9800000000000006,0,0,barnes_group,0.11271008724967639,0,0.2354,29,6,1735,0,0.0,1664,12
1.2725,-1.1400000000000008,0,-1.1400000000000008,0,0,barnes_group,0.049275978157917656,0,0.2342,34,6,1735,0,0.0,1792,13
1.3429,-0.9300000000000006,0,-0.9300000000000006,0,0,barnes_group,-0.028343858818213146,0,0.2331,39,6,1735,0,0.0,1920,14
1.1172,-0.9000000000000006,0,-0.9000000000000006,0,0,barnes_group,0.04572267333666483,0,0.2319,31,6,1735,0,0.0,2048,15
1.0677,-0.8000000000000005,0,-0.8000000000000005,0,0,barnes_group,0.08370648324489594,0,0.2307,30,6,1735,0,0.0,2176,16
1.0284,-0.8300000000000004,0,-0.8300000000000004,0,0,barnes_group,0.0031167777876059213,0,0.2296,37,6,1735,0,0.0,2304,17
1.0117,-0.7900000000000004,0,-0.7900000000000004,0,0,barnes_group,0.04980085417628288,0,0.2284,37,6,1735,0,0.0,2432,18
1.122,-0.8100000000000005,0,-0.8100000000000005,0,0,barnes_group,0.06934202710787456,0,0.2273,28,6,1735,0,0.0,2560,19
1.1025,-0.8100000000000005,0,-0.8100000000000005,0,0,barnes_group,0.04783383881052335,0,0.2262,22,6,1735,0,0.0,2688,20
1.1271,-0.8500000000000005,0,-0.8500000000000005,0,0,barnes_group,0.08693575362364452,0,0.225,26,6,1735,0,0.0,2816,21
1.2142,-0.8300000000000005,0,-0.8300000000000005,0,0,barnes_group,-0.0183979074160258,0,0.2239,28,6,1735,0,0.0,2944,22
1.2722,-0.8200000000000005,0,-0.8200000000000005,0,0,barnes_group,-0.025350103775660198,0,0.2228,32,6,1735,0,0.0,3072,23
1.4827,-0.9600000000000006,0,-0.9600000000000006,0,0,barnes_group,-0.025933198630809784,0,0.2217,27,6,1735,0,0.0,3200,24
1.4721,-1.0800000000000005,0,-1.0800000000000005,0,0,barnes_group,-0.032392735282580055,0,0.2206,25,6,1735,0,0.0,3328,25
1.4634,0.06999999999999967,35,0.06999999999999967,1,0,barnes_group,0.005711729327837626,1,0.2195,28,6,1735,1,1.0,3456,26
1.4206,-0.8000000000000005,0,-0.8000000000000005,0,0,barnes_group,-0.025648977607488632,0,0.2184,29,6,1735,0,0.0,3584,27
1.4147,0.6099999999999997,35,1.2199999999999993,2,0,barnes_group,-0.0034139913817246756,2,0.2173,22,6,1735,2,1.0,3712,28
1.3295,-0.8700000000000006,0,-0.8700000000000006,0,0,barnes_group,0.025868352502584457,0,0.2162,24,6,1735,0,0.0,3840,29
1.0685,-0.8000000000000005,0,-0.8000000000000005,0,0,barnes_group,0.027085769921541214,0,0.2151,19,6,1735,0,0.0,3968,30
0.9951,-0.7800000000000005,0,-0.7800000000000005,0,0,barnes_group,0.016010265797376633,0,0.214,29,6,1735,0,0.0,4096,31
0.936,-0.7300000000000004,0,-0.7300000000000004,0,0,barnes_group,0.004851064334313075,0,0.213,26,6,1735,0,0.0,4224,32
0.9343,-0.8300000000000005,0,-0.8300000000000005,0,0,barnes_group,0.07209533949693044,0,0.2119,26,6,1735,0,0.0,4352,33
0.795,-0.7400000000000004,0,-0.7400000000000004,0,0,barnes_group,0.05275163302818934,0,0.2108,24,6,1735,0,0.0,4480,34
0.9201,-0.8000000000000005,0,-0.8000000000000005,0,0,barnes_group,0.13195490340391794,0,0.2098,35,6,1735,0,0.0,4608,35
0.9486,-0.7500000000000004,0,-0.7500000000000004,0,0,barnes_group,0.07644195978840192,0,0.2087,34,6,1735,0,0.0,4736,36
1.0006,-0.7400000000000004,0,-0.7400000000000004,0,0,barnes_group,0.04430395240585009,0,0.2077,28,6,1735,0,0.0,4864,37
0.958,-0.7500000000000004,0,-0.7500000000000004,0,0,barnes_group,0.038563585529724755,0,0.2066,31,6,1735,0,0.0,4992,38
0.9252,-0.7700000000000005,0,-0.7700000000000005,0,0,barnes_group,0.0288601852953434,0,0.2056,24,6,1735,0,0.0,5120,39
1.0394,-0.7800000000000005,0,-0.7800000000000005,0,0,barnes_group,0.07975920538107555,0,0.2046,32,6,1735,0,0.0,5248,40
0.9071,-0.7700000000000005,0,-0.7700000000000005,0,0,barnes_group,0.0002478087941805522,0,0.2036,24,6,1735,0,0.0,5376,41
1.0078,-0.7800000000000004,0,-0.7800000000000004,0,0,barnes_group,-0.019516843060652416,0,0.2025,31,6,1735,0,0.0,5504,42
0.9317,-0.7300000000000004,0,-0.7300000000000004,0,0,barnes_group,0.04917166754603386,0,0.2015,33,6,1735,0,0.0,5632,43
0.9159,-0.7500000000000004,0,-0.7500000000000004,0,0,barnes_group,-0.023400431498885155,0,0.2005,24,6,1735,0,0.0,5760,44
0.9164,-0.7400000000000004,0,-0.7400000000000004,0,0,barnes_group,0.03535752991835276,0,0.1995,30,6,1735,0,0.0,5888,45
0.8006,-0.7500000000000004,0,-0.7500000000000004,0,0,barnes_group,-0.002295584107438723,0,0.1985,22,6,1735,0,0.0,6016,46
0.8492,-0.7600000000000005,0,-0.7600000000000005,0,0,barnes_group,0.023891689876715343,0,0.1975,24,6,1735,0,0.0,6144,47
0.8812,-0.7600000000000005,0,-0.7600000000000005,0,0,barnes_group,-0.010311858107646307,0,0.1965,22,6,1735,0,0.0,6272,48
0.9049,-0.7500000000000004,0,-0.7500000000000004,0,0,barnes_group,0.022959021230538685,0,0.1956,28,6,1735,0,0.0,6400,49
0.9598,-0.7300000000000004,0,-0.7300000000000004,0,0,barnes_group,0.26672227183977765,0,0.1946,27,6,1735,0,0.0,6528,50
0.9921,-0.7600000000000005,0,-0.7600000000000005,0,0,barnes_group,0.051320930322011314,0,0.1936,21,6,1735,0,0.0,6656,51
0.9765,-0.7500000000000004,0,-0.7500000000000004,0,0,barnes_group,0.0650813952088356,0,0.1926,20,6,1735,0,0.0,6784,52
0.9648,-0.7500000000000004,0,-0.7500000000000004,0,0,barnes_group,-0.023270463570952415,0,0.1917,19,6,1735,0,0.0,6912,53
0.9743,-0.7500000000000004,0,-0.7500000000000004,0,0,barnes_group,-0.022147440661986668,0,0.1907,18,6,1735,0,0.0,7040,54
0.9005,-0.7600000000000005,0,-0.7600000000000005,0,0,barnes_group,0.011059588442246119,0,0.1898,18,6,1735,0,0.0,7168,55
1.038,-0.7700000000000005,0,-0.7700000000000005,0,0,barnes_group,0.0703762670358022,0,0.1888,27,6,1735,0,0.0,7296,56
0.9756,-0.7500000000000004,0,-0.7500000000000004,0,0,barnes_group,0.023647940407196682,0,0.1879,24,6,1735,0,0.0,7424,57
1.0338,-0.7400000000000004,0,-0.7400000000000004,0,0,barnes_group,-0.012669005120793978,0,0.1869,24,6,1735,0,0.0,7552,58
0.9613,-0.7500000000000004,0,-0.7500000000000004,0,0,barnes_group,0.03259184335668882,0,0.186,28,6,1735,0,0.0,7680,59
1.0711,-0.7000000000000004,0,-0.7000000000000004,0,0,barnes_group,-0.0005123652517795563,0,0.1851,21,6,1735,0,0.0,7808,60
1.0936,-0.7200000000000004,0,-0.7200000000000004,0,0,barnes_group,-0.009603223452965418,0,0.1841,21,6,1735,0,0.0,7936,61
1.1566,-0.7700000000000005,0,-0.7700000000000005,0,0,barnes_group,-0.016533054411411285,0,0.1832,26,6,1735,0,0.0,8064,62
1.2218,-0.7200000000000004,0,-0.7200000000000004,0,0,barnes_group,0.02913755550980568,0,0.1823,19,6,1735,0,0.0,8192,63
1.255,-0.6700000000000004,0,-0.6700000000000004,0,0,barnes_group,-0.03108173484603564,0,0.1814,28,6,1735,0,0.0,8320,64
1.2077,-0.7500000000000004,0,-0.7500000000000004,0,0,barnes_group,-0.02438859020670255,0,0.1805,17,6,1735,0,0.0,8448,65
1.0886,-0.8000000000000005,0,-0.8000000000000005,0,0,barnes_group,0.04708015422026316,0,0.1796,21,6,1735,0,0.0,8576,66
0.9892,-0.7300000000000004,0,-0.7300000000000004,0,0,barnes_group,-0.043556450555721916,0,0.1787,14,6,1735,0,0.0,8704,67
1.0391,-0.7400000000000004,0,-0.7400000000000004,0,0,barnes_group,0.0028893028696378074,0,0.1778,21,6,1735,0,0.0,8832,68
1.0098,-0.8700000000000004,0,-0.8700000000000004,0,0,barnes_group,-0.036917589604854584,0,0.1769,27,6,1735,0,0.0,8960,69
0.9143,-0.7600000000000005,0,-0.7600000000000005,0,0,barnes_group,0.007596994439760844,0,0.176,22,6,1735,0,0.0,9088,70
0.9078,-0.8100000000000005,0,-0.8100000000000005,0,0,barnes_group,0.03817120442787806,0,0.1751,19,6,1735,0,0.0,9216,71
0.9976,-0.8100000000000005,0,-0.8100000000000005,0,0,barnes_group,-0.002630350490411123,0,0.1743,25,6,1735,0,0.0,9344,72
0.9778,-0.7700000000000005,0,-0.7700000000000005,0,0,barnes_group,-0.03163301137586435,0,0.1734,23,6,1735,0,0.0,9472,73
1.0926,-0.8400000000000005,0,-0.8400000000000005,0,0,barnes_group,0.020063253740469616,0,0.1725,23,6,1735,0,0.0,9600,74
1.1536,-0.7700000000000005,0,-0.7700000000000005,0,0,barnes_group,0.03302000090479851,0,0.1717,20,6,1735,0,0.0,9728,75
1.3152,-0.7700000000000005,0,-0.7700000000000005,0,0,barnes_group,-0.0003873668611049652,0,0.1708,29,6,1735,0,0.0,9856,76
1.3806,-0.7600000000000005,0,-0.7600000000000005,0,0,barnes_group,-0.0394897535443306,0,0.1699,24,6,1735,0,0.0,9984,77
1.4778,-0.9600000000000005,0,-0.9600000000000005,0,0,barnes_group,-0.03781675919890404,0,0.1691,18,6,1735,0,0.0,10112,78
1.6236,-1.2900000000000007,0,-1.2900000000000007,0,0,barnes_group,-0.06255096818010013,0,0.1683,15,6,1735,0,0.0,10240,79
1.4492,-0.8900000000000006,0,-0.8900000000000006,0,0,barnes_group,0.004801802337169647,0,0.1674,30,6,1735,0,0.0,10368,80
1.255,-0.8800000000000004,0,-0.8800000000000004,0,0,barnes_group,-0.03473098327716192,0,0.1666,16,6,1735,0,0.0,10496,81
1.205,-0.8300000000000004,0,-0.8300000000000004,0,0,barnes_group,-0.007854845374822617,0,0.1657,19,6,1735,0,0.0,10624,82
1.4758,-1.2200000000000009,0,-1.2200000000000009,0,0,barnes_group,-0.04500137269496918,0,0.1649,21,6,1735,0,0.0,10752,83
1.4186,-1.1800000000000008,0,-1.1800000000000008,0,0,barnes_group,-0.06062287092208862,0,0.1641,21,6,1735,0,0.0,10880,84
1.3832,-1.0500000000000007,0,-1.0500000000000007,0,0,barnes_group,-0.07403230915466945,0,0.1633,13,6,1735,0,0.0,11008,85
1.4397,-1.0300000000000007,0,-1.0300000000000007,0,0,barnes_group,-0.029741926739613216,0,0.1625,18,6,1735,0,0.0,11136,86
1.3027,-0.8500000000000004,0,-0.8500000000000004,0,0,barnes_group,0.027192772676547367,0,0.1616,20,6,1735,0,0.0,11264,87
1.2656,-0.8200000000000005,0,-0.8200000000000005,0,0,barnes_group,-0.019821638862291973,0,0.1608,19,6,1735,0,0.0,11392,88
1.3089,-0.8700000000000006,0,-0.8700000000000006,0,0,barnes_group,-0.018264736980199814,0,0.16,16,6,1735,0,0.0,11520,89
1.1553,-0.8000000000000005,0,-0.8000000000000005,0,0,barnes_group,-0.00809112936258316,0,0.1592,17,6,1735,0,0.0,11648,90
1.2011,-0.8700000000000006,0,-0.8700000000000006,0,0,barnes_group,-0.02433789148926735,0,0.1584,22,6,1735,0,0.0,11776,91
1.265,-0.8200000000000005,0,-0.8200000000000005,0,0,barnes_group,-0.06272260844707489,0,0.1576,20,6,1735,0,0.0,11904,92
1.3422,0.20999999999999958,35,0.20999999999999958,1,0,barnes_group,0.022298425436019897,1,0.1569,23,6,1735,1,1.0,12032,93
1.35,-0.8600000000000005,0,-0.8600000000000005,0,0,barnes_group,-0.03082849085330963,0,0.1561,24,6,1735,0,0.0,12160,94
1.3487,-0.7900000000000005,0,-0.7900000000000005,0,0,barnes_group,-0.05801494047045708,0,0.1553,18,6,1735,0,0.0,12288,95
1.3453,-0.8100000000000005,0,-0.8100000000000005,0,0,barnes_group,-0.055502972255150475,0,0.1545,25,6,1735,0,0.0,12416,96
1.4222,-0.8200000000000005,0,-0.8200000000000005,0,0,barnes_group,-0.031617109974225364,0,0.1537,16,6,1735,0,0.0,12544,97
1.3492,-0.7900000000000005,0,-0.7900000000000005,0,0,barnes_group,-0.06816286593675613,0,0.153,16,6,1735,0,0.0,12672,98
1.3996,-0.7600000000000005,0,-0.7600000000000005,0,0,barnes_group,-0.0484362430870533,0,0.1522,24,6,1735,0,0.0,12800,99
1.1349,-1.4700000000000009,0,-1.4700000000000009,0,0,barnes_group,0.6490437934796015,0,0.25,27,7,1736,0,0.0,128,0
1.2661,-1.420000000000001,0,-1.420000000000001,0,0,barnes_group,0.3222908526659012,0,0.2487,33,7,1736,0,0.0,256,1
1.2098,-1.4300000000000008,0,-1.4300000000000008,0,0,barnes_group,0.5581961373488108,0,0.2475,32,7,1736,0,0.0,384,2
1.1977,-1.300000000000001,0,-1.300000000000001,0,0,barnes_group,0.241956889629364,0,0.2463,39,7,1736,0,0.0,512,3
1.1759,-0.47000000000000064,35,-0.47000000000000064,1,0,barnes_group,0.17522584398587546,2,0.245,34,7,1736,1,1.0,640,4
1.1897,-1.370000000000001,0,-1.370000000000001,0,0,barnes_group,0.06235145777463913,0,0.2438,36,7,1736,0,0.0,768,5
1.0142,-1.530000000000001,0,-1.530000000000001,0,0,barnes_group,0.09404773265123367,0,0.2426,29,7,1736,0,0.0,896,6
1.1485,-1.4200000000000008,0,-1.4200000000000008,0,0,barnes_group,0.03887203708291054,0,0.2414,30,7,1736,0,0.0,1024,7
1.2803,-0.0800000000000004,35,-0.0800000000000004,1,0,barnes_group,0.20444669326146445,2,0.2402,32,7,1736,1,1.0,1152,8
1.3145,-0.9900000000000007,0,-0.9900000000000007,0,0,barnes_group,0.12396954248348872,0,0.239,33,7,1736,0,0.0,1280,9
1.2777,-0.9800000000000006,0,-0.9800000000000006,0,0,barnes_group,0.048158690333366394,0,0.2378,29,7,1736,0,0.0,1408,10
1.3544,-1.1100000000000008,0,-1.1100000000000008,0,0,barnes_group,0.05254823217789332,0,0.2366,43,7,1736,0,0.0,1536,11
1.1918,-1.310000000000001,0,-1.310000000000001,0,0,barnes_group,-0.017113959416747093,0,0.2354,20,7,1736,0,0.0,1664,12
1.347,-1.330000000000001,0,-1.330000000000001,0,0,barnes_group,0.048656951636075974,0,0.2342,33,7,1736,0,0.0,1792,13
1.2816,-1.2400000000000007,0,-1.2400000000000007,0,0,barnes_group,0.044511131942272186,0,0.2331,24,7,1736,0,0.0,1920,14
1.2868,-0.2800000000000006,35,-0.2800000000000006,1,0,barnes_group,0.13979263603687286,2,0.2319,31,7,1736,1,1.0,2048,15
1.1893,-1.1600000000000006,0,-1.1600000000000006,0,0,barnes_group,0.10910951967040698,0,0.2307,29,7,1736,0,0.0,2176,16
0.9498,-0.9500000000000005,0,-0.9500000000000005,0,0,barnes_group,0.052694772680600487,0,0.2296,26,7,1736,0,0.0,2304,17
0.9842,-0.8500000000000005,0,-0.8500000000000005,0,0,barnes_group,0.0188555009663105,0,0.2284,26,7,1736,0,0.0,2432,18
0.9102,-1.0000000000000004,0,-1.0000000000000004,0,0,barnes_group,0.14952226852377257,0,0.2273,33,7,1736,0,0.0,2560,19
1.1597,-1.1100000000000008,0,-1.1100000000000008,0,0,barnes_group,0.09572415550549825,0,0.2262,32,7,1736,0,0.0,2688,20
1.2354,-1.290000000000001,0,-1.290000000000001,0,0,barnes_group,0.04516145959496498,0,0.225,29,7,1736,0,0.0,2816,21
1.0154,-1.0800000000000007,0,-1.0800000000000007,0,0,barnes_group,0.36739065994819003,0,0.2239,30,7,1736,0,0.0,2944,22
0.9151,-0.8600000000000005,0,-0.8600000000000005,0,0,barnes_group,0.22876263906558356,0,0.2228,26,7,1736,0,0.0,3072,23
1.052,-0.7900000000000005,0,-0.7900000000000005,0,0,barnes_group,0.057676183680693306,0,0.2217,28,7,1736,0,0.0,3200,24
0.9807,-0.8000000000000005,0,-0.8000000000000005,0,0,barnes_group,0.061344217509031296,0,0.2206,37,7,1736,0,0.0,3328,25
0.973,-0.7700000000000005,0,-0.7700000000000005,0,0,barnes_group,0.10607759654521942,0,0.2195,32,7,1736,0,0.0,3456,26
0.961,-0.7600000000000005,0,-0.7600000000000005,0,0,barnes_group,0.1539046329756578,0,0.2184,28,7,1736,0,0.0,3584,27
1.0334,-0.8900000000000006,0,-0.8900000000000006,0,0,barnes_group,0.14219600955645242,0,0.2173,35,7,1736,0,0.0,3712,28
1.0701,-0.9900000000000007,0,-0.9900000000000007,0,0,barnes_group,0.028054119398196537,0,0.2162,29,7,1736,0,0.0,3840,29
1.0569,-0.8700000000000006,0,-0.8700000000000006,0,0,barnes_group,0.09376623729864757,0,0.2151,31,7,1736,0,0.0,3968,30
1.1452,-0.9200000000000006,0,-0.9200000000000006,0,0,barnes_group,0.03683996573090553,0,0.214,32,7,1736,0,0.0,4096,31
1.2521,-0.8400000000000004,0,-0.8400000000000004,0,0,barnes_group,0.06609487036863963,0,0.213,37,7,1736,0,0.0,4224,32
1.2095,-0.9300000000000006,0,-0.9300000000000006,0,0,barnes_group,0.01086421807607015,0,0.2119,27,7,1736,0,0.0,4352,33
1.0819,-0.8100000000000005,0,-0.8100000000000005,0,0,barnes_group,0.0325975256661574,0,0.2108,30,7,1736,0,0.0,4480,34
1.1384,-1.2000000000000006,0,-1.2000000000000006,0,0,barnes_group,0.034436505287885666,0,0.2098,22,7,1736,0,0.0,4608,35
1.0297,-0.9900000000000007,0,-0.9900000000000007,0,0,barnes_group,0.06751949340105057,0,0.2087,24,7,1736,0,0.0,4736,36
0.9032,-0.7900000000000005,0,-0.7900000000000005,0,0,barnes_group,0.0833037110666434,0,0.2077,23,7,1736,0,0.0,4864,37
0.8687,-0.7900000000000005,0,-0.7900000000000005,0,0,barnes_group,0.08518480012814204,0,0.2066,32,7,1736,0,0.0,4992,38
0.775,-0.8100000000000005,0,-0.8100000000000005,0,0,barnes_group,0.1478003611167272,0,0.2056,28,7,1736,0,0.0,5120,39
0.9734,-1.0400000000000007,0,-1.0400000000000007,0,0,barnes_group,0.24600840111573538,0,0.2046,33,7,1736,0,0.0,5248,40
0.8141,-1.0600000000000005,0,-1.0600000000000005,0,0,barnes_group,0.06647862990697224,0,0.2036,18,7,1736,0,0.0,5376,41
0.8997,-1.280000000000001,0,-1.280000000000001,0,0,barnes_group,0.07834942017992337,0,0.2025,22,7,1736,0,0.0,5504,42
0.9096,-1.280000000000001,0,-1.280000000000001,0,0,barnes_group,0.14861743648846945,0,0.2015,28,7,1736,0,0.0,5632,43
0.9563,-1.2800000000000007,0,-1.2800000000000007,0,0,barnes_group,0.1324511021375656,0,0.2005,22,7,1736,0,0.0,5760,44
0.8487,-0.9300000000000005,0,-0.9300000000000005,0,0,barnes_group,0.07521964485446613,0,0.1995,26,7,1736,0,0.0,5888,45
0.8021,-0.9300000000000006,0,-0.9300000000000006,0,0,barnes_group,0.2274855226278305,0,0.1985,24,7,1736,0,0.0,6016,46
0.7493,-0.9400000000000006,0,-0.9400000000000006,0,0,barnes_group,0.20060200740893683,0,0.1975,23,7,1736,0,0.0,6144,47
0.8394,-0.8900000000000006,0,-0.8900000000000006,0,0,barnes_group,0.06467451900243759,0,0.1965,31,7,1736,0,0.0,6272,48
1.1471,-1.300000000000001,0,-1.300000000000001,0,0,barnes_group,0.095012662311395,0,0.1956,30,7,1736,0,0.0,6400,49
0.9036,-1.4900000000000009,0,-1.4900000000000009,0,0,barnes_group,0.06431395436326663,0,0.1946,17,7,1736,0,0.0,6528,50
1.0017,-1.5400000000000011,0,-1.5400000000000011,0,0,barnes_group,0.07557210698723793,0,0.1936,31,7,1736,0,0.0,6656,51
0.9065,-1.7000000000000013,0,-1.7000000000000013,0,0,barnes_group,0.06345072264472644,0,0.1926,17,7,1736,0,0.0,6784,52
1.0548,-1.3700000000000008,0,-1.3700000000000008,0,0,barnes_group,0.04277510195970535,0,0.1917,23,7,1736,0,0.0,6912,53
1.081,-1.0400000000000007,0,-1.0400000000000007,0,0,barnes_group,0.08953014016151428,0,0.1907,25,7,1736,0,0.0,7040,54
1.0923,-1.2500000000000009,0,-1.2500000000000009,0,0,barnes_group,0.09289999554554622,0,0.1898,25,7,1736,0,0.0,7168,55
1.0085,-1.2400000000000009,0,-1.2400000000000009,0,0,barnes_group,0.016969180355469387,0,0.1888,16,7,1736,0,0.0,7296,56
0.8802,-1.1000000000000008,0,-1.1000000000000008,0,0,barnes_group,0.07992221415042877,0,0.1879,26,7,1736,0,0.0,7424,57
0.9624,-1.1800000000000008,0,-1.1800000000000008,0,0,barnes_group,0.051346701880296074,0,0.1869,20,7,1736,0,0.0,7552,58
1.0032,-1.2100000000000009,0,-1.2100000000000009,0,0,barnes_group,0.15962636967500052,0,0.186,25,7,1736,0,0.0,7680,59
0.9303,-1.1000000000000005,0,-1.1000000000000005,0,0,barnes_group,0.05649184683958689,0,0.1851,24,7,1736,0,0.0,7808,60
0.9222,-0.9600000000000005,0,-0.9600000000000005,0,0,barnes_group,0.07132675995429356,0,0.1841,22,7,1736,0,0.0,7936,61
0.7932,-0.9000000000000006,0,-0.9000000000000006,0,0,barnes_group,0.05120919644832611,0,0.1832,21,7,1736,0,0.0,8064,62
0.6801,-0.8500000000000005,0,-0.8500000000000005,0,0,barnes_group,0.06873422116041183,0,0.1823,19,7,1736,0,0.0,8192,63
0.7707,-0.8500000000000005,0,-0.8500000000000005,0,0,barnes_group,0.12955177575349808,0,0.1814,26,7,1736,0,0.0,8320,64
1.105,-1.0600000000000007,0,-1.0600000000000007,0,0,barnes_group,0.06849385301272075,0,0.1805,26,7,1736,0,0.0,8448,65
1.0881,-1.1400000000000008,0,-1.1400000000000008,0,0,barnes_group,0.07363830506801605,0,0.1796,19,7,1736,0,0.0,8576,66
1.011,-0.7400000000000004,0,-0.7400000000000004,0,0,barnes_group,0.08360111713409424,0,0.1787,25,7,1736,0,0.0,8704,67
1.0153,-0.8600000000000005,0,-0.8600000000000005,0,0,barnes_group,0.09236653273304303,0,0.1778,19,7,1736,0,0.0,8832,68
0.927,-0.8900000000000005,0,-0.8900000000000005,0,0,barnes_group,0.05832470580935478,0,0.1769,23,7,1736,0,0.0,8960,69
0.9559,-0.7400000000000004,0,-0.7400000000000004,0,0,barnes_group,0.07704124227166176,0,0.176,25,7,1736,0,0.0,9088,70
1.2024,-1.0000000000000007,0,-1.0000000000000007,0,0,barnes_group,0.04011408736308416,0,0.1751,27,7,1736,0,0.0,9216,71
1.0593,-1.0100000000000007,0,-1.0100000000000007,0,0,barnes_group,0.10992403328418732,0,0.1743,20,7,1736,0,0.0,9344,72
1.164,-1.0600000000000007,0,-1.0600000000000007,0,0,barnes_group,-0.024398967623710632,0,0.1734,25,7,1736,0,0.0,9472,73
0.9849,-0.9000000000000006,0,-0.9000000000000006,0,0,barnes_group,0.009288373092810312,0,0.1725,17,7,1736,0,0.0,9600,74
0.8213,-0.9100000000000006,0,-0.9100000000000006,0,0,barnes_group,0.055547150472799935,0,0.1717,19,7,1736,0,0.0,9728,75
1.1406,-1.2100000000000006,0,-1.2100000000000006,0,0,barnes_group,0.03854373966654142,0,0.1708,21,7,1736,0,0.0,9856,76
1.08,-1.5500000000000012,0,-1.5500000000000012,0,0,barnes_group,-0.004843090971310933,0,0.1699,21,7,1736,0,0.0,9984,77
1.1448,-1.5300000000000011,0,-1.5300000000000011,0,0,barnes_group,0.06260184571146965,0,0.1691,25,7,1736,0,0.0,10112,78
1.0695,-1.550000000000001,0,-1.550000000000001,0,0,barnes_group,0.010979765405257544,0,0.1683,22,7,1736,0,0.0,10240,79
1.0963,-1.6000000000000012,0,-1.6000000000000012,0,0,barnes_group,-0.0277743103603522,0,0.1674,21,7,1736,0,0.0,10368,80
1.1013,-1.5800000000000012,0,-1.5800000000000012,0,0,barnes_group,0.06193361307183901,0,0.1666,25,7,1736,0,0.0,10496,81
0.9762,-1.6600000000000013,0,-1.6600000000000013,0,0,barnes_group,0.009442903101444244,0,0.1657,17,7,1736,0,0.0,10624,82
1.0405,-1.470000000000001,0,-1.470000000000001,0,0,barnes_group,0.025020526101191837,0,0.1649,18,7,1736,0,0.0,10752,83
1.0413,-1.450000000000001,0,-1.450000000000001,0,0,barnes_group,-0.024279994890093803,0,0.1641,13,7,1736,0,0.0,10880,84
1.2603,-1.2000000000000006,0,-1.2000000000000006,0,0,barnes_group,-0.046103871117035546,0,0.1633,24,7,1736,0,0.0,11008,85
1.1813,-1.0700000000000007,0,-1.0700000000000007,0,0,barnes_group,-0.04496500765283903,0,0.1625,17,7,1736,0,0.0,11136,86
1.0534,-0.7800000000000005,0,-0.7800000000000005,0,0,barnes_group,-0.012729933485388756,0,0.1616,23,7,1736,0,0.0,11264,87
0.9536,-0.8000000000000005,0,-0.8000000000000005,0,0,barnes_group,0.019773931552966435,0,0.1608,27,7,1736,0,0.0,11392,88
0.9055,-0.8700000000000006,0,-0.8700000000000006,0,0,barnes_group,0.019168787946303684,0,0.16,28,7,1736,0,0.0,11520,89
0.9848,-0.8700000000000006,0,-0.8700000000000006,0,0,barnes_group,-0.026690529038508732,0,0.1592,17,7,1736,0,0.0,11648,90
1.1565,-0.8700000000000006,0,-0.8700000000000006,0,0,barnes_group,0.05811233321825663,0,0.1584,19,7,1736,0,0.0,11776,91
1.0711,-0.9000000000000005,0,-0.9000000000000005,0,0,barnes_group,-0.007912967974940935,0,0.1576,25,7,1736,0,0.0,11904,92
0.9247,-0.7800000000000005,0,-0.7800000000000005,0,0,barnes_group,0.04472655182083448,0,0.1569,19,7,1736,0,0.0,12032,93
0.8828,-0.7500000000000004,0,-0.7500000000000004,0,0,barnes_group,0.0009888081500927608,0,0.1561,24,7,1736,0,0.0,12160,94
0.8747,-0.7800000000000005,0,-0.7800000000000005,0,0,barnes_group,-0.032436336080233254,0,0.1553,21,7,1736,0,0.0,12288,95
0.8548,-0.7700000000000005,0,-0.7700000000000005,0,0,barnes_group,0.0470992736518383,0,0.1545,25,7,1736,0,0.0,12416,96
0.7356,-0.7600000000000005,0,-0.7600000000000005,0,0,barnes_group,0.2499077320098877,0,0.1537,23,7,1736,0,0.0,12544,97
0.8421,-0.7800000000000005,0,-0.7800000000000005,0,0,barnes_group,-0.01615794748067856,0,0.153,21,7,1736,0,0.0,12672,98
0.9,-0.7500000000000004,0,-0.7500000000000004,0,0,barnes_group,-0.007167074829339981,0,0.1522,12,7,1736,0,0.0,12800,99
1.13,-1.2000000000000008,0,-1.2000000000000008,0,0,barnes_group,0.04750541100899378,0,0.25,27,8,1737,0,0.0,128,0
0.7781,-0.7200000000000004,0,-0.7200000000000004,0,0,barnes_group,0.07553968826929729,0,0.2487,29,8,1737,0,0.0,256,1
0.7192,-0.7700000000000005,0,-0.7700000000000005,0,0,barnes_group,0.027042200788855553,0,0.2475,25,8,1737,0,0.0,384,2
0.7513,-0.7800000000000005,0,-0.7800000000000005,0,0,barnes_group,0.571199357509613,0,0.2463,28,8,1737,0,0.0,512,3
0.7458,-0.7600000000000005,0,-0.7600000000000005,0,0,barnes_group,0.10124517480532329,0,0.245,24,8,1737,0,0.0,640,4
0.8319,-0.7700000000000005,0,-0.7700000000000005,0,0,barnes_group,0.1274899293979009,0,0.2438,36,8,1737,0,0.0,768,5
0.8263,-0.7300000000000004,0,-0.7300000000000004,0,0,barnes_group,0.04012304482360681,0,0.2426,31,8,1737,0,0.0,896,6
0.9171,-0.7600000000000005,0,-0.7600000000000005,0,0,barnes_group,0.08548964808384578,0,0.2414,35,8,1737,0,0.0,1024,7
1.0364,-0.8100000000000005,0,-0.8100000000000005,0,0,barnes_group,-0.012352721144755682,0,0.2402,31,8,1737,0,0.0,1152,8
0.9641,-0.7900000000000005,0,-0.7900000000000005,0,0,barnes_group,-0.011021022374431292,0,0.239,24,8,1737,0,0.0,1280,9
1.0984,-0.7900000000000004,0,-0.7900000000000004,0,0,barnes_group,0.01618405431509018,0,0.2378,26,8,1737,0,0.0,1408,10
1.1017,-0.7900000000000005,0,-0.7900000000000005,0,0,barnes_group,0.011002580324808756,0,0.2366,29,8,1737,0,0.0,1536,11
1.2648,-0.7700000000000004,0,-0.7700000000000004,0,0,barnes_group,0.011589813977479935,0,0.2354,36,8,1737,0,0.0,1664,12
1.1963,-0.7100000000000004,0,-0.7100000000000004,0,0,barnes_group,-0.02602325628201167,0,0.2342,25,8,1737,0,0.0,1792,13
1.1355,-0.6700000000000004,0,-0.6700000000000004,0,0,barnes_group,-0.014544031272331873,0,0.2331,25,8,1737,0,0.0,1920,14
1.1227,-0.7000000000000004,0,-0.7000000000000004,0,0,barnes_group,0.06184489900867144,0,0.2319,33,8,1737,0,0.0,2048,15
1.1259,-0.6800000000000004,0,-0.6800000000000004,0,0,barnes_group,0.004136024663845698,0,0.2307,30,8,1737,0,0.0,2176,16
1.1235,-0.6800000000000004,0,-0.6800000000000004,0,0,barnes_group,0.051356187711159386,0,0.2296,37,8,1737,0,0.0,2304,17
1.0902,-0.6600000000000004,0,-0.6600000000000004,0,0,barnes_group,-0.011671606451272964,0,0.2284,29,8,1737,0,0.0,2432,18
1.1317,-0.7100000000000004,0,-0.7100000000000004,0,0,barnes_group,0.03277475759387016,0,0.2273,33,8,1737,0,0.0,2560,19
1.0019,-0.7500000000000004,0,-0.7500000000000004,0,0,barnes_group,0.0887946051855882,0,0.2262,25,8,1737,0,0.0,2688,20
1.0451,-0.7000000000000004,0,-0.7000000000000004,0,0,barnes_group,0.043814955900112786,0,0.225,22,8,1737,0,0.0,2816,21
0.8962,-0.7200000000000004,0,-0.7200000000000004,0,0,barnes_group,0.022988970081011455,0,0.2239,23,8,1737,0,0.0,2944,22
0.9269,-0.8400000000000005,0,-0.8400000000000005,0,0,barnes_group,-0.006514362990856171,0,0.2228,27,8,1737,0,0.0,3072,23
0.9042,-0.8000000000000005,0,-0.8000000000000005,0,0,barnes_group,0.05446032310525576,0,0.2217,24,8,1737,0,0.0,3200,24
1.0012,0.6049999999999998,35,1.2099999999999995,2,0,barnes_group,0.046342642356952034,4,0.2206,39,8,1737,2,1.0,3328,25
0.9488,-0.8200000000000005,0,-0.8200000000000005,0,0,barnes_group,0.09756312270959218,0,0.2195,33,8,1737,0,0.0,3456,26
0.9129,-0.8400000000000005,0,-0.8400000000000005,0,0,barnes_group,0.022475458681583405,0,0.2184,24,8,1737,0,0.0,3584,27
1.0147,-0.8200000000000005,0,-0.8200000000000005,0,0,barnes_group,0.006932431211074193,0,0.2173,27,8,1737,0,0.0,3712,28
0.9142,-0.8500000000000005,0,-0.8500000000000005,0,0,barnes_group,0.02516417329510053,0,0.2162,25,8,1737,0,0.0,3840,29
0.9663,-0.8100000000000005,0,-0.8100000000000005,0,0,barnes_group,-0.024060799429814022,0,0.2151,28,8,1737,0,0.0,3968,30
0.832,-0.8400000000000005,0,-0.8400000000000005,0,0,barnes_group,-4.8562263449033104e-05,0,0.214,24,8,1737,0,0.0,4096,31
0.8914,-0.7900000000000005,0,-0.7900000000000005,0,0,barnes_group,0.024701643735170364,0,0.213,27,8,1737,0,0.0,4224,32
0.8734,-0.7800000000000005,0,-0.7800000000000005,0,0,barnes_group,0.03445499762892723,0,0.2119,26,8,1737,0,0.0,4352,33
0.844,-0.8700000000000006,0,-0.8700000000000006,0,0,barnes_group,0.008200574666261673,0,0.2108,17,8,1737,0,0.0,4480,34
0.9881,-0.7900000000000005,0,-0.7900000000000005,0,0,barnes_group,0.026231021930774052,0,0.2098,32,8,1737,0,0.0,4608,35
0.8638,-0.8400000000000005,0,-0.8400000000000005,0,0,barnes_group,0.0522142139573892,0,0.2087,25,8,1737,0,0.0,4736,36
0.8887,-0.8100000000000005,0,-0.8100000000000005,0,0,barnes_group,0.09304279585679372,0,0.2077,38,8,1737,0,0.0,4864,37
0.8125,-0.8200000000000005,0,-0.8200000000000005,0,0,barnes_group,0.03881154954433441,0,0.2066,32,8,1737,0,0.0,4992,38
0.8689,-0.8100000000000005,0,-0.8100000000000005,0,0,barnes_group,0.027176809807618458,0,0.2056,25,8,1737,0,0.0,5120,39
0.9233,-0.8100000000000005,0,-0.8100000000000005,0,0,barnes_group,0.03839891900618871,0,0.2046,29,8,1737,0,0.0,5248,40
0.8856,-0.8400000000000005,0,-0.8400000000000005,0,0,barnes_group,0.09496734291315079,0,0.2036,20,8,1737,0,0.0,5376,41
0.9464,-0.7800000000000005,0,-0.7800000000000005,0,0,barnes_group,0.02413786326845487,0,0.2025,26,8,1737,0,0.0,5504,42
0.8516,-0.7800000000000005,0,-0.7800000000000005,0,0,barnes_group,0.05550416683157285,0,0.2015,21,8,1737,0,0.0,5632,43
0.9103,-0.7600000000000005,0,-0.7600000000000005,0,0,barnes_group,0.027989319215218227,0,0.2005,29,8,1737,0,0.0,5760,44
0.819,-0.7500000000000004,0,-0.7500000000000004,0,0,barnes_group,0.06695967415968578,0,0.1995,28,8,1737,0,0.0,5888,45
0.8742,-0.7800000000000005,0,-0.7800000000000005,0,0,barnes_group,0.014482233673334122,0,0.1985,28,8,1737,0,0.0,6016,46
0.7241,-0.7600000000000005,0,-0.7600000000000005,0,0,barnes_group,0.043956030160188675,0,0.1975,22,8,1737,0,0.0,6144,47
0.6149,-0.7500000000000004,0,-0.7500000000000004,0,0,barnes_group,0.02724947656194369,0,0.1965,24,8,1737,0,0.0,6272,48
0.5784,-0.7600000000000005,0,-0.7600000000000005,0,0,barnes_group,0.05603216215968132,0,0.1956,24,8,1737,0,0.0,6400,49
0.5441,-0.7500000000000004,0,-0.7500000000000004,0,0,barnes_group,0.04795917123556137,0,0.1946,25,8,1737,0,0.0,6528,50
0.4884,-0.7500000000000004,0,-0.7500000000000004,0,0,barnes_group,0.09633306662241618,0,0.1936,26,8,1737,0,0.0,6656,51
0.4907,-0.7200000000000004,0,-0.7200000000000004,0,0,barnes_group,0.07970684766769409,0,0.1926,25,8,1737,0,0.0,6784,52
0.3917,-0.7600000000000005,0,-0.7600000000000005,0,0,barnes_group,0.11409825831651688,0,0.1917,24,8,1737,0,0.0,6912,53
0.417,-0.7500000000000004,0,-0.7500000000000004,0,0,barnes_group,0.05194515362381935,0,0.1907,23,8,1737,0,0.0,7040,54
0.4964,-0.7900000000000005,0,-0.7900000000000005,0,0,barnes_group,0.034206319600343704,0,0.1898,31,8,1737,0,0.0,7168,55
0.4236,-0.7900000000000005,0,-0.7900000000000005,0,0,barnes_group,0.08185527225335439,0,0.1888,23,8,1737,0,0.0,7296,56
0.4402,-0.7800000000000005,0,-0.7800000000000005,0,0,barnes_group,0.03075397511323293,0,0.1879,23,8,1737,0,0.0,7424,57
0.4887,-0.7800000000000005,0,-0.7800000000000005,0,0,barnes_group,0.035697356487313904,0,0.1869,27,8,1737,0,0.0,7552,58
0.4134,-0.8400000000000005,0,-0.8400000000000005,0,0,barnes_group,0.030344232295950253,0,0.186,21,8,1737,0,0.0,7680,59
0.4496,-0.7900000000000005,0,-0.7900000000000005,0,0,barnes_group,0.06628819182515144,0,0.1851,24,8,1737,0,0.0,7808,60
0.45,-0.7600000000000005,0,-0.7600000000000005,0,0,barnes_group,0.06898979842662811,0,0.1841,21,8,1737,0,0.0,7936,61
0.4668,-0.8100000000000005,0,-0.8100000000000005,0,0,barnes_group,0.07306818912426631,0,0.1832,20,8,1737,0,0.0,8064,62
0.4463,-0.7900000000000005,0,-0.7900000000000005,0,0,barnes_group,0.02703864562014739,0,0.1823,16,8,1737,0,0.0,8192,63
0.6058,-0.8300000000000005,0,-0.8300000000000005,0,0,barnes_group,0.011025385931134224,0,0.1814,26,8,1737,0,0.0,8320,64
0.5416,-0.8100000000000005,0,-0.8100000000000005,0,0,barnes_group,0.08647515376408894,0,0.1805,18,8,1737,0,0.0,8448,65
0.6224,-0.8300000000000005,0,-0.8300000000000005,0,0,barnes_group,0.060174486289421715,0,0.1796,27,8,1737,0,0.0,8576,66
0.6036,-0.8700000000000006,0,-0.8700000000000006,0,0,barnes_group,0.13527798155943552,0,0.1787,26,8,1737,0,0.0,8704,67
0.6508,-0.8800000000000006,0,-0.8800000000000006,0,0,barnes_group,0.01604047417640686,0,0.1778,21,8,1737,0,0.0,8832,68
0.7318,-0.8800000000000006,0,-0.8800000000000006,0,0,barnes_group,0.01877569096783797,0,0.1769,20,8,1737,0,0.0,8960,69
0.7908,-0.8400000000000005,0,-0.8400000000000005,0,0,barnes_group,0.058098054180542626,0,0.176,23,8,1737,0,0.0,9088,70
0.7845,-0.8500000000000005,0,-0.8500000000000005,0,0,barnes_group,0.024450110892454784,0,0.1751,17,8,1737,0,0.0,9216,71
0.9046,-0.8100000000000005,0,-0.8100000000000005,0,0,barnes_group,-0.01005070780714353,0,0.1743,26,8,1737,0,0.0,9344,72
0.9503,-0.8200000000000005,0,-0.8200000000000005,0,0,barnes_group,-0.00013479714592297873,0,0.1734,23,8,1737,0,0.0,9472,73
0.9812,-0.8100000000000005,0,-0.8100000000000005,0,0,barnes_group,0.00341773529847463,0,0.1725,25,8,1737,0,0.0,9600,74
1.0308,-0.8800000000000006,0,-0.8800000000000006,0,0,barnes_group,-0.020320767536759377,0,0.1717,24,8,1737,0,0.0,9728,75
1.0955,-0.8700000000000006,0,-0.8700000000000006,0,0,barnes_group,-0.010100841522216797,0,0.1708,31,8,1737,0,0.0,9856,76
1.1145,-0.8100000000000005,0,-0.8100000000000005,0,0,barnes_group,-0.018808791413903236,0,0.1699,21,8,1737,0,0.0,9984,77
0.9783,-0.7600000000000005,0,-0.7600000000000005,0,0,barnes_group,-0.02549838274717331,0,0.1691,17,8,1737,0,0.0,10112,78
0.9737,-0.7900000000000005,0,-0.7900000000000005,0,0,barnes_group,-0.014411451915899912,0,0.1683,22,8,1737,0,0.0,10240,79
0.9295,-0.8400000000000005,0,-0.8400000000000005,0,0,barnes_group,-0.03079135778049628,0,0.1674,17,8,1737,0,0.0,10368,80
1.0012,-0.7800000000000005,0,-0.7800000000000005,0,0,barnes_group,-0.027518794561425846,0,0.1666,20,8,1737,0,0.0,10496,81
0.9825,-0.7500000000000004,0,-0.7500000000000004,0,0,barnes_group,0.025339818249146145,0,0.1657,21,8,1737,0,0.0,10624,82
0.9574,-0.7500000000000004,0,-0.7500000000000004,0,0,barnes_group,-0.020288418978452682,0,0.1649,9,8,1737,0,0.0,10752,83
1.1188,0.21999999999999958,35,0.21999999999999958,1,0,barnes_group,-0.014588465914130211,1,0.1641,25,8,1737,1,1.0,10880,84
1.1979,0.22999999999999957,35,0.22999999999999957,1,0,barnes_group,0.06674075499176979,2,0.1633,27,8,1737,1,1.0,11008,85
1.1847,-0.7800000000000005,0,-0.7800000000000005,0,0,barnes_group,-0.045724584410587944,0,0.1625,15,8,1737,0,0.0,11136,86
1.0786,-0.7600000000000005,0,-0.7600000000000005,0,0,barnes_group,-0.026248219112555187,0,0.1616,20,8,1737,0,0.0,11264,87
1.1097,-0.7200000000000004,0,-0.7200000000000004,0,0,barnes_group,0.05571362872918447,0,0.1608,25,8,1737,0,0.0,11392,88
1.048,-0.7200000000000004,0,-0.7200000000000004,0,0,barnes_group,0.018777350584665935,0,0.16,18,8,1737,0,0.0,11520,89
1.0085,-0.6600000000000004,0,-0.6600000000000004,0,0,barnes_group,-0.027042050535480183,0,0.1592,20,8,1737,0,0.0,11648,90
0.9929,-0.6900000000000004,0,-0.6900000000000004,0,0,barnes_group,-0.015767749398946762,0,0.1584,16,8,1737,0,0.0,11776,91
1.0145,-0.6900000000000004,0,-0.6900000000000004,0,0,barnes_group,0.01579033335049947,0,0.1576,15,8,1737,0,0.0,11904,92
1.0167,-0.6700000000000004,0,-0.6700000000000004,0,0,barnes_group,-0.02460748826464017,0,0.1569,16,8,1737,0,0.0,12032,93
0.8242,-0.6900000000000004,0,-0.6900000000000004,0,0,barnes_group,-0.003115034972627958,0,0.1561,25,8,1737,0,0.0,12160,94
0.7534,-0.6300000000000003,0,-0.6300000000000003,0,0,barnes_group,0.018389582633972168,0,0.1553,13,8,1737,0,0.0,12288,95
0.8007,-0.6400000000000003,0,-0.6400000000000003,0,0,barnes_group,-0.015437480683128038,0,0.1545,17,8,1737,0,0.0,12416,96
0.8382,-0.6300000000000003,0,-0.6300000000000003,0,0,barnes_group,0.017396342009305954,0,0.1537,17,8,1737,0,0.0,12544,97
0.8077,-0.6200000000000003,0,-0.6200000000000003,0,0,barnes_group,0.07231798271338145,0,0.153,20,8,1737,0,0.0,12672,98
0.9341,-0.8200000000000005,0,-0.8200000000000005,0,0,barnes_group,0.029617334405581158,0,0.1522,15,8,1737,0,0.0,12800,99
1.3228,-0.9200000000000006,0,-0.9200000000000006,0,0,barnes_group,0.06798361738522847,0,0.25,35,9,1738,0,0.0,128,0
1.6329,0.10999999999999953,35,0.10999999999999953,1,0,barnes_group,0.128021240234375,1,0.2487,30,9,1738,1,1.0,256,1
1.4351,-0.8400000000000005,0,-0.8400000000000005,0,0,barnes_group,0.13265658418337503,0,0.2475,35,9,1738,0,0.0,384,2
1.2869,-0.7300000000000004,0,-0.7300000000000004,0,0,barnes_group,0.18615257491668066,0,0.2463,29,9,1738,0,0.0,512,3
1.3054,-0.8200000000000005,0,-0.8200000000000005,0,0,barnes_group,0.27347539241115254,0,0.245,26,9,1738,0,0.0,640,4
1.3445,0.03999999999999948,35,0.03999999999999948,1,0,barnes_group,0.2386440634727478,2,0.2438,33,9,1738,1,1.0,768,5
1.477,-1.0700000000000005,0,-1.0700000000000005,0,0,barnes_group,0.10231420397758484,0,0.2426,38,9,1738,0,0.0,896,6
1.5281,-1.3500000000000008,0,-1.3500000000000008,0,0,barnes_group,0.11651020497083664,0,0.2414,29,9,1738,0,0.0,1024,7
1.4784,-1.2700000000000007,0,-1.2700000000000007,0,0,barnes_group,0.09326183547576268,0,0.2402,35,9,1738,0,0.0,1152,8
1.5,-1.3400000000000007,0,-1.3400000000000007,0,0,barnes_group,0.16393390794595084,0,0.239,35,9,1738,0,0.0,1280,9
1.4391,-0.3200000000000008,35,-0.3200000000000008,1,0,barnes_group,0.08650179704030354,2,0.2378,28,9,1738,1,1.0,1408,10
1.5247,0.31999999999999973,35,0.6399999999999995,2,0,barnes_group,-0.003962164123853047,2,0.2366,27,9,1738,2,1.0,1536,11
1.5291,-1.1600000000000008,0,-1.1600000000000008,0,0,barnes_group,-0.01284053549170494,0,0.2354,34,9,1738,0,0.0,1664,12
1.4781,-1.1700000000000006,0,-1.1700000000000006,0,0,barnes_group,-0.01609191671013832,0,0.2342,25,9,1738,0,0.0,1792,13
1.3939,-1.0900000000000007,0,-1.0900000000000007,0,0,barnes_group,-0.025628037750720978,0,0.2331,22,9,1738,0,0.0,1920,14
1.4489,-0.9700000000000005,0,-0.9700000000000005,0,0,barnes_group,0.02034822106361389,0,0.2319,36,9,1738,0,0.0,2048,15
1.2805,-0.8300000000000004,0,-0.8300000000000004,0,0,barnes_group,-0.009361660728851954,0,0.2307,30,9,1738,0,0.0,2176,16
1.4671,-0.9700000000000006,0,-0.9700000000000006,0,0,barnes_group,-0.00622183084487915,0,0.2296,30,9,1738,0,0.0,2304,17
1.6154,-0.05000000000000056,35,-0.05000000000000056,1,0,barnes_group,-0.007505481441815694,1,0.2284,33,9,1738,1,1.0,2432,18
1.5783,-1.2100000000000009,0,-1.2100000000000009,0,0,barnes_group,0.05065175145864487,0,0.2273,27,9,1738,0,0.0,2560,19
1.5153,-1.0400000000000005,0,-1.0400000000000005,0,0,barnes_group,-0.0013523710270722706,0,0.2262,28,9,1738,0,0.0,2688,20
1.5154,-0.9600000000000005,0,-0.9600000000000005,0,0,barnes_group,0.03644743810097376,0,0.225,35,9,1738,0,0.0,2816,21
1.3259,-0.8800000000000006,0,-0.8800000000000006,0,0,barnes_group,-0.03621726855635643,0,0.2239,25,9,1738,0,0.0,2944,22
1.3978,-0.7700000000000005,0,-0.7700000000000005,0,0,barnes_group,-0.06908983116348584,0,0.2228,22,9,1738,0,0.0,3072,23
1.3548,-0.6600000000000004,0,-0.6600000000000004,0,0,barnes_group,-0.03444496914744377,0,0.2217,28,9,1738,0,0.0,3200,24
1.3472,-0.7100000000000004,0,-0.7100000000000004,0,0,barnes_group,0.05387095361948013,0,0.2206,27,9,1738,0,0.0,3328,25
1.2494,-0.7100000000000004,0,-0.7100000000000004,0,0,barnes_group,-0.007544532418251038,0,0.2195,30,9,1738,0,0.0,3456,26
1.3256,-0.7500000000000004,0,-0.7500000000000004,0,0,barnes_group,0.08738011742631595,0,0.2184,36,9,1738,0,0.0,3584,27
1.169,-0.8000000000000005,0,-0.8000000000000005,0,0,barnes_group,0.05552932247519493,0,0.2173,36,9,1738,0,0.0,3712,28
1.2403,-0.7500000000000004,0,-0.7500000000000004,0,0,barnes_group,0.059562367697556816,0,0.2162,25,9,1738,0,0.0,3840,29
1.1919,-0.8100000000000005,0,-0.8100000000000005,0,0,barnes_group,0.020205819358428318,0,0.2151,22,9,1738,0,0.0,3968,30
1.372,-0.8800000000000006,0,-0.8800000000000006,0,0,barnes_group,0.035747465988000236,0,0.214,33,9,1738,0,0.0,4096,31
1.3902,-0.9200000000000006,0,-0.9200000000000006,0,0,barnes_group,-0.0516706978281339,0,0.213,27,9,1738,0,0.0,4224,32
1.3837,-0.9400000000000006,0,-0.9400000000000006,0,0,barnes_group,-0.01868976280093193,0,0.2119,30,9,1738,0,0.0,4352,33
1.409,-0.7700000000000005,0,-0.7700000000000005,0,0,barnes_group,-0.04103613644838333,0,0.2108,35,9,1738,0,0.0,4480,34
1.1213,-0.9300000000000006,0,-0.9300000000000006,0,0,barnes_group,0.069609930117925,0,0.2098,24,9,1738,0,0.0,4608,35
1.0659,-0.9100000000000006,0,-0.9100000000000006,0,0,barnes_group,-0.003090077390273412,0,0.2087,30,9,1738,0,0.0,4736,36
1.0695,-0.9000000000000006,0,-0.9000000000000006,0,0,barnes_group,-0.01215501626332601,0,0.2077,22,9,1738,0,0.0,4864,37
1.1027,-0.8900000000000006,0,-0.8900000000000006,0,0,barnes_group,-0.03080034628510475,0,0.2066,29,9,1738,0,0.0,4992,38
1.2158,-0.8900000000000006,0,-0.8900000000000006,0,0,barnes_group,-0.039810530841350555,0,0.2056,21,9,1738,0,0.0,5120,39
1.3194,0.10999999999999958,35,0.10999999999999958,1,0,barnes_group,-0.007626502464214961,1,0.2046,25,9,1738,1,1.0,5248,40
1.2515,0.03999999999999938,35,0.03999999999999938,1,0,barnes_group,-0.024702283243338268,1,0.2036,26,9,1738,1,1.0,5376,41
1.2567,0.03999999999999948,35,0.03999999999999948,1,0,barnes_group,0.08597040052215259,1,0.2025,25,9,1738,1,1.0,5504,42
1.3428,-1.0700000000000007,0,-1.0700000000000007,0,0,barnes_group,0.03107418368260066,0,0.2015,25,9,1738,0,0.0,5632,43
1.3789,0.8200000000000012,35,4.920000000000007,6,0,barnes_group,0.09792608643571536,6,0.2005,35,9,1738,6,1.0,5760,44
1.2446,-0.05000000000000056,35,-0.05000000000000056,1,0,barnes_group,0.11816365520159404,1,0.1995,23,9,1738,1,1.0,5888,45
1.1517,0.6533333333333337,35,1.960000000000001,3,0,barnes_group,-0.030282892286777496,4,0.1985,14,9,1738,3,1.0,6016,46
1.1964,0.11999999999999945,35,0.11999999999999945,1,0,barnes_group,-0.016575103004773457,2,0.1975,28,9,1738,1,1.0,6144,47
1.2837,0.7525000000000003,35,3.010000000000001,4,0,barnes_group,-0.02469083418448766,4,0.1965,23,9,1738,4,1.0,6272,48
1.3564,0.8666666666666685,35,7.800000000000016,9,0,barnes_group,-0.005086724956830342,11,0.1956,26,9,1738,9,1.0,6400,49
1.2543,0.8650000000000013,35,6.920000000000011,8,0,barnes_group,-0.0836631606022517,9,0.1946,21,9,1738,8,1.0,6528,50
1.2331,0.8400000000000011,35,5.880000000000008,7,0,barnes_group,-0.013229269534349442,8,0.1936,19,9,1738,7,1.0,6656,51
1.1548,0.8585714285714291,35,6.010000000000003,7,0,barnes_group,0.0569336066643397,9,0.1926,38,9,1738,7,1.0,6784,52
1.4279,0.583333333333333,35,1.7499999999999991,3,0,barnes_group,-0.040032315999269485,3,0.1917,20,9,1738,3,1.0,6912,53
1.4367,0.8071428571428593,35,5.650000000000015,7,0,barnes_group,0.020874408384164173,7,0.1907,28,9,1738,7,1.0,7040,54
1.4796,-0.34000000000000097,35,-0.34000000000000097,1,0,barnes_group,-0.00651729479432106,2,0.1898,34,9,1738,1,1.0,7168,55
1.4723,0.5433333333333329,35,1.6299999999999988,3,0,barnes_group,0.042755539218584694,3,0.1888,28,9,1738,3,1.0,7296,56
1.4608,0.6749999999999998,35,2.6999999999999993,4,0,barnes_group,-0.02557912717262904,6,0.1879,30,9,1738,4,1.0,7424,57
1.554,-1.260000000000001,0,-1.260000000000001,0,0,barnes_group,-0.03698028748234113,0,0.1869,31,9,1738,0,0.0,7552,58
1.4792,0.7475000000000004,35,2.9900000000000015,4,0,barnes_group,-0.015928202619155247,4,0.186,28,9,1738,4,1.0,7680,59
1.3982,0.8500000000000012,35,5.950000000000008,7,0,barnes_group,0.019523755957682926,7,0.1851,26,9,1738,7,1.0,7808,60
1.3875,0.910000000000001,35,9.10000000000001,10,0,barnes_group,-0.012593592827518782,10,0.1841,25,9,1738,10,1.0,7936,61
1.4128,0.7600000000000009,35,3.8000000000000047,5,0,barnes_group,-0.020500445117553074,5,0.1832,21,9,1738,5,1.0,8064,62
1.3569,0.8509523809523817,35,5.10571428571429,6,0,barnes_group,-0.06933055073022842,9,0.1823,26,9,1738,6,1.0,8192,63
1.2142,0.6433333333333332,35,1.9299999999999997,3,0,barnes_group,-0.0010928834478060405,3,0.1814,23,9,1738,3,1.0,8320,64
1.3331,0.7100000000000003,35,2.840000000000001,4,0,barnes_group,0.029184175034364063,4,0.1805,28,9,1738,4,1.0,8448,65
1.2817,0.4149999999999997,35,0.8299999999999994,2,0,barnes_group,0.004349866261084874,2,0.1796,25,9,1738,2,1.0,8576,66
1.336,0.6133333333333331,35,1.8399999999999992,3,0,barnes_group,0.04399935776988665,3,0.1787,29,9,1738,3,1.0,8704,67
1.3349,0.813333333333334,35,4.880000000000004,6,0,barnes_group,-0.016536295413970947,6,0.1778,20,9,1738,6,1.0,8832,68
1.3923,0.6299999999999998,35,1.8899999999999995,3,0,barnes_group,0.0032928908864657083,3,0.1769,17,9,1738,3,1.0,8960,69
1.3434,0.5828571428571425,35,1.165714285714285,2,0,barnes_group,-0.004849520822366078,3,0.176,24,9,1738,2,1.0,9088,70
1.2412,0.6633333333333332,35,1.9899999999999998,3,0,barnes_group,-0.040880611166357994,4,0.1751,17,9,1738,3,1.0,9216,71
1.2994,0.8557142857142873,35,5.990000000000011,7,0,barnes_group,-0.058841350177923836,8,0.1743,23,9,1738,7,1.0,9344,72
1.1769,0.8750000000000002,35,7.000000000000002,8,0,barnes_group,0.017428675045569737,8,0.1734,21,9,1738,8,1.0,9472,73
1.1409,0.9215384615384627,35,11.980000000000016,13,0,barnes_group,-0.023753033330043156,13,0.1725,15,9,1738,13,1.0,9600,74
1.1481,0.9000000000000014,35,9.900000000000015,11,0,barnes_group,-0.06503868599732716,11,0.1717,20,9,1738,11,1.0,9728,75
1.1297,0.9269230769230778,35,12.050000000000011,13,0,barnes_group,-0.04287109772364298,14,0.1708,15,9,1738,13,1.0,9856,76
1.1122,0.9206666666666677,35,13.810000000000016,15,0,barnes_group,-0.028664532427986462,17,0.1699,23,9,1738,15,1.0,9984,77
1.0173,0.899000000000002,35,8.99000000000002,10,0,barnes_group,-0.0265431081255277,10,0.1691,17,9,1738,10,1.0,10112,78
1.0102,0.8020000000000023,35,4.010000000000011,5,0,barnes_group,0.007511253158251445,5,0.1683,18,9,1738,5,1.0,10240,79
1.0737,0.9269230769230781,35,12.050000000000015,13,0,barnes_group,0.00392132190366586,13,0.1674,19,9,1738,13,1.0,10368,80
1.0338,0.9421428571428578,35,13.19000000000001,14,0,barnes_group,-0.006253696357210477,15,0.1666,27,9,1738,14,1.0,10496,81
0.8884,0.9471428571428581,35,13.260000000000012,14,0,barnes_group,0.008292640248934427,15,0.1657,23,9,1738,14,1.0,10624,82
0.9364,0.9652941176470586,35,16.409999999999997,17,0,barnes_group,-0.0021976480881373086,18,0.1649,24,9,1738,17,1.0,10752,83
0.8933,0.9529411764705891,35,16.200000000000014,17,0,barnes_group,-0.023553745200236637,17,0.1641,23,9,1738,17,1.0,10880,84
0.9779,0.9428571428571431,35,13.200000000000003,14,0,barnes_group,0.0358823798596859,16,0.1633,22,9,1738,14,1.0,11008,85
1.0136,0.9460000000000007,35,14.19000000000001,15,0,barnes_group,-0.01987599271039168,15,0.1625,24,9,1738,15,1.0,11136,86
0.9018,0.9517647058823533,35,16.180000000000007,17,0,barnes_group,-0.01691432607670625,19,0.1616,18,9,1738,17,1.0,11264,87
0.7916,0.9625,35,19.25,20,0,barnes_group,-0.03248441374550263,23,0.1608,18,9,1738,20,1.0,11392,88
0.7605,0.9769565217391305,35,22.470000000000002,23,0,barnes_group,-0.015836636846264202,23,0.16,17,9,1738,23,1.0,11520,89
0.7479,0.9738095238095238,35,20.45,21,0,barnes_group,-0.013433909664551416,21,0.1592,15,9,1738,21,1.0,11648,90
0.7897,0.9600000000000005,35,14.400000000000007,15,0,barnes_group,0.08291757727662723,16,0.1584,23,9,1738,15,1.0,11776,91
0.7363,0.9618750000000006,35,15.39000000000001,16,0,barnes_group,0.014204520111282667,16,0.1576,21,9,1738,16,1.0,11904,92
0.6975,0.9723809523809525,35,20.42,21,0,barnes_group,-0.017762515073021252,21,0.1569,15,9,1738,21,1.0,12032,93
0.7583,0.9635294117647064,35,16.38000000000001,17,0,barnes_group,0.04390305963655313,17,0.1561,20,9,1738,17,1.0,12160,94
0.6882,0.9812499999999996,35,23.54999999999999,24,0,barnes_group,0.09969728191693623,24,0.1553,17,9,1738,24,1.0,12288,95
0.6665,0.9795652173913038,35,22.529999999999987,23,0,barnes_group,0.03156204583744208,25,0.1545,15,9,1738,23,1.0,12416,96
0.8476,0.9611111111111119,35,17.300000000000015,18,0,barnes_group,0.012731889883677164,18,0.1537,23,9,1738,18,1.0,12544,97
0.8396,0.9437500000000009,35,15.100000000000014,16,0,barnes_group,0.017903706058859825,17,0.153,17,9,1738,16,1.0,12672,98
0.7936,0.9700000000000001,35,23.28,24,0,barnes_group,0.00147726076344649,26,0.1522,20,9,1738,24,1.0,12800,99
