avg_reward_per_episode,best_tax_advantage,cumulative_reward,episode_count,invalid_count,loophole,loss,positive_reward_count,random_action_prob,random_exploration_count,run,saved_snapshots,seed,success_count,success_rate,total_steps,update
-5.2142919303797495,0,-83.42867088607599,16,83,dub_irish_dutch,0.7754517793655396,1,0.25,27,0,0,1729,0,0.0,128,0
-5.483333333333335,-inf,-82.25000000000003,15,82,dub_irish_dutch,0.9067269166310629,0,0.2487,39,0,0,1729,0,0.0,256,1
-5.141875000000001,-inf,-82.27000000000001,16,82,dub_irish_dutch,0.6598644455273946,0,0.2475,31,0,0,1729,0,0.0,384,2
-5.413999999999999,-inf,-81.20999999999998,15,81,dub_irish_dutch,0.7110766569773356,0,0.2463,37,0,0,1729,0,0.0,512,3
-4.896875,-inf,-78.35,16,78,dub_irish_dutch,0.5777401924133301,0,0.245,32,0,0,1729,0,0.0,640,4
-5.457499999999999,-inf,-87.31999999999998,16,87,dub_irish_dutch,0.6961107651392618,0,0.2438,23,0,0,1729,0,0.0,768,5
-5.201791930379745,0,-83.22867088607592,16,83,dub_irish_dutch,0.5880873998006185,1,0.2426,42,0,0,1729,0,0.0,896,6
-5.209333333333334,-inf,-78.14000000000001,15,78,dub_irish_dutch,0.5430433750152588,0,0.2414,33,0,0,1729,0,0.0,1024,7
-5.6585714285714275,-inf,-79.21999999999998,14,79,dub_irish_dutch,0.5854982535044352,0,0.2402,26,0,0,1729,0,0.0,1152,8
-4.9555419303797485,0,-79.28867088607598,16,79,dub_irish_dutch,0.4220650295416514,1,0.239,39,0,0,1729,0,0.0,1280,9
-5.07,-inf,-81.12,16,81,dub_irish_dutch,0.4119303524494171,0,0.2378,31,0,0,1729,0,0.0,1408,10
-5.009374999999999,-inf,-80.14999999999998,16,80,dub_irish_dutch,0.32550231615702313,0,0.2366,24,0,0,1729,0,0.0,1536,11
-5.548666666666664,-inf,-83.22999999999996,15,83,dub_irish_dutch,0.437267263730367,0,0.2354,42,0,0,1729,0,0.0,1664,12
-5.255000000000001,-inf,-84.08000000000001,16,84,dub_irish_dutch,0.30268074075380963,0,0.2342,24,0,0,1729,0,0.0,1792,13
-5.0725,-inf,-81.16,16,81,dub_irish_dutch,0.2531643658876419,0,0.2331,37,0,0,1729,0,0.0,1920,14
-4.894375000000005,-inf,-78.31000000000007,16,78,dub_irish_dutch,0.21715926130612692,0,0.2319,25,0,0,1729,0,0.0,2048,15
-4.9556249999999995,-inf,-79.28999999999999,16,79,dub_irish_dutch,0.2003941535949707,0,0.2307,30,0,0,1729,0,0.0,2176,16
-4.765625000000002,-inf,-76.25000000000003,16,76,dub_irish_dutch,0.19371260205904642,0,0.2296,29,0,0,1729,0,0.0,2304,17
-5.320625,-inf,-85.13,16,85,dub_irish_dutch,0.24861337741216025,0,0.2284,24,0,0,1729,0,0.0,2432,18
-4.705625000000001,-inf,-75.29000000000002,16,75,dub_irish_dutch,0.1646168828010559,0,0.2273,28,0,0,1729,0,0.0,2560,19
-5.32375,-inf,-85.18,16,85,dub_irish_dutch,0.24316903948783875,0,0.2262,34,0,0,1729,0,0.0,2688,20
-5.026250000000003,-inf,-80.42000000000004,16,80,dub_irish_dutch,0.16646578907966614,0,0.225,35,0,0,1729,0,0.0,2816,21
-4.501985343665767,0,-72.03176549865228,16,72,dub_irish_dutch,0.1366675744454066,1,0.2239,28,0,0,1729,0,0.0,2944,22
-4.630110343665771,0,-74.08176549865233,16,74,dub_irish_dutch,0.1750016063451767,1,0.2228,20,0,0,1729,0,0.0,3072,23
-4.951250000000001,-inf,-79.22000000000001,16,79,dub_irish_dutch,0.23085953295230865,0,0.2217,29,0,0,1729,0,0.0,3200,24
-4.893125000000003,-inf,-78.29000000000005,16,78,dub_irish_dutch,0.20085974037647247,0,0.2206,30,0,0,1729,0,0.0,3328,25
-5.071250000000001,-inf,-81.14000000000001,16,81,dub_irish_dutch,0.20698695878187814,0,0.2195,34,0,0,1729,0,0.0,3456,26
-4.701250000000001,-inf,-75.22000000000001,16,75,dub_irish_dutch,0.24199550847212473,0,0.2184,27,0,0,1729,0,0.0,3584,27
-4.633750000000002,-inf,-74.14000000000003,16,74,dub_irish_dutch,0.19966072837511697,0,0.2173,27,0,0,1729,0,0.0,3712,28
-4.880000000000001,-inf,-73.20000000000002,15,73,dub_irish_dutch,0.18672854701677957,0,0.2162,23,0,0,1729,0,0.0,3840,29
-4.770625000000002,-inf,-76.33000000000003,16,76,dub_irish_dutch,0.15456790228684744,0,0.2151,27,0,0,1729,0,0.0,3968,30
-4.7137500000000045,-inf,-75.42000000000007,16,75,dub_irish_dutch,0.17896892130374908,0,0.214,26,0,0,1729,0,0.0,4096,31
-5.26375,-inf,-84.22,16,84,dub_irish_dutch,0.24671917160352072,0,0.213,32,0,0,1729,0,0.0,4224,32
-4.8066666666666675,-inf,-72.10000000000001,15,72,dub_irish_dutch,0.25965463121732074,0,0.2119,21,0,0,1729,0,0.0,4352,33
-4.947999999999998,-inf,-74.21999999999997,15,74,dub_irish_dutch,0.23778342207272848,0,0.2108,26,0,0,1729,0,0.0,4480,34
-4.891250000000001,-inf,-78.26000000000002,16,78,dub_irish_dutch,0.2369312196969986,0,0.2098,22,0,0,1729,0,0.0,4608,35
-4.884375000000002,-inf,-78.15000000000003,16,78,dub_irish_dutch,0.1741248518228531,0,0.2087,27,0,0,1729,0,0.0,4736,36
-4.499333333333336,-inf,-67.49000000000004,15,67,dub_irish_dutch,0.24441733956336975,0,0.2077,27,0,0,1729,0,0.0,4864,37
-4.528750000000002,-inf,-72.46000000000004,16,72,dub_irish_dutch,0.19598332544167837,0,0.2066,28,0,0,1729,0,0.0,4992,38
-4.329374999999997,-inf,-69.26999999999995,16,69,dub_irish_dutch,0.19905022283395132,0,0.2056,25,0,0,1729,0,0.0,5120,39
-4.847500000000003,-inf,-77.56000000000004,16,77,dub_irish_dutch,0.16014868517716727,0,0.2046,29,0,0,1729,0,0.0,5248,40
-4.454375,-inf,-71.27,16,71,dub_irish_dutch,0.1805491199096044,0,0.2036,18,0,0,1729,0,0.0,5376,41
-4.571875,-inf,-73.15,16,73,dub_irish_dutch,0.20514801144599915,0,0.2025,28,0,0,1729,0,0.0,5504,42
-4.447610343665768,0,-71.16176549865229,16,71,dub_irish_dutch,0.22160658240318298,1,0.2015,23,0,0,1729,0,0.0,5632,43
-4.280000000000001,-inf,-68.48000000000002,16,68,dub_irish_dutch,0.14264104266961417,0,0.2005,29,0,0,1729,0,0.0,5760,44
-4.520624999999999,-inf,-72.32999999999998,16,72,dub_irish_dutch,0.14332216481367746,0,0.1995,32,0,0,1729,0,0.0,5888,45
-4.638041930379747,0,-74.20867088607595,16,74,dub_irish_dutch,0.1977858046690623,1,0.1985,31,0,0,1729,0,0.0,6016,46
-4.404999999999998,-inf,-70.47999999999996,16,70,dub_irish_dutch,0.20803859333197275,0,0.1975,35,0,0,1729,0,0.0,6144,47
-4.263041930379746,0,-68.20867088607594,16,68,dub_irish_dutch,0.14729695518811545,1,0.1965,40,0,0,1729,0,0.0,6272,48
-4.584375000000001,-inf,-73.35000000000002,16,73,dub_irish_dutch,0.18376603722572327,0,0.1956,27,0,0,1729,0,0.0,6400,49
-4.967500000000005,-inf,-79.48000000000008,16,79,dub_irish_dutch,0.16391756137212118,0,0.1946,26,0,0,1729,0,0.0,6528,50
-4.646250000000002,-inf,-74.34000000000003,16,74,dub_irish_dutch,0.19390474756558737,0,0.1936,26,0,0,1729,0,0.0,6656,51
-4.894375000000002,-inf,-78.31000000000003,16,78,dub_irish_dutch,0.21686178942521414,0,0.1926,15,0,0,1729,0,0.0,6784,52
-4.5043750000000005,-inf,-72.07000000000001,16,72,dub_irish_dutch,0.18660406271616617,0,0.1917,25,0,0,1729,0,0.0,6912,53
-3.9556250000000004,-inf,-63.290000000000006,16,63,dub_irish_dutch,0.20296302437782288,0,0.1907,30,0,0,1729,0,0.0,7040,54
-5.204,-inf,-78.06,15,78,dub_irish_dutch,0.31137968103090924,0,0.1898,28,0,0,1729,0,0.0,7168,55
-4.321875000000001,-inf,-69.15000000000002,16,69,dub_irish_dutch,0.11889461427927017,0,0.1888,27,0,0,1729,0,0.0,7296,56
-4.585625000000002,-inf,-73.37000000000003,16,73,dub_irish_dutch,0.16564369201660156,0,0.1879,24,0,0,1729,0,0.0,7424,57
-4.706875000000002,-inf,-75.31000000000003,16,75,dub_irish_dutch,0.170967568953832,0,0.1869,31,0,0,1729,0,0.0,7552,58
-4.578125000000001,-inf,-73.25000000000001,16,73,dub_irish_dutch,0.21457559367020926,0,0.186,30,0,0,1729,0,0.0,7680,59
-4.5768749999999985,-inf,-73.22999999999998,16,73,dub_irish_dutch,0.11495728294054668,0,0.1851,22,0,0,1729,0,0.0,7808,60
-5.017142857142858,-inf,-70.24000000000001,14,70,dub_irish_dutch,0.2111374487479528,0,0.1841,22,0,0,1729,0,0.0,7936,61
-4.2106249999999985,-inf,-67.36999999999998,16,67,dub_irish_dutch,0.1513492614030838,0,0.1832,26,0,0,1729,0,0.0,8064,62
-4.269375,-inf,-68.31,16,68,dub_irish_dutch,0.14359334111213684,0,0.1823,18,0,0,1729,0,0.0,8192,63
-4.580735343665765,0,-73.29176549865224,16,73,dub_irish_dutch,0.15597632030646005,1,0.1814,25,0,0,1729,0,0.0,8320,64
-4.207500000000001,-inf,-67.32000000000002,16,67,dub_irish_dutch,0.17202730973561606,0,0.1805,27,0,0,1729,0,0.0,8448,65
-4.518749999999999,-inf,-72.29999999999998,16,72,dub_irish_dutch,0.17995739976565042,0,0.1796,19,0,0,1729,0,0.0,8576,66
-4.468750000000003,-inf,-71.50000000000004,16,71,dub_irish_dutch,0.18622037768363953,0,0.1787,25,0,0,1729,0,0.0,8704,67
-4.413911392405063,0,-66.20867088607594,15,66,dub_irish_dutch,0.15035982429981232,1,0.1778,18,0,0,1729,0,0.0,8832,68
-4.626791930379746,0,-74.02867088607593,16,74,dub_irish_dutch,0.1598422129948934,1,0.1769,18,0,0,1729,0,0.0,8960,69
-4.145911392405064,0,-62.188670886075954,15,62,dub_irish_dutch,0.16362171868483225,1,0.176,15,0,0,1729,0,0.0,9088,70
-4.74733333333333,-inf,-71.20999999999995,15,71,dub_irish_dutch,0.18719245493412018,0,0.1751,18,0,0,1729,0,0.0,9216,71
-4.711166930379745,0,-75.37867088607592,16,75,dub_irish_dutch,0.18624305725097656,1,0.1743,21,0,0,1729,0,0.0,9344,72
-4.770666666666668,-inf,-71.56000000000002,15,71,dub_irish_dutch,0.1852426528930664,0,0.1734,20,0,0,1729,0,0.0,9472,73
-4.680666666666668,-inf,-70.21000000000002,15,70,dub_irish_dutch,0.17543941736221313,0,0.1725,18,0,0,1729,0,0.0,9600,74
-4.879285714285714,-inf,-68.30999999999999,14,68,dub_irish_dutch,0.18678522606690726,0,0.1717,24,0,0,1729,0,0.0,9728,75
-3.75875,-inf,-60.14,16,60,dub_irish_dutch,0.1780512034893036,0,0.1708,21,0,0,1729,0,0.0,9856,76
-3.9456249999999993,-inf,-63.12999999999999,16,63,dub_irish_dutch,0.14574017624060312,0,0.1699,22,0,0,1729,0,0.0,9984,77
-4.275625,-inf,-68.41,16,68,dub_irish_dutch,0.1550713131825129,0,0.1691,18,0,0,1729,0,0.0,10112,78
-4.1412499999999985,-inf,-66.25999999999998,16,66,dub_irish_dutch,0.11362464725971222,0,0.1683,14,0,0,1729,0,0.0,10240,79
-3.7662500000000017,0,-60.260000000000026,16,60,dub_irish_dutch,0.13599795599778494,1,0.1674,20,0,0,1729,0,0.0,10368,80
-4.393750000000001,-inf,-70.30000000000001,16,70,dub_irish_dutch,0.20975187420845032,0,0.1666,24,0,0,1729,0,0.0,10496,81
-4.200624999999999,0,-67.20999999999998,16,67,dub_irish_dutch,0.1938491811354955,1,0.1657,34,0,0,1729,0,0.0,10624,82
-4.011874999999998,-inf,-64.18999999999997,16,64,dub_irish_dutch,0.17728137969970703,0,0.1649,16,0,0,1729,0,0.0,10752,83
-3.9462500000000005,-inf,-63.14000000000001,16,63,dub_irish_dutch,0.15461226304372153,0,0.1641,20,0,0,1729,0,0.0,10880,84
-3.5256249999999976,-inf,-56.40999999999996,16,56,dub_irish_dutch,0.0785310169061025,0,0.1633,24,0,0,1729,0,0.0,11008,85
-3.44875,-inf,-55.18,16,55,dub_irish_dutch,0.13567185898621878,0,0.1625,20,0,0,1729,0,0.0,11136,86
-4.387500000000001,-inf,-70.20000000000002,16,70,dub_irish_dutch,0.18777623772621155,0,0.1616,22,0,0,1729,0,0.0,11264,87
-3.8268749999999994,-inf,-61.22999999999999,16,61,dub_irish_dutch,0.13354776799678802,0,0.1608,28,0,0,1729,0,0.0,11392,88
-3.3875,-inf,-54.2,16,54,dub_irish_dutch,0.08143984774748485,0,0.16,20,0,0,1729,0,0.0,11520,89
-4.146875,-inf,-66.35,16,66,dub_irish_dutch,0.18904784321784973,0,0.1592,18,0,0,1729,0,0.0,11648,90
-3.530624999999998,-inf,-56.48999999999997,16,56,dub_irish_dutch,0.1908390372991562,0,0.1584,28,0,0,1729,0,0.0,11776,91
-3.833124999999998,-inf,-61.32999999999997,16,61,dub_irish_dutch,0.12377878278493881,0,0.1576,17,0,0,1729,0,0.0,11904,92
-3.521875000000002,-inf,-56.35000000000003,16,56,dub_irish_dutch,0.10593386242787044,0,0.1569,17,0,0,1729,0,0.0,12032,93
-3.5937499999999996,-inf,-57.49999999999999,16,57,dub_irish_dutch,0.06701017667849858,0,0.1561,20,0,0,1729,0,0.0,12160,94
-3.6463603436657683,0,-58.34176549865229,16,58,dub_irish_dutch,0.11746879418690999,1,0.1553,18,0,0,1729,0,0.0,12288,95
-3.629333333333334,-inf,-54.44000000000001,15,54,dub_irish_dutch,0.1241515576839447,0,0.1545,16,0,0,1729,0,0.0,12416,96
-4.100624999999999,-inf,-65.60999999999999,16,65,dub_irish_dutch,0.10688848793506622,0,0.1537,22,0,0,1729,0,0.0,12544,97
-3.5175,-inf,-56.28,16,56,dub_irish_dutch,0.09530016283194225,0,0.153,14,0,0,1729,0,0.0,12672,98
-3.0225,-inf,-48.36,16,48,dub_irish_dutch,0.08662937581539154,0,0.1522,21,0,0,1729,0,0.0,12800,99
-4.897500000000003,-inf,-78.36000000000004,16,78,dub_irish_dutch,0.7882107297579447,0,0.25,30,1,0,1730,0,0.0,128,0
-5.419333333333335,-inf,-81.29000000000002,15,81,dub_irish_dutch,0.9415845473607382,0,0.2487,38,1,0,1730,0,0.0,256,1
-5.489527426160339,0,-82.34291139240509,15,82,dub_irish_dutch,0.9391113917032877,1,0.2475,27,1,0,1730,0,0.0,384,2
-4.892056962025322,0,-78.27291139240515,16,78,dub_irish_dutch,0.7114100853602091,1,0.2463,28,1,0,1730,0,0.0,512,3
-5.009374999999999,-inf,-80.14999999999998,16,80,dub_irish_dutch,0.7503556807835897,0,0.245,29,1,0,1730,0,0.0,640,4
-5.4437500000000005,-inf,-87.10000000000001,16,87,dub_irish_dutch,0.7186578710873922,0,0.2438,25,1,0,1730,0,0.0,768,5
-5.490000000000005,-inf,-82.35000000000007,15,82,dub_irish_dutch,0.7867488463719686,0,0.2426,26,1,0,1730,0,0.0,896,6
-4.892500000000003,-inf,-78.28000000000004,16,78,dub_irish_dutch,0.5522803664207458,0,0.2414,31,1,0,1730,0,0.0,1024,7
-5.264375000000001,-inf,-84.23000000000002,16,84,dub_irish_dutch,0.6494428912798563,0,0.2402,27,1,0,1730,0,0.0,1152,8
-4.882499999999999,-inf,-78.11999999999999,16,78,dub_irish_dutch,0.44506121675173443,0,0.239,25,1,0,1730,0,0.0,1280,9
-5.206875000000001,-inf,-83.31000000000002,16,83,dub_irish_dutch,0.49287016193072003,0,0.2378,23,1,0,1730,0,0.0,1408,10
-5.200000000000004,-inf,-83.20000000000006,16,83,dub_irish_dutch,0.42084477345148724,0,0.2366,22,1,0,1730,0,0.0,1536,11
-5.199375000000001,-inf,-83.19000000000001,16,83,dub_irish_dutch,0.3742419083913167,0,0.2354,28,1,0,1730,0,0.0,1664,12
-5.1450000000000005,-inf,-82.32000000000001,16,82,dub_irish_dutch,0.32918864488601685,0,0.2342,35,1,0,1730,0,0.0,1792,13
-4.888041930379748,0,-78.20867088607596,16,78,dub_irish_dutch,0.2813922166824341,1,0.2331,29,1,0,1730,0,0.0,1920,14
-5.015541930379747,0,-80.24867088607596,16,80,dub_irish_dutch,0.26784226298332214,1,0.2319,22,1,0,1730,0,0.0,2048,15
-4.88698534366577,0,-78.19176549865232,16,78,dub_irish_dutch,0.2136626442273458,1,0.2307,33,1,0,1730,0,0.0,2176,16
-4.453931962025314,0,-71.26291139240503,16,71,dub_irish_dutch,0.20092853407065073,1,0.2296,28,1,0,1730,0,0.0,2304,17
-5.005625,-inf,-80.09,16,80,dub_irish_dutch,0.2246995468934377,0,0.2284,34,1,0,1730,0,0.0,2432,18
-5.065624999999999,-inf,-81.04999999999998,16,81,dub_irish_dutch,0.21660944322745004,0,0.2273,37,1,0,1730,0,0.0,2560,19
-5.073333333333334,-inf,-76.10000000000001,15,76,dub_irish_dutch,0.176126629114151,0,0.2262,24,1,0,1730,0,0.0,2688,20
-4.884291930379749,0,-78.14867088607599,16,78,dub_irish_dutch,0.19199195504188538,1,0.225,32,1,0,1730,0,0.0,2816,21
-4.828749999999999,-inf,-77.25999999999999,16,77,dub_irish_dutch,0.19210006793340048,0,0.2239,34,1,0,1730,0,0.0,2944,22
-4.941360343665769,0,-79.0617654986523,16,79,dub_irish_dutch,0.19851278762022653,1,0.2228,20,1,0,1730,0,0.0,3072,23
-4.945806962025317,0,-79.13291139240508,16,79,dub_irish_dutch,0.13681246836980185,1,0.2217,26,1,0,1730,0,0.0,3200,24
-4.946666666666668,-inf,-74.20000000000002,15,74,dub_irish_dutch,0.19439065953095755,0,0.2206,24,1,0,1730,0,0.0,3328,25
-4.44625,-inf,-71.14,16,71,dub_irish_dutch,0.19350233674049377,0,0.2195,32,1,0,1730,0,0.0,3456,26
-5.495333333333332,-inf,-82.42999999999998,15,82,dub_irish_dutch,0.2271776000658671,0,0.2184,22,1,0,1730,0,0.0,3584,27
-5.156311792737154,0,-77.3446768910573,15,77,dub_irish_dutch,0.1849587212006251,2,0.2173,30,1,0,1730,0,0.0,3712,28
-4.436985343665768,0,-70.99176549865228,16,71,dub_irish_dutch,0.24136833349863687,1,0.2162,25,1,0,1730,0,0.0,3840,29
-4.8793333333333315,-inf,-73.18999999999997,15,73,dub_irish_dutch,0.22019325693448386,0,0.2151,28,1,0,1730,0,0.0,3968,30
-4.765625,-inf,-76.25,16,76,dub_irish_dutch,0.17906340459982553,0,0.214,24,1,0,1730,0,0.0,4096,31
-4.951999999999998,-inf,-74.27999999999997,15,74,dub_irish_dutch,0.2568387488524119,0,0.213,28,1,0,1730,0,0.0,4224,32
-4.5825,-inf,-73.32,16,73,dub_irish_dutch,0.16819329063097635,0,0.2119,28,1,0,1730,0,0.0,4352,33
-4.759999999999999,-inf,-76.15999999999998,16,76,dub_irish_dutch,0.2542055547237396,0,0.2108,25,1,0,1730,0,0.0,4480,34
-4.570625,-inf,-73.13,16,73,dub_irish_dutch,0.21026729544003805,0,0.2098,30,1,0,1730,0,0.0,4608,35
-4.639916930379746,0,-74.23867088607594,16,74,dub_irish_dutch,0.1996904065211614,1,0.2087,29,1,0,1730,0,0.0,4736,36
-4.542386075949367,0,-68.13579113924051,15,68,dub_irish_dutch,0.19797633588314056,1,0.2077,25,1,0,1730,0,0.0,4864,37
-5.004375,-inf,-80.07,16,80,dub_irish_dutch,0.21809600293636322,0,0.2066,34,1,0,1730,0,0.0,4992,38
-5.618666666666667,-inf,-84.28,15,84,dub_irish_dutch,0.24688775340716043,0,0.2056,35,1,0,1730,0,0.0,5120,39
-4.336874999999998,-inf,-69.38999999999997,16,69,dub_irish_dutch,0.1376780867576599,0,0.2046,33,1,0,1730,0,0.0,5248,40
-4.6899999999999995,-inf,-75.03999999999999,16,75,dub_irish_dutch,0.2177289475997289,0,0.2036,33,1,0,1730,0,0.0,5376,41
-4.206249999999997,-inf,-67.29999999999995,16,67,dub_irish_dutch,0.1361736903587977,0,0.2025,28,1,0,1730,0,0.0,5504,42
-4.573749999999999,-inf,-73.17999999999998,16,73,dub_irish_dutch,0.2294422835111618,0,0.2015,27,1,0,1730,0,0.0,5632,43
-4.636875000000002,-inf,-74.19000000000003,16,74,dub_irish_dutch,0.21208699544270834,0,0.2005,25,1,0,1730,0,0.0,5760,44
-4.454999999999998,-inf,-71.27999999999997,16,71,dub_irish_dutch,0.1542800317207972,0,0.1995,21,1,0,1730,0,0.0,5888,45
-4.591166930379749,0,-73.45867088607598,16,73,dub_irish_dutch,0.20848090946674347,1,0.1985,25,1,0,1730,0,0.0,6016,46
-4.444485343665768,0,-71.11176549865229,16,71,dub_irish_dutch,0.21855064729849497,1,0.1975,30,1,0,1730,0,0.0,6144,47
-4.279375,-inf,-68.47,16,68,dub_irish_dutch,0.1571153203646342,0,0.1965,30,1,0,1730,0,0.0,6272,48
-4.70875,-inf,-75.34,16,75,dub_irish_dutch,0.13629896938800812,0,0.1956,20,1,0,1730,0,0.0,6400,49
-4.262499999999999,-inf,-68.19999999999999,16,68,dub_irish_dutch,0.18323967854181925,0,0.1946,23,1,0,1730,0,0.0,6528,50
-4.843125000000003,-inf,-77.49000000000005,16,77,dub_irish_dutch,0.22081287701924643,0,0.1936,20,1,0,1730,0,0.0,6656,51
-4.583666930379746,0,-73.33867088607593,16,73,dub_irish_dutch,0.1593804806470871,1,0.1926,16,1,0,1730,0,0.0,6784,52
-4.82625,-inf,-77.22,16,77,dub_irish_dutch,0.21742387115955353,0,0.1917,34,1,0,1730,0,0.0,6912,53
-4.343125000000003,-inf,-69.49000000000005,16,69,dub_irish_dutch,0.16631831725438437,0,0.1907,25,1,0,1730,0,0.0,7040,54
-4.271874999999997,-inf,-68.34999999999995,16,68,dub_irish_dutch,0.18694471816221872,0,0.1898,23,1,0,1730,0,0.0,7168,55
-4.45625,-inf,-71.3,16,71,dub_irish_dutch,0.1672326773405075,0,0.1888,21,1,0,1730,0,0.0,7296,56
-4.215333333333332,-inf,-63.229999999999976,15,63,dub_irish_dutch,0.1813189039627711,0,0.1879,20,1,0,1730,0,0.0,7424,57
-4.345624999999999,-inf,-69.52999999999999,16,69,dub_irish_dutch,0.1474415361881256,0,0.1869,27,1,0,1730,0,0.0,7552,58
-4.149374999999998,-inf,-66.38999999999997,16,66,dub_irish_dutch,0.21648045380910239,0,0.186,21,1,0,1730,0,0.0,7680,59
-3.780624999999996,-inf,-60.48999999999994,16,60,dub_irish_dutch,0.1890469640493393,0,0.1851,20,1,0,1730,0,0.0,7808,60
-4.217500000000002,-inf,-67.48000000000003,16,67,dub_irish_dutch,0.16424331068992615,0,0.1841,26,1,0,1730,0,0.0,7936,61
-4.204375000000001,-inf,-67.27000000000001,16,67,dub_irish_dutch,0.18174217144648233,0,0.1832,20,1,0,1730,0,0.0,8064,62
-4.146874999999997,-inf,-66.34999999999995,16,66,dub_irish_dutch,0.17003888388474783,0,0.1823,26,1,0,1730,0,0.0,8192,63
-3.9049999999999994,-inf,-62.47999999999999,16,62,dub_irish_dutch,0.17886634171009064,0,0.1814,28,1,0,1730,0,0.0,8320,64
-4.1487500000000015,-inf,-66.38000000000002,16,66,dub_irish_dutch,0.20853565136591592,0,0.1805,32,1,0,1730,0,0.0,8448,65
-4.086875000000003,-inf,-65.39000000000004,16,65,dub_irish_dutch,0.1739902893702189,0,0.1796,20,1,0,1730,0,0.0,8576,66
-4.304666666666669,-inf,-64.57000000000004,15,64,dub_irish_dutch,0.18695289889971414,0,0.1787,20,1,0,1730,0,0.0,8704,67
-4.091249999999999,-inf,-65.45999999999998,16,65,dub_irish_dutch,0.16741897662480673,0,0.1778,21,1,0,1730,0,0.0,8832,68
-3.8493749999999993,0,-61.58999999999999,16,61,dub_irish_dutch,0.21797001361846924,0,0.1769,21,1,0,1730,0,0.0,8960,69
-4.158124999999997,-inf,-66.52999999999996,16,66,dub_irish_dutch,0.16576150059700012,0,0.176,18,1,0,1730,0,0.0,9088,70
-4.091874999999998,-inf,-65.46999999999997,16,65,dub_irish_dutch,0.2105274498462677,0,0.1751,29,1,0,1730,0,0.0,9216,71
-4.381249999999999,-inf,-70.09999999999998,16,70,dub_irish_dutch,0.19435413678487143,0,0.1743,24,1,0,1730,0,0.0,9344,72
-4.078125,-inf,-65.25,16,65,dub_irish_dutch,0.21784424285093942,0,0.1734,22,1,0,1730,0,0.0,9472,73
-3.661249999999999,-inf,-58.579999999999984,16,58,dub_irish_dutch,0.12229966620604198,0,0.1725,19,1,0,1730,0,0.0,9600,74
-3.5824999999999996,-inf,-57.31999999999999,16,57,dub_irish_dutch,0.16691879431406656,0,0.1717,15,1,0,1730,0,0.0,9728,75
-3.780624999999998,-inf,-60.48999999999997,16,60,dub_irish_dutch,0.17693405350049338,0,0.1708,24,1,0,1730,0,0.0,9856,76
-4.076874999999998,-inf,-65.22999999999996,16,65,dub_irish_dutch,0.22734195987383524,0,0.1699,20,1,0,1730,0,0.0,9984,77
-3.769999999999999,-inf,-60.319999999999986,16,60,dub_irish_dutch,0.18274852633476257,0,0.1691,20,1,0,1730,0,0.0,10112,78
-3.013124999999998,-inf,-48.209999999999965,16,48,dub_irish_dutch,0.13035948077837625,0,0.1683,15,1,0,1730,0,0.0,10240,79
-3.8812499999999988,-inf,-62.09999999999998,16,62,dub_irish_dutch,0.173322727282842,0,0.1674,24,1,0,1730,0,0.0,10368,80
-3.647500000000001,-inf,-58.360000000000014,16,58,dub_irish_dutch,0.16888006528218588,0,0.1666,15,1,0,1730,0,0.0,10496,81
-3.768749999999998,-inf,-60.29999999999997,16,60,dub_irish_dutch,0.21708706518014273,0,0.1657,24,1,0,1730,0,0.0,10624,82
-3.591874999999999,-inf,-57.469999999999985,16,57,dub_irish_dutch,0.1628344605366389,0,0.1649,20,1,0,1730,0,0.0,10752,83
-3.080625,-inf,-49.29,16,49,dub_irish_dutch,0.142303466796875,0,0.1641,15,1,0,1730,0,0.0,10880,84
-3.3381249999999967,-inf,-53.40999999999995,16,53,dub_irish_dutch,0.14942551155885062,0,0.1633,21,1,0,1730,0,0.0,11008,85
-3.523931962025314,0,-56.38291139240502,16,56,dub_irish_dutch,0.16556981205940247,1,0.1625,20,1,0,1730,0,0.0,11136,86
-3.1612500000000003,-inf,-50.580000000000005,16,50,dub_irish_dutch,0.10718983163436253,0,0.1616,14,1,0,1730,0,0.0,11264,87
-3.7043749999999984,-inf,-59.269999999999975,16,59,dub_irish_dutch,0.11129810164372127,0,0.1608,18,1,0,1730,0,0.0,11392,88
-3.2793749999999995,-inf,-52.46999999999999,16,52,dub_irish_dutch,0.08513552943865459,0,0.16,24,1,0,1730,0,0.0,11520,89
-3.1531249999999984,-inf,-50.449999999999974,16,50,dub_irish_dutch,0.1470207671324412,0,0.1592,27,1,0,1730,0,0.0,11648,90
-2.4650000000000007,-inf,-39.44000000000001,16,39,dub_irish_dutch,0.13446791470050812,0,0.1584,24,1,0,1730,0,0.0,11776,91
-2.451791930379746,0,-39.22867088607594,16,39,dub_irish_dutch,0.16521520912647247,1,0.1576,23,1,0,1730,0,0.0,11904,92
-2.1420569620253187,0,-34.2729113924051,16,34,dub_irish_dutch,0.07837684204181035,1,0.1569,18,1,0,1730,0,0.0,12032,93
-1.6000000000000016,-inf,-25.600000000000026,16,25,dub_irish_dutch,0.0999182512362798,0,0.1561,11,1,0,1730,0,0.0,12160,94
-3.232499999999999,-inf,-51.719999999999985,16,51,dub_irish_dutch,0.12184308469295502,0,0.1553,19,1,0,1730,0,0.0,12288,95
-2.764375000000002,-inf,-44.23000000000003,16,44,dub_irish_dutch,0.1206054836511612,0,0.1545,15,1,0,1730,0,0.0,12416,96
-2.339374999999999,0,-37.429999999999986,16,37,dub_irish_dutch,0.04384187360604604,1,0.1537,20,1,0,1730,0,0.0,12544,97
-1.9618750000000014,-inf,-31.390000000000022,16,31,dub_irish_dutch,0.14046277105808258,0,0.153,16,1,0,1730,0,0.0,12672,98
-2.1025000000000027,-inf,-33.64000000000004,16,33,dub_irish_dutch,0.0607988586028417,0,0.1522,14,1,0,1730,0,0.0,12800,99
-5.257500000000001,-inf,-84.12000000000002,16,84,dub_irish_dutch,0.7982352177302042,0,0.25,31,2,0,1731,0,0.0,128,0
-5.094375000000001,-inf,-81.51000000000002,16,81,dub_irish_dutch,0.6476715207099915,0,0.2487,34,2,0,1731,0,0.0,256,1
-5.259375,-inf,-84.15,16,84,dub_irish_dutch,0.5916740298271179,0,0.2475,26,2,0,1731,0,0.0,384,2
-5.222416930379749,0,-83.55867088607599,16,83,dub_irish_dutch,0.6226896444956461,1,0.2463,32,2,0,1731,0,0.0,512,3
-5.763125000000001,-inf,-92.21000000000002,16,92,dub_irish_dutch,0.728766679763794,0,0.245,38,2,0,1731,0,0.0,640,4
-5.216,-inf,-78.24000000000001,15,78,dub_irish_dutch,0.4971359471480052,0,0.2438,32,2,0,1731,0,0.0,768,5
-5.211875000000003,-inf,-83.39000000000004,16,83,dub_irish_dutch,0.5322067737579346,0,0.2426,29,2,0,1731,0,0.0,896,6
-4.653749999999996,-inf,-74.45999999999994,16,74,dub_irish_dutch,0.3629453281561534,0,0.2414,31,2,0,1731,0,0.0,1024,7
-4.891249999999999,-inf,-78.25999999999999,16,78,dub_irish_dutch,0.3861705760161082,0,0.2402,26,2,0,1731,0,0.0,1152,8
-5.149375000000002,-inf,-82.39000000000003,16,82,dub_irish_dutch,0.38673098882039386,0,0.239,36,2,0,1731,0,0.0,1280,9
-5.532784366576819,0,-82.99176549865228,15,83,dub_irish_dutch,0.38630029559135437,1,0.2378,31,2,0,1731,0,0.0,1408,10
-5.018750000000003,-inf,-80.30000000000005,16,80,dub_irish_dutch,0.29125654697418213,0,0.2366,32,2,0,1731,0,0.0,1536,11
-5.3900000000000015,-inf,-86.24000000000002,16,86,dub_irish_dutch,0.34281497200330097,0,0.2354,33,2,0,1731,0,0.0,1664,12
-5.325000000000001,-inf,-85.20000000000002,16,85,dub_irish_dutch,0.2920597394307454,0,0.2342,33,2,0,1731,0,0.0,1792,13
-5.2019853436657675,0,-83.23176549865228,16,83,dub_irish_dutch,0.27711450060208637,1,0.2331,33,2,0,1731,0,0.0,1920,14
-5.328125000000001,-inf,-85.25000000000001,16,85,dub_irish_dutch,0.27172093590100604,0,0.2319,35,2,0,1731,0,0.0,2048,15
-5.382500000000002,-inf,-86.12000000000003,16,86,dub_irish_dutch,0.2525522957245509,0,0.2307,21,2,0,1731,0,0.0,2176,16
-5.005625000000001,-inf,-80.09000000000002,16,80,dub_irish_dutch,0.19326380888621011,0,0.2296,28,2,0,1731,0,0.0,2304,17
-4.7112500000000015,-inf,-75.38000000000002,16,75,dub_irish_dutch,0.15408625702063242,0,0.2284,28,2,0,1731,0,0.0,2432,18
-4.874000000000003,-inf,-73.11000000000004,15,73,dub_irish_dutch,0.15170475840568542,0,0.2273,29,2,0,1731,0,0.0,2560,19
-4.885181962025315,0,-78.16291139240504,16,78,dub_irish_dutch,0.19931504130363464,1,0.2262,26,2,0,1731,0,0.0,2688,20
-4.7718750000000005,-inf,-76.35000000000001,16,76,dub_irish_dutch,0.18328258395195007,0,0.225,31,2,0,1731,0,0.0,2816,21
-4.757333333333334,-inf,-71.36000000000001,15,71,dub_irish_dutch,0.18437599142392477,0,0.2239,29,2,0,1731,0,0.0,2944,22
-4.580625000000001,-inf,-73.29000000000002,16,73,dub_irish_dutch,0.1837212194999059,0,0.2228,27,2,0,1731,0,0.0,3072,23
-4.8199999999999985,-inf,-77.11999999999998,16,77,dub_irish_dutch,0.25733543435732525,0,0.2217,28,2,0,1731,0,0.0,3200,24
-4.322328167115904,0,-69.15725067385446,16,69,dub_irish_dutch,0.17156772315502167,1,0.2206,29,2,0,1731,0,0.0,3328,25
-5.282000000000001,-inf,-79.23000000000002,15,79,dub_irish_dutch,0.22732398410638174,0,0.2195,35,2,0,1731,0,0.0,3456,26
-4.257500000000001,0,-68.12000000000002,16,68,dub_irish_dutch,0.15859937171141306,1,0.2184,26,2,0,1731,0,0.0,3584,27
-4.514375000000003,-inf,-72.23000000000005,16,72,dub_irish_dutch,0.17428053418795267,0,0.2173,27,2,0,1731,0,0.0,3712,28
-4.714374999999998,-inf,-75.42999999999996,16,75,dub_irish_dutch,0.19946670035521188,0,0.2162,25,2,0,1731,0,0.0,3840,29
-4.251875,-inf,-68.03,16,68,dub_irish_dutch,0.23190626005331674,0,0.2151,29,2,0,1731,0,0.0,3968,30
-4.642861946202533,0,-74.28579113924053,16,74,dub_irish_dutch,0.21997415026028952,1,0.214,21,2,0,1731,0,0.0,4096,31
-4.514375000000001,-inf,-72.23000000000002,16,72,dub_irish_dutch,0.17906904220581055,0,0.213,33,2,0,1731,0,0.0,4224,32
-4.5625,-inf,-73,16,73,dub_irish_dutch,0.18443629145622253,0,0.2119,27,2,0,1731,0,0.0,4352,33
-4.696985343665768,0,-75.15176549865228,16,75,dub_irish_dutch,0.15636075039704642,1,0.2108,23,2,0,1731,0,0.0,4480,34
-4.383749999999999,0,-70.13999999999999,16,70,dub_irish_dutch,0.18809692561626434,1,0.2098,36,2,0,1731,0,0.0,4608,35
-4.582499999999999,-inf,-73.31999999999998,16,73,dub_irish_dutch,0.2021505335966746,0,0.2087,22,2,0,1731,0,0.0,4736,36
-4.584374999999997,-inf,-73.34999999999995,16,73,dub_irish_dutch,0.13128381967544556,0,0.2077,31,2,0,1731,0,0.0,4864,37
-4.066875,-inf,-65.07,16,65,dub_irish_dutch,0.13305426637331644,0,0.2066,25,2,0,1731,0,0.0,4992,38
-4.325625000000001,-inf,-69.21000000000002,16,69,dub_irish_dutch,0.12419458230336507,0,0.2056,24,2,0,1731,0,0.0,5120,39
-4.75375,-inf,-76.06,16,76,dub_irish_dutch,0.20553713540236154,0,0.2046,25,2,0,1731,0,0.0,5248,40
-4.571250000000003,-inf,-73.14000000000004,16,73,dub_irish_dutch,0.18554842472076416,0,0.2036,33,2,0,1731,0,0.0,5376,41
-4.8825,-inf,-78.12,16,78,dub_irish_dutch,0.1860519548257192,0,0.2025,24,2,0,1731,0,0.0,5504,42
-5.0875,-inf,-81.4,16,81,dub_irish_dutch,0.21238278349240622,0,0.2015,24,2,0,1731,0,0.0,5632,43
-4.94375,-inf,-79.1,16,79,dub_irish_dutch,0.17085106670856476,0,0.2005,28,2,0,1731,0,0.0,5760,44
-4.277681962025315,0,-68.44291139240504,16,68,dub_irish_dutch,0.1605056275924047,1,0.1995,24,2,0,1731,0,0.0,5888,45
-4.696875,-inf,-75.15,16,75,dub_irish_dutch,0.17608743906021118,0,0.1985,32,2,0,1731,0,0.0,6016,46
-4.885625,-inf,-78.17,16,78,dub_irish_dutch,0.20954533914724985,0,0.1975,28,2,0,1731,0,0.0,6144,47
-4.099375,-inf,-65.59,16,65,dub_irish_dutch,0.12624901036421457,0,0.1965,20,2,0,1731,0,0.0,6272,48
-4.566875,-inf,-73.07,16,73,dub_irish_dutch,0.14902708431084952,0,0.1956,26,2,0,1731,0,0.0,6400,49
-4.576249999999998,-inf,-73.21999999999997,16,73,dub_irish_dutch,0.17651269833246866,0,0.1946,24,2,0,1731,0,0.0,6528,50
-4.753750000000002,-inf,-76.06000000000003,16,76,dub_irish_dutch,0.16871991753578186,0,0.1936,21,2,0,1731,0,0.0,6656,51
-4.773125,-inf,-76.37,16,76,dub_irish_dutch,0.17154581348101297,0,0.1926,23,2,0,1731,0,0.0,6784,52
-4.318125,-inf,-69.09,16,69,dub_irish_dutch,0.18356749912103018,0,0.1917,26,2,0,1731,0,0.0,6912,53
-4.646874999999999,-inf,-74.34999999999998,16,74,dub_irish_dutch,0.17990103860696158,0,0.1907,21,2,0,1731,0,0.0,7040,54
-4.580625,-inf,-73.29,16,73,dub_irish_dutch,0.17658591767152151,0,0.1898,23,2,0,1731,0,0.0,7168,55
-4.4556249999999995,-inf,-71.28999999999999,16,71,dub_irish_dutch,0.16926143566767374,0,0.1888,17,2,0,1731,0,0.0,7296,56
-4.836250000000003,-inf,-77.38000000000005,16,77,dub_irish_dutch,0.17806997895240784,0,0.1879,20,2,0,1731,0,0.0,7424,57
-4.406250000000002,-inf,-70.50000000000003,16,70,dub_irish_dutch,0.19980961084365845,0,0.1869,17,2,0,1731,0,0.0,7552,58
-4.526874999999997,-inf,-72.42999999999995,16,72,dub_irish_dutch,0.12227421502272288,0,0.186,27,2,0,1731,0,0.0,7680,59
-4.461875000000001,-inf,-71.39000000000001,16,71,dub_irish_dutch,0.20637732247511545,0,0.1851,20,2,0,1731,0,0.0,7808,60
-4.640625000000002,-inf,-74.25000000000003,16,74,dub_irish_dutch,0.20597233871618906,0,0.1841,34,2,0,1731,0,0.0,7936,61
-4.640000000000001,-inf,-74.24000000000001,16,74,dub_irish_dutch,0.1779666244983673,0,0.1832,30,2,0,1731,0,0.0,8064,62
-4.45,-inf,-71.2,16,71,dub_irish_dutch,0.16715004543463388,0,0.1823,30,2,0,1731,0,0.0,8192,63
-4.413750000000001,-inf,-70.62000000000002,16,70,dub_irish_dutch,0.1521490067243576,0,0.1814,22,2,0,1731,0,0.0,8320,64
-4.213749999999999,-inf,-67.41999999999999,16,67,dub_irish_dutch,0.2036653757095337,0,0.1805,21,2,0,1731,0,0.0,8448,65
-4.342578059071729,0,-65.13867088607594,15,65,dub_irish_dutch,0.13363109529018402,1,0.1796,25,2,0,1731,0,0.0,8576,66
-4.080000000000001,-inf,-65.28000000000002,16,65,dub_irish_dutch,0.175103227297465,0,0.1787,23,2,0,1731,0,0.0,8704,67
-4.705624999999999,-inf,-75.28999999999998,16,75,dub_irish_dutch,0.2135328302780787,0,0.1778,29,2,0,1731,0,0.0,8832,68
-4.687333333333331,-inf,-70.30999999999997,15,70,dub_irish_dutch,0.18415835003058115,0,0.1769,26,2,0,1731,0,0.0,8960,69
-3.9025000000000007,-inf,-62.44000000000001,16,62,dub_irish_dutch,0.11545582115650177,0,0.176,30,2,0,1731,0,0.0,9088,70
-4.267500000000002,-inf,-68.28000000000003,16,68,dub_irish_dutch,0.16959440211455026,0,0.1751,22,2,0,1731,0,0.0,9216,71
-4.190624999999999,-inf,-67.04999999999998,16,67,dub_irish_dutch,0.13054119050502777,0,0.1743,26,2,0,1731,0,0.0,9344,72
-4.260624999999998,0,-68.16999999999997,16,68,dub_irish_dutch,0.17462160686651865,1,0.1734,31,2,0,1731,0,0.0,9472,73
-3.9549999999999987,-inf,-63.27999999999998,16,63,dub_irish_dutch,0.1668096383412679,0,0.1725,21,2,0,1731,0,0.0,9600,74
-3.7575000000000003,0,-60.120000000000005,16,60,dub_irish_dutch,0.13578241070111594,1,0.1717,17,2,0,1731,0,0.0,9728,75
-3.893124999999999,-inf,-62.289999999999985,16,62,dub_irish_dutch,0.17850308120250702,0,0.1708,17,2,0,1731,0,0.0,9856,76
-3.9424169303797463,0,-63.07867088607594,16,63,dub_irish_dutch,0.15805032352606455,1,0.1699,25,2,0,1731,0,0.0,9984,77
-3.643125000000001,-inf,-58.29000000000001,16,58,dub_irish_dutch,0.15172005693117777,0,0.1691,26,2,0,1731,0,0.0,10112,78
-3.518124999999999,-inf,-56.289999999999985,16,56,dub_irish_dutch,0.14008773863315582,0,0.1683,18,2,0,1731,0,0.0,10240,79
-3.696985343665767,0,-59.151765498652274,16,59,dub_irish_dutch,0.08640982210636139,1,0.1674,26,2,0,1731,0,0.0,10368,80
-3.7667919303797466,0,-60.268670886075945,16,60,dub_irish_dutch,0.09125250329573949,1,0.1666,21,2,0,1731,0,0.0,10496,81
-3.8262499999999995,-inf,-61.21999999999999,16,61,dub_irish_dutch,0.09355048090219498,0,0.1657,17,2,0,1731,0,0.0,10624,82
-4.3168750000000005,-inf,-69.07000000000001,16,69,dub_irish_dutch,0.13953764239947,0,0.1649,26,2,0,1731,0,0.0,10752,83
-3.5756249999999996,-inf,-57.209999999999994,16,57,dub_irish_dutch,0.2685831884543101,0,0.1641,20,2,0,1731,0,0.0,10880,84
-3.633666930379746,0,-58.138670886075936,16,58,dub_irish_dutch,0.26518868406613666,1,0.1633,29,2,0,1731,0,0.0,11008,85
-3.51375,-inf,-56.22,16,56,dub_irish_dutch,0.14318097631136575,0,0.1625,18,2,0,1731,0,0.0,11136,86
-3.7581249999999993,-inf,-60.12999999999999,16,60,dub_irish_dutch,0.10726128270228703,0,0.1616,22,2,0,1731,0,0.0,11264,87
-3.516875,-inf,-56.27,16,56,dub_irish_dutch,0.1352410763502121,0,0.1608,17,2,0,1731,0,0.0,11392,88
-3.2599999999999993,0,-52.15999999999999,16,52,dub_irish_dutch,0.18503758311271667,1,0.16,23,2,0,1731,0,0.0,11520,89
-2.82625,-inf,-45.22,16,45,dub_irish_dutch,0.08732704073190689,0,0.1592,17,2,0,1731,0,0.0,11648,90
-2.754374999999999,-inf,-44.069999999999986,16,44,dub_irish_dutch,0.09137802322705586,0,0.1584,15,2,0,1731,0,0.0,11776,91
-3.3837499999999987,-inf,-54.13999999999998,16,54,dub_irish_dutch,0.1073224147160848,0,0.1576,27,2,0,1731,0,0.0,11904,92
-2.766249999999999,-inf,-44.259999999999984,16,44,dub_irish_dutch,0.1543923815091451,0,0.1569,14,2,0,1731,0,0.0,12032,93
-2.8156249999999994,-inf,-45.04999999999999,16,45,dub_irish_dutch,0.08856774618228276,0,0.1561,22,2,0,1731,0,0.0,12160,94
-2.692500000000001,-inf,-43.08000000000001,16,43,dub_irish_dutch,0.11442196120818456,0,0.1553,13,2,0,1731,0,0.0,12288,95
-2.8837500000000014,-inf,-46.14000000000002,16,46,dub_irish_dutch,0.175592303276062,0,0.1545,21,2,0,1731,0,0.0,12416,96
-2.628666930379747,0,-42.05867088607595,16,42,dub_irish_dutch,0.12903770307699838,1,0.1537,22,2,0,1731,0,0.0,12544,97
-3.130000000000001,-inf,-50.08000000000001,16,50,dub_irish_dutch,0.14589536686738333,0,0.153,20,2,0,1731,0,0.0,12672,98
-2.568749999999999,-inf,-41.09999999999999,16,41,dub_irish_dutch,0.05402139201760292,0,0.1522,14,2,0,1731,0,0.0,12800,99
-5.194999999999999,-inf,-83.11999999999999,16,83,dub_irish_dutch,0.7949312130610148,0,0.25,29,3,0,1732,0,0.0,128,0
-5.751333333333335,-inf,-86.27000000000002,15,86,dub_irish_dutch,0.9137570460637411,0,0.2487,38,3,0,1732,0,0.0,256,1
-6.027857142857148,-inf,-84.39000000000007,14,84,dub_irish_dutch,0.8908813794453939,0,0.2475,35,3,0,1732,0,0.0,384,2
-5.7446666666666655,-inf,-86.16999999999999,15,86,dub_irish_dutch,0.8546861807505289,0,0.2463,39,3,0,1732,0,0.0,512,3
-5.393124999999998,-inf,-86.28999999999996,16,86,dub_irish_dutch,0.7971370021502177,0,0.245,29,3,0,1732,0,0.0,640,4
-4.8187500000000005,-inf,-77.10000000000001,16,77,dub_irish_dutch,0.545547624429067,0,0.2438,26,3,0,1732,0,0.0,768,5
-5.416666666666667,-inf,-81.25,15,81,dub_irish_dutch,0.6377663215001425,0,0.2426,35,3,0,1732,0,0.0,896,6
-4.703125,-inf,-75.25,16,75,dub_irish_dutch,0.4153980215390523,0,0.2414,20,3,0,1732,0,0.0,1024,7
-5.347999999999998,-inf,-80.21999999999997,15,80,dub_irish_dutch,0.5547666947046915,0,0.2402,34,3,0,1732,0,0.0,1152,8
-4.513125,-inf,-72.21,16,72,dub_irish_dutch,0.3812858859697978,0,0.239,29,3,0,1732,0,0.0,1280,9
-5.022500000000002,-inf,-80.36000000000003,16,80,dub_irish_dutch,0.3702608048915863,0,0.2378,23,3,0,1732,0,0.0,1408,10
-5.2006250000000005,-inf,-83.21000000000001,16,83,dub_irish_dutch,0.37071724732716876,0,0.2366,27,3,0,1732,0,0.0,1536,11
-5.075244725738398,0,-76.12867088607597,15,76,dub_irish_dutch,0.33127352595329285,1,0.2354,27,3,0,1732,0,0.0,1664,12
-5.269375000000001,-inf,-84.31000000000002,16,84,dub_irish_dutch,0.3155042727788289,0,0.2342,36,3,0,1732,0,0.0,1792,13
-4.828124999999998,-inf,-77.24999999999997,16,77,dub_irish_dutch,0.20058323442935944,0,0.2331,30,3,0,1732,0,0.0,1920,14
-4.892500000000002,-inf,-78.28000000000003,16,78,dub_irish_dutch,0.2214254637559255,0,0.2319,26,3,0,1732,0,0.0,2048,15
-5.2681249999999995,-inf,-84.28999999999999,16,84,dub_irish_dutch,0.20626305043697357,0,0.2307,30,3,0,1732,0,0.0,2176,16
-5.017244725738397,0,-75.25867088607596,15,75,dub_irish_dutch,0.2069756289323171,1,0.2296,31,3,0,1732,0,0.0,2304,17
-4.827499999999999,-inf,-77.23999999999998,16,77,dub_irish_dutch,0.21424267689387003,0,0.2284,27,3,0,1732,0,0.0,2432,18
-4.939999999999999,-inf,-74.09999999999998,15,74,dub_irish_dutch,0.21177359918753305,0,0.2273,30,3,0,1732,0,0.0,2560,19
-5.731428571428574,-inf,-80.24000000000004,14,80,dub_irish_dutch,0.3632808526357015,0,0.2262,37,3,0,1732,0,0.0,2688,20
-5.076875000000002,-inf,-81.23000000000003,16,81,dub_irish_dutch,0.1974055270353953,0,0.225,31,3,0,1732,0,0.0,2816,21
-4.512500000000002,0,-72.20000000000003,16,72,dub_irish_dutch,0.17432781060536703,1,0.2239,34,3,0,1732,0,0.0,2944,22
-4.638666930379749,0,-74.21867088607598,16,74,dub_irish_dutch,0.20056029160817465,1,0.2228,36,3,0,1732,0,0.0,3072,23
-4.633125000000001,-inf,-74.13000000000001,16,74,dub_irish_dutch,0.1642931600411733,0,0.2217,24,3,0,1732,0,0.0,3200,24
-4.753750000000001,-inf,-76.06000000000002,16,76,dub_irish_dutch,0.20443527897198996,0,0.2206,26,3,0,1732,0,0.0,3328,25
-4.894916930379747,0,-78.31867088607595,16,78,dub_irish_dutch,0.18560664852460226,1,0.2195,29,3,0,1732,0,0.0,3456,26
-4.8187500000000005,-inf,-77.10000000000001,16,77,dub_irish_dutch,0.18438278138637543,0,0.2184,36,3,0,1732,0,0.0,3584,27
-4.815,-inf,-77.04,16,77,dub_irish_dutch,0.19070361057917276,0,0.2173,32,3,0,1732,0,0.0,3712,28
-4.83875,-inf,-77.42,16,77,dub_irish_dutch,0.17208094894886017,0,0.2162,22,3,0,1732,0,0.0,3840,29
-5.019556962025318,0,-80.31291139240508,16,80,dub_irish_dutch,0.17928947508335114,1,0.2151,23,3,0,1732,0,0.0,3968,30
-5.691451033243485,0,-85.37176549865228,15,85,dub_irish_dutch,0.2841707368691762,1,0.214,35,3,0,1732,0,0.0,4096,31
-5.0293750000000035,-inf,-80.47000000000006,16,80,dub_irish_dutch,0.1900451531012853,0,0.213,26,3,0,1732,0,0.0,4224,32
-4.820666666666667,-inf,-72.31,15,72,dub_irish_dutch,0.24607948462168375,0,0.2119,20,3,0,1732,0,0.0,4352,33
-4.914375000000004,-inf,-78.63000000000007,16,78,dub_irish_dutch,0.15534602105617523,0,0.2108,36,3,0,1732,0,0.0,4480,34
-4.598125000000001,-inf,-73.57000000000002,16,73,dub_irish_dutch,0.18497237066427866,0,0.2098,27,3,0,1732,0,0.0,4608,35
-4.643750000000001,-inf,-74.30000000000001,16,74,dub_irish_dutch,0.19639977316061655,0,0.2087,30,3,0,1732,0,0.0,4736,36
-4.8950000000000005,-inf,-78.32000000000001,16,78,dub_irish_dutch,0.1786721001068751,0,0.2077,21,3,0,1732,0,0.0,4864,37
-4.078124999999998,-inf,-65.24999999999997,16,65,dub_irish_dutch,0.19723939895629883,0,0.2066,31,3,0,1732,0,0.0,4992,38
-4.472499999999997,-inf,-71.55999999999995,16,71,dub_irish_dutch,0.15764652689297995,0,0.2056,33,3,0,1732,0,0.0,5120,39
-4.9542857142857155,0,-69.36000000000001,14,69,dub_irish_dutch,0.2116090456644694,1,0.2046,28,3,0,1732,0,0.0,5248,40
-4.588750000000004,-inf,-73.42000000000006,16,73,dub_irish_dutch,0.158936008810997,0,0.2036,26,3,0,1732,0,0.0,5376,41
-5.021875,-inf,-80.35,16,80,dub_irish_dutch,0.2192573348681132,0,0.2025,25,3,0,1732,0,0.0,5504,42
-4.530625,-inf,-72.49,16,72,dub_irish_dutch,0.13653924067815146,0,0.2015,21,3,0,1732,0,0.0,5632,43
-4.575,-inf,-73.2,16,73,dub_irish_dutch,0.20803781350453696,0,0.2005,30,3,0,1732,0,0.0,5760,44
-4.474375,-inf,-71.59,16,71,dub_irish_dutch,0.18077891071637472,0,0.1995,24,3,0,1732,0,0.0,5888,45
-5.1549999999999985,-inf,-82.47999999999998,16,82,dub_irish_dutch,0.22481671472390494,0,0.1985,18,3,0,1732,0,0.0,6016,46
-4.272500000000001,-inf,-68.36000000000001,16,68,dub_irish_dutch,0.16319803396860758,0,0.1975,22,3,0,1732,0,0.0,6144,47
-4.298749999999997,-inf,-68.77999999999996,16,68,dub_irish_dutch,0.19499339163303375,0,0.1965,28,3,0,1732,0,0.0,6272,48
-4.346791930379749,0,-69.54867088607598,16,69,dub_irish_dutch,0.21537744998931885,1,0.1956,22,3,0,1732,0,0.0,6400,49
-4.270624999999997,-inf,-68.32999999999996,16,68,dub_irish_dutch,0.19742695490519205,0,0.1946,26,3,0,1732,0,0.0,6528,50
-4.272499999999999,-inf,-68.35999999999999,16,68,dub_irish_dutch,0.17496306200822195,0,0.1936,32,3,0,1732,0,0.0,6656,51
-5.029999999999999,-inf,-70.41999999999999,14,70,dub_irish_dutch,0.23981430133183798,0,0.1926,29,3,0,1732,0,0.0,6784,52
-4.632416930379746,0,-74.11867088607593,16,74,dub_irish_dutch,0.2334370364745458,1,0.1917,22,3,0,1732,0,0.0,6912,53
-4.8287499999999985,-inf,-77.25999999999998,16,77,dub_irish_dutch,0.18315931657950082,0,0.1907,19,3,0,1732,0,0.0,7040,54
-4.33125,-inf,-69.3,16,69,dub_irish_dutch,0.22855243583520254,0,0.1898,20,3,0,1732,0,0.0,7168,55
-4.783125,-inf,-76.53,16,76,dub_irish_dutch,0.20302476982275644,0,0.1888,21,3,0,1732,0,0.0,7296,56
-4.0162499999999985,-inf,-64.25999999999998,16,64,dub_irish_dutch,0.14500126739343008,0,0.1879,23,3,0,1732,0,0.0,7424,57
-4.350735343665769,0,-69.6117654986523,16,69,dub_irish_dutch,0.1966087520122528,1,0.1869,25,3,0,1732,0,0.0,7552,58
-4.202610343665766,0,-67.24176549865226,16,67,dub_irish_dutch,0.16063926120599112,1,0.186,29,3,0,1732,0,0.0,7680,59
-3.8424999999999976,-inf,-61.47999999999996,16,61,dub_irish_dutch,0.15782299637794495,0,0.1851,25,3,0,1732,0,0.0,7808,60
-4.521250000000002,-inf,-72.34000000000003,16,72,dub_irish_dutch,0.24238148828347525,0,0.1841,30,3,0,1732,0,0.0,7936,61
-4.648666930379743,0,-74.3786708860759,16,74,dub_irish_dutch,0.21554196874300638,1,0.1832,29,3,0,1732,0,0.0,8064,62
-4.517499999999998,-inf,-72.27999999999997,16,72,dub_irish_dutch,0.23750583827495575,0,0.1823,24,3,0,1732,0,0.0,8192,63
-4.583750000000001,-inf,-73.34000000000002,16,73,dub_irish_dutch,0.19882754484812418,0,0.1814,25,3,0,1732,0,0.0,8320,64
-4.281875,-inf,-68.51,16,68,dub_irish_dutch,0.1701089491446813,0,0.1805,26,3,0,1732,0,0.0,8448,65
-4.20875,-inf,-67.34,16,67,dub_irish_dutch,0.17137488722801208,0,0.1796,19,3,0,1732,0,0.0,8576,66
-4.769374999999998,-inf,-76.30999999999997,16,76,dub_irish_dutch,0.22117208441098532,0,0.1787,23,3,0,1732,0,0.0,8704,67
-4.690666666666666,-inf,-70.35999999999999,15,70,dub_irish_dutch,0.19538256525993347,0,0.1778,31,3,0,1732,0,0.0,8832,68
-4.337499999999999,-inf,-69.39999999999998,16,69,dub_irish_dutch,0.21897325913111368,0,0.1769,23,3,0,1732,0,0.0,8960,69
-4.130624999999999,-inf,-66.08999999999999,16,66,dub_irish_dutch,0.21037209530671439,0,0.176,24,3,0,1732,0,0.0,9088,70
-4.640000000000002,-inf,-74.24000000000004,16,74,dub_irish_dutch,0.2064110984404882,0,0.1751,23,3,0,1732,0,0.0,9216,71
-4.014999999999999,-inf,-64.23999999999998,16,64,dub_irish_dutch,0.15410838524500528,0,0.1743,17,3,0,1732,0,0.0,9344,72
-4.081875,-inf,-65.31,16,65,dub_irish_dutch,0.19322130580743155,0,0.1734,18,3,0,1732,0,0.0,9472,73
-3.8150000000000004,0,-61.040000000000006,16,61,dub_irish_dutch,0.11963761846224467,1,0.1725,20,3,0,1732,0,0.0,9600,74
-4.260624999999999,-inf,-68.16999999999999,16,68,dub_irish_dutch,0.1499903996785482,0,0.1717,17,3,0,1732,0,0.0,9728,75
-3.87875,-inf,-62.06,16,62,dub_irish_dutch,0.17852999766667685,0,0.1708,23,3,0,1732,0,0.0,9856,76
-4.3875,-inf,-70.2,16,70,dub_irish_dutch,0.19093858699003854,0,0.1699,21,3,0,1732,0,0.0,9984,77
-4.955333333333335,-inf,-74.33000000000003,15,74,dub_irish_dutch,0.23201316595077515,0,0.1691,29,3,0,1732,0,0.0,10112,78
-4.13823534366577,0,-66.21176549865233,16,66,dub_irish_dutch,0.22232850889364877,1,0.1683,23,3,0,1732,0,0.0,10240,79
-4.381875000000001,-inf,-70.11000000000001,16,70,dub_irish_dutch,0.17152342200279236,0,0.1674,25,3,0,1732,0,0.0,10368,80
-4.276874999999999,-inf,-68.42999999999998,16,68,dub_irish_dutch,0.1826917678117752,0,0.1666,25,3,0,1732,0,0.0,10496,81
-3.9468750000000012,-inf,-63.15000000000002,16,63,dub_irish_dutch,0.08940467983484268,0,0.1657,20,3,0,1732,0,0.0,10624,82
-4.084999999999999,-inf,-65.35999999999999,16,65,dub_irish_dutch,0.20952971279621124,0,0.1649,22,3,0,1732,0,0.0,10752,83
-3.3862500000000004,-inf,-54.18000000000001,16,54,dub_irish_dutch,0.1714975635210673,0,0.1641,18,3,0,1732,0,0.0,10880,84
-4.0175,-inf,-64.28,16,64,dub_irish_dutch,0.1794463793436686,0,0.1633,16,3,0,1732,0,0.0,11008,85
-3.261249999999999,-inf,-52.179999999999986,16,52,dub_irish_dutch,0.16389242311318716,0,0.1625,25,3,0,1732,0,0.0,11136,86
-3.759999999999999,-inf,-60.15999999999998,16,60,dub_irish_dutch,0.09654550751050313,0,0.1616,12,3,0,1732,0,0.0,11264,87
-4.0737499999999995,-inf,-65.17999999999999,16,65,dub_irish_dutch,0.1364039828379949,0,0.1608,19,3,0,1732,0,0.0,11392,88
-3.38375,0,-54.14,16,54,dub_irish_dutch,0.17585269113381705,1,0.16,22,3,0,1732,0,0.0,11520,89
-3.199999999999999,-inf,-51.19999999999998,16,51,dub_irish_dutch,0.0876939594745636,0,0.1592,21,3,0,1732,0,0.0,11648,90
-3.474666666666666,-inf,-52.11999999999999,15,52,dub_irish_dutch,0.104358804722627,0,0.1584,14,3,0,1732,0,0.0,11776,91
-3.450000000000001,-inf,-55.20000000000002,16,55,dub_irish_dutch,0.17784273624420166,0,0.1576,22,3,0,1732,0,0.0,11904,92
-2.902499999999999,-inf,-46.43999999999998,16,46,dub_irish_dutch,0.08637217183907826,0,0.1569,18,3,0,1732,0,0.0,12032,93
-2.7093749999999988,-inf,-43.34999999999998,16,43,dub_irish_dutch,0.1816340535879135,0,0.1561,22,3,0,1732,0,0.0,12160,94
-3.276666666666666,-inf,-49.14999999999999,15,49,dub_irish_dutch,0.39173880219459534,0,0.1553,23,3,0,1732,0,0.0,12288,95
-2.4618750000000014,-inf,-39.39000000000002,16,39,dub_irish_dutch,0.06898001829783122,0,0.1545,14,3,0,1732,0,0.0,12416,96
-2.6937499999999996,-inf,-43.099999999999994,16,43,dub_irish_dutch,0.13096045702695847,0,0.1537,22,3,0,1732,0,0.0,12544,97
-2.8943749999999993,-inf,-46.30999999999999,16,46,dub_irish_dutch,0.1743262161811193,0,0.153,18,3,0,1732,0,0.0,12672,98
-2.700625,-inf,-43.21,16,43,dub_irish_dutch,0.05065331359704336,0,0.1522,19,3,0,1732,0,0.0,12800,99
-5.091875000000001,-inf,-81.47000000000001,16,81,dub_irish_dutch,0.8386551936467489,0,0.25,33,4,0,1733,0,0.0,128,0
-5.260624999999999,-inf,-84.16999999999999,16,84,dub_irish_dutch,0.8177964289983114,0,0.2487,38,4,0,1733,0,0.0,256,1
-5.079291930379745,0,-81.26867088607592,16,81,dub_irish_dutch,0.7295085986455282,1,0.2475,35,4,0,1733,0,0.0,384,2
-5.079375,-inf,-81.27,16,81,dub_irish_dutch,0.7143208781878153,0,0.2463,30,4,0,1733,0,0.0,512,3
-5.2075,-inf,-83.32,16,83,dub_irish_dutch,0.6785606344540914,0,0.245,36,4,0,1733,0,0.0,640,4
-5.426666666666667,-inf,-81.4,15,81,dub_irish_dutch,0.7533647815386454,0,0.2438,36,4,0,1733,0,0.0,768,5
-5.203125000000001,-inf,-83.25000000000001,16,83,dub_irish_dutch,0.5784242947896322,0,0.2426,33,4,0,1733,0,0.0,896,6
-5.445000000000001,-inf,-87.12000000000002,16,87,dub_irish_dutch,0.5872896909713745,0,0.2414,32,4,0,1733,0,0.0,1024,7
-5.226666666666665,-inf,-78.39999999999998,15,78,dub_irish_dutch,0.4929643174012502,0,0.2402,33,4,0,1733,0,0.0,1152,8
-5.470624999999999,-inf,-87.52999999999999,16,87,dub_irish_dutch,0.4674643079439799,0,0.239,30,4,0,1733,0,0.0,1280,9
-4.893750000000001,-inf,-78.30000000000001,16,78,dub_irish_dutch,0.3004707594712575,0,0.2378,24,4,0,1733,0,0.0,1408,10
-4.8740000000000006,-inf,-73.11000000000001,15,73,dub_irish_dutch,0.2620027114947637,0,0.2366,36,4,0,1733,0,0.0,1536,11
-5.07304193037975,0,-81.168670886076,16,81,dub_irish_dutch,0.2573551336924235,1,0.2354,29,4,0,1733,0,0.0,1664,12
-4.761875,-inf,-76.19,16,76,dub_irish_dutch,0.22304747005303702,0,0.2342,42,4,0,1733,0,0.0,1792,13
-5.667333333333333,0,-85.00999999999999,15,85,dub_irish_dutch,0.3273366689682007,1,0.2331,32,4,0,1733,0,0.0,1920,14
-4.882499999999999,-inf,-78.11999999999999,16,78,dub_irish_dutch,0.2101354350646337,0,0.2319,29,4,0,1733,0,0.0,2048,15
-5.208750000000002,-inf,-83.34000000000003,16,83,dub_irish_dutch,0.21470917264620462,0,0.2307,28,4,0,1733,0,0.0,2176,16
-5.474,-inf,-82.11,15,82,dub_irish_dutch,0.23154703279336294,0,0.2296,27,4,0,1733,0,0.0,2304,17
-5.224117699910154,0,-78.36176549865232,15,78,dub_irish_dutch,0.21113770206769308,1,0.2284,32,4,0,1733,0,0.0,2432,18
-5.272500000000004,-inf,-84.36000000000007,16,84,dub_irish_dutch,0.21881902714570364,0,0.2273,32,4,0,1733,0,0.0,2560,19
-5.144000000000002,-inf,-77.16000000000003,15,77,dub_irish_dutch,0.22128010292847952,0,0.2262,27,4,0,1733,0,0.0,2688,20
-5.281333333333333,-inf,-79.22,15,79,dub_irish_dutch,0.2586861352125804,0,0.225,34,4,0,1733,0,0.0,2816,21
-5.394285714285711,-inf,-75.51999999999995,14,75,dub_irish_dutch,0.30350932478904724,0,0.2239,30,4,0,1733,0,0.0,2944,22
-4.521250000000002,-inf,-72.34000000000003,16,72,dub_irish_dutch,0.2848738133907318,0,0.2228,30,4,0,1733,0,0.0,3072,23
-4.537244725738395,0,-68.05867088607593,15,68,dub_irish_dutch,0.1779364546140035,1,0.2217,24,4,0,1733,0,0.0,3200,24
-4.566277274045513,0,-73.0604363847282,16,73,dub_irish_dutch,0.18821354707082114,2,0.2206,30,4,0,1733,0,0.0,3328,25
-4.777499999999999,-inf,-76.43999999999998,16,76,dub_irish_dutch,0.18844073514143625,0,0.2195,28,4,0,1733,0,0.0,3456,26
-4.881333333333333,-inf,-73.22,15,73,dub_irish_dutch,0.18622217575709024,0,0.2184,29,4,0,1733,0,0.0,3584,27
-4.956250000000004,-inf,-79.30000000000007,16,79,dub_irish_dutch,0.19773871699968973,0,0.2173,24,4,0,1733,0,0.0,3712,28
-4.941451033243485,0,-74.12176549865228,15,74,dub_irish_dutch,0.17567266523838043,1,0.2162,29,4,0,1733,0,0.0,3840,29
-4.708125000000003,-inf,-75.33000000000004,16,75,dub_irish_dutch,0.17652036249637604,0,0.2151,28,4,0,1733,0,0.0,3968,30
-4.944666666666667,-inf,-74.17000000000002,15,74,dub_irish_dutch,0.20504184563954672,0,0.214,30,4,0,1733,0,0.0,4096,31
-4.263749999999998,0,-68.21999999999997,16,68,dub_irish_dutch,0.22810281813144684,1,0.213,26,4,0,1733,0,0.0,4224,32
-4.799451033243486,0,-71.99176549865228,15,72,dub_irish_dutch,0.21479788422584534,1,0.2119,25,4,0,1733,0,0.0,4352,33
-4.523124999999999,-inf,-72.36999999999999,16,72,dub_irish_dutch,0.2239611099163691,0,0.2108,25,4,0,1733,0,0.0,4480,34
-4.2655419303797455,0,-68.24867088607593,16,68,dub_irish_dutch,0.15382294356822968,1,0.2098,20,4,0,1733,0,0.0,4608,35
-4.457500000000002,-inf,-71.32000000000004,16,71,dub_irish_dutch,0.16921096543471018,0,0.2087,26,4,0,1733,0,0.0,4736,36
-4.57125,-inf,-73.14,16,73,dub_irish_dutch,0.19410211344559988,0,0.2077,26,4,0,1733,0,0.0,4864,37
-4.153860343665766,0,-66.46176549865226,16,66,dub_irish_dutch,0.162333016594251,1,0.2066,22,4,0,1733,0,0.0,4992,38
-4.948125000000001,-inf,-79.17000000000002,16,79,dub_irish_dutch,0.23056074976921082,0,0.2056,25,4,0,1733,0,0.0,5120,39
-4.6875,-inf,-75,16,75,dub_irish_dutch,0.20197737713654837,0,0.2046,29,4,0,1733,0,0.0,5248,40
-4.3175,-inf,-69.08,16,69,dub_irish_dutch,0.21250874797503153,0,0.2036,18,4,0,1733,0,0.0,5376,41
-4.135735343665766,0,-66.17176549865225,16,66,dub_irish_dutch,0.1379297822713852,1,0.2025,27,4,0,1733,0,0.0,5504,42
-4.194375,-inf,-67.11,16,67,dub_irish_dutch,0.18853146334489188,0,0.2015,24,4,0,1733,0,0.0,5632,43
-4.208749999999997,-inf,-67.33999999999995,16,67,dub_irish_dutch,0.16281743347644806,0,0.2005,23,4,0,1733,0,0.0,5760,44
-4.333666930379746,0,-69.33867088607593,16,69,dub_irish_dutch,0.14668110509713492,1,0.1995,28,4,0,1733,0,0.0,5888,45
-4.389375000000001,-inf,-70.23000000000002,16,70,dub_irish_dutch,0.2076865037282308,0,0.1985,30,4,0,1733,0,0.0,6016,46
-3.8182353436657674,0,-61.09176549865228,16,61,dub_irish_dutch,0.23237512509028116,1,0.1975,32,4,0,1733,0,0.0,6144,47
-4.036249999999999,-inf,-64.57999999999998,16,64,dub_irish_dutch,0.18947758773962656,0,0.1965,28,4,0,1733,0,0.0,6272,48
-4.129375,-inf,-66.07,16,66,dub_irish_dutch,0.22486702104409537,0,0.1956,29,4,0,1733,0,0.0,6400,49
-4.208124999999997,-inf,-67.32999999999996,16,67,dub_irish_dutch,0.1574816753466924,0,0.1946,31,4,0,1733,0,0.0,6528,50
-3.8380000000000014,-inf,-57.57000000000002,15,57,dub_irish_dutch,0.2134499897559484,0,0.1936,17,4,0,1733,0,0.0,6656,51
-4.200000000000001,-inf,-67.20000000000002,16,67,dub_irish_dutch,0.17897727092107138,0,0.1926,26,4,0,1733,0,0.0,6784,52
-3.891249999999999,-inf,-62.259999999999984,16,62,dub_irish_dutch,0.1830830772717794,0,0.1917,23,4,0,1733,0,0.0,6912,53
-4.378749999999999,-inf,-70.05999999999999,16,70,dub_irish_dutch,0.2878540058930715,0,0.1907,25,4,0,1733,0,0.0,7040,54
-4.558666666666668,-inf,-68.38000000000002,15,68,dub_irish_dutch,0.23205179969469705,0,0.1898,18,4,0,1733,0,0.0,7168,55
-4.521874999999999,-inf,-72.34999999999998,16,72,dub_irish_dutch,0.1917706032594045,0,0.1888,18,4,0,1733,0,0.0,7296,56
-4.38375,-inf,-70.14,16,70,dub_irish_dutch,0.18397457897663116,0,0.1879,28,4,0,1733,0,0.0,7424,57
-4.650000000000001,-inf,-74.40000000000002,16,74,dub_irish_dutch,0.1813690960407257,0,0.1869,22,4,0,1733,0,0.0,7552,58
-3.8881249999999983,-inf,-62.20999999999997,16,62,dub_irish_dutch,0.22343949973583221,0,0.186,19,4,0,1733,0,0.0,7680,59
-3.8299999999999996,-inf,-61.279999999999994,16,61,dub_irish_dutch,0.15569403767585754,0,0.1851,19,4,0,1733,0,0.0,7808,60
-3.8456249999999987,-inf,-61.52999999999998,16,61,dub_irish_dutch,0.18526806433995566,0,0.1841,22,4,0,1733,0,0.0,7936,61
-3.944375,-inf,-63.11,16,63,dub_irish_dutch,0.1366496135791143,0,0.1832,22,4,0,1733,0,0.0,8064,62
-4.288666666666668,-inf,-64.33000000000001,15,64,dub_irish_dutch,0.16907692948977152,0,0.1823,21,4,0,1733,0,0.0,8192,63
-4.384375,-inf,-70.15,16,70,dub_irish_dutch,0.12277840077877045,0,0.1814,17,4,0,1733,0,0.0,8320,64
-3.821875,-inf,-61.15,16,61,dub_irish_dutch,0.1750202775001526,0,0.1805,24,4,0,1733,0,0.0,8448,65
-3.821875,-inf,-61.15,16,61,dub_irish_dutch,0.1405798395474752,0,0.1796,27,4,0,1733,0,0.0,8576,66
-3.835625,-inf,-61.37,16,61,dub_irish_dutch,0.16212192674477896,0,0.1787,19,4,0,1733,0,0.0,8704,67
-4.096666666666664,-inf,-61.44999999999996,15,61,dub_irish_dutch,0.1647288699944814,0,0.1778,19,4,0,1733,0,0.0,8832,68
-4.140666666666667,-inf,-62.11000000000001,15,62,dub_irish_dutch,0.20204757153987885,0,0.1769,28,4,0,1733,0,0.0,8960,69
-3.889999999999998,-inf,-62.23999999999997,16,62,dub_irish_dutch,0.12419131894906361,0,0.176,20,4,0,1733,0,0.0,9088,70
-4.132056962025315,0,-66.11291139240504,16,66,dub_irish_dutch,0.2167082577943802,1,0.1751,17,4,0,1733,0,0.0,9216,71
-4.079375,-inf,-65.27,16,65,dub_irish_dutch,0.22289457420508066,0,0.1743,18,4,0,1733,0,0.0,9344,72
-3.581249999999998,-inf,-57.29999999999997,16,57,dub_irish_dutch,0.16571296254793802,0,0.1734,27,4,0,1733,0,0.0,9472,73
-3.903749999999999,-inf,-62.45999999999999,16,62,dub_irish_dutch,0.20226856072743735,0,0.1725,25,4,0,1733,0,0.0,9600,74
-3.2118749999999996,-inf,-51.38999999999999,16,51,dub_irish_dutch,0.1964244544506073,0,0.1717,18,4,0,1733,0,0.0,9728,75
-3.3519999999999994,0,-50.279999999999994,15,50,dub_irish_dutch,0.1856072098016739,1,0.1708,30,4,0,1733,0,0.0,9856,76
-4.326249999999998,-inf,-69.21999999999997,16,69,dub_irish_dutch,0.22276266912619272,0,0.1699,27,4,0,1733,0,0.0,9984,77
-3.643124999999999,-inf,-58.289999999999985,16,58,dub_irish_dutch,0.11513963838418324,0,0.1691,23,4,0,1733,0,0.0,10112,78
-3.3314319620253174,0,-53.30291139240508,16,53,dub_irish_dutch,0.1092798908551534,1,0.1683,20,4,0,1733,0,0.0,10240,79
-3.839374999999998,-inf,-61.42999999999997,16,61,dub_irish_dutch,0.1574612706899643,0,0.1674,22,4,0,1733,0,0.0,10368,80
-3.8281249999999982,-inf,-61.24999999999997,16,61,dub_irish_dutch,0.16893830398718515,0,0.1666,23,4,0,1733,0,0.0,10496,81
-3.2612499999999995,-inf,-52.17999999999999,16,52,dub_irish_dutch,0.12063554674386978,0,0.1657,16,4,0,1733,0,0.0,10624,82
-3.3937499999999994,-inf,-54.29999999999999,16,54,dub_irish_dutch,0.14198139806588492,0,0.1649,25,4,0,1733,0,0.0,10752,83
-4.0075,-inf,-64.12,16,64,dub_irish_dutch,0.14184661209583282,0,0.1641,29,4,0,1733,0,0.0,10880,84
-3.7681249999999986,-inf,-60.28999999999998,16,60,dub_irish_dutch,0.16391198337078094,0,0.1633,23,4,0,1733,0,0.0,11008,85
-2.7681249999999986,0,-44.28999999999998,16,44,dub_irish_dutch,0.1797595570484797,1,0.1625,20,4,0,1733,0,0.0,11136,86
-3.199375,-inf,-51.19,16,51,dub_irish_dutch,0.0975100224216779,0,0.1616,19,4,0,1733,0,0.0,11264,87
-2.7625,-inf,-44.2,16,44,dub_irish_dutch,0.07332081596056621,0,0.1608,16,4,0,1733,0,0.0,11392,88
-2.901249999999998,-inf,-46.419999999999966,16,46,dub_irish_dutch,0.10113707184791565,0,0.16,14,4,0,1733,0,0.0,11520,89
-3.2618749999999994,-inf,-52.18999999999999,16,52,dub_irish_dutch,0.07095144192377727,0,0.1592,22,4,0,1733,0,0.0,11648,90
-2.450625,-inf,-39.21,16,39,dub_irish_dutch,0.0764200712243716,0,0.1584,17,4,0,1733,0,0.0,11776,91
-2.4706250000000014,-inf,-39.53000000000002,16,39,dub_irish_dutch,0.08613339563210805,0,0.1576,18,4,0,1733,0,0.0,11904,92
-2.633125000000001,-inf,-42.13000000000002,16,42,dub_irish_dutch,0.1350539724032084,0,0.1569,22,4,0,1733,0,0.0,12032,93
-2.78375,-inf,-44.54,16,44,dub_irish_dutch,0.16295150419076285,0,0.1561,19,4,0,1733,0,0.0,12160,94
-2.5843750000000005,-inf,-41.35000000000001,16,41,dub_irish_dutch,0.06441867848237355,0,0.1553,18,4,0,1733,0,0.0,12288,95
-2.901250000000002,-inf,-46.42000000000003,16,46,dub_irish_dutch,0.09246014803647995,0,0.1545,22,4,0,1733,0,0.0,12416,96
-2.0150000000000006,-inf,-32.24000000000001,16,32,dub_irish_dutch,0.1497341195742289,0,0.1537,25,4,0,1733,0,0.0,12544,97
-2.1487500000000015,-inf,-34.380000000000024,16,34,dub_irish_dutch,0.04797331988811493,0,0.153,14,4,0,1733,0,0.0,12672,98
-2.387500000000001,-inf,-38.20000000000002,16,38,dub_irish_dutch,0.10405518114566803,0,0.1522,19,4,0,1733,0,0.0,12800,99
-5.201333333333333,-inf,-78.02,15,78,dub_irish_dutch,0.8012623985608419,0,0.25,51,5,0,1734,0,0.0,128,0
-5.1343749999999995,-inf,-82.14999999999999,16,82,dub_irish_dutch,0.6733883817990621,0,0.2487,32,5,0,1734,0,0.0,256,1
-5.572610343665771,0,-89.16176549865233,16,89,dub_irish_dutch,0.7757103244463602,1,0.2475,32,5,0,1734,0,0.0,384,2
-5.828750000000002,-inf,-93.26000000000003,16,93,dub_irish_dutch,0.8469799359639486,0,0.2463,26,5,0,1734,0,0.0,512,3
-5.133750000000004,-inf,-82.14000000000006,16,82,dub_irish_dutch,0.6144691109657288,0,0.245,27,5,0,1734,0,0.0,640,4
-5.3862499999999995,-inf,-86.17999999999999,16,86,dub_irish_dutch,0.594656507174174,0,0.2438,28,5,0,1734,0,0.0,768,5
-5.6468750000000005,-inf,-90.35000000000001,16,90,dub_irish_dutch,0.6687147617340088,0,0.2426,32,5,0,1734,0,0.0,896,6
-5.396875000000001,-inf,-86.35000000000002,16,86,dub_irish_dutch,0.545466403166453,0,0.2414,28,5,0,1734,0,0.0,1024,7
-5.082500000000004,-inf,-81.32000000000006,16,81,dub_irish_dutch,0.38282479842503864,0,0.2402,24,5,0,1734,0,0.0,1152,8
-5.2966666666666695,-inf,-79.45000000000005,15,79,dub_irish_dutch,0.4513224760691325,0,0.239,29,5,0,1734,0,0.0,1280,9
-5.211250000000001,-inf,-83.38000000000001,16,83,dub_irish_dutch,0.3875572284062703,0,0.2378,30,5,0,1734,0,0.0,1408,10
-5.009375000000001,-inf,-80.15000000000002,16,80,dub_irish_dutch,0.2697748641173045,0,0.2366,32,5,0,1734,0,0.0,1536,11
-5.512500000000001,-inf,-88.20000000000002,16,88,dub_irish_dutch,0.3830180764198303,0,0.2354,36,5,0,1734,0,0.0,1664,12
-5.2813333333333325,-inf,-79.21999999999998,15,79,dub_irish_dutch,0.25696443021297455,0,0.2342,28,5,0,1734,0,0.0,1792,13
-5.353333333333336,-inf,-80.30000000000004,15,80,dub_irish_dutch,0.3229157626628876,0,0.2331,25,5,0,1734,0,0.0,1920,14
-5.084375,-inf,-81.35,16,81,dub_irish_dutch,0.24059047798315683,0,0.2319,29,5,0,1734,0,0.0,2048,15
-4.8937500000000025,-inf,-78.30000000000004,16,78,dub_irish_dutch,0.19590469201405844,0,0.2307,24,5,0,1734,0,0.0,2176,16
-5.508,-inf,-82.62,15,82,dub_irish_dutch,0.2368240604797999,0,0.2296,32,5,0,1734,0,0.0,2304,17
-5.085333333333334,-inf,-76.28,15,76,dub_irish_dutch,0.18608214457829794,0,0.2284,38,5,0,1734,0,0.0,2432,18
-4.94375,-inf,-79.1,16,79,dub_irish_dutch,0.20224317908287048,0,0.2273,32,5,0,1734,0,0.0,2560,19
-5.0668750000000005,-inf,-81.07000000000001,16,81,dub_irish_dutch,0.1767947276433309,0,0.2262,36,5,0,1734,0,0.0,2688,20
-4.509374999999999,-inf,-72.14999999999998,16,72,dub_irish_dutch,0.1506932576497396,0,0.225,28,5,0,1734,0,0.0,2816,21
-4.769375,0,-76.31,16,76,dub_irish_dutch,0.18836492796738943,1,0.2239,34,5,0,1734,0,0.0,2944,22
-4.809911392405064,0,-72.14867088607595,15,72,dub_irish_dutch,0.1989972045024236,1,0.2228,19,5,0,1734,0,0.0,3072,23
-5.02875,-inf,-80.46,16,80,dub_irish_dutch,0.22354544699192047,0,0.2217,34,5,0,1734,0,0.0,3200,24
-4.703860343665767,0,-75.26176549865227,16,75,dub_irish_dutch,0.17659487326939902,1,0.2206,29,5,0,1734,0,0.0,3328,25
-4.942499999999999,-inf,-79.07999999999998,16,79,dub_irish_dutch,0.21046326061089835,0,0.2195,29,5,0,1734,0,0.0,3456,26
-4.884374999999999,-inf,-78.14999999999998,16,78,dub_irish_dutch,0.2173886001110077,0,0.2184,29,5,0,1734,0,0.0,3584,27
-5.140000000000001,-inf,-77.10000000000001,15,77,dub_irish_dutch,0.19833356142044067,0,0.2173,32,5,0,1734,0,0.0,3712,28
-4.333124999999998,-inf,-69.32999999999997,16,69,dub_irish_dutch,0.16059620678424835,0,0.2162,32,5,0,1734,0,0.0,3840,29
-4.1875,-inf,-67,16,67,dub_irish_dutch,0.1851133555173874,0,0.2151,30,5,0,1734,0,0.0,3968,30
-4.701874999999999,-inf,-75.22999999999999,16,75,dub_irish_dutch,0.23078093926111856,0,0.214,20,5,0,1734,0,0.0,4096,31
-4.88679193037975,0,-78.188670886076,16,78,dub_irish_dutch,0.20746460060278574,1,0.213,33,5,0,1734,0,0.0,4224,32
-4.38125,-inf,-70.1,16,70,dub_irish_dutch,0.19214674333731332,0,0.2119,29,5,0,1734,0,0.0,4352,33
-4.6875,-inf,-75,16,75,dub_irish_dutch,0.19608538349469504,0,0.2108,27,5,0,1734,0,0.0,4480,34
-4.770000000000001,-inf,-76.32000000000002,16,76,dub_irish_dutch,0.17419308423995972,0,0.2098,27,5,0,1734,0,0.0,4608,35
-4.5199169303797495,0,-72.31867088607599,16,72,dub_irish_dutch,0.2073537309964498,1,0.2087,24,5,0,1734,0,0.0,4736,36
-4.507499999999999,-inf,-72.11999999999999,16,72,dub_irish_dutch,0.1811001698176066,0,0.2077,28,5,0,1734,0,0.0,4864,37
-4.315625,-inf,-69.05,16,69,dub_irish_dutch,0.23264924685160318,0,0.2066,24,5,0,1734,0,0.0,4992,38
-4.328125,-inf,-69.25,16,69,dub_irish_dutch,0.22037091851234436,0,0.2056,27,5,0,1734,0,0.0,5120,39
-3.8918749999999984,-inf,-62.269999999999975,16,62,dub_irish_dutch,0.1594711442788442,0,0.2046,22,5,0,1734,0,0.0,5248,40
-4.323124999999999,-inf,-69.16999999999999,16,69,dub_irish_dutch,0.1970329831043879,0,0.2036,31,5,0,1734,0,0.0,5376,41
-4.3759869462025325,0,-70.01579113924052,16,70,dub_irish_dutch,0.25413304567337036,1,0.2025,29,5,0,1734,0,0.0,5504,42
-3.8837500000000005,-inf,-62.14000000000001,16,62,dub_irish_dutch,0.24797159930070242,0,0.2015,33,5,0,1734,0,0.0,5632,43
-4.201875000000001,-inf,-67.23000000000002,16,67,dub_irish_dutch,0.20405674477418265,0,0.2005,27,5,0,1734,0,0.0,5760,44
-4.146874999999998,-inf,-66.34999999999997,16,66,dub_irish_dutch,0.1946344474951426,0,0.1995,23,5,0,1734,0,0.0,5888,45
-4.508125,-inf,-72.13,16,72,dub_irish_dutch,0.199544757604599,0,0.1985,26,5,0,1734,0,0.0,6016,46
-4.215806962025314,0,-67.45291139240503,16,67,dub_irish_dutch,0.19173476099967957,1,0.1975,20,5,0,1734,0,0.0,6144,47
-3.9506249999999987,-inf,-63.20999999999998,16,63,dub_irish_dutch,0.18231155971686044,0,0.1965,32,5,0,1734,0,0.0,6272,48
-4.073931962025317,0,-65.18291139240507,16,65,dub_irish_dutch,0.2120360235373179,2,0.1956,25,5,0,1734,0,0.0,6400,49
-4.140625000000001,-inf,-66.25000000000001,16,66,dub_irish_dutch,0.157181054353714,0,0.1946,20,5,0,1734,0,0.0,6528,50
-4.256875,-inf,-68.11,16,68,dub_irish_dutch,0.15067305664221445,0,0.1936,25,5,0,1734,0,0.0,6656,51
-4.270000000000002,-inf,-68.32000000000004,16,68,dub_irish_dutch,0.12410946687062581,0,0.1926,23,5,0,1734,0,0.0,6784,52
-4.567499999999999,-inf,-73.07999999999998,16,73,dub_irish_dutch,0.22583321233590445,0,0.1917,25,5,0,1734,0,0.0,6912,53
-4.203931962025318,0,-67.26291139240509,16,67,dub_irish_dutch,0.2169916977485021,1,0.1907,27,5,0,1734,0,0.0,7040,54
-4.0043750000000005,-inf,-64.07000000000001,16,64,dub_irish_dutch,0.18882349133491516,0,0.1898,31,5,0,1734,0,0.0,7168,55
-4.013125000000001,-inf,-64.21000000000002,16,64,dub_irish_dutch,0.15778311590353647,0,0.1888,21,5,0,1734,0,0.0,7296,56
-4.084374999999999,-inf,-65.34999999999998,16,65,dub_irish_dutch,0.15587067604064941,0,0.1879,20,5,0,1734,0,0.0,7424,57
-4.4375,-inf,-71,16,71,dub_irish_dutch,0.15243532260258993,0,0.1869,17,5,0,1734,0,0.0,7552,58
-3.7718749999999983,-inf,-60.34999999999997,16,60,dub_irish_dutch,0.24679202834765115,0,0.186,32,5,0,1734,0,0.0,7680,59
-3.5739319620253163,0,-57.18291139240506,16,57,dub_irish_dutch,0.1633482128381729,1,0.1851,22,5,0,1734,0,0.0,7808,60
-3.579374999999997,-inf,-57.26999999999995,16,57,dub_irish_dutch,0.20776210725307465,0,0.1841,27,5,0,1734,0,0.0,7936,61
-3.8824999999999994,-inf,-62.11999999999999,16,62,dub_irish_dutch,0.3296315570672353,0,0.1832,20,5,0,1734,0,0.0,8064,62
-3.8374999999999964,-inf,-61.39999999999994,16,61,dub_irish_dutch,0.16911614934603372,0,0.1823,24,5,0,1734,0,0.0,8192,63
-3.5018749999999996,-inf,-56.029999999999994,16,56,dub_irish_dutch,0.14310424526532492,0,0.1814,27,5,0,1734,0,0.0,8320,64
-3.7675000000000005,-inf,-60.28000000000001,16,60,dub_irish_dutch,0.1532727430264155,0,0.1805,24,5,0,1734,0,0.0,8448,65
-3.567500000000001,-inf,-57.08000000000001,16,57,dub_irish_dutch,0.08577356735865276,0,0.1796,26,5,0,1734,0,0.0,8576,66
-3.0100000000000007,-inf,-48.16000000000001,16,48,dub_irish_dutch,0.08672286321719487,0,0.1787,17,5,0,1734,0,0.0,8704,67
-4.023749999999998,-inf,-64.37999999999997,16,64,dub_irish_dutch,0.1768613507350286,0,0.1778,33,5,0,1734,0,0.0,8832,68
-3.1287499999999997,-inf,-50.059999999999995,16,50,dub_irish_dutch,0.15202520787715912,0,0.1769,28,5,0,1734,0,0.0,8960,69
-2.815625,-inf,-45.05,16,45,dub_irish_dutch,0.12230799595514934,0,0.176,18,5,0,1734,0,0.0,9088,70
-3.143124999999999,-inf,-50.289999999999985,16,50,dub_irish_dutch,0.1517246663570404,0,0.1751,14,5,0,1734,0,0.0,9216,71
-2.8818749999999995,0,-46.10999999999999,16,46,dub_irish_dutch,0.13279897471268973,1,0.1743,17,5,0,1734,0,0.0,9344,72
-3.4418750000000005,-inf,-55.07000000000001,16,55,dub_irish_dutch,0.13201723992824554,0,0.1734,17,5,0,1734,0,0.0,9472,73
-3.2056250000000004,-inf,-51.290000000000006,16,51,dub_irish_dutch,0.15480464696884155,0,0.1725,20,5,0,1734,0,0.0,9600,74
-2.9406249999999994,-inf,-47.04999999999999,16,47,dub_irish_dutch,0.0671877736846606,0,0.1717,20,5,0,1734,0,0.0,9728,75
-2.875,-inf,-46,16,46,dub_irish_dutch,0.1727509746948878,0,0.1708,21,5,0,1734,0,0.0,9856,76
-3.069999999999999,-inf,-49.11999999999998,16,49,dub_irish_dutch,0.13560369610786438,0,0.1699,15,5,0,1734,0,0.0,9984,77
-2.7006249999999987,-inf,-43.20999999999998,16,43,dub_irish_dutch,0.15779976050059,0,0.1691,21,5,0,1734,0,0.0,10112,78
-2.875,-inf,-46,16,46,dub_irish_dutch,0.11058944960435231,0,0.1683,23,5,0,1734,0,0.0,10240,79
-3.004374999999999,-inf,-48.069999999999986,16,48,dub_irish_dutch,0.14889263113339743,0,0.1674,20,5,0,1734,0,0.0,10368,80
-2.702500000000001,-inf,-43.240000000000016,16,43,dub_irish_dutch,0.25995826721191406,0,0.1666,33,5,0,1734,0,0.0,10496,81
-2.5193749999999997,-inf,-40.309999999999995,16,40,dub_irish_dutch,0.06951599071423213,0,0.1657,13,5,0,1734,0,0.0,10624,82
-2.4406250000000007,-inf,-39.05000000000001,16,39,dub_irish_dutch,0.08553986499706905,0,0.1649,12,5,0,1734,0,0.0,10752,83
-2.3218750000000004,-inf,-37.150000000000006,16,37,dub_irish_dutch,0.08455459276835124,0,0.1641,20,5,0,1734,0,0.0,10880,84
-2.00875,-inf,-32.14,16,32,dub_irish_dutch,0.05377556880315145,0,0.1633,21,5,0,1734,0,0.0,11008,85
-2.399375,-inf,-38.39,16,38,dub_irish_dutch,0.045858112474282585,0,0.1625,21,5,0,1734,0,0.0,11136,86
-2.255,-inf,-36.08,16,36,dub_irish_dutch,0.1075991839170456,0,0.1616,21,5,0,1734,0,0.0,11264,87
-1.8268750000000002,-inf,-29.230000000000004,16,29,dub_irish_dutch,0.06707132359345754,0,0.1608,23,5,0,1734,0,0.0,11392,88
-2.195000000000001,-inf,-35.12000000000002,16,35,dub_irish_dutch,0.06660955771803856,0,0.16,17,5,0,1734,0,0.0,11520,89
-1.8868750000000016,-inf,-30.190000000000026,16,30,dub_irish_dutch,0.11201525727907817,0,0.1592,20,5,0,1734,0,0.0,11648,90
-1.7681250000000004,-inf,-28.290000000000006,16,28,dub_irish_dutch,0.04070684624214967,0,0.1584,20,5,0,1734,0,0.0,11776,91
-1.5675,-inf,-25.08,16,25,dub_irish_dutch,0.10013790180285771,0,0.1576,14,5,0,1734,0,0.0,11904,92
-1.3868749999999999,-inf,-22.189999999999998,16,22,dub_irish_dutch,0.07536821067333221,0,0.1569,19,5,0,1734,0,0.0,12032,93
-2.1331250000000006,-inf,-34.13000000000001,16,34,dub_irish_dutch,0.2088944067557653,0,0.1561,16,5,0,1734,0,0.0,12160,94
-1.3350000000000002,-inf,-21.360000000000003,16,21,dub_irish_dutch,0.06672399987777074,0,0.1553,18,5,0,1734,0,0.0,12288,95
-1.2043749999999998,-inf,-19.269999999999996,16,19,dub_irish_dutch,0.06863950813810031,0,0.1545,16,5,0,1734,0,0.0,12416,96
-1.4375,-inf,-23,16,23,dub_irish_dutch,0.04541058217485746,0,0.1537,16,5,0,1734,0,0.0,12544,97
-1.8800000000000008,-inf,-30.080000000000013,16,30,dub_irish_dutch,0.12144749363263448,0,0.153,20,5,0,1734,0,0.0,12672,98
-1.4624999999999997,-inf,-23.399999999999995,16,23,dub_irish_dutch,0.05008151630560557,0,0.1522,15,5,0,1734,0,0.0,12800,99
-5.513125,-inf,-88.21,16,88,dub_irish_dutch,0.9006856679916382,0,0.25,31,6,0,1735,0,0.0,128,0
-5.330000000000002,-inf,-85.28000000000003,16,85,dub_irish_dutch,0.9084289073944092,0,0.2487,26,6,0,1735,0,0.0,256,1
-5.391875000000005,-inf,-86.27000000000008,16,86,dub_irish_dutch,0.8799853722254435,0,0.2475,26,6,0,1735,0,0.0,384,2
-5.402500000000004,-inf,-86.44000000000007,16,86,dub_irish_dutch,0.848365843296051,0,0.2463,26,6,0,1735,0,0.0,512,3
-5.509999999999999,-inf,-88.15999999999998,16,88,dub_irish_dutch,0.7255275050799052,0,0.245,31,6,0,1735,0,0.0,640,4
-5.2093750000000005,-inf,-83.35000000000001,16,83,dub_irish_dutch,0.6687573591868082,0,0.2438,39,6,0,1735,0,0.0,768,5
-4.818000000000004,-inf,-72.27000000000007,15,72,dub_irish_dutch,0.47896377245585126,0,0.2426,28,6,0,1735,0,0.0,896,6
-5.142500000000002,-inf,-82.28000000000003,16,82,dub_irish_dutch,0.5425113836924235,0,0.2414,29,6,0,1735,0,0.0,1024,7
-5.00125,-inf,-80.02,16,80,dub_irish_dutch,0.48259501655896503,0,0.2402,27,6,0,1735,0,0.0,1152,8
-5.33625,-inf,-85.38,16,85,dub_irish_dutch,0.5163002709547678,0,0.239,31,6,0,1735,0,0.0,1280,9
-4.893750000000003,-inf,-78.30000000000005,16,78,dub_irish_dutch,0.3612011770407359,0,0.2378,33,6,0,1735,0,0.0,1408,10
-5.011083860759493,0,-80.17734177215189,16,80,dub_irish_dutch,0.38070961833000183,2,0.2366,25,6,0,1735,0,0.0,1536,11
-4.885000000000001,-inf,-78.16000000000001,16,78,dub_irish_dutch,0.27963319420814514,0,0.2354,28,6,0,1735,0,0.0,1664,12
-4.961875000000002,-inf,-79.39000000000003,16,79,dub_irish_dutch,0.2535780072212219,0,0.2342,24,6,0,1735,0,0.0,1792,13
-4.9451103436657675,0,-79.12176549865228,16,79,dub_irish_dutch,0.22215795516967773,1,0.2331,21,6,0,1735,0,0.0,1920,14
-5.138750000000004,-inf,-82.22000000000007,16,82,dub_irish_dutch,0.24292971193790436,0,0.2319,29,6,0,1735,0,0.0,2048,15
-5.015735343665768,0,-80.25176549865229,16,80,dub_irish_dutch,0.2720298171043396,2,0.2307,27,6,0,1735,0,0.0,2176,16
-4.698124999999999,-inf,-75.16999999999999,16,75,dub_irish_dutch,0.14542709290981293,0,0.2296,21,6,0,1735,0,0.0,2304,17
-4.946875000000002,-inf,-79.15000000000003,16,79,dub_irish_dutch,0.19814969102541605,0,0.2284,24,6,0,1735,0,0.0,2432,18
-4.893125000000001,-inf,-78.29000000000002,16,78,dub_irish_dutch,0.1936907966931661,0,0.2273,32,6,0,1735,0,0.0,2560,19
-5.071875000000001,-inf,-81.15000000000002,16,81,dub_irish_dutch,0.19553434352080026,0,0.2262,25,6,0,1735,0,0.0,2688,20
-4.768125000000002,-inf,-76.29000000000003,16,76,dub_irish_dutch,0.28161704540252686,0,0.225,28,6,0,1735,0,0.0,2816,21
-4.598750000000001,-inf,-73.58000000000001,16,73,dub_irish_dutch,0.1629677414894104,0,0.2239,26,6,0,1735,0,0.0,2944,22
-4.641249999999999,-inf,-74.25999999999999,16,74,dub_irish_dutch,0.19925835728645325,0,0.2228,29,6,0,1735,0,0.0,3072,23
-5.227333333333333,-inf,-78.41,15,78,dub_irish_dutch,0.23867196341355643,0,0.2217,35,6,0,1735,0,0.0,3200,24
-4.883749999999999,-inf,-78.13999999999999,16,78,dub_irish_dutch,0.1809018353621165,0,0.2206,29,6,0,1735,0,0.0,3328,25
-4.759374999999999,-inf,-76.14999999999998,16,76,dub_irish_dutch,0.16885678470134735,0,0.2195,26,6,0,1735,0,0.0,3456,26
-4.895735343665772,0,-78.33176549865235,16,78,dub_irish_dutch,0.19492206474145254,1,0.2184,28,6,0,1735,0,0.0,3584,27
-4.3774999999999995,-inf,-70.03999999999999,16,70,dub_irish_dutch,0.21163970232009888,0,0.2173,29,6,0,1735,0,0.0,3712,28
-4.698124999999999,-inf,-75.16999999999999,16,75,dub_irish_dutch,0.18683487673600516,0,0.2162,28,6,0,1735,0,0.0,3840,29
-4.514374999999999,-inf,-72.22999999999999,16,72,dub_irish_dutch,0.19771586855252585,0,0.2151,28,6,0,1735,0,0.0,3968,30
-4.450625000000001,-inf,-71.21000000000002,16,71,dub_irish_dutch,0.19115138550599417,0,0.214,30,6,0,1735,0,0.0,4096,31
-4.5093749999999995,0,-72.14999999999999,16,72,dub_irish_dutch,0.1714738110701243,1,0.213,23,6,0,1735,0,0.0,4224,32
-4.662857142857144,-inf,-65.28000000000002,14,65,dub_irish_dutch,0.19808567066987356,0,0.2119,30,6,0,1735,0,0.0,4352,33
-4.767499999999998,-inf,-76.27999999999997,16,76,dub_irish_dutch,0.16544940074284872,0,0.2108,24,6,0,1735,0,0.0,4480,34
-4.680666666666665,-inf,-70.20999999999998,15,70,dub_irish_dutch,0.19100458920001984,0,0.2098,24,6,0,1735,0,0.0,4608,35
-4.591250000000001,-inf,-73.46000000000002,16,73,dub_irish_dutch,0.1800874670346578,0,0.2087,24,6,0,1735,0,0.0,4736,36
-4.390624999999998,-inf,-70.24999999999997,16,70,dub_irish_dutch,0.24918202559153238,0,0.2077,39,6,0,1735,0,0.0,4864,37
-4.401791930379747,0,-70.42867088607595,16,70,dub_irish_dutch,0.15956071019172668,1,0.2066,28,6,0,1735,0,0.0,4992,38
-4.64,-inf,-74.24,16,74,dub_irish_dutch,0.15977106988430023,0,0.2056,21,6,0,1735,0,0.0,5120,39
-4.689333333333336,-inf,-70.34000000000003,15,70,dub_irish_dutch,0.2093998740116755,0,0.2046,25,6,0,1735,0,0.0,5248,40
-4.828749999999999,-inf,-77.25999999999999,16,77,dub_irish_dutch,0.2769171396891276,0,0.2036,25,6,0,1735,0,0.0,5376,41
-4.4865780590717295,0,-67.29867088607594,15,67,dub_irish_dutch,0.1561069836219152,1,0.2025,28,6,0,1735,0,0.0,5504,42
-5.136250000000003,-inf,-82.18000000000005,16,82,dub_irish_dutch,0.25274644295374554,0,0.2015,23,6,0,1735,0,0.0,5632,43
-4.570625,-inf,-73.13,16,73,dub_irish_dutch,0.12053883075714111,0,0.2005,24,6,0,1735,0,0.0,5760,44
-4.646250000000003,-inf,-74.34000000000005,16,74,dub_irish_dutch,0.16736525297164917,0,0.1995,27,6,0,1735,0,0.0,5888,45
-4.3149999999999995,0,-69.03999999999999,16,69,dub_irish_dutch,0.1443298508723577,1,0.1985,22,6,0,1735,0,0.0,6016,46
-4.764375000000002,-inf,-76.23000000000003,16,76,dub_irish_dutch,0.1839022934436798,0,0.1975,19,6,0,1735,0,0.0,6144,47
-4.439485343665769,0,-71.0317654986523,16,71,dub_irish_dutch,0.1748232146104177,1,0.1965,27,6,0,1735,0,0.0,6272,48
-5.349333333333333,-inf,-80.24,15,80,dub_irish_dutch,0.23001075784365335,0,0.1956,34,6,0,1735,0,0.0,6400,49
-4.895,-inf,-78.32,16,78,dub_irish_dutch,0.17327260474363962,0,0.1946,36,6,0,1735,0,0.0,6528,50
-4.646875,-inf,-74.35,16,74,dub_irish_dutch,0.13085760176181793,0,0.1936,19,6,0,1735,0,0.0,6656,51
-4.509375000000001,-inf,-72.15000000000002,16,72,dub_irish_dutch,0.18939045568307242,0,0.1926,24,6,0,1735,0,0.0,6784,52
-4.712499999999999,-inf,-75.39999999999998,16,75,dub_irish_dutch,0.17015505830446878,0,0.1917,21,6,0,1735,0,0.0,6912,53
-4.713124999999998,-inf,-75.40999999999997,16,75,dub_irish_dutch,0.16454568008581796,0,0.1907,25,6,0,1735,0,0.0,7040,54
-4.628749999999999,-inf,-74.05999999999999,16,74,dub_irish_dutch,0.15164351960023245,0,0.1898,18,6,0,1735,0,0.0,7168,55
-4.5033069620253166,0,-72.05291139240506,16,72,dub_irish_dutch,0.1850526680548986,1,0.1888,27,6,0,1735,0,0.0,7296,56
-4.578124999999998,-inf,-73.24999999999997,16,73,dub_irish_dutch,0.1629323661327362,0,0.1879,28,6,0,1735,0,0.0,7424,57
-4.595000000000001,-inf,-73.52000000000001,16,73,dub_irish_dutch,0.11945847670237224,0,0.1869,25,6,0,1735,0,0.0,7552,58
-4.276250000000003,-inf,-68.42000000000004,16,68,dub_irish_dutch,0.16000679632027945,0,0.186,20,6,0,1735,0,0.0,7680,59
-4.701249999999998,-inf,-75.21999999999997,16,75,dub_irish_dutch,0.2249136964480082,0,0.1851,33,6,0,1735,0,0.0,7808,60
-4.455625,-inf,-71.29,16,71,dub_irish_dutch,0.17820551991462708,0,0.1841,26,6,0,1735,0,0.0,7936,61
-4.199374999999998,-inf,-67.18999999999997,16,67,dub_irish_dutch,0.166973610719045,0,0.1832,14,6,0,1735,0,0.0,8064,62
-4.386249999999999,-inf,-70.17999999999998,16,70,dub_irish_dutch,0.18524161477883658,0,0.1823,21,6,0,1735,0,0.0,8192,63
-3.89125,0,-62.26,16,62,dub_irish_dutch,0.12918393313884735,1,0.1814,20,6,0,1735,0,0.0,8320,64
-4.519375000000001,-inf,-72.31000000000002,16,72,dub_irish_dutch,0.17251876990000406,0,0.1805,17,6,0,1735,0,0.0,8448,65
-4.549999999999998,-inf,-68.24999999999997,15,68,dub_irish_dutch,0.14347503085931143,0,0.1796,30,6,0,1735,0,0.0,8576,66
-4.776250000000004,-inf,-76.42000000000006,16,76,dub_irish_dutch,0.1676743725935618,0,0.1787,18,6,0,1735,0,0.0,8704,67
-4.7426666666666675,-inf,-71.14000000000001,15,71,dub_irish_dutch,0.20061764617760977,0,0.1778,29,6,0,1735,0,0.0,8832,68
-4.332499999999999,-inf,-69.31999999999998,16,69,dub_irish_dutch,0.16014280915260315,0,0.1769,29,6,0,1735,0,0.0,8960,69
-4.2018749999999985,-inf,-67.22999999999998,16,67,dub_irish_dutch,0.22592812279860178,0,0.176,25,6,0,1735,0,0.0,9088,70
-4.697333333333335,-inf,-70.46000000000002,15,70,dub_irish_dutch,0.2047316630681356,0,0.1751,27,6,0,1735,0,0.0,9216,71
-3.8162499999999993,-inf,-61.05999999999999,16,61,dub_irish_dutch,0.19179257253805795,0,0.1743,21,6,0,1735,0,0.0,9344,72
-4.14,-inf,-66.24,16,66,dub_irish_dutch,0.1701771765947342,0,0.1734,23,6,0,1735,0,0.0,9472,73
-3.888750000000002,-inf,-62.220000000000034,16,62,dub_irish_dutch,0.19694747030735016,0,0.1725,25,6,0,1735,0,0.0,9600,74
-4.340666666666667,-inf,-65.11000000000001,15,65,dub_irish_dutch,0.13973410924275717,0,0.1717,25,6,0,1735,0,0.0,9728,75
-4.125,0,-66,16,66,dub_irish_dutch,0.25640547275543213,1,0.1708,26,6,0,1735,0,0.0,9856,76
-3.875,-inf,-62,16,62,dub_irish_dutch,0.17231410245100656,0,0.1699,14,6,0,1735,0,0.0,9984,77
-4.266874999999999,-inf,-68.26999999999998,16,68,dub_irish_dutch,0.14942707121372223,0,0.1691,22,6,0,1735,0,0.0,10112,78
-4.086874999999999,-inf,-65.38999999999999,16,65,dub_irish_dutch,0.16790871322155,0,0.1683,26,6,0,1735,0,0.0,10240,79
-3.8875000000000006,-inf,-62.20000000000001,16,62,dub_irish_dutch,0.18283562858899435,0,0.1674,19,6,0,1735,0,0.0,10368,80
-4.147333333333334,-inf,-62.210000000000015,15,62,dub_irish_dutch,0.20792828996976218,0,0.1666,28,6,0,1735,0,0.0,10496,81
-4.1987499999999995,-inf,-67.17999999999999,16,67,dub_irish_dutch,0.18366344273090363,0,0.1657,27,6,0,1735,0,0.0,10624,82
-4.384375,-inf,-70.15,16,70,dub_irish_dutch,0.15212951600551605,0,0.1649,26,6,0,1735,0,0.0,10752,83
-3.2668749999999984,-inf,-52.269999999999975,16,52,dub_irish_dutch,0.07588732490936916,0,0.1641,14,6,0,1735,0,0.0,10880,84
-3.5212500000000007,-inf,-56.34000000000001,16,56,dub_irish_dutch,0.07963740080595016,0,0.1633,21,6,0,1735,0,0.0,11008,85
-3.820541930379746,0,-61.12867088607594,16,61,dub_irish_dutch,0.1838088979323705,1,0.1625,21,6,0,1735,0,0.0,11136,86
-3.4505419303797473,0,-55.20867088607596,16,55,dub_irish_dutch,0.10911478102207184,1,0.1616,21,6,0,1735,0,0.0,11264,87
-3.6424999999999974,-inf,-58.27999999999996,16,58,dub_irish_dutch,0.1643330603837967,0,0.1608,20,6,0,1735,0,0.0,11392,88
-3.6368750000000003,-inf,-58.190000000000005,16,58,dub_irish_dutch,0.09406752387682597,0,0.16,23,6,0,1735,0,0.0,11520,89
-3.9037500000000005,-inf,-62.46000000000001,16,62,dub_irish_dutch,0.1633477360010147,0,0.1592,25,6,0,1735,0,0.0,11648,90
-3.8324999999999987,-inf,-61.31999999999998,16,61,dub_irish_dutch,0.1400491495927175,0,0.1584,22,6,0,1735,0,0.0,11776,91
-3.5262500000000006,-inf,-56.42000000000001,16,56,dub_irish_dutch,0.11299289266268413,0,0.1576,20,6,0,1735,0,0.0,11904,92
-2.852499999999998,-inf,-45.639999999999965,16,45,dub_irish_dutch,0.1759405881166458,0,0.1569,11,6,0,1735,0,0.0,12032,93
-2.7787499999999983,-inf,-44.45999999999997,16,44,dub_irish_dutch,0.067171444495519,0,0.1561,21,6,0,1735,0,0.0,12160,94
-3.32,-inf,-53.12,16,53,dub_irish_dutch,0.11467098941405614,0,0.1553,25,6,0,1735,0,0.0,12288,95
-3.0150000000000006,-inf,-48.24000000000001,16,48,dub_irish_dutch,0.0587991438806057,0,0.1545,16,6,0,1735,0,0.0,12416,96
-2.6668749999999988,-inf,-42.66999999999998,16,42,dub_irish_dutch,0.10311525066693623,0,0.1537,21,6,0,1735,0,0.0,12544,97
-2.829375000000001,-inf,-45.27000000000002,16,45,dub_irish_dutch,0.09522394339243571,0,0.153,22,6,0,1735,0,0.0,12672,98
-3.1487500000000006,-inf,-50.38000000000001,16,50,dub_irish_dutch,0.10417428116003673,0,0.1522,26,6,0,1735,0,0.0,12800,99
-4.76625,-inf,-76.26,16,76,dub_irish_dutch,0.7744948466618856,0,0.25,31,7,0,1736,0,0.0,128,0
-5.415333333333334,-inf,-81.23,15,81,dub_irish_dutch,0.8267842531204224,0,0.2487,38,7,0,1736,0,0.0,256,1
-4.866428571428572,-inf,-68.13000000000001,14,68,dub_irish_dutch,0.6522468129793803,0,0.2475,28,7,0,1736,0,0.0,384,2
-5.817999999999999,-inf,-87.26999999999998,15,87,dub_irish_dutch,0.8662192225456238,0,0.2463,26,7,0,1736,0,0.0,512,3
-5.458749999999999,-inf,-87.33999999999999,16,87,dub_irish_dutch,0.8527444998423258,0,0.245,36,7,0,1736,0,0.0,640,4
-4.950624999999999,-inf,-79.20999999999998,16,79,dub_irish_dutch,0.6120673418045044,0,0.2438,33,7,0,1736,0,0.0,768,5
-5.198041930379745,0,-83.16867088607592,16,83,dub_irish_dutch,0.5479825536410013,1,0.2426,24,7,0,1736,0,0.0,896,6
-5.2112500000000015,-inf,-83.38000000000002,16,83,dub_irish_dutch,0.5336542129516602,0,0.2414,21,7,0,1736,0,0.0,1024,7
-4.831875000000002,-inf,-77.31000000000003,16,77,dub_irish_dutch,0.36755040287971497,0,0.2402,33,7,0,1736,0,0.0,1152,8
-5.0732353436657736,0,-81.17176549865238,16,81,dub_irish_dutch,0.4016738335291545,1,0.239,28,7,0,1736,0,0.0,1280,9
-5.143124999999998,-inf,-82.28999999999996,16,82,dub_irish_dutch,0.3092720607916514,0,0.2378,32,7,0,1736,0,0.0,1408,10
-4.89625,-inf,-78.34,16,78,dub_irish_dutch,0.25861076017220813,0,0.2366,29,7,0,1736,0,0.0,1536,11
-5.611333333333333,-inf,-84.16999999999999,15,84,dub_irish_dutch,0.3606183131535848,0,0.2354,39,7,0,1736,0,0.0,1664,12
-4.770625000000001,-inf,-76.33000000000001,16,76,dub_irish_dutch,0.23271736999352774,0,0.2342,26,7,0,1736,0,0.0,1792,13
-4.638860343665768,0,-74.22176549865229,16,74,dub_irish_dutch,0.16820893188317618,1,0.2331,33,7,0,1736,0,0.0,1920,14
-5.212500000000004,-inf,-83.40000000000006,16,83,dub_irish_dutch,0.22211405138174692,0,0.2319,30,7,0,1736,0,0.0,2048,15
-4.832500000000001,-inf,-77.32000000000002,16,77,dub_irish_dutch,0.21137100458145142,0,0.2307,35,7,0,1736,0,0.0,2176,16
-5.0275,-inf,-80.44,16,80,dub_irish_dutch,0.24304683009783426,0,0.2296,35,7,0,1736,0,0.0,2304,17
-5.212500000000002,-inf,-83.40000000000003,16,83,dub_irish_dutch,0.21088850498199463,0,0.2284,33,7,0,1736,0,0.0,2432,18
-4.771249999999998,-inf,-76.33999999999997,16,76,dub_irish_dutch,0.21627330283323923,0,0.2273,31,7,0,1736,0,0.0,2560,19
-4.769375,-inf,-76.31,16,76,dub_irish_dutch,0.16082359353701273,0,0.2262,29,7,0,1736,0,0.0,2688,20
-5.0718749999999995,-inf,-81.14999999999999,16,81,dub_irish_dutch,0.19704508284727731,0,0.225,33,7,0,1736,0,0.0,2816,21
-4.775000000000002,-inf,-76.40000000000003,16,76,dub_irish_dutch,0.180453360080719,0,0.2239,22,7,0,1736,0,0.0,2944,22
-5.089374999999999,-inf,-81.42999999999998,16,81,dub_irish_dutch,0.17342525720596313,0,0.2228,28,7,0,1736,0,0.0,3072,23
-4.692500000000001,0,-75.08000000000001,16,75,dub_irish_dutch,0.18826137483119965,1,0.2217,27,7,0,1736,0,0.0,3200,24
-4.884375,-inf,-78.15,16,78,dub_irish_dutch,0.19202928245067596,0,0.2206,30,7,0,1736,0,0.0,3328,25
-4.586250000000001,-inf,-73.38000000000001,16,73,dub_irish_dutch,0.1867532879114151,0,0.2195,20,7,0,1736,0,0.0,3456,26
-4.878124999999999,-inf,-78.04999999999998,16,78,dub_irish_dutch,0.1647104819615682,0,0.2184,29,7,0,1736,0,0.0,3584,27
-4.760624999999999,-inf,-76.16999999999999,16,76,dub_irish_dutch,0.19677082697550455,0,0.2173,33,7,0,1736,0,0.0,3712,28
-4.889999999999998,-inf,-78.23999999999997,16,78,dub_irish_dutch,0.20707941552003226,0,0.2162,31,7,0,1736,0,0.0,3840,29
-4.643860343665771,0,-74.30176549865233,16,74,dub_irish_dutch,0.21734918653964996,2,0.2151,27,7,0,1736,0,0.0,3968,30
-4.623235343665768,0,-73.97176549865229,16,74,dub_irish_dutch,0.18332012991110483,1,0.214,28,7,0,1736,0,0.0,4096,31
-4.708124999999999,-inf,-75.32999999999998,16,75,dub_irish_dutch,0.20571258664131165,0,0.213,38,7,0,1736,0,0.0,4224,32
-4.765625000000002,-inf,-76.25000000000003,16,76,dub_irish_dutch,0.177140141526858,0,0.2119,30,7,0,1736,0,0.0,4352,33
-5.208124999999999,-inf,-83.32999999999998,16,83,dub_irish_dutch,0.2100486308336258,0,0.2108,29,7,0,1736,0,0.0,4480,34
-4.949374999999998,-inf,-79.18999999999997,16,79,dub_irish_dutch,0.1983156849940618,0,0.2098,24,7,0,1736,0,0.0,4608,35
-5.336666666666669,-inf,-80.05000000000003,15,80,dub_irish_dutch,0.24134865403175354,0,0.2087,27,7,0,1736,0,0.0,4736,36
-4.761875,-inf,-76.19,16,76,dub_irish_dutch,0.17283437152703604,0,0.2077,25,7,0,1736,0,0.0,4864,37
-4.501360343665769,0,-72.0217654986523,16,72,dub_irish_dutch,0.17889142533143362,1,0.2066,29,7,0,1736,0,0.0,4992,38
-4.95705696202532,0,-79.31291139240513,16,79,dub_irish_dutch,0.20995485285917917,1,0.2056,30,7,0,1736,0,0.0,5120,39
-4.264374999999998,0,-68.22999999999996,16,68,dub_irish_dutch,0.16784458855787912,1,0.2046,23,7,0,1736,0,0.0,5248,40
-4.078750000000001,-inf,-65.26000000000002,16,65,dub_irish_dutch,0.1938017209370931,0,0.2036,28,7,0,1736,0,0.0,5376,41
-5.203749999999998,-inf,-83.25999999999996,16,83,dub_irish_dutch,0.21235635379950205,0,0.2025,24,7,0,1736,0,0.0,5504,42
-4.446874999999999,-inf,-71.14999999999998,16,71,dub_irish_dutch,0.15137257178624472,0,0.2015,29,7,0,1736,0,0.0,5632,43
-4.391875000000001,-inf,-70.27000000000001,16,70,dub_irish_dutch,0.19777995347976685,0,0.2005,25,7,0,1736,0,0.0,5760,44
-5.08466666666667,-inf,-76.27000000000005,15,76,dub_irish_dutch,0.18165979286034903,0,0.1995,20,7,0,1736,0,0.0,5888,45
-5.009333333333335,-inf,-75.14000000000003,15,75,dub_irish_dutch,0.21618202328681946,0,0.1985,17,7,0,1736,0,0.0,6016,46
-5.142666666666666,-inf,-77.13999999999999,15,77,dub_irish_dutch,0.2589038709799449,0,0.1975,23,7,0,1736,0,0.0,6144,47
-4.458124999999999,-inf,-71.32999999999998,16,71,dub_irish_dutch,0.1332432677348455,0,0.1965,25,7,0,1736,0,0.0,6272,48
-4.7787500000000005,0,-76.46000000000001,16,76,dub_irish_dutch,0.16135401527086893,1,0.1956,21,7,0,1736,0,0.0,6400,49
-5.090666666666667,-inf,-76.36000000000001,15,76,dub_irish_dutch,0.26470399896303815,0,0.1946,24,7,0,1736,0,0.0,6528,50
-4.580000000000003,-inf,-73.28000000000004,16,73,dub_irish_dutch,0.18138437966505686,0,0.1936,19,7,0,1736,0,0.0,6656,51
-4.820000000000001,-inf,-77.12000000000002,16,77,dub_irish_dutch,0.16195380687713623,0,0.1926,23,7,0,1736,0,0.0,6784,52
-4.413999999999997,-inf,-66.20999999999995,15,66,dub_irish_dutch,0.13650071124235788,0,0.1917,31,7,0,1736,0,0.0,6912,53
-4.5306250000000015,-inf,-72.49000000000002,16,72,dub_irish_dutch,0.16379941503206888,0,0.1907,22,7,0,1736,0,0.0,7040,54
-4.413999999999999,-inf,-66.20999999999998,15,66,dub_irish_dutch,0.1759515901406606,0,0.1898,22,7,0,1736,0,0.0,7168,55
-4.2006250000000005,-inf,-67.21000000000001,16,67,dub_irish_dutch,0.15226277709007263,0,0.1888,22,7,0,1736,0,0.0,7296,56
-4.2687500000000025,-inf,-68.30000000000004,16,68,dub_irish_dutch,0.1678523768981298,0,0.1879,32,7,0,1736,0,0.0,7424,57
-5.152666666666665,-inf,-77.28999999999998,15,77,dub_irish_dutch,0.21736826499303183,0,0.1869,24,7,0,1736,0,0.0,7552,58
-4.684666666666664,-inf,-70.26999999999997,15,70,dub_irish_dutch,0.18834037582079569,0,0.186,25,7,0,1736,0,0.0,7680,59
-4.889375000000004,-inf,-78.23000000000006,16,78,dub_irish_dutch,0.18381123741467795,0,0.1851,25,7,0,1736,0,0.0,7808,60
-4.419333333333332,-inf,-66.28999999999998,15,66,dub_irish_dutch,0.16195995608965555,0,0.1841,24,7,0,1736,0,0.0,7936,61
-4.638749999999998,-inf,-74.21999999999997,16,74,dub_irish_dutch,0.11552443603674571,0,0.1832,21,7,0,1736,0,0.0,8064,62
-4.200806962025316,0,-67.21291139240506,16,67,dub_irish_dutch,0.16216946641604105,1,0.1823,27,7,0,1736,0,0.0,8192,63
-4.133125,-inf,-66.13,16,66,dub_irish_dutch,0.16548679769039154,0,0.1814,25,7,0,1736,0,0.0,8320,64
-4.419999999999999,-inf,-66.29999999999998,15,66,dub_irish_dutch,0.1630503386259079,0,0.1805,27,7,0,1736,0,0.0,8448,65
-4.279375000000001,-inf,-68.47000000000001,16,68,dub_irish_dutch,0.14309256275494894,0,0.1796,24,7,0,1736,0,0.0,8576,66
-4.1986669303797495,0,-67.17867088607599,16,67,dub_irish_dutch,0.15438200533390045,1,0.1787,22,7,0,1736,0,0.0,8704,67
-4.393125,-inf,-70.29,16,70,dub_irish_dutch,0.14245055615901947,0,0.1778,21,7,0,1736,0,0.0,8832,68
-4.585000000000001,-inf,-73.36000000000001,16,73,dub_irish_dutch,0.131416122118632,0,0.1769,23,7,0,1736,0,0.0,8960,69
-4.762499999999999,-inf,-76.19999999999999,16,76,dub_irish_dutch,0.18377208709716797,0,0.176,21,7,0,1736,0,0.0,9088,70
-4.406874999999998,-inf,-70.50999999999996,16,70,dub_irish_dutch,0.1287021040916443,0,0.1751,19,7,0,1736,0,0.0,9216,71
-4.318125,-inf,-69.09,16,69,dub_irish_dutch,0.1259020616610845,0,0.1743,13,7,0,1736,0,0.0,9344,72
-4.700000000000001,-inf,-75.20000000000002,16,75,dub_irish_dutch,0.17723122239112854,0,0.1734,26,7,0,1736,0,0.0,9472,73
-4.151911392405063,0,-62.27867088607594,15,62,dub_irish_dutch,0.19444180031617483,1,0.1725,18,7,0,1736,0,0.0,9600,74
-4.699374999999998,-inf,-75.18999999999997,16,75,dub_irish_dutch,0.11272994180520375,0,0.1717,20,7,0,1736,0,0.0,9728,75
-4.021874999999998,-inf,-64.34999999999997,16,64,dub_irish_dutch,0.2028452605009079,0,0.1708,28,7,0,1736,0,0.0,9856,76
-3.7050988924050614,0,-59.28158227848098,16,59,dub_irish_dutch,0.10319114724795024,2,0.1699,17,7,0,1736,0,0.0,9984,77
-4.528125000000003,-inf,-72.45000000000005,16,72,dub_irish_dutch,0.21635850767294565,0,0.1691,24,7,0,1736,0,0.0,10112,78
-4.326875000000001,-inf,-69.23000000000002,16,69,dub_irish_dutch,0.16015476981798807,0,0.1683,24,7,0,1736,0,0.0,10240,79
-3.8931249999999995,-inf,-62.28999999999999,16,62,dub_irish_dutch,0.09780917565027873,0,0.1674,17,7,0,1736,0,0.0,10368,80
-3.578749999999998,-inf,-57.25999999999997,16,57,dub_irish_dutch,0.16538510223229727,0,0.1666,20,7,0,1736,0,0.0,10496,81
-4.3249999999999975,-inf,-69.19999999999996,16,69,dub_irish_dutch,0.11150732636451721,0,0.1657,19,7,0,1736,0,0.0,10624,82
-4.141333333333335,-inf,-62.12000000000002,15,62,dub_irish_dutch,0.24133331576983133,0,0.1649,21,7,0,1736,0,0.0,10752,83
-3.4441139240506313,0,-55.1058227848101,16,55,dub_irish_dutch,0.13273331026236215,2,0.1641,17,7,0,1736,0,0.0,10880,84
-4.207499999999999,-inf,-67.31999999999998,16,67,dub_irish_dutch,0.12569914758205414,0,0.1633,12,7,0,1736,0,0.0,11008,85
-4.217333333333333,-inf,-63.26,15,63,dub_irish_dutch,0.11656329532464345,0,0.1625,15,7,0,1736,0,0.0,11136,86
-3.959291930379745,0,-63.34867088607592,16,63,dub_irish_dutch,0.1262496014436086,1,0.1616,22,7,0,1736,0,0.0,11264,87
-4.342666666666665,-inf,-65.13999999999999,15,65,dub_irish_dutch,0.17297600706418356,0,0.1608,27,7,0,1736,0,0.0,11392,88
-3.8887500000000004,-inf,-62.220000000000006,16,62,dub_irish_dutch,0.13371168076992035,0,0.16,18,7,0,1736,0,0.0,11520,89
-4.385,-inf,-70.16,16,70,dub_irish_dutch,0.17532757421334585,0,0.1592,15,7,0,1736,0,0.0,11648,90
-3.343124999999996,-inf,-53.48999999999994,16,53,dub_irish_dutch,0.13031698763370514,0,0.1584,20,7,0,1736,0,0.0,11776,91
-3.8881249999999996,0,-62.209999999999994,16,62,dub_irish_dutch,0.13506151735782623,1,0.1576,19,7,0,1736,0,0.0,11904,92
-3.8187500000000005,0,-61.10000000000001,16,61,dub_irish_dutch,0.11645059039195378,1,0.1569,18,7,0,1736,0,0.0,12032,93
-3.763124999999999,-inf,-60.20999999999999,16,60,dub_irish_dutch,0.07351699968179067,0,0.1561,22,7,0,1736,0,0.0,12160,94
-3.4656250000000015,-inf,-55.450000000000024,16,55,dub_irish_dutch,0.06613744422793388,0,0.1553,19,7,0,1736,0,0.0,12288,95
-3.4367031671159025,0,-54.98725067385444,16,55,dub_irish_dutch,0.11688135812679927,1,0.1545,23,7,0,1736,0,0.0,12416,96
-3.00875,-inf,-48.14,16,48,dub_irish_dutch,0.12101051956415176,0,0.1537,20,7,0,1736,0,0.0,12544,97
-2.63375,-inf,-42.14,16,42,dub_irish_dutch,0.10451770077149074,0,0.153,18,7,0,1736,0,0.0,12672,98
-3.3967919303797487,0,-54.34867088607598,16,54,dub_irish_dutch,0.14996699492136636,1,0.1522,26,7,0,1736,0,0.0,12800,99
-5.822666666666666,-inf,-87.33999999999999,15,87,dub_irish_dutch,0.8931946953137716,0,0.25,37,8,0,1737,0,0.0,128,0
-5.270000000000001,-inf,-84.32000000000002,16,84,dub_irish_dutch,0.7752632896105448,0,0.2487,37,8,0,1737,0,0.0,256,1
-5.190625000000002,-inf,-83.05000000000003,16,83,dub_irish_dutch,0.7092850605646769,0,0.2475,29,8,0,1737,0,0.0,384,2
-5.264375000000003,-inf,-84.23000000000005,16,84,dub_irish_dutch,0.6295855840047201,0,0.2463,34,8,0,1737,0,0.0,512,3
-5.262499999999999,-inf,-84.19999999999999,16,84,dub_irish_dutch,0.6065981984138489,0,0.245,36,8,0,1737,0,0.0,640,4
-5.4266666666666685,-inf,-81.40000000000003,15,81,dub_irish_dutch,0.5628537734349569,0,0.2438,30,8,0,1737,0,0.0,768,5
-5.263749999999999,-inf,-84.21999999999998,16,84,dub_irish_dutch,0.47617770234743756,0,0.2426,33,8,0,1737,0,0.0,896,6
-5.137500000000002,-inf,-82.20000000000003,16,82,dub_irish_dutch,0.43148161967595416,0,0.2414,29,8,0,1737,0,0.0,1024,7
-5.710625000000003,-inf,-91.37000000000005,16,91,dub_irish_dutch,0.5083030958970388,0,0.2402,24,8,0,1737,0,0.0,1152,8
-5.265000000000001,-inf,-84.24000000000001,16,84,dub_irish_dutch,0.429432471593221,0,0.239,37,8,0,1737,0,0.0,1280,9
-5.068666930379747,0,-81.09867088607595,16,81,dub_irish_dutch,0.3452138404051463,1,0.2378,35,8,0,1737,0,0.0,1408,10
-5.025625000000001,-inf,-80.41000000000001,16,80,dub_irish_dutch,0.28197381893793744,0,0.2366,37,8,0,1737,0,0.0,1536,11
-5.141874999999999,-inf,-82.26999999999998,16,82,dub_irish_dutch,0.2759321828683217,0,0.2354,30,8,0,1737,0,0.0,1664,12
-4.70830696202532,0,-75.33291139240512,16,75,dub_irish_dutch,0.21318314969539642,1,0.2342,29,8,0,1737,0,0.0,1792,13
-4.904375000000001,-inf,-78.47000000000001,16,78,dub_irish_dutch,0.2331454207499822,0,0.2331,26,8,0,1737,0,0.0,1920,14
-5.262861946202534,0,-84.20579113924055,16,84,dub_irish_dutch,0.2604280312856038,1,0.2319,31,8,0,1737,0,0.0,2048,15
-4.771250000000003,-inf,-76.34000000000005,16,76,dub_irish_dutch,0.16153782109419504,0,0.2307,23,8,0,1737,0,0.0,2176,16
-4.794375000000002,0,-76.71000000000004,16,76,dub_irish_dutch,0.21184776226679483,1,0.2296,35,8,0,1737,0,0.0,2304,17
-5.0165780590717315,0,-75.24867088607597,15,75,dub_irish_dutch,0.19961675008138022,1,0.2284,29,8,0,1737,0,0.0,2432,18
-4.9425,-inf,-79.08,16,79,dub_irish_dutch,0.16772737602392832,0,0.2273,27,8,0,1737,0,0.0,2560,19
-4.773749999999998,0,-76.37999999999997,16,76,dub_irish_dutch,0.19798158605893454,1,0.2262,26,8,0,1737,0,0.0,2688,20
-4.632610343665773,0,-74.12176549865237,16,74,dub_irish_dutch,0.1573450764020284,1,0.225,28,8,0,1737,0,0.0,2816,21
-5.027499999999996,-inf,-80.43999999999994,16,80,dub_irish_dutch,0.22709779938062033,0,0.2239,24,8,0,1737,0,0.0,2944,22
-5.071875000000002,-inf,-81.15000000000003,16,81,dub_irish_dutch,0.18392662207285562,0,0.2228,32,8,0,1737,0,0.0,3072,23
-5.145,-inf,-82.32,16,82,dub_irish_dutch,0.19807457427183786,0,0.2217,30,8,0,1737,0,0.0,3200,24
-4.662056962025316,0,-74.59291139240506,16,74,dub_irish_dutch,0.2036381959915161,1,0.2206,26,8,0,1737,0,0.0,3328,25
-4.888125000000002,-inf,-78.21000000000004,16,78,dub_irish_dutch,0.23507697383562723,0,0.2195,30,8,0,1737,0,0.0,3456,26
-4.7661669303797485,0,-76.25867088607598,16,76,dub_irish_dutch,0.19200159112612405,1,0.2184,38,8,0,1737,0,0.0,3584,27
-5.138125000000001,-inf,-82.21000000000002,16,82,dub_irish_dutch,0.2177764674027761,0,0.2173,35,8,0,1737,0,0.0,3712,28
-4.637500000000003,-inf,-74.20000000000005,16,74,dub_irish_dutch,0.15788544714450836,0,0.2162,30,8,0,1737,0,0.0,3840,29
-4.945541930379749,0,-79.12867088607598,16,79,dub_irish_dutch,0.17240187525749207,1,0.2151,29,8,0,1737,0,0.0,3968,30
-5.188750000000001,-inf,-83.02000000000001,16,83,dub_irish_dutch,0.21965116759141287,0,0.214,28,8,0,1737,0,0.0,4096,31
-4.824999999999999,-inf,-77.19999999999999,16,77,dub_irish_dutch,0.20939709742863974,0,0.213,30,8,0,1737,0,0.0,4224,32
-4.883041930379746,0,-78.12867088607594,16,78,dub_irish_dutch,0.19694450994332632,1,0.2119,28,8,0,1737,0,0.0,4352,33
-4.706875000000001,-inf,-75.31000000000002,16,75,dub_irish_dutch,0.1873746265967687,0,0.2108,32,8,0,1737,0,0.0,4480,34
-4.960624999999999,-inf,-79.36999999999999,16,79,dub_irish_dutch,0.19284817576408386,0,0.2098,25,8,0,1737,0,0.0,4608,35
-5.0081250000000015,-inf,-80.13000000000002,16,80,dub_irish_dutch,0.15267430245876312,0,0.2087,22,8,0,1737,0,0.0,4736,36
-4.888666666666667,-inf,-73.33000000000001,15,73,dub_irish_dutch,0.23167228202025095,0,0.2077,25,8,0,1737,0,0.0,4864,37
-4.071874999999999,-inf,-65.14999999999998,16,65,dub_irish_dutch,0.18256496886412302,0,0.2066,30,8,0,1737,0,0.0,4992,38
-4.756000000000002,-inf,-71.34000000000003,15,71,dub_irish_dutch,0.18912571171919504,0,0.2056,17,8,0,1737,0,0.0,5120,39
-4.765541930379751,0,-76.24867088607601,16,76,dub_irish_dutch,0.18302729725837708,1,0.2046,22,8,0,1737,0,0.0,5248,40
-4.570625,-inf,-73.13,16,73,dub_irish_dutch,0.1745266169309616,0,0.2036,30,8,0,1737,0,0.0,5376,41
-4.9068749999999985,-inf,-78.50999999999998,16,78,dub_irish_dutch,0.2110946774482727,0,0.2025,25,8,0,1737,0,0.0,5504,42
-4.5756250000000005,-inf,-73.21000000000001,16,73,dub_irish_dutch,0.16843094925085703,0,0.2015,29,8,0,1737,0,0.0,5632,43
-4.483333333333331,-inf,-67.24999999999996,15,67,dub_irish_dutch,0.22099027534325918,0,0.2005,20,8,0,1737,0,0.0,5760,44
-4.94125,-inf,-79.06,16,79,dub_irish_dutch,0.19829683502515158,0,0.1995,37,8,0,1737,0,0.0,5888,45
-4.133749999999999,-inf,-66.13999999999999,16,66,dub_irish_dutch,0.18102690080801645,0,0.1985,21,8,0,1737,0,0.0,6016,46
-4.738666666666666,-inf,-71.08,15,71,dub_irish_dutch,0.18693924446900687,0,0.1975,17,8,0,1737,0,0.0,6144,47
-4.133749999999999,-inf,-66.13999999999999,16,66,dub_irish_dutch,0.21483062704404196,0,0.1965,37,8,0,1737,0,0.0,6272,48
-4.768749999999997,-inf,-76.29999999999995,16,76,dub_irish_dutch,0.2007703830798467,0,0.1956,31,8,0,1737,0,0.0,6400,49
-4.428666666666667,-inf,-66.43,15,66,dub_irish_dutch,0.1689945807059606,0,0.1946,31,8,0,1737,0,0.0,6528,50
-4.703125000000001,-inf,-75.25000000000001,16,75,dub_irish_dutch,0.22956807414690653,0,0.1936,25,8,0,1737,0,0.0,6656,51
-4.513124999999997,-inf,-72.20999999999995,16,72,dub_irish_dutch,0.14146137734254202,0,0.1926,23,8,0,1737,0,0.0,6784,52
-3.968666930379744,0,-63.49867088607591,16,63,dub_irish_dutch,0.1911067416270574,1,0.1917,25,8,0,1737,0,0.0,6912,53
-4.008749999999999,-inf,-64.13999999999999,16,64,dub_irish_dutch,0.2273993839820226,0,0.1907,32,8,0,1737,0,0.0,7040,54
-4.317500000000003,-inf,-69.08000000000004,16,69,dub_irish_dutch,0.21934413413206735,0,0.1898,30,8,0,1737,0,0.0,7168,55
-4.696875,-inf,-75.15,16,75,dub_irish_dutch,0.15453223387400308,0,0.1888,22,8,0,1737,0,0.0,7296,56
-4.326874999999999,-inf,-69.22999999999999,16,69,dub_irish_dutch,0.17495655516783395,0,0.1879,25,8,0,1737,0,0.0,7424,57
-3.960624999999997,-inf,-63.369999999999955,16,63,dub_irish_dutch,0.16586507360140482,0,0.1869,13,8,0,1737,0,0.0,7552,58
-4.531874999999999,-inf,-72.50999999999999,16,72,dub_irish_dutch,0.22175662716229758,0,0.186,22,8,0,1737,0,0.0,7680,59
-5.3433333333333355,-inf,-80.15000000000003,15,80,dub_irish_dutch,0.24948141972223917,0,0.1851,29,8,0,1737,0,0.0,7808,60
-4.01125,-inf,-64.18,16,64,dub_irish_dutch,0.16716499626636505,0,0.1841,17,8,0,1737,0,0.0,7936,61
-4.134374999999999,-inf,-66.14999999999998,16,66,dub_irish_dutch,0.12193480879068375,0,0.1832,17,8,0,1737,0,0.0,8064,62
-4.520000000000005,-inf,-72.32000000000008,16,72,dub_irish_dutch,0.20944376289844513,0,0.1823,23,8,0,1737,0,0.0,8192,63
-4.616,-inf,-69.24,15,69,dub_irish_dutch,0.1931317299604416,0,0.1814,26,8,0,1737,0,0.0,8320,64
-4.149374999999999,-inf,-66.38999999999999,16,66,dub_irish_dutch,0.1872077931960424,0,0.1805,21,8,0,1737,0,0.0,8448,65
-4.32625,-inf,-69.22,16,69,dub_irish_dutch,0.23044768472512564,0,0.1796,22,8,0,1737,0,0.0,8576,66
-4.547333333333333,-inf,-68.21,15,68,dub_irish_dutch,0.222386767466863,0,0.1787,22,8,0,1737,0,0.0,8704,67
-4.221249999999996,-inf,-67.53999999999994,16,67,dub_irish_dutch,0.18860079844792685,0,0.1778,21,8,0,1737,0,0.0,8832,68
-3.8212499999999996,-inf,-61.13999999999999,16,61,dub_irish_dutch,0.17921061317125955,0,0.1769,16,8,0,1737,0,0.0,8960,69
-3.7137499999999974,-inf,-59.41999999999996,16,59,dub_irish_dutch,0.13627674182256064,0,0.176,23,8,0,1737,0,0.0,9088,70
-4.6425,-inf,-74.28,16,74,dub_irish_dutch,0.25470614433288574,0,0.1751,27,8,0,1737,0,0.0,9216,71
-3.8912499999999994,-inf,-62.25999999999999,16,62,dub_irish_dutch,0.11459671705961227,0,0.1743,20,8,0,1737,0,0.0,9344,72
-3.523124999999999,-inf,-56.36999999999998,16,56,dub_irish_dutch,0.1627736339966456,0,0.1734,25,8,0,1737,0,0.0,9472,73
-3.758749999999999,-inf,-60.139999999999986,16,60,dub_irish_dutch,0.15616321563720703,0,0.1725,23,8,0,1737,0,0.0,9600,74
-4.009916930379747,0,-64.15867088607595,16,64,dub_irish_dutch,0.14558908840020499,1,0.1717,22,8,0,1737,0,0.0,9728,75
-2.961875,0,-47.39,16,47,dub_irish_dutch,0.1270639548699061,1,0.1708,22,8,0,1737,0,0.0,9856,76
-3.757416930379748,0,-60.11867088607597,16,60,dub_irish_dutch,0.10134115070104599,1,0.1699,20,8,0,1737,0,0.0,9984,77
-3.6975,-inf,-59.16,16,59,dub_irish_dutch,0.1444986661275228,0,0.1691,26,8,0,1737,0,0.0,10112,78
-3.584999999999999,-inf,-57.359999999999985,16,57,dub_irish_dutch,0.09478014210859935,0,0.1683,23,8,0,1737,0,0.0,10240,79
-4.1560000000000015,-inf,-62.340000000000025,15,62,dub_irish_dutch,0.14948150515556335,0,0.1674,25,8,0,1737,0,0.0,10368,80
-3.84375,-inf,-61.5,16,61,dub_irish_dutch,0.16230874260266623,0,0.1666,22,8,0,1737,0,0.0,10496,81
-3.752681962025317,0,-60.042911392405074,16,60,dub_irish_dutch,0.13224122921625772,1,0.1657,24,8,0,1737,0,0.0,10624,82
-3.392499999999999,-inf,-54.27999999999999,16,54,dub_irish_dutch,0.08995707084735234,0,0.1649,23,8,0,1737,0,0.0,10752,83
-4.009999999999999,-inf,-64.15999999999998,16,64,dub_irish_dutch,0.15242076416810355,0,0.1641,30,8,0,1737,0,0.0,10880,84
-3.7562499999999988,-inf,-60.09999999999998,16,60,dub_irish_dutch,0.189348965883255,0,0.1633,27,8,0,1737,0,0.0,11008,85
-3.198749999999999,0,-51.179999999999986,16,51,dub_irish_dutch,0.12595600386460623,1,0.1625,23,8,0,1737,0,0.0,11136,86
-3.886875,-inf,-62.19,16,62,dub_irish_dutch,0.1348786105712255,0,0.1616,22,8,0,1737,0,0.0,11264,87
-2.6949169303797476,0,-43.11867088607596,16,43,dub_irish_dutch,0.0957645798722903,1,0.1608,24,8,0,1737,0,0.0,11392,88
-3.0712499999999996,-inf,-49.13999999999999,16,49,dub_irish_dutch,0.0778778741757075,0,0.16,29,8,0,1737,0,0.0,11520,89
-2.712499999999999,-inf,-43.399999999999984,16,43,dub_irish_dutch,0.06914749493201573,0,0.1592,21,8,0,1737,0,0.0,11648,90
-3.1300000000000003,-inf,-50.080000000000005,16,50,dub_irish_dutch,0.06439304475982983,0,0.1584,20,8,0,1737,0,0.0,11776,91
-2.8179999999999996,-inf,-42.269999999999996,15,42,dub_irish_dutch,0.11127784599860509,0,0.1576,18,8,0,1737,0,0.0,11904,92
-2.949999999999999,-inf,-44.249999999999986,15,44,dub_irish_dutch,0.07000334436694781,0,0.1569,21,8,0,1737,0,0.0,12032,93
-2.13875,-inf,-34.22,16,34,dub_irish_dutch,0.13448530932267508,0,0.1561,19,8,0,1737,0,0.0,12160,94
-2.5125000000000006,0,-40.20000000000001,16,40,dub_irish_dutch,0.03202765807509422,1,0.1553,18,8,0,1737,0,0.0,12288,95
-2.195,0,-35.12,16,35,dub_irish_dutch,0.10231588284174602,1,0.1545,17,8,0,1737,0,0.0,12416,96
-2.634375,-inf,-42.15,16,42,dub_irish_dutch,0.090670940776666,0,0.1537,20,8,0,1737,0,0.0,12544,97
-1.6950000000000005,-inf,-27.120000000000008,16,27,dub_irish_dutch,0.04884099463621775,0,0.153,17,8,0,1737,0,0.0,12672,98
-2.255,-inf,-36.08,16,36,dub_irish_dutch,0.13170680900414786,0,0.1522,18,8,0,1737,0,0.0,12800,99
-5.639375000000003,-inf,-90.23000000000005,16,90,dub_irish_dutch,1.1061232089996338,0,0.25,33,9,0,1738,0,0.0,128,0
-5.272499999999999,-inf,-84.35999999999999,16,84,dub_irish_dutch,0.9369655648867289,0,0.2487,39,9,0,1738,0,0.0,256,1
-4.824374999999998,-inf,-77.18999999999997,16,77,dub_irish_dutch,0.7211178342501322,0,0.2475,29,9,0,1738,0,0.0,384,2
-5.33886075949367,0,-80.08291139240505,15,80,dub_irish_dutch,0.8560268680254618,1,0.2463,36,9,0,1738,0,0.0,512,3
-5.156166930379745,0,-82.49867088607591,16,82,dub_irish_dutch,0.747971753279368,1,0.245,32,9,0,1738,0,0.0,640,4
-5.136875,-inf,-82.19,16,82,dub_irish_dutch,0.6390291651089987,0,0.2438,34,9,0,1738,0,0.0,768,5
-5.130624999999998,-inf,-82.08999999999997,16,82,dub_irish_dutch,0.588237981001536,0,0.2426,26,9,0,1738,0,0.0,896,6
-5.008125,-inf,-80.13,16,80,dub_irish_dutch,0.583315114180247,0,0.2414,29,9,0,1738,0,0.0,1024,7
-5.2068749999999975,-inf,-83.30999999999996,16,83,dub_irish_dutch,0.5375147859255472,0,0.2402,27,9,0,1738,0,0.0,1152,8
-5.743333333333334,-inf,-86.15,15,86,dub_irish_dutch,0.6136776606241862,0,0.239,35,9,0,1738,0,0.0,1280,9
-5.010625000000001,-inf,-80.17000000000002,16,80,dub_irish_dutch,0.39435215791066486,0,0.2378,33,9,0,1738,0,0.0,1408,10
-5.500666666666666,-inf,-82.50999999999999,15,82,dub_irish_dutch,0.43670429786046344,0,0.2366,39,9,0,1738,0,0.0,1536,11
-5.276666666666667,-inf,-79.15,15,79,dub_irish_dutch,0.33292649189631146,0,0.2354,42,9,0,1738,0,0.0,1664,12
-4.821250000000001,-inf,-77.14000000000001,16,77,dub_irish_dutch,0.27448834975560504,0,0.2342,30,9,0,1738,0,0.0,1792,13
-4.459556962025314,0,-71.35291139240502,16,71,dub_irish_dutch,0.23895513514677683,1,0.2331,27,9,0,1738,0,0.0,1920,14
-5.334375000000001,-inf,-85.35000000000002,16,85,dub_irish_dutch,0.2768971025943756,0,0.2319,30,9,0,1738,0,0.0,2048,15
-4.951333333333334,-inf,-74.27000000000001,15,74,dub_irish_dutch,0.29019810756047565,0,0.2307,20,9,0,1738,0,0.0,2176,16
-4.758750000000001,0,-76.14000000000001,16,76,dub_irish_dutch,0.23079749941825867,1,0.2296,32,9,0,1738,0,0.0,2304,17
-5.341999999999998,-inf,-80.12999999999997,15,80,dub_irish_dutch,0.24597533543904623,0,0.2284,27,9,0,1738,0,0.0,2432,18
-4.651875,-inf,-74.43,16,74,dub_irish_dutch,0.1364572544892629,0,0.2273,37,9,0,1738,0,0.0,2560,19
-4.949375000000002,-inf,-79.19000000000003,16,79,dub_irish_dutch,0.20898161828517914,0,0.2262,31,9,0,1738,0,0.0,2688,20
-4.8218749999999995,-inf,-77.14999999999999,16,77,dub_irish_dutch,0.15310469269752502,0,0.225,25,9,0,1738,0,0.0,2816,21
-4.465624999999998,-inf,-71.44999999999997,16,71,dub_irish_dutch,0.15080989400545755,0,0.2239,27,9,0,1738,0,0.0,2944,22
-4.948124999999999,-inf,-79.16999999999999,16,79,dub_irish_dutch,0.1803123007218043,0,0.2228,24,9,0,1738,0,0.0,3072,23
-5.339375000000003,-inf,-85.43000000000005,16,85,dub_irish_dutch,0.212179164091746,0,0.2217,21,9,0,1738,0,0.0,3200,24
-5.011874999999998,-inf,-80.18999999999997,16,80,dub_irish_dutch,0.20820258557796478,0,0.2206,39,9,0,1738,0,0.0,3328,25
-5.359333333333334,-inf,-80.39,15,80,dub_irish_dutch,0.2459721863269806,0,0.2195,28,9,0,1738,0,0.0,3456,26
-4.890625,-inf,-78.25,16,78,dub_irish_dutch,0.1667865365743637,0,0.2184,29,9,0,1738,0,0.0,3584,27
-4.131875,-inf,-66.11,16,66,dub_irish_dutch,0.18970239659150442,0,0.2173,25,9,0,1738,0,0.0,3712,28
-4.515625000000001,-inf,-72.25000000000001,16,72,dub_irish_dutch,0.18275592724482217,0,0.2162,23,9,0,1738,0,0.0,3840,29
-4.941333333333334,-inf,-74.12,15,74,dub_irish_dutch,0.14185552299022675,0,0.2151,28,9,0,1738,0,0.0,3968,30
-4.4575000000000005,-inf,-71.32000000000001,16,71,dub_irish_dutch,0.15901252627372742,0,0.214,28,9,0,1738,0,0.0,4096,31
-4.876250000000001,-inf,-78.02000000000001,16,78,dub_irish_dutch,0.20920561254024506,0,0.213,22,9,0,1738,0,0.0,4224,32
-4.637499999999998,-inf,-74.19999999999997,16,74,dub_irish_dutch,0.15827640891075134,0,0.2119,32,9,0,1738,0,0.0,4352,33
-4.841875,-inf,-77.47,16,77,dub_irish_dutch,0.1560539851586024,0,0.2108,20,9,0,1738,0,0.0,4480,34
-4.457499999999999,-inf,-71.31999999999998,16,71,dub_irish_dutch,0.1295377016067505,0,0.2098,22,9,0,1738,0,0.0,4608,35
-4.1375,-inf,-66.2,16,66,dub_irish_dutch,0.14311359326044717,0,0.2087,29,9,0,1738,0,0.0,4736,36
-3.709374999999998,-inf,-59.349999999999966,16,59,dub_irish_dutch,0.22486952940622965,0,0.2077,31,9,0,1738,0,0.0,4864,37
-4.33,-inf,-69.28,16,69,dub_irish_dutch,0.18906272947788239,0,0.2066,29,9,0,1738,0,0.0,4992,38
-4.516875000000004,-inf,-72.27000000000007,16,72,dub_irish_dutch,0.19729780654112497,0,0.2056,25,9,0,1738,0,0.0,5120,39
-4.874666666666668,-inf,-73.12000000000002,15,73,dub_irish_dutch,0.2004844198624293,0,0.2046,15,9,0,1738,0,0.0,5248,40
-4.444374999999999,-inf,-71.10999999999999,16,71,dub_irish_dutch,0.18555553257465363,0,0.2036,31,9,0,1738,0,0.0,5376,41
-3.891249999999999,-inf,-62.259999999999984,16,62,dub_irish_dutch,0.17014174163341522,0,0.2025,26,9,0,1738,0,0.0,5504,42
-4.568125,-inf,-73.09,16,73,dub_irish_dutch,0.17538761099179587,0,0.2015,27,9,0,1738,0,0.0,5632,43
-4.521249999999999,-inf,-72.33999999999999,16,72,dub_irish_dutch,0.19310499727725983,0,0.2005,32,9,0,1738,0,0.0,5760,44
-4.390624999999998,-inf,-70.24999999999997,16,70,dub_irish_dutch,0.20041939119497934,0,0.1995,20,9,0,1738,0,0.0,5888,45
-4.570624999999998,-inf,-73.12999999999997,16,73,dub_irish_dutch,0.15080619355042776,0,0.1985,25,9,0,1738,0,0.0,6016,46
-4.641249999999998,-inf,-74.25999999999996,16,74,dub_irish_dutch,0.2028313527504603,0,0.1975,33,9,0,1738,0,0.0,6144,47
-4.760625,-inf,-76.17,16,76,dub_irish_dutch,0.21372350056966147,0,0.1965,32,9,0,1738,0,0.0,6272,48
-4.8685714285714266,-inf,-68.15999999999997,14,68,dub_irish_dutch,0.21638512114683786,0,0.1956,30,9,0,1738,0,0.0,6400,49
-4.329375000000001,0,-69.27000000000001,16,69,dub_irish_dutch,0.1839749664068222,1,0.1946,22,9,0,1738,0,0.0,6528,50
-4.646250000000004,-inf,-74.34000000000006,16,74,dub_irish_dutch,0.24132966498533884,0,0.1936,27,9,0,1738,0,0.0,6656,51
-4.3912499999999985,-inf,-70.25999999999998,16,70,dub_irish_dutch,0.21389746169249216,0,0.1926,24,9,0,1738,0,0.0,6784,52
-4.32875,-inf,-69.26,16,69,dub_irish_dutch,0.2620350122451782,0,0.1917,33,9,0,1738,0,0.0,6912,53
-4.1987499999999995,-inf,-67.17999999999999,16,67,dub_irish_dutch,0.14748610059420267,0,0.1907,21,9,0,1738,0,0.0,7040,54
-4.743333333333335,-inf,-71.15000000000002,15,71,dub_irish_dutch,0.18965948124726614,0,0.1898,21,9,0,1738,0,0.0,7168,55
-4.896875,-inf,-78.35,16,78,dub_irish_dutch,0.2536154290040334,0,0.1888,28,9,0,1738,0,0.0,7296,56
-4.3125,-inf,-69,16,69,dub_irish_dutch,0.1927499125401179,0,0.1879,22,9,0,1738,0,0.0,7424,57
-4.582499999999998,-inf,-73.31999999999996,16,73,dub_irish_dutch,0.22474183638890585,0,0.1869,23,9,0,1738,0,0.0,7552,58
-4.322499999999999,-inf,-69.15999999999998,16,69,dub_irish_dutch,0.2173479994138082,0,0.186,24,9,0,1738,0,0.0,7680,59
-4.01625,-inf,-64.26,16,64,dub_irish_dutch,0.19452709952990213,0,0.1851,28,9,0,1738,0,0.0,7808,60
-4.329999999999998,-inf,-69.27999999999997,16,69,dub_irish_dutch,0.14672744770844778,0,0.1841,25,9,0,1738,0,0.0,7936,61
-4.525000000000001,-inf,-72.40000000000002,16,72,dub_irish_dutch,0.16806637744108835,0,0.1832,26,9,0,1738,0,0.0,8064,62
-4.516431962025316,0,-72.26291139240506,16,72,dub_irish_dutch,0.20501609146595,1,0.1823,25,9,0,1738,0,0.0,8192,63
-4.380000000000001,-inf,-70.08000000000001,16,70,dub_irish_dutch,0.1597413718700409,0,0.1814,17,9,0,1738,0,0.0,8320,64
-4.130000000000001,-inf,-66.08000000000001,16,66,dub_irish_dutch,0.24195237457752228,0,0.1805,21,9,0,1738,0,0.0,8448,65
-4.074375000000001,-inf,-65.19000000000001,16,65,dub_irish_dutch,0.15337652961413065,0,0.1796,24,9,0,1738,0,0.0,8576,66
-3.95,-inf,-63.2,16,63,dub_irish_dutch,0.205444206794103,0,0.1787,21,9,0,1738,0,0.0,8704,67
-4.445625000000001,-inf,-71.13000000000001,16,71,dub_irish_dutch,0.18604289988676706,0,0.1778,19,9,0,1738,0,0.0,8832,68
-3.4139113924050646,0,-51.20867088607597,15,51,dub_irish_dutch,0.20090289413928986,1,0.1769,18,9,0,1738,0,0.0,8960,69
-3.8224999999999985,-inf,-61.159999999999975,16,61,dub_irish_dutch,0.13026267290115356,0,0.176,22,9,0,1738,0,0.0,9088,70
-4.06875,-inf,-65.1,16,65,dub_irish_dutch,0.23809802532196045,0,0.1751,26,9,0,1738,0,0.0,9216,71
-3.6949999999999994,0,-59.11999999999999,16,59,dub_irish_dutch,0.15241285661856332,1,0.1743,19,9,0,1738,0,0.0,9344,72
-3.7486666666666664,-inf,-56.23,15,56,dub_irish_dutch,0.1574802945057551,0,0.1734,22,9,0,1738,0,0.0,9472,73
-3.637499999999999,-inf,-58.19999999999998,16,58,dub_irish_dutch,0.13627678155899048,0,0.1725,16,9,0,1738,0,0.0,9600,74
-3.828749999999999,-inf,-61.259999999999984,16,61,dub_irish_dutch,0.14208422601222992,0,0.1717,20,9,0,1738,0,0.0,9728,75
-3.9453333333333345,-inf,-59.180000000000014,15,59,dub_irish_dutch,0.13490413129329681,0,0.1708,23,9,0,1738,0,0.0,9856,76
-4.192499999999999,-inf,-67.07999999999998,16,67,dub_irish_dutch,0.18438823024431863,0,0.1699,23,9,0,1738,0,0.0,9984,77
-3.6331249999999984,-inf,-58.129999999999974,16,58,dub_irish_dutch,0.17206821839014688,0,0.1691,31,9,0,1738,0,0.0,10112,78
-3.69,-inf,-59.04,16,59,dub_irish_dutch,0.14441736539204916,0,0.1683,23,9,0,1738,0,0.0,10240,79
-4.318749999999999,-inf,-69.09999999999998,16,69,dub_irish_dutch,0.16378499567508698,0,0.1674,23,9,0,1738,0,0.0,10368,80
-3.7699999999999982,-inf,-60.31999999999997,16,60,dub_irish_dutch,0.10658230632543564,0,0.1666,21,9,0,1738,0,0.0,10496,81
-4.151249999999999,-inf,-66.41999999999999,16,66,dub_irish_dutch,0.16907882193724313,0,0.1657,18,9,0,1738,0,0.0,10624,82
-3.885625000000001,-inf,-62.170000000000016,16,62,dub_irish_dutch,0.1430115004380544,0,0.1649,20,9,0,1738,0,0.0,10752,83
-4.218666930379748,0,-67.49867088607597,16,67,dub_irish_dutch,0.1844121515750885,1,0.1641,27,9,0,1738,0,0.0,10880,84
-3.500625,-inf,-56.01,16,56,dub_irish_dutch,0.2145532617966334,0,0.1633,20,9,0,1738,0,0.0,11008,85
-3.6418750000000006,-inf,-58.27000000000001,16,58,dub_irish_dutch,0.18625907599925995,0,0.1625,17,9,0,1738,0,0.0,11136,86
-3.3225,-inf,-53.16,16,53,dub_irish_dutch,0.10184193154176076,0,0.1616,14,9,0,1738,0,0.0,11264,87
-3.888125,-inf,-62.21,16,62,dub_irish_dutch,0.12716607252756754,0,0.1608,22,9,0,1738,0,0.0,11392,88
-3.4618749999999987,-inf,-55.38999999999998,16,55,dub_irish_dutch,0.09158096959193547,0,0.16,15,9,0,1738,0,0.0,11520,89
-2.6281250000000003,0,-42.050000000000004,16,42,dub_irish_dutch,0.13174168020486832,1,0.1592,17,9,0,1738,0,0.0,11648,90
-4.129375,-inf,-66.07,16,66,dub_irish_dutch,0.246714914838473,0,0.1584,21,9,0,1738,0,0.0,11776,91
-3.3937500000000003,-inf,-54.300000000000004,16,54,dub_irish_dutch,0.18034347395102182,0,0.1576,28,9,0,1738,0,0.0,11904,92
-3.8331250000000003,-inf,-61.330000000000005,16,61,dub_irish_dutch,0.22515558699766794,0,0.1569,16,9,0,1738,0,0.0,12032,93
-2.952499999999999,-inf,-47.23999999999998,16,47,dub_irish_dutch,0.09907095630963643,0,0.1561,14,9,0,1738,0,0.0,12160,94
-2.8787499999999993,-inf,-46.05999999999999,16,46,dub_irish_dutch,0.1480733503897985,0,0.1553,22,9,0,1738,0,0.0,12288,95
-3.27,-inf,-52.32,16,52,dub_irish_dutch,0.0566834919154644,0,0.1545,15,9,0,1738,0,0.0,12416,96
-3.290666666666667,-inf,-49.36000000000001,15,49,dub_irish_dutch,0.10371423015991847,0,0.1537,24,9,0,1738,0,0.0,12544,97
-2.2699999999999987,-inf,-36.31999999999998,16,36,dub_irish_dutch,0.09114060054222743,0,0.153,21,9,0,1738,0,0.0,12672,98
-2.5385780590717295,0,-38.07867088607594,15,38,dub_irish_dutch,0.0810472418864568,1,0.1522,19,9,0,1738,0,0.0,12800,99
