Job 927709 started on node18 at Fri Aug  7 13:58:45 CEST 2026
Output directory: experiments/results/loophole_learning_metrics_hard_distressed_assets_927709_1_20260807_135845
Loopholes: distressed_assets
Environment variant: hard
Runs: 10; updates: 100; rollout steps: 128; tail updates: 20
SHELTER_CHECK_DEVICE: cpu; stream train logs: 1
Fri Aug  7 13:58:45 2026       
+-----------------------------------------------------------------------------------------+
| NVIDIA-SMI 580.126.18             Driver Version: 580.126.18     CUDA Version: 13.0     |
+-----------------------------------------+------------------------+----------------------+
| GPU  Name                 Persistence-M | Bus-Id          Disp.A | Volatile Uncorr. ECC |
| Fan  Temp   Perf          Pwr:Usage/Cap |           Memory-Usage | GPU-Util  Compute M. |
|                                         |                        |               MIG M. |
|=========================================+========================+======================|
|   0  Tesla P100-PCIE-16GB           Off |   00000000:AF:00.0 Off |                    0 |
| N/A   29C    P0             27W /  250W |       0MiB /  16384MiB |      0%      Default |
|                                         |                        |                  N/A |
+-----------------------------------------+------------------------+----------------------+

+-----------------------------------------------------------------------------------------+
| Processes:                                                                              |
|  GPU   GI   CI              PID   Type   Process name                        GPU Memory |
|        ID   ID                                                               Usage      |
|=========================================================================================|
|  No running processes found                                                             |
+-----------------------------------------------------------------------------------------+
torch 2.5.1+cu121
cuda_available True
cuda 12.1
               total        used        free      shared  buff/cache   available
Mem:            62Gi       9.6Gi        12Gi       4.6Mi        40Gi        52Gi
Swap:           31Gi       268Ki        31Gi
2026-08-07T13:58:52 running distressed_assets run=0 seed=1729
env_variant: HardTaxEnv
update_start: 0; random_action_prob: 0.2500
update_complete: 0; loss: 0.6072830557823181; cumulative_reward: -1.0400000000000003; invalid_count: 0; positive_reward_count: 0; success_count: 0; episode_count: 12; random_exploration_count: 39; random_action_prob: 0.2500
make_subtrust -0.014838709677419355 31
move_asset -0.0055223880597014925 67
sell_asset -0.007407407407407407 27
give_vesting_power -0.0033333333333333335 3
update_start: 1; random_action_prob: 0.2487
update_complete: 1; loss: 0.2312337209781011; cumulative_reward: -0.7700000000000004; invalid_count: 0; positive_reward_count: 0; success_count: 0; episode_count: 12; random_exploration_count: 34; random_action_prob: 0.2487
make_subtrust -0.013600000000000001 25
move_asset -0.0041463414634146335 82
sell_asset 0.0 17
give_vesting_power -0.0225 4
update_start: 2; random_action_prob: 0.2475
update_complete: 2; loss: 0.2861379186312358; cumulative_reward: -0.7200000000000003; invalid_count: 0; positive_reward_count: 0; success_count: 0; episode_count: 12; random_exploration_count: 33; random_action_prob: 0.2475
make_subtrust -0.013846153846153845 26
move_asset -0.0032142857142857147 84
sell_asset -0.005 18
update_start: 3; random_action_prob: 0.2463
update_complete: 3; loss: 0.2063692013422648; cumulative_reward: -0.7900000000000004; invalid_count: 0; positive_reward_count: 0; success_count: 0; episode_count: 12; random_exploration_count: 31; random_action_prob: 0.2463
make_subtrust -0.02125 32
move_asset -0.0014925373134328358 67
sell_asset -0.0003448275862068966 29
update_start: 4; random_action_prob: 0.2450
update_complete: 4; loss: 4.7986399332682295; cumulative_reward: 30.519999999999996; invalid_count: 0; positive_reward_count: 1; success_count: 1; episode_count: 12; random_exploration_count: 35; random_action_prob: 0.2450
make_subtrust -0.023846153846153847 39
move_asset -0.0064285714285714285 56
sell_asset -0.004838709677419355 31
give_vesting_power 15.98 2
update_start: 5; random_action_prob: 0.2438
update_complete: 5; loss: 7.390683492024739; cumulative_reward: 62.69999999999999; invalid_count: 0; positive_reward_count: 2; success_count: 2; episode_count: 13; random_exploration_count: 30; random_action_prob: 0.2438
make_subtrust -0.024857142857142855 35
move_asset -0.006231884057971014 69
sell_asset 1.5238095238095237 21
give_vesting_power 10.666666666666666 3
update_start: 6; random_action_prob: 0.2426
update_complete: 6; loss: 3.8398794333140054; cumulative_reward: 29.969999999999956; invalid_count: 0; positive_reward_count: 1; success_count: 1; episode_count: 13; random_exploration_count: 27; random_action_prob: 0.2426
make_subtrust -0.021818181818181816 33
move_asset -0.013918918918918919 74
sell_asset 1.6726315789473682 19
give_vesting_power -0.03 2
update_start: 7; random_action_prob: 0.2414
update_complete: 7; loss: 3.986249844233195; cumulative_reward: 30.179999999999968; invalid_count: 0; positive_reward_count: 1; success_count: 1; episode_count: 13; random_exploration_count: 31; random_action_prob: 0.2414
make_subtrust -0.0225 32
move_asset -0.010746268656716417 67
sell_asset 1.5123809523809524 21
give_vesting_power -0.0175 8
update_start: 8; random_action_prob: 0.2402
update_complete: 8; loss: 4.456147034962972; cumulative_reward: 29.409999999999965; invalid_count: 0; positive_reward_count: 1; success_count: 1; episode_count: 12; random_exploration_count: 26; random_action_prob: 0.2402
make_subtrust -0.02361111111111111 36
move_asset -0.019253731343283582 67
sell_asset -0.016 20
give_vesting_power 6.374 5
update_start: 9; random_action_prob: 0.2390
update_complete: 9; loss: 6.866908073425293; cumulative_reward: 60.85999999999998; invalid_count: 0; positive_reward_count: 2; success_count: 2; episode_count: 13; random_exploration_count: 29; random_action_prob: 0.2390
make_subtrust -0.025853658536585368 41
move_asset -0.022000000000000002 60
sell_asset 3.0195238095238093 21
give_vesting_power -0.028333333333333335 6
update_start: 10; random_action_prob: 0.2378
update_complete: 10; loss: 13.103273073832193; cumulative_reward: 124.27999999999993; invalid_count: 0; positive_reward_count: 4; success_count: 4; episode_count: 14; random_exploration_count: 31; random_action_prob: 0.2378
make_subtrust -0.028297872340425533 47
move_asset -0.031020408163265307 49
sell_asset 4.776 20
give_vesting_power 2.6341666666666668 12
update_start: 11; random_action_prob: 0.2366
update_complete: 11; loss: 29.278661727905273; cumulative_reward: 272.5699999999999; invalid_count: 0; positive_reward_count: 9; success_count: 9; episode_count: 15; random_exploration_count: 32; random_action_prob: 0.2366
make_subtrust -0.027045454545454543 44
move_asset -0.027708333333333335 48
sell_asset 12.7715 20
give_vesting_power 1.22875 16
update_start: 12; random_action_prob: 0.2354
update_complete: 12; loss: 32.32621765136719; cumulative_reward: 317.08000000000015; invalid_count: 0; positive_reward_count: 10; success_count: 10; episode_count: 15; random_exploration_count: 30; random_action_prob: 0.2354
make_subtrust -0.026250000000000002 40
move_asset -0.02020833333333333 48
sell_asset 15.979444444444445 18
give_vesting_power 1.4304545454545456 22
update_start: 13; random_action_prob: 0.2342
update_complete: 13; loss: 38.93666966756185; cumulative_reward: 380.37000000000046; invalid_count: 0; positive_reward_count: 12; success_count: 12; episode_count: 16; random_exploration_count: 36; random_action_prob: 0.2342
make_subtrust -0.02547619047619048 42
move_asset -0.027555555555555555 45
sell_asset 15.965000000000002 22
give_vesting_power 1.6552631578947368 19
update_start: 14; random_action_prob: 0.2331
update_complete: 14; loss: 25.49433771769206; cumulative_reward: 229.12000000000012; invalid_count: 0; positive_reward_count: 8; success_count: 8; episode_count: 15; random_exploration_count: 32; random_action_prob: 0.2331
make_subtrust -0.025853658536585368 41
move_asset -0.017916666666666668 48
sell_asset 10.52590909090909 22
give_vesting_power -0.031176470588235295 17
update_start: 15; random_action_prob: 0.2319
update_complete: 15; loss: 32.06275939941406; cumulative_reward: 306.37000000000023; invalid_count: 0; positive_reward_count: 10; success_count: 10; episode_count: 15; random_exploration_count: 34; random_action_prob: 0.2319
make_subtrust -0.014411764705882353 34
move_asset -0.010819672131147541 61
sell_asset 14.513684210526316 19
give_vesting_power 2.2685714285714282 14
update_start: 16; random_action_prob: 0.2307
update_complete: 16; loss: 33.520938873291016; cumulative_reward: 337.40999999999997; invalid_count: 0; positive_reward_count: 11; success_count: 11; episode_count: 17; random_exploration_count: 36; random_action_prob: 0.2307
make_subtrust -0.022857142857142857 42
move_asset -0.016666666666666666 45
sell_asset 13.373043478260868 23
give_vesting_power 1.7522222222222221 18
update_start: 17; random_action_prob: 0.2296
update_complete: 17; loss: 48.69289016723633; cumulative_reward: 497.6400000000001; invalid_count: 0; positive_reward_count: 16; success_count: 16; episode_count: 18; random_exploration_count: 23; random_action_prob: 0.2296
make_subtrust -0.02023809523809524 42
move_asset -0.011111111111111112 45
sell_asset 23.784761904761904 21
give_vesting_power -0.0245 20
update_start: 18; random_action_prob: 0.2284
update_complete: 18; loss: 29.27622922261556; cumulative_reward: 284.60999999999996; invalid_count: 0; positive_reward_count: 9; success_count: 9; episode_count: 15; random_exploration_count: 30; random_action_prob: 0.2284
make_subtrust -0.025909090909090906 44
move_asset -0.022884615384615385 52
sell_asset 15.122105263157895 19
give_vesting_power -0.02923076923076923 13
update_start: 19; random_action_prob: 0.2273
update_complete: 19; loss: 27.109099706013996; cumulative_reward: 260.9200000000001; invalid_count: 0; positive_reward_count: 9; success_count: 9; episode_count: 16; random_exploration_count: 40; random_action_prob: 0.2273
make_subtrust -0.022926829268292686 41
move_asset -0.020612244897959184 49
sell_asset 13.114761904761906 21
give_vesting_power -0.7376470588235293 17
update_start: 20; random_action_prob: 0.2262
update_complete: 20; loss: 39.569932301839195; cumulative_reward: 356.19000000000005; invalid_count: 0; positive_reward_count: 12; success_count: 12; episode_count: 15; random_exploration_count: 35; random_action_prob: 0.2262
make_subtrust -0.028333333333333332 42
move_asset -0.02673913043478261 46
sell_asset 16.369 20
give_vesting_power 1.5615 20
update_start: 21; random_action_prob: 0.2250
update_complete: 21; loss: 53.618848164876304; cumulative_reward: 573.3700000000003; invalid_count: 0; positive_reward_count: 18; success_count: 18; episode_count: 19; random_exploration_count: 30; random_action_prob: 0.2250
make_subtrust -0.020444444444444446 45
move_asset -0.019 40
sell_asset 24.707727272727276 22
give_vesting_power 1.499047619047619 21
update_start: 22; random_action_prob: 0.2239
update_complete: 22; loss: 42.37822977701823; cumulative_reward: 479.0000000000001; invalid_count: 0; positive_reward_count: 15; success_count: 15; episode_count: 19; random_exploration_count: 24; random_action_prob: 0.2239
make_subtrust -0.010625 32
move_asset -0.004423076923076923 52
sell_asset 20.860434782608696 23
give_vesting_power -0.010476190476190476 21
update_start: 23; random_action_prob: 0.2228
update_complete: 23; loss: 43.25162124633789; cumulative_reward: 422.61000000000024; invalid_count: 0; positive_reward_count: 14; success_count: 14; episode_count: 18; random_exploration_count: 38; random_action_prob: 0.2228
make_subtrust -0.014705882352941176 34
move_asset -0.005714285714285715 49
sell_asset 15.063461538461537 26
give_vesting_power 1.6705263157894736 19
update_start: 24; random_action_prob: 0.2217
update_complete: 24; loss: 53.725687662760414; cumulative_reward: 593.5200000000002; invalid_count: 0; positive_reward_count: 19; success_count: 19; episode_count: 21; random_exploration_count: 27; random_action_prob: 0.2217
make_subtrust -0.019318181818181818 44
move_asset -0.014871794871794871 39
sell_asset 24.497826086956525 23
give_vesting_power 1.4318181818181819 22
update_start: 25; random_action_prob: 0.2206
update_complete: 25; loss: 37.4954948425293; cumulative_reward: 357.2800000000001; invalid_count: 0; positive_reward_count: 12; success_count: 12; episode_count: 17; random_exploration_count: 25; random_action_prob: 0.2206
make_subtrust -0.019230769230769232 39
move_asset -0.01619047619047619 42
sell_asset 11.8132 25
give_vesting_power 2.880909090909091 22
update_start: 26; random_action_prob: 0.2195
update_complete: 26; loss: 51.425880432128906; cumulative_reward: 572.6700000000004; invalid_count: 0; positive_reward_count: 18; success_count: 18; episode_count: 20; random_exploration_count: 26; random_action_prob: 0.2195
make_subtrust -0.025869565217391303 46
move_asset -0.0195 40
sell_asset 27.167 20
give_vesting_power 1.4227272727272728 22
update_start: 27; random_action_prob: 0.2184
update_complete: 27; loss: 41.25214640299479; cumulative_reward: 432.86000000000024; invalid_count: 0; positive_reward_count: 14; success_count: 14; episode_count: 18; random_exploration_count: 22; random_action_prob: 0.2184
make_subtrust -0.025106382978723404 47
move_asset -0.018421052631578946 38
sell_asset 18.928260869565218 23
give_vesting_power -0.0305 20
update_start: 28; random_action_prob: 0.2173
update_complete: 28; loss: 46.74181111653646; cumulative_reward: 440.27000000000027; invalid_count: 0; positive_reward_count: 15; success_count: 15; episode_count: 18; random_exploration_count: 36; random_action_prob: 0.2173
make_subtrust -0.026595744680851064 47
move_asset -0.027777777777777776 36
sell_asset 20.152272727272727 22
give_vesting_power -0.036086956521739134 23
update_start: 29; random_action_prob: 0.2162
update_complete: 29; loss: 41.6527099609375; cumulative_reward: 477.24000000000046; invalid_count: 0; positive_reward_count: 15; success_count: 15; episode_count: 19; random_exploration_count: 19; random_action_prob: 0.2162
make_subtrust -0.023488372093023256 43
move_asset -0.017857142857142856 42
sell_asset 19.455652173913045 23
give_vesting_power 1.576 20
update_start: 30; random_action_prob: 0.2151
update_complete: 30; loss: 52.043137868245445; cumulative_reward: 573.5300000000003; invalid_count: 0; positive_reward_count: 18; success_count: 18; episode_count: 20; random_exploration_count: 30; random_action_prob: 0.2151
make_subtrust -0.02 40
move_asset -0.016744186046511626 43
sell_asset 23.978333333333335 24
give_vesting_power -0.020476190476190474 21
update_start: 31; random_action_prob: 0.2140
update_complete: 31; loss: 60.194512685139976; cumulative_reward: 636.1000000000007; invalid_count: 0; positive_reward_count: 20; success_count: 20; episode_count: 20; random_exploration_count: 21; random_action_prob: 0.2140
make_subtrust -0.026078431372549022 51
move_asset -0.027647058823529413 34
sell_asset 28.91333333333333 21
give_vesting_power 1.4177272727272727 22
update_start: 32; random_action_prob: 0.2130
update_complete: 32; loss: 44.8134880065918; cumulative_reward: 508.48; invalid_count: 0; positive_reward_count: 16; success_count: 16; episode_count: 19; random_exploration_count: 27; random_action_prob: 0.2130
make_subtrust -0.028431372549019607 51
move_asset -0.02382352941176471 34
sell_asset 23.239545454545453 22
give_vesting_power -0.02523809523809524 21
update_start: 33; random_action_prob: 0.2119
update_complete: 33; loss: 54.15894317626953; cumulative_reward: 638.9500000000002; invalid_count: 0; positive_reward_count: 20; success_count: 20; episode_count: 22; random_exploration_count: 23; random_action_prob: 0.2119
make_subtrust -0.010624999999999999 32
move_asset -0.006862745098039216 51
sell_asset 26.173636363636366 22
give_vesting_power 2.774782608695652 23
update_start: 34; random_action_prob: 0.2108
update_complete: 34; loss: 35.513170878092446; cumulative_reward: 378.6300000000001; invalid_count: 0; positive_reward_count: 13; success_count: 13; episode_count: 18; random_exploration_count: 29; random_action_prob: 0.2108
make_subtrust -0.012857142857142857 35
move_asset -0.009130434782608695 46
sell_asset 11.695555555555554 27
give_vesting_power 3.186 20
update_start: 35; random_action_prob: 0.2098
update_complete: 35; loss: 50.15610122680664; cumulative_reward: 614.7900000000004; invalid_count: 0; positive_reward_count: 20; success_count: 20; episode_count: 22; random_exploration_count: 28; random_action_prob: 0.2098
make_subtrust -0.010571428571428572 35
move_asset -0.008536585365853657 41
sell_asset 20.128275862068968 29
give_vesting_power 1.3821739130434783 23
update_start: 36; random_action_prob: 0.2087
update_complete: 36; loss: 53.460103352864586; cumulative_reward: 550.2400000000004; invalid_count: 0; positive_reward_count: 18; success_count: 18; episode_count: 20; random_exploration_count: 28; random_action_prob: 0.2087
make_subtrust -0.013513513513513514 37
move_asset -0.013023255813953489 43
sell_asset 19.244814814814816 27
give_vesting_power 1.509047619047619 21
update_start: 37; random_action_prob: 0.2077
update_complete: 37; loss: 44.544447580973305; cumulative_reward: 497.69999999999993; invalid_count: 0; positive_reward_count: 16; success_count: 16; episode_count: 19; random_exploration_count: 31; random_action_prob: 0.2077
make_subtrust -0.02024390243902439 41
move_asset -0.014047619047619047 42
sell_asset 18.14708333333333 24
give_vesting_power 3.028095238095238 21
update_start: 38; random_action_prob: 0.2066
update_complete: 38; loss: 44.98291142781576; cumulative_reward: 476.1500000000002; invalid_count: 0; positive_reward_count: 15; success_count: 15; episode_count: 18; random_exploration_count: 30; random_action_prob: 0.2066
make_subtrust -0.0241304347826087 46
move_asset -0.030952380952380953 42
sell_asset 28.20235294117647 17
give_vesting_power -0.03826086956521739 23
update_start: 39; random_action_prob: 0.2056
update_complete: 39; loss: 51.25620651245117; cumulative_reward: 530.0999999999999; invalid_count: 0; positive_reward_count: 17; success_count: 17; episode_count: 19; random_exploration_count: 31; random_action_prob: 0.2056
make_subtrust -0.01628571428571429 35
move_asset -0.01170212765957447 47
sell_asset 21.2652 25
give_vesting_power -0.019523809523809527 21
update_start: 40; random_action_prob: 0.2046
update_complete: 40; loss: 54.55691909790039; cumulative_reward: 574.9900000000002; invalid_count: 0; positive_reward_count: 18; success_count: 18; episode_count: 19; random_exploration_count: 22; random_action_prob: 0.2046
make_subtrust -0.009666666666666665 30
move_asset -0.004999999999999999 56
sell_asset 23.641304347826086 23
give_vesting_power 1.6742105263157896 19
update_start: 41; random_action_prob: 0.2036
update_complete: 41; loss: 50.709442138671875; cumulative_reward: 542.9600000000002; invalid_count: 0; positive_reward_count: 17; success_count: 17; episode_count: 19; random_exploration_count: 26; random_action_prob: 0.2036
make_subtrust -0.011935483870967743 31
move_asset -0.004107142857142857 56
sell_asset 22.24869565217391 23
give_vesting_power 1.768888888888889 18
update_start: 42; random_action_prob: 0.2025
update_complete: 42; loss: 42.92816162109375; cumulative_reward: 478.97000000000014; invalid_count: 0; positive_reward_count: 15; success_count: 15; episode_count: 19; random_exploration_count: 21; random_action_prob: 0.2025
make_subtrust -0.008333333333333333 30
move_asset -0.006271186440677966 59
sell_asset 22.3895 20
give_vesting_power 1.6736842105263159 19
update_start: 43; random_action_prob: 0.2015
update_complete: 43; loss: 55.225022633870445; cumulative_reward: 625.42; invalid_count: 0; positive_reward_count: 20; success_count: 20; episode_count: 21; random_exploration_count: 34; random_action_prob: 0.2015
make_subtrust -0.02022727272727273 44
move_asset -0.017 40
sell_asset 25.889565217391304 23
give_vesting_power 1.5014285714285716 21
update_start: 44; random_action_prob: 0.2005
update_complete: 44; loss: 48.917755126953125; cumulative_reward: 606.040000000001; invalid_count: 0; positive_reward_count: 19; success_count: 19; episode_count: 22; random_exploration_count: 24; random_action_prob: 0.2005
make_subtrust -0.015263157894736841 38
move_asset -0.016097560975609757 41
sell_asset 24.3052 25
give_vesting_power -0.014583333333333332 24
update_start: 45; random_action_prob: 0.1995
update_complete: 45; loss: 55.96243540445963; cumulative_reward: 613.5700000000006; invalid_count: 0; positive_reward_count: 20; success_count: 20; episode_count: 22; random_exploration_count: 28; random_action_prob: 0.1995
make_subtrust -0.019285714285714285 42
move_asset -0.015675675675675675 37
sell_asset 22.0568 25
give_vesting_power 2.6475 24
update_start: 46; random_action_prob: 0.1985
update_complete: 46; loss: 63.180922190348305; cumulative_reward: 734.3000000000002; invalid_count: 0; positive_reward_count: 23; success_count: 23; episode_count: 23; random_exploration_count: 22; random_action_prob: 0.1985
make_subtrust -0.015 40
move_asset -0.0095 40
sell_asset 29.4256 25
give_vesting_power -0.015652173913043476 23
update_start: 47; random_action_prob: 0.1975
update_complete: 47; loss: 46.556870778401695; cumulative_reward: 542.94; invalid_count: 0; positive_reward_count: 17; success_count: 17; episode_count: 20; random_exploration_count: 19; random_action_prob: 0.1975
make_subtrust -0.011470588235294118 34
move_asset -0.005599999999999999 50
sell_asset 23.64260869565217 23
give_vesting_power -0.008095238095238095 21
update_start: 48; random_action_prob: 0.1965
update_complete: 48; loss: 56.7809689839681; cumulative_reward: 638.8400000000003; invalid_count: 0; positive_reward_count: 20; success_count: 20; episode_count: 21; random_exploration_count: 26; random_action_prob: 0.1965
make_subtrust -0.010606060606060605 33
move_asset -0.005384615384615384 52
sell_asset 27.623636363636365 22
give_vesting_power 1.5119047619047619 21
update_start: 49; random_action_prob: 0.1956
update_complete: 49; loss: 42.875244140625; cumulative_reward: 510.2000000000003; invalid_count: 0; positive_reward_count: 16; success_count: 16; episode_count: 20; random_exploration_count: 29; random_action_prob: 0.1956
make_subtrust -0.017560975609756096 41
move_asset -0.010952380952380953 42
sell_asset 24.36809523809524 21
give_vesting_power -0.014583333333333335 24
update_start: 50; random_action_prob: 0.1946
update_complete: 50; loss: 55.12222417195638; cumulative_reward: 638.7200000000004; invalid_count: 0; positive_reward_count: 20; success_count: 20; episode_count: 21; random_exploration_count: 28; random_action_prob: 0.1946
make_subtrust -0.012424242424242423 33
move_asset -0.006458333333333333 48
sell_asset 26.65625 24
give_vesting_power -0.013478260869565217 23
update_start: 51; random_action_prob: 0.1936
update_complete: 51; loss: 52.288098653157554; cumulative_reward: 605.12; invalid_count: 0; positive_reward_count: 19; success_count: 19; episode_count: 21; random_exploration_count: 28; random_action_prob: 0.1936
make_subtrust -0.02125 48
move_asset -0.02081081081081081 37
sell_asset 30.3755 20
give_vesting_power -0.02608695652173913 23
update_start: 52; random_action_prob: 0.1926
update_complete: 52; loss: 54.97577412923177; cumulative_reward: 605.7100000000003; invalid_count: 0; positive_reward_count: 19; success_count: 19; episode_count: 20; random_exploration_count: 27; random_action_prob: 0.1926
make_subtrust -0.019285714285714285 42
move_asset -0.010714285714285714 42
sell_asset 26.410869565217393 23
give_vesting_power -0.022857142857142857 21
update_start: 53; random_action_prob: 0.1917
update_complete: 53; loss: 52.70786921183268; cumulative_reward: 638.72; invalid_count: 0; positive_reward_count: 20; success_count: 20; episode_count: 22; random_exploration_count: 32; random_action_prob: 0.1917
make_subtrust -0.01054054054054054 37
move_asset -0.009545454545454546 44
sell_asset 26.6575 24
give_vesting_power -0.010869565217391304 23
update_start: 54; random_action_prob: 0.1907
update_complete: 54; loss: 51.606990814208984; cumulative_reward: 626.8400000000009; invalid_count: 0; positive_reward_count: 20; success_count: 20; episode_count: 23; random_exploration_count: 22; random_action_prob: 0.1907
make_subtrust -0.0125 36
move_asset -0.007142857142857143 42
sell_asset 24.14576923076923 26
give_vesting_power -0.008333333333333333 24
update_start: 55; random_action_prob: 0.1898
update_complete: 55; loss: 44.74347432454427; cumulative_reward: 498.27000000000044; invalid_count: 0; positive_reward_count: 16; success_count: 16; episode_count: 20; random_exploration_count: 29; random_action_prob: 0.1898
make_subtrust -0.01725 40
move_asset -0.00951219512195122 41
sell_asset 17.986538461538462 26
give_vesting_power 1.5095238095238095 21
update_start: 56; random_action_prob: 0.1888
update_complete: 56; loss: 61.020521799723305; cumulative_reward: 722.3400000000004; invalid_count: 0; positive_reward_count: 23; success_count: 23; episode_count: 24; random_exploration_count: 25; random_action_prob: 0.1888
make_subtrust -0.013902439024390246 41
move_asset -0.011621621621621621 37
sell_asset 26.601153846153846 26
give_vesting_power 1.3212499999999998 24
update_start: 57; random_action_prob: 0.1879
update_complete: 57; loss: 58.927469889322914; cumulative_reward: 735.1400000000003; invalid_count: 0; positive_reward_count: 23; success_count: 23; episode_count: 24; random_exploration_count: 22; random_action_prob: 0.1879
make_subtrust -0.0059375 32
move_asset -0.006888888888888889 45
sell_asset 27.071538461538463 26
give_vesting_power 1.2711999999999999 25
update_start: 58; random_action_prob: 0.1869
update_complete: 58; loss: 55.4551633199056; cumulative_reward: 670.7400000000007; invalid_count: 0; positive_reward_count: 21; success_count: 21; episode_count: 23; random_exploration_count: 29; random_action_prob: 0.1869
make_subtrust -0.011666666666666665 36
move_asset -0.009148936170212766 47
sell_asset 30.535454545454545 22
give_vesting_power -0.00826086956521739 23
update_start: 59; random_action_prob: 0.1860
update_complete: 59; loss: 52.84552001953125; cumulative_reward: 637.8800000000007; invalid_count: 0; positive_reward_count: 20; success_count: 20; episode_count: 22; random_exploration_count: 20; random_action_prob: 0.1860
make_subtrust -0.015 42
move_asset -0.017027027027027027 37
sell_asset 29.075454545454544 22
give_vesting_power -0.01925925925925926 27
update_start: 60; random_action_prob: 0.1851
update_complete: 60; loss: 57.313700358072914; cumulative_reward: 669.7600000000004; invalid_count: 0; positive_reward_count: 21; success_count: 21; episode_count: 22; random_exploration_count: 26; random_action_prob: 0.1851
make_subtrust -0.017291666666666667 48
move_asset -0.014411764705882353 34
sell_asset 26.415217391304346 23
give_vesting_power 2.7621739130434784 23
update_start: 61; random_action_prob: 0.1841
update_complete: 61; loss: 47.21953837076823; cumulative_reward: 542.0300000000007; invalid_count: 0; positive_reward_count: 17; success_count: 17; episode_count: 20; random_exploration_count: 34; random_action_prob: 0.1841
make_subtrust -0.01675 40
move_asset -0.013043478260869565 46
sell_asset 27.183999999999997 20
give_vesting_power -0.017272727272727273 22
update_start: 62; random_action_prob: 0.1832
update_complete: 62; loss: 35.228441874186196; cumulative_reward: 402.9300000000001; invalid_count: 0; positive_reward_count: 13; success_count: 13; episode_count: 19; random_exploration_count: 29; random_action_prob: 0.1832
make_subtrust -0.013888888888888888 36
move_asset -0.006862745098039216 51
sell_asset 17.560434782608695 23
give_vesting_power -0.006111111111111111 18
update_start: 63; random_action_prob: 0.1823
update_complete: 63; loss: 49.3856201171875; cumulative_reward: 562.6400000000002; invalid_count: 0; positive_reward_count: 18; success_count: 18; episode_count: 21; random_exploration_count: 25; random_action_prob: 0.1823
make_subtrust -0.012 35
move_asset -0.008723404255319148 47
sell_asset 22.547199999999997 25
give_vesting_power -0.01 21
update_start: 64; random_action_prob: 0.1814
update_complete: 64; loss: 66.38753000895183; cumulative_reward: 863.3400000000003; invalid_count: 0; positive_reward_count: 27; success_count: 27; episode_count: 27; random_exploration_count: 15; random_action_prob: 0.1814
make_subtrust -0.004999999999999999 34
move_asset -0.003846153846153846 39
sell_asset 31.993703703703705 27
give_vesting_power -0.0060714285714285705 28
update_start: 65; random_action_prob: 0.1805
update_complete: 65; loss: 59.65915298461914; cumulative_reward: 690.5400000000002; invalid_count: 0; positive_reward_count: 22; success_count: 22; episode_count: 22; random_exploration_count: 28; random_action_prob: 0.1805
make_subtrust -0.012105263157894737 38
move_asset -0.0069767441860465115 43
sell_asset 30.071739130434782 23
give_vesting_power -0.014583333333333332 24
update_start: 66; random_action_prob: 0.1796
update_complete: 66; loss: 56.73510615030924; cumulative_reward: 638.9900000000004; invalid_count: 0; positive_reward_count: 20; success_count: 20; episode_count: 21; random_exploration_count: 30; random_action_prob: 0.1796
make_subtrust -0.008888888888888889 36
move_asset -0.005434782608695652 46
sell_asset 23.99 24
give_vesting_power 2.9 22
update_start: 67; random_action_prob: 0.1787
update_complete: 67; loss: 57.332986195882164; cumulative_reward: 670.5800000000003; invalid_count: 0; positive_reward_count: 21; success_count: 21; episode_count: 22; random_exploration_count: 28; random_action_prob: 0.1787
make_subtrust -0.011944444444444445 36
move_asset -0.009111111111111111 45
sell_asset 25.3225 24
give_vesting_power 2.7686956521739132 23
update_start: 68; random_action_prob: 0.1778
update_complete: 68; loss: 58.52983601888021; cumulative_reward: 735.52; invalid_count: 0; positive_reward_count: 23; success_count: 23; episode_count: 24; random_exploration_count: 22; random_action_prob: 0.1778
make_subtrust -0.0033333333333333335 30
move_asset -0.003958333333333334 48
sell_asset 27.072307692307692 26
give_vesting_power 1.3304166666666666 24
update_start: 69; random_action_prob: 0.1769
update_complete: 69; loss: 45.799686431884766; cumulative_reward: 506.9100000000004; invalid_count: 0; positive_reward_count: 17; success_count: 17; episode_count: 21; random_exploration_count: 24; random_action_prob: 0.1769
make_subtrust -0.010294117647058823 34
move_asset -0.0076086956521739125 46
sell_asset 19.529615384615383 26
give_vesting_power -0.007272727272727273 22
update_start: 70; random_action_prob: 0.1760
update_complete: 70; loss: 62.77713139851888; cumulative_reward: 786.6800000000007; invalid_count: 0; positive_reward_count: 25; success_count: 25; episode_count: 25; random_exploration_count: 21; random_action_prob: 0.1760
make_subtrust -0.009210526315789473 38
move_asset -0.009736842105263158 38
sell_asset 26.80296296296296 27
give_vesting_power 2.5488 25
update_start: 71; random_action_prob: 0.1751
update_complete: 71; loss: 62.29458236694336; cumulative_reward: 734.8200000000004; invalid_count: 0; positive_reward_count: 23; success_count: 23; episode_count: 23; random_exploration_count: 24; random_action_prob: 0.1751
make_subtrust -0.01 36
move_asset -0.006590909090909091 44
sell_asset 29.20521739130435 23
give_vesting_power 2.55 25
update_start: 72; random_action_prob: 0.1743
update_complete: 72; loss: 57.94982401529948; cumulative_reward: 703.3900000000003; invalid_count: 0; positive_reward_count: 22; success_count: 22; episode_count: 23; random_exploration_count: 20; random_action_prob: 0.1743
make_subtrust -0.006129032258064516 31
move_asset -0.0036 50
sell_asset 27.995416666666667 24
give_vesting_power 1.3856521739130436 23
update_start: 73; random_action_prob: 0.1734
update_complete: 73; loss: 66.79775746663411; cumulative_reward: 863.0700000000006; invalid_count: 0; positive_reward_count: 27; success_count: 27; episode_count: 27; random_exploration_count: 21; random_action_prob: 0.1734
make_subtrust -0.007567567567567567 37
move_asset -0.005277777777777778 36
sell_asset 30.805925925925926 27
give_vesting_power 1.135 28
update_start: 74; random_action_prob: 0.1725
update_complete: 74; loss: 61.5541623433431; cumulative_reward: 799.6700000000002; invalid_count: 0; positive_reward_count: 25; success_count: 25; episode_count: 26; random_exploration_count: 17; random_action_prob: 0.1725
make_subtrust -0.0032258064516129032 31
move_asset -0.0018181818181818182 44
sell_asset 29.62740740740741 27
give_vesting_power -0.003461538461538461 26
update_start: 75; random_action_prob: 0.1717
update_complete: 75; loss: 50.06521987915039; cumulative_reward: 659.27; invalid_count: 0; positive_reward_count: 21; success_count: 21; episode_count: 24; random_exploration_count: 22; random_action_prob: 0.1717
make_subtrust -0.0074285714285714285 35
move_asset -0.0031111111111111114 45
sell_asset 25.376923076923074 26
give_vesting_power -0.005909090909090909 22
update_start: 76; random_action_prob: 0.1708
update_complete: 76; loss: 49.914066314697266; cumulative_reward: 639.1200000000006; invalid_count: 0; positive_reward_count: 20; success_count: 20; episode_count: 23; random_exploration_count: 23; random_action_prob: 0.1708
make_subtrust -0.0075 32
move_asset -0.005490196078431372 51
sell_asset 26.17409090909091 22
give_vesting_power 2.7743478260869567 23
update_start: 77; random_action_prob: 0.1699
update_complete: 77; loss: 66.83104197184245; cumulative_reward: 863.0500000000004; invalid_count: 0; positive_reward_count: 27; success_count: 27; episode_count: 27; random_exploration_count: 16; random_action_prob: 0.1699
make_subtrust -0.008378378378378378 37
move_asset -0.005277777777777778 36
sell_asset 28.56392857142857 28
give_vesting_power 2.3614814814814813 27
update_start: 78; random_action_prob: 0.1691
update_complete: 78; loss: 65.49000040690105; cumulative_reward: 831.5600000000002; invalid_count: 0; positive_reward_count: 26; success_count: 26; episode_count: 26; random_exploration_count: 24; random_action_prob: 0.1691
make_subtrust -0.003823529411764706 34
move_asset -0.0014285714285714286 42
sell_asset 29.533461538461538 26
give_vesting_power 2.456923076923077 26
update_start: 79; random_action_prob: 0.1683
update_complete: 79; loss: 63.24031194051107; cumulative_reward: 799.0600000000005; invalid_count: 0; positive_reward_count: 25; success_count: 25; episode_count: 25; random_exploration_count: 21; random_action_prob: 0.1683
make_subtrust -0.008333333333333333 36
move_asset -0.004999999999999999 40
sell_asset 27.25074074074074 27
give_vesting_power 2.5516 25
update_start: 80; random_action_prob: 0.1674
update_complete: 80; loss: 61.76546986897787; cumulative_reward: 799.0000000000005; invalid_count: 0; positive_reward_count: 25; success_count: 25; episode_count: 26; random_exploration_count: 22; random_action_prob: 0.1674
make_subtrust -0.006111111111111111 36
move_asset -0.008749999999999999 40
sell_asset 29.530384615384612 26
give_vesting_power 1.2223076923076923 26
update_start: 81; random_action_prob: 0.1666
update_complete: 81; loss: 57.447714487711586; cumulative_reward: 723.69; invalid_count: 0; positive_reward_count: 23; success_count: 23; episode_count: 24; random_exploration_count: 23; random_action_prob: 0.1666
make_subtrust -0.0029032258064516127 31
move_asset -0.0017391304347826088 46
sell_asset 27.07384615384615 26
give_vesting_power 0.7976000000000001 25
update_start: 82; random_action_prob: 0.1657
update_complete: 82; loss: 66.74393208821614; cumulative_reward: 895.92; invalid_count: 0; positive_reward_count: 28; success_count: 28; episode_count: 28; random_exploration_count: 21; random_action_prob: 0.1657
make_subtrust -0.0012903225806451613 31
move_asset 0.0 40
sell_asset 29.791724137931034 29
give_vesting_power 1.1428571428571428 28
update_start: 83; random_action_prob: 0.1649
update_complete: 83; loss: 54.76296361287435; cumulative_reward: 703.3400000000004; invalid_count: 0; positive_reward_count: 22; success_count: 22; episode_count: 24; random_exploration_count: 23; random_action_prob: 0.1649
make_subtrust -0.005333333333333333 30
move_asset -0.0064 50
sell_asset 31.99727272727273 22
give_vesting_power -0.004615384615384615 26
update_start: 84; random_action_prob: 0.1641
update_complete: 84; loss: 38.17535654703776; cumulative_reward: 415.86000000000007; invalid_count: 0; positive_reward_count: 13; success_count: 13; episode_count: 18; random_exploration_count: 25; random_action_prob: 0.1641
make_subtrust -0.0038095238095238095 21
move_asset -0.00043478260869565214 69
sell_asset 18.907727272727275 22
give_vesting_power 0.0 16
update_start: 85; random_action_prob: 0.1633
update_complete: 85; loss: 47.270259857177734; cumulative_reward: 543.96; invalid_count: 0; positive_reward_count: 17; success_count: 17; episode_count: 20; random_exploration_count: 21; random_action_prob: 0.1633
make_subtrust -0.00045454545454545455 22
move_asset -0.00015873015873015873 63
sell_asset 22.260434782608694 23
give_vesting_power 1.5995 20
update_start: 86; random_action_prob: 0.1625
update_complete: 86; loss: 54.8974723815918; cumulative_reward: 703.8200000000002; invalid_count: 0; positive_reward_count: 22; success_count: 22; episode_count: 24; random_exploration_count: 12; random_action_prob: 0.1625
make_subtrust -0.0020689655172413794 29
move_asset -0.0004 50
sell_asset 27.07461538461538 26
give_vesting_power -0.0017391304347826088 23
update_start: 87; random_action_prob: 0.1616
update_complete: 87; loss: 60.12110137939453; cumulative_reward: 767.7400000000001; invalid_count: 0; positive_reward_count: 24; success_count: 24; episode_count: 25; random_exploration_count: 18; random_action_prob: 0.1616
make_subtrust -0.003333333333333333 30
move_asset -0.0006382978723404255 47
sell_asset 25.843461538461536 26
give_vesting_power 3.8376 25
update_start: 88; random_action_prob: 0.1608
update_complete: 88; loss: 66.51510111490886; cumulative_reward: 895.7200000000003; invalid_count: 0; positive_reward_count: 28; success_count: 28; episode_count: 28; random_exploration_count: 15; random_action_prob: 0.1608
make_subtrust -0.0021874999999999998 32
move_asset -0.0017948717948717947 39
sell_asset 30.854642857142856 28
give_vesting_power 1.1010344827586207 29
update_start: 89; random_action_prob: 0.1600
update_complete: 89; loss: 50.85235341389974; cumulative_reward: 570.4100000000002; invalid_count: 0; positive_reward_count: 19; success_count: 19; episode_count: 22; random_exploration_count: 25; random_action_prob: 0.1600
make_subtrust -0.015128205128205128 39
move_asset -0.010555555555555556 36
sell_asset 19.712413793103448 29
give_vesting_power -0.011666666666666665 24
update_start: 90; random_action_prob: 0.1592
update_complete: 90; loss: 50.669961293538414; cumulative_reward: 583.2400000000004; invalid_count: 0; positive_reward_count: 19; success_count: 19; episode_count: 22; random_exploration_count: 32; random_action_prob: 0.1592
make_subtrust -0.0078125 32
move_asset -0.005227272727272727 44
sell_asset 16.82103448275862 29
give_vesting_power 4.17 23
update_start: 91; random_action_prob: 0.1584
update_complete: 91; loss: 55.047821044921875; cumulative_reward: 679.0000000000003; invalid_count: 0; positive_reward_count: 22; success_count: 22; episode_count: 23; random_exploration_count: 19; random_action_prob: 0.1584
make_subtrust -0.009428571428571429 35
move_asset -0.006190476190476191 42
sell_asset 24.91346153846154 26
give_vesting_power 1.2736 25
update_start: 92; random_action_prob: 0.1576
update_complete: 92; loss: 63.50794474283854; cumulative_reward: 819.2400000000002; invalid_count: 0; positive_reward_count: 26; success_count: 26; episode_count: 26; random_exploration_count: 20; random_action_prob: 0.1576
make_subtrust -0.006470588235294118 34
move_asset -0.005 38
sell_asset 27.726999999999997 30
give_vesting_power -0.4676923076923077 26
update_start: 93; random_action_prob: 0.1569
update_complete: 93; loss: 65.07503763834636; cumulative_reward: 799.0900000000006; invalid_count: 0; positive_reward_count: 25; success_count: 25; episode_count: 25; random_exploration_count: 23; random_action_prob: 0.1569
make_subtrust -0.006944444444444444 36
move_asset -0.005121951219512195 41
sell_asset 30.7104 25
give_vesting_power 1.2226923076923077 26
update_start: 94; random_action_prob: 0.1561
update_complete: 94; loss: 66.1395034790039; cumulative_reward: 863.2500000000005; invalid_count: 0; positive_reward_count: 27; success_count: 27; episode_count: 27; random_exploration_count: 22; random_action_prob: 0.1561
make_subtrust -0.005294117647058823 34
move_asset -0.003947368421052632 38
sell_asset 30.849642857142857 28
give_vesting_power -0.0075 28
update_start: 95; random_action_prob: 0.1553
update_complete: 95; loss: 58.185482025146484; cumulative_reward: 657.7600000000009; invalid_count: 0; positive_reward_count: 21; success_count: 21; episode_count: 22; random_exploration_count: 29; random_action_prob: 0.1553
make_subtrust -0.01642857142857143 42
move_asset -0.01783783783783784 37
sell_asset 27.286956521739132 23
give_vesting_power 1.2119230769230769 26
update_start: 96; random_action_prob: 0.1545
update_complete: 96; loss: 66.57746887207031; cumulative_reward: 863.7800000000001; invalid_count: 0; positive_reward_count: 27; success_count: 27; episode_count: 27; random_exploration_count: 18; random_action_prob: 0.1545
make_subtrust -0.001875 32
move_asset -0.0011904761904761906 42
sell_asset 28.442592592592593 27
give_vesting_power 3.5533333333333332 27
update_start: 97; random_action_prob: 0.1537
update_complete: 97; loss: 57.76634216308594; cumulative_reward: 703.1900000000005; invalid_count: 0; positive_reward_count: 22; success_count: 22; episode_count: 23; random_exploration_count: 21; random_action_prob: 0.1537
make_subtrust -0.007941176470588236 34
move_asset -0.0044444444444444444 45
sell_asset 26.8708 25
give_vesting_power 1.32875 24
update_start: 98; random_action_prob: 0.1530
update_complete: 98; loss: 64.66000111897786; cumulative_reward: 831.2400000000005; invalid_count: 0; positive_reward_count: 26; success_count: 26; episode_count: 26; random_exploration_count: 18; random_action_prob: 0.1530
make_subtrust -0.005263157894736842 38
move_asset -0.0044444444444444444 36
sell_asset 30.761923076923075 26
give_vesting_power 1.1353571428571427 28
update_start: 99; random_action_prob: 0.1522
update_complete: 99; loss: 65.55005900065105; cumulative_reward: 797.7100000000007; invalid_count: 0; positive_reward_count: 25; success_count: 25; episode_count: 25; random_exploration_count: 18; random_action_prob: 0.1522
make_subtrust -0.01391304347826087 46
move_asset -0.018125 32
sell_asset 30.697999999999997 25
give_vesting_power 1.2592 25
2026-08-07T14:19:27 completed distressed_assets run=0 elapsed_seconds=1225.30 updates_logged=100
2026-08-07T14:19:27 running distressed_assets run=1 seed=1730
env_variant: HardTaxEnv
update_start: 0; random_action_prob: 0.2500
update_complete: 0; loss: 4.780739466349284; cumulative_reward: 29.749999999999986; invalid_count: 0; positive_reward_count: 1; success_count: 1; episode_count: 12; random_exploration_count: 41; random_action_prob: 0.2500
make_subtrust -0.024651162790697675 43
move_asset -0.015172413793103448 58
sell_asset -0.01 25
give_vesting_power 15.969999999999999 2
update_start: 1; random_action_prob: 0.2487
update_complete: 1; loss: 4.295127709706624; cumulative_reward: 30.49; invalid_count: 0; positive_reward_count: 1; success_count: 1; episode_count: 12; random_exploration_count: 29; random_action_prob: 0.2487
make_subtrust -0.02076923076923077 39
move_asset -0.007014925373134329 67
sell_asset 1.7711111111111113 18
give_vesting_power -0.0275 4
update_start: 2; random_action_prob: 0.2475
update_complete: 2; loss: 7.596870104471843; cumulative_reward: 62.300000000000026; invalid_count: 0; positive_reward_count: 2; success_count: 2; episode_count: 13; random_exploration_count: 27; random_action_prob: 0.2475
make_subtrust -0.0196969696969697 33
move_asset -0.009705882352941177 68
sell_asset 3.1905 20
give_vesting_power -0.028571428571428574 7
update_start: 3; random_action_prob: 0.2463
update_complete: 3; loss: 3.166268984476725; cumulative_reward: 31.48; invalid_count: 0; positive_reward_count: 1; success_count: 1; episode_count: 13; random_exploration_count: 33; random_action_prob: 0.2463
make_subtrust -0.014285714285714287 28
move_asset -0.0007594936708860759 79
sell_asset 2.4615384615384617 13
give_vesting_power -0.007500000000000001 8
update_start: 4; random_action_prob: 0.2450
update_complete: 4; loss: 13.714923222859701; cumulative_reward: 126.50999999999996; invalid_count: 0; positive_reward_count: 4; success_count: 4; episode_count: 13; random_exploration_count: 27; random_action_prob: 0.2450
make_subtrust -0.01657142857142857 35
move_asset -0.006666666666666667 66
sell_asset 9.125714285714285 14
give_vesting_power -0.017692307692307695 13
update_start: 5; random_action_prob: 0.2438
update_complete: 5; loss: 34.509090423583984; cumulative_reward: 348.27; invalid_count: 0; positive_reward_count: 11; success_count: 11; episode_count: 16; random_exploration_count: 32; random_action_prob: 0.2438
make_subtrust -0.02189655172413793 58
move_asset -0.030571428571428572 35
sell_asset 18.48315789473684 19
give_vesting_power -0.035625000000000004 16
update_start: 6; random_action_prob: 0.2426
update_complete: 6; loss: 21.281928380330402; cumulative_reward: 222.06999999999996; invalid_count: 0; positive_reward_count: 7; success_count: 7; episode_count: 15; random_exploration_count: 31; random_action_prob: 0.2426
make_subtrust -0.02181818181818182 44
move_asset -0.009074074074074075 54
sell_asset 13.159411764705883 17
give_vesting_power -0.014615384615384615 13
update_start: 7; random_action_prob: 0.2414
update_complete: 7; loss: 25.378069559733074; cumulative_reward: 254.38000000000014; invalid_count: 0; positive_reward_count: 8; success_count: 8; episode_count: 15; random_exploration_count: 30; random_action_prob: 0.2414
make_subtrust -0.016097560975609757 41
move_asset -0.007758620689655172 58
sell_asset 18.268571428571427 14
give_vesting_power -0.018000000000000002 15
update_start: 8; random_action_prob: 0.2402
update_complete: 8; loss: 18.34480857849121; cumulative_reward: 134.39000000000001; invalid_count: 0; positive_reward_count: 5; success_count: 5; episode_count: 14; random_exploration_count: 36; random_action_prob: 0.2402
make_subtrust -0.017631578947368422 38
move_asset -0.0076 50
sell_asset 5.026296296296296 27
give_vesting_power -0.02076923076923077 13
update_start: 9; random_action_prob: 0.2390
update_complete: 9; loss: 27.677480697631836; cumulative_reward: 249.92000000000002; invalid_count: 0; positive_reward_count: 9; success_count: 9; episode_count: 16; random_exploration_count: 31; random_action_prob: 0.2390
make_subtrust -0.01880952380952381 42
move_asset -0.012790697674418606 43
sell_asset 8.98392857142857 28
give_vesting_power -0.019333333333333334 15
update_start: 10; random_action_prob: 0.2378
update_complete: 10; loss: 49.400447845458984; cumulative_reward: 509.9900000000001; invalid_count: 0; positive_reward_count: 16; success_count: 16; episode_count: 18; random_exploration_count: 27; random_action_prob: 0.2378
make_subtrust -0.018837209302325582 43
move_asset -0.011136363636363637 44
sell_asset 23.255454545454544 22
give_vesting_power -0.017368421052631578 19
update_start: 11; random_action_prob: 0.2366
update_complete: 11; loss: 44.43210474650065; cumulative_reward: 434.76999999999987; invalid_count: 0; positive_reward_count: 14; success_count: 14; episode_count: 17; random_exploration_count: 33; random_action_prob: 0.2366
make_subtrust -0.012285714285714285 35
move_asset -0.006 50
sell_asset 18.154999999999998 24
give_vesting_power -0.011578947368421053 19
update_start: 12; random_action_prob: 0.2354
update_complete: 12; loss: 35.990962982177734; cumulative_reward: 314.6100000000001; invalid_count: 0; positive_reward_count: 11; success_count: 11; episode_count: 16; random_exploration_count: 37; random_action_prob: 0.2354
make_subtrust -0.014390243902439023 41
move_asset -0.007333333333333334 45
sell_asset 11.275 28
give_vesting_power -0.012142857142857144 14
update_start: 13; random_action_prob: 0.2342
update_complete: 13; loss: 33.574562072753906; cumulative_reward: 338.6700000000001; invalid_count: 0; positive_reward_count: 11; success_count: 11; episode_count: 17; random_exploration_count: 33; random_action_prob: 0.2342
make_subtrust -0.012 35
move_asset -0.0076363636363636364 55
sell_asset 16.9875 20
give_vesting_power -0.013333333333333332 18
update_start: 14; random_action_prob: 0.2331
update_complete: 14; loss: 40.607618967692055; cumulative_reward: 370.02000000000015; invalid_count: 0; positive_reward_count: 12; success_count: 12; episode_count: 16; random_exploration_count: 38; random_action_prob: 0.2331
make_subtrust -0.015833333333333335 36
move_asset -0.012307692307692308 52
sell_asset 19.560526315789474 19
give_vesting_power -0.02 21
update_start: 15; random_action_prob: 0.2319
update_complete: 15; loss: 42.97372182210287; cumulative_reward: 376.93999999999977; invalid_count: 0; positive_reward_count: 13; success_count: 13; episode_count: 16; random_exploration_count: 27; random_action_prob: 0.2319
make_subtrust -0.019000000000000003 50
move_asset -0.021351351351351352 37
sell_asset 15.785454545454543 22
give_vesting_power 1.6526315789473685 19
update_start: 16; random_action_prob: 0.2307
update_complete: 16; loss: 46.51158650716146; cumulative_reward: 444.5299999999999; invalid_count: 0; positive_reward_count: 14; success_count: 14; episode_count: 16; random_exploration_count: 30; random_action_prob: 0.2307
make_subtrust -0.021132075471698115 53
move_asset -0.024473684210526318 38
sell_asset 23.544210526315787 19
give_vesting_power -0.042222222222222223 18
update_start: 17; random_action_prob: 0.2296
update_complete: 17; loss: 40.46888732910156; cumulative_reward: 357.41999999999996; invalid_count: 0; positive_reward_count: 12; success_count: 12; episode_count: 16; random_exploration_count: 29; random_action_prob: 0.2296
make_subtrust -0.019807692307692307 52
move_asset -0.015714285714285715 35
sell_asset 15.628260869565217 23
give_vesting_power -0.025 18
update_start: 18; random_action_prob: 0.2284
update_complete: 18; loss: 42.73483403523763; cumulative_reward: 408.63; invalid_count: 0; positive_reward_count: 14; success_count: 14; episode_count: 17; random_exploration_count: 23; random_action_prob: 0.2284
make_subtrust -0.021132075471698115 53
move_asset -0.0278125 32
sell_asset 16.493913043478262 23
give_vesting_power 1.564 20
update_start: 19; random_action_prob: 0.2273
update_complete: 19; loss: 50.36511993408203; cumulative_reward: 496.4399999999997; invalid_count: 0; positive_reward_count: 16; success_count: 16; episode_count: 18; random_exploration_count: 33; random_action_prob: 0.2273
make_subtrust -0.023962264150943397 53
move_asset -0.025 34
sell_asset 23.773333333333333 21
give_vesting_power -0.034 20
update_start: 20; random_action_prob: 0.2262
update_complete: 20; loss: 45.16174443562826; cumulative_reward: 443.37999999999994; invalid_count: 0; positive_reward_count: 14; success_count: 14; episode_count: 16; random_exploration_count: 20; random_action_prob: 0.2262
make_subtrust -0.030000000000000002 55
move_asset -0.03305555555555556 36
sell_asset 23.063888888888886 18
give_vesting_power 1.6352631578947368 19
update_start: 21; random_action_prob: 0.2250
update_complete: 21; loss: 48.41555913289388; cumulative_reward: 451.8500000000001; invalid_count: 0; positive_reward_count: 15; success_count: 15; episode_count: 17; random_exploration_count: 32; random_action_prob: 0.2250
make_subtrust -0.027894736842105264 57
move_asset -0.03193548387096774 31
sell_asset 17.007826086956523 23
give_vesting_power 3.7205882352941178 17
update_start: 22; random_action_prob: 0.2239
update_complete: 22; loss: 41.18657557169596; cumulative_reward: 378.82; invalid_count: 0; positive_reward_count: 12; success_count: 12; episode_count: 15; random_exploration_count: 28; random_action_prob: 0.2239
make_subtrust -0.02913793103448276 58
move_asset -0.04787878787878788 33
sell_asset 20.651764705882353 17
give_vesting_power 1.5505 20
update_start: 23; random_action_prob: 0.2228
update_complete: 23; loss: 46.39724477132162; cumulative_reward: 443.2599999999998; invalid_count: 0; positive_reward_count: 14; success_count: 14; episode_count: 16; random_exploration_count: 27; random_action_prob: 0.2228
make_subtrust -0.027454545454545454 55
move_asset -0.04 32
sell_asset 21.285714285714285 21
give_vesting_power -0.0475 20
update_start: 24; random_action_prob: 0.2217
update_complete: 24; loss: 44.49482218424479; cumulative_reward: 407.77999999999986; invalid_count: 0; positive_reward_count: 14; success_count: 14; episode_count: 17; random_exploration_count: 20; random_action_prob: 0.2217
make_subtrust -0.02781818181818182 55
move_asset -0.03264705882352942 34
sell_asset 20.558500000000002 20
give_vesting_power -0.039473684210526314 19
update_start: 25; random_action_prob: 0.2206
update_complete: 25; loss: 32.879477183024086; cumulative_reward: 339.67000000000013; invalid_count: 0; positive_reward_count: 11; success_count: 11; episode_count: 17; random_exploration_count: 25; random_action_prob: 0.2206
make_subtrust -0.005833333333333334 24
move_asset -0.0011666666666666668 60
sell_asset 13.075 26
give_vesting_power -0.003888888888888889 18
update_start: 26; random_action_prob: 0.2195
update_complete: 26; loss: 41.18963368733724; cumulative_reward: 402.6299999999999; invalid_count: 0; positive_reward_count: 13; success_count: 13; episode_count: 17; random_exploration_count: 36; random_action_prob: 0.2195
make_subtrust -0.015806451612903224 31
move_asset -0.0047272727272727275 55
sell_asset 16.161739130434785 23
give_vesting_power 1.6663157894736842 19
update_start: 27; random_action_prob: 0.2184
update_complete: 27; loss: 54.46749750773112; cumulative_reward: 594.47; invalid_count: 0; positive_reward_count: 19; success_count: 19; episode_count: 20; random_exploration_count: 30; random_action_prob: 0.2184
make_subtrust -0.015625 32
move_asset -0.006938775510204082 49
sell_asset 20.448076923076922 26
give_vesting_power 3.031428571428571 21
update_start: 28; random_action_prob: 0.2173
update_complete: 28; loss: 51.73751576741537; cumulative_reward: 531.63; invalid_count: 0; positive_reward_count: 17; success_count: 17; episode_count: 19; random_exploration_count: 22; random_action_prob: 0.2173
make_subtrust -0.004615384615384615 26
move_asset -0.0012280701754385963 57
sell_asset 19.22653846153846 26
give_vesting_power 1.6805263157894736 19
update_start: 29; random_action_prob: 0.2162
update_complete: 29; loss: 54.91093953450521; cumulative_reward: 638.9600000000007; invalid_count: 0; positive_reward_count: 20; success_count: 20; episode_count: 21; random_exploration_count: 27; random_action_prob: 0.2162
make_subtrust -0.01212121212121212 33
move_asset -0.005510204081632653 49
sell_asset 24.3116 25
give_vesting_power 1.516190476190476 21
update_start: 30; random_action_prob: 0.2151
update_complete: 30; loss: 49.90585708618164; cumulative_reward: 574.7200000000004; invalid_count: 0; positive_reward_count: 18; success_count: 18; episode_count: 20; random_exploration_count: 26; random_action_prob: 0.2151
make_subtrust -0.011470588235294118 34
move_asset -0.0068 50
sell_asset 27.417142857142856 21
give_vesting_power -0.013478260869565217 23
update_start: 31; random_action_prob: 0.2140
update_complete: 31; loss: 27.415884653727215; cumulative_reward: 306.69000000000017; invalid_count: 0; positive_reward_count: 10; success_count: 10; episode_count: 17; random_exploration_count: 34; random_action_prob: 0.2140
make_subtrust -0.014838709677419354 31
move_asset -0.009285714285714286 56
sell_asset 11.836538461538462 26
give_vesting_power -0.005333333333333333 15
update_start: 32; random_action_prob: 0.2130
update_complete: 32; loss: 51.401668548583984; cumulative_reward: 573.9100000000002; invalid_count: 0; positive_reward_count: 18; success_count: 18; episode_count: 20; random_exploration_count: 21; random_action_prob: 0.2130
make_subtrust -0.019 40
move_asset -0.010212765957446808 47
sell_asset 24.70681818181818 22
give_vesting_power 1.663157894736842 19
update_start: 33; random_action_prob: 0.2119
update_complete: 33; loss: 51.56976191202799; cumulative_reward: 574.18; invalid_count: 0; positive_reward_count: 18; success_count: 18; episode_count: 20; random_exploration_count: 25; random_action_prob: 0.2119
make_subtrust -0.017027027027027027 37
move_asset -0.01 44
sell_asset 22.650000000000002 24
give_vesting_power 1.376086956521739 23
update_start: 34; random_action_prob: 0.2108
update_complete: 34; loss: 56.29365539550781; cumulative_reward: 659.1800000000004; invalid_count: 0; positive_reward_count: 21; success_count: 21; episode_count: 23; random_exploration_count: 32; random_action_prob: 0.2108
make_subtrust -0.008235294117647058 34
move_asset -0.004468085106382979 47
sell_asset 26.157916666666665 24
give_vesting_power 1.386086956521739 23
update_start: 35; random_action_prob: 0.2098
update_complete: 35; loss: 46.46065775553385; cumulative_reward: 518.3400000000004; invalid_count: 0; positive_reward_count: 17; success_count: 17; episode_count: 21; random_exploration_count: 31; random_action_prob: 0.2098
make_subtrust -0.01756756756756757 37
move_asset -0.008636363636363636 44
sell_asset 19.98576923076923 26
give_vesting_power -0.012380952380952381 21
update_start: 36; random_action_prob: 0.2087
update_complete: 36; loss: 51.99008051554362; cumulative_reward: 606.1100000000005; invalid_count: 0; positive_reward_count: 19; success_count: 19; episode_count: 21; random_exploration_count: 20; random_action_prob: 0.2087
make_subtrust -0.01769230769230769 39
move_asset -0.009534883720930233 43
sell_asset 23.023600000000002 25
give_vesting_power 1.5057142857142856 21
update_start: 37; random_action_prob: 0.2077
update_complete: 37; loss: 53.08130645751953; cumulative_reward: 580.1100000000001; invalid_count: 0; positive_reward_count: 19; success_count: 19; episode_count: 20; random_exploration_count: 23; random_action_prob: 0.2077
make_subtrust -0.028627450980392155 51
move_asset -0.029393939393939396 33
sell_asset 23.969565217391303 23
give_vesting_power 1.4876190476190476 21
update_start: 38; random_action_prob: 0.2066
update_complete: 38; loss: 46.77997080485026; cumulative_reward: 510.2800000000003; invalid_count: 0; positive_reward_count: 16; success_count: 16; episode_count: 19; random_exploration_count: 30; random_action_prob: 0.2066
make_subtrust -0.013529411764705884 34
move_asset -0.011153846153846153 52
sell_asset 22.84095238095238 21
give_vesting_power 1.5076190476190476 21
update_start: 39; random_action_prob: 0.2056
update_complete: 39; loss: 59.6429074605306; cumulative_reward: 690.2100000000007; invalid_count: 0; positive_reward_count: 22; success_count: 22; episode_count: 22; random_exploration_count: 17; random_action_prob: 0.2056
make_subtrust -0.015348837209302326 43
move_asset -0.00975 40
sell_asset 29.200434782608696 23
give_vesting_power 0.8931818181818181 22
update_start: 40; random_action_prob: 0.2046
update_complete: 40; loss: 47.93045298258463; cumulative_reward: 542.9200000000004; invalid_count: 0; positive_reward_count: 17; success_count: 17; episode_count: 20; random_exploration_count: 29; random_action_prob: 0.2046
make_subtrust -0.010967741935483872 31
move_asset -0.00509090909090909 55
sell_asset 22.847619047619048 21
give_vesting_power 3.0352380952380953 21
update_start: 41; random_action_prob: 0.2036
update_complete: 41; loss: 59.45849736531576; cumulative_reward: 702.8800000000001; invalid_count: 0; positive_reward_count: 22; success_count: 22; episode_count: 23; random_exploration_count: 25; random_action_prob: 0.2036
make_subtrust -0.010606060606060605 33
move_asset -0.0060416666666666665 48
sell_asset 23.99 24
give_vesting_power 5.554782608695652 23
update_start: 42; random_action_prob: 0.2025
update_complete: 42; loss: 52.74123001098633; cumulative_reward: 638.09; invalid_count: 0; positive_reward_count: 20; success_count: 20; episode_count: 22; random_exploration_count: 20; random_action_prob: 0.2025
make_subtrust -0.013750000000000002 40
move_asset -0.014499999999999999 40
sell_asset 27.813043478260873 23
give_vesting_power -0.0192 25
update_start: 43; random_action_prob: 0.2015
update_complete: 43; loss: 53.33658091227213; cumulative_reward: 639.76; invalid_count: 0; positive_reward_count: 20; success_count: 20; episode_count: 22; random_exploration_count: 22; random_action_prob: 0.2015
make_subtrust -0.005 28
move_asset -0.000588235294117647 51
sell_asset 23.702222222222222 27
give_vesting_power -0.0013636363636363635 22
update_start: 44; random_action_prob: 0.2005
update_complete: 44; loss: 51.03634262084961; cumulative_reward: 574.2; invalid_count: 0; positive_reward_count: 18; success_count: 18; episode_count: 20; random_exploration_count: 27; random_action_prob: 0.2005
make_subtrust -0.019714285714285712 35
move_asset -0.007959183673469388 49
sell_asset 23.985 24
give_vesting_power -0.018 20
update_start: 45; random_action_prob: 0.1995
update_complete: 45; loss: 54.289868672688804; cumulative_reward: 638.5200000000007; invalid_count: 0; positive_reward_count: 20; success_count: 20; episode_count: 22; random_exploration_count: 31; random_action_prob: 0.1995
make_subtrust -0.014166666666666668 36
move_asset -0.00818181818181818 44
sell_asset 24.308400000000002 25
give_vesting_power 1.377391304347826 23
update_start: 46; random_action_prob: 0.1985
update_complete: 46; loss: 44.26437505086263; cumulative_reward: 476.5500000000003; invalid_count: 0; positive_reward_count: 15; success_count: 15; episode_count: 18; random_exploration_count: 27; random_action_prob: 0.1985
make_subtrust -0.026808510638297874 47
move_asset -0.022894736842105263 38
sell_asset 20.335 22
give_vesting_power 1.4909523809523808 21
update_start: 47; random_action_prob: 0.1975
update_complete: 47; loss: 50.3302370707194; cumulative_reward: 540.4900000000004; invalid_count: 0; positive_reward_count: 17; success_count: 17; episode_count: 19; random_exploration_count: 22; random_action_prob: 0.1975
make_subtrust -0.027142857142857146 49
move_asset -0.020789473684210528 38
sell_asset 24.696818181818184 22
give_vesting_power -0.03789473684210526 19
update_start: 48; random_action_prob: 0.1965
update_complete: 48; loss: 61.11008961995443; cumulative_reward: 668.3200000000007; invalid_count: 0; positive_reward_count: 21; success_count: 21; episode_count: 21; random_exploration_count: 21; random_action_prob: 0.1965
make_subtrust -0.024791666666666667 48
move_asset -0.027297297297297296 37
sell_asset 31.966190476190473 21
give_vesting_power -0.035 22
update_start: 49; random_action_prob: 0.1956
update_complete: 49; loss: 65.23249816894531; cumulative_reward: 799.4300000000004; invalid_count: 0; positive_reward_count: 25; success_count: 25; episode_count: 25; random_exploration_count: 22; random_action_prob: 0.1956
make_subtrust -0.005483870967741935 31
move_asset -0.002826086956521739 46
sell_asset 28.302307692307693 26
give_vesting_power 2.5547999999999997 25
update_start: 50; random_action_prob: 0.1946
update_complete: 50; loss: 48.13791020711263; cumulative_reward: 543.0700000000003; invalid_count: 0; positive_reward_count: 17; success_count: 17; episode_count: 20; random_exploration_count: 25; random_action_prob: 0.1946
make_subtrust -0.009642857142857144 28
move_asset -0.004310344827586207 58
sell_asset 23.9905 20
give_vesting_power 2.899090909090909 22
update_start: 51; random_action_prob: 0.1936
update_complete: 51; loss: 53.06302388509115; cumulative_reward: 550.7100000000003; invalid_count: 0; positive_reward_count: 18; success_count: 18; episode_count: 20; random_exploration_count: 23; random_action_prob: 0.1936
make_subtrust -0.012424242424242423 33
move_asset -0.006666666666666667 48
sell_asset 22.0676 25
give_vesting_power -0.011363636363636364 22
update_start: 52; random_action_prob: 0.1926
update_complete: 52; loss: 48.867932637532554; cumulative_reward: 562.6900000000004; invalid_count: 0; positive_reward_count: 18; success_count: 18; episode_count: 21; random_exploration_count: 27; random_action_prob: 0.1926
make_subtrust -0.011351351351351352 37
move_asset -0.008095238095238095 42
sell_asset 21.682307692307692 26
give_vesting_power -0.012608695652173912 23
update_start: 53; random_action_prob: 0.1917
update_complete: 53; loss: 53.35993957519531; cumulative_reward: 605.7200000000006; invalid_count: 0; positive_reward_count: 19; success_count: 19; episode_count: 20; random_exploration_count: 22; random_action_prob: 0.1917
make_subtrust -0.015945945945945946 37
move_asset -0.016511627906976745 43
sell_asset 26.16318181818182 22
give_vesting_power 1.208846153846154 26
update_start: 54; random_action_prob: 0.1907
update_complete: 54; loss: 59.59028244018555; cumulative_reward: 734.3400000000005; invalid_count: 0; positive_reward_count: 23; success_count: 23; episode_count: 24; random_exploration_count: 18; random_action_prob: 0.1907
make_subtrust -0.012045454545454547 44
move_asset -0.01088235294117647 34
sell_asset 30.651666666666667 24
give_vesting_power -0.015384615384615385 26
update_start: 55; random_action_prob: 0.1898
update_complete: 55; loss: 54.73779042561849; cumulative_reward: 670.4800000000004; invalid_count: 0; positive_reward_count: 21; success_count: 21; episode_count: 23; random_exploration_count: 22; random_action_prob: 0.1898
make_subtrust -0.01108108108108108 37
move_asset -0.011666666666666667 42
sell_asset 24.603846153846156 26
give_vesting_power 1.377391304347826 23
update_start: 56; random_action_prob: 0.1888
update_complete: 56; loss: 59.5219841003418; cumulative_reward: 735.1400000000003; invalid_count: 0; positive_reward_count: 23; success_count: 23; episode_count: 24; random_exploration_count: 25; random_action_prob: 0.1888
make_subtrust -0.006944444444444444 36
move_asset -0.005 42
sell_asset 26.872 25
give_vesting_power 2.552 25
update_start: 57; random_action_prob: 0.1879
update_complete: 57; loss: 50.694828033447266; cumulative_reward: 573.1300000000003; invalid_count: 0; positive_reward_count: 18; success_count: 18; episode_count: 20; random_exploration_count: 33; random_action_prob: 0.1879
make_subtrust -0.020833333333333332 48
move_asset -0.02189189189189189 37
sell_asset 28.776 20
give_vesting_power -0.025217391304347823 23
update_start: 58; random_action_prob: 0.1869
update_complete: 58; loss: 58.16630935668945; cumulative_reward: 702.7400000000001; invalid_count: 0; positive_reward_count: 22; success_count: 22; episode_count: 23; random_exploration_count: 28; random_action_prob: 0.1869
make_subtrust -0.011666666666666665 36
move_asset -0.006666666666666666 45
sell_asset 26.8692 25
give_vesting_power 1.4422727272727274 22
update_start: 59; random_action_prob: 0.1860
update_complete: 59; loss: 55.86435063680013; cumulative_reward: 702.8700000000005; invalid_count: 0; positive_reward_count: 22; success_count: 22; episode_count: 24; random_exploration_count: 19; random_action_prob: 0.1860
make_subtrust -0.008857142857142857 35
move_asset -0.007619047619047619 42
sell_asset 27.067307692307693 26
give_vesting_power -0.01 25
update_start: 60; random_action_prob: 0.1851
update_complete: 60; loss: 59.72525151570638; cumulative_reward: 735.0600000000003; invalid_count: 0; positive_reward_count: 23; success_count: 23; episode_count: 24; random_exploration_count: 26; random_action_prob: 0.1851
make_subtrust -0.0074285714285714285 35
move_asset -0.005681818181818182 44
sell_asset 29.4304 25
give_vesting_power -0.007916666666666667 24
update_start: 61; random_action_prob: 0.1841
update_complete: 61; loss: 52.58506647745768; cumulative_reward: 658.0200000000008; invalid_count: 0; positive_reward_count: 21; success_count: 21; episode_count: 23; random_exploration_count: 17; random_action_prob: 0.1841
make_subtrust -0.014634146341463414 41
move_asset -0.014444444444444446 36
sell_asset 23.55535714285714 28
give_vesting_power -0.017826086956521738 23
update_start: 62; random_action_prob: 0.1832
update_complete: 62; loss: 54.26647440592448; cumulative_reward: 670.2000000000005; invalid_count: 0; positive_reward_count: 21; success_count: 21; episode_count: 23; random_exploration_count: 31; random_action_prob: 0.1832
make_subtrust -0.01475 40
move_asset -0.010526315789473684 38
sell_asset 25.82884615384615 26
give_vesting_power -0.015 24
update_start: 63; random_action_prob: 0.1823
update_complete: 63; loss: 55.33462905883789; cumulative_reward: 702.7500000000002; invalid_count: 0; positive_reward_count: 22; success_count: 22; episode_count: 24; random_exploration_count: 23; random_action_prob: 0.1823
make_subtrust -0.010857142857142857 35
move_asset -0.010652173913043479 46
sell_asset 29.32625 24
give_vesting_power -0.009130434782608695 23
update_start: 64; random_action_prob: 0.1814
update_complete: 64; loss: 59.66999944051107; cumulative_reward: 735.1900000000002; invalid_count: 0; positive_reward_count: 23; success_count: 23; episode_count: 24; random_exploration_count: 20; random_action_prob: 0.1814
make_subtrust -0.007352941176470588 34
move_asset -0.0037777777777777775 45
sell_asset 27.068846153846152 26
give_vesting_power 1.3834782608695653 23
update_start: 65; random_action_prob: 0.1805
update_complete: 65; loss: 55.28869756062826; cumulative_reward: 702.69; invalid_count: 0; positive_reward_count: 22; success_count: 22; episode_count: 24; random_exploration_count: 21; random_action_prob: 0.1805
make_subtrust -0.00972972972972973 37
move_asset -0.008780487804878048 41
sell_asset 26.654583333333335 24
give_vesting_power 2.45 26
update_start: 66; random_action_prob: 0.1796
update_complete: 66; loss: 58.616949717203774; cumulative_reward: 702.3400000000005; invalid_count: 0; positive_reward_count: 22; success_count: 22; episode_count: 23; random_exploration_count: 19; random_action_prob: 0.1796
make_subtrust -0.012105263157894737 38
move_asset -0.012 40
sell_asset 29.321250000000003 24
give_vesting_power -0.016538461538461537 26
update_start: 67; random_action_prob: 0.1787
update_complete: 67; loss: 62.8831418355306; cumulative_reward: 765.8600000000009; invalid_count: 0; positive_reward_count: 24; success_count: 24; episode_count: 24; random_exploration_count: 17; random_action_prob: 0.1787
make_subtrust -0.015227272727272728 44
move_asset -0.015714285714285715 35
sell_asset 28.141199999999998 25
give_vesting_power 2.6479166666666667 24
update_start: 68; random_action_prob: 0.1778
update_complete: 68; loss: 64.37352244059245; cumulative_reward: 799.7400000000001; invalid_count: 0; positive_reward_count: 25; success_count: 25; episode_count: 25; random_exploration_count: 15; random_action_prob: 0.1778
make_subtrust -0.0024137931034482756 29
move_asset -0.0014285714285714284 49
sell_asset 29.437600000000003 25
give_vesting_power 2.5576 25
update_start: 69; random_action_prob: 0.1769
update_complete: 69; loss: 48.08627446492513; cumulative_reward: 551.62; invalid_count: 0; positive_reward_count: 18; success_count: 18; episode_count: 21; random_exploration_count: 28; random_action_prob: 0.1769
make_subtrust -0.0059375 32
move_asset -0.0012 50
sell_asset 21.688846153846153 26
give_vesting_power -0.602 20
update_start: 70; random_action_prob: 0.1760
update_complete: 70; loss: 58.570780436197914; cumulative_reward: 659.0600000000004; invalid_count: 0; positive_reward_count: 21; success_count: 21; episode_count: 21; random_exploration_count: 30; random_action_prob: 0.1760
make_subtrust -0.008181818181818182 33
move_asset -0.005306122448979592 49
sell_asset 27.295217391304345 23
give_vesting_power 1.3826086956521737 23
update_start: 71; random_action_prob: 0.1751
update_complete: 71; loss: 58.38024393717448; cumulative_reward: 703.2200000000004; invalid_count: 0; positive_reward_count: 22; success_count: 22; episode_count: 23; random_exploration_count: 22; random_action_prob: 0.1751
make_subtrust -0.006875 32
move_asset -0.003829787234042553 47
sell_asset 26.871199999999998 25
give_vesting_power 1.3266666666666667 24
update_start: 72; random_action_prob: 0.1743
update_complete: 72; loss: 56.113932291666664; cumulative_reward: 637.9800000000005; invalid_count: 0; positive_reward_count: 20; success_count: 20; episode_count: 21; random_exploration_count: 22; random_action_prob: 0.1743
make_subtrust -0.015476190476190477 42
move_asset -0.011 40
sell_asset 23.980416666666667 24
give_vesting_power 2.888181818181818 22
update_start: 73; random_action_prob: 0.1734
update_complete: 73; loss: 49.09921391805013; cumulative_reward: 563.2200000000005; invalid_count: 0; positive_reward_count: 18; success_count: 18; episode_count: 20; random_exploration_count: 26; random_action_prob: 0.1734
make_subtrust -0.008275862068965517 29
move_asset -0.0038181818181818182 55
sell_asset 23.643478260869564 23
give_vesting_power 0.9461904761904762 21
update_start: 74; random_action_prob: 0.1725
update_complete: 74; loss: 57.2927131652832; cumulative_reward: 691.1400000000006; invalid_count: 0; positive_reward_count: 22; success_count: 22; episode_count: 22; random_exploration_count: 26; random_action_prob: 0.1725
make_subtrust -0.009142857142857144 35
move_asset -0.002978723404255319 47
sell_asset 25.325416666666666 24
give_vesting_power 3.808636363636364 22
update_start: 75; random_action_prob: 0.1717
update_complete: 75; loss: 54.91199620564779; cumulative_reward: 613.7500000000008; invalid_count: 0; positive_reward_count: 20; success_count: 20; episode_count: 21; random_exploration_count: 21; random_action_prob: 0.1717
make_subtrust -0.015348837209302326 43
move_asset -0.016923076923076923 39
sell_asset 26.760434782608694 23
give_vesting_power -0.01826086956521739 23
update_start: 76; random_action_prob: 0.1708
update_complete: 76; loss: 59.16828536987305; cumulative_reward: 702.5900000000005; invalid_count: 0; positive_reward_count: 22; success_count: 22; episode_count: 23; random_exploration_count: 19; random_action_prob: 0.1708
make_subtrust -0.011351351351351352 37
move_asset -0.006428571428571429 42
sell_asset 27.061923076923076 26
give_vesting_power -0.014347826086956523 23
update_start: 77; random_action_prob: 0.1699
update_complete: 77; loss: 58.135335286458336; cumulative_reward: 734.8000000000002; invalid_count: 0; positive_reward_count: 23; success_count: 23; episode_count: 24; random_exploration_count: 14; random_action_prob: 0.1699
make_subtrust -0.011351351351351352 37
move_asset -0.0072499999999999995 40
sell_asset 28.296538461538464 26
give_vesting_power -0.008 25
update_start: 78; random_action_prob: 0.1691
update_complete: 78; loss: 48.9848264058431; cumulative_reward: 575.7; invalid_count: 0; positive_reward_count: 18; success_count: 18; episode_count: 21; random_exploration_count: 25; random_action_prob: 0.1691
make_subtrust -0.0026923076923076926 26
move_asset -0.0015 60
sell_asset 25.901428571428568 21
give_vesting_power 1.5204761904761905 21
update_start: 79; random_action_prob: 0.1683
update_complete: 79; loss: 62.811927795410156; cumulative_reward: 734.5100000000008; invalid_count: 0; positive_reward_count: 23; success_count: 23; episode_count: 23; random_exploration_count: 18; random_action_prob: 0.1683
make_subtrust -0.011282051282051283 39
move_asset -0.009024390243902438 41
sell_asset 31.98695652173913 23
give_vesting_power -0.0152 25
update_start: 80; random_action_prob: 0.1674
update_complete: 80; loss: 56.6772346496582; cumulative_reward: 735.4300000000004; invalid_count: 0; positive_reward_count: 23; success_count: 23; episode_count: 25; random_exploration_count: 19; random_action_prob: 0.1674
make_subtrust -0.004193548387096774 31
move_asset -0.004666666666666666 45
sell_asset 27.255185185185184 27
give_vesting_power -0.0048 25
update_start: 81; random_action_prob: 0.1666
update_complete: 81; loss: 63.315313975016274; cumulative_reward: 767.2300000000005; invalid_count: 0; positive_reward_count: 24; success_count: 24; episode_count: 24; random_exploration_count: 21; random_action_prob: 0.1666
make_subtrust -0.006666666666666667 33
move_asset -0.004347826086956522 46
sell_asset 31.992500000000003 24
give_vesting_power -0.0068 25
update_start: 82; random_action_prob: 0.1657
update_complete: 82; loss: 58.981693267822266; cumulative_reward: 723.6700000000002; invalid_count: 0; positive_reward_count: 23; success_count: 23; episode_count: 24; random_exploration_count: 22; random_action_prob: 0.1657
make_subtrust -0.0035483870967741938 31
move_asset -0.0014583333333333334 48
sell_asset 26.611923076923077 26
give_vesting_power 1.3886956521739129 23
update_start: 83; random_action_prob: 0.1649
update_complete: 83; loss: 58.59628168741862; cumulative_reward: 703.1000000000001; invalid_count: 0; positive_reward_count: 22; success_count: 22; episode_count: 23; random_exploration_count: 24; random_action_prob: 0.1649
make_subtrust -0.008823529411764706 34
move_asset -0.004893617021276596 47
sell_asset 30.53681818181818 22
give_vesting_power 1.2728 25
update_start: 84; random_action_prob: 0.1641
update_complete: 84; loss: 52.70740509033203; cumulative_reward: 658.9800000000005; invalid_count: 0; positive_reward_count: 21; success_count: 21; episode_count: 24; random_exploration_count: 17; random_action_prob: 0.1641
make_subtrust -0.011351351351351352 37
move_asset -0.005 38
sell_asset 21.28322580645161 31
give_vesting_power -0.008636363636363636 22
update_start: 85; random_action_prob: 0.1633
update_complete: 85; loss: 50.118462880452476; cumulative_reward: 638.5600000000009; invalid_count: 0; positive_reward_count: 20; success_count: 20; episode_count: 23; random_exploration_count: 18; random_action_prob: 0.1633
make_subtrust -0.011025641025641025 39
move_asset -0.010512820512820513 39
sell_asset 22.844285714285714 28
give_vesting_power -0.010909090909090908 22
update_start: 86; random_action_prob: 0.1625
update_complete: 86; loss: 65.88620503743489; cumulative_reward: 862.9700000000006; invalid_count: 0; positive_reward_count: 27; success_count: 27; episode_count: 27; random_exploration_count: 14; random_action_prob: 0.1625
make_subtrust -0.008157894736842105 38
move_asset -0.007142857142857143 35
sell_asset 30.805555555555557 27
give_vesting_power 1.135 28
update_start: 87; random_action_prob: 0.1616
update_complete: 87; loss: 59.73526128133138; cumulative_reward: 767.6000000000003; invalid_count: 0; positive_reward_count: 24; success_count: 24; episode_count: 25; random_exploration_count: 16; random_action_prob: 0.1616
make_subtrust -0.003333333333333333 30
move_asset -0.0027906976744186047 43
sell_asset 26.478620689655173 29
give_vesting_power -0.0023076923076923075 26
update_start: 88; random_action_prob: 0.1608
update_complete: 88; loss: 49.70861943562826; cumulative_reward: 594.6700000000001; invalid_count: 0; positive_reward_count: 19; success_count: 19; episode_count: 22; random_exploration_count: 24; random_action_prob: 0.1608
make_subtrust -0.012285714285714285 35
move_asset -0.007555555555555555 45
sell_asset 21.678461538461537 26
give_vesting_power 1.4454545454545455 22
update_start: 89; random_action_prob: 0.1600
update_complete: 89; loss: 43.47059631347656; cumulative_reward: 511.6; invalid_count: 0; positive_reward_count: 16; success_count: 16; episode_count: 20; random_exploration_count: 23; random_action_prob: 0.1600
make_subtrust -0.0032 25
move_asset -0.001694915254237288 59
sell_asset 21.32875 24
give_vesting_power -0.0055 20
update_start: 90; random_action_prob: 0.1592
update_complete: 90; loss: 59.724221547444664; cumulative_reward: 735.3100000000005; invalid_count: 0; positive_reward_count: 23; success_count: 23; episode_count: 24; random_exploration_count: 15; random_action_prob: 0.1592
make_subtrust -0.0067741935483870966 31
move_asset -0.004285714285714286 49
sell_asset 29.327083333333334 24
give_vesting_power 1.3283333333333334 24
update_start: 91; random_action_prob: 0.1584
update_complete: 91; loss: 61.00666427612305; cumulative_reward: 799.8200000000002; invalid_count: 0; positive_reward_count: 25; success_count: 25; episode_count: 26; random_exploration_count: 18; random_action_prob: 0.1584
make_subtrust -0.0026666666666666666 30
move_asset -0.00022222222222222223 45
sell_asset 28.442592592592593 27
give_vesting_power 1.2292307692307693 26
update_start: 92; random_action_prob: 0.1576
update_complete: 92; loss: 61.34489949544271; cumulative_reward: 799.0900000000004; invalid_count: 0; positive_reward_count: 25; success_count: 25; episode_count: 26; random_exploration_count: 15; random_action_prob: 0.1576
make_subtrust -0.006666666666666667 33
move_asset -0.006578947368421052 38
sell_asset 25.798387096774192 31
give_vesting_power -0.007307692307692308 26
update_start: 93; random_action_prob: 0.1569
update_complete: 93; loss: 35.28274281819662; cumulative_reward: 478.95000000000016; invalid_count: 0; positive_reward_count: 15; success_count: 15; episode_count: 21; random_exploration_count: 30; random_action_prob: 0.1569
make_subtrust -0.014117647058823528 34
move_asset -0.007291666666666666 48
sell_asset 18.663333333333334 24
give_vesting_power 1.4481818181818182 22
update_start: 94; random_action_prob: 0.1561
update_complete: 94; loss: 60.09566879272461; cumulative_reward: 767.2300000000002; invalid_count: 0; positive_reward_count: 24; success_count: 24; episode_count: 25; random_exploration_count: 25; random_action_prob: 0.1561
make_subtrust -0.007142857142857143 35
move_asset -0.004 40
sell_asset 27.25222222222222 27
give_vesting_power 1.2242307692307692 26
update_start: 95; random_action_prob: 0.1553
update_complete: 95; loss: 67.63665771484375; cumulative_reward: 895.1100000000004; invalid_count: 0; positive_reward_count: 28; success_count: 28; episode_count: 28; random_exploration_count: 11; random_action_prob: 0.1553
make_subtrust -0.006944444444444444 36
move_asset -0.0054285714285714284 35
sell_asset 31.992142857142856 28
give_vesting_power -0.00793103448275862 29
update_start: 96; random_action_prob: 0.1545
update_complete: 96; loss: 65.71251678466797; cumulative_reward: 863.3300000000002; invalid_count: 0; positive_reward_count: 27; success_count: 27; episode_count: 27; random_exploration_count: 16; random_action_prob: 0.1545
make_subtrust -0.005675675675675676 37
move_asset -0.0036111111111111114 36
sell_asset 31.993703703703705 27
give_vesting_power -0.005714285714285714 28
update_start: 97; random_action_prob: 0.1537
update_complete: 97; loss: 68.38382212320964; cumulative_reward: 927.6000000000003; invalid_count: 0; positive_reward_count: 29; success_count: 29; episode_count: 29; random_exploration_count: 14; random_action_prob: 0.1537
make_subtrust -0.003235294117647059 34
move_asset -0.0019999999999999996 35
sell_asset 30.929666666666666 30
give_vesting_power -0.003793103448275862 29
update_start: 98; random_action_prob: 0.1530
update_complete: 98; loss: 62.417982737223305; cumulative_reward: 787.2600000000003; invalid_count: 0; positive_reward_count: 25; success_count: 25; episode_count: 25; random_exploration_count: 24; random_action_prob: 0.1530
make_subtrust -0.0054285714285714284 35
move_asset -0.0034210526315789475 38
sell_asset 27.99185185185185 27
give_vesting_power 1.1357142857142857 28
update_start: 99; random_action_prob: 0.1522
update_complete: 99; loss: 59.757554372151695; cumulative_reward: 735.6900000000002; invalid_count: 0; positive_reward_count: 23; success_count: 23; episode_count: 24; random_exploration_count: 21; random_action_prob: 0.1522
make_subtrust -0.00411764705882353 34
move_asset -0.0004347826086956522 46
sell_asset 29.327916666666667 24
give_vesting_power 1.3325 24
2026-08-07T14:39:57 completed distressed_assets run=1 elapsed_seconds=1229.69 updates_logged=100
2026-08-07T14:39:57 running distressed_assets run=2 seed=1731
env_variant: HardTaxEnv
update_start: 0; random_action_prob: 0.2500
update_complete: 0; loss: 0.4562949339548747; cumulative_reward: -1.2400000000000007; invalid_count: 0; positive_reward_count: 0; success_count: 0; episode_count: 12; random_exploration_count: 31; random_action_prob: 0.2500
make_subtrust -0.016923076923076923 26
move_asset -0.007912087912087912 91
sell_asset -0.005 8
give_vesting_power -0.013333333333333334 3
update_start: 1; random_action_prob: 0.2487
update_complete: 1; loss: 4.510072708129883; cumulative_reward: 30.26999999999998; invalid_count: 0; positive_reward_count: 1; success_count: 1; episode_count: 12; random_exploration_count: 44; random_action_prob: 0.2487
make_subtrust -0.020606060606060607 33
move_asset -0.00958904109589041 73
sell_asset 1.7655555555555555 18
give_vesting_power -0.0325 4
update_start: 2; random_action_prob: 0.2475
update_complete: 2; loss: 0.5884386897087097; cumulative_reward: -1.8600000000000012; invalid_count: 0; positive_reward_count: 0; success_count: 0; episode_count: 12; random_exploration_count: 31; random_action_prob: 0.2475
make_subtrust -0.026176470588235294 34
move_asset -0.010147058823529412 68
sell_asset -0.011200000000000002 25
give_vesting_power 0.0 1
update_start: 3; random_action_prob: 0.2463
update_complete: 3; loss: 4.425815423329671; cumulative_reward: 30.579999999999984; invalid_count: 0; positive_reward_count: 1; success_count: 1; episode_count: 12; random_exploration_count: 27; random_action_prob: 0.2463
make_subtrust -0.021612903225806453 31
move_asset -0.0074647887323943665 71
sell_asset 1.3834782608695653 23
give_vesting_power -0.013333333333333334 3
update_start: 4; random_action_prob: 0.2450
update_complete: 4; loss: 3.4138410886128745; cumulative_reward: 30.18999999999999; invalid_count: 0; positive_reward_count: 1; success_count: 1; episode_count: 13; random_exploration_count: 41; random_action_prob: 0.2450
make_subtrust -0.026285714285714287 35
move_asset -0.009516129032258064 62
sell_asset 1.0941379310344828 29
give_vesting_power -0.015 2
update_start: 5; random_action_prob: 0.2438
update_complete: 5; loss: 0.3655844032764435; cumulative_reward: -1.4900000000000009; invalid_count: 0; positive_reward_count: 0; success_count: 0; episode_count: 12; random_exploration_count: 36; random_action_prob: 0.2438
make_subtrust -0.02236842105263158 38
move_asset -0.0069642857142857145 56
sell_asset -0.007575757575757576 33
give_vesting_power 0.0 1
update_start: 6; random_action_prob: 0.2426
update_complete: 6; loss: 20.64525540669759; cumulative_reward: 126.42999999999998; invalid_count: 0; positive_reward_count: 4; success_count: 4; episode_count: 13; random_exploration_count: 33; random_action_prob: 0.2426
make_subtrust -0.02064516129032258 31
move_asset -0.009206349206349206 63
sell_asset 2.3629629629629627 27
give_vesting_power 9.121428571428572 7
update_start: 7; random_action_prob: 0.2414
update_complete: 7; loss: 8.794934272766113; cumulative_reward: 62.13999999999999; invalid_count: 0; positive_reward_count: 2; success_count: 2; episode_count: 13; random_exploration_count: 36; random_action_prob: 0.2414
make_subtrust -0.022727272727272728 33
move_asset -0.012388059701492538 67
sell_asset 2.7734782608695654 23
give_vesting_power -0.014000000000000002 5
update_start: 8; random_action_prob: 0.2402
update_complete: 8; loss: 18.865865071614582; cumulative_reward: 158.31; invalid_count: 0; positive_reward_count: 5; success_count: 5; episode_count: 13; random_exploration_count: 38; random_action_prob: 0.2402
make_subtrust -0.017 30
move_asset -0.010338983050847458 59
sell_asset 5.317666666666667 30
give_vesting_power -0.011111111111111112 9
update_start: 9; random_action_prob: 0.2390
update_complete: 9; loss: 20.680737177530926; cumulative_reward: 178.79000000000002; invalid_count: 0; positive_reward_count: 6; success_count: 6; episode_count: 14; random_exploration_count: 32; random_action_prob: 0.2390
make_subtrust -0.013333333333333332 27
move_asset -0.007936507936507936 63
sell_asset 7.49125 24
give_vesting_power -0.009999999999999998 14
update_start: 10; random_action_prob: 0.2378
update_complete: 10; loss: 21.16455141703288; cumulative_reward: 178.26000000000005; invalid_count: 0; positive_reward_count: 6; success_count: 6; episode_count: 13; random_exploration_count: 24; random_action_prob: 0.2378
make_subtrust -0.0209375 32
move_asset -0.008545454545454545 55
sell_asset 6.415 28
give_vesting_power -0.016923076923076923 13
update_start: 11; random_action_prob: 0.2366
update_complete: 11; loss: 41.868855794270836; cumulative_reward: 382.1900000000002; invalid_count: 0; positive_reward_count: 12; success_count: 12; episode_count: 15; random_exploration_count: 28; random_action_prob: 0.2366
make_subtrust -0.019666666666666666 30
move_asset -0.009636363636363637 55
sell_asset 12.121724137931034 29
give_vesting_power 2.27 14
update_start: 12; random_action_prob: 0.2354
update_complete: 12; loss: 34.963235219319664; cumulative_reward: 318.64; invalid_count: 0; positive_reward_count: 10; success_count: 10; episode_count: 14; random_exploration_count: 29; random_action_prob: 0.2354
make_subtrust -0.01625 32
move_asset -0.0072549019607843135 51
sell_asset 10.656666666666668 27
give_vesting_power 1.7666666666666666 18
update_start: 13; random_action_prob: 0.2342
update_complete: 13; loss: 24.468463897705078; cumulative_reward: 222.32; invalid_count: 0; positive_reward_count: 7; success_count: 7; episode_count: 14; random_exploration_count: 31; random_action_prob: 0.2342
make_subtrust -0.022058823529411766 34
move_asset -0.008703703703703705 54
sell_asset 7.375 26
give_vesting_power 2.2707142857142855 14
update_start: 14; random_action_prob: 0.2331
update_complete: 14; loss: 32.761732737223305; cumulative_reward: 274.81000000000006; invalid_count: 0; positive_reward_count: 9; success_count: 9; episode_count: 14; random_exploration_count: 33; random_action_prob: 0.2331
make_subtrust -0.017037037037037038 27
move_asset -0.00603448275862069 58
sell_asset 9.591000000000001 30
give_vesting_power -0.9315384615384615 13
update_start: 15; random_action_prob: 0.2319
update_complete: 15; loss: 53.17300923665365; cumulative_reward: 499.05000000000007; invalid_count: 0; positive_reward_count: 16; success_count: 16; episode_count: 17; random_exploration_count: 21; random_action_prob: 0.2319
make_subtrust -0.01 27
move_asset -0.004897959183673469 49
sell_asset 14.277714285714286 35
give_vesting_power -0.009411764705882354 17
update_start: 16; random_action_prob: 0.2307
update_complete: 16; loss: 35.36368306477865; cumulative_reward: 351.22000000000014; invalid_count: 0; positive_reward_count: 11; success_count: 11; episode_count: 16; random_exploration_count: 31; random_action_prob: 0.2307
make_subtrust -0.01413793103448276 29
move_asset -0.0030000000000000005 50
sell_asset 10.052 35
give_vesting_power -0.002857142857142857 14
update_start: 17; random_action_prob: 0.2296
update_complete: 17; loss: 38.31207784016927; cumulative_reward: 338.2200000000004; invalid_count: 0; positive_reward_count: 11; success_count: 11; episode_count: 15; random_exploration_count: 30; random_action_prob: 0.2296
make_subtrust -0.0203125 32
move_asset -0.009791666666666667 48
sell_asset 9.046470588235294 34
give_vesting_power 2.2685714285714282 14
update_start: 18; random_action_prob: 0.2284
update_complete: 18; loss: 58.57425181070963; cumulative_reward: 575.4400000000002; invalid_count: 0; positive_reward_count: 18; success_count: 18; episode_count: 18; random_exploration_count: 22; random_action_prob: 0.2284
make_subtrust -0.006666666666666667 24
move_asset -0.0024489795918367346 49
sell_asset 14.69837837837838 37
give_vesting_power 1.771111111111111 18
update_start: 19; random_action_prob: 0.2273
update_complete: 19; loss: 32.79458999633789; cumulative_reward: 318.69999999999993; invalid_count: 0; positive_reward_count: 10; success_count: 10; episode_count: 15; random_exploration_count: 32; random_action_prob: 0.2273
make_subtrust -0.016666666666666666 30
move_asset -0.0075 48
sell_asset 8.719393939393939 33
give_vesting_power 1.8717647058823528 17
update_start: 20; random_action_prob: 0.2262
update_complete: 20; loss: 45.308213551839195; cumulative_reward: 454.93000000000023; invalid_count: 0; positive_reward_count: 15; success_count: 15; episode_count: 18; random_exploration_count: 27; random_action_prob: 0.2262
make_subtrust -0.009655172413793102 29
move_asset -0.005434782608695652 46
sell_asset 13.809393939393939 33
give_vesting_power -0.0125 20
update_start: 21; random_action_prob: 0.2250
update_complete: 21; loss: 39.17419179280599; cumulative_reward: 381.7700000000004; invalid_count: 0; positive_reward_count: 12; success_count: 12; episode_count: 16; random_exploration_count: 31; random_action_prob: 0.2250
make_subtrust -0.020555555555555556 36
move_asset -0.012499999999999999 48
sell_asset 14.748846153846152 26
give_vesting_power -0.02 18
update_start: 22; random_action_prob: 0.2239
update_complete: 22; loss: 32.71476491292318; cumulative_reward: 271.0300000000001; invalid_count: 0; positive_reward_count: 9; success_count: 9; episode_count: 14; random_exploration_count: 38; random_action_prob: 0.2239
make_subtrust -0.030000000000000002 52
move_asset -0.04162162162162162 37
sell_asset 13.752 20
give_vesting_power -0.04789473684210527 19
update_start: 23; random_action_prob: 0.2228
update_complete: 23; loss: 48.64777119954427; cumulative_reward: 477.55000000000007; invalid_count: 0; positive_reward_count: 15; success_count: 15; episode_count: 16; random_exploration_count: 22; random_action_prob: 0.2228
make_subtrust -0.018 40
move_asset -0.017906976744186048 43
sell_asset 17.8996 25
give_vesting_power 1.5775000000000001 20
update_start: 24; random_action_prob: 0.2217
update_complete: 24; loss: 46.82081604003906; cumulative_reward: 465.1000000000005; invalid_count: 0; positive_reward_count: 15; success_count: 15; episode_count: 17; random_exploration_count: 32; random_action_prob: 0.2217
make_subtrust -0.021777777777777778 45
move_asset -0.017142857142857144 42
sell_asset 21.24590909090909 22
give_vesting_power -0.032105263157894734 19
update_start: 25; random_action_prob: 0.2206
update_complete: 25; loss: 40.14138158162435; cumulative_reward: 382.88; invalid_count: 0; positive_reward_count: 12; success_count: 12; episode_count: 16; random_exploration_count: 28; random_action_prob: 0.2206
make_subtrust -0.01107142857142857 28
move_asset -0.007818181818181818 55
sell_asset 13.707142857142857 28
give_vesting_power -0.010588235294117647 17
update_start: 26; random_action_prob: 0.2195
update_complete: 26; loss: 30.983912150065105; cumulative_reward: 263.0600000000001; invalid_count: 0; positive_reward_count: 9; success_count: 9; episode_count: 14; random_exploration_count: 29; random_action_prob: 0.2195
make_subtrust -0.010416666666666666 24
move_asset -0.005932203389830509 59
sell_asset 7.727 30
give_vesting_power 2.1233333333333335 15
update_start: 27; random_action_prob: 0.2184
update_complete: 27; loss: 28.124386469523113; cumulative_reward: 255.15; invalid_count: 0; positive_reward_count: 8; success_count: 8; episode_count: 14; random_exploration_count: 25; random_action_prob: 0.2184
make_subtrust -0.008 25
move_asset -0.0046875 64
sell_asset 9.471111111111112 27
give_vesting_power -0.005833333333333334 12
update_start: 28; random_action_prob: 0.2173
update_complete: 28; loss: 48.168243408203125; cumulative_reward: 435.2500000000002; invalid_count: 0; positive_reward_count: 14; success_count: 14; episode_count: 16; random_exploration_count: 33; random_action_prob: 0.2173
make_subtrust -0.008571428571428572 28
move_asset -0.0034545454545454545 55
sell_asset 15.027241379310345 29
give_vesting_power -0.006875 16
update_start: 29; random_action_prob: 0.2162
update_complete: 29; loss: 34.751885732014976; cumulative_reward: 350.96; invalid_count: 0; positive_reward_count: 11; success_count: 11; episode_count: 16; random_exploration_count: 31; random_action_prob: 0.2162
make_subtrust -0.011333333333333334 30
move_asset -0.005166666666666667 60
sell_asset 14.655833333333334 24
give_vesting_power -0.009285714285714286 14
update_start: 30; random_action_prob: 0.2151
update_complete: 30; loss: 50.898529052734375; cumulative_reward: 498.28000000000037; invalid_count: 0; positive_reward_count: 16; success_count: 16; episode_count: 17; random_exploration_count: 21; random_action_prob: 0.2151
make_subtrust -0.012558139534883722 43
move_asset -0.013061224489795919 49
sell_asset 26.300526315789472 19
give_vesting_power -0.014705882352941176 17
update_start: 31; random_action_prob: 0.2140
update_complete: 31; loss: 42.23908233642578; cumulative_reward: 434.76000000000033; invalid_count: 0; positive_reward_count: 14; success_count: 14; episode_count: 17; random_exploration_count: 30; random_action_prob: 0.2140
make_subtrust -0.01 37
move_asset -0.008679245283018869 53
sell_asset 20.74904761904762 21
give_vesting_power -0.00823529411764706 17
update_start: 32; random_action_prob: 0.2130
update_complete: 32; loss: 31.590830485026043; cumulative_reward: 350.9400000000005; invalid_count: 0; positive_reward_count: 11; success_count: 11; episode_count: 17; random_exploration_count: 23; random_action_prob: 0.2130
make_subtrust -0.00891891891891892 37
move_asset -0.00784313725490196 51
sell_asset 15.991818181818182 22
give_vesting_power -0.008333333333333333 18
update_start: 33; random_action_prob: 0.2119
update_complete: 33; loss: 41.789502461751304; cumulative_reward: 446.81000000000006; invalid_count: 0; positive_reward_count: 14; success_count: 14; episode_count: 18; random_exploration_count: 29; random_action_prob: 0.2119
make_subtrust -0.012424242424242424 33
move_asset -0.007692307692307693 52
sell_asset 17.9124 25
give_vesting_power -0.010555555555555556 18
update_start: 34; random_action_prob: 0.2108
update_complete: 34; loss: 50.422838846842446; cumulative_reward: 511.01000000000033; invalid_count: 0; positive_reward_count: 16; success_count: 16; episode_count: 18; random_exploration_count: 22; random_action_prob: 0.2108
make_subtrust -0.008947368421052633 38
move_asset -0.0058823529411764705 51
sell_asset 21.81090909090909 22
give_vesting_power 1.8711764705882352 17
update_start: 35; random_action_prob: 0.2098
update_complete: 35; loss: 46.3346799214681; cumulative_reward: 446.2900000000003; invalid_count: 0; positive_reward_count: 14; success_count: 14; episode_count: 16; random_exploration_count: 23; random_action_prob: 0.2098
make_subtrust -0.013902439024390246 41
move_asset -0.011320754716981131 53
sell_asset 23.564210526315787 19
give_vesting_power -0.017333333333333333 15
update_start: 36; random_action_prob: 0.2087
update_complete: 36; loss: 27.91446876525879; cumulative_reward: 286.31000000000006; invalid_count: 0; positive_reward_count: 9; success_count: 9; episode_count: 16; random_exploration_count: 31; random_action_prob: 0.2087
make_subtrust -0.017368421052631578 38
move_asset -0.010925925925925926 54
sell_asset 11.625454545454545 22
give_vesting_power 2.2714285714285714 14
update_start: 37; random_action_prob: 0.2077
update_complete: 37; loss: 53.35362243652344; cumulative_reward: 574.5000000000005; invalid_count: 0; positive_reward_count: 18; success_count: 18; episode_count: 19; random_exploration_count: 25; random_action_prob: 0.2077
make_subtrust -0.010476190476190476 42
move_asset -0.01 43
sell_asset 26.166363636363634 22
give_vesting_power -0.013809523809523808 21
update_start: 38; random_action_prob: 0.2066
update_complete: 38; loss: 41.358568827311196; cumulative_reward: 414.47000000000037; invalid_count: 0; positive_reward_count: 13; success_count: 13; episode_count: 16; random_exploration_count: 26; random_action_prob: 0.2066
make_subtrust -0.013421052631578948 38
move_asset -0.007547169811320755 53
sell_asset 18.27190476190476 21
give_vesting_power 1.979375 16
update_start: 39; random_action_prob: 0.2056
update_complete: 39; loss: 41.9219856262207; cumulative_reward: 447.2400000000002; invalid_count: 0; positive_reward_count: 14; success_count: 14; episode_count: 18; random_exploration_count: 24; random_action_prob: 0.2056
make_subtrust -0.00787878787878788 33
move_asset -0.0043859649122807015 57
sell_asset 19.802857142857142 21
give_vesting_power 1.8758823529411763 17
update_start: 40; random_action_prob: 0.2046
update_complete: 40; loss: 42.8094851175944; cumulative_reward: 434.9100000000002; invalid_count: 0; positive_reward_count: 14; success_count: 14; episode_count: 17; random_exploration_count: 33; random_action_prob: 0.2046
make_subtrust -0.008285714285714285 35
move_asset -0.007407407407407408 54
sell_asset 17.555217391304346 23
give_vesting_power 1.989375 16
update_start: 41; random_action_prob: 0.2036
update_complete: 41; loss: 38.930337270100914; cumulative_reward: 414.5000000000002; invalid_count: 0; positive_reward_count: 13; success_count: 13; episode_count: 17; random_exploration_count: 24; random_action_prob: 0.2036
make_subtrust -0.01625 40
move_asset -0.008 50
sell_asset 19.1875 20
give_vesting_power 1.7666666666666666 18
update_start: 42; random_action_prob: 0.2025
update_complete: 42; loss: 49.10599009195963; cumulative_reward: 563.2500000000002; invalid_count: 0; positive_reward_count: 18; success_count: 18; episode_count: 20; random_exploration_count: 25; random_action_prob: 0.2025
make_subtrust -0.006333333333333333 30
move_asset -0.005961538461538462 52
sell_asset 22.14769230769231 26
give_vesting_power -0.6045 20
update_start: 43; random_action_prob: 0.2015
update_complete: 43; loss: 51.3216921488444; cumulative_reward: 543.2100000000002; invalid_count: 0; positive_reward_count: 17; success_count: 17; episode_count: 19; random_exploration_count: 27; random_action_prob: 0.2015
make_subtrust -0.008484848484848486 33
move_asset -0.0035714285714285718 56
sell_asset 26.93894736842105 19
give_vesting_power 1.5925 20
update_start: 44; random_action_prob: 0.2005
update_complete: 44; loss: 44.228521982828774; cumulative_reward: 511.44000000000005; invalid_count: 0; positive_reward_count: 16; success_count: 16; episode_count: 20; random_exploration_count: 20; random_action_prob: 0.2005
make_subtrust -0.0058620689655172415 29
move_asset -0.0042622950819672135 61
sell_asset 25.597 20
give_vesting_power -0.003888888888888889 18
update_start: 45; random_action_prob: 0.1995
update_complete: 45; loss: 33.30370585123698; cumulative_reward: 351.1100000000001; invalid_count: 0; positive_reward_count: 11; success_count: 11; episode_count: 17; random_exploration_count: 32; random_action_prob: 0.1995
make_subtrust -0.0125 36
move_asset -0.003703703703703704 54
sell_asset 17.5945 20
give_vesting_power -0.007222222222222223 18
update_start: 46; random_action_prob: 0.1985
update_complete: 46; loss: 46.96828587849935; cumulative_reward: 510.9800000000001; invalid_count: 0; positive_reward_count: 16; success_count: 16; episode_count: 19; random_exploration_count: 19; random_action_prob: 0.1985
make_subtrust -0.0075 32
move_asset -0.007678571428571429 56
sell_asset 24.37333333333333 21
give_vesting_power -0.01 19
update_start: 47; random_action_prob: 0.1975
update_complete: 47; loss: 53.038247426350914; cumulative_reward: 607.6000000000001; invalid_count: 0; positive_reward_count: 19; success_count: 19; episode_count: 21; random_exploration_count: 18; random_action_prob: 0.1975
make_subtrust -0.005 32
move_asset -0.001764705882352941 51
sell_asset 25.329166666666666 24
give_vesting_power -0.002380952380952381 21
update_start: 48; random_action_prob: 0.1965
update_complete: 48; loss: 46.25685501098633; cumulative_reward: 479.39000000000027; invalid_count: 0; positive_reward_count: 15; success_count: 15; episode_count: 18; random_exploration_count: 27; random_action_prob: 0.1965
make_subtrust -0.009714285714285715 35
move_asset -0.0022641509433962265 53
sell_asset 19.475217391304348 23
give_vesting_power 1.8776470588235292 17
update_start: 49; random_action_prob: 0.1956
update_complete: 49; loss: 38.120646158854164; cumulative_reward: 414.39000000000027; invalid_count: 0; positive_reward_count: 13; success_count: 13; episode_count: 18; random_exploration_count: 26; random_action_prob: 0.1956
make_subtrust -0.013333333333333334 42
move_asset -0.010408163265306122 49
sell_asset 18.891363636363636 22
give_vesting_power -0.01 15
update_start: 50; random_action_prob: 0.1946
update_complete: 50; loss: 55.74772644042969; cumulative_reward: 607.35; invalid_count: 0; positive_reward_count: 19; success_count: 19; episode_count: 20; random_exploration_count: 26; random_action_prob: 0.1946
make_subtrust -0.006363636363636363 33
move_asset -0.0047169811320754715 53
sell_asset 27.632272727272724 22
give_vesting_power -0.005 20
update_start: 51; random_action_prob: 0.1936
update_complete: 51; loss: 50.1159922281901; cumulative_reward: 542.8500000000001; invalid_count: 0; positive_reward_count: 17; success_count: 17; episode_count: 19; random_exploration_count: 28; random_action_prob: 0.1936
make_subtrust -0.01161290322580645 31
move_asset -0.006181818181818182 55
sell_asset 24.371904761904762 21
give_vesting_power 1.5114285714285716 21
update_start: 52; random_action_prob: 0.1926
update_complete: 52; loss: 44.1142209370931; cumulative_reward: 511.55000000000007; invalid_count: 0; positive_reward_count: 16; success_count: 16; episode_count: 20; random_exploration_count: 29; random_action_prob: 0.1926
make_subtrust -0.006071428571428572 28
move_asset -0.002777777777777778 54
sell_asset 18.459230769230768 26
give_vesting_power 1.5965 20
update_start: 53; random_action_prob: 0.1917
update_complete: 53; loss: 47.88078816731771; cumulative_reward: 531.5800000000002; invalid_count: 0; positive_reward_count: 17; success_count: 17; episode_count: 20; random_exploration_count: 25; random_action_prob: 0.1917
make_subtrust -0.0038461538461538464 26
move_asset -0.002545454545454545 55
sell_asset 21.277600000000003 25
give_vesting_power -0.005454545454545454 22
update_start: 54; random_action_prob: 0.1907
update_complete: 54; loss: 49.36996078491211; cumulative_reward: 531.2900000000002; invalid_count: 0; positive_reward_count: 17; success_count: 17; episode_count: 20; random_exploration_count: 19; random_action_prob: 0.1907
make_subtrust -0.008064516129032258 31
move_asset -0.0023636363636363638 55
sell_asset 25.324761904761903 21
give_vesting_power -0.007142857142857143 21
update_start: 55; random_action_prob: 0.1898
update_complete: 55; loss: 44.085103352864586; cumulative_reward: 511.4600000000001; invalid_count: 0; positive_reward_count: 16; success_count: 16; episode_count: 20; random_exploration_count: 20; random_action_prob: 0.1898
make_subtrust -0.008333333333333333 30
move_asset -0.0016666666666666666 54
sell_asset 21.327083333333334 24
give_vesting_power -0.0025 20
update_start: 56; random_action_prob: 0.1888
update_complete: 56; loss: 35.57611083984375; cumulative_reward: 415.35; invalid_count: 0; positive_reward_count: 13; success_count: 13; episode_count: 18; random_exploration_count: 19; random_action_prob: 0.1888
make_subtrust -0.010333333333333333 30
move_asset -0.004210526315789474 57
sell_asset 19.805714285714288 21
give_vesting_power -0.001 20
update_start: 57; random_action_prob: 0.1879
update_complete: 57; loss: 57.35444132486979; cumulative_reward: 671.4200000000003; invalid_count: 0; positive_reward_count: 21; success_count: 21; episode_count: 22; random_exploration_count: 21; random_action_prob: 0.1879
make_subtrust -0.006451612903225806 31
move_asset -0.001372549019607843 51
sell_asset 29.208695652173912 23
give_vesting_power -0.004782608695652174 23
update_start: 58; random_action_prob: 0.1869
update_complete: 58; loss: 47.519012451171875; cumulative_reward: 543.0300000000001; invalid_count: 0; positive_reward_count: 17; success_count: 17; episode_count: 20; random_exploration_count: 25; random_action_prob: 0.1869
make_subtrust -0.01375 32
move_asset -0.004117647058823529 51
sell_asset 22.66208333333333 24
give_vesting_power -0.01 21
update_start: 59; random_action_prob: 0.1860
update_complete: 59; loss: 53.22108713785807; cumulative_reward: 607.2400000000001; invalid_count: 0; positive_reward_count: 19; success_count: 19; episode_count: 21; random_exploration_count: 26; random_action_prob: 0.1860
make_subtrust -0.007857142857142858 28
move_asset -0.004150943396226415 53
sell_asset 23.995833333333334 24
give_vesting_power 1.3817391304347826 23
update_start: 60; random_action_prob: 0.1851
update_complete: 60; loss: 48.70539093017578; cumulative_reward: 574.8800000000002; invalid_count: 0; positive_reward_count: 18; success_count: 18; episode_count: 21; random_exploration_count: 19; random_action_prob: 0.1851
make_subtrust -0.012222222222222223 36
move_asset -0.00784313725490196 51
sell_asset 27.421904761904763 21
give_vesting_power -0.006999999999999999 20
update_start: 61; random_action_prob: 0.1841
update_complete: 61; loss: 41.74130503336588; cumulative_reward: 433.6800000000002; invalid_count: 0; positive_reward_count: 14; success_count: 14; episode_count: 18; random_exploration_count: 22; random_action_prob: 0.1841
make_subtrust -0.019361702127659575 47
move_asset -0.013571428571428571 42
sell_asset 19.796818181818182 22
give_vesting_power -0.02176470588235294 17
update_start: 62; random_action_prob: 0.1832
update_complete: 62; loss: 52.32017389933268; cumulative_reward: 560.6899999999998; invalid_count: 0; positive_reward_count: 18; success_count: 18; episode_count: 19; random_exploration_count: 23; random_action_prob: 0.1832
make_subtrust -0.02392156862745098 51
move_asset -0.02361111111111111 36
sell_asset 27.968421052631577 19
give_vesting_power 1.4254545454545455 22
update_start: 63; random_action_prob: 0.1823
update_complete: 63; loss: 51.98115921020508; cumulative_reward: 573.3500000000006; invalid_count: 0; positive_reward_count: 18; success_count: 18; episode_count: 20; random_exploration_count: 21; random_action_prob: 0.1823
make_subtrust -0.020869565217391303 46
move_asset -0.016585365853658534 41
sell_asset 25.88142857142857 21
give_vesting_power 1.574 20
update_start: 64; random_action_prob: 0.1814
update_complete: 64; loss: 49.19300842285156; cumulative_reward: 508.9200000000003; invalid_count: 0; positive_reward_count: 16; success_count: 16; episode_count: 18; random_exploration_count: 20; random_action_prob: 0.1814
make_subtrust -0.02340425531914894 47
move_asset -0.018292682926829267 41
sell_asset 26.63888888888889 18
give_vesting_power 1.4213636363636364 22
update_start: 65; random_action_prob: 0.1805
update_complete: 65; loss: 53.50951385498047; cumulative_reward: 592.8600000000002; invalid_count: 0; positive_reward_count: 19; success_count: 19; episode_count: 21; random_exploration_count: 14; random_action_prob: 0.1805
make_subtrust -0.023617021276595748 47
move_asset -0.02263157894736842 38
sell_asset 27.064999999999998 22
give_vesting_power -0.02857142857142857 21
update_start: 66; random_action_prob: 0.1796
update_complete: 66; loss: 51.07696787516276; cumulative_reward: 540.9800000000004; invalid_count: 0; positive_reward_count: 17; success_count: 17; episode_count: 19; random_exploration_count: 25; random_action_prob: 0.1796
make_subtrust -0.02285714285714286 49
move_asset -0.01842105263157895 38
sell_asset 24.70090909090909 22
give_vesting_power -0.03263157894736842 19
update_start: 67; random_action_prob: 0.1787
update_complete: 67; loss: 45.1411018371582; cumulative_reward: 509.54000000000025; invalid_count: 0; positive_reward_count: 16; success_count: 16; episode_count: 19; random_exploration_count: 27; random_action_prob: 0.1787
make_subtrust -0.017906976744186048 43
move_asset -0.018292682926829267 41
sell_asset 25.5795 20
give_vesting_power -0.022083333333333333 24
update_start: 68; random_action_prob: 0.1778
update_complete: 68; loss: 48.199597676595054; cumulative_reward: 472.8300000000005; invalid_count: 0; positive_reward_count: 16; success_count: 16; episode_count: 19; random_exploration_count: 23; random_action_prob: 0.1778
make_subtrust -0.022500000000000003 48
move_asset -0.021842105263157895 38
sell_asset 21.604090909090907 22
give_vesting_power -0.027500000000000004 20
update_start: 69; random_action_prob: 0.1769
update_complete: 69; loss: 46.41704559326172; cumulative_reward: 509.56000000000006; invalid_count: 0; positive_reward_count: 16; success_count: 16; episode_count: 19; random_exploration_count: 22; random_action_prob: 0.1769
make_subtrust -0.01847826086956522 46
move_asset -0.018222222222222223 45
sell_asset 26.928947368421053 19
give_vesting_power -0.023333333333333334 18
update_start: 70; random_action_prob: 0.1760
update_complete: 70; loss: 49.88866297403971; cumulative_reward: 541.2100000000002; invalid_count: 0; positive_reward_count: 17; success_count: 17; episode_count: 19; random_exploration_count: 25; random_action_prob: 0.1760
make_subtrust -0.018085106382978722 47
move_asset -0.021842105263157895 38
sell_asset 24.703636363636363 22
give_vesting_power -0.028095238095238093 21
update_start: 71; random_action_prob: 0.1751
update_complete: 71; loss: 51.2056516011556; cumulative_reward: 508.32000000000005; invalid_count: 0; positive_reward_count: 16; success_count: 16; episode_count: 17; random_exploration_count: 23; random_action_prob: 0.1751
make_subtrust -0.023799999999999998 50
move_asset -0.026388888888888892 36
sell_asset 23.23818181818182 22
give_vesting_power -0.039 20
update_start: 72; random_action_prob: 0.1743
update_complete: 72; loss: 53.02106602986654; cumulative_reward: 571.6300000000002; invalid_count: 0; positive_reward_count: 18; success_count: 18; episode_count: 19; random_exploration_count: 22; random_action_prob: 0.1743
make_subtrust -0.02962962962962963 54
move_asset -0.0346875 32
sell_asset 24.688181818181818 22
give_vesting_power 1.56 20
update_start: 73; random_action_prob: 0.1734
update_complete: 73; loss: 45.11365636189779; cumulative_reward: 477.8200000000002; invalid_count: 0; positive_reward_count: 15; success_count: 15; episode_count: 18; random_exploration_count: 33; random_action_prob: 0.1734
make_subtrust -0.014722222222222223 36
move_asset -0.01767857142857143 56
sell_asset 24.871111111111112 18
give_vesting_power 1.758888888888889 18
update_start: 74; random_action_prob: 0.1725
update_complete: 74; loss: 41.329305013020836; cumulative_reward: 479.6500000000001; invalid_count: 0; positive_reward_count: 15; success_count: 15; episode_count: 19; random_exploration_count: 22; random_action_prob: 0.1725
make_subtrust -0.003928571428571429 28
move_asset -0.00171875 64
sell_asset 25.258421052631576 19
give_vesting_power -0.0023529411764705885 17
update_start: 75; random_action_prob: 0.1717
update_complete: 75; loss: 45.3537966410319; cumulative_reward: 478.8100000000002; invalid_count: 0; positive_reward_count: 15; success_count: 15; episode_count: 18; random_exploration_count: 23; random_action_prob: 0.1717
make_subtrust -0.009117647058823529 34
move_asset -0.007166666666666667 60
sell_asset 26.653333333333332 18
give_vesting_power -0.013125 16
update_start: 76; random_action_prob: 0.1708
update_complete: 76; loss: 60.72674814860026; cumulative_reward: 670.1200000000002; invalid_count: 0; positive_reward_count: 21; success_count: 21; episode_count: 21; random_exploration_count: 18; random_action_prob: 0.1708
make_subtrust -0.014186046511627907 43
move_asset -0.011951219512195122 41
sell_asset 31.982857142857142 21
give_vesting_power -0.01826086956521739 23
update_start: 77; random_action_prob: 0.1699
update_complete: 77; loss: 52.28169250488281; cumulative_reward: 626.8700000000001; invalid_count: 0; positive_reward_count: 20; success_count: 20; episode_count: 22; random_exploration_count: 16; random_action_prob: 0.1699
make_subtrust -0.009736842105263158 38
move_asset -0.0071739130434782614 46
sell_asset 27.816086956521737 23
give_vesting_power -0.5809523809523809 21
update_start: 78; random_action_prob: 0.1691
update_complete: 78; loss: 54.744101206461586; cumulative_reward: 607.5500000000001; invalid_count: 0; positive_reward_count: 19; success_count: 19; episode_count: 20; random_exploration_count: 28; random_action_prob: 0.1691
make_subtrust -0.004615384615384615 26
move_asset -0.002586206896551724 58
sell_asset 26.430434782608696 23
give_vesting_power -0.0038095238095238095 21
update_start: 79; random_action_prob: 0.1683
update_complete: 79; loss: 53.93571472167969; cumulative_reward: 594.0600000000002; invalid_count: 0; positive_reward_count: 19; success_count: 19; episode_count: 21; random_exploration_count: 21; random_action_prob: 0.1683
make_subtrust -0.014864864864864866 37
move_asset -0.012444444444444445 45
sell_asset 23.8224 25
give_vesting_power -0.018571428571428572 21
update_start: 80; random_action_prob: 0.1674
update_complete: 80; loss: 47.65798823038737; cumulative_reward: 543.0900000000001; invalid_count: 0; positive_reward_count: 17; success_count: 17; episode_count: 20; random_exploration_count: 26; random_action_prob: 0.1674
make_subtrust -0.00823529411764706 34
move_asset -0.004807692307692308 52
sell_asset 24.71772727272727 22
give_vesting_power -0.008499999999999999 20
update_start: 81; random_action_prob: 0.1666
update_complete: 81; loss: 45.999098459879555; cumulative_reward: 531.2700000000002; invalid_count: 0; positive_reward_count: 17; success_count: 17; episode_count: 21; random_exploration_count: 16; random_action_prob: 0.1666
make_subtrust -0.006666666666666667 33
move_asset -0.0044 50
sell_asset 23.12391304347826 23
give_vesting_power -0.006363636363636363 22
update_start: 82; random_action_prob: 0.1657
update_complete: 82; loss: 63.81719080607096; cumulative_reward: 735.0800000000004; invalid_count: 0; positive_reward_count: 23; success_count: 23; episode_count: 23; random_exploration_count: 16; random_action_prob: 0.1657
make_subtrust -0.00787878787878788 33
move_asset -0.005208333333333333 48
sell_asset 31.991304347826084 23
give_vesting_power -0.008749999999999999 24
update_start: 83; random_action_prob: 0.1649
update_complete: 83; loss: 50.28899637858073; cumulative_reward: 607.5000000000003; invalid_count: 0; positive_reward_count: 19; success_count: 19; episode_count: 21; random_exploration_count: 19; random_action_prob: 0.1649
make_subtrust -0.005483870967741936 31
move_asset -0.0031249999999999997 48
sell_asset 24.3148 25
give_vesting_power -0.0020833333333333333 24
update_start: 84; random_action_prob: 0.1641
update_complete: 84; loss: 49.98310089111328; cumulative_reward: 575.1900000000002; invalid_count: 0; positive_reward_count: 18; success_count: 18; episode_count: 20; random_exploration_count: 26; random_action_prob: 0.1641
make_subtrust -0.00625 32
move_asset -0.0048 50
sell_asset 23.99208333333333 24
give_vesting_power -0.00818181818181818 22
update_start: 85; random_action_prob: 0.1633
update_complete: 85; loss: 56.98906453450521; cumulative_reward: 691.08; invalid_count: 0; positive_reward_count: 22; success_count: 22; episode_count: 23; random_exploration_count: 25; random_action_prob: 0.1633
make_subtrust -0.0078125 32
move_asset -0.006739130434782609 46
sell_asset 24.436296296296295 27
give_vesting_power 1.3852173913043477 23
update_start: 86; random_action_prob: 0.1625
update_complete: 86; loss: 55.122117360432945; cumulative_reward: 671.3900000000001; invalid_count: 0; positive_reward_count: 21; success_count: 21; episode_count: 23; random_exploration_count: 19; random_action_prob: 0.1625
make_subtrust -0.007741935483870968 31
move_asset -0.001875 48
sell_asset 24.608846153846155 26
give_vesting_power 1.3865217391304347 23
update_start: 87; random_action_prob: 0.1616
update_complete: 87; loss: 49.36519877115885; cumulative_reward: 606.9400000000005; invalid_count: 0; positive_reward_count: 19; success_count: 19; episode_count: 22; random_exploration_count: 23; random_action_prob: 0.1616
make_subtrust -0.011764705882352941 34
move_asset -0.005319148936170213 47
sell_asset 26.428260869565218 23
give_vesting_power -0.010833333333333334 24
update_start: 88; random_action_prob: 0.1608
update_complete: 88; loss: 59.16903177897135; cumulative_reward: 702.4000000000008; invalid_count: 0; positive_reward_count: 22; success_count: 22; episode_count: 23; random_exploration_count: 26; random_action_prob: 0.1608
make_subtrust -0.011842105263157895 38
move_asset -0.008863636363636363 44
sell_asset 30.592173913043478 23
give_vesting_power -0.01652173913043478 23
update_start: 89; random_action_prob: 0.1600
update_complete: 89; loss: 61.72170384724935; cumulative_reward: 721.0100000000009; invalid_count: 0; positive_reward_count: 23; success_count: 23; episode_count: 23; random_exploration_count: 24; random_action_prob: 0.1600
make_subtrust -0.0196078431372549 51
move_asset -0.023793103448275864 29
sell_asset 30.139166666666668 24
give_vesting_power -0.02666666666666667 24
update_start: 90; random_action_prob: 0.1592
update_complete: 90; loss: 48.802574157714844; cumulative_reward: 575.0900000000001; invalid_count: 0; positive_reward_count: 18; success_count: 18; episode_count: 21; random_exploration_count: 21; random_action_prob: 0.1592
make_subtrust -0.01 32
move_asset -0.00537037037037037 54
sell_asset 23.266363636363636 22
give_vesting_power 3.1919999999999997 20
update_start: 91; random_action_prob: 0.1584
update_complete: 91; loss: 54.20947265625; cumulative_reward: 670.9899999999999; invalid_count: 0; positive_reward_count: 21; success_count: 21; episode_count: 23; random_exploration_count: 20; random_action_prob: 0.1584
make_subtrust -0.01 34
move_asset -0.006222222222222223 45
sell_asset 20.141481481481485 27
give_vesting_power 5.808636363636364 22
update_start: 92; random_action_prob: 0.1576
update_complete: 92; loss: 60.91570027669271; cumulative_reward: 799.2500000000006; invalid_count: 0; positive_reward_count: 25; success_count: 25; episode_count: 26; random_exploration_count: 15; random_action_prob: 0.1576
make_subtrust -0.006363636363636363 33
move_asset -0.004186046511627906 43
sell_asset 30.762307692307694 26
give_vesting_power -0.006923076923076922 26
update_start: 93; random_action_prob: 0.1569
update_complete: 93; loss: 49.50609334309896; cumulative_reward: 549.8500000000004; invalid_count: 0; positive_reward_count: 18; success_count: 18; episode_count: 20; random_exploration_count: 27; random_action_prob: 0.1569
make_subtrust -0.018048780487804877 41
move_asset -0.012142857142857143 42
sell_asset 21.2592 25
give_vesting_power 0.9810000000000001 20
update_start: 94; random_action_prob: 0.1561
update_complete: 94; loss: 60.128456115722656; cumulative_reward: 734.1200000000007; invalid_count: 0; positive_reward_count: 23; success_count: 23; episode_count: 24; random_exploration_count: 16; random_action_prob: 0.1561
make_subtrust -0.014523809523809524 42
move_asset -0.014615384615384613 39
sell_asset 29.318749999999998 24
give_vesting_power 1.376086956521739 23
update_start: 95; random_action_prob: 0.1553
update_complete: 95; loss: 65.07941436767578; cumulative_reward: 798.7700000000007; invalid_count: 0; positive_reward_count: 25; success_count: 25; episode_count: 25; random_exploration_count: 16; random_action_prob: 0.1553
make_subtrust -0.009268292682926829 41
move_asset -0.007297297297297297 37
sell_asset 30.708000000000002 25
give_vesting_power 1.2688 25
update_start: 96; random_action_prob: 0.1545
update_complete: 96; loss: 59.42522430419922; cumulative_reward: 734.2400000000001; invalid_count: 0; positive_reward_count: 23; success_count: 23; episode_count: 24; random_exploration_count: 18; random_action_prob: 0.1545
make_subtrust -0.01441860465116279 43
move_asset -0.010857142857142857 35
sell_asset 28.292307692307695 26
give_vesting_power -0.015 24
update_start: 97; random_action_prob: 0.1537
update_complete: 97; loss: 65.48916880289714; cumulative_reward: 830.9900000000001; invalid_count: 0; positive_reward_count: 26; success_count: 26; episode_count: 26; random_exploration_count: 16; random_action_prob: 0.1537
make_subtrust -0.007894736842105263 38
move_asset -0.007777777777777778 36
sell_asset 30.806296296296296 27
give_vesting_power -0.007407407407407408 27
update_start: 98; random_action_prob: 0.1530
update_complete: 98; loss: 53.720863342285156; cumulative_reward: 647.2900000000003; invalid_count: 0; positive_reward_count: 21; success_count: 21; episode_count: 24; random_exploration_count: 25; random_action_prob: 0.1530
make_subtrust -0.005483870967741935 31
move_asset -0.004893617021276595 47
sell_asset 23.685769230769232 26
give_vesting_power 1.3275 24
update_start: 99; random_action_prob: 0.1522
update_complete: 99; loss: 54.8115603129069; cumulative_reward: 671.14; invalid_count: 0; positive_reward_count: 21; success_count: 21; episode_count: 23; random_exploration_count: 25; random_action_prob: 0.1522
make_subtrust -0.008823529411764706 34
move_asset -0.003333333333333333 45
sell_asset 26.871199999999998 25
give_vesting_power -0.007916666666666667 24
2026-08-07T15:00:14 completed distressed_assets run=2 elapsed_seconds=1217.18 updates_logged=100
2026-08-07T15:00:14 running distressed_assets run=3 seed=1732
env_variant: HardTaxEnv
update_start: 0; random_action_prob: 0.2500
update_complete: 0; loss: 6.969944794972737; cumulative_reward: -56.45000000000002; invalid_count: 0; positive_reward_count: 1; success_count: 1; episode_count: 12; random_exploration_count: 32; random_action_prob: 0.2500
make_subtrust -0.0356 50
move_asset -0.03512820512820513 39
sell_asset -1.508888888888889 27
give_vesting_power -1.0466666666666666 12
update_start: 1; random_action_prob: 0.2487
update_complete: 1; loss: 12.063119570414225; cumulative_reward: 19.659999999999997; invalid_count: 0; positive_reward_count: 3; success_count: 3; episode_count: 13; random_exploration_count: 33; random_action_prob: 0.2487
make_subtrust -0.028235294117647056 51
move_asset -0.037714285714285714 35
sell_asset 0.7663333333333334 30
give_vesting_power -0.04750000000000001 12
update_start: 2; random_action_prob: 0.2475
update_complete: 2; loss: 7.713786760965983; cumulative_reward: 49.66999999999998; invalid_count: 0; positive_reward_count: 2; success_count: 2; episode_count: 13; random_exploration_count: 34; random_action_prob: 0.2475
make_subtrust -0.026595744680851064 47
move_asset -0.012051282051282051 39
sell_asset 1.4333333333333333 36
give_vesting_power -0.035 6
update_start: 3; random_action_prob: 0.2463
update_complete: 3; loss: 15.708512941996256; cumulative_reward: 132.00000000000003; invalid_count: 0; positive_reward_count: 5; success_count: 5; episode_count: 13; random_exploration_count: 33; random_action_prob: 0.2463
make_subtrust -0.029272727272727273 55
move_asset -0.03151515151515152 33
sell_asset 4.660689655172414 29
give_vesting_power -0.046363636363636364 11
update_start: 4; random_action_prob: 0.2450
update_complete: 4; loss: 15.018279075622559; cumulative_reward: 20.059999999999995; invalid_count: 0; positive_reward_count: 3; success_count: 3; episode_count: 13; random_exploration_count: 32; random_action_prob: 0.2450
make_subtrust -0.028627450980392155 51
move_asset -0.03264705882352942 34
sell_asset 0.8957692307692308 26
give_vesting_power -0.03882352941176471 17
update_start: 5; random_action_prob: 0.2438
update_complete: 5; loss: 21.918866475423176; cumulative_reward: 128.5599999999999; invalid_count: 0; positive_reward_count: 6; success_count: 6; episode_count: 14; random_exploration_count: 32; random_action_prob: 0.2438
make_subtrust -0.02235294117647059 51
move_asset -0.03027777777777778 36
sell_asset 5.513076923076923 26
give_vesting_power -0.8366666666666667 15
update_start: 6; random_action_prob: 0.2426
update_complete: 6; loss: 30.526774088541668; cumulative_reward: 212.34000000000003; invalid_count: 0; positive_reward_count: 9; success_count: 9; episode_count: 15; random_exploration_count: 44; random_action_prob: 0.2426
make_subtrust -0.026041666666666668 48
move_asset -0.03085714285714286 35
sell_asset 7.687857142857142 28
give_vesting_power -0.03470588235294118 17
update_start: 7; random_action_prob: 0.2414
update_complete: 7; loss: 18.373945871988933; cumulative_reward: 166.20000000000002; invalid_count: 0; positive_reward_count: 6; success_count: 6; episode_count: 15; random_exploration_count: 27; random_action_prob: 0.2414
make_subtrust -0.019767441860465116 43
move_asset -0.010512820512820514 39
sell_asset 5.082424242424242 33
give_vesting_power -0.02 13
update_start: 8; random_action_prob: 0.2402
update_complete: 8; loss: 13.161639849344889; cumulative_reward: 68.70999999999998; invalid_count: 0; positive_reward_count: 3; success_count: 3; episode_count: 13; random_exploration_count: 33; random_action_prob: 0.2402
make_subtrust -0.026734693877551022 49
move_asset -0.024210526315789474 38
sell_asset 2.4651724137931033 29
give_vesting_power -0.04583333333333334 12
update_start: 9; random_action_prob: 0.2390
update_complete: 9; loss: 28.445709228515625; cumulative_reward: 217.21999999999997; invalid_count: 0; positive_reward_count: 8; success_count: 8; episode_count: 15; random_exploration_count: 28; random_action_prob: 0.2390
make_subtrust -0.023617021276595748 47
move_asset -0.019444444444444445 36
sell_asset 7.079032258064516 31
give_vesting_power -0.030000000000000002 14
update_start: 10; random_action_prob: 0.2378
update_complete: 10; loss: 39.82285181681315; cumulative_reward: 387.9499999999999; invalid_count: 0; positive_reward_count: 13; success_count: 13; episode_count: 16; random_exploration_count: 32; random_action_prob: 0.2378
make_subtrust -0.025901639344262296 61
move_asset -0.03333333333333333 27
sell_asset 17.779090909090908 22
give_vesting_power -0.03944444444444445 18
update_start: 11; random_action_prob: 0.2366
update_complete: 11; loss: 30.765588124593098; cumulative_reward: 270.97000000000014; invalid_count: 0; positive_reward_count: 9; success_count: 9; episode_count: 15; random_exploration_count: 27; random_action_prob: 0.2366
make_subtrust -0.029655172413793104 58
move_asset -0.045625000000000006 32
sell_asset 9.340384615384615 26
give_vesting_power 2.6083333333333334 12
update_start: 12; random_action_prob: 0.2354
update_complete: 12; loss: 28.90867741902669; cumulative_reward: 247.9100000000002; invalid_count: 0; positive_reward_count: 9; success_count: 9; episode_count: 14; random_exploration_count: 25; random_action_prob: 0.2354
make_subtrust -0.028181818181818183 55
move_asset -0.03354838709677419 31
sell_asset 8.969642857142857 28
give_vesting_power -0.04642857142857143 14
update_start: 13; random_action_prob: 0.2342
update_complete: 13; loss: 37.744879404703774; cumulative_reward: 334.68000000000035; invalid_count: 0; positive_reward_count: 11; success_count: 11; episode_count: 14; random_exploration_count: 45; random_action_prob: 0.2342
make_subtrust -0.031228070175438598 57
move_asset -0.0475 32
sell_asset 13.044090909090908 22
give_vesting_power 3.0005882352941176 17
update_start: 14; random_action_prob: 0.2331
update_complete: 14; loss: 31.159955978393555; cumulative_reward: 247.24000000000012; invalid_count: 0; positive_reward_count: 9; success_count: 9; episode_count: 15; random_exploration_count: 29; random_action_prob: 0.2331
make_subtrust -0.03333333333333333 51
move_asset -0.034687499999999996 32
sell_asset 9.654230769230768 26
give_vesting_power -0.05052631578947368 19
update_start: 15; random_action_prob: 0.2319
update_complete: 15; loss: 34.900997161865234; cumulative_reward: 290.7500000000003; invalid_count: 0; positive_reward_count: 10; success_count: 10; episode_count: 15; random_exploration_count: 32; random_action_prob: 0.2319
make_subtrust -0.03290909090909091 55
move_asset -0.0465625 32
sell_asset 12.83304347826087 23
give_vesting_power -0.061666666666666675 18
update_start: 16; random_action_prob: 0.2307
update_complete: 16; loss: 46.615214029947914; cumulative_reward: 431.7100000000002; invalid_count: 0; positive_reward_count: 14; success_count: 14; episode_count: 16; random_exploration_count: 28; random_action_prob: 0.2307
make_subtrust -0.029433962264150945 53
move_asset -0.03558823529411764 34
sell_asset 16.1276 25
give_vesting_power 1.955625 16
update_start: 17; random_action_prob: 0.2296
update_complete: 17; loss: 42.0008913675944; cumulative_reward: 433.9000000000001; invalid_count: 0; positive_reward_count: 14; success_count: 14; episode_count: 17; random_exploration_count: 34; random_action_prob: 0.2296
make_subtrust -0.02048780487804878 41
move_asset -0.009545454545454546 44
sell_asset 16.12925925925926 27
give_vesting_power -0.020625 16
update_start: 18; random_action_prob: 0.2284
update_complete: 18; loss: 49.27155558268229; cumulative_reward: 495.5200000000002; invalid_count: 0; positive_reward_count: 16; success_count: 16; episode_count: 17; random_exploration_count: 30; random_action_prob: 0.2284
make_subtrust -0.029607843137254904 51
move_asset -0.03342857142857143 35
sell_asset 19.461666666666666 24
give_vesting_power 1.728888888888889 18
update_start: 19; random_action_prob: 0.2273
update_complete: 19; loss: 37.51796340942383; cumulative_reward: 390.23000000000013; invalid_count: 0; positive_reward_count: 13; success_count: 13; episode_count: 17; random_exploration_count: 30; random_action_prob: 0.2273
make_subtrust -0.01717948717948718 39
move_asset -0.008837209302325582 43
sell_asset 13.98607142857143 28
give_vesting_power -0.018333333333333333 18
update_start: 20; random_action_prob: 0.2262
update_complete: 20; loss: 44.89483642578125; cumulative_reward: 454.60000000000025; invalid_count: 0; positive_reward_count: 15; success_count: 15; episode_count: 18; random_exploration_count: 24; random_action_prob: 0.2262
make_subtrust -0.012857142857142857 35
move_asset -0.008367346938775512 49
sell_asset 19.262272727272727 22
give_vesting_power 1.4404545454545454 22
update_start: 21; random_action_prob: 0.2250
update_complete: 21; loss: 30.781909306844074; cumulative_reward: 318.54; invalid_count: 0; positive_reward_count: 10; success_count: 10; episode_count: 16; random_exploration_count: 35; random_action_prob: 0.2250
make_subtrust -0.014864864864864866 37
move_asset -0.007543859649122807 57
sell_asset 19.9875 16
give_vesting_power -0.015555555555555557 18
update_start: 22; random_action_prob: 0.2239
update_complete: 22; loss: 30.325773239135742; cumulative_reward: 293.82000000000005; invalid_count: 0; positive_reward_count: 10; success_count: 10; episode_count: 17; random_exploration_count: 33; random_action_prob: 0.2239
make_subtrust -0.01945945945945946 37
move_asset -0.014693877551020407 49
sell_asset 12.855652173913043 23
give_vesting_power -0.022105263157894735 19
update_start: 23; random_action_prob: 0.2228
update_complete: 23; loss: 38.2646598815918; cumulative_reward: 390.09000000000043; invalid_count: 0; positive_reward_count: 13; success_count: 13; episode_count: 18; random_exploration_count: 27; random_action_prob: 0.2228
make_subtrust -0.017027027027027027 37
move_asset -0.012222222222222221 45
sell_asset 15.667200000000001 25
give_vesting_power -0.019523809523809523 21
update_start: 24; random_action_prob: 0.2217
update_complete: 24; loss: 39.957323710123696; cumulative_reward: 421.80000000000007; invalid_count: 0; positive_reward_count: 14; success_count: 14; episode_count: 18; random_exploration_count: 34; random_action_prob: 0.2217
make_subtrust -0.017560975609756096 41
move_asset -0.015111111111111112 45
sell_asset 18.64952380952381 21
give_vesting_power 1.502857142857143 21
update_start: 25; random_action_prob: 0.2206
update_complete: 25; loss: 41.923875172932945; cumulative_reward: 431.9800000000005; invalid_count: 0; positive_reward_count: 14; success_count: 14; episode_count: 18; random_exploration_count: 26; random_action_prob: 0.2206
make_subtrust -0.0254 50
move_asset -0.03314285714285714 35
sell_asset 22.910526315789475 19
give_vesting_power -0.037083333333333336 24
update_start: 26; random_action_prob: 0.2195
update_complete: 26; loss: 54.19106928507487; cumulative_reward: 527.7600000000002; invalid_count: 0; positive_reward_count: 17; success_count: 17; episode_count: 18; random_exploration_count: 25; random_action_prob: 0.2195
make_subtrust -0.027454545454545454 55
move_asset -0.0325 32
sell_asset 23.77190476190476 21
give_vesting_power 1.5550000000000002 20
update_start: 27; random_action_prob: 0.2184
update_complete: 27; loss: 42.725144704182945; cumulative_reward: 434.39000000000027; invalid_count: 0; positive_reward_count: 14; success_count: 14; episode_count: 17; random_exploration_count: 34; random_action_prob: 0.2184
make_subtrust -0.013888888888888888 36
move_asset -0.00851063829787234 47
sell_asset 18.151666666666667 24
give_vesting_power -0.01666666666666667 21
update_start: 28; random_action_prob: 0.2173
update_complete: 28; loss: 49.51549402872721; cumulative_reward: 485.50000000000034; invalid_count: 0; positive_reward_count: 16; success_count: 16; episode_count: 18; random_exploration_count: 27; random_action_prob: 0.2173
make_subtrust -0.017142857142857144 42
move_asset -0.01674418604651163 43
sell_asset 22.15681818181818 22
give_vesting_power -0.024285714285714285 21
update_start: 29; random_action_prob: 0.2162
update_complete: 29; loss: 51.455177307128906; cumulative_reward: 542.5100000000002; invalid_count: 0; positive_reward_count: 17; success_count: 17; episode_count: 19; random_exploration_count: 26; random_action_prob: 0.2162
make_subtrust -0.014 35
move_asset -0.00830188679245283 53
sell_asset 23.985999999999997 20
give_vesting_power 3.186 20
update_start: 30; random_action_prob: 0.2151
update_complete: 30; loss: 45.655418395996094; cumulative_reward: 479.6200000000001; invalid_count: 0; positive_reward_count: 15; success_count: 15; episode_count: 18; random_exploration_count: 19; random_action_prob: 0.2151
make_subtrust -0.004 25
move_asset -0.0012307692307692308 65
sell_asset 23.573684210526313 19
give_vesting_power 1.6789473684210525 19
update_start: 31; random_action_prob: 0.2140
update_complete: 31; loss: 40.49884287516276; cumulative_reward: 447.0900000000005; invalid_count: 0; positive_reward_count: 14; success_count: 14; episode_count: 18; random_exploration_count: 31; random_action_prob: 0.2140
make_subtrust -0.0075 28
move_asset -0.006507936507936508 63
sell_asset 20.7935 20
give_vesting_power 1.8729411764705883 17
update_start: 32; random_action_prob: 0.2130
update_complete: 32; loss: 49.546454111735024; cumulative_reward: 511.15000000000055; invalid_count: 0; positive_reward_count: 16; success_count: 16; episode_count: 18; random_exploration_count: 22; random_action_prob: 0.2130
make_subtrust -0.008823529411764706 34
move_asset -0.003928571428571429 56
sell_asset 23.264545454545456 22
give_vesting_power -0.009375 16
update_start: 33; random_action_prob: 0.2119
update_complete: 33; loss: 48.46566263834635; cumulative_reward: 510.3300000000002; invalid_count: 0; positive_reward_count: 16; success_count: 16; episode_count: 18; random_exploration_count: 32; random_action_prob: 0.2119
make_subtrust -0.013157894736842105 38
move_asset -0.009591836734693878 49
sell_asset 21.80318181818182 22
give_vesting_power 1.6647368421052633 19
update_start: 34; random_action_prob: 0.2108
update_complete: 34; loss: 59.286722819010414; cumulative_reward: 638.3100000000005; invalid_count: 0; positive_reward_count: 20; success_count: 20; episode_count: 20; random_exploration_count: 23; random_action_prob: 0.2108
make_subtrust -0.015454545454545455 44
move_asset -0.009302325581395349 43
sell_asset 30.46047619047619 21
give_vesting_power -0.014000000000000002 20
update_start: 35; random_action_prob: 0.2098
update_complete: 35; loss: 37.59405263264974; cumulative_reward: 415.52000000000015; invalid_count: 0; positive_reward_count: 13; success_count: 13; episode_count: 18; random_exploration_count: 28; random_action_prob: 0.2098
make_subtrust -0.005185185185185186 27
move_asset -0.002096774193548387 62
sell_asset 19.805238095238092 21
give_vesting_power -0.006666666666666666 18
update_start: 36; random_action_prob: 0.2087
update_complete: 36; loss: 45.127847035725914; cumulative_reward: 499.3600000000001; invalid_count: 0; positive_reward_count: 16; success_count: 16; episode_count: 19; random_exploration_count: 22; random_action_prob: 0.2087
make_subtrust -0.005666666666666667 30
move_asset -0.003928571428571429 56
sell_asset 21.73391304347826 23
give_vesting_power -0.006842105263157895 19
update_start: 37; random_action_prob: 0.2077
update_complete: 37; loss: 48.27812576293945; cumulative_reward: 486.5; invalid_count: 0; positive_reward_count: 16; success_count: 16; episode_count: 18; random_exploration_count: 26; random_action_prob: 0.2077
make_subtrust -0.01 38
move_asset -0.011250000000000001 48
sell_asset 21.7 21
give_vesting_power 1.5104761904761905 21
update_start: 38; random_action_prob: 0.2066
update_complete: 38; loss: 36.198689778645836; cumulative_reward: 382.7900000000001; invalid_count: 0; positive_reward_count: 12; success_count: 12; episode_count: 17; random_exploration_count: 41; random_action_prob: 0.2066
make_subtrust -0.011428571428571429 35
move_asset -0.006111111111111111 54
sell_asset 17.5885 20
give_vesting_power 1.6710526315789473 19
update_start: 39; random_action_prob: 0.2056
update_complete: 39; loss: 45.14421081542969; cumulative_reward: 477.7600000000003; invalid_count: 0; positive_reward_count: 15; success_count: 15; episode_count: 18; random_exploration_count: 26; random_action_prob: 0.2056
make_subtrust -0.018863636363636364 44
move_asset -0.010227272727272727 44
sell_asset 21.309047619047618 21
give_vesting_power 1.6605263157894736 19
update_start: 40; random_action_prob: 0.2046
update_complete: 40; loss: 53.984110514322914; cumulative_reward: 593.8100000000001; invalid_count: 0; positive_reward_count: 19; success_count: 19; episode_count: 20; random_exploration_count: 29; random_action_prob: 0.2046
make_subtrust -0.01608695652173913 46
move_asset -0.012432432432432434 37
sell_asset 25.889565217391304 23
give_vesting_power -0.020454545454545454 22
update_start: 41; random_action_prob: 0.2036
update_complete: 41; loss: 55.364471435546875; cumulative_reward: 595.2000000000005; invalid_count: 0; positive_reward_count: 19; success_count: 19; episode_count: 20; random_exploration_count: 28; random_action_prob: 0.2036
make_subtrust -0.00870967741935484 31
move_asset -0.0029090909090909093 55
sell_asset 27.08181818181818 22
give_vesting_power -0.0085 20
update_start: 42; random_action_prob: 0.2025
update_complete: 42; loss: 53.30123519897461; cumulative_reward: 607.01; invalid_count: 0; positive_reward_count: 19; success_count: 19; episode_count: 21; random_exploration_count: 27; random_action_prob: 0.2025
make_subtrust -0.00875 32
move_asset -0.0074 50
sell_asset 25.3275 24
give_vesting_power -0.009090909090909092 22
update_start: 43; random_action_prob: 0.2015
update_complete: 43; loss: 48.784735361735024; cumulative_reward: 575.4900000000001; invalid_count: 0; positive_reward_count: 18; success_count: 18; episode_count: 21; random_exploration_count: 27; random_action_prob: 0.2015
make_subtrust -0.005333333333333333 30
move_asset -0.0019642857142857144 56
sell_asset 27.422857142857143 21
give_vesting_power -0.005714285714285714 21
update_start: 44; random_action_prob: 0.2005
update_complete: 44; loss: 48.407230377197266; cumulative_reward: 543.21; invalid_count: 0; positive_reward_count: 17; success_count: 17; episode_count: 20; random_exploration_count: 29; random_action_prob: 0.2005
make_subtrust -0.008064516129032258 31
move_asset -0.004509803921568627 51
sell_asset 21.7548 25
give_vesting_power -0.008571428571428572 21
update_start: 45; random_action_prob: 0.1995
update_complete: 45; loss: 41.65652592976888; cumulative_reward: 479.60000000000036; invalid_count: 0; positive_reward_count: 15; success_count: 15; episode_count: 19; random_exploration_count: 24; random_action_prob: 0.1995
make_subtrust -0.006153846153846154 26
move_asset -0.0011475409836065572 61
sell_asset 23.9965 20
give_vesting_power -0.0047619047619047615 21
update_start: 46; random_action_prob: 0.1985
update_complete: 46; loss: 58.745835622151695; cumulative_reward: 659.0000000000002; invalid_count: 0; positive_reward_count: 21; success_count: 21; episode_count: 22; random_exploration_count: 27; random_action_prob: 0.1985
make_subtrust -0.0078125 32
move_asset -0.0058 50
sell_asset 28.686086956521738 23
give_vesting_power -0.010434782608695651 23
update_start: 47; random_action_prob: 0.1975
update_complete: 47; loss: 54.87026850382487; cumulative_reward: 671.45; invalid_count: 0; positive_reward_count: 21; success_count: 21; episode_count: 23; random_exploration_count: 21; random_action_prob: 0.1975
make_subtrust -0.005161290322580645 31
move_asset -0.003529411764705882 51
sell_asset 30.54272727272727 22
give_vesting_power -0.0062499999999999995 24
update_start: 48; random_action_prob: 0.1965
update_complete: 48; loss: 45.385772705078125; cumulative_reward: 543.3000000000002; invalid_count: 0; positive_reward_count: 17; success_count: 17; episode_count: 21; random_exploration_count: 20; random_action_prob: 0.1965
make_subtrust -0.005666666666666667 30
move_asset -0.0044444444444444444 54
sell_asset 22.66 24
give_vesting_power -0.006500000000000001 20
update_start: 49; random_action_prob: 0.1956
update_complete: 49; loss: 52.499151865641274; cumulative_reward: 593.9000000000001; invalid_count: 0; positive_reward_count: 19; success_count: 19; episode_count: 21; random_exploration_count: 24; random_action_prob: 0.1956
make_subtrust -0.02048780487804878 41
move_asset -0.010930232558139534 43
sell_asset 25.894782608695653 23
give_vesting_power -0.017619047619047618 21
update_start: 50; random_action_prob: 0.1946
update_complete: 50; loss: 49.00227483113607; cumulative_reward: 574.6300000000002; invalid_count: 0; positive_reward_count: 18; success_count: 18; episode_count: 21; random_exploration_count: 20; random_action_prob: 0.1946
make_subtrust -0.0128125 32
move_asset -0.00784313725490196 51
sell_asset 22.655416666666667 24
give_vesting_power 1.5099999999999998 21
update_start: 51; random_action_prob: 0.1936
update_complete: 51; loss: 45.6908327738444; cumulative_reward: 517.3600000000002; invalid_count: 0; positive_reward_count: 17; success_count: 17; episode_count: 21; random_exploration_count: 22; random_action_prob: 0.1936
make_subtrust -0.020476190476190474 42
move_asset -0.020731707317073172 41
sell_asset 21.646666666666665 24
give_vesting_power -0.02142857142857143 21
update_start: 52; random_action_prob: 0.1926
update_complete: 52; loss: 60.08610916137695; cumulative_reward: 689.7; invalid_count: 0; positive_reward_count: 22; success_count: 22; episode_count: 23; random_exploration_count: 20; random_action_prob: 0.1926
make_subtrust -0.01880952380952381 42
move_asset -0.014857142857142857 35
sell_asset 24.69464285714286 28
give_vesting_power -0.019130434782608695 23
update_start: 53; random_action_prob: 0.1917
update_complete: 53; loss: 53.468702952067055; cumulative_reward: 638.7700000000003; invalid_count: 0; positive_reward_count: 20; success_count: 20; episode_count: 22; random_exploration_count: 19; random_action_prob: 0.1917
make_subtrust -0.010833333333333334 36
move_asset -0.007659574468085106 47
sell_asset 29.080454545454543 22
give_vesting_power -0.010869565217391304 23
update_start: 54; random_action_prob: 0.1907
update_complete: 54; loss: 46.945727030436196; cumulative_reward: 543.1900000000003; invalid_count: 0; positive_reward_count: 17; success_count: 17; episode_count: 20; random_exploration_count: 27; random_action_prob: 0.1907
make_subtrust -0.008064516129032258 31
move_asset -0.0038888888888888888 54
sell_asset 24.71681818181818 22
give_vesting_power -0.005714285714285714 21
update_start: 55; random_action_prob: 0.1898
update_complete: 55; loss: 46.154335021972656; cumulative_reward: 531.1700000000002; invalid_count: 0; positive_reward_count: 17; success_count: 17; episode_count: 21; random_exploration_count: 22; random_action_prob: 0.1898
make_subtrust -0.007333333333333333 30
move_asset -0.004629629629629629 54
sell_asset 23.643043478260868 23
give_vesting_power -0.5785714285714285 21
update_start: 56; random_action_prob: 0.1888
update_complete: 56; loss: 47.30798848470052; cumulative_reward: 542.1100000000002; invalid_count: 0; positive_reward_count: 17; success_count: 17; episode_count: 20; random_exploration_count: 30; random_action_prob: 0.1888
make_subtrust -0.016756756756756756 37
move_asset -0.011458333333333334 48
sell_asset 23.259090909090908 22
give_vesting_power 1.5038095238095237 21
update_start: 57; random_action_prob: 0.1879
update_complete: 57; loss: 41.786092122395836; cumulative_reward: 477.58000000000015; invalid_count: 0; positive_reward_count: 15; success_count: 15; episode_count: 19; random_exploration_count: 27; random_action_prob: 0.1879
make_subtrust -0.018333333333333333 36
move_asset -0.01769230769230769 52
sell_asset 22.83809523809524 21
give_vesting_power -0.023157894736842106 19
update_start: 58; random_action_prob: 0.1869
update_complete: 58; loss: 58.347947438557945; cumulative_reward: 702.4000000000002; invalid_count: 0; positive_reward_count: 22; success_count: 22; episode_count: 23; random_exploration_count: 20; random_action_prob: 0.1869
make_subtrust -0.01368421052631579 38
move_asset -0.009534883720930231 43
sell_asset 30.53227272727273 22
give_vesting_power 1.2648000000000001 25
update_start: 59; random_action_prob: 0.1860
update_complete: 59; loss: 53.90160115559896; cumulative_reward: 671.3400000000001; invalid_count: 0; positive_reward_count: 21; success_count: 21; episode_count: 23; random_exploration_count: 21; random_action_prob: 0.1860
make_subtrust -0.008787878787878789 33
move_asset -0.005510204081632653 49
sell_asset 29.21608695652174 23
give_vesting_power -0.0030434782608695656 23
update_start: 60; random_action_prob: 0.1851
update_complete: 60; loss: 42.601139068603516; cumulative_reward: 479.4200000000003; invalid_count: 0; positive_reward_count: 15; success_count: 15; episode_count: 19; random_exploration_count: 28; random_action_prob: 0.1851
make_subtrust -0.005925925925925926 27
move_asset -0.0029032258064516127 62
sell_asset 23.994999999999997 20
give_vesting_power -0.00736842105263158 19
update_start: 61; random_action_prob: 0.1841
update_complete: 61; loss: 58.30186335245768; cumulative_reward: 690.95; invalid_count: 0; positive_reward_count: 22; success_count: 22; episode_count: 23; random_exploration_count: 30; random_action_prob: 0.1841
make_subtrust -0.008529411764705883 34
move_asset -0.006521739130434782 46
sell_asset 30.600434782608694 23
give_vesting_power -0.49079999999999996 25
update_start: 62; random_action_prob: 0.1832
update_complete: 62; loss: 61.23162968953451; cumulative_reward: 703.5200000000002; invalid_count: 0; positive_reward_count: 22; success_count: 22; episode_count: 22; random_exploration_count: 24; random_action_prob: 0.1832
make_subtrust -0.005862068965517241 29
move_asset -0.0016981132075471698 53
sell_asset 29.3275 24
give_vesting_power -0.0036363636363636364 22
update_start: 63; random_action_prob: 0.1823
update_complete: 63; loss: 52.799825032552086; cumulative_reward: 605.7700000000001; invalid_count: 0; positive_reward_count: 19; success_count: 19; episode_count: 21; random_exploration_count: 23; random_action_prob: 0.1823
make_subtrust -0.016666666666666666 45
move_asset -0.01575 40
sell_asset 23.98 24
give_vesting_power 1.664736842105263 19
update_start: 64; random_action_prob: 0.1814
update_complete: 64; loss: 39.68403625488281; cumulative_reward: 388.8300000000002; invalid_count: 0; positive_reward_count: 13; success_count: 13; episode_count: 17; random_exploration_count: 25; random_action_prob: 0.1814
make_subtrust -0.021521739130434783 46
move_asset -0.023333333333333334 39
sell_asset 17.538260869565217 23
give_vesting_power -0.6325000000000001 20
update_start: 65; random_action_prob: 0.1805
update_complete: 65; loss: 44.70139694213867; cumulative_reward: 432.73000000000013; invalid_count: 0; positive_reward_count: 14; success_count: 14; episode_count: 17; random_exploration_count: 26; random_action_prob: 0.1805
make_subtrust -0.02088888888888889 45
move_asset -0.025789473684210525 38
sell_asset 17.4124 25
give_vesting_power -0.033 20
update_start: 66; random_action_prob: 0.1796
update_complete: 66; loss: 47.87161509195963; cumulative_reward: 453.03000000000014; invalid_count: 0; positive_reward_count: 15; success_count: 15; episode_count: 17; random_exploration_count: 25; random_action_prob: 0.1796
make_subtrust -0.01880952380952381 42
move_asset -0.02461538461538462 39
sell_asset 17.515 26
give_vesting_power -0.029047619047619048 21
update_start: 67; random_action_prob: 0.1787
update_complete: 67; loss: 52.72101338704427; cumulative_reward: 541.2100000000003; invalid_count: 0; positive_reward_count: 17; success_count: 17; episode_count: 18; random_exploration_count: 26; random_action_prob: 0.1787
make_subtrust -0.016444444444444446 45
move_asset -0.02024390243902439 41
sell_asset 23.9725 20
give_vesting_power 2.8786363636363634 22
update_start: 68; random_action_prob: 0.1778
update_complete: 68; loss: 64.85023244222005; cumulative_reward: 767.3400000000001; invalid_count: 0; positive_reward_count: 24; success_count: 24; episode_count: 24; random_exploration_count: 13; random_action_prob: 0.1778
make_subtrust -0.00696969696969697 33
move_asset -0.002826086956521739 46
sell_asset 30.7132 25
give_vesting_power -0.005416666666666667 24
update_start: 69; random_action_prob: 0.1769
update_complete: 69; loss: 56.92805099487305; cumulative_reward: 671.5900000000001; invalid_count: 0; positive_reward_count: 21; success_count: 21; episode_count: 22; random_exploration_count: 20; random_action_prob: 0.1769
make_subtrust -0.004333333333333333 30
move_asset -0.0017307692307692306 52
sell_asset 29.21217391304348 23
give_vesting_power -0.0030434782608695656 23
update_start: 70; random_action_prob: 0.1760
update_complete: 70; loss: 49.43138631184896; cumulative_reward: 607.2200000000004; invalid_count: 0; positive_reward_count: 19; success_count: 19; episode_count: 22; random_exploration_count: 27; random_action_prob: 0.1760
make_subtrust -0.007272727272727273 33
move_asset -0.004791666666666667 48
sell_asset 25.327083333333334 24
give_vesting_power -0.006956521739130435 23
update_start: 71; random_action_prob: 0.1751
update_complete: 71; loss: 47.80694834391276; cumulative_reward: 573.4400000000006; invalid_count: 0; positive_reward_count: 18; success_count: 18; episode_count: 21; random_exploration_count: 26; random_action_prob: 0.1751
make_subtrust -0.018863636363636364 44
move_asset -0.017948717948717947 39
sell_asset 27.407142857142855 21
give_vesting_power -0.024166666666666666 24
update_start: 72; random_action_prob: 0.1743
update_complete: 72; loss: 41.26941680908203; cumulative_reward: 444.8700000000003; invalid_count: 0; positive_reward_count: 14; success_count: 14; episode_count: 18; random_exploration_count: 19; random_action_prob: 0.1743
make_subtrust -0.022195121951219515 41
move_asset -0.02288888888888889 45
sell_asset 26.33294117647059 17
give_vesting_power -0.034 25
update_start: 73; random_action_prob: 0.1734
update_complete: 73; loss: 53.091180165608726; cumulative_reward: 604.9800000000002; invalid_count: 0; positive_reward_count: 19; success_count: 19; episode_count: 21; random_exploration_count: 23; random_action_prob: 0.1734
make_subtrust -0.020714285714285713 42
move_asset -0.02425 40
sell_asset 25.020434782608696 23
give_vesting_power 1.3630434782608696 23
update_start: 74; random_action_prob: 0.1725
update_complete: 74; loss: 55.234633127848305; cumulative_reward: 636.4500000000003; invalid_count: 0; positive_reward_count: 20; success_count: 20; episode_count: 21; random_exploration_count: 26; random_action_prob: 0.1725
make_subtrust -0.0246 50
move_asset -0.028484848484848488 33
sell_asset 26.633750000000003 24
give_vesting_power -0.028095238095238093 21
update_start: 75; random_action_prob: 0.1717
update_complete: 75; loss: 64.35550944010417; cumulative_reward: 766.1800000000005; invalid_count: 0; positive_reward_count: 24; success_count: 24; episode_count: 24; random_exploration_count: 19; random_action_prob: 0.1717
make_subtrust -0.01564102564102564 39
move_asset -0.009999999999999998 40
sell_asset 30.65041666666667 24
give_vesting_power 1.2631999999999999 25
update_start: 76; random_action_prob: 0.1708
update_complete: 76; loss: 55.51933034261068; cumulative_reward: 703.3800000000001; invalid_count: 0; positive_reward_count: 22; success_count: 22; episode_count: 24; random_exploration_count: 18; random_action_prob: 0.1708
make_subtrust -0.005 32
move_asset -0.0035555555555555557 45
sell_asset 26.06851851851852 27
give_vesting_power -0.0062499999999999995 24
update_start: 77; random_action_prob: 0.1699
update_complete: 77; loss: 47.00798670450846; cumulative_reward: 542.4300000000005; invalid_count: 0; positive_reward_count: 17; success_count: 17; episode_count: 20; random_exploration_count: 24; random_action_prob: 0.1699
make_subtrust -0.014722222222222223 36
move_asset -0.0094 50
sell_asset 21.805909090909093 22
give_vesting_power 3.1849999999999996 20
update_start: 78; random_action_prob: 0.1691
update_complete: 78; loss: 50.54630915323893; cumulative_reward: 562.5900000000004; invalid_count: 0; positive_reward_count: 18; success_count: 18; episode_count: 21; random_exploration_count: 30; random_action_prob: 0.1691
make_subtrust -0.011891891891891892 37
move_asset -0.007500000000000001 44
sell_asset 21.677307692307693 26
give_vesting_power -0.011904761904761904 21
update_start: 79; random_action_prob: 0.1683
update_complete: 79; loss: 44.21269607543945; cumulative_reward: 511.4; invalid_count: 0; positive_reward_count: 16; success_count: 16; episode_count: 20; random_exploration_count: 23; random_action_prob: 0.1683
make_subtrust -0.008518518518518519 27
move_asset -0.002295081967213115 61
sell_asset 22.256521739130434 23
give_vesting_power -0.007647058823529412 17
update_start: 80; random_action_prob: 0.1674
update_complete: 80; loss: 61.02238337198893; cumulative_reward: 722.3900000000004; invalid_count: 0; positive_reward_count: 23; success_count: 23; episode_count: 24; random_exploration_count: 20; random_action_prob: 0.1674
make_subtrust -0.014871794871794871 39
move_asset -0.009487179487179488 39
sell_asset 28.295384615384613 26
give_vesting_power -0.5141666666666667 24
update_start: 81; random_action_prob: 0.1666
update_complete: 81; loss: 51.26141230265299; cumulative_reward: 606.0500000000004; invalid_count: 0; positive_reward_count: 19; success_count: 19; episode_count: 21; random_exploration_count: 15; random_action_prob: 0.1666
make_subtrust -0.016052631578947367 38
move_asset -0.013191489361702127 47
sell_asset 25.02782608695652 23
give_vesting_power 1.582 20
update_start: 82; random_action_prob: 0.1657
update_complete: 82; loss: 56.82171630859375; cumulative_reward: 636.9600000000005; invalid_count: 0; positive_reward_count: 20; success_count: 20; episode_count: 21; random_exploration_count: 13; random_action_prob: 0.1657
make_subtrust -0.022000000000000002 50
move_asset -0.02057142857142857 35
sell_asset 26.407391304347826 23
give_vesting_power 1.5705 20
update_start: 83; random_action_prob: 0.1649
update_complete: 83; loss: 46.336594899495445; cumulative_reward: 508.65000000000026; invalid_count: 0; positive_reward_count: 16; success_count: 16; episode_count: 19; random_exploration_count: 23; random_action_prob: 0.1649
make_subtrust -0.021666666666666664 54
move_asset -0.0271875 32
sell_asset 23.244545454545456 22
give_vesting_power -0.0345 20
update_start: 84; random_action_prob: 0.1641
update_complete: 84; loss: 53.777198791503906; cumulative_reward: 571.9000000000003; invalid_count: 0; positive_reward_count: 18; success_count: 18; episode_count: 19; random_exploration_count: 21; random_action_prob: 0.1641
make_subtrust -0.02490566037735849 53
move_asset -0.035625000000000004 32
sell_asset 27.392380952380954 21
give_vesting_power -0.04 22
update_start: 85; random_action_prob: 0.1633
update_complete: 85; loss: 61.962074279785156; cumulative_reward: 734.3600000000004; invalid_count: 0; positive_reward_count: 23; success_count: 23; episode_count: 23; random_exploration_count: 24; random_action_prob: 0.1633
make_subtrust -0.014878048780487804 41
move_asset -0.008292682926829269 41
sell_asset 31.984347826086957 23
give_vesting_power -0.014347826086956523 23
update_start: 86; random_action_prob: 0.1625
update_complete: 86; loss: 51.29680379231771; cumulative_reward: 607.4400000000002; invalid_count: 0; positive_reward_count: 19; success_count: 19; episode_count: 21; random_exploration_count: 22; random_action_prob: 0.1625
make_subtrust -0.006333333333333333 30
move_asset -0.0030188679245283017 53
sell_asset 24.314 25
give_vesting_power -0.003 20
update_start: 87; random_action_prob: 0.1616
update_complete: 87; loss: 55.05982208251953; cumulative_reward: 627.1200000000001; invalid_count: 0; positive_reward_count: 20; success_count: 20; episode_count: 22; random_exploration_count: 24; random_action_prob: 0.1616
make_subtrust -0.007714285714285715 35
move_asset -0.00425531914893617 47
sell_asset 26.15625 24
give_vesting_power -0.007272727272727273 22
update_start: 88; random_action_prob: 0.1608
update_complete: 88; loss: 59.25223286946615; cumulative_reward: 735.3100000000002; invalid_count: 0; positive_reward_count: 23; success_count: 23; episode_count: 24; random_exploration_count: 12; random_action_prob: 0.1608
make_subtrust -0.008125 32
move_asset -0.003404255319148936 47
sell_asset 29.4344 25
give_vesting_power -0.005416666666666667 24
update_start: 89; random_action_prob: 0.1600
update_complete: 89; loss: 50.46234385172526; cumulative_reward: 573.74; invalid_count: 0; positive_reward_count: 18; success_count: 18; episode_count: 20; random_exploration_count: 20; random_action_prob: 0.1600
make_subtrust -0.01711111111111111 45
move_asset -0.014250000000000002 40
sell_asset 26.16181818181818 22
give_vesting_power -0.02285714285714286 21
update_start: 90; random_action_prob: 0.1592
update_complete: 90; loss: 57.73398081461588; cumulative_reward: 669.7900000000006; invalid_count: 0; positive_reward_count: 21; success_count: 21; episode_count: 22; random_exploration_count: 19; random_action_prob: 0.1592
make_subtrust -0.015777777777777776 45
move_asset -0.014864864864864866 37
sell_asset 29.19608695652174 23
give_vesting_power -0.02 23
update_start: 91; random_action_prob: 0.1584
update_complete: 91; loss: 56.98908615112305; cumulative_reward: 670.0200000000002; invalid_count: 0; positive_reward_count: 21; success_count: 21; episode_count: 22; random_exploration_count: 21; random_action_prob: 0.1584
make_subtrust -0.017 40
move_asset -0.011904761904761904 42
sell_asset 29.20130434782609 23
give_vesting_power -0.018695652173913044 23
update_start: 92; random_action_prob: 0.1576
update_complete: 92; loss: 58.01286824544271; cumulative_reward: 702.6400000000002; invalid_count: 0; positive_reward_count: 22; success_count: 22; episode_count: 23; random_exploration_count: 17; random_action_prob: 0.1576
make_subtrust -0.013421052631578948 38
move_asset -0.007954545454545454 44
sell_asset 30.598260869565216 23
give_vesting_power -0.011304347826086957 23
update_start: 93; random_action_prob: 0.1569
update_complete: 93; loss: 60.86805725097656; cumulative_reward: 767.5600000000001; invalid_count: 0; positive_reward_count: 24; success_count: 24; episode_count: 25; random_exploration_count: 18; random_action_prob: 0.1569
make_subtrust -0.004516129032258064 31
move_asset -0.0019565217391304345 46
sell_asset 29.534230769230767 26
give_vesting_power -0.004 25
update_start: 94; random_action_prob: 0.1561
update_complete: 94; loss: 58.74362564086914; cumulative_reward: 702.8300000000004; invalid_count: 0; positive_reward_count: 22; success_count: 22; episode_count: 23; random_exploration_count: 21; random_action_prob: 0.1561
make_subtrust -0.01 38
move_asset -0.005609756097560975 41
sell_asset 29.322916666666668 24
give_vesting_power -0.0124 25
update_start: 95; random_action_prob: 0.1553
update_complete: 95; loss: 57.576690673828125; cumulative_reward: 669.6600000000004; invalid_count: 0; positive_reward_count: 21; success_count: 21; episode_count: 22; random_exploration_count: 23; random_action_prob: 0.1553
make_subtrust -0.017234042553191487 47
move_asset -0.016388888888888887 36
sell_asset 29.195652173913043 23
give_vesting_power -0.02 22
update_start: 96; random_action_prob: 0.1545
update_complete: 96; loss: 64.57314809163411; cumulative_reward: 767.1500000000002; invalid_count: 0; positive_reward_count: 24; success_count: 24; episode_count: 24; random_exploration_count: 16; random_action_prob: 0.1545
make_subtrust -0.01 33
move_asset -0.0029787234042553193 47
sell_asset 30.657916666666665 24
give_vesting_power 1.32625 24
update_start: 97; random_action_prob: 0.1537
update_complete: 97; loss: 55.553619384765625; cumulative_reward: 606.8400000000003; invalid_count: 0; positive_reward_count: 19; success_count: 19; episode_count: 20; random_exploration_count: 25; random_action_prob: 0.1537
make_subtrust -0.012777777777777779 36
move_asset -0.004313725490196078 51
sell_asset 28.937142857142856 21
give_vesting_power -0.008 20
update_start: 98; random_action_prob: 0.1530
update_complete: 98; loss: 60.059288024902344; cumulative_reward: 734.3200000000003; invalid_count: 0; positive_reward_count: 23; success_count: 23; episode_count: 24; random_exploration_count: 25; random_action_prob: 0.1530
make_subtrust -0.013414634146341465 41
move_asset -0.010789473684210526 38
sell_asset 30.65125 24
give_vesting_power -0.013999999999999999 25
update_start: 99; random_action_prob: 0.1522
update_complete: 99; loss: 62.287923177083336; cumulative_reward: 734.9300000000005; invalid_count: 0; positive_reward_count: 23; success_count: 23; episode_count: 23; random_exploration_count: 25; random_action_prob: 0.1522
make_subtrust -0.010555555555555556 36
move_asset -0.004761904761904762 42
sell_asset 26.064444444444444 27
give_vesting_power 1.381304347826087 23
2026-08-07T15:19:28 completed distressed_assets run=3 elapsed_seconds=1153.96 updates_logged=100
2026-08-07T15:19:28 running distressed_assets run=4 seed=1733
env_variant: HardTaxEnv
update_start: 0; random_action_prob: 0.2500
update_complete: 0; loss: 20.847134272257488; cumulative_reward: 119.88999999999999; invalid_count: 0; positive_reward_count: 5; success_count: 5; episode_count: 13; random_exploration_count: 27; random_action_prob: 0.2500
make_subtrust -0.025098039215686273 51
move_asset -0.035250000000000004 40
sell_asset 3.3714814814814815 27
give_vesting_power 3.1550000000000002 10
update_start: 1; random_action_prob: 0.2487
update_complete: 1; loss: 11.709372520446777; cumulative_reward: 68.6100000000001; invalid_count: 0; positive_reward_count: 3; success_count: 3; episode_count: 13; random_exploration_count: 36; random_action_prob: 0.2487
make_subtrust -0.02634615384615385 52
move_asset -0.026842105263157896 38
sell_asset 1.1866666666666665 33
give_vesting_power 6.368 5
update_start: 2; random_action_prob: 0.2475
update_complete: 2; loss: 20.661197662353516; cumulative_reward: 175.53999999999996; invalid_count: 0; positive_reward_count: 6; success_count: 6; episode_count: 14; random_exploration_count: 33; random_action_prob: 0.2475
make_subtrust -0.024181818181818183 55
move_asset -0.04225 40
sell_asset 9.5545 20
give_vesting_power -0.9638461538461539 13
update_start: 3; random_action_prob: 0.2463
update_complete: 3; loss: 18.144893646240234; cumulative_reward: 164.73999999999978; invalid_count: 0; positive_reward_count: 6; success_count: 6; episode_count: 14; random_exploration_count: 30; random_action_prob: 0.2463
make_subtrust -0.022083333333333333 48
move_asset -0.02354166666666667 48
sell_asset 7.017619047619048 21
give_vesting_power 1.778181818181818 11
update_start: 4; random_action_prob: 0.2450
update_complete: 4; loss: 26.461410522460938; cumulative_reward: 183.76000000000008; invalid_count: 0; positive_reward_count: 7; success_count: 7; episode_count: 14; random_exploration_count: 34; random_action_prob: 0.2450
make_subtrust -0.026037735849056606 53
move_asset -0.03702702702702703 37
sell_asset 7.189230769230769 26
give_vesting_power -0.03416666666666667 12
update_start: 5; random_action_prob: 0.2438
update_complete: 5; loss: 33.20729319254557; cumulative_reward: 303.47999999999973; invalid_count: 0; positive_reward_count: 10; success_count: 10; episode_count: 15; random_exploration_count: 29; random_action_prob: 0.2438
make_subtrust -0.026000000000000002 60
move_asset -0.04310344827586207 29
sell_asset 13.35086956521739 23
give_vesting_power -0.04875 16
update_start: 6; random_action_prob: 0.2426
update_complete: 6; loss: 31.15691630045573; cumulative_reward: 259.34999999999974; invalid_count: 0; positive_reward_count: 9; success_count: 9; episode_count: 15; random_exploration_count: 38; random_action_prob: 0.2426
make_subtrust -0.026166666666666668 60
move_asset -0.043939393939393945 33
sell_asset 12.166842105263157 19
give_vesting_power 1.95 16
update_start: 7; random_action_prob: 0.2414
update_complete: 7; loss: 22.07575861612956; cumulative_reward: 163.50000000000003; invalid_count: 0; positive_reward_count: 6; success_count: 6; episode_count: 14; random_exploration_count: 23; random_action_prob: 0.2414
make_subtrust -0.029661016949152543 59
move_asset -0.03702702702702703 37
sell_asset 6.69 22
give_vesting_power 1.9439999999999997 10
update_start: 8; random_action_prob: 0.2402
update_complete: 8; loss: 10.19886843363444; cumulative_reward: 81.9; invalid_count: 0; positive_reward_count: 3; success_count: 3; episode_count: 14; random_exploration_count: 23; random_action_prob: 0.2402
make_subtrust -0.029375 48
move_asset -0.006750000000000001 40
sell_asset 2.3258333333333336 36
give_vesting_power -0.0375 4
update_start: 9; random_action_prob: 0.2390
update_complete: 9; loss: 33.3333625793457; cumulative_reward: 304.4499999999999; invalid_count: 0; positive_reward_count: 10; success_count: 10; episode_count: 15; random_exploration_count: 20; random_action_prob: 0.2390
make_subtrust -0.024339622641509434 53
move_asset -0.029142857142857144 35
sell_asset 12.280384615384616 26
give_vesting_power -0.8949999999999999 14
update_start: 10; random_action_prob: 0.2378
update_complete: 10; loss: 37.59791946411133; cumulative_reward: 368.0399999999999; invalid_count: 0; positive_reward_count: 12; success_count: 12; episode_count: 16; random_exploration_count: 21; random_action_prob: 0.2378
make_subtrust -0.026610169491525424 59
move_asset -0.030937500000000003 32
sell_asset 13.568 25
give_vesting_power 2.6166666666666667 12
update_start: 11; random_action_prob: 0.2366
update_complete: 11; loss: 43.48468144734701; cumulative_reward: 411.45000000000005; invalid_count: 0; positive_reward_count: 13; success_count: 13; episode_count: 16; random_exploration_count: 32; random_action_prob: 0.2366
make_subtrust -0.02934426229508197 61
move_asset -0.03724137931034483 29
sell_asset 18.04869565217391 23
give_vesting_power -0.05333333333333334 15
update_start: 12; random_action_prob: 0.2354
update_complete: 12; loss: 32.15531794230143; cumulative_reward: 270.91999999999996; invalid_count: 0; positive_reward_count: 9; success_count: 9; episode_count: 14; random_exploration_count: 36; random_action_prob: 0.2354
make_subtrust -0.028983050847457628 59
move_asset -0.04787878787878788 33
sell_asset 13.66904761904762 21
give_vesting_power -0.8560000000000001 15
update_start: 13; random_action_prob: 0.2342
update_complete: 13; loss: 34.1719970703125; cumulative_reward: 322.91; invalid_count: 0; positive_reward_count: 11; success_count: 11; episode_count: 16; random_exploration_count: 27; random_action_prob: 0.2342
make_subtrust -0.028035714285714285 56
move_asset -0.04838709677419355 31
sell_asset 15.405 22
give_vesting_power -0.6805263157894736 19
update_start: 14; random_action_prob: 0.2331
update_complete: 14; loss: 37.543287913004555; cumulative_reward: 266.62; invalid_count: 0; positive_reward_count: 10; success_count: 10; episode_count: 15; random_exploration_count: 32; random_action_prob: 0.2331
make_subtrust -0.030491803278688525 61
move_asset -0.047419354838709675 31
sell_asset 14.256315789473684 19
give_vesting_power -0.054117647058823534 17
update_start: 15; random_action_prob: 0.2319
update_complete: 15; loss: 46.36975606282552; cumulative_reward: 443.6399999999997; invalid_count: 0; positive_reward_count: 14; success_count: 14; episode_count: 16; random_exploration_count: 32; random_action_prob: 0.2319
make_subtrust -0.02745762711864407 59
move_asset -0.03612903225806452 31
sell_asset 21.853684210526314 19
give_vesting_power 1.64 19
update_start: 16; random_action_prob: 0.2307
update_complete: 16; loss: 35.88995488484701; cumulative_reward: 334.60000000000014; invalid_count: 0; positive_reward_count: 11; success_count: 11; episode_count: 15; random_exploration_count: 34; random_action_prob: 0.2307
make_subtrust -0.030338983050847458 59
move_asset -0.04870967741935484 31
sell_asset 18.832222222222224 18
give_vesting_power -0.054000000000000006 20
update_start: 17; random_action_prob: 0.2296
update_complete: 17; loss: 39.766241709391274; cumulative_reward: 366.4100000000003; invalid_count: 0; positive_reward_count: 12; success_count: 12; episode_count: 16; random_exploration_count: 28; random_action_prob: 0.2296
make_subtrust -0.03344262295081967 61
move_asset -0.051000000000000004 30
sell_asset 19.946470588235293 17
give_vesting_power 1.5444999999999998 20
update_start: 18; random_action_prob: 0.2284
update_complete: 18; loss: 34.28659184773763; cumulative_reward: 302.4000000000001; invalid_count: 0; positive_reward_count: 10; success_count: 10; episode_count: 14; random_exploration_count: 33; random_action_prob: 0.2284
make_subtrust -0.03345454545454546 55
move_asset -0.045384615384615384 39
sell_asset 16.17470588235294 17
give_vesting_power 1.8258823529411765 17
update_start: 19; random_action_prob: 0.2273
update_complete: 19; loss: 43.54559071858724; cumulative_reward: 398.20000000000033; invalid_count: 0; positive_reward_count: 13; success_count: 13; episode_count: 15; random_exploration_count: 26; random_action_prob: 0.2273
make_subtrust -0.035 58
move_asset -0.0493939393939394 33
sell_asset 17.657619047619047 21
give_vesting_power 1.940625 16
update_start: 20; random_action_prob: 0.2262
update_complete: 20; loss: 23.13994534810384; cumulative_reward: 218.66000000000003; invalid_count: 0; positive_reward_count: 7; success_count: 7; episode_count: 14; random_exploration_count: 32; random_action_prob: 0.2262
make_subtrust -0.03529411764705882 51
move_asset -0.0391304347826087 46
sell_asset 18.6225 12
give_vesting_power -0.06368421052631579 19
update_start: 21; random_action_prob: 0.2250
update_complete: 21; loss: 38.86815897623698; cumulative_reward: 379.1400000000005; invalid_count: 0; positive_reward_count: 12; success_count: 12; episode_count: 16; random_exploration_count: 37; random_action_prob: 0.2250
make_subtrust -0.031818181818181815 55
move_asset -0.039 40
sell_asset 19.15 20
give_vesting_power -0.04230769230769231 13
update_start: 22; random_action_prob: 0.2239
update_complete: 22; loss: 42.29281997680664; cumulative_reward: 411.0200000000002; invalid_count: 0; positive_reward_count: 13; success_count: 13; episode_count: 16; random_exploration_count: 25; random_action_prob: 0.2239
make_subtrust -0.030517241379310344 58
move_asset -0.04083333333333333 36
sell_asset 19.1485 20
give_vesting_power 2.235 14
update_start: 23; random_action_prob: 0.2228
update_complete: 23; loss: 56.103230794270836; cumulative_reward: 538.9300000000001; invalid_count: 0; positive_reward_count: 17; success_count: 17; episode_count: 17; random_exploration_count: 24; random_action_prob: 0.2228
make_subtrust -0.0325 60
move_asset -0.03806451612903226 31
sell_asset 26.896315789473682 19
give_vesting_power 1.723888888888889 18
update_start: 24; random_action_prob: 0.2217
update_complete: 24; loss: 33.86178716023763; cumulative_reward: 326.8700000000001; invalid_count: 0; positive_reward_count: 11; success_count: 11; episode_count: 17; random_exploration_count: 26; random_action_prob: 0.2217
make_subtrust -0.018333333333333333 30
move_asset -0.0031666666666666666 60
sell_asset 14.657142857142858 21
give_vesting_power 1.1652941176470588 17
update_start: 25; random_action_prob: 0.2206
update_complete: 25; loss: 45.926377614339195; cumulative_reward: 478.3400000000001; invalid_count: 0; positive_reward_count: 15; success_count: 15; episode_count: 18; random_exploration_count: 33; random_action_prob: 0.2206
make_subtrust -0.018235294117647058 34
move_asset -0.007894736842105263 57
sell_asset 22.386 20
give_vesting_power 1.8641176470588237 17
update_start: 26; random_action_prob: 0.2195
update_complete: 26; loss: 55.276999155680336; cumulative_reward: 605.6900000000002; invalid_count: 0; positive_reward_count: 19; success_count: 19; episode_count: 20; random_exploration_count: 26; random_action_prob: 0.2195
make_subtrust -0.023170731707317073 41
move_asset -0.010465116279069767 43
sell_asset 26.41217391304348 23
give_vesting_power -0.018571428571428572 21
update_start: 27; random_action_prob: 0.2184
update_complete: 27; loss: 51.80521901448568; cumulative_reward: 572.8700000000005; invalid_count: 0; positive_reward_count: 18; success_count: 18; episode_count: 20; random_exploration_count: 28; random_action_prob: 0.2184
make_subtrust -0.02372093023255814 43
move_asset -0.02175 40
sell_asset 23.0136 25
give_vesting_power -0.028999999999999998 20
update_start: 28; random_action_prob: 0.2173
update_complete: 28; loss: 38.49004618326823; cumulative_reward: 389.9400000000002; invalid_count: 0; positive_reward_count: 13; success_count: 13; episode_count: 18; random_exploration_count: 29; random_action_prob: 0.2173
make_subtrust -0.02 35
move_asset -0.01076923076923077 52
sell_asset 18.342727272727274 22
give_vesting_power -0.6494736842105263 19
update_start: 29; random_action_prob: 0.2162
update_complete: 29; loss: 52.77919896443685; cumulative_reward: 606.5800000000003; invalid_count: 0; positive_reward_count: 19; success_count: 19; episode_count: 21; random_exploration_count: 26; random_action_prob: 0.2162
make_subtrust -0.013142857142857144 35
move_asset -0.008627450980392156 51
sell_asset 24.71409090909091 22
give_vesting_power 3.1885000000000003 20
update_start: 30; random_action_prob: 0.2151
update_complete: 30; loss: 26.921815236409504; cumulative_reward: 284.8900000000001; invalid_count: 0; positive_reward_count: 9; success_count: 9; episode_count: 16; random_exploration_count: 27; random_action_prob: 0.2151
make_subtrust -0.026756756756756758 37
move_asset -0.021272727272727276 55
sell_asset 14.199444444444445 18
give_vesting_power 1.7477777777777779 18
update_start: 31; random_action_prob: 0.2140
update_complete: 31; loss: 48.75974782307943; cumulative_reward: 529.2300000000002; invalid_count: 0; positive_reward_count: 17; success_count: 17; episode_count: 20; random_exploration_count: 22; random_action_prob: 0.2140
make_subtrust -0.022 40
move_asset -0.01822222222222222 45
sell_asset 24.155909090909088 22
give_vesting_power -0.023809523809523808 21
update_start: 32; random_action_prob: 0.2130
update_complete: 32; loss: 59.27414576212565; cumulative_reward: 657.4099999999999; invalid_count: 0; positive_reward_count: 21; success_count: 21; episode_count: 21; random_exploration_count: 22; random_action_prob: 0.2130
make_subtrust -0.02 43
move_asset -0.017368421052631578 38
sell_asset 27.979583333333334 24
give_vesting_power -0.5469565217391305 23
update_start: 33; random_action_prob: 0.2119
update_complete: 33; loss: 48.57380294799805; cumulative_reward: 529.0000000000002; invalid_count: 0; positive_reward_count: 17; success_count: 17; episode_count: 19; random_exploration_count: 15; random_action_prob: 0.2119
make_subtrust -0.023636363636363636 44
move_asset -0.01880952380952381 42
sell_asset 26.573 20
give_vesting_power -0.028636363636363637 22
update_start: 34; random_action_prob: 0.2108
update_complete: 34; loss: 43.89618937174479; cumulative_reward: 399.49000000000035; invalid_count: 0; positive_reward_count: 13; success_count: 13; episode_count: 16; random_exploration_count: 24; random_action_prob: 0.2108
make_subtrust -0.03244444444444444 45
move_asset -0.030000000000000002 45
sell_asset 21.84470588235294 17
give_vesting_power 1.4733333333333332 21
update_start: 35; random_action_prob: 0.2098
update_complete: 35; loss: 48.66218694051107; cumulative_reward: 474.25000000000045; invalid_count: 0; positive_reward_count: 15; success_count: 15; episode_count: 17; random_exploration_count: 23; random_action_prob: 0.2098
make_subtrust -0.03464285714285714 56
move_asset -0.049411764705882356 34
sell_asset 24.83555555555556 18
give_vesting_power 1.5414999999999999 20
update_start: 36; random_action_prob: 0.2087
update_complete: 36; loss: 46.59833653767904; cumulative_reward: 441.6400000000004; invalid_count: 0; positive_reward_count: 14; success_count: 14; episode_count: 16; random_exploration_count: 23; random_action_prob: 0.2087
make_subtrust -0.03888888888888889 63
move_asset -0.056206896551724145 29
sell_asset 19.748571428571427 21
give_vesting_power 2.066666666666667 15
update_start: 37; random_action_prob: 0.2077
update_complete: 37; loss: 40.89008712768555; cumulative_reward: 377.51000000000033; invalid_count: 0; positive_reward_count: 12; success_count: 12; episode_count: 15; random_exploration_count: 22; random_action_prob: 0.2077
make_subtrust -0.0384375 64
move_asset -0.059310344827586216 29
sell_asset 20.639411764705883 17
give_vesting_power 1.7122222222222223 18
update_start: 38; random_action_prob: 0.2066
update_complete: 38; loss: 56.62834040323893; cumulative_reward: 570.4000000000004; invalid_count: 0; positive_reward_count: 18; success_count: 18; episode_count: 18; random_exploration_count: 14; random_action_prob: 0.2066
make_subtrust -0.034126984126984124 63
move_asset -0.05 25
sell_asset 28.57842105263158 19
give_vesting_power 1.467142857142857 21
update_start: 39; random_action_prob: 0.2056
update_complete: 39; loss: 57.85912068684896; cumulative_reward: 668.6200000000009; invalid_count: 0; positive_reward_count: 21; success_count: 21; episode_count: 22; random_exploration_count: 25; random_action_prob: 0.2056
make_subtrust -0.023749999999999997 48
move_asset -0.0253125 32
sell_asset 26.8488 25
give_vesting_power -0.02826086956521739 23
update_start: 40; random_action_prob: 0.2046
update_complete: 40; loss: 47.1773312886556; cumulative_reward: 511.23; invalid_count: 0; positive_reward_count: 16; success_count: 16; episode_count: 19; random_exploration_count: 16; random_action_prob: 0.2046
make_subtrust -0.009310344827586208 29
move_asset -0.003934426229508197 61
sell_asset 26.94105263157895 19
give_vesting_power -0.00736842105263158 19
update_start: 41; random_action_prob: 0.2036
update_complete: 41; loss: 37.994171142578125; cumulative_reward: 415.58000000000004; invalid_count: 0; positive_reward_count: 13; success_count: 13; episode_count: 18; random_exploration_count: 25; random_action_prob: 0.2036
make_subtrust -0.008 25
move_asset -0.0015384615384615385 65
sell_asset 18.905454545454546 22
give_vesting_power -0.0025 16
update_start: 42; random_action_prob: 0.2025
update_complete: 42; loss: 59.418582916259766; cumulative_reward: 639.6900000000002; invalid_count: 0; positive_reward_count: 20; success_count: 20; episode_count: 20; random_exploration_count: 28; random_action_prob: 0.2025
make_subtrust -0.002962962962962963 27
move_asset -0.0010714285714285715 56
sell_asset 25.5952 25
give_vesting_power -0.0025 20
update_start: 43; random_action_prob: 0.2015
update_complete: 43; loss: 49.18835576375326; cumulative_reward: 531.6; invalid_count: 0; positive_reward_count: 17; success_count: 17; episode_count: 20; random_exploration_count: 26; random_action_prob: 0.2015
make_subtrust -0.0036 25
move_asset -0.0015 60
sell_asset 23.647391304347824 23
give_vesting_power -0.6054999999999999 20
update_start: 44; random_action_prob: 0.2005
update_complete: 44; loss: 47.06671269734701; cumulative_reward: 543.7200000000001; invalid_count: 0; positive_reward_count: 17; success_count: 17; episode_count: 20; random_exploration_count: 23; random_action_prob: 0.2005
make_subtrust -0.0036 25
move_asset -0.00125 64
sell_asset 27.196499999999997 20
give_vesting_power -0.002105263157894737 19
update_start: 45; random_action_prob: 0.1995
update_complete: 45; loss: 50.48285166422526; cumulative_reward: 542.3000000000002; invalid_count: 0; positive_reward_count: 17; success_count: 17; episode_count: 19; random_exploration_count: 32; random_action_prob: 0.1995
make_subtrust -0.013513513513513514 37
move_asset -0.010392156862745099 51
sell_asset 20.347727272727273 22
give_vesting_power 5.315555555555555 18
update_start: 46; random_action_prob: 0.1985
update_complete: 46; loss: 55.89445877075195; cumulative_reward: 606.9300000000005; invalid_count: 0; positive_reward_count: 19; success_count: 19; episode_count: 20; random_exploration_count: 23; random_action_prob: 0.1985
make_subtrust -0.00896551724137931 29
move_asset -0.0067857142857142855 56
sell_asset 27.62590909090909 22
give_vesting_power -0.009523809523809523 21
update_start: 47; random_action_prob: 0.1975
update_complete: 47; loss: 43.22956975301107; cumulative_reward: 478.5100000000002; invalid_count: 0; positive_reward_count: 15; success_count: 15; episode_count: 19; random_exploration_count: 21; random_action_prob: 0.1975
make_subtrust -0.014838709677419354 31
move_asset -0.008596491228070175 57
sell_asset 19.465217391304346 23
give_vesting_power 1.8682352941176472 17
update_start: 48; random_action_prob: 0.1965
update_complete: 48; loss: 57.053653717041016; cumulative_reward: 670.3500000000005; invalid_count: 0; positive_reward_count: 21; success_count: 21; episode_count: 22; random_exploration_count: 24; random_action_prob: 0.1965
make_subtrust -0.013243243243243243 37
move_asset -0.009318181818181817 44
sell_asset 27.80913043478261 23
give_vesting_power 1.3183333333333334 24
update_start: 49; random_action_prob: 0.1956
update_complete: 49; loss: 47.633565266927086; cumulative_reward: 497.39000000000004; invalid_count: 0; positive_reward_count: 16; success_count: 16; episode_count: 18; random_exploration_count: 29; random_action_prob: 0.1956
make_subtrust -0.02357142857142857 42
move_asset -0.016200000000000003 50
sell_asset 24.61 19
give_vesting_power 1.8588235294117648 17
update_start: 50; random_action_prob: 0.1946
update_complete: 50; loss: 54.38074239095052; cumulative_reward: 605.4100000000003; invalid_count: 0; positive_reward_count: 19; success_count: 19; episode_count: 20; random_exploration_count: 27; random_action_prob: 0.1946
make_subtrust -0.02357142857142857 42
move_asset -0.015348837209302326 43
sell_asset 27.61318181818182 22
give_vesting_power -0.020476190476190474 21
update_start: 51; random_action_prob: 0.1936
update_complete: 51; loss: 45.52523930867513; cumulative_reward: 509.09000000000054; invalid_count: 0; positive_reward_count: 16; success_count: 16; episode_count: 19; random_exploration_count: 21; random_action_prob: 0.1936
make_subtrust -0.022222222222222223 45
move_asset -0.01975 40
sell_asset 23.975 20
give_vesting_power 1.3643478260869564 23
update_start: 52; random_action_prob: 0.1926
update_complete: 52; loss: 38.61820856730143; cumulative_reward: 432.20000000000044; invalid_count: 0; positive_reward_count: 14; success_count: 14; episode_count: 18; random_exploration_count: 27; random_action_prob: 0.1926
make_subtrust -0.029183673469387755 49
move_asset -0.028250000000000004 40
sell_asset 20.1715 20
give_vesting_power 1.6489473684210525 19
update_start: 53; random_action_prob: 0.1917
update_complete: 53; loss: 57.1314951578776; cumulative_reward: 637.9400000000005; invalid_count: 0; positive_reward_count: 20; success_count: 20; episode_count: 21; random_exploration_count: 32; random_action_prob: 0.1917
make_subtrust -0.016578947368421054 38
move_asset -0.010444444444444444 45
sell_asset 26.413478260869564 23
give_vesting_power 1.4331818181818183 22
update_start: 54; random_action_prob: 0.1907
update_complete: 54; loss: 53.18174489339193; cumulative_reward: 605.4700000000001; invalid_count: 0; positive_reward_count: 19; success_count: 19; episode_count: 21; random_exploration_count: 24; random_action_prob: 0.1907
make_subtrust -0.02 42
move_asset -0.018250000000000002 40
sell_asset 25.314166666666665 24
give_vesting_power -0.022727272727272728 22
update_start: 55; random_action_prob: 0.1898
update_complete: 55; loss: 54.26334762573242; cumulative_reward: 594.7400000000004; invalid_count: 0; positive_reward_count: 19; success_count: 19; episode_count: 20; random_exploration_count: 23; random_action_prob: 0.1898
make_subtrust -0.013428571428571429 35
move_asset -0.0058 50
sell_asset 22.15625 24
give_vesting_power 3.3552631578947367 19
update_start: 56; random_action_prob: 0.1888
update_complete: 56; loss: 56.31882985432943; cumulative_reward: 639.0800000000003; invalid_count: 0; positive_reward_count: 20; success_count: 20; episode_count: 21; random_exploration_count: 25; random_action_prob: 0.1888
make_subtrust -0.0084375 32
move_asset -0.0040384615384615385 52
sell_asset 27.816086956521737 23
give_vesting_power -0.01 21
update_start: 57; random_action_prob: 0.1879
update_complete: 57; loss: 45.41629155476888; cumulative_reward: 542.8200000000005; invalid_count: 0; positive_reward_count: 17; success_count: 17; episode_count: 20; random_exploration_count: 25; random_action_prob: 0.1879
make_subtrust -0.012647058823529412 34
move_asset -0.005686274509803921 51
sell_asset 24.71772727272727 22
give_vesting_power -0.011904761904761904 21
update_start: 58; random_action_prob: 0.1869
update_complete: 58; loss: 54.64268239339193; cumulative_reward: 581.8600000000004; invalid_count: 0; positive_reward_count: 19; success_count: 19; episode_count: 21; random_exploration_count: 21; random_action_prob: 0.1869
make_subtrust -0.017272727272727273 44
move_asset -0.011842105263157895 38
sell_asset 22.0616 25
give_vesting_power 1.5014285714285716 21
update_start: 59; random_action_prob: 0.1860
update_complete: 59; loss: 51.74589157104492; cumulative_reward: 560.6000000000007; invalid_count: 0; positive_reward_count: 18; success_count: 18; episode_count: 20; random_exploration_count: 14; random_action_prob: 0.1860
make_subtrust -0.023265306122448978 49
move_asset -0.02411764705882353 34
sell_asset 26.826666666666668 21
give_vesting_power -0.03333333333333333 24
update_start: 60; random_action_prob: 0.1851
update_complete: 60; loss: 43.07500712076823; cumulative_reward: 464.3200000000004; invalid_count: 0; positive_reward_count: 15; success_count: 15; episode_count: 18; random_exploration_count: 20; random_action_prob: 0.1851
make_subtrust -0.026956521739130435 46
move_asset -0.02526315789473684 38
sell_asset 20.315652173913044 23
give_vesting_power -0.035238095238095235 21
update_start: 61; random_action_prob: 0.1841
update_complete: 61; loss: 60.37608210245768; cumulative_reward: 667.81; invalid_count: 0; positive_reward_count: 21; success_count: 21; episode_count: 21; random_exploration_count: 14; random_action_prob: 0.1841
make_subtrust -0.029298245614035087 57
move_asset -0.03214285714285715 28
sell_asset 30.43761904761905 21
give_vesting_power 1.4177272727272727 22
update_start: 62; random_action_prob: 0.1832
update_complete: 62; loss: 39.478553771972656; cumulative_reward: 479.0400000000002; invalid_count: 0; positive_reward_count: 15; success_count: 15; episode_count: 20; random_exploration_count: 25; random_action_prob: 0.1832
make_subtrust -0.010624999999999999 32
move_asset -0.004130434782608695 46
sell_asset 17.134285714285713 28
give_vesting_power -0.008636363636363636 22
update_start: 63; random_action_prob: 0.1823
update_complete: 63; loss: 56.148475646972656; cumulative_reward: 638.0600000000006; invalid_count: 0; positive_reward_count: 20; success_count: 20; episode_count: 21; random_exploration_count: 25; random_action_prob: 0.1823
make_subtrust -0.01743589743589744 39
move_asset -0.010454545454545454 44
sell_asset 27.80826086956522 23
give_vesting_power -0.017727272727272727 22
update_start: 64; random_action_prob: 0.1814
update_complete: 64; loss: 42.51024500528971; cumulative_reward: 509.42; invalid_count: 0; positive_reward_count: 16; success_count: 16; episode_count: 20; random_exploration_count: 25; random_action_prob: 0.1814
make_subtrust -0.023333333333333334 45
move_asset -0.01846153846153846 39
sell_asset 19.980416666666667 24
give_vesting_power 1.583 20
update_start: 65; random_action_prob: 0.1805
update_complete: 65; loss: 45.90774408976237; cumulative_reward: 508.6000000000004; invalid_count: 0; positive_reward_count: 16; success_count: 16; episode_count: 19; random_exploration_count: 28; random_action_prob: 0.1805
make_subtrust -0.0275 52
move_asset -0.022647058823529412 34
sell_asset 22.234347826086957 23
give_vesting_power -0.031052631578947373 19
update_start: 66; random_action_prob: 0.1796
update_complete: 66; loss: 57.4489860534668; cumulative_reward: 624.5200000000004; invalid_count: 0; positive_reward_count: 20; success_count: 20; episode_count: 21; random_exploration_count: 22; random_action_prob: 0.1796
make_subtrust -0.023469387755102038 49
move_asset -0.028181818181818183 33
sell_asset 25.09 25
give_vesting_power -0.030952380952380953 21
update_start: 67; random_action_prob: 0.1787
update_complete: 67; loss: 57.56641642252604; cumulative_reward: 668.6900000000005; invalid_count: 0; positive_reward_count: 21; success_count: 21; episode_count: 22; random_exploration_count: 20; random_action_prob: 0.1787
make_subtrust -0.024999999999999998 48
move_asset -0.023125 32
sell_asset 27.9725 24
give_vesting_power -0.029583333333333336 24
update_start: 68; random_action_prob: 0.1778
update_complete: 68; loss: 40.47521845499674; cumulative_reward: 453.48; invalid_count: 0; positive_reward_count: 15; success_count: 15; episode_count: 19; random_exploration_count: 25; random_action_prob: 0.1778
make_subtrust -0.02048780487804878 41
move_asset -0.019761904761904765 42
sell_asset 16.9412 25
give_vesting_power 1.581 20
update_start: 69; random_action_prob: 0.1769
update_complete: 69; loss: 47.98217646280924; cumulative_reward: 573.9900000000005; invalid_count: 0; positive_reward_count: 18; success_count: 18; episode_count: 21; random_exploration_count: 22; random_action_prob: 0.1769
make_subtrust -0.01775 40
move_asset -0.012195121951219513 41
sell_asset 22.13423076923077 26
give_vesting_power -0.013809523809523808 21
update_start: 70; random_action_prob: 0.1760
update_complete: 70; loss: 45.05419413248698; cumulative_reward: 530.4900000000005; invalid_count: 0; positive_reward_count: 17; success_count: 17; episode_count: 21; random_exploration_count: 25; random_action_prob: 0.1760
make_subtrust -0.015789473684210527 38
move_asset -0.008780487804878048 41
sell_asset 21.268800000000002 25
give_vesting_power -0.011250000000000001 24
update_start: 71; random_action_prob: 0.1751
update_complete: 71; loss: 50.8031260172526; cumulative_reward: 572.7000000000004; invalid_count: 0; positive_reward_count: 18; success_count: 18; episode_count: 20; random_exploration_count: 23; random_action_prob: 0.1751
make_subtrust -0.026734693877551022 49
move_asset -0.01945945945945946 37
sell_asset 26.151818181818182 22
give_vesting_power -0.0305 20
update_start: 72; random_action_prob: 0.1743
update_complete: 72; loss: 64.00043487548828; cumulative_reward: 765.3300000000006; invalid_count: 0; positive_reward_count: 24; success_count: 24; episode_count: 24; random_exploration_count: 15; random_action_prob: 0.1743
make_subtrust -0.018 45
move_asset -0.0203125 32
sell_asset 28.285 26
give_vesting_power 1.2552 25
update_start: 73; random_action_prob: 0.1734
update_complete: 73; loss: 56.22750727335612; cumulative_reward: 625.0200000000007; invalid_count: 0; positive_reward_count: 20; success_count: 20; episode_count: 20; random_exploration_count: 26; random_action_prob: 0.1734
make_subtrust -0.022222222222222223 45
move_asset -0.019736842105263157 38
sell_asset 28.354285714285716 21
give_vesting_power 1.3054166666666667 24
update_start: 74; random_action_prob: 0.1725
update_complete: 74; loss: 41.461421966552734; cumulative_reward: 478.4600000000001; invalid_count: 0; positive_reward_count: 15; success_count: 15; episode_count: 19; random_exploration_count: 26; random_action_prob: 0.1725
make_subtrust -0.018611111111111113 36
move_asset -0.008043478260869565 46
sell_asset 20.354545454545455 22
give_vesting_power 1.3208333333333333 24
update_start: 75; random_action_prob: 0.1717
update_complete: 75; loss: 51.740525563557945; cumulative_reward: 575.1600000000002; invalid_count: 0; positive_reward_count: 18; success_count: 18; episode_count: 20; random_exploration_count: 22; random_action_prob: 0.1717
make_subtrust -0.01129032258064516 31
move_asset -0.0031481481481481477 54
sell_asset 22.25304347826087 23
give_vesting_power 3.193 20
update_start: 76; random_action_prob: 0.1708
update_complete: 76; loss: 58.531856536865234; cumulative_reward: 703.2500000000003; invalid_count: 0; positive_reward_count: 22; success_count: 22; episode_count: 23; random_exploration_count: 31; random_action_prob: 0.1708
make_subtrust -0.008064516129032258 31
move_asset -0.003673469387755102 49
sell_asset 25.838846153846152 26
give_vesting_power 1.4486363636363635 22
update_start: 77; random_action_prob: 0.1699
update_complete: 77; loss: 51.79545974731445; cumulative_reward: 627.4400000000002; invalid_count: 0; positive_reward_count: 20; success_count: 20; episode_count: 22; random_exploration_count: 27; random_action_prob: 0.1699
make_subtrust -0.007666666666666666 30
move_asset -0.0022916666666666667 48
sell_asset 23.255185185185184 27
give_vesting_power -0.004782608695652174 23
update_start: 78; random_action_prob: 0.1691
update_complete: 78; loss: 65.03376770019531; cumulative_reward: 798.6900000000004; invalid_count: 0; positive_reward_count: 25; success_count: 25; episode_count: 25; random_exploration_count: 15; random_action_prob: 0.1691
make_subtrust -0.012307692307692308 39
move_asset -0.0060526315789473685 38
sell_asset 29.525769230769228 26
give_vesting_power 1.2692 25
update_start: 79; random_action_prob: 0.1683
update_complete: 79; loss: 59.60534413655599; cumulative_reward: 733.3800000000006; invalid_count: 0; positive_reward_count: 23; success_count: 23; episode_count: 24; random_exploration_count: 17; random_action_prob: 0.1683
make_subtrust -0.01826086956521739 46
move_asset -0.020937499999999998 32
sell_asset 29.4188 25
give_vesting_power -0.0232 25
update_start: 80; random_action_prob: 0.1674
update_complete: 80; loss: 54.21498489379883; cumulative_reward: 671.3000000000002; invalid_count: 0; positive_reward_count: 21; success_count: 21; episode_count: 23; random_exploration_count: 21; random_action_prob: 0.1674
make_subtrust -0.007741935483870968 31
move_asset -0.004130434782608695 46
sell_asset 25.839615384615385 26
give_vesting_power -0.004 25
update_start: 81; random_action_prob: 0.1666
update_complete: 81; loss: 63.876302083333336; cumulative_reward: 767.0400000000003; invalid_count: 0; positive_reward_count: 24; success_count: 24; episode_count: 24; random_exploration_count: 21; random_action_prob: 0.1666
make_subtrust -0.01 33
move_asset -0.004782608695652174 46
sell_asset 30.658749999999998 24
give_vesting_power 1.2712 25
update_start: 82; random_action_prob: 0.1657
update_complete: 82; loss: 59.43310674031576; cumulative_reward: 735.1800000000005; invalid_count: 0; positive_reward_count: 23; success_count: 23; episode_count: 24; random_exploration_count: 19; random_action_prob: 0.1657
make_subtrust -0.006764705882352941 34
move_asset -0.004666666666666666 45
sell_asset 29.430799999999998 25
give_vesting_power -0.0062499999999999995 24
update_start: 83; random_action_prob: 0.1649
update_complete: 83; loss: 51.312853495279946; cumulative_reward: 606.2500000000007; invalid_count: 0; positive_reward_count: 19; success_count: 19; episode_count: 21; random_exploration_count: 24; random_action_prob: 0.1649
make_subtrust -0.016999999999999998 40
move_asset -0.009487179487179488 39
sell_asset 25.319166666666664 24
give_vesting_power -0.0144 25
update_start: 84; random_action_prob: 0.1641
update_complete: 84; loss: 59.24401982625326; cumulative_reward: 734.7800000000002; invalid_count: 0; positive_reward_count: 23; success_count: 23; episode_count: 24; random_exploration_count: 26; random_action_prob: 0.1641
make_subtrust -0.012307692307692308 39
move_asset -0.00575 40
sell_asset 26.8684 25
give_vesting_power 2.6575 24
update_start: 85; random_action_prob: 0.1633
update_complete: 85; loss: 63.47985712687174; cumulative_reward: 767.5300000000003; invalid_count: 0; positive_reward_count: 24; success_count: 24; episode_count: 24; random_exploration_count: 18; random_action_prob: 0.1633
make_subtrust -0.0036666666666666666 30
move_asset -0.0028571428571428567 49
sell_asset 31.995416666666667 24
give_vesting_power -0.0044 25
update_start: 86; random_action_prob: 0.1625
update_complete: 86; loss: 52.42886225382487; cumulative_reward: 670.95; invalid_count: 0; positive_reward_count: 21; success_count: 21; episode_count: 23; random_exploration_count: 28; random_action_prob: 0.1625
make_subtrust -0.012058823529411764 34
move_asset -0.008043478260869565 46
sell_asset 25.327083333333334 24
give_vesting_power 2.6616666666666666 24
update_start: 87; random_action_prob: 0.1616
update_complete: 87; loss: 61.663201649983726; cumulative_reward: 799.0300000000007; invalid_count: 0; positive_reward_count: 25; success_count: 25; episode_count: 26; random_exploration_count: 26; random_action_prob: 0.1616
make_subtrust -0.007714285714285715 35
move_asset -0.0075 40
sell_asset 29.532307692307693 26
give_vesting_power 1.1762962962962962 27
update_start: 88; random_action_prob: 0.1608
update_complete: 88; loss: 65.87050882975261; cumulative_reward: 830.1300000000009; invalid_count: 0; positive_reward_count: 26; success_count: 26; episode_count: 26; random_exploration_count: 18; random_action_prob: 0.1608
make_subtrust -0.015476190476190477 42
move_asset -0.01088235294117647 34
sell_asset 30.75230769230769 26
give_vesting_power 1.215 26
update_start: 89; random_action_prob: 0.1600
update_complete: 89; loss: 53.67004648844401; cumulative_reward: 638.1600000000005; invalid_count: 0; positive_reward_count: 20; success_count: 20; episode_count: 22; random_exploration_count: 29; random_action_prob: 0.1600
make_subtrust -0.013999999999999999 40
move_asset -0.01282051282051282 39
sell_asset 23.36923076923077 26
give_vesting_power 1.374782608695652 23
update_start: 90; random_action_prob: 0.1592
update_complete: 90; loss: 54.35067367553711; cumulative_reward: 671.2200000000003; invalid_count: 0; positive_reward_count: 21; success_count: 21; episode_count: 23; random_exploration_count: 26; random_action_prob: 0.1592
make_subtrust -0.006666666666666667 33
move_asset -0.006808510638297872 47
sell_asset 25.038695652173914 23
give_vesting_power 3.8348 25
update_start: 91; random_action_prob: 0.1584
update_complete: 91; loss: 62.96111043294271; cumulative_reward: 734.7100000000006; invalid_count: 0; positive_reward_count: 23; success_count: 23; episode_count: 23; random_exploration_count: 27; random_action_prob: 0.1584
make_subtrust -0.010263157894736842 38
move_asset -0.006585365853658537 41
sell_asset 28.294999999999998 26
give_vesting_power -0.013043478260869565 23
update_start: 92; random_action_prob: 0.1576
update_complete: 92; loss: 63.838680267333984; cumulative_reward: 831.6300000000003; invalid_count: 0; positive_reward_count: 26; success_count: 26; episode_count: 26; random_exploration_count: 21; random_action_prob: 0.1576
make_subtrust -0.0025806451612903226 31
move_asset -0.004418604651162791 43
sell_asset 27.426785714285717 28
give_vesting_power 2.4596153846153843 26
update_start: 93; random_action_prob: 0.1569
update_complete: 93; loss: 65.19110616048177; cumulative_reward: 830.4000000000009; invalid_count: 0; positive_reward_count: 26; success_count: 26; episode_count: 26; random_exploration_count: 20; random_action_prob: 0.1569
make_subtrust -0.011627906976744186 43
move_asset -0.010624999999999999 32
sell_asset 29.613703703703706 27
give_vesting_power 1.218076923076923 26
update_start: 94; random_action_prob: 0.1561
update_complete: 94; loss: 65.42316436767578; cumulative_reward: 863.4500000000004; invalid_count: 0; positive_reward_count: 27; success_count: 27; episode_count: 27; random_exploration_count: 19; random_action_prob: 0.1561
make_subtrust -0.004285714285714286 35
move_asset -0.004210526315789474 38
sell_asset 31.994814814814816 27
give_vesting_power -0.0035714285714285713 28
update_start: 95; random_action_prob: 0.1553
update_complete: 95; loss: 64.30525461832683; cumulative_reward: 767.3900000000001; invalid_count: 0; positive_reward_count: 24; success_count: 24; episode_count: 24; random_exploration_count: 21; random_action_prob: 0.1553
make_subtrust -0.00696969696969697 33
move_asset -0.002826086956521739 46
sell_asset 29.32625 24
give_vesting_power 2.5568 25
update_start: 96; random_action_prob: 0.1545
update_complete: 96; loss: 62.24034118652344; cumulative_reward: 831.6300000000003; invalid_count: 0; positive_reward_count: 26; success_count: 26; episode_count: 27; random_exploration_count: 21; random_action_prob: 0.1545
make_subtrust -0.002857142857142857 35
move_asset -0.003684210526315789 38
sell_asset 30.81259259259259 27
give_vesting_power -0.0025 28
update_start: 97; random_action_prob: 0.1537
update_complete: 97; loss: 49.67984517415365; cumulative_reward: 562.9000000000004; invalid_count: 0; positive_reward_count: 18; success_count: 18; episode_count: 21; random_exploration_count: 23; random_action_prob: 0.1537
make_subtrust -0.014166666666666668 36
move_asset -0.004418604651162791 43
sell_asset 20.88148148148148 27
give_vesting_power -0.00909090909090909 22
update_start: 98; random_action_prob: 0.1530
update_complete: 98; loss: 64.13267517089844; cumulative_reward: 831.3100000000005; invalid_count: 0; positive_reward_count: 26; success_count: 26; episode_count: 26; random_exploration_count: 22; random_action_prob: 0.1530
make_subtrust -0.006111111111111111 36
move_asset -0.003684210526315789 38
sell_asset 30.763076923076923 26
give_vesting_power 1.1367857142857143 28
update_start: 99; random_action_prob: 0.1522
update_complete: 99; loss: 64.39530944824219; cumulative_reward: 831.3800000000006; invalid_count: 0; positive_reward_count: 26; success_count: 26; episode_count: 26; random_exploration_count: 17; random_action_prob: 0.1522
make_subtrust -0.004999999999999999 34
move_asset -0.0033333333333333335 39
sell_asset 26.28 28
give_vesting_power 3.5496296296296297 27
2026-08-07T15:36:17 completed distressed_assets run=4 elapsed_seconds=1009.08 updates_logged=100
2026-08-07T15:36:17 running distressed_assets run=5 seed=1734
env_variant: HardTaxEnv
update_start: 0; random_action_prob: 0.2500
update_complete: 0; loss: 18.094545046488445; cumulative_reward: 121.98; invalid_count: 0; positive_reward_count: 4; success_count: 4; episode_count: 13; random_exploration_count: 28; random_action_prob: 0.2500
make_subtrust -0.03660377358490566 53
move_asset -0.05435897435897436 39
sell_asset 2.2342857142857144 28
give_vesting_power 7.935 8
update_start: 1; random_action_prob: 0.2487
update_complete: 1; loss: 17.484952926635742; cumulative_reward: 154.59000000000015; invalid_count: 0; positive_reward_count: 5; success_count: 5; episode_count: 13; random_exploration_count: 28; random_action_prob: 0.2487
make_subtrust -0.03666666666666667 54
move_asset -0.046756756756756765 37
sell_asset 3.267586206896552 29
give_vesting_power 7.9425 8
update_start: 2; random_action_prob: 0.2475
update_complete: 2; loss: 21.485754648844402; cumulative_reward: 185.93000000000012; invalid_count: 0; positive_reward_count: 6; success_count: 6; episode_count: 13; random_exploration_count: 30; random_action_prob: 0.2475
make_subtrust -0.036071428571428574 56
move_asset -0.055588235294117654 34
sell_asset 5.871851851851852 27
give_vesting_power 2.8454545454545457 11
update_start: 3; random_action_prob: 0.2463
update_complete: 3; loss: 37.13913091023763; cumulative_reward: 333.59000000000026; invalid_count: 0; positive_reward_count: 11; success_count: 11; episode_count: 15; random_exploration_count: 29; random_action_prob: 0.2463
make_subtrust -0.036875 64
move_asset -0.06296296296296297 27
sell_asset 15.3375 20
give_vesting_power 1.8176470588235294 17
update_start: 4; random_action_prob: 0.2450
update_complete: 4; loss: 39.49314626057943; cumulative_reward: 378.57000000000005; invalid_count: 0; positive_reward_count: 12; success_count: 12; episode_count: 16; random_exploration_count: 34; random_action_prob: 0.2450
make_subtrust -0.03389830508474576 59
move_asset -0.047419354838709675 31
sell_asset 15.192857142857143 21
give_vesting_power 3.705294117647059 17
update_start: 5; random_action_prob: 0.2438
update_complete: 5; loss: 20.668229420979817; cumulative_reward: 174.57000000000014; invalid_count: 0; positive_reward_count: 6; success_count: 6; episode_count: 14; random_exploration_count: 33; random_action_prob: 0.2438
make_subtrust -0.034423076923076924 52
move_asset -0.0461764705882353 34
sell_asset 6.874615384615385 26
give_vesting_power -0.050625 16
update_start: 6; random_action_prob: 0.2426
update_complete: 6; loss: 19.870162963867188; cumulative_reward: 208.82; invalid_count: 0; positive_reward_count: 7; success_count: 7; episode_count: 15; random_exploration_count: 31; random_action_prob: 0.2426
make_subtrust -0.030204081632653063 49
move_asset -0.020263157894736844 38
sell_asset 8.4592 25
give_vesting_power -0.025625000000000002 16
update_start: 7; random_action_prob: 0.2414
update_complete: 7; loss: 36.03960927327474; cumulative_reward: 311.7500000000002; invalid_count: 0; positive_reward_count: 11; success_count: 11; episode_count: 16; random_exploration_count: 28; random_action_prob: 0.2414
make_subtrust -0.02923076923076923 52
move_asset -0.0372972972972973 37
sell_asset 11.42090909090909 22
give_vesting_power 3.728823529411765 17
update_start: 8; random_action_prob: 0.2402
update_complete: 8; loss: 32.05886967976888; cumulative_reward: 291.43000000000023; invalid_count: 0; positive_reward_count: 10; success_count: 10; episode_count: 15; random_exploration_count: 22; random_action_prob: 0.2402
make_subtrust -0.032363636363636365 55
move_asset -0.0359375 32
sell_asset 12.797916666666666 24
give_vesting_power -0.7523529411764706 17
update_start: 9; random_action_prob: 0.2390
update_complete: 9; loss: 49.26209259033203; cumulative_reward: 483.3900000000004; invalid_count: 0; positive_reward_count: 16; success_count: 16; episode_count: 18; random_exploration_count: 25; random_action_prob: 0.2390
make_subtrust -0.033166666666666664 60
move_asset -0.034074074074074076 27
sell_asset 22.140454545454546 22
give_vesting_power -0.041578947368421056 19
update_start: 10; random_action_prob: 0.2378
update_complete: 10; loss: 40.72473398844401; cumulative_reward: 410.93000000000035; invalid_count: 0; positive_reward_count: 13; success_count: 13; episode_count: 16; random_exploration_count: 27; random_action_prob: 0.2378
make_subtrust -0.03283018867924528 53
move_asset -0.04264705882352941 34
sell_asset 21.85105263157895 19
give_vesting_power -0.04772727272727273 22
update_start: 11; random_action_prob: 0.2366
update_complete: 11; loss: 36.789475758870445; cumulative_reward: 322.62000000000006; invalid_count: 0; positive_reward_count: 11; success_count: 11; episode_count: 16; random_exploration_count: 24; random_action_prob: 0.2366
make_subtrust -0.03148148148148148 54
move_asset -0.04971428571428571 35
sell_asset 14.754499999999998 20
give_vesting_power 1.63 19
update_start: 12; random_action_prob: 0.2354
update_complete: 12; loss: 40.06477610270182; cumulative_reward: 399.5600000000005; invalid_count: 0; positive_reward_count: 13; success_count: 13; episode_count: 16; random_exploration_count: 31; random_action_prob: 0.2354
make_subtrust -0.0325 52
move_asset -0.03235294117647059 34
sell_asset 14.845999999999998 25
give_vesting_power 1.8352941176470587 17
update_start: 13; random_action_prob: 0.2342
update_complete: 13; loss: 33.44079335530599; cumulative_reward: 348.4600000000003; invalid_count: 0; positive_reward_count: 11; success_count: 11; episode_count: 16; random_exploration_count: 25; random_action_prob: 0.2342
make_subtrust -0.026808510638297874 47
move_asset -0.02475 40
sell_asset 13.307083333333333 24
give_vesting_power 1.8435294117647059 17
update_start: 14; random_action_prob: 0.2331
update_complete: 14; loss: 41.66429138183594; cumulative_reward: 444.4300000000001; invalid_count: 0; positive_reward_count: 14; success_count: 14; episode_count: 18; random_exploration_count: 23; random_action_prob: 0.2331
make_subtrust -0.03 49
move_asset -0.022500000000000003 36
sell_asset 17.20423076923077 26
give_vesting_power -0.03529411764705883 17
update_start: 15; random_action_prob: 0.2319
update_complete: 15; loss: 28.914674758911133; cumulative_reward: 283.9000000000001; invalid_count: 0; positive_reward_count: 9; success_count: 9; episode_count: 15; random_exploration_count: 32; random_action_prob: 0.2319
make_subtrust -0.033773584905660375 53
move_asset -0.026000000000000002 35
sell_asset 11.493599999999999 25
give_vesting_power -0.04933333333333333 15
update_start: 16; random_action_prob: 0.2307
update_complete: 16; loss: 38.63549550374349; cumulative_reward: 379.4600000000003; invalid_count: 0; positive_reward_count: 12; success_count: 12; episode_count: 16; random_exploration_count: 26; random_action_prob: 0.2307
make_subtrust -0.03216666666666667 60
move_asset -0.03310344827586207 29
sell_asset 15.964166666666666 24
give_vesting_power -0.05266666666666667 15
update_start: 17; random_action_prob: 0.2296
update_complete: 17; loss: 36.78024164835612; cumulative_reward: 401.2800000000002; invalid_count: 0; positive_reward_count: 13; success_count: 13; episode_count: 18; random_exploration_count: 21; random_action_prob: 0.2296
make_subtrust -0.02608695652173913 46
move_asset -0.016857142857142855 35
sell_asset 13.01516129032258 31
give_vesting_power -0.025 16
update_start: 18; random_action_prob: 0.2284
update_complete: 18; loss: 31.473722457885742; cumulative_reward: 314.7300000000002; invalid_count: 0; positive_reward_count: 10; success_count: 10; episode_count: 16; random_exploration_count: 28; random_action_prob: 0.2284
make_subtrust -0.03375 56
move_asset -0.04612903225806452 31
sell_asset 14.506363636363636 22
give_vesting_power -0.05736842105263158 19
update_start: 19; random_action_prob: 0.2273
update_complete: 19; loss: 30.753794987996418; cumulative_reward: 271.4900000000002; invalid_count: 0; positive_reward_count: 9; success_count: 9; episode_count: 15; random_exploration_count: 27; random_action_prob: 0.2273
make_subtrust -0.03283018867924528 53
move_asset -0.03529411764705883 34
sell_asset 10.191851851851853 27
give_vesting_power -0.05357142857142857 14
update_start: 20; random_action_prob: 0.2262
update_complete: 20; loss: 38.6238759358724; cumulative_reward: 355.1099999999999; invalid_count: 0; positive_reward_count: 12; success_count: 12; episode_count: 16; random_exploration_count: 28; random_action_prob: 0.2262
make_subtrust -0.03321428571428572 56
move_asset -0.03870967741935484 31
sell_asset 12.575 26
give_vesting_power 2.0813333333333333 15
update_start: 21; random_action_prob: 0.2250
update_complete: 21; loss: 34.74598693847656; cumulative_reward: 336.19999999999993; invalid_count: 0; positive_reward_count: 11; success_count: 11; episode_count: 15; random_exploration_count: 24; random_action_prob: 0.2250
make_subtrust -0.02717391304347826 46
move_asset -0.029736842105263162 38
sell_asset 14.757391304347827 23
give_vesting_power -0.04 21
update_start: 22; random_action_prob: 0.2239
update_complete: 22; loss: 54.11650848388672; cumulative_reward: 507.03; invalid_count: 0; positive_reward_count: 16; success_count: 16; episode_count: 16; random_exploration_count: 25; random_action_prob: 0.2239
make_subtrust -0.030338983050847458 59
move_asset -0.0425 32
sell_asset 28.39333333333333 18
give_vesting_power -0.04736842105263158 19
update_start: 23; random_action_prob: 0.2228
update_complete: 23; loss: 42.943440755208336; cumulative_reward: 431.9800000000005; invalid_count: 0; positive_reward_count: 14; success_count: 14; episode_count: 17; random_exploration_count: 28; random_action_prob: 0.2228
make_subtrust -0.027636363636363636 55
move_asset -0.0296969696969697 33
sell_asset 19.783636363636365 22
give_vesting_power -0.042222222222222223 18
update_start: 24; random_action_prob: 0.2217
update_complete: 24; loss: 39.491217295328774; cumulative_reward: 344.0099999999999; invalid_count: 0; positive_reward_count: 12; success_count: 12; episode_count: 16; random_exploration_count: 21; random_action_prob: 0.2217
make_subtrust -0.027547169811320753 53
move_asset -0.03206896551724138 29
sell_asset 13.888799999999998 25
give_vesting_power -0.03904761904761905 21
update_start: 25; random_action_prob: 0.2206
update_complete: 25; loss: 45.10765711466471; cumulative_reward: 419.4999999999999; invalid_count: 0; positive_reward_count: 14; success_count: 14; episode_count: 17; random_exploration_count: 26; random_action_prob: 0.2206
make_subtrust -0.028688524590163935 61
move_asset -0.04142857142857143 28
sell_asset 21.160999999999998 20
give_vesting_power -0.04263157894736842 19
update_start: 26; random_action_prob: 0.2195
update_complete: 26; loss: 36.86285146077474; cumulative_reward: 368.4700000000002; invalid_count: 0; positive_reward_count: 12; success_count: 12; episode_count: 17; random_exploration_count: 30; random_action_prob: 0.2195
make_subtrust -0.027636363636363636 55
move_asset -0.024516129032258065 31
sell_asset 14.8544 25
give_vesting_power -0.03588235294117647 17
update_start: 27; random_action_prob: 0.2184
update_complete: 27; loss: 45.048954010009766; cumulative_reward: 452.88000000000056; invalid_count: 0; positive_reward_count: 15; success_count: 15; episode_count: 18; random_exploration_count: 20; random_action_prob: 0.2184
make_subtrust -0.02729166666666667 48
move_asset -0.018 35
sell_asset 18.218 25
give_vesting_power -0.0315 20
update_start: 28; random_action_prob: 0.2173
update_complete: 28; loss: 49.76044591267904; cumulative_reward: 507.23000000000025; invalid_count: 0; positive_reward_count: 16; success_count: 16; episode_count: 18; random_exploration_count: 25; random_action_prob: 0.2173
make_subtrust -0.03241379310344828 58
move_asset -0.033 30
sell_asset 26.899473684210523 19
give_vesting_power -0.047142857142857146 21
update_start: 29; random_action_prob: 0.2162
update_complete: 29; loss: 45.82006072998047; cumulative_reward: 476.43; invalid_count: 0; positive_reward_count: 15; success_count: 15; episode_count: 18; random_exploration_count: 28; random_action_prob: 0.2162
make_subtrust -0.026170212765957445 47
move_asset -0.025897435897435896 39
sell_asset 23.973 20
give_vesting_power -0.03590909090909091 22
update_start: 30; random_action_prob: 0.2151
update_complete: 30; loss: 40.65118662516276; cumulative_reward: 443.98999999999995; invalid_count: 0; positive_reward_count: 14; success_count: 14; episode_count: 18; random_exploration_count: 27; random_action_prob: 0.2151
make_subtrust -0.027358490566037737 53
move_asset -0.03090909090909091 33
sell_asset 21.3 21
give_vesting_power -0.04 21
update_start: 31; random_action_prob: 0.2140
update_complete: 31; loss: 38.82538350423177; cumulative_reward: 389.74000000000007; invalid_count: 0; positive_reward_count: 13; success_count: 13; episode_count: 17; random_exploration_count: 33; random_action_prob: 0.2140
make_subtrust -0.02024390243902439 41
move_asset -0.014222222222222223 45
sell_asset 15.6644 25
give_vesting_power -0.023529411764705882 17
update_start: 32; random_action_prob: 0.2130
update_complete: 32; loss: 47.70911661783854; cumulative_reward: 517.1100000000001; invalid_count: 0; positive_reward_count: 17; success_count: 17; episode_count: 19; random_exploration_count: 36; random_action_prob: 0.2130
make_subtrust -0.02 46
move_asset -0.021621621621621623 37
sell_asset 21.637916666666666 24
give_vesting_power -0.02285714285714286 21
update_start: 33; random_action_prob: 0.2119
update_complete: 33; loss: 49.43989181518555; cumulative_reward: 541.1300000000007; invalid_count: 0; positive_reward_count: 17; success_count: 17; episode_count: 19; random_exploration_count: 27; random_action_prob: 0.2119
make_subtrust -0.021521739130434783 46
move_asset -0.02025 40
sell_asset 25.576 20
give_vesting_power 1.4277272727272727 22
update_start: 34; random_action_prob: 0.2108
update_complete: 34; loss: 42.65576044718424; cumulative_reward: 421.7700000000001; invalid_count: 0; positive_reward_count: 14; success_count: 14; episode_count: 18; random_exploration_count: 27; random_action_prob: 0.2108
make_subtrust -0.017894736842105265 38
move_asset -0.013636363636363636 44
sell_asset 18.416086956521738 23
give_vesting_power -0.022608695652173914 23
update_start: 35; random_action_prob: 0.2098
update_complete: 35; loss: 61.53876876831055; cumulative_reward: 753.7500000000011; invalid_count: 0; positive_reward_count: 24; success_count: 24; episode_count: 24; random_exploration_count: 28; random_action_prob: 0.2098
make_subtrust -0.015454545454545453 44
move_asset -0.015999999999999997 35
sell_asset 30.698400000000003 25
give_vesting_power -0.5195833333333333 24
update_start: 36; random_action_prob: 0.2087
update_complete: 36; loss: 39.23222859700521; cumulative_reward: 415.21000000000004; invalid_count: 0; positive_reward_count: 13; success_count: 13; episode_count: 17; random_exploration_count: 26; random_action_prob: 0.2087
make_subtrust -0.01161290322580645 31
move_asset -0.002857142857142857 63
sell_asset 27.72533333333333 15
give_vesting_power -0.006842105263157895 19
update_start: 37; random_action_prob: 0.2077
update_complete: 37; loss: 37.29464594523112; cumulative_reward: 371.41999999999996; invalid_count: 0; positive_reward_count: 12; success_count: 12; episode_count: 17; random_exploration_count: 24; random_action_prob: 0.2077
make_subtrust -0.007083333333333334 24
move_asset -0.0024242424242424242 66
sell_asset 17.89 19
give_vesting_power 1.6757894736842105 19
update_start: 38; random_action_prob: 0.2066
update_complete: 38; loss: 46.600023905436196; cumulative_reward: 530.1700000000002; invalid_count: 0; positive_reward_count: 17; success_count: 17; episode_count: 19; random_exploration_count: 23; random_action_prob: 0.2066
make_subtrust -0.01611111111111111 36
move_asset -0.0096 50
sell_asset 22.381 20
give_vesting_power 3.8004545454545453 22
update_start: 39; random_action_prob: 0.2056
update_complete: 39; loss: 56.60415776570638; cumulative_reward: 592.7000000000003; invalid_count: 0; positive_reward_count: 19; success_count: 19; episode_count: 20; random_exploration_count: 27; random_action_prob: 0.2056
make_subtrust -0.022500000000000003 48
move_asset -0.022285714285714287 35
sell_asset 25.882173913043477 23
give_vesting_power -0.03318181818181818 22
update_start: 40; random_action_prob: 0.2046
update_complete: 40; loss: 46.70372009277344; cumulative_reward: 474.56000000000006; invalid_count: 0; positive_reward_count: 16; success_count: 16; episode_count: 18; random_exploration_count: 28; random_action_prob: 0.2046
make_subtrust -0.011875 32
move_asset -0.01 51
sell_asset 17.902173913043477 23
give_vesting_power 2.8954545454545455 22
update_start: 41; random_action_prob: 0.2036
update_complete: 41; loss: 55.68263498942057; cumulative_reward: 595.3100000000006; invalid_count: 0; positive_reward_count: 19; success_count: 19; episode_count: 20; random_exploration_count: 26; random_action_prob: 0.2036
make_subtrust -0.005769230769230769 26
move_asset -0.0032142857142857142 56
sell_asset 23.832800000000002 25
give_vesting_power -0.008571428571428572 21
update_start: 42; random_action_prob: 0.2025
update_complete: 42; loss: 45.3622932434082; cumulative_reward: 506.96000000000015; invalid_count: 0; positive_reward_count: 17; success_count: 17; episode_count: 20; random_exploration_count: 36; random_action_prob: 0.2025
make_subtrust -0.0096875 32
move_asset -0.006981132075471698 53
sell_asset 23.62818181818182 22
give_vesting_power -0.58 21
update_start: 43; random_action_prob: 0.2015
update_complete: 43; loss: 45.556104024251304; cumulative_reward: 487.10000000000014; invalid_count: 0; positive_reward_count: 16; success_count: 16; episode_count: 20; random_exploration_count: 28; random_action_prob: 0.2015
make_subtrust -0.00903225806451613 31
move_asset -0.005510204081632653 49
sell_asset 17.533076923076923 26
give_vesting_power 1.445 22
update_start: 44; random_action_prob: 0.2005
update_complete: 44; loss: 53.28950627644857; cumulative_reward: 606.6300000000006; invalid_count: 0; positive_reward_count: 19; success_count: 19; episode_count: 21; random_exploration_count: 25; random_action_prob: 0.2005
make_subtrust -0.012702702702702701 37
move_asset -0.007045454545454546 44
sell_asset 23.37153846153846 26
give_vesting_power -0.011904761904761904 21
update_start: 45; random_action_prob: 0.1995
update_complete: 45; loss: 54.005879720052086; cumulative_reward: 638.8400000000004; invalid_count: 0; positive_reward_count: 20; success_count: 20; episode_count: 22; random_exploration_count: 21; random_action_prob: 0.1995
make_subtrust -0.012105263157894737 38
move_asset -0.005957446808510639 47
sell_asset 27.815652173913044 23
give_vesting_power -0.009 20
update_start: 46; random_action_prob: 0.1985
update_complete: 46; loss: 45.17445755004883; cumulative_reward: 478.0100000000001; invalid_count: 0; positive_reward_count: 15; success_count: 15; episode_count: 18; random_exploration_count: 40; random_action_prob: 0.1985
make_subtrust -0.01473684210526316 38
move_asset -0.012448979591836735 49
sell_asset 21.312380952380952 21
give_vesting_power 1.581 20
update_start: 47; random_action_prob: 0.1975
update_complete: 47; loss: 57.07624053955078; cumulative_reward: 592.2400000000007; invalid_count: 0; positive_reward_count: 19; success_count: 19; episode_count: 19; random_exploration_count: 23; random_action_prob: 0.1975
make_subtrust -0.023090909090909092 55
move_asset -0.03233333333333334 30
sell_asset 27.05545454545455 22
give_vesting_power -0.035238095238095235 21
update_start: 48; random_action_prob: 0.1965
update_complete: 48; loss: 45.79352823893229; cumulative_reward: 574.4100000000008; invalid_count: 0; positive_reward_count: 18; success_count: 18; episode_count: 22; random_exploration_count: 16; random_action_prob: 0.1965
make_subtrust -0.014000000000000002 40
move_asset -0.01075 40
sell_asset 23.029600000000002 25
give_vesting_power -0.014782608695652176 23
update_start: 49; random_action_prob: 0.1956
update_complete: 49; loss: 56.28069559733073; cumulative_reward: 637.1500000000002; invalid_count: 0; positive_reward_count: 20; success_count: 20; episode_count: 21; random_exploration_count: 23; random_action_prob: 0.1956
make_subtrust -0.019183673469387756 49
move_asset -0.023333333333333334 33
sell_asset 29.06681818181818 22
give_vesting_power -0.025416666666666667 24
update_start: 50; random_action_prob: 0.1946
update_complete: 50; loss: 62.25067011515299; cumulative_reward: 734.4800000000002; invalid_count: 0; positive_reward_count: 23; success_count: 23; episode_count: 23; random_exploration_count: 24; random_action_prob: 0.1946
make_subtrust -0.013488372093023254 43
move_asset -0.00736842105263158 38
sell_asset 31.984347826086957 23
give_vesting_power -0.012499999999999999 24
update_start: 51; random_action_prob: 0.1936
update_complete: 51; loss: 54.0559450785319; cumulative_reward: 670.8500000000006; invalid_count: 0; positive_reward_count: 21; success_count: 21; episode_count: 23; random_exploration_count: 25; random_action_prob: 0.1936
make_subtrust -0.009487179487179488 39
move_asset -0.007857142857142858 42
sell_asset 27.98875 24
give_vesting_power -0.007826086956521738 23
update_start: 52; random_action_prob: 0.1926
update_complete: 52; loss: 45.76382573445638; cumulative_reward: 562.2700000000003; invalid_count: 0; positive_reward_count: 18; success_count: 18; episode_count: 21; random_exploration_count: 20; random_action_prob: 0.1926
make_subtrust -0.013409090909090909 44
move_asset -0.011666666666666665 36
sell_asset 20.874074074074073 27
give_vesting_power -0.015238095238095238 21
update_start: 53; random_action_prob: 0.1917
update_complete: 53; loss: 58.808180491129555; cumulative_reward: 669.6700000000002; invalid_count: 0; positive_reward_count: 21; success_count: 21; episode_count: 21; random_exploration_count: 25; random_action_prob: 0.1917
make_subtrust -0.01681818181818182 44
move_asset -0.018378378378378378 37
sell_asset 27.80913043478261 23
give_vesting_power 1.3116666666666668 24
update_start: 54; random_action_prob: 0.1907
update_complete: 54; loss: 47.69450887044271; cumulative_reward: 574.2700000000001; invalid_count: 0; positive_reward_count: 18; success_count: 18; episode_count: 21; random_exploration_count: 22; random_action_prob: 0.1907
make_subtrust -0.013000000000000001 40
move_asset -0.012857142857142859 42
sell_asset 24.716363636363635 22
give_vesting_power 1.3154166666666667 24
update_start: 55; random_action_prob: 0.1898
update_complete: 55; loss: 56.853712717692055; cumulative_reward: 670.6600000000004; invalid_count: 0; positive_reward_count: 21; success_count: 21; episode_count: 22; random_exploration_count: 24; random_action_prob: 0.1898
make_subtrust -0.01 39
move_asset -0.009523809523809525 42
sell_asset 29.079545454545453 22
give_vesting_power 1.268 25
update_start: 56; random_action_prob: 0.1888
update_complete: 56; loss: 60.047186533610024; cumulative_reward: 670.4800000000007; invalid_count: 0; positive_reward_count: 21; success_count: 21; episode_count: 21; random_exploration_count: 25; random_action_prob: 0.1888
make_subtrust -0.012051282051282051 39
move_asset -0.008837209302325582 43
sell_asset 29.200434782608696 23
give_vesting_power -0.012173913043478262 23
update_start: 57; random_action_prob: 0.1879
update_complete: 57; loss: 53.755226135253906; cumulative_reward: 671.1200000000002; invalid_count: 0; positive_reward_count: 21; success_count: 21; episode_count: 23; random_exploration_count: 23; random_action_prob: 0.1879
make_subtrust -0.008787878787878787 33
move_asset -0.005106382978723404 47
sell_asset 27.993333333333336 24
give_vesting_power -0.007916666666666667 24
update_start: 58; random_action_prob: 0.1869
update_complete: 58; loss: 54.67726262410482; cumulative_reward: 703.1400000000002; invalid_count: 0; positive_reward_count: 22; success_count: 22; episode_count: 24; random_exploration_count: 18; random_action_prob: 0.1869
make_subtrust -0.008 35
move_asset -0.007674418604651163 43
sell_asset 26.664583333333336 24
give_vesting_power 2.4538461538461536 26
update_start: 59; random_action_prob: 0.1860
update_complete: 59; loss: 58.36631520589193; cumulative_reward: 703.0800000000002; invalid_count: 0; positive_reward_count: 22; success_count: 22; episode_count: 23; random_exploration_count: 24; random_action_prob: 0.1860
make_subtrust -0.007500000000000001 36
move_asset -0.005777777777777778 45
sell_asset 29.209565217391308 23
give_vesting_power 1.3245833333333332 24
update_start: 60; random_action_prob: 0.1851
update_complete: 60; loss: 41.782544453938804; cumulative_reward: 510.83000000000004; invalid_count: 0; positive_reward_count: 16; success_count: 16; episode_count: 20; random_exploration_count: 29; random_action_prob: 0.1851
make_subtrust -0.013947368421052632 38
move_asset -0.005348837209302326 43
sell_asset 19.684615384615384 26
give_vesting_power -0.01 21
update_start: 61; random_action_prob: 0.1841
update_complete: 61; loss: 44.11439895629883; cumulative_reward: 550.8200000000004; invalid_count: 0; positive_reward_count: 18; success_count: 18; episode_count: 22; random_exploration_count: 22; random_action_prob: 0.1841
make_subtrust -0.011282051282051283 39
move_asset -0.0095 40
sell_asset 21.685769230769232 26
give_vesting_power -0.53 23
update_start: 62; random_action_prob: 0.1832
update_complete: 62; loss: 55.181200663248696; cumulative_reward: 703.2200000000005; invalid_count: 0; positive_reward_count: 22; success_count: 22; episode_count: 24; random_exploration_count: 23; random_action_prob: 0.1832
make_subtrust -0.008947368421052633 38
move_asset -0.0023076923076923075 39
sell_asset 24.88111111111111 27
give_vesting_power 1.3275 24
update_start: 63; random_action_prob: 0.1823
update_complete: 63; loss: 51.60268529256185; cumulative_reward: 627.2500000000002; invalid_count: 0; positive_reward_count: 20; success_count: 20; episode_count: 22; random_exploration_count: 24; random_action_prob: 0.1823
make_subtrust -0.008529411764705883 34
move_asset -0.004347826086956522 46
sell_asset 23.378846153846155 26
give_vesting_power 0.9040909090909092 22
update_start: 64; random_action_prob: 0.1814
update_complete: 64; loss: 57.980307261149086; cumulative_reward: 703.2200000000003; invalid_count: 0; positive_reward_count: 22; success_count: 22; episode_count: 23; random_exploration_count: 25; random_action_prob: 0.1814
make_subtrust -0.007894736842105263 38
move_asset -0.0033333333333333335 42
sell_asset 27.99208333333333 24
give_vesting_power 1.3270833333333332 24
update_start: 65; random_action_prob: 0.1805
update_complete: 65; loss: 47.67873509724935; cumulative_reward: 594.8500000000004; invalid_count: 0; positive_reward_count: 19; success_count: 19; episode_count: 22; random_exploration_count: 19; random_action_prob: 0.1805
make_subtrust -0.012 35
move_asset -0.006956521739130435 46
sell_asset 23.490416666666665 24
give_vesting_power 1.3834782608695653 23
update_start: 66; random_action_prob: 0.1796
update_complete: 66; loss: 59.27768198649088; cumulative_reward: 734.2000000000005; invalid_count: 0; positive_reward_count: 23; success_count: 23; episode_count: 24; random_exploration_count: 16; random_action_prob: 0.1796
make_subtrust -0.013095238095238096 42
move_asset -0.013783783783783784 37
sell_asset 26.8648 25
give_vesting_power 2.651666666666667 24
update_start: 67; random_action_prob: 0.1787
update_complete: 67; loss: 58.86947377522787; cumulative_reward: 702.4800000000005; invalid_count: 0; positive_reward_count: 22; success_count: 22; episode_count: 23; random_exploration_count: 28; random_action_prob: 0.1787
make_subtrust -0.014523809523809524 42
move_asset -0.006923076923076923 39
sell_asset 30.592608695652174 23
give_vesting_power -0.011250000000000001 24
update_start: 68; random_action_prob: 0.1778
update_complete: 68; loss: 52.12414677937826; cumulative_reward: 606.4000000000002; invalid_count: 0; positive_reward_count: 19; success_count: 19; episode_count: 21; random_exploration_count: 27; random_action_prob: 0.1778
make_subtrust -0.013658536585365855 41
move_asset -0.010930232558139536 43
sell_asset 23.985416666666666 24
give_vesting_power 1.589 20
update_start: 69; random_action_prob: 0.1769
update_complete: 69; loss: 58.525404612223305; cumulative_reward: 734.8100000000002; invalid_count: 0; positive_reward_count: 23; success_count: 23; episode_count: 24; random_exploration_count: 21; random_action_prob: 0.1769
make_subtrust -0.0115 40
move_asset -0.006578947368421052 38
sell_asset 26.871599999999997 25
give_vesting_power 2.5492000000000004 25
update_start: 70; random_action_prob: 0.1760
update_complete: 70; loss: 62.55439758300781; cumulative_reward: 819.4300000000001; invalid_count: 0; positive_reward_count: 26; success_count: 26; episode_count: 26; random_exploration_count: 14; random_action_prob: 0.1760
make_subtrust -0.006857142857142857 35
move_asset -0.0028947368421052633 38
sell_asset 29.708928571428572 28
give_vesting_power -0.44703703703703707 27
update_start: 71; random_action_prob: 0.1751
update_complete: 71; loss: 46.979479471842446; cumulative_reward: 542.9100000000003; invalid_count: 0; positive_reward_count: 17; success_count: 17; episode_count: 20; random_exploration_count: 25; random_action_prob: 0.1751
make_subtrust -0.01 32
move_asset -0.0064285714285714285 56
sell_asset 24.37047619047619 21
give_vesting_power 1.6742105263157894 19
update_start: 72; random_action_prob: 0.1743
update_complete: 72; loss: 53.90323130289713; cumulative_reward: 639.95; invalid_count: 0; positive_reward_count: 20; success_count: 20; episode_count: 22; random_exploration_count: 17; random_action_prob: 0.1743
make_subtrust -0.0016666666666666668 24
move_asset -0.00016949152542372882 59
sell_asset 25.333333333333332 24
give_vesting_power 1.5238095238095237 21
update_start: 73; random_action_prob: 0.1734
update_complete: 73; loss: 53.8129628499349; cumulative_reward: 639.2000000000003; invalid_count: 0; positive_reward_count: 20; success_count: 20; episode_count: 22; random_exploration_count: 24; random_action_prob: 0.1734
make_subtrust -0.008333333333333333 30
move_asset -0.005471698113207547 53
sell_asset 26.66125 24
give_vesting_power -0.006190476190476191 21
update_start: 74; random_action_prob: 0.1725
update_complete: 74; loss: 62.66552480061849; cumulative_reward: 766.7; invalid_count: 0; positive_reward_count: 24; success_count: 24; episode_count: 24; random_exploration_count: 27; random_action_prob: 0.1725
make_subtrust -0.010810810810810811 37
move_asset -0.010714285714285714 42
sell_asset 30.709600000000002 25
give_vesting_power -0.007916666666666667 24
update_start: 75; random_action_prob: 0.1717
update_complete: 75; loss: 61.29633585611979; cumulative_reward: 702.4100000000002; invalid_count: 0; positive_reward_count: 22; success_count: 22; episode_count: 22; random_exploration_count: 29; random_action_prob: 0.1717
make_subtrust -0.012285714285714285 35
move_asset -0.011304347826086957 46
sell_asset 25.320416666666663 24
give_vesting_power 4.159565217391305 23
update_start: 76; random_action_prob: 0.1708
update_complete: 76; loss: 43.92206319173177; cumulative_reward: 542.0300000000002; invalid_count: 0; positive_reward_count: 17; success_count: 17; episode_count: 21; random_exploration_count: 32; random_action_prob: 0.1708
make_subtrust -0.017 40
move_asset -0.016136363636363636 44
sell_asset 24.71590909090909 22
give_vesting_power -0.015000000000000001 22
update_start: 77; random_action_prob: 0.1699
update_complete: 77; loss: 58.98849105834961; cumulative_reward: 734.4400000000007; invalid_count: 0; positive_reward_count: 23; success_count: 23; episode_count: 24; random_exploration_count: 25; random_action_prob: 0.1699
make_subtrust -0.014047619047619047 42
move_asset -0.00972972972972973 37
sell_asset 28.148000000000003 25
give_vesting_power 1.3204166666666668 24
update_start: 78; random_action_prob: 0.1691
update_complete: 78; loss: 62.69537099202474; cumulative_reward: 831.5900000000004; invalid_count: 0; positive_reward_count: 26; success_count: 26; episode_count: 27; random_exploration_count: 17; random_action_prob: 0.1691
make_subtrust -0.005757575757575757 33
move_asset -0.0015 40
sell_asset 28.56714285714286 28
give_vesting_power 1.1837037037037037 27
update_start: 79; random_action_prob: 0.1683
update_complete: 79; loss: 59.71400705973307; cumulative_reward: 766.7200000000004; invalid_count: 0; positive_reward_count: 24; success_count: 24; episode_count: 25; random_exploration_count: 18; random_action_prob: 0.1683
make_subtrust -0.011842105263157895 38
move_asset -0.012926829268292684 41
sell_asset 30.714000000000002 25
give_vesting_power -0.0062499999999999995 24
update_start: 80; random_action_prob: 0.1674
update_complete: 80; loss: 54.02023442586263; cumulative_reward: 670.5400000000001; invalid_count: 0; positive_reward_count: 21; success_count: 21; episode_count: 23; random_exploration_count: 25; random_action_prob: 0.1674
make_subtrust -0.012195121951219513 41
move_asset -0.010512820512820514 39
sell_asset 24.3092 25
give_vesting_power 2.7704347826086955 23
update_start: 81; random_action_prob: 0.1666
update_complete: 81; loss: 58.619126637776695; cumulative_reward: 735.4900000000002; invalid_count: 0; positive_reward_count: 23; success_count: 23; episode_count: 24; random_exploration_count: 17; random_action_prob: 0.1666
make_subtrust -0.006129032258064516 31
move_asset -0.0019148936170212765 47
sell_asset 27.071923076923078 26
give_vesting_power 1.3291666666666666 24
update_start: 82; random_action_prob: 0.1657
update_complete: 82; loss: 63.91286849975586; cumulative_reward: 766.6900000000007; invalid_count: 0; positive_reward_count: 24; success_count: 24; episode_count: 24; random_exploration_count: 20; random_action_prob: 0.1657
make_subtrust -0.009473684210526315 38
move_asset -0.007560975609756097 41
sell_asset 29.4256 25
give_vesting_power 1.3216666666666665 24
update_start: 83; random_action_prob: 0.1649
update_complete: 83; loss: 55.30009841918945; cumulative_reward: 703.23; invalid_count: 0; positive_reward_count: 22; success_count: 22; episode_count: 24; random_exploration_count: 19; random_action_prob: 0.1649
make_subtrust -0.005588235294117647 34
move_asset -0.005581395348837209 43
sell_asset 27.07 26
give_vesting_power -0.0064 25
update_start: 84; random_action_prob: 0.1641
update_complete: 84; loss: 62.12039693196615; cumulative_reward: 786.6400000000007; invalid_count: 0; positive_reward_count: 25; success_count: 25; episode_count: 25; random_exploration_count: 30; random_action_prob: 0.1641
make_subtrust -0.00925 40
move_asset -0.010833333333333334 36
sell_asset 29.064230769230768 26
give_vesting_power 1.2203846153846154 26
update_start: 85; random_action_prob: 0.1633
update_complete: 85; loss: 65.5990727742513; cumulative_reward: 831.1000000000005; invalid_count: 0; positive_reward_count: 26; success_count: 26; episode_count: 26; random_exploration_count: 25; random_action_prob: 0.1633
make_subtrust -0.006944444444444444 36
move_asset -0.00641025641025641 39
sell_asset 30.805925925925926 27
give_vesting_power -0.006153846153846154 26
update_start: 86; random_action_prob: 0.1625
update_complete: 86; loss: 42.356346130371094; cumulative_reward: 487.51000000000016; invalid_count: 0; positive_reward_count: 16; success_count: 16; episode_count: 21; random_exploration_count: 20; random_action_prob: 0.1625
make_subtrust -0.009696969696969697 33
move_asset -0.002045454545454545 44
sell_asset 15.74 31
give_vesting_power -0.001 20
update_start: 87; random_action_prob: 0.1616
update_complete: 87; loss: 49.787854512532554; cumulative_reward: 563.4100000000002; invalid_count: 0; positive_reward_count: 18; success_count: 18; episode_count: 20; random_exploration_count: 17; random_action_prob: 0.1616
make_subtrust -0.0064285714285714285 28
move_asset -0.0025925925925925925 54
sell_asset 22.554000000000002 25
give_vesting_power -0.005714285714285714 21
update_start: 88; random_action_prob: 0.1608
update_complete: 88; loss: 60.233105977376304; cumulative_reward: 723.81; invalid_count: 0; positive_reward_count: 23; success_count: 23; episode_count: 24; random_exploration_count: 21; random_action_prob: 0.1608
make_subtrust -0.004 30
move_asset -0.0002127659574468085 47
sell_asset 26.61346153846154 26
give_vesting_power 1.2795999999999998 25
update_start: 89; random_action_prob: 0.1600
update_complete: 89; loss: 60.73856989542643; cumulative_reward: 735.3400000000001; invalid_count: 0; positive_reward_count: 23; success_count: 23; episode_count: 23; random_exploration_count: 22; random_action_prob: 0.1600
make_subtrust -0.006060606060606061 33
move_asset -0.0038636363636363634 44
sell_asset 25.136785714285715 28
give_vesting_power 1.386086956521739 23
update_start: 90; random_action_prob: 0.1592
update_complete: 90; loss: 67.3368911743164; cumulative_reward: 895.5700000000002; invalid_count: 0; positive_reward_count: 28; success_count: 28; episode_count: 28; random_exploration_count: 16; random_action_prob: 0.1592
make_subtrust -0.003823529411764706 34
move_asset -0.0024324324324324323 37
sell_asset 29.78896551724138 29
give_vesting_power 1.1396428571428572 28
update_start: 91; random_action_prob: 0.1584
update_complete: 91; loss: 55.024261474609375; cumulative_reward: 703.5300000000002; invalid_count: 0; positive_reward_count: 22; success_count: 22; episode_count: 24; random_exploration_count: 22; random_action_prob: 0.1584
make_subtrust -0.0036666666666666666 30
move_asset -0.005 52
sell_asset 30.60565217391304 23
give_vesting_power -0.0013043478260869564 23
update_start: 92; random_action_prob: 0.1576
update_complete: 92; loss: 60.859625498453774; cumulative_reward: 799.6400000000003; invalid_count: 0; positive_reward_count: 25; success_count: 25; episode_count: 26; random_exploration_count: 16; random_action_prob: 0.1576
make_subtrust -0.0025806451612903226 31
move_asset -0.0036363636363636364 44
sell_asset 28.44148148148148 27
give_vesting_power 1.2292307692307693 26
update_start: 93; random_action_prob: 0.1569
update_complete: 93; loss: 64.45525360107422; cumulative_reward: 798.9200000000003; invalid_count: 0; positive_reward_count: 25; success_count: 25; episode_count: 25; random_exploration_count: 16; random_action_prob: 0.1569
make_subtrust -0.00787878787878788 33
move_asset -0.008636363636363636 44
sell_asset 31.991999999999997 25
give_vesting_power -0.00923076923076923 26
update_start: 94; random_action_prob: 0.1561
update_complete: 94; loss: 64.51995595296223; cumulative_reward: 798.7700000000006; invalid_count: 0; positive_reward_count: 25; success_count: 25; episode_count: 25; random_exploration_count: 26; random_action_prob: 0.1561
make_subtrust -0.00923076923076923 39
move_asset -0.00891891891891892 37
sell_asset 28.43259259259259 27
give_vesting_power 1.2711999999999999 25
update_start: 95; random_action_prob: 0.1553
update_complete: 95; loss: 66.63145192464192; cumulative_reward: 863.7100000000002; invalid_count: 0; positive_reward_count: 27; success_count: 27; episode_count: 27; random_exploration_count: 22; random_action_prob: 0.1553
make_subtrust -0.0028125 32
move_asset -0.0011904761904761906 42
sell_asset 29.626296296296296 27
give_vesting_power 2.368148148148148 27
update_start: 96; random_action_prob: 0.1545
update_complete: 96; loss: 64.46217346191406; cumulative_reward: 831.7600000000001; invalid_count: 0; positive_reward_count: 26; success_count: 26; episode_count: 26; random_exploration_count: 21; random_action_prob: 0.1545
make_subtrust -0.0025806451612903226 31
move_asset -0.0009302325581395349 43
sell_asset 29.626666666666665 27
give_vesting_power 1.1837037037037037 27
update_start: 97; random_action_prob: 0.1537
update_complete: 97; loss: 53.809261322021484; cumulative_reward: 543.95; invalid_count: 0; positive_reward_count: 17; success_count: 17; episode_count: 18; random_exploration_count: 17; random_action_prob: 0.1537
make_subtrust -0.0015 20
move_asset 0.0 70
sell_asset 25.903809523809525 21
give_vesting_power 0.0 17
update_start: 98; random_action_prob: 0.1530
update_complete: 98; loss: 46.588052113850914; cumulative_reward: 511.7700000000001; invalid_count: 0; positive_reward_count: 16; success_count: 16; episode_count: 19; random_exploration_count: 20; random_action_prob: 0.1530
make_subtrust -0.00375 24
move_asset -0.00016129032258064516 62
sell_asset 21.330000000000002 24
give_vesting_power -0.002777777777777778 18
update_start: 99; random_action_prob: 0.1522
update_complete: 99; loss: 51.42169698079427; cumulative_reward: 575.86; invalid_count: 0; positive_reward_count: 18; success_count: 18; episode_count: 20; random_exploration_count: 20; random_action_prob: 0.1522
make_subtrust -0.0017391304347826088 23
move_asset -0.0003448275862068966 58
sell_asset 20.921538461538464 26
give_vesting_power 1.5219047619047619 21
2026-08-07T15:53:12 completed distressed_assets run=5 elapsed_seconds=1015.33 updates_logged=100
2026-08-07T15:53:12 running distressed_assets run=6 seed=1735
env_variant: HardTaxEnv
update_start: 0; random_action_prob: 0.2500
update_complete: 0; loss: 10.060995101928711; cumulative_reward: 0.6500000000000159; invalid_count: 0; positive_reward_count: 2; success_count: 2; episode_count: 12; random_exploration_count: 28; random_action_prob: 0.2500
make_subtrust -0.02888888888888889 45
move_asset -0.023269230769230768 52
sell_asset 0.17649999999999996 20
give_vesting_power -0.03363636363636364 11
update_start: 1; random_action_prob: 0.2487
update_complete: 1; loss: 20.409250259399414; cumulative_reward: 83.27000000000008; invalid_count: 0; positive_reward_count: 5; success_count: 5; episode_count: 14; random_exploration_count: 39; random_action_prob: 0.2487
make_subtrust -0.02830188679245283 53
move_asset -0.04142857142857143 35
sell_asset 3.9577272727272725 22
give_vesting_power -0.04722222222222223 18
update_start: 2; random_action_prob: 0.2475
update_complete: 2; loss: 33.42210896809896; cumulative_reward: 236.63999999999996; invalid_count: 0; positive_reward_count: 9; success_count: 9; episode_count: 15; random_exploration_count: 34; random_action_prob: 0.2475
make_subtrust -0.0252 50
move_asset -0.02621621621621622 37
sell_asset 10.056000000000001 25
give_vesting_power -0.783125 16
update_start: 3; random_action_prob: 0.2463
update_complete: 3; loss: 41.97035344441732; cumulative_reward: 399.7499999999999; invalid_count: 0; positive_reward_count: 13; success_count: 13; episode_count: 16; random_exploration_count: 29; random_action_prob: 0.2463
make_subtrust -0.02793103448275862 58
move_asset -0.03586206896551724 29
sell_asset 16.797083333333333 24
give_vesting_power -0.04235294117647059 17
update_start: 4; random_action_prob: 0.2450
update_complete: 4; loss: 38.52504221598307; cumulative_reward: 323.7099999999997; invalid_count: 0; positive_reward_count: 11; success_count: 11; episode_count: 15; random_exploration_count: 33; random_action_prob: 0.2450
make_subtrust -0.02872727272727273 55
move_asset -0.03484848484848485 33
sell_asset 10.964166666666666 24
give_vesting_power 3.95625 16
update_start: 5; random_action_prob: 0.2438
update_complete: 5; loss: 29.736251831054688; cumulative_reward: 247.52999999999997; invalid_count: 0; positive_reward_count: 9; success_count: 9; episode_count: 15; random_exploration_count: 30; random_action_prob: 0.2438
make_subtrust -0.028947368421052635 57
move_asset -0.0384375 32
sell_asset 10.438095238095238 21
give_vesting_power 1.733888888888889 18
update_start: 6; random_action_prob: 0.2426
update_complete: 6; loss: 30.297381083170574; cumulative_reward: 271.5299999999999; invalid_count: 0; positive_reward_count: 9; success_count: 9; episode_count: 15; random_exploration_count: 33; random_action_prob: 0.2426
make_subtrust -0.028103448275862072 58
move_asset -0.03942857142857143 35
sell_asset 13.213125 16
give_vesting_power 3.322631578947368 19
update_start: 7; random_action_prob: 0.2414
update_complete: 7; loss: 35.23597208658854; cumulative_reward: 291.51999999999975; invalid_count: 0; positive_reward_count: 10; success_count: 10; episode_count: 15; random_exploration_count: 26; random_action_prob: 0.2414
make_subtrust -0.0285 60
move_asset -0.03900000000000001 30
sell_asset 13.160999999999998 20
give_vesting_power 1.732222222222222 18
update_start: 8; random_action_prob: 0.2402
update_complete: 8; loss: 30.953806559244793; cumulative_reward: 291.81000000000006; invalid_count: 0; positive_reward_count: 10; success_count: 10; episode_count: 15; random_exploration_count: 38; random_action_prob: 0.2402
make_subtrust -0.028363636363636365 55
move_asset -0.036250000000000004 32
sell_asset 16.416666666666668 18
give_vesting_power -0.04217391304347826 23
update_start: 9; random_action_prob: 0.2390
update_complete: 9; loss: 27.878819783528645; cumulative_reward: 249.39000000000001; invalid_count: 0; positive_reward_count: 9; success_count: 9; episode_count: 16; random_exploration_count: 37; random_action_prob: 0.2390
make_subtrust -0.022549019607843137 51
move_asset -0.016764705882352942 34
sell_asset 8.384 30
give_vesting_power -0.03153846153846154 13
update_start: 10; random_action_prob: 0.2378
update_complete: 10; loss: 28.224084218343098; cumulative_reward: 202.07000000000005; invalid_count: 0; positive_reward_count: 9; success_count: 9; episode_count: 16; random_exploration_count: 27; random_action_prob: 0.2378
make_subtrust -0.020666666666666667 45
move_asset -0.009444444444444445 36
sell_asset 6.3640625 32
give_vesting_power -0.020666666666666667 15
update_start: 11; random_action_prob: 0.2366
update_complete: 11; loss: 21.546058019002277; cumulative_reward: 196.05999999999997; invalid_count: 0; positive_reward_count: 7; success_count: 7; episode_count: 15; random_exploration_count: 35; random_action_prob: 0.2366
make_subtrust -0.02634615384615385 52
move_asset -0.03222222222222223 36
sell_asset 7.112857142857143 28
give_vesting_power -0.04750000000000001 12
update_start: 12; random_action_prob: 0.2354
update_complete: 12; loss: 32.25869369506836; cumulative_reward: 304.42000000000013; invalid_count: 0; positive_reward_count: 10; success_count: 10; episode_count: 15; random_exploration_count: 35; random_action_prob: 0.2354
make_subtrust -0.0262 50
move_asset -0.02742857142857143 35
sell_asset 9.90967741935484 31
give_vesting_power -0.0425 12
update_start: 13; random_action_prob: 0.2342
update_complete: 13; loss: 40.439919789632164; cumulative_reward: 387.8699999999999; invalid_count: 0; positive_reward_count: 13; success_count: 13; episode_count: 16; random_exploration_count: 36; random_action_prob: 0.2342
make_subtrust -0.027142857142857142 56
move_asset -0.035 30
sell_asset 13.810384615384615 26
give_vesting_power 1.960625 16
update_start: 14; random_action_prob: 0.2331
update_complete: 14; loss: 31.36680730183919; cumulative_reward: 272.4599999999998; invalid_count: 0; positive_reward_count: 9; success_count: 9; episode_count: 15; random_exploration_count: 37; random_action_prob: 0.2331
make_subtrust -0.02673076923076923 52
move_asset -0.02742857142857143 35
sell_asset 8.688571428571429 28
give_vesting_power 2.425384615384615 13
update_start: 15; random_action_prob: 0.2319
update_complete: 15; loss: 45.59378306070963; cumulative_reward: 476.86; invalid_count: 0; positive_reward_count: 15; success_count: 15; episode_count: 18; random_exploration_count: 27; random_action_prob: 0.2319
make_subtrust -0.024912280701754386 57
move_asset -0.021785714285714287 28
sell_asset 17.755925925925926 27
give_vesting_power -0.0325 16
update_start: 16; random_action_prob: 0.2307
update_complete: 16; loss: 43.695655822753906; cumulative_reward: 387.70999999999987; invalid_count: 0; positive_reward_count: 13; success_count: 13; episode_count: 15; random_exploration_count: 36; random_action_prob: 0.2307
make_subtrust -0.027543859649122808 57
move_asset -0.035517241379310345 29
sell_asset 14.3648 25
give_vesting_power 1.8347058823529412 17
update_start: 17; random_action_prob: 0.2296
update_complete: 17; loss: 40.95907847086588; cumulative_reward: 355.93999999999994; invalid_count: 0; positive_reward_count: 12; success_count: 12; episode_count: 16; random_exploration_count: 23; random_action_prob: 0.2296
make_subtrust -0.02864406779661017 59
move_asset -0.034482758620689655 29
sell_asset 15.62086956521739 23
give_vesting_power -0.03823529411764706 17
update_start: 18; random_action_prob: 0.2284
update_complete: 18; loss: 46.758853912353516; cumulative_reward: 419.4700000000001; invalid_count: 0; positive_reward_count: 14; success_count: 14; episode_count: 16; random_exploration_count: 26; random_action_prob: 0.2284
make_subtrust -0.027413793103448277 58
move_asset -0.04142857142857143 28
sell_asset 22.279473684210526 19
give_vesting_power -0.04739130434782609 23
update_start: 19; random_action_prob: 0.2273
update_complete: 19; loss: 40.936623891194664; cumulative_reward: 412.05; invalid_count: 0; positive_reward_count: 13; success_count: 13; episode_count: 16; random_exploration_count: 25; random_action_prob: 0.2273
make_subtrust -0.026607142857142857 56
move_asset -0.035151515151515156 33
sell_asset 19.1695 20
give_vesting_power 1.6478947368421053 19
update_start: 20; random_action_prob: 0.2262
update_complete: 20; loss: 43.7230593363444; cumulative_reward: 411.82999999999964; invalid_count: 0; positive_reward_count: 13; success_count: 13; episode_count: 16; random_exploration_count: 26; random_action_prob: 0.2262
make_subtrust -0.02666666666666667 60
move_asset -0.035483870967741936 31
sell_asset 19.773809523809526 21
give_vesting_power -0.045000000000000005 16
update_start: 21; random_action_prob: 0.2250
update_complete: 21; loss: 41.53737004597982; cumulative_reward: 323.1599999999996; invalid_count: 0; positive_reward_count: 11; success_count: 11; episode_count: 14; random_exploration_count: 32; random_action_prob: 0.2250
make_subtrust -0.029482758620689654 58
move_asset -0.041935483870967745 31
sell_asset 15.57095238095238 21
give_vesting_power -0.04555555555555556 18
update_start: 22; random_action_prob: 0.2239
update_complete: 22; loss: 38.8677978515625; cumulative_reward: 335.10999999999973; invalid_count: 0; positive_reward_count: 11; success_count: 11; episode_count: 15; random_exploration_count: 31; random_action_prob: 0.2239
make_subtrust -0.028548387096774194 62
move_asset -0.04516129032258065 31
sell_asset 17.06277777777778 18
give_vesting_power 1.8323529411764705 17
update_start: 23; random_action_prob: 0.2228
update_complete: 23; loss: 35.674139658610024; cumulative_reward: 334.8099999999999; invalid_count: 0; positive_reward_count: 11; success_count: 11; episode_count: 15; random_exploration_count: 32; random_action_prob: 0.2228
make_subtrust -0.0315625 64
move_asset -0.04666666666666667 30
sell_asset 21.197499999999998 16
give_vesting_power -0.051666666666666666 18
update_start: 24; random_action_prob: 0.2217
update_complete: 24; loss: 37.13582992553711; cumulative_reward: 335.0999999999999; invalid_count: 0; positive_reward_count: 11; success_count: 11; episode_count: 15; random_exploration_count: 35; random_action_prob: 0.2217
make_subtrust -0.030344827586206897 58
move_asset -0.04151515151515152 33
sell_asset 21.203125 16
give_vesting_power -0.04857142857142857 21
update_start: 25; random_action_prob: 0.2206
update_complete: 25; loss: 43.70968755086263; cumulative_reward: 367.1699999999996; invalid_count: 0; positive_reward_count: 12; success_count: 12; episode_count: 14; random_exploration_count: 33; random_action_prob: 0.2206
make_subtrust -0.028392857142857143 56
move_asset -0.04363636363636364 33
sell_asset 19.533157894736842 19
give_vesting_power -0.0465 20
update_start: 26; random_action_prob: 0.2195
update_complete: 26; loss: 51.28519821166992; cumulative_reward: 475.01999999999964; invalid_count: 0; positive_reward_count: 15; success_count: 15; episode_count: 16; random_exploration_count: 20; random_action_prob: 0.2195
make_subtrust -0.02953846153846154 65
move_asset -0.047407407407407405 27
sell_asset 29.94875 16
give_vesting_power -0.048 20
update_start: 27; random_action_prob: 0.2184
update_complete: 27; loss: 41.30898666381836; cumulative_reward: 378.71999999999986; invalid_count: 0; positive_reward_count: 12; success_count: 12; episode_count: 15; random_exploration_count: 28; random_action_prob: 0.2184
make_subtrust -0.0315625 64
move_asset -0.04724137931034483 29
sell_asset 21.94875 16
give_vesting_power 1.6278947368421053 19
update_start: 28; random_action_prob: 0.2173
update_complete: 28; loss: 45.66161600748698; cumulative_reward: 410.6599999999999; invalid_count: 0; positive_reward_count: 13; success_count: 13; episode_count: 15; random_exploration_count: 32; random_action_prob: 0.2173
make_subtrust -0.0317741935483871 62
move_asset -0.04870967741935484 31
sell_asset 18.471052631578946 19
give_vesting_power 3.949375 16
update_start: 29; random_action_prob: 0.2162
update_complete: 29; loss: 46.679222106933594; cumulative_reward: 451.1199999999998; invalid_count: 0; positive_reward_count: 15; success_count: 15; episode_count: 16; random_exploration_count: 22; random_action_prob: 0.2162
make_subtrust -0.029846153846153845 65
move_asset -0.0432 25
sell_asset 25.282777777777778 18
give_vesting_power -0.0475 20
update_start: 30; random_action_prob: 0.2151
update_complete: 30; loss: 46.334309895833336; cumulative_reward: 443.44999999999965; invalid_count: 0; positive_reward_count: 14; success_count: 14; episode_count: 16; random_exploration_count: 25; random_action_prob: 0.2151
make_subtrust -0.029538461538461538 65
move_asset -0.03892857142857143 28
sell_asset 27.950625 16
give_vesting_power -0.039473684210526314 19
update_start: 31; random_action_prob: 0.2140
update_complete: 31; loss: 38.53010813395182; cumulative_reward: 378.8799999999998; invalid_count: 0; positive_reward_count: 12; success_count: 12; episode_count: 16; random_exploration_count: 28; random_action_prob: 0.2140
make_subtrust -0.03098360655737705 61
move_asset -0.04645161290322581 31
sell_asset 19.506666666666668 18
give_vesting_power 1.7272222222222222 18
update_start: 32; random_action_prob: 0.2130
update_complete: 32; loss: 33.7267951965332; cumulative_reward: 303.0899999999997; invalid_count: 0; positive_reward_count: 10; success_count: 10; episode_count: 15; random_exploration_count: 30; random_action_prob: 0.2130
make_subtrust -0.031475409836065574 61
move_asset -0.03933333333333334 30
sell_asset 15.352 20
give_vesting_power -0.05 17
update_start: 33; random_action_prob: 0.2119
update_complete: 33; loss: 56.54889424641927; cumulative_reward: 539.3999999999997; invalid_count: 0; positive_reward_count: 17; success_count: 17; episode_count: 17; random_exploration_count: 15; random_action_prob: 0.2119
make_subtrust -0.02969230769230769 65
move_asset -0.03518518518518519 27
sell_asset 26.618333333333332 18
give_vesting_power 3.5083333333333333 18
update_start: 34; random_action_prob: 0.2108
update_complete: 34; loss: 32.49170811971029; cumulative_reward: 315.8599999999999; invalid_count: 0; positive_reward_count: 10; success_count: 10; episode_count: 15; random_exploration_count: 31; random_action_prob: 0.2108
make_subtrust -0.028571428571428574 56
move_asset -0.03128205128205128 39
sell_asset 16.80578947368421 19
give_vesting_power -0.045 14
update_start: 35; random_action_prob: 0.2098
update_complete: 35; loss: 43.25799306233724; cumulative_reward: 443.9199999999997; invalid_count: 0; positive_reward_count: 14; success_count: 14; episode_count: 17; random_exploration_count: 24; random_action_prob: 0.2098
make_subtrust -0.026551724137931033 58
move_asset -0.03542857142857143 35
sell_asset 23.968125 16
give_vesting_power 3.326842105263158 19
update_start: 36; random_action_prob: 0.2087
update_complete: 36; loss: 42.4793446858724; cumulative_reward: 411.39999999999975; invalid_count: 0; positive_reward_count: 13; success_count: 13; episode_count: 16; random_exploration_count: 25; random_action_prob: 0.2087
make_subtrust -0.030000000000000002 61
move_asset -0.037333333333333336 30
sell_asset 20.756999999999998 20
give_vesting_power -0.04647058823529412 17
update_start: 37; random_action_prob: 0.2077
update_complete: 37; loss: 30.49842898050944; cumulative_reward: 270.8199999999999; invalid_count: 0; positive_reward_count: 9; success_count: 9; episode_count: 15; random_exploration_count: 37; random_action_prob: 0.2077
make_subtrust -0.02982142857142857 56
move_asset -0.04611111111111112 36
sell_asset 15.283333333333335 18
give_vesting_power -0.052777777777777785 18
update_start: 38; random_action_prob: 0.2066
update_complete: 38; loss: 38.361334482828774; cumulative_reward: 380.0300000000002; invalid_count: 0; positive_reward_count: 12; success_count: 12; episode_count: 16; random_exploration_count: 23; random_action_prob: 0.2066
make_subtrust -0.023793103448275864 58
move_asset -0.033428571428571426 35
sell_asset 20.172631578947367 19
give_vesting_power -0.043750000000000004 16
update_start: 39; random_action_prob: 0.2056
update_complete: 39; loss: 28.6419677734375; cumulative_reward: 271.15999999999985; invalid_count: 0; positive_reward_count: 9; success_count: 9; episode_count: 16; random_exploration_count: 29; random_action_prob: 0.2056
make_subtrust -0.028035714285714285 56
move_asset -0.04428571428571429 35
sell_asset 15.952222222222222 18
give_vesting_power -0.6768421052631579 19
update_start: 40; random_action_prob: 0.2046
update_complete: 40; loss: 40.37458801269531; cumulative_reward: 399.23000000000013; invalid_count: 0; positive_reward_count: 13; success_count: 13; episode_count: 16; random_exploration_count: 29; random_action_prob: 0.2046
make_subtrust -0.03054545454545455 55
move_asset -0.04085714285714286 35
sell_asset 20.1575 20
give_vesting_power -0.045000000000000005 18
update_start: 41; random_action_prob: 0.2036
update_complete: 41; loss: 39.948586781819664; cumulative_reward: 411.1700000000002; invalid_count: 0; positive_reward_count: 13; success_count: 13; episode_count: 17; random_exploration_count: 25; random_action_prob: 0.2036
make_subtrust -0.028771929824561407 57
move_asset -0.03970588235294118 34
sell_asset 20.750999999999998 20
give_vesting_power -0.05058823529411765 17
update_start: 42; random_action_prob: 0.2025
update_complete: 42; loss: 52.705851236979164; cumulative_reward: 539.7900000000003; invalid_count: 0; positive_reward_count: 17; success_count: 17; episode_count: 18; random_exploration_count: 26; random_action_prob: 0.2025
make_subtrust -0.027068965517241382 58
move_asset -0.02741935483870968 31
sell_asset 28.58421052631579 19
give_vesting_power -0.0445 20
update_start: 43; random_action_prob: 0.2015
update_complete: 43; loss: 46.86198806762695; cumulative_reward: 475.47000000000054; invalid_count: 0; positive_reward_count: 15; success_count: 15; episode_count: 17; random_exploration_count: 25; random_action_prob: 0.2015
make_subtrust -0.02981818181818182 55
move_asset -0.03514285714285714 35
sell_asset 26.625555555555554 18
give_vesting_power -0.046 20
update_start: 44; random_action_prob: 0.2005
update_complete: 44; loss: 33.12295277913412; cumulative_reward: 334.74000000000035; invalid_count: 0; positive_reward_count: 11; success_count: 11; episode_count: 15; random_exploration_count: 28; random_action_prob: 0.2005
make_subtrust -0.034727272727272725 55
move_asset -0.04028571428571429 35
sell_asset 22.615333333333336 15
give_vesting_power -0.05086956521739131 23
update_start: 45; random_action_prob: 0.1995
update_complete: 45; loss: 48.33459981282552; cumulative_reward: 474.4600000000002; invalid_count: 0; positive_reward_count: 15; success_count: 15; episode_count: 17; random_exploration_count: 28; random_action_prob: 0.1995
make_subtrust -0.032622950819672134 61
move_asset -0.05129032258064516 31
sell_asset 23.525263157894738 19
give_vesting_power 1.8270588235294116 17
update_start: 46; random_action_prob: 0.1985
update_complete: 46; loss: 49.391703287760414; cumulative_reward: 474.32000000000033; invalid_count: 0; positive_reward_count: 15; success_count: 15; episode_count: 16; random_exploration_count: 23; random_action_prob: 0.1985
make_subtrust -0.03431034482758621 58
move_asset -0.044848484848484846 33
sell_asset 24.829444444444444 18
give_vesting_power 1.6242105263157895 19
update_start: 47; random_action_prob: 0.1975
update_complete: 47; loss: 35.528587341308594; cumulative_reward: 379.4500000000002; invalid_count: 0; positive_reward_count: 12; success_count: 12; episode_count: 17; random_exploration_count: 22; random_action_prob: 0.1975
make_subtrust -0.03294117647058823 51
move_asset -0.03743589743589743 39
sell_asset 18.49736842105263 19
give_vesting_power 1.6389473684210527 19
update_start: 48; random_action_prob: 0.1965
update_complete: 48; loss: 50.43517812093099; cumulative_reward: 540.1600000000001; invalid_count: 0; positive_reward_count: 17; success_count: 17; episode_count: 19; random_exploration_count: 28; random_action_prob: 0.1965
make_subtrust -0.0258 50
move_asset -0.029722222222222223 36
sell_asset 24.343809523809522 21
give_vesting_power 1.4904761904761905 21
update_start: 49; random_action_prob: 0.1956
update_complete: 49; loss: 51.5644900004069; cumulative_reward: 528.0700000000004; invalid_count: 0; positive_reward_count: 17; success_count: 17; episode_count: 18; random_exploration_count: 32; random_action_prob: 0.1956
make_subtrust -0.026600000000000002 50
move_asset -0.02666666666666667 39
sell_asset 25.561500000000002 20
give_vesting_power 1.0110526315789472 19
update_start: 50; random_action_prob: 0.1946
update_complete: 50; loss: 52.18923695882162; cumulative_reward: 539.56; invalid_count: 0; positive_reward_count: 17; success_count: 17; episode_count: 18; random_exploration_count: 27; random_action_prob: 0.1946
make_subtrust -0.029056603773584905 53
move_asset -0.033888888888888885 36
sell_asset 28.591052631578947 19
give_vesting_power -0.0455 20
update_start: 51; random_action_prob: 0.1936
update_complete: 51; loss: 51.773016611735024; cumulative_reward: 593.6500000000004; invalid_count: 0; positive_reward_count: 19; success_count: 19; episode_count: 21; random_exploration_count: 27; random_action_prob: 0.1936
make_subtrust -0.018604651162790697 43
move_asset -0.02046511627906977 43
sell_asset 25.62090909090909 22
give_vesting_power 1.5835000000000001 20
update_start: 52; random_action_prob: 0.1926
update_complete: 52; loss: 38.39063390096029; cumulative_reward: 447.55; invalid_count: 0; positive_reward_count: 14; success_count: 14; episode_count: 19; random_exploration_count: 22; random_action_prob: 0.1926
make_subtrust -0.008518518518518519 27
move_asset -0.000967741935483871 62
sell_asset 19.47391304347826 23
give_vesting_power -0.00375 16
update_start: 53; random_action_prob: 0.1917
update_complete: 53; loss: 56.62878672281901; cumulative_reward: 595.5900000000001; invalid_count: 0; positive_reward_count: 19; success_count: 19; episode_count: 19; random_exploration_count: 19; random_action_prob: 0.1917
make_subtrust -0.005599999999999999 25
move_asset -0.0008474576271186442 59
sell_asset 22.5532 25
give_vesting_power 1.681578947368421 19
update_start: 54; random_action_prob: 0.1907
update_complete: 54; loss: 58.12724685668945; cumulative_reward: 702.020000000001; invalid_count: 0; positive_reward_count: 22; success_count: 22; episode_count: 23; random_exploration_count: 20; random_action_prob: 0.1907
make_subtrust -0.015581395348837207 43
move_asset -0.012972972972972972 37
sell_asset 30.59130434782609 23
give_vesting_power -0.0172 25
update_start: 55; random_action_prob: 0.1898
update_complete: 55; loss: 59.543721516927086; cumulative_reward: 659.2300000000005; invalid_count: 0; positive_reward_count: 21; success_count: 21; episode_count: 22; random_exploration_count: 18; random_action_prob: 0.1898
make_subtrust -0.005862068965517241 29
move_asset -0.004509803921568627 51
sell_asset 27.49291666666667 24
give_vesting_power -0.008333333333333333 24
update_start: 56; random_action_prob: 0.1888
update_complete: 56; loss: 51.972215016682945; cumulative_reward: 575.2500000000005; invalid_count: 0; positive_reward_count: 18; success_count: 18; episode_count: 20; random_exploration_count: 30; random_action_prob: 0.1888
make_subtrust -0.007407407407407407 27
move_asset -0.0030508474576271187 59
sell_asset 24.371904761904762 21
give_vesting_power 3.039047619047619 21
update_start: 57; random_action_prob: 0.1879
update_complete: 57; loss: 61.7441291809082; cumulative_reward: 701.8800000000003; invalid_count: 0; positive_reward_count: 22; success_count: 22; episode_count: 22; random_exploration_count: 20; random_action_prob: 0.1879
make_subtrust -0.015476190476190477 42
move_asset -0.014000000000000002 40
sell_asset 27.979583333333334 24
give_vesting_power 1.4354545454545453 22
update_start: 58; random_action_prob: 0.1869
update_complete: 58; loss: 46.38954544067383; cumulative_reward: 509.24000000000035; invalid_count: 0; positive_reward_count: 16; success_count: 16; episode_count: 19; random_exploration_count: 25; random_action_prob: 0.1869
make_subtrust -0.022448979591836737 49
move_asset -0.018157894736842106 38
sell_asset 23.252727272727274 22
give_vesting_power -0.027894736842105264 19
update_start: 59; random_action_prob: 0.1860
update_complete: 59; loss: 55.78866068522135; cumulative_reward: 606.0100000000006; invalid_count: 0; positive_reward_count: 19; success_count: 19; episode_count: 20; random_exploration_count: 25; random_action_prob: 0.1860
make_subtrust -0.01743589743589744 39
move_asset -0.0125 44
sell_asset 26.167727272727276 22
give_vesting_power 1.3717391304347826 23
update_start: 60; random_action_prob: 0.1851
update_complete: 60; loss: 43.66571172078451; cumulative_reward: 433.3900000000002; invalid_count: 0; positive_reward_count: 14; success_count: 14; episode_count: 17; random_exploration_count: 27; random_action_prob: 0.1851
make_subtrust -0.020789473684210528 38
move_asset -0.018627450980392157 51
sell_asset 22.928421052631577 19
give_vesting_power -0.025500000000000002 20
update_start: 61; random_action_prob: 0.1841
update_complete: 61; loss: 52.570794423421226; cumulative_reward: 575.6800000000002; invalid_count: 0; positive_reward_count: 18; success_count: 18; episode_count: 20; random_exploration_count: 21; random_action_prob: 0.1841
make_subtrust -0.004285714285714286 28
move_asset -0.0013559322033898306 59
sell_asset 24.724545454545453 22
give_vesting_power 1.6810526315789474 19
update_start: 62; random_action_prob: 0.1832
update_complete: 62; loss: 49.54043706258138; cumulative_reward: 542.8100000000003; invalid_count: 0; positive_reward_count: 17; success_count: 17; episode_count: 19; random_exploration_count: 17; random_action_prob: 0.1832
make_subtrust -0.011764705882352941 34
move_asset -0.005925925925925926 54
sell_asset 25.5875 20
give_vesting_power 1.589 20
update_start: 63; random_action_prob: 0.1823
update_complete: 63; loss: 48.26332092285156; cumulative_reward: 562.2100000000004; invalid_count: 0; positive_reward_count: 18; success_count: 18; episode_count: 20; random_exploration_count: 22; random_action_prob: 0.1823
make_subtrust -0.016216216216216217 37
move_asset -0.01215686274509804 51
sell_asset 28.787 20
give_vesting_power -0.6155 20
update_start: 64; random_action_prob: 0.1814
update_complete: 64; loss: 52.929588317871094; cumulative_reward: 543.4300000000001; invalid_count: 0; positive_reward_count: 17; success_count: 17; episode_count: 18; random_exploration_count: 26; random_action_prob: 0.1814
make_subtrust -0.006666666666666667 24
move_asset -0.002769230769230769 65
sell_asset 25.9 21
give_vesting_power -0.007222222222222223 18
update_start: 65; random_action_prob: 0.1805
update_complete: 65; loss: 54.71359634399414; cumulative_reward: 605.9500000000006; invalid_count: 0; positive_reward_count: 19; success_count: 19; episode_count: 20; random_exploration_count: 18; random_action_prob: 0.1805
make_subtrust -0.01756756756756757 37
move_asset -0.01375 48
sell_asset 25.027391304347827 23
give_vesting_power 1.5815 20
update_start: 66; random_action_prob: 0.1796
update_complete: 66; loss: 51.509751637776695; cumulative_reward: 574.0600000000005; invalid_count: 0; positive_reward_count: 18; success_count: 18; episode_count: 20; random_exploration_count: 30; random_action_prob: 0.1796
make_subtrust -0.018717948717948716 39
move_asset -0.0086 50
sell_asset 27.40904761904762 21
give_vesting_power -0.020555555555555556 18
update_start: 67; random_action_prob: 0.1787
update_complete: 67; loss: 54.37696838378906; cumulative_reward: 573.0100000000003; invalid_count: 0; positive_reward_count: 18; success_count: 18; episode_count: 19; random_exploration_count: 18; random_action_prob: 0.1787
make_subtrust -0.02488372093023256 43
move_asset -0.015434782608695652 46
sell_asset 27.169 20
give_vesting_power 1.6531578947368422 19
update_start: 68; random_action_prob: 0.1778
update_complete: 68; loss: 45.87488301595052; cumulative_reward: 508.8500000000004; invalid_count: 0; positive_reward_count: 16; success_count: 16; episode_count: 19; random_exploration_count: 20; random_action_prob: 0.1778
make_subtrust -0.024999999999999998 48
move_asset -0.016829268292682928 41
sell_asset 26.914736842105263 19
give_vesting_power -0.032 20
update_start: 69; random_action_prob: 0.1769
update_complete: 69; loss: 50.81211725870768; cumulative_reward: 540.8600000000004; invalid_count: 0; positive_reward_count: 17; success_count: 17; episode_count: 19; random_exploration_count: 30; random_action_prob: 0.1769
make_subtrust -0.023636363636363636 44
move_asset -0.02372093023255814 43
sell_asset 27.174500000000002 20
give_vesting_power -0.027142857142857146 21
update_start: 70; random_action_prob: 0.1760
update_complete: 70; loss: 51.1788584391276; cumulative_reward: 572.4900000000004; invalid_count: 0; positive_reward_count: 18; success_count: 18; episode_count: 20; random_exploration_count: 24; random_action_prob: 0.1760
make_subtrust -0.01958333333333333 48
move_asset -0.033888888888888885 36
sell_asset 30.286842105263162 19
give_vesting_power -0.032 25
update_start: 71; random_action_prob: 0.1751
update_complete: 71; loss: 57.895346323649086; cumulative_reward: 626.1000000000003; invalid_count: 0; positive_reward_count: 20; success_count: 20; episode_count: 20; random_exploration_count: 30; random_action_prob: 0.1751
make_subtrust -0.015897435897435898 39
move_asset -0.011136363636363637 44
sell_asset 28.528636363636362 22
give_vesting_power -0.01826086956521739 23
update_start: 72; random_action_prob: 0.1743
update_complete: 72; loss: 62.018072764078774; cumulative_reward: 703.2900000000002; invalid_count: 0; positive_reward_count: 22; success_count: 22; episode_count: 22; random_exploration_count: 26; random_action_prob: 0.1743
make_subtrust -0.007333333333333333 30
move_asset -0.0023076923076923075 52
sell_asset 29.325416666666666 24
give_vesting_power -0.00818181818181818 22
update_start: 73; random_action_prob: 0.1734
update_complete: 73; loss: 58.39583206176758; cumulative_reward: 639.45; invalid_count: 0; positive_reward_count: 20; success_count: 20; episode_count: 20; random_exploration_count: 15; random_action_prob: 0.1734
make_subtrust -0.0064285714285714285 28
move_asset -0.001864406779661017 59
sell_asset 30.393 20
give_vesting_power 1.518095238095238 21
update_start: 74; random_action_prob: 0.1725
update_complete: 74; loss: 61.47792943318685; cumulative_reward: 669.7100000000004; invalid_count: 0; positive_reward_count: 21; success_count: 21; episode_count: 21; random_exploration_count: 17; random_action_prob: 0.1725
make_subtrust -0.01711111111111111 45
move_asset -0.013783783783783784 37
sell_asset 27.98 24
give_vesting_power -0.024090909090909093 22
update_start: 75; random_action_prob: 0.1717
update_complete: 75; loss: 51.460044860839844; cumulative_reward: 573.42; invalid_count: 0; positive_reward_count: 18; success_count: 18; episode_count: 20; random_exploration_count: 23; random_action_prob: 0.1717
make_subtrust -0.017272727272727273 44
move_asset -0.01975 40
sell_asset 25.88142857142857 21
give_vesting_power 1.3678260869565215 23
update_start: 76; random_action_prob: 0.1708
update_complete: 76; loss: 42.326934814453125; cumulative_reward: 477.1400000000005; invalid_count: 0; positive_reward_count: 15; success_count: 15; episode_count: 19; random_exploration_count: 28; random_action_prob: 0.1708
make_subtrust -0.01744186046511628 43
move_asset -0.023488372093023256 43
sell_asset 25.238947368421055 19
give_vesting_power -0.02782608695652174 23
update_start: 77; random_action_prob: 0.1699
update_complete: 77; loss: 45.99880345662435; cumulative_reward: 530.0400000000002; invalid_count: 0; positive_reward_count: 17; success_count: 17; episode_count: 21; random_exploration_count: 29; random_action_prob: 0.1699
make_subtrust -0.014615384615384613 39
move_asset -0.013095238095238096 42
sell_asset 23.112608695652174 23
give_vesting_power -0.017916666666666668 24
update_start: 78; random_action_prob: 0.1691
update_complete: 78; loss: 49.81387074788412; cumulative_reward: 607.0999999999999; invalid_count: 0; positive_reward_count: 19; success_count: 19; episode_count: 22; random_exploration_count: 25; random_action_prob: 0.1691
make_subtrust -0.009696969696969697 33
move_asset -0.005600000000000001 50
sell_asset 23.99208333333333 24
give_vesting_power 1.5185714285714287 21
update_start: 79; random_action_prob: 0.1683
update_complete: 79; loss: 58.01969528198242; cumulative_reward: 670.5900000000003; invalid_count: 0; positive_reward_count: 21; success_count: 21; episode_count: 22; random_exploration_count: 28; random_action_prob: 0.1683
make_subtrust -0.01205128205128205 39
move_asset -0.009268292682926829 41
sell_asset 25.5892 25
give_vesting_power 1.378695652173913 23
update_start: 80; random_action_prob: 0.1674
update_complete: 80; loss: 64.10968271891277; cumulative_reward: 765.9900000000004; invalid_count: 0; positive_reward_count: 24; success_count: 24; episode_count: 24; random_exploration_count: 15; random_action_prob: 0.1674
make_subtrust -0.015227272727272728 44
move_asset -0.015277777777777779 36
sell_asset 31.9825 24
give_vesting_power -0.015416666666666667 24
update_start: 81; random_action_prob: 0.1666
update_complete: 81; loss: 52.95187123616537; cumulative_reward: 639.3700000000003; invalid_count: 0; positive_reward_count: 20; success_count: 20; episode_count: 22; random_exploration_count: 24; random_action_prob: 0.1666
make_subtrust -0.007 30
move_asset -0.0031481481481481477 54
sell_asset 27.629545454545454 22
give_vesting_power 1.45 22
update_start: 82; random_action_prob: 0.1657
update_complete: 82; loss: 52.15773264567057; cumulative_reward: 575.57; invalid_count: 0; positive_reward_count: 18; success_count: 18; episode_count: 20; random_exploration_count: 23; random_action_prob: 0.1657
make_subtrust -0.0044 25
move_asset -0.0020689655172413794 58
sell_asset 21.7548 25
give_vesting_power 1.5965 20
update_start: 83; random_action_prob: 0.1649
update_complete: 83; loss: 61.444437662760414; cumulative_reward: 723.66; invalid_count: 0; positive_reward_count: 23; success_count: 23; episode_count: 23; random_exploration_count: 20; random_action_prob: 0.1649
make_subtrust -0.004642857142857143 28
move_asset -0.00196078431372549 51
sell_asset 27.842307692307692 26
give_vesting_power -0.0004347826086956522 23
update_start: 84; random_action_prob: 0.1641
update_complete: 84; loss: 55.19536463419596; cumulative_reward: 671.1599999999999; invalid_count: 0; positive_reward_count: 21; success_count: 21; episode_count: 23; random_exploration_count: 17; random_action_prob: 0.1641
make_subtrust -0.0070967741935483875 31
move_asset -0.006 50
sell_asset 29.211739130434783 23
give_vesting_power -0.007916666666666667 24
update_start: 85; random_action_prob: 0.1633
update_complete: 85; loss: 53.458700815836586; cumulative_reward: 639.3900000000004; invalid_count: 0; positive_reward_count: 20; success_count: 20; episode_count: 22; random_exploration_count: 18; random_action_prob: 0.1633
make_subtrust -0.005151515151515151 33
move_asset -0.004 50
sell_asset 26.430434782608696 23
give_vesting_power 1.4481818181818182 22
update_start: 86; random_action_prob: 0.1625
update_complete: 86; loss: 53.697991689046226; cumulative_reward: 626.7500000000002; invalid_count: 0; positive_reward_count: 20; success_count: 20; episode_count: 22; random_exploration_count: 25; random_action_prob: 0.1625
make_subtrust -0.009411764705882354 34
move_asset -0.00978723404255319 47
sell_asset 26.426086956521736 23
give_vesting_power 0.8220833333333334 24
update_start: 87; random_action_prob: 0.1616
update_complete: 87; loss: 61.34158579508463; cumulative_reward: 754.9800000000005; invalid_count: 0; positive_reward_count: 24; success_count: 24; episode_count: 24; random_exploration_count: 19; random_action_prob: 0.1616
make_subtrust -0.008421052631578947 38
move_asset -0.006 40
sell_asset 27.6708 25
give_vesting_power 2.5507999999999997 25
update_start: 88; random_action_prob: 0.1608
update_complete: 88; loss: 62.35259119669596; cumulative_reward: 766.4200000000005; invalid_count: 0; positive_reward_count: 24; success_count: 24; episode_count: 24; random_exploration_count: 22; random_action_prob: 0.1608
make_subtrust -0.012 40
move_asset -0.010263157894736842 38
sell_asset 31.986666666666665 24
give_vesting_power -0.015000000000000001 26
update_start: 89; random_action_prob: 0.1600
update_complete: 89; loss: 58.13586934407552; cumulative_reward: 691.4300000000001; invalid_count: 0; positive_reward_count: 22; success_count: 22; episode_count: 23; random_exploration_count: 21; random_action_prob: 0.1600
make_subtrust -0.006333333333333333 30
move_asset -0.0033333333333333335 48
sell_asset 24.149615384615384 26
give_vesting_power 2.6620833333333334 24
update_start: 90; random_action_prob: 0.1592
update_complete: 90; loss: 62.627644856770836; cumulative_reward: 831.3400000000004; invalid_count: 0; positive_reward_count: 26; success_count: 26; episode_count: 27; random_exploration_count: 15; random_action_prob: 0.1592
make_subtrust -0.004705882352941177 34
move_asset -0.006500000000000001 40
sell_asset 29.624814814814815 27
give_vesting_power 1.1811111111111112 27
update_start: 91; random_action_prob: 0.1584
update_complete: 91; loss: 65.02028401692708; cumulative_reward: 799.2700000000004; invalid_count: 0; positive_reward_count: 25; success_count: 25; episode_count: 25; random_exploration_count: 20; random_action_prob: 0.1584
make_subtrust -0.0058823529411764705 34
move_asset -0.0038095238095238095 42
sell_asset 27.25185185185185 27
give_vesting_power 2.5532 25
update_start: 92; random_action_prob: 0.1576
update_complete: 92; loss: 55.20824305216471; cumulative_reward: 735.6000000000004; invalid_count: 0; positive_reward_count: 23; success_count: 23; episode_count: 25; random_exploration_count: 17; random_action_prob: 0.1576
make_subtrust -0.003870967741935484 31
move_asset -0.004222222222222223 45
sell_asset 26.072592592592596 27
give_vesting_power 1.278 25
update_start: 93; random_action_prob: 0.1569
update_complete: 93; loss: 54.72399012247721; cumulative_reward: 659.6300000000002; invalid_count: 0; positive_reward_count: 21; success_count: 21; episode_count: 23; random_exploration_count: 22; random_action_prob: 0.1569
make_subtrust -0.003103448275862069 29
move_asset -0.0028571428571428567 49
sell_asset 27.4975 24
give_vesting_power -0.003076923076923077 26
update_start: 94; random_action_prob: 0.1561
update_complete: 94; loss: 59.24979019165039; cumulative_reward: 735.1700000000001; invalid_count: 0; positive_reward_count: 23; success_count: 23; episode_count: 24; random_exploration_count: 23; random_action_prob: 0.1561
make_subtrust -0.008888888888888889 36
move_asset -0.004651162790697674 43
sell_asset 26.8736 25
give_vesting_power 2.660416666666667 24
update_start: 95; random_action_prob: 0.1553
update_complete: 95; loss: 57.67369842529297; cumulative_reward: 722.82; invalid_count: 0; positive_reward_count: 23; success_count: 23; episode_count: 25; random_exploration_count: 26; random_action_prob: 0.1553
make_subtrust -0.010277777777777778 36
move_asset -0.009473684210526315 38
sell_asset 24.708571428571428 28
give_vesting_power 1.2196153846153845 26
update_start: 96; random_action_prob: 0.1545
update_complete: 96; loss: 43.98280334472656; cumulative_reward: 460.61; invalid_count: 0; positive_reward_count: 16; success_count: 16; episode_count: 18; random_exploration_count: 20; random_action_prob: 0.1545
make_subtrust -0.0228 50
move_asset -0.027631578947368424 38
sell_asset 22.06380952380952 21
give_vesting_power -0.028421052631578948 19
update_start: 97; random_action_prob: 0.1537
update_complete: 97; loss: 46.90304692586263; cumulative_reward: 407.08999999999975; invalid_count: 0; positive_reward_count: 14; success_count: 14; episode_count: 16; random_exploration_count: 22; random_action_prob: 0.1537
make_subtrust -0.02819672131147541 61
move_asset -0.047419354838709675 31
sell_asset 22.840555555555554 18
give_vesting_power -0.04722222222222223 18
update_start: 98; random_action_prob: 0.1530
update_complete: 98; loss: 57.563158671061196; cumulative_reward: 604.2600000000002; invalid_count: 0; positive_reward_count: 19; success_count: 19; episode_count: 19; random_exploration_count: 16; random_action_prob: 0.1530
make_subtrust -0.024821428571428574 56
move_asset -0.03214285714285715 28
sell_asset 30.365499999999997 20
give_vesting_power -0.03166666666666667 24
update_start: 99; random_action_prob: 0.1522
update_complete: 99; loss: 61.265524546305336; cumulative_reward: 668.6499999999999; invalid_count: 0; positive_reward_count: 21; success_count: 21; episode_count: 21; random_exploration_count: 18; random_action_prob: 0.1522
make_subtrust -0.023090909090909092 55
move_asset -0.026333333333333334 30
sell_asset 31.97047619047619 21
give_vesting_power -0.030454545454545456 22
2026-08-07T16:10:15 completed distressed_assets run=6 elapsed_seconds=1022.63 updates_logged=100
2026-08-07T16:10:15 running distressed_assets run=7 seed=1736
env_variant: HardTaxEnv
update_start: 0; random_action_prob: 0.2500
update_complete: 0; loss: 0.5577152470747629; cumulative_reward: -0.8500000000000003; invalid_count: 0; positive_reward_count: 0; success_count: 0; episode_count: 12; random_exploration_count: 33; random_action_prob: 0.2500
make_subtrust -0.0228125 32
move_asset -0.0013432835820895521 67
sell_asset -0.0010344827586206897 29
update_start: 1; random_action_prob: 0.2487
update_complete: 1; loss: 0.4606480598449707; cumulative_reward: -0.9100000000000004; invalid_count: 0; positive_reward_count: 0; success_count: 0; episode_count: 12; random_exploration_count: 29; random_action_prob: 0.2487
make_subtrust -0.020882352941176473 34
move_asset -0.0024285714285714284 70
sell_asset 0.0 21
give_vesting_power -0.01 3
update_start: 2; random_action_prob: 0.2475
update_complete: 2; loss: 0.30558521548906964; cumulative_reward: -0.6600000000000003; invalid_count: 0; positive_reward_count: 0; success_count: 0; episode_count: 12; random_exploration_count: 38; random_action_prob: 0.2475
make_subtrust -0.015384615384615385 26
move_asset -0.0022891566265060242 83
sell_asset -0.000625 16
give_vesting_power -0.02 3
update_start: 3; random_action_prob: 0.2463
update_complete: 3; loss: 0.1321989248196284; cumulative_reward: -1.2100000000000009; invalid_count: 0; positive_reward_count: 0; success_count: 0; episode_count: 12; random_exploration_count: 32; random_action_prob: 0.2463
make_subtrust -0.016428571428571428 28
move_asset -0.007500000000000001 88
sell_asset -0.006 10
give_vesting_power -0.015 2
update_start: 4; random_action_prob: 0.2450
update_complete: 4; loss: 0.6392320593198141; cumulative_reward: -12.829999999999997; invalid_count: 0; positive_reward_count: 0; success_count: 0; episode_count: 12; random_exploration_count: 29; random_action_prob: 0.2450
make_subtrust -0.01793103448275862 29
move_asset -0.004189189189189189 74
sell_asset -0.5714285714285714 21
give_vesting_power 0.0 4
update_start: 5; random_action_prob: 0.2438
update_complete: 5; loss: 0.14469884087642035; cumulative_reward: -0.44000000000000017; invalid_count: 0; positive_reward_count: 0; success_count: 0; episode_count: 12; random_exploration_count: 32; random_action_prob: 0.2438
make_subtrust -0.01 24
move_asset -0.002352941176470588 85
sell_asset 0.0 17
give_vesting_power 0.0 2
update_start: 6; random_action_prob: 0.2426
update_complete: 6; loss: 0.11084876209497452; cumulative_reward: -1.4300000000000008; invalid_count: 0; positive_reward_count: 0; success_count: 0; episode_count: 12; random_exploration_count: 20; random_action_prob: 0.2426
make_subtrust -0.016363636363636365 33
move_asset -0.010609756097560976 82
sell_asset -0.0015384615384615385 13
update_start: 7; random_action_prob: 0.2414
update_complete: 7; loss: 0.04113683539132277; cumulative_reward: -2.3000000000000003; invalid_count: 0; positive_reward_count: 0; success_count: 0; episode_count: 12; random_exploration_count: 28; random_action_prob: 0.2414
make_subtrust -0.019714285714285715 35
move_asset -0.017714285714285714 70
sell_asset -0.016363636363636365 22
give_vesting_power -0.01 1
update_start: 8; random_action_prob: 0.2402
update_complete: 8; loss: 0.05687520280480385; cumulative_reward: -0.41000000000000003; invalid_count: 0; positive_reward_count: 0; success_count: 0; episode_count: 12; random_exploration_count: 22; random_action_prob: 0.2402
make_subtrust -0.014166666666666668 24
move_asset -0.0008750000000000001 80
sell_asset 0.0 23
give_vesting_power 0.0 1
update_start: 9; random_action_prob: 0.2390
update_complete: 9; loss: 0.08694685498873393; cumulative_reward: -0.8400000000000002; invalid_count: 0; positive_reward_count: 0; success_count: 0; episode_count: 12; random_exploration_count: 28; random_action_prob: 0.2390
make_subtrust -0.020540540540540542 37
move_asset -0.0005263157894736842 57
sell_asset -0.0015151515151515152 33
give_vesting_power 0.0 1
update_start: 10; random_action_prob: 0.2378
update_complete: 10; loss: 0.16694019734859467; cumulative_reward: -0.7700000000000002; invalid_count: 0; positive_reward_count: 0; success_count: 0; episode_count: 12; random_exploration_count: 32; random_action_prob: 0.2378
make_subtrust -0.014074074074074074 27
move_asset -0.004125 80
sell_asset -0.003157894736842105 19
give_vesting_power 0.0 2
update_start: 11; random_action_prob: 0.2366
update_complete: 11; loss: 0.10794923702875774; cumulative_reward: -1.0600000000000005; invalid_count: 0; positive_reward_count: 0; success_count: 0; episode_count: 12; random_exploration_count: 29; random_action_prob: 0.2366
make_subtrust -0.01945945945945946 37
move_asset -0.0040625 64
sell_asset -0.002 25
give_vesting_power -0.015 2
update_start: 12; random_action_prob: 0.2354
update_complete: 12; loss: 0.09910833835601807; cumulative_reward: -1.2000000000000006; invalid_count: 0; positive_reward_count: 0; success_count: 0; episode_count: 12; random_exploration_count: 38; random_action_prob: 0.2354
make_subtrust -0.02 38
move_asset -0.004363636363636364 55
sell_asset -0.005588235294117647 34
give_vesting_power -0.01 1
update_start: 13; random_action_prob: 0.2342
update_complete: 13; loss: 0.08721674978733063; cumulative_reward: -1.3100000000000007; invalid_count: 0; positive_reward_count: 0; success_count: 0; episode_count: 12; random_exploration_count: 31; random_action_prob: 0.2342
make_subtrust -0.019761904761904765 42
move_asset -0.005283018867924529 53
sell_asset -0.006060606060606061 33
update_start: 14; random_action_prob: 0.2331
update_complete: 14; loss: 0.06845462570587794; cumulative_reward: -1.610000000000001; invalid_count: 0; positive_reward_count: 0; success_count: 0; episode_count: 12; random_exploration_count: 35; random_action_prob: 0.2331
make_subtrust -0.023125000000000003 48
move_asset -0.005853658536585366 41
sell_asset -0.006666666666666667 39
update_start: 15; random_action_prob: 0.2319
update_complete: 15; loss: 0.05026875560482343; cumulative_reward: -1.1700000000000006; invalid_count: 0; positive_reward_count: 0; success_count: 0; episode_count: 12; random_exploration_count: 32; random_action_prob: 0.2319
make_subtrust -0.02142857142857143 42
move_asset -0.003673469387755102 49
sell_asset -0.0025 36
give_vesting_power 0.0 1
update_start: 16; random_action_prob: 0.2307
update_complete: 16; loss: 0.01965754882742961; cumulative_reward: -1.0300000000000007; invalid_count: 0; positive_reward_count: 0; success_count: 0; episode_count: 12; random_exploration_count: 30; random_action_prob: 0.2307
make_subtrust -0.02 43
move_asset -0.0024 50
sell_asset -0.0008823529411764705 34
give_vesting_power -0.02 1
update_start: 17; random_action_prob: 0.2296
update_complete: 17; loss: 0.6329994400342306; cumulative_reward: -12.609999999999998; invalid_count: 0; positive_reward_count: 0; success_count: 0; episode_count: 12; random_exploration_count: 34; random_action_prob: 0.2296
make_subtrust -0.015384615384615384 39
move_asset -0.00018181818181818183 55
sell_asset -0.36363636363636365 33
give_vesting_power 0.0 1
update_start: 18; random_action_prob: 0.2284
update_complete: 18; loss: 0.11826484153668086; cumulative_reward: -0.8900000000000005; invalid_count: 0; positive_reward_count: 0; success_count: 0; episode_count: 12; random_exploration_count: 29; random_action_prob: 0.2284
make_subtrust -0.016923076923076923 39
move_asset -0.003090909090909091 55
sell_asset -0.0003125 32
give_vesting_power -0.025 2
update_start: 19; random_action_prob: 0.2273
update_complete: 19; loss: 0.09535131106774013; cumulative_reward: -0.9900000000000004; invalid_count: 0; positive_reward_count: 0; success_count: 0; episode_count: 12; random_exploration_count: 36; random_action_prob: 0.2273
make_subtrust -0.015813953488372095 43
move_asset -0.0036 50
sell_asset -0.003823529411764706 34
give_vesting_power 0.0 1
update_start: 20; random_action_prob: 0.2262
update_complete: 20; loss: 0.1741398423910141; cumulative_reward: -1.0300000000000005; invalid_count: 0; positive_reward_count: 0; success_count: 0; episode_count: 12; random_exploration_count: 26; random_action_prob: 0.2262
make_subtrust -0.01641025641025641 39
move_asset -0.004912280701754386 57
sell_asset -0.0034375 32
update_start: 21; random_action_prob: 0.2250
update_complete: 21; loss: 0.021352681641777355; cumulative_reward: -0.6400000000000002; invalid_count: 0; positive_reward_count: 0; success_count: 0; episode_count: 12; random_exploration_count: 25; random_action_prob: 0.2250
make_subtrust -0.014411764705882353 34
move_asset -0.0018181818181818182 66
sell_asset 0.0 26
give_vesting_power -0.015 2
update_start: 22; random_action_prob: 0.2239
update_complete: 22; loss: 0.10754373669624329; cumulative_reward: -0.9100000000000006; invalid_count: 0; positive_reward_count: 0; success_count: 0; episode_count: 12; random_exploration_count: 24; random_action_prob: 0.2239
make_subtrust -0.015945945945945946 37
move_asset -0.004655172413793104 58
sell_asset -0.0015625 32
give_vesting_power 0.0 1
update_start: 23; random_action_prob: 0.2228
update_complete: 23; loss: 0.04604746028780937; cumulative_reward: -1.390000000000001; invalid_count: 0; positive_reward_count: 0; success_count: 0; episode_count: 12; random_exploration_count: 26; random_action_prob: 0.2228
make_subtrust -0.015675675675675675 37
move_asset -0.010153846153846154 65
sell_asset -0.005769230769230769 26
update_start: 24; random_action_prob: 0.2217
update_complete: 24; loss: 0.20948335031668344; cumulative_reward: -0.8400000000000003; invalid_count: 0; positive_reward_count: 0; success_count: 0; episode_count: 12; random_exploration_count: 32; random_action_prob: 0.2217
make_subtrust -0.013571428571428571 28
move_asset -0.004810126582278481 79
sell_asset -0.0038095238095238095 21
update_start: 25; random_action_prob: 0.2206
update_complete: 25; loss: 0.05380309745669365; cumulative_reward: -0.6900000000000003; invalid_count: 0; positive_reward_count: 0; success_count: 0; episode_count: 12; random_exploration_count: 22; random_action_prob: 0.2206
make_subtrust -0.016153846153846154 39
move_asset -0.000819672131147541 61
sell_asset 0.0 27
give_vesting_power -0.01 1
update_start: 26; random_action_prob: 0.2195
update_complete: 26; loss: 0.13169795274734497; cumulative_reward: -0.8100000000000004; invalid_count: 0; positive_reward_count: 0; success_count: 0; episode_count: 12; random_exploration_count: 23; random_action_prob: 0.2195
make_subtrust -0.018974358974358976 39
move_asset -0.0007017543859649123 57
sell_asset -0.0009375 32
update_start: 27; random_action_prob: 0.2184
update_complete: 27; loss: 0.05874723196029663; cumulative_reward: -0.9000000000000004; invalid_count: 0; positive_reward_count: 0; success_count: 0; episode_count: 12; random_exploration_count: 37; random_action_prob: 0.2184
make_subtrust -0.015555555555555557 36
move_asset -0.004193548387096774 62
sell_asset -0.0026666666666666666 30
update_start: 28; random_action_prob: 0.2173
update_complete: 28; loss: 0.07414550334215164; cumulative_reward: -0.46000000000000013; invalid_count: 0; positive_reward_count: 0; success_count: 0; episode_count: 12; random_exploration_count: 32; random_action_prob: 0.2173
make_subtrust -0.012857142857142857 28
move_asset -0.001388888888888889 72
sell_asset 0.0 28
update_start: 29; random_action_prob: 0.2162
update_complete: 29; loss: 0.03457544930279255; cumulative_reward: -0.9600000000000002; invalid_count: 0; positive_reward_count: 0; success_count: 0; episode_count: 12; random_exploration_count: 28; random_action_prob: 0.2162
make_subtrust -0.015882352941176472 34
move_asset -0.005161290322580645 62
sell_asset -0.0032258064516129032 31
give_vesting_power 0.0 1
update_start: 30; random_action_prob: 0.2151
update_complete: 30; loss: 0.022431189194321632; cumulative_reward: -0.7800000000000002; invalid_count: 0; positive_reward_count: 0; success_count: 0; episode_count: 12; random_exploration_count: 18; random_action_prob: 0.2151
make_subtrust -0.016153846153846154 39
move_asset -0.002586206896551724 58
sell_asset 0.0 31
update_start: 31; random_action_prob: 0.2140
update_complete: 31; loss: 0.07173110544681549; cumulative_reward: -0.7800000000000002; invalid_count: 0; positive_reward_count: 0; success_count: 0; episode_count: 12; random_exploration_count: 27; random_action_prob: 0.2140
make_subtrust -0.015588235294117648 34
move_asset -0.0032307692307692306 65
sell_asset -0.0011111111111111111 27
give_vesting_power -0.005 2
update_start: 32; random_action_prob: 0.2130
update_complete: 32; loss: 0.03499641393621763; cumulative_reward: -0.7800000000000004; invalid_count: 0; positive_reward_count: 0; success_count: 0; episode_count: 12; random_exploration_count: 22; random_action_prob: 0.2130
make_subtrust -0.01846153846153846 39
move_asset -0.0005357142857142857 56
sell_asset -0.0009090909090909091 33
update_start: 33; random_action_prob: 0.2119
update_complete: 33; loss: 0.1917729377746582; cumulative_reward: -0.5900000000000002; invalid_count: 0; positive_reward_count: 0; success_count: 0; episode_count: 12; random_exploration_count: 29; random_action_prob: 0.2119
make_subtrust -0.013125 32
move_asset -0.002112676056338028 71
sell_asset -0.0008 25
update_start: 34; random_action_prob: 0.2108
update_complete: 34; loss: 4.576595465342204; cumulative_reward: 31.459999999999997; invalid_count: 0; positive_reward_count: 1; success_count: 1; episode_count: 12; random_exploration_count: 27; random_action_prob: 0.2108
make_subtrust -0.012758620689655172 29
move_asset -0.0014084507042253522 71
sell_asset 1.2292307692307691 26
give_vesting_power -0.015 2
update_start: 35; random_action_prob: 0.2098
update_complete: 35; loss: 0.4806094268957774; cumulative_reward: -0.5600000000000003; invalid_count: 0; positive_reward_count: 0; success_count: 0; episode_count: 12; random_exploration_count: 21; random_action_prob: 0.2098
make_subtrust -0.012121212121212121 33
move_asset -0.001911764705882353 68
sell_asset 0.0 26
give_vesting_power -0.03 1
update_start: 36; random_action_prob: 0.2087
update_complete: 36; loss: 0.1916051059961319; cumulative_reward: -1.400000000000001; invalid_count: 0; positive_reward_count: 0; success_count: 0; episode_count: 12; random_exploration_count: 32; random_action_prob: 0.2087
make_subtrust -0.018611111111111113 36
move_asset -0.009000000000000001 60
sell_asset -0.0059375 32
update_start: 37; random_action_prob: 0.2077
update_complete: 37; loss: 5.07411527633667; cumulative_reward: 31.229999999999986; invalid_count: 0; positive_reward_count: 1; success_count: 1; episode_count: 12; random_exploration_count: 23; random_action_prob: 0.2077
make_subtrust -0.011000000000000001 30
move_asset -0.005 72
sell_asset -0.0025 24
give_vesting_power 15.989999999999998 2
update_start: 38; random_action_prob: 0.2066
update_complete: 38; loss: 0.17570633192857107; cumulative_reward: -1.2100000000000009; invalid_count: 0; positive_reward_count: 0; success_count: 0; episode_count: 12; random_exploration_count: 31; random_action_prob: 0.2066
make_subtrust -0.018000000000000002 30
move_asset -0.006625000000000001 80
sell_asset -0.007777777777777777 18
update_start: 39; random_action_prob: 0.2056
update_complete: 39; loss: 0.1689273864030838; cumulative_reward: -0.9100000000000004; invalid_count: 0; positive_reward_count: 0; success_count: 0; episode_count: 12; random_exploration_count: 26; random_action_prob: 0.2056
make_subtrust -0.015384615384615384 39
move_asset -0.00390625 64
sell_asset -0.0024 25
update_start: 40; random_action_prob: 0.2046
update_complete: 40; loss: 0.3479609787464142; cumulative_reward: -1.400000000000001; invalid_count: 0; positive_reward_count: 0; success_count: 0; episode_count: 12; random_exploration_count: 29; random_action_prob: 0.2046
make_subtrust -0.0175 36
move_asset -0.009710144927536232 69
sell_asset -0.0014285714285714286 21
give_vesting_power -0.035 2
update_start: 41; random_action_prob: 0.2036
update_complete: 41; loss: 0.13989640772342682; cumulative_reward: -0.9100000000000005; invalid_count: 0; positive_reward_count: 0; success_count: 0; episode_count: 12; random_exploration_count: 27; random_action_prob: 0.2036
make_subtrust -0.012894736842105263 38
move_asset -0.0047457627118644066 59
sell_asset -0.004827586206896552 29
give_vesting_power 0.0 2
update_start: 42; random_action_prob: 0.2025
update_complete: 42; loss: 0.12084949513276418; cumulative_reward: -0.7500000000000002; invalid_count: 0; positive_reward_count: 0; success_count: 0; episode_count: 12; random_exploration_count: 29; random_action_prob: 0.2025
make_subtrust -0.011875 32
move_asset -0.0035820895522388064 67
sell_asset -0.002962962962962963 27
give_vesting_power -0.025 2
update_start: 43; random_action_prob: 0.2015
update_complete: 43; loss: 0.08409098535776138; cumulative_reward: -1.0600000000000005; invalid_count: 0; positive_reward_count: 0; success_count: 0; episode_count: 12; random_exploration_count: 24; random_action_prob: 0.2015
make_subtrust -0.015121951219512195 41
move_asset -0.006470588235294118 51
sell_asset -0.002857142857142857 35
give_vesting_power -0.01 1
update_start: 44; random_action_prob: 0.2005
update_complete: 44; loss: 0.04711072395245234; cumulative_reward: -0.9500000000000006; invalid_count: 0; positive_reward_count: 0; success_count: 0; episode_count: 12; random_exploration_count: 24; random_action_prob: 0.2005
make_subtrust -0.015384615384615384 39
move_asset -0.0044444444444444444 54
sell_asset -0.003142857142857143 35
update_start: 45; random_action_prob: 0.1995
update_complete: 45; loss: 0.07416636248429616; cumulative_reward: -1.0800000000000005; invalid_count: 0; positive_reward_count: 0; success_count: 0; episode_count: 12; random_exploration_count: 16; random_action_prob: 0.1995
make_subtrust -0.01783783783783784 37
move_asset -0.005 56
sell_asset -0.004 35
update_start: 46; random_action_prob: 0.1985
update_complete: 46; loss: 0.14002961417039236; cumulative_reward: -1.2000000000000006; invalid_count: 0; positive_reward_count: 0; success_count: 0; episode_count: 12; random_exploration_count: 29; random_action_prob: 0.1985
make_subtrust -0.018085106382978722 47
move_asset -0.004285714285714286 42
sell_asset -0.00435897435897436 39
update_start: 47; random_action_prob: 0.1975
update_complete: 47; loss: 4.02121376991272; cumulative_reward: 31.02; invalid_count: 0; positive_reward_count: 1; success_count: 1; episode_count: 13; random_exploration_count: 34; random_action_prob: 0.1975
make_subtrust -0.014000000000000002 40
move_asset -0.004489795918367347 49
sell_asset 0.8368421052631579 38
give_vesting_power 0.0 1
update_start: 48; random_action_prob: 0.1965
update_complete: 48; loss: 0.31177131334940594; cumulative_reward: -1.300000000000001; invalid_count: 0; positive_reward_count: 0; success_count: 0; episode_count: 12; random_exploration_count: 32; random_action_prob: 0.1965
make_subtrust -0.02 45
move_asset -0.0035555555555555557 45
sell_asset -0.00631578947368421 38
update_start: 49; random_action_prob: 0.1956
update_complete: 49; loss: 0.1659496153394381; cumulative_reward: -0.7100000000000003; invalid_count: 0; positive_reward_count: 0; success_count: 0; episode_count: 12; random_exploration_count: 20; random_action_prob: 0.1956
make_subtrust -0.015106382978723404 47
move_asset 0.0 42
sell_asset 0.0 39
update_start: 50; random_action_prob: 0.1946
update_complete: 50; loss: 0.12876692662636438; cumulative_reward: -0.7500000000000003; invalid_count: 0; positive_reward_count: 0; success_count: 0; episode_count: 12; random_exploration_count: 16; random_action_prob: 0.1946
make_subtrust -0.014374999999999999 48
move_asset -0.0007317073170731707 41
sell_asset -0.0007692307692307692 39
update_start: 51; random_action_prob: 0.1936
update_complete: 51; loss: 0.07384055232008298; cumulative_reward: -0.7800000000000005; invalid_count: 0; positive_reward_count: 0; success_count: 0; episode_count: 12; random_exploration_count: 15; random_action_prob: 0.1936
make_subtrust -0.015918367346938776 49
move_asset 0.0 40
sell_asset 0.0 39
update_start: 52; random_action_prob: 0.1926
update_complete: 52; loss: 0.12427899738152821; cumulative_reward: -1.0200000000000005; invalid_count: 0; positive_reward_count: 0; success_count: 0; episode_count: 12; random_exploration_count: 24; random_action_prob: 0.1926
make_subtrust -0.020425531914893616 47
move_asset -0.0007142857142857143 42
sell_asset -0.0007692307692307692 39
update_start: 53; random_action_prob: 0.1917
update_complete: 53; loss: 0.09576866527398427; cumulative_reward: -0.9300000000000006; invalid_count: 0; positive_reward_count: 0; success_count: 0; episode_count: 12; random_exploration_count: 31; random_action_prob: 0.1917
make_subtrust -0.01875 48
move_asset 0.0 41
sell_asset -0.0007692307692307692 39
update_start: 54; random_action_prob: 0.1907
update_complete: 54; loss: 0.03399862411121527; cumulative_reward: -0.8500000000000005; invalid_count: 0; positive_reward_count: 0; success_count: 0; episode_count: 12; random_exploration_count: 22; random_action_prob: 0.1907
make_subtrust -0.01489795918367347 49
move_asset -0.001951219512195122 41
sell_asset -0.0010526315789473684 38
update_start: 55; random_action_prob: 0.1898
update_complete: 55; loss: 0.1476828008890152; cumulative_reward: -1.0000000000000004; invalid_count: 0; positive_reward_count: 0; success_count: 0; episode_count: 12; random_exploration_count: 29; random_action_prob: 0.1898
make_subtrust -0.019583333333333335 48
move_asset -0.0007317073170731707 41
sell_asset -0.0007692307692307692 39
update_start: 56; random_action_prob: 0.1888
update_complete: 56; loss: 0.059407688677310944; cumulative_reward: -0.5900000000000002; invalid_count: 0; positive_reward_count: 0; success_count: 0; episode_count: 12; random_exploration_count: 28; random_action_prob: 0.1888
make_subtrust -0.014871794871794871 39
move_asset -0.00018181818181818183 55
sell_asset 0.0 34
update_start: 57; random_action_prob: 0.1879
update_complete: 57; loss: 0.024044647812843323; cumulative_reward: -0.9000000000000004; invalid_count: 0; positive_reward_count: 0; success_count: 0; episode_count: 12; random_exploration_count: 19; random_action_prob: 0.1879
make_subtrust -0.019130434782608695 46
move_asset -0.00023255813953488373 43
sell_asset -0.0002564102564102564 39
update_start: 58; random_action_prob: 0.1869
update_complete: 58; loss: 0.12361819048722585; cumulative_reward: -0.8400000000000004; invalid_count: 0; positive_reward_count: 0; success_count: 0; episode_count: 12; random_exploration_count: 25; random_action_prob: 0.1869
make_subtrust -0.017142857142857144 49
move_asset 0.0 40
sell_asset 0.0 39
update_start: 59; random_action_prob: 0.1860
update_complete: 59; loss: 0.05842928464214007; cumulative_reward: -0.7000000000000003; invalid_count: 0; positive_reward_count: 0; success_count: 0; episode_count: 12; random_exploration_count: 29; random_action_prob: 0.1860
make_subtrust -0.01641025641025641 39
move_asset 0.0 53
sell_asset -0.0017142857142857142 35
give_vesting_power 0.0 1
update_start: 60; random_action_prob: 0.1851
update_complete: 60; loss: 0.07006994138161342; cumulative_reward: -0.6200000000000002; invalid_count: 0; positive_reward_count: 0; success_count: 0; episode_count: 12; random_exploration_count: 23; random_action_prob: 0.1851
make_subtrust -0.016176470588235296 34
move_asset -0.0009836065573770492 61
sell_asset -0.0003125 32
give_vesting_power 0.0 1
update_start: 61; random_action_prob: 0.1841
update_complete: 61; loss: 0.09047720581293106; cumulative_reward: -0.6200000000000003; invalid_count: 0; positive_reward_count: 0; success_count: 0; episode_count: 12; random_exploration_count: 20; random_action_prob: 0.1841
make_subtrust -0.01435897435897436 39
move_asset -0.0005454545454545455 55
sell_asset -0.0009090909090909091 33
give_vesting_power 0.0 1
update_start: 62; random_action_prob: 0.1832
update_complete: 62; loss: 0.054147848238547645; cumulative_reward: -0.6700000000000004; invalid_count: 0; positive_reward_count: 0; success_count: 0; episode_count: 12; random_exploration_count: 20; random_action_prob: 0.1832
make_subtrust -0.015952380952380954 42
move_asset 0.0 50
sell_asset 0.0 36
update_start: 63; random_action_prob: 0.1823
update_complete: 63; loss: 0.26634403069814044; cumulative_reward: -0.7200000000000002; invalid_count: 0; positive_reward_count: 0; success_count: 0; episode_count: 12; random_exploration_count: 25; random_action_prob: 0.1823
make_subtrust -0.015217391304347825 46
move_asset -0.00022727272727272727 44
sell_asset -0.0002631578947368421 38
update_start: 64; random_action_prob: 0.1814
update_complete: 64; loss: 0.22032771011193594; cumulative_reward: -0.7700000000000002; invalid_count: 0; positive_reward_count: 0; success_count: 0; episode_count: 12; random_exploration_count: 24; random_action_prob: 0.1814
make_subtrust -0.017209302325581394 43
move_asset 0.0 51
sell_asset -0.0009090909090909091 33
give_vesting_power 0.0 1
update_start: 65; random_action_prob: 0.1805
update_complete: 65; loss: 0.3684675395488739; cumulative_reward: -0.3500000000000001; invalid_count: 0; positive_reward_count: 0; success_count: 0; episode_count: 12; random_exploration_count: 34; random_action_prob: 0.1805
make_subtrust -0.010666666666666666 30
move_asset -0.00029411764705882356 68
sell_asset -0.0003448275862068966 29
give_vesting_power 0.0 1
update_start: 66; random_action_prob: 0.1796
update_complete: 66; loss: 0.13778874278068542; cumulative_reward: -0.6900000000000003; invalid_count: 0; positive_reward_count: 0; success_count: 0; episode_count: 12; random_exploration_count: 21; random_action_prob: 0.1796
make_subtrust -0.015681818181818182 44
move_asset 0.0 50
sell_asset 0.0 34
update_start: 67; random_action_prob: 0.1787
update_complete: 67; loss: 0.06069551035761833; cumulative_reward: -0.6800000000000002; invalid_count: 0; positive_reward_count: 0; success_count: 0; episode_count: 12; random_exploration_count: 24; random_action_prob: 0.1787
make_subtrust -0.017 40
move_asset 0.0 51
sell_asset 0.0 36
give_vesting_power 0.0 1
update_start: 68; random_action_prob: 0.1778
update_complete: 68; loss: 8.523049672444662; cumulative_reward: 63.39999999999999; invalid_count: 0; positive_reward_count: 2; success_count: 2; episode_count: 13; random_exploration_count: 18; random_action_prob: 0.1778
make_subtrust -0.015 40
move_asset 0.0 51
sell_asset 0.9142857142857143 35
give_vesting_power 16.0 2
update_start: 69; random_action_prob: 0.1769
update_complete: 69; loss: 0.2899979402621587; cumulative_reward: -0.6900000000000004; invalid_count: 0; positive_reward_count: 0; success_count: 0; episode_count: 12; random_exploration_count: 23; random_action_prob: 0.1769
make_subtrust -0.014594594594594595 37
move_asset -0.002542372881355932 59
sell_asset 0.0 31
give_vesting_power 0.0 1
update_start: 70; random_action_prob: 0.1760
update_complete: 70; loss: 0.7846030791600546; cumulative_reward: -12.4; invalid_count: 0; positive_reward_count: 0; success_count: 0; episode_count: 12; random_exploration_count: 23; random_action_prob: 0.1760
make_subtrust -0.012121212121212121 33
move_asset 0.0 63
sell_asset -0.4 30
give_vesting_power 0.0 2
update_start: 71; random_action_prob: 0.1751
update_complete: 71; loss: 0.24565137922763824; cumulative_reward: -0.8200000000000002; invalid_count: 0; positive_reward_count: 0; success_count: 0; episode_count: 12; random_exploration_count: 18; random_action_prob: 0.1751
make_subtrust -0.017058823529411765 34
move_asset -0.00375 64
sell_asset 0.0 30
update_start: 72; random_action_prob: 0.1743
update_complete: 72; loss: 0.23875229557355246; cumulative_reward: -0.8200000000000005; invalid_count: 0; positive_reward_count: 0; success_count: 0; episode_count: 12; random_exploration_count: 28; random_action_prob: 0.1743
make_subtrust -0.015897435897435898 39
move_asset -0.002786885245901639 61
sell_asset 0.0 26
give_vesting_power -0.015 2
update_start: 73; random_action_prob: 0.1734
update_complete: 73; loss: 0.158308615287145; cumulative_reward: -0.6000000000000003; invalid_count: 0; positive_reward_count: 0; success_count: 0; episode_count: 12; random_exploration_count: 19; random_action_prob: 0.1734
make_subtrust -0.013235294117647059 34
move_asset -0.0018461538461538461 65
sell_asset -0.0010344827586206897 29
update_start: 74; random_action_prob: 0.1725
update_complete: 74; loss: 0.1650853157043457; cumulative_reward: -0.40000000000000013; invalid_count: 0; positive_reward_count: 0; success_count: 0; episode_count: 12; random_exploration_count: 18; random_action_prob: 0.1725
make_subtrust -0.011515151515151515 33
move_asset -0.00030303030303030303 66
sell_asset 0.0 27
give_vesting_power 0.0 2
update_start: 75; random_action_prob: 0.1717
update_complete: 75; loss: 0.13135995964209238; cumulative_reward: -0.56; invalid_count: 0; positive_reward_count: 0; success_count: 0; episode_count: 12; random_exploration_count: 30; random_action_prob: 0.1717
make_subtrust -0.013142857142857144 35
move_asset -0.0009836065573770492 61
sell_asset -0.0012903225806451613 31
give_vesting_power 0.0 1
update_start: 76; random_action_prob: 0.1708
update_complete: 76; loss: 0.06433675686518352; cumulative_reward: -0.7400000000000003; invalid_count: 0; positive_reward_count: 0; success_count: 0; episode_count: 12; random_exploration_count: 15; random_action_prob: 0.1708
make_subtrust -0.017 40
move_asset -0.0005555555555555556 54
sell_asset -0.0009090909090909091 33
give_vesting_power 0.0 1
update_start: 77; random_action_prob: 0.1699
update_complete: 77; loss: 0.05371150250236193; cumulative_reward: -0.7300000000000004; invalid_count: 0; positive_reward_count: 0; success_count: 0; episode_count: 12; random_exploration_count: 21; random_action_prob: 0.1699
make_subtrust -0.01622222222222222 45
move_asset 0.0 45
sell_asset 0.0 38
update_start: 78; random_action_prob: 0.1691
update_complete: 78; loss: 0.036020394414663315; cumulative_reward: -0.8000000000000004; invalid_count: 0; positive_reward_count: 0; success_count: 0; episode_count: 12; random_exploration_count: 16; random_action_prob: 0.1691
make_subtrust -0.014390243902439023 41
move_asset -0.0030188679245283017 53
sell_asset -0.0014705882352941176 34
update_start: 79; random_action_prob: 0.1683
update_complete: 79; loss: 0.10384846230347951; cumulative_reward: -1.0500000000000005; invalid_count: 0; positive_reward_count: 0; success_count: 0; episode_count: 12; random_exploration_count: 25; random_action_prob: 0.1683
make_subtrust -0.02020833333333333 48
move_asset -0.0016279069767441861 43
sell_asset -0.0002702702702702703 37
update_start: 80; random_action_prob: 0.1674
update_complete: 80; loss: 4.333446343739827; cumulative_reward: 31.08; invalid_count: 0; positive_reward_count: 1; success_count: 1; episode_count: 13; random_exploration_count: 27; random_action_prob: 0.1674
make_subtrust -0.015 38
move_asset -0.003653846153846154 52
sell_asset 0.8608108108108108 37
give_vesting_power -0.01 1
update_start: 81; random_action_prob: 0.1666
update_complete: 81; loss: 0.1972913295030594; cumulative_reward: -0.5900000000000002; invalid_count: 0; positive_reward_count: 0; success_count: 0; episode_count: 12; random_exploration_count: 22; random_action_prob: 0.1666
make_subtrust -0.013255813953488372 43
move_asset -0.000425531914893617 47
sell_asset 0.0 38
update_start: 82; random_action_prob: 0.1657
update_complete: 82; loss: 4.1628157297770185; cumulative_reward: 31.089999999999975; invalid_count: 0; positive_reward_count: 1; success_count: 1; episode_count: 13; random_exploration_count: 22; random_action_prob: 0.1657
make_subtrust -0.01702127659574468 47
move_asset -0.0011904761904761906 42
sell_asset 0.8407894736842105 38
give_vesting_power -0.01 1
update_start: 83; random_action_prob: 0.1649
update_complete: 83; loss: 0.26773203412691754; cumulative_reward: -0.7700000000000004; invalid_count: 0; positive_reward_count: 0; success_count: 0; episode_count: 12; random_exploration_count: 27; random_action_prob: 0.1649
make_subtrust -0.016046511627906976 43
move_asset -0.0014893617021276594 47
sell_asset -0.0002631578947368421 38
update_start: 84; random_action_prob: 0.1641
update_complete: 84; loss: 0.14650991062323251; cumulative_reward: -0.8600000000000004; invalid_count: 0; positive_reward_count: 0; success_count: 0; episode_count: 12; random_exploration_count: 12; random_action_prob: 0.1641
make_subtrust -0.014791666666666667 48
move_asset -0.002195121951219512 41
sell_asset -0.0015384615384615385 39
update_start: 85; random_action_prob: 0.1633
update_complete: 85; loss: 4.111687580744426; cumulative_reward: 31.089999999999993; invalid_count: 0; positive_reward_count: 1; success_count: 1; episode_count: 13; random_exploration_count: 18; random_action_prob: 0.1633
make_subtrust -0.017916666666666668 48
move_asset -0.0004878048780487805 41
sell_asset 0.841578947368421 38
give_vesting_power -0.01 1
update_start: 86; random_action_prob: 0.1625
update_complete: 86; loss: 0.22882220149040222; cumulative_reward: -1.0000000000000004; invalid_count: 0; positive_reward_count: 0; success_count: 0; episode_count: 12; random_exploration_count: 28; random_action_prob: 0.1625
make_subtrust -0.01782608695652174 46
move_asset -0.002888888888888889 45
sell_asset -0.0013513513513513514 37
update_start: 87; random_action_prob: 0.1616
update_complete: 87; loss: 0.12744813909133276; cumulative_reward: -0.8100000000000004; invalid_count: 0; positive_reward_count: 0; success_count: 0; episode_count: 12; random_exploration_count: 18; random_action_prob: 0.1616
make_subtrust -0.014782608695652176 46
move_asset -0.0018181818181818182 44
sell_asset -0.0013157894736842105 38
update_start: 88; random_action_prob: 0.1608
update_complete: 88; loss: 0.1314705883463224; cumulative_reward: -0.6300000000000003; invalid_count: 0; positive_reward_count: 0; success_count: 0; episode_count: 12; random_exploration_count: 24; random_action_prob: 0.1608
make_subtrust -0.013999999999999999 40
move_asset -0.001372549019607843 51
sell_asset 0.0 37
update_start: 89; random_action_prob: 0.1600
update_complete: 89; loss: 7.126505692799886; cumulative_reward: 63.43999999999999; invalid_count: 0; positive_reward_count: 2; success_count: 2; episode_count: 13; random_exploration_count: 22; random_action_prob: 0.1600
make_subtrust -0.014000000000000002 40
move_asset 0.0 49
sell_asset 1.7297297297297298 37
give_vesting_power 0.0 2
update_start: 90; random_action_prob: 0.1592
update_complete: 90; loss: 0.5196455220381418; cumulative_reward: -0.5700000000000002; invalid_count: 0; positive_reward_count: 0; success_count: 0; episode_count: 12; random_exploration_count: 19; random_action_prob: 0.1592
make_subtrust -0.013902439024390242 41
move_asset 0.0 50
sell_asset 0.0 36
give_vesting_power 0.0 1
update_start: 91; random_action_prob: 0.1584
update_complete: 91; loss: 4.095737139383952; cumulative_reward: 31.119999999999994; invalid_count: 0; positive_reward_count: 1; success_count: 1; episode_count: 13; random_exploration_count: 26; random_action_prob: 0.1584
make_subtrust -0.01575 40
move_asset -0.00392156862745098 51
sell_asset 0.8875 36
give_vesting_power 0.0 1
update_start: 92; random_action_prob: 0.1576
update_complete: 92; loss: 7.612826824188232; cumulative_reward: 51.440000000000005; invalid_count: 0; positive_reward_count: 2; success_count: 2; episode_count: 13; random_exploration_count: 24; random_action_prob: 0.1576
make_subtrust -0.013783783783783784 37
move_asset -0.0005769230769230769 52
sell_asset 1.5754545454545454 33
give_vesting_power -0.0016666666666666668 6
update_start: 93; random_action_prob: 0.1569
update_complete: 93; loss: 3.939051310221354; cumulative_reward: 31.199999999999992; invalid_count: 0; positive_reward_count: 1; success_count: 1; episode_count: 13; random_exploration_count: 20; random_action_prob: 0.1569
make_subtrust -0.01688888888888889 45
move_asset -0.00046511627906976747 43
sell_asset 0.888611111111111 36
give_vesting_power -0.0025 4
update_start: 94; random_action_prob: 0.1561
update_complete: 94; loss: 8.421476046244303; cumulative_reward: 51.26999999999998; invalid_count: 0; positive_reward_count: 2; success_count: 2; episode_count: 13; random_exploration_count: 20; random_action_prob: 0.1561
make_subtrust -0.015454545454545455 44
move_asset -0.0006818181818181818 44
sell_asset 1.4441666666666668 36
give_vesting_power -0.0025 4
update_start: 95; random_action_prob: 0.1553
update_complete: 95; loss: 8.722049077351889; cumulative_reward: 51.35; invalid_count: 0; positive_reward_count: 2; success_count: 2; episode_count: 13; random_exploration_count: 19; random_action_prob: 0.1553
make_subtrust -0.015853658536585366 41
move_asset 0.0 46
sell_asset 1.4054054054054055 37
give_vesting_power 0.0 4
update_start: 96; random_action_prob: 0.1545
update_complete: 96; loss: 7.491281032562256; cumulative_reward: 62.86999999999998; invalid_count: 0; positive_reward_count: 2; success_count: 2; episode_count: 13; random_exploration_count: 22; random_action_prob: 0.1545
make_subtrust -0.01911111111111111 45
move_asset -0.002857142857142857 42
sell_asset 1.7275675675675677 37
give_vesting_power -0.017499999999999998 4
update_start: 97; random_action_prob: 0.1537
update_complete: 97; loss: 1.397722641626994; cumulative_reward: -12.709999999999994; invalid_count: 0; positive_reward_count: 0; success_count: 0; episode_count: 12; random_exploration_count: 20; random_action_prob: 0.1537
make_subtrust -0.01473684210526316 38
move_asset -0.001176470588235294 51
sell_asset -0.3645454545454545 33
give_vesting_power -0.01 6
update_start: 98; random_action_prob: 0.1530
update_complete: 98; loss: 9.713543574015299; cumulative_reward: 95.20999999999998; invalid_count: 0; positive_reward_count: 3; success_count: 3; episode_count: 13; random_exploration_count: 21; random_action_prob: 0.1530
make_subtrust -0.014499999999999999 40
move_asset -0.0006521739130434782 46
sell_asset 2.6624999999999996 36
give_vesting_power -0.005 6
update_start: 99; random_action_prob: 0.1522
update_complete: 99; loss: 4.492411454518636; cumulative_reward: 31.27999999999998; invalid_count: 0; positive_reward_count: 1; success_count: 1; episode_count: 12; random_exploration_count: 12; random_action_prob: 0.1522
make_subtrust -0.014 45
move_asset 0.0 44
sell_asset 0.8632432432432432 37
give_vesting_power -0.015 2
2026-08-07T16:26:52 completed distressed_assets run=7 elapsed_seconds=997.17 updates_logged=100
2026-08-07T16:26:52 running distressed_assets run=8 seed=1737
env_variant: HardTaxEnv
update_start: 0; random_action_prob: 0.2500
update_complete: 0; loss: 12.461673736572266; cumulative_reward: 68.57999999999997; invalid_count: 0; positive_reward_count: 3; success_count: 3; episode_count: 13; random_exploration_count: 32; random_action_prob: 0.2500
make_subtrust -0.016785714285714286 56
move_asset -0.032432432432432434 37
sell_asset 3.0934782608695657 23
give_vesting_power -0.035833333333333335 12
update_start: 1; random_action_prob: 0.2487
update_complete: 1; loss: 25.73983637491862; cumulative_reward: 183.74000000000004; invalid_count: 0; positive_reward_count: 7; success_count: 7; episode_count: 13; random_exploration_count: 30; random_action_prob: 0.2487
make_subtrust -0.02107142857142857 56
move_asset -0.04060606060606061 33
sell_asset 8.128695652173914 23
give_vesting_power -0.043750000000000004 16
update_start: 2; random_action_prob: 0.2475
update_complete: 2; loss: 30.38921610514323; cumulative_reward: 271.38999999999993; invalid_count: 0; positive_reward_count: 9; success_count: 9; episode_count: 14; random_exploration_count: 34; random_action_prob: 0.2475
make_subtrust -0.023157894736842106 57
move_asset -0.043235294117647066 34
sell_asset 13.667142857142856 21
give_vesting_power -0.801875 16
update_start: 3; random_action_prob: 0.2463
update_complete: 3; loss: 35.86528523763021; cumulative_reward: 315.37; invalid_count: 0; positive_reward_count: 10; success_count: 10; episode_count: 14; random_exploration_count: 28; random_action_prob: 0.2463
make_subtrust -0.02288135593220339 59
move_asset -0.04612903225806452 31
sell_asset 14.496363636363638 22
give_vesting_power -0.048125 16
update_start: 4; random_action_prob: 0.2450
update_complete: 4; loss: 49.144387563069664; cumulative_reward: 463.6000000000001; invalid_count: 0; positive_reward_count: 15; success_count: 15; episode_count: 16; random_exploration_count: 30; random_action_prob: 0.2450
make_subtrust -0.020606060606060607 66
move_asset -0.04708333333333334 24
sell_asset 21.7495 20
give_vesting_power 1.7277777777777779 18
update_start: 5; random_action_prob: 0.2438
update_complete: 5; loss: 34.6598154703776; cumulative_reward: 303.6899999999997; invalid_count: 0; positive_reward_count: 10; success_count: 10; episode_count: 15; random_exploration_count: 36; random_action_prob: 0.2438
make_subtrust -0.020967741935483872 62
move_asset -0.04419354838709678 31
sell_asset 16.19 17
give_vesting_power 1.7294444444444443 18
update_start: 6; random_action_prob: 0.2426
update_complete: 6; loss: 30.114171346028645; cumulative_reward: 227.88999999999993; invalid_count: 0; positive_reward_count: 8; success_count: 8; episode_count: 14; random_exploration_count: 33; random_action_prob: 0.2426
make_subtrust -0.022000000000000002 60
move_asset -0.03517241379310345 29
sell_asset 10.11875 24
give_vesting_power -0.8413333333333333 15
update_start: 7; random_action_prob: 0.2414
update_complete: 7; loss: 33.05375289916992; cumulative_reward: 267.5499999999999; invalid_count: 0; positive_reward_count: 10; success_count: 10; episode_count: 14; random_exploration_count: 30; random_action_prob: 0.2414
make_subtrust -0.022000000000000002 60
move_asset -0.04137931034482759 29
sell_asset 12.860909090909091 22
give_vesting_power -0.7570588235294118 17
update_start: 8; random_action_prob: 0.2402
update_complete: 8; loss: 29.403202056884766; cumulative_reward: 191.42999999999995; invalid_count: 0; positive_reward_count: 8; success_count: 8; episode_count: 14; random_exploration_count: 25; random_action_prob: 0.2402
make_subtrust -0.022000000000000002 60
move_asset -0.04645161290322581 31
sell_asset 9.856190476190475 21
give_vesting_power -0.7993750000000001 16
update_start: 9; random_action_prob: 0.2390
update_complete: 9; loss: 28.71721903483073; cumulative_reward: 259.8400000000001; invalid_count: 0; positive_reward_count: 9; success_count: 9; episode_count: 14; random_exploration_count: 31; random_action_prob: 0.2390
make_subtrust -0.023000000000000003 60
move_asset -0.03709677419354839 31
sell_asset 12.167894736842106 19
give_vesting_power 1.732222222222222 18
update_start: 10; random_action_prob: 0.2378
update_complete: 10; loss: 35.530985514322914; cumulative_reward: 247.11000000000016; invalid_count: 0; positive_reward_count: 9; success_count: 9; episode_count: 14; random_exploration_count: 27; random_action_prob: 0.2378
make_subtrust -0.026724137931034484 58
move_asset -0.04161290322580645 31
sell_asset 10.032 25
give_vesting_power -0.06071428571428572 14
update_start: 11; random_action_prob: 0.2366
update_complete: 11; loss: 35.65193557739258; cumulative_reward: 291.82000000000016; invalid_count: 0; positive_reward_count: 10; success_count: 10; episode_count: 15; random_exploration_count: 25; random_action_prob: 0.2366
make_subtrust -0.022833333333333334 60
move_asset -0.037586206896551726 29
sell_asset 11.343076923076923 26
give_vesting_power -0.04923076923076923 13
update_start: 12; random_action_prob: 0.2354
update_complete: 12; loss: 30.206488291422527; cumulative_reward: 239.30000000000018; invalid_count: 0; positive_reward_count: 8; success_count: 8; episode_count: 14; random_exploration_count: 35; random_action_prob: 0.2354
make_subtrust -0.026071428571428572 56
move_asset -0.04272727272727273 33
sell_asset 9.72 25
give_vesting_power -0.05928571428571429 14
update_start: 13; random_action_prob: 0.2342
update_complete: 13; loss: 38.212904612223305; cumulative_reward: 335.41999999999985; invalid_count: 0; positive_reward_count: 11; success_count: 11; episode_count: 15; random_exploration_count: 37; random_action_prob: 0.2342
make_subtrust -0.02650793650793651 63
move_asset -0.041379310344827586 29
sell_asset 17.853157894736842 19
give_vesting_power -0.054117647058823534 17
update_start: 14; random_action_prob: 0.2331
update_complete: 14; loss: 33.83819071451823; cumulative_reward: 315.3099999999999; invalid_count: 0; positive_reward_count: 10; success_count: 10; episode_count: 15; random_exploration_count: 35; random_action_prob: 0.2331
make_subtrust -0.02655737704918033 61
move_asset -0.0425 32
sell_asset 13.864782608695652 23
give_vesting_power -0.05000000000000001 12
update_start: 15; random_action_prob: 0.2319
update_complete: 15; loss: 33.2582155863444; cumulative_reward: 190.37999999999997; invalid_count: 0; positive_reward_count: 8; success_count: 8; episode_count: 14; random_exploration_count: 33; random_action_prob: 0.2319
make_subtrust -0.027333333333333334 60
move_asset -0.056206896551724145 29
sell_asset 9.845238095238095 21
give_vesting_power -0.7277777777777777 18
update_start: 16; random_action_prob: 0.2307
update_complete: 16; loss: 38.75590387980143; cumulative_reward: 335.97000000000025; invalid_count: 0; positive_reward_count: 11; success_count: 11; episode_count: 15; random_exploration_count: 24; random_action_prob: 0.2307
make_subtrust -0.025423728813559324 59
move_asset -0.03379310344827586 29
sell_asset 14.13375 24
give_vesting_power -0.0475 16
update_start: 17; random_action_prob: 0.2296
update_complete: 17; loss: 37.337118784586586; cumulative_reward: 347.9000000000001; invalid_count: 0; positive_reward_count: 11; success_count: 11; episode_count: 15; random_exploration_count: 39; random_action_prob: 0.2296
make_subtrust -0.022758620689655173 58
move_asset -0.038387096774193545 31
sell_asset 14.63125 24
give_vesting_power -0.04933333333333333 15
update_start: 18; random_action_prob: 0.2284
update_complete: 18; loss: 54.716810862223305; cumulative_reward: 508.2399999999996; invalid_count: 0; positive_reward_count: 16; success_count: 16; episode_count: 16; random_exploration_count: 23; random_action_prob: 0.2284
make_subtrust -0.02078125 64
move_asset -0.03370370370370371 27
sell_asset 23.53263157894737 19
give_vesting_power 3.52 18
update_start: 19; random_action_prob: 0.2273
update_complete: 19; loss: 38.50713857014974; cumulative_reward: 348.4399999999998; invalid_count: 0; positive_reward_count: 11; success_count: 11; episode_count: 15; random_exploration_count: 23; random_action_prob: 0.2273
make_subtrust -0.01915254237288136 59
move_asset -0.03375 32
sell_asset 16.73095238095238 21
give_vesting_power -0.043750000000000004 16
update_start: 20; random_action_prob: 0.2262
update_complete: 20; loss: 35.35247929890951; cumulative_reward: 304.66; invalid_count: 0; positive_reward_count: 10; success_count: 10; episode_count: 15; random_exploration_count: 27; random_action_prob: 0.2262
make_subtrust -0.020526315789473688 57
move_asset -0.028125 32
sell_asset 13.363913043478261 23
give_vesting_power -0.04 16
update_start: 21; random_action_prob: 0.2250
update_complete: 21; loss: 33.75400161743164; cumulative_reward: 260.6399999999998; invalid_count: 0; positive_reward_count: 9; success_count: 9; episode_count: 14; random_exploration_count: 24; random_action_prob: 0.2250
make_subtrust -0.020508474576271186 59
move_asset -0.026363636363636363 33
sell_asset 11.967727272727274 22
give_vesting_power -0.04071428571428572 14
update_start: 22; random_action_prob: 0.2239
update_complete: 22; loss: 31.774210611979168; cumulative_reward: 285.0199999999999; invalid_count: 0; positive_reward_count: 9; success_count: 9; episode_count: 14; random_exploration_count: 38; random_action_prob: 0.2239
make_subtrust -0.02017857142857143 56
move_asset -0.021388888888888888 36
sell_asset 15.130526315789474 19
give_vesting_power -0.03294117647058824 17
update_start: 23; random_action_prob: 0.2228
update_complete: 23; loss: 37.40332794189453; cumulative_reward: 347.95000000000016; invalid_count: 0; positive_reward_count: 11; success_count: 11; episode_count: 15; random_exploration_count: 35; random_action_prob: 0.2228
make_subtrust -0.022903225806451613 62
move_asset -0.038387096774193545 31
sell_asset 17.73888888888889 18
give_vesting_power 1.8388235294117645 17
update_start: 24; random_action_prob: 0.2217
update_complete: 24; loss: 44.09718449910482; cumulative_reward: 412.0000000000001; invalid_count: 0; positive_reward_count: 13; success_count: 13; episode_count: 15; random_exploration_count: 31; random_action_prob: 0.2217
make_subtrust -0.020625 64
move_asset -0.04035714285714286 28
sell_asset 19.159 20
give_vesting_power 1.954375 16
update_start: 25; random_action_prob: 0.2206
update_complete: 25; loss: 33.16230392456055; cumulative_reward: 292.8799999999998; invalid_count: 0; positive_reward_count: 10; success_count: 10; episode_count: 15; random_exploration_count: 25; random_action_prob: 0.2206
make_subtrust -0.018392857142857145 56
move_asset -0.027142857142857146 35
sell_asset 15.371500000000001 20
give_vesting_power -0.7394117647058823 17
update_start: 26; random_action_prob: 0.2195
update_complete: 26; loss: 28.761763254801433; cumulative_reward: 229.1399999999998; invalid_count: 0; positive_reward_count: 8; success_count: 8; episode_count: 14; random_exploration_count: 27; random_action_prob: 0.2195
make_subtrust -0.016842105263157894 57
move_asset -0.026571428571428572 35
sell_asset 11.02 21
give_vesting_power -0.026000000000000002 15
update_start: 27; random_action_prob: 0.2184
update_complete: 27; loss: 51.53327560424805; cumulative_reward: 508.2599999999998; invalid_count: 0; positive_reward_count: 16; success_count: 16; episode_count: 17; random_exploration_count: 22; random_action_prob: 0.2184
make_subtrust -0.019558823529411767 68
move_asset -0.03956521739130435 23
sell_asset 25.559 20
give_vesting_power -0.04 17
update_start: 28; random_action_prob: 0.2173
update_complete: 28; loss: 45.653995513916016; cumulative_reward: 388.15000000000003; invalid_count: 0; positive_reward_count: 13; success_count: 13; episode_count: 15; random_exploration_count: 25; random_action_prob: 0.2173
make_subtrust -0.02 60
move_asset -0.037586206896551726 29
sell_asset 16.32409090909091 22
give_vesting_power 1.841764705882353 17
update_start: 29; random_action_prob: 0.2162
update_complete: 29; loss: 33.6938845316569; cumulative_reward: 316.85; invalid_count: 0; positive_reward_count: 10; success_count: 10; episode_count: 15; random_exploration_count: 18; random_action_prob: 0.2162
make_subtrust -0.01625 64
move_asset -0.0315625 32
sell_asset 18.78882352941176 17
give_vesting_power -0.034 15
update_start: 30; random_action_prob: 0.2151
update_complete: 30; loss: 47.107583363850914; cumulative_reward: 444.8; invalid_count: 0; positive_reward_count: 14; success_count: 14; episode_count: 16; random_exploration_count: 26; random_action_prob: 0.2151
make_subtrust -0.016875 64
move_asset -0.030689655172413795 29
sell_asset 20.175263157894737 19
give_vesting_power 3.965 16
update_start: 31; random_action_prob: 0.2140
update_complete: 31; loss: 37.93964385986328; cumulative_reward: 356.7000000000001; invalid_count: 0; positive_reward_count: 12; success_count: 12; episode_count: 15; random_exploration_count: 33; random_action_prob: 0.2140
make_subtrust -0.01847457627118644 59
move_asset -0.02903225806451613 31
sell_asset 17.857894736842105 19
give_vesting_power 1.0205263157894737 19
update_start: 32; random_action_prob: 0.2130
update_complete: 32; loss: 41.22799555460612; cumulative_reward: 367.9700000000003; invalid_count: 0; positive_reward_count: 12; success_count: 12; episode_count: 15; random_exploration_count: 36; random_action_prob: 0.2130
make_subtrust -0.021774193548387097 62
move_asset -0.036250000000000004 32
sell_asset 20.620555555555555 18
give_vesting_power -0.043125000000000004 16
update_start: 33; random_action_prob: 0.2119
update_complete: 33; loss: 34.43136723836263; cumulative_reward: 304.98999999999995; invalid_count: 0; positive_reward_count: 10; success_count: 10; episode_count: 15; random_exploration_count: 26; random_action_prob: 0.2119
make_subtrust -0.018500000000000003 60
move_asset -0.02625 32
sell_asset 13.97409090909091 22
give_vesting_power -0.034999999999999996 14
update_start: 34; random_action_prob: 0.2108
update_complete: 34; loss: 49.225756327311196; cumulative_reward: 444.10000000000025; invalid_count: 0; positive_reward_count: 14; success_count: 14; episode_count: 15; random_exploration_count: 26; random_action_prob: 0.2108
make_subtrust -0.01857142857142857 63
move_asset -0.04071428571428572 28
sell_asset 18.867272727272727 22
give_vesting_power 2.0886666666666667 15
update_start: 35; random_action_prob: 0.2098
update_complete: 35; loss: 38.94968287150065; cumulative_reward: 348.7900000000003; invalid_count: 0; positive_reward_count: 11; success_count: 11; episode_count: 14; random_exploration_count: 25; random_action_prob: 0.2098
make_subtrust -0.016666666666666666 60
move_asset -0.030333333333333334 30
sell_asset 16.727142857142855 21
give_vesting_power -0.03352941176470588 17
update_start: 36; random_action_prob: 0.2087
update_complete: 36; loss: 41.20867156982422; cumulative_reward: 345.14000000000044; invalid_count: 0; positive_reward_count: 12; success_count: 12; episode_count: 16; random_exploration_count: 27; random_action_prob: 0.2087
make_subtrust -0.015081967213114755 61
move_asset -0.02620689655172414 29
sell_asset 17.11047619047619 21
give_vesting_power -0.7352941176470589 17
update_start: 37; random_action_prob: 0.2077
update_complete: 37; loss: 35.1799685160319; cumulative_reward: 304.53; invalid_count: 0; positive_reward_count: 10; success_count: 10; episode_count: 15; random_exploration_count: 27; random_action_prob: 0.2077
make_subtrust -0.01737704918032787 61
move_asset -0.035454545454545454 33
sell_asset 20.499333333333333 15
give_vesting_power -0.038421052631578946 19
update_start: 38; random_action_prob: 0.2066
update_complete: 38; loss: 46.212484995524086; cumulative_reward: 432.9300000000002; invalid_count: 0; positive_reward_count: 14; success_count: 14; episode_count: 16; random_exploration_count: 18; random_action_prob: 0.2066
make_subtrust -0.016935483870967744 62
move_asset -0.028214285714285716 28
sell_asset 22.41111111111111 18
give_vesting_power 1.5684999999999998 20
update_start: 39; random_action_prob: 0.2056
update_complete: 39; loss: 42.88974253336588; cumulative_reward: 400.2200000000002; invalid_count: 0; positive_reward_count: 13; success_count: 13; episode_count: 15; random_exploration_count: 27; random_action_prob: 0.2056
make_subtrust -0.019193548387096773 62
move_asset -0.03785714285714286 28
sell_asset 19.539473684210527 19
give_vesting_power 1.6431578947368422 19
update_start: 40; random_action_prob: 0.2046
update_complete: 40; loss: 38.43108876546224; cumulative_reward: 300.10999999999996; invalid_count: 0; positive_reward_count: 11; success_count: 11; episode_count: 15; random_exploration_count: 32; random_action_prob: 0.2046
make_subtrust -0.021833333333333333 60
move_asset -0.03678571428571429 28
sell_asset 12.915238095238093 21
give_vesting_power 1.6436842105263159 19
update_start: 41; random_action_prob: 0.2036
update_complete: 41; loss: 39.04293696085612; cumulative_reward: 336.4900000000002; invalid_count: 0; positive_reward_count: 11; success_count: 11; episode_count: 15; random_exploration_count: 30; random_action_prob: 0.2036
make_subtrust -0.020175438596491232 57
move_asset -0.0315625 32
sell_asset 14.752173913043478 23
give_vesting_power -0.040625 16
update_start: 42; random_action_prob: 0.2025
update_complete: 42; loss: 46.88014475504557; cumulative_reward: 444.19999999999993; invalid_count: 0; positive_reward_count: 14; success_count: 14; episode_count: 16; random_exploration_count: 26; random_action_prob: 0.2025
make_subtrust -0.02098360655737705 61
move_asset -0.035 28
sell_asset 18.87181818181818 22
give_vesting_power 1.8399999999999999 17
update_start: 43; random_action_prob: 0.2015
update_complete: 43; loss: 41.7045783996582; cumulative_reward: 400.57000000000005; invalid_count: 0; positive_reward_count: 13; success_count: 13; episode_count: 16; random_exploration_count: 21; random_action_prob: 0.2015
make_subtrust -0.0209375 64
move_asset -0.028846153846153848 26
sell_asset 17.30333333333333 24
give_vesting_power -0.9014285714285715 14
update_start: 44; random_action_prob: 0.2005
update_complete: 44; loss: 56.805712381998696; cumulative_reward: 540.0200000000003; invalid_count: 0; positive_reward_count: 17; success_count: 17; episode_count: 17; random_exploration_count: 22; random_action_prob: 0.2005
make_subtrust -0.0196969696969697 66
move_asset -0.042916666666666665 24
sell_asset 28.58947368421052 19
give_vesting_power -0.04473684210526316 19
update_start: 45; random_action_prob: 0.1995
update_complete: 45; loss: 43.01411819458008; cumulative_reward: 367.98000000000013; invalid_count: 0; positive_reward_count: 12; success_count: 12; episode_count: 15; random_exploration_count: 25; random_action_prob: 0.1995
make_subtrust -0.021666666666666667 60
move_asset -0.034666666666666665 30
sell_asset 17.66952380952381 21
give_vesting_power -0.04352941176470588 17
update_start: 46; random_action_prob: 0.1985
update_complete: 46; loss: 46.29547373453776; cumulative_reward: 432.6500000000001; invalid_count: 0; positive_reward_count: 14; success_count: 14; episode_count: 17; random_exploration_count: 32; random_action_prob: 0.1985
make_subtrust -0.01737704918032787 61
move_asset -0.031071428571428573 28
sell_asset 22.365000000000002 20
give_vesting_power -0.6694736842105262 19
update_start: 47; random_action_prob: 0.1975
update_complete: 47; loss: 41.76846567789713; cumulative_reward: 420.26999999999987; invalid_count: 0; positive_reward_count: 14; success_count: 14; episode_count: 16; random_exploration_count: 26; random_action_prob: 0.1975
make_subtrust -0.01918032786885246 61
move_asset -0.039655172413793106 29
sell_asset 21.294761904761906 21
give_vesting_power -1.447058823529412 17
update_start: 48; random_action_prob: 0.1965
update_complete: 48; loss: 43.97592290242513; cumulative_reward: 388.2099999999998; invalid_count: 0; positive_reward_count: 13; success_count: 13; episode_count: 15; random_exploration_count: 25; random_action_prob: 0.1965
make_subtrust -0.019344262295081967 61
move_asset -0.036875 32
sell_asset 20.625555555555554 18
give_vesting_power 1.1358823529411763 17
update_start: 49; random_action_prob: 0.1956
update_complete: 49; loss: 49.151055653889976; cumulative_reward: 443.0199999999999; invalid_count: 0; positive_reward_count: 14; success_count: 14; episode_count: 15; random_exploration_count: 16; random_action_prob: 0.1956
make_subtrust -0.025555555555555557 63
move_asset -0.047407407407407405 27
sell_asset 18.85590909090909 22
give_vesting_power 1.9425 16
update_start: 50; random_action_prob: 0.1946
update_complete: 50; loss: 47.10953267415365; cumulative_reward: 443.5899999999998; invalid_count: 0; positive_reward_count: 14; success_count: 14; episode_count: 16; random_exploration_count: 26; random_action_prob: 0.1946
make_subtrust -0.024262295081967214 61
move_asset -0.03851851851851852 27
sell_asset 19.43173913043478 23
give_vesting_power -0.048235294117647064 17
update_start: 51; random_action_prob: 0.1936
update_complete: 51; loss: 40.33278020222982; cumulative_reward: 379.81999999999994; invalid_count: 0; positive_reward_count: 12; success_count: 12; episode_count: 15; random_exploration_count: 31; random_action_prob: 0.1936
make_subtrust -0.023833333333333335 60
move_asset -0.04000000000000001 30
sell_asset 13.876521739130434 23
give_vesting_power 4.219333333333333 15
update_start: 52; random_action_prob: 0.1926
update_complete: 52; loss: 48.228468577067055; cumulative_reward: 476.35999999999984; invalid_count: 0; positive_reward_count: 15; success_count: 15; episode_count: 17; random_exploration_count: 16; random_action_prob: 0.1926
make_subtrust -0.02135593220338983 59
move_asset -0.02870967741935484 31
sell_asset 21.85421052631579 19
give_vesting_power 3.3305263157894736 19
update_start: 53; random_action_prob: 0.1917
update_complete: 53; loss: 37.62927500406901; cumulative_reward: 349.3699999999999; invalid_count: 0; positive_reward_count: 11; success_count: 11; episode_count: 15; random_exploration_count: 27; random_action_prob: 0.1917
make_subtrust -0.020925925925925928 54
move_asset -0.015277777777777779 36
sell_asset 14.64625 24
give_vesting_power -0.032857142857142856 14
update_start: 54; random_action_prob: 0.1907
update_complete: 54; loss: 39.46426773071289; cumulative_reward: 344.1499999999997; invalid_count: 0; positive_reward_count: 12; success_count: 12; episode_count: 16; random_exploration_count: 27; random_action_prob: 0.1907
make_subtrust -0.023818181818181818 55
move_asset -0.027941176470588237 34
sell_asset 16.531904761904762 21
give_vesting_power -0.042222222222222223 18
update_start: 55; random_action_prob: 0.1898
update_complete: 55; loss: 42.900811513264976; cumulative_reward: 387.90999999999974; invalid_count: 0; positive_reward_count: 13; success_count: 13; episode_count: 17; random_exploration_count: 28; random_action_prob: 0.1898
make_subtrust -0.02293103448275862 58
move_asset -0.035483870967741936 31
sell_asset 18.90736842105263 19
give_vesting_power 1.555 20
update_start: 56; random_action_prob: 0.1888
update_complete: 56; loss: 44.00624338785807; cumulative_reward: 399.56000000000023; invalid_count: 0; positive_reward_count: 13; success_count: 13; episode_count: 16; random_exploration_count: 25; random_action_prob: 0.1888
make_subtrust -0.024833333333333332 60
move_asset -0.03900000000000001 30
sell_asset 16.86409090909091 22
give_vesting_power 1.950625 16
update_start: 57; random_action_prob: 0.1879
update_complete: 57; loss: 45.06169637044271; cumulative_reward: 388.0099999999997; invalid_count: 0; positive_reward_count: 13; success_count: 13; episode_count: 16; random_exploration_count: 33; random_action_prob: 0.1879
make_subtrust -0.024067796610169494 59
move_asset -0.03375 32
sell_asset 19.562 20
give_vesting_power -0.04294117647058824 17
update_start: 58; random_action_prob: 0.1869
update_complete: 58; loss: 36.624446868896484; cumulative_reward: 323.52000000000004; invalid_count: 0; positive_reward_count: 11; success_count: 11; episode_count: 15; random_exploration_count: 29; random_action_prob: 0.1869
make_subtrust -0.026166666666666668 60
move_asset -0.03896551724137932 29
sell_asset 13.413181818181817 22
give_vesting_power 1.8311764705882352 17
update_start: 59; random_action_prob: 0.1860
update_complete: 59; loss: 46.060370127360024; cumulative_reward: 431.2299999999996; invalid_count: 0; positive_reward_count: 14; success_count: 14; episode_count: 16; random_exploration_count: 21; random_action_prob: 0.1860
make_subtrust -0.024603174603174603 63
move_asset -0.04925925925925926 27
sell_asset 21.213684210526317 19
give_vesting_power 1.6342105263157896 19
update_start: 60; random_action_prob: 0.1851
update_complete: 60; loss: 32.41555913289388; cumulative_reward: 292.5699999999997; invalid_count: 0; positive_reward_count: 10; success_count: 10; episode_count: 15; random_exploration_count: 21; random_action_prob: 0.1851
make_subtrust -0.024821428571428574 56
move_asset -0.024375 32
sell_asset 12.846521739130434 23
give_vesting_power -0.04294117647058823 17
update_start: 61; random_action_prob: 0.1841
update_complete: 61; loss: 33.783948262532554; cumulative_reward: 303.95999999999987; invalid_count: 0; positive_reward_count: 10; success_count: 10; episode_count: 15; random_exploration_count: 28; random_action_prob: 0.1841
make_subtrust -0.02728813559322034 59
move_asset -0.03151515151515152 33
sell_asset 15.367500000000001 20
give_vesting_power -0.04625 16
update_start: 62; random_action_prob: 0.1832
update_complete: 62; loss: 40.414405822753906; cumulative_reward: 355.93999999999977; invalid_count: 0; positive_reward_count: 12; success_count: 12; episode_count: 15; random_exploration_count: 27; random_action_prob: 0.1832
make_subtrust -0.024745762711864405 59
move_asset -0.035333333333333335 30
sell_asset 17.101904761904763 21
give_vesting_power -0.03777777777777778 18
update_start: 63; random_action_prob: 0.1823
update_complete: 63; loss: 35.77275848388672; cumulative_reward: 344.09000000000003; invalid_count: 0; positive_reward_count: 12; success_count: 12; episode_count: 16; random_exploration_count: 19; random_action_prob: 0.1823
make_subtrust -0.024915254237288135 59
move_asset -0.033 30
sell_asset 15.784090909090908 22
give_vesting_power -0.0411764705882353 17
update_start: 64; random_action_prob: 0.1814
update_complete: 64; loss: 43.3008181254069; cumulative_reward: 411.7699999999996; invalid_count: 0; positive_reward_count: 13; success_count: 13; episode_count: 16; random_exploration_count: 22; random_action_prob: 0.1814
make_subtrust -0.022580645161290325 62
move_asset -0.0403125 32
sell_asset 23.422 15
give_vesting_power 3.322631578947368 19
update_start: 65; random_action_prob: 0.1805
update_complete: 65; loss: 43.819634755452476; cumulative_reward: 412.17999999999967; invalid_count: 0; positive_reward_count: 13; success_count: 13; episode_count: 15; random_exploration_count: 21; random_action_prob: 0.1805
make_subtrust -0.02368421052631579 57
move_asset -0.029393939393939396 33
sell_asset 18.248571428571427 21
give_vesting_power 1.8399999999999999 17
update_start: 66; random_action_prob: 0.1796
update_complete: 66; loss: 47.34389623006185; cumulative_reward: 419.4999999999997; invalid_count: 0; positive_reward_count: 14; success_count: 14; episode_count: 16; random_exploration_count: 21; random_action_prob: 0.1796
make_subtrust -0.025555555555555557 63
move_asset -0.042222222222222223 27
sell_asset 23.51 18
give_vesting_power -0.0465 20
update_start: 67; random_action_prob: 0.1787
update_complete: 67; loss: 52.50476328531901; cumulative_reward: 463.3099999999998; invalid_count: 0; positive_reward_count: 15; success_count: 15; episode_count: 16; random_exploration_count: 25; random_action_prob: 0.1787
make_subtrust -0.024920634920634923 63
move_asset -0.04518518518518518 27
sell_asset 23.3505 20
give_vesting_power -0.050555555555555555 18
update_start: 68; random_action_prob: 0.1778
update_complete: 68; loss: 41.6550407409668; cumulative_reward: 355.49999999999983; invalid_count: 0; positive_reward_count: 12; success_count: 12; episode_count: 15; random_exploration_count: 25; random_action_prob: 0.1778
make_subtrust -0.025333333333333333 60
move_asset -0.04133333333333333 30
sell_asset 17.956 20
give_vesting_power -0.04777777777777778 18
update_start: 69; random_action_prob: 0.1769
update_complete: 69; loss: 35.23218790690104; cumulative_reward: 304.64999999999986; invalid_count: 0; positive_reward_count: 10; success_count: 10; episode_count: 15; random_exploration_count: 26; random_action_prob: 0.1769
make_subtrust -0.024067796610169494 59
move_asset -0.022812500000000003 32
sell_asset 12.8075 24
give_vesting_power -0.04461538461538462 13
update_start: 70; random_action_prob: 0.1760
update_complete: 70; loss: 41.767258961995445; cumulative_reward: 367.73999999999984; invalid_count: 0; positive_reward_count: 12; success_count: 12; episode_count: 15; random_exploration_count: 17; random_action_prob: 0.1760
make_subtrust -0.02396825396825397 63
move_asset -0.03642857142857143 28
sell_asset 19.53421052631579 19
give_vesting_power -0.04888888888888889 18
update_start: 71; random_action_prob: 0.1751
update_complete: 71; loss: 47.53432973225912; cumulative_reward: 443.5399999999997; invalid_count: 0; positive_reward_count: 14; success_count: 14; episode_count: 16; random_exploration_count: 22; random_action_prob: 0.1751
make_subtrust -0.02453125 64
move_asset -0.040740740740740744 27
sell_asset 23.061666666666667 18
give_vesting_power 1.6368421052631579 19
update_start: 72; random_action_prob: 0.1743
update_complete: 72; loss: 40.265238444010414; cumulative_reward: 335.4199999999997; invalid_count: 0; positive_reward_count: 11; success_count: 11; episode_count: 14; random_exploration_count: 25; random_action_prob: 0.1743
make_subtrust -0.025666666666666667 60
move_asset -0.040625 32
sell_asset 25.615 12
give_vesting_power 1.2866666666666666 24
update_start: 73; random_action_prob: 0.1734
update_complete: 73; loss: 48.09759394327799; cumulative_reward: 443.2599999999994; invalid_count: 0; positive_reward_count: 14; success_count: 14; episode_count: 15; random_exploration_count: 19; random_action_prob: 0.1734
make_subtrust -0.025625000000000002 64
move_asset -0.046785714285714285 28
sell_asset 27.685333333333332 15
give_vesting_power 1.4728571428571429 21
update_start: 74; random_action_prob: 0.1725
update_complete: 74; loss: 50.94117991129557; cumulative_reward: 475.60999999999956; invalid_count: 0; positive_reward_count: 15; success_count: 15; episode_count: 16; random_exploration_count: 19; random_action_prob: 0.1725
make_subtrust -0.024307692307692308 65
move_asset -0.04035714285714286 28
sell_asset 29.816666666666666 15
give_vesting_power 1.5535 20
update_start: 75; random_action_prob: 0.1717
update_complete: 75; loss: 43.04034550984701; cumulative_reward: 411.41999999999956; invalid_count: 0; positive_reward_count: 13; success_count: 13; episode_count: 16; random_exploration_count: 22; random_action_prob: 0.1717
make_subtrust -0.024328358208955226 67
move_asset -0.04518518518518518 27
sell_asset 24.419999999999998 17
give_vesting_power -0.0511764705882353 17
update_start: 76; random_action_prob: 0.1708
update_complete: 76; loss: 43.0708376566569; cumulative_reward: 355.4299999999996; invalid_count: 0; positive_reward_count: 12; success_count: 12; episode_count: 15; random_exploration_count: 24; random_action_prob: 0.1708
make_subtrust -0.0246875 64
move_asset -0.04310344827586207 29
sell_asset 17.213684210526317 19
give_vesting_power 1.95 16
update_start: 77; random_action_prob: 0.1699
update_complete: 77; loss: 46.73114776611328; cumulative_reward: 443.4199999999995; invalid_count: 0; positive_reward_count: 14; success_count: 14; episode_count: 16; random_exploration_count: 21; random_action_prob: 0.1699
make_subtrust -0.024705882352941178 68
move_asset -0.045 28
sell_asset 24.41941176470588 17
give_vesting_power 2.082 15
update_start: 78; random_action_prob: 0.1691
update_complete: 78; loss: 48.77037684122721; cumulative_reward: 443.43999999999954; invalid_count: 0; positive_reward_count: 14; success_count: 14; episode_count: 15; random_exploration_count: 25; random_action_prob: 0.1691
make_subtrust -0.0253125 64
move_asset -0.041379310344827586 29
sell_asset 24.421764705882353 17
give_vesting_power 1.7272222222222222 18
update_start: 79; random_action_prob: 0.1683
update_complete: 79; loss: 54.4832394917806; cumulative_reward: 507.4999999999997; invalid_count: 0; positive_reward_count: 16; success_count: 16; episode_count: 16; random_exploration_count: 21; random_action_prob: 0.1683
make_subtrust -0.02382352941176471 68
move_asset -0.0436 25
sell_asset 31.94875 16
give_vesting_power -0.05105263157894737 19
update_start: 80; random_action_prob: 0.1674
update_complete: 80; loss: 46.41387176513672; cumulative_reward: 432.0999999999999; invalid_count: 0; positive_reward_count: 14; success_count: 14; episode_count: 15; random_exploration_count: 21; random_action_prob: 0.1674
make_subtrust -0.021875000000000002 64
move_asset -0.03612903225806452 31
sell_asset 23.723529411764705 17
give_vesting_power 1.9575 16
update_start: 81; random_action_prob: 0.1666
update_complete: 81; loss: 53.460042317708336; cumulative_reward: 495.7499999999998; invalid_count: 0; positive_reward_count: 16; success_count: 16; episode_count: 16; random_exploration_count: 19; random_action_prob: 0.1666
make_subtrust -0.022187500000000002 64
move_asset -0.041923076923076924 26
sell_asset 27.731111111111108 18
give_vesting_power -0.045 20
update_start: 82; random_action_prob: 0.1657
update_complete: 82; loss: 46.468613942464195; cumulative_reward: 444.09999999999974; invalid_count: 0; positive_reward_count: 14; success_count: 14; episode_count: 16; random_exploration_count: 22; random_action_prob: 0.1657
make_subtrust -0.02176470588235294 68
move_asset -0.034444444444444444 27
sell_asset 27.955 16
give_vesting_power -0.045294117647058825 17
update_start: 83; random_action_prob: 0.1649
update_complete: 83; loss: 45.15414174397787; cumulative_reward: 412.6900000000005; invalid_count: 0; positive_reward_count: 13; success_count: 13; episode_count: 15; random_exploration_count: 32; random_action_prob: 0.1649
make_subtrust -0.017812500000000002 64
move_asset -0.0325 28
sell_asset 21.859473684210524 19
give_vesting_power -0.03470588235294118 17
update_start: 84; random_action_prob: 0.1641
update_complete: 84; loss: 53.339043935139976; cumulative_reward: 508.8200000000007; invalid_count: 0; positive_reward_count: 16; success_count: 16; episode_count: 17; random_exploration_count: 18; random_action_prob: 0.1641
make_subtrust -0.01676470588235294 68
move_asset -0.030833333333333334 24
sell_asset 30.081764705882353 17
give_vesting_power -0.03631578947368421 19
update_start: 85; random_action_prob: 0.1633
update_complete: 85; loss: 36.781959533691406; cumulative_reward: 348.73000000000025; invalid_count: 0; positive_reward_count: 11; success_count: 11; episode_count: 15; random_exploration_count: 17; random_action_prob: 0.1633
make_subtrust -0.0171875 64
move_asset -0.03096774193548387 31
sell_asset 21.96375 16
give_vesting_power -0.03705882352941176 17
update_start: 86; random_action_prob: 0.1625
update_complete: 86; loss: 53.23838806152344; cumulative_reward: 508.28000000000026; invalid_count: 0; positive_reward_count: 16; success_count: 16; episode_count: 17; random_exploration_count: 16; random_action_prob: 0.1625
make_subtrust -0.019705882352941177 68
move_asset -0.037200000000000004 25
sell_asset 30.075882352941175 17
give_vesting_power -0.04111111111111111 18
update_start: 87; random_action_prob: 0.1616
update_complete: 87; loss: 51.16902542114258; cumulative_reward: 475.3199999999997; invalid_count: 0; positive_reward_count: 15; success_count: 15; episode_count: 16; random_exploration_count: 19; random_action_prob: 0.1616
make_subtrust -0.02584615384615385 65
move_asset -0.0406896551724138 29
sell_asset 26.29941176470588 17
give_vesting_power 1.8288235294117647 17
update_start: 88; random_action_prob: 0.1608
update_complete: 88; loss: 51.192830403645836; cumulative_reward: 463.7699999999995; invalid_count: 0; positive_reward_count: 15; success_count: 15; episode_count: 16; random_exploration_count: 20; random_action_prob: 0.1608
make_subtrust -0.022941176470588236 68
move_asset -0.04041666666666667 24
sell_asset 24.585789473684212 19
give_vesting_power -0.04882352941176471 17
update_start: 89; random_action_prob: 0.1600
update_complete: 89; loss: 47.821451822916664; cumulative_reward: 443.70000000000005; invalid_count: 0; positive_reward_count: 14; success_count: 14; episode_count: 16; random_exploration_count: 29; random_action_prob: 0.1600
make_subtrust -0.02375 64
move_asset -0.03678571428571429 28
sell_asset 20.7515 20
give_vesting_power 1.95125 16
update_start: 90; random_action_prob: 0.1592
update_complete: 90; loss: 49.47874959309896; cumulative_reward: 444.6600000000006; invalid_count: 0; positive_reward_count: 14; success_count: 14; episode_count: 15; random_exploration_count: 19; random_action_prob: 0.1592
make_subtrust -0.01761904761904762 63
move_asset -0.03064516129032258 31
sell_asset 27.695333333333334 15
give_vesting_power 1.6468421052631579 19
update_start: 91; random_action_prob: 0.1584
update_complete: 91; loss: 51.05983098347982; cumulative_reward: 476.61000000000035; invalid_count: 0; positive_reward_count: 15; success_count: 15; episode_count: 16; random_exploration_count: 15; random_action_prob: 0.1584
make_subtrust -0.01746268656716418 67
move_asset -0.03346153846153846 26
sell_asset 26.62777777777778 18
give_vesting_power -0.03823529411764706 17
update_start: 92; random_action_prob: 0.1576
update_complete: 92; loss: 44.65700658162435; cumulative_reward: 412.31; invalid_count: 0; positive_reward_count: 13; success_count: 13; episode_count: 15; random_exploration_count: 29; random_action_prob: 0.1576
make_subtrust -0.02 64
move_asset -0.034482758620689655 29
sell_asset 20.759999999999998 20
give_vesting_power -0.04066666666666666 15
update_start: 93; random_action_prob: 0.1569
update_complete: 93; loss: 46.959275563557945; cumulative_reward: 444.92000000000087; invalid_count: 0; positive_reward_count: 14; success_count: 14; episode_count: 16; random_exploration_count: 19; random_action_prob: 0.1569
make_subtrust -0.01676470588235294 68
move_asset -0.029310344827586206 29
sell_asset 27.965 16
give_vesting_power -0.035333333333333335 15
update_start: 94; random_action_prob: 0.1561
update_complete: 94; loss: 47.654930114746094; cumulative_reward: 444.59000000000026; invalid_count: 0; positive_reward_count: 14; success_count: 14; episode_count: 16; random_exploration_count: 19; random_action_prob: 0.1561
make_subtrust -0.01753846153846154 65
move_asset -0.035555555555555556 27
sell_asset 20.764499999999998 20
give_vesting_power 1.9625 16
update_start: 95; random_action_prob: 0.1553
update_complete: 95; loss: 51.79955927530924; cumulative_reward: 476.4599999999999; invalid_count: 0; positive_reward_count: 15; success_count: 15; episode_count: 16; random_exploration_count: 16; random_action_prob: 0.1553
make_subtrust -0.0184375 64
move_asset -0.034444444444444444 27
sell_asset 26.626666666666665 18
give_vesting_power -0.03736842105263158 19
update_start: 96; random_action_prob: 0.1545
update_complete: 96; loss: 50.40304438273112; cumulative_reward: 477.01000000000084; invalid_count: 0; positive_reward_count: 15; success_count: 15; episode_count: 16; random_exploration_count: 20; random_action_prob: 0.1545
make_subtrust -0.01647058823529412 68
move_asset -0.0275 28
sell_asset 31.966 15
give_vesting_power -0.03470588235294118 17
update_start: 97; random_action_prob: 0.1537
update_complete: 97; loss: 47.22509002685547; cumulative_reward: 445.0500000000005; invalid_count: 0; positive_reward_count: 14; success_count: 14; episode_count: 16; random_exploration_count: 15; random_action_prob: 0.1537
make_subtrust -0.016212121212121212 66
move_asset -0.02903225806451613 31
sell_asset 27.97 16
give_vesting_power -0.03333333333333333 15
update_start: 98; random_action_prob: 0.1530
update_complete: 98; loss: 50.39741770426432; cumulative_reward: 476.46000000000026; invalid_count: 0; positive_reward_count: 15; success_count: 15; episode_count: 16; random_exploration_count: 21; random_action_prob: 0.1530
make_subtrust -0.018823529411764708 68
move_asset -0.035555555555555556 27
sell_asset 28.19764705882353 17
give_vesting_power -0.04125 16
update_start: 99; random_action_prob: 0.1522
update_complete: 99; loss: 51.15264383951823; cumulative_reward: 477.31000000000085; invalid_count: 0; positive_reward_count: 15; success_count: 15; episode_count: 16; random_exploration_count: 20; random_action_prob: 0.1522
make_subtrust -0.015373134328358209 67
move_asset -0.023214285714285715 28
sell_asset 28.204117647058823 17
give_vesting_power -0.03 16
2026-08-07T16:43:39 completed distressed_assets run=8 elapsed_seconds=1007.00 updates_logged=100
2026-08-07T16:43:39 running distressed_assets run=9 seed=1738
env_variant: HardTaxEnv
update_start: 0; random_action_prob: 0.2500
update_complete: 0; loss: 0.6315604050954183; cumulative_reward: -0.24000000000000002; invalid_count: 0; positive_reward_count: 0; success_count: 0; episode_count: 12; random_exploration_count: 32; random_action_prob: 0.2500
make_subtrust -0.003888888888888889 18
move_asset -0.001702127659574468 94
sell_asset -0.0006666666666666666 15
give_vesting_power 0.0 1
update_start: 1; random_action_prob: 0.2487
update_complete: 1; loss: 5.459975083669026; cumulative_reward: 18.87; invalid_count: 0; positive_reward_count: 1; success_count: 1; episode_count: 12; random_exploration_count: 36; random_action_prob: 0.2487
make_subtrust -0.017857142857142856 28
move_asset -0.006619718309859155 71
sell_asset 1.39 23
give_vesting_power -2.0216666666666665 6
update_start: 2; random_action_prob: 0.2475
update_complete: 2; loss: 2.4900565147399902; cumulative_reward: 19.239999999999995; invalid_count: 0; positive_reward_count: 1; success_count: 1; episode_count: 12; random_exploration_count: 37; random_action_prob: 0.2475
make_subtrust -0.019444444444444445 36
move_asset -0.0008333333333333334 60
sell_asset 0.6666666666666666 30
give_vesting_power -0.005 2
update_start: 3; random_action_prob: 0.2463
update_complete: 3; loss: 5.451551755269368; cumulative_reward: 19.249999999999996; invalid_count: 0; positive_reward_count: 1; success_count: 1; episode_count: 12; random_exploration_count: 18; random_action_prob: 0.2463
make_subtrust -0.02142857142857143 35
move_asset 0.0 57
sell_asset 1.0 32
give_vesting_power -3.0 4
update_start: 4; random_action_prob: 0.2450
update_complete: 4; loss: 11.114243507385254; cumulative_reward: 82.95999999999997; invalid_count: 0; positive_reward_count: 3; success_count: 3; episode_count: 13; random_exploration_count: 30; random_action_prob: 0.2450
make_subtrust -0.01756756756756757 37
move_asset -0.004 55
sell_asset 3.3068965517241375 29
give_vesting_power -1.724285714285714 7
update_start: 5; random_action_prob: 0.2438
update_complete: 5; loss: 5.883709112803142; cumulative_reward: 7.439999999999997; invalid_count: 0; positive_reward_count: 1; success_count: 1; episode_count: 12; random_exploration_count: 32; random_action_prob: 0.2438
make_subtrust -0.014666666666666666 30
move_asset -0.0011111111111111111 63
sell_asset 0.26499999999999996 30
give_vesting_power 0.0 5
update_start: 6; random_action_prob: 0.2426
update_complete: 6; loss: 6.728225390116374; cumulative_reward: 62.84; invalid_count: 0; positive_reward_count: 2; success_count: 2; episode_count: 13; random_exploration_count: 27; random_action_prob: 0.2426
make_subtrust -0.02102564102564103 39
move_asset -0.0038775510204081634 49
sell_asset 0.9108571428571428 35
give_vesting_power 6.394 5
update_start: 7; random_action_prob: 0.2414
update_complete: 7; loss: 6.642597198486328; cumulative_reward: 26.819999999999993; invalid_count: 0; positive_reward_count: 2; success_count: 2; episode_count: 13; random_exploration_count: 34; random_action_prob: 0.2414
make_subtrust -0.019736842105263157 38
move_asset -0.005333333333333334 45
sell_asset 1.139142857142857 35
give_vesting_power -1.206 10
update_start: 8; random_action_prob: 0.2402
update_complete: 8; loss: 23.904218037923176; cumulative_reward: 194.95; invalid_count: 0; positive_reward_count: 8; success_count: 8; episode_count: 14; random_exploration_count: 38; random_action_prob: 0.2402
make_subtrust -0.015454545454545455 33
move_asset -0.0038461538461538464 52
sell_asset 6.47551724137931 29
give_vesting_power 0.5621428571428572 14
update_start: 9; random_action_prob: 0.2390
update_complete: 9; loss: 14.405399640401205; cumulative_reward: 90.53; invalid_count: 0; positive_reward_count: 4; success_count: 4; episode_count: 13; random_exploration_count: 28; random_action_prob: 0.2390
make_subtrust -0.015882352941176472 34
move_asset -0.009482758620689657 58
sell_asset 4.71909090909091 22
give_vesting_power -0.8714285714285713 14
update_start: 10; random_action_prob: 0.2378
update_complete: 10; loss: 31.933808008829754; cumulative_reward: 274.9900000000001; invalid_count: 0; positive_reward_count: 9; success_count: 9; episode_count: 14; random_exploration_count: 30; random_action_prob: 0.2378
make_subtrust -0.014838709677419355 31
move_asset -0.0058 50
sell_asset 6.965714285714285 35
give_vesting_power 2.6616666666666666 12
update_start: 11; random_action_prob: 0.2366
update_complete: 11; loss: 26.16230583190918; cumulative_reward: 186.88999999999996; invalid_count: 0; positive_reward_count: 7; success_count: 7; episode_count: 14; random_exploration_count: 38; random_action_prob: 0.2366
make_subtrust -0.0125 32
move_asset -0.008 55
sell_asset 7.401481481481482 27
give_vesting_power -0.865 14
update_start: 12; random_action_prob: 0.2354
update_complete: 12; loss: 29.150304158528645; cumulative_reward: 242.66999999999996; invalid_count: 0; positive_reward_count: 8; success_count: 8; episode_count: 14; random_exploration_count: 29; random_action_prob: 0.2354
make_subtrust -0.01657142857142857 35
move_asset -0.007692307692307693 52
sell_asset 7.845555555555555 27
give_vesting_power 2.2728571428571427 14
update_start: 13; random_action_prob: 0.2342
update_complete: 13; loss: 28.227407455444336; cumulative_reward: 253.95000000000007; invalid_count: 0; positive_reward_count: 8; success_count: 8; episode_count: 14; random_exploration_count: 32; random_action_prob: 0.2342
make_subtrust -0.01975609756097561 41
move_asset -0.013181818181818183 44
sell_asset 8.814827586206896 29
give_vesting_power -0.020714285714285713 14
update_start: 14; random_action_prob: 0.2331
update_complete: 14; loss: 30.79104741414388; cumulative_reward: 225.03; invalid_count: 0; positive_reward_count: 9; success_count: 9; episode_count: 14; random_exploration_count: 27; random_action_prob: 0.2331
make_subtrust -0.024523809523809524 42
move_asset -0.01975 40
sell_asset 8.253793103448276 29
give_vesting_power -0.7358823529411764 17
update_start: 15; random_action_prob: 0.2319
update_complete: 15; loss: 30.660594304402668; cumulative_reward: 286.67000000000013; invalid_count: 0; positive_reward_count: 9; success_count: 9; episode_count: 15; random_exploration_count: 32; random_action_prob: 0.2319
make_subtrust -0.015806451612903224 31
move_asset -0.0069642857142857145 56
sell_asset 9.922068965517242 29
give_vesting_power -0.015833333333333335 12
update_start: 16; random_action_prob: 0.2307
update_complete: 16; loss: 34.77807744344076; cumulative_reward: 324.2; invalid_count: 0; positive_reward_count: 11; success_count: 11; episode_count: 15; random_exploration_count: 28; random_action_prob: 0.2307
make_subtrust -0.02673913043478261 46
move_asset -0.030465116279069768 43
sell_asset 14.879545454545452 22
give_vesting_power -0.03588235294117647 17
update_start: 17; random_action_prob: 0.2296
update_complete: 17; loss: 44.77871449788412; cumulative_reward: 433.89000000000004; invalid_count: 0; positive_reward_count: 14; success_count: 14; episode_count: 16; random_exploration_count: 23; random_action_prob: 0.2296
make_subtrust -0.020975609756097562 41
move_asset -0.008958333333333334 48
sell_asset 20.73952380952381 21
give_vesting_power -0.019444444444444445 18
update_start: 18; random_action_prob: 0.2284
update_complete: 18; loss: 29.795993169148762; cumulative_reward: 262.6900000000002; invalid_count: 0; positive_reward_count: 9; success_count: 9; episode_count: 15; random_exploration_count: 32; random_action_prob: 0.2284
make_subtrust -0.016470588235294115 34
move_asset -0.00631578947368421 57
sell_asset 13.1895 20
give_vesting_power -0.010588235294117647 17
update_start: 19; random_action_prob: 0.2273
update_complete: 19; loss: 43.56979624430338; cumulative_reward: 402.60000000000025; invalid_count: 0; positive_reward_count: 13; success_count: 13; episode_count: 15; random_exploration_count: 26; random_action_prob: 0.2273
make_subtrust -0.015161290322580644 31
move_asset -0.004821428571428572 56
sell_asset 17.547391304347826 23
give_vesting_power -0.013888888888888888 18
update_start: 20; random_action_prob: 0.2262
update_complete: 20; loss: 35.98569361368815; cumulative_reward: 326.49000000000024; invalid_count: 0; positive_reward_count: 11; success_count: 11; episode_count: 16; random_exploration_count: 33; random_action_prob: 0.2262
make_subtrust -0.017575757575757574 33
move_asset -0.008703703703703703 54
sell_asset 12.860869565217392 23
give_vesting_power 1.7633333333333332 18
update_start: 21; random_action_prob: 0.2250
update_complete: 21; loss: 42.4342892964681; cumulative_reward: 379.02000000000015; invalid_count: 0; positive_reward_count: 13; success_count: 13; episode_count: 17; random_exploration_count: 27; random_action_prob: 0.2250
make_subtrust -0.016129032258064516 31
move_asset -0.0034545454545454545 55
sell_asset 14.608076923076924 26
give_vesting_power -0.0062499999999999995 16
update_start: 22; random_action_prob: 0.2239
update_complete: 22; loss: 53.95732498168945; cumulative_reward: 551.7000000000002; invalid_count: 0; positive_reward_count: 18; success_count: 18; episode_count: 19; random_exploration_count: 29; random_action_prob: 0.2239
make_subtrust -0.005 26
move_asset -0.0005263157894736842 57
sell_asset 21.66208333333333 24
give_vesting_power 1.5223809523809524 21
update_start: 23; random_action_prob: 0.2228
update_complete: 23; loss: 43.960550944010414; cumulative_reward: 467.5200000000001; invalid_count: 0; positive_reward_count: 15; success_count: 15; episode_count: 19; random_exploration_count: 27; random_action_prob: 0.2228
make_subtrust -0.0068000000000000005 25
move_asset -0.0017857142857142859 56
sell_asset 16.708214285714284 28
give_vesting_power -0.002105263157894737 19
update_start: 24; random_action_prob: 0.2217
update_complete: 24; loss: 47.04717127482096; cumulative_reward: 541.6000000000001; invalid_count: 0; positive_reward_count: 17; success_count: 17; episode_count: 20; random_exploration_count: 28; random_action_prob: 0.2217
make_subtrust -0.019 40
move_asset -0.015348837209302326 43
sell_asset 21.733600000000003 25
give_vesting_power -0.016 20
update_start: 25; random_action_prob: 0.2206
update_complete: 25; loss: 48.574275970458984; cumulative_reward: 519.0400000000004; invalid_count: 0; positive_reward_count: 17; success_count: 17; episode_count: 20; random_exploration_count: 21; random_action_prob: 0.2206
make_subtrust -0.008666666666666666 30
move_asset -0.004615384615384615 52
sell_asset 20.7896 25
give_vesting_power -0.009523809523809523 21
update_start: 26; random_action_prob: 0.2195
update_complete: 26; loss: 48.09282938639323; cumulative_reward: 486.4300000000002; invalid_count: 0; positive_reward_count: 16; success_count: 16; episode_count: 19; random_exploration_count: 21; random_action_prob: 0.2195
make_subtrust -0.014102564102564105 39
move_asset -0.007727272727272728 44
sell_asset 20.318749999999998 24
give_vesting_power -0.015714285714285715 21
update_start: 27; random_action_prob: 0.2184
update_complete: 27; loss: 52.31544876098633; cumulative_reward: 541.38; invalid_count: 0; positive_reward_count: 17; success_count: 17; episode_count: 18; random_exploration_count: 25; random_action_prob: 0.2184
make_subtrust -0.02022727272727273 44
move_asset -0.01738095238095238 42
sell_asset 28.606315789473683 19
give_vesting_power -0.022608695652173914 23
update_start: 28; random_action_prob: 0.2173
update_complete: 28; loss: 40.363277435302734; cumulative_reward: 400.1400000000003; invalid_count: 0; positive_reward_count: 13; success_count: 13; episode_count: 17; random_exploration_count: 26; random_action_prob: 0.2173
make_subtrust -0.02653061224489796 49
move_asset -0.027297297297297296 37
sell_asset 17.676666666666666 21
give_vesting_power 1.4876190476190476 21
update_start: 29; random_action_prob: 0.2162
update_complete: 29; loss: 53.21808878580729; cumulative_reward: 528.1399999999999; invalid_count: 0; positive_reward_count: 17; success_count: 17; episode_count: 17; random_exploration_count: 29; random_action_prob: 0.2162
make_subtrust -0.025185185185185185 54
move_asset -0.029393939393939396 33
sell_asset 23.77047619047619 21
give_vesting_power 1.5645 20
update_start: 30; random_action_prob: 0.2151
update_complete: 30; loss: 43.85750071207682; cumulative_reward: 465.28000000000026; invalid_count: 0; positive_reward_count: 15; success_count: 15; episode_count: 19; random_exploration_count: 21; random_action_prob: 0.2151
make_subtrust -0.023170731707317073 41
move_asset -0.020681818181818183 44
sell_asset 23.384 20
give_vesting_power -0.02347826086956522 23
update_start: 31; random_action_prob: 0.2140
update_complete: 31; loss: 53.39441172281901; cumulative_reward: 605.9600000000006; invalid_count: 0; positive_reward_count: 19; success_count: 19; episode_count: 21; random_exploration_count: 23; random_action_prob: 0.2140
make_subtrust -0.018780487804878048 41
move_asset -0.011463414634146343 41
sell_asset 24.3004 25
give_vesting_power -0.014761904761904763 21
update_start: 32; random_action_prob: 0.2130
update_complete: 32; loss: 50.09392801920573; cumulative_reward: 562.2700000000004; invalid_count: 0; positive_reward_count: 18; success_count: 18; episode_count: 21; random_exploration_count: 25; random_action_prob: 0.2130
make_subtrust -0.0195 40
move_asset -0.008837209302325582 43
sell_asset 23.116956521739134 23
give_vesting_power 1.4427272727272726 22
update_start: 33; random_action_prob: 0.2119
update_complete: 33; loss: 53.791463216145836; cumulative_reward: 582.8100000000003; invalid_count: 0; positive_reward_count: 19; success_count: 19; episode_count: 21; random_exploration_count: 23; random_action_prob: 0.2119
make_subtrust -0.010294117647058823 34
move_asset -0.006382978723404255 47
sell_asset 22.0696 25
give_vesting_power 1.4418181818181817 22
update_start: 34; random_action_prob: 0.2108
update_complete: 34; loss: 48.9065055847168; cumulative_reward: 518.9700000000001; invalid_count: 0; positive_reward_count: 17; success_count: 17; episode_count: 20; random_exploration_count: 35; random_action_prob: 0.2108
make_subtrust -0.012058823529411764 34
move_asset -0.0058823529411764705 51
sell_asset 23.62818181818182 22
give_vesting_power -0.006666666666666667 21
update_start: 35; random_action_prob: 0.2098
update_complete: 35; loss: 49.77559153238932; cumulative_reward: 606.5300000000003; invalid_count: 0; positive_reward_count: 19; success_count: 19; episode_count: 22; random_exploration_count: 23; random_action_prob: 0.2098
make_subtrust -0.01108108108108108 37
move_asset -0.013617021276595745 47
sell_asset 27.42142857142857 21
give_vesting_power 1.3795652173913044 23
update_start: 36; random_action_prob: 0.2087
update_complete: 36; loss: 47.95643615722656; cumulative_reward: 487.2800000000002; invalid_count: 0; positive_reward_count: 16; success_count: 16; episode_count: 19; random_exploration_count: 29; random_action_prob: 0.2087
make_subtrust -0.009999999999999998 29
move_asset -0.003090909090909091 55
sell_asset 17.66 24
give_vesting_power 3.195 20
update_start: 37; random_action_prob: 0.2077
update_complete: 37; loss: 56.00578689575195; cumulative_reward: 594.3200000000002; invalid_count: 0; positive_reward_count: 19; success_count: 19; episode_count: 20; random_exploration_count: 25; random_action_prob: 0.2077
make_subtrust -0.01725 40
move_asset -0.00975609756097561 41
sell_asset 24.81958333333333 24
give_vesting_power -0.011304347826086957 23
update_start: 38; random_action_prob: 0.2066
update_complete: 38; loss: 54.3315315246582; cumulative_reward: 572.9500000000005; invalid_count: 0; positive_reward_count: 18; success_count: 18; episode_count: 19; random_exploration_count: 37; random_action_prob: 0.2066
make_subtrust -0.0202 50
move_asset -0.022285714285714287 35
sell_asset 23.968333333333334 24
give_vesting_power -0.02631578947368421 19
update_start: 39; random_action_prob: 0.2056
update_complete: 39; loss: 45.01271947224935; cumulative_reward: 499.28000000000003; invalid_count: 0; positive_reward_count: 16; success_count: 16; episode_count: 19; random_exploration_count: 23; random_action_prob: 0.2056
make_subtrust -0.0077777777777777776 27
move_asset -0.004098360655737705 61
sell_asset 23.395 20
give_vesting_power 1.592 20
update_start: 40; random_action_prob: 0.2046
update_complete: 40; loss: 48.5283317565918; cumulative_reward: 574.3200000000003; invalid_count: 0; positive_reward_count: 18; success_count: 18; episode_count: 21; random_exploration_count: 25; random_action_prob: 0.2046
make_subtrust -0.014594594594594595 37
move_asset -0.012222222222222223 45
sell_asset 25.030434782608697 23
give_vesting_power -0.012608695652173915 23
update_start: 41; random_action_prob: 0.2036
update_complete: 41; loss: 57.369703928629555; cumulative_reward: 626.1800000000001; invalid_count: 0; positive_reward_count: 20; success_count: 20; episode_count: 21; random_exploration_count: 25; random_action_prob: 0.2036
make_subtrust -0.01575 40
move_asset -0.01 42
sell_asset 24.815833333333334 24
give_vesting_power 1.4386363636363635 22
update_start: 42; random_action_prob: 0.2025
update_complete: 42; loss: 51.2501589457194; cumulative_reward: 517.6600000000004; invalid_count: 0; positive_reward_count: 17; success_count: 17; episode_count: 19; random_exploration_count: 28; random_action_prob: 0.2025
make_subtrust -0.01911111111111111 45
move_asset -0.013846153846153847 39
sell_asset 20.31 24
give_vesting_power 1.581 20
update_start: 43; random_action_prob: 0.2015
update_complete: 43; loss: 49.260641733805336; cumulative_reward: 507.9899999999998; invalid_count: 0; positive_reward_count: 16; success_count: 16; episode_count: 18; random_exploration_count: 23; random_action_prob: 0.2015
make_subtrust -0.025818181818181817 55
move_asset -0.03457142857142857 35
sell_asset 26.63111111111111 18
give_vesting_power 1.563 20
update_start: 44; random_action_prob: 0.2005
update_complete: 44; loss: 45.40017064412435; cumulative_reward: 465.2299999999997; invalid_count: 0; positive_reward_count: 15; success_count: 15; episode_count: 18; random_exploration_count: 33; random_action_prob: 0.2005
make_subtrust -0.021739130434782608 46
move_asset -0.01951219512195122 41
sell_asset 23.378 20
give_vesting_power -0.02523809523809524 21
update_start: 45; random_action_prob: 0.1995
update_complete: 45; loss: 54.8941396077474; cumulative_reward: 627.0500000000003; invalid_count: 0; positive_reward_count: 20; success_count: 20; episode_count: 22; random_exploration_count: 25; random_action_prob: 0.1995
make_subtrust -0.009705882352941177 34
move_asset -0.005957446808510638 47
sell_asset 25.112399999999997 25
give_vesting_power -0.006818181818181818 22
update_start: 46; random_action_prob: 0.1985
update_complete: 46; loss: 53.0038808186849; cumulative_reward: 550.8300000000005; invalid_count: 0; positive_reward_count: 18; success_count: 18; episode_count: 20; random_exploration_count: 22; random_action_prob: 0.1985
make_subtrust -0.009999999999999998 34
move_asset -0.006458333333333333 48
sell_asset 19.5076 25
give_vesting_power 3.0376190476190477 21
update_start: 47; random_action_prob: 0.1975
update_complete: 47; loss: 58.45158004760742; cumulative_reward: 702.8300000000003; invalid_count: 0; positive_reward_count: 22; success_count: 22; episode_count: 23; random_exploration_count: 26; random_action_prob: 0.1975
make_subtrust -0.01 35
move_asset -0.006511627906976744 43
sell_asset 28.148400000000002 25
give_vesting_power -0.01 25
update_start: 48; random_action_prob: 0.1965
update_complete: 48; loss: 47.53506088256836; cumulative_reward: 595.2400000000004; invalid_count: 0; positive_reward_count: 19; success_count: 19; episode_count: 22; random_exploration_count: 29; random_action_prob: 0.1965
make_subtrust -0.008125 32
move_asset -0.005416666666666667 48
sell_asset 22.067777777777778 27
give_vesting_power -0.003333333333333333 21
update_start: 49; random_action_prob: 0.1956
update_complete: 49; loss: 48.045572916666664; cumulative_reward: 464.32999999999987; invalid_count: 0; positive_reward_count: 15; success_count: 15; episode_count: 17; random_exploration_count: 27; random_action_prob: 0.1956
make_subtrust -0.024339622641509434 53
move_asset -0.03189189189189189 37
sell_asset 21.768 20
give_vesting_power 1.7466666666666666 18
update_start: 50; random_action_prob: 0.1946
update_complete: 50; loss: 54.047559102376304; cumulative_reward: 560.0000000000003; invalid_count: 0; positive_reward_count: 18; success_count: 18; episode_count: 18; random_exploration_count: 23; random_action_prob: 0.1946
make_subtrust -0.024745762711864405 59
move_asset -0.03483870967741936 31
sell_asset 26.908421052631578 19
give_vesting_power 2.6989473684210528 19
update_start: 51; random_action_prob: 0.1936
update_complete: 51; loss: 57.97347513834635; cumulative_reward: 669.5600000000006; invalid_count: 0; positive_reward_count: 21; success_count: 21; episode_count: 22; random_exploration_count: 23; random_action_prob: 0.1936
make_subtrust -0.017727272727272727 44
move_asset -0.015897435897435898 39
sell_asset 29.068181818181817 22
give_vesting_power 1.3678260869565217 23
update_start: 52; random_action_prob: 0.1926
update_complete: 52; loss: 49.61294682820638; cumulative_reward: 562.76; invalid_count: 0; positive_reward_count: 18; success_count: 18; episode_count: 21; random_exploration_count: 21; random_action_prob: 0.1926
make_subtrust -0.013783783783783784 37
move_asset -0.006521739130434782 46
sell_asset 22.157083333333333 24
give_vesting_power 1.5142857142857142 21
update_start: 53; random_action_prob: 0.1917
update_complete: 53; loss: 51.8075917561849; cumulative_reward: 570.7500000000003; invalid_count: 0; positive_reward_count: 19; success_count: 19; episode_count: 21; random_exploration_count: 23; random_action_prob: 0.1917
make_subtrust -0.013333333333333332 36
move_asset -0.008222222222222223 45
sell_asset 20.791999999999998 25
give_vesting_power 2.3545454545454545 22
update_start: 54; random_action_prob: 0.1907
update_complete: 54; loss: 47.86484018961588; cumulative_reward: 462.8800000000003; invalid_count: 0; positive_reward_count: 16; success_count: 16; episode_count: 20; random_exploration_count: 24; random_action_prob: 0.1907
make_subtrust -0.0125 36
move_asset -0.006444444444444444 45
sell_asset 15.376923076923077 26
give_vesting_power 3.039047619047619 21
update_start: 55; random_action_prob: 0.1898
update_complete: 55; loss: 52.034698486328125; cumulative_reward: 583.2000000000002; invalid_count: 0; positive_reward_count: 19; success_count: 19; episode_count: 22; random_exploration_count: 29; random_action_prob: 0.1898
make_subtrust -0.011142857142857144 35
move_asset -0.0037209302325581397 43
sell_asset 20.13241379310345 29
give_vesting_power -0.004285714285714286 21
update_start: 56; random_action_prob: 0.1888
update_complete: 56; loss: 50.37398147583008; cumulative_reward: 581.7800000000003; invalid_count: 0; positive_reward_count: 19; success_count: 19; episode_count: 22; random_exploration_count: 18; random_action_prob: 0.1888
make_subtrust -0.016585365853658537 41
move_asset -0.0165 40
sell_asset 23.3412 25
give_vesting_power -0.01863636363636364 22
update_start: 57; random_action_prob: 0.1879
update_complete: 57; loss: 56.465127309163414; cumulative_reward: 592.5900000000007; invalid_count: 0; positive_reward_count: 19; success_count: 19; episode_count: 20; random_exploration_count: 28; random_action_prob: 0.1879
make_subtrust -0.02127659574468085 47
move_asset -0.027777777777777776 36
sell_asset 25.881304347826084 23
give_vesting_power -0.03090909090909091 22
update_start: 58; random_action_prob: 0.1869
update_complete: 58; loss: 54.424888610839844; cumulative_reward: 625.8100000000002; invalid_count: 0; positive_reward_count: 20; success_count: 20; episode_count: 22; random_exploration_count: 20; random_action_prob: 0.1869
make_subtrust -0.015128205128205128 39
move_asset -0.01717948717948718 39
sell_asset 26.150000000000002 24
give_vesting_power -0.020384615384615386 26
update_start: 59; random_action_prob: 0.1860
update_complete: 59; loss: 47.777695973714195; cumulative_reward: 519.5900000000001; invalid_count: 0; positive_reward_count: 17; success_count: 17; episode_count: 20; random_exploration_count: 28; random_action_prob: 0.1860
make_subtrust -0.006296296296296296 27
move_asset -0.0019642857142857144 56
sell_asset 21.66416666666667 24
give_vesting_power -0.0033333333333333335 21
update_start: 60; random_action_prob: 0.1851
update_complete: 60; loss: 56.19340133666992; cumulative_reward: 607.46; invalid_count: 0; positive_reward_count: 19; success_count: 19; episode_count: 20; random_exploration_count: 32; random_action_prob: 0.1851
make_subtrust -0.0058620689655172415 29
move_asset -0.0029090909090909093 55
sell_asset 22.66208333333333 24
give_vesting_power 3.195 20
update_start: 61; random_action_prob: 0.1841
update_complete: 61; loss: 56.045389811197914; cumulative_reward: 625.9799999999998; invalid_count: 0; positive_reward_count: 20; success_count: 20; episode_count: 21; random_exploration_count: 27; random_action_prob: 0.1841
make_subtrust -0.015238095238095238 42
move_asset -0.013414634146341465 41
sell_asset 25.894782608695653 23
give_vesting_power 1.4359090909090908 22
update_start: 62; random_action_prob: 0.1832
update_complete: 62; loss: 50.318372090657554; cumulative_reward: 573.7500000000002; invalid_count: 0; positive_reward_count: 18; success_count: 18; episode_count: 20; random_exploration_count: 26; random_action_prob: 0.1832
make_subtrust -0.017105263157894738 38
move_asset -0.014893617021276596 47
sell_asset 26.16409090909091 22
give_vesting_power -0.024285714285714285 21
update_start: 63; random_action_prob: 0.1823
update_complete: 63; loss: 50.992496490478516; cumulative_reward: 562.47; invalid_count: 0; positive_reward_count: 18; success_count: 18; episode_count: 20; random_exploration_count: 25; random_action_prob: 0.1823
make_subtrust -0.013243243243243243 37
move_asset -0.009111111111111111 45
sell_asset 19.21769230769231 26
give_vesting_power 3.1855 20
update_start: 64; random_action_prob: 0.1814
update_complete: 64; loss: 49.94270324707031; cumulative_reward: 558.3000000000005; invalid_count: 0; positive_reward_count: 19; success_count: 19; episode_count: 21; random_exploration_count: 27; random_action_prob: 0.1814
make_subtrust -0.012571428571428572 35
move_asset -0.013404255319148937 47
sell_asset 23.32166666666667 24
give_vesting_power -0.01590909090909091 22
update_start: 65; random_action_prob: 0.1805
update_complete: 65; loss: 61.05573272705078; cumulative_reward: 671.3200000000002; invalid_count: 0; positive_reward_count: 21; success_count: 21; episode_count: 21; random_exploration_count: 21; random_action_prob: 0.1805
make_subtrust -0.007 30
move_asset -0.003333333333333333 54
sell_asset 27.819565217391304 23
give_vesting_power 1.5171428571428571 21
update_start: 66; random_action_prob: 0.1796
update_complete: 66; loss: 55.18591817220052; cumulative_reward: 637.020000000001; invalid_count: 0; positive_reward_count: 20; success_count: 20; episode_count: 21; random_exploration_count: 21; random_action_prob: 0.1796
make_subtrust -0.02235294117647059 51
move_asset -0.021212121212121213 33
sell_asset 28.92666666666667 21
give_vesting_power 1.3652173913043477 23
update_start: 67; random_action_prob: 0.1787
update_complete: 67; loss: 52.14864985148112; cumulative_reward: 607.6600000000001; invalid_count: 0; positive_reward_count: 19; success_count: 19; episode_count: 21; random_exploration_count: 19; random_action_prob: 0.1787
make_subtrust -0.0064285714285714285 28
move_asset -0.0009615384615384616 52
sell_asset 19.42642857142857 28
give_vesting_power 3.1975000000000002 20
update_start: 68; random_action_prob: 0.1778
update_complete: 68; loss: 45.727185567220054; cumulative_reward: 511.54999999999995; invalid_count: 0; positive_reward_count: 16; success_count: 16; episode_count: 19; random_exploration_count: 27; random_action_prob: 0.1778
make_subtrust -0.005599999999999999 25
move_asset -0.002096774193548387 62
sell_asset 21.330000000000002 21
give_vesting_power 3.1945 20
update_start: 69; random_action_prob: 0.1769
update_complete: 69; loss: 51.61298370361328; cumulative_reward: 607.31; invalid_count: 0; positive_reward_count: 19; success_count: 19; episode_count: 21; random_exploration_count: 19; random_action_prob: 0.1769
make_subtrust -0.007666666666666666 30
move_asset -0.002857142857142857 56
sell_asset 27.420952380952382 21
give_vesting_power 1.5171428571428571 21
update_start: 70; random_action_prob: 0.1760
update_complete: 70; loss: 61.55583063761393; cumulative_reward: 755.2200000000004; invalid_count: 0; positive_reward_count: 24; success_count: 24; episode_count: 24; random_exploration_count: 22; random_action_prob: 0.1760
make_subtrust -0.007142857142857143 35
move_asset -0.005238095238095238 42
sell_asset 24.148076923076925 26
give_vesting_power 5.1136 25
update_start: 71; random_action_prob: 0.1751
update_complete: 71; loss: 51.71829096476237; cumulative_reward: 575.5100000000002; invalid_count: 0; positive_reward_count: 18; success_count: 18; episode_count: 20; random_exploration_count: 31; random_action_prob: 0.1751
make_subtrust -0.0064516129032258064 31
move_asset -0.001176470588235294 51
sell_asset 19.686923076923076 26
give_vesting_power 3.1955 20
update_start: 72; random_action_prob: 0.1743
update_complete: 72; loss: 49.78274917602539; cumulative_reward: 543.6800000000003; invalid_count: 0; positive_reward_count: 17; success_count: 17; episode_count: 19; random_exploration_count: 21; random_action_prob: 0.1743
make_subtrust -0.0030434782608695647 23
move_asset -0.00296875 64
sell_asset 21.81681818181818 22
give_vesting_power 3.366842105263158 19
update_start: 73; random_action_prob: 0.1734
update_complete: 73; loss: 60.97670873006185; cumulative_reward: 703.3100000000004; invalid_count: 0; positive_reward_count: 22; success_count: 22; episode_count: 22; random_exploration_count: 27; random_action_prob: 0.1734
make_subtrust -0.005625 32
move_asset -0.003673469387755102 49
sell_asset 27.99291666666667 24
give_vesting_power 1.3843478260869566 23
update_start: 74; random_action_prob: 0.1725
update_complete: 74; loss: 64.92422993977864; cumulative_reward: 799.3800000000003; invalid_count: 0; positive_reward_count: 25; success_count: 25; episode_count: 25; random_exploration_count: 21; random_action_prob: 0.1725
make_subtrust -0.005151515151515151 33
move_asset -0.004 45
sell_asset 28.1544 25
give_vesting_power 3.8348 25
update_start: 75; random_action_prob: 0.1717
update_complete: 75; loss: 55.36383565266927; cumulative_reward: 639.8000000000001; invalid_count: 0; positive_reward_count: 20; success_count: 20; episode_count: 21; random_exploration_count: 21; random_action_prob: 0.1717
make_subtrust -0.002 25
move_asset -0.001 60
sell_asset 30.474285714285717 21
give_vesting_power -0.002272727272727273 22
update_start: 76; random_action_prob: 0.1708
update_complete: 76; loss: 61.282850901285805; cumulative_reward: 734.9900000000004; invalid_count: 0; positive_reward_count: 23; success_count: 23; episode_count: 23; random_exploration_count: 30; random_action_prob: 0.1708
make_subtrust -0.01 36
move_asset -0.005581395348837209 43
sell_asset 29.4296 25
give_vesting_power -0.0062499999999999995 24
update_start: 77; random_action_prob: 0.1699
update_complete: 77; loss: 60.256265004475914; cumulative_reward: 722.8900000000004; invalid_count: 0; positive_reward_count: 23; success_count: 23; episode_count: 24; random_exploration_count: 24; random_action_prob: 0.1699
make_subtrust -0.009705882352941177 34
move_asset -0.008222222222222223 45
sell_asset 27.6712 25
give_vesting_power 1.3254166666666667 24
update_start: 78; random_action_prob: 0.1691
update_complete: 78; loss: 65.1636454264323; cumulative_reward: 831.8800000000001; invalid_count: 0; positive_reward_count: 26; success_count: 26; episode_count: 26; random_exploration_count: 15; random_action_prob: 0.1691
make_subtrust -0.001 30
move_asset -0.0006666666666666666 45
sell_asset 29.62851851851852 27
give_vesting_power 1.2296153846153846 26
update_start: 79; random_action_prob: 0.1683
update_complete: 79; loss: 53.942511240641274; cumulative_reward: 671.6700000000001; invalid_count: 0; positive_reward_count: 21; success_count: 21; episode_count: 23; random_exploration_count: 27; random_action_prob: 0.1683
make_subtrust -0.0046875 32
move_asset -0.0015217391304347828 46
sell_asset 22.516296296296293 27
give_vesting_power 2.7804347826086957 23
update_start: 80; random_action_prob: 0.1674
update_complete: 80; loss: 65.13833363850911; cumulative_reward: 799.5200000000002; invalid_count: 0; positive_reward_count: 25; success_count: 25; episode_count: 25; random_exploration_count: 21; random_action_prob: 0.1674
make_subtrust -0.005 30
move_asset -0.0019148936170212765 47
sell_asset 30.763461538461538 26
give_vesting_power -0.0036 25
update_start: 81; random_action_prob: 0.1666
update_complete: 81; loss: 54.561082204182945; cumulative_reward: 703.5200000000002; invalid_count: 0; positive_reward_count: 22; success_count: 22; episode_count: 24; random_exploration_count: 18; random_action_prob: 0.1666
make_subtrust -0.005 32
move_asset -0.003404255319148936 47
sell_asset 25.33 24
give_vesting_power 3.8368 25
update_start: 82; random_action_prob: 0.1657
update_complete: 82; loss: 60.24246724446615; cumulative_reward: 767.4600000000002; invalid_count: 0; positive_reward_count: 24; success_count: 24; episode_count: 25; random_exploration_count: 23; random_action_prob: 0.1657
make_subtrust -0.0043749999999999995 32
move_asset -0.003111111111111111 45
sell_asset 30.7144 25
give_vesting_power -0.004615384615384615 26
update_start: 83; random_action_prob: 0.1649
update_complete: 83; loss: 64.6455307006836; cumulative_reward: 830.7700000000002; invalid_count: 0; positive_reward_count: 26; success_count: 26; episode_count: 26; random_exploration_count: 21; random_action_prob: 0.1649
make_subtrust -0.01 40
move_asset -0.010285714285714285 35
sell_asset 30.758846153846154 26
give_vesting_power 1.1777777777777778 27
update_start: 84; random_action_prob: 0.1641
update_complete: 84; loss: 55.824014027913414; cumulative_reward: 703.73; invalid_count: 0; positive_reward_count: 22; success_count: 22; episode_count: 24; random_exploration_count: 17; random_action_prob: 0.1641
make_subtrust -0.0027586206896551726 29
move_asset -0.0022 50
sell_asset 26.878400000000003 25
give_vesting_power 1.3316666666666668 24
update_start: 85; random_action_prob: 0.1633
update_complete: 85; loss: 60.01312383015951; cumulative_reward: 735.6100000000004; invalid_count: 0; positive_reward_count: 23; success_count: 23; episode_count: 24; random_exploration_count: 22; random_action_prob: 0.1633
make_subtrust -0.004482758620689655 29
move_asset -0.0018 50
sell_asset 28.156 25
give_vesting_power 1.3304166666666666 24
update_start: 86; random_action_prob: 0.1625
update_complete: 86; loss: 51.722277323404946; cumulative_reward: 607.7600000000001; invalid_count: 0; positive_reward_count: 19; success_count: 19; episode_count: 21; random_exploration_count: 19; random_action_prob: 0.1625
make_subtrust -0.004615384615384615 26
move_asset -0.0005555555555555556 54
sell_asset 23.382307692307695 26
give_vesting_power -0.0013636363636363635 22
update_start: 87; random_action_prob: 0.1616
update_complete: 87; loss: 57.07338841756185; cumulative_reward: 703.7800000000002; invalid_count: 0; positive_reward_count: 22; success_count: 22; episode_count: 23; random_exploration_count: 20; random_action_prob: 0.1616
make_subtrust -0.0027586206896551726 29
move_asset -0.00040816326530612246 49
sell_asset 26.8776 25
give_vesting_power 1.2776 25
update_start: 88; random_action_prob: 0.1608
update_complete: 88; loss: 58.7882334391276; cumulative_reward: 735.6000000000001; invalid_count: 0; positive_reward_count: 23; success_count: 23; episode_count: 24; random_exploration_count: 19; random_action_prob: 0.1608
make_subtrust -0.004482758620689655 29
move_asset -0.0014285714285714284 49
sell_asset 28.302692307692308 26
give_vesting_power -0.0029166666666666664 24
update_start: 89; random_action_prob: 0.1600
update_complete: 89; loss: 66.70162455240886; cumulative_reward: 863.8300000000002; invalid_count: 0; positive_reward_count: 27; success_count: 27; episode_count: 27; random_exploration_count: 23; random_action_prob: 0.1600
make_subtrust -0.0012903225806451613 31
move_asset -0.0012195121951219512 41
sell_asset 29.712857142857143 28
give_vesting_power 1.1414285714285715 28
update_start: 90; random_action_prob: 0.1592
update_complete: 90; loss: 62.50782140096029; cumulative_reward: 733.9800000000006; invalid_count: 0; positive_reward_count: 23; success_count: 23; episode_count: 23; random_exploration_count: 23; random_action_prob: 0.1592
make_subtrust -0.014347826086956523 46
move_asset -0.01611111111111111 36
sell_asset 30.590434782608696 23
give_vesting_power 1.3756521739130434 23
update_start: 91; random_action_prob: 0.1584
update_complete: 91; loss: 61.16625467936198; cumulative_reward: 668.3000000000006; invalid_count: 0; positive_reward_count: 21; success_count: 21; episode_count: 21; random_exploration_count: 13; random_action_prob: 0.1584
make_subtrust -0.022857142857142857 56
move_asset -0.03259259259259259 27
sell_asset 27.79086956521739 23
give_vesting_power 1.4213636363636364 22
update_start: 92; random_action_prob: 0.1576
update_complete: 92; loss: 64.64640299479167; cumulative_reward: 830.9000000000008; invalid_count: 0; positive_reward_count: 26; success_count: 26; episode_count: 26; random_exploration_count: 21; random_action_prob: 0.1576
make_subtrust -0.01 41
move_asset -0.005588235294117647 34
sell_asset 31.990000000000002 26
give_vesting_power -0.008888888888888889 27
update_start: 93; random_action_prob: 0.1569
update_complete: 93; loss: 61.15819803873698; cumulative_reward: 767.3600000000004; invalid_count: 0; positive_reward_count: 24; success_count: 24; episode_count: 25; random_exploration_count: 24; random_action_prob: 0.1569
make_subtrust -0.005142857142857143 35
move_asset -0.005 42
sell_asset 28.1552 25
give_vesting_power 2.4565384615384613 26
update_start: 94; random_action_prob: 0.1561
update_complete: 94; loss: 55.68992614746094; cumulative_reward: 607.3900000000001; invalid_count: 0; positive_reward_count: 19; success_count: 19; episode_count: 20; random_exploration_count: 23; random_action_prob: 0.1561
make_subtrust -0.008928571428571428 28
move_asset -0.0017857142857142857 56
sell_asset 25.038695652173914 23
give_vesting_power 1.5166666666666668 21
update_start: 95; random_action_prob: 0.1553
update_complete: 95; loss: 44.936388651529946; cumulative_reward: 499.81000000000006; invalid_count: 0; positive_reward_count: 16; success_count: 16; episode_count: 19; random_exploration_count: 20; random_action_prob: 0.1553
make_subtrust -0.005769230769230769 26
move_asset 0.0 57
sell_asset 17.99923076923077 26
give_vesting_power 1.6831578947368422 19
update_start: 96; random_action_prob: 0.1545
update_complete: 96; loss: 51.45690409342448; cumulative_reward: 595.5700000000002; invalid_count: 0; positive_reward_count: 19; success_count: 19; episode_count: 22; random_exploration_count: 16; random_action_prob: 0.1545
make_subtrust -0.0059375 32
move_asset -0.0017391304347826088 46
sell_asset 22.07074074074074 27
give_vesting_power -0.0030434782608695656 23
update_start: 97; random_action_prob: 0.1537
update_complete: 97; loss: 65.50002034505208; cumulative_reward: 799.7300000000001; invalid_count: 0; positive_reward_count: 25; success_count: 25; episode_count: 25; random_exploration_count: 21; random_action_prob: 0.1537
make_subtrust -0.0027586206896551726 29
move_asset -0.0014893617021276594 47
sell_asset 29.626666666666665 27
give_vesting_power -0.0016 25
update_start: 98; random_action_prob: 0.1530
update_complete: 98; loss: 55.45866394042969; cumulative_reward: 615.26; invalid_count: 0; positive_reward_count: 20; success_count: 20; episode_count: 22; random_exploration_count: 19; random_action_prob: 0.1530
make_subtrust -0.009705882352941177 34
move_asset -0.0034883720930232558 43
sell_asset 20.85107142857143 28
give_vesting_power 1.387391304347826 23
update_start: 99; random_action_prob: 0.1522
update_complete: 99; loss: 65.92698415120442; cumulative_reward: 831.7600000000002; invalid_count: 0; positive_reward_count: 26; success_count: 26; episode_count: 26; random_exploration_count: 15; random_action_prob: 0.1522
make_subtrust -0.0026666666666666666 30
move_asset -0.00046511627906976747 43
sell_asset 27.58310344827586 29
give_vesting_power 1.228846153846154 26
2026-08-07T17:00:27 completed distressed_assets run=9 elapsed_seconds=1008.14 updates_logged=100
wrote metrics to /home/infres/shangold/shelter-check-gym/experiments/results/loophole_learning_metrics_hard_distressed_assets_927709_1_20260807_135845
Job finished at Fri Aug  7 17:00:31 CEST 2026
