Job 927710 started on node18 at Fri Aug  7 13:58:45 CEST 2026
Output directory: experiments/results/loophole_learning_metrics_hard_dub_irish_dutch_927710_2_20260807_135845
Loopholes: dub_irish_dutch
Environment variant: hard
Runs: 10; updates: 100; rollout steps: 128; tail updates: 20
SHELTER_CHECK_DEVICE: cpu; stream train logs: 1
Fri Aug  7 13:58:45 2026       
+-----------------------------------------------------------------------------------------+
| NVIDIA-SMI 580.126.18             Driver Version: 580.126.18     CUDA Version: 13.0     |
+-----------------------------------------+------------------------+----------------------+
| GPU  Name                 Persistence-M | Bus-Id          Disp.A | Volatile Uncorr. ECC |
| Fan  Temp   Perf          Pwr:Usage/Cap |           Memory-Usage | GPU-Util  Compute M. |
|                                         |                        |               MIG M. |
|=========================================+========================+======================|
|   0  Tesla P100-PCIE-16GB           Off |   00000000:D8:00.0 Off |                    0 |
| N/A   30C    P0             27W /  250W |       0MiB /  16384MiB |      0%      Default |
|                                         |                        |                  N/A |
+-----------------------------------------+------------------------+----------------------+

+-----------------------------------------------------------------------------------------+
| Processes:                                                                              |
|  GPU   GI   CI              PID   Type   Process name                        GPU Memory |
|        ID   ID                                                               Usage      |
|=========================================================================================|
|  No running processes found                                                             |
+-----------------------------------------------------------------------------------------+
torch 2.5.1+cu121
cuda_available True
cuda 12.1
               total        used        free      shared  buff/cache   available
Mem:            62Gi       9.6Gi        12Gi       4.6Mi        40Gi        52Gi
Swap:           31Gi       268Ki        31Gi
2026-08-07T13:58:52 running dub_irish_dutch run=0 seed=1729
env_variant: HardTaxEnv
update: 0; loss: -0.028503033022085827; cumulative_reward: -0.5533315854537102; success_count: 0; episode_count: 11; invalid_count: 0; positive_reward_count: 5; random_exploration_count: 37; best_tax_advantage: 0.0; random_action_prob: 0.2500; saved_snapshots: 0
0 -0.004150943396226415 53
1 -0.003450330093683875 42
2 -0.005709627924817798 33
update: 1; loss: -0.03282753502329191; cumulative_reward: -0.6476265588344242; success_count: 0; episode_count: 9; invalid_count: 0; positive_reward_count: 6; random_exploration_count: 30; best_tax_advantage: 0.0; random_action_prob: 0.2487; saved_snapshots: 0
0 -0.004814814814814815 54
1 -0.0059472568629872 45
2 -0.004137931034482759 29
update: 2; loss: -0.02467401015261809; cumulative_reward: -0.402920857725778; success_count: 0; episode_count: 12; invalid_count: 0; positive_reward_count: 4; random_exploration_count: 31; best_tax_advantage: 0.0; random_action_prob: 0.2475; saved_snapshots: 0
0 -0.0025490196078431374 51
1 -0.0023625986930634227 43
2 -0.005039091586001489 34
update: 3; loss: -0.022780561819672585; cumulative_reward: -0.36725067385444754; success_count: 0; episode_count: 10; invalid_count: 0; positive_reward_count: 3; random_exploration_count: 36; best_tax_advantage: 0.0; random_action_prob: 0.2463; saved_snapshots: 0
0 -0.0027450980392156863 51
1 -0.0034994486645430044 44
2 -0.0022204525034713713 33
update: 4; loss: -0.020522760848204296; cumulative_reward: -0.39895272640306134; success_count: 0; episode_count: 14; invalid_count: 0; positive_reward_count: 2; random_exploration_count: 34; best_tax_advantage: 0.0; random_action_prob: 0.2450; saved_snapshots: 0
0 -0.003 50
1 -0.0024041277406232765 37
2 -0.003902439024390244 41
update: 5; loss: -0.025452498346567154; cumulative_reward: -0.4903135218978623; success_count: 0; episode_count: 11; invalid_count: 0; positive_reward_count: 4; random_exploration_count: 28; best_tax_advantage: 0.0; random_action_prob: 0.2438; saved_snapshots: 0
0 -0.003529411764705882 51
1 -0.003285294109068137 45
2 -0.005077352718431122 32
update: 6; loss: -0.02467840847869714; cumulative_reward: -0.24359187527090218; success_count: 1; episode_count: 9; invalid_count: 0; positive_reward_count: 8; random_exploration_count: 33; best_tax_advantage: 44604000.0; random_action_prob: 0.2426; saved_snapshots: 0
0 -0.0024074074074074076 54
1 0.00014902615649065067 43
2 -0.003870967741935484 31
update: 7; loss: -0.029749948531389236; cumulative_reward: 0.01725752713238988; success_count: 1; episode_count: 11; invalid_count: 0; positive_reward_count: 7; random_exploration_count: 37; best_tax_advantage: 46746000.0; random_action_prob: 0.2414; saved_snapshots: 0
0 -0.0015384615384615385 52
1 0.00391300320779349 42
2 -0.00197319434102755 34
update: 8; loss: -0.031786262368162475; cumulative_reward: -0.4016139240506332; success_count: 0; episode_count: 12; invalid_count: 0; positive_reward_count: 5; random_exploration_count: 33; best_tax_advantage: 0.0; random_action_prob: 0.2402; saved_snapshots: 0
0 -0.0025490196078431374 51
1 -0.002177610759493671 48
2 -0.005761676123963335 29
update: 9; loss: -0.02407843992114067; cumulative_reward: -0.10910715720823207; success_count: 1; episode_count: 14; invalid_count: 0; positive_reward_count: 11; random_exploration_count: 36; best_tax_advantage: 46746000.0; random_action_prob: 0.2390; saved_snapshots: 0
0 -0.0020754716981132076 53
1 0.004069099601427237 43
2 -0.0054399512521750995 32
update: 10; loss: -0.02520626907547315; cumulative_reward: -0.4329324327208734; success_count: 1; episode_count: 13; invalid_count: 0; positive_reward_count: 5; random_exploration_count: 31; best_tax_advantage: 46746000.0; random_action_prob: 0.2378; saved_snapshots: 0
0 -0.0033333333333333335 51
1 -0.0005198514069941514 39
2 -0.0063857428381079275 38
update: 11; loss: -0.03856408720215162; cumulative_reward: -0.4641870334829049; success_count: 0; episode_count: 13; invalid_count: 0; positive_reward_count: 4; random_exploration_count: 31; best_tax_advantage: 0.0; random_action_prob: 0.2366; saved_snapshots: 0
0 -0.003673469387755102 49
1 -0.0017460533210792786 36
2 -0.0051471886959081545 43
update: 12; loss: -0.03052067259947459; cumulative_reward: -0.3129113924050634; success_count: 0; episode_count: 11; invalid_count: 0; positive_reward_count: 3; random_exploration_count: 33; best_tax_advantage: 0.0; random_action_prob: 0.2354; saved_snapshots: 0
0 -0.0017307692307692306 52
1 -0.0031855015058979714 44
2 -0.0025859164420485173 32
update: 13; loss: -0.04476523151000341; cumulative_reward: -0.5010680138986267; success_count: 0; episode_count: 9; invalid_count: 0; positive_reward_count: 4; random_exploration_count: 27; best_tax_advantage: 0.0; random_action_prob: 0.2342; saved_snapshots: 0
0 -0.0035185185185185185 54
1 0.0004867263519245582 38
2 -0.009154544868659987 36
update: 14; loss: -0.03010286142428716; cumulative_reward: -0.2848132518561819; success_count: 1; episode_count: 12; invalid_count: 0; positive_reward_count: 9; random_exploration_count: 30; best_tax_advantage: 74034000.0; random_action_prob: 0.2331; saved_snapshots: 0
0 -0.002777777777777778 54
1 0.001246615573553617 43
2 -0.006077991016741527 31
update: 15; loss: -0.02157946986456712; cumulative_reward: -0.16867088607594938; success_count: 0; episode_count: 11; invalid_count: 0; positive_reward_count: 3; random_exploration_count: 27; best_tax_advantage: 0.0; random_action_prob: 0.2319; saved_snapshots: 0
0 -0.0011538461538461537 52
1 -0.00034433393610608804 42
2 -0.002770848845867461 34
update: 16; loss: -0.03744801009694735; cumulative_reward: -0.5088981889103491; success_count: 0; episode_count: 12; invalid_count: 0; positive_reward_count: 4; random_exploration_count: 32; best_tax_advantage: 0.0; random_action_prob: 0.2307; saved_snapshots: 0
0 -0.003461538461538461 52
1 -0.0032475062323716612 43
2 -0.005735012755102041 33
update: 17; loss: -0.03470052778720856; cumulative_reward: -0.26334777713330376; success_count: 0; episode_count: 12; invalid_count: 0; positive_reward_count: 7; random_exploration_count: 27; best_tax_advantage: 0.0; random_action_prob: 0.2296; saved_snapshots: 0
0 -0.002156862745098039 51
1 -0.0006158539667204543 46
2 -0.004032854666585899 31
update: 18; loss: -0.021949689214428265; cumulative_reward: -0.23346518199158228; success_count: 0; episode_count: 12; invalid_count: 0; positive_reward_count: 5; random_exploration_count: 29; best_tax_advantage: 0.0; random_action_prob: 0.2284; saved_snapshots: 0
0 -0.0015384615384615385 52
1 0.0004425068040245153 37
2 -0.004354818813858699 39
update: 19; loss: -0.03926262507836024; cumulative_reward: -0.28910915299664175; success_count: 0; episode_count: 12; invalid_count: 0; positive_reward_count: 5; random_exploration_count: 33; best_tax_advantage: 0.0; random_action_prob: 0.2273; saved_snapshots: 0
0 -0.00196078431372549 51
1 -0.0011824194159675864 38
2 -0.003696851671535216 39
update: 20; loss: -0.03188425302505493; cumulative_reward: -0.022124960187905468; success_count: 0; episode_count: 11; invalid_count: 0; positive_reward_count: 8; random_exploration_count: 30; best_tax_advantage: 0.0; random_action_prob: 0.2262; saved_snapshots: 0
0 -0.001176470588235294 51
1 0.0035342686105918762 45
2 -0.0037864702395168717 32
update: 21; loss: -0.0331787479420503; cumulative_reward: -0.2322567642608212; success_count: 0; episode_count: 10; invalid_count: 0; positive_reward_count: 6; random_exploration_count: 34; best_tax_advantage: 0.0; random_action_prob: 0.2250; saved_snapshots: 0
0 -0.002142857142857143 56
1 -9.140577956747131e-05 42
2 -0.0036139240506329116 30
update: 22; loss: -0.027453468491633732; cumulative_reward: -0.14108910891089108; success_count: 0; episode_count: 13; invalid_count: 0; positive_reward_count: 4; random_exploration_count: 33; best_tax_advantage: 0.0; random_action_prob: 0.2239; saved_snapshots: 0
0 -0.0009615384615384616 52
1 0.0020999164564900656 40
2 -0.004863493532513714 36
update: 23; loss: -0.024106790622075398; cumulative_reward: 0.025873179572461893; success_count: 0; episode_count: 13; invalid_count: 0; positive_reward_count: 7; random_exploration_count: 24; best_tax_advantage: 0.0; random_action_prob: 0.2228; saved_snapshots: 0
0 -0.000588235294117647 51
1 0.005299706486820943 31
2 -0.002356906989543203 46
update: 24; loss: -0.03439908598860105; cumulative_reward: -0.1320205282469; success_count: 0; episode_count: 10; invalid_count: 0; positive_reward_count: 2; random_exploration_count: 26; best_tax_advantage: 0.0; random_action_prob: 0.2217; saved_snapshots: 0
0 -0.0011538461538461537 52
1 -0.0002795471685325588 43
2 -0.0018181818181818182 33
update: 25; loss: -0.03236265666782856; cumulative_reward: -0.4541444110907255; success_count: 0; episode_count: 10; invalid_count: 0; positive_reward_count: 4; random_exploration_count: 33; best_tax_advantage: 0.0; random_action_prob: 0.2206; saved_snapshots: 0
0 -0.003148148148148148 54
1 -0.0022552485165027564 45
2 -0.0062985595809690095 29
update: 26; loss: -0.03597865750392278; cumulative_reward: -0.10237581474399272; success_count: 1; episode_count: 14; invalid_count: 0; positive_reward_count: 6; random_exploration_count: 25; best_tax_advantage: 28760400.0; random_action_prob: 0.2195; saved_snapshots: 0
0 -0.001568627450980392 51
1 0.002077718399475208 38
2 -0.002598182408308991 39
update: 27; loss: -0.036309897899627686; cumulative_reward: -0.3515822784810128; success_count: 0; episode_count: 13; invalid_count: 0; positive_reward_count: 6; random_exploration_count: 27; best_tax_advantage: 0.0; random_action_prob: 0.2184; saved_snapshots: 0
0 -0.003 50
1 -0.0008526240841016738 41
2 -0.004503370027914703 37
update: 28; loss: -0.021722815930843353; cumulative_reward: 0.031170886075949394; success_count: 1; episode_count: 14; invalid_count: 0; positive_reward_count: 6; random_exploration_count: 26; best_tax_advantage: 46746000.0; random_action_prob: 0.2173; saved_snapshots: 0
0 -0.001 50
1 0.005391833684950774 36
2 -0.002688931585292345 42
update: 29; loss: -0.028373921910921734; cumulative_reward: -0.011645570072332731; success_count: 0; episode_count: 13; invalid_count: 0; positive_reward_count: 5; random_exploration_count: 29; best_tax_advantage: 0.0; random_action_prob: 0.2162; saved_snapshots: 0
0 -0.000196078431372549 51
1 0.003470864165662266 43
2 -0.004438021446935593 34
update: 30; loss: -0.039268398036559425; cumulative_reward: -0.10867088607594935; success_count: 0; episode_count: 13; invalid_count: 0; positive_reward_count: 3; random_exploration_count: 28; best_tax_advantage: 0.0; random_action_prob: 0.2151; saved_snapshots: 0
0 -0.0008 50
1 -5.75373993095512e-06 44
2 -0.0020122859270290394 34
update: 31; loss: -0.00536329485476017; cumulative_reward: -0.01516503880771583; success_count: 1; episode_count: 13; invalid_count: 0; positive_reward_count: 3; random_exploration_count: 28; best_tax_advantage: 2322000.0; random_action_prob: 0.2140; saved_snapshots: 0
0 -0.000392156862745098 51
1 0.0005775572370298646 43
2 -0.0005882352941176471 34
update: 32; loss: -0.03131866827607155; cumulative_reward: -0.21649629806544068; success_count: 1; episode_count: 14; invalid_count: 0; positive_reward_count: 6; random_exploration_count: 18; best_tax_advantage: 696600.0; random_action_prob: 0.2130; saved_snapshots: 0
0 -0.002352941176470588 51
1 0.0023454129215283075 41
2 -0.005351617440225036 36
update: 33; loss: -0.022569043561816216; cumulative_reward: -0.0331487341772152; success_count: 0; episode_count: 13; invalid_count: 0; positive_reward_count: 3; random_exploration_count: 20; best_tax_advantage: 0.0; random_action_prob: 0.2119; saved_snapshots: 0
0 -0.0006 50
1 0.0007257098871022921 37
2 -0.0007317073170731707 41
update: 34; loss: -0.029681932802001636; cumulative_reward: -0.3529113924050634; success_count: 0; episode_count: 12; invalid_count: 0; positive_reward_count: 5; random_exploration_count: 24; best_tax_advantage: 0.0; random_action_prob: 0.2108; saved_snapshots: 0
0 -0.0022 50
1 0.0009529649158261528 39
2 -0.007181462156981622 39
update: 35; loss: -0.0356572854022185; cumulative_reward: -0.14438396848348187; success_count: 2; episode_count: 14; invalid_count: 0; positive_reward_count: 5; random_exploration_count: 26; best_tax_advantage: 6210000.0; random_action_prob: 0.2098; saved_snapshots: 0
0 -0.0021153846153846153 52
1 0.0004592950446034737 34
2 -0.0011904761904761906 42
update: 36; loss: -0.019901204854249954; cumulative_reward: -0.09025700296837148; success_count: 1; episode_count: 14; invalid_count: 0; positive_reward_count: 4; random_exploration_count: 27; best_tax_advantage: 46746000.0; random_action_prob: 0.2087; saved_snapshots: 0
0 -0.001764705882352941 51
1 0.004227151420891124 35
2 -0.003528745302370496 42
update: 37; loss: -0.01124614073584477; cumulative_reward: -0.12021091328145189; success_count: 1; episode_count: 15; invalid_count: 0; positive_reward_count: 6; random_exploration_count: 32; best_tax_advantage: 46746000.0; random_action_prob: 0.2077; saved_snapshots: 0
0 -0.0028000000000000004 50
1 0.003020897483654402 42
2 -0.0029746835443037974 36
update: 38; loss: -0.030289376775423687; cumulative_reward: -0.1872506738544475; success_count: 0; episode_count: 13; invalid_count: 0; positive_reward_count: 3; random_exploration_count: 25; best_tax_advantage: 0.0; random_action_prob: 0.2066; saved_snapshots: 0
0 -0.001568627450980392 51
1 -0.0006322331690340686 41
2 -0.002259142053445851 36
update: 39; loss: -0.019411491851011913; cumulative_reward: -0.06734177215189874; success_count: 0; episode_count: 14; invalid_count: 0; positive_reward_count: 6; random_exploration_count: 31; best_tax_advantage: 0.0; random_action_prob: 0.2056; saved_snapshots: 0
0 -0.0008333333333333334 48
1 0.0033587189752104967 36
2 -0.0033694467104426504 44
update: 40; loss: 0.007377771660685539; cumulative_reward: 0.1560761492764592; success_count: 1; episode_count: 13; invalid_count: 0; positive_reward_count: 10; random_exploration_count: 24; best_tax_advantage: 40500000.0; random_action_prob: 0.2046; saved_snapshots: 0
0 -0.0011538461538461537 52
1 0.007313810948731315 43
2 -0.002982355197545071 33
update: 41; loss: -0.039387378841638565; cumulative_reward: 0.20091791111708665; success_count: 1; episode_count: 13; invalid_count: 0; positive_reward_count: 9; random_exploration_count: 29; best_tax_advantage: 46746000.0; random_action_prob: 0.2036; saved_snapshots: 0
0 -0.0008 50
1 0.009872644398950017 42
2 -0.0048259209344115005 36
update: 42; loss: -0.03834334140022596; cumulative_reward: -0.0688329523354601; success_count: 0; episode_count: 12; invalid_count: 0; positive_reward_count: 3; random_exploration_count: 30; best_tax_advantage: 0.0; random_action_prob: 0.2025; saved_snapshots: 0
0 -0.0011111111111111111 54
1 0.0016990846573483305 36
2 -0.001842105263157895 38
update: 43; loss: -0.029073016718029976; cumulative_reward: -0.07592515863149057; success_count: 0; episode_count: 11; invalid_count: 0; positive_reward_count: 6; random_exploration_count: 31; best_tax_advantage: 0.0; random_action_prob: 0.2015; saved_snapshots: 0
0 -0.001176470588235294 51
1 0.0016858735555231807 43
2 -0.0026005212211466866 34
update: 44; loss: -0.027598418295383453; cumulative_reward: -0.012671387391903752; success_count: 0; episode_count: 10; invalid_count: 0; positive_reward_count: 7; random_exploration_count: 26; best_tax_advantage: 0.0; random_action_prob: 0.2005; saved_snapshots: 0
0 -0.00037037037037037035 54
1 0.002300738093913267 49
2 -0.004216302159746153 25
update: 45; loss: -0.022398545096317928; cumulative_reward: -0.04933460643183713; success_count: 0; episode_count: 12; invalid_count: 0; positive_reward_count: 6; random_exploration_count: 20; best_tax_advantage: 0.0; random_action_prob: 0.1995; saved_snapshots: 0
0 -0.000784313725490196 51
1 0.0025200883272259544 41
2 -0.003129395218002813 36
update: 46; loss: -0.03977187226215998; cumulative_reward: -0.1515822784810127; success_count: 0; episode_count: 12; invalid_count: 0; positive_reward_count: 3; random_exploration_count: 27; best_tax_advantage: 0.0; random_action_prob: 0.1985; saved_snapshots: 0
0 -0.000980392156862745 51
1 -5.625879043600562e-06 45
2 -0.0031665348101265825 32
update: 47; loss: -0.030467474833130836; cumulative_reward: 0.028887500807284944; success_count: 0; episode_count: 8; invalid_count: 0; positive_reward_count: 5; random_exploration_count: 29; best_tax_advantage: 0.0; random_action_prob: 0.1975; saved_snapshots: 0
0 -0.00037037037037037035 54
1 0.002373298105518836 41
2 -0.0014672036823935558 33
update: 48; loss: 0.003582314277688662; cumulative_reward: -0.0031223056865151144; success_count: 1; episode_count: 14; invalid_count: 0; positive_reward_count: 7; random_exploration_count: 26; best_tax_advantage: 46746000.0; random_action_prob: 0.1965; saved_snapshots: 0
0 -0.0013725490196078432 51
1 0.003497087959844878 42
2 -0.002285714285714286 35
update: 49; loss: -0.022616978113849957; cumulative_reward: 0.03956361527175953; success_count: 0; episode_count: 13; invalid_count: 0; positive_reward_count: 5; random_exploration_count: 20; best_tax_advantage: 0.0; random_action_prob: 0.1956; saved_snapshots: 0
0 -0.000392156862745098 51
1 0.0038056291939851795 43
2 -0.0030611305902824466 34
update: 50; loss: -0.027415332073966663; cumulative_reward: -0.044000501315954385; success_count: 0; episode_count: 12; invalid_count: 0; positive_reward_count: 3; random_exploration_count: 24; best_tax_advantage: 0.0; random_action_prob: 0.1946; saved_snapshots: 0
0 -0.0003846153846153846 52
1 0.0005083930546567961 45
2 -0.001512199637919684 31
update: 51; loss: -0.026879290739695232; cumulative_reward: -0.04725067385444746; success_count: 0; episode_count: 12; invalid_count: 0; positive_reward_count: 3; random_exploration_count: 26; best_tax_advantage: 0.0; random_action_prob: 0.1936; saved_snapshots: 0
0 -0.0005555555555555556 54
1 0.0018210462612779305 39
2 -0.002522042229836764 35
update: 52; loss: 0.0011353113998969395; cumulative_reward: 0.03417721518987342; success_count: 0; episode_count: 13; invalid_count: 0; positive_reward_count: 3; random_exploration_count: 26; best_tax_advantage: 0.0; random_action_prob: 0.1926; saved_snapshots: 0
0 0.0 49
1 0.0022588389349628983 29
2 -0.0006265822784810126 50
update: 53; loss: 0.010002957036097845; cumulative_reward: 0.18839893270123426; success_count: 1; episode_count: 13; invalid_count: 0; positive_reward_count: 8; random_exploration_count: 24; best_tax_advantage: 46746000.0; random_action_prob: 0.1917; saved_snapshots: 0
0 -0.00018181818181818183 55
1 0.007051904406292046 35
2 -0.0012741505662891405 38
update: 54; loss: -0.012245690450072289; cumulative_reward: 0.0019784433363812214; success_count: 2; episode_count: 14; invalid_count: 0; positive_reward_count: 10; random_exploration_count: 30; best_tax_advantage: 46746000.0; random_action_prob: 0.1907; saved_snapshots: 0
0 -0.002352941176470588 51
1 0.011993946211702789 36
2 -0.007556185860607783 41
update: 55; loss: -0.034184170265992485; cumulative_reward: -0.02101265822784809; success_count: 1; episode_count: 13; invalid_count: 0; positive_reward_count: 6; random_exploration_count: 31; best_tax_advantage: 46746000.0; random_action_prob: 0.1898; saved_snapshots: 0
0 -0.0010204081632653062 49
1 0.003253739930955121 44
2 -0.0032622061482820977 35
update: 56; loss: -0.03133039673169454; cumulative_reward: 0.0811670476645399; success_count: 0; episode_count: 12; invalid_count: 0; positive_reward_count: 6; random_exploration_count: 22; best_tax_advantage: 0.0; random_action_prob: 0.1888; saved_snapshots: 0
0 0.0 51
1 0.003638722625424662 42
2 -0.002047408645808455 35
update: 57; loss: -0.030163995921611786; cumulative_reward: -0.1506144296898655; success_count: 0; episode_count: 12; invalid_count: 0; positive_reward_count: 1; random_exploration_count: 28; best_tax_advantage: 0.0; random_action_prob: 0.1879; saved_snapshots: 0
0 -0.0008 50
1 -0.0010153607422466369 40
2 -0.001842105263157895 38
update: 58; loss: -0.011159592928985754; cumulative_reward: 0.04043970207948608; success_count: 1; episode_count: 12; invalid_count: 0; positive_reward_count: 9; random_exploration_count: 29; best_tax_advantage: 46746000.0; random_action_prob: 0.1869; saved_snapshots: 0
0 -0.0009615384615384616 52
1 0.006651398754530611 44
2 -0.00631943259749565 32
update: 59; loss: -0.011515866033732891; cumulative_reward: 0.002658227848101262; success_count: 0; episode_count: 15; invalid_count: 0; positive_reward_count: 3; random_exploration_count: 16; best_tax_advantage: 0.0; random_action_prob: 0.1860; saved_snapshots: 0
0 -0.000392156862745098 51
1 0.0009663590992332615 37
2 -0.00032742647058823534 40
update: 60; loss: -0.024462847039103508; cumulative_reward: 0.1468941137085208; success_count: 0; episode_count: 14; invalid_count: 0; positive_reward_count: 7; random_exploration_count: 25; best_tax_advantage: 0.0; random_action_prob: 0.1851; saved_snapshots: 0
0 0.0 50
1 0.005699060644006229 45
2 -0.003320109553689683 33
update: 61; loss: 0.039957004288832344; cumulative_reward: -0.055476649285876235; success_count: 1; episode_count: 15; invalid_count: 0; positive_reward_count: 4; random_exploration_count: 24; best_tax_advantage: 38480400.0; random_action_prob: 0.1841; saved_snapshots: 0
0 -0.000980392156862745 51
1 0.001656344006134503 38
2 -0.0017543005517689063 39
update: 62; loss: -0.01701221490899722; cumulative_reward: -0.013374975781451812; success_count: 0; episode_count: 11; invalid_count: 0; positive_reward_count: 6; random_exploration_count: 25; best_tax_advantage: 0.0; random_action_prob: 0.1832; saved_snapshots: 0
0 -0.000925925925925926 54
1 0.0021695063057541896 47
2 -0.0024200656352555087 27
update: 63; loss: -0.028463123366236687; cumulative_reward: -0.09867088607594936; success_count: 0; episode_count: 12; invalid_count: 0; positive_reward_count: 4; random_exploration_count: 23; best_tax_advantage: 0.0; random_action_prob: 0.1823; saved_snapshots: 0
0 -0.0007692307692307692 52
1 -1.4658322153660112e-05 44
2 -0.001813309996912135 32
update: 64; loss: -0.036266266057888664; cumulative_reward: -0.056270545401705; success_count: 0; episode_count: 9; invalid_count: 0; positive_reward_count: 5; random_exploration_count: 16; best_tax_advantage: 0.0; random_action_prob: 0.1814; saved_snapshots: 0
0 -0.0011111111111111111 54
1 0.000822319715841117 45
2 -0.0011474114694674227 29
update: 65; loss: -0.006273273999492328; cumulative_reward: 0.315320792244684; success_count: 1; episode_count: 11; invalid_count: 0; positive_reward_count: 14; random_exploration_count: 23; best_tax_advantage: 46746000.0; random_action_prob: 0.1805; saved_snapshots: 0
0 -0.0003846153846153846 52
1 0.008501352553754438 50
2 -0.0034518013631937685 26
update: 66; loss: -0.042954009026288986; cumulative_reward: 0.018555776382681063; success_count: 1; episode_count: 12; invalid_count: 0; positive_reward_count: 6; random_exploration_count: 25; best_tax_advantage: 6210000.0; random_action_prob: 0.1796; saved_snapshots: 0
0 -0.000980392156862745 51
1 0.0018961927880031156 47
2 -0.0006855094884488449 30
update: 67; loss: -0.03413324182232221; cumulative_reward: -0.007141918864512613; success_count: 1; episode_count: 13; invalid_count: 0; positive_reward_count: 8; random_exploration_count: 17; best_tax_advantage: 696600.0; random_action_prob: 0.1787; saved_snapshots: 0
0 -0.0011111111111111111 54
1 0.003643225126010917 45
2 -0.0038305879150001337 29
update: 68; loss: -0.03162724711000919; cumulative_reward: 0.002408159336977994; success_count: 0; episode_count: 12; invalid_count: 0; positive_reward_count: 8; random_exploration_count: 22; best_tax_advantage: 0.0; random_action_prob: 0.1778; saved_snapshots: 0
0 -0.0007692307692307692 52
1 0.002316044207131098 54
2 -0.003757192174913694 22
update: 69; loss: -0.014068910852074623; cumulative_reward: 0.06550632911392405; success_count: 0; episode_count: 12; invalid_count: 0; positive_reward_count: 5; random_exploration_count: 16; best_tax_advantage: 0.0; random_action_prob: 0.1769; saved_snapshots: 0
0 0.0 50
1 0.002980571092140124 43
2 -0.0017902350813743218 35
update: 70; loss: -0.02030792273581028; cumulative_reward: 0.24790635172932612; success_count: 2; episode_count: 12; invalid_count: 0; positive_reward_count: 10; random_exploration_count: 23; best_tax_advantage: 46746000.0; random_action_prob: 0.1760; saved_snapshots: 0
0 -0.00035087719298245617 57
1 0.005912901100623962 47
2 -0.0004166666666666667 24
update: 71; loss: -0.013324901461601257; cumulative_reward: 0.06277131656825916; success_count: 0; episode_count: 10; invalid_count: 0; positive_reward_count: 7; random_exploration_count: 26; best_tax_advantage: 0.0; random_action_prob: 0.1751; saved_snapshots: 0
0 -0.0007017543859649123 57
1 0.004714404447264654 49
2 -0.005828840970350404 22
update: 72; loss: -0.019927415996789932; cumulative_reward: 0.12531645569620253; success_count: 0; episode_count: 10; invalid_count: 0; positive_reward_count: 8; random_exploration_count: 13; best_tax_advantage: 0.0; random_action_prob: 0.1743; saved_snapshots: 0
0 0.0 59
1 0.005050113999101233 47
2 -0.0050926773755252475 22
update: 73; loss: -0.010363757299880186; cumulative_reward: 0.2464689104478816; success_count: 2; episode_count: 13; invalid_count: 0; positive_reward_count: 8; random_exploration_count: 19; best_tax_advantage: 46746000.0; random_action_prob: 0.1734; saved_snapshots: 0
0 -0.00018518518518518518 54
1 0.006473870095042007 46
2 -0.0014760397830018083 28
update: 74; loss: -0.02687334269285202; cumulative_reward: -0.10073184132479418; success_count: 1; episode_count: 8; invalid_count: 0; positive_reward_count: 9; random_exploration_count: 26; best_tax_advantage: 2322000.0; random_action_prob: 0.1725; saved_snapshots: 0
0 -0.0022033898305084745 59
1 0.0033761419227401573 45
2 -0.005110759493670886 24
update: 75; loss: -0.011074488361676535; cumulative_reward: 0.05374527738310514; success_count: 0; episode_count: 10; invalid_count: 0; positive_reward_count: 5; random_exploration_count: 16; best_tax_advantage: 0.0; random_action_prob: 0.1717; saved_snapshots: 0
0 -0.0003773584905660377 53
1 0.0029779616977894234 42
2 -0.001555427694668201 33
update: 76; loss: -0.022485274200638134; cumulative_reward: -0.04461302371811143; success_count: 0; episode_count: 10; invalid_count: 0; positive_reward_count: 6; random_exploration_count: 20; best_tax_advantage: 0.0; random_action_prob: 0.1708; saved_snapshots: 0
0 -0.0005454545454545455 55
1 0.002673269571015072 43
2 -0.004318787175725317 30
update: 77; loss: 0.038859862834215164; cumulative_reward: 0.1529891103354406; success_count: 2; episode_count: 13; invalid_count: 0; positive_reward_count: 7; random_exploration_count: 18; best_tax_advantage: 46746000.0; random_action_prob: 0.1699; saved_snapshots: 0
0 -0.00018518518518518518 54
1 0.004909319545490455 48
2 -0.0027945472249269717 26
update: 78; loss: -0.02177816132704417; cumulative_reward: 0.258517507402266; success_count: 0; episode_count: 12; invalid_count: 0; positive_reward_count: 11; random_exploration_count: 22; best_tax_advantage: 0.0; random_action_prob: 0.1691; saved_snapshots: 0
0 0.0 50
1 0.005735280986613702 56
2 -0.002848101265822785 22
update: 79; loss: -0.018406223505735397; cumulative_reward: 0.19021086227314468; success_count: 0; episode_count: 8; invalid_count: 0; positive_reward_count: 10; random_exploration_count: 21; best_tax_advantage: 0.0; random_action_prob: 0.1683; saved_snapshots: 0
0 -0.00037037037037037035 54
1 0.004658147707355469 54
2 -0.002066455696202532 20
update: 80; loss: -0.0018927718823154767; cumulative_reward: 0.09452466558221388; success_count: 1; episode_count: 11; invalid_count: 0; positive_reward_count: 5; random_exploration_count: 20; best_tax_advantage: 46746000.0; random_action_prob: 0.1674; saved_snapshots: 0
0 -0.00037037037037037035 54
1 0.003122436015262796 42
2 -0.0005193014705882353 32
update: 81; loss: -0.01174934891362985; cumulative_reward: 0.14402959304766205; success_count: 1; episode_count: 12; invalid_count: 0; positive_reward_count: 8; random_exploration_count: 23; best_tax_advantage: 46746000.0; random_action_prob: 0.1666; saved_snapshots: 0
0 -0.0005660377358490566 53
1 0.006660599005533753 42
2 -0.0032035019752956226 33
update: 82; loss: 0.07133184870084126; cumulative_reward: -0.03910727080418984; success_count: 0; episode_count: 10; invalid_count: 0; positive_reward_count: 5; random_exploration_count: 25; best_tax_advantage: 0.0; random_action_prob: 0.1657; saved_snapshots: 0
0 -0.000925925925925926 54
1 0.0026287437668917326 47
2 -0.004172526957337084 27
update: 83; loss: -0.018034021680553753; cumulative_reward: 0.038368400592822954; success_count: 0; episode_count: 10; invalid_count: 0; positive_reward_count: 6; random_exploration_count: 24; best_tax_advantage: 0.0; random_action_prob: 0.1649; saved_snapshots: 0
0 -0.0005454545454545455 55
1 0.0028174693802624513 45
2 -0.002086347197106691 28
update: 84; loss: -0.022403720145424206; cumulative_reward: 0.09194000279274893; success_count: 0; episode_count: 11; invalid_count: 0; positive_reward_count: 5; random_exploration_count: 19; best_tax_advantage: 0.0; random_action_prob: 0.1641; saved_snapshots: 0
0 -0.0005660377358490566 53
1 0.003875895328500997 45
2 -0.0017491762329931973 30
update: 85; loss: -0.0029876322175065675; cumulative_reward: 0.14631232114594178; success_count: 1; episode_count: 12; invalid_count: 0; positive_reward_count: 10; random_exploration_count: 20; best_tax_advantage: 46746000.0; random_action_prob: 0.1633; saved_snapshots: 0
0 -0.000196078431372549 51
1 0.005689774976048644 42
2 -0.0023616636528028933 35
update: 86; loss: -9.065121412277222e-05; cumulative_reward: 0.11304123914201758; success_count: 0; episode_count: 11; invalid_count: 0; positive_reward_count: 6; random_exploration_count: 22; best_tax_advantage: 0.0; random_action_prob: 0.1625; saved_snapshots: 0
0 0.0 53
1 0.004448273034644801 43
2 -0.002444828167115903 32
update: 87; loss: -0.010556038469076157; cumulative_reward: 0.2246028619336363; success_count: 0; episode_count: 10; invalid_count: 0; positive_reward_count: 12; random_exploration_count: 17; best_tax_advantage: 0.0; random_action_prob: 0.1616; saved_snapshots: 0
0 0.0 52
1 0.007162590727557271 47
2 -0.003863410422812257 29
update: 88; loss: -0.03024407910803954; cumulative_reward: 0.10737161544519311; success_count: 0; episode_count: 8; invalid_count: 0; positive_reward_count: 7; random_exploration_count: 23; best_tax_advantage: 0.0; random_action_prob: 0.1608; saved_snapshots: 0
0 -0.0005263157894736842 57
1 0.0030075839886774106 49
2 -0.00045454545454545455 22
update: 89; loss: 0.030850957458217938; cumulative_reward: 0.0034153192527010745; success_count: 0; episode_count: 8; invalid_count: 0; positive_reward_count: 5; random_exploration_count: 18; best_tax_advantage: 0.0; random_action_prob: 0.1600; saved_snapshots: 0
0 -0.0001639344262295082 61
1 0.0011876717959668115 45
2 -0.0018195414348093385 22
update: 90; loss: -0.0158659170071284; cumulative_reward: 0.16273196828177466; success_count: 1; episode_count: 6; invalid_count: 0; positive_reward_count: 7; random_exploration_count: 25; best_tax_advantage: 46746000.0; random_action_prob: 0.1592; saved_snapshots: 0
0 -0.00035087719298245617 57
1 0.005675839121065706 43
2 -0.0021903254972875227 28
update: 91; loss: -0.025019661833842594; cumulative_reward: 0.2171833071638465; success_count: 2; episode_count: 5; invalid_count: 0; positive_reward_count: 8; random_exploration_count: 20; best_tax_advantage: 46746000.0; random_action_prob: 0.1584; saved_snapshots: 0
0 -0.0006349206349206349 63
1 0.005827123669879344 51
2 -0.002857142857142857 14
update: 92; loss: 0.06767673542102177; cumulative_reward: 0.12507524721325677; success_count: 1; episode_count: 7; invalid_count: 0; positive_reward_count: 6; random_exploration_count: 20; best_tax_advantage: 56754000.0; random_action_prob: 0.1576; saved_snapshots: 0
0 -0.0006779661016949153 59
1 0.003981127494148098 49
2 -0.0015 20
update: 93; loss: -0.03395912299553553; cumulative_reward: 0.14855733082439848; success_count: 1; episode_count: 8; invalid_count: 0; positive_reward_count: 14; random_exploration_count: 16; best_tax_advantage: 38921400.0; random_action_prob: 0.1569; saved_snapshots: 0
0 -0.000925925925925926 54
1 0.005448470455987468 49
2 -0.0027367088607594937 25
update: 94; loss: 0.00938492144147555; cumulative_reward: 0.0640784400696032; success_count: 0; episode_count: 5; invalid_count: 0; positive_reward_count: 2; random_exploration_count: 16; best_tax_advantage: 0.0; random_action_prob: 0.1561; saved_snapshots: 0
0 0.0 62
1 0.0013077232667265959 49
2 0.0 17
update: 95; loss: 0.004462856178482373; cumulative_reward: 0.05072191800390886; success_count: 0; episode_count: 4; invalid_count: 0; positive_reward_count: 7; random_exploration_count: 21; best_tax_advantage: 0.0; random_action_prob: 0.1553; saved_snapshots: 0
0 -0.0003333333333333333 60
1 0.0014676712364347067 55
2 -0.0007692307692307692 13
update: 96; loss: -0.01668676796058814; cumulative_reward: 0.16979510603687678; success_count: 0; episode_count: 6; invalid_count: 0; positive_reward_count: 11; random_exploration_count: 23; best_tax_advantage: 0.0; random_action_prob: 0.1545; saved_snapshots: 0
0 0.0 54
1 0.004104575917569947 49
2 -0.0012531645569620253 25
update: 97; loss: 0.024716300889849663; cumulative_reward: 0.2074590095360153; success_count: 0; episode_count: 6; invalid_count: 0; positive_reward_count: 11; random_exploration_count: 19; best_tax_advantage: 0.0; random_action_prob: 0.1537; saved_snapshots: 0
0 -0.0001639344262295082 61
1 0.007122056543739556 44
2 -0.0041700642777619664 23
update: 98; loss: 0.016278211648265522; cumulative_reward: 0.18578693429507875; success_count: 1; episode_count: 6; invalid_count: 0; positive_reward_count: 9; random_exploration_count: 21; best_tax_advantage: 46746000.0; random_action_prob: 0.1530; saved_snapshots: 0
0 -0.0003278688524590164 61
1 0.00465751083780031 50
2 -0.0015934475055845124 17
update: 99; loss: -0.027375799293319385; cumulative_reward: 0.25212544282625277; success_count: 2; episode_count: 9; invalid_count: 0; positive_reward_count: 9; random_exploration_count: 20; best_tax_advantage: 46746000.0; random_action_prob: 0.1522; saved_snapshots: 0
0 -0.0004918032786885246 61
1 0.006102916165100065 53
2 -0.0029520795660036166 14
2026-08-07T14:06:48 completed dub_irish_dutch run=0 elapsed_seconds=466.52 updates_logged=100
2026-08-07T14:06:48 running dub_irish_dutch run=1 seed=1730
env_variant: HardTaxEnv
update: 0; loss: -0.027558363353212673; cumulative_reward: -0.33768138298505107; success_count: 1; episode_count: 10; invalid_count: 0; positive_reward_count: 6; random_exploration_count: 21; best_tax_advantage: 46746000.0; random_action_prob: 0.2500; saved_snapshots: 0
0 -0.0035185185185185185 54
1 -0.0015040307330011296 45
2 -0.0027586206896551726 29
update: 1; loss: -0.02536868800719579; cumulative_reward: -0.26212371783519633; success_count: 1; episode_count: 7; invalid_count: 0; positive_reward_count: 6; random_exploration_count: 31; best_tax_advantage: 46746000.0; random_action_prob: 0.2487; saved_snapshots: 0
0 -0.0032142857142857142 56
1 -0.0002525774548999223 48
2 -0.002916666666666667 24
update: 2; loss: -0.020617321133613586; cumulative_reward: -0.296189544695549; success_count: 0; episode_count: 12; invalid_count: 0; positive_reward_count: 4; random_exploration_count: 30; best_tax_advantage: 0.0; random_action_prob: 0.2475; saved_snapshots: 0
0 -0.002352941176470588 51
1 0.000633338353197753 46
2 -0.006623326094924052 31
update: 3; loss: -0.0297323161115249; cumulative_reward: -0.3238818697919981; success_count: 1; episode_count: 14; invalid_count: 0; positive_reward_count: 8; random_exploration_count: 36; best_tax_advantage: 3701700.0; random_action_prob: 0.2463; saved_snapshots: 0
0 -0.003653846153846154 52
1 0.007825778216019715 29
2 -0.007677222086309992 47
update: 4; loss: -0.02618788182735443; cumulative_reward: -0.4129113924050634; success_count: 0; episode_count: 9; invalid_count: 0; positive_reward_count: 4; random_exploration_count: 25; best_tax_advantage: 0.0; random_action_prob: 0.2450; saved_snapshots: 0
0 -0.003 60
1 -0.001585609593604264 38
2 -0.0057552742616033764 30
update: 5; loss: -0.02080834036072095; cumulative_reward: -0.12867088607594937; success_count: 0; episode_count: 10; invalid_count: 0; positive_reward_count: 3; random_exploration_count: 34; best_tax_advantage: 0.0; random_action_prob: 0.2438; saved_snapshots: 0
0 -0.001090909090909091 55
1 0.0011351888498413456 40
2 -0.003456922426351612 33
update: 6; loss: -0.026414198180039723; cumulative_reward: -0.6065397799744899; success_count: 1; episode_count: 12; invalid_count: 0; positive_reward_count: 4; random_exploration_count: 33; best_tax_advantage: 23373000.0; random_action_prob: 0.2426; saved_snapshots: 0
0 -0.0046 50
1 -0.0011592478474471582 39
2 -0.008495618305744888 39
update: 7; loss: -0.02503672366340955; cumulative_reward: -0.37546827890259865; success_count: 0; episode_count: 11; invalid_count: 0; positive_reward_count: 3; random_exploration_count: 30; best_tax_advantage: 0.0; random_action_prob: 0.2414; saved_snapshots: 0
0 -0.002592592592592593 54
1 -0.0037299558692973967 39
2 -0.0025714285714285713 35
update: 8; loss: -0.023270323872566223; cumulative_reward: -0.4219584436100985; success_count: 1; episode_count: 10; invalid_count: 0; positive_reward_count: 5; random_exploration_count: 29; best_tax_advantage: 6210000.0; random_action_prob: 0.2402; saved_snapshots: 0
0 -0.0038888888888888888 54
1 -0.0015111815514658087 41
2 -0.004545454545454545 33
update: 9; loss: -0.029905997837583225; cumulative_reward: -0.4844165227035979; success_count: 1; episode_count: 12; invalid_count: 0; positive_reward_count: 7; random_exploration_count: 27; best_tax_advantage: 38480400.0; random_action_prob: 0.2390; saved_snapshots: 0
0 -0.0036 50
1 -0.0008172785814520089 37
2 -0.006687249150972523 41
update: 10; loss: -0.026026980951428413; cumulative_reward: -0.17507140530486742; success_count: 2; episode_count: 13; invalid_count: 0; positive_reward_count: 6; random_exploration_count: 22; best_tax_advantage: 46746000.0; random_action_prob: 0.2378; saved_snapshots: 0
0 -0.0028000000000000004 50
1 0.0044934515843022505 37
2 -0.004910466193269528 41
update: 11; loss: -0.0292328887929519; cumulative_reward: -0.3654478312290107; success_count: 0; episode_count: 10; invalid_count: 0; positive_reward_count: 3; random_exploration_count: 32; best_tax_advantage: 0.0; random_action_prob: 0.2366; saved_snapshots: 0
0 -0.0024074074074074076 54
1 -0.0033793006788915346 46
2 -0.002857142857142857 28
update: 12; loss: -0.028566581507523853; cumulative_reward: -0.3524147002551021; success_count: 0; episode_count: 8; invalid_count: 0; positive_reward_count: 5; random_exploration_count: 36; best_tax_advantage: 0.0; random_action_prob: 0.2354; saved_snapshots: 0
0 -0.0028070175438596493 57
1 -0.0017313456042830845 49
2 -0.004889943892965041 22
update: 13; loss: -0.02539293033381303; cumulative_reward: -0.23473273878020723; success_count: 0; episode_count: 14; invalid_count: 0; positive_reward_count: 9; random_exploration_count: 27; best_tax_advantage: 0.0; random_action_prob: 0.2342; saved_snapshots: 0
0 -0.002352941176470588 51
1 0.0032211793251320357 37
2 -0.005847909345252312 40
update: 14; loss: -0.025130643819769222; cumulative_reward: -0.25391077769166925; success_count: 1; episode_count: 12; invalid_count: 0; positive_reward_count: 8; random_exploration_count: 25; best_tax_advantage: 74034000.0; random_action_prob: 0.2331; saved_snapshots: 0
0 -0.0025 56
1 0.002464624096665075 37
2 -0.005860053407665056 35
update: 15; loss: -0.028041422367095947; cumulative_reward: -0.28148851694255383; success_count: 0; episode_count: 9; invalid_count: 0; positive_reward_count: 5; random_exploration_count: 31; best_tax_advantage: 0.0; random_action_prob: 0.2319; saved_snapshots: 0
0 -0.002280701754385965 57
1 0.0010920493109499861 39
2 -0.0060649512521751 32
update: 16; loss: -0.034483395516872406; cumulative_reward: -0.11734177215189869; success_count: 0; episode_count: 10; invalid_count: 0; positive_reward_count: 2; random_exploration_count: 32; best_tax_advantage: 0.0; random_action_prob: 0.2307; saved_snapshots: 0
0 -0.0012962962962962965 54
1 -0.00018825056799740345 39
2 -0.001142857142857143 35
update: 17; loss: -0.03555007775624593; cumulative_reward: -0.6387304542069998; success_count: 0; episode_count: 11; invalid_count: 0; positive_reward_count: 5; random_exploration_count: 27; best_tax_advantage: 0.0; random_action_prob: 0.2296; saved_snapshots: 0
0 -0.004629629629629629 54
1 -0.0043264219027435704 39
2 -0.006285714285714286 35
update: 18; loss: -0.026274410386880238; cumulative_reward: 0.10779211510329591; success_count: 1; episode_count: 11; invalid_count: 0; positive_reward_count: 4; random_exploration_count: 28; best_tax_advantage: 6210000.0; random_action_prob: 0.2284; saved_snapshots: 0
0 -0.00035714285714285714 56
1 0.0032767209000845107 39
2 0.0 33
update: 19; loss: -0.025996402526895206; cumulative_reward: -0.32035923152310375; success_count: 0; episode_count: 11; invalid_count: 0; positive_reward_count: 9; random_exploration_count: 22; best_tax_advantage: 0.0; random_action_prob: 0.2273; saved_snapshots: 0
0 -0.003148148148148148 54
1 0.0003047189555818615 36
2 -0.004245502998001333 38
update: 20; loss: -0.024206493670741718; cumulative_reward: -0.23059069630209342; success_count: 0; episode_count: 11; invalid_count: 0; positive_reward_count: 5; random_exploration_count: 30; best_tax_advantage: 0.0; random_action_prob: 0.2262; saved_snapshots: 0
0 -0.002156862745098039 51
1 1.9432042683086516e-05 38
2 -0.0031110029211295033 39
update: 21; loss: -0.027026626591881115; cumulative_reward: -0.43533985456969154; success_count: 0; episode_count: 11; invalid_count: 0; positive_reward_count: 4; random_exploration_count: 29; best_tax_advantage: 0.0; random_action_prob: 0.2250; saved_snapshots: 0
0 -0.002777777777777778 54
1 -0.003637780550505195 49
2 -0.004283544303797468 25
update: 22; loss: -0.03172472181419531; cumulative_reward: -0.29099390903513306; success_count: 0; episode_count: 10; invalid_count: 0; positive_reward_count: 4; random_exploration_count: 28; best_tax_advantage: 0.0; random_action_prob: 0.2239; saved_snapshots: 0
0 -0.002037037037037037 54
1 -0.0006741998888882366 44
2 -0.005044303797468354 30
update: 23; loss: -0.027734046801924706; cumulative_reward: -0.46270790489011704; success_count: 0; episode_count: 11; invalid_count: 0; positive_reward_count: 7; random_exploration_count: 32; best_tax_advantage: 0.0; random_action_prob: 0.2228; saved_snapshots: 0
0 -0.003333333333333333 54
1 0.0005701028089661766 42
2 -0.009582881964584258 32
update: 24; loss: -0.014620978074769178; cumulative_reward: 0.12189333867023797; success_count: 2; episode_count: 10; invalid_count: 0; positive_reward_count: 10; random_exploration_count: 23; best_tax_advantage: 46746000.0; random_action_prob: 0.2217; saved_snapshots: 0
0 -0.0024074074074074076 54
1 0.008046257391694499 46
2 -0.004222660762418175 28
update: 25; loss: -0.020039913554986317; cumulative_reward: -0.21476878347431672; success_count: 0; episode_count: 11; invalid_count: 0; positive_reward_count: 4; random_exploration_count: 29; best_tax_advantage: 0.0; random_action_prob: 0.2206; saved_snapshots: 0
0 -0.0019230769230769232 52
1 0.00017730622837118854 37
2 -0.0031110029211295033 39
update: 26; loss: -0.020174020280440647; cumulative_reward: -0.3177781568801394; success_count: 0; episode_count: 13; invalid_count: 0; positive_reward_count: 5; random_exploration_count: 31; best_tax_advantage: 0.0; random_action_prob: 0.2195; saved_snapshots: 0
0 -0.002653061224489796 49
1 0.0011166912062541392 39
2 -0.0057832278481012665 40
update: 27; loss: -0.026563528304298718; cumulative_reward: -0.0665837828485041; success_count: 0; episode_count: 8; invalid_count: 0; positive_reward_count: 5; random_exploration_count: 23; best_tax_advantage: 0.0; random_action_prob: 0.2184; saved_snapshots: 0
0 -0.0011111111111111111 54
1 0.0007771213291045555 43
2 -0.0012903225806451613 31
update: 28; loss: -0.03415322055419286; cumulative_reward: -0.19548161326722058; success_count: 0; episode_count: 13; invalid_count: 0; positive_reward_count: 6; random_exploration_count: 34; best_tax_advantage: 0.0; random_action_prob: 0.2173; saved_snapshots: 0
0 -0.0022 50
1 0.0013899710098064625 36
2 -0.0032266802290536467 42
update: 29; loss: -0.024171012764175732; cumulative_reward: -0.1996019059699705; success_count: 0; episode_count: 12; invalid_count: 0; positive_reward_count: 5; random_exploration_count: 22; best_tax_advantage: 0.0; random_action_prob: 0.2162; saved_snapshots: 0
0 -0.0022 50
1 -0.00021770505383999507 38
2 -0.0020332278481012657 40
update: 30; loss: -0.02103295425573985; cumulative_reward: -0.41311882261141003; success_count: 0; episode_count: 12; invalid_count: 0; positive_reward_count: 5; random_exploration_count: 22; best_tax_advantage: 0.0; random_action_prob: 0.2151; saved_snapshots: 0
0 -0.0036 50
1 -0.001479705962495975 35
2 -0.004216956137768619 43
update: 31; loss: -0.018300519014398258; cumulative_reward: 0.032293462812190796; success_count: 1; episode_count: 13; invalid_count: 0; positive_reward_count: 3; random_exploration_count: 31; best_tax_advantage: 2322000.0; random_action_prob: 0.2140; saved_snapshots: 0
0 -0.0004166666666666667 48
1 0.0015972682772356615 39
2 -0.00024390243902439024 41
update: 32; loss: -0.021102530881762505; cumulative_reward: -0.09999999999999999; success_count: 0; episode_count: 13; invalid_count: 0; positive_reward_count: 3; random_exploration_count: 27; best_tax_advantage: 0.0; random_action_prob: 0.2130; saved_snapshots: 0
0 -0.000392156862745098 51
1 0.0011975349766822118 38
2 -0.00321811100292113 39
update: 33; loss: -0.029283965627352398; cumulative_reward: -0.0698951597133323; success_count: 0; episode_count: 12; invalid_count: 0; positive_reward_count: 5; random_exploration_count: 24; best_tax_advantage: 0.0; random_action_prob: 0.2119; saved_snapshots: 0
0 -0.0007692307692307692 52
1 0.0004968297050482661 46
2 -0.0017583108715184185 30
update: 34; loss: -0.02896147593855858; cumulative_reward: -0.17827531645569622; success_count: 0; episode_count: 13; invalid_count: 0; positive_reward_count: 7; random_exploration_count: 32; best_tax_advantage: 0.0; random_action_prob: 0.2108; saved_snapshots: 0
0 -0.0014285714285714288 49
1 0.0010554880382491207 46
2 -0.004752356551974417 33
update: 35; loss: -0.008180356584489346; cumulative_reward: -0.1102389240506329; success_count: 0; episode_count: 13; invalid_count: 0; positive_reward_count: 6; random_exploration_count: 28; best_tax_advantage: 0.0; random_action_prob: 0.2098; saved_snapshots: 0
0 -0.000980392156862745 51
1 0.00014531718225264785 50
2 -0.002500177154195011 27
update: 36; loss: -0.036154900987943016; cumulative_reward: -0.292754298857688; success_count: 0; episode_count: 12; invalid_count: 0; positive_reward_count: 6; random_exploration_count: 25; best_tax_advantage: 0.0; random_action_prob: 0.2087; saved_snapshots: 0
0 -0.0028000000000000004 50
1 7.242184884832091e-05 38
2 -0.0038876582278481015 40
update: 37; loss: -0.03486454114317894; cumulative_reward: 0.04832278481012654; success_count: 1; episode_count: 15; invalid_count: 0; positive_reward_count: 6; random_exploration_count: 28; best_tax_advantage: 46746000.0; random_action_prob: 0.2077; saved_snapshots: 0
0 -0.000625 48
1 0.005212358427714857 38
2 -0.0028511151295961424 42
update: 38; loss: -0.020024017120401066; cumulative_reward: -0.014462025316455702; success_count: 0; episode_count: 13; invalid_count: 0; positive_reward_count: 6; random_exploration_count: 19; best_tax_advantage: 0.0; random_action_prob: 0.2066; saved_snapshots: 0
0 -0.0006 50
1 0.0028427220571773013 45
2 -0.003405591451194977 33
update: 39; loss: -0.029225146397948265; cumulative_reward: -0.12629449855495992; success_count: 0; episode_count: 15; invalid_count: 0; positive_reward_count: 4; random_exploration_count: 28; best_tax_advantage: 0.0; random_action_prob: 0.2056; saved_snapshots: 0
0 -0.001836734693877551 49
1 0.0015643650011993946 35
2 -0.002069256218112245 44
update: 40; loss: -0.01962857072552045; cumulative_reward: 0.025586489678319738; success_count: 0; episode_count: 13; invalid_count: 0; positive_reward_count: 4; random_exploration_count: 18; best_tax_advantage: 0.0; random_action_prob: 0.2046; saved_snapshots: 0
0 -0.0008 50
1 0.0027778414313813413 39
2 -0.0010961365678346811 39
update: 41; loss: -0.0036767063041528067; cumulative_reward: 0.17461859127425775; success_count: 1; episode_count: 14; invalid_count: 0; positive_reward_count: 7; random_exploration_count: 33; best_tax_advantage: 46746000.0; random_action_prob: 0.2036; saved_snapshots: 0
0 -0.0004 50
1 0.006658850336664346 38
2 -0.0014604430379746836 40
update: 42; loss: -0.02749970058600108; cumulative_reward: -0.01748417721518989; success_count: 1; episode_count: 14; invalid_count: 0; positive_reward_count: 5; random_exploration_count: 30; best_tax_advantage: 46746000.0; random_action_prob: 0.2025; saved_snapshots: 0
0 -0.0012 50
1 0.0033616225546605288 33
2 -0.001520393811533052 45
update: 43; loss: -0.016410086924831074; cumulative_reward: -0.030214150129101065; success_count: 0; episode_count: 12; invalid_count: 0; positive_reward_count: 6; random_exploration_count: 29; best_tax_advantage: 0.0; random_action_prob: 0.2015; saved_snapshots: 0
0 -0.0004 50
1 0.0032161607394899545 34
2 -0.0027173548925399893 44
update: 44; loss: -0.013900797814130783; cumulative_reward: 0.11550519670639929; success_count: 2; episode_count: 12; invalid_count: 0; positive_reward_count: 8; random_exploration_count: 26; best_tax_advantage: 38921400.0; random_action_prob: 0.2005; saved_snapshots: 0
0 -0.0011538461538461537 52
1 0.006205449084429068 43
2 -0.002767548906789413 33
update: 45; loss: -0.00874025064210097; cumulative_reward: -0.06639052032733878; success_count: 0; episode_count: 13; invalid_count: 0; positive_reward_count: 6; random_exploration_count: 27; best_tax_advantage: 0.0; random_action_prob: 0.1995; saved_snapshots: 0
0 -0.00125 48
1 0.0030883146684568224 44
2 -0.003952121270539972 36
update: 46; loss: -0.016346981128056843; cumulative_reward: 0.0800422512755102; success_count: 1; episode_count: 10; invalid_count: 0; positive_reward_count: 5; random_exploration_count: 26; best_tax_advantage: 46746000.0; random_action_prob: 0.1985; saved_snapshots: 0
0 -0.0003773584905660377 53
1 0.004788792130944359 40
2 -0.00261455525606469 35
update: 47; loss: -0.029418592030803364; cumulative_reward: -0.011295440051020407; success_count: 0; episode_count: 11; invalid_count: 0; positive_reward_count: 3; random_exploration_count: 27; best_tax_advantage: 0.0; random_action_prob: 0.1975; saved_snapshots: 0
0 -0.00020408163265306123 49
1 0.0018318824118259166 42
2 -0.002114445982370511 37
update: 48; loss: -0.01834532991051674; cumulative_reward: 0.2647867167470195; success_count: 0; episode_count: 13; invalid_count: 0; positive_reward_count: 11; random_exploration_count: 15; best_tax_advantage: 0.0; random_action_prob: 0.1965; saved_snapshots: 0
0 0.0 49
1 0.0060403848254954595 50
2 -0.0012838801561294323 29
update: 49; loss: -0.02019610566397508; cumulative_reward: 0.1730708253357506; success_count: 0; episode_count: 10; invalid_count: 0; positive_reward_count: 9; random_exploration_count: 24; best_tax_advantage: 0.0; random_action_prob: 0.1956; saved_snapshots: 0
0 0.0 54
1 0.004542220872440028 45
2 -0.0010803142732431254 29
update: 50; loss: -0.0191115861137708; cumulative_reward: -0.08; success_count: 0; episode_count: 11; invalid_count: 0; positive_reward_count: 3; random_exploration_count: 24; best_tax_advantage: 0.0; random_action_prob: 0.1946; saved_snapshots: 0
0 -0.000392156862745098 51
1 0.0008164556962025317 40
2 -0.002504276428327061 37
update: 51; loss: -0.00403776050855716; cumulative_reward: 0.18763942315454663; success_count: 1; episode_count: 8; invalid_count: 0; positive_reward_count: 5; random_exploration_count: 28; best_tax_advantage: 38921400.0; random_action_prob: 0.1936; saved_snapshots: 0
0 0.0 54
1 0.004467605313203491 42
2 0.0 32
update: 52; loss: -0.004101977683603764; cumulative_reward: 0.034705117185024864; success_count: 0; episode_count: 13; invalid_count: 0; positive_reward_count: 10; random_exploration_count: 24; best_tax_advantage: 0.0; random_action_prob: 0.1926; saved_snapshots: 0
0 -0.000588235294117647 51
1 0.004967440198035754 40
2 -0.003621418668551495 37
update: 53; loss: 0.004292705406745275; cumulative_reward: 0.12665222286669625; success_count: 0; episode_count: 12; invalid_count: 0; positive_reward_count: 7; random_exploration_count: 20; best_tax_advantage: 0.0; random_action_prob: 0.1917; saved_snapshots: 0
0 0.0 50
1 0.006221975629360613 43
2 -0.004025506548451719 35
update: 54; loss: -0.013977435417473316; cumulative_reward: -0.13592155993039678; success_count: 0; episode_count: 14; invalid_count: 0; positive_reward_count: 3; random_exploration_count: 26; best_tax_advantage: 0.0; random_action_prob: 0.1907; saved_snapshots: 0
0 -0.001 50
1 -0.0010358829419346036 50
2 -0.0012188361726309515 28
update: 55; loss: -0.0016091049959262211; cumulative_reward: 0.03423105435996854; success_count: 1; episode_count: 9; invalid_count: 0; positive_reward_count: 9; random_exploration_count: 22; best_tax_advantage: 46746000.0; random_action_prob: 0.1898; saved_snapshots: 0
0 -0.0007407407407407407 54
1 0.003252338146895219 49
2 -0.0034053405935158877 25
update: 56; loss: -0.006884623318910599; cumulative_reward: -0.02892101322332731; success_count: 0; episode_count: 12; invalid_count: 0; positive_reward_count: 6; random_exploration_count: 30; best_tax_advantage: 0.0; random_action_prob: 0.1888; saved_snapshots: 0
0 -0.0009615384615384616 52
1 0.0014204415529458767 43
2 -0.0012121212121212121 33
update: 57; loss: -0.013950097064177195; cumulative_reward: 0.14280389736986568; success_count: 0; episode_count: 10; invalid_count: 0; positive_reward_count: 10; random_exploration_count: 24; best_tax_advantage: 0.0; random_action_prob: 0.1879; saved_snapshots: 0
0 0.0 51
1 0.004028669121920921 51
2 -0.0024099318403115874 26
update: 58; loss: -0.004934876846770446; cumulative_reward: 0.2196066769314374; success_count: 1; episode_count: 10; invalid_count: 0; positive_reward_count: 9; random_exploration_count: 21; best_tax_advantage: 46746000.0; random_action_prob: 0.1869; saved_snapshots: 0
0 -0.0008928571428571429 56
1 0.010395563489793315 44
2 -0.006707075593552444 28
update: 59; loss: 0.011327272901932398; cumulative_reward: -0.14843088106278984; success_count: 0; episode_count: 11; invalid_count: 0; positive_reward_count: 3; random_exploration_count: 26; best_tax_advantage: 0.0; random_action_prob: 0.1860; saved_snapshots: 0
0 -0.0015094339622641509 53
1 -0.00039214640559127287 47
2 -0.0017857142857142859 28
update: 60; loss: 0.015742717931667965; cumulative_reward: 0.2140882808539734; success_count: 1; episode_count: 11; invalid_count: 0; positive_reward_count: 6; random_exploration_count: 21; best_tax_advantage: 46746000.0; random_action_prob: 0.1851; saved_snapshots: 0
0 -0.00018867924528301886 53
1 0.004980601720297307 47
2 -0.00035714285714285714 28
update: 61; loss: -0.017301484942436218; cumulative_reward: -0.011229442977242661; success_count: 0; episode_count: 13; invalid_count: 0; positive_reward_count: 7; random_exploration_count: 19; best_tax_advantage: 0.0; random_action_prob: 0.1841; saved_snapshots: 0
0 -0.000784313725490196 51
1 0.0020022149099290665 45
2 -0.0019165348101265823 32
update: 62; loss: 0.005066365003585815; cumulative_reward: 0.10492038152286232; success_count: 0; episode_count: 9; invalid_count: 0; positive_reward_count: 9; random_exploration_count: 20; best_tax_advantage: 0.0; random_action_prob: 0.1832; saved_snapshots: 0
0 0.0 56
1 0.0028385311551440196 48
2 -0.001305379746835443 24
update: 63; loss: -0.0003878486653168996; cumulative_reward: 0.14270047912361147; success_count: 1; episode_count: 9; invalid_count: 0; positive_reward_count: 6; random_exploration_count: 35; best_tax_advantage: 46746000.0; random_action_prob: 0.1823; saved_snapshots: 0
0 -0.00018518518518518518 54
1 0.0045701130180567625 44
2 -0.0016128164556962025 30
update: 64; loss: -0.03504223500688871; cumulative_reward: 0.07957866789912164; success_count: 1; episode_count: 11; invalid_count: 0; positive_reward_count: 10; random_exploration_count: 25; best_tax_advantage: 46746000.0; random_action_prob: 0.1814; saved_snapshots: 0
0 -0.0005454545454545455 55
1 0.0059436956825667546 44
2 -0.005239446280476399 29
update: 65; loss: -0.027822937195499737; cumulative_reward: 0.06059914117970867; success_count: 1; episode_count: 9; invalid_count: 0; positive_reward_count: 8; random_exploration_count: 24; best_tax_advantage: 46746000.0; random_action_prob: 0.1805; saved_snapshots: 0
0 -0.001090909090909091 55
1 0.003954962067473028 46
2 -0.0022714486638537273 27
update: 66; loss: 0.054292974372704826; cumulative_reward: -0.16179269730043921; success_count: 0; episode_count: 8; invalid_count: 0; positive_reward_count: 4; random_exploration_count: 21; best_tax_advantage: 0.0; random_action_prob: 0.1796; saved_snapshots: 0
0 -0.00125 56
1 0.0005748218271145595 46
2 -0.004547480821065727 26
update: 67; loss: 0.00269239271680514; cumulative_reward: -0.040936543782502124; success_count: 0; episode_count: 8; invalid_count: 0; positive_reward_count: 7; random_exploration_count: 27; best_tax_advantage: 0.0; random_action_prob: 0.1787; saved_snapshots: 0
0 -0.0013461538461538463 52
1 0.0017865015587010783 45
2 -0.0016557778685177625 31
update: 68; loss: -0.02138661965727806; cumulative_reward: 0.08372770299979089; success_count: 1; episode_count: 13; invalid_count: 0; positive_reward_count: 9; random_exploration_count: 24; best_tax_advantage: 23373000.0; random_action_prob: 0.1778; saved_snapshots: 0
0 -0.0009433962264150943 53
1 0.0030142686862704095 51
2 -0.0008333333333333334 24
update: 69; loss: 0.03372465322415034; cumulative_reward: 0.05531645569620256; success_count: 0; episode_count: 10; invalid_count: 0; positive_reward_count: 5; random_exploration_count: 22; best_tax_advantage: 0.0; random_action_prob: 0.1769; saved_snapshots: 0
0 -0.00037037037037037035 54
1 0.0026510356731875716 44
2 -0.0013776371308016878 30
update: 70; loss: 0.021929383277893066; cumulative_reward: 0.17267153629973314; success_count: 2; episode_count: 9; invalid_count: 0; positive_reward_count: 11; random_exploration_count: 23; best_tax_advantage: 46746000.0; random_action_prob: 0.1760; saved_snapshots: 0
0 -0.0010526315789473684 57
1 0.007137146283206426 42
2 -0.0023134002618943692 29
update: 71; loss: -0.029508519917726517; cumulative_reward: 0.012449691221126616; success_count: 0; episode_count: 7; invalid_count: 0; positive_reward_count: 4; random_exploration_count: 29; best_tax_advantage: 0.0; random_action_prob: 0.1751; saved_snapshots: 0
0 -0.00033898305084745765 59
1 0.0022212027284871805 39
2 -0.0018059071729957807 30
update: 72; loss: -0.0010663624852895737; cumulative_reward: 0.13617418585313873; success_count: 1; episode_count: 8; invalid_count: 0; positive_reward_count: 11; random_exploration_count: 26; best_tax_advantage: 46746000.0; random_action_prob: 0.1743; saved_snapshots: 0
0 -0.00035087719298245617 57
1 0.004433610299341255 50
2 -0.0031193490054249547 21
update: 73; loss: -0.01910429572065671; cumulative_reward: 0.519571540556465; success_count: 3; episode_count: 12; invalid_count: 0; positive_reward_count: 11; random_exploration_count: 17; best_tax_advantage: 56754000.0; random_action_prob: 0.1734; saved_snapshots: 0
0 -0.00018518518518518518 54
1 0.013605105964545918 45
2 -0.002850283718900044 29
update: 74; loss: -0.008101025285820166; cumulative_reward: 0.14454757733789717; success_count: 1; episode_count: 9; invalid_count: 0; positive_reward_count: 10; random_exploration_count: 25; best_tax_advantage: 46746000.0; random_action_prob: 0.1725; saved_snapshots: 0
0 -0.0005660377358490566 53
1 0.0073514267752195816 40
2 -0.0034145569620253166 35
update: 75; loss: -0.009726975423594316; cumulative_reward: 0.1799128800560408; success_count: 0; episode_count: 7; invalid_count: 0; positive_reward_count: 8; random_exploration_count: 24; best_tax_advantage: 0.0; random_action_prob: 0.1717; saved_snapshots: 0
0 0.0 57
1 0.005390469064536491 45
2 -0.0024099318403115874 26
update: 76; loss: -0.009706545931597551; cumulative_reward: 0.03274682722021803; success_count: 0; episode_count: 7; invalid_count: 0; positive_reward_count: 7; random_exploration_count: 24; best_tax_advantage: 0.0; random_action_prob: 0.1708; saved_snapshots: 0
0 -0.0006779661016949153 59
1 0.002124158187556484 47
2 -0.001231300345224396 22
update: 77; loss: 0.01762423540155093; cumulative_reward: 0.05931792904833595; success_count: 0; episode_count: 4; invalid_count: 0; positive_reward_count: 7; random_exploration_count: 18; best_tax_advantage: 0.0; random_action_prob: 0.1699; saved_snapshots: 0
0 -0.0005172413793103448 58
1 0.0020691235218403326 48
2 -0.00045454545454545455 22
update: 78; loss: -0.026984727010130882; cumulative_reward: 0.041611370212720364; success_count: 1; episode_count: 7; invalid_count: 0; positive_reward_count: 7; random_exploration_count: 13; best_tax_advantage: 46746000.0; random_action_prob: 0.1691; saved_snapshots: 0
0 -0.0013333333333333333 60
1 0.0033909898850347253 51
2 -0.003019359642591214 17
update: 79; loss: -0.022925328463315964; cumulative_reward: -0.002161348022735536; success_count: 0; episode_count: 7; invalid_count: 0; positive_reward_count: 12; random_exploration_count: 19; best_tax_advantage: 0.0; random_action_prob: 0.1683; saved_snapshots: 0
0 -0.001090909090909091 55
1 0.0050685892972492826 46
2 -0.006493202062822316 27
update: 80; loss: -0.009583103470504284; cumulative_reward: -0.17158227848101268; success_count: 0; episode_count: 8; invalid_count: 0; positive_reward_count: 4; random_exploration_count: 28; best_tax_advantage: 0.0; random_action_prob: 0.1674; saved_snapshots: 0
0 -0.0012727272727272728 55
1 0.0004816301327570238 41
2 -0.003791534810126582 32
update: 81; loss: -0.023126499106486637; cumulative_reward: -0.039981670385639156; success_count: 0; episode_count: 6; invalid_count: 0; positive_reward_count: 9; random_exploration_count: 25; best_tax_advantage: 0.0; random_action_prob: 0.1666; saved_snapshots: 0
0 -0.0010344827586206897 58
1 0.002545802982810815 46
2 -0.00404535864978903 24
update: 82; loss: 0.015239999939997992; cumulative_reward: 0.15431412264272795; success_count: 0; episode_count: 5; invalid_count: 0; positive_reward_count: 10; random_exploration_count: 14; best_tax_advantage: 0.0; random_action_prob: 0.1657; saved_snapshots: 0
0 0.0 57
1 0.0029675792815909226 52
2 0.0 19
update: 83; loss: -0.024713824192682903; cumulative_reward: -0.11311252240215701; success_count: 0; episode_count: 7; invalid_count: 0; positive_reward_count: 7; random_exploration_count: 24; best_tax_advantage: 0.0; random_action_prob: 0.1649; saved_snapshots: 0
0 -0.0019298245614035089 57
1 0.0024292608544964306 44
2 -0.004074074074074074 27
update: 84; loss: 0.031392780443032585; cumulative_reward: 0.34734958587044196; success_count: 1; episode_count: 7; invalid_count: 0; positive_reward_count: 9; random_exploration_count: 14; best_tax_advantage: 46746000.0; random_action_prob: 0.1641; saved_snapshots: 0
0 -0.00016666666666666666 60
1 0.008543013624894001 43
2 -0.0004 25
update: 85; loss: -0.02468024690945943; cumulative_reward: 0.21689461542544075; success_count: 0; episode_count: 3; invalid_count: 0; positive_reward_count: 12; random_exploration_count: 18; best_tax_advantage: 0.0; random_action_prob: 0.1633; saved_snapshots: 0
0 0.0 58
1 0.005527340353008919 48
2 -0.002200805523590334 22
update: 86; loss: -0.03304211050271988; cumulative_reward: -0.03155269228727964; success_count: 0; episode_count: 7; invalid_count: 0; positive_reward_count: 7; random_exploration_count: 24; best_tax_advantage: 0.0; random_action_prob: 0.1625; saved_snapshots: 0
0 -0.0006779661016949153 59
1 0.0031520110957045004 38
2 -0.003591261739485504 31
update: 87; loss: 0.014012470841407776; cumulative_reward: 0.09563081105059706; success_count: 0; episode_count: 5; invalid_count: 0; positive_reward_count: 6; random_exploration_count: 25; best_tax_advantage: 0.0; random_action_prob: 0.1616; saved_snapshots: 0
0 0.0 61
1 0.0028854528403329024 44
2 -0.0013621353880022015 23
update: 88; loss: -0.03424745425581932; cumulative_reward: 0.15987068628054274; success_count: 1; episode_count: 5; invalid_count: 0; positive_reward_count: 11; random_exploration_count: 20; best_tax_advantage: 46746000.0; random_action_prob: 0.1608; saved_snapshots: 0
0 -0.000819672131147541 61
1 0.008765904489090686 48
2 -0.011099617326095273 19
update: 89; loss: -0.047032306591669716; cumulative_reward: 0.08440960729624128; success_count: 0; episode_count: 6; invalid_count: 0; positive_reward_count: 8; random_exploration_count: 20; best_tax_advantage: 0.0; random_action_prob: 0.1600; saved_snapshots: 0
0 -0.0007936507936507937 63
1 0.004566933536006702 36
2 -0.0010344827586206897 29
update: 90; loss: -0.018009927744666736; cumulative_reward: -0.022859357845195036; success_count: 0; episode_count: 6; invalid_count: 0; positive_reward_count: 4; random_exploration_count: 17; best_tax_advantage: 0.0; random_action_prob: 0.1592; saved_snapshots: 0
0 -0.0005660377358490566 53
1 0.001328852143134999 43
2 -0.0015625 32
update: 91; loss: 0.04597456629077593; cumulative_reward: 0.15270047912361145; success_count: 1; episode_count: 7; invalid_count: 0; positive_reward_count: 6; random_exploration_count: 19; best_tax_advantage: 46746000.0; random_action_prob: 0.1584; saved_snapshots: 0
0 -0.0001724137931034483 58
1 0.00664058766817978 41
2 -0.003778055699026191 29
update: 92; loss: 0.006235981360077858; cumulative_reward: 0.09365493635357547; success_count: 0; episode_count: 1; invalid_count: 0; positive_reward_count: 6; random_exploration_count: 17; best_tax_advantage: 0.0; random_action_prob: 0.1576; saved_snapshots: 0
0 0.0 66
1 0.0017028170246104629 55
2 0.0 7
update: 93; loss: 0.008831777920325598; cumulative_reward: 0.14488035028093516; success_count: 0; episode_count: 6; invalid_count: 0; positive_reward_count: 6; random_exploration_count: 25; best_tax_advantage: 0.0; random_action_prob: 0.1569; saved_snapshots: 0
0 0.0 60
1 0.003082560644275216 47
2 0.0 21
update: 94; loss: -0.007582341010371844; cumulative_reward: 0.14940016546928947; success_count: 1; episode_count: 8; invalid_count: 0; positive_reward_count: 13; random_exploration_count: 16; best_tax_advantage: 46746000.0; random_action_prob: 0.1561; saved_snapshots: 0
0 -0.000925925925925926 54
1 0.007211989943702886 49
2 -0.006159493670886076 25
update: 95; loss: 0.03021581160525481; cumulative_reward: 0.23482594936708862; success_count: 0; episode_count: 2; invalid_count: 0; positive_reward_count: 8; random_exploration_count: 25; best_tax_advantage: 0.0; random_action_prob: 0.1553; saved_snapshots: 0
0 0.0 63
1 0.004696518987341772 50
2 0.0 15
update: 96; loss: 0.13771896560986838; cumulative_reward: 0.08620004743560607; success_count: 1; episode_count: 5; invalid_count: 0; positive_reward_count: 7; random_exploration_count: 17; best_tax_advantage: 23373000.0; random_action_prob: 0.1545; saved_snapshots: 0
0 -0.0008064516129032258 62
1 0.004004082600726654 49
2 -0.003529411764705882 17
update: 97; loss: 0.00405880684653918; cumulative_reward: 0.2609077818231723; success_count: 1; episode_count: 6; invalid_count: 0; positive_reward_count: 7; random_exploration_count: 16; best_tax_advantage: 46746000.0; random_action_prob: 0.1537; saved_snapshots: 0
0 0.0 65
1 0.006494153238827177 45
2 -0.001740506329113924 18
update: 98; loss: -0.014537183567881584; cumulative_reward: 0.06797468354430382; success_count: 0; episode_count: 1; invalid_count: 0; positive_reward_count: 6; random_exploration_count: 19; best_tax_advantage: 0.0; random_action_prob: 0.1530; saved_snapshots: 0
0 -0.0009090909090909091 66
1 0.0025550867323019225 54
2 -0.00125 8
update: 99; loss: 0.0010079685598611832; cumulative_reward: 0.1253587069717127; success_count: 1; episode_count: 5; invalid_count: 0; positive_reward_count: 8; random_exploration_count: 22; best_tax_advantage: 46746000.0; random_action_prob: 0.1522; saved_snapshots: 0
0 -0.0008333333333333334 60
1 0.004880879752766516 49
2 -0.0033581263638866607 19
2026-08-07T14:14:36 completed dub_irish_dutch run=1 elapsed_seconds=468.22 updates_logged=100
2026-08-07T14:14:36 running dub_irish_dutch run=2 seed=1731
env_variant: HardTaxEnv
update: 0; loss: -0.021188415586948395; cumulative_reward: -0.5100000000000002; success_count: 0; episode_count: 12; invalid_count: 0; positive_reward_count: 4; random_exploration_count: 32; best_tax_advantage: 0.0; random_action_prob: 0.2500; saved_snapshots: 0
0 -0.0035849056603773585 53
1 -0.0026700470932618054 39
2 -0.0059963378711886 36
update: 1; loss: -0.021271661544839542; cumulative_reward: -0.5162741379215527; success_count: 1; episode_count: 12; invalid_count: 0; positive_reward_count: 6; random_exploration_count: 31; best_tax_advantage: 46746000.0; random_action_prob: 0.2487; saved_snapshots: 0
0 -0.0040384615384615385 52
1 -0.0004131825619628611 40
2 -0.008048523206751056 36
update: 2; loss: -0.026263846084475517; cumulative_reward: -0.19655083977815815; success_count: 0; episode_count: 10; invalid_count: 0; positive_reward_count: 10; random_exploration_count: 40; best_tax_advantage: 0.0; random_action_prob: 0.2475; saved_snapshots: 0
0 -0.0017307692307692306 52
1 0.001764235804811712 44
2 -0.005755537974683545 32
update: 3; loss: -0.026851401353875797; cumulative_reward: -0.44917981111550653; success_count: 0; episode_count: 11; invalid_count: 0; positive_reward_count: 4; random_exploration_count: 31; best_tax_advantage: 0.0; random_action_prob: 0.2463; saved_snapshots: 0
0 -0.002830188679245283 53
1 -0.0015223867681962025 38
2 -0.006522408484433801 37
update: 4; loss: -0.02863716830809911; cumulative_reward: -0.5052195249203741; success_count: 0; episode_count: 11; invalid_count: 0; positive_reward_count: 7; random_exploration_count: 38; best_tax_advantage: 0.0; random_action_prob: 0.2450; saved_snapshots: 0
0 -0.0030188679245283017 53
1 -0.0009641825513419415 40
2 -0.008761492081905606 35
update: 5; loss: -0.024949828783671062; cumulative_reward: -0.20291139240506334; success_count: 0; episode_count: 11; invalid_count: 0; positive_reward_count: 5; random_exploration_count: 31; best_tax_advantage: 0.0; random_action_prob: 0.2438; saved_snapshots: 0
0 -0.0015789473684210526 57
1 0.0005047062641999351 39
2 -0.004143591772151899 32
update: 6; loss: -0.023809668297568958; cumulative_reward: -0.3882354678048675; success_count: 1; episode_count: 12; invalid_count: 0; positive_reward_count: 7; random_exploration_count: 23; best_tax_advantage: 1863000.0; random_action_prob: 0.2426; saved_snapshots: 0
0 -0.004 50
1 0.0013367248167623523 38
2 -0.005975775271045918 40
update: 7; loss: -0.026471310605605442; cumulative_reward: -0.33387226973444456; success_count: 0; episode_count: 9; invalid_count: 0; positive_reward_count: 3; random_exploration_count: 25; best_tax_advantage: 0.0; random_action_prob: 0.2414; saved_snapshots: 0
0 -0.003035714285714286 56
1 -0.00039961100332161346 42
2 -0.004902953586497891 30
update: 8; loss: -0.028535127639770508; cumulative_reward: -0.21757396476162333; success_count: 0; episode_count: 12; invalid_count: 0; positive_reward_count: 6; random_exploration_count: 19; best_tax_advantage: 0.0; random_action_prob: 0.2402; saved_snapshots: 0
0 -0.0017307692307692306 52
1 0.0003451676455104648 36
2 -0.0035000000000000005 40
update: 9; loss: -0.02007040133078893; cumulative_reward: -0.2784056715536856; success_count: 0; episode_count: 13; invalid_count: 0; positive_reward_count: 11; random_exploration_count: 28; best_tax_advantage: 0.0; random_action_prob: 0.2390; saved_snapshots: 0
0 -0.0033333333333333335 51
1 0.0033149360356983654 46
2 -0.008415894490187426 31
update: 10; loss: -0.027296158174673717; cumulative_reward: -0.14566533901931028; success_count: 0; episode_count: 13; invalid_count: 0; positive_reward_count: 6; random_exploration_count: 32; best_tax_advantage: 0.0; random_action_prob: 0.2378; saved_snapshots: 0
0 -0.0013725490196078432 51
1 0.0007113047025244698 45
2 -0.003364814082278481 32
update: 11; loss: -0.030572001511851948; cumulative_reward: -0.4049506052618835; success_count: 0; episode_count: 13; invalid_count: 0; positive_reward_count: 4; random_exploration_count: 30; best_tax_advantage: 0.0; random_action_prob: 0.2366; saved_snapshots: 0
0 -0.003207547169811321 53
1 -0.0027227498514159343 37
2 -0.0035318121252498336 38
update: 12; loss: -0.024660696585973103; cumulative_reward: -0.5897351802667273; success_count: 0; episode_count: 9; invalid_count: 0; positive_reward_count: 5; random_exploration_count: 33; best_tax_advantage: 0.0; random_action_prob: 0.2354; saved_snapshots: 0
0 -0.004150943396226415 53
1 -0.004054683325969916 44
2 -0.006171906900775827 31
update: 13; loss: -0.03388666485746702; cumulative_reward: -0.4310586734693879; success_count: 0; episode_count: 10; invalid_count: 0; positive_reward_count: 2; random_exploration_count: 32; best_tax_advantage: 0.0; random_action_prob: 0.2342; saved_snapshots: 0
0 -0.002962962962962963 54
1 -0.002641691398142322 41
2 -0.004931797761986442 33
update: 14; loss: -0.030504229788978893; cumulative_reward: -0.16979430470162754; success_count: 0; episode_count: 12; invalid_count: 0; positive_reward_count: 9; random_exploration_count: 30; best_tax_advantage: 0.0; random_action_prob: 0.2331; saved_snapshots: 0
0 -0.0014814814814814814 54
1 0.00204437569866842 44
2 -0.005991561181434599 30
update: 15; loss: -0.03396230687697729; cumulative_reward: -0.15834495759572792; success_count: 1; episode_count: 10; invalid_count: 0; positive_reward_count: 7; random_exploration_count: 30; best_tax_advantage: 46746000.0; random_action_prob: 0.2319; saved_snapshots: 0
0 -0.0022222222222222222 54
1 0.0009145565176238883 47
2 -0.003012189404594468 27
update: 16; loss: -0.03223376783231894; cumulative_reward: -0.2731218112244899; success_count: 0; episode_count: 11; invalid_count: 0; positive_reward_count: 2; random_exploration_count: 30; best_tax_advantage: 0.0; random_action_prob: 0.2307; saved_snapshots: 0
0 -0.0020754716981132076 53
1 -0.00013208945612921345 37
2 -0.0041640658249397075 38
update: 17; loss: -0.03538855786124865; cumulative_reward: -0.35725067385444753; success_count: 0; episode_count: 11; invalid_count: 0; positive_reward_count: 2; random_exploration_count: 32; best_tax_advantage: 0.0; random_action_prob: 0.2296; saved_snapshots: 0
0 -0.0024074074074074076 54
1 -0.0026158700940109134 41
2 -0.0036363636363636364 33
update: 18; loss: -0.03734943022330602; cumulative_reward: -0.6831002617648871; success_count: 1; episode_count: 12; invalid_count: 0; positive_reward_count: 7; random_exploration_count: 27; best_tax_advantage: 38480400.0; random_action_prob: 0.2284; saved_snapshots: 0
0 -0.004615384615384615 52
1 -0.003291117877572329 47
2 -0.00994543867306853 29
update: 19; loss: -0.029900843277573586; cumulative_reward: -0.19409543802481521; success_count: 1; episode_count: 10; invalid_count: 0; positive_reward_count: 3; random_exploration_count: 25; best_tax_advantage: 46746000.0; random_action_prob: 0.2273; saved_snapshots: 0
0 -0.0024528301886792454 53
1 0.0005608090139054037 41
2 -0.0025614296351451973 34
update: 20; loss: -0.02979551317791144; cumulative_reward: -0.08734177215189873; success_count: 0; episode_count: 8; invalid_count: 0; positive_reward_count: 5; random_exploration_count: 21; best_tax_advantage: 0.0; random_action_prob: 0.2262; saved_snapshots: 0
0 -0.0008474576271186442 59
1 0.0010996835443037975 40
2 -0.002804452204277608 29
update: 21; loss: -0.030793638279040653; cumulative_reward: -0.34434451490248; success_count: 0; episode_count: 14; invalid_count: 0; positive_reward_count: 3; random_exploration_count: 29; best_tax_advantage: 0.0; random_action_prob: 0.2250; saved_snapshots: 0
0 -0.0026 50
1 -0.0012116899309626479 39
2 -0.004284323271665044 39
update: 22; loss: -0.03764411807060242; cumulative_reward: -0.20449367088607603; success_count: 0; episode_count: 13; invalid_count: 0; positive_reward_count: 6; random_exploration_count: 22; best_tax_advantage: 0.0; random_action_prob: 0.2239; saved_snapshots: 0
0 -0.0016 50
1 0.0026653367108579818 41
2 -0.006318175027871708 37
update: 23; loss: -0.029253455499807995; cumulative_reward: -0.22622752396874687; success_count: 0; episode_count: 13; invalid_count: 0; positive_reward_count: 4; random_exploration_count: 27; best_tax_advantage: 0.0; random_action_prob: 0.2228; saved_snapshots: 0
0 -0.0024528301886792454 53
1 0.0018083774987584398 36
2 -0.004136643946770529 39
update: 24; loss: -0.016751257081826527; cumulative_reward: 0.036878188775510204; success_count: 0; episode_count: 12; invalid_count: 0; positive_reward_count: 4; random_exploration_count: 32; best_tax_advantage: 0.0; random_action_prob: 0.2217; saved_snapshots: 0
0 0.0 53
1 0.0018901155607146257 38
2 -0.0009444919603147451 37
update: 25; loss: -0.01640833479662736; cumulative_reward: -0.13867088607594935; success_count: 0; episode_count: 12; invalid_count: 0; positive_reward_count: 4; random_exploration_count: 36; best_tax_advantage: 0.0; random_action_prob: 0.2206; saved_snapshots: 0
0 -0.0011320754716981133 53
1 -0.0002007352633997577 42
2 -0.002128485000398774 33
update: 26; loss: -0.03440839548905691; cumulative_reward: -0.34291139240506346; success_count: 0; episode_count: 14; invalid_count: 0; positive_reward_count: 2; random_exploration_count: 28; best_tax_advantage: 0.0; random_action_prob: 0.2195; saved_snapshots: 0
0 -0.002340425531914894 47
1 -0.0017594936708860759 35
2 -0.003724545954870666 46
update: 27; loss: -0.03996701290210088; cumulative_reward: -0.38737341772151923; success_count: 0; episode_count: 12; invalid_count: 0; positive_reward_count: 5; random_exploration_count: 33; best_tax_advantage: 0.0; random_action_prob: 0.2184; saved_snapshots: 0
0 -0.0037254901960784314 51
1 -0.0016326237054085154 44
2 -0.0038041810510164938 33
update: 28; loss: -0.023522429789106052; cumulative_reward: -0.04406560064389864; success_count: 1; episode_count: 14; invalid_count: 0; positive_reward_count: 6; random_exploration_count: 30; best_tax_advantage: 2322000.0; random_action_prob: 0.2173; saved_snapshots: 0
0 -0.0012 50
1 0.0023255751737759523 40
2 -0.0020286475682878085 38
update: 29; loss: -0.04060459261139234; cumulative_reward: -0.029043371154886602; success_count: 0; episode_count: 12; invalid_count: 0; positive_reward_count: 8; random_exploration_count: 37; best_tax_advantage: 0.0; random_action_prob: 0.2162; saved_snapshots: 0
0 -0.000784313725490196 51
1 0.0032807108773691925 46
2 -0.00451471198431837 31
update: 30; loss: -0.035159673541784286; cumulative_reward: -0.1784479139757169; success_count: 0; episode_count: 11; invalid_count: 0; positive_reward_count: 7; random_exploration_count: 37; best_tax_advantage: 0.0; random_action_prob: 0.2151; saved_snapshots: 0
0 -0.0016 50
1 -0.00017571388235158373 49
2 -0.003097859784154802 29
update: 31; loss: -0.017788609489798546; cumulative_reward: -0.061765498652291084; success_count: 0; episode_count: 12; invalid_count: 0; positive_reward_count: 2; random_exploration_count: 24; best_tax_advantage: 0.0; random_action_prob: 0.2140; saved_snapshots: 0
0 -0.000784313725490196 51
1 0.0009546786200715029 37
2 -0.0014272151898734177 40
update: 32; loss: -0.025755292425553005; cumulative_reward: -0.19098966115021968; success_count: 0; episode_count: 8; invalid_count: 0; positive_reward_count: 7; random_exploration_count: 35; best_tax_advantage: 0.0; random_action_prob: 0.2130; saved_snapshots: 0
0 -0.002 55
1 0.0013312753534299843 43
2 -0.004607816711590297 30
update: 33; loss: -0.027489713703592617; cumulative_reward: 0.18679716458772305; success_count: 1; episode_count: 12; invalid_count: 0; positive_reward_count: 8; random_exploration_count: 31; best_tax_advantage: 56754000.0; random_action_prob: 0.2119; saved_snapshots: 0
0 -0.0005555555555555556 54
1 0.007893290995192169 41
2 -0.0032372050368229014 33
update: 34; loss: -0.035660269359747566; cumulative_reward: -0.11999999999999998; success_count: 0; episode_count: 11; invalid_count: 0; positive_reward_count: 3; random_exploration_count: 23; best_tax_advantage: 0.0; random_action_prob: 0.2108; saved_snapshots: 0
0 -0.0009433962264150943 53
1 -0.0007479861910241657 44
2 -0.0011964066966108616 31
update: 35; loss: -0.018200698929528396; cumulative_reward: -0.18534489916249525; success_count: 0; episode_count: 10; invalid_count: 0; positive_reward_count: 8; random_exploration_count: 30; best_tax_advantage: 0.0; random_action_prob: 0.2098; saved_snapshots: 0
0 -0.001851851851851852 54
1 0.001962165233152014 45
2 -0.005987666712218476 29
update: 36; loss: -0.01923977831999461; cumulative_reward: -0.09733141469882653; success_count: 0; episode_count: 12; invalid_count: 0; positive_reward_count: 6; random_exploration_count: 27; best_tax_advantage: 0.0; random_action_prob: 0.2087; saved_snapshots: 0
0 -0.0014000000000000002 50
1 0.0016026981521122285 47
2 -0.003311555737035525 31
update: 37; loss: -0.028814055646459263; cumulative_reward: -0.12053618342488656; success_count: 0; episode_count: 14; invalid_count: 0; positive_reward_count: 7; random_exploration_count: 30; best_tax_advantage: 0.0; random_action_prob: 0.2077; saved_snapshots: 0
0 -0.001568627450980392 51
1 0.000969800705888597 45
2 -0.0026305379746835444 32
update: 38; loss: -0.03121173878510793; cumulative_reward: -0.04843088106278983; success_count: 0; episode_count: 9; invalid_count: 0; positive_reward_count: 7; random_exploration_count: 24; best_tax_advantage: 0.0; random_action_prob: 0.2066; saved_snapshots: 0
0 -0.0005555555555555556 54
1 0.00013058468312239822 53
2 -0.001207231869917949 21
update: 39; loss: -0.01229302491992712; cumulative_reward: -0.1791104881812998; success_count: 0; episode_count: 12; invalid_count: 0; positive_reward_count: 4; random_exploration_count: 28; best_tax_advantage: 0.0; random_action_prob: 0.2056; saved_snapshots: 0
0 -0.0014814814814814814 54
1 -0.00037832711185636355 47
2 -0.003012189404594468 27
update: 40; loss: -0.025449512526392937; cumulative_reward: -0.09444793653546035; success_count: 0; episode_count: 14; invalid_count: 0; positive_reward_count: 5; random_exploration_count: 27; best_tax_advantage: 0.0; random_action_prob: 0.2046; saved_snapshots: 0
0 -0.000784313725490196 51
1 0.0015938920005820892 47
2 -0.004312028685427285 30
update: 41; loss: -0.0383585790793101; cumulative_reward: -0.20972955954533717; success_count: 0; episode_count: 14; invalid_count: 0; positive_reward_count: 4; random_exploration_count: 24; best_tax_advantage: 0.0; random_action_prob: 0.2036; saved_snapshots: 0
0 -0.001568627450980392 51
1 -0.0013890595243101656 43
2 -0.002058823529411765 34
update: 42; loss: -0.027192883814374607; cumulative_reward: -0.012786606335572215; success_count: 0; episode_count: 11; invalid_count: 0; positive_reward_count: 6; random_exploration_count: 33; best_tax_advantage: 0.0; random_action_prob: 0.2025; saved_snapshots: 0
0 -0.000925925925925926 54
1 0.0022703207073968825 39
2 -0.0014665461121157325 35
update: 43; loss: -0.028416176016132038; cumulative_reward: 0.23609404264079042; success_count: 1; episode_count: 10; invalid_count: 0; positive_reward_count: 12; random_exploration_count: 23; best_tax_advantage: 46746000.0; random_action_prob: 0.2015; saved_snapshots: 0
0 -0.00037037037037037035 54
1 0.007292870823760423 47
2 -0.003210032817627754 27
update: 44; loss: -0.019442363331715267; cumulative_reward: -0.17832476115322493; success_count: 1; episode_count: 9; invalid_count: 0; positive_reward_count: 8; random_exploration_count: 26; best_tax_advantage: 2322000.0; random_action_prob: 0.2005; saved_snapshots: 0
0 -0.0014814814814814814 54
1 0.0017132516123785399 50
2 -0.007666139240506329 24
update: 45; loss: -0.023107952748735745; cumulative_reward: -0.03339042614896447; success_count: 1; episode_count: 12; invalid_count: 0; positive_reward_count: 4; random_exploration_count: 31; best_tax_advantage: 6210000.0; random_action_prob: 0.1995; saved_snapshots: 0
0 -0.0007692307692307692 52
1 0.0025699687565496703 42
2 -0.0029802680565897246 34
update: 46; loss: -0.0158296429241697; cumulative_reward: -0.08606012658227849; success_count: 0; episode_count: 10; invalid_count: 0; positive_reward_count: 5; random_exploration_count: 25; best_tax_advantage: 0.0; random_action_prob: 0.1985; saved_snapshots: 0
0 -0.0011111111111111111 54
1 0.0007215925816897262 43
2 -0.0018415679869334422 31
update: 47; loss: -0.02851005457341671; cumulative_reward: -0.04955363540209493; success_count: 1; episode_count: 9; invalid_count: 0; positive_reward_count: 2; random_exploration_count: 26; best_tax_advantage: 2322000.0; random_action_prob: 0.1975; saved_snapshots: 0
0 -0.001016949152542373 59
1 0.0010643780157343443 38
2 -0.000967741935483871 31
update: 48; loss: -0.008010576168696085; cumulative_reward: -0.24824458288958048; success_count: 0; episode_count: 11; invalid_count: 0; positive_reward_count: 6; random_exploration_count: 31; best_tax_advantage: 0.0; random_action_prob: 0.1965; saved_snapshots: 0
0 -0.0020754716981132076 53
1 -0.0019648916577916097 50
2 -0.0016 25
update: 49; loss: 0.01248384639620781; cumulative_reward: 0.013729454598295008; success_count: 0; episode_count: 7; invalid_count: 0; positive_reward_count: 6; random_exploration_count: 25; best_tax_advantage: 0.0; random_action_prob: 0.1956; saved_snapshots: 0
0 -0.00035087719298245617 57
1 0.0017011713704469127 50
2 -0.0024442435201928875 21
update: 50; loss: -0.0248735969265302; cumulative_reward: 0.0; success_count: 0; episode_count: 10; invalid_count: 0; positive_reward_count: 0; random_exploration_count: 27; best_tax_advantage: -inf; random_action_prob: 0.1946; saved_snapshots: 0
0 0.0 56
1 0.0 48
2 0.0 24
update: 51; loss: -0.022313715890049934; cumulative_reward: 0.028945685678887053; success_count: 1; episode_count: 10; invalid_count: 0; positive_reward_count: 8; random_exploration_count: 25; best_tax_advantage: 2322000.0; random_action_prob: 0.1936; saved_snapshots: 0
0 -0.001090909090909091 55
1 0.003852726926926047 49
2 -0.00415991390585372 24
update: 52; loss: 5.466242631276449e-05; cumulative_reward: -0.08441702499295657; success_count: 1; episode_count: 9; invalid_count: 0; positive_reward_count: 4; random_exploration_count: 28; best_tax_advantage: 46746000.0; random_action_prob: 0.1926; saved_snapshots: 0
0 -0.0012727272727272728 55
1 0.0017407178033910218 45
2 -0.0033124759337697343 28
update: 53; loss: -0.01566150225698948; cumulative_reward: -0.05172852195571327; success_count: 0; episode_count: 9; invalid_count: 0; positive_reward_count: 3; random_exploration_count: 32; best_tax_advantage: 0.0; random_action_prob: 0.1917; saved_snapshots: 0
0 -0.0005357142857142857 56
1 0.00040001208098647685 49
2 -0.0017969179966978537 23
update: 54; loss: -0.011486717189351717; cumulative_reward: -0.04867088607594937; success_count: 0; episode_count: 9; invalid_count: 0; positive_reward_count: 5; random_exploration_count: 22; best_tax_advantage: 0.0; random_action_prob: 0.1907; saved_snapshots: 0
0 -0.0005660377358490566 53
1 2.6582278481012654e-05 50
2 -0.0008 25
update: 55; loss: -0.02630054826537768; cumulative_reward: -0.027778156880139203; success_count: 0; episode_count: 14; invalid_count: 0; positive_reward_count: 5; random_exploration_count: 23; best_tax_advantage: 0.0; random_action_prob: 0.1898; saved_snapshots: 0
0 -0.0014000000000000002 50
1 0.002685890370519814 46
2 -0.0025415348101265824 32
update: 56; loss: -0.002975823978583018; cumulative_reward: 0.5046825160559765; success_count: 4; episode_count: 11; invalid_count: 0; positive_reward_count: 11; random_exploration_count: 26; best_tax_advantage: 56754000.0; random_action_prob: 0.1888; saved_snapshots: 0
0 -0.0005263157894736842 57
1 0.012512249746427832 49
2 -0.0035644418872266977 22
update: 57; loss: -0.036803768326838814; cumulative_reward: -0.16867088607594935; success_count: 0; episode_count: 7; invalid_count: 0; positive_reward_count: 2; random_exploration_count: 28; best_tax_advantage: 0.0; random_action_prob: 0.1879; saved_snapshots: 0
0 -0.0012280701754385965 57
1 -0.0018295554901383573 43
2 -0.0007142857142857143 28
update: 58; loss: -0.01484321771810452; cumulative_reward: -0.018207908962557327; success_count: 0; episode_count: 11; invalid_count: 0; positive_reward_count: 7; random_exploration_count: 21; best_tax_advantage: 0.0; random_action_prob: 0.1869; saved_snapshots: 0
0 -0.0007692307692307692 52
1 0.002384381643448832 48
2 -0.0033092224231464737 28
update: 59; loss: -0.02988471897939841; cumulative_reward: 0.1282226310223456; success_count: 1; episode_count: 10; invalid_count: 0; positive_reward_count: 6; random_exploration_count: 24; best_tax_advantage: 46746000.0; random_action_prob: 0.1860; saved_snapshots: 0
0 -0.0005555555555555556 54
1 0.003431689604023747 54
2 -0.0013544303797468355 20
update: 60; loss: -0.025156764313578606; cumulative_reward: 0.014814493489246964; success_count: 0; episode_count: 10; invalid_count: 0; positive_reward_count: 6; random_exploration_count: 14; best_tax_advantage: 0.0; random_action_prob: 0.1851; saved_snapshots: 0
0 -0.00037037037037037035 54
1 0.0009145814997805503 49
2 -0.0004 25
update: 61; loss: -0.018770760546127956; cumulative_reward: -0.03477538686465153; success_count: 0; episode_count: 12; invalid_count: 0; positive_reward_count: 4; random_exploration_count: 19; best_tax_advantage: 0.0; random_action_prob: 0.1841; saved_snapshots: 0
0 -0.0003773584905660377 53
1 -0.00010381275792720703 46
2 -0.0003448275862068966 29
update: 62; loss: -0.023807595173517864; cumulative_reward: -0.05870253164556962; success_count: 0; episode_count: 10; invalid_count: 0; positive_reward_count: 5; random_exploration_count: 28; best_tax_advantage: 0.0; random_action_prob: 0.1832; saved_snapshots: 0
0 -0.0008771929824561404 57
1 0.0014814942972967405 43
2 -0.002585956658190338 28
update: 63; loss: -0.028400194520751636; cumulative_reward: -0.048670886075949375; success_count: 0; episode_count: 12; invalid_count: 0; positive_reward_count: 4; random_exploration_count: 22; best_tax_advantage: 0.0; random_action_prob: 0.1823; saved_snapshots: 0
0 -0.000588235294117647 51
1 0.0021329113924050632 40
2 -0.0028104686965446457 37
update: 64; loss: -0.013301596976816654; cumulative_reward: 0.014317967704576143; success_count: 1; episode_count: 13; invalid_count: 0; positive_reward_count: 8; random_exploration_count: 27; best_tax_advantage: 46746000.0; random_action_prob: 0.1814; saved_snapshots: 0
0 -0.000980392156862745 51
1 0.00461087940560257 39
2 -0.0030396402398401067 38
update: 65; loss: -0.024033184473713238; cumulative_reward: -0.04448004243120107; success_count: 0; episode_count: 11; invalid_count: 0; positive_reward_count: 8; random_exploration_count: 20; best_tax_advantage: 0.0; random_action_prob: 0.1805; saved_snapshots: 0
0 -0.0011320754716981133 53
1 0.0028484419771946574 40
2 -0.0028119349005424955 35
update: 66; loss: -0.02298532985150814; cumulative_reward: -0.21291139240506338; success_count: 0; episode_count: 13; invalid_count: 0; positive_reward_count: 3; random_exploration_count: 31; best_tax_advantage: 0.0; random_action_prob: 0.1796; saved_snapshots: 0
0 -0.0014000000000000002 50
1 -0.0008088916332201297 41
2 -0.002966130687649675 37
update: 67; loss: 0.021439875786503155; cumulative_reward: -0.025806962477396042; success_count: 0; episode_count: 11; invalid_count: 0; positive_reward_count: 6; random_exploration_count: 25; best_tax_advantage: 0.0; random_action_prob: 0.1787; saved_snapshots: 0
0 -0.00037037037037037035 54
1 0.0015546805900164009 43
2 -0.0023438138015516538 31
update: 68; loss: -0.02200182278951009; cumulative_reward: -0.08106429419077757; success_count: 0; episode_count: 9; invalid_count: 0; positive_reward_count: 5; random_exploration_count: 21; best_tax_advantage: 0.0; random_action_prob: 0.1778; saved_snapshots: 0
0 -0.0007547169811320754 53
1 0.0013336941193695545 44
2 -0.0032176398530012248 31
update: 69; loss: -0.0005818574378887812; cumulative_reward: -0.07469922622889838; success_count: 0; episode_count: 10; invalid_count: 0; positive_reward_count: 3; random_exploration_count: 24; best_tax_advantage: 0.0; random_action_prob: 0.1769; saved_snapshots: 0
0 -0.0009433962264150943 53
1 -0.00036748065572245994 40
2 -0.00028571428571428574 35
update: 70; loss: -0.007547601747016112; cumulative_reward: -0.005376482376969784; success_count: 0; episode_count: 12; invalid_count: 0; positive_reward_count: 7; random_exploration_count: 24; best_tax_advantage: 0.0; random_action_prob: 0.1760; saved_snapshots: 0
0 -0.000392156862745098 51
1 0.004248704281797919 39
2 -0.00397568287808128 38
update: 71; loss: -0.022857751697301865; cumulative_reward: 0.43771503305579423; success_count: 1; episode_count: 13; invalid_count: 0; positive_reward_count: 10; random_exploration_count: 20; best_tax_advantage: 56754000.0; random_action_prob: 0.1751; saved_snapshots: 0
0 -0.00018518518518518518 54
1 0.013132740709995917 38
2 -0.0014258087201125178 36
update: 72; loss: -0.012732913407186667; cumulative_reward: 0.05845997279449756; success_count: 1; episode_count: 13; invalid_count: 0; positive_reward_count: 6; random_exploration_count: 17; best_tax_advantage: 46746000.0; random_action_prob: 0.1743; saved_snapshots: 0
0 -0.000588235294117647 51
1 0.004766268437963126 38
2 -0.0023758519961051606 39
update: 73; loss: -0.01778096705675125; cumulative_reward: 0.4421385615873111; success_count: 1; episode_count: 9; invalid_count: 0; positive_reward_count: 11; random_exploration_count: 19; best_tax_advantage: 46746000.0; random_action_prob: 0.1734; saved_snapshots: 0
0 0.0 57
1 0.010521503900252482 45
2 -0.0012049659201557937 26
update: 74; loss: 0.01861349493265152; cumulative_reward: -0.07578657303506847; success_count: 0; episode_count: 9; invalid_count: 0; positive_reward_count: 6; random_exploration_count: 29; best_tax_advantage: 0.0; random_action_prob: 0.1725; saved_snapshots: 0
0 -0.0006896551724137932 58
1 0.001656811744861304 37
2 -0.0029420790180283854 33
update: 75; loss: -0.01777280991276105; cumulative_reward: 0.05137136519956083; success_count: 1; episode_count: 11; invalid_count: 0; positive_reward_count: 6; random_exploration_count: 32; best_tax_advantage: 46746000.0; random_action_prob: 0.1717; saved_snapshots: 0
0 -0.0007407407407407407 54
1 0.0035664068266320994 42
2 -0.0018255537974683545 32
update: 76; loss: -0.01731264218688011; cumulative_reward: -0.08606432706166187; success_count: 0; episode_count: 11; invalid_count: 0; positive_reward_count: 6; random_exploration_count: 23; best_tax_advantage: 0.0; random_action_prob: 0.1708; saved_snapshots: 0
0 -0.0007407407407407407 54
1 0.003312559128737241 36
2 -0.004350433044636909 38
update: 77; loss: -0.006018452656765779; cumulative_reward: 0.02025614848391888; success_count: 0; episode_count: 9; invalid_count: 0; positive_reward_count: 4; random_exploration_count: 24; best_tax_advantage: 0.0; random_action_prob: 0.1699; saved_snapshots: 0
0 0.0 54
1 0.001802486442000438 46
2 -0.0022377938517179024 28
update: 78; loss: -0.01570230598251025; cumulative_reward: -0.037389240506329115; success_count: 0; episode_count: 11; invalid_count: 0; positive_reward_count: 6; random_exploration_count: 20; best_tax_advantage: 0.0; random_action_prob: 0.1691; saved_snapshots: 0
0 -0.00037037037037037035 54
1 0.004630566571395327 39
2 -0.005656609622592768 35
update: 79; loss: -0.01343514397740364; cumulative_reward: 0.04221922146975482; success_count: 0; episode_count: 12; invalid_count: 0; positive_reward_count: 7; random_exploration_count: 13; best_tax_advantage: 0.0; random_action_prob: 0.1683; saved_snapshots: 0
0 -0.000784313725490196 51
1 0.003013374033995255 41
2 -0.00114803094233474 36
update: 80; loss: -0.0143126230686903; cumulative_reward: -0.0031705303660230152; success_count: 0; episode_count: 10; invalid_count: 0; positive_reward_count: 9; random_exploration_count: 29; best_tax_advantage: 0.0; random_action_prob: 0.1674; saved_snapshots: 0
0 -0.000925925925925926 54
1 0.004961583859583261 45
2 -0.006084200139561026 29
update: 81; loss: 0.00479769582549731; cumulative_reward: -0.05179269730043916; success_count: 0; episode_count: 12; invalid_count: 0; positive_reward_count: 6; random_exploration_count: 24; best_tax_advantage: 0.0; random_action_prob: 0.1666; saved_snapshots: 0
0 -0.0007692307692307692 52
1 0.0015606546294272335 39
2 -0.0019637358877865204 37
update: 82; loss: -0.03162025908629099; cumulative_reward: -0.001835443037974692; success_count: 0; episode_count: 11; invalid_count: 0; positive_reward_count: 7; random_exploration_count: 20; best_tax_advantage: 0.0; random_action_prob: 0.1657; saved_snapshots: 0
0 -0.0007142857142857143 56
1 0.0025463644392110687 43
2 -0.002459624618070712 29
update: 83; loss: -0.029212608312567074; cumulative_reward: -0.12740506329113924; success_count: 0; episode_count: 11; invalid_count: 0; positive_reward_count: 8; random_exploration_count: 18; best_tax_advantage: 0.0; random_action_prob: 0.1649; saved_snapshots: 0
0 -0.0012962962962962965 54
1 0.0037292204104757225 43
2 -0.007024565836825656 31
update: 84; loss: -0.02147050512333711; cumulative_reward: 0.18219019755024055; success_count: 0; episode_count: 11; invalid_count: 0; positive_reward_count: 8; random_exploration_count: 21; best_tax_advantage: 0.0; random_action_prob: 0.1641; saved_snapshots: 0
0 0.0 54
1 0.0063424741917826105 46
2 -0.003912986259705697 28
update: 85; loss: -0.03150494893391927; cumulative_reward: 0.1264447466012505; success_count: 0; episode_count: 6; invalid_count: 0; positive_reward_count: 7; random_exploration_count: 24; best_tax_advantage: 0.0; random_action_prob: 0.1633; saved_snapshots: 0
0 0.0 57
1 0.002809883257805566 45
2 0.0 26
update: 86; loss: 0.006045748169223468; cumulative_reward: 0.3213726212772025; success_count: 1; episode_count: 8; invalid_count: 0; positive_reward_count: 9; random_exploration_count: 15; best_tax_advantage: 56754000.0; random_action_prob: 0.1625; saved_snapshots: 0
0 -0.0006666666666666666 60
1 0.007227452425544051 50
2 0.0 18
update: 87; loss: -0.0003016994645198186; cumulative_reward: 0.14089272919581017; success_count: 0; episode_count: 8; invalid_count: 0; positive_reward_count: 5; random_exploration_count: 16; best_tax_advantage: 0.0; random_action_prob: 0.1616; saved_snapshots: 0
0 0.0 57
1 0.0038271520693302402 45
2 -0.0012049659201557937 26
update: 88; loss: -0.01784209969143073; cumulative_reward: 0.13004362529807864; success_count: 0; episode_count: 7; invalid_count: 0; positive_reward_count: 7; random_exploration_count: 20; best_tax_advantage: 0.0; random_action_prob: 0.1608; saved_snapshots: 0
0 -0.0005084745762711864 59
1 0.0035565250066239692 45
2 0.0 24
update: 89; loss: -0.01953955243031184; cumulative_reward: 0.09092421835397346; success_count: 0; episode_count: 7; invalid_count: 0; positive_reward_count: 7; random_exploration_count: 20; best_tax_advantage: 0.0; random_action_prob: 0.1600; saved_snapshots: 0
0 -0.0006349206349206349 63
1 0.00521806475480196 42
2 -0.003836282667291691 23
update: 90; loss: 0.007334500551223755; cumulative_reward: 0.0042897742792604235; success_count: 0; episode_count: 4; invalid_count: 0; positive_reward_count: 7; random_exploration_count: 23; best_tax_advantage: 0.0; random_action_prob: 0.1592; saved_snapshots: 0
0 -0.0006666666666666666 60
1 0.0010857954855852086 50
2 -0.0005555555555555556 18
update: 91; loss: -0.031805253898104034; cumulative_reward: 0.1477459652983999; success_count: 0; episode_count: 6; invalid_count: 0; positive_reward_count: 6; random_exploration_count: 15; best_tax_advantage: 0.0; random_action_prob: 0.1584; saved_snapshots: 0
0 -0.00015151515151515152 66
1 0.0049373879249555545 36
2 -0.0007692307692307692 26
update: 92; loss: -0.0065374427164594335; cumulative_reward: -0.00867088607594937; success_count: 0; episode_count: 5; invalid_count: 0; positive_reward_count: 1; random_exploration_count: 26; best_tax_advantage: 0.0; random_action_prob: 0.1576; saved_snapshots: 0
0 -0.00015873015873015873 63
1 0.00023602320675105486 48
2 -0.0005882352941176471 17
update: 93; loss: -0.018560909976561863; cumulative_reward: 0.23319369575959115; success_count: 1; episode_count: 4; invalid_count: 0; positive_reward_count: 8; random_exploration_count: 20; best_tax_advantage: 46746000.0; random_action_prob: 0.1569; saved_snapshots: 0
0 0.0 66
1 0.005182082127990914 45
2 0.0 17
update: 94; loss: -0.031387764339645706; cumulative_reward: 0.47432442321775853; success_count: 2; episode_count: 4; invalid_count: 0; positive_reward_count: 11; random_exploration_count: 19; best_tax_advantage: 46746000.0; random_action_prob: 0.1561; saved_snapshots: 0
0 -0.00125 72
1 0.013123823795761826 43
2 0.0 13
update: 95; loss: -0.030128185947736103; cumulative_reward: 0.14089272919581017; success_count: 0; episode_count: 4; invalid_count: 0; positive_reward_count: 3; random_exploration_count: 18; best_tax_advantage: 0.0; random_action_prob: 0.1553; saved_snapshots: 0
0 0.0 66
1 0.0029352651915793785 48
2 0.0 14
update: 96; loss: -0.014663304823140303; cumulative_reward: -0.02532369460502138; success_count: 0; episode_count: 7; invalid_count: 0; positive_reward_count: 5; random_exploration_count: 21; best_tax_advantage: 0.0; random_action_prob: 0.1545; saved_snapshots: 0
0 -0.0016176470588235294 68
1 0.00318957191592499 43
2 -0.003086781587635054 17
update: 97; loss: -0.03049427519241969; cumulative_reward: 0.18739826096353868; success_count: 2; episode_count: 3; invalid_count: 0; positive_reward_count: 7; random_exploration_count: 19; best_tax_advantage: 46746000.0; random_action_prob: 0.1537; saved_snapshots: 0
0 -0.0005555555555555556 72
1 0.005622687749171335 44
2 -0.0016666666666666668 12
update: 98; loss: 0.0684702346722285; cumulative_reward: 0.04902901404919503; success_count: 0; episode_count: 4; invalid_count: 0; positive_reward_count: 4; random_exploration_count: 20; best_tax_advantage: 0.0; random_action_prob: 0.1530; saved_snapshots: 0
0 -0.0002777777777777778 72
1 0.0016053259081208146 43
2 0.0 13
update: 99; loss: -0.023086390768488247; cumulative_reward: 0.03579259235339704; success_count: 0; episode_count: 5; invalid_count: 0; positive_reward_count: 5; random_exploration_count: 13; best_tax_advantage: 0.0; random_action_prob: 0.1522; saved_snapshots: 0
0 -0.00045454545454545455 66
1 0.0013706790073624386 48
2 0.0 14
2026-08-07T14:22:26 completed dub_irish_dutch run=2 elapsed_seconds=469.12 updates_logged=100
2026-08-07T14:22:26 running dub_irish_dutch run=3 seed=1732
env_variant: HardTaxEnv
update: 0; loss: -0.03022081032395363; cumulative_reward: -0.4154343980103664; success_count: 2; episode_count: 12; invalid_count: 0; positive_reward_count: 4; random_exploration_count: 30; best_tax_advantage: 46746000.0; random_action_prob: 0.2500; saved_snapshots: 0
0 -0.0038461538461538464 52
1 -0.0006521640515478469 39
2 -0.005135135135135136 37
update: 1; loss: -0.02458796153465907; cumulative_reward: -0.5808745931387985; success_count: 0; episode_count: 10; invalid_count: 0; positive_reward_count: 1; random_exploration_count: 28; best_tax_advantage: 0.0; random_action_prob: 0.2487; saved_snapshots: 0
0 -0.004150943396226415 53
1 -0.0034535598039656624 35
2 -0.006 40
update: 2; loss: -0.033025176574786506; cumulative_reward: -0.2299220612463513; success_count: 0; episode_count: 9; invalid_count: 0; positive_reward_count: 5; random_exploration_count: 41; best_tax_advantage: 0.0; random_action_prob: 0.2475; saved_snapshots: 0
0 -0.0017857142857142859 56
1 -0.0018586525871244464 43
2 -0.001724137931034483 29
update: 3; loss: -0.02582142874598503; cumulative_reward: -0.4004363847282408; success_count: 0; episode_count: 10; invalid_count: 0; positive_reward_count: 4; random_exploration_count: 32; best_tax_advantage: 0.0; random_action_prob: 0.2463; saved_snapshots: 0
0 -0.003157894736842105 57
1 -0.0005619785530644071 34
2 -0.00544132740335272 37
update: 4; loss: -0.03368840739130974; cumulative_reward: -0.23752471301020414; success_count: 0; episode_count: 12; invalid_count: 0; positive_reward_count: 4; random_exploration_count: 31; best_tax_advantage: 0.0; random_action_prob: 0.2450; saved_snapshots: 0
0 -0.0015384615384615385 52
1 -0.0010350641330221057 35
2 -0.002958474837912936 41
update: 5; loss: -0.033477962017059326; cumulative_reward: -0.23158227848101276; success_count: 0; episode_count: 9; invalid_count: 0; positive_reward_count: 4; random_exploration_count: 31; best_tax_advantage: 0.0; random_action_prob: 0.2438; saved_snapshots: 0
0 -0.002456140350877193 57
1 0.0002215189873417721 44
2 -0.003752930145335209 27
update: 6; loss: -0.029691174626350403; cumulative_reward: -0.2104688004553087; success_count: 1; episode_count: 11; invalid_count: 0; positive_reward_count: 6; random_exploration_count: 30; best_tax_advantage: 46746000.0; random_action_prob: 0.2426; saved_snapshots: 0
0 -0.0026415094339622643 53
1 0.0008931660277958048 41
2 -0.0031496649292628446 34
update: 7; loss: -0.03356062869230906; cumulative_reward: -0.27569049762469233; success_count: 0; episode_count: 7; invalid_count: 0; positive_reward_count: 8; random_exploration_count: 29; best_tax_advantage: 0.0; random_action_prob: 0.2414; saved_snapshots: 0
0 -0.0028070175438596493 57
1 0.0005787976756025646 42
2 -0.004827586206896552 29
update: 8; loss: -0.02258602964381377; cumulative_reward: -0.3800000000000001; success_count: 0; episode_count: 12; invalid_count: 0; positive_reward_count: 3; random_exploration_count: 29; best_tax_advantage: 0.0; random_action_prob: 0.2402; saved_snapshots: 0
0 -0.0023076923076923075 52
1 -0.0023615506329113926 40
2 -0.0045982770745428975 36
update: 9; loss: -0.027515240013599396; cumulative_reward: -0.40172714631379036; success_count: 0; episode_count: 13; invalid_count: 0; positive_reward_count: 4; random_exploration_count: 28; best_tax_advantage: 0.0; random_action_prob: 0.2390; saved_snapshots: 0
0 -0.0032 50
1 -0.00031509189059816844 33
2 -0.005140646976090014 45
update: 10; loss: -0.02856779967745145; cumulative_reward: -0.13511259622056018; success_count: 0; episode_count: 13; invalid_count: 0; positive_reward_count: 5; random_exploration_count: 27; best_tax_advantage: 0.0; random_action_prob: 0.2378; saved_snapshots: 0
0 -0.0016 50
1 0.0014442661782340762 32
2 -0.0022028068244358836 46
update: 11; loss: -0.030876449619730312; cumulative_reward: -0.3601620662595109; success_count: 0; episode_count: 14; invalid_count: 0; positive_reward_count: 4; random_exploration_count: 32; best_tax_advantage: 0.0; random_action_prob: 0.2366; saved_snapshots: 0
0 -0.0025490196078431374 51
1 -0.00039610100393477524 37
2 -0.0053876582278481015 40
update: 12; loss: -0.027099765837192535; cumulative_reward: -0.4417088612115734; success_count: 0; episode_count: 9; invalid_count: 0; positive_reward_count: 5; random_exploration_count: 32; best_tax_advantage: 0.0; random_action_prob: 0.2354; saved_snapshots: 0
0 -0.0034545454545454545 55
1 -0.0030427215302893306 40
2 -0.00393939393939394 33
update: 13; loss: -0.02364344211916129; cumulative_reward: -0.06303548398102972; success_count: 0; episode_count: 11; invalid_count: 0; positive_reward_count: 3; random_exploration_count: 27; best_tax_advantage: 0.0; random_action_prob: 0.2342; saved_snapshots: 0
0 -0.00037037037037037035 54
1 0.00048141131429002397 38
2 -0.0017035864978902954 36
update: 14; loss: -0.0258277195195357; cumulative_reward: -0.1631486668618405; success_count: 0; episode_count: 9; invalid_count: 0; positive_reward_count: 5; random_exploration_count: 30; best_tax_advantage: 0.0; random_action_prob: 0.2331; saved_snapshots: 0
0 -0.0011320754716981133 53
1 -0.0008287166715460114 40
2 -0.002 35
update: 15; loss: -0.0366555725534757; cumulative_reward: -0.24289373706776143; success_count: 2; episode_count: 11; invalid_count: 0; positive_reward_count: 7; random_exploration_count: 24; best_tax_advantage: 46746000.0; random_action_prob: 0.2319; saved_snapshots: 0
0 -0.0033962264150943396 53
1 0.004069587765250653 41
2 -0.006757259865971706 34
update: 16; loss: -0.028468986973166466; cumulative_reward: -0.4448904161288107; success_count: 0; episode_count: 11; invalid_count: 0; positive_reward_count: 7; random_exploration_count: 33; best_tax_advantage: 0.0; random_action_prob: 0.2307; saved_snapshots: 0
0 -0.0028846153846153843 52
1 -0.002703840528684759 42
2 -0.005333209233060313 34
update: 17; loss: -0.037685578068097435; cumulative_reward: -0.40698573898012125; success_count: 0; episode_count: 10; invalid_count: 0; positive_reward_count: 3; random_exploration_count: 30; best_tax_advantage: 0.0; random_action_prob: 0.2296; saved_snapshots: 0
0 -0.0025490196078431374 51
1 -0.0030742854201329306 39
2 -0.004133910726182545 38
update: 18; loss: -0.030857856074968975; cumulative_reward: -0.28268997916717814; success_count: 1; episode_count: 13; invalid_count: 0; positive_reward_count: 8; random_exploration_count: 16; best_tax_advantage: 38480400.0; random_action_prob: 0.2284; saved_snapshots: 0
0 -0.0028000000000000004 50
1 -0.0007545317334840049 51
2 -0.0038595874355368026 27
update: 19; loss: -0.03167994134128094; cumulative_reward: -0.25542535833931435; success_count: 0; episode_count: 8; invalid_count: 0; positive_reward_count: 5; random_exploration_count: 27; best_tax_advantage: 0.0; random_action_prob: 0.2273; saved_snapshots: 0
0 -0.0024528301886792454 53
1 -0.0011341637827404587 44
2 -0.002436198448346264 31
update: 20; loss: -0.027879949659109116; cumulative_reward: -0.27867088607594936; success_count: 0; episode_count: 13; invalid_count: 0; positive_reward_count: 4; random_exploration_count: 30; best_tax_advantage: 0.0; random_action_prob: 0.2262; saved_snapshots: 0
0 -0.0022 50
1 0.0008124040397147633 40
2 -0.005293869675382629 38
update: 21; loss: -0.020389458785454433; cumulative_reward: -0.3754766492858765; success_count: 1; episode_count: 11; invalid_count: 0; positive_reward_count: 4; random_exploration_count: 39; best_tax_advantage: 38480400.0; random_action_prob: 0.2250; saved_snapshots: 0
0 -0.002857142857142857 56
1 -0.0011930100952558793 43
2 -0.005661283282409428 29
update: 22; loss: -0.03085479574898879; cumulative_reward: -0.30158227848101277; success_count: 0; episode_count: 14; invalid_count: 0; positive_reward_count: 5; random_exploration_count: 39; best_tax_advantage: 0.0; random_action_prob: 0.2239; saved_snapshots: 0
0 -0.002 50
1 -0.0003291139240506329 40
2 -0.0049583610926049295 38
update: 23; loss: -0.0315905095388492; cumulative_reward: -0.35938911113130173; success_count: 0; episode_count: 9; invalid_count: 0; positive_reward_count: 4; random_exploration_count: 37; best_tax_advantage: 0.0; random_action_prob: 0.2228; saved_snapshots: 0
0 -0.0032727272727272726 55
1 -0.0026155029245079394 38
2 -0.002285714285714286 35
update: 24; loss: -0.0409486989180247; cumulative_reward: -0.3203555610651875; success_count: 0; episode_count: 11; invalid_count: 0; positive_reward_count: 4; random_exploration_count: 29; best_tax_advantage: 0.0; random_action_prob: 0.2217; saved_snapshots: 0
0 -0.002156862745098039 51
1 -0.003209047254477787 40
2 -0.002216045159083134 37
update: 25; loss: -0.024069029837846756; cumulative_reward: 0.06432575057317233; success_count: 1; episode_count: 12; invalid_count: 0; positive_reward_count: 11; random_exploration_count: 31; best_tax_advantage: 23373000.0; random_action_prob: 0.2206; saved_snapshots: 0
0 -0.001176470588235294 51
1 0.005547104227641143 44
2 -0.003628691983122363 33
update: 26; loss: -0.02377581037580967; cumulative_reward: -0.18455696247739606; success_count: 0; episode_count: 11; invalid_count: 0; positive_reward_count: 6; random_exploration_count: 36; best_tax_advantage: 0.0; random_action_prob: 0.2195; saved_snapshots: 0
0 -0.0016 50
1 -0.0002637604289400231 41
2 -0.002533588780833921 37
update: 27; loss: -0.03575670843323072; cumulative_reward: -0.17314873417721527; success_count: 0; episode_count: 11; invalid_count: 0; positive_reward_count: 5; random_exploration_count: 30; best_tax_advantage: 0.0; random_action_prob: 0.2184; saved_snapshots: 0
0 -0.0014285714285714288 49
1 0.0006336271850512356 42
2 -0.003507056106739651 37
update: 28; loss: -0.03656075646479925; cumulative_reward: -0.15334527642767737; success_count: 1; episode_count: 15; invalid_count: 0; positive_reward_count: 8; random_exploration_count: 20; best_tax_advantage: 34884000.0; random_action_prob: 0.2173; saved_snapshots: 0
0 -0.0020833333333333333 48
1 0.0042142601724024014 31
2 -0.003754843709635753 49
update: 29; loss: -0.018705475454529125; cumulative_reward: -0.18667721518987346; success_count: 0; episode_count: 14; invalid_count: 0; positive_reward_count: 10; random_exploration_count: 32; best_tax_advantage: 0.0; random_action_prob: 0.2162; saved_snapshots: 0
0 -0.001836734693877551 49
1 0.005665487714072971 34
2 -0.006428973277074543 45
update: 30; loss: -0.03150255233049393; cumulative_reward: -0.06316455696202533; success_count: 0; episode_count: 15; invalid_count: 0; positive_reward_count: 5; random_exploration_count: 25; best_tax_advantage: 0.0; random_action_prob: 0.2151; saved_snapshots: 0
0 -0.0008163265306122449 49
1 0.00034358047016274865 49
2 -0.0013333333333333333 30
update: 31; loss: -0.034865414102872215; cumulative_reward: -0.0933749757814518; success_count: 0; episode_count: 14; invalid_count: 0; positive_reward_count: 6; random_exploration_count: 30; best_tax_advantage: 0.0; random_action_prob: 0.2140; saved_snapshots: 0
0 -0.001568627450980392 51
1 0.0022272610897885376 35
2 -0.002174502712477396 42
update: 32; loss: -0.013049195520579815; cumulative_reward: 0.11315668602093276; success_count: 1; episode_count: 13; invalid_count: 0; positive_reward_count: 12; random_exploration_count: 30; best_tax_advantage: 39892500.0; random_action_prob: 0.2130; saved_snapshots: 0
0 -0.001 50
1 0.005965967306657809 45
2 -0.0031912679629899597 33
update: 33; loss: -0.03068726820250352; cumulative_reward: -0.04867088607594938; success_count: 0; episode_count: 13; invalid_count: 0; positive_reward_count: 5; random_exploration_count: 23; best_tax_advantage: 0.0; random_action_prob: 0.2119; saved_snapshots: 0
0 -0.0006 50
1 0.0030090415913200724 35
2 -0.0028834265528407416 43
update: 34; loss: -0.007134757936000824; cumulative_reward: -0.2202531645569621; success_count: 0; episode_count: 14; invalid_count: 0; positive_reward_count: 5; random_exploration_count: 32; best_tax_advantage: 0.0; random_action_prob: 0.2108; saved_snapshots: 0
0 -0.001875 48
1 0.0026401446654611208 35
2 -0.004947960618846695 45
update: 35; loss: -0.03940356646974882; cumulative_reward: -0.08632189870542457; success_count: 0; episode_count: 12; invalid_count: 0; positive_reward_count: 10; random_exploration_count: 36; best_tax_advantage: 0.0; random_action_prob: 0.2098; saved_snapshots: 0
0 -0.0013207547169811322 53
1 0.005312348461129653 39
2 -0.006208430241374473 36
update: 36; loss: -0.01072283616910378; cumulative_reward: 0.1050841848920127; success_count: 0; episode_count: 13; invalid_count: 0; positive_reward_count: 6; random_exploration_count: 22; best_tax_advantage: 0.0; random_action_prob: 0.2087; saved_snapshots: 0
0 -0.0003846153846153846 52
1 0.0037534744428949643 47
2 -0.0017699694456569186 29
update: 37; loss: 0.0010905861854553223; cumulative_reward: 0.002658227848101255; success_count: 0; episode_count: 12; invalid_count: 0; positive_reward_count: 5; random_exploration_count: 35; best_tax_advantage: 0.0; random_action_prob: 0.2077; saved_snapshots: 0
0 -0.00040816326530612246 49
1 0.0016226427279772667 49
2 -0.001895042194092827 30
update: 38; loss: 0.01444706879556179; cumulative_reward: 0.31687106143285365; success_count: 2; episode_count: 16; invalid_count: 0; positive_reward_count: 7; random_exploration_count: 21; best_tax_advantage: 56754000.0; random_action_prob: 0.2066; saved_snapshots: 0
0 -0.0002 50
1 0.009425320533763744 43
2 -0.0022405063291139242 35
update: 39; loss: 0.015752521033088367; cumulative_reward: -0.02867088607594937; success_count: 0; episode_count: 13; invalid_count: 0; positive_reward_count: 6; random_exploration_count: 33; best_tax_advantage: 0.0; random_action_prob: 0.2056; saved_snapshots: 0
0 -0.000392156862745098 51
1 0.0028204273540260306 47
2 -0.0047076990571724275 30
update: 40; loss: -0.025524503861864407; cumulative_reward: -0.08; success_count: 0; episode_count: 12; invalid_count: 0; positive_reward_count: 2; random_exploration_count: 25; best_tax_advantage: 0.0; random_action_prob: 0.2046; saved_snapshots: 0
0 -0.0005555555555555556 54
1 0.0008373904576436222 39
2 -0.0023616636528028933 35
update: 41; loss: -0.026228365177909534; cumulative_reward: -0.08734177215189873; success_count: 0; episode_count: 15; invalid_count: 0; positive_reward_count: 7; random_exploration_count: 22; best_tax_advantage: 0.0; random_action_prob: 0.2036; saved_snapshots: 0
0 -0.000980392156862745 51
1 0.0051880119136262105 34
2 -0.004970562260818369 43
update: 42; loss: -0.02084238827228546; cumulative_reward: 0.4548340387810546; success_count: 2; episode_count: 14; invalid_count: 0; positive_reward_count: 11; random_exploration_count: 20; best_tax_advantage: 46746000.0; random_action_prob: 0.2025; saved_snapshots: 0
0 0.0 51
1 0.014003141075996785 46
2 -0.006106788732735404 31
update: 43; loss: -0.034779912481705345; cumulative_reward: -0.070476742920191; success_count: 0; episode_count: 12; invalid_count: 0; positive_reward_count: 11; random_exploration_count: 21; best_tax_advantage: 0.0; random_action_prob: 0.2015; saved_snapshots: 0
0 -0.00196078431372549 51
1 0.0033818107761757832 45
2 -0.0038330696202531645 32
update: 44; loss: -0.03423930952946345; cumulative_reward: -0.15043638472824045; success_count: 0; episode_count: 10; invalid_count: 0; positive_reward_count: 6; random_exploration_count: 32; best_tax_advantage: 0.0; random_action_prob: 0.2005; saved_snapshots: 0
0 -0.0014035087719298247 57
1 0.0038920723311888835 43
2 -0.008492696248905801 28
update: 45; loss: -0.0186765156686306; cumulative_reward: 0.14684164614728218; success_count: 0; episode_count: 11; invalid_count: 0; positive_reward_count: 14; random_exploration_count: 27; best_tax_advantage: 0.0; random_action_prob: 0.1995; saved_snapshots: 0
0 -0.0009433962264150943 53
1 0.007857013571750724 41
2 -0.003685173832191104 34
update: 46; loss: -0.006471406668424606; cumulative_reward: 0.19046213562706038; success_count: 2; episode_count: 14; invalid_count: 0; positive_reward_count: 13; random_exploration_count: 21; best_tax_advantage: 46746000.0; random_action_prob: 0.1985; saved_snapshots: 0
0 -0.000784313725490196 51
1 0.010738632238603996 43
2 -0.006802913253909158 34
update: 47; loss: -0.034947462379932404; cumulative_reward: -0.24465822784810135; success_count: 0; episode_count: 14; invalid_count: 0; positive_reward_count: 5; random_exploration_count: 20; best_tax_advantage: 0.0; random_action_prob: 0.1975; saved_snapshots: 0
0 -0.0018 50
1 0.0012332278481012658 40
2 -0.005368087941372419 38
update: 48; loss: 0.004788500567277272; cumulative_reward: 0.23913651337151476; success_count: 1; episode_count: 11; invalid_count: 0; positive_reward_count: 8; random_exploration_count: 24; best_tax_advantage: 46746000.0; random_action_prob: 0.1965; saved_snapshots: 0
0 -0.000784313725490196 51
1 0.006502967681989452 46
2 -0.0006451612903225806 31
update: 49; loss: -0.0005760801335175832; cumulative_reward: -0.017341772151898735; success_count: 0; episode_count: 13; invalid_count: 0; positive_reward_count: 5; random_exploration_count: 26; best_tax_advantage: 0.0; random_action_prob: 0.1956; saved_snapshots: 0
0 -0.000588235294117647 51
1 0.004140774836977369 33
2 -0.0028178941311852706 44
update: 50; loss: -0.005565054093798001; cumulative_reward: -0.05953081025836903; success_count: 0; episode_count: 11; invalid_count: 0; positive_reward_count: 7; random_exploration_count: 28; best_tax_advantage: 0.0; random_action_prob: 0.1946; saved_snapshots: 0
0 -0.0014814814814814814 54
1 0.0019814344168028134 47
2 -0.0026910454758556023 27
update: 51; loss: -0.02594790297249953; cumulative_reward: 0.1408227848101266; success_count: 0; episode_count: 15; invalid_count: 0; positive_reward_count: 9; random_exploration_count: 22; best_tax_advantage: 0.0; random_action_prob: 0.1936; saved_snapshots: 0
0 -0.00020408163265306123 49
1 0.005429790992051811 43
2 -0.00229606188466948 36
update: 52; loss: 0.009850619981686274; cumulative_reward: 0.26184252254647455; success_count: 0; episode_count: 9; invalid_count: 0; positive_reward_count: 9; random_exploration_count: 29; best_tax_advantage: 0.0; random_action_prob: 0.1926; saved_snapshots: 0
0 0.0 56
1 0.009058686288249612 41
2 -0.003534310170056759 31
update: 53; loss: -0.007652196101844311; cumulative_reward: 0.19620918489201264; success_count: 0; episode_count: 14; invalid_count: 0; positive_reward_count: 11; random_exploration_count: 22; best_tax_advantage: 0.0; random_action_prob: 0.1917; saved_snapshots: 0
0 -0.00040816326530612246 49
1 0.009143993662792456 44
2 -0.0053179010363101535 35
update: 54; loss: 0.008193515241146088; cumulative_reward: 0.06912723054351906; success_count: 0; episode_count: 13; invalid_count: 0; positive_reward_count: 5; random_exploration_count: 22; best_tax_advantage: 0.0; random_action_prob: 0.1907; saved_snapshots: 0
0 -0.000980392156862745 51
1 0.005133081572379749 41
2 -0.0025369198312236284 36
update: 55; loss: -0.0014406728247801464; cumulative_reward: 0.21244731456664945; success_count: 1; episode_count: 11; invalid_count: 0; positive_reward_count: 13; random_exploration_count: 23; best_tax_advantage: 46746000.0; random_action_prob: 0.1898; saved_snapshots: 0
0 -0.00018867924528301886 53
1 0.007892839180767244 50
2 -0.006887785778868509 25
update: 56; loss: -0.02441718988120556; cumulative_reward: 0.14718289343031515; success_count: 1; episode_count: 13; invalid_count: 0; positive_reward_count: 8; random_exploration_count: 27; best_tax_advantage: 46746000.0; random_action_prob: 0.1888; saved_snapshots: 0
0 -0.0006 50
1 0.00649602803196041 40
2 -0.0021752165223184543 38
update: 57; loss: 0.008746383711695671; cumulative_reward: 0.04526898734177215; success_count: 0; episode_count: 12; invalid_count: 0; positive_reward_count: 8; random_exploration_count: 15; best_tax_advantage: 0.0; random_action_prob: 0.1879; saved_snapshots: 0
0 -0.000196078431372549 51
1 0.005399626744563454 39
2 -0.004087275149900067 38
update: 58; loss: -0.0220124584933122; cumulative_reward: 0.029536416623611464; success_count: 0; episode_count: 11; invalid_count: 0; positive_reward_count: 3; random_exploration_count: 20; best_tax_advantage: 0.0; random_action_prob: 0.1869; saved_snapshots: 0
0 -0.000588235294117647 51
1 0.0018299057006213545 38
2 -0.0002564102564102564 39
update: 59; loss: -0.025753342856963474; cumulative_reward: -0.042836446089511766; success_count: 0; episode_count: 11; invalid_count: 0; positive_reward_count: 6; random_exploration_count: 22; best_tax_advantage: 0.0; random_action_prob: 0.1860; saved_snapshots: 0
0 -0.0014814814814814814 54
1 0.002142094579668749 44
2 -0.0019029535864978904 30
update: 60; loss: -0.009938394650816917; cumulative_reward: 0.11941287864178063; success_count: 1; episode_count: 9; invalid_count: 0; positive_reward_count: 7; random_exploration_count: 27; best_tax_advantage: 6210000.0; random_action_prob: 0.1851; saved_snapshots: 0
0 -0.0005263157894736842 57
1 0.004934913477552932 45
2 -0.0027945472249269717 26
update: 61; loss: -0.016178229823708534; cumulative_reward: 0.14786724944071; success_count: 1; episode_count: 9; invalid_count: 0; positive_reward_count: 10; random_exploration_count: 28; best_tax_advantage: 46746000.0; random_action_prob: 0.1841; saved_snapshots: 0
0 -0.0011111111111111111 54
1 0.005176853141630013 52
2 -0.002787686996547756 22
update: 62; loss: -0.010106521658599377; cumulative_reward: 0.28769277783472774; success_count: 0; episode_count: 10; invalid_count: 0; positive_reward_count: 12; random_exploration_count: 21; best_tax_advantage: 0.0; random_action_prob: 0.1832; saved_snapshots: 0
0 0.0 56
1 0.006785121012935095 52
2 -0.0032566757418948595 20
update: 63; loss: -0.0017566472912828128; cumulative_reward: 0.371475410988948; success_count: 2; episode_count: 13; invalid_count: 0; positive_reward_count: 13; random_exploration_count: 31; best_tax_advantage: 46746000.0; random_action_prob: 0.1823; saved_snapshots: 0
0 0.0 53
1 0.011290724242844332 44
2 -0.004042466312780727 31
update: 64; loss: -0.0036801413322488465; cumulative_reward: -0.05181962025316457; success_count: 0; episode_count: 9; invalid_count: 0; positive_reward_count: 4; random_exploration_count: 24; best_tax_advantage: 0.0; random_action_prob: 0.1814; saved_snapshots: 0
0 -0.000925925925925926 54
1 0.0007911635019951961 47
2 -0.0014446038832199545 27
update: 65; loss: 0.03847684462865194; cumulative_reward: 0.31030525785442553; success_count: 1; episode_count: 11; invalid_count: 0; positive_reward_count: 10; random_exploration_count: 20; best_tax_advantage: 46746000.0; random_action_prob: 0.1805; saved_snapshots: 0
0 0.0 54
1 0.007033783909282605 51
2 -0.002105118326912493 23
update: 66; loss: -0.014223895346124968; cumulative_reward: -0.0041655600135624; success_count: 0; episode_count: 10; invalid_count: 0; positive_reward_count: 6; random_exploration_count: 23; best_tax_advantage: 0.0; random_action_prob: 0.1796; saved_snapshots: 0
0 -0.0007142857142857143 56
1 0.002676930579886227 48
2 -0.003860759493670886 24
update: 67; loss: -0.009136508839825789; cumulative_reward: 0.32757453825623944; success_count: 0; episode_count: 8; invalid_count: 0; positive_reward_count: 11; random_exploration_count: 21; best_tax_advantage: 0.0; random_action_prob: 0.1787; saved_snapshots: 0
0 0.0 55
1 0.007034232374642965 49
2 -0.0007126186708860759 24
update: 68; loss: -0.02463251476486524; cumulative_reward: -0.13106429419077759; success_count: 0; episode_count: 7; invalid_count: 0; positive_reward_count: 4; random_exploration_count: 21; best_tax_advantage: 0.0; random_action_prob: 0.1778; saved_snapshots: 0
0 -0.0008771929824561404 57
1 -0.000204231871275812 53
2 -0.0039022225007310863 18
update: 69; loss: -0.013947472597161928; cumulative_reward: 0.24270504532904935; success_count: 1; episode_count: 10; invalid_count: 0; positive_reward_count: 7; random_exploration_count: 24; best_tax_advantage: 46746000.0; random_action_prob: 0.1769; saved_snapshots: 0
0 0.0 57
1 0.006386974877080245 38
2 0.0 33
update: 70; loss: -0.027120869606733322; cumulative_reward: 0.07030063291139241; success_count: 0; episode_count: 5; invalid_count: 0; positive_reward_count: 6; random_exploration_count: 21; best_tax_advantage: 0.0; random_action_prob: 0.1760; saved_snapshots: 0
0 -0.0005263157894736842 57
1 0.003078191969984505 58
2 -0.006018038565208377 13
update: 71; loss: -0.029615369935830433; cumulative_reward: 0.08086553054766209; success_count: 0; episode_count: 11; invalid_count: 0; positive_reward_count: 6; random_exploration_count: 27; best_tax_advantage: 0.0; random_action_prob: 0.1751; saved_snapshots: 0
0 -0.00018518518518518518 54
1 0.003802878102227055 43
2 -0.0023438138015516538 31
update: 72; loss: 0.00969212626417478; cumulative_reward: 0.37236861075857974; success_count: 1; episode_count: 9; invalid_count: 0; positive_reward_count: 11; random_exploration_count: 21; best_tax_advantage: 46746000.0; random_action_prob: 0.1743; saved_snapshots: 0
0 0.0 59
1 0.00925058152837241 48
2 -0.0034123477430140917 21
update: 73; loss: -0.020089974006017048; cumulative_reward: 0.2917638166817359; success_count: 1; episode_count: 7; invalid_count: 0; positive_reward_count: 9; random_exploration_count: 15; best_tax_advantage: 46746000.0; random_action_prob: 0.1734; saved_snapshots: 0
0 0.0 62
1 0.009555415046511797 42
2 -0.004565150636323314 24
update: 74; loss: 0.02999299516280492; cumulative_reward: 0.20904591029449754; success_count: 0; episode_count: 8; invalid_count: 0; positive_reward_count: 9; random_exploration_count: 25; best_tax_advantage: 0.0; random_action_prob: 0.1725; saved_snapshots: 0
0 0.0 54
1 0.005524623300811663 52
2 -0.003556113697623132 22
update: 75; loss: 0.03748383869727453; cumulative_reward: 0.2497270430186042; success_count: 1; episode_count: 8; invalid_count: 0; positive_reward_count: 7; random_exploration_count: 24; best_tax_advantage: 56754000.0; random_action_prob: 0.1717; saved_snapshots: 0
0 -0.0007017543859649123 57
1 0.00637717112805541 47
2 -0.0004166666666666667 24
update: 76; loss: -0.00223307932416598; cumulative_reward: 0.2916447688088251; success_count: 1; episode_count: 12; invalid_count: 0; positive_reward_count: 9; random_exploration_count: 24; best_tax_advantage: 46746000.0; random_action_prob: 0.1708; saved_snapshots: 0
0 -0.00035087719298245617 57
1 0.009893080221960709 40
2 -0.002712207744180748 31
update: 77; loss: -0.018564760064085323; cumulative_reward: 0.0877437193231723; success_count: 0; episode_count: 9; invalid_count: 0; positive_reward_count: 7; random_exploration_count: 19; best_tax_advantage: 0.0; random_action_prob: 0.1699; saved_snapshots: 0
0 -0.0005454545454545455 55
1 0.0027128959648535047 48
2 -0.0004990114795918368 25
update: 78; loss: -0.017710207651058834; cumulative_reward: 0.07401883093031515; success_count: 0; episode_count: 5; invalid_count: 0; positive_reward_count: 6; random_exploration_count: 20; best_tax_advantage: 0.0; random_action_prob: 0.1691; saved_snapshots: 0
0 -0.0005084745762711864 59
1 0.0026538812716542315 51
2 -0.001740506329113924 18
update: 79; loss: 0.009929248442252478; cumulative_reward: 0.06581152823075433; success_count: 0; episode_count: 8; invalid_count: 0; positive_reward_count: 6; random_exploration_count: 19; best_tax_advantage: 0.0; random_action_prob: 0.1683; saved_snapshots: 0
0 0.0 60
1 0.002991433101397924 44
2 -0.0027421470096147637 24
update: 80; loss: 0.023657224451502163; cumulative_reward: 0.25141442685923865; success_count: 2; episode_count: 14; invalid_count: 0; positive_reward_count: 8; random_exploration_count: 24; best_tax_advantage: 46746000.0; random_action_prob: 0.1674; saved_snapshots: 0
0 -0.001176470588235294 51
1 0.00760701103639366 49
2 -0.0021903254972875227 28
update: 81; loss: -0.01942898395160834; cumulative_reward: 0.02449988654454187; success_count: 0; episode_count: 7; invalid_count: 0; positive_reward_count: 9; random_exploration_count: 22; best_tax_advantage: 0.0; random_action_prob: 0.1666; saved_snapshots: 0
0 -0.0008928571428571429 56
1 0.002441174245971409 51
2 -0.002380952380952381 21
update: 82; loss: -0.006488509476184845; cumulative_reward: 0.15250437872150363; success_count: 1; episode_count: 7; invalid_count: 0; positive_reward_count: 9; random_exploration_count: 16; best_tax_advantage: 46746000.0; random_action_prob: 0.1657; saved_snapshots: 0
0 -0.0004838709677419355 62
1 0.004388892012657927 51
2 -0.0027552742616033755 15
update: 83; loss: -0.0022439640015363693; cumulative_reward: 0.09020772450594162; success_count: 0; episode_count: 8; invalid_count: 0; positive_reward_count: 8; random_exploration_count: 17; best_tax_advantage: 0.0; random_action_prob: 0.1649; saved_snapshots: 0
0 -0.00016666666666666666 60
1 0.003939922888536397 41
2 -0.0022714486638537273 27
update: 84; loss: -0.020491547261675198; cumulative_reward: 0.09919936001254251; success_count: 0; episode_count: 4; invalid_count: 0; positive_reward_count: 6; random_exploration_count: 23; best_tax_advantage: 0.0; random_action_prob: 0.1641; saved_snapshots: 0
0 0.0 65
1 0.0021106246811179253 47
2 0.0 16
update: 85; loss: -0.007684702364106973; cumulative_reward: 0.029023795732691808; success_count: 0; episode_count: 5; invalid_count: 0; positive_reward_count: 6; random_exploration_count: 27; best_tax_advantage: 0.0; random_action_prob: 0.1633; saved_snapshots: 0
0 0.0 61
1 0.0007158882436929029 44
2 -0.00010762117346938776 23
update: 86; loss: -0.0345102163652579; cumulative_reward: 0.194566916857724; success_count: 2; episode_count: 8; invalid_count: 0; positive_reward_count: 7; random_exploration_count: 18; best_tax_advantage: 46746000.0; random_action_prob: 0.1625; saved_snapshots: 0
0 -0.0004761904761904762 63
1 0.005870128314505845 47
2 -0.0028516174402250355 18
update: 87; loss: -0.014190294158955416; cumulative_reward: 0.1304076367213204; success_count: 0; episode_count: 3; invalid_count: 0; positive_reward_count: 7; random_exploration_count: 21; best_tax_advantage: 0.0; random_action_prob: 0.1616; saved_snapshots: 0
0 -0.00014925373134328358 67
1 0.0032001624834323483 47
2 -0.0007142857142857143 14
update: 88; loss: -0.013987060015400251; cumulative_reward: 0.11611802404901832; success_count: 0; episode_count: 6; invalid_count: 0; positive_reward_count: 8; random_exploration_count: 19; best_tax_advantage: 0.0; random_action_prob: 0.1608; saved_snapshots: 0
0 0.0 57
1 0.002002034897396868 58
2 0.0 13
update: 89; loss: -0.010358884930610657; cumulative_reward: 0.024778977997448968; success_count: 0; episode_count: 7; invalid_count: 0; positive_reward_count: 8; random_exploration_count: 23; best_tax_advantage: 0.0; random_action_prob: 0.1600; saved_snapshots: 0
0 -0.00017543859649122808 57
1 0.0007560647390749778 46
2 0.0 25
update: 90; loss: -0.02069126007457574; cumulative_reward: 0.0315710219016404; success_count: 0; episode_count: 6; invalid_count: 0; positive_reward_count: 4; random_exploration_count: 22; best_tax_advantage: 0.0; random_action_prob: 0.1592; saved_snapshots: 0
0 -0.0003278688524590164 61
1 0.001031420438032808 50
2 0.0 17
update: 91; loss: -0.013349561641613642; cumulative_reward: -0.04192986207536817; success_count: 1; episode_count: 6; invalid_count: 0; positive_reward_count: 10; random_exploration_count: 22; best_tax_advantage: 46746000.0; random_action_prob: 0.1584; saved_snapshots: 0
0 -0.0018333333333333333 60
1 0.004089113346337348 48
2 -0.006410365134978042 20
update: 92; loss: -0.014390043293436369; cumulative_reward: 0.13635342833731592; success_count: 1; episode_count: 4; invalid_count: 0; positive_reward_count: 7; random_exploration_count: 22; best_tax_advantage: 46746000.0; random_action_prob: 0.1576; saved_snapshots: 0
0 -0.00030303030303030303 66
1 0.003964966560368424 47
2 -0.002 15
update: 93; loss: -0.0011180142561594646; cumulative_reward: 0.1690836256377551; success_count: 1; episode_count: 6; invalid_count: 0; positive_reward_count: 7; random_exploration_count: 15; best_tax_advantage: 46746000.0; random_action_prob: 0.1569; saved_snapshots: 0
0 0.0 63
1 0.003381672512755102 50
2 0.0 15
update: 94; loss: 0.007482102140784264; cumulative_reward: 0.2463215293487678; success_count: 2; episode_count: 5; invalid_count: 0; positive_reward_count: 9; random_exploration_count: 26; best_tax_advantage: 6210000.0; random_action_prob: 0.1561; saved_snapshots: 0
0 -0.0004761904761904762 63
1 0.006091947432952507 47
2 -0.0005555555555555556 18
update: 95; loss: 0.01185590090850989; cumulative_reward: 0.10510386187217607; success_count: 0; episode_count: 5; invalid_count: 0; positive_reward_count: 9; random_exploration_count: 23; best_tax_advantage: 0.0; random_action_prob: 0.1553; saved_snapshots: 0
0 -0.0021666666666666666 60
1 0.006302077237443521 50
2 -0.0044444444444444444 18
update: 96; loss: -0.001585369308789571; cumulative_reward: 0.29738484576271074; success_count: 1; episode_count: 3; invalid_count: 0; positive_reward_count: 9; random_exploration_count: 23; best_tax_advantage: 46746000.0; random_action_prob: 0.1545; saved_snapshots: 0
0 -0.00015873015873015873 63
1 0.005799714070994543 53
2 0.0 12
update: 97; loss: 0.06456444660822551; cumulative_reward: 0.12753844946799925; success_count: 0; episode_count: 7; invalid_count: 0; positive_reward_count: 10; random_exploration_count: 14; best_tax_advantage: 0.0; random_action_prob: 0.1537; saved_snapshots: 0
0 -0.0004838709677419355 62
1 0.004746990077092042 44
2 -0.0023331415420023015 22
update: 98; loss: 0.0004960534473260244; cumulative_reward: 0.16881135453729604; success_count: 1; episode_count: 6; invalid_count: 0; positive_reward_count: 8; random_exploration_count: 18; best_tax_advantage: 46746000.0; random_action_prob: 0.1530; saved_snapshots: 0
0 -0.0003333333333333333 60
1 0.003702183422299922 51
2 0.0 17
update: 99; loss: 0.06254881372054417; cumulative_reward: 0.25939977308058104; success_count: 0; episode_count: 4; invalid_count: 0; positive_reward_count: 10; random_exploration_count: 17; best_tax_advantage: 0.0; random_action_prob: 0.1522; saved_snapshots: 0
0 -0.0003278688524590164 61
1 0.005906117817971042 49
2 -0.0005555555555555556 18
2026-08-07T14:30:13 completed dub_irish_dutch run=3 elapsed_seconds=467.44 updates_logged=100
2026-08-07T14:30:13 running dub_irish_dutch run=4 seed=1733
env_variant: HardTaxEnv
update: 0; loss: -0.02775469111899535; cumulative_reward: -0.470225357850831; success_count: 0; episode_count: 13; invalid_count: 0; positive_reward_count: 6; random_exploration_count: 32; best_tax_advantage: 0.0; random_action_prob: 0.2500; saved_snapshots: 0
0 -0.003 50
1 0.0025150307155164435 28
2 -0.007812924357705826 50
update: 1; loss: -0.02926548073689143; cumulative_reward: 0.0520373956728826; success_count: 2; episode_count: 7; invalid_count: 0; positive_reward_count: 7; random_exploration_count: 28; best_tax_advantage: 46746000.0; random_action_prob: 0.2487; saved_snapshots: 0
0 -0.0019642857142857144 56
1 0.005171643796899575 41
2 -0.0016129032258064516 31
update: 2; loss: -0.020780180270473163; cumulative_reward: -0.2946912506382121; success_count: 0; episode_count: 11; invalid_count: 0; positive_reward_count: 9; random_exploration_count: 28; best_tax_advantage: 0.0; random_action_prob: 0.2475; saved_snapshots: 0
0 -0.0027450980392156863 51
1 0.004996550395501284 37
2 -0.008489090381793988 40
update: 3; loss: -0.022522148365775745; cumulative_reward: -0.3887025316455698; success_count: 0; episode_count: 9; invalid_count: 0; positive_reward_count: 6; random_exploration_count: 25; best_tax_advantage: 0.0; random_action_prob: 0.2463; saved_snapshots: 0
0 -0.0022222222222222222 54
1 -0.002245542992432952 46
2 -0.005907412642630493 28
update: 4; loss: -0.027877740561962128; cumulative_reward: -0.05858072424806739; success_count: 0; episode_count: 10; invalid_count: 0; positive_reward_count: 6; random_exploration_count: 35; best_tax_advantage: 0.0; random_action_prob: 0.2450; saved_snapshots: 0
0 -0.0017307692307692306 52
1 0.0018504380852711957 44
2 -0.0015625 32
update: 5; loss: -0.02950490266084671; cumulative_reward: -0.08461887598098639; success_count: 0; episode_count: 12; invalid_count: 0; positive_reward_count: 10; random_exploration_count: 30; best_tax_advantage: 0.0; random_action_prob: 0.2438; saved_snapshots: 0
0 -0.001568627450980392 51
1 0.0005640249782003017 45
2 -0.0009375 32
update: 6; loss: -0.023583718885978062; cumulative_reward: -0.4057573645164156; success_count: 0; episode_count: 11; invalid_count: 0; positive_reward_count: 8; random_exploration_count: 33; best_tax_advantage: 0.0; random_action_prob: 0.2426; saved_snapshots: 0
0 -0.002830188679245283 53
1 -0.0030400839461440774 44
2 -0.00393527970600245 31
update: 7; loss: -0.03442247708638509; cumulative_reward: -0.2917605929337543; success_count: 0; episode_count: 8; invalid_count: 0; positive_reward_count: 7; random_exploration_count: 29; best_tax_advantage: 0.0; random_action_prob: 0.2414; saved_snapshots: 0
0 -0.0025454545454545456 55
1 -0.0009384622818592623 47
2 -0.004140494834091111 26
update: 8; loss: -0.029469701771934826; cumulative_reward: -0.28171557885305654; success_count: 0; episode_count: 9; invalid_count: 0; positive_reward_count: 4; random_exploration_count: 20; best_tax_advantage: 0.0; random_action_prob: 0.2402; saved_snapshots: 0
0 -0.0017857142857142859 56
1 -0.0013505633503982058 49
2 -0.005023390203632361 23
update: 9; loss: -0.03310089682539304; cumulative_reward: -0.5130418130949541; success_count: 0; episode_count: 11; invalid_count: 0; positive_reward_count: 3; random_exploration_count: 30; best_tax_advantage: 0.0; random_action_prob: 0.2390; saved_snapshots: 0
0 -0.003529411764705882 51
1 -0.0030822030051788833 33
2 -0.005257479861910242 44
update: 10; loss: -0.037861429154872894; cumulative_reward: -0.36158227848101276; success_count: 0; episode_count: 12; invalid_count: 0; positive_reward_count: 2; random_exploration_count: 39; best_tax_advantage: 0.0; random_action_prob: 0.2378; saved_snapshots: 0
0 -0.003333333333333333 54
1 -0.0016639444671294407 31
2 -0.0030232558139534887 43
update: 11; loss: -0.027959808707237244; cumulative_reward: -0.502702156334232; success_count: 0; episode_count: 9; invalid_count: 0; positive_reward_count: 3; random_exploration_count: 35; best_tax_advantage: 0.0; random_action_prob: 0.2366; saved_snapshots: 0
0 -0.0042592592592592595 54
1 -0.004175554789571599 43
2 -0.0030049451736339694 31
update: 12; loss: -0.03974803412954012; cumulative_reward: -0.5417179486459254; success_count: 0; episode_count: 9; invalid_count: 0; positive_reward_count: 6; random_exploration_count: 35; best_tax_advantage: 0.0; random_action_prob: 0.2354; saved_snapshots: 0
0 -0.0042592592592592595 54
1 -0.003287030478431554 44
2 -0.005569620253164557 30
update: 13; loss: -0.020593771090110142; cumulative_reward: -0.07925036866031397; success_count: 1; episode_count: 12; invalid_count: 0; positive_reward_count: 3; random_exploration_count: 29; best_tax_advantage: 46746000.0; random_action_prob: 0.2342; saved_snapshots: 0
0 -0.0016981132075471698 53
1 0.0022183444665874784 37
2 -0.0018770819453697537 38
update: 14; loss: -0.02049539548655351; cumulative_reward: -0.049585723984646314; success_count: 1; episode_count: 12; invalid_count: 0; positive_reward_count: 8; random_exploration_count: 37; best_tax_advantage: 46746000.0; random_action_prob: 0.2331; saved_snapshots: 0
0 -0.001764705882352941 51
1 0.0024995802038478144 52
2 -0.003582555783389305 25
update: 15; loss: -0.02343014068901539; cumulative_reward: -0.3917924384122322; success_count: 1; episode_count: 10; invalid_count: 0; positive_reward_count: 5; random_exploration_count: 25; best_tax_advantage: 46746000.0; random_action_prob: 0.2319; saved_snapshots: 0
0 -0.003148148148148148 54
1 -0.0012092664897636273 50
2 -0.00672204641350211 24
update: 16; loss: -0.01958612414697806; cumulative_reward: -0.2079640778384139; success_count: 1; episode_count: 12; invalid_count: 0; positive_reward_count: 4; random_exploration_count: 30; best_tax_advantage: 46746000.0; random_action_prob: 0.2307; saved_snapshots: 0
0 -0.0021153846153846153 52
1 0.002375537460770922 38
2 -0.004953539509150234 38
update: 17; loss: -0.027189685652653377; cumulative_reward: 0.15497763415499924; success_count: 2; episode_count: 12; invalid_count: 0; positive_reward_count: 9; random_exploration_count: 24; best_tax_advantage: 56754000.0; random_action_prob: 0.2296; saved_snapshots: 0
0 -0.0014545454545454547 55
1 0.006931309867159075 44
2 -0.002413793103448276 29
update: 18; loss: -0.034359220415353775; cumulative_reward: -0.3289539049438741; success_count: 0; episode_count: 13; invalid_count: 0; positive_reward_count: 3; random_exploration_count: 31; best_tax_advantage: 0.0; random_action_prob: 0.2284; saved_snapshots: 0
0 -0.0027450980392156863 51
1 -0.001874801986713004 49
2 -0.0034674502712477395 28
update: 19; loss: -0.03328497459491094; cumulative_reward: -0.1284144491962432; success_count: 1; episode_count: 10; invalid_count: 0; positive_reward_count: 7; random_exploration_count: 22; best_tax_advantage: 31676400.0; random_action_prob: 0.2273; saved_snapshots: 0
0 -0.0011538461538461537 52
1 0.0024185411009613744 43
2 -0.005224597470835827 33
update: 20; loss: -0.027851449325680733; cumulative_reward: -0.2999184004380055; success_count: 0; episode_count: 8; invalid_count: 0; positive_reward_count: 3; random_exploration_count: 29; best_tax_advantage: 0.0; random_action_prob: 0.2262; saved_snapshots: 0
0 -0.0028070175438596493 57
1 -0.0006898751330289265 44
2 -0.004057922021656764 27
update: 21; loss: -0.010231868053476015; cumulative_reward: -0.34727982966753285; success_count: 0; episode_count: 11; invalid_count: 0; positive_reward_count: 4; random_exploration_count: 32; best_tax_advantage: 0.0; random_action_prob: 0.2250; saved_snapshots: 0
0 -0.002592592592592593 54
1 -0.0017662957149646998 43
2 -0.004236423029808085 31
update: 22; loss: -0.035458757231632866; cumulative_reward: -0.2810891089108912; success_count: 0; episode_count: 10; invalid_count: 0; positive_reward_count: 2; random_exploration_count: 27; best_tax_advantage: 0.0; random_action_prob: 0.2239; saved_snapshots: 0
0 -0.0020754716981132076 53
1 -0.0020451280765856525 39
2 -0.0025369198312236284 36
update: 23; loss: -0.011406784877181053; cumulative_reward: -0.026800045341192458; success_count: 1; episode_count: 13; invalid_count: 0; positive_reward_count: 6; random_exploration_count: 31; best_tax_advantage: 44604000.0; random_action_prob: 0.2228; saved_snapshots: 0
0 -0.0009433962264150943 53
1 0.0016468863381192478 41
2 -0.0013035995648259303 34
update: 24; loss: -0.031894720469911896; cumulative_reward: -0.385234415364247; success_count: 0; episode_count: 10; invalid_count: 0; positive_reward_count: 3; random_exploration_count: 27; best_tax_advantage: 0.0; random_action_prob: 0.2217; saved_snapshots: 0
0 -0.0024528301886792454 53
1 -0.0013932861958511943 43
2 -0.006103847154457676 32
update: 25; loss: -0.018762819779415924; cumulative_reward: -0.5592310131103078; success_count: 0; episode_count: 10; invalid_count: 0; positive_reward_count: 4; random_exploration_count: 36; best_tax_advantage: 0.0; random_action_prob: 0.2206; saved_snapshots: 0
0 -0.0035185185185185185 54
1 -0.0045203322897830025 40
2 -0.005541697691734922 34
update: 26; loss: -0.02034746731321017; cumulative_reward: -0.07158227848101266; success_count: 0; episode_count: 10; invalid_count: 0; positive_reward_count: 3; random_exploration_count: 25; best_tax_advantage: 0.0; random_action_prob: 0.2195; saved_snapshots: 0
0 -0.0007407407407407407 54
1 0.00021188772702256467 46
2 -0.0014760397830018083 28
update: 27; loss: -0.019127444674571354; cumulative_reward: -0.03902964826139484; success_count: 1; episode_count: 13; invalid_count: 0; positive_reward_count: 5; random_exploration_count: 27; best_tax_advantage: 74034000.0; random_action_prob: 0.2184; saved_snapshots: 0
0 -0.0012 50
1 0.00232498785596945 44
2 -0.0023920327624720773 34
update: 28; loss: -0.013574700181682905; cumulative_reward: -0.2008827493261456; success_count: 1; episode_count: 14; invalid_count: 0; positive_reward_count: 3; random_exploration_count: 23; best_tax_advantage: 696600.0; random_action_prob: 0.2173; saved_snapshots: 0
0 -0.0012244897959183673 49
1 0.0002633877768924622 34
2 -0.0033297318608997615 45
update: 29; loss: -0.033124265571435295; cumulative_reward: -0.07181962025316456; success_count: 0; episode_count: 12; invalid_count: 0; positive_reward_count: 5; random_exploration_count: 27; best_tax_advantage: 0.0; random_action_prob: 0.2162; saved_snapshots: 0
0 -0.0010204081632653062 49
1 0.0015721694796061885 36
2 -0.0018236679423020313 43
update: 30; loss: -0.005105617766578992; cumulative_reward: -0.07725067385444744; success_count: 0; episode_count: 14; invalid_count: 0; positive_reward_count: 3; random_exploration_count: 33; best_tax_advantage: 0.0; random_action_prob: 0.2151; saved_snapshots: 0
0 -0.0008 50
1 0.0016505499246625775 31
2 -0.0018812281174252626 47
update: 31; loss: -0.030583407108982403; cumulative_reward: -0.3216139240506328; success_count: 0; episode_count: 10; invalid_count: 0; positive_reward_count: 5; random_exploration_count: 26; best_tax_advantage: 0.0; random_action_prob: 0.2140; saved_snapshots: 0
0 -0.0027450980392156863 51
1 0.0004584927877539005 43
2 -0.00592144452717796 34
update: 32; loss: -0.01718098111450672; cumulative_reward: -0.3081529017857144; success_count: 0; episode_count: 12; invalid_count: 0; positive_reward_count: 5; random_exploration_count: 31; best_tax_advantage: 0.0; random_action_prob: 0.2130; saved_snapshots: 0
0 -0.00196078431372549 51
1 -0.000711760426084991 44
2 -0.005358649789029536 33
update: 33; loss: -0.02160633107026418; cumulative_reward: -0.15222794804647616; success_count: 0; episode_count: 11; invalid_count: 0; positive_reward_count: 5; random_exploration_count: 24; best_tax_advantage: 0.0; random_action_prob: 0.2119; saved_snapshots: 0
0 -0.0016 50
1 0.0005289502031587359 47
2 -0.0031318905675786035 31
update: 34; loss: -0.03202719489733378; cumulative_reward: -0.1910088700559694; success_count: 0; episode_count: 11; invalid_count: 0; positive_reward_count: 7; random_exploration_count: 27; best_tax_advantage: 0.0; random_action_prob: 0.2108; saved_snapshots: 0
0 -0.0024 50
1 0.0015981873606382103 44
2 -0.004156738644825019 34
update: 35; loss: -0.028047999367117882; cumulative_reward: -0.03291139240506329; success_count: 0; episode_count: 10; invalid_count: 0; positive_reward_count: 4; random_exploration_count: 24; best_tax_advantage: 0.0; random_action_prob: 0.2098; saved_snapshots: 0
0 -0.0004 50
1 -0.0003397734843437709 38
2 0.0 40
update: 36; loss: -0.025458677982290585; cumulative_reward: 0.0500959109855081; success_count: 1; episode_count: 11; invalid_count: 0; positive_reward_count: 10; random_exploration_count: 20; best_tax_advantage: 74034000.0; random_action_prob: 0.2087; saved_snapshots: 0
0 -0.0009090909090909091 55
1 0.005547346653583182 44
2 -0.004965080750763858 29
update: 37; loss: -0.03885569547613462; cumulative_reward: -0.1515822784810127; success_count: 0; episode_count: 11; invalid_count: 0; positive_reward_count: 5; random_exploration_count: 25; best_tax_advantage: 0.0; random_action_prob: 0.2077; saved_snapshots: 0
0 -0.0013207547169811322 53
1 0.00105322947095099 39
2 -0.0034071729957805908 36
update: 38; loss: 0.007472912470499675; cumulative_reward: -0.2117926973004392; success_count: 0; episode_count: 11; invalid_count: 0; positive_reward_count: 5; random_exploration_count: 30; best_tax_advantage: 0.0; random_action_prob: 0.2066; saved_snapshots: 0
0 -0.001851851851851852 54
1 0.0017834452097715888 38
2 -0.004987878201993321 36
update: 39; loss: -0.03866542627414068; cumulative_reward: -0.12222502279399863; success_count: 1; episode_count: 9; invalid_count: 0; positive_reward_count: 5; random_exploration_count: 32; best_tax_advantage: 2322000.0; random_action_prob: 0.2056; saved_snapshots: 0
0 -0.0016666666666666666 54
1 -4.635464154163883e-05 48
2 -0.0011538461538461537 26
update: 40; loss: -0.02110700433452924; cumulative_reward: 0.11249616158859055; success_count: 0; episode_count: 12; invalid_count: 0; positive_reward_count: 7; random_exploration_count: 25; best_tax_advantage: 0.0; random_action_prob: 0.2046; saved_snapshots: 0
0 0.0 52
1 0.0036671904321198268 40
2 -0.0009497626582278482 36
update: 41; loss: -0.024004924421509106; cumulative_reward: 0.05646900269541782; success_count: 0; episode_count: 13; invalid_count: 0; positive_reward_count: 4; random_exploration_count: 22; best_tax_advantage: 0.0; random_action_prob: 0.2036; saved_snapshots: 0
0 -0.0007547169811320754 53
1 0.0029631265831804423 39
2 -0.000530359279128318 36
update: 42; loss: -0.014189972231785456; cumulative_reward: 0.019563615271759524; success_count: 0; episode_count: 12; invalid_count: 0; positive_reward_count: 6; random_exploration_count: 20; best_tax_advantage: 0.0; random_action_prob: 0.2025; saved_snapshots: 0
0 -0.0008 50
1 0.005764985019821419 37
2 -0.003749776352722755 41
update: 43; loss: -0.03319942702849706; cumulative_reward: -0.03851344028513306; success_count: 0; episode_count: 10; invalid_count: 0; positive_reward_count: 4; random_exploration_count: 29; best_tax_advantage: 0.0; random_action_prob: 0.2015; saved_snapshots: 0
0 -0.0005555555555555556 54
1 0.0007467174653639659 46
2 -0.0015308015604241245 28
update: 44; loss: -0.011800264629224936; cumulative_reward: 0.05317621213833635; success_count: 0; episode_count: 12; invalid_count: 0; positive_reward_count: 5; random_exploration_count: 29; best_tax_advantage: 0.0; random_action_prob: 0.2005; saved_snapshots: 0
0 0.0 54
1 0.004764663973494412 44
2 -0.005215633423180594 30
update: 45; loss: -0.003629235550761223; cumulative_reward: 0.03960586654726972; success_count: 1; episode_count: 12; invalid_count: 0; positive_reward_count: 6; random_exploration_count: 32; best_tax_advantage: 46746000.0; random_action_prob: 0.1995; saved_snapshots: 0
0 -0.0012962962962962965 54
1 0.004359500299005719 40
2 -0.0019051219239105595 34
update: 46; loss: -0.012391338124871254; cumulative_reward: 0.0544578577079566; success_count: 0; episode_count: 12; invalid_count: 0; positive_reward_count: 4; random_exploration_count: 26; best_tax_advantage: 0.0; random_action_prob: 0.1985; saved_snapshots: 0
0 0.0 50
1 0.0021996659392822366 39
2 -0.0008033106134371957 39
update: 47; loss: -0.016715838263432186; cumulative_reward: 0.04263718798437096; success_count: 1; episode_count: 11; invalid_count: 0; positive_reward_count: 10; random_exploration_count: 29; best_tax_advantage: 46746000.0; random_action_prob: 0.1975; saved_snapshots: 0
0 -0.0009433962264150943 53
1 0.006466687262977704 39
2 -0.004432322646437764 36
update: 48; loss: -0.024056463191906612; cumulative_reward: -0.0035038143870064764; success_count: 0; episode_count: 11; invalid_count: 0; positive_reward_count: 3; random_exploration_count: 19; best_tax_advantage: 0.0; random_action_prob: 0.1965; saved_snapshots: 0
0 -0.00018867924528301886 53
1 0.0012262897317190811 39
2 -0.00114803094233474 36
update: 49; loss: -0.02158325786391894; cumulative_reward: 0.1974927084396335; success_count: 1; episode_count: 12; invalid_count: 0; positive_reward_count: 10; random_exploration_count: 24; best_tax_advantage: 46746000.0; random_action_prob: 0.1956; saved_snapshots: 0
0 -0.0007692307692307692 52
1 0.00815776722089359 42
2 -0.0030921622011146235 34
update: 50; loss: 0.001301804557442665; cumulative_reward: 0.12726708344552845; success_count: 1; episode_count: 12; invalid_count: 0; positive_reward_count: 11; random_exploration_count: 33; best_tax_advantage: 74034000.0; random_action_prob: 0.1946; saved_snapshots: 0
0 0.0 53
1 0.004600309308634809 45
2 -0.0026582278481012663 30
update: 51; loss: -0.029839952786763508; cumulative_reward: 0.09506994438568357; success_count: 0; episode_count: 15; invalid_count: 0; positive_reward_count: 6; random_exploration_count: 20; best_tax_advantage: 0.0; random_action_prob: 0.1936; saved_snapshots: 0
0 -0.0006 50
1 0.004918815770874866 35
2 -0.0010950838975566676 43
update: 52; loss: 0.02057420772810777; cumulative_reward: 0.22583692063634697; success_count: 2; episode_count: 10; invalid_count: 0; positive_reward_count: 8; random_exploration_count: 27; best_tax_advantage: 46746000.0; random_action_prob: 0.1926; saved_snapshots: 0
0 -0.0007407407407407407 54
1 0.007220091337514379 44
2 -0.0017282366071428572 30
update: 53; loss: -0.012968772711853186; cumulative_reward: -4.465351939679507e-05; success_count: 0; episode_count: 10; invalid_count: 0; positive_reward_count: 9; random_exploration_count: 24; best_tax_advantage: 0.0; random_action_prob: 0.1917; saved_snapshots: 0
0 -0.0013207547169811322 53
1 0.005384072511856426 40
2 -0.004154501542675823 35
update: 54; loss: -0.02543723334868749; cumulative_reward: -0.026294498554959952; success_count: 0; episode_count: 7; invalid_count: 0; positive_reward_count: 5; random_exploration_count: 23; best_tax_advantage: 0.0; random_action_prob: 0.1907; saved_snapshots: 0
0 -0.0007017543859649123 57
1 0.0032561162890181725 44
2 -0.004798652417472575 27
update: 55; loss: -0.030912864332397778; cumulative_reward: -0.016901912500092695; success_count: 0; episode_count: 10; invalid_count: 0; positive_reward_count: 7; random_exploration_count: 17; best_tax_advantage: 0.0; random_action_prob: 0.1898; saved_snapshots: 0
0 -0.0011538461538461537 52
1 0.002146072759635408 44
2 -0.0016040348101265824 32
update: 56; loss: 0.030884807308514912; cumulative_reward: 0.11625678701261166; success_count: 1; episode_count: 11; invalid_count: 0; positive_reward_count: 7; random_exploration_count: 24; best_tax_advantage: 46746000.0; random_action_prob: 0.1888; saved_snapshots: 0
0 -0.0005769230769230769 52
1 0.003678154920326712 51
2 -0.0016531645569620255 25
update: 57; loss: -0.015453096168736616; cumulative_reward: -0.024042219488665716; success_count: 0; episode_count: 10; invalid_count: 0; positive_reward_count: 7; random_exploration_count: 30; best_tax_advantage: 0.0; random_action_prob: 0.1879; saved_snapshots: 0
0 -0.0007547169811320754 53
1 0.0017816192221041703 41
2 -0.0016790766939687267 34
update: 58; loss: -0.005016094073653221; cumulative_reward: 0.018678231279382722; success_count: 2; episode_count: 12; invalid_count: 0; positive_reward_count: 9; random_exploration_count: 18; best_tax_advantage: 46746000.0; random_action_prob: 0.1869; saved_snapshots: 0
0 -0.0022641509433962265 53
1 0.00593946498017009 44
2 -0.003956717027358106 31
update: 59; loss: 0.21474017202854156; cumulative_reward: -0.07338235294117648; success_count: 0; episode_count: 8; invalid_count: 0; positive_reward_count: 3; random_exploration_count: 24; best_tax_advantage: 0.0; random_action_prob: 0.1860; saved_snapshots: 0
0 -0.0005 60
1 0.0006639029200458835 37
2 -0.002191830999447554 31
update: 60; loss: -0.02058156083027522; cumulative_reward: 0.07818037974683545; success_count: 0; episode_count: 10; invalid_count: 0; positive_reward_count: 3; random_exploration_count: 19; best_tax_advantage: 0.0; random_action_prob: 0.1851; saved_snapshots: 0
0 0.0 52
1 0.0018181483662054756 43
2 0.0 33
update: 61; loss: -0.02005161593357722; cumulative_reward: 0.08570729663222489; success_count: 0; episode_count: 10; invalid_count: 0; positive_reward_count: 6; random_exploration_count: 21; best_tax_advantage: 0.0; random_action_prob: 0.1841; saved_snapshots: 0
0 0.0 55
1 0.004766180279628387 38
2 -0.0027259301141043953 35
update: 62; loss: -0.021873784561951954; cumulative_reward: 0.19824955397507105; success_count: 1; episode_count: 10; invalid_count: 0; positive_reward_count: 7; random_exploration_count: 20; best_tax_advantage: 46746000.0; random_action_prob: 0.1832; saved_snapshots: 0
0 0.0 53
1 0.005906844945608579 42
2 -0.0015102404163784627 33
update: 63; loss: -0.024492404734094936; cumulative_reward: 0.22222455437871352; success_count: 1; episode_count: 9; invalid_count: 0; positive_reward_count: 9; random_exploration_count: 19; best_tax_advantage: 46746000.0; random_action_prob: 0.1823; saved_snapshots: 0
0 0.0 60
1 0.006715773986932852 43
2 -0.002662149082375964 25
update: 64; loss: -0.015390409156680107; cumulative_reward: 0.09122383250642102; success_count: 0; episode_count: 11; invalid_count: 0; positive_reward_count: 8; random_exploration_count: 16; best_tax_advantage: 0.0; random_action_prob: 0.1814; saved_snapshots: 0
0 -0.00037037037037037035 54
1 0.0061811007371848 41
2 -0.004309130233883509 33
update: 65; loss: -0.022403253242373466; cumulative_reward: 0.21823227721546568; success_count: 1; episode_count: 9; invalid_count: 0; positive_reward_count: 11; random_exploration_count: 29; best_tax_advantage: 46746000.0; random_action_prob: 0.1805; saved_snapshots: 0
0 -0.00018518518518518518 54
1 0.007245088477450103 48
2 -0.00459738345008228 26
update: 66; loss: 0.005872344598174095; cumulative_reward: 0.08290013582569104; success_count: 0; episode_count: 8; invalid_count: 0; positive_reward_count: 4; random_exploration_count: 23; best_tax_advantage: 0.0; random_action_prob: 0.1796; saved_snapshots: 0
0 0.0 54
1 0.0017638326771423627 47
2 0.0 27
update: 67; loss: -0.03567606334884962; cumulative_reward: 0.02326323745479203; success_count: 0; episode_count: 9; invalid_count: 0; positive_reward_count: 7; random_exploration_count: 20; best_tax_advantage: 0.0; random_action_prob: 0.1787; saved_snapshots: 0
0 -0.0005 60
1 0.00422034356269974 45
2 -0.005941400994204184 23
update: 68; loss: -0.024065167953570683; cumulative_reward: -0.130253164556962; success_count: 0; episode_count: 9; invalid_count: 0; positive_reward_count: 7; random_exploration_count: 25; best_tax_advantage: 0.0; random_action_prob: 0.1778; saved_snapshots: 0
0 -0.0011111111111111111 54
1 0.002612791292776963 50
2 -0.008370530383158757 24
update: 69; loss: -0.012258519108096758; cumulative_reward: -0.07867088607594938; success_count: 0; episode_count: 8; invalid_count: 0; positive_reward_count: 2; random_exploration_count: 20; best_tax_advantage: 0.0; random_action_prob: 0.1769; saved_snapshots: 0
0 -0.0004918032786885246 61
1 -0.0006516110471806675 44
2 -0.0008695652173913044 23
update: 70; loss: -0.008592755844195684; cumulative_reward: 0.05273230555171376; success_count: 0; episode_count: 11; invalid_count: 0; positive_reward_count: 5; random_exploration_count: 22; best_tax_advantage: 0.0; random_action_prob: 0.1760; saved_snapshots: 0
0 -0.00035714285714285714 56
1 0.002715748082756295 42
2 -0.0013776371308016878 30
update: 71; loss: -0.00959087877223889; cumulative_reward: -0.16080296977281475; success_count: 0; episode_count: 11; invalid_count: 0; positive_reward_count: 9; random_exploration_count: 25; best_tax_advantage: 0.0; random_action_prob: 0.1751; saved_snapshots: 0
0 -0.0017543859649122807 57
1 0.003420788440167086 38
2 -0.005781603954520123 33
update: 72; loss: -0.022683373962839443; cumulative_reward: 0.028476409325298664; success_count: 0; episode_count: 5; invalid_count: 0; positive_reward_count: 4; random_exploration_count: 19; best_tax_advantage: 0.0; random_action_prob: 0.1743; saved_snapshots: 0
0 -0.00031746031746031746 63
1 0.0015695281865059736 50
2 -0.002 15
update: 73; loss: -0.03855660433570544; cumulative_reward: -0.020143264612314332; success_count: 0; episode_count: 8; invalid_count: 0; positive_reward_count: 10; random_exploration_count: 20; best_tax_advantage: 0.0; random_action_prob: 0.1734; saved_snapshots: 0
0 -0.0014035087719298247 57
1 0.002677262230851761 49
2 -0.003242232451093211 22
update: 74; loss: -0.017600190515319507; cumulative_reward: 0.14803782857258618; success_count: 1; episode_count: 12; invalid_count: 0; positive_reward_count: 9; random_exploration_count: 16; best_tax_advantage: 46746000.0; random_action_prob: 0.1725; saved_snapshots: 0
0 -0.0009433962264150943 53
1 0.006397788434482713 47
2 -0.0036663652802893312 28
update: 75; loss: -0.004740988525251548; cumulative_reward: 0.324822543912638; success_count: 2; episode_count: 12; invalid_count: 0; positive_reward_count: 8; random_exploration_count: 23; best_tax_advantage: 56754000.0; random_action_prob: 0.1717; saved_snapshots: 0
0 -0.0007272727272727273 55
1 0.010512378783563266 45
2 -0.003865517905275318 28
update: 76; loss: -0.014077732960383097; cumulative_reward: 0.14587448779293782; success_count: 0; episode_count: 13; invalid_count: 0; positive_reward_count: 6; random_exploration_count: 18; best_tax_advantage: 0.0; random_action_prob: 0.1708; saved_snapshots: 0
0 -0.000588235294117647 51
1 0.00609131086979215 45
2 -0.0030698281671159033 32
update: 77; loss: 0.007797854642073314; cumulative_reward: 0.15774540767203998; success_count: 1; episode_count: 10; invalid_count: 0; positive_reward_count: 9; random_exploration_count: 29; best_tax_advantage: 46746000.0; random_action_prob: 0.1699; saved_snapshots: 0
0 -0.000925925925925926 54
1 0.006510210830207423 47
2 -0.0036383148647299596 27
update: 78; loss: -0.0071567560856540995; cumulative_reward: 0.06805130922234323; success_count: 1; episode_count: 8; invalid_count: 0; positive_reward_count: 9; random_exploration_count: 20; best_tax_advantage: 46746000.0; random_action_prob: 0.1691; saved_snapshots: 0
0 -0.0009433962264150943 53
1 0.00424213666268923 47
2 -0.002904611211573237 28
update: 79; loss: -0.029154847065607708; cumulative_reward: 0.0560027976689233; success_count: 0; episode_count: 12; invalid_count: 0; positive_reward_count: 7; random_exploration_count: 25; best_tax_advantage: 0.0; random_action_prob: 0.1683; saved_snapshots: 0
0 -0.0009615384615384616 52
1 0.0038024714947398307 46
2 -0.0022970297029702973 30
update: 80; loss: -0.0227596207211415; cumulative_reward: -0.10852689671596485; success_count: 0; episode_count: 10; invalid_count: 0; positive_reward_count: 6; random_exploration_count: 24; best_tax_advantage: 0.0; random_action_prob: 0.1674; saved_snapshots: 0
0 -0.0005555555555555556 54
1 0.004221510341296023 38
2 -0.006637341380144826 36
update: 81; loss: -0.029425598680973053; cumulative_reward: 0.13109365223093944; success_count: 1; episode_count: 5; invalid_count: 0; positive_reward_count: 8; random_exploration_count: 15; best_tax_advantage: 46746000.0; random_action_prob: 0.1666; saved_snapshots: 0
0 -0.0004838709677419355 62
1 0.0032902625429026833 52
2 -0.0007142857142857143 14
update: 82; loss: -0.006482297244171302; cumulative_reward: 0.05832278481012658; success_count: 1; episode_count: 10; invalid_count: 0; positive_reward_count: 4; random_exploration_count: 16; best_tax_advantage: 46746000.0; random_action_prob: 0.1657; saved_snapshots: 0
0 -0.0005263157894736842 57
1 0.005132911392405064 35
2 -0.0025369198312236284 36
update: 83; loss: -0.020919857546687126; cumulative_reward: 0.18682642532248744; success_count: 2; episode_count: 9; invalid_count: 0; positive_reward_count: 6; random_exploration_count: 25; best_tax_advantage: 6210000.0; random_action_prob: 0.1649; saved_snapshots: 0
0 -0.00017543859649122808 57
1 0.004473327848238352 44
2 0.0 27
update: 84; loss: -0.023774617662032444; cumulative_reward: -0.028046754859246056; success_count: 0; episode_count: 11; invalid_count: 0; positive_reward_count: 7; random_exploration_count: 23; best_tax_advantage: 0.0; random_action_prob: 0.1641; saved_snapshots: 0
0 -0.001090909090909091 55
1 0.002433766198712042 46
2 -0.002962962962962963 27
update: 85; loss: 0.09210302184025447; cumulative_reward: 0.2703433978219453; success_count: 0; episode_count: 7; invalid_count: 0; positive_reward_count: 15; random_exploration_count: 17; best_tax_advantage: 0.0; random_action_prob: 0.1633; saved_snapshots: 0
0 0.0 57
1 0.007113834676931718 49
2 -0.003556113697623132 22
update: 86; loss: -0.025830401107668877; cumulative_reward: 0.19718344662993573; success_count: 1; episode_count: 4; invalid_count: 0; positive_reward_count: 9; random_exploration_count: 20; best_tax_advantage: 46746000.0; random_action_prob: 0.1625; saved_snapshots: 0
0 -0.0008333333333333334 60
1 0.005970251211079727 50
2 -0.0028516174402250355 18
update: 87; loss: -0.010204840451478958; cumulative_reward: 0.05598062738910646; success_count: 0; episode_count: 7; invalid_count: 0; positive_reward_count: 9; random_exploration_count: 19; best_tax_advantage: 0.0; random_action_prob: 0.1616; saved_snapshots: 0
0 -0.0005357142857142857 56
1 0.0026522862773574398 48
2 -0.0017220464135021098 24
update: 88; loss: -0.017009355127811432; cumulative_reward: 0.15798133679074688; success_count: 0; episode_count: 5; invalid_count: 0; positive_reward_count: 5; random_exploration_count: 20; best_tax_advantage: 0.0; random_action_prob: 0.1608; saved_snapshots: 0
0 0.0 62
1 0.005025868896562889 47
2 -0.004117605334089942 19
update: 89; loss: 0.028268274540702503; cumulative_reward: 0.21542277969224474; success_count: 0; episode_count: 7; invalid_count: 0; positive_reward_count: 6; random_exploration_count: 30; best_tax_advantage: 0.0; random_action_prob: 0.1600; saved_snapshots: 0
0 0.0 57
1 0.0052468114630253955 53
2 -0.003481012658227848 18
update: 90; loss: 0.032807316010197006; cumulative_reward: 0.13334081753745802; success_count: 0; episode_count: 7; invalid_count: 0; positive_reward_count: 8; random_exploration_count: 16; best_tax_advantage: 0.0; random_action_prob: 0.1592; saved_snapshots: 0
0 0.0 58
1 0.004501602529471637 47
2 -0.003401500058596039 23
update: 91; loss: -0.02934871055185795; cumulative_reward: 0.07678474030785888; success_count: 1; episode_count: 6; invalid_count: 0; positive_reward_count: 6; random_exploration_count: 17; best_tax_advantage: 2322000.0; random_action_prob: 0.1584; saved_snapshots: 0
0 -0.0004918032786885246 61
1 0.0029356948061571774 50
2 -0.0023529411764705885 17
update: 92; loss: 0.07218616207440694; cumulative_reward: 0.15207496771621834; success_count: 0; episode_count: 3; invalid_count: 0; positive_reward_count: 10; random_exploration_count: 25; best_tax_advantage: 0.0; random_action_prob: 0.1576; saved_snapshots: 0
0 -0.0005 60
1 0.0033697362757231283 57
2 -0.0009090909090909091 11
update: 93; loss: -0.011953119498987993; cumulative_reward: 0.18619496487395365; success_count: 1; episode_count: 5; invalid_count: 0; positive_reward_count: 7; random_exploration_count: 16; best_tax_advantage: 74034000.0; random_action_prob: 0.1569; saved_snapshots: 0
0 0.0 60
1 0.0036508816641951697 51
2 0.0 17
update: 94; loss: -0.021013158683975536; cumulative_reward: 0.08270047912361149; success_count: 1; episode_count: 10; invalid_count: 0; positive_reward_count: 5; random_exploration_count: 19; best_tax_advantage: 46746000.0; random_action_prob: 0.1561; saved_snapshots: 0
0 -0.000925925925925926 54
1 0.0026924618702568203 53
2 -0.0004761904761904762 21
update: 95; loss: -0.01274499980111917; cumulative_reward: 0.04599245411346711; success_count: 0; episode_count: 9; invalid_count: 0; positive_reward_count: 8; random_exploration_count: 17; best_tax_advantage: 0.0; random_action_prob: 0.1553; saved_snapshots: 0
0 -0.0007017543859649123 57
1 0.005814927510980381 42
2 -0.005456362115438237 29
update: 96; loss: -0.01954051914314429; cumulative_reward: 0.0930606731086813; success_count: 1; episode_count: 10; invalid_count: 0; positive_reward_count: 8; random_exploration_count: 16; best_tax_advantage: 46746000.0; random_action_prob: 0.1545; saved_snapshots: 0
0 -0.0008928571428571429 56
1 0.003845792735748473 45
2 -0.0011111111111111111 27
update: 97; loss: -0.012718314304947853; cumulative_reward: 0.11618536332239487; success_count: 1; episode_count: 7; invalid_count: 0; positive_reward_count: 8; random_exploration_count: 21; best_tax_advantage: 2322000.0; random_action_prob: 0.1537; saved_snapshots: 0
0 0.0 60
1 0.002835616402496417 47
2 -0.00081374321880651 21
update: 98; loss: -0.029409756263097126; cumulative_reward: 0.07798133679074691; success_count: 0; episode_count: 10; invalid_count: 0; positive_reward_count: 5; random_exploration_count: 22; best_tax_advantage: 0.0; random_action_prob: 0.1530; saved_snapshots: 0
0 -0.0005454545454545455 55
1 0.0038479647889726703 44
2 -0.002114797031863815 29
update: 99; loss: -0.0271210844318072; cumulative_reward: 0.041090189873417726; success_count: 0; episode_count: 7; invalid_count: 0; positive_reward_count: 6; random_exploration_count: 21; best_tax_advantage: 0.0; random_action_prob: 0.1522; saved_snapshots: 0
0 -0.0005263157894736842 57
1 0.0032670094936708863 44
2 -0.0026910454758556023 27
2026-08-07T14:38:01 completed dub_irish_dutch run=4 elapsed_seconds=467.53 updates_logged=100
2026-08-07T14:38:01 running dub_irish_dutch run=5 seed=1734
env_variant: HardTaxEnv
update: 0; loss: -0.024539004390438397; cumulative_reward: -0.39710251599723817; success_count: 0; episode_count: 10; invalid_count: 0; positive_reward_count: 6; random_exploration_count: 43; best_tax_advantage: 0.0; random_action_prob: 0.2500; saved_snapshots: 0
0 -0.0029411764705882353 51
1 6.009816922272755e-05 44
2 -0.007568085922516302 33
update: 1; loss: -0.024921046569943428; cumulative_reward: -0.05168499348446123; success_count: 1; episode_count: 10; invalid_count: 0; positive_reward_count: 4; random_exploration_count: 34; best_tax_advantage: 46746000.0; random_action_prob: 0.2487; saved_snapshots: 0
0 -0.0011111111111111111 54
1 0.0017403334781230834 45
2 -0.002413793103448276 29
update: 2; loss: -0.03026595649619897; cumulative_reward: -0.1787031431539202; success_count: 1; episode_count: 13; invalid_count: 0; positive_reward_count: 9; random_exploration_count: 33; best_tax_advantage: 46746000.0; random_action_prob: 0.2475; saved_snapshots: 0
0 -0.00196078431372549 51
1 0.003074640877687089 44
2 -0.006484464902186421 33
update: 3; loss: -0.027607885499795277; cumulative_reward: -0.5917924635728834; success_count: 0; episode_count: 14; invalid_count: 0; positive_reward_count: 3; random_exploration_count: 37; best_tax_advantage: 0.0; random_action_prob: 0.2463; saved_snapshots: 0
0 -0.004117647058823529 51
1 -0.003267090232861379 36
2 -0.006443346711948132 41
update: 4; loss: -0.030061261728405952; cumulative_reward: -0.4500430237955727; success_count: 0; episode_count: 11; invalid_count: 0; positive_reward_count: 9; random_exploration_count: 39; best_tax_advantage: 0.0; random_action_prob: 0.2450; saved_snapshots: 0
0 -0.004 55
1 0.0021322437131328317 36
2 -0.008291994526171742 37
update: 5; loss: -0.024247196813424427; cumulative_reward: -0.4800000000000002; success_count: 0; episode_count: 8; invalid_count: 0; positive_reward_count: 2; random_exploration_count: 29; best_tax_advantage: 0.0; random_action_prob: 0.2438; saved_snapshots: 0
0 -0.0032727272727272726 55
1 -0.0041044977107460275 47
2 -0.004118792599805258 26
update: 6; loss: -0.024313318232695263; cumulative_reward: -0.3768392814493842; success_count: 0; episode_count: 10; invalid_count: 0; positive_reward_count: 7; random_exploration_count: 27; best_tax_advantage: 0.0; random_action_prob: 0.2426; saved_snapshots: 0
0 -0.0032727272727272726 55
1 -0.0010815363881401619 46
2 -0.005447726207219878 27
update: 7; loss: -0.028222274035215378; cumulative_reward: -0.3704363847282406; success_count: 0; episode_count: 11; invalid_count: 0; positive_reward_count: 4; random_exploration_count: 29; best_tax_advantage: 0.0; random_action_prob: 0.2414; saved_snapshots: 0
0 -0.003207547169811321 53
1 -0.001473204119379157 43
2 -0.004284018987341772 32
update: 8; loss: -0.029103123893340428; cumulative_reward: -0.28338169642857153; success_count: 0; episode_count: 7; invalid_count: 0; positive_reward_count: 5; random_exploration_count: 31; best_tax_advantage: 0.0; random_action_prob: 0.2402; saved_snapshots: 0
0 -0.0016666666666666666 54
1 -0.0005579439841338244 46
2 -0.00598986689851484 28
update: 9; loss: -0.024856236452857654; cumulative_reward: -0.5853840970350407; success_count: 1; episode_count: 13; invalid_count: 0; positive_reward_count: 4; random_exploration_count: 25; best_tax_advantage: 6210000.0; random_action_prob: 0.2390; saved_snapshots: 0
0 -0.0046 50
1 -0.0014969441980279094 40
2 -0.007776482345103264 38
update: 10; loss: -0.028149104366699856; cumulative_reward: -0.14133539219398908; success_count: 1; episode_count: 13; invalid_count: 0; positive_reward_count: 9; random_exploration_count: 35; best_tax_advantage: 46746000.0; random_action_prob: 0.2378; saved_snapshots: 0
0 -0.0027450980392156863 51
1 0.0026657535911884297 45
2 -0.0037904469936708863 32
update: 11; loss: -0.027296022822459538; cumulative_reward: -0.2339771255934398; success_count: 0; episode_count: 13; invalid_count: 0; positive_reward_count: 5; random_exploration_count: 30; best_tax_advantage: 0.0; random_action_prob: 0.2366; saved_snapshots: 0
0 -0.0015094339622641509 53
1 -0.000511188081489049 50
2 -0.0051367088607594934 25
update: 12; loss: -0.026913921038309734; cumulative_reward: -0.09873417721518984; success_count: 0; episode_count: 9; invalid_count: 0; positive_reward_count: 6; random_exploration_count: 26; best_tax_advantage: 0.0; random_action_prob: 0.2354; saved_snapshots: 0
0 -0.0012962962962962965 54
1 0.0007541071909507139 47
2 -0.0023769338959212377 27
update: 13; loss: -0.027973003064592678; cumulative_reward: -0.003368817449113621; success_count: 1; episode_count: 10; invalid_count: 0; positive_reward_count: 8; random_exploration_count: 31; best_tax_advantage: 46746000.0; random_action_prob: 0.2342; saved_snapshots: 0
0 -0.0022222222222222222 54
1 0.004039995119670303 43
2 -0.0018415679869334422 31
update: 14; loss: -0.024571115151047707; cumulative_reward: -0.19685221518987345; success_count: 0; episode_count: 11; invalid_count: 0; positive_reward_count: 3; random_exploration_count: 26; best_tax_advantage: 0.0; random_action_prob: 0.2331; saved_snapshots: 0
0 -0.0015094339622641509 53
1 -0.0006549320778017907 41
2 -0.0026470588235294116 34
update: 15; loss: -0.025638651102781296; cumulative_reward: -0.4163559797370361; success_count: 1; episode_count: 11; invalid_count: 0; positive_reward_count: 10; random_exploration_count: 23; best_tax_advantage: 74034000.0; random_action_prob: 0.2319; saved_snapshots: 0
0 -0.0032692307692307695 52
1 -0.0006806365614441687 43
2 -0.006578442654392022 33
update: 16; loss: -0.028309745093186695; cumulative_reward: -0.5955619986805101; success_count: 0; episode_count: 8; invalid_count: 0; positive_reward_count: 2; random_exploration_count: 26; best_tax_advantage: 0.0; random_action_prob: 0.2307; saved_snapshots: 0
0 -0.004181818181818182 55
1 -0.004227434227786171 49
2 -0.006600738396624472 24
update: 17; loss: -0.03569853802522024; cumulative_reward: -0.27229554499806263; success_count: 0; episode_count: 11; invalid_count: 0; positive_reward_count: 6; random_exploration_count: 33; best_tax_advantage: 0.0; random_action_prob: 0.2296; saved_snapshots: 0
0 -0.0024528301886792454 53
1 -0.0003379319422916847 45
2 -0.004236286919831223 30
update: 18; loss: -0.024419695138931274; cumulative_reward: -0.4086708860759496; success_count: 0; episode_count: 12; invalid_count: 0; positive_reward_count: 3; random_exploration_count: 28; best_tax_advantage: 0.0; random_action_prob: 0.2284; saved_snapshots: 0
0 -0.0026 50
1 -0.0024335443037974682 40
2 -0.004771818787475016 38
update: 19; loss: -0.017858221506079037; cumulative_reward: -0.2501255580357144; success_count: 1; episode_count: 9; invalid_count: 0; positive_reward_count: 6; random_exploration_count: 28; best_tax_advantage: 46746000.0; random_action_prob: 0.2273; saved_snapshots: 0
0 -0.002857142857142857 56
1 0.001248867216788691 41
2 -0.004559003674969375 31
update: 20; loss: -0.021577271943291027; cumulative_reward: -0.07155746334127085; success_count: 0; episode_count: 12; invalid_count: 0; positive_reward_count: 10; random_exploration_count: 27; best_tax_advantage: 0.0; random_action_prob: 0.2262; saved_snapshots: 0
0 -0.001568627450980392 51
1 0.0031265700512626135 41
2 -0.0033263009845288325 36
update: 21; loss: -0.021889859189589817; cumulative_reward: -0.19960077288205086; success_count: 1; episode_count: 13; invalid_count: 0; positive_reward_count: 7; random_exploration_count: 28; best_tax_advantage: 74034000.0; random_action_prob: 0.2250; saved_snapshots: 0
0 -0.0024528301886792454 53
1 0.0014836615257136782 42
2 -0.00399741081703107 33
update: 22; loss: -0.03258777782320976; cumulative_reward: -0.25081329159132015; success_count: 0; episode_count: 11; invalid_count: 0; positive_reward_count: 3; random_exploration_count: 28; best_tax_advantage: 0.0; random_action_prob: 0.2239; saved_snapshots: 0
0 -0.002156862745098039 51
1 -0.0012098402759838113 42
2 -0.0025714285714285713 35
update: 23; loss: -0.032035671174526215; cumulative_reward: -0.13587302779977767; success_count: 0; episode_count: 12; invalid_count: 0; positive_reward_count: 6; random_exploration_count: 28; best_tax_advantage: 0.0; random_action_prob: 0.2228; saved_snapshots: 0
0 -0.0015384615384615385 52
1 0.0013827550978739375 38
2 -0.0028530979347101935 38
update: 24; loss: -0.024408622334400814; cumulative_reward: -0.13382884277210036; success_count: 1; episode_count: 9; invalid_count: 0; positive_reward_count: 4; random_exploration_count: 32; best_tax_advantage: 6210000.0; random_action_prob: 0.2217; saved_snapshots: 0
0 -0.0016981132075471698 53
1 0.0010551162151911325 41
2 -0.0025614296351451973 34
update: 25; loss: -0.02112305040160815; cumulative_reward: -0.07288564056592142; success_count: 0; episode_count: 10; invalid_count: 0; positive_reward_count: 9; random_exploration_count: 34; best_tax_advantage: 0.0; random_action_prob: 0.2206; saved_snapshots: 0
0 -0.0014814814814814814 54
1 0.0021556142004607003 41
2 -0.002462600690448792 33
update: 26; loss: -0.036088584611813225; cumulative_reward: -0.5029113924050636; success_count: 0; episode_count: 10; invalid_count: 0; positive_reward_count: 3; random_exploration_count: 27; best_tax_advantage: 0.0; random_action_prob: 0.2195; saved_snapshots: 0
0 -0.0035185185185185185 54
1 -0.003217779056386651 44
2 -0.005710970464135021 30
update: 27; loss: -0.01918549897770087; cumulative_reward: -0.23107304565260156; success_count: 0; episode_count: 6; invalid_count: 0; positive_reward_count: 6; random_exploration_count: 32; best_tax_advantage: 0.0; random_action_prob: 0.2184; saved_snapshots: 0
0 -0.001864406779661017 59
1 -0.0018278548526233875 43
2 -0.00163366488422292 26
update: 28; loss: -0.033546103785435356; cumulative_reward: -0.2813238886893409; success_count: 0; episode_count: 9; invalid_count: 0; positive_reward_count: 8; random_exploration_count: 32; best_tax_advantage: 0.0; random_action_prob: 0.2173; saved_snapshots: 0
0 -0.0018867924528301887 53
1 0.0003332002511209095 40
2 -0.005561482820976492 35
update: 29; loss: -0.028508763139446575; cumulative_reward: -0.4629113924050635; success_count: 0; episode_count: 12; invalid_count: 0; positive_reward_count: 4; random_exploration_count: 33; best_tax_advantage: 0.0; random_action_prob: 0.2162; saved_snapshots: 0
0 -0.003137254901960784 51
1 -0.0025538829969209715 37
2 -0.005210443037974684 40
update: 30; loss: -0.03189129630724589; cumulative_reward: -0.13717907234122054; success_count: 2; episode_count: 13; invalid_count: 0; positive_reward_count: 5; random_exploration_count: 22; best_tax_advantage: 46746000.0; random_action_prob: 0.2151; saved_snapshots: 0
0 -0.0024074074074074076 54
1 0.0017338316109233216 42
2 -0.0025 32
update: 31; loss: -0.03710415338476499; cumulative_reward: -0.4055068069306933; success_count: 1; episode_count: 9; invalid_count: 0; positive_reward_count: 3; random_exploration_count: 26; best_tax_advantage: 28760400.0; random_action_prob: 0.2140; saved_snapshots: 0
0 -0.002962962962962963 54
1 -0.0023676748410600555 44
2 -0.004710970464135021 30
update: 32; loss: -0.02364361099898815; cumulative_reward: -0.32702711266468626; success_count: 0; episode_count: 11; invalid_count: 0; positive_reward_count: 9; random_exploration_count: 31; best_tax_advantage: 0.0; random_action_prob: 0.2130; saved_snapshots: 0
0 -0.002653061224489796 49
1 0.0006189700851551004 41
2 -0.005852760162001191 38
update: 33; loss: -0.02964173008998235; cumulative_reward: -0.22867088607594946; success_count: 0; episode_count: 11; invalid_count: 0; positive_reward_count: 2; random_exploration_count: 25; best_tax_advantage: 0.0; random_action_prob: 0.2119; saved_snapshots: 0
0 -0.0017307692307692306 52
1 -0.0014345991561181435 33
2 -0.002123932881954666 43
update: 34; loss: -0.027868521710236866; cumulative_reward: -0.16043638472824048; success_count: 0; episode_count: 12; invalid_count: 0; positive_reward_count: 4; random_exploration_count: 25; best_tax_advantage: 0.0; random_action_prob: 0.2108; saved_snapshots: 0
0 -0.001851851851851852 54
1 0.0007921212614310297 39
2 -0.002609403254972875 35
update: 35; loss: -0.029927031447490055; cumulative_reward: -0.07867088607594937; success_count: 0; episode_count: 12; invalid_count: 0; positive_reward_count: 3; random_exploration_count: 21; best_tax_advantage: 0.0; random_action_prob: 0.2098; saved_snapshots: 0
0 -0.0006 50
1 0.0015884218088136936 35
2 -0.002424782543823922 43
update: 36; loss: -0.016881249224146206; cumulative_reward: 0.03222184311986081; success_count: 0; episode_count: 13; invalid_count: 0; positive_reward_count: 5; random_exploration_count: 28; best_tax_advantage: 0.0; random_action_prob: 0.2087; saved_snapshots: 0
0 -0.0010204081632653062 49
1 0.0038438335978340757 37
2 -0.0014285714285714286 42
update: 37; loss: -0.013516192634900412; cumulative_reward: 0.2631904888818455; success_count: 1; episode_count: 14; invalid_count: 0; positive_reward_count: 9; random_exploration_count: 23; best_tax_advantage: 8078400.0; random_action_prob: 0.2077; saved_snapshots: 0
0 -0.0002 50
1 0.009059146103159863 41
2 -0.0026549865229110515 37
update: 38; loss: -0.032947717855374016; cumulative_reward: -0.10025316455696202; success_count: 0; episode_count: 9; invalid_count: 0; positive_reward_count: 6; random_exploration_count: 24; best_tax_advantage: 0.0; random_action_prob: 0.2066; saved_snapshots: 0
0 -0.0013207547169811322 53
1 0.00045817281232801325 46
2 -0.0017699694456569186 29
update: 39; loss: -0.009932043651739756; cumulative_reward: 0.1385556046135248; success_count: 1; episode_count: 13; invalid_count: 0; positive_reward_count: 7; random_exploration_count: 24; best_tax_advantage: 46746000.0; random_action_prob: 0.2056; saved_snapshots: 0
0 -0.000425531914893617 47
1 0.006590056874336732 34
2 -0.00139375168327498 47
update: 40; loss: -0.03682781755924225; cumulative_reward: -0.22158227848101272; success_count: 0; episode_count: 11; invalid_count: 0; positive_reward_count: 3; random_exploration_count: 19; best_tax_advantage: 0.0; random_action_prob: 0.2046; saved_snapshots: 0
0 -0.0016666666666666666 54
1 -0.0008176530961341088 37
2 -0.0027386247006500174 37
update: 41; loss: -0.009390048061807951; cumulative_reward: -0.08; success_count: 0; episode_count: 12; invalid_count: 0; positive_reward_count: 1; random_exploration_count: 25; best_tax_advantage: 0.0; random_action_prob: 0.2036; saved_snapshots: 0
0 -0.000392156862745098 51
1 -0.00021677215189873418 40
2 -0.0013872733492986658 37
update: 42; loss: -0.0444083238641421; cumulative_reward: -0.28734177215189877; success_count: 0; episode_count: 12; invalid_count: 0; positive_reward_count: 5; random_exploration_count: 30; best_tax_advantage: 0.0; random_action_prob: 0.2025; saved_snapshots: 0
0 -0.002352941176470588 51
1 -0.0016847101932045304 38
2 -0.0026493021746186304 39
update: 43; loss: -0.01744181290268898; cumulative_reward: 0.00714539243681782; success_count: 0; episode_count: 10; invalid_count: 0; positive_reward_count: 2; random_exploration_count: 26; best_tax_advantage: 0.0; random_action_prob: 0.2015; saved_snapshots: 0
0 -0.001 50
1 0.002034708861721752 33
2 -0.00022222222222222223 45
update: 44; loss: -0.01913987100124359; cumulative_reward: -0.18447784810126586; success_count: 0; episode_count: 12; invalid_count: 0; positive_reward_count: 3; random_exploration_count: 20; best_tax_advantage: 0.0; random_action_prob: 0.2005; saved_snapshots: 0
0 -0.0012 50
1 6.316685984853627e-05 38
2 -0.0031719547193877554 40
update: 45; loss: -0.02508006306986014; cumulative_reward: 0.20910003189537102; success_count: 0; episode_count: 13; invalid_count: 0; positive_reward_count: 10; random_exploration_count: 23; best_tax_advantage: 0.0; random_action_prob: 0.1995; saved_snapshots: 0
0 0.0 52
1 0.009281555739101843 37
2 -0.0034440392423435175 39
update: 46; loss: -0.009188623167574406; cumulative_reward: -0.01296071333122769; success_count: 0; episode_count: 10; invalid_count: 0; positive_reward_count: 7; random_exploration_count: 30; best_tax_advantage: 0.0; random_action_prob: 0.1985; saved_snapshots: 0
0 -0.0007547169811320754 53
1 0.0035383568080483516 39
2 -0.0030821285790309278 36
update: 47; loss: -0.017943549280365307; cumulative_reward: -0.030278237293358413; success_count: 1; episode_count: 9; invalid_count: 0; positive_reward_count: 6; random_exploration_count: 25; best_tax_advantage: 6210000.0; random_action_prob: 0.1975; saved_snapshots: 0
0 -0.0013207547169811322 53
1 0.0022664036978782176 44
2 -0.001935483870967742 31
update: 48; loss: -0.013562032642463842; cumulative_reward: -0.01109212043071848; success_count: 0; episode_count: 12; invalid_count: 0; positive_reward_count: 5; random_exploration_count: 29; best_tax_advantage: 0.0; random_action_prob: 0.1965; saved_snapshots: 0
0 -0.0005769230769230769 52
1 0.003956328424029745 35
2 -0.0029161857383355983 41
update: 49; loss: -0.019241902356346447; cumulative_reward: 0.04578907986461912; success_count: 0; episode_count: 13; invalid_count: 0; positive_reward_count: 8; random_exploration_count: 36; best_tax_advantage: 0.0; random_action_prob: 0.1956; saved_snapshots: 0
0 0.0 50
1 0.0058774882644854155 40
2 -0.004981853966178882 38
update: 50; loss: 0.003473924472928047; cumulative_reward: 0.07974683544303798; success_count: 0; episode_count: 12; invalid_count: 0; positive_reward_count: 7; random_exploration_count: 23; best_tax_advantage: 0.0; random_action_prob: 0.1946; saved_snapshots: 0
0 0.0 54
1 0.006164478061346344 36
2 -0.0037414309148797484 38
update: 51; loss: -0.0029076592375834784; cumulative_reward: 0.26943710308343244; success_count: 1; episode_count: 12; invalid_count: 0; positive_reward_count: 10; random_exploration_count: 22; best_tax_advantage: 46746000.0; random_action_prob: 0.1936; saved_snapshots: 0
0 0.0 51
1 0.0073357613904264166 41
2 -0.000870253164556962 36
update: 52; loss: -0.034071214497089386; cumulative_reward: 0.2955962332389368; success_count: 0; episode_count: 11; invalid_count: 0; positive_reward_count: 8; random_exploration_count: 25; best_tax_advantage: 0.0; random_action_prob: 0.1926; saved_snapshots: 0
0 -0.0005555555555555556 54
1 0.01257188779758639 37
2 -0.003771989601939447 37
update: 53; loss: -0.023862664277354877; cumulative_reward: -0.007341772151898735; success_count: 0; episode_count: 12; invalid_count: 0; positive_reward_count: 2; random_exploration_count: 22; best_tax_advantage: 0.0; random_action_prob: 0.1917; saved_snapshots: 0
0 -0.0005769230769230769 52
1 0.0007099614749587232 46
2 -0.0003333333333333333 30
update: 54; loss: 0.017302182192603748; cumulative_reward: 0.3940510402666112; success_count: 1; episode_count: 8; invalid_count: 0; positive_reward_count: 9; random_exploration_count: 23; best_tax_advantage: 6210000.0; random_action_prob: 0.1907; saved_snapshots: 0
0 0.0 60
1 0.01161833058405847 36
2 -0.0007565268987341772 32
update: 55; loss: -0.017958760882417362; cumulative_reward: -0.023939873417721524; success_count: 0; episode_count: 10; invalid_count: 0; positive_reward_count: 5; random_exploration_count: 25; best_tax_advantage: 0.0; random_action_prob: 0.1898; saved_snapshots: 0
0 -0.0007407407407407407 54
1 0.002183184695051784 44
2 -0.0026666666666666666 30
update: 56; loss: -0.03277865673104922; cumulative_reward: 0.0110125144826918; success_count: 0; episode_count: 9; invalid_count: 0; positive_reward_count: 6; random_exploration_count: 20; best_tax_advantage: 0.0; random_action_prob: 0.1888; saved_snapshots: 0
0 -0.0005555555555555556 54
1 0.0017900354001465749 46
2 -0.0014760397830018083 28
update: 57; loss: -0.010995381201306978; cumulative_reward: -0.04759493670886075; success_count: 0; episode_count: 12; invalid_count: 0; positive_reward_count: 6; random_exploration_count: 25; best_tax_advantage: 0.0; random_action_prob: 0.1879; saved_snapshots: 0
0 -0.0014814814814814814 54
1 0.0023688969258589512 42
2 -0.002096518987341772 32
update: 58; loss: -0.01890506719549497; cumulative_reward: 0.039746835443037976; success_count: 0; episode_count: 8; invalid_count: 0; positive_reward_count: 6; random_exploration_count: 21; best_tax_advantage: 0.0; random_action_prob: 0.1869; saved_snapshots: 0
0 -0.00016949152542372882 59
1 0.0022680447077834632 47
2 -0.0025841484464902186 22
update: 59; loss: -0.001063684622446696; cumulative_reward: 0.14089272919581017; success_count: 0; episode_count: 8; invalid_count: 0; positive_reward_count: 6; random_exploration_count: 26; best_tax_advantage: 0.0; random_action_prob: 0.1860; saved_snapshots: 0
0 0.0 60
1 0.005750723640645313 49
2 -0.0074154067997794825 19
update: 60; loss: -0.01800486134986083; cumulative_reward: -0.014705664405790232; success_count: 0; episode_count: 9; invalid_count: 0; positive_reward_count: 6; random_exploration_count: 20; best_tax_advantage: 0.0; random_action_prob: 0.1851; saved_snapshots: 0
0 -0.001090909090909091 55
1 0.001847658863782929 50
2 -0.0020473307649972483 23
update: 61; loss: -0.01007524598389864; cumulative_reward: 0.06956361527175953; success_count: 0; episode_count: 10; invalid_count: 0; positive_reward_count: 3; random_exploration_count: 23; best_tax_advantage: 0.0; random_action_prob: 0.1841; saved_snapshots: 0
0 -0.00017543859649122808 57
1 0.004558926067165857 39
2 -0.0030698281671159033 32
update: 62; loss: -0.016720525920391083; cumulative_reward: 0.117743995018595; success_count: 0; episode_count: 8; invalid_count: 0; positive_reward_count: 7; random_exploration_count: 28; best_tax_advantage: 0.0; random_action_prob: 0.1832; saved_snapshots: 0
0 -0.0005084745762711864 59
1 0.006826677599031014 40
2 -0.004321486515263642 29
update: 63; loss: 0.0029555223882198334; cumulative_reward: 0.2629827354122812; success_count: 2; episode_count: 9; invalid_count: 0; positive_reward_count: 9; random_exploration_count: 21; best_tax_advantage: 46746000.0; random_action_prob: 0.1823; saved_snapshots: 0
0 -0.0005357142857142857 56
1 0.008607796233408297 40
2 -0.0016040348101265824 32
update: 64; loss: 0.012468047440052032; cumulative_reward: 0.02377908445815035; success_count: 0; episode_count: 9; invalid_count: 0; positive_reward_count: 3; random_exploration_count: 24; best_tax_advantage: 0.0; random_action_prob: 0.1814; saved_snapshots: 0
0 0.0 57
1 0.0005661686775750083 42
2 0.0 29
update: 65; loss: 0.019859017183383305; cumulative_reward: 0.2218670185988512; success_count: 1; episode_count: 7; invalid_count: 0; positive_reward_count: 9; random_exploration_count: 33; best_tax_advantage: 38921400.0; random_action_prob: 0.1805; saved_snapshots: 0
0 -0.0007692307692307692 65
1 0.006319091271254359 45
2 -0.0006940049226441631 18
update: 66; loss: 0.06709855298201244; cumulative_reward: 0.16866945314518209; success_count: 1; episode_count: 5; invalid_count: 0; positive_reward_count: 8; random_exploration_count: 26; best_tax_advantage: 46746000.0; random_action_prob: 0.1796; saved_snapshots: 0
0 -0.0006153846153846154 65
1 0.0049722802738579605 48
2 -0.002 15
update: 67; loss: 0.013936064516504606; cumulative_reward: 0.18524653167633073; success_count: 1; episode_count: 8; invalid_count: 0; positive_reward_count: 5; random_exploration_count: 20; best_tax_advantage: 56754000.0; random_action_prob: 0.1787; saved_snapshots: 0
0 -0.0007936507936507937 63
1 0.005703407713403041 43
2 -0.00045454545454545455 22
update: 68; loss: -0.01783457895119985; cumulative_reward: 0.2707529651895062; success_count: 2; episode_count: 6; invalid_count: 0; positive_reward_count: 9; random_exploration_count: 13; best_tax_advantage: 6210000.0; random_action_prob: 0.1778; saved_snapshots: 0
0 -0.0006349206349206349 63
1 0.0076919294230117724 43
2 -0.0009090909090909091 22
update: 69; loss: 0.005639175573984782; cumulative_reward: 0.11518791575174374; success_count: 0; episode_count: 7; invalid_count: 0; positive_reward_count: 8; random_exploration_count: 19; best_tax_advantage: 0.0; random_action_prob: 0.1769; saved_snapshots: 0
0 -0.00016666666666666666 60
1 0.003700378437239875 45
2 -0.0017969179966978537 23
update: 70; loss: -0.02930367427567641; cumulative_reward: 0.09045634446756969; success_count: 0; episode_count: 7; invalid_count: 0; positive_reward_count: 6; random_exploration_count: 22; best_tax_advantage: 0.0; random_action_prob: 0.1760; saved_snapshots: 0
0 -0.0006666666666666666 60
1 0.004361510513081544 43
2 -0.0022835443037974683 25
update: 71; loss: -0.014527499675750732; cumulative_reward: 0.0750269229527254; success_count: 0; episode_count: 8; invalid_count: 0; positive_reward_count: 8; random_exploration_count: 21; best_tax_advantage: 0.0; random_action_prob: 0.1751; saved_snapshots: 0
0 -0.00037037037037037035 54
1 0.0032180643020576867 49
2 -0.0025063291139240506 25
update: 72; loss: -0.014183384055892626; cumulative_reward: -0.04644876364311549; success_count: 0; episode_count: 6; invalid_count: 0; positive_reward_count: 7; random_exploration_count: 19; best_tax_advantage: 0.0; random_action_prob: 0.1743; saved_snapshots: 0
0 -0.00125 56
1 0.001474553415475799 44
2 -0.0014760397830018083 28
update: 73; loss: 0.014172463367382685; cumulative_reward: 0.23781316924683057; success_count: 1; episode_count: 7; invalid_count: 0; positive_reward_count: 7; random_exploration_count: 21; best_tax_advantage: 46746000.0; random_action_prob: 0.1734; saved_snapshots: 0
0 -0.0006349206349206349 63
1 0.005556263384936612 50
2 0.0 15
update: 74; loss: -0.02006903539101283; cumulative_reward: 0.1687457227164616; success_count: 0; episode_count: 5; invalid_count: 0; positive_reward_count: 7; random_exploration_count: 25; best_tax_advantage: 0.0; random_action_prob: 0.1725; saved_snapshots: 0
0 -0.0003448275862068966 58
1 0.006906516838701641 43
2 -0.0040086852351003295 27
update: 75; loss: -0.008004138867060343; cumulative_reward: -0.040436105415267376; success_count: 0; episode_count: 4; invalid_count: 0; positive_reward_count: 2; random_exploration_count: 23; best_tax_advantage: 0.0; random_action_prob: 0.1717; saved_snapshots: 0
0 -0.0004761904761904762 63
1 -9.691231450386047e-06 45
2 -0.0005 20
update: 76; loss: -0.02195547583202521; cumulative_reward: 0.04156911893721018; success_count: 0; episode_count: 10; invalid_count: 0; positive_reward_count: 7; random_exploration_count: 32; best_tax_advantage: 0.0; random_action_prob: 0.1708; saved_snapshots: 0
0 -0.0005454545454545455 55
1 0.004488032109450018 41
2 -0.0035137561734450173 32
update: 77; loss: -0.021790901198983192; cumulative_reward: 0.4118277096671305; success_count: 1; episode_count: 8; invalid_count: 0; positive_reward_count: 10; random_exploration_count: 21; best_tax_advantage: 46746000.0; random_action_prob: 0.1699; saved_snapshots: 0
0 0.0 64
1 0.010071745990708663 44
2 -0.0015664556962025316 20
update: 78; loss: 0.005468415096402168; cumulative_reward: -0.07548581074864857; success_count: 0; episode_count: 6; invalid_count: 0; positive_reward_count: 5; random_exploration_count: 19; best_tax_advantage: 0.0; random_action_prob: 0.1691; saved_snapshots: 0
0 -0.0011940298507462687 67
1 0.0006285689551628557 39
2 -0.0009090909090909091 22
update: 79; loss: -0.008867947074274221; cumulative_reward: 0.045373278464866953; success_count: 0; episode_count: 2; invalid_count: 0; positive_reward_count: 4; random_exploration_count: 24; best_tax_advantage: 0.0; random_action_prob: 0.1683; saved_snapshots: 0
0 -0.0002702702702702703 74
1 0.0015565066301158799 42
2 0.0 12
update: 80; loss: -0.018492288266619045; cumulative_reward: 0.21802358806625707; success_count: 1; episode_count: 8; invalid_count: 0; positive_reward_count: 7; random_exploration_count: 15; best_tax_advantage: 46746000.0; random_action_prob: 0.1674; saved_snapshots: 0
0 -0.0003125 64
1 0.008315352833064104 36
2 -0.0021903254972875227 28
update: 81; loss: -0.01681067670385043; cumulative_reward: -0.11867088607594936; success_count: 0; episode_count: 6; invalid_count: 0; positive_reward_count: 3; random_exploration_count: 22; best_tax_advantage: 0.0; random_action_prob: 0.1666; saved_snapshots: 0
0 -0.001016949152542373 59
1 3.020713463751438e-05 44
2 -0.0024 25
update: 82; loss: 0.0003584312895933787; cumulative_reward: 0.0345285462142449; success_count: 0; episode_count: 3; invalid_count: 0; positive_reward_count: 5; random_exploration_count: 22; best_tax_advantage: 0.0; random_action_prob: 0.1657; saved_snapshots: 0
0 -0.0003076923076923077 65
1 0.0012905709242848977 50
2 -0.0007692307692307692 13
update: 83; loss: -0.02933817667265733; cumulative_reward: 0.13843014466317635; success_count: 2; episode_count: 6; invalid_count: 0; positive_reward_count: 11; random_exploration_count: 23; best_tax_advantage: 46746000.0; random_action_prob: 0.1649; saved_snapshots: 0
0 -0.0014285714285714286 63
1 0.0056815540899456275 51
2 -0.004380650994575045 14
update: 84; loss: -0.03281876320640246; cumulative_reward: 0.12903885483356528; success_count: 1; episode_count: 3; invalid_count: 0; positive_reward_count: 8; random_exploration_count: 20; best_tax_advantage: 46746000.0; random_action_prob: 0.1641; saved_snapshots: 0
0 -0.0006944444444444445 72
1 0.005205428518944665 44
2 -0.004166666666666667 12
update: 85; loss: -0.031946281592051186; cumulative_reward: 0.3186908458152786; success_count: 0; episode_count: 7; invalid_count: 0; positive_reward_count: 7; random_exploration_count: 17; best_tax_advantage: 0.0; random_action_prob: 0.1633; saved_snapshots: 0
0 -0.00016129032258064516 62
1 0.007826520863898461 46
2 -0.0015664556962025316 20
update: 86; loss: -0.027228665848573048; cumulative_reward: 0.28945303359021235; success_count: 0; episode_count: 5; invalid_count: 0; positive_reward_count: 10; random_exploration_count: 26; best_tax_advantage: 0.0; random_action_prob: 0.1625; saved_snapshots: 0
0 -0.00015873015873015873 63
1 0.006727239860656792 46
2 -0.0005263157894736842 19
update: 87; loss: 0.02653053216636181; cumulative_reward: 0.3521020281358603; success_count: 1; episode_count: 6; invalid_count: 0; positive_reward_count: 9; random_exploration_count: 16; best_tax_advantage: 46746000.0; random_action_prob: 0.1616; saved_snapshots: 0
0 0.0 63
1 0.007185755676242046 49
2 0.0 16
update: 88; loss: 0.002576475962996483; cumulative_reward: 0.11227890727471501; success_count: 0; episode_count: 4; invalid_count: 0; positive_reward_count: 6; random_exploration_count: 19; best_tax_advantage: 0.0; random_action_prob: 0.1608; saved_snapshots: 0
0 -0.00015151515151515152 66
1 0.005012224014819617 42
2 -0.0044117250673854445 20
update: 89; loss: -0.021570321172475815; cumulative_reward: 0.1647479335599925; success_count: 1; episode_count: 5; invalid_count: 0; positive_reward_count: 7; random_exploration_count: 19; best_tax_advantage: 46746000.0; random_action_prob: 0.1600; saved_snapshots: 0
0 -0.0004225352112676056 71
1 0.007145913046529303 41
2 -0.006139656334231806 16
update: 90; loss: -0.02650682193537553; cumulative_reward: 0.08644180404726974; success_count: 0; episode_count: 5; invalid_count: 0; positive_reward_count: 6; random_exploration_count: 19; best_tax_advantage: 0.0; random_action_prob: 0.1592; saved_snapshots: 0
0 -0.00046875 64
1 0.0026464046374379485 44
2 0.0 20
update: 91; loss: 0.012067414820194244; cumulative_reward: 0.2403320914155757; success_count: 0; episode_count: 2; invalid_count: 0; positive_reward_count: 5; random_exploration_count: 19; best_tax_advantage: 0.0; random_action_prob: 0.1584; saved_snapshots: 0
0 0.0 75
1 0.006162361318348094 39
2 0.0 14
update: 92; loss: 0.016062060991923015; cumulative_reward: 0.2445132626824464; success_count: 1; episode_count: 4; invalid_count: 0; positive_reward_count: 13; random_exploration_count: 24; best_tax_advantage: 46746000.0; random_action_prob: 0.1576; saved_snapshots: 0
0 0.0 63
1 0.004990066585356049 49
2 0.0 16
update: 93; loss: -0.019153340409199398; cumulative_reward: 0.046006827316706814; success_count: 0; episode_count: 6; invalid_count: 0; positive_reward_count: 9; random_exploration_count: 18; best_tax_advantage: 0.0; random_action_prob: 0.1569; saved_snapshots: 0
0 -0.0008064516129032258 62
1 0.0025756981370978855 46
2 -0.001123764349489796 20
update: 94; loss: -0.00022975044945875803; cumulative_reward: 0.11665771604860799; success_count: 1; episode_count: 6; invalid_count: 0; positive_reward_count: 7; random_exploration_count: 14; best_tax_advantage: 2322000.0; random_action_prob: 0.1561; saved_snapshots: 0
0 -0.000273972602739726 73
1 0.004233992325638054 37
2 -0.0011111111111111111 18
update: 95; loss: -0.004585228860378265; cumulative_reward: -0.00972955954533713; success_count: 0; episode_count: 6; invalid_count: 0; positive_reward_count: 4; random_exploration_count: 24; best_tax_advantage: 0.0; random_action_prob: 0.1553; saved_snapshots: 0
0 -0.00015873015873015873 63
1 0.00022823201010361953 45
2 -0.0005 20
update: 96; loss: 0.02502548135817051; cumulative_reward: 0.09121908421846453; success_count: 1; episode_count: 5; invalid_count: 0; positive_reward_count: 7; random_exploration_count: 27; best_tax_advantage: 6210000.0; random_action_prob: 0.1545; saved_snapshots: 0
0 -0.0007999999999999999 75
1 0.006655660779922784 33
2 -0.003420886075949367 20
update: 97; loss: -0.023635203018784523; cumulative_reward: 0.08266885944803645; success_count: 2; episode_count: 6; invalid_count: 0; positive_reward_count: 4; random_exploration_count: 23; best_tax_advantage: 6210000.0; random_action_prob: 0.1537; saved_snapshots: 0
0 -0.0005882352941176471 68
1 0.0031587823678103913 42
2 -0.0005555555555555556 18
update: 98; loss: -0.02737193430463473; cumulative_reward: 0.1179426343322139; success_count: 1; episode_count: 5; invalid_count: 0; positive_reward_count: 6; random_exploration_count: 12; best_tax_advantage: 23373000.0; random_action_prob: 0.1530; saved_snapshots: 0
0 0.0 71
1 0.002680514416641225 44
2 0.0 13
update: 99; loss: -0.024610865240295727; cumulative_reward: 0.049100031895371; success_count: 0; episode_count: 5; invalid_count: 0; positive_reward_count: 6; random_exploration_count: 16; best_tax_advantage: 0.0; random_action_prob: 0.1522; saved_snapshots: 0
0 -0.0007352941176470588 68
1 0.002977500797384275 40
2 -0.001 20
2026-08-07T14:45:50 completed dub_irish_dutch run=5 elapsed_seconds=468.98 updates_logged=100
2026-08-07T14:45:50 running dub_irish_dutch run=6 seed=1735
env_variant: HardTaxEnv
update: 0; loss: -0.03249917676051458; cumulative_reward: -0.507457932995227; success_count: 1; episode_count: 13; invalid_count: 0; positive_reward_count: 7; random_exploration_count: 32; best_tax_advantage: 2322000.0; random_action_prob: 0.2500; saved_snapshots: 0
0 -0.004313725490196078 51
1 -0.0020216136526250124 37
2 -0.005316455696202532 40
update: 1; loss: -0.024210705732305843; cumulative_reward: -0.35898555051349434; success_count: 0; episode_count: 9; invalid_count: 0; positive_reward_count: 5; random_exploration_count: 26; best_tax_advantage: 0.0; random_action_prob: 0.2487; saved_snapshots: 0
0 -0.002592592592592593 54
1 -0.0026917743452766823 49
2 -0.0034835443037974684 25
update: 2; loss: -0.021717372660835583; cumulative_reward: -0.6127453477920609; success_count: 0; episode_count: 12; invalid_count: 0; positive_reward_count: 5; random_exploration_count: 28; best_tax_advantage: 0.0; random_action_prob: 0.2475; saved_snapshots: 0
0 -0.0044444444444444444 54
1 -0.004068633694801512 40
2 -0.006176470588235294 34
update: 3; loss: -0.02856844353179137; cumulative_reward: -0.43757484035339844; success_count: 0; episode_count: 11; invalid_count: 0; positive_reward_count: 7; random_exploration_count: 30; best_tax_advantage: 0.0; random_action_prob: 0.2463; saved_snapshots: 0
0 -0.002830188679245283 53
1 -0.0027110804437341218 44
2 -0.005428622607390222 31
update: 4; loss: -0.02572426199913025; cumulative_reward: -0.4182894353793279; success_count: 0; episode_count: 8; invalid_count: 0; positive_reward_count: 5; random_exploration_count: 28; best_tax_advantage: 0.0; random_action_prob: 0.2450; saved_snapshots: 0
0 -0.0029090909090909093 55
1 -0.0032580807360943565 46
2 -0.004015471167369901 27
update: 5; loss: -0.027311467255155247; cumulative_reward: -0.4085290394638871; success_count: 1; episode_count: 10; invalid_count: 0; positive_reward_count: 1; random_exploration_count: 39; best_tax_advantage: 3353400.0; random_action_prob: 0.2438; saved_snapshots: 0
0 -0.004 55
1 3.7716936823414074e-05 39
2 -0.005588235294117647 34
update: 6; loss: -0.023455006380875904; cumulative_reward: -0.43392465124190427; success_count: 0; episode_count: 8; invalid_count: 0; positive_reward_count: 2; random_exploration_count: 33; best_tax_advantage: 0.0; random_action_prob: 0.2426; saved_snapshots: 0
0 -0.003090909090909091 55
1 -0.003946785929279591 39
2 -0.003235294117647059 34
update: 7; loss: -0.02737182316680749; cumulative_reward: -0.30622260389583705; success_count: 1; episode_count: 9; invalid_count: 0; positive_reward_count: 4; random_exploration_count: 33; best_tax_advantage: 2322000.0; random_action_prob: 0.2414; saved_snapshots: 0
0 -0.0025 56
1 -0.0024055650973959205 40
2 -0.0021875 32
update: 8; loss: -0.030532519643505413; cumulative_reward: -0.1997646864464554; success_count: 0; episode_count: 12; invalid_count: 0; positive_reward_count: 5; random_exploration_count: 30; best_tax_advantage: 0.0; random_action_prob: 0.2402; saved_snapshots: 0
0 -0.0019230769230769232 52
1 0.0005391106869398827 40
2 -0.003370253164556962 36
update: 9; loss: -0.029052866622805595; cumulative_reward: -0.34327815229048586; success_count: 0; episode_count: 10; invalid_count: 0; positive_reward_count: 2; random_exploration_count: 35; best_tax_advantage: 0.0; random_action_prob: 0.2390; saved_snapshots: 0
0 -0.0024074074074074076 54
1 -0.0023941540193208044 36
2 -0.0033444370419720183 38
update: 10; loss: -0.02945016883313656; cumulative_reward: -0.3945502661298579; success_count: 0; episode_count: 11; invalid_count: 0; positive_reward_count: 6; random_exploration_count: 23; best_tax_advantage: 0.0; random_action_prob: 0.2378; saved_snapshots: 0
0 -0.0029411764705882353 51
1 0.0020211648175194716 34
2 -0.007285345812221391 43
update: 11; loss: -0.026785281176368397; cumulative_reward: -0.36264801166938937; success_count: 0; episode_count: 9; invalid_count: 0; positive_reward_count: 3; random_exploration_count: 20; best_tax_advantage: 0.0; random_action_prob: 0.2366; saved_snapshots: 0
0 -0.0026415094339622643 53
1 -0.0014620895809066435 38
2 -0.004515908313376668 37
update: 12; loss: -0.027202143644293148; cumulative_reward: -0.20725067385444748; success_count: 0; episode_count: 9; invalid_count: 0; positive_reward_count: 3; random_exploration_count: 28; best_tax_advantage: 0.0; random_action_prob: 0.2354; saved_snapshots: 0
0 -0.0012962962962962965 54
1 -0.000945304208694653 38
2 -0.0028146976090014067 36
update: 13; loss: -0.03537074849009514; cumulative_reward: -0.19244687560546364; success_count: 1; episode_count: 12; invalid_count: 0; positive_reward_count: 9; random_exploration_count: 25; best_tax_advantage: 46746000.0; random_action_prob: 0.2342; saved_snapshots: 0
0 -0.0028000000000000004 50
1 0.002966623523515597 41
2 -0.0047048227045838695 37
update: 14; loss: -0.02142339323957761; cumulative_reward: -0.1899348294005102; success_count: 0; episode_count: 13; invalid_count: 0; positive_reward_count: 6; random_exploration_count: 24; best_tax_advantage: 0.0; random_action_prob: 0.2331; saved_snapshots: 0
0 -0.0018 50
1 0.0019574917986799672 40
2 -0.004690381614413392 38
update: 15; loss: -0.020814651002486546; cumulative_reward: -0.3729113924050635; success_count: 0; episode_count: 11; invalid_count: 0; positive_reward_count: 3; random_exploration_count: 34; best_tax_advantage: 0.0; random_action_prob: 0.2319; saved_snapshots: 0
0 -0.0027450980392156863 51
1 -0.002589804994868286 37
2 -0.0034272151898734177 40
update: 16; loss: -0.015233849485715231; cumulative_reward: -0.22787974728752275; success_count: 0; episode_count: 13; invalid_count: 0; positive_reward_count: 4; random_exploration_count: 18; best_tax_advantage: 0.0; random_action_prob: 0.2307; saved_snapshots: 0
0 -0.0018 50
1 0.002769573354095506 27
2 -0.004169769173492182 51
update: 17; loss: -0.03728924815853437; cumulative_reward: -0.26548710830589767; success_count: 0; episode_count: 9; invalid_count: 0; positive_reward_count: 6; random_exploration_count: 30; best_tax_advantage: 0.0; random_action_prob: 0.2296; saved_snapshots: 0
0 -0.001851851851851852 54
1 -0.00013034424530923368 34
2 -0.004026385099134591 40
update: 18; loss: -0.02747755932311217; cumulative_reward: -0.3568558564822864; success_count: 0; episode_count: 10; invalid_count: 0; positive_reward_count: 3; random_exploration_count: 37; best_tax_advantage: 0.0; random_action_prob: 0.2284; saved_snapshots: 0
0 -0.002352941176470588 51
1 -0.0025154924281834013 34
2 -0.003519281719163968 43
update: 19; loss: -0.027683690811196964; cumulative_reward: -0.25552470573664693; success_count: 1; episode_count: 13; invalid_count: 0; positive_reward_count: 7; random_exploration_count: 33; best_tax_advantage: 46746000.0; random_action_prob: 0.2273; saved_snapshots: 0
0 -0.0025490196078431374 51
1 0.0019058489631012313 33
2 -0.004282220943613349 44
update: 20; loss: -0.027275776490569115; cumulative_reward: -0.09319993390732985; success_count: 0; episode_count: 10; invalid_count: 0; positive_reward_count: 7; random_exploration_count: 29; best_tax_advantage: 0.0; random_action_prob: 0.2262; saved_snapshots: 0
0 -0.0013461538461538463 52
1 0.001672250964401474 39
2 -0.0023896681491618202 37
update: 21; loss: -0.025945715606212616; cumulative_reward: -0.2523306616603705; success_count: 0; episode_count: 11; invalid_count: 0; positive_reward_count: 4; random_exploration_count: 34; best_tax_advantage: 0.0; random_action_prob: 0.2250; saved_snapshots: 0
0 -0.002592592592592593 54
1 -0.0006521523562333716 33
2 -0.002214869119626078 41
update: 22; loss: -0.02365808313091596; cumulative_reward: -0.2400000000000001; success_count: 0; episode_count: 11; invalid_count: 0; positive_reward_count: 4; random_exploration_count: 34; best_tax_advantage: 0.0; random_action_prob: 0.2239; saved_snapshots: 0
0 -0.0013725490196078432 51
1 0.00045639138148691525 40
2 -0.005087990682688557 37
update: 23; loss: -0.013590015781422457; cumulative_reward: -0.1577071199942241; success_count: 1; episode_count: 10; invalid_count: 0; positive_reward_count: 5; random_exploration_count: 37; best_tax_advantage: 6210000.0; random_action_prob: 0.2228; saved_snapshots: 0
0 -0.001851851851851852 54
1 0.0045996573619425255 42
2 -0.007840397787369068 32
update: 24; loss: -0.0261406060308218; cumulative_reward: -0.19176549865229117; success_count: 0; episode_count: 12; invalid_count: 0; positive_reward_count: 2; random_exploration_count: 23; best_tax_advantage: 0.0; random_action_prob: 0.2217; saved_snapshots: 0
0 -0.00196078431372549 51
1 0.00023527146707739714 35
2 -0.002380952380952381 42
update: 25; loss: -0.018085656066735584; cumulative_reward: -0.31536013990248013; success_count: 0; episode_count: 9; invalid_count: 0; positive_reward_count: 8; random_exploration_count: 24; best_tax_advantage: 0.0; random_action_prob: 0.2206; saved_snapshots: 0
0 -0.0022641509433962265 53
1 0.0027116283902540294 40
2 -0.008680722157504032 35
update: 26; loss: -0.018744898959994316; cumulative_reward: -0.0010942963446998223; success_count: 2; episode_count: 12; invalid_count: 0; positive_reward_count: 4; random_exploration_count: 27; best_tax_advantage: 38480400.0; random_action_prob: 0.2195; saved_snapshots: 0
0 -0.0014000000000000002 50
1 0.004505870439483772 40
2 -0.002929713524317122 38
update: 27; loss: -0.023171260952949524; cumulative_reward: -0.24620875969034614; success_count: 0; episode_count: 8; invalid_count: 0; positive_reward_count: 5; random_exploration_count: 34; best_tax_advantage: 0.0; random_action_prob: 0.2184; saved_snapshots: 0
0 -0.002037037037037037 54
1 -0.0020047057781838015 41
2 -0.001636843114691216 33
update: 28; loss: -0.02734743741651376; cumulative_reward: -0.23165972794205825; success_count: 0; episode_count: 11; invalid_count: 0; positive_reward_count: 6; random_exploration_count: 27; best_tax_advantage: 0.0; random_action_prob: 0.2173; saved_snapshots: 0
0 -0.00196078431372549 51
1 0.0006146683119372637 32
2 -0.003362869198312236 45
update: 29; loss: -0.021827614555756252; cumulative_reward: -0.14943471534653466; success_count: 0; episode_count: 10; invalid_count: 0; positive_reward_count: 3; random_exploration_count: 24; best_tax_advantage: 0.0; random_action_prob: 0.2162; saved_snapshots: 0
0 -0.0011111111111111111 54
1 0.0005805878125391652 40
2 -0.0033134772896500375 34
update: 30; loss: -0.020789412781596184; cumulative_reward: -0.462671387391904; success_count: 0; episode_count: 12; invalid_count: 0; positive_reward_count: 5; random_exploration_count: 29; best_tax_advantage: 0.0; random_action_prob: 0.2151; saved_snapshots: 0
0 -0.003137254901960784 51
1 -0.003419195565194378 33
2 -0.004314498494102029 44
update: 31; loss: -0.03225737748046716; cumulative_reward: -0.28890202002842025; success_count: 1; episode_count: 12; invalid_count: 0; positive_reward_count: 7; random_exploration_count: 27; best_tax_advantage: 2322000.0; random_action_prob: 0.2140; saved_snapshots: 0
0 -0.002352941176470588 51
1 0.00048476314917716 43
2 -0.005580789277736411 34
update: 32; loss: -0.026281928022702534; cumulative_reward: -0.039839570342164725; success_count: 2; episode_count: 10; invalid_count: 0; positive_reward_count: 10; random_exploration_count: 26; best_tax_advantage: 46746000.0; random_action_prob: 0.2130; saved_snapshots: 0
0 -0.0018867924528301887 53
1 0.0031918380756458613 43
2 -0.0024090189873417723 32
update: 33; loss: -0.026457595949371655; cumulative_reward: 0.28100602534721686; success_count: 1; episode_count: 15; invalid_count: 0; positive_reward_count: 9; random_exploration_count: 26; best_tax_advantage: 56754000.0; random_action_prob: 0.2119; saved_snapshots: 0
0 0.0 51
1 0.010679923631795362 33
2 -0.001623442147773411 44
update: 34; loss: -0.017061817459762096; cumulative_reward: -0.1956140152506065; success_count: 0; episode_count: 11; invalid_count: 0; positive_reward_count: 7; random_exploration_count: 24; best_tax_advantage: 0.0; random_action_prob: 0.2108; saved_snapshots: 0
0 -0.0027450980392156863 51
1 0.0033101243578888854 41
2 -0.005314697609001407 36
update: 35; loss: -0.026943471282720566; cumulative_reward: -0.17212799900643033; success_count: 0; episode_count: 7; invalid_count: 0; positive_reward_count: 7; random_exploration_count: 38; best_tax_advantage: 0.0; random_action_prob: 0.2098; saved_snapshots: 0
0 -0.0016981132075471698 53
1 0.0011302315004648063 45
2 -0.004432947217578218 30
update: 36; loss: -0.025554899747172993; cumulative_reward: -0.014180198907393148; success_count: 0; episode_count: 12; invalid_count: 0; positive_reward_count: 6; random_exploration_count: 32; best_tax_advantage: 0.0; random_action_prob: 0.2087; saved_snapshots: 0
0 -0.000588235294117647 51
1 0.0019144891502635047 44
2 -0.0020732642884541616 33
update: 37; loss: -0.032666719208161034; cumulative_reward: -0.10529191421425423; success_count: 1; episode_count: 8; invalid_count: 0; positive_reward_count: 5; random_exploration_count: 25; best_tax_advantage: 2322000.0; random_action_prob: 0.2077; saved_snapshots: 0
0 -0.00125 56
1 0.0006026362386767253 41
2 -0.001935483870967742 31
update: 38; loss: -0.03245552132527033; cumulative_reward: -0.35705875318877556; success_count: 0; episode_count: 11; invalid_count: 0; positive_reward_count: 5; random_exploration_count: 31; best_tax_advantage: 0.0; random_action_prob: 0.2066; saved_snapshots: 0
0 -0.002777777777777778 54
1 6.109277850596499e-05 44
2 -0.006991561181434599 30
update: 39; loss: -0.02453961844245593; cumulative_reward: -0.3176360025634011; success_count: 0; episode_count: 11; invalid_count: 0; positive_reward_count: 6; random_exploration_count: 22; best_tax_advantage: 0.0; random_action_prob: 0.2056; saved_snapshots: 0
0 -0.0026923076923076926 52
1 -0.0017485348726933056 40
2 -0.002991516879324132 36
update: 40; loss: 0.00040194640556971234; cumulative_reward: -0.15447784810126583; success_count: 0; episode_count: 11; invalid_count: 0; positive_reward_count: 5; random_exploration_count: 31; best_tax_advantage: 0.0; random_action_prob: 0.2046; saved_snapshots: 0
0 -0.0013207547169811322 53
1 0.0013428547634910058 38
2 -0.0036623332192952445 37
update: 41; loss: -0.030561966200669605; cumulative_reward: 0.12168674186614731; success_count: 0; episode_count: 11; invalid_count: 0; positive_reward_count: 8; random_exploration_count: 19; best_tax_advantage: 0.0; random_action_prob: 0.2036; saved_snapshots: 0
0 -0.00036363636363636367 55
1 0.005953734265702377 40
2 -0.0029231099624832673 33
update: 42; loss: -0.02053430366019408; cumulative_reward: -0.1431487341772152; success_count: 0; episode_count: 9; invalid_count: 0; positive_reward_count: 5; random_exploration_count: 32; best_tax_advantage: 0.0; random_action_prob: 0.2025; saved_snapshots: 0
0 -0.0015094339622641509 53
1 0.0008231144514767932 48
2 -0.003802156586966714 27
update: 43; loss: -0.0338914729654789; cumulative_reward: 0.2296481178227799; success_count: 2; episode_count: 12; invalid_count: 0; positive_reward_count: 9; random_exploration_count: 27; best_tax_advantage: 46746000.0; random_action_prob: 0.2015; saved_snapshots: 0
0 -0.0009433962264150943 53
1 0.008890845248160027 43
2 -0.003208069620253165 32
update: 44; loss: -0.02442921573917071; cumulative_reward: -0.004462025316455696; success_count: 0; episode_count: 11; invalid_count: 0; positive_reward_count: 4; random_exploration_count: 28; best_tax_advantage: 0.0; random_action_prob: 0.2005; saved_snapshots: 0
0 -0.0003773584905660377 53
1 0.0009687859608745685 44
2 -0.0008738260514495713 31
update: 45; loss: -0.02757224068045616; cumulative_reward: 0.0946800715696178; success_count: 2; episode_count: 14; invalid_count: 0; positive_reward_count: 9; random_exploration_count: 26; best_tax_advantage: 46746000.0; random_action_prob: 0.1995; saved_snapshots: 0
0 -0.001 50
1 0.007856092171034433 40
2 -0.004462200401888408 38
update: 46; loss: -0.004591236511866252; cumulative_reward: -0.10867088607594938; success_count: 0; episode_count: 8; invalid_count: 0; positive_reward_count: 5; random_exploration_count: 27; best_tax_advantage: 0.0; random_action_prob: 0.1985; saved_snapshots: 0
0 -0.0010344827586206897 58
1 -6.329113924050632e-06 40
2 -0.0016139240506329114 30
update: 47; loss: -0.015836111269891262; cumulative_reward: -0.11628420713316971; success_count: 0; episode_count: 12; invalid_count: 0; positive_reward_count: 4; random_exploration_count: 13; best_tax_advantage: 0.0; random_action_prob: 0.1975; saved_snapshots: 0
0 -0.000784313725490196 51
1 -0.00011011318242486872 45
2 -0.0022290348101265825 32
update: 48; loss: -0.03377877486248811; cumulative_reward: -0.31191585083325213; success_count: 0; episode_count: 10; invalid_count: 0; positive_reward_count: 7; random_exploration_count: 28; best_tax_advantage: 0.0; random_action_prob: 0.1965; saved_snapshots: 0
0 -0.0024528301886792454 53
1 -0.0010265089460494 51
2 -0.0053984956076971935 24
update: 49; loss: -0.004805567053457101; cumulative_reward: 0.028659669860824077; success_count: 2; episode_count: 10; invalid_count: 0; positive_reward_count: 7; random_exploration_count: 22; best_tax_advantage: 46746000.0; random_action_prob: 0.1956; saved_snapshots: 0
0 -0.002037037037037037 54
1 0.003930409788767168 48
2 -0.0019230769230769232 26
update: 50; loss: -0.02965716024239858; cumulative_reward: -0.06962025316455697; success_count: 0; episode_count: 9; invalid_count: 0; positive_reward_count: 7; random_exploration_count: 19; best_tax_advantage: 0.0; random_action_prob: 0.1946; saved_snapshots: 0
0 -0.0007547169811320754 53
1 0.0001298155689013126 53
2 -0.001659112650742115 22
update: 51; loss: -0.021786257003744442; cumulative_reward: -0.04852689671596487; success_count: 0; episode_count: 13; invalid_count: 0; positive_reward_count: 6; random_exploration_count: 26; best_tax_advantage: 0.0; random_action_prob: 0.1936; saved_snapshots: 0
0 -0.000392156862745098 51
1 0.0006107218684263941 42
2 -0.0015479204339963835 35
update: 52; loss: 0.0021238550543785095; cumulative_reward: 0.024251112035003873; success_count: 1; episode_count: 14; invalid_count: 0; positive_reward_count: 6; random_exploration_count: 24; best_tax_advantage: 46746000.0; random_action_prob: 0.1926; saved_snapshots: 0
0 -0.000980392156862745 51
1 0.0031302216096009577 49
2 -0.0028260623869801084 28
update: 53; loss: -0.03253442421555519; cumulative_reward: -0.17000000000000004; success_count: 0; episode_count: 14; invalid_count: 0; positive_reward_count: 1; random_exploration_count: 29; best_tax_advantage: 0.0; random_action_prob: 0.1917; saved_snapshots: 0
0 -0.0013725490196078432 51
1 -0.001159767362299008 37
2 -0.0014272151898734177 40
update: 54; loss: -0.0056455737600723905; cumulative_reward: 0.14332922063702852; success_count: 1; episode_count: 10; invalid_count: 0; positive_reward_count: 7; random_exploration_count: 15; best_tax_advantage: 46746000.0; random_action_prob: 0.1907; saved_snapshots: 0
0 -0.0003773584905660377 53
1 0.004651325785479072 44
2 -0.0013331972233564721 31
update: 55; loss: -0.01529761403799057; cumulative_reward: 0.1373861580106427; success_count: 2; episode_count: 13; invalid_count: 0; positive_reward_count: 4; random_exploration_count: 21; best_tax_advantage: 46746000.0; random_action_prob: 0.1898; saved_snapshots: 0
0 -0.001176470588235294 51
1 0.004412471447034952 47
2 -0.0003333333333333333 30
update: 56; loss: -0.029346801340579987; cumulative_reward: -0.07195592526963318; success_count: 0; episode_count: 12; invalid_count: 0; positive_reward_count: 5; random_exploration_count: 18; best_tax_advantage: 0.0; random_action_prob: 0.1888; saved_snapshots: 0
0 -0.000588235294117647 51
1 0.002459929670730129 46
2 -0.0050036351652651325 31
update: 57; loss: -0.019454439481099445; cumulative_reward: 0.005506329113924046; success_count: 0; episode_count: 11; invalid_count: 0; positive_reward_count: 6; random_exploration_count: 22; best_tax_advantage: 0.0; random_action_prob: 0.1879; saved_snapshots: 0
0 -0.00037037037037037035 54
1 0.0013104988830975428 51
2 -0.0017969179966978537 23
update: 58; loss: -0.01159131620079279; cumulative_reward: 0.020845260841379814; success_count: 0; episode_count: 10; invalid_count: 0; positive_reward_count: 4; random_exploration_count: 30; best_tax_advantage: 0.0; random_action_prob: 0.1869; saved_snapshots: 0
0 -0.0008771929824561404 57
1 0.0026160766581531107 45
2 -0.0018030072605965464 26
update: 59; loss: -0.017948970198631287; cumulative_reward: 0.046652222866696236; success_count: 0; episode_count: 8; invalid_count: 0; positive_reward_count: 5; random_exploration_count: 22; best_tax_advantage: 0.0; random_action_prob: 0.1860; saved_snapshots: 0
0 -0.0007017543859649123 57
1 0.0023696006346173534 48
2 -0.001177765547605944 23
update: 60; loss: -0.02347644294301669; cumulative_reward: 0.29711752172358075; success_count: 2; episode_count: 9; invalid_count: 0; positive_reward_count: 7; random_exploration_count: 30; best_tax_advantage: 46746000.0; random_action_prob: 0.1851; saved_snapshots: 0
0 -0.0005555555555555556 54
1 0.007391176173957864 46
2 -0.00045987793851717904 28
update: 61; loss: -0.045258705814679466; cumulative_reward: -0.20759965932575566; success_count: 0; episode_count: 10; invalid_count: 0; positive_reward_count: 6; random_exploration_count: 28; best_tax_advantage: 0.0; random_action_prob: 0.1841; saved_snapshots: 0
0 -0.0016071428571428571 56
1 -0.0005166335908858562 47
2 -0.0037327152221648154 25
update: 62; loss: 0.031023637081185978; cumulative_reward: -0.0539182117161111; success_count: 0; episode_count: 10; invalid_count: 0; positive_reward_count: 5; random_exploration_count: 19; best_tax_advantage: 0.0; random_action_prob: 0.1832; saved_snapshots: 0
0 -0.0007407407407407407 54
1 0.0008132804827812943 46
2 -0.0018331826401446656 28
update: 63; loss: -0.017209050556023914; cumulative_reward: 0.10708698672815566; success_count: 0; episode_count: 8; invalid_count: 0; positive_reward_count: 10; random_exploration_count: 22; best_tax_advantage: 0.0; random_action_prob: 0.1823; saved_snapshots: 0
0 -0.00018518518518518518 54
1 0.002128854304148285 55
2 0.0 19
update: 64; loss: -0.031543534249067307; cumulative_reward: 0.02264228901608111; success_count: 0; episode_count: 12; invalid_count: 0; positive_reward_count: 5; random_exploration_count: 27; best_tax_advantage: 0.0; random_action_prob: 0.1814; saved_snapshots: 0
0 -0.0002 50
1 0.001196415659456389 44
2 -0.0005882352941176471 34
update: 65; loss: -0.029171990230679512; cumulative_reward: 0.04896113101662482; success_count: 0; episode_count: 11; invalid_count: 0; positive_reward_count: 9; random_exploration_count: 20; best_tax_advantage: 0.0; random_action_prob: 0.1805; saved_snapshots: 0
0 -0.0011111111111111111 54
1 0.007574434232407552 39
2 -0.0053269086870648494 35
update: 66; loss: -0.049357774357000984; cumulative_reward: -0.1295536354020949; success_count: 1; episode_count: 13; invalid_count: 0; positive_reward_count: 7; random_exploration_count: 27; best_tax_advantage: 2322000.0; random_action_prob: 0.1796; saved_snapshots: 0
0 -0.001176470588235294 51
1 0.0030867931945830025 43
2 -0.005949580669681295 34
update: 67; loss: -0.02605231540898482; cumulative_reward: -0.16065664556962028; success_count: 0; episode_count: 8; invalid_count: 0; positive_reward_count: 6; random_exploration_count: 24; best_tax_advantage: 0.0; random_action_prob: 0.1787; saved_snapshots: 0
0 -0.0014285714285714286 56
1 0.00019619989561311471 49
2 -0.003924801758898386 23
update: 68; loss: -0.028021888807415962; cumulative_reward: -0.08867088607594935; success_count: 0; episode_count: 7; invalid_count: 0; positive_reward_count: 1; random_exploration_count: 27; best_tax_advantage: 0.0; random_action_prob: 0.1778; saved_snapshots: 0
0 -0.0005357142857142857 56
1 2.827901966065176e-05 47
2 -0.0024 25
update: 69; loss: -0.01759238913655281; cumulative_reward: 0.03064457094171424; success_count: 1; episode_count: 14; invalid_count: 0; positive_reward_count: 7; random_exploration_count: 23; best_tax_advantage: 46746000.0; random_action_prob: 0.1769; saved_snapshots: 0
0 -0.0016 50
1 0.0037641898993287224 51
2 -0.003012189404594468 27
update: 70; loss: -0.021784345308939617; cumulative_reward: -0.01320179393183714; success_count: 1; episode_count: 12; invalid_count: 0; positive_reward_count: 5; random_exploration_count: 23; best_tax_advantage: 6210000.0; random_action_prob: 0.1760; saved_snapshots: 0
0 -0.0014000000000000002 50
1 0.0028817774106400652 44
2 -0.002058823529411765 34
update: 71; loss: -0.023672255376974743; cumulative_reward: 0.19601864424567297; success_count: 1; episode_count: 9; invalid_count: 0; positive_reward_count: 9; random_exploration_count: 22; best_tax_advantage: 46746000.0; random_action_prob: 0.1751; saved_snapshots: 0
0 0.0 54
1 0.00432041234215205 51
2 -0.0010574950088731144 23
update: 72; loss: -0.00968168086061875; cumulative_reward: 0.16474769517574947; success_count: 1; episode_count: 9; invalid_count: 0; positive_reward_count: 6; random_exploration_count: 23; best_tax_advantage: 56754000.0; random_action_prob: 0.1743; saved_snapshots: 0
0 -0.0007017543859649123 57
1 0.004569099897356373 47
2 -0.0004166666666666667 24
update: 73; loss: -0.02424025597671668; cumulative_reward: 0.038255494540935804; success_count: 0; episode_count: 9; invalid_count: 0; positive_reward_count: 9; random_exploration_count: 25; best_tax_advantage: 0.0; random_action_prob: 0.1734; saved_snapshots: 0
0 -0.0005769230769230769 52
1 0.0036395325327128656 49
2 -0.004077096280073875 27
update: 74; loss: -0.02896837207178275; cumulative_reward: -0.11808832908163264; success_count: 0; episode_count: 9; invalid_count: 0; positive_reward_count: 5; random_exploration_count: 15; best_tax_advantage: 0.0; random_action_prob: 0.1725; saved_snapshots: 0
0 -0.0010526315789473684 57
1 -0.00012756913845083493 44
2 -0.0019435291477702193 27
update: 75; loss: -0.026817585652073223; cumulative_reward: 0.09279157742106278; success_count: 1; episode_count: 12; invalid_count: 0; positive_reward_count: 5; random_exploration_count: 27; best_tax_advantage: 46746000.0; random_action_prob: 0.1717; saved_snapshots: 0
0 -0.0005769230769230769 52
1 0.0033603238111282246 50
2 -0.001739408197513403 26
update: 76; loss: -0.022465179363886516; cumulative_reward: 0.18809618820995377; success_count: 1; episode_count: 11; invalid_count: 0; positive_reward_count: 7; random_exploration_count: 26; best_tax_advantage: 46746000.0; random_action_prob: 0.1708; saved_snapshots: 0
0 -0.0005555555555555556 54
1 0.0049131661803872495 51
2 -0.0014119689995563442 23
update: 77; loss: -0.02890148013830185; cumulative_reward: 0.11321470485120097; success_count: 2; episode_count: 14; invalid_count: 0; positive_reward_count: 6; random_exploration_count: 25; best_tax_advantage: 46746000.0; random_action_prob: 0.1699; saved_snapshots: 0
0 -0.000196078431372549 51
1 0.0027541289394461725 52
2 -0.0008 25
update: 78; loss: -0.029811707014838856; cumulative_reward: -0.057524713010204086; success_count: 0; episode_count: 10; invalid_count: 0; positive_reward_count: 3; random_exploration_count: 26; best_tax_advantage: 0.0; random_action_prob: 0.1691; saved_snapshots: 0
0 -0.00018867924528301886 53
1 0.0019174771304490718 48
2 -0.005169022787842946 27
update: 79; loss: -0.017491143196821213; cumulative_reward: 0.016441804047269762; success_count: 0; episode_count: 10; invalid_count: 0; positive_reward_count: 5; random_exploration_count: 30; best_tax_advantage: 0.0; random_action_prob: 0.1683; saved_snapshots: 0
0 -0.0007407407407407407 54
1 0.0016987067566059941 45
2 -0.0006896551724137932 29
update: 80; loss: -0.043125562369823456; cumulative_reward: 0.04309984825494631; success_count: 0; episode_count: 9; invalid_count: 0; positive_reward_count: 6; random_exploration_count: 27; best_tax_advantage: 0.0; random_action_prob: 0.1674; saved_snapshots: 0
0 -0.0012727272727272728 55
1 0.003261996965098926 50
2 -0.002173913043478261 23
update: 81; loss: -0.0262451209127903; cumulative_reward: 0.07787971618146307; success_count: 0; episode_count: 12; invalid_count: 0; positive_reward_count: 6; random_exploration_count: 25; best_tax_advantage: 0.0; random_action_prob: 0.1666; saved_snapshots: 0
0 -0.0014000000000000002 50
1 0.005846995473067043 41
2 -0.0024823540057915057 37
update: 82; loss: -0.015569120645523071; cumulative_reward: 0.052675707813726144; success_count: 0; episode_count: 11; invalid_count: 0; positive_reward_count: 5; random_exploration_count: 18; best_tax_advantage: 0.0; random_action_prob: 0.1657; saved_snapshots: 0
0 -0.0003846153846153846 52
1 0.0015031946875222937 55
2 -0.0004761904761904762 21
update: 83; loss: -0.03190511899689833; cumulative_reward: 0.23897176764633488; success_count: 0; episode_count: 10; invalid_count: 0; positive_reward_count: 7; random_exploration_count: 19; best_tax_advantage: 0.0; random_action_prob: 0.1649; saved_snapshots: 0
0 -0.00035714285714285714 56
1 0.0058857219919621565 44
2 0.0 28
update: 84; loss: 0.04435191800196966; cumulative_reward: 0.027078097571041175; success_count: 0; episode_count: 13; invalid_count: 0; positive_reward_count: 7; random_exploration_count: 25; best_tax_advantage: 0.0; random_action_prob: 0.1641; saved_snapshots: 0
0 -0.000392156862745098 51
1 0.002394726508382849 50
2 -0.0026910454758556023 27
update: 85; loss: -0.022659415379166603; cumulative_reward: 0.14644180404726975; success_count: 0; episode_count: 6; invalid_count: 0; positive_reward_count: 4; random_exploration_count: 22; best_tax_advantage: 0.0; random_action_prob: 0.1633; saved_snapshots: 0
0 0.0 57
1 0.002615032215129817 56
2 0.0 15
update: 86; loss: 0.009740441416700682; cumulative_reward: 0.15639468059771378; success_count: 1; episode_count: 6; invalid_count: 0; positive_reward_count: 7; random_exploration_count: 17; best_tax_advantage: 46746000.0; random_action_prob: 0.1625; saved_snapshots: 0
0 0.0 59
1 0.00274376632627568 57
2 0.0 12
update: 87; loss: 0.014046650379896164; cumulative_reward: -0.053019386947817104; success_count: 0; episode_count: 7; invalid_count: 0; positive_reward_count: 6; random_exploration_count: 17; best_tax_advantage: 0.0; random_action_prob: 0.1616; saved_snapshots: 0
0 -0.0006896551724137932 58
1 0.0005355618189450694 55
2 -0.002831685799319728 15
update: 88; loss: -0.01251188199967146; cumulative_reward: 0.07915950194936465; success_count: 2; episode_count: 9; invalid_count: 0; positive_reward_count: 4; random_exploration_count: 20; best_tax_advantage: 46746000.0; random_action_prob: 0.1608; saved_snapshots: 0
0 -0.0005 60
1 0.0022302944023774706 55
2 -0.0010389761677997106 13
update: 89; loss: -0.014173853521545729; cumulative_reward: 0.08867165017344088; success_count: 0; episode_count: 10; invalid_count: 0; positive_reward_count: 4; random_exploration_count: 23; best_tax_advantage: 0.0; random_action_prob: 0.1600; saved_snapshots: 0
0 -0.0005555555555555556 54
1 0.002163338163629228 56
2 -0.00013751594387755104 18
update: 90; loss: -0.012740332012375196; cumulative_reward: 0.1470070887007351; success_count: 0; episode_count: 9; invalid_count: 0; positive_reward_count: 7; random_exploration_count: 24; best_tax_advantage: 0.0; random_action_prob: 0.1592; saved_snapshots: 0
0 0.0 54
1 0.003675927317781693 53
2 -0.0022770028162711737 21
update: 91; loss: -0.022483235225081444; cumulative_reward: 0.24256342184704963; success_count: 0; episode_count: 9; invalid_count: 0; positive_reward_count: 13; random_exploration_count: 14; best_tax_advantage: 0.0; random_action_prob: 0.1584; saved_snapshots: 0
0 -0.00035714285714285714 56
1 0.005068224939141922 56
2 -0.0013285734215561225 16
update: 92; loss: -0.026142805193861324; cumulative_reward: 0.2171532055266726; success_count: 2; episode_count: 7; invalid_count: 0; positive_reward_count: 15; random_exploration_count: 16; best_tax_advantage: 46746000.0; random_action_prob: 0.1576; saved_snapshots: 0
0 -0.0008333333333333334 60
1 0.005564921782738865 56
2 -0.0037068678588919744 12
update: 93; loss: 0.006151644513010979; cumulative_reward: 0.03863525070995379; success_count: 0; episode_count: 6; invalid_count: 0; positive_reward_count: 6; random_exploration_count: 21; best_tax_advantage: 0.0; random_action_prob: 0.1569; saved_snapshots: 0
0 -0.0005263157894736842 57
1 0.0014229918894692931 57
2 -0.0008910919278425657 14
update: 94; loss: -0.03136960541208585; cumulative_reward: -0.022077949815360237; success_count: 1; episode_count: 7; invalid_count: 0; positive_reward_count: 7; random_exploration_count: 23; best_tax_advantage: 2322000.0; random_action_prob: 0.1561; saved_snapshots: 0
0 -0.0006349206349206349 63
1 0.0015539443942880471 51
2 -0.004380650994575045 14
update: 95; loss: -0.006303876638412476; cumulative_reward: 0.19467854323071776; success_count: 2; episode_count: 9; invalid_count: 0; positive_reward_count: 9; random_exploration_count: 21; best_tax_advantage: 46746000.0; random_action_prob: 0.1553; saved_snapshots: 0
0 -0.0008771929824561404 57
1 0.0056976676772921885 53
2 -0.0031832135369871217 18
update: 96; loss: 0.0265338271856308; cumulative_reward: 0.3620962061644278; success_count: 2; episode_count: 8; invalid_count: 0; positive_reward_count: 12; random_exploration_count: 17; best_tax_advantage: 46746000.0; random_action_prob: 0.1545; saved_snapshots: 0
0 0.0 57
1 0.006566514170301371 56
2 -0.0003752391581632653 15
update: 97; loss: -0.013100754780073961; cumulative_reward: 0.1874598677495678; success_count: 0; episode_count: 5; invalid_count: 0; positive_reward_count: 9; random_exploration_count: 14; best_tax_advantage: 0.0; random_action_prob: 0.1537; saved_snapshots: 0
0 -0.00033898305084745765 59
1 0.003815085399115226 57
2 -0.0008333333333333334 12
update: 98; loss: 0.017550163591901462; cumulative_reward: 0.2175572825057962; success_count: 2; episode_count: 8; invalid_count: 0; positive_reward_count: 9; random_exploration_count: 24; best_tax_advantage: 46746000.0; random_action_prob: 0.1530; saved_snapshots: 0
0 -0.0010714285714285715 56
1 0.0058029675944489875 53
2 -0.0015789473684210526 19
update: 99; loss: -0.0053335679695010185; cumulative_reward: 0.4829207866123522; success_count: 1; episode_count: 7; invalid_count: 0; positive_reward_count: 11; random_exploration_count: 23; best_tax_advantage: 2322000.0; random_action_prob: 0.1522; saved_snapshots: 0
0 0.0 60
1 0.009773390951197771 51
2 -0.0009130677587490693 17
2026-08-07T14:53:37 completed dub_irish_dutch run=6 elapsed_seconds=467.73 updates_logged=100
2026-08-07T14:53:37 running dub_irish_dutch run=7 seed=1736
env_variant: HardTaxEnv
update: 0; loss: -0.025829439982771873; cumulative_reward: -0.16552930695075774; success_count: 0; episode_count: 7; invalid_count: 0; positive_reward_count: 10; random_exploration_count: 35; best_tax_advantage: 0.0; random_action_prob: 0.2500; saved_snapshots: 0
0 -0.0025 56
1 0.0011457622365373095 45
2 -0.002855133614627286 27
update: 1; loss: -0.025396107385555904; cumulative_reward: -0.19285108498334255; success_count: 0; episode_count: 9; invalid_count: 0; positive_reward_count: 5; random_exploration_count: 35; best_tax_advantage: 0.0; random_action_prob: 0.2487; saved_snapshots: 0
0 -0.002037037037037037 54
1 0.00036506468234856937 39
2 -0.0027739602169981918 35
update: 2; loss: -0.02635694295167923; cumulative_reward: -0.45379414173120897; success_count: 1; episode_count: 12; invalid_count: 0; positive_reward_count: 5; random_exploration_count: 34; best_tax_advantage: 2322000.0; random_action_prob: 0.2475; saved_snapshots: 0
0 -0.003207547169811321 53
1 -0.0006678881959512482 37
2 -0.006817954696868755 38
update: 3; loss: -0.0219020073612531; cumulative_reward: -0.2257848101265823; success_count: 0; episode_count: 9; invalid_count: 0; positive_reward_count: 3; random_exploration_count: 26; best_tax_advantage: 0.0; random_action_prob: 0.2463; saved_snapshots: 0
0 -0.0016363636363636363 55
1 -0.0007490368739680792 46
2 -0.003752930145335209 27
update: 4; loss: -0.02386019192636013; cumulative_reward: -0.19964716449623005; success_count: 0; episode_count: 13; invalid_count: 0; positive_reward_count: 6; random_exploration_count: 24; best_tax_advantage: 0.0; random_action_prob: 0.2450; saved_snapshots: 0
0 -0.001764705882352941 51
1 0.0002505873435073529 35
2 -0.0028194695599758892 42
update: 5; loss: -0.022210052236914635; cumulative_reward: -0.32097047738693474; success_count: 1; episode_count: 12; invalid_count: 0; positive_reward_count: 6; random_exploration_count: 33; best_tax_advantage: 3701700.0; random_action_prob: 0.2438; saved_snapshots: 0
0 -0.0047169811320754715 53
1 0.002351818048954841 42
2 -0.005143843498273878 33
update: 6; loss: -0.02708884080251058; cumulative_reward: -0.44450685426080133; success_count: 0; episode_count: 12; invalid_count: 0; positive_reward_count: 5; random_exploration_count: 31; best_tax_advantage: 0.0; random_action_prob: 0.2426; saved_snapshots: 0
0 -0.003137254901960784 51
1 -0.000909960754648566 35
2 -0.006015672091621458 42
update: 7; loss: -0.02289680453638236; cumulative_reward: -0.10397006587445105; success_count: 0; episode_count: 12; invalid_count: 0; positive_reward_count: 6; random_exploration_count: 28; best_tax_advantage: 0.0; random_action_prob: 0.2414; saved_snapshots: 0
0 -0.001 50
1 8.428491136447734e-05 37
2 -0.0013924050632911392 41
update: 8; loss: -0.02641923042635123; cumulative_reward: -0.2695420182520546; success_count: 1; episode_count: 12; invalid_count: 0; positive_reward_count: 4; random_exploration_count: 32; best_tax_advantage: 6210000.0; random_action_prob: 0.2402; saved_snapshots: 0
0 -0.0023076923076923075 52
1 0.001544677391799905 40
2 -0.0058702531645569616 36
update: 9; loss: -0.027224790304899216; cumulative_reward: -0.30155902215051433; success_count: 0; episode_count: 14; invalid_count: 0; positive_reward_count: 6; random_exploration_count: 28; best_tax_advantage: 0.0; random_action_prob: 0.2390; saved_snapshots: 0
0 -0.0032653061224489797 49
1 0.00022833121598994 34
2 -0.00331827296653716 45
update: 10; loss: -0.02478996105492115; cumulative_reward: -0.29168946046079613; success_count: 1; episode_count: 8; invalid_count: 0; positive_reward_count: 11; random_exploration_count: 29; best_tax_advantage: 37800000.0; random_action_prob: 0.2378; saved_snapshots: 0
0 -0.0033333333333333335 57
1 0.0015285892049624638 43
2 -0.005979242724077928 28
update: 11; loss: -0.030413981527090073; cumulative_reward: -0.21437990470808588; success_count: 0; episode_count: 8; invalid_count: 0; positive_reward_count: 5; random_exploration_count: 31; best_tax_advantage: 0.0; random_action_prob: 0.2366; saved_snapshots: 0
0 -0.0022641509433962265 53
1 -0.0009647805371322996 46
2 -0.001724137931034483 29
update: 12; loss: -0.03528120617071787; cumulative_reward: -0.4289635835188797; success_count: 0; episode_count: 12; invalid_count: 0; positive_reward_count: 3; random_exploration_count: 25; best_tax_advantage: 0.0; random_action_prob: 0.2354; saved_snapshots: 0
0 -0.0028000000000000004 50
1 -0.003215231986996743 37
2 -0.004146341463414634 41
update: 13; loss: -0.023778782536586125; cumulative_reward: -0.3957911392405066; success_count: 0; episode_count: 12; invalid_count: 0; positive_reward_count: 4; random_exploration_count: 29; best_tax_advantage: 0.0; random_action_prob: 0.2342; saved_snapshots: 0
0 -0.0022641509433962265 53
1 0.0022872491485249466 34
2 -0.008623356348545231 41
update: 14; loss: -0.028085798646012943; cumulative_reward: -0.5069820133316676; success_count: 0; episode_count: 10; invalid_count: 0; positive_reward_count: 4; random_exploration_count: 33; best_tax_advantage: 0.0; random_action_prob: 0.2331; saved_snapshots: 0
0 -0.0034545454545454545 55
1 -0.004224122721054436 49
2 -0.004583333333333333 24
update: 15; loss: -0.039611502240101494; cumulative_reward: -0.5759215599303972; success_count: 0; episode_count: 11; invalid_count: 0; positive_reward_count: 5; random_exploration_count: 36; best_tax_advantage: 0.0; random_action_prob: 0.2319; saved_snapshots: 0
0 -0.004081632653061225 49
1 -0.003751843385232447 45
2 -0.00609084139985108 34
update: 16; loss: -0.026095276698470116; cumulative_reward: -0.017913355116571952; success_count: 0; episode_count: 11; invalid_count: 0; positive_reward_count: 5; random_exploration_count: 43; best_tax_advantage: 0.0; random_action_prob: 0.2307; saved_snapshots: 0
0 -0.00018518518518518518 54
1 0.00137755048364956 47
2 -0.0026910454758556023 27
update: 17; loss: -0.031326211988925934; cumulative_reward: -0.5500000000000003; success_count: 0; episode_count: 14; invalid_count: 0; positive_reward_count: 1; random_exploration_count: 36; best_tax_advantage: 0.0; random_action_prob: 0.2296; saved_snapshots: 0
0 -0.0033333333333333335 51
1 -0.00409704641350211 30
2 -0.005469970374360356 47
update: 18; loss: -0.030902959406375885; cumulative_reward: -0.1805104967224232; success_count: 0; episode_count: 10; invalid_count: 0; positive_reward_count: 7; random_exploration_count: 33; best_tax_advantage: 0.0; random_action_prob: 0.2284; saved_snapshots: 0
0 -0.0016 50
1 0.0006309913418701889 42
2 -0.0035281148078047525 36
update: 19; loss: -0.02480576808253924; cumulative_reward: -0.1949799010753035; success_count: 1; episode_count: 13; invalid_count: 0; positive_reward_count: 5; random_exploration_count: 30; best_tax_advantage: 46746000.0; random_action_prob: 0.2273; saved_snapshots: 0
0 -0.0026 50
1 0.0012635562705857657 40
2 -0.0030400566289140573 38
update: 20; loss: -0.027016515533129375; cumulative_reward: 0.030062671771246604; success_count: 1; episode_count: 13; invalid_count: 0; positive_reward_count: 7; random_exploration_count: 24; best_tax_advantage: 46746000.0; random_action_prob: 0.2262; saved_snapshots: 0
0 -0.0018 50
1 0.005035793161202025 38
2 -0.0017824367088607595 40
update: 21; loss: -0.019076804940899212; cumulative_reward: -0.29673860416397585; success_count: 0; episode_count: 11; invalid_count: 0; positive_reward_count: 7; random_exploration_count: 27; best_tax_advantage: 0.0; random_action_prob: 0.2250; saved_snapshots: 0
0 -0.0025 52
1 0.0016478694451518767 45
2 -0.0077707331998648444 31
update: 22; loss: -0.03073279807964961; cumulative_reward: -0.43777124145648855; success_count: 0; episode_count: 12; invalid_count: 0; positive_reward_count: 6; random_exploration_count: 30; best_tax_advantage: 0.0; random_action_prob: 0.2239; saved_snapshots: 0
0 -0.0035714285714285718 56
1 -2.4134289173208057e-05 35
2 -0.006403420036092594 37
update: 23; loss: -0.029528794189294178; cumulative_reward: 0.07177515522718524; success_count: 2; episode_count: 12; invalid_count: 0; positive_reward_count: 7; random_exploration_count: 27; best_tax_advantage: 46746000.0; random_action_prob: 0.2228; saved_snapshots: 0
0 -0.0017307692307692306 52
1 0.007629550158399551 33
2 -0.002093023255813953 43
update: 24; loss: -0.03194465798636278; cumulative_reward: -0.16559506991087575; success_count: 0; episode_count: 14; invalid_count: 0; positive_reward_count: 5; random_exploration_count: 22; best_tax_advantage: 0.0; random_action_prob: 0.2217; saved_snapshots: 0
0 -0.0016 50
1 -0.0003626760444389707 43
2 -0.002 35
update: 25; loss: -0.023211476082603138; cumulative_reward: 0.023758318048404684; success_count: 0; episode_count: 10; invalid_count: 0; positive_reward_count: 4; random_exploration_count: 23; best_tax_advantage: 0.0; random_action_prob: 0.2206; saved_snapshots: 0
0 -0.00018867924528301886 53
1 0.0014827515825210393 43
2 -0.0009375 32
update: 26; loss: -0.036603134125471115; cumulative_reward: -0.07804081510798729; success_count: 0; episode_count: 10; invalid_count: 0; positive_reward_count: 7; random_exploration_count: 26; best_tax_advantage: 0.0; random_action_prob: 0.2195; saved_snapshots: 0
0 -0.0019230769230769232 52
1 0.0021694953213037983 43
2 -0.0021614883007288073 33
update: 27; loss: -0.02312205048898856; cumulative_reward: -0.11316711125201742; success_count: 1; episode_count: 11; invalid_count: 0; positive_reward_count: 6; random_exploration_count: 26; best_tax_advantage: 46746000.0; random_action_prob: 0.2184; saved_snapshots: 0
0 -0.0019642857142857144 56
1 0.0012450750883268363 41
2 -0.0017488770926908943 31
update: 28; loss: -0.03696331878503164; cumulative_reward: -0.25865397768291637; success_count: 1; episode_count: 13; invalid_count: 0; positive_reward_count: 6; random_exploration_count: 27; best_tax_advantage: 2322000.0; random_action_prob: 0.2173; saved_snapshots: 0
0 -0.0022 50
1 -0.00037564710197120606 35
2 -0.0031513099793935824 43
update: 29; loss: -0.014930566772818565; cumulative_reward: -0.3200000000000001; success_count: 0; episode_count: 12; invalid_count: 0; positive_reward_count: 0; random_exploration_count: 26; best_tax_advantage: -inf; random_action_prob: 0.2162; saved_snapshots: 0
0 -0.00196078431372549 51
1 -0.0030555555555555557 36
2 -0.002682926829268293 41
update: 30; loss: -0.018611811101436615; cumulative_reward: -0.16172852195571327; success_count: 0; episode_count: 13; invalid_count: 0; positive_reward_count: 4; random_exploration_count: 29; best_tax_advantage: 0.0; random_action_prob: 0.2151; saved_snapshots: 0
0 -0.001 50
1 0.0005711870739503301 37
2 -0.0032405474071189144 41
update: 31; loss: -0.037854025761286415; cumulative_reward: -0.21595413559909835; success_count: 0; episode_count: 13; invalid_count: 0; positive_reward_count: 2; random_exploration_count: 28; best_tax_advantage: 0.0; random_action_prob: 0.2140; saved_snapshots: 0
0 -0.001568627450980392 51
1 -0.0013323176018304316 41
2 -0.002259142053445851 36
update: 32; loss: -0.021741435552636783; cumulative_reward: -0.1729113924050633; success_count: 0; episode_count: 13; invalid_count: 0; positive_reward_count: 4; random_exploration_count: 21; best_tax_advantage: 0.0; random_action_prob: 0.2130; saved_snapshots: 0
0 -0.0012 50
1 0.0003662029487427883 36
2 -0.0030022547276143735 42
update: 33; loss: -0.03329020862778028; cumulative_reward: -0.003504410567667031; success_count: 1; episode_count: 10; invalid_count: 0; positive_reward_count: 7; random_exploration_count: 29; best_tax_advantage: 74034000.0; random_action_prob: 0.2119; saved_snapshots: 0
0 -0.0011111111111111111 54
1 0.002526443829933407 41
2 -0.00142692750287687 33
update: 34; loss: -0.021641143287221592; cumulative_reward: 0.09270047912361146; success_count: 1; episode_count: 11; invalid_count: 0; positive_reward_count: 8; random_exploration_count: 26; best_tax_advantage: 46746000.0; random_action_prob: 0.2108; saved_snapshots: 0
0 -0.0006 50
1 0.0073971860931990084 42
2 -0.005221703799742969 36
update: 35; loss: -0.02686436225970586; cumulative_reward: -0.08191163576006706; success_count: 0; episode_count: 9; invalid_count: 0; positive_reward_count: 11; random_exploration_count: 31; best_tax_advantage: 0.0; random_action_prob: 0.2098; saved_snapshots: 0
0 -0.0016666666666666666 54
1 0.0043774635659014445 36
2 -0.003934219056118922 38
update: 36; loss: -0.02644167405863603; cumulative_reward: -0.04141906303624793; success_count: 0; episode_count: 11; invalid_count: 0; positive_reward_count: 5; random_exploration_count: 22; best_tax_advantage: 0.0; random_action_prob: 0.2087; saved_snapshots: 0
0 -0.000980392156862745 51
1 0.0010191298445339652 35
2 -0.0006449668474984931 42
update: 37; loss: -0.026501850535472233; cumulative_reward: 0.086511253970928; success_count: 1; episode_count: 11; invalid_count: 0; positive_reward_count: 7; random_exploration_count: 29; best_tax_advantage: 46746000.0; random_action_prob: 0.2077; saved_snapshots: 0
0 -0.0011320754716981133 53
1 0.006732571747200933 43
2 -0.004468416598709753 32
update: 38; loss: 0.0006641199191411337; cumulative_reward: -0.032740278003457246; success_count: 2; episode_count: 10; invalid_count: 0; positive_reward_count: 11; random_exploration_count: 31; best_tax_advantage: 44604000.0; random_action_prob: 0.2066; saved_snapshots: 0
0 -0.001851851851851852 54
1 0.0033335344031576743 45
2 -0.002853425039501812 29
update: 39; loss: -0.020597880085309345; cumulative_reward: -0.11521066605043917; success_count: 1; episode_count: 13; invalid_count: 0; positive_reward_count: 7; random_exploration_count: 28; best_tax_advantage: 23373000.0; random_action_prob: 0.2056; saved_snapshots: 0
0 -0.0016326530612244899 49
1 0.0030141097208578635 38
2 -0.0036523618400740973 41
update: 40; loss: -0.005821781853834788; cumulative_reward: 0.22479178750554432; success_count: 1; episode_count: 9; invalid_count: 0; positive_reward_count: 4; random_exploration_count: 31; best_tax_advantage: 46746000.0; random_action_prob: 0.2046; saved_snapshots: 0
0 -0.0005084745762711864 59
1 0.009212243359548261 32
2 -0.001081081081081081 37
update: 41; loss: -0.0358214279015859; cumulative_reward: -0.13997028020738295; success_count: 0; episode_count: 9; invalid_count: 0; positive_reward_count: 4; random_exploration_count: 29; best_tax_advantage: 0.0; random_action_prob: 0.2036; saved_snapshots: 0
0 -0.0013461538461538463 52
1 -0.00042489957888048864 47
2 -0.001724137931034483 29
update: 42; loss: -0.01674556794265906; cumulative_reward: -0.14529583739084206; success_count: 0; episode_count: 8; invalid_count: 0; positive_reward_count: 9; random_exploration_count: 27; best_tax_advantage: 0.0; random_action_prob: 0.2025; saved_snapshots: 0
0 -0.002037037037037037 54
1 0.002729198422901263 40
2 -0.0042489345384380175 34
update: 43; loss: -0.01014026285459598; cumulative_reward: 0.2330915720185318; success_count: 2; episode_count: 12; invalid_count: 0; positive_reward_count: 8; random_exploration_count: 25; best_tax_advantage: 46746000.0; random_action_prob: 0.2015; saved_snapshots: 0
0 0.0 50
1 0.006144019484681782 43
2 -0.0008886075949367089 35
update: 44; loss: -0.008695723488926888; cumulative_reward: -0.06561516222390855; success_count: 0; episode_count: 11; invalid_count: 0; positive_reward_count: 2; random_exploration_count: 24; best_tax_advantage: 0.0; random_action_prob: 0.2005; saved_snapshots: 0
0 -0.0005660377358490566 53
1 9.965540400207838e-05 44
2 -0.0012903225806451613 31
update: 45; loss: -0.012627776091297468; cumulative_reward: -0.058526896715964866; success_count: 0; episode_count: 8; invalid_count: 0; positive_reward_count: 4; random_exploration_count: 30; best_tax_advantage: 0.0; random_action_prob: 0.1995; saved_snapshots: 0
0 -0.0005357142857142857 56
1 -0.00021863837733243247 39
2 -0.0006060606060606061 33
update: 46; loss: -0.012787901175518831; cumulative_reward: 0.2528717725768196; success_count: 2; episode_count: 9; invalid_count: 0; positive_reward_count: 7; random_exploration_count: 26; best_tax_advantage: 46746000.0; random_action_prob: 0.1985; saved_snapshots: 0
0 -0.00018518518518518518 54
1 0.005457435451536391 50
2 -0.0004166666666666667 24
update: 47; loss: -0.007210006006062031; cumulative_reward: 0.22784036789497863; success_count: 1; episode_count: 8; invalid_count: 0; positive_reward_count: 9; random_exploration_count: 27; best_tax_advantage: 46746000.0; random_action_prob: 0.1975; saved_snapshots: 0
0 -0.0007936507936507937 63
1 0.011574307132957259 39
2 -0.006675292703475174 26
update: 48; loss: -0.015669039450585842; cumulative_reward: 0.11961641475314749; success_count: 0; episode_count: 7; invalid_count: 0; positive_reward_count: 8; random_exploration_count: 25; best_tax_advantage: 0.0; random_action_prob: 0.1965; saved_snapshots: 0
0 0.0 56
1 0.003673897096455014 50
2 -0.0029126563668001454 22
update: 49; loss: -0.03422590593496958; cumulative_reward: -0.17158227848101268; success_count: 0; episode_count: 9; invalid_count: 0; positive_reward_count: 3; random_exploration_count: 31; best_tax_advantage: 0.0; random_action_prob: 0.1956; saved_snapshots: 0
0 -0.0012962962962962965 54
1 0.000762739370334307 39
2 -0.0037522603978300184 35
update: 50; loss: -0.010222387500107288; cumulative_reward: 0.2099117145384097; success_count: 1; episode_count: 6; invalid_count: 0; positive_reward_count: 6; random_exploration_count: 28; best_tax_advantage: 46746000.0; random_action_prob: 0.1946; saved_snapshots: 0
0 0.0 57
1 0.005244365836140442 46
2 -0.0012531645569620253 25
update: 51; loss: -0.0273661936322848; cumulative_reward: 0.08910003189537102; success_count: 0; episode_count: 11; invalid_count: 0; positive_reward_count: 6; random_exploration_count: 27; best_tax_advantage: 0.0; random_action_prob: 0.1936; saved_snapshots: 0
0 -0.0005660377358490566 53
1 0.00318200063790742 50
2 -0.0016 25
update: 52; loss: 0.02398652272919814; cumulative_reward: 0.07135996532711184; success_count: 1; episode_count: 7; invalid_count: 0; positive_reward_count: 7; random_exploration_count: 24; best_tax_advantage: 46746000.0; random_action_prob: 0.1926; saved_snapshots: 0
0 -0.0007272727272727273 55
1 0.004099767643641755 47
2 -0.003128042843232717 26
update: 53; loss: 0.015005649998784065; cumulative_reward: -0.08404950271590894; success_count: 0; episode_count: 6; invalid_count: 0; positive_reward_count: 7; random_exploration_count: 17; best_tax_advantage: 0.0; random_action_prob: 0.1917; saved_snapshots: 0
0 -0.001 60
1 0.0008783490791638317 49
2 -0.003530979347101932 19
update: 54; loss: -0.02089543454349041; cumulative_reward: -0.024622169961734677; success_count: 1; episode_count: 7; invalid_count: 0; positive_reward_count: 6; random_exploration_count: 26; best_tax_advantage: 46746000.0; random_action_prob: 0.1907; saved_snapshots: 0
0 -0.0013333333333333333 60
1 0.002290822392136202 46
2 -0.002272727272727273 22
update: 55; loss: -0.020265913878877957; cumulative_reward: 0.43779813482919344; success_count: 3; episode_count: 8; invalid_count: 0; positive_reward_count: 11; random_exploration_count: 21; best_tax_advantage: 46746000.0; random_action_prob: 0.1898; saved_snapshots: 0
0 -0.0006779661016949153 59
1 0.009755962696583869 50
2 -0.0005263157894736842 19
update: 56; loss: -0.01748687153061231; cumulative_reward: 0.010548580389434238; success_count: 1; episode_count: 7; invalid_count: 0; positive_reward_count: 5; random_exploration_count: 18; best_tax_advantage: 46746000.0; random_action_prob: 0.1888; saved_snapshots: 0
0 -0.0008064516129032258 62
1 0.0017899684530985388 45
2 -0.0009523809523809524 21
update: 57; loss: -0.01753496378660202; cumulative_reward: -0.16334777713330387; success_count: 0; episode_count: 8; invalid_count: 0; positive_reward_count: 4; random_exploration_count: 20; best_tax_advantage: 0.0; random_action_prob: 0.1879; saved_snapshots: 0
0 -0.0018181818181818182 55
1 0.0008755899780499733 45
2 -0.0036696187909125914 28
update: 58; loss: -0.008387392697234949; cumulative_reward: -0.045921559930396816; success_count: 0; episode_count: 8; invalid_count: 0; positive_reward_count: 2; random_exploration_count: 28; best_tax_advantage: 0.0; random_action_prob: 0.1869; saved_snapshots: 0
0 -0.0005084745762711864 59
1 0.0008519610017400798 40
2 -0.001724137931034483 29
update: 59; loss: -0.022189912696679432; cumulative_reward: 0.024018830930315156; success_count: 0; episode_count: 4; invalid_count: 0; positive_reward_count: 6; random_exploration_count: 23; best_tax_advantage: 0.0; random_action_prob: 0.1860; saved_snapshots: 0
0 -0.0005 60
1 0.001396581715666324 53
2 -0.0013333333333333333 15
update: 60; loss: -0.03145710130532583; cumulative_reward: -0.09504942602040815; success_count: 0; episode_count: 8; invalid_count: 0; positive_reward_count: 2; random_exploration_count: 13; best_tax_advantage: 0.0; random_action_prob: 0.1851; saved_snapshots: 0
0 -0.0005263157894736842 57
1 -0.0003135297087585034 48
2 -0.002173913043478261 23
update: 61; loss: 0.02249677913884322; cumulative_reward: 0.11399636519956079; success_count: 1; episode_count: 9; invalid_count: 0; positive_reward_count: 6; random_exploration_count: 21; best_tax_advantage: 46746000.0; random_action_prob: 0.1841; saved_snapshots: 0
0 -0.0005084745762711864 59
1 0.005007938515210035 41
2 -0.0021903254972875227 28
update: 62; loss: -0.019894711052378018; cumulative_reward: 0.23717455974858984; success_count: 1; episode_count: 7; invalid_count: 0; positive_reward_count: 9; random_exploration_count: 20; best_tax_advantage: 56754000.0; random_action_prob: 0.1832; saved_snapshots: 0
0 -0.0007017543859649123 57
1 0.007202205822822138 47
2 -0.002555379746835443 24
update: 63; loss: 0.01108661045630773; cumulative_reward: 0.05354909200626451; success_count: 0; episode_count: 8; invalid_count: 0; positive_reward_count: 8; random_exploration_count: 23; best_tax_advantage: 0.0; random_action_prob: 0.1823; saved_snapshots: 0
0 -0.00018181818181818183 55
1 0.0033829530245033748 39
2 -0.002011355174981385 34
update: 64; loss: 0.0047089724491039915; cumulative_reward: -0.0804363847282405; success_count: 0; episode_count: 12; invalid_count: 0; positive_reward_count: 5; random_exploration_count: 26; best_tax_advantage: 0.0; random_action_prob: 0.1814; saved_snapshots: 0
0 -0.0009615384615384616 52
1 0.0017129550649971 48
2 -0.004023508137432188 28
update: 65; loss: -0.046188827604055405; cumulative_reward: -0.04913446945233785; success_count: 0; episode_count: 7; invalid_count: 0; positive_reward_count: 4; random_exploration_count: 25; best_tax_advantage: 0.0; random_action_prob: 0.1805; saved_snapshots: 0
0 -0.0005357142857142857 56
1 0.0007710477461823037 53
2 -0.003157894736842105 19
update: 66; loss: -0.016118882844845455; cumulative_reward: 0.03178387266694652; success_count: 0; episode_count: 8; invalid_count: 0; positive_reward_count: 7; random_exploration_count: 25; best_tax_advantage: 0.0; random_action_prob: 0.1796; saved_snapshots: 0
0 -0.00016666666666666666 60
1 0.002434938308830804 47
2 -0.0034599156118143458 21
update: 67; loss: -0.018230820074677467; cumulative_reward: 0.012154169223068988; success_count: 1; episode_count: 10; invalid_count: 0; positive_reward_count: 6; random_exploration_count: 21; best_tax_advantage: 46746000.0; random_action_prob: 0.1787; saved_snapshots: 0
0 -0.0010714285714285715 56
1 0.003303854230576724 40
2 -0.001875 32
update: 68; loss: -0.01854946215947469; cumulative_reward: 0.03270758344051438; success_count: 1; episode_count: 7; invalid_count: 0; positive_reward_count: 8; random_exploration_count: 17; best_tax_advantage: 23373000.0; random_action_prob: 0.1778; saved_snapshots: 0
0 -0.0010714285714285715 56
1 0.0020960731314390688 49
2 -0.0004347826086956522 23
update: 69; loss: -0.03855335588256518; cumulative_reward: 0.11668828832135913; success_count: 0; episode_count: 3; invalid_count: 0; positive_reward_count: 10; random_exploration_count: 22; best_tax_advantage: 0.0; random_action_prob: 0.1769; saved_snapshots: 0
0 -0.000625 64
1 0.003933765766427183 50
2 -0.002857142857142857 14
update: 70; loss: -0.01591502781957388; cumulative_reward: -0.1073670886075949; success_count: 0; episode_count: 7; invalid_count: 0; positive_reward_count: 6; random_exploration_count: 17; best_tax_advantage: 0.0; random_action_prob: 0.1760; saved_snapshots: 0
0 -0.0011666666666666668 60
1 -0.00014734177215189873 50
2 -0.0016666666666666666 18
update: 71; loss: -0.01522592424104611; cumulative_reward: -0.035774243964113994; success_count: 0; episode_count: 5; invalid_count: 0; positive_reward_count: 11; random_exploration_count: 27; best_tax_advantage: 0.0; random_action_prob: 0.1751; saved_snapshots: 0
0 -0.002 60
1 0.002734020860513638 50
2 -0.002915293721655329 18
update: 72; loss: -0.02647550714512666; cumulative_reward: 0.27274273039912167; success_count: 2; episode_count: 10; invalid_count: 0; positive_reward_count: 8; random_exploration_count: 14; best_tax_advantage: 46746000.0; random_action_prob: 0.1743; saved_snapshots: 0
0 -0.00018518518518518518 54
1 0.008248010042624643 45
2 -0.003048886948930598 29
update: 73; loss: 0.04237280289332072; cumulative_reward: 0.1054346204366984; success_count: 0; episode_count: 5; invalid_count: 0; positive_reward_count: 10; random_exploration_count: 20; best_tax_advantage: 0.0; random_action_prob: 0.1734; saved_snapshots: 0
0 -0.0007017543859649123 57
1 0.003935274687214981 50
2 -0.0024442435201928875 21
update: 74; loss: 0.02917107753455639; cumulative_reward: 0.16955174494639624; success_count: 1; episode_count: 11; invalid_count: 0; positive_reward_count: 9; random_exploration_count: 24; best_tax_advantage: 46746000.0; random_action_prob: 0.1725; saved_snapshots: 0
0 -0.0005357142857142857 56
1 0.005236540410227107 46
2 -0.0015895813047711782 26
update: 75; loss: -0.015487244663139185; cumulative_reward: 0.012700479123611478; success_count: 1; episode_count: 9; invalid_count: 0; positive_reward_count: 10; random_exploration_count: 24; best_tax_advantage: 46746000.0; random_action_prob: 0.1717; saved_snapshots: 0
0 -0.0012280701754385965 57
1 0.005738604672717546 50
2 -0.009725226405345993 21
update: 76; loss: -0.013475504393378893; cumulative_reward: 0.2918916093164337; success_count: 1; episode_count: 10; invalid_count: 0; positive_reward_count: 8; random_exploration_count: 21; best_tax_advantage: 46746000.0; random_action_prob: 0.1708; saved_snapshots: 0
0 -0.0005263157894736842 57
1 0.007718409518986832 43
2 -0.00035714285714285714 28
update: 77; loss: -0.011805067770183086; cumulative_reward: 0.13388600047584115; success_count: 0; episode_count: 7; invalid_count: 0; positive_reward_count: 6; random_exploration_count: 25; best_tax_advantage: 0.0; random_action_prob: 0.1699; saved_snapshots: 0
0 0.0 59
1 0.004165883165534843 40
2 -0.0011292871084673296 29
update: 78; loss: -0.028213890890280407; cumulative_reward: 0.033987341772151895; success_count: 0; episode_count: 9; invalid_count: 0; positive_reward_count: 6; random_exploration_count: 17; best_tax_advantage: 0.0; random_action_prob: 0.1691; saved_snapshots: 0
0 -0.00017543859649122808 57
1 0.006088033916084193 43
2 -0.007778504164981015 28
update: 79; loss: -0.034853748977184296; cumulative_reward: 0.12072740173535244; success_count: 1; episode_count: 5; invalid_count: 0; positive_reward_count: 10; random_exploration_count: 18; best_tax_advantage: 46746000.0; random_action_prob: 0.1683; saved_snapshots: 0
0 -0.001639344262295082 61
1 0.004629373110295239 52
2 -0.0013333333333333333 15
update: 80; loss: 0.01818276382982731; cumulative_reward: -0.005343118867042064; success_count: 0; episode_count: 3; invalid_count: 0; positive_reward_count: 2; random_exploration_count: 15; best_tax_advantage: 0.0; random_action_prob: 0.1674; saved_snapshots: 0
0 -0.00015151515151515152 66
1 9.131139476388103e-05 51
2 0.0 11
update: 81; loss: -0.025180165966351826; cumulative_reward: 0.3178403678949786; success_count: 1; episode_count: 3; invalid_count: 0; positive_reward_count: 5; random_exploration_count: 12; best_tax_advantage: 46746000.0; random_action_prob: 0.1666; saved_snapshots: 0
0 0.0 62
1 0.006486538120305686 49
2 0.0 17
update: 82; loss: -0.022288429861267407; cumulative_reward: 0.03695770129649961; success_count: 0; episode_count: 4; invalid_count: 0; positive_reward_count: 6; random_exploration_count: 16; best_tax_advantage: 0.0; random_action_prob: 0.1657; saved_snapshots: 0
0 0.0 63
1 0.002664023937604712 55
2 -0.010956361527175953 10
update: 83; loss: -0.014409573127826055; cumulative_reward: 0.30998645619580534; success_count: 0; episode_count: 5; invalid_count: 0; positive_reward_count: 7; random_exploration_count: 21; best_tax_advantage: 0.0; random_action_prob: 0.1649; saved_snapshots: 0
0 0.0 62
1 0.006326254208077659 49
2 0.0 17
update: 84; loss: 0.015662110100189846; cumulative_reward: 0.1812660837819312; success_count: 1; episode_count: 3; invalid_count: 0; positive_reward_count: 8; random_exploration_count: 20; best_tax_advantage: 46746000.0; random_action_prob: 0.1641; saved_snapshots: 0
0 -0.00044776119402985075 67
1 0.00477572041502296 53
2 -0.005230887276785714 8
update: 85; loss: -0.014403945455948511; cumulative_reward: 0.0993957270408163; success_count: 1; episode_count: 2; invalid_count: 0; positive_reward_count: 5; random_exploration_count: 21; best_tax_advantage: 46746000.0; random_action_prob: 0.1633; saved_snapshots: 0
0 -0.00030303030303030303 66
1 0.002396217167422524 54
2 -0.00125 8
update: 86; loss: -0.026564784348011017; cumulative_reward: -0.12004902742346941; success_count: 0; episode_count: 2; invalid_count: 0; positive_reward_count: 4; random_exploration_count: 16; best_tax_advantage: 0.0; random_action_prob: 0.1625; saved_snapshots: 0
0 -0.0009523809523809524 63
1 -0.0007416486559901739 54
2 -0.0018181818181818182 11
update: 87; loss: 0.17732037603855133; cumulative_reward: 0.26882507644701037; success_count: 2; episode_count: 4; invalid_count: 0; positive_reward_count: 7; random_exploration_count: 19; best_tax_advantage: 74034000.0; random_action_prob: 0.1616; saved_snapshots: 0
0 0.0 69
1 0.005600522425979383 48
2 0.0 11
update: 88; loss: -0.016997090230385464; cumulative_reward: 0.30789268176782; success_count: 1; episode_count: 4; invalid_count: 0; positive_reward_count: 8; random_exploration_count: 16; best_tax_advantage: 46746000.0; random_action_prob: 0.1608; saved_snapshots: 0
0 0.0 69
1 0.0061578536353564 50
2 0.0 9
update: 89; loss: -0.028323402007420857; cumulative_reward: -0.01863424795353269; success_count: 0; episode_count: 5; invalid_count: 0; positive_reward_count: 7; random_exploration_count: 16; best_tax_advantage: 0.0; random_action_prob: 0.1600; saved_snapshots: 0
0 -0.0004761904761904762 63
1 0.001607074752987627 48
2 -0.0038690491821728695 17
update: 90; loss: -0.02478670763472716; cumulative_reward: 0.08602624403370732; success_count: 0; episode_count: 6; invalid_count: 0; positive_reward_count: 9; random_exploration_count: 26; best_tax_advantage: 0.0; random_action_prob: 0.1592; saved_snapshots: 0
0 -0.0006451612903225806 62
1 0.005536557205594905 46
2 -0.006432769371182913 20
update: 91; loss: -0.022600910315910976; cumulative_reward: 0.057659030087509715; success_count: 1; episode_count: 3; invalid_count: 0; positive_reward_count: 6; random_exploration_count: 16; best_tax_advantage: 46746000.0; random_action_prob: 0.1584; saved_snapshots: 0
0 -0.0007575757575757576 66
1 0.001957436910681994 55
2 0.0 7
update: 92; loss: -0.01419523855050405; cumulative_reward: -0.057846570746495594; success_count: 0; episode_count: 5; invalid_count: 0; positive_reward_count: 9; random_exploration_count: 19; best_tax_advantage: 0.0; random_action_prob: 0.1576; saved_snapshots: 0
0 -0.0006060606060606061 66
1 0.0009163788968153134 46
2 -0.00375 16
update: 93; loss: -0.023766769096255302; cumulative_reward: 0.040155641120592264; success_count: 1; episode_count: 3; invalid_count: 0; positive_reward_count: 9; random_exploration_count: 20; best_tax_advantage: 2322000.0; random_action_prob: 0.1569; saved_snapshots: 0
0 -0.0014492753623188406 69
1 0.0037532425233456727 48
2 -0.0036363636363636364 11
update: 94; loss: -0.022378924613197643; cumulative_reward: 0.14910003189537102; success_count: 0; episode_count: 6; invalid_count: 0; positive_reward_count: 5; random_exploration_count: 14; best_tax_advantage: 0.0; random_action_prob: 0.1561; saved_snapshots: 0
0 -0.00015151515151515152 66
1 0.004297727997622069 44
2 -0.0016666666666666666 18
update: 95; loss: 0.04076296091079712; cumulative_reward: 0.08378523596938776; success_count: 0; episode_count: 2; invalid_count: 0; positive_reward_count: 7; random_exploration_count: 11; best_tax_advantage: 0.0; random_action_prob: 0.1553; saved_snapshots: 0
0 0.0 64
1 0.002302286997868768 50
2 -0.0022377938517179024 14
update: 96; loss: -0.026913533608118694; cumulative_reward: 0.14453291949952599; success_count: 0; episode_count: 6; invalid_count: 0; positive_reward_count: 8; random_exploration_count: 17; best_tax_advantage: 0.0; random_action_prob: 0.1545; saved_snapshots: 0
0 -0.00016949152542372882 59
1 0.00548193069542571 50
2 -0.006292821856408396 19
update: 97; loss: 0.017168886959552765; cumulative_reward: 0.28245278506449745; success_count: 1; episode_count: 8; invalid_count: 0; positive_reward_count: 7; random_exploration_count: 13; best_tax_advantage: 46746000.0; random_action_prob: 0.1537; saved_snapshots: 0
0 0.0 57
1 0.0082169288788714 42
2 -0.0021606285464862507 29
update: 98; loss: -0.002268980878094832; cumulative_reward: 0.1420118355708008; success_count: 0; episode_count: 5; invalid_count: 0; positive_reward_count: 11; random_exploration_count: 16; best_tax_advantage: 0.0; random_action_prob: 0.1530; saved_snapshots: 0
0 -0.0006557377049180328 61
1 0.00531764165463932 42
2 -0.0016531645569620255 25
update: 99; loss: -0.0012399889528751373; cumulative_reward: 0.1739501305250276; success_count: 0; episode_count: 6; invalid_count: 0; positive_reward_count: 12; random_exploration_count: 19; best_tax_advantage: 0.0; random_action_prob: 0.1522; saved_snapshots: 0
0 -0.0008333333333333334 60
1 0.00542956146601408 44
2 -0.0006229405824829931 24
2026-08-07T15:01:20 completed dub_irish_dutch run=7 elapsed_seconds=462.72 updates_logged=100
2026-08-07T15:01:20 running dub_irish_dutch run=8 seed=1737
env_variant: HardTaxEnv
update: 0; loss: -0.022488740583260853; cumulative_reward: -0.1225973626439412; success_count: 2; episode_count: 11; invalid_count: 0; positive_reward_count: 5; random_exploration_count: 32; best_tax_advantage: 46746000.0; random_action_prob: 0.2500; saved_snapshots: 0
0 -0.0025490196078431374 51
1 0.0024979284543842316 47
2 -0.0036666666666666666 30
update: 1; loss: -0.02491024136543274; cumulative_reward: -0.4404180758375169; success_count: 0; episode_count: 11; invalid_count: 0; positive_reward_count: 6; random_exploration_count: 38; best_tax_advantage: 0.0; random_action_prob: 0.2487; saved_snapshots: 0
0 -0.0037735849056603774 53
1 0.0028759100940948155 33
2 -0.007983883546253467 42
update: 2; loss: -0.021722775573531788; cumulative_reward: -0.19975999498684052; success_count: 0; episode_count: 10; invalid_count: 0; positive_reward_count: 6; random_exploration_count: 31; best_tax_advantage: 0.0; random_action_prob: 0.2475; saved_snapshots: 0
0 -0.0017857142857142859 56
1 0.002712603598437244 38
2 -0.005965850933160463 34
update: 3; loss: -0.02877674251794815; cumulative_reward: -0.5186708860759495; success_count: 0; episode_count: 12; invalid_count: 0; positive_reward_count: 4; random_exploration_count: 31; best_tax_advantage: 0.0; random_action_prob: 0.2463; saved_snapshots: 0
0 -0.00375 56
1 -0.003826548067054396 37
2 -0.004773960216998192 35
update: 4; loss: -0.03212450444698334; cumulative_reward: -0.41902197460548396; success_count: 0; episode_count: 15; invalid_count: 0; positive_reward_count: 3; random_exploration_count: 33; best_tax_advantage: 0.0; random_action_prob: 0.2450; saved_snapshots: 0
0 -0.0032653061224489797 49
1 -0.002257770703013824 35
2 -0.00409090909090909 44
update: 5; loss: -0.025760527700185776; cumulative_reward: -0.2603497600373824; success_count: 2; episode_count: 9; invalid_count: 0; positive_reward_count: 9; random_exploration_count: 29; best_tax_advantage: 46746000.0; random_action_prob: 0.2438; saved_snapshots: 0
0 -0.004074074074074074 54
1 0.0017700053325026136 45
2 -0.004137931034482759 29
update: 6; loss: -0.03419512013594309; cumulative_reward: -0.37582278481012676; success_count: 0; episode_count: 10; invalid_count: 0; positive_reward_count: 5; random_exploration_count: 28; best_tax_advantage: 0.0; random_action_prob: 0.2426; saved_snapshots: 0
0 -0.002592592592592593 54
1 -0.0023859770569620254 48
2 -0.004665226387536514 26
update: 7; loss: -0.031739442919691406; cumulative_reward: -0.33995774872448986; success_count: 1; episode_count: 13; invalid_count: 0; positive_reward_count: 5; random_exploration_count: 35; best_tax_advantage: 46746000.0; random_action_prob: 0.2414; saved_snapshots: 0
0 -0.0027450980392156863 51
1 -0.00022081456242954622 44
2 -0.005764906302351205 33
update: 8; loss: -0.02478409248093764; cumulative_reward: -0.8584637882249423; success_count: 0; episode_count: 10; invalid_count: 0; positive_reward_count: 5; random_exploration_count: 29; best_tax_advantage: 0.0; random_action_prob: 0.2402; saved_snapshots: 0
0 -0.006153846153846154 52
1 -0.0040237641517145055 48
2 -0.012332968176523058 28
update: 9; loss: -0.02575036386648814; cumulative_reward: -0.33830934732383533; success_count: 0; episode_count: 12; invalid_count: 0; positive_reward_count: 2; random_exploration_count: 33; best_tax_advantage: 0.0; random_action_prob: 0.2390; saved_snapshots: 0
0 -0.0027450980392156863 51
1 -0.002766186946476704 50
2 -0.0022222222222222222 27
update: 10; loss: -0.0286669060587883; cumulative_reward: -0.6013554001954403; success_count: 0; episode_count: 12; invalid_count: 0; positive_reward_count: 6; random_exploration_count: 31; best_tax_advantage: 0.0; random_action_prob: 0.2378; saved_snapshots: 0
0 -0.004528301886792453 53
1 -0.004375547630653943 48
2 -0.00560478199718706 27
update: 11; loss: -0.04610329742232958; cumulative_reward: -0.39402609207781036; success_count: 1; episode_count: 11; invalid_count: 0; positive_reward_count: 6; random_exploration_count: 40; best_tax_advantage: 46746000.0; random_action_prob: 0.2366; saved_snapshots: 0
0 -0.004150943396226415 53
1 0.00031859793944211134 41
2 -0.005502606105733433 34
update: 12; loss: -0.033305373042821884; cumulative_reward: -0.5469452703411437; success_count: 0; episode_count: 12; invalid_count: 0; positive_reward_count: 5; random_exploration_count: 31; best_tax_advantage: 0.0; random_action_prob: 0.2354; saved_snapshots: 0
0 -0.0042 50
1 -0.0029137291561945403 47
2 -0.0064516129032258064 31
update: 13; loss: -0.024336151778697968; cumulative_reward: -0.09295623923884298; success_count: 0; episode_count: 11; invalid_count: 0; positive_reward_count: 7; random_exploration_count: 26; best_tax_advantage: 0.0; random_action_prob: 0.2342; saved_snapshots: 0
0 -0.000980392156862745 51
1 0.0011641130897961463 44
2 -0.00285385500575374 33
update: 14; loss: -0.03235344961285591; cumulative_reward: -0.3029113924050634; success_count: 0; episode_count: 13; invalid_count: 0; positive_reward_count: 4; random_exploration_count: 38; best_tax_advantage: 0.0; random_action_prob: 0.2331; saved_snapshots: 0
0 -0.0020754716981132076 53
1 -0.00041440626883664856 42
2 -0.00531837360951285 33
update: 15; loss: -0.01663187767068545; cumulative_reward: 0.08359604783970548; success_count: 1; episode_count: 13; invalid_count: 0; positive_reward_count: 6; random_exploration_count: 25; best_tax_advantage: 46746000.0; random_action_prob: 0.2319; saved_snapshots: 0
0 -0.000588235294117647 51
1 0.004137783983371829 34
2 -0.0006299676184869003 43
update: 16; loss: -0.02896456979215145; cumulative_reward: -0.06538409703504043; success_count: 1; episode_count: 10; invalid_count: 0; positive_reward_count: 4; random_exploration_count: 30; best_tax_advantage: 6210000.0; random_action_prob: 0.2307; saved_snapshots: 0
0 -0.0009433962264150943 53
1 0.001263800719714683 51
2 -0.003326580572520386 24
update: 17; loss: -0.02851238784690698; cumulative_reward: -0.27292593362503226; success_count: 0; episode_count: 10; invalid_count: 0; positive_reward_count: 10; random_exploration_count: 27; best_tax_advantage: 0.0; random_action_prob: 0.2296; saved_snapshots: 0
0 -0.002037037037037037 54
1 -0.0007348097604879456 43
2 -0.004236423029808085 31
update: 18; loss: -0.03109350862602393; cumulative_reward: -0.337003971704324; success_count: 0; episode_count: 8; invalid_count: 0; positive_reward_count: 7; random_exploration_count: 25; best_tax_advantage: 0.0; random_action_prob: 0.2284; saved_snapshots: 0
0 -0.0026785714285714286 56
1 -0.001630925798150758 49
2 -0.004656026417171161 23
update: 19; loss: -0.021884651854634285; cumulative_reward: -0.14429450416779177; success_count: 1; episode_count: 12; invalid_count: 0; positive_reward_count: 6; random_exploration_count: 31; best_tax_advantage: 39217500.0; random_action_prob: 0.2273; saved_snapshots: 0
0 -0.002037037037037037 54
1 0.0003280539340293579 39
2 -0.0013453887884267632 35
update: 20; loss: -0.03700830663243929; cumulative_reward: -0.5046768910573546; success_count: 0; episode_count: 12; invalid_count: 0; positive_reward_count: 6; random_exploration_count: 31; best_tax_advantage: 0.0; random_action_prob: 0.2262; saved_snapshots: 0
0 -0.003333333333333333 54
1 -0.0033233943789845624 41
2 -0.005709627924817798 33
update: 21; loss: -0.03186481570204099; cumulative_reward: -0.011548555969110608; success_count: 0; episode_count: 10; invalid_count: 0; positive_reward_count: 5; random_exploration_count: 21; best_tax_advantage: 0.0; random_action_prob: 0.2250; saved_snapshots: 0
0 -0.0003846153846153846 52
1 0.0008077284460415026 44
2 -0.0008465189873417722 32
update: 22; loss: -0.03350639219085375; cumulative_reward: -0.34372287031769877; success_count: 0; episode_count: 10; invalid_count: 0; positive_reward_count: 4; random_exploration_count: 37; best_tax_advantage: 0.0; random_action_prob: 0.2239; saved_snapshots: 0
0 -0.0027450980392156863 51
1 -0.001249369077155781 43
2 -0.004411764705882353 34
update: 23; loss: -0.034657186518112816; cumulative_reward: -0.1460138338503295; success_count: 0; episode_count: 13; invalid_count: 0; positive_reward_count: 6; random_exploration_count: 28; best_tax_advantage: 0.0; random_action_prob: 0.2228; saved_snapshots: 0
0 -0.0013725490196078432 51
1 -0.00015420086795716643 39
2 -0.001842105263157895 38
update: 24; loss: -0.03169342502951622; cumulative_reward: -0.33682378786166367; success_count: 0; episode_count: 8; invalid_count: 0; positive_reward_count: 4; random_exploration_count: 30; best_tax_advantage: 0.0; random_action_prob: 0.2217; saved_snapshots: 0
0 -0.002857142857142857 56
1 0.0013768392454856233 37
2 -0.0065076239984180485 35
update: 25; loss: -0.03386856491367022; cumulative_reward: -0.10158227848101266; success_count: 0; episode_count: 16; invalid_count: 0; positive_reward_count: 4; random_exploration_count: 32; best_tax_advantage: 0.0; random_action_prob: 0.2206; saved_snapshots: 0
0 -0.0010416666666666667 48
1 0.0005055176890619928 39
2 -0.0017389626427909849 41
update: 26; loss: -0.03373160461584727; cumulative_reward: -0.3734147517195171; success_count: 0; episode_count: 10; invalid_count: 0; positive_reward_count: 5; random_exploration_count: 30; best_tax_advantage: 0.0; random_action_prob: 0.2195; saved_snapshots: 0
0 -0.0030188679245283017 53
1 -0.001411037222624234 44
2 -0.0048815843201306655 31
update: 27; loss: -0.019428686549266178; cumulative_reward: -0.04619559908615345; success_count: 0; episode_count: 13; invalid_count: 0; positive_reward_count: 7; random_exploration_count: 36; best_tax_advantage: 0.0; random_action_prob: 0.2184; saved_snapshots: 0
0 -0.000588235294117647 51
1 0.004138534420323283 35
2 -0.003834388185654009 42
update: 28; loss: -0.04336234430472056; cumulative_reward: -0.42867088607594955; success_count: 0; episode_count: 14; invalid_count: 0; positive_reward_count: 2; random_exploration_count: 26; best_tax_advantage: 0.0; random_action_prob: 0.2173; saved_snapshots: 0
0 -0.003 50
1 -0.0022808251289263945 27
2 -0.004256639364606602 51
update: 29; loss: -0.02903154119849205; cumulative_reward: -0.2732973672852828; success_count: 0; episode_count: 10; invalid_count: 0; positive_reward_count: 6; random_exploration_count: 26; best_tax_advantage: 0.0; random_action_prob: 0.2162; saved_snapshots: 0
0 -0.0020754716981132076 53
1 -0.00034744953441653126 39
2 -0.004159634317862166 36
update: 30; loss: -0.01743198869129022; cumulative_reward: 0.05275785206183271; success_count: 1; episode_count: 13; invalid_count: 0; positive_reward_count: 8; random_exploration_count: 32; best_tax_advantage: 38480400.0; random_action_prob: 0.2151; saved_snapshots: 0
0 -0.000392156862745098 51
1 0.006396808180939029 37
2 -0.0040981012658227855 40
update: 31; loss: -0.012670968969662985; cumulative_reward: 0.18206004765831074; success_count: 2; episode_count: 15; invalid_count: 0; positive_reward_count: 7; random_exploration_count: 34; best_tax_advantage: 46746000.0; random_action_prob: 0.2140; saved_snapshots: 0
0 -0.000784313725490196 51
1 0.008463921795662403 35
2 -0.0017661241711874622 42
update: 32; loss: -0.033421301593383156; cumulative_reward: -0.2700000000000001; success_count: 0; episode_count: 11; invalid_count: 0; positive_reward_count: 3; random_exploration_count: 35; best_tax_advantage: 0.0; random_action_prob: 0.2130; saved_snapshots: 0
0 -0.001568627450980392 51
1 -0.00014315852923447862 42
2 -0.005256781193490054 35
update: 33; loss: -0.028546998277306557; cumulative_reward: -0.3260761193851477; success_count: 0; episode_count: 12; invalid_count: 0; positive_reward_count: 7; random_exploration_count: 30; best_tax_advantage: 0.0; random_action_prob: 0.2119; saved_snapshots: 0
0 -0.002352941176470588 51
1 0.001315060790885557 33
2 -0.0056698437610084315 44
update: 34; loss: -0.021111489584048588; cumulative_reward: 0.07370783854493045; success_count: 0; episode_count: 12; invalid_count: 0; positive_reward_count: 6; random_exploration_count: 18; best_tax_advantage: 0.0; random_action_prob: 0.2108; saved_snapshots: 0
0 0.0 48
1 0.004169219781563702 31
2 -0.0011334280547662104 49
update: 35; loss: -0.02003509985903899; cumulative_reward: -0.010210913281451834; success_count: 1; episode_count: 14; invalid_count: 0; positive_reward_count: 9; random_exploration_count: 28; best_tax_advantage: 46746000.0; random_action_prob: 0.2098; saved_snapshots: 0
0 -0.001568627450980392 51
1 0.005508033817927697 45
2 -0.005564763596506193 32
update: 36; loss: -0.02792976424098015; cumulative_reward: -0.1529113924050633; success_count: 0; episode_count: 14; invalid_count: 0; positive_reward_count: 7; random_exploration_count: 24; best_tax_advantage: 0.0; random_action_prob: 0.2087; saved_snapshots: 0
0 -0.001 50
1 0.0022721518987341774 30
2 -0.0035640822784810127 48
update: 37; loss: -0.0273589671899875; cumulative_reward: 0.04542932966447641; success_count: 0; episode_count: 11; invalid_count: 0; positive_reward_count: 7; random_exploration_count: 27; best_tax_advantage: 0.0; random_action_prob: 0.2077; saved_snapshots: 0
0 -0.000588235294117647 51
1 0.002752156692965861 45
2 -0.0015130537974683545 32
update: 38; loss: -0.018956469371914864; cumulative_reward: -0.33329736728528275; success_count: 0; episode_count: 15; invalid_count: 0; positive_reward_count: 5; random_exploration_count: 33; best_tax_advantage: 0.0; random_action_prob: 0.2066; saved_snapshots: 0
0 -0.0022448979591836735 49
1 -0.00029785696298395293 45
2 -0.006173347175029553 34
update: 39; loss: -0.020125479126969974; cumulative_reward: 0.12294885042624643; success_count: 1; episode_count: 13; invalid_count: 0; positive_reward_count: 10; random_exploration_count: 20; best_tax_advantage: 46746000.0; random_action_prob: 0.2056; saved_snapshots: 0
0 -0.000588235294117647 51
1 0.0050008918576472175 42
2 -0.0016311030741410488 35
update: 40; loss: -0.020575604711969692; cumulative_reward: -0.20397006587445107; success_count: 0; episode_count: 10; invalid_count: 0; positive_reward_count: 5; random_exploration_count: 26; best_tax_advantage: 0.0; random_action_prob: 0.2046; saved_snapshots: 0
0 -0.0016363636363636363 55
1 0.0007753557290175736 37
2 -0.0039627285513361464 36
update: 41; loss: -0.02830071561038494; cumulative_reward: 0.016229272959183673; success_count: 0; episode_count: 11; invalid_count: 0; positive_reward_count: 1; random_exploration_count: 19; best_tax_advantage: 0.0; random_action_prob: 0.2036; saved_snapshots: 0
0 0.0 53
1 0.0004636935131195335 35
2 0.0 40
update: 42; loss: -0.0012024156749248505; cumulative_reward: 0.1520774425111366; success_count: 2; episode_count: 15; invalid_count: 0; positive_reward_count: 8; random_exploration_count: 25; best_tax_advantage: 46746000.0; random_action_prob: 0.2025; saved_snapshots: 0
0 -0.000392156862745098 51
1 0.006836876679484036 41
2 -0.003006513926325247 36
update: 43; loss: -0.02926597309609254; cumulative_reward: 0.07869794747804189; success_count: 1; episode_count: 14; invalid_count: 0; positive_reward_count: 7; random_exploration_count: 26; best_tax_advantage: 46746000.0; random_action_prob: 0.2015; saved_snapshots: 0
0 -0.000980392156862745 51
1 0.004878708814685182 41
2 -0.0019813642756680732 36
update: 44; loss: -0.016951438660422962; cumulative_reward: -0.03275394661424697; success_count: 0; episode_count: 11; invalid_count: 0; positive_reward_count: 6; random_exploration_count: 27; best_tax_advantage: 0.0; random_action_prob: 0.2005; saved_snapshots: 0
0 -0.0004 50
1 0.0008728685715451793 36
2 -0.001051838456901748 42
update: 45; loss: -0.0360743614534537; cumulative_reward: -0.23601265822784812; success_count: 0; episode_count: 11; invalid_count: 0; positive_reward_count: 5; random_exploration_count: 15; best_tax_advantage: 0.0; random_action_prob: 0.1995; saved_snapshots: 0
0 -0.001764705882352941 51
1 -0.0002886693423896265 41
2 -0.0037271448663853727 36
update: 46; loss: -0.032443322241306305; cumulative_reward: -0.05287487410399366; success_count: 0; episode_count: 11; invalid_count: 0; positive_reward_count: 12; random_exploration_count: 28; best_tax_advantage: 0.0; random_action_prob: 0.1985; saved_snapshots: 0
0 -0.0011320754716981133 53
1 0.0036686808867098463 45
2 -0.005265517133531225 30
update: 47; loss: -0.026821148892243702; cumulative_reward: -0.10995449738714208; success_count: 1; episode_count: 12; invalid_count: 0; positive_reward_count: 3; random_exploration_count: 22; best_tax_advantage: 38480400.0; random_action_prob: 0.1975; saved_snapshots: 0
0 -0.0011538461538461537 52
1 0.0008899000580635102 45
2 -0.0029032258064516127 31
update: 48; loss: -0.01411849974344174; cumulative_reward: -0.12398008283564527; success_count: 0; episode_count: 9; invalid_count: 0; positive_reward_count: 6; random_exploration_count: 29; best_tax_advantage: 0.0; random_action_prob: 0.1965; saved_snapshots: 0
0 -0.0011538461538461537 52
1 0.00015244553164135593 48
2 -0.0025463381555153705 28
update: 49; loss: -0.03139320264259974; cumulative_reward: 0.02024000501315954; success_count: 0; episode_count: 11; invalid_count: 0; positive_reward_count: 5; random_exploration_count: 26; best_tax_advantage: 0.0; random_action_prob: 0.1956; saved_snapshots: 0
0 -0.00036363636363636367 55
1 0.002126206291515227 35
2 -0.000899400399733511 38
update: 50; loss: -0.03156577299038569; cumulative_reward: -0.07867088607594937; success_count: 0; episode_count: 11; invalid_count: 0; positive_reward_count: 4; random_exploration_count: 26; best_tax_advantage: 0.0; random_action_prob: 0.1946; saved_snapshots: 0
0 -0.00037037037037037035 54
1 0.0013217544892552252 43
2 -0.0037260106165781953 31
update: 51; loss: -0.021847151219844818; cumulative_reward: -0.07842274310892786; success_count: 1; episode_count: 9; invalid_count: 0; positive_reward_count: 6; random_exploration_count: 18; best_tax_advantage: 37800000.0; random_action_prob: 0.1936; saved_snapshots: 0
0 -0.0009433962264150943 53
1 0.00038093600991854793 49
2 -0.0018111002921129503 26
update: 52; loss: -0.024784978479146957; cumulative_reward: -0.14547093141714182; success_count: 1; episode_count: 14; invalid_count: 0; positive_reward_count: 6; random_exploration_count: 28; best_tax_advantage: 44604000.0; random_action_prob: 0.1926; saved_snapshots: 0
0 -0.001176470588235294 51
1 4.147887635371455e-05 39
2 -0.0022918054630246504 38
update: 53; loss: -0.02540733354787032; cumulative_reward: 0.20429396575324085; success_count: 2; episode_count: 10; invalid_count: 0; positive_reward_count: 11; random_exploration_count: 23; best_tax_advantage: 46746000.0; random_action_prob: 0.1917; saved_snapshots: 0
0 -0.0011111111111111111 54
1 0.007254233745444563 50
2 -0.0041007383966244725 24
update: 54; loss: -0.011584331591924032; cumulative_reward: -0.02601265822784811; success_count: 0; episode_count: 9; invalid_count: 0; positive_reward_count: 5; random_exploration_count: 23; best_tax_advantage: 0.0; random_action_prob: 0.1907; saved_snapshots: 0
0 -0.0008771929824561404 57
1 0.0013329888917592355 49
2 -0.001878596087456847 22
update: 55; loss: -0.021750098715225857; cumulative_reward: -0.11244161311676568; success_count: 0; episode_count: 13; invalid_count: 0; positive_reward_count: 4; random_exploration_count: 20; best_tax_advantage: 0.0; random_action_prob: 0.1898; saved_snapshots: 0
0 -0.001176470588235294 51
1 -0.0003034539784577 41
2 -0.0011111111111111111 36
update: 56; loss: -0.020471738651394844; cumulative_reward: 0.10779207188308808; success_count: 0; episode_count: 14; invalid_count: 0; positive_reward_count: 12; random_exploration_count: 18; best_tax_advantage: 0.0; random_action_prob: 0.1888; saved_snapshots: 0
0 0.0 50
1 0.004983976584546398 47
2 -0.004079187986793309 31
update: 57; loss: -0.022357443968454998; cumulative_reward: 0.08028856225374423; success_count: 1; episode_count: 12; invalid_count: 0; positive_reward_count: 8; random_exploration_count: 19; best_tax_advantage: 44604000.0; random_action_prob: 0.1879; saved_snapshots: 0
0 0.0 53
1 0.004247753591936647 42
2 -0.0029732451093210585 33
update: 58; loss: -0.009817403430740038; cumulative_reward: -0.09653778799890207; success_count: 0; episode_count: 10; invalid_count: 0; positive_reward_count: 7; random_exploration_count: 17; best_tax_advantage: 0.0; random_action_prob: 0.1869; saved_snapshots: 0
0 -0.000925925925925926 54
1 0.000637598670401705 50
2 -0.0032674050632911394 24
update: 59; loss: -0.026515164722998936; cumulative_reward: -0.13108910891089107; success_count: 0; episode_count: 12; invalid_count: 0; positive_reward_count: 4; random_exploration_count: 24; best_tax_advantage: 0.0; random_action_prob: 0.1860; saved_snapshots: 0
0 -0.0009433962264150943 53
1 0.0014664431633036722 40
2 -0.0039927667269439426 35
update: 60; loss: -0.030791134883960087; cumulative_reward: -0.12800632911392404; success_count: 0; episode_count: 13; invalid_count: 0; positive_reward_count: 4; random_exploration_count: 18; best_tax_advantage: 0.0; random_action_prob: 0.1851; saved_snapshots: 0
0 -0.000784313725490196 51
1 -0.0006721243808475509 46
2 -0.0018415679869334422 31
update: 61; loss: -0.03311689322193464; cumulative_reward: -0.2109312545361592; success_count: 0; episode_count: 11; invalid_count: 0; positive_reward_count: 9; random_exploration_count: 24; best_tax_advantage: 0.0; random_action_prob: 0.1841; saved_snapshots: 0
0 -0.0018181818181818182 55
1 -0.0004356031247135224 45
2 -0.003261754068716094 28
update: 62; loss: -0.003270587573448817; cumulative_reward: 0.05737881896231594; success_count: 0; episode_count: 11; invalid_count: 0; positive_reward_count: 3; random_exploration_count: 25; best_tax_advantage: 0.0; random_action_prob: 0.1832; saved_snapshots: 0
0 0.0 54
1 0.0017730339656488725 42
2 -0.0005340189873417722 32
update: 63; loss: -0.022557962064941723; cumulative_reward: 0.0742740167956073; success_count: 0; episode_count: 12; invalid_count: 0; positive_reward_count: 6; random_exploration_count: 24; best_tax_advantage: 0.0; random_action_prob: 0.1823; saved_snapshots: 0
0 0.0 53
1 0.0020531784889175676 43
2 -0.00043789556962025314 32
update: 64; loss: -0.007335943169891834; cumulative_reward: 0.11367377312596827; success_count: 1; episode_count: 8; invalid_count: 0; positive_reward_count: 6; random_exploration_count: 20; best_tax_advantage: 38480400.0; random_action_prob: 0.1814; saved_snapshots: 0
0 0.0 53
1 0.0023682036067910056 48
2 0.0 27
update: 65; loss: -0.023000437145431835; cumulative_reward: -0.11975809202241021; success_count: 0; episode_count: 10; invalid_count: 0; positive_reward_count: 6; random_exploration_count: 24; best_tax_advantage: 0.0; random_action_prob: 0.1805; saved_snapshots: 0
0 -0.0009433962264150943 53
1 -0.0005152155551698528 44
2 -0.0015189873417721519 31
update: 66; loss: -0.01092152918378512; cumulative_reward: 0.1144849282186603; success_count: 0; episode_count: 12; invalid_count: 0; positive_reward_count: 8; random_exploration_count: 20; best_tax_advantage: 0.0; random_action_prob: 0.1796; saved_snapshots: 0
0 0.0 51
1 0.003378685077466675 44
2 -0.0010356731875719217 33
update: 67; loss: -0.017606201271216076; cumulative_reward: 0.3065902062475933; success_count: 2; episode_count: 10; invalid_count: 0; positive_reward_count: 11; random_exploration_count: 28; best_tax_advantage: 46746000.0; random_action_prob: 0.1787; saved_snapshots: 0
0 -0.0003448275862068966 58
1 0.01173266753181679 39
2 -0.004225284757847144 31
update: 68; loss: -0.02051801544924577; cumulative_reward: -0.02571690131748902; success_count: 0; episode_count: 11; invalid_count: 0; positive_reward_count: 4; random_exploration_count: 27; best_tax_advantage: 0.0; random_action_prob: 0.1778; saved_snapshots: 0
0 -0.0007407407407407407 54
1 0.0007791613336934313 44
2 -0.0006666666666666666 30
update: 69; loss: -0.03171549427012602; cumulative_reward: 0.1027825731476314; success_count: 0; episode_count: 6; invalid_count: 0; positive_reward_count: 7; random_exploration_count: 13; best_tax_advantage: 0.0; random_action_prob: 0.1769; saved_snapshots: 0
0 0.0 57
1 0.0029048974026520988 48
2 -0.0015935870512899712 23
update: 70; loss: -0.0217461163798968; cumulative_reward: 0.05876144100315968; success_count: 0; episode_count: 7; invalid_count: 0; positive_reward_count: 6; random_exploration_count: 20; best_tax_advantage: 0.0; random_action_prob: 0.1760; saved_snapshots: 0
0 -0.00035714285714285714 56
1 0.0020155396123093814 49
2 -0.0008695652173913044 23
update: 71; loss: -0.029763783638676006; cumulative_reward: -0.07297468399638336; success_count: 0; episode_count: 10; invalid_count: 0; positive_reward_count: 2; random_exploration_count: 14; best_tax_advantage: 0.0; random_action_prob: 0.1751; saved_snapshots: 0
0 -0.0003773584905660377 53
1 0.00019428906808528534 43
2 -0.0019165348101265823 32
update: 72; loss: -0.014111951614419619; cumulative_reward: -0.10867088607594935; success_count: 0; episode_count: 12; invalid_count: 0; positive_reward_count: 2; random_exploration_count: 26; best_tax_advantage: 0.0; random_action_prob: 0.1743; saved_snapshots: 0
0 -0.0007407407407407407 54
1 -0.00011083484026522004 42
2 -0.0020004944620253167 32
update: 73; loss: -0.0327737790842851; cumulative_reward: -0.1184751295692327; success_count: 1; episode_count: 10; invalid_count: 0; positive_reward_count: 9; random_exploration_count: 21; best_tax_advantage: 46746000.0; random_action_prob: 0.1734; saved_snapshots: 0
0 -0.001851851851851852 54
1 0.0036904211256190466 46
2 -0.0067226607624181756 28
update: 74; loss: -0.037006694823503494; cumulative_reward: -0.20512808709805203; success_count: 0; episode_count: 9; invalid_count: 0; positive_reward_count: 7; random_exploration_count: 22; best_tax_advantage: 0.0; random_action_prob: 0.1725; saved_snapshots: 0
0 -0.0015254237288135593 59
1 4.313686576974493e-05 51
2 -0.006518225958461613 18
update: 75; loss: -0.03375410412748655; cumulative_reward: 0.10744289870533258; success_count: 0; episode_count: 10; invalid_count: 0; positive_reward_count: 7; random_exploration_count: 25; best_tax_advantage: 0.0; random_action_prob: 0.1717; saved_snapshots: 0
0 -0.0001923076923076923 52
1 0.0030751384319206237 47
2 -0.0009340899170667831 29
update: 76; loss: -0.03871698925892512; cumulative_reward: -0.05396414869944872; success_count: 1; episode_count: 8; invalid_count: 0; positive_reward_count: 6; random_exploration_count: 25; best_tax_advantage: 46746000.0; random_action_prob: 0.1708; saved_snapshots: 0
0 -0.0014035087719298247 57
1 0.0021911217392775895 49
2 -0.0036967779056386652 22
update: 77; loss: -0.030856869493921597; cumulative_reward: -0.03582278481012659; success_count: 0; episode_count: 10; invalid_count: 0; positive_reward_count: 3; random_exploration_count: 24; best_tax_advantage: 0.0; random_action_prob: 0.1699; saved_snapshots: 0
0 -0.0003773584905660377 53
1 0.00029535864978902956 48
2 -0.0011111111111111111 27
update: 78; loss: -0.029337815940380096; cumulative_reward: -0.024229863312044284; success_count: 1; episode_count: 12; invalid_count: 0; positive_reward_count: 8; random_exploration_count: 19; best_tax_advantage: 56754000.0; random_action_prob: 0.1691; saved_snapshots: 0
0 -0.0018 50
1 0.0034583501489204435 43
2 -0.002369683420446382 35
update: 79; loss: -0.02615649811923504; cumulative_reward: 0.12704058078927774; success_count: 1; episode_count: 11; invalid_count: 0; positive_reward_count: 3; random_exploration_count: 28; best_tax_advantage: 33534000.0; random_action_prob: 0.1683; saved_snapshots: 0
0 -0.0007407407407407407 54
1 0.004156457350872838 45
2 -0.0006896551724137932 29
update: 80; loss: -0.034097786992788315; cumulative_reward: -0.12176812030239707; success_count: 0; episode_count: 12; invalid_count: 0; positive_reward_count: 7; random_exploration_count: 24; best_tax_advantage: 0.0; random_action_prob: 0.1674; saved_snapshots: 0
0 -0.0013207547169811322 53
1 0.002984516253691361 41
2 -0.005121567255992438 34
update: 81; loss: -0.03424099460244179; cumulative_reward: -0.04043638472824049; success_count: 0; episode_count: 11; invalid_count: 0; positive_reward_count: 4; random_exploration_count: 32; best_tax_advantage: 0.0; random_action_prob: 0.1666; saved_snapshots: 0
0 -0.0008928571428571429 56
1 0.0017817197970560203 47
2 -0.0029670886075949367 25
update: 82; loss: -0.02580448177953561; cumulative_reward: -0.01174434474052339; success_count: 0; episode_count: 12; invalid_count: 0; positive_reward_count: 6; random_exploration_count: 20; best_tax_advantage: 0.0; random_action_prob: 0.1657; saved_snapshots: 0
0 -0.000784313725490196 51
1 0.0018200996281005832 50
2 -0.002324049116501947 27
update: 83; loss: -0.015330937380592028; cumulative_reward: 0.1304536436805735; success_count: 1; episode_count: 9; invalid_count: 0; positive_reward_count: 5; random_exploration_count: 22; best_tax_advantage: 46746000.0; random_action_prob: 0.1649; saved_snapshots: 0
0 -0.00037037037037037035 54
1 0.0028933393015494902 52
2 0.0 22
update: 84; loss: -0.02612203856309255; cumulative_reward: 0.12830707471486352; success_count: 1; episode_count: 9; invalid_count: 0; positive_reward_count: 5; random_exploration_count: 23; best_tax_advantage: 46746000.0; random_action_prob: 0.1641; saved_snapshots: 0
0 0.0 56
1 0.003069926704594503 52
2 -0.0015664556962025316 20
update: 85; loss: -0.016353535776336987; cumulative_reward: 0.1739174177522801; success_count: 1; episode_count: 8; invalid_count: 0; positive_reward_count: 4; random_exploration_count: 23; best_tax_advantage: 56754000.0; random_action_prob: 0.1633; saved_snapshots: 0
0 -0.0008928571428571429 56
1 0.005089032221642731 44
2 0.0 28
update: 86; loss: 0.001166767751177152; cumulative_reward: 0.19093498047132035; success_count: 1; episode_count: 9; invalid_count: 0; positive_reward_count: 8; random_exploration_count: 27; best_tax_advantage: 46746000.0; random_action_prob: 0.1625; saved_snapshots: 0
0 -0.0005660377358490566 53
1 0.004961992078197252 52
2 -0.001612548156301596 23
update: 87; loss: -0.02937176451086998; cumulative_reward: 0.04841772151898734; success_count: 0; episode_count: 10; invalid_count: 0; positive_reward_count: 2; random_exploration_count: 17; best_tax_advantage: 0.0; random_action_prob: 0.1616; saved_snapshots: 0
0 0.0 57
1 0.0009135419154525914 53
2 0.0 18
update: 88; loss: 0.0213774840037028; cumulative_reward: 0.07156911893721017; success_count: 0; episode_count: 8; invalid_count: 0; positive_reward_count: 4; random_exploration_count: 20; best_tax_advantage: 0.0; random_action_prob: 0.1608; saved_snapshots: 0
0 0.0 59
1 0.0015249473330584333 49
2 -0.00015766501913265307 20
update: 89; loss: 0.012780051057537397; cumulative_reward: 0.1139863010223084; success_count: 0; episode_count: 11; invalid_count: 0; positive_reward_count: 10; random_exploration_count: 18; best_tax_advantage: 0.0; random_action_prob: 0.1600; saved_snapshots: 0
0 -0.0011111111111111111 54
1 0.004079726020446168 50
2 -0.00125 24
update: 90; loss: -0.012711165162424246; cumulative_reward: 0.03911725067385445; success_count: 1; episode_count: 6; invalid_count: 0; positive_reward_count: 4; random_exploration_count: 13; best_tax_advantage: 2322000.0; random_action_prob: 0.1592; saved_snapshots: 0
0 0.0 60
1 0.0014676325957896892 48
2 -0.0015664556962025316 20
update: 91; loss: -0.028545396402478218; cumulative_reward: -0.15867088607594937; success_count: 0; episode_count: 8; invalid_count: 0; positive_reward_count: 2; random_exploration_count: 22; best_tax_advantage: 0.0; random_action_prob: 0.1584; saved_snapshots: 0
0 -0.0016071428571428571 56
1 -0.00019268635724331928 45
2 -0.0022222222222222222 27
update: 92; loss: -0.012981756900747618; cumulative_reward: 0.02173560207310772; success_count: 0; episode_count: 8; invalid_count: 0; positive_reward_count: 6; random_exploration_count: 23; best_tax_advantage: 0.0; random_action_prob: 0.1576; saved_snapshots: 0
0 -0.00018518518518518518 54
1 0.0015368411925506264 53
2 -0.002367475292003594 21
update: 93; loss: -0.0010406766086816788; cumulative_reward: 0.02467423102740115; success_count: 0; episode_count: 10; invalid_count: 0; positive_reward_count: 6; random_exploration_count: 17; best_tax_advantage: 0.0; random_action_prob: 0.1569; saved_snapshots: 0
0 -0.0007407407407407407 54
1 0.0015557131464041904 48
2 -0.0003846153846153846 26
update: 94; loss: -0.035825539380311966; cumulative_reward: 0.10980362028491909; success_count: 0; episode_count: 7; invalid_count: 0; positive_reward_count: 8; random_exploration_count: 23; best_tax_advantage: 0.0; random_action_prob: 0.1561; saved_snapshots: 0
0 -0.00037037037037037035 54
1 0.003137844557597116 50
2 -0.001128691983122363 24
update: 95; loss: -0.029955987508098286; cumulative_reward: -0.09411750637755101; success_count: 0; episode_count: 12; invalid_count: 0; positive_reward_count: 4; random_exploration_count: 21; best_tax_advantage: 0.0; random_action_prob: 0.1553; saved_snapshots: 0
0 -0.000925925925925926 54
1 0.0012446338838602627 39
2 -0.002647377938517179 35
update: 96; loss: -0.01846034824848175; cumulative_reward: -0.0771843263610824; success_count: 0; episode_count: 8; invalid_count: 0; positive_reward_count: 3; random_exploration_count: 19; best_tax_advantage: 0.0; random_action_prob: 0.1545; saved_snapshots: 0
0 -0.0008928571428571429 56
1 0.0008919932008107831 48
2 -0.002916666666666667 24
update: 97; loss: -0.004421643291910489; cumulative_reward: 0.13290289811631545; success_count: 1; episode_count: 9; invalid_count: 0; positive_reward_count: 11; random_exploration_count: 27; best_tax_advantage: 46746000.0; random_action_prob: 0.1537; saved_snapshots: 0
0 -0.0003773584905660377 53
1 0.0037998301142250428 50
2 -0.0014835443037974684 25
update: 98; loss: -0.03391118844350179; cumulative_reward: -0.07502254423122175; success_count: 1; episode_count: 11; invalid_count: 0; positive_reward_count: 8; random_exploration_count: 12; best_tax_advantage: 46746000.0; random_action_prob: 0.1530; saved_snapshots: 0
0 -0.0020754716981132076 53
1 0.0020936210802788885 46
2 -0.002114797031863815 29
update: 99; loss: -0.026560970892508824; cumulative_reward: -0.0026622064296932327; success_count: 0; episode_count: 11; invalid_count: 0; positive_reward_count: 11; random_exploration_count: 24; best_tax_advantage: 0.0; random_action_prob: 0.1522; saved_snapshots: 0
0 -0.0009615384615384616 52
1 0.0039224862207990095 43
2 -0.0036766398158803223 33
2026-08-07T15:08:52 completed dub_irish_dutch run=8 elapsed_seconds=452.30 updates_logged=100
2026-08-07T15:08:52 running dub_irish_dutch run=9 seed=1738
env_variant: HardTaxEnv
update: 0; loss: -0.022302304704984028; cumulative_reward: -0.45857442204270454; success_count: 1; episode_count: 8; invalid_count: 0; positive_reward_count: 7; random_exploration_count: 41; best_tax_advantage: 46746000.0; random_action_prob: 0.2500; saved_snapshots: 0
0 -0.0043859649122807015 57
1 -0.0008276735137478592 45
2 -0.0065895813047711785 26
update: 1; loss: -0.026775292431314785; cumulative_reward: -0.43582278481012665; success_count: 0; episode_count: 11; invalid_count: 0; positive_reward_count: 5; random_exploration_count: 30; best_tax_advantage: 0.0; random_action_prob: 0.2487; saved_snapshots: 0
0 -0.0033333333333333335 51
1 -0.0016797785266105811 45
2 -0.0059447734722703266 32
update: 2; loss: -0.02447993556658427; cumulative_reward: -0.15387396239553724; success_count: 1; episode_count: 13; invalid_count: 0; positive_reward_count: 7; random_exploration_count: 33; best_tax_advantage: 46746000.0; random_action_prob: 0.2475; saved_snapshots: 0
0 -0.0023076923076923075 52
1 0.0025646092507503517 38
2 -0.0034560293137908065 38
update: 3; loss: -0.026933272058765095; cumulative_reward: -0.3655118828883891; success_count: 0; episode_count: 11; invalid_count: 0; positive_reward_count: 6; random_exploration_count: 29; best_tax_advantage: 0.0; random_action_prob: 0.2463; saved_snapshots: 0
0 -0.003333333333333333 54
1 -0.0008621725458641142 38
2 -0.00424303683737646 36
update: 4; loss: -0.03384484350681305; cumulative_reward: -0.29720842257893737; success_count: 1; episode_count: 11; invalid_count: 0; positive_reward_count: 4; random_exploration_count: 29; best_tax_advantage: 46746000.0; random_action_prob: 0.2450; saved_snapshots: 0
0 -0.002777777777777778 54
1 0.00038164030662468613 37
2 -0.004360246322271639 37
update: 5; loss: -0.026806243384877842; cumulative_reward: -0.20787437187569668; success_count: 0; episode_count: 11; invalid_count: 0; positive_reward_count: 7; random_exploration_count: 41; best_tax_advantage: 0.0; random_action_prob: 0.2438; saved_snapshots: 0
0 -0.001836734693877551 49
1 0.0002651228999579247 36
2 -0.0029632278203298138 43
update: 6; loss: -0.018929868936538696; cumulative_reward: -0.17582278481012664; success_count: 0; episode_count: 8; invalid_count: 0; positive_reward_count: 6; random_exploration_count: 32; best_tax_advantage: 0.0; random_action_prob: 0.2426; saved_snapshots: 0
0 -0.0014035087719298247 57
1 0.0006005158290510905 41
2 -0.004014797793374043 30
update: 7; loss: -0.02610291230181853; cumulative_reward: -0.32471037801283165; success_count: 0; episode_count: 13; invalid_count: 0; positive_reward_count: 3; random_exploration_count: 26; best_tax_advantage: 0.0; random_action_prob: 0.2414; saved_snapshots: 0
0 -0.0022 50
1 -0.0032118916536616384 36
2 -0.0023591018685955394 42
update: 8; loss: -0.03686220074693362; cumulative_reward: -0.5359873417721521; success_count: 0; episode_count: 11; invalid_count: 0; positive_reward_count: 6; random_exploration_count: 31; best_tax_advantage: 0.0; random_action_prob: 0.2402; saved_snapshots: 0
0 -0.00375 56
1 -0.002238327438291613 36
2 -0.0068168764998237175 36
update: 9; loss: -0.025544661407669384; cumulative_reward: -0.5667148490749758; success_count: 0; episode_count: 11; invalid_count: 0; positive_reward_count: 7; random_exploration_count: 33; best_tax_advantage: 0.0; random_action_prob: 0.2390; saved_snapshots: 0
0 -0.004528301886792453 53
1 -0.0025867665146312715 38
2 -0.0061734519329456035 37
update: 10; loss: -0.023039417962233227; cumulative_reward: -0.030013707858127583; success_count: 0; episode_count: 12; invalid_count: 0; positive_reward_count: 4; random_exploration_count: 33; best_tax_advantage: 0.0; random_action_prob: 0.2378; saved_snapshots: 0
0 -0.0005555555555555556 54
1 0.0016979858587124533 42
2 -0.0022290348101265825 32
update: 11; loss: -0.02621172678967317; cumulative_reward: -0.3597220874138524; success_count: 1; episode_count: 12; invalid_count: 0; positive_reward_count: 8; random_exploration_count: 34; best_tax_advantage: 34884000.0; random_action_prob: 0.2366; saved_snapshots: 0
0 -0.0033333333333333335 51
1 0.0015322941108512113 42
2 -0.0072593840019886625 35
update: 12; loss: -0.0276254341006279; cumulative_reward: -0.10481695004398942; success_count: 0; episode_count: 11; invalid_count: 0; positive_reward_count: 7; random_exploration_count: 33; best_tax_advantage: 0.0; random_action_prob: 0.2354; saved_snapshots: 0
0 -0.0011320754716981133 53
1 0.0031805192309351652 37
2 -0.004276214778647119 38
update: 13; loss: -0.024498609205087025; cumulative_reward: -0.28677694515306135; success_count: 0; episode_count: 12; invalid_count: 0; positive_reward_count: 5; random_exploration_count: 28; best_tax_advantage: 0.0; random_action_prob: 0.2342; saved_snapshots: 0
0 -0.00196078431372549 51
1 -0.0007664655036236184 37
2 -0.003960443037974683 40
update: 14; loss: -0.035199813544750214; cumulative_reward: -0.3230078473413381; success_count: 0; episode_count: 11; invalid_count: 0; positive_reward_count: 7; random_exploration_count: 35; best_tax_advantage: 0.0; random_action_prob: 0.2331; saved_snapshots: 0
0 -0.0028000000000000004 50
1 0.0017234072749333898 32
2 -0.005177323481287095 46
update: 15; loss: -0.030404333025217056; cumulative_reward: -0.32039974294067414; success_count: 0; episode_count: 12; invalid_count: 0; positive_reward_count: 8; random_exploration_count: 26; best_tax_advantage: 0.0; random_action_prob: 0.2319; saved_snapshots: 0
0 -0.0035185185185185185 54
1 -0.0007599935735168503 40
2 -0.0029411764705882353 34
update: 16; loss: -0.024383780856927235; cumulative_reward: -0.45879746880651023; success_count: 0; episode_count: 11; invalid_count: 0; positive_reward_count: 3; random_exploration_count: 32; best_tax_advantage: 0.0; random_action_prob: 0.2307; saved_snapshots: 0
0 -0.0038888888888888888 54
1 -0.0019110408001808317 36
2 -0.004736842105263157 38
update: 17; loss: -0.033427720268567405; cumulative_reward: -0.1756653390193103; success_count: 0; episode_count: 11; invalid_count: 0; positive_reward_count: 5; random_exploration_count: 27; best_tax_advantage: 0.0; random_action_prob: 0.2296; saved_snapshots: 0
0 -0.0016666666666666666 54
1 -3.720309573592094e-05 40
2 -0.002475800446760983 34
update: 18; loss: -0.03730959817767143; cumulative_reward: -0.26867088607594947; success_count: 0; episode_count: 11; invalid_count: 0; positive_reward_count: 2; random_exploration_count: 41; best_tax_advantage: 0.0; random_action_prob: 0.2284; saved_snapshots: 0
0 -0.001851851851851852 54
1 -0.001690296408471713 39
2 -0.002935695032730073 35
update: 19; loss: -0.023382785419623058; cumulative_reward: -0.015643867116032363; success_count: 0; episode_count: 9; invalid_count: 0; positive_reward_count: 9; random_exploration_count: 36; best_tax_advantage: 0.0; random_action_prob: 0.2273; saved_snapshots: 0
0 -0.0005660377358490566 53
1 0.0008288948095780871 50
2 -0.0010835443037974684 25
update: 20; loss: -0.03784704580903053; cumulative_reward: -0.2966349639143632; success_count: 1; episode_count: 15; invalid_count: 0; positive_reward_count: 5; random_exploration_count: 32; best_tax_advantage: 46746000.0; random_action_prob: 0.2262; saved_snapshots: 0
0 -0.003469387755102041 49
1 0.0015403369049925575 42
2 -0.005171057133082449 37
update: 21; loss: -0.0220713975528876; cumulative_reward: -0.2015822784810127; success_count: 0; episode_count: 13; invalid_count: 0; positive_reward_count: 4; random_exploration_count: 26; best_tax_advantage: 0.0; random_action_prob: 0.2250; saved_snapshots: 0
0 -0.0016326530612244899 49
1 -0.0005791139240506329 40
2 -0.0025235313209996755 39
update: 22; loss: -0.022134975840648014; cumulative_reward: -0.3600000000000002; success_count: 0; episode_count: 11; invalid_count: 0; positive_reward_count: 4; random_exploration_count: 25; best_tax_advantage: 0.0; random_action_prob: 0.2239; saved_snapshots: 0
0 -0.0022222222222222222 54
1 -0.0029905063291139245 44
2 -0.0036139240506329116 30
update: 23; loss: -0.023799603804945946; cumulative_reward: -0.046157306557963976; success_count: 0; episode_count: 7; invalid_count: 0; positive_reward_count: 7; random_exploration_count: 21; best_tax_advantage: 0.0; random_action_prob: 0.2228; saved_snapshots: 0
0 -0.0005555555555555556 54
1 0.0049381024698188225 42
2 -0.006986175321573578 32
update: 24; loss: -0.025488492101430893; cumulative_reward: -0.11017156499496741; success_count: 0; episode_count: 12; invalid_count: 0; positive_reward_count: 8; random_exploration_count: 36; best_tax_advantage: 0.0; random_action_prob: 0.2217; saved_snapshots: 0
0 -0.001568627450980392 51
1 0.0029105212807441247 44
2 -0.004794984889324512 33
update: 25; loss: -0.024202433104316395; cumulative_reward: 0.16419088296180967; success_count: 1; episode_count: 11; invalid_count: 0; positive_reward_count: 9; random_exploration_count: 18; best_tax_advantage: 23373000.0; random_action_prob: 0.2206; saved_snapshots: 0
0 -0.0005769230769230769 52
1 0.0059423255089734945 43
2 -0.001858457997698504 33
update: 26; loss: -0.027116371939579647; cumulative_reward: -0.15108910891089108; success_count: 0; episode_count: 12; invalid_count: 0; positive_reward_count: 3; random_exploration_count: 32; best_tax_advantage: 0.0; random_action_prob: 0.2195; saved_snapshots: 0
0 -0.0011320754716981133 53
1 -0.000708571309210487 42
2 -0.001858457997698504 33
update: 27; loss: -0.031915937860806785; cumulative_reward: -0.2817846873506103; success_count: 0; episode_count: 9; invalid_count: 0; positive_reward_count: 8; random_exploration_count: 30; best_tax_advantage: 0.0; random_action_prob: 0.2184; saved_snapshots: 0
0 -0.002962962962962963 54
1 -0.0012042950546653482 43
2 -0.0022580645161290325 31
update: 28; loss: -0.03577107066909472; cumulative_reward: 0.07282269852587907; success_count: 1; episode_count: 10; invalid_count: 0; positive_reward_count: 7; random_exploration_count: 34; best_tax_advantage: 44604000.0; random_action_prob: 0.2173; saved_snapshots: 0
0 -0.0007547169811320754 53
1 0.004247782653020395 40
2 -0.0016311030741410488 35
update: 29; loss: -0.033658672124147415; cumulative_reward: -0.1653440432999306; success_count: 0; episode_count: 11; invalid_count: 0; positive_reward_count: 5; random_exploration_count: 23; best_tax_advantage: 0.0; random_action_prob: 0.2162; saved_snapshots: 0
0 -0.00196078431372549 51
1 0.003602575703970612 42
2 -0.006190063510477036 35
update: 30; loss: -0.02380571390191714; cumulative_reward: 0.3342398413595156; success_count: 2; episode_count: 7; invalid_count: 0; positive_reward_count: 7; random_exploration_count: 24; best_tax_advantage: 56754000.0; random_action_prob: 0.2151; saved_snapshots: 0
0 -0.0005263157894736842 57
1 0.008316440919100348 45
2 -0.0003846153846153846 26
update: 31; loss: -0.03164844959974289; cumulative_reward: -0.003171189842656602; success_count: 1; episode_count: 13; invalid_count: 0; positive_reward_count: 4; random_exploration_count: 23; best_tax_advantage: 56754000.0; random_action_prob: 0.2140; saved_snapshots: 0
0 -0.001568627450980392 51
1 0.004453948102034852 40
2 -0.0027386247006500174 37
update: 32; loss: -0.029161713396509487; cumulative_reward: -0.16894761247510684; success_count: 0; episode_count: 11; invalid_count: 0; positive_reward_count: 6; random_exploration_count: 25; best_tax_advantage: 0.0; random_action_prob: 0.2130; saved_snapshots: 0
0 -0.0018 50
1 -0.00021303839226444882 42
2 -0.0019444444444444446 36
update: 33; loss: -0.024762184048692387; cumulative_reward: 0.017041294111194764; success_count: 0; episode_count: 13; invalid_count: 0; positive_reward_count: 6; random_exploration_count: 20; best_tax_advantage: 0.0; random_action_prob: 0.2119; saved_snapshots: 0
0 -0.0002 50
1 0.0016675709276889122 41
2 -0.0011170030790283955 37
update: 34; loss: -0.029810265948375065; cumulative_reward: -0.0015822784810126597; success_count: 0; episode_count: 11; invalid_count: 0; positive_reward_count: 5; random_exploration_count: 25; best_tax_advantage: 0.0; random_action_prob: 0.2108; saved_snapshots: 0
0 -0.00018518518518518518 54
1 0.0017215075937973543 44
2 -0.0022442870869365415 30
update: 35; loss: -0.022437436506152153; cumulative_reward: -0.029669811320754726; success_count: 0; episode_count: 9; invalid_count: 0; positive_reward_count: 2; random_exploration_count: 21; best_tax_advantage: 0.0; random_action_prob: 0.2098; saved_snapshots: 0
0 -0.0005263157894736842 57
1 0.0002459568733153638 42
2 -0.0003448275862068966 29
update: 36; loss: -0.01701467235883077; cumulative_reward: -0.149296562144326; success_count: 0; episode_count: 8; invalid_count: 0; positive_reward_count: 5; random_exploration_count: 26; best_tax_advantage: 0.0; random_action_prob: 0.2087; saved_snapshots: 0
0 -0.001864406779661017 59
1 0.0007964943809815848 42
2 -0.002694419486872317 27
update: 37; loss: -0.006084380050500234; cumulative_reward: -0.13428228948157026; success_count: 0; episode_count: 6; invalid_count: 0; positive_reward_count: 1; random_exploration_count: 23; best_tax_advantage: 0.0; random_action_prob: 0.2077; saved_snapshots: 0
0 -0.0008333333333333334 60
1 -0.0014609611245811427 44
2 -0.0008333333333333334 24
update: 38; loss: -0.018734038497010868; cumulative_reward: -0.20898560776833713; success_count: 0; episode_count: 9; invalid_count: 0; positive_reward_count: 1; random_exploration_count: 33; best_tax_advantage: 0.0; random_action_prob: 0.2066; saved_snapshots: 0
0 -0.0008928571428571429 56
1 -0.002474587309334777 48
2 -0.0016752257050111584 24
update: 39; loss: -0.012603672842184702; cumulative_reward: 0.2528566851418141; success_count: 0; episode_count: 9; invalid_count: 0; positive_reward_count: 9; random_exploration_count: 26; best_tax_advantage: 0.0; random_action_prob: 0.2056; saved_snapshots: 0
0 -0.0003773584905660377 53
1 0.005892847607121127 48
2 -0.00037037037037037035 27
update: 40; loss: -0.020372175921996433; cumulative_reward: -0.12867088607594934; success_count: 0; episode_count: 9; invalid_count: 0; positive_reward_count: 4; random_exploration_count: 27; best_tax_advantage: 0.0; random_action_prob: 0.2046; saved_snapshots: 0
0 -0.000925925925925926 54
1 0.0003361269703675992 45
2 -0.0032343655083617705 29
update: 41; loss: -0.024702003846565884; cumulative_reward: -0.15449367088607593; success_count: 0; episode_count: 10; invalid_count: 0; positive_reward_count: 3; random_exploration_count: 30; best_tax_advantage: 0.0; random_action_prob: 0.2036; saved_snapshots: 0
0 -0.0014814814814814814 54
1 -0.0013623417721518988 40
2 -0.0005882352941176471 34
update: 42; loss: -0.031010263909896214; cumulative_reward: 0.07824261617972661; success_count: 1; episode_count: 10; invalid_count: 0; positive_reward_count: 7; random_exploration_count: 21; best_tax_advantage: 2322000.0; random_action_prob: 0.2025; saved_snapshots: 0
0 -0.0003846153846153846 52
1 0.00377715098464458 46
2 -0.0025168776371308015 30
update: 43; loss: -0.031839085121949516; cumulative_reward: 0.1381008284799769; success_count: 2; episode_count: 10; invalid_count: 0; positive_reward_count: 6; random_exploration_count: 25; best_tax_advantage: 46746000.0; random_action_prob: 0.2015; saved_snapshots: 0
0 -0.00036363636363636367 55
1 0.00623218570012586 32
2 -0.0010080271688792837 41
update: 44; loss: -0.03563941766818365; cumulative_reward: 0.08230145836024283; success_count: 1; episode_count: 11; invalid_count: 0; positive_reward_count: 7; random_exploration_count: 20; best_tax_advantage: 46746000.0; random_action_prob: 0.2005; saved_snapshots: 0
0 -0.0007142857142857143 56
1 0.00495918698109518 36
2 -0.0015619242488662131 36
update: 45; loss: -0.030408445745706558; cumulative_reward: 0.06326530612244899; success_count: 1; episode_count: 9; invalid_count: 0; positive_reward_count: 4; random_exploration_count: 31; best_tax_advantage: 46746000.0; random_action_prob: 0.1995; saved_snapshots: 0
0 -0.0005555555555555556 54
1 0.0028666350261034646 43
2 -0.000967741935483871 31
update: 46; loss: -0.01451618658999602; cumulative_reward: -0.019265991305541238; success_count: 1; episode_count: 9; invalid_count: 0; positive_reward_count: 6; random_exploration_count: 33; best_tax_advantage: 46746000.0; random_action_prob: 0.1985; saved_snapshots: 0
0 -0.0016666666666666666 54
1 0.002934736058189098 45
2 -0.002114797031863815 29
update: 47; loss: -0.02557765630384286; cumulative_reward: 0.09996296904016563; success_count: 0; episode_count: 8; invalid_count: 0; positive_reward_count: 5; random_exploration_count: 25; best_tax_advantage: 0.0; random_action_prob: 0.1975; saved_snapshots: 0
0 -0.00017857142857142857 56
1 0.002665843756448125 45
2 -0.00037037037037037035 27
update: 48; loss: -0.03503258650501569; cumulative_reward: 0.10755958077007668; success_count: 1; episode_count: 8; invalid_count: 0; positive_reward_count: 6; random_exploration_count: 26; best_tax_advantage: 46746000.0; random_action_prob: 0.1965; saved_snapshots: 0
0 -0.0005263157894736842 57
1 0.005358956411767855 44
2 -0.0036383148647299596 27
update: 49; loss: -0.013234677103658518; cumulative_reward: -0.06477538686465152; success_count: 0; episode_count: 11; invalid_count: 0; positive_reward_count: 4; random_exploration_count: 25; best_tax_advantage: 0.0; random_action_prob: 0.1956; saved_snapshots: 0
0 -0.000784313725490196 51
1 0.0005578305182571296 40
2 -0.0012726650701334245 37
update: 50; loss: -0.03603589783112208; cumulative_reward: 0.011571021901640395; success_count: 0; episode_count: 9; invalid_count: 0; positive_reward_count: 7; random_exploration_count: 25; best_tax_advantage: 0.0; random_action_prob: 0.1946; saved_snapshots: 0
0 -0.00018181818181818183 55
1 0.0017946529241782607 42
2 -0.001735625835930534 31
update: 51; loss: -0.02348805032670498; cumulative_reward: -0.04870253164556962; success_count: 0; episode_count: 7; invalid_count: 0; positive_reward_count: 4; random_exploration_count: 26; best_tax_advantage: 0.0; random_action_prob: 0.1936; saved_snapshots: 0
0 -0.0007017543859649123 57
1 0.0010656645569620253 40
2 -0.0016557778685177625 31
update: 52; loss: 0.006933091829220454; cumulative_reward: -0.12867088607594934; success_count: 0; episode_count: 8; invalid_count: 0; positive_reward_count: 3; random_exploration_count: 21; best_tax_advantage: 0.0; random_action_prob: 0.1926; saved_snapshots: 0
0 -0.0008771929824561404 57
1 0.0012981862795273353 48
2 -0.006129731630141803 23
update: 53; loss: -0.034187344213326774; cumulative_reward: 0.015407553993653823; success_count: 0; episode_count: 8; invalid_count: 0; positive_reward_count: 3; random_exploration_count: 26; best_tax_advantage: 0.0; random_action_prob: 0.1917; saved_snapshots: 0
0 -0.00036363636363636367 55
1 0.0020380419998284817 37
2 -0.0011111111111111111 36
update: 54; loss: -0.022361908728877705; cumulative_reward: -0.013042298703500389; success_count: 0; episode_count: 8; invalid_count: 0; positive_reward_count: 5; random_exploration_count: 23; best_tax_advantage: 0.0; random_action_prob: 0.1907; saved_snapshots: 0
0 -0.00017857142857142857 56
1 0.000985445208582658 49
2 -0.002231700605393506 23
update: 55; loss: -0.030260882650812466; cumulative_reward: 0.24412452975652288; success_count: 2; episode_count: 12; invalid_count: 0; positive_reward_count: 6; random_exploration_count: 21; best_tax_advantage: 46746000.0; random_action_prob: 0.1898; saved_snapshots: 0
0 -0.00018518518518518518 54
1 0.00783215715359591 43
2 -0.0026663944467129443 31
update: 56; loss: -0.02674631712337335; cumulative_reward: -0.10172852195571325; success_count: 0; episode_count: 12; invalid_count: 0; positive_reward_count: 2; random_exploration_count: 26; best_tax_advantage: 0.0; random_action_prob: 0.1888; saved_snapshots: 0
0 -0.000980392156862745 51
1 -0.0005173457608503159 42
2 -0.0008571428571428571 35
update: 57; loss: -0.03600382680694262; cumulative_reward: -0.09668925382653061; success_count: 0; episode_count: 9; invalid_count: 0; positive_reward_count: 4; random_exploration_count: 31; best_tax_advantage: 0.0; random_action_prob: 0.1879; saved_snapshots: 0
0 -0.0006896551724137932 58
1 0.0011591241025682424 36
2 -0.00289463886820551 34
update: 58; loss: -0.013521458022296429; cumulative_reward: 0.03890614581979865; success_count: 0; episode_count: 11; invalid_count: 0; positive_reward_count: 8; random_exploration_count: 23; best_tax_advantage: 0.0; random_action_prob: 0.1869; saved_snapshots: 0
0 -0.000392156862745098 51
1 0.0019327423004304055 46
2 -0.000967741935483871 31
update: 59; loss: -0.008629257790744305; cumulative_reward: -0.007374704070862312; success_count: 1; episode_count: 13; invalid_count: 0; positive_reward_count: 8; random_exploration_count: 28; best_tax_advantage: 2322000.0; random_action_prob: 0.1860; saved_snapshots: 0
0 -0.000784313725490196 51
1 0.003581914451232102 45
2 -0.00401752669925959 32
update: 60; loss: -0.0006885615487893423; cumulative_reward: -0.051776898524740086; success_count: 0; episode_count: 11; invalid_count: 0; positive_reward_count: 7; random_exploration_count: 21; best_tax_advantage: 0.0; random_action_prob: 0.1851; saved_snapshots: 0
0 -0.0009615384615384616 52
1 0.0037450295223879397 41
2 -0.004437803112647017 35
update: 61; loss: -0.011795535994072756; cumulative_reward: 0.20669447414220643; success_count: 1; episode_count: 13; invalid_count: 0; positive_reward_count: 6; random_exploration_count: 24; best_tax_advantage: 46746000.0; random_action_prob: 0.1841; saved_snapshots: 0
0 -0.000196078431372549 51
1 0.006619609239672788 42
2 -0.0017522603978300181 35
update: 62; loss: -0.022844992578029633; cumulative_reward: 0.04368377750252239; success_count: 0; episode_count: 13; invalid_count: 0; positive_reward_count: 8; random_exploration_count: 21; best_tax_advantage: 0.0; random_action_prob: 0.1832; saved_snapshots: 0
0 -0.000196078431372549 51
1 0.003410524353825137 49
2 -0.004051139851246761 28
update: 63; loss: -0.01697067792216937; cumulative_reward: 0.025295910294497542; success_count: 0; episode_count: 14; invalid_count: 0; positive_reward_count: 4; random_exploration_count: 26; best_tax_advantage: 0.0; random_action_prob: 0.1823; saved_snapshots: 0
0 -0.0002 50
1 0.0017414778231488223 44
2 -0.0012155621742367833 34
update: 64; loss: -0.019761848573883373; cumulative_reward: 0.012986319638884719; success_count: 0; episode_count: 12; invalid_count: 0; positive_reward_count: 7; random_exploration_count: 30; best_tax_advantage: 0.0; random_action_prob: 0.1814; saved_snapshots: 0
0 -0.000588235294117647 51
1 0.003838590975871277 42
2 -0.00337812860993454 35
update: 65; loss: -0.02867778887351354; cumulative_reward: 0.08659924983808605; success_count: 0; episode_count: 12; invalid_count: 0; positive_reward_count: 6; random_exploration_count: 17; best_tax_advantage: 0.0; random_action_prob: 0.1805; saved_snapshots: 0
0 -0.000588235294117647 51
1 0.004598681435477914 39
2 -0.0016512980564619096 38
update: 66; loss: -0.01979096544285615; cumulative_reward: 0.169157495446833; success_count: 1; episode_count: 15; invalid_count: 0; positive_reward_count: 9; random_exploration_count: 17; best_tax_advantage: 46746000.0; random_action_prob: 0.1796; saved_snapshots: 0
0 -0.0002 50
1 0.005909913060791888 39
2 -0.0013161311262577086 39
update: 67; loss: -0.03135152719914913; cumulative_reward: 0.09845997279449752; success_count: 1; episode_count: 15; invalid_count: 0; positive_reward_count: 5; random_exploration_count: 22; best_tax_advantage: 46746000.0; random_action_prob: 0.1787; saved_snapshots: 0
0 -0.000588235294117647 51
1 0.00499414129773745 36
2 -0.0012519296079036742 41
update: 68; loss: -0.021671562766035397; cumulative_reward: 0.13978908671854817; success_count: 1; episode_count: 13; invalid_count: 0; positive_reward_count: 6; random_exploration_count: 28; best_tax_advantage: 46746000.0; random_action_prob: 0.1778; saved_snapshots: 0
0 -0.0004 50
1 0.005149224405917044 41
2 -0.0013872733492986658 37
update: 69; loss: -0.027166550358136494; cumulative_reward: 0.10737086388360648; success_count: 1; episode_count: 14; invalid_count: 0; positive_reward_count: 5; random_exploration_count: 21; best_tax_advantage: 46746000.0; random_action_prob: 0.1769; saved_snapshots: 0
0 -0.0006122448979591836 49
1 0.004124903811246662 43
2 -0.0011111111111111111 36
update: 70; loss: -0.02811107722421487; cumulative_reward: -0.22995774872448996; success_count: 1; episode_count: 11; invalid_count: 0; positive_reward_count: 3; random_exploration_count: 26; best_tax_advantage: 46746000.0; random_action_prob: 0.1760; saved_snapshots: 0
0 -0.0019642857142857144 56
1 0.0006106104342731665 35
2 -0.0038197057817310988 37
update: 71; loss: -0.006251429207623005; cumulative_reward: 0.24072784810126582; success_count: 1; episode_count: 12; invalid_count: 0; positive_reward_count: 9; random_exploration_count: 16; best_tax_advantage: 46746000.0; random_action_prob: 0.1751; saved_snapshots: 0
0 -0.000392156862745098 51
1 0.008175020805302424 46
2 -0.003720100288472439 31
update: 72; loss: -0.023773368448019028; cumulative_reward: -0.04065275475132881; success_count: 0; episode_count: 12; invalid_count: 0; positive_reward_count: 8; random_exploration_count: 30; best_tax_advantage: 0.0; random_action_prob: 0.1743; saved_snapshots: 0
0 -0.0013725490196078432 51
1 0.00398404681439651 36
2 -0.0027824009773073947 41
update: 73; loss: -0.026947864641745884; cumulative_reward: 0.025316455696202528; success_count: 0; episode_count: 12; invalid_count: 0; positive_reward_count: 7; random_exploration_count: 26; best_tax_advantage: 0.0; random_action_prob: 0.1734; saved_snapshots: 0
0 -0.000588235294117647 51
1 0.004096943501080581 41
2 -0.003129395218002813 36
update: 74; loss: -0.010007816987733046; cumulative_reward: 0.06272210972121167; success_count: 1; episode_count: 11; invalid_count: 0; positive_reward_count: 9; random_exploration_count: 16; best_tax_advantage: 46746000.0; random_action_prob: 0.1725; saved_snapshots: 0
0 -0.0011111111111111111 54
1 0.008187805888410199 36
2 -0.004527339533198828 38
update: 75; loss: -0.034864128877719246; cumulative_reward: 0.1412683031677861; success_count: 1; episode_count: 12; invalid_count: 0; positive_reward_count: 10; random_exploration_count: 33; best_tax_advantage: 46746000.0; random_action_prob: 0.1717; saved_snapshots: 0
0 -0.000784313725490196 51
1 0.005697818177904073 45
2 -0.002347922338684287 32
update: 76; loss: -0.013014557150503; cumulative_reward: 0.09520685507604784; success_count: 0; episode_count: 11; invalid_count: 0; positive_reward_count: 10; random_exploration_count: 21; best_tax_advantage: 0.0; random_action_prob: 0.1708; saved_snapshots: 0
0 0.0 54
1 0.005128449087726753 43
2 -0.004042466312780727 31
update: 77; loss: 0.033973767111698784; cumulative_reward: 0.36233511644579486; success_count: 2; episode_count: 10; invalid_count: 0; positive_reward_count: 11; random_exploration_count: 27; best_tax_advantage: 46746000.0; random_action_prob: 0.1699; saved_snapshots: 0
0 0.0 54
1 0.0095436087504727 46
2 -0.0027382459312839057 28
update: 78; loss: -0.02857927729686101; cumulative_reward: 0.40806583934176727; success_count: 2; episode_count: 13; invalid_count: 0; positive_reward_count: 11; random_exploration_count: 19; best_tax_advantage: 46746000.0; random_action_prob: 0.1691; saved_snapshots: 0
0 -0.00018867924528301886 53
1 0.014009469518976983 40
2 -0.004066084040494631 35
update: 79; loss: -0.019018979743123055; cumulative_reward: 0.059028610387685664; success_count: 0; episode_count: 10; invalid_count: 0; positive_reward_count: 7; random_exploration_count: 22; best_tax_advantage: 0.0; random_action_prob: 0.1683; saved_snapshots: 0
0 -0.0005660377358490566 53
1 0.0034826697987995303 44
2 -0.0020712535728868923 31
update: 80; loss: 0.00846614750723044; cumulative_reward: 0.2764447393019443; success_count: 1; episode_count: 12; invalid_count: 0; positive_reward_count: 10; random_exploration_count: 22; best_tax_advantage: 56754000.0; random_action_prob: 0.1674; saved_snapshots: 0
0 -0.0005769230769230769 52
1 0.00814407131544228 44
2 -0.0016216999555473744 32
update: 81; loss: -0.009206566649178663; cumulative_reward: 0.15618863949030776; success_count: 0; episode_count: 9; invalid_count: 0; positive_reward_count: 9; random_exploration_count: 27; best_tax_advantage: 0.0; random_action_prob: 0.1666; saved_snapshots: 0
0 -0.0005263157894736842 57
1 0.007636210033222622 38
2 -0.0031511315688530876 33
update: 82; loss: -0.01989510841667652; cumulative_reward: 0.3934253200884784; success_count: 2; episode_count: 10; invalid_count: 0; positive_reward_count: 10; random_exploration_count: 18; best_tax_advantage: 46746000.0; random_action_prob: 0.1657; saved_snapshots: 0
0 0.0 57
1 0.008087793925856315 49
2 -0.0001307537399309551 22
update: 83; loss: -0.0260444525629282; cumulative_reward: 0.286083358072678; success_count: 0; episode_count: 10; invalid_count: 0; positive_reward_count: 12; random_exploration_count: 24; best_tax_advantage: 0.0; random_action_prob: 0.1649; saved_snapshots: 0
0 -0.0005555555555555556 54
1 0.009681043852098614 45
2 -0.004122883285233087 29
update: 84; loss: 0.0948713446656863; cumulative_reward: 0.13540761149366587; success_count: 2; episode_count: 13; invalid_count: 0; positive_reward_count: 9; random_exploration_count: 29; best_tax_advantage: 46746000.0; random_action_prob: 0.1641; saved_snapshots: 0
0 -0.0012727272727272728 55
1 0.00928817476798341 41
2 -0.005481486062301682 32
update: 85; loss: -0.009597591434915861; cumulative_reward: 0.475638484514447; success_count: 1; episode_count: 10; invalid_count: 0; positive_reward_count: 9; random_exploration_count: 24; best_tax_advantage: 46746000.0; random_action_prob: 0.1633; saved_snapshots: 0
0 -0.00018181818181818183 55
1 0.012308752343773755 42
2 -0.0010106165781951818 31
update: 86; loss: -0.016865253448486328; cumulative_reward: -0.01639197880123438; success_count: 0; episode_count: 7; invalid_count: 0; positive_reward_count: 9; random_exploration_count: 25; best_tax_advantage: 0.0; random_action_prob: 0.1625; saved_snapshots: 0
0 -0.0014285714285714286 56
1 0.0034638801884763937 48
2 -0.004277426160337553 24
update: 87; loss: 0.0038618904848893485; cumulative_reward: 0.09594501688901019; success_count: 1; episode_count: 10; invalid_count: 0; positive_reward_count: 4; random_exploration_count: 25; best_tax_advantage: 6210000.0; random_action_prob: 0.1616; saved_snapshots: 0
0 -0.00017857142857142857 56
1 0.0035920519710502647 41
2 -0.0013331972233564721 31
update: 88; loss: -0.03375064209103584; cumulative_reward: -0.12420711176905679; success_count: 0; episode_count: 7; invalid_count: 0; positive_reward_count: 6; random_exploration_count: 24; best_tax_advantage: 0.0; random_action_prob: 0.1608; saved_snapshots: 0
0 -0.0015789473684210526 57
1 0.0010457818951596178 49
2 -0.003884110210539912 22
update: 89; loss: -0.005471107549965382; cumulative_reward: 0.1379749832230887; success_count: 1; episode_count: 7; invalid_count: 0; positive_reward_count: 5; random_exploration_count: 15; best_tax_advantage: 56754000.0; random_action_prob: 0.1600; saved_snapshots: 0
0 -0.0006451612903225806 62
1 0.00432963670230535 49
2 -0.0020104244229337304 17
update: 90; loss: -0.02444930871327718; cumulative_reward: 0.030991885187399065; success_count: 0; episode_count: 8; invalid_count: 0; positive_reward_count: 7; random_exploration_count: 22; best_tax_advantage: 0.0; random_action_prob: 0.1592; saved_snapshots: 0
0 -0.0003333333333333333 60
1 0.002880759171128549 42
2 -0.0026923076923076926 26
update: 91; loss: -0.03623713180422783; cumulative_reward: 0.01249850229785232; success_count: 0; episode_count: 4; invalid_count: 0; positive_reward_count: 7; random_exploration_count: 23; best_tax_advantage: 0.0; random_action_prob: 0.1584; saved_snapshots: 0
0 -0.0008064516129032258 62
1 0.00553261122207267 45
2 -0.008879476318829418 21
update: 92; loss: -0.014632293954491615; cumulative_reward: -0.07879942602040817; success_count: 0; episode_count: 5; invalid_count: 0; positive_reward_count: 3; random_exploration_count: 14; best_tax_advantage: 0.0; random_action_prob: 0.1576; saved_snapshots: 0
0 -0.0008955223880597015 67
1 -0.00019129187000887317 46
2 -0.0006666666666666666 15
update: 93; loss: -0.02829317996899287; cumulative_reward: -0.2950494260204083; success_count: 0; episode_count: 4; invalid_count: 0; positive_reward_count: 2; random_exploration_count: 22; best_tax_advantage: 0.0; random_action_prob: 0.1569; saved_snapshots: 0
0 -0.0014285714285714286 63
1 -0.0023479474698042484 49
2 -0.005625 16
update: 94; loss: -0.014257430098950863; cumulative_reward: 0.22424526911985834; success_count: 2; episode_count: 6; invalid_count: 0; positive_reward_count: 7; random_exploration_count: 19; best_tax_advantage: 46746000.0; random_action_prob: 0.1561; saved_snapshots: 0
0 -0.0003278688524590164 61
1 0.005505109773330383 48
2 -0.0010526315789473684 19
update: 95; loss: -0.010958611654738585; cumulative_reward: -0.06038358524685245; success_count: 0; episode_count: 4; invalid_count: 0; positive_reward_count: 5; random_exploration_count: 23; best_tax_advantage: 0.0; random_action_prob: 0.1553; saved_snapshots: 0
0 -0.0009523809523809524 63
1 0.0010189105735439626 50
2 -0.0034219409282700425 15
update: 96; loss: -0.01829425897449255; cumulative_reward: 0.14621464032942705; success_count: 0; episode_count: 1; invalid_count: 0; positive_reward_count: 6; random_exploration_count: 13; best_tax_advantage: 0.0; random_action_prob: 0.1545; saved_snapshots: 0
0 -0.0006944444444444445 72
1 0.0049098723887958835 42
2 -0.0007142857142857143 14
update: 97; loss: -0.010112334663669268; cumulative_reward: 0.1832499525720098; success_count: 1; episode_count: 4; invalid_count: 0; positive_reward_count: 8; random_exploration_count: 17; best_tax_advantage: 46746000.0; random_action_prob: 0.1537; saved_snapshots: 0
0 -0.0004054054054054054 74
1 0.006061406345144296 42
2 -0.0034440928270042196 12
update: 98; loss: -0.018578488379716873; cumulative_reward: 0.25752449090497814; success_count: 2; episode_count: 9; invalid_count: 0; positive_reward_count: 8; random_exploration_count: 22; best_tax_advantage: 46746000.0; random_action_prob: 0.1530; saved_snapshots: 0
0 -0.0005 60
1 0.008041202456891302 37
2 -0.0003225806451612903 31
update: 99; loss: -0.029242852081855137; cumulative_reward: 0.44802413619426845; success_count: 2; episode_count: 5; invalid_count: 0; positive_reward_count: 13; random_exploration_count: 20; best_tax_advantage: 46746000.0; random_action_prob: 0.1522; saved_snapshots: 0
0 -0.0009523809523809524 63
1 0.012227821277142465 44
2 -0.0014285714285714286 21
2026-08-07T15:16:26 completed dub_irish_dutch run=9 elapsed_seconds=453.34 updates_logged=100
wrote metrics to /home/infres/shangold/shelter-check-gym/experiments/results/loophole_learning_metrics_hard_dub_irish_dutch_927710_2_20260807_135845
Job finished at Fri Aug  7 15:16:30 CEST 2026
