Job 927708 started on node17 at Fri Aug  7 13:58:45 CEST 2026
Output directory: experiments/results/loophole_learning_metrics_hard_barnes_group_927708_0_20260807_135845
Loopholes: barnes_group
Environment variant: hard
Runs: 10; updates: 100; rollout steps: 128; tail updates: 20
SHELTER_CHECK_DEVICE: cpu; stream train logs: 1
Fri Aug  7 13:58:45 2026       
+-----------------------------------------------------------------------------------------+
| NVIDIA-SMI 580.126.18             Driver Version: 580.126.18     CUDA Version: 13.0     |
+-----------------------------------------+------------------------+----------------------+
| GPU  Name                 Persistence-M | Bus-Id          Disp.A | Volatile Uncorr. ECC |
| Fan  Temp   Perf          Pwr:Usage/Cap |           Memory-Usage | GPU-Util  Compute M. |
|                                         |                        |               MIG M. |
|=========================================+========================+======================|
|   0  Tesla P100-PCIE-16GB           Off |   00000000:D8:00.0 Off |                    0 |
| N/A   29C    P0             26W /  250W |       0MiB /  16384MiB |      0%      Default |
|                                         |                        |                  N/A |
+-----------------------------------------+------------------------+----------------------+

+-----------------------------------------------------------------------------------------+
| Processes:                                                                              |
|  GPU   GI   CI              PID   Type   Process name                        GPU Memory |
|        ID   ID                                                               Usage      |
|=========================================================================================|
|  No running processes found                                                             |
+-----------------------------------------------------------------------------------------+
torch 2.5.1+cu121
cuda_available True
cuda 12.1
               total        used        free      shared  buff/cache   available
Mem:           124Gi       5.5Gi        51Gi       4.6Mi        69Gi       119Gi
Swap:           31Gi       268Ki        31Gi
2026-08-07T13:58:52 running barnes_group run=0 seed=1729
env_variant: HardTaxEnv
update_start: 0; random_action_prob: 0.2500
update_complete: 0; loss: 1.270901660124461; cumulative_reward: -0.8000000000000005; invalid_count: 0; positive_reward_count: 0; success_count: 0; episode_count: 0; random_exploration_count: 38; avg_entropy: 0.9448; best_tax_advantage: 0.0; random_action_prob: 0.2500
make_subcorporation -0.01 75
transfer_cash -0.001 10
contribute_for_stock -0.0009302325581395349 43
update_start: 1; random_action_prob: 0.2487
update_complete: 1; loss: 0.07948802784085274; cumulative_reward: -0.7600000000000005; invalid_count: 0; positive_reward_count: 0; success_count: 0; episode_count: 0; random_exploration_count: 33; avg_entropy: 1.1255; best_tax_advantage: 0.0; random_action_prob: 0.2487
make_subcorporation -0.01 75
transfer_cash 0.0 27
contribute_for_stock -0.0003846153846153846 26
update_start: 2; random_action_prob: 0.2475
update_complete: 2; loss: 0.25277164950966835; cumulative_reward: -0.7700000000000005; invalid_count: 0; positive_reward_count: 0; success_count: 0; episode_count: 0; random_exploration_count: 38; avg_entropy: 1.1391; best_tax_advantage: 0.0; random_action_prob: 0.2475
make_subcorporation -0.009864864864864865 74
transfer_cash -0.0007142857142857143 28
contribute_for_stock -0.0007692307692307692 26
update_start: 3; random_action_prob: 0.2463
update_complete: 3; loss: 0.030676467965046566; cumulative_reward: -0.7700000000000005; invalid_count: 0; positive_reward_count: 0; success_count: 0; episode_count: 0; random_exploration_count: 35; avg_entropy: 1.1102; best_tax_advantage: 0.0; random_action_prob: 0.2463
make_subcorporation -0.009864864864864865 74
transfer_cash -0.0011111111111111111 18
contribute_for_stock -0.0005555555555555556 36
update_start: 4; random_action_prob: 0.2450
update_complete: 4; loss: 0.07386975487073262; cumulative_reward: -0.7700000000000005; invalid_count: 0; positive_reward_count: 0; success_count: 0; episode_count: 0; random_exploration_count: 35; avg_entropy: 1.2289; best_tax_advantage: 0.0; random_action_prob: 0.2450
make_subcorporation -0.009868421052631578 76
transfer_cash -0.0003846153846153846 26
contribute_for_stock -0.0003846153846153846 26
update_start: 5; random_action_prob: 0.2438
update_complete: 5; loss: 0.01570882151524226; cumulative_reward: -0.7500000000000004; invalid_count: 0; positive_reward_count: 0; success_count: 0; episode_count: 0; random_exploration_count: 30; avg_entropy: 1.1838; best_tax_advantage: 0.0; random_action_prob: 0.2438
make_subcorporation -0.01 75
transfer_cash 0.0 26
contribute_for_stock 0.0 27
update_start: 6; random_action_prob: 0.2426
update_complete: 6; loss: 0.20609724521636963; cumulative_reward: -0.7600000000000005; invalid_count: 0; positive_reward_count: 0; success_count: 0; episode_count: 0; random_exploration_count: 31; avg_entropy: 1.1565; best_tax_advantage: 0.0; random_action_prob: 0.2426
make_subcorporation -0.009868421052631578 76
transfer_cash 0.0 31
contribute_for_stock -0.0004761904761904762 21
update_start: 7; random_action_prob: 0.2414
update_complete: 7; loss: 0.026279788464307785; cumulative_reward: -0.8300000000000005; invalid_count: 0; positive_reward_count: 0; success_count: 0; episode_count: 0; random_exploration_count: 32; avg_entropy: 1.2001; best_tax_advantage: 0.0; random_action_prob: 0.2414
make_subcorporation -0.009864864864864865 74
transfer_cash -0.002173913043478261 23
contribute_for_stock -0.0016129032258064516 31
update_start: 8; random_action_prob: 0.2402
update_complete: 8; loss: 0.058280503998200096; cumulative_reward: -0.7900000000000004; invalid_count: 0; positive_reward_count: 0; success_count: 0; episode_count: 0; random_exploration_count: 28; avg_entropy: 1.2020; best_tax_advantage: 0.0; random_action_prob: 0.2402
make_subcorporation -0.009864864864864865 74
transfer_cash -0.0004347826086956522 23
contribute_for_stock -0.0016129032258064516 31
update_start: 9; random_action_prob: 0.2390
update_complete: 9; loss: 0.05375955378015836; cumulative_reward: -0.9000000000000006; invalid_count: 0; positive_reward_count: 0; success_count: 0; episode_count: 0; random_exploration_count: 35; avg_entropy: 1.3540; best_tax_advantage: 0.0; random_action_prob: 0.2390
make_subcorporation -0.01 72
transfer_cash -0.0023333333333333335 30
contribute_for_stock -0.004230769230769231 26
update_start: 10; random_action_prob: 0.2378
update_complete: 10; loss: 0.0989564557870229; cumulative_reward: -0.2000000000000006; invalid_count: 0; positive_reward_count: 1; success_count: 1; episode_count: 1; random_exploration_count: 24; avg_entropy: 1.4605; best_tax_advantage: 35.0; random_action_prob: 0.2378
make_subcorporation -0.009864864864864865 74
transfer_cash 0.0325 24
contribute_for_stock -0.008333333333333333 30
update_start: 11; random_action_prob: 0.2366
update_complete: 11; loss: 0.038906220346689224; cumulative_reward: -0.9900000000000007; invalid_count: 0; positive_reward_count: 0; success_count: 0; episode_count: 0; random_exploration_count: 25; avg_entropy: 1.3624; best_tax_advantage: 0.0; random_action_prob: 0.2366
make_subcorporation -0.009873417721518988 79
transfer_cash -0.005333333333333333 15
contribute_for_stock -0.003823529411764706 34
update_start: 12; random_action_prob: 0.2354
update_complete: 12; loss: 0.028901116301616032; cumulative_reward: -1.2400000000000009; invalid_count: 0; positive_reward_count: 0; success_count: 0; episode_count: 0; random_exploration_count: 33; avg_entropy: 1.4323; best_tax_advantage: 0.0; random_action_prob: 0.2354
make_subcorporation -0.01 72
transfer_cash -0.006818181818181818 22
contribute_for_stock -0.01088235294117647 34
update_start: 13; random_action_prob: 0.2342
update_complete: 13; loss: -0.013977311551570892; cumulative_reward: -0.9900000000000007; invalid_count: 0; positive_reward_count: 0; success_count: 0; episode_count: 0; random_exploration_count: 43; avg_entropy: 1.4474; best_tax_advantage: 0.0; random_action_prob: 0.2342
make_subcorporation -0.01 72
transfer_cash -0.00631578947368421 19
contribute_for_stock -0.004054054054054054 37
update_start: 14; random_action_prob: 0.2331
update_complete: 14; loss: 0.07283221930265427; cumulative_reward: -1.1700000000000006; invalid_count: 0; positive_reward_count: 0; success_count: 0; episode_count: 0; random_exploration_count: 33; avg_entropy: 1.4632; best_tax_advantage: 0.0; random_action_prob: 0.2331
make_subcorporation -0.009863013698630137 73
transfer_cash -0.01 16
contribute_for_stock -0.007435897435897436 39
update_start: 15; random_action_prob: 0.2319
update_complete: 15; loss: -0.036749341835578285; cumulative_reward: -0.9200000000000006; invalid_count: 0; positive_reward_count: 0; success_count: 0; episode_count: 0; random_exploration_count: 24; avg_entropy: 1.3369; best_tax_advantage: 0.0; random_action_prob: 0.2319
make_subcorporation -0.009863013698630137 73
transfer_cash -0.006666666666666666 9
contribute_for_stock -0.0030434782608695656 46
update_start: 16; random_action_prob: 0.2307
update_complete: 16; loss: 0.07096207762757938; cumulative_reward: -0.9100000000000006; invalid_count: 0; positive_reward_count: 0; success_count: 0; episode_count: 0; random_exploration_count: 32; avg_entropy: 1.3800; best_tax_advantage: 0.0; random_action_prob: 0.2307
make_subcorporation -0.009857142857142858 70
transfer_cash -0.005263157894736842 19
contribute_for_stock -0.003076923076923077 39
update_start: 17; random_action_prob: 0.2296
update_complete: 17; loss: 0.002108809848626455; cumulative_reward: -1.1400000000000008; invalid_count: 0; positive_reward_count: 0; success_count: 0; episode_count: 0; random_exploration_count: 27; avg_entropy: 1.4620; best_tax_advantage: 0.0; random_action_prob: 0.2296
make_subcorporation -0.009850746268656717 67
transfer_cash -0.008214285714285714 28
contribute_for_stock -0.007575757575757576 33
update_start: 18; random_action_prob: 0.2284
update_complete: 18; loss: 0.016483034938573837; cumulative_reward: -0.9600000000000006; invalid_count: 0; positive_reward_count: 0; success_count: 0; episode_count: 0; random_exploration_count: 24; avg_entropy: 1.3491; best_tax_advantage: 0.0; random_action_prob: 0.2284
make_subcorporation -0.009864864864864865 74
transfer_cash -0.00625 16
contribute_for_stock -0.0034210526315789475 38
update_start: 19; random_action_prob: 0.2273
update_complete: 19; loss: -0.04007585346698761; cumulative_reward: -0.8900000000000005; invalid_count: 0; positive_reward_count: 0; success_count: 0; episode_count: 0; random_exploration_count: 35; avg_entropy: 1.5836; best_tax_advantage: 0.0; random_action_prob: 0.2273
make_subcorporation -0.01 72
transfer_cash -0.004285714285714286 14
contribute_for_stock -0.002619047619047619 42
update_start: 20; random_action_prob: 0.2262
update_complete: 20; loss: -0.01795462891459465; cumulative_reward: -1.0500000000000007; invalid_count: 0; positive_reward_count: 0; success_count: 0; episode_count: 0; random_exploration_count: 27; avg_entropy: 1.5759; best_tax_advantage: 0.0; random_action_prob: 0.2262
make_subcorporation -0.009859154929577466 71
transfer_cash -0.010588235294117647 17
contribute_for_stock -0.00425 40
update_start: 21; random_action_prob: 0.2250
update_complete: 21; loss: 0.04211790859699249; cumulative_reward: -1.1300000000000008; invalid_count: 0; positive_reward_count: 0; success_count: 0; episode_count: 0; random_exploration_count: 24; avg_entropy: 1.4368; best_tax_advantage: 0.0; random_action_prob: 0.2250
make_subcorporation -0.01 69
transfer_cash -0.011 20
contribute_for_stock -0.0056410256410256415 39
update_start: 22; random_action_prob: 0.2239
update_complete: 22; loss: -0.018902719020843506; cumulative_reward: -0.9900000000000007; invalid_count: 0; positive_reward_count: 0; success_count: 0; episode_count: 0; random_exploration_count: 35; avg_entropy: 1.3971; best_tax_advantage: 0.0; random_action_prob: 0.2239
make_subcorporation -0.01 75
transfer_cash -0.005625 16
contribute_for_stock -0.004054054054054054 37
update_start: 23; random_action_prob: 0.2228
update_complete: 23; loss: 0.018798254430294037; cumulative_reward: -0.8500000000000005; invalid_count: 0; positive_reward_count: 0; success_count: 0; episode_count: 0; random_exploration_count: 29; avg_entropy: 1.2312; best_tax_advantage: 0.0; random_action_prob: 0.2228
make_subcorporation -0.009863013698630137 73
transfer_cash -0.006363636363636364 11
contribute_for_stock -0.0013636363636363635 44
update_start: 24; random_action_prob: 0.2217
update_complete: 24; loss: -0.037605551381905876; cumulative_reward: -1.0300000000000007; invalid_count: 0; positive_reward_count: 0; success_count: 0; episode_count: 0; random_exploration_count: 33; avg_entropy: 1.3167; best_tax_advantage: 0.0; random_action_prob: 0.2217
make_subcorporation -0.01 72
transfer_cash -0.012 15
contribute_for_stock -0.0031707317073170734 41
update_start: 25; random_action_prob: 0.2206
update_complete: 25; loss: -0.05325558284918467; cumulative_reward: -0.9900000000000007; invalid_count: 0; positive_reward_count: 0; success_count: 0; episode_count: 0; random_exploration_count: 30; avg_entropy: 1.5515; best_tax_advantage: 0.0; random_action_prob: 0.2206
make_subcorporation -0.009852941176470589 68
transfer_cash -0.008695652173913044 23
contribute_for_stock -0.003243243243243243 37
update_start: 26; random_action_prob: 0.2195
update_complete: 26; loss: -0.039561512569586434; cumulative_reward: -1.0400000000000005; invalid_count: 0; positive_reward_count: 0; success_count: 0; episode_count: 0; random_exploration_count: 32; avg_entropy: 1.6195; best_tax_advantage: 0.0; random_action_prob: 0.2195
make_subcorporation -0.009852941176470589 68
transfer_cash -0.0088 25
contribute_for_stock -0.004285714285714286 35
update_start: 27; random_action_prob: 0.2184
update_complete: 27; loss: -0.05126204093297323; cumulative_reward: -0.8800000000000006; invalid_count: 0; positive_reward_count: 0; success_count: 0; episode_count: 0; random_exploration_count: 20; avg_entropy: 1.4286; best_tax_advantage: 0.0; random_action_prob: 0.2184
make_subcorporation -0.009857142857142858 70
transfer_cash -0.0055 20
contribute_for_stock -0.002105263157894737 38
update_start: 28; random_action_prob: 0.2173
update_complete: 28; loss: -0.004748729368050893; cumulative_reward: -1.1800000000000006; invalid_count: 0; positive_reward_count: 0; success_count: 0; episode_count: 0; random_exploration_count: 24; avg_entropy: 1.5320; best_tax_advantage: 0.0; random_action_prob: 0.2173
make_subcorporation -0.00984375 64
transfer_cash -0.011481481481481481 27
contribute_for_stock -0.006486486486486486 37
update_start: 29; random_action_prob: 0.2162
update_complete: 29; loss: -0.0416935533285141; cumulative_reward: -1.1900000000000006; invalid_count: 0; positive_reward_count: 0; success_count: 0; episode_count: 0; random_exploration_count: 27; avg_entropy: 1.5690; best_tax_advantage: 0.0; random_action_prob: 0.2162
make_subcorporation -0.009852941176470589 68
transfer_cash -0.01 28
contribute_for_stock -0.0075 32
update_start: 30; random_action_prob: 0.2151
update_complete: 30; loss: -0.056122166415055595; cumulative_reward: -1.440000000000001; invalid_count: 0; positive_reward_count: 0; success_count: 0; episode_count: 0; random_exploration_count: 26; avg_entropy: 1.3873; best_tax_advantage: 0.0; random_action_prob: 0.2151
make_subcorporation -0.00984375 64
transfer_cash -0.01542857142857143 35
contribute_for_stock -0.009310344827586208 29
update_start: 31; random_action_prob: 0.2140
update_complete: 31; loss: 0.060393323500951133; cumulative_reward: 0.7799999999999994; invalid_count: 0; positive_reward_count: 3; success_count: 2; episode_count: 2; random_exploration_count: 35; avg_entropy: 1.5677; best_tax_advantage: 35.0; random_action_prob: 0.2140
make_subcorporation -0.009863013698630137 73
transfer_cash 0.0673076923076923 26
contribute_for_stock -0.008620689655172414 29
update_start: 32; random_action_prob: 0.2130
update_complete: 32; loss: 0.05210307985544205; cumulative_reward: 0.8699999999999992; invalid_count: 0; positive_reward_count: 3; success_count: 2; episode_count: 2; random_exploration_count: 28; avg_entropy: 1.4978; best_tax_advantage: 35.0; random_action_prob: 0.2130
make_subcorporation -0.009870129870129871 77
transfer_cash 0.0692 25
contribute_for_stock -0.0038461538461538464 26
update_start: 33; random_action_prob: 0.2119
update_complete: 33; loss: -0.042082266261180244; cumulative_reward: 1.8199999999999994; invalid_count: 0; positive_reward_count: 6; success_count: 3; episode_count: 3; random_exploration_count: 29; avg_entropy: 1.4919; best_tax_advantage: 35.0; random_action_prob: 0.2119
make_subcorporation -0.009722222222222222 72
transfer_cash 0.09066666666666666 30
contribute_for_stock -0.007692307692307693 26
update_start: 34; random_action_prob: 0.2108
update_complete: 34; loss: -0.004826674858729045; cumulative_reward: 1.7599999999999991; invalid_count: 0; positive_reward_count: 4; success_count: 3; episode_count: 3; random_exploration_count: 26; avg_entropy: 1.4615; best_tax_advantage: 35.0; random_action_prob: 0.2108
make_subcorporation -0.009852941176470589 68
transfer_cash 0.07628571428571429 35
contribute_for_stock -0.0096 25
update_start: 35; random_action_prob: 0.2098
update_complete: 35; loss: 0.06497464204827945; cumulative_reward: 5.940000000000011; invalid_count: 0; positive_reward_count: 8; success_count: 7; episode_count: 7; random_exploration_count: 27; avg_entropy: 1.2931; best_tax_advantage: 35.0; random_action_prob: 0.2098
make_subcorporation -0.01 75
transfer_cash 0.25037037037037035 27
contribute_for_stock -0.0026923076923076926 26
update_start: 36; random_action_prob: 0.2087
update_complete: 36; loss: 0.13138505816459656; cumulative_reward: 0.07999999999999952; invalid_count: 0; positive_reward_count: 1; success_count: 1; episode_count: 1; random_exploration_count: 33; avg_entropy: 1.0371; best_tax_advantage: 35.0; random_action_prob: 0.2087
make_subcorporation -0.009887640449438202 89
transfer_cash 0.2475 4
contribute_for_stock -0.0008571428571428571 35
update_start: 37; random_action_prob: 0.2077
update_complete: 37; loss: 0.004277275254329045; cumulative_reward: -0.9000000000000006; invalid_count: 0; positive_reward_count: 0; success_count: 0; episode_count: 0; random_exploration_count: 20; avg_entropy: 0.8682; best_tax_advantage: 0.0; random_action_prob: 0.2077
make_subcorporation -0.01 90
transfer_cash 0.0 6
contribute_for_stock 0.0 32
update_start: 38; random_action_prob: 0.2066
update_complete: 38; loss: 0.14703371127446493; cumulative_reward: 1.0899999999999994; invalid_count: 0; positive_reward_count: 2; success_count: 2; episode_count: 2; random_exploration_count: 24; avg_entropy: 0.9396; best_tax_advantage: 35.0; random_action_prob: 0.2066
make_subcorporation -0.009767441860465116 86
transfer_cash 0.195 10
contribute_for_stock -0.000625 32
update_start: 39; random_action_prob: 0.2056
update_complete: 39; loss: 0.045555539429187775; cumulative_reward: 5.010000000000008; invalid_count: 0; positive_reward_count: 8; success_count: 6; episode_count: 6; random_exploration_count: 20; avg_entropy: 0.9463; best_tax_advantage: 35.0; random_action_prob: 0.2056
make_subcorporation -0.009767441860465116 86
transfer_cash 0.5318181818181817 11
contribute_for_stock 0.0 31
update_start: 40; random_action_prob: 0.2046
update_complete: 40; loss: -0.004100518922011058; cumulative_reward: 5.0400000000000045; invalid_count: 0; positive_reward_count: 8; success_count: 6; episode_count: 6; random_exploration_count: 28; avg_entropy: 1.1068; best_tax_advantage: 35.0; random_action_prob: 0.2046
make_subcorporation -0.0095 80
transfer_cash 0.364375 16
contribute_for_stock -0.0009375 32
update_start: 41; random_action_prob: 0.2036
update_complete: 41; loss: -0.006940079232056935; cumulative_reward: 3.0300000000000034; invalid_count: 0; positive_reward_count: 5; success_count: 4; episode_count: 4; random_exploration_count: 27; avg_entropy: 1.1591; best_tax_advantage: 35.0; random_action_prob: 0.2036
make_subcorporation -0.009761904761904763 84
transfer_cash 0.3527272727272727 11
contribute_for_stock -0.0009090909090909091 33
update_start: 42; random_action_prob: 0.2025
update_complete: 42; loss: -0.052418582141399384; cumulative_reward: 2.0199999999999996; invalid_count: 0; positive_reward_count: 3; success_count: 3; episode_count: 3; random_exploration_count: 22; avg_entropy: 1.1192; best_tax_advantage: 35.0; random_action_prob: 0.2025
make_subcorporation -0.009887640449438202 89
transfer_cash 0.2672727272727273 11
contribute_for_stock -0.0014285714285714286 28
update_start: 43; random_action_prob: 0.2015
update_complete: 43; loss: -0.04431458314259847; cumulative_reward: 7.940000000000014; invalid_count: 0; positive_reward_count: 11; success_count: 9; episode_count: 9; random_exploration_count: 22; avg_entropy: 1.2083; best_tax_advantage: 35.0; random_action_prob: 0.2015
make_subcorporation -0.009466666666666667 75
transfer_cash 0.3492 25
contribute_for_stock -0.002857142857142857 28
update_start: 44; random_action_prob: 0.2005
update_complete: 44; loss: 0.008024002114931742; cumulative_reward: 6.840000000000016; invalid_count: 0; positive_reward_count: 10; success_count: 8; episode_count: 8; random_exploration_count: 27; avg_entropy: 1.3301; best_tax_advantage: 35.0; random_action_prob: 0.2005
make_subcorporation -0.009315068493150686 73
transfer_cash 0.24870967741935485 31
contribute_for_stock -0.007916666666666667 24
update_start: 45; random_action_prob: 0.1995
update_complete: 45; loss: 0.022984779129425686; cumulative_reward: 7.040000000000012; invalid_count: 0; positive_reward_count: 9; success_count: 8; episode_count: 8; random_exploration_count: 24; avg_entropy: 1.3279; best_tax_advantage: 35.0; random_action_prob: 0.1995
make_subcorporation -0.009342105263157895 76
transfer_cash 0.28925925925925927 27
contribute_for_stock -0.0024 25
update_start: 46; random_action_prob: 0.1985
update_complete: 46; loss: 0.08026312043269475; cumulative_reward: 6.0900000000000105; invalid_count: 0; positive_reward_count: 8; success_count: 7; episode_count: 7; random_exploration_count: 33; avg_entropy: 1.3477; best_tax_advantage: 35.0; random_action_prob: 0.1985
make_subcorporation -0.00923076923076923 78
transfer_cash 0.27440000000000003 25
contribute_for_stock -0.002 25
update_start: 47; random_action_prob: 0.1975
update_complete: 47; loss: 0.009831099460522333; cumulative_reward: 3.9500000000000037; invalid_count: 0; positive_reward_count: 6; success_count: 5; episode_count: 5; random_exploration_count: 30; avg_entropy: 1.3187; best_tax_advantage: 35.0; random_action_prob: 0.1975
make_subcorporation -0.009873417721518988 79
transfer_cash 0.20956521739130435 23
contribute_for_stock -0.003461538461538461 26
update_start: 48; random_action_prob: 0.1965
update_complete: 48; loss: 0.04163934911290804; cumulative_reward: 7.050000000000013; invalid_count: 0; positive_reward_count: 8; success_count: 8; episode_count: 8; random_exploration_count: 29; avg_entropy: 1.3020; best_tax_advantage: 35.0; random_action_prob: 0.1965
make_subcorporation -0.009342105263157895 76
transfer_cash 0.3408695652173913 23
contribute_for_stock -0.0027586206896551726 29
update_start: 49; random_action_prob: 0.1956
update_complete: 49; loss: 0.06860992436607678; cumulative_reward: 7.930000000000016; invalid_count: 0; positive_reward_count: 9; success_count: 9; episode_count: 9; random_exploration_count: 22; avg_entropy: 1.2638; best_tax_advantage: 35.0; random_action_prob: 0.1956
make_subcorporation -0.009761904761904763 84
transfer_cash 0.5873333333333334 15
contribute_for_stock -0.0020689655172413794 29
update_start: 50; random_action_prob: 0.1946
update_complete: 50; loss: 0.016195029020309448; cumulative_reward: 3.990000000000007; invalid_count: 0; positive_reward_count: 7; success_count: 5; episode_count: 5; random_exploration_count: 32; avg_entropy: 1.2254; best_tax_advantage: 35.0; random_action_prob: 0.1946
make_subcorporation -0.009879518072289158 83
transfer_cash 0.27 18
contribute_for_stock -0.001851851851851852 27
update_start: 51; random_action_prob: 0.1936
update_complete: 51; loss: -0.032935090363025665; cumulative_reward: 12.030000000000015; invalid_count: 0; positive_reward_count: 14; success_count: 13; episode_count: 13; random_exploration_count: 25; avg_entropy: 1.2484; best_tax_advantage: 35.0; random_action_prob: 0.1936
make_subcorporation -0.009066666666666667 75
transfer_cash 0.4919230769230769 26
contribute_for_stock -0.002962962962962963 27
update_start: 52; random_action_prob: 0.1926
update_complete: 52; loss: -0.008935413012901941; cumulative_reward: 5.0000000000000036; invalid_count: 0; positive_reward_count: 6; success_count: 6; episode_count: 6; random_exploration_count: 28; avg_entropy: 1.1287; best_tax_advantage: 35.0; random_action_prob: 0.1926
make_subcorporation -0.0095 80
transfer_cash 0.39066666666666666 15
contribute_for_stock -0.0030303030303030303 33
update_start: 53; random_action_prob: 0.1917
update_complete: 53; loss: -0.025189053888122242; cumulative_reward: 8.435714285714296; invalid_count: 0; positive_reward_count: 12; success_count: 9; episode_count: 9; random_exploration_count: 26; avg_entropy: 1.1288; best_tax_advantage: 35.0; random_action_prob: 0.1917
make_subcorporation -0.008985507246376812 69
transfer_cash 0.3139901477832512 29
contribute_for_stock -0.0016666666666666668 30
update_start: 54; random_action_prob: 0.1907
update_complete: 54; loss: 0.008545367668072382; cumulative_reward: 7.28000000000001; invalid_count: 0; positive_reward_count: 8; success_count: 8; episode_count: 8; random_exploration_count: 30; avg_entropy: 1.0684; best_tax_advantage: 35.0; random_action_prob: 0.1907
make_subcorporation -0.0088 75
transfer_cash 0.3613636363636364 22
contribute_for_stock -0.0003225806451612903 31
update_start: 55; random_action_prob: 0.1898
update_complete: 55; loss: -0.010764050607879957; cumulative_reward: 8.190000000000005; invalid_count: 0; positive_reward_count: 11; success_count: 9; episode_count: 9; random_exploration_count: 29; avg_entropy: 1.1985; best_tax_advantage: 35.0; random_action_prob: 0.1898
make_subcorporation -0.008961038961038961 77
transfer_cash 0.35600000000000004 25
contribute_for_stock -0.0007692307692307692 26
update_start: 56; random_action_prob: 0.1888
update_complete: 56; loss: -0.05587608367204666; cumulative_reward: 10.23000000000001; invalid_count: 0; positive_reward_count: 15; success_count: 11; episode_count: 11; random_exploration_count: 26; avg_entropy: 1.2277; best_tax_advantage: 35.0; random_action_prob: 0.1888
make_subcorporation -0.008472222222222221 72
transfer_cash 0.39 28
contribute_for_stock -0.002857142857142857 28
update_start: 57; random_action_prob: 0.1879
update_complete: 57; loss: -0.022538354620337486; cumulative_reward: 7.190000000000008; invalid_count: 0; positive_reward_count: 8; success_count: 8; episode_count: 8; random_exploration_count: 23; avg_entropy: 1.1490; best_tax_advantage: 35.0; random_action_prob: 0.1879
make_subcorporation -0.009125 80
transfer_cash 0.41736842105263156 19
contribute_for_stock -0.0003448275862068966 29
update_start: 58; random_action_prob: 0.1869
update_complete: 58; loss: -0.004956244180599849; cumulative_reward: 8.20000000000001; invalid_count: 0; positive_reward_count: 11; success_count: 9; episode_count: 9; random_exploration_count: 26; avg_entropy: 1.1721; best_tax_advantage: 35.0; random_action_prob: 0.1869
make_subcorporation -0.008846153846153847 78
transfer_cash 0.4694736842105263 19
contribute_for_stock -0.000967741935483871 31
update_start: 59; random_action_prob: 0.1860
update_complete: 59; loss: -0.048839407662550606; cumulative_reward: 8.240000000000007; invalid_count: 0; positive_reward_count: 11; success_count: 9; episode_count: 9; random_exploration_count: 20; avg_entropy: 1.0978; best_tax_advantage: 35.0; random_action_prob: 0.1860
make_subcorporation -0.008648648648648649 74
transfer_cash 0.3878260869565217 23
contribute_for_stock -0.0012903225806451613 31
update_start: 60; random_action_prob: 0.1851
update_complete: 60; loss: 0.025206413120031357; cumulative_reward: 10.210000000000012; invalid_count: 0; positive_reward_count: 11; success_count: 11; episode_count: 11; random_exploration_count: 32; avg_entropy: 1.2609; best_tax_advantage: 35.0; random_action_prob: 0.1851
make_subcorporation -0.00875 72
transfer_cash 0.43520000000000003 25
contribute_for_stock -0.0012903225806451613 31
update_start: 61; random_action_prob: 0.1841
update_complete: 61; loss: 0.04229515542586645; cumulative_reward: 11.800000000000013; invalid_count: 0; positive_reward_count: 15; success_count: 13; episode_count: 13; random_exploration_count: 22; avg_entropy: 1.1545; best_tax_advantage: 35.0; random_action_prob: 0.1841
make_subcorporation -0.009487179487179488 78
transfer_cash 0.6057142857142858 21
contribute_for_stock -0.006206896551724138 29
update_start: 62; random_action_prob: 0.1832
update_complete: 62; loss: -0.028594714899857838; cumulative_reward: 6.570000000000011; invalid_count: 0; positive_reward_count: 12; success_count: 8; episode_count: 8; random_exploration_count: 26; avg_entropy: 1.2427; best_tax_advantage: 35.0; random_action_prob: 0.1832
make_subcorporation -0.009710144927536232 69
transfer_cash 0.252 30
contribute_for_stock -0.01103448275862069 29
update_start: 63; random_action_prob: 0.1823
update_complete: 63; loss: 0.008617247144381205; cumulative_reward: 6.640000000000008; invalid_count: 0; positive_reward_count: 9; success_count: 8; episode_count: 8; random_exploration_count: 23; avg_entropy: 1.3066; best_tax_advantage: 35.0; random_action_prob: 0.1823
make_subcorporation -0.009402985074626866 67
transfer_cash 0.20324324324324322 37
contribute_for_stock -0.010416666666666666 24
update_start: 64; random_action_prob: 0.1814
update_complete: 64; loss: -0.01964264859755834; cumulative_reward: 3.820000000000002; invalid_count: 0; positive_reward_count: 5; success_count: 5; episode_count: 5; random_exploration_count: 23; avg_entropy: 1.3632; best_tax_advantage: 35.0; random_action_prob: 0.1814
make_subcorporation -0.009390243902439024 82
transfer_cash 0.19791666666666666 24
contribute_for_stock -0.007272727272727273 22
update_start: 65; random_action_prob: 0.1805
update_complete: 65; loss: 0.021751604974269867; cumulative_reward: 12.980000000000015; invalid_count: 0; positive_reward_count: 15; success_count: 14; episode_count: 14; random_exploration_count: 18; avg_entropy: 1.2336; best_tax_advantage: 35.0; random_action_prob: 0.1805
make_subcorporation -0.008666666666666666 75
transfer_cash 0.5296153846153846 26
contribute_for_stock -0.005185185185185186 27
update_start: 66; random_action_prob: 0.1796
update_complete: 66; loss: 0.0022582014401753745; cumulative_reward: 8.150000000000013; invalid_count: 0; positive_reward_count: 10; success_count: 9; episode_count: 9; random_exploration_count: 25; avg_entropy: 1.2583; best_tax_advantage: 35.0; random_action_prob: 0.1796
make_subcorporation -0.008732394366197183 71
transfer_cash 0.29433333333333334 30
contribute_for_stock -0.0022222222222222222 27
update_start: 67; random_action_prob: 0.1787
update_complete: 67; loss: -0.03408541468282541; cumulative_reward: 11.170000000000012; invalid_count: 0; positive_reward_count: 13; success_count: 12; episode_count: 12; random_exploration_count: 27; avg_entropy: 1.1729; best_tax_advantage: 35.0; random_action_prob: 0.1787
make_subcorporation -0.008266666666666667 75
transfer_cash 0.5680952380952381 21
contribute_for_stock -0.004375 32
update_start: 68; random_action_prob: 0.1778
update_complete: 68; loss: -0.0011968500912189484; cumulative_reward: 12.370000000000006; invalid_count: 0; positive_reward_count: 15; success_count: 13; episode_count: 13; random_exploration_count: 24; avg_entropy: 1.0959; best_tax_advantage: 35.0; random_action_prob: 0.1778
make_subcorporation -0.008169014084507042 71
transfer_cash 0.46249999999999997 28
contribute_for_stock 0.0 29
update_start: 69; random_action_prob: 0.1769
update_complete: 69; loss: -0.0375124408553044; cumulative_reward: 11.320000000000007; invalid_count: 0; positive_reward_count: 17; success_count: 12; episode_count: 12; random_exploration_count: 22; avg_entropy: 1.0469; best_tax_advantage: 35.0; random_action_prob: 0.1769
make_subcorporation -0.008333333333333333 72
transfer_cash 0.39766666666666667 30
contribute_for_stock -0.0003846153846153846 26
update_start: 70; random_action_prob: 0.1760
update_complete: 70; loss: -0.026813410222530365; cumulative_reward: 15.370000000000012; invalid_count: 0; positive_reward_count: 21; success_count: 16; episode_count: 16; random_exploration_count: 20; avg_entropy: 0.9808; best_tax_advantage: 35.0; random_action_prob: 0.1760
make_subcorporation -0.007681159420289856 69
transfer_cash 0.4978125 32
contribute_for_stock -0.0011111111111111111 27
update_start: 71; random_action_prob: 0.1751
update_complete: 71; loss: -0.02724093695481618; cumulative_reward: 13.140000000000011; invalid_count: 0; positive_reward_count: 21; success_count: 14; episode_count: 14; random_exploration_count: 24; avg_entropy: 1.0667; best_tax_advantage: 35.0; random_action_prob: 0.1751
make_subcorporation -0.008 60
transfer_cash 0.37081081081081085 37
contribute_for_stock -0.0032258064516129032 31
update_start: 72; random_action_prob: 0.1743
update_complete: 72; loss: 0.061106628427902855; cumulative_reward: 17.26; invalid_count: 0; positive_reward_count: 26; success_count: 18; episode_count: 18; random_exploration_count: 22; avg_entropy: 1.0074; best_tax_advantage: 35.0; random_action_prob: 0.1743
make_subcorporation -0.0071428571428571435 56
transfer_cash 0.41209302325581393 43
contribute_for_stock -0.0020689655172413794 29
update_start: 73; random_action_prob: 0.1734
update_complete: 73; loss: 0.03489130735397339; cumulative_reward: 12.140000000000013; invalid_count: 0; positive_reward_count: 15; success_count: 13; episode_count: 13; random_exploration_count: 28; avg_entropy: 1.0474; best_tax_advantage: 35.0; random_action_prob: 0.1734
make_subcorporation -0.008064516129032258 62
transfer_cash 0.3538888888888889 36
contribute_for_stock -0.0033333333333333335 30
update_start: 74; random_action_prob: 0.1725
update_complete: 74; loss: -0.02664666250348091; cumulative_reward: 21.44; invalid_count: 0; positive_reward_count: 24; success_count: 22; episode_count: 22; random_exploration_count: 24; avg_entropy: 1.0037; best_tax_advantage: 35.0; random_action_prob: 0.1725
make_subcorporation -0.00671875 64
transfer_cash 0.7306666666666667 30
contribute_for_stock -0.0014705882352941176 34
update_start: 75; random_action_prob: 0.1717
update_complete: 75; loss: 0.05536816890041033; cumulative_reward: 21.439999999999994; invalid_count: 0; positive_reward_count: 25; success_count: 22; episode_count: 22; random_exploration_count: 24; avg_entropy: 0.9980; best_tax_advantage: 35.0; random_action_prob: 0.1717
make_subcorporation -0.006440677966101695 59
transfer_cash 0.6426470588235295 34
contribute_for_stock -0.0008571428571428571 35
update_start: 76; random_action_prob: 0.1708
update_complete: 76; loss: 0.01904726152618726; cumulative_reward: 15.280000000000014; invalid_count: 0; positive_reward_count: 17; success_count: 16; episode_count: 16; random_exploration_count: 29; avg_entropy: 0.9975; best_tax_advantage: 35.0; random_action_prob: 0.1708
make_subcorporation -0.007857142857142858 70
transfer_cash 0.5475862068965518 29
contribute_for_stock -0.001724137931034483 29
update_start: 77; random_action_prob: 0.1699
update_complete: 77; loss: 0.07081271708011627; cumulative_reward: 17.41000000000001; invalid_count: 0; positive_reward_count: 20; success_count: 18; episode_count: 18; random_exploration_count: 21; avg_entropy: 0.9501; best_tax_advantage: 35.0; random_action_prob: 0.1699
make_subcorporation -0.007313432835820895 67
transfer_cash 0.6892307692307693 26
contribute_for_stock -0.0005714285714285715 35
update_start: 78; random_action_prob: 0.1691
update_complete: 78; loss: 0.007963010420401892; cumulative_reward: 20.500000000000007; invalid_count: 0; positive_reward_count: 21; success_count: 21; episode_count: 21; random_exploration_count: 18; avg_entropy: 0.9282; best_tax_advantage: 35.0; random_action_prob: 0.1691
make_subcorporation -0.006666666666666666 63
transfer_cash 0.6980000000000001 30
contribute_for_stock -0.0005714285714285715 35
update_start: 79; random_action_prob: 0.1683
update_complete: 79; loss: 0.02707258363564809; cumulative_reward: 17.360000000000007; invalid_count: 0; positive_reward_count: 25; success_count: 18; episode_count: 18; random_exploration_count: 23; avg_entropy: 0.9428; best_tax_advantage: 35.0; random_action_prob: 0.1683
make_subcorporation -0.007333333333333333 60
transfer_cash 0.4952777777777777 36
contribute_for_stock -0.0009375 32
update_start: 80; random_action_prob: 0.1674
update_complete: 80; loss: -0.0002905062089363734; cumulative_reward: 20.56; invalid_count: 0; positive_reward_count: 26; success_count: 21; episode_count: 21; random_exploration_count: 17; avg_entropy: 0.8497; best_tax_advantage: 35.0; random_action_prob: 0.1674
make_subcorporation -0.006181818181818182 55
transfer_cash 0.52275 40
contribute_for_stock -0.00030303030303030303 33
update_start: 81; random_action_prob: 0.1666
update_complete: 81; loss: 0.0950004979968071; cumulative_reward: 19.360000000000003; invalid_count: 0; positive_reward_count: 23; success_count: 20; episode_count: 20; random_exploration_count: 28; avg_entropy: 0.9080; best_tax_advantage: 35.0; random_action_prob: 0.1666
make_subcorporation -0.0066071428571428574 56
transfer_cash 0.5074358974358975 39
contribute_for_stock -0.0018181818181818182 33
update_start: 82; random_action_prob: 0.1657
update_complete: 82; loss: 0.10708702852328618; cumulative_reward: 19.279999999999994; invalid_count: 0; positive_reward_count: 24; success_count: 20; episode_count: 20; random_exploration_count: 25; avg_entropy: 0.9311; best_tax_advantage: 35.0; random_action_prob: 0.1657
make_subcorporation -0.007377049180327869 61
transfer_cash 0.6196875 32
contribute_for_stock -0.002857142857142857 35
update_start: 83; random_action_prob: 0.1649
update_complete: 83; loss: 0.04142997724314531; cumulative_reward: 19.38; invalid_count: 0; positive_reward_count: 23; success_count: 20; episode_count: 20; random_exploration_count: 23; avg_entropy: 0.8780; best_tax_advantage: 35.0; random_action_prob: 0.1649
make_subcorporation -0.006833333333333334 60
transfer_cash 0.5228947368421053 38
contribute_for_stock -0.0026666666666666666 30
update_start: 84; random_action_prob: 0.1641
update_complete: 84; loss: 0.019950804611047108; cumulative_reward: 14.290000000000012; invalid_count: 0; positive_reward_count: 16; success_count: 15; episode_count: 15; random_exploration_count: 25; avg_entropy: 0.9141; best_tax_advantage: 35.0; random_action_prob: 0.1641
make_subcorporation -0.007377049180327869 61
transfer_cash 0.4113888888888889 36
contribute_for_stock -0.0022580645161290325 31
update_start: 85; random_action_prob: 0.1633
update_complete: 85; loss: -0.025352330257495243; cumulative_reward: 20.42000000000001; invalid_count: 0; positive_reward_count: 24; success_count: 21; episode_count: 21; random_exploration_count: 19; avg_entropy: 0.8002; best_tax_advantage: 35.0; random_action_prob: 0.1633
make_subcorporation -0.006440677966101695 59
transfer_cash 0.5632432432432433 37
contribute_for_stock -0.00125 32
update_start: 86; random_action_prob: 0.1625
update_complete: 86; loss: 0.021722068389256794; cumulative_reward: 14.320000000000007; invalid_count: 0; positive_reward_count: 17; success_count: 15; episode_count: 15; random_exploration_count: 28; avg_entropy: 0.9401; best_tax_advantage: 35.0; random_action_prob: 0.1625
make_subcorporation -0.007794117647058824 68
transfer_cash 0.48129032258064514 31
contribute_for_stock -0.002413793103448276 29
update_start: 87; random_action_prob: 0.1616
update_complete: 87; loss: -0.045777772863705955; cumulative_reward: 13.35000000000001; invalid_count: 0; positive_reward_count: 14; success_count: 14; episode_count: 14; random_exploration_count: 19; avg_entropy: 1.0251; best_tax_advantage: 35.0; random_action_prob: 0.1616
make_subcorporation -0.0077777777777777776 63
transfer_cash 0.47965517241379313 29
contribute_for_stock -0.0019444444444444446 36
update_start: 88; random_action_prob: 0.1608
update_complete: 88; loss: 0.0019905144969622293; cumulative_reward: 17.73571428571428; invalid_count: 0; positive_reward_count: 22; success_count: 18; episode_count: 18; random_exploration_count: 19; avg_entropy: 0.8693; best_tax_advantage: 35.0; random_action_prob: 0.1608
make_subcorporation -0.007121212121212122 66
transfer_cash 0.5522943722943723 33
contribute_for_stock -0.0006896551724137932 29
update_start: 89; random_action_prob: 0.1600
update_complete: 89; loss: -0.0036435741931200027; cumulative_reward: 13.240000000000009; invalid_count: 0; positive_reward_count: 17; success_count: 14; episode_count: 14; random_exploration_count: 18; avg_entropy: 0.9188; best_tax_advantage: 35.0; random_action_prob: 0.1600
make_subcorporation -0.008055555555555555 72
transfer_cash 0.36473684210526314 38
contribute_for_stock -0.0022222222222222222 18
update_start: 90; random_action_prob: 0.1592
update_complete: 90; loss: 0.06605986754099528; cumulative_reward: 19.27000000000001; invalid_count: 0; positive_reward_count: 23; success_count: 20; episode_count: 20; random_exploration_count: 26; avg_entropy: 1.0461; best_tax_advantage: 35.0; random_action_prob: 0.1592
make_subcorporation -0.0071875 64
transfer_cash 0.566 35
contribute_for_stock -0.0027586206896551726 29
update_start: 91; random_action_prob: 0.1584
update_complete: 91; loss: 0.014266811311244965; cumulative_reward: 14.290000000000012; invalid_count: 0; positive_reward_count: 17; success_count: 15; episode_count: 15; random_exploration_count: 20; avg_entropy: 0.9076; best_tax_advantage: 35.0; random_action_prob: 0.1584
make_subcorporation -0.007887323943661973 71
transfer_cash 0.4646875 32
contribute_for_stock -0.0008 25
update_start: 92; random_action_prob: 0.1576
update_complete: 92; loss: 0.15398120880126953; cumulative_reward: 18.429999999999996; invalid_count: 0; positive_reward_count: 19; success_count: 19; episode_count: 19; random_exploration_count: 15; avg_entropy: 0.8581; best_tax_advantage: 35.0; random_action_prob: 0.1576
make_subcorporation -0.006875 64
transfer_cash 0.4973684210526315 38
contribute_for_stock -0.0011538461538461537 26
update_start: 93; random_action_prob: 0.1569
update_complete: 93; loss: 0.05025117720166842; cumulative_reward: 17.39000000000001; invalid_count: 0; positive_reward_count: 18; success_count: 18; episode_count: 18; random_exploration_count: 20; avg_entropy: 0.9214; best_tax_advantage: 35.0; random_action_prob: 0.1569
make_subcorporation -0.007142857142857143 63
transfer_cash 0.51 35
contribute_for_stock -0.0003333333333333333 30
update_start: 94; random_action_prob: 0.1561
update_complete: 94; loss: 0.05645681048432986; cumulative_reward: 21.419999999999984; invalid_count: 0; positive_reward_count: 23; success_count: 22; episode_count: 22; random_exploration_count: 22; avg_entropy: 0.8658; best_tax_advantage: 35.0; random_action_prob: 0.1561
make_subcorporation -0.00676923076923077 65
transfer_cash 0.663030303030303 33
contribute_for_stock -0.0006666666666666666 30
update_start: 95; random_action_prob: 0.1553
update_complete: 95; loss: 0.007493790239095688; cumulative_reward: 15.290000000000013; invalid_count: 0; positive_reward_count: 20; success_count: 16; episode_count: 16; random_exploration_count: 19; avg_entropy: 0.8261; best_tax_advantage: 35.0; random_action_prob: 0.1553
make_subcorporation -0.007857142857142858 70
transfer_cash 0.4818181818181818 33
contribute_for_stock -0.0024 25
update_start: 96; random_action_prob: 0.1545
update_complete: 96; loss: -0.033262657622496285; cumulative_reward: 21.540000000000006; invalid_count: 0; positive_reward_count: 25; success_count: 22; episode_count: 22; random_exploration_count: 18; avg_entropy: 0.8337; best_tax_advantage: 35.0; random_action_prob: 0.1545
make_subcorporation -0.006290322580645161 62
transfer_cash 0.6097222222222222 36
contribute_for_stock -0.0006666666666666666 30
update_start: 97; random_action_prob: 0.1537
update_complete: 97; loss: 0.04880142336090406; cumulative_reward: 16.390000000000008; invalid_count: 0; positive_reward_count: 25; success_count: 17; episode_count: 17; random_exploration_count: 19; avg_entropy: 0.8607; best_tax_advantage: 35.0; random_action_prob: 0.1537
make_subcorporation -0.0073846153846153844 65
transfer_cash 0.422 40
contribute_for_stock -0.0004347826086956522 23
update_start: 98; random_action_prob: 0.1530
update_complete: 98; loss: -0.003467696408430735; cumulative_reward: 20.559999999999995; invalid_count: 0; positive_reward_count: 24; success_count: 21; episode_count: 21; random_exploration_count: 20; avg_entropy: 0.9722; best_tax_advantage: 35.0; random_action_prob: 0.1530
make_subcorporation -0.006206896551724138 58
transfer_cash 0.5374358974358975 39
contribute_for_stock -0.0012903225806451613 31
update_start: 99; random_action_prob: 0.1522
update_complete: 99; loss: 0.016793619841337204; cumulative_reward: 16.41000000000001; invalid_count: 0; positive_reward_count: 18; success_count: 17; episode_count: 17; random_exploration_count: 20; avg_entropy: 0.9012; best_tax_advantage: 35.0; random_action_prob: 0.1522
make_subcorporation -0.0074285714285714285 70
transfer_cash 0.53 32
contribute_for_stock -0.0011538461538461537 26
2026-08-07T14:08:09 completed barnes_group run=0 elapsed_seconds=546.68 updates_logged=100
2026-08-07T14:08:09 running barnes_group run=1 seed=1730
env_variant: HardTaxEnv
update_start: 0; random_action_prob: 0.2500
update_complete: 0; loss: 0.8132383724053701; cumulative_reward: 0.11999999999999937; invalid_count: 0; positive_reward_count: 1; success_count: 1; episode_count: 1; random_exploration_count: 27; avg_entropy: 0.6632; best_tax_advantage: 35.0; random_action_prob: 0.2500
make_subcorporation -0.009772727272727273 88
transfer_cash 0.165 6
contribute_for_stock -0.00029411764705882356 34
update_start: 1; random_action_prob: 0.2487
update_complete: 1; loss: 0.7932769656181335; cumulative_reward: -0.9100000000000006; invalid_count: 0; positive_reward_count: 0; success_count: 0; episode_count: 0; random_exploration_count: 37; avg_entropy: 0.9363; best_tax_advantage: 0.0; random_action_prob: 0.2487
make_subcorporation -0.01 90
transfer_cash -0.0011111111111111111 9
contribute_for_stock 0.0 29
update_start: 2; random_action_prob: 0.2475
update_complete: 2; loss: 0.03416538735230764; cumulative_reward: -0.9300000000000006; invalid_count: 0; positive_reward_count: 0; success_count: 0; episode_count: 0; random_exploration_count: 23; avg_entropy: 0.7689; best_tax_advantage: 0.0; random_action_prob: 0.2475
make_subcorporation -0.01 93
contribute_for_stock 0.0 35
update_start: 3; random_action_prob: 0.2463
update_complete: 3; loss: 0.12502769380807877; cumulative_reward: -0.9000000000000006; invalid_count: 0; positive_reward_count: 0; success_count: 0; episode_count: 0; random_exploration_count: 28; avg_entropy: 0.8410; best_tax_advantage: 0.0; random_action_prob: 0.2463
make_subcorporation -0.01 90
transfer_cash 0.0 4
contribute_for_stock 0.0 34
update_start: 4; random_action_prob: 0.2450
update_complete: 4; loss: 0.09839871774117152; cumulative_reward: -0.9300000000000006; invalid_count: 0; positive_reward_count: 0; success_count: 0; episode_count: 0; random_exploration_count: 32; avg_entropy: 0.8900; best_tax_advantage: 0.0; random_action_prob: 0.2450
make_subcorporation -0.009891304347826087 92
transfer_cash -0.01 1
contribute_for_stock -0.00028571428571428574 35
update_start: 5; random_action_prob: 0.2438
update_complete: 5; loss: 0.11671510835488637; cumulative_reward: -0.8400000000000005; invalid_count: 0; positive_reward_count: 0; success_count: 0; episode_count: 0; random_exploration_count: 35; avg_entropy: 0.9800; best_tax_advantage: 0.0; random_action_prob: 0.2438
make_subcorporation -0.01 84
transfer_cash 0.0 4
contribute_for_stock 0.0 40
update_start: 6; random_action_prob: 0.2426
update_complete: 6; loss: 0.06520468617479007; cumulative_reward: -0.8700000000000006; invalid_count: 0; positive_reward_count: 0; success_count: 0; episode_count: 0; random_exploration_count: 30; avg_entropy: 1.0208; best_tax_advantage: 0.0; random_action_prob: 0.2426
make_subcorporation -0.01 87
transfer_cash 0.0 6
contribute_for_stock 0.0 35
update_start: 7; random_action_prob: 0.2414
update_complete: 7; loss: 0.08877772837877274; cumulative_reward: -0.6900000000000004; invalid_count: 0; positive_reward_count: 0; success_count: 0; episode_count: 0; random_exploration_count: 34; avg_entropy: 1.1288; best_tax_advantage: 0.0; random_action_prob: 0.2414
make_subcorporation -0.01 66
transfer_cash -0.002142857142857143 14
contribute_for_stock 0.0 48
update_start: 8; random_action_prob: 0.2402
update_complete: 8; loss: 0.062113224218289055; cumulative_reward: -0.7300000000000004; invalid_count: 0; positive_reward_count: 0; success_count: 0; episode_count: 0; random_exploration_count: 37; avg_entropy: 1.2468; best_tax_advantage: 0.0; random_action_prob: 0.2402
make_subcorporation -0.009852941176470589 68
transfer_cash -0.0020833333333333333 24
contribute_for_stock -0.0002777777777777778 36
update_start: 9; random_action_prob: 0.2390
update_complete: 9; loss: 0.027170362571875255; cumulative_reward: -0.7100000000000004; invalid_count: 0; positive_reward_count: 0; success_count: 0; episode_count: 0; random_exploration_count: 29; avg_entropy: 1.3287; best_tax_advantage: 0.0; random_action_prob: 0.2390
make_subcorporation -0.009852941176470589 68
transfer_cash -0.0005555555555555556 18
contribute_for_stock -0.0007142857142857143 42
update_start: 10; random_action_prob: 0.2378
update_complete: 10; loss: -0.0003092177212238312; cumulative_reward: -0.6800000000000004; invalid_count: 0; positive_reward_count: 0; success_count: 0; episode_count: 0; random_exploration_count: 26; avg_entropy: 1.2557; best_tax_advantage: 0.0; random_action_prob: 0.2378
make_subcorporation -0.009850746268656717 67
transfer_cash -0.0003846153846153846 26
contribute_for_stock -0.00028571428571428574 35
update_start: 11; random_action_prob: 0.2366
update_complete: 11; loss: -0.010539996127287546; cumulative_reward: -0.8100000000000005; invalid_count: 0; positive_reward_count: 0; success_count: 0; episode_count: 0; random_exploration_count: 26; avg_entropy: 1.4524; best_tax_advantage: 0.0; random_action_prob: 0.2366
make_subcorporation -0.01 66
transfer_cash -0.0030555555555555557 36
contribute_for_stock -0.0015384615384615385 26
update_start: 12; random_action_prob: 0.2354
update_complete: 12; loss: -0.011586731920639673; cumulative_reward: -0.8300000000000005; invalid_count: 0; positive_reward_count: 0; success_count: 0; episode_count: 0; random_exploration_count: 28; avg_entropy: 1.3918; best_tax_advantage: 0.0; random_action_prob: 0.2354
make_subcorporation -0.01 72
transfer_cash -0.002608695652173913 23
contribute_for_stock -0.0015151515151515152 33
update_start: 13; random_action_prob: 0.2342
update_complete: 13; loss: 0.013701402892669043; cumulative_reward: -0.7400000000000004; invalid_count: 0; positive_reward_count: 0; success_count: 0; episode_count: 0; random_exploration_count: 32; avg_entropy: 1.1606; best_tax_advantage: 0.0; random_action_prob: 0.2342
make_subcorporation -0.009864864864864865 74
transfer_cash -0.0004 25
contribute_for_stock 0.0 29
update_start: 14; random_action_prob: 0.2331
update_complete: 14; loss: 0.14652898907661438; cumulative_reward: -0.7600000000000005; invalid_count: 0; positive_reward_count: 0; success_count: 0; episode_count: 0; random_exploration_count: 26; avg_entropy: 1.0542; best_tax_advantage: 0.0; random_action_prob: 0.2331
make_subcorporation -0.009863013698630137 73
transfer_cash -0.000975609756097561 41
contribute_for_stock 0.0 14
update_start: 15; random_action_prob: 0.2319
update_complete: 15; loss: 0.0845255379875501; cumulative_reward: -0.7300000000000004; invalid_count: 0; positive_reward_count: 0; success_count: 0; episode_count: 0; random_exploration_count: 30; avg_entropy: 1.0210; best_tax_advantage: 0.0; random_action_prob: 0.2319
make_subcorporation -0.01 72
transfer_cash -0.0002777777777777778 36
contribute_for_stock 0.0 20
update_start: 16; random_action_prob: 0.2307
update_complete: 16; loss: 0.02134856457511584; cumulative_reward: -0.6600000000000004; invalid_count: 0; positive_reward_count: 0; success_count: 0; episode_count: 0; random_exploration_count: 31; avg_entropy: 1.0600; best_tax_advantage: 0.0; random_action_prob: 0.2307
make_subcorporation -0.01 66
transfer_cash 0.0 30
contribute_for_stock 0.0 32
update_start: 17; random_action_prob: 0.2296
update_complete: 17; loss: 0.08788964649041493; cumulative_reward: -0.7000000000000004; invalid_count: 0; positive_reward_count: 0; success_count: 0; episode_count: 0; random_exploration_count: 31; avg_entropy: 1.0782; best_tax_advantage: 0.0; random_action_prob: 0.2296
make_subcorporation -0.01 69
transfer_cash -0.0003846153846153846 26
contribute_for_stock 0.0 33
update_start: 18; random_action_prob: 0.2284
update_complete: 18; loss: -0.01575431103507678; cumulative_reward: -0.7200000000000004; invalid_count: 0; positive_reward_count: 0; success_count: 0; episode_count: 0; random_exploration_count: 25; avg_entropy: 1.1330; best_tax_advantage: 0.0; random_action_prob: 0.2284
make_subcorporation -0.01 72
transfer_cash 0.0 28
contribute_for_stock 0.0 28
update_start: 19; random_action_prob: 0.2273
update_complete: 19; loss: 0.002160780131816864; cumulative_reward: -0.7200000000000004; invalid_count: 0; positive_reward_count: 0; success_count: 0; episode_count: 0; random_exploration_count: 36; avg_entropy: 1.2022; best_tax_advantage: 0.0; random_action_prob: 0.2273
make_subcorporation -0.009859154929577466 71
transfer_cash -0.0006896551724137932 29
contribute_for_stock 0.0 28
update_start: 20; random_action_prob: 0.2262
update_complete: 20; loss: 0.04232552026708921; cumulative_reward: -0.7300000000000004; invalid_count: 0; positive_reward_count: 0; success_count: 0; episode_count: 0; random_exploration_count: 26; avg_entropy: 1.1147; best_tax_advantage: 0.0; random_action_prob: 0.2262
make_subcorporation -0.01 72
transfer_cash -0.00029411764705882356 34
contribute_for_stock 0.0 22
update_start: 21; random_action_prob: 0.2250
update_complete: 21; loss: 0.05111141875386238; cumulative_reward: -0.7600000000000003; invalid_count: 0; positive_reward_count: 0; success_count: 0; episode_count: 0; random_exploration_count: 36; avg_entropy: 1.1773; best_tax_advantage: 0.0; random_action_prob: 0.2250
make_subcorporation -0.01 75
transfer_cash -0.00023255813953488373 43
contribute_for_stock 0.0 10
update_start: 22; random_action_prob: 0.2239
update_complete: 22; loss: 0.026020991305510204; cumulative_reward: -1.0000000000000007; invalid_count: 0; positive_reward_count: 0; success_count: 0; episode_count: 0; random_exploration_count: 29; avg_entropy: 1.3446; best_tax_advantage: 0.0; random_action_prob: 0.2239
make_subcorporation -0.01 72
transfer_cash -0.0054761904761904765 42
contribute_for_stock -0.0035714285714285718 14
update_start: 23; random_action_prob: 0.2228
update_complete: 23; loss: -0.019173682977755863; cumulative_reward: -1.2200000000000009; invalid_count: 0; positive_reward_count: 0; success_count: 0; episode_count: 0; random_exploration_count: 27; avg_entropy: 1.4138; best_tax_advantage: 0.0; random_action_prob: 0.2228
make_subcorporation -0.01 69
transfer_cash -0.010499999999999999 40
contribute_for_stock -0.005789473684210527 19
update_start: 24; random_action_prob: 0.2217
update_complete: 24; loss: 0.03303012500206629; cumulative_reward: -1.0500000000000005; invalid_count: 0; positive_reward_count: 0; success_count: 0; episode_count: 0; random_exploration_count: 33; avg_entropy: 1.4665; best_tax_advantage: 0.0; random_action_prob: 0.2217
make_subcorporation -0.01 72
transfer_cash -0.005952380952380952 42
contribute_for_stock -0.005714285714285714 14
update_start: 25; random_action_prob: 0.2206
update_complete: 25; loss: -0.03345269958178202; cumulative_reward: -1.2700000000000007; invalid_count: 0; positive_reward_count: 0; success_count: 0; episode_count: 0; random_exploration_count: 23; avg_entropy: 1.3838; best_tax_advantage: 0.0; random_action_prob: 0.2206
make_subcorporation -0.01 66
transfer_cash -0.01173913043478261 46
contribute_for_stock -0.004375 16
update_start: 26; random_action_prob: 0.2195
update_complete: 26; loss: -0.059673525393009186; cumulative_reward: -1.2500000000000009; invalid_count: 0; positive_reward_count: 0; success_count: 0; episode_count: 0; random_exploration_count: 30; avg_entropy: 1.6178; best_tax_advantage: 0.0; random_action_prob: 0.2195
make_subcorporation -0.01 60
transfer_cash -0.012564102564102564 39
contribute_for_stock -0.005517241379310345 29
update_start: 27; random_action_prob: 0.2184
update_complete: 27; loss: -0.02940891186396281; cumulative_reward: -1.1800000000000006; invalid_count: 0; positive_reward_count: 0; success_count: 0; episode_count: 0; random_exploration_count: 31; avg_entropy: 1.5718; best_tax_advantage: 0.0; random_action_prob: 0.2184
make_subcorporation -0.01 69
transfer_cash -0.01 35
contribute_for_stock -0.005833333333333334 24
update_start: 28; random_action_prob: 0.2173
update_complete: 28; loss: 0.00953261430064837; cumulative_reward: -1.1000000000000005; invalid_count: 0; positive_reward_count: 0; success_count: 0; episode_count: 0; random_exploration_count: 30; avg_entropy: 1.5201; best_tax_advantage: 0.0; random_action_prob: 0.2173
make_subcorporation -0.009852941176470589 68
transfer_cash -0.009705882352941177 34
contribute_for_stock -0.0038461538461538464 26
update_start: 29; random_action_prob: 0.2162
update_complete: 29; loss: 0.007238848755757014; cumulative_reward: -1.0600000000000007; invalid_count: 0; positive_reward_count: 0; success_count: 0; episode_count: 0; random_exploration_count: 27; avg_entropy: 1.3957; best_tax_advantage: 0.0; random_action_prob: 0.2162
make_subcorporation -0.01 72
transfer_cash -0.008571428571428572 35
contribute_for_stock -0.0019047619047619048 21
update_start: 30; random_action_prob: 0.2151
update_complete: 30; loss: 0.16503015657265982; cumulative_reward: -0.9000000000000005; invalid_count: 0; positive_reward_count: 0; success_count: 0; episode_count: 0; random_exploration_count: 27; avg_entropy: 1.1823; best_tax_advantage: 0.0; random_action_prob: 0.2151
make_subcorporation -0.01 75
transfer_cash -0.0030952380952380953 42
contribute_for_stock -0.0018181818181818182 11
update_start: 31; random_action_prob: 0.2140
update_complete: 31; loss: 0.12501745919386545; cumulative_reward: -0.7800000000000004; invalid_count: 0; positive_reward_count: 0; success_count: 0; episode_count: 0; random_exploration_count: 33; avg_entropy: 0.9993; best_tax_advantage: 0.0; random_action_prob: 0.2140
make_subcorporation -0.009868421052631578 76
transfer_cash -0.0007142857142857143 42
contribute_for_stock 0.0 10
update_start: 32; random_action_prob: 0.2130
update_complete: 32; loss: 0.16653047998746237; cumulative_reward: -0.8600000000000005; invalid_count: 0; positive_reward_count: 0; success_count: 0; episode_count: 0; random_exploration_count: 23; avg_entropy: 0.8126; best_tax_advantage: 0.0; random_action_prob: 0.2130
make_subcorporation -0.01 84
transfer_cash -0.0005 40
contribute_for_stock 0.0 4
update_start: 33; random_action_prob: 0.2119
update_complete: 33; loss: 0.133332759141922; cumulative_reward: -0.8700000000000006; invalid_count: 0; positive_reward_count: 0; success_count: 0; episode_count: 0; random_exploration_count: 15; avg_entropy: 0.6904; best_tax_advantage: 0.0; random_action_prob: 0.2119
make_subcorporation -0.01 87
transfer_cash 0.0 37
contribute_for_stock 0.0 4
update_start: 34; random_action_prob: 0.2108
update_complete: 34; loss: 0.11926247427860896; cumulative_reward: -0.8900000000000005; invalid_count: 0; positive_reward_count: 0; success_count: 0; episode_count: 0; random_exploration_count: 27; avg_entropy: 0.8760; best_tax_advantage: 0.0; random_action_prob: 0.2108
make_subcorporation -0.009883720930232558 86
transfer_cash -0.0007142857142857143 28
contribute_for_stock -0.0014285714285714286 14
update_start: 35; random_action_prob: 0.2098
update_complete: 35; loss: 0.14021794001261392; cumulative_reward: -0.8500000000000005; invalid_count: 0; positive_reward_count: 0; success_count: 0; episode_count: 0; random_exploration_count: 25; avg_entropy: 1.0326; best_tax_advantage: 0.0; random_action_prob: 0.2098
make_subcorporation -0.01 84
transfer_cash 0.0 19
contribute_for_stock -0.0004 25
update_start: 36; random_action_prob: 0.2087
update_complete: 36; loss: 0.06418389640748501; cumulative_reward: -0.8900000000000005; invalid_count: 0; positive_reward_count: 0; success_count: 0; episode_count: 0; random_exploration_count: 20; avg_entropy: 0.8414; best_tax_advantage: 0.0; random_action_prob: 0.2087
make_subcorporation -0.01 84
transfer_cash -0.002857142857142857 14
contribute_for_stock -0.0003333333333333333 30
update_start: 37; random_action_prob: 0.2077
update_complete: 37; loss: 0.06525249903400739; cumulative_reward: 0.1599999999999996; invalid_count: 0; positive_reward_count: 1; success_count: 1; episode_count: 1; random_exploration_count: 28; avg_entropy: 0.9866; best_tax_advantage: 35.0; random_action_prob: 0.2077
make_subcorporation -0.009870129870129871 77
transfer_cash 0.058124999999999996 16
contribute_for_stock -0.00028571428571428574 35
update_start: 38; random_action_prob: 0.2066
update_complete: 38; loss: 0.046665887037913; cumulative_reward: -0.9000000000000006; invalid_count: 0; positive_reward_count: 0; success_count: 0; episode_count: 0; random_exploration_count: 33; avg_entropy: 1.0879; best_tax_advantage: 0.0; random_action_prob: 0.2066
make_subcorporation -0.01 72
transfer_cash -0.004615384615384615 26
contribute_for_stock -0.002 30
update_start: 39; random_action_prob: 0.2056
update_complete: 39; loss: 0.010486754278341929; cumulative_reward: 0.07999999999999959; invalid_count: 0; positive_reward_count: 2; success_count: 1; episode_count: 1; random_exploration_count: 34; avg_entropy: 1.2808; best_tax_advantage: 35.0; random_action_prob: 0.2056
make_subcorporation -0.009868421052631578 76
transfer_cash 0.0435 20
contribute_for_stock -0.00125 32
update_start: 40; random_action_prob: 0.2046
update_complete: 40; loss: 0.07943588371078174; cumulative_reward: 1.1799999999999995; invalid_count: 0; positive_reward_count: 2; success_count: 2; episode_count: 2; random_exploration_count: 24; avg_entropy: 1.0116; best_tax_advantage: 35.0; random_action_prob: 0.2046
make_subcorporation -0.009753086419753088 81
transfer_cash 0.11705882352941177 17
contribute_for_stock -0.0006666666666666666 30
update_start: 41; random_action_prob: 0.2036
update_complete: 41; loss: -0.0036280999581019082; cumulative_reward: 0.10999999999999956; invalid_count: 0; positive_reward_count: 1; success_count: 1; episode_count: 1; random_exploration_count: 30; avg_entropy: 1.0478; best_tax_advantage: 35.0; random_action_prob: 0.2036
make_subcorporation -0.009878048780487805 82
transfer_cash 0.06642857142857143 14
contribute_for_stock -0.0003125 32
update_start: 42; random_action_prob: 0.2025
update_complete: 42; loss: 0.09383525947729747; cumulative_reward: -1.0400000000000007; invalid_count: 0; positive_reward_count: 0; success_count: 0; episode_count: 0; random_exploration_count: 26; avg_entropy: 1.0887; best_tax_advantage: 0.0; random_action_prob: 0.2025
make_subcorporation -0.01 84
transfer_cash -0.006666666666666666 18
contribute_for_stock -0.003076923076923077 26
update_start: 43; random_action_prob: 0.2015
update_complete: 43; loss: -0.007027953242262204; cumulative_reward: -0.9000000000000006; invalid_count: 0; positive_reward_count: 0; success_count: 0; episode_count: 0; random_exploration_count: 27; avg_entropy: 1.0058; best_tax_advantage: 0.0; random_action_prob: 0.2015
make_subcorporation -0.01 87
transfer_cash -0.0005 20
contribute_for_stock -0.0009523809523809524 21
update_start: 44; random_action_prob: 0.2005
update_complete: 44; loss: 0.031097644319136936; cumulative_reward: -0.9200000000000006; invalid_count: 0; positive_reward_count: 0; success_count: 0; episode_count: 0; random_exploration_count: 38; avg_entropy: 1.0257; best_tax_advantage: 0.0; random_action_prob: 0.2005
make_subcorporation -0.009887640449438202 89
transfer_cash -0.0023529411764705885 17
contribute_for_stock 0.0 22
update_start: 45; random_action_prob: 0.1995
update_complete: 45; loss: 0.12263961074252923; cumulative_reward: 0.13999999999999957; invalid_count: 0; positive_reward_count: 1; success_count: 1; episode_count: 1; random_exploration_count: 19; avg_entropy: 0.9347; best_tax_advantage: 35.0; random_action_prob: 0.1995
make_subcorporation -0.009764705882352943 85
transfer_cash 0.08166666666666667 12
contribute_for_stock -0.0003225806451612903 31
update_start: 46; random_action_prob: 0.1985
update_complete: 46; loss: 0.1805437058210373; cumulative_reward: 0.049999999999999586; invalid_count: 0; positive_reward_count: 1; success_count: 1; episode_count: 1; random_exploration_count: 21; avg_entropy: 0.9636; best_tax_advantage: 35.0; random_action_prob: 0.1985
make_subcorporation -0.01 84
transfer_cash 0.10666666666666666 9
contribute_for_stock -0.002 35
update_start: 47; random_action_prob: 0.1975
update_complete: 47; loss: 0.07134053111076355; cumulative_reward: 6.960000000000015; invalid_count: 0; positive_reward_count: 11; success_count: 8; episode_count: 8; random_exploration_count: 21; avg_entropy: 1.2143; best_tax_advantage: 35.0; random_action_prob: 0.1975
make_subcorporation -0.009305555555555556 72
transfer_cash 0.3360869565217391 23
contribute_for_stock -0.0030303030303030303 33
update_start: 48; random_action_prob: 0.1965
update_complete: 48; loss: 0.05543747420112292; cumulative_reward: 4.750000000000012; invalid_count: 0; positive_reward_count: 10; success_count: 6; episode_count: 6; random_exploration_count: 24; avg_entropy: 1.2608; best_tax_advantage: 35.0; random_action_prob: 0.1965
make_subcorporation -0.009859154929577466 71
transfer_cash 0.19857142857142857 28
contribute_for_stock -0.003793103448275862 29
update_start: 49; random_action_prob: 0.1956
update_complete: 49; loss: 0.11273398374517758; cumulative_reward: 6.81000000000002; invalid_count: 0; positive_reward_count: 8; success_count: 8; episode_count: 8; random_exploration_count: 19; avg_entropy: 1.1228; best_tax_advantage: 35.0; random_action_prob: 0.1956
make_subcorporation -0.009620253164556962 79
transfer_cash 0.36904761904761907 21
contribute_for_stock -0.0064285714285714285 28
update_start: 50; random_action_prob: 0.1946
update_complete: 50; loss: 0.05564019829034805; cumulative_reward: 6.870000000000006; invalid_count: 0; positive_reward_count: 9; success_count: 8; episode_count: 8; random_exploration_count: 19; avg_entropy: 0.9586; best_tax_advantage: 35.0; random_action_prob: 0.1946
make_subcorporation -0.009651162790697675 86
transfer_cash 0.43333333333333335 18
contribute_for_stock -0.004166666666666667 24
update_start: 51; random_action_prob: 0.1936
update_complete: 51; loss: 0.12622876465320587; cumulative_reward: 7.040000000000006; invalid_count: 0; positive_reward_count: 8; success_count: 8; episode_count: 8; random_exploration_count: 29; avg_entropy: 0.9367; best_tax_advantage: 35.0; random_action_prob: 0.1936
make_subcorporation -0.009634146341463415 82
transfer_cash 0.491875 16
contribute_for_stock -0.0013333333333333333 30
update_start: 52; random_action_prob: 0.1926
update_complete: 52; loss: 0.04207789028684298; cumulative_reward: 3.7600000000000073; invalid_count: 0; positive_reward_count: 6; success_count: 5; episode_count: 5; random_exploration_count: 29; avg_entropy: 1.2187; best_tax_advantage: 35.0; random_action_prob: 0.1926
make_subcorporation -0.009589041095890411 73
transfer_cash 0.1603448275862069 29
contribute_for_stock -0.007307692307692308 26
update_start: 53; random_action_prob: 0.1917
update_complete: 53; loss: 0.05639008805155754; cumulative_reward: 7.11000000000001; invalid_count: 0; positive_reward_count: 9; success_count: 8; episode_count: 8; random_exploration_count: 23; avg_entropy: 0.9552; best_tax_advantage: 35.0; random_action_prob: 0.1917
make_subcorporation -0.009259259259259259 81
transfer_cash 0.3030769230769231 26
contribute_for_stock -0.0009523809523809524 21
update_start: 54; random_action_prob: 0.1907
update_complete: 54; loss: 0.06689146533608437; cumulative_reward: 6.040000000000015; invalid_count: 0; positive_reward_count: 9; success_count: 7; episode_count: 7; random_exploration_count: 28; avg_entropy: 1.0969; best_tax_advantage: 35.0; random_action_prob: 0.1907
make_subcorporation -0.00922077922077922 77
transfer_cash 0.213125 32
contribute_for_stock -0.00368421052631579 19
update_start: 55; random_action_prob: 0.1898
update_complete: 55; loss: 0.12368266532818477; cumulative_reward: 3.9200000000000066; invalid_count: 0; positive_reward_count: 5; success_count: 5; episode_count: 5; random_exploration_count: 31; avg_entropy: 1.1825; best_tax_advantage: 35.0; random_action_prob: 0.1898
make_subcorporation -0.009487179487179488 78
transfer_cash 0.1912 25
contribute_for_stock -0.0048 25
update_start: 56; random_action_prob: 0.1888
update_complete: 56; loss: 0.11769519249598186; cumulative_reward: 6.910000000000011; invalid_count: 0; positive_reward_count: 10; success_count: 8; episode_count: 8; random_exploration_count: 37; avg_entropy: 1.1342; best_tax_advantage: 35.0; random_action_prob: 0.1888
make_subcorporation -0.009506172839506173 81
transfer_cash 0.36952380952380953 21
contribute_for_stock -0.003076923076923077 26
update_start: 57; random_action_prob: 0.1879
update_complete: 57; loss: 0.012319553643465042; cumulative_reward: 8.960000000000012; invalid_count: 0; positive_reward_count: 15; success_count: 10; episode_count: 10; random_exploration_count: 33; avg_entropy: 1.0337; best_tax_advantage: 35.0; random_action_prob: 0.1879
make_subcorporation -0.009333333333333334 75
transfer_cash 0.4054166666666667 24
contribute_for_stock -0.002413793103448276 29
update_start: 58; random_action_prob: 0.1869
update_complete: 58; loss: 0.0847556193669637; cumulative_reward: 9.890000000000015; invalid_count: 0; positive_reward_count: 14; success_count: 11; episode_count: 11; random_exploration_count: 25; avg_entropy: 0.9333; best_tax_advantage: 35.0; random_action_prob: 0.1869
make_subcorporation -0.009753086419753088 81
transfer_cash 0.537 20
contribute_for_stock -0.0022222222222222222 27
update_start: 59; random_action_prob: 0.1860
update_complete: 59; loss: -0.014186037083466848; cumulative_reward: 7.900000000000016; invalid_count: 0; positive_reward_count: 9; success_count: 9; episode_count: 9; random_exploration_count: 18; avg_entropy: 0.9673; best_tax_advantage: 35.0; random_action_prob: 0.1860
make_subcorporation -0.00963855421686747 83
transfer_cash 0.5846666666666667 15
contribute_for_stock -0.0023333333333333335 30
update_start: 60; random_action_prob: 0.1851
update_complete: 60; loss: -9.168808658917745e-05; cumulative_reward: 10.990000000000013; invalid_count: 0; positive_reward_count: 13; success_count: 12; episode_count: 12; random_exploration_count: 25; avg_entropy: 1.1138; best_tax_advantage: 35.0; random_action_prob: 0.1851
make_subcorporation -0.00943661971830986 71
transfer_cash 0.4692 25
contribute_for_stock -0.0021875 32
update_start: 61; random_action_prob: 0.1841
update_complete: 61; loss: 0.06289822732408841; cumulative_reward: 5.900000000000008; invalid_count: 0; positive_reward_count: 8; success_count: 7; episode_count: 7; random_exploration_count: 27; avg_entropy: 1.1409; best_tax_advantage: 35.0; random_action_prob: 0.1841
make_subcorporation -0.009743589743589744 78
transfer_cash 0.28125 24
contribute_for_stock -0.003461538461538461 26
update_start: 62; random_action_prob: 0.1832
update_complete: 62; loss: 0.016654199610153835; cumulative_reward: 5.690000000000012; invalid_count: 0; positive_reward_count: 8; success_count: 7; episode_count: 7; random_exploration_count: 26; avg_entropy: 1.2118; best_tax_advantage: 35.0; random_action_prob: 0.1832
make_subcorporation -0.009870129870129871 77
transfer_cash 0.30272727272727273 22
contribute_for_stock -0.007241379310344827 29
update_start: 63; random_action_prob: 0.1823
update_complete: 63; loss: -0.019331999123096466; cumulative_reward: 7.580000000000019; invalid_count: 0; positive_reward_count: 10; success_count: 9; episode_count: 9; random_exploration_count: 19; avg_entropy: 1.1354; best_tax_advantage: 35.0; random_action_prob: 0.1823
make_subcorporation -0.01 72
transfer_cash 0.33115384615384613 26
contribute_for_stock -0.010333333333333333 30
update_start: 64; random_action_prob: 0.1814
update_complete: 64; loss: -0.031608025232950844; cumulative_reward: 9.580000000000016; invalid_count: 0; positive_reward_count: 13; success_count: 11; episode_count: 11; random_exploration_count: 26; avg_entropy: 1.2111; best_tax_advantage: 35.0; random_action_prob: 0.1814
make_subcorporation -0.009864864864864865 74
transfer_cash 0.3644827586206897 29
contribute_for_stock -0.0104 25
update_start: 65; random_action_prob: 0.1805
update_complete: 65; loss: -0.018256316582361858; cumulative_reward: 9.620000000000017; invalid_count: 0; positive_reward_count: 13; success_count: 11; episode_count: 11; random_exploration_count: 18; avg_entropy: 1.1313; best_tax_advantage: 35.0; random_action_prob: 0.1805
make_subcorporation -0.009863013698630137 73
transfer_cash 0.3914814814814815 27
contribute_for_stock -0.008214285714285714 28
update_start: 66; random_action_prob: 0.1796
update_complete: 66; loss: -0.0007724973062674204; cumulative_reward: 9.780000000000014; invalid_count: 0; positive_reward_count: 13; success_count: 11; episode_count: 11; random_exploration_count: 28; avg_entropy: 1.2473; best_tax_advantage: 35.0; random_action_prob: 0.1796
make_subcorporation -0.00961038961038961 77
transfer_cash 0.4643478260869565 23
contribute_for_stock -0.005714285714285714 28
update_start: 67; random_action_prob: 0.1787
update_complete: 67; loss: 0.041409775614738464; cumulative_reward: 6.820000000000009; invalid_count: 0; positive_reward_count: 11; success_count: 8; episode_count: 8; random_exploration_count: 25; avg_entropy: 1.1434; best_tax_advantage: 35.0; random_action_prob: 0.1787
make_subcorporation -0.009870129870129871 77
transfer_cash 0.3666666666666667 21
contribute_for_stock -0.004 30
update_start: 68; random_action_prob: 0.1778
update_complete: 68; loss: 0.04557957127690315; cumulative_reward: 6.7500000000000115; invalid_count: 0; positive_reward_count: 10; success_count: 8; episode_count: 8; random_exploration_count: 25; avg_entropy: 1.1510; best_tax_advantage: 35.0; random_action_prob: 0.1778
make_subcorporation -0.009736842105263158 76
transfer_cash 0.4036842105263158 19
contribute_for_stock -0.005454545454545454 33
update_start: 69; random_action_prob: 0.1769
update_complete: 69; loss: -0.015398400525252024; cumulative_reward: 8.80000000000001; invalid_count: 0; positive_reward_count: 12; success_count: 10; episode_count: 10; random_exploration_count: 23; avg_entropy: 1.0383; best_tax_advantage: 35.0; random_action_prob: 0.1769
make_subcorporation -0.00974025974025974 77
transfer_cash 0.43818181818181823 22
contribute_for_stock -0.003103448275862069 29
update_start: 70; random_action_prob: 0.1760
update_complete: 70; loss: -0.034083607296148934; cumulative_reward: 11.850000000000014; invalid_count: 0; positive_reward_count: 17; success_count: 13; episode_count: 13; random_exploration_count: 22; avg_entropy: 1.0919; best_tax_advantage: 35.0; random_action_prob: 0.1760
make_subcorporation -0.00972972972972973 74
transfer_cash 0.4674074074074074 27
contribute_for_stock -0.001851851851851852 27
update_start: 71; random_action_prob: 0.1751
update_complete: 71; loss: -0.00641336664557457; cumulative_reward: 6.950000000000007; invalid_count: 0; positive_reward_count: 10; success_count: 8; episode_count: 8; random_exploration_count: 27; avg_entropy: 1.0466; best_tax_advantage: 35.0; random_action_prob: 0.1751
make_subcorporation -0.009868421052631578 76
transfer_cash 0.3365217391304348 23
contribute_for_stock -0.0013793103448275863 29
update_start: 72; random_action_prob: 0.1743
update_complete: 72; loss: 0.03222875545422236; cumulative_reward: 12.950000000000014; invalid_count: 0; positive_reward_count: 18; success_count: 14; episode_count: 14; random_exploration_count: 22; avg_entropy: 1.0093; best_tax_advantage: 35.0; random_action_prob: 0.1743
make_subcorporation -0.009189189189189189 74
transfer_cash 0.5273076923076923 26
contribute_for_stock -0.002857142857142857 28
update_start: 73; random_action_prob: 0.1734
update_complete: 73; loss: -0.024242492392659187; cumulative_reward: 20.010000000000005; invalid_count: 0; positive_reward_count: 24; success_count: 21; episode_count: 21; random_exploration_count: 19; avg_entropy: 0.9285; best_tax_advantage: 35.0; random_action_prob: 0.1734
make_subcorporation -0.008529411764705883 68
transfer_cash 0.6664516129032259 31
contribute_for_stock -0.002413793103448276 29
update_start: 74; random_action_prob: 0.1725
update_complete: 74; loss: -0.024358080700039864; cumulative_reward: 12.050000000000013; invalid_count: 0; positive_reward_count: 15; success_count: 13; episode_count: 13; random_exploration_count: 25; avg_entropy: 1.0471; best_tax_advantage: 35.0; random_action_prob: 0.1725
make_subcorporation -0.00875 72
transfer_cash 0.47555555555555556 27
contribute_for_stock -0.005517241379310345 29
update_start: 75; random_action_prob: 0.1717
update_complete: 75; loss: -0.02078770411511262; cumulative_reward: 8.140000000000015; invalid_count: 0; positive_reward_count: 10; success_count: 9; episode_count: 9; random_exploration_count: 29; avg_entropy: 1.1448; best_tax_advantage: 35.0; random_action_prob: 0.1717
make_subcorporation -0.008767123287671232 73
transfer_cash 0.3426923076923077 26
contribute_for_stock -0.004482758620689655 29
update_start: 76; random_action_prob: 0.1708
update_complete: 76; loss: -0.008550587420662245; cumulative_reward: 20.22000000000001; invalid_count: 0; positive_reward_count: 23; success_count: 21; episode_count: 21; random_exploration_count: 24; avg_entropy: 1.0187; best_tax_advantage: 35.0; random_action_prob: 0.1708
make_subcorporation -0.007230769230769232 65
transfer_cash 0.7179310344827586 29
contribute_for_stock -0.003823529411764706 34
update_start: 77; random_action_prob: 0.1699
update_complete: 77; loss: -0.03431194772322973; cumulative_reward: 19.100000000000005; invalid_count: 0; positive_reward_count: 21; success_count: 20; episode_count: 20; random_exploration_count: 19; avg_entropy: 0.9486; best_tax_advantage: 35.0; random_action_prob: 0.1699
make_subcorporation -0.0077777777777777776 63
transfer_cash 0.5797058823529412 34
contribute_for_stock -0.003870967741935484 31
update_start: 78; random_action_prob: 0.1691
update_complete: 78; loss: -0.039350143323342; cumulative_reward: 19.360000000000007; invalid_count: 0; positive_reward_count: 22; success_count: 20; episode_count: 20; random_exploration_count: 23; avg_entropy: 0.8984; best_tax_advantage: 35.0; random_action_prob: 0.1691
make_subcorporation -0.007121212121212122 66
transfer_cash 0.7351851851851853 27
contribute_for_stock -0.0005714285714285715 35
update_start: 79; random_action_prob: 0.1683
update_complete: 79; loss: -0.003977349027991295; cumulative_reward: 21.41999999999999; invalid_count: 0; positive_reward_count: 26; success_count: 22; episode_count: 22; random_exploration_count: 18; avg_entropy: 0.9343; best_tax_advantage: 35.0; random_action_prob: 0.1683
make_subcorporation -0.006140350877192983 57
transfer_cash 0.6066666666666667 36
contribute_for_stock -0.002 35
update_start: 80; random_action_prob: 0.1674
update_complete: 80; loss: 0.035337645560503006; cumulative_reward: 18.27; invalid_count: 0; positive_reward_count: 20; success_count: 19; episode_count: 19; random_exploration_count: 21; avg_entropy: 0.9381; best_tax_advantage: 35.0; random_action_prob: 0.1674
make_subcorporation -0.007681159420289856 69
transfer_cash 0.7841666666666667 24
contribute_for_stock -0.0005714285714285715 35
update_start: 81; random_action_prob: 0.1666
update_complete: 81; loss: -0.016199270884195965; cumulative_reward: 11.19000000000001; invalid_count: 0; positive_reward_count: 14; success_count: 12; episode_count: 12; random_exploration_count: 21; avg_entropy: 0.9639; best_tax_advantage: 35.0; random_action_prob: 0.1666
make_subcorporation -0.008714285714285714 70
transfer_cash 0.49291666666666667 24
contribute_for_stock -0.0008823529411764705 34
update_start: 82; random_action_prob: 0.1657
update_complete: 82; loss: -0.0038317907601594925; cumulative_reward: 15.250000000000007; invalid_count: 0; positive_reward_count: 22; success_count: 16; episode_count: 16; random_exploration_count: 22; avg_entropy: 0.9327; best_tax_advantage: 35.0; random_action_prob: 0.1657
make_subcorporation -0.008 60
transfer_cash 0.4046153846153846 39
contribute_for_stock -0.001724137931034483 29
update_start: 83; random_action_prob: 0.1649
update_complete: 83; loss: 0.04921857640147209; cumulative_reward: 16.250000000000007; invalid_count: 0; positive_reward_count: 17; success_count: 17; episode_count: 17; random_exploration_count: 28; avg_entropy: 0.9392; best_tax_advantage: 35.0; random_action_prob: 0.1649
make_subcorporation -0.007727272727272728 66
transfer_cash 0.5817241379310345 29
contribute_for_stock -0.0033333333333333335 33
update_start: 84; random_action_prob: 0.1641
update_complete: 84; loss: 0.021466076374053955; cumulative_reward: 19.550000000000004; invalid_count: 0; positive_reward_count: 20; success_count: 20; episode_count: 20; random_exploration_count: 18; avg_entropy: 0.8610; best_tax_advantage: 35.0; random_action_prob: 0.1641
make_subcorporation -0.006825396825396826 63
transfer_cash 0.6445161290322581 31
contribute_for_stock 0.0 34
update_start: 85; random_action_prob: 0.1633
update_complete: 85; loss: -0.02545681657890479; cumulative_reward: 18.31; invalid_count: 0; positive_reward_count: 20; success_count: 19; episode_count: 19; random_exploration_count: 22; avg_entropy: 0.8348; best_tax_advantage: 35.0; random_action_prob: 0.1633
make_subcorporation -0.007258064516129033 62
transfer_cash 0.5884375 32
contribute_for_stock -0.002058823529411765 34
update_start: 86; random_action_prob: 0.1625
update_complete: 86; loss: 0.04292996103564898; cumulative_reward: 18.360000000000007; invalid_count: 0; positive_reward_count: 21; success_count: 19; episode_count: 19; random_exploration_count: 25; avg_entropy: 0.8225; best_tax_advantage: 35.0; random_action_prob: 0.1625
make_subcorporation -0.0075 68
transfer_cash 0.573030303030303 33
contribute_for_stock -0.0014814814814814814 27
update_start: 87; random_action_prob: 0.1616
update_complete: 87; loss: 0.015687502299745876; cumulative_reward: 23.479999999999993; invalid_count: 0; positive_reward_count: 24; success_count: 24; episode_count: 24; random_exploration_count: 18; avg_entropy: 0.6869; best_tax_advantage: 35.0; random_action_prob: 0.1616
make_subcorporation -0.0060655737704918035 61
transfer_cash 0.7032352941176471 34
contribute_for_stock -0.0018181818181818182 33
update_start: 88; random_action_prob: 0.1608
update_complete: 88; loss: 0.05033830304940542; cumulative_reward: 22.549999999999997; invalid_count: 0; positive_reward_count: 24; success_count: 23; episode_count: 23; random_exploration_count: 15; avg_entropy: 0.6390; best_tax_advantage: 35.0; random_action_prob: 0.1608
make_subcorporation -0.0058620689655172415 58
transfer_cash 0.6366666666666667 36
contribute_for_stock -0.0008823529411764705 34
update_start: 89; random_action_prob: 0.1600
update_complete: 89; loss: -0.0021676290780305862; cumulative_reward: 27.549999999999983; invalid_count: 0; positive_reward_count: 29; success_count: 28; episode_count: 28; random_exploration_count: 17; avg_entropy: 0.5821; best_tax_advantage: 35.0; random_action_prob: 0.1600
make_subcorporation -0.00490909090909091 55
transfer_cash 0.69675 40
contribute_for_stock -0.0015151515151515152 33
update_start: 90; random_action_prob: 0.1592
update_complete: 90; loss: 0.04955031940092643; cumulative_reward: 29.629999999999985; invalid_count: 0; positive_reward_count: 30; success_count: 30; episode_count: 30; random_exploration_count: 19; avg_entropy: 0.5248; best_tax_advantage: 35.0; random_action_prob: 0.1592
make_subcorporation -0.004464285714285714 56
transfer_cash 0.8083783783783783 37
contribute_for_stock -0.0008571428571428571 35
update_start: 91; random_action_prob: 0.1584
update_complete: 91; loss: 0.06920496001839638; cumulative_reward: 23.519999999999996; invalid_count: 0; positive_reward_count: 24; success_count: 24; episode_count: 24; random_exploration_count: 20; avg_entropy: 0.6226; best_tax_advantage: 35.0; random_action_prob: 0.1584
make_subcorporation -0.005833333333333334 60
transfer_cash 0.7719354838709678 31
contribute_for_stock -0.0016216216216216215 37
update_start: 92; random_action_prob: 0.1576
update_complete: 92; loss: 0.10911388198534648; cumulative_reward: 20.349999999999994; invalid_count: 0; positive_reward_count: 23; success_count: 21; episode_count: 21; random_exploration_count: 19; avg_entropy: 0.7432; best_tax_advantage: 35.0; random_action_prob: 0.1576
make_subcorporation -0.006551724137931035 58
transfer_cash 0.5463157894736842 38
contribute_for_stock -0.0009375 32
update_start: 93; random_action_prob: 0.1569
update_complete: 93; loss: 0.036193295692404114; cumulative_reward: 22.20999999999999; invalid_count: 0; positive_reward_count: 26; success_count: 23; episode_count: 23; random_exploration_count: 13; avg_entropy: 0.6688; best_tax_advantage: 35.0; random_action_prob: 0.1569
make_subcorporation -0.007424242424242424 66
transfer_cash 0.71125 32
contribute_for_stock -0.002 30
update_start: 94; random_action_prob: 0.1561
update_complete: 94; loss: 0.07285916556914647; cumulative_reward: 10.290000000000006; invalid_count: 0; positive_reward_count: 11; success_count: 11; episode_count: 11; random_exploration_count: 20; avg_entropy: 0.7140; best_tax_advantage: 35.0; random_action_prob: 0.1561
make_subcorporation -0.008441558441558443 77
transfer_cash 0.6088888888888889 18
contribute_for_stock -0.0006060606060606061 33
update_start: 95; random_action_prob: 0.1553
update_complete: 95; loss: 0.08182625224192937; cumulative_reward: 13.220000000000013; invalid_count: 0; positive_reward_count: 14; success_count: 14; episode_count: 14; random_exploration_count: 26; avg_entropy: 0.8711; best_tax_advantage: 35.0; random_action_prob: 0.1553
make_subcorporation -0.008648648648648649 74
transfer_cash 0.7294736842105263 19
contribute_for_stock 0.0 35
update_start: 96; random_action_prob: 0.1545
update_complete: 96; loss: -0.0024522573997577033; cumulative_reward: 15.110000000000012; invalid_count: 0; positive_reward_count: 18; success_count: 16; episode_count: 16; random_exploration_count: 23; avg_entropy: 0.8827; best_tax_advantage: 35.0; random_action_prob: 0.1545
make_subcorporation -0.008840579710144927 69
transfer_cash 0.5621428571428572 28
contribute_for_stock -0.0006451612903225806 31
update_start: 97; random_action_prob: 0.1537
update_complete: 97; loss: 0.004094327489535014; cumulative_reward: 16.870000000000015; invalid_count: 0; positive_reward_count: 20; success_count: 18; episode_count: 18; random_exploration_count: 19; avg_entropy: 0.7606; best_tax_advantage: 35.0; random_action_prob: 0.1537
make_subcorporation -0.009117647058823529 68
transfer_cash 0.5 35
contribute_for_stock -0.0004 25
update_start: 98; random_action_prob: 0.1530
update_complete: 98; loss: 0.14955069373051325; cumulative_reward: 14.940000000000015; invalid_count: 0; positive_reward_count: 18; success_count: 16; episode_count: 16; random_exploration_count: 21; avg_entropy: 0.8587; best_tax_advantage: 35.0; random_action_prob: 0.1530
make_subcorporation -0.00927536231884058 69
transfer_cash 0.4721212121212121 33
contribute_for_stock 0.0 26
update_start: 99; random_action_prob: 0.1522
update_complete: 99; loss: 0.13840321699778238; cumulative_reward: 20.03; invalid_count: 0; positive_reward_count: 24; success_count: 21; episode_count: 21; random_exploration_count: 17; avg_entropy: 0.7105; best_tax_advantage: 35.0; random_action_prob: 0.1522
make_subcorporation -0.008529411764705883 68
transfer_cash 0.645 32
contribute_for_stock -0.0010714285714285715 28
2026-08-07T14:17:27 completed barnes_group run=1 elapsed_seconds=558.22 updates_logged=100
2026-08-07T14:17:27 running barnes_group run=2 seed=1731
env_variant: HardTaxEnv
update_start: 0; random_action_prob: 0.2500
update_complete: 0; loss: 0.1325498620669047; cumulative_reward: -0.2600000000000006; invalid_count: 0; positive_reward_count: 2; success_count: 1; episode_count: 1; random_exploration_count: 33; avg_entropy: 1.2805; best_tax_advantage: 35.0; random_action_prob: 0.2500
make_subcorporation -0.01 78
transfer_cash 0.041666666666666664 18
contribute_for_stock -0.0071875 32
update_start: 1; random_action_prob: 0.2487
update_complete: 1; loss: 0.107899804910024; cumulative_reward: -1.310000000000001; invalid_count: 0; positive_reward_count: 0; success_count: 0; episode_count: 0; random_exploration_count: 30; avg_entropy: 1.4063; best_tax_advantage: 0.0; random_action_prob: 0.2487
make_subcorporation -0.01 75
transfer_cash -0.01368421052631579 19
contribute_for_stock -0.008823529411764706 34
update_start: 2; random_action_prob: 0.2475
update_complete: 2; loss: 0.20022247731685638; cumulative_reward: 0.8999999999999992; invalid_count: 0; positive_reward_count: 4; success_count: 2; episode_count: 2; random_exploration_count: 37; avg_entropy: 1.3508; best_tax_advantage: 35.0; random_action_prob: 0.2475
make_subcorporation -0.01 75
transfer_cash 0.0865 20
contribute_for_stock -0.0024242424242424242 33
update_start: 3; random_action_prob: 0.2463
update_complete: 3; loss: 0.22516444325447083; cumulative_reward: 1.699999999999999; invalid_count: 0; positive_reward_count: 5; success_count: 3; episode_count: 3; random_exploration_count: 32; avg_entropy: 1.4773; best_tax_advantage: 35.0; random_action_prob: 0.2463
make_subcorporation -0.01 72
transfer_cash 0.11041666666666666 24
contribute_for_stock -0.0071875 32
update_start: 4; random_action_prob: 0.2450
update_complete: 4; loss: 0.06151471038659414; cumulative_reward: 1.7799999999999996; invalid_count: 0; positive_reward_count: 5; success_count: 3; episode_count: 3; random_exploration_count: 29; avg_entropy: 1.3768; best_tax_advantage: 35.0; random_action_prob: 0.2450
make_subcorporation -0.01 72
transfer_cash 0.10307692307692307 26
contribute_for_stock -0.006 30
update_start: 5; random_action_prob: 0.2438
update_complete: 5; loss: 0.10360311965147655; cumulative_reward: -0.22000000000000058; invalid_count: 0; positive_reward_count: 2; success_count: 1; episode_count: 1; random_exploration_count: 36; avg_entropy: 1.5120; best_tax_advantage: 35.0; random_action_prob: 0.2438
make_subcorporation -0.01 75
transfer_cash 0.03 24
contribute_for_stock -0.006551724137931035 29
update_start: 6; random_action_prob: 0.2426
update_complete: 6; loss: 0.01737476388613383; cumulative_reward: -0.1500000000000004; invalid_count: 0; positive_reward_count: 1; success_count: 1; episode_count: 1; random_exploration_count: 34; avg_entropy: 1.4279; best_tax_advantage: 35.0; random_action_prob: 0.2426
make_subcorporation -0.009879518072289158 83
transfer_cash 0.03857142857142857 21
contribute_for_stock -0.005833333333333334 24
update_start: 7; random_action_prob: 0.2414
update_complete: 7; loss: -0.0062088196476300555; cumulative_reward: -0.1300000000000006; invalid_count: 0; positive_reward_count: 2; success_count: 1; episode_count: 1; random_exploration_count: 29; avg_entropy: 1.4195; best_tax_advantage: 35.0; random_action_prob: 0.2414
make_subcorporation -0.01 72
transfer_cash 0.024482758620689653 29
contribute_for_stock -0.0044444444444444444 27
update_start: 8; random_action_prob: 0.2402
update_complete: 8; loss: -0.03680619349082311; cumulative_reward: 1.8799999999999994; invalid_count: 0; positive_reward_count: 4; success_count: 3; episode_count: 3; random_exploration_count: 32; avg_entropy: 1.6015; best_tax_advantage: 35.0; random_action_prob: 0.2402
make_subcorporation -0.009753086419753088 81
transfer_cash 0.11666666666666665 24
contribute_for_stock -0.005652173913043478 23
update_start: 9; random_action_prob: 0.2390
update_complete: 9; loss: -0.018572676926851273; cumulative_reward: 2.800000000000004; invalid_count: 0; positive_reward_count: 7; success_count: 4; episode_count: 4; random_exploration_count: 34; avg_entropy: 1.4668; best_tax_advantage: 35.0; random_action_prob: 0.2390
make_subcorporation -0.009870129870129871 77
transfer_cash 0.1325 28
contribute_for_stock -0.006521739130434782 23
update_start: 10; random_action_prob: 0.2378
update_complete: 10; loss: 0.04209551587700844; cumulative_reward: 1.0699999999999992; invalid_count: 0; positive_reward_count: 3; success_count: 2; episode_count: 2; random_exploration_count: 34; avg_entropy: 1.3307; best_tax_advantage: 35.0; random_action_prob: 0.2378
make_subcorporation -0.009878048780487805 82
transfer_cash 0.128 15
contribute_for_stock -0.0012903225806451613 31
update_start: 11; random_action_prob: 0.2366
update_complete: 11; loss: 0.030414239813884098; cumulative_reward: -0.060000000000000546; invalid_count: 0; positive_reward_count: 1; success_count: 1; episode_count: 1; random_exploration_count: 37; avg_entropy: 1.2872; best_tax_advantage: 35.0; random_action_prob: 0.2366
make_subcorporation -0.009887640449438202 89
transfer_cash 0.06846153846153846 13
contribute_for_stock -0.0026923076923076926 26
update_start: 12; random_action_prob: 0.2354
update_complete: 12; loss: -0.034382728238900505; cumulative_reward: -0.13000000000000078; invalid_count: 0; positive_reward_count: 1; success_count: 1; episode_count: 1; random_exploration_count: 25; avg_entropy: 1.5097; best_tax_advantage: 35.0; random_action_prob: 0.2354
make_subcorporation -0.01 78
transfer_cash 0.04611111111111111 18
contribute_for_stock -0.005625 32
update_start: 13; random_action_prob: 0.2342
update_complete: 13; loss: 0.11242670814196269; cumulative_reward: 1.8399999999999994; invalid_count: 0; positive_reward_count: 5; success_count: 3; episode_count: 3; random_exploration_count: 29; avg_entropy: 1.3928; best_tax_advantage: 35.0; random_action_prob: 0.2342
make_subcorporation -0.01 75
transfer_cash 0.11 25
contribute_for_stock -0.005714285714285714 28
update_start: 14; random_action_prob: 0.2331
update_complete: 14; loss: -0.001451641321182251; cumulative_reward: 4.750000000000004; invalid_count: 0; positive_reward_count: 7; success_count: 6; episode_count: 6; random_exploration_count: 36; avg_entropy: 1.4013; best_tax_advantage: 35.0; random_action_prob: 0.2331
make_subcorporation -0.00974025974025974 77
transfer_cash 0.19 30
contribute_for_stock -0.009523809523809525 21
update_start: 15; random_action_prob: 0.2319
update_complete: 15; loss: 0.07775042206048965; cumulative_reward: 0.6999999999999988; invalid_count: 0; positive_reward_count: 2; success_count: 2; episode_count: 2; random_exploration_count: 32; avg_entropy: 1.3713; best_tax_advantage: 35.0; random_action_prob: 0.2319
make_subcorporation -0.009875 80
transfer_cash 0.0725 24
contribute_for_stock -0.010416666666666666 24
update_start: 16; random_action_prob: 0.2307
update_complete: 16; loss: 0.01876493791739146; cumulative_reward: 2.680000000000005; invalid_count: 0; positive_reward_count: 5; success_count: 4; episode_count: 4; random_exploration_count: 31; avg_entropy: 1.4914; best_tax_advantage: 35.0; random_action_prob: 0.2307
make_subcorporation -0.01 78
transfer_cash 0.16818181818181818 22
contribute_for_stock -0.008571428571428572 28
update_start: 17; random_action_prob: 0.2296
update_complete: 17; loss: -0.04115034391482671; cumulative_reward: 4.96000000000001; invalid_count: 0; positive_reward_count: 6; success_count: 6; episode_count: 6; random_exploration_count: 18; avg_entropy: 1.2963; best_tax_advantage: 35.0; random_action_prob: 0.2296
make_subcorporation -0.00962962962962963 81
transfer_cash 0.2534782608695652 23
contribute_for_stock -0.00375 24
update_start: 18; random_action_prob: 0.2284
update_complete: 18; loss: 0.005532042433818181; cumulative_reward: 5.060000000000004; invalid_count: 0; positive_reward_count: 7; success_count: 6; episode_count: 7; random_exploration_count: 40; avg_entropy: 1.4378; best_tax_advantage: 35.0; random_action_prob: 0.2284
make_subcorporation -0.009305555555555556 72
transfer_cash 0.2075 28
contribute_for_stock -0.002857142857142857 28
update_start: 19; random_action_prob: 0.2273
update_complete: 19; loss: -0.04793694242835045; cumulative_reward: 6.000000000000009; invalid_count: 0; positive_reward_count: 8; success_count: 7; episode_count: 7; random_exploration_count: 31; avg_entropy: 1.4226; best_tax_advantage: 35.0; random_action_prob: 0.2273
make_subcorporation -0.009315068493150686 73
transfer_cash 0.29347826086956524 23
contribute_for_stock -0.0021875 32
update_start: 20; random_action_prob: 0.2262
update_complete: 20; loss: -0.016514913489421208; cumulative_reward: 7.910000000000014; invalid_count: 0; positive_reward_count: 10; success_count: 9; episode_count: 9; random_exploration_count: 26; avg_entropy: 1.4051; best_tax_advantage: 35.0; random_action_prob: 0.2262
make_subcorporation -0.009873417721518988 79
transfer_cash 0.3373076923076923 26
contribute_for_stock -0.0034782608695652175 23
update_start: 21; random_action_prob: 0.2250
update_complete: 21; loss: -0.02783927818139394; cumulative_reward: 10.880000000000017; invalid_count: 0; positive_reward_count: 16; success_count: 12; episode_count: 12; random_exploration_count: 26; avg_entropy: 1.3276; best_tax_advantage: 35.0; random_action_prob: 0.2250
make_subcorporation -0.0088 75
transfer_cash 0.38766666666666666 30
contribute_for_stock -0.003913043478260869 23
update_start: 22; random_action_prob: 0.2239
update_complete: 22; loss: 0.038852705309788384; cumulative_reward: 6.990000000000014; invalid_count: 0; positive_reward_count: 9; success_count: 8; episode_count: 8; random_exploration_count: 20; avg_entropy: 1.2412; best_tax_advantage: 35.0; random_action_prob: 0.2239
make_subcorporation -0.009382716049382716 81
transfer_cash 0.35818181818181816 22
contribute_for_stock -0.0052 25
update_start: 23; random_action_prob: 0.2228
update_complete: 23; loss: -0.03287599173684915; cumulative_reward: 3.870000000000004; invalid_count: 0; positive_reward_count: 5; success_count: 5; episode_count: 5; random_exploration_count: 25; avg_entropy: 1.2638; best_tax_advantage: 35.0; random_action_prob: 0.2228
make_subcorporation -0.009615384615384616 78
transfer_cash 0.18038461538461537 26
contribute_for_stock -0.002916666666666667 24
update_start: 24; random_action_prob: 0.2217
update_complete: 24; loss: -0.016417089849710464; cumulative_reward: 6.930000000000015; invalid_count: 0; positive_reward_count: 10; success_count: 8; episode_count: 8; random_exploration_count: 21; avg_entropy: 1.3237; best_tax_advantage: 35.0; random_action_prob: 0.2217
make_subcorporation -0.009240506329113924 79
transfer_cash 0.27714285714285714 28
contribute_for_stock -0.004761904761904762 21
update_start: 25; random_action_prob: 0.2206
update_complete: 25; loss: -0.06333582972486813; cumulative_reward: 6.870000000000011; invalid_count: 0; positive_reward_count: 9; success_count: 8; episode_count: 8; random_exploration_count: 26; avg_entropy: 1.3421; best_tax_advantage: 35.0; random_action_prob: 0.2206
make_subcorporation -0.00948051948051948 77
transfer_cash 0.26620689655172414 29
contribute_for_stock -0.005454545454545454 22
update_start: 26; random_action_prob: 0.2195
update_complete: 26; loss: -0.015961421032746632; cumulative_reward: 9.81000000000001; invalid_count: 0; positive_reward_count: 13; success_count: 11; episode_count: 11; random_exploration_count: 21; avg_entropy: 1.3454; best_tax_advantage: 35.0; random_action_prob: 0.2195
make_subcorporation -0.00961038961038961 77
transfer_cash 0.46608695652173915 23
contribute_for_stock -0.006071428571428572 28
update_start: 27; random_action_prob: 0.2184
update_complete: 27; loss: -0.04678889736533165; cumulative_reward: 5.840000000000014; invalid_count: 0; positive_reward_count: 8; success_count: 7; episode_count: 7; random_exploration_count: 25; avg_entropy: 1.4287; best_tax_advantage: 35.0; random_action_prob: 0.2184
make_subcorporation -0.009324324324324324 74
transfer_cash 0.23 29
contribute_for_stock -0.005600000000000001 25
update_start: 28; random_action_prob: 0.2173
update_complete: 28; loss: -0.024055575331052143; cumulative_reward: 9.830000000000014; invalid_count: 0; positive_reward_count: 12; success_count: 11; episode_count: 11; random_exploration_count: 23; avg_entropy: 1.4151; best_tax_advantage: 35.0; random_action_prob: 0.2173
make_subcorporation -0.008904109589041096 73
transfer_cash 0.32303030303030306 33
contribute_for_stock -0.00818181818181818 22
update_start: 29; random_action_prob: 0.2162
update_complete: 29; loss: -0.07213135808706284; cumulative_reward: 5.950000000000012; invalid_count: 0; positive_reward_count: 7; success_count: 7; episode_count: 7; random_exploration_count: 24; avg_entropy: 1.3974; best_tax_advantage: 35.0; random_action_prob: 0.2162
make_subcorporation -0.00945945945945946 74
transfer_cash 0.2712 25
contribute_for_stock -0.004482758620689655 29
update_start: 30; random_action_prob: 0.2151
update_complete: 30; loss: -0.00431898795068264; cumulative_reward: 8.870000000000017; invalid_count: 0; positive_reward_count: 11; success_count: 10; episode_count: 10; random_exploration_count: 32; avg_entropy: 1.3566; best_tax_advantage: 35.0; random_action_prob: 0.2151
make_subcorporation -0.009154929577464789 71
transfer_cash 0.3707692307692308 26
contribute_for_stock -0.003870967741935484 31
update_start: 31; random_action_prob: 0.2140
update_complete: 31; loss: -0.03913839906454086; cumulative_reward: 14.970000000000015; invalid_count: 0; positive_reward_count: 21; success_count: 16; episode_count: 16; random_exploration_count: 22; avg_entropy: 1.1500; best_tax_advantage: 35.0; random_action_prob: 0.2140
make_subcorporation -0.008970588235294117 68
transfer_cash 0.45852941176470585 34
contribute_for_stock -0.0003846153846153846 26
update_start: 32; random_action_prob: 0.2130
update_complete: 32; loss: 0.0028222588201363883; cumulative_reward: 17.19000000000001; invalid_count: 0; positive_reward_count: 21; success_count: 18; episode_count: 18; random_exploration_count: 23; avg_entropy: 1.1536; best_tax_advantage: 35.0; random_action_prob: 0.2130
make_subcorporation -0.00791044776119403 67
transfer_cash 0.6141379310344827 29
contribute_for_stock -0.0028125 32
update_start: 33; random_action_prob: 0.2119
update_complete: 33; loss: 0.0050912412504355116; cumulative_reward: 5.160000000000007; invalid_count: 0; positive_reward_count: 7; success_count: 6; episode_count: 6; random_exploration_count: 27; avg_entropy: 1.0104; best_tax_advantage: 35.0; random_action_prob: 0.2119
make_subcorporation -0.009302325581395349 86
transfer_cash 0.49666666666666665 12
contribute_for_stock 0.0 30
update_start: 34; random_action_prob: 0.2108
update_complete: 34; loss: -0.028310130039850872; cumulative_reward: 2.130000000000003; invalid_count: 0; positive_reward_count: 3; success_count: 3; episode_count: 3; random_exploration_count: 31; avg_entropy: 0.9486; best_tax_advantage: 35.0; random_action_prob: 0.2108
make_subcorporation -0.009666666666666667 90
transfer_cash 0.375 8
contribute_for_stock 0.0 30
update_start: 35; random_action_prob: 0.2098
update_complete: 35; loss: 0.0005858838558197021; cumulative_reward: 2.1599999999999997; invalid_count: 0; positive_reward_count: 4; success_count: 3; episode_count: 3; random_exploration_count: 22; avg_entropy: 0.9276; best_tax_advantage: 35.0; random_action_prob: 0.2098
make_subcorporation -0.009545454545454544 88
transfer_cash 0.3333333333333333 9
contribute_for_stock 0.0 31
update_start: 36; random_action_prob: 0.2087
update_complete: 36; loss: 0.026325208445390064; cumulative_reward: 2.150000000000003; invalid_count: 0; positive_reward_count: 3; success_count: 3; episode_count: 3; random_exploration_count: 32; avg_entropy: 0.9473; best_tax_advantage: 35.0; random_action_prob: 0.2087
make_subcorporation -0.009540229885057473 87
transfer_cash 0.21357142857142858 14
contribute_for_stock -0.00037037037037037035 27
update_start: 37; random_action_prob: 0.2077
update_complete: 37; loss: -0.003617300962408384; cumulative_reward: 1.1099999999999994; invalid_count: 0; positive_reward_count: 4; success_count: 2; episode_count: 2; random_exploration_count: 31; avg_entropy: 1.0632; best_tax_advantage: 35.0; random_action_prob: 0.2077
make_subcorporation -0.009647058823529413 85
transfer_cash 0.17545454545454545 11
contribute_for_stock 0.0 32
update_start: 38; random_action_prob: 0.2066
update_complete: 38; loss: -0.036392358442147575; cumulative_reward: 6.210000000000006; invalid_count: 0; positive_reward_count: 9; success_count: 7; episode_count: 7; random_exploration_count: 19; avg_entropy: 1.0634; best_tax_advantage: 35.0; random_action_prob: 0.2066
make_subcorporation -0.009156626506024097 83
transfer_cash 0.30347826086956525 23
contribute_for_stock -0.00045454545454545455 22
update_start: 39; random_action_prob: 0.2056
update_complete: 39; loss: -0.05162322397033373; cumulative_reward: 4.140000000000009; invalid_count: 0; positive_reward_count: 5; success_count: 5; episode_count: 5; random_exploration_count: 22; avg_entropy: 1.1978; best_tax_advantage: 35.0; random_action_prob: 0.2056
make_subcorporation -0.009166666666666667 72
transfer_cash 0.13108108108108107 37
contribute_for_stock -0.002631578947368421 19
update_start: 40; random_action_prob: 0.2046
update_complete: 40; loss: -0.037250698854525886; cumulative_reward: 9.17000000000001; invalid_count: 0; positive_reward_count: 11; success_count: 10; episode_count: 10; random_exploration_count: 27; avg_entropy: 1.1333; best_tax_advantage: 35.0; random_action_prob: 0.2046
make_subcorporation -0.008831168831168832 77
transfer_cash 0.32933333333333337 30
contribute_for_stock -0.0014285714285714286 21
update_start: 41; random_action_prob: 0.2036
update_complete: 41; loss: 0.023249187817176182; cumulative_reward: 12.220000000000011; invalid_count: 0; positive_reward_count: 14; success_count: 13; episode_count: 13; random_exploration_count: 29; avg_entropy: 1.0749; best_tax_advantage: 35.0; random_action_prob: 0.2036
make_subcorporation -0.008243243243243242 74
transfer_cash 0.4957692307692308 26
contribute_for_stock -0.002142857142857143 28
update_start: 42; random_action_prob: 0.2025
update_complete: 42; loss: -0.029596883182724316; cumulative_reward: 14.280000000000012; invalid_count: 0; positive_reward_count: 18; success_count: 15; episode_count: 15; random_exploration_count: 17; avg_entropy: 0.9663; best_tax_advantage: 35.0; random_action_prob: 0.2025
make_subcorporation -0.00787878787878788 66
transfer_cash 0.4122222222222222 36
contribute_for_stock -0.0015384615384615385 26
update_start: 43; random_action_prob: 0.2015
update_complete: 43; loss: 0.024785430481036503; cumulative_reward: 9.270000000000007; invalid_count: 0; positive_reward_count: 13; success_count: 10; episode_count: 10; random_exploration_count: 34; avg_entropy: 1.0735; best_tax_advantage: 35.0; random_action_prob: 0.2015
make_subcorporation -0.008695652173913044 69
transfer_cash 0.31870967741935485 31
contribute_for_stock -0.00035714285714285714 28
update_start: 44; random_action_prob: 0.2005
update_complete: 44; loss: -0.012625356515248617; cumulative_reward: 15.20000000000001; invalid_count: 0; positive_reward_count: 18; success_count: 16; episode_count: 16; random_exploration_count: 28; avg_entropy: 1.0803; best_tax_advantage: 35.0; random_action_prob: 0.2005
make_subcorporation -0.008208955223880599 67
transfer_cash 0.5090322580645161 31
contribute_for_stock -0.001 30
update_start: 45; random_action_prob: 0.1995
update_complete: 45; loss: -0.00463865449031194; cumulative_reward: 7.110000000000006; invalid_count: 0; positive_reward_count: 10; success_count: 8; episode_count: 8; random_exploration_count: 31; avg_entropy: 1.2337; best_tax_advantage: 35.0; random_action_prob: 0.1995
make_subcorporation -0.009027777777777779 72
transfer_cash 0.26233333333333336 30
contribute_for_stock -0.004230769230769231 26
update_start: 46; random_action_prob: 0.1985
update_complete: 46; loss: -0.012000717222690582; cumulative_reward: 7.190000000000005; invalid_count: 0; positive_reward_count: 13; success_count: 8; episode_count: 8; random_exploration_count: 33; avg_entropy: 1.2258; best_tax_advantage: 35.0; random_action_prob: 0.1985
make_subcorporation -0.008732394366197183 71
transfer_cash 0.20657894736842106 38
contribute_for_stock -0.002105263157894737 19
update_start: 47; random_action_prob: 0.1975
update_complete: 47; loss: -0.02281804010272026; cumulative_reward: 10.220000000000008; invalid_count: 0; positive_reward_count: 17; success_count: 11; episode_count: 11; random_exploration_count: 25; avg_entropy: 1.2278; best_tax_advantage: 35.0; random_action_prob: 0.1975
make_subcorporation -0.008548387096774194 62
transfer_cash 0.26365853658536587 41
contribute_for_stock -0.0024 25
update_start: 48; random_action_prob: 0.1965
update_complete: 48; loss: 0.006738259146610896; cumulative_reward: 7.230000000000008; invalid_count: 0; positive_reward_count: 15; success_count: 8; episode_count: 8; random_exploration_count: 31; avg_entropy: 1.1514; best_tax_advantage: 35.0; random_action_prob: 0.1965
make_subcorporation -0.008888888888888889 63
transfer_cash 0.23 34
contribute_for_stock -0.000967741935483871 31
update_start: 49; random_action_prob: 0.1956
update_complete: 49; loss: 0.09556174526611964; cumulative_reward: 14.380000000000008; invalid_count: 0; positive_reward_count: 20; success_count: 15; episode_count: 15; random_exploration_count: 21; avg_entropy: 1.0142; best_tax_advantage: 35.0; random_action_prob: 0.1956
make_subcorporation -0.007971014492753625 69
transfer_cash 0.5339285714285714 28
contribute_for_stock -0.0006451612903225806 31
update_start: 50; random_action_prob: 0.1946
update_complete: 50; loss: 0.0005214052895704905; cumulative_reward: 8.280000000000014; invalid_count: 0; positive_reward_count: 11; success_count: 9; episode_count: 9; random_exploration_count: 31; avg_entropy: 1.0204; best_tax_advantage: 35.0; random_action_prob: 0.1946
make_subcorporation -0.009014084507042254 71
transfer_cash 0.3307407407407407 27
contribute_for_stock -0.0003333333333333333 30
update_start: 51; random_action_prob: 0.1936
update_complete: 51; loss: -0.03115041305621465; cumulative_reward: 13.330000000000009; invalid_count: 0; positive_reward_count: 15; success_count: 14; episode_count: 14; random_exploration_count: 25; avg_entropy: 1.0208; best_tax_advantage: 35.0; random_action_prob: 0.1936
make_subcorporation -0.007846153846153846 65
transfer_cash 0.46166666666666667 30
contribute_for_stock -0.00030303030303030303 33
update_start: 52; random_action_prob: 0.1926
update_complete: 52; loss: -0.06499536707997322; cumulative_reward: 19.2; invalid_count: 0; positive_reward_count: 24; success_count: 20; episode_count: 21; random_exploration_count: 19; avg_entropy: 1.0097; best_tax_advantage: 35.0; random_action_prob: 0.1926
make_subcorporation -0.007321428571428572 56
transfer_cash 0.5048717948717949 39
contribute_for_stock -0.0024242424242424242 33
update_start: 53; random_action_prob: 0.1917
update_complete: 53; loss: -0.03905712068080902; cumulative_reward: 14.11000000000001; invalid_count: 0; positive_reward_count: 17; success_count: 15; episode_count: 15; random_exploration_count: 26; avg_entropy: 1.0875; best_tax_advantage: 35.0; random_action_prob: 0.1917
make_subcorporation -0.008611111111111111 72
transfer_cash 0.5481481481481482 27
contribute_for_stock -0.002413793103448276 29
update_start: 54; random_action_prob: 0.1907
update_complete: 54; loss: 0.0077194782594839735; cumulative_reward: 15.230000000000013; invalid_count: 0; positive_reward_count: 17; success_count: 16; episode_count: 16; random_exploration_count: 13; avg_entropy: 1.0420; best_tax_advantage: 35.0; random_action_prob: 0.1907
make_subcorporation -0.008115942028985508 69
transfer_cash 0.5877777777777777 27
contribute_for_stock -0.0025 32
update_start: 55; random_action_prob: 0.1898
update_complete: 55; loss: 0.007781825959682465; cumulative_reward: 17.400000000000006; invalid_count: 0; positive_reward_count: 19; success_count: 18; episode_count: 18; random_exploration_count: 15; avg_entropy: 0.9133; best_tax_advantage: 35.0; random_action_prob: 0.1898
make_subcorporation -0.007142857142857143 63
transfer_cash 0.5973333333333334 30
contribute_for_stock -0.002 35
update_start: 56; random_action_prob: 0.1888
update_complete: 56; loss: 0.06231900552908579; cumulative_reward: 14.270000000000008; invalid_count: 0; positive_reward_count: 16; success_count: 15; episode_count: 15; random_exploration_count: 22; avg_entropy: 0.8894; best_tax_advantage: 35.0; random_action_prob: 0.1888
make_subcorporation -0.008 75
transfer_cash 0.5734615384615385 26
contribute_for_stock -0.0014814814814814814 27
update_start: 57; random_action_prob: 0.1879
update_complete: 57; loss: -0.004874708751837413; cumulative_reward: 15.330000000000009; invalid_count: 0; positive_reward_count: 20; success_count: 16; episode_count: 16; random_exploration_count: 19; avg_entropy: 0.9613; best_tax_advantage: 35.0; random_action_prob: 0.1879
make_subcorporation -0.0073437500000000005 64
transfer_cash 0.4815151515151515 33
contribute_for_stock -0.0029032258064516127 31
update_start: 58; random_action_prob: 0.1869
update_complete: 58; loss: 0.004410482322176297; cumulative_reward: 17.390000000000008; invalid_count: 0; positive_reward_count: 20; success_count: 18; episode_count: 18; random_exploration_count: 15; avg_entropy: 0.8459; best_tax_advantage: 35.0; random_action_prob: 0.1869
make_subcorporation -0.0073846153846153844 65
transfer_cash 0.55875 32
contribute_for_stock -0.0003225806451612903 31
update_start: 59; random_action_prob: 0.1860
update_complete: 59; loss: -0.0033957529813051224; cumulative_reward: 13.260000000000007; invalid_count: 0; positive_reward_count: 17; success_count: 14; episode_count: 14; random_exploration_count: 22; avg_entropy: 0.9283; best_tax_advantage: 35.0; random_action_prob: 0.1860
make_subcorporation -0.008059701492537314 67
transfer_cash 0.461 30
contribute_for_stock -0.000967741935483871 31
update_start: 60; random_action_prob: 0.1851
update_complete: 60; loss: 0.008299972862005234; cumulative_reward: 16.269999999999996; invalid_count: 0; positive_reward_count: 20; success_count: 17; episode_count: 17; random_exploration_count: 24; avg_entropy: 1.0360; best_tax_advantage: 35.0; random_action_prob: 0.1851
make_subcorporation -0.007727272727272728 66
transfer_cash 0.5435483870967742 31
contribute_for_stock -0.0022580645161290325 31
update_start: 61; random_action_prob: 0.1841
update_complete: 61; loss: 0.23198933402697244; cumulative_reward: 15.060000000000015; invalid_count: 0; positive_reward_count: 20; success_count: 16; episode_count: 16; random_exploration_count: 23; avg_entropy: 1.0314; best_tax_advantage: 35.0; random_action_prob: 0.1841
make_subcorporation -0.008382352941176471 68
transfer_cash 0.5243333333333333 30
contribute_for_stock -0.0033333333333333335 30
update_start: 62; random_action_prob: 0.1832
update_complete: 62; loss: 0.010591428726911545; cumulative_reward: 6.860000000000014; invalid_count: 0; positive_reward_count: 8; success_count: 8; episode_count: 8; random_exploration_count: 20; avg_entropy: 1.1555; best_tax_advantage: 35.0; random_action_prob: 0.1832
make_subcorporation -0.009113924050632912 79
transfer_cash 0.32166666666666666 24
contribute_for_stock -0.005600000000000001 25
update_start: 63; random_action_prob: 0.1823
update_complete: 63; loss: 0.020219600449005764; cumulative_reward: 10.990000000000007; invalid_count: 0; positive_reward_count: 15; success_count: 12; episode_count: 12; random_exploration_count: 30; avg_entropy: 1.2099; best_tax_advantage: 35.0; random_action_prob: 0.1823
make_subcorporation -0.008767123287671232 73
transfer_cash 0.392 30
contribute_for_stock -0.0052 25
update_start: 64; random_action_prob: 0.1814
update_complete: 64; loss: 0.008420779059330622; cumulative_reward: 9.200000000000006; invalid_count: 0; positive_reward_count: 11; success_count: 10; episode_count: 10; random_exploration_count: 23; avg_entropy: 0.9697; best_tax_advantage: 35.0; random_action_prob: 0.1814
make_subcorporation -0.008783783783783784 74
transfer_cash 0.4723809523809524 21
contribute_for_stock -0.0021212121212121214 33
update_start: 65; random_action_prob: 0.1805
update_complete: 65; loss: -0.00847599096596241; cumulative_reward: 5.140000000000011; invalid_count: 0; positive_reward_count: 7; success_count: 6; episode_count: 6; random_exploration_count: 24; avg_entropy: 0.9375; best_tax_advantage: 35.0; random_action_prob: 0.1805
make_subcorporation -0.009240506329113924 79
transfer_cash 0.32833333333333337 18
contribute_for_stock -0.0012903225806451613 31
update_start: 66; random_action_prob: 0.1796
update_complete: 66; loss: 0.03454991554220518; cumulative_reward: 9.615714285714295; invalid_count: 0; positive_reward_count: 13; success_count: 10; episode_count: 10; random_exploration_count: 27; avg_entropy: 0.8735; best_tax_advantage: 35.0; random_action_prob: 0.1796
make_subcorporation -0.008493150684931507 73
transfer_cash 0.48741496598639455 21
contribute_for_stock 0.0 34
update_start: 67; random_action_prob: 0.1787
update_complete: 67; loss: -0.010477464646100998; cumulative_reward: 5.180000000000005; invalid_count: 0; positive_reward_count: 9; success_count: 6; episode_count: 6; random_exploration_count: 27; avg_entropy: 0.9552; best_tax_advantage: 35.0; random_action_prob: 0.1787
make_subcorporation -0.009487179487179488 78
transfer_cash 0.296 20
contribute_for_stock 0.0 30
update_start: 68; random_action_prob: 0.1778
update_complete: 68; loss: 0.0020652239521344504; cumulative_reward: 9.250000000000009; invalid_count: 0; positive_reward_count: 11; success_count: 10; episode_count: 10; random_exploration_count: 21; avg_entropy: 0.9281; best_tax_advantage: 35.0; random_action_prob: 0.1778
make_subcorporation -0.008648648648648649 74
transfer_cash 0.496 20
contribute_for_stock -0.0008823529411764705 34
update_start: 69; random_action_prob: 0.1769
update_complete: 69; loss: -0.033363821605841316; cumulative_reward: 13.310000000000006; invalid_count: 0; positive_reward_count: 15; success_count: 14; episode_count: 14; random_exploration_count: 24; avg_entropy: 0.9967; best_tax_advantage: 35.0; random_action_prob: 0.1769
make_subcorporation -0.007971014492753625 69
transfer_cash 0.4793103448275862 29
contribute_for_stock -0.0013333333333333333 30
update_start: 70; random_action_prob: 0.1760
update_complete: 70; loss: -0.04590397079785665; cumulative_reward: 14.220000000000006; invalid_count: 0; positive_reward_count: 16; success_count: 15; episode_count: 15; random_exploration_count: 25; avg_entropy: 1.0817; best_tax_advantage: 35.0; random_action_prob: 0.1760
make_subcorporation -0.00791044776119403 67
transfer_cash 0.4487878787878788 33
contribute_for_stock -0.002142857142857143 28
update_start: 71; random_action_prob: 0.1751
update_complete: 71; loss: 0.056518820424874626; cumulative_reward: 21.36; invalid_count: 0; positive_reward_count: 22; success_count: 22; episode_count: 22; random_exploration_count: 24; avg_entropy: 0.9672; best_tax_advantage: 35.0; random_action_prob: 0.1751
make_subcorporation -0.006923076923076923 65
transfer_cash 0.7286666666666667 30
contribute_for_stock -0.0015151515151515152 33
update_start: 72; random_action_prob: 0.1743
update_complete: 72; loss: 0.014396227896213531; cumulative_reward: 18.260000000000012; invalid_count: 0; positive_reward_count: 22; success_count: 19; episode_count: 19; random_exploration_count: 29; avg_entropy: 0.9939; best_tax_advantage: 35.0; random_action_prob: 0.1743
make_subcorporation -0.007741935483870968 62
transfer_cash 0.5070270270270271 37
contribute_for_stock -0.0006896551724137932 29
update_start: 73; random_action_prob: 0.1734
update_complete: 73; loss: 0.019385396192471187; cumulative_reward: 17.86000000000001; invalid_count: 0; positive_reward_count: 21; success_count: 19; episode_count: 19; random_exploration_count: 21; avg_entropy: 0.9590; best_tax_advantage: 35.0; random_action_prob: 0.1734
make_subcorporation -0.009324324324324324 74
transfer_cash 0.665 28
contribute_for_stock -0.0026923076923076926 26
update_start: 74; random_action_prob: 0.1725
update_complete: 74; loss: 0.02188250422477722; cumulative_reward: 18.000000000000007; invalid_count: 0; positive_reward_count: 19; success_count: 19; episode_count: 19; random_exploration_count: 20; avg_entropy: 0.8837; best_tax_advantage: 35.0; random_action_prob: 0.1725
make_subcorporation -0.008507462686567165 67
transfer_cash 0.5815625 32
contribute_for_stock -0.0013793103448275863 29
update_start: 75; random_action_prob: 0.1717
update_complete: 75; loss: -0.016304543241858482; cumulative_reward: 14.840000000000016; invalid_count: 0; positive_reward_count: 16; success_count: 16; episode_count: 16; random_exploration_count: 16; avg_entropy: 0.9086; best_tax_advantage: 35.0; random_action_prob: 0.1717
make_subcorporation -0.00923076923076923 78
transfer_cash 0.748095238095238 21
contribute_for_stock -0.005172413793103448 29
update_start: 76; random_action_prob: 0.1708
update_complete: 76; loss: -0.028871990740299225; cumulative_reward: 11.820000000000016; invalid_count: 0; positive_reward_count: 15; success_count: 13; episode_count: 13; random_exploration_count: 28; avg_entropy: 1.0314; best_tax_advantage: 35.0; random_action_prob: 0.1708
make_subcorporation -0.009444444444444445 72
transfer_cash 0.45 28
contribute_for_stock -0.0035714285714285718 28
update_start: 77; random_action_prob: 0.1699
update_complete: 77; loss: -0.030639423057436943; cumulative_reward: 12.840000000000016; invalid_count: 0; positive_reward_count: 15; success_count: 14; episode_count: 14; random_exploration_count: 16; avg_entropy: 0.9922; best_tax_advantage: 35.0; random_action_prob: 0.1699
make_subcorporation -0.009452054794520548 73
transfer_cash 0.5033333333333333 27
contribute_for_stock -0.002142857142857143 28
update_start: 78; random_action_prob: 0.1691
update_complete: 78; loss: -0.02741365631421407; cumulative_reward: 14.750000000000016; invalid_count: 0; positive_reward_count: 20; success_count: 16; episode_count: 16; random_exploration_count: 25; avg_entropy: 0.9592; best_tax_advantage: 35.0; random_action_prob: 0.1691
make_subcorporation -0.009571428571428573 70
transfer_cash 0.45529411764705885 34
contribute_for_stock -0.0025 24
update_start: 79; random_action_prob: 0.1683
update_complete: 79; loss: 0.010057286669810614; cumulative_reward: 15.940000000000014; invalid_count: 0; positive_reward_count: 19; success_count: 17; episode_count: 17; random_exploration_count: 26; avg_entropy: 0.9368; best_tax_advantage: 35.0; random_action_prob: 0.1683
make_subcorporation -0.008823529411764706 68
transfer_cash 0.5364516129032257 31
contribute_for_stock -0.003103448275862069 29
update_start: 80; random_action_prob: 0.1674
update_complete: 80; loss: -0.05586691821614901; cumulative_reward: 13.940000000000014; invalid_count: 0; positive_reward_count: 20; success_count: 15; episode_count: 15; random_exploration_count: 22; avg_entropy: 0.8741; best_tax_advantage: 35.0; random_action_prob: 0.1674
make_subcorporation -0.009014084507042254 71
transfer_cash 0.5425925925925926 27
contribute_for_stock -0.0023333333333333335 30
update_start: 81; random_action_prob: 0.1666
update_complete: 81; loss: -0.02664254978299141; cumulative_reward: 20.98; invalid_count: 0; positive_reward_count: 24; success_count: 22; episode_count: 22; random_exploration_count: 14; avg_entropy: 0.8844; best_tax_advantage: 35.0; random_action_prob: 0.1666
make_subcorporation -0.008285714285714285 70
transfer_cash 0.8018518518518518 27
contribute_for_stock -0.0029032258064516127 31
update_start: 82; random_action_prob: 0.1657
update_complete: 82; loss: -0.035800756265719734; cumulative_reward: 16.000000000000014; invalid_count: 0; positive_reward_count: 18; success_count: 17; episode_count: 17; random_exploration_count: 25; avg_entropy: 1.0163; best_tax_advantage: 35.0; random_action_prob: 0.1657
make_subcorporation -0.008571428571428572 70
transfer_cash 0.5957142857142858 28
contribute_for_stock -0.0026666666666666666 30
update_start: 83; random_action_prob: 0.1649
update_complete: 83; loss: -0.013785813624660173; cumulative_reward: 23.369999999999997; invalid_count: 0; positive_reward_count: 28; success_count: 24; episode_count: 24; random_exploration_count: 21; avg_entropy: 0.8638; best_tax_advantage: 35.0; random_action_prob: 0.1649
make_subcorporation -0.006333333333333333 60
transfer_cash 0.6997058823529412 34
contribute_for_stock -0.0011764705882352942 34
update_start: 84; random_action_prob: 0.1641
update_complete: 84; loss: 0.015743210911750793; cumulative_reward: 20.35000000000001; invalid_count: 0; positive_reward_count: 23; success_count: 21; episode_count: 21; random_exploration_count: 16; avg_entropy: 0.8223; best_tax_advantage: 35.0; random_action_prob: 0.1641
make_subcorporation -0.006500000000000001 60
transfer_cash 0.6111764705882353 34
contribute_for_stock -0.0011764705882352942 34
update_start: 85; random_action_prob: 0.1633
update_complete: 85; loss: -0.029955233136812847; cumulative_reward: 20.450000000000006; invalid_count: 0; positive_reward_count: 21; success_count: 21; episode_count: 21; random_exploration_count: 22; avg_entropy: 0.8389; best_tax_advantage: 35.0; random_action_prob: 0.1633
make_subcorporation -0.006666666666666666 63
transfer_cash 0.633030303030303 33
contribute_for_stock -0.000625 32
update_start: 86; random_action_prob: 0.1625
update_complete: 86; loss: -0.03561762968699137; cumulative_reward: 20.380000000000003; invalid_count: 0; positive_reward_count: 22; success_count: 21; episode_count: 21; random_exploration_count: 18; avg_entropy: 0.8503; best_tax_advantage: 35.0; random_action_prob: 0.1625
make_subcorporation -0.00676923076923077 65
transfer_cash 0.7203448275862069 29
contribute_for_stock -0.002058823529411765 34
update_start: 87; random_action_prob: 0.1616
update_complete: 87; loss: 0.03761932750542959; cumulative_reward: 14.220000000000011; invalid_count: 0; positive_reward_count: 16; success_count: 15; episode_count: 15; random_exploration_count: 25; avg_entropy: 0.9130; best_tax_advantage: 35.0; random_action_prob: 0.1616
make_subcorporation -0.00782608695652174 69
transfer_cash 0.5711538461538461 26
contribute_for_stock -0.002727272727272727 33
update_start: 88; random_action_prob: 0.1608
update_complete: 88; loss: 0.04432149976491928; cumulative_reward: 15.200000000000015; invalid_count: 0; positive_reward_count: 16; success_count: 16; episode_count: 16; random_exploration_count: 17; avg_entropy: 0.8636; best_tax_advantage: 35.0; random_action_prob: 0.1608
make_subcorporation -0.008108108108108109 74
transfer_cash 0.8822222222222222 18
contribute_for_stock -0.0022222222222222222 36
update_start: 89; random_action_prob: 0.1600
update_complete: 89; loss: -0.015716370195150375; cumulative_reward: 15.130000000000017; invalid_count: 0; positive_reward_count: 17; success_count: 16; episode_count: 16; random_exploration_count: 18; avg_entropy: 0.8796; best_tax_advantage: 35.0; random_action_prob: 0.1600
make_subcorporation -0.007916666666666667 72
transfer_cash 0.6579166666666666 24
contribute_for_stock -0.0028125 32
update_start: 90; random_action_prob: 0.1592
update_complete: 90; loss: 0.029255172237753868; cumulative_reward: 18.310000000000006; invalid_count: 0; positive_reward_count: 19; success_count: 19; episode_count: 19; random_exploration_count: 20; avg_entropy: 0.8422; best_tax_advantage: 35.0; random_action_prob: 0.1592
make_subcorporation -0.0070967741935483875 62
transfer_cash 0.6064516129032258 31
contribute_for_stock -0.0014285714285714286 35
update_start: 91; random_action_prob: 0.1584
update_complete: 91; loss: 0.0292418176929156; cumulative_reward: 19.22; invalid_count: 0; positive_reward_count: 20; success_count: 20; episode_count: 20; random_exploration_count: 23; avg_entropy: 0.8936; best_tax_advantage: 35.0; random_action_prob: 0.1584
make_subcorporation -0.007538461538461538 65
transfer_cash 0.6827586206896552 29
contribute_for_stock -0.0026470588235294116 34
update_start: 92; random_action_prob: 0.1576
update_complete: 92; loss: -0.033673551554481186; cumulative_reward: 25.33; invalid_count: 0; positive_reward_count: 26; success_count: 26; episode_count: 26; random_exploration_count: 15; avg_entropy: 0.7278; best_tax_advantage: 35.0; random_action_prob: 0.1576
make_subcorporation -0.006615384615384615 65
transfer_cash 0.8613333333333333 30
contribute_for_stock -0.0024242424242424242 33
update_start: 93; random_action_prob: 0.1569
update_complete: 93; loss: 0.05673400809367498; cumulative_reward: 17.665714285714284; invalid_count: 0; positive_reward_count: 19; success_count: 18; episode_count: 18; random_exploration_count: 24; avg_entropy: 0.8460; best_tax_advantage: 35.0; random_action_prob: 0.1569
make_subcorporation -0.007301587301587302 63
transfer_cash 0.5679910714285714 32
contribute_for_stock -0.0015151515151515152 33
update_start: 94; random_action_prob: 0.1561
update_complete: 94; loss: -0.038321432967980705; cumulative_reward: 17.14000000000001; invalid_count: 0; positive_reward_count: 19; success_count: 18; episode_count: 18; random_exploration_count: 23; avg_entropy: 0.9193; best_tax_advantage: 35.0; random_action_prob: 0.1561
make_subcorporation -0.0075409836065573775 61
transfer_cash 0.5197058823529411 34
contribute_for_stock -0.0021212121212121214 33
update_start: 95; random_action_prob: 0.1553
update_complete: 95; loss: 0.03644626090923945; cumulative_reward: 20.39; invalid_count: 0; positive_reward_count: 21; success_count: 21; episode_count: 21; random_exploration_count: 18; avg_entropy: 0.8151; best_tax_advantage: 35.0; random_action_prob: 0.1553
make_subcorporation -0.006885245901639344 61
transfer_cash 0.6315151515151515 33
contribute_for_stock -0.0008823529411764705 34
update_start: 96; random_action_prob: 0.1545
update_complete: 96; loss: 0.02937445603311062; cumulative_reward: 20.360000000000003; invalid_count: 0; positive_reward_count: 21; success_count: 21; episode_count: 21; random_exploration_count: 19; avg_entropy: 0.7697; best_tax_advantage: 35.0; random_action_prob: 0.1545
make_subcorporation -0.006923076923076923 65
transfer_cash 0.6953333333333334 30
contribute_for_stock -0.0015151515151515152 33
update_start: 97; random_action_prob: 0.1537
update_complete: 97; loss: -0.02616092748939991; cumulative_reward: 28.6; invalid_count: 0; positive_reward_count: 30; success_count: 29; episode_count: 29; random_exploration_count: 10; avg_entropy: 0.5661; best_tax_advantage: 35.0; random_action_prob: 0.1537
make_subcorporation -0.004999999999999999 58
transfer_cash 0.8754545454545455 33
contribute_for_stock 0.0 37
update_start: 98; random_action_prob: 0.1530
update_complete: 98; loss: -0.0031420961022377014; cumulative_reward: 24.34; invalid_count: 0; positive_reward_count: 25; success_count: 25; episode_count: 25; random_exploration_count: 24; avg_entropy: 0.7399; best_tax_advantage: 35.0; random_action_prob: 0.1530
make_subcorporation -0.005932203389830509 59
transfer_cash 0.6683783783783784 37
contribute_for_stock -0.00125 32
update_start: 99; random_action_prob: 0.1522
update_complete: 99; loss: -0.022703868026534717; cumulative_reward: 15.390000000000011; invalid_count: 0; positive_reward_count: 17; success_count: 16; episode_count: 16; random_exploration_count: 20; avg_entropy: 0.7140; best_tax_advantage: 35.0; random_action_prob: 0.1522
make_subcorporation -0.007538461538461538 65
transfer_cash 0.636 25
contribute_for_stock -0.0005263157894736842 38
2026-08-07T14:26:35 completed barnes_group run=2 elapsed_seconds=547.77 updates_logged=100
2026-08-07T14:26:35 running barnes_group run=3 seed=1732
env_variant: HardTaxEnv
update_start: 0; random_action_prob: 0.2500
update_complete: 0; loss: 0.5116415520509084; cumulative_reward: -1.370000000000001; invalid_count: 0; positive_reward_count: 0; success_count: 0; episode_count: 0; random_exploration_count: 35; avg_entropy: 1.2636; best_tax_advantage: 0.0; random_action_prob: 0.2500
make_subcorporation -0.009863013698630137 73
transfer_cash -0.0134375 32
contribute_for_stock -0.009565217391304347 23
update_start: 1; random_action_prob: 0.2487
update_complete: 1; loss: 0.5054974555969238; cumulative_reward: -0.41000000000000064; invalid_count: 0; positive_reward_count: 1; success_count: 1; episode_count: 1; random_exploration_count: 37; avg_entropy: 1.3336; best_tax_advantage: 35.0; random_action_prob: 0.2487
make_subcorporation -0.009868421052631578 76
transfer_cash 0.023703703703703703 27
contribute_for_stock -0.012 25
update_start: 2; random_action_prob: 0.2475
update_complete: 2; loss: 0.4012586971124013; cumulative_reward: -1.610000000000001; invalid_count: 0; positive_reward_count: 0; success_count: 0; episode_count: 0; random_exploration_count: 28; avg_entropy: 1.5655; best_tax_advantage: 0.0; random_action_prob: 0.2475
make_subcorporation -0.009857142857142858 70
transfer_cash -0.0153125 32
contribute_for_stock -0.016538461538461537 26
update_start: 3; random_action_prob: 0.2463
update_complete: 3; loss: 0.21025030811627707; cumulative_reward: -0.8400000000000005; invalid_count: 0; positive_reward_count: 0; success_count: 0; episode_count: 0; random_exploration_count: 25; avg_entropy: 1.3708; best_tax_advantage: 0.0; random_action_prob: 0.2463
make_subcorporation -0.009863013698630137 73
transfer_cash -0.0018181818181818182 33
contribute_for_stock -0.002727272727272727 22
update_start: 4; random_action_prob: 0.2450
update_complete: 4; loss: 0.4720294823249181; cumulative_reward: -0.8500000000000005; invalid_count: 0; positive_reward_count: 0; success_count: 0; episode_count: 0; random_exploration_count: 35; avg_entropy: 1.3316; best_tax_advantage: 0.0; random_action_prob: 0.2450
make_subcorporation -0.01 72
transfer_cash -0.002 40
contribute_for_stock -0.003125 16
update_start: 5; random_action_prob: 0.2438
update_complete: 5; loss: 0.11153522009650867; cumulative_reward: -0.7500000000000004; invalid_count: 0; positive_reward_count: 0; success_count: 0; episode_count: 0; random_exploration_count: 26; avg_entropy: 1.1664; best_tax_advantage: 0.0; random_action_prob: 0.2438
make_subcorporation -0.009868421052631578 76
transfer_cash 0.0 30
contribute_for_stock 0.0 22
update_start: 6; random_action_prob: 0.2426
update_complete: 6; loss: 0.06475510944922765; cumulative_reward: -0.7000000000000004; invalid_count: 0; positive_reward_count: 0; success_count: 0; episode_count: 0; random_exploration_count: 24; avg_entropy: 1.2534; best_tax_advantage: 0.0; random_action_prob: 0.2426
make_subcorporation -0.009859154929577466 71
transfer_cash 0.0 40
contribute_for_stock 0.0 17
update_start: 7; random_action_prob: 0.2414
update_complete: 7; loss: -0.002556845545768738; cumulative_reward: -0.8100000000000005; invalid_count: 0; positive_reward_count: 0; success_count: 0; episode_count: 0; random_exploration_count: 34; avg_entropy: 1.3751; best_tax_advantage: 0.0; random_action_prob: 0.2414
make_subcorporation -0.01 75
transfer_cash -0.0005555555555555556 36
contribute_for_stock -0.0023529411764705885 17
update_start: 8; random_action_prob: 0.2402
update_complete: 8; loss: -0.0540045772989591; cumulative_reward: -1.0400000000000005; invalid_count: 0; positive_reward_count: 0; success_count: 0; episode_count: 0; random_exploration_count: 31; avg_entropy: 1.5725; best_tax_advantage: 0.0; random_action_prob: 0.2402
make_subcorporation -0.01 69
transfer_cash -0.0056410256410256415 39
contribute_for_stock -0.006500000000000001 20
update_start: 9; random_action_prob: 0.2390
update_complete: 9; loss: 0.012805131574471792; cumulative_reward: -0.8400000000000005; invalid_count: 0; positive_reward_count: 0; success_count: 0; episode_count: 0; random_exploration_count: 22; avg_entropy: 1.4449; best_tax_advantage: 0.0; random_action_prob: 0.2390
make_subcorporation -0.009850746268656717 67
transfer_cash -0.0024390243902439024 41
contribute_for_stock -0.004 20
update_start: 10; random_action_prob: 0.2378
update_complete: 10; loss: -0.06034510334332784; cumulative_reward: -0.7800000000000005; invalid_count: 0; positive_reward_count: 0; success_count: 0; episode_count: 0; random_exploration_count: 36; avg_entropy: 1.4539; best_tax_advantage: 0.0; random_action_prob: 0.2378
make_subcorporation -0.01 66
transfer_cash -0.0024444444444444444 45
contribute_for_stock -0.0005882352941176471 17
update_start: 11; random_action_prob: 0.2366
update_complete: 11; loss: -0.04990491767724355; cumulative_reward: -0.9800000000000006; invalid_count: 0; positive_reward_count: 0; success_count: 0; episode_count: 0; random_exploration_count: 35; avg_entropy: 1.7244; best_tax_advantage: 0.0; random_action_prob: 0.2366
make_subcorporation -0.009850746268656717 67
transfer_cash -0.00368421052631579 38
contribute_for_stock -0.007826086956521738 23
update_start: 12; random_action_prob: 0.2354
update_complete: 12; loss: -0.03643242890636126; cumulative_reward: -1.1300000000000008; invalid_count: 0; positive_reward_count: 0; success_count: 0; episode_count: 0; random_exploration_count: 29; avg_entropy: 1.6515; best_tax_advantage: 0.0; random_action_prob: 0.2354
make_subcorporation -0.01 60
transfer_cash -0.008095238095238096 42
contribute_for_stock -0.007307692307692308 26
update_start: 13; random_action_prob: 0.2342
update_complete: 13; loss: -0.035850077867507935; cumulative_reward: -1.0000000000000004; invalid_count: 0; positive_reward_count: 0; success_count: 0; episode_count: 0; random_exploration_count: 24; avg_entropy: 1.6052; best_tax_advantage: 0.0; random_action_prob: 0.2342
make_subcorporation -0.01 69
transfer_cash -0.005135135135135136 37
contribute_for_stock -0.005454545454545454 22
update_start: 14; random_action_prob: 0.2331
update_complete: 14; loss: -0.04725643868247668; cumulative_reward: -1.2000000000000006; invalid_count: 0; positive_reward_count: 0; success_count: 0; episode_count: 0; random_exploration_count: 31; avg_entropy: 1.5994; best_tax_advantage: 0.0; random_action_prob: 0.2331
make_subcorporation -0.009846153846153846 65
transfer_cash -0.01 39
contribute_for_stock -0.007083333333333334 24
update_start: 15; random_action_prob: 0.2319
update_complete: 15; loss: 0.01725441465775172; cumulative_reward: -0.07000000000000052; invalid_count: 0; positive_reward_count: 2; success_count: 1; episode_count: 1; random_exploration_count: 33; avg_entropy: 1.4861; best_tax_advantage: 35.0; random_action_prob: 0.2319
make_subcorporation -0.009852941176470589 68
transfer_cash 0.01697674418604651 43
contribute_for_stock -0.007647058823529412 17
update_start: 16; random_action_prob: 0.2307
update_complete: 16; loss: -0.026497843364874523; cumulative_reward: -0.020000000000000403; invalid_count: 0; positive_reward_count: 2; success_count: 1; episode_count: 1; random_exploration_count: 28; avg_entropy: 1.5983; best_tax_advantage: 35.0; random_action_prob: 0.2307
make_subcorporation -0.009850746268656717 67
transfer_cash 0.01894736842105263 38
contribute_for_stock -0.0034782608695652175 23
update_start: 17; random_action_prob: 0.2296
update_complete: 17; loss: -0.07370655611157417; cumulative_reward: -0.9900000000000007; invalid_count: 0; positive_reward_count: 0; success_count: 0; episode_count: 0; random_exploration_count: 24; avg_entropy: 1.5940; best_tax_advantage: 0.0; random_action_prob: 0.2296
make_subcorporation -0.009852941176470589 68
transfer_cash -0.008928571428571428 28
contribute_for_stock -0.0021875 32
update_start: 18; random_action_prob: 0.2284
update_complete: 18; loss: -0.04623973121245702; cumulative_reward: -1.1300000000000008; invalid_count: 0; positive_reward_count: 0; success_count: 0; episode_count: 0; random_exploration_count: 24; avg_entropy: 1.6521; best_tax_advantage: 0.0; random_action_prob: 0.2284
make_subcorporation -0.01 66
transfer_cash -0.00787878787878788 33
contribute_for_stock -0.007241379310344827 29
update_start: 19; random_action_prob: 0.2273
update_complete: 19; loss: 0.01770273596048355; cumulative_reward: 0.05999999999999968; invalid_count: 0; positive_reward_count: 1; success_count: 1; episode_count: 1; random_exploration_count: 33; avg_entropy: 1.5138; best_tax_advantage: 35.0; random_action_prob: 0.2273
make_subcorporation -0.01 72
transfer_cash 0.040999999999999995 20
contribute_for_stock -0.0011111111111111111 36
update_start: 20; random_action_prob: 0.2262
update_complete: 20; loss: -0.009390071034431458; cumulative_reward: 0.049999999999999566; invalid_count: 0; positive_reward_count: 1; success_count: 1; episode_count: 1; random_exploration_count: 22; avg_entropy: 1.4517; best_tax_advantage: 35.0; random_action_prob: 0.2262
make_subcorporation -0.009743589743589744 78
transfer_cash 0.03 28
contribute_for_stock -0.0013636363636363635 22
update_start: 21; random_action_prob: 0.2250
update_complete: 21; loss: -0.011863627781470617; cumulative_reward: 0.03999999999999945; invalid_count: 0; positive_reward_count: 1; success_count: 1; episode_count: 1; random_exploration_count: 29; avg_entropy: 1.4554; best_tax_advantage: 35.0; random_action_prob: 0.2250
make_subcorporation -0.009873417721518988 79
transfer_cash 0.03185185185185185 27
contribute_for_stock -0.0018181818181818182 22
update_start: 22; random_action_prob: 0.2239
update_complete: 22; loss: 0.015570199737946192; cumulative_reward: 0.039999999999999564; invalid_count: 0; positive_reward_count: 1; success_count: 1; episode_count: 1; random_exploration_count: 26; avg_entropy: 1.4728; best_tax_advantage: 35.0; random_action_prob: 0.2239
make_subcorporation -0.009759036144578313 83
transfer_cash 0.04526315789473684 19
contribute_for_stock -0.0003846153846153846 26
update_start: 23; random_action_prob: 0.2228
update_complete: 23; loss: -0.029180319358905155; cumulative_reward: 4.020000000000003; invalid_count: 0; positive_reward_count: 6; success_count: 5; episode_count: 5; random_exploration_count: 31; avg_entropy: 1.4300; best_tax_advantage: 35.0; random_action_prob: 0.2228
make_subcorporation -0.009305555555555556 72
transfer_cash 0.1496875 32
contribute_for_stock -0.004166666666666667 24
update_start: 24; random_action_prob: 0.2217
update_complete: 24; loss: 0.03746539354324341; cumulative_reward: 3.010000000000003; invalid_count: 0; positive_reward_count: 4; success_count: 4; episode_count: 4; random_exploration_count: 32; avg_entropy: 1.3738; best_tax_advantage: 35.0; random_action_prob: 0.2217
make_subcorporation -0.009620253164556962 79
transfer_cash 0.16 24
contribute_for_stock -0.0028000000000000004 25
update_start: 25; random_action_prob: 0.2206
update_complete: 25; loss: -0.014170996844768524; cumulative_reward: 2.0000000000000013; invalid_count: 0; positive_reward_count: 4; success_count: 3; episode_count: 3; random_exploration_count: 20; avg_entropy: 1.2955; best_tax_advantage: 35.0; random_action_prob: 0.2206
make_subcorporation -0.009647058823529413 85
transfer_cash 0.15157894736842104 19
contribute_for_stock -0.0025 24
update_start: 26; random_action_prob: 0.2195
update_complete: 26; loss: 0.02593969429532687; cumulative_reward: 3.0100000000000016; invalid_count: 0; positive_reward_count: 5; success_count: 4; episode_count: 4; random_exploration_count: 35; avg_entropy: 1.3414; best_tax_advantage: 35.0; random_action_prob: 0.2195
make_subcorporation -0.009534883720930233 86
transfer_cash 0.26066666666666666 15
contribute_for_stock -0.002962962962962963 27
update_start: 27; random_action_prob: 0.2184
update_complete: 27; loss: 0.004639655351638794; cumulative_reward: 1.0399999999999994; invalid_count: 0; positive_reward_count: 2; success_count: 2; episode_count: 2; random_exploration_count: 27; avg_entropy: 1.1977; best_tax_advantage: 35.0; random_action_prob: 0.2184
make_subcorporation -0.009767441860465116 86
transfer_cash 0.09999999999999999 19
contribute_for_stock -0.0008695652173913044 23
update_start: 28; random_action_prob: 0.2173
update_complete: 28; loss: -0.02739009882013003; cumulative_reward: 3.9700000000000055; invalid_count: 0; positive_reward_count: 6; success_count: 5; episode_count: 5; random_exploration_count: 23; avg_entropy: 1.2568; best_tax_advantage: 35.0; random_action_prob: 0.2173
make_subcorporation -0.009540229885057473 87
transfer_cash 0.303125 16
contribute_for_stock -0.002 25
update_start: 29; random_action_prob: 0.2162
update_complete: 29; loss: 0.16533171509703; cumulative_reward: -1.0900000000000007; invalid_count: 0; positive_reward_count: 0; success_count: 0; episode_count: 0; random_exploration_count: 22; avg_entropy: 1.2887; best_tax_advantage: 0.0; random_action_prob: 0.2162
make_subcorporation -0.00989010989010989 91
transfer_cash -0.005555555555555556 18
contribute_for_stock -0.004736842105263157 19
update_start: 30; random_action_prob: 0.2151
update_complete: 30; loss: 0.1121824358900388; cumulative_reward: 2.010000000000004; invalid_count: 0; positive_reward_count: 3; success_count: 3; episode_count: 3; random_exploration_count: 27; avg_entropy: 1.3273; best_tax_advantage: 35.0; random_action_prob: 0.2151
make_subcorporation -0.009534883720930233 86
transfer_cash 0.12608695652173912 23
contribute_for_stock -0.00368421052631579 19
update_start: 31; random_action_prob: 0.2140
update_complete: 31; loss: -0.0022673805554707846; cumulative_reward: 0.05999999999999948; invalid_count: 0; positive_reward_count: 1; success_count: 1; episode_count: 1; random_exploration_count: 30; avg_entropy: 1.2161; best_tax_advantage: 35.0; random_action_prob: 0.2140
make_subcorporation -0.009772727272727273 88
transfer_cash 0.03481481481481481 27
contribute_for_stock -0.0015384615384615385 13
update_start: 32; random_action_prob: 0.2130
update_complete: 32; loss: 0.09881499285499255; cumulative_reward: 2.0400000000000036; invalid_count: 0; positive_reward_count: 4; success_count: 3; episode_count: 3; random_exploration_count: 28; avg_entropy: 1.2602; best_tax_advantage: 35.0; random_action_prob: 0.2130
make_subcorporation -0.009651162790697675 86
transfer_cash 0.1176 25
contribute_for_stock -0.00411764705882353 17
update_start: 33; random_action_prob: 0.2119
update_complete: 33; loss: -0.041283752769231796; cumulative_reward: 5.080000000000011; invalid_count: 0; positive_reward_count: 6; success_count: 6; episode_count: 6; random_exploration_count: 17; avg_entropy: 1.3526; best_tax_advantage: 35.0; random_action_prob: 0.2119
make_subcorporation -0.009259259259259259 81
transfer_cash 0.25608695652173913 23
contribute_for_stock -0.0025 24
update_start: 34; random_action_prob: 0.2108
update_complete: 34; loss: 0.022360799213250477; cumulative_reward: 6.200000000000005; invalid_count: 0; positive_reward_count: 7; success_count: 7; episode_count: 7; random_exploration_count: 25; avg_entropy: 1.2659; best_tax_advantage: 35.0; random_action_prob: 0.2108
make_subcorporation -0.009012345679012346 81
transfer_cash 0.26807692307692305 26
contribute_for_stock -0.0019047619047619048 21
update_start: 35; random_action_prob: 0.2098
update_complete: 35; loss: 0.0014042270680268605; cumulative_reward: 6.100000000000008; invalid_count: 0; positive_reward_count: 10; success_count: 7; episode_count: 7; random_exploration_count: 32; avg_entropy: 1.2226; best_tax_advantage: 35.0; random_action_prob: 0.2098
make_subcorporation -0.009375 80
transfer_cash 0.2548148148148148 27
contribute_for_stock -0.0014285714285714286 21
update_start: 36; random_action_prob: 0.2087
update_complete: 36; loss: -0.02467563996712367; cumulative_reward: 4.080000000000006; invalid_count: 0; positive_reward_count: 6; success_count: 5; episode_count: 5; random_exploration_count: 26; avg_entropy: 1.1783; best_tax_advantage: 35.0; random_action_prob: 0.2087
make_subcorporation -0.009642857142857144 84
transfer_cash 0.16931034482758622 29
contribute_for_stock -0.0013333333333333333 15
update_start: 37; random_action_prob: 0.2077
update_complete: 37; loss: 0.05200120806694031; cumulative_reward: 1.1399999999999992; invalid_count: 0; positive_reward_count: 2; success_count: 2; episode_count: 2; random_exploration_count: 31; avg_entropy: 1.0866; best_tax_advantage: 35.0; random_action_prob: 0.2077
make_subcorporation -0.009659090909090909 88
transfer_cash 0.07107142857142858 28
contribute_for_stock 0.0 12
update_start: 38; random_action_prob: 0.2066
update_complete: 38; loss: 0.10521872093280156; cumulative_reward: 1.0999999999999992; invalid_count: 0; positive_reward_count: 2; success_count: 2; episode_count: 2; random_exploration_count: 24; avg_entropy: 0.8618; best_tax_advantage: 35.0; random_action_prob: 0.2066
make_subcorporation -0.009777777777777778 90
transfer_cash 0.07071428571428572 28
contribute_for_stock 0.0 10
update_start: 39; random_action_prob: 0.2056
update_complete: 39; loss: 0.043930004040400185; cumulative_reward: 1.0999999999999994; invalid_count: 0; positive_reward_count: 3; success_count: 2; episode_count: 2; random_exploration_count: 30; avg_entropy: 1.0087; best_tax_advantage: 35.0; random_action_prob: 0.2056
make_subcorporation -0.009761904761904763 84
transfer_cash 0.05676470588235294 34
contribute_for_stock -0.001 10
update_start: 40; random_action_prob: 0.2046
update_complete: 40; loss: 0.051113306234280266; cumulative_reward: 2.13; invalid_count: 0; positive_reward_count: 4; success_count: 3; episode_count: 3; random_exploration_count: 29; avg_entropy: 0.8988; best_tax_advantage: 35.0; random_action_prob: 0.2046
make_subcorporation -0.009655172413793102 87
transfer_cash 0.0928125 32
contribute_for_stock 0.0 9
update_start: 41; random_action_prob: 0.2036
update_complete: 41; loss: 0.004513972749312718; cumulative_reward: 1.0199999999999994; invalid_count: 0; positive_reward_count: 2; success_count: 2; episode_count: 2; random_exploration_count: 27; avg_entropy: 1.1043; best_tax_advantage: 35.0; random_action_prob: 0.2036
make_subcorporation -0.009759036144578313 83
transfer_cash 0.06333333333333332 30
contribute_for_stock -0.004666666666666667 15
update_start: 42; random_action_prob: 0.2025
update_complete: 42; loss: 0.006276076038678487; cumulative_reward: 3.110000000000003; invalid_count: 0; positive_reward_count: 5; success_count: 4; episode_count: 4; random_exploration_count: 28; avg_entropy: 1.0340; best_tax_advantage: 35.0; random_action_prob: 0.2025
make_subcorporation -0.009418604651162791 86
transfer_cash 0.15839999999999999 25
contribute_for_stock -0.0023529411764705885 17
update_start: 43; random_action_prob: 0.2015
update_complete: 43; loss: 0.04063790167371432; cumulative_reward: 8.200000000000008; invalid_count: 0; positive_reward_count: 10; success_count: 9; episode_count: 9; random_exploration_count: 26; avg_entropy: 1.1708; best_tax_advantage: 35.0; random_action_prob: 0.2015
make_subcorporation -0.0088 75
transfer_cash 0.3292592592592593 27
contribute_for_stock -0.0011538461538461537 26
update_start: 44; random_action_prob: 0.2005
update_complete: 44; loss: 0.03893367201089859; cumulative_reward: 10.13000000000001; invalid_count: 0; positive_reward_count: 13; success_count: 11; episode_count: 11; random_exploration_count: 31; avg_entropy: 1.1673; best_tax_advantage: 35.0; random_action_prob: 0.2005
make_subcorporation -0.00875 72
transfer_cash 0.35966666666666663 30
contribute_for_stock -0.0011538461538461537 26
update_start: 45; random_action_prob: 0.1995
update_complete: 45; loss: 0.03954153383771578; cumulative_reward: 9.21000000000001; invalid_count: 0; positive_reward_count: 12; success_count: 10; episode_count: 10; random_exploration_count: 26; avg_entropy: 1.1660; best_tax_advantage: 35.0; random_action_prob: 0.1995
make_subcorporation -0.008648648648648649 74
transfer_cash 0.309375 32
contribute_for_stock -0.002272727272727273 22
update_start: 46; random_action_prob: 0.1985
update_complete: 46; loss: 0.006384073446194331; cumulative_reward: 9.200000000000015; invalid_count: 0; positive_reward_count: 12; success_count: 10; episode_count: 10; random_exploration_count: 25; avg_entropy: 1.0928; best_tax_advantage: 35.0; random_action_prob: 0.1985
make_subcorporation -0.008961038961038961 77
transfer_cash 0.309375 32
contribute_for_stock -0.0005263157894736842 19
update_start: 47; random_action_prob: 0.1975
update_complete: 47; loss: 0.018861071517070133; cumulative_reward: 10.280000000000008; invalid_count: 0; positive_reward_count: 11; success_count: 11; episode_count: 11; random_exploration_count: 28; avg_entropy: 1.1901; best_tax_advantage: 35.0; random_action_prob: 0.1975
make_subcorporation -0.008428571428571428 70
transfer_cash 0.2943243243243243 37
contribute_for_stock -0.0009523809523809524 21
update_start: 48; random_action_prob: 0.1965
update_complete: 48; loss: -0.027324408913652103; cumulative_reward: 9.070000000000013; invalid_count: 0; positive_reward_count: 12; success_count: 10; episode_count: 10; random_exploration_count: 20; avg_entropy: 1.1447; best_tax_advantage: 35.0; random_action_prob: 0.1965
make_subcorporation -0.008933333333333333 75
transfer_cash 0.37692307692307697 26
contribute_for_stock -0.0022222222222222222 27
update_start: 49; random_action_prob: 0.1956
update_complete: 49; loss: 0.031773957113424935; cumulative_reward: 6.060000000000011; invalid_count: 0; positive_reward_count: 7; success_count: 7; episode_count: 7; random_exploration_count: 31; avg_entropy: 1.2297; best_tax_advantage: 35.0; random_action_prob: 0.1956
make_subcorporation -0.009358974358974358 78
transfer_cash 0.23724137931034484 29
contribute_for_stock -0.004285714285714286 21
update_start: 50; random_action_prob: 0.1946
update_complete: 50; loss: -0.015723104278246563; cumulative_reward: 7.150000000000009; invalid_count: 0; positive_reward_count: 8; success_count: 8; episode_count: 8; random_exploration_count: 25; avg_entropy: 1.2505; best_tax_advantage: 35.0; random_action_prob: 0.1946
make_subcorporation -0.009078947368421053 76
transfer_cash 0.25612903225806455 31
contribute_for_stock -0.004761904761904762 21
update_start: 51; random_action_prob: 0.1936
update_complete: 51; loss: 0.026372086256742477; cumulative_reward: 9.17000000000001; invalid_count: 0; positive_reward_count: 11; success_count: 10; episode_count: 10; random_exploration_count: 29; avg_entropy: 1.2060; best_tax_advantage: 35.0; random_action_prob: 0.1936
make_subcorporation -0.008493150684931507 73
transfer_cash 0.32766666666666666 30
contribute_for_stock -0.0016 25
update_start: 52; random_action_prob: 0.1926
update_complete: 52; loss: 0.014927746107180914; cumulative_reward: 4.110000000000004; invalid_count: 0; positive_reward_count: 6; success_count: 5; episode_count: 5; random_exploration_count: 27; avg_entropy: 1.1508; best_tax_advantage: 35.0; random_action_prob: 0.1926
make_subcorporation -0.009390243902439024 82
transfer_cash 0.1402857142857143 35
contribute_for_stock -0.002727272727272727 11
update_start: 53; random_action_prob: 0.1917
update_complete: 53; loss: 0.010704620430866877; cumulative_reward: 3.140000000000003; invalid_count: 0; positive_reward_count: 4; success_count: 4; episode_count: 4; random_exploration_count: 16; avg_entropy: 1.1244; best_tax_advantage: 35.0; random_action_prob: 0.1917
make_subcorporation -0.009382716049382716 81
transfer_cash 0.10289473684210526 38
contribute_for_stock -0.0011111111111111111 9
update_start: 54; random_action_prob: 0.1907
update_complete: 54; loss: 0.0060431696474552155; cumulative_reward: 1.8899999999999995; invalid_count: 0; positive_reward_count: 3; success_count: 3; episode_count: 3; random_exploration_count: 26; avg_entropy: 1.2799; best_tax_advantage: 35.0; random_action_prob: 0.1907
make_subcorporation -0.00988235294117647 85
transfer_cash 0.08205882352941177 34
contribute_for_stock -0.006666666666666666 9
update_start: 55; random_action_prob: 0.1898
update_complete: 55; loss: -0.050475385040044785; cumulative_reward: 5.810000000000015; invalid_count: 0; positive_reward_count: 7; success_count: 7; episode_count: 7; random_exploration_count: 20; avg_entropy: 1.3270; best_tax_advantage: 35.0; random_action_prob: 0.1898
make_subcorporation -0.009342105263157895 76
transfer_cash 0.20875 32
contribute_for_stock -0.008 20
update_start: 56; random_action_prob: 0.1888
update_complete: 56; loss: 0.0013274724284807842; cumulative_reward: 2.6100000000000034; invalid_count: 0; positive_reward_count: 5; success_count: 4; episode_count: 4; random_exploration_count: 25; avg_entropy: 1.3026; best_tax_advantage: 35.0; random_action_prob: 0.1888
make_subcorporation -0.009873417721518988 79
transfer_cash 0.1164516129032258 31
contribute_for_stock -0.012222222222222223 18
update_start: 57; random_action_prob: 0.1879
update_complete: 57; loss: -0.054006583988666534; cumulative_reward: 15.050000000000015; invalid_count: 0; positive_reward_count: 16; success_count: 16; episode_count: 16; random_exploration_count: 13; avg_entropy: 1.2027; best_tax_advantage: 35.0; random_action_prob: 0.1879
make_subcorporation -0.008169014084507042 71
transfer_cash 0.5848148148148148 27
contribute_for_stock -0.005333333333333333 30
update_start: 58; random_action_prob: 0.1869
update_complete: 58; loss: 0.03044607366124789; cumulative_reward: 10.93000000000001; invalid_count: 0; positive_reward_count: 15; success_count: 12; episode_count: 12; random_exploration_count: 24; avg_entropy: 1.2928; best_tax_advantage: 35.0; random_action_prob: 0.1869
make_subcorporation -0.008955223880597015 67
transfer_cash 0.3236111111111111 36
contribute_for_stock -0.0048 25
update_start: 59; random_action_prob: 0.1860
update_complete: 59; loss: 0.08419921497503917; cumulative_reward: 17.130000000000006; invalid_count: 0; positive_reward_count: 19; success_count: 18; episode_count: 18; random_exploration_count: 21; avg_entropy: 1.0822; best_tax_advantage: 35.0; random_action_prob: 0.1860
make_subcorporation -0.008059701492537314 67
transfer_cash 0.5065714285714286 35
contribute_for_stock -0.0023076923076923075 26
update_start: 60; random_action_prob: 0.1851
update_complete: 60; loss: 0.02085894967118899; cumulative_reward: 16.3; invalid_count: 0; positive_reward_count: 17; success_count: 17; episode_count: 17; random_exploration_count: 16; avg_entropy: 1.1071; best_tax_advantage: 35.0; random_action_prob: 0.1851
make_subcorporation -0.007301587301587302 63
transfer_cash 0.4669444444444444 36
contribute_for_stock -0.001724137931034483 29
update_start: 61; random_action_prob: 0.1841
update_complete: 61; loss: 0.00887494906783104; cumulative_reward: 12.18000000000001; invalid_count: 0; positive_reward_count: 14; success_count: 13; episode_count: 13; random_exploration_count: 17; avg_entropy: 1.0233; best_tax_advantage: 35.0; random_action_prob: 0.1841
make_subcorporation -0.008684210526315789 76
transfer_cash 0.5147999999999999 25
contribute_for_stock -0.0011111111111111111 27
update_start: 62; random_action_prob: 0.1832
update_complete: 62; loss: 0.04759527991215388; cumulative_reward: 5.100000000000003; invalid_count: 0; positive_reward_count: 7; success_count: 6; episode_count: 6; random_exploration_count: 27; avg_entropy: 1.1506; best_tax_advantage: 35.0; random_action_prob: 0.1832
make_subcorporation -0.009342105263157895 76
transfer_cash 0.20172413793103447 29
contribute_for_stock -0.0017391304347826088 23
update_start: 63; random_action_prob: 0.1823
update_complete: 63; loss: -0.04845596974094709; cumulative_reward: 11.20000000000001; invalid_count: 0; positive_reward_count: 14; success_count: 12; episode_count: 12; random_exploration_count: 22; avg_entropy: 1.1262; best_tax_advantage: 35.0; random_action_prob: 0.1823
make_subcorporation -0.008550724637681159 69
transfer_cash 0.3809677419354839 31
contribute_for_stock -0.0007142857142857143 28
update_start: 64; random_action_prob: 0.1814
update_complete: 64; loss: 0.046229928731918335; cumulative_reward: 7.150000000000006; invalid_count: 0; positive_reward_count: 8; success_count: 8; episode_count: 9; random_exploration_count: 31; avg_entropy: 1.1814; best_tax_advantage: 35.0; random_action_prob: 0.1814
make_subcorporation -0.009210526315789475 76
transfer_cash 0.34304347826086956 23
contribute_for_stock -0.0013793103448275863 29
update_start: 65; random_action_prob: 0.1805
update_complete: 65; loss: 0.033196681489547096; cumulative_reward: 11.220000000000011; invalid_count: 0; positive_reward_count: 12; success_count: 12; episode_count: 12; random_exploration_count: 18; avg_entropy: 1.0758; best_tax_advantage: 35.0; random_action_prob: 0.1805
make_subcorporation -0.00863013698630137 73
transfer_cash 0.43925925925925924 27
contribute_for_stock -0.00035714285714285714 28
update_start: 66; random_action_prob: 0.1796
update_complete: 66; loss: 0.000984614094098409; cumulative_reward: 9.230000000000006; invalid_count: 0; positive_reward_count: 12; success_count: 10; episode_count: 10; random_exploration_count: 22; avg_entropy: 1.1555; best_tax_advantage: 35.0; random_action_prob: 0.1796
make_subcorporation -0.008684210526315789 76
transfer_cash 0.47190476190476194 21
contribute_for_stock -0.0006451612903225806 31
update_start: 67; random_action_prob: 0.1787
update_complete: 67; loss: -0.013466658691565195; cumulative_reward: 7.09000000000001; invalid_count: 0; positive_reward_count: 10; success_count: 8; episode_count: 8; random_exploration_count: 25; avg_entropy: 1.1957; best_tax_advantage: 35.0; random_action_prob: 0.1787
make_subcorporation -0.008947368421052633 76
transfer_cash 0.2525806451612903 31
contribute_for_stock -0.002857142857142857 21
update_start: 68; random_action_prob: 0.1778
update_complete: 68; loss: -0.013968441635370255; cumulative_reward: 9.100000000000014; invalid_count: 0; positive_reward_count: 11; success_count: 10; episode_count: 10; random_exploration_count: 23; avg_entropy: 1.2354; best_tax_advantage: 35.0; random_action_prob: 0.1778
make_subcorporation -0.008815789473684211 76
transfer_cash 0.35285714285714287 28
contribute_for_stock -0.004583333333333333 24
update_start: 69; random_action_prob: 0.1769
update_complete: 69; loss: -0.03147821376721064; cumulative_reward: 7.180000000000009; invalid_count: 0; positive_reward_count: 10; success_count: 8; episode_count: 8; random_exploration_count: 22; avg_entropy: 1.1904; best_tax_advantage: 35.0; random_action_prob: 0.1769
make_subcorporation -0.008947368421052633 76
transfer_cash 0.34391304347826085 23
contribute_for_stock -0.001724137931034483 29
update_start: 70; random_action_prob: 0.1760
update_complete: 70; loss: -0.015207599227627119; cumulative_reward: 7.250000000000013; invalid_count: 0; positive_reward_count: 8; success_count: 8; episode_count: 8; random_exploration_count: 17; avg_entropy: 1.1162; best_tax_advantage: 35.0; random_action_prob: 0.1760
make_subcorporation -0.008875 80
transfer_cash 0.44333333333333336 18
contribute_for_stock -0.0006666666666666666 30
update_start: 71; random_action_prob: 0.1751
update_complete: 71; loss: 0.006767672797044118; cumulative_reward: 4.140000000000004; invalid_count: 0; positive_reward_count: 5; success_count: 5; episode_count: 5; random_exploration_count: 25; avg_entropy: 1.0031; best_tax_advantage: 35.0; random_action_prob: 0.1751
make_subcorporation -0.009285714285714286 84
transfer_cash 0.35285714285714287 14
contribute_for_stock -0.0006666666666666666 30
update_start: 72; random_action_prob: 0.1743
update_complete: 72; loss: -0.03720318401853243; cumulative_reward: 12.250000000000012; invalid_count: 0; positive_reward_count: 13; success_count: 13; episode_count: 13; random_exploration_count: 22; avg_entropy: 1.0476; best_tax_advantage: 35.0; random_action_prob: 0.1743
make_subcorporation -0.008266666666666667 75
transfer_cash 0.5608695652173913 23
contribute_for_stock -0.001 30
update_start: 73; random_action_prob: 0.1734
update_complete: 73; loss: -0.0008366703987121582; cumulative_reward: 16.170000000000012; invalid_count: 0; positive_reward_count: 19; success_count: 17; episode_count: 17; random_exploration_count: 21; avg_entropy: 1.0023; best_tax_advantage: 35.0; random_action_prob: 0.1734
make_subcorporation -0.008 70
transfer_cash 0.6453846153846154 26
contribute_for_stock -0.0015625 32
update_start: 74; random_action_prob: 0.1725
update_complete: 74; loss: 0.05010613054037094; cumulative_reward: 11.190000000000008; invalid_count: 0; positive_reward_count: 13; success_count: 12; episode_count: 12; random_exploration_count: 29; avg_entropy: 1.1519; best_tax_advantage: 35.0; random_action_prob: 0.1725
make_subcorporation -0.008611111111111111 72
transfer_cash 0.44074074074074077 27
contribute_for_stock -0.003103448275862069 29
update_start: 75; random_action_prob: 0.1717
update_complete: 75; loss: 0.01767454172174136; cumulative_reward: 10.350000000000007; invalid_count: 0; positive_reward_count: 11; success_count: 11; episode_count: 11; random_exploration_count: 23; avg_entropy: 1.1242; best_tax_advantage: 35.0; random_action_prob: 0.1717
make_subcorporation -0.008285714285714285 70
transfer_cash 0.3038888888888889 36
contribute_for_stock -0.00045454545454545455 22
update_start: 76; random_action_prob: 0.1708
update_complete: 76; loss: 0.010270236680905024; cumulative_reward: 7.170000000000005; invalid_count: 0; positive_reward_count: 8; success_count: 8; episode_count: 8; random_exploration_count: 22; avg_entropy: 1.1726; best_tax_advantage: 35.0; random_action_prob: 0.1708
make_subcorporation -0.008987341772151899 79
transfer_cash 0.28285714285714286 28
contribute_for_stock -0.0019047619047619048 21
update_start: 77; random_action_prob: 0.1699
update_complete: 77; loss: -0.03932586560646693; cumulative_reward: 11.340000000000009; invalid_count: 0; positive_reward_count: 12; success_count: 12; episode_count: 12; random_exploration_count: 23; avg_entropy: 1.1729; best_tax_advantage: 35.0; random_action_prob: 0.1699
make_subcorporation -0.008309859154929577 71
transfer_cash 0.3858064516129033 31
contribute_for_stock -0.0011538461538461537 26
update_start: 78; random_action_prob: 0.1691
update_complete: 78; loss: 0.047697742780049644; cumulative_reward: 12.250000000000012; invalid_count: 0; positive_reward_count: 13; success_count: 13; episode_count: 13; random_exploration_count: 26; avg_entropy: 1.1968; best_tax_advantage: 35.0; random_action_prob: 0.1691
make_subcorporation -0.008 65
transfer_cash 0.403125 32
contribute_for_stock -0.004193548387096774 31
update_start: 79; random_action_prob: 0.1683
update_complete: 79; loss: 0.009790558367967606; cumulative_reward: 4.020000000000005; invalid_count: 0; positive_reward_count: 6; success_count: 5; episode_count: 5; random_exploration_count: 19; avg_entropy: 1.2030; best_tax_advantage: 35.0; random_action_prob: 0.1683
make_subcorporation -0.009634146341463415 82
transfer_cash 0.28705882352941176 17
contribute_for_stock -0.002413793103448276 29
update_start: 80; random_action_prob: 0.1674
update_complete: 80; loss: 0.00848071277141571; cumulative_reward: 8.190000000000012; invalid_count: 0; positive_reward_count: 9; success_count: 9; episode_count: 9; random_exploration_count: 18; avg_entropy: 1.2219; best_tax_advantage: 35.0; random_action_prob: 0.1674
make_subcorporation -0.008684210526315789 76
transfer_cash 0.42523809523809525 21
contribute_for_stock -0.0025806451612903226 31
update_start: 81; random_action_prob: 0.1666
update_complete: 81; loss: 0.012378255526224772; cumulative_reward: 10.19000000000001; invalid_count: 0; positive_reward_count: 13; success_count: 11; episode_count: 11; random_exploration_count: 19; avg_entropy: 1.0685; best_tax_advantage: 35.0; random_action_prob: 0.1666
make_subcorporation -0.008552631578947369 76
transfer_cash 0.5171428571428571 21
contribute_for_stock -0.0006451612903225806 31
update_start: 82; random_action_prob: 0.1657
update_complete: 82; loss: 0.0010404735803604126; cumulative_reward: 9.310000000000006; invalid_count: 0; positive_reward_count: 10; success_count: 10; episode_count: 10; random_exploration_count: 21; avg_entropy: 1.1401; best_tax_advantage: 35.0; random_action_prob: 0.1657
make_subcorporation -0.008493150684931507 73
transfer_cash 0.39759999999999995 25
contribute_for_stock -0.0003333333333333333 30
update_start: 83; random_action_prob: 0.1649
update_complete: 83; loss: -0.00943061833580335; cumulative_reward: 14.140000000000013; invalid_count: 0; positive_reward_count: 18; success_count: 15; episode_count: 15; random_exploration_count: 22; avg_entropy: 1.1067; best_tax_advantage: 35.0; random_action_prob: 0.1649
make_subcorporation -0.008382352941176471 68
transfer_cash 0.46125 32
contribute_for_stock -0.0017857142857142859 28
update_start: 84; random_action_prob: 0.1641
update_complete: 84; loss: 0.052174185713132225; cumulative_reward: 15.16000000000001; invalid_count: 0; positive_reward_count: 17; success_count: 16; episode_count: 16; random_exploration_count: 28; avg_entropy: 1.2271; best_tax_advantage: 35.0; random_action_prob: 0.1641
make_subcorporation -0.00765625 64
transfer_cash 0.43777777777777777 36
contribute_for_stock -0.003928571428571429 28
update_start: 85; random_action_prob: 0.1633
update_complete: 85; loss: 0.004740533729394277; cumulative_reward: 11.160000000000013; invalid_count: 0; positive_reward_count: 12; success_count: 12; episode_count: 12; random_exploration_count: 19; avg_entropy: 1.1313; best_tax_advantage: 35.0; random_action_prob: 0.1633
make_subcorporation -0.008309859154929577 71
transfer_cash 0.32916666666666666 36
contribute_for_stock -0.004761904761904762 21
update_start: 86; random_action_prob: 0.1625
update_complete: 86; loss: -0.024543301512797672; cumulative_reward: 13.18000000000001; invalid_count: 0; positive_reward_count: 15; success_count: 14; episode_count: 14; random_exploration_count: 18; avg_entropy: 1.0357; best_tax_advantage: 35.0; random_action_prob: 0.1625
make_subcorporation -0.0084 75
transfer_cash 0.49535714285714283 28
contribute_for_stock -0.0024 25
update_start: 87; random_action_prob: 0.1616
update_complete: 87; loss: -0.03365549569328626; cumulative_reward: 11.150000000000011; invalid_count: 0; positive_reward_count: 12; success_count: 12; episode_count: 12; random_exploration_count: 16; avg_entropy: 1.0870; best_tax_advantage: 35.0; random_action_prob: 0.1616
make_subcorporation -0.00858974358974359 78
transfer_cash 0.47600000000000003 25
contribute_for_stock -0.0032 25
update_start: 88; random_action_prob: 0.1608
update_complete: 88; loss: -0.028863317022720974; cumulative_reward: 17.370000000000008; invalid_count: 0; positive_reward_count: 18; success_count: 18; episode_count: 18; random_exploration_count: 26; avg_entropy: 1.0561; best_tax_advantage: 35.0; random_action_prob: 0.1608
make_subcorporation -0.007611940298507463 67
transfer_cash 0.56 32
contribute_for_stock -0.0013793103448275863 29
update_start: 89; random_action_prob: 0.1600
update_complete: 89; loss: -0.013136796653270721; cumulative_reward: 13.170000000000014; invalid_count: 0; positive_reward_count: 15; success_count: 14; episode_count: 14; random_exploration_count: 23; avg_entropy: 1.0803; best_tax_advantage: 35.0; random_action_prob: 0.1600
make_subcorporation -0.008333333333333333 72
transfer_cash 0.5125925925925926 27
contribute_for_stock -0.002413793103448276 29
update_start: 90; random_action_prob: 0.1592
update_complete: 90; loss: 0.01686874032020569; cumulative_reward: 20.349999999999994; invalid_count: 0; positive_reward_count: 21; success_count: 21; episode_count: 21; random_exploration_count: 20; avg_entropy: 1.0060; best_tax_advantage: 35.0; random_action_prob: 0.1592
make_subcorporation -0.006818181818181819 66
transfer_cash 0.672258064516129 31
contribute_for_stock -0.0012903225806451613 31
update_start: 91; random_action_prob: 0.1584
update_complete: 91; loss: -0.0319514994819959; cumulative_reward: 16.31000000000001; invalid_count: 0; positive_reward_count: 18; success_count: 17; episode_count: 17; random_exploration_count: 14; avg_entropy: 0.9256; best_tax_advantage: 35.0; random_action_prob: 0.1584
make_subcorporation -0.007746478873239438 71
transfer_cash 0.70375 24
contribute_for_stock -0.0009090909090909091 33
update_start: 92; random_action_prob: 0.1576
update_complete: 92; loss: 0.10224168499310811; cumulative_reward: 23.479999999999986; invalid_count: 0; positive_reward_count: 26; success_count: 24; episode_count: 24; random_exploration_count: 21; avg_entropy: 0.9718; best_tax_advantage: 35.0; random_action_prob: 0.1576
make_subcorporation -0.006190476190476191 63
transfer_cash 0.7475 32
contribute_for_stock -0.0015151515151515152 33
update_start: 93; random_action_prob: 0.1569
update_complete: 93; loss: -0.017152251054843266; cumulative_reward: 13.350000000000007; invalid_count: 0; positive_reward_count: 14; success_count: 14; episode_count: 14; random_exploration_count: 21; avg_entropy: 0.9407; best_tax_advantage: 35.0; random_action_prob: 0.1569
make_subcorporation -0.007941176470588236 68
transfer_cash 0.5804166666666667 24
contribute_for_stock -0.0011111111111111111 36
update_start: 94; random_action_prob: 0.1561
update_complete: 94; loss: 0.028574443111817043; cumulative_reward: 23.42999999999999; invalid_count: 0; positive_reward_count: 24; success_count: 24; episode_count: 24; random_exploration_count: 23; avg_entropy: 0.8719; best_tax_advantage: 35.0; random_action_prob: 0.1561
make_subcorporation -0.006363636363636363 66
transfer_cash 0.8848148148148148 27
contribute_for_stock -0.001142857142857143 35
update_start: 95; random_action_prob: 0.1553
update_complete: 95; loss: 0.05328222985068957; cumulative_reward: 20.41999999999999; invalid_count: 0; positive_reward_count: 22; success_count: 21; episode_count: 21; random_exploration_count: 23; avg_entropy: 0.9046; best_tax_advantage: 35.0; random_action_prob: 0.1553
make_subcorporation -0.007058823529411764 68
transfer_cash 0.7467857142857143 28
contribute_for_stock -0.0003125 32
update_start: 96; random_action_prob: 0.1545
update_complete: 96; loss: -0.047996326039234795; cumulative_reward: 16.42000000000001; invalid_count: 0; positive_reward_count: 19; success_count: 17; episode_count: 17; random_exploration_count: 18; avg_entropy: 0.9115; best_tax_advantage: 35.0; random_action_prob: 0.1545
make_subcorporation -0.007142857142857143 63
transfer_cash 0.46888888888888886 36
contribute_for_stock -0.0003448275862068966 29
update_start: 97; random_action_prob: 0.1537
update_complete: 97; loss: 0.048260735968748726; cumulative_reward: 20.119999999999997; invalid_count: 0; positive_reward_count: 23; success_count: 21; episode_count: 21; random_exploration_count: 30; avg_entropy: 0.9985; best_tax_advantage: 35.0; random_action_prob: 0.1537
make_subcorporation -0.007301587301587302 63
transfer_cash 0.5594594594594594 37
contribute_for_stock -0.004285714285714286 28
update_start: 98; random_action_prob: 0.1530
update_complete: 98; loss: -0.0067708368102709455; cumulative_reward: 17.090000000000007; invalid_count: 0; positive_reward_count: 19; success_count: 18; episode_count: 18; random_exploration_count: 20; avg_entropy: 0.9466; best_tax_advantage: 35.0; random_action_prob: 0.1530
make_subcorporation -0.00791044776119403 67
transfer_cash 0.5719354838709677 31
contribute_for_stock -0.0036666666666666666 30
update_start: 99; random_action_prob: 0.1522
update_complete: 99; loss: 0.044360159585873284; cumulative_reward: 17.199999999999992; invalid_count: 0; positive_reward_count: 20; success_count: 18; episode_count: 18; random_exploration_count: 27; avg_entropy: 0.9886; best_tax_advantage: 35.0; random_action_prob: 0.1522
make_subcorporation -0.007727272727272728 66
transfer_cash 0.5082857142857142 35
contribute_for_stock -0.002962962962962963 27
2026-08-07T14:35:21 completed barnes_group run=3 elapsed_seconds=526.92 updates_logged=100
2026-08-07T14:35:21 running barnes_group run=4 seed=1733
env_variant: HardTaxEnv
update_start: 0; random_action_prob: 0.2500
update_complete: 0; loss: 0.27744898696740466; cumulative_reward: -0.3942857142857147; invalid_count: 0; positive_reward_count: 1; success_count: 0; episode_count: 0; random_exploration_count: 30; avg_entropy: 1.0966; best_tax_advantage: 10.0; random_action_prob: 0.2500
make_subcorporation -0.01 66
transfer_cash 0.009162561576354679 29
contribute_for_stock 0.0 33
update_start: 1; random_action_prob: 0.2487
update_complete: 1; loss: 0.43019715944925946; cumulative_reward: 0.009999999999999547; invalid_count: 0; positive_reward_count: 1; success_count: 1; episode_count: 2; random_exploration_count: 35; avg_entropy: 1.3717; best_tax_advantage: 35.0; random_action_prob: 0.2487
make_subcorporation -0.01 63
transfer_cash 0.029615384615384616 26
contribute_for_stock -0.0033333333333333335 39
update_start: 2; random_action_prob: 0.2475
update_complete: 2; loss: 0.21295925974845886; cumulative_reward: -1.2500000000000009; invalid_count: 0; positive_reward_count: 0; success_count: 0; episode_count: 0; random_exploration_count: 37; avg_entropy: 1.4713; best_tax_advantage: 0.0; random_action_prob: 0.2475
make_subcorporation -0.01 69
transfer_cash -0.0155 20
contribute_for_stock -0.00641025641025641 39
update_start: 3; random_action_prob: 0.2463
update_complete: 3; loss: 0.09961114078760147; cumulative_reward: -1.0000000000000007; invalid_count: 0; positive_reward_count: 0; success_count: 0; episode_count: 0; random_exploration_count: 30; avg_entropy: 1.3720; best_tax_advantage: 0.0; random_action_prob: 0.2463
make_subcorporation -0.009857142857142858 70
transfer_cash -0.008636363636363636 22
contribute_for_stock -0.003333333333333333 36
update_start: 4; random_action_prob: 0.2450
update_complete: 4; loss: 0.03878400723139445; cumulative_reward: -0.8800000000000004; invalid_count: 0; positive_reward_count: 0; success_count: 0; episode_count: 0; random_exploration_count: 25; avg_entropy: 1.3663; best_tax_advantage: 0.0; random_action_prob: 0.2450
make_subcorporation -0.009859154929577466 71
transfer_cash -0.005416666666666667 24
contribute_for_stock -0.0015151515151515152 33
update_start: 5; random_action_prob: 0.2438
update_complete: 5; loss: 0.04387551794449488; cumulative_reward: -1.1000000000000005; invalid_count: 0; positive_reward_count: 0; success_count: 0; episode_count: 0; random_exploration_count: 35; avg_entropy: 1.4762; best_tax_advantage: 0.0; random_action_prob: 0.2438
make_subcorporation -0.01 75
transfer_cash -0.009545454545454544 22
contribute_for_stock -0.004516129032258065 31
update_start: 6; random_action_prob: 0.2426
update_complete: 6; loss: -0.020519834011793137; cumulative_reward: -1.0500000000000005; invalid_count: 0; positive_reward_count: 0; success_count: 0; episode_count: 0; random_exploration_count: 25; avg_entropy: 1.4258; best_tax_advantage: 0.0; random_action_prob: 0.2426
make_subcorporation -0.009864864864864865 74
transfer_cash -0.009545454545454544 22
contribute_for_stock -0.0034375 32
update_start: 7; random_action_prob: 0.2414
update_complete: 7; loss: 0.023658116658528645; cumulative_reward: -1.0200000000000005; invalid_count: 0; positive_reward_count: 0; success_count: 0; episode_count: 0; random_exploration_count: 39; avg_entropy: 1.3951; best_tax_advantage: 0.0; random_action_prob: 0.2414
make_subcorporation -0.01 78
transfer_cash -0.007857142857142858 28
contribute_for_stock -0.0009090909090909091 22
update_start: 8; random_action_prob: 0.2402
update_complete: 8; loss: 0.0014077362914880116; cumulative_reward: -0.8400000000000005; invalid_count: 0; positive_reward_count: 0; success_count: 0; episode_count: 0; random_exploration_count: 41; avg_entropy: 1.2559; best_tax_advantage: 0.0; random_action_prob: 0.2402
make_subcorporation -0.009868421052631578 76
transfer_cash -0.0024 25
contribute_for_stock -0.0011111111111111111 27
update_start: 9; random_action_prob: 0.2390
update_complete: 9; loss: 0.05837002769112587; cumulative_reward: -0.7700000000000004; invalid_count: 0; positive_reward_count: 0; success_count: 0; episode_count: 0; random_exploration_count: 34; avg_entropy: 1.1477; best_tax_advantage: 0.0; random_action_prob: 0.2390
make_subcorporation -0.009864864864864865 74
transfer_cash -0.0016666666666666668 24
contribute_for_stock 0.0 30
update_start: 10; random_action_prob: 0.2378
update_complete: 10; loss: 0.08702850590149562; cumulative_reward: -0.7900000000000005; invalid_count: 0; positive_reward_count: 0; success_count: 0; episode_count: 0; random_exploration_count: 37; avg_entropy: 1.0888; best_tax_advantage: 0.0; random_action_prob: 0.2378
make_subcorporation -0.01 75
transfer_cash -0.0019047619047619048 21
contribute_for_stock 0.0 32
update_start: 11; random_action_prob: 0.2366
update_complete: 11; loss: 0.07508159180482228; cumulative_reward: 1.2599999999999996; invalid_count: 0; positive_reward_count: 2; success_count: 2; episode_count: 2; random_exploration_count: 36; avg_entropy: 1.0695; best_tax_advantage: 35.0; random_action_prob: 0.2366
make_subcorporation -0.009605263157894737 76
transfer_cash 0.11705882352941177 17
contribute_for_stock 0.0 35
update_start: 12; random_action_prob: 0.2354
update_complete: 12; loss: 0.029141647120316822; cumulative_reward: 0.21999999999999958; invalid_count: 0; positive_reward_count: 2; success_count: 1; episode_count: 1; random_exploration_count: 26; avg_entropy: 1.0919; best_tax_advantage: 35.0; random_action_prob: 0.2354
make_subcorporation -0.009864864864864865 74
transfer_cash 0.04 24
contribute_for_stock -0.0003333333333333333 30
update_start: 13; random_action_prob: 0.2342
update_complete: 13; loss: 0.05303163081407547; cumulative_reward: -0.7600000000000005; invalid_count: 0; positive_reward_count: 0; success_count: 0; episode_count: 0; random_exploration_count: 26; avg_entropy: 1.0984; best_tax_advantage: 0.0; random_action_prob: 0.2342
make_subcorporation -0.009870129870129871 77
transfer_cash 0.0 16
contribute_for_stock 0.0 35
update_start: 14; random_action_prob: 0.2331
update_complete: 14; loss: 0.02336940790216128; cumulative_reward: -0.8200000000000005; invalid_count: 0; positive_reward_count: 0; success_count: 0; episode_count: 0; random_exploration_count: 32; avg_entropy: 1.1401; best_tax_advantage: 0.0; random_action_prob: 0.2331
make_subcorporation -0.01 69
transfer_cash -0.0038461538461538464 26
contribute_for_stock -0.0009090909090909091 33
update_start: 15; random_action_prob: 0.2319
update_complete: 15; loss: 0.04154554009437561; cumulative_reward: -0.7300000000000004; invalid_count: 0; positive_reward_count: 0; success_count: 0; episode_count: 0; random_exploration_count: 35; avg_entropy: 1.1424; best_tax_advantage: 0.0; random_action_prob: 0.2319
make_subcorporation -0.01 69
transfer_cash -0.001 40
contribute_for_stock 0.0 19
update_start: 16; random_action_prob: 0.2307
update_complete: 16; loss: -0.01053889219959577; cumulative_reward: -0.6900000000000004; invalid_count: 0; positive_reward_count: 0; success_count: 0; episode_count: 0; random_exploration_count: 26; avg_entropy: 1.1456; best_tax_advantage: 0.0; random_action_prob: 0.2307
make_subcorporation -0.01 69
transfer_cash 0.0 47
contribute_for_stock 0.0 12
update_start: 17; random_action_prob: 0.2296
update_complete: 17; loss: 0.045538317412137985; cumulative_reward: -0.7500000000000004; invalid_count: 0; positive_reward_count: 0; success_count: 0; episode_count: 0; random_exploration_count: 37; avg_entropy: 1.2941; best_tax_advantage: 0.0; random_action_prob: 0.2296
make_subcorporation -0.01 72
transfer_cash -0.0006521739130434782 46
contribute_for_stock 0.0 10
update_start: 18; random_action_prob: 0.2284
update_complete: 18; loss: -0.02882998064160347; cumulative_reward: -0.7900000000000005; invalid_count: 0; positive_reward_count: 0; success_count: 0; episode_count: 0; random_exploration_count: 29; avg_entropy: 1.2489; best_tax_advantage: 0.0; random_action_prob: 0.2284
make_subcorporation -0.009863013698630137 73
transfer_cash -0.0015625 32
contribute_for_stock -0.0008695652173913044 23
update_start: 19; random_action_prob: 0.2273
update_complete: 19; loss: 0.04061290125052134; cumulative_reward: -0.7500000000000004; invalid_count: 0; positive_reward_count: 0; success_count: 0; episode_count: 0; random_exploration_count: 27; avg_entropy: 1.3286; best_tax_advantage: 0.0; random_action_prob: 0.2273
make_subcorporation -0.01 72
transfer_cash -0.000967741935483871 31
contribute_for_stock 0.0 25
update_start: 20; random_action_prob: 0.2262
update_complete: 20; loss: -0.002746706207593282; cumulative_reward: -0.9700000000000006; invalid_count: 0; positive_reward_count: 0; success_count: 0; episode_count: 0; random_exploration_count: 25; avg_entropy: 1.4284; best_tax_advantage: 0.0; random_action_prob: 0.2262
make_subcorporation -0.01 69
transfer_cash -0.0075 28
contribute_for_stock -0.0022580645161290325 31
update_start: 21; random_action_prob: 0.2250
update_complete: 21; loss: -0.004429809749126434; cumulative_reward: -0.9500000000000006; invalid_count: 0; positive_reward_count: 0; success_count: 0; episode_count: 0; random_exploration_count: 19; avg_entropy: 1.3936; best_tax_advantage: 0.0; random_action_prob: 0.2250
make_subcorporation -0.01 72
transfer_cash -0.00826086956521739 23
contribute_for_stock -0.0012121212121212121 33
update_start: 22; random_action_prob: 0.2239
update_complete: 22; loss: 0.010789973040421804; cumulative_reward: -0.8600000000000005; invalid_count: 0; positive_reward_count: 0; success_count: 0; episode_count: 0; random_exploration_count: 30; avg_entropy: 1.4101; best_tax_advantage: 0.0; random_action_prob: 0.2239
make_subcorporation -0.01 72
transfer_cash -0.0035000000000000005 40
contribute_for_stock 0.0 16
update_start: 23; random_action_prob: 0.2228
update_complete: 23; loss: -0.0059423695007960005; cumulative_reward: -0.8100000000000005; invalid_count: 0; positive_reward_count: 0; success_count: 0; episode_count: 0; random_exploration_count: 30; avg_entropy: 1.5058; best_tax_advantage: 0.0; random_action_prob: 0.2228
make_subcorporation -0.01 69
transfer_cash -0.0024390243902439024 41
contribute_for_stock -0.0011111111111111111 18
update_start: 24; random_action_prob: 0.2217
update_complete: 24; loss: 0.0005285168687502543; cumulative_reward: -0.7400000000000003; invalid_count: 0; positive_reward_count: 0; success_count: 0; episode_count: 0; random_exploration_count: 26; avg_entropy: 1.4931; best_tax_advantage: 0.0; random_action_prob: 0.2217
make_subcorporation -0.009850746268656717 67
transfer_cash -0.0015 40
contribute_for_stock -0.0009523809523809524 21
update_start: 25; random_action_prob: 0.2206
update_complete: 25; loss: -0.005145564675331116; cumulative_reward: -0.9400000000000006; invalid_count: 0; positive_reward_count: 0; success_count: 0; episode_count: 0; random_exploration_count: 24; avg_entropy: 1.6022; best_tax_advantage: 0.0; random_action_prob: 0.2206
make_subcorporation -0.009846153846153846 65
transfer_cash -0.006285714285714286 35
contribute_for_stock -0.002857142857142857 28
update_start: 26; random_action_prob: 0.2195
update_complete: 26; loss: 0.10628846784432729; cumulative_reward: -0.7800000000000005; invalid_count: 0; positive_reward_count: 0; success_count: 0; episode_count: 0; random_exploration_count: 35; avg_entropy: 1.4073; best_tax_advantage: 0.0; random_action_prob: 0.2195
make_subcorporation -0.009852941176470589 68
transfer_cash -0.004705882352941177 17
contribute_for_stock -0.0006976744186046512 43
update_start: 27; random_action_prob: 0.2184
update_complete: 27; loss: 0.02078329026699066; cumulative_reward: -0.7400000000000004; invalid_count: 0; positive_reward_count: 0; success_count: 0; episode_count: 1; random_exploration_count: 24; avg_entropy: 1.1550; best_tax_advantage: 0.0; random_action_prob: 0.2184
make_subcorporation -0.009852941176470589 68
transfer_cash -0.005384615384615385 13
contribute_for_stock 0.0 47
update_start: 28; random_action_prob: 0.2173
update_complete: 28; loss: 0.04520023365815481; cumulative_reward: -0.6800000000000004; invalid_count: 0; positive_reward_count: 0; success_count: 0; episode_count: 0; random_exploration_count: 29; avg_entropy: 1.1443; best_tax_advantage: 0.0; random_action_prob: 0.2173
make_subcorporation -0.01 66
transfer_cash -0.0022222222222222222 9
contribute_for_stock 0.0 53
update_start: 29; random_action_prob: 0.2162
update_complete: 29; loss: 0.08828894918163617; cumulative_reward: -0.9100000000000006; invalid_count: 0; positive_reward_count: 0; success_count: 0; episode_count: 0; random_exploration_count: 32; avg_entropy: 1.3508; best_tax_advantage: 0.0; random_action_prob: 0.2162
make_subcorporation -0.01 63
transfer_cash -0.01 25
contribute_for_stock -0.00075 40
update_start: 30; random_action_prob: 0.2151
update_complete: 30; loss: -0.01586863522728284; cumulative_reward: -0.8800000000000004; invalid_count: 0; positive_reward_count: 0; success_count: 0; episode_count: 0; random_exploration_count: 31; avg_entropy: 1.3779; best_tax_advantage: 0.0; random_action_prob: 0.2151
make_subcorporation -0.01 63
transfer_cash -0.012941176470588235 17
contribute_for_stock -0.000625 48
update_start: 31; random_action_prob: 0.2140
update_complete: 31; loss: -0.01838765914241473; cumulative_reward: -1.330000000000001; invalid_count: 0; positive_reward_count: 0; success_count: 0; episode_count: 0; random_exploration_count: 27; avg_entropy: 1.5771; best_tax_advantage: 0.0; random_action_prob: 0.2140
make_subcorporation -0.01 60
transfer_cash -0.013243243243243243 37
contribute_for_stock -0.007741935483870968 31
update_start: 32; random_action_prob: 0.2130
update_complete: 32; loss: -0.011977657675743103; cumulative_reward: -1.2500000000000007; invalid_count: 0; positive_reward_count: 0; success_count: 0; episode_count: 0; random_exploration_count: 28; avg_entropy: 1.5703; best_tax_advantage: 0.0; random_action_prob: 0.2130
make_subcorporation -0.01 63
transfer_cash -0.00925 40
contribute_for_stock -0.01 25
update_start: 33; random_action_prob: 0.2119
update_complete: 33; loss: -0.06794731443126996; cumulative_reward: -1.1600000000000008; invalid_count: 0; positive_reward_count: 0; success_count: 0; episode_count: 0; random_exploration_count: 19; avg_entropy: 1.5125; best_tax_advantage: 0.0; random_action_prob: 0.2119
make_subcorporation -0.009827586206896553 58
transfer_cash -0.00851063829787234 47
contribute_for_stock -0.00826086956521739 23
update_start: 34; random_action_prob: 0.2108
update_complete: 34; loss: -0.01558676486214002; cumulative_reward: -0.9700000000000006; invalid_count: 0; positive_reward_count: 0; success_count: 0; episode_count: 0; random_exploration_count: 25; avg_entropy: 1.5958; best_tax_advantage: 0.0; random_action_prob: 0.2108
make_subcorporation -0.009836065573770491 61
transfer_cash -0.004888888888888889 45
contribute_for_stock -0.006818181818181818 22
update_start: 35; random_action_prob: 0.2098
update_complete: 35; loss: -0.020576263467470806; cumulative_reward: -0.6900000000000004; invalid_count: 0; positive_reward_count: 0; success_count: 0; episode_count: 0; random_exploration_count: 29; avg_entropy: 1.2970; best_tax_advantage: 0.0; random_action_prob: 0.2098
make_subcorporation -0.01 60
transfer_cash -0.0014583333333333334 48
contribute_for_stock -0.001 20
update_start: 36; random_action_prob: 0.2087
update_complete: 36; loss: -0.007855734477440516; cumulative_reward: -0.6400000000000003; invalid_count: 0; positive_reward_count: 0; success_count: 0; episode_count: 0; random_exploration_count: 20; avg_entropy: 1.2811; best_tax_advantage: 0.0; random_action_prob: 0.2087
make_subcorporation -0.00984375 64
transfer_cash 0.0 36
contribute_for_stock -0.00035714285714285714 28
update_start: 37; random_action_prob: 0.2077
update_complete: 37; loss: 0.025296906630198162; cumulative_reward: -0.7300000000000004; invalid_count: 0; positive_reward_count: 0; success_count: 0; episode_count: 0; random_exploration_count: 35; avg_entropy: 1.2952; best_tax_advantage: 0.0; random_action_prob: 0.2077
make_subcorporation -0.01 69
transfer_cash -0.00125 24
contribute_for_stock -0.00028571428571428574 35
update_start: 38; random_action_prob: 0.2066
update_complete: 38; loss: 0.03738386804858843; cumulative_reward: -0.7000000000000004; invalid_count: 0; positive_reward_count: 0; success_count: 0; episode_count: 0; random_exploration_count: 35; avg_entropy: 1.2324; best_tax_advantage: 0.0; random_action_prob: 0.2066
make_subcorporation -0.009850746268656717 67
transfer_cash -0.00035714285714285714 28
contribute_for_stock -0.0009090909090909091 33
update_start: 39; random_action_prob: 0.2056
update_complete: 39; loss: -0.011348060021797815; cumulative_reward: -0.6600000000000004; invalid_count: 0; positive_reward_count: 0; success_count: 0; episode_count: 0; random_exploration_count: 26; avg_entropy: 1.2048; best_tax_advantage: 0.0; random_action_prob: 0.2056
make_subcorporation -0.01 63
transfer_cash -0.0005555555555555556 36
contribute_for_stock -0.0003448275862068966 29
update_start: 40; random_action_prob: 0.2046
update_complete: 40; loss: -0.06845164919892947; cumulative_reward: -0.6300000000000003; invalid_count: 0; positive_reward_count: 0; success_count: 0; episode_count: 0; random_exploration_count: 28; avg_entropy: 1.3277; best_tax_advantage: 0.0; random_action_prob: 0.2046
make_subcorporation -0.009821428571428573 56
transfer_cash -0.002 40
contribute_for_stock 0.0 32
update_start: 41; random_action_prob: 0.2036
update_complete: 41; loss: 0.005730445186297099; cumulative_reward: -0.7100000000000004; invalid_count: 0; positive_reward_count: 0; success_count: 0; episode_count: 0; random_exploration_count: 27; avg_entropy: 1.2888; best_tax_advantage: 0.0; random_action_prob: 0.2036
make_subcorporation -0.01 60
transfer_cash -0.0016 50
contribute_for_stock -0.0016666666666666666 18
update_start: 42; random_action_prob: 0.2025
update_complete: 42; loss: -0.013915640612443289; cumulative_reward: -0.7000000000000004; invalid_count: 0; positive_reward_count: 0; success_count: 0; episode_count: 0; random_exploration_count: 21; avg_entropy: 1.4052; best_tax_advantage: 0.0; random_action_prob: 0.2025
make_subcorporation -0.01 60
transfer_cash -0.0030303030303030303 33
contribute_for_stock 0.0 35
update_start: 43; random_action_prob: 0.2015
update_complete: 43; loss: -0.012982985625664393; cumulative_reward: -0.7500000000000004; invalid_count: 0; positive_reward_count: 0; success_count: 0; episode_count: 0; random_exploration_count: 24; avg_entropy: 1.3969; best_tax_advantage: 0.0; random_action_prob: 0.2015
make_subcorporation -0.010000000000000002 57
transfer_cash -0.004285714285714286 42
contribute_for_stock 0.0 29
update_start: 44; random_action_prob: 0.2005
update_complete: 44; loss: 0.06946652134259541; cumulative_reward: 0.049999999999999566; invalid_count: 0; positive_reward_count: 1; success_count: 1; episode_count: 1; random_exploration_count: 34; avg_entropy: 1.5381; best_tax_advantage: 35.0; random_action_prob: 0.2005
make_subcorporation -0.009811320754716982 53
transfer_cash 0.01404255319148936 47
contribute_for_stock -0.0032142857142857142 28
update_start: 45; random_action_prob: 0.1995
update_complete: 45; loss: -0.005153944094975789; cumulative_reward: -1.1000000000000008; invalid_count: 0; positive_reward_count: 0; success_count: 0; episode_count: 0; random_exploration_count: 21; avg_entropy: 1.4395; best_tax_advantage: 0.0; random_action_prob: 0.1995
make_subcorporation -0.01 60
transfer_cash -0.01125 32
contribute_for_stock -0.003888888888888889 36
update_start: 46; random_action_prob: 0.1985
update_complete: 46; loss: 0.011587263395388922; cumulative_reward: -1.1200000000000008; invalid_count: 0; positive_reward_count: 0; success_count: 0; episode_count: 0; random_exploration_count: 28; avg_entropy: 1.4017; best_tax_advantage: 0.0; random_action_prob: 0.1985
make_subcorporation -0.009836065573770491 61
transfer_cash -0.016 30
contribute_for_stock -0.001081081081081081 37
update_start: 47; random_action_prob: 0.1975
update_complete: 47; loss: 0.012471755345662435; cumulative_reward: -1.1000000000000005; invalid_count: 0; positive_reward_count: 0; success_count: 0; episode_count: 0; random_exploration_count: 18; avg_entropy: 1.4082; best_tax_advantage: 0.0; random_action_prob: 0.1975
make_subcorporation -0.01 63
transfer_cash -0.013636363636363636 22
contribute_for_stock -0.003953488372093024 43
update_start: 48; random_action_prob: 0.1965
update_complete: 48; loss: 0.10558777054150899; cumulative_reward: 0.10999999999999957; invalid_count: 0; positive_reward_count: 2; success_count: 1; episode_count: 1; random_exploration_count: 31; avg_entropy: 1.2290; best_tax_advantage: 35.0; random_action_prob: 0.1965
make_subcorporation -0.009859154929577466 71
transfer_cash 0.08 11
contribute_for_stock -0.0015217391304347828 46
update_start: 49; random_action_prob: 0.1956
update_complete: 49; loss: 0.028140410780906677; cumulative_reward: -0.8500000000000005; invalid_count: 0; positive_reward_count: 0; success_count: 0; episode_count: 0; random_exploration_count: 23; avg_entropy: 1.1346; best_tax_advantage: 0.0; random_action_prob: 0.1956
make_subcorporation -0.01 72
transfer_cash -0.008571428571428572 14
contribute_for_stock -0.0002380952380952381 42
update_start: 50; random_action_prob: 0.1946
update_complete: 50; loss: 0.02060805882016818; cumulative_reward: -0.8100000000000005; invalid_count: 0; positive_reward_count: 0; success_count: 0; episode_count: 0; random_exploration_count: 21; avg_entropy: 1.2393; best_tax_advantage: 0.0; random_action_prob: 0.1946
make_subcorporation -0.009859154929577466 71
transfer_cash -0.006875 16
contribute_for_stock 0.0 41
update_start: 51; random_action_prob: 0.1936
update_complete: 51; loss: -0.03926548485954603; cumulative_reward: -0.8000000000000005; invalid_count: 0; positive_reward_count: 0; success_count: 0; episode_count: 0; random_exploration_count: 27; avg_entropy: 1.3572; best_tax_advantage: 0.0; random_action_prob: 0.1936
make_subcorporation -0.009868421052631578 76
transfer_cash -0.0023529411764705885 17
contribute_for_stock -0.00028571428571428574 35
update_start: 52; random_action_prob: 0.1926
update_complete: 52; loss: -0.06712581465641658; cumulative_reward: -0.8600000000000005; invalid_count: 0; positive_reward_count: 0; success_count: 0; episode_count: 0; random_exploration_count: 27; avg_entropy: 1.4663; best_tax_advantage: 0.0; random_action_prob: 0.1926
make_subcorporation -0.009863013698630137 73
transfer_cash -0.004 30
contribute_for_stock -0.0008 25
update_start: 53; random_action_prob: 0.1917
update_complete: 53; loss: -0.06383200113972028; cumulative_reward: -0.9000000000000005; invalid_count: 0; positive_reward_count: 0; success_count: 0; episode_count: 0; random_exploration_count: 22; avg_entropy: 1.5153; best_tax_advantage: 0.0; random_action_prob: 0.1917
make_subcorporation -0.009857142857142858 70
transfer_cash -0.00358974358974359 39
contribute_for_stock -0.00368421052631579 19
update_start: 54; random_action_prob: 0.1907
update_complete: 54; loss: -0.0770134503642718; cumulative_reward: -0.7900000000000004; invalid_count: 0; positive_reward_count: 0; success_count: 0; episode_count: 0; random_exploration_count: 17; avg_entropy: 1.4826; best_tax_advantage: 0.0; random_action_prob: 0.1907
make_subcorporation -0.009857142857142858 70
transfer_cash -0.002195121951219512 41
contribute_for_stock -0.0005882352941176471 17
update_start: 55; random_action_prob: 0.1898
update_complete: 55; loss: -0.04521499201655388; cumulative_reward: -0.07000000000000049; invalid_count: 0; positive_reward_count: 1; success_count: 1; episode_count: 1; random_exploration_count: 26; avg_entropy: 1.5531; best_tax_advantage: 35.0; random_action_prob: 0.1898
make_subcorporation -0.009838709677419354 62
transfer_cash 0.016944444444444443 36
contribute_for_stock -0.0023333333333333335 30
update_start: 56; random_action_prob: 0.1888
update_complete: 56; loss: 0.02507148931423823; cumulative_reward: -1.1800000000000006; invalid_count: 0; positive_reward_count: 0; success_count: 0; episode_count: 0; random_exploration_count: 23; avg_entropy: 1.4536; best_tax_advantage: 0.0; random_action_prob: 0.1888
make_subcorporation -0.00984375 64
transfer_cash -0.014666666666666666 30
contribute_for_stock -0.003235294117647059 34
update_start: 57; random_action_prob: 0.1879
update_complete: 57; loss: 0.08093873659769694; cumulative_reward: 3.0300000000000002; invalid_count: 0; positive_reward_count: 7; success_count: 4; episode_count: 4; random_exploration_count: 24; avg_entropy: 1.3816; best_tax_advantage: 35.0; random_action_prob: 0.1879
make_subcorporation -0.00971830985915493 71
transfer_cash 0.21 18
contribute_for_stock -0.0015384615384615385 39
update_start: 58; random_action_prob: 0.1869
update_complete: 58; loss: -0.017844592531522114; cumulative_reward: 0.8499999999999992; invalid_count: 0; positive_reward_count: 2; success_count: 2; episode_count: 2; random_exploration_count: 20; avg_entropy: 1.3914; best_tax_advantage: 35.0; random_action_prob: 0.1869
make_subcorporation -0.009859154929577466 71
transfer_cash 0.07391304347826087 23
contribute_for_stock -0.004411764705882353 34
update_start: 59; random_action_prob: 0.1860
update_complete: 59; loss: 0.04105017085870107; cumulative_reward: 2.7800000000000042; invalid_count: 0; positive_reward_count: 5; success_count: 4; episode_count: 4; random_exploration_count: 20; avg_entropy: 1.3867; best_tax_advantage: 35.0; random_action_prob: 0.1860
make_subcorporation -0.009870129870129871 77
transfer_cash 0.14192307692307693 26
contribute_for_stock -0.006 25
update_start: 60; random_action_prob: 0.1851
update_complete: 60; loss: -0.05147108932336172; cumulative_reward: 1.6800000000000026; invalid_count: 0; positive_reward_count: 4; success_count: 3; episode_count: 3; random_exploration_count: 19; avg_entropy: 1.4263; best_tax_advantage: 35.0; random_action_prob: 0.1851
make_subcorporation -0.01 78
transfer_cash 0.10384615384615384 26
contribute_for_stock -0.01 24
update_start: 61; random_action_prob: 0.1841
update_complete: 61; loss: -0.004254873842000961; cumulative_reward: 6.65000000000001; invalid_count: 0; positive_reward_count: 12; success_count: 8; episode_count: 8; random_exploration_count: 26; avg_entropy: 1.4117; best_tax_advantage: 35.0; random_action_prob: 0.1841
make_subcorporation -0.009571428571428573 70
transfer_cash 0.24387096774193548 31
contribute_for_stock -0.008888888888888889 27
update_start: 62; random_action_prob: 0.1832
update_complete: 62; loss: 0.04322030395269394; cumulative_reward: 5.9300000000000095; invalid_count: 0; positive_reward_count: 9; success_count: 7; episode_count: 7; random_exploration_count: 23; avg_entropy: 1.2727; best_tax_advantage: 35.0; random_action_prob: 0.1832
make_subcorporation -0.009358974358974358 78
transfer_cash 0.35789473684210527 19
contribute_for_stock -0.004516129032258065 31
update_start: 63; random_action_prob: 0.1823
update_complete: 63; loss: -0.033006858080625534; cumulative_reward: 2.990000000000002; invalid_count: 0; positive_reward_count: 4; success_count: 4; episode_count: 4; random_exploration_count: 25; avg_entropy: 1.0551; best_tax_advantage: 35.0; random_action_prob: 0.1823
make_subcorporation -0.01 78
transfer_cash 0.27214285714285713 14
contribute_for_stock -0.0011111111111111111 36
update_start: 64; random_action_prob: 0.1814
update_complete: 64; loss: 0.016669655839602154; cumulative_reward: 3.0200000000000022; invalid_count: 0; positive_reward_count: 5; success_count: 4; episode_count: 4; random_exploration_count: 26; avg_entropy: 0.9839; best_tax_advantage: 35.0; random_action_prob: 0.1814
make_subcorporation -0.00988235294117647 85
transfer_cash 0.43333333333333335 9
contribute_for_stock -0.0011764705882352942 34
update_start: 65; random_action_prob: 0.1805
update_complete: 65; loss: 0.004035274187723796; cumulative_reward: 7.900000000000013; invalid_count: 0; positive_reward_count: 11; success_count: 9; episode_count: 9; random_exploration_count: 23; avg_entropy: 0.9387; best_tax_advantage: 35.0; random_action_prob: 0.1805
make_subcorporation -0.009875 80
transfer_cash 0.43600000000000005 20
contribute_for_stock -0.0010714285714285715 28
update_start: 66; random_action_prob: 0.1796
update_complete: 66; loss: 0.006254314134518306; cumulative_reward: 3.0400000000000027; invalid_count: 0; positive_reward_count: 4; success_count: 4; episode_count: 4; random_exploration_count: 17; avg_entropy: 0.7479; best_tax_advantage: 35.0; random_action_prob: 0.1796
make_subcorporation -0.00967391304347826 92
transfer_cash 0.788 5
contribute_for_stock -0.0003225806451612903 31
update_start: 67; random_action_prob: 0.1787
update_complete: 67; loss: 0.05742954214413961; cumulative_reward: 6.940000000000008; invalid_count: 0; positive_reward_count: 9; success_count: 8; episode_count: 8; random_exploration_count: 25; avg_entropy: 0.8449; best_tax_advantage: 35.0; random_action_prob: 0.1787
make_subcorporation -0.00988235294117647 85
transfer_cash 0.6 13
contribute_for_stock -0.0006666666666666666 30
update_start: 68; random_action_prob: 0.1778
update_complete: 68; loss: 0.03216621776421865; cumulative_reward: 3.0; invalid_count: 0; positive_reward_count: 5; success_count: 4; episode_count: 4; random_exploration_count: 17; avg_entropy: 0.7809; best_tax_advantage: 35.0; random_action_prob: 0.1778
make_subcorporation -0.00989010989010989 91
transfer_cash 0.65 6
contribute_for_stock 0.0 31
update_start: 69; random_action_prob: 0.1769
update_complete: 69; loss: 0.058123638232549034; cumulative_reward: 1.9800000000000022; invalid_count: 0; positive_reward_count: 4; success_count: 3; episode_count: 3; random_exploration_count: 32; avg_entropy: 0.9578; best_tax_advantage: 35.0; random_action_prob: 0.1769
make_subcorporation -0.01 87
transfer_cash 0.26 11
contribute_for_stock -0.0003333333333333333 30
update_start: 70; random_action_prob: 0.1760
update_complete: 70; loss: -0.05440253640214602; cumulative_reward: 2.080000000000004; invalid_count: 0; positive_reward_count: 3; success_count: 3; episode_count: 3; random_exploration_count: 20; avg_entropy: 1.0506; best_tax_advantage: 35.0; random_action_prob: 0.1760
make_subcorporation -0.009770114942528735 87
transfer_cash 0.36875 8
contribute_for_stock -0.0006060606060606061 33
update_start: 71; random_action_prob: 0.1751
update_complete: 71; loss: 0.004692732046047847; cumulative_reward: 14.730000000000018; invalid_count: 0; positive_reward_count: 16; success_count: 16; episode_count: 16; random_exploration_count: 19; avg_entropy: 1.0283; best_tax_advantage: 35.0; random_action_prob: 0.1751
make_subcorporation -0.009746835443037975 79
transfer_cash 0.71 22
contribute_for_stock -0.0044444444444444444 27
update_start: 72; random_action_prob: 0.1743
update_complete: 72; loss: 0.2740888148546219; cumulative_reward: 12.790000000000017; invalid_count: 0; positive_reward_count: 15; success_count: 14; episode_count: 14; random_exploration_count: 25; avg_entropy: 0.9560; best_tax_advantage: 35.0; random_action_prob: 0.1743
make_subcorporation -0.009870129870129871 77
transfer_cash 0.5691666666666667 24
contribute_for_stock -0.004074074074074074 27
update_start: 73; random_action_prob: 0.1734
update_complete: 73; loss: -0.008581523473064104; cumulative_reward: 9.610000000000014; invalid_count: 0; positive_reward_count: 12; success_count: 11; episode_count: 11; random_exploration_count: 24; avg_entropy: 1.0002; best_tax_advantage: 35.0; random_action_prob: 0.1734
make_subcorporation -0.009733333333333333 75
transfer_cash 0.4244 25
contribute_for_stock -0.009642857142857144 28
update_start: 74; random_action_prob: 0.1725
update_complete: 74; loss: -0.01782306842505932; cumulative_reward: 6.5900000000000105; invalid_count: 0; positive_reward_count: 9; success_count: 8; episode_count: 8; random_exploration_count: 28; avg_entropy: 1.0232; best_tax_advantage: 35.0; random_action_prob: 0.1725
make_subcorporation -0.01 72
transfer_cash 0.26999999999999996 28
contribute_for_stock -0.008928571428571428 28
update_start: 75; random_action_prob: 0.1717
update_complete: 75; loss: 0.14618093768755594; cumulative_reward: 13.820000000000014; invalid_count: 0; positive_reward_count: 16; success_count: 15; episode_count: 15; random_exploration_count: 29; avg_entropy: 0.9396; best_tax_advantage: 35.0; random_action_prob: 0.1717
make_subcorporation -0.00972972972972973 74
transfer_cash 0.5433333333333333 27
contribute_for_stock -0.004814814814814815 27
update_start: 76; random_action_prob: 0.1708
update_complete: 76; loss: 0.08822109301884969; cumulative_reward: 13.740000000000016; invalid_count: 0; positive_reward_count: 16; success_count: 15; episode_count: 15; random_exploration_count: 22; avg_entropy: 0.8366; best_tax_advantage: 35.0; random_action_prob: 0.1708
make_subcorporation -0.00974025974025974 77
transfer_cash 0.6108333333333333 24
contribute_for_stock -0.006296296296296296 27
update_start: 77; random_action_prob: 0.1699
update_complete: 77; loss: 0.014557896802822748; cumulative_reward: 7.870000000000017; invalid_count: 0; positive_reward_count: 9; success_count: 9; episode_count: 9; random_exploration_count: 27; avg_entropy: 0.9223; best_tax_advantage: 35.0; random_action_prob: 0.1699
make_subcorporation -0.009870129870129871 77
transfer_cash 0.39499999999999996 22
contribute_for_stock -0.0020689655172413794 29
update_start: 78; random_action_prob: 0.1691
update_complete: 78; loss: 0.030527775486310322; cumulative_reward: 9.990000000000013; invalid_count: 0; positive_reward_count: 13; success_count: 11; episode_count: 11; random_exploration_count: 31; avg_entropy: 0.9214; best_tax_advantage: 35.0; random_action_prob: 0.1691
make_subcorporation -0.009333333333333334 75
transfer_cash 0.5375 20
contribute_for_stock -0.0018181818181818182 33
update_start: 79; random_action_prob: 0.1683
update_complete: 79; loss: -0.006224498773614566; cumulative_reward: 14.2257142857143; invalid_count: 0; positive_reward_count: 17; success_count: 15; episode_count: 15; random_exploration_count: 16; avg_entropy: 0.7248; best_tax_advantage: 35.0; random_action_prob: 0.1683
make_subcorporation -0.009466666666666667 75
transfer_cash 0.6227380952380952 24
contribute_for_stock -0.0003448275862068966 29
update_start: 80; random_action_prob: 0.1674
update_complete: 80; loss: 0.006356069818139076; cumulative_reward: 11.930000000000016; invalid_count: 0; positive_reward_count: 14; success_count: 13; episode_count: 13; random_exploration_count: 24; avg_entropy: 0.8428; best_tax_advantage: 35.0; random_action_prob: 0.1674
make_subcorporation -0.009210526315789475 76
transfer_cash 0.5772727272727273 22
contribute_for_stock -0.0023333333333333335 30
update_start: 81; random_action_prob: 0.1666
update_complete: 81; loss: -0.03906866659720739; cumulative_reward: 17.09000000000001; invalid_count: 0; positive_reward_count: 19; success_count: 18; episode_count: 18; random_exploration_count: 20; avg_entropy: 0.8747; best_tax_advantage: 35.0; random_action_prob: 0.1666
make_subcorporation -0.00791044776119403 67
transfer_cash 0.5893333333333334 30
contribute_for_stock -0.001935483870967742 31
update_start: 82; random_action_prob: 0.1657
update_complete: 82; loss: -0.014880949631333351; cumulative_reward: 11.760000000000018; invalid_count: 0; positive_reward_count: 15; success_count: 13; episode_count: 13; random_exploration_count: 22; avg_entropy: 0.9360; best_tax_advantage: 35.0; random_action_prob: 0.1657
make_subcorporation -0.00943661971830986 71
transfer_cash 0.393125 32
contribute_for_stock -0.006 25
update_start: 83; random_action_prob: 0.1649
update_complete: 83; loss: 0.05384927118817965; cumulative_reward: 10.670000000000014; invalid_count: 0; positive_reward_count: 16; success_count: 12; episode_count: 12; random_exploration_count: 18; avg_entropy: 0.8760; best_tax_advantage: 35.0; random_action_prob: 0.1649
make_subcorporation -0.009295774647887325 71
transfer_cash 0.32885714285714285 35
contribute_for_stock -0.00818181818181818 22
update_start: 84; random_action_prob: 0.1641
update_complete: 84; loss: -0.014759047577778498; cumulative_reward: 10.660000000000021; invalid_count: 0; positive_reward_count: 12; success_count: 12; episode_count: 12; random_exploration_count: 19; avg_entropy: 1.0090; best_tax_advantage: 35.0; random_action_prob: 0.1641
make_subcorporation -0.009605263157894737 76
transfer_cash 0.3996551724137931 29
contribute_for_stock -0.008695652173913044 23
update_start: 85; random_action_prob: 0.1633
update_complete: 85; loss: -0.00021121899286905924; cumulative_reward: 16.830000000000013; invalid_count: 0; positive_reward_count: 21; success_count: 18; episode_count: 18; random_exploration_count: 22; avg_entropy: 1.0987; best_tax_advantage: 35.0; random_action_prob: 0.1633
make_subcorporation -0.008888888888888889 72
transfer_cash 0.6307142857142857 28
contribute_for_stock -0.0067857142857142855 28
update_start: 86; random_action_prob: 0.1625
update_complete: 86; loss: 0.03825941930214564; cumulative_reward: 10.990000000000018; invalid_count: 0; positive_reward_count: 12; success_count: 12; episode_count: 12; random_exploration_count: 20; avg_entropy: 0.9955; best_tax_advantage: 35.0; random_action_prob: 0.1625
make_subcorporation -0.00891891891891892 74
transfer_cash 0.4348148148148148 27
contribute_for_stock -0.003333333333333333 27
update_start: 87; random_action_prob: 0.1616
update_complete: 87; loss: 0.043392475694417953; cumulative_reward: 16.140000000000008; invalid_count: 0; positive_reward_count: 18; success_count: 17; episode_count: 17; random_exploration_count: 21; avg_entropy: 0.9690; best_tax_advantage: 35.0; random_action_prob: 0.1616
make_subcorporation -0.008309859154929577 71
transfer_cash 0.5985714285714286 28
contribute_for_stock -0.0010344827586206897 29
update_start: 88; random_action_prob: 0.1608
update_complete: 88; loss: 0.010529280950625738; cumulative_reward: 13.00000000000001; invalid_count: 0; positive_reward_count: 17; success_count: 14; episode_count: 14; random_exploration_count: 24; avg_entropy: 0.9296; best_tax_advantage: 35.0; random_action_prob: 0.1608
make_subcorporation -0.009333333333333334 75
transfer_cash 0.5712499999999999 24
contribute_for_stock -0.0003448275862068966 29
update_start: 89; random_action_prob: 0.1600
update_complete: 89; loss: 0.21203653514385223; cumulative_reward: 18.990000000000006; invalid_count: 0; positive_reward_count: 22; success_count: 20; episode_count: 20; random_exploration_count: 26; avg_entropy: 1.0470; best_tax_advantage: 35.0; random_action_prob: 0.1600
make_subcorporation -0.008591549295774648 71
transfer_cash 0.7553846153846154 26
contribute_for_stock -0.0012903225806451613 31
update_start: 90; random_action_prob: 0.1592
update_complete: 90; loss: 0.053870207319657006; cumulative_reward: 13.980000000000013; invalid_count: 0; positive_reward_count: 15; success_count: 15; episode_count: 15; random_exploration_count: 23; avg_entropy: 1.1259; best_tax_advantage: 35.0; random_action_prob: 0.1592
make_subcorporation -0.009078947368421053 76
transfer_cash 0.6145833333333334 24
contribute_for_stock -0.002857142857142857 28
update_start: 91; random_action_prob: 0.1584
update_complete: 91; loss: -0.0003115733464558919; cumulative_reward: 9.690000000000019; invalid_count: 0; positive_reward_count: 11; success_count: 11; episode_count: 11; random_exploration_count: 12; avg_entropy: 1.1379; best_tax_advantage: 35.0; random_action_prob: 0.1584
make_subcorporation -0.009487179487179488 78
transfer_cash 0.4096153846153846 26
contribute_for_stock -0.009166666666666667 24
update_start: 92; random_action_prob: 0.1576
update_complete: 92; loss: 0.00473193700114886; cumulative_reward: 4.8100000000000085; invalid_count: 0; positive_reward_count: 6; success_count: 6; episode_count: 6; random_exploration_count: 24; avg_entropy: 1.1237; best_tax_advantage: 35.0; random_action_prob: 0.1576
make_subcorporation -0.00951219512195122 82
transfer_cash 0.16676470588235293 34
contribute_for_stock -0.006666666666666667 12
update_start: 93; random_action_prob: 0.1569
update_complete: 93; loss: -0.022907269497712452; cumulative_reward: 3.8700000000000023; invalid_count: 0; positive_reward_count: 5; success_count: 5; episode_count: 5; random_exploration_count: 19; avg_entropy: 1.1139; best_tax_advantage: 35.0; random_action_prob: 0.1569
make_subcorporation -0.009651162790697675 86
transfer_cash 0.17071428571428574 28
contribute_for_stock -0.005714285714285714 14
update_start: 94; random_action_prob: 0.1561
update_complete: 94; loss: -0.020144132276376087; cumulative_reward: 8.950000000000015; invalid_count: 0; positive_reward_count: 11; success_count: 10; episode_count: 10; random_exploration_count: 15; avg_entropy: 1.1058; best_tax_advantage: 35.0; random_action_prob: 0.1561
make_subcorporation -0.009125 80
transfer_cash 0.3375862068965517 29
contribute_for_stock -0.005789473684210527 19
update_start: 95; random_action_prob: 0.1553
update_complete: 95; loss: -0.0010070564846197765; cumulative_reward: 12.910000000000014; invalid_count: 0; positive_reward_count: 14; success_count: 14; episode_count: 14; random_exploration_count: 18; avg_entropy: 1.1203; best_tax_advantage: 35.0; random_action_prob: 0.1553
make_subcorporation -0.00863013698630137 73
transfer_cash 0.4275 32
contribute_for_stock -0.006086956521739131 23
update_start: 96; random_action_prob: 0.1545
update_complete: 96; loss: -0.05983527128895124; cumulative_reward: 14.030000000000015; invalid_count: 0; positive_reward_count: 18; success_count: 15; episode_count: 15; random_exploration_count: 17; avg_entropy: 1.0825; best_tax_advantage: 35.0; random_action_prob: 0.1545
make_subcorporation -0.008333333333333333 72
transfer_cash 0.4208571428571429 35
contribute_for_stock -0.004761904761904762 21
update_start: 97; random_action_prob: 0.1537
update_complete: 97; loss: 0.00527315338452657; cumulative_reward: 14.27000000000001; invalid_count: 0; positive_reward_count: 15; success_count: 15; episode_count: 15; random_exploration_count: 22; avg_entropy: 1.0378; best_tax_advantage: 35.0; random_action_prob: 0.1537
make_subcorporation -0.008333333333333333 72
transfer_cash 0.513448275862069 29
contribute_for_stock -0.0007407407407407407 27
update_start: 98; random_action_prob: 0.1530
update_complete: 98; loss: -0.012623594452937445; cumulative_reward: 11.060000000000013; invalid_count: 0; positive_reward_count: 12; success_count: 12; episode_count: 12; random_exploration_count: 25; avg_entropy: 1.0534; best_tax_advantage: 35.0; random_action_prob: 0.1530
make_subcorporation -0.008815789473684211 76
transfer_cash 0.5363636363636364 22
contribute_for_stock -0.0023333333333333335 30
update_start: 99; random_action_prob: 0.1522
update_complete: 99; loss: 0.0424627959728241; cumulative_reward: 11.280000000000012; invalid_count: 0; positive_reward_count: 13; success_count: 12; episode_count: 12; random_exploration_count: 27; avg_entropy: 0.9392; best_tax_advantage: 35.0; random_action_prob: 0.1522
make_subcorporation -0.008666666666666666 75
transfer_cash 0.5191304347826087 23
contribute_for_stock -0.0003333333333333333 30
2026-08-07T14:44:06 completed barnes_group run=4 elapsed_seconds=524.80 updates_logged=100
2026-08-07T14:44:06 running barnes_group run=5 seed=1734
env_variant: HardTaxEnv
update_start: 0; random_action_prob: 0.2500
update_complete: 0; loss: 0.11883719265460968; cumulative_reward: -0.7500000000000004; invalid_count: 0; positive_reward_count: 0; success_count: 0; episode_count: 0; random_exploration_count: 26; avg_entropy: 0.8991; best_tax_advantage: 0.0; random_action_prob: 0.2500
make_subcorporation -0.009868421052631578 76
transfer_cash 0.0 19
contribute_for_stock 0.0 33
update_start: 1; random_action_prob: 0.2487
update_complete: 1; loss: 0.06870891898870468; cumulative_reward: -0.7600000000000005; invalid_count: 0; positive_reward_count: 0; success_count: 0; episode_count: 0; random_exploration_count: 27; avg_entropy: 0.8618; best_tax_advantage: 0.0; random_action_prob: 0.2487
make_subcorporation -0.009870129870129871 77
transfer_cash 0.0 2
contribute_for_stock 0.0 49
update_start: 2; random_action_prob: 0.2475
update_complete: 2; loss: 0.2213116635878881; cumulative_reward: -0.7500000000000004; invalid_count: 0; positive_reward_count: 0; success_count: 0; episode_count: 0; random_exploration_count: 31; avg_entropy: 0.8811; best_tax_advantage: 0.0; random_action_prob: 0.2475
make_subcorporation -0.01 75
transfer_cash 0.0 3
contribute_for_stock 0.0 50
update_start: 3; random_action_prob: 0.2463
update_complete: 3; loss: 0.1860610693693161; cumulative_reward: -0.7500000000000004; invalid_count: 0; positive_reward_count: 0; success_count: 0; episode_count: 0; random_exploration_count: 28; avg_entropy: 0.8866; best_tax_advantage: 0.0; random_action_prob: 0.2463
make_subcorporation -0.009868421052631578 76
transfer_cash 0.0 4
contribute_for_stock 0.0 48
update_start: 4; random_action_prob: 0.2450
update_complete: 4; loss: 0.12199361125628154; cumulative_reward: -0.8400000000000005; invalid_count: 0; positive_reward_count: 0; success_count: 0; episode_count: 0; random_exploration_count: 24; avg_entropy: 1.0410; best_tax_advantage: 0.0; random_action_prob: 0.2450
make_subcorporation -0.009868421052631578 76
transfer_cash -0.008333333333333333 6
contribute_for_stock -0.0008695652173913044 46
update_start: 5; random_action_prob: 0.2438
update_complete: 5; loss: 0.3129540979862213; cumulative_reward: -0.7700000000000005; invalid_count: 0; positive_reward_count: 0; success_count: 0; episode_count: 0; random_exploration_count: 32; avg_entropy: 1.0810; best_tax_advantage: 0.0; random_action_prob: 0.2438
make_subcorporation -0.009868421052631578 76
transfer_cash -0.004 5
contribute_for_stock 0.0 47
update_start: 6; random_action_prob: 0.2426
update_complete: 6; loss: 0.2192611594994863; cumulative_reward: -0.8800000000000006; invalid_count: 0; positive_reward_count: 0; success_count: 0; episode_count: 0; random_exploration_count: 38; avg_entropy: 0.9497; best_tax_advantage: 0.0; random_action_prob: 0.2426
make_subcorporation -0.009870129870129871 77
transfer_cash -0.01 7
contribute_for_stock -0.0011363636363636365 44
update_start: 7; random_action_prob: 0.2414
update_complete: 7; loss: 0.08666666348775227; cumulative_reward: -0.8400000000000005; invalid_count: 0; positive_reward_count: 0; success_count: 0; episode_count: 0; random_exploration_count: 33; avg_entropy: 0.9753; best_tax_advantage: 0.0; random_action_prob: 0.2414
make_subcorporation -0.01 78
transfer_cash -0.008 5
contribute_for_stock -0.00044444444444444447 45
update_start: 8; random_action_prob: 0.2402
update_complete: 8; loss: 0.07556493207812309; cumulative_reward: 0.15999999999999956; invalid_count: 0; positive_reward_count: 1; success_count: 1; episode_count: 1; random_exploration_count: 32; avg_entropy: 1.0723; best_tax_advantage: 35.0; random_action_prob: 0.2402
make_subcorporation -0.009868421052631578 76
transfer_cash 0.07666666666666666 12
contribute_for_stock -0.00025 40
update_start: 9; random_action_prob: 0.2390
update_complete: 9; loss: 0.0736496311922868; cumulative_reward: -0.8700000000000006; invalid_count: 0; positive_reward_count: 0; success_count: 0; episode_count: 0; random_exploration_count: 30; avg_entropy: 1.0939; best_tax_advantage: 0.0; random_action_prob: 0.2390
make_subcorporation -0.009875 80
transfer_cash -0.01 3
contribute_for_stock -0.0011111111111111111 45
update_start: 10; random_action_prob: 0.2378
update_complete: 10; loss: 0.06749383608500163; cumulative_reward: -0.9300000000000006; invalid_count: 0; positive_reward_count: 0; success_count: 0; episode_count: 0; random_exploration_count: 31; avg_entropy: 1.1200; best_tax_advantage: 0.0; random_action_prob: 0.2378
make_subcorporation -0.01 78
transfer_cash -0.006 5
contribute_for_stock -0.0026666666666666666 45
update_start: 11; random_action_prob: 0.2366
update_complete: 11; loss: 0.007281056294838588; cumulative_reward: -0.9400000000000006; invalid_count: 0; positive_reward_count: 0; success_count: 0; episode_count: 0; random_exploration_count: 32; avg_entropy: 1.2234; best_tax_advantage: 0.0; random_action_prob: 0.2366
make_subcorporation -0.009870129870129871 77
transfer_cash -0.008888888888888889 9
contribute_for_stock -0.002380952380952381 42
update_start: 12; random_action_prob: 0.2354
update_complete: 12; loss: 0.007030238707860311; cumulative_reward: -0.8000000000000005; invalid_count: 0; positive_reward_count: 0; success_count: 0; episode_count: 0; random_exploration_count: 31; avg_entropy: 1.0333; best_tax_advantage: 0.0; random_action_prob: 0.2354
make_subcorporation -0.009863013698630137 73
transfer_cash -0.01 8
contribute_for_stock 0.0 47
update_start: 13; random_action_prob: 0.2342
update_complete: 13; loss: 0.28546641767024994; cumulative_reward: -0.7800000000000005; invalid_count: 0; positive_reward_count: 0; success_count: 0; episode_count: 0; random_exploration_count: 40; avg_entropy: 0.9689; best_tax_advantage: 0.0; random_action_prob: 0.2342
make_subcorporation -0.01 78
transfer_cash 0.0 7
contribute_for_stock 0.0 43
update_start: 14; random_action_prob: 0.2331
update_complete: 14; loss: 0.10472540060679118; cumulative_reward: -0.8000000000000005; invalid_count: 0; positive_reward_count: 0; success_count: 0; episode_count: 0; random_exploration_count: 25; avg_entropy: 0.9052; best_tax_advantage: 0.0; random_action_prob: 0.2331
make_subcorporation -0.01 78
transfer_cash -0.0016666666666666668 6
contribute_for_stock -0.00022727272727272727 44
update_start: 15; random_action_prob: 0.2319
update_complete: 15; loss: 0.2078933839996656; cumulative_reward: -0.7800000000000005; invalid_count: 0; positive_reward_count: 0; success_count: 0; episode_count: 0; random_exploration_count: 24; avg_entropy: 0.8375; best_tax_advantage: 0.0; random_action_prob: 0.2319
make_subcorporation -0.01 78
transfer_cash 0.0 2
contribute_for_stock 0.0 48
update_start: 16; random_action_prob: 0.2307
update_complete: 16; loss: 0.2272950199743112; cumulative_reward: -0.7700000000000005; invalid_count: 0; positive_reward_count: 0; success_count: 0; episode_count: 0; random_exploration_count: 29; avg_entropy: 0.9035; best_tax_advantage: 0.0; random_action_prob: 0.2307
make_subcorporation -0.009870129870129871 77
transfer_cash -0.005 2
contribute_for_stock 0.0 49
update_start: 17; random_action_prob: 0.2296
update_complete: 17; loss: 0.07464328408241272; cumulative_reward: -0.8400000000000005; invalid_count: 0; positive_reward_count: 0; success_count: 0; episode_count: 0; random_exploration_count: 22; avg_entropy: 0.9627; best_tax_advantage: 0.0; random_action_prob: 0.2296
make_subcorporation -0.01 75
transfer_cash -0.004 5
contribute_for_stock -0.0014583333333333334 48
update_start: 18; random_action_prob: 0.2284
update_complete: 18; loss: 0.10450369864702225; cumulative_reward: -0.8100000000000005; invalid_count: 0; positive_reward_count: 0; success_count: 0; episode_count: 0; random_exploration_count: 33; avg_entropy: 0.9630; best_tax_advantage: 0.0; random_action_prob: 0.2284
make_subcorporation -0.009868421052631578 76
transfer_cash -0.002857142857142857 7
contribute_for_stock -0.0008888888888888889 45
update_start: 19; random_action_prob: 0.2273
update_complete: 19; loss: 0.2751624770462513; cumulative_reward: -0.8900000000000006; invalid_count: 0; positive_reward_count: 0; success_count: 0; episode_count: 0; random_exploration_count: 22; avg_entropy: 0.9323; best_tax_advantage: 0.0; random_action_prob: 0.2273
make_subcorporation -0.009870129870129871 77
transfer_cash -0.002 5
contribute_for_stock -0.002608695652173913 46
update_start: 20; random_action_prob: 0.2262
update_complete: 20; loss: 0.06701247269908588; cumulative_reward: -0.9100000000000006; invalid_count: 0; positive_reward_count: 0; success_count: 0; episode_count: 0; random_exploration_count: 27; avg_entropy: 1.1363; best_tax_advantage: 0.0; random_action_prob: 0.2262
make_subcorporation -0.01 75
transfer_cash -0.012222222222222223 9
contribute_for_stock -0.0011363636363636365 44
update_start: 21; random_action_prob: 0.2250
update_complete: 21; loss: 0.14375638961791992; cumulative_reward: -0.9100000000000006; invalid_count: 0; positive_reward_count: 0; success_count: 0; episode_count: 0; random_exploration_count: 34; avg_entropy: 1.1763; best_tax_advantage: 0.0; random_action_prob: 0.2250
make_subcorporation -0.01 72
transfer_cash -0.005 14
contribute_for_stock -0.002857142857142857 42
update_start: 22; random_action_prob: 0.2239
update_complete: 22; loss: 0.22264828284581503; cumulative_reward: 0.07999999999999953; invalid_count: 0; positive_reward_count: 2; success_count: 1; episode_count: 1; random_exploration_count: 21; avg_entropy: 1.0987; best_tax_advantage: 35.0; random_action_prob: 0.2239
make_subcorporation -0.009864864864864865 74
transfer_cash 0.094 10
contribute_for_stock -0.0029545454545454545 44
update_start: 23; random_action_prob: 0.2228
update_complete: 23; loss: 0.10216392576694489; cumulative_reward: -0.9300000000000006; invalid_count: 0; positive_reward_count: 0; success_count: 0; episode_count: 0; random_exploration_count: 37; avg_entropy: 1.1520; best_tax_advantage: 0.0; random_action_prob: 0.2228
make_subcorporation -0.009875 80
transfer_cash -0.0038461538461538464 13
contribute_for_stock -0.0025714285714285713 35
update_start: 24; random_action_prob: 0.2217
update_complete: 24; loss: 0.0014091519018014271; cumulative_reward: -0.8800000000000004; invalid_count: 0; positive_reward_count: 0; success_count: 0; episode_count: 0; random_exploration_count: 27; avg_entropy: 1.1621; best_tax_advantage: 0.0; random_action_prob: 0.2217
make_subcorporation -0.009864864864864865 74
transfer_cash -0.0055 20
contribute_for_stock -0.0011764705882352942 34
update_start: 25; random_action_prob: 0.2206
update_complete: 25; loss: 0.030184239149093628; cumulative_reward: 0.05999999999999941; invalid_count: 0; positive_reward_count: 2; success_count: 1; episode_count: 1; random_exploration_count: 29; avg_entropy: 1.2802; best_tax_advantage: 35.0; random_action_prob: 0.2206
make_subcorporation -0.009870129870129871 77
transfer_cash 0.05055555555555555 18
contribute_for_stock -0.002727272727272727 33
update_start: 26; random_action_prob: 0.2195
update_complete: 26; loss: -0.03288612390557925; cumulative_reward: -1.0500000000000007; invalid_count: 0; positive_reward_count: 0; success_count: 0; episode_count: 0; random_exploration_count: 20; avg_entropy: 1.3221; best_tax_advantage: 0.0; random_action_prob: 0.2195
make_subcorporation -0.009864864864864865 74
transfer_cash -0.006521739130434782 23
contribute_for_stock -0.005483870967741936 31
update_start: 27; random_action_prob: 0.2184
update_complete: 27; loss: 0.004615517954031627; cumulative_reward: -1.0500000000000007; invalid_count: 0; positive_reward_count: 0; success_count: 0; episode_count: 0; random_exploration_count: 22; avg_entropy: 1.2920; best_tax_advantage: 0.0; random_action_prob: 0.2184
make_subcorporation -0.009870129870129871 77
transfer_cash -0.006571428571428572 35
contribute_for_stock -0.00375 16
update_start: 28; random_action_prob: 0.2173
update_complete: 28; loss: 0.0032682505746682486; cumulative_reward: -1.0200000000000007; invalid_count: 0; positive_reward_count: 0; success_count: 0; episode_count: 0; random_exploration_count: 27; avg_entropy: 1.3853; best_tax_advantage: 0.0; random_action_prob: 0.2173
make_subcorporation -0.009870129870129871 77
transfer_cash -0.005357142857142857 28
contribute_for_stock -0.004782608695652174 23
update_start: 29; random_action_prob: 0.2162
update_complete: 29; loss: -0.005861744284629822; cumulative_reward: -1.0800000000000007; invalid_count: 0; positive_reward_count: 0; success_count: 0; episode_count: 0; random_exploration_count: 26; avg_entropy: 1.3711; best_tax_advantage: 0.0; random_action_prob: 0.2162
make_subcorporation -0.01 78
transfer_cash -0.008055555555555555 36
contribute_for_stock -0.0007142857142857143 14
update_start: 30; random_action_prob: 0.2151
update_complete: 30; loss: -0.030674720803896587; cumulative_reward: -0.8800000000000006; invalid_count: 0; positive_reward_count: 0; success_count: 0; episode_count: 0; random_exploration_count: 27; avg_entropy: 1.3328; best_tax_advantage: 0.0; random_action_prob: 0.2151
make_subcorporation -0.009870129870129871 77
transfer_cash -0.003103448275862069 29
contribute_for_stock -0.0013636363636363635 22
update_start: 31; random_action_prob: 0.2140
update_complete: 31; loss: -0.040958695113658905; cumulative_reward: -0.9100000000000006; invalid_count: 0; positive_reward_count: 0; success_count: 0; episode_count: 0; random_exploration_count: 28; avg_entropy: 1.3630; best_tax_advantage: 0.0; random_action_prob: 0.2140
make_subcorporation -0.01 75
transfer_cash -0.004333333333333333 30
contribute_for_stock -0.0013043478260869564 23
update_start: 32; random_action_prob: 0.2130
update_complete: 32; loss: -0.017292678356170654; cumulative_reward: -0.8500000000000005; invalid_count: 0; positive_reward_count: 0; success_count: 0; episode_count: 0; random_exploration_count: 23; avg_entropy: 1.3109; best_tax_advantage: 0.0; random_action_prob: 0.2130
make_subcorporation -0.01 75
transfer_cash -0.002962962962962963 27
contribute_for_stock -0.0007692307692307692 26
update_start: 33; random_action_prob: 0.2119
update_complete: 33; loss: -0.03606008862455686; cumulative_reward: -1.0100000000000005; invalid_count: 0; positive_reward_count: 0; success_count: 0; episode_count: 0; random_exploration_count: 25; avg_entropy: 1.3924; best_tax_advantage: 0.0; random_action_prob: 0.2119
make_subcorporation -0.01 75
transfer_cash -0.0068000000000000005 25
contribute_for_stock -0.0032142857142857142 28
update_start: 34; random_action_prob: 0.2108
update_complete: 34; loss: -0.004269522925217946; cumulative_reward: -0.8500000000000005; invalid_count: 0; positive_reward_count: 0; success_count: 0; episode_count: 0; random_exploration_count: 28; avg_entropy: 1.3143; best_tax_advantage: 0.0; random_action_prob: 0.2108
make_subcorporation -0.009864864864864865 74
transfer_cash -0.0044444444444444444 18
contribute_for_stock -0.0011111111111111111 36
update_start: 35; random_action_prob: 0.2098
update_complete: 35; loss: -0.045030735433101654; cumulative_reward: 0.11999999999999957; invalid_count: 0; positive_reward_count: 2; success_count: 1; episode_count: 1; random_exploration_count: 21; avg_entropy: 1.2962; best_tax_advantage: 35.0; random_action_prob: 0.2098
make_subcorporation -0.009868421052631578 76
transfer_cash 0.06066666666666667 15
contribute_for_stock -0.001081081081081081 37
update_start: 36; random_action_prob: 0.2087
update_complete: 36; loss: -0.04725066696604093; cumulative_reward: -0.8600000000000005; invalid_count: 0; positive_reward_count: 0; success_count: 0; episode_count: 0; random_exploration_count: 26; avg_entropy: 1.3708; best_tax_advantage: 0.0; random_action_prob: 0.2087
make_subcorporation -0.009873417721518988 79
transfer_cash -0.002142857142857143 14
contribute_for_stock -0.0014285714285714286 35
update_start: 37; random_action_prob: 0.2077
update_complete: 37; loss: -0.013667348772287369; cumulative_reward: -0.8800000000000006; invalid_count: 0; positive_reward_count: 0; success_count: 0; episode_count: 0; random_exploration_count: 25; avg_entropy: 1.3842; best_tax_advantage: 0.0; random_action_prob: 0.2077
make_subcorporation -0.009873417721518988 79
transfer_cash -0.003157894736842105 19
contribute_for_stock -0.0013333333333333333 30
update_start: 38; random_action_prob: 0.2066
update_complete: 38; loss: -0.0038178699711958566; cumulative_reward: -1.0400000000000005; invalid_count: 0; positive_reward_count: 0; success_count: 0; episode_count: 0; random_exploration_count: 26; avg_entropy: 1.4468; best_tax_advantage: 0.0; random_action_prob: 0.2066
make_subcorporation -0.009870129870129871 77
transfer_cash -0.006 20
contribute_for_stock -0.005161290322580645 31
update_start: 39; random_action_prob: 0.2056
update_complete: 39; loss: 5.184859037399292e-05; cumulative_reward: -0.9400000000000006; invalid_count: 0; positive_reward_count: 0; success_count: 0; episode_count: 0; random_exploration_count: 29; avg_entropy: 1.3605; best_tax_advantage: 0.0; random_action_prob: 0.2056
make_subcorporation -0.009875 80
transfer_cash -0.005333333333333333 15
contribute_for_stock -0.0021212121212121214 33
update_start: 40; random_action_prob: 0.2046
update_complete: 40; loss: -0.05727694556117058; cumulative_reward: -1.0900000000000005; invalid_count: 0; positive_reward_count: 0; success_count: 0; episode_count: 0; random_exploration_count: 20; avg_entropy: 1.4708; best_tax_advantage: 0.0; random_action_prob: 0.2046
make_subcorporation -0.01 78
transfer_cash -0.006521739130434782 23
contribute_for_stock -0.005925925925925926 27
update_start: 41; random_action_prob: 0.2036
update_complete: 41; loss: -0.014127610872189203; cumulative_reward: -0.9600000000000006; invalid_count: 0; positive_reward_count: 0; success_count: 0; episode_count: 0; random_exploration_count: 24; avg_entropy: 1.4953; best_tax_advantage: 0.0; random_action_prob: 0.2036
make_subcorporation -0.01 81
transfer_cash -0.0030303030303030303 33
contribute_for_stock -0.0035714285714285718 14
update_start: 42; random_action_prob: 0.2025
update_complete: 42; loss: -0.05567328259348869; cumulative_reward: -1.0000000000000004; invalid_count: 0; positive_reward_count: 0; success_count: 0; episode_count: 0; random_exploration_count: 22; avg_entropy: 1.4272; best_tax_advantage: 0.0; random_action_prob: 0.2025
make_subcorporation -0.009878048780487805 82
transfer_cash -0.005714285714285714 21
contribute_for_stock -0.0028000000000000004 25
update_start: 43; random_action_prob: 0.2015
update_complete: 43; loss: -0.03066474199295044; cumulative_reward: -0.9300000000000006; invalid_count: 0; positive_reward_count: 0; success_count: 0; episode_count: 0; random_exploration_count: 28; avg_entropy: 1.3978; best_tax_advantage: 0.0; random_action_prob: 0.2015
make_subcorporation -0.01 81
transfer_cash -0.004761904761904762 21
contribute_for_stock -0.0007692307692307692 26
update_start: 44; random_action_prob: 0.2005
update_complete: 44; loss: -0.01124688982963562; cumulative_reward: -0.8900000000000006; invalid_count: 0; positive_reward_count: 0; success_count: 0; episode_count: 0; random_exploration_count: 18; avg_entropy: 1.3350; best_tax_advantage: 0.0; random_action_prob: 0.2005
make_subcorporation -0.01 81
transfer_cash -0.0025 20
contribute_for_stock -0.0011111111111111111 27
update_start: 45; random_action_prob: 0.1995
update_complete: 45; loss: -0.020470647762219112; cumulative_reward: -0.8900000000000006; invalid_count: 0; positive_reward_count: 0; success_count: 0; episode_count: 0; random_exploration_count: 25; avg_entropy: 1.3236; best_tax_advantage: 0.0; random_action_prob: 0.1995
make_subcorporation -0.009886363636363636 88
transfer_cash 0.0 20
contribute_for_stock -0.001 20
update_start: 46; random_action_prob: 0.1985
update_complete: 46; loss: -0.008040366073449453; cumulative_reward: -0.8200000000000004; invalid_count: 0; positive_reward_count: 0; success_count: 0; episode_count: 0; random_exploration_count: 24; avg_entropy: 1.3119; best_tax_advantage: 0.0; random_action_prob: 0.1985
make_subcorporation -0.009873417721518988 79
transfer_cash -0.0010526315789473684 19
contribute_for_stock -0.0006666666666666666 30
update_start: 47; random_action_prob: 0.1975
update_complete: 47; loss: -0.010271705687046051; cumulative_reward: -0.7800000000000005; invalid_count: 0; positive_reward_count: 0; success_count: 0; episode_count: 0; random_exploration_count: 27; avg_entropy: 1.2619; best_tax_advantage: 0.0; random_action_prob: 0.1975
make_subcorporation -0.01 78
transfer_cash 0.0 27
contribute_for_stock 0.0 23
update_start: 48; random_action_prob: 0.1965
update_complete: 48; loss: -0.03675440947214762; cumulative_reward: -0.8700000000000004; invalid_count: 0; positive_reward_count: 0; success_count: 0; episode_count: 0; random_exploration_count: 32; avg_entropy: 1.3085; best_tax_advantage: 0.0; random_action_prob: 0.1965
make_subcorporation -0.009879518072289158 83
transfer_cash -0.0023076923076923075 13
contribute_for_stock -0.000625 32
update_start: 49; random_action_prob: 0.1956
update_complete: 49; loss: -0.03361091390252113; cumulative_reward: -0.8300000000000005; invalid_count: 0; positive_reward_count: 0; success_count: 0; episode_count: 0; random_exploration_count: 25; avg_entropy: 1.2293; best_tax_advantage: 0.0; random_action_prob: 0.1956
make_subcorporation -0.009878048780487805 82
transfer_cash 0.0 13
contribute_for_stock -0.0006060606060606061 33
update_start: 50; random_action_prob: 0.1946
update_complete: 50; loss: 0.014623834441105524; cumulative_reward: -0.9100000000000006; invalid_count: 0; positive_reward_count: 0; success_count: 0; episode_count: 0; random_exploration_count: 35; avg_entropy: 1.3284; best_tax_advantage: 0.0; random_action_prob: 0.1946
make_subcorporation -0.01 81
transfer_cash -0.001764705882352941 17
contribute_for_stock -0.0023333333333333335 30
update_start: 51; random_action_prob: 0.1936
update_complete: 51; loss: 0.022004255404074986; cumulative_reward: -0.8200000000000005; invalid_count: 0; positive_reward_count: 0; success_count: 0; episode_count: 0; random_exploration_count: 17; avg_entropy: 1.1995; best_tax_advantage: 0.0; random_action_prob: 0.1936
make_subcorporation -0.01 78
transfer_cash -0.001875 16
contribute_for_stock -0.00029411764705882356 34
update_start: 52; random_action_prob: 0.1926
update_complete: 52; loss: -0.014894948651393255; cumulative_reward: -0.8000000000000005; invalid_count: 0; positive_reward_count: 0; success_count: 0; episode_count: 0; random_exploration_count: 29; avg_entropy: 1.1585; best_tax_advantage: 0.0; random_action_prob: 0.1926
make_subcorporation -0.01 75
transfer_cash -0.002 20
contribute_for_stock -0.00030303030303030303 33
update_start: 53; random_action_prob: 0.1917
update_complete: 53; loss: 0.016295777012904484; cumulative_reward: -0.7600000000000005; invalid_count: 0; positive_reward_count: 0; success_count: 0; episode_count: 0; random_exploration_count: 34; avg_entropy: 1.1055; best_tax_advantage: 0.0; random_action_prob: 0.1917
make_subcorporation -0.009868421052631578 76
transfer_cash -0.000625 16
contribute_for_stock 0.0 36
update_start: 54; random_action_prob: 0.1907
update_complete: 54; loss: -0.027356186260779698; cumulative_reward: -0.8300000000000005; invalid_count: 0; positive_reward_count: 0; success_count: 0; episode_count: 0; random_exploration_count: 19; avg_entropy: 1.0954; best_tax_advantage: 0.0; random_action_prob: 0.1907
make_subcorporation -0.01 78
transfer_cash -0.0022222222222222222 18
contribute_for_stock -0.0003125 32
update_start: 55; random_action_prob: 0.1898
update_complete: 55; loss: -0.029896677782138188; cumulative_reward: -0.7700000000000005; invalid_count: 0; positive_reward_count: 0; success_count: 0; episode_count: 0; random_exploration_count: 23; avg_entropy: 1.1879; best_tax_advantage: 0.0; random_action_prob: 0.1898
make_subcorporation -0.01 75
transfer_cash 0.0 15
contribute_for_stock -0.0005263157894736842 38
update_start: 56; random_action_prob: 0.1888
update_complete: 56; loss: -0.01614207588136196; cumulative_reward: -0.7600000000000005; invalid_count: 0; positive_reward_count: 0; success_count: 0; episode_count: 0; random_exploration_count: 25; avg_entropy: 1.1729; best_tax_advantage: 0.0; random_action_prob: 0.1888
make_subcorporation -0.009870129870129871 77
transfer_cash 0.0 9
contribute_for_stock 0.0 42
update_start: 57; random_action_prob: 0.1879
update_complete: 57; loss: 0.02014743412534396; cumulative_reward: -0.8100000000000005; invalid_count: 0; positive_reward_count: 0; success_count: 0; episode_count: 0; random_exploration_count: 17; avg_entropy: 1.1688; best_tax_advantage: 0.0; random_action_prob: 0.1879
make_subcorporation -0.01 78
transfer_cash -0.0005882352941176471 17
contribute_for_stock -0.0006060606060606061 33
update_start: 58; random_action_prob: 0.1869
update_complete: 58; loss: -0.011595970640579859; cumulative_reward: -0.8000000000000005; invalid_count: 0; positive_reward_count: 0; success_count: 0; episode_count: 0; random_exploration_count: 21; avg_entropy: 1.1845; best_tax_advantage: 0.0; random_action_prob: 0.1869
make_subcorporation -0.01 78
transfer_cash -0.0009090909090909091 11
contribute_for_stock -0.0002564102564102564 39
update_start: 59; random_action_prob: 0.1860
update_complete: 59; loss: -0.0029050211111704507; cumulative_reward: 0.16999999999999948; invalid_count: 0; positive_reward_count: 1; success_count: 1; episode_count: 1; random_exploration_count: 21; avg_entropy: 1.1082; best_tax_advantage: 35.0; random_action_prob: 0.1860
make_subcorporation -0.00975609756097561 82
transfer_cash 0.06533333333333333 15
contribute_for_stock -0.0003225806451612903 31
update_start: 60; random_action_prob: 0.1851
update_complete: 60; loss: -0.04116904487212499; cumulative_reward: -0.8600000000000005; invalid_count: 0; positive_reward_count: 0; success_count: 0; episode_count: 0; random_exploration_count: 19; avg_entropy: 1.1843; best_tax_advantage: 0.0; random_action_prob: 0.1851
make_subcorporation -0.01 84
transfer_cash -0.0016666666666666668 6
contribute_for_stock -0.0002631578947368421 38
update_start: 61; random_action_prob: 0.1841
update_complete: 61; loss: -0.01258121927579244; cumulative_reward: -1.0300000000000005; invalid_count: 0; positive_reward_count: 0; success_count: 0; episode_count: 0; random_exploration_count: 20; avg_entropy: 1.2518; best_tax_advantage: 0.0; random_action_prob: 0.1841
make_subcorporation -0.009875 80
transfer_cash -0.012499999999999999 12
contribute_for_stock -0.0025 36
update_start: 62; random_action_prob: 0.1832
update_complete: 62; loss: -0.0440021517376105; cumulative_reward: -0.8900000000000005; invalid_count: 0; positive_reward_count: 0; success_count: 0; episode_count: 0; random_exploration_count: 17; avg_entropy: 1.3032; best_tax_advantage: 0.0; random_action_prob: 0.1832
make_subcorporation -0.009878048780487805 82
transfer_cash -0.005555555555555556 9
contribute_for_stock -0.0008108108108108108 37
update_start: 63; random_action_prob: 0.1823
update_complete: 63; loss: -0.02854306250810623; cumulative_reward: -0.9000000000000006; invalid_count: 0; positive_reward_count: 0; success_count: 0; episode_count: 0; random_exploration_count: 19; avg_entropy: 1.1757; best_tax_advantage: 0.0; random_action_prob: 0.1823
make_subcorporation -0.01 87
transfer_cash -0.005 6
contribute_for_stock 0.0 35
update_start: 64; random_action_prob: 0.1814
update_complete: 64; loss: -0.019259724766016006; cumulative_reward: -0.9300000000000006; invalid_count: 0; positive_reward_count: 0; success_count: 0; episode_count: 0; random_exploration_count: 20; avg_entropy: 1.1009; best_tax_advantage: 0.0; random_action_prob: 0.1814
make_subcorporation -0.00989010989010989 91
transfer_cash 0.0 1
contribute_for_stock -0.0008333333333333333 36
update_start: 65; random_action_prob: 0.1805
update_complete: 65; loss: -0.022434107959270477; cumulative_reward: -0.8800000000000006; invalid_count: 0; positive_reward_count: 0; success_count: 0; episode_count: 0; random_exploration_count: 15; avg_entropy: 1.1285; best_tax_advantage: 0.0; random_action_prob: 0.1805
make_subcorporation -0.009887640449438202 89
transfer_cash 0.0 6
contribute_for_stock 0.0 33
update_start: 66; random_action_prob: 0.1796
update_complete: 66; loss: -0.019206775352358818; cumulative_reward: -0.9100000000000006; invalid_count: 0; positive_reward_count: 0; success_count: 0; episode_count: 0; random_exploration_count: 24; avg_entropy: 1.1391; best_tax_advantage: 0.0; random_action_prob: 0.1796
make_subcorporation -0.00989010989010989 91
transfer_cash -0.0014285714285714286 7
contribute_for_stock 0.0 30
update_start: 67; random_action_prob: 0.1787
update_complete: 67; loss: -0.03503866742054621; cumulative_reward: -0.9100000000000006; invalid_count: 0; positive_reward_count: 0; success_count: 0; episode_count: 0; random_exploration_count: 19; avg_entropy: 1.0557; best_tax_advantage: 0.0; random_action_prob: 0.1787
make_subcorporation -0.009891304347826087 92
transfer_cash 0.0 3
contribute_for_stock 0.0 33
update_start: 68; random_action_prob: 0.1778
update_complete: 68; loss: -0.0009143526355425516; cumulative_reward: -0.9000000000000006; invalid_count: 0; positive_reward_count: 0; success_count: 0; episode_count: 0; random_exploration_count: 18; avg_entropy: 1.0773; best_tax_advantage: 0.0; random_action_prob: 0.1778
make_subcorporation -0.01 90
transfer_cash 0.0 7
contribute_for_stock 0.0 31
update_start: 69; random_action_prob: 0.1769
update_complete: 69; loss: -0.01296051467458407; cumulative_reward: -0.9100000000000006; invalid_count: 0; positive_reward_count: 0; success_count: 0; episode_count: 0; random_exploration_count: 18; avg_entropy: 1.0397; best_tax_advantage: 0.0; random_action_prob: 0.1769
make_subcorporation -0.01 90
transfer_cash -0.0025 4
contribute_for_stock 0.0 34
update_start: 70; random_action_prob: 0.1760
update_complete: 70; loss: 4.337728023529053e-05; cumulative_reward: -0.8700000000000006; invalid_count: 0; positive_reward_count: 0; success_count: 0; episode_count: 0; random_exploration_count: 17; avg_entropy: 0.9981; best_tax_advantage: 0.0; random_action_prob: 0.1760
make_subcorporation -0.01 87
transfer_cash 0.0 2
contribute_for_stock 0.0 39
update_start: 71; random_action_prob: 0.1751
update_complete: 71; loss: 0.0017289345463116963; cumulative_reward: -0.8400000000000005; invalid_count: 0; positive_reward_count: 0; success_count: 0; episode_count: 0; random_exploration_count: 38; avg_entropy: 1.1284; best_tax_advantage: 0.0; random_action_prob: 0.1751
make_subcorporation -0.01 84
transfer_cash 0.0 9
contribute_for_stock 0.0 35
update_start: 72; random_action_prob: 0.1743
update_complete: 72; loss: -0.00022262583176294962; cumulative_reward: -0.8500000000000005; invalid_count: 0; positive_reward_count: 0; success_count: 0; episode_count: 0; random_exploration_count: 16; avg_entropy: 1.0711; best_tax_advantage: 0.0; random_action_prob: 0.1743
make_subcorporation -0.01 81
transfer_cash -0.002857142857142857 7
contribute_for_stock -0.0005 40
update_start: 73; random_action_prob: 0.1734
update_complete: 73; loss: 0.07869986320535342; cumulative_reward: -0.8400000000000005; invalid_count: 0; positive_reward_count: 0; success_count: 0; episode_count: 0; random_exploration_count: 20; avg_entropy: 1.0856; best_tax_advantage: 0.0; random_action_prob: 0.1734
make_subcorporation -0.01 84
transfer_cash 0.0 4
contribute_for_stock 0.0 40
update_start: 74; random_action_prob: 0.1725
update_complete: 74; loss: 0.0037339391807715097; cumulative_reward: -0.8800000000000006; invalid_count: 0; positive_reward_count: 0; success_count: 0; episode_count: 0; random_exploration_count: 17; avg_entropy: 1.0111; best_tax_advantage: 0.0; random_action_prob: 0.1725
make_subcorporation -0.009887640449438202 89
transfer_cash 0.0 2
contribute_for_stock 0.0 37
update_start: 75; random_action_prob: 0.1717
update_complete: 75; loss: 0.013880242904027304; cumulative_reward: -0.9000000000000006; invalid_count: 0; positive_reward_count: 0; success_count: 0; episode_count: 0; random_exploration_count: 25; avg_entropy: 1.0448; best_tax_advantage: 0.0; random_action_prob: 0.1717
make_subcorporation -0.009886363636363636 88
transfer_cash -0.000625 16
contribute_for_stock -0.0008333333333333334 24
update_start: 76; random_action_prob: 0.1708
update_complete: 76; loss: 0.016661029309034348; cumulative_reward: -0.9300000000000006; invalid_count: 0; positive_reward_count: 0; success_count: 0; episode_count: 0; random_exploration_count: 22; avg_entropy: 1.0063; best_tax_advantage: 0.0; random_action_prob: 0.1708
make_subcorporation -0.01 93
transfer_cash 0.0 21
contribute_for_stock 0.0 14
update_start: 77; random_action_prob: 0.1699
update_complete: 77; loss: 0.006110814710458119; cumulative_reward: -0.9000000000000006; invalid_count: 0; positive_reward_count: 0; success_count: 0; episode_count: 0; random_exploration_count: 26; avg_entropy: 0.9223; best_tax_advantage: 0.0; random_action_prob: 0.1699
make_subcorporation -0.00989010989010989 91
transfer_cash 0.0 27
contribute_for_stock 0.0 10
update_start: 78; random_action_prob: 0.1691
update_complete: 78; loss: 0.03459962954123815; cumulative_reward: -0.8100000000000005; invalid_count: 0; positive_reward_count: 0; success_count: 0; episode_count: 0; random_exploration_count: 17; avg_entropy: 0.9023; best_tax_advantage: 0.0; random_action_prob: 0.1691
make_subcorporation -0.01 81
transfer_cash 0.0 41
contribute_for_stock 0.0 6
update_start: 79; random_action_prob: 0.1683
update_complete: 79; loss: 0.02618337795138359; cumulative_reward: -0.6900000000000004; invalid_count: 0; positive_reward_count: 0; success_count: 0; episode_count: 0; random_exploration_count: 23; avg_entropy: 0.9140; best_tax_advantage: 0.0; random_action_prob: 0.1683
make_subcorporation -0.01 69
transfer_cash 0.0 53
contribute_for_stock 0.0 6
update_start: 80; random_action_prob: 0.1674
update_complete: 80; loss: 0.06431711216767629; cumulative_reward: -0.6800000000000004; invalid_count: 0; positive_reward_count: 0; success_count: 0; episode_count: 0; random_exploration_count: 21; avg_entropy: 0.9593; best_tax_advantage: 0.0; random_action_prob: 0.1674
make_subcorporation -0.01 66
transfer_cash -0.0001724137931034483 58
contribute_for_stock -0.0025 4
update_start: 81; random_action_prob: 0.1666
update_complete: 81; loss: 0.04101885110139847; cumulative_reward: -0.6600000000000004; invalid_count: 0; positive_reward_count: 0; success_count: 0; episode_count: 0; random_exploration_count: 17; avg_entropy: 0.9087; best_tax_advantage: 0.0; random_action_prob: 0.1666
make_subcorporation -0.01 66
transfer_cash 0.0 55
contribute_for_stock 0.0 7
update_start: 82; random_action_prob: 0.1657
update_complete: 82; loss: -0.03240665793418884; cumulative_reward: -0.6000000000000003; invalid_count: 0; positive_reward_count: 0; success_count: 0; episode_count: 0; random_exploration_count: 16; avg_entropy: 0.8912; best_tax_advantage: 0.0; random_action_prob: 0.1657
make_subcorporation -0.01 60
transfer_cash 0.0 58
contribute_for_stock 0.0 10
update_start: 83; random_action_prob: 0.1649
update_complete: 83; loss: -0.025554754460851353; cumulative_reward: -0.6700000000000004; invalid_count: 0; positive_reward_count: 0; success_count: 0; episode_count: 0; random_exploration_count: 21; avg_entropy: 0.8878; best_tax_advantage: 0.0; random_action_prob: 0.1649
make_subcorporation -0.01 66
transfer_cash -0.00017857142857142857 56
contribute_for_stock 0.0 6
update_start: 84; random_action_prob: 0.1641
update_complete: 84; loss: 0.04565500343839327; cumulative_reward: -0.7100000000000004; invalid_count: 0; positive_reward_count: 0; success_count: 0; episode_count: 0; random_exploration_count: 22; avg_entropy: 1.0853; best_tax_advantage: 0.0; random_action_prob: 0.1641
make_subcorporation -0.009859154929577466 71
transfer_cash 0.0 44
contribute_for_stock -0.0007692307692307692 13
update_start: 85; random_action_prob: 0.1633
update_complete: 85; loss: 0.005960971117019653; cumulative_reward: -0.8000000000000005; invalid_count: 0; positive_reward_count: 0; success_count: 0; episode_count: 0; random_exploration_count: 25; avg_entropy: 1.0689; best_tax_advantage: 0.0; random_action_prob: 0.1633
make_subcorporation -0.01 78
transfer_cash -0.0005128205128205128 39
contribute_for_stock 0.0 11
update_start: 86; random_action_prob: 0.1625
update_complete: 86; loss: 0.05443321665128072; cumulative_reward: -0.8400000000000005; invalid_count: 0; positive_reward_count: 0; success_count: 0; episode_count: 0; random_exploration_count: 20; avg_entropy: 0.9476; best_tax_advantage: 0.0; random_action_prob: 0.1625
make_subcorporation -0.01 84
transfer_cash 0.0 38
contribute_for_stock 0.0 6
update_start: 87; random_action_prob: 0.1616
update_complete: 87; loss: 0.010482287655274073; cumulative_reward: -0.8400000000000005; invalid_count: 0; positive_reward_count: 0; success_count: 0; episode_count: 0; random_exploration_count: 22; avg_entropy: 0.9952; best_tax_advantage: 0.0; random_action_prob: 0.1616
make_subcorporation -0.01 84
transfer_cash 0.0 37
contribute_for_stock 0.0 7
update_start: 88; random_action_prob: 0.1608
update_complete: 88; loss: -0.024031400680541992; cumulative_reward: -0.8100000000000005; invalid_count: 0; positive_reward_count: 0; success_count: 0; episode_count: 0; random_exploration_count: 25; avg_entropy: 1.0685; best_tax_advantage: 0.0; random_action_prob: 0.1608
make_subcorporation -0.009878048780487805 82
transfer_cash 0.0 43
contribute_for_stock 0.0 3
update_start: 89; random_action_prob: 0.1600
update_complete: 89; loss: -0.03946130846937498; cumulative_reward: -0.8500000000000005; invalid_count: 0; positive_reward_count: 0; success_count: 0; episode_count: 0; random_exploration_count: 22; avg_entropy: 1.0415; best_tax_advantage: 0.0; random_action_prob: 0.1600
make_subcorporation -0.009883720930232558 86
transfer_cash 0.0 37
contribute_for_stock 0.0 5
update_start: 90; random_action_prob: 0.1592
update_complete: 90; loss: -0.0022776437302430472; cumulative_reward: -0.8700000000000006; invalid_count: 0; positive_reward_count: 0; success_count: 0; episode_count: 0; random_exploration_count: 20; avg_entropy: 0.9867; best_tax_advantage: 0.0; random_action_prob: 0.1592
make_subcorporation -0.01 87
transfer_cash 0.0 39
contribute_for_stock 0.0 2
update_start: 91; random_action_prob: 0.1584
update_complete: 91; loss: -0.0257392351826032; cumulative_reward: -0.8400000000000005; invalid_count: 0; positive_reward_count: 0; success_count: 0; episode_count: 0; random_exploration_count: 16; avg_entropy: 0.9814; best_tax_advantage: 0.0; random_action_prob: 0.1584
make_subcorporation -0.01 84
transfer_cash 0.0 41
contribute_for_stock 0.0 3
update_start: 92; random_action_prob: 0.1576
update_complete: 92; loss: -0.036406820019086204; cumulative_reward: -0.8200000000000005; invalid_count: 0; positive_reward_count: 0; success_count: 0; episode_count: 0; random_exploration_count: 19; avg_entropy: 0.9555; best_tax_advantage: 0.0; random_action_prob: 0.1576
make_subcorporation -0.01 81
transfer_cash -0.0002173913043478261 46
contribute_for_stock 0.0 1
update_start: 93; random_action_prob: 0.1569
update_complete: 93; loss: -0.006753681848446528; cumulative_reward: -0.8400000000000005; invalid_count: 0; positive_reward_count: 0; success_count: 0; episode_count: 0; random_exploration_count: 23; avg_entropy: 1.0681; best_tax_advantage: 0.0; random_action_prob: 0.1569
make_subcorporation -0.01 84
transfer_cash 0.0 38
contribute_for_stock 0.0 6
update_start: 94; random_action_prob: 0.1561
update_complete: 94; loss: -0.03115053040285905; cumulative_reward: -0.8700000000000006; invalid_count: 0; positive_reward_count: 0; success_count: 0; episode_count: 0; random_exploration_count: 21; avg_entropy: 0.9874; best_tax_advantage: 0.0; random_action_prob: 0.1561
make_subcorporation -0.01 87
transfer_cash 0.0 39
contribute_for_stock 0.0 2
update_start: 95; random_action_prob: 0.1553
update_complete: 95; loss: 0.011906916896502176; cumulative_reward: -0.8900000000000006; invalid_count: 0; positive_reward_count: 0; success_count: 0; episode_count: 0; random_exploration_count: 22; avg_entropy: 1.1249; best_tax_advantage: 0.0; random_action_prob: 0.1553
make_subcorporation -0.00988235294117647 85
transfer_cash -0.001388888888888889 36
contribute_for_stock 0.0 7
update_start: 96; random_action_prob: 0.1545
update_complete: 96; loss: -0.03051302892466386; cumulative_reward: -0.8100000000000005; invalid_count: 0; positive_reward_count: 0; success_count: 0; episode_count: 0; random_exploration_count: 17; avg_entropy: 1.0330; best_tax_advantage: 0.0; random_action_prob: 0.1545
make_subcorporation -0.009878048780487805 82
transfer_cash 0.0 45
contribute_for_stock 0.0 1
update_start: 97; random_action_prob: 0.1537
update_complete: 97; loss: -0.009581544746955236; cumulative_reward: -0.8500000000000005; invalid_count: 0; positive_reward_count: 0; success_count: 0; episode_count: 0; random_exploration_count: 25; avg_entropy: 1.0691; best_tax_advantage: 0.0; random_action_prob: 0.1537
make_subcorporation -0.00988235294117647 85
transfer_cash -0.0002702702702702703 37
contribute_for_stock 0.0 6
update_start: 98; random_action_prob: 0.1530
update_complete: 98; loss: 0.03152468428015709; cumulative_reward: -0.9000000000000006; invalid_count: 0; positive_reward_count: 0; success_count: 0; episode_count: 0; random_exploration_count: 28; avg_entropy: 1.1302; best_tax_advantage: 0.0; random_action_prob: 0.1530
make_subcorporation -0.01 90
transfer_cash 0.0 32
contribute_for_stock 0.0 6
update_start: 99; random_action_prob: 0.1522
update_complete: 99; loss: -0.015501635770003; cumulative_reward: -0.8700000000000006; invalid_count: 0; positive_reward_count: 0; success_count: 0; episode_count: 0; random_exploration_count: 26; avg_entropy: 1.2202; best_tax_advantage: 0.0; random_action_prob: 0.1522
make_subcorporation -0.01 87
transfer_cash 0.0 31
contribute_for_stock 0.0 10
2026-08-07T14:52:36 completed barnes_group run=5 elapsed_seconds=509.75 updates_logged=100
2026-08-07T14:52:36 running barnes_group run=6 seed=1735
env_variant: HardTaxEnv
update_start: 0; random_action_prob: 0.2500
update_complete: 0; loss: 0.396784375111262; cumulative_reward: -0.8000000000000014; invalid_count: 0; positive_reward_count: 1; success_count: 1; episode_count: 1; random_exploration_count: 26; avg_entropy: 1.2328; best_tax_advantage: 35.0; random_action_prob: 0.2500
make_subcorporation -0.01 60
transfer_cash 0.008421052631578945 38
contribute_for_stock -0.017333333333333333 30
update_start: 1; random_action_prob: 0.2487
update_complete: 1; loss: 0.06500506028532982; cumulative_reward: -1.670000000000001; invalid_count: 0; positive_reward_count: 0; success_count: 0; episode_count: 0; random_exploration_count: 33; avg_entropy: 0.9745; best_tax_advantage: 0.0; random_action_prob: 0.2487
make_subcorporation -0.00984375 64
transfer_cash -0.01681818181818182 44
contribute_for_stock -0.015 20
update_start: 2; random_action_prob: 0.2475
update_complete: 2; loss: 0.21150549252827963; cumulative_reward: -1.690000000000001; invalid_count: 0; positive_reward_count: 0; success_count: 0; episode_count: 0; random_exploration_count: 24; avg_entropy: 1.0115; best_tax_advantage: 0.0; random_action_prob: 0.2475
make_subcorporation -0.01 60
transfer_cash -0.016279069767441864 43
contribute_for_stock -0.015600000000000001 25
update_start: 3; random_action_prob: 0.2463
update_complete: 3; loss: 0.06168399751186371; cumulative_reward: -1.5700000000000012; invalid_count: 0; positive_reward_count: 0; success_count: 0; episode_count: 0; random_exploration_count: 26; avg_entropy: 1.1875; best_tax_advantage: 0.0; random_action_prob: 0.2463
make_subcorporation -0.01 69
transfer_cash -0.016 40
contribute_for_stock -0.01263157894736842 19
update_start: 4; random_action_prob: 0.2450
update_complete: 4; loss: 0.09999819099903107; cumulative_reward: -1.710000000000001; invalid_count: 0; positive_reward_count: 0; success_count: 0; episode_count: 0; random_exploration_count: 27; avg_entropy: 1.1887; best_tax_advantage: 0.0; random_action_prob: 0.2450
make_subcorporation -0.01 66
transfer_cash -0.018139534883720932 43
contribute_for_stock -0.014210526315789474 19
update_start: 5; random_action_prob: 0.2438
update_complete: 5; loss: 0.1032122125228246; cumulative_reward: -0.530000000000001; invalid_count: 0; positive_reward_count: 2; success_count: 1; episode_count: 1; random_exploration_count: 23; avg_entropy: 1.1603; best_tax_advantage: 35.0; random_action_prob: 0.2438
make_subcorporation -0.009852941176470589 68
transfer_cash 0.009024390243902438 41
contribute_for_stock -0.012105263157894737 19
update_start: 6; random_action_prob: 0.2426
update_complete: 6; loss: 0.038242568572362266; cumulative_reward: -1.5000000000000009; invalid_count: 0; positive_reward_count: 0; success_count: 0; episode_count: 0; random_exploration_count: 35; avg_entropy: 1.2741; best_tax_advantage: 0.0; random_action_prob: 0.2426
make_subcorporation -0.009852941176470589 68
transfer_cash -0.015945945945945946 37
contribute_for_stock -0.010434782608695651 23
update_start: 7; random_action_prob: 0.2414
update_complete: 7; loss: 0.036746978759765625; cumulative_reward: -1.460000000000001; invalid_count: 0; positive_reward_count: 0; success_count: 0; episode_count: 0; random_exploration_count: 29; avg_entropy: 1.3517; best_tax_advantage: 0.0; random_action_prob: 0.2414
make_subcorporation -0.01 63
transfer_cash -0.014090909090909091 44
contribute_for_stock -0.01 21
update_start: 8; random_action_prob: 0.2402
update_complete: 8; loss: 0.06310567011435826; cumulative_reward: 0.6899999999999994; invalid_count: 0; positive_reward_count: 4; success_count: 2; episode_count: 2; random_exploration_count: 30; avg_entropy: 1.4469; best_tax_advantage: 35.0; random_action_prob: 0.2402
make_subcorporation -0.009846153846153846 65
transfer_cash 0.052 30
contribute_for_stock -0.00696969696969697 33
update_start: 9; random_action_prob: 0.2390
update_complete: 9; loss: 0.04220663011074066; cumulative_reward: -1.0600000000000007; invalid_count: 0; positive_reward_count: 0; success_count: 0; episode_count: 0; random_exploration_count: 30; avg_entropy: 1.4060; best_tax_advantage: 0.0; random_action_prob: 0.2390
make_subcorporation -0.009864864864864865 74
transfer_cash -0.0075 16
contribute_for_stock -0.005526315789473684 38
update_start: 10; random_action_prob: 0.2378
update_complete: 10; loss: 0.06110052143534025; cumulative_reward: -1.0300000000000007; invalid_count: 0; positive_reward_count: 0; success_count: 0; episode_count: 0; random_exploration_count: 30; avg_entropy: 1.2426; best_tax_advantage: 0.0; random_action_prob: 0.2378
make_subcorporation -0.01 72
transfer_cash -0.007083333333333334 24
contribute_for_stock -0.004375 32
update_start: 11; random_action_prob: 0.2366
update_complete: 11; loss: 0.10323957602183025; cumulative_reward: 0.039999999999999314; invalid_count: 0; positive_reward_count: 2; success_count: 1; episode_count: 1; random_exploration_count: 23; avg_entropy: 1.1113; best_tax_advantage: 35.0; random_action_prob: 0.2366
make_subcorporation -0.01 75
transfer_cash 0.035833333333333335 24
contribute_for_stock -0.002413793103448276 29
update_start: 12; random_action_prob: 0.2354
update_complete: 12; loss: 0.11271008724967639; cumulative_reward: -0.9800000000000006; invalid_count: 0; positive_reward_count: 0; success_count: 0; episode_count: 0; random_exploration_count: 29; avg_entropy: 1.2041; best_tax_advantage: 0.0; random_action_prob: 0.2354
make_subcorporation -0.009868421052631578 76
transfer_cash -0.0033333333333333335 21
contribute_for_stock -0.005161290322580645 31
update_start: 13; random_action_prob: 0.2342
update_complete: 13; loss: 0.049275978157917656; cumulative_reward: -1.1400000000000008; invalid_count: 0; positive_reward_count: 0; success_count: 0; episode_count: 0; random_exploration_count: 34; avg_entropy: 1.2725; best_tax_advantage: 0.0; random_action_prob: 0.2342
make_subcorporation -0.01 72
transfer_cash -0.011250000000000001 24
contribute_for_stock -0.0046875 32
update_start: 14; random_action_prob: 0.2331
update_complete: 14; loss: -0.028343858818213146; cumulative_reward: -0.9300000000000006; invalid_count: 0; positive_reward_count: 0; success_count: 0; episode_count: 0; random_exploration_count: 39; avg_entropy: 1.3429; best_tax_advantage: 0.0; random_action_prob: 0.2331
make_subcorporation -0.009863013698630137 73
transfer_cash -0.004137931034482759 29
contribute_for_stock -0.003461538461538461 26
update_start: 15; random_action_prob: 0.2319
update_complete: 15; loss: 0.04572267333666483; cumulative_reward: -0.9000000000000006; invalid_count: 0; positive_reward_count: 0; success_count: 0; episode_count: 0; random_exploration_count: 31; avg_entropy: 1.1172; best_tax_advantage: 0.0; random_action_prob: 0.2319
make_subcorporation -0.01 75
transfer_cash -0.002380952380952381 42
contribute_for_stock -0.004545454545454546 11
update_start: 16; random_action_prob: 0.2307
update_complete: 16; loss: 0.08370648324489594; cumulative_reward: -0.8000000000000005; invalid_count: 0; positive_reward_count: 0; success_count: 0; episode_count: 0; random_exploration_count: 30; avg_entropy: 1.0677; best_tax_advantage: 0.0; random_action_prob: 0.2307
make_subcorporation -0.009864864864864865 74
transfer_cash -0.001794871794871795 39
contribute_for_stock 0.0 15
update_start: 17; random_action_prob: 0.2296
update_complete: 17; loss: 0.0031167777876059213; cumulative_reward: -0.8300000000000004; invalid_count: 0; positive_reward_count: 0; success_count: 0; episode_count: 0; random_exploration_count: 37; avg_entropy: 1.0284; best_tax_advantage: 0.0; random_action_prob: 0.2296
make_subcorporation -0.01 72
transfer_cash -0.0015217391304347828 46
contribute_for_stock -0.004 10
update_start: 18; random_action_prob: 0.2284
update_complete: 18; loss: 0.04980085417628288; cumulative_reward: -0.7900000000000004; invalid_count: 0; positive_reward_count: 0; success_count: 0; episode_count: 0; random_exploration_count: 37; avg_entropy: 1.0117; best_tax_advantage: 0.0; random_action_prob: 0.2284
make_subcorporation -0.01 78
transfer_cash -0.00024390243902439024 41
contribute_for_stock 0.0 9
update_start: 19; random_action_prob: 0.2273
update_complete: 19; loss: 0.06934202710787456; cumulative_reward: -0.8100000000000005; invalid_count: 0; positive_reward_count: 0; success_count: 0; episode_count: 0; random_exploration_count: 28; avg_entropy: 1.1220; best_tax_advantage: 0.0; random_action_prob: 0.2273
make_subcorporation -0.009870129870129871 77
transfer_cash -0.0011764705882352942 34
contribute_for_stock -0.0005882352941176471 17
update_start: 20; random_action_prob: 0.2262
update_complete: 20; loss: 0.04783383881052335; cumulative_reward: -0.8100000000000005; invalid_count: 0; positive_reward_count: 0; success_count: 0; episode_count: 0; random_exploration_count: 22; avg_entropy: 1.1025; best_tax_advantage: 0.0; random_action_prob: 0.2262
make_subcorporation -0.01 81
transfer_cash 0.0 30
contribute_for_stock 0.0 17
update_start: 21; random_action_prob: 0.2250
update_complete: 21; loss: 0.08693575362364452; cumulative_reward: -0.8500000000000005; invalid_count: 0; positive_reward_count: 0; success_count: 0; episode_count: 0; random_exploration_count: 26; avg_entropy: 1.1271; best_tax_advantage: 0.0; random_action_prob: 0.2250
make_subcorporation -0.00988235294117647 85
transfer_cash 0.0 21
contribute_for_stock -0.00045454545454545455 22
update_start: 22; random_action_prob: 0.2239
update_complete: 22; loss: -0.0183979074160258; cumulative_reward: -0.8300000000000005; invalid_count: 0; positive_reward_count: 0; success_count: 0; episode_count: 0; random_exploration_count: 28; avg_entropy: 1.2142; best_tax_advantage: 0.0; random_action_prob: 0.2239
make_subcorporation -0.01 75
transfer_cash -0.0022222222222222222 27
contribute_for_stock -0.0007692307692307692 26
update_start: 23; random_action_prob: 0.2228
update_complete: 23; loss: -0.025350103775660198; cumulative_reward: -0.8200000000000005; invalid_count: 0; positive_reward_count: 0; success_count: 0; episode_count: 0; random_exploration_count: 32; avg_entropy: 1.2722; best_tax_advantage: 0.0; random_action_prob: 0.2228
make_subcorporation -0.009875 80
transfer_cash -0.0012 25
contribute_for_stock 0.0 23
update_start: 24; random_action_prob: 0.2217
update_complete: 24; loss: -0.025933198630809784; cumulative_reward: -0.9600000000000006; invalid_count: 0; positive_reward_count: 0; success_count: 0; episode_count: 0; random_exploration_count: 27; avg_entropy: 1.4827; best_tax_advantage: 0.0; random_action_prob: 0.2217
make_subcorporation -0.01 75
transfer_cash -0.005666666666666667 30
contribute_for_stock -0.0017391304347826088 23
update_start: 25; random_action_prob: 0.2206
update_complete: 25; loss: -0.032392735282580055; cumulative_reward: -1.0800000000000005; invalid_count: 0; positive_reward_count: 0; success_count: 0; episode_count: 0; random_exploration_count: 25; avg_entropy: 1.4721; best_tax_advantage: 0.0; random_action_prob: 0.2206
make_subcorporation -0.009868421052631578 76
transfer_cash -0.008125 32
contribute_for_stock -0.0035000000000000005 20
update_start: 26; random_action_prob: 0.2195
update_complete: 26; loss: 0.005711729327837626; cumulative_reward: 0.06999999999999967; invalid_count: 0; positive_reward_count: 1; success_count: 1; episode_count: 1; random_exploration_count: 28; avg_entropy: 1.4634; best_tax_advantage: 35.0; random_action_prob: 0.2195
make_subcorporation -0.009864864864864865 74
transfer_cash 0.02175 40
contribute_for_stock -0.005 14
update_start: 27; random_action_prob: 0.2184
update_complete: 27; loss: -0.025648977607488632; cumulative_reward: -0.8000000000000005; invalid_count: 0; positive_reward_count: 0; success_count: 0; episode_count: 0; random_exploration_count: 29; avg_entropy: 1.4206; best_tax_advantage: 0.0; random_action_prob: 0.2184
make_subcorporation -0.01 75
transfer_cash -0.0010416666666666667 48
contribute_for_stock 0.0 5
update_start: 28; random_action_prob: 0.2173
update_complete: 28; loss: -0.0034139913817246756; cumulative_reward: 1.2199999999999993; invalid_count: 0; positive_reward_count: 2; success_count: 2; episode_count: 2; random_exploration_count: 22; avg_entropy: 1.4147; best_tax_advantage: 35.0; random_action_prob: 0.2173
make_subcorporation -0.00974025974025974 77
transfer_cash 0.08652173913043479 23
contribute_for_stock -0.0007142857142857143 28
update_start: 29; random_action_prob: 0.2162
update_complete: 29; loss: 0.025868352502584457; cumulative_reward: -0.8700000000000006; invalid_count: 0; positive_reward_count: 0; success_count: 0; episode_count: 0; random_exploration_count: 24; avg_entropy: 1.3295; best_tax_advantage: 0.0; random_action_prob: 0.2162
make_subcorporation -0.009870129870129871 77
transfer_cash -0.005384615384615385 13
contribute_for_stock -0.0010526315789473684 38
update_start: 30; random_action_prob: 0.2151
update_complete: 30; loss: 0.027085769921541214; cumulative_reward: -0.8000000000000005; invalid_count: 0; positive_reward_count: 0; success_count: 0; episode_count: 0; random_exploration_count: 19; avg_entropy: 1.0685; best_tax_advantage: 0.0; random_action_prob: 0.2151
make_subcorporation -0.009873417721518988 79
transfer_cash -0.0014285714285714286 7
contribute_for_stock -0.0002380952380952381 42
update_start: 31; random_action_prob: 0.2140
update_complete: 31; loss: 0.016010265797376633; cumulative_reward: -0.7800000000000005; invalid_count: 0; positive_reward_count: 0; success_count: 0; episode_count: 0; random_exploration_count: 29; avg_entropy: 0.9951; best_tax_advantage: 0.0; random_action_prob: 0.2140
make_subcorporation -0.01 78
transfer_cash 0.0 6
contribute_for_stock 0.0 44
update_start: 32; random_action_prob: 0.2130
update_complete: 32; loss: 0.004851064334313075; cumulative_reward: -0.7300000000000004; invalid_count: 0; positive_reward_count: 0; success_count: 0; episode_count: 0; random_exploration_count: 26; avg_entropy: 0.9360; best_tax_advantage: 0.0; random_action_prob: 0.2130
make_subcorporation -0.009864864864864865 74
transfer_cash 0.0 8
contribute_for_stock 0.0 46
update_start: 33; random_action_prob: 0.2119
update_complete: 33; loss: 0.07209533949693044; cumulative_reward: -0.8300000000000005; invalid_count: 0; positive_reward_count: 0; success_count: 0; episode_count: 0; random_exploration_count: 26; avg_entropy: 0.9343; best_tax_advantage: 0.0; random_action_prob: 0.2119
make_subcorporation -0.01 75
transfer_cash -0.006666666666666666 9
contribute_for_stock -0.00045454545454545455 44
update_start: 34; random_action_prob: 0.2108
update_complete: 34; loss: 0.05275163302818934; cumulative_reward: -0.7400000000000004; invalid_count: 0; positive_reward_count: 0; success_count: 0; episode_count: 0; random_exploration_count: 24; avg_entropy: 0.7950; best_tax_advantage: 0.0; random_action_prob: 0.2108
make_subcorporation -0.009864864864864865 74
transfer_cash -0.0011111111111111111 9
contribute_for_stock 0.0 45
update_start: 35; random_action_prob: 0.2098
update_complete: 35; loss: 0.13195490340391794; cumulative_reward: -0.8000000000000005; invalid_count: 0; positive_reward_count: 0; success_count: 0; episode_count: 0; random_exploration_count: 35; avg_entropy: 0.9201; best_tax_advantage: 0.0; random_action_prob: 0.2098
make_subcorporation -0.01 72
transfer_cash -0.004 10
contribute_for_stock -0.0008695652173913044 46
update_start: 36; random_action_prob: 0.2087
update_complete: 36; loss: 0.07644195978840192; cumulative_reward: -0.7500000000000004; invalid_count: 0; positive_reward_count: 0; success_count: 0; episode_count: 0; random_exploration_count: 34; avg_entropy: 0.9486; best_tax_advantage: 0.0; random_action_prob: 0.2087
make_subcorporation -0.009863013698630137 73
transfer_cash -0.003 10
contribute_for_stock 0.0 45
update_start: 37; random_action_prob: 0.2077
update_complete: 37; loss: 0.04430395240585009; cumulative_reward: -0.7400000000000004; invalid_count: 0; positive_reward_count: 0; success_count: 0; episode_count: 0; random_exploration_count: 28; avg_entropy: 1.0006; best_tax_advantage: 0.0; random_action_prob: 0.2077
make_subcorporation -0.009864864864864865 74
transfer_cash -0.000625 16
contribute_for_stock 0.0 38
update_start: 38; random_action_prob: 0.2066
update_complete: 38; loss: 0.038563585529724755; cumulative_reward: -0.7500000000000004; invalid_count: 0; positive_reward_count: 0; success_count: 0; episode_count: 0; random_exploration_count: 31; avg_entropy: 0.9580; best_tax_advantage: 0.0; random_action_prob: 0.2066
make_subcorporation -0.01 75
transfer_cash 0.0 12
contribute_for_stock 0.0 41
update_start: 39; random_action_prob: 0.2056
update_complete: 39; loss: 0.0288601852953434; cumulative_reward: -0.7700000000000005; invalid_count: 0; positive_reward_count: 0; success_count: 0; episode_count: 0; random_exploration_count: 24; avg_entropy: 0.9252; best_tax_advantage: 0.0; random_action_prob: 0.2056
make_subcorporation -0.01 75
transfer_cash -0.0008333333333333334 12
contribute_for_stock -0.00024390243902439024 41
update_start: 40; random_action_prob: 0.2046
update_complete: 40; loss: 0.07975920538107555; cumulative_reward: -0.7800000000000005; invalid_count: 0; positive_reward_count: 0; success_count: 0; episode_count: 0; random_exploration_count: 32; avg_entropy: 1.0394; best_tax_advantage: 0.0; random_action_prob: 0.2046
make_subcorporation -0.01 75
transfer_cash -0.00125 24
contribute_for_stock 0.0 29
update_start: 41; random_action_prob: 0.2036
update_complete: 41; loss: 0.0002478087941805522; cumulative_reward: -0.7700000000000005; invalid_count: 0; positive_reward_count: 0; success_count: 0; episode_count: 0; random_exploration_count: 24; avg_entropy: 0.9071; best_tax_advantage: 0.0; random_action_prob: 0.2036
make_subcorporation -0.01 75
transfer_cash -0.0004347826086956522 23
contribute_for_stock -0.0003333333333333333 30
update_start: 42; random_action_prob: 0.2025
update_complete: 42; loss: -0.019516843060652416; cumulative_reward: -0.7800000000000004; invalid_count: 0; positive_reward_count: 0; success_count: 0; episode_count: 0; random_exploration_count: 31; avg_entropy: 1.0078; best_tax_advantage: 0.0; random_action_prob: 0.2025
make_subcorporation -0.009863013698630137 73
transfer_cash -0.0006666666666666666 30
contribute_for_stock -0.0016 25
update_start: 43; random_action_prob: 0.2015
update_complete: 43; loss: 0.04917166754603386; cumulative_reward: -0.7300000000000004; invalid_count: 0; positive_reward_count: 0; success_count: 0; episode_count: 0; random_exploration_count: 33; avg_entropy: 0.9317; best_tax_advantage: 0.0; random_action_prob: 0.2015
make_subcorporation -0.009864864864864865 74
transfer_cash 0.0 22
contribute_for_stock 0.0 32
update_start: 44; random_action_prob: 0.2005
update_complete: 44; loss: -0.023400431498885155; cumulative_reward: -0.7500000000000004; invalid_count: 0; positive_reward_count: 0; success_count: 0; episode_count: 0; random_exploration_count: 24; avg_entropy: 0.9159; best_tax_advantage: 0.0; random_action_prob: 0.2005
make_subcorporation -0.01 75
transfer_cash 0.0 17
contribute_for_stock 0.0 36
update_start: 45; random_action_prob: 0.1995
update_complete: 45; loss: 0.03535752991835276; cumulative_reward: -0.7400000000000004; invalid_count: 0; positive_reward_count: 0; success_count: 0; episode_count: 0; random_exploration_count: 30; avg_entropy: 0.9164; best_tax_advantage: 0.0; random_action_prob: 0.1995
make_subcorporation -0.009864864864864865 74
transfer_cash -0.0007142857142857143 14
contribute_for_stock 0.0 40
update_start: 46; random_action_prob: 0.1985
update_complete: 46; loss: -0.002295584107438723; cumulative_reward: -0.7500000000000004; invalid_count: 0; positive_reward_count: 0; success_count: 0; episode_count: 0; random_exploration_count: 22; avg_entropy: 0.8006; best_tax_advantage: 0.0; random_action_prob: 0.1985
make_subcorporation -0.01 75
transfer_cash 0.0 10
contribute_for_stock 0.0 43
update_start: 47; random_action_prob: 0.1975
update_complete: 47; loss: 0.023891689876715343; cumulative_reward: -0.7600000000000005; invalid_count: 0; positive_reward_count: 0; success_count: 0; episode_count: 0; random_exploration_count: 24; avg_entropy: 0.8492; best_tax_advantage: 0.0; random_action_prob: 0.1975
make_subcorporation -0.009870129870129871 77
transfer_cash 0.0 11
contribute_for_stock 0.0 40
update_start: 48; random_action_prob: 0.1965
update_complete: 48; loss: -0.010311858107646307; cumulative_reward: -0.7600000000000005; invalid_count: 0; positive_reward_count: 0; success_count: 0; episode_count: 0; random_exploration_count: 22; avg_entropy: 0.8812; best_tax_advantage: 0.0; random_action_prob: 0.1965
make_subcorporation -0.009863013698630137 73
transfer_cash -0.0013333333333333333 15
contribute_for_stock -0.0005 40
update_start: 49; random_action_prob: 0.1956
update_complete: 49; loss: 0.022959021230538685; cumulative_reward: -0.7500000000000004; invalid_count: 0; positive_reward_count: 0; success_count: 0; episode_count: 0; random_exploration_count: 28; avg_entropy: 0.9049; best_tax_advantage: 0.0; random_action_prob: 0.1956
make_subcorporation -0.01 75
transfer_cash 0.0 17
contribute_for_stock 0.0 36
update_start: 50; random_action_prob: 0.1946
update_complete: 50; loss: 0.26672227183977765; cumulative_reward: -0.7300000000000004; invalid_count: 0; positive_reward_count: 0; success_count: 0; episode_count: 0; random_exploration_count: 27; avg_entropy: 0.9598; best_tax_advantage: 0.0; random_action_prob: 0.1946
make_subcorporation -0.009864864864864865 74
transfer_cash 0.0 10
contribute_for_stock 0.0 44
update_start: 51; random_action_prob: 0.1936
update_complete: 51; loss: 0.051320930322011314; cumulative_reward: -0.7600000000000005; invalid_count: 0; positive_reward_count: 0; success_count: 0; episode_count: 0; random_exploration_count: 21; avg_entropy: 0.9921; best_tax_advantage: 0.0; random_action_prob: 0.1936
make_subcorporation -0.01 75
transfer_cash -0.00045454545454545455 22
contribute_for_stock 0.0 31
update_start: 52; random_action_prob: 0.1926
update_complete: 52; loss: 0.0650813952088356; cumulative_reward: -0.7500000000000004; invalid_count: 0; positive_reward_count: 0; success_count: 0; episode_count: 0; random_exploration_count: 20; avg_entropy: 0.9765; best_tax_advantage: 0.0; random_action_prob: 0.1926
make_subcorporation -0.01 75
transfer_cash 0.0 31
contribute_for_stock 0.0 22
update_start: 53; random_action_prob: 0.1917
update_complete: 53; loss: -0.023270463570952415; cumulative_reward: -0.7500000000000004; invalid_count: 0; positive_reward_count: 0; success_count: 0; episode_count: 0; random_exploration_count: 19; avg_entropy: 0.9648; best_tax_advantage: 0.0; random_action_prob: 0.1917
make_subcorporation -0.01 75
transfer_cash 0.0 20
contribute_for_stock 0.0 33
update_start: 54; random_action_prob: 0.1907
update_complete: 54; loss: -0.022147440661986668; cumulative_reward: -0.7500000000000004; invalid_count: 0; positive_reward_count: 0; success_count: 0; episode_count: 0; random_exploration_count: 18; avg_entropy: 0.9743; best_tax_advantage: 0.0; random_action_prob: 0.1907
make_subcorporation -0.01 75
transfer_cash 0.0 20
contribute_for_stock 0.0 33
update_start: 55; random_action_prob: 0.1898
update_complete: 55; loss: 0.011059588442246119; cumulative_reward: -0.7600000000000005; invalid_count: 0; positive_reward_count: 0; success_count: 0; episode_count: 0; random_exploration_count: 18; avg_entropy: 0.9005; best_tax_advantage: 0.0; random_action_prob: 0.1898
make_subcorporation -0.01 75
transfer_cash -0.0008333333333333334 12
contribute_for_stock 0.0 41
update_start: 56; random_action_prob: 0.1888
update_complete: 56; loss: 0.0703762670358022; cumulative_reward: -0.7700000000000005; invalid_count: 0; positive_reward_count: 0; success_count: 0; episode_count: 0; random_exploration_count: 27; avg_entropy: 1.0380; best_tax_advantage: 0.0; random_action_prob: 0.1888
make_subcorporation -0.01 75
transfer_cash -0.0011764705882352942 17
contribute_for_stock 0.0 36
update_start: 57; random_action_prob: 0.1879
update_complete: 57; loss: 0.023647940407196682; cumulative_reward: -0.7500000000000004; invalid_count: 0; positive_reward_count: 0; success_count: 0; episode_count: 0; random_exploration_count: 24; avg_entropy: 0.9756; best_tax_advantage: 0.0; random_action_prob: 0.1879
make_subcorporation -0.01 75
transfer_cash 0.0 16
contribute_for_stock 0.0 37
update_start: 58; random_action_prob: 0.1869
update_complete: 58; loss: -0.012669005120793978; cumulative_reward: -0.7400000000000004; invalid_count: 0; positive_reward_count: 0; success_count: 0; episode_count: 0; random_exploration_count: 24; avg_entropy: 1.0338; best_tax_advantage: 0.0; random_action_prob: 0.1869
make_subcorporation -0.01 72
transfer_cash -0.0005555555555555556 18
contribute_for_stock -0.0002631578947368421 38
update_start: 59; random_action_prob: 0.1860
update_complete: 59; loss: 0.03259184335668882; cumulative_reward: -0.7500000000000004; invalid_count: 0; positive_reward_count: 0; success_count: 0; episode_count: 0; random_exploration_count: 28; avg_entropy: 0.9613; best_tax_advantage: 0.0; random_action_prob: 0.1860
make_subcorporation -0.01 75
transfer_cash 0.0 12
contribute_for_stock 0.0 41
update_start: 60; random_action_prob: 0.1851
update_complete: 60; loss: -0.0005123652517795563; cumulative_reward: -0.7000000000000004; invalid_count: 0; positive_reward_count: 0; success_count: 0; episode_count: 0; random_exploration_count: 21; avg_entropy: 1.0711; best_tax_advantage: 0.0; random_action_prob: 0.1851
make_subcorporation -0.01 69
transfer_cash -0.0004761904761904762 21
contribute_for_stock 0.0 38
update_start: 61; random_action_prob: 0.1841
update_complete: 61; loss: -0.009603223452965418; cumulative_reward: -0.7200000000000004; invalid_count: 0; positive_reward_count: 0; success_count: 0; episode_count: 0; random_exploration_count: 21; avg_entropy: 1.0936; best_tax_advantage: 0.0; random_action_prob: 0.1841
make_subcorporation -0.009863013698630137 73
transfer_cash 0.0 15
contribute_for_stock 0.0 40
update_start: 62; random_action_prob: 0.1832
update_complete: 62; loss: -0.016533054411411285; cumulative_reward: -0.7700000000000005; invalid_count: 0; positive_reward_count: 0; success_count: 0; episode_count: 0; random_exploration_count: 26; avg_entropy: 1.1566; best_tax_advantage: 0.0; random_action_prob: 0.1832
make_subcorporation -0.009863013698630137 73
transfer_cash -0.0013333333333333333 15
contribute_for_stock -0.00075 40
update_start: 63; random_action_prob: 0.1823
update_complete: 63; loss: 0.02913755550980568; cumulative_reward: -0.7200000000000004; invalid_count: 0; positive_reward_count: 0; success_count: 0; episode_count: 0; random_exploration_count: 19; avg_entropy: 1.2218; best_tax_advantage: 0.0; random_action_prob: 0.1823
make_subcorporation -0.009859154929577466 71
transfer_cash 0.0 15
contribute_for_stock -0.0004761904761904762 42
update_start: 64; random_action_prob: 0.1814
update_complete: 64; loss: -0.03108173484603564; cumulative_reward: -0.6700000000000004; invalid_count: 0; positive_reward_count: 0; success_count: 0; episode_count: 0; random_exploration_count: 28; avg_entropy: 1.2550; best_tax_advantage: 0.0; random_action_prob: 0.1814
make_subcorporation -0.01 66
transfer_cash -0.0005263157894736842 19
contribute_for_stock 0.0 43
update_start: 65; random_action_prob: 0.1805
update_complete: 65; loss: -0.02438859020670255; cumulative_reward: -0.7500000000000004; invalid_count: 0; positive_reward_count: 0; success_count: 0; episode_count: 0; random_exploration_count: 17; avg_entropy: 1.2077; best_tax_advantage: 0.0; random_action_prob: 0.1805
make_subcorporation -0.01 72
transfer_cash -0.0005 20
contribute_for_stock -0.0005555555555555556 36
update_start: 66; random_action_prob: 0.1796
update_complete: 66; loss: 0.04708015422026316; cumulative_reward: -0.8000000000000005; invalid_count: 0; positive_reward_count: 0; success_count: 0; episode_count: 0; random_exploration_count: 21; avg_entropy: 1.0886; best_tax_advantage: 0.0; random_action_prob: 0.1796
make_subcorporation -0.01 75
transfer_cash -0.0022222222222222222 18
contribute_for_stock -0.00028571428571428574 35
update_start: 67; random_action_prob: 0.1787
update_complete: 67; loss: -0.043556450555721916; cumulative_reward: -0.7300000000000004; invalid_count: 0; positive_reward_count: 0; success_count: 0; episode_count: 0; random_exploration_count: 14; avg_entropy: 0.9892; best_tax_advantage: 0.0; random_action_prob: 0.1787
make_subcorporation -0.009864864864864865 74
transfer_cash 0.0 17
contribute_for_stock 0.0 37
update_start: 68; random_action_prob: 0.1778
update_complete: 68; loss: 0.0028893028696378074; cumulative_reward: -0.7400000000000004; invalid_count: 0; positive_reward_count: 0; success_count: 0; episode_count: 0; random_exploration_count: 21; avg_entropy: 1.0391; best_tax_advantage: 0.0; random_action_prob: 0.1778
make_subcorporation -0.009863013698630137 73
transfer_cash -0.0010526315789473684 19
contribute_for_stock 0.0 36
update_start: 69; random_action_prob: 0.1769
update_complete: 69; loss: -0.036917589604854584; cumulative_reward: -0.8700000000000004; invalid_count: 0; positive_reward_count: 0; success_count: 0; episode_count: 0; random_exploration_count: 27; avg_entropy: 1.0098; best_tax_advantage: 0.0; random_action_prob: 0.1769
make_subcorporation -0.009863013698630137 73
transfer_cash -0.009090909090909092 11
contribute_for_stock -0.0011363636363636365 44
update_start: 70; random_action_prob: 0.1760
update_complete: 70; loss: 0.007596994439760844; cumulative_reward: -0.7600000000000005; invalid_count: 0; positive_reward_count: 0; success_count: 0; episode_count: 0; random_exploration_count: 22; avg_entropy: 0.9143; best_tax_advantage: 0.0; random_action_prob: 0.1760
make_subcorporation -0.01 72
transfer_cash -0.0022222222222222222 9
contribute_for_stock -0.000425531914893617 47
update_start: 71; random_action_prob: 0.1751
update_complete: 71; loss: 0.03817120442787806; cumulative_reward: -0.8100000000000005; invalid_count: 0; positive_reward_count: 0; success_count: 0; episode_count: 0; random_exploration_count: 19; avg_entropy: 0.9078; best_tax_advantage: 0.0; random_action_prob: 0.1751
make_subcorporation -0.01 75
transfer_cash -0.0025 12
contribute_for_stock -0.0007317073170731707 41
update_start: 72; random_action_prob: 0.1743
update_complete: 72; loss: -0.002630350490411123; cumulative_reward: -0.8100000000000005; invalid_count: 0; positive_reward_count: 0; success_count: 0; episode_count: 0; random_exploration_count: 25; avg_entropy: 0.9976; best_tax_advantage: 0.0; random_action_prob: 0.1743
make_subcorporation -0.01 75
transfer_cash -0.0014285714285714286 7
contribute_for_stock -0.0010869565217391304 46
update_start: 73; random_action_prob: 0.1734
update_complete: 73; loss: -0.03163301137586435; cumulative_reward: -0.7700000000000005; invalid_count: 0; positive_reward_count: 0; success_count: 0; episode_count: 0; random_exploration_count: 23; avg_entropy: 0.9778; best_tax_advantage: 0.0; random_action_prob: 0.1734
make_subcorporation -0.01 72
transfer_cash -0.004 10
contribute_for_stock -0.0002173913043478261 46
update_start: 74; random_action_prob: 0.1725
update_complete: 74; loss: 0.020063253740469616; cumulative_reward: -0.8400000000000005; invalid_count: 0; positive_reward_count: 0; success_count: 0; episode_count: 0; random_exploration_count: 23; avg_entropy: 1.0926; best_tax_advantage: 0.0; random_action_prob: 0.1725
make_subcorporation -0.01 75
transfer_cash -0.0023529411764705885 17
contribute_for_stock -0.001388888888888889 36
update_start: 75; random_action_prob: 0.1717
update_complete: 75; loss: 0.03302000090479851; cumulative_reward: -0.7700000000000005; invalid_count: 0; positive_reward_count: 0; success_count: 0; episode_count: 0; random_exploration_count: 20; avg_entropy: 1.1536; best_tax_advantage: 0.0; random_action_prob: 0.1717
make_subcorporation -0.009863013698630137 73
transfer_cash -0.0013333333333333333 15
contribute_for_stock -0.00075 40
update_start: 76; random_action_prob: 0.1708
update_complete: 76; loss: -0.0003873668611049652; cumulative_reward: -0.7700000000000005; invalid_count: 0; positive_reward_count: 0; success_count: 0; episode_count: 0; random_exploration_count: 29; avg_entropy: 1.3152; best_tax_advantage: 0.0; random_action_prob: 0.1708
make_subcorporation -0.01 75
transfer_cash -0.0005 20
contribute_for_stock -0.00030303030303030303 33
update_start: 77; random_action_prob: 0.1699
update_complete: 77; loss: -0.0394897535443306; cumulative_reward: -0.7600000000000005; invalid_count: 0; positive_reward_count: 0; success_count: 0; episode_count: 0; random_exploration_count: 24; avg_entropy: 1.3806; best_tax_advantage: 0.0; random_action_prob: 0.1699
make_subcorporation -0.01 75
transfer_cash 0.0 26
contribute_for_stock -0.00037037037037037035 27
update_start: 78; random_action_prob: 0.1691
update_complete: 78; loss: -0.03781675919890404; cumulative_reward: -0.9600000000000005; invalid_count: 0; positive_reward_count: 0; success_count: 0; episode_count: 0; random_exploration_count: 18; avg_entropy: 1.4778; best_tax_advantage: 0.0; random_action_prob: 0.1691
make_subcorporation -0.009864864864864865 74
transfer_cash -0.005 24
contribute_for_stock -0.0036666666666666666 30
update_start: 79; random_action_prob: 0.1683
update_complete: 79; loss: -0.06255096818010013; cumulative_reward: -1.2900000000000007; invalid_count: 0; positive_reward_count: 0; success_count: 0; episode_count: 0; random_exploration_count: 15; avg_entropy: 1.6236; best_tax_advantage: 0.0; random_action_prob: 0.1683
make_subcorporation -0.01 72
transfer_cash -0.009000000000000001 30
contribute_for_stock -0.011538461538461537 26
update_start: 80; random_action_prob: 0.1674
update_complete: 80; loss: 0.004801802337169647; cumulative_reward: -0.8900000000000006; invalid_count: 0; positive_reward_count: 0; success_count: 0; episode_count: 0; random_exploration_count: 30; avg_entropy: 1.4492; best_tax_advantage: 0.0; random_action_prob: 0.1674
make_subcorporation -0.01 72
transfer_cash -0.0036363636363636364 33
contribute_for_stock -0.002173913043478261 23
update_start: 81; random_action_prob: 0.1666
update_complete: 81; loss: -0.03473098327716192; cumulative_reward: -0.8800000000000004; invalid_count: 0; positive_reward_count: 0; success_count: 0; episode_count: 0; random_exploration_count: 16; avg_entropy: 1.2550; best_tax_advantage: 0.0; random_action_prob: 0.1666
make_subcorporation -0.009863013698630137 73
transfer_cash -0.0035135135135135136 37
contribute_for_stock -0.0016666666666666666 18
update_start: 82; random_action_prob: 0.1657
update_complete: 82; loss: -0.007854845374822617; cumulative_reward: -0.8300000000000004; invalid_count: 0; positive_reward_count: 0; success_count: 0; episode_count: 0; random_exploration_count: 19; avg_entropy: 1.2050; best_tax_advantage: 0.0; random_action_prob: 0.1657
make_subcorporation -0.01 75
transfer_cash -0.0014705882352941176 34
contribute_for_stock -0.0015789473684210526 19
update_start: 83; random_action_prob: 0.1649
update_complete: 83; loss: -0.04500137269496918; cumulative_reward: -1.2200000000000009; invalid_count: 0; positive_reward_count: 0; success_count: 0; episode_count: 0; random_exploration_count: 21; avg_entropy: 1.4758; best_tax_advantage: 0.0; random_action_prob: 0.1649
make_subcorporation -0.009859154929577466 71
transfer_cash -0.008292682926829269 41
contribute_for_stock -0.01125 16
update_start: 84; random_action_prob: 0.1641
update_complete: 84; loss: -0.06062287092208862; cumulative_reward: -1.1800000000000008; invalid_count: 0; positive_reward_count: 0; success_count: 0; episode_count: 0; random_exploration_count: 21; avg_entropy: 1.4186; best_tax_advantage: 0.0; random_action_prob: 0.1641
make_subcorporation -0.009864864864864865 74
transfer_cash -0.008837209302325582 43
contribute_for_stock -0.006363636363636364 11
update_start: 85; random_action_prob: 0.1633
update_complete: 85; loss: -0.07403230915466945; cumulative_reward: -1.0500000000000007; invalid_count: 0; positive_reward_count: 0; success_count: 0; episode_count: 0; random_exploration_count: 13; avg_entropy: 1.3832; best_tax_advantage: 0.0; random_action_prob: 0.1633
make_subcorporation -0.01 75
transfer_cash -0.005333333333333333 45
contribute_for_stock -0.0075 8
update_start: 86; random_action_prob: 0.1625
update_complete: 86; loss: -0.029741926739613216; cumulative_reward: -1.0300000000000007; invalid_count: 0; positive_reward_count: 0; success_count: 0; episode_count: 0; random_exploration_count: 18; avg_entropy: 1.4397; best_tax_advantage: 0.0; random_action_prob: 0.1625
make_subcorporation -0.009864864864864865 74
transfer_cash -0.005142857142857143 35
contribute_for_stock -0.00631578947368421 19
update_start: 87; random_action_prob: 0.1616
update_complete: 87; loss: 0.027192772676547367; cumulative_reward: -0.8500000000000004; invalid_count: 0; positive_reward_count: 0; success_count: 0; episode_count: 0; random_exploration_count: 20; avg_entropy: 1.3027; best_tax_advantage: 0.0; random_action_prob: 0.1616
make_subcorporation -0.01 75
transfer_cash -0.0016216216216216215 37
contribute_for_stock -0.0025 16
update_start: 88; random_action_prob: 0.1608
update_complete: 88; loss: -0.019821638862291973; cumulative_reward: -0.8200000000000005; invalid_count: 0; positive_reward_count: 0; success_count: 0; episode_count: 0; random_exploration_count: 19; avg_entropy: 1.2656; best_tax_advantage: 0.0; random_action_prob: 0.1608
make_subcorporation -0.009868421052631578 76
transfer_cash -0.0011111111111111111 36
contribute_for_stock -0.001875 16
update_start: 89; random_action_prob: 0.1600
update_complete: 89; loss: -0.018264736980199814; cumulative_reward: -0.8700000000000006; invalid_count: 0; positive_reward_count: 0; success_count: 0; episode_count: 0; random_exploration_count: 16; avg_entropy: 1.3089; best_tax_advantage: 0.0; random_action_prob: 0.1600
make_subcorporation -0.01 75
transfer_cash -0.0024324324324324323 37
contribute_for_stock -0.001875 16
update_start: 90; random_action_prob: 0.1592
update_complete: 90; loss: -0.00809112936258316; cumulative_reward: -0.8000000000000005; invalid_count: 0; positive_reward_count: 0; success_count: 0; episode_count: 0; random_exploration_count: 17; avg_entropy: 1.1553; best_tax_advantage: 0.0; random_action_prob: 0.1592
make_subcorporation -0.009863013698630137 73
transfer_cash -0.0016666666666666668 42
contribute_for_stock -0.0007692307692307692 13
update_start: 91; random_action_prob: 0.1584
update_complete: 91; loss: -0.02433789148926735; cumulative_reward: -0.8700000000000006; invalid_count: 0; positive_reward_count: 0; success_count: 0; episode_count: 0; random_exploration_count: 22; avg_entropy: 1.2011; best_tax_advantage: 0.0; random_action_prob: 0.1584
make_subcorporation -0.01 75
transfer_cash -0.002380952380952381 42
contribute_for_stock -0.0018181818181818182 11
update_start: 92; random_action_prob: 0.1576
update_complete: 92; loss: -0.06272260844707489; cumulative_reward: -0.8200000000000005; invalid_count: 0; positive_reward_count: 0; success_count: 0; episode_count: 0; random_exploration_count: 20; avg_entropy: 1.2650; best_tax_advantage: 0.0; random_action_prob: 0.1576
make_subcorporation -0.009870129870129871 77
transfer_cash -0.0013953488372093023 43
contribute_for_stock 0.0 8
update_start: 93; random_action_prob: 0.1569
update_complete: 93; loss: 0.022298425436019897; cumulative_reward: 0.20999999999999958; invalid_count: 0; positive_reward_count: 1; success_count: 1; episode_count: 1; random_exploration_count: 23; avg_entropy: 1.3422; best_tax_advantage: 35.0; random_action_prob: 0.1569
make_subcorporation -0.009864864864864865 74
transfer_cash 0.02186046511627907 43
contribute_for_stock 0.0 11
update_start: 94; random_action_prob: 0.1561
update_complete: 94; loss: -0.03082849085330963; cumulative_reward: -0.8600000000000005; invalid_count: 0; positive_reward_count: 0; success_count: 0; episode_count: 0; random_exploration_count: 24; avg_entropy: 1.3500; best_tax_advantage: 0.0; random_action_prob: 0.1561
make_subcorporation -0.009870129870129871 77
transfer_cash -0.0023684210526315787 38
contribute_for_stock -0.0007692307692307692 13
update_start: 95; random_action_prob: 0.1553
update_complete: 95; loss: -0.05801494047045708; cumulative_reward: -0.7900000000000005; invalid_count: 0; positive_reward_count: 0; success_count: 0; episode_count: 0; random_exploration_count: 18; avg_entropy: 1.3487; best_tax_advantage: 0.0; random_action_prob: 0.1553
make_subcorporation -0.009868421052631578 76
transfer_cash -0.0010526315789473684 38
contribute_for_stock 0.0 14
update_start: 96; random_action_prob: 0.1545
update_complete: 96; loss: -0.055502972255150475; cumulative_reward: -0.8100000000000005; invalid_count: 0; positive_reward_count: 0; success_count: 0; episode_count: 0; random_exploration_count: 25; avg_entropy: 1.3453; best_tax_advantage: 0.0; random_action_prob: 0.1545
make_subcorporation -0.01 75
transfer_cash -0.0010416666666666667 48
contribute_for_stock -0.002 5
update_start: 97; random_action_prob: 0.1537
update_complete: 97; loss: -0.031617109974225364; cumulative_reward: -0.8200000000000005; invalid_count: 0; positive_reward_count: 0; success_count: 0; episode_count: 0; random_exploration_count: 16; avg_entropy: 1.4222; best_tax_advantage: 0.0; random_action_prob: 0.1537
make_subcorporation -0.01 78
transfer_cash -0.0005128205128205128 39
contribute_for_stock -0.0018181818181818182 11
update_start: 98; random_action_prob: 0.1530
update_complete: 98; loss: -0.06816286593675613; cumulative_reward: -0.7900000000000005; invalid_count: 0; positive_reward_count: 0; success_count: 0; episode_count: 0; random_exploration_count: 16; avg_entropy: 1.3492; best_tax_advantage: 0.0; random_action_prob: 0.1530
make_subcorporation -0.01 78
transfer_cash -0.00025 40
contribute_for_stock 0.0 10
update_start: 99; random_action_prob: 0.1522
update_complete: 99; loss: -0.0484362430870533; cumulative_reward: -0.7600000000000005; invalid_count: 0; positive_reward_count: 0; success_count: 0; episode_count: 0; random_exploration_count: 24; avg_entropy: 1.3996; best_tax_advantage: 0.0; random_action_prob: 0.1522
make_subcorporation -0.009863013698630137 73
transfer_cash -0.0008695652173913044 46
contribute_for_stock 0.0 9
2026-08-07T15:00:41 completed barnes_group run=6 elapsed_seconds=484.49 updates_logged=100
2026-08-07T15:00:41 running barnes_group run=7 seed=1736
env_variant: HardTaxEnv
update_start: 0; random_action_prob: 0.2500
update_complete: 0; loss: 0.6490437934796015; cumulative_reward: -1.4700000000000009; invalid_count: 0; positive_reward_count: 0; success_count: 0; episode_count: 0; random_exploration_count: 27; avg_entropy: 1.1349; best_tax_advantage: 0.0; random_action_prob: 0.2500
make_subcorporation -0.009878048780487805 82
transfer_cash -0.0168 25
contribute_for_stock -0.011428571428571429 21
update_start: 1; random_action_prob: 0.2487
update_complete: 1; loss: 0.3222908526659012; cumulative_reward: -1.420000000000001; invalid_count: 0; positive_reward_count: 0; success_count: 0; episode_count: 0; random_exploration_count: 33; avg_entropy: 1.2661; best_tax_advantage: 0.0; random_action_prob: 0.2487
make_subcorporation -0.01 81
transfer_cash -0.011111111111111112 27
contribute_for_stock -0.0155 20
update_start: 2; random_action_prob: 0.2475
update_complete: 2; loss: 0.5581961373488108; cumulative_reward: -1.4300000000000008; invalid_count: 0; positive_reward_count: 0; success_count: 0; episode_count: 0; random_exploration_count: 32; avg_entropy: 1.2098; best_tax_advantage: 0.0; random_action_prob: 0.2475
make_subcorporation -0.00988235294117647 85
transfer_cash -0.011538461538461537 26
contribute_for_stock -0.017058823529411765 17
update_start: 3; random_action_prob: 0.2463
update_complete: 3; loss: 0.241956889629364; cumulative_reward: -1.300000000000001; invalid_count: 0; positive_reward_count: 0; success_count: 0; episode_count: 0; random_exploration_count: 39; avg_entropy: 1.1977; best_tax_advantage: 0.0; random_action_prob: 0.2463
make_subcorporation -0.009875 80
transfer_cash -0.012142857142857144 28
contribute_for_stock -0.0085 20
update_start: 4; random_action_prob: 0.2450
update_complete: 4; loss: 0.17522584398587546; cumulative_reward: -0.47000000000000064; invalid_count: 0; positive_reward_count: 2; success_count: 1; episode_count: 1; random_exploration_count: 34; avg_entropy: 1.1759; best_tax_advantage: 35.0; random_action_prob: 0.2450
make_subcorporation -0.009879518072289158 83
transfer_cash 0.024399999999999998 25
contribute_for_stock -0.013000000000000001 20
update_start: 5; random_action_prob: 0.2438
update_complete: 5; loss: 0.06235145777463913; cumulative_reward: -1.370000000000001; invalid_count: 0; positive_reward_count: 0; success_count: 0; episode_count: 0; random_exploration_count: 36; avg_entropy: 1.1897; best_tax_advantage: 0.0; random_action_prob: 0.2438
make_subcorporation -0.01 81
transfer_cash -0.011818181818181818 11
contribute_for_stock -0.011944444444444445 36
update_start: 6; random_action_prob: 0.2426
update_complete: 6; loss: 0.09404773265123367; cumulative_reward: -1.530000000000001; invalid_count: 0; positive_reward_count: 0; success_count: 0; episode_count: 0; random_exploration_count: 29; avg_entropy: 1.0142; best_tax_advantage: 0.0; random_action_prob: 0.2426
make_subcorporation -0.01 75
transfer_cash -0.015652173913043476 23
contribute_for_stock -0.014 30
update_start: 7; random_action_prob: 0.2414
update_complete: 7; loss: 0.03887203708291054; cumulative_reward: -1.4200000000000008; invalid_count: 0; positive_reward_count: 0; success_count: 0; episode_count: 0; random_exploration_count: 30; avg_entropy: 1.1485; best_tax_advantage: 0.0; random_action_prob: 0.2414
make_subcorporation -0.009870129870129871 77
transfer_cash -0.013571428571428571 14
contribute_for_stock -0.012702702702702703 37
update_start: 8; random_action_prob: 0.2402
update_complete: 8; loss: 0.20444669326146445; cumulative_reward: -0.0800000000000004; invalid_count: 0; positive_reward_count: 2; success_count: 1; episode_count: 1; random_exploration_count: 32; avg_entropy: 1.2803; best_tax_advantage: 35.0; random_action_prob: 0.2402
make_subcorporation -0.009864864864864865 74
transfer_cash 0.053125 16
contribute_for_stock -0.005263157894736842 38
update_start: 9; random_action_prob: 0.2390
update_complete: 9; loss: 0.12396954248348872; cumulative_reward: -0.9900000000000007; invalid_count: 0; positive_reward_count: 0; success_count: 0; episode_count: 0; random_exploration_count: 33; avg_entropy: 1.3145; best_tax_advantage: 0.0; random_action_prob: 0.2390
make_subcorporation -0.009863013698630137 73
transfer_cash -0.0035000000000000005 20
contribute_for_stock -0.005714285714285714 35
update_start: 10; random_action_prob: 0.2378
update_complete: 10; loss: 0.048158690333366394; cumulative_reward: -0.9800000000000006; invalid_count: 0; positive_reward_count: 0; success_count: 0; episode_count: 0; random_exploration_count: 29; avg_entropy: 1.2777; best_tax_advantage: 0.0; random_action_prob: 0.2378
make_subcorporation -0.01 72
transfer_cash -0.007333333333333333 15
contribute_for_stock -0.0036585365853658534 41
update_start: 11; random_action_prob: 0.2366
update_complete: 11; loss: 0.05254823217789332; cumulative_reward: -1.1100000000000008; invalid_count: 0; positive_reward_count: 0; success_count: 0; episode_count: 0; random_exploration_count: 43; avg_entropy: 1.3544; best_tax_advantage: 0.0; random_action_prob: 0.2366
make_subcorporation -0.009859154929577466 71
transfer_cash -0.011 20
contribute_for_stock -0.005135135135135136 37
update_start: 12; random_action_prob: 0.2354
update_complete: 12; loss: -0.017113959416747093; cumulative_reward: -1.310000000000001; invalid_count: 0; positive_reward_count: 0; success_count: 0; episode_count: 0; random_exploration_count: 20; avg_entropy: 1.1918; best_tax_advantage: 0.0; random_action_prob: 0.2354
make_subcorporation -0.01 69
transfer_cash -0.013181818181818182 22
contribute_for_stock -0.00891891891891892 37
update_start: 13; random_action_prob: 0.2342
update_complete: 13; loss: 0.048656951636075974; cumulative_reward: -1.330000000000001; invalid_count: 0; positive_reward_count: 0; success_count: 0; episode_count: 0; random_exploration_count: 33; avg_entropy: 1.3470; best_tax_advantage: 0.0; random_action_prob: 0.2342
make_subcorporation -0.009857142857142858 70
transfer_cash -0.009285714285714286 28
contribute_for_stock -0.012666666666666666 30
update_start: 14; random_action_prob: 0.2331
update_complete: 14; loss: 0.044511131942272186; cumulative_reward: -1.2400000000000007; invalid_count: 0; positive_reward_count: 0; success_count: 0; episode_count: 0; random_exploration_count: 24; avg_entropy: 1.2816; best_tax_advantage: 0.0; random_action_prob: 0.2331
make_subcorporation -0.009878048780487805 82
transfer_cash -0.009285714285714286 14
contribute_for_stock -0.009375 32
update_start: 15; random_action_prob: 0.2319
update_complete: 15; loss: 0.13979263603687286; cumulative_reward: -0.2800000000000006; invalid_count: 0; positive_reward_count: 2; success_count: 1; episode_count: 1; random_exploration_count: 31; avg_entropy: 1.2868; best_tax_advantage: 35.0; random_action_prob: 0.2319
make_subcorporation -0.009875 80
transfer_cash 0.032916666666666664 24
contribute_for_stock -0.011666666666666667 24
update_start: 16; random_action_prob: 0.2307
update_complete: 16; loss: 0.10910951967040698; cumulative_reward: -1.1600000000000006; invalid_count: 0; positive_reward_count: 0; success_count: 0; episode_count: 0; random_exploration_count: 29; avg_entropy: 1.1893; best_tax_advantage: 0.0; random_action_prob: 0.2307
make_subcorporation -0.009879518072289158 83
transfer_cash -0.0070967741935483875 31
contribute_for_stock -0.008571428571428572 14
update_start: 17; random_action_prob: 0.2296
update_complete: 17; loss: 0.052694772680600487; cumulative_reward: -0.9500000000000005; invalid_count: 0; positive_reward_count: 0; success_count: 0; episode_count: 0; random_exploration_count: 26; avg_entropy: 0.9498; best_tax_advantage: 0.0; random_action_prob: 0.2296
make_subcorporation -0.009886363636363636 88
transfer_cash -0.0014705882352941176 34
contribute_for_stock -0.005 6
update_start: 18; random_action_prob: 0.2284
update_complete: 18; loss: 0.0188555009663105; cumulative_reward: -0.8500000000000005; invalid_count: 0; positive_reward_count: 0; success_count: 0; episode_count: 0; random_exploration_count: 26; avg_entropy: 0.9842; best_tax_advantage: 0.0; random_action_prob: 0.2284
make_subcorporation -0.009878048780487805 82
transfer_cash -0.000975609756097561 41
contribute_for_stock 0.0 5
update_start: 19; random_action_prob: 0.2273
update_complete: 19; loss: 0.14952226852377257; cumulative_reward: -1.0000000000000004; invalid_count: 0; positive_reward_count: 0; success_count: 0; episode_count: 0; random_exploration_count: 33; avg_entropy: 0.9102; best_tax_advantage: 0.0; random_action_prob: 0.2273
make_subcorporation -0.00989010989010989 91
transfer_cash -0.0028125 32
contribute_for_stock -0.002 5
update_start: 20; random_action_prob: 0.2262
update_complete: 20; loss: 0.09572415550549825; cumulative_reward: -1.1100000000000008; invalid_count: 0; positive_reward_count: 0; success_count: 0; episode_count: 0; random_exploration_count: 32; avg_entropy: 1.1597; best_tax_advantage: 0.0; random_action_prob: 0.2262
make_subcorporation -0.00988235294117647 85
transfer_cash -0.0059375 32
contribute_for_stock -0.007272727272727273 11
update_start: 21; random_action_prob: 0.2250
update_complete: 21; loss: 0.04516145959496498; cumulative_reward: -1.290000000000001; invalid_count: 0; positive_reward_count: 0; success_count: 0; episode_count: 0; random_exploration_count: 29; avg_entropy: 1.2354; best_tax_advantage: 0.0; random_action_prob: 0.2250
make_subcorporation -0.009879518072289158 83
transfer_cash -0.009999999999999998 29
contribute_for_stock -0.01125 16
update_start: 22; random_action_prob: 0.2239
update_complete: 22; loss: 0.36739065994819003; cumulative_reward: -1.0800000000000007; invalid_count: 0; positive_reward_count: 0; success_count: 0; episode_count: 0; random_exploration_count: 30; avg_entropy: 1.0154; best_tax_advantage: 0.0; random_action_prob: 0.2239
make_subcorporation -0.01 87
transfer_cash -0.005757575757575757 33
contribute_for_stock -0.0025 8
update_start: 23; random_action_prob: 0.2228
update_complete: 23; loss: 0.22876263906558356; cumulative_reward: -0.8600000000000005; invalid_count: 0; positive_reward_count: 0; success_count: 0; episode_count: 0; random_exploration_count: 26; avg_entropy: 0.9151; best_tax_advantage: 0.0; random_action_prob: 0.2228
make_subcorporation -0.009883720930232558 86
transfer_cash -0.00025 40
contribute_for_stock 0.0 2
update_start: 24; random_action_prob: 0.2217
update_complete: 24; loss: 0.057676183680693306; cumulative_reward: -0.7900000000000005; invalid_count: 0; positive_reward_count: 0; success_count: 0; episode_count: 0; random_exploration_count: 28; avg_entropy: 1.0520; best_tax_advantage: 0.0; random_action_prob: 0.2217
make_subcorporation -0.01 72
transfer_cash -0.0010204081632653062 49
contribute_for_stock -0.002857142857142857 7
update_start: 25; random_action_prob: 0.2206
update_complete: 25; loss: 0.061344217509031296; cumulative_reward: -0.8000000000000005; invalid_count: 0; positive_reward_count: 0; success_count: 0; episode_count: 0; random_exploration_count: 37; avg_entropy: 0.9807; best_tax_advantage: 0.0; random_action_prob: 0.2206
make_subcorporation -0.01 78
transfer_cash -0.00046511627906976747 43
contribute_for_stock 0.0 7
update_start: 26; random_action_prob: 0.2195
update_complete: 26; loss: 0.10607759654521942; cumulative_reward: -0.7700000000000005; invalid_count: 0; positive_reward_count: 0; success_count: 0; episode_count: 0; random_exploration_count: 32; avg_entropy: 0.9730; best_tax_advantage: 0.0; random_action_prob: 0.2195
make_subcorporation -0.009868421052631578 76
transfer_cash -0.00044444444444444447 45
contribute_for_stock 0.0 7
update_start: 27; random_action_prob: 0.2184
update_complete: 27; loss: 0.1539046329756578; cumulative_reward: -0.7600000000000005; invalid_count: 0; positive_reward_count: 0; success_count: 0; episode_count: 0; random_exploration_count: 28; avg_entropy: 0.9610; best_tax_advantage: 0.0; random_action_prob: 0.2184
make_subcorporation -0.01 75
transfer_cash -0.0002127659574468085 47
contribute_for_stock 0.0 6
update_start: 28; random_action_prob: 0.2173
update_complete: 28; loss: 0.14219600955645242; cumulative_reward: -0.8900000000000006; invalid_count: 0; positive_reward_count: 0; success_count: 0; episode_count: 0; random_exploration_count: 35; avg_entropy: 1.0334; best_tax_advantage: 0.0; random_action_prob: 0.2173
make_subcorporation -0.01 81
transfer_cash -0.0011111111111111111 36
contribute_for_stock -0.0036363636363636364 11
update_start: 29; random_action_prob: 0.2162
update_complete: 29; loss: 0.028054119398196537; cumulative_reward: -0.9900000000000007; invalid_count: 0; positive_reward_count: 0; success_count: 0; episode_count: 0; random_exploration_count: 29; avg_entropy: 1.0701; best_tax_advantage: 0.0; random_action_prob: 0.2162
make_subcorporation -0.01 81
transfer_cash -0.00358974358974359 39
contribute_for_stock -0.005 8
update_start: 30; random_action_prob: 0.2151
update_complete: 30; loss: 0.09376623729864757; cumulative_reward: -0.8700000000000006; invalid_count: 0; positive_reward_count: 0; success_count: 0; episode_count: 0; random_exploration_count: 31; avg_entropy: 1.0569; best_tax_advantage: 0.0; random_action_prob: 0.2151
make_subcorporation -0.01 75
transfer_cash -0.002093023255813953 43
contribute_for_stock -0.003 10
update_start: 31; random_action_prob: 0.2140
update_complete: 31; loss: 0.03683996573090553; cumulative_reward: -0.9200000000000006; invalid_count: 0; positive_reward_count: 0; success_count: 0; episode_count: 0; random_exploration_count: 32; avg_entropy: 1.1452; best_tax_advantage: 0.0; random_action_prob: 0.2140
make_subcorporation -0.01 75
transfer_cash -0.003414634146341464 41
contribute_for_stock -0.0025 12
update_start: 32; random_action_prob: 0.2130
update_complete: 32; loss: 0.06609487036863963; cumulative_reward: -0.8400000000000004; invalid_count: 0; positive_reward_count: 0; success_count: 0; episode_count: 0; random_exploration_count: 37; avg_entropy: 1.2521; best_tax_advantage: 0.0; random_action_prob: 0.2130
make_subcorporation -0.009863013698630137 73
transfer_cash -0.002093023255813953 43
contribute_for_stock -0.0025 12
update_start: 33; random_action_prob: 0.2119
update_complete: 33; loss: 0.01086421807607015; cumulative_reward: -0.9300000000000006; invalid_count: 0; positive_reward_count: 0; success_count: 0; episode_count: 0; random_exploration_count: 27; avg_entropy: 1.2095; best_tax_advantage: 0.0; random_action_prob: 0.2119
make_subcorporation -0.009870129870129871 77
transfer_cash -0.002162162162162162 37
contribute_for_stock -0.0064285714285714285 14
update_start: 34; random_action_prob: 0.2108
update_complete: 34; loss: 0.0325975256661574; cumulative_reward: -0.8100000000000005; invalid_count: 0; positive_reward_count: 0; success_count: 0; episode_count: 0; random_exploration_count: 30; avg_entropy: 1.0819; best_tax_advantage: 0.0; random_action_prob: 0.2108
make_subcorporation -0.01 78
transfer_cash -0.00075 40
contribute_for_stock 0.0 10
update_start: 35; random_action_prob: 0.2098
update_complete: 35; loss: 0.034436505287885666; cumulative_reward: -1.2000000000000006; invalid_count: 0; positive_reward_count: 0; success_count: 0; episode_count: 0; random_exploration_count: 22; avg_entropy: 1.1384; best_tax_advantage: 0.0; random_action_prob: 0.2098
make_subcorporation -0.009863013698630137 73
transfer_cash -0.0077083333333333335 48
contribute_for_stock -0.015714285714285715 7
update_start: 36; random_action_prob: 0.2087
update_complete: 36; loss: 0.06751949340105057; cumulative_reward: -0.9900000000000007; invalid_count: 0; positive_reward_count: 0; success_count: 0; episode_count: 0; random_exploration_count: 24; avg_entropy: 1.0297; best_tax_advantage: 0.0; random_action_prob: 0.2087
make_subcorporation -0.009868421052631578 76
transfer_cash -0.003953488372093024 43
contribute_for_stock -0.007777777777777778 9
update_start: 37; random_action_prob: 0.2077
update_complete: 37; loss: 0.0833037110666434; cumulative_reward: -0.7900000000000005; invalid_count: 0; positive_reward_count: 0; success_count: 0; episode_count: 0; random_exploration_count: 23; avg_entropy: 0.9032; best_tax_advantage: 0.0; random_action_prob: 0.2077
make_subcorporation -0.01 75
transfer_cash -0.0008 50
contribute_for_stock 0.0 3
update_start: 38; random_action_prob: 0.2066
update_complete: 38; loss: 0.08518480012814204; cumulative_reward: -0.7900000000000005; invalid_count: 0; positive_reward_count: 0; success_count: 0; episode_count: 0; random_exploration_count: 32; avg_entropy: 0.8687; best_tax_advantage: 0.0; random_action_prob: 0.2066
make_subcorporation -0.01 78
transfer_cash 0.0 44
contribute_for_stock -0.0016666666666666668 6
update_start: 39; random_action_prob: 0.2056
update_complete: 39; loss: 0.1478003611167272; cumulative_reward: -0.8100000000000005; invalid_count: 0; positive_reward_count: 0; success_count: 0; episode_count: 0; random_exploration_count: 28; avg_entropy: 0.7750; best_tax_advantage: 0.0; random_action_prob: 0.2056
make_subcorporation -0.01 75
transfer_cash -0.0012 50
contribute_for_stock 0.0 3
update_start: 40; random_action_prob: 0.2046
update_complete: 40; loss: 0.24600840111573538; cumulative_reward: -1.0400000000000007; invalid_count: 0; positive_reward_count: 0; success_count: 0; episode_count: 0; random_exploration_count: 33; avg_entropy: 0.9734; best_tax_advantage: 0.0; random_action_prob: 0.2046
make_subcorporation -0.009863013698630137 73
transfer_cash -0.005531914893617021 47
contribute_for_stock -0.0075 8
update_start: 41; random_action_prob: 0.2036
update_complete: 41; loss: 0.06647862990697224; cumulative_reward: -1.0600000000000005; invalid_count: 0; positive_reward_count: 0; success_count: 0; episode_count: 0; random_exploration_count: 18; avg_entropy: 0.8141; best_tax_advantage: 0.0; random_action_prob: 0.2036
make_subcorporation -0.01 78
transfer_cash -0.005238095238095238 42
contribute_for_stock -0.0075 8
update_start: 42; random_action_prob: 0.2025
update_complete: 42; loss: 0.07834942017992337; cumulative_reward: -1.280000000000001; invalid_count: 0; positive_reward_count: 0; success_count: 0; episode_count: 0; random_exploration_count: 22; avg_entropy: 0.8997; best_tax_advantage: 0.0; random_action_prob: 0.2025
make_subcorporation -0.01 75
transfer_cash -0.011136363636363637 44
contribute_for_stock -0.0044444444444444444 9
update_start: 43; random_action_prob: 0.2015
update_complete: 43; loss: 0.14861743648846945; cumulative_reward: -1.280000000000001; invalid_count: 0; positive_reward_count: 0; success_count: 0; episode_count: 0; random_exploration_count: 28; avg_entropy: 0.9096; best_tax_advantage: 0.0; random_action_prob: 0.2015
make_subcorporation -0.01 78
transfer_cash -0.010681818181818183 44
contribute_for_stock -0.005 6
update_start: 44; random_action_prob: 0.2005
update_complete: 44; loss: 0.1324511021375656; cumulative_reward: -1.2800000000000007; invalid_count: 0; positive_reward_count: 0; success_count: 0; episode_count: 0; random_exploration_count: 22; avg_entropy: 0.9563; best_tax_advantage: 0.0; random_action_prob: 0.2005
make_subcorporation -0.01 75
transfer_cash -0.009777777777777778 45
contribute_for_stock -0.01125 8
update_start: 45; random_action_prob: 0.1995
update_complete: 45; loss: 0.07521964485446613; cumulative_reward: -0.9300000000000005; invalid_count: 0; positive_reward_count: 0; success_count: 0; episode_count: 0; random_exploration_count: 26; avg_entropy: 0.8487; best_tax_advantage: 0.0; random_action_prob: 0.1995
make_subcorporation -0.009868421052631578 76
transfer_cash -0.003829787234042553 47
contribute_for_stock 0.0 5
update_start: 46; random_action_prob: 0.1985
update_complete: 46; loss: 0.2274855226278305; cumulative_reward: -0.9300000000000006; invalid_count: 0; positive_reward_count: 0; success_count: 0; episode_count: 0; random_exploration_count: 24; avg_entropy: 0.8021; best_tax_advantage: 0.0; random_action_prob: 0.1985
make_subcorporation -0.01 75
transfer_cash -0.0031249999999999997 48
contribute_for_stock -0.006 5
update_start: 47; random_action_prob: 0.1975
update_complete: 47; loss: 0.20060200740893683; cumulative_reward: -0.9400000000000006; invalid_count: 0; positive_reward_count: 0; success_count: 0; episode_count: 0; random_exploration_count: 23; avg_entropy: 0.7493; best_tax_advantage: 0.0; random_action_prob: 0.1975
make_subcorporation -0.01 78
transfer_cash -0.0033333333333333335 48
contribute_for_stock 0.0 2
update_start: 48; random_action_prob: 0.1965
update_complete: 48; loss: 0.06467451900243759; cumulative_reward: -0.8900000000000006; invalid_count: 0; positive_reward_count: 0; success_count: 0; episode_count: 0; random_exploration_count: 31; avg_entropy: 0.8394; best_tax_advantage: 0.0; random_action_prob: 0.1965
make_subcorporation -0.01 75
transfer_cash -0.002558139534883721 43
contribute_for_stock -0.003 10
update_start: 49; random_action_prob: 0.1956
update_complete: 49; loss: 0.095012662311395; cumulative_reward: -1.300000000000001; invalid_count: 0; positive_reward_count: 0; success_count: 0; episode_count: 0; random_exploration_count: 30; avg_entropy: 1.1471; best_tax_advantage: 0.0; random_action_prob: 0.1956
make_subcorporation -0.01 75
transfer_cash -0.01 32
contribute_for_stock -0.010952380952380953 21
update_start: 50; random_action_prob: 0.1946
update_complete: 50; loss: 0.06431395436326663; cumulative_reward: -1.4900000000000009; invalid_count: 0; positive_reward_count: 0; success_count: 0; episode_count: 0; random_exploration_count: 17; avg_entropy: 0.9036; best_tax_advantage: 0.0; random_action_prob: 0.1946
make_subcorporation -0.01 75
transfer_cash -0.014722222222222223 36
contribute_for_stock -0.012352941176470587 17
update_start: 51; random_action_prob: 0.1936
update_complete: 51; loss: 0.07557210698723793; cumulative_reward: -1.5400000000000011; invalid_count: 0; positive_reward_count: 0; success_count: 0; episode_count: 0; random_exploration_count: 31; avg_entropy: 1.0017; best_tax_advantage: 0.0; random_action_prob: 0.1936
make_subcorporation -0.009859154929577466 71
transfer_cash -0.015714285714285715 35
contribute_for_stock -0.013181818181818182 22
update_start: 52; random_action_prob: 0.1926
update_complete: 52; loss: 0.06345072264472644; cumulative_reward: -1.7000000000000013; invalid_count: 0; positive_reward_count: 0; success_count: 0; episode_count: 0; random_exploration_count: 17; avg_entropy: 0.9065; best_tax_advantage: 0.0; random_action_prob: 0.1926
make_subcorporation -0.01 72
transfer_cash -0.018 35
contribute_for_stock -0.01666666666666667 21
update_start: 53; random_action_prob: 0.1917
update_complete: 53; loss: 0.04277510195970535; cumulative_reward: -1.3700000000000008; invalid_count: 0; positive_reward_count: 0; success_count: 0; episode_count: 0; random_exploration_count: 23; avg_entropy: 1.0548; best_tax_advantage: 0.0; random_action_prob: 0.1917
make_subcorporation -0.01 69
transfer_cash -0.012439024390243903 41
contribute_for_stock -0.009444444444444445 18
update_start: 54; random_action_prob: 0.1907
update_complete: 54; loss: 0.08953014016151428; cumulative_reward: -1.0400000000000007; invalid_count: 0; positive_reward_count: 0; success_count: 0; episode_count: 0; random_exploration_count: 25; avg_entropy: 1.0810; best_tax_advantage: 0.0; random_action_prob: 0.1907
make_subcorporation -0.01 72
transfer_cash -0.005238095238095238 42
contribute_for_stock -0.0071428571428571435 14
update_start: 55; random_action_prob: 0.1898
update_complete: 55; loss: 0.09289999554554622; cumulative_reward: -1.2500000000000009; invalid_count: 0; positive_reward_count: 0; success_count: 0; episode_count: 0; random_exploration_count: 25; avg_entropy: 1.0923; best_tax_advantage: 0.0; random_action_prob: 0.1898
make_subcorporation -0.009857142857142858 70
transfer_cash -0.009069767441860466 43
contribute_for_stock -0.011333333333333334 15
update_start: 56; random_action_prob: 0.1888
update_complete: 56; loss: 0.016969180355469387; cumulative_reward: -1.2400000000000009; invalid_count: 0; positive_reward_count: 0; success_count: 0; episode_count: 0; random_exploration_count: 16; avg_entropy: 1.0085; best_tax_advantage: 0.0; random_action_prob: 0.1888
make_subcorporation -0.009857142857142858 70
transfer_cash -0.008095238095238096 42
contribute_for_stock -0.013125 16
update_start: 57; random_action_prob: 0.1879
update_complete: 57; loss: 0.07992221415042877; cumulative_reward: -1.1000000000000008; invalid_count: 0; positive_reward_count: 0; success_count: 0; episode_count: 0; random_exploration_count: 26; avg_entropy: 0.8802; best_tax_advantage: 0.0; random_action_prob: 0.1879
make_subcorporation -0.01 78
transfer_cash -0.006944444444444444 36
contribute_for_stock -0.005 14
update_start: 58; random_action_prob: 0.1869
update_complete: 58; loss: 0.051346701880296074; cumulative_reward: -1.1800000000000008; invalid_count: 0; positive_reward_count: 0; success_count: 0; episode_count: 0; random_exploration_count: 20; avg_entropy: 0.9624; best_tax_advantage: 0.0; random_action_prob: 0.1869
make_subcorporation -0.01 78
transfer_cash -0.007000000000000001 40
contribute_for_stock -0.012 10
update_start: 59; random_action_prob: 0.1860
update_complete: 59; loss: 0.15962636967500052; cumulative_reward: -1.2100000000000009; invalid_count: 0; positive_reward_count: 0; success_count: 0; episode_count: 0; random_exploration_count: 25; avg_entropy: 1.0032; best_tax_advantage: 0.0; random_action_prob: 0.1860
make_subcorporation -0.01 75
transfer_cash -0.008205128205128205 39
contribute_for_stock -0.01 14
update_start: 60; random_action_prob: 0.1851
update_complete: 60; loss: 0.05649184683958689; cumulative_reward: -1.1000000000000005; invalid_count: 0; positive_reward_count: 0; success_count: 0; episode_count: 0; random_exploration_count: 24; avg_entropy: 0.9303; best_tax_advantage: 0.0; random_action_prob: 0.1851
make_subcorporation -0.01 75
transfer_cash -0.006904761904761904 42
contribute_for_stock -0.005454545454545454 11
update_start: 61; random_action_prob: 0.1841
update_complete: 61; loss: 0.07132675995429356; cumulative_reward: -0.9600000000000005; invalid_count: 0; positive_reward_count: 0; success_count: 0; episode_count: 0; random_exploration_count: 22; avg_entropy: 0.9222; best_tax_advantage: 0.0; random_action_prob: 0.1841
make_subcorporation -0.009863013698630137 73
transfer_cash -0.005 44
contribute_for_stock -0.0018181818181818182 11
update_start: 62; random_action_prob: 0.1832
update_complete: 62; loss: 0.05120919644832611; cumulative_reward: -0.9000000000000006; invalid_count: 0; positive_reward_count: 0; success_count: 0; episode_count: 0; random_exploration_count: 21; avg_entropy: 0.7932; best_tax_advantage: 0.0; random_action_prob: 0.1832
make_subcorporation -0.01 75
transfer_cash -0.0015217391304347828 46
contribute_for_stock -0.011428571428571429 7
update_start: 63; random_action_prob: 0.1823
update_complete: 63; loss: 0.06873422116041183; cumulative_reward: -0.8500000000000005; invalid_count: 0; positive_reward_count: 0; success_count: 0; episode_count: 0; random_exploration_count: 19; avg_entropy: 0.6801; best_tax_advantage: 0.0; random_action_prob: 0.1823
make_subcorporation -0.009868421052631578 76
transfer_cash -0.002 50
contribute_for_stock 0.0 2
update_start: 64; random_action_prob: 0.1814
update_complete: 64; loss: 0.12955177575349808; cumulative_reward: -0.8500000000000005; invalid_count: 0; positive_reward_count: 0; success_count: 0; episode_count: 0; random_exploration_count: 26; avg_entropy: 0.7707; best_tax_advantage: 0.0; random_action_prob: 0.1814
make_subcorporation -0.009864864864864865 74
transfer_cash -0.0020833333333333333 48
contribute_for_stock -0.0033333333333333335 6
update_start: 65; random_action_prob: 0.1805
update_complete: 65; loss: 0.06849385301272075; cumulative_reward: -1.0600000000000007; invalid_count: 0; positive_reward_count: 0; success_count: 0; episode_count: 0; random_exploration_count: 26; avg_entropy: 1.1050; best_tax_advantage: 0.0; random_action_prob: 0.1805
make_subcorporation -0.009852941176470589 68
transfer_cash -0.005531914893617021 47
contribute_for_stock -0.01 13
update_start: 66; random_action_prob: 0.1796
update_complete: 66; loss: 0.07363830506801605; cumulative_reward: -1.1400000000000008; invalid_count: 0; positive_reward_count: 0; success_count: 0; episode_count: 0; random_exploration_count: 19; avg_entropy: 1.0881; best_tax_advantage: 0.0; random_action_prob: 0.1796
make_subcorporation -0.009859154929577466 71
transfer_cash -0.007555555555555556 45
contribute_for_stock -0.008333333333333333 12
update_start: 67; random_action_prob: 0.1787
update_complete: 67; loss: 0.08360111713409424; cumulative_reward: -0.7400000000000004; invalid_count: 0; positive_reward_count: 0; success_count: 0; episode_count: 0; random_exploration_count: 25; avg_entropy: 1.0110; best_tax_advantage: 0.0; random_action_prob: 0.1787
make_subcorporation -0.01 66
transfer_cash -0.0009523809523809524 42
contribute_for_stock -0.002 20
update_start: 68; random_action_prob: 0.1778
update_complete: 68; loss: 0.09236653273304303; cumulative_reward: -0.8600000000000005; invalid_count: 0; positive_reward_count: 0; success_count: 0; episode_count: 0; random_exploration_count: 19; avg_entropy: 1.0153; best_tax_advantage: 0.0; random_action_prob: 0.1778
make_subcorporation -0.01 75
transfer_cash -0.002142857142857143 28
contribute_for_stock -0.002 25
update_start: 69; random_action_prob: 0.1769
update_complete: 69; loss: 0.05832470580935478; cumulative_reward: -0.8900000000000005; invalid_count: 0; positive_reward_count: 0; success_count: 0; episode_count: 0; random_exploration_count: 23; avg_entropy: 0.9270; best_tax_advantage: 0.0; random_action_prob: 0.1769
make_subcorporation -0.01 75
transfer_cash -0.0024 25
contribute_for_stock -0.002857142857142857 28
update_start: 70; random_action_prob: 0.1760
update_complete: 70; loss: 0.07704124227166176; cumulative_reward: -0.7400000000000004; invalid_count: 0; positive_reward_count: 0; success_count: 0; episode_count: 0; random_exploration_count: 25; avg_entropy: 0.9559; best_tax_advantage: 0.0; random_action_prob: 0.1760
make_subcorporation -0.009863013698630137 73
transfer_cash -0.0004 25
contribute_for_stock -0.0003333333333333333 30
update_start: 71; random_action_prob: 0.1751
update_complete: 71; loss: 0.04011408736308416; cumulative_reward: -1.0000000000000007; invalid_count: 0; positive_reward_count: 0; success_count: 0; episode_count: 0; random_exploration_count: 27; avg_entropy: 1.2024; best_tax_advantage: 0.0; random_action_prob: 0.1751
make_subcorporation -0.01 75
transfer_cash -0.0045 20
contribute_for_stock -0.0048484848484848485 33
update_start: 72; random_action_prob: 0.1743
update_complete: 72; loss: 0.10992403328418732; cumulative_reward: -1.0100000000000007; invalid_count: 0; positive_reward_count: 0; success_count: 0; episode_count: 0; random_exploration_count: 20; avg_entropy: 1.0593; best_tax_advantage: 0.0; random_action_prob: 0.1743
make_subcorporation -0.009868421052631578 76
transfer_cash -0.007692307692307693 13
contribute_for_stock -0.0041025641025641026 39
update_start: 73; random_action_prob: 0.1734
update_complete: 73; loss: -0.024398967623710632; cumulative_reward: -1.0600000000000007; invalid_count: 0; positive_reward_count: 0; success_count: 0; episode_count: 0; random_exploration_count: 25; avg_entropy: 1.1640; best_tax_advantage: 0.0; random_action_prob: 0.1734
make_subcorporation -0.009868421052631578 76
transfer_cash -0.006 10
contribute_for_stock -0.005952380952380952 42
update_start: 74; random_action_prob: 0.1725
update_complete: 74; loss: 0.009288373092810312; cumulative_reward: -0.9000000000000006; invalid_count: 0; positive_reward_count: 0; success_count: 0; episode_count: 0; random_exploration_count: 17; avg_entropy: 0.9849; best_tax_advantage: 0.0; random_action_prob: 0.1725
make_subcorporation -0.009868421052631578 76
transfer_cash -0.0038461538461538464 13
contribute_for_stock -0.002564102564102564 39
update_start: 75; random_action_prob: 0.1717
update_complete: 75; loss: 0.055547150472799935; cumulative_reward: -0.9100000000000006; invalid_count: 0; positive_reward_count: 0; success_count: 0; episode_count: 0; random_exploration_count: 19; avg_entropy: 0.8213; best_tax_advantage: 0.0; random_action_prob: 0.1717
make_subcorporation -0.01 72
transfer_cash -0.009375 16
contribute_for_stock -0.001 40
update_start: 76; random_action_prob: 0.1708
update_complete: 76; loss: 0.03854373966654142; cumulative_reward: -1.2100000000000006; invalid_count: 0; positive_reward_count: 0; success_count: 0; episode_count: 0; random_exploration_count: 21; avg_entropy: 1.1406; best_tax_advantage: 0.0; random_action_prob: 0.1708
make_subcorporation -0.01 75
transfer_cash -0.011538461538461537 13
contribute_for_stock -0.00775 40
update_start: 77; random_action_prob: 0.1699
update_complete: 77; loss: -0.004843090971310933; cumulative_reward: -1.5500000000000012; invalid_count: 0; positive_reward_count: 0; success_count: 0; episode_count: 0; random_exploration_count: 21; avg_entropy: 1.0800; best_tax_advantage: 0.0; random_action_prob: 0.1699
make_subcorporation -0.009868421052631578 76
transfer_cash -0.014117647058823528 17
contribute_for_stock -0.016 35
update_start: 78; random_action_prob: 0.1691
update_complete: 78; loss: 0.06260184571146965; cumulative_reward: -1.5300000000000011; invalid_count: 0; positive_reward_count: 0; success_count: 0; episode_count: 0; random_exploration_count: 25; avg_entropy: 1.1448; best_tax_advantage: 0.0; random_action_prob: 0.1691
make_subcorporation -0.01 75
transfer_cash -0.014347826086956523 23
contribute_for_stock -0.015000000000000001 30
update_start: 79; random_action_prob: 0.1683
update_complete: 79; loss: 0.010979765405257544; cumulative_reward: -1.550000000000001; invalid_count: 0; positive_reward_count: 0; success_count: 0; episode_count: 0; random_exploration_count: 22; avg_entropy: 1.0695; best_tax_advantage: 0.0; random_action_prob: 0.1683
make_subcorporation -0.01 78
transfer_cash -0.013333333333333334 21
contribute_for_stock -0.01689655172413793 29
update_start: 80; random_action_prob: 0.1674
update_complete: 80; loss: -0.0277743103603522; cumulative_reward: -1.6000000000000012; invalid_count: 0; positive_reward_count: 0; success_count: 0; episode_count: 0; random_exploration_count: 21; avg_entropy: 1.0963; best_tax_advantage: 0.0; random_action_prob: 0.1674
make_subcorporation -0.01 75
transfer_cash -0.015555555555555555 27
contribute_for_stock -0.016538461538461537 26
update_start: 81; random_action_prob: 0.1666
update_complete: 81; loss: 0.06193361307183901; cumulative_reward: -1.5800000000000012; invalid_count: 0; positive_reward_count: 0; success_count: 0; episode_count: 0; random_exploration_count: 25; avg_entropy: 1.1013; best_tax_advantage: 0.0; random_action_prob: 0.1666
make_subcorporation -0.01 72
transfer_cash -0.016923076923076923 26
contribute_for_stock -0.014 30
update_start: 82; random_action_prob: 0.1657
update_complete: 82; loss: 0.009442903101444244; cumulative_reward: -1.6600000000000013; invalid_count: 0; positive_reward_count: 0; success_count: 0; episode_count: 0; random_exploration_count: 17; avg_entropy: 0.9762; best_tax_advantage: 0.0; random_action_prob: 0.1657
make_subcorporation -0.01 72
transfer_cash -0.016923076923076923 26
contribute_for_stock -0.016666666666666666 30
update_start: 83; random_action_prob: 0.1649
update_complete: 83; loss: 0.025020526101191837; cumulative_reward: -1.470000000000001; invalid_count: 0; positive_reward_count: 0; success_count: 0; episode_count: 0; random_exploration_count: 18; avg_entropy: 1.0405; best_tax_advantage: 0.0; random_action_prob: 0.1649
make_subcorporation -0.01 78
transfer_cash -0.013636363636363636 22
contribute_for_stock -0.013928571428571429 28
update_start: 84; random_action_prob: 0.1641
update_complete: 84; loss: -0.024279994890093803; cumulative_reward: -1.450000000000001; invalid_count: 0; positive_reward_count: 0; success_count: 0; episode_count: 0; random_exploration_count: 13; avg_entropy: 1.0413; best_tax_advantage: 0.0; random_action_prob: 0.1641
make_subcorporation -0.01 78
transfer_cash -0.015294117647058824 17
contribute_for_stock -0.012424242424242424 33
update_start: 85; random_action_prob: 0.1633
update_complete: 85; loss: -0.046103871117035546; cumulative_reward: -1.2000000000000006; invalid_count: 0; positive_reward_count: 0; success_count: 0; episode_count: 0; random_exploration_count: 24; avg_entropy: 1.2603; best_tax_advantage: 0.0; random_action_prob: 0.1633
make_subcorporation -0.009868421052631578 76
transfer_cash -0.0084 25
contribute_for_stock -0.008888888888888889 27
update_start: 86; random_action_prob: 0.1625
update_complete: 86; loss: -0.04496500765283903; cumulative_reward: -1.0700000000000007; invalid_count: 0; positive_reward_count: 0; success_count: 0; episode_count: 0; random_exploration_count: 17; avg_entropy: 1.1813; best_tax_advantage: 0.0; random_action_prob: 0.1625
make_subcorporation -0.01 75
transfer_cash -0.0064516129032258064 31
contribute_for_stock -0.005454545454545454 22
update_start: 87; random_action_prob: 0.1616
update_complete: 87; loss: -0.012729933485388756; cumulative_reward: -0.7800000000000005; invalid_count: 0; positive_reward_count: 0; success_count: 0; episode_count: 0; random_exploration_count: 23; avg_entropy: 1.0534; best_tax_advantage: 0.0; random_action_prob: 0.1616
make_subcorporation -0.01 75
transfer_cash -0.001 30
contribute_for_stock 0.0 23
update_start: 88; random_action_prob: 0.1608
update_complete: 88; loss: 0.019773931552966435; cumulative_reward: -0.8000000000000005; invalid_count: 0; positive_reward_count: 0; success_count: 0; episode_count: 0; random_exploration_count: 27; avg_entropy: 0.9536; best_tax_advantage: 0.0; random_action_prob: 0.1608
make_subcorporation -0.009868421052631578 76
transfer_cash -0.0006060606060606061 33
contribute_for_stock -0.0015789473684210526 19
update_start: 89; random_action_prob: 0.1600
update_complete: 89; loss: 0.019168787946303684; cumulative_reward: -0.8700000000000006; invalid_count: 0; positive_reward_count: 0; success_count: 0; episode_count: 0; random_exploration_count: 28; avg_entropy: 0.9055; best_tax_advantage: 0.0; random_action_prob: 0.1600
make_subcorporation -0.01 75
transfer_cash -0.002 40
contribute_for_stock -0.003076923076923077 13
update_start: 90; random_action_prob: 0.1592
update_complete: 90; loss: -0.026690529038508732; cumulative_reward: -0.8700000000000006; invalid_count: 0; positive_reward_count: 0; success_count: 0; episode_count: 0; random_exploration_count: 17; avg_entropy: 0.9848; best_tax_advantage: 0.0; random_action_prob: 0.1592
make_subcorporation -0.01 75
transfer_cash -0.002682926829268293 41
contribute_for_stock -0.0008333333333333334 12
update_start: 91; random_action_prob: 0.1584
update_complete: 91; loss: 0.05811233321825663; cumulative_reward: -0.8700000000000006; invalid_count: 0; positive_reward_count: 0; success_count: 0; episode_count: 0; random_exploration_count: 19; avg_entropy: 1.1565; best_tax_advantage: 0.0; random_action_prob: 0.1584
make_subcorporation -0.009868421052631578 76
transfer_cash -0.0016129032258064516 31
contribute_for_stock -0.0033333333333333335 21
update_start: 92; random_action_prob: 0.1576
update_complete: 92; loss: -0.007912967974940935; cumulative_reward: -0.9000000000000005; invalid_count: 0; positive_reward_count: 0; success_count: 0; episode_count: 0; random_exploration_count: 25; avg_entropy: 1.0711; best_tax_advantage: 0.0; random_action_prob: 0.1576
make_subcorporation -0.01 75
transfer_cash -0.0038461538461538464 26
contribute_for_stock -0.001851851851851852 27
update_start: 93; random_action_prob: 0.1569
update_complete: 93; loss: 0.04472655182083448; cumulative_reward: -0.7800000000000005; invalid_count: 0; positive_reward_count: 0; success_count: 0; episode_count: 0; random_exploration_count: 19; avg_entropy: 0.9247; best_tax_advantage: 0.0; random_action_prob: 0.1569
make_subcorporation -0.009870129870129871 77
transfer_cash 0.0 29
contribute_for_stock -0.0009090909090909091 22
update_start: 94; random_action_prob: 0.1561
update_complete: 94; loss: 0.0009888081500927608; cumulative_reward: -0.7500000000000004; invalid_count: 0; positive_reward_count: 0; success_count: 0; episode_count: 0; random_exploration_count: 24; avg_entropy: 0.8828; best_tax_advantage: 0.0; random_action_prob: 0.1561
make_subcorporation -0.009868421052631578 76
transfer_cash 0.0 35
contribute_for_stock 0.0 17
update_start: 95; random_action_prob: 0.1553
update_complete: 95; loss: -0.032436336080233254; cumulative_reward: -0.7800000000000005; invalid_count: 0; positive_reward_count: 0; success_count: 0; episode_count: 0; random_exploration_count: 21; avg_entropy: 0.8747; best_tax_advantage: 0.0; random_action_prob: 0.1553
make_subcorporation -0.009870129870129871 77
transfer_cash -0.0005714285714285715 35
contribute_for_stock 0.0 16
update_start: 96; random_action_prob: 0.1545
update_complete: 96; loss: 0.0470992736518383; cumulative_reward: -0.7700000000000005; invalid_count: 0; positive_reward_count: 0; success_count: 0; episode_count: 0; random_exploration_count: 25; avg_entropy: 0.8548; best_tax_advantage: 0.0; random_action_prob: 0.1545
make_subcorporation -0.009870129870129871 77
transfer_cash -0.00023255813953488373 43
contribute_for_stock 0.0 8
update_start: 97; random_action_prob: 0.1537
update_complete: 97; loss: 0.2499077320098877; cumulative_reward: -0.7600000000000005; invalid_count: 0; positive_reward_count: 0; success_count: 0; episode_count: 0; random_exploration_count: 23; avg_entropy: 0.7356; best_tax_advantage: 0.0; random_action_prob: 0.1537
make_subcorporation -0.009870129870129871 77
transfer_cash 0.0 48
contribute_for_stock 0.0 3
update_start: 98; random_action_prob: 0.1530
update_complete: 98; loss: -0.01615794748067856; cumulative_reward: -0.7800000000000005; invalid_count: 0; positive_reward_count: 0; success_count: 0; episode_count: 0; random_exploration_count: 21; avg_entropy: 0.8421; best_tax_advantage: 0.0; random_action_prob: 0.1530
make_subcorporation -0.01 78
transfer_cash 0.0 40
contribute_for_stock 0.0 10
update_start: 99; random_action_prob: 0.1522
update_complete: 99; loss: -0.007167074829339981; cumulative_reward: -0.7500000000000004; invalid_count: 0; positive_reward_count: 0; success_count: 0; episode_count: 0; random_exploration_count: 12; avg_entropy: 0.9000; best_tax_advantage: 0.0; random_action_prob: 0.1522
make_subcorporation -0.009868421052631578 76
transfer_cash 0.0 40
contribute_for_stock 0.0 12
2026-08-07T15:08:38 completed barnes_group run=7 elapsed_seconds=477.36 updates_logged=100
2026-08-07T15:08:38 running barnes_group run=8 seed=1737
env_variant: HardTaxEnv
update_start: 0; random_action_prob: 0.2500
update_complete: 0; loss: 0.04750541100899378; cumulative_reward: -1.2000000000000008; invalid_count: 0; positive_reward_count: 0; success_count: 0; episode_count: 0; random_exploration_count: 27; avg_entropy: 1.1300; best_tax_advantage: 0.0; random_action_prob: 0.2500
make_subcorporation -0.01 75
transfer_cash -0.008809523809523809 42
contribute_for_stock -0.007272727272727273 11
update_start: 1; random_action_prob: 0.2487
update_complete: 1; loss: 0.07553968826929729; cumulative_reward: -0.7200000000000004; invalid_count: 0; positive_reward_count: 0; success_count: 0; episode_count: 0; random_exploration_count: 29; avg_entropy: 0.7781; best_tax_advantage: 0.0; random_action_prob: 0.2487
make_subcorporation -0.009863013698630137 73
transfer_cash 0.0 33
contribute_for_stock 0.0 22
update_start: 2; random_action_prob: 0.2475
update_complete: 2; loss: 0.027042200788855553; cumulative_reward: -0.7700000000000005; invalid_count: 0; positive_reward_count: 0; success_count: 0; episode_count: 0; random_exploration_count: 25; avg_entropy: 0.7192; best_tax_advantage: 0.0; random_action_prob: 0.2475
make_subcorporation -0.01 75
transfer_cash -0.000625 32
contribute_for_stock 0.0 21
update_start: 3; random_action_prob: 0.2463
update_complete: 3; loss: 0.571199357509613; cumulative_reward: -0.7800000000000005; invalid_count: 0; positive_reward_count: 0; success_count: 0; episode_count: 0; random_exploration_count: 28; avg_entropy: 0.7513; best_tax_advantage: 0.0; random_action_prob: 0.2463
make_subcorporation -0.01 75
transfer_cash 0.0 25
contribute_for_stock -0.0010714285714285715 28
update_start: 4; random_action_prob: 0.2450
update_complete: 4; loss: 0.10124517480532329; cumulative_reward: -0.7600000000000005; invalid_count: 0; positive_reward_count: 0; success_count: 0; episode_count: 0; random_exploration_count: 24; avg_entropy: 0.7458; best_tax_advantage: 0.0; random_action_prob: 0.2450
make_subcorporation -0.01 75
transfer_cash 0.0 34
contribute_for_stock -0.0005263157894736842 19
update_start: 5; random_action_prob: 0.2438
update_complete: 5; loss: 0.1274899293979009; cumulative_reward: -0.7700000000000005; invalid_count: 0; positive_reward_count: 0; success_count: 0; episode_count: 0; random_exploration_count: 36; avg_entropy: 0.8319; best_tax_advantage: 0.0; random_action_prob: 0.2438
make_subcorporation -0.009864864864864865 74
transfer_cash -0.0006896551724137932 29
contribute_for_stock -0.0008 25
update_start: 6; random_action_prob: 0.2426
update_complete: 6; loss: 0.04012304482360681; cumulative_reward: -0.7300000000000004; invalid_count: 0; positive_reward_count: 0; success_count: 0; episode_count: 0; random_exploration_count: 31; avg_entropy: 0.8263; best_tax_advantage: 0.0; random_action_prob: 0.2426
make_subcorporation -0.01 72
transfer_cash 0.0 33
contribute_for_stock -0.0004347826086956522 23
update_start: 7; random_action_prob: 0.2414
update_complete: 7; loss: 0.08548964808384578; cumulative_reward: -0.7600000000000005; invalid_count: 0; positive_reward_count: 0; success_count: 0; episode_count: 0; random_exploration_count: 35; avg_entropy: 0.9171; best_tax_advantage: 0.0; random_action_prob: 0.2414
make_subcorporation -0.009868421052631578 76
transfer_cash 0.0 26
contribute_for_stock -0.0003846153846153846 26
update_start: 8; random_action_prob: 0.2402
update_complete: 8; loss: -0.012352721144755682; cumulative_reward: -0.8100000000000005; invalid_count: 0; positive_reward_count: 0; success_count: 0; episode_count: 0; random_exploration_count: 31; avg_entropy: 1.0364; best_tax_advantage: 0.0; random_action_prob: 0.2402
make_subcorporation -0.01 75
transfer_cash -0.00125 32
contribute_for_stock -0.0009523809523809524 21
update_start: 9; random_action_prob: 0.2390
update_complete: 9; loss: -0.011021022374431292; cumulative_reward: -0.7900000000000005; invalid_count: 0; positive_reward_count: 0; success_count: 0; episode_count: 0; random_exploration_count: 24; avg_entropy: 0.9641; best_tax_advantage: 0.0; random_action_prob: 0.2390
make_subcorporation -0.009864864864864865 74
transfer_cash -0.00125 32
contribute_for_stock -0.0009090909090909091 22
update_start: 10; random_action_prob: 0.2378
update_complete: 10; loss: 0.01618405431509018; cumulative_reward: -0.7900000000000004; invalid_count: 0; positive_reward_count: 0; success_count: 0; episode_count: 0; random_exploration_count: 26; avg_entropy: 1.0984; best_tax_advantage: 0.0; random_action_prob: 0.2378
make_subcorporation -0.009857142857142858 70
transfer_cash -0.0017142857142857142 35
contribute_for_stock -0.0017391304347826088 23
update_start: 11; random_action_prob: 0.2366
update_complete: 11; loss: 0.011002580324808756; cumulative_reward: -0.7900000000000005; invalid_count: 0; positive_reward_count: 0; success_count: 0; episode_count: 0; random_exploration_count: 29; avg_entropy: 1.1017; best_tax_advantage: 0.0; random_action_prob: 0.2366
make_subcorporation -0.01 75
transfer_cash -0.0003448275862068966 29
contribute_for_stock -0.00125 24
update_start: 12; random_action_prob: 0.2354
update_complete: 12; loss: 0.011589813977479935; cumulative_reward: -0.7700000000000004; invalid_count: 0; positive_reward_count: 0; success_count: 0; episode_count: 0; random_exploration_count: 36; avg_entropy: 1.2648; best_tax_advantage: 0.0; random_action_prob: 0.2354
make_subcorporation -0.01 69
transfer_cash -0.0015151515151515152 33
contribute_for_stock -0.0011538461538461537 26
update_start: 13; random_action_prob: 0.2342
update_complete: 13; loss: -0.02602325628201167; cumulative_reward: -0.7100000000000004; invalid_count: 0; positive_reward_count: 0; success_count: 0; episode_count: 0; random_exploration_count: 25; avg_entropy: 1.1963; best_tax_advantage: 0.0; random_action_prob: 0.2342
make_subcorporation -0.01 66
transfer_cash -0.0006896551724137932 29
contribute_for_stock -0.0009090909090909091 33
update_start: 14; random_action_prob: 0.2331
update_complete: 14; loss: -0.014544031272331873; cumulative_reward: -0.6700000000000004; invalid_count: 0; positive_reward_count: 0; success_count: 0; episode_count: 0; random_exploration_count: 25; avg_entropy: 1.1355; best_tax_advantage: 0.0; random_action_prob: 0.2331
make_subcorporation -0.01 66
transfer_cash 0.0 32
contribute_for_stock -0.0003333333333333333 30
update_start: 15; random_action_prob: 0.2319
update_complete: 15; loss: 0.06184489900867144; cumulative_reward: -0.7000000000000004; invalid_count: 0; positive_reward_count: 0; success_count: 0; episode_count: 0; random_exploration_count: 33; avg_entropy: 1.1227; best_tax_advantage: 0.0; random_action_prob: 0.2319
make_subcorporation -0.009857142857142858 70
transfer_cash -0.0003225806451612903 31
contribute_for_stock 0.0 27
update_start: 16; random_action_prob: 0.2307
update_complete: 16; loss: 0.004136024663845698; cumulative_reward: -0.6800000000000004; invalid_count: 0; positive_reward_count: 0; success_count: 0; episode_count: 0; random_exploration_count: 30; avg_entropy: 1.1259; best_tax_advantage: 0.0; random_action_prob: 0.2307
make_subcorporation -0.009852941176470589 68
transfer_cash 0.0 30
contribute_for_stock -0.0003333333333333333 30
update_start: 17; random_action_prob: 0.2296
update_complete: 17; loss: 0.051356187711159386; cumulative_reward: -0.6800000000000004; invalid_count: 0; positive_reward_count: 0; success_count: 0; episode_count: 0; random_exploration_count: 37; avg_entropy: 1.1235; best_tax_advantage: 0.0; random_action_prob: 0.2296
make_subcorporation -0.009850746268656717 67
transfer_cash 0.0 25
contribute_for_stock -0.0005555555555555556 36
update_start: 18; random_action_prob: 0.2284
update_complete: 18; loss: -0.011671606451272964; cumulative_reward: -0.6600000000000004; invalid_count: 0; positive_reward_count: 0; success_count: 0; episode_count: 0; random_exploration_count: 29; avg_entropy: 1.0902; best_tax_advantage: 0.0; random_action_prob: 0.2284
make_subcorporation -0.009850746268656717 67
transfer_cash 0.0 23
contribute_for_stock 0.0 38
update_start: 19; random_action_prob: 0.2273
update_complete: 19; loss: 0.03277475759387016; cumulative_reward: -0.7100000000000004; invalid_count: 0; positive_reward_count: 0; success_count: 0; episode_count: 0; random_exploration_count: 33; avg_entropy: 1.1317; best_tax_advantage: 0.0; random_action_prob: 0.2273
make_subcorporation -0.009857142857142858 70
transfer_cash -0.00035714285714285714 28
contribute_for_stock -0.0003333333333333333 30
update_start: 20; random_action_prob: 0.2262
update_complete: 20; loss: 0.0887946051855882; cumulative_reward: -0.7500000000000004; invalid_count: 0; positive_reward_count: 0; success_count: 0; episode_count: 0; random_exploration_count: 25; avg_entropy: 1.0019; best_tax_advantage: 0.0; random_action_prob: 0.2262
make_subcorporation -0.01 72
transfer_cash -0.0007142857142857143 42
contribute_for_stock 0.0 14
update_start: 21; random_action_prob: 0.2250
update_complete: 21; loss: 0.043814955900112786; cumulative_reward: -0.7000000000000004; invalid_count: 0; positive_reward_count: 0; success_count: 0; episode_count: 0; random_exploration_count: 22; avg_entropy: 1.0451; best_tax_advantage: 0.0; random_action_prob: 0.2250
make_subcorporation -0.01 69
transfer_cash -0.0004 25
contribute_for_stock 0.0 34
update_start: 22; random_action_prob: 0.2239
update_complete: 22; loss: 0.022988970081011455; cumulative_reward: -0.7200000000000004; invalid_count: 0; positive_reward_count: 0; success_count: 0; episode_count: 0; random_exploration_count: 23; avg_entropy: 0.8962; best_tax_advantage: 0.0; random_action_prob: 0.2239
make_subcorporation -0.009863013698630137 73
transfer_cash 0.0 13
contribute_for_stock 0.0 42
update_start: 23; random_action_prob: 0.2228
update_complete: 23; loss: -0.006514362990856171; cumulative_reward: -0.8400000000000005; invalid_count: 0; positive_reward_count: 0; success_count: 0; episode_count: 0; random_exploration_count: 27; avg_entropy: 0.9269; best_tax_advantage: 0.0; random_action_prob: 0.2228
make_subcorporation -0.01 84
transfer_cash 0.0 4
contribute_for_stock 0.0 40
update_start: 24; random_action_prob: 0.2217
update_complete: 24; loss: 0.05446032310525576; cumulative_reward: -0.8000000000000005; invalid_count: 0; positive_reward_count: 0; success_count: 0; episode_count: 0; random_exploration_count: 24; avg_entropy: 0.9042; best_tax_advantage: 0.0; random_action_prob: 0.2217
make_subcorporation -0.01 78
transfer_cash 0.0 10
contribute_for_stock -0.0005 40
update_start: 25; random_action_prob: 0.2206
update_complete: 25; loss: 0.046342642356952034; cumulative_reward: 1.2099999999999995; invalid_count: 0; positive_reward_count: 4; success_count: 2; episode_count: 2; random_exploration_count: 39; avg_entropy: 1.0012; best_tax_advantage: 35.0; random_action_prob: 0.2206
make_subcorporation -0.009620253164556962 79
transfer_cash 0.18 11
contribute_for_stock -0.0002631578947368421 38
update_start: 26; random_action_prob: 0.2195
update_complete: 26; loss: 0.09756312270959218; cumulative_reward: -0.8200000000000005; invalid_count: 0; positive_reward_count: 0; success_count: 0; episode_count: 0; random_exploration_count: 33; avg_entropy: 0.9488; best_tax_advantage: 0.0; random_action_prob: 0.2195
make_subcorporation -0.009878048780487805 82
transfer_cash 0.0 16
contribute_for_stock -0.0003333333333333333 30
update_start: 27; random_action_prob: 0.2184
update_complete: 27; loss: 0.022475458681583405; cumulative_reward: -0.8400000000000005; invalid_count: 0; positive_reward_count: 0; success_count: 0; episode_count: 0; random_exploration_count: 24; avg_entropy: 0.9129; best_tax_advantage: 0.0; random_action_prob: 0.2184
make_subcorporation -0.00988235294117647 85
transfer_cash 0.0 20
contribute_for_stock 0.0 23
update_start: 28; random_action_prob: 0.2173
update_complete: 28; loss: 0.006932431211074193; cumulative_reward: -0.8200000000000005; invalid_count: 0; positive_reward_count: 0; success_count: 0; episode_count: 0; random_exploration_count: 27; avg_entropy: 1.0147; best_tax_advantage: 0.0; random_action_prob: 0.2173
make_subcorporation -0.009879518072289158 83
transfer_cash 0.0 15
contribute_for_stock 0.0 30
update_start: 29; random_action_prob: 0.2162
update_complete: 29; loss: 0.02516417329510053; cumulative_reward: -0.8500000000000005; invalid_count: 0; positive_reward_count: 0; success_count: 0; episode_count: 0; random_exploration_count: 25; avg_entropy: 0.9142; best_tax_advantage: 0.0; random_action_prob: 0.2162
make_subcorporation -0.009883720930232558 86
transfer_cash 0.0 11
contribute_for_stock 0.0 31
update_start: 30; random_action_prob: 0.2151
update_complete: 30; loss: -0.024060799429814022; cumulative_reward: -0.8100000000000005; invalid_count: 0; positive_reward_count: 0; success_count: 0; episode_count: 0; random_exploration_count: 28; avg_entropy: 0.9663; best_tax_advantage: 0.0; random_action_prob: 0.2151
make_subcorporation -0.01 81
transfer_cash 0.0 12
contribute_for_stock 0.0 35
update_start: 31; random_action_prob: 0.2140
update_complete: 31; loss: -4.8562263449033104e-05; cumulative_reward: -0.8400000000000005; invalid_count: 0; positive_reward_count: 0; success_count: 0; episode_count: 0; random_exploration_count: 24; avg_entropy: 0.8320; best_tax_advantage: 0.0; random_action_prob: 0.2140
make_subcorporation -0.01 84
transfer_cash 0.0 6
contribute_for_stock 0.0 38
update_start: 32; random_action_prob: 0.2130
update_complete: 32; loss: 0.024701643735170364; cumulative_reward: -0.7900000000000005; invalid_count: 0; positive_reward_count: 0; success_count: 0; episode_count: 0; random_exploration_count: 27; avg_entropy: 0.8914; best_tax_advantage: 0.0; random_action_prob: 0.2130
make_subcorporation -0.009875 80
transfer_cash 0.0 7
contribute_for_stock 0.0 41
update_start: 33; random_action_prob: 0.2119
update_complete: 33; loss: 0.03445499762892723; cumulative_reward: -0.7800000000000005; invalid_count: 0; positive_reward_count: 0; success_count: 0; episode_count: 0; random_exploration_count: 26; avg_entropy: 0.8734; best_tax_advantage: 0.0; random_action_prob: 0.2119
make_subcorporation -0.01 78
transfer_cash 0.0 10
contribute_for_stock 0.0 40
update_start: 34; random_action_prob: 0.2108
update_complete: 34; loss: 0.008200574666261673; cumulative_reward: -0.8700000000000006; invalid_count: 0; positive_reward_count: 0; success_count: 0; episode_count: 0; random_exploration_count: 17; avg_entropy: 0.8440; best_tax_advantage: 0.0; random_action_prob: 0.2108
make_subcorporation -0.01 87
transfer_cash 0.0 23
contribute_for_stock 0.0 18
update_start: 35; random_action_prob: 0.2098
update_complete: 35; loss: 0.026231021930774052; cumulative_reward: -0.7900000000000005; invalid_count: 0; positive_reward_count: 0; success_count: 0; episode_count: 0; random_exploration_count: 32; avg_entropy: 0.9881; best_tax_advantage: 0.0; random_action_prob: 0.2098
make_subcorporation -0.01 78
transfer_cash -0.00028571428571428574 35
contribute_for_stock 0.0 15
update_start: 36; random_action_prob: 0.2087
update_complete: 36; loss: 0.0522142139573892; cumulative_reward: -0.8400000000000005; invalid_count: 0; positive_reward_count: 0; success_count: 0; episode_count: 0; random_exploration_count: 25; avg_entropy: 0.8638; best_tax_advantage: 0.0; random_action_prob: 0.2087
make_subcorporation -0.01 84
transfer_cash 0.0 28
contribute_for_stock 0.0 16
update_start: 37; random_action_prob: 0.2077
update_complete: 37; loss: 0.09304279585679372; cumulative_reward: -0.8100000000000005; invalid_count: 0; positive_reward_count: 0; success_count: 0; episode_count: 0; random_exploration_count: 38; avg_entropy: 0.8887; best_tax_advantage: 0.0; random_action_prob: 0.2077
make_subcorporation -0.009875 80
transfer_cash -0.0004761904761904762 42
contribute_for_stock 0.0 6
update_start: 38; random_action_prob: 0.2066
update_complete: 38; loss: 0.03881154954433441; cumulative_reward: -0.8200000000000005; invalid_count: 0; positive_reward_count: 0; success_count: 0; episode_count: 0; random_exploration_count: 32; avg_entropy: 0.8125; best_tax_advantage: 0.0; random_action_prob: 0.2066
make_subcorporation -0.009879518072289158 83
transfer_cash 0.0 38
contribute_for_stock 0.0 7
update_start: 39; random_action_prob: 0.2056
update_complete: 39; loss: 0.027176809807618458; cumulative_reward: -0.8100000000000005; invalid_count: 0; positive_reward_count: 0; success_count: 0; episode_count: 0; random_exploration_count: 25; avg_entropy: 0.8689; best_tax_advantage: 0.0; random_action_prob: 0.2056
make_subcorporation -0.01 81
transfer_cash 0.0 38
contribute_for_stock 0.0 9
update_start: 40; random_action_prob: 0.2046
update_complete: 40; loss: 0.03839891900618871; cumulative_reward: -0.8100000000000005; invalid_count: 0; positive_reward_count: 0; success_count: 0; episode_count: 0; random_exploration_count: 29; avg_entropy: 0.9233; best_tax_advantage: 0.0; random_action_prob: 0.2046
make_subcorporation -0.01 81
transfer_cash 0.0 32
contribute_for_stock 0.0 15
update_start: 41; random_action_prob: 0.2036
update_complete: 41; loss: 0.09496734291315079; cumulative_reward: -0.8400000000000005; invalid_count: 0; positive_reward_count: 0; success_count: 0; episode_count: 0; random_exploration_count: 20; avg_entropy: 0.8856; best_tax_advantage: 0.0; random_action_prob: 0.2036
make_subcorporation -0.00988235294117647 85
transfer_cash 0.0 30
contribute_for_stock 0.0 13
update_start: 42; random_action_prob: 0.2025
update_complete: 42; loss: 0.02413786326845487; cumulative_reward: -0.7800000000000005; invalid_count: 0; positive_reward_count: 0; success_count: 0; episode_count: 0; random_exploration_count: 26; avg_entropy: 0.9464; best_tax_advantage: 0.0; random_action_prob: 0.2025
make_subcorporation -0.009873417721518988 79
transfer_cash 0.0 30
contribute_for_stock 0.0 19
update_start: 43; random_action_prob: 0.2015
update_complete: 43; loss: 0.05550416683157285; cumulative_reward: -0.7800000000000005; invalid_count: 0; positive_reward_count: 0; success_count: 0; episode_count: 0; random_exploration_count: 21; avg_entropy: 0.8516; best_tax_advantage: 0.0; random_action_prob: 0.2015
make_subcorporation -0.01 78
transfer_cash 0.0 25
contribute_for_stock 0.0 25
update_start: 44; random_action_prob: 0.2005
update_complete: 44; loss: 0.027989319215218227; cumulative_reward: -0.7600000000000005; invalid_count: 0; positive_reward_count: 0; success_count: 0; episode_count: 0; random_exploration_count: 29; avg_entropy: 0.9103; best_tax_advantage: 0.0; random_action_prob: 0.2005
make_subcorporation -0.01 75
transfer_cash -0.0003225806451612903 31
contribute_for_stock 0.0 22
update_start: 45; random_action_prob: 0.1995
update_complete: 45; loss: 0.06695967415968578; cumulative_reward: -0.7500000000000004; invalid_count: 0; positive_reward_count: 0; success_count: 0; episode_count: 0; random_exploration_count: 28; avg_entropy: 0.8190; best_tax_advantage: 0.0; random_action_prob: 0.1995
make_subcorporation -0.01 75
transfer_cash 0.0 31
contribute_for_stock 0.0 22
update_start: 46; random_action_prob: 0.1985
update_complete: 46; loss: 0.014482233673334122; cumulative_reward: -0.7800000000000005; invalid_count: 0; positive_reward_count: 0; success_count: 0; episode_count: 0; random_exploration_count: 28; avg_entropy: 0.8742; best_tax_advantage: 0.0; random_action_prob: 0.1985
make_subcorporation -0.01 75
transfer_cash -0.0006060606060606061 33
contribute_for_stock -0.0005 20
update_start: 47; random_action_prob: 0.1975
update_complete: 47; loss: 0.043956030160188675; cumulative_reward: -0.7600000000000005; invalid_count: 0; positive_reward_count: 0; success_count: 0; episode_count: 0; random_exploration_count: 22; avg_entropy: 0.7241; best_tax_advantage: 0.0; random_action_prob: 0.1975
make_subcorporation -0.01 75
transfer_cash -0.0002777777777777778 36
contribute_for_stock 0.0 17
update_start: 48; random_action_prob: 0.1965
update_complete: 48; loss: 0.02724947656194369; cumulative_reward: -0.7500000000000004; invalid_count: 0; positive_reward_count: 0; success_count: 0; episode_count: 0; random_exploration_count: 24; avg_entropy: 0.6149; best_tax_advantage: 0.0; random_action_prob: 0.1965
make_subcorporation -0.01 75
transfer_cash 0.0 45
contribute_for_stock 0.0 8
update_start: 49; random_action_prob: 0.1956
update_complete: 49; loss: 0.05603216215968132; cumulative_reward: -0.7600000000000005; invalid_count: 0; positive_reward_count: 0; success_count: 0; episode_count: 0; random_exploration_count: 24; avg_entropy: 0.5784; best_tax_advantage: 0.0; random_action_prob: 0.1956
make_subcorporation -0.009870129870129871 77
transfer_cash 0.0 41
contribute_for_stock 0.0 10
update_start: 50; random_action_prob: 0.1946
update_complete: 50; loss: 0.04795917123556137; cumulative_reward: -0.7500000000000004; invalid_count: 0; positive_reward_count: 0; success_count: 0; episode_count: 0; random_exploration_count: 25; avg_entropy: 0.5441; best_tax_advantage: 0.0; random_action_prob: 0.1946
make_subcorporation -0.01 75
transfer_cash 0.0 45
contribute_for_stock 0.0 8
update_start: 51; random_action_prob: 0.1936
update_complete: 51; loss: 0.09633306662241618; cumulative_reward: -0.7500000000000004; invalid_count: 0; positive_reward_count: 0; success_count: 0; episode_count: 0; random_exploration_count: 26; avg_entropy: 0.4884; best_tax_advantage: 0.0; random_action_prob: 0.1936
make_subcorporation -0.01 75
transfer_cash 0.0 49
contribute_for_stock 0.0 4
update_start: 52; random_action_prob: 0.1926
update_complete: 52; loss: 0.07970684766769409; cumulative_reward: -0.7200000000000004; invalid_count: 0; positive_reward_count: 0; success_count: 0; episode_count: 0; random_exploration_count: 25; avg_entropy: 0.4907; best_tax_advantage: 0.0; random_action_prob: 0.1926
make_subcorporation -0.009863013698630137 73
transfer_cash 0.0 46
contribute_for_stock 0.0 9
update_start: 53; random_action_prob: 0.1917
update_complete: 53; loss: 0.11409825831651688; cumulative_reward: -0.7600000000000005; invalid_count: 0; positive_reward_count: 0; success_count: 0; episode_count: 0; random_exploration_count: 24; avg_entropy: 0.3917; best_tax_advantage: 0.0; random_action_prob: 0.1917
make_subcorporation -0.009870129870129871 77
transfer_cash 0.0 49
contribute_for_stock 0.0 2
update_start: 54; random_action_prob: 0.1907
update_complete: 54; loss: 0.05194515362381935; cumulative_reward: -0.7500000000000004; invalid_count: 0; positive_reward_count: 0; success_count: 0; episode_count: 0; random_exploration_count: 23; avg_entropy: 0.4170; best_tax_advantage: 0.0; random_action_prob: 0.1907
make_subcorporation -0.009868421052631578 76
transfer_cash 0.0 47
contribute_for_stock 0.0 5
update_start: 55; random_action_prob: 0.1898
update_complete: 55; loss: 0.034206319600343704; cumulative_reward: -0.7900000000000005; invalid_count: 0; positive_reward_count: 0; success_count: 0; episode_count: 0; random_exploration_count: 31; avg_entropy: 0.4964; best_tax_advantage: 0.0; random_action_prob: 0.1898
make_subcorporation -0.009875 80
transfer_cash 0.0 42
contribute_for_stock 0.0 6
update_start: 56; random_action_prob: 0.1888
update_complete: 56; loss: 0.08185527225335439; cumulative_reward: -0.7900000000000005; invalid_count: 0; positive_reward_count: 0; success_count: 0; episode_count: 0; random_exploration_count: 23; avg_entropy: 0.4236; best_tax_advantage: 0.0; random_action_prob: 0.1888
make_subcorporation -0.01 78
transfer_cash -0.0002173913043478261 46
contribute_for_stock 0.0 4
update_start: 57; random_action_prob: 0.1879
update_complete: 57; loss: 0.03075397511323293; cumulative_reward: -0.7800000000000005; invalid_count: 0; positive_reward_count: 0; success_count: 0; episode_count: 0; random_exploration_count: 23; avg_entropy: 0.4402; best_tax_advantage: 0.0; random_action_prob: 0.1879
make_subcorporation -0.01 78
transfer_cash 0.0 48
contribute_for_stock 0.0 2
update_start: 58; random_action_prob: 0.1869
update_complete: 58; loss: 0.035697356487313904; cumulative_reward: -0.7800000000000005; invalid_count: 0; positive_reward_count: 0; success_count: 0; episode_count: 0; random_exploration_count: 27; avg_entropy: 0.4887; best_tax_advantage: 0.0; random_action_prob: 0.1869
make_subcorporation -0.009873417721518988 79
transfer_cash 0.0 44
contribute_for_stock 0.0 5
update_start: 59; random_action_prob: 0.1860
update_complete: 59; loss: 0.030344232295950253; cumulative_reward: -0.8400000000000005; invalid_count: 0; positive_reward_count: 0; success_count: 0; episode_count: 0; random_exploration_count: 21; avg_entropy: 0.4134; best_tax_advantage: 0.0; random_action_prob: 0.1860
make_subcorporation -0.01 84
transfer_cash 0.0 44
update_start: 60; random_action_prob: 0.1851
update_complete: 60; loss: 0.06628819182515144; cumulative_reward: -0.7900000000000005; invalid_count: 0; positive_reward_count: 0; success_count: 0; episode_count: 0; random_exploration_count: 24; avg_entropy: 0.4496; best_tax_advantage: 0.0; random_action_prob: 0.1851
make_subcorporation -0.009875 80
transfer_cash 0.0 46
contribute_for_stock 0.0 2
update_start: 61; random_action_prob: 0.1841
update_complete: 61; loss: 0.06898979842662811; cumulative_reward: -0.7600000000000005; invalid_count: 0; positive_reward_count: 0; success_count: 0; episode_count: 0; random_exploration_count: 21; avg_entropy: 0.4500; best_tax_advantage: 0.0; random_action_prob: 0.1841
make_subcorporation -0.009868421052631578 76
transfer_cash 0.0 49
contribute_for_stock -0.0033333333333333335 3
update_start: 62; random_action_prob: 0.1832
update_complete: 62; loss: 0.07306818912426631; cumulative_reward: -0.8100000000000005; invalid_count: 0; positive_reward_count: 0; success_count: 0; episode_count: 0; random_exploration_count: 20; avg_entropy: 0.4668; best_tax_advantage: 0.0; random_action_prob: 0.1832
make_subcorporation -0.01 78
transfer_cash -0.0002127659574468085 47
contribute_for_stock -0.006666666666666667 3
update_start: 63; random_action_prob: 0.1823
update_complete: 63; loss: 0.02703864562014739; cumulative_reward: -0.7900000000000005; invalid_count: 0; positive_reward_count: 0; success_count: 0; episode_count: 0; random_exploration_count: 16; avg_entropy: 0.4463; best_tax_advantage: 0.0; random_action_prob: 0.1823
make_subcorporation -0.01 78
transfer_cash -0.00024390243902439024 41
contribute_for_stock 0.0 9
update_start: 64; random_action_prob: 0.1814
update_complete: 64; loss: 0.011025385931134224; cumulative_reward: -0.8300000000000005; invalid_count: 0; positive_reward_count: 0; success_count: 0; episode_count: 0; random_exploration_count: 26; avg_entropy: 0.6058; best_tax_advantage: 0.0; random_action_prob: 0.1814
make_subcorporation -0.009875 80
transfer_cash -0.0008695652173913044 46
contribute_for_stock 0.0 2
update_start: 65; random_action_prob: 0.1805
update_complete: 65; loss: 0.08647515376408894; cumulative_reward: -0.8100000000000005; invalid_count: 0; positive_reward_count: 0; success_count: 0; episode_count: 0; random_exploration_count: 18; avg_entropy: 0.5416; best_tax_advantage: 0.0; random_action_prob: 0.1805
make_subcorporation -0.01 81
transfer_cash 0.0 35
contribute_for_stock 0.0 12
update_start: 66; random_action_prob: 0.1796
update_complete: 66; loss: 0.060174486289421715; cumulative_reward: -0.8300000000000005; invalid_count: 0; positive_reward_count: 0; success_count: 0; episode_count: 0; random_exploration_count: 27; avg_entropy: 0.6224; best_tax_advantage: 0.0; random_action_prob: 0.1796
make_subcorporation -0.009879518072289158 83
transfer_cash -0.00028571428571428574 35
contribute_for_stock 0.0 10
update_start: 67; random_action_prob: 0.1787
update_complete: 67; loss: 0.13527798155943552; cumulative_reward: -0.8700000000000006; invalid_count: 0; positive_reward_count: 0; success_count: 0; episode_count: 0; random_exploration_count: 26; avg_entropy: 0.6036; best_tax_advantage: 0.0; random_action_prob: 0.1787
make_subcorporation -0.01 87
transfer_cash 0.0 39
contribute_for_stock 0.0 2
update_start: 68; random_action_prob: 0.1778
update_complete: 68; loss: 0.01604047417640686; cumulative_reward: -0.8800000000000006; invalid_count: 0; positive_reward_count: 0; success_count: 0; episode_count: 0; random_exploration_count: 21; avg_entropy: 0.6508; best_tax_advantage: 0.0; random_action_prob: 0.1778
make_subcorporation -0.01 87
transfer_cash -0.0003125 32
contribute_for_stock 0.0 9
update_start: 69; random_action_prob: 0.1769
update_complete: 69; loss: 0.01877569096783797; cumulative_reward: -0.8800000000000006; invalid_count: 0; positive_reward_count: 0; success_count: 0; episode_count: 0; random_exploration_count: 20; avg_entropy: 0.7318; best_tax_advantage: 0.0; random_action_prob: 0.1769
make_subcorporation -0.009886363636363636 88
transfer_cash -0.00030303030303030303 33
contribute_for_stock 0.0 7
update_start: 70; random_action_prob: 0.1760
update_complete: 70; loss: 0.058098054180542626; cumulative_reward: -0.8400000000000005; invalid_count: 0; positive_reward_count: 0; success_count: 0; episode_count: 0; random_exploration_count: 23; avg_entropy: 0.7908; best_tax_advantage: 0.0; random_action_prob: 0.1760
make_subcorporation -0.00988235294117647 85
transfer_cash 0.0 35
contribute_for_stock 0.0 8
update_start: 71; random_action_prob: 0.1751
update_complete: 71; loss: 0.024450110892454784; cumulative_reward: -0.8500000000000005; invalid_count: 0; positive_reward_count: 0; success_count: 0; episode_count: 0; random_exploration_count: 17; avg_entropy: 0.7845; best_tax_advantage: 0.0; random_action_prob: 0.1751
make_subcorporation -0.009883720930232558 86
transfer_cash 0.0 27
contribute_for_stock 0.0 15
update_start: 72; random_action_prob: 0.1743
update_complete: 72; loss: -0.01005070780714353; cumulative_reward: -0.8100000000000005; invalid_count: 0; positive_reward_count: 0; success_count: 0; episode_count: 0; random_exploration_count: 26; avg_entropy: 0.9046; best_tax_advantage: 0.0; random_action_prob: 0.1743
make_subcorporation -0.01 81
transfer_cash 0.0 27
contribute_for_stock 0.0 20
update_start: 73; random_action_prob: 0.1734
update_complete: 73; loss: -0.00013479714592297873; cumulative_reward: -0.8200000000000005; invalid_count: 0; positive_reward_count: 0; success_count: 0; episode_count: 0; random_exploration_count: 23; avg_entropy: 0.9503; best_tax_advantage: 0.0; random_action_prob: 0.1734
make_subcorporation -0.009878048780487805 82
transfer_cash -0.0007142857142857143 14
contribute_for_stock 0.0 32
update_start: 74; random_action_prob: 0.1725
update_complete: 74; loss: 0.00341773529847463; cumulative_reward: -0.8100000000000005; invalid_count: 0; positive_reward_count: 0; success_count: 0; episode_count: 0; random_exploration_count: 25; avg_entropy: 0.9812; best_tax_advantage: 0.0; random_action_prob: 0.1725
make_subcorporation -0.009875 80
transfer_cash -0.0010526315789473684 19
contribute_for_stock 0.0 29
update_start: 75; random_action_prob: 0.1717
update_complete: 75; loss: -0.020320767536759377; cumulative_reward: -0.8800000000000006; invalid_count: 0; positive_reward_count: 0; success_count: 0; episode_count: 0; random_exploration_count: 24; avg_entropy: 1.0308; best_tax_advantage: 0.0; random_action_prob: 0.1717
make_subcorporation -0.01 84
transfer_cash -0.0011111111111111111 18
contribute_for_stock -0.0007692307692307692 26
update_start: 76; random_action_prob: 0.1708
update_complete: 76; loss: -0.010100841522216797; cumulative_reward: -0.8700000000000006; invalid_count: 0; positive_reward_count: 0; success_count: 0; episode_count: 0; random_exploration_count: 31; avg_entropy: 1.0955; best_tax_advantage: 0.0; random_action_prob: 0.1708
make_subcorporation -0.009883720930232558 86
transfer_cash -0.0005555555555555556 18
contribute_for_stock -0.0004166666666666667 24
update_start: 77; random_action_prob: 0.1699
update_complete: 77; loss: -0.018808791413903236; cumulative_reward: -0.8100000000000005; invalid_count: 0; positive_reward_count: 0; success_count: 0; episode_count: 0; random_exploration_count: 21; avg_entropy: 1.1145; best_tax_advantage: 0.0; random_action_prob: 0.1699
make_subcorporation -0.01 78
transfer_cash -0.0011538461538461537 26
contribute_for_stock 0.0 24
update_start: 78; random_action_prob: 0.1691
update_complete: 78; loss: -0.02549838274717331; cumulative_reward: -0.7600000000000005; invalid_count: 0; positive_reward_count: 0; success_count: 0; episode_count: 0; random_exploration_count: 17; avg_entropy: 0.9783; best_tax_advantage: 0.0; random_action_prob: 0.1691
make_subcorporation -0.009870129870129871 77
transfer_cash 0.0 29
contribute_for_stock 0.0 22
update_start: 79; random_action_prob: 0.1683
update_complete: 79; loss: -0.014411451915899912; cumulative_reward: -0.7900000000000005; invalid_count: 0; positive_reward_count: 0; success_count: 0; episode_count: 0; random_exploration_count: 22; avg_entropy: 0.9737; best_tax_advantage: 0.0; random_action_prob: 0.1683
make_subcorporation -0.009875 80
transfer_cash 0.0 35
contribute_for_stock 0.0 13
update_start: 80; random_action_prob: 0.1674
update_complete: 80; loss: -0.03079135778049628; cumulative_reward: -0.8400000000000005; invalid_count: 0; positive_reward_count: 0; success_count: 0; episode_count: 0; random_exploration_count: 17; avg_entropy: 0.9295; best_tax_advantage: 0.0; random_action_prob: 0.1674
make_subcorporation -0.01 84
transfer_cash 0.0 27
contribute_for_stock 0.0 17
update_start: 81; random_action_prob: 0.1666
update_complete: 81; loss: -0.027518794561425846; cumulative_reward: -0.7800000000000005; invalid_count: 0; positive_reward_count: 0; success_count: 0; episode_count: 0; random_exploration_count: 20; avg_entropy: 1.0012; best_tax_advantage: 0.0; random_action_prob: 0.1666
make_subcorporation -0.009873417721518988 79
transfer_cash 0.0 23
contribute_for_stock 0.0 26
update_start: 82; random_action_prob: 0.1657
update_complete: 82; loss: 0.025339818249146145; cumulative_reward: -0.7500000000000004; invalid_count: 0; positive_reward_count: 0; success_count: 0; episode_count: 0; random_exploration_count: 21; avg_entropy: 0.9825; best_tax_advantage: 0.0; random_action_prob: 0.1657
make_subcorporation -0.01 75
transfer_cash 0.0 21
contribute_for_stock 0.0 32
update_start: 83; random_action_prob: 0.1649
update_complete: 83; loss: -0.020288418978452682; cumulative_reward: -0.7500000000000004; invalid_count: 0; positive_reward_count: 0; success_count: 0; episode_count: 0; random_exploration_count: 9; avg_entropy: 0.9574; best_tax_advantage: 0.0; random_action_prob: 0.1649
make_subcorporation -0.01 75
transfer_cash 0.0 17
contribute_for_stock 0.0 36
update_start: 84; random_action_prob: 0.1641
update_complete: 84; loss: -0.014588465914130211; cumulative_reward: 0.21999999999999958; invalid_count: 0; positive_reward_count: 1; success_count: 1; episode_count: 1; random_exploration_count: 25; avg_entropy: 1.1188; best_tax_advantage: 35.0; random_action_prob: 0.1641
make_subcorporation -0.009859154929577466 71
transfer_cash 0.045714285714285714 21
contribute_for_stock -0.0011111111111111111 36
update_start: 85; random_action_prob: 0.1633
update_complete: 85; loss: 0.06674075499176979; cumulative_reward: 0.22999999999999957; invalid_count: 0; positive_reward_count: 2; success_count: 1; episode_count: 1; random_exploration_count: 27; avg_entropy: 1.1979; best_tax_advantage: 35.0; random_action_prob: 0.1633
make_subcorporation -0.009859154929577466 71
transfer_cash 0.03321428571428571 28
contribute_for_stock 0.0 29
update_start: 86; random_action_prob: 0.1625
update_complete: 86; loss: -0.045724584410587944; cumulative_reward: -0.7800000000000005; invalid_count: 0; positive_reward_count: 0; success_count: 0; episode_count: 0; random_exploration_count: 15; avg_entropy: 1.1847; best_tax_advantage: 0.0; random_action_prob: 0.1625
make_subcorporation -0.01 75
transfer_cash -0.000967741935483871 31
contribute_for_stock 0.0 22
update_start: 87; random_action_prob: 0.1616
update_complete: 87; loss: -0.026248219112555187; cumulative_reward: -0.7600000000000005; invalid_count: 0; positive_reward_count: 0; success_count: 0; episode_count: 0; random_exploration_count: 20; avg_entropy: 1.0786; best_tax_advantage: 0.0; random_action_prob: 0.1616
make_subcorporation -0.01 75
transfer_cash -0.0003333333333333333 30
contribute_for_stock 0.0 23
update_start: 88; random_action_prob: 0.1608
update_complete: 88; loss: 0.05571362872918447; cumulative_reward: -0.7200000000000004; invalid_count: 0; positive_reward_count: 0; success_count: 0; episode_count: 0; random_exploration_count: 25; avg_entropy: 1.1097; best_tax_advantage: 0.0; random_action_prob: 0.1608
make_subcorporation -0.01 72
transfer_cash 0.0 24
contribute_for_stock 0.0 32
update_start: 89; random_action_prob: 0.1600
update_complete: 89; loss: 0.018777350584665935; cumulative_reward: -0.7200000000000004; invalid_count: 0; positive_reward_count: 0; success_count: 0; episode_count: 0; random_exploration_count: 18; avg_entropy: 1.0480; best_tax_advantage: 0.0; random_action_prob: 0.1600
make_subcorporation -0.01 72
transfer_cash 0.0 23
contribute_for_stock 0.0 33
update_start: 90; random_action_prob: 0.1592
update_complete: 90; loss: -0.027042050535480183; cumulative_reward: -0.6600000000000004; invalid_count: 0; positive_reward_count: 0; success_count: 0; episode_count: 0; random_exploration_count: 20; avg_entropy: 1.0085; best_tax_advantage: 0.0; random_action_prob: 0.1592
make_subcorporation -0.009850746268656717 67
transfer_cash 0.0 29
contribute_for_stock 0.0 32
update_start: 91; random_action_prob: 0.1584
update_complete: 91; loss: -0.015767749398946762; cumulative_reward: -0.6900000000000004; invalid_count: 0; positive_reward_count: 0; success_count: 0; episode_count: 0; random_exploration_count: 16; avg_entropy: 0.9929; best_tax_advantage: 0.0; random_action_prob: 0.1584
make_subcorporation -0.009857142857142858 70
transfer_cash 0.0 34
contribute_for_stock 0.0 24
update_start: 92; random_action_prob: 0.1576
update_complete: 92; loss: 0.01579033335049947; cumulative_reward: -0.6900000000000004; invalid_count: 0; positive_reward_count: 0; success_count: 0; episode_count: 0; random_exploration_count: 15; avg_entropy: 1.0145; best_tax_advantage: 0.0; random_action_prob: 0.1576
make_subcorporation -0.009857142857142858 70
transfer_cash 0.0 28
contribute_for_stock 0.0 30
update_start: 93; random_action_prob: 0.1569
update_complete: 93; loss: -0.02460748826464017; cumulative_reward: -0.6700000000000004; invalid_count: 0; positive_reward_count: 0; success_count: 0; episode_count: 0; random_exploration_count: 16; avg_entropy: 1.0167; best_tax_advantage: 0.0; random_action_prob: 0.1569
make_subcorporation -0.01 66
transfer_cash -0.0003846153846153846 26
contribute_for_stock 0.0 36
update_start: 94; random_action_prob: 0.1561
update_complete: 94; loss: -0.003115034972627958; cumulative_reward: -0.6900000000000004; invalid_count: 0; positive_reward_count: 0; success_count: 0; episode_count: 0; random_exploration_count: 25; avg_entropy: 0.8242; best_tax_advantage: 0.0; random_action_prob: 0.1561
make_subcorporation -0.01 69
transfer_cash 0.0 14
contribute_for_stock 0.0 45
update_start: 95; random_action_prob: 0.1553
update_complete: 95; loss: 0.018389582633972168; cumulative_reward: -0.6300000000000003; invalid_count: 0; positive_reward_count: 0; success_count: 0; episode_count: 0; random_exploration_count: 13; avg_entropy: 0.7534; best_tax_advantage: 0.0; random_action_prob: 0.1553
make_subcorporation -0.00984375 64
transfer_cash 0.0 16
contribute_for_stock 0.0 48
update_start: 96; random_action_prob: 0.1545
update_complete: 96; loss: -0.015437480683128038; cumulative_reward: -0.6400000000000003; invalid_count: 0; positive_reward_count: 0; success_count: 0; episode_count: 0; random_exploration_count: 17; avg_entropy: 0.8007; best_tax_advantage: 0.0; random_action_prob: 0.1545
make_subcorporation -0.009846153846153846 65
transfer_cash 0.0 16
contribute_for_stock 0.0 47
update_start: 97; random_action_prob: 0.1537
update_complete: 97; loss: 0.017396342009305954; cumulative_reward: -0.6300000000000003; invalid_count: 0; positive_reward_count: 0; success_count: 0; episode_count: 0; random_exploration_count: 17; avg_entropy: 0.8382; best_tax_advantage: 0.0; random_action_prob: 0.1537
make_subcorporation -0.01 63
transfer_cash 0.0 17
contribute_for_stock 0.0 48
update_start: 98; random_action_prob: 0.1530
update_complete: 98; loss: 0.07231798271338145; cumulative_reward: -0.6200000000000003; invalid_count: 0; positive_reward_count: 0; success_count: 0; episode_count: 0; random_exploration_count: 20; avg_entropy: 0.8077; best_tax_advantage: 0.0; random_action_prob: 0.1530
make_subcorporation -0.009836065573770491 61
transfer_cash -0.0014285714285714286 14
contribute_for_stock 0.0 53
update_start: 99; random_action_prob: 0.1522
update_complete: 99; loss: 0.029617334405581158; cumulative_reward: -0.8200000000000005; invalid_count: 0; positive_reward_count: 0; success_count: 0; episode_count: 0; random_exploration_count: 15; avg_entropy: 0.9341; best_tax_advantage: 0.0; random_action_prob: 0.1522
make_subcorporation -0.01 66
transfer_cash -0.004166666666666667 24
contribute_for_stock -0.0015789473684210526 38
2026-08-07T15:16:36 completed barnes_group run=8 elapsed_seconds=477.91 updates_logged=100
2026-08-07T15:16:36 running barnes_group run=9 seed=1738
env_variant: HardTaxEnv
update_start: 0; random_action_prob: 0.2500
update_complete: 0; loss: 0.06798361738522847; cumulative_reward: -0.9200000000000006; invalid_count: 0; positive_reward_count: 0; success_count: 0; episode_count: 0; random_exploration_count: 35; avg_entropy: 1.3228; best_tax_advantage: 0.0; random_action_prob: 0.2500
make_subcorporation -0.01 75
transfer_cash -0.006521739130434782 23
contribute_for_stock -0.0006666666666666666 30
update_start: 1; random_action_prob: 0.2487
update_complete: 1; loss: 0.128021240234375; cumulative_reward: 0.10999999999999953; invalid_count: 0; positive_reward_count: 1; success_count: 1; episode_count: 1; random_exploration_count: 30; avg_entropy: 1.6329; best_tax_advantage: 35.0; random_action_prob: 0.2487
make_subcorporation -0.009846153846153846 65
transfer_cash 0.027857142857142858 28
contribute_for_stock -0.0008571428571428571 35
update_start: 2; random_action_prob: 0.2475
update_complete: 2; loss: 0.13265658418337503; cumulative_reward: -0.8400000000000005; invalid_count: 0; positive_reward_count: 0; success_count: 0; episode_count: 0; random_exploration_count: 35; avg_entropy: 1.4351; best_tax_advantage: 0.0; random_action_prob: 0.2475
make_subcorporation -0.01 69
transfer_cash -0.004761904761904762 21
contribute_for_stock -0.0013157894736842105 38
update_start: 3; random_action_prob: 0.2463
update_complete: 3; loss: 0.18615257491668066; cumulative_reward: -0.7300000000000004; invalid_count: 0; positive_reward_count: 0; success_count: 0; episode_count: 0; random_exploration_count: 29; avg_entropy: 1.2869; best_tax_advantage: 0.0; random_action_prob: 0.2463
make_subcorporation -0.009859154929577466 71
transfer_cash -0.0008571428571428571 35
contribute_for_stock 0.0 22
update_start: 4; random_action_prob: 0.2450
update_complete: 4; loss: 0.27347539241115254; cumulative_reward: -0.8200000000000005; invalid_count: 0; positive_reward_count: 0; success_count: 0; episode_count: 0; random_exploration_count: 26; avg_entropy: 1.3054; best_tax_advantage: 0.0; random_action_prob: 0.2450
make_subcorporation -0.009850746268656717 67
transfer_cash -0.0035135135135135136 37
contribute_for_stock -0.00125 24
update_start: 5; random_action_prob: 0.2438
update_complete: 5; loss: 0.2386440634727478; cumulative_reward: 0.03999999999999948; invalid_count: 0; positive_reward_count: 2; success_count: 1; episode_count: 1; random_exploration_count: 33; avg_entropy: 1.3445; best_tax_advantage: 35.0; random_action_prob: 0.2438
make_subcorporation -0.01 66
transfer_cash 0.028518518518518516 27
contribute_for_stock -0.002 35
update_start: 6; random_action_prob: 0.2426
update_complete: 6; loss: 0.10231420397758484; cumulative_reward: -1.0700000000000005; invalid_count: 0; positive_reward_count: 0; success_count: 0; episode_count: 0; random_exploration_count: 38; avg_entropy: 1.4770; best_tax_advantage: 0.0; random_action_prob: 0.2426
make_subcorporation -0.01 66
transfer_cash -0.009166666666666667 24
contribute_for_stock -0.005 38
update_start: 7; random_action_prob: 0.2414
update_complete: 7; loss: 0.11651020497083664; cumulative_reward: -1.3500000000000008; invalid_count: 0; positive_reward_count: 0; success_count: 0; episode_count: 0; random_exploration_count: 29; avg_entropy: 1.5281; best_tax_advantage: 0.0; random_action_prob: 0.2414
make_subcorporation -0.01 66
transfer_cash -0.014074074074074074 27
contribute_for_stock -0.008857142857142857 35
update_start: 8; random_action_prob: 0.2402
update_complete: 8; loss: 0.09326183547576268; cumulative_reward: -1.2700000000000007; invalid_count: 0; positive_reward_count: 0; success_count: 0; episode_count: 0; random_exploration_count: 35; avg_entropy: 1.4784; best_tax_advantage: 0.0; random_action_prob: 0.2402
make_subcorporation -0.01 63
transfer_cash -0.013448275862068966 29
contribute_for_stock -0.006944444444444444 36
update_start: 9; random_action_prob: 0.2390
update_complete: 9; loss: 0.16393390794595084; cumulative_reward: -1.3400000000000007; invalid_count: 0; positive_reward_count: 0; success_count: 0; episode_count: 0; random_exploration_count: 35; avg_entropy: 1.5000; best_tax_advantage: 0.0; random_action_prob: 0.2390
make_subcorporation -0.009850746268656717 67
transfer_cash -0.012058823529411766 34
contribute_for_stock -0.01 27
update_start: 10; random_action_prob: 0.2378
update_complete: 10; loss: 0.08650179704030354; cumulative_reward: -0.3200000000000008; invalid_count: 0; positive_reward_count: 2; success_count: 1; episode_count: 1; random_exploration_count: 28; avg_entropy: 1.4391; best_tax_advantage: 35.0; random_action_prob: 0.2378
make_subcorporation -0.01 69
transfer_cash 0.034499999999999996 20
contribute_for_stock -0.008205128205128205 39
update_start: 11; random_action_prob: 0.2366
update_complete: 11; loss: -0.003962164123853047; cumulative_reward: 0.6399999999999995; invalid_count: 0; positive_reward_count: 2; success_count: 2; episode_count: 2; random_exploration_count: 27; avg_entropy: 1.5247; best_tax_advantage: 35.0; random_action_prob: 0.2366
make_subcorporation -0.01 66
transfer_cash 0.055714285714285716 28
contribute_for_stock -0.007647058823529412 34
update_start: 12; random_action_prob: 0.2354
update_complete: 12; loss: -0.01284053549170494; cumulative_reward: -1.1600000000000008; invalid_count: 0; positive_reward_count: 0; success_count: 0; episode_count: 0; random_exploration_count: 34; avg_entropy: 1.5291; best_tax_advantage: 0.0; random_action_prob: 0.2354
make_subcorporation -0.009870129870129871 77
transfer_cash -0.007916666666666667 24
contribute_for_stock -0.0077777777777777776 27
update_start: 13; random_action_prob: 0.2342
update_complete: 13; loss: -0.01609191671013832; cumulative_reward: -1.1700000000000006; invalid_count: 0; positive_reward_count: 0; success_count: 0; episode_count: 0; random_exploration_count: 25; avg_entropy: 1.4781; best_tax_advantage: 0.0; random_action_prob: 0.2342
make_subcorporation -0.01 81
transfer_cash -0.0075 28
contribute_for_stock -0.007894736842105263 19
update_start: 14; random_action_prob: 0.2331
update_complete: 14; loss: -0.025628037750720978; cumulative_reward: -1.0900000000000007; invalid_count: 0; positive_reward_count: 0; success_count: 0; episode_count: 0; random_exploration_count: 22; avg_entropy: 1.3939; best_tax_advantage: 0.0; random_action_prob: 0.2331
make_subcorporation -0.009879518072289158 83
transfer_cash -0.006388888888888889 36
contribute_for_stock -0.0044444444444444444 9
update_start: 15; random_action_prob: 0.2319
update_complete: 15; loss: 0.02034822106361389; cumulative_reward: -0.9700000000000005; invalid_count: 0; positive_reward_count: 0; success_count: 0; episode_count: 0; random_exploration_count: 36; avg_entropy: 1.4489; best_tax_advantage: 0.0; random_action_prob: 0.2319
make_subcorporation -0.009873417721518988 79
transfer_cash -0.004545454545454545 33
contribute_for_stock -0.0025 16
update_start: 16; random_action_prob: 0.2307
update_complete: 16; loss: -0.009361660728851954; cumulative_reward: -0.8300000000000004; invalid_count: 0; positive_reward_count: 0; success_count: 0; episode_count: 0; random_exploration_count: 30; avg_entropy: 1.2805; best_tax_advantage: 0.0; random_action_prob: 0.2307
make_subcorporation -0.009870129870129871 77
transfer_cash -0.0015384615384615385 39
contribute_for_stock -0.0008333333333333334 12
update_start: 17; random_action_prob: 0.2296
update_complete: 17; loss: -0.00622183084487915; cumulative_reward: -0.9700000000000006; invalid_count: 0; positive_reward_count: 0; success_count: 0; episode_count: 0; random_exploration_count: 30; avg_entropy: 1.4671; best_tax_advantage: 0.0; random_action_prob: 0.2296
make_subcorporation -0.01 78
transfer_cash -0.0040625 32
contribute_for_stock -0.003333333333333333 18
update_start: 18; random_action_prob: 0.2284
update_complete: 18; loss: -0.007505481441815694; cumulative_reward: -0.05000000000000056; invalid_count: 0; positive_reward_count: 1; success_count: 1; episode_count: 1; random_exploration_count: 33; avg_entropy: 1.6154; best_tax_advantage: 35.0; random_action_prob: 0.2284
make_subcorporation -0.009857142857142858 70
transfer_cash 0.021142857142857144 35
contribute_for_stock -0.004347826086956522 23
update_start: 19; random_action_prob: 0.2273
update_complete: 19; loss: 0.05065175145864487; cumulative_reward: -1.2100000000000009; invalid_count: 0; positive_reward_count: 0; success_count: 0; episode_count: 0; random_exploration_count: 27; avg_entropy: 1.5783; best_tax_advantage: 0.0; random_action_prob: 0.2273
make_subcorporation -0.009863013698630137 73
transfer_cash -0.010256410256410256 39
contribute_for_stock -0.005625 16
update_start: 20; random_action_prob: 0.2262
update_complete: 20; loss: -0.0013523710270722706; cumulative_reward: -1.0400000000000005; invalid_count: 0; positive_reward_count: 0; success_count: 0; episode_count: 0; random_exploration_count: 28; avg_entropy: 1.5153; best_tax_advantage: 0.0; random_action_prob: 0.2262
make_subcorporation -0.01 69
transfer_cash -0.005681818181818182 44
contribute_for_stock -0.006666666666666667 15
update_start: 21; random_action_prob: 0.2250
update_complete: 21; loss: 0.03644743810097376; cumulative_reward: -0.9600000000000005; invalid_count: 0; positive_reward_count: 0; success_count: 0; episode_count: 0; random_exploration_count: 35; avg_entropy: 1.5154; best_tax_advantage: 0.0; random_action_prob: 0.2250
make_subcorporation -0.009846153846153846 65
transfer_cash -0.005416666666666667 48
contribute_for_stock -0.004 15
update_start: 22; random_action_prob: 0.2239
update_complete: 22; loss: -0.03621726855635643; cumulative_reward: -0.8800000000000006; invalid_count: 0; positive_reward_count: 0; success_count: 0; episode_count: 0; random_exploration_count: 25; avg_entropy: 1.3259; best_tax_advantage: 0.0; random_action_prob: 0.2239
make_subcorporation -0.009859154929577466 71
transfer_cash -0.0034883720930232558 43
contribute_for_stock -0.002142857142857143 14
update_start: 23; random_action_prob: 0.2228
update_complete: 23; loss: -0.06908983116348584; cumulative_reward: -0.7700000000000005; invalid_count: 0; positive_reward_count: 0; success_count: 0; episode_count: 0; random_exploration_count: 22; avg_entropy: 1.3978; best_tax_advantage: 0.0; random_action_prob: 0.2228
make_subcorporation -0.01 63
transfer_cash -0.002156862745098039 51
contribute_for_stock -0.002142857142857143 14
update_start: 24; random_action_prob: 0.2217
update_complete: 24; loss: -0.03444496914744377; cumulative_reward: -0.6600000000000004; invalid_count: 0; positive_reward_count: 0; success_count: 0; episode_count: 0; random_exploration_count: 28; avg_entropy: 1.3548; best_tax_advantage: 0.0; random_action_prob: 0.2217
make_subcorporation -0.01 60
transfer_cash -0.001090909090909091 55
contribute_for_stock 0.0 13
update_start: 25; random_action_prob: 0.2206
update_complete: 25; loss: 0.05387095361948013; cumulative_reward: -0.7100000000000004; invalid_count: 0; positive_reward_count: 0; success_count: 0; episode_count: 0; random_exploration_count: 27; avg_entropy: 1.3472; best_tax_advantage: 0.0; random_action_prob: 0.2206
make_subcorporation -0.01 60
transfer_cash -0.002325581395348837 43
contribute_for_stock -0.0004 25
update_start: 26; random_action_prob: 0.2195
update_complete: 26; loss: -0.007544532418251038; cumulative_reward: -0.7100000000000004; invalid_count: 0; positive_reward_count: 0; success_count: 0; episode_count: 0; random_exploration_count: 30; avg_entropy: 1.2494; best_tax_advantage: 0.0; random_action_prob: 0.2195
make_subcorporation -0.01 63
transfer_cash -0.0033333333333333335 24
contribute_for_stock 0.0 41
update_start: 27; random_action_prob: 0.2184
update_complete: 27; loss: 0.08738011742631595; cumulative_reward: -0.7500000000000004; invalid_count: 0; positive_reward_count: 0; success_count: 0; episode_count: 0; random_exploration_count: 36; avg_entropy: 1.3256; best_tax_advantage: 0.0; random_action_prob: 0.2184
make_subcorporation -0.009859154929577466 71
transfer_cash -0.001 30
contribute_for_stock -0.0007407407407407407 27
update_start: 28; random_action_prob: 0.2173
update_complete: 28; loss: 0.05552932247519493; cumulative_reward: -0.8000000000000005; invalid_count: 0; positive_reward_count: 0; success_count: 0; episode_count: 0; random_exploration_count: 36; avg_entropy: 1.1690; best_tax_advantage: 0.0; random_action_prob: 0.2173
make_subcorporation -0.009873417721518988 79
transfer_cash -0.0010526315789473684 19
contribute_for_stock 0.0 30
update_start: 29; random_action_prob: 0.2162
update_complete: 29; loss: 0.059562367697556816; cumulative_reward: -0.7500000000000004; invalid_count: 0; positive_reward_count: 0; success_count: 0; episode_count: 0; random_exploration_count: 25; avg_entropy: 1.2403; best_tax_advantage: 0.0; random_action_prob: 0.2162
make_subcorporation -0.009857142857142858 70
transfer_cash -0.0017142857142857142 35
contribute_for_stock 0.0 23
update_start: 30; random_action_prob: 0.2151
update_complete: 30; loss: 0.020205819358428318; cumulative_reward: -0.8100000000000005; invalid_count: 0; positive_reward_count: 0; success_count: 0; episode_count: 0; random_exploration_count: 22; avg_entropy: 1.1919; best_tax_advantage: 0.0; random_action_prob: 0.2151
make_subcorporation -0.01 81
transfer_cash 0.0 31
contribute_for_stock 0.0 16
update_start: 31; random_action_prob: 0.2140
update_complete: 31; loss: 0.035747465988000236; cumulative_reward: -0.8800000000000006; invalid_count: 0; positive_reward_count: 0; success_count: 0; episode_count: 0; random_exploration_count: 33; avg_entropy: 1.3720; best_tax_advantage: 0.0; random_action_prob: 0.2140
make_subcorporation -0.01 75
transfer_cash -0.002564102564102564 39
contribute_for_stock -0.002142857142857143 14
update_start: 32; random_action_prob: 0.2130
update_complete: 32; loss: -0.0516706978281339; cumulative_reward: -0.9200000000000006; invalid_count: 0; positive_reward_count: 0; success_count: 0; episode_count: 0; random_exploration_count: 27; avg_entropy: 1.3902; best_tax_advantage: 0.0; random_action_prob: 0.2130
make_subcorporation -0.01 84
transfer_cash -0.0023333333333333335 30
contribute_for_stock -0.0007142857142857143 14
update_start: 33; random_action_prob: 0.2119
update_complete: 33; loss: -0.01868976280093193; cumulative_reward: -0.9400000000000006; invalid_count: 0; positive_reward_count: 0; success_count: 0; episode_count: 0; random_exploration_count: 30; avg_entropy: 1.3837; best_tax_advantage: 0.0; random_action_prob: 0.2119
make_subcorporation -0.009878048780487805 82
transfer_cash -0.0027586206896551726 29
contribute_for_stock -0.0029411764705882353 17
update_start: 34; random_action_prob: 0.2108
update_complete: 34; loss: -0.04103613644838333; cumulative_reward: -0.7700000000000005; invalid_count: 0; positive_reward_count: 0; success_count: 0; episode_count: 0; random_exploration_count: 35; avg_entropy: 1.4090; best_tax_advantage: 0.0; random_action_prob: 0.2108
make_subcorporation -0.009857142857142858 70
transfer_cash -0.0018181818181818182 33
contribute_for_stock -0.0008 25
update_start: 35; random_action_prob: 0.2098
update_complete: 35; loss: 0.069609930117925; cumulative_reward: -0.9300000000000006; invalid_count: 0; positive_reward_count: 0; success_count: 0; episode_count: 0; random_exploration_count: 24; avg_entropy: 1.1213; best_tax_advantage: 0.0; random_action_prob: 0.2098
make_subcorporation -0.009886363636363636 88
transfer_cash -0.0016666666666666668 24
contribute_for_stock -0.00125 16
update_start: 36; random_action_prob: 0.2087
update_complete: 36; loss: -0.003090077390273412; cumulative_reward: -0.9100000000000006; invalid_count: 0; positive_reward_count: 0; success_count: 0; episode_count: 0; random_exploration_count: 30; avg_entropy: 1.0659; best_tax_advantage: 0.0; random_action_prob: 0.2087
make_subcorporation -0.009891304347826087 92
transfer_cash 0.0 21
contribute_for_stock 0.0 15
update_start: 37; random_action_prob: 0.2077
update_complete: 37; loss: -0.01215501626332601; cumulative_reward: -0.9000000000000006; invalid_count: 0; positive_reward_count: 0; success_count: 0; episode_count: 0; random_exploration_count: 22; avg_entropy: 1.0695; best_tax_advantage: 0.0; random_action_prob: 0.2077
make_subcorporation -0.00989010989010989 91
transfer_cash 0.0 26
contribute_for_stock 0.0 11
update_start: 38; random_action_prob: 0.2066
update_complete: 38; loss: -0.03080034628510475; cumulative_reward: -0.8900000000000006; invalid_count: 0; positive_reward_count: 0; success_count: 0; episode_count: 0; random_exploration_count: 29; avg_entropy: 1.1027; best_tax_advantage: 0.0; random_action_prob: 0.2066
make_subcorporation -0.009886363636363636 88
transfer_cash -0.0008695652173913044 23
contribute_for_stock 0.0 17
update_start: 39; random_action_prob: 0.2056
update_complete: 39; loss: -0.039810530841350555; cumulative_reward: -0.8900000000000006; invalid_count: 0; positive_reward_count: 0; success_count: 0; episode_count: 0; random_exploration_count: 21; avg_entropy: 1.2158; best_tax_advantage: 0.0; random_action_prob: 0.2056
make_subcorporation -0.01 87
transfer_cash -0.0013333333333333333 15
contribute_for_stock 0.0 26
update_start: 40; random_action_prob: 0.2046
update_complete: 40; loss: -0.007626502464214961; cumulative_reward: 0.10999999999999958; invalid_count: 0; positive_reward_count: 1; success_count: 1; episode_count: 1; random_exploration_count: 25; avg_entropy: 1.3194; best_tax_advantage: 35.0; random_action_prob: 0.2046
make_subcorporation -0.00988235294117647 85
transfer_cash 0.05333333333333333 18
contribute_for_stock -0.0004 25
update_start: 41; random_action_prob: 0.2036
update_complete: 41; loss: -0.024702283243338268; cumulative_reward: 0.03999999999999938; invalid_count: 0; positive_reward_count: 1; success_count: 1; episode_count: 1; random_exploration_count: 26; avg_entropy: 1.2515; best_tax_advantage: 35.0; random_action_prob: 0.2036
make_subcorporation -0.009770114942528735 87
transfer_cash 0.05875 16
contribute_for_stock -0.002 25
update_start: 42; random_action_prob: 0.2025
update_complete: 42; loss: 0.08597040052215259; cumulative_reward: 0.03999999999999948; invalid_count: 0; positive_reward_count: 1; success_count: 1; episode_count: 1; random_exploration_count: 25; avg_entropy: 1.2567; best_tax_advantage: 35.0; random_action_prob: 0.2025
make_subcorporation -0.01 84
transfer_cash 0.06923076923076923 13
contribute_for_stock -0.0006451612903225806 31
update_start: 43; random_action_prob: 0.2015
update_complete: 43; loss: 0.03107418368260066; cumulative_reward: -1.0700000000000007; invalid_count: 0; positive_reward_count: 0; success_count: 0; episode_count: 0; random_exploration_count: 25; avg_entropy: 1.3428; best_tax_advantage: 0.0; random_action_prob: 0.2015
make_subcorporation -0.009886363636363636 88
transfer_cash -0.009090909090909092 11
contribute_for_stock -0.003448275862068966 29
update_start: 44; random_action_prob: 0.2005
update_complete: 44; loss: 0.09792608643571536; cumulative_reward: 4.920000000000007; invalid_count: 0; positive_reward_count: 6; success_count: 6; episode_count: 6; random_exploration_count: 35; avg_entropy: 1.3789; best_tax_advantage: 35.0; random_action_prob: 0.2005
make_subcorporation -0.009878048780487805 82
transfer_cash 0.41285714285714287 14
contribute_for_stock -0.0015625 32
update_start: 45; random_action_prob: 0.1995
update_complete: 45; loss: 0.11816365520159404; cumulative_reward: -0.05000000000000056; invalid_count: 0; positive_reward_count: 1; success_count: 1; episode_count: 1; random_exploration_count: 23; avg_entropy: 1.2446; best_tax_advantage: 35.0; random_action_prob: 0.1995
make_subcorporation -0.009891304347826087 92
transfer_cash 0.23249999999999998 4
contribute_for_stock -0.0021875 32
update_start: 46; random_action_prob: 0.1985
update_complete: 46; loss: -0.030282892286777496; cumulative_reward: 1.960000000000001; invalid_count: 0; positive_reward_count: 4; success_count: 3; episode_count: 3; random_exploration_count: 14; avg_entropy: 1.1517; best_tax_advantage: 35.0; random_action_prob: 0.1985
make_subcorporation -0.01 90
transfer_cash 0.3625 8
contribute_for_stock -0.0013333333333333333 30
update_start: 47; random_action_prob: 0.1975
update_complete: 47; loss: -0.016575103004773457; cumulative_reward: 0.11999999999999945; invalid_count: 0; positive_reward_count: 2; success_count: 1; episode_count: 1; random_exploration_count: 28; avg_entropy: 1.1964; best_tax_advantage: 35.0; random_action_prob: 0.1975
make_subcorporation -0.01 78
transfer_cash 0.07666666666666666 12
contribute_for_stock -0.0005263157894736842 38
update_start: 48; random_action_prob: 0.1965
update_complete: 48; loss: -0.02469083418448766; cumulative_reward: 3.010000000000001; invalid_count: 0; positive_reward_count: 4; success_count: 4; episode_count: 4; random_exploration_count: 23; avg_entropy: 1.2837; best_tax_advantage: 35.0; random_action_prob: 0.1965
make_subcorporation -0.00951219512195122 82
transfer_cash 0.2573333333333333 15
contribute_for_stock -0.0022580645161290325 31
update_start: 49; random_action_prob: 0.1956
update_complete: 49; loss: -0.005086724956830342; cumulative_reward: 7.800000000000016; invalid_count: 0; positive_reward_count: 11; success_count: 9; episode_count: 9; random_exploration_count: 26; avg_entropy: 1.3564; best_tax_advantage: 35.0; random_action_prob: 0.1956
make_subcorporation -0.00948051948051948 77
transfer_cash 0.33384615384615385 26
contribute_for_stock -0.006 25
update_start: 50; random_action_prob: 0.1946
update_complete: 50; loss: -0.0836631606022517; cumulative_reward: 6.920000000000011; invalid_count: 0; positive_reward_count: 9; success_count: 8; episode_count: 8; random_exploration_count: 21; avg_entropy: 1.2543; best_tax_advantage: 35.0; random_action_prob: 0.1946
make_subcorporation -0.009342105263157895 76
transfer_cash 0.28629629629629627 27
contribute_for_stock -0.004 25
update_start: 51; random_action_prob: 0.1936
update_complete: 51; loss: -0.013229269534349442; cumulative_reward: 5.880000000000008; invalid_count: 0; positive_reward_count: 8; success_count: 7; episode_count: 7; random_exploration_count: 19; avg_entropy: 1.2331; best_tax_advantage: 35.0; random_action_prob: 0.1936
make_subcorporation -0.009358974358974358 78
transfer_cash 0.398235294117647 17
contribute_for_stock -0.0048484848484848485 33
update_start: 52; random_action_prob: 0.1926
update_complete: 52; loss: 0.0569336066643397; cumulative_reward: 6.010000000000003; invalid_count: 0; positive_reward_count: 9; success_count: 7; episode_count: 7; random_exploration_count: 38; avg_entropy: 1.1548; best_tax_advantage: 35.0; random_action_prob: 0.1926
make_subcorporation -0.00963855421686747 83
transfer_cash 0.49000000000000005 14
contribute_for_stock -0.0016129032258064516 31
update_start: 53; random_action_prob: 0.1917
update_complete: 53; loss: -0.040032315999269485; cumulative_reward: 1.7499999999999991; invalid_count: 0; positive_reward_count: 3; success_count: 3; episode_count: 3; random_exploration_count: 20; avg_entropy: 1.4279; best_tax_advantage: 35.0; random_action_prob: 0.1917
make_subcorporation -0.009875 80
transfer_cash 0.13699999999999998 20
contribute_for_stock -0.0071428571428571435 28
update_start: 54; random_action_prob: 0.1907
update_complete: 54; loss: 0.020874408384164173; cumulative_reward: 5.650000000000015; invalid_count: 0; positive_reward_count: 7; success_count: 7; episode_count: 7; random_exploration_count: 28; avg_entropy: 1.4367; best_tax_advantage: 35.0; random_action_prob: 0.1907
make_subcorporation -0.009873417721518988 79
transfer_cash 0.2569230769230769 26
contribute_for_stock -0.010869565217391304 23
update_start: 55; random_action_prob: 0.1898
update_complete: 55; loss: -0.00651729479432106; cumulative_reward: -0.34000000000000097; invalid_count: 0; positive_reward_count: 2; success_count: 1; episode_count: 1; random_exploration_count: 34; avg_entropy: 1.4796; best_tax_advantage: 35.0; random_action_prob: 0.1898
make_subcorporation -0.01 75
transfer_cash 0.016285714285714285 35
contribute_for_stock -0.008888888888888889 18
update_start: 56; random_action_prob: 0.1888
update_complete: 56; loss: 0.042755539218584694; cumulative_reward: 1.6299999999999988; invalid_count: 0; positive_reward_count: 3; success_count: 3; episode_count: 3; random_exploration_count: 28; avg_entropy: 1.4723; best_tax_advantage: 35.0; random_action_prob: 0.1888
make_subcorporation -0.01 81
transfer_cash 0.09535714285714285 28
contribute_for_stock -0.012105263157894737 19
update_start: 57; random_action_prob: 0.1879
update_complete: 57; loss: -0.02557912717262904; cumulative_reward: 2.6999999999999993; invalid_count: 0; positive_reward_count: 6; success_count: 4; episode_count: 4; random_exploration_count: 30; avg_entropy: 1.4608; best_tax_advantage: 35.0; random_action_prob: 0.1879
make_subcorporation -0.009722222222222222 72
transfer_cash 0.1090909090909091 33
contribute_for_stock -0.008695652173913044 23
update_start: 58; random_action_prob: 0.1869
update_complete: 58; loss: -0.03698028748234113; cumulative_reward: -1.260000000000001; invalid_count: 0; positive_reward_count: 0; success_count: 0; episode_count: 0; random_exploration_count: 31; avg_entropy: 1.5540; best_tax_advantage: 0.0; random_action_prob: 0.1869
make_subcorporation -0.009864864864864865 74
transfer_cash -0.01 27
contribute_for_stock -0.00962962962962963 27
update_start: 59; random_action_prob: 0.1860
update_complete: 59; loss: -0.015928202619155247; cumulative_reward: 2.9900000000000015; invalid_count: 0; positive_reward_count: 4; success_count: 4; episode_count: 4; random_exploration_count: 28; avg_entropy: 1.4792; best_tax_advantage: 35.0; random_action_prob: 0.1860
make_subcorporation -0.00951219512195122 82
transfer_cash 0.16125 24
contribute_for_stock -0.004545454545454546 22
update_start: 60; random_action_prob: 0.1851
update_complete: 60; loss: 0.019523755957682926; cumulative_reward: 5.950000000000008; invalid_count: 0; positive_reward_count: 7; success_count: 7; episode_count: 7; random_exploration_count: 26; avg_entropy: 1.3982; best_tax_advantage: 35.0; random_action_prob: 0.1851
make_subcorporation -0.009178082191780823 73
transfer_cash 0.225 30
contribute_for_stock -0.0052 25
update_start: 61; random_action_prob: 0.1841
update_complete: 61; loss: -0.012593592827518782; cumulative_reward: 9.10000000000001; invalid_count: 0; positive_reward_count: 10; success_count: 10; episode_count: 10; random_exploration_count: 25; avg_entropy: 1.3875; best_tax_advantage: 35.0; random_action_prob: 0.1841
make_subcorporation -0.008831168831168832 77
transfer_cash 0.42913043478260865 23
contribute_for_stock -0.0032142857142857142 28
update_start: 62; random_action_prob: 0.1832
update_complete: 62; loss: -0.020500445117553074; cumulative_reward: 3.8000000000000047; invalid_count: 0; positive_reward_count: 5; success_count: 5; episode_count: 5; random_exploration_count: 21; avg_entropy: 1.4128; best_tax_advantage: 35.0; random_action_prob: 0.1832
make_subcorporation -0.009620253164556962 79
transfer_cash 0.21545454545454545 22
contribute_for_stock -0.006666666666666666 27
update_start: 63; random_action_prob: 0.1823
update_complete: 63; loss: -0.06933055073022842; cumulative_reward: 5.10571428571429; invalid_count: 0; positive_reward_count: 9; success_count: 6; episode_count: 6; random_exploration_count: 26; avg_entropy: 1.3569; best_tax_advantage: 35.0; random_action_prob: 0.1823
make_subcorporation -0.009295774647887325 71
transfer_cash 0.19211981566820277 31
contribute_for_stock -0.007307692307692308 26
update_start: 64; random_action_prob: 0.1814
update_complete: 64; loss: -0.0010928834478060405; cumulative_reward: 1.9299999999999997; invalid_count: 0; positive_reward_count: 3; success_count: 3; episode_count: 3; random_exploration_count: 23; avg_entropy: 1.2142; best_tax_advantage: 35.0; random_action_prob: 0.1814
make_subcorporation -0.009761904761904763 84
transfer_cash 0.18933333333333333 15
contribute_for_stock -0.003103448275862069 29
update_start: 65; random_action_prob: 0.1805
update_complete: 65; loss: 0.029184175034364063; cumulative_reward: 2.840000000000001; invalid_count: 0; positive_reward_count: 4; success_count: 4; episode_count: 4; random_exploration_count: 28; avg_entropy: 1.3331; best_tax_advantage: 35.0; random_action_prob: 0.1805
make_subcorporation -0.009473684210526315 76
transfer_cash 0.16999999999999998 22
contribute_for_stock -0.006 30
update_start: 66; random_action_prob: 0.1796
update_complete: 66; loss: 0.004349866261084874; cumulative_reward: 0.8299999999999994; invalid_count: 0; positive_reward_count: 2; success_count: 2; episode_count: 2; random_exploration_count: 25; avg_entropy: 1.2817; best_tax_advantage: 35.0; random_action_prob: 0.1796
make_subcorporation -0.009761904761904763 84
transfer_cash 0.13 14
contribute_for_stock -0.005666666666666667 30
update_start: 67; random_action_prob: 0.1787
update_complete: 67; loss: 0.04399935776988665; cumulative_reward: 1.8399999999999992; invalid_count: 0; positive_reward_count: 3; success_count: 3; episode_count: 3; random_exploration_count: 29; avg_entropy: 1.3360; best_tax_advantage: 35.0; random_action_prob: 0.1787
make_subcorporation -0.009634146341463415 82
transfer_cash 0.14736842105263157 19
contribute_for_stock -0.006296296296296296 27
update_start: 68; random_action_prob: 0.1778
update_complete: 68; loss: -0.016536295413970947; cumulative_reward: 4.880000000000004; invalid_count: 0; positive_reward_count: 6; success_count: 6; episode_count: 6; random_exploration_count: 20; avg_entropy: 1.3349; best_tax_advantage: 35.0; random_action_prob: 0.1778
make_subcorporation -0.009404761904761905 84
transfer_cash 0.24125 24
contribute_for_stock -0.006 20
update_start: 69; random_action_prob: 0.1769
update_complete: 69; loss: 0.0032928908864657083; cumulative_reward: 1.8899999999999995; invalid_count: 0; positive_reward_count: 3; success_count: 3; episode_count: 3; random_exploration_count: 17; avg_entropy: 1.3923; best_tax_advantage: 35.0; random_action_prob: 0.1769
make_subcorporation -0.009534883720930233 86
transfer_cash 0.09689655172413793 29
contribute_for_stock -0.007692307692307693 13
update_start: 70; random_action_prob: 0.1760
update_complete: 70; loss: -0.004849520822366078; cumulative_reward: 1.165714285714285; invalid_count: 0; positive_reward_count: 3; success_count: 2; episode_count: 2; random_exploration_count: 24; avg_entropy: 1.3434; best_tax_advantage: 35.0; random_action_prob: 0.1760
make_subcorporation -0.009761904761904763 84
transfer_cash 0.06631336405529954 31
contribute_for_stock -0.005384615384615385 13
update_start: 71; random_action_prob: 0.1751
update_complete: 71; loss: -0.040880611166357994; cumulative_reward: 1.9899999999999998; invalid_count: 0; positive_reward_count: 4; success_count: 3; episode_count: 3; random_exploration_count: 17; avg_entropy: 1.2412; best_tax_advantage: 35.0; random_action_prob: 0.1751
make_subcorporation -0.009651162790697675 86
transfer_cash 0.11192307692307693 26
contribute_for_stock -0.005625 16
update_start: 72; random_action_prob: 0.1743
update_complete: 72; loss: -0.058841350177923836; cumulative_reward: 5.990000000000011; invalid_count: 0; positive_reward_count: 8; success_count: 7; episode_count: 7; random_exploration_count: 23; avg_entropy: 1.2994; best_tax_advantage: 35.0; random_action_prob: 0.1743
make_subcorporation -0.00925 80
transfer_cash 0.3435 20
contribute_for_stock -0.005 28
update_start: 73; random_action_prob: 0.1734
update_complete: 73; loss: 0.017428675045569737; cumulative_reward: 7.000000000000002; invalid_count: 0; positive_reward_count: 8; success_count: 8; episode_count: 8; random_exploration_count: 21; avg_entropy: 1.1769; best_tax_advantage: 35.0; random_action_prob: 0.1734
make_subcorporation -0.008888888888888889 72
transfer_cash 0.3104 25
contribute_for_stock -0.003870967741935484 31
update_start: 74; random_action_prob: 0.1725
update_complete: 74; loss: -0.023753033330043156; cumulative_reward: 11.980000000000016; invalid_count: 0; positive_reward_count: 13; success_count: 13; episode_count: 13; random_exploration_count: 15; avg_entropy: 1.1409; best_tax_advantage: 35.0; random_action_prob: 0.1725
make_subcorporation -0.008888888888888889 81
transfer_cash 0.7541176470588236 17
contribute_for_stock -0.004 30
update_start: 75; random_action_prob: 0.1717
update_complete: 75; loss: -0.06503868599732716; cumulative_reward: 9.900000000000015; invalid_count: 0; positive_reward_count: 11; success_count: 11; episode_count: 11; random_exploration_count: 20; avg_entropy: 1.1481; best_tax_advantage: 35.0; random_action_prob: 0.1717
make_subcorporation -0.008985507246376812 69
transfer_cash 0.39481481481481484 27
contribute_for_stock -0.004375 32
update_start: 76; random_action_prob: 0.1708
update_complete: 76; loss: -0.04287109772364298; cumulative_reward: 12.050000000000011; invalid_count: 0; positive_reward_count: 14; success_count: 13; episode_count: 13; random_exploration_count: 15; avg_entropy: 1.1297; best_tax_advantage: 35.0; random_action_prob: 0.1708
make_subcorporation -0.008875 80
transfer_cash 0.7127777777777777 18
contribute_for_stock -0.0023333333333333335 30
update_start: 77; random_action_prob: 0.1699
update_complete: 77; loss: -0.028664532427986462; cumulative_reward: 13.810000000000016; invalid_count: 0; positive_reward_count: 17; success_count: 15; episode_count: 15; random_exploration_count: 23; avg_entropy: 1.1122; best_tax_advantage: 35.0; random_action_prob: 0.1699
make_subcorporation -0.008840579710144927 69
transfer_cash 0.4696774193548387 31
contribute_for_stock -0.005 28
update_start: 78; random_action_prob: 0.1691
update_complete: 78; loss: -0.0265431081255277; cumulative_reward: 8.99000000000002; invalid_count: 0; positive_reward_count: 10; success_count: 10; episode_count: 10; random_exploration_count: 17; avg_entropy: 1.0173; best_tax_advantage: 35.0; random_action_prob: 0.1691
make_subcorporation -0.009066666666666667 75
transfer_cash 0.42478260869565215 23
contribute_for_stock -0.0033333333333333335 30
update_start: 79; random_action_prob: 0.1683
update_complete: 79; loss: 0.007511253158251445; cumulative_reward: 4.010000000000011; invalid_count: 0; positive_reward_count: 5; success_count: 5; episode_count: 5; random_exploration_count: 18; avg_entropy: 1.0102; best_tax_advantage: 35.0; random_action_prob: 0.1683
make_subcorporation -0.009358974358974358 78
transfer_cash 0.21043478260869564 23
contribute_for_stock -0.003703703703703704 27
update_start: 80; random_action_prob: 0.1674
update_complete: 80; loss: 0.00392132190366586; cumulative_reward: 12.050000000000015; invalid_count: 0; positive_reward_count: 13; success_count: 13; episode_count: 13; random_exploration_count: 19; avg_entropy: 1.0737; best_tax_advantage: 35.0; random_action_prob: 0.1674
make_subcorporation -0.008253968253968255 63
transfer_cash 0.3978125 32
contribute_for_stock -0.0048484848484848485 33
update_start: 81; random_action_prob: 0.1666
update_complete: 81; loss: -0.006253696357210477; cumulative_reward: 13.19000000000001; invalid_count: 0; positive_reward_count: 15; success_count: 14; episode_count: 14; random_exploration_count: 27; avg_entropy: 1.0338; best_tax_advantage: 35.0; random_action_prob: 0.1666
make_subcorporation -0.0078125 64
transfer_cash 0.3934285714285714 35
contribute_for_stock -0.0027586206896551726 29
update_start: 82; random_action_prob: 0.1657
update_complete: 82; loss: 0.008292640248934427; cumulative_reward: 13.260000000000012; invalid_count: 0; positive_reward_count: 15; success_count: 14; episode_count: 14; random_exploration_count: 23; avg_entropy: 0.8884; best_tax_advantage: 35.0; random_action_prob: 0.1657
make_subcorporation -0.007941176470588236 68
transfer_cash 0.46199999999999997 30
contribute_for_stock -0.002 30
update_start: 83; random_action_prob: 0.1649
update_complete: 83; loss: -0.0021976480881373086; cumulative_reward: 16.409999999999997; invalid_count: 0; positive_reward_count: 18; success_count: 17; episode_count: 17; random_exploration_count: 24; avg_entropy: 0.9364; best_tax_advantage: 35.0; random_action_prob: 0.1649
make_subcorporation -0.007313432835820895 67
transfer_cash 0.6519230769230769 26
contribute_for_stock -0.0014285714285714286 35
update_start: 84; random_action_prob: 0.1641
update_complete: 84; loss: -0.023553745200236637; cumulative_reward: 16.200000000000014; invalid_count: 0; positive_reward_count: 17; success_count: 17; episode_count: 17; random_exploration_count: 23; avg_entropy: 0.8933; best_tax_advantage: 35.0; random_action_prob: 0.1641
make_subcorporation -0.007971014492753625 69
transfer_cash 0.5596666666666666 30
contribute_for_stock -0.0013793103448275863 29
update_start: 85; random_action_prob: 0.1633
update_complete: 85; loss: 0.0358823798596859; cumulative_reward: 13.200000000000003; invalid_count: 0; positive_reward_count: 16; success_count: 14; episode_count: 14; random_exploration_count: 22; avg_entropy: 0.9779; best_tax_advantage: 35.0; random_action_prob: 0.1633
make_subcorporation -0.00787878787878788 66
transfer_cash 0.46199999999999997 30
contribute_for_stock -0.004375 32
update_start: 86; random_action_prob: 0.1625
update_complete: 86; loss: -0.01987599271039168; cumulative_reward: 14.19000000000001; invalid_count: 0; positive_reward_count: 15; success_count: 15; episode_count: 15; random_exploration_count: 24; avg_entropy: 1.0136; best_tax_advantage: 35.0; random_action_prob: 0.1625
make_subcorporation -0.007761194029850747 67
transfer_cash 0.5124137931034483 29
contribute_for_stock -0.0046875 32
update_start: 87; random_action_prob: 0.1616
update_complete: 87; loss: -0.01691432607670625; cumulative_reward: 16.180000000000007; invalid_count: 0; positive_reward_count: 19; success_count: 17; episode_count: 17; random_exploration_count: 18; avg_entropy: 0.9018; best_tax_advantage: 35.0; random_action_prob: 0.1616
make_subcorporation -0.00765625 64
transfer_cash 0.4655555555555556 36
contribute_for_stock -0.0032142857142857142 28
update_start: 88; random_action_prob: 0.1608
update_complete: 88; loss: -0.03248441374550263; cumulative_reward: 19.25; invalid_count: 0; positive_reward_count: 23; success_count: 20; episode_count: 20; random_exploration_count: 18; avg_entropy: 0.7916; best_tax_advantage: 35.0; random_action_prob: 0.1608
make_subcorporation -0.007230769230769232 65
transfer_cash 0.5502777777777778 36
contribute_for_stock -0.003333333333333333 27
update_start: 89; random_action_prob: 0.1600
update_complete: 89; loss: -0.015836636846264202; cumulative_reward: 22.470000000000002; invalid_count: 0; positive_reward_count: 23; success_count: 23; episode_count: 23; random_exploration_count: 17; avg_entropy: 0.7605; best_tax_advantage: 35.0; random_action_prob: 0.1600
make_subcorporation -0.006190476190476191 63
transfer_cash 0.8185714285714286 28
contribute_for_stock -0.0016216216216216215 37
update_start: 90; random_action_prob: 0.1592
update_complete: 90; loss: -0.013433909664551416; cumulative_reward: 20.45; invalid_count: 0; positive_reward_count: 21; success_count: 21; episode_count: 21; random_exploration_count: 15; avg_entropy: 0.7479; best_tax_advantage: 35.0; random_action_prob: 0.1592
make_subcorporation -0.0067741935483870966 62
transfer_cash 0.6758064516129032 31
contribute_for_stock -0.002285714285714286 35
update_start: 91; random_action_prob: 0.1584
update_complete: 91; loss: 0.08291757727662723; cumulative_reward: 14.400000000000007; invalid_count: 0; positive_reward_count: 16; success_count: 15; episode_count: 15; random_exploration_count: 23; avg_entropy: 0.7897; best_tax_advantage: 35.0; random_action_prob: 0.1584
make_subcorporation -0.007611940298507463 67
transfer_cash 0.554074074074074 27
contribute_for_stock -0.0014705882352941176 34
update_start: 92; random_action_prob: 0.1576
update_complete: 92; loss: 0.014204520111282667; cumulative_reward: 15.39000000000001; invalid_count: 0; positive_reward_count: 16; success_count: 16; episode_count: 16; random_exploration_count: 21; avg_entropy: 0.7363; best_tax_advantage: 35.0; random_action_prob: 0.1576
make_subcorporation -0.007611940298507463 67
transfer_cash 0.5689285714285715 28
contribute_for_stock -0.0009090909090909091 33
update_start: 93; random_action_prob: 0.1569
update_complete: 93; loss: -0.017762515073021252; cumulative_reward: 20.42; invalid_count: 0; positive_reward_count: 21; success_count: 21; episode_count: 21; random_exploration_count: 15; avg_entropy: 0.6975; best_tax_advantage: 35.0; random_action_prob: 0.1569
make_subcorporation -0.006440677966101695 59
transfer_cash 0.5957142857142858 35
contribute_for_stock -0.0014705882352941176 34
update_start: 94; random_action_prob: 0.1561
update_complete: 94; loss: 0.04390305963655313; cumulative_reward: 16.38000000000001; invalid_count: 0; positive_reward_count: 17; success_count: 17; episode_count: 17; random_exploration_count: 20; avg_entropy: 0.7583; best_tax_advantage: 35.0; random_action_prob: 0.1561
make_subcorporation -0.007536231884057971 69
transfer_cash 0.7704545454545454 22
contribute_for_stock -0.0013513513513513514 37
update_start: 95; random_action_prob: 0.1553
update_complete: 95; loss: 0.09969728191693623; cumulative_reward: 23.54999999999999; invalid_count: 0; positive_reward_count: 24; success_count: 24; episode_count: 24; random_exploration_count: 17; avg_entropy: 0.6882; best_tax_advantage: 35.0; random_action_prob: 0.1553
make_subcorporation -0.00576271186440678 59
transfer_cash 0.8539285714285715 28
contribute_for_stock -0.0004878048780487805 41
update_start: 96; random_action_prob: 0.1545
update_complete: 96; loss: 0.03156204583744208; cumulative_reward: 22.529999999999987; invalid_count: 0; positive_reward_count: 25; success_count: 23; episode_count: 23; random_exploration_count: 15; avg_entropy: 0.6665; best_tax_advantage: 35.0; random_action_prob: 0.1545
make_subcorporation -0.0060655737704918035 61
transfer_cash 0.7403225806451613 31
contribute_for_stock -0.001388888888888889 36
update_start: 97; random_action_prob: 0.1537
update_complete: 97; loss: 0.012731889883677164; cumulative_reward: 17.300000000000015; invalid_count: 0; positive_reward_count: 18; success_count: 18; episode_count: 18; random_exploration_count: 23; avg_entropy: 0.8476; best_tax_advantage: 35.0; random_action_prob: 0.1537
make_subcorporation -0.00706896551724138 58
transfer_cash 0.5735483870967742 31
contribute_for_stock -0.001794871794871795 39
update_start: 98; random_action_prob: 0.1530
update_complete: 98; loss: 0.017903706058859825; cumulative_reward: 15.100000000000014; invalid_count: 0; positive_reward_count: 17; success_count: 16; episode_count: 16; random_exploration_count: 17; avg_entropy: 0.8396; best_tax_advantage: 35.0; random_action_prob: 0.1530
make_subcorporation -0.007761194029850747 67
transfer_cash 0.5441379310344827 29
contribute_for_stock -0.005 32
update_start: 99; random_action_prob: 0.1522
update_complete: 99; loss: 0.00147726076344649; cumulative_reward: 23.28; invalid_count: 0; positive_reward_count: 26; success_count: 24; episode_count: 24; random_exploration_count: 20; avg_entropy: 0.7936; best_tax_advantage: 35.0; random_action_prob: 0.1522
make_subcorporation -0.006984126984126984 63
transfer_cash 0.7428125 32
contribute_for_stock -0.0015151515151515152 33
2026-08-07T15:24:37 completed barnes_group run=9 elapsed_seconds=481.32 updates_logged=100
wrote metrics to /home/infres/shangold/shelter-check-gym/experiments/results/loophole_learning_metrics_hard_barnes_group_927708_0_20260807_135845
Job finished at Fri Aug  7 15:24:41 CEST 2026
