Job 892212 started on node20 at Fri Jul 10 16:32:18 CEST 2026
Output directory: experiments/results/loophole_learning_metrics_straddle_abuse_892212_4_20260710_163218
Loopholes: straddle_abuse
Runs: 10; updates: 100; rollout steps: 128; tail updates: 20
SHELTER_CHECK_DEVICE: cpu; stream train logs: 1
Fri Jul 10 16:32:19 2026       
+-----------------------------------------------------------------------------------------+
| NVIDIA-SMI 580.126.18             Driver Version: 580.126.18     CUDA Version: 13.0     |
+-----------------------------------------+------------------------+----------------------+
| GPU  Name                 Persistence-M | Bus-Id          Disp.A | Volatile Uncorr. ECC |
| Fan  Temp   Perf          Pwr:Usage/Cap |           Memory-Usage | GPU-Util  Compute M. |
|                                         |                        |               MIG M. |
|=========================================+========================+======================|
|   0  Tesla P100-PCIE-16GB           Off |   00000000:AF:00.0 Off |                    0 |
| N/A   27C    P0             27W /  250W |       0MiB /  16384MiB |      0%      Default |
|                                         |                        |                  N/A |
+-----------------------------------------+------------------------+----------------------+

+-----------------------------------------------------------------------------------------+
| Processes:                                                                              |
|  GPU   GI   CI              PID   Type   Process name                        GPU Memory |
|        ID   ID                                                               Usage      |
|=========================================================================================|
|  No running processes found                                                             |
+-----------------------------------------------------------------------------------------+
torch 2.5.1+cu121
cuda_available True
cuda 12.1
               total        used        free      shared  buff/cache   available
Mem:            62Gi       5.7Gi        14Gi       1.8Gi        44Gi        56Gi
Swap:           31Gi       149Mi        31Gi
2026-07-10T16:32:24 running straddle_abuse run=0 seed=1729
update_start: 0; random_action_prob: 0.2500
update_complete: 0; loss: -0.14378062387307486; cumulative_reward: -2.6299999999999994; invalid_count: 0; positive_reward_count: 0; success_count: 0; episode_count: 9; best_tax_advantage: 0.0; avg_entropy: 2.9167969562113285; random_exploration_count: 22; saved_snapshots: 0; random_action_prob: 0.2500
enter_straddle -0.018372093023255816 43
realize_gain -0.02342857142857143 35
realize_loss -0.021875 32
invest -0.017777777777777778 18
update_start: 1; random_action_prob: 0.2487
update_complete: 1; loss: 0.0064847419659296674; cumulative_reward: -1.6500000000000006; invalid_count: 0; positive_reward_count: 2; success_count: 0; episode_count: 9; best_tax_advantage: 14.03; avg_entropy: 2.8309635501354933; random_exploration_count: 30; saved_snapshots: 0; random_action_prob: 0.2487
enter_straddle -0.013225806451612903 31
realize_gain -0.38289473684210523 38
realize_loss 0.3862857142857143 35
invest -0.008749999999999999 24
update_start: 2; random_action_prob: 0.2475
update_complete: 2; loss: -0.12114375581343968; cumulative_reward: -1.800000000000001; invalid_count: 0; positive_reward_count: 1; success_count: 0; episode_count: 9; best_tax_advantage: 3.77; avg_entropy: 2.827175513841212; random_exploration_count: 32; saved_snapshots: 0; random_action_prob: 0.2475
enter_straddle -0.014594594594594595 37
realize_gain -0.12000000000000001 36
realize_loss 0.08971428571428572 35
invest -0.004 20
update_start: 3; random_action_prob: 0.2463
update_complete: 3; loss: -0.15451780954996744; cumulative_reward: -1.9600000000000013; invalid_count: 0; positive_reward_count: 0; success_count: 0; episode_count: 9; best_tax_advantage: 0.0; avg_entropy: 2.894907013513148; random_exploration_count: 28; saved_snapshots: 0; random_action_prob: 0.2463
enter_straddle -0.017 40
realize_gain -0.015161290322580645 31
realize_loss -0.015405405405405408 37
invest -0.012 20
update_start: 4; random_action_prob: 0.2450
update_complete: 4; loss: 3.8276838461558023; cumulative_reward: 33.99999999999999; invalid_count: 0; positive_reward_count: 2; success_count: 1; episode_count: 9; best_tax_advantage: 35.68; avg_entropy: 2.8111457470804453; random_exploration_count: 31; saved_snapshots: 0; random_action_prob: 0.2450
enter_straddle -0.015714285714285715 35
realize_gain -0.020434782608695655 23
realize_loss 0.9276315789473685 38
invest -0.0071875 32
update_start: 5; random_action_prob: 0.2438
update_complete: 5; loss: -0.10487982879082362; cumulative_reward: -1.1400000000000015; invalid_count: 0; positive_reward_count: 2; success_count: 0; episode_count: 9; best_tax_advantage: 5.69; avg_entropy: 2.882237669080496; random_exploration_count: 36; saved_snapshots: 0; random_action_prob: 0.2438
enter_straddle -0.016842105263157894 38
realize_gain -0.12833333333333335 42
realize_loss 0.20400000000000001 25
invest -0.009130434782608695 23
update_start: 6; random_action_prob: 0.2426
update_complete: 6; loss: 1.0179353555043538; cumulative_reward: 3.3299999999999983; invalid_count: 0; positive_reward_count: 2; success_count: 0; episode_count: 9; best_tax_advantage: 20.56; avg_entropy: 2.791496092453599; random_exploration_count: 33; saved_snapshots: 0; random_action_prob: 0.2426
enter_straddle -0.017 40
realize_gain -0.9144444444444444 27
realize_loss 0.9982758620689655 29
invest -0.0078125 32
update_start: 7; random_action_prob: 0.2414
update_complete: 7; loss: -0.146974578499794; cumulative_reward: -1.4900000000000009; invalid_count: 0; positive_reward_count: 0; success_count: 0; episode_count: 9; best_tax_advantage: 0.0; avg_entropy: 2.744078479707241; random_exploration_count: 42; saved_snapshots: 0; random_action_prob: 0.2414
enter_straddle -0.012903225806451613 31
realize_gain -0.013750000000000002 40
realize_loss -0.00923076923076923 26
invest -0.00967741935483871 31
update_start: 8; random_action_prob: 0.2402
update_complete: 8; loss: 1.4704563617706299; cumulative_reward: 16.24999999999999; invalid_count: 0; positive_reward_count: 3; success_count: 0; episode_count: 9; best_tax_advantage: 17.84; avg_entropy: 2.813745278865099; random_exploration_count: 36; saved_snapshots: 0; random_action_prob: 0.2402
enter_straddle -0.01393939393939394 33
realize_gain -0.10694444444444445 36
realize_loss 0.61 34
invest -0.0072 25
update_start: 9; random_action_prob: 0.2390
update_complete: 9; loss: 0.9946914712587992; cumulative_reward: 24.62000000000001; invalid_count: 0; positive_reward_count: 7; success_count: 0; episode_count: 9; best_tax_advantage: 13.76; avg_entropy: 2.788062645122409; random_exploration_count: 33; saved_snapshots: 0; random_action_prob: 0.2390
enter_straddle -0.014193548387096775 31
realize_gain -0.2973529411764706 34
realize_loss 0.9033333333333334 39
invest -0.0025 24
update_start: 10; random_action_prob: 0.2378
update_complete: 10; loss: -0.14097578326861063; cumulative_reward: -1.8000000000000012; invalid_count: 0; positive_reward_count: 1; success_count: 0; episode_count: 9; best_tax_advantage: 0.23; avg_entropy: 2.7465381901711226; random_exploration_count: 34; saved_snapshots: 0; random_action_prob: 0.2378
enter_straddle -0.014705882352941176 34
realize_gain -0.019318181818181818 44
realize_loss -0.010344827586206896 29
invest -0.007142857142857143 21
update_start: 11; random_action_prob: 0.2366
update_complete: 11; loss: 0.03679406146208445; cumulative_reward: 5.500000000000016; invalid_count: 0; positive_reward_count: 3; success_count: 0; episode_count: 9; best_tax_advantage: 6.61; avg_entropy: 2.6197961857542396; random_exploration_count: 26; saved_snapshots: 0; random_action_prob: 0.2366
enter_straddle -0.013870967741935483 31
realize_gain -0.013703703703703704 27
realize_loss 0.17944444444444443 36
invest -0.004705882352941177 34
update_start: 12; random_action_prob: 0.2354
update_complete: 12; loss: -0.11056772122780482; cumulative_reward: -1.1100000000000005; invalid_count: 0; positive_reward_count: 0; success_count: 0; episode_count: 9; best_tax_advantage: 0.0; avg_entropy: 2.667836492881179; random_exploration_count: 27; saved_snapshots: 0; random_action_prob: 0.2354
enter_straddle -0.01 27
realize_gain -0.010333333333333333 30
realize_loss -0.010930232558139536 43
invest -0.002142857142857143 28
update_start: 13; random_action_prob: 0.2342
update_complete: 13; loss: 0.3297288815180461; cumulative_reward: -1.289999999999997; invalid_count: 0; positive_reward_count: 2; success_count: 0; episode_count: 9; best_tax_advantage: 11.89; avg_entropy: 2.6968075409531593; random_exploration_count: 32; saved_snapshots: 0; random_action_prob: 0.2342
enter_straddle -0.011724137931034483 29
realize_gain -0.5459375 32
realize_loss 0.47571428571428576 35
invest -0.0040625 32
update_start: 14; random_action_prob: 0.2331
update_complete: 14; loss: -0.12788345913092294; cumulative_reward: -1.9600000000000015; invalid_count: 0; positive_reward_count: 0; success_count: 0; episode_count: 9; best_tax_advantage: 0.0; avg_entropy: 2.812624312005937; random_exploration_count: 32; saved_snapshots: 0; random_action_prob: 0.2331
enter_straddle -0.017142857142857144 42
realize_gain -0.019090909090909092 33
realize_loss -0.01393939393939394 33
invest -0.0075 20
update_start: 15; random_action_prob: 0.2319
update_complete: 15; loss: -0.12220362822214763; cumulative_reward: -1.3000000000000007; invalid_count: 0; positive_reward_count: 0; success_count: 0; episode_count: 9; best_tax_advantage: 0.0; avg_entropy: 2.762868923135102; random_exploration_count: 39; saved_snapshots: 0; random_action_prob: 0.2319
enter_straddle -0.013000000000000001 30
realize_gain -0.010833333333333334 36
realize_loss -0.011935483870967743 31
invest -0.004838709677419355 31
update_start: 16; random_action_prob: 0.2307
update_complete: 16; loss: -0.10131404052178065; cumulative_reward: -1.2400000000000007; invalid_count: 0; positive_reward_count: 0; success_count: 0; episode_count: 9; best_tax_advantage: 0.0; avg_entropy: 2.598173927515745; random_exploration_count: 38; saved_snapshots: 0; random_action_prob: 0.2307
enter_straddle -0.01375 32
realize_gain -0.010666666666666666 30
realize_loss -0.010333333333333333 30
invest -0.004722222222222222 36
update_start: 17; random_action_prob: 0.2296
update_complete: 17; loss: -0.10817322631676991; cumulative_reward: 1.0299999999999994; invalid_count: 0; positive_reward_count: 2; success_count: 0; episode_count: 9; best_tax_advantage: 1.68; avg_entropy: 2.7408878803253174; random_exploration_count: 31; saved_snapshots: 0; random_action_prob: 0.2296
enter_straddle -0.014242424242424244 33
realize_gain -0.01375 32
realize_loss 0.0665625 32
invest -0.006129032258064516 31
update_start: 18; random_action_prob: 0.2284
update_complete: 18; loss: 3.181257168451945; cumulative_reward: 34.269999999999975; invalid_count: 0; positive_reward_count: 1; success_count: 1; episode_count: 9; best_tax_advantage: 35.68; avg_entropy: 2.5878208139911294; random_exploration_count: 26; saved_snapshots: 0; random_action_prob: 0.2284
enter_straddle -0.012903225806451613 31
realize_gain -0.01183673469387755 49
realize_loss 1.1025 32
invest -0.001875 16
update_start: 19; random_action_prob: 0.2273
update_complete: 19; loss: -0.1018783301115036; cumulative_reward: -1.0900000000000007; invalid_count: 0; positive_reward_count: 0; success_count: 0; episode_count: 9; best_tax_advantage: 0.0; avg_entropy: 2.7044044379144907; random_exploration_count: 30; saved_snapshots: 0; random_action_prob: 0.2273
enter_straddle -0.01074074074074074 27
realize_gain -0.008666666666666666 45
realize_loss -0.011000000000000001 30
invest -0.003076923076923077 26
update_start: 20; random_action_prob: 0.2262
update_complete: 20; loss: 2.662985404332479; cumulative_reward: 32.95999999999998; invalid_count: 0; positive_reward_count: 9; success_count: 0; episode_count: 9; best_tax_advantage: 19.03; avg_entropy: 2.7416208665817976; random_exploration_count: 29; saved_snapshots: 0; random_action_prob: 0.2262
enter_straddle -0.011875 32
realize_gain -0.6233333333333334 33
realize_loss 1.8693103448275863 29
invest -0.008823529411764706 34
update_start: 21; random_action_prob: 0.2250
update_complete: 21; loss: 0.13338502744833627; cumulative_reward: 7.5800000000000045; invalid_count: 0; positive_reward_count: 2; success_count: 0; episode_count: 9; best_tax_advantage: 9.25; avg_entropy: 2.8567343847826123; random_exploration_count: 27; saved_snapshots: 0; random_action_prob: 0.2250
enter_straddle -0.015277777777777779 36
realize_gain -0.14210526315789473 38
realize_loss 0.46 30
invest -0.011250000000000001 24
update_start: 22; random_action_prob: 0.2239
update_complete: 22; loss: -0.08640384425719579; cumulative_reward: -1.0700000000000005; invalid_count: 0; positive_reward_count: 0; success_count: 0; episode_count: 9; best_tax_advantage: 0.0; avg_entropy: 2.506203348748386; random_exploration_count: 24; saved_snapshots: 0; random_action_prob: 0.2239
enter_straddle -0.01206896551724138 29
realize_gain -0.008108108108108109 37
realize_loss -0.009487179487179488 39
invest -0.002173913043478261 23
update_start: 23; random_action_prob: 0.2228
update_complete: 23; loss: 0.3252900242805481; cumulative_reward: -0.12999999999999773; invalid_count: 0; positive_reward_count: 2; success_count: 0; episode_count: 9; best_tax_advantage: 11.89; avg_entropy: 2.8192908568307757; random_exploration_count: 34; saved_snapshots: 0; random_action_prob: 0.2228
enter_straddle -0.015714285714285715 35
realize_gain -0.36382352941176466 34
realize_loss 0.3235 40
invest -0.007894736842105263 19
update_start: 24; random_action_prob: 0.2217
update_complete: 24; loss: -0.10178716977437337; cumulative_reward: 0.2799999999999987; invalid_count: 0; positive_reward_count: 1; success_count: 0; episode_count: 9; best_tax_advantage: 2.13; avg_entropy: 2.8062596805393696; random_exploration_count: 32; saved_snapshots: 0; random_action_prob: 0.2217
enter_straddle -0.015405405405405404 37
realize_gain -0.012571428571428572 35
realize_loss 0.04575757575757576 33
invest -0.009565217391304347 23
update_start: 25; random_action_prob: 0.2206
update_complete: 25; loss: -0.13390792906284332; cumulative_reward: -1.550000000000001; invalid_count: 0; positive_reward_count: 1; success_count: 0; episode_count: 9; best_tax_advantage: 0.66; avg_entropy: 2.7876024078577757; random_exploration_count: 29; saved_snapshots: 0; random_action_prob: 0.2206
enter_straddle -0.013333333333333334 30
realize_gain -0.03966666666666666 30
realize_loss 0.007142857142857143 35
invest -0.006363636363636363 33
update_start: 26; random_action_prob: 0.2195
update_complete: 26; loss: -0.1306078334649404; cumulative_reward: -1.6900000000000013; invalid_count: 0; positive_reward_count: 0; success_count: 0; episode_count: 9; best_tax_advantage: 0.0; avg_entropy: 2.7940055010840297; random_exploration_count: 28; saved_snapshots: 0; random_action_prob: 0.2195
enter_straddle -0.015405405405405404 37
realize_gain -0.016842105263157894 38
realize_loss -0.01 31
invest -0.007727272727272727 22
update_start: 27; random_action_prob: 0.2184
update_complete: 27; loss: 0.022880519429842632; cumulative_reward: 0.8199999999999998; invalid_count: 0; positive_reward_count: 2; success_count: 0; episode_count: 9; best_tax_advantage: 7.93; avg_entropy: 2.7146850395947695; random_exploration_count: 20; saved_snapshots: 0; random_action_prob: 0.2184
enter_straddle -0.015277777777777779 36
realize_gain -0.2246153846153846 39
realize_loss 0.341 30
invest -0.004347826086956522 23
update_start: 28; random_action_prob: 0.2173
update_complete: 28; loss: 0.015131006638209024; cumulative_reward: 5.560000000000007; invalid_count: 0; positive_reward_count: 4; success_count: 0; episode_count: 9; best_tax_advantage: 4.0; avg_entropy: 2.7780348416417837; random_exploration_count: 27; saved_snapshots: 0; random_action_prob: 0.2173
enter_straddle -0.013823529411764707 34
realize_gain -0.2029411764705882 34
realize_loss 0.3879411764705883 34
invest -0.01 26
update_start: 29; random_action_prob: 0.2162
update_complete: 29; loss: -0.1391921192407608; cumulative_reward: -1.470000000000001; invalid_count: 0; positive_reward_count: 0; success_count: 0; episode_count: 9; best_tax_advantage: 0.0; avg_entropy: 2.7617058996111155; random_exploration_count: 22; saved_snapshots: 0; random_action_prob: 0.2162
enter_straddle -0.0121875 32
realize_gain -0.01489795918367347 49
realize_loss -0.009642857142857144 28
invest -0.004210526315789474 19
update_start: 30; random_action_prob: 0.2151
update_complete: 30; loss: -0.07438745597998302; cumulative_reward: 1.0000000000000002; invalid_count: 0; positive_reward_count: 3; success_count: 0; episode_count: 9; best_tax_advantage: 8.05; avg_entropy: 2.7789772506803274; random_exploration_count: 30; saved_snapshots: 0; random_action_prob: 0.2151
enter_straddle -0.012903225806451613 31
realize_gain -0.23405405405405405 37
realize_loss 0.27594594594594596 37
invest -0.006521739130434782 23
update_start: 31; random_action_prob: 0.2140
update_complete: 31; loss: 0.08871047695477803; cumulative_reward: -1.539999999999999; invalid_count: 0; positive_reward_count: 2; success_count: 0; episode_count: 9; best_tax_advantage: 9.25; avg_entropy: 2.8117561731487513; random_exploration_count: 35; saved_snapshots: 0; random_action_prob: 0.2140
enter_straddle -0.013548387096774193 31
realize_gain -0.3227083333333333 48
realize_loss 0.558076923076923 26
invest -0.006086956521739131 23
update_start: 32; random_action_prob: 0.2130
update_complete: 32; loss: 0.10317575931549072; cumulative_reward: 4.1400000000000095; invalid_count: 0; positive_reward_count: 2; success_count: 0; episode_count: 9; best_tax_advantage: 11.98; avg_entropy: 2.8191845947876573; random_exploration_count: 27; saved_snapshots: 0; random_action_prob: 0.2130
enter_straddle -0.01393939393939394 33
realize_gain -0.31897435897435894 39
realize_loss 0.6174999999999999 28
invest -0.008928571428571428 28
update_start: 33; random_action_prob: 0.2119
update_complete: 33; loss: 0.6285038391749064; cumulative_reward: 2.9300000000000037; invalid_count: 0; positive_reward_count: 4; success_count: 0; episode_count: 9; best_tax_advantage: 27.75; avg_entropy: 2.7302385922521353; random_exploration_count: 26; saved_snapshots: 0; random_action_prob: 0.2119
enter_straddle -0.013333333333333334 33
realize_gain -0.7645945945945947 37
realize_loss 0.7929999999999999 40
invest -0.003333333333333333 18
update_start: 34; random_action_prob: 0.2108
update_complete: 34; loss: 4.224416573842366; cumulative_reward: 43.38000000000001; invalid_count: 0; positive_reward_count: 9; success_count: 1; episode_count: 9; best_tax_advantage: 30.68; avg_entropy: 2.5994108729064465; random_exploration_count: 27; saved_snapshots: 0; random_action_prob: 0.2108
enter_straddle -0.007727272727272728 22
realize_gain -0.3026470588235294 34
realize_loss 1.4564864864864866 37
invest -0.0014285714285714286 35
update_start: 35; random_action_prob: 0.2098
update_complete: 35; loss: 3.4815797011057534; cumulative_reward: 27.119999999999976; invalid_count: 0; positive_reward_count: 5; success_count: 0; episode_count: 9; best_tax_advantage: 28.18; avg_entropy: 2.688896686770022; random_exploration_count: 27; saved_snapshots: 0; random_action_prob: 0.2098
enter_straddle -0.0116 25
realize_gain -0.1287179487179487 39
realize_loss 0.9854545454545454 33
invest -0.0029032258064516127 31
update_start: 36; random_action_prob: 0.2087
update_complete: 36; loss: 3.5507702032725015; cumulative_reward: 32.23; invalid_count: 0; positive_reward_count: 4; success_count: 0; episode_count: 9; best_tax_advantage: 28.86; avg_entropy: 2.7365433406084776; random_exploration_count: 33; saved_snapshots: 0; random_action_prob: 0.2087
enter_straddle -0.012857142857142857 28
realize_gain -0.26718749999999997 32
realize_loss 1.1794285714285715 35
invest -0.004242424242424243 33
update_start: 37; random_action_prob: 0.2077
update_complete: 37; loss: 2.742728074391683; cumulative_reward: 38.140000000000015; invalid_count: 0; positive_reward_count: 5; success_count: 1; episode_count: 9; best_tax_advantage: 32.37; avg_entropy: 2.697525809518993; random_exploration_count: 23; saved_snapshots: 0; random_action_prob: 0.2077
enter_straddle -0.011428571428571429 28
realize_gain -0.15555555555555556 36
realize_loss 1.0765853658536586 41
invest -0.0034782608695652175 23
update_start: 38; random_action_prob: 0.2066
update_complete: 38; loss: 0.5230253338813782; cumulative_reward: 10.730000000000013; invalid_count: 0; positive_reward_count: 4; success_count: 0; episode_count: 9; best_tax_advantage: 11.97; avg_entropy: 2.6183955688029528; random_exploration_count: 29; saved_snapshots: 0; random_action_prob: 0.2066
enter_straddle -0.01310344827586207 29
realize_gain -0.010256410256410256 39
realize_loss 0.33085714285714285 35
invest -0.0028000000000000004 25
update_start: 39; random_action_prob: 0.2056
update_complete: 39; loss: 0.08869209388891856; cumulative_reward: 4.970000000000016; invalid_count: 0; positive_reward_count: 4; success_count: 0; episode_count: 9; best_tax_advantage: 5.78; avg_entropy: 2.6719150682911277; random_exploration_count: 16; saved_snapshots: 0; random_action_prob: 0.2056
enter_straddle -0.012333333333333333 30
realize_gain -0.01 35
realize_loss 0.14243902439024392 41
invest -0.006818181818181818 22
update_start: 40; random_action_prob: 0.2046
update_complete: 40; loss: 0.38776950041453045; cumulative_reward: 7.050000000000006; invalid_count: 0; positive_reward_count: 3; success_count: 0; episode_count: 9; best_tax_advantage: 12.19; avg_entropy: 2.596551416441798; random_exploration_count: 23; saved_snapshots: 0; random_action_prob: 0.2046
enter_straddle -0.0104 25
realize_gain -0.4178378378378378 37
realize_loss 0.6924242424242424 33
invest -0.0024242424242424242 33
update_start: 41; random_action_prob: 0.2036
update_complete: 41; loss: -0.06824752688407898; cumulative_reward: -1.430000000000001; invalid_count: 0; positive_reward_count: 0; success_count: 0; episode_count: 9; best_tax_advantage: 0.0; avg_entropy: 2.596302148886025; random_exploration_count: 26; saved_snapshots: 0; random_action_prob: 0.2036
enter_straddle -0.012333333333333333 30
realize_gain -0.01361111111111111 36
realize_loss -0.012750000000000001 40
invest -0.002727272727272727 22
update_start: 42; random_action_prob: 0.2025
update_complete: 42; loss: -0.10286086549361546; cumulative_reward: -0.8700000000000006; invalid_count: 0; positive_reward_count: 1; success_count: 0; episode_count: 9; best_tax_advantage: 0.12; avg_entropy: 2.6811768133193254; random_exploration_count: 31; saved_snapshots: 0; random_action_prob: 0.2025
enter_straddle -0.008695652173913044 23
realize_gain -0.008979591836734694 49
realize_loss -0.005806451612903226 31
invest -0.002 25
update_start: 43; random_action_prob: 0.2015
update_complete: 43; loss: 0.3669801950454712; cumulative_reward: -0.6700000000000015; invalid_count: 0; positive_reward_count: 5; success_count: 0; episode_count: 9; best_tax_advantage: 16.88; avg_entropy: 2.480600926093757; random_exploration_count: 26; saved_snapshots: 0; random_action_prob: 0.2015
enter_straddle -0.009545454545454544 22
realize_gain -0.6905882352941175 34
realize_loss 0.6588571428571428 35
invest -0.001081081081081081 37
update_start: 44; random_action_prob: 0.2005
update_complete: 44; loss: 0.14546601474285126; cumulative_reward: 5.3100000000000005; invalid_count: 0; positive_reward_count: 2; success_count: 0; episode_count: 9; best_tax_advantage: 6.61; avg_entropy: 2.691563133150339; random_exploration_count: 23; saved_snapshots: 0; random_action_prob: 0.2005
enter_straddle -0.012 30
realize_gain -0.07058823529411765 51
realize_loss 0.3003225806451613 31
invest -0.0025 16
update_start: 45; random_action_prob: 0.1995
update_complete: 45; loss: 4.99093230565389; cumulative_reward: 32.30000000000003; invalid_count: 0; positive_reward_count: 1; success_count: 1; episode_count: 9; best_tax_advantage: 33.53; avg_entropy: 2.6505505423992872; random_exploration_count: 25; saved_snapshots: 0; random_action_prob: 0.1995
enter_straddle -0.01 28
realize_gain -0.009782608695652175 46
realize_loss 1.107 30
invest -0.0075 24
update_start: 46; random_action_prob: 0.1985
update_complete: 46; loss: 1.2754688660303752; cumulative_reward: 16.61999999999999; invalid_count: 0; positive_reward_count: 2; success_count: 0; episode_count: 9; best_tax_advantage: 18.12; avg_entropy: 2.674471420235932; random_exploration_count: 25; saved_snapshots: 0; random_action_prob: 0.1985
enter_straddle -0.013000000000000001 30
realize_gain -0.011891891891891892 37
realize_loss 0.42902439024390243 41
invest -0.007000000000000001 20
update_start: 47; random_action_prob: 0.1975
update_complete: 47; loss: -0.11823385457197826; cumulative_reward: -1.2200000000000006; invalid_count: 0; positive_reward_count: 0; success_count: 0; episode_count: 9; best_tax_advantage: 0.0; avg_entropy: 2.790479456074536; random_exploration_count: 31; saved_snapshots: 0; random_action_prob: 0.1975
enter_straddle -0.011923076923076923 26
realize_gain -0.010909090909090908 33
realize_loss -0.008421052631578947 38
invest -0.007419354838709678 31
update_start: 48; random_action_prob: 0.1965
update_complete: 48; loss: -0.11251993477344513; cumulative_reward: -1.1500000000000008; invalid_count: 0; positive_reward_count: 0; success_count: 0; episode_count: 9; best_tax_advantage: 0.0; avg_entropy: 2.6600454822182655; random_exploration_count: 27; saved_snapshots: 0; random_action_prob: 0.1965
enter_straddle -0.010384615384615384 26
realize_gain -0.011481481481481481 27
realize_loss -0.00823529411764706 34
invest -0.007073170731707316 41
update_start: 49; random_action_prob: 0.1956
update_complete: 49; loss: -0.11610164493322372; cumulative_reward: -1.2400000000000007; invalid_count: 0; positive_reward_count: 0; success_count: 0; episode_count: 9; best_tax_advantage: 0.0; avg_entropy: 2.7454144060611725; random_exploration_count: 28; saved_snapshots: 0; random_action_prob: 0.1956
enter_straddle -0.011666666666666665 30
realize_gain -0.009 40
realize_loss -0.012195121951219513 41
invest -0.001764705882352941 17
update_start: 50; random_action_prob: 0.1946
update_complete: 50; loss: -0.12770015001296997; cumulative_reward: -1.3600000000000005; invalid_count: 0; positive_reward_count: 2; success_count: 0; episode_count: 9; best_tax_advantage: 2.97; avg_entropy: 2.72747184894979; random_exploration_count: 27; saved_snapshots: 0; random_action_prob: 0.1946
enter_straddle -0.01310344827586207 29
realize_gain -0.098 35
realize_loss 0.07470588235294118 34
invest -0.003 30
update_start: 51; random_action_prob: 0.1936
update_complete: 51; loss: 0.4858015775680542; cumulative_reward: 8.190000000000008; invalid_count: 0; positive_reward_count: 4; success_count: 0; episode_count: 9; best_tax_advantage: 17.84; avg_entropy: 2.69635624717921; random_exploration_count: 27; saved_snapshots: 0; random_action_prob: 0.1936
enter_straddle -0.011935483870967743 31
realize_gain -0.5026829268292683 41
realize_loss 0.8144444444444445 36
invest -0.0075 20
update_start: 52; random_action_prob: 0.1926
update_complete: 52; loss: -0.12959065039952597; cumulative_reward: -1.2000000000000006; invalid_count: 0; positive_reward_count: 0; success_count: 0; episode_count: 9; best_tax_advantage: 0.0; avg_entropy: 2.587164234369993; random_exploration_count: 25; saved_snapshots: 0; random_action_prob: 0.1926
enter_straddle -0.01 27
realize_gain -0.01 49
realize_loss -0.012666666666666666 30
invest -0.002727272727272727 22
update_start: 53; random_action_prob: 0.1917
update_complete: 53; loss: -0.11421843866507213; cumulative_reward: -1.2700000000000007; invalid_count: 0; positive_reward_count: 0; success_count: 0; episode_count: 9; best_tax_advantage: 0.0; avg_entropy: 2.675852471962571; random_exploration_count: 26; saved_snapshots: 0; random_action_prob: 0.1917
enter_straddle -0.0140625 32
realize_gain -0.012105263157894737 38
realize_loss -0.008787878787878787 33
invest -0.0028000000000000004 25
update_start: 54; random_action_prob: 0.1907
update_complete: 54; loss: 2.2409592469533286; cumulative_reward: 21.43999999999999; invalid_count: 0; positive_reward_count: 2; success_count: 0; episode_count: 9; best_tax_advantage: 23.12; avg_entropy: 3.0253861602395773; random_exploration_count: 26; saved_snapshots: 0; random_action_prob: 0.1907
enter_straddle -0.011935483870967743 31
realize_gain -0.20941176470588233 34
realize_loss 0.6315217391304347 46
invest -0.007058823529411764 17
update_start: 55; random_action_prob: 0.1898
update_complete: 55; loss: -0.11695375541845958; cumulative_reward: -1.5900000000000012; invalid_count: 0; positive_reward_count: 0; success_count: 0; episode_count: 9; best_tax_advantage: 0.0; avg_entropy: 2.839833799749613; random_exploration_count: 38; saved_snapshots: 0; random_action_prob: 0.1898
enter_straddle -0.014166666666666668 36
realize_gain -0.013695652173913043 46
realize_loss -0.012222222222222223 27
invest -0.00631578947368421 19
update_start: 56; random_action_prob: 0.1888
update_complete: 56; loss: 0.50423663854599; cumulative_reward: 13.060000000000013; invalid_count: 0; positive_reward_count: 5; success_count: 0; episode_count: 9; best_tax_advantage: 12.1; avg_entropy: 2.7493758779019117; random_exploration_count: 21; saved_snapshots: 0; random_action_prob: 0.1888
enter_straddle -0.010689655172413793 29
realize_gain -0.12175 40
realize_loss 0.5569696969696969 33
invest -0.005384615384615385 26
update_start: 57; random_action_prob: 0.1879
update_complete: 57; loss: 0.10463556150595348; cumulative_reward: 8.350000000000009; invalid_count: 0; positive_reward_count: 1; success_count: 0; episode_count: 9; best_tax_advantage: 9.96; avg_entropy: 2.7238924968987703; random_exploration_count: 24; saved_snapshots: 0; random_action_prob: 0.1879
enter_straddle -0.014571428571428572 35
realize_gain -0.0121875 32
realize_loss 0.2788235294117647 34
invest -0.008518518518518519 27
update_start: 58; random_action_prob: 0.1869
update_complete: 58; loss: 4.789876778920491; cumulative_reward: 44.840000000000025; invalid_count: 0; positive_reward_count: 3; success_count: 1; episode_count: 9; best_tax_advantage: 37.0; avg_entropy: 2.794279843568802; random_exploration_count: 22; saved_snapshots: 0; random_action_prob: 0.1869
enter_straddle -0.011724137931034483 29
realize_gain -0.012631578947368462 38
realize_loss 1.3479411764705882 34
invest -0.006296296296296296 27
update_start: 59; random_action_prob: 0.1860
update_complete: 59; loss: 2.9743427435557046; cumulative_reward: 39.969999999999985; invalid_count: 0; positive_reward_count: 6; success_count: 0; episode_count: 9; best_tax_advantage: 27.75; avg_entropy: 2.8715659491717815; random_exploration_count: 28; saved_snapshots: 0; random_action_prob: 0.1860
enter_straddle -0.010357142857142856 28
realize_gain -0.34914893617021275 47
realize_loss 1.622857142857143 35
invest -0.007222222222222223 18
update_start: 60; random_action_prob: 0.1851
update_complete: 60; loss: 3.917123556137085; cumulative_reward: 35.15999999999995; invalid_count: 0; positive_reward_count: 2; success_count: 1; episode_count: 9; best_tax_advantage: 37.0; avg_entropy: 2.9205168057233095; random_exploration_count: 23; saved_snapshots: 0; random_action_prob: 0.1851
enter_straddle -0.015000000000000001 36
realize_gain -0.04181818181818182 44
realize_loss 1.5116 25
invest -0.010869565217391304 23
update_start: 61; random_action_prob: 0.1841
update_complete: 61; loss: 0.006077175339063008; cumulative_reward: 3.660000000000005; invalid_count: 0; positive_reward_count: 7; success_count: 0; episode_count: 9; best_tax_advantage: 4.57; avg_entropy: 2.6776544842869043; random_exploration_count: 18; saved_snapshots: 0; random_action_prob: 0.1841
enter_straddle -0.013225806451612903 31
realize_gain -0.01633333333333333 30
realize_loss 0.13342857142857142 35
invest -0.0034375 32
update_start: 62; random_action_prob: 0.1832
update_complete: 62; loss: 0.0011783937613169353; cumulative_reward: 2.760000000000004; invalid_count: 0; positive_reward_count: 1; success_count: 0; episode_count: 9; best_tax_advantage: 3.97; avg_entropy: 2.6538159493356943; random_exploration_count: 19; saved_snapshots: 0; random_action_prob: 0.1832
enter_straddle -0.014848484848484849 33
realize_gain -0.008823529411764713 34
realize_loss 0.13071428571428573 28
invest -0.0033333333333333335 33
update_start: 63; random_action_prob: 0.1823
update_complete: 63; loss: 0.2752724488576253; cumulative_reward: 9.79000000000002; invalid_count: 0; positive_reward_count: 4; success_count: 0; episode_count: 9; best_tax_advantage: 11.52; avg_entropy: 2.968758264556527; random_exploration_count: 22; saved_snapshots: 0; random_action_prob: 0.1823
enter_straddle -0.014705882352941176 34
realize_gain -0.015483870967741935 31
realize_loss 0.25952380952380955 42
invest -0.006190476190476191 21
update_start: 64; random_action_prob: 0.1814
update_complete: 64; loss: 0.5424299438794454; cumulative_reward: 11.600000000000035; invalid_count: 0; positive_reward_count: 4; success_count: 0; episode_count: 9; best_tax_advantage: 13.22; avg_entropy: 2.6942719239741564; random_exploration_count: 25; saved_snapshots: 0; random_action_prob: 0.1814
enter_straddle -0.014705882352941176 34
realize_gain -0.11000000000000001 37
realize_loss 0.44972222222222225 36
invest -0.0009523809523809524 21
update_start: 65; random_action_prob: 0.1805
update_complete: 65; loss: 0.04521354536215464; cumulative_reward: 4.67; invalid_count: 0; positive_reward_count: 1; success_count: 0; episode_count: 9; best_tax_advantage: 6.36; avg_entropy: 2.7172191590070724; random_exploration_count: 31; saved_snapshots: 0; random_action_prob: 0.1805
enter_straddle -0.015135135135135137 37
realize_gain -0.012727272727272726 33
realize_loss 0.17411764705882354 34
invest -0.011250000000000001 24
update_start: 66; random_action_prob: 0.1796
update_complete: 66; loss: 0.15389084815979004; cumulative_reward: 11.820000000000014; invalid_count: 0; positive_reward_count: 2; success_count: 0; episode_count: 9; best_tax_advantage: 7.93; avg_entropy: 2.7534225676208735; random_exploration_count: 15; saved_snapshots: 0; random_action_prob: 0.1796
enter_straddle -0.012580645161290323 31
realize_gain -0.05 31
realize_loss 0.3075555555555555 45
invest -0.0038095238095238095 21
update_start: 67; random_action_prob: 0.1787
update_complete: 67; loss: 0.1243266115585963; cumulative_reward: 6.820000000000009; invalid_count: 0; positive_reward_count: 1; success_count: 0; episode_count: 9; best_tax_advantage: 8.64; avg_entropy: 2.8421978959813714; random_exploration_count: 18; saved_snapshots: 0; random_action_prob: 0.1787
enter_straddle -0.014117647058823528 34
realize_gain -0.018095238095238095 42
realize_loss 0.2820689655172414 29
invest -0.005217391304347826 23
update_start: 68; random_action_prob: 0.1778
update_complete: 68; loss: 0.13417287170886993; cumulative_reward: -2.369999999999996; invalid_count: 0; positive_reward_count: 1; success_count: 0; episode_count: 9; best_tax_advantage: 10.27; avg_entropy: 2.8469156734645367; random_exploration_count: 23; saved_snapshots: 0; random_action_prob: 0.1778
enter_straddle -0.017857142857142856 42
realize_gain -0.4466666666666666 24
realize_loss 0.28205882352941175 34
invest -0.017499999999999998 28
update_start: 69; random_action_prob: 0.1769
update_complete: 69; loss: -0.1206155742208163; cumulative_reward: -1.7600000000000011; invalid_count: 0; positive_reward_count: 0; success_count: 0; episode_count: 9; best_tax_advantage: 0.0; avg_entropy: 2.7712215250357985; random_exploration_count: 20; saved_snapshots: 0; random_action_prob: 0.1769
enter_straddle -0.014571428571428572 35
realize_gain -0.016666666666666666 39
realize_loss -0.017857142857142856 28
invest -0.0038461538461538464 26
update_start: 70; random_action_prob: 0.1760
update_complete: 70; loss: -0.1333137253920237; cumulative_reward: -1.8500000000000014; invalid_count: 0; positive_reward_count: 0; success_count: 0; episode_count: 9; best_tax_advantage: 0.0; avg_entropy: 2.8703252831473947; random_exploration_count: 26; saved_snapshots: 0; random_action_prob: 0.1760
enter_straddle -0.015142857142857144 35
realize_gain -0.01435897435897436 39
realize_loss -0.015806451612903224 31
invest -0.01173913043478261 23
update_start: 71; random_action_prob: 0.1751
update_complete: 71; loss: -0.09947055081526439; cumulative_reward: 1.8800000000000052; invalid_count: 0; positive_reward_count: 2; success_count: 0; episode_count: 9; best_tax_advantage: 3.31; avg_entropy: 2.824006600305438; random_exploration_count: 12; saved_snapshots: 0; random_action_prob: 0.1751
enter_straddle -0.0125 32
realize_gain -0.013243243243243243 37
realize_loss 0.08114285714285714 35
invest -0.002916666666666667 24
update_start: 72; random_action_prob: 0.1743
update_complete: 72; loss: 0.6598786115646362; cumulative_reward: 11.480000000000027; invalid_count: 0; positive_reward_count: 2; success_count: 0; episode_count: 9; best_tax_advantage: 12.91; avg_entropy: 2.6849003471434116; random_exploration_count: 25; saved_snapshots: 0; random_action_prob: 0.1743
enter_straddle -0.013333333333333334 33
realize_gain -0.17170731707317075 41
realize_loss 0.5775757575757576 33
invest -0.004761904761904762 21
update_start: 73; random_action_prob: 0.1734
update_complete: 73; loss: 0.10218680401643117; cumulative_reward: 7.0500000000000025; invalid_count: 0; positive_reward_count: 3; success_count: 0; episode_count: 9; best_tax_advantage: 8.72; avg_entropy: 2.8288946766406298; random_exploration_count: 23; saved_snapshots: 0; random_action_prob: 0.1734
enter_straddle -0.014857142857142857 35
realize_gain -0.013829787234042554 47
realize_loss 0.3332 25
invest -0.005238095238095238 21
update_start: 74; random_action_prob: 0.1725
update_complete: 74; loss: -0.13003850479920706; cumulative_reward: -1.450000000000001; invalid_count: 0; positive_reward_count: 0; success_count: 0; episode_count: 9; best_tax_advantage: 0.0; avg_entropy: 2.7891566026955843; random_exploration_count: 24; saved_snapshots: 0; random_action_prob: 0.1725
enter_straddle -0.014545454545454545 33
realize_gain -0.01 45
realize_loss -0.013703703703703704 27
invest -0.006521739130434782 23
update_start: 75; random_action_prob: 0.1717
update_complete: 75; loss: -0.12628516554832458; cumulative_reward: -1.3000000000000007; invalid_count: 0; positive_reward_count: 2; success_count: 0; episode_count: 9; best_tax_advantage: 1.69; avg_entropy: 2.8735585398972034; random_exploration_count: 32; saved_snapshots: 0; random_action_prob: 0.1717
enter_straddle -0.013225806451612905 31
realize_gain -0.04288461538461538 52
realize_loss 0.055999999999999994 25
invest -0.003 20
update_start: 76; random_action_prob: 0.1708
update_complete: 76; loss: 0.3702319065729777; cumulative_reward: 3.610000000000005; invalid_count: 0; positive_reward_count: 3; success_count: 0; episode_count: 9; best_tax_advantage: 17.13; avg_entropy: 2.7693269290030003; random_exploration_count: 15; saved_snapshots: 0; random_action_prob: 0.1708
enter_straddle -0.014375 32
realize_gain -0.3806521739130435 46
realize_loss 0.8684000000000001 25
invest -0.0052 25
update_start: 77; random_action_prob: 0.1699
update_complete: 77; loss: 6.107269287109375; cumulative_reward: 46.43000000000002; invalid_count: 0; positive_reward_count: 4; success_count: 1; episode_count: 9; best_tax_advantage: 37.0; avg_entropy: 2.749686627648771; random_exploration_count: 25; saved_snapshots: 0; random_action_prob: 0.1699
enter_straddle -0.015000000000000001 36
realize_gain -0.013333333333333332 36
realize_loss 1.442121212121212 33
invest -0.006086956521739131 23
update_start: 78; random_action_prob: 0.1691
update_complete: 78; loss: 0.21223163108030954; cumulative_reward: 0.7500000000000013; invalid_count: 0; positive_reward_count: 2; success_count: 0; episode_count: 9; best_tax_advantage: 14.94; avg_entropy: 2.8951443070545793; random_exploration_count: 21; saved_snapshots: 0; random_action_prob: 0.1691
enter_straddle -0.015000000000000001 36
realize_gain -0.2821818181818182 55
realize_loss 0.7356521739130436 23
invest -0.007857142857142858 14
update_start: 79; random_action_prob: 0.1683
update_complete: 79; loss: -0.13088959952195486; cumulative_reward: -1.6900000000000013; invalid_count: 0; positive_reward_count: 0; success_count: 0; episode_count: 9; best_tax_advantage: 0.0; avg_entropy: 2.8105686688795686; random_exploration_count: 22; saved_snapshots: 0; random_action_prob: 0.1683
enter_straddle -0.015882352941176472 34
realize_gain -0.016666666666666666 36
realize_loss -0.014 30
invest -0.004642857142857143 28
update_start: 80; random_action_prob: 0.1674
update_complete: 80; loss: -0.11637584368387859; cumulative_reward: -0.6000000000000009; invalid_count: 0; positive_reward_count: 1; success_count: 0; episode_count: 9; best_tax_advantage: 0.83; avg_entropy: 2.833012913353741; random_exploration_count: 21; saved_snapshots: 0; random_action_prob: 0.1674
enter_straddle -0.01103448275862069 29
realize_gain -0.012727272727272728 44
realize_loss 0.016666666666666666 30
invest -0.0088 25
update_start: 81; random_action_prob: 0.1666
update_complete: 81; loss: 0.9740977684656779; cumulative_reward: -0.5099999999999973; invalid_count: 0; positive_reward_count: 5; success_count: 0; episode_count: 9; best_tax_advantage: 15.24; avg_entropy: 2.8206987641751766; random_exploration_count: 24; saved_snapshots: 0; random_action_prob: 0.1666
enter_straddle -0.013823529411764705 34
realize_gain -0.7257499999999999 40
realize_loss 0.7448717948717949 39
invest -0.004 15
update_start: 82; random_action_prob: 0.1657
update_complete: 82; loss: -0.12712804973125458; cumulative_reward: -1.2600000000000007; invalid_count: 0; positive_reward_count: 0; success_count: 0; episode_count: 9; best_tax_advantage: 0.0; avg_entropy: 2.6642256742343307; random_exploration_count: 18; saved_snapshots: 0; random_action_prob: 0.1657
enter_straddle -0.013548387096774193 31
realize_gain -0.010232558139534885 43
realize_loss -0.008666666666666666 30
invest -0.005833333333333334 24
update_start: 83; random_action_prob: 0.1649
update_complete: 83; loss: -0.08125912398099899; cumulative_reward: -1.1199999999999999; invalid_count: 0; positive_reward_count: 1; success_count: 0; episode_count: 9; best_tax_advantage: 6.03; avg_entropy: 2.669684282504022; random_exploration_count: 18; saved_snapshots: 0; random_action_prob: 0.1649
enter_straddle -0.013000000000000001 30
realize_gain -0.16421052631578947 38
realize_loss 0.24125000000000005 24
invest -0.007777777777777778 36
update_start: 84; random_action_prob: 0.1641
update_complete: 84; loss: 0.18391293287277222; cumulative_reward: 5.570000000000008; invalid_count: 0; positive_reward_count: 3; success_count: 0; episode_count: 9; best_tax_advantage: 7.51; avg_entropy: 2.8406730694696307; random_exploration_count: 16; saved_snapshots: 0; random_action_prob: 0.1641
enter_straddle -0.015675675675675675 37
realize_gain -0.05813953488372093 43
realize_loss 0.276875 32
invest -0.013125 16
update_start: 85; random_action_prob: 0.1633
update_complete: 85; loss: -0.13269482553005219; cumulative_reward: -1.5200000000000011; invalid_count: 0; positive_reward_count: 1; success_count: 0; episode_count: 9; best_tax_advantage: 1.02; avg_entropy: 2.739117513410747; random_exploration_count: 14; saved_snapshots: 0; random_action_prob: 0.1633
enter_straddle -0.01393939393939394 33
realize_gain -0.03717948717948718 39
realize_loss 0.012702702702702703 37
invest -0.004210526315789474 19
update_start: 86; random_action_prob: 0.1625
update_complete: 86; loss: 2.314843734105428; cumulative_reward: 22.159999999999975; invalid_count: 0; positive_reward_count: 6; success_count: 0; episode_count: 9; best_tax_advantage: 23.68; avg_entropy: 2.763088373467326; random_exploration_count: 17; saved_snapshots: 0; random_action_prob: 0.1625
enter_straddle -0.012812500000000001 32
realize_gain -0.6905405405405406 37
realize_loss 1.611 30
invest -0.007241379310344827 29
update_start: 87; random_action_prob: 0.1616
update_complete: 87; loss: 0.24849450091520944; cumulative_reward: -0.8999999999999972; invalid_count: 0; positive_reward_count: 1; success_count: 0; episode_count: 9; best_tax_advantage: 13.87; avg_entropy: 2.863914459012449; random_exploration_count: 13; saved_snapshots: 0; random_action_prob: 0.1616
enter_straddle -0.013030303030303031 33
realize_gain -0.42499999999999993 32
realize_loss 0.39352941176470585 34
invest -0.008620689655172414 29
update_start: 88; random_action_prob: 0.1608
update_complete: 88; loss: 0.08587747812271118; cumulative_reward: 6.340000000000011; invalid_count: 0; positive_reward_count: 4; success_count: 0; episode_count: 9; best_tax_advantage: 8.01; avg_entropy: 2.7359102722257376; random_exploration_count: 24; saved_snapshots: 0; random_action_prob: 0.1608
enter_straddle -0.015675675675675675 37
realize_gain -0.1170731707317073 41
realize_loss 0.4089655172413793 29
invest -0.006666666666666667 21
update_start: 89; random_action_prob: 0.1600
update_complete: 89; loss: -0.038377357025941215; cumulative_reward: 3.050000000000001; invalid_count: 0; positive_reward_count: 2; success_count: 0; episode_count: 9; best_tax_advantage: 4.5; avg_entropy: 2.789502715691924; random_exploration_count: 26; saved_snapshots: 0; random_action_prob: 0.1600
enter_straddle -0.013333333333333334 33
realize_gain -0.013720930232558139 43
realize_loss 0.1328125 32
invest -0.0085 20
update_start: 90; random_action_prob: 0.1592
update_complete: 90; loss: -0.1340822031100591; cumulative_reward: -1.9600000000000013; invalid_count: 0; positive_reward_count: 0; success_count: 0; episode_count: 9; best_tax_advantage: 0.0; avg_entropy: 2.894631791859865; random_exploration_count: 20; saved_snapshots: 0; random_action_prob: 0.1592
enter_straddle -0.016578947368421054 38
realize_gain -0.02 36
realize_loss -0.015172413793103448 29
invest -0.0068000000000000005 25
update_start: 91; random_action_prob: 0.1584
update_complete: 91; loss: -0.12505564093589783; cumulative_reward: -1.410000000000001; invalid_count: 0; positive_reward_count: 0; success_count: 0; episode_count: 9; best_tax_advantage: 0.0; avg_entropy: 2.821591641753912; random_exploration_count: 27; saved_snapshots: 0; random_action_prob: 0.1584
enter_straddle -0.0128125 32
realize_gain -0.01125 40
realize_loss -0.013448275862068966 29
invest -0.005925925925925926 27
update_start: 92; random_action_prob: 0.1576
update_complete: 92; loss: 0.6149064898490906; cumulative_reward: 16.060000000000013; invalid_count: 0; positive_reward_count: 5; success_count: 0; episode_count: 9; best_tax_advantage: 9.11; avg_entropy: 2.815766341984272; random_exploration_count: 21; saved_snapshots: 0; random_action_prob: 0.1576
enter_straddle -0.014857142857142857 35
realize_gain -0.08702702702702704 37
realize_loss 0.588529411764706 34
invest -0.009545454545454544 22
update_start: 93; random_action_prob: 0.1569
update_complete: 93; loss: -0.11421625316143036; cumulative_reward: -1.640000000000001; invalid_count: 0; positive_reward_count: 1; success_count: 0; episode_count: 9; best_tax_advantage: 1.24; avg_entropy: 2.8680668845772743; random_exploration_count: 25; saved_snapshots: 0; random_action_prob: 0.1569
enter_straddle -0.014857142857142857 35
realize_gain -0.04214285714285714 42
realize_loss 0.02758620689655172 29
invest -0.006818181818181818 22
update_start: 94; random_action_prob: 0.1561
update_complete: 94; loss: -0.12558673322200775; cumulative_reward: -0.6300000000000017; invalid_count: 0; positive_reward_count: 5; success_count: 0; episode_count: 9; best_tax_advantage: 2.22; avg_entropy: 2.8444446232169867; random_exploration_count: 29; saved_snapshots: 0; random_action_prob: 0.1561
enter_straddle -0.01641025641025641 39
realize_gain -0.20310344827586208 29
realize_loss 0.1711111111111111 36
invest -0.010833333333333334 24
update_start: 95; random_action_prob: 0.1553
update_complete: 95; loss: -0.13690092662970224; cumulative_reward: -2.040000000000001; invalid_count: 0; positive_reward_count: 0; success_count: 0; episode_count: 9; best_tax_advantage: 0.0; avg_entropy: 2.8986277962103486; random_exploration_count: 18; saved_snapshots: 0; random_action_prob: 0.1553
enter_straddle -0.017317073170731705 41
realize_gain -0.01911764705882353 34
realize_loss -0.016578947368421054 38
invest -0.0033333333333333335 15
update_start: 96; random_action_prob: 0.1545
update_complete: 96; loss: -0.10592718919118245; cumulative_reward: -1.9900000000000002; invalid_count: 0; positive_reward_count: 2; success_count: 0; episode_count: 9; best_tax_advantage: 4.71; avg_entropy: 2.9410798754543066; random_exploration_count: 20; saved_snapshots: 0; random_action_prob: 0.1545
enter_straddle -0.01631578947368421 38
realize_gain -0.18341463414634146 41
realize_loss 0.20516129032258065 31
invest -0.011666666666666665 18
update_start: 97; random_action_prob: 0.1537
update_complete: 97; loss: 3.396355708440145; cumulative_reward: 35.09999999999997; invalid_count: 0; positive_reward_count: 3; success_count: 1; episode_count: 9; best_tax_advantage: 37.0; avg_entropy: 2.770431699231267; random_exploration_count: 14; saved_snapshots: 0; random_action_prob: 0.1537
enter_straddle -0.016923076923076923 39
realize_gain -0.09838709677419356 31
realize_loss 1.081388888888889 36
invest -0.005454545454545454 22
update_start: 98; random_action_prob: 0.1530
update_complete: 98; loss: -0.1388298124074936; cumulative_reward: -1.560000000000001; invalid_count: 0; positive_reward_count: 0; success_count: 0; episode_count: 9; best_tax_advantage: 0.0; avg_entropy: 2.8128442456945777; random_exploration_count: 20; saved_snapshots: 0; random_action_prob: 0.1530
enter_straddle -0.015945945945945946 37
realize_gain -0.012777777777777779 36
realize_loss -0.00962962962962963 27
invest -0.008928571428571428 28
update_start: 99; random_action_prob: 0.1522
update_complete: 99; loss: -0.14535520474116007; cumulative_reward: -1.6500000000000012; invalid_count: 0; positive_reward_count: 0; success_count: 0; episode_count: 9; best_tax_advantage: 0.0; avg_entropy: 2.8779862383380532; random_exploration_count: 27; saved_snapshots: 0; random_action_prob: 0.1522
enter_straddle -0.014444444444444446 36
realize_gain -0.01435897435897436 39
realize_loss -0.00962962962962963 27
invest -0.011923076923076923 26
2026-07-10T16:43:47 completed straddle_abuse run=0 elapsed_seconds=674.81 updates_logged=100
2026-07-10T16:43:47 running straddle_abuse run=1 seed=1730
update_start: 0; random_action_prob: 0.2500
update_complete: 0; loss: -0.0049819499254226685; cumulative_reward: -1.8799999999999988; invalid_count: 0; positive_reward_count: 1; success_count: 0; episode_count: 9; best_tax_advantage: 6.29; avg_entropy: 2.8721995698288083; random_exploration_count: 37; saved_snapshots: 0; random_action_prob: 0.2500
enter_straddle -0.015000000000000001 36
realize_gain -0.22599999999999998 30
realize_loss 0.2565217391304348 23
invest -0.011794871794871795 39
update_start: 1; random_action_prob: 0.2487
update_complete: 1; loss: 0.23715949058532715; cumulative_reward: -1.9799999999999995; invalid_count: 0; positive_reward_count: 2; success_count: 0; episode_count: 9; best_tax_advantage: 13.21; avg_entropy: 2.864065257832408; random_exploration_count: 29; saved_snapshots: 0; random_action_prob: 0.2487
enter_straddle -0.015405405405405404 37
realize_gain -0.39875000000000005 40
realize_loss 0.42000000000000004 35
invest -0.01 16
update_start: 2; random_action_prob: 0.2475
update_complete: 2; loss: 0.2009047567844391; cumulative_reward: 5.870000000000007; invalid_count: 0; positive_reward_count: 2; success_count: 0; episode_count: 9; best_tax_advantage: 7.93; avg_entropy: 2.90847148001194; random_exploration_count: 44; saved_snapshots: 0; random_action_prob: 0.2475
enter_straddle -0.01717948717948718 39
realize_gain -0.074375 32
realize_loss 0.27909090909090906 33
invest -0.012083333333333333 24
update_start: 3; random_action_prob: 0.2463
update_complete: 3; loss: 1.4931491613388062; cumulative_reward: 16.19999999999997; invalid_count: 0; positive_reward_count: 1; success_count: 0; episode_count: 9; best_tax_advantage: 18.47; avg_entropy: 2.7658528815954924; random_exploration_count: 32; saved_snapshots: 0; random_action_prob: 0.2463
enter_straddle -0.015526315789473683 38
realize_gain -0.03218750000000001 32
realize_loss 0.5433333333333332 33
invest -0.0044 25
update_start: 4; random_action_prob: 0.2450
update_complete: 4; loss: -0.1375521421432495; cumulative_reward: -1.980000000000001; invalid_count: 0; positive_reward_count: 0; success_count: 0; episode_count: 9; best_tax_advantage: 0.0; avg_entropy: 2.9054130353033543; random_exploration_count: 28; saved_snapshots: 0; random_action_prob: 0.2450
enter_straddle -0.015675675675675675 37
realize_gain -0.017297297297297298 37
realize_loss -0.01967741935483871 31
invest -0.006521739130434782 23
update_start: 5; random_action_prob: 0.2438
update_complete: 5; loss: 0.033127213517824806; cumulative_reward: 4.560000000000005; invalid_count: 0; positive_reward_count: 3; success_count: 0; episode_count: 9; best_tax_advantage: 6.14; avg_entropy: 2.840489823371172; random_exploration_count: 29; saved_snapshots: 0; random_action_prob: 0.2438
enter_straddle -0.014848484848484849 33
realize_gain -0.1665384615384615 26
realize_loss 0.2230232558139535 43
invest -0.008076923076923077 26
update_start: 6; random_action_prob: 0.2426
update_complete: 6; loss: 0.28248634934425354; cumulative_reward: 8.890000000000015; invalid_count: 0; positive_reward_count: 1; success_count: 0; episode_count: 9; best_tax_advantage: 10.57; avg_entropy: 2.6960328752174973; random_exploration_count: 29; saved_snapshots: 0; random_action_prob: 0.2426
enter_straddle -0.016 35
realize_gain -0.013870967741935483 31
realize_loss 0.30575757575757573 33
invest -0.007241379310344827 29
update_start: 7; random_action_prob: 0.2414
update_complete: 7; loss: -0.1017121747136116; cumulative_reward: 0.7999999999999989; invalid_count: 0; positive_reward_count: 2; success_count: 0; episode_count: 9; best_tax_advantage: 2.99; avg_entropy: 2.984740575775504; random_exploration_count: 23; saved_snapshots: 0; random_action_prob: 0.2414
enter_straddle -0.017027027027027027 37
realize_gain -0.021111111111111112 36
realize_loss 0.0771875 32
invest -0.012173913043478262 23
update_start: 8; random_action_prob: 0.2402
update_complete: 8; loss: 6.143978913625081; cumulative_reward: 35.489999999999995; invalid_count: 0; positive_reward_count: 2; success_count: 1; episode_count: 9; best_tax_advantage: 37.0; avg_entropy: 2.9905656622722745; random_exploration_count: 29; saved_snapshots: 0; random_action_prob: 0.2402
enter_straddle -0.015675675675675675 37
realize_gain -0.018857142857142857 35
realize_loss 1.274137931034483 29
invest -0.008148148148148147 27
update_start: 9; random_action_prob: 0.2390
update_complete: 9; loss: -0.10422750810782115; cumulative_reward: -2.3799999999999994; invalid_count: 0; positive_reward_count: 0; success_count: 0; episode_count: 9; best_tax_advantage: 0.0; avg_entropy: 2.8669950114563107; random_exploration_count: 28; saved_snapshots: 0; random_action_prob: 0.2390
enter_straddle -0.018636363636363635 44
realize_gain -0.020606060606060607 33
realize_loss -0.02214285714285714 28
invest -0.011304347826086957 23
update_start: 10; random_action_prob: 0.2378
update_complete: 10; loss: -0.09652556975682576; cumulative_reward: -1.3200000000000012; invalid_count: 0; positive_reward_count: 1; success_count: 0; episode_count: 9; best_tax_advantage: 0.69; avg_entropy: 2.8477999437600374; random_exploration_count: 37; saved_snapshots: 0; random_action_prob: 0.2378
enter_straddle -0.01675 40
realize_gain -0.014482758620689654 29
realize_loss 0.002424242424242422 33
invest -0.011923076923076923 26
update_start: 11; random_action_prob: 0.2366
update_complete: 11; loss: -0.11766628672679265; cumulative_reward: -0.9500000000000006; invalid_count: 0; positive_reward_count: 1; success_count: 0; episode_count: 9; best_tax_advantage: 0.71; avg_entropy: 2.8040510825812817; random_exploration_count: 28; saved_snapshots: 0; random_action_prob: 0.2366
enter_straddle -0.013636363636363637 33
realize_gain -0.0155 40
realize_loss 0.013461538461538459 26
invest -0.007931034482758621 29
update_start: 12; random_action_prob: 0.2354
update_complete: 12; loss: -0.09596399714549382; cumulative_reward: 0.6299999999999986; invalid_count: 0; positive_reward_count: 2; success_count: 0; episode_count: 9; best_tax_advantage: 2.53; avg_entropy: 2.8243959425017238; random_exploration_count: 32; saved_snapshots: 0; random_action_prob: 0.2354
enter_straddle -0.015945945945945946 37
realize_gain -0.07 36
realize_loss 0.11787878787878787 33
invest -0.006818181818181818 22
update_start: 13; random_action_prob: 0.2342
update_complete: 13; loss: -0.1416601538658142; cumulative_reward: -2.0900000000000007; invalid_count: 0; positive_reward_count: 0; success_count: 0; episode_count: 9; best_tax_advantage: 0.0; avg_entropy: 2.8660960141569376; random_exploration_count: 21; saved_snapshots: 0; random_action_prob: 0.2342
enter_straddle -0.016578947368421054 38
realize_gain -0.01625 32
realize_loss -0.018378378378378378 37
invest -0.012380952380952381 21
update_start: 14; random_action_prob: 0.2331
update_complete: 14; loss: -0.13144116600354513; cumulative_reward: -0.9700000000000008; invalid_count: 0; positive_reward_count: 1; success_count: 0; episode_count: 9; best_tax_advantage: 0.69; avg_entropy: 2.7896875329315662; random_exploration_count: 33; saved_snapshots: 0; random_action_prob: 0.2331
enter_straddle -0.017027027027027027 37
realize_gain -0.013636363636363637 33
realize_loss 0.004571428571428569 35
invest -0.002173913043478261 23
update_start: 15; random_action_prob: 0.2319
update_complete: 15; loss: -0.14262279868125916; cumulative_reward: -1.8900000000000012; invalid_count: 0; positive_reward_count: 0; success_count: 0; episode_count: 9; best_tax_advantage: 0.0; avg_entropy: 2.9464274495840073; random_exploration_count: 25; saved_snapshots: 0; random_action_prob: 0.2319
enter_straddle -0.015135135135135137 37
realize_gain -0.016363636363636365 33
realize_loss -0.016666666666666666 30
invest -0.010357142857142856 28
update_start: 16; random_action_prob: 0.2307
update_complete: 16; loss: 5.041421572367351; cumulative_reward: 43.91999999999999; invalid_count: 0; positive_reward_count: 5; success_count: 0; episode_count: 9; best_tax_advantage: 23.17; avg_entropy: 2.7499714586883783; random_exploration_count: 30; saved_snapshots: 0; random_action_prob: 0.2307
enter_straddle -0.015945945945945946 37
realize_gain -0.07342857142857143 35
realize_loss 1.2745945945945945 37
invest -0.004210526315789474 19
update_start: 17; random_action_prob: 0.2296
update_complete: 17; loss: 1.2075660228729248; cumulative_reward: 18.52999999999998; invalid_count: 0; positive_reward_count: 2; success_count: 0; episode_count: 9; best_tax_advantage: 23.12; avg_entropy: 2.8060141252353787; random_exploration_count: 28; saved_snapshots: 0; random_action_prob: 0.2296
enter_straddle -0.015277777777777779 36
realize_gain -0.08285714285714285 42
realize_loss 0.733225806451613 31
invest -0.008947368421052633 19
update_start: 18; random_action_prob: 0.2284
update_complete: 18; loss: 0.09555377066135406; cumulative_reward: 3.4100000000000046; invalid_count: 0; positive_reward_count: 5; success_count: 0; episode_count: 9; best_tax_advantage: 10.45; avg_entropy: 2.73620645981282; random_exploration_count: 33; saved_snapshots: 0; random_action_prob: 0.2284
enter_straddle -0.0140625 32
realize_gain -0.31969696969696965 33
realize_loss 0.39216216216216215 37
invest -0.0038461538461538464 26
update_start: 19; random_action_prob: 0.2273
update_complete: 19; loss: -0.13637316226959229; cumulative_reward: -0.8600000000000009; invalid_count: 0; positive_reward_count: 1; success_count: 0; episode_count: 9; best_tax_advantage: 0.48; avg_entropy: 2.8698520213365555; random_exploration_count: 25; saved_snapshots: 0; random_action_prob: 0.2273
enter_straddle -0.012 30
realize_gain -0.01 35
realize_loss 0.0016666666666666655 36
invest -0.0077777777777777776 27
update_start: 20; random_action_prob: 0.2262
update_complete: 20; loss: -0.15117099384466806; cumulative_reward: -2.1700000000000004; invalid_count: 0; positive_reward_count: 0; success_count: 0; episode_count: 9; best_tax_advantage: 0.0; avg_entropy: 2.9742055870592594; random_exploration_count: 26; saved_snapshots: 0; random_action_prob: 0.2262
enter_straddle -0.016052631578947367 38
realize_gain -0.019000000000000003 30
realize_loss -0.019210526315789473 38
invest -0.011818181818181818 22
update_start: 21; random_action_prob: 0.2250
update_complete: 21; loss: 0.4315768778324127; cumulative_reward: 10.870000000000028; invalid_count: 0; positive_reward_count: 2; success_count: 0; episode_count: 9; best_tax_advantage: 13.04; avg_entropy: 2.9253701213747263; random_exploration_count: 24; saved_snapshots: 0; random_action_prob: 0.2250
enter_straddle -0.017560975609756096 41
realize_gain -0.0964 25
realize_loss 0.3676923076923077 39
invest -0.014782608695652176 23
update_start: 22; random_action_prob: 0.2239
update_complete: 22; loss: -0.14743694166342416; cumulative_reward: -1.9900000000000013; invalid_count: 0; positive_reward_count: 1; success_count: 0; episode_count: 9; best_tax_advantage: 0.09; avg_entropy: 2.80355869513005; random_exploration_count: 29; saved_snapshots: 0; random_action_prob: 0.2239
enter_straddle -0.016923076923076923 39
realize_gain -0.018888888888888886 36
realize_loss -0.016785714285714286 28
invest -0.0072 25
update_start: 23; random_action_prob: 0.2228
update_complete: 23; loss: 0.19801984230677286; cumulative_reward: 3.7200000000000077; invalid_count: 0; positive_reward_count: 4; success_count: 0; episode_count: 9; best_tax_advantage: 12.85; avg_entropy: 2.8687848579138517; random_exploration_count: 28; saved_snapshots: 0; random_action_prob: 0.2228
enter_straddle -0.016153846153846154 39
realize_gain -0.5 39
realize_loss 1.0517391304347827 23
invest -0.012592592592592593 27
update_start: 24; random_action_prob: 0.2217
update_complete: 24; loss: -0.14703432222207388; cumulative_reward: -1.9700000000000013; invalid_count: 0; positive_reward_count: 0; success_count: 0; episode_count: 9; best_tax_advantage: 0.0; avg_entropy: 2.8096689796075225; random_exploration_count: 27; saved_snapshots: 0; random_action_prob: 0.2217
enter_straddle -0.016666666666666666 36
realize_gain -0.019473684210526317 38
realize_loss -0.014444444444444446 27
invest -0.008888888888888889 27
update_start: 25; random_action_prob: 0.2206
update_complete: 25; loss: 1.8866370519002278; cumulative_reward: 26.59999999999999; invalid_count: 0; positive_reward_count: 5; success_count: 0; episode_count: 9; best_tax_advantage: 15.3; avg_entropy: 2.8080589435994625; random_exploration_count: 30; saved_snapshots: 0; random_action_prob: 0.2206
enter_straddle -0.016285714285714285 35
realize_gain -0.3054838709677419 31
realize_loss 0.9948648648648649 37
invest -0.0068 25
update_start: 26; random_action_prob: 0.2195
update_complete: 26; loss: 6.970366954803467; cumulative_reward: 35.03000000000001; invalid_count: 0; positive_reward_count: 2; success_count: 1; episode_count: 9; best_tax_advantage: 37.0; avg_entropy: 2.88901699334383; random_exploration_count: 29; saved_snapshots: 0; random_action_prob: 0.2195
enter_straddle -0.01542857142857143 35
realize_gain -0.013846153846153845 26
realize_loss 0.9305128205128205 39
invest -0.012857142857142857 28
update_start: 27; random_action_prob: 0.2184
update_complete: 27; loss: 1.2546870708465576; cumulative_reward: 2.110000000000004; invalid_count: 0; positive_reward_count: 2; success_count: 0; episode_count: 9; best_tax_advantage: 19.69; avg_entropy: 2.7994350362569094; random_exploration_count: 38; saved_snapshots: 0; random_action_prob: 0.2184
enter_straddle -0.016052631578947367 38
realize_gain -0.5627777777777778 36
realize_loss 0.7972413793103449 29
invest -0.005600000000000001 25
update_start: 28; random_action_prob: 0.2173
update_complete: 28; loss: 0.27911074956258136; cumulative_reward: 6.200000000000009; invalid_count: 0; positive_reward_count: 5; success_count: 0; episode_count: 9; best_tax_advantage: 7.72; avg_entropy: 2.8736370149999857; random_exploration_count: 31; saved_snapshots: 0; random_action_prob: 0.2173
enter_straddle -0.013823529411764707 34
realize_gain -0.3418518518518518 27
realize_loss 0.4378378378378378 37
invest -0.01 30
update_start: 29; random_action_prob: 0.2162
update_complete: 29; loss: -0.12854797641436258; cumulative_reward: -1.540000000000001; invalid_count: 0; positive_reward_count: 1; success_count: 0; episode_count: 9; best_tax_advantage: 0.03; avg_entropy: 2.73675839882344; random_exploration_count: 35; saved_snapshots: 0; random_action_prob: 0.2162
enter_straddle -0.016 35
realize_gain -0.012352941176470587 34
realize_loss -0.012424242424242424 33
invest -0.005769230769230769 26
update_start: 30; random_action_prob: 0.2151
update_complete: 30; loss: -0.10371135920286179; cumulative_reward: -1.9300000000000006; invalid_count: 0; positive_reward_count: 1; success_count: 0; episode_count: 9; best_tax_advantage: 3.56; avg_entropy: 2.8648270573467016; random_exploration_count: 20; saved_snapshots: 0; random_action_prob: 0.2151
enter_straddle -0.015897435897435898 39
realize_gain -0.1386206896551724 29
realize_loss 0.07375000000000001 40
invest -0.012 20
update_start: 31; random_action_prob: 0.2140
update_complete: 31; loss: 0.017100999752680462; cumulative_reward: 6.440000000000008; invalid_count: 0; positive_reward_count: 4; success_count: 0; episode_count: 9; best_tax_advantage: 6.47; avg_entropy: 2.811294449493289; random_exploration_count: 30; saved_snapshots: 0; random_action_prob: 0.2140
enter_straddle -0.013823529411764705 34
realize_gain -0.06999999999999999 29
realize_loss 0.22170731707317073 41
invest -0.0062499999999999995 24
update_start: 32; random_action_prob: 0.2130
update_complete: 32; loss: 0.49842196702957153; cumulative_reward: 9.660000000000025; invalid_count: 0; positive_reward_count: 4; success_count: 0; episode_count: 9; best_tax_advantage: 12.81; avg_entropy: 2.717597832903266; random_exploration_count: 36; saved_snapshots: 0; random_action_prob: 0.2130
enter_straddle -0.01611111111111111 36
realize_gain -0.5413793103448276 29
realize_loss 0.8441935483870968 31
invest -0.0071875 32
update_start: 33; random_action_prob: 0.2119
update_complete: 33; loss: 0.20963320632775626; cumulative_reward: 10.580000000000014; invalid_count: 0; positive_reward_count: 3; success_count: 0; episode_count: 9; best_tax_advantage: 7.57; avg_entropy: 2.805147333070636; random_exploration_count: 30; saved_snapshots: 0; random_action_prob: 0.2119
enter_straddle -0.014242424242424244 33
realize_gain -0.014827586206896552 29
realize_loss 0.42071428571428576 28
invest -0.007894736842105263 38
update_start: 34; random_action_prob: 0.2108
update_complete: 34; loss: -0.1196896880865097; cumulative_reward: -1.400000000000001; invalid_count: 0; positive_reward_count: 1; success_count: 0; episode_count: 9; best_tax_advantage: 1.96; avg_entropy: 2.6404725639149547; random_exploration_count: 20; saved_snapshots: 0; random_action_prob: 0.2108
enter_straddle -0.015 34
realize_gain -0.06131578947368421 38
realize_loss 0.04314285714285714 35
invest -0.0033333333333333335 21
update_start: 35; random_action_prob: 0.2098
update_complete: 35; loss: 0.9995043079058329; cumulative_reward: 18.109999999999996; invalid_count: 0; positive_reward_count: 2; success_count: 0; episode_count: 9; best_tax_advantage: 14.67; avg_entropy: 2.781828680075705; random_exploration_count: 39; saved_snapshots: 0; random_action_prob: 0.2098
enter_straddle -0.013823529411764705 34
realize_gain -0.01 31
realize_loss 0.47800000000000004 40
invest -0.01 23
update_start: 36; random_action_prob: 0.2087
update_complete: 36; loss: -0.11085616052150726; cumulative_reward: -1.7000000000000013; invalid_count: 0; positive_reward_count: 0; success_count: 0; episode_count: 9; best_tax_advantage: 0.0; avg_entropy: 2.7219395618885756; random_exploration_count: 29; saved_snapshots: 0; random_action_prob: 0.2087
enter_straddle -0.01675 40
realize_gain -0.013636363636363637 33
realize_loss -0.010571428571428572 35
invest -0.010499999999999999 20
update_start: 37; random_action_prob: 0.2077
update_complete: 37; loss: -0.11672038833300273; cumulative_reward: 0.44999999999999873; invalid_count: 0; positive_reward_count: 2; success_count: 0; episode_count: 9; best_tax_advantage: 2.32; avg_entropy: 2.8693933859467506; random_exploration_count: 25; saved_snapshots: 0; random_action_prob: 0.2077
enter_straddle -0.015 34
realize_gain -0.04666666666666667 30
realize_loss 0.05976744186046512 43
invest -0.01 21
update_start: 38; random_action_prob: 0.2066
update_complete: 38; loss: -0.0753520851333936; cumulative_reward: 2.960000000000009; invalid_count: 0; positive_reward_count: 1; success_count: 0; episode_count: 9; best_tax_advantage: 4.36; avg_entropy: 2.7265886813402176; random_exploration_count: 25; saved_snapshots: 0; random_action_prob: 0.2066
enter_straddle -0.014285714285714285 35
realize_gain -0.00909090909090909 33
realize_loss 0.1 39
invest -0.006666666666666667 21
update_start: 39; random_action_prob: 0.2056
update_complete: 39; loss: -0.13740462561448416; cumulative_reward: -1.7900000000000014; invalid_count: 0; positive_reward_count: 0; success_count: 0; episode_count: 9; best_tax_advantage: 0.0; avg_entropy: 2.846056569367647; random_exploration_count: 18; saved_snapshots: 0; random_action_prob: 0.2056
enter_straddle -0.015151515151515152 33
realize_gain -0.012777777777777779 36
realize_loss -0.016585365853658537 41
invest -0.008333333333333333 18
update_start: 40; random_action_prob: 0.2046
update_complete: 40; loss: -0.12843246261278787; cumulative_reward: -1.4500000000000006; invalid_count: 0; positive_reward_count: 0; success_count: 0; episode_count: 9; best_tax_advantage: 0.0; avg_entropy: 2.7758075492456555; random_exploration_count: 28; saved_snapshots: 0; random_action_prob: 0.2046
enter_straddle -0.014857142857142857 35
realize_gain -0.0140625 32
realize_loss -0.007941176470588236 34
invest -0.0077777777777777776 27
update_start: 41; random_action_prob: 0.2036
update_complete: 41; loss: 1.2731436491012573; cumulative_reward: 19.349999999999987; invalid_count: 0; positive_reward_count: 2; success_count: 0; episode_count: 9; best_tax_advantage: 27.75; avg_entropy: 2.8878983622416854; random_exploration_count: 22; saved_snapshots: 0; random_action_prob: 0.2036
enter_straddle -0.015000000000000001 36
realize_gain -0.3631578947368421 38
realize_loss 1.0242424242424242 33
invest -0.005238095238095238 21
update_start: 42; random_action_prob: 0.2025
update_complete: 42; loss: -0.009543965260187784; cumulative_reward: 4.41; invalid_count: 0; positive_reward_count: 1; success_count: 0; episode_count: 9; best_tax_advantage: 6.17; avg_entropy: 2.786004241555929; random_exploration_count: 34; saved_snapshots: 0; random_action_prob: 0.2025
enter_straddle -0.016216216216216217 37
realize_gain -0.0125 36
realize_loss 0.1518918918918919 37
invest -0.008888888888888889 18
update_start: 43; random_action_prob: 0.2015
update_complete: 43; loss: -0.1521176596482595; cumulative_reward: -1.8300000000000012; invalid_count: 0; positive_reward_count: 1; success_count: 0; episode_count: 9; best_tax_advantage: 0.72; avg_entropy: 2.8412298876792192; random_exploration_count: 27; saved_snapshots: 0; random_action_prob: 0.2015
enter_straddle -0.014571428571428572 35
realize_gain -0.03542857142857143 35
realize_loss 0.0013888888888888883 36
invest -0.005909090909090909 22
update_start: 44; random_action_prob: 0.2005
update_complete: 44; loss: 0.6998453537623087; cumulative_reward: 9.150000000000002; invalid_count: 0; positive_reward_count: 6; success_count: 0; episode_count: 9; best_tax_advantage: 19.05; avg_entropy: 2.7367854677140713; random_exploration_count: 35; saved_snapshots: 0; random_action_prob: 0.2005
enter_straddle -0.016052631578947367 38
realize_gain -1.2999999999999998 31
realize_loss 1.7358620689655173 29
invest -0.009333333333333334 30
update_start: 45; random_action_prob: 0.1995
update_complete: 45; loss: 0.4721149504184723; cumulative_reward: 6.0100000000000025; invalid_count: 0; positive_reward_count: 3; success_count: 0; episode_count: 9; best_tax_advantage: 15.63; avg_entropy: 2.864508006721735; random_exploration_count: 32; saved_snapshots: 0; random_action_prob: 0.1995
enter_straddle -0.016756756756756756 37
realize_gain -0.4787878787878788 33
realize_loss 0.6468571428571429 35
invest -0.009130434782608695 23
update_start: 46; random_action_prob: 0.1985
update_complete: 46; loss: 2.088038921356201; cumulative_reward: 22.819999999999975; invalid_count: 0; positive_reward_count: 5; success_count: 0; episode_count: 9; best_tax_advantage: 21.85; avg_entropy: 2.7884437777101994; random_exploration_count: 29; saved_snapshots: 0; random_action_prob: 0.1985
enter_straddle -0.014285714285714285 35
realize_gain -0.146 30
realize_loss 0.7766666666666667 36
invest -0.00962962962962963 27
update_start: 47; random_action_prob: 0.1975
update_complete: 47; loss: -0.07000542680422465; cumulative_reward: 2.439999999999999; invalid_count: 0; positive_reward_count: 1; success_count: 0; episode_count: 9; best_tax_advantage: 3.92; avg_entropy: 2.8310299180448055; random_exploration_count: 19; saved_snapshots: 0; random_action_prob: 0.1975
enter_straddle -0.0134375 32
realize_gain -0.012413793103448275 29
realize_loss 0.09405405405405405 37
invest -0.008333333333333333 30
update_start: 48; random_action_prob: 0.1965
update_complete: 48; loss: -0.12983904778957367; cumulative_reward: -1.280000000000001; invalid_count: 0; positive_reward_count: 1; success_count: 0; episode_count: 9; best_tax_advantage: 0.47; avg_entropy: 2.858869470655918; random_exploration_count: 21; saved_snapshots: 0; random_action_prob: 0.1965
enter_straddle -0.014117647058823528 34
realize_gain -0.015000000000000001 30
realize_loss -0.0039024390243902448 41
invest -0.00826086956521739 23
update_start: 49; random_action_prob: 0.1956
update_complete: 49; loss: -0.12187009304761887; cumulative_reward: -1.330000000000001; invalid_count: 0; positive_reward_count: 0; success_count: 0; episode_count: 9; best_tax_advantage: 0.0; avg_entropy: 2.6311293747276068; random_exploration_count: 30; saved_snapshots: 0; random_action_prob: 0.1956
enter_straddle -0.013636363636363637 33
realize_gain -0.01129032258064516 31
realize_loss -0.012142857142857143 42
invest -0.0009090909090909091 22
update_start: 50; random_action_prob: 0.1946
update_complete: 50; loss: -0.07601841290791829; cumulative_reward: -1.4200000000000006; invalid_count: 0; positive_reward_count: 2; success_count: 0; episode_count: 9; best_tax_advantage: 4.62; avg_entropy: 2.762758256867528; random_exploration_count: 31; saved_snapshots: 0; random_action_prob: 0.1946
enter_straddle -0.015142857142857144 35
realize_gain -0.1696551724137931 29
realize_loss 0.11157894736842106 38
invest -0.008076923076923077 26
update_start: 51; random_action_prob: 0.1936
update_complete: 51; loss: -0.11966161678234737; cumulative_reward: -2.0900000000000007; invalid_count: 0; positive_reward_count: 1; success_count: 0; episode_count: 9; best_tax_advantage: 3.97; avg_entropy: 2.8775774538517; random_exploration_count: 34; saved_snapshots: 0; random_action_prob: 0.1936
enter_straddle -0.017857142857142856 42
realize_gain -0.16178571428571425 28
realize_loss 0.10242424242424243 33
invest -0.0076 25
update_start: 52; random_action_prob: 0.1926
update_complete: 52; loss: -0.05056201914946238; cumulative_reward: 0.6499999999999997; invalid_count: 0; positive_reward_count: 1; success_count: 0; episode_count: 9; best_tax_advantage: 6.46; avg_entropy: 2.8843415174633265; random_exploration_count: 35; saved_snapshots: 0; random_action_prob: 0.1926
enter_straddle -0.01393939393939394 33
realize_gain -0.12942857142857142 35
realize_loss 0.1925806451612903 31
invest -0.011379310344827587 29
update_start: 53; random_action_prob: 0.1917
update_complete: 53; loss: -0.04703236619631449; cumulative_reward: 2.080000000000006; invalid_count: 0; positive_reward_count: 5; success_count: 0; episode_count: 9; best_tax_advantage: 3.46; avg_entropy: 2.686210690997541; random_exploration_count: 18; saved_snapshots: 0; random_action_prob: 0.1917
enter_straddle -0.014166666666666668 36
realize_gain -0.10354838709677418 31
realize_loss 0.16333333333333333 36
invest -0.0032 25
update_start: 54; random_action_prob: 0.1907
update_complete: 54; loss: -0.12682261069615683; cumulative_reward: -1.1800000000000002; invalid_count: 0; positive_reward_count: 2; success_count: 0; episode_count: 9; best_tax_advantage: 2.59; avg_entropy: 2.6432500556111336; random_exploration_count: 22; saved_snapshots: 0; random_action_prob: 0.1907
enter_straddle -0.016052631578947367 38
realize_gain -0.13864864864864865 37
realize_loss 0.1337142857142857 35
invest -0.006666666666666666 18
update_start: 55; random_action_prob: 0.1898
update_complete: 55; loss: -0.04394962638616562; cumulative_reward: -1.7600000000000007; invalid_count: 0; positive_reward_count: 1; success_count: 0; episode_count: 9; best_tax_advantage: 4.8; avg_entropy: 2.776346931234002; random_exploration_count: 27; saved_snapshots: 0; random_action_prob: 0.1898
enter_straddle -0.015789473684210527 38
realize_gain -0.1486111111111111 36
realize_loss 0.1293939393939394 33
invest -0.0038095238095238095 21
update_start: 56; random_action_prob: 0.1888
update_complete: 56; loss: 0.20755513509114584; cumulative_reward: -1.0700000000000005; invalid_count: 0; positive_reward_count: 1; success_count: 0; episode_count: 9; best_tax_advantage: 12.81; avg_entropy: 2.612641055136919; random_exploration_count: 26; saved_snapshots: 0; random_action_prob: 0.1888
enter_straddle -0.011428571428571429 28
realize_gain -0.410625 32
realize_loss 0.3463888888888889 36
invest -0.0025 32
update_start: 57; random_action_prob: 0.1879
update_complete: 57; loss: -0.1354535867770513; cumulative_reward: -1.2100000000000009; invalid_count: 0; positive_reward_count: 1; success_count: 0; episode_count: 9; best_tax_advantage: 0.42; avg_entropy: 2.7317201141268015; random_exploration_count: 23; saved_snapshots: 0; random_action_prob: 0.1879
enter_straddle -0.017 40
realize_gain -0.014 30
realize_loss -0.00186046511627907 43
invest -0.002 15
update_start: 58; random_action_prob: 0.1869
update_complete: 58; loss: -0.1428793023029963; cumulative_reward: -2.2300000000000013; invalid_count: 0; positive_reward_count: 0; success_count: 0; episode_count: 9; best_tax_advantage: 0.0; avg_entropy: 2.839304890483618; random_exploration_count: 23; saved_snapshots: 0; random_action_prob: 0.1869
enter_straddle -0.01641025641025641 39
realize_gain -0.019655172413793102 29
realize_loss -0.018235294117647058 34
invest -0.015384615384615385 26
update_start: 59; random_action_prob: 0.1860
update_complete: 59; loss: -0.14027666052182516; cumulative_reward: -1.9300000000000013; invalid_count: 0; positive_reward_count: 1; success_count: 0; episode_count: 9; best_tax_advantage: 0.12; avg_entropy: 2.8931460306048393; random_exploration_count: 23; saved_snapshots: 0; random_action_prob: 0.1860
enter_straddle -0.014722222222222223 36
realize_gain -0.021666666666666667 36
realize_loss -0.011142857142857144 35
invest -0.010952380952380953 21
update_start: 60; random_action_prob: 0.1851
update_complete: 60; loss: 2.7471046447753906; cumulative_reward: 29.219999999999953; invalid_count: 0; positive_reward_count: 2; success_count: 0; episode_count: 9; best_tax_advantage: 22.68; avg_entropy: 2.942280052229762; random_exploration_count: 22; saved_snapshots: 0; random_action_prob: 0.1851
enter_straddle -0.015555555555555557 36
realize_gain -0.016875 32
realize_loss 0.8757142857142858 35
invest -0.0132 25
update_start: 61; random_action_prob: 0.1841
update_complete: 61; loss: 1.7389522393544514; cumulative_reward: 27.949999999999996; invalid_count: 0; positive_reward_count: 5; success_count: 0; episode_count: 9; best_tax_advantage: 27.75; avg_entropy: 2.852445681579411; random_exploration_count: 21; saved_snapshots: 0; random_action_prob: 0.1841
enter_straddle -0.014848484848484849 33
realize_gain -0.5251612903225805 31
realize_loss 1.248611111111111 36
invest -0.008214285714285714 28
update_start: 62; random_action_prob: 0.1832
update_complete: 62; loss: 0.15485772490501404; cumulative_reward: 8.040000000000031; invalid_count: 0; positive_reward_count: 3; success_count: 0; episode_count: 9; best_tax_advantage: 7.39; avg_entropy: 2.975157242268324; random_exploration_count: 28; saved_snapshots: 0; random_action_prob: 0.1832
enter_straddle -0.017 40
realize_gain -0.205625 32
realize_loss 0.49062500000000003 32
invest -0.016666666666666666 24
update_start: 63; random_action_prob: 0.1823
update_complete: 63; loss: 0.5222383538881937; cumulative_reward: 13.299999999999999; invalid_count: 0; positive_reward_count: 6; success_count: 0; episode_count: 9; best_tax_advantage: 10.28; avg_entropy: 2.8093365095555782; random_exploration_count: 20; saved_snapshots: 0; random_action_prob: 0.1823
enter_straddle -0.014705882352941176 34
realize_gain -0.5948275862068966 29
realize_loss 0.8652777777777778 36
invest -0.003448275862068966 29
update_start: 64; random_action_prob: 0.1814
update_complete: 64; loss: -0.09891183425982793; cumulative_reward: -2.1300000000000012; invalid_count: 0; positive_reward_count: 0; success_count: 0; episode_count: 9; best_tax_advantage: 0.0; avg_entropy: 2.9690709058195353; random_exploration_count: 24; saved_snapshots: 0; random_action_prob: 0.1814
enter_straddle -0.015142857142857144 35
realize_gain -0.02 33
realize_loss -0.016136363636363636 44
invest -0.014375 16
update_start: 65; random_action_prob: 0.1805
update_complete: 65; loss: 0.33444403608640033; cumulative_reward: -2.1099999999999994; invalid_count: 0; positive_reward_count: 1; success_count: 0; episode_count: 9; best_tax_advantage: 16.19; avg_entropy: 2.8476906530559063; random_exploration_count: 13; saved_snapshots: 0; random_action_prob: 0.1805
enter_straddle -0.01717948717948718 39
realize_gain -0.6148148148148148 27
realize_loss 0.41810810810810817 37
invest -0.0124 25
update_start: 66; random_action_prob: 0.1796
update_complete: 66; loss: -0.09972771008809407; cumulative_reward: -1.610000000000001; invalid_count: 0; positive_reward_count: 0; success_count: 0; episode_count: 9; best_tax_advantage: 0.0; avg_entropy: 2.783628923818469; random_exploration_count: 19; saved_snapshots: 0; random_action_prob: 0.1796
enter_straddle -0.015714285714285715 35
realize_gain -0.012941176470588235 34
realize_loss -0.011891891891891892 37
invest -0.00818181818181818 22
update_start: 67; random_action_prob: 0.1787
update_complete: 67; loss: 3.6602500279744468; cumulative_reward: 22.119999999999994; invalid_count: 0; positive_reward_count: 9; success_count: 0; episode_count: 9; best_tax_advantage: 23.26; avg_entropy: 2.8612844171002507; random_exploration_count: 26; saved_snapshots: 0; random_action_prob: 0.1787
enter_straddle -0.015277777777777779 36
realize_gain -1.3710344827586207 29
realize_loss 1.6066666666666667 39
invest -0.009583333333333334 24
update_start: 68; random_action_prob: 0.1778
update_complete: 68; loss: -0.1288704052567482; cumulative_reward: -1.420000000000001; invalid_count: 0; positive_reward_count: 0; success_count: 0; episode_count: 9; best_tax_advantage: 0.0; avg_entropy: 2.7581021040678024; random_exploration_count: 23; saved_snapshots: 0; random_action_prob: 0.1778
enter_straddle -0.014117647058823528 34
realize_gain -0.015135135135135133 37
realize_loss -0.0075 28
invest -0.0058620689655172415 29
update_start: 69; random_action_prob: 0.1769
update_complete: 69; loss: -0.12685615321000418; cumulative_reward: -0.640000000000001; invalid_count: 0; positive_reward_count: 1; success_count: 0; episode_count: 9; best_tax_advantage: 0.97; avg_entropy: 2.768593169748783; random_exploration_count: 20; saved_snapshots: 0; random_action_prob: 0.1769
enter_straddle -0.015277777777777779 36
realize_gain -0.015483870967741935 31
realize_loss 0.01588235294117647 34
invest -0.005555555555555556 27
update_start: 70; random_action_prob: 0.1760
update_complete: 70; loss: 2.968278646469116; cumulative_reward: 23.869999999999983; invalid_count: 0; positive_reward_count: 3; success_count: 0; episode_count: 9; best_tax_advantage: 23.29; avg_entropy: 2.8387576565146446; random_exploration_count: 24; saved_snapshots: 0; random_action_prob: 0.1760
enter_straddle -0.01641025641025641 39
realize_gain -0.4303448275862069 29
realize_loss 0.8637209302325581 43
invest -0.008823529411764706 17
update_start: 71; random_action_prob: 0.1751
update_complete: 71; loss: 5.001923084259033; cumulative_reward: 31.29999999999998; invalid_count: 0; positive_reward_count: 1; success_count: 1; episode_count: 9; best_tax_advantage: 32.37; avg_entropy: 2.7495493218302727; random_exploration_count: 20; saved_snapshots: 0; random_action_prob: 0.1751
enter_straddle -0.010689655172413793 29
realize_gain -0.009166666666666667 36
realize_loss 0.9715151515151513 33
invest -0.004 30
update_start: 72; random_action_prob: 0.1743
update_complete: 72; loss: 0.380141019821167; cumulative_reward: 5.90000000000001; invalid_count: 0; positive_reward_count: 8; success_count: 0; episode_count: 9; best_tax_advantage: 8.54; avg_entropy: 2.861424323171377; random_exploration_count: 14; saved_snapshots: 0; random_action_prob: 0.1743
enter_straddle -0.016216216216216217 37
realize_gain -0.46624999999999994 32
realize_loss 0.6011111111111112 36
invest -0.009565217391304347 23
update_start: 73; random_action_prob: 0.1734
update_complete: 73; loss: -0.0946027288834254; cumulative_reward: 3.110000000000008; invalid_count: 0; positive_reward_count: 3; success_count: 0; episode_count: 9; best_tax_advantage: 4.27; avg_entropy: 2.7335690166801214; random_exploration_count: 18; saved_snapshots: 0; random_action_prob: 0.1734
enter_straddle -0.013823529411764707 34
realize_gain -0.02027027027027025 37
realize_loss 0.139375 32
invest -0.0052 25
update_start: 74; random_action_prob: 0.1725
update_complete: 74; loss: 1.5143762826919556; cumulative_reward: 16.849999999999973; invalid_count: 0; positive_reward_count: 1; success_count: 0; episode_count: 9; best_tax_advantage: 18.5; avg_entropy: 2.8050622697919607; random_exploration_count: 20; saved_snapshots: 0; random_action_prob: 0.1725
enter_straddle -0.013125 32
realize_gain -0.01393939393939394 33
realize_loss 0.48378378378378384 37
invest -0.006538461538461539 26
update_start: 75; random_action_prob: 0.1717
update_complete: 75; loss: 1.9794190724690754; cumulative_reward: 18.14; invalid_count: 0; positive_reward_count: 5; success_count: 0; episode_count: 9; best_tax_advantage: 20.28; avg_entropy: 2.881732115522027; random_exploration_count: 25; saved_snapshots: 0; random_action_prob: 0.1717
enter_straddle -0.017105263157894738 38
realize_gain -0.76 29
realize_loss 1.0014634146341463 41
invest -0.0115 20
update_start: 76; random_action_prob: 0.1708
update_complete: 76; loss: -0.08767165243625641; cumulative_reward: 1.039999999999999; invalid_count: 0; positive_reward_count: 1; success_count: 0; episode_count: 9; best_tax_advantage: 2.65; avg_entropy: 2.7180693624541163; random_exploration_count: 22; saved_snapshots: 0; random_action_prob: 0.1708
enter_straddle -0.01375 32
realize_gain -0.0125 32
realize_loss 0.04369565217391304 46
invest -0.007222222222222223 18
update_start: 77; random_action_prob: 0.1699
update_complete: 77; loss: -0.12887443602085114; cumulative_reward: -1.1100000000000008; invalid_count: 0; positive_reward_count: 0; success_count: 0; episode_count: 9; best_tax_advantage: 0.0; avg_entropy: 2.6182380644604564; random_exploration_count: 15; saved_snapshots: 0; random_action_prob: 0.1699
enter_straddle -0.011111111111111112 27
realize_gain -0.01 38
realize_loss -0.009111111111111111 45
invest -0.0011111111111111111 18
update_start: 78; random_action_prob: 0.1691
update_complete: 78; loss: 5.762333710988362; cumulative_reward: 53.28000000000001; invalid_count: 0; positive_reward_count: 7; success_count: 1; episode_count: 9; best_tax_advantage: 31.17; avg_entropy: 2.8625050261616707; random_exploration_count: 24; saved_snapshots: 0; random_action_prob: 0.1691
enter_straddle -0.016666666666666666 39
realize_gain -0.16718749999999996 32
realize_loss 1.653888888888889 36
invest -0.012380952380952381 21
update_start: 79; random_action_prob: 0.1683
update_complete: 79; loss: 1.3682856559753418; cumulative_reward: 18.639999999999983; invalid_count: 0; positive_reward_count: 5; success_count: 0; episode_count: 9; best_tax_advantage: 20.56; avg_entropy: 2.783044058829546; random_exploration_count: 15; saved_snapshots: 0; random_action_prob: 0.1683
enter_straddle -0.016153846153846154 39
realize_gain -0.23657142857142854 35
realize_loss 0.8427272727272727 33
invest -0.012380952380952381 21
update_start: 80; random_action_prob: 0.1674
update_complete: 80; loss: 0.05464767416318258; cumulative_reward: 4.520000000000003; invalid_count: 0; positive_reward_count: 2; success_count: 0; episode_count: 9; best_tax_advantage: 9.91; avg_entropy: 2.83359650708735; random_exploration_count: 26; saved_snapshots: 0; random_action_prob: 0.1674
enter_straddle -0.016153846153846154 39
realize_gain -0.15785714285714286 28
realize_loss 0.21954545454545454 44
invest -0.005294117647058823 17
update_start: 81; random_action_prob: 0.1666
update_complete: 81; loss: -0.043364805479844414; cumulative_reward: 3.3000000000000114; invalid_count: 0; positive_reward_count: 1; success_count: 0; episode_count: 9; best_tax_advantage: 4.84; avg_entropy: 2.925986437126994; random_exploration_count: 21; saved_snapshots: 0; random_action_prob: 0.1666
enter_straddle -0.012903225806451613 31
realize_gain -0.012285714285714285 35
realize_loss 0.11153846153846153 39
invest -0.009565217391304347 23
update_start: 82; random_action_prob: 0.1657
update_complete: 82; loss: -0.05350823700428009; cumulative_reward: 2.500000000000005; invalid_count: 0; positive_reward_count: 2; success_count: 0; episode_count: 9; best_tax_advantage: 3.81; avg_entropy: 2.738198012113571; random_exploration_count: 19; saved_snapshots: 0; random_action_prob: 0.1657
enter_straddle -0.011428571428571429 28
realize_gain -0.0596969696969697 33
realize_loss 0.1125 44
invest -0.006956521739130435 23
update_start: 83; random_action_prob: 0.1649
update_complete: 83; loss: 0.010706454515457153; cumulative_reward: 0.7599999999999996; invalid_count: 0; positive_reward_count: 4; success_count: 0; episode_count: 9; best_tax_advantage: 6.27; avg_entropy: 2.8751097060739994; random_exploration_count: 22; saved_snapshots: 0; random_action_prob: 0.1649
enter_straddle -0.015675675675675675 37
realize_gain -0.21774193548387094 31
realize_loss 0.23857142857142857 35
invest -0.0104 25
update_start: 84; random_action_prob: 0.1641
update_complete: 84; loss: 0.4525785843531291; cumulative_reward: 20.47000000000001; invalid_count: 0; positive_reward_count: 7; success_count: 0; episode_count: 9; best_tax_advantage: 12.81; avg_entropy: 2.8347519244998693; random_exploration_count: 27; saved_snapshots: 0; random_action_prob: 0.1641
enter_straddle -0.015588235294117648 34
realize_gain -0.019705882352941177 34
realize_loss 0.6248571428571429 35
invest -0.008 25
update_start: 85; random_action_prob: 0.1633
update_complete: 85; loss: 0.9231475989023844; cumulative_reward: 17.309999999999945; invalid_count: 0; positive_reward_count: 5; success_count: 0; episode_count: 9; best_tax_advantage: 19.17; avg_entropy: 2.9050660487264395; random_exploration_count: 24; saved_snapshots: 0; random_action_prob: 0.1633
enter_straddle -0.013888888888888888 36
realize_gain -0.3334285714285715 35
realize_loss 0.7605128205128207 39
invest -0.01 18
update_start: 86; random_action_prob: 0.1625
update_complete: 86; loss: 0.13127543528874716; cumulative_reward: 6.980000000000005; invalid_count: 0; positive_reward_count: 3; success_count: 0; episode_count: 9; best_tax_advantage: 8.8; avg_entropy: 2.8817485235631466; random_exploration_count: 14; saved_snapshots: 0; random_action_prob: 0.1625
enter_straddle -0.015789473684210527 38
realize_gain -0.15068965517241378 29
realize_loss 0.28904761904761905 42
invest -0.01 19
update_start: 87; random_action_prob: 0.1616
update_complete: 87; loss: 0.3087818423906962; cumulative_reward: 6.770000000000007; invalid_count: 0; positive_reward_count: 8; success_count: 0; episode_count: 9; best_tax_advantage: 11.99; avg_entropy: 2.682417631149292; random_exploration_count: 24; saved_snapshots: 0; random_action_prob: 0.1616
enter_straddle -0.013333333333333334 30
realize_gain -0.4851515151515151 33
realize_loss 0.6662857142857143 35
invest -0.004666666666666667 30
update_start: 88; random_action_prob: 0.1608
update_complete: 88; loss: -0.12172412623961766; cumulative_reward: -1.4700000000000009; invalid_count: 0; positive_reward_count: 0; success_count: 0; episode_count: 9; best_tax_advantage: 0.0; avg_entropy: 2.7849094588309526; random_exploration_count: 23; saved_snapshots: 0; random_action_prob: 0.1608
enter_straddle -0.015294117647058824 34
realize_gain -0.010606060606060605 33
realize_loss -0.012142857142857143 42
invest -0.004736842105263157 19
update_start: 89; random_action_prob: 0.1600
update_complete: 89; loss: 0.39976994196573895; cumulative_reward: 16.589999999999975; invalid_count: 0; positive_reward_count: 7; success_count: 0; episode_count: 9; best_tax_advantage: 10.79; avg_entropy: 2.733601499348879; random_exploration_count: 23; saved_snapshots: 0; random_action_prob: 0.1600
enter_straddle -0.01074074074074074 27
realize_gain -0.4194285714285714 35
realize_loss 0.8816666666666666 36
invest -0.006 30
update_start: 90; random_action_prob: 0.1592
update_complete: 90; loss: -0.003552029530207316; cumulative_reward: 5.88000000000001; invalid_count: 0; positive_reward_count: 5; success_count: 0; episode_count: 9; best_tax_advantage: 6.5; avg_entropy: 2.7801789734512568; random_exploration_count: 11; saved_snapshots: 0; random_action_prob: 0.1592
enter_straddle -0.013636363636363637 33
realize_gain -0.01 28
realize_loss 0.1451063829787234 47
invest -0.010499999999999999 20
update_start: 91; random_action_prob: 0.1584
update_complete: 91; loss: 1.5056530237197876; cumulative_reward: 14.350000000000009; invalid_count: 0; positive_reward_count: 1; success_count: 0; episode_count: 9; best_tax_advantage: 27.75; avg_entropy: 2.8423111084848642; random_exploration_count: 25; saved_snapshots: 0; random_action_prob: 0.1584
enter_straddle -0.0146875 32
realize_gain -0.3433333333333333 36
realize_loss 1.0144444444444445 27
invest -0.006363636363636363 33
update_start: 92; random_action_prob: 0.1576
update_complete: 92; loss: 0.2757407526175181; cumulative_reward: 12.340000000000027; invalid_count: 0; positive_reward_count: 2; success_count: 0; episode_count: 9; best_tax_advantage: 9.76; avg_entropy: 2.7937810849398375; random_exploration_count: 20; saved_snapshots: 0; random_action_prob: 0.1576
enter_straddle -0.014857142857142857 35
realize_gain -0.16785714285714284 28
realize_loss 0.41 43
invest -0.003181818181818182 22
update_start: 93; random_action_prob: 0.1569
update_complete: 93; loss: 0.25345298647880554; cumulative_reward: 6.520000000000011; invalid_count: 0; positive_reward_count: 3; success_count: 0; episode_count: 9; best_tax_advantage: 13.87; avg_entropy: 2.877624411135912; random_exploration_count: 20; saved_snapshots: 0; random_action_prob: 0.1569
enter_straddle -0.013636363636363637 33
realize_gain -0.4459375 32
realize_loss 0.6122857142857143 35
invest -0.0067857142857142855 28
update_start: 94; random_action_prob: 0.1561
update_complete: 94; loss: 2.832887331644694; cumulative_reward: 40.24000000000001; invalid_count: 0; positive_reward_count: 6; success_count: 0; episode_count: 9; best_tax_advantage: 27.75; avg_entropy: 2.7484674863517284; random_exploration_count: 18; saved_snapshots: 0; random_action_prob: 0.1561
enter_straddle -0.016216216216216217 37
realize_gain -0.368 30
realize_loss 1.3351282051282052 39
invest -0.008636363636363636 22
update_start: 95; random_action_prob: 0.1553
update_complete: 95; loss: -0.07770221680402756; cumulative_reward: -1.4200000000000008; invalid_count: 0; positive_reward_count: 0; success_count: 0; episode_count: 9; best_tax_advantage: 0.0; avg_entropy: 2.6585360737517476; random_exploration_count: 17; saved_snapshots: 0; random_action_prob: 0.1553
enter_straddle -0.0125 32
realize_gain -0.011578947368421053 38
realize_loss -0.012777777777777779 36
invest -0.005454545454545454 22
update_start: 96; random_action_prob: 0.1545
update_complete: 96; loss: -0.06881161034107208; cumulative_reward: -1.4400000000000008; invalid_count: 0; positive_reward_count: 1; success_count: 0; episode_count: 9; best_tax_advantage: 3.53; avg_entropy: 2.7338510267436504; random_exploration_count: 27; saved_snapshots: 0; random_action_prob: 0.1545
enter_straddle -0.014857142857142857 35
realize_gain -0.1111111111111111 36
realize_loss 0.08513513513513513 37
invest -0.0035000000000000005 20
update_start: 97; random_action_prob: 0.1537
update_complete: 97; loss: 0.44307416677474976; cumulative_reward: 12.950000000000026; invalid_count: 0; positive_reward_count: 6; success_count: 0; episode_count: 9; best_tax_advantage: 10.99; avg_entropy: 2.928182647563517; random_exploration_count: 9; saved_snapshots: 0; random_action_prob: 0.1537
enter_straddle -0.0128125 32
realize_gain -0.1562162162162162 37
realize_loss 0.5380555555555556 36
invest -0.01 23
update_start: 98; random_action_prob: 0.1530
update_complete: 98; loss: 1.4532781044642131; cumulative_reward: 6.540000000000011; invalid_count: 0; positive_reward_count: 6; success_count: 0; episode_count: 9; best_tax_advantage: 17.84; avg_entropy: 2.926031904295087; random_exploration_count: 21; saved_snapshots: 0; random_action_prob: 0.1530
enter_straddle -0.01631578947368421 38
realize_gain -1.1428571428571428 35
realize_loss 1.1815 40
invest -0.006666666666666667 15
update_start: 99; random_action_prob: 0.1522
update_complete: 99; loss: -0.12016620486974716; cumulative_reward: -1.8800000000000012; invalid_count: 0; positive_reward_count: 0; success_count: 0; episode_count: 9; best_tax_advantage: 0.0; avg_entropy: 2.934791849926114; random_exploration_count: 12; saved_snapshots: 0; random_action_prob: 0.1522
enter_straddle -0.016153846153846154 39
realize_gain -0.014444444444444446 36
realize_loss -0.015714285714285715 35
invest -0.01 18
2026-07-10T16:55:02 completed straddle_abuse run=1 elapsed_seconds=675.31 updates_logged=100
2026-07-10T16:55:02 running straddle_abuse run=2 seed=1731
update_start: 0; random_action_prob: 0.2500
update_complete: 0; loss: -0.15713655451933542; cumulative_reward: -2.7900000000000005; invalid_count: 0; positive_reward_count: 0; success_count: 0; episode_count: 9; best_tax_advantage: 0.0; avg_entropy: 2.998373493552208; random_exploration_count: 28; saved_snapshots: 0; random_action_prob: 0.2500
enter_straddle -0.019302325581395347 43
realize_gain -0.0278125 32
realize_loss -0.02787878787878788 33
invest -0.0075 20
update_start: 1; random_action_prob: 0.2487
update_complete: 1; loss: 0.12683460116386414; cumulative_reward: 5.230000000000003; invalid_count: 0; positive_reward_count: 2; success_count: 0; episode_count: 9; best_tax_advantage: 6.89; avg_entropy: 2.684570785611868; random_exploration_count: 33; saved_snapshots: 0; random_action_prob: 0.2487
enter_straddle -0.01641025641025641 39
realize_gain -0.02769230769230769 26
realize_loss 0.19852941176470587 34
invest -0.005517241379310345 29
update_start: 2; random_action_prob: 0.2475
update_complete: 2; loss: -0.13656911750634512; cumulative_reward: -2.0000000000000013; invalid_count: 0; positive_reward_count: 1; success_count: 0; episode_count: 9; best_tax_advantage: 0.21; avg_entropy: 2.767125243321061; random_exploration_count: 29; saved_snapshots: 0; random_action_prob: 0.2475
enter_straddle -0.016923076923076923 39
realize_gain -0.024242424242424242 33
realize_loss -0.0125 32
invest -0.005833333333333334 24
update_start: 3; random_action_prob: 0.2463
update_complete: 3; loss: 1.6317193110783894; cumulative_reward: 16.749999999999993; invalid_count: 0; positive_reward_count: 1; success_count: 0; episode_count: 9; best_tax_advantage: 26.43; avg_entropy: 2.6760909724980593; random_exploration_count: 31; saved_snapshots: 0; random_action_prob: 0.2463
enter_straddle -0.016578947368421054 38
realize_gain -0.2505882352941176 34
realize_loss 0.7216666666666667 36
invest -0.004 20
update_start: 4; random_action_prob: 0.2450
update_complete: 4; loss: -0.14673846463362375; cumulative_reward: -1.6800000000000013; invalid_count: 0; positive_reward_count: 0; success_count: 0; episode_count: 9; best_tax_advantage: 0.0; avg_entropy: 2.741066697984934; random_exploration_count: 29; saved_snapshots: 0; random_action_prob: 0.2450
enter_straddle -0.016285714285714285 35
realize_gain -0.013823529411764707 34
realize_loss -0.01525 40
invest -0.0015789473684210526 19
update_start: 5; random_action_prob: 0.2438
update_complete: 5; loss: -0.14289556940396628; cumulative_reward: -1.8700000000000014; invalid_count: 0; positive_reward_count: 0; success_count: 0; episode_count: 9; best_tax_advantage: 0.0; avg_entropy: 2.7469974532723427; random_exploration_count: 32; saved_snapshots: 0; random_action_prob: 0.2438
enter_straddle -0.016486486486486485 37
realize_gain -0.015142857142857144 35
realize_loss -0.01575 40
invest -0.00625 16
update_start: 6; random_action_prob: 0.2426
update_complete: 6; loss: 0.34831658999125165; cumulative_reward: 11.360000000000012; invalid_count: 0; positive_reward_count: 3; success_count: 0; episode_count: 9; best_tax_advantage: 8.72; avg_entropy: 2.76826960593462; random_exploration_count: 29; saved_snapshots: 0; random_action_prob: 0.2426
enter_straddle -0.016388888888888887 36
realize_gain -0.16749999999999998 28
realize_loss 0.52875 32
invest -0.00875 32
update_start: 7; random_action_prob: 0.2414
update_complete: 7; loss: -0.14769547681013742; cumulative_reward: -1.4000000000000008; invalid_count: 0; positive_reward_count: 1; success_count: 0; episode_count: 9; best_tax_advantage: 0.04; avg_entropy: 2.732077745720744; random_exploration_count: 34; saved_snapshots: 0; random_action_prob: 0.2414
enter_straddle -0.014571428571428572 35
realize_gain -0.011515151515151515 33
realize_loss -0.011176470588235295 34
invest -0.005 26
update_start: 8; random_action_prob: 0.2402
update_complete: 8; loss: 4.075812339782715; cumulative_reward: 35.57999999999999; invalid_count: 0; positive_reward_count: 1; success_count: 1; episode_count: 9; best_tax_advantage: 37.0; avg_entropy: 2.718156171962619; random_exploration_count: 28; saved_snapshots: 0; random_action_prob: 0.2402
enter_straddle -0.012 30
realize_gain -0.012121212121212121 33
realize_loss 0.9115 40
invest -0.0048 25
update_start: 9; random_action_prob: 0.2390
update_complete: 9; loss: -0.1378515660762787; cumulative_reward: -1.580000000000001; invalid_count: 0; positive_reward_count: 0; success_count: 0; episode_count: 9; best_tax_advantage: 0.0; avg_entropy: 2.8103147111833096; random_exploration_count: 36; saved_snapshots: 0; random_action_prob: 0.2390
enter_straddle -0.0134375 32
realize_gain -0.010285714285714285 35
realize_loss -0.013333333333333334 42
invest -0.012105263157894737 19
update_start: 10; random_action_prob: 0.2378
update_complete: 10; loss: -0.12829513351122537; cumulative_reward: 0.2199999999999989; invalid_count: 0; positive_reward_count: 1; success_count: 0; episode_count: 9; best_tax_advantage: 2.27; avg_entropy: 2.876912087202072; random_exploration_count: 28; saved_snapshots: 0; random_action_prob: 0.2378
enter_straddle -0.015882352941176472 34
realize_gain -0.021463414634146343 41
realize_loss 0.0511764705882353 34
invest -0.005263157894736842 19
update_start: 11; random_action_prob: 0.2366
update_complete: 11; loss: 3.6160945892333984; cumulative_reward: 42.72999999999997; invalid_count: 0; positive_reward_count: 2; success_count: 1; episode_count: 9; best_tax_advantage: 37.0; avg_entropy: 2.6521612610667944; random_exploration_count: 28; saved_snapshots: 0; random_action_prob: 0.2366
enter_straddle -0.012580645161290323 31
realize_gain -0.012647058823529405 34
realize_loss 1.093 40
invest -0.007391304347826088 23
update_start: 12; random_action_prob: 0.2354
update_complete: 12; loss: 0.47473310430844623; cumulative_reward: 11.22; invalid_count: 0; positive_reward_count: 2; success_count: 0; episode_count: 9; best_tax_advantage: 12.95; avg_entropy: 2.6978965122252703; random_exploration_count: 33; saved_snapshots: 0; random_action_prob: 0.2354
enter_straddle -0.016052631578947367 38
realize_gain -0.016176470588235296 34
realize_loss 0.4846153846153846 26
invest -0.007333333333333333 30
update_start: 13; random_action_prob: 0.2342
update_complete: 13; loss: -0.1112683763106664; cumulative_reward: -1.8100000000000014; invalid_count: 0; positive_reward_count: 0; success_count: 0; episode_count: 9; best_tax_advantage: 0.0; avg_entropy: 2.7029911763966084; random_exploration_count: 30; saved_snapshots: 0; random_action_prob: 0.2342
enter_straddle -0.015405405405405404 37
realize_gain -0.017560975609756096 41
realize_loss -0.012499999999999999 24
invest -0.008461538461538461 26
update_start: 14; random_action_prob: 0.2331
update_complete: 14; loss: 0.05031543473402659; cumulative_reward: -1.8799999999999997; invalid_count: 0; positive_reward_count: 3; success_count: 0; episode_count: 9; best_tax_advantage: 5.43; avg_entropy: 2.750432097353041; random_exploration_count: 31; saved_snapshots: 0; random_action_prob: 0.2331
enter_straddle -0.015789473684210527 38
realize_gain -0.288 35
realize_loss 0.27999999999999997 32
invest -0.006956521739130435 23
update_start: 15; random_action_prob: 0.2319
update_complete: 15; loss: 2.3572331269582114; cumulative_reward: 17.819999999999943; invalid_count: 0; positive_reward_count: 4; success_count: 0; episode_count: 9; best_tax_advantage: 28.78; avg_entropy: 2.8428063997998834; random_exploration_count: 29; saved_snapshots: 0; random_action_prob: 0.2319
enter_straddle -0.013636363636363637 33
realize_gain -1.3342857142857143 28
realize_loss 1.553611111111111 36
invest -0.00967741935483871 31
update_start: 16; random_action_prob: 0.2307
update_complete: 16; loss: 0.48641029993693036; cumulative_reward: 9.980000000000024; invalid_count: 0; positive_reward_count: 2; success_count: 0; episode_count: 9; best_tax_advantage: 11.3; avg_entropy: 2.6571868397295475; random_exploration_count: 32; saved_snapshots: 0; random_action_prob: 0.2307
enter_straddle -0.012 30
realize_gain -0.010833333333333334 36
realize_loss 0.23955555555555555 45
invest -0.0029411764705882353 17
update_start: 17; random_action_prob: 0.2296
update_complete: 17; loss: 0.20549616714318594; cumulative_reward: 1.4100000000000024; invalid_count: 0; positive_reward_count: 4; success_count: 0; episode_count: 9; best_tax_advantage: 13.87; avg_entropy: 2.652624437585473; random_exploration_count: 27; saved_snapshots: 0; random_action_prob: 0.2296
enter_straddle -0.012222222222222223 27
realize_gain -0.40888888888888886 36
realize_loss 0.44810810810810814 37
invest -0.004285714285714286 28
update_start: 18; random_action_prob: 0.2284
update_complete: 18; loss: -0.12262798597415288; cumulative_reward: -1.730000000000001; invalid_count: 0; positive_reward_count: 0; success_count: 0; episode_count: 9; best_tax_advantage: 0.0; avg_entropy: 2.624890527687967; random_exploration_count: 28; saved_snapshots: 0; random_action_prob: 0.2284
enter_straddle -0.015945945945945946 37
realize_gain -0.013428571428571429 35
realize_loss -0.015151515151515152 33
invest -0.007391304347826088 23
update_start: 19; random_action_prob: 0.2273
update_complete: 19; loss: -0.004426673054695129; cumulative_reward: -1.5199999999999994; invalid_count: 0; positive_reward_count: 1; success_count: 0; episode_count: 9; best_tax_advantage: 5.29; avg_entropy: 2.747311946004629; random_exploration_count: 32; saved_snapshots: 0; random_action_prob: 0.2273
enter_straddle -0.0159375 32
realize_gain -0.15459459459459463 37
realize_loss 0.1362857142857143 35
invest -0.0025 24
update_start: 20; random_action_prob: 0.2262
update_complete: 20; loss: -0.10206059614817302; cumulative_reward: -0.2700000000000007; invalid_count: 0; positive_reward_count: 1; success_count: 0; episode_count: 9; best_tax_advantage: 1.0; avg_entropy: 2.6286448864266276; random_exploration_count: 31; saved_snapshots: 0; random_action_prob: 0.2262
enter_straddle -0.013333333333333334 30
realize_gain -0.011951219512195122 41
realize_loss 0.017777777777777778 36
invest -0.0009523809523809524 21
update_start: 21; random_action_prob: 0.2250
update_complete: 21; loss: 0.5486049254735311; cumulative_reward: 15.540000000000001; invalid_count: 0; positive_reward_count: 3; success_count: 0; episode_count: 9; best_tax_advantage: 10.27; avg_entropy: 2.663978640921414; random_exploration_count: 29; saved_snapshots: 0; random_action_prob: 0.2250
enter_straddle -0.01206896551724138 29
realize_gain -0.014137931034482758 29
realize_loss 0.44729729729729734 37
invest -0.007575757575757576 33
update_start: 22; random_action_prob: 0.2239
update_complete: 22; loss: 3.7672528425852456; cumulative_reward: 36.779999999999944; invalid_count: 0; positive_reward_count: 4; success_count: 0; episode_count: 9; best_tax_advantage: 24.26; avg_entropy: 2.670044982805848; random_exploration_count: 30; saved_snapshots: 0; random_action_prob: 0.2239
enter_straddle -0.012 30
realize_gain -0.10631578947368418 38
realize_loss 1.3813333333333335 30
invest -0.008666666666666666 30
update_start: 23; random_action_prob: 0.2228
update_complete: 23; loss: -0.12637570252021155; cumulative_reward: -1.2500000000000009; invalid_count: 0; positive_reward_count: 0; success_count: 0; episode_count: 9; best_tax_advantage: 0.0; avg_entropy: 2.671256265603006; random_exploration_count: 27; saved_snapshots: 0; random_action_prob: 0.2228
enter_straddle -0.01206896551724138 29
realize_gain -0.012777777777777779 36
realize_loss -0.010588235294117647 34
invest -0.0027586206896551726 29
update_start: 24; random_action_prob: 0.2217
update_complete: 24; loss: -0.08992749204238255; cumulative_reward: -0.9800000000000006; invalid_count: 0; positive_reward_count: 0; success_count: 0; episode_count: 9; best_tax_advantage: 0.0; avg_entropy: 2.496042682789266; random_exploration_count: 29; saved_snapshots: 0; random_action_prob: 0.2217
enter_straddle -0.011111111111111112 27
realize_gain -0.008666666666666666 30
realize_loss -0.008695652173913044 46
invest -0.0008 25
update_start: 25; random_action_prob: 0.2206
update_complete: 25; loss: -0.11297598729530971; cumulative_reward: -1.6600000000000008; invalid_count: 0; positive_reward_count: 0; success_count: 0; episode_count: 9; best_tax_advantage: 0.0; avg_entropy: 2.7800734099000692; random_exploration_count: 32; saved_snapshots: 0; random_action_prob: 0.2206
enter_straddle -0.013636363636363637 33
realize_gain -0.01263157894736842 38
realize_loss -0.016176470588235296 34
invest -0.007826086956521738 23
update_start: 26; random_action_prob: 0.2195
update_complete: 26; loss: 2.1691216627756753; cumulative_reward: 20.059999999999977; invalid_count: 0; positive_reward_count: 10; success_count: 0; episode_count: 9; best_tax_advantage: 27.75; avg_entropy: 2.6189661789685488; random_exploration_count: 29; saved_snapshots: 0; random_action_prob: 0.2195
enter_straddle -0.012258064516129033 31
realize_gain -1.6877777777777778 36
realize_loss 2.322571428571429 35
invest -0.003461538461538461 26
update_start: 27; random_action_prob: 0.2184
update_complete: 27; loss: 4.4256049791971845; cumulative_reward: 33.759999999999984; invalid_count: 0; positive_reward_count: 2; success_count: 1; episode_count: 9; best_tax_advantage: 35.68; avg_entropy: 2.821596789173782; random_exploration_count: 29; saved_snapshots: 0; random_action_prob: 0.2184
enter_straddle -0.015277777777777779 36
realize_gain -0.21727272727272728 33
realize_loss 1.0963157894736844 38
invest -0.008571428571428572 21
update_start: 28; random_action_prob: 0.2173
update_complete: 28; loss: 0.26233794291814166; cumulative_reward: 7.140000000000001; invalid_count: 0; positive_reward_count: 1; success_count: 0; episode_count: 9; best_tax_advantage: 8.47; avg_entropy: 2.566035826690495; random_exploration_count: 22; saved_snapshots: 0; random_action_prob: 0.2173
enter_straddle -0.0146875 32
realize_gain -0.010526315789473684 38
realize_loss 0.2385294117647059 34
invest -0.004166666666666667 24
update_start: 29; random_action_prob: 0.2162
update_complete: 29; loss: 0.4496142268180847; cumulative_reward: 10.890000000000002; invalid_count: 0; positive_reward_count: 8; success_count: 0; episode_count: 9; best_tax_advantage: 16.47; avg_entropy: 2.602096751332283; random_exploration_count: 31; saved_snapshots: 0; random_action_prob: 0.2162
enter_straddle -0.014722222222222223 36
realize_gain -0.5835714285714285 28
realize_loss 0.5919148936170212 47
invest -0.003529411764705882 17
update_start: 30; random_action_prob: 0.2151
update_complete: 30; loss: 4.414952437082927; cumulative_reward: 50.969999999999935; invalid_count: 0; positive_reward_count: 9; success_count: 0; episode_count: 9; best_tax_advantage: 23.79; avg_entropy: 2.5292852483689785; random_exploration_count: 25; saved_snapshots: 0; random_action_prob: 0.2151
enter_straddle -0.010714285714285714 28
realize_gain -0.28069767441860455 43
realize_loss 1.7619444444444445 36
invest -0.004285714285714286 21
update_start: 31; random_action_prob: 0.2140
update_complete: 31; loss: 6.361792087554932; cumulative_reward: 35.940000000000005; invalid_count: 0; positive_reward_count: 2; success_count: 1; episode_count: 9; best_tax_advantage: 37.0; avg_entropy: 2.586010185070336; random_exploration_count: 32; saved_snapshots: 0; random_action_prob: 0.2140
enter_straddle -0.012333333333333333 30
realize_gain -0.2943243243243243 37
realize_loss 1.2428947368421053 38
invest -0.0013043478260869564 23
update_start: 32; random_action_prob: 0.2130
update_complete: 32; loss: 0.09436261157194774; cumulative_reward: -1.3800000000000008; invalid_count: 0; positive_reward_count: 0; success_count: 0; episode_count: 9; best_tax_advantage: 0.0; avg_entropy: 2.5884632486850023; random_exploration_count: 21; saved_snapshots: 0; random_action_prob: 0.2130
enter_straddle -0.011785714285714287 28
realize_gain -0.013777777777777778 45
realize_loss -0.010333333333333333 30
invest -0.0048 25
update_start: 33; random_action_prob: 0.2119
update_complete: 33; loss: 0.2860517005125682; cumulative_reward: 11.760000000000025; invalid_count: 0; positive_reward_count: 3; success_count: 0; episode_count: 9; best_tax_advantage: 6.55; avg_entropy: 2.6324689527973533; random_exploration_count: 20; saved_snapshots: 0; random_action_prob: 0.2119
enter_straddle -0.0121875 32
realize_gain -0.008000000000000005 35
realize_loss 0.38 33
invest -0.003928571428571429 28
update_start: 34; random_action_prob: 0.2108
update_complete: 34; loss: 0.06971389055252075; cumulative_reward: -0.9600000000000005; invalid_count: 0; positive_reward_count: 0; success_count: 0; episode_count: 9; best_tax_advantage: 0.0; avg_entropy: 2.538212513551116; random_exploration_count: 21; saved_snapshots: 0; random_action_prob: 0.2108
enter_straddle -0.011379310344827587 29
realize_gain -0.008222222222222223 45
realize_loss -0.0058620689655172415 29
invest -0.0036 25
update_start: 35; random_action_prob: 0.2098
update_complete: 35; loss: -0.04150353620449702; cumulative_reward: 0.1899999999999994; invalid_count: 0; positive_reward_count: 2; success_count: 0; episode_count: 9; best_tax_advantage: 1.3; avg_entropy: 2.5976164266467094; random_exploration_count: 24; saved_snapshots: 0; random_action_prob: 0.2098
enter_straddle -0.010714285714285714 28
realize_gain -0.053000000000000005 30
realize_loss 0.06138888888888889 36
invest -0.003823529411764706 34
update_start: 36; random_action_prob: 0.2087
update_complete: 36; loss: -0.07961175342400868; cumulative_reward: -1.660000000000001; invalid_count: 0; positive_reward_count: 0; success_count: 0; episode_count: 9; best_tax_advantage: 0.0; avg_entropy: 2.735650178976357; random_exploration_count: 29; saved_snapshots: 0; random_action_prob: 0.2087
enter_straddle -0.014242424242424242 33
realize_gain -0.017297297297297298 37
realize_loss -0.010487804878048781 41
invest -0.007058823529411764 17
update_start: 37; random_action_prob: 0.2077
update_complete: 37; loss: 14.812304178873697; cumulative_reward: 92.50999999999995; invalid_count: 0; positive_reward_count: 6; success_count: 2; episode_count: 9; best_tax_advantage: 37.0; avg_entropy: 2.749474659562111; random_exploration_count: 19; saved_snapshots: 0; random_action_prob: 0.2077
enter_straddle -0.01641025641025641 39
realize_gain -0.10911764705882361 34
realize_loss 2.7720000000000002 35
invest -0.008 20
update_start: 38; random_action_prob: 0.2066
update_complete: 38; loss: -0.131963183482488; cumulative_reward: -1.0500000000000005; invalid_count: 0; positive_reward_count: 0; success_count: 0; episode_count: 9; best_tax_advantage: 0.0; avg_entropy: 2.650763058103621; random_exploration_count: 19; saved_snapshots: 0; random_action_prob: 0.2066
enter_straddle -0.0088 25
realize_gain -0.01 35
realize_loss -0.009534883720930233 43
invest -0.0028000000000000004 25
update_start: 39; random_action_prob: 0.2056
update_complete: 39; loss: 1.7935961882273357; cumulative_reward: 8.000000000000002; invalid_count: 0; positive_reward_count: 4; success_count: 0; episode_count: 9; best_tax_advantage: 27.71; avg_entropy: 2.6792349284514785; random_exploration_count: 29; saved_snapshots: 0; random_action_prob: 0.2056
enter_straddle -0.014864864864864866 37
realize_gain -1.4486206896551723 29
realize_loss 1.7520689655172415 29
invest -0.007575757575757576 33
update_start: 40; random_action_prob: 0.2046
update_complete: 40; loss: -0.05415735145409902; cumulative_reward: 2.930000000000003; invalid_count: 0; positive_reward_count: 3; success_count: 0; episode_count: 9; best_tax_advantage: 3.97; avg_entropy: 2.62365092523396; random_exploration_count: 19; saved_snapshots: 0; random_action_prob: 0.2046
enter_straddle -0.009166666666666667 24
realize_gain -0.007837837837837838 37
realize_loss 0.08069767441860466 43
invest -0.00125 24
update_start: 41; random_action_prob: 0.2036
update_complete: 41; loss: 2.7947558561960855; cumulative_reward: 40.56999999999999; invalid_count: 0; positive_reward_count: 2; success_count: 0; episode_count: 9; best_tax_advantage: 28.78; avg_entropy: 2.5513854501768947; random_exploration_count: 20; saved_snapshots: 0; random_action_prob: 0.2036
enter_straddle -0.01575757575757576 33
realize_gain -0.012750000000000001 40
realize_loss 1.8169565217391304 23
invest -0.0059375 32
update_start: 42; random_action_prob: 0.2025
update_complete: 42; loss: -0.039704300463199615; cumulative_reward: -0.15999999999999873; invalid_count: 0; positive_reward_count: 1; success_count: 0; episode_count: 9; best_tax_advantage: 4.98; avg_entropy: 2.7736358223482966; random_exploration_count: 27; saved_snapshots: 0; random_action_prob: 0.2025
enter_straddle -0.0134375 32
realize_gain -0.1108108108108108 37
realize_loss 0.11868421052631581 38
invest -0.006666666666666667 21
update_start: 43; random_action_prob: 0.2015
update_complete: 43; loss: 12.020557403564453; cumulative_reward: 71.18999999999997; invalid_count: 0; positive_reward_count: 3; success_count: 2; episode_count: 9; best_tax_advantage: 37.0; avg_entropy: 2.717124075628817; random_exploration_count: 28; saved_snapshots: 0; random_action_prob: 0.2015
enter_straddle -0.01542857142857143 35
realize_gain -0.018333333333333333 36
realize_loss 2.071714285714286 35
invest -0.005454545454545454 22
update_start: 44; random_action_prob: 0.2005
update_complete: 44; loss: -0.11197776595751445; cumulative_reward: -1.3100000000000005; invalid_count: 0; positive_reward_count: 1; success_count: 0; episode_count: 9; best_tax_advantage: 0.18; avg_entropy: 2.6974177416414022; random_exploration_count: 25; saved_snapshots: 0; random_action_prob: 0.2005
enter_straddle -0.012580645161290323 31
realize_gain -0.013055555555555555 36
realize_loss -0.009189189189189189 37
invest -0.004583333333333333 24
update_start: 45; random_action_prob: 0.1995
update_complete: 45; loss: 2.4689130783081055; cumulative_reward: 25.789999999999964; invalid_count: 0; positive_reward_count: 6; success_count: 0; episode_count: 9; best_tax_advantage: 23.12; avg_entropy: 2.80157158896327; random_exploration_count: 25; saved_snapshots: 0; random_action_prob: 0.1995
enter_straddle -0.0140625 32
realize_gain -0.35371428571428576 35
realize_loss 1.0786111111111112 36
invest -0.0084 25
update_start: 46; random_action_prob: 0.1985
update_complete: 46; loss: 0.36224255959192914; cumulative_reward: 9.860000000000024; invalid_count: 0; positive_reward_count: 2; success_count: 0; episode_count: 9; best_tax_advantage: 12.81; avg_entropy: 2.801468174904585; random_exploration_count: 32; saved_snapshots: 0; random_action_prob: 0.1985
enter_straddle -0.015294117647058824 34
realize_gain -0.37305555555555553 36
realize_loss 0.7761290322580646 31
invest -0.009259259259259259 27
update_start: 47; random_action_prob: 0.1975
update_complete: 47; loss: -0.10998102525870006; cumulative_reward: -1.670000000000001; invalid_count: 0; positive_reward_count: 0; success_count: 0; episode_count: 9; best_tax_advantage: 0.0; avg_entropy: 2.8675880460068583; random_exploration_count: 22; saved_snapshots: 0; random_action_prob: 0.1975
enter_straddle -0.013125 32
realize_gain -0.016097560975609757 41
realize_loss -0.013823529411764705 34
invest -0.005714285714285714 21
update_start: 48; random_action_prob: 0.1965
update_complete: 48; loss: 1.5476984977722168; cumulative_reward: 23.189999999999994; invalid_count: 0; positive_reward_count: 5; success_count: 0; episode_count: 9; best_tax_advantage: 27.75; avg_entropy: 2.8045657789334655; random_exploration_count: 20; saved_snapshots: 0; random_action_prob: 0.1965
enter_straddle -0.015000000000000001 36
realize_gain -0.6031111111111112 45
realize_loss 1.4574285714285713 35
invest -0.011666666666666667 12
update_start: 49; random_action_prob: 0.1956
update_complete: 49; loss: 0.16770696640014648; cumulative_reward: 10.85; invalid_count: 0; positive_reward_count: 7; success_count: 0; episode_count: 9; best_tax_advantage: 6.66; avg_entropy: 2.5612027756869793; random_exploration_count: 22; saved_snapshots: 0; random_action_prob: 0.1956
enter_straddle -0.015161290322580644 31
realize_gain -0.02465116279069768 43
realize_loss 0.42724137931034484 29
invest -0.0004 25
update_start: 50; random_action_prob: 0.1946
update_complete: 50; loss: 0.02742442488670349; cumulative_reward: 2.260000000000007; invalid_count: 0; positive_reward_count: 4; success_count: 0; episode_count: 9; best_tax_advantage: 9.96; avg_entropy: 2.7214994560927153; random_exploration_count: 22; saved_snapshots: 0; random_action_prob: 0.1946
enter_straddle -0.012413793103448275 29
realize_gain -0.1719047619047619 42
realize_loss 0.2845714285714286 35
invest -0.005454545454545454 22
update_start: 51; random_action_prob: 0.1936
update_complete: 51; loss: -0.05424600342909495; cumulative_reward: -1.3200000000000003; invalid_count: 0; positive_reward_count: 2; success_count: 0; episode_count: 9; best_tax_advantage: 5.39; avg_entropy: 2.702719919383526; random_exploration_count: 26; saved_snapshots: 0; random_action_prob: 0.1936
enter_straddle -0.013235294117647059 34
realize_gain -0.1711111111111111 36
realize_loss 0.17156249999999998 32
invest -0.007692307692307693 26
update_start: 52; random_action_prob: 0.1926
update_complete: 52; loss: -0.09259198109308879; cumulative_reward: 0.08999999999999965; invalid_count: 0; positive_reward_count: 2; success_count: 0; episode_count: 9; best_tax_advantage: 4.55; avg_entropy: 2.8578513963148; random_exploration_count: 35; saved_snapshots: 0; random_action_prob: 0.1926
enter_straddle -0.015789473684210527 38
realize_gain -0.13193548387096773 31
realize_loss 0.15212121212121213 33
invest -0.00923076923076923 26
update_start: 53; random_action_prob: 0.1917
update_complete: 53; loss: 1.6690069834391277; cumulative_reward: 18.569999999999975; invalid_count: 0; positive_reward_count: 6; success_count: 0; episode_count: 9; best_tax_advantage: 19.65; avg_entropy: 2.7652490651234984; random_exploration_count: 16; saved_snapshots: 0; random_action_prob: 0.1917
enter_straddle -0.0128125 32
realize_gain -0.3323333333333333 30
realize_loss 0.7854054054054054 37
invest -0.003793103448275862 29
update_start: 54; random_action_prob: 0.1907
update_complete: 54; loss: 1.3897264798482258; cumulative_reward: 20.91; invalid_count: 0; positive_reward_count: 3; success_count: 0; episode_count: 9; best_tax_advantage: 25.69; avg_entropy: 2.61933708563447; random_exploration_count: 34; saved_snapshots: 0; random_action_prob: 0.1907
enter_straddle -0.016388888888888887 36
realize_gain -0.42300000000000004 40
realize_loss 1.2025000000000001 32
invest -0.003 20
update_start: 55; random_action_prob: 0.1898
update_complete: 55; loss: -0.04946465541919073; cumulative_reward: -1.4400000000000013; invalid_count: 0; positive_reward_count: 1; success_count: 0; episode_count: 9; best_tax_advantage: 7.12; avg_entropy: 2.7963795736432076; random_exploration_count: 26; saved_snapshots: 0; random_action_prob: 0.1898
enter_straddle -0.013333333333333334 30
realize_gain -0.1930769230769231 39
realize_loss 0.2310344827586207 29
invest -0.007 30
update_start: 56; random_action_prob: 0.1888
update_complete: 56; loss: -0.11220848560333252; cumulative_reward: -1.6400000000000008; invalid_count: 0; positive_reward_count: 1; success_count: 0; episode_count: 9; best_tax_advantage: 2.88; avg_entropy: 2.7634507212787867; random_exploration_count: 23; saved_snapshots: 0; random_action_prob: 0.1888
enter_straddle -0.01611111111111111 36
realize_gain -0.09257142857142857 35
realize_loss 0.07151515151515153 33
invest -0.0075 24
update_start: 57; random_action_prob: 0.1879
update_complete: 57; loss: -0.10582951953013738; cumulative_reward: -1.5400000000000011; invalid_count: 0; positive_reward_count: 0; success_count: 0; episode_count: 9; best_tax_advantage: 0.0; avg_entropy: 2.7431572964414954; random_exploration_count: 33; saved_snapshots: 0; random_action_prob: 0.1879
enter_straddle -0.014375 32
realize_gain -0.0125 32
realize_loss -0.013414634146341465 41
invest -0.005652173913043478 23
update_start: 58; random_action_prob: 0.1869
update_complete: 58; loss: 0.16461152335007986; cumulative_reward: 9.720000000000022; invalid_count: 0; positive_reward_count: 5; success_count: 0; episode_count: 9; best_tax_advantage: 7.58; avg_entropy: 2.7085720831528306; random_exploration_count: 30; saved_snapshots: 0; random_action_prob: 0.1869
enter_straddle -0.015675675675675675 37
realize_gain -0.012812500000000001 32
realize_loss 0.29405405405405405 37
invest -0.007727272727272728 22
update_start: 59; random_action_prob: 0.1860
update_complete: 59; loss: 2.884768565495809; cumulative_reward: 33.95999999999999; invalid_count: 0; positive_reward_count: 7; success_count: 0; episode_count: 9; best_tax_advantage: 26.09; avg_entropy: 2.918460166081786; random_exploration_count: 21; saved_snapshots: 0; random_action_prob: 0.1860
enter_straddle -0.014411764705882353 34
realize_gain -0.3854545454545455 33
realize_loss 1.2133333333333334 39
invest -0.006818181818181818 22
update_start: 60; random_action_prob: 0.1851
update_complete: 60; loss: -0.1283982346455256; cumulative_reward: -1.9300000000000015; invalid_count: 0; positive_reward_count: 0; success_count: 0; episode_count: 9; best_tax_advantage: 0.0; avg_entropy: 2.9580683168023825; random_exploration_count: 17; saved_snapshots: 0; random_action_prob: 0.1851
enter_straddle -0.014117647058823528 34
realize_gain -0.016944444444444443 36
realize_loss -0.015151515151515152 33
invest -0.013600000000000001 25
update_start: 61; random_action_prob: 0.1841
update_complete: 61; loss: 0.6608197689056396; cumulative_reward: -1.7099999999999982; invalid_count: 0; positive_reward_count: 4; success_count: 0; episode_count: 9; best_tax_advantage: 11.9; avg_entropy: 2.849081812426448; random_exploration_count: 22; saved_snapshots: 0; random_action_prob: 0.1841
enter_straddle -0.014444444444444446 36
realize_gain -0.4773684210526316 38
realize_loss 0.6615384615384615 26
invest -0.008928571428571428 28
update_start: 62; random_action_prob: 0.1832
update_complete: 62; loss: 1.380374550819397; cumulative_reward: 2.980000000000003; invalid_count: 0; positive_reward_count: 2; success_count: 0; episode_count: 9; best_tax_advantage: 25.72; avg_entropy: 2.901625270023942; random_exploration_count: 31; saved_snapshots: 0; random_action_prob: 0.1832
enter_straddle -0.016666666666666666 39
realize_gain -0.6782051282051282 39
realize_loss 1.265 24
invest -0.01076923076923077 26
update_start: 63; random_action_prob: 0.1823
update_complete: 63; loss: 1.239154537518819; cumulative_reward: 8.920000000000012; invalid_count: 0; positive_reward_count: 6; success_count: 0; episode_count: 9; best_tax_advantage: 14.87; avg_entropy: 2.7687114076688886; random_exploration_count: 20; saved_snapshots: 0; random_action_prob: 0.1823
enter_straddle -0.013333333333333334 33
realize_gain -0.9276744186046512 43
realize_loss 1.4082857142857144 35
invest -0.0023529411764705885 17
update_start: 64; random_action_prob: 0.1814
update_complete: 64; loss: 1.109639048576355; cumulative_reward: -1.6699999999999975; invalid_count: 0; positive_reward_count: 5; success_count: 0; episode_count: 9; best_tax_advantage: 17.84; avg_entropy: 2.7104371208697557; random_exploration_count: 17; saved_snapshots: 0; random_action_prob: 0.1814
enter_straddle -0.015945945945945946 37
realize_gain -1.2571875 32
realize_loss 1.035 38
invest -0.008571428571428572 21
update_start: 65; random_action_prob: 0.1805
update_complete: 65; loss: 0.04899210731188456; cumulative_reward: -1.8999999999999988; invalid_count: 0; positive_reward_count: 4; success_count: 0; episode_count: 9; best_tax_advantage: 8.72; avg_entropy: 2.7223376790061593; random_exploration_count: 29; saved_snapshots: 0; random_action_prob: 0.1805
enter_straddle -0.014285714285714285 35
realize_gain -0.3868421052631579 38
realize_loss 0.45233333333333337 30
invest -0.0108 25
update_start: 66; random_action_prob: 0.1796
update_complete: 66; loss: -0.06341434270143509; cumulative_reward: 1.549999999999999; invalid_count: 0; positive_reward_count: 1; success_count: 0; episode_count: 9; best_tax_advantage: 2.82; avg_entropy: 2.673847831785679; random_exploration_count: 21; saved_snapshots: 0; random_action_prob: 0.1796
enter_straddle -0.014242424242424244 33
realize_gain -0.01 23
realize_loss 0.05974999999999999 40
invest -0.004375 32
update_start: 67; random_action_prob: 0.1787
update_complete: 67; loss: 0.2547252873579661; cumulative_reward: 5.140000000000003; invalid_count: 0; positive_reward_count: 3; success_count: 0; episode_count: 9; best_tax_advantage: 9.42; avg_entropy: 2.8457636339589953; random_exploration_count: 20; saved_snapshots: 0; random_action_prob: 0.1787
enter_straddle -0.016666666666666666 39
realize_gain -0.27216216216216216 37
realize_loss 0.517741935483871 31
invest -0.009047619047619047 21
update_start: 68; random_action_prob: 0.1778
update_complete: 68; loss: 0.31616949041684467; cumulative_reward: 11.590000000000005; invalid_count: 0; positive_reward_count: 3; success_count: 0; episode_count: 9; best_tax_advantage: 8.49; avg_entropy: 2.6558122020214796; random_exploration_count: 30; saved_snapshots: 0; random_action_prob: 0.1778
enter_straddle -0.013333333333333334 33
realize_gain -0.008372093023255813 43
realize_loss 0.4303448275862069 29
invest -0.003913043478260869 23
update_start: 69; random_action_prob: 0.1769
update_complete: 69; loss: 1.0870110193888347; cumulative_reward: 19.959999999999997; invalid_count: 0; positive_reward_count: 4; success_count: 0; episode_count: 9; best_tax_advantage: 20.56; avg_entropy: 2.7665025601163507; random_exploration_count: 20; saved_snapshots: 0; random_action_prob: 0.1769
enter_straddle -0.015151515151515152 33
realize_gain -0.01742857142857143 35
realize_loss 0.5735135135135134 37
invest -0.006521739130434782 23
update_start: 70; random_action_prob: 0.1760
update_complete: 70; loss: -0.0851690669854482; cumulative_reward: -1.540000000000001; invalid_count: 0; positive_reward_count: 0; success_count: 0; episode_count: 9; best_tax_advantage: 0.0; avg_entropy: 2.6556780822575092; random_exploration_count: 19; saved_snapshots: 0; random_action_prob: 0.1760
enter_straddle -0.014857142857142857 35
realize_gain -0.015135135135135137 37
realize_loss -0.010937500000000001 32
invest -0.004583333333333333 24
update_start: 71; random_action_prob: 0.1751
update_complete: 71; loss: 1.263504187266032; cumulative_reward: 22.48000000000001; invalid_count: 0; positive_reward_count: 3; success_count: 0; episode_count: 9; best_tax_advantage: 16.82; avg_entropy: 2.8085723593831062; random_exploration_count: 24; saved_snapshots: 0; random_action_prob: 0.1751
enter_straddle -0.016052631578947367 38
realize_gain -0.10793103448275868 29
realize_loss 1.0628 25
invest -0.009722222222222222 36
update_start: 72; random_action_prob: 0.1743
update_complete: 72; loss: -0.037577773133913674; cumulative_reward: -1.3900000000000006; invalid_count: 0; positive_reward_count: 2; success_count: 0; episode_count: 9; best_tax_advantage: 1.66; avg_entropy: 2.7461722809821367; random_exploration_count: 19; saved_snapshots: 0; random_action_prob: 0.1743
enter_straddle -0.011333333333333334 30
realize_gain -0.09205128205128205 39
realize_loss 0.06763157894736842 38
invest -0.0014285714285714286 21
update_start: 73; random_action_prob: 0.1734
update_complete: 73; loss: -0.06431818256775539; cumulative_reward: -1.3700000000000008; invalid_count: 0; positive_reward_count: 0; success_count: 0; episode_count: 9; best_tax_advantage: 0.0; avg_entropy: 2.7693668380379677; random_exploration_count: 23; saved_snapshots: 0; random_action_prob: 0.1734
enter_straddle -0.012758620689655172 29
realize_gain -0.01473684210526316 38
realize_loss -0.007837837837837838 37
invest -0.0062499999999999995 24
update_start: 74; random_action_prob: 0.1725
update_complete: 74; loss: -0.06887111564477284; cumulative_reward: -1.2400000000000007; invalid_count: 0; positive_reward_count: 3; success_count: 0; episode_count: 9; best_tax_advantage: 3.03; avg_entropy: 2.71792814694345; random_exploration_count: 26; saved_snapshots: 0; random_action_prob: 0.1725
enter_straddle -0.012758620689655172 29
realize_gain -0.09026315789473684 38
realize_loss 0.0818181818181818 33
invest -0.005 28
update_start: 75; random_action_prob: 0.1717
update_complete: 75; loss: -0.11792195339997609; cumulative_reward: -1.9000000000000015; invalid_count: 0; positive_reward_count: 0; success_count: 0; episode_count: 9; best_tax_advantage: 0.0; avg_entropy: 2.858149591833353; random_exploration_count: 22; saved_snapshots: 0; random_action_prob: 0.1717
enter_straddle -0.015294117647058824 34
realize_gain -0.017037037037037038 27
realize_loss -0.015675675675675675 37
invest -0.011333333333333334 30
update_start: 76; random_action_prob: 0.1708
update_complete: 76; loss: -0.11290396749973297; cumulative_reward: -1.9400000000000015; invalid_count: 0; positive_reward_count: 1; success_count: 0; episode_count: 9; best_tax_advantage: 1.65; avg_entropy: 2.7235937155783176; random_exploration_count: 25; saved_snapshots: 0; random_action_prob: 0.1708
enter_straddle -0.016585365853658537 41
realize_gain -0.06027027027027027 37
realize_loss 0.031111111111111107 36
invest -0.010714285714285714 14
update_start: 77; random_action_prob: 0.1699
update_complete: 77; loss: 3.552233854929606; cumulative_reward: 33.48999999999998; invalid_count: 0; positive_reward_count: 2; success_count: 1; episode_count: 9; best_tax_advantage: 34.69; avg_entropy: 2.698335936293006; random_exploration_count: 13; saved_snapshots: 0; random_action_prob: 0.1699
enter_straddle -0.01103448275862069 29
realize_gain -0.009411764705882354 34
realize_loss 1.1087096774193548 31
invest -0.007058823529411764 34
update_start: 78; random_action_prob: 0.1691
update_complete: 78; loss: 0.7042104601860046; cumulative_reward: 21.980000000000015; invalid_count: 0; positive_reward_count: 4; success_count: 0; episode_count: 9; best_tax_advantage: 10.67; avg_entropy: 2.8480870313942432; random_exploration_count: 29; saved_snapshots: 0; random_action_prob: 0.1691
enter_straddle -0.014285714285714285 35
realize_gain -0.1805 40
realize_loss 0.9309375 32
invest -0.004285714285714286 21
update_start: 79; random_action_prob: 0.1683
update_complete: 79; loss: -0.018237036963303883; cumulative_reward: 0.6499999999999988; invalid_count: 0; positive_reward_count: 2; success_count: 0; episode_count: 9; best_tax_advantage: 9.99; avg_entropy: 2.8610033905133605; random_exploration_count: 19; saved_snapshots: 0; random_action_prob: 0.1683
enter_straddle -0.0128125 32
realize_gain -0.28405405405405404 37
realize_loss 0.32583333333333336 36
invest -0.006956521739130435 23
update_start: 80; random_action_prob: 0.1674
update_complete: 80; loss: 1.2614222764968872; cumulative_reward: 21.229999999999983; invalid_count: 0; positive_reward_count: 4; success_count: 0; episode_count: 9; best_tax_advantage: 16.38; avg_entropy: 2.7675857562571764; random_exploration_count: 29; saved_snapshots: 0; random_action_prob: 0.1674
enter_straddle -0.011724137931034483 29
realize_gain -0.5642857142857143 35
realize_loss 1.2205882352941178 34
invest -0.006 30
update_start: 81; random_action_prob: 0.1666
update_complete: 81; loss: 4.626192410786946; cumulative_reward: 33.92; invalid_count: 0; positive_reward_count: 4; success_count: 1; episode_count: 9; best_tax_advantage: 32.96; avg_entropy: 2.665032748132944; random_exploration_count: 12; saved_snapshots: 0; random_action_prob: 0.1666
enter_straddle -0.009166666666666667 24
realize_gain -0.22484848484848485 33
realize_loss 1.042 40
invest -0.003870967741935484 31
update_start: 82; random_action_prob: 0.1657
update_complete: 82; loss: -0.01966203252474467; cumulative_reward: 3.5499999999999994; invalid_count: 0; positive_reward_count: 1; success_count: 0; episode_count: 9; best_tax_advantage: 4.97; avg_entropy: 2.7693321481347084; random_exploration_count: 17; saved_snapshots: 0; random_action_prob: 0.1657
enter_straddle -0.013125 32
realize_gain -0.011578947368421053 38
realize_loss 0.10833333333333335 42
invest -0.00875 16
update_start: 83; random_action_prob: 0.1649
update_complete: 83; loss: 2.4844373067220054; cumulative_reward: 46.58000000000002; invalid_count: 0; positive_reward_count: 9; success_count: 0; episode_count: 9; best_tax_advantage: 18.28; avg_entropy: 2.718415206298232; random_exploration_count: 21; saved_snapshots: 0; random_action_prob: 0.1649
enter_straddle -0.015000000000000001 36
realize_gain -0.23954545454545456 22
realize_loss 1.4245945945945946 37
invest -0.009696969696969697 33
update_start: 84; random_action_prob: 0.1641
update_complete: 84; loss: 0.9113325079282125; cumulative_reward: 17.19000000000001; invalid_count: 0; positive_reward_count: 6; success_count: 0; episode_count: 9; best_tax_advantage: 17.67; avg_entropy: 2.799737566150725; random_exploration_count: 10; saved_snapshots: 0; random_action_prob: 0.1641
enter_straddle -0.014 30
realize_gain -0.3923076923076923 26
realize_loss 0.607608695652174 46
invest -0.005384615384615385 26
update_start: 85; random_action_prob: 0.1633
update_complete: 85; loss: 0.09716639916102092; cumulative_reward: -0.9799999999999995; invalid_count: 0; positive_reward_count: 1; success_count: 0; episode_count: 9; best_tax_advantage: 7.2; avg_entropy: 2.604557200334966; random_exploration_count: 16; saved_snapshots: 0; random_action_prob: 0.1633
enter_straddle -0.01 26
realize_gain -0.18825 40
realize_loss 0.19194444444444445 36
invest -0.0038461538461538464 26
update_start: 86; random_action_prob: 0.1625
update_complete: 86; loss: 2.883954922358195; cumulative_reward: 28.48; invalid_count: 0; positive_reward_count: 3; success_count: 0; episode_count: 9; best_tax_advantage: 29.79; avg_entropy: 2.7369483383372426; random_exploration_count: 29; saved_snapshots: 0; random_action_prob: 0.1625
enter_straddle -0.014571428571428572 35
realize_gain -0.3214814814814815 27
realize_loss 0.94475 40
invest -0.004615384615384615 26
update_start: 87; random_action_prob: 0.1616
update_complete: 87; loss: 0.051374788085619606; cumulative_reward: -1.559999999999999; invalid_count: 0; positive_reward_count: 3; success_count: 0; episode_count: 9; best_tax_advantage: 10.27; avg_entropy: 2.783052321523428; random_exploration_count: 16; saved_snapshots: 0; random_action_prob: 0.1616
enter_straddle -0.013225806451612903 31
realize_gain -0.4257575757575757 33
realize_loss 0.3548648648648649 37
invest -0.008518518518518519 27
update_start: 88; random_action_prob: 0.1608
update_complete: 88; loss: -0.0041017283995946245; cumulative_reward: 0.8399999999999996; invalid_count: 0; positive_reward_count: 2; success_count: 0; episode_count: 9; best_tax_advantage: 6.69; avg_entropy: 2.5660084458068013; random_exploration_count: 21; saved_snapshots: 0; random_action_prob: 0.1608
enter_straddle -0.013548387096774193 31
realize_gain -0.16 31
realize_loss 0.13543478260869565 46
invest -0.0005 20
update_start: 89; random_action_prob: 0.1600
update_complete: 89; loss: 1.4679510593414307; cumulative_reward: 19.679999999999982; invalid_count: 0; positive_reward_count: 5; success_count: 0; episode_count: 9; best_tax_advantage: 19.92; avg_entropy: 2.7223135605454445; random_exploration_count: 19; saved_snapshots: 0; random_action_prob: 0.1600
enter_straddle -0.01375 32
realize_gain -0.34882352941176475 34
realize_loss 0.9185714285714287 35
invest -0.006296296296296296 27
update_start: 90; random_action_prob: 0.1592
update_complete: 90; loss: -0.04827016592025757; cumulative_reward: -0.2399999999999997; invalid_count: 0; positive_reward_count: 8; success_count: 0; episode_count: 9; best_tax_advantage: 3.44; avg_entropy: 2.722156007774174; random_exploration_count: 25; saved_snapshots: 0; random_action_prob: 0.1592
enter_straddle -0.01375 32
realize_gain -0.248 25
realize_loss 0.13708333333333333 48
invest -0.007826086956521738 23
update_start: 91; random_action_prob: 0.1584
update_complete: 91; loss: -0.12215062975883484; cumulative_reward: -1.4100000000000008; invalid_count: 0; positive_reward_count: 0; success_count: 0; episode_count: 9; best_tax_advantage: 0.0; avg_entropy: 2.8408625032752752; random_exploration_count: 15; saved_snapshots: 0; random_action_prob: 0.1584
enter_straddle -0.012499999999999999 28
realize_gain -0.009259259259259259 27
realize_loss -0.015945945945945946 37
invest -0.006111111111111111 36
update_start: 92; random_action_prob: 0.1576
update_complete: 92; loss: 2.8063622315724692; cumulative_reward: 54.09; invalid_count: 0; positive_reward_count: 12; success_count: 0; episode_count: 9; best_tax_advantage: 23.79; avg_entropy: 2.6179338451474905; random_exploration_count: 16; saved_snapshots: 0; random_action_prob: 0.1576
enter_straddle -0.01 27
realize_gain -0.16685714285714284 35
realize_loss 1.3711363636363638 44
invest -0.005909090909090909 22
update_start: 93; random_action_prob: 0.1569
update_complete: 93; loss: -0.10797518243392308; cumulative_reward: -1.4200000000000006; invalid_count: 0; positive_reward_count: 0; success_count: 0; episode_count: 9; best_tax_advantage: 0.0; avg_entropy: 2.729145825840533; random_exploration_count: 25; saved_snapshots: 0; random_action_prob: 0.1569
enter_straddle -0.013125 32
realize_gain -0.008620689655172414 29
realize_loss -0.013414634146341465 41
invest -0.007692307692307693 26
update_start: 94; random_action_prob: 0.1561
update_complete: 94; loss: -0.05444064984718958; cumulative_reward: 4.7600000000000025; invalid_count: 0; positive_reward_count: 3; success_count: 0; episode_count: 9; best_tax_advantage: 3.42; avg_entropy: 2.7749052681028843; random_exploration_count: 17; saved_snapshots: 0; random_action_prob: 0.1561
enter_straddle -0.011724137931034483 29
realize_gain -0.08628571428571429 35
realize_loss 0.21153846153846154 39
invest -0.0052 25
update_start: 95; random_action_prob: 0.1553
update_complete: 95; loss: 0.08845123648643494; cumulative_reward: 0.8700000000000028; invalid_count: 0; positive_reward_count: 3; success_count: 0; episode_count: 9; best_tax_advantage: 7.61; avg_entropy: 2.4345709793269634; random_exploration_count: 20; saved_snapshots: 0; random_action_prob: 0.1553
enter_straddle -0.011379310344827587 29
realize_gain -0.28047619047619043 42
realize_loss 0.33384615384615385 39
invest -0.0022222222222222222 18
update_start: 96; random_action_prob: 0.1545
update_complete: 96; loss: 2.470094601313273; cumulative_reward: 19.079999999999988; invalid_count: 0; positive_reward_count: 8; success_count: 0; episode_count: 9; best_tax_advantage: 23.12; avg_entropy: 2.559869199991226; random_exploration_count: 13; saved_snapshots: 0; random_action_prob: 0.1545
enter_straddle -0.011724137931034483 29
realize_gain -1.077837837837838 37
realize_loss 1.983 30
invest -0.0059375 32
update_start: 97; random_action_prob: 0.1537
update_complete: 97; loss: -0.11000454425811768; cumulative_reward: -1.0500000000000007; invalid_count: 0; positive_reward_count: 1; success_count: 0; episode_count: 9; best_tax_advantage: 0.95; avg_entropy: 2.739314022473991; random_exploration_count: 22; saved_snapshots: 0; random_action_prob: 0.1537
enter_straddle -0.0088 25
realize_gain -0.03155555555555555 45
realize_loss 0.022903225806451613 31
invest -0.0044444444444444444 27
update_start: 98; random_action_prob: 0.1530
update_complete: 98; loss: 0.3337227801481883; cumulative_reward: 14.14000000000003; invalid_count: 0; positive_reward_count: 5; success_count: 0; episode_count: 9; best_tax_advantage: 12.71; avg_entropy: 2.756194488145411; random_exploration_count: 18; saved_snapshots: 0; random_action_prob: 0.1530
enter_straddle -0.013666666666666667 30
realize_gain -0.12488888888888892 45
realize_loss 0.6558064516129033 31
invest -0.007272727272727273 22
update_start: 99; random_action_prob: 0.1522
update_complete: 99; loss: 1.4462252060572307; cumulative_reward: 26.669999999999984; invalid_count: 0; positive_reward_count: 3; success_count: 0; episode_count: 9; best_tax_advantage: 18.31; avg_entropy: 2.521271306090057; random_exploration_count: 17; saved_snapshots: 0; random_action_prob: 0.1522
enter_straddle -0.0096 25
realize_gain -0.18352941176470586 34
realize_loss 0.8525641025641025 39
invest -0.0033333333333333335 30
2026-07-10T17:07:12 completed straddle_abuse run=2 elapsed_seconds=729.77 updates_logged=100
2026-07-10T17:07:12 running straddle_abuse run=3 seed=1732
update_start: 0; random_action_prob: 0.2500
update_complete: 0; loss: -0.08642950157324474; cumulative_reward: 1.289999999999998; invalid_count: 0; positive_reward_count: 1; success_count: 0; episode_count: 9; best_tax_advantage: 3.86; avg_entropy: 2.987267017364502; random_exploration_count: 31; saved_snapshots: 0; random_action_prob: 0.2500
enter_straddle -0.018372093023255816 43
realize_gain -0.0215 20
realize_loss 0.06568181818181817 44
invest -0.018095238095238095 21
update_start: 1; random_action_prob: 0.2487
update_complete: 1; loss: 0.49725571274757385; cumulative_reward: -2.369999999999999; invalid_count: 0; positive_reward_count: 1; success_count: 0; episode_count: 9; best_tax_advantage: 17.08; avg_entropy: 2.897070376202464; random_exploration_count: 33; saved_snapshots: 0; random_action_prob: 0.2487
enter_straddle -0.017857142857142856 42
realize_gain -0.6555555555555554 27
realize_loss 0.41794871794871785 39
invest -0.011 20
update_start: 2; random_action_prob: 0.2475
update_complete: 2; loss: -0.07307612399260204; cumulative_reward: 1.8499999999999996; invalid_count: 0; positive_reward_count: 1; success_count: 0; episode_count: 9; best_tax_advantage: 3.97; avg_entropy: 2.8848957121372223; random_exploration_count: 33; saved_snapshots: 0; random_action_prob: 0.2475
enter_straddle -0.01641025641025641 39
realize_gain -0.02 27
realize_loss 0.07975 40
invest -0.007272727272727273 22
update_start: 3; random_action_prob: 0.2463
update_complete: 3; loss: 5.300446351369222; cumulative_reward: 33.84999999999997; invalid_count: 0; positive_reward_count: 3; success_count: 1; episode_count: 9; best_tax_advantage: 35.68; avg_entropy: 2.7469944721087813; random_exploration_count: 31; saved_snapshots: 0; random_action_prob: 0.2463
enter_straddle -0.01675 40
realize_gain -0.07285714285714286 28
realize_loss 1.313214285714286 28
invest -0.0065625 32
update_start: 4; random_action_prob: 0.2450
update_complete: 4; loss: -0.1332464317480723; cumulative_reward: -2.030000000000001; invalid_count: 0; positive_reward_count: 0; success_count: 0; episode_count: 9; best_tax_advantage: 0.0; avg_entropy: 2.9034545440226793; random_exploration_count: 38; saved_snapshots: 0; random_action_prob: 0.2450
enter_straddle -0.016923076923076923 39
realize_gain -0.016538461538461537 26
realize_loss -0.016052631578947367 38
invest -0.0132 25
update_start: 5; random_action_prob: 0.2438
update_complete: 5; loss: -0.13719328244527182; cumulative_reward: -1.9400000000000015; invalid_count: 0; positive_reward_count: 0; success_count: 0; episode_count: 9; best_tax_advantage: 0.0; avg_entropy: 2.884058183990419; random_exploration_count: 36; saved_snapshots: 0; random_action_prob: 0.2438
enter_straddle -0.01631578947368421 38
realize_gain -0.016785714285714286 28
realize_loss -0.02 28
invest -0.008529411764705883 34
update_start: 6; random_action_prob: 0.2426
update_complete: 6; loss: -0.13494881490866342; cumulative_reward: -1.4400000000000008; invalid_count: 0; positive_reward_count: 0; success_count: 0; episode_count: 9; best_tax_advantage: 0.0; avg_entropy: 2.6477991696447134; random_exploration_count: 23; saved_snapshots: 0; random_action_prob: 0.2426
enter_straddle -0.013636363636363637 33
realize_gain -0.014482758620689654 29
realize_loss -0.011621621621621621 37
invest -0.004827586206896552 29
update_start: 7; random_action_prob: 0.2414
update_complete: 7; loss: -0.0888630747795105; cumulative_reward: 2.200000000000006; invalid_count: 0; positive_reward_count: 3; success_count: 0; episode_count: 9; best_tax_advantage: 3.27; avg_entropy: 2.8350142473354936; random_exploration_count: 30; saved_snapshots: 0; random_action_prob: 0.2414
enter_straddle -0.015000000000000001 36
realize_gain -0.06806451612903225 31
realize_loss 0.1375 36
invest -0.004 25
update_start: 8; random_action_prob: 0.2402
update_complete: 8; loss: 1.8583829800287883; cumulative_reward: 17.15999999999996; invalid_count: 0; positive_reward_count: 1; success_count: 0; episode_count: 9; best_tax_advantage: 19.31; avg_entropy: 2.975317212752998; random_exploration_count: 23; saved_snapshots: 0; random_action_prob: 0.2402
enter_straddle -0.01631578947368421 38
realize_gain -0.02 31
realize_loss 0.5846874999999999 32
invest -0.011481481481481481 27
update_start: 9; random_action_prob: 0.2390
update_complete: 9; loss: -0.12095332145690918; cumulative_reward: -1.4200000000000006; invalid_count: 0; positive_reward_count: 0; success_count: 0; episode_count: 9; best_tax_advantage: 0.0; avg_entropy: 2.6913691870868206; random_exploration_count: 26; saved_snapshots: 0; random_action_prob: 0.2390
enter_straddle -0.014411764705882353 34
realize_gain -0.01 35
realize_loss -0.013250000000000001 40
invest -0.002631578947368421 19
update_start: 10; random_action_prob: 0.2378
update_complete: 10; loss: 3.722991943359375; cumulative_reward: 26.629999999999978; invalid_count: 0; positive_reward_count: 5; success_count: 0; episode_count: 9; best_tax_advantage: 27.99; avg_entropy: 2.68220645096153; random_exploration_count: 23; saved_snapshots: 0; random_action_prob: 0.2378
enter_straddle -0.012258064516129033 31
realize_gain -0.08366666666666668 30
realize_loss 0.6295744680851063 47
invest -0.0035000000000000005 20
update_start: 11; random_action_prob: 0.2366
update_complete: 11; loss: 0.23112601041793823; cumulative_reward: 6.720000000000021; invalid_count: 0; positive_reward_count: 2; success_count: 0; episode_count: 9; best_tax_advantage: 8.84; avg_entropy: 2.922568591311574; random_exploration_count: 34; saved_snapshots: 0; random_action_prob: 0.2366
enter_straddle -0.01631578947368421 38
realize_gain -0.05352941176470588 34
realize_loss 0.2561111111111111 36
invest -0.003 20
update_start: 12; random_action_prob: 0.2354
update_complete: 12; loss: -0.10560833662748337; cumulative_reward: -1.070000000000001; invalid_count: 0; positive_reward_count: 1; success_count: 0; episode_count: 9; best_tax_advantage: 0.3; avg_entropy: 2.641831216402352; random_exploration_count: 31; saved_snapshots: 0; random_action_prob: 0.2354
enter_straddle -0.012580645161290323 31
realize_gain -0.014358974358974357 39
realize_loss -0.00032258064516129054 31
invest -0.004074074074074074 27
update_start: 13; random_action_prob: 0.2342
update_complete: 13; loss: -0.050808062156041466; cumulative_reward: 3.3200000000000074; invalid_count: 0; positive_reward_count: 2; success_count: 0; episode_count: 9; best_tax_advantage: 4.59; avg_entropy: 2.6630678046494722; random_exploration_count: 26; saved_snapshots: 0; random_action_prob: 0.2342
enter_straddle -0.014375 32
realize_gain -0.010606060606060605 33
realize_loss 0.11486486486486487 37
invest -0.004615384615384615 26
update_start: 14; random_action_prob: 0.2331
update_complete: 14; loss: -0.11017587532599767; cumulative_reward: 0.12999999999999887; invalid_count: 0; positive_reward_count: 1; success_count: 0; episode_count: 9; best_tax_advantage: 1.49; avg_entropy: 2.6583736212924123; random_exploration_count: 23; saved_snapshots: 0; random_action_prob: 0.2331
enter_straddle -0.012666666666666666 30
realize_gain -0.012702702702702701 37
realize_loss 0.0378125 32
invest -0.007931034482758621 29
update_start: 15; random_action_prob: 0.2319
update_complete: 15; loss: 0.6036671201388041; cumulative_reward: 7.89000000000003; invalid_count: 0; positive_reward_count: 2; success_count: 0; episode_count: 9; best_tax_advantage: 9.99; avg_entropy: 2.8550087520852685; random_exploration_count: 38; saved_snapshots: 0; random_action_prob: 0.2319
enter_straddle -0.017368421052631578 38
realize_gain -0.22076923076923075 39
realize_loss 0.5428125 32
invest -0.011052631578947368 19
update_start: 16; random_action_prob: 0.2307
update_complete: 16; loss: 1.7618279854456584; cumulative_reward: 22.329999999999988; invalid_count: 0; positive_reward_count: 5; success_count: 0; episode_count: 9; best_tax_advantage: 24.25; avg_entropy: 2.649577993899584; random_exploration_count: 32; saved_snapshots: 0; random_action_prob: 0.2307
enter_straddle -0.011851851851851851 27
realize_gain -0.19923076923076918 26
realize_loss 0.7368421052631579 38
invest -0.0045945945945945945 37
update_start: 17; random_action_prob: 0.2296
update_complete: 17; loss: 2.9885102907816568; cumulative_reward: 38.80000000000003; invalid_count: 0; positive_reward_count: 5; success_count: 0; episode_count: 9; best_tax_advantage: 26.4; avg_entropy: 2.712842680513859; random_exploration_count: 35; saved_snapshots: 0; random_action_prob: 0.2296
enter_straddle -0.0134375 32
realize_gain -0.964074074074074 27
realize_loss 1.6779487179487178 39
invest -0.006 30
update_start: 18; random_action_prob: 0.2284
update_complete: 18; loss: 0.41544129451115924; cumulative_reward: 9.860000000000026; invalid_count: 0; positive_reward_count: 1; success_count: 0; episode_count: 9; best_tax_advantage: 11.15; avg_entropy: 2.638495503924787; random_exploration_count: 38; saved_snapshots: 0; random_action_prob: 0.2284
enter_straddle -0.012666666666666666 30
realize_gain -0.008461538461538461 39
realize_loss 0.30428571428571427 35
invest -0.0033333333333333335 24
update_start: 19; random_action_prob: 0.2273
update_complete: 19; loss: 0.1672622710466385; cumulative_reward: 10.08; invalid_count: 0; positive_reward_count: 3; success_count: 0; episode_count: 9; best_tax_advantage: 8.62; avg_entropy: 2.677183723077178; random_exploration_count: 33; saved_snapshots: 0; random_action_prob: 0.2273
enter_straddle -0.013333333333333334 33
realize_gain -0.012571428571428572 35
realize_loss 0.32705882352941174 34
invest -0.006153846153846154 26
update_start: 20; random_action_prob: 0.2262
update_complete: 20; loss: -0.01936396211385727; cumulative_reward: -1.3199999999999998; invalid_count: 0; positive_reward_count: 1; success_count: 0; episode_count: 9; best_tax_advantage: 3.8; avg_entropy: 2.701762180775404; random_exploration_count: 28; saved_snapshots: 0; random_action_prob: 0.2262
enter_straddle -0.014117647058823528 34
realize_gain -0.11026315789473683 38
realize_loss 0.09971428571428571 35
invest -0.006666666666666667 21
update_start: 21; random_action_prob: 0.2250
update_complete: 21; loss: -0.09128387769063313; cumulative_reward: -1.8300000000000012; invalid_count: 0; positive_reward_count: 0; success_count: 0; episode_count: 9; best_tax_advantage: 0.0; avg_entropy: 2.8336315965279937; random_exploration_count: 27; saved_snapshots: 0; random_action_prob: 0.2250
enter_straddle -0.016666666666666666 39
realize_gain -0.015405405405405404 37
realize_loss -0.014722222222222223 36
invest -0.005 16
update_start: 22; random_action_prob: 0.2239
update_complete: 22; loss: -0.10160493850708008; cumulative_reward: -1.2600000000000007; invalid_count: 0; positive_reward_count: 0; success_count: 0; episode_count: 9; best_tax_advantage: 0.0; avg_entropy: 2.7613513190299273; random_exploration_count: 29; saved_snapshots: 0; random_action_prob: 0.2239
enter_straddle -0.011935483870967743 31
realize_gain -0.011142857142857144 35
realize_loss -0.010588235294117647 34
invest -0.005 28
update_start: 23; random_action_prob: 0.2228
update_complete: 23; loss: -0.1175105447570483; cumulative_reward: -1.5200000000000011; invalid_count: 0; positive_reward_count: 0; success_count: 0; episode_count: 9; best_tax_advantage: 0.0; avg_entropy: 2.71748633030802; random_exploration_count: 37; saved_snapshots: 0; random_action_prob: 0.2228
enter_straddle -0.014411764705882353 34
realize_gain -0.01 35
realize_loss -0.012368421052631579 38
invest -0.01 21
update_start: 24; random_action_prob: 0.2217
update_complete: 24; loss: 0.7440487742424011; cumulative_reward: -2.1; invalid_count: 0; positive_reward_count: 1; success_count: 0; episode_count: 9; best_tax_advantage: 24.43; avg_entropy: 2.8712120056152344; random_exploration_count: 25; saved_snapshots: 0; random_action_prob: 0.2217
enter_straddle -0.01675 40
realize_gain -0.613170731707317 41
realize_loss 0.823103448275862 29
invest -0.008888888888888889 18
update_start: 25; random_action_prob: 0.2206
update_complete: 25; loss: 2.502300977706909; cumulative_reward: 28.76999999999999; invalid_count: 0; positive_reward_count: 3; success_count: 0; episode_count: 9; best_tax_advantage: 19.35; avg_entropy: 2.7503723399713635; random_exploration_count: 27; saved_snapshots: 0; random_action_prob: 0.2206
enter_straddle -0.014411764705882353 34
realize_gain -0.014722222222222223 36
realize_loss 0.8814705882352941 34
invest -0.0075 24
update_start: 26; random_action_prob: 0.2195
update_complete: 26; loss: 0.6697800358136495; cumulative_reward: -1.250000000000005; invalid_count: 0; positive_reward_count: 1; success_count: 0; episode_count: 9; best_tax_advantage: 16.99; avg_entropy: 2.5942698353901505; random_exploration_count: 40; saved_snapshots: 0; random_action_prob: 0.2195
enter_straddle -0.013333333333333334 33
realize_gain -0.7204166666666666 24
realize_loss 0.5985714285714285 28
invest -0.0065116279069767444 43
update_start: 27; random_action_prob: 0.2184
update_complete: 27; loss: -0.04972877353429794; cumulative_reward: 3.5100000000000042; invalid_count: 0; positive_reward_count: 3; success_count: 0; episode_count: 9; best_tax_advantage: 2.84; avg_entropy: 2.8814727067947388; random_exploration_count: 17; saved_snapshots: 0; random_action_prob: 0.2184
enter_straddle -0.013333333333333334 33
realize_gain -0.08928571428571427 28
realize_loss 0.1629268292682927 41
invest -0.008846153846153847 26
update_start: 28; random_action_prob: 0.2173
update_complete: 28; loss: 1.319652517636617; cumulative_reward: 21.079999999999977; invalid_count: 0; positive_reward_count: 3; success_count: 0; episode_count: 9; best_tax_advantage: 15.82; avg_entropy: 2.745935210958123; random_exploration_count: 19; saved_snapshots: 0; random_action_prob: 0.2173
enter_straddle -0.01375 32
realize_gain -0.011470588235294118 34
realize_loss 0.666969696969697 33
invest -0.003448275862068966 29
update_start: 29; random_action_prob: 0.2162
update_complete: 29; loss: -0.13502375781536102; cumulative_reward: -1.7500000000000013; invalid_count: 0; positive_reward_count: 0; success_count: 0; episode_count: 9; best_tax_advantage: 0.0; avg_entropy: 2.8855556659400463; random_exploration_count: 24; saved_snapshots: 0; random_action_prob: 0.2162
enter_straddle -0.014117647058823528 34
realize_gain -0.013548387096774193 31
realize_loss -0.021 30
invest -0.006666666666666667 33
update_start: 30; random_action_prob: 0.2151
update_complete: 30; loss: 1.01707657178243; cumulative_reward: 21.350000000000005; invalid_count: 0; positive_reward_count: 7; success_count: 0; episode_count: 9; best_tax_advantage: 13.96; avg_entropy: 2.7204016307368875; random_exploration_count: 33; saved_snapshots: 0; random_action_prob: 0.2151
enter_straddle -0.015161290322580644 31
realize_gain -0.012352941176470587 34
realize_loss 0.7028125000000001 32
invest -0.008064516129032258 31
update_start: 31; random_action_prob: 0.2140
update_complete: 31; loss: -0.03204838186502457; cumulative_reward: 1.3700000000000039; invalid_count: 0; positive_reward_count: 2; success_count: 0; episode_count: 9; best_tax_advantage: 7.33; avg_entropy: 2.8116568960249424; random_exploration_count: 25; saved_snapshots: 0; random_action_prob: 0.2140
enter_straddle -0.016052631578947367 38
realize_gain -0.23076923076923078 26
realize_loss 0.2288888888888889 36
invest -0.009285714285714286 28
update_start: 32; random_action_prob: 0.2130
update_complete: 32; loss: -0.12318048626184464; cumulative_reward: -1.490000000000001; invalid_count: 0; positive_reward_count: 0; success_count: 0; episode_count: 9; best_tax_advantage: 0.0; avg_entropy: 2.7528701359406114; random_exploration_count: 27; saved_snapshots: 0; random_action_prob: 0.2130
enter_straddle -0.014117647058823528 34
realize_gain -0.01 28
realize_loss -0.014 35
invest -0.007741935483870968 31
update_start: 33; random_action_prob: 0.2119
update_complete: 33; loss: -0.09755104780197144; cumulative_reward: 1.3500000000000048; invalid_count: 0; positive_reward_count: 2; success_count: 0; episode_count: 9; best_tax_advantage: 3.35; avg_entropy: 2.7376609724014997; random_exploration_count: 27; saved_snapshots: 0; random_action_prob: 0.2119
enter_straddle -0.0146875 32
realize_gain -0.02733333333333333 30
realize_loss 0.06925 40
invest -0.005 26
update_start: 34; random_action_prob: 0.2108
update_complete: 34; loss: 1.2711506287256877; cumulative_reward: -1.2600000000000022; invalid_count: 0; positive_reward_count: 1; success_count: 0; episode_count: 9; best_tax_advantage: 27.75; avg_entropy: 2.6864634454250336; random_exploration_count: 28; saved_snapshots: 0; random_action_prob: 0.2108
enter_straddle -0.014545454545454545 33
realize_gain -0.7394736842105263 38
realize_loss 0.8055882352941177 34
invest -0.0030434782608695656 23
update_start: 35; random_action_prob: 0.2098
update_complete: 35; loss: -0.14405722419420877; cumulative_reward: -1.570000000000001; invalid_count: 0; positive_reward_count: 0; success_count: 0; episode_count: 9; best_tax_advantage: 0.0; avg_entropy: 2.76538616605103; random_exploration_count: 27; saved_snapshots: 0; random_action_prob: 0.2098
enter_straddle -0.015294117647058824 34
realize_gain -0.015161290322580644 31
realize_loss -0.012424242424242424 33
invest -0.005666666666666667 30
update_start: 36; random_action_prob: 0.2087
update_complete: 36; loss: -0.12444507827361424; cumulative_reward: -1.2400000000000007; invalid_count: 0; positive_reward_count: 2; success_count: 0; episode_count: 9; best_tax_advantage: 1.22; avg_entropy: 2.7308680675923824; random_exploration_count: 28; saved_snapshots: 0; random_action_prob: 0.2087
enter_straddle -0.010357142857142856 28
realize_gain -0.074375 32
realize_loss 0.0525 32
invest -0.006944444444444444 36
update_start: 37; random_action_prob: 0.2077
update_complete: 37; loss: 1.4586376746495564; cumulative_reward: 16.089999999999993; invalid_count: 0; positive_reward_count: 5; success_count: 0; episode_count: 9; best_tax_advantage: 17.45; avg_entropy: 2.671015444211662; random_exploration_count: 24; saved_snapshots: 0; random_action_prob: 0.2077
enter_straddle -0.015 34
realize_gain -0.30000000000000004 31
realize_loss 0.7414285714285714 35
invest -0.0017857142857142859 28
update_start: 38; random_action_prob: 0.2066
update_complete: 38; loss: 4.983368873596191; cumulative_reward: 33.509999999999984; invalid_count: 0; positive_reward_count: 2; success_count: 1; episode_count: 9; best_tax_advantage: 35.33; avg_entropy: 2.721732158213854; random_exploration_count: 24; saved_snapshots: 0; random_action_prob: 0.2066
enter_straddle -0.016216216216216217 37
realize_gain -0.015833333333333335 24
realize_loss 0.9945714285714284 35
invest -0.01 32
update_start: 39; random_action_prob: 0.2056
update_complete: 39; loss: 4.679737408955892; cumulative_reward: 35.66; invalid_count: 0; positive_reward_count: 3; success_count: 1; episode_count: 9; best_tax_advantage: 37.0; avg_entropy: 2.6216285694390535; random_exploration_count: 29; saved_snapshots: 0; random_action_prob: 0.2056
enter_straddle -0.015294117647058824 34
realize_gain -0.30250000000000005 24
realize_loss 1.1161538461538463 39
invest -0.0029032258064516127 31
update_start: 40; random_action_prob: 0.2046
update_complete: 40; loss: -0.12174637118975322; cumulative_reward: -0.5900000000000009; invalid_count: 0; positive_reward_count: 1; success_count: 0; episode_count: 9; best_tax_advantage: 1.01; avg_entropy: 2.7435668148100376; random_exploration_count: 32; saved_snapshots: 0; random_action_prob: 0.2046
enter_straddle -0.014 35
realize_gain -0.017 30
realize_loss 0.02769230769230769 26
invest -0.008378378378378378 37
update_start: 41; random_action_prob: 0.2036
update_complete: 41; loss: 1.350524107615153; cumulative_reward: 20.47999999999995; invalid_count: 0; positive_reward_count: 1; success_count: 0; episode_count: 9; best_tax_advantage: 22.41; avg_entropy: 2.82847651373595; random_exploration_count: 30; saved_snapshots: 0; random_action_prob: 0.2036
enter_straddle -0.016176470588235296 34
realize_gain -0.016097560975609757 41
realize_loss 0.6077777777777778 36
invest -0.011176470588235295 17
update_start: 42; random_action_prob: 0.2025
update_complete: 42; loss: 0.1961513807376226; cumulative_reward: 5.390000000000006; invalid_count: 0; positive_reward_count: 3; success_count: 0; episode_count: 9; best_tax_advantage: 7.12; avg_entropy: 2.729479754343629; random_exploration_count: 29; saved_snapshots: 0; random_action_prob: 0.2025
enter_straddle -0.014117647058823528 34
realize_gain -0.3454054054054054 37
realize_loss 0.5893750000000001 32
invest -0.0084 25
update_start: 43; random_action_prob: 0.2015
update_complete: 43; loss: -0.0733938639362653; cumulative_reward: 1.840000000000003; invalid_count: 0; positive_reward_count: 1; success_count: 0; episode_count: 9; best_tax_advantage: 3.22; avg_entropy: 2.557514438405633; random_exploration_count: 34; saved_snapshots: 0; random_action_prob: 0.2015
enter_straddle -0.013125 32
realize_gain -0.009705882352941177 34
realize_loss 0.07527777777777779 36
invest -0.004615384615384615 26
update_start: 44; random_action_prob: 0.2005
update_complete: 44; loss: 1.2628947496414185; cumulative_reward: 14.730000000000022; invalid_count: 0; positive_reward_count: 7; success_count: 0; episode_count: 9; best_tax_advantage: 15.86; avg_entropy: 2.5971532380208373; random_exploration_count: 29; saved_snapshots: 0; random_action_prob: 0.2005
enter_straddle -0.009615384615384616 26
realize_gain -0.588780487804878 41
realize_loss 1.1900000000000002 33
invest -0.005357142857142857 28
update_start: 45; random_action_prob: 0.1995
update_complete: 45; loss: 5.400328159332275; cumulative_reward: 50.68000000000004; invalid_count: 0; positive_reward_count: 5; success_count: 1; episode_count: 9; best_tax_advantage: 35.68; avg_entropy: 2.8016047487035394; random_exploration_count: 22; saved_snapshots: 0; random_action_prob: 0.1995
enter_straddle -0.0125 32
realize_gain -0.5302941176470588 34
realize_loss 2.3153333333333337 30
invest -0.0109375 32
update_start: 46; random_action_prob: 0.1985
update_complete: 46; loss: 5.3116146723429365; cumulative_reward: 52.989999999999974; invalid_count: 0; positive_reward_count: 4; success_count: 1; episode_count: 9; best_tax_advantage: 32.5; avg_entropy: 2.7414968106895685; random_exploration_count: 30; saved_snapshots: 0; random_action_prob: 0.1985
enter_straddle -0.015588235294117648 34
realize_gain -0.013809523809523808 42
realize_loss 2.2616666666666667 24
invest -0.0064285714285714285 28
update_start: 47; random_action_prob: 0.1975
update_complete: 47; loss: 3.2962265014648438; cumulative_reward: 31.009999999999987; invalid_count: 0; positive_reward_count: 2; success_count: 1; episode_count: 9; best_tax_advantage: 32.37; avg_entropy: 2.554224591702223; random_exploration_count: 29; saved_snapshots: 0; random_action_prob: 0.1975
enter_straddle -0.012258064516129033 31
realize_gain -0.011777777777777778 45
realize_loss 1.0666666666666667 30
invest -0.0036363636363636364 22
update_start: 48; random_action_prob: 0.1965
update_complete: 48; loss: 0.5092303355534872; cumulative_reward: -1.5699999999999983; invalid_count: 0; positive_reward_count: 5; success_count: 0; episode_count: 9; best_tax_advantage: 11.16; avg_entropy: 2.7548032393679023; random_exploration_count: 29; saved_snapshots: 0; random_action_prob: 0.1965
enter_straddle -0.015 32
realize_gain -0.5297142857142857 35
realize_loss 0.678076923076923 26
invest -0.005142857142857143 35
update_start: 49; random_action_prob: 0.1956
update_complete: 49; loss: 1.6158482631047566; cumulative_reward: 26.12000000000001; invalid_count: 0; positive_reward_count: 2; success_count: 0; episode_count: 9; best_tax_advantage: 17.61; avg_entropy: 2.722358119674027; random_exploration_count: 24; saved_snapshots: 0; random_action_prob: 0.1956
enter_straddle -0.013870967741935483 31
realize_gain -0.011333333333333334 30
realize_loss 0.6976923076923077 39
invest -0.011428571428571429 28
update_start: 50; random_action_prob: 0.1946
update_complete: 50; loss: 0.6062798102696737; cumulative_reward: -1.1800000000000002; invalid_count: 0; positive_reward_count: 3; success_count: 0; episode_count: 9; best_tax_advantage: 13.63; avg_entropy: 2.714982251636684; random_exploration_count: 18; saved_snapshots: 0; random_action_prob: 0.1946
enter_straddle -0.014117647058823528 34
realize_gain -0.3880555555555556 36
realize_loss 0.453 30
invest -0.011428571428571429 28
update_start: 51; random_action_prob: 0.1936
update_complete: 51; loss: 0.2990103264649709; cumulative_reward: 8.140000000000024; invalid_count: 0; positive_reward_count: 2; success_count: 0; episode_count: 9; best_tax_advantage: 9.5; avg_entropy: 2.597436743788421; random_exploration_count: 24; saved_snapshots: 0; random_action_prob: 0.1936
enter_straddle -0.01103448275862069 29
realize_gain -0.012222222222222223 36
realize_loss 0.2454054054054054 37
invest -0.006923076923076922 26
update_start: 52; random_action_prob: 0.1926
update_complete: 52; loss: 4.920585950215657; cumulative_reward: 33.74000000000001; invalid_count: 0; positive_reward_count: 1; success_count: 1; episode_count: 9; best_tax_advantage: 34.78; avg_entropy: 2.609580783173442; random_exploration_count: 26; saved_snapshots: 0; random_action_prob: 0.1926
enter_straddle -0.012333333333333333 30
realize_gain -0.00696969696969697 33
realize_loss 1.0436363636363637 33
invest -0.003125 32
update_start: 53; random_action_prob: 0.1917
update_complete: 53; loss: 0.9854189356168112; cumulative_reward: 3.200000000000002; invalid_count: 0; positive_reward_count: 9; success_count: 0; episode_count: 9; best_tax_advantage: 15.42; avg_entropy: 2.677629274316132; random_exploration_count: 30; saved_snapshots: 0; random_action_prob: 0.1917
enter_straddle -0.013870967741935483 31
realize_gain -0.769090909090909 33
realize_loss 0.8576470588235294 34
invest -0.005 30
update_start: 54; random_action_prob: 0.1907
update_complete: 54; loss: 4.885760148366292; cumulative_reward: 39.46000000000004; invalid_count: 0; positive_reward_count: 5; success_count: 1; episode_count: 9; best_tax_advantage: 37.0; avg_entropy: 2.500194689258933; random_exploration_count: 21; saved_snapshots: 0; random_action_prob: 0.1907
enter_straddle -0.0096 25
realize_gain -0.08025 40
realize_loss 1.195 36
invest -0.004074074074074074 27
update_start: 55; random_action_prob: 0.1898
update_complete: 55; loss: 1.103779395421346; cumulative_reward: 27.03999999999999; invalid_count: 0; positive_reward_count: 4; success_count: 0; episode_count: 9; best_tax_advantage: 15.42; avg_entropy: 2.6491574812680483; random_exploration_count: 18; saved_snapshots: 0; random_action_prob: 0.1898
enter_straddle -0.010384615384615384 26
realize_gain -0.009714285714285691 35
realize_loss 0.9273333333333333 30
invest -0.0045945945945945945 37
update_start: 56; random_action_prob: 0.1888
update_complete: 56; loss: 0.6997313499450684; cumulative_reward: 7.5299999999999985; invalid_count: 0; positive_reward_count: 1; success_count: 0; episode_count: 9; best_tax_advantage: 23.78; avg_entropy: 2.6889432026073337; random_exploration_count: 22; saved_snapshots: 0; random_action_prob: 0.1888
enter_straddle -0.013548387096774193 31
realize_gain -0.3642857142857143 42
realize_loss 0.6894117647058824 34
invest -0.009047619047619047 21
update_start: 57; random_action_prob: 0.1879
update_complete: 57; loss: 1.0205525159835815; cumulative_reward: 15.8; invalid_count: 0; positive_reward_count: 4; success_count: 0; episode_count: 9; best_tax_advantage: 15.15; avg_entropy: 2.8782442584633827; random_exploration_count: 23; saved_snapshots: 0; random_action_prob: 0.1879
enter_straddle -0.014857142857142857 35
realize_gain -0.1391304347826087 46
realize_loss 0.8146428571428572 28
invest -0.004736842105263157 19
update_start: 58; random_action_prob: 0.1869
update_complete: 58; loss: 0.01741410295168559; cumulative_reward: 4.800000000000003; invalid_count: 0; positive_reward_count: 1; success_count: 0; episode_count: 9; best_tax_advantage: 5.95; avg_entropy: 2.7203788943588734; random_exploration_count: 18; saved_snapshots: 0; random_action_prob: 0.1869
enter_straddle -0.012499999999999999 28
realize_gain -0.008823529411764706 34
realize_loss 0.18322580645161293 31
invest -0.006571428571428572 35
update_start: 59; random_action_prob: 0.1860
update_complete: 59; loss: -0.01209456225236257; cumulative_reward: 1.4000000000000004; invalid_count: 0; positive_reward_count: 5; success_count: 0; episode_count: 9; best_tax_advantage: 4.62; avg_entropy: 2.671080849133432; random_exploration_count: 25; saved_snapshots: 0; random_action_prob: 0.1860
enter_straddle -0.012903225806451613 31
realize_gain -0.14055555555555557 36
realize_loss 0.1673809523809524 42
invest -0.008947368421052633 19
update_start: 60; random_action_prob: 0.1851
update_complete: 60; loss: 0.006260494391123454; cumulative_reward: -1.3400000000000005; invalid_count: 0; positive_reward_count: 1; success_count: 0; episode_count: 9; best_tax_advantage: 6.82; avg_entropy: 2.772891955450177; random_exploration_count: 19; saved_snapshots: 0; random_action_prob: 0.1851
enter_straddle -0.013870967741935483 31
realize_gain -0.23129032258064516 31
realize_loss 0.20870967741935487 31
invest -0.006 35
update_start: 61; random_action_prob: 0.1841
update_complete: 61; loss: -0.11088001728057861; cumulative_reward: -1.2000000000000006; invalid_count: 0; positive_reward_count: 0; success_count: 0; episode_count: 9; best_tax_advantage: 0.0; avg_entropy: 2.636438962072134; random_exploration_count: 24; saved_snapshots: 0; random_action_prob: 0.1841
enter_straddle -0.013125 32
realize_gain -0.01 34
realize_loss -0.011212121212121211 33
invest -0.002413793103448276 29
update_start: 62; random_action_prob: 0.1832
update_complete: 62; loss: -0.013038143515586853; cumulative_reward: 3.410000000000014; invalid_count: 0; positive_reward_count: 2; success_count: 0; episode_count: 9; best_tax_advantage: 5.04; avg_entropy: 2.7043902715668082; random_exploration_count: 20; saved_snapshots: 0; random_action_prob: 0.1832
enter_straddle -0.013333333333333334 33
realize_gain -0.012222222222222223 27
realize_loss 0.10232558139534885 43
invest -0.0088 25
update_start: 63; random_action_prob: 0.1823
update_complete: 63; loss: 0.510106603304545; cumulative_reward: 9.030000000000006; invalid_count: 0; positive_reward_count: 1; success_count: 0; episode_count: 9; best_tax_advantage: 10.74; avg_entropy: 2.761773558333516; random_exploration_count: 27; saved_snapshots: 0; random_action_prob: 0.1823
enter_straddle -0.015000000000000001 36
realize_gain -0.011621621621621621 37
realize_loss 0.36714285714285716 28
invest -0.010370370370370372 27
update_start: 64; random_action_prob: 0.1814
update_complete: 64; loss: -0.12969836592674255; cumulative_reward: -1.7700000000000011; invalid_count: 0; positive_reward_count: 0; success_count: 0; episode_count: 9; best_tax_advantage: 0.0; avg_entropy: 2.8268545428290963; random_exploration_count: 31; saved_snapshots: 0; random_action_prob: 0.1814
enter_straddle -0.014857142857142857 35
realize_gain -0.016875 32
realize_loss -0.015135135135135137 37
invest -0.0062499999999999995 24
update_start: 65; random_action_prob: 0.1805
update_complete: 65; loss: -0.13020947575569153; cumulative_reward: -1.7800000000000011; invalid_count: 0; positive_reward_count: 0; success_count: 0; episode_count: 9; best_tax_advantage: 0.0; avg_entropy: 2.730169393122196; random_exploration_count: 25; saved_snapshots: 0; random_action_prob: 0.1805
enter_straddle -0.015675675675675675 37
realize_gain -0.018 35
realize_loss -0.014857142857142857 35
invest -0.002380952380952381 21
update_start: 66; random_action_prob: 0.1796
update_complete: 66; loss: 1.984350562095642; cumulative_reward: 29.26000000000002; invalid_count: 0; positive_reward_count: 5; success_count: 0; episode_count: 9; best_tax_advantage: 18.5; avg_entropy: 2.7938822135329247; random_exploration_count: 28; saved_snapshots: 0; random_action_prob: 0.1796
enter_straddle -0.014242424242424244 33
realize_gain -0.2899999999999999 29
realize_loss 0.9572499999999999 40
invest -0.005769230769230769 26
update_start: 67; random_action_prob: 0.1787
update_complete: 67; loss: 0.3681596517562866; cumulative_reward: 12.97000000000001; invalid_count: 0; positive_reward_count: 2; success_count: 0; episode_count: 9; best_tax_advantage: 9.25; avg_entropy: 2.6170259211212397; random_exploration_count: 22; saved_snapshots: 0; random_action_prob: 0.1787
enter_straddle -0.014857142857142857 35
realize_gain -0.012333333333333333 30
realize_loss 0.4522580645161291 31
invest -0.005 32
update_start: 68; random_action_prob: 0.1778
update_complete: 68; loss: 0.6694339911142985; cumulative_reward: 3.01000000000001; invalid_count: 0; positive_reward_count: 1; success_count: 0; episode_count: 9; best_tax_advantage: 19.21; avg_entropy: 2.889804121106863; random_exploration_count: 12; saved_snapshots: 0; random_action_prob: 0.1778
enter_straddle -0.015405405405405404 37
realize_gain -0.35714285714285715 42
realize_loss 0.8204347826086957 23
invest -0.011153846153846153 26
update_start: 69; random_action_prob: 0.1769
update_complete: 69; loss: -0.11672446131706238; cumulative_reward: -1.4600000000000009; invalid_count: 0; positive_reward_count: 0; success_count: 0; episode_count: 9; best_tax_advantage: 0.0; avg_entropy: 2.6976552847772837; random_exploration_count: 21; saved_snapshots: 0; random_action_prob: 0.1769
enter_straddle -0.014848484848484849 33
realize_gain -0.011891891891891892 37
realize_loss -0.011515151515151515 33
invest -0.006 25
update_start: 70; random_action_prob: 0.1760
update_complete: 70; loss: -0.03091622143983841; cumulative_reward: -1.5599999999999996; invalid_count: 0; positive_reward_count: 1; success_count: 0; episode_count: 9; best_tax_advantage: 7.9; avg_entropy: 2.718822294846177; random_exploration_count: 26; saved_snapshots: 0; random_action_prob: 0.1760
enter_straddle -0.014375 32
realize_gain -0.2264864864864865 37
realize_loss 0.25033333333333335 30
invest -0.007931034482758621 29
update_start: 71; random_action_prob: 0.1751
update_complete: 71; loss: 0.006824786464373271; cumulative_reward: 4.12; invalid_count: 0; positive_reward_count: 1; success_count: 0; episode_count: 9; best_tax_advantage: 5.35; avg_entropy: 2.742596361786127; random_exploration_count: 18; saved_snapshots: 0; random_action_prob: 0.1751
enter_straddle -0.014848484848484849 33
realize_gain -0.010833333333333334 36
realize_loss 0.1632258064516129 31
invest -0.002142857142857143 28
update_start: 72; random_action_prob: 0.1743
update_complete: 72; loss: -0.03911048670609792; cumulative_reward: 4.70000000000001; invalid_count: 0; positive_reward_count: 2; success_count: 0; episode_count: 9; best_tax_advantage: 6.17; avg_entropy: 2.6809005104005337; random_exploration_count: 19; saved_snapshots: 0; random_action_prob: 0.1743
enter_straddle -0.01542857142857143 35
realize_gain -0.012499999999999999 24
realize_loss 0.15916666666666668 36
invest -0.005757575757575757 33
update_start: 73; random_action_prob: 0.1734
update_complete: 73; loss: 2.6614222526550293; cumulative_reward: 29.369999999999973; invalid_count: 0; positive_reward_count: 3; success_count: 0; episode_count: 9; best_tax_advantage: 27.08; avg_entropy: 2.6736108735203743; random_exploration_count: 18; saved_snapshots: 0; random_action_prob: 0.1734
enter_straddle -0.013125 32
realize_gain -0.008947368421052633 38
realize_loss 0.818108108108108 37
invest -0.006666666666666667 21
update_start: 74; random_action_prob: 0.1725
update_complete: 74; loss: 0.8464584350585938; cumulative_reward: 10.940000000000033; invalid_count: 0; positive_reward_count: 3; success_count: 0; episode_count: 9; best_tax_advantage: 12.92; avg_entropy: 2.7831040639430285; random_exploration_count: 37; saved_snapshots: 0; random_action_prob: 0.1725
enter_straddle -0.016052631578947367 38
realize_gain -0.2968292682926829 41
realize_loss 0.958 25
invest -0.009583333333333334 24
update_start: 75; random_action_prob: 0.1717
update_complete: 75; loss: 1.7611255248387654; cumulative_reward: -1.5800000000000036; invalid_count: 0; positive_reward_count: 2; success_count: 0; episode_count: 9; best_tax_advantage: 19.82; avg_entropy: 2.80210514459759; random_exploration_count: 27; saved_snapshots: 0; random_action_prob: 0.1717
enter_straddle -0.014411764705882353 34
realize_gain -0.5652777777777778 36
realize_loss 0.5711764705882354 34
invest -0.006666666666666667 24
update_start: 76; random_action_prob: 0.1708
update_complete: 76; loss: 3.788111925125122; cumulative_reward: 41.27000000000001; invalid_count: 0; positive_reward_count: 5; success_count: 1; episode_count: 9; best_tax_advantage: 35.68; avg_entropy: 2.7197108417749405; random_exploration_count: 17; saved_snapshots: 0; random_action_prob: 0.1708
enter_straddle -0.015 34
realize_gain -0.012571428571428572 35
realize_loss 1.1131578947368421 38
invest -0.0038095238095238095 21
update_start: 77; random_action_prob: 0.1699
update_complete: 77; loss: 0.13534334798653921; cumulative_reward: 9.340000000000007; invalid_count: 0; positive_reward_count: 2; success_count: 0; episode_count: 9; best_tax_advantage: 9.99; avg_entropy: 2.713367026299238; random_exploration_count: 28; saved_snapshots: 0; random_action_prob: 0.1699
enter_straddle -0.011333333333333334 30
realize_gain -0.011212121212121211 33
realize_loss 0.2833333333333334 36
invest -0.005172413793103448 29
update_start: 78; random_action_prob: 0.1691
update_complete: 78; loss: 0.04471708337465922; cumulative_reward: -1.22; invalid_count: 0; positive_reward_count: 4; success_count: 0; episode_count: 9; best_tax_advantage: 7.86; avg_entropy: 2.6937297359108925; random_exploration_count: 19; saved_snapshots: 0; random_action_prob: 0.1691
enter_straddle -0.012333333333333333 30
realize_gain -0.286046511627907 43
realize_loss 0.4656 25
invest -0.006333333333333333 30
update_start: 79; random_action_prob: 0.1683
update_complete: 79; loss: -0.07740231106678645; cumulative_reward: 4.010000000000014; invalid_count: 0; positive_reward_count: 5; success_count: 0; episode_count: 9; best_tax_advantage: 2.76; avg_entropy: 2.7215813929215074; random_exploration_count: 15; saved_snapshots: 0; random_action_prob: 0.1683
enter_straddle -0.010714285714285714 28
realize_gain -0.009333333333333334 30
realize_loss 0.14588235294117646 34
invest -0.010277777777777778 36
update_start: 80; random_action_prob: 0.1674
update_complete: 80; loss: -0.10591799269119899; cumulative_reward: -1.4200000000000008; invalid_count: 0; positive_reward_count: 1; success_count: 0; episode_count: 9; best_tax_advantage: 2.13; avg_entropy: 2.7282034922391176; random_exploration_count: 22; saved_snapshots: 0; random_action_prob: 0.1674
enter_straddle -0.011666666666666665 30
realize_gain -0.06428571428571428 42
realize_loss 0.059032258064516126 31
invest -0.008 25
update_start: 81; random_action_prob: 0.1666
update_complete: 81; loss: 0.013595287998517355; cumulative_reward: 1.5100000000000018; invalid_count: 0; positive_reward_count: 4; success_count: 0; episode_count: 9; best_tax_advantage: 5.24; avg_entropy: 2.7023637434467673; random_exploration_count: 24; saved_snapshots: 0; random_action_prob: 0.1666
enter_straddle -0.01375 32
realize_gain -0.15105263157894738 38
realize_loss 0.21162162162162163 37
invest -0.006666666666666667 21
update_start: 82; random_action_prob: 0.1657
update_complete: 82; loss: 2.3866662979125977; cumulative_reward: 32.66999999999993; invalid_count: 0; positive_reward_count: 6; success_count: 0; episode_count: 9; best_tax_advantage: 19.82; avg_entropy: 2.751101003959775; random_exploration_count: 21; saved_snapshots: 0; random_action_prob: 0.1657
enter_straddle -0.01074074074074074 27
realize_gain -0.2268292682926829 41
realize_loss 1.3275000000000001 32
invest -0.007857142857142858 28
update_start: 83; random_action_prob: 0.1649
update_complete: 83; loss: 0.10204380750656128; cumulative_reward: 4.590000000000006; invalid_count: 0; positive_reward_count: 3; success_count: 0; episode_count: 9; best_tax_advantage: 6.12; avg_entropy: 2.736612287349999; random_exploration_count: 21; saved_snapshots: 0; random_action_prob: 0.1649
enter_straddle -0.012 30
realize_gain -0.18 35
realize_loss 0.3018421052631579 38
invest -0.0088 25
update_start: 84; random_action_prob: 0.1641
update_complete: 84; loss: 1.719344973564148; cumulative_reward: 18.33999999999995; invalid_count: 0; positive_reward_count: 1; success_count: 0; episode_count: 9; best_tax_advantage: 20.06; avg_entropy: 2.760700434446335; random_exploration_count: 25; saved_snapshots: 0; random_action_prob: 0.1641
enter_straddle -0.013636363636363637 33
realize_gain -0.015 50
realize_loss 0.8977272727272726 22
invest -0.009130434782608695 23
update_start: 85; random_action_prob: 0.1633
update_complete: 85; loss: -0.08804993083079656; cumulative_reward: -1.670000000000001; invalid_count: 0; positive_reward_count: 2; success_count: 0; episode_count: 9; best_tax_advantage: 6.03; avg_entropy: 2.775998095050454; random_exploration_count: 22; saved_snapshots: 0; random_action_prob: 0.1633
enter_straddle -0.013333333333333334 33
realize_gain -0.14297872340425533 47
realize_loss 0.24782608695652178 23
invest -0.0084 25
update_start: 86; random_action_prob: 0.1625
update_complete: 86; loss: 3.474733511606852; cumulative_reward: 29.589999999999982; invalid_count: 0; positive_reward_count: 3; success_count: 1; episode_count: 9; best_tax_advantage: 31.22; avg_entropy: 2.789716794155538; random_exploration_count: 19; saved_snapshots: 0; random_action_prob: 0.1625
enter_straddle -0.013529411764705884 34
realize_gain -0.10027777777777777 36
realize_loss 0.8664102564102564 39
invest -0.006842105263157895 19
update_start: 87; random_action_prob: 0.1616
update_complete: 87; loss: 2.067859411239624; cumulative_reward: 23.13999999999998; invalid_count: 0; positive_reward_count: 4; success_count: 0; episode_count: 9; best_tax_advantage: 21.83; avg_entropy: 2.7458075331524014; random_exploration_count: 15; saved_snapshots: 0; random_action_prob: 0.1616
enter_straddle -0.013225806451612903 31
realize_gain -0.057073170731707326 41
realize_loss 0.842258064516129 31
invest -0.0088 25
update_start: 88; random_action_prob: 0.1608
update_complete: 88; loss: -0.011460247139135996; cumulative_reward: 0.02000000000000065; invalid_count: 0; positive_reward_count: 2; success_count: 0; episode_count: 9; best_tax_advantage: 8.92; avg_entropy: 2.545894649811089; random_exploration_count: 20; saved_snapshots: 0; random_action_prob: 0.1608
enter_straddle -0.01161290322580645 31
realize_gain -0.2558139534883721 43
realize_loss 0.32571428571428573 35
invest -0.0010526315789473684 19
update_start: 89; random_action_prob: 0.1600
update_complete: 89; loss: 6.009332180023193; cumulative_reward: 60.51999999999999; invalid_count: 0; positive_reward_count: 6; success_count: 1; episode_count: 9; best_tax_advantage: 35.32; avg_entropy: 2.730966366827488; random_exploration_count: 22; saved_snapshots: 0; random_action_prob: 0.1600
enter_straddle -0.012 30
realize_gain -0.014166666666666668 36
realize_loss 2.12 29
invest -0.002727272727272727 33
update_start: 90; random_action_prob: 0.1592
update_complete: 90; loss: 1.4281495014826457; cumulative_reward: 25.230000000000018; invalid_count: 0; positive_reward_count: 5; success_count: 0; episode_count: 9; best_tax_advantage: 15.14; avg_entropy: 2.728353103622794; random_exploration_count: 21; saved_snapshots: 0; random_action_prob: 0.1592
enter_straddle -0.01107142857142857 28
realize_gain -0.02069767441860465 43
realize_loss 0.8600000000000001 31
invest -0.008846153846153847 26
update_start: 91; random_action_prob: 0.1584
update_complete: 91; loss: 6.215418179829915; cumulative_reward: 64.29999999999997; invalid_count: 0; positive_reward_count: 10; success_count: 1; episode_count: 9; best_tax_advantage: 35.68; avg_entropy: 2.5743174673989415; random_exploration_count: 17; saved_snapshots: 0; random_action_prob: 0.1584
enter_straddle -0.01074074074074074 27
realize_gain -0.4337209302325582 43
realize_loss 2.778 30
invest -0.0035714285714285718 28
update_start: 92; random_action_prob: 0.1576
update_complete: 92; loss: 0.03782487163941065; cumulative_reward: -1.0800000000000007; invalid_count: 0; positive_reward_count: 0; success_count: 0; episode_count: 9; best_tax_advantage: 0.0; avg_entropy: 2.471634838730097; random_exploration_count: 19; saved_snapshots: 0; random_action_prob: 0.1576
enter_straddle -0.01107142857142857 28
realize_gain -0.008541666666666668 48
realize_loss -0.01064516129032258 31
invest -0.0014285714285714286 21
update_start: 93; random_action_prob: 0.1569
update_complete: 93; loss: 2.0303000609079995; cumulative_reward: 22.249999999999964; invalid_count: 0; positive_reward_count: 2; success_count: 0; episode_count: 9; best_tax_advantage: 23.55; avg_entropy: 2.531313005834818; random_exploration_count: 14; saved_snapshots: 0; random_action_prob: 0.1569
enter_straddle -0.013548387096774193 31
realize_gain -0.30048780487804877 41
realize_loss 1.000857142857143 35
invest -0.0019047619047619048 21
update_start: 94; random_action_prob: 0.1561
update_complete: 94; loss: 0.34918634096781415; cumulative_reward: -1.4300000000000006; invalid_count: 0; positive_reward_count: 2; success_count: 0; episode_count: 9; best_tax_advantage: 11.56; avg_entropy: 2.6596695743501186; random_exploration_count: 14; saved_snapshots: 0; random_action_prob: 0.1561
enter_straddle -0.014242424242424244 33
realize_gain -0.27431818181818185 44
realize_loss 0.35125 32
invest -0.006842105263157895 19
update_start: 95; random_action_prob: 0.1553
update_complete: 95; loss: 1.518110990524292; cumulative_reward: 16.59999999999996; invalid_count: 0; positive_reward_count: 2; success_count: 0; episode_count: 9; best_tax_advantage: 18.7; avg_entropy: 2.9031574465334415; random_exploration_count: 21; saved_snapshots: 0; random_action_prob: 0.1553
enter_straddle -0.016756756756756756 37
realize_gain -0.020731707317073172 41
realize_loss 0.6744444444444445 27
invest -0.006086956521739131 23
update_start: 96; random_action_prob: 0.1545
update_complete: 96; loss: 4.983773390452067; cumulative_reward: 51.380000000000024; invalid_count: 0; positive_reward_count: 3; success_count: 1; episode_count: 9; best_tax_advantage: 37.0; avg_entropy: 2.7387529760599136; random_exploration_count: 14; saved_snapshots: 0; random_action_prob: 0.1545
enter_straddle -0.011666666666666665 30
realize_gain -0.010612244897959184 49
realize_loss 2.1845833333333333 24
invest -0.0072 25
update_start: 97; random_action_prob: 0.1537
update_complete: 97; loss: 1.3938510815302532; cumulative_reward: 16.009999999999998; invalid_count: 0; positive_reward_count: 9; success_count: 0; episode_count: 9; best_tax_advantage: 17.99; avg_entropy: 2.794887028634548; random_exploration_count: 18; saved_snapshots: 0; random_action_prob: 0.1537
enter_straddle -0.013529411764705884 34
realize_gain -0.5306976744186046 43
realize_loss 1.3156666666666665 30
invest -0.008571428571428572 21
update_start: 98; random_action_prob: 0.1530
update_complete: 98; loss: 3.3171513080596924; cumulative_reward: 41.15999999999994; invalid_count: 0; positive_reward_count: 11; success_count: 0; episode_count: 9; best_tax_advantage: 25.72; avg_entropy: 2.633648421615362; random_exploration_count: 21; saved_snapshots: 0; random_action_prob: 0.1530
enter_straddle -0.013125 32
realize_gain -0.676875 32
realize_loss 1.5448780487804878 41
invest -0.004347826086956522 23
update_start: 99; random_action_prob: 0.1522
update_complete: 99; loss: 2.139848232269287; cumulative_reward: 23.35999999999997; invalid_count: 0; positive_reward_count: 5; success_count: 0; episode_count: 9; best_tax_advantage: 25.0; avg_entropy: 2.675059862434864; random_exploration_count: 18; saved_snapshots: 0; random_action_prob: 0.1522
enter_straddle -0.012 30
realize_gain -1.286388888888889 36
realize_loss 1.9491666666666667 36
invest -0.005384615384615384 26
2026-07-10T17:21:26 completed straddle_abuse run=3 elapsed_seconds=854.20 updates_logged=100
2026-07-10T17:21:26 running straddle_abuse run=4 seed=1733
update_start: 0; random_action_prob: 0.2500
update_complete: 0; loss: -0.13754632075627646; cumulative_reward: -2.269999999999999; invalid_count: 0; positive_reward_count: 1; success_count: 0; episode_count: 9; best_tax_advantage: 3.35; avg_entropy: 2.9758037496358156; random_exploration_count: 30; saved_snapshots: 0; random_action_prob: 0.2500
enter_straddle -0.017249999999999998 40
realize_gain -0.12058823529411766 34
realize_loss 0.09000000000000001 30
invest -0.0075 24
update_start: 1; random_action_prob: 0.2487
update_complete: 1; loss: 0.0241529643535614; cumulative_reward: 4.83; invalid_count: 0; positive_reward_count: 1; success_count: 0; episode_count: 9; best_tax_advantage: 7.2; avg_entropy: 2.993126552551985; random_exploration_count: 28; saved_snapshots: 0; random_action_prob: 0.2487
enter_straddle -0.017142857142857144 42
realize_gain -0.022758620689655173 29
realize_loss 0.17486486486486488 37
invest -0.013000000000000001 20
update_start: 2; random_action_prob: 0.2475
update_complete: 2; loss: 0.6987218658129374; cumulative_reward: -0.9500000000000064; invalid_count: 0; positive_reward_count: 4; success_count: 0; episode_count: 9; best_tax_advantage: 19.33; avg_entropy: 2.8584210481494665; random_exploration_count: 36; saved_snapshots: 0; random_action_prob: 0.2475
enter_straddle -0.015277777777777779 36
realize_gain -0.6405555555555557 36
realize_loss 0.6723529411764706 34
invest -0.009090909090909092 22
update_start: 3; random_action_prob: 0.2463
update_complete: 3; loss: -0.13976235191027322; cumulative_reward: -2.010000000000001; invalid_count: 0; positive_reward_count: 0; success_count: 0; episode_count: 9; best_tax_advantage: 0.0; avg_entropy: 2.8301608376204967; random_exploration_count: 30; saved_snapshots: 0; random_action_prob: 0.2463
enter_straddle -0.018095238095238095 42
realize_gain -0.015806451612903224 31
realize_loss -0.015333333333333334 30
invest -0.012 25
update_start: 4; random_action_prob: 0.2450
update_complete: 4; loss: -0.002067123850186666; cumulative_reward: 3.4300000000000037; invalid_count: 0; positive_reward_count: 2; success_count: 0; episode_count: 9; best_tax_advantage: 5.73; avg_entropy: 2.8990617729723454; random_exploration_count: 29; saved_snapshots: 0; random_action_prob: 0.2450
enter_straddle -0.016153846153846154 39
realize_gain -0.1253125 32
realize_loss 0.2745161290322581 31
invest -0.016923076923076923 26
update_start: 5; random_action_prob: 0.2438
update_complete: 5; loss: -0.10435846447944641; cumulative_reward: -2.04; invalid_count: 0; positive_reward_count: 1; success_count: 0; episode_count: 9; best_tax_advantage: 7.81; avg_entropy: 2.8728756923228502; random_exploration_count: 35; saved_snapshots: 0; random_action_prob: 0.2438
enter_straddle -0.015000000000000001 36
realize_gain -0.34708333333333335 24
realize_loss 0.16833333333333333 42
invest -0.00923076923076923 26
update_start: 6; random_action_prob: 0.2426
update_complete: 6; loss: 0.35763442516326904; cumulative_reward: 10.520000000000021; invalid_count: 0; positive_reward_count: 5; success_count: 0; episode_count: 9; best_tax_advantage: 11.04; avg_entropy: 2.9309647046029568; random_exploration_count: 31; saved_snapshots: 0; random_action_prob: 0.2426
enter_straddle -0.016578947368421054 38
realize_gain -0.2673076923076923 26
realize_loss 0.45975 40
invest -0.012083333333333333 24
update_start: 7; random_action_prob: 0.2414
update_complete: 7; loss: -0.13544030984242758; cumulative_reward: -2.1200000000000006; invalid_count: 0; positive_reward_count: 0; success_count: 0; episode_count: 9; best_tax_advantage: 0.0; avg_entropy: 2.8226755019277334; random_exploration_count: 25; saved_snapshots: 0; random_action_prob: 0.2414
enter_straddle -0.017674418604651163 43
realize_gain -0.022 20
realize_loss -0.016666666666666666 39
invest -0.010384615384615384 26
update_start: 8; random_action_prob: 0.2402
update_complete: 8; loss: 1.6124941507975261; cumulative_reward: 15.999999999999975; invalid_count: 0; positive_reward_count: 1; success_count: 0; episode_count: 9; best_tax_advantage: 18.39; avg_entropy: 3.017314976081252; random_exploration_count: 30; saved_snapshots: 0; random_action_prob: 0.2402
enter_straddle -0.01675 40
realize_gain -0.02148148148148148 27
realize_loss 0.5031428571428572 35
invest -0.013846153846153845 26
update_start: 9; random_action_prob: 0.2390
update_complete: 9; loss: 3.6032082239786782; cumulative_reward: 40.79999999999996; invalid_count: 0; positive_reward_count: 3; success_count: 1; episode_count: 9; best_tax_advantage: 37.0; avg_entropy: 2.8908864948898554; random_exploration_count: 31; saved_snapshots: 0; random_action_prob: 0.2390
enter_straddle -0.016578947368421054 38
realize_gain -0.09548387096774195 31
realize_loss 1.4926666666666668 30
invest -0.013448275862068966 29
update_start: 10; random_action_prob: 0.2378
update_complete: 10; loss: -0.07490920772155125; cumulative_reward: 3.6400000000000063; invalid_count: 0; positive_reward_count: 4; success_count: 0; episode_count: 9; best_tax_advantage: 3.47; avg_entropy: 2.8139443565160036; random_exploration_count: 22; saved_snapshots: 0; random_action_prob: 0.2378
enter_straddle -0.012903225806451613 31
realize_gain -0.1 39
realize_loss 0.2515625 32
invest -0.004230769230769231 26
update_start: 11; random_action_prob: 0.2366
update_complete: 11; loss: -0.11600567897160848; cumulative_reward: -1.5100000000000011; invalid_count: 0; positive_reward_count: 0; success_count: 0; episode_count: 9; best_tax_advantage: 0.0; avg_entropy: 2.7808160223066807; random_exploration_count: 36; saved_snapshots: 0; random_action_prob: 0.2366
enter_straddle -0.0128125 32
realize_gain -0.015416666666666667 24
realize_loss -0.013170731707317074 41
invest -0.006129032258064516 31
update_start: 12; random_action_prob: 0.2354
update_complete: 12; loss: -0.13246253629525503; cumulative_reward: -2.3000000000000007; invalid_count: 0; positive_reward_count: 0; success_count: 0; episode_count: 9; best_tax_advantage: 0.0; avg_entropy: 2.8546701911836863; random_exploration_count: 38; saved_snapshots: 0; random_action_prob: 0.2354
enter_straddle -0.018636363636363635 44
realize_gain -0.019393939393939394 33
realize_loss -0.02258064516129032 31
invest -0.007000000000000001 20
update_start: 13; random_action_prob: 0.2342
update_complete: 13; loss: -0.0731695219874382; cumulative_reward: 2.53; invalid_count: 0; positive_reward_count: 3; success_count: 0; episode_count: 9; best_tax_advantage: 3.47; avg_entropy: 2.6564226895570755; random_exploration_count: 30; saved_snapshots: 0; random_action_prob: 0.2342
enter_straddle -0.010384615384615384 26
realize_gain -0.033125 32
realize_loss 0.09333333333333334 42
invest -0.002142857142857143 28
update_start: 14; random_action_prob: 0.2331
update_complete: 14; loss: 1.3061432441075642; cumulative_reward: 12.670000000000051; invalid_count: 0; positive_reward_count: 3; success_count: 0; episode_count: 9; best_tax_advantage: 15.42; avg_entropy: 2.984768785536289; random_exploration_count: 26; saved_snapshots: 0; random_action_prob: 0.2331
enter_straddle -0.01911111111111111 45
realize_gain -0.29 37
realize_loss 0.7396969696969697 33
invest -0.011538461538461537 13
update_start: 15; random_action_prob: 0.2319
update_complete: 15; loss: -0.1401685575644175; cumulative_reward: -2.1800000000000015; invalid_count: 0; positive_reward_count: 0; success_count: 0; episode_count: 9; best_tax_advantage: 0.0; avg_entropy: 2.950366135686636; random_exploration_count: 35; saved_snapshots: 0; random_action_prob: 0.2319
enter_straddle -0.01675 40
realize_gain -0.018799999999999997 25
realize_loss -0.021136363636363637 44
invest -0.005789473684210527 19
update_start: 16; random_action_prob: 0.2307
update_complete: 16; loss: 5.10249121983846; cumulative_reward: 45.90999999999994; invalid_count: 0; positive_reward_count: 2; success_count: 0; episode_count: 9; best_tax_advantage: 26.91; avg_entropy: 2.801726261153817; random_exploration_count: 28; saved_snapshots: 0; random_action_prob: 0.2307
enter_straddle -0.014722222222222223 36
realize_gain -0.017 20
realize_loss 0.9571428571428571 49
invest -0.005217391304347826 23
update_start: 17; random_action_prob: 0.2296
update_complete: 17; loss: 0.18698280056317648; cumulative_reward: -1.0099999999999978; invalid_count: 0; positive_reward_count: 4; success_count: 0; episode_count: 9; best_tax_advantage: 9.91; avg_entropy: 2.6989426594227552; random_exploration_count: 31; saved_snapshots: 0; random_action_prob: 0.2296
enter_straddle -0.00923076923076923 26
realize_gain -0.7081818181818182 33
realize_loss 0.540952380952381 42
invest -0.0044444444444444444 27
update_start: 18; random_action_prob: 0.2284
update_complete: 18; loss: 0.9618442058563232; cumulative_reward: -1.6999999999999968; invalid_count: 0; positive_reward_count: 4; success_count: 0; episode_count: 9; best_tax_advantage: 18.5; avg_entropy: 2.8477171938866377; random_exploration_count: 25; saved_snapshots: 0; random_action_prob: 0.2284
enter_straddle -0.015405405405405404 37
realize_gain -1.3986956521739131 23
realize_loss 0.7411904761904763 42
invest -0.003461538461538461 26
update_start: 19; random_action_prob: 0.2273
update_complete: 19; loss: 2.7001890341440835; cumulative_reward: 21.189999999999994; invalid_count: 0; positive_reward_count: 3; success_count: 0; episode_count: 9; best_tax_advantage: 22.75; avg_entropy: 2.8192929113283753; random_exploration_count: 30; saved_snapshots: 0; random_action_prob: 0.2273
enter_straddle -0.013714285714285714 35
realize_gain -0.3835483870967742 31
realize_loss 0.9654285714285714 35
invest -0.008518518518518519 27
update_start: 20; random_action_prob: 0.2262
update_complete: 20; loss: -0.1416769673426946; cumulative_reward: -1.7600000000000013; invalid_count: 0; positive_reward_count: 1; success_count: 0; episode_count: 9; best_tax_advantage: 1.7; avg_entropy: 2.9872915223240852; random_exploration_count: 35; saved_snapshots: 0; random_action_prob: 0.2262
enter_straddle -0.0134375 32
realize_gain -0.06399999999999999 35
realize_loss 0.026341463414634142 41
invest -0.0085 20
update_start: 21; random_action_prob: 0.2250
update_complete: 21; loss: 0.7185403903325399; cumulative_reward: 16.030000000000005; invalid_count: 0; positive_reward_count: 4; success_count: 0; episode_count: 9; best_tax_advantage: 13.15; avg_entropy: 2.842361924238503; random_exploration_count: 29; saved_snapshots: 0; random_action_prob: 0.2250
enter_straddle -0.015294117647058824 34
realize_gain -0.0175 32
realize_loss 0.4542105263157895 38
invest -0.0062499999999999995 24
update_start: 22; random_action_prob: 0.2239
update_complete: 22; loss: -0.1360020488500595; cumulative_reward: -1.7300000000000009; invalid_count: 0; positive_reward_count: 0; success_count: 0; episode_count: 9; best_tax_advantage: 0.0; avg_entropy: 2.7475131936371326; random_exploration_count: 28; saved_snapshots: 0; random_action_prob: 0.2239
enter_straddle -0.016842105263157894 38
realize_gain -0.014444444444444446 27
realize_loss -0.016363636363636365 33
invest -0.005333333333333333 30
update_start: 23; random_action_prob: 0.2228
update_complete: 23; loss: -0.09383055816094081; cumulative_reward: 2.990000000000001; invalid_count: 0; positive_reward_count: 2; success_count: 0; episode_count: 9; best_tax_advantage: 3.31; avg_entropy: 2.7240299582481384; random_exploration_count: 30; saved_snapshots: 0; random_action_prob: 0.2228
enter_straddle -0.013333333333333334 33
realize_gain -0.010909090909090908 33
realize_loss 0.0911904761904762 42
invest -0.002 20
update_start: 24; random_action_prob: 0.2217
update_complete: 24; loss: -0.15807700157165527; cumulative_reward: -2.0200000000000014; invalid_count: 0; positive_reward_count: 0; success_count: 0; episode_count: 9; best_tax_advantage: 0.0; avg_entropy: 2.935128603130579; random_exploration_count: 27; saved_snapshots: 0; random_action_prob: 0.2217
enter_straddle -0.014411764705882353 34
realize_gain -0.018214285714285714 28
realize_loss -0.0185 40
invest -0.01076923076923077 26
update_start: 25; random_action_prob: 0.2206
update_complete: 25; loss: 0.4355209668477376; cumulative_reward: 13.440000000000012; invalid_count: 0; positive_reward_count: 6; success_count: 0; episode_count: 9; best_tax_advantage: 10.36; avg_entropy: 2.79665173497051; random_exploration_count: 33; saved_snapshots: 0; random_action_prob: 0.2206
enter_straddle -0.012941176470588235 34
realize_gain -0.47406249999999994 32
realize_loss 0.6938095238095239 42
invest -0.0045 20
update_start: 26; random_action_prob: 0.2195
update_complete: 26; loss: 3.1666483879089355; cumulative_reward: 28.529999999999994; invalid_count: 0; positive_reward_count: 7; success_count: 1; episode_count: 9; best_tax_advantage: 30.39; avg_entropy: 2.8339961441233754; random_exploration_count: 29; saved_snapshots: 0; random_action_prob: 0.2195
enter_straddle -0.015142857142857144 35
realize_gain -0.9944444444444445 27
realize_loss 1.2750000000000001 44
invest -0.008636363636363636 22
update_start: 27; random_action_prob: 0.2184
update_complete: 27; loss: 0.8878866036732992; cumulative_reward: 12.870000000000035; invalid_count: 0; positive_reward_count: 1; success_count: 0; episode_count: 9; best_tax_advantage: 14.82; avg_entropy: 2.77290384657681; random_exploration_count: 25; saved_snapshots: 0; random_action_prob: 0.2184
enter_straddle -0.01631578947368421 38
realize_gain -0.0176 25
realize_loss 0.31931818181818183 44
invest -0.005714285714285714 21
update_start: 28; random_action_prob: 0.2173
update_complete: 28; loss: -0.10061082740624745; cumulative_reward: -1.3600000000000008; invalid_count: 0; positive_reward_count: 0; success_count: 0; episode_count: 9; best_tax_advantage: 0.0; avg_entropy: 2.736433010548353; random_exploration_count: 32; saved_snapshots: 0; random_action_prob: 0.2173
enter_straddle -0.013548387096774193 31
realize_gain -0.012666666666666666 30
realize_loss -0.00909090909090909 33
invest -0.007647058823529412 34
update_start: 29; random_action_prob: 0.2162
update_complete: 29; loss: 0.4149750272432963; cumulative_reward: -0.5699999999999994; invalid_count: 0; positive_reward_count: 3; success_count: 0; episode_count: 9; best_tax_advantage: 12.39; avg_entropy: 2.9895143769681454; random_exploration_count: 20; saved_snapshots: 0; random_action_prob: 0.2162
enter_straddle -0.014 35
realize_gain -0.4518181818181819 33
realize_loss 0.35880952380952386 42
invest -0.013333333333333332 18
update_start: 30; random_action_prob: 0.2151
update_complete: 30; loss: 0.18985651433467865; cumulative_reward: 7.030000000000003; invalid_count: 0; positive_reward_count: 3; success_count: 0; episode_count: 9; best_tax_advantage: 8.88; avg_entropy: 2.854063299484551; random_exploration_count: 22; saved_snapshots: 0; random_action_prob: 0.2151
enter_straddle -0.015555555555555557 36
realize_gain -0.13033333333333333 30
realize_loss 0.26500000000000007 44
invest -0.008888888888888889 18
update_start: 31; random_action_prob: 0.2140
update_complete: 31; loss: -0.11066989103953044; cumulative_reward: -0.35000000000000053; invalid_count: 0; positive_reward_count: 4; success_count: 0; episode_count: 9; best_tax_advantage: 2.26; avg_entropy: 2.7150552459061146; random_exploration_count: 28; saved_snapshots: 0; random_action_prob: 0.2140
enter_straddle -0.014285714285714285 35
realize_gain -0.09357142857142856 28
realize_loss 0.07999999999999999 37
invest -0.0067857142857142855 28
update_start: 32; random_action_prob: 0.2130
update_complete: 32; loss: -0.14258438348770142; cumulative_reward: -1.680000000000001; invalid_count: 0; positive_reward_count: 0; success_count: 0; episode_count: 9; best_tax_advantage: 0.0; avg_entropy: 2.9314074646681547; random_exploration_count: 24; saved_snapshots: 0; random_action_prob: 0.2130
enter_straddle -0.01375 32
realize_gain -0.013548387096774193 31
realize_loss -0.013076923076923078 39
invest -0.011923076923076923 26
update_start: 33; random_action_prob: 0.2119
update_complete: 33; loss: -0.12188671032587688; cumulative_reward: 0.15999999999999887; invalid_count: 0; positive_reward_count: 1; success_count: 0; episode_count: 9; best_tax_advantage: 2.1; avg_entropy: 2.921303467825055; random_exploration_count: 27; saved_snapshots: 0; random_action_prob: 0.2119
enter_straddle -0.015263157894736841 38
realize_gain -0.0165625 32
realize_loss 0.033902439024390246 41
invest -0.007058823529411764 17
update_start: 34; random_action_prob: 0.2108
update_complete: 34; loss: 0.6353771487871805; cumulative_reward: 20.7; invalid_count: 0; positive_reward_count: 4; success_count: 0; episode_count: 9; best_tax_advantage: 11.9; avg_entropy: 2.842629011720419; random_exploration_count: 32; saved_snapshots: 0; random_action_prob: 0.2108
enter_straddle -0.016285714285714285 35
realize_gain -0.3796551724137931 29
realize_loss 0.9044444444444445 36
invest -0.01 28
update_start: 35; random_action_prob: 0.2098
update_complete: 35; loss: 1.4186174869537354; cumulative_reward: 19.820000000000018; invalid_count: 0; positive_reward_count: 3; success_count: 0; episode_count: 9; best_tax_advantage: 21.4; avg_entropy: 2.775706279091537; random_exploration_count: 36; saved_snapshots: 0; random_action_prob: 0.2098
enter_straddle -0.014242424242424244 33
realize_gain -0.35470588235294115 34
realize_loss 0.9881818181818182 33
invest -0.009285714285714286 28
update_start: 36; random_action_prob: 0.2087
update_complete: 36; loss: 0.939281185468038; cumulative_reward: 15.999999999999991; invalid_count: 0; positive_reward_count: 1; success_count: 0; episode_count: 9; best_tax_advantage: 17.66; avg_entropy: 2.7301275404170156; random_exploration_count: 30; saved_snapshots: 0; random_action_prob: 0.2087
enter_straddle -0.015897435897435898 39
realize_gain -0.010384615384615384 26
realize_loss 0.4594594594594595 37
invest -0.004230769230769231 26
update_start: 37; random_action_prob: 0.2077
update_complete: 37; loss: 2.0278685490290322; cumulative_reward: 27.83999999999997; invalid_count: 0; positive_reward_count: 7; success_count: 0; episode_count: 9; best_tax_advantage: 21.01; avg_entropy: 2.96236202865839; random_exploration_count: 25; saved_snapshots: 0; random_action_prob: 0.2077
enter_straddle -0.014545454545454545 33
realize_gain -0.1297297297297297 37
realize_loss 0.791904761904762 42
invest -0.00875 16
update_start: 38; random_action_prob: 0.2066
update_complete: 38; loss: -0.11272278179725011; cumulative_reward: -1.8400000000000014; invalid_count: 0; positive_reward_count: 0; success_count: 0; episode_count: 9; best_tax_advantage: 0.0; avg_entropy: 2.8399924095720053; random_exploration_count: 28; saved_snapshots: 0; random_action_prob: 0.2066
enter_straddle -0.01393939393939394 33
realize_gain -0.01611111111111111 36
realize_loss -0.015588235294117648 34
invest -0.0108 25
update_start: 39; random_action_prob: 0.2056
update_complete: 39; loss: -0.08985697229703267; cumulative_reward: 1.7200000000000066; invalid_count: 0; positive_reward_count: 2; success_count: 0; episode_count: 9; best_tax_advantage: 3.0; avg_entropy: 2.822832716628909; random_exploration_count: 23; saved_snapshots: 0; random_action_prob: 0.2056
enter_straddle -0.011666666666666665 30
realize_gain -0.00823529411764706 34
realize_loss 0.06710526315789474 38
invest -0.007692307692307693 26
update_start: 40; random_action_prob: 0.2046
update_complete: 40; loss: -0.12870450566212335; cumulative_reward: -1.9700000000000013; invalid_count: 0; positive_reward_count: 0; success_count: 0; episode_count: 9; best_tax_advantage: 0.0; avg_entropy: 2.863803131505847; random_exploration_count: 31; saved_snapshots: 0; random_action_prob: 0.2046
enter_straddle -0.015789473684210527 38
realize_gain -0.016875 32
realize_loss -0.017499999999999998 40
invest -0.007222222222222223 18
update_start: 41; random_action_prob: 0.2036
update_complete: 41; loss: 0.6853326956431071; cumulative_reward: 0.48999999999999866; invalid_count: 0; positive_reward_count: 5; success_count: 0; episode_count: 9; best_tax_advantage: 19.82; avg_entropy: 2.67173479963094; random_exploration_count: 34; saved_snapshots: 0; random_action_prob: 0.2036
enter_straddle -0.012580645161290323 31
realize_gain -0.624 30
realize_loss 0.5628571428571428 35
invest -0.003125 32
update_start: 42; random_action_prob: 0.2025
update_complete: 42; loss: -0.1425105333328247; cumulative_reward: -0.5800000000000005; invalid_count: 0; positive_reward_count: 1; success_count: 0; episode_count: 9; best_tax_advantage: 1.0; avg_entropy: 2.724799759685993; random_exploration_count: 30; saved_snapshots: 0; random_action_prob: 0.2025
enter_straddle -0.014117647058823528 34
realize_gain -0.011785714285714287 28
realize_loss 0.009024390243902438 41
invest -0.005600000000000001 25
update_start: 43; random_action_prob: 0.2015
update_complete: 43; loss: 3.8369455337524414; cumulative_reward: 27.879999999999967; invalid_count: 0; positive_reward_count: 2; success_count: 0; episode_count: 9; best_tax_advantage: 29.73; avg_entropy: 2.8401622138917446; random_exploration_count: 29; saved_snapshots: 0; random_action_prob: 0.2015
enter_straddle -0.014848484848484849 33
realize_gain -0.014411764705882398 34
realize_loss 0.7872972972972974 37
invest -0.011250000000000001 24
update_start: 44; random_action_prob: 0.2005
update_complete: 44; loss: -0.13158326844374338; cumulative_reward: -1.9100000000000015; invalid_count: 0; positive_reward_count: 0; success_count: 0; episode_count: 9; best_tax_advantage: 0.0; avg_entropy: 2.7254043770954013; random_exploration_count: 28; saved_snapshots: 0; random_action_prob: 0.2005
enter_straddle -0.017619047619047618 42
realize_gain -0.014074074074074074 27
realize_loss -0.0165 40
invest -0.006842105263157895 19
update_start: 45; random_action_prob: 0.1995
update_complete: 45; loss: 0.5385748346646627; cumulative_reward: 11.240000000000002; invalid_count: 0; positive_reward_count: 2; success_count: 0; episode_count: 9; best_tax_advantage: 11.9; avg_entropy: 2.805344020947814; random_exploration_count: 21; saved_snapshots: 0; random_action_prob: 0.1995
enter_straddle -0.015588235294117648 34
realize_gain -0.333448275862069 29
realize_loss 0.6019444444444445 36
invest -0.007931034482758621 29
update_start: 46; random_action_prob: 0.1985
update_complete: 46; loss: -0.13200226426124573; cumulative_reward: -1.5600000000000012; invalid_count: 0; positive_reward_count: 0; success_count: 0; episode_count: 9; best_tax_advantage: 0.0; avg_entropy: 2.810302197933197; random_exploration_count: 30; saved_snapshots: 0; random_action_prob: 0.1985
enter_straddle -0.016486486486486485 37
realize_gain -0.012352941176470587 34
realize_loss -0.013142857142857144 35
invest -0.003181818181818182 22
update_start: 47; random_action_prob: 0.1975
update_complete: 47; loss: -0.11197111507256825; cumulative_reward: 2.7900000000000027; invalid_count: 0; positive_reward_count: 3; success_count: 0; episode_count: 9; best_tax_advantage: 2.49; avg_entropy: 2.851303793489933; random_exploration_count: 25; saved_snapshots: 0; random_action_prob: 0.1975
enter_straddle -0.015 34
realize_gain -0.08243243243243242 37
realize_loss 0.17540540540540542 37
invest -0.007000000000000001 20
update_start: 48; random_action_prob: 0.1965
update_complete: 48; loss: -0.1115912397702535; cumulative_reward: -0.4900000000000003; invalid_count: 0; positive_reward_count: 6; success_count: 0; episode_count: 9; best_tax_advantage: 3.11; avg_entropy: 2.685483520850539; random_exploration_count: 25; saved_snapshots: 0; random_action_prob: 0.1965
enter_straddle -0.014545454545454545 33
realize_gain -0.11689655172413792 29
realize_loss 0.0954054054054054 37
invest -0.005172413793103448 29
update_start: 49; random_action_prob: 0.1956
update_complete: 49; loss: 4.646680514017741; cumulative_reward: 54.76; invalid_count: 0; positive_reward_count: 5; success_count: 1; episode_count: 9; best_tax_advantage: 32.37; avg_entropy: 2.7439987417310476; random_exploration_count: 23; saved_snapshots: 0; random_action_prob: 0.1956
enter_straddle -0.015000000000000001 36
realize_gain -0.01161290322580645 31
realize_loss 1.743125 32
invest -0.004137931034482759 29
update_start: 50; random_action_prob: 0.1946
update_complete: 50; loss: -0.1383203367392222; cumulative_reward: -1.8400000000000012; invalid_count: 0; positive_reward_count: 0; success_count: 0; episode_count: 9; best_tax_advantage: 0.0; avg_entropy: 2.826446727849543; random_exploration_count: 32; saved_snapshots: 0; random_action_prob: 0.1946
enter_straddle -0.01542857142857143 35
realize_gain -0.016428571428571428 28
realize_loss -0.016666666666666666 42
invest -0.006086956521739131 23
update_start: 51; random_action_prob: 0.1936
update_complete: 51; loss: 0.4195593198140462; cumulative_reward: 11.070000000000007; invalid_count: 0; positive_reward_count: 2; success_count: 0; episode_count: 9; best_tax_advantage: 10.93; avg_entropy: 2.9126775357872248; random_exploration_count: 24; saved_snapshots: 0; random_action_prob: 0.1936
enter_straddle -0.014411764705882353 34
realize_gain -0.01657142857142857 35
realize_loss 0.3252631578947368 38
invest -0.010476190476190476 21
update_start: 52; random_action_prob: 0.1926
update_complete: 52; loss: 1.863258679707845; cumulative_reward: 18.109999999999957; invalid_count: 0; positive_reward_count: 8; success_count: 0; episode_count: 9; best_tax_advantage: 19.61; avg_entropy: 2.73542773257941; random_exploration_count: 25; saved_snapshots: 0; random_action_prob: 0.1926
enter_straddle -0.014857142857142857 35
realize_gain -0.15285714285714286 28
realize_loss 0.6427777777777778 36
invest -0.007931034482758621 29
update_start: 53; random_action_prob: 0.1917
update_complete: 53; loss: 0.613050123055776; cumulative_reward: 17.269999999999975; invalid_count: 0; positive_reward_count: 4; success_count: 0; episode_count: 9; best_tax_advantage: 10.93; avg_entropy: 2.827657474204898; random_exploration_count: 28; saved_snapshots: 0; random_action_prob: 0.1917
enter_straddle -0.01641025641025641 39
realize_gain -0.013714285714285714 35
realize_loss 0.5815625 32
invest -0.01 22
update_start: 54; random_action_prob: 0.1907
update_complete: 54; loss: 1.2079662084579468; cumulative_reward: 11.83000000000002; invalid_count: 0; positive_reward_count: 4; success_count: 0; episode_count: 9; best_tax_advantage: 22.55; avg_entropy: 2.769553106278181; random_exploration_count: 38; saved_snapshots: 0; random_action_prob: 0.1907
enter_straddle -0.01393939393939394 33
realize_gain -0.5437142857142856 35
realize_loss 0.805128205128205 39
invest -0.0038095238095238095 21
update_start: 55; random_action_prob: 0.1898
update_complete: 55; loss: -0.09470933675765991; cumulative_reward: -1.610000000000001; invalid_count: 0; positive_reward_count: 0; success_count: 0; episode_count: 9; best_tax_advantage: 0.0; avg_entropy: 2.666514728218317; random_exploration_count: 17; saved_snapshots: 0; random_action_prob: 0.1898
enter_straddle -0.016857142857142855 35
realize_gain -0.017666666666666667 30
realize_loss -0.011428571428571429 35
invest -0.0032142857142857142 28
update_start: 56; random_action_prob: 0.1888
update_complete: 56; loss: 0.5610934893290201; cumulative_reward: 21.85999999999999; invalid_count: 0; positive_reward_count: 5; success_count: 0; episode_count: 9; best_tax_advantage: 9.66; avg_entropy: 2.689959215000272; random_exploration_count: 25; saved_snapshots: 0; random_action_prob: 0.1888
enter_straddle -0.0134375 32
realize_gain -0.19805555555555554 36
realize_loss 0.7972972972972973 37
invest -0.0034782608695652175 23
update_start: 57; random_action_prob: 0.1879
update_complete: 57; loss: 0.562543789545695; cumulative_reward: 12.150000000000022; invalid_count: 0; positive_reward_count: 1; success_count: 0; episode_count: 9; best_tax_advantage: 13.25; avg_entropy: 2.632877128198743; random_exploration_count: 18; saved_snapshots: 0; random_action_prob: 0.1879
enter_straddle -0.01206896551724138 29
realize_gain -0.008571428571428572 28
realize_loss 0.3597222222222223 36
invest -0.006 35
update_start: 58; random_action_prob: 0.1869
update_complete: 58; loss: 2.2624058723449707; cumulative_reward: 26.309999999999963; invalid_count: 0; positive_reward_count: 3; success_count: 0; episode_count: 9; best_tax_advantage: 26.43; avg_entropy: 2.620118456892669; random_exploration_count: 30; saved_snapshots: 0; random_action_prob: 0.1869
enter_straddle -0.0134375 32
realize_gain -0.07942857142857142 35
realize_loss 0.7066666666666667 42
invest -0.008421052631578947 19
update_start: 59; random_action_prob: 0.1860
update_complete: 59; loss: 0.26756735642751056; cumulative_reward: -1.2499999999999998; invalid_count: 0; positive_reward_count: 4; success_count: 0; episode_count: 9; best_tax_advantage: 14.39; avg_entropy: 2.661519111134112; random_exploration_count: 16; saved_snapshots: 0; random_action_prob: 0.1860
enter_straddle -0.012 30
realize_gain -1.1526923076923077 26
realize_loss 0.7292500000000001 40
invest -0.0028125 32
update_start: 60; random_action_prob: 0.1851
update_complete: 60; loss: -0.06298823157946269; cumulative_reward: -1.370000000000001; invalid_count: 0; positive_reward_count: 0; success_count: 0; episode_count: 9; best_tax_advantage: 0.0; avg_entropy: 2.766052046790719; random_exploration_count: 28; saved_snapshots: 0; random_action_prob: 0.1851
enter_straddle -0.012333333333333333 30
realize_gain -0.011851851851851851 27
realize_loss -0.012857142857142859 42
invest -0.004827586206896552 29
update_start: 61; random_action_prob: 0.1841
update_complete: 61; loss: -0.10322198023398717; cumulative_reward: -1.6200000000000012; invalid_count: 0; positive_reward_count: 0; success_count: 0; episode_count: 9; best_tax_advantage: 0.0; avg_entropy: 2.807184915058315; random_exploration_count: 27; saved_snapshots: 0; random_action_prob: 0.1841
enter_straddle -0.011935483870967743 31
realize_gain -0.014857142857142857 35
realize_loss -0.013658536585365855 41
invest -0.008095238095238096 21
update_start: 62; random_action_prob: 0.1832
update_complete: 62; loss: 0.0007888277371724447; cumulative_reward: -1.5499999999999992; invalid_count: 0; positive_reward_count: 1; success_count: 0; episode_count: 9; best_tax_advantage: 11.9; avg_entropy: 2.607110522687435; random_exploration_count: 24; saved_snapshots: 0; random_action_prob: 0.1832
enter_straddle -0.014571428571428572 35
realize_gain -0.49 25
realize_loss 0.2634883720930233 43
invest -0.0048 25
update_start: 63; random_action_prob: 0.1823
update_complete: 63; loss: -0.008393640319506327; cumulative_reward: 6.110000000000005; invalid_count: 0; positive_reward_count: 5; success_count: 0; episode_count: 9; best_tax_advantage: 4.27; avg_entropy: 2.7514277091249824; random_exploration_count: 22; saved_snapshots: 0; random_action_prob: 0.1823
enter_straddle -0.015555555555555557 36
realize_gain -0.1475 32
realize_loss 0.3225 36
invest -0.009166666666666667 24
update_start: 64; random_action_prob: 0.1814
update_complete: 64; loss: -0.12624900539716086; cumulative_reward: -1.630000000000001; invalid_count: 0; positive_reward_count: 0; success_count: 0; episode_count: 9; best_tax_advantage: 0.0; avg_entropy: 2.703886456787586; random_exploration_count: 22; saved_snapshots: 0; random_action_prob: 0.1814
enter_straddle -0.015277777777777779 36
realize_gain -0.013333333333333334 30
realize_loss -0.014687500000000001 32
invest -0.007 30
update_start: 65; random_action_prob: 0.1805
update_complete: 65; loss: -0.09465753038724263; cumulative_reward: 2.9000000000000004; invalid_count: 0; positive_reward_count: 4; success_count: 0; episode_count: 9; best_tax_advantage: 3.04; avg_entropy: 2.4675169233232737; random_exploration_count: 23; saved_snapshots: 0; random_action_prob: 0.1805
enter_straddle -0.013529411764705884 34
realize_gain -0.00903225806451613 31
realize_loss 0.09538461538461539 39
invest -0.0033333333333333335 24
update_start: 66; random_action_prob: 0.1796
update_complete: 66; loss: 2.952545483907064; cumulative_reward: 27.349999999999977; invalid_count: 0; positive_reward_count: 2; success_count: 0; episode_count: 9; best_tax_advantage: 28.74; avg_entropy: 2.768691862002015; random_exploration_count: 22; saved_snapshots: 0; random_action_prob: 0.1796
enter_straddle -0.0146875 32
realize_gain -0.01206896551724138 29
realize_loss 0.7067499999999999 40
invest -0.003703703703703704 27
update_start: 67; random_action_prob: 0.1787
update_complete: 67; loss: -0.13560422758261362; cumulative_reward: -1.870000000000001; invalid_count: 0; positive_reward_count: 0; success_count: 0; episode_count: 9; best_tax_advantage: 0.0; avg_entropy: 2.817021899856627; random_exploration_count: 21; saved_snapshots: 0; random_action_prob: 0.1787
enter_straddle -0.014687500000000001 32
realize_gain -0.016785714285714286 28
realize_loss -0.017727272727272727 44
invest -0.0062499999999999995 24
update_start: 68; random_action_prob: 0.1778
update_complete: 68; loss: -0.12540333966414133; cumulative_reward: 0.03999999999999914; invalid_count: 0; positive_reward_count: 4; success_count: 0; episode_count: 9; best_tax_advantage: 1.5; avg_entropy: 2.750002075918019; random_exploration_count: 23; saved_snapshots: 0; random_action_prob: 0.1778
enter_straddle -0.014848484848484849 33
realize_gain -0.0103125 32
realize_loss 0.021111111111111112 45
invest -0.005 18
update_start: 69; random_action_prob: 0.1769
update_complete: 69; loss: 0.022959550221761067; cumulative_reward: 7.26000000000001; invalid_count: 0; positive_reward_count: 3; success_count: 0; episode_count: 9; best_tax_advantage: 4.98; avg_entropy: 2.793892592191696; random_exploration_count: 23; saved_snapshots: 0; random_action_prob: 0.1769
enter_straddle -0.01074074074074074 27
realize_gain -0.04967741935483872 31
realize_loss 0.24421052631578952 38
invest -0.0059375 32
update_start: 70; random_action_prob: 0.1760
update_complete: 70; loss: 0.03307643532752991; cumulative_reward: 4.230000000000006; invalid_count: 0; positive_reward_count: 3; success_count: 0; episode_count: 9; best_tax_advantage: 6.09; avg_entropy: 2.702660429291427; random_exploration_count: 29; saved_snapshots: 0; random_action_prob: 0.1760
enter_straddle -0.015555555555555557 36
realize_gain -0.0475 32
realize_loss 0.19484848484848483 33
invest -0.0044444444444444444 27
update_start: 71; random_action_prob: 0.1751
update_complete: 71; loss: 4.605729897816976; cumulative_reward: 34.82000000000001; invalid_count: 0; positive_reward_count: 2; success_count: 1; episode_count: 9; best_tax_advantage: 37.0; avg_entropy: 2.958482326939702; random_exploration_count: 27; saved_snapshots: 0; random_action_prob: 0.1751
enter_straddle -0.015789473684210527 38
realize_gain -0.020625 32
realize_loss 0.9805405405405405 37
invest -0.009523809523809525 21
update_start: 72; random_action_prob: 0.1743
update_complete: 72; loss: -0.009074315428733826; cumulative_reward: 0.18999999999999959; invalid_count: 0; positive_reward_count: 2; success_count: 0; episode_count: 9; best_tax_advantage: 5.17; avg_entropy: 2.6529206298291683; random_exploration_count: 29; saved_snapshots: 0; random_action_prob: 0.1743
enter_straddle -0.0128125 32
realize_gain -0.15714285714285714 35
realize_loss 0.17714285714285716 35
invest -0.0038461538461538464 26
update_start: 73; random_action_prob: 0.1734
update_complete: 73; loss: 1.9844165245691936; cumulative_reward: 24.719999999999967; invalid_count: 0; positive_reward_count: 6; success_count: 0; episode_count: 9; best_tax_advantage: 22.26; avg_entropy: 2.668971683830023; random_exploration_count: 24; saved_snapshots: 0; random_action_prob: 0.1734
enter_straddle -0.01375 32
realize_gain -0.2121052631578947 38
realize_loss 1.111 30
invest -0.003928571428571429 28
update_start: 74; random_action_prob: 0.1725
update_complete: 74; loss: 4.76876163482666; cumulative_reward: 33.88999999999999; invalid_count: 0; positive_reward_count: 5; success_count: 1; episode_count: 9; best_tax_advantage: 34.19; avg_entropy: 2.761943860910833; random_exploration_count: 17; saved_snapshots: 0; random_action_prob: 0.1725
enter_straddle -0.0146875 32
realize_gain -0.6092857142857143 42
realize_loss 1.666111111111111 36
invest -0.0016666666666666666 18
update_start: 75; random_action_prob: 0.1717
update_complete: 75; loss: 0.2858501474062602; cumulative_reward: 5.81; invalid_count: 0; positive_reward_count: 4; success_count: 0; episode_count: 9; best_tax_advantage: 8.05; avg_entropy: 2.627706952393055; random_exploration_count: 17; saved_snapshots: 0; random_action_prob: 0.1717
enter_straddle -0.01413793103448276 29
realize_gain -0.24171428571428574 35
realize_loss 0.44636363636363635 33
invest -0.0016129032258064516 31
update_start: 76; random_action_prob: 0.1708
update_complete: 76; loss: -0.04811786115169525; cumulative_reward: -1.3300000000000007; invalid_count: 0; positive_reward_count: 0; success_count: 0; episode_count: 9; best_tax_advantage: 0.0; avg_entropy: 2.5913421027362347; random_exploration_count: 20; saved_snapshots: 0; random_action_prob: 0.1708
enter_straddle -0.013636363636363637 33
realize_gain -0.011052631578947368 38
realize_loss -0.01138888888888889 36
invest -0.002380952380952381 21
update_start: 77; random_action_prob: 0.1699
update_complete: 77; loss: 0.42453574140866596; cumulative_reward: 11.9; invalid_count: 0; positive_reward_count: 2; success_count: 0; episode_count: 9; best_tax_advantage: 11.0; avg_entropy: 2.668192768469453; random_exploration_count: 23; saved_snapshots: 0; random_action_prob: 0.1699
enter_straddle -0.014516129032258065 31
realize_gain -0.010625 32
realize_loss 0.2974418604651163 43
invest -0.004545454545454546 22
update_start: 78; random_action_prob: 0.1691
update_complete: 78; loss: 2.2059687773386636; cumulative_reward: 21.92; invalid_count: 0; positive_reward_count: 3; success_count: 0; episode_count: 9; best_tax_advantage: 23.38; avg_entropy: 2.888653051108122; random_exploration_count: 26; saved_snapshots: 0; random_action_prob: 0.1691
enter_straddle -0.01393939393939394 33
realize_gain -0.013333333333333332 36
realize_loss 0.6619999999999999 35
invest -0.012916666666666667 24
update_start: 79; random_action_prob: 0.1683
update_complete: 79; loss: 5.95081361134847; cumulative_reward: 33.38999999999995; invalid_count: 0; positive_reward_count: 1; success_count: 1; episode_count: 9; best_tax_advantage: 35.33; avg_entropy: 2.8607030641287565; random_exploration_count: 26; saved_snapshots: 0; random_action_prob: 0.1683
enter_straddle -0.015789473684210527 38
realize_gain -0.01641025641025641 39
realize_loss 1.2006896551724138 29
invest -0.008636363636363636 22
update_start: 80; random_action_prob: 0.1674
update_complete: 80; loss: 0.005669901768366496; cumulative_reward: -1.6300000000000008; invalid_count: 0; positive_reward_count: 0; success_count: 0; episode_count: 9; best_tax_advantage: 0.0; avg_entropy: 2.8668576003983617; random_exploration_count: 23; saved_snapshots: 0; random_action_prob: 0.1674
enter_straddle -0.012903225806451613 31
realize_gain -0.015454545454545455 33
realize_loss -0.013428571428571429 35
invest -0.008620689655172414 29
update_start: 81; random_action_prob: 0.1666
update_complete: 81; loss: 2.072059472401937; cumulative_reward: 0.21999999999999426; invalid_count: 0; positive_reward_count: 1; success_count: 0; episode_count: 9; best_tax_advantage: 25.16; avg_entropy: 2.68629168625921; random_exploration_count: 14; saved_snapshots: 0; random_action_prob: 0.1666
enter_straddle -0.012592592592592593 27
realize_gain -0.60225 40
realize_loss 0.92 27
invest -0.005588235294117647 34
update_start: 82; random_action_prob: 0.1657
update_complete: 82; loss: 0.6574339866638184; cumulative_reward: 14.890000000000024; invalid_count: 0; positive_reward_count: 5; success_count: 0; episode_count: 9; best_tax_advantage: 12.41; avg_entropy: 2.811829541809857; random_exploration_count: 19; saved_snapshots: 0; random_action_prob: 0.1657
enter_straddle -0.013125 32
realize_gain -0.23925000000000002 40
realize_loss 0.8096774193548387 31
invest -0.0088 25
update_start: 83; random_action_prob: 0.1649
update_complete: 83; loss: 0.006534566481908162; cumulative_reward: -2.3499999999999983; invalid_count: 0; positive_reward_count: 1; success_count: 0; episode_count: 9; best_tax_advantage: 8.92; avg_entropy: 2.970784267410636; random_exploration_count: 24; saved_snapshots: 0; random_action_prob: 0.1649
enter_straddle -0.017954545454545456 44
realize_gain -0.2672222222222222 36
realize_loss 0.27466666666666667 30
invest -0.01 18
update_start: 84; random_action_prob: 0.1641
update_complete: 84; loss: 0.037285988529523216; cumulative_reward: 4.980000000000008; invalid_count: 0; positive_reward_count: 1; success_count: 0; episode_count: 9; best_tax_advantage: 6.45; avg_entropy: 2.8136718198657036; random_exploration_count: 23; saved_snapshots: 0; random_action_prob: 0.1641
enter_straddle -0.012580645161290323 31
realize_gain -0.012000000000000005 35
realize_loss 0.1555263157894737 38
invest -0.005 24
update_start: 85; random_action_prob: 0.1633
update_complete: 85; loss: 0.3093272348244985; cumulative_reward: -1.6699999999999993; invalid_count: 0; positive_reward_count: 1; success_count: 0; episode_count: 9; best_tax_advantage: 10.67; avg_entropy: 2.8431947454810143; random_exploration_count: 23; saved_snapshots: 0; random_action_prob: 0.1633
enter_straddle -0.01393939393939394 33
realize_gain -0.2942105263157895 38
realize_loss 0.36500000000000005 28
invest -0.008620689655172414 29
update_start: 86; random_action_prob: 0.1625
update_complete: 86; loss: 4.060059547424316; cumulative_reward: 61.219999999999985; invalid_count: 0; positive_reward_count: 15; success_count: 0; episode_count: 9; best_tax_advantage: 26.21; avg_entropy: 2.720246322453022; random_exploration_count: 16; saved_snapshots: 0; random_action_prob: 0.1625
enter_straddle -0.013870967741935483 31
realize_gain -0.5516666666666666 24
realize_loss 1.9794736842105263 38
invest -0.009428571428571429 35
update_start: 87; random_action_prob: 0.1616
update_complete: 87; loss: 4.758893330891927; cumulative_reward: 37.04; invalid_count: 0; positive_reward_count: 3; success_count: 1; episode_count: 9; best_tax_advantage: 35.68; avg_entropy: 2.7801773324608803; random_exploration_count: 23; saved_snapshots: 0; random_action_prob: 0.1616
enter_straddle -0.015405405405405404 37
realize_gain -0.01378378378378379 37
realize_loss 1.6708695652173913 23
invest -0.01 31
update_start: 88; random_action_prob: 0.1608
update_complete: 88; loss: 2.2700016498565674; cumulative_reward: 35.729999999999976; invalid_count: 0; positive_reward_count: 3; success_count: 0; episode_count: 9; best_tax_advantage: 18.83; avg_entropy: 2.8282702350988984; random_exploration_count: 20; saved_snapshots: 0; random_action_prob: 0.1608
enter_straddle -0.014722222222222223 36
realize_gain -0.014117647058823528 34
realize_loss 1.1909677419354838 31
invest -0.006666666666666666 27
update_start: 89; random_action_prob: 0.1600
update_complete: 89; loss: -0.05103393395741781; cumulative_reward: -1.720000000000001; invalid_count: 0; positive_reward_count: 4; success_count: 0; episode_count: 9; best_tax_advantage: 6.94; avg_entropy: 2.8765948563814163; random_exploration_count: 21; saved_snapshots: 0; random_action_prob: 0.1600
enter_straddle -0.015789473684210527 38
realize_gain -0.33756756756756756 37
realize_loss 0.3659375 32
invest -0.016190476190476193 21
update_start: 90; random_action_prob: 0.1592
update_complete: 90; loss: 2.326824108759562; cumulative_reward: 29.789999999999967; invalid_count: 0; positive_reward_count: 4; success_count: 0; episode_count: 9; best_tax_advantage: 18.17; avg_entropy: 2.9062340017408133; random_exploration_count: 20; saved_snapshots: 0; random_action_prob: 0.1592
enter_straddle -0.014571428571428572 35
realize_gain -0.5216666666666667 36
realize_loss 1.8329629629629631 27
invest -0.013666666666666666 30
update_start: 91; random_action_prob: 0.1584
update_complete: 91; loss: -0.07766598463058472; cumulative_reward: 0.7999999999999987; invalid_count: 0; positive_reward_count: 2; success_count: 0; episode_count: 9; best_tax_advantage: 3.06; avg_entropy: 3.0255327681079507; random_exploration_count: 22; saved_snapshots: 0; random_action_prob: 0.1584
enter_straddle -0.015945945945945946 37
realize_gain -0.07538461538461538 39
realize_loss 0.151 30
invest -0.009090909090909092 22
update_start: 92; random_action_prob: 0.1576
update_complete: 92; loss: 0.8466398318608602; cumulative_reward: 10.870000000000022; invalid_count: 0; positive_reward_count: 3; success_count: 0; episode_count: 9; best_tax_advantage: 12.76; avg_entropy: 2.6830746242776513; random_exploration_count: 17; saved_snapshots: 0; random_action_prob: 0.1576
enter_straddle -0.015555555555555557 36
realize_gain -0.20725 40
realize_loss 0.7707692307692308 26
invest -0.012307692307692308 26
update_start: 93; random_action_prob: 0.1569
update_complete: 93; loss: -0.09971059610446294; cumulative_reward: -1.3400000000000007; invalid_count: 0; positive_reward_count: 0; success_count: 0; episode_count: 9; best_tax_advantage: 0.0; avg_entropy: 2.811330571770668; random_exploration_count: 21; saved_snapshots: 0; random_action_prob: 0.1569
enter_straddle -0.013636363636363637 33
realize_gain -0.01 36
realize_loss -0.01064516129032258 31
invest -0.0071428571428571435 28
update_start: 94; random_action_prob: 0.1561
update_complete: 94; loss: -0.09626369923353195; cumulative_reward: -1.9100000000000013; invalid_count: 0; positive_reward_count: 1; success_count: 0; episode_count: 9; best_tax_advantage: 3.08; avg_entropy: 2.695413594134152; random_exploration_count: 12; saved_snapshots: 0; random_action_prob: 0.1561
enter_straddle -0.016153846153846154 39
realize_gain -0.11156250000000001 32
realize_loss 0.08354838709677419 31
invest -0.011538461538461537 26
update_start: 95; random_action_prob: 0.1553
update_complete: 95; loss: 7.17794132232666; cumulative_reward: 53.740000000000016; invalid_count: 0; positive_reward_count: 4; success_count: 1; episode_count: 9; best_tax_advantage: 37.0; avg_entropy: 2.8768424736335874; random_exploration_count: 17; saved_snapshots: 0; random_action_prob: 0.1553
enter_straddle -0.016341463414634147 41
realize_gain -1.1564705882352941 34
realize_loss 3.3596428571428567 28
invest -0.013600000000000001 25
update_start: 96; random_action_prob: 0.1545
update_complete: 96; loss: -0.13384008407592773; cumulative_reward: -1.390000000000001; invalid_count: 0; positive_reward_count: 1; success_count: 0; episode_count: 9; best_tax_advantage: 1.84; avg_entropy: 2.826305728405714; random_exploration_count: 16; saved_snapshots: 0; random_action_prob: 0.1545
enter_straddle -0.01393939393939394 33
realize_gain -0.07064516129032258 31
realize_loss 0.043939393939393945 33
invest -0.006129032258064516 31
update_start: 97; random_action_prob: 0.1537
update_complete: 97; loss: 3.4286892414093018; cumulative_reward: 41.179999999999986; invalid_count: 0; positive_reward_count: 2; success_count: 1; episode_count: 9; best_tax_advantage: 37.0; avg_entropy: 2.7480370309203863; random_exploration_count: 21; saved_snapshots: 0; random_action_prob: 0.1537
enter_straddle -0.010370370370370372 27
realize_gain -0.037500000000000006 44
realize_loss 1.4443333333333332 30
invest -0.008148148148148147 27
update_start: 98; random_action_prob: 0.1530
update_complete: 98; loss: 0.2641623616218567; cumulative_reward: -1.4699999999999978; invalid_count: 0; positive_reward_count: 2; success_count: 0; episode_count: 9; best_tax_advantage: 11.56; avg_entropy: 2.766993665136397; random_exploration_count: 23; saved_snapshots: 0; random_action_prob: 0.1530
enter_straddle -0.013125 32
realize_gain -0.3157894736842105 38
realize_loss 0.27625 40
invest -0.005555555555555556 18
update_start: 99; random_action_prob: 0.1522
update_complete: 99; loss: 2.301931858062744; cumulative_reward: 33.09; invalid_count: 0; positive_reward_count: 7; success_count: 0; episode_count: 9; best_tax_advantage: 22.3; avg_entropy: 2.8958994206041098; random_exploration_count: 19; saved_snapshots: 0; random_action_prob: 0.1522
enter_straddle -0.01647058823529412 34
realize_gain -0.05228571428571429 35
realize_loss 1.12 32
invest -0.013333333333333332 27
2026-07-10T17:35:45 completed straddle_abuse run=4 elapsed_seconds=858.43 updates_logged=100
2026-07-10T17:35:45 running straddle_abuse run=5 seed=1734
update_start: 0; random_action_prob: 0.2500
update_complete: 0; loss: 0.4154745241006215; cumulative_reward: 9.09; invalid_count: 0; positive_reward_count: 2; success_count: 0; episode_count: 9; best_tax_advantage: 11.56; avg_entropy: 2.9821920888498425; random_exploration_count: 27; saved_snapshots: 0; random_action_prob: 0.2500
enter_straddle -0.01775 40
realize_gain -0.02333333333333333 30
realize_loss 0.2991666666666667 36
invest -0.012272727272727274 22
update_start: 1; random_action_prob: 0.2487
update_complete: 1; loss: 0.33277002970377606; cumulative_reward: 7.089999999999999; invalid_count: 0; positive_reward_count: 3; success_count: 0; episode_count: 9; best_tax_advantage: 10.6; avg_entropy: 2.7891666404902935; random_exploration_count: 42; saved_snapshots: 0; random_action_prob: 0.2487
enter_straddle -0.012580645161290323 31
realize_gain -0.4558333333333333 24
realize_loss 0.46575 40
invest -0.006363636363636363 33
update_start: 2; random_action_prob: 0.2475
update_complete: 2; loss: -0.09946441650390625; cumulative_reward: -1.680000000000001; invalid_count: 0; positive_reward_count: 2; success_count: 0; episode_count: 9; best_tax_advantage: 2.54; avg_entropy: 2.7925507687032223; random_exploration_count: 29; saved_snapshots: 0; random_action_prob: 0.2475
enter_straddle -0.015555555555555557 36
realize_gain -0.08378378378378377 37
realize_loss 0.0505 40
invest -0.0026666666666666666 15
update_start: 3; random_action_prob: 0.2463
update_complete: 3; loss: -0.10684683670600255; cumulative_reward: -0.3400000000000011; invalid_count: 0; positive_reward_count: 1; success_count: 0; episode_count: 9; best_tax_advantage: 4.66; avg_entropy: 2.865353754721582; random_exploration_count: 29; saved_snapshots: 0; random_action_prob: 0.2463
enter_straddle -0.015405405405405404 37
realize_gain -0.10882352941176471 34
realize_loss 0.11685714285714285 35
invest -0.007272727272727273 22
update_start: 4; random_action_prob: 0.2450
update_complete: 4; loss: 0.9474422335624695; cumulative_reward: 15.130000000000024; invalid_count: 0; positive_reward_count: 4; success_count: 0; episode_count: 9; best_tax_advantage: 26.43; avg_entropy: 2.8467710949480534; random_exploration_count: 26; saved_snapshots: 0; random_action_prob: 0.2450
enter_straddle -0.01641025641025641 39
realize_gain -0.7603571428571428 28
realize_loss 1.1671875 32
invest -0.009999999999999998 29
update_start: 5; random_action_prob: 0.2438
update_complete: 5; loss: -0.012072838842868805; cumulative_reward: 3.4200000000000017; invalid_count: 0; positive_reward_count: 1; success_count: 0; episode_count: 9; best_tax_advantage: 4.98; avg_entropy: 2.752515411004424; random_exploration_count: 30; saved_snapshots: 0; random_action_prob: 0.2438
enter_straddle -0.015277777777777779 36
realize_gain -0.016956521739130436 23
realize_loss 0.12914285714285714 35
invest -0.004705882352941177 34
update_start: 6; random_action_prob: 0.2426
update_complete: 6; loss: -0.13554136951764426; cumulative_reward: -2.2000000000000006; invalid_count: 0; positive_reward_count: 0; success_count: 0; episode_count: 9; best_tax_advantage: 0.0; avg_entropy: 2.9892541617155075; random_exploration_count: 38; saved_snapshots: 0; random_action_prob: 0.2426
enter_straddle -0.016666666666666666 39
realize_gain -0.017575757575757574 33
realize_loss -0.01875 40
invest -0.01375 16
update_start: 7; random_action_prob: 0.2414
update_complete: 7; loss: 0.07040006915728252; cumulative_reward: -2.5099999999999976; invalid_count: 0; positive_reward_count: 1; success_count: 0; episode_count: 9; best_tax_advantage: 11.89; avg_entropy: 2.898007106035948; random_exploration_count: 31; saved_snapshots: 0; random_action_prob: 0.2414
enter_straddle -0.018372093023255816 43
realize_gain -0.4296551724137931 29
realize_loss 0.3587096774193549 31
invest -0.0152 25
update_start: 8; random_action_prob: 0.2402
update_complete: 8; loss: 0.06695360442002614; cumulative_reward: -2.419999999999998; invalid_count: 0; positive_reward_count: 1; success_count: 0; episode_count: 9; best_tax_advantage: 12.2; avg_entropy: 2.8486177353188396; random_exploration_count: 35; saved_snapshots: 0; random_action_prob: 0.2402
enter_straddle -0.017804878048780486 41
realize_gain -0.4560714285714285 28
realize_loss 0.2613953488372093 43
invest -0.01 16
update_start: 9; random_action_prob: 0.2390
update_complete: 9; loss: -0.09487650543451309; cumulative_reward: 0.6499999999999999; invalid_count: 0; positive_reward_count: 1; success_count: 0; episode_count: 9; best_tax_advantage: 2.57; avg_entropy: 2.9050030894577503; random_exploration_count: 31; saved_snapshots: 0; random_action_prob: 0.2390
enter_straddle -0.015405405405405404 37
realize_gain -0.01741935483870968 31
realize_loss 0.05351351351351351 37
invest -0.009565217391304347 23
update_start: 10; random_action_prob: 0.2378
update_complete: 10; loss: -0.13323593636353812; cumulative_reward: -2.030000000000001; invalid_count: 0; positive_reward_count: 0; success_count: 0; episode_count: 9; best_tax_advantage: 0.0; avg_entropy: 2.9507340602576733; random_exploration_count: 33; saved_snapshots: 0; random_action_prob: 0.2378
enter_straddle -0.01631578947368421 38
realize_gain -0.014333333333333333 30
realize_loss -0.019210526315789473 38
invest -0.011363636363636364 22
update_start: 11; random_action_prob: 0.2366
update_complete: 11; loss: 0.09907460709412892; cumulative_reward: 4.860000000000003; invalid_count: 0; positive_reward_count: 1; success_count: 0; episode_count: 9; best_tax_advantage: 6.4; avg_entropy: 2.5986929312348366; random_exploration_count: 25; saved_snapshots: 0; random_action_prob: 0.2366
enter_straddle -0.016923076923076923 39
realize_gain -0.012941176470588235 34
realize_loss 0.17257142857142857 35
invest -0.004 20
update_start: 12; random_action_prob: 0.2354
update_complete: 12; loss: -0.14536955952644348; cumulative_reward: -2.669999999999998; invalid_count: 0; positive_reward_count: 0; success_count: 0; episode_count: 9; best_tax_advantage: 0.0; avg_entropy: 2.9822727404534817; random_exploration_count: 32; saved_snapshots: 0; random_action_prob: 0.2354
enter_straddle -0.017619047619047618 42
realize_gain -0.0225 28
realize_loss -0.02702702702702703 37
invest -0.014285714285714285 21
update_start: 13; random_action_prob: 0.2342
update_complete: 13; loss: 4.071987152099609; cumulative_reward: 34.88999999999996; invalid_count: 0; positive_reward_count: 2; success_count: 1; episode_count: 9; best_tax_advantage: 37.0; avg_entropy: 2.815184621140361; random_exploration_count: 37; saved_snapshots: 0; random_action_prob: 0.2342
enter_straddle -0.017 40
realize_gain -0.017714285714285714 35
realize_loss 1.0086111111111111 36
invest -0.007058823529411764 17
update_start: 14; random_action_prob: 0.2331
update_complete: 14; loss: 1.962276856104533; cumulative_reward: 21.67999999999999; invalid_count: 0; positive_reward_count: 2; success_count: 0; episode_count: 9; best_tax_advantage: 23.64; avg_entropy: 2.85390093177557; random_exploration_count: 31; saved_snapshots: 0; random_action_prob: 0.2331
enter_straddle -0.016052631578947367 38
realize_gain -0.012592592592592593 27
realize_loss 0.5313953488372093 43
invest -0.011 20
update_start: 15; random_action_prob: 0.2319
update_complete: 15; loss: -0.10755308717489243; cumulative_reward: -1.2300000000000009; invalid_count: 0; positive_reward_count: 1; success_count: 0; episode_count: 9; best_tax_advantage: 1.85; avg_entropy: 2.6794060058891773; random_exploration_count: 24; saved_snapshots: 0; random_action_prob: 0.2319
enter_straddle -0.012333333333333333 30
realize_gain -0.06999999999999999 31
realize_loss 0.04625 32
invest -0.004857142857142857 35
update_start: 16; random_action_prob: 0.2307
update_complete: 16; loss: 0.1892015884319941; cumulative_reward: 5.980000000000014; invalid_count: 0; positive_reward_count: 3; success_count: 0; episode_count: 9; best_tax_advantage: 7.12; avg_entropy: 2.9374980814754963; random_exploration_count: 22; saved_snapshots: 0; random_action_prob: 0.2307
enter_straddle -0.017 40
realize_gain -0.1890909090909091 33
realize_loss 0.352972972972973 37
invest -0.008888888888888889 18
update_start: 17; random_action_prob: 0.2296
update_complete: 17; loss: 3.149259646733602; cumulative_reward: 25.109999999999992; invalid_count: 0; positive_reward_count: 2; success_count: 0; episode_count: 9; best_tax_advantage: 26.8; avg_entropy: 2.8356590941548347; random_exploration_count: 31; saved_snapshots: 0; random_action_prob: 0.2296
enter_straddle -0.015277777777777779 36
realize_gain -0.0121875 32
realize_loss 0.7741176470588237 34
invest -0.010384615384615384 26
update_start: 18; random_action_prob: 0.2284
update_complete: 18; loss: -0.12703355650107065; cumulative_reward: -1.8200000000000012; invalid_count: 0; positive_reward_count: 0; success_count: 0; episode_count: 9; best_tax_advantage: 0.0; avg_entropy: 2.7612531315535307; random_exploration_count: 28; saved_snapshots: 0; random_action_prob: 0.2284
enter_straddle -0.016923076923076923 39
realize_gain -0.016666666666666666 27
realize_loss -0.015128205128205128 39
invest -0.005217391304347826 23
update_start: 19; random_action_prob: 0.2273
update_complete: 19; loss: 0.1755816489458084; cumulative_reward: 11.370000000000008; invalid_count: 0; positive_reward_count: 4; success_count: 0; episode_count: 9; best_tax_advantage: 7.23; avg_entropy: 2.8689690083265305; random_exploration_count: 29; saved_snapshots: 0; random_action_prob: 0.2273
enter_straddle -0.015789473684210527 38
realize_gain -0.02 39
realize_loss 0.4283333333333334 30
invest -0.004761904761904762 21
update_start: 20; random_action_prob: 0.2262
update_complete: 20; loss: -0.11389900992314021; cumulative_reward: -1.7300000000000013; invalid_count: 0; positive_reward_count: 0; success_count: 0; episode_count: 9; best_tax_advantage: 0.0; avg_entropy: 2.808466645888984; random_exploration_count: 23; saved_snapshots: 0; random_action_prob: 0.2262
enter_straddle -0.013333333333333334 33
realize_gain -0.016451612903225808 31
realize_loss -0.01473684210526316 38
invest -0.008461538461538461 26
update_start: 21; random_action_prob: 0.2250
update_complete: 21; loss: -0.07840196043252945; cumulative_reward: 1.5899999999999987; invalid_count: 0; positive_reward_count: 2; success_count: 0; episode_count: 9; best_tax_advantage: 3.33; avg_entropy: 2.774703267030418; random_exploration_count: 28; saved_snapshots: 0; random_action_prob: 0.2250
enter_straddle -0.015 34
realize_gain -0.014 35
realize_loss 0.07184210526315789 38
invest -0.006666666666666667 21
update_start: 22; random_action_prob: 0.2239
update_complete: 22; loss: -0.14304956793785095; cumulative_reward: -1.7000000000000013; invalid_count: 0; positive_reward_count: 0; success_count: 0; episode_count: 9; best_tax_advantage: 0.0; avg_entropy: 2.823690615594387; random_exploration_count: 26; saved_snapshots: 0; random_action_prob: 0.2239
enter_straddle -0.013225806451612903 31
realize_gain -0.013750000000000002 40
realize_loss -0.0134375 32
invest -0.0124 25
update_start: 23; random_action_prob: 0.2228
update_complete: 23; loss: -0.05614334593216578; cumulative_reward: 0.5799999999999996; invalid_count: 0; positive_reward_count: 9; success_count: 0; episode_count: 9; best_tax_advantage: 4.07; avg_entropy: 2.794982365332544; random_exploration_count: 18; saved_snapshots: 0; random_action_prob: 0.2228
enter_straddle -0.014666666666666666 30
realize_gain -0.1872972972972973 37
realize_loss 0.2345714285714286 35
invest -0.01 26
update_start: 24; random_action_prob: 0.2217
update_complete: 24; loss: -0.06792297214269638; cumulative_reward: 2.9200000000000004; invalid_count: 0; positive_reward_count: 3; success_count: 0; episode_count: 9; best_tax_advantage: 3.53; avg_entropy: 2.7987049873918295; random_exploration_count: 32; saved_snapshots: 0; random_action_prob: 0.2217
enter_straddle -0.013225806451612903 31
realize_gain -0.030465116279069768 43
realize_loss 0.16133333333333333 30
invest -0.008333333333333333 24
update_start: 25; random_action_prob: 0.2206
update_complete: 25; loss: -0.131281649072965; cumulative_reward: -1.630000000000001; invalid_count: 0; positive_reward_count: 0; success_count: 0; episode_count: 9; best_tax_advantage: 0.0; avg_entropy: 2.8471558690071106; random_exploration_count: 17; saved_snapshots: 0; random_action_prob: 0.2206
enter_straddle -0.014193548387096775 31
realize_gain -0.015000000000000001 36
realize_loss -0.014285714285714285 35
invest -0.005769230769230769 26
update_start: 26; random_action_prob: 0.2195
update_complete: 26; loss: -0.03508484115203222; cumulative_reward: 3.2600000000000033; invalid_count: 0; positive_reward_count: 2; success_count: 0; episode_count: 9; best_tax_advantage: 4.35; avg_entropy: 2.5348876733332872; random_exploration_count: 32; saved_snapshots: 0; random_action_prob: 0.2195
enter_straddle -0.011428571428571429 28
realize_gain -0.11722222222222221 36
realize_loss 0.20763157894736842 38
invest -0.003461538461538461 26
update_start: 27; random_action_prob: 0.2184
update_complete: 27; loss: -0.029345395664374035; cumulative_reward: 5.610000000000001; invalid_count: 0; positive_reward_count: 5; success_count: 0; episode_count: 9; best_tax_advantage: 4.68; avg_entropy: 2.8364751152694225; random_exploration_count: 37; saved_snapshots: 0; random_action_prob: 0.2184
enter_straddle -0.012142857142857144 28
realize_gain -0.015 28
realize_loss 0.14422222222222222 45
invest -0.0044444444444444444 27
update_start: 28; random_action_prob: 0.2173
update_complete: 28; loss: -0.13158768912156424; cumulative_reward: -1.1500000000000006; invalid_count: 0; positive_reward_count: 0; success_count: 0; episode_count: 9; best_tax_advantage: 0.0; avg_entropy: 2.7736037792637944; random_exploration_count: 30; saved_snapshots: 0; random_action_prob: 0.2173
enter_straddle -0.013333333333333334 30
realize_gain -0.008529411764705883 34
realize_loss -0.008048780487804878 41
invest -0.005652173913043478 23
update_start: 29; random_action_prob: 0.2162
update_complete: 29; loss: 0.9038387139638265; cumulative_reward: 21.559999999999988; invalid_count: 0; positive_reward_count: 6; success_count: 0; episode_count: 9; best_tax_advantage: 11.72; avg_entropy: 2.898942705243826; random_exploration_count: 39; saved_snapshots: 0; random_action_prob: 0.2162
enter_straddle -0.015789473684210527 38
realize_gain -0.14358974358974358 39
realize_loss 0.9006451612903227 31
invest -0.008 20
update_start: 30; random_action_prob: 0.2151
update_complete: 30; loss: -0.09409702320893605; cumulative_reward: -0.7000000000000004; invalid_count: 0; positive_reward_count: 1; success_count: 0; episode_count: 9; best_tax_advantage: 0.45; avg_entropy: 2.7471812441945076; random_exploration_count: 27; saved_snapshots: 0; random_action_prob: 0.2151
enter_straddle -0.013000000000000001 30
realize_gain -0.009411764705882354 34
realize_loss 0.005294117647058823 34
invest -0.005666666666666667 30
update_start: 31; random_action_prob: 0.2140
update_complete: 31; loss: -0.10458298524220784; cumulative_reward: 0.36999999999999933; invalid_count: 0; positive_reward_count: 1; success_count: 0; episode_count: 9; best_tax_advantage: 1.62; avg_entropy: 2.6380179719999433; random_exploration_count: 28; saved_snapshots: 0; random_action_prob: 0.2140
enter_straddle -0.011851851851851851 27
realize_gain -0.010555555555555556 36
realize_loss 0.036470588235294116 34
invest -0.005483870967741936 31
update_start: 32; random_action_prob: 0.2130
update_complete: 32; loss: -0.02050665517648061; cumulative_reward: 2.7500000000000053; invalid_count: 0; positive_reward_count: 1; success_count: 0; episode_count: 9; best_tax_advantage: 4.09; avg_entropy: 2.70052404794842; random_exploration_count: 34; saved_snapshots: 0; random_action_prob: 0.2130
enter_straddle -0.012903225806451613 31
realize_gain -0.011000000000000001 30
realize_loss 0.08 45
invest -0.005454545454545454 22
update_start: 33; random_action_prob: 0.2119
update_complete: 33; loss: 0.7444432576497396; cumulative_reward: 11.490000000000023; invalid_count: 0; positive_reward_count: 4; success_count: 0; episode_count: 9; best_tax_advantage: 13.14; avg_entropy: 2.8402615766972303; random_exploration_count: 23; saved_snapshots: 0; random_action_prob: 0.2119
enter_straddle -0.0128125 32
realize_gain -0.057027027027027034 37
realize_loss 0.42088235294117654 34
invest -0.012 25
update_start: 34; random_action_prob: 0.2108
update_complete: 34; loss: 0.16276405254999796; cumulative_reward: -1.3200000000000012; invalid_count: 0; positive_reward_count: 2; success_count: 0; episode_count: 9; best_tax_advantage: 13.48; avg_entropy: 2.6488847071304917; random_exploration_count: 25; saved_snapshots: 0; random_action_prob: 0.2108
enter_straddle -0.011935483870967743 31
realize_gain -0.33166666666666667 42
realize_loss 0.3636111111111111 36
invest -0.005789473684210527 19
update_start: 35; random_action_prob: 0.2098
update_complete: 35; loss: 4.0743937492370605; cumulative_reward: 44.460000000000015; invalid_count: 0; positive_reward_count: 15; success_count: 1; episode_count: 9; best_tax_advantage: 32.09; avg_entropy: 2.6008313512429595; random_exploration_count: 23; saved_snapshots: 0; random_action_prob: 0.2098
enter_straddle -0.011111111111111112 27
realize_gain -0.7429032258064515 31
realize_loss 1.5086666666666666 45
invest -0.004 25
update_start: 36; random_action_prob: 0.2087
update_complete: 36; loss: 3.765965143839518; cumulative_reward: 23.53999999999998; invalid_count: 0; positive_reward_count: 2; success_count: 0; episode_count: 9; best_tax_advantage: 24.76; avg_entropy: 2.752914819866419; random_exploration_count: 19; saved_snapshots: 0; random_action_prob: 0.2087
enter_straddle -0.011379310344827587 29
realize_gain -0.4248387096774194 31
realize_loss 1.2413333333333334 30
invest -0.005263157894736842 38
update_start: 37; random_action_prob: 0.2077
update_complete: 37; loss: 0.5468277533849081; cumulative_reward: 13.43000000000001; invalid_count: 0; positive_reward_count: 5; success_count: 0; episode_count: 9; best_tax_advantage: 14.06; avg_entropy: 2.6914124665781856; random_exploration_count: 19; saved_snapshots: 0; random_action_prob: 0.2077
enter_straddle -0.007727272727272728 22
realize_gain -0.006190476190476191 42
realize_loss 0.33926829268292685 41
invest -0.002173913043478261 23
update_start: 38; random_action_prob: 0.2066
update_complete: 38; loss: 0.21823930740356445; cumulative_reward: 9.410000000000018; invalid_count: 0; positive_reward_count: 4; success_count: 0; episode_count: 9; best_tax_advantage: 9.54; avg_entropy: 2.735806418582797; random_exploration_count: 22; saved_snapshots: 0; random_action_prob: 0.2066
enter_straddle -0.01 26
realize_gain -0.09694444444444444 36
realize_loss 0.333 40
invest -0.006153846153846154 26
update_start: 39; random_action_prob: 0.2056
update_complete: 39; loss: 0.6024719675381979; cumulative_reward: 15.150000000000013; invalid_count: 0; positive_reward_count: 4; success_count: 0; episode_count: 9; best_tax_advantage: 14.27; avg_entropy: 2.6518515842035413; random_exploration_count: 25; saved_snapshots: 0; random_action_prob: 0.2056
enter_straddle -0.012903225806451613 31
realize_gain -0.010833333333333334 36
realize_loss 0.44861111111111107 36
invest -0.0084 25
update_start: 40; random_action_prob: 0.2046
update_complete: 40; loss: 0.11054016649723053; cumulative_reward: 8.82000000000002; invalid_count: 0; positive_reward_count: 2; success_count: 0; episode_count: 9; best_tax_advantage: 6.52; avg_entropy: 2.6599371153861284; random_exploration_count: 26; saved_snapshots: 0; random_action_prob: 0.2046
enter_straddle -0.010384615384615384 26
realize_gain -0.009545454545454544 44
realize_loss 0.2906060606060606 33
invest -0.0032 25
update_start: 41; random_action_prob: 0.2036
update_complete: 41; loss: 0.4483724037806193; cumulative_reward: 11.330000000000018; invalid_count: 0; positive_reward_count: 5; success_count: 0; episode_count: 9; best_tax_advantage: 7.77; avg_entropy: 2.553149943239987; random_exploration_count: 16; saved_snapshots: 0; random_action_prob: 0.2036
enter_straddle -0.0088 25
realize_gain -0.30851063829787234 47
realize_loss 0.7685294117647059 34
invest -0.0036363636363636364 22
update_start: 42; random_action_prob: 0.2025
update_complete: 42; loss: 1.381991942723592; cumulative_reward: 24.30999999999998; invalid_count: 0; positive_reward_count: 6; success_count: 0; episode_count: 9; best_tax_advantage: 20.04; avg_entropy: 2.7203750060871243; random_exploration_count: 26; saved_snapshots: 0; random_action_prob: 0.2025
enter_straddle -0.01 25
realize_gain -0.00818181818181818 44
realize_loss 0.6578947368421053 38
invest -0.0038095238095238095 21
update_start: 43; random_action_prob: 0.2015
update_complete: 43; loss: -0.10085325439771016; cumulative_reward: -0.8000000000000005; invalid_count: 0; positive_reward_count: 0; success_count: 0; episode_count: 9; best_tax_advantage: 0.0; avg_entropy: 2.567063719034195; random_exploration_count: 28; saved_snapshots: 0; random_action_prob: 0.2015
enter_straddle -0.009166666666666667 24
realize_gain -0.005 40
realize_loss -0.007727272727272728 44
invest -0.002 20
update_start: 44; random_action_prob: 0.2005
update_complete: 44; loss: -0.11672304073969524; cumulative_reward: -1.1900000000000008; invalid_count: 0; positive_reward_count: 0; success_count: 0; episode_count: 9; best_tax_advantage: 0.0; avg_entropy: 2.629815299063921; random_exploration_count: 20; saved_snapshots: 0; random_action_prob: 0.2005
enter_straddle -0.011153846153846153 26
realize_gain -0.009375 32
realize_loss -0.011333333333333334 45
invest -0.0036 25
update_start: 45; random_action_prob: 0.1995
update_complete: 45; loss: 0.7809234857559204; cumulative_reward: 15.130000000000006; invalid_count: 0; positive_reward_count: 3; success_count: 0; episode_count: 9; best_tax_advantage: 16.15; avg_entropy: 2.541352200321853; random_exploration_count: 20; saved_snapshots: 0; random_action_prob: 0.1995
enter_straddle -0.01206896551724138 29
realize_gain -0.0372972972972973 37
realize_loss 0.40309523809523806 42
invest -0.0035000000000000005 20
update_start: 46; random_action_prob: 0.1985
update_complete: 46; loss: 0.5264451106389364; cumulative_reward: 14.590000000000023; invalid_count: 0; positive_reward_count: 3; success_count: 0; episode_count: 9; best_tax_advantage: 12.5; avg_entropy: 2.5884686447679996; random_exploration_count: 23; saved_snapshots: 0; random_action_prob: 0.1985
enter_straddle -0.01076923076923077 26
realize_gain -0.03439024390243902 41
realize_loss 0.38023255813953494 43
invest -0.003888888888888889 18
update_start: 47; random_action_prob: 0.1975
update_complete: 47; loss: 5.925723075866699; cumulative_reward: 61.75999999999998; invalid_count: 0; positive_reward_count: 7; success_count: 1; episode_count: 9; best_tax_advantage: 34.69; avg_entropy: 2.861505340784788; random_exploration_count: 22; saved_snapshots: 0; random_action_prob: 0.1975
enter_straddle -0.013666666666666667 30
realize_gain -0.5909803921568627 51
realize_loss 3.7056 25
invest -0.015000000000000001 22
update_start: 48; random_action_prob: 0.1965
update_complete: 48; loss: -0.1157243549823761; cumulative_reward: -1.6400000000000012; invalid_count: 0; positive_reward_count: 1; success_count: 0; episode_count: 9; best_tax_advantage: 0.36; avg_entropy: 2.7791585847735405; random_exploration_count: 28; saved_snapshots: 0; random_action_prob: 0.1965
enter_straddle -0.013333333333333334 33
realize_gain -0.027575757575757576 33
realize_loss -0.0022857142857142863 35
invest -0.0077777777777777776 27
update_start: 49; random_action_prob: 0.1956
update_complete: 49; loss: -0.09151643514633179; cumulative_reward: -0.9300000000000006; invalid_count: 0; positive_reward_count: 0; success_count: 0; episode_count: 9; best_tax_advantage: 0.0; avg_entropy: 2.5449805753305554; random_exploration_count: 25; saved_snapshots: 0; random_action_prob: 0.1956
enter_straddle -0.01074074074074074 27
realize_gain -0.010606060606060605 33
realize_loss -0.005555555555555556 45
invest -0.0017391304347826088 23
update_start: 50; random_action_prob: 0.1946
update_complete: 50; loss: -0.05328754335641861; cumulative_reward: -0.49000000000000077; invalid_count: 0; positive_reward_count: 2; success_count: 0; episode_count: 9; best_tax_advantage: 9.25; avg_entropy: 2.5139892250299454; random_exploration_count: 16; saved_snapshots: 0; random_action_prob: 0.1946
enter_straddle -0.011785714285714287 28
realize_gain -0.2395 40
realize_loss 0.2575675675675676 37
invest -0.004782608695652174 23
update_start: 51; random_action_prob: 0.1936
update_complete: 51; loss: 1.6874291896820068; cumulative_reward: -0.400000000000004; invalid_count: 0; positive_reward_count: 5; success_count: 0; episode_count: 9; best_tax_advantage: 19.82; avg_entropy: 2.693946440704167; random_exploration_count: 14; saved_snapshots: 0; random_action_prob: 0.1936
enter_straddle -0.0134375 32
realize_gain -1.3291428571428572 35
realize_loss 1.3357142857142856 35
invest -0.007692307692307692 26
update_start: 52; random_action_prob: 0.1926
update_complete: 52; loss: -0.12413620948791504; cumulative_reward: -0.5400000000000007; invalid_count: 0; positive_reward_count: 1; success_count: 0; episode_count: 9; best_tax_advantage: 1.17; avg_entropy: 2.863296702504158; random_exploration_count: 33; saved_snapshots: 0; random_action_prob: 0.1926
enter_straddle -0.014411764705882353 34
realize_gain -0.009615384615384616 26
realize_loss 0.014473684210526314 38
invest -0.011666666666666667 30
update_start: 53; random_action_prob: 0.1917
update_complete: 53; loss: 0.9140848914782206; cumulative_reward: 1.6300000000000028; invalid_count: 0; positive_reward_count: 4; success_count: 0; episode_count: 9; best_tax_advantage: 19.92; avg_entropy: 2.8632519943639636; random_exploration_count: 25; saved_snapshots: 0; random_action_prob: 0.1917
enter_straddle -0.01583333333333333 36
realize_gain -0.8108 25
realize_loss 0.5551219512195122 41
invest -0.011153846153846153 26
update_start: 54; random_action_prob: 0.1907
update_complete: 54; loss: -0.06610406438509624; cumulative_reward: 1.8600000000000048; invalid_count: 0; positive_reward_count: 1; success_count: 0; episode_count: 9; best_tax_advantage: 3.54; avg_entropy: 2.7780067464336753; random_exploration_count: 35; saved_snapshots: 0; random_action_prob: 0.1907
enter_straddle -0.01393939393939394 33
realize_gain -0.013225806451612903 31
realize_loss 0.07578947368421052 38
invest -0.005769230769230769 26
update_start: 55; random_action_prob: 0.1898
update_complete: 55; loss: 2.0590174198150635; cumulative_reward: 23.74999999999996; invalid_count: 0; positive_reward_count: 1; success_count: 0; episode_count: 9; best_tax_advantage: 25.18; avg_entropy: 2.723434350453317; random_exploration_count: 23; saved_snapshots: 0; random_action_prob: 0.1898
enter_straddle -0.013125 32
realize_gain -0.010833333333333334 24
realize_loss 0.7270588235294118 34
invest -0.007631578947368421 38
update_start: 56; random_action_prob: 0.1888
update_complete: 56; loss: 0.14279545843601227; cumulative_reward: 7.06; invalid_count: 0; positive_reward_count: 4; success_count: 0; episode_count: 9; best_tax_advantage: 8.28; avg_entropy: 2.688746283762157; random_exploration_count: 26; saved_snapshots: 0; random_action_prob: 0.1888
enter_straddle -0.012333333333333333 30
realize_gain -0.008666666666666666 30
realize_loss 0.1768181818181818 44
invest -0.00375 24
update_start: 57; random_action_prob: 0.1879
update_complete: 57; loss: 4.65432866414388; cumulative_reward: 42.43; invalid_count: 0; positive_reward_count: 6; success_count: 0; episode_count: 9; best_tax_advantage: 28.44; avg_entropy: 2.79790604673326; random_exploration_count: 34; saved_snapshots: 0; random_action_prob: 0.1879
enter_straddle -0.013888888888888888 36
realize_gain -0.8488235294117646 34
realize_loss 2.5760714285714283 28
invest -0.011333333333333332 30
update_start: 58; random_action_prob: 0.1869
update_complete: 58; loss: 1.8315430879592896; cumulative_reward: 19.069999999999983; invalid_count: 0; positive_reward_count: 3; success_count: 0; episode_count: 9; best_tax_advantage: 24.33; avg_entropy: 2.776991030201316; random_exploration_count: 22; saved_snapshots: 0; random_action_prob: 0.1869
enter_straddle -0.012142857142857144 28
realize_gain -0.25969696969696965 33
realize_loss 0.7207692307692307 39
invest -0.004642857142857143 28
update_start: 59; random_action_prob: 0.1860
update_complete: 59; loss: 4.5782707532246905; cumulative_reward: 43.83999999999992; invalid_count: 0; positive_reward_count: 3; success_count: 0; episode_count: 9; best_tax_advantage: 29.74; avg_entropy: 2.6084309266880155; random_exploration_count: 22; saved_snapshots: 0; random_action_prob: 0.1860
enter_straddle -0.012 30
realize_gain -0.29324999999999996 40
realize_loss 1.40025 40
invest -0.0044444444444444444 18
update_start: 60; random_action_prob: 0.1851
update_complete: 60; loss: 0.007838184634844461; cumulative_reward: -1.750000000000001; invalid_count: 0; positive_reward_count: 0; success_count: 0; episode_count: 9; best_tax_advantage: 0.0; avg_entropy: 2.7453708043321967; random_exploration_count: 23; saved_snapshots: 0; random_action_prob: 0.1851
enter_straddle -0.015277777777777779 36
realize_gain -0.015405405405405404 37
realize_loss -0.011666666666666665 36
invest -0.011052631578947368 19
update_start: 61; random_action_prob: 0.1841
update_complete: 61; loss: 0.03133349617322286; cumulative_reward: -0.9700000000000006; invalid_count: 0; positive_reward_count: 0; success_count: 0; episode_count: 9; best_tax_advantage: 0.0; avg_entropy: 2.740829411894083; random_exploration_count: 31; saved_snapshots: 0; random_action_prob: 0.1841
enter_straddle -0.009615384615384616 26
realize_gain -0.007222222222222223 36
realize_loss -0.010263157894736842 38
invest -0.0025 28
update_start: 62; random_action_prob: 0.1832
update_complete: 62; loss: 4.3643341064453125; cumulative_reward: 32.60999999999999; invalid_count: 0; positive_reward_count: 4; success_count: 1; episode_count: 9; best_tax_advantage: 33.4; avg_entropy: 2.645120176486671; random_exploration_count: 25; saved_snapshots: 0; random_action_prob: 0.1832
enter_straddle -0.0088 25
realize_gain -0.62825 40
realize_loss 1.9349999999999998 30
invest -0.002727272727272727 33
update_start: 63; random_action_prob: 0.1823
update_complete: 63; loss: 0.9946972926457723; cumulative_reward: 5.190000000000008; invalid_count: 0; positive_reward_count: 6; success_count: 0; episode_count: 9; best_tax_advantage: 26.43; avg_entropy: 2.6915445858612657; random_exploration_count: 25; saved_snapshots: 0; random_action_prob: 0.1823
enter_straddle -0.0134375 32
realize_gain -0.8454285714285714 35
realize_loss 1.1406451612903226 31
invest -0.005 30
update_start: 64; random_action_prob: 0.1814
update_complete: 64; loss: 0.8474681377410889; cumulative_reward: 15.130000000000013; invalid_count: 0; positive_reward_count: 3; success_count: 0; episode_count: 9; best_tax_advantage: 16.54; avg_entropy: 2.8497105576097965; random_exploration_count: 29; saved_snapshots: 0; random_action_prob: 0.1814
enter_straddle -0.012580645161290323 31
realize_gain -0.5278125 32
realize_loss 0.8802702702702703 37
invest -0.005714285714285714 28
update_start: 65; random_action_prob: 0.1805
update_complete: 65; loss: 0.707241157690684; cumulative_reward: 13.58; invalid_count: 0; positive_reward_count: 2; success_count: 0; episode_count: 9; best_tax_advantage: 14.62; avg_entropy: 2.7071789847686887; random_exploration_count: 17; saved_snapshots: 0; random_action_prob: 0.1805
enter_straddle -0.011538461538461537 26
realize_gain -0.007894736842105263 38
realize_loss 0.475 30
invest -0.002058823529411765 34
update_start: 66; random_action_prob: 0.1796
update_complete: 66; loss: 0.14244309067726135; cumulative_reward: 11.160000000000029; invalid_count: 0; positive_reward_count: 5; success_count: 0; episode_count: 9; best_tax_advantage: 6.42; avg_entropy: 2.6238443478941917; random_exploration_count: 13; saved_snapshots: 0; random_action_prob: 0.1796
enter_straddle -0.014193548387096775 31
realize_gain -0.010344827586206896 29
realize_loss 0.2885714285714286 42
invest -0.008461538461538461 26
update_start: 67; random_action_prob: 0.1787
update_complete: 67; loss: -0.07487790286540985; cumulative_reward: -1.310000000000001; invalid_count: 0; positive_reward_count: 0; success_count: 0; episode_count: 9; best_tax_advantage: 0.0; avg_entropy: 2.7090313863009214; random_exploration_count: 16; saved_snapshots: 0; random_action_prob: 0.1787
enter_straddle -0.011538461538461537 26
realize_gain -0.010810810810810811 37
realize_loss -0.011395348837209301 43
invest -0.005454545454545454 22
update_start: 68; random_action_prob: 0.1778
update_complete: 68; loss: -0.08118024965127309; cumulative_reward: -1.320000000000001; invalid_count: 0; positive_reward_count: 1; success_count: 0; episode_count: 9; best_tax_advantage: 0.88; avg_entropy: 2.7477367846295238; random_exploration_count: 22; saved_snapshots: 0; random_action_prob: 0.1778
enter_straddle -0.012580645161290323 31
realize_gain -0.03648648648648649 37
realize_loss 0.012105263157894735 38
invest -0.0018181818181818182 22
update_start: 69; random_action_prob: 0.1769
update_complete: 69; loss: -0.09781951457262039; cumulative_reward: -0.7400000000000004; invalid_count: 0; positive_reward_count: 1; success_count: 0; episode_count: 9; best_tax_advantage: 1.15; avg_entropy: 2.6703748675063252; random_exploration_count: 23; saved_snapshots: 0; random_action_prob: 0.1769
enter_straddle -0.006818181818181818 22
realize_gain -0.03631578947368421 38
realize_loss 0.0225 40
invest -0.003928571428571429 28
update_start: 70; random_action_prob: 0.1760
update_complete: 70; loss: 1.8798505862553914; cumulative_reward: 29.979999999999993; invalid_count: 0; positive_reward_count: 7; success_count: 0; episode_count: 9; best_tax_advantage: 21.18; avg_entropy: 2.63876848295331; random_exploration_count: 25; saved_snapshots: 0; random_action_prob: 0.1760
enter_straddle -0.010357142857142856 28
realize_gain -0.30675675675675673 37
realize_loss 1.1594444444444445 36
invest -0.0044444444444444444 27
update_start: 71; random_action_prob: 0.1751
update_complete: 71; loss: 0.7129584550857544; cumulative_reward: 12.580000000000014; invalid_count: 0; positive_reward_count: 3; success_count: 0; episode_count: 9; best_tax_advantage: 13.55; avg_entropy: 2.7440264988690615; random_exploration_count: 29; saved_snapshots: 0; random_action_prob: 0.1751
enter_straddle -0.00923076923076923 26
realize_gain -0.05052631578947369 38
realize_loss 0.4382352941176471 34
invest -0.005333333333333333 30
update_start: 72; random_action_prob: 0.1743
update_complete: 72; loss: 1.4967114925384521; cumulative_reward: 19.639999999999993; invalid_count: 0; positive_reward_count: 7; success_count: 0; episode_count: 9; best_tax_advantage: 19.82; avg_entropy: 2.7511067744344473; random_exploration_count: 31; saved_snapshots: 0; random_action_prob: 0.1743
enter_straddle -0.014117647058823528 34
realize_gain -0.43666666666666665 30
realize_loss 0.8541025641025641 39
invest -0.0036 25
update_start: 73; random_action_prob: 0.1734
update_complete: 73; loss: 0.24722341199715933; cumulative_reward: 7.920000000000016; invalid_count: 0; positive_reward_count: 2; success_count: 0; episode_count: 9; best_tax_advantage: 12.22; avg_entropy: 2.8057075161486864; random_exploration_count: 24; saved_snapshots: 0; random_action_prob: 0.1734
enter_straddle -0.013636363636363637 33
realize_gain -0.14147058823529413 34
realize_loss 0.30204545454545456 44
invest -0.006470588235294118 17
update_start: 74; random_action_prob: 0.1725
update_complete: 74; loss: 0.3738856116930644; cumulative_reward: -0.1599999999999987; invalid_count: 0; positive_reward_count: 3; success_count: 0; episode_count: 9; best_tax_advantage: 17.03; avg_entropy: 2.838383757509291; random_exploration_count: 23; saved_snapshots: 0; random_action_prob: 0.1725
enter_straddle -0.012666666666666666 30
realize_gain -0.5833333333333334 30
realize_loss 0.44775 40
invest -0.0067857142857142855 28
update_start: 75; random_action_prob: 0.1717
update_complete: 75; loss: 0.44061849514643353; cumulative_reward: 11.230000000000008; invalid_count: 0; positive_reward_count: 1; success_count: 0; episode_count: 9; best_tax_advantage: 12.45; avg_entropy: 2.7249327152967453; random_exploration_count: 30; saved_snapshots: 0; random_action_prob: 0.1717
enter_straddle -0.01206896551724138 29
realize_gain -0.010444444444444445 45
realize_loss 0.4063333333333333 30
invest -0.005833333333333334 24
update_start: 76; random_action_prob: 0.1708
update_complete: 76; loss: 3.418736219406128; cumulative_reward: 44.829999999999956; invalid_count: 0; positive_reward_count: 4; success_count: 0; episode_count: 9; best_tax_advantage: 26.43; avg_entropy: 2.6509217899292707; random_exploration_count: 18; saved_snapshots: 0; random_action_prob: 0.1708
enter_straddle -0.012666666666666666 30
realize_gain -0.8569444444444445 36
realize_loss 2.310909090909091 33
invest -0.006896551724137932 29
update_start: 77; random_action_prob: 0.1699
update_complete: 77; loss: 3.1304341157277427; cumulative_reward: 36.529999999999994; invalid_count: 0; positive_reward_count: 6; success_count: 0; episode_count: 9; best_tax_advantage: 25.69; avg_entropy: 2.644156150519848; random_exploration_count: 18; saved_snapshots: 0; random_action_prob: 0.1699
enter_straddle -0.01375 32
realize_gain -1.0748484848484847 33
realize_loss 1.7687804878048778 41
invest -0.0036363636363636364 22
update_start: 78; random_action_prob: 0.1691
update_complete: 78; loss: 0.010705038905143738; cumulative_reward: -1.7900000000000005; invalid_count: 0; positive_reward_count: 1; success_count: 0; episode_count: 9; best_tax_advantage: 3.96; avg_entropy: 2.6233921693637967; random_exploration_count: 31; saved_snapshots: 0; random_action_prob: 0.1691
enter_straddle -0.015151515151515152 33
realize_gain -0.1333333333333333 33
realize_loss 0.08121951219512195 41
invest -0.010476190476190476 21
update_start: 79; random_action_prob: 0.1683
update_complete: 79; loss: 0.2847662766774495; cumulative_reward: 19.680000000000007; invalid_count: 0; positive_reward_count: 5; success_count: 0; episode_count: 9; best_tax_advantage: 7.73; avg_entropy: 2.708242204040289; random_exploration_count: 24; saved_snapshots: 0; random_action_prob: 0.1683
enter_straddle -0.014242424242424244 33
realize_gain -0.010294117647058823 34
realize_loss 0.6091176470588235 34
invest -0.0077777777777777776 27
update_start: 80; random_action_prob: 0.1674
update_complete: 80; loss: 0.033694436152776085; cumulative_reward: 5.980000000000009; invalid_count: 0; positive_reward_count: 4; success_count: 0; episode_count: 9; best_tax_advantage: 3.7; avg_entropy: 2.669359472580254; random_exploration_count: 28; saved_snapshots: 0; random_action_prob: 0.1674
enter_straddle -0.011666666666666665 30
realize_gain -0.19945945945945945 37
realize_loss 0.3737837837837838 37
invest -0.005 24
update_start: 81; random_action_prob: 0.1666
update_complete: 81; loss: 3.442965825398763; cumulative_reward: 30.749999999999982; invalid_count: 0; positive_reward_count: 3; success_count: 1; episode_count: 9; best_tax_advantage: 32.37; avg_entropy: 2.733145168982446; random_exploration_count: 19; saved_snapshots: 0; random_action_prob: 0.1666
enter_straddle -0.014571428571428572 35
realize_gain -0.09054054054054055 37
realize_loss 0.939189189189189 37
invest -0.00736842105263158 19
update_start: 82; random_action_prob: 0.1657
update_complete: 82; loss: -0.03914607067902883; cumulative_reward: 0.009999999999999497; invalid_count: 0; positive_reward_count: 1; success_count: 0; episode_count: 9; best_tax_advantage: 1.13; avg_entropy: 2.7431865660473704; random_exploration_count: 25; saved_snapshots: 0; random_action_prob: 0.1657
enter_straddle -0.011428571428571429 28
realize_gain -0.009736842105263158 38
realize_loss 0.027857142857142855 28
invest -0.0023529411764705885 34
update_start: 83; random_action_prob: 0.1649
update_complete: 83; loss: 1.508592168490092; cumulative_reward: 17.199999999999992; invalid_count: 0; positive_reward_count: 6; success_count: 0; episode_count: 9; best_tax_advantage: 16.19; avg_entropy: 2.81905834749341; random_exploration_count: 26; saved_snapshots: 0; random_action_prob: 0.1649
enter_straddle -0.015555555555555557 36
realize_gain -0.7457142857142857 28
realize_loss 1.1455882352941178 34
invest -0.010333333333333333 30
update_start: 84; random_action_prob: 0.1641
update_complete: 84; loss: 0.9111330707867941; cumulative_reward: 5.990000000000006; invalid_count: 0; positive_reward_count: 3; success_count: 0; episode_count: 9; best_tax_advantage: 15.42; avg_entropy: 2.740361938253045; random_exploration_count: 15; saved_snapshots: 0; random_action_prob: 0.1641
enter_straddle -0.014375 32
realize_gain -0.5437931034482758 29
realize_loss 0.6241666666666666 36
invest -0.008064516129032258 31
update_start: 85; random_action_prob: 0.1633
update_complete: 85; loss: 5.761773109436035; cumulative_reward: 40.859999999999935; invalid_count: 0; positive_reward_count: 10; success_count: 1; episode_count: 9; best_tax_advantage: 30.06; avg_entropy: 2.6188198840245605; random_exploration_count: 14; saved_snapshots: 0; random_action_prob: 0.1633
enter_straddle -0.0134375 32
realize_gain -1.147741935483871 31
realize_loss 1.9728205128205127 39
invest -0.0026923076923076926 26
update_start: 86; random_action_prob: 0.1625
update_complete: 86; loss: 0.9337076544761658; cumulative_reward: 15.08; invalid_count: 0; positive_reward_count: 5; success_count: 0; episode_count: 9; best_tax_advantage: 20.81; avg_entropy: 2.7369953030720353; random_exploration_count: 21; saved_snapshots: 0; random_action_prob: 0.1625
enter_straddle -0.015789473684210527 38
realize_gain -0.4544117647058823 34
realize_loss 0.8655555555555555 36
invest -0.0015 20
update_start: 87; random_action_prob: 0.1616
update_complete: 87; loss: -0.09863998740911484; cumulative_reward: -1.5600000000000012; invalid_count: 0; positive_reward_count: 0; success_count: 0; episode_count: 9; best_tax_advantage: 0.0; avg_entropy: 2.750218901783228; random_exploration_count: 15; saved_snapshots: 0; random_action_prob: 0.1616
enter_straddle -0.013428571428571429 35
realize_gain -0.012857142857142857 35
realize_loss -0.012 40
invest -0.008888888888888889 18
update_start: 88; random_action_prob: 0.1608
update_complete: 88; loss: 0.3102302650610606; cumulative_reward: 12.73000000000002; invalid_count: 0; positive_reward_count: 3; success_count: 0; episode_count: 9; best_tax_advantage: 11.56; avg_entropy: 2.7151185665279627; random_exploration_count: 25; saved_snapshots: 0; random_action_prob: 0.1608
enter_straddle -0.011428571428571429 28
realize_gain -0.012758620689655172 29
realize_loss 0.3777777777777778 36
invest -0.005142857142857143 35
update_start: 89; random_action_prob: 0.1600
update_complete: 89; loss: -0.09639712919791539; cumulative_reward: -0.27000000000000085; invalid_count: 0; positive_reward_count: 1; success_count: 0; episode_count: 9; best_tax_advantage: 1.15; avg_entropy: 2.767882401123643; random_exploration_count: 19; saved_snapshots: 0; random_action_prob: 0.1600
enter_straddle -0.012580645161290323 31
realize_gain -0.01368421052631579 38
realize_loss 0.02483870967741935 31
invest -0.004642857142857143 28
update_start: 90; random_action_prob: 0.1592
update_complete: 90; loss: 1.4949527184168498; cumulative_reward: 25.35999999999998; invalid_count: 0; positive_reward_count: 4; success_count: 0; episode_count: 9; best_tax_advantage: 28.78; avg_entropy: 2.743825463578105; random_exploration_count: 20; saved_snapshots: 0; random_action_prob: 0.1592
enter_straddle -0.015000000000000001 36
realize_gain -0.5503571428571429 28
realize_loss 1.0936842105263158 38
invest -0.009615384615384616 26
update_start: 91; random_action_prob: 0.1584
update_complete: 91; loss: 2.2733119328816733; cumulative_reward: 40.06999999999995; invalid_count: 0; positive_reward_count: 8; success_count: 0; episode_count: 9; best_tax_advantage: 20.26; avg_entropy: 2.776887466199696; random_exploration_count: 23; saved_snapshots: 0; random_action_prob: 0.1584
enter_straddle -0.01074074074074074 27
realize_gain -0.4913636363636364 44
realize_loss 1.8270588235294118 34
invest -0.006086956521739131 23
update_start: 92; random_action_prob: 0.1576
update_complete: 92; loss: 0.3629661599795024; cumulative_reward: 8.400000000000002; invalid_count: 0; positive_reward_count: 2; success_count: 0; episode_count: 9; best_tax_advantage: 9.25; avg_entropy: 2.5751305306330323; random_exploration_count: 17; saved_snapshots: 0; random_action_prob: 0.1576
enter_straddle -0.009615384615384616 26
realize_gain -0.20475 40
realize_loss 0.38386363636363635 44
invest -0.002777777777777778 18
update_start: 93; random_action_prob: 0.1569
update_complete: 93; loss: 0.5496858557065328; cumulative_reward: 14.770000000000026; invalid_count: 0; positive_reward_count: 2; success_count: 0; episode_count: 9; best_tax_advantage: 16.19; avg_entropy: 2.7282526018097997; random_exploration_count: 15; saved_snapshots: 0; random_action_prob: 0.1569
enter_straddle -0.013125 32
realize_gain -0.011000000000000001 30
realize_loss 0.362093023255814 43
invest -0.002173913043478261 23
update_start: 94; random_action_prob: 0.1561
update_complete: 94; loss: 0.12216873466968536; cumulative_reward: 7.610000000000012; invalid_count: 0; positive_reward_count: 8; success_count: 0; episode_count: 9; best_tax_advantage: 6.03; avg_entropy: 2.7598086297512054; random_exploration_count: 20; saved_snapshots: 0; random_action_prob: 0.1561
enter_straddle -0.013125 32
realize_gain -0.29714285714285715 28
realize_loss 0.38418604651162797 43
invest -0.0068000000000000005 25
update_start: 95; random_action_prob: 0.1553
update_complete: 95; loss: 4.886396567026774; cumulative_reward: 38.669999999999995; invalid_count: 0; positive_reward_count: 2; success_count: 1; episode_count: 9; best_tax_advantage: 37.0; avg_entropy: 2.652529353275895; random_exploration_count: 22; saved_snapshots: 0; random_action_prob: 0.1553
enter_straddle -0.014117647058823528 34
realize_gain -0.008666666666666666 30
realize_loss 0.8586956521739131 46
invest -0.005 18
update_start: 96; random_action_prob: 0.1545
update_complete: 96; loss: 0.47201405962308246; cumulative_reward: 21.500000000000014; invalid_count: 0; positive_reward_count: 6; success_count: 0; episode_count: 9; best_tax_advantage: 12.22; avg_entropy: 2.59492595680058; random_exploration_count: 23; saved_snapshots: 0; random_action_prob: 0.1545
enter_straddle -0.010357142857142856 28
realize_gain -0.0368421052631579 38
realize_loss 0.7773333333333333 30
invest -0.0040625 32
update_start: 97; random_action_prob: 0.1537
update_complete: 97; loss: -0.03335368633270264; cumulative_reward: -0.32999999999999974; invalid_count: 0; positive_reward_count: 3; success_count: 0; episode_count: 9; best_tax_advantage: 4.18; avg_entropy: 2.6103560123592615; random_exploration_count: 19; saved_snapshots: 0; random_action_prob: 0.1537
enter_straddle -0.012333333333333333 30
realize_gain -0.12388888888888887 36
realize_loss 0.13257142857142856 35
invest -0.005185185185185186 27
update_start: 98; random_action_prob: 0.1530
update_complete: 98; loss: 0.2287349154551824; cumulative_reward: 7.260000000000007; invalid_count: 0; positive_reward_count: 4; success_count: 0; episode_count: 9; best_tax_advantage: 8.69; avg_entropy: 2.720251679420471; random_exploration_count: 15; saved_snapshots: 0; random_action_prob: 0.1530
enter_straddle -0.0128125 32
realize_gain -0.22853658536585364 41
realize_loss 0.46297297297297296 37
invest -0.005 18
update_start: 99; random_action_prob: 0.1522
update_complete: 99; loss: 3.337750275929769; cumulative_reward: 31.40999999999998; invalid_count: 0; positive_reward_count: 1; success_count: 1; episode_count: 9; best_tax_advantage: 32.96; avg_entropy: 2.801893897354603; random_exploration_count: 19; saved_snapshots: 0; random_action_prob: 0.1522
enter_straddle -0.013235294117647059 34
realize_gain -0.0134375 32
realize_loss 0.80975 40
invest -0.004545454545454546 22
2026-07-10T17:50:05 completed straddle_abuse run=5 elapsed_seconds=860.54 updates_logged=100
2026-07-10T17:50:05 running straddle_abuse run=6 seed=1735
update_start: 0; random_action_prob: 0.2500
update_complete: 0; loss: -0.09984056651592255; cumulative_reward: -2.2600000000000007; invalid_count: 0; positive_reward_count: 2; success_count: 0; episode_count: 9; best_tax_advantage: 7.06; avg_entropy: 2.980321212671697; random_exploration_count: 38; saved_snapshots: 0; random_action_prob: 0.2500
enter_straddle -0.017105263157894738 38
realize_gain -0.2873529411764706 34
realize_loss 0.2245945945945946 37
invest -0.007894736842105263 19
update_start: 1; random_action_prob: 0.2487
update_complete: 1; loss: -0.14219068984190622; cumulative_reward: -1.8700000000000012; invalid_count: 0; positive_reward_count: 0; success_count: 0; episode_count: 9; best_tax_advantage: 0.0; avg_entropy: 2.8613263461738825; random_exploration_count: 28; saved_snapshots: 0; random_action_prob: 0.2487
enter_straddle -0.016216216216216217 37
realize_gain -0.01413793103448276 29
realize_loss -0.014857142857142857 35
invest -0.012592592592592593 27
update_start: 2; random_action_prob: 0.2475
update_complete: 2; loss: 0.4852038125197093; cumulative_reward: 9.620000000000017; invalid_count: 0; positive_reward_count: 1; success_count: 0; episode_count: 9; best_tax_advantage: 11.56; avg_entropy: 2.9081765096634626; random_exploration_count: 32; saved_snapshots: 0; random_action_prob: 0.2475
enter_straddle -0.015789473684210527 38
realize_gain -0.015555555555555555 27
realize_loss 0.272 40
invest -0.010434782608695651 23
update_start: 3; random_action_prob: 0.2463
update_complete: 3; loss: -0.1432493031024933; cumulative_reward: -1.8900000000000012; invalid_count: 0; positive_reward_count: 0; success_count: 0; episode_count: 9; best_tax_advantage: 0.0; avg_entropy: 2.827242014929652; random_exploration_count: 19; saved_snapshots: 0; random_action_prob: 0.2463
enter_straddle -0.017105263157894738 38
realize_gain -0.015277777777777779 36
realize_loss -0.016923076923076923 26
invest -0.008928571428571428 28
update_start: 4; random_action_prob: 0.2450
update_complete: 4; loss: -0.11121905346711476; cumulative_reward: -1.6100000000000012; invalid_count: 0; positive_reward_count: 1; success_count: 0; episode_count: 9; best_tax_advantage: 6.66; avg_entropy: 2.8171947840601206; random_exploration_count: 29; saved_snapshots: 0; random_action_prob: 0.2450
enter_straddle -0.0140625 32
realize_gain -0.24586206896551724 29
realize_loss 0.2076666666666667 30
invest -0.007027027027027027 37
update_start: 5; random_action_prob: 0.2438
update_complete: 5; loss: -0.05691079795360565; cumulative_reward: 2.61; invalid_count: 0; positive_reward_count: 1; success_count: 0; episode_count: 9; best_tax_advantage: 4.4; avg_entropy: 2.7908012736588717; random_exploration_count: 29; saved_snapshots: 0; random_action_prob: 0.2438
enter_straddle -0.014857142857142857 35
realize_gain -0.01636363636363636 22
realize_loss 0.09810810810810812 37
invest -0.00411764705882353 34
update_start: 6; random_action_prob: 0.2426
update_complete: 6; loss: -0.11467909812927246; cumulative_reward: 0.5099999999999991; invalid_count: 0; positive_reward_count: 1; success_count: 0; episode_count: 9; best_tax_advantage: 2.26; avg_entropy: 2.7528718328103423; random_exploration_count: 36; saved_snapshots: 0; random_action_prob: 0.2426
enter_straddle -0.014411764705882353 34
realize_gain -0.016666666666666666 30
realize_loss 0.0431578947368421 38
invest -0.005384615384615385 26
update_start: 7; random_action_prob: 0.2414
update_complete: 7; loss: 0.03613341351350149; cumulative_reward: 4.400000000000007; invalid_count: 0; positive_reward_count: 3; success_count: 0; episode_count: 9; best_tax_advantage: 9.31; avg_entropy: 2.7828168449923396; random_exploration_count: 34; saved_snapshots: 0; random_action_prob: 0.2414
enter_straddle -0.014117647058823528 34
realize_gain -0.3166666666666667 27
realize_loss 0.37000000000000005 37
invest -0.008666666666666666 30
update_start: 8; random_action_prob: 0.2402
update_complete: 8; loss: -0.15084599951903024; cumulative_reward: -1.660000000000001; invalid_count: 0; positive_reward_count: 0; success_count: 0; episode_count: 9; best_tax_advantage: 0.0; avg_entropy: 2.7688855845481157; random_exploration_count: 33; saved_snapshots: 0; random_action_prob: 0.2402
enter_straddle -0.014285714285714285 35
realize_gain -0.014687500000000001 32
realize_loss -0.01368421052631579 38
invest -0.007391304347826088 23
update_start: 9; random_action_prob: 0.2390
update_complete: 9; loss: 3.025710105895996; cumulative_reward: 25.83; invalid_count: 0; positive_reward_count: 1; success_count: 0; episode_count: 9; best_tax_advantage: 27.75; avg_entropy: 2.8454690603539348; random_exploration_count: 32; saved_snapshots: 0; random_action_prob: 0.2390
enter_straddle -0.014857142857142857 35
realize_gain -0.018484848484848486 33
realize_loss 0.67775 40
invest -0.0075 20
update_start: 10; random_action_prob: 0.2378
update_complete: 10; loss: -0.1288447380065918; cumulative_reward: -1.5200000000000007; invalid_count: 0; positive_reward_count: 1; success_count: 0; episode_count: 9; best_tax_advantage: 0.16; avg_entropy: 2.828650646843016; random_exploration_count: 36; saved_snapshots: 0; random_action_prob: 0.2378
enter_straddle -0.01375 32
realize_gain -0.016774193548387096 31
realize_loss -0.009473684210526315 38
invest -0.007407407407407408 27
update_start: 11; random_action_prob: 0.2366
update_complete: 11; loss: 0.29736263553301495; cumulative_reward: 8.940000000000014; invalid_count: 0; positive_reward_count: 3; success_count: 0; episode_count: 9; best_tax_advantage: 10.03; avg_entropy: 2.6443427577614784; random_exploration_count: 22; saved_snapshots: 0; random_action_prob: 0.2366
enter_straddle -0.011428571428571429 28
realize_gain -0.008214285714285714 28
realize_loss 0.24564102564102563 39
invest -0.002727272727272727 33
update_start: 12; random_action_prob: 0.2354
update_complete: 12; loss: -0.1100649784008662; cumulative_reward: -1.55; invalid_count: 0; positive_reward_count: 1; success_count: 0; episode_count: 9; best_tax_advantage: 2.23; avg_entropy: 2.6985969934612513; random_exploration_count: 32; saved_snapshots: 0; random_action_prob: 0.2354
enter_straddle -0.01393939393939394 33
realize_gain -0.08121212121212121 33
realize_loss 0.03928571428571429 42
invest -0.003 20
update_start: 13; random_action_prob: 0.2342
update_complete: 13; loss: -0.09285199145476024; cumulative_reward: 2.360000000000005; invalid_count: 0; positive_reward_count: 2; success_count: 0; episode_count: 9; best_tax_advantage: 3.97; avg_entropy: 2.8287845281884074; random_exploration_count: 23; saved_snapshots: 0; random_action_prob: 0.2342
enter_straddle -0.013125 32
realize_gain -0.012857142857142864 28
realize_loss 0.08073170731707319 41
invest -0.006296296296296296 27
update_start: 14; random_action_prob: 0.2331
update_complete: 14; loss: 0.9764520724614462; cumulative_reward: 14.320000000000016; invalid_count: 0; positive_reward_count: 2; success_count: 0; episode_count: 9; best_tax_advantage: 19.4; avg_entropy: 2.82868136651814; random_exploration_count: 28; saved_snapshots: 0; random_action_prob: 0.2331
enter_straddle -0.015135135135135137 37
realize_gain -0.2518181818181817 33
realize_loss 0.5989743589743589 39
invest -0.008947368421052631 19
update_start: 15; random_action_prob: 0.2319
update_complete: 15; loss: -0.1184391329685847; cumulative_reward: 0.1599999999999991; invalid_count: 0; positive_reward_count: 2; success_count: 0; episode_count: 9; best_tax_advantage: 1.6; avg_entropy: 2.702494004741311; random_exploration_count: 29; saved_snapshots: 0; random_action_prob: 0.2319
enter_straddle -0.013823529411764705 34
realize_gain -0.02076923076923077 39
realize_loss 0.045294117647058825 34
invest -0.004761904761904762 21
update_start: 16; random_action_prob: 0.2307
update_complete: 16; loss: 7.811141490936279; cumulative_reward: 63.749999999999964; invalid_count: 0; positive_reward_count: 9; success_count: 1; episode_count: 9; best_tax_advantage: 36.71; avg_entropy: 2.668628458864987; random_exploration_count: 29; saved_snapshots: 0; random_action_prob: 0.2307
enter_straddle -0.014 35
realize_gain -0.0084375 32
realize_loss 1.9017647058823528 34
invest -0.005555555555555556 27
update_start: 17; random_action_prob: 0.2296
update_complete: 17; loss: 0.898620069026947; cumulative_reward: 10.960000000000008; invalid_count: 0; positive_reward_count: 5; success_count: 0; episode_count: 9; best_tax_advantage: 21.51; avg_entropy: 2.710937324911356; random_exploration_count: 29; saved_snapshots: 0; random_action_prob: 0.2296
enter_straddle -0.013870967741935483 31
realize_gain -0.5175000000000001 40
realize_loss 0.9194285714285714 35
invest -0.00409090909090909 22
update_start: 18; random_action_prob: 0.2284
update_complete: 18; loss: -0.12388671686251958; cumulative_reward: -1.1000000000000008; invalid_count: 0; positive_reward_count: 1; success_count: 0; episode_count: 9; best_tax_advantage: 0.48; avg_entropy: 2.7140865894034505; random_exploration_count: 33; saved_snapshots: 0; random_action_prob: 0.2284
enter_straddle -0.011481481481481481 27
realize_gain -0.022894736842105263 38
realize_loss 0.010833333333333332 24
invest -0.004615384615384615 39
update_start: 19; random_action_prob: 0.2273
update_complete: 19; loss: -0.022047112385431927; cumulative_reward: 4.880000000000007; invalid_count: 0; positive_reward_count: 3; success_count: 0; episode_count: 9; best_tax_advantage: 4.63; avg_entropy: 2.6977410037070513; random_exploration_count: 33; saved_snapshots: 0; random_action_prob: 0.2273
enter_straddle -0.014857142857142857 35
realize_gain -0.05125 32
realize_loss 0.21818181818181817 33
invest -0.005714285714285714 28
update_start: 20; random_action_prob: 0.2262
update_complete: 20; loss: -0.14353010058403015; cumulative_reward: -1.7300000000000013; invalid_count: 0; positive_reward_count: 0; success_count: 0; episode_count: 9; best_tax_advantage: 0.0; avg_entropy: 2.7928379690274596; random_exploration_count: 35; saved_snapshots: 0; random_action_prob: 0.2262
enter_straddle -0.015 32
realize_gain -0.01625 32
realize_loss -0.014411764705882353 34
invest -0.008 30
update_start: 21; random_action_prob: 0.2250
update_complete: 21; loss: -0.12601013481616974; cumulative_reward: -1.7600000000000011; invalid_count: 0; positive_reward_count: 1; success_count: 0; episode_count: 9; best_tax_advantage: 0.89; avg_entropy: 2.74198254942894; random_exploration_count: 30; saved_snapshots: 0; random_action_prob: 0.2250
enter_straddle -0.015263157894736841 38
realize_gain -0.03571428571428571 42
realize_loss 0.015714285714285715 28
invest -0.006 20
update_start: 22; random_action_prob: 0.2239
update_complete: 22; loss: -0.15655566255251566; cumulative_reward: -1.630000000000001; invalid_count: 0; positive_reward_count: 0; success_count: 0; episode_count: 9; best_tax_advantage: 0.0; avg_entropy: 2.867916824296117; random_exploration_count: 28; saved_snapshots: 0; random_action_prob: 0.2239
enter_straddle -0.014242424242424244 33
realize_gain -0.014333333333333333 30
realize_loss -0.014375 32
invest -0.008181818181818182 33
update_start: 23; random_action_prob: 0.2228
update_complete: 23; loss: -0.1064552515745163; cumulative_reward: -1.2100000000000002; invalid_count: 0; positive_reward_count: 1; success_count: 0; episode_count: 9; best_tax_advantage: 3.79; avg_entropy: 2.6489776661619544; random_exploration_count: 28; saved_snapshots: 0; random_action_prob: 0.2228
enter_straddle -0.0134375 32
realize_gain -0.09767441860465116 43
realize_loss 0.125 28
invest -0.0032 25
update_start: 24; random_action_prob: 0.2217
update_complete: 24; loss: 0.11987128853797913; cumulative_reward: 8.760000000000003; invalid_count: 0; positive_reward_count: 4; success_count: 0; episode_count: 9; best_tax_advantage: 6.62; avg_entropy: 2.824632791802287; random_exploration_count: 26; saved_snapshots: 0; random_action_prob: 0.2217
enter_straddle -0.0134375 32
realize_gain -0.01 24
realize_loss 0.2785714285714286 35
invest -0.008648648648648649 37
update_start: 25; random_action_prob: 0.2206
update_complete: 25; loss: 2.080861727396647; cumulative_reward: 3.9100000000000112; invalid_count: 0; positive_reward_count: 5; success_count: 0; episode_count: 9; best_tax_advantage: 26.43; avg_entropy: 2.696825247257948; random_exploration_count: 32; saved_snapshots: 0; random_action_prob: 0.2206
enter_straddle -0.010357142857142856 28
realize_gain -1.14 38
realize_loss 1.4433333333333334 33
invest -0.003793103448275862 29
update_start: 26; random_action_prob: 0.2195
update_complete: 26; loss: 3.2531155745188394; cumulative_reward: -1.059999999999999; invalid_count: 0; positive_reward_count: 7; success_count: 0; episode_count: 9; best_tax_advantage: 27.07; avg_entropy: 2.6617890894412994; random_exploration_count: 28; saved_snapshots: 0; random_action_prob: 0.2195
enter_straddle -0.01076923076923077 26
realize_gain -1.0943589743589743 39
realize_loss 1.3125 32
invest -0.0032258064516129032 31
update_start: 27; random_action_prob: 0.2184
update_complete: 27; loss: 3.2469163735707602; cumulative_reward: 39.819999999999965; invalid_count: 0; positive_reward_count: 3; success_count: 0; episode_count: 9; best_tax_advantage: 18.5; avg_entropy: 2.7609345074743032; random_exploration_count: 28; saved_snapshots: 0; random_action_prob: 0.2184
enter_straddle -0.015 34
realize_gain -0.011764705882352941 34
realize_loss 1.5769230769230769 26
invest -0.007941176470588236 34
update_start: 28; random_action_prob: 0.2173
update_complete: 28; loss: -0.14847402274608612; cumulative_reward: -1.9300000000000015; invalid_count: 0; positive_reward_count: 1; success_count: 0; episode_count: 9; best_tax_advantage: 0.06; avg_entropy: 2.858569400385022; random_exploration_count: 24; saved_snapshots: 0; random_action_prob: 0.2173
enter_straddle -0.015675675675675675 37
realize_gain -0.023214285714285715 28
realize_loss -0.01 30
invest -0.012121212121212121 33
update_start: 29; random_action_prob: 0.2162
update_complete: 29; loss: -0.12664838135242462; cumulative_reward: -2.0700000000000007; invalid_count: 0; positive_reward_count: 1; success_count: 0; episode_count: 9; best_tax_advantage: 5.25; avg_entropy: 2.933056650683284; random_exploration_count: 35; saved_snapshots: 0; random_action_prob: 0.2162
enter_straddle -0.015555555555555557 36
realize_gain -0.14093023255813952 43
realize_loss 0.20125 24
invest -0.011200000000000002 25
update_start: 30; random_action_prob: 0.2151
update_complete: 30; loss: 0.8363193273544312; cumulative_reward: 1.0200000000000053; invalid_count: 0; positive_reward_count: 2; success_count: 0; episode_count: 9; best_tax_advantage: 15.86; avg_entropy: 2.768565308302641; random_exploration_count: 25; saved_snapshots: 0; random_action_prob: 0.2151
enter_straddle -0.015675675675675675 37
realize_gain -0.45199999999999996 40
realize_loss 0.6583333333333333 30
invest -0.0033333333333333335 21
update_start: 31; random_action_prob: 0.2140
update_complete: 31; loss: 1.2578526337941487; cumulative_reward: 13.570000000000034; invalid_count: 0; positive_reward_count: 2; success_count: 0; episode_count: 9; best_tax_advantage: 23.1; avg_entropy: 2.899580830708146; random_exploration_count: 17; saved_snapshots: 0; random_action_prob: 0.2140
enter_straddle -0.014571428571428572 35
realize_gain -0.5246428571428572 28
realize_loss 0.7628947368421052 38
invest -0.008148148148148147 27
update_start: 32; random_action_prob: 0.2130
update_complete: 32; loss: 0.25440632303555805; cumulative_reward: 10.360000000000012; invalid_count: 0; positive_reward_count: 2; success_count: 0; episode_count: 9; best_tax_advantage: 12.34; avg_entropy: 2.8808207819238305; random_exploration_count: 25; saved_snapshots: 0; random_action_prob: 0.2130
enter_straddle -0.015555555555555557 36
realize_gain -0.045675675675675674 37
realize_loss 0.44482758620689655 29
invest -0.011153846153846153 26
update_start: 33; random_action_prob: 0.2119
update_complete: 33; loss: 5.896643320719401; cumulative_reward: 43.23000000000002; invalid_count: 0; positive_reward_count: 5; success_count: 0; episode_count: 9; best_tax_advantage: 29.49; avg_entropy: 2.7822320461273193; random_exploration_count: 29; saved_snapshots: 0; random_action_prob: 0.2119
enter_straddle -0.01206896551724138 29
realize_gain -0.35868421052631577 38
realize_loss 1.5527027027027027 37
invest -0.01 24
update_start: 34; random_action_prob: 0.2108
update_complete: 34; loss: 0.174936314423879; cumulative_reward: -0.9600000000000003; invalid_count: 0; positive_reward_count: 3; success_count: 0; episode_count: 9; best_tax_advantage: 9.24; avg_entropy: 2.692376270890236; random_exploration_count: 21; saved_snapshots: 0; random_action_prob: 0.2108
enter_straddle -0.012258064516129033 31
realize_gain -0.2794285714285714 35
realize_loss 0.273235294117647 34
invest -0.0032142857142857142 28
update_start: 35; random_action_prob: 0.2098
update_complete: 35; loss: 1.6247151692708333; cumulative_reward: 17.43999999999999; invalid_count: 0; positive_reward_count: 2; success_count: 0; episode_count: 9; best_tax_advantage: 18.58; avg_entropy: 2.8319683503359556; random_exploration_count: 26; saved_snapshots: 0; random_action_prob: 0.2098
enter_straddle -0.016756756756756756 37
realize_gain -0.017857142857142808 42
realize_loss 0.76 25
invest -0.007916666666666667 24
update_start: 36; random_action_prob: 0.2087
update_complete: 36; loss: -0.10419628769159317; cumulative_reward: -1.280000000000001; invalid_count: 0; positive_reward_count: 1; success_count: 0; episode_count: 9; best_tax_advantage: 0.83; avg_entropy: 2.741503668949008; random_exploration_count: 30; saved_snapshots: 0; random_action_prob: 0.2087
enter_straddle -0.012812500000000001 32
realize_gain -0.033 40
realize_loss 0.024999999999999998 22
invest -0.0029411764705882353 34
update_start: 37; random_action_prob: 0.2077
update_complete: 37; loss: -0.1100406398375829; cumulative_reward: -1.0100000000000011; invalid_count: 0; positive_reward_count: 1; success_count: 0; episode_count: 9; best_tax_advantage: 0.66; avg_entropy: 2.7830689158290625; random_exploration_count: 26; saved_snapshots: 0; random_action_prob: 0.2077
enter_straddle -0.01641025641025641 39
realize_gain -0.015789473684210527 38
realize_loss 0.020952380952380955 21
invest -0.007 30
update_start: 38; random_action_prob: 0.2066
update_complete: 38; loss: -0.12413103381792705; cumulative_reward: -2.1800000000000006; invalid_count: 0; positive_reward_count: 0; success_count: 0; episode_count: 9; best_tax_advantage: 0.0; avg_entropy: 2.8562356885522604; random_exploration_count: 25; saved_snapshots: 0; random_action_prob: 0.2066
enter_straddle -0.01641025641025641 39
realize_gain -0.01810810810810811 37
realize_loss -0.0232258064516129 31
invest -0.007142857142857143 21
update_start: 39; random_action_prob: 0.2056
update_complete: 39; loss: 0.08318427205085754; cumulative_reward: 1.7900000000000036; invalid_count: 0; positive_reward_count: 2; success_count: 0; episode_count: 9; best_tax_advantage: 12.88; avg_entropy: 2.939568690955639; random_exploration_count: 30; saved_snapshots: 0; random_action_prob: 0.2056
enter_straddle -0.015789473684210527 38
realize_gain -0.2955263157894737 38
realize_loss 0.5303846153846155 26
invest -0.006538461538461539 26
update_start: 40; random_action_prob: 0.2046
update_complete: 40; loss: 2.4357258478800454; cumulative_reward: 19.75999999999996; invalid_count: 0; positive_reward_count: 1; success_count: 0; episode_count: 9; best_tax_advantage: 21.54; avg_entropy: 2.9023484960198402; random_exploration_count: 24; saved_snapshots: 0; random_action_prob: 0.2046
enter_straddle -0.014571428571428572 35
realize_gain -0.016904761904761905 42
realize_loss 0.88 24
invest -0.005185185185185186 27
update_start: 41; random_action_prob: 0.2036
update_complete: 41; loss: 1.2533152103424072; cumulative_reward: 16.459999999999976; invalid_count: 0; positive_reward_count: 5; success_count: 0; episode_count: 9; best_tax_advantage: 27.75; avg_entropy: 2.8230714462697506; random_exploration_count: 36; saved_snapshots: 0; random_action_prob: 0.2036
enter_straddle -0.016153846153846154 39
realize_gain -1.3657142857142859 28
realize_loss 1.6329411764705883 34
invest -0.007037037037037037 27
update_start: 42; random_action_prob: 0.2025
update_complete: 42; loss: -0.1283309062321981; cumulative_reward: -1.9400000000000013; invalid_count: 0; positive_reward_count: 0; success_count: 0; episode_count: 9; best_tax_advantage: 0.0; avg_entropy: 2.7972063766792417; random_exploration_count: 33; saved_snapshots: 0; random_action_prob: 0.2025
enter_straddle -0.016052631578947367 38
realize_gain -0.0225 32
realize_loss -0.0121875 32
invest -0.008461538461538461 26
update_start: 43; random_action_prob: 0.2015
update_complete: 43; loss: 0.34781498710314435; cumulative_reward: 13.380000000000033; invalid_count: 0; positive_reward_count: 6; success_count: 0; episode_count: 9; best_tax_advantage: 10.88; avg_entropy: 2.843536078929901; random_exploration_count: 19; saved_snapshots: 0; random_action_prob: 0.2015
enter_straddle -0.015945945945945946 37
realize_gain -0.015714285714285715 28
realize_loss 0.3730769230769231 39
invest -0.005833333333333334 24
update_start: 44; random_action_prob: 0.2005
update_complete: 44; loss: 0.39783975481987; cumulative_reward: 9.880000000000019; invalid_count: 0; positive_reward_count: 6; success_count: 0; episode_count: 9; best_tax_advantage: 10.98; avg_entropy: 2.7721762899309397; random_exploration_count: 17; saved_snapshots: 0; random_action_prob: 0.2005
enter_straddle -0.011851851851851851 27
realize_gain -0.34272727272727277 33
realize_loss 0.657878787878788 33
invest -0.005714285714285714 35
update_start: 45; random_action_prob: 0.1995
update_complete: 45; loss: -0.13221708436806998; cumulative_reward: -1.510000000000001; invalid_count: 0; positive_reward_count: 1; success_count: 0; episode_count: 9; best_tax_advantage: 0.07; avg_entropy: 2.8679350446909666; random_exploration_count: 31; saved_snapshots: 0; random_action_prob: 0.1995
enter_straddle -0.011666666666666665 30
realize_gain -0.011515151515151515 33
realize_loss -0.012750000000000001 40
invest -0.0108 25
update_start: 46; random_action_prob: 0.1985
update_complete: 46; loss: -0.13627842565377554; cumulative_reward: -1.3700000000000014; invalid_count: 0; positive_reward_count: 1; success_count: 0; episode_count: 9; best_tax_advantage: 0.43; avg_entropy: 2.8319911528378725; random_exploration_count: 21; saved_snapshots: 0; random_action_prob: 0.1985
enter_straddle -0.01641025641025641 39
realize_gain -0.018 20
realize_loss -0.0042499999999999994 40
invest -0.006896551724137932 29
update_start: 47; random_action_prob: 0.1975
update_complete: 47; loss: 6.2460581461588545; cumulative_reward: 34.99; invalid_count: 0; positive_reward_count: 3; success_count: 1; episode_count: 9; best_tax_advantage: 37.0; avg_entropy: 2.907687039114535; random_exploration_count: 27; saved_snapshots: 0; random_action_prob: 0.1975
enter_straddle -0.016153846153846154 39
realize_gain -0.016578947368421054 38
realize_loss 1.3533333333333333 27
invest -0.012083333333333333 24
update_start: 48; random_action_prob: 0.1965
update_complete: 48; loss: 0.6395294666290283; cumulative_reward: 1.1100000000000012; invalid_count: 0; positive_reward_count: 5; success_count: 0; episode_count: 9; best_tax_advantage: 19.82; avg_entropy: 2.751029474660754; random_exploration_count: 20; saved_snapshots: 0; random_action_prob: 0.1965
enter_straddle -0.015277777777777779 36
realize_gain -0.6549999999999999 36
realize_loss 0.706111111111111 36
invest -0.009 20
update_start: 49; random_action_prob: 0.1956
update_complete: 49; loss: -0.12395722915728886; cumulative_reward: 0.10999999999999913; invalid_count: 0; positive_reward_count: 1; success_count: 0; episode_count: 9; best_tax_advantage: 2.02; avg_entropy: 2.838308058679104; random_exploration_count: 21; saved_snapshots: 0; random_action_prob: 0.1956
enter_straddle -0.015945945945945946 37
realize_gain -0.01647058823529412 34
realize_loss 0.03641025641025641 39
invest -0.008888888888888889 18
update_start: 50; random_action_prob: 0.1946
update_complete: 50; loss: 1.768222451210022; cumulative_reward: 27.510000000000005; invalid_count: 0; positive_reward_count: 5; success_count: 0; episode_count: 9; best_tax_advantage: 19.82; avg_entropy: 2.8413916397839785; random_exploration_count: 20; saved_snapshots: 0; random_action_prob: 0.1946
enter_straddle -0.015675675675675675 37
realize_gain -0.2976470588235294 34
realize_loss 1.1633333333333333 33
invest -0.0075 24
update_start: 51; random_action_prob: 0.1936
update_complete: 51; loss: 1.2316010395685832; cumulative_reward: 4.880000000000015; invalid_count: 0; positive_reward_count: 3; success_count: 0; episode_count: 9; best_tax_advantage: 15.91; avg_entropy: 2.822220280766487; random_exploration_count: 26; saved_snapshots: 0; random_action_prob: 0.1936
enter_straddle -0.013636363636363637 33
realize_gain -0.4665714285714285 35
realize_loss 0.6627272727272727 33
invest -0.0077777777777777776 27
update_start: 52; random_action_prob: 0.1926
update_complete: 52; loss: 0.09538077811400096; cumulative_reward: -1.150000000000001; invalid_count: 0; positive_reward_count: 2; success_count: 0; episode_count: 9; best_tax_advantage: 11.89; avg_entropy: 2.6994920168071985; random_exploration_count: 27; saved_snapshots: 0; random_action_prob: 0.1926
enter_straddle -0.014285714285714285 35
realize_gain -0.4126666666666667 30
realize_loss 0.3048717948717949 39
invest -0.006666666666666667 24
update_start: 53; random_action_prob: 0.1917
update_complete: 53; loss: 1.080631415049235; cumulative_reward: 13.250000000000007; invalid_count: 0; positive_reward_count: 1; success_count: 0; episode_count: 9; best_tax_advantage: 14.98; avg_entropy: 2.7373035261407495; random_exploration_count: 25; saved_snapshots: 0; random_action_prob: 0.1917
enter_straddle -0.017142857142857144 35
realize_gain -0.013235294117647059 34
realize_loss 0.4693548387096774 31
invest -0.008928571428571428 28
update_start: 54; random_action_prob: 0.1907
update_complete: 54; loss: -0.12624471386273703; cumulative_reward: -1.6900000000000013; invalid_count: 0; positive_reward_count: 1; success_count: 0; episode_count: 9; best_tax_advantage: 0.95; avg_entropy: 2.760935690253973; random_exploration_count: 29; saved_snapshots: 0; random_action_prob: 0.1907
enter_straddle -0.015405405405405404 37
realize_gain -0.03970588235294118 34
realize_loss 0.009487179487179486 39
invest -0.007777777777777778 18
update_start: 55; random_action_prob: 0.1898
update_complete: 55; loss: -0.12207271655400594; cumulative_reward: -2.210000000000001; invalid_count: 0; positive_reward_count: 1; success_count: 0; episode_count: 9; best_tax_advantage: 2.62; avg_entropy: 2.835369335487485; random_exploration_count: 22; saved_snapshots: 0; random_action_prob: 0.1898
enter_straddle -0.017857142857142856 42
realize_gain -0.09371428571428572 35
realize_loss 0.07928571428571429 28
invest -0.017391304347826087 23
update_start: 56; random_action_prob: 0.1888
update_complete: 56; loss: -0.1304067075252533; cumulative_reward: -1.0700000000000007; invalid_count: 0; positive_reward_count: 1; success_count: 0; episode_count: 9; best_tax_advantage: 2.21; avg_entropy: 2.7348447358235717; random_exploration_count: 22; saved_snapshots: 0; random_action_prob: 0.1888
enter_straddle -0.009615384615384616 26
realize_gain -0.08258064516129032 31
realize_loss 0.04133333333333333 45
invest -0.004615384615384615 26
update_start: 57; random_action_prob: 0.1879
update_complete: 57; loss: 1.0528105894724529; cumulative_reward: 17.32999999999998; invalid_count: 0; positive_reward_count: 6; success_count: 0; episode_count: 9; best_tax_advantage: 14.15; avg_entropy: 2.751966565847397; random_exploration_count: 25; saved_snapshots: 0; random_action_prob: 0.1879
enter_straddle -0.01206896551724138 29
realize_gain -0.4651724137931035 29
realize_loss 0.8082051282051282 39
invest -0.01129032258064516 31
update_start: 58; random_action_prob: 0.1869
update_complete: 58; loss: 0.7406724294026693; cumulative_reward: 13.600000000000037; invalid_count: 0; positive_reward_count: 3; success_count: 0; episode_count: 9; best_tax_advantage: 15.36; avg_entropy: 2.6055440846830606; random_exploration_count: 23; saved_snapshots: 0; random_action_prob: 0.1869
enter_straddle -0.016666666666666666 39
realize_gain -0.015000000000000001 36
realize_loss 0.41138888888888886 36
invest -0.0011764705882352942 17
update_start: 59; random_action_prob: 0.1860
update_complete: 59; loss: 0.8991538882255554; cumulative_reward: 13.45000000000002; invalid_count: 0; positive_reward_count: 1; success_count: 0; episode_count: 9; best_tax_advantage: 14.93; avg_entropy: 2.7745024245232344; random_exploration_count: 24; saved_snapshots: 0; random_action_prob: 0.1860
enter_straddle -0.012580645161290323 31
realize_gain -0.013181818181818182 44
realize_loss 0.4412121212121212 33
invest -0.007000000000000001 20
update_start: 60; random_action_prob: 0.1851
update_complete: 60; loss: 0.5663061738014221; cumulative_reward: -1.369999999999999; invalid_count: 0; positive_reward_count: 2; success_count: 0; episode_count: 9; best_tax_advantage: 27.75; avg_entropy: 2.7175366347655654; random_exploration_count: 21; saved_snapshots: 0; random_action_prob: 0.1851
enter_straddle -0.01103448275862069 29
realize_gain -0.8770588235294117 34
realize_loss 0.8532352941176471 34
invest -0.007741935483870968 31
update_start: 61; random_action_prob: 0.1841
update_complete: 61; loss: -0.09363060692946117; cumulative_reward: -0.2100000000000008; invalid_count: 0; positive_reward_count: 1; success_count: 0; episode_count: 9; best_tax_advantage: 1.24; avg_entropy: 2.732071208767593; random_exploration_count: 25; saved_snapshots: 0; random_action_prob: 0.1841
enter_straddle -0.012333333333333333 30
realize_gain -0.012258064516129033 31
realize_loss 0.0240625 32
invest -0.006571428571428572 35
update_start: 62; random_action_prob: 0.1832
update_complete: 62; loss: 4.600637118021647; cumulative_reward: 36.19; invalid_count: 0; positive_reward_count: 4; success_count: 0; episode_count: 9; best_tax_advantage: 27.75; avg_entropy: 2.9209428541362286; random_exploration_count: 20; saved_snapshots: 0; random_action_prob: 0.1832
enter_straddle -0.0165 40
realize_gain -0.514 40
realize_loss 1.741818181818182 33
invest -0.004666666666666667 15
update_start: 63; random_action_prob: 0.1823
update_complete: 63; loss: 0.09821379681428273; cumulative_reward: 5.500000000000009; invalid_count: 0; positive_reward_count: 1; success_count: 0; episode_count: 9; best_tax_advantage: 7.07; avg_entropy: 2.7697664918377995; random_exploration_count: 23; saved_snapshots: 0; random_action_prob: 0.1823
enter_straddle -0.013225806451612903 31
realize_gain -0.011470588235294118 34
realize_loss 0.18742857142857144 35
invest -0.009285714285714286 28
update_start: 64; random_action_prob: 0.1814
update_complete: 64; loss: -0.08880755801995595; cumulative_reward: -1.850000000000001; invalid_count: 0; positive_reward_count: 1; success_count: 0; episode_count: 9; best_tax_advantage: 2.59; avg_entropy: 2.8329847529530525; random_exploration_count: 17; saved_snapshots: 0; random_action_prob: 0.1814
enter_straddle -0.01583333333333333 36
realize_gain -0.08729729729729728 37
realize_loss 0.07266666666666666 30
invest -0.0092 25
update_start: 65; random_action_prob: 0.1805
update_complete: 65; loss: 0.9792011777559916; cumulative_reward: 10.66000000000002; invalid_count: 0; positive_reward_count: 5; success_count: 0; episode_count: 9; best_tax_advantage: 27.75; avg_entropy: 2.630898711271584; random_exploration_count: 27; saved_snapshots: 0; random_action_prob: 0.1805
enter_straddle -0.015151515151515152 33
realize_gain -0.7599999999999999 37
realize_loss 1.3565517241379312 29
invest -0.0020689655172413794 29
update_start: 66; random_action_prob: 0.1796
update_complete: 66; loss: -0.09597070515155792; cumulative_reward: 0.33999999999999875; invalid_count: 0; positive_reward_count: 1; success_count: 0; episode_count: 9; best_tax_advantage: 1.99; avg_entropy: 2.6673275269567966; random_exploration_count: 19; saved_snapshots: 0; random_action_prob: 0.1796
enter_straddle -0.014411764705882353 34
realize_gain -0.014705882352941176 34
realize_loss 0.04 36
invest -0.004583333333333333 24
update_start: 67; random_action_prob: 0.1787
update_complete: 67; loss: 4.334683259328206; cumulative_reward: 50.52999999999996; invalid_count: 0; positive_reward_count: 8; success_count: 0; episode_count: 9; best_tax_advantage: 25.44; avg_entropy: 2.8254909832030535; random_exploration_count: 22; saved_snapshots: 0; random_action_prob: 0.1787
enter_straddle -0.014375 32
realize_gain -0.01916666666666667 24
realize_loss 1.362105263157895 38
invest -0.009117647058823529 34
update_start: 68; random_action_prob: 0.1778
update_complete: 68; loss: 2.080754041671753; cumulative_reward: 34.47999999999996; invalid_count: 0; positive_reward_count: 10; success_count: 0; episode_count: 9; best_tax_advantage: 18.5; avg_entropy: 2.78726121224463; random_exploration_count: 17; saved_snapshots: 0; random_action_prob: 0.1778
enter_straddle -0.014857142857142857 35
realize_gain -0.21555555555555556 36
realize_loss 1.045609756097561 41
invest -0.006875 16
update_start: 69; random_action_prob: 0.1769
update_complete: 69; loss: -0.10661947975556056; cumulative_reward: 0.9399999999999993; invalid_count: 0; positive_reward_count: 4; success_count: 0; episode_count: 9; best_tax_advantage: 2.23; avg_entropy: 2.7026104405522346; random_exploration_count: 23; saved_snapshots: 0; random_action_prob: 0.1769
enter_straddle -0.013793103448275864 29
realize_gain -0.01161290322580645 31
realize_loss 0.03954545454545454 44
invest -0.0016666666666666668 24
update_start: 70; random_action_prob: 0.1760
update_complete: 70; loss: -0.11280942956606548; cumulative_reward: 0.2099999999999992; invalid_count: 0; positive_reward_count: 1; success_count: 0; episode_count: 9; best_tax_advantage: 1.5; avg_entropy: 2.659271353855729; random_exploration_count: 20; saved_snapshots: 0; random_action_prob: 0.1760
enter_straddle -0.013571428571428571 28
realize_gain -0.011 40
realize_loss 0.034848484848484844 33
invest -0.0044444444444444444 27
update_start: 71; random_action_prob: 0.1751
update_complete: 71; loss: 0.40496591726938885; cumulative_reward: 9.280000000000028; invalid_count: 0; positive_reward_count: 1; success_count: 0; episode_count: 9; best_tax_advantage: 18.33; avg_entropy: 2.7883029971271753; random_exploration_count: 23; saved_snapshots: 0; random_action_prob: 0.1751
enter_straddle -0.014705882352941176 34
realize_gain -0.18090909090909088 44
realize_loss 0.5758064516129031 31
invest -0.005789473684210527 19
update_start: 72; random_action_prob: 0.1743
update_complete: 72; loss: -0.12072795629501343; cumulative_reward: -1.8700000000000012; invalid_count: 0; positive_reward_count: 0; success_count: 0; episode_count: 9; best_tax_advantage: 0.0; avg_entropy: 2.8203940261155367; random_exploration_count: 21; saved_snapshots: 0; random_action_prob: 0.1743
enter_straddle -0.016285714285714285 35
realize_gain -0.022222222222222223 27
realize_loss -0.016216216216216217 37
invest -0.003448275862068966 29
update_start: 73; random_action_prob: 0.1734
update_complete: 73; loss: 0.5426094730695089; cumulative_reward: 12.300000000000013; invalid_count: 0; positive_reward_count: 6; success_count: 0; episode_count: 9; best_tax_advantage: 10.98; avg_entropy: 2.752843993715942; random_exploration_count: 27; saved_snapshots: 0; random_action_prob: 0.1734
enter_straddle -0.014411764705882353 34
realize_gain -0.3766666666666667 24
realize_loss 0.5240476190476191 42
invest -0.0064285714285714285 28
update_start: 74; random_action_prob: 0.1725
update_complete: 74; loss: -0.07575289160013199; cumulative_reward: 2.1500000000000035; invalid_count: 0; positive_reward_count: 3; success_count: 0; episode_count: 9; best_tax_advantage: 5.52; avg_entropy: 2.7841565646231174; random_exploration_count: 21; saved_snapshots: 0; random_action_prob: 0.1725
enter_straddle -0.01393939393939394 33
realize_gain -0.3244827586206896 29
realize_loss 0.33916666666666667 36
invest -0.006333333333333333 30
update_start: 75; random_action_prob: 0.1717
update_complete: 75; loss: -0.12461689362923305; cumulative_reward: -1.8800000000000012; invalid_count: 0; positive_reward_count: 1; success_count: 0; episode_count: 9; best_tax_advantage: 1.66; avg_entropy: 2.7958449199795723; random_exploration_count: 25; saved_snapshots: 0; random_action_prob: 0.1717
enter_straddle -0.014285714285714285 35
realize_gain -0.0675 32
realize_loss 0.0364516129032258 31
invest -0.011666666666666665 30
update_start: 76; random_action_prob: 0.1708
update_complete: 76; loss: -0.04831084112326304; cumulative_reward: 4.160000000000004; invalid_count: 0; positive_reward_count: 2; success_count: 0; episode_count: 9; best_tax_advantage: 3.6; avg_entropy: 2.780238024890423; random_exploration_count: 24; saved_snapshots: 0; random_action_prob: 0.1708
enter_straddle -0.0128125 32
realize_gain -0.01 24
realize_loss 0.11697674418604652 43
invest -0.007586206896551724 29
update_start: 77; random_action_prob: 0.1699
update_complete: 77; loss: -0.09846020489931107; cumulative_reward: -1.550000000000001; invalid_count: 0; positive_reward_count: 1; success_count: 0; episode_count: 9; best_tax_advantage: 2.22; avg_entropy: 2.720329664647579; random_exploration_count: 17; saved_snapshots: 0; random_action_prob: 0.1699
enter_straddle -0.014285714285714285 35
realize_gain -0.08827586206896552 29
realize_loss 0.045000000000000005 36
invest -0.003928571428571429 28
update_start: 78; random_action_prob: 0.1691
update_complete: 78; loss: 0.546816090742747; cumulative_reward: 9.280000000000015; invalid_count: 0; positive_reward_count: 3; success_count: 0; episode_count: 9; best_tax_advantage: 15.4; avg_entropy: 2.687584998086095; random_exploration_count: 16; saved_snapshots: 0; random_action_prob: 0.1691
enter_straddle -0.011935483870967743 31
realize_gain -0.25022727272727274 44
realize_loss 0.8679166666666668 24
invest -0.0058620689655172415 29
update_start: 79; random_action_prob: 0.1683
update_complete: 79; loss: 1.580000877380371; cumulative_reward: 16.33999999999999; invalid_count: 0; positive_reward_count: 1; success_count: 0; episode_count: 9; best_tax_advantage: 17.72; avg_entropy: 2.7618902269750834; random_exploration_count: 25; saved_snapshots: 0; random_action_prob: 0.1683
enter_straddle -0.012 30
realize_gain -0.011290322580645162 31
realize_loss 0.42974999999999997 40
invest -0.005185185185185186 27
update_start: 80; random_action_prob: 0.1674
update_complete: 80; loss: -0.12017700572808583; cumulative_reward: -1.8800000000000014; invalid_count: 0; positive_reward_count: 1; success_count: 0; episode_count: 9; best_tax_advantage: 1.84; avg_entropy: 2.8556612795218825; random_exploration_count: 19; saved_snapshots: 0; random_action_prob: 0.1674
enter_straddle -0.015135135135135137 37
realize_gain -0.06702702702702702 37
realize_loss 0.0390625 32
invest -0.00409090909090909 22
update_start: 81; random_action_prob: 0.1666
update_complete: 81; loss: 0.11624053617318471; cumulative_reward: 6.630000000000002; invalid_count: 0; positive_reward_count: 3; success_count: 0; episode_count: 9; best_tax_advantage: 7.13; avg_entropy: 2.671393063850701; random_exploration_count: 18; saved_snapshots: 0; random_action_prob: 0.1666
enter_straddle -0.015294117647058824 34
realize_gain -0.010357142857142856 28
realize_loss 0.1668888888888889 45
invest -0.0033333333333333335 21
update_start: 82; random_action_prob: 0.1657
update_complete: 82; loss: 0.34156404932339984; cumulative_reward: 10.940000000000007; invalid_count: 0; positive_reward_count: 5; success_count: 0; episode_count: 9; best_tax_advantage: 10.72; avg_entropy: 2.742476495914161; random_exploration_count: 17; saved_snapshots: 0; random_action_prob: 0.1657
enter_straddle -0.012903225806451613 31
realize_gain -0.007027027027027027 37
realize_loss 0.3665625 32
invest -0.004642857142857143 28
update_start: 83; random_action_prob: 0.1649
update_complete: 83; loss: 0.2824174960454305; cumulative_reward: -1.6600000000000006; invalid_count: 0; positive_reward_count: 2; success_count: 0; episode_count: 9; best_tax_advantage: 9.25; avg_entropy: 2.8514962000772357; random_exploration_count: 22; saved_snapshots: 0; random_action_prob: 0.1649
enter_straddle -0.013030303030303031 33
realize_gain -0.4105714285714286 35
realize_loss 0.3489473684210526 38
invest -0.005454545454545454 22
update_start: 84; random_action_prob: 0.1641
update_complete: 84; loss: -0.10772104561328888; cumulative_reward: -1.7600000000000013; invalid_count: 0; positive_reward_count: 0; success_count: 0; episode_count: 9; best_tax_advantage: 0.0; avg_entropy: 2.8677821392193437; random_exploration_count: 17; saved_snapshots: 0; random_action_prob: 0.1641
enter_straddle -0.014 35
realize_gain -0.014210526315789474 38
realize_loss -0.01892857142857143 28
invest -0.007407407407407408 27
update_start: 85; random_action_prob: 0.1633
update_complete: 85; loss: 0.038776655991872154; cumulative_reward: 5.100000000000003; invalid_count: 0; positive_reward_count: 3; success_count: 0; episode_count: 9; best_tax_advantage: 5.78; avg_entropy: 2.6574987526983023; random_exploration_count: 25; saved_snapshots: 0; random_action_prob: 0.1633
enter_straddle -0.015277777777777779 36
realize_gain -0.03512195121951219 41
realize_loss 0.239 30
invest -0.0038095238095238095 21
update_start: 86; random_action_prob: 0.1625
update_complete: 86; loss: 0.03559671342372894; cumulative_reward: 2.4600000000000013; invalid_count: 0; positive_reward_count: 2; success_count: 0; episode_count: 9; best_tax_advantage: 7.93; avg_entropy: 2.6712125027552247; random_exploration_count: 26; saved_snapshots: 0; random_action_prob: 0.1625
enter_straddle -0.015555555555555557 36
realize_gain -0.35285714285714287 35
realize_loss 0.595 26
invest -0.0032258064516129032 31
update_start: 87; random_action_prob: 0.1616
update_complete: 87; loss: 6.3685377438863116; cumulative_reward: 35.490000000000016; invalid_count: 0; positive_reward_count: 2; success_count: 1; episode_count: 9; best_tax_advantage: 37.0; avg_entropy: 2.7362917875871062; random_exploration_count: 23; saved_snapshots: 0; random_action_prob: 0.1616
enter_straddle -0.01393939393939394 33
realize_gain -0.5002631578947367 38
realize_loss 1.6194117647058823 34
invest -0.004347826086956522 23
update_start: 88; random_action_prob: 0.1608
update_complete: 88; loss: 5.9360049565633135; cumulative_reward: 47.440000000000026; invalid_count: 0; positive_reward_count: 3; success_count: 1; episode_count: 9; best_tax_advantage: 36.34; avg_entropy: 2.912963218986988; random_exploration_count: 23; saved_snapshots: 0; random_action_prob: 0.1608
enter_straddle -0.016829268292682924 41
realize_gain -0.012571428571428572 35
realize_loss 1.5265625 32
invest -0.014000000000000002 20
update_start: 89; random_action_prob: 0.1600
update_complete: 89; loss: 0.9505332708358765; cumulative_reward: 16.48999999999998; invalid_count: 0; positive_reward_count: 9; success_count: 0; episode_count: 9; best_tax_advantage: 22.71; avg_entropy: 2.6341987308114767; random_exploration_count: 24; saved_snapshots: 0; random_action_prob: 0.1600
enter_straddle -0.012580645161290323 31
realize_gain -0.33562500000000006 32
realize_loss 0.6434883720930233 43
invest -0.002272727272727273 22
update_start: 90; random_action_prob: 0.1592
update_complete: 90; loss: 0.056745871901512146; cumulative_reward: -1.57; invalid_count: 0; positive_reward_count: 1; success_count: 0; episode_count: 9; best_tax_advantage: 8.67; avg_entropy: 2.786207570694387; random_exploration_count: 15; saved_snapshots: 0; random_action_prob: 0.1592
enter_straddle -0.014242424242424244 33
realize_gain -0.24783783783783783 37
realize_loss 0.21342105263157893 38
invest -0.002 20
update_start: 91; random_action_prob: 0.1584
update_complete: 91; loss: -0.06998815635840099; cumulative_reward: 2.710000000000007; invalid_count: 0; positive_reward_count: 3; success_count: 0; episode_count: 9; best_tax_advantage: 3.97; avg_entropy: 2.6230408074334264; random_exploration_count: 19; saved_snapshots: 0; random_action_prob: 0.1584
enter_straddle -0.011666666666666665 30
realize_gain -0.011111111111111118 36
realize_loss 0.07291666666666667 48
invest -0.002857142857142857 14
update_start: 92; random_action_prob: 0.1576
update_complete: 92; loss: 3.9485642115275064; cumulative_reward: 31.139999999999997; invalid_count: 0; positive_reward_count: 3; success_count: 1; episode_count: 9; best_tax_advantage: 32.37; avg_entropy: 2.710687132552266; random_exploration_count: 16; saved_snapshots: 0; random_action_prob: 0.1576
enter_straddle -0.010344827586206896 29
realize_gain -0.15838709677419355 31
realize_loss 1.0761764705882353 34
invest -0.007058823529411764 34
update_start: 93; random_action_prob: 0.1569
update_complete: 93; loss: -0.09997188051541646; cumulative_reward: 1.750000000000006; invalid_count: 0; positive_reward_count: 2; success_count: 0; episode_count: 9; best_tax_advantage: 2.89; avg_entropy: 2.731810544617474; random_exploration_count: 14; saved_snapshots: 0; random_action_prob: 0.1569
enter_straddle -0.01074074074074074 27
realize_gain -0.1223076923076923 26
realize_loss 0.11000000000000001 49
invest -0.006538461538461539 26
update_start: 94; random_action_prob: 0.1561
update_complete: 94; loss: 1.5039591391881306; cumulative_reward: 21.01000000000001; invalid_count: 0; positive_reward_count: 4; success_count: 0; episode_count: 9; best_tax_advantage: 18.83; avg_entropy: 2.7416656902059913; random_exploration_count: 15; saved_snapshots: 0; random_action_prob: 0.1561
enter_straddle -0.013125 32
realize_gain -0.24857142857142853 28
realize_loss 0.7754054054054054 37
invest -0.00967741935483871 31
update_start: 95; random_action_prob: 0.1553
update_complete: 95; loss: -0.10412229349215825; cumulative_reward: -1.5000000000000009; invalid_count: 0; positive_reward_count: 0; success_count: 0; episode_count: 9; best_tax_advantage: 0.0; avg_entropy: 2.78055754955858; random_exploration_count: 24; saved_snapshots: 0; random_action_prob: 0.1553
enter_straddle -0.013823529411764705 34
realize_gain -0.012499999999999999 28
realize_loss -0.013846153846153847 39
invest -0.005185185185185186 27
update_start: 96; random_action_prob: 0.1545
update_complete: 96; loss: -0.10125504434108734; cumulative_reward: 0.44999999999999885; invalid_count: 0; positive_reward_count: 1; success_count: 0; episode_count: 9; best_tax_advantage: 2.67; avg_entropy: 2.902275098487735; random_exploration_count: 21; saved_snapshots: 0; random_action_prob: 0.1545
enter_straddle -0.01641025641025641 39
realize_gain -0.017941176470588235 34
realize_loss 0.06548387096774194 31
invest -0.01375 24
update_start: 97; random_action_prob: 0.1537
update_complete: 97; loss: 0.2453210453192393; cumulative_reward: 10.560000000000004; invalid_count: 0; positive_reward_count: 1; success_count: 0; episode_count: 9; best_tax_advantage: 11.9; avg_entropy: 2.6467748330906034; random_exploration_count: 22; saved_snapshots: 0; random_action_prob: 0.1537
enter_straddle -0.013636363636363637 33
realize_gain -0.009999999999999993 32
realize_loss 0.3484848484848485 33
invest -0.005666666666666667 30
update_start: 98; random_action_prob: 0.1530
update_complete: 98; loss: -0.056638134022553764; cumulative_reward: 2.08; invalid_count: 0; positive_reward_count: 2; success_count: 0; episode_count: 9; best_tax_advantage: 3.56; avg_entropy: 2.808461115695536; random_exploration_count: 14; saved_snapshots: 0; random_action_prob: 0.1530
enter_straddle -0.013636363636363637 33
realize_gain -0.10033333333333333 30
realize_loss 0.14275 40
invest -0.0068 25
update_start: 99; random_action_prob: 0.1522
update_complete: 99; loss: 1.367478569348653; cumulative_reward: 20.08999999999998; invalid_count: 0; positive_reward_count: 4; success_count: 0; episode_count: 9; best_tax_advantage: 21.59; avg_entropy: 2.804763817228377; random_exploration_count: 16; saved_snapshots: 0; random_action_prob: 0.1522
enter_straddle -0.01375 32
realize_gain -0.6580555555555555 36
realize_loss 1.2691428571428571 35
invest -0.008 25
2026-07-10T18:04:20 completed straddle_abuse run=6 elapsed_seconds=854.33 updates_logged=100
2026-07-10T18:04:20 running straddle_abuse run=7 seed=1736
update_start: 0; random_action_prob: 0.2500
update_complete: 0; loss: -0.12090595811605453; cumulative_reward: -2.180000000000001; invalid_count: 0; positive_reward_count: 0; success_count: 0; episode_count: 9; best_tax_advantage: 0.0; avg_entropy: 2.8615735713392496; random_exploration_count: 34; saved_snapshots: 0; random_action_prob: 0.2500
enter_straddle -0.017857142857142856 42
realize_gain -0.0148 25
realize_loss -0.019714285714285715 35
invest -0.01423076923076923 26
update_start: 1; random_action_prob: 0.2487
update_complete: 1; loss: 0.8240207235018412; cumulative_reward: 16.55; invalid_count: 0; positive_reward_count: 5; success_count: 0; episode_count: 9; best_tax_advantage: 23.96; avg_entropy: 2.853555154055357; random_exploration_count: 31; saved_snapshots: 0; random_action_prob: 0.2487
enter_straddle -0.014571428571428572 35
realize_gain -0.5335714285714286 28
realize_loss 0.8718918918918919 37
invest -0.009285714285714286 28
update_start: 2; random_action_prob: 0.2475
update_complete: 2; loss: 0.9861294627189636; cumulative_reward: 17.689999999999966; invalid_count: 0; positive_reward_count: 4; success_count: 0; episode_count: 9; best_tax_advantage: 20.81; avg_entropy: 2.68170796521008; random_exploration_count: 34; saved_snapshots: 0; random_action_prob: 0.2475
enter_straddle -0.014571428571428572 35
realize_gain -0.5203225806451611 31
realize_loss 0.8835897435897436 39
invest -0.005652173913043478 23
update_start: 3; random_action_prob: 0.2463
update_complete: 3; loss: 0.9563548763593038; cumulative_reward: 17.28; invalid_count: 0; positive_reward_count: 5; success_count: 0; episode_count: 9; best_tax_advantage: 16.16; avg_entropy: 2.867622923105955; random_exploration_count: 40; saved_snapshots: 0; random_action_prob: 0.2463
enter_straddle -0.013714285714285714 35
realize_gain -0.152 35
realize_loss 0.6671428571428571 35
invest -0.01173913043478261 23
update_start: 4; random_action_prob: 0.2450
update_complete: 4; loss: -0.0809895892937978; cumulative_reward: 2.939999999999999; invalid_count: 0; positive_reward_count: 2; success_count: 0; episode_count: 9; best_tax_advantage: 2.54; avg_entropy: 2.7794925989583135; random_exploration_count: 31; saved_snapshots: 0; random_action_prob: 0.2450
enter_straddle -0.016052631578947367 38
realize_gain -0.017142857142857144 35
realize_loss 0.1296969696969697 33
invest -0.005909090909090909 22
update_start: 5; random_action_prob: 0.2438
update_complete: 5; loss: -0.09787221997976303; cumulative_reward: -1.750000000000001; invalid_count: 0; positive_reward_count: 0; success_count: 0; episode_count: 9; best_tax_advantage: 0.0; avg_entropy: 2.78353888168931; random_exploration_count: 28; saved_snapshots: 0; random_action_prob: 0.2438
enter_straddle -0.01641025641025641 39
realize_gain -0.01423076923076923 26
realize_loss -0.016666666666666666 33
invest -0.006333333333333333 30
update_start: 6; random_action_prob: 0.2426
update_complete: 6; loss: -0.12888641158739725; cumulative_reward: -1.6300000000000012; invalid_count: 0; positive_reward_count: 0; success_count: 0; episode_count: 9; best_tax_advantage: 0.0; avg_entropy: 2.8839128147810698; random_exploration_count: 32; saved_snapshots: 0; random_action_prob: 0.2426
enter_straddle -0.014117647058823528 34
realize_gain -0.013333333333333332 36
realize_loss -0.013870967741935483 31
invest -0.008888888888888889 27
update_start: 7; random_action_prob: 0.2414
update_complete: 7; loss: 1.6717760562896729; cumulative_reward: 25.15999999999996; invalid_count: 0; positive_reward_count: 2; success_count: 0; episode_count: 9; best_tax_advantage: 27.18; avg_entropy: 2.857227938249707; random_exploration_count: 35; saved_snapshots: 0; random_action_prob: 0.2414
enter_straddle -0.01631578947368421 38
realize_gain -0.0203125 32
realize_loss 0.6986842105263158 38
invest -0.006 20
update_start: 8; random_action_prob: 0.2402
update_complete: 8; loss: 0.1162562370300293; cumulative_reward: 6.2400000000000135; invalid_count: 0; positive_reward_count: 1; success_count: 0; episode_count: 9; best_tax_advantage: 7.77; avg_entropy: 2.7605863865464926; random_exploration_count: 33; saved_snapshots: 0; random_action_prob: 0.2402
enter_straddle -0.014857142857142857 35
realize_gain -0.011538461538461539 39
realize_loss 0.26285714285714284 28
invest -0.005769230769230769 26
update_start: 9; random_action_prob: 0.2390
update_complete: 9; loss: 1.2877363363901775; cumulative_reward: 30.559999999999977; invalid_count: 0; positive_reward_count: 5; success_count: 0; episode_count: 9; best_tax_advantage: 19.92; avg_entropy: 2.807175233028829; random_exploration_count: 33; saved_snapshots: 0; random_action_prob: 0.2390
enter_straddle -0.016052631578947367 38
realize_gain -0.23851851851851855 27
realize_loss 1.051111111111111 36
invest -0.008518518518518519 27
update_start: 10; random_action_prob: 0.2378
update_complete: 10; loss: 1.5682664314905803; cumulative_reward: 26.999999999999975; invalid_count: 0; positive_reward_count: 4; success_count: 0; episode_count: 9; best_tax_advantage: 23.12; avg_entropy: 2.8697547651827335; random_exploration_count: 26; saved_snapshots: 0; random_action_prob: 0.2378
enter_straddle -0.015000000000000001 36
realize_gain -0.11714285714285713 35
realize_loss 0.8822222222222222 36
invest -0.005714285714285714 21
update_start: 11; random_action_prob: 0.2366
update_complete: 11; loss: 0.44704832633336383; cumulative_reward: 11.850000000000009; invalid_count: 0; positive_reward_count: 2; success_count: 0; episode_count: 9; best_tax_advantage: 12.99; avg_entropy: 2.598724721930921; random_exploration_count: 36; saved_snapshots: 0; random_action_prob: 0.2366
enter_straddle -0.011379310344827587 29
realize_gain -0.009142857142857144 35
realize_loss 0.3233333333333333 39
invest -0.0044 25
update_start: 12; random_action_prob: 0.2354
update_complete: 12; loss: 0.9168654481569926; cumulative_reward: 13.750000000000023; invalid_count: 0; positive_reward_count: 3; success_count: 0; episode_count: 9; best_tax_advantage: 21.59; avg_entropy: 2.7881985064595938; random_exploration_count: 26; saved_snapshots: 0; random_action_prob: 0.2354
enter_straddle -0.01375 32
realize_gain -0.27545454545454545 44
realize_loss 0.7349999999999999 36
invest -0.009375 16
update_start: 13; random_action_prob: 0.2342
update_complete: 13; loss: 1.8697547912597656; cumulative_reward: 12.560000000000038; invalid_count: 0; positive_reward_count: 2; success_count: 0; episode_count: 9; best_tax_advantage: 26.4; avg_entropy: 2.800697911530733; random_exploration_count: 23; saved_snapshots: 0; random_action_prob: 0.2342
enter_straddle -0.014864864864864866 37
realize_gain -0.7486111111111111 36
realize_loss 1.1155555555555554 36
invest -0.005263157894736842 19
update_start: 14; random_action_prob: 0.2331
update_complete: 14; loss: 1.088751236597697; cumulative_reward: 1.9700000000000002; invalid_count: 0; positive_reward_count: 4; success_count: 0; episode_count: 9; best_tax_advantage: 17.96; avg_entropy: 2.7511605583131313; random_exploration_count: 33; saved_snapshots: 0; random_action_prob: 0.2331
enter_straddle -0.015675675675675675 37
realize_gain -0.6942857142857143 35
realize_loss 0.7502777777777778 36
invest -0.008 20
update_start: 15; random_action_prob: 0.2319
update_complete: 15; loss: -0.1217499350508054; cumulative_reward: 0.08999999999999866; invalid_count: 0; positive_reward_count: 4; success_count: 0; episode_count: 9; best_tax_advantage: 2.13; avg_entropy: 2.7966611832380295; random_exploration_count: 24; saved_snapshots: 0; random_action_prob: 0.2319
enter_straddle -0.015789473684210527 38
realize_gain -0.017105263157894738 38
realize_loss 0.051612903225806445 31
invest -0.012380952380952381 21
update_start: 16; random_action_prob: 0.2307
update_complete: 16; loss: -0.12260561436414719; cumulative_reward: -1.6800000000000013; invalid_count: 0; positive_reward_count: 0; success_count: 0; episode_count: 9; best_tax_advantage: 0.0; avg_entropy: 2.805513611063361; random_exploration_count: 37; saved_snapshots: 0; random_action_prob: 0.2307
enter_straddle -0.013823529411764707 34
realize_gain -0.012903225806451613 31
realize_loss -0.01756756756756757 37
invest -0.006153846153846154 26
update_start: 17; random_action_prob: 0.2296
update_complete: 17; loss: 3.6649746100107827; cumulative_reward: 29.91999999999997; invalid_count: 0; positive_reward_count: 5; success_count: 0; episode_count: 9; best_tax_advantage: 25.77; avg_entropy: 2.6629140870645642; random_exploration_count: 26; saved_snapshots: 0; random_action_prob: 0.2296
enter_straddle -0.014193548387096775 31
realize_gain -0.21833333333333332 42
realize_loss 1.0421052631578949 38
invest -0.00411764705882353 17
update_start: 18; random_action_prob: 0.2284
update_complete: 18; loss: 0.5206307967503866; cumulative_reward: 18.930000000000025; invalid_count: 0; positive_reward_count: 5; success_count: 0; episode_count: 9; best_tax_advantage: 9.96; avg_entropy: 2.7089890418574214; random_exploration_count: 28; saved_snapshots: 0; random_action_prob: 0.2284
enter_straddle -0.012333333333333333 30
realize_gain -0.0664516129032258 31
realize_loss 0.5377500000000001 40
invest -0.005555555555555556 27
update_start: 19; random_action_prob: 0.2273
update_complete: 19; loss: -0.09083072592814763; cumulative_reward: 0.8400000000000005; invalid_count: 0; positive_reward_count: 3; success_count: 0; episode_count: 9; best_tax_advantage: 2.97; avg_entropy: 2.772049522958696; random_exploration_count: 20; saved_snapshots: 0; random_action_prob: 0.2273
enter_straddle -0.015405405405405404 37
realize_gain -0.019 40
realize_loss 0.0642857142857143 35
invest -0.005 16
update_start: 20; random_action_prob: 0.2262
update_complete: 20; loss: -0.10721215854088466; cumulative_reward: -1.5399999999999996; invalid_count: 0; positive_reward_count: 1; success_count: 0; episode_count: 9; best_tax_advantage: 5.95; avg_entropy: 2.72393767349422; random_exploration_count: 32; saved_snapshots: 0; random_action_prob: 0.2262
enter_straddle -0.01393939393939394 33
realize_gain -0.1538095238095238 42
realize_loss 0.16264705882352942 34
invest -0.007894736842105263 19
update_start: 21; random_action_prob: 0.2250
update_complete: 21; loss: -0.12355845918258031; cumulative_reward: -1.2500000000000009; invalid_count: 0; positive_reward_count: 0; success_count: 0; episode_count: 9; best_tax_advantage: 0.0; avg_entropy: 2.6855534752830863; random_exploration_count: 28; saved_snapshots: 0; random_action_prob: 0.2250
enter_straddle -0.012812500000000001 32
realize_gain -0.01 32
realize_loss -0.011351351351351352 37
invest -0.003703703703703704 27
update_start: 22; random_action_prob: 0.2239
update_complete: 22; loss: -0.11908040444056193; cumulative_reward: -1.1400000000000006; invalid_count: 0; positive_reward_count: 0; success_count: 0; episode_count: 9; best_tax_advantage: 0.0; avg_entropy: 2.6564100487157702; random_exploration_count: 25; saved_snapshots: 0; random_action_prob: 0.2239
enter_straddle -0.010344827586206896 29
realize_gain -0.01088235294117647 34
realize_loss -0.00972972972972973 37
invest -0.003928571428571429 28
update_start: 23; random_action_prob: 0.2228
update_complete: 23; loss: 5.498251279195149; cumulative_reward: 69.02999999999994; invalid_count: 0; positive_reward_count: 5; success_count: 1; episode_count: 9; best_tax_advantage: 37.0; avg_entropy: 2.736822892911732; random_exploration_count: 31; saved_snapshots: 0; random_action_prob: 0.2228
enter_straddle -0.014 30
realize_gain -0.009428571428571429 35
realize_loss 1.6232558139534883 43
invest -0.001 20
update_start: 24; random_action_prob: 0.2217
update_complete: 24; loss: 10.297880172729492; cumulative_reward: 61.79999999999999; invalid_count: 0; positive_reward_count: 10; success_count: 1; episode_count: 9; best_tax_advantage: 35.68; avg_entropy: 2.812341269105673; random_exploration_count: 33; saved_snapshots: 0; random_action_prob: 0.2217
enter_straddle -0.014 35
realize_gain -1.1530434782608696 23
realize_loss 1.8931914893617021 47
invest -0.007391304347826088 23
update_start: 25; random_action_prob: 0.2206
update_complete: 25; loss: 0.15087083478768668; cumulative_reward: 6.950000000000001; invalid_count: 0; positive_reward_count: 2; success_count: 0; episode_count: 9; best_tax_advantage: 8.18; avg_entropy: 2.6814673487097025; random_exploration_count: 29; saved_snapshots: 0; random_action_prob: 0.2206
enter_straddle -0.011666666666666665 30
realize_gain -0.007241379310344827 29
realize_loss 0.1693333333333333 45
invest -0.004583333333333333 24
update_start: 26; random_action_prob: 0.2195
update_complete: 26; loss: -0.03706746796766917; cumulative_reward: 2.9400000000000035; invalid_count: 0; positive_reward_count: 1; success_count: 0; episode_count: 9; best_tax_advantage: 4.85; avg_entropy: 2.857709787786007; random_exploration_count: 31; saved_snapshots: 0; random_action_prob: 0.2195
enter_straddle -0.015714285714285715 35
realize_gain -0.017368421052631578 38
realize_loss 0.1340625 32
invest -0.006086956521739131 23
update_start: 27; random_action_prob: 0.2184
update_complete: 27; loss: 5.442489147186279; cumulative_reward: 51.34999999999997; invalid_count: 0; positive_reward_count: 4; success_count: 1; episode_count: 9; best_tax_advantage: 35.68; avg_entropy: 2.7729224003851414; random_exploration_count: 28; saved_snapshots: 0; random_action_prob: 0.2184
enter_straddle -0.013333333333333334 33
realize_gain -0.3997222222222222 36
realize_loss 1.8436111111111113 36
invest -0.00826086956521739 23
update_start: 28; random_action_prob: 0.2173
update_complete: 28; loss: 0.8097440600395203; cumulative_reward: 7.920000000000017; invalid_count: 0; positive_reward_count: 3; success_count: 0; episode_count: 9; best_tax_advantage: 14.39; avg_entropy: 2.795651831664145; random_exploration_count: 24; saved_snapshots: 0; random_action_prob: 0.2173
enter_straddle -0.013823529411764707 34
realize_gain -0.37275 40
realize_loss 0.6157894736842106 38
invest -0.00625 16
update_start: 29; random_action_prob: 0.2162
update_complete: 29; loss: 2.5204856395721436; cumulative_reward: 26.07999999999997; invalid_count: 0; positive_reward_count: 6; success_count: 0; episode_count: 9; best_tax_advantage: 27.75; avg_entropy: 2.8446782203391194; random_exploration_count: 32; saved_snapshots: 0; random_action_prob: 0.2162
enter_straddle -0.0125 32
realize_gain -0.9107894736842105 38
realize_loss 1.456904761904762 42
invest -0.00625 16
update_start: 30; random_action_prob: 0.2151
update_complete: 30; loss: 0.17903841535250345; cumulative_reward: 8.420000000000021; invalid_count: 0; positive_reward_count: 5; success_count: 0; episode_count: 9; best_tax_advantage: 8.99; avg_entropy: 2.6702609676867723; random_exploration_count: 30; saved_snapshots: 0; random_action_prob: 0.2151
enter_straddle -0.012857142857142857 28
realize_gain -0.11925000000000001 40
realize_loss 0.39171428571428574 35
invest -0.0064 25
update_start: 31; random_action_prob: 0.2140
update_complete: 31; loss: 1.1657783190409343; cumulative_reward: 16.869999999999933; invalid_count: 0; positive_reward_count: 6; success_count: 0; episode_count: 9; best_tax_advantage: 16.53; avg_entropy: 2.6380185168236494; random_exploration_count: 34; saved_snapshots: 0; random_action_prob: 0.2140
enter_straddle -0.012 30
realize_gain -0.009142857142857144 35
realize_loss 0.4109302325581395 43
invest -0.006 20
update_start: 32; random_action_prob: 0.2130
update_complete: 32; loss: 0.06225485603014628; cumulative_reward: 4.41000000000001; invalid_count: 0; positive_reward_count: 1; success_count: 0; episode_count: 9; best_tax_advantage: 6.02; avg_entropy: 2.6599680818617344; random_exploration_count: 23; saved_snapshots: 0; random_action_prob: 0.2130
enter_straddle -0.014705882352941176 34
realize_gain -0.011818181818181818 33
realize_loss 0.15138888888888888 36
invest -0.006 25
update_start: 33; random_action_prob: 0.2119
update_complete: 33; loss: 0.006966893871625264; cumulative_reward: 2.2000000000000064; invalid_count: 0; positive_reward_count: 3; success_count: 0; episode_count: 9; best_tax_advantage: 7.58; avg_entropy: 2.741468378342688; random_exploration_count: 24; saved_snapshots: 0; random_action_prob: 0.2119
enter_straddle -0.012580645161290323 31
realize_gain -0.19404761904761905 42
realize_loss 0.3403125 32
invest -0.006521739130434782 23
update_start: 34; random_action_prob: 0.2108
update_complete: 34; loss: 0.5627142985661825; cumulative_reward: 15.210000000000015; invalid_count: 0; positive_reward_count: 4; success_count: 0; episode_count: 9; best_tax_advantage: 11.89; avg_entropy: 2.634274195879698; random_exploration_count: 23; saved_snapshots: 0; random_action_prob: 0.2108
enter_straddle -0.012903225806451613 31
realize_gain -0.28045454545454546 44
realize_loss 0.8762500000000001 32
invest -0.004285714285714286 21
update_start: 35; random_action_prob: 0.2098
update_complete: 35; loss: 0.10871884723504384; cumulative_reward: 6.040000000000009; invalid_count: 0; positive_reward_count: 2; success_count: 0; episode_count: 9; best_tax_advantage: 7.71; avg_entropy: 2.775278555229306; random_exploration_count: 30; saved_snapshots: 0; random_action_prob: 0.2098
enter_straddle -0.013823529411764705 34
realize_gain -0.014772727272727272 44
realize_loss 0.21909090909090911 33
invest -0.00411764705882353 17
update_start: 36; random_action_prob: 0.2087
update_complete: 36; loss: 3.1050406297047934; cumulative_reward: 26.570000000000004; invalid_count: 0; positive_reward_count: 2; success_count: 0; episode_count: 9; best_tax_advantage: 28.44; avg_entropy: 2.8044474767521024; random_exploration_count: 25; saved_snapshots: 0; random_action_prob: 0.2087
enter_straddle -0.015945945945945946 37
realize_gain -0.012413793103448275 29
realize_loss 0.7318421052631578 38
invest -0.012083333333333333 24
update_start: 37; random_action_prob: 0.2077
update_complete: 37; loss: 2.56406839688619; cumulative_reward: 23.44999999999999; invalid_count: 0; positive_reward_count: 2; success_count: 0; episode_count: 9; best_tax_advantage: 25.27; avg_entropy: 2.8054636558517814; random_exploration_count: 29; saved_snapshots: 0; random_action_prob: 0.2077
enter_straddle -0.015277777777777779 36
realize_gain -0.014615384615384615 26
realize_loss 0.5713953488372092 43
invest -0.00826086956521739 23
update_start: 38; random_action_prob: 0.2066
update_complete: 38; loss: 0.8120185931523641; cumulative_reward: 20.87; invalid_count: 0; positive_reward_count: 4; success_count: 0; episode_count: 9; best_tax_advantage: 12.69; avg_entropy: 2.670015102252364; random_exploration_count: 29; saved_snapshots: 0; random_action_prob: 0.2066
enter_straddle -0.012 30
realize_gain -0.00840909090909091 44
realize_loss 0.6027777777777777 36
invest -0.005555555555555556 18
update_start: 39; random_action_prob: 0.2056
update_complete: 39; loss: 6.62340768178304; cumulative_reward: 35.55; invalid_count: 0; positive_reward_count: 5; success_count: 1; episode_count: 9; best_tax_advantage: 37.0; avg_entropy: 2.6802569730207324; random_exploration_count: 26; saved_snapshots: 0; random_action_prob: 0.2056
enter_straddle -0.013636363636363637 33
realize_gain -0.3197142857142857 35
realize_loss 1.1529268292682928 41
invest -0.004210526315789474 19
update_start: 40; random_action_prob: 0.2046
update_complete: 40; loss: 4.152520815531413; cumulative_reward: 31.059999999999995; invalid_count: 0; positive_reward_count: 2; success_count: 1; episode_count: 9; best_tax_advantage: 32.37; avg_entropy: 2.5654124347493052; random_exploration_count: 27; saved_snapshots: 0; random_action_prob: 0.2046
enter_straddle -0.013225806451612903 31
realize_gain -0.013076923076923078 39
realize_loss 0.7628571428571428 42
invest -0.00375 16
update_start: 41; random_action_prob: 0.2036
update_complete: 41; loss: 1.2476335366566975; cumulative_reward: 19.129999999999946; invalid_count: 0; positive_reward_count: 4; success_count: 0; episode_count: 9; best_tax_advantage: 20.44; avg_entropy: 2.6694880463182926; random_exploration_count: 29; saved_snapshots: 0; random_action_prob: 0.2036
enter_straddle -0.011379310344827587 29
realize_gain -0.2835 40
realize_loss 0.8354054054054054 37
invest -0.005 22
update_start: 42; random_action_prob: 0.2025
update_complete: 42; loss: 0.3137892484664917; cumulative_reward: 8.990000000000027; invalid_count: 0; positive_reward_count: 3; success_count: 0; episode_count: 9; best_tax_advantage: 7.54; avg_entropy: 2.593752737157047; random_exploration_count: 24; saved_snapshots: 0; random_action_prob: 0.2025
enter_straddle -0.011666666666666665 30
realize_gain -0.1158139534883721 43
realize_loss 0.4264705882352941 34
invest -0.008571428571428572 21
update_start: 43; random_action_prob: 0.2015
update_complete: 43; loss: 0.11815064152081807; cumulative_reward: -0.9800000000000005; invalid_count: 0; positive_reward_count: 0; success_count: 0; episode_count: 9; best_tax_advantage: 0.0; avg_entropy: 2.659797554835677; random_exploration_count: 21; saved_snapshots: 0; random_action_prob: 0.2015
enter_straddle -0.008333333333333333 24
realize_gain -0.007209302325581395 43
realize_loss -0.009459459459459458 37
invest -0.005 24
update_start: 44; random_action_prob: 0.2005
update_complete: 44; loss: 0.06708057721455891; cumulative_reward: 1.7700000000000073; invalid_count: 0; positive_reward_count: 2; success_count: 0; episode_count: 9; best_tax_advantage: 2.97; avg_entropy: 2.590569962747395; random_exploration_count: 26; saved_snapshots: 0; random_action_prob: 0.2005
enter_straddle -0.01107142857142857 28
realize_gain -0.0095 40
realize_loss 0.06684210526315791 38
invest -0.0036363636363636364 22
update_start: 45; random_action_prob: 0.1995
update_complete: 45; loss: 1.8594783544540405; cumulative_reward: -1.6000000000000036; invalid_count: 0; positive_reward_count: 1; success_count: 0; episode_count: 9; best_tax_advantage: 28.26; avg_entropy: 2.6067695282399654; random_exploration_count: 25; saved_snapshots: 0; random_action_prob: 0.1995
enter_straddle -0.014 35
realize_gain -0.6554545454545455 44
realize_loss 0.87 32
invest -0.006470588235294118 17
update_start: 46; random_action_prob: 0.1985
update_complete: 46; loss: 1.2868404785792034; cumulative_reward: 3.620000000000006; invalid_count: 0; positive_reward_count: 3; success_count: 0; episode_count: 9; best_tax_advantage: 23.12; avg_entropy: 2.8217318700626493; random_exploration_count: 33; saved_snapshots: 0; random_action_prob: 0.1985
enter_straddle -0.013636363636363637 33
realize_gain -0.4446511627906977 43
realize_loss 0.7315625 32
invest -0.011 20
update_start: 47; random_action_prob: 0.1975
update_complete: 47; loss: 1.4475383758544922; cumulative_reward: 20.96999999999997; invalid_count: 0; positive_reward_count: 5; success_count: 0; episode_count: 9; best_tax_advantage: 17.53; avg_entropy: 2.6625748993828893; random_exploration_count: 20; saved_snapshots: 0; random_action_prob: 0.1975
enter_straddle -0.01393939393939394 33
realize_gain -0.027567567567567567 37
realize_loss 0.6431428571428571 35
invest -0.002608695652173913 23
update_start: 48; random_action_prob: 0.1965
update_complete: 48; loss: 2.650430758794149; cumulative_reward: 21.36999999999996; invalid_count: 0; positive_reward_count: 1; success_count: 0; episode_count: 9; best_tax_advantage: 22.82; avg_entropy: 2.689845684915781; random_exploration_count: 24; saved_snapshots: 0; random_action_prob: 0.1965
enter_straddle -0.0134375 32
realize_gain -0.0095 40
realize_loss 0.6402857142857142 35
invest -0.010952380952380951 21
update_start: 49; random_action_prob: 0.1956
update_complete: 49; loss: 1.0872232516606648; cumulative_reward: 17.779999999999976; invalid_count: 0; positive_reward_count: 4; success_count: 0; episode_count: 9; best_tax_advantage: 17.13; avg_entropy: 2.722191834822297; random_exploration_count: 25; saved_snapshots: 0; random_action_prob: 0.1956
enter_straddle -0.013636363636363637 33
realize_gain -0.46473684210526317 38
realize_loss 1.0002777777777778 36
invest -0.005714285714285714 21
update_start: 50; random_action_prob: 0.1946
update_complete: 50; loss: 10.030447324117025; cumulative_reward: 84.66999999999997; invalid_count: 0; positive_reward_count: 6; success_count: 2; episode_count: 10; best_tax_advantage: 37.0; avg_entropy: 2.6522945230826735; random_exploration_count: 27; saved_snapshots: 0; random_action_prob: 0.1946
enter_straddle -0.0146875 32
realize_gain -0.00775 40
realize_loss 2.6734375 32
invest -0.004166666666666667 24
update_start: 51; random_action_prob: 0.1936
update_complete: 51; loss: 0.1585157811641693; cumulative_reward: -0.06999999999999972; invalid_count: 0; positive_reward_count: 4; success_count: 0; episode_count: 9; best_tax_advantage: 9.96; avg_entropy: 2.6327722165733576; random_exploration_count: 24; saved_snapshots: 0; random_action_prob: 0.1936
enter_straddle -0.014411764705882353 34
realize_gain -0.22024390243902436 41
realize_loss 0.3317241379310345 29
invest -0.007083333333333334 24
update_start: 52; random_action_prob: 0.1926
update_complete: 52; loss: -0.036146203676859535; cumulative_reward: 3.750000000000007; invalid_count: 0; positive_reward_count: 6; success_count: 0; episode_count: 9; best_tax_advantage: 3.96; avg_entropy: 2.655491467565298; random_exploration_count: 24; saved_snapshots: 0; random_action_prob: 0.1926
enter_straddle -0.013333333333333334 30
realize_gain -0.033448275862068964 29
realize_loss 0.14694444444444443 36
invest -0.005151515151515152 33
update_start: 53; random_action_prob: 0.1917
update_complete: 53; loss: -0.09230487793684006; cumulative_reward: -1.300000000000001; invalid_count: 0; positive_reward_count: 1; success_count: 0; episode_count: 9; best_tax_advantage: 0.67; avg_entropy: 2.7960136150941253; random_exploration_count: 18; saved_snapshots: 0; random_action_prob: 0.1917
enter_straddle -0.015000000000000001 36
realize_gain -0.016285714285714285 35
realize_loss -0.000833333333333333 36
invest -0.007619047619047619 21
update_start: 54; random_action_prob: 0.1907
update_complete: 54; loss: 0.043227205673853554; cumulative_reward: 3.9900000000000078; invalid_count: 0; positive_reward_count: 3; success_count: 0; episode_count: 9; best_tax_advantage: 5.49; avg_entropy: 2.7137877149507403; random_exploration_count: 28; saved_snapshots: 0; random_action_prob: 0.1907
enter_straddle -0.013333333333333334 33
realize_gain -0.12394736842105263 38
realize_loss 0.2809090909090909 33
invest -0.005416666666666667 24
update_start: 55; random_action_prob: 0.1898
update_complete: 55; loss: 1.1381417910257976; cumulative_reward: 14.28; invalid_count: 0; positive_reward_count: 1; success_count: 0; episode_count: 9; best_tax_advantage: 15.92; avg_entropy: 2.88179524615407; random_exploration_count: 23; saved_snapshots: 0; random_action_prob: 0.1898
enter_straddle -0.0134375 32
realize_gain -0.012647058823529412 34
realize_loss 0.42833333333333334 36
invest -0.01076923076923077 26
update_start: 56; random_action_prob: 0.1888
update_complete: 56; loss: -0.08919147153695424; cumulative_reward: -1.9600000000000015; invalid_count: 0; positive_reward_count: 1; success_count: 0; episode_count: 9; best_tax_advantage: 1.85; avg_entropy: 2.7361537162214518; random_exploration_count: 27; saved_snapshots: 0; random_action_prob: 0.1888
enter_straddle -0.01583333333333333 36
realize_gain -0.07235294117647059 34
realize_loss 0.03735294117647059 34
invest -0.008333333333333333 24
update_start: 57; random_action_prob: 0.1879
update_complete: 57; loss: 3.269127686818441; cumulative_reward: 33.429999999999986; invalid_count: 0; positive_reward_count: 7; success_count: 1; episode_count: 9; best_tax_advantage: 30.26; avg_entropy: 2.746186500415206; random_exploration_count: 23; saved_snapshots: 0; random_action_prob: 0.1879
enter_straddle -0.014722222222222223 36
realize_gain -0.13585365853658538 41
realize_loss 1.1320000000000001 35
invest -0.005625 16
update_start: 58; random_action_prob: 0.1869
update_complete: 58; loss: -0.08769143869479497; cumulative_reward: -1.940000000000001; invalid_count: 0; positive_reward_count: 1; success_count: 0; episode_count: 9; best_tax_advantage: 3.97; avg_entropy: 2.7469238275662065; random_exploration_count: 29; saved_snapshots: 0; random_action_prob: 0.1869
enter_straddle -0.017 40
realize_gain -0.15066666666666667 30
realize_loss 0.09628571428571431 35
invest -0.004782608695652174 23
update_start: 59; random_action_prob: 0.1860
update_complete: 59; loss: 1.140716552734375; cumulative_reward: 23.549999999999994; invalid_count: 0; positive_reward_count: 5; success_count: 0; episode_count: 9; best_tax_advantage: 15.86; avg_entropy: 2.671718235127628; random_exploration_count: 25; saved_snapshots: 0; random_action_prob: 0.1860
enter_straddle -0.01611111111111111 36
realize_gain -0.3188 25
realize_loss 0.7678571428571429 42
invest -0.006 25
update_start: 60; random_action_prob: 0.1851
update_complete: 60; loss: 3.5176636377970376; cumulative_reward: 30.92999999999999; invalid_count: 0; positive_reward_count: 2; success_count: 1; episode_count: 9; best_tax_advantage: 32.73; avg_entropy: 2.8461611540988088; random_exploration_count: 16; saved_snapshots: 0; random_action_prob: 0.1851
enter_straddle -0.014444444444444446 36
realize_gain -0.015333333333333334 30
realize_loss 0.7126666666666666 45
invest -0.009411764705882354 17
update_start: 61; random_action_prob: 0.1841
update_complete: 61; loss: -0.11578644315401714; cumulative_reward: -2.2600000000000007; invalid_count: 0; positive_reward_count: 0; success_count: 0; episode_count: 9; best_tax_advantage: 0.0; avg_entropy: 3.019233824685216; random_exploration_count: 27; saved_snapshots: 0; random_action_prob: 0.1841
enter_straddle -0.015277777777777779 36
realize_gain -0.023548387096774193 31
realize_loss -0.018571428571428572 35
invest -0.012692307692307694 26
update_start: 62; random_action_prob: 0.1832
update_complete: 62; loss: -0.11043975750605266; cumulative_reward: -1.9000000000000012; invalid_count: 0; positive_reward_count: 0; success_count: 0; episode_count: 9; best_tax_advantage: 0.0; avg_entropy: 2.7762945350259542; random_exploration_count: 19; saved_snapshots: 0; random_action_prob: 0.1832
enter_straddle -0.016216216216216217 37
realize_gain -0.016285714285714285 35
realize_loss -0.014857142857142857 35
invest -0.01 21
update_start: 63; random_action_prob: 0.1823
update_complete: 63; loss: 0.2482263147830963; cumulative_reward: 12.380000000000022; invalid_count: 0; positive_reward_count: 4; success_count: 0; episode_count: 9; best_tax_advantage: 7.86; avg_entropy: 2.832044898532331; random_exploration_count: 29; saved_snapshots: 0; random_action_prob: 0.1823
enter_straddle -0.014864864864864866 37
realize_gain -0.051923076923076926 26
realize_loss 0.3723076923076923 39
invest -0.00923076923076923 26
update_start: 64; random_action_prob: 0.1814
update_complete: 64; loss: -0.06703784316778183; cumulative_reward: -1.8900000000000008; invalid_count: 0; positive_reward_count: 3; success_count: 0; episode_count: 9; best_tax_advantage: 4.44; avg_entropy: 2.6563407722860575; random_exploration_count: 29; saved_snapshots: 0; random_action_prob: 0.1814
enter_straddle -0.015405405405405404 37
realize_gain -0.2220689655172414 29
realize_loss 0.12261904761904763 42
invest -0.0015 20
update_start: 65; random_action_prob: 0.1805
update_complete: 65; loss: 1.3945241371790569; cumulative_reward: 27.20999999999994; invalid_count: 0; positive_reward_count: 5; success_count: 0; episode_count: 9; best_tax_advantage: 20.35; avg_entropy: 2.70396432839334; random_exploration_count: 20; saved_snapshots: 0; random_action_prob: 0.1805
enter_straddle -0.0088 25
realize_gain -0.009000000000000001 30
realize_loss 0.5252830188679246 53
invest -0.007000000000000001 20
update_start: 66; random_action_prob: 0.1796
update_complete: 66; loss: -0.14918428659439087; cumulative_reward: -1.9400000000000013; invalid_count: 0; positive_reward_count: 0; success_count: 0; episode_count: 9; best_tax_advantage: 0.0; avg_entropy: 2.826145889237523; random_exploration_count: 20; saved_snapshots: 0; random_action_prob: 0.1796
enter_straddle -0.015 34
realize_gain -0.016585365853658537 41
realize_loss -0.01611111111111111 36
invest -0.01 17
update_start: 67; random_action_prob: 0.1787
update_complete: 67; loss: 2.3700950940450034; cumulative_reward: 1.0899999999999959; invalid_count: 0; positive_reward_count: 3; success_count: 0; episode_count: 9; best_tax_advantage: 25.11; avg_entropy: 2.5962521452456713; random_exploration_count: 23; saved_snapshots: 0; random_action_prob: 0.1787
enter_straddle -0.012142857142857144 28
realize_gain -0.7959375000000001 32
realize_loss 0.6272093023255814 43
invest -0.0028000000000000004 25
update_start: 68; random_action_prob: 0.1778
update_complete: 68; loss: 0.8038344581921896; cumulative_reward: 14.650000000000022; invalid_count: 0; positive_reward_count: 4; success_count: 0; episode_count: 9; best_tax_advantage: 16.11; avg_entropy: 2.7764579840004444; random_exploration_count: 18; saved_snapshots: 0; random_action_prob: 0.1778
enter_straddle -0.0125 32
realize_gain -0.013235294117647059 34
realize_loss 0.40153846153846157 39
invest -0.006956521739130435 23
update_start: 69; random_action_prob: 0.1769
update_complete: 69; loss: 0.22794783115386963; cumulative_reward: 9.180000000000014; invalid_count: 0; positive_reward_count: 3; success_count: 0; episode_count: 9; best_tax_advantage: 9.25; avg_entropy: 2.694362509995699; random_exploration_count: 25; saved_snapshots: 0; random_action_prob: 0.1769
enter_straddle -0.014545454545454545 33
realize_gain -0.22340909090909092 44
realize_loss 0.5912121212121213 33
invest -0.0011111111111111111 18
update_start: 70; random_action_prob: 0.1760
update_complete: 70; loss: -0.10795865207910538; cumulative_reward: -1.7900000000000011; invalid_count: 0; positive_reward_count: 3; success_count: 0; episode_count: 9; best_tax_advantage: 3.4; avg_entropy: 2.7956115286797285; random_exploration_count: 28; saved_snapshots: 0; random_action_prob: 0.1760
enter_straddle -0.015000000000000001 36
realize_gain -0.12129032258064515 31
realize_loss 0.08545454545454545 33
invest -0.01107142857142857 28
update_start: 71; random_action_prob: 0.1751
update_complete: 71; loss: -0.11759314934412639; cumulative_reward: -1.7700000000000011; invalid_count: 0; positive_reward_count: 0; success_count: 0; episode_count: 9; best_tax_advantage: 0.0; avg_entropy: 2.622529703192413; random_exploration_count: 17; saved_snapshots: 0; random_action_prob: 0.1751
enter_straddle -0.015714285714285715 35
realize_gain -0.014000000000000002 40
realize_loss -0.018285714285714287 35
invest -0.0011111111111111111 18
update_start: 72; random_action_prob: 0.1743
update_complete: 72; loss: 1.7508370478947957; cumulative_reward: 14.350000000000016; invalid_count: 0; positive_reward_count: 3; success_count: 0; episode_count: 9; best_tax_advantage: 28.78; avg_entropy: 2.5135781057178974; random_exploration_count: 20; saved_snapshots: 0; random_action_prob: 0.1743
enter_straddle -0.013030303030303031 33
realize_gain -0.6886842105263158 38
realize_loss 1.2430303030303032 33
invest -0.002916666666666667 24
update_start: 73; random_action_prob: 0.1734
update_complete: 73; loss: 5.851685206095378; cumulative_reward: 49.18000000000002; invalid_count: 0; positive_reward_count: 4; success_count: 1; episode_count: 9; best_tax_advantage: 34.19; avg_entropy: 2.7312182672321796; random_exploration_count: 25; saved_snapshots: 0; random_action_prob: 0.1734
enter_straddle -0.011935483870967743 31
realize_gain -0.05454545454545455 33
realize_loss 1.2885 40
invest -0.007916666666666667 24
update_start: 74; random_action_prob: 0.1725
update_complete: 74; loss: 6.815142790476481; cumulative_reward: 48.109999999999964; invalid_count: 0; positive_reward_count: 5; success_count: 1; episode_count: 9; best_tax_advantage: 34.69; avg_entropy: 2.6971341632306576; random_exploration_count: 21; saved_snapshots: 0; random_action_prob: 0.1725
enter_straddle -0.011000000000000001 30
realize_gain -0.43470588235294116 34
realize_loss 1.3767391304347825 46
invest -0.006111111111111111 18
update_start: 75; random_action_prob: 0.1717
update_complete: 75; loss: 5.257023970286052; cumulative_reward: 33.459999999999994; invalid_count: 0; positive_reward_count: 4; success_count: 1; episode_count: 9; best_tax_advantage: 34.63; avg_entropy: 2.611833555623889; random_exploration_count: 14; saved_snapshots: 0; random_action_prob: 0.1717
enter_straddle -0.011481481481481481 27
realize_gain -0.46205128205128204 39
realize_loss 1.8514285714285712 28
invest -0.0014705882352941176 34
update_start: 76; random_action_prob: 0.1708
update_complete: 76; loss: 4.674266974131267; cumulative_reward: 35.51; invalid_count: 0; positive_reward_count: 3; success_count: 1; episode_count: 9; best_tax_advantage: 37.0; avg_entropy: 2.722891747020185; random_exploration_count: 18; saved_snapshots: 0; random_action_prob: 0.1708
enter_straddle -0.014857142857142857 35
realize_gain -0.47474999999999995 40
realize_loss 1.7790322580645161 31
invest -0.005909090909090909 22
update_start: 77; random_action_prob: 0.1699
update_complete: 77; loss: 1.3224376837412517; cumulative_reward: 18.289999999999996; invalid_count: 0; positive_reward_count: 4; success_count: 0; episode_count: 9; best_tax_advantage: 23.64; avg_entropy: 2.883083403110504; random_exploration_count: 23; saved_snapshots: 0; random_action_prob: 0.1699
enter_straddle -0.013030303030303031 33
realize_gain -0.39289473684210524 38
realize_loss 1.1727586206896552 29
invest -0.012857142857142857 28
update_start: 78; random_action_prob: 0.1691
update_complete: 78; loss: -0.06761933118104935; cumulative_reward: -1.350000000000001; invalid_count: 0; positive_reward_count: 0; success_count: 0; episode_count: 9; best_tax_advantage: 0.0; avg_entropy: 2.7194739785045385; random_exploration_count: 23; saved_snapshots: 0; random_action_prob: 0.1691
enter_straddle -0.0121875 32
realize_gain -0.011666666666666665 36
realize_loss -0.010294117647058823 34
invest -0.007307692307692308 26
update_start: 79; random_action_prob: 0.1683
update_complete: 79; loss: -0.06379243234793346; cumulative_reward: -1.420000000000001; invalid_count: 0; positive_reward_count: 0; success_count: 0; episode_count: 9; best_tax_advantage: 0.0; avg_entropy: 2.5546091524884105; random_exploration_count: 20; saved_snapshots: 0; random_action_prob: 0.1683
enter_straddle -0.013125 32
realize_gain -0.01170212765957447 47
realize_loss -0.01088235294117647 34
invest -0.005333333333333333 15
update_start: 80; random_action_prob: 0.1674
update_complete: 80; loss: 2.1939545472462973; cumulative_reward: 30.619999999999973; invalid_count: 0; positive_reward_count: 4; success_count: 0; episode_count: 9; best_tax_advantage: 25.44; avg_entropy: 2.6227247091010213; random_exploration_count: 24; saved_snapshots: 0; random_action_prob: 0.1674
enter_straddle -0.015405405405405404 37
realize_gain -0.013428571428571384 35
realize_loss 0.9624242424242425 33
invest -0.004347826086956522 23
update_start: 81; random_action_prob: 0.1666
update_complete: 81; loss: 0.7189772129058838; cumulative_reward: 18.379999999999992; invalid_count: 0; positive_reward_count: 2; success_count: 0; episode_count: 9; best_tax_advantage: 10.07; avg_entropy: 2.699736190959811; random_exploration_count: 17; saved_snapshots: 0; random_action_prob: 0.1666
enter_straddle -0.012758620689655172 29
realize_gain -0.01052631578947369 38
realize_loss 0.5697058823529412 34
invest -0.008148148148148147 27
update_start: 82; random_action_prob: 0.1657
update_complete: 82; loss: 0.18982024987538657; cumulative_reward: 9.890000000000018; invalid_count: 0; positive_reward_count: 8; success_count: 0; episode_count: 9; best_tax_advantage: 11.65; avg_entropy: 2.610862215049565; random_exploration_count: 16; saved_snapshots: 0; random_action_prob: 0.1657
enter_straddle -0.013000000000000001 30
realize_gain -0.36405405405405405 37
realize_loss 0.6611111111111111 36
invest -0.002 25
update_start: 83; random_action_prob: 0.1649
update_complete: 83; loss: 5.839169820149739; cumulative_reward: 48.99999999999998; invalid_count: 0; positive_reward_count: 7; success_count: 1; episode_count: 9; best_tax_advantage: 37.0; avg_entropy: 2.6237263893708587; random_exploration_count: 27; saved_snapshots: 0; random_action_prob: 0.1649
enter_straddle -0.01206896551724138 29
realize_gain -0.5145238095238095 42
realize_loss 2.028857142857143 35
invest -0.002272727272727273 22
update_start: 84; random_action_prob: 0.1641
update_complete: 84; loss: 0.38553420702616376; cumulative_reward: 16.43; invalid_count: 0; positive_reward_count: 4; success_count: 0; episode_count: 9; best_tax_advantage: 10.56; avg_entropy: 2.7118779653683305; random_exploration_count: 14; saved_snapshots: 0; random_action_prob: 0.1641
enter_straddle -0.012666666666666666 30
realize_gain -0.012558139534883727 43
realize_loss 0.5290909090909092 33
invest -0.005 22
update_start: 85; random_action_prob: 0.1633
update_complete: 85; loss: 0.01661589741706848; cumulative_reward: -1.7000000000000013; invalid_count: 0; positive_reward_count: 0; success_count: 0; episode_count: 9; best_tax_advantage: 0.0; avg_entropy: 2.631452496163547; random_exploration_count: 17; saved_snapshots: 0; random_action_prob: 0.1633
enter_straddle -0.014571428571428572 35
realize_gain -0.015384615384615384 39
realize_loss -0.015806451612903224 31
invest -0.004347826086956522 23
update_start: 86; random_action_prob: 0.1625
update_complete: 86; loss: -0.016547153393427532; cumulative_reward: -1.4300000000000008; invalid_count: 0; positive_reward_count: 0; success_count: 0; episode_count: 9; best_tax_advantage: 0.0; avg_entropy: 2.578694988042116; random_exploration_count: 20; saved_snapshots: 0; random_action_prob: 0.1625
enter_straddle -0.01393939393939394 33
realize_gain -0.013260869565217392 46
realize_loss -0.008529411764705883 34
invest -0.004666666666666666 15
update_start: 87; random_action_prob: 0.1616
update_complete: 87; loss: 5.040915807088216; cumulative_reward: 56.379999999999974; invalid_count: 0; positive_reward_count: 4; success_count: 1; episode_count: 9; best_tax_advantage: 32.37; avg_entropy: 2.646777751855552; random_exploration_count: 19; saved_snapshots: 0; random_action_prob: 0.1616
enter_straddle -0.01103448275862069 29
realize_gain -0.011 40
realize_loss 1.6362857142857141 35
invest -0.005416666666666667 24
update_start: 88; random_action_prob: 0.1608
update_complete: 88; loss: -0.07869665076335271; cumulative_reward: -1.3300000000000007; invalid_count: 0; positive_reward_count: 0; success_count: 0; episode_count: 9; best_tax_advantage: 0.0; avg_entropy: 2.652380500920117; random_exploration_count: 14; saved_snapshots: 0; random_action_prob: 0.1608
enter_straddle -0.01103448275862069 29
realize_gain -0.013555555555555555 45
realize_loss -0.009354838709677418 31
invest -0.004782608695652174 23
update_start: 89; random_action_prob: 0.1600
update_complete: 89; loss: 4.932922840118408; cumulative_reward: 43.10000000000003; invalid_count: 0; positive_reward_count: 4; success_count: 1; episode_count: 9; best_tax_advantage: 35.44; avg_entropy: 2.6281825406476855; random_exploration_count: 25; saved_snapshots: 0; random_action_prob: 0.1600
enter_straddle -0.013870967741935483 31
realize_gain -0.03372093023255818 43
realize_loss 1.1852631578947368 38
invest -0.00375 16
update_start: 90; random_action_prob: 0.1592
update_complete: 90; loss: 0.19334213932355246; cumulative_reward: -1.419999999999998; invalid_count: 0; positive_reward_count: 3; success_count: 0; episode_count: 9; best_tax_advantage: 13.21; avg_entropy: 2.5899937245994806; random_exploration_count: 24; saved_snapshots: 0; random_action_prob: 0.1592
enter_straddle -0.011666666666666665 30
realize_gain -0.7497297297297297 37
realize_loss 0.7073684210526316 38
invest -0.009130434782608695 23
update_start: 91; random_action_prob: 0.1584
update_complete: 91; loss: 0.052313302954037987; cumulative_reward: 5.100000000000003; invalid_count: 0; positive_reward_count: 3; success_count: 0; episode_count: 9; best_tax_advantage: 6.23; avg_entropy: 2.548098301514983; random_exploration_count: 25; saved_snapshots: 0; random_action_prob: 0.1584
enter_straddle -0.01103448275862069 29
realize_gain -0.01775 40
realize_loss 0.1738888888888889 36
invest -0.005652173913043478 23
update_start: 92; random_action_prob: 0.1576
update_complete: 92; loss: -0.055657426516215004; cumulative_reward: 1.2399999999999998; invalid_count: 0; positive_reward_count: 1; success_count: 0; episode_count: 9; best_tax_advantage: 2.95; avg_entropy: 2.701310974545777; random_exploration_count: 25; saved_snapshots: 0; random_action_prob: 0.1576
enter_straddle -0.014857142857142857 35
realize_gain -0.012564102564102564 39
realize_loss 0.06852941176470588 34
invest -0.004 20
update_start: 93; random_action_prob: 0.1569
update_complete: 93; loss: 2.9176438649495444; cumulative_reward: 47.92999999999999; invalid_count: 0; positive_reward_count: 7; success_count: 0; episode_count: 9; best_tax_advantage: 20.53; avg_entropy: 2.74010762386024; random_exploration_count: 21; saved_snapshots: 0; random_action_prob: 0.1569
enter_straddle -0.012580645161290323 31
realize_gain -0.28750000000000003 36
realize_loss 1.5956756756756756 37
invest -0.015416666666666667 24
update_start: 94; random_action_prob: 0.1561
update_complete: 94; loss: 0.49042438467343646; cumulative_reward: 11.560000000000024; invalid_count: 0; positive_reward_count: 9; success_count: 0; episode_count: 9; best_tax_advantage: 13.22; avg_entropy: 2.5910182800143957; random_exploration_count: 24; saved_snapshots: 0; random_action_prob: 0.1561
enter_straddle -0.0134375 32
realize_gain -0.6535135135135135 37
realize_loss 0.8413953488372093 43
invest -0.000625 16
update_start: 95; random_action_prob: 0.1553
update_complete: 95; loss: 0.03164328138033549; cumulative_reward: 7.610000000000005; invalid_count: 0; positive_reward_count: 2; success_count: 0; episode_count: 9; best_tax_advantage: 4.98; avg_entropy: 2.7398246992379427; random_exploration_count: 22; saved_snapshots: 0; random_action_prob: 0.1553
enter_straddle -0.011666666666666665 30
realize_gain -0.009375 48
realize_loss 0.2659375 32
invest -0.005555555555555556 18
update_start: 96; random_action_prob: 0.1545
update_complete: 96; loss: 1.255446155865987; cumulative_reward: 15.29000000000001; invalid_count: 0; positive_reward_count: 2; success_count: 0; episode_count: 9; best_tax_advantage: 16.77; avg_entropy: 2.710999240167439; random_exploration_count: 25; saved_snapshots: 0; random_action_prob: 0.1545
enter_straddle -0.013125 32
realize_gain -0.17875000000000005 32
realize_loss 0.5385000000000001 40
invest -0.004583333333333333 24
update_start: 97; random_action_prob: 0.1537
update_complete: 97; loss: 0.26269423961639404; cumulative_reward: -0.559999999999998; invalid_count: 0; positive_reward_count: 11; success_count: 0; episode_count: 9; best_tax_advantage: 14.12; avg_entropy: 2.5987793263047934; random_exploration_count: 25; saved_snapshots: 0; random_action_prob: 0.1537
enter_straddle -0.0104 25
realize_gain -0.5375757575757575 33
realize_loss 0.3988636363636363 44
invest -0.004230769230769231 26
update_start: 98; random_action_prob: 0.1530
update_complete: 98; loss: 2.1326303482055664; cumulative_reward: 22.77999999999996; invalid_count: 0; positive_reward_count: 7; success_count: 0; episode_count: 9; best_tax_advantage: 22.63; avg_entropy: 2.571094182319939; random_exploration_count: 20; saved_snapshots: 0; random_action_prob: 0.1530
enter_straddle -0.012333333333333333 30
realize_gain -0.7373469387755102 49
realize_loss 1.696 35
invest -0.005714285714285714 14
update_start: 99; random_action_prob: 0.1522
update_complete: 99; loss: -0.08672981709241867; cumulative_reward: 0.06999999999999917; invalid_count: 0; positive_reward_count: 1; success_count: 0; episode_count: 9; best_tax_advantage: 1.63; avg_entropy: 2.7294857427477837; random_exploration_count: 25; saved_snapshots: 0; random_action_prob: 0.1522
enter_straddle -0.013636363636363637 33
realize_gain -0.015 34
realize_loss 0.03083333333333333 36
invest -0.0032 25
2026-07-10T18:18:35 completed straddle_abuse run=7 elapsed_seconds=855.14 updates_logged=100
2026-07-10T18:18:35 running straddle_abuse run=8 seed=1737
update_start: 0; random_action_prob: 0.2500
update_complete: 0; loss: -0.13852428396542868; cumulative_reward: -1.7300000000000013; invalid_count: 0; positive_reward_count: 0; success_count: 0; episode_count: 9; best_tax_advantage: 0.0; avg_entropy: 2.7941583953797817; random_exploration_count: 28; saved_snapshots: 0; random_action_prob: 0.2500
enter_straddle -0.014864864864864866 37
realize_gain -0.016756756756756756 37
realize_loss -0.011935483870967743 31
invest -0.00826086956521739 23
update_start: 1; random_action_prob: 0.2487
update_complete: 1; loss: 0.3254029154777527; cumulative_reward: 7.0200000000000005; invalid_count: 0; positive_reward_count: 1; success_count: 0; episode_count: 9; best_tax_advantage: 9.25; avg_entropy: 2.9496881254017353; random_exploration_count: 23; saved_snapshots: 0; random_action_prob: 0.2487
enter_straddle -0.018636363636363635 44
realize_gain -0.019714285714285712 35
realize_loss 0.2986206896551724 29
invest -0.006500000000000001 20
update_start: 2; random_action_prob: 0.2475
update_complete: 2; loss: 0.640083114306132; cumulative_reward: 13.650000000000016; invalid_count: 0; positive_reward_count: 4; success_count: 0; episode_count: 9; best_tax_advantage: 12.58; avg_entropy: 2.9290901999920607; random_exploration_count: 24; saved_snapshots: 0; random_action_prob: 0.2475
enter_straddle -0.017027027027027027 37
realize_gain -0.07555555555555554 36
realize_loss 0.5753333333333334 30
invest -0.0104 25
update_start: 3; random_action_prob: 0.2463
update_complete: 3; loss: -0.12360343088706334; cumulative_reward: -1.9700000000000013; invalid_count: 0; positive_reward_count: 0; success_count: 0; episode_count: 9; best_tax_advantage: 0.0; avg_entropy: 2.817744620144367; random_exploration_count: 27; saved_snapshots: 0; random_action_prob: 0.2463
enter_straddle -0.017 40
realize_gain -0.0175 36
realize_loss -0.016875 32
invest -0.006 20
update_start: 4; random_action_prob: 0.2450
update_complete: 4; loss: 0.40607279539108276; cumulative_reward: 16.169999999999984; invalid_count: 0; positive_reward_count: 6; success_count: 0; episode_count: 9; best_tax_advantage: 9.2; avg_entropy: 2.8319073244929314; random_exploration_count: 33; saved_snapshots: 0; random_action_prob: 0.2450
enter_straddle -0.016285714285714285 35
realize_gain -0.10925 40
realize_loss 0.625 34
invest -0.00736842105263158 19
update_start: 5; random_action_prob: 0.2438
update_complete: 5; loss: -0.1123329649368922; cumulative_reward: -1.590000000000001; invalid_count: 0; positive_reward_count: 0; success_count: 0; episode_count: 9; best_tax_advantage: 0.0; avg_entropy: 2.859231239184737; random_exploration_count: 30; saved_snapshots: 0; random_action_prob: 0.2438
enter_straddle -0.013636363636363637 33
realize_gain -0.014838709677419355 31
realize_loss -0.010909090909090908 44
invest -0.01 20
update_start: 6; random_action_prob: 0.2426
update_complete: 6; loss: 0.5609771609306335; cumulative_reward: 11.350000000000023; invalid_count: 0; positive_reward_count: 2; success_count: 0; episode_count: 9; best_tax_advantage: 12.94; avg_entropy: 2.689497766084969; random_exploration_count: 34; saved_snapshots: 0; random_action_prob: 0.2426
enter_straddle -0.016578947368421054 38
realize_gain -0.01263157894736842 38
realize_loss 0.4482142857142857 28
invest -0.00375 24
update_start: 7; random_action_prob: 0.2414
update_complete: 7; loss: 1.8440887928009033; cumulative_reward: 2.110000000000001; invalid_count: 0; positive_reward_count: 2; success_count: 0; episode_count: 9; best_tax_advantage: 23.17; avg_entropy: 2.646253142505884; random_exploration_count: 34; saved_snapshots: 0; random_action_prob: 0.2414
enter_straddle -0.014857142857142857 35
realize_gain -0.5431578947368422 38
realize_loss 0.8048275862068967 29
invest -0.0026923076923076926 26
update_start: 8; random_action_prob: 0.2402
update_complete: 8; loss: 1.40402090549469; cumulative_reward: 15.419999999999998; invalid_count: 0; positive_reward_count: 1; success_count: 0; episode_count: 9; best_tax_advantage: 23.79; avg_entropy: 2.888216532766819; random_exploration_count: 27; saved_snapshots: 0; random_action_prob: 0.2402
enter_straddle -0.013333333333333334 33
realize_gain -0.16953488372093023 43
realize_loss 0.7290625 32
invest -0.009 20
update_start: 9; random_action_prob: 0.2390
update_complete: 9; loss: -0.10813480118910472; cumulative_reward: -1.9800000000000013; invalid_count: 0; positive_reward_count: 0; success_count: 0; episode_count: 9; best_tax_advantage: 0.0; avg_entropy: 2.9346492029726505; random_exploration_count: 28; saved_snapshots: 0; random_action_prob: 0.2390
enter_straddle -0.015675675675675675 37
realize_gain -0.0196875 32
realize_loss -0.016666666666666666 36
invest -0.007391304347826086 23
update_start: 10; random_action_prob: 0.2378
update_complete: 10; loss: 0.21512549122174582; cumulative_reward: 10.990000000000013; invalid_count: 0; positive_reward_count: 3; success_count: 0; episode_count: 9; best_tax_advantage: 7.94; avg_entropy: 2.7504004407674074; random_exploration_count: 30; saved_snapshots: 0; random_action_prob: 0.2378
enter_straddle -0.012903225806451613 31
realize_gain -0.01206896551724138 29
realize_loss 0.2821428571428572 42
invest -0.004230769230769231 26
update_start: 11; random_action_prob: 0.2366
update_complete: 11; loss: -0.10536649326483409; cumulative_reward: 0.679999999999999; invalid_count: 0; positive_reward_count: 2; success_count: 0; episode_count: 9; best_tax_advantage: 1.76; avg_entropy: 2.7550099780783057; random_exploration_count: 24; saved_snapshots: 0; random_action_prob: 0.2366
enter_straddle -0.013823529411764707 34
realize_gain -0.014193548387096775 31
realize_loss 0.04631578947368421 38
invest -0.0068000000000000005 25
update_start: 12; random_action_prob: 0.2354
update_complete: 12; loss: 0.048901453614234924; cumulative_reward: 5.870000000000008; invalid_count: 0; positive_reward_count: 1; success_count: 0; episode_count: 9; best_tax_advantage: 7.77; avg_entropy: 2.737673076801002; random_exploration_count: 32; saved_snapshots: 0; random_action_prob: 0.2354
enter_straddle -0.015151515151515152 33
realize_gain -0.024137931034482737 29
realize_loss 0.18025 40
invest -0.005384615384615385 26
update_start: 13; random_action_prob: 0.2342
update_complete: 13; loss: 0.9931724667549133; cumulative_reward: 22.710000000000033; invalid_count: 0; positive_reward_count: 4; success_count: 0; episode_count: 9; best_tax_advantage: 11.9; avg_entropy: 2.913675980642438; random_exploration_count: 27; saved_snapshots: 0; random_action_prob: 0.2342
enter_straddle -0.015000000000000001 36
realize_gain -0.23428571428571426 35
realize_loss 0.9042857142857144 35
invest -0.009090909090909092 22
update_start: 14; random_action_prob: 0.2331
update_complete: 14; loss: -0.13439362744490305; cumulative_reward: -1.9800000000000013; invalid_count: 0; positive_reward_count: 0; success_count: 0; episode_count: 9; best_tax_advantage: 0.0; avg_entropy: 2.7798789953812957; random_exploration_count: 29; saved_snapshots: 0; random_action_prob: 0.2331
enter_straddle -0.014571428571428572 35
realize_gain -0.014651162790697675 43
realize_loss -0.01696969696969697 33
invest -0.01647058823529412 17
update_start: 15; random_action_prob: 0.2319
update_complete: 15; loss: 0.06478214263916016; cumulative_reward: -1.6600000000000004; invalid_count: 0; positive_reward_count: 3; success_count: 0; episode_count: 9; best_tax_advantage: 13.21; avg_entropy: 2.787140822969377; random_exploration_count: 25; saved_snapshots: 0; random_action_prob: 0.2319
enter_straddle -0.015555555555555557 36
realize_gain -0.5918181818181818 33
realize_loss 0.5152777777777778 36
invest -0.005217391304347826 23
update_start: 16; random_action_prob: 0.2307
update_complete: 16; loss: -0.02307949463526408; cumulative_reward: 3.41; invalid_count: 0; positive_reward_count: 4; success_count: 0; episode_count: 9; best_tax_advantage: 4.78; avg_entropy: 2.6410503210499883; random_exploration_count: 30; saved_snapshots: 0; random_action_prob: 0.2307
enter_straddle -0.014857142857142857 35
realize_gain -0.12380952380952381 42
realize_loss 0.28968750000000004 32
invest -0.00736842105263158 19
update_start: 17; random_action_prob: 0.2296
update_complete: 17; loss: 0.31791073083877563; cumulative_reward: 12.540000000000013; invalid_count: 0; positive_reward_count: 2; success_count: 0; episode_count: 9; best_tax_advantage: 9.25; avg_entropy: 2.7674683276563883; random_exploration_count: 47; saved_snapshots: 0; random_action_prob: 0.2296
enter_straddle -0.016486486486486485 37
realize_gain -0.01 33
realize_loss 0.40147058823529413 34
invest -0.007083333333333333 24
update_start: 18; random_action_prob: 0.2284
update_complete: 18; loss: -0.11677221953868866; cumulative_reward: -1.0600000000000003; invalid_count: 0; positive_reward_count: 2; success_count: 0; episode_count: 9; best_tax_advantage: 2.62; avg_entropy: 2.814275606535375; random_exploration_count: 31; saved_snapshots: 0; random_action_prob: 0.2284
enter_straddle -0.015 34
realize_gain -0.10099999999999999 30
realize_loss 0.08363636363636365 33
invest -0.00903225806451613 31
update_start: 19; random_action_prob: 0.2273
update_complete: 19; loss: 1.1573572556177776; cumulative_reward: 27.95999999999997; invalid_count: 0; positive_reward_count: 6; success_count: 0; episode_count: 9; best_tax_advantage: 11.89; avg_entropy: 2.869500270113349; random_exploration_count: 31; saved_snapshots: 0; random_action_prob: 0.2273
enter_straddle -0.01542857142857143 35
realize_gain -0.26242424242424245 33
realize_loss 0.9095121951219513 41
invest -0.006842105263157895 19
update_start: 20; random_action_prob: 0.2262
update_complete: 20; loss: -0.0387544184923172; cumulative_reward: 3.010000000000008; invalid_count: 0; positive_reward_count: 2; success_count: 0; episode_count: 9; best_tax_advantage: 4.84; avg_entropy: 2.820191314443946; random_exploration_count: 20; saved_snapshots: 0; random_action_prob: 0.2262
enter_straddle -0.015945945945945946 37
realize_gain -0.013414634146341465 41
realize_loss 0.13709677419354838 31
invest -0.005263157894736842 19
update_start: 21; random_action_prob: 0.2250
update_complete: 21; loss: 0.5198468764623007; cumulative_reward: 20.319999999999983; invalid_count: 0; positive_reward_count: 2; success_count: 0; episode_count: 9; best_tax_advantage: 14.23; avg_entropy: 2.785963809117675; random_exploration_count: 27; saved_snapshots: 0; random_action_prob: 0.2250
enter_straddle -0.0125 32
realize_gain -0.012162162162162163 37
realize_loss 0.6900000000000001 31
invest -0.007857142857142858 28
update_start: 22; random_action_prob: 0.2239
update_complete: 22; loss: -0.10365822662909825; cumulative_reward: 2.310000000000003; invalid_count: 0; positive_reward_count: 2; success_count: 0; episode_count: 9; best_tax_advantage: 4.16; avg_entropy: 2.79505455493927; random_exploration_count: 34; saved_snapshots: 0; random_action_prob: 0.2239
enter_straddle -0.016923076923076923 39
realize_gain -0.016756756756756756 37
realize_loss 0.1140625 32
invest -0.003 20
update_start: 23; random_action_prob: 0.2228
update_complete: 23; loss: 1.0177350441614788; cumulative_reward: 19.540000000000024; invalid_count: 0; positive_reward_count: 3; success_count: 0; episode_count: 9; best_tax_advantage: 14.35; avg_entropy: 2.746157815679908; random_exploration_count: 20; saved_snapshots: 0; random_action_prob: 0.2228
enter_straddle -0.015405405405405404 37
realize_gain -0.11256410256410256 39
realize_loss 0.770625 32
invest -0.008 20
update_start: 24; random_action_prob: 0.2217
update_complete: 24; loss: -0.024740556875864666; cumulative_reward: 3.640000000000011; invalid_count: 0; positive_reward_count: 3; success_count: 0; episode_count: 9; best_tax_advantage: 5.14; avg_entropy: 2.9049569368362427; random_exploration_count: 30; saved_snapshots: 0; random_action_prob: 0.2217
enter_straddle -0.014444444444444446 36
realize_gain -0.09862068965517241 29
realize_loss 0.1864102564102564 39
invest -0.010416666666666666 24
update_start: 25; random_action_prob: 0.2206
update_complete: 25; loss: 0.1433030217885971; cumulative_reward: -1.84; invalid_count: 0; positive_reward_count: 2; success_count: 0; episode_count: 9; best_tax_advantage: 9.06; avg_entropy: 2.7980187088251114; random_exploration_count: 34; saved_snapshots: 0; random_action_prob: 0.2206
enter_straddle -0.016578947368421054 38
realize_gain -0.32896551724137935 29
realize_loss 0.23081081081081084 37
invest -0.008749999999999999 24
update_start: 26; random_action_prob: 0.2195
update_complete: 26; loss: -0.1278858259320259; cumulative_reward: -1.6700000000000013; invalid_count: 0; positive_reward_count: 0; success_count: 0; episode_count: 9; best_tax_advantage: 0.0; avg_entropy: 2.752367241308093; random_exploration_count: 24; saved_snapshots: 0; random_action_prob: 0.2195
enter_straddle -0.014285714285714285 35
realize_gain -0.014193548387096775 31
realize_loss -0.014375 32
invest -0.009000000000000001 30
update_start: 27; random_action_prob: 0.2184
update_complete: 27; loss: -0.136918842792511; cumulative_reward: -1.7400000000000013; invalid_count: 0; positive_reward_count: 0; success_count: 0; episode_count: 9; best_tax_advantage: 0.0; avg_entropy: 2.850760243833065; random_exploration_count: 35; saved_snapshots: 0; random_action_prob: 0.2184
enter_straddle -0.014444444444444446 36
realize_gain -0.016052631578947367 38
realize_loss -0.013548387096774193 31
invest -0.00826086956521739 23
update_start: 28; random_action_prob: 0.2173
update_complete: 28; loss: -0.07361134886741638; cumulative_reward: 1.250000000000003; invalid_count: 0; positive_reward_count: 1; success_count: 0; episode_count: 9; best_tax_advantage: 3.21; avg_entropy: 2.788387255743146; random_exploration_count: 31; saved_snapshots: 0; random_action_prob: 0.2173
enter_straddle -0.018 40
realize_gain -0.019142857142857145 35
realize_loss 0.08147058823529411 34
invest -0.006842105263157895 19
update_start: 29; random_action_prob: 0.2162
update_complete: 29; loss: 0.4478699763615926; cumulative_reward: 4.7900000000000125; invalid_count: 0; positive_reward_count: 3; success_count: 0; episode_count: 9; best_tax_advantage: 11.43; avg_entropy: 2.9364439006894827; random_exploration_count: 27; saved_snapshots: 0; random_action_prob: 0.2162
enter_straddle -0.01575 40
realize_gain -1.0004545454545453 22
realize_loss 0.563469387755102 49
invest -0.010588235294117647 17
update_start: 30; random_action_prob: 0.2151
update_complete: 30; loss: 0.769037663936615; cumulative_reward: 11.65000000000002; invalid_count: 0; positive_reward_count: 3; success_count: 0; episode_count: 9; best_tax_advantage: 18.5; avg_entropy: 2.835343025624752; random_exploration_count: 25; saved_snapshots: 0; random_action_prob: 0.2151
enter_straddle -0.010370370370370372 27
realize_gain -0.4960526315789473 38
realize_loss 0.7373809523809525 42
invest -0.009047619047619047 21
update_start: 31; random_action_prob: 0.2140
update_complete: 31; loss: 0.3667917847633362; cumulative_reward: 9.860000000000003; invalid_count: 0; positive_reward_count: 3; success_count: 0; episode_count: 9; best_tax_advantage: 13.22; avg_entropy: 2.9867056757211685; random_exploration_count: 25; saved_snapshots: 0; random_action_prob: 0.2140
enter_straddle -0.015142857142857144 35
realize_gain -0.19750000000000004 36
realize_loss 0.508 35
invest -0.012727272727272728 22
update_start: 32; random_action_prob: 0.2130
update_complete: 32; loss: 1.119877020517985; cumulative_reward: 14.680000000000009; invalid_count: 0; positive_reward_count: 6; success_count: 0; episode_count: 9; best_tax_advantage: 15.31; avg_entropy: 2.6830877978354692; random_exploration_count: 29; saved_snapshots: 0; random_action_prob: 0.2130
enter_straddle -0.01076923076923077 26
realize_gain -0.3813888888888889 36
realize_loss 0.7197500000000001 40
invest -0.0038461538461538464 26
update_start: 33; random_action_prob: 0.2119
update_complete: 33; loss: -0.1143730456630389; cumulative_reward: -1.430000000000001; invalid_count: 0; positive_reward_count: 0; success_count: 0; episode_count: 9; best_tax_advantage: 0.0; avg_entropy: 2.7987141646444798; random_exploration_count: 29; saved_snapshots: 0; random_action_prob: 0.2119
enter_straddle -0.013125 32
realize_gain -0.015172413793103448 29
realize_loss -0.012258064516129033 31
invest -0.005277777777777778 36
update_start: 34; random_action_prob: 0.2108
update_complete: 34; loss: -0.10191369305054347; cumulative_reward: -1.330000000000001; invalid_count: 0; positive_reward_count: 0; success_count: 0; episode_count: 9; best_tax_advantage: 0.0; avg_entropy: 2.63800875749439; random_exploration_count: 27; saved_snapshots: 0; random_action_prob: 0.2108
enter_straddle -0.014117647058823528 34
realize_gain -0.01 26
realize_loss -0.012439024390243903 41
invest -0.002962962962962963 27
update_start: 35; random_action_prob: 0.2098
update_complete: 35; loss: 0.02234490712483724; cumulative_reward: -1.6299999999999992; invalid_count: 0; positive_reward_count: 2; success_count: 0; episode_count: 9; best_tax_advantage: 6.49; avg_entropy: 2.73670544475317; random_exploration_count: 20; saved_snapshots: 0; random_action_prob: 0.2098
enter_straddle -0.014857142857142857 35
realize_gain -0.2776315789473684 38
realize_loss 0.3034375 32
invest -0.01173913043478261 23
update_start: 36; random_action_prob: 0.2087
update_complete: 36; loss: 1.5059334834416707; cumulative_reward: 17.239999999999963; invalid_count: 0; positive_reward_count: 4; success_count: 0; episode_count: 9; best_tax_advantage: 27.75; avg_entropy: 2.636333543807268; random_exploration_count: 25; saved_snapshots: 0; random_action_prob: 0.2087
enter_straddle -0.013125 32
realize_gain -0.39634146341463417 41
realize_loss 0.9997058823529412 34
invest -0.0038095238095238095 21
update_start: 37; random_action_prob: 0.2077
update_complete: 37; loss: -0.12122281889120738; cumulative_reward: -1.740000000000001; invalid_count: 0; positive_reward_count: 0; success_count: 0; episode_count: 9; best_tax_advantage: 0.0; avg_entropy: 2.780516104772687; random_exploration_count: 26; saved_snapshots: 0; random_action_prob: 0.2077
enter_straddle -0.016923076923076923 39
realize_gain -0.018275862068965518 29
realize_loss -0.012 40
invest -0.0035000000000000005 20
update_start: 38; random_action_prob: 0.2066
update_complete: 38; loss: 5.224446614583333; cumulative_reward: 35.469999999999985; invalid_count: 0; positive_reward_count: 3; success_count: 1; episode_count: 9; best_tax_advantage: 33.37; avg_entropy: 2.8749385038390756; random_exploration_count: 27; saved_snapshots: 0; random_action_prob: 0.2066
enter_straddle -0.015263157894736841 38
realize_gain -0.016216216216216217 37
realize_loss 1.0233333333333332 36
invest -0.011176470588235295 17
update_start: 39; random_action_prob: 0.2056
update_complete: 39; loss: 0.1026712457338969; cumulative_reward: 6.150000000000016; invalid_count: 0; positive_reward_count: 3; success_count: 0; episode_count: 9; best_tax_advantage: 6.94; avg_entropy: 2.8396107433363795; random_exploration_count: 28; saved_snapshots: 0; random_action_prob: 0.2056
enter_straddle -0.012580645161290323 31
realize_gain -0.0271875 32
realize_loss 0.1792857142857143 42
invest -0.005217391304347826 23
update_start: 40; random_action_prob: 0.2046
update_complete: 40; loss: 3.0448903242746987; cumulative_reward: 23.07999999999998; invalid_count: 0; positive_reward_count: 1; success_count: 0; episode_count: 9; best_tax_advantage: 27.62; avg_entropy: 2.73112129047513; random_exploration_count: 29; saved_snapshots: 0; random_action_prob: 0.2046
enter_straddle -0.014117647058823528 34
realize_gain -0.11758620689655176 29
realize_loss 0.7555555555555556 36
invest -0.007931034482758621 29
update_start: 41; random_action_prob: 0.2036
update_complete: 41; loss: -0.11950615545113881; cumulative_reward: -1.4900000000000009; invalid_count: 0; positive_reward_count: 0; success_count: 0; episode_count: 9; best_tax_advantage: 0.0; avg_entropy: 2.90215808711946; random_exploration_count: 26; saved_snapshots: 0; random_action_prob: 0.2036
enter_straddle -0.013030303030303031 33
realize_gain -0.011627906976744186 43
realize_loss -0.013846153846153845 26
invest -0.007692307692307693 26
update_start: 42; random_action_prob: 0.2025
update_complete: 42; loss: 0.0029416282971700034; cumulative_reward: -1.5900000000000003; invalid_count: 0; positive_reward_count: 1; success_count: 0; episode_count: 9; best_tax_advantage: 6.47; avg_entropy: 2.784047793596983; random_exploration_count: 29; saved_snapshots: 0; random_action_prob: 0.2025
enter_straddle -0.013636363636363637 33
realize_gain -0.15954545454545455 44
realize_loss 0.2175 28
invest -0.009130434782608695 23
update_start: 43; random_action_prob: 0.2015
update_complete: 43; loss: -0.11518699427445729; cumulative_reward: -1.5300000000000007; invalid_count: 0; positive_reward_count: 0; success_count: 0; episode_count: 9; best_tax_advantage: 0.0; avg_entropy: 2.7912893034517765; random_exploration_count: 23; saved_snapshots: 0; random_action_prob: 0.2015
enter_straddle -0.0134375 32
realize_gain -0.010975609756097562 41
realize_loss -0.012162162162162163 37
invest -0.011111111111111112 18
update_start: 44; random_action_prob: 0.2005
update_complete: 44; loss: 0.07622437675793965; cumulative_reward: 2.1100000000000048; invalid_count: 0; positive_reward_count: 2; success_count: 0; episode_count: 9; best_tax_advantage: 8.54; avg_entropy: 2.6807320155203342; random_exploration_count: 28; saved_snapshots: 0; random_action_prob: 0.2005
enter_straddle -0.0140625 32
realize_gain -0.21523809523809523 42
realize_loss 0.3438235294117647 34
invest -0.0045 20
update_start: 45; random_action_prob: 0.1995
update_complete: 45; loss: 4.479583104451497; cumulative_reward: 32.450000000000045; invalid_count: 0; positive_reward_count: 3; success_count: 1; episode_count: 9; best_tax_advantage: 32.37; avg_entropy: 2.645693002268672; random_exploration_count: 23; saved_snapshots: 0; random_action_prob: 0.1995
enter_straddle -0.0084 25
realize_gain -0.007804878048780488 41
realize_loss 0.8937837837837836 37
invest -0.0036 25
update_start: 46; random_action_prob: 0.1985
update_complete: 46; loss: 0.3809754053751628; cumulative_reward: 6.940000000000011; invalid_count: 0; positive_reward_count: 2; success_count: 0; episode_count: 9; best_tax_advantage: 8.38; avg_entropy: 2.8098102547228336; random_exploration_count: 26; saved_snapshots: 0; random_action_prob: 0.1985
enter_straddle -0.012903225806451613 31
realize_gain -0.1692682926829268 41
realize_loss 0.4651612903225807 31
invest -0.005600000000000001 25
update_start: 47; random_action_prob: 0.1975
update_complete: 47; loss: -0.0474648450811704; cumulative_reward: 3.390000000000003; invalid_count: 0; positive_reward_count: 2; success_count: 0; episode_count: 9; best_tax_advantage: 4.38; avg_entropy: 2.810443392023444; random_exploration_count: 28; saved_snapshots: 0; random_action_prob: 0.1975
enter_straddle -0.013000000000000001 30
realize_gain -0.013333333333333332 45
realize_loss 0.1688888888888889 27
invest -0.006923076923076922 26
update_start: 48; random_action_prob: 0.1965
update_complete: 48; loss: 1.7981080214182537; cumulative_reward: 1.5300000000000025; invalid_count: 0; positive_reward_count: 5; success_count: 0; episode_count: 9; best_tax_advantage: 27.75; avg_entropy: 2.7518489519134164; random_exploration_count: 21; saved_snapshots: 0; random_action_prob: 0.1965
enter_straddle -0.013823529411764707 34
realize_gain -1.626969696969697 33
realize_loss 1.3614634146341464 41
invest -0.006500000000000001 20
update_start: 49; random_action_prob: 0.1956
update_complete: 49; loss: 5.488681157430013; cumulative_reward: 38.559999999999995; invalid_count: 0; positive_reward_count: 2; success_count: 1; episode_count: 9; best_tax_advantage: 35.68; avg_entropy: 2.6677706325426698; random_exploration_count: 21; saved_snapshots: 0; random_action_prob: 0.1956
enter_straddle -0.012424242424242424 33
realize_gain -0.009534883720930233 43
realize_loss 1.2346875 32
invest -0.006500000000000001 20
update_start: 50; random_action_prob: 0.1946
update_complete: 50; loss: 0.6197819312413534; cumulative_reward: 16.58000000000001; invalid_count: 0; positive_reward_count: 3; success_count: 0; episode_count: 9; best_tax_advantage: 11.87; avg_entropy: 2.710646767169237; random_exploration_count: 25; saved_snapshots: 0; random_action_prob: 0.1946
enter_straddle -0.01107142857142857 28
realize_gain -0.09682926829268294 41
realize_loss 0.525 40
invest -0.00736842105263158 19
update_start: 51; random_action_prob: 0.1936
update_complete: 51; loss: -0.11219566812117894; cumulative_reward: -2.0800000000000014; invalid_count: 0; positive_reward_count: 0; success_count: 0; episode_count: 9; best_tax_advantage: 0.0; avg_entropy: 2.880524806678295; random_exploration_count: 25; saved_snapshots: 0; random_action_prob: 0.1936
enter_straddle -0.017027027027027027 37
realize_gain -0.01810810810810811 37
realize_loss -0.016666666666666666 36
invest -0.01 18
update_start: 52; random_action_prob: 0.1926
update_complete: 52; loss: 0.5982050100962321; cumulative_reward: 3.2800000000000025; invalid_count: 0; positive_reward_count: 1; success_count: 0; episode_count: 9; best_tax_advantage: 27.75; avg_entropy: 2.8624956142157316; random_exploration_count: 26; saved_snapshots: 0; random_action_prob: 0.1926
enter_straddle -0.015277777777777779 36
realize_gain -0.678235294117647 34
realize_loss 0.7533333333333334 36
invest -0.010454545454545454 22
update_start: 53; random_action_prob: 0.1917
update_complete: 53; loss: -0.10682254284620285; cumulative_reward: -1.4700000000000009; invalid_count: 0; positive_reward_count: 0; success_count: 0; episode_count: 9; best_tax_advantage: 0.0; avg_entropy: 2.7848766203969717; random_exploration_count: 24; saved_snapshots: 0; random_action_prob: 0.1917
enter_straddle -0.014571428571428572 35
realize_gain -0.01 36
realize_loss -0.013333333333333332 36
invest -0.005714285714285714 21
update_start: 54; random_action_prob: 0.1907
update_complete: 54; loss: -0.12615048388640085; cumulative_reward: -1.9000000000000015; invalid_count: 0; positive_reward_count: 0; success_count: 0; episode_count: 9; best_tax_advantage: 0.0; avg_entropy: 2.8877104111015797; random_exploration_count: 23; saved_snapshots: 0; random_action_prob: 0.1907
enter_straddle -0.015526315789473683 38
realize_gain -0.014516129032258065 31
realize_loss -0.0195 40
invest -0.004210526315789474 19
update_start: 55; random_action_prob: 0.1898
update_complete: 55; loss: 4.803294976552327; cumulative_reward: 35.65000000000001; invalid_count: 0; positive_reward_count: 3; success_count: 1; episode_count: 9; best_tax_advantage: 37.0; avg_entropy: 2.776504823938012; random_exploration_count: 21; saved_snapshots: 0; random_action_prob: 0.1898
enter_straddle -0.013225806451612903 31
realize_gain -0.14405405405405405 37
realize_loss 1.6640000000000001 25
invest -0.006 35
update_start: 56; random_action_prob: 0.1888
update_complete: 56; loss: 3.0432146390279136; cumulative_reward: 29.099999999999955; invalid_count: 0; positive_reward_count: 2; success_count: 1; episode_count: 9; best_tax_advantage: 30.6; avg_entropy: 2.6807881956920028; random_exploration_count: 26; saved_snapshots: 0; random_action_prob: 0.1888
enter_straddle -0.014444444444444446 36
realize_gain -0.27421052631578946 38
realize_loss 1.115 36
invest -0.005555555555555556 18
update_start: 57; random_action_prob: 0.1879
update_complete: 57; loss: 3.128918727238973; cumulative_reward: 34.28000000000006; invalid_count: 0; positive_reward_count: 1; success_count: 1; episode_count: 9; best_tax_advantage: 35.68; avg_entropy: 2.7392912916839123; random_exploration_count: 24; saved_snapshots: 0; random_action_prob: 0.1879
enter_straddle -0.011428571428571429 28
realize_gain -0.013750000000000002 40
realize_loss 0.9273684210526316 38
invest -0.00409090909090909 22
update_start: 58; random_action_prob: 0.1869
update_complete: 58; loss: -0.13344184557596842; cumulative_reward: -1.350000000000001; invalid_count: 0; positive_reward_count: 0; success_count: 0; episode_count: 9; best_tax_advantage: 0.0; avg_entropy: 2.8407751945778728; random_exploration_count: 23; saved_snapshots: 0; random_action_prob: 0.1869
enter_straddle -0.012903225806451613 31
realize_gain -0.010416666666666666 24
realize_loss -0.012439024390243903 41
invest -0.0059375 32
update_start: 59; random_action_prob: 0.1860
update_complete: 59; loss: -0.13109454015890756; cumulative_reward: -2.0000000000000013; invalid_count: 0; positive_reward_count: 0; success_count: 0; episode_count: 9; best_tax_advantage: 0.0; avg_entropy: 2.938779299147427; random_exploration_count: 24; saved_snapshots: 0; random_action_prob: 0.1860
enter_straddle -0.015555555555555557 36
realize_gain -0.01717948717948718 39
realize_loss -0.01911764705882353 34
invest -0.00631578947368421 19
update_start: 60; random_action_prob: 0.1851
update_complete: 60; loss: -0.1274952491124471; cumulative_reward: -1.710000000000001; invalid_count: 0; positive_reward_count: 0; success_count: 0; episode_count: 9; best_tax_advantage: 0.0; avg_entropy: 2.781242704950273; random_exploration_count: 23; saved_snapshots: 0; random_action_prob: 0.1851
enter_straddle -0.014411764705882353 34
realize_gain -0.011724137931034483 29
realize_loss -0.016666666666666666 45
invest -0.006500000000000001 20
update_start: 61; random_action_prob: 0.1841
update_complete: 61; loss: 0.03825230896472931; cumulative_reward: 6.6800000000000095; invalid_count: 0; positive_reward_count: 3; success_count: 0; episode_count: 9; best_tax_advantage: 8.42; avg_entropy: 2.8609674517065287; random_exploration_count: 28; saved_snapshots: 0; random_action_prob: 0.1841
enter_straddle -0.015405405405405404 37
realize_gain -0.09756097560975609 41
realize_loss 0.38333333333333336 30
invest -0.0125 20
update_start: 62; random_action_prob: 0.1832
update_complete: 62; loss: -0.11837579806645711; cumulative_reward: -0.9500000000000004; invalid_count: 0; positive_reward_count: 0; success_count: 0; episode_count: 9; best_tax_advantage: 0.0; avg_entropy: 2.587046886794269; random_exploration_count: 20; saved_snapshots: 0; random_action_prob: 0.1832
enter_straddle -0.012333333333333333 30
realize_gain -0.007297297297297297 37
realize_loss -0.005789473684210527 38
invest -0.003913043478260869 23
update_start: 63; random_action_prob: 0.1823
update_complete: 63; loss: -0.059523421029249825; cumulative_reward: 3.8200000000000016; invalid_count: 0; positive_reward_count: 2; success_count: 0; episode_count: 9; best_tax_advantage: 3.06; avg_entropy: 2.730197034776211; random_exploration_count: 15; saved_snapshots: 0; random_action_prob: 0.1823
enter_straddle -0.01393939393939394 33
realize_gain -0.011111111111111112 36
realize_loss 0.13027027027027027 37
invest -0.006363636363636364 22
update_start: 64; random_action_prob: 0.1814
update_complete: 64; loss: -0.1287730485200882; cumulative_reward: -1.8200000000000012; invalid_count: 0; positive_reward_count: 0; success_count: 0; episode_count: 9; best_tax_advantage: 0.0; avg_entropy: 2.787730036303401; random_exploration_count: 21; saved_snapshots: 0; random_action_prob: 0.1814
enter_straddle -0.014285714285714285 35
realize_gain -0.016153846153846154 26
realize_loss -0.016153846153846154 39
invest -0.009642857142857144 28
update_start: 65; random_action_prob: 0.1805
update_complete: 65; loss: -0.12085155646006267; cumulative_reward: -1.680000000000001; invalid_count: 0; positive_reward_count: 1; success_count: 0; episode_count: 9; best_tax_advantage: 1.73; avg_entropy: 2.825254843570292; random_exploration_count: 17; saved_snapshots: 0; random_action_prob: 0.1805
enter_straddle -0.01647058823529412 34
realize_gain -0.059444444444444446 36
realize_loss 0.033888888888888885 36
invest -0.009090909090909092 22
update_start: 66; random_action_prob: 0.1796
update_complete: 66; loss: 0.0259301761786143; cumulative_reward: -1.3899999999999992; invalid_count: 0; positive_reward_count: 3; success_count: 0; episode_count: 9; best_tax_advantage: 8.0; avg_entropy: 2.752878036350012; random_exploration_count: 27; saved_snapshots: 0; random_action_prob: 0.1796
enter_straddle -0.012413793103448275 29
realize_gain -0.2123809523809524 42
realize_loss 0.249375 32
invest -0.0036 25
update_start: 67; random_action_prob: 0.1787
update_complete: 67; loss: -0.09568968663613002; cumulative_reward: -1.2900000000000003; invalid_count: 0; positive_reward_count: 1; success_count: 0; episode_count: 9; best_tax_advantage: 4.44; avg_entropy: 2.657084349542856; random_exploration_count: 18; saved_snapshots: 0; random_action_prob: 0.1787
enter_straddle -0.013225806451612903 31
realize_gain -0.12384615384615384 39
realize_loss 0.12088235294117651 34
invest -0.006666666666666667 24
update_start: 68; random_action_prob: 0.1778
update_complete: 68; loss: 0.6867483456929525; cumulative_reward: 10.360000000000035; invalid_count: 0; positive_reward_count: 3; success_count: 0; episode_count: 9; best_tax_advantage: 11.36; avg_entropy: 2.823141820728779; random_exploration_count: 20; saved_snapshots: 0; random_action_prob: 0.1778
enter_straddle -0.014705882352941176 34
realize_gain -0.4174193548387097 31
realize_loss 0.532 45
invest -0.007777777777777777 18
update_start: 69; random_action_prob: 0.1769
update_complete: 69; loss: 1.9155202309290569; cumulative_reward: 18.88999999999999; invalid_count: 0; positive_reward_count: 2; success_count: 0; episode_count: 9; best_tax_advantage: 20.65; avg_entropy: 2.8476945348083973; random_exploration_count: 26; saved_snapshots: 0; random_action_prob: 0.1769
enter_straddle -0.014117647058823528 34
realize_gain -0.013243243243243243 37
realize_loss 0.5591666666666666 36
invest -0.012857142857142859 21
update_start: 70; random_action_prob: 0.1760
update_complete: 70; loss: 0.7456388473510742; cumulative_reward: 0.9200000000000019; invalid_count: 0; positive_reward_count: 4; success_count: 0; episode_count: 9; best_tax_advantage: 11.9; avg_entropy: 2.6711701955646276; random_exploration_count: 23; saved_snapshots: 0; random_action_prob: 0.1760
enter_straddle -0.013333333333333334 30
realize_gain -0.47000000000000003 39
realize_loss 0.6015151515151516 33
invest -0.007692307692307693 26
update_start: 71; random_action_prob: 0.1751
update_complete: 71; loss: 0.02550967037677765; cumulative_reward: 4.9700000000000095; invalid_count: 0; positive_reward_count: 7; success_count: 0; episode_count: 9; best_tax_advantage: 6.4; avg_entropy: 2.7342142956331372; random_exploration_count: 25; saved_snapshots: 0; random_action_prob: 0.1751
enter_straddle -0.010666666666666666 30
realize_gain -0.226 30
realize_loss 0.3141025641025641 39
invest -0.006206896551724138 29
update_start: 72; random_action_prob: 0.1743
update_complete: 72; loss: 0.8135167360305786; cumulative_reward: 17.250000000000018; invalid_count: 0; positive_reward_count: 5; success_count: 0; episode_count: 9; best_tax_advantage: 14.06; avg_entropy: 2.686571887694299; random_exploration_count: 15; saved_snapshots: 0; random_action_prob: 0.1743
enter_straddle -0.012903225806451613 31
realize_gain -0.12756756756756757 37
realize_loss 0.6102702702702704 37
invest -0.009130434782608695 23
update_start: 73; random_action_prob: 0.1734
update_complete: 73; loss: 0.46059395869572956; cumulative_reward: 10.64000000000002; invalid_count: 0; positive_reward_count: 2; success_count: 0; episode_count: 9; best_tax_advantage: 11.9; avg_entropy: 2.7332627726718783; random_exploration_count: 25; saved_snapshots: 0; random_action_prob: 0.1734
enter_straddle -0.01206896551724138 29
realize_gain -0.041463414634146344 41
realize_loss 0.35555555555555557 36
invest -0.005 22
update_start: 74; random_action_prob: 0.1725
update_complete: 74; loss: 0.7249767780303955; cumulative_reward: 19.51; invalid_count: 0; positive_reward_count: 4; success_count: 0; episode_count: 9; best_tax_advantage: 13.97; avg_entropy: 2.6447023386135697; random_exploration_count: 23; saved_snapshots: 0; random_action_prob: 0.1725
enter_straddle -0.011935483870967743 31
realize_gain -0.012432432432432458 37
realize_loss 0.48571428571428577 42
invest -0.003333333333333333 18
update_start: 75; random_action_prob: 0.1717
update_complete: 75; loss: 2.055455764134725; cumulative_reward: 19.97999999999998; invalid_count: 0; positive_reward_count: 5; success_count: 0; episode_count: 9; best_tax_advantage: 29.73; avg_entropy: 2.752288179472089; random_exploration_count: 20; saved_snapshots: 0; random_action_prob: 0.1717
enter_straddle -0.0134375 32
realize_gain -0.4135135135135135 37
realize_loss 1.0239999999999998 35
invest -0.005416666666666667 24
update_start: 76; random_action_prob: 0.1708
update_complete: 76; loss: -0.06221603602170944; cumulative_reward: -0.9800000000000006; invalid_count: 0; positive_reward_count: 0; success_count: 0; episode_count: 9; best_tax_advantage: 0.0; avg_entropy: 2.6362678930163383; random_exploration_count: 22; saved_snapshots: 0; random_action_prob: 0.1708
enter_straddle -0.011724137931034483 29
realize_gain -0.005555555555555556 27
realize_loss -0.008372093023255813 43
invest -0.004482758620689655 29
update_start: 77; random_action_prob: 0.1699
update_complete: 77; loss: 0.20306320985158285; cumulative_reward: 6.17; invalid_count: 0; positive_reward_count: 4; success_count: 0; episode_count: 9; best_tax_advantage: 7.5; avg_entropy: 2.8834899216890335; random_exploration_count: 21; saved_snapshots: 0; random_action_prob: 0.1699
enter_straddle -0.01206896551724138 29
realize_gain -0.14303030303030306 33
realize_loss 0.27634146341463417 41
invest -0.0036 25
update_start: 78; random_action_prob: 0.1691
update_complete: 78; loss: 0.012595539291699728; cumulative_reward: -1.3900000000000001; invalid_count: 0; positive_reward_count: 2; success_count: 0; episode_count: 9; best_tax_advantage: 6.22; avg_entropy: 2.8080995455384254; random_exploration_count: 18; saved_snapshots: 0; random_action_prob: 0.1691
enter_straddle -0.014375 32
realize_gain -0.28714285714285714 35
realize_loss 0.2651428571428572 35
invest -0.006153846153846154 26
update_start: 79; random_action_prob: 0.1683
update_complete: 79; loss: -0.026959168414274853; cumulative_reward: 2.1200000000000028; invalid_count: 0; positive_reward_count: 4; success_count: 0; episode_count: 9; best_tax_advantage: 4.38; avg_entropy: 2.7439300632104278; random_exploration_count: 26; saved_snapshots: 0; random_action_prob: 0.1683
enter_straddle -0.013030303030303031 33
realize_gain -0.2647058823529412 34
realize_loss 0.2851219512195122 41
invest -0.007000000000000001 20
update_start: 80; random_action_prob: 0.1674
update_complete: 80; loss: 2.3520174821217856; cumulative_reward: 30.649999999999967; invalid_count: 0; positive_reward_count: 4; success_count: 0; episode_count: 9; best_tax_advantage: 28.78; avg_entropy: 2.7394466809928417; random_exploration_count: 26; saved_snapshots: 0; random_action_prob: 0.1674
enter_straddle -0.012580645161290323 31
realize_gain -0.3048275862068965 29
realize_loss 0.954047619047619 42
invest -0.007307692307692308 26
update_start: 81; random_action_prob: 0.1666
update_complete: 81; loss: 0.028359134991963703; cumulative_reward: 3.200000000000014; invalid_count: 0; positive_reward_count: 2; success_count: 0; episode_count: 9; best_tax_advantage: 4.95; avg_entropy: 2.6955876238644123; random_exploration_count: 21; saved_snapshots: 0; random_action_prob: 0.1666
enter_straddle -0.015405405405405404 37
realize_gain -0.13 34
realize_loss 0.2338888888888889 36
invest -0.010952380952380953 21
update_start: 82; random_action_prob: 0.1657
update_complete: 82; loss: 0.8041344483693441; cumulative_reward: 12.000000000000014; invalid_count: 0; positive_reward_count: 7; success_count: 0; episode_count: 9; best_tax_advantage: 13.18; avg_entropy: 2.6917749932035804; random_exploration_count: 12; saved_snapshots: 0; random_action_prob: 0.1657
enter_straddle -0.01103448275862069 29
realize_gain -0.6296153846153845 26
realize_loss 0.6869047619047619 42
invest -0.005161290322580645 31
update_start: 83; random_action_prob: 0.1649
update_complete: 83; loss: 0.9292532006899515; cumulative_reward: -1.1700000000000057; invalid_count: 0; positive_reward_count: 3; success_count: 0; episode_count: 9; best_tax_advantage: 18.5; avg_entropy: 2.6836453462019563; random_exploration_count: 21; saved_snapshots: 0; random_action_prob: 0.1649
enter_straddle -0.013333333333333334 30
realize_gain -0.7170270270270269 37
realize_loss 0.8109375 32
invest -0.006551724137931035 29
update_start: 84; random_action_prob: 0.1641
update_complete: 84; loss: 4.664675076802571; cumulative_reward: 55.84000000000002; invalid_count: 0; positive_reward_count: 5; success_count: 1; episode_count: 9; best_tax_advantage: 37.0; avg_entropy: 2.670812791213393; random_exploration_count: 18; saved_snapshots: 0; random_action_prob: 0.1641
enter_straddle -0.008695652173913044 23
realize_gain -0.44 31
realize_loss 1.6234883720930233 43
invest -0.004193548387096774 31
update_start: 85; random_action_prob: 0.1633
update_complete: 85; loss: -0.1265486627817154; cumulative_reward: -0.8800000000000007; invalid_count: 0; positive_reward_count: 1; success_count: 0; episode_count: 9; best_tax_advantage: 0.34; avg_entropy: 2.6329537043347955; random_exploration_count: 23; saved_snapshots: 0; random_action_prob: 0.1633
enter_straddle -0.010384615384615384 26
realize_gain -0.018125000000000002 32
realize_loss 0.001162790697674419 43
invest -0.002962962962962963 27
update_start: 86; random_action_prob: 0.1625
update_complete: 86; loss: 0.12223700682322185; cumulative_reward: -0.9199999999999995; invalid_count: 0; positive_reward_count: 4; success_count: 0; episode_count: 9; best_tax_advantage: 7.4; avg_entropy: 2.738236967474222; random_exploration_count: 29; saved_snapshots: 0; random_action_prob: 0.1625
enter_straddle -0.01641025641025641 39
realize_gain -0.44083333333333335 36
realize_loss 0.4355555555555556 36
invest -0.005294117647058823 17
update_start: 87; random_action_prob: 0.1616
update_complete: 87; loss: -0.12563092758258185; cumulative_reward: -1.0500000000000007; invalid_count: 0; positive_reward_count: 1; success_count: 0; episode_count: 9; best_tax_advantage: 0.34; avg_entropy: 2.77418873924762; random_exploration_count: 28; saved_snapshots: 0; random_action_prob: 0.1616
enter_straddle -0.013125 32
realize_gain -0.013600000000000001 25
realize_loss -0.0031578947368421048 38
invest -0.005151515151515152 33
update_start: 88; random_action_prob: 0.1608
update_complete: 88; loss: -0.11526790509621303; cumulative_reward: -1.6100000000000012; invalid_count: 0; positive_reward_count: 0; success_count: 0; episode_count: 9; best_tax_advantage: 0.0; avg_entropy: 2.8126038815826178; random_exploration_count: 24; saved_snapshots: 0; random_action_prob: 0.1608
enter_straddle -0.013529411764705884 34
realize_gain -0.013333333333333334 30
realize_loss -0.015 40
invest -0.0062499999999999995 24
update_start: 89; random_action_prob: 0.1600
update_complete: 89; loss: -0.11485309898853302; cumulative_reward: 0.7399999999999987; invalid_count: 0; positive_reward_count: 1; success_count: 0; episode_count: 9; best_tax_advantage: 2.49; avg_entropy: 2.692833749577403; random_exploration_count: 23; saved_snapshots: 0; random_action_prob: 0.1600
enter_straddle -0.015555555555555557 36
realize_gain -0.016666666666666673 33
realize_loss 0.05714285714285714 35
invest -0.0062499999999999995 24
update_start: 90; random_action_prob: 0.1592
update_complete: 90; loss: 2.42529296875; cumulative_reward: 19.809999999999988; invalid_count: 0; positive_reward_count: 1; success_count: 0; episode_count: 9; best_tax_advantage: 21.87; avg_entropy: 2.9468605183064938; random_exploration_count: 29; saved_snapshots: 0; random_action_prob: 0.1592
enter_straddle -0.016829268292682924 41
realize_gain -0.0184375 32
realize_loss 0.6082857142857143 35
invest -0.01 20
update_start: 91; random_action_prob: 0.1584
update_complete: 91; loss: -0.14286026855309805; cumulative_reward: -1.7800000000000014; invalid_count: 0; positive_reward_count: 0; success_count: 0; episode_count: 9; best_tax_advantage: 0.0; avg_entropy: 2.8865215498954058; random_exploration_count: 21; saved_snapshots: 0; random_action_prob: 0.1584
enter_straddle -0.014545454545454545 33
realize_gain -0.01647058823529412 34
realize_loss -0.015405405405405404 37
invest -0.007083333333333334 24
update_start: 92; random_action_prob: 0.1576
update_complete: 92; loss: 0.22075181702772775; cumulative_reward: 2.3600000000000034; invalid_count: 0; positive_reward_count: 5; success_count: 0; episode_count: 9; best_tax_advantage: 9.31; avg_entropy: 2.765352062880993; random_exploration_count: 19; saved_snapshots: 0; random_action_prob: 0.1576
enter_straddle -0.014285714285714285 35
realize_gain -0.4238235294117647 34
realize_loss 0.4838888888888889 36
invest -0.006521739130434782 23
update_start: 93; random_action_prob: 0.1569
update_complete: 93; loss: 0.331638365983963; cumulative_reward: -1.7799999999999994; invalid_count: 0; positive_reward_count: 1; success_count: 0; episode_count: 9; best_tax_advantage: 13.22; avg_entropy: 2.907623548991978; random_exploration_count: 14; saved_snapshots: 0; random_action_prob: 0.1569
enter_straddle -0.015000000000000001 36
realize_gain -0.32069767441860464 43
realize_loss 0.43827586206896557 29
invest -0.008 20
update_start: 94; random_action_prob: 0.1561
update_complete: 94; loss: 0.22651014725367227; cumulative_reward: 10.460000000000031; invalid_count: 0; positive_reward_count: 3; success_count: 0; episode_count: 9; best_tax_advantage: 9.25; avg_entropy: 2.885146550834179; random_exploration_count: 19; saved_snapshots: 0; random_action_prob: 0.1561
enter_straddle -0.014722222222222223 36
realize_gain -0.10696969696969698 33
realize_loss 0.47483870967741937 31
invest -0.0071428571428571435 28
update_start: 95; random_action_prob: 0.1553
update_complete: 95; loss: 2.2413643995920816; cumulative_reward: 19.4; invalid_count: 0; positive_reward_count: 6; success_count: 0; episode_count: 9; best_tax_advantage: 20.81; avg_entropy: 2.725661794655025; random_exploration_count: 21; saved_snapshots: 0; random_action_prob: 0.1553
enter_straddle -0.016578947368421054 38
realize_gain -0.2313157894736842 38
realize_loss 0.853235294117647 34
invest -0.010555555555555556 18
update_start: 96; random_action_prob: 0.1545
update_complete: 96; loss: -0.006855900088946025; cumulative_reward: -1.8399999999999992; invalid_count: 0; positive_reward_count: 1; success_count: 0; episode_count: 9; best_tax_advantage: 13.21; avg_entropy: 2.9473502561450005; random_exploration_count: 22; saved_snapshots: 0; random_action_prob: 0.1545
enter_straddle -0.013529411764705884 34
realize_gain -0.3642105263157895 38
realize_loss 0.4567857142857143 28
invest -0.011785714285714287 28
update_start: 97; random_action_prob: 0.1537
update_complete: 97; loss: 5.751973946889241; cumulative_reward: 48.00999999999991; invalid_count: 0; positive_reward_count: 4; success_count: 1; episode_count: 9; best_tax_advantage: 33.3; avg_entropy: 2.9153598435223103; random_exploration_count: 22; saved_snapshots: 0; random_action_prob: 0.1537
enter_straddle -0.014411764705882353 34
realize_gain -0.16411764705882348 34
realize_loss 1.2909523809523809 42
invest -0.007777777777777778 18
update_start: 98; random_action_prob: 0.1530
update_complete: 98; loss: -0.13393233716487885; cumulative_reward: -1.7100000000000013; invalid_count: 0; positive_reward_count: 0; success_count: 0; episode_count: 9; best_tax_advantage: 0.0; avg_entropy: 2.8750572688877583; random_exploration_count: 15; saved_snapshots: 0; random_action_prob: 0.1530
enter_straddle -0.01375 32
realize_gain -0.017027027027027027 37
realize_loss -0.01205128205128205 39
invest -0.008499999999999999 20
update_start: 99; random_action_prob: 0.1522
update_complete: 99; loss: -0.09995140631993611; cumulative_reward: -2.0300000000000002; invalid_count: 0; positive_reward_count: 1; success_count: 0; episode_count: 9; best_tax_advantage: 6.61; avg_entropy: 2.9084266405552626; random_exploration_count: 19; saved_snapshots: 0; random_action_prob: 0.1522
enter_straddle -0.015945945945945946 37
realize_gain -0.21205882352941177 34
realize_loss 0.14825000000000002 40
invest -0.009411764705882354 17
2026-07-10T18:32:25 completed straddle_abuse run=8 elapsed_seconds=829.69 updates_logged=100
2026-07-10T18:32:25 running straddle_abuse run=9 seed=1738
update_start: 0; random_action_prob: 0.2500
update_complete: 0; loss: -0.12457833935817082; cumulative_reward: -1.8800000000000014; invalid_count: 0; positive_reward_count: 1; success_count: 0; episode_count: 9; best_tax_advantage: 3.96; avg_entropy: 2.8699462339282036; random_exploration_count: 36; saved_snapshots: 0; random_action_prob: 0.2500
enter_straddle -0.015526315789473683 38
realize_gain -0.12666666666666665 36
realize_loss 0.10545454545454545 33
invest -0.01 21
update_start: 1; random_action_prob: 0.2487
update_complete: 1; loss: 0.05029835303624471; cumulative_reward: 2.050000000000008; invalid_count: 0; positive_reward_count: 1; success_count: 0; episode_count: 9; best_tax_advantage: 10.3; avg_entropy: 2.962928805500269; random_exploration_count: 38; saved_snapshots: 0; random_action_prob: 0.2487
enter_straddle -0.013823529411764705 34
realize_gain -0.27153846153846156 26
realize_loss 0.2885294117647059 34
invest -0.006764705882352942 34
update_start: 2; random_action_prob: 0.2475
update_complete: 2; loss: 0.46437321106592816; cumulative_reward: 12.23000000000002; invalid_count: 0; positive_reward_count: 2; success_count: 0; episode_count: 9; best_tax_advantage: 14.13; avg_entropy: 2.9307588562369347; random_exploration_count: 31; saved_snapshots: 0; random_action_prob: 0.2475
enter_straddle -0.015135135135135137 37
realize_gain -0.1888235294117647 34
realize_loss 0.571764705882353 34
invest -0.01 23
update_start: 3; random_action_prob: 0.2463
update_complete: 3; loss: -0.06330541024605434; cumulative_reward: 2.200000000000004; invalid_count: 0; positive_reward_count: 1; success_count: 0; episode_count: 9; best_tax_advantage: 3.96; avg_entropy: 2.753901993855834; random_exploration_count: 27; saved_snapshots: 0; random_action_prob: 0.2463
enter_straddle -0.015675675675675675 37
realize_gain -0.013333333333333334 39
realize_loss 0.10806451612903226 31
invest -0.002380952380952381 21
update_start: 4; random_action_prob: 0.2450
update_complete: 4; loss: 1.3110178709030151; cumulative_reward: 19.270000000000003; invalid_count: 0; positive_reward_count: 3; success_count: 0; episode_count: 9; best_tax_advantage: 16.41; avg_entropy: 2.9677971079945564; random_exploration_count: 28; saved_snapshots: 0; random_action_prob: 0.2450
enter_straddle -0.018139534883720932 43
realize_gain -0.10206896551724137 29
realize_loss 0.6849999999999999 34
invest -0.012727272727272728 22
update_start: 5; random_action_prob: 0.2438
update_complete: 5; loss: -0.09910042335589726; cumulative_reward: -1.7600000000000016; invalid_count: 0; positive_reward_count: 2; success_count: 0; episode_count: 9; best_tax_advantage: 2.81; avg_entropy: 2.919016469269991; random_exploration_count: 24; saved_snapshots: 0; random_action_prob: 0.2438
enter_straddle -0.01775 40
realize_gain -0.12172413793103448 29
realize_loss 0.07694444444444445 36
invest -0.012608695652173912 23
update_start: 6; random_action_prob: 0.2426
update_complete: 6; loss: -0.0873479296763738; cumulative_reward: 1.0899999999999992; invalid_count: 0; positive_reward_count: 1; success_count: 0; episode_count: 9; best_tax_advantage: 2.95; avg_entropy: 2.814396845176816; random_exploration_count: 34; saved_snapshots: 0; random_action_prob: 0.2426
enter_straddle -0.015945945945945946 37
realize_gain -0.012222222222222223 27
realize_loss 0.06025000000000001 40
invest -0.016666666666666666 24
update_start: 7; random_action_prob: 0.2414
update_complete: 7; loss: 2.1774868170420327; cumulative_reward: 22.239999999999977; invalid_count: 0; positive_reward_count: 3; success_count: 0; episode_count: 9; best_tax_advantage: 23.79; avg_entropy: 2.7386030489578843; random_exploration_count: 40; saved_snapshots: 0; random_action_prob: 0.2414
enter_straddle -0.015454545454545455 33
realize_gain -0.12514285714285717 35
realize_loss 0.7797142857142857 35
invest -0.0064 25
update_start: 8; random_action_prob: 0.2402
update_complete: 8; loss: -0.12473537772893906; cumulative_reward: -1.750000000000001; invalid_count: 0; positive_reward_count: 0; success_count: 0; episode_count: 9; best_tax_advantage: 0.0; avg_entropy: 2.7119435844942927; random_exploration_count: 38; saved_snapshots: 0; random_action_prob: 0.2402
enter_straddle -0.015675675675675675 37
realize_gain -0.015151515151515152 33
realize_loss -0.013636363636363637 33
invest -0.0088 25
update_start: 9; random_action_prob: 0.2390
update_complete: 9; loss: -0.16183324654897055; cumulative_reward: -2.369999999999999; invalid_count: 0; positive_reward_count: 0; success_count: 0; episode_count: 9; best_tax_advantage: 0.0; avg_entropy: 2.9685679972171783; random_exploration_count: 33; saved_snapshots: 0; random_action_prob: 0.2390
enter_straddle -0.015142857142857144 35
realize_gain -0.025 26
realize_loss -0.023846153846153843 39
invest -0.009285714285714286 28
update_start: 10; random_action_prob: 0.2378
update_complete: 10; loss: 2.182643493016561; cumulative_reward: 23.459999999999983; invalid_count: 0; positive_reward_count: 4; success_count: 0; episode_count: 9; best_tax_advantage: 20.26; avg_entropy: 2.726980620995164; random_exploration_count: 35; saved_snapshots: 0; random_action_prob: 0.2378
enter_straddle -0.013636363636363637 33
realize_gain -0.1510344827586207 29
realize_loss 0.8388235294117647 34
invest -0.0071875 32
update_start: 11; random_action_prob: 0.2366
update_complete: 11; loss: -0.10765143483877182; cumulative_reward: -1.860000000000001; invalid_count: 0; positive_reward_count: 2; success_count: 0; episode_count: 9; best_tax_advantage: 3.95; avg_entropy: 2.777103044092655; random_exploration_count: 24; saved_snapshots: 0; random_action_prob: 0.2366
enter_straddle -0.016052631578947367 38
realize_gain -0.1582142857142857 28
realize_loss 0.08615384615384616 39
invest -0.007826086956521738 23
update_start: 12; random_action_prob: 0.2354
update_complete: 12; loss: 1.4369587898254395; cumulative_reward: 19.580000000000002; invalid_count: 0; positive_reward_count: 4; success_count: 0; episode_count: 9; best_tax_advantage: 17.57; avg_entropy: 2.7895702105015516; random_exploration_count: 31; saved_snapshots: 0; random_action_prob: 0.2354
enter_straddle -0.014117647058823528 34
realize_gain -0.0153125 32
realize_loss 0.5455263157894737 38
invest -0.0075 24
update_start: 13; random_action_prob: 0.2342
update_complete: 13; loss: 0.03326729933420817; cumulative_reward: 4.63; invalid_count: 0; positive_reward_count: 1; success_count: 0; episode_count: 9; best_tax_advantage: 5.91; avg_entropy: 2.5665152110159397; random_exploration_count: 32; saved_snapshots: 0; random_action_prob: 0.2342
enter_straddle -0.015151515151515152 33
realize_gain -0.006896551724137932 29
realize_loss 0.135 40
invest -0.0026923076923076926 26
update_start: 14; random_action_prob: 0.2331
update_complete: 14; loss: -0.12885656456152597; cumulative_reward: -1.5900000000000012; invalid_count: 0; positive_reward_count: 0; success_count: 0; episode_count: 9; best_tax_advantage: 0.0; avg_entropy: 2.8072100300341845; random_exploration_count: 31; saved_snapshots: 0; random_action_prob: 0.2331
enter_straddle -0.012903225806451613 31
realize_gain -0.013870967741935483 31
realize_loss -0.014390243902439023 41
invest -0.0068000000000000005 25
update_start: 15; random_action_prob: 0.2319
update_complete: 15; loss: -0.11214599510033925; cumulative_reward: -1.610000000000001; invalid_count: 0; positive_reward_count: 1; success_count: 0; episode_count: 9; best_tax_advantage: 2.62; avg_entropy: 2.7506904574111104; random_exploration_count: 33; saved_snapshots: 0; random_action_prob: 0.2319
enter_straddle -0.014375 32
realize_gain -0.07897435897435898 39
realize_loss 0.0678125 32
invest -0.0096 25
update_start: 16; random_action_prob: 0.2307
update_complete: 16; loss: -0.15173430740833282; cumulative_reward: -1.2800000000000005; invalid_count: 0; positive_reward_count: 0; success_count: 0; episode_count: 9; best_tax_advantage: 0.0; avg_entropy: 2.6624591602012515; random_exploration_count: 29; saved_snapshots: 0; random_action_prob: 0.2307
enter_straddle -0.01206896551724138 29
realize_gain -0.00967741935483871 31
realize_loss -0.012894736842105263 38
invest -0.004666666666666667 30
update_start: 17; random_action_prob: 0.2296
update_complete: 17; loss: -0.07640189677476883; cumulative_reward: 1.8500000000000003; invalid_count: 0; positive_reward_count: 1; success_count: 0; episode_count: 9; best_tax_advantage: 2.97; avg_entropy: 2.5931269228458405; random_exploration_count: 27; saved_snapshots: 0; random_action_prob: 0.2296
enter_straddle -0.00962962962962963 27
realize_gain -0.009722222222222222 36
realize_loss 0.06789473684210527 38
invest -0.0044444444444444444 27
update_start: 18; random_action_prob: 0.2284
update_complete: 18; loss: -0.14624401926994324; cumulative_reward: -1.4300000000000006; invalid_count: 0; positive_reward_count: 0; success_count: 0; episode_count: 9; best_tax_advantage: 0.0; avg_entropy: 2.598179374821484; random_exploration_count: 37; saved_snapshots: 0; random_action_prob: 0.2284
enter_straddle -0.011379310344827587 29
realize_gain -0.012 35
realize_loss -0.013250000000000001 40
invest -0.0062499999999999995 24
update_start: 19; random_action_prob: 0.2273
update_complete: 19; loss: 0.22861211995283762; cumulative_reward: 7.629999999999999; invalid_count: 0; positive_reward_count: 2; success_count: 0; episode_count: 9; best_tax_advantage: 9.16; avg_entropy: 2.6387336188927293; random_exploration_count: 28; saved_snapshots: 0; random_action_prob: 0.2273
enter_straddle -0.013125 32
realize_gain -0.0109375 32
realize_loss 0.19522727272727272 44
invest -0.0095 20
update_start: 20; random_action_prob: 0.2262
update_complete: 20; loss: 1.001761555671692; cumulative_reward: 21.41999999999999; invalid_count: 0; positive_reward_count: 12; success_count: 0; episode_count: 9; best_tax_advantage: 13.93; avg_entropy: 2.5577381318435073; random_exploration_count: 31; saved_snapshots: 0; random_action_prob: 0.2262
enter_straddle -0.012222222222222223 27
realize_gain -0.5919444444444444 36
realize_loss 0.9804545454545455 44
invest -0.0038095238095238095 21
update_start: 21; random_action_prob: 0.2250
update_complete: 21; loss: -0.029613109926382702; cumulative_reward: -1.0099999999999998; invalid_count: 0; positive_reward_count: 2; success_count: 0; episode_count: 9; best_tax_advantage: 5.69; avg_entropy: 2.6511095352470875; random_exploration_count: 28; saved_snapshots: 0; random_action_prob: 0.2250
enter_straddle -0.012666666666666666 30
realize_gain -0.23648648648648649 37
realize_loss 0.2331428571428572 35
invest -0.0015384615384615385 26
update_start: 22; random_action_prob: 0.2239
update_complete: 22; loss: 1.0664763450622559; cumulative_reward: 11.630000000000004; invalid_count: 0; positive_reward_count: 5; success_count: 0; episode_count: 9; best_tax_advantage: 13.04; avg_entropy: 2.7468070797622204; random_exploration_count: 21; saved_snapshots: 0; random_action_prob: 0.2239
enter_straddle -0.01074074074074074 27
realize_gain -0.30074999999999996 40
realize_loss 0.6344736842105263 38
invest -0.006956521739130435 23
update_start: 23; random_action_prob: 0.2228
update_complete: 23; loss: 3.3497485319773355; cumulative_reward: 28.349999999999948; invalid_count: 0; positive_reward_count: 8; success_count: 0; episode_count: 9; best_tax_advantage: 27.68; avg_entropy: 2.576839631423354; random_exploration_count: 26; saved_snapshots: 0; random_action_prob: 0.2228
enter_straddle -0.007826086956521738 23
realize_gain -0.17242424242424242 33
realize_loss 0.858 40
invest -0.003125 32
update_start: 24; random_action_prob: 0.2217
update_complete: 24; loss: 0.2489026039838791; cumulative_reward: 8.300000000000013; invalid_count: 0; positive_reward_count: 4; success_count: 0; episode_count: 9; best_tax_advantage: 9.31; avg_entropy: 2.588328203186393; random_exploration_count: 27; saved_snapshots: 0; random_action_prob: 0.2217
enter_straddle -0.009166666666666667 24
realize_gain -0.056666666666666664 39
realize_loss 0.34903225806451615 31
invest -0.0026470588235294116 34
update_start: 25; random_action_prob: 0.2206
update_complete: 25; loss: 6.526126702626546; cumulative_reward: 61.97; invalid_count: 0; positive_reward_count: 4; success_count: 1; episode_count: 9; best_tax_advantage: 37.0; avg_entropy: 2.5946778720244765; random_exploration_count: 28; saved_snapshots: 0; random_action_prob: 0.2206
enter_straddle -0.008695652173913044 23
realize_gain -0.029210526315789475 38
realize_loss 1.666578947368421 38
invest -0.001724137931034483 29
update_start: 26; random_action_prob: 0.2195
update_complete: 26; loss: 0.34490753213564557; cumulative_reward: 3.3700000000000068; invalid_count: 0; positive_reward_count: 3; success_count: 0; episode_count: 9; best_tax_advantage: 10.67; avg_entropy: 2.675261026248336; random_exploration_count: 33; saved_snapshots: 0; random_action_prob: 0.2195
enter_straddle -0.011428571428571429 28
realize_gain -0.3914285714285714 28
realize_loss 0.3066666666666667 48
invest -0.002916666666666667 24
update_start: 27; random_action_prob: 0.2184
update_complete: 27; loss: -0.06692435344060262; cumulative_reward: 0.5499999999999998; invalid_count: 0; positive_reward_count: 3; success_count: 0; episode_count: 9; best_tax_advantage: 3.88; avg_entropy: 2.5115537149831653; random_exploration_count: 27; saved_snapshots: 0; random_action_prob: 0.2184
enter_straddle -0.010416666666666666 24
realize_gain -0.11857142857142855 35
realize_loss 0.12846153846153846 39
invest -0.002 30
update_start: 28; random_action_prob: 0.2173
update_complete: 28; loss: -0.09067357828219731; cumulative_reward: -1.3500000000000008; invalid_count: 0; positive_reward_count: 0; success_count: 0; episode_count: 9; best_tax_advantage: 0.0; avg_entropy: 2.6755636809393764; random_exploration_count: 27; saved_snapshots: 0; random_action_prob: 0.2173
enter_straddle -0.012258064516129033 31
realize_gain -0.011176470588235295 34
realize_loss -0.015 32
invest -0.0035483870967741938 31
update_start: 29; random_action_prob: 0.2162
update_complete: 29; loss: -0.042534954845905304; cumulative_reward: 4.430000000000005; invalid_count: 0; positive_reward_count: 3; success_count: 0; episode_count: 9; best_tax_advantage: 3.68; avg_entropy: 2.380857853218913; random_exploration_count: 31; saved_snapshots: 0; random_action_prob: 0.2162
enter_straddle -0.01 23
realize_gain -0.003414634146341464 41
realize_loss 0.16862068965517243 29
invest -0.0025714285714285713 35
update_start: 30; random_action_prob: 0.2151
update_complete: 30; loss: -0.09884397933880489; cumulative_reward: -0.7800000000000007; invalid_count: 0; positive_reward_count: 1; success_count: 0; episode_count: 9; best_tax_advantage: 0.24; avg_entropy: 2.6189447147771716; random_exploration_count: 28; saved_snapshots: 0; random_action_prob: 0.2151
enter_straddle -0.0084 25
realize_gain -0.008333333333333333 24
realize_loss -0.004545454545454545 55
invest -0.005 24
update_start: 31; random_action_prob: 0.2140
update_complete: 31; loss: -0.11292072137196858; cumulative_reward: -1.2400000000000007; invalid_count: 0; positive_reward_count: 0; success_count: 0; episode_count: 9; best_tax_advantage: 0.0; avg_entropy: 2.5809102654457092; random_exploration_count: 33; saved_snapshots: 0; random_action_prob: 0.2140
enter_straddle -0.013000000000000001 30
realize_gain -0.0092 25
realize_loss -0.010714285714285714 42
invest -0.005483870967741936 31
update_start: 32; random_action_prob: 0.2130
update_complete: 32; loss: -0.13370641072591147; cumulative_reward: -1.1500000000000006; invalid_count: 0; positive_reward_count: 0; success_count: 0; episode_count: 9; best_tax_advantage: 0.0; avg_entropy: 2.6349869463592768; random_exploration_count: 31; saved_snapshots: 0; random_action_prob: 0.2130
enter_straddle -0.010357142857142856 28
realize_gain -0.01 30
realize_loss -0.01 36
invest -0.0058823529411764705 34
update_start: 33; random_action_prob: 0.2119
update_complete: 33; loss: -0.11259476095438004; cumulative_reward: -1.3700000000000006; invalid_count: 0; positive_reward_count: 1; success_count: 0; episode_count: 9; best_tax_advantage: 3.93; avg_entropy: 2.702411685138941; random_exploration_count: 30; saved_snapshots: 0; random_action_prob: 0.2119
enter_straddle -0.010689655172413793 29
realize_gain -0.15571428571428572 28
realize_loss 0.0875 40
invest -0.0064516129032258064 31
update_start: 34; random_action_prob: 0.2108
update_complete: 34; loss: -0.10526520262161891; cumulative_reward: -1.1300000000000006; invalid_count: 0; positive_reward_count: 0; success_count: 0; episode_count: 9; best_tax_advantage: 0.0; avg_entropy: 2.655696208588779; random_exploration_count: 30; saved_snapshots: 0; random_action_prob: 0.2108
enter_straddle -0.012413793103448275 29
realize_gain -0.0084375 32
realize_loss -0.009761904761904763 42
invest -0.0036 25
update_start: 35; random_action_prob: 0.2098
update_complete: 35; loss: -0.13620772461096445; cumulative_reward: -2.1100000000000003; invalid_count: 0; positive_reward_count: 0; success_count: 0; episode_count: 9; best_tax_advantage: 0.0; avg_entropy: 2.805302457883954; random_exploration_count: 26; saved_snapshots: 0; random_action_prob: 0.2098
enter_straddle -0.01611111111111111 36
realize_gain -0.018666666666666668 30
realize_loss -0.018139534883720932 43
invest -0.01 19
update_start: 36; random_action_prob: 0.2087
update_complete: 36; loss: 0.004221037030220032; cumulative_reward: -1.4599999999999993; invalid_count: 0; positive_reward_count: 4; success_count: 0; episode_count: 9; best_tax_advantage: 5.87; avg_entropy: 2.6830475321039557; random_exploration_count: 30; saved_snapshots: 0; random_action_prob: 0.2087
enter_straddle -0.014857142857142857 35
realize_gain -0.18529411764705883 34
realize_loss 0.1513888888888889 36
invest -0.003913043478260869 23
update_start: 37; random_action_prob: 0.2077
update_complete: 37; loss: -0.12127822389205296; cumulative_reward: -1.420000000000001; invalid_count: 0; positive_reward_count: 0; success_count: 0; episode_count: 9; best_tax_advantage: 0.0; avg_entropy: 2.6788904136046767; random_exploration_count: 25; saved_snapshots: 0; random_action_prob: 0.2077
enter_straddle -0.012580645161290323 31
realize_gain -0.013793103448275864 29
realize_loss -0.00923076923076923 26
invest -0.009285714285714286 42
update_start: 38; random_action_prob: 0.2066
update_complete: 38; loss: 0.5090331633885702; cumulative_reward: 14.870000000000026; invalid_count: 0; positive_reward_count: 4; success_count: 0; episode_count: 9; best_tax_advantage: 8.49; avg_entropy: 2.666906110011041; random_exploration_count: 32; saved_snapshots: 0; random_action_prob: 0.2066
enter_straddle -0.013448275862068966 29
realize_gain -0.0096875 32
realize_loss 0.5090322580645161 31
invest -0.005833333333333333 36
update_start: 39; random_action_prob: 0.2056
update_complete: 39; loss: -0.12052662918965022; cumulative_reward: -1.3600000000000008; invalid_count: 0; positive_reward_count: 0; success_count: 0; episode_count: 9; best_tax_advantage: 0.0; avg_entropy: 2.68626896943897; random_exploration_count: 23; saved_snapshots: 0; random_action_prob: 0.2056
enter_straddle -0.013636363636363637 33
realize_gain -0.008214285714285714 28
realize_loss -0.011764705882352941 51
invest -0.005 16
update_start: 40; random_action_prob: 0.2046
update_complete: 40; loss: -0.09576197961966197; cumulative_reward: 1.5200000000000005; invalid_count: 0; positive_reward_count: 3; success_count: 0; episode_count: 9; best_tax_advantage: 3.56; avg_entropy: 2.7432541390880942; random_exploration_count: 24; saved_snapshots: 0; random_action_prob: 0.2046
enter_straddle -0.012758620689655172 29
realize_gain -0.11222222222222222 36
realize_loss 0.15564102564102564 39
invest -0.005833333333333334 24
update_start: 41; random_action_prob: 0.2036
update_complete: 41; loss: -0.08489630868037541; cumulative_reward: 1.4899999999999993; invalid_count: 0; positive_reward_count: 2; success_count: 0; episode_count: 9; best_tax_advantage: 2.97; avg_entropy: 2.780091270804405; random_exploration_count: 27; saved_snapshots: 0; random_action_prob: 0.2036
enter_straddle -0.012258064516129033 31
realize_gain -0.008947368421052633 38
realize_loss 0.06000000000000001 40
invest -0.01 19
update_start: 42; random_action_prob: 0.2025
update_complete: 42; loss: 0.15913196901480356; cumulative_reward: 5.7700000000000005; invalid_count: 0; positive_reward_count: 3; success_count: 0; episode_count: 9; best_tax_advantage: 10.06; avg_entropy: 2.5600511180236936; random_exploration_count: 26; saved_snapshots: 0; random_action_prob: 0.2025
enter_straddle -0.012333333333333333 30
realize_gain -0.28777777777777774 36
realize_loss 0.5184375 32
invest -0.003 30
update_start: 43; random_action_prob: 0.2015
update_complete: 43; loss: 0.6218937635421753; cumulative_reward: 19.08999999999999; invalid_count: 0; positive_reward_count: 4; success_count: 0; episode_count: 9; best_tax_advantage: 9.99; avg_entropy: 2.516331285238266; random_exploration_count: 22; saved_snapshots: 0; random_action_prob: 0.2015
enter_straddle -0.01413793103448276 29
realize_gain -0.2925714285714286 35
realize_loss 0.9346875 32
invest -0.0053124999999999995 32
update_start: 44; random_action_prob: 0.2005
update_complete: 44; loss: -0.0030760218699773154; cumulative_reward: 6.440000000000007; invalid_count: 0; positive_reward_count: 5; success_count: 0; episode_count: 9; best_tax_advantage: 4.22; avg_entropy: 2.7182725369930267; random_exploration_count: 32; saved_snapshots: 0; random_action_prob: 0.2005
enter_straddle -0.011785714285714287 28
realize_gain -0.01 31
realize_loss 0.17142857142857143 42
invest -0.0044444444444444444 27
update_start: 45; random_action_prob: 0.1995
update_complete: 45; loss: 0.43487786253293353; cumulative_reward: 3.700000000000005; invalid_count: 0; positive_reward_count: 5; success_count: 0; episode_count: 9; best_tax_advantage: 14.0; avg_entropy: 2.571082493290305; random_exploration_count: 18; saved_snapshots: 0; random_action_prob: 0.1995
enter_straddle -0.011538461538461537 26
realize_gain -0.3548484848484848 33
realize_loss 0.3757142857142857 42
invest -0.002592592592592593 27
update_start: 46; random_action_prob: 0.1985
update_complete: 46; loss: -0.11637719968954723; cumulative_reward: -1.1500000000000006; invalid_count: 0; positive_reward_count: 0; success_count: 0; episode_count: 9; best_tax_advantage: 0.0; avg_entropy: 2.6489716013893485; random_exploration_count: 27; saved_snapshots: 0; random_action_prob: 0.1985
enter_straddle -0.010370370370370372 27
realize_gain -0.011176470588235295 34
realize_loss -0.01 40
invest -0.003333333333333333 27
update_start: 47; random_action_prob: 0.1975
update_complete: 47; loss: -0.11384370923042297; cumulative_reward: -0.7500000000000004; invalid_count: 0; positive_reward_count: 0; success_count: 0; episode_count: 9; best_tax_advantage: 0.0; avg_entropy: 2.5595936868339777; random_exploration_count: 27; saved_snapshots: 0; random_action_prob: 0.1975
enter_straddle -0.010434782608695651 23
realize_gain -0.008064516129032258 31
realize_loss -0.0054285714285714284 35
invest -0.001794871794871795 39
update_start: 48; random_action_prob: 0.1965
update_complete: 48; loss: -0.04139665514230728; cumulative_reward: -1.4400000000000004; invalid_count: 0; positive_reward_count: 1; success_count: 0; episode_count: 9; best_tax_advantage: 5.28; avg_entropy: 2.6470246873795986; random_exploration_count: 31; saved_snapshots: 0; random_action_prob: 0.1965
enter_straddle -0.014411764705882353 34
realize_gain -0.145 40
realize_loss 0.1493939393939394 33
invest -0.0038095238095238095 21
update_start: 49; random_action_prob: 0.1956
update_complete: 49; loss: 0.5550688107808431; cumulative_reward: 8.35000000000002; invalid_count: 0; positive_reward_count: 3; success_count: 0; episode_count: 9; best_tax_advantage: 9.25; avg_entropy: 2.6061885952949524; random_exploration_count: 27; saved_snapshots: 0; random_action_prob: 0.1956
enter_straddle -0.011111111111111112 27
realize_gain -0.24270270270270267 37
realize_loss 0.5540625 32
invest -0.003125 32
update_start: 50; random_action_prob: 0.1946
update_complete: 50; loss: 0.5392661293347677; cumulative_reward: 2.4100000000000055; invalid_count: 0; positive_reward_count: 3; success_count: 0; episode_count: 9; best_tax_advantage: 17.13; avg_entropy: 2.6272456143051386; random_exploration_count: 32; saved_snapshots: 0; random_action_prob: 0.1946
enter_straddle -0.013225806451612903 31
realize_gain -0.7643749999999999 32
realize_loss 0.7868571428571428 35
invest -0.008666666666666666 30
update_start: 51; random_action_prob: 0.1936
update_complete: 51; loss: -0.10522202650705974; cumulative_reward: 0.6299999999999994; invalid_count: 0; positive_reward_count: 1; success_count: 0; episode_count: 9; best_tax_advantage: 1.8; avg_entropy: 2.6145748924463987; random_exploration_count: 30; saved_snapshots: 0; random_action_prob: 0.1936
enter_straddle -0.011481481481481481 27
realize_gain -0.008518518518518517 27
realize_loss 0.03564102564102564 39
invest -0.006285714285714286 35
update_start: 52; random_action_prob: 0.1926
update_complete: 52; loss: 3.9339168071746826; cumulative_reward: 43.79000000000002; invalid_count: 0; positive_reward_count: 7; success_count: 0; episode_count: 9; best_tax_advantage: 28.72; avg_entropy: 2.687589737586677; random_exploration_count: 19; saved_snapshots: 0; random_action_prob: 0.1926
enter_straddle -0.01 26
realize_gain -0.215 34
realize_loss 1.144 45
invest -0.005217391304347826 23
update_start: 53; random_action_prob: 0.1917
update_complete: 53; loss: -0.11914073427518208; cumulative_reward: -1.5900000000000012; invalid_count: 0; positive_reward_count: 0; success_count: 0; episode_count: 9; best_tax_advantage: 0.0; avg_entropy: 2.7758628353476524; random_exploration_count: 24; saved_snapshots: 0; random_action_prob: 0.1917
enter_straddle -0.014117647058823528 34
realize_gain -0.012272727272727274 22
realize_loss -0.015000000000000001 46
invest -0.005769230769230769 26
update_start: 54; random_action_prob: 0.1907
update_complete: 54; loss: -0.12518935153881708; cumulative_reward: -1.1500000000000008; invalid_count: 0; positive_reward_count: 1; success_count: 0; episode_count: 9; best_tax_advantage: 2.29; avg_entropy: 2.648151135072112; random_exploration_count: 26; saved_snapshots: 0; random_action_prob: 0.1907
enter_straddle -0.011538461538461537 26
realize_gain -0.10439999999999999 25
realize_loss 0.048461538461538466 39
invest -0.0034210526315789475 38
update_start: 55; random_action_prob: 0.1898
update_complete: 55; loss: 6.427509148915608; cumulative_reward: 63.48; invalid_count: 0; positive_reward_count: 6; success_count: 1; episode_count: 9; best_tax_advantage: 37.0; avg_entropy: 2.658834971487522; random_exploration_count: 24; saved_snapshots: 0; random_action_prob: 0.1898
enter_straddle -0.011666666666666665 30
realize_gain -0.2679310344827586 29
realize_loss 1.5589130434782608 46
invest -0.004782608695652174 23
update_start: 56; random_action_prob: 0.1888
update_complete: 56; loss: -0.0883866548538208; cumulative_reward: 1.2599999999999996; invalid_count: 0; positive_reward_count: 6; success_count: 0; episode_count: 9; best_tax_advantage: 2.31; avg_entropy: 2.580474302172661; random_exploration_count: 27; saved_snapshots: 0; random_action_prob: 0.1888
enter_straddle -0.01107142857142857 28
realize_gain -0.010249999999999999 40
realize_loss 0.05405405405405406 37
invest -0.0008695652173913044 23
update_start: 57; random_action_prob: 0.1879
update_complete: 57; loss: 0.012748201688130697; cumulative_reward: 3.2700000000000022; invalid_count: 0; positive_reward_count: 5; success_count: 0; episode_count: 9; best_tax_advantage: 4.24; avg_entropy: 2.7440196005627513; random_exploration_count: 26; saved_snapshots: 0; random_action_prob: 0.1879
enter_straddle -0.01 23
realize_gain -0.1367857142857143 28
realize_loss 0.17255813953488375 43
invest -0.0026470588235294116 34
update_start: 58; random_action_prob: 0.1869
update_complete: 58; loss: -0.12099109590053558; cumulative_reward: 0.29999999999999954; invalid_count: 0; positive_reward_count: 3; success_count: 0; episode_count: 9; best_tax_advantage: 1.13; avg_entropy: 2.5318828215822577; random_exploration_count: 21; saved_snapshots: 0; random_action_prob: 0.1869
enter_straddle -0.011538461538461537 26
realize_gain -0.03918918918918919 37
realize_loss 0.0541025641025641 39
invest -0.0023076923076923075 26
update_start: 59; random_action_prob: 0.1860
update_complete: 59; loss: -0.03230846921602885; cumulative_reward: 4.120000000000005; invalid_count: 0; positive_reward_count: 3; success_count: 0; episode_count: 9; best_tax_advantage: 4.9; avg_entropy: 2.4038015734404325; random_exploration_count: 28; saved_snapshots: 0; random_action_prob: 0.1860
enter_straddle -0.010370370370370372 27
realize_gain -0.16709677419354838 31
realize_loss 0.21863636363636366 44
invest -0.0015384615384615385 26
update_start: 60; random_action_prob: 0.1851
update_complete: 60; loss: -0.1123489961028099; cumulative_reward: -0.7900000000000005; invalid_count: 0; positive_reward_count: 0; success_count: 0; episode_count: 9; best_tax_advantage: 0.0; avg_entropy: 2.549890771508217; random_exploration_count: 19; saved_snapshots: 0; random_action_prob: 0.1851
enter_straddle -0.009090909090909092 22
realize_gain -0.005625 32
realize_loss -0.008809523809523809 42
invest -0.00125 32
update_start: 61; random_action_prob: 0.1841
update_complete: 61; loss: 1.9158031543095906; cumulative_reward: 26.679999999999993; invalid_count: 0; positive_reward_count: 6; success_count: 0; episode_count: 9; best_tax_advantage: 25.69; avg_entropy: 2.5086815543472767; random_exploration_count: 28; saved_snapshots: 0; random_action_prob: 0.1841
enter_straddle -0.008333333333333333 24
realize_gain -0.5914814814814815 27
realize_loss 0.8248076923076924 52
invest -0.0016 25
update_start: 62; random_action_prob: 0.1832
update_complete: 62; loss: -0.11941240479548772; cumulative_reward: -0.42000000000000015; invalid_count: 0; positive_reward_count: 1; success_count: 0; episode_count: 9; best_tax_advantage: 0.45; avg_entropy: 2.388414019718766; random_exploration_count: 24; saved_snapshots: 0; random_action_prob: 0.1832
enter_straddle -0.0092 25
realize_gain -0.006 30
realize_loss 0.0010416666666666667 48
invest -0.0024 25
update_start: 63; random_action_prob: 0.1823
update_complete: 63; loss: -0.11092209070920944; cumulative_reward: -0.8300000000000005; invalid_count: 0; positive_reward_count: 0; success_count: 0; episode_count: 9; best_tax_advantage: 0.0; avg_entropy: 2.4208402521908283; random_exploration_count: 23; saved_snapshots: 0; random_action_prob: 0.1823
enter_straddle -0.007727272727272728 22
realize_gain -0.007567567567567568 37
realize_loss -0.008222222222222223 45
invest -0.0004166666666666667 24
update_start: 64; random_action_prob: 0.1814
update_complete: 64; loss: -0.08948091169198354; cumulative_reward: 1.870000000000001; invalid_count: 0; positive_reward_count: 6; success_count: 0; episode_count: 9; best_tax_advantage: 2.31; avg_entropy: 2.3317386927083135; random_exploration_count: 25; saved_snapshots: 0; random_action_prob: 0.1814
enter_straddle -0.006500000000000001 20
realize_gain -0.004615384615384615 26
realize_loss 0.037192982456140354 57
invest 0.0 25
update_start: 65; random_action_prob: 0.1805
update_complete: 65; loss: 1.831829309463501; cumulative_reward: 4.219999999999998; invalid_count: 0; positive_reward_count: 9; success_count: 0; episode_count: 9; best_tax_advantage: 21.31; avg_entropy: 2.320693600922823; random_exploration_count: 19; saved_snapshots: 0; random_action_prob: 0.1805
enter_straddle -0.010869565217391304 23
realize_gain -0.8949999999999999 24
realize_loss 0.667179487179487 39
invest -0.0016666666666666668 42
update_start: 66; random_action_prob: 0.1796
update_complete: 66; loss: -0.10944042106469472; cumulative_reward: -0.6900000000000004; invalid_count: 0; positive_reward_count: 0; success_count: 0; episode_count: 9; best_tax_advantage: 0.0; avg_entropy: 2.4818339869379997; random_exploration_count: 27; saved_snapshots: 0; random_action_prob: 0.1796
enter_straddle -0.007727272727272728 22
realize_gain -0.006304347826086956 46
realize_loss -0.006 30
invest -0.0016666666666666668 30
update_start: 67; random_action_prob: 0.1787
update_complete: 67; loss: -0.0035341804226239524; cumulative_reward: -0.8500000000000001; invalid_count: 0; positive_reward_count: 5; success_count: 0; episode_count: 9; best_tax_advantage: 5.95; avg_entropy: 2.468595680780709; random_exploration_count: 24; saved_snapshots: 0; random_action_prob: 0.1787
enter_straddle -0.008749999999999999 24
realize_gain -0.2207142857142857 28
realize_loss 0.12840909090909092 44
invest -0.0034375 32
update_start: 68; random_action_prob: 0.1778
update_complete: 68; loss: 3.5431203047434487; cumulative_reward: 31.72999999999999; invalid_count: 0; positive_reward_count: 5; success_count: 0; episode_count: 9; best_tax_advantage: 26.43; avg_entropy: 2.5999005055055022; random_exploration_count: 20; saved_snapshots: 0; random_action_prob: 0.1778
enter_straddle -0.011111111111111112 27
realize_gain -0.0085 40
realize_loss 0.8767567567567567 37
invest -0.002916666666666667 24
update_start: 69; random_action_prob: 0.1769
update_complete: 69; loss: 1.7630754709243774; cumulative_reward: 28.88999999999995; invalid_count: 0; positive_reward_count: 3; success_count: 0; episode_count: 9; best_tax_advantage: 18.17; avg_entropy: 2.505410292185843; random_exploration_count: 26; saved_snapshots: 0; random_action_prob: 0.1769
enter_straddle -0.011428571428571429 28
realize_gain -0.010454545454545454 44
realize_loss 0.8027027027027028 37
invest -0.0015789473684210526 19
update_start: 70; random_action_prob: 0.1760
update_complete: 70; loss: -0.10619263350963593; cumulative_reward: -1.6800000000000013; invalid_count: 0; positive_reward_count: 0; success_count: 0; episode_count: 9; best_tax_advantage: 0.0; avg_entropy: 2.770748157054186; random_exploration_count: 18; saved_snapshots: 0; random_action_prob: 0.1760
enter_straddle -0.012258064516129033 31
realize_gain -0.016190476190476193 42
realize_loss -0.012222222222222223 36
invest -0.009473684210526315 19
update_start: 71; random_action_prob: 0.1751
update_complete: 71; loss: 2.5835081736246743; cumulative_reward: 32.62000000000001; invalid_count: 0; positive_reward_count: 4; success_count: 1; episode_count: 9; best_tax_advantage: 31.31; avg_entropy: 2.4403908913955092; random_exploration_count: 20; saved_snapshots: 0; random_action_prob: 0.1751
enter_straddle -0.009130434782608695 23
realize_gain -0.12735294117647059 34
realize_loss 0.9533333333333334 39
invest -0.000625 32
update_start: 72; random_action_prob: 0.1743
update_complete: 72; loss: 1.228379209836324; cumulative_reward: 15.959999999999946; invalid_count: 0; positive_reward_count: 9; success_count: 0; episode_count: 9; best_tax_advantage: 17.81; avg_entropy: 2.505681394599378; random_exploration_count: 17; saved_snapshots: 0; random_action_prob: 0.1743
enter_straddle -0.009259259259259259 27
realize_gain -0.4305555555555555 36
realize_loss 0.9648484848484848 33
invest -0.0040625 32
update_start: 73; random_action_prob: 0.1734
update_complete: 73; loss: 1.1362382173538208; cumulative_reward: 21.009999999999994; invalid_count: 0; positive_reward_count: 10; success_count: 0; episode_count: 9; best_tax_advantage: 19.79; avg_entropy: 2.3705775225535035; random_exploration_count: 17; saved_snapshots: 0; random_action_prob: 0.1734
enter_straddle -0.0088 25
realize_gain -0.08195121951219511 41
realize_loss 0.6305128205128205 39
invest 0.0 23
update_start: 74; random_action_prob: 0.1725
update_complete: 74; loss: 2.705690066019694; cumulative_reward: 2.1600000000000046; invalid_count: 0; positive_reward_count: 6; success_count: 0; episode_count: 9; best_tax_advantage: 27.75; avg_entropy: 2.539834155701101; random_exploration_count: 17; saved_snapshots: 0; random_action_prob: 0.1725
enter_straddle -0.009642857142857144 28
realize_gain -0.9202222222222222 45
realize_loss 1.3315151515151515 33
invest -0.004545454545454546 22
update_start: 75; random_action_prob: 0.1717
update_complete: 75; loss: 0.626804530620575; cumulative_reward: 11.650000000000007; invalid_count: 0; positive_reward_count: 1; success_count: 0; episode_count: 9; best_tax_advantage: 12.57; avg_entropy: 2.555497732013464; random_exploration_count: 24; saved_snapshots: 0; random_action_prob: 0.1717
enter_straddle -0.009166666666666667 24
realize_gain -0.0085 40
realize_loss 0.3236842105263158 38
invest -0.003461538461538461 26
update_start: 76; random_action_prob: 0.1708
update_complete: 76; loss: 4.905152797698975; cumulative_reward: 45.07999999999997; invalid_count: 0; positive_reward_count: 7; success_count: 0; episode_count: 9; best_tax_advantage: 26.15; avg_entropy: 2.5074776839464903; random_exploration_count: 17; saved_snapshots: 0; random_action_prob: 0.1708
enter_straddle -0.011200000000000002 25
realize_gain -0.16272727272727272 44
realize_loss 1.5933333333333333 33
invest -0.0023076923076923075 26
update_start: 77; random_action_prob: 0.1699
update_complete: 77; loss: 0.21716395020484924; cumulative_reward: 11.64000000000001; invalid_count: 0; positive_reward_count: 2; success_count: 0; episode_count: 9; best_tax_advantage: 7.09; avg_entropy: 2.6399599062278867; random_exploration_count: 21; saved_snapshots: 0; random_action_prob: 0.1699
enter_straddle -0.008695652173913044 23
realize_gain -0.03217391304347827 46
realize_loss 0.44833333333333336 30
invest -0.004482758620689655 29
update_start: 78; random_action_prob: 0.1691
update_complete: 78; loss: 0.13183361291885376; cumulative_reward: 8.75000000000002; invalid_count: 0; positive_reward_count: 7; success_count: 0; episode_count: 9; best_tax_advantage: 5.95; avg_entropy: 2.6633424749597907; random_exploration_count: 26; saved_snapshots: 0; random_action_prob: 0.1691
enter_straddle -0.012666666666666666 30
realize_gain -0.012162162162162163 37
realize_loss 0.27055555555555555 36
invest -0.0064 25
update_start: 79; random_action_prob: 0.1683
update_complete: 79; loss: 0.2943633596102397; cumulative_reward: 6.300000000000012; invalid_count: 0; positive_reward_count: 6; success_count: 0; episode_count: 9; best_tax_advantage: 12.2; avg_entropy: 2.7275229301303625; random_exploration_count: 20; saved_snapshots: 0; random_action_prob: 0.1683
enter_straddle -0.010714285714285714 28
realize_gain -0.36 37
realize_loss 0.5905882352941176 34
invest -0.005517241379310345 29
update_start: 80; random_action_prob: 0.1674
update_complete: 80; loss: 5.444547653198242; cumulative_reward: 34.370000000000005; invalid_count: 0; positive_reward_count: 2; success_count: 1; episode_count: 9; best_tax_advantage: 35.32; avg_entropy: 2.4922559512779117; random_exploration_count: 14; saved_snapshots: 0; random_action_prob: 0.1674
enter_straddle -0.00826086956521739 23
realize_gain -0.007142857142857143 35
realize_loss 0.7925 44
invest -0.0023076923076923075 26
update_start: 81; random_action_prob: 0.1666
update_complete: 81; loss: -0.05583065748214722; cumulative_reward: 2.5200000000000062; invalid_count: 0; positive_reward_count: 2; success_count: 0; episode_count: 9; best_tax_advantage: 3.83; avg_entropy: 2.5762767968699336; random_exploration_count: 28; saved_snapshots: 0; random_action_prob: 0.1666
enter_straddle -0.01206896551724138 29
realize_gain -0.010555555555555549 36
realize_loss 0.08121951219512194 41
invest -0.0036363636363636364 22
update_start: 82; random_action_prob: 0.1657
update_complete: 82; loss: -0.08909326791763306; cumulative_reward: -1.5000000000000009; invalid_count: 0; positive_reward_count: 0; success_count: 0; episode_count: 9; best_tax_advantage: 0.0; avg_entropy: 2.5263989120721817; random_exploration_count: 23; saved_snapshots: 0; random_action_prob: 0.1657
enter_straddle -0.015000000000000001 36
realize_gain -0.011764705882352941 34
realize_loss -0.011621621621621621 37
invest -0.006190476190476191 21
update_start: 83; random_action_prob: 0.1649
update_complete: 83; loss: 5.679634253184001; cumulative_reward: 36.03000000000003; invalid_count: 0; positive_reward_count: 4; success_count: 1; episode_count: 9; best_tax_advantage: 37.0; avg_entropy: 2.6397336963564157; random_exploration_count: 20; saved_snapshots: 0; random_action_prob: 0.1649
enter_straddle -0.0084 25
realize_gain -0.13451612903225807 31
realize_loss 0.8103999999999999 50
invest -0.005 22
update_start: 84; random_action_prob: 0.1641
update_complete: 84; loss: 5.123550891876221; cumulative_reward: 35.47999999999999; invalid_count: 0; positive_reward_count: 2; success_count: 1; episode_count: 9; best_tax_advantage: 35.68; avg_entropy: 2.5317670851945877; random_exploration_count: 17; saved_snapshots: 0; random_action_prob: 0.1641
enter_straddle -0.00962962962962963 27
realize_gain -0.00891891891891892 37
realize_loss 0.9497368421052632 38
invest -0.0007692307692307692 26
update_start: 85; random_action_prob: 0.1633
update_complete: 85; loss: 4.788697719573975; cumulative_reward: 36.54999999999998; invalid_count: 0; positive_reward_count: 2; success_count: 1; episode_count: 9; best_tax_advantage: 36.42; avg_entropy: 2.73270355258137; random_exploration_count: 23; saved_snapshots: 0; random_action_prob: 0.1633
enter_straddle -0.00962962962962963 27
realize_gain -0.007692307692307692 39
realize_loss 1.0642857142857145 35
invest -0.005185185185185186 27
update_start: 86; random_action_prob: 0.1625
update_complete: 86; loss: 4.274616241455078; cumulative_reward: 45.81999999999997; invalid_count: 0; positive_reward_count: 12; success_count: 0; episode_count: 9; best_tax_advantage: 27.75; avg_entropy: 2.679376102052629; random_exploration_count: 24; saved_snapshots: 0; random_action_prob: 0.1625
enter_straddle -0.007916666666666667 24
realize_gain -0.4483333333333333 30
realize_loss 1.2682978723404255 47
invest -0.005555555555555556 27
update_start: 87; random_action_prob: 0.1616
update_complete: 87; loss: 0.33178476492563885; cumulative_reward: -1.2099999999999989; invalid_count: 0; positive_reward_count: 1; success_count: 0; episode_count: 9; best_tax_advantage: 14.64; avg_entropy: 2.645757502876222; random_exploration_count: 29; saved_snapshots: 0; random_action_prob: 0.1616
enter_straddle -0.009615384615384616 26
realize_gain -0.42942857142857144 35
realize_loss 0.28938775510204084 49
invest -0.006111111111111111 18
update_start: 88; random_action_prob: 0.1608
update_complete: 88; loss: 0.8558746178944906; cumulative_reward: 25.38999999999998; invalid_count: 0; positive_reward_count: 7; success_count: 0; episode_count: 9; best_tax_advantage: 13.09; avg_entropy: 2.550102114677429; random_exploration_count: 30; saved_snapshots: 0; random_action_prob: 0.1608
enter_straddle -0.01 26
realize_gain -0.04720930232558139 43
realize_loss 0.712051282051282 39
invest -0.0045 20
update_start: 89; random_action_prob: 0.1600
update_complete: 89; loss: 0.1453025738398234; cumulative_reward: 6.43000000000001; invalid_count: 0; positive_reward_count: 3; success_count: 0; episode_count: 9; best_tax_advantage: 7.87; avg_entropy: 2.70282815489918; random_exploration_count: 25; saved_snapshots: 0; random_action_prob: 0.1600
enter_straddle -0.014285714285714285 35
realize_gain -0.01064516129032258 31
realize_loss 0.16333333333333336 45
invest -0.005294117647058823 17
update_start: 90; random_action_prob: 0.1592
update_complete: 90; loss: 4.691673914591472; cumulative_reward: 30.879999999999935; invalid_count: 0; positive_reward_count: 6; success_count: 1; episode_count: 9; best_tax_advantage: 32.37; avg_entropy: 2.61236341483891; random_exploration_count: 27; saved_snapshots: 0; random_action_prob: 0.1592
enter_straddle -0.014375 32
realize_gain -1.2221052631578946 38
realize_loss 2.294411764705882 34
invest -0.009583333333333334 24
update_start: 91; random_action_prob: 0.1584
update_complete: 91; loss: 0.03981557488441467; cumulative_reward: -1.8800000000000014; invalid_count: 0; positive_reward_count: 0; success_count: 0; episode_count: 9; best_tax_advantage: 0.0; avg_entropy: 2.8217035671696067; random_exploration_count: 25; saved_snapshots: 0; random_action_prob: 0.1584
enter_straddle -0.014857142857142857 35
realize_gain -0.016052631578947367 38
realize_loss -0.016578947368421054 38
invest -0.007058823529411764 17
update_start: 92; random_action_prob: 0.1576
update_complete: 92; loss: 0.8927867611249288; cumulative_reward: 9.640000000000017; invalid_count: 0; positive_reward_count: 3; success_count: 0; episode_count: 9; best_tax_advantage: 14.39; avg_entropy: 2.7370391748845577; random_exploration_count: 21; saved_snapshots: 0; random_action_prob: 0.1576
enter_straddle -0.012666666666666666 30
realize_gain -0.397027027027027 37
realize_loss 0.6539473684210527 38
invest -0.006086956521739131 23
update_start: 93; random_action_prob: 0.1569
update_complete: 93; loss: 3.7829527854919434; cumulative_reward: 34.82999999999997; invalid_count: 0; positive_reward_count: 5; success_count: 0; episode_count: 9; best_tax_advantage: 22.8; avg_entropy: 2.598713703453541; random_exploration_count: 20; saved_snapshots: 0; random_action_prob: 0.1569
enter_straddle -0.01206896551724138 29
realize_gain -0.5766666666666667 36
realize_loss 1.3030232558139536 43
invest -0.0045 20
update_start: 94; random_action_prob: 0.1561
update_complete: 94; loss: 0.07407287259896596; cumulative_reward: -1.9199999999999993; invalid_count: 0; positive_reward_count: 3; success_count: 0; episode_count: 9; best_tax_advantage: 4.67; avg_entropy: 2.7353962203487754; random_exploration_count: 23; saved_snapshots: 0; random_action_prob: 0.1561
enter_straddle -0.01631578947368421 38
realize_gain -0.45 30
realize_loss 0.38687499999999997 32
invest -0.0064285714285714285 28
update_start: 95; random_action_prob: 0.1553
update_complete: 95; loss: 3.0826058387756348; cumulative_reward: 32.08000000000002; invalid_count: 0; positive_reward_count: 10; success_count: 0; episode_count: 9; best_tax_advantage: 28.09; avg_entropy: 2.4369918135926127; random_exploration_count: 19; saved_snapshots: 0; random_action_prob: 0.1553
enter_straddle -0.01 24
realize_gain -0.817027027027027 37
realize_loss 1.6056410256410256 39
invest -0.0025 28
update_start: 96; random_action_prob: 0.1545
update_complete: 96; loss: 0.35314642389615375; cumulative_reward: -1.5800000000000005; invalid_count: 0; positive_reward_count: 2; success_count: 0; episode_count: 9; best_tax_advantage: 16.52; avg_entropy: 2.746560231782496; random_exploration_count: 17; saved_snapshots: 0; random_action_prob: 0.1545
enter_straddle -0.014705882352941176 34
realize_gain -0.4597297297297297 37
realize_loss 0.43621621621621626 37
invest -0.010499999999999999 20
update_start: 97; random_action_prob: 0.1537
update_complete: 97; loss: -0.08414618422587712; cumulative_reward: 1.6499999999999992; invalid_count: 0; positive_reward_count: 1; success_count: 0; episode_count: 9; best_tax_advantage: 2.97; avg_entropy: 2.753256137482822; random_exploration_count: 15; saved_snapshots: 0; random_action_prob: 0.1537
enter_straddle -0.010689655172413793 29
realize_gain -0.011428571428571429 42
realize_loss 0.08766666666666668 30
invest -0.007037037037037037 27
update_start: 98; random_action_prob: 0.1530
update_complete: 98; loss: 5.804762522379558; cumulative_reward: 66.06999999999994; invalid_count: 0; positive_reward_count: 7; success_count: 0; episode_count: 9; best_tax_advantage: 27.75; avg_entropy: 2.7701087836176157; random_exploration_count: 22; saved_snapshots: 0; random_action_prob: 0.1530
enter_straddle -0.012499999999999999 28
realize_gain -0.0565714285714286 35
realize_loss 1.855135135135135 37
invest -0.008571428571428572 28
update_start: 99; random_action_prob: 0.1522
update_complete: 99; loss: 4.290805021921794; cumulative_reward: 61.82; invalid_count: 0; positive_reward_count: 10; success_count: 1; episode_count: 9; best_tax_advantage: 35.38; avg_entropy: 2.615569737739861; random_exploration_count: 13; saved_snapshots: 0; random_action_prob: 0.1522
enter_straddle -0.012666666666666666 30
realize_gain -0.3865853658536585 41
realize_loss 2.3706060606060606 33
invest -0.0075 24
2026-07-10T18:44:17 completed straddle_abuse run=9 elapsed_seconds=712.12 updates_logged=100
wrote metrics to /home/infres/shangold/shelter-check-gym/experiments/results/loophole_learning_metrics_straddle_abuse_892212_4_20260710_163218
Job finished at Fri Jul 10 18:44:20 CEST 2026
