Job 892207 started on node20 at Fri Jul 10 16:32:18 CEST 2026
Output directory: experiments/results/loophole_learning_metrics_subsidiary_stock_comp_892207_5_20260710_163218
Loopholes: subsidiary_stock_comp
Runs: 10; updates: 100; rollout steps: 128; tail updates: 20
SHELTER_CHECK_DEVICE: cpu; stream train logs: 1
Fri Jul 10 16:32:19 2026       
+-----------------------------------------------------------------------------------------+
| NVIDIA-SMI 580.126.18             Driver Version: 580.126.18     CUDA Version: 13.0     |
+-----------------------------------------+------------------------+----------------------+
| GPU  Name                 Persistence-M | Bus-Id          Disp.A | Volatile Uncorr. ECC |
| Fan  Temp   Perf          Pwr:Usage/Cap |           Memory-Usage | GPU-Util  Compute M. |
|                                         |                        |               MIG M. |
|=========================================+========================+======================|
|   0  Tesla P100-PCIE-16GB           Off |   00000000:D8:00.0 Off |                    0 |
| N/A   29C    P0             26W /  250W |       0MiB /  16384MiB |      0%      Default |
|                                         |                        |                  N/A |
+-----------------------------------------+------------------------+----------------------+

+-----------------------------------------------------------------------------------------+
| Processes:                                                                              |
|  GPU   GI   CI              PID   Type   Process name                        GPU Memory |
|        ID   ID                                                               Usage      |
|=========================================================================================|
|  No running processes found                                                             |
+-----------------------------------------------------------------------------------------+
torch 2.5.1+cu121
cuda_available True
cuda 12.1
               total        used        free      shared  buff/cache   available
Mem:            62Gi       5.7Gi        14Gi       1.8Gi        44Gi        56Gi
Swap:           31Gi       149Mi        31Gi
2026-07-10T16:32:24 running subsidiary_stock_comp run=0 seed=1729
update_start: 0; random_action_prob: 0.2500
update_complete: 0; loss: 1.585836370786031; cumulative_reward: -2.537878787878788; invalid_count: 0; positive_reward_count: 2; success_count: 0; episode_count: 21; dead_end_count: 11; best_tax_advantage: 42.0; avg_entropy: 0.22950678935740143; random_action_prob: 0.2500; random_exploration_count: 34; saved_snapshots: 0
form_subcorp 0.0 58
buy_stock 0.0 12
compensate_employees 0.10606060606060606 1
liquidate_corp -0.04638490164805954 57
update_start: 1; random_action_prob: 0.2487
update_complete: 1; loss: 0.7589591145515442; cumulative_reward: -5.452020202020202; invalid_count: 0; positive_reward_count: 2; success_count: 0; episode_count: 28; dead_end_count: 25; best_tax_advantage: 158.0; avg_entropy: 0.31496762869574013; random_action_prob: 0.2487; random_exploration_count: 29; saved_snapshots: 0
form_subcorp 0.0 51
buy_stock 0.0 26
compensate_employees 0.398989898989899 1
liquidate_corp -0.11702020202020202 50
update_start: 2; random_action_prob: 0.2475
update_complete: 2; loss: 0.5070104151964188; cumulative_reward: -1.75; invalid_count: 0; positive_reward_count: 0; success_count: 0; episode_count: 18; dead_end_count: 7; best_tax_advantage: 0.0; avg_entropy: 0.21842105524865474; random_action_prob: 0.2475; random_exploration_count: 20; saved_snapshots: 0
form_subcorp 0.0 61
buy_stock 0.0 9
liquidate_corp -0.03017241379310345 58
update_start: 3; random_action_prob: 0.2463
update_complete: 3; loss: 0.41061293085416156; cumulative_reward: -2.037878787878788; invalid_count: 0; positive_reward_count: 1; success_count: 0; episode_count: 20; dead_end_count: 9; best_tax_advantage: 42.0; avg_entropy: 0.26378612654298195; random_action_prob: 0.2463; random_exploration_count: 31; saved_snapshots: 0
form_subcorp 0.0 59
buy_stock 0.0 12
compensate_employees 0.10606060606060606 1
liquidate_corp -0.03828463203463204 56
update_start: 4; random_action_prob: 0.2450
update_complete: 4; loss: 0.31559544801712036; cumulative_reward: -2.5; invalid_count: 0; positive_reward_count: 0; success_count: 0; episode_count: 21; dead_end_count: 10; best_tax_advantage: 0.0; avg_entropy: 0.23151356403104728; random_action_prob: 0.2450; random_exploration_count: 34; saved_snapshots: 0
form_subcorp 0.0 59
buy_stock 0.0 13
liquidate_corp -0.044642857142857144 56
update_start: 5; random_action_prob: 0.2438
update_complete: 5; loss: 0.124930489808321; cumulative_reward: 0.75; invalid_count: 0; positive_reward_count: 2; success_count: 1; episode_count: 18; dead_end_count: 5; best_tax_advantage: 198.0; avg_entropy: 0.16481200531779905; random_action_prob: 0.2438; random_exploration_count: 30; saved_snapshots: 0
form_subcorp 0.0 61
buy_stock 0.0 10
compensate_employees 0.5 1
liquidate_corp 0.004464285714285714 56
update_start: 6; random_action_prob: 0.2426
update_complete: 6; loss: 0.17872113982836405; cumulative_reward: -2.0; invalid_count: 0; positive_reward_count: 0; success_count: 0; episode_count: 19; dead_end_count: 8; best_tax_advantage: 0.0; avg_entropy: 0.19229462740258896; random_action_prob: 0.2426; random_exploration_count: 41; saved_snapshots: 0
form_subcorp 0.0 60
buy_stock 0.0 10
liquidate_corp -0.034482758620689655 58
update_start: 7; random_action_prob: 0.2414
update_complete: 7; loss: 0.11510307590166728; cumulative_reward: 0.21212121212121193; invalid_count: 0; positive_reward_count: 3; success_count: 1; episode_count: 20; dead_end_count: 8; best_tax_advantage: 198.0; avg_entropy: 0.2519988832718809; random_action_prob: 0.2414; random_exploration_count: 23; saved_snapshots: 0
form_subcorp 0.0 59
buy_stock 0.0 10
compensate_employees 0.30303030303030304 2
liquidate_corp -0.0069112174375332265 57
update_start: 8; random_action_prob: 0.2402
update_complete: 8; loss: 0.10318513711293538; cumulative_reward: -2.787878787878788; invalid_count: 0; positive_reward_count: 3; success_count: 1; episode_count: 25; dead_end_count: 20; best_tax_advantage: 198.0; avg_entropy: 0.32569297914596973; random_action_prob: 0.2402; random_exploration_count: 29; saved_snapshots: 0
form_subcorp 0.0 53
buy_stock 0.0 22
compensate_employees 0.30303030303030304 2
liquidate_corp -0.06654783125371361 51
update_start: 9; random_action_prob: 0.2390
update_complete: 9; loss: 0.09943770865599315; cumulative_reward: -3.1717171717171713; invalid_count: 0; positive_reward_count: 7; success_count: 1; episode_count: 28; dead_end_count: 24; best_tax_advantage: 198.0; avg_entropy: 0.36912307007878553; random_action_prob: 0.2390; random_exploration_count: 38; saved_snapshots: 0
form_subcorp 0.0 49
buy_stock 0.0 27
compensate_employees 0.18282828282828284 5
liquidate_corp -0.0869331614012465 47
update_start: 10; random_action_prob: 0.2378
update_complete: 10; loss: 0.05023875832557678; cumulative_reward: -4.027777777777778; invalid_count: 0; positive_reward_count: 2; success_count: 0; episode_count: 22; dead_end_count: 17; best_tax_advantage: 42.0; avg_entropy: 0.3134364492580062; random_action_prob: 0.2378; random_exploration_count: 20; saved_snapshots: 0
form_subcorp 0.0 55
buy_stock 0.0 19
compensate_employees 0.05555555555555556 2
liquidate_corp -0.0795940170940171 52
update_start: 11; random_action_prob: 0.2366
update_complete: 11; loss: 0.06867806613445282; cumulative_reward: -2.0; invalid_count: 0; positive_reward_count: 0; success_count: 0; episode_count: 18; dead_end_count: 8; best_tax_advantage: 0.0; avg_entropy: 0.21040587934840005; random_action_prob: 0.2366; random_exploration_count: 29; saved_snapshots: 0
form_subcorp 0.0 60
buy_stock 0.0 9
liquidate_corp -0.03389830508474576 59
update_start: 12; random_action_prob: 0.2354
update_complete: 12; loss: 0.028692411879698437; cumulative_reward: -2.25; invalid_count: 0; positive_reward_count: 0; success_count: 0; episode_count: 20; dead_end_count: 9; best_tax_advantage: 0.0; avg_entropy: 0.18274076434317976; random_action_prob: 0.2354; random_exploration_count: 30; saved_snapshots: 0
form_subcorp 0.0 60
buy_stock 0.0 14
liquidate_corp -0.041666666666666664 54
update_start: 13; random_action_prob: 0.2342
update_complete: 13; loss: 0.017122389283031225; cumulative_reward: -3.5; invalid_count: 0; positive_reward_count: 0; success_count: 0; episode_count: 23; dead_end_count: 14; best_tax_advantage: 0.0; avg_entropy: 0.21121469425270334; random_action_prob: 0.2342; random_exploration_count: 20; saved_snapshots: 0
form_subcorp 0.0 57
buy_stock 0.0 15
liquidate_corp -0.0625 56
update_start: 14; random_action_prob: 0.2331
update_complete: 14; loss: 0.04382385561863581; cumulative_reward: -1.25; invalid_count: 0; positive_reward_count: 0; success_count: 0; episode_count: 17; dead_end_count: 5; best_tax_advantage: 0.0; avg_entropy: 0.20397784980013967; random_action_prob: 0.2331; random_exploration_count: 36; saved_snapshots: 0
form_subcorp 0.0 62
buy_stock 0.0 9
liquidate_corp -0.021929824561403508 57
update_start: 15; random_action_prob: 0.2319
update_complete: 15; loss: 0.06515469650427501; cumulative_reward: -2.0; invalid_count: 0; positive_reward_count: 0; success_count: 0; episode_count: 19; dead_end_count: 8; best_tax_advantage: 0.0; avg_entropy: 0.1819081695866771; random_action_prob: 0.2319; random_exploration_count: 26; saved_snapshots: 0
form_subcorp 0.0 60
buy_stock 0.0 12
liquidate_corp -0.03571428571428571 56
update_start: 16; random_action_prob: 0.2307
update_complete: 16; loss: 0.05409980068604151; cumulative_reward: -0.952020202020202; invalid_count: 0; positive_reward_count: 2; success_count: 0; episode_count: 18; dead_end_count: 7; best_tax_advantage: 158.0; avg_entropy: 0.21124180749757215; random_action_prob: 0.2307; random_exploration_count: 26; saved_snapshots: 0
form_subcorp 0.0 60
buy_stock 0.0 10
compensate_employees 0.398989898989899 1
liquidate_corp -0.02370193159666844 57
update_start: 17; random_action_prob: 0.2296
update_complete: 17; loss: 0.03959049998472134; cumulative_reward: -1.452020202020202; invalid_count: 0; positive_reward_count: 2; success_count: 0; episode_count: 20; dead_end_count: 9; best_tax_advantage: 158.0; avg_entropy: 0.21215316248708405; random_action_prob: 0.2296; random_exploration_count: 37; saved_snapshots: 0
form_subcorp 0.0 59
buy_stock 0.0 14
compensate_employees 0.398989898989899 1
liquidate_corp -0.034277964833520386 54
update_start: 18; random_action_prob: 0.2284
update_complete: 18; loss: 0.04366893755892912; cumulative_reward: -1.6919191919191918; invalid_count: 0; positive_reward_count: 3; success_count: 0; episode_count: 20; dead_end_count: 10; best_tax_advantage: 158.0; avg_entropy: 0.2358510181074962; random_action_prob: 0.2284; random_exploration_count: 31; saved_snapshots: 0
form_subcorp 0.0 58
buy_stock 0.0 13
compensate_employees 0.20202020202020202 2
liquidate_corp -0.03810835629017447 55
update_start: 19; random_action_prob: 0.2273
update_complete: 19; loss: 0.08469642698764801; cumulative_reward: -0.952020202020202; invalid_count: 0; positive_reward_count: 2; success_count: 0; episode_count: 19; dead_end_count: 7; best_tax_advantage: 158.0; avg_entropy: 0.22451465378981084; random_action_prob: 0.2273; random_exploration_count: 21; saved_snapshots: 0
form_subcorp 0.0 60
buy_stock 0.0 11
compensate_employees 0.398989898989899 1
liquidate_corp -0.024125180375180376 56
update_start: 20; random_action_prob: 0.2262
update_complete: 20; loss: 0.08267685274283092; cumulative_reward: -1.654040404040404; invalid_count: 0; positive_reward_count: 4; success_count: 0; episode_count: 21; dead_end_count: 13; best_tax_advantage: 158.0; avg_entropy: 0.2337450252380222; random_action_prob: 0.2262; random_exploration_count: 21; saved_snapshots: 0
form_subcorp 0.0 56
buy_stock 0.0 17
compensate_employees 0.398989898989899 2
liquidate_corp -0.04626453211358872 53
update_start: 21; random_action_prob: 0.2250
update_complete: 21; loss: 0.06405487408240636; cumulative_reward: 0.345959595959596; invalid_count: 0; positive_reward_count: 6; success_count: 1; episode_count: 21; dead_end_count: 13; best_tax_advantage: 198.0; avg_entropy: 0.30013023072388023; random_action_prob: 0.2250; random_exploration_count: 30; saved_snapshots: 0
form_subcorp 0.0 56
buy_stock 0.0 17
compensate_employees 0.4326599326599327 3
liquidate_corp -0.018308080808080808 52
update_start: 22; random_action_prob: 0.2239
update_complete: 22; loss: 0.00904021163781484; cumulative_reward: 0.9040404040404042; invalid_count: 0; positive_reward_count: 18; success_count: 0; episode_count: 25; dead_end_count: 22; best_tax_advantage: 160.0; avg_entropy: 0.4455134298186749; random_action_prob: 0.2239; random_exploration_count: 36; saved_snapshots: 0
form_subcorp 0.0 48
buy_stock 0.0 23
compensate_employees 0.3202020202020202 10
liquidate_corp -0.048893187191059534 47
update_start: 23; random_action_prob: 0.2228
update_complete: 23; loss: 0.011384864648183187; cumulative_reward: 5.818181818181817; invalid_count: 0; positive_reward_count: 36; success_count: 0; episode_count: 19; dead_end_count: 12; best_tax_advantage: 166.0; avg_entropy: 0.4939998681657016; random_action_prob: 0.2228; random_exploration_count: 32; saved_snapshots: 0
form_subcorp 0.0 43
buy_stock 0.0 19
compensate_employees 0.18050879161990274 27
liquidate_corp 0.02421652421652422 39
update_start: 24; random_action_prob: 0.2217
update_complete: 24; loss: 0.004418924450874329; cumulative_reward: 6.598484848484847; invalid_count: 0; positive_reward_count: 34; success_count: 0; episode_count: 21; dead_end_count: 13; best_tax_advantage: 160.0; avg_entropy: 0.41379147325642407; random_action_prob: 0.2217; random_exploration_count: 25; saved_snapshots: 0
form_subcorp 0.0 45
buy_stock 0.0 20
compensate_employees 0.23905723905723905 24
liquidate_corp 0.022079772079772082 39
update_start: 25; random_action_prob: 0.2206
update_complete: 25; loss: 0.05693915983041128; cumulative_reward: 9.863636363636369; invalid_count: 0; positive_reward_count: 65; success_count: 0; episode_count: 21; dead_end_count: 14; best_tax_advantage: 164.0; avg_entropy: 0.48050047690048814; random_action_prob: 0.2206; random_exploration_count: 27; saved_snapshots: 0
form_subcorp 0.0 31
buy_stock 0.0 22
compensate_employees 0.15656565656565657 52
liquidate_corp 0.0748792270531401 23
update_start: 26; random_action_prob: 0.2195
update_complete: 26; loss: 0.05718459685643514; cumulative_reward: 8.209595959595958; invalid_count: 0; positive_reward_count: 49; success_count: 1; episode_count: 20; dead_end_count: 11; best_tax_advantage: 198.0; avg_entropy: 0.4099762322148308; random_action_prob: 0.2195; random_exploration_count: 30; saved_snapshots: 0
form_subcorp 0.0 38
buy_stock 0.0 18
compensate_employees 0.14905464905464905 39
liquidate_corp 0.07262014080195899 33
update_start: 27; random_action_prob: 0.2184
update_complete: 27; loss: -0.007820207315186659; cumulative_reward: 7.813131313131315; invalid_count: 0; positive_reward_count: 58; success_count: 0; episode_count: 19; dead_end_count: 10; best_tax_advantage: 164.0; avg_entropy: 0.45101018517743796; random_action_prob: 0.2184; random_exploration_count: 31; saved_snapshots: 0
form_subcorp 0.0 34
buy_stock 0.0 19
compensate_employees 0.13026094276094277 48
liquidate_corp 0.05780022446689114 27
update_start: 28; random_action_prob: 0.2173
update_complete: 28; loss: 0.03527936525642872; cumulative_reward: 12.386363636363642; invalid_count: 0; positive_reward_count: 67; success_count: 1; episode_count: 23; dead_end_count: 17; best_tax_advantage: 198.0; avg_entropy: 0.47769282839726657; random_action_prob: 0.2173; random_exploration_count: 28; saved_snapshots: 0
form_subcorp 0.0 29
buy_stock 0.0 24
compensate_employees 0.1688888888888889 50
liquidate_corp 0.1576767676767677 25
update_start: 29; random_action_prob: 0.2162
update_complete: 29; loss: 0.06244074056545893; cumulative_reward: 16.603535353535367; invalid_count: 0; positive_reward_count: 68; success_count: 3; episode_count: 26; dead_end_count: 19; best_tax_advantage: 198.0; avg_entropy: 0.37920362793374807; random_action_prob: 0.2162; random_exploration_count: 23; saved_snapshots: 0
form_subcorp 0.0 29
buy_stock 0.0 26
compensate_employees 0.20427681065978937 47
liquidate_corp 0.26932789432789433 26
update_start: 30; random_action_prob: 0.2151
update_complete: 30; loss: 0.003465081254641215; cumulative_reward: 18.15656565656567; invalid_count: 0; positive_reward_count: 76; success_count: 4; episode_count: 24; dead_end_count: 18; best_tax_advantage: 198.0; avg_entropy: 0.40067472646478564; random_action_prob: 0.2151; random_exploration_count: 14; saved_snapshots: 0
form_subcorp 0.0 25
buy_stock 0.0 25
compensate_employees 0.17713498622589532 55
liquidate_corp 0.36583223539745274 23
update_start: 31; random_action_prob: 0.2140
update_complete: 31; loss: 0.009917738226552805; cumulative_reward: 30.171717171717177; invalid_count: 0; positive_reward_count: 61; success_count: 13; episode_count: 27; dead_end_count: 12; best_tax_advantage: 198.0; avg_entropy: 0.3910714112862479; random_action_prob: 0.2140; random_exploration_count: 22; saved_snapshots: 0
form_subcorp 0.0 31
buy_stock 0.0 28
compensate_employees 0.25757575757575757 40
liquidate_corp 0.6851271334029955 29
update_start: 32; random_action_prob: 0.2130
update_complete: 32; loss: 0.04150961463650068; cumulative_reward: 42.58838383838385; invalid_count: 0; positive_reward_count: 56; success_count: 21; episode_count: 31; dead_end_count: 9; best_tax_advantage: 198.0; avg_entropy: 0.22099835184053518; random_action_prob: 0.2130; random_exploration_count: 24; saved_snapshots: 0
form_subcorp 0.0 33
buy_stock 0.0 32
compensate_employees 0.37910353535353536 32
liquidate_corp 0.9824861518409905 31
update_start: 33; random_action_prob: 0.2119
update_complete: 33; loss: 0.04649834210673968; cumulative_reward: 43.29040404040403; invalid_count: 0; positive_reward_count: 53; success_count: 21; episode_count: 29; dead_end_count: 7; best_tax_advantage: 198.0; avg_entropy: 0.2040595171856694; random_action_prob: 0.2119; random_exploration_count: 32; saved_snapshots: 0
form_subcorp 0.0 36
buy_stock 0.0 29
compensate_employees 0.42929292929292934 28
liquidate_corp 0.8934343434343435 35
update_start: 34; random_action_prob: 0.2108
update_complete: 34; loss: 0.0840455691019694; cumulative_reward: 40.99242424242424; invalid_count: 0; positive_reward_count: 48; success_count: 21; episode_count: 30; dead_end_count: 9; best_tax_advantage: 198.0; avg_entropy: 0.18584307029959746; random_action_prob: 0.2108; random_exploration_count: 34; saved_snapshots: 0
form_subcorp 0.0 36
buy_stock 0.0 30
compensate_employees 0.42773892773892774 26
liquidate_corp 0.8297558922558923 36
update_start: 35; random_action_prob: 0.2098
update_complete: 35; loss: 0.1622601201136907; cumulative_reward: 56.21212121212122; invalid_count: 0; positive_reward_count: 58; success_count: 28; episode_count: 29; dead_end_count: 0; best_tax_advantage: 198.0; avg_entropy: 0.1363875399256358; random_action_prob: 0.2098; random_exploration_count: 22; saved_snapshots: 0
form_subcorp 0.0 35
buy_stock 0.0 29
compensate_employees 0.48641588296760707 29
liquidate_corp 1.2030303030303031 35
update_start: 36; random_action_prob: 0.2087
update_complete: 36; loss: 0.08412434160709381; cumulative_reward: 46.467171717171716; invalid_count: 0; positive_reward_count: 59; success_count: 23; episode_count: 30; dead_end_count: 7; best_tax_advantage: 198.0; avg_entropy: 0.16041579659213312; random_action_prob: 0.2087; random_exploration_count: 29; saved_snapshots: 0
form_subcorp 0.0 32
buy_stock 0.0 31
compensate_employees 0.37819370172311345 34
liquidate_corp 1.0841479309221245 31
update_start: 37; random_action_prob: 0.2077
update_complete: 37; loss: 0.0902198851108551; cumulative_reward: 51.3080808080808; invalid_count: 0; positive_reward_count: 55; success_count: 26; episode_count: 32; dead_end_count: 6; best_tax_advantage: 198.0; avg_entropy: 0.12429021993011702; random_action_prob: 0.2077; random_exploration_count: 22; saved_snapshots: 0
form_subcorp 0.0 34
buy_stock 0.0 32
compensate_employees 0.47871572871572876 28
liquidate_corp 1.114824717765894 34
update_start: 38; random_action_prob: 0.2066
update_complete: 38; loss: 0.016258447120587032; cumulative_reward: 53.65404040404041; invalid_count: 0; positive_reward_count: 64; success_count: 26; episode_count: 28; dead_end_count: 1; best_tax_advantage: 198.0; avg_entropy: 0.18477763590635732; random_action_prob: 0.2066; random_exploration_count: 28; saved_snapshots: 0
form_subcorp 0.0 32
buy_stock 0.0 29
compensate_employees 0.3930976430976431 36
liquidate_corp 1.274275008145976 31
update_start: 39; random_action_prob: 0.2056
update_complete: 39; loss: 0.0583000381787618; cumulative_reward: 38.47727272727274; invalid_count: 0; positive_reward_count: 57; success_count: 19; episode_count: 29; dead_end_count: 9; best_tax_advantage: 198.0; avg_entropy: 0.23682348622969585; random_action_prob: 0.2056; random_exploration_count: 31; saved_snapshots: 0
form_subcorp 0.0 33
buy_stock 0.0 29
compensate_employees 0.3164502164502165 35
liquidate_corp 0.8839198435972629 31
update_start: 40; random_action_prob: 0.2046
update_complete: 40; loss: 0.045197516679763794; cumulative_reward: 45.65151515151517; invalid_count: 0; positive_reward_count: 62; success_count: 22; episode_count: 27; dead_end_count: 2; best_tax_advantage: 198.0; avg_entropy: 0.16771520896145375; random_action_prob: 0.2046; random_exploration_count: 22; saved_snapshots: 0
form_subcorp 0.0 32
buy_stock 0.0 27
compensate_employees 0.32349813928761295 38
liquidate_corp 1.0760834147930922 31
update_start: 41; random_action_prob: 0.2036
update_complete: 41; loss: 0.01975163072347641; cumulative_reward: 58.06818181818181; invalid_count: 0; positive_reward_count: 62; success_count: 29; episode_count: 32; dead_end_count: 3; best_tax_advantage: 198.0; avg_entropy: 0.08315436411066912; random_action_prob: 0.2036; random_exploration_count: 21; saved_snapshots: 0
form_subcorp 0.0 32
buy_stock 0.0 32
compensate_employees 0.4659090909090909 32
liquidate_corp 1.3487215909090908 32
update_start: 42; random_action_prob: 0.2025
update_complete: 42; loss: 0.022698868066072464; cumulative_reward: 50.82575757575759; invalid_count: 0; positive_reward_count: 64; success_count: 25; episode_count: 29; dead_end_count: 3; best_tax_advantage: 198.0; avg_entropy: 0.13014699634368299; random_action_prob: 0.2025; random_exploration_count: 19; saved_snapshots: 0
form_subcorp 0.0 31
buy_stock 0.0 30
compensate_employees 0.35964912280701755 38
liquidate_corp 1.281347962382445 29
update_start: 43; random_action_prob: 0.2015
update_complete: 43; loss: 0.05708601946632067; cumulative_reward: 50.09595959595959; invalid_count: 0; positive_reward_count: 54; success_count: 25; episode_count: 31; dead_end_count: 6; best_tax_advantage: 198.0; avg_entropy: 0.14599930529948324; random_action_prob: 0.2015; random_exploration_count: 32; saved_snapshots: 0
form_subcorp 0.0 35
buy_stock 0.0 31
compensate_employees 0.49251777029554805 27
liquidate_corp 1.0513708513708515 35
update_start: 44; random_action_prob: 0.2005
update_complete: 44; loss: 0.03797745953003565; cumulative_reward: 46.26262626262626; invalid_count: 0; positive_reward_count: 58; success_count: 23; episode_count: 29; dead_end_count: 4; best_tax_advantage: 198.0; avg_entropy: 0.15938192397152307; random_action_prob: 0.2005; random_exploration_count: 19; saved_snapshots: 0
form_subcorp 0.0 33
buy_stock 0.0 30
compensate_employees 0.36304218657159837 34
liquidate_corp 1.0941674812642554 31
update_start: 45; random_action_prob: 0.1995
update_complete: 45; loss: 0.06252902497847874; cumulative_reward: 36.02525252525253; invalid_count: 0; positive_reward_count: 51; success_count: 18; episode_count: 30; dead_end_count: 10; best_tax_advantage: 198.0; avg_entropy: 0.17575633082014974; random_action_prob: 0.1995; random_exploration_count: 34; saved_snapshots: 0
form_subcorp 0.0 34
buy_stock 0.0 31
compensate_employees 0.3420875420875421 30
liquidate_corp 0.7806856443220079 33
update_start: 46; random_action_prob: 0.1985
update_complete: 46; loss: 0.06717679277062416; cumulative_reward: 45.5580808080808; invalid_count: 0; positive_reward_count: 50; success_count: 23; episode_count: 30; dead_end_count: 7; best_tax_advantage: 198.0; avg_entropy: 0.13476951561460737; random_action_prob: 0.1985; random_exploration_count: 30; saved_snapshots: 0
form_subcorp 0.0 36
buy_stock 0.0 31
compensate_employees 0.4770784770784771 26
liquidate_corp 0.9472582972582971 35
update_start: 47; random_action_prob: 0.1975
update_complete: 47; loss: 0.09161927551031113; cumulative_reward: 47.29797979797979; invalid_count: 0; positive_reward_count: 51; success_count: 24; episode_count: 32; dead_end_count: 8; best_tax_advantage: 198.0; avg_entropy: 0.10018696167389862; random_action_prob: 0.1975; random_exploration_count: 25; saved_snapshots: 0
form_subcorp 0.0 35
buy_stock 0.0 33
compensate_employees 0.49611499611499615 26
liquidate_corp 1.0117349970291145 34
update_start: 48; random_action_prob: 0.1965
update_complete: 48; loss: 0.06278445199131966; cumulative_reward: 51.7979797979798; invalid_count: 0; positive_reward_count: 55; success_count: 26; episode_count: 32; dead_end_count: 6; best_tax_advantage: 198.0; avg_entropy: 0.10024273327871924; random_action_prob: 0.1965; random_exploration_count: 20; saved_snapshots: 0
form_subcorp 0.0 34
buy_stock 0.0 33
compensate_employees 0.49639249639249644 28
liquidate_corp 1.1484542393633301 33
update_start: 49; random_action_prob: 0.1956
update_complete: 49; loss: 0.08792892595132192; cumulative_reward: 50.5580808080808; invalid_count: 0; positive_reward_count: 54; success_count: 25; episode_count: 28; dead_end_count: 3; best_tax_advantage: 198.0; avg_entropy: 0.09802569804014638; random_action_prob: 0.1956; random_exploration_count: 28; saved_snapshots: 0
form_subcorp 0.0 36
buy_stock 0.0 29
compensate_employees 0.47871572871572876 28
liquidate_corp 1.0615440115440116 35
update_start: 50; random_action_prob: 0.1946
update_complete: 50; loss: 0.09301590174436569; cumulative_reward: 49.82575757575757; invalid_count: 0; positive_reward_count: 61; success_count: 24; episode_count: 28; dead_end_count: 3; best_tax_advantage: 198.0; avg_entropy: 0.15801214708335465; random_action_prob: 0.1946; random_exploration_count: 21; saved_snapshots: 0
form_subcorp 0.0 34
buy_stock 0.0 28
compensate_employees 0.39245395127748073 34
liquidate_corp 1.140072601010101 32
update_start: 51; random_action_prob: 0.1936
update_complete: 51; loss: 0.04458154489596685; cumulative_reward: 51.919191919191924; invalid_count: 0; positive_reward_count: 63; success_count: 25; episode_count: 28; dead_end_count: 2; best_tax_advantage: 198.0; avg_entropy: 0.1211199783574557; random_action_prob: 0.1936; random_exploration_count: 20; saved_snapshots: 0
form_subcorp 0.0 32
buy_stock 0.0 29
compensate_employees 0.3877665544332211 36
liquidate_corp 1.2245030954708374 31
update_start: 52; random_action_prob: 0.1926
update_complete: 52; loss: 0.07425603022178014; cumulative_reward: 57.5; invalid_count: 0; positive_reward_count: 58; success_count: 29; episode_count: 31; dead_end_count: 2; best_tax_advantage: 198.0; avg_entropy: 0.05786902155523421; random_action_prob: 0.1926; random_exploration_count: 19; saved_snapshots: 0
form_subcorp 0.0 34
buy_stock 0.0 31
compensate_employees 0.5 29
liquidate_corp 1.2647058823529411 34
update_start: 53; random_action_prob: 0.1917
update_complete: 53; loss: 0.05207563688357671; cumulative_reward: 43.689393939393945; invalid_count: 0; positive_reward_count: 61; success_count: 21; episode_count: 28; dead_end_count: 5; best_tax_advantage: 198.0; avg_entropy: 0.17440446716500446; random_action_prob: 0.1917; random_exploration_count: 25; saved_snapshots: 0
form_subcorp 0.0 32
buy_stock 0.0 29
compensate_employees 0.32937482937482937 37
liquidate_corp 1.0500841750841752 30
update_start: 54; random_action_prob: 0.1907
update_complete: 54; loss: 0.07595417648553848; cumulative_reward: 50.86616161616162; invalid_count: 0; positive_reward_count: 57; success_count: 25; episode_count: 30; dead_end_count: 5; best_tax_advantage: 198.0; avg_entropy: 0.1503288080675702; random_action_prob: 0.1907; random_exploration_count: 24; saved_snapshots: 0
form_subcorp 0.0 34
buy_stock 0.0 31
compensate_employees 0.4602693602693603 30
liquidate_corp 1.1229721456994184 33
update_start: 55; random_action_prob: 0.1898
update_complete: 55; loss: 0.08140405640006065; cumulative_reward: 56.06818181818182; invalid_count: 0; positive_reward_count: 60; success_count: 28; episode_count: 31; dead_end_count: 3; best_tax_advantage: 198.0; avg_entropy: 0.113899808464339; random_action_prob: 0.1898; random_exploration_count: 24; saved_snapshots: 0
form_subcorp 0.0 33
buy_stock 0.0 31
compensate_employees 0.46480938416422285 31
liquidate_corp 1.2623966942148759 33
update_start: 56; random_action_prob: 0.1888
update_complete: 56; loss: 0.03279036531845728; cumulative_reward: 45.772727272727266; invalid_count: 0; positive_reward_count: 58; success_count: 22; episode_count: 28; dead_end_count: 6; best_tax_advantage: 198.0; avg_entropy: 0.1982187714711472; random_action_prob: 0.1888; random_exploration_count: 26; saved_snapshots: 0
form_subcorp 0.0 34
buy_stock 0.0 29
compensate_employees 0.39488636363636365 32
liquidate_corp 1.0041322314049586 33
update_start: 57; random_action_prob: 0.1879
update_complete: 57; loss: 0.012312641988197962; cumulative_reward: 44.18434343434343; invalid_count: 0; positive_reward_count: 50; success_count: 22; episode_count: 27; dead_end_count: 5; best_tax_advantage: 198.0; avg_entropy: 0.2103409171140811; random_action_prob: 0.1879; random_exploration_count: 27; saved_snapshots: 0
form_subcorp 0.0 38
buy_stock 0.0 27
compensate_employees 0.4506604506604507 26
liquidate_corp 0.8774911274911275 37
update_start: 58; random_action_prob: 0.1869
update_complete: 58; loss: 0.15900664031505585; cumulative_reward: 21.75; invalid_count: 0; positive_reward_count: 22; success_count: 11; episode_count: 19; dead_end_count: 1; best_tax_advantage: 198.0; avg_entropy: 0.2507452006393578; random_action_prob: 0.1869; random_exploration_count: 21; saved_snapshots: 0
form_subcorp 0.0 53
buy_stock 0.0 14
compensate_employees 0.5 11
liquidate_corp 0.325 50
update_start: 59; random_action_prob: 0.1860
update_complete: 59; loss: 0.11005275696516037; cumulative_reward: 10.0; invalid_count: 0; positive_reward_count: 10; success_count: 5; episode_count: 17; dead_end_count: 0; best_tax_advantage: 198.0; avg_entropy: 0.15526796822086908; random_action_prob: 0.1860; random_exploration_count: 23; saved_snapshots: 0
form_subcorp 0.0 59
buy_stock 0.0 9
compensate_employees 0.5 5
liquidate_corp 0.13636363636363635 55
update_start: 60; random_action_prob: 0.1851
update_complete: 60; loss: 0.08500914027293523; cumulative_reward: 15.095959595959597; invalid_count: 0; positive_reward_count: 18; success_count: 7; episode_count: 17; dead_end_count: 2; best_tax_advantage: 198.0; avg_entropy: 0.22029698379628826; random_action_prob: 0.1851; random_exploration_count: 16; saved_snapshots: 0
form_subcorp 0.0 55
buy_stock 0.0 12
compensate_employees 0.47755331088664416 9
liquidate_corp 0.20765345765345763 52
update_start: 61; random_action_prob: 0.1841
update_complete: 61; loss: 0.13050117840369543; cumulative_reward: 34.32828282828283; invalid_count: 0; positive_reward_count: 39; success_count: 17; episode_count: 22; dead_end_count: 2; best_tax_advantage: 198.0; avg_entropy: 0.275956521036278; random_action_prob: 0.1841; random_exploration_count: 23; saved_snapshots: 0
form_subcorp 0.0 44
buy_stock 0.0 21
compensate_employees 0.42448292448292446 21
liquidate_corp 0.6050986050986051 42
update_start: 62; random_action_prob: 0.1832
update_complete: 62; loss: 0.04932295406858126; cumulative_reward: 44.43434343434343; invalid_count: 0; positive_reward_count: 50; success_count: 22; episode_count: 27; dead_end_count: 4; best_tax_advantage: 198.0; avg_entropy: 0.2494531421980355; random_action_prob: 0.1832; random_exploration_count: 26; saved_snapshots: 0
form_subcorp 0.0 38
buy_stock 0.0 26
compensate_employees 0.4506604506604507 26
liquidate_corp 0.8609782030834662 38
update_start: 63; random_action_prob: 0.1823
update_complete: 63; loss: 0.037020896251002945; cumulative_reward: 50.06818181818181; invalid_count: 0; positive_reward_count: 54; success_count: 25; episode_count: 28; dead_end_count: 3; best_tax_advantage: 198.0; avg_entropy: 0.17041753319790587; random_action_prob: 0.1823; random_exploration_count: 19; saved_snapshots: 0
form_subcorp 0.0 36
buy_stock 0.0 28
compensate_employees 0.461038961038961 28
liquidate_corp 1.0321969696969697 36
update_start: 64; random_action_prob: 0.1814
update_complete: 64; loss: 0.04376200462381045; cumulative_reward: 54.522727272727266; invalid_count: 0; positive_reward_count: 61; success_count: 27; episode_count: 30; dead_end_count: 3; best_tax_advantage: 198.0; avg_entropy: 0.1386387700913474; random_action_prob: 0.1814; random_exploration_count: 23; saved_snapshots: 0
form_subcorp 0.0 33
buy_stock 0.0 30
compensate_employees 0.4283746556473829 33
liquidate_corp 1.2620738636363635 32
update_start: 65; random_action_prob: 0.1805
update_complete: 65; loss: 0.023976819589734077; cumulative_reward: 52.50252525252527; invalid_count: 0; positive_reward_count: 62; success_count: 26; episode_count: 30; dead_end_count: 3; best_tax_advantage: 198.0; avg_entropy: 0.14842638497066218; random_action_prob: 0.1805; random_exploration_count: 16; saved_snapshots: 0
form_subcorp 0.0 32
buy_stock 0.0 30
compensate_employees 0.39552669552669556 35
liquidate_corp 1.247067448680352 31
update_start: 66; random_action_prob: 0.1796
update_complete: 66; loss: 0.09260553866624832; cumulative_reward: 48.608585858585876; invalid_count: 0; positive_reward_count: 57; success_count: 24; episode_count: 28; dead_end_count: 3; best_tax_advantage: 198.0; avg_entropy: 0.16437195966864238; random_action_prob: 0.1796; random_exploration_count: 19; saved_snapshots: 0
form_subcorp 0.0 34
buy_stock 0.0 29
compensate_employees 0.39837771655953474 33
liquidate_corp 1.1081912878787878 32
update_start: 67; random_action_prob: 0.1787
update_complete: 67; loss: 0.031244196618596714; cumulative_reward: 53.007575757575765; invalid_count: 0; positive_reward_count: 63; success_count: 26; episode_count: 29; dead_end_count: 3; best_tax_advantage: 198.0; avg_entropy: 0.19890755428059492; random_action_prob: 0.1787; random_exploration_count: 24; saved_snapshots: 0
form_subcorp 0.0 32
buy_stock 0.0 30
compensate_employees 0.3981240981240981 35
liquidate_corp 1.2604268491365267 31
update_start: 68; random_action_prob: 0.1778
update_complete: 68; loss: 0.05205228924751282; cumulative_reward: 40.76010101010101; invalid_count: 0; positive_reward_count: 43; success_count: 21; episode_count: 28; dead_end_count: 5; best_tax_advantage: 198.0; avg_entropy: 0.19986062939278781; random_action_prob: 0.1778; random_exploration_count: 30; saved_snapshots: 0
form_subcorp 0.0 40
buy_stock 0.0 28
compensate_employees 0.4775022956841139 22
liquidate_corp 0.7961855396065922 38
update_start: 69; random_action_prob: 0.1769
update_complete: 69; loss: 0.021827465233703453; cumulative_reward: 50.23232323232324; invalid_count: 0; positive_reward_count: 55; success_count: 25; episode_count: 29; dead_end_count: 4; best_tax_advantage: 198.0; avg_entropy: 0.19775987273533246; random_action_prob: 0.1769; random_exploration_count: 21; saved_snapshots: 0
form_subcorp 0.0 35
buy_stock 0.0 29
compensate_employees 0.45228143504005575 29
liquidate_corp 1.0604617604617605 35
update_start: 70; random_action_prob: 0.1760
update_complete: 70; loss: 0.05823637917637825; cumulative_reward: 47.7979797979798; invalid_count: 0; positive_reward_count: 51; success_count: 24; episode_count: 30; dead_end_count: 6; best_tax_advantage: 198.0; avg_entropy: 0.19507783097651554; random_action_prob: 0.1760; random_exploration_count: 22; saved_snapshots: 0
form_subcorp 0.0 36
buy_stock 0.0 31
compensate_employees 0.49611499611499615 26
liquidate_corp 0.9971139971139971 35
update_start: 71; random_action_prob: 0.1751
update_complete: 71; loss: 0.029189928124348324; cumulative_reward: 43.972222222222214; invalid_count: 0; positive_reward_count: 50; success_count: 22; episode_count: 28; dead_end_count: 5; best_tax_advantage: 198.0; avg_entropy: 0.22230608254176332; random_action_prob: 0.1751; random_exploration_count: 25; saved_snapshots: 0
form_subcorp 0.0 37
buy_stock 0.0 28
compensate_employees 0.437897493453049 27
liquidate_corp 0.8930274971941637 36
update_start: 72; random_action_prob: 0.1743
update_complete: 72; loss: 0.02769838273525238; cumulative_reward: 40.04797979797979; invalid_count: 0; positive_reward_count: 42; success_count: 20; episode_count: 24; dead_end_count: 3; best_tax_advantage: 198.0; avg_entropy: 0.2290662059240276; random_action_prob: 0.1743; random_exploration_count: 24; saved_snapshots: 0
form_subcorp 0.0 42
buy_stock 0.0 24
compensate_employees 0.49518999518999524 21
liquidate_corp 0.7231460950973146 41
update_start: 73; random_action_prob: 0.1734
update_complete: 73; loss: 0.03355130615333716; cumulative_reward: 42.0; invalid_count: 0; positive_reward_count: 42; success_count: 21; episode_count: 22; dead_end_count: 0; best_tax_advantage: 198.0; avg_entropy: 0.21187762635963736; random_action_prob: 0.1734; random_exploration_count: 16; saved_snapshots: 0
form_subcorp 0.0 43
buy_stock 0.0 22
compensate_employees 0.5 21
liquidate_corp 0.75 42
update_start: 74; random_action_prob: 0.1725
update_complete: 74; loss: 0.08008147279421489; cumulative_reward: 29.5; invalid_count: 0; positive_reward_count: 30; success_count: 15; episode_count: 20; dead_end_count: 2; best_tax_advantage: 198.0; avg_entropy: 0.2395524808416667; random_action_prob: 0.1725; random_exploration_count: 20; saved_snapshots: 0
form_subcorp 0.0 48
buy_stock 0.0 19
compensate_employees 0.5 15
liquidate_corp 0.4782608695652174 46
update_start: 75; random_action_prob: 0.1717
update_complete: 75; loss: 0.04893562911699215; cumulative_reward: 39.75; invalid_count: 0; positive_reward_count: 40; success_count: 20; episode_count: 22; dead_end_count: 1; best_tax_advantage: 198.0; avg_entropy: 0.2102973445726093; random_action_prob: 0.1717; random_exploration_count: 17; saved_snapshots: 0
form_subcorp 0.0 44
buy_stock 0.0 22
compensate_employees 0.5 20
liquidate_corp 0.7083333333333334 42
update_start: 76; random_action_prob: 0.1708
update_complete: 76; loss: 0.0528222049276034; cumulative_reward: 47.282828282828284; invalid_count: 0; positive_reward_count: 58; success_count: 23; episode_count: 25; dead_end_count: 0; best_tax_advantage: 198.0; avg_entropy: 0.2573481192048348; random_action_prob: 0.1708; random_exploration_count: 17; saved_snapshots: 0
form_subcorp 0.0 35
buy_stock 0.0 25
compensate_employees 0.36333927510398095 34
liquidate_corp 1.0273321449792037 34
update_start: 77; random_action_prob: 0.1699
update_complete: 77; loss: 0.05147760733962059; cumulative_reward: 48.31818181818182; invalid_count: 0; positive_reward_count: 53; success_count: 24; episode_count: 28; dead_end_count: 4; best_tax_advantage: 198.0; avg_entropy: 0.19652209915147978; random_action_prob: 0.1699; random_exploration_count: 23; saved_snapshots: 0
form_subcorp 0.0 36
buy_stock 0.0 29
compensate_employees 0.461038961038961 28
liquidate_corp 1.0116883116883115 35
update_start: 78; random_action_prob: 0.1691
update_complete: 78; loss: 0.03430202603340149; cumulative_reward: 52.29797979797979; invalid_count: 0; positive_reward_count: 54; success_count: 26; episode_count: 28; dead_end_count: 2; best_tax_advantage: 198.0; avg_entropy: 0.17932982883939985; random_action_prob: 0.1691; random_exploration_count: 19; saved_snapshots: 0
form_subcorp 0.0 37
buy_stock 0.0 28
compensate_employees 0.49625888514777405 27
liquidate_corp 1.0805274971941639 36
update_start: 79; random_action_prob: 0.1683
update_complete: 79; loss: 0.0032703581576546035; cumulative_reward: 52.866161616161605; invalid_count: 0; positive_reward_count: 58; success_count: 26; episode_count: 29; dead_end_count: 3; best_tax_advantage: 198.0; avg_entropy: 0.22211216273717582; random_action_prob: 0.1683; random_exploration_count: 19; saved_snapshots: 0
form_subcorp 0.0 35
buy_stock 0.0 29
compensate_employees 0.4602693602693603 30
liquidate_corp 1.148767082590612 34
update_start: 80; random_action_prob: 0.1674
update_complete: 80; loss: 0.044589705765247345; cumulative_reward: 39.42424242424242; invalid_count: 0; positive_reward_count: 44; success_count: 20; episode_count: 25; dead_end_count: 4; best_tax_advantage: 198.0; avg_entropy: 0.24403904368227813; random_action_prob: 0.1674; random_exploration_count: 26; saved_snapshots: 0
form_subcorp 0.0 40
buy_stock 0.0 25
compensate_employees 0.4343434343434343 24
liquidate_corp 0.7435897435897436 39
update_start: 81; random_action_prob: 0.1666
update_complete: 81; loss: 0.05603480959932009; cumulative_reward: 34.21212121212121; invalid_count: 0; positive_reward_count: 40; success_count: 17; episode_count: 23; dead_end_count: 4; best_tax_advantage: 198.0; avg_entropy: 0.27065272457548417; random_action_prob: 0.1666; random_exploration_count: 25; saved_snapshots: 0
form_subcorp 0.0 43
buy_stock 0.0 22
compensate_employees 0.4233241505968779 22
liquidate_corp 0.6072924365607293 41
update_start: 82; random_action_prob: 0.1657
update_complete: 82; loss: 0.030550682917237282; cumulative_reward: 45.0; invalid_count: 0; positive_reward_count: 46; success_count: 23; episode_count: 27; dead_end_count: 4; best_tax_advantage: 198.0; avg_entropy: 0.18814095214474946; random_action_prob: 0.1657; random_exploration_count: 23; saved_snapshots: 0
form_subcorp 0.0 39
buy_stock 0.0 27
compensate_employees 0.5 23
liquidate_corp 0.8589743589743589 39
update_start: 83; random_action_prob: 0.1649
update_complete: 83; loss: 0.021047741174697876; cumulative_reward: 51.345959595959584; invalid_count: 0; positive_reward_count: 55; success_count: 25; episode_count: 28; dead_end_count: 3; best_tax_advantage: 198.0; avg_entropy: 0.2225255720259156; random_action_prob: 0.1649; random_exploration_count: 18; saved_snapshots: 0
form_subcorp 0.0 36
buy_stock 0.0 29
compensate_employees 0.49278499278499277 28
liquidate_corp 1.0727994227994229 35
update_start: 84; random_action_prob: 0.1641
update_complete: 84; loss: 0.03024267653624217; cumulative_reward: 45.0; invalid_count: 0; positive_reward_count: 46; success_count: 23; episode_count: 27; dead_end_count: 4; best_tax_advantage: 198.0; avg_entropy: 0.19021556017105468; random_action_prob: 0.1641; random_exploration_count: 20; saved_snapshots: 0
form_subcorp 0.0 39
buy_stock 0.0 27
compensate_employees 0.5 23
liquidate_corp 0.8589743589743589 39
update_start: 85; random_action_prob: 0.1633
update_complete: 85; loss: 0.04527898505330086; cumulative_reward: 42.16414141414141; invalid_count: 0; positive_reward_count: 47; success_count: 21; episode_count: 25; dead_end_count: 3; best_tax_advantage: 198.0; avg_entropy: 0.24713995839556446; random_action_prob: 0.1633; random_exploration_count: 26; saved_snapshots: 0
form_subcorp 0.0 39
buy_stock 0.0 26
compensate_employees 0.439005439005439 26
liquidate_corp 0.831081081081081 37
update_start: 86; random_action_prob: 0.1625
update_complete: 86; loss: 0.004565265650550525; cumulative_reward: 46.42424242424242; invalid_count: 0; positive_reward_count: 52; success_count: 23; episode_count: 24; dead_end_count: 0; best_tax_advantage: 198.0; avg_entropy: 0.21864358570746845; random_action_prob: 0.1625; random_exploration_count: 21; saved_snapshots: 0
form_subcorp 0.0 38
buy_stock 0.0 25
compensate_employees 0.41118077324973873 29
liquidate_corp 0.9583333333333334 36
update_start: 87; random_action_prob: 0.1616
update_complete: 87; loss: 0.032961330066124596; cumulative_reward: 35.42424242424242; invalid_count: 0; positive_reward_count: 38; success_count: 18; episode_count: 22; dead_end_count: 4; best_tax_advantage: 198.0; avg_entropy: 0.26409575093566673; random_action_prob: 0.1616; random_exploration_count: 18; saved_snapshots: 0
form_subcorp 0.0 43
buy_stock 0.0 23
compensate_employees 0.46060606060606063 20
liquidate_corp 0.624098124098124 42
update_start: 88; random_action_prob: 0.1608
update_complete: 88; loss: 0.061860733975966774; cumulative_reward: 35.25; invalid_count: 0; positive_reward_count: 36; success_count: 18; episode_count: 23; dead_end_count: 3; best_tax_advantage: 198.0; avg_entropy: 0.23707418431149563; random_action_prob: 0.1608; random_exploration_count: 28; saved_snapshots: 0
form_subcorp 0.0 45
buy_stock 0.0 22
compensate_employees 0.5 18
liquidate_corp 0.6104651162790697 43
update_start: 89; random_action_prob: 0.1600
update_complete: 89; loss: 0.029857654124498367; cumulative_reward: 33.75; invalid_count: 0; positive_reward_count: 34; success_count: 17; episode_count: 21; dead_end_count: 1; best_tax_advantage: 198.0; avg_entropy: 0.2140007543930551; random_action_prob: 0.1600; random_exploration_count: 19; saved_snapshots: 0
form_subcorp 0.0 47
buy_stock 0.0 20
compensate_employees 0.5 17
liquidate_corp 0.5738636363636364 44
update_start: 90; random_action_prob: 0.1592
update_complete: 90; loss: 0.041513836632172264; cumulative_reward: 34.72222222222222; invalid_count: 0; positive_reward_count: 41; success_count: 17; episode_count: 22; dead_end_count: 2; best_tax_advantage: 198.0; avg_entropy: 0.24679704324080376; random_action_prob: 0.1592; random_exploration_count: 17; saved_snapshots: 0
form_subcorp 0.0 43
buy_stock 0.0 23
compensate_employees 0.4051383399209486 23
liquidate_corp 0.6513856513856514 39
update_start: 91; random_action_prob: 0.1584
update_complete: 91; loss: 0.02193916371713082; cumulative_reward: 38.31818181818182; invalid_count: 0; positive_reward_count: 42; success_count: 19; episode_count: 23; dead_end_count: 2; best_tax_advantage: 198.0; avg_entropy: 0.22599063094094163; random_action_prob: 0.1584; random_exploration_count: 15; saved_snapshots: 0
form_subcorp 0.0 42
buy_stock 0.0 24
compensate_employees 0.4504132231404958 22
liquidate_corp 0.7102272727272727 40
update_start: 92; random_action_prob: 0.1576
update_complete: 92; loss: 0.026057128173609573; cumulative_reward: 45.13636363636364; invalid_count: 0; positive_reward_count: 52; success_count: 22; episode_count: 24; dead_end_count: 2; best_tax_advantage: 198.0; avg_entropy: 0.2468743615972926; random_action_prob: 0.1576; random_exploration_count: 22; saved_snapshots: 0
form_subcorp 0.0 38
buy_stock 0.0 25
compensate_employees 0.4220779220779221 28
liquidate_corp 0.9004914004914005 37
update_start: 93; random_action_prob: 0.1569
update_complete: 93; loss: 0.07378334055344264; cumulative_reward: 43.82323232323232; invalid_count: 0; positive_reward_count: 48; success_count: 22; episode_count: 25; dead_end_count: 2; best_tax_advantage: 198.0; avg_entropy: 0.21907340103643946; random_action_prob: 0.1569; random_exploration_count: 20; saved_snapshots: 0
form_subcorp 0.0 39
buy_stock 0.0 25
compensate_employees 0.43550893550893555 26
liquidate_corp 0.8552631578947368 38
update_start: 94; random_action_prob: 0.1561
update_complete: 94; loss: 0.07360957811276118; cumulative_reward: 33.05808080808081; invalid_count: 0; positive_reward_count: 38; success_count: 17; episode_count: 28; dead_end_count: 9; best_tax_advantage: 198.0; avg_entropy: 0.25475881007150747; random_action_prob: 0.1561; random_exploration_count: 32; saved_snapshots: 0
form_subcorp 0.0 41
buy_stock 0.0 29
compensate_employees 0.47020202020202023 20
liquidate_corp 0.6224747474747475 38
update_start: 95; random_action_prob: 0.1553
update_complete: 95; loss: 0.0870440478126208; cumulative_reward: 41.57323232323232; invalid_count: 0; positive_reward_count: 57; success_count: 20; episode_count: 27; dead_end_count: 7; best_tax_advantage: 198.0; avg_entropy: 0.2468270902754739; random_action_prob: 0.1553; random_exploration_count: 19; saved_snapshots: 0
form_subcorp 0.0 34
buy_stock 0.0 27
compensate_employees 0.35338230792776243 33
liquidate_corp 0.8797534165181224 34
update_start: 96; random_action_prob: 0.1545
update_complete: 96; loss: 0.04899758597215017; cumulative_reward: 50.30808080808081; invalid_count: 0; positive_reward_count: 53; success_count: 25; episode_count: 27; dead_end_count: 2; best_tax_advantage: 198.0; avg_entropy: 0.18935579614480957; random_action_prob: 0.1545; random_exploration_count: 22; saved_snapshots: 0
form_subcorp 0.0 37
buy_stock 0.0 28
compensate_employees 0.47792742237186686 27
liquidate_corp 1.0390011223344555 36
update_start: 97; random_action_prob: 0.1537
update_complete: 97; loss: 0.038976725190877914; cumulative_reward: 44.356060606060595; invalid_count: 0; positive_reward_count: 49; success_count: 22; episode_count: 27; dead_end_count: 5; best_tax_advantage: 198.0; avg_entropy: 0.24002732004737481; random_action_prob: 0.1537; random_exploration_count: 27; saved_snapshots: 0
form_subcorp 0.0 38
buy_stock 0.0 27
compensate_employees 0.4721212121212121 25
liquidate_corp 0.856658692185008 38
update_start: 98; random_action_prob: 0.1530
update_complete: 98; loss: 0.1084417775273323; cumulative_reward: 42.99242424242424; invalid_count: 0; positive_reward_count: 50; success_count: 21; episode_count: 23; dead_end_count: 1; best_tax_advantage: 198.0; avg_entropy: 0.24288449429150205; random_action_prob: 0.1530; random_exploration_count: 23; saved_snapshots: 0
form_subcorp 0.0 39
buy_stock 0.0 24
compensate_employees 0.40476190476190477 28
liquidate_corp 0.8556511056511057 37
update_start: 99; random_action_prob: 0.1522
update_complete: 99; loss: 0.041405742367108665; cumulative_reward: 44.2979797979798; invalid_count: 0; positive_reward_count: 46; success_count: 22; episode_count: 24; dead_end_count: 2; best_tax_advantage: 198.0; avg_entropy: 0.2196697193867294; random_action_prob: 0.1522; random_exploration_count: 29; saved_snapshots: 0
form_subcorp 0.0 41
buy_stock 0.0 24
compensate_employees 0.49560825647782175 23
liquidate_corp 0.8224747474747474 40
2026-07-10T16:44:32 completed subsidiary_stock_comp run=0 elapsed_seconds=719.53 updates_logged=100
2026-07-10T16:44:32 running subsidiary_stock_comp run=1 seed=1730
update_start: 0; random_action_prob: 0.2500
update_complete: 0; loss: 1.053035855293274; cumulative_reward: 0.18939393939393956; invalid_count: 0; positive_reward_count: 13; success_count: 1; episode_count: 24; dead_end_count: 19; best_tax_advantage: 198.0; avg_entropy: 0.45703359553590417; random_action_prob: 0.2500; random_exploration_count: 32; saved_snapshots: 0
form_subcorp 0.0 50
buy_stock 0.0 21
compensate_employees 0.22502805836139167 9
liquidate_corp -0.03824705387205387 48
update_start: 1; random_action_prob: 0.2487
update_complete: 1; loss: 0.19943940391143164; cumulative_reward: 7.659090909090908; invalid_count: 0; positive_reward_count: 28; success_count: 5; episode_count: 30; dead_end_count: 25; best_tax_advantage: 198.0; avg_entropy: 0.5447919606231153; random_action_prob: 0.2487; random_exploration_count: 30; saved_snapshots: 0
form_subcorp 0.0 40
buy_stock 0.0 30
compensate_employees 0.24747474747474746 18
liquidate_corp 0.08011363636363636 40
update_start: 2; random_action_prob: 0.2475
update_complete: 2; loss: 0.07754916449387868; cumulative_reward: 13.510101010101014; invalid_count: 0; positive_reward_count: 45; success_count: 6; episode_count: 23; dead_end_count: 12; best_tax_advantage: 198.0; avg_entropy: 0.6577480831183493; random_action_prob: 0.2475; random_exploration_count: 31; saved_snapshots: 0
form_subcorp 0.0 37
buy_stock 0.0 24
compensate_employees 0.16250742721330957 34
liquidate_corp 0.24196510560146922 33
update_start: 3; random_action_prob: 0.2463
update_complete: 3; loss: 0.1699845865368843; cumulative_reward: 21.60606060606061; invalid_count: 0; positive_reward_count: 51; success_count: 9; episode_count: 24; dead_end_count: 12; best_tax_advantage: 198.0; avg_entropy: 0.5405420563183725; random_action_prob: 0.2463; random_exploration_count: 36; saved_snapshots: 0
form_subcorp 0.0 35
buy_stock 0.0 24
compensate_employees 0.22294372294372294 35
liquidate_corp 0.40597147950089124 34
update_start: 4; random_action_prob: 0.2450
update_complete: 4; loss: 0.19980079929033914; cumulative_reward: 20.28030303030303; invalid_count: 0; positive_reward_count: 31; success_count: 10; episode_count: 22; dead_end_count: 7; best_tax_advantage: 198.0; avg_entropy: 0.40995715046301484; random_action_prob: 0.2450; random_exploration_count: 42; saved_snapshots: 0
form_subcorp 0.0 46
buy_stock 0.0 22
compensate_employees 0.3277511961722488 19
liquidate_corp 0.3427568366592757 41
update_start: 5; random_action_prob: 0.2438
update_complete: 5; loss: 0.15964795152346292; cumulative_reward: 36.550505050505045; invalid_count: 0; positive_reward_count: 45; success_count: 18; episode_count: 24; dead_end_count: 6; best_tax_advantage: 198.0; avg_entropy: 0.3614321213681251; random_action_prob: 0.2438; random_exploration_count: 33; saved_snapshots: 0
form_subcorp 0.0 40
buy_stock 0.0 24
compensate_employees 0.40101010101010104 25
liquidate_corp 0.6801346801346801 39
update_start: 6; random_action_prob: 0.2426
update_complete: 6; loss: 0.22637187937895456; cumulative_reward: 30.482323232323232; invalid_count: 0; positive_reward_count: 36; success_count: 15; episode_count: 23; dead_end_count: 5; best_tax_advantage: 198.0; avg_entropy: 0.3555528027936816; random_action_prob: 0.2426; random_exploration_count: 27; saved_snapshots: 0
form_subcorp 0.0 44
buy_stock 0.0 22
compensate_employees 0.4308080808080808 20
liquidate_corp 0.5206228956228957 42
update_start: 7; random_action_prob: 0.2414
update_complete: 7; loss: 0.14764023820559183; cumulative_reward: 38.43181818181821; invalid_count: 0; positive_reward_count: 64; success_count: 18; episode_count: 23; dead_end_count: 1; best_tax_advantage: 198.0; avg_entropy: 0.4293812892283313; random_action_prob: 0.2414; random_exploration_count: 25; saved_snapshots: 0
form_subcorp 0.0 32
buy_stock 0.0 24
compensate_employees 0.24862258953168045 44
liquidate_corp 0.9818722943722944 28
update_start: 8; random_action_prob: 0.2402
update_complete: 8; loss: 0.059450568010409675; cumulative_reward: 34.67171717171718; invalid_count: 0; positive_reward_count: 47; success_count: 17; episode_count: 25; dead_end_count: 6; best_tax_advantage: 198.0; avg_entropy: 0.37495058588683605; random_action_prob: 0.2402; random_exploration_count: 33; saved_snapshots: 0
form_subcorp 0.0 38
buy_stock 0.0 26
compensate_employees 0.3481240981240981 28
liquidate_corp 0.6923400673400674 36
update_start: 9; random_action_prob: 0.2390
update_complete: 9; loss: 0.055656470358371735; cumulative_reward: 25.924242424242422; invalid_count: 0; positive_reward_count: 30; success_count: 13; episode_count: 21; dead_end_count: 2; best_tax_advantage: 198.0; avg_entropy: 0.3240339523181319; random_action_prob: 0.2390; random_exploration_count: 22; saved_snapshots: 0
form_subcorp 0.0 48
buy_stock 0.0 19
compensate_employees 0.40730837789661317 17
liquidate_corp 0.4318181818181818 44
update_start: 10; random_action_prob: 0.2378
update_complete: 10; loss: 0.053985245525836945; cumulative_reward: 40.78030303030303; invalid_count: 0; positive_reward_count: 51; success_count: 20; episode_count: 28; dead_end_count: 7; best_tax_advantage: 198.0; avg_entropy: 0.304587047547102; random_action_prob: 0.2378; random_exploration_count: 27; saved_snapshots: 0
form_subcorp 0.0 36
buy_stock 0.0 29
compensate_employees 0.40421455938697315 29
liquidate_corp 0.8546494355317885 34
update_start: 11; random_action_prob: 0.2366
update_complete: 11; loss: 0.05687951917449633; cumulative_reward: 33.81818181818182; invalid_count: 0; positive_reward_count: 38; success_count: 17; episode_count: 23; dead_end_count: 4; best_tax_advantage: 198.0; avg_entropy: 0.28070251317694783; random_action_prob: 0.2366; random_exploration_count: 29; saved_snapshots: 0
form_subcorp 0.0 43
buy_stock 0.0 24
compensate_employees 0.44545454545454544 20
liquidate_corp 0.6075388026607539 41
update_start: 12; random_action_prob: 0.2354
update_complete: 12; loss: 0.04564167186617851; cumulative_reward: 43.0; invalid_count: 0; positive_reward_count: 44; success_count: 22; episode_count: 27; dead_end_count: 4; best_tax_advantage: 198.0; avg_entropy: 0.2636716158594936; random_action_prob: 0.2354; random_exploration_count: 36; saved_snapshots: 0
form_subcorp 0.0 40
buy_stock 0.0 27
compensate_employees 0.5 22
liquidate_corp 0.8205128205128205 39
update_start: 13; random_action_prob: 0.2342
update_complete: 13; loss: 0.06158809115489324; cumulative_reward: 30.646464646464647; invalid_count: 0; positive_reward_count: 38; success_count: 16; episode_count: 26; dead_end_count: 8; best_tax_advantage: 198.0; avg_entropy: 0.3311174502305221; random_action_prob: 0.2342; random_exploration_count: 37; saved_snapshots: 0
form_subcorp 0.0 41
buy_stock 0.0 25
compensate_employees 0.3875114784205694 22
liquidate_corp 0.553030303030303 40
update_start: 14; random_action_prob: 0.2331
update_complete: 14; loss: 0.07780819137891133; cumulative_reward: 30.050505050505052; invalid_count: 0; positive_reward_count: 38; success_count: 15; episode_count: 21; dead_end_count: 4; best_tax_advantage: 198.0; avg_entropy: 0.3211037562577985; random_action_prob: 0.2331; random_exploration_count: 30; saved_snapshots: 0
form_subcorp 0.0 44
buy_stock 0.0 21
compensate_employees 0.3696051423324151 22
liquidate_corp 0.5346144370534615 41
update_start: 15; random_action_prob: 0.2319
update_complete: 15; loss: 0.06229855616887411; cumulative_reward: 40.59848484848486; invalid_count: 0; positive_reward_count: 45; success_count: 20; episode_count: 23; dead_end_count: 1; best_tax_advantage: 198.0; avg_entropy: 0.25099024845985696; random_action_prob: 0.2319; random_exploration_count: 22; saved_snapshots: 0
form_subcorp 0.0 42
buy_stock 0.0 22
compensate_employees 0.4343434343434343 24
liquidate_corp 0.7543560606060606 40
update_start: 16; random_action_prob: 0.2307
update_complete: 16; loss: 0.09371680269638698; cumulative_reward: 39.24242424242424; invalid_count: 0; positive_reward_count: 46; success_count: 20; episode_count: 28; dead_end_count: 8; best_tax_advantage: 198.0; avg_entropy: 0.2720416494703386; random_action_prob: 0.2307; random_exploration_count: 31; saved_snapshots: 0
form_subcorp 0.0 38
buy_stock 0.0 28
compensate_employees 0.42484848484848486 25
liquidate_corp 0.7735462735462736 37
update_start: 17; random_action_prob: 0.2296
update_complete: 17; loss: 0.08380407840013504; cumulative_reward: 40.68434343434343; invalid_count: 0; positive_reward_count: 45; success_count: 21; episode_count: 28; dead_end_count: 7; best_tax_advantage: 198.0; avg_entropy: 0.2184766712016426; random_action_prob: 0.2296; random_exploration_count: 25; saved_snapshots: 0
form_subcorp 0.0 38
buy_stock 0.0 28
compensate_employees 0.4465488215488216 24
liquidate_corp 0.7886097820308346 38
update_start: 18; random_action_prob: 0.2284
update_complete: 18; loss: 0.07212469975153606; cumulative_reward: 35.58838383838384; invalid_count: 0; positive_reward_count: 43; success_count: 18; episode_count: 26; dead_end_count: 7; best_tax_advantage: 198.0; avg_entropy: 0.2332327114418149; random_action_prob: 0.2284; random_exploration_count: 32; saved_snapshots: 0
form_subcorp 0.0 39
buy_stock 0.0 27
compensate_employees 0.4132996632996633 24
liquidate_corp 0.6755050505050505 38
update_start: 19; random_action_prob: 0.2273
update_complete: 19; loss: 0.07566507657368977; cumulative_reward: 36.868686868686865; invalid_count: 0; positive_reward_count: 52; success_count: 18; episode_count: 26; dead_end_count: 4; best_tax_advantage: 198.0; avg_entropy: 0.2743659452535212; random_action_prob: 0.2273; random_exploration_count: 42; saved_snapshots: 0
form_subcorp 0.0 37
buy_stock 0.0 26
compensate_employees 0.3172635445362718 33
liquidate_corp 0.8249684343434344 32
update_start: 20; random_action_prob: 0.2262
update_complete: 20; loss: 0.031102537798384827; cumulative_reward: 56.21212121212122; invalid_count: 0; positive_reward_count: 58; success_count: 28; episode_count: 30; dead_end_count: 2; best_tax_advantage: 198.0; avg_entropy: 0.13385331394238165; random_action_prob: 0.2262; random_exploration_count: 19; saved_snapshots: 0
form_subcorp 0.0 34
buy_stock 0.0 31
compensate_employees 0.48686868686868684 30
liquidate_corp 1.26078971533517 33
update_start: 21; random_action_prob: 0.2250
update_complete: 21; loss: 0.07901628315448761; cumulative_reward: 45.72474747474747; invalid_count: 0; positive_reward_count: 57; success_count: 22; episode_count: 28; dead_end_count: 5; best_tax_advantage: 198.0; avg_entropy: 0.2402897101128474; random_action_prob: 0.2250; random_exploration_count: 29; saved_snapshots: 0
form_subcorp 0.0 34
buy_stock 0.0 29
compensate_employees 0.3980429292929293 32
liquidate_corp 0.9996173859810223 33
update_start: 22; random_action_prob: 0.2239
update_complete: 22; loss: 0.057210523635149; cumulative_reward: 35.381313131313135; invalid_count: 0; positive_reward_count: 57; success_count: 16; episode_count: 26; dead_end_count: 7; best_tax_advantage: 198.0; avg_entropy: 0.3431634584994754; random_action_prob: 0.2239; random_exploration_count: 30; saved_snapshots: 0
form_subcorp 0.0 34
buy_stock 0.0 26
compensate_employees 0.3021885521885522 36
liquidate_corp 0.7657039141414141 32
update_start: 23; random_action_prob: 0.2228
update_complete: 23; loss: 0.07737887650728226; cumulative_reward: 46.608585858585855; invalid_count: 0; positive_reward_count: 53; success_count: 23; episode_count: 27; dead_end_count: 3; best_tax_advantage: 198.0; avg_entropy: 0.18079916865099221; random_action_prob: 0.2228; random_exploration_count: 26; saved_snapshots: 0
form_subcorp 0.0 36
buy_stock 0.0 28
compensate_employees 0.4285963079066527 29
liquidate_corp 0.9765512265512265 35
update_start: 24; random_action_prob: 0.2217
update_complete: 24; loss: 0.027009240662058193; cumulative_reward: 54.25; invalid_count: 0; positive_reward_count: 55; success_count: 27; episode_count: 28; dead_end_count: 1; best_tax_advantage: 198.0; avg_entropy: 0.1541579760669265; random_action_prob: 0.2217; random_exploration_count: 27; saved_snapshots: 0
form_subcorp 0.0 36
buy_stock 0.0 29
compensate_employees 0.5 28
liquidate_corp 1.15 35
update_start: 25; random_action_prob: 0.2206
update_complete: 25; loss: 0.05447579796115557; cumulative_reward: 47.25; invalid_count: 0; positive_reward_count: 48; success_count: 24; episode_count: 28; dead_end_count: 3; best_tax_advantage: 198.0; avg_entropy: 0.1924584542575758; random_action_prob: 0.2206; random_exploration_count: 24; saved_snapshots: 0
form_subcorp 0.0 39
buy_stock 0.0 28
compensate_employees 0.5 24
liquidate_corp 0.9527027027027027 37
update_start: 26; random_action_prob: 0.2195
update_complete: 26; loss: 0.04969748109579086; cumulative_reward: 42.62373737373737; invalid_count: 0; positive_reward_count: 55; success_count: 21; episode_count: 24; dead_end_count: 1; best_tax_advantage: 198.0; avg_entropy: 0.25933389567944687; random_action_prob: 0.2195; random_exploration_count: 25; saved_snapshots: 0
form_subcorp 0.0 36
buy_stock 0.0 25
compensate_employees 0.3345216874628639 34
liquidate_corp 0.946969696969697 33
update_start: 27; random_action_prob: 0.2184
update_complete: 27; loss: 0.031743242094914116; cumulative_reward: 46.232323232323225; invalid_count: 0; positive_reward_count: 55; success_count: 23; episode_count: 28; dead_end_count: 4; best_tax_advantage: 198.0; avg_entropy: 0.20211625093361363; random_action_prob: 0.2184; random_exploration_count: 24; saved_snapshots: 0
form_subcorp 0.0 35
buy_stock 0.0 28
compensate_employees 0.39768654284783317 31
liquidate_corp 0.9971776589423648 34
update_start: 28; random_action_prob: 0.2173
update_complete: 28; loss: 0.0744627018769582; cumulative_reward: 43.17424242424242; invalid_count: 0; positive_reward_count: 50; success_count: 22; episode_count: 28; dead_end_count: 5; best_tax_advantage: 198.0; avg_entropy: 0.15568844829249429; random_action_prob: 0.2173; random_exploration_count: 26; saved_snapshots: 0
form_subcorp 0.0 37
buy_stock 0.0 28
compensate_employees 0.408008658008658 28
liquidate_corp 0.9071428571428571 35
update_start: 29; random_action_prob: 0.2162
update_complete: 29; loss: 0.021418983737627666; cumulative_reward: 47.53030303030303; invalid_count: 0; positive_reward_count: 56; success_count: 23; episode_count: 28; dead_end_count: 2; best_tax_advantage: 198.0; avg_entropy: 0.16032158648886252; random_action_prob: 0.2162; random_exploration_count: 27; saved_snapshots: 0
form_subcorp 0.0 36
buy_stock 0.0 28
compensate_employees 0.4103942652329749 31
liquidate_corp 1.0547903275176003 33
update_start: 30; random_action_prob: 0.2151
update_complete: 30; loss: 0.08017077545324962; cumulative_reward: 48.65151515151514; invalid_count: 0; positive_reward_count: 61; success_count: 24; episode_count: 29; dead_end_count: 4; best_tax_advantage: 198.0; avg_entropy: 0.1827547920111101; random_action_prob: 0.2151; random_exploration_count: 39; saved_snapshots: 0
form_subcorp 0.0 32
buy_stock 0.0 30
compensate_employees 0.36784511784511786 36
liquidate_corp 1.1803030303030302 30
update_start: 31; random_action_prob: 0.2140
update_complete: 31; loss: 0.03573030357559522; cumulative_reward: 48.57828282828283; invalid_count: 0; positive_reward_count: 55; success_count: 24; episode_count: 29; dead_end_count: 5; best_tax_advantage: 198.0; avg_entropy: 0.1792173713329248; random_action_prob: 0.2140; random_exploration_count: 38; saved_snapshots: 0
form_subcorp 0.0 35
buy_stock 0.0 29
compensate_employees 0.4453152211772901 29
liquidate_corp 1.0189754689754689 35
update_start: 32; random_action_prob: 0.2130
update_complete: 32; loss: 0.02596156547466914; cumulative_reward: 53.56818181818182; invalid_count: 0; positive_reward_count: 58; success_count: 27; episode_count: 32; dead_end_count: 5; best_tax_advantage: 198.0; avg_entropy: 0.1318966448889114; random_action_prob: 0.2130; random_exploration_count: 23; saved_snapshots: 0
form_subcorp 0.0 33
buy_stock 0.0 32
compensate_employees 0.4636363636363636 30
liquidate_corp 1.2017906336088153 33
update_start: 33; random_action_prob: 0.2119
update_complete: 33; loss: 0.03343300645550092; cumulative_reward: 49.848484848484844; invalid_count: 0; positive_reward_count: 55; success_count: 25; episode_count: 29; dead_end_count: 4; best_tax_advantage: 198.0; avg_entropy: 0.11390449761529453; random_action_prob: 0.2119; random_exploration_count: 23; saved_snapshots: 0
form_subcorp 0.0 35
buy_stock 0.0 30
compensate_employees 0.4456635318704284 29
liquidate_corp 1.0860071301247771 34
update_start: 34; random_action_prob: 0.2108
update_complete: 34; loss: 0.07197916756073634; cumulative_reward: 45.89646464646466; invalid_count: 0; positive_reward_count: 53; success_count: 23; episode_count: 30; dead_end_count: 7; best_tax_advantage: 198.0; avg_entropy: 0.18298542755655944; random_action_prob: 0.2108; random_exploration_count: 28; saved_snapshots: 0
form_subcorp 0.0 35
buy_stock 0.0 31
compensate_employees 0.4401154401154401 28
liquidate_corp 0.9874480095068331 34
update_start: 35; random_action_prob: 0.2098
update_complete: 35; loss: 0.05022754023472468; cumulative_reward: 44.6969696969697; invalid_count: 0; positive_reward_count: 58; success_count: 22; episode_count: 30; dead_end_count: 8; best_tax_advantage: 198.0; avg_entropy: 0.23793816834222525; random_action_prob: 0.2098; random_exploration_count: 27; saved_snapshots: 0
form_subcorp 0.0 33
buy_stock 0.0 30
compensate_employees 0.3741965105601469 33
liquidate_corp 1.0108901515151516 32
update_start: 36; random_action_prob: 0.2087
update_complete: 36; loss: 0.0360550731420517; cumulative_reward: 46.03030303030303; invalid_count: 0; positive_reward_count: 53; success_count: 23; episode_count: 28; dead_end_count: 4; best_tax_advantage: 198.0; avg_entropy: 0.18794930877629668; random_action_prob: 0.2087; random_exploration_count: 17; saved_snapshots: 0
form_subcorp 0.0 36
buy_stock 0.0 29
compensate_employees 0.41814698711250436 29
liquidate_corp 0.9971776589423648 34
update_start: 37; random_action_prob: 0.2077
update_complete: 37; loss: 0.07332733025153478; cumulative_reward: 38.3939393939394; invalid_count: 0; positive_reward_count: 45; success_count: 19; episode_count: 29; dead_end_count: 10; best_tax_advantage: 198.0; avg_entropy: 0.24754125243634917; random_action_prob: 0.2077; random_exploration_count: 31; saved_snapshots: 0
form_subcorp 0.0 38
buy_stock 0.0 30
compensate_employees 0.4868247694334651 23
liquidate_corp 0.735053235053235 37
update_start: 38; random_action_prob: 0.2066
update_complete: 38; loss: 0.05223869221905867; cumulative_reward: 52.0; invalid_count: 0; positive_reward_count: 52; success_count: 26; episode_count: 26; dead_end_count: 0; best_tax_advantage: 198.0; avg_entropy: 0.17021816910710186; random_action_prob: 0.2066; random_exploration_count: 22; saved_snapshots: 0
form_subcorp 0.0 38
buy_stock 0.0 26
compensate_employees 0.5 26
liquidate_corp 1.0263157894736843 38
update_start: 39; random_action_prob: 0.2056
update_complete: 39; loss: 0.09541386117537816; cumulative_reward: 53.79797979797979; invalid_count: 0; positive_reward_count: 56; success_count: 27; episode_count: 31; dead_end_count: 4; best_tax_advantage: 198.0; avg_entropy: 0.18683636194327846; random_action_prob: 0.2056; random_exploration_count: 30; saved_snapshots: 0
form_subcorp 0.0 35
buy_stock 0.0 31
compensate_employees 0.49639249639249644 28
liquidate_corp 1.1734997029114675 34
update_start: 40; random_action_prob: 0.2046
update_complete: 40; loss: 0.09667411943276723; cumulative_reward: 41.06060606060607; invalid_count: 0; positive_reward_count: 56; success_count: 19; episode_count: 27; dead_end_count: 8; best_tax_advantage: 198.0; avg_entropy: 0.3080418632598594; random_action_prob: 0.2046; random_exploration_count: 32; saved_snapshots: 0
form_subcorp 0.0 35
buy_stock 0.0 28
compensate_employees 0.3914956011730205 31
liquidate_corp 0.8507130124777184 34
update_start: 41; random_action_prob: 0.2036
update_complete: 41; loss: 0.08289113640785217; cumulative_reward: 49.07323232323232; invalid_count: 0; positive_reward_count: 54; success_count: 25; episode_count: 31; dead_end_count: 5; best_tax_advantage: 198.0; avg_entropy: 0.18662909441627562; random_action_prob: 0.2036; random_exploration_count: 32; saved_snapshots: 0
form_subcorp 0.0 35
buy_stock 0.0 31
compensate_employees 0.44218042493904564 29
liquidate_corp 1.0984848484848484 33
update_start: 42; random_action_prob: 0.2025
update_complete: 42; loss: 0.0737618791560332; cumulative_reward: 46.49242424242425; invalid_count: 0; positive_reward_count: 55; success_count: 23; episode_count: 30; dead_end_count: 7; best_tax_advantage: 198.0; avg_entropy: 0.21380404685623944; random_action_prob: 0.2025; random_exploration_count: 22; saved_snapshots: 0
form_subcorp 0.0 35
buy_stock 0.0 30
compensate_employees 0.43521421107628006 29
liquidate_corp 0.9962121212121213 34
update_start: 43; random_action_prob: 0.2015
update_complete: 43; loss: 0.03636774358650049; cumulative_reward: 50.70454545454546; invalid_count: 0; positive_reward_count: 58; success_count: 25; episode_count: 29; dead_end_count: 3; best_tax_advantage: 198.0; avg_entropy: 0.23309254844207317; random_action_prob: 0.2015; random_exploration_count: 30; saved_snapshots: 0
form_subcorp 0.0 34
buy_stock 0.0 29
compensate_employees 0.4266862170087976 31
liquidate_corp 1.1022727272727273 34
update_start: 44; random_action_prob: 0.2005
update_complete: 44; loss: 0.07181177039941151; cumulative_reward: 39.99242424242425; invalid_count: 0; positive_reward_count: 50; success_count: 20; episode_count: 31; dead_end_count: 11; best_tax_advantage: 198.0; avg_entropy: 0.22967855265596882; random_action_prob: 0.2005; random_exploration_count: 33; saved_snapshots: 0
form_subcorp 0.0 35
buy_stock 0.0 32
compensate_employees 0.43041526374859707 27
liquidate_corp 0.8344474153297683 34
update_start: 45; random_action_prob: 0.1995
update_complete: 45; loss: 0.051988632728656135; cumulative_reward: 47.810606060606055; invalid_count: 0; positive_reward_count: 54; success_count: 24; episode_count: 29; dead_end_count: 5; best_tax_advantage: 198.0; avg_entropy: 0.21489535452565178; random_action_prob: 0.1995; random_exploration_count: 21; saved_snapshots: 0
form_subcorp 0.0 35
buy_stock 0.0 29
compensate_employees 0.4320794148380356 29
liquidate_corp 1.008008658008658 35
update_start: 46; random_action_prob: 0.1985
update_complete: 46; loss: 0.057176111886898674; cumulative_reward: 46.12626262626262; invalid_count: 0; positive_reward_count: 53; success_count: 23; episode_count: 29; dead_end_count: 6; best_tax_advantage: 198.0; avg_entropy: 0.19415123693761416; random_action_prob: 0.1985; random_exploration_count: 23; saved_snapshots: 0
form_subcorp 0.0 36
buy_stock 0.0 29
compensate_employees 0.43975468975468973 28
liquidate_corp 0.9660894660894661 35
update_start: 47; random_action_prob: 0.1975
update_complete: 47; loss: 0.05724241708715757; cumulative_reward: 41.01262626262626; invalid_count: 0; positive_reward_count: 52; success_count: 20; episode_count: 27; dead_end_count: 7; best_tax_advantage: 198.0; avg_entropy: 0.24034851288888603; random_action_prob: 0.1975; random_exploration_count: 30; saved_snapshots: 0
form_subcorp 0.0 36
buy_stock 0.0 28
compensate_employees 0.4010797631487287 29
liquidate_corp 0.8394660894660895 35
update_start: 48; random_action_prob: 0.1965
update_complete: 48; loss: 0.03367178266247114; cumulative_reward: 49.40656565656566; invalid_count: 0; positive_reward_count: 56; success_count: 24; episode_count: 26; dead_end_count: 1; best_tax_advantage: 198.0; avg_entropy: 0.23600093222921714; random_action_prob: 0.1965; random_exploration_count: 22; saved_snapshots: 0
form_subcorp 0.0 36
buy_stock 0.0 26
compensate_employees 0.4276094276094276 30
liquidate_corp 1.0160634118967453 36
update_start: 49; random_action_prob: 0.1956
update_complete: 49; loss: 0.04780606801311175; cumulative_reward: 40.60606060606061; invalid_count: 0; positive_reward_count: 46; success_count: 20; episode_count: 26; dead_end_count: 6; best_tax_advantage: 198.0; avg_entropy: 0.21496014231524896; random_action_prob: 0.1956; random_exploration_count: 28; saved_snapshots: 0
form_subcorp 0.0 39
buy_stock 0.0 27
compensate_employees 0.47095959595959597 24
liquidate_corp 0.7711323763955343 38
update_start: 50; random_action_prob: 0.1946
update_complete: 50; loss: 0.0852465604742368; cumulative_reward: 51.05808080808081; invalid_count: 0; positive_reward_count: 54; success_count: 25; episode_count: 26; dead_end_count: 1; best_tax_advantage: 198.0; avg_entropy: 0.18666619493160397; random_action_prob: 0.1946; random_exploration_count: 26; saved_snapshots: 0
form_subcorp 0.0 37
buy_stock 0.0 27
compensate_employees 0.47871572871572876 28
liquidate_corp 1.0459455667789 36
update_start: 51; random_action_prob: 0.1936
update_complete: 51; loss: 0.11053031434615453; cumulative_reward: 35.36363636363638; invalid_count: 0; positive_reward_count: 47; success_count: 18; episode_count: 27; dead_end_count: 8; best_tax_advantage: 198.0; avg_entropy: 0.2676416560134385; random_action_prob: 0.1936; random_exploration_count: 30; saved_snapshots: 0
form_subcorp 0.0 37
buy_stock 0.0 28
compensate_employees 0.35173160173160173 28
liquidate_corp 0.729004329004329 35
update_start: 52; random_action_prob: 0.1926
update_complete: 52; loss: 0.08757143964370091; cumulative_reward: 44.252525252525245; invalid_count: 0; positive_reward_count: 54; success_count: 22; episode_count: 27; dead_end_count: 4; best_tax_advantage: 198.0; avg_entropy: 0.28107786508917343; random_action_prob: 0.1926; random_exploration_count: 26; saved_snapshots: 0
form_subcorp 0.0 36
buy_stock 0.0 27
compensate_employees 0.38204626914304335 31
liquidate_corp 0.9532085561497325 34
update_start: 53; random_action_prob: 0.1917
update_complete: 53; loss: 0.038504390666882195; cumulative_reward: 36.62121212121211; invalid_count: 0; positive_reward_count: 42; success_count: 18; episode_count: 22; dead_end_count: 2; best_tax_advantage: 198.0; avg_entropy: 0.28691740191425197; random_action_prob: 0.1917; random_exploration_count: 23; saved_snapshots: 0
form_subcorp 0.0 43
buy_stock 0.0 22
compensate_employees 0.4227053140096618 23
liquidate_corp 0.6724747474747474 40
update_start: 54; random_action_prob: 0.1907
update_complete: 54; loss: 0.047233808785676956; cumulative_reward: 35.5; invalid_count: 0; positive_reward_count: 36; success_count: 18; episode_count: 24; dead_end_count: 2; best_tax_advantage: 198.0; avg_entropy: 0.24980891271843575; random_action_prob: 0.1907; random_exploration_count: 20; saved_snapshots: 0
form_subcorp 0.0 45
buy_stock 0.0 22
compensate_employees 0.5 18
liquidate_corp 0.6162790697674418 43
update_start: 55; random_action_prob: 0.1898
update_complete: 55; loss: 0.03452680135766665; cumulative_reward: 38.464646464646464; invalid_count: 0; positive_reward_count: 51; success_count: 19; episode_count: 25; dead_end_count: 4; best_tax_advantage: 198.0; avg_entropy: 0.2899975675099995; random_action_prob: 0.1898; random_exploration_count: 26; saved_snapshots: 0
form_subcorp 0.0 37
buy_stock 0.0 26
compensate_employees 0.3403388725969371 31
liquidate_corp 0.8210041592394534 34
update_start: 56; random_action_prob: 0.1888
update_complete: 56; loss: 0.04567252968748411; cumulative_reward: 38.27272727272727; invalid_count: 0; positive_reward_count: 49; success_count: 19; episode_count: 25; dead_end_count: 4; best_tax_advantage: 198.0; avg_entropy: 0.22957007336117385; random_action_prob: 0.1888; random_exploration_count: 27; saved_snapshots: 0
form_subcorp 0.0 38
buy_stock 0.0 26
compensate_employees 0.3568443051201672 29
liquidate_corp 0.7978354978354979 35
update_start: 57; random_action_prob: 0.1879
update_complete: 57; loss: 0.056006114929914474; cumulative_reward: 49.32828282828283; invalid_count: 0; positive_reward_count: 55; success_count: 25; episode_count: 31; dead_end_count: 6; best_tax_advantage: 198.0; avg_entropy: 0.16938425131957047; random_action_prob: 0.1879; random_exploration_count: 24; saved_snapshots: 0
form_subcorp 0.0 34
buy_stock 0.0 31
compensate_employees 0.4453152211772901 29
liquidate_corp 1.0710041592394532 34
update_start: 58; random_action_prob: 0.1869
update_complete: 58; loss: 0.03973389541109403; cumulative_reward: 53.92424242424242; invalid_count: 0; positive_reward_count: 60; success_count: 27; episode_count: 30; dead_end_count: 2; best_tax_advantage: 198.0; avg_entropy: 0.12950935983099043; random_action_prob: 0.1869; random_exploration_count: 19; saved_snapshots: 0
form_subcorp 0.0 33
buy_stock 0.0 30
compensate_employees 0.4219467401285583 33
liquidate_corp 1.25 32
update_start: 59; random_action_prob: 0.1860
update_complete: 59; loss: 0.04885864878694216; cumulative_reward: 53.5; invalid_count: 0; positive_reward_count: 54; success_count: 27; episode_count: 30; dead_end_count: 2; best_tax_advantage: 198.0; avg_entropy: 0.13063543717726134; random_action_prob: 0.1860; random_exploration_count: 23; saved_snapshots: 0
form_subcorp 0.0 36
buy_stock 0.0 30
compensate_employees 0.5 27
liquidate_corp 1.1428571428571428 35
update_start: 60; random_action_prob: 0.1851
update_complete: 60; loss: 0.04275038962562879; cumulative_reward: 47.93434343434343; invalid_count: 0; positive_reward_count: 54; success_count: 24; episode_count: 28; dead_end_count: 2; best_tax_advantage: 198.0; avg_entropy: 0.14258677669567987; random_action_prob: 0.1851; random_exploration_count: 23; saved_snapshots: 0
form_subcorp 0.0 36
buy_stock 0.0 28
compensate_employees 0.4144781144781145 30
liquidate_corp 1.0441176470588236 34
update_start: 61; random_action_prob: 0.1841
update_complete: 61; loss: 0.0161769346644481; cumulative_reward: 46.010101010101; invalid_count: 0; positive_reward_count: 67; success_count: 22; episode_count: 27; dead_end_count: 2; best_tax_advantage: 198.0; avg_entropy: 0.18711281826836057; random_action_prob: 0.1841; random_exploration_count: 17; saved_snapshots: 0
form_subcorp 0.0 30
buy_stock 0.0 28
compensate_employees 0.29775022956841135 44
liquidate_corp 1.2657342657342656 26
update_start: 62; random_action_prob: 0.1832
update_complete: 62; loss: 0.048984392235676445; cumulative_reward: 40.315656565656575; invalid_count: 0; positive_reward_count: 68; success_count: 19; episode_count: 26; dead_end_count: 3; best_tax_advantage: 198.0; avg_entropy: 0.2435473285295302; random_action_prob: 0.1832; random_exploration_count: 20; saved_snapshots: 0
form_subcorp 0.0 29
buy_stock 0.0 27
compensate_employees 0.2531565656565657 48
liquidate_corp 1.1735058922558923 24
update_start: 63; random_action_prob: 0.1823
update_complete: 63; loss: 0.031476606304446854; cumulative_reward: 47.32828282828283; invalid_count: 0; positive_reward_count: 53; success_count: 24; episode_count: 30; dead_end_count: 6; best_tax_advantage: 198.0; avg_entropy: 0.17310312029439956; random_action_prob: 0.1823; random_exploration_count: 24; saved_snapshots: 0
form_subcorp 0.0 35
buy_stock 0.0 30
compensate_employees 0.44336219336219335 28
liquidate_corp 0.9975468975468975 35
update_start: 64; random_action_prob: 0.1814
update_complete: 64; loss: 0.045653668542702995; cumulative_reward: 42.31565656565657; invalid_count: 0; positive_reward_count: 55; success_count: 21; episode_count: 28; dead_end_count: 5; best_tax_advantage: 198.0; avg_entropy: 0.2062836741533829; random_action_prob: 0.1814; random_exploration_count: 28; saved_snapshots: 0
form_subcorp 0.0 35
buy_stock 0.0 28
compensate_employees 0.35338230792776243 33
liquidate_corp 0.9579387626262627 32
update_start: 65; random_action_prob: 0.1805
update_complete: 65; loss: 0.06512593850493431; cumulative_reward: 46.46212121212122; invalid_count: 0; positive_reward_count: 49; success_count: 24; episode_count: 31; dead_end_count: 7; best_tax_advantage: 198.0; avg_entropy: 0.15433154346828815; random_action_prob: 0.1805; random_exploration_count: 35; saved_snapshots: 0
form_subcorp 0.0 36
buy_stock 0.0 32
compensate_employees 0.4842424242424242 25
liquidate_corp 0.9816017316017317 35
update_start: 66; random_action_prob: 0.1796
update_complete: 66; loss: 0.06998116771380107; cumulative_reward: 55.25; invalid_count: 0; positive_reward_count: 56; success_count: 28; episode_count: 31; dead_end_count: 3; best_tax_advantage: 198.0; avg_entropy: 0.09754950084607117; random_action_prob: 0.1796; random_exploration_count: 25; saved_snapshots: 0
form_subcorp 0.0 35
buy_stock 0.0 31
compensate_employees 0.5 28
liquidate_corp 1.213235294117647 34
update_start: 67; random_action_prob: 0.1787
update_complete: 67; loss: 0.04705862825115522; cumulative_reward: 49.06565656565657; invalid_count: 0; positive_reward_count: 59; success_count: 24; episode_count: 29; dead_end_count: 4; best_tax_advantage: 198.0; avg_entropy: 0.16460381471551955; random_action_prob: 0.1787; random_exploration_count: 26; saved_snapshots: 0
form_subcorp 0.0 33
buy_stock 0.0 30
compensate_employees 0.40113253749617384 33
liquidate_corp 1.1196338383838385 32
update_start: 68; random_action_prob: 0.1778
update_complete: 68; loss: 0.03320314486821493; cumulative_reward: 56.0479797979798; invalid_count: 0; positive_reward_count: 58; success_count: 28; episode_count: 31; dead_end_count: 3; best_tax_advantage: 198.0; avg_entropy: 0.11439492170757148; random_action_prob: 0.1778; random_exploration_count: 24; saved_snapshots: 0
form_subcorp 0.0 34
buy_stock 0.0 31
compensate_employees 0.49651689306861724 29
liquidate_corp 1.2249702911467617 34
update_start: 69; random_action_prob: 0.1769
update_complete: 69; loss: 0.05773577839136124; cumulative_reward: 55.75; invalid_count: 0; positive_reward_count: 57; success_count: 28; episode_count: 31; dead_end_count: 3; best_tax_advantage: 198.0; avg_entropy: 0.10609375400235876; random_action_prob: 0.1769; random_exploration_count: 19; saved_snapshots: 0
form_subcorp 0.0 34
buy_stock 0.0 32
compensate_employees 0.5 29
liquidate_corp 1.25 33
update_start: 70; random_action_prob: 0.1760
update_complete: 70; loss: 0.10893504569927852; cumulative_reward: 41.26010101010101; invalid_count: 0; positive_reward_count: 56; success_count: 20; episode_count: 27; dead_end_count: 5; best_tax_advantage: 198.0; avg_entropy: 0.19760641135508195; random_action_prob: 0.1760; random_exploration_count: 25; saved_snapshots: 0
form_subcorp 0.0 34
buy_stock 0.0 28
compensate_employees 0.3431372549019608 34
liquidate_corp 0.9247948232323232 32
update_start: 71; random_action_prob: 0.1751
update_complete: 71; loss: 0.06111246719956398; cumulative_reward: 40.02272727272727; invalid_count: 0; positive_reward_count: 52; success_count: 20; episode_count: 29; dead_end_count: 9; best_tax_advantage: 198.0; avg_entropy: 0.20629540679510683; random_action_prob: 0.1751; random_exploration_count: 28; saved_snapshots: 0
form_subcorp 0.0 35
buy_stock 0.0 30
compensate_employees 0.384012539184953 29
liquidate_corp 0.8495989304812834 34
update_start: 72; random_action_prob: 0.1743
update_complete: 72; loss: 0.05153101993103822; cumulative_reward: 59.75; invalid_count: 0; positive_reward_count: 60; success_count: 30; episode_count: 31; dead_end_count: 1; best_tax_advantage: 198.0; avg_entropy: 0.07886205085378606; random_action_prob: 0.1743; random_exploration_count: 21; saved_snapshots: 0
form_subcorp 0.0 34
buy_stock 0.0 31
compensate_employees 0.5 30
liquidate_corp 1.356060606060606 33
update_start: 73; random_action_prob: 0.1734
update_complete: 73; loss: 0.07954940696557362; cumulative_reward: 50.618686868686865; invalid_count: 0; positive_reward_count: 59; success_count: 25; episode_count: 30; dead_end_count: 5; best_tax_advantage: 198.0; avg_entropy: 0.15543430659454316; random_action_prob: 0.1734; random_exploration_count: 20; saved_snapshots: 0
form_subcorp 0.0 33
buy_stock 0.0 31
compensate_employees 0.4198232323232323 32
liquidate_corp 1.1620107323232323 32
update_start: 74; random_action_prob: 0.1725
update_complete: 74; loss: 0.019866626399258774; cumulative_reward: 52.522727272727266; invalid_count: 0; positive_reward_count: 63; success_count: 26; episode_count: 30; dead_end_count: 3; best_tax_advantage: 198.0; avg_entropy: 0.13284766826836858; random_action_prob: 0.1725; random_exploration_count: 18; saved_snapshots: 0
form_subcorp 0.0 32
buy_stock 0.0 30
compensate_employees 0.3846801346801347 36
liquidate_corp 1.2891414141414141 30
update_start: 75; random_action_prob: 0.1717
update_complete: 75; loss: 0.08601364617546399; cumulative_reward: 48.85606060606061; invalid_count: 0; positive_reward_count: 51; success_count: 25; episode_count: 30; dead_end_count: 5; best_tax_advantage: 198.0; avg_entropy: 0.11709879182308214; random_action_prob: 0.1717; random_exploration_count: 21; saved_snapshots: 0
form_subcorp 0.0 36
buy_stock 0.0 31
compensate_employees 0.4848484848484848 26
liquidate_corp 1.0357142857142858 35
update_start: 76; random_action_prob: 0.1708
update_complete: 76; loss: 0.051257034142812095; cumulative_reward: 46.54040404040404; invalid_count: 0; positive_reward_count: 58; success_count: 23; episode_count: 30; dead_end_count: 6; best_tax_advantage: 198.0; avg_entropy: 0.19218915970122907; random_action_prob: 0.1708; random_exploration_count: 24; saved_snapshots: 0
form_subcorp 0.0 33
buy_stock 0.0 30
compensate_employees 0.38582797673706765 33
liquidate_corp 1.0565025252525253 32
update_start: 77; random_action_prob: 0.1699
update_complete: 77; loss: -0.0005692651805778345; cumulative_reward: 53.11868686868687; invalid_count: 0; positive_reward_count: 61; success_count: 26; episode_count: 29; dead_end_count: 3; best_tax_advantage: 198.0; avg_entropy: 0.1377105754072545; random_action_prob: 0.1699; random_exploration_count: 20; saved_snapshots: 0
form_subcorp 0.0 33
buy_stock 0.0 30
compensate_employees 0.4222528313437404 33
liquidate_corp 1.2245107323232323 32
update_start: 78; random_action_prob: 0.1691
update_complete: 78; loss: 0.057809448490540184; cumulative_reward: 48.64646464646466; invalid_count: 0; positive_reward_count: 56; success_count: 24; episode_count: 30; dead_end_count: 6; best_tax_advantage: 198.0; avg_entropy: 0.16188791622698773; random_action_prob: 0.1691; random_exploration_count: 17; saved_snapshots: 0
form_subcorp 0.0 34
buy_stock 0.0 31
compensate_employees 0.4441077441077441 30
liquidate_corp 1.0704009794918887 33
update_start: 79; random_action_prob: 0.1683
update_complete: 79; loss: 0.05464279775818189; cumulative_reward: 50.20454545454545; invalid_count: 0; positive_reward_count: 58; success_count: 25; episode_count: 30; dead_end_count: 5; best_tax_advantage: 198.0; avg_entropy: 0.19860269714263268; random_action_prob: 0.1683; random_exploration_count: 21; saved_snapshots: 0
form_subcorp 0.0 34
buy_stock 0.0 30
compensate_employees 0.4266862170087976 31
liquidate_corp 1.1205234159779613 33
update_start: 80; random_action_prob: 0.1674
update_complete: 80; loss: 0.16435824831326803; cumulative_reward: 47.79040404040404; invalid_count: 0; positive_reward_count: 54; success_count: 24; episode_count: 29; dead_end_count: 5; best_tax_advantage: 198.0; avg_entropy: 0.2693756821099669; random_action_prob: 0.1674; random_exploration_count: 32; saved_snapshots: 0
form_subcorp 0.0 35
buy_stock 0.0 29
compensate_employees 0.4317311041448973 29
liquidate_corp 1.0077200577200578 35
update_start: 81; random_action_prob: 0.1666
update_complete: 81; loss: 0.021475644161303837; cumulative_reward: 46.93939393939394; invalid_count: 0; positive_reward_count: 60; success_count: 23; episode_count: 27; dead_end_count: 4; best_tax_advantage: 198.0; avg_entropy: 0.23708420409820974; random_action_prob: 0.1666; random_exploration_count: 23; saved_snapshots: 0
form_subcorp 0.0 33
buy_stock 0.0 27
compensate_employees 0.35627705627705625 35
liquidate_corp 1.044536271808999 33
update_start: 82; random_action_prob: 0.1657
update_complete: 82; loss: 0.04566351696848869; cumulative_reward: 38.18434343434343; invalid_count: 0; positive_reward_count: 44; success_count: 19; episode_count: 26; dead_end_count: 5; best_tax_advantage: 198.0; avg_entropy: 0.28122602484654635; random_action_prob: 0.1657; random_exploration_count: 25; saved_snapshots: 0
form_subcorp 0.0 40
buy_stock 0.0 26
compensate_employees 0.44422485726833555 23
liquidate_corp 0.7171069671069671 39
update_start: 83; random_action_prob: 0.1649
update_complete: 83; loss: 0.03250858560204506; cumulative_reward: 46.87626262626262; invalid_count: 0; positive_reward_count: 53; success_count: 23; episode_count: 26; dead_end_count: 3; best_tax_advantage: 198.0; avg_entropy: 0.23156827587808948; random_action_prob: 0.1649; random_exploration_count: 17; saved_snapshots: 0
form_subcorp 0.0 37
buy_stock 0.0 27
compensate_employees 0.43975468975468973 28
liquidate_corp 0.9600869809203143 36
update_start: 84; random_action_prob: 0.1641
update_complete: 84; loss: 0.06213873500625292; cumulative_reward: 44.68686868686869; invalid_count: 0; positive_reward_count: 54; success_count: 22; episode_count: 27; dead_end_count: 4; best_tax_advantage: 198.0; avg_entropy: 0.2566559639526531; random_action_prob: 0.1641; random_exploration_count: 25; saved_snapshots: 0
form_subcorp 0.0 35
buy_stock 0.0 28
compensate_employees 0.3885630498533724 31
liquidate_corp 0.9600415923945335 34
update_start: 85; random_action_prob: 0.1633
update_complete: 85; loss: 0.04355330020189285; cumulative_reward: 45.095959595959584; invalid_count: 0; positive_reward_count: 49; success_count: 22; episode_count: 27; dead_end_count: 4; best_tax_advantage: 198.0; avg_entropy: 0.19592606199148577; random_action_prob: 0.1633; random_exploration_count: 21; saved_snapshots: 0
form_subcorp 0.0 38
buy_stock 0.0 28
compensate_employees 0.4919191919191919 25
liquidate_corp 0.8864318864318864 37
update_start: 86; random_action_prob: 0.1625
update_complete: 86; loss: 0.0739881048599879; cumulative_reward: 41.13888888888889; invalid_count: 0; positive_reward_count: 57; success_count: 20; episode_count: 28; dead_end_count: 7; best_tax_advantage: 198.0; avg_entropy: 0.23207361951062921; random_action_prob: 0.1625; random_exploration_count: 24; saved_snapshots: 0
form_subcorp 0.0 34
buy_stock 0.0 28
compensate_employees 0.34284016636957815 34
liquidate_corp 0.921322601010101 32
update_start: 87; random_action_prob: 0.1616
update_complete: 87; loss: 0.11525542289018631; cumulative_reward: 58.858585858585855; invalid_count: 0; positive_reward_count: 64; success_count: 29; episode_count: 30; dead_end_count: 0; best_tax_advantage: 198.0; avg_entropy: 0.15383602076326497; random_action_prob: 0.1616; random_exploration_count: 20; saved_snapshots: 0
form_subcorp 0.0 32
buy_stock 0.0 30
compensate_employees 0.43909685086155675 34
liquidate_corp 1.372790404040404 32
update_start: 88; random_action_prob: 0.1608
update_complete: 88; loss: 0.06757412850856781; cumulative_reward: 54.333333333333336; invalid_count: 0; positive_reward_count: 60; success_count: 27; episode_count: 28; dead_end_count: 0; best_tax_advantage: 198.0; avg_entropy: 0.12194356665713713; random_action_prob: 0.1608; random_exploration_count: 21; saved_snapshots: 0
form_subcorp 0.0 34
buy_stock 0.0 28
compensate_employees 0.4191919191919192 33
liquidate_corp 1.2272727272727273 33
update_start: 89; random_action_prob: 0.1600
update_complete: 89; loss: 0.03621223196387291; cumulative_reward: 55.0; invalid_count: 0; positive_reward_count: 56; success_count: 28; episode_count: 32; dead_end_count: 4; best_tax_advantage: 198.0; avg_entropy: 0.06454135486274026; random_action_prob: 0.1600; random_exploration_count: 17; saved_snapshots: 0
form_subcorp 0.0 34
buy_stock 0.0 32
compensate_employees 0.5 28
liquidate_corp 1.2058823529411764 34
update_start: 90; random_action_prob: 0.1592
update_complete: 90; loss: 0.013251224222282568; cumulative_reward: 53.848484848484844; invalid_count: 0; positive_reward_count: 59; success_count: 27; episode_count: 31; dead_end_count: 4; best_tax_advantage: 198.0; avg_entropy: 0.12173776216513943; random_action_prob: 0.1592; random_exploration_count: 23; saved_snapshots: 0
form_subcorp 0.0 33
buy_stock 0.0 32
compensate_employees 0.44916911045943303 31
liquidate_corp 1.2476325757575757 32
update_start: 91; random_action_prob: 0.1584
update_complete: 91; loss: 0.022435690586765606; cumulative_reward: 47.50252525252524; invalid_count: 0; positive_reward_count: 60; success_count: 23; episode_count: 30; dead_end_count: 7; best_tax_advantage: 198.0; avg_entropy: 0.175565384386573; random_action_prob: 0.1584; random_exploration_count: 19; saved_snapshots: 0
form_subcorp 0.0 33
buy_stock 0.0 30
compensate_employees 0.3977655341291705 33
liquidate_corp 1.074258207070707 32
update_start: 92; random_action_prob: 0.1576
update_complete: 92; loss: 0.027386459211508434; cumulative_reward: 55.75; invalid_count: 0; positive_reward_count: 56; success_count: 28; episode_count: 29; dead_end_count: 1; best_tax_advantage: 198.0; avg_entropy: 0.0629708378110081; random_action_prob: 0.1576; random_exploration_count: 20; saved_snapshots: 0
form_subcorp 0.0 36
buy_stock 0.0 29
compensate_employees 0.5 28
liquidate_corp 1.1928571428571428 35
update_start: 93; random_action_prob: 0.1569
update_complete: 93; loss: 0.031752836580077805; cumulative_reward: 58.05808080808081; invalid_count: 0; positive_reward_count: 61; success_count: 29; episode_count: 32; dead_end_count: 3; best_tax_advantage: 198.0; avg_entropy: 0.05850952729815617; random_action_prob: 0.1569; random_exploration_count: 11; saved_snapshots: 0
form_subcorp 0.0 33
buy_stock 0.0 32
compensate_employees 0.4807754969045292 31
liquidate_corp 1.3485637626262625 32
update_start: 94; random_action_prob: 0.1561
update_complete: 94; loss: 0.03269506494204203; cumulative_reward: 50.17929292929293; invalid_count: 0; positive_reward_count: 58; success_count: 25; episode_count: 29; dead_end_count: 3; best_tax_advantage: 198.0; avg_entropy: 0.1563920727057848; random_action_prob: 0.1561; random_exploration_count: 24; saved_snapshots: 0
form_subcorp 0.0 34
buy_stock 0.0 30
compensate_employees 0.4071969696969697 32
liquidate_corp 1.1609059343434343 32
update_start: 95; random_action_prob: 0.1553
update_complete: 95; loss: 0.02880227689941724; cumulative_reward: 55.5; invalid_count: 0; positive_reward_count: 56; success_count: 28; episode_count: 30; dead_end_count: 2; best_tax_advantage: 198.0; avg_entropy: 0.04664521744416561; random_action_prob: 0.1553; random_exploration_count: 17; saved_snapshots: 0
form_subcorp 0.0 35
buy_stock 0.0 31
compensate_employees 0.5 28
liquidate_corp 1.2205882352941178 34
update_start: 96; random_action_prob: 0.1545
update_complete: 96; loss: 0.024381837497154873; cumulative_reward: 51.96969696969698; invalid_count: 0; positive_reward_count: 68; success_count: 25; episode_count: 29; dead_end_count: 2; best_tax_advantage: 198.0; avg_entropy: 0.17475891637150198; random_action_prob: 0.1545; random_exploration_count: 15; saved_snapshots: 0
form_subcorp 0.0 30
buy_stock 0.0 30
compensate_employees 0.34552845528455284 41
liquidate_corp 1.400112233445567 27
update_start: 97; random_action_prob: 0.1537
update_complete: 97; loss: 0.07892850289742152; cumulative_reward: 57.25; invalid_count: 0; positive_reward_count: 58; success_count: 29; episode_count: 32; dead_end_count: 3; best_tax_advantage: 198.0; avg_entropy: 0.058043910408741795; random_action_prob: 0.1537; random_exploration_count: 16; saved_snapshots: 0
form_subcorp 0.0 34
buy_stock 0.0 32
compensate_employees 0.5 29
liquidate_corp 1.2954545454545454 33
update_start: 98; random_action_prob: 0.1530
update_complete: 98; loss: 0.054064237823088966; cumulative_reward: 54.694444444444436; invalid_count: 0; positive_reward_count: 61; success_count: 27; episode_count: 30; dead_end_count: 3; best_tax_advantage: 198.0; avg_entropy: 0.09370250227220822; random_action_prob: 0.1530; random_exploration_count: 16; saved_snapshots: 0
form_subcorp 0.0 33
buy_stock 0.0 30
compensate_employees 0.4444444444444444 32
liquidate_corp 1.2264309764309764 33
update_start: 99; random_action_prob: 0.1522
update_complete: 99; loss: 0.05491784711678823; cumulative_reward: 52.22222222222222; invalid_count: 0; positive_reward_count: 56; success_count: 26; episode_count: 30; dead_end_count: 4; best_tax_advantage: 198.0; avg_entropy: 0.09558020124677569; random_action_prob: 0.1522; random_exploration_count: 24; saved_snapshots: 0
form_subcorp 0.0 35
buy_stock 0.0 30
compensate_employees 0.4693486590038314 29
liquidate_corp 1.13562091503268 34
2026-07-10T16:56:30 completed subsidiary_stock_comp run=1 elapsed_seconds=718.42 updates_logged=100
2026-07-10T16:56:30 running subsidiary_stock_comp run=2 seed=1731
update_start: 0; random_action_prob: 0.2500
update_complete: 0; loss: 1.1757613619168599; cumulative_reward: -1.691919191919192; invalid_count: 0; positive_reward_count: 9; success_count: 3; episode_count: 37; dead_end_count: 34; best_tax_advantage: 198.0; avg_entropy: 0.25062284036539495; random_action_prob: 0.2500; random_exploration_count: 28; saved_snapshots: 0
form_subcorp 0.0 43
buy_stock 0.0 38
compensate_employees 0.3808080808080808 5
liquidate_corp -0.08561808561808562 42
update_start: 1; random_action_prob: 0.2487
update_complete: 1; loss: 0.48337651292483014; cumulative_reward: 26.676767676767675; invalid_count: 0; positive_reward_count: 40; success_count: 14; episode_count: 31; dead_end_count: 16; best_tax_advantage: 198.0; avg_entropy: 0.37668491966906004; random_action_prob: 0.2487; random_exploration_count: 32; saved_snapshots: 0
form_subcorp 0.0 37
buy_stock 0.0 31
compensate_employees 0.35185185185185186 24
liquidate_corp 0.5064534231200898 36
update_start: 2; random_action_prob: 0.2475
update_complete: 2; loss: 0.2593936671813329; cumulative_reward: 42.51262626262627; invalid_count: 0; positive_reward_count: 55; success_count: 21; episode_count: 29; dead_end_count: 7; best_tax_advantage: 198.0; avg_entropy: 0.24467982398346066; random_action_prob: 0.2475; random_exploration_count: 34; saved_snapshots: 0
form_subcorp 0.0 34
buy_stock 0.0 30
compensate_employees 0.3702651515151515 32
liquidate_corp 0.9582544191919192 32
update_start: 3; random_action_prob: 0.2463
update_complete: 3; loss: 0.18927458922068277; cumulative_reward: 44.20454545454545; invalid_count: 0; positive_reward_count: 56; success_count: 22; episode_count: 31; dead_end_count: 9; best_tax_advantage: 198.0; avg_entropy: 0.23341963440179825; random_action_prob: 0.2463; random_exploration_count: 38; saved_snapshots: 0
form_subcorp 0.0 33
buy_stock 0.0 32
compensate_employees 0.3944281524926686 31
liquidate_corp 0.9992897727272727 32
update_start: 4; random_action_prob: 0.2450
update_complete: 4; loss: 0.10514238725105922; cumulative_reward: 46.05050505050505; invalid_count: 0; positive_reward_count: 54; success_count: 23; episode_count: 29; dead_end_count: 4; best_tax_advantage: 198.0; avg_entropy: 0.19185835965618026; random_action_prob: 0.2450; random_exploration_count: 33; saved_snapshots: 0
form_subcorp 0.0 35
buy_stock 0.0 29
compensate_employees 0.4146638801811216 29
liquidate_corp 0.9721500721500722 35
update_start: 5; random_action_prob: 0.2438
update_complete: 5; loss: 0.10106795777877171; cumulative_reward: 46.81060606060606; invalid_count: 0; positive_reward_count: 60; success_count: 23; episode_count: 30; dead_end_count: 5; best_tax_advantage: 198.0; avg_entropy: 0.2172253583339625; random_action_prob: 0.2438; random_exploration_count: 35; saved_snapshots: 0
form_subcorp 0.0 32
buy_stock 0.0 31
compensate_employees 0.36406926406926404 35
liquidate_corp 1.1356060606060607 30
update_start: 6; random_action_prob: 0.2426
update_complete: 6; loss: 0.06086555868387222; cumulative_reward: 36.62121212121212; invalid_count: 0; positive_reward_count: 60; success_count: 18; episode_count: 28; dead_end_count: 6; best_tax_advantage: 198.0; avg_entropy: 0.2285968690921436; random_action_prob: 0.2426; random_exploration_count: 31; saved_snapshots: 0
form_subcorp 0.0 32
buy_stock 0.0 28
compensate_employees 0.26237373737373737 40
liquidate_corp 0.9330808080808081 28
update_start: 7; random_action_prob: 0.2414
update_complete: 7; loss: 0.1046238640944163; cumulative_reward: 43.37626262626263; invalid_count: 0; positive_reward_count: 51; success_count: 22; episode_count: 31; dead_end_count: 9; best_tax_advantage: 198.0; avg_entropy: 0.14994853173266165; random_action_prob: 0.2414; random_exploration_count: 31; saved_snapshots: 0
form_subcorp 0.0 35
buy_stock 0.0 32
compensate_employees 0.4375233819678264 27
liquidate_corp 0.9283273915626857 34
update_start: 8; random_action_prob: 0.2402
update_complete: 8; loss: 0.10179529835780461; cumulative_reward: 38.997474747474755; invalid_count: 0; positive_reward_count: 64; success_count: 19; episode_count: 26; dead_end_count: 3; best_tax_advantage: 198.0; avg_entropy: 0.18931642292591278; random_action_prob: 0.2402; random_exploration_count: 29; saved_snapshots: 0
form_subcorp 0.0 31
buy_stock 0.0 26
compensate_employees 0.2435720844811754 44
liquidate_corp 1.0474186307519642 27
update_start: 9; random_action_prob: 0.2390
update_complete: 9; loss: 0.03617825359106064; cumulative_reward: 42.85858585858586; invalid_count: 0; positive_reward_count: 54; success_count: 22; episode_count: 29; dead_end_count: 6; best_tax_advantage: 198.0; avg_entropy: 0.1900272708699049; random_action_prob: 0.2390; random_exploration_count: 32; saved_snapshots: 0
form_subcorp 0.0 34
buy_stock 0.0 30
compensate_employees 0.35164141414141414 32
liquidate_corp 0.9876893939393939 32
update_start: 10; random_action_prob: 0.2378
update_complete: 10; loss: 0.06212425231933594; cumulative_reward: 48.04292929292931; invalid_count: 0; positive_reward_count: 57; success_count: 24; episode_count: 30; dead_end_count: 5; best_tax_advantage: 198.0; avg_entropy: 0.14266017932095565; random_action_prob: 0.2378; random_exploration_count: 22; saved_snapshots: 0
form_subcorp 0.0 33
buy_stock 0.0 31
compensate_employees 0.3952020202020202 32
liquidate_corp 1.10613952020202 32
update_start: 11; random_action_prob: 0.2366
update_complete: 11; loss: 0.048794506738583245; cumulative_reward: 42.6919191919192; invalid_count: 0; positive_reward_count: 62; success_count: 21; episode_count: 26; dead_end_count: 2; best_tax_advantage: 198.0; avg_entropy: 0.183108573910431; random_action_prob: 0.2366; random_exploration_count: 30; saved_snapshots: 0
form_subcorp 0.0 32
buy_stock 0.0 27
compensate_employees 0.2851687607785169 41
liquidate_corp 1.1071428571428572 28
update_start: 12; random_action_prob: 0.2354
update_complete: 12; loss: 0.06205495695273081; cumulative_reward: 43.07070707070708; invalid_count: 0; positive_reward_count: 55; success_count: 22; episode_count: 31; dead_end_count: 8; best_tax_advantage: 198.0; avg_entropy: 0.21069616814202163; random_action_prob: 0.2354; random_exploration_count: 40; saved_snapshots: 0
form_subcorp 0.0 33
buy_stock 0.0 32
compensate_employees 0.36710858585858586 32
liquidate_corp 1.0104268491365265 31
update_start: 13; random_action_prob: 0.2342
update_complete: 13; loss: 0.051069399962822594; cumulative_reward: 48.08333333333333; invalid_count: 0; positive_reward_count: 57; success_count: 24; episode_count: 28; dead_end_count: 3; best_tax_advantage: 198.0; avg_entropy: 0.11309926890680799; random_action_prob: 0.2342; random_exploration_count: 26; saved_snapshots: 0
form_subcorp 0.0 34
buy_stock 0.0 29
compensate_employees 0.3888888888888889 33
liquidate_corp 1.1015625 32
update_start: 14; random_action_prob: 0.2331
update_complete: 14; loss: 0.0583253875374794; cumulative_reward: 40.27272727272729; invalid_count: 0; positive_reward_count: 56; success_count: 20; episode_count: 27; dead_end_count: 4; best_tax_advantage: 198.0; avg_entropy: 0.1628155514190439; random_action_prob: 0.2331; random_exploration_count: 37; saved_snapshots: 0
form_subcorp 0.0 34
buy_stock 0.0 27
compensate_employees 0.31313131313131315 36
liquidate_corp 0.9354838709677419 31
update_start: 15; random_action_prob: 0.2319
update_complete: 15; loss: 0.04612315818667412; cumulative_reward: 51.42424242424243; invalid_count: 0; positive_reward_count: 54; success_count: 26; episode_count: 30; dead_end_count: 4; best_tax_advantage: 198.0; avg_entropy: 0.1442437218138366; random_action_prob: 0.2319; random_exploration_count: 33; saved_snapshots: 0
form_subcorp 0.0 35
buy_stock 0.0 30
compensate_employees 0.47186147186147187 28
liquidate_corp 1.0917748917748917 35
update_start: 16; random_action_prob: 0.2307
update_complete: 16; loss: 0.08514834940433502; cumulative_reward: 38.088383838383834; invalid_count: 0; positive_reward_count: 46; success_count: 19; episode_count: 27; dead_end_count: 7; best_tax_advantage: 198.0; avg_entropy: 0.25339974924281705; random_action_prob: 0.2307; random_exploration_count: 35; saved_snapshots: 0
form_subcorp 0.0 38
buy_stock 0.0 27
compensate_employees 0.41676767676767673 25
liquidate_corp 0.728136629452419 38
update_start: 17; random_action_prob: 0.2296
update_complete: 17; loss: 0.03907479718327522; cumulative_reward: 28.0; invalid_count: 0; positive_reward_count: 28; success_count: 14; episode_count: 19; dead_end_count: 0; best_tax_advantage: 198.0; avg_entropy: 0.2571158810169436; random_action_prob: 0.2296; random_exploration_count: 23; saved_snapshots: 0
form_subcorp 0.0 50
buy_stock 0.0 16
compensate_employees 0.5 14
liquidate_corp 0.4375 48
update_start: 18; random_action_prob: 0.2284
update_complete: 18; loss: 0.054482591028014817; cumulative_reward: 45.92424242424242; invalid_count: 0; positive_reward_count: 52; success_count: 23; episode_count: 26; dead_end_count: 2; best_tax_advantage: 198.0; avg_entropy: 0.2063590040197596; random_action_prob: 0.2284; random_exploration_count: 22; saved_snapshots: 0
form_subcorp 0.0 37
buy_stock 0.0 26
compensate_employees 0.41118077324973873 29
liquidate_corp 0.9444444444444444 36
update_start: 19; random_action_prob: 0.2273
update_complete: 19; loss: 0.03047934298714002; cumulative_reward: 42.287878787878796; invalid_count: 0; positive_reward_count: 60; success_count: 21; episode_count: 26; dead_end_count: 2; best_tax_advantage: 198.0; avg_entropy: 0.2591736760659842; random_action_prob: 0.2273; random_exploration_count: 32; saved_snapshots: 0
form_subcorp 0.0 33
buy_stock 0.0 26
compensate_employees 0.28943278943278944 39
liquidate_corp 1.0333333333333334 30
update_start: 20; random_action_prob: 0.2262
update_complete: 20; loss: 0.06737784296274185; cumulative_reward: 43.75757575757576; invalid_count: 0; positive_reward_count: 56; success_count: 22; episode_count: 28; dead_end_count: 4; best_tax_advantage: 198.0; avg_entropy: 0.19524821096274536; random_action_prob: 0.2262; random_exploration_count: 28; saved_snapshots: 0
form_subcorp 0.0 34
buy_stock 0.0 29
compensate_employees 0.34581105169340465 34
liquidate_corp 1.032258064516129 31
update_start: 21; random_action_prob: 0.2250
update_complete: 21; loss: 0.09581918766101201; cumulative_reward: 34.98232323232323; invalid_count: 0; positive_reward_count: 42; success_count: 18; episode_count: 25; dead_end_count: 5; best_tax_advantage: 198.0; avg_entropy: 0.24361397739266977; random_action_prob: 0.2250; random_exploration_count: 36; saved_snapshots: 0
form_subcorp 0.0 41
buy_stock 0.0 25
compensate_employees 0.3846801346801347 24
liquidate_corp 0.6776315789473685 38
update_start: 22; random_action_prob: 0.2239
update_complete: 22; loss: 0.02699401943633954; cumulative_reward: 35.007575757575765; invalid_count: 0; positive_reward_count: 48; success_count: 18; episode_count: 27; dead_end_count: 7; best_tax_advantage: 198.0; avg_entropy: 0.2585366213170346; random_action_prob: 0.2239; random_exploration_count: 30; saved_snapshots: 0
form_subcorp 0.0 37
buy_stock 0.0 27
compensate_employees 0.32525252525252524 30
liquidate_corp 0.7426470588235294 34
update_start: 23; random_action_prob: 0.2228
update_complete: 23; loss: 0.055989875147740044; cumulative_reward: 32.55050505050505; invalid_count: 0; positive_reward_count: 42; success_count: 16; episode_count: 23; dead_end_count: 2; best_tax_advantage: 198.0; avg_entropy: 0.30719419668457704; random_action_prob: 0.2228; random_exploration_count: 27; saved_snapshots: 0
form_subcorp 0.0 42
buy_stock 0.0 20
compensate_employees 0.34565656565656566 25
liquidate_corp 0.5831485587583148 41
update_start: 24; random_action_prob: 0.2217
update_complete: 24; loss: 0.06407285047074159; cumulative_reward: 38.49242424242424; invalid_count: 0; positive_reward_count: 48; success_count: 19; episode_count: 23; dead_end_count: 3; best_tax_advantage: 198.0; avg_entropy: 0.26400486645434285; random_action_prob: 0.2217; random_exploration_count: 23; saved_snapshots: 0
form_subcorp 0.0 39
buy_stock 0.0 23
compensate_employees 0.36904761904761907 28
liquidate_corp 0.7410287081339714 38
update_start: 25; random_action_prob: 0.2206
update_complete: 25; loss: 0.07926165809233983; cumulative_reward: 33.83838383838384; invalid_count: 0; positive_reward_count: 44; success_count: 17; episode_count: 23; dead_end_count: 4; best_tax_advantage: 198.0; avg_entropy: 0.28509897232288495; random_action_prob: 0.2206; random_exploration_count: 26; saved_snapshots: 0
form_subcorp 0.0 40
buy_stock 0.0 23
compensate_employees 0.34586606808829035 27
liquidate_corp 0.6447368421052632 38
update_start: 26; random_action_prob: 0.2195
update_complete: 26; loss: 0.0654238797724247; cumulative_reward: 24.222222222222225; invalid_count: 0; positive_reward_count: 31; success_count: 12; episode_count: 22; dead_end_count: 4; best_tax_advantage: 198.0; avg_entropy: 0.3419212646840606; random_action_prob: 0.2195; random_exploration_count: 34; saved_snapshots: 0
form_subcorp 0.0 47
buy_stock 0.0 20
compensate_employees 0.4007724301841949 17
liquidate_corp 0.39566115702479343 44
update_start: 27; random_action_prob: 0.2184
update_complete: 27; loss: 0.051788960893948875; cumulative_reward: 38.09343434343434; invalid_count: 0; positive_reward_count: 50; success_count: 19; episode_count: 26; dead_end_count: 5; best_tax_advantage: 198.0; avg_entropy: 0.29801262928231154; random_action_prob: 0.2184; random_exploration_count: 31; saved_snapshots: 0
form_subcorp 0.0 37
buy_stock 0.0 26
compensate_employees 0.34814814814814815 30
liquidate_corp 0.78997113997114 35
update_start: 28; random_action_prob: 0.2173
update_complete: 28; loss: 0.06594930837551753; cumulative_reward: 42.56818181818182; invalid_count: 0; positive_reward_count: 47; success_count: 21; episode_count: 25; dead_end_count: 3; best_tax_advantage: 198.0; avg_entropy: 0.2417638320621336; random_action_prob: 0.2173; random_exploration_count: 31; saved_snapshots: 0
form_subcorp 0.0 39
buy_stock 0.0 26
compensate_employees 0.4563636363636363 25
liquidate_corp 0.8199760765550239 38
update_start: 29; random_action_prob: 0.2162
update_complete: 29; loss: 0.06601094827055931; cumulative_reward: 46.82070707070707; invalid_count: 0; positive_reward_count: 61; success_count: 23; episode_count: 29; dead_end_count: 5; best_tax_advantage: 198.0; avg_entropy: 0.23261078291398007; random_action_prob: 0.2162; random_exploration_count: 34; saved_snapshots: 0
form_subcorp 0.0 32
buy_stock 0.0 29
compensate_employees 0.35409652076318743 36
liquidate_corp 1.0991365265558815 31
update_start: 30; random_action_prob: 0.2151
update_complete: 30; loss: 0.07963039726018906; cumulative_reward: 34.56313131313131; invalid_count: 0; positive_reward_count: 57; success_count: 17; episode_count: 26; dead_end_count: 5; best_tax_advantage: 198.0; avg_entropy: 0.2851528833271004; random_action_prob: 0.2151; random_exploration_count: 34; saved_snapshots: 0
form_subcorp 0.0 33
buy_stock 0.0 27
compensate_employees 0.25782828282828285 40
liquidate_corp 0.8660714285714286 28
update_start: 31; random_action_prob: 0.2140
update_complete: 31; loss: 0.10070928434530894; cumulative_reward: 40.580808080808076; invalid_count: 0; positive_reward_count: 52; success_count: 20; episode_count: 28; dead_end_count: 6; best_tax_advantage: 198.0; avg_entropy: 0.16608689064742066; random_action_prob: 0.2140; random_exploration_count: 32; saved_snapshots: 0
form_subcorp 0.0 36
buy_stock 0.0 28
compensate_employees 0.368013468013468 30
liquidate_corp 0.86883541295306 34
update_start: 32; random_action_prob: 0.2130
update_complete: 32; loss: 0.1160120889544487; cumulative_reward: 42.0; invalid_count: 0; positive_reward_count: 44; success_count: 22; episode_count: 30; dead_end_count: 8; best_tax_advantage: 198.0; avg_entropy: 0.14261747617274523; random_action_prob: 0.2130; random_exploration_count: 28; saved_snapshots: 0
form_subcorp 0.0 38
buy_stock 0.0 31
compensate_employees 0.5 22
liquidate_corp 0.8378378378378378 37
update_start: 33; random_action_prob: 0.2119
update_complete: 33; loss: 0.07639254381259282; cumulative_reward: 38.81060606060606; invalid_count: 0; positive_reward_count: 54; success_count: 19; episode_count: 29; dead_end_count: 9; best_tax_advantage: 198.0; avg_entropy: 0.19450331568077672; random_action_prob: 0.2119; random_exploration_count: 30; saved_snapshots: 0
form_subcorp 0.0 34
buy_stock 0.0 30
compensate_employees 0.35132575757575757 32
liquidate_corp 0.8615056818181818 32
update_start: 34; random_action_prob: 0.2108
update_complete: 34; loss: 0.10419510801633199; cumulative_reward: 45.57070707070707; invalid_count: 0; positive_reward_count: 59; success_count: 23; episode_count: 31; dead_end_count: 6; best_tax_advantage: 198.0; avg_entropy: 0.17737209510232788; random_action_prob: 0.2108; random_exploration_count: 26; saved_snapshots: 0
form_subcorp 0.0 32
buy_stock 0.0 31
compensate_employees 0.34624017957351294 36
liquidate_corp 1.1415882967607107 29
update_start: 35; random_action_prob: 0.2098
update_complete: 35; loss: 0.14285556972026825; cumulative_reward: 45.840909090909086; invalid_count: 0; positive_reward_count: 66; success_count: 22; episode_count: 26; dead_end_count: 1; best_tax_advantage: 198.0; avg_entropy: 0.13859025662532076; random_action_prob: 0.2098; random_exploration_count: 24; saved_snapshots: 0
form_subcorp 0.0 31
buy_stock 0.0 26
compensate_employees 0.2949260042283298 43
liquidate_corp 1.1842532467532467 28
update_start: 36; random_action_prob: 0.2087
update_complete: 36; loss: 0.022365766887863476; cumulative_reward: 55.0; invalid_count: 0; positive_reward_count: 56; success_count: 28; episode_count: 32; dead_end_count: 4; best_tax_advantage: 198.0; avg_entropy: 0.0607340909919003; random_action_prob: 0.2087; random_exploration_count: 20; saved_snapshots: 0
form_subcorp 0.0 34
buy_stock 0.0 32
compensate_employees 0.5 28
liquidate_corp 1.2058823529411764 34
update_start: 37; random_action_prob: 0.2077
update_complete: 37; loss: 0.07929236193497975; cumulative_reward: 49.68434343434343; invalid_count: 0; positive_reward_count: 57; success_count: 25; episode_count: 29; dead_end_count: 3; best_tax_advantage: 198.0; avg_entropy: 0.1363726239069365; random_action_prob: 0.2077; random_exploration_count: 27; saved_snapshots: 0
form_subcorp 0.0 34
buy_stock 0.0 30
compensate_employees 0.40404040404040403 32
liquidate_corp 1.1485953282828283 32
update_start: 38; random_action_prob: 0.2066
update_complete: 38; loss: 0.0573098249733448; cumulative_reward: 48.348484848484844; invalid_count: 0; positive_reward_count: 60; success_count: 24; episode_count: 28; dead_end_count: 2; best_tax_advantage: 198.0; avg_entropy: 0.12660620184033178; random_action_prob: 0.2066; random_exploration_count: 29; saved_snapshots: 0
form_subcorp 0.0 33
buy_stock 0.0 29
compensate_employees 0.3569023569023569 36
liquidate_corp 1.1833333333333333 30
update_start: 39; random_action_prob: 0.2056
update_complete: 39; loss: 0.022829737824698288; cumulative_reward: 57.5; invalid_count: 0; positive_reward_count: 58; success_count: 29; episode_count: 31; dead_end_count: 2; best_tax_advantage: 198.0; avg_entropy: 0.048959549763822; random_action_prob: 0.2056; random_exploration_count: 21; saved_snapshots: 0
form_subcorp 0.0 34
buy_stock 0.0 32
compensate_employees 0.5 29
liquidate_corp 1.303030303030303 33
update_start: 40; random_action_prob: 0.2046
update_complete: 40; loss: 0.06945231681068738; cumulative_reward: 45.44444444444444; invalid_count: 0; positive_reward_count: 54; success_count: 23; episode_count: 30; dead_end_count: 6; best_tax_advantage: 198.0; avg_entropy: 0.1448505392181687; random_action_prob: 0.2046; random_exploration_count: 28; saved_snapshots: 0
form_subcorp 0.0 34
buy_stock 0.0 31
compensate_employees 0.40127077223851415 31
liquidate_corp 1.0314078282828283 32
update_start: 41; random_action_prob: 0.2036
update_complete: 41; loss: 0.07485990971326828; cumulative_reward: 45.84848484848485; invalid_count: 0; positive_reward_count: 58; success_count: 23; episode_count: 29; dead_end_count: 4; best_tax_advantage: 198.0; avg_entropy: 0.11182675685267895; random_action_prob: 0.2036; random_exploration_count: 27; saved_snapshots: 0
form_subcorp 0.0 33
buy_stock 0.0 30
compensate_employees 0.3528138528138528 35
liquidate_corp 1.1166666666666667 30
update_start: 42; random_action_prob: 0.2025
update_complete: 42; loss: 0.055060657362143196; cumulative_reward: 47.39646464646466; invalid_count: 0; positive_reward_count: 55; success_count: 24; episode_count: 30; dead_end_count: 5; best_tax_advantage: 198.0; avg_entropy: 0.16477043300983496; random_action_prob: 0.2025; random_exploration_count: 29; saved_snapshots: 0
form_subcorp 0.0 34
buy_stock 0.0 30
compensate_employees 0.4045291625936787 31
liquidate_corp 1.0562442607897153 33
update_start: 43; random_action_prob: 0.2015
update_complete: 43; loss: 0.015436367131769657; cumulative_reward: 48.517676767676775; invalid_count: 0; positive_reward_count: 60; success_count: 24; episode_count: 27; dead_end_count: 1; best_tax_advantage: 198.0; avg_entropy: 0.20135798626142787; random_action_prob: 0.2015; random_exploration_count: 29; saved_snapshots: 0
form_subcorp 0.0 34
buy_stock 0.0 27
compensate_employees 0.3546576879910213 36
liquidate_corp 1.153225806451613 31
update_start: 44; random_action_prob: 0.2005
update_complete: 44; loss: 0.062389593571424484; cumulative_reward: 47.06060606060606; invalid_count: 0; positive_reward_count: 60; success_count: 23; episode_count: 27; dead_end_count: 2; best_tax_advantage: 198.0; avg_entropy: 0.1862893229117617; random_action_prob: 0.2005; random_exploration_count: 24; saved_snapshots: 0
form_subcorp 0.0 33
buy_stock 0.0 28
compensate_employees 0.35012285012285016 37
liquidate_corp 1.136868686868687 30
update_start: 45; random_action_prob: 0.1995
update_complete: 45; loss: 0.04833364114165306; cumulative_reward: 36.39393939393941; invalid_count: 0; positive_reward_count: 64; success_count: 17; episode_count: 26; dead_end_count: 6; best_tax_advantage: 198.0; avg_entropy: 0.3047330066328868; random_action_prob: 0.1995; random_exploration_count: 38; saved_snapshots: 0
form_subcorp 0.0 30
buy_stock 0.0 27
compensate_employees 0.2527548209366391 44
liquidate_corp 0.9360269360269361 27
update_start: 46; random_action_prob: 0.1985
update_complete: 46; loss: 0.03742797424395879; cumulative_reward: 44.20454545454545; invalid_count: 0; positive_reward_count: 52; success_count: 22; episode_count: 27; dead_end_count: 5; best_tax_advantage: 198.0; avg_entropy: 0.23561210662592202; random_action_prob: 0.1985; random_exploration_count: 29; saved_snapshots: 0
form_subcorp 0.0 37
buy_stock 0.0 27
compensate_employees 0.41883116883116883 28
liquidate_corp 0.9021464646464646 36
update_start: 47; random_action_prob: 0.1975
update_complete: 47; loss: 0.07109568143884341; cumulative_reward: 30.484848484848484; invalid_count: 0; positive_reward_count: 41; success_count: 15; episode_count: 21; dead_end_count: 4; best_tax_advantage: 198.0; avg_entropy: 0.3124081146233948; random_action_prob: 0.1975; random_exploration_count: 16; saved_snapshots: 0
form_subcorp 0.0 42
buy_stock 0.0 21
compensate_employees 0.3434343434343434 24
liquidate_corp 0.5424981522542498 41
update_start: 48; random_action_prob: 0.1965
update_complete: 48; loss: 0.036263049890597664; cumulative_reward: 41.82828282828283; invalid_count: 0; positive_reward_count: 47; success_count: 21; episode_count: 25; dead_end_count: 4; best_tax_advantage: 198.0; avg_entropy: 0.23382253728050273; random_action_prob: 0.1965; random_exploration_count: 23; saved_snapshots: 0
form_subcorp 0.0 39
buy_stock 0.0 26
compensate_employees 0.43656565656565655 25
liquidate_corp 0.8135300372142478 38
update_start: 49; random_action_prob: 0.1956
update_complete: 49; loss: 0.02122353141506513; cumulative_reward: 41.75; invalid_count: 0; positive_reward_count: 42; success_count: 21; episode_count: 23; dead_end_count: 1; best_tax_advantage: 198.0; avg_entropy: 0.23832281227805652; random_action_prob: 0.1956; random_exploration_count: 25; saved_snapshots: 0
form_subcorp 0.0 43
buy_stock 0.0 23
compensate_employees 0.5 21
liquidate_corp 0.7621951219512195 41
update_start: 50; random_action_prob: 0.1946
update_complete: 50; loss: 0.04191843171914419; cumulative_reward: 45.4040404040404; invalid_count: 0; positive_reward_count: 48; success_count: 23; episode_count: 28; dead_end_count: 4; best_tax_advantage: 198.0; avg_entropy: 0.21444912984588882; random_action_prob: 0.1946; random_exploration_count: 17; saved_snapshots: 0
form_subcorp 0.0 38
buy_stock 0.0 28
compensate_employees 0.4761616161616162 25
liquidate_corp 0.9054054054054054 37
update_start: 51; random_action_prob: 0.1936
update_complete: 51; loss: 0.03338089461127917; cumulative_reward: 45.871212121212125; invalid_count: 0; positive_reward_count: 51; success_count: 23; episode_count: 27; dead_end_count: 3; best_tax_advantage: 198.0; avg_entropy: 0.1897286175080808; random_action_prob: 0.1936; random_exploration_count: 21; saved_snapshots: 0
form_subcorp 0.0 37
buy_stock 0.0 28
compensate_employees 0.4329004329004329 28
liquidate_corp 0.9642857142857143 35
update_start: 52; random_action_prob: 0.1926
update_complete: 52; loss: 0.046921304116646446; cumulative_reward: 43.23232323232323; invalid_count: 0; positive_reward_count: 50; success_count: 22; episode_count: 27; dead_end_count: 4; best_tax_advantage: 198.0; avg_entropy: 0.20216211419028696; random_action_prob: 0.1926; random_exploration_count: 18; saved_snapshots: 0
form_subcorp 0.0 37
buy_stock 0.0 27
compensate_employees 0.40115440115440115 28
liquidate_corp 0.8888888888888888 36
update_start: 53; random_action_prob: 0.1917
update_complete: 53; loss: 0.01785570631424586; cumulative_reward: 39.75; invalid_count: 0; positive_reward_count: 40; success_count: 20; episode_count: 22; dead_end_count: 1; best_tax_advantage: 198.0; avg_entropy: 0.21950121019472135; random_action_prob: 0.1917; random_exploration_count: 18; saved_snapshots: 0
form_subcorp 0.0 44
buy_stock 0.0 21
compensate_employees 0.5 20
liquidate_corp 0.6918604651162791 43
update_start: 54; random_action_prob: 0.1907
update_complete: 54; loss: 0.013489481372137865; cumulative_reward: 43.75; invalid_count: 0; positive_reward_count: 44; success_count: 22; episode_count: 25; dead_end_count: 1; best_tax_advantage: 198.0; avg_entropy: 0.2138585862267064; random_action_prob: 0.1907; random_exploration_count: 20; saved_snapshots: 0
form_subcorp 0.0 42
buy_stock 0.0 23
compensate_employees 0.5 22
liquidate_corp 0.7987804878048781 41
update_start: 55; random_action_prob: 0.1898
update_complete: 55; loss: 0.04068483660618464; cumulative_reward: 41.02020202020202; invalid_count: 0; positive_reward_count: 46; success_count: 21; episode_count: 27; dead_end_count: 4; best_tax_advantage: 198.0; avg_entropy: 0.23483349720481783; random_action_prob: 0.1898; random_exploration_count: 27; saved_snapshots: 0
form_subcorp 0.0 39
buy_stock 0.0 28
compensate_employees 0.42080808080808085 25
liquidate_corp 0.8472222222222222 36
update_start: 56; random_action_prob: 0.1888
update_complete: 56; loss: 0.051325337340434395; cumulative_reward: 37.82070707070707; invalid_count: 0; positive_reward_count: 53; success_count: 19; episode_count: 25; dead_end_count: 3; best_tax_advantage: 198.0; avg_entropy: 0.2454607040854171; random_action_prob: 0.1888; random_exploration_count: 29; saved_snapshots: 0
form_subcorp 0.0 36
buy_stock 0.0 26
compensate_employees 0.29619726678550207 34
liquidate_corp 0.8671875 32
update_start: 57; random_action_prob: 0.1879
update_complete: 57; loss: 0.053069153179725014; cumulative_reward: 39.48232323232323; invalid_count: 0; positive_reward_count: 43; success_count: 20; episode_count: 24; dead_end_count: 3; best_tax_advantage: 198.0; avg_entropy: 0.23465428838972002; random_action_prob: 0.1879; random_exploration_count: 23; saved_snapshots: 0
form_subcorp 0.0 41
buy_stock 0.0 25
compensate_employees 0.4398331137461572 23
liquidate_corp 0.752978502978503 39
update_start: 58; random_action_prob: 0.1869
update_complete: 58; loss: 0.07427100961407025; cumulative_reward: 52.25; invalid_count: 0; positive_reward_count: 53; success_count: 26; episode_count: 27; dead_end_count: 1; best_tax_advantage: 198.0; avg_entropy: 0.2147911744104931; random_action_prob: 0.1869; random_exploration_count: 23; saved_snapshots: 0
form_subcorp 0.0 37
buy_stock 0.0 28
compensate_employees 0.5 27
liquidate_corp 1.0763888888888888 36
update_start: 59; random_action_prob: 0.1860
update_complete: 59; loss: 0.045524886498848595; cumulative_reward: 48.43434343434343; invalid_count: 0; positive_reward_count: 56; success_count: 24; episode_count: 27; dead_end_count: 2; best_tax_advantage: 198.0; avg_entropy: 0.16290621307416586; random_action_prob: 0.1860; random_exploration_count: 17; saved_snapshots: 0
form_subcorp 0.0 35
buy_stock 0.0 28
compensate_employees 0.40404040404040403 32
liquidate_corp 1.0759106213651668 33
update_start: 60; random_action_prob: 0.1851
update_complete: 60; loss: 0.04911335309346517; cumulative_reward: 51.80808080808081; invalid_count: 0; positive_reward_count: 55; success_count: 26; episode_count: 30; dead_end_count: 4; best_tax_advantage: 198.0; avg_entropy: 0.13429916527093155; random_action_prob: 0.1851; random_exploration_count: 20; saved_snapshots: 0
form_subcorp 0.0 35
buy_stock 0.0 30
compensate_employees 0.47871572871572876 28
liquidate_corp 1.0972582972582972 35
update_start: 61; random_action_prob: 0.1841
update_complete: 61; loss: 0.05747018506129583; cumulative_reward: 42.17171717171718; invalid_count: 0; positive_reward_count: 53; success_count: 21; episode_count: 26; dead_end_count: 4; best_tax_advantage: 198.0; avg_entropy: 0.22953479053103365; random_action_prob: 0.1841; random_exploration_count: 21; saved_snapshots: 0
form_subcorp 0.0 36
buy_stock 0.0 27
compensate_employees 0.359563375692408 31
liquidate_corp 0.9125074272133096 34
update_start: 62; random_action_prob: 0.1832
update_complete: 62; loss: 0.048500326772530876; cumulative_reward: 51.0; invalid_count: 0; positive_reward_count: 52; success_count: 26; episode_count: 30; dead_end_count: 4; best_tax_advantage: 198.0; avg_entropy: 0.16340111596218776; random_action_prob: 0.1832; random_exploration_count: 24; saved_snapshots: 0
form_subcorp 0.0 36
buy_stock 0.0 31
compensate_employees 0.5 26
liquidate_corp 1.0857142857142856 35
update_start: 63; random_action_prob: 0.1823
update_complete: 63; loss: 0.03064052015542984; cumulative_reward: 47.67424242424242; invalid_count: 0; positive_reward_count: 54; success_count: 24; episode_count: 28; dead_end_count: 3; best_tax_advantage: 198.0; avg_entropy: 0.1902697220502887; random_action_prob: 0.1823; random_exploration_count: 25; saved_snapshots: 0
form_subcorp 0.0 36
buy_stock 0.0 28
compensate_employees 0.41414141414141414 30
liquidate_corp 1.036764705882353 34
update_start: 64; random_action_prob: 0.1814
update_complete: 64; loss: 0.07517531017462413; cumulative_reward: 35.94949494949495; invalid_count: 0; positive_reward_count: 46; success_count: 18; episode_count: 26; dead_end_count: 6; best_tax_advantage: 198.0; avg_entropy: 0.3062415036474704; random_action_prob: 0.1814; random_exploration_count: 33; saved_snapshots: 0
form_subcorp 0.0 38
buy_stock 0.0 27
compensate_employees 0.37167976056864943 27
liquidate_corp 0.7198372615039282 36
update_start: 65; random_action_prob: 0.1805
update_complete: 65; loss: 0.05623718723654747; cumulative_reward: 36.47979797979798; invalid_count: 0; positive_reward_count: 54; success_count: 18; episode_count: 24; dead_end_count: 2; best_tax_advantage: 198.0; avg_entropy: 0.28706243322085356; random_action_prob: 0.1805; random_exploration_count: 20; saved_snapshots: 0
form_subcorp 0.0 36
buy_stock 0.0 23
compensate_employees 0.27721661054994384 36
liquidate_corp 0.803030303030303 33
update_start: 66; random_action_prob: 0.1796
update_complete: 66; loss: 0.06917764867345493; cumulative_reward: 33.45202020202021; invalid_count: 0; positive_reward_count: 47; success_count: 16; episode_count: 21; dead_end_count: 1; best_tax_advantage: 198.0; avg_entropy: 0.2980666732182726; random_action_prob: 0.1796; random_exploration_count: 27; saved_snapshots: 0
form_subcorp 0.0 40
buy_stock 0.0 21
compensate_employees 0.30912574016022293 29
liquidate_corp 0.644404572036151 38
update_start: 67; random_action_prob: 0.1787
update_complete: 67; loss: 0.03723004894951979; cumulative_reward: 41.00252525252526; invalid_count: 0; positive_reward_count: 50; success_count: 20; episode_count: 25; dead_end_count: 1; best_tax_advantage: 198.0; avg_entropy: 0.2601186317333486; random_action_prob: 0.1787; random_exploration_count: 18; saved_snapshots: 0
form_subcorp 0.0 39
buy_stock 0.0 24
compensate_employees 0.37356321839080464 29
liquidate_corp 0.8380331088664422 36
update_start: 68; random_action_prob: 0.1778
update_complete: 68; loss: 0.0278548455486695; cumulative_reward: 46.08838383838384; invalid_count: 0; positive_reward_count: 56; success_count: 23; episode_count: 28; dead_end_count: 3; best_tax_advantage: 198.0; avg_entropy: 0.21264403578970814; random_action_prob: 0.1778; random_exploration_count: 24; saved_snapshots: 0
form_subcorp 0.0 35
buy_stock 0.0 28
compensate_employees 0.3738904193449648 33
liquidate_corp 1.0546875 32
update_start: 69; random_action_prob: 0.1769
update_complete: 69; loss: 0.06589229901631673; cumulative_reward: 45.59848484848485; invalid_count: 0; positive_reward_count: 58; success_count: 23; episode_count: 30; dead_end_count: 5; best_tax_advantage: 198.0; avg_entropy: 0.16364181075186934; random_action_prob: 0.1769; random_exploration_count: 25; saved_snapshots: 0
form_subcorp 0.0 33
buy_stock 0.0 30
compensate_employees 0.3528138528138528 35
liquidate_corp 1.1083333333333334 30
update_start: 70; random_action_prob: 0.1760
update_complete: 70; loss: 0.03349097321430842; cumulative_reward: 43.43939393939393; invalid_count: 0; positive_reward_count: 66; success_count: 21; episode_count: 27; dead_end_count: 2; best_tax_advantage: 198.0; avg_entropy: 0.19002674843068235; random_action_prob: 0.1760; random_exploration_count: 25; saved_snapshots: 0
form_subcorp 0.0 30
buy_stock 0.0 28
compensate_employees 0.2697909325816302 43
liquidate_corp 1.1791994014216236 27
update_start: 71; random_action_prob: 0.1751
update_complete: 71; loss: 0.026841421922047932; cumulative_reward: 57.0; invalid_count: 0; positive_reward_count: 58; success_count: 29; episode_count: 33; dead_end_count: 4; best_tax_advantage: 198.0; avg_entropy: 0.06671184757578885; random_action_prob: 0.1751; random_exploration_count: 18; saved_snapshots: 0
form_subcorp 0.0 33
buy_stock 0.0 33
compensate_employees 0.5 29
liquidate_corp 1.2878787878787878 33
update_start: 72; random_action_prob: 0.1743
update_complete: 72; loss: 0.05011197676261266; cumulative_reward: 46.484848484848484; invalid_count: 0; positive_reward_count: 63; success_count: 23; episode_count: 29; dead_end_count: 4; best_tax_advantage: 198.0; avg_entropy: 0.15728356489125872; random_action_prob: 0.1743; random_exploration_count: 22; saved_snapshots: 0
form_subcorp 0.0 31
buy_stock 0.0 30
compensate_employees 0.32232582232582235 39
liquidate_corp 1.2112193362193362 28
update_start: 73; random_action_prob: 0.1734
update_complete: 73; loss: 0.09615516414244969; cumulative_reward: 47.60858585858587; invalid_count: 0; positive_reward_count: 57; success_count: 24; episode_count: 30; dead_end_count: 5; best_tax_advantage: 198.0; avg_entropy: 0.1819019664035295; random_action_prob: 0.1734; random_exploration_count: 25; saved_snapshots: 0
form_subcorp 0.0 33
buy_stock 0.0 30
compensate_employees 0.38307315580042856 33
liquidate_corp 1.0927241161616161 32
update_start: 74; random_action_prob: 0.1725
update_complete: 74; loss: 0.05406276509165764; cumulative_reward: 39.262626262626256; invalid_count: 0; positive_reward_count: 59; success_count: 19; episode_count: 26; dead_end_count: 4; best_tax_advantage: 198.0; avg_entropy: 0.29170959220209625; random_action_prob: 0.1725; random_exploration_count: 32; saved_snapshots: 0
form_subcorp 0.0 33
buy_stock 0.0 27
compensate_employees 0.288970788970789 37
liquidate_corp 0.9216357119582925 31
update_start: 75; random_action_prob: 0.1717
update_complete: 75; loss: 0.02555430183808009; cumulative_reward: 48.8989898989899; invalid_count: 0; positive_reward_count: 63; success_count: 24; episode_count: 29; dead_end_count: 4; best_tax_advantage: 198.0; avg_entropy: 0.1532245126363705; random_action_prob: 0.1717; random_exploration_count: 21; saved_snapshots: 0
form_subcorp 0.0 32
buy_stock 0.0 29
compensate_employees 0.35585585585585583 37
liquidate_corp 1.191077441077441 30
update_start: 76; random_action_prob: 0.1708
update_complete: 76; loss: 0.023790229111909866; cumulative_reward: 43.108585858585855; invalid_count: 0; positive_reward_count: 55; success_count: 21; episode_count: 25; dead_end_count: 1; best_tax_advantage: 198.0; avg_entropy: 0.1739921091866563; random_action_prob: 0.1708; random_exploration_count: 31; saved_snapshots: 0
form_subcorp 0.0 36
buy_stock 0.0 26
compensate_employees 0.34878193701723115 34
liquidate_corp 0.9765625 32
update_start: 77; random_action_prob: 0.1699
update_complete: 77; loss: 0.015253237448632717; cumulative_reward: 53.92424242424242; invalid_count: 0; positive_reward_count: 60; success_count: 27; episode_count: 30; dead_end_count: 2; best_tax_advantage: 198.0; avg_entropy: 0.08225838906946592; random_action_prob: 0.1699; random_exploration_count: 17; saved_snapshots: 0
form_subcorp 0.0 33
buy_stock 0.0 30
compensate_employees 0.4219467401285583 33
liquidate_corp 1.25 32
update_start: 78; random_action_prob: 0.1691
update_complete: 78; loss: 0.0554216963549455; cumulative_reward: 44.10858585858586; invalid_count: 0; positive_reward_count: 57; success_count: 22; episode_count: 29; dead_end_count: 5; best_tax_advantage: 198.0; avg_entropy: 0.14964379998855293; random_action_prob: 0.1691; random_exploration_count: 21; saved_snapshots: 0
form_subcorp 0.0 33
buy_stock 0.0 30
compensate_employees 0.3531024531024531 35
liquidate_corp 1.0583333333333333 30
update_start: 79; random_action_prob: 0.1683
update_complete: 79; loss: 0.05334575101733208; cumulative_reward: 48.15656565656566; invalid_count: 0; positive_reward_count: 58; success_count: 24; episode_count: 29; dead_end_count: 4; best_tax_advantage: 198.0; avg_entropy: 0.17595787018944975; random_action_prob: 0.1683; random_exploration_count: 23; saved_snapshots: 0
form_subcorp 0.0 33
buy_stock 0.0 30
compensate_employees 0.3835412953060012 34
liquidate_corp 1.1327794069729555 31
update_start: 80; random_action_prob: 0.1674
update_complete: 80; loss: 0.08480316648880641; cumulative_reward: 44.68686868686868; invalid_count: 0; positive_reward_count: 61; success_count: 22; episode_count: 28; dead_end_count: 4; best_tax_advantage: 198.0; avg_entropy: 0.19231125128862914; random_action_prob: 0.1674; random_exploration_count: 26; saved_snapshots: 0
form_subcorp 0.0 32
buy_stock 0.0 28
compensate_employees 0.3229665071770335 38
liquidate_corp 1.0804713804713804 30
update_start: 81; random_action_prob: 0.1666
update_complete: 81; loss: 0.043517179787158966; cumulative_reward: 47.47222222222222; invalid_count: 0; positive_reward_count: 52; success_count: 24; episode_count: 28; dead_end_count: 3; best_tax_advantage: 198.0; avg_entropy: 0.1984455140918726; random_action_prob: 0.1666; random_exploration_count: 21; saved_snapshots: 0
form_subcorp 0.0 37
buy_stock 0.0 28
compensate_employees 0.43650793650793646 28
liquidate_corp 1.0071428571428571 35
update_start: 82; random_action_prob: 0.1657
update_complete: 82; loss: 0.04317605743805567; cumulative_reward: 46.464646464646464; invalid_count: 0; positive_reward_count: 55; success_count: 23; episode_count: 28; dead_end_count: 4; best_tax_advantage: 198.0; avg_entropy: 0.2525758671981748; random_action_prob: 0.1657; random_exploration_count: 27; saved_snapshots: 0
form_subcorp 0.0 35
buy_stock 0.0 29
compensate_employees 0.40774410774410774 30
liquidate_corp 1.006833036244801 34
update_start: 83; random_action_prob: 0.1649
update_complete: 83; loss: 0.04771954193711281; cumulative_reward: 33.755050505050505; invalid_count: 0; positive_reward_count: 47; success_count: 17; episode_count: 26; dead_end_count: 7; best_tax_advantage: 198.0; avg_entropy: 0.28012288840545807; random_action_prob: 0.1649; random_exploration_count: 26; saved_snapshots: 0
form_subcorp 0.0 38
buy_stock 0.0 26
compensate_employees 0.32654127481713685 29
liquidate_corp 0.6938672438672439 35
update_start: 84; random_action_prob: 0.1641
update_complete: 84; loss: 0.08003600190083186; cumulative_reward: 39.59848484848485; invalid_count: 0; positive_reward_count: 50; success_count: 20; episode_count: 27; dead_end_count: 5; best_tax_advantage: 198.0; avg_entropy: 0.2303515813400736; random_action_prob: 0.1641; random_exploration_count: 31; saved_snapshots: 0
form_subcorp 0.0 37
buy_stock 0.0 27
compensate_employees 0.3616161616161616 30
liquidate_corp 0.8455882352941176 34
update_start: 85; random_action_prob: 0.1633
update_complete: 85; loss: 0.01170525016884009; cumulative_reward: 45.92424242424242; invalid_count: 0; positive_reward_count: 52; success_count: 23; episode_count: 26; dead_end_count: 2; best_tax_advantage: 198.0; avg_entropy: 0.19427407062903512; random_action_prob: 0.1633; random_exploration_count: 20; saved_snapshots: 0
form_subcorp 0.0 37
buy_stock 0.0 26
compensate_employees 0.41118077324973873 29
liquidate_corp 0.9444444444444444 36
update_start: 86; random_action_prob: 0.1625
update_complete: 86; loss: 0.03426684935887655; cumulative_reward: 35.997474747474755; invalid_count: 0; positive_reward_count: 46; success_count: 18; episode_count: 24; dead_end_count: 3; best_tax_advantage: 198.0; avg_entropy: 0.2676541219407227; random_action_prob: 0.1625; random_exploration_count: 22; saved_snapshots: 0
form_subcorp 0.0 40
buy_stock 0.0 23
compensate_employees 0.3481240981240981 28
liquidate_corp 0.7094594594594594 37
update_start: 87; random_action_prob: 0.1616
update_complete: 87; loss: 0.036242237935463585; cumulative_reward: 44.18434343434344; invalid_count: 0; positive_reward_count: 50; success_count: 22; episode_count: 24; dead_end_count: 1; best_tax_advantage: 198.0; avg_entropy: 0.2133401722094277; random_action_prob: 0.1616; random_exploration_count: 15; saved_snapshots: 0
form_subcorp 0.0 39
buy_stock 0.0 24
compensate_employees 0.4083694083694084 28
liquidate_corp 0.8851351351351351 37
update_start: 88; random_action_prob: 0.1608
update_complete: 88; loss: 0.02832073252648115; cumulative_reward: 46.848484848484844; invalid_count: 0; positive_reward_count: 56; success_count: 23; episode_count: 25; dead_end_count: 0; best_tax_advantage: 198.0; avg_entropy: 0.2333052243629936; random_action_prob: 0.1608; random_exploration_count: 19; saved_snapshots: 0
form_subcorp 0.0 36
buy_stock 0.0 25
compensate_employees 0.3741965105601469 33
liquidate_corp 1.0147058823529411 34
update_start: 89; random_action_prob: 0.1600
update_complete: 89; loss: 0.040417020519574486; cumulative_reward: 45.41414141414141; invalid_count: 0; positive_reward_count: 50; success_count: 23; episode_count: 27; dead_end_count: 4; best_tax_advantage: 198.0; avg_entropy: 0.2427262069832068; random_action_prob: 0.1600; random_exploration_count: 20; saved_snapshots: 0
form_subcorp 0.0 37
buy_stock 0.0 28
compensate_employees 0.44126449682005237 27
liquidate_corp 0.9305555555555556 36
update_start: 90; random_action_prob: 0.1592
update_complete: 90; loss: 0.008716975649197897; cumulative_reward: 43.09848484848486; invalid_count: 0; positive_reward_count: 51; success_count: 21; episode_count: 24; dead_end_count: 3; best_tax_advantage: 198.0; avg_entropy: 0.2578078884835122; random_action_prob: 0.1592; random_exploration_count: 24; saved_snapshots: 0
form_subcorp 0.0 38
buy_stock 0.0 24
compensate_employees 0.408008658008658 28
liquidate_corp 0.8335326953748007 38
update_start: 91; random_action_prob: 0.1584
update_complete: 91; loss: 0.0550714818139871; cumulative_reward: 41.93434343434343; invalid_count: 0; positive_reward_count: 48; success_count: 21; episode_count: 25; dead_end_count: 2; best_tax_advantage: 198.0; avg_entropy: 0.22724853066029027; random_action_prob: 0.1584; random_exploration_count: 14; saved_snapshots: 0
form_subcorp 0.0 39
buy_stock 0.0 25
compensate_employees 0.4049756827534605 27
liquidate_corp 0.8378378378378378 37
update_start: 92; random_action_prob: 0.1576
update_complete: 92; loss: 0.038086326171954475; cumulative_reward: 47.75; invalid_count: 0; positive_reward_count: 48; success_count: 24; episode_count: 25; dead_end_count: 1; best_tax_advantage: 198.0; avg_entropy: 0.21151678680325858; random_action_prob: 0.1576; random_exploration_count: 25; saved_snapshots: 0
form_subcorp 0.0 40
buy_stock 0.0 25
compensate_employees 0.5 24
liquidate_corp 0.9166666666666666 39
update_start: 93; random_action_prob: 0.1569
update_complete: 93; loss: 0.047377179066340126; cumulative_reward: 45.25; invalid_count: 0; positive_reward_count: 46; success_count: 23; episode_count: 26; dead_end_count: 3; best_tax_advantage: 198.0; avg_entropy: 0.21461855438246857; random_action_prob: 0.1569; random_exploration_count: 26; saved_snapshots: 0
form_subcorp 0.0 40
buy_stock 0.0 26
compensate_employees 0.5 23
liquidate_corp 0.8653846153846154 39
update_start: 94; random_action_prob: 0.1561
update_complete: 94; loss: 0.0661335252225399; cumulative_reward: 48.07828282828283; invalid_count: 0; positive_reward_count: 53; success_count: 24; episode_count: 27; dead_end_count: 3; best_tax_advantage: 198.0; avg_entropy: 0.21721865751896985; random_action_prob: 0.1561; random_exploration_count: 17; saved_snapshots: 0
form_subcorp 0.0 37
buy_stock 0.0 27
compensate_employees 0.44336219336219335 28
liquidate_corp 0.9906705948372614 36
update_start: 95; random_action_prob: 0.1553
update_complete: 95; loss: 0.03560893299678961; cumulative_reward: 39.80808080808081; invalid_count: 0; positive_reward_count: 43; success_count: 20; episode_count: 25; dead_end_count: 4; best_tax_advantage: 198.0; avg_entropy: 0.2206583912775386; random_action_prob: 0.1553; random_exploration_count: 20; saved_snapshots: 0
form_subcorp 0.0 41
buy_stock 0.0 25
compensate_employees 0.472910927456382 22
liquidate_corp 0.7351010101010101 40
update_start: 96; random_action_prob: 0.1545
update_complete: 96; loss: 0.06727335105339687; cumulative_reward: 48.18434343434343; invalid_count: 0; positive_reward_count: 54; success_count: 24; episode_count: 26; dead_end_count: 1; best_tax_advantage: 198.0; avg_entropy: 0.1899964610929601; random_action_prob: 0.1545; random_exploration_count: 15; saved_snapshots: 0
form_subcorp 0.0 37
buy_stock 0.0 26
compensate_employees 0.4144781144781145 30
liquidate_corp 1.0214285714285714 35
update_start: 97; random_action_prob: 0.1537
update_complete: 97; loss: 0.0273130318770806; cumulative_reward: 44.320707070707066; invalid_count: 0; positive_reward_count: 55; success_count: 22; episode_count: 27; dead_end_count: 3; best_tax_advantage: 198.0; avg_entropy: 0.16913235951506067; random_action_prob: 0.1537; random_exploration_count: 25; saved_snapshots: 0
form_subcorp 0.0 36
buy_stock 0.0 27
compensate_employees 0.36710858585858586 32
liquidate_corp 0.9870676461585554 33
update_start: 98; random_action_prob: 0.1530
update_complete: 98; loss: 0.05685864264766375; cumulative_reward: 51.01010101010101; invalid_count: 0; positive_reward_count: 53; success_count: 26; episode_count: 30; dead_end_count: 4; best_tax_advantage: 198.0; avg_entropy: 0.14514753529510926; random_action_prob: 0.1530; random_exploration_count: 28; saved_snapshots: 0
form_subcorp 0.0 36
buy_stock 0.0 30
compensate_employees 0.4816685372240928 27
liquidate_corp 1.0858585858585859 35
update_start: 99; random_action_prob: 0.1522
update_complete: 99; loss: 0.016141326787571113; cumulative_reward: 55.25; invalid_count: 0; positive_reward_count: 56; success_count: 28; episode_count: 31; dead_end_count: 3; best_tax_advantage: 198.0; avg_entropy: 0.08666190737858415; random_action_prob: 0.1522; random_exploration_count: 12; saved_snapshots: 0
form_subcorp 0.0 35
buy_stock 0.0 31
compensate_employees 0.5 28
liquidate_corp 1.213235294117647 34
2026-07-10T17:08:12 completed subsidiary_stock_comp run=2 elapsed_seconds=701.69 updates_logged=100
2026-07-10T17:08:12 running subsidiary_stock_comp run=3 seed=1732
update_start: 0; random_action_prob: 0.2500
update_complete: 0; loss: 1.4436170657475789; cumulative_reward: 5.222222222222222; invalid_count: 0; positive_reward_count: 53; success_count: 3; episode_count: 25; dead_end_count: 16; best_tax_advantage: 198.0; avg_entropy: 0.6777104109060019; random_action_prob: 0.2500; random_exploration_count: 33; saved_snapshots: 0
form_subcorp 0.0 30
buy_stock 0.0 26
compensate_employees 0.07637600494743352 49
liquidate_corp 0.06433904259991217 23
update_start: 1; random_action_prob: 0.2487
update_complete: 1; loss: 1.565645416577657; cumulative_reward: 20.174242424242422; invalid_count: 0; positive_reward_count: 51; success_count: 9; episode_count: 21; dead_end_count: 7; best_tax_advantage: 198.0; avg_entropy: 0.472989285713993; random_action_prob: 0.2487; random_exploration_count: 27; saved_snapshots: 0
form_subcorp 0.0 35
buy_stock 0.0 22
compensate_employees 0.18440502586844051 41
liquidate_corp 0.42045454545454547 30
update_start: 2; random_action_prob: 0.2475
update_complete: 2; loss: 0.9001319209734598; cumulative_reward: 27.762626262626263; invalid_count: 0; positive_reward_count: 58; success_count: 13; episode_count: 24; dead_end_count: 6; best_tax_advantage: 198.0; avg_entropy: 0.4960293476469815; random_action_prob: 0.2475; random_exploration_count: 25; saved_snapshots: 0
form_subcorp 0.0 33
buy_stock 0.0 24
compensate_employees 0.20153920153920155 42
liquidate_corp 0.6654475792406828 29
update_start: 3; random_action_prob: 0.2463
update_complete: 3; loss: 0.6034189263979594; cumulative_reward: 29.421717171717166; invalid_count: 0; positive_reward_count: 54; success_count: 14; episode_count: 23; dead_end_count: 3; best_tax_advantage: 198.0; avg_entropy: 0.44573598564602435; random_action_prob: 0.2463; random_exploration_count: 25; saved_snapshots: 0
form_subcorp 0.0 36
buy_stock 0.0 23
compensate_employees 0.22416472416472416 39
liquidate_corp 0.6893097643097643 30
update_start: 4; random_action_prob: 0.2450
update_complete: 4; loss: 0.34610400597254437; cumulative_reward: 26.686868686868685; invalid_count: 0; positive_reward_count: 40; success_count: 13; episode_count: 21; dead_end_count: 4; best_tax_advantage: 198.0; avg_entropy: 0.4205833622254431; random_action_prob: 0.2450; random_exploration_count: 36; saved_snapshots: 0
form_subcorp 0.0 43
buy_stock 0.0 21
compensate_employees 0.290986790986791 26
liquidate_corp 0.5031897926634769 38
update_start: 5; random_action_prob: 0.2438
update_complete: 5; loss: 0.3832252224286397; cumulative_reward: 35.91414141414141; invalid_count: 0; positive_reward_count: 39; success_count: 18; episode_count: 22; dead_end_count: 2; best_tax_advantage: 198.0; avg_entropy: 0.3068800512701273; random_action_prob: 0.2438; random_exploration_count: 26; saved_snapshots: 0
form_subcorp 0.0 44
buy_stock 0.0 22
compensate_employees 0.44805194805194803 21
liquidate_corp 0.6464646464646465 41
update_start: 6; random_action_prob: 0.2426
update_complete: 6; loss: 0.12339147925376892; cumulative_reward: 36.82575757575758; invalid_count: 0; positive_reward_count: 52; success_count: 18; episode_count: 23; dead_end_count: 3; best_tax_advantage: 198.0; avg_entropy: 0.33759304333943874; random_action_prob: 0.2426; random_exploration_count: 31; saved_snapshots: 0
form_subcorp 0.0 37
buy_stock 0.0 23
compensate_employees 0.30808080808080807 33
liquidate_corp 0.7616883116883117 35
update_start: 7; random_action_prob: 0.2414
update_complete: 7; loss: 0.16046111285686493; cumulative_reward: 39.26010101010101; invalid_count: 0; positive_reward_count: 42; success_count: 20; episode_count: 24; dead_end_count: 3; best_tax_advantage: 198.0; avg_entropy: 0.2525340882129967; random_action_prob: 0.2414; random_exploration_count: 29; saved_snapshots: 0
form_subcorp 0.0 42
buy_stock 0.0 24
compensate_employees 0.45500459136822774 22
liquidate_corp 0.73125 40
update_start: 8; random_action_prob: 0.2402
update_complete: 8; loss: 0.09994776050249736; cumulative_reward: 38.007575757575765; invalid_count: 0; positive_reward_count: 50; success_count: 19; episode_count: 28; dead_end_count: 7; best_tax_advantage: 198.0; avg_entropy: 0.3028568725567311; random_action_prob: 0.2402; random_exploration_count: 38; saved_snapshots: 0
form_subcorp 0.0 37
buy_stock 0.0 27
compensate_employees 0.3599791013584117 29
liquidate_corp 0.7876623376623376 35
update_start: 9; random_action_prob: 0.2390
update_complete: 9; loss: 0.12698528915643692; cumulative_reward: 44.5; invalid_count: 0; positive_reward_count: 46; success_count: 23; episode_count: 29; dead_end_count: 6; best_tax_advantage: 198.0; avg_entropy: 0.18869939708383754; random_action_prob: 0.2390; random_exploration_count: 36; saved_snapshots: 0
form_subcorp 0.0 38
buy_stock 0.0 29
compensate_employees 0.5 23
liquidate_corp 0.868421052631579 38
update_start: 10; random_action_prob: 0.2378
update_complete: 10; loss: 0.1215347448984782; cumulative_reward: 39.01010101010101; invalid_count: 0; positive_reward_count: 56; success_count: 19; episode_count: 26; dead_end_count: 4; best_tax_advantage: 198.0; avg_entropy: 0.2825353088846896; random_action_prob: 0.2378; random_exploration_count: 39; saved_snapshots: 0
form_subcorp 0.0 35
buy_stock 0.0 26
compensate_employees 0.3077922077922078 35
liquidate_corp 0.8824179292929293 32
update_start: 11; random_action_prob: 0.2366
update_complete: 11; loss: 0.06222241868575414; cumulative_reward: 47.44444444444444; invalid_count: 0; positive_reward_count: 52; success_count: 24; episode_count: 28; dead_end_count: 4; best_tax_advantage: 198.0; avg_entropy: 0.21985966170905158; random_action_prob: 0.2366; random_exploration_count: 29; saved_snapshots: 0
form_subcorp 0.0 36
buy_stock 0.0 29
compensate_employees 0.43650793650793646 28
liquidate_corp 1.0063492063492063 35
update_start: 12; random_action_prob: 0.2354
update_complete: 12; loss: 0.1057719960808754; cumulative_reward: 44.098484848484844; invalid_count: 0; positive_reward_count: 56; success_count: 22; episode_count: 27; dead_end_count: 3; best_tax_advantage: 198.0; avg_entropy: 0.2754382589191664; random_action_prob: 0.2354; random_exploration_count: 33; saved_snapshots: 0
form_subcorp 0.0 35
buy_stock 0.0 27
compensate_employees 0.34848484848484845 34
liquidate_corp 1.0078125 32
update_start: 13; random_action_prob: 0.2342
update_complete: 13; loss: 0.10100907211502393; cumulative_reward: 31.494949494949502; invalid_count: 0; positive_reward_count: 50; success_count: 15; episode_count: 23; dead_end_count: 4; best_tax_advantage: 198.0; avg_entropy: 0.3032741945935413; random_action_prob: 0.2342; random_exploration_count: 28; saved_snapshots: 0
form_subcorp 0.0 38
buy_stock 0.0 22
compensate_employees 0.2780838689929599 33
liquidate_corp 0.6376623376623376 35
update_start: 14; random_action_prob: 0.2331
update_complete: 14; loss: 0.09475471079349518; cumulative_reward: 49.64646464646464; invalid_count: 0; positive_reward_count: 58; success_count: 25; episode_count: 30; dead_end_count: 4; best_tax_advantage: 198.0; avg_entropy: 0.1521235249383608; random_action_prob: 0.2331; random_exploration_count: 23; saved_snapshots: 0
form_subcorp 0.0 33
buy_stock 0.0 30
compensate_employees 0.39501071319253134 33
liquidate_corp 1.1440972222222223 32
update_start: 15; random_action_prob: 0.2319
update_complete: 15; loss: 0.10374268144369125; cumulative_reward: 44.67676767676768; invalid_count: 0; positive_reward_count: 61; success_count: 22; episode_count: 28; dead_end_count: 4; best_tax_advantage: 198.0; avg_entropy: 0.19425453504663892; random_action_prob: 0.2319; random_exploration_count: 31; saved_snapshots: 0
form_subcorp 0.0 32
buy_stock 0.0 28
compensate_employees 0.32270069112174377 38
liquidate_corp 1.0804713804713804 30
update_start: 16; random_action_prob: 0.2307
update_complete: 16; loss: 0.09405144304037094; cumulative_reward: 48.76767676767676; invalid_count: 0; positive_reward_count: 62; success_count: 24; episode_count: 28; dead_end_count: 2; best_tax_advantage: 198.0; avg_entropy: 0.1812760051980149; random_action_prob: 0.2307; random_exploration_count: 24; saved_snapshots: 0
form_subcorp 0.0 32
buy_stock 0.0 29
compensate_employees 0.34901648059542795 38
liquidate_corp 1.224312086381052 29
update_start: 17; random_action_prob: 0.2296
update_complete: 17; loss: 0.05094325542449951; cumulative_reward: 45.67929292929294; invalid_count: 0; positive_reward_count: 68; success_count: 22; episode_count: 29; dead_end_count: 5; best_tax_advantage: 198.0; avg_entropy: 0.19695033942116424; random_action_prob: 0.2296; random_exploration_count: 24; saved_snapshots: 0
form_subcorp 0.0 29
buy_stock 0.0 29
compensate_employees 0.29750998355649516 43
liquidate_corp 1.218013468013468 27
update_start: 18; random_action_prob: 0.2284
update_complete: 18; loss: 0.0840929349263509; cumulative_reward: 48.262626262626256; invalid_count: 0; positive_reward_count: 60; success_count: 24; episode_count: 30; dead_end_count: 4; best_tax_advantage: 198.0; avg_entropy: 0.1605564822530141; random_action_prob: 0.2284; random_exploration_count: 34; saved_snapshots: 0
form_subcorp 0.0 32
buy_stock 0.0 30
compensate_employees 0.3669552669552669 35
liquidate_corp 1.142554578038449 31
update_start: 19; random_action_prob: 0.2273
update_complete: 19; loss: 0.04283596823612849; cumulative_reward: 51.67424242424242; invalid_count: 0; positive_reward_count: 58; success_count: 26; episode_count: 30; dead_end_count: 3; best_tax_advantage: 198.0; avg_entropy: 0.13112722017103806; random_action_prob: 0.2273; random_exploration_count: 33; saved_snapshots: 0
form_subcorp 0.0 34
buy_stock 0.0 30
compensate_employees 0.41950757575757575 32
liquidate_corp 1.1953125 32
update_start: 20; random_action_prob: 0.2262
update_complete: 20; loss: 0.0765414113799731; cumulative_reward: 43.56818181818181; invalid_count: 0; positive_reward_count: 48; success_count: 22; episode_count: 28; dead_end_count: 5; best_tax_advantage: 198.0; avg_entropy: 0.12878339987946674; random_action_prob: 0.2262; random_exploration_count: 27; saved_snapshots: 0
form_subcorp 0.0 38
buy_stock 0.0 28
compensate_employees 0.4563636363636363 25
liquidate_corp 0.8691646191646191 37
update_start: 21; random_action_prob: 0.2250
update_complete: 21; loss: 0.06269806250929832; cumulative_reward: 42.666666666666686; invalid_count: 0; positive_reward_count: 53; success_count: 22; episode_count: 31; dead_end_count: 8; best_tax_advantage: 198.0; avg_entropy: 0.16828449864988215; random_action_prob: 0.2250; random_exploration_count: 28; saved_snapshots: 0
form_subcorp 0.0 34
buy_stock 0.0 31
compensate_employees 0.37259693711306613 31
liquidate_corp 0.9723800505050505 32
update_start: 22; random_action_prob: 0.2239
update_complete: 22; loss: 0.06146723528703054; cumulative_reward: 45.39646464646465; invalid_count: 0; positive_reward_count: 54; success_count: 23; episode_count: 29; dead_end_count: 5; best_tax_advantage: 198.0; avg_entropy: 0.17421368055511266; random_action_prob: 0.2239; random_exploration_count: 25; saved_snapshots: 0
form_subcorp 0.0 35
buy_stock 0.0 29
compensate_employees 0.38823721081785595 31
liquidate_corp 1.010942760942761 33
update_start: 23; random_action_prob: 0.2228
update_complete: 23; loss: 0.06751008083422978; cumulative_reward: 45.15151515151515; invalid_count: 0; positive_reward_count: 59; success_count: 22; episode_count: 28; dead_end_count: 4; best_tax_advantage: 198.0; avg_entropy: 0.20610637264326215; random_action_prob: 0.2228; random_exploration_count: 24; saved_snapshots: 0
form_subcorp 0.0 34
buy_stock 0.0 28
compensate_employees 0.3528138528138528 35
liquidate_corp 1.0581622678396871 31
update_start: 24; random_action_prob: 0.2217
update_complete: 24; loss: 0.06185099730889002; cumulative_reward: 44.98232323232324; invalid_count: 0; positive_reward_count: 52; success_count: 23; episode_count: 29; dead_end_count: 5; best_tax_advantage: 198.0; avg_entropy: 0.20256756275193766; random_action_prob: 0.2217; random_exploration_count: 38; saved_snapshots: 0
form_subcorp 0.0 36
buy_stock 0.0 29
compensate_employees 0.40456287008011144 29
liquidate_corp 0.9779411764705882 34
update_start: 25; random_action_prob: 0.2206
update_complete: 25; loss: 0.09075398991505305; cumulative_reward: 43.86616161616161; invalid_count: 0; positive_reward_count: 50; success_count: 22; episode_count: 30; dead_end_count: 7; best_tax_advantage: 198.0; avg_entropy: 0.20026199087442365; random_action_prob: 0.2206; random_exploration_count: 31; saved_snapshots: 0
form_subcorp 0.0 36
buy_stock 0.0 30
compensate_employees 0.4541569541569542 26
liquidate_corp 0.8905022446689114 36
update_start: 26; random_action_prob: 0.2195
update_complete: 26; loss: 0.04610477015376091; cumulative_reward: 32.36363636363636; invalid_count: 0; positive_reward_count: 47; success_count: 16; episode_count: 26; dead_end_count: 8; best_tax_advantage: 198.0; avg_entropy: 0.33056159618718084; random_action_prob: 0.2195; random_exploration_count: 30; saved_snapshots: 0
form_subcorp 0.0 38
buy_stock 0.0 26
compensate_employees 0.3293277603622431 29
liquidate_corp 0.6518037518037518 35
update_start: 27; random_action_prob: 0.2184
update_complete: 27; loss: 0.029610416541496914; cumulative_reward: 42.91666666666667; invalid_count: 0; positive_reward_count: 53; success_count: 21; episode_count: 26; dead_end_count: 3; best_tax_advantage: 198.0; avg_entropy: 0.3126431054988643; random_action_prob: 0.2184; random_exploration_count: 27; saved_snapshots: 0
form_subcorp 0.0 37
buy_stock 0.0 25
compensate_employees 0.3777777777777778 30
liquidate_corp 0.8773148148148148 36
update_start: 28; random_action_prob: 0.2173
update_complete: 28; loss: 0.03291752810279528; cumulative_reward: 44.34595959595959; invalid_count: 0; positive_reward_count: 48; success_count: 22; episode_count: 27; dead_end_count: 5; best_tax_advantage: 198.0; avg_entropy: 0.25554280320648104; random_action_prob: 0.2173; random_exploration_count: 34; saved_snapshots: 0
form_subcorp 0.0 39
buy_stock 0.0 27
compensate_employees 0.49158249158249157 24
liquidate_corp 0.8565257841573631 38
update_start: 29; random_action_prob: 0.2162
update_complete: 29; loss: 0.02570762236913045; cumulative_reward: 47.80808080808081; invalid_count: 0; positive_reward_count: 51; success_count: 24; episode_count: 28; dead_end_count: 4; best_tax_advantage: 198.0; avg_entropy: 0.21019647385401186; random_action_prob: 0.2162; random_exploration_count: 30; saved_snapshots: 0
form_subcorp 0.0 37
buy_stock 0.0 29
compensate_employees 0.4770784770784771 26
liquidate_corp 0.9834455667789 36
update_start: 30; random_action_prob: 0.2151
update_complete: 30; loss: 0.02936841237048308; cumulative_reward: 45.91414141414141; invalid_count: 0; positive_reward_count: 50; success_count: 23; episode_count: 26; dead_end_count: 2; best_tax_advantage: 198.0; avg_entropy: 0.21869816714752233; random_action_prob: 0.2151; random_exploration_count: 29; saved_snapshots: 0
form_subcorp 0.0 38
buy_stock 0.0 27
compensate_employees 0.44126449682005237 27
liquidate_corp 0.9444444444444444 36
update_start: 31; random_action_prob: 0.2140
update_complete: 31; loss: 0.021524664325018723; cumulative_reward: 39.52272727272728; invalid_count: 0; positive_reward_count: 51; success_count: 19; episode_count: 24; dead_end_count: 1; best_tax_advantage: 198.0; avg_entropy: 0.273525781747594; random_action_prob: 0.2140; random_exploration_count: 28; saved_snapshots: 0
form_subcorp 0.0 38
buy_stock 0.0 25
compensate_employees 0.35011404366243076 31
liquidate_corp 0.8432115270350565 34
update_start: 32; random_action_prob: 0.2130
update_complete: 32; loss: 0.04121717686454455; cumulative_reward: 44.25252525252525; invalid_count: 0; positive_reward_count: 58; success_count: 22; episode_count: 28; dead_end_count: 4; best_tax_advantage: 198.0; avg_entropy: 0.23646390661451733; random_action_prob: 0.2130; random_exploration_count: 31; saved_snapshots: 0
form_subcorp 0.0 33
buy_stock 0.0 29
compensate_employees 0.340347923681257 36
liquidate_corp 1.0666666666666667 30
update_start: 33; random_action_prob: 0.2119
update_complete: 33; loss: 0.037696296349167824; cumulative_reward: 53.648989898989896; invalid_count: 0; positive_reward_count: 55; success_count: 27; episode_count: 30; dead_end_count: 3; best_tax_advantage: 198.0; avg_entropy: 0.09079735900013475; random_action_prob: 0.2119; random_exploration_count: 17; saved_snapshots: 0
form_subcorp 0.0 35
buy_stock 0.0 31
compensate_employees 0.49639249639249644 28
liquidate_corp 1.1691176470588236 34
update_start: 34; random_action_prob: 0.2108
update_complete: 34; loss: 0.08919269094864528; cumulative_reward: 46.91666666666667; invalid_count: 0; positive_reward_count: 61; success_count: 23; episode_count: 28; dead_end_count: 3; best_tax_advantage: 198.0; avg_entropy: 0.20665126029052772; random_action_prob: 0.2108; random_exploration_count: 28; saved_snapshots: 0
form_subcorp 0.0 33
buy_stock 0.0 28
compensate_employees 0.34493584493584495 37
liquidate_corp 1.1384680134680134 30
update_start: 35; random_action_prob: 0.2098
update_complete: 35; loss: 0.06952433784802754; cumulative_reward: 48.583333333333336; invalid_count: 0; positive_reward_count: 55; success_count: 24; episode_count: 26; dead_end_count: 1; best_tax_advantage: 198.0; avg_entropy: 0.13993686460889876; random_action_prob: 0.2098; random_exploration_count: 30; saved_snapshots: 0
form_subcorp 0.0 36
buy_stock 0.0 27
compensate_employees 0.41397849462365593 31
liquidate_corp 1.0514705882352942 34
update_start: 36; random_action_prob: 0.2087
update_complete: 36; loss: 0.05208302785952886; cumulative_reward: 44.12878787878787; invalid_count: 0; positive_reward_count: 57; success_count: 22; episode_count: 30; dead_end_count: 7; best_tax_advantage: 198.0; avg_entropy: 0.16662463247484993; random_action_prob: 0.2087; random_exploration_count: 24; saved_snapshots: 0
form_subcorp 0.0 33
buy_stock 0.0 31
compensate_employees 0.36838077747168657 33
liquidate_corp 1.0313620071684588 31
update_start: 37; random_action_prob: 0.2077
update_complete: 37; loss: 0.039483945816755295; cumulative_reward: 44.55555555555556; invalid_count: 0; positive_reward_count: 56; success_count: 22; episode_count: 28; dead_end_count: 4; best_tax_advantage: 198.0; avg_entropy: 0.19097517360933125; random_action_prob: 0.2077; random_exploration_count: 33; saved_snapshots: 0
form_subcorp 0.0 35
buy_stock 0.0 28
compensate_employees 0.36838077747168657 33
liquidate_corp 1.0124684343434343 32
update_start: 38; random_action_prob: 0.2066
update_complete: 38; loss: 0.08965231229861577; cumulative_reward: 43.118686868686865; invalid_count: 0; positive_reward_count: 51; success_count: 22; episode_count: 29; dead_end_count: 7; best_tax_advantage: 198.0; avg_entropy: 0.18122920277528465; random_action_prob: 0.2066; random_exploration_count: 32; saved_snapshots: 0
form_subcorp 0.0 36
buy_stock 0.0 29
compensate_employees 0.4083694083694084 28
liquidate_corp 0.9052669552669553 35
update_start: 39; random_action_prob: 0.2056
update_complete: 39; loss: 0.03649591778715452; cumulative_reward: 47.65656565656567; invalid_count: 0; positive_reward_count: 55; success_count: 24; episode_count: 30; dead_end_count: 6; best_tax_advantage: 198.0; avg_entropy: 0.15691685777710518; random_action_prob: 0.2056; random_exploration_count: 21; saved_snapshots: 0
form_subcorp 0.0 34
buy_stock 0.0 31
compensate_employees 0.4276094276094276 30
liquidate_corp 1.0554025099479645 33
update_start: 40; random_action_prob: 0.2046
update_complete: 40; loss: 0.014258219860494137; cumulative_reward: 50.18939393939393; invalid_count: 0; positive_reward_count: 56; success_count: 25; episode_count: 30; dead_end_count: 5; best_tax_advantage: 198.0; avg_entropy: 0.16974986685090698; random_action_prob: 0.2046; random_exploration_count: 21; saved_snapshots: 0
form_subcorp 0.0 34
buy_stock 0.0 31
compensate_employees 0.4407407407407407 30
liquidate_corp 1.1202173247627794 33
update_start: 41; random_action_prob: 0.2036
update_complete: 41; loss: 0.034703840191165604; cumulative_reward: 52.868686868686886; invalid_count: 0; positive_reward_count: 63; success_count: 26; episode_count: 29; dead_end_count: 2; best_tax_advantage: 198.0; avg_entropy: 0.13337928510736674; random_action_prob: 0.2036; random_exploration_count: 22; saved_snapshots: 0
form_subcorp 0.0 32
buy_stock 0.0 30
compensate_employees 0.3902918069584736 36
liquidate_corp 1.293939393939394 30
update_start: 42; random_action_prob: 0.2025
update_complete: 42; loss: 0.050433131555716194; cumulative_reward: 45.01010101010101; invalid_count: 0; positive_reward_count: 48; success_count: 23; episode_count: 29; dead_end_count: 6; best_tax_advantage: 198.0; avg_entropy: 0.14644187927478924; random_action_prob: 0.2025; random_exploration_count: 29; saved_snapshots: 0
form_subcorp 0.0 37
buy_stock 0.0 30
compensate_employees 0.4802020202020202 25
liquidate_corp 0.9168069584736251 36
update_start: 43; random_action_prob: 0.2015
update_complete: 43; loss: 0.028901963184277218; cumulative_reward: 43.744949494949495; invalid_count: 0; positive_reward_count: 58; success_count: 21; episode_count: 29; dead_end_count: 7; best_tax_advantage: 198.0; avg_entropy: 0.2376715178397717; random_action_prob: 0.2015; random_exploration_count: 28; saved_snapshots: 0
form_subcorp 0.0 33
buy_stock 0.0 30
compensate_employees 0.37113559840832566 33
liquidate_corp 0.9842960858585859 32
update_start: 44; random_action_prob: 0.2005
update_complete: 44; loss: 0.06531024848421414; cumulative_reward: 45.03282828282829; invalid_count: 0; positive_reward_count: 57; success_count: 22; episode_count: 28; dead_end_count: 5; best_tax_advantage: 198.0; avg_entropy: 0.19531141963670962; random_action_prob: 0.2005; random_exploration_count: 30; saved_snapshots: 0
form_subcorp 0.0 34
buy_stock 0.0 29
compensate_employees 0.37941919191919193 32
liquidate_corp 0.9967095194367921 33
update_start: 45; random_action_prob: 0.1995
update_complete: 45; loss: 0.029708827535311382; cumulative_reward: 45.26515151515152; invalid_count: 0; positive_reward_count: 58; success_count: 22; episode_count: 28; dead_end_count: 5; best_tax_advantage: 198.0; avg_entropy: 0.15313758281990886; random_action_prob: 0.1995; random_exploration_count: 28; saved_snapshots: 0
form_subcorp 0.0 34
buy_stock 0.0 28
compensate_employees 0.3714416896235078 33
liquidate_corp 1.0002295684113867 33
update_start: 46; random_action_prob: 0.1985
update_complete: 46; loss: 0.039104962100585304; cumulative_reward: 44.138888888888886; invalid_count: 0; positive_reward_count: 57; success_count: 22; episode_count: 30; dead_end_count: 7; best_tax_advantage: 198.0; avg_entropy: 0.1618485334183788; random_action_prob: 0.1985; random_exploration_count: 25; saved_snapshots: 0
form_subcorp 0.0 33
buy_stock 0.0 30
compensate_employees 0.3653198653198653 33
liquidate_corp 1.0026041666666667 32
update_start: 47; random_action_prob: 0.1975
update_complete: 47; loss: 0.07020304352045059; cumulative_reward: 50.646464646464636; invalid_count: 0; positive_reward_count: 58; success_count: 25; episode_count: 31; dead_end_count: 6; best_tax_advantage: 198.0; avg_entropy: 0.12453290339908563; random_action_prob: 0.1975; random_exploration_count: 25; saved_snapshots: 0
form_subcorp 0.0 33
buy_stock 0.0 32
compensate_employees 0.4459107201042685 31
liquidate_corp 1.1507260101010102 32
update_start: 48; random_action_prob: 0.1965
update_complete: 48; loss: 0.049631521105766296; cumulative_reward: 56.13636363636365; invalid_count: 0; positive_reward_count: 60; success_count: 28; episode_count: 30; dead_end_count: 2; best_tax_advantage: 198.0; avg_entropy: 0.10422445691074245; random_action_prob: 0.1965; random_exploration_count: 20; saved_snapshots: 0
form_subcorp 0.0 34
buy_stock 0.0 30
compensate_employees 0.46187683284457476 31
liquidate_corp 1.2672176308539946 33
update_start: 49; random_action_prob: 0.1956
update_complete: 49; loss: 0.03793336513141791; cumulative_reward: 52.62626262626262; invalid_count: 0; positive_reward_count: 59; success_count: 26; episode_count: 30; dead_end_count: 4; best_tax_advantage: 198.0; avg_entropy: 0.11679744080174714; random_action_prob: 0.1956; random_exploration_count: 20; saved_snapshots: 0
form_subcorp 0.0 34
buy_stock 0.0 30
compensate_employees 0.44558488106875205 31
liquidate_corp 1.1761554943373125 33
update_start: 50; random_action_prob: 0.1946
update_complete: 50; loss: 0.03335626175006231; cumulative_reward: 53.290404040404034; invalid_count: 0; positive_reward_count: 63; success_count: 26; episode_count: 30; dead_end_count: 3; best_tax_advantage: 198.0; avg_entropy: 0.1284641225647647; random_action_prob: 0.1946; random_exploration_count: 15; saved_snapshots: 0
form_subcorp 0.0 32
buy_stock 0.0 31
compensate_employees 0.40678210678210674 35
liquidate_corp 1.301767676767677 30
update_start: 51; random_action_prob: 0.1936
update_complete: 51; loss: 0.033363030602534614; cumulative_reward: 45.99747474747474; invalid_count: 0; positive_reward_count: 69; success_count: 22; episode_count: 27; dead_end_count: 1; best_tax_advantage: 198.0; avg_entropy: 0.1808128732300247; random_action_prob: 0.1936; random_exploration_count: 28; saved_snapshots: 0
form_subcorp 0.0 29
buy_stock 0.0 28
compensate_employees 0.28304787000439174 46
liquidate_corp 1.319090909090909 25
update_start: 52; random_action_prob: 0.1926
update_complete: 52; loss: 0.05087937414646149; cumulative_reward: 53.51010101010101; invalid_count: 0; positive_reward_count: 56; success_count: 27; episode_count: 31; dead_end_count: 4; best_tax_advantage: 198.0; avg_entropy: 0.11261600982106756; random_action_prob: 0.1926; random_exploration_count: 23; saved_snapshots: 0
form_subcorp 0.0 34
buy_stock 0.0 32
compensate_employees 0.4829327760362243 29
liquidate_corp 1.1971227425772881 33
update_start: 53; random_action_prob: 0.1917
update_complete: 53; loss: 0.018106258784731228; cumulative_reward: 53.09090909090909; invalid_count: 0; positive_reward_count: 64; success_count: 26; episode_count: 29; dead_end_count: 2; best_tax_advantage: 198.0; avg_entropy: 0.10881027318100678; random_action_prob: 0.1917; random_exploration_count: 19; saved_snapshots: 0
form_subcorp 0.0 31
buy_stock 0.0 30
compensate_employees 0.3753322700691122 38
liquidate_corp 1.3389063044235459 29
update_start: 54; random_action_prob: 0.1907
update_complete: 54; loss: 0.0343187190592289; cumulative_reward: 44.81060606060606; invalid_count: 0; positive_reward_count: 57; success_count: 22; episode_count: 28; dead_end_count: 5; best_tax_advantage: 198.0; avg_entropy: 0.1400781420088606; random_action_prob: 0.1907; random_exploration_count: 23; saved_snapshots: 0
form_subcorp 0.0 34
buy_stock 0.0 28
compensate_employees 0.37113559840832566 33
liquidate_corp 0.9867615549433731 33
update_start: 55; random_action_prob: 0.1898
update_complete: 55; loss: 0.020787428754071396; cumulative_reward: 52.36868686868688; invalid_count: 0; positive_reward_count: 64; success_count: 26; episode_count: 30; dead_end_count: 2; best_tax_advantage: 198.0; avg_entropy: 0.08493760126293637; random_action_prob: 0.1898; random_exploration_count: 20; saved_snapshots: 0
form_subcorp 0.0 31
buy_stock 0.0 30
compensate_employees 0.3649654439128123 38
liquidate_corp 1.3275862068965518 29
update_start: 56; random_action_prob: 0.1888
update_complete: 56; loss: 0.02512407675385475; cumulative_reward: 52.57828282828283; invalid_count: 0; positive_reward_count: 58; success_count: 26; episode_count: 29; dead_end_count: 3; best_tax_advantage: 198.0; avg_entropy: 0.10717038319126004; random_action_prob: 0.1888; random_exploration_count: 23; saved_snapshots: 0
form_subcorp 0.0 34
buy_stock 0.0 30
compensate_employees 0.44884327142391656 31
liquidate_corp 1.1716406489133762 33
update_start: 57; random_action_prob: 0.1879
update_complete: 57; loss: 0.06874922911326091; cumulative_reward: 45.35858585858586; invalid_count: 0; positive_reward_count: 52; success_count: 23; episode_count: 30; dead_end_count: 6; best_tax_advantage: 198.0; avg_entropy: 0.1531256700072845; random_action_prob: 0.1879; random_exploration_count: 31; saved_snapshots: 0
form_subcorp 0.0 35
buy_stock 0.0 30
compensate_employees 0.42604617604617606 28
liquidate_corp 0.955122655122655 35
update_start: 58; random_action_prob: 0.1869
update_complete: 58; loss: 0.01982949177424113; cumulative_reward: 53.65656565656566; invalid_count: 0; positive_reward_count: 61; success_count: 26; episode_count: 29; dead_end_count: 2; best_tax_advantage: 198.0; avg_entropy: 0.17392963478778256; random_action_prob: 0.1869; random_exploration_count: 23; saved_snapshots: 0
form_subcorp 0.0 33
buy_stock 0.0 30
compensate_employees 0.4341903887358433 33
liquidate_corp 1.2290088383838385 32
update_start: 59; random_action_prob: 0.1860
update_complete: 59; loss: 0.021688418462872505; cumulative_reward: 51.19444444444444; invalid_count: 0; positive_reward_count: 60; success_count: 25; episode_count: 29; dead_end_count: 3; best_tax_advantage: 198.0; avg_entropy: 0.16783998992468696; random_action_prob: 0.1860; random_exploration_count: 17; saved_snapshots: 0
form_subcorp 0.0 33
buy_stock 0.0 30
compensate_employees 0.40998217468805703 34
liquidate_corp 1.2017758227435646 31
update_start: 60; random_action_prob: 0.1851
update_complete: 60; loss: 0.04289882878462473; cumulative_reward: 39.12373737373739; invalid_count: 0; positive_reward_count: 63; success_count: 18; episode_count: 24; dead_end_count: 3; best_tax_advantage: 198.0; avg_entropy: 0.27722067189461086; random_action_prob: 0.1851; random_exploration_count: 26; saved_snapshots: 0
form_subcorp 0.0 32
buy_stock 0.0 25
compensate_employees 0.2765752765752766 42
liquidate_corp 0.9485370950888192 29
update_start: 61; random_action_prob: 0.1841
update_complete: 61; loss: 0.04958673442403475; cumulative_reward: 51.5; invalid_count: 0; positive_reward_count: 52; success_count: 26; episode_count: 28; dead_end_count: 2; best_tax_advantage: 198.0; avg_entropy: 0.13366182081517763; random_action_prob: 0.1841; random_exploration_count: 24; saved_snapshots: 0
form_subcorp 0.0 37
buy_stock 0.0 29
compensate_employees 0.5 26
liquidate_corp 1.0694444444444444 36
update_start: 62; random_action_prob: 0.1832
update_complete: 62; loss: 0.014173774980008602; cumulative_reward: 51.18434343434343; invalid_count: 0; positive_reward_count: 60; success_count: 25; episode_count: 30; dead_end_count: 5; best_tax_advantage: 198.0; avg_entropy: 0.1961996350219124; random_action_prob: 0.1832; random_exploration_count: 23; saved_snapshots: 0
form_subcorp 0.0 33
buy_stock 0.0 31
compensate_employees 0.4286616161616162 32
liquidate_corp 1.1708491161616161 32
update_start: 63; random_action_prob: 0.1823
update_complete: 63; loss: 0.03875422105193138; cumulative_reward: 44.73989898989901; invalid_count: 0; positive_reward_count: 56; success_count: 22; episode_count: 26; dead_end_count: 3; best_tax_advantage: 198.0; avg_entropy: 0.18591445627316716; random_action_prob: 0.1823; random_exploration_count: 22; saved_snapshots: 0
form_subcorp 0.0 35
buy_stock 0.0 27
compensate_employees 0.3656259565350474 33
liquidate_corp 0.9901285583103764 33
update_start: 64; random_action_prob: 0.1814
update_complete: 64; loss: 0.06430922945340474; cumulative_reward: 45.59848484848486; invalid_count: 0; positive_reward_count: 52; success_count: 23; episode_count: 30; dead_end_count: 7; best_tax_advantage: 198.0; avg_entropy: 0.18926375119190197; random_action_prob: 0.1814; random_exploration_count: 28; saved_snapshots: 0
form_subcorp 0.0 35
buy_stock 0.0 31
compensate_employees 0.4437229437229437 28
liquidate_corp 0.9757130124777182 34
update_start: 65; random_action_prob: 0.1805
update_complete: 65; loss: 0.014493184785048166; cumulative_reward: 48.56060606060606; invalid_count: 0; positive_reward_count: 59; success_count: 24; episode_count: 28; dead_end_count: 2; best_tax_advantage: 198.0; avg_entropy: 0.21291388433019165; random_action_prob: 0.1805; random_exploration_count: 15; saved_snapshots: 0
form_subcorp 0.0 34
buy_stock 0.0 28
compensate_employees 0.37012987012987014 35
liquidate_corp 1.1485826001955035 31
update_start: 66; random_action_prob: 0.1796
update_complete: 66; loss: 0.03887152050932249; cumulative_reward: 49.20707070707071; invalid_count: 0; positive_reward_count: 59; success_count: 24; episode_count: 27; dead_end_count: 2; best_tax_advantage: 198.0; avg_entropy: 0.16515596755198203; random_action_prob: 0.1796; random_exploration_count: 22; saved_snapshots: 0
form_subcorp 0.0 34
buy_stock 0.0 28
compensate_employees 0.3895010713192531 33
liquidate_corp 1.1016222834404654 33
update_start: 67; random_action_prob: 0.1787
update_complete: 67; loss: 0.017518169557054836; cumulative_reward: 47.47474747474747; invalid_count: 0; positive_reward_count: 58; success_count: 23; episode_count: 29; dead_end_count: 4; best_tax_advantage: 198.0; avg_entropy: 0.234485226275865; random_action_prob: 0.1787; random_exploration_count: 26; saved_snapshots: 0
form_subcorp 0.0 34
buy_stock 0.0 29
compensate_employees 0.3980429292929293 32
liquidate_corp 1.0526476890113254 33
update_start: 68; random_action_prob: 0.1778
update_complete: 68; loss: 0.06691095729668935; cumulative_reward: 40.51010101010101; invalid_count: 0; positive_reward_count: 43; success_count: 21; episode_count: 27; dead_end_count: 6; best_tax_advantage: 198.0; avg_entropy: 0.2211033488274552; random_action_prob: 0.1778; random_exploration_count: 27; saved_snapshots: 0
form_subcorp 0.0 40
buy_stock 0.0 27
compensate_employees 0.4775022956841139 22
liquidate_corp 0.7693602693602694 39
update_start: 69; random_action_prob: 0.1769
update_complete: 69; loss: 0.038320391128460564; cumulative_reward: 39.0; invalid_count: 0; positive_reward_count: 40; success_count: 20; episode_count: 24; dead_end_count: 4; best_tax_advantage: 198.0; avg_entropy: 0.22659069648943841; random_action_prob: 0.1769; random_exploration_count: 26; saved_snapshots: 0
form_subcorp 0.0 42
buy_stock 0.0 25
compensate_employees 0.5 20
liquidate_corp 0.7073170731707317 41
update_start: 70; random_action_prob: 0.1760
update_complete: 70; loss: 0.03272590724130472; cumulative_reward: 34.33838383838384; invalid_count: 0; positive_reward_count: 43; success_count: 17; episode_count: 26; dead_end_count: 6; best_tax_advantage: 198.0; avg_entropy: 0.3175562405231176; random_action_prob: 0.1760; random_exploration_count: 21; saved_snapshots: 0
form_subcorp 0.0 40
buy_stock 0.0 26
compensate_employees 0.39333333333333337 25
liquidate_corp 0.6622986622986623 37
update_start: 71; random_action_prob: 0.1751
update_complete: 71; loss: 0.03047760824362437; cumulative_reward: 43.67424242424242; invalid_count: 0; positive_reward_count: 47; success_count: 22; episode_count: 27; dead_end_count: 5; best_tax_advantage: 198.0; avg_entropy: 0.22894874666963005; random_action_prob: 0.1751; random_exploration_count: 26; saved_snapshots: 0
form_subcorp 0.0 38
buy_stock 0.0 28
compensate_employees 0.4684848484848485 25
liquidate_corp 0.8638411138411138 37
update_start: 72; random_action_prob: 0.1743
update_complete: 72; loss: 0.01524431367094318; cumulative_reward: 47.18686868686869; invalid_count: 0; positive_reward_count: 57; success_count: 23; episode_count: 26; dead_end_count: 2; best_tax_advantage: 198.0; avg_entropy: 0.21306565664417576; random_action_prob: 0.1743; random_exploration_count: 25; saved_snapshots: 0
form_subcorp 0.0 35
buy_stock 0.0 27
compensate_employees 0.3857323232323232 32
liquidate_corp 1.0248068924539513 34
update_start: 73; random_action_prob: 0.1734
update_complete: 73; loss: 0.07306745524207751; cumulative_reward: 44.43181818181819; invalid_count: 0; positive_reward_count: 56; success_count: 22; episode_count: 27; dead_end_count: 3; best_tax_advantage: 198.0; avg_entropy: 0.21159926429390907; random_action_prob: 0.1734; random_exploration_count: 26; saved_snapshots: 0
form_subcorp 0.0 35
buy_stock 0.0 27
compensate_employees 0.3520499108734403 34
liquidate_corp 1.0144412878787878 32
update_start: 74; random_action_prob: 0.1725
update_complete: 74; loss: 0.022234209192295868; cumulative_reward: 58.25; invalid_count: 0; positive_reward_count: 59; success_count: 29; episode_count: 30; dead_end_count: 1; best_tax_advantage: 198.0; avg_entropy: 0.12876645706637646; random_action_prob: 0.1725; random_exploration_count: 17; saved_snapshots: 0
form_subcorp 0.0 34
buy_stock 0.0 31
compensate_employees 0.5 30
liquidate_corp 1.3106060606060606 33
update_start: 75; random_action_prob: 0.1717
update_complete: 75; loss: 0.054900591572125755; cumulative_reward: 53.893939393939384; invalid_count: 0; positive_reward_count: 59; success_count: 26; episode_count: 30; dead_end_count: 4; best_tax_advantage: 198.0; avg_entropy: 0.12302084606926655; random_action_prob: 0.1717; random_exploration_count: 21; saved_snapshots: 0
form_subcorp 0.0 34
buy_stock 0.0 31
compensate_employees 0.4898989898989899 30
liquidate_corp 1.1877869605142333 33
update_start: 76; random_action_prob: 0.1708
update_complete: 76; loss: 0.03230109686652819; cumulative_reward: 45.282828282828284; invalid_count: 0; positive_reward_count: 59; success_count: 22; episode_count: 31; dead_end_count: 8; best_tax_advantage: 198.0; avg_entropy: 0.24482423159861355; random_action_prob: 0.1708; random_exploration_count: 27; saved_snapshots: 0
form_subcorp 0.0 32
buy_stock 0.0 31
compensate_employees 0.38307315580042856 33
liquidate_corp 1.0200441919191918 32
update_start: 77; random_action_prob: 0.1699
update_complete: 77; loss: 0.04222393284241358; cumulative_reward: 56.3080808080808; invalid_count: 0; positive_reward_count: 59; success_count: 28; episode_count: 30; dead_end_count: 2; best_tax_advantage: 198.0; avg_entropy: 0.1109781258564908; random_action_prob: 0.1699; random_exploration_count: 16; saved_snapshots: 0
form_subcorp 0.0 34
buy_stock 0.0 30
compensate_employees 0.48013468013468014 30
liquidate_corp 1.2324717765894235 34
update_start: 78; random_action_prob: 0.1691
update_complete: 78; loss: 0.08365265776713689; cumulative_reward: 42.34090909090909; invalid_count: 0; positive_reward_count: 56; success_count: 21; episode_count: 30; dead_end_count: 7; best_tax_advantage: 198.0; avg_entropy: 0.19903855914162705; random_action_prob: 0.1691; random_exploration_count: 27; saved_snapshots: 0
form_subcorp 0.0 33
buy_stock 0.0 31
compensate_employees 0.35644322007958373 33
liquidate_corp 0.986396220267188 31
update_start: 79; random_action_prob: 0.1683
update_complete: 79; loss: 0.04148244050641855; cumulative_reward: 57.5; invalid_count: 0; positive_reward_count: 58; success_count: 29; episode_count: 31; dead_end_count: 2; best_tax_advantage: 198.0; avg_entropy: 0.07628447086608503; random_action_prob: 0.1683; random_exploration_count: 22; saved_snapshots: 0
form_subcorp 0.0 34
buy_stock 0.0 32
compensate_employees 0.5 29
liquidate_corp 1.303030303030303 33
update_start: 80; random_action_prob: 0.1674
update_complete: 80; loss: 0.05814256767431895; cumulative_reward: 43.618686868686865; invalid_count: 0; positive_reward_count: 56; success_count: 22; episode_count: 29; dead_end_count: 5; best_tax_advantage: 198.0; avg_entropy: 0.16749966271527228; random_action_prob: 0.1674; random_exploration_count: 21; saved_snapshots: 0
form_subcorp 0.0 34
buy_stock 0.0 29
compensate_employees 0.3490790255496138 34
liquidate_corp 1.0241935483870968 31
update_start: 81; random_action_prob: 0.1666
update_complete: 81; loss: 0.056476619094610214; cumulative_reward: 43.64141414141414; invalid_count: 0; positive_reward_count: 58; success_count: 21; episode_count: 28; dead_end_count: 6; best_tax_advantage: 198.0; avg_entropy: 0.2252910555107519; random_action_prob: 0.1666; random_exploration_count: 31; saved_snapshots: 0
form_subcorp 0.0 33
buy_stock 0.0 29
compensate_employees 0.3550207961972668 34
liquidate_corp 0.9865845959595959 32
update_start: 82; random_action_prob: 0.1657
update_complete: 82; loss: 0.025104360654950142; cumulative_reward: 39.45707070707071; invalid_count: 0; positive_reward_count: 56; success_count: 18; episode_count: 25; dead_end_count: 5; best_tax_advantage: 198.0; avg_entropy: 0.26152894884580746; random_action_prob: 0.1657; random_exploration_count: 19; saved_snapshots: 0
form_subcorp 0.0 36
buy_stock 0.0 25
compensate_employees 0.3547979797979798 32
liquidate_corp 0.802958152958153 35
update_start: 83; random_action_prob: 0.1649
update_complete: 83; loss: 0.050580898920694985; cumulative_reward: 44.106060606060595; invalid_count: 0; positive_reward_count: 49; success_count: 22; episode_count: 28; dead_end_count: 6; best_tax_advantage: 198.0; avg_entropy: 0.22402297859298415; random_action_prob: 0.1649; random_exploration_count: 23; saved_snapshots: 0
form_subcorp 0.0 38
buy_stock 0.0 28
compensate_employees 0.4721212121212121 25
liquidate_corp 0.8730548730548731 37
update_start: 84; random_action_prob: 0.1641
update_complete: 84; loss: 0.01920080619553725; cumulative_reward: 45.46717171717172; invalid_count: 0; positive_reward_count: 56; success_count: 22; episode_count: 26; dead_end_count: 1; best_tax_advantage: 198.0; avg_entropy: 0.24133835972679663; random_action_prob: 0.1641; random_exploration_count: 21; saved_snapshots: 0
form_subcorp 0.0 36
buy_stock 0.0 26
compensate_employees 0.37058080808080807 32
liquidate_corp 0.9884878193701724 34
update_start: 85; random_action_prob: 0.1633
update_complete: 85; loss: 0.03655677785476049; cumulative_reward: 41.18939393939394; invalid_count: 0; positive_reward_count: 50; success_count: 20; episode_count: 26; dead_end_count: 3; best_tax_advantage: 198.0; avg_entropy: 0.245851746716653; random_action_prob: 0.1633; random_exploration_count: 21; saved_snapshots: 0
form_subcorp 0.0 39
buy_stock 0.0 26
compensate_employees 0.39754689754689754 28
liquidate_corp 0.8588023088023089 35
update_start: 86; random_action_prob: 0.1625
update_complete: 86; loss: 0.06986689070860545; cumulative_reward: 49.89646464646466; invalid_count: 0; positive_reward_count: 55; success_count: 25; episode_count: 28; dead_end_count: 3; best_tax_advantage: 198.0; avg_entropy: 0.16607285907957703; random_action_prob: 0.1625; random_exploration_count: 22; saved_snapshots: 0
form_subcorp 0.0 36
buy_stock 0.0 28
compensate_employees 0.44218042493904564 29
liquidate_corp 1.0592352092352093 35
update_start: 87; random_action_prob: 0.1616
update_complete: 87; loss: 0.057402465492486954; cumulative_reward: 41.43939393939394; invalid_count: 0; positive_reward_count: 59; success_count: 20; episode_count: 28; dead_end_count: 6; best_tax_advantage: 198.0; avg_entropy: 0.22285728830320295; random_action_prob: 0.1616; random_exploration_count: 21; saved_snapshots: 0
form_subcorp 0.0 33
buy_stock 0.0 28
compensate_employees 0.32463524130190796 36
liquidate_corp 0.9597588791137178 31
update_start: 88; random_action_prob: 0.1608
update_complete: 88; loss: 0.04218286772569021; cumulative_reward: 50.30808080808081; invalid_count: 0; positive_reward_count: 54; success_count: 25; episode_count: 28; dead_end_count: 2; best_tax_advantage: 198.0; avg_entropy: 0.14191592320639757; random_action_prob: 0.1608; random_exploration_count: 22; saved_snapshots: 0
form_subcorp 0.0 37
buy_stock 0.0 28
compensate_employees 0.461038961038961 28
liquidate_corp 1.0685425685425685 35
update_start: 89; random_action_prob: 0.1600
update_complete: 89; loss: 0.07726887613534927; cumulative_reward: 50.91666666666667; invalid_count: 0; positive_reward_count: 59; success_count: 25; episode_count: 28; dead_end_count: 3; best_tax_advantage: 198.0; avg_entropy: 0.15920930788706755; random_action_prob: 0.1600; random_exploration_count: 21; saved_snapshots: 0
form_subcorp 0.0 34
buy_stock 0.0 28
compensate_employees 0.4166666666666667 32
liquidate_corp 1.1053921568627452 34
update_start: 90; random_action_prob: 0.1592
update_complete: 90; loss: 0.06416621804237366; cumulative_reward: 53.55808080808081; invalid_count: 0; positive_reward_count: 57; success_count: 27; episode_count: 32; dead_end_count: 5; best_tax_advantage: 198.0; avg_entropy: 0.11238162929657847; random_action_prob: 0.1592; random_exploration_count: 26; saved_snapshots: 0
form_subcorp 0.0 34
buy_stock 0.0 32
compensate_employees 0.47944966910484155 29
liquidate_corp 1.2016375880012242 33
update_start: 91; random_action_prob: 0.1584
update_complete: 91; loss: 0.04599743460615476; cumulative_reward: 45.477272727272734; invalid_count: 0; positive_reward_count: 62; success_count: 22; episode_count: 29; dead_end_count: 5; best_tax_advantage: 198.0; avg_entropy: 0.1892752881758497; random_action_prob: 0.1584; random_exploration_count: 20; saved_snapshots: 0
form_subcorp 0.0 32
buy_stock 0.0 29
compensate_employees 0.34002184002184005 37
liquidate_corp 1.0965488215488215 30
update_start: 92; random_action_prob: 0.1576
update_complete: 92; loss: 0.04353099316358566; cumulative_reward: 46.522727272727266; invalid_count: 0; positive_reward_count: 58; success_count: 23; episode_count: 29; dead_end_count: 5; best_tax_advantage: 198.0; avg_entropy: 0.19221966207987862; random_action_prob: 0.1576; random_exploration_count: 21; saved_snapshots: 0
form_subcorp 0.0 33
buy_stock 0.0 30
compensate_employees 0.3778966131907308 34
liquidate_corp 1.0862658846529814 31
update_start: 93; random_action_prob: 0.1569
update_complete: 93; loss: 0.0639678214987119; cumulative_reward: 51.51010101010101; invalid_count: 0; positive_reward_count: 54; success_count: 26; episode_count: 30; dead_end_count: 4; best_tax_advantage: 198.0; avg_entropy: 0.11511537271144334; random_action_prob: 0.1569; random_exploration_count: 26; saved_snapshots: 0
form_subcorp 0.0 35
buy_stock 0.0 31
compensate_employees 0.4823232323232323 28
liquidate_corp 1.1177956030897207 34
update_start: 94; random_action_prob: 0.1561
update_complete: 94; loss: 0.05818264310558637; cumulative_reward: 43.868686868686865; invalid_count: 0; positive_reward_count: 56; success_count: 22; episode_count: 28; dead_end_count: 4; best_tax_advantage: 198.0; avg_entropy: 0.12140608206391335; random_action_prob: 0.1561; random_exploration_count: 16; saved_snapshots: 0
form_subcorp 0.0 34
buy_stock 0.0 28
compensate_employees 0.3490790255496138 34
liquidate_corp 1.0 32
update_start: 95; random_action_prob: 0.1553
update_complete: 95; loss: 0.06630997359752655; cumulative_reward: 46.62878787878788; invalid_count: 0; positive_reward_count: 59; success_count: 23; episode_count: 29; dead_end_count: 5; best_tax_advantage: 198.0; avg_entropy: 0.14122942859467003; random_action_prob: 0.1553; random_exploration_count: 27; saved_snapshots: 0
form_subcorp 0.0 33
buy_stock 0.0 29
compensate_employees 0.3722519310754605 34
liquidate_corp 1.0616319444444444 32
update_start: 96; random_action_prob: 0.1545
update_complete: 96; loss: 0.03862358257174492; cumulative_reward: 47.73232323232324; invalid_count: 0; positive_reward_count: 57; success_count: 24; episode_count: 31; dead_end_count: 6; best_tax_advantage: 198.0; avg_entropy: 0.16408439490260207; random_action_prob: 0.1545; random_exploration_count: 25; saved_snapshots: 0
form_subcorp 0.0 33
buy_stock 0.0 31
compensate_employees 0.4008838383838384 32
liquidate_corp 1.0907512626262625 32
update_start: 97; random_action_prob: 0.1537
update_complete: 97; loss: 0.04861098652084669; cumulative_reward: 45.16414141414141; invalid_count: 0; positive_reward_count: 51; success_count: 23; episode_count: 31; dead_end_count: 7; best_tax_advantage: 198.0; avg_entropy: 0.11851548656613886; random_action_prob: 0.1537; random_exploration_count: 17; saved_snapshots: 0
form_subcorp 0.0 35
buy_stock 0.0 32
compensate_employees 0.44336219336219335 28
liquidate_corp 0.9924242424242424 33
update_start: 98; random_action_prob: 0.1530
update_complete: 98; loss: 0.05239636575182279; cumulative_reward: 46.5328282828283; invalid_count: 0; positive_reward_count: 64; success_count: 23; episode_count: 29; dead_end_count: 3; best_tax_advantage: 198.0; avg_entropy: 0.133880598583346; random_action_prob: 0.1530; random_exploration_count: 19; saved_snapshots: 0
form_subcorp 0.0 31
buy_stock 0.0 29
compensate_employees 0.3117762995811776 41
liquidate_corp 1.25 27
update_start: 99; random_action_prob: 0.1522
update_complete: 99; loss: 0.06709857285022736; cumulative_reward: 47.39646464646466; invalid_count: 0; positive_reward_count: 66; success_count: 23; episode_count: 28; dead_end_count: 3; best_tax_advantage: 198.0; avg_entropy: 0.1804042920757638; random_action_prob: 0.1522; random_exploration_count: 24; saved_snapshots: 0
form_subcorp 0.0 30
buy_stock 0.0 29
compensate_employees 0.316949987681695 41
liquidate_corp 1.2286255411255411 28
2026-07-10T17:19:53 completed subsidiary_stock_comp run=3 elapsed_seconds=701.46 updates_logged=100
2026-07-10T17:19:53 running subsidiary_stock_comp run=4 seed=1733
update_start: 0; random_action_prob: 0.2500
update_complete: 0; loss: 1.3604692816734314; cumulative_reward: -0.5555555555555555; invalid_count: 0; positive_reward_count: 7; success_count: 0; episode_count: 17; dead_end_count: 4; best_tax_advantage: 80.0; avg_entropy: 0.24465347395744175; random_action_prob: 0.2500; random_exploration_count: 39; saved_snapshots: 0
form_subcorp 0.0 59
buy_stock 0.0 8
compensate_employees 0.0707070707070707 6
liquidate_corp -0.01781450872359963 55
update_start: 1; random_action_prob: 0.2487
update_complete: 1; loss: 0.8915604750315348; cumulative_reward: 15.310606060606066; invalid_count: 0; positive_reward_count: 64; success_count: 6; episode_count: 21; dead_end_count: 7; best_tax_advantage: 198.0; avg_entropy: 0.5813465683022514; random_action_prob: 0.2487; random_exploration_count: 33; saved_snapshots: 0
form_subcorp 0.0 30
buy_stock 0.0 20
compensate_employees 0.1188298075090528 53
liquidate_corp 0.3605050505050505 25
update_start: 2; random_action_prob: 0.2475
update_complete: 2; loss: 0.2984183033307393; cumulative_reward: 11.840909090909088; invalid_count: 0; positive_reward_count: 24; success_count: 6; episode_count: 20; dead_end_count: 5; best_tax_advantage: 198.0; avg_entropy: 0.4555252753198147; random_action_prob: 0.2475; random_exploration_count: 37; saved_snapshots: 0
form_subcorp 0.0 50
buy_stock 0.0 15
compensate_employees 0.2037037037037037 18
liquidate_corp 0.18164983164983164 45
update_start: 3; random_action_prob: 0.2463
update_complete: 3; loss: 0.12754585221409798; cumulative_reward: 25.16666666666667; invalid_count: 0; positive_reward_count: 56; success_count: 11; episode_count: 22; dead_end_count: 6; best_tax_advantage: 198.0; avg_entropy: 0.5382883339188993; random_action_prob: 0.2463; random_exploration_count: 26; saved_snapshots: 0
form_subcorp 0.0 35
buy_stock 0.0 23
compensate_employees 0.2080808080808081 40
liquidate_corp 0.5614478114478114 30
update_start: 4; random_action_prob: 0.2450
update_complete: 4; loss: 0.10805274546146393; cumulative_reward: 34.40909090909091; invalid_count: 0; positive_reward_count: 53; success_count: 17; episode_count: 26; dead_end_count: 6; best_tax_advantage: 198.0; avg_entropy: 0.41826815699459985; random_action_prob: 0.2450; random_exploration_count: 37; saved_snapshots: 0
form_subcorp 0.0 35
buy_stock 0.0 26
compensate_employees 0.2823953823953824 35
liquidate_corp 0.7664141414141414 32
update_start: 5; random_action_prob: 0.2438
update_complete: 5; loss: 0.08190825581550598; cumulative_reward: 33.5; invalid_count: 0; positive_reward_count: 34; success_count: 17; episode_count: 23; dead_end_count: 2; best_tax_advantage: 198.0; avg_entropy: 0.32191346725448966; random_action_prob: 0.2438; random_exploration_count: 24; saved_snapshots: 0
form_subcorp 0.0 46
buy_stock 0.0 22
compensate_employees 0.5 17
liquidate_corp 0.5813953488372093 43
update_start: 6; random_action_prob: 0.2426
update_complete: 6; loss: 0.1660811056693395; cumulative_reward: 29.560606060606062; invalid_count: 0; positive_reward_count: 46; success_count: 14; episode_count: 22; dead_end_count: 4; best_tax_advantage: 198.0; avg_entropy: 0.365541385486722; random_action_prob: 0.2426; random_exploration_count: 30; saved_snapshots: 0
form_subcorp 0.0 39
buy_stock 0.0 23
compensate_employees 0.2953730856956664 31
liquidate_corp 0.582972582972583 35
update_start: 7; random_action_prob: 0.2414
update_complete: 7; loss: 0.07844682782888412; cumulative_reward: 40.78787878787878; invalid_count: 0; positive_reward_count: 57; success_count: 20; episode_count: 27; dead_end_count: 4; best_tax_advantage: 198.0; avg_entropy: 0.32395637151785195; random_action_prob: 0.2414; random_exploration_count: 27; saved_snapshots: 0
form_subcorp 0.0 34
buy_stock 0.0 26
compensate_employees 0.31032547699214363 36
liquidate_corp 0.9255050505050505 32
update_start: 8; random_action_prob: 0.2402
update_complete: 8; loss: 0.05314495787024498; cumulative_reward: 33.093434343434346; invalid_count: 0; positive_reward_count: 44; success_count: 16; episode_count: 22; dead_end_count: 3; best_tax_advantage: 198.0; avg_entropy: 0.31029998140002135; random_action_prob: 0.2402; random_exploration_count: 26; saved_snapshots: 0
form_subcorp 0.0 41
buy_stock 0.0 23
compensate_employees 0.3496071829405163 27
liquidate_corp 0.6392983892983893 37
update_start: 9; random_action_prob: 0.2390
update_complete: 9; loss: 0.046371493488550186; cumulative_reward: 34.18939393939394; invalid_count: 0; positive_reward_count: 44; success_count: 17; episode_count: 22; dead_end_count: 3; best_tax_advantage: 198.0; avg_entropy: 0.32470461120828986; random_action_prob: 0.2390; random_exploration_count: 35; saved_snapshots: 0
form_subcorp 0.0 41
buy_stock 0.0 23
compensate_employees 0.3477078477078477 26
liquidate_corp 0.661815523657629 38
update_start: 10; random_action_prob: 0.2378
update_complete: 10; loss: 0.09414900094270706; cumulative_reward: 38.72222222222223; invalid_count: 0; positive_reward_count: 46; success_count: 19; episode_count: 22; dead_end_count: 2; best_tax_advantage: 198.0; avg_entropy: 0.2696539909229614; random_action_prob: 0.2378; random_exploration_count: 33; saved_snapshots: 0
form_subcorp 0.0 41
buy_stock 0.0 22
compensate_employees 0.39704739704739705 26
liquidate_corp 0.7281792281792282 39
update_start: 11; random_action_prob: 0.2366
update_complete: 11; loss: 0.0807566021879514; cumulative_reward: 29.196969696969695; invalid_count: 0; positive_reward_count: 46; success_count: 14; episode_count: 21; dead_end_count: 2; best_tax_advantage: 198.0; avg_entropy: 0.3017476706299931; random_action_prob: 0.2366; random_exploration_count: 31; saved_snapshots: 0
form_subcorp 0.0 40
buy_stock 0.0 20
compensate_employees 0.2670250896057348 31
liquidate_corp 0.5653835653835654 37
update_start: 12; random_action_prob: 0.2354
update_complete: 12; loss: 0.11589113622903824; cumulative_reward: 39.0; invalid_count: 0; positive_reward_count: 40; success_count: 20; episode_count: 24; dead_end_count: 4; best_tax_advantage: 198.0; avg_entropy: 0.22764338681008667; random_action_prob: 0.2354; random_exploration_count: 34; saved_snapshots: 0
form_subcorp 0.0 42
buy_stock 0.0 24
compensate_employees 0.5 20
liquidate_corp 0.6904761904761905 42
update_start: 13; random_action_prob: 0.2342
update_complete: 13; loss: 0.10760149608055751; cumulative_reward: 35.30050505050505; invalid_count: 0; positive_reward_count: 43; success_count: 18; episode_count: 25; dead_end_count: 7; best_tax_advantage: 198.0; avg_entropy: 0.3082880823931191; random_action_prob: 0.2342; random_exploration_count: 27; saved_snapshots: 0
form_subcorp 0.0 40
buy_stock 0.0 25
compensate_employees 0.3968855218855219 24
liquidate_corp 0.6609039109039109 39
update_start: 14; random_action_prob: 0.2331
update_complete: 14; loss: 0.1288902387022972; cumulative_reward: 32.43434343434343; invalid_count: 0; positive_reward_count: 39; success_count: 16; episode_count: 22; dead_end_count: 4; best_tax_advantage: 198.0; avg_entropy: 0.29132789897266775; random_action_prob: 0.2331; random_exploration_count: 30; saved_snapshots: 0
form_subcorp 0.0 43
buy_stock 0.0 21
compensate_employees 0.40541781450872355 22
liquidate_corp 0.5598845598845599 42
update_start: 15; random_action_prob: 0.2319
update_complete: 15; loss: 0.11751161143183708; cumulative_reward: 36.87626262626263; invalid_count: 0; positive_reward_count: 43; success_count: 18; episode_count: 22; dead_end_count: 1; best_tax_advantage: 198.0; avg_entropy: 0.27757278620265424; random_action_prob: 0.2319; random_exploration_count: 27; saved_snapshots: 0
form_subcorp 0.0 42
buy_stock 0.0 22
compensate_employees 0.41750841750841755 24
liquidate_corp 0.6714015151515151 40
update_start: 16; random_action_prob: 0.2307
update_complete: 16; loss: 0.17605449259281158; cumulative_reward: 42.26010101010101; invalid_count: 0; positive_reward_count: 45; success_count: 21; episode_count: 25; dead_end_count: 1; best_tax_advantage: 198.0; avg_entropy: 0.21057349973125383; random_action_prob: 0.2307; random_exploration_count: 26; saved_snapshots: 0
form_subcorp 0.0 41
buy_stock 0.0 26
compensate_employees 0.47848045674132633 23
liquidate_corp 0.8225013290802764 38
update_start: 17; random_action_prob: 0.2296
update_complete: 17; loss: 0.20713808635870615; cumulative_reward: 40.18434343434343; invalid_count: 0; positive_reward_count: 45; success_count: 21; episode_count: 30; dead_end_count: 9; best_tax_advantage: 198.0; avg_entropy: 0.20682773149746936; random_action_prob: 0.2296; random_exploration_count: 39; saved_snapshots: 0
form_subcorp 0.0 37
buy_stock 0.0 30
compensate_employees 0.4465488215488216 24
liquidate_corp 0.7964100464100464 37
update_start: 18; random_action_prob: 0.2284
update_complete: 18; loss: 0.28715063134829205; cumulative_reward: 56.4040404040404; invalid_count: 0; positive_reward_count: 59; success_count: 28; episode_count: 30; dead_end_count: 2; best_tax_advantage: 198.0; avg_entropy: 0.1336352073121816; random_action_prob: 0.2284; random_exploration_count: 24; saved_snapshots: 0
form_subcorp 0.0 34
buy_stock 0.0 31
compensate_employees 0.4835016835016835 30
liquidate_corp 1.2696663605754515 33
update_start: 19; random_action_prob: 0.2273
update_complete: 19; loss: 0.16457744936148325; cumulative_reward: 43.34848484848485; invalid_count: 0; positive_reward_count: 51; success_count: 22; episode_count: 29; dead_end_count: 6; best_tax_advantage: 198.0; avg_entropy: 0.16296136457822286; random_action_prob: 0.2273; random_exploration_count: 29; saved_snapshots: 0
form_subcorp 0.0 36
buy_stock 0.0 29
compensate_employees 0.408008658008658 28
liquidate_corp 0.9121212121212121 35
update_start: 20; random_action_prob: 0.2262
update_complete: 20; loss: 0.18315260112285614; cumulative_reward: 45.23232323232324; invalid_count: 0; positive_reward_count: 55; success_count: 23; episode_count: 32; dead_end_count: 8; best_tax_advantage: 198.0; avg_entropy: 0.15530906156345736; random_action_prob: 0.2262; random_exploration_count: 28; saved_snapshots: 0
form_subcorp 0.0 33
buy_stock 0.0 32
compensate_employees 0.39768654284783317 31
liquidate_corp 1.0282512626262625 32
update_start: 21; random_action_prob: 0.2250
update_complete: 21; loss: 0.1537596359848976; cumulative_reward: 47.18434343434343; invalid_count: 0; positive_reward_count: 54; success_count: 24; episode_count: 30; dead_end_count: 5; best_tax_advantage: 198.0; avg_entropy: 0.1638209417433245; random_action_prob: 0.2250; random_exploration_count: 26; saved_snapshots: 0
form_subcorp 0.0 35
buy_stock 0.0 30
compensate_employees 0.4144781144781145 30
liquidate_corp 1.053030303030303 33
update_start: 22; random_action_prob: 0.2239
update_complete: 22; loss: 0.13764690359433493; cumulative_reward: 41.77272727272728; invalid_count: 0; positive_reward_count: 54; success_count: 21; episode_count: 28; dead_end_count: 6; best_tax_advantage: 198.0; avg_entropy: 0.1955015043495223; random_action_prob: 0.2239; random_exploration_count: 32; saved_snapshots: 0
form_subcorp 0.0 34
buy_stock 0.0 29
compensate_employees 0.35032139577594124 33
liquidate_corp 0.9441287878787878 32
update_start: 23; random_action_prob: 0.2228
update_complete: 23; loss: 0.17237106213967004; cumulative_reward: 45.89646464646464; invalid_count: 0; positive_reward_count: 55; success_count: 23; episode_count: 31; dead_end_count: 7; best_tax_advantage: 198.0; avg_entropy: 0.19639672157063615; random_action_prob: 0.2228; random_exploration_count: 33; saved_snapshots: 0
form_subcorp 0.0 34
buy_stock 0.0 31
compensate_employees 0.4107744107744108 30
liquidate_corp 1.0173706764615855 33
update_start: 24; random_action_prob: 0.2217
update_complete: 24; loss: 0.11189113805691402; cumulative_reward: 40.512626262626256; invalid_count: 0; positive_reward_count: 49; success_count: 20; episode_count: 27; dead_end_count: 5; best_tax_advantage: 198.0; avg_entropy: 0.22613847050524782; random_action_prob: 0.2217; random_exploration_count: 29; saved_snapshots: 0
form_subcorp 0.0 37
buy_stock 0.0 28
compensate_employees 0.40476190476190477 28
liquidate_corp 0.8336940836940837 35
update_start: 25; random_action_prob: 0.2206
update_complete: 25; loss: 0.051485418962935604; cumulative_reward: 50.13636363636365; invalid_count: 0; positive_reward_count: 54; success_count: 25; episode_count: 28; dead_end_count: 2; best_tax_advantage: 198.0; avg_entropy: 0.22227863494481426; random_action_prob: 0.2206; random_exploration_count: 26; saved_snapshots: 0
form_subcorp 0.0 36
buy_stock 0.0 28
compensate_employees 0.4577922077922078 28
liquidate_corp 1.0366161616161618 36
update_start: 26; random_action_prob: 0.2195
update_complete: 26; loss: 0.09256901840368907; cumulative_reward: 35.96969696969698; invalid_count: 0; positive_reward_count: 46; success_count: 18; episode_count: 24; dead_end_count: 4; best_tax_advantage: 198.0; avg_entropy: 0.2682496860070387; random_action_prob: 0.2195; random_exploration_count: 24; saved_snapshots: 0
form_subcorp 0.0 39
buy_stock 0.0 25
compensate_employees 0.3612046389824168 27
liquidate_corp 0.7085722085722086 37
update_start: 27; random_action_prob: 0.2184
update_complete: 27; loss: 0.10594767828782399; cumulative_reward: 29.31060606060606; invalid_count: 0; positive_reward_count: 40; success_count: 15; episode_count: 24; dead_end_count: 7; best_tax_advantage: 198.0; avg_entropy: 0.26689645601436496; random_action_prob: 0.2184; random_exploration_count: 35; saved_snapshots: 0
form_subcorp 0.0 41
buy_stock 0.0 24
compensate_employees 0.3434343434343434 24
liquidate_corp 0.5402097902097902 39
update_start: 28; random_action_prob: 0.2173
update_complete: 28; loss: 0.07261939098437627; cumulative_reward: 43.03030303030303; invalid_count: 0; positive_reward_count: 53; success_count: 21; episode_count: 27; dead_end_count: 4; best_tax_advantage: 198.0; avg_entropy: 0.2265276997059118; random_action_prob: 0.2173; random_exploration_count: 36; saved_snapshots: 0
form_subcorp 0.0 36
buy_stock 0.0 27
compensate_employees 0.3909090909090909 30
liquidate_corp 0.8943722943722944 35
update_start: 29; random_action_prob: 0.2162
update_complete: 29; loss: 0.081966499487559; cumulative_reward: 43.858585858585855; invalid_count: 0; positive_reward_count: 56; success_count: 22; episode_count: 28; dead_end_count: 4; best_tax_advantage: 198.0; avg_entropy: 0.19036971012246795; random_action_prob: 0.2162; random_exploration_count: 32; saved_snapshots: 0
form_subcorp 0.0 34
buy_stock 0.0 29
compensate_employees 0.34878193701723115 34
liquidate_corp 1.032258064516129 31
update_start: 30; random_action_prob: 0.2151
update_complete: 30; loss: 0.08781484266122182; cumulative_reward: 35.17424242424242; invalid_count: 0; positive_reward_count: 43; success_count: 18; episode_count: 26; dead_end_count: 7; best_tax_advantage: 198.0; avg_entropy: 0.24843029904877767; random_action_prob: 0.2151; random_exploration_count: 32; saved_snapshots: 0
form_subcorp 0.0 39
buy_stock 0.0 27
compensate_employees 0.396969696969697 25
liquidate_corp 0.6824324324324325 37
update_start: 31; random_action_prob: 0.2140
update_complete: 31; loss: 0.049492484579483666; cumulative_reward: 31.29040404040404; invalid_count: 0; positive_reward_count: 40; success_count: 15; episode_count: 21; dead_end_count: 3; best_tax_advantage: 198.0; avg_entropy: 0.2676973841735162; random_action_prob: 0.2140; random_exploration_count: 24; saved_snapshots: 0
form_subcorp 0.0 43
buy_stock 0.0 22
compensate_employees 0.37966622749231443 23
liquidate_corp 0.5639520202020203 40
update_start: 32; random_action_prob: 0.2130
update_complete: 32; loss: 0.11028771102428436; cumulative_reward: 23.25; invalid_count: 0; positive_reward_count: 24; success_count: 12; episode_count: 19; dead_end_count: 3; best_tax_advantage: 198.0; avg_entropy: 0.23131698736688122; random_action_prob: 0.2130; random_exploration_count: 25; saved_snapshots: 0
form_subcorp 0.0 51
buy_stock 0.0 16
compensate_employees 0.5 12
liquidate_corp 0.3520408163265306 49
update_start: 33; random_action_prob: 0.2119
update_complete: 33; loss: 0.08380042513211568; cumulative_reward: 30.0; invalid_count: 0; positive_reward_count: 30; success_count: 15; episode_count: 19; dead_end_count: 0; best_tax_advantage: 198.0; avg_entropy: 0.21282564006833127; random_action_prob: 0.2119; random_exploration_count: 18; saved_snapshots: 0
form_subcorp 0.0 49
buy_stock 0.0 19
compensate_employees 0.5 15
liquidate_corp 0.5 45
update_start: 34; random_action_prob: 0.2108
update_complete: 34; loss: 0.05266600474715233; cumulative_reward: 37.25; invalid_count: 0; positive_reward_count: 38; success_count: 19; episode_count: 23; dead_end_count: 3; best_tax_advantage: 198.0; avg_entropy: 0.22192162692954298; random_action_prob: 0.2108; random_exploration_count: 24; saved_snapshots: 0
form_subcorp 0.0 44
buy_stock 0.0 23
compensate_employees 0.5 19
liquidate_corp 0.6607142857142857 42
update_start: 35; random_action_prob: 0.2098
update_complete: 35; loss: 0.11139270166556041; cumulative_reward: 28.11868686868687; invalid_count: 0; positive_reward_count: 42; success_count: 14; episode_count: 23; dead_end_count: 7; best_tax_advantage: 198.0; avg_entropy: 0.29966364047140814; random_action_prob: 0.2098; random_exploration_count: 30; saved_snapshots: 0
form_subcorp 0.0 40
buy_stock 0.0 24
compensate_employees 0.30957725402169844 27
liquidate_corp 0.534056784056784 37
update_start: 36; random_action_prob: 0.2087
update_complete: 36; loss: 0.07601036628087361; cumulative_reward: 33.391414141414145; invalid_count: 0; positive_reward_count: 43; success_count: 16; episode_count: 21; dead_end_count: 1; best_tax_advantage: 198.0; avg_entropy: 0.26267672191170277; random_action_prob: 0.2087; random_exploration_count: 22; saved_snapshots: 0
form_subcorp 0.0 42
buy_stock 0.0 22
compensate_employees 0.35708941264496824 27
liquidate_corp 0.6418918918918919 37
update_start: 37; random_action_prob: 0.2077
update_complete: 37; loss: 0.0918938120206197; cumulative_reward: 33.41666666666667; invalid_count: 0; positive_reward_count: 48; success_count: 16; episode_count: 22; dead_end_count: 3; best_tax_advantage: 198.0; avg_entropy: 0.27086172097187955; random_action_prob: 0.2077; random_exploration_count: 34; saved_snapshots: 0
form_subcorp 0.0 39
buy_stock 0.0 23
compensate_employees 0.31492342782665367 31
liquidate_corp 0.6758297258297259 35
update_start: 38; random_action_prob: 0.2066
update_complete: 38; loss: 0.061397685358921684; cumulative_reward: 43.0; invalid_count: 0; positive_reward_count: 44; success_count: 22; episode_count: 26; dead_end_count: 4; best_tax_advantage: 198.0; avg_entropy: 0.19768277913317434; random_action_prob: 0.2066; random_exploration_count: 32; saved_snapshots: 0
form_subcorp 0.0 40
buy_stock 0.0 26
compensate_employees 0.5 22
liquidate_corp 0.8 40
update_start: 39; random_action_prob: 0.2056
update_complete: 39; loss: 0.07168444494406383; cumulative_reward: 35.38636363636364; invalid_count: 0; positive_reward_count: 46; success_count: 17; episode_count: 22; dead_end_count: 1; best_tax_advantage: 198.0; avg_entropy: 0.23775292946447735; random_action_prob: 0.2056; random_exploration_count: 25; saved_snapshots: 0
form_subcorp 0.0 41
buy_stock 0.0 21
compensate_employees 0.3477633477633478 28
liquidate_corp 0.674973418394471 38
update_start: 40; random_action_prob: 0.2046
update_complete: 40; loss: 0.061729258547226586; cumulative_reward: 39.588383838383834; invalid_count: 0; positive_reward_count: 46; success_count: 20; episode_count: 26; dead_end_count: 5; best_tax_advantage: 198.0; avg_entropy: 0.23992743394774152; random_action_prob: 0.2046; random_exploration_count: 36; saved_snapshots: 0
form_subcorp 0.0 39
buy_stock 0.0 26
compensate_employees 0.4087024087024087 26
liquidate_corp 0.7827600327600327 37
update_start: 41; random_action_prob: 0.2036
update_complete: 41; loss: 0.08460529645284016; cumulative_reward: 43.91414141414141; invalid_count: 0; positive_reward_count: 48; success_count: 22; episode_count: 24; dead_end_count: 2; best_tax_advantage: 198.0; avg_entropy: 0.24721988872624934; random_action_prob: 0.2036; random_exploration_count: 36; saved_snapshots: 0
form_subcorp 0.0 39
buy_stock 0.0 25
compensate_employees 0.439005439005439 26
liquidate_corp 0.8552631578947368 38
update_start: 42; random_action_prob: 0.2025
update_complete: 42; loss: 0.07484717170397441; cumulative_reward: 36.35858585858587; invalid_count: 0; positive_reward_count: 48; success_count: 18; episode_count: 24; dead_end_count: 4; best_tax_advantage: 198.0; avg_entropy: 0.2512099009909434; random_action_prob: 0.2025; random_exploration_count: 20; saved_snapshots: 0
form_subcorp 0.0 38
buy_stock 0.0 25
compensate_employees 0.3451178451178451 30
liquidate_corp 0.743001443001443 35
update_start: 43; random_action_prob: 0.2015
update_complete: 43; loss: 0.054757470885912575; cumulative_reward: 45.0; invalid_count: 0; positive_reward_count: 46; success_count: 23; episode_count: 27; dead_end_count: 4; best_tax_advantage: 198.0; avg_entropy: 0.18512630210170755; random_action_prob: 0.2015; random_exploration_count: 29; saved_snapshots: 0
form_subcorp 0.0 39
buy_stock 0.0 27
compensate_employees 0.5 23
liquidate_corp 0.8589743589743589 39
update_start: 44; random_action_prob: 0.2005
update_complete: 44; loss: 0.037812065333127975; cumulative_reward: 43.83333333333333; invalid_count: 0; positive_reward_count: 50; success_count: 22; episode_count: 25; dead_end_count: 2; best_tax_advantage: 198.0; avg_entropy: 0.2264227210689569; random_action_prob: 0.2005; random_exploration_count: 21; saved_snapshots: 0
form_subcorp 0.0 38
buy_stock 0.0 25
compensate_employees 0.40476190476190477 28
liquidate_corp 0.8783783783783784 37
update_start: 45; random_action_prob: 0.1995
update_complete: 45; loss: 0.08327847470839818; cumulative_reward: 35.91414141414141; invalid_count: 0; positive_reward_count: 40; success_count: 18; episode_count: 22; dead_end_count: 2; best_tax_advantage: 198.0; avg_entropy: 0.23085769935278222; random_action_prob: 0.1995; random_exploration_count: 34; saved_snapshots: 0
form_subcorp 0.0 43
buy_stock 0.0 23
compensate_employees 0.4279155188246097 22
liquidate_corp 0.6625 40
update_start: 46; random_action_prob: 0.1985
update_complete: 46; loss: 0.08472646276156108; cumulative_reward: 40.0479797979798; invalid_count: 0; positive_reward_count: 42; success_count: 20; episode_count: 23; dead_end_count: 3; best_tax_advantage: 198.0; avg_entropy: 0.2140576583260554; random_action_prob: 0.1985; random_exploration_count: 25; saved_snapshots: 0
form_subcorp 0.0 42
buy_stock 0.0 23
compensate_employees 0.49518999518999524 21
liquidate_corp 0.705928330928331 42
update_start: 47; random_action_prob: 0.1975
update_complete: 47; loss: 0.06215472643574079; cumulative_reward: 34.74242424242425; invalid_count: 0; positive_reward_count: 44; success_count: 17; episode_count: 22; dead_end_count: 2; best_tax_advantage: 198.0; avg_entropy: 0.23933476261299802; random_action_prob: 0.1975; random_exploration_count: 23; saved_snapshots: 0
form_subcorp 0.0 41
buy_stock 0.0 22
compensate_employees 0.358974358974359 26
liquidate_corp 0.6515151515151515 39
update_start: 48; random_action_prob: 0.1965
update_complete: 48; loss: 0.05292594681183497; cumulative_reward: 39.598484848484844; invalid_count: 0; positive_reward_count: 45; success_count: 20; episode_count: 25; dead_end_count: 5; best_tax_advantage: 198.0; avg_entropy: 0.2361096845488646; random_action_prob: 0.1965; random_exploration_count: 27; saved_snapshots: 0
form_subcorp 0.0 40
buy_stock 0.0 25
compensate_employees 0.4343434343434343 24
liquidate_corp 0.7480574980574981 39
update_start: 49; random_action_prob: 0.1956
update_complete: 49; loss: 0.059305050720771156; cumulative_reward: 36.39646464646464; invalid_count: 0; positive_reward_count: 46; success_count: 18; episode_count: 22; dead_end_count: 1; best_tax_advantage: 198.0; avg_entropy: 0.22774863160884706; random_action_prob: 0.1956; random_exploration_count: 25; saved_snapshots: 0
form_subcorp 0.0 41
buy_stock 0.0 22
compensate_employees 0.34451659451659455 28
liquidate_corp 0.722972972972973 37
update_start: 50; random_action_prob: 0.1946
update_complete: 50; loss: 0.02234697062522173; cumulative_reward: 47.75; invalid_count: 0; positive_reward_count: 48; success_count: 24; episode_count: 25; dead_end_count: 1; best_tax_advantage: 198.0; avg_entropy: 0.1842309178719006; random_action_prob: 0.1946; random_exploration_count: 18; saved_snapshots: 0
form_subcorp 0.0 40
buy_stock 0.0 25
compensate_employees 0.5 24
liquidate_corp 0.9166666666666666 39
update_start: 51; random_action_prob: 0.1936
update_complete: 51; loss: 0.039487882206837334; cumulative_reward: 33.90404040404041; invalid_count: 0; positive_reward_count: 61; success_count: 16; episode_count: 24; dead_end_count: 4; best_tax_advantage: 198.0; avg_entropy: 0.2925397979997797; random_action_prob: 0.1936; random_exploration_count: 22; saved_snapshots: 0
form_subcorp 0.0 32
buy_stock 0.0 25
compensate_employees 0.23875114784205695 44
liquidate_corp 0.8666292555181444 27
update_start: 52; random_action_prob: 0.1926
update_complete: 52; loss: 0.08197849492232005; cumulative_reward: 31.502525252525256; invalid_count: 0; positive_reward_count: 45; success_count: 15; episode_count: 21; dead_end_count: 1; best_tax_advantage: 198.0; avg_entropy: 0.2676806001654768; random_action_prob: 0.1926; random_exploration_count: 28; saved_snapshots: 0
form_subcorp 0.0 41
buy_stock 0.0 22
compensate_employees 0.3084175084175084 30
liquidate_corp 0.6357142857142857 35
update_start: 53; random_action_prob: 0.1917
update_complete: 53; loss: 0.06406125922997792; cumulative_reward: 35.09090909090909; invalid_count: 0; positive_reward_count: 49; success_count: 17; episode_count: 21; dead_end_count: 2; best_tax_advantage: 198.0; avg_entropy: 0.28267818850144977; random_action_prob: 0.1917; random_exploration_count: 23; saved_snapshots: 0
form_subcorp 0.0 39
buy_stock 0.0 22
compensate_employees 0.31492342782665367 31
liquidate_corp 0.7035634118967452 36
update_start: 54; random_action_prob: 0.1907
update_complete: 54; loss: 0.10531719028949738; cumulative_reward: 33.63636363636364; invalid_count: 0; positive_reward_count: 42; success_count: 16; episode_count: 20; dead_end_count: 0; best_tax_advantage: 198.0; avg_entropy: 0.24005813042458612; random_action_prob: 0.1907; random_exploration_count: 20; saved_snapshots: 0
form_subcorp 0.0 43
buy_stock 0.0 20
compensate_employees 0.3690909090909091 25
liquidate_corp 0.6102272727272727 40
update_start: 55; random_action_prob: 0.1898
update_complete: 55; loss: 0.018172597512602806; cumulative_reward: 48.18434343434345; invalid_count: 0; positive_reward_count: 54; success_count: 24; episode_count: 26; dead_end_count: 1; best_tax_advantage: 198.0; avg_entropy: 0.23123663949445472; random_action_prob: 0.1898; random_exploration_count: 28; saved_snapshots: 0
form_subcorp 0.0 37
buy_stock 0.0 26
compensate_employees 0.4144781144781145 30
liquidate_corp 1.0214285714285714 35
update_start: 56; random_action_prob: 0.1888
update_complete: 56; loss: 0.05676029374202093; cumulative_reward: 36.348484848484844; invalid_count: 0; positive_reward_count: 46; success_count: 18; episode_count: 22; dead_end_count: 2; best_tax_advantage: 198.0; avg_entropy: 0.21336738286117907; random_action_prob: 0.1888; random_exploration_count: 26; saved_snapshots: 0
form_subcorp 0.0 40
buy_stock 0.0 22
compensate_employees 0.35173160173160173 28
liquidate_corp 0.6973684210526315 38
update_start: 57; random_action_prob: 0.1879
update_complete: 57; loss: 0.03576223428050677; cumulative_reward: 37.41414141414141; invalid_count: 0; positive_reward_count: 42; success_count: 19; episode_count: 24; dead_end_count: 4; best_tax_advantage: 198.0; avg_entropy: 0.210921199148288; random_action_prob: 0.1879; random_exploration_count: 23; saved_snapshots: 0
form_subcorp 0.0 41
buy_stock 0.0 24
compensate_employees 0.4310496267018006 23
liquidate_corp 0.6875 40
update_start: 58; random_action_prob: 0.1869
update_complete: 58; loss: 0.03334650583565235; cumulative_reward: 43.510101010101025; invalid_count: 0; positive_reward_count: 61; success_count: 21; episode_count: 25; dead_end_count: 2; best_tax_advantage: 198.0; avg_entropy: 0.24843060367493308; random_action_prob: 0.1869; random_exploration_count: 26; saved_snapshots: 0
form_subcorp 0.0 33
buy_stock 0.0 26
compensate_employees 0.30989380989380994 39
liquidate_corp 1.0474747474747474 30
update_start: 59; random_action_prob: 0.1860
update_complete: 59; loss: 0.04976418117682139; cumulative_reward: 48.06060606060607; invalid_count: 0; positive_reward_count: 54; success_count: 24; episode_count: 28; dead_end_count: 4; best_tax_advantage: 198.0; avg_entropy: 0.15099696919787675; random_action_prob: 0.1860; random_exploration_count: 25; saved_snapshots: 0
form_subcorp 0.0 36
buy_stock 0.0 28
compensate_employees 0.4320794148380356 29
liquidate_corp 1.0151515151515151 35
update_start: 60; random_action_prob: 0.1851
update_complete: 60; loss: 0.026435954496264458; cumulative_reward: 53.75; invalid_count: 0; positive_reward_count: 55; success_count: 27; episode_count: 30; dead_end_count: 3; best_tax_advantage: 198.0; avg_entropy: 0.06378958876302931; random_action_prob: 0.1851; random_exploration_count: 19; saved_snapshots: 0
form_subcorp 0.0 35
buy_stock 0.0 31
compensate_employees 0.5 28
liquidate_corp 1.1691176470588236 34
update_start: 61; random_action_prob: 0.1841
update_complete: 61; loss: 0.03857060459752878; cumulative_reward: 41.545454545454554; invalid_count: 0; positive_reward_count: 64; success_count: 20; episode_count: 28; dead_end_count: 4; best_tax_advantage: 198.0; avg_entropy: 0.22914379947906127; random_action_prob: 0.1841; random_exploration_count: 26; saved_snapshots: 0
form_subcorp 0.0 30
buy_stock 0.0 28
compensate_employees 0.27873977873977873 42
liquidate_corp 1.0656565656565655 28
update_start: 62; random_action_prob: 0.1832
update_complete: 62; loss: 0.0323370856543382; cumulative_reward: 42.52272727272727; invalid_count: 0; positive_reward_count: 61; success_count: 21; episode_count: 29; dead_end_count: 5; best_tax_advantage: 198.0; avg_entropy: 0.11753417825275392; random_action_prob: 0.1832; random_exploration_count: 24; saved_snapshots: 0
form_subcorp 0.0 31
buy_stock 0.0 30
compensate_employees 0.3068181818181818 40
liquidate_corp 1.1203703703703705 27
update_start: 63; random_action_prob: 0.1823
update_complete: 63; loss: 0.0722056192656358; cumulative_reward: 41.36868686868689; invalid_count: 0; positive_reward_count: 54; success_count: 21; episode_count: 29; dead_end_count: 6; best_tax_advantage: 198.0; avg_entropy: 0.15419799911796872; random_action_prob: 0.1823; random_exploration_count: 29; saved_snapshots: 0
form_subcorp 0.0 34
buy_stock 0.0 29
compensate_employees 0.34450566268748084 33
liquidate_corp 0.9375 32
update_start: 64; random_action_prob: 0.1814
update_complete: 64; loss: 0.09871353209018707; cumulative_reward: 59.5; invalid_count: 0; positive_reward_count: 60; success_count: 30; episode_count: 32; dead_end_count: 2; best_tax_advantage: 198.0; avg_entropy: 0.058425561863259645; random_action_prob: 0.1814; random_exploration_count: 29; saved_snapshots: 0
form_subcorp 0.0 33
buy_stock 0.0 32
compensate_employees 0.5 30
liquidate_corp 1.3484848484848484 33
update_start: 65; random_action_prob: 0.1805
update_complete: 65; loss: 0.04419579481085142; cumulative_reward: 47.166666666666664; invalid_count: 0; positive_reward_count: 61; success_count: 23; episode_count: 30; dead_end_count: 6; best_tax_advantage: 198.0; avg_entropy: 0.15828027074348938; random_action_prob: 0.1805; random_exploration_count: 27; saved_snapshots: 0
form_subcorp 0.0 32
buy_stock 0.0 30
compensate_employees 0.37272727272727274 35
liquidate_corp 1.1006842619745847 31
update_start: 66; random_action_prob: 0.1796
update_complete: 66; loss: 0.013852108580370745; cumulative_reward: 46.05555555555556; invalid_count: 0; positive_reward_count: 58; success_count: 23; episode_count: 27; dead_end_count: 2; best_tax_advantage: 198.0; avg_entropy: 0.14916698445267684; random_action_prob: 0.1796; random_exploration_count: 22; saved_snapshots: 0
form_subcorp 0.0 34
buy_stock 0.0 28
compensate_employees 0.34444444444444444 35
liquidate_corp 1.096774193548387 31
update_start: 67; random_action_prob: 0.1787
update_complete: 67; loss: 0.039956112702687584; cumulative_reward: 42.81313131313132; invalid_count: 0; positive_reward_count: 62; success_count: 21; episode_count: 29; dead_end_count: 6; best_tax_advantage: 198.0; avg_entropy: 0.1586616612803482; random_action_prob: 0.1787; random_exploration_count: 21; saved_snapshots: 0
form_subcorp 0.0 31
buy_stock 0.0 29
compensate_employees 0.30989380989380994 39
liquidate_corp 1.0595611285266457 29
update_start: 68; random_action_prob: 0.1778
update_complete: 68; loss: 0.051856186240911484; cumulative_reward: 49.272727272727266; invalid_count: 0; positive_reward_count: 64; success_count: 24; episode_count: 27; dead_end_count: 0; best_tax_advantage: 198.0; avg_entropy: 0.12776141473477765; random_action_prob: 0.1778; random_exploration_count: 21; saved_snapshots: 0
form_subcorp 0.0 32
buy_stock 0.0 27
compensate_employees 0.33181818181818185 40
liquidate_corp 1.2413793103448276 29
update_start: 69; random_action_prob: 0.1769
update_complete: 69; loss: 0.0966715117295583; cumulative_reward: 41.23232323232324; invalid_count: 0; positive_reward_count: 50; success_count: 21; episode_count: 30; dead_end_count: 8; best_tax_advantage: 198.0; avg_entropy: 0.14142091205758334; random_action_prob: 0.1769; random_exploration_count: 31; saved_snapshots: 0
form_subcorp 0.0 36
buy_stock 0.0 30
compensate_employees 0.40440115440115443 28
liquidate_corp 0.8796791443850268 34
update_start: 70; random_action_prob: 0.1760
update_complete: 70; loss: 0.10670827080806096; cumulative_reward: 46.098484848484844; invalid_count: 0; positive_reward_count: 59; success_count: 23; episode_count: 30; dead_end_count: 5; best_tax_advantage: 198.0; avg_entropy: 0.11213949807824974; random_action_prob: 0.1760; random_exploration_count: 19; saved_snapshots: 0
form_subcorp 0.0 32
buy_stock 0.0 31
compensate_employees 0.3569023569023569 36
liquidate_corp 1.146551724137931 29
update_start: 71; random_action_prob: 0.1751
update_complete: 71; loss: 0.1083971510330836; cumulative_reward: 45.18434343434343; invalid_count: 0; positive_reward_count: 52; success_count: 23; episode_count: 29; dead_end_count: 5; best_tax_advantage: 198.0; avg_entropy: 0.18084043178532738; random_action_prob: 0.1751; random_exploration_count: 29; saved_snapshots: 0
form_subcorp 0.0 36
buy_stock 0.0 29
compensate_employees 0.411529083942877 29
liquidate_corp 0.9779411764705882 34
update_start: 72; random_action_prob: 0.1743
update_complete: 72; loss: 0.025565424002707005; cumulative_reward: 46.80555555555557; invalid_count: 0; positive_reward_count: 58; success_count: 23; episode_count: 28; dead_end_count: 3; best_tax_advantage: 198.0; avg_entropy: 0.14108839193431777; random_action_prob: 0.1743; random_exploration_count: 27; saved_snapshots: 0
form_subcorp 0.0 34
buy_stock 0.0 29
compensate_employees 0.3722519310754605 34
liquidate_corp 1.1015803193222546 31
update_start: 73; random_action_prob: 0.1734
update_complete: 73; loss: 0.05672483891248703; cumulative_reward: 56.17424242424242; invalid_count: 0; positive_reward_count: 62; success_count: 28; episode_count: 30; dead_end_count: 1; best_tax_advantage: 198.0; avg_entropy: 0.10201633961878542; random_action_prob: 0.1734; random_exploration_count: 19; saved_snapshots: 0
form_subcorp 0.0 33
buy_stock 0.0 30
compensate_employees 0.42424242424242425 34
liquidate_corp 1.346774193548387 31
update_start: 74; random_action_prob: 0.1725
update_complete: 74; loss: 0.03882552435000738; cumulative_reward: 54.43434343434343; invalid_count: 0; positive_reward_count: 60; success_count: 27; episode_count: 31; dead_end_count: 4; best_tax_advantage: 198.0; avg_entropy: 0.1169416083212127; random_action_prob: 0.1725; random_exploration_count: 20; saved_snapshots: 0
form_subcorp 0.0 33
buy_stock 0.0 31
compensate_employees 0.45861844248941025 31
liquidate_corp 1.2187021732476278 33
update_start: 75; random_action_prob: 0.1717
update_complete: 75; loss: 0.03986066207289696; cumulative_reward: 47.44696969696969; invalid_count: 0; positive_reward_count: 59; success_count: 23; episode_count: 28; dead_end_count: 3; best_tax_advantage: 198.0; avg_entropy: 0.12438845555516309; random_action_prob: 0.1717; random_exploration_count: 22; saved_snapshots: 0
form_subcorp 0.0 33
buy_stock 0.0 29
compensate_employees 0.3778966131907308 34
liquidate_corp 1.0812026515151516 32
update_start: 76; random_action_prob: 0.1708
update_complete: 76; loss: 0.025887403016289074; cumulative_reward: 47.0050505050505; invalid_count: 0; positive_reward_count: 63; success_count: 23; episode_count: 28; dead_end_count: 2; best_tax_advantage: 198.0; avg_entropy: 0.13314238879684126; random_action_prob: 0.1708; random_exploration_count: 22; saved_snapshots: 0
form_subcorp 0.0 32
buy_stock 0.0 28
compensate_employees 0.32247474747474747 40
liquidate_corp 1.218073593073593 28
update_start: 77; random_action_prob: 0.1699
update_complete: 77; loss: 0.04876230781277021; cumulative_reward: 52.35858585858587; invalid_count: 0; positive_reward_count: 62; success_count: 26; episode_count: 30; dead_end_count: 2; best_tax_advantage: 198.0; avg_entropy: 0.07596439073313377; random_action_prob: 0.1699; random_exploration_count: 19; saved_snapshots: 0
form_subcorp 0.0 32
buy_stock 0.0 30
compensate_employees 0.3849607182940516 36
liquidate_corp 1.2833333333333334 30
update_start: 78; random_action_prob: 0.1691
update_complete: 78; loss: 0.05379356940587362; cumulative_reward: 50.25252525252526; invalid_count: 0; positive_reward_count: 60; success_count: 25; episode_count: 30; dead_end_count: 4; best_tax_advantage: 198.0; avg_entropy: 0.12830000807844044; random_action_prob: 0.1691; random_exploration_count: 23; saved_snapshots: 0
form_subcorp 0.0 33
buy_stock 0.0 30
compensate_employees 0.39245395127748073 34
liquidate_corp 1.190615835777126 31
update_start: 79; random_action_prob: 0.1683
update_complete: 79; loss: 0.03050445392727852; cumulative_reward: 46.52272727272727; invalid_count: 0; positive_reward_count: 64; success_count: 23; episode_count: 29; dead_end_count: 3; best_tax_advantage: 198.0; avg_entropy: 0.0985899500301457; random_action_prob: 0.1683; random_exploration_count: 19; saved_snapshots: 0
form_subcorp 0.0 31
buy_stock 0.0 29
compensate_employees 0.311529933481153 41
liquidate_corp 1.25 27
update_start: 80; random_action_prob: 0.1674
update_complete: 80; loss: 0.025529814263184864; cumulative_reward: 51.43434343434343; invalid_count: 0; positive_reward_count: 58; success_count: 26; episode_count: 31; dead_end_count: 4; best_tax_advantage: 198.0; avg_entropy: 0.08024579965604062; random_action_prob: 0.1674; random_exploration_count: 24; saved_snapshots: 0
form_subcorp 0.0 33
buy_stock 0.0 31
compensate_employees 0.4198232323232323 32
liquidate_corp 1.1875 32
update_start: 81; random_action_prob: 0.1666
update_complete: 81; loss: 0.03196707678337892; cumulative_reward: 52.18434343434345; invalid_count: 0; positive_reward_count: 59; success_count: 26; episode_count: 30; dead_end_count: 3; best_tax_advantage: 198.0; avg_entropy: 0.09161166335070448; random_action_prob: 0.1666; random_exploration_count: 21; saved_snapshots: 0
form_subcorp 0.0 33
buy_stock 0.0 31
compensate_employees 0.4222528313437404 33
liquidate_corp 1.2338709677419355 31
update_start: 82; random_action_prob: 0.1657
update_complete: 82; loss: 0.027982070731619995; cumulative_reward: 55.71212121212122; invalid_count: 0; positive_reward_count: 58; success_count: 28; episode_count: 30; dead_end_count: 2; best_tax_advantage: 198.0; avg_entropy: 0.06261094200272055; random_action_prob: 0.1657; random_exploration_count: 21; saved_snapshots: 0
form_subcorp 0.0 34
buy_stock 0.0 31
compensate_employees 0.47373737373737373 30
liquidate_corp 1.2575757575757576 33
update_start: 83; random_action_prob: 0.1649
update_complete: 83; loss: 0.026966312279303867; cumulative_reward: 51.42424242424242; invalid_count: 0; positive_reward_count: 58; success_count: 26; episode_count: 31; dead_end_count: 4; best_tax_advantage: 198.0; avg_entropy: 0.0684092256706208; random_action_prob: 0.1649; random_exploration_count: 22; saved_snapshots: 0
form_subcorp 0.0 33
buy_stock 0.0 32
compensate_employees 0.41950757575757575 32
liquidate_corp 1.2258064516129032 31
update_start: 84; random_action_prob: 0.1641
update_complete: 84; loss: 0.02691086381673813; cumulative_reward: 48.58080808080808; invalid_count: 0; positive_reward_count: 61; success_count: 24; episode_count: 28; dead_end_count: 2; best_tax_advantage: 198.0; avg_entropy: 0.14249389361793874; random_action_prob: 0.1641; random_exploration_count: 29; saved_snapshots: 0
form_subcorp 0.0 33
buy_stock 0.0 28
compensate_employees 0.3506688506688507 37
liquidate_corp 1.186868686868687 30
update_start: 85; random_action_prob: 0.1633
update_complete: 85; loss: 0.029615282081067562; cumulative_reward: 60.0; invalid_count: 0; positive_reward_count: 60; success_count: 30; episode_count: 30; dead_end_count: 0; best_tax_advantage: 198.0; avg_entropy: 0.047317897082393756; random_action_prob: 0.1633; random_exploration_count: 15; saved_snapshots: 0
form_subcorp 0.0 34
buy_stock 0.0 30
compensate_employees 0.5 30
liquidate_corp 1.3235294117647058 34
update_start: 86; random_action_prob: 0.1625
update_complete: 86; loss: 0.025068949908018112; cumulative_reward: 53.68434343434345; invalid_count: 0; positive_reward_count: 60; success_count: 27; episode_count: 31; dead_end_count: 3; best_tax_advantage: 198.0; avg_entropy: 0.05874636824682966; random_action_prob: 0.1625; random_exploration_count: 10; saved_snapshots: 0
form_subcorp 0.0 33
buy_stock 0.0 31
compensate_employees 0.4222528313437404 33
liquidate_corp 1.282258064516129 31
update_start: 87; random_action_prob: 0.1616
update_complete: 87; loss: 0.053617710868517555; cumulative_reward: 42.72727272727272; invalid_count: 0; positive_reward_count: 60; success_count: 21; episode_count: 28; dead_end_count: 4; best_tax_advantage: 198.0; avg_entropy: 0.14344357372829108; random_action_prob: 0.1616; random_exploration_count: 23; saved_snapshots: 0
form_subcorp 0.0 32
buy_stock 0.0 29
compensate_employees 0.31047315257841573 38
liquidate_corp 1.0665273423894115 29
update_start: 88; random_action_prob: 0.1608
update_complete: 88; loss: 0.04633277033766111; cumulative_reward: 54.67424242424242; invalid_count: 0; positive_reward_count: 61; success_count: 27; episode_count: 29; dead_end_count: 1; best_tax_advantage: 198.0; avg_entropy: 0.09188606343923311; random_action_prob: 0.1608; random_exploration_count: 25; saved_snapshots: 0
form_subcorp 0.0 33
buy_stock 0.0 30
compensate_employees 0.42424242424242425 34
liquidate_corp 1.2983870967741935 31
update_start: 89; random_action_prob: 0.1600
update_complete: 89; loss: 0.051893470187981926; cumulative_reward: 44.931818181818194; invalid_count: 0; positive_reward_count: 57; success_count: 22; episode_count: 27; dead_end_count: 3; best_tax_advantage: 198.0; avg_entropy: 0.14372012620424357; random_action_prob: 0.1600; random_exploration_count: 24; saved_snapshots: 0
form_subcorp 0.0 34
buy_stock 0.0 28
compensate_employees 0.3562770562770563 35
liquidate_corp 1.0471652003910068 31
update_start: 90; random_action_prob: 0.1592
update_complete: 90; loss: 0.04773462067047755; cumulative_reward: 48.47979797979799; invalid_count: 0; positive_reward_count: 62; success_count: 24; episode_count: 28; dead_end_count: 2; best_tax_advantage: 198.0; avg_entropy: 0.10922346379948067; random_action_prob: 0.1592; random_exploration_count: 18; saved_snapshots: 0
form_subcorp 0.0 32
buy_stock 0.0 29
compensate_employees 0.34157363104731525 38
liquidate_corp 1.2241379310344827 29
update_start: 91; random_action_prob: 0.1584
update_complete: 91; loss: 0.04764382541179657; cumulative_reward: 51.098484848484844; invalid_count: 0; positive_reward_count: 63; success_count: 25; episode_count: 28; dead_end_count: 1; best_tax_advantage: 198.0; avg_entropy: 0.07431958187044074; random_action_prob: 0.1584; random_exploration_count: 14; saved_snapshots: 0
form_subcorp 0.0 32
buy_stock 0.0 29
compensate_employees 0.36443381180223283 38
liquidate_corp 1.2844827586206897 29
update_start: 92; random_action_prob: 0.1576
update_complete: 92; loss: 0.08664694428443909; cumulative_reward: 43.55303030303032; invalid_count: 0; positive_reward_count: 59; success_count: 22; episode_count: 31; dead_end_count: 7; best_tax_advantage: 198.0; avg_entropy: 0.1465536671985319; random_action_prob: 0.1576; random_exploration_count: 26; saved_snapshots: 0
form_subcorp 0.0 31
buy_stock 0.0 31
compensate_employees 0.32664482664482664 37
liquidate_corp 1.0850748867990248 29
update_start: 93; random_action_prob: 0.1569
update_complete: 93; loss: 0.17261932790279388; cumulative_reward: 51.92424242424242; invalid_count: 0; positive_reward_count: 58; success_count: 26; episode_count: 29; dead_end_count: 2; best_tax_advantage: 198.0; avg_entropy: 0.08626924030795635; random_action_prob: 0.1569; random_exploration_count: 25; saved_snapshots: 0
form_subcorp 0.0 34
buy_stock 0.0 30
compensate_employees 0.41950757575757575 32
liquidate_corp 1.203125 32
update_start: 94; random_action_prob: 0.1561
update_complete: 94; loss: 0.10915160179138184; cumulative_reward: 44.60101010101011; invalid_count: 0; positive_reward_count: 60; success_count: 22; episode_count: 28; dead_end_count: 4; best_tax_advantage: 198.0; avg_entropy: 0.13112020459539053; random_action_prob: 0.1561; random_exploration_count: 18; saved_snapshots: 0
form_subcorp 0.0 32
buy_stock 0.0 29
compensate_employees 0.32854864433811803 38
liquidate_corp 1.1074538488331593 29
update_start: 95; random_action_prob: 0.1553
update_complete: 95; loss: 0.09695503364006679; cumulative_reward: 49.03282828282829; invalid_count: 0; positive_reward_count: 60; success_count: 24; episode_count: 28; dead_end_count: 3; best_tax_advantage: 198.0; avg_entropy: 0.09649063879805908; random_action_prob: 0.1553; random_exploration_count: 22; saved_snapshots: 0
form_subcorp 0.0 33
buy_stock 0.0 29
compensate_employees 0.38167388167388167 35
liquidate_corp 1.1507820136852394 31
update_start: 96; random_action_prob: 0.1545
update_complete: 96; loss: 0.053533636033535004; cumulative_reward: 59.5; invalid_count: 0; positive_reward_count: 60; success_count: 30; episode_count: 32; dead_end_count: 2; best_tax_advantage: 198.0; avg_entropy: 0.029211275309535267; random_action_prob: 0.1545; random_exploration_count: 13; saved_snapshots: 0
form_subcorp 0.0 33
buy_stock 0.0 32
compensate_employees 0.5 30
liquidate_corp 1.3484848484848484 33
update_start: 97; random_action_prob: 0.1537
update_complete: 97; loss: 0.17737160623073578; cumulative_reward: 50.25; invalid_count: 0; positive_reward_count: 52; success_count: 26; episode_count: 33; dead_end_count: 7; best_tax_advantage: 198.0; avg_entropy: 0.09437279472058435; random_action_prob: 0.1537; random_exploration_count: 20; saved_snapshots: 0
form_subcorp 0.0 35
buy_stock 0.0 33
compensate_employees 0.5 26
liquidate_corp 1.0955882352941178 34
update_start: 98; random_action_prob: 0.1530
update_complete: 98; loss: 0.12312358617782593; cumulative_reward: 46.18434343434343; invalid_count: 0; positive_reward_count: 53; success_count: 23; episode_count: 27; dead_end_count: 3; best_tax_advantage: 198.0; avg_entropy: 0.11131436830510211; random_action_prob: 0.1530; random_exploration_count: 23; saved_snapshots: 0
form_subcorp 0.0 36
buy_stock 0.0 28
compensate_employees 0.4144781144781145 30
liquidate_corp 0.9926470588235294 34
update_start: 99; random_action_prob: 0.1522
update_complete: 99; loss: 0.05552190293868383; cumulative_reward: 54.35858585858587; invalid_count: 0; positive_reward_count: 60; success_count: 27; episode_count: 30; dead_end_count: 2; best_tax_advantage: 198.0; avg_entropy: 0.08195424650330096; random_action_prob: 0.1522; random_exploration_count: 16; saved_snapshots: 0
form_subcorp 0.0 33
buy_stock 0.0 30
compensate_employees 0.43529040404040403 32
liquidate_corp 1.2251300887664522 33
2026-07-10T17:31:37 completed subsidiary_stock_comp run=4 elapsed_seconds=703.80 updates_logged=100
2026-07-10T17:31:37 running subsidiary_stock_comp run=5 seed=1734
update_start: 0; random_action_prob: 0.2500
update_complete: 0; loss: 0.5020318528016409; cumulative_reward: 13.169191919191922; invalid_count: 0; positive_reward_count: 63; success_count: 3; episode_count: 26; dead_end_count: 19; best_tax_advantage: 198.0; avg_entropy: 0.537717922066804; random_action_prob: 0.2500; random_exploration_count: 27; saved_snapshots: 0
form_subcorp 0.0 28
buy_stock 0.0 27
compensate_employees 0.16435185185185186 48
liquidate_corp 0.2112121212121212 25
update_start: 1; random_action_prob: 0.2487
update_complete: 1; loss: 0.558827539285024; cumulative_reward: 11.310606060606066; invalid_count: 0; positive_reward_count: 61; success_count: 3; episode_count: 25; dead_end_count: 19; best_tax_advantage: 198.0; avg_entropy: 0.47713288528029807; random_action_prob: 0.2487; random_exploration_count: 29; saved_snapshots: 0
form_subcorp 0.0 29
buy_stock 0.0 25
compensate_employees 0.1494107744107744 48
liquidate_corp 0.1591880341880342 26
update_start: 2; random_action_prob: 0.2475
update_complete: 2; loss: 0.41389723618825275; cumulative_reward: 17.113636363636367; invalid_count: 0; positive_reward_count: 62; success_count: 6; episode_count: 23; dead_end_count: 11; best_tax_advantage: 198.0; avg_entropy: 0.54565883660689; random_action_prob: 0.2475; random_exploration_count: 39; saved_snapshots: 0
form_subcorp 0.0 30
buy_stock 0.0 24
compensate_employees 0.16224747474747475 48
liquidate_corp 0.3586829836829837 26
update_start: 3; random_action_prob: 0.2463
update_complete: 3; loss: 0.22263257702191672; cumulative_reward: 28.090909090909093; invalid_count: 0; positive_reward_count: 52; success_count: 13; episode_count: 26; dead_end_count: 8; best_tax_advantage: 198.0; avg_entropy: 0.49067327845841646; random_action_prob: 0.2463; random_exploration_count: 33; saved_snapshots: 0
form_subcorp 0.0 35
buy_stock 0.0 26
compensate_employees 0.260942760942761 36
liquidate_corp 0.6031280547409579 31
update_start: 4; random_action_prob: 0.2450
update_complete: 4; loss: 0.14042633771896362; cumulative_reward: 39.60606060606061; invalid_count: 0; positive_reward_count: 45; success_count: 20; episode_count: 28; dead_end_count: 8; best_tax_advantage: 198.0; avg_entropy: 0.43250145693309605; random_action_prob: 0.2450; random_exploration_count: 26; saved_snapshots: 0
form_subcorp 0.0 39
buy_stock 0.0 28
compensate_employees 0.46969696969696967 23
liquidate_corp 0.7579744816586922 38
update_start: 5; random_action_prob: 0.2438
update_complete: 5; loss: 0.09979888300100963; cumulative_reward: 27.954545454545457; invalid_count: 0; positive_reward_count: 40; success_count: 13; episode_count: 20; dead_end_count: 2; best_tax_advantage: 198.0; avg_entropy: 0.43106635054573417; random_action_prob: 0.2438; random_exploration_count: 24; saved_snapshots: 0
form_subcorp 0.0 44
buy_stock 0.0 19
compensate_employees 0.3258585858585859 25
liquidate_corp 0.49520202020202025 40
update_start: 6; random_action_prob: 0.2426
update_complete: 6; loss: 0.09212182958920796; cumulative_reward: 34.32828282828283; invalid_count: 0; positive_reward_count: 41; success_count: 17; episode_count: 25; dead_end_count: 6; best_tax_advantage: 198.0; avg_entropy: 0.3350976192159578; random_action_prob: 0.2426; random_exploration_count: 28; saved_snapshots: 0
form_subcorp 0.0 41
buy_stock 0.0 25
compensate_employees 0.4279155188246097 22
liquidate_corp 0.6228535353535354 40
update_start: 7; random_action_prob: 0.2414
update_complete: 7; loss: 0.08199932922919591; cumulative_reward: 17.22979797979798; invalid_count: 0; positive_reward_count: 33; success_count: 8; episode_count: 19; dead_end_count: 3; best_tax_advantage: 198.0; avg_entropy: 0.4063583496317733; random_action_prob: 0.2414; random_exploration_count: 36; saved_snapshots: 0
form_subcorp 0.0 47
buy_stock 0.0 19
compensate_employees 0.22463768115942032 23
liquidate_corp 0.3093110593110593 39
update_start: 8; random_action_prob: 0.2402
update_complete: 8; loss: 0.07371667524178822; cumulative_reward: 33.5; invalid_count: 0; positive_reward_count: 34; success_count: 17; episode_count: 21; dead_end_count: 2; best_tax_advantage: 198.0; avg_entropy: 0.26626220578327775; random_action_prob: 0.2402; random_exploration_count: 27; saved_snapshots: 0
form_subcorp 0.0 46
buy_stock 0.0 19
compensate_employees 0.5 17
liquidate_corp 0.5434782608695652 46
update_start: 9; random_action_prob: 0.2390
update_complete: 9; loss: 0.053596733758846916; cumulative_reward: 30.116161616161616; invalid_count: 0; positive_reward_count: 34; success_count: 15; episode_count: 21; dead_end_count: 2; best_tax_advantage: 198.0; avg_entropy: 0.3188815166358836; random_action_prob: 0.2390; random_exploration_count: 35; saved_snapshots: 0
form_subcorp 0.0 46
buy_stock 0.0 21
compensate_employees 0.42716640085061136 19
liquidate_corp 0.5238095238095238 42
update_start: 10; random_action_prob: 0.2378
update_complete: 10; loss: 0.06934874008099239; cumulative_reward: 39.858585858585855; invalid_count: 0; positive_reward_count: 52; success_count: 20; episode_count: 26; dead_end_count: 4; best_tax_advantage: 198.0; avg_entropy: 0.2541024336969713; random_action_prob: 0.2378; random_exploration_count: 23; saved_snapshots: 0
form_subcorp 0.0 36
buy_stock 0.0 27
compensate_employees 0.33933080808080807 32
liquidate_corp 0.8787878787878788 33
update_start: 11; random_action_prob: 0.2366
update_complete: 11; loss: 0.1043198232849439; cumulative_reward: 42.55303030303031; invalid_count: 0; positive_reward_count: 55; success_count: 21; episode_count: 26; dead_end_count: 3; best_tax_advantage: 198.0; avg_entropy: 0.2147716931067407; random_action_prob: 0.2366; random_exploration_count: 33; saved_snapshots: 0
form_subcorp 0.0 35
buy_stock 0.0 26
compensate_employees 0.34450566268748084 33
liquidate_corp 0.9171865715983364 34
update_start: 12; random_action_prob: 0.2354
update_complete: 12; loss: 0.04228786379098892; cumulative_reward: 50.32070707070708; invalid_count: 0; positive_reward_count: 60; success_count: 25; episode_count: 29; dead_end_count: 3; best_tax_advantage: 198.0; avg_entropy: 0.14988202159292996; random_action_prob: 0.2354; random_exploration_count: 20; saved_snapshots: 0
form_subcorp 0.0 33
buy_stock 0.0 30
compensate_employees 0.38978015448603687 34
liquidate_corp 1.1957478005865103 31
update_start: 13; random_action_prob: 0.2342
update_complete: 13; loss: 0.07079937309026718; cumulative_reward: 41.70707070707072; invalid_count: 0; positive_reward_count: 58; success_count: 20; episode_count: 27; dead_end_count: 4; best_tax_advantage: 198.0; avg_entropy: 0.2065460841404274; random_action_prob: 0.2342; random_exploration_count: 34; saved_snapshots: 0
form_subcorp 0.0 34
buy_stock 0.0 27
compensate_employees 0.3305916305916306 35
liquidate_corp 0.9417613636363636 32
update_start: 14; random_action_prob: 0.2331
update_complete: 14; loss: 0.09169792632261912; cumulative_reward: 36.12626262626262; invalid_count: 0; positive_reward_count: 53; success_count: 18; episode_count: 29; dead_end_count: 10; best_tax_advantage: 198.0; avg_entropy: 0.26078499952564016; random_action_prob: 0.2331; random_exploration_count: 34; saved_snapshots: 0
form_subcorp 0.0 34
buy_stock 0.0 30
compensate_employees 0.32733585858585856 32
liquidate_corp 0.8016098484848485 32
update_start: 15; random_action_prob: 0.2319
update_complete: 15; loss: 0.14985046784083048; cumulative_reward: 47.43434343434343; invalid_count: 0; positive_reward_count: 54; success_count: 24; episode_count: 29; dead_end_count: 4; best_tax_advantage: 198.0; avg_entropy: 0.13950678752735257; random_action_prob: 0.2319; random_exploration_count: 24; saved_snapshots: 0
form_subcorp 0.0 35
buy_stock 0.0 29
compensate_employees 0.4144781144781145 30
liquidate_corp 1.0294117647058822 34
update_start: 16; random_action_prob: 0.2307
update_complete: 16; loss: 0.1273603489001592; cumulative_reward: 42.90909090909092; invalid_count: 0; positive_reward_count: 60; success_count: 21; episode_count: 27; dead_end_count: 4; best_tax_advantage: 198.0; avg_entropy: 0.19832416759527405; random_action_prob: 0.2307; random_exploration_count: 30; saved_snapshots: 0
form_subcorp 0.0 33
buy_stock 0.0 27
compensate_employees 0.3128654970760234 38
liquidate_corp 1.034006734006734 30
update_start: 17; random_action_prob: 0.2296
update_complete: 17; loss: 0.11099851379791896; cumulative_reward: 42.92424242424242; invalid_count: 0; positive_reward_count: 50; success_count: 22; episode_count: 29; dead_end_count: 6; best_tax_advantage: 198.0; avg_entropy: 0.18232748995069414; random_action_prob: 0.2296; random_exploration_count: 34; saved_snapshots: 0
form_subcorp 0.0 36
buy_stock 0.0 29
compensate_employees 0.408008658008658 28
liquidate_corp 0.9 35
update_start: 18; random_action_prob: 0.2284
update_complete: 18; loss: 0.07310351729393005; cumulative_reward: 50.275252525252526; invalid_count: 0; positive_reward_count: 56; success_count: 25; episode_count: 28; dead_end_count: 1; best_tax_advantage: 198.0; avg_entropy: 0.17235664729378186; random_action_prob: 0.2284; random_exploration_count: 24; saved_snapshots: 0
form_subcorp 0.0 36
buy_stock 0.0 28
compensate_employees 0.4201694362984686 31
liquidate_corp 1.128787878787879 33
update_start: 19; random_action_prob: 0.2273
update_complete: 19; loss: 0.08687002460161845; cumulative_reward: 46.69444444444444; invalid_count: 0; positive_reward_count: 55; success_count: 23; episode_count: 30; dead_end_count: 7; best_tax_advantage: 198.0; avg_entropy: 0.19558146339841187; random_action_prob: 0.2273; random_exploration_count: 22; saved_snapshots: 0
form_subcorp 0.0 35
buy_stock 0.0 30
compensate_employees 0.4386973180076628 29
liquidate_corp 0.9991830065359477 34
update_start: 20; random_action_prob: 0.2262
update_complete: 20; loss: 0.09626747916142146; cumulative_reward: 41.41919191919192; invalid_count: 0; positive_reward_count: 59; success_count: 20; episode_count: 27; dead_end_count: 6; best_tax_advantage: 198.0; avg_entropy: 0.2805670314701274; random_action_prob: 0.2262; random_exploration_count: 32; saved_snapshots: 0
form_subcorp 0.0 33
buy_stock 0.0 28
compensate_employees 0.324354657687991 36
liquidate_corp 0.9594330400782014 31
update_start: 21; random_action_prob: 0.2250
update_complete: 21; loss: 0.06597509110967319; cumulative_reward: 45.050505050505066; invalid_count: 0; positive_reward_count: 56; success_count: 22; episode_count: 27; dead_end_count: 4; best_tax_advantage: 198.0; avg_entropy: 0.21281944459769875; random_action_prob: 0.2250; random_exploration_count: 27; saved_snapshots: 0
form_subcorp 0.0 35
buy_stock 0.0 27
compensate_employees 0.38257575757575757 32
liquidate_corp 0.9649435531788474 34
update_start: 22; random_action_prob: 0.2239
update_complete: 22; loss: 0.11554679522911708; cumulative_reward: 44.75; invalid_count: 0; positive_reward_count: 46; success_count: 23; episode_count: 29; dead_end_count: 5; best_tax_advantage: 198.0; avg_entropy: 0.1719348902843194; random_action_prob: 0.2239; random_exploration_count: 28; saved_snapshots: 0
form_subcorp 0.0 39
buy_stock 0.0 29
compensate_employees 0.5 23
liquidate_corp 0.8986486486486487 37
update_start: 23; random_action_prob: 0.2228
update_complete: 23; loss: 0.07961457222700119; cumulative_reward: 40.31060606060607; invalid_count: 0; positive_reward_count: 48; success_count: 20; episode_count: 25; dead_end_count: 3; best_tax_advantage: 198.0; avg_entropy: 0.18455494528461713; random_action_prob: 0.2228; random_exploration_count: 26; saved_snapshots: 0
form_subcorp 0.0 39
buy_stock 0.0 25
compensate_employees 0.39786756453423117 27
liquidate_corp 0.7991400491400491 37
update_start: 24; random_action_prob: 0.2217
update_complete: 24; loss: 0.08149542845785618; cumulative_reward: 41.64646464646464; invalid_count: 0; positive_reward_count: 50; success_count: 21; episode_count: 26; dead_end_count: 4; best_tax_advantage: 198.0; avg_entropy: 0.20663860441709403; random_action_prob: 0.2217; random_exploration_count: 24; saved_snapshots: 0
form_subcorp 0.0 37
buy_stock 0.0 26
compensate_employees 0.38052943225357017 29
liquidate_corp 0.8503086419753086 36
update_start: 25; random_action_prob: 0.2206
update_complete: 25; loss: 0.1123445803920428; cumulative_reward: 39.77777777777779; invalid_count: 0; positive_reward_count: 57; success_count: 19; episode_count: 26; dead_end_count: 6; best_tax_advantage: 198.0; avg_entropy: 0.30786640106816776; random_action_prob: 0.2206; random_exploration_count: 25; saved_snapshots: 0
form_subcorp 0.0 34
buy_stock 0.0 27
compensate_employees 0.3305916305916306 35
liquidate_corp 0.8814709595959596 32
update_start: 26; random_action_prob: 0.2195
update_complete: 26; loss: 0.07948506126801173; cumulative_reward: 39.525252525252526; invalid_count: 0; positive_reward_count: 58; success_count: 19; episode_count: 25; dead_end_count: 4; best_tax_advantage: 198.0; avg_entropy: 0.3283533403991896; random_action_prob: 0.2195; random_exploration_count: 26; saved_snapshots: 0
form_subcorp 0.0 34
buy_stock 0.0 26
compensate_employees 0.30234780234780234 37
liquidate_corp 0.9141414141414141 31
update_start: 27; random_action_prob: 0.2184
update_complete: 27; loss: 0.06334005544583003; cumulative_reward: 33.38888888888889; invalid_count: 0; positive_reward_count: 43; success_count: 16; episode_count: 21; dead_end_count: 2; best_tax_advantage: 198.0; avg_entropy: 0.3043476465390995; random_action_prob: 0.2184; random_exploration_count: 25; saved_snapshots: 0
form_subcorp 0.0 42
buy_stock 0.0 20
compensate_employees 0.3577777777777778 25
liquidate_corp 0.5962059620596205 41
update_start: 28; random_action_prob: 0.2173
update_complete: 28; loss: 0.11578405275940895; cumulative_reward: 43.5; invalid_count: 0; positive_reward_count: 44; success_count: 22; episode_count: 25; dead_end_count: 2; best_tax_advantage: 198.0; avg_entropy: 0.23563961267427658; random_action_prob: 0.2173; random_exploration_count: 23; saved_snapshots: 0
form_subcorp 0.0 41
buy_stock 0.0 26
compensate_employees 0.5 22
liquidate_corp 0.8333333333333334 39
update_start: 29; random_action_prob: 0.2162
update_complete: 29; loss: 0.1286009947458903; cumulative_reward: 51.5; invalid_count: 0; positive_reward_count: 52; success_count: 26; episode_count: 28; dead_end_count: 2; best_tax_advantage: 198.0; avg_entropy: 0.19670124782714993; random_action_prob: 0.2162; random_exploration_count: 28; saved_snapshots: 0
form_subcorp 0.0 37
buy_stock 0.0 29
compensate_employees 0.5 26
liquidate_corp 1.0694444444444444 36
update_start: 30; random_action_prob: 0.2151
update_complete: 30; loss: 0.08750125020742416; cumulative_reward: 39.90656565656565; invalid_count: 0; positive_reward_count: 49; success_count: 20; episode_count: 29; dead_end_count: 9; best_tax_advantage: 198.0; avg_entropy: 0.24335532643817714; random_action_prob: 0.2151; random_exploration_count: 30; saved_snapshots: 0
form_subcorp 0.0 36
buy_stock 0.0 30
compensate_employees 0.4195660306771418 27
liquidate_corp 0.8165223665223665 35
update_start: 31; random_action_prob: 0.2140
update_complete: 31; loss: 0.10697975506385167; cumulative_reward: 39.5479797979798; invalid_count: 0; positive_reward_count: 43; success_count: 20; episode_count: 28; dead_end_count: 7; best_tax_advantage: 198.0; avg_entropy: 0.21907585421649856; random_action_prob: 0.2140; random_exploration_count: 37; saved_snapshots: 0
form_subcorp 0.0 39
buy_stock 0.0 29
compensate_employees 0.4954086317722682 22
liquidate_corp 0.7539207868155237 38
update_start: 32; random_action_prob: 0.2130
update_complete: 32; loss: 0.09542033821344376; cumulative_reward: 39.57828282828283; invalid_count: 0; positive_reward_count: 45; success_count: 20; episode_count: 26; dead_end_count: 5; best_tax_advantage: 198.0; avg_entropy: 0.24553587425907608; random_action_prob: 0.2130; random_exploration_count: 24; saved_snapshots: 0
form_subcorp 0.0 40
buy_stock 0.0 26
compensate_employees 0.4339225589225589 24
liquidate_corp 0.7674774056353004 38
update_start: 33; random_action_prob: 0.2119
update_complete: 33; loss: 0.06555678447087605; cumulative_reward: 41.0; invalid_count: 0; positive_reward_count: 42; success_count: 21; episode_count: 26; dead_end_count: 4; best_tax_advantage: 198.0; avg_entropy: 0.2315980176172161; random_action_prob: 0.2119; random_exploration_count: 20; saved_snapshots: 0
form_subcorp 0.0 41
buy_stock 0.0 25
compensate_employees 0.5 21
liquidate_corp 0.7439024390243902 41
update_start: 34; random_action_prob: 0.2108
update_complete: 34; loss: 0.07647036015987396; cumulative_reward: 41.47727272727273; invalid_count: 0; positive_reward_count: 64; success_count: 20; episode_count: 25; dead_end_count: 1; best_tax_advantage: 198.0; avg_entropy: 0.2929895730849239; random_action_prob: 0.2108; random_exploration_count: 26; saved_snapshots: 0
form_subcorp 0.0 32
buy_stock 0.0 25
compensate_employees 0.2665289256198347 44
liquidate_corp 1.1018518518518519 27
update_start: 35; random_action_prob: 0.2098
update_complete: 35; loss: 0.07938997944196065; cumulative_reward: 36.57070707070707; invalid_count: 0; positive_reward_count: 51; success_count: 18; episode_count: 26; dead_end_count: 6; best_tax_advantage: 198.0; avg_entropy: 0.2850879594734579; random_action_prob: 0.2098; random_exploration_count: 25; saved_snapshots: 0
form_subcorp 0.0 36
buy_stock 0.0 27
compensate_employees 0.3305637015314435 31
liquidate_corp 0.7742127153891859 34
update_start: 36; random_action_prob: 0.2087
update_complete: 36; loss: 0.0827919269601504; cumulative_reward: 43.54040404040404; invalid_count: 0; positive_reward_count: 54; success_count: 21; episode_count: 26; dead_end_count: 4; best_tax_advantage: 198.0; avg_entropy: 0.2691488204727648; random_action_prob: 0.2087; random_exploration_count: 21; saved_snapshots: 0
form_subcorp 0.0 36
buy_stock 0.0 27
compensate_employees 0.3944281524926686 31
liquidate_corp 0.9209744503862152 34
update_start: 37; random_action_prob: 0.2077
update_complete: 37; loss: 0.06435639535387357; cumulative_reward: 36.55555555555556; invalid_count: 0; positive_reward_count: 45; success_count: 18; episode_count: 25; dead_end_count: 4; best_tax_advantage: 198.0; avg_entropy: 0.3066119962131779; random_action_prob: 0.2077; random_exploration_count: 31; saved_snapshots: 0
form_subcorp 0.0 40
buy_stock 0.0 26
compensate_employees 0.3822843822843823 26
liquidate_corp 0.739337822671156 36
update_start: 38; random_action_prob: 0.2066
update_complete: 38; loss: 0.025918413574496906; cumulative_reward: 45.608585858585855; invalid_count: 0; positive_reward_count: 60; success_count: 22; episode_count: 28; dead_end_count: 5; best_tax_advantage: 198.0; avg_entropy: 0.2155694064567797; random_action_prob: 0.2066; random_exploration_count: 25; saved_snapshots: 0
form_subcorp 0.0 33
buy_stock 0.0 29
compensate_employees 0.3611832611832612 35
liquidate_corp 1.0634571521668295 31
update_start: 39; random_action_prob: 0.2056
update_complete: 39; loss: 0.04460293178757032; cumulative_reward: 49.88636363636364; invalid_count: 0; positive_reward_count: 54; success_count: 25; episode_count: 29; dead_end_count: 3; best_tax_advantage: 198.0; avg_entropy: 0.13403104478493333; random_action_prob: 0.2056; random_exploration_count: 26; saved_snapshots: 0
form_subcorp 0.0 36
buy_stock 0.0 29
compensate_employees 0.4577922077922078 28
liquidate_corp 1.059090909090909 35
update_start: 40; random_action_prob: 0.2046
update_complete: 40; loss: 0.018138450259963673; cumulative_reward: 58.25; invalid_count: 0; positive_reward_count: 59; success_count: 29; episode_count: 30; dead_end_count: 1; best_tax_advantage: 198.0; avg_entropy: 0.07365874163224362; random_action_prob: 0.2046; random_exploration_count: 19; saved_snapshots: 0
form_subcorp 0.0 34
buy_stock 0.0 31
compensate_employees 0.5 30
liquidate_corp 1.3106060606060606 33
update_start: 41; random_action_prob: 0.2036
update_complete: 41; loss: 0.018908111999432247; cumulative_reward: 57.75; invalid_count: 0; positive_reward_count: 58; success_count: 29; episode_count: 30; dead_end_count: 1; best_tax_advantage: 198.0; avg_entropy: 0.0527138618635945; random_action_prob: 0.2036; random_exploration_count: 17; saved_snapshots: 0
form_subcorp 0.0 35
buy_stock 0.0 30
compensate_employees 0.5 29
liquidate_corp 1.2720588235294117 34
update_start: 42; random_action_prob: 0.2025
update_complete: 42; loss: 0.047035206109285355; cumulative_reward: 48.42676767676769; invalid_count: 0; positive_reward_count: 58; success_count: 24; episode_count: 30; dead_end_count: 5; best_tax_advantage: 198.0; avg_entropy: 0.1818702038435731; random_action_prob: 0.2025; random_exploration_count: 25; saved_snapshots: 0
form_subcorp 0.0 33
buy_stock 0.0 31
compensate_employees 0.401199494949495 32
liquidate_corp 1.112136994949495 32
update_start: 43; random_action_prob: 0.2015
update_complete: 43; loss: 0.03247453334430853; cumulative_reward: 53.80808080808081; invalid_count: 0; positive_reward_count: 57; success_count: 27; episode_count: 31; dead_end_count: 4; best_tax_advantage: 198.0; avg_entropy: 0.11214807578653563; random_action_prob: 0.2015; random_exploration_count: 25; saved_snapshots: 0
form_subcorp 0.0 34
buy_stock 0.0 31
compensate_employees 0.47944966910484155 29
liquidate_corp 1.1736482471776588 34
update_start: 44; random_action_prob: 0.2005
update_complete: 44; loss: 0.05410756294926008; cumulative_reward: 51.0; invalid_count: 0; positive_reward_count: 52; success_count: 26; episode_count: 30; dead_end_count: 4; best_tax_advantage: 198.0; avg_entropy: 0.11293162038782611; random_action_prob: 0.2005; random_exploration_count: 28; saved_snapshots: 0
form_subcorp 0.0 36
buy_stock 0.0 31
compensate_employees 0.5 26
liquidate_corp 1.0857142857142856 35
update_start: 45; random_action_prob: 0.1995
update_complete: 45; loss: 0.04861905177434286; cumulative_reward: 50.982323232323246; invalid_count: 0; positive_reward_count: 58; success_count: 25; episode_count: 30; dead_end_count: 5; best_tax_advantage: 198.0; avg_entropy: 0.20683556924632285; random_action_prob: 0.1995; random_exploration_count: 30; saved_snapshots: 0
form_subcorp 0.0 34
buy_stock 0.0 30
compensate_employees 0.45387205387205387 30
liquidate_corp 1.0990047534165182 34
update_start: 46; random_action_prob: 0.1985
update_complete: 46; loss: 0.09333688765764236; cumulative_reward: 47.61616161616161; invalid_count: 0; positive_reward_count: 54; success_count: 24; episode_count: 32; dead_end_count: 8; best_tax_advantage: 198.0; avg_entropy: 0.12827426771400496; random_action_prob: 0.1985; random_exploration_count: 25; saved_snapshots: 0
form_subcorp 0.0 34
buy_stock 0.0 33
compensate_employees 0.4574314574314574 28
liquidate_corp 1.0547903275176003 33
update_start: 47; random_action_prob: 0.1975
update_complete: 47; loss: 0.07672778020302455; cumulative_reward: 46.434343434343425; invalid_count: 0; positive_reward_count: 56; success_count: 23; episode_count: 31; dead_end_count: 8; best_tax_advantage: 198.0; avg_entropy: 0.14610850813915022; random_action_prob: 0.1975; random_exploration_count: 25; saved_snapshots: 0
form_subcorp 0.0 34
buy_stock 0.0 31
compensate_employees 0.42390572390572395 30
liquidate_corp 1.0217324762779307 33
update_start: 48; random_action_prob: 0.1965
update_complete: 48; loss: 0.13470374047756195; cumulative_reward: 45.55050505050505; invalid_count: 0; positive_reward_count: 54; success_count: 23; episode_count: 30; dead_end_count: 6; best_tax_advantage: 198.0; avg_entropy: 0.17326443201454822; random_action_prob: 0.1965; random_exploration_count: 32; saved_snapshots: 0
form_subcorp 0.0 35
buy_stock 0.0 30
compensate_employees 0.4146638801811216 29
liquidate_corp 0.9860368389780154 34
update_start: 49; random_action_prob: 0.1956
update_complete: 49; loss: 0.058646208296219506; cumulative_reward: 43.411616161616166; invalid_count: 0; positive_reward_count: 54; success_count: 22; episode_count: 30; dead_end_count: 7; best_tax_advantage: 198.0; avg_entropy: 0.18822257450665347; random_action_prob: 0.1956; random_exploration_count: 27; saved_snapshots: 0
form_subcorp 0.0 34
buy_stock 0.0 31
compensate_employees 0.3755294884327143 31
liquidate_corp 0.9928188131313131 32
update_start: 50; random_action_prob: 0.1946
update_complete: 50; loss: 0.062125551203886666; cumulative_reward: 48.17929292929293; invalid_count: 0; positive_reward_count: 56; success_count: 24; episode_count: 28; dead_end_count: 3; best_tax_advantage: 198.0; avg_entropy: 0.16355209265020676; random_action_prob: 0.1946; random_exploration_count: 23; saved_snapshots: 0
form_subcorp 0.0 35
buy_stock 0.0 28
compensate_employees 0.4042033235581623 31
liquidate_corp 1.0484997029114675 34
update_start: 51; random_action_prob: 0.1936
update_complete: 51; loss: 0.10901701947053273; cumulative_reward: 45.42929292929293; invalid_count: 0; positive_reward_count: 54; success_count: 23; episode_count: 30; dead_end_count: 6; best_tax_advantage: 198.0; avg_entropy: 0.2073704434442334; random_action_prob: 0.1936; random_exploration_count: 28; saved_snapshots: 0
form_subcorp 0.0 35
buy_stock 0.0 30
compensate_employees 0.40101010101010104 30
liquidate_corp 1.012090602999694 33
update_start: 52; random_action_prob: 0.1926
update_complete: 52; loss: 0.12045136094093323; cumulative_reward: 43.80808080808081; invalid_count: 0; positive_reward_count: 47; success_count: 22; episode_count: 26; dead_end_count: 4; best_tax_advantage: 198.0; avg_entropy: 0.20131845814466942; random_action_prob: 0.1926; random_exploration_count: 14; saved_snapshots: 0
form_subcorp 0.0 39
buy_stock 0.0 27
compensate_employees 0.4751683501683502 24
liquidate_corp 0.8527379053694842 38
update_start: 53; random_action_prob: 0.1917
update_complete: 53; loss: 0.09192507962385814; cumulative_reward: 34.33585858585859; invalid_count: 0; positive_reward_count: 49; success_count: 17; episode_count: 24; dead_end_count: 5; best_tax_advantage: 198.0; avg_entropy: 0.3295612680958584; random_action_prob: 0.1917; random_exploration_count: 33; saved_snapshots: 0
form_subcorp 0.0 38
buy_stock 0.0 24
compensate_employees 0.3054740957966764 31
liquidate_corp 0.7104617604617605 35
update_start: 54; random_action_prob: 0.1907
update_complete: 54; loss: 0.10392446567614873; cumulative_reward: 53.75; invalid_count: 0; positive_reward_count: 54; success_count: 27; episode_count: 28; dead_end_count: 1; best_tax_advantage: 198.0; avg_entropy: 0.19282344289240427; random_action_prob: 0.1907; random_exploration_count: 17; saved_snapshots: 0
form_subcorp 0.0 37
buy_stock 0.0 28
compensate_employees 0.5 27
liquidate_corp 1.1180555555555556 36
update_start: 55; random_action_prob: 0.1898
update_complete: 55; loss: 0.0687125138938427; cumulative_reward: 50.5479797979798; invalid_count: 0; positive_reward_count: 52; success_count: 25; episode_count: 26; dead_end_count: 1; best_tax_advantage: 198.0; avg_entropy: 0.15172462415648624; random_action_prob: 0.1898; random_exploration_count: 22; saved_snapshots: 0
form_subcorp 0.0 38
buy_stock 0.0 27
compensate_employees 0.49611499611499615 26
liquidate_corp 1.0175402675402674 37
update_start: 56; random_action_prob: 0.1888
update_complete: 56; loss: 0.06839301685492198; cumulative_reward: 50.280303030303024; invalid_count: 0; positive_reward_count: 56; success_count: 25; episode_count: 30; dead_end_count: 5; best_tax_advantage: 198.0; avg_entropy: 0.18230309446516912; random_action_prob: 0.1888; random_exploration_count: 26; saved_snapshots: 0
form_subcorp 0.0 34
buy_stock 0.0 31
compensate_employees 0.4505050505050505 30
liquidate_corp 1.1140955004591369 33
update_start: 57; random_action_prob: 0.1879
update_complete: 57; loss: 0.05293712392449379; cumulative_reward: 41.805555555555564; invalid_count: 0; positive_reward_count: 57; success_count: 20; episode_count: 28; dead_end_count: 7; best_tax_advantage: 198.0; avg_entropy: 0.28526010902714916; random_action_prob: 0.1879; random_exploration_count: 26; saved_snapshots: 0
form_subcorp 0.0 34
buy_stock 0.0 29
compensate_employees 0.36195286195286197 33
liquidate_corp 0.9331597222222222 32
update_start: 58; random_action_prob: 0.1869
update_complete: 58; loss: 0.055524454762538276; cumulative_reward: 50.42929292929293; invalid_count: 0; positive_reward_count: 59; success_count: 25; episode_count: 30; dead_end_count: 4; best_tax_advantage: 198.0; avg_entropy: 0.16133294966130052; random_action_prob: 0.1869; random_exploration_count: 16; saved_snapshots: 0
form_subcorp 0.0 33
buy_stock 0.0 31
compensate_employees 0.4100091827364555 33
liquidate_corp 1.1902899967416096 31
update_start: 59; random_action_prob: 0.1860
update_complete: 59; loss: 0.05929938331246376; cumulative_reward: 38.91414141414142; invalid_count: 0; positive_reward_count: 46; success_count: 19; episode_count: 25; dead_end_count: 6; best_tax_advantage: 198.0; avg_entropy: 0.27649810719594825; random_action_prob: 0.1860; random_exploration_count: 30; saved_snapshots: 0
form_subcorp 0.0 40
buy_stock 0.0 25
compensate_employees 0.44612794612794615 24
liquidate_corp 0.7232582232582232 39
update_start: 60; random_action_prob: 0.1851
update_complete: 60; loss: 0.055030973007281624; cumulative_reward: 32.381313131313135; invalid_count: 0; positive_reward_count: 38; success_count: 16; episode_count: 22; dead_end_count: 3; best_tax_advantage: 198.0; avg_entropy: 0.29614836670225486; random_action_prob: 0.1851; random_exploration_count: 23; saved_snapshots: 0
form_subcorp 0.0 44
buy_stock 0.0 20
compensate_employees 0.41053391053391053 21
liquidate_corp 0.5525604886070002 43
update_start: 61; random_action_prob: 0.1841
update_complete: 61; loss: 0.06571825842062633; cumulative_reward: 35.01010101010102; invalid_count: 0; positive_reward_count: 54; success_count: 17; episode_count: 26; dead_end_count: 8; best_tax_advantage: 198.0; avg_entropy: 0.26114063801651355; random_action_prob: 0.1841; random_exploration_count: 30; saved_snapshots: 0
form_subcorp 0.0 35
buy_stock 0.0 26
compensate_employees 0.29619726678550207 34
liquidate_corp 0.7557392102846647 33
update_start: 62; random_action_prob: 0.1832
update_complete: 62; loss: 0.09553765008846919; cumulative_reward: 42.2651515151515; invalid_count: 0; positive_reward_count: 59; success_count: 20; episode_count: 27; dead_end_count: 5; best_tax_advantage: 198.0; avg_entropy: 0.22924827510723844; random_action_prob: 0.1832; random_exploration_count: 31; saved_snapshots: 0
form_subcorp 0.0 34
buy_stock 0.0 27
compensate_employees 0.34581105169340465 34
liquidate_corp 0.9244719926538109 33
update_start: 63; random_action_prob: 0.1823
update_complete: 63; loss: 0.022605285048484802; cumulative_reward: 53.75; invalid_count: 0; positive_reward_count: 55; success_count: 27; episode_count: 30; dead_end_count: 3; best_tax_advantage: 198.0; avg_entropy: 0.06406808514293516; random_action_prob: 0.1823; random_exploration_count: 18; saved_snapshots: 0
form_subcorp 0.0 35
buy_stock 0.0 31
compensate_employees 0.5 28
liquidate_corp 1.1691176470588236 34
update_start: 64; random_action_prob: 0.1814
update_complete: 64; loss: 0.06886696567138036; cumulative_reward: 46.482323232323225; invalid_count: 0; positive_reward_count: 58; success_count: 22; episode_count: 29; dead_end_count: 7; best_tax_advantage: 198.0; avg_entropy: 0.20299309758411255; random_action_prob: 0.1814; random_exploration_count: 30; saved_snapshots: 0
form_subcorp 0.0 34
buy_stock 0.0 29
compensate_employees 0.4231019876181166 31
liquidate_corp 0.9813576945929888 34
update_start: 65; random_action_prob: 0.1805
update_complete: 65; loss: 0.023272039368748665; cumulative_reward: 42.03787878787879; invalid_count: 0; positive_reward_count: 61; success_count: 21; episode_count: 29; dead_end_count: 5; best_tax_advantage: 198.0; avg_entropy: 0.21322175266686827; random_action_prob: 0.1805; random_exploration_count: 21; saved_snapshots: 0
form_subcorp 0.0 31
buy_stock 0.0 30
compensate_employees 0.2946969696969697 40
liquidate_corp 1.1203703703703705 27
update_start: 66; random_action_prob: 0.1796
update_complete: 66; loss: 0.07888725648323695; cumulative_reward: 57.25; invalid_count: 0; positive_reward_count: 58; success_count: 29; episode_count: 32; dead_end_count: 3; best_tax_advantage: 198.0; avg_entropy: 0.055154931389552075; random_action_prob: 0.1796; random_exploration_count: 18; saved_snapshots: 0
form_subcorp 0.0 34
buy_stock 0.0 32
compensate_employees 0.5 29
liquidate_corp 1.2954545454545454 33
update_start: 67; random_action_prob: 0.1787
update_complete: 67; loss: 0.0627259040872256; cumulative_reward: 43.982323232323225; invalid_count: 0; positive_reward_count: 54; success_count: 21; episode_count: 26; dead_end_count: 5; best_tax_advantage: 198.0; avg_entropy: 0.21589130847132765; random_action_prob: 0.1787; random_exploration_count: 37; saved_snapshots: 0
form_subcorp 0.0 37
buy_stock 0.0 26
compensate_employees 0.4177986764193661 29
liquidate_corp 0.8851711560044894 36
update_start: 68; random_action_prob: 0.1778
update_complete: 68; loss: 0.047689334799846016; cumulative_reward: 50.17424242424242; invalid_count: 0; positive_reward_count: 55; success_count: 25; episode_count: 29; dead_end_count: 3; best_tax_advantage: 198.0; avg_entropy: 0.10615884767321404; random_action_prob: 0.1778; random_exploration_count: 20; saved_snapshots: 0
form_subcorp 0.0 35
buy_stock 0.0 30
compensate_employees 0.44747474747474747 30
liquidate_corp 1.1136363636363635 33
update_start: 69; random_action_prob: 0.1769
update_complete: 69; loss: 0.03249353853364786; cumulative_reward: 49.232323232323246; invalid_count: 0; positive_reward_count: 57; success_count: 24; episode_count: 30; dead_end_count: 6; best_tax_advantage: 198.0; avg_entropy: 0.17516974268073682; random_action_prob: 0.1769; random_exploration_count: 27; saved_snapshots: 0
form_subcorp 0.0 34
buy_stock 0.0 31
compensate_employees 0.45387205387205387 30
liquidate_corp 1.0792776247321703 33
update_start: 70; random_action_prob: 0.1760
update_complete: 70; loss: 0.07585695137580235; cumulative_reward: 48.25; invalid_count: 0; positive_reward_count: 50; success_count: 25; episode_count: 32; dead_end_count: 7; best_tax_advantage: 198.0; avg_entropy: 0.12516959473578027; random_action_prob: 0.1760; random_exploration_count: 27; saved_snapshots: 0
form_subcorp 0.0 36
buy_stock 0.0 32
compensate_employees 0.5 25
liquidate_corp 1.0214285714285714 35
update_start: 71; random_action_prob: 0.1751
update_complete: 71; loss: 0.0289149625847737; cumulative_reward: 53.47222222222223; invalid_count: 0; positive_reward_count: 56; success_count: 27; episode_count: 30; dead_end_count: 3; best_tax_advantage: 198.0; avg_entropy: 0.11760059333755635; random_action_prob: 0.1751; random_exploration_count: 24; saved_snapshots: 0
form_subcorp 0.0 35
buy_stock 0.0 30
compensate_employees 0.4693486590038314 29
liquidate_corp 1.1723856209150327 34
update_start: 72; random_action_prob: 0.1743
update_complete: 72; loss: 0.0861277977625529; cumulative_reward: 46.40656565656566; invalid_count: 0; positive_reward_count: 55; success_count: 23; episode_count: 30; dead_end_count: 7; best_tax_advantage: 198.0; avg_entropy: 0.1628034110472072; random_action_prob: 0.1743; random_exploration_count: 20; saved_snapshots: 0
form_subcorp 0.0 34
buy_stock 0.0 31
compensate_employees 0.4276094276094276 30
liquidate_corp 1.0175237220691766 33
update_start: 73; random_action_prob: 0.1734
update_complete: 73; loss: 0.06992354740699132; cumulative_reward: 49.0580808080808; invalid_count: 0; positive_reward_count: 53; success_count: 25; episode_count: 32; dead_end_count: 7; best_tax_advantage: 198.0; avg_entropy: 0.11397520850005094; random_action_prob: 0.1734; random_exploration_count: 17; saved_snapshots: 0
form_subcorp 0.0 35
buy_stock 0.0 32
compensate_employees 0.47792742237186686 27
liquidate_corp 1.0633541295306 34
update_start: 74; random_action_prob: 0.1725
update_complete: 74; loss: 0.047334001710017524; cumulative_reward: 51.2929292929293; invalid_count: 0; positive_reward_count: 62; success_count: 25; episode_count: 29; dead_end_count: 4; best_tax_advantage: 198.0; avg_entropy: 0.1997327871649759; random_action_prob: 0.1725; random_exploration_count: 27; saved_snapshots: 0
form_subcorp 0.0 33
buy_stock 0.0 29
compensate_employees 0.4013666072489602 34
liquidate_corp 1.17645202020202 32
update_start: 75; random_action_prob: 0.1717
update_complete: 75; loss: 0.03076997771859169; cumulative_reward: 52.75; invalid_count: 0; positive_reward_count: 54; success_count: 27; episode_count: 32; dead_end_count: 5; best_tax_advantage: 198.0; avg_entropy: 0.11206400150695117; random_action_prob: 0.1717; random_exploration_count: 21; saved_snapshots: 0
form_subcorp 0.0 35
buy_stock 0.0 32
compensate_employees 0.5 27
liquidate_corp 1.1544117647058822 34
update_start: 76; random_action_prob: 0.1708
update_complete: 76; loss: 0.025701945026715595; cumulative_reward: 54.61616161616162; invalid_count: 0; positive_reward_count: 60; success_count: 27; episode_count: 31; dead_end_count: 4; best_tax_advantage: 198.0; avg_entropy: 0.10811346756963758; random_action_prob: 0.1708; random_exploration_count: 16; saved_snapshots: 0
form_subcorp 0.0 33
buy_stock 0.0 31
compensate_employees 0.46155099380905834 31
liquidate_corp 1.221456994184267 33
update_start: 77; random_action_prob: 0.1699
update_complete: 77; loss: 0.002165109384804964; cumulative_reward: 53.4368686868687; invalid_count: 0; positive_reward_count: 68; success_count: 26; episode_count: 29; dead_end_count: 1; best_tax_advantage: 198.0; avg_entropy: 0.13569646853284212; random_action_prob: 0.1699; random_exploration_count: 17; saved_snapshots: 0
form_subcorp 0.0 30
buy_stock 0.0 29
compensate_employees 0.34823848238482386 41
liquidate_corp 1.398538961038961 28
update_start: 78; random_action_prob: 0.1691
update_complete: 78; loss: 0.046892877047260605; cumulative_reward: 57.5; invalid_count: 0; positive_reward_count: 58; success_count: 29; episode_count: 31; dead_end_count: 2; best_tax_advantage: 198.0; avg_entropy: 0.04974382032014546; random_action_prob: 0.1691; random_exploration_count: 13; saved_snapshots: 0
form_subcorp 0.0 34
buy_stock 0.0 32
compensate_employees 0.5 29
liquidate_corp 1.303030303030303 33
update_start: 79; random_action_prob: 0.1683
update_complete: 79; loss: 0.05959319074948629; cumulative_reward: 56.424242424242436; invalid_count: 0; positive_reward_count: 60; success_count: 28; episode_count: 29; dead_end_count: 0; best_tax_advantage: 198.0; avg_entropy: 0.06518803499056958; random_action_prob: 0.1683; random_exploration_count: 18; saved_snapshots: 0
form_subcorp 0.0 34
buy_stock 0.0 29
compensate_employees 0.45075757575757575 32
liquidate_corp 1.2727272727272727 33
update_start: 80; random_action_prob: 0.1674
update_complete: 80; loss: 0.2481344019373258; cumulative_reward: 47.74747474747475; invalid_count: 0; positive_reward_count: 55; success_count: 24; episode_count: 31; dead_end_count: 6; best_tax_advantage: 198.0; avg_entropy: 0.13596949364728061; random_action_prob: 0.1674; random_exploration_count: 23; saved_snapshots: 0
form_subcorp 0.0 34
buy_stock 0.0 32
compensate_employees 0.43097643097643096 30
liquidate_corp 1.0880681818181819 32
update_start: 81; random_action_prob: 0.1666
update_complete: 81; loss: 0.24862776945034662; cumulative_reward: 47.820707070707066; invalid_count: 0; positive_reward_count: 55; success_count: 24; episode_count: 29; dead_end_count: 5; best_tax_advantage: 198.0; avg_entropy: 0.11410230721230619; random_action_prob: 0.1666; random_exploration_count: 24; saved_snapshots: 0
form_subcorp 0.0 35
buy_stock 0.0 29
compensate_employees 0.4178451178451178 30
liquidate_corp 1.0378045157456923 34
update_start: 82; random_action_prob: 0.1657
update_complete: 82; loss: 0.029709027459224064; cumulative_reward: 57.88636363636363; invalid_count: 0; positive_reward_count: 62; success_count: 29; episode_count: 32; dead_end_count: 3; best_tax_advantage: 198.0; avg_entropy: 0.055791159233194776; random_action_prob: 0.1657; random_exploration_count: 15; saved_snapshots: 0
form_subcorp 0.0 32
buy_stock 0.0 32
compensate_employees 0.4630681818181818 32
liquidate_corp 1.3458806818181819 32
update_start: 83; random_action_prob: 0.1649
update_complete: 83; loss: 0.02743910936017831; cumulative_reward: 53.755050505050505; invalid_count: 0; positive_reward_count: 55; success_count: 27; episode_count: 29; dead_end_count: 1; best_tax_advantage: 198.0; avg_entropy: 0.08765455141110579; random_action_prob: 0.1649; random_exploration_count: 21; saved_snapshots: 0
form_subcorp 0.0 36
buy_stock 0.0 29
compensate_employees 0.4823232323232323 28
liquidate_corp 1.15 35
update_start: 84; random_action_prob: 0.1641
update_complete: 84; loss: 0.04507435392588377; cumulative_reward: 54.772727272727295; invalid_count: 0; positive_reward_count: 63; success_count: 27; episode_count: 29; dead_end_count: 2; best_tax_advantage: 198.0; avg_entropy: 0.05573889565857826; random_action_prob: 0.1641; random_exploration_count: 13; saved_snapshots: 0
form_subcorp 0.0 32
buy_stock 0.0 30
compensate_employees 0.4099567099567099 35
liquidate_corp 1.3040078201368523 31
update_start: 85; random_action_prob: 0.1633
update_complete: 85; loss: 0.0899270623922348; cumulative_reward: 44.16666666666667; invalid_count: 0; positive_reward_count: 53; success_count: 22; episode_count: 30; dead_end_count: 6; best_tax_advantage: 198.0; avg_entropy: 0.11340529400695232; random_action_prob: 0.1633; random_exploration_count: 21; saved_snapshots: 0
form_subcorp 0.0 35
buy_stock 0.0 30
compensate_employees 0.40804597701149425 29
liquidate_corp 0.9509803921568628 34
update_start: 86; random_action_prob: 0.1625
update_complete: 86; loss: 0.07037611181537311; cumulative_reward: 52.368686868686865; invalid_count: 0; positive_reward_count: 62; success_count: 26; episode_count: 30; dead_end_count: 2; best_tax_advantage: 198.0; avg_entropy: 0.09215098204731476; random_action_prob: 0.1625; random_exploration_count: 14; saved_snapshots: 0
form_subcorp 0.0 32
buy_stock 0.0 30
compensate_employees 0.3900432900432901 35
liquidate_corp 1.2489410231345714 31
update_start: 87; random_action_prob: 0.1616
update_complete: 87; loss: 0.04946525270740191; cumulative_reward: 54.13636363636363; invalid_count: 0; positive_reward_count: 58; success_count: 27; episode_count: 29; dead_end_count: 2; best_tax_advantage: 198.0; avg_entropy: 0.07539719138731016; random_action_prob: 0.1616; random_exploration_count: 17; saved_snapshots: 0
form_subcorp 0.0 35
buy_stock 0.0 29
compensate_employees 0.46060606060606063 30
liquidate_corp 1.1858288770053476 34
update_start: 88; random_action_prob: 0.1608
update_complete: 88; loss: 0.027128322670857113; cumulative_reward: 53.0; invalid_count: 0; positive_reward_count: 54; success_count: 27; episode_count: 31; dead_end_count: 4; best_tax_advantage: 198.0; avg_entropy: 0.06777554113796214; random_action_prob: 0.1608; random_exploration_count: 23; saved_snapshots: 0
form_subcorp 0.0 35
buy_stock 0.0 32
compensate_employees 0.5 27
liquidate_corp 1.161764705882353 34
update_start: 89; random_action_prob: 0.1600
update_complete: 89; loss: 0.05051355063915253; cumulative_reward: 53.63636363636363; invalid_count: 0; positive_reward_count: 58; success_count: 27; episode_count: 31; dead_end_count: 4; best_tax_advantage: 198.0; avg_entropy: 0.08420169557939516; random_action_prob: 0.1600; random_exploration_count: 20; saved_snapshots: 0
form_subcorp 0.0 34
buy_stock 0.0 31
compensate_employees 0.46060606060606063 30
liquidate_corp 1.2066115702479339 33
update_start: 90; random_action_prob: 0.1592
update_complete: 90; loss: 0.107309656838576; cumulative_reward: 46.49494949494949; invalid_count: 0; positive_reward_count: 62; success_count: 23; episode_count: 30; dead_end_count: 4; best_tax_advantage: 198.0; avg_entropy: 0.1404690656963794; random_action_prob: 0.1592; random_exploration_count: 25; saved_snapshots: 0
form_subcorp 0.0 31
buy_stock 0.0 30
compensate_employees 0.33359914938862306 38
liquidate_corp 1.1661442006269593 29
update_start: 91; random_action_prob: 0.1584
update_complete: 91; loss: 0.18974092851082483; cumulative_reward: 50.58838383838384; invalid_count: 0; positive_reward_count: 57; success_count: 25; episode_count: 29; dead_end_count: 3; best_tax_advantage: 198.0; avg_entropy: 0.08215817980271822; random_action_prob: 0.1584; random_exploration_count: 17; saved_snapshots: 0
form_subcorp 0.0 34
buy_stock 0.0 30
compensate_employees 0.43287715868361026 31
liquidate_corp 1.1263391490664216 33
update_start: 92; random_action_prob: 0.1576
update_complete: 92; loss: 0.07804826895395915; cumulative_reward: 47.176767676767675; invalid_count: 0; positive_reward_count: 59; success_count: 23; episode_count: 28; dead_end_count: 4; best_tax_advantage: 198.0; avg_entropy: 0.12740829261019826; random_action_prob: 0.1576; random_exploration_count: 19; saved_snapshots: 0
form_subcorp 0.0 33
buy_stock 0.0 29
compensate_employees 0.373015873015873 35
liquidate_corp 1.1006842619745847 31
update_start: 93; random_action_prob: 0.1569
update_complete: 93; loss: 0.07539811357855797; cumulative_reward: 51.35101010101011; invalid_count: 0; positive_reward_count: 62; success_count: 25; episode_count: 29; dead_end_count: 3; best_tax_advantage: 198.0; avg_entropy: 0.12322298551771382; random_action_prob: 0.1569; random_exploration_count: 19; saved_snapshots: 0
form_subcorp 0.0 32
buy_stock 0.0 29
compensate_employees 0.38715728715728714 35
liquidate_corp 1.1812657828282829 32
update_start: 94; random_action_prob: 0.1561
update_complete: 94; loss: 0.08641127496957779; cumulative_reward: 55.75; invalid_count: 0; positive_reward_count: 57; success_count: 28; episode_count: 31; dead_end_count: 3; best_tax_advantage: 198.0; avg_entropy: 0.04617347450766829; random_action_prob: 0.1561; random_exploration_count: 18; saved_snapshots: 0
form_subcorp 0.0 34
buy_stock 0.0 32
compensate_employees 0.5 29
liquidate_corp 1.25 33
update_start: 95; random_action_prob: 0.1553
update_complete: 95; loss: 0.06929981832702954; cumulative_reward: 49.05555555555558; invalid_count: 0; positive_reward_count: 60; success_count: 24; episode_count: 28; dead_end_count: 2; best_tax_advantage: 198.0; avg_entropy: 0.10131164651465951; random_action_prob: 0.1553; random_exploration_count: 20; saved_snapshots: 0
form_subcorp 0.0 34
buy_stock 0.0 28
compensate_employees 0.3759018759018759 35
liquidate_corp 1.1580319322254806 31
update_start: 96; random_action_prob: 0.1545
update_complete: 96; loss: 0.0346433874219656; cumulative_reward: 55.232323232323225; invalid_count: 0; positive_reward_count: 63; success_count: 27; episode_count: 30; dead_end_count: 2; best_tax_advantage: 198.0; avg_entropy: 0.07746590692659083; random_action_prob: 0.1545; random_exploration_count: 17; saved_snapshots: 0
form_subcorp 0.0 32
buy_stock 0.0 31
compensate_employees 0.4238095238095238 35
liquidate_corp 1.3466329966329966 30
update_start: 97; random_action_prob: 0.1537
update_complete: 97; loss: 0.06460357457399368; cumulative_reward: 56.742424242424235; invalid_count: 0; positive_reward_count: 65; success_count: 28; episode_count: 31; dead_end_count: 2; best_tax_advantage: 198.0; avg_entropy: 0.0846955939905456; random_action_prob: 0.1537; random_exploration_count: 16; saved_snapshots: 0
form_subcorp 0.0 31
buy_stock 0.0 31
compensate_employees 0.41217732884399555 36
liquidate_corp 1.3968013468013467 30
update_start: 98; random_action_prob: 0.1530
update_complete: 98; loss: 0.05258376648028692; cumulative_reward: 51.12626262626262; invalid_count: 0; positive_reward_count: 58; success_count: 25; episode_count: 29; dead_end_count: 4; best_tax_advantage: 198.0; avg_entropy: 0.13277684868080541; random_action_prob: 0.1530; random_exploration_count: 17; saved_snapshots: 0
form_subcorp 0.0 34
buy_stock 0.0 30
compensate_employees 0.44558488106875205 31
liquidate_corp 1.130700948882767 33
update_start: 99; random_action_prob: 0.1522
update_complete: 99; loss: 0.11052145560582478; cumulative_reward: 52.41666666666666; invalid_count: 0; positive_reward_count: 61; success_count: 26; episode_count: 31; dead_end_count: 5; best_tax_advantage: 198.0; avg_entropy: 0.12610827894241083; random_action_prob: 0.1522; random_exploration_count: 17; saved_snapshots: 0
form_subcorp 0.0 32
buy_stock 0.0 31
compensate_employees 0.4191919191919192 33
liquidate_corp 1.2057291666666667 32
2026-07-10T17:43:21 completed subsidiary_stock_comp run=5 elapsed_seconds=703.29 updates_logged=100
2026-07-10T17:43:21 running subsidiary_stock_comp run=6 seed=1735
update_start: 0; random_action_prob: 0.2500
update_complete: 0; loss: 0.8916131655375162; cumulative_reward: -1.090909090909091; invalid_count: 0; positive_reward_count: 4; success_count: 0; episode_count: 18; dead_end_count: 8; best_tax_advantage: 158.0; avg_entropy: 0.24904831545427442; random_action_prob: 0.2500; random_exploration_count: 40; saved_snapshots: 0
form_subcorp 0.0 59
buy_stock 0.0 11
compensate_employees 0.17003367003367006 3
liquidate_corp -0.02910927456382002 55
update_start: 1; random_action_prob: 0.2487
update_complete: 1; loss: 0.17837502310673395; cumulative_reward: 3.2979797979797976; invalid_count: 0; positive_reward_count: 6; success_count: 2; episode_count: 18; dead_end_count: 6; best_tax_advantage: 198.0; avg_entropy: 0.22730803745798767; random_action_prob: 0.2487; random_exploration_count: 42; saved_snapshots: 0
form_subcorp 0.0 59
buy_stock 0.0 10
compensate_employees 0.4663299663299663 3
liquidate_corp 0.03391053391053391 56
update_start: 2; random_action_prob: 0.2475
update_complete: 2; loss: 0.3118613362312317; cumulative_reward: 5.25; invalid_count: 0; positive_reward_count: 6; success_count: 3; episode_count: 18; dead_end_count: 3; best_tax_advantage: 198.0; avg_entropy: 0.185635652160272; random_action_prob: 0.2475; random_exploration_count: 34; saved_snapshots: 0
form_subcorp 0.0 60
buy_stock 0.0 7
compensate_employees 0.5 3
liquidate_corp 0.06465517241379311 58
update_start: 3; random_action_prob: 0.2463
update_complete: 3; loss: 0.16597525775432587; cumulative_reward: 5.5; invalid_count: 0; positive_reward_count: 6; success_count: 3; episode_count: 16; dead_end_count: 2; best_tax_advantage: 198.0; avg_entropy: 0.171844735275954; random_action_prob: 0.2463; random_exploration_count: 34; saved_snapshots: 0
form_subcorp 0.0 60
buy_stock 0.0 7
compensate_employees 0.5 3
liquidate_corp 0.06896551724137931 58
update_start: 4; random_action_prob: 0.2450
update_complete: 4; loss: 0.13862264404694238; cumulative_reward: 13.404040404040405; invalid_count: 0; positive_reward_count: 16; success_count: 7; episode_count: 19; dead_end_count: 4; best_tax_advantage: 198.0; avg_entropy: 0.28461644845083356; random_action_prob: 0.2450; random_exploration_count: 35; saved_snapshots: 0
form_subcorp 0.0 54
buy_stock 0.0 15
compensate_employees 0.4337822671156004 9
liquidate_corp 0.19 50
update_start: 5; random_action_prob: 0.2438
update_complete: 5; loss: 0.07657790432373683; cumulative_reward: 24.098484848484855; invalid_count: 0; positive_reward_count: 39; success_count: 11; episode_count: 20; dead_end_count: 3; best_tax_advantage: 198.0; avg_entropy: 0.3834335572319105; random_action_prob: 0.2438; random_exploration_count: 31; saved_snapshots: 0
form_subcorp 0.0 44
buy_stock 0.0 18
compensate_employees 0.2902097902097902 26
liquidate_corp 0.4138257575757576 40
update_start: 6; random_action_prob: 0.2426
update_complete: 6; loss: 0.05147923963765303; cumulative_reward: 44.997474747474755; invalid_count: 0; positive_reward_count: 55; success_count: 22; episode_count: 26; dead_end_count: 3; best_tax_advantage: 198.0; avg_entropy: 0.29615508299320936; random_action_prob: 0.2426; random_exploration_count: 31; saved_snapshots: 0
form_subcorp 0.0 36
buy_stock 0.0 26
compensate_employees 0.38497882046269144 31
liquidate_corp 0.9446608946608948 35
update_start: 7; random_action_prob: 0.2414
update_complete: 7; loss: 0.11478032420078914; cumulative_reward: 37.60353535353536; invalid_count: 0; positive_reward_count: 46; success_count: 19; episode_count: 25; dead_end_count: 3; best_tax_advantage: 198.0; avg_entropy: 0.35993587400298566; random_action_prob: 0.2414; random_exploration_count: 38; saved_snapshots: 0
form_subcorp 0.0 40
buy_stock 0.0 25
compensate_employees 0.36457164234942013 27
liquidate_corp 0.7711139169472503 36
update_start: 8; random_action_prob: 0.2402
update_complete: 8; loss: 0.05417378122607867; cumulative_reward: 30.71464646464647; invalid_count: 0; positive_reward_count: 60; success_count: 14; episode_count: 23; dead_end_count: 3; best_tax_advantage: 198.0; avg_entropy: 0.41929732565768063; random_action_prob: 0.2402; random_exploration_count: 35; saved_snapshots: 0
form_subcorp 0.0 33
buy_stock 0.0 24
compensate_employees 0.22130394857667585 44
liquidate_corp 0.7769360269360269 27
update_start: 9; random_action_prob: 0.2390
update_complete: 9; loss: 0.011562388700743517; cumulative_reward: 52.43434343434344; invalid_count: 0; positive_reward_count: 56; success_count: 26; episode_count: 28; dead_end_count: 2; best_tax_advantage: 198.0; avg_entropy: 0.24743186798878014; random_action_prob: 0.2390; random_exploration_count: 16; saved_snapshots: 0
form_subcorp 0.0 35
buy_stock 0.0 29
compensate_employees 0.4572390572390573 30
liquidate_corp 1.1387403446226976 34
update_start: 10; random_action_prob: 0.2378
update_complete: 10; loss: 0.06271905824542046; cumulative_reward: 29.550505050505052; invalid_count: 0; positive_reward_count: 39; success_count: 14; episode_count: 21; dead_end_count: 2; best_tax_advantage: 198.0; avg_entropy: 0.33347874239552766; random_action_prob: 0.2378; random_exploration_count: 19; saved_snapshots: 0
form_subcorp 0.0 44
buy_stock 0.0 20
compensate_employees 0.3577075098814229 23
liquidate_corp 0.5200788371520079 41
update_start: 11; random_action_prob: 0.2366
update_complete: 11; loss: 0.12782462686300278; cumulative_reward: 43.5; invalid_count: 0; positive_reward_count: 44; success_count: 22; episode_count: 25; dead_end_count: 2; best_tax_advantage: 198.0; avg_entropy: 0.2426177985034883; random_action_prob: 0.2366; random_exploration_count: 22; saved_snapshots: 0
form_subcorp 0.0 41
buy_stock 0.0 26
compensate_employees 0.5 22
liquidate_corp 0.8333333333333334 39
update_start: 12; random_action_prob: 0.2354
update_complete: 12; loss: 0.06950877110163371; cumulative_reward: 38.20454545454545; invalid_count: 0; positive_reward_count: 46; success_count: 19; episode_count: 24; dead_end_count: 5; best_tax_advantage: 198.0; avg_entropy: 0.27286192058818415; random_action_prob: 0.2354; random_exploration_count: 35; saved_snapshots: 0
form_subcorp 0.0 40
buy_stock 0.0 24
compensate_employees 0.40909090909090906 25
liquidate_corp 0.7173659673659674 39
update_start: 13; random_action_prob: 0.2342
update_complete: 13; loss: 0.034701490153868995; cumulative_reward: 33.82828282828283; invalid_count: 0; positive_reward_count: 39; success_count: 17; episode_count: 24; dead_end_count: 4; best_tax_advantage: 198.0; avg_entropy: 0.3214577247854322; random_action_prob: 0.2342; random_exploration_count: 33; saved_snapshots: 0
form_subcorp 0.0 43
buy_stock 0.0 22
compensate_employees 0.42448292448292446 21
liquidate_corp 0.5931938431938433 42
update_start: 14; random_action_prob: 0.2331
update_complete: 14; loss: 0.03476697951555252; cumulative_reward: 41.03030303030304; invalid_count: 0; positive_reward_count: 47; success_count: 21; episode_count: 29; dead_end_count: 8; best_tax_advantage: 198.0; avg_entropy: 0.2872981447726488; random_action_prob: 0.2331; random_exploration_count: 29; saved_snapshots: 0
form_subcorp 0.0 37
buy_stock 0.0 29
compensate_employees 0.4406060606060606 25
liquidate_corp 0.8112203112203112 37
update_start: 15; random_action_prob: 0.2319
update_complete: 15; loss: 0.023070653279622395; cumulative_reward: 42.09848484848485; invalid_count: 0; positive_reward_count: 54; success_count: 20; episode_count: 24; dead_end_count: 3; best_tax_advantage: 198.0; avg_entropy: 0.24006738870230038; random_action_prob: 0.2319; random_exploration_count: 30; saved_snapshots: 0
form_subcorp 0.0 37
buy_stock 0.0 25
compensate_employees 0.3755294884327143 31
liquidate_corp 0.8702020202020202 35
update_start: 16; random_action_prob: 0.2307
update_complete: 16; loss: 0.04370502817134062; cumulative_reward: 46.75252525252525; invalid_count: 0; positive_reward_count: 57; success_count: 23; episode_count: 28; dead_end_count: 4; best_tax_advantage: 198.0; avg_entropy: 0.19601223076460883; random_action_prob: 0.2307; random_exploration_count: 25; saved_snapshots: 0
form_subcorp 0.0 34
buy_stock 0.0 29
compensate_employees 0.38919498010407105 33
liquidate_corp 1.0596590909090908 32
update_start: 17; random_action_prob: 0.2296
update_complete: 17; loss: 0.07867438594500224; cumulative_reward: 40.22222222222222; invalid_count: 0; positive_reward_count: 44; success_count: 21; episode_count: 29; dead_end_count: 8; best_tax_advantage: 198.0; avg_entropy: 0.19488280406221747; random_action_prob: 0.2296; random_exploration_count: 35; saved_snapshots: 0
form_subcorp 0.0 38
buy_stock 0.0 30
compensate_employees 0.4613526570048309 23
liquidate_corp 0.8003003003003003 37
update_start: 18; random_action_prob: 0.2284
update_complete: 18; loss: 0.07100562006235123; cumulative_reward: 45.63636363636364; invalid_count: 0; positive_reward_count: 54; success_count: 23; episode_count: 31; dead_end_count: 8; best_tax_advantage: 198.0; avg_entropy: 0.2079055693175178; random_action_prob: 0.2284; random_exploration_count: 30; saved_snapshots: 0
form_subcorp 0.0 34
buy_stock 0.0 31
compensate_employees 0.42476489028213166 29
liquidate_corp 0.9799465240641712 34
update_start: 19; random_action_prob: 0.2273
update_complete: 19; loss: 0.027687856927514076; cumulative_reward: 47.43686868686869; invalid_count: 0; positive_reward_count: 58; success_count: 23; episode_count: 27; dead_end_count: 3; best_tax_advantage: 198.0; avg_entropy: 0.2060553772462299; random_action_prob: 0.2273; random_exploration_count: 22; saved_snapshots: 0
form_subcorp 0.0 34
buy_stock 0.0 28
compensate_employees 0.38919498010407105 33
liquidate_corp 1.0482858891949802 33
update_start: 20; random_action_prob: 0.2262
update_complete: 20; loss: 0.058539958049853645; cumulative_reward: 45.43434343434343; invalid_count: 0; positive_reward_count: 49; success_count: 23; episode_count: 27; dead_end_count: 4; best_tax_advantage: 198.0; avg_entropy: 0.18909305438864976; random_action_prob: 0.2262; random_exploration_count: 31; saved_snapshots: 0
form_subcorp 0.0 38
buy_stock 0.0 27
compensate_employees 0.4506604506604507 26
liquidate_corp 0.9112749112749112 37
update_start: 21; random_action_prob: 0.2250
update_complete: 21; loss: 0.07997039457162221; cumulative_reward: 46.032828282828305; invalid_count: 0; positive_reward_count: 55; success_count: 23; episode_count: 28; dead_end_count: 5; best_tax_advantage: 198.0; avg_entropy: 0.1921897427382646; random_action_prob: 0.2250; random_exploration_count: 27; saved_snapshots: 0
form_subcorp 0.0 35
buy_stock 0.0 28
compensate_employees 0.40471380471380475 30
liquidate_corp 0.9683261183261183 35
update_start: 22; random_action_prob: 0.2239
update_complete: 22; loss: 0.07153518746296565; cumulative_reward: 33.840909090909086; invalid_count: 0; positive_reward_count: 45; success_count: 17; episode_count: 27; dead_end_count: 9; best_tax_advantage: 198.0; avg_entropy: 0.25313470291439444; random_action_prob: 0.2239; random_exploration_count: 33; saved_snapshots: 0
form_subcorp 0.0 38
buy_stock 0.0 27
compensate_employees 0.36713286713286714 26
liquidate_corp 0.6566339066339066 37
update_start: 23; random_action_prob: 0.2228
update_complete: 23; loss: 0.06029325599471728; cumulative_reward: 46.338383838383834; invalid_count: 0; positive_reward_count: 56; success_count: 23; episode_count: 27; dead_end_count: 2; best_tax_advantage: 198.0; avg_entropy: 0.181020832467766; random_action_prob: 0.2228; random_exploration_count: 26; saved_snapshots: 0
form_subcorp 0.0 35
buy_stock 0.0 27
compensate_employees 0.3738904193449648 33
liquidate_corp 1.0303030303030303 33
update_start: 24; random_action_prob: 0.2217
update_complete: 24; loss: 0.037293899804353714; cumulative_reward: 48.77272727272727; invalid_count: 0; positive_reward_count: 59; success_count: 24; episode_count: 27; dead_end_count: 2; best_tax_advantage: 198.0; avg_entropy: 0.1634282316081226; random_action_prob: 0.2217; random_exploration_count: 27; saved_snapshots: 0
form_subcorp 0.0 34
buy_stock 0.0 28
compensate_employees 0.3778966131907308 34
liquidate_corp 1.1226325757575757 32
update_start: 25; random_action_prob: 0.2206
update_complete: 25; loss: 0.07176025087634723; cumulative_reward: 41.63636363636364; invalid_count: 0; positive_reward_count: 50; success_count: 21; episode_count: 29; dead_end_count: 8; best_tax_advantage: 198.0; avg_entropy: 0.2101712203657371; random_action_prob: 0.2206; random_exploration_count: 36; saved_snapshots: 0
form_subcorp 0.0 36
buy_stock 0.0 29
compensate_employees 0.41919191919191917 27
liquidate_corp 0.8421717171717171 36
update_start: 26; random_action_prob: 0.2195
update_complete: 26; loss: 0.06732286388675372; cumulative_reward: 49.5; invalid_count: 0; positive_reward_count: 50; success_count: 25; episode_count: 28; dead_end_count: 2; best_tax_advantage: 198.0; avg_entropy: 0.2012889269281004; random_action_prob: 0.2195; random_exploration_count: 26; saved_snapshots: 0
form_subcorp 0.0 38
buy_stock 0.0 27
compensate_employees 0.5 25
liquidate_corp 0.9736842105263158 38
update_start: 27; random_action_prob: 0.2184
update_complete: 27; loss: 0.07561879232525826; cumulative_reward: 43.91414141414141; invalid_count: 0; positive_reward_count: 48; success_count: 22; episode_count: 27; dead_end_count: 2; best_tax_advantage: 198.0; avg_entropy: 0.20740930409010616; random_action_prob: 0.2184; random_exploration_count: 23; saved_snapshots: 0
form_subcorp 0.0 39
buy_stock 0.0 26
compensate_employees 0.439005439005439 26
liquidate_corp 0.8783783783783784 37
update_start: 28; random_action_prob: 0.2173
update_complete: 28; loss: 0.04323070247968038; cumulative_reward: 47.51262626262625; invalid_count: 0; positive_reward_count: 61; success_count: 23; episode_count: 30; dead_end_count: 7; best_tax_advantage: 198.0; avg_entropy: 0.2604155433291453; random_action_prob: 0.2173; random_exploration_count: 26; saved_snapshots: 0
form_subcorp 0.0 32
buy_stock 0.0 30
compensate_employees 0.38621509209744503 34
liquidate_corp 1.0744160353535352 32
update_start: 29; random_action_prob: 0.2162
update_complete: 29; loss: 0.023759691044688225; cumulative_reward: 52.540404040404034; invalid_count: 0; positive_reward_count: 58; success_count: 26; episode_count: 29; dead_end_count: 2; best_tax_advantage: 198.0; avg_entropy: 0.1683916902547935; random_action_prob: 0.2162; random_exploration_count: 30; saved_snapshots: 0
form_subcorp 0.0 35
buy_stock 0.0 29
compensate_employees 0.4426523297491039 31
liquidate_corp 1.1763085399449036 33
update_start: 30; random_action_prob: 0.2151
update_complete: 30; loss: 0.04149255342781544; cumulative_reward: 50.47222222222222; invalid_count: 0; positive_reward_count: 56; success_count: 25; episode_count: 29; dead_end_count: 3; best_tax_advantage: 198.0; avg_entropy: 0.18221901778451866; random_action_prob: 0.2151; random_exploration_count: 26; saved_snapshots: 0
form_subcorp 0.0 35
buy_stock 0.0 30
compensate_employees 0.44377104377104376 30
liquidate_corp 1.1260330578512396 33
update_start: 31; random_action_prob: 0.2140
update_complete: 31; loss: 0.050655330220858254; cumulative_reward: 48.2979797979798; invalid_count: 0; positive_reward_count: 51; success_count: 24; episode_count: 28; dead_end_count: 4; best_tax_advantage: 198.0; avg_entropy: 0.20490310229433817; random_action_prob: 0.2140; random_exploration_count: 32; saved_snapshots: 0
form_subcorp 0.0 37
buy_stock 0.0 29
compensate_employees 0.49611499611499615 26
liquidate_corp 0.9833052749719415 36
update_start: 32; random_action_prob: 0.2130
update_complete: 32; loss: 0.09653546164433162; cumulative_reward: 31.686868686868692; invalid_count: 0; positive_reward_count: 50; success_count: 15; episode_count: 25; dead_end_count: 8; best_tax_advantage: 198.0; avg_entropy: 0.3215821706908173; random_action_prob: 0.2130; random_exploration_count: 37; saved_snapshots: 0
form_subcorp 0.0 37
buy_stock 0.0 25
compensate_employees 0.30492424242424243 32
liquidate_corp 0.6449792038027332 34
update_start: 33; random_action_prob: 0.2119
update_complete: 33; loss: 0.09143712868293126; cumulative_reward: 45.59848484848485; invalid_count: 0; positive_reward_count: 51; success_count: 23; episode_count: 28; dead_end_count: 5; best_tax_advantage: 198.0; avg_entropy: 0.228248734078079; random_action_prob: 0.2119; random_exploration_count: 24; saved_snapshots: 0
form_subcorp 0.0 37
buy_stock 0.0 28
compensate_employees 0.44163860830527496 27
liquidate_corp 0.9353956228956228 36
update_start: 34; random_action_prob: 0.2108
update_complete: 34; loss: 0.08187166849772136; cumulative_reward: 42.78282828282829; invalid_count: 0; positive_reward_count: 54; success_count: 21; episode_count: 25; dead_end_count: 2; best_tax_advantage: 198.0; avg_entropy: 0.27082409954164177; random_action_prob: 0.2108; random_exploration_count: 17; saved_snapshots: 0
form_subcorp 0.0 36
buy_stock 0.0 25
compensate_employees 0.3547979797979798 32
liquidate_corp 0.897979797979798 35
update_start: 35; random_action_prob: 0.2098
update_complete: 35; loss: 0.04534314821163813; cumulative_reward: 43.5479797979798; invalid_count: 0; positive_reward_count: 46; success_count: 22; episode_count: 27; dead_end_count: 5; best_tax_advantage: 198.0; avg_entropy: 0.2522454259415099; random_action_prob: 0.2098; random_exploration_count: 27; saved_snapshots: 0
form_subcorp 0.0 39
buy_stock 0.0 27
compensate_employees 0.49560825647782175 23
liquidate_corp 0.8243330743330742 39
update_start: 36; random_action_prob: 0.2087
update_complete: 36; loss: 0.030126582210262615; cumulative_reward: 42.06818181818182; invalid_count: 0; positive_reward_count: 46; success_count: 21; episode_count: 25; dead_end_count: 3; best_tax_advantage: 198.0; avg_entropy: 0.22998251920580515; random_action_prob: 0.2087; random_exploration_count: 24; saved_snapshots: 0
form_subcorp 0.0 40
buy_stock 0.0 25
compensate_employees 0.45454545454545453 24
liquidate_corp 0.798951048951049 39
update_start: 37; random_action_prob: 0.2077
update_complete: 37; loss: 0.05421312650044759; cumulative_reward: 47.0; invalid_count: 0; positive_reward_count: 48; success_count: 24; episode_count: 28; dead_end_count: 4; best_tax_advantage: 198.0; avg_entropy: 0.19345007609808818; random_action_prob: 0.2077; random_exploration_count: 29; saved_snapshots: 0
form_subcorp 0.0 38
buy_stock 0.0 29
compensate_employees 0.5 24
liquidate_corp 0.9459459459459459 37
update_start: 38; random_action_prob: 0.2066
update_complete: 38; loss: 0.02142497121045987; cumulative_reward: 45.44444444444445; invalid_count: 0; positive_reward_count: 55; success_count: 22; episode_count: 26; dead_end_count: 4; best_tax_advantage: 198.0; avg_entropy: 0.24102761390895466; random_action_prob: 0.2066; random_exploration_count: 30; saved_snapshots: 0
form_subcorp 0.0 36
buy_stock 0.0 27
compensate_employees 0.4074074074074074 30
liquidate_corp 0.9492063492063492 35
update_start: 39; random_action_prob: 0.2056
update_complete: 39; loss: 0.06279537826776505; cumulative_reward: 33.44949494949495; invalid_count: 0; positive_reward_count: 45; success_count: 16; episode_count: 24; dead_end_count: 4; best_tax_advantage: 198.0; avg_entropy: 0.29251423008099664; random_action_prob: 0.2056; random_exploration_count: 26; saved_snapshots: 0
form_subcorp 0.0 40
buy_stock 0.0 25
compensate_employees 0.35858585858585856 28
liquidate_corp 0.6688311688311689 35
update_start: 40; random_action_prob: 0.2046
update_complete: 40; loss: 0.05337668458620707; cumulative_reward: 42.17424242424242; invalid_count: 0; positive_reward_count: 47; success_count: 21; episode_count: 23; dead_end_count: 1; best_tax_advantage: 198.0; avg_entropy: 0.24097581331443507; random_action_prob: 0.2046; random_exploration_count: 29; saved_snapshots: 0
form_subcorp 0.0 40
buy_stock 0.0 24
compensate_employees 0.41996891996891994 26
liquidate_corp 0.8225013290802764 38
update_start: 41; random_action_prob: 0.2036
update_complete: 41; loss: 0.03383652896930774; cumulative_reward: 44.25; invalid_count: 0; positive_reward_count: 45; success_count: 22; episode_count: 25; dead_end_count: 1; best_tax_advantage: 198.0; avg_entropy: 0.21318559210340027; random_action_prob: 0.2036; random_exploration_count: 22; saved_snapshots: 0
form_subcorp 0.0 41
buy_stock 0.0 24
compensate_employees 0.5 23
liquidate_corp 0.81875 40
update_start: 42; random_action_prob: 0.2025
update_complete: 42; loss: 0.035669042418400444; cumulative_reward: 41.66414141414141; invalid_count: 0; positive_reward_count: 46; success_count: 21; episode_count: 25; dead_end_count: 3; best_tax_advantage: 198.0; avg_entropy: 0.20478747749621107; random_action_prob: 0.2025; random_exploration_count: 22; saved_snapshots: 0
form_subcorp 0.0 40
buy_stock 0.0 25
compensate_employees 0.43656565656565655 25
liquidate_corp 0.8092105263157895 38
update_start: 43; random_action_prob: 0.2015
update_complete: 43; loss: 0.039175111800432205; cumulative_reward: 49.81818181818181; invalid_count: 0; positive_reward_count: 54; success_count: 25; episode_count: 29; dead_end_count: 4; best_tax_advantage: 198.0; avg_entropy: 0.21069203586921503; random_action_prob: 0.2015; random_exploration_count: 26; saved_snapshots: 0
form_subcorp 0.0 36
buy_stock 0.0 29
compensate_employees 0.461038961038961 28
liquidate_corp 1.0545454545454545 35
update_start: 44; random_action_prob: 0.2005
update_complete: 44; loss: 0.06491220990816753; cumulative_reward: 41.75; invalid_count: 0; positive_reward_count: 43; success_count: 21; episode_count: 25; dead_end_count: 3; best_tax_advantage: 198.0; avg_entropy: 0.22599297998567636; random_action_prob: 0.2005; random_exploration_count: 26; saved_snapshots: 0
form_subcorp 0.0 41
buy_stock 0.0 26
compensate_employees 0.5 22
liquidate_corp 0.7884615384615384 39
update_start: 45; random_action_prob: 0.1995
update_complete: 45; loss: 0.05197490255037943; cumulative_reward: 49.01262626262628; invalid_count: 0; positive_reward_count: 59; success_count: 24; episode_count: 26; dead_end_count: 1; best_tax_advantage: 198.0; avg_entropy: 0.21659509414348577; random_action_prob: 0.1995; random_exploration_count: 26; saved_snapshots: 0
form_subcorp 0.0 35
buy_stock 0.0 26
compensate_employees 0.3778966131907308 34
liquidate_corp 1.0958830731558002 33
update_start: 46; random_action_prob: 0.1985
update_complete: 46; loss: 0.07041917492945989; cumulative_reward: 49.9040404040404; invalid_count: 0; positive_reward_count: 52; success_count: 25; episode_count: 27; dead_end_count: 2; best_tax_advantage: 198.0; avg_entropy: 0.17573851765973814; random_action_prob: 0.1985; random_exploration_count: 29; saved_snapshots: 0
form_subcorp 0.0 37
buy_stock 0.0 28
compensate_employees 0.47792742237186686 27
liquidate_corp 1.0277777777777777 36
update_start: 47; random_action_prob: 0.1975
update_complete: 47; loss: 0.0163273848593235; cumulative_reward: 47.28282828282829; invalid_count: 0; positive_reward_count: 56; success_count: 23; episode_count: 26; dead_end_count: 0; best_tax_advantage: 198.0; avg_entropy: 0.16370019470286934; random_action_prob: 0.1975; random_exploration_count: 26; saved_snapshots: 0
form_subcorp 0.0 36
buy_stock 0.0 27
compensate_employees 0.3860479797979798 32
liquidate_corp 1.0584634220997857 33
update_start: 48; random_action_prob: 0.1965
update_complete: 48; loss: 0.05178557336330414; cumulative_reward: 42.166666666666664; invalid_count: 0; positive_reward_count: 57; success_count: 21; episode_count: 29; dead_end_count: 6; best_tax_advantage: 198.0; avg_entropy: 0.17776071868138388; random_action_prob: 0.1965; random_exploration_count: 23; saved_snapshots: 0
form_subcorp 0.0 33
buy_stock 0.0 30
compensate_employees 0.3360750360750361 35
liquidate_corp 1.0134680134680134 30
update_start: 49; random_action_prob: 0.1956
update_complete: 49; loss: 0.03282178503771623; cumulative_reward: 45.97222222222223; invalid_count: 0; positive_reward_count: 53; success_count: 23; episode_count: 29; dead_end_count: 5; best_tax_advantage: 198.0; avg_entropy: 0.1538676466589095; random_action_prob: 0.1956; random_exploration_count: 28; saved_snapshots: 0
form_subcorp 0.0 36
buy_stock 0.0 29
compensate_employees 0.42476489028213166 29
liquidate_corp 0.9898247177658942 34
update_start: 50; random_action_prob: 0.1946
update_complete: 50; loss: 0.0353643943866094; cumulative_reward: 38.505050505050505; invalid_count: 0; positive_reward_count: 59; success_count: 19; episode_count: 29; dead_end_count: 8; best_tax_advantage: 198.0; avg_entropy: 0.2120969112875173; random_action_prob: 0.1946; random_exploration_count: 28; saved_snapshots: 0
form_subcorp 0.0 32
buy_stock 0.0 29
compensate_employees 0.2942583732057416 38
liquidate_corp 0.9421804249390455 29
update_start: 51; random_action_prob: 0.1936
update_complete: 51; loss: 0.049339620396494865; cumulative_reward: 48.232323232323246; invalid_count: 0; positive_reward_count: 56; success_count: 24; episode_count: 29; dead_end_count: 4; best_tax_advantage: 198.0; avg_entropy: 0.11050546498881886; random_action_prob: 0.1936; random_exploration_count: 22; saved_snapshots: 0
form_subcorp 0.0 35
buy_stock 0.0 29
compensate_employees 0.41397849462365593 31
liquidate_corp 1.0726966636057544 33
update_start: 52; random_action_prob: 0.1926
update_complete: 52; loss: 0.0803285042444865; cumulative_reward: 46.15656565656566; invalid_count: 0; positive_reward_count: 56; success_count: 23; episode_count: 30; dead_end_count: 6; best_tax_advantage: 198.0; avg_entropy: 0.1845445164872217; random_action_prob: 0.1926; random_exploration_count: 31; saved_snapshots: 0
form_subcorp 0.0 34
buy_stock 0.0 30
compensate_employees 0.39768654284783317 31
liquidate_corp 1.0250994796449342 33
update_start: 53; random_action_prob: 0.1917
update_complete: 53; loss: 0.03940193603436152; cumulative_reward: 51.2979797979798; invalid_count: 0; positive_reward_count: 54; success_count: 26; episode_count: 32; dead_end_count: 6; best_tax_advantage: 198.0; avg_entropy: 0.11965611038795032; random_action_prob: 0.1917; random_exploration_count: 23; saved_snapshots: 0
form_subcorp 0.0 35
buy_stock 0.0 32
compensate_employees 0.49625888514777405 27
liquidate_corp 1.1146761734997028 34
update_start: 54; random_action_prob: 0.1907
update_complete: 54; loss: 0.030013677353660267; cumulative_reward: 50.11868686868689; invalid_count: 0; positive_reward_count: 62; success_count: 25; episode_count: 30; dead_end_count: 3; best_tax_advantage: 198.0; avg_entropy: 0.12411167869777273; random_action_prob: 0.1907; random_exploration_count: 21; saved_snapshots: 0
form_subcorp 0.0 32
buy_stock 0.0 30
compensate_employees 0.3613158613158613 37
liquidate_corp 1.2672413793103448 29
update_start: 55; random_action_prob: 0.1898
update_complete: 55; loss: 0.05336828902363777; cumulative_reward: 39.5530303030303; invalid_count: 0; positive_reward_count: 53; success_count: 20; episode_count: 29; dead_end_count: 7; best_tax_advantage: 198.0; avg_entropy: 0.18163469080172945; random_action_prob: 0.1898; random_exploration_count: 29; saved_snapshots: 0
form_subcorp 0.0 34
buy_stock 0.0 29
compensate_employees 0.33964646464646464 32
liquidate_corp 0.8692225283134375 33
update_start: 56; random_action_prob: 0.1888
update_complete: 56; loss: 0.10251637548208237; cumulative_reward: 49.58333333333333; invalid_count: 0; positive_reward_count: 56; success_count: 25; episode_count: 30; dead_end_count: 5; best_tax_advantage: 198.0; avg_entropy: 0.147829829256807; random_action_prob: 0.1888; random_exploration_count: 24; saved_snapshots: 0
form_subcorp 0.0 34
buy_stock 0.0 31
compensate_employees 0.4306397306397306 30
liquidate_corp 1.1110345883073156 33
update_start: 57; random_action_prob: 0.1879
update_complete: 57; loss: 0.041550969084103904; cumulative_reward: 47.2550505050505; invalid_count: 0; positive_reward_count: 59; success_count: 23; episode_count: 28; dead_end_count: 5; best_tax_advantage: 198.0; avg_entropy: 0.1561849346398958; random_action_prob: 0.1879; random_exploration_count: 26; saved_snapshots: 0
form_subcorp 0.0 34
buy_stock 0.0 28
compensate_employees 0.3864401591674319 33
liquidate_corp 1.045531068258341 33
update_start: 58; random_action_prob: 0.1869
update_complete: 58; loss: 0.07938820123672485; cumulative_reward: 43.49242424242424; invalid_count: 0; positive_reward_count: 53; success_count: 22; episode_count: 30; dead_end_count: 7; best_tax_advantage: 198.0; avg_entropy: 0.15923392966215033; random_action_prob: 0.1869; random_exploration_count: 30; saved_snapshots: 0
form_subcorp 0.0 35
buy_stock 0.0 30
compensate_employees 0.3942760942760943 30
liquidate_corp 0.9595194367921641 33
update_start: 59; random_action_prob: 0.1860
update_complete: 59; loss: 0.05960096170504888; cumulative_reward: 47.532828282828284; invalid_count: 0; positive_reward_count: 61; success_count: 23; episode_count: 30; dead_end_count: 7; best_tax_advantage: 198.0; avg_entropy: 0.16246778807180817; random_action_prob: 0.1860; random_exploration_count: 24; saved_snapshots: 0
form_subcorp 0.0 32
buy_stock 0.0 31
compensate_employees 0.38651218062982773 34
liquidate_corp 1.1094004561746496 31
update_start: 60; random_action_prob: 0.1851
update_complete: 60; loss: 0.09358648955821991; cumulative_reward: 46.75; invalid_count: 0; positive_reward_count: 48; success_count: 24; episode_count: 30; dead_end_count: 5; best_tax_advantage: 198.0; avg_entropy: 0.11724350382792181; random_action_prob: 0.1851; random_exploration_count: 27; saved_snapshots: 0
form_subcorp 0.0 38
buy_stock 0.0 30
compensate_employees 0.5 24
liquidate_corp 0.9652777777777778 36
update_start: 61; random_action_prob: 0.1841
update_complete: 61; loss: 0.03987853663663069; cumulative_reward: 57.5; invalid_count: 0; positive_reward_count: 58; success_count: 29; episode_count: 31; dead_end_count: 2; best_tax_advantage: 198.0; avg_entropy: 0.08092038809991209; random_action_prob: 0.1841; random_exploration_count: 19; saved_snapshots: 0
form_subcorp 0.0 34
buy_stock 0.0 31
compensate_employees 0.5 29
liquidate_corp 1.2647058823529411 34
update_start: 62; random_action_prob: 0.1832
update_complete: 62; loss: 0.09165466825167339; cumulative_reward: 47.06818181818182; invalid_count: 0; positive_reward_count: 52; success_count: 24; episode_count: 31; dead_end_count: 7; best_tax_advantage: 198.0; avg_entropy: 0.11867805702786427; random_action_prob: 0.1832; random_exploration_count: 22; saved_snapshots: 0
form_subcorp 0.0 35
buy_stock 0.0 31
compensate_employees 0.45959595959595956 27
liquidate_corp 0.9902597402597402 35
update_start: 63; random_action_prob: 0.1823
update_complete: 63; loss: 0.023608054965734482; cumulative_reward: 52.31818181818181; invalid_count: 0; positive_reward_count: 56; success_count: 26; episode_count: 30; dead_end_count: 2; best_tax_advantage: 198.0; avg_entropy: 0.1102208766824333; random_action_prob: 0.1823; random_exploration_count: 30; saved_snapshots: 0
form_subcorp 0.0 35
buy_stock 0.0 29
compensate_employees 0.4623824451410658 29
liquidate_corp 1.1116883116883116 35
update_start: 64; random_action_prob: 0.1814
update_complete: 64; loss: 0.04435062284270922; cumulative_reward: 45.86616161616161; invalid_count: 0; positive_reward_count: 52; success_count: 23; episode_count: 30; dead_end_count: 7; best_tax_advantage: 198.0; avg_entropy: 0.1613518665835727; random_action_prob: 0.1814; random_exploration_count: 29; saved_snapshots: 0
form_subcorp 0.0 36
buy_stock 0.0 30
compensate_employees 0.4558548447437336 27
liquidate_corp 0.9588023088023089 35
update_start: 65; random_action_prob: 0.1805
update_complete: 65; loss: 0.048701791713635124; cumulative_reward: 51.68434343434343; invalid_count: 0; positive_reward_count: 58; success_count: 26; episode_count: 30; dead_end_count: 3; best_tax_advantage: 198.0; avg_entropy: 0.09323462747306621; random_action_prob: 0.1805; random_exploration_count: 19; saved_snapshots: 0
form_subcorp 0.0 34
buy_stock 0.0 30
compensate_employees 0.4198232323232323 32
liquidate_corp 1.1953125 32
update_start: 66; random_action_prob: 0.1796
update_complete: 66; loss: 0.04350579405824343; cumulative_reward: 49.04040404040404; invalid_count: 0; positive_reward_count: 59; success_count: 24; episode_count: 29; dead_end_count: 4; best_tax_advantage: 198.0; avg_entropy: 0.15297989066129958; random_action_prob: 0.1796; random_exploration_count: 27; saved_snapshots: 0
form_subcorp 0.0 34
buy_stock 0.0 29
compensate_employees 0.40082644628099173 33
liquidate_corp 1.1191603535353536 32
update_start: 67; random_action_prob: 0.1787
update_complete: 67; loss: 0.023274073998133343; cumulative_reward: 54.18434343434345; invalid_count: 0; positive_reward_count: 60; success_count: 27; episode_count: 29; dead_end_count: 1; best_tax_advantage: 198.0; avg_entropy: 0.08810905867994734; random_action_prob: 0.1787; random_exploration_count: 18; saved_snapshots: 0
form_subcorp 0.0 34
buy_stock 0.0 29
compensate_employees 0.4222528313437404 33
liquidate_corp 1.2578125 32
update_start: 68; random_action_prob: 0.1778
update_complete: 68; loss: 0.05630446473757426; cumulative_reward: 51.30808080808081; invalid_count: 0; positive_reward_count: 55; success_count: 26; episode_count: 32; dead_end_count: 6; best_tax_advantage: 198.0; avg_entropy: 0.12518556417853688; random_action_prob: 0.1778; random_exploration_count: 19; saved_snapshots: 0
form_subcorp 0.0 34
buy_stock 0.0 32
compensate_employees 0.47871572871572876 28
liquidate_corp 1.114824717765894 34
update_start: 69; random_action_prob: 0.1769
update_complete: 69; loss: 0.08691175530354182; cumulative_reward: 49.84848484848486; invalid_count: 0; positive_reward_count: 55; success_count: 25; episode_count: 29; dead_end_count: 4; best_tax_advantage: 198.0; avg_entropy: 0.09633015901999897; random_action_prob: 0.1769; random_exploration_count: 16; saved_snapshots: 0
form_subcorp 0.0 35
buy_stock 0.0 29
compensate_employees 0.4456635318704284 29
liquidate_corp 1.054978354978355 35
update_start: 70; random_action_prob: 0.1760
update_complete: 70; loss: 0.06472212821245193; cumulative_reward: 57.5; invalid_count: 0; positive_reward_count: 58; success_count: 29; episode_count: 31; dead_end_count: 2; best_tax_advantage: 198.0; avg_entropy: 0.048222692083072616; random_action_prob: 0.1760; random_exploration_count: 19; saved_snapshots: 0
form_subcorp 0.0 34
buy_stock 0.0 32
compensate_employees 0.5 29
liquidate_corp 1.303030303030303 33
update_start: 71; random_action_prob: 0.1751
update_complete: 71; loss: 0.07261745134989421; cumulative_reward: 49.31818181818182; invalid_count: 0; positive_reward_count: 54; success_count: 25; episode_count: 31; dead_end_count: 6; best_tax_advantage: 198.0; avg_entropy: 0.14873281701511587; random_action_prob: 0.1751; random_exploration_count: 28; saved_snapshots: 0
form_subcorp 0.0 35
buy_stock 0.0 31
compensate_employees 0.461038961038961 28
liquidate_corp 1.070855614973262 34
update_start: 72; random_action_prob: 0.1743
update_complete: 72; loss: 0.05894588182369868; cumulative_reward: 56.5580808080808; invalid_count: 0; positive_reward_count: 60; success_count: 28; episode_count: 31; dead_end_count: 3; best_tax_advantage: 198.0; avg_entropy: 0.07144736644841032; random_action_prob: 0.1743; random_exploration_count: 25; saved_snapshots: 0
form_subcorp 0.0 33
buy_stock 0.0 32
compensate_employees 0.4807754969045292 31
liquidate_corp 1.3016887626262625 32
update_start: 73; random_action_prob: 0.1734
update_complete: 73; loss: 0.04597108314434687; cumulative_reward: 53.42424242424243; invalid_count: 0; positive_reward_count: 56; success_count: 27; episode_count: 31; dead_end_count: 4; best_tax_advantage: 198.0; avg_entropy: 0.09366313264945347; random_action_prob: 0.1734; random_exploration_count: 20; saved_snapshots: 0
form_subcorp 0.0 34
buy_stock 0.0 32
compensate_employees 0.47283176593521425 29
liquidate_corp 1.2033976124885215 33
update_start: 74; random_action_prob: 0.1725
update_complete: 74; loss: 0.053871698677539825; cumulative_reward: 44.82070707070707; invalid_count: 0; positive_reward_count: 58; success_count: 22; episode_count: 29; dead_end_count: 5; best_tax_advantage: 198.0; avg_entropy: 0.1634381976982695; random_action_prob: 0.1725; random_exploration_count: 22; saved_snapshots: 0
form_subcorp 0.0 33
buy_stock 0.0 30
compensate_employees 0.3603683897801545 34
liquidate_corp 1.0505865102639296 31
update_start: 75; random_action_prob: 0.1717
update_complete: 75; loss: 0.07947243625919025; cumulative_reward: 47.60353535353537; invalid_count: 0; positive_reward_count: 55; success_count: 24; episode_count: 29; dead_end_count: 5; best_tax_advantage: 198.0; avg_entropy: 0.15216772248822963; random_action_prob: 0.1717; random_exploration_count: 31; saved_snapshots: 0
form_subcorp 0.0 34
buy_stock 0.0 30
compensate_employees 0.4077875529488433 31
liquidate_corp 1.0594582185491277 33
update_start: 76; random_action_prob: 0.1708
update_complete: 76; loss: 0.03913249013324579; cumulative_reward: 46.62878787878789; invalid_count: 0; positive_reward_count: 59; success_count: 23; episode_count: 29; dead_end_count: 5; best_tax_advantage: 198.0; avg_entropy: 0.14878077465164097; random_action_prob: 0.1708; random_exploration_count: 21; saved_snapshots: 0
form_subcorp 0.0 33
buy_stock 0.0 29
compensate_employees 0.3722519310754605 34
liquidate_corp 1.0616319444444444 32
update_start: 77; random_action_prob: 0.1699
update_complete: 77; loss: 0.08231379836797714; cumulative_reward: 40.47979797979798; invalid_count: 0; positive_reward_count: 52; success_count: 20; episode_count: 28; dead_end_count: 6; best_tax_advantage: 198.0; avg_entropy: 0.18578283698479936; random_action_prob: 0.1699; random_exploration_count: 29; saved_snapshots: 0
form_subcorp 0.0 36
buy_stock 0.0 28
compensate_employees 0.3717171717171717 30
liquidate_corp 0.8625965537730244 34
update_start: 78; random_action_prob: 0.1691
update_complete: 78; loss: 0.0882237230738004; cumulative_reward: 52.358585858585855; invalid_count: 0; positive_reward_count: 58; success_count: 26; episode_count: 29; dead_end_count: 2; best_tax_advantage: 198.0; avg_entropy: 0.10048008352077886; random_action_prob: 0.1691; random_exploration_count: 23; saved_snapshots: 0
form_subcorp 0.0 34
buy_stock 0.0 29
compensate_employees 0.43320299771912674 31
liquidate_corp 1.144979203802733 34
update_start: 79; random_action_prob: 0.1683
update_complete: 79; loss: 0.04303765296936035; cumulative_reward: 50.348484848484844; invalid_count: 0; positive_reward_count: 62; success_count: 25; episode_count: 29; dead_end_count: 2; best_tax_advantage: 198.0; avg_entropy: 0.13205122756517085; random_action_prob: 0.1683; random_exploration_count: 19; saved_snapshots: 0
form_subcorp 0.0 32
buy_stock 0.0 30
compensate_employees 0.36076986076986073 37
liquidate_corp 1.2758620689655173 29
update_start: 80; random_action_prob: 0.1674
update_complete: 80; loss: 0.020133701153099537; cumulative_reward: 54.66414141414141; invalid_count: 0; positive_reward_count: 59; success_count: 27; episode_count: 29; dead_end_count: 1; best_tax_advantage: 198.0; avg_entropy: 0.07535220573709012; random_action_prob: 0.1674; random_exploration_count: 24; saved_snapshots: 0
form_subcorp 0.0 34
buy_stock 0.0 30
compensate_employees 0.45044191919191917 32
liquidate_corp 1.2578125 32
update_start: 81; random_action_prob: 0.1666
update_complete: 81; loss: 0.02726844884455204; cumulative_reward: 50.03282828282828; invalid_count: 0; positive_reward_count: 63; success_count: 24; episode_count: 29; dead_end_count: 5; best_tax_advantage: 198.0; avg_entropy: 0.12594135819381336; random_action_prob: 0.1666; random_exploration_count: 18; saved_snapshots: 0
form_subcorp 0.0 32
buy_stock 0.0 30
compensate_employees 0.38975468975468974 35
liquidate_corp 1.1739165852069078 31
update_start: 82; random_action_prob: 0.1657
update_complete: 82; loss: 0.05943172176678976; cumulative_reward: 51.0; invalid_count: 0; positive_reward_count: 52; success_count: 26; episode_count: 30; dead_end_count: 4; best_tax_advantage: 198.0; avg_entropy: 0.11108635330856487; random_action_prob: 0.1657; random_exploration_count: 26; saved_snapshots: 0
form_subcorp 0.0 36
buy_stock 0.0 31
compensate_employees 0.5 26
liquidate_corp 1.0857142857142856 35
update_start: 83; random_action_prob: 0.1649
update_complete: 83; loss: 0.09696929901838303; cumulative_reward: 48.002525252525245; invalid_count: 0; positive_reward_count: 59; success_count: 24; episode_count: 30; dead_end_count: 5; best_tax_advantage: 198.0; avg_entropy: 0.13199442192490096; random_action_prob: 0.1649; random_exploration_count: 20; saved_snapshots: 0
form_subcorp 0.0 33
buy_stock 0.0 30
compensate_employees 0.37759952465834823 34
liquidate_corp 1.1343271423916585 31
update_start: 84; random_action_prob: 0.1641
update_complete: 84; loss: 0.03188431262969971; cumulative_reward: 54.60858585858587; invalid_count: 0; positive_reward_count: 66; success_count: 27; episode_count: 30; dead_end_count: 1; best_tax_advantage: 198.0; avg_entropy: 0.09718887822964462; random_action_prob: 0.1641; random_exploration_count: 18; saved_snapshots: 0
form_subcorp 0.0 31
buy_stock 0.0 30
compensate_employees 0.3681688681688682 39
liquidate_corp 1.4375 28
update_start: 85; random_action_prob: 0.1633
update_complete: 85; loss: 0.02472377133866151; cumulative_reward: 53.29040404040403; invalid_count: 0; positive_reward_count: 63; success_count: 26; episode_count: 30; dead_end_count: 3; best_tax_advantage: 198.0; avg_entropy: 0.13073618553789856; random_action_prob: 0.1633; random_exploration_count: 18; saved_snapshots: 0
form_subcorp 0.0 32
buy_stock 0.0 30
compensate_employees 0.40678210678210674 35
liquidate_corp 1.2597751710654936 31
update_start: 86; random_action_prob: 0.1625
update_complete: 86; loss: 0.041403599083423615; cumulative_reward: 53.7979797979798; invalid_count: 0; positive_reward_count: 56; success_count: 27; episode_count: 31; dead_end_count: 4; best_tax_advantage: 198.0; avg_entropy: 0.06901786144771904; random_action_prob: 0.1625; random_exploration_count: 25; saved_snapshots: 0
form_subcorp 0.0 35
buy_stock 0.0 31
compensate_employees 0.49639249639249644 28
liquidate_corp 1.1734997029114675 34
update_start: 87; random_action_prob: 0.1616
update_complete: 87; loss: 0.05549772083759308; cumulative_reward: 52.05808080808081; invalid_count: 0; positive_reward_count: 56; success_count: 26; episode_count: 31; dead_end_count: 5; best_tax_advantage: 198.0; avg_entropy: 0.10704031656496227; random_action_prob: 0.1616; random_exploration_count: 26; saved_snapshots: 0
form_subcorp 0.0 34
buy_stock 0.0 32
compensate_employees 0.47944966910484155 29
liquidate_corp 1.1561830425466788 33
update_start: 88; random_action_prob: 0.1608
update_complete: 88; loss: 0.03298645652830601; cumulative_reward: 48.21969696969697; invalid_count: 0; positive_reward_count: 60; success_count: 24; episode_count: 29; dead_end_count: 3; best_tax_advantage: 198.0; avg_entropy: 0.1268776810993586; random_action_prob: 0.1608; random_exploration_count: 23; saved_snapshots: 0
form_subcorp 0.0 33
buy_stock 0.0 29
compensate_employees 0.35858585858585856 35
liquidate_corp 1.1506190941674812 31
update_start: 89; random_action_prob: 0.1600
update_complete: 89; loss: 0.07794986168543498; cumulative_reward: 51.0; invalid_count: 0; positive_reward_count: 52; success_count: 26; episode_count: 30; dead_end_count: 4; best_tax_advantage: 198.0; avg_entropy: 0.08524265352389193; random_action_prob: 0.1600; random_exploration_count: 27; saved_snapshots: 0
form_subcorp 0.0 36
buy_stock 0.0 30
compensate_employees 0.5 26
liquidate_corp 1.0555555555555556 36
update_start: 90; random_action_prob: 0.1592
update_complete: 90; loss: 0.026232950389385223; cumulative_reward: 54.391414141414145; invalid_count: 0; positive_reward_count: 61; success_count: 27; episode_count: 29; dead_end_count: 1; best_tax_advantage: 198.0; avg_entropy: 0.12842878836909222; random_action_prob: 0.1592; random_exploration_count: 21; saved_snapshots: 0
form_subcorp 0.0 33
buy_stock 0.0 30
compensate_employees 0.42500765228037957 33
liquidate_corp 1.2614425505050506 32
update_start: 91; random_action_prob: 0.1584
update_complete: 91; loss: 0.008308915266146263; cumulative_reward: 59.5; invalid_count: 0; positive_reward_count: 60; success_count: 30; episode_count: 32; dead_end_count: 2; best_tax_advantage: 198.0; avg_entropy: 0.05933590539916622; random_action_prob: 0.1584; random_exploration_count: 14; saved_snapshots: 0
form_subcorp 0.0 33
buy_stock 0.0 32
compensate_employees 0.5 30
liquidate_corp 1.3484848484848484 33
update_start: 92; random_action_prob: 0.1576
update_complete: 92; loss: 0.04633647451798121; cumulative_reward: 46.89646464646465; invalid_count: 0; positive_reward_count: 56; success_count: 23; episode_count: 29; dead_end_count: 5; best_tax_advantage: 198.0; avg_entropy: 0.1355832003255273; random_action_prob: 0.1576; random_exploration_count: 28; saved_snapshots: 0
form_subcorp 0.0 34
buy_stock 0.0 30
compensate_employees 0.41365265558813946 31
liquidate_corp 1.0325221916131007 33
update_start: 93; random_action_prob: 0.1569
update_complete: 93; loss: 0.07041947543621063; cumulative_reward: 59.75; invalid_count: 0; positive_reward_count: 60; success_count: 30; episode_count: 31; dead_end_count: 1; best_tax_advantage: 198.0; avg_entropy: 0.048161155011257506; random_action_prob: 0.1569; random_exploration_count: 13; saved_snapshots: 0
form_subcorp 0.0 34
buy_stock 0.0 31
compensate_employees 0.5 30
liquidate_corp 1.356060606060606 33
update_start: 94; random_action_prob: 0.1561
update_complete: 94; loss: 0.00986400293186307; cumulative_reward: 60.25; invalid_count: 0; positive_reward_count: 61; success_count: 30; episode_count: 31; dead_end_count: 1; best_tax_advantage: 198.0; avg_entropy: 0.04367667910173623; random_action_prob: 0.1561; random_exploration_count: 15; saved_snapshots: 0
form_subcorp 0.0 33
buy_stock 0.0 32
compensate_employees 0.5 31
liquidate_corp 1.3984375 32
update_start: 95; random_action_prob: 0.1553
update_complete: 95; loss: 0.1002069463332494; cumulative_reward: 46.92424242424242; invalid_count: 0; positive_reward_count: 54; success_count: 24; episode_count: 31; dead_end_count: 6; best_tax_advantage: 198.0; avg_entropy: 0.1159820137108909; random_action_prob: 0.1553; random_exploration_count: 19; saved_snapshots: 0
form_subcorp 0.0 34
buy_stock 0.0 31
compensate_employees 0.41414141414141414 30
liquidate_corp 1.0454545454545454 33
update_start: 96; random_action_prob: 0.1545
update_complete: 96; loss: 0.07499675701061885; cumulative_reward: 52.17424242424242; invalid_count: 0; positive_reward_count: 59; success_count: 26; episode_count: 30; dead_end_count: 3; best_tax_advantage: 198.0; avg_entropy: 0.11149982838833239; random_action_prob: 0.1545; random_exploration_count: 18; saved_snapshots: 0
form_subcorp 0.0 33
buy_stock 0.0 31
compensate_employees 0.4219467401285583 33
liquidate_corp 1.2338709677419355 31
update_start: 97; random_action_prob: 0.1537
update_complete: 97; loss: 0.07097773378094037; cumulative_reward: 46.31313131313132; invalid_count: 0; positive_reward_count: 65; success_count: 23; episode_count: 29; dead_end_count: 4; best_tax_advantage: 198.0; avg_entropy: 0.21774342442222405; random_action_prob: 0.1537; random_exploration_count: 21; saved_snapshots: 0
form_subcorp 0.0 30
buy_stock 0.0 29
compensate_employees 0.2997043606799704 41
liquidate_corp 1.2151875901875901 28
update_start: 98; random_action_prob: 0.1530
update_complete: 98; loss: 0.03408239595592022; cumulative_reward: 55.75; invalid_count: 0; positive_reward_count: 57; success_count: 28; episode_count: 31; dead_end_count: 3; best_tax_advantage: 198.0; avg_entropy: 0.045211636474050465; random_action_prob: 0.1530; random_exploration_count: 17; saved_snapshots: 0
form_subcorp 0.0 34
buy_stock 0.0 32
compensate_employees 0.5 29
liquidate_corp 1.25 33
update_start: 99; random_action_prob: 0.1522
update_complete: 99; loss: 0.010206725758810839; cumulative_reward: 51.858585858585855; invalid_count: 0; positive_reward_count: 64; success_count: 25; episode_count: 28; dead_end_count: 2; best_tax_advantage: 198.0; avg_entropy: 0.14360295321966987; random_action_prob: 0.1522; random_exploration_count: 15; saved_snapshots: 0
form_subcorp 0.0 32
buy_stock 0.0 29
compensate_employees 0.3796068796068796 37
liquidate_corp 1.2604377104377105 30
2026-07-10T17:55:02 completed subsidiary_stock_comp run=6 elapsed_seconds=701.14 updates_logged=100
2026-07-10T17:55:02 running subsidiary_stock_comp run=7 seed=1736
update_start: 0; random_action_prob: 0.2500
update_complete: 0; loss: 1.163619041442871; cumulative_reward: 8.404040404040414; invalid_count: 0; positive_reward_count: 54; success_count: 3; episode_count: 24; dead_end_count: 16; best_tax_advantage: 198.0; avg_entropy: 0.5867111436091363; random_action_prob: 0.2500; random_exploration_count: 41; saved_snapshots: 0
form_subcorp 0.0 30
buy_stock 0.0 24
compensate_employees 0.11363636363636365 48
liquidate_corp 0.11344211344211344 26
update_start: 1; random_action_prob: 0.2487
update_complete: 1; loss: 0.5090182920296987; cumulative_reward: 9.722222222222218; invalid_count: 0; positive_reward_count: 39; success_count: 5; episode_count: 30; dead_end_count: 24; best_tax_advantage: 198.0; avg_entropy: 0.5537224197760224; random_action_prob: 0.2487; random_exploration_count: 32; saved_snapshots: 0
form_subcorp 0.0 34
buy_stock 0.0 31
compensate_employees 0.1816552623004236 31
liquidate_corp 0.1278409090909091 32
update_start: 2; random_action_prob: 0.2475
update_complete: 2; loss: 0.40080492695172626; cumulative_reward: 7.568181818181819; invalid_count: 0; positive_reward_count: 32; success_count: 5; episode_count: 30; dead_end_count: 23; best_tax_advantage: 198.0; avg_entropy: 0.4869394873967394; random_action_prob: 0.2475; random_exploration_count: 32; saved_snapshots: 0
form_subcorp 0.0 37
buy_stock 0.0 31
compensate_employees 0.17636363636363636 25
liquidate_corp 0.09025974025974026 35
update_start: 3; random_action_prob: 0.2463
update_complete: 3; loss: 0.2980646838744481; cumulative_reward: 16.17171717171717; invalid_count: 0; positive_reward_count: 40; success_count: 9; episode_count: 30; dead_end_count: 20; best_tax_advantage: 198.0; avg_entropy: 0.49866259668488055; random_action_prob: 0.2463; random_exploration_count: 28; saved_snapshots: 0
form_subcorp 0.0 35
buy_stock 0.0 31
compensate_employees 0.21717171717171718 29
liquidate_corp 0.2992041628405265 33
update_start: 4; random_action_prob: 0.2450
update_complete: 4; loss: 0.15584143996238708; cumulative_reward: 29.482323232323232; invalid_count: 0; positive_reward_count: 37; success_count: 16; episode_count: 31; dead_end_count: 15; best_tax_advantage: 198.0; avg_entropy: 0.36002888620714657; random_action_prob: 0.2450; random_exploration_count: 36; saved_snapshots: 0
form_subcorp 0.0 39
buy_stock 0.0 31
compensate_employees 0.4308080808080808 20
liquidate_corp 0.5491095162147793 38
update_start: 5; random_action_prob: 0.2438
update_complete: 5; loss: 0.06663752595583598; cumulative_reward: 28.941919191919194; invalid_count: 0; positive_reward_count: 59; success_count: 14; episode_count: 25; dead_end_count: 7; best_tax_advantage: 198.0; avg_entropy: 0.46569617523346096; random_action_prob: 0.2438; random_exploration_count: 33; saved_snapshots: 0
form_subcorp 0.0 31
buy_stock 0.0 26
compensate_employees 0.20549943883277216 45
liquidate_corp 0.7574786324786325 26
update_start: 6; random_action_prob: 0.2426
update_complete: 6; loss: 0.10513462126255035; cumulative_reward: 42.82828282828282; invalid_count: 0; positive_reward_count: 48; success_count: 22; episode_count: 30; dead_end_count: 8; best_tax_advantage: 198.0; avg_entropy: 0.1968230823840713; random_action_prob: 0.2426; random_exploration_count: 24; saved_snapshots: 0
form_subcorp 0.0 36
buy_stock 0.0 31
compensate_employees 0.4467754467754468 26
liquidate_corp 0.8917748917748918 35
update_start: 7; random_action_prob: 0.2414
update_complete: 7; loss: 0.07874741281072299; cumulative_reward: 43.477272727272734; invalid_count: 0; positive_reward_count: 61; success_count: 21; episode_count: 27; dead_end_count: 3; best_tax_advantage: 198.0; avg_entropy: 0.23244469898054376; random_action_prob: 0.2414; random_exploration_count: 32; saved_snapshots: 0
form_subcorp 0.0 32
buy_stock 0.0 28
compensate_employees 0.3153328153328153 39
liquidate_corp 1.0751480320445839 29
update_start: 8; random_action_prob: 0.2402
update_complete: 8; loss: 0.08129215488831203; cumulative_reward: 43.18434343434343; invalid_count: 0; positive_reward_count: 51; success_count: 22; episode_count: 30; dead_end_count: 7; best_tax_advantage: 198.0; avg_entropy: 0.15477180562447757; random_action_prob: 0.2402; random_exploration_count: 26; saved_snapshots: 0
form_subcorp 0.0 35
buy_stock 0.0 31
compensate_employees 0.411529083942877 29
liquidate_corp 0.946969696969697 33
update_start: 9; random_action_prob: 0.2390
update_complete: 9; loss: 0.07023027787605922; cumulative_reward: 43.45959595959596; invalid_count: 0; positive_reward_count: 54; success_count: 22; episode_count: 30; dead_end_count: 6; best_tax_advantage: 198.0; avg_entropy: 0.175926787807839; random_action_prob: 0.2390; random_exploration_count: 27; saved_snapshots: 0
form_subcorp 0.0 34
buy_stock 0.0 30
compensate_employees 0.37227109807754966 31
liquidate_corp 0.9672482399755128 33
update_start: 10; random_action_prob: 0.2378
update_complete: 10; loss: 0.077139712870121; cumulative_reward: 48.936868686868685; invalid_count: 0; positive_reward_count: 59; success_count: 24; episode_count: 28; dead_end_count: 3; best_tax_advantage: 198.0; avg_entropy: 0.1993897355569061; random_action_prob: 0.2378; random_exploration_count: 34; saved_snapshots: 0
form_subcorp 0.0 34
buy_stock 0.0 28
compensate_employees 0.389194980104071 33
liquidate_corp 1.0937404346495256 33
update_start: 11; random_action_prob: 0.2366
update_complete: 11; loss: 0.06785909210642178; cumulative_reward: 46.222222222222214; invalid_count: 0; positive_reward_count: 53; success_count: 23; episode_count: 28; dead_end_count: 4; best_tax_advantage: 198.0; avg_entropy: 0.1432630326016806; random_action_prob: 0.2366; random_exploration_count: 25; saved_snapshots: 0
form_subcorp 0.0 36
buy_stock 0.0 29
compensate_employees 0.42476489028213166 29
liquidate_corp 0.9971776589423648 34
update_start: 12; random_action_prob: 0.2354
update_complete: 12; loss: 0.06261823947230975; cumulative_reward: 50.13636363636365; invalid_count: 0; positive_reward_count: 55; success_count: 25; episode_count: 30; dead_end_count: 4; best_tax_advantage: 198.0; avg_entropy: 0.0968470791249274; random_action_prob: 0.2354; random_exploration_count: 28; saved_snapshots: 0
form_subcorp 0.0 35
buy_stock 0.0 31
compensate_employees 0.4592476489028213 29
liquidate_corp 1.115702479338843 33
update_start: 13; random_action_prob: 0.2342
update_complete: 13; loss: 0.03228195011615753; cumulative_reward: 38.414141414141426; invalid_count: 0; positive_reward_count: 60; success_count: 19; episode_count: 27; dead_end_count: 4; best_tax_advantage: 198.0; avg_entropy: 0.20754260984176653; random_action_prob: 0.2342; random_exploration_count: 31; saved_snapshots: 0
form_subcorp 0.0 32
buy_stock 0.0 27
compensate_employees 0.2661985710766198 41
liquidate_corp 0.9821428571428571 28
update_start: 14; random_action_prob: 0.2331
update_complete: 14; loss: 0.0875676025946935; cumulative_reward: 42.43686868686868; invalid_count: 0; positive_reward_count: 59; success_count: 21; episode_count: 28; dead_end_count: 5; best_tax_advantage: 198.0; avg_entropy: 0.1551583919026598; random_action_prob: 0.2331; random_exploration_count: 31; saved_snapshots: 0
form_subcorp 0.0 33
buy_stock 0.0 28
compensate_employees 0.3181818181818182 37
liquidate_corp 1.0221380471380472 30
update_start: 15; random_action_prob: 0.2319
update_complete: 15; loss: 0.046823533872763314; cumulative_reward: 45.02272727272728; invalid_count: 0; positive_reward_count: 59; success_count: 22; episode_count: 28; dead_end_count: 5; best_tax_advantage: 198.0; avg_entropy: 0.1264463567531493; random_action_prob: 0.2319; random_exploration_count: 26; saved_snapshots: 0
form_subcorp 0.0 33
buy_stock 0.0 28
compensate_employees 0.3528138528138528 35
liquidate_corp 1.0210700757575757 32
update_start: 16; random_action_prob: 0.2307
update_complete: 16; loss: 0.06741627554098766; cumulative_reward: 42.36616161616162; invalid_count: 0; positive_reward_count: 49; success_count: 21; episode_count: 28; dead_end_count: 7; best_tax_advantage: 198.0; avg_entropy: 0.12033468999470642; random_action_prob: 0.2307; random_exploration_count: 29; saved_snapshots: 0
form_subcorp 0.0 37
buy_stock 0.0 29
compensate_employees 0.4541569541569542 26
liquidate_corp 0.8488355780022447 36
update_start: 17; random_action_prob: 0.2296
update_complete: 17; loss: 0.04103384539484978; cumulative_reward: 49.81818181818181; invalid_count: 0; positive_reward_count: 55; success_count: 25; episode_count: 31; dead_end_count: 6; best_tax_advantage: 198.0; avg_entropy: 0.12224466754196328; random_action_prob: 0.2296; random_exploration_count: 25; saved_snapshots: 0
form_subcorp 0.0 34
buy_stock 0.0 32
compensate_employees 0.4623824451410658 29
liquidate_corp 1.103305785123967 33
update_start: 18; random_action_prob: 0.2284
update_complete: 18; loss: 0.03562424952785174; cumulative_reward: 47.00252525252526; invalid_count: 0; positive_reward_count: 59; success_count: 23; episode_count: 29; dead_end_count: 5; best_tax_advantage: 198.0; avg_entropy: 0.14260005727919634; random_action_prob: 0.2284; random_exploration_count: 32; saved_snapshots: 0
form_subcorp 0.0 33
buy_stock 0.0 30
compensate_employees 0.37759952465834823 34
liquidate_corp 1.1020690778755293 31
update_start: 19; random_action_prob: 0.2273
update_complete: 19; loss: 0.04949731876452764; cumulative_reward: 44.32575757575758; invalid_count: 0; positive_reward_count: 55; success_count: 22; episode_count: 28; dead_end_count: 5; best_tax_advantage: 198.0; avg_entropy: 0.19376859437034; random_action_prob: 0.2273; random_exploration_count: 34; saved_snapshots: 0
form_subcorp 0.0 35
buy_stock 0.0 28
compensate_employees 0.3734217171717172 32
liquidate_corp 0.981098867462504 33
update_start: 20; random_action_prob: 0.2262
update_complete: 20; loss: 0.07100011656681697; cumulative_reward: 42.41414141414141; invalid_count: 0; positive_reward_count: 48; success_count: 22; episode_count: 31; dead_end_count: 8; best_tax_advantage: 198.0; avg_entropy: 0.1345697591896169; random_action_prob: 0.2262; random_exploration_count: 30; saved_snapshots: 0
form_subcorp 0.0 36
buy_stock 0.0 32
compensate_employees 0.439005439005439 26
liquidate_corp 0.9117647058823529 34
update_start: 21; random_action_prob: 0.2250
update_complete: 21; loss: 0.04023029779394468; cumulative_reward: 49.86111111111112; invalid_count: 0; positive_reward_count: 63; success_count: 24; episode_count: 28; dead_end_count: 3; best_tax_advantage: 198.0; avg_entropy: 0.17679283203324303; random_action_prob: 0.2250; random_exploration_count: 31; saved_snapshots: 0
form_subcorp 0.0 32
buy_stock 0.0 29
compensate_employees 0.3765432098765432 36
liquidate_corp 1.171146953405018 31
update_start: 22; random_action_prob: 0.2239
update_complete: 22; loss: 0.04984054217735926; cumulative_reward: 47.08838383838384; invalid_count: 0; positive_reward_count: 55; success_count: 23; episode_count: 28; dead_end_count: 5; best_tax_advantage: 198.0; avg_entropy: 0.18239644897403196; random_action_prob: 0.2239; random_exploration_count: 34; saved_snapshots: 0
form_subcorp 0.0 35
buy_stock 0.0 29
compensate_employees 0.4306397306397306 30
liquidate_corp 1.0049762329174092 34
update_start: 23; random_action_prob: 0.2228
update_complete: 23; loss: 0.04283978044986725; cumulative_reward: 40.04545454545457; invalid_count: 0; positive_reward_count: 59; success_count: 19; episode_count: 27; dead_end_count: 6; best_tax_advantage: 198.0; avg_entropy: 0.26584548637038097; random_action_prob: 0.2228; random_exploration_count: 38; saved_snapshots: 0
form_subcorp 0.0 33
buy_stock 0.0 28
compensate_employees 0.319023569023569 36
liquidate_corp 0.9213098729227762 31
update_start: 24; random_action_prob: 0.2217
update_complete: 24; loss: 0.04787153874834379; cumulative_reward: 44.86616161616162; invalid_count: 0; positive_reward_count: 51; success_count: 22; episode_count: 27; dead_end_count: 5; best_tax_advantage: 198.0; avg_entropy: 0.26376320829149336; random_action_prob: 0.2217; random_exploration_count: 27; saved_snapshots: 0
form_subcorp 0.0 37
buy_stock 0.0 28
compensate_employees 0.4558548447437336 27
liquidate_corp 0.9043911335578003 36
update_start: 25; random_action_prob: 0.2206
update_complete: 25; loss: 0.10394625117381413; cumulative_reward: 31.25; invalid_count: 0; positive_reward_count: 32; success_count: 16; episode_count: 22; dead_end_count: 3; best_tax_advantage: 198.0; avg_entropy: 0.2524702502123546; random_action_prob: 0.2206; random_exploration_count: 33; saved_snapshots: 0
form_subcorp 0.0 47
buy_stock 0.0 20
compensate_employees 0.5 16
liquidate_corp 0.5166666666666667 45
update_start: 26; random_action_prob: 0.2195
update_complete: 26; loss: 0.1153061514099439; cumulative_reward: 35.75; invalid_count: 0; positive_reward_count: 37; success_count: 18; episode_count: 23; dead_end_count: 3; best_tax_advantage: 198.0; avg_entropy: 0.2584504734259099; random_action_prob: 0.2195; random_exploration_count: 34; saved_snapshots: 0
form_subcorp 0.0 44
buy_stock 0.0 24
compensate_employees 0.5 19
liquidate_corp 0.6402439024390244 41
update_start: 27; random_action_prob: 0.2184
update_complete: 27; loss: 0.09291796882947286; cumulative_reward: 47.0; invalid_count: 0; positive_reward_count: 48; success_count: 24; episode_count: 29; dead_end_count: 4; best_tax_advantage: 198.0; avg_entropy: 0.19001364521682262; random_action_prob: 0.2184; random_exploration_count: 31; saved_snapshots: 0
form_subcorp 0.0 38
buy_stock 0.0 29
compensate_employees 0.5 24
liquidate_corp 0.9459459459459459 37
update_start: 28; random_action_prob: 0.2173
update_complete: 28; loss: 0.05582040175795555; cumulative_reward: 47.65909090909091; invalid_count: 0; positive_reward_count: 51; success_count: 24; episode_count: 27; dead_end_count: 3; best_tax_advantage: 198.0; avg_entropy: 0.17109515311312862; random_action_prob: 0.2173; random_exploration_count: 31; saved_snapshots: 0
form_subcorp 0.0 37
buy_stock 0.0 28
compensate_employees 0.45959595959595956 27
liquidate_corp 0.9791666666666666 36
update_start: 29; random_action_prob: 0.2162
update_complete: 29; loss: 0.05091460173328718; cumulative_reward: 44.409090909090914; invalid_count: 0; positive_reward_count: 55; success_count: 22; episode_count: 28; dead_end_count: 6; best_tax_advantage: 198.0; avg_entropy: 0.20315493903763127; random_action_prob: 0.2162; random_exploration_count: 20; saved_snapshots: 0
form_subcorp 0.0 35
buy_stock 0.0 28
compensate_employees 0.38563049853372433 31
liquidate_corp 0.9545454545454545 34
update_start: 30; random_action_prob: 0.2151
update_complete: 30; loss: 0.02189319518705209; cumulative_reward: 50.381313131313135; invalid_count: 0; positive_reward_count: 57; success_count: 25; episode_count: 27; dead_end_count: 1; best_tax_advantage: 198.0; avg_entropy: 0.21365332281857263; random_action_prob: 0.2151; random_exploration_count: 24; saved_snapshots: 0
form_subcorp 0.0 35
buy_stock 0.0 28
compensate_employees 0.41035353535353536 32
liquidate_corp 1.128787878787879 33
update_start: 31; random_action_prob: 0.2140
update_complete: 31; loss: 0.03183853502074877; cumulative_reward: 47.79292929292929; invalid_count: 0; positive_reward_count: 58; success_count: 24; episode_count: 30; dead_end_count: 6; best_tax_advantage: 198.0; avg_entropy: 0.14363029663218185; random_action_prob: 0.2140; random_exploration_count: 23; saved_snapshots: 0
form_subcorp 0.0 33
buy_stock 0.0 31
compensate_employees 0.3952020202020202 32
liquidate_corp 1.09832702020202 32
update_start: 32; random_action_prob: 0.2130
update_complete: 32; loss: 0.02974858507514; cumulative_reward: 44.30303030303032; invalid_count: 0; positive_reward_count: 61; success_count: 22; episode_count: 29; dead_end_count: 4; best_tax_advantage: 198.0; avg_entropy: 0.22704068631719565; random_action_prob: 0.2130; random_exploration_count: 30; saved_snapshots: 0
form_subcorp 0.0 32
buy_stock 0.0 29
compensate_employees 0.31274281274281274 39
liquidate_corp 1.1466450216450217 28
update_start: 33; random_action_prob: 0.2119
update_complete: 33; loss: 0.0459806260963281; cumulative_reward: 49.89646464646464; invalid_count: 0; positive_reward_count: 56; success_count: 25; episode_count: 30; dead_end_count: 5; best_tax_advantage: 198.0; avg_entropy: 0.12116984153180965; random_action_prob: 0.2119; random_exploration_count: 24; saved_snapshots: 0
form_subcorp 0.0 34
buy_stock 0.0 31
compensate_employees 0.4441077441077441 30
liquidate_corp 1.1082797673706766 33
update_start: 34; random_action_prob: 0.2108
update_complete: 34; loss: 0.05914818371335665; cumulative_reward: 43.8989898989899; invalid_count: 0; positive_reward_count: 62; success_count: 22; episode_count: 29; dead_end_count: 4; best_tax_advantage: 198.0; avg_entropy: 0.19029629369470058; random_action_prob: 0.2108; random_exploration_count: 26; saved_snapshots: 0
form_subcorp 0.0 31
buy_stock 0.0 30
compensate_employees 0.2974747474747475 40
liquidate_corp 1.1851851851851851 27
update_start: 35; random_action_prob: 0.2098
update_complete: 35; loss: 0.07473033169905345; cumulative_reward: 56.54797979797979; invalid_count: 0; positive_reward_count: 58; success_count: 28; episode_count: 29; dead_end_count: 1; best_tax_advantage: 198.0; avg_entropy: 0.10544860757363494; random_action_prob: 0.2098; random_exploration_count: 21; saved_snapshots: 0
form_subcorp 0.0 35
buy_stock 0.0 29
compensate_employees 0.49651689306861724 29
liquidate_corp 1.2042568542568541 35
update_start: 36; random_action_prob: 0.2087
update_complete: 36; loss: 0.04678441832462946; cumulative_reward: 49.863636363636374; invalid_count: 0; positive_reward_count: 62; success_count: 25; episode_count: 29; dead_end_count: 2; best_tax_advantage: 198.0; avg_entropy: 0.1381511467643577; random_action_prob: 0.2087; random_exploration_count: 29; saved_snapshots: 0
form_subcorp 0.0 32
buy_stock 0.0 29
compensate_employees 0.3476658476658477 37
liquidate_corp 1.2333333333333334 30
update_start: 37; random_action_prob: 0.2077
update_complete: 37; loss: 0.045728832483291626; cumulative_reward: 44.51262626262627; invalid_count: 0; positive_reward_count: 57; success_count: 22; episode_count: 29; dead_end_count: 5; best_tax_advantage: 198.0; avg_entropy: 0.12705414566153195; random_action_prob: 0.2077; random_exploration_count: 26; saved_snapshots: 0
form_subcorp 0.0 33
buy_stock 0.0 30
compensate_employees 0.3630421865715983 34
liquidate_corp 1.0377158683610295 31
update_start: 38; random_action_prob: 0.2066
update_complete: 38; loss: 0.044457455476125084; cumulative_reward: 50.66666666666666; invalid_count: 0; positive_reward_count: 61; success_count: 25; episode_count: 30; dead_end_count: 4; best_tax_advantage: 198.0; avg_entropy: 0.14701344702552888; random_action_prob: 0.2066; random_exploration_count: 26; saved_snapshots: 0
form_subcorp 0.0 32
buy_stock 0.0 30
compensate_employees 0.39215686274509803 34
liquidate_corp 1.1666666666666667 32
update_start: 39; random_action_prob: 0.2056
update_complete: 39; loss: 0.02559680553774039; cumulative_reward: 41.73989898989899; invalid_count: 0; positive_reward_count: 56; success_count: 21; episode_count: 28; dead_end_count: 5; best_tax_advantage: 198.0; avg_entropy: 0.18318132572676404; random_action_prob: 0.2056; random_exploration_count: 29; saved_snapshots: 0
form_subcorp 0.0 34
buy_stock 0.0 28
compensate_employees 0.3253119429590018 34
liquidate_corp 0.9587279040404041 32
update_start: 40; random_action_prob: 0.2046
update_complete: 40; loss: 0.03597759331266085; cumulative_reward: 49.939393939393945; invalid_count: 0; positive_reward_count: 59; success_count: 25; episode_count: 30; dead_end_count: 4; best_tax_advantage: 198.0; avg_entropy: 0.16056995078906766; random_action_prob: 0.2046; random_exploration_count: 16; saved_snapshots: 0
form_subcorp 0.0 33
buy_stock 0.0 30
compensate_employees 0.39501071319253134 33
liquidate_corp 1.1532512626262625 32
update_start: 41; random_action_prob: 0.2036
update_complete: 41; loss: 0.07091535006960233; cumulative_reward: 39.76262626262626; invalid_count: 0; positive_reward_count: 52; success_count: 20; episode_count: 24; dead_end_count: 2; best_tax_advantage: 198.0; avg_entropy: 0.2304239723671344; random_action_prob: 0.2036; random_exploration_count: 25; saved_snapshots: 0
form_subcorp 0.0 37
buy_stock 0.0 25
compensate_employees 0.3207070707070707 32
liquidate_corp 0.8676470588235294 34
update_start: 42; random_action_prob: 0.2025
update_complete: 42; loss: 0.11756850530703862; cumulative_reward: 27.25; invalid_count: 0; positive_reward_count: 28; success_count: 14; episode_count: 22; dead_end_count: 3; best_tax_advantage: 198.0; avg_entropy: 0.2853262096614344; random_action_prob: 0.2025; random_exploration_count: 28; saved_snapshots: 0
form_subcorp 0.0 49
buy_stock 0.0 20
compensate_employees 0.5 14
liquidate_corp 0.45 45
update_start: 43; random_action_prob: 0.2015
update_complete: 43; loss: 0.0829094909131527; cumulative_reward: 26.174242424242426; invalid_count: 0; positive_reward_count: 32; success_count: 13; episode_count: 20; dead_end_count: 1; best_tax_advantage: 198.0; avg_entropy: 0.2734405850642361; random_action_prob: 0.2015; random_exploration_count: 21; saved_snapshots: 0
form_subcorp 0.0 48
buy_stock 0.0 18
compensate_employees 0.36443381180223283 19
liquidate_corp 0.4476744186046512 43
update_start: 44; random_action_prob: 0.2005
update_complete: 44; loss: 0.04390439515312513; cumulative_reward: 39.87626262626263; invalid_count: 0; positive_reward_count: 46; success_count: 20; episode_count: 26; dead_end_count: 3; best_tax_advantage: 198.0; avg_entropy: 0.26244002440944314; random_action_prob: 0.2005; random_exploration_count: 26; saved_snapshots: 0
form_subcorp 0.0 40
buy_stock 0.0 25
compensate_employees 0.4087024087024087 26
liquidate_corp 0.7905405405405406 37
update_start: 45; random_action_prob: 0.1995
update_complete: 45; loss: 0.02907537731031577; cumulative_reward: 41.67424242424242; invalid_count: 0; positive_reward_count: 48; success_count: 21; episode_count: 25; dead_end_count: 3; best_tax_advantage: 198.0; avg_entropy: 0.25389976276710513; random_action_prob: 0.1995; random_exploration_count: 21; saved_snapshots: 0
form_subcorp 0.0 39
buy_stock 0.0 25
compensate_employees 0.4046015712682379 27
liquidate_corp 0.831081081081081 37
update_start: 46; random_action_prob: 0.1985
update_complete: 46; loss: 0.005936912881831328; cumulative_reward: 45.5; invalid_count: 0; positive_reward_count: 46; success_count: 23; episode_count: 25; dead_end_count: 2; best_tax_advantage: 198.0; avg_entropy: 0.23456744355644332; random_action_prob: 0.1985; random_exploration_count: 30; saved_snapshots: 0
form_subcorp 0.0 40
buy_stock 0.0 25
compensate_employees 0.5 23
liquidate_corp 0.85 40
update_start: 47; random_action_prob: 0.1975
update_complete: 47; loss: 0.03756444280346235; cumulative_reward: 45.26010101010101; invalid_count: 0; positive_reward_count: 47; success_count: 23; episode_count: 27; dead_end_count: 3; best_tax_advantage: 198.0; avg_entropy: 0.192215220133221; random_action_prob: 0.1975; random_exploration_count: 21; saved_snapshots: 0
form_subcorp 0.0 39
buy_stock 0.0 27
compensate_employees 0.4793771043771044 24
liquidate_corp 0.888290802764487 38
update_start: 48; random_action_prob: 0.1965
update_complete: 48; loss: 0.03164701536297798; cumulative_reward: 43.56818181818182; invalid_count: 0; positive_reward_count: 48; success_count: 22; episode_count: 28; dead_end_count: 5; best_tax_advantage: 198.0; avg_entropy: 0.18767837025006884; random_action_prob: 0.1965; random_exploration_count: 31; saved_snapshots: 0
form_subcorp 0.0 38
buy_stock 0.0 29
compensate_employees 0.4563636363636363 25
liquidate_corp 0.8933080808080808 36
update_start: 49; random_action_prob: 0.1956
update_complete: 49; loss: 0.05729807292421659; cumulative_reward: 39.64898989898991; invalid_count: 0; positive_reward_count: 52; success_count: 20; episode_count: 27; dead_end_count: 5; best_tax_advantage: 198.0; avg_entropy: 0.24671468090673443; random_action_prob: 0.1956; random_exploration_count: 36; saved_snapshots: 0
form_subcorp 0.0 36
buy_stock 0.0 27
compensate_employees 0.34066471163245354 31
liquidate_corp 0.8555407011289364 34
update_start: 50; random_action_prob: 0.1946
update_complete: 50; loss: 0.029666541144251823; cumulative_reward: 49.55808080808081; invalid_count: 0; positive_reward_count: 53; success_count: 25; episode_count: 30; dead_end_count: 5; best_tax_advantage: 198.0; avg_entropy: 0.16445294431468938; random_action_prob: 0.1946; random_exploration_count: 26; saved_snapshots: 0
form_subcorp 0.0 36
buy_stock 0.0 30
compensate_employees 0.47792742237186686 27
liquidate_corp 1.047258297258297 35
update_start: 51; random_action_prob: 0.1936
update_complete: 51; loss: 0.01945155921081702; cumulative_reward: 44.91919191919192; invalid_count: 0; positive_reward_count: 62; success_count: 22; episode_count: 28; dead_end_count: 4; best_tax_advantage: 198.0; avg_entropy: 0.2818918026678148; random_action_prob: 0.1936; random_exploration_count: 23; saved_snapshots: 0
form_subcorp 0.0 32
buy_stock 0.0 28
compensate_employees 0.3176638176638177 39
liquidate_corp 1.1217345872518287 29
update_start: 52; random_action_prob: 0.1926
update_complete: 52; loss: 0.021991162250439327; cumulative_reward: 48.148989898989896; invalid_count: 0; positive_reward_count: 49; success_count: 24; episode_count: 26; dead_end_count: 1; best_tax_advantage: 198.0; avg_entropy: 0.2420625819831912; random_action_prob: 0.1926; random_exploration_count: 21; saved_snapshots: 0
form_subcorp 0.0 39
buy_stock 0.0 27
compensate_employees 0.495959595959596 25
liquidate_corp 0.9662162162162162 37
update_start: 53; random_action_prob: 0.1917
update_complete: 53; loss: 0.0035939879405001798; cumulative_reward: 46.73232323232323; invalid_count: 0; positive_reward_count: 54; success_count: 23; episode_count: 26; dead_end_count: 2; best_tax_advantage: 198.0; avg_entropy: 0.23443339320692758; random_action_prob: 0.1917; random_exploration_count: 22; saved_snapshots: 0
form_subcorp 0.0 37
buy_stock 0.0 26
compensate_employees 0.4107744107744108 30
liquidate_corp 0.9831168831168831 35
update_start: 54; random_action_prob: 0.1907
update_complete: 54; loss: -0.0019273424210647743; cumulative_reward: 47.426767676767696; invalid_count: 0; positive_reward_count: 62; success_count: 23; episode_count: 26; dead_end_count: 1; best_tax_advantage: 198.0; avg_entropy: 0.23693894767347956; random_action_prob: 0.1907; random_exploration_count: 29; saved_snapshots: 0
form_subcorp 0.0 33
buy_stock 0.0 26
compensate_employees 0.33599149388623073 38
liquidate_corp 1.1180351906158357 31
update_start: 55; random_action_prob: 0.1898
update_complete: 55; loss: 0.0021170064186056456; cumulative_reward: 41.027777777777786; invalid_count: 0; positive_reward_count: 55; success_count: 20; episode_count: 23; dead_end_count: 1; best_tax_advantage: 198.0; avg_entropy: 0.2561553639407066; random_action_prob: 0.1898; random_exploration_count: 26; saved_snapshots: 0
form_subcorp 0.0 36
buy_stock 0.0 24
compensate_employees 0.32222222222222224 35
liquidate_corp 0.9015151515151515 33
update_start: 56; random_action_prob: 0.1888
update_complete: 56; loss: 0.024723391979932785; cumulative_reward: 29.42676767676768; invalid_count: 0; positive_reward_count: 41; success_count: 14; episode_count: 20; dead_end_count: 3; best_tax_advantage: 198.0; avg_entropy: 0.3023657816229388; random_action_prob: 0.1888; random_exploration_count: 25; saved_snapshots: 0
form_subcorp 0.0 42
buy_stock 0.0 20
compensate_employees 0.3335353535353536 25
liquidate_corp 0.5143508253264351 41
update_start: 57; random_action_prob: 0.1879
update_complete: 57; loss: 0.04379129409790039; cumulative_reward: 32.621212121212125; invalid_count: 0; positive_reward_count: 38; success_count: 16; episode_count: 21; dead_end_count: 2; best_tax_advantage: 198.0; avg_entropy: 0.28124966465657053; random_action_prob: 0.1879; random_exploration_count: 25; saved_snapshots: 0
form_subcorp 0.0 45
buy_stock 0.0 21
compensate_employees 0.4153439153439153 21
liquidate_corp 0.5829021926582902 41
update_start: 58; random_action_prob: 0.1869
update_complete: 58; loss: 0.030732440141340096; cumulative_reward: 48.0479797979798; invalid_count: 0; positive_reward_count: 50; success_count: 24; episode_count: 27; dead_end_count: 3; best_tax_advantage: 198.0; avg_entropy: 0.2190982766715024; random_action_prob: 0.1869; random_exploration_count: 25; saved_snapshots: 0
form_subcorp 0.0 38
buy_stock 0.0 28
compensate_employees 0.495959595959596 25
liquidate_corp 0.9634862134862134 37
update_start: 59; random_action_prob: 0.1860
update_complete: 59; loss: 0.023870198366542656; cumulative_reward: 45.72222222222223; invalid_count: 0; positive_reward_count: 48; success_count: 23; episode_count: 25; dead_end_count: 2; best_tax_advantage: 198.0; avg_entropy: 0.23866219518822618; random_action_prob: 0.1860; random_exploration_count: 16; saved_snapshots: 0
form_subcorp 0.0 39
buy_stock 0.0 26
compensate_employees 0.46444444444444444 25
liquidate_corp 0.8976608187134504 38
update_start: 60; random_action_prob: 0.1851
update_complete: 60; loss: 0.018524054437875748; cumulative_reward: 46.61616161616162; invalid_count: 0; positive_reward_count: 52; success_count: 23; episode_count: 27; dead_end_count: 4; best_tax_advantage: 198.0; avg_entropy: 0.21375156813155627; random_action_prob: 0.1851; random_exploration_count: 25; saved_snapshots: 0
form_subcorp 0.0 37
buy_stock 0.0 28
compensate_employees 0.4558548447437336 27
liquidate_corp 0.9530022446689114 36
update_start: 61; random_action_prob: 0.1841
update_complete: 61; loss: 0.036371860653162; cumulative_reward: 43.5; invalid_count: 0; positive_reward_count: 44; success_count: 22; episode_count: 24; dead_end_count: 2; best_tax_advantage: 198.0; avg_entropy: 0.20519541804969776; random_action_prob: 0.1841; random_exploration_count: 27; saved_snapshots: 0
form_subcorp 0.0 41
buy_stock 0.0 24
compensate_employees 0.5 22
liquidate_corp 0.7926829268292683 41
update_start: 62; random_action_prob: 0.1832
update_complete: 62; loss: 0.02632095416386922; cumulative_reward: 40.05808080808081; invalid_count: 0; positive_reward_count: 43; success_count: 20; episode_count: 25; dead_end_count: 3; best_tax_advantage: 198.0; avg_entropy: 0.22824965935251385; random_action_prob: 0.1832; random_exploration_count: 26; saved_snapshots: 0
form_subcorp 0.0 42
buy_stock 0.0 25
compensate_employees 0.472910927456382 22
liquidate_corp 0.7603600103600103 39
update_start: 63; random_action_prob: 0.1823
update_complete: 63; loss: 0.0852846975127856; cumulative_reward: 47.482323232323225; invalid_count: 0; positive_reward_count: 56; success_count: 23; episode_count: 25; dead_end_count: 1; best_tax_advantage: 198.0; avg_entropy: 0.23113870818269788; random_action_prob: 0.1823; random_exploration_count: 16; saved_snapshots: 0
form_subcorp 0.0 36
buy_stock 0.0 26
compensate_employees 0.4008838383838384 32
liquidate_corp 1.0192364824717766 34
update_start: 64; random_action_prob: 0.1814
update_complete: 64; loss: 0.04168819015224775; cumulative_reward: 37.86868686868689; invalid_count: 0; positive_reward_count: 50; success_count: 19; episode_count: 25; dead_end_count: 4; best_tax_advantage: 198.0; avg_entropy: 0.2948443672939902; random_action_prob: 0.1814; random_exploration_count: 26; saved_snapshots: 0
form_subcorp 0.0 37
buy_stock 0.0 25
compensate_employees 0.33447376995764094 31
liquidate_corp 0.7857142857142857 35
update_start: 65; random_action_prob: 0.1805
update_complete: 65; loss: 0.03840815524260203; cumulative_reward: 44.38636363636365; invalid_count: 0; positive_reward_count: 49; success_count: 22; episode_count: 26; dead_end_count: 3; best_tax_advantage: 198.0; avg_entropy: 0.22268435091427818; random_action_prob: 0.1805; random_exploration_count: 21; saved_snapshots: 0
form_subcorp 0.0 38
buy_stock 0.0 27
compensate_employees 0.45454545454545453 26
liquidate_corp 0.8802211302211302 37
update_start: 66; random_action_prob: 0.1796
update_complete: 66; loss: 0.019500349648296833; cumulative_reward: 43.5909090909091; invalid_count: 0; positive_reward_count: 54; success_count: 21; episode_count: 25; dead_end_count: 2; best_tax_advantage: 198.0; avg_entropy: 0.30480229546810733; random_action_prob: 0.1796; random_exploration_count: 35; saved_snapshots: 0
form_subcorp 0.0 37
buy_stock 0.0 25
compensate_employees 0.38484848484848483 30
liquidate_corp 0.8901515151515151 36
update_start: 67; random_action_prob: 0.1787
update_complete: 67; loss: 0.018460200168192387; cumulative_reward: 47.7979797979798; invalid_count: 0; positive_reward_count: 50; success_count: 24; episode_count: 28; dead_end_count: 4; best_tax_advantage: 198.0; avg_entropy: 0.22580146517429966; random_action_prob: 0.1787; random_exploration_count: 28; saved_snapshots: 0
form_subcorp 0.0 38
buy_stock 0.0 28
compensate_employees 0.495959595959596 25
liquidate_corp 0.9567294567294566 37
update_start: 68; random_action_prob: 0.1778
update_complete: 68; loss: 0.036931139727433525; cumulative_reward: 34.17424242424242; invalid_count: 0; positive_reward_count: 39; success_count: 17; episode_count: 22; dead_end_count: 1; best_tax_advantage: 198.0; avg_entropy: 0.2647448993884609; random_action_prob: 0.1778; random_exploration_count: 26; saved_snapshots: 0
form_subcorp 0.0 44
buy_stock 0.0 22
compensate_employees 0.40541781450872355 22
liquidate_corp 0.6313762626262627 40
update_start: 69; random_action_prob: 0.1769
update_complete: 69; loss: 0.02834343413511912; cumulative_reward: 37.5479797979798; invalid_count: 0; positive_reward_count: 40; success_count: 19; episode_count: 25; dead_end_count: 5; best_tax_advantage: 198.0; avg_entropy: 0.2502215048407379; random_action_prob: 0.1769; random_exploration_count: 28; saved_snapshots: 0
form_subcorp 0.0 42
buy_stock 0.0 26
compensate_employees 0.494949494949495 20
liquidate_corp 0.6912247474747475 40
update_start: 70; random_action_prob: 0.1760
update_complete: 70; loss: 0.013832680260141691; cumulative_reward: 40.825757575757585; invalid_count: 0; positive_reward_count: 54; success_count: 20; episode_count: 25; dead_end_count: 3; best_tax_advantage: 198.0; avg_entropy: 0.2935372889332939; random_action_prob: 0.1760; random_exploration_count: 26; saved_snapshots: 0
form_subcorp 0.0 36
buy_stock 0.0 25
compensate_employees 0.33838383838383834 33
liquidate_corp 0.8723262032085561 34
update_start: 71; random_action_prob: 0.1751
update_complete: 71; loss: 0.0048836081599195795; cumulative_reward: 45.10858585858587; invalid_count: 0; positive_reward_count: 57; success_count: 22; episode_count: 25; dead_end_count: 1; best_tax_advantage: 198.0; avg_entropy: 0.2419932222328498; random_action_prob: 0.1751; random_exploration_count: 22; saved_snapshots: 0
form_subcorp 0.0 35
buy_stock 0.0 26
compensate_employees 0.3531024531024531 35
liquidate_corp 1.0234375 32
update_start: 72; random_action_prob: 0.1743
update_complete: 72; loss: 0.04614560926953951; cumulative_reward: 41.90656565656566; invalid_count: 0; positive_reward_count: 49; success_count: 21; episode_count: 25; dead_end_count: 3; best_tax_advantage: 198.0; avg_entropy: 0.22762425125438313; random_action_prob: 0.1743; random_exploration_count: 24; saved_snapshots: 0
form_subcorp 0.0 38
buy_stock 0.0 26
compensate_employees 0.39430014430014426 28
liquidate_corp 0.8573933782267116 36
update_start: 73; random_action_prob: 0.1734
update_complete: 73; loss: 0.025951428959767025; cumulative_reward: 39.69444444444444; invalid_count: 0; positive_reward_count: 50; success_count: 20; episode_count: 26; dead_end_count: 3; best_tax_advantage: 198.0; avg_entropy: 0.2313255282715545; random_action_prob: 0.1734; random_exploration_count: 26; saved_snapshots: 0
form_subcorp 0.0 38
buy_stock 0.0 26
compensate_employees 0.34814814814814815 30
liquidate_corp 0.8602941176470589 34
update_start: 74; random_action_prob: 0.1725
update_complete: 74; loss: 0.02255595289170742; cumulative_reward: 48.04545454545455; invalid_count: 0; positive_reward_count: 56; success_count: 24; episode_count: 28; dead_end_count: 2; best_tax_advantage: 198.0; avg_entropy: 0.2140373177408037; random_action_prob: 0.1725; random_exploration_count: 27; saved_snapshots: 0
form_subcorp 0.0 35
buy_stock 0.0 29
compensate_employees 0.39204545454545453 32
liquidate_corp 1.109375 32
update_start: 75; random_action_prob: 0.1717
update_complete: 75; loss: 0.03699203332265218; cumulative_reward: 38.59090909090909; invalid_count: 0; positive_reward_count: 49; success_count: 19; episode_count: 25; dead_end_count: 4; best_tax_advantage: 198.0; avg_entropy: 0.21768378343585937; random_action_prob: 0.1717; random_exploration_count: 25; saved_snapshots: 0
form_subcorp 0.0 38
buy_stock 0.0 26
compensate_employees 0.3766233766233766 28
liquidate_corp 0.7790404040404041 36
update_start: 76; random_action_prob: 0.1708
update_complete: 76; loss: 0.04804850990573565; cumulative_reward: 51.73232323232323; invalid_count: 0; positive_reward_count: 58; success_count: 26; episode_count: 29; dead_end_count: 2; best_tax_advantage: 198.0; avg_entropy: 0.15518786881511915; random_action_prob: 0.1708; random_exploration_count: 19; saved_snapshots: 0
form_subcorp 0.0 34
buy_stock 0.0 29
compensate_employees 0.413510101010101 32
liquidate_corp 1.1666666666666667 33
update_start: 77; random_action_prob: 0.1699
update_complete: 77; loss: 0.056729781130949654; cumulative_reward: 39.851010101010104; invalid_count: 0; positive_reward_count: 60; success_count: 19; episode_count: 27; dead_end_count: 5; best_tax_advantage: 198.0; avg_entropy: 0.2788551065023057; random_action_prob: 0.1699; random_exploration_count: 29; saved_snapshots: 0
form_subcorp 0.0 33
buy_stock 0.0 27
compensate_employees 0.2993088782562467 38
liquidate_corp 0.9492424242424242 30
update_start: 78; random_action_prob: 0.1691
update_complete: 78; loss: 0.029690484205881756; cumulative_reward: 40.606060606060616; invalid_count: 0; positive_reward_count: 59; success_count: 20; episode_count: 28; dead_end_count: 6; best_tax_advantage: 198.0; avg_entropy: 0.2178564707573969; random_action_prob: 0.1691; random_exploration_count: 21; saved_snapshots: 0
form_subcorp 0.0 32
buy_stock 0.0 29
compensate_employees 0.30462519936204147 38
liquidate_corp 1.0010449320794148 29
update_start: 79; random_action_prob: 0.1683
update_complete: 79; loss: 0.0383466761559248; cumulative_reward: 54.53030303030303; invalid_count: 0; positive_reward_count: 62; success_count: 27; episode_count: 30; dead_end_count: 2; best_tax_advantage: 198.0; avg_entropy: 0.13668588861037279; random_action_prob: 0.1683; random_exploration_count: 22; saved_snapshots: 0
form_subcorp 0.0 33
buy_stock 0.0 30
compensate_employees 0.4156268568033274 34
liquidate_corp 1.3031932225480611 31
update_start: 80; random_action_prob: 0.1674
update_complete: 80; loss: 0.06030834838747978; cumulative_reward: 49.76262626262627; invalid_count: 0; positive_reward_count: 62; success_count: 25; episode_count: 29; dead_end_count: 2; best_tax_advantage: 198.0; avg_entropy: 0.12815725914333598; random_action_prob: 0.1674; random_exploration_count: 15; saved_snapshots: 0
form_subcorp 0.0 32
buy_stock 0.0 29
compensate_employees 0.34493584493584495 37
liquidate_corp 1.2333333333333334 30
update_start: 81; random_action_prob: 0.1666
update_complete: 81; loss: 0.06364019960165024; cumulative_reward: 49.25252525252525; invalid_count: 0; positive_reward_count: 56; success_count: 25; episode_count: 30; dead_end_count: 4; best_tax_advantage: 198.0; avg_entropy: 0.11563448499691731; random_action_prob: 0.1666; random_exploration_count: 18; saved_snapshots: 0
form_subcorp 0.0 34
buy_stock 0.0 31
compensate_employees 0.4208754208754209 30
liquidate_corp 1.1098867462503825 33
update_start: 82; random_action_prob: 0.1657
update_complete: 82; loss: 0.05185510839025179; cumulative_reward: 45.48232323232323; invalid_count: 0; positive_reward_count: 53; success_count: 23; episode_count: 29; dead_end_count: 5; best_tax_advantage: 198.0; avg_entropy: 0.14828325709459023; random_action_prob: 0.1657; random_exploration_count: 25; saved_snapshots: 0
form_subcorp 0.0 35
buy_stock 0.0 30
compensate_employees 0.40774410774410774 30
liquidate_corp 1.0075757575757576 33
update_start: 83; random_action_prob: 0.1649
update_complete: 83; loss: 0.027613465984662373; cumulative_reward: 45.315656565656575; invalid_count: 0; positive_reward_count: 55; success_count: 23; episode_count: 29; dead_end_count: 5; best_tax_advantage: 198.0; avg_entropy: 0.18290358287958952; random_action_prob: 0.1649; random_exploration_count: 23; saved_snapshots: 0
form_subcorp 0.0 34
buy_stock 0.0 30
compensate_employees 0.3734217171717172 32
liquidate_corp 1.0426925505050506 32
update_start: 84; random_action_prob: 0.1641
update_complete: 84; loss: 0.013729633297771215; cumulative_reward: 53.53030303030303; invalid_count: 0; positive_reward_count: 57; success_count: 27; episode_count: 29; dead_end_count: 2; best_tax_advantage: 198.0; avg_entropy: 0.13482242017562385; random_action_prob: 0.1641; random_exploration_count: 12; saved_snapshots: 0
form_subcorp 0.0 35
buy_stock 0.0 29
compensate_employees 0.4505050505050505 30
liquidate_corp 1.1769162210338682 34
update_start: 85; random_action_prob: 0.1633
update_complete: 85; loss: 0.0017192477049926917; cumulative_reward: 51.75; invalid_count: 0; positive_reward_count: 52; success_count: 26; episode_count: 27; dead_end_count: 1; best_tax_advantage: 198.0; avg_entropy: 0.14436181634300738; random_action_prob: 0.1633; random_exploration_count: 15; saved_snapshots: 0
form_subcorp 0.0 38
buy_stock 0.0 27
compensate_employees 0.5 26
liquidate_corp 1.0472972972972974 37
update_start: 86; random_action_prob: 0.1625
update_complete: 86; loss: 0.01787390559911728; cumulative_reward: 53.5; invalid_count: 0; positive_reward_count: 54; success_count: 27; episode_count: 29; dead_end_count: 2; best_tax_advantage: 198.0; avg_entropy: 0.12248874793203868; random_action_prob: 0.1625; random_exploration_count: 15; saved_snapshots: 0
form_subcorp 0.0 36
buy_stock 0.0 30
compensate_employees 0.5 27
liquidate_corp 1.1428571428571428 35
update_start: 87; random_action_prob: 0.1616
update_complete: 87; loss: 0.007740758825093508; cumulative_reward: 52.42424242424242; invalid_count: 0; positive_reward_count: 58; success_count: 26; episode_count: 27; dead_end_count: 0; best_tax_advantage: 198.0; avg_entropy: 0.1621962802237249; random_action_prob: 0.1616; random_exploration_count: 17; saved_snapshots: 0
form_subcorp 0.0 35
buy_stock 0.0 27
compensate_employees 0.41950757575757575 32
liquidate_corp 1.1470588235294117 34
update_start: 88; random_action_prob: 0.1608
update_complete: 88; loss: 0.07173436383406322; cumulative_reward: 40.62878787878788; invalid_count: 0; positive_reward_count: 54; success_count: 20; episode_count: 27; dead_end_count: 5; best_tax_advantage: 198.0; avg_entropy: 0.27398816665845516; random_action_prob: 0.1608; random_exploration_count: 24; saved_snapshots: 0
form_subcorp 0.0 35
buy_stock 0.0 27
compensate_employees 0.3484848484848485 32
liquidate_corp 0.8669786096256684 34
update_start: 89; random_action_prob: 0.1600
update_complete: 89; loss: 0.04599754450221857; cumulative_reward: 51.7979797979798; invalid_count: 0; positive_reward_count: 54; success_count: 26; episode_count: 30; dead_end_count: 4; best_tax_advantage: 198.0; avg_entropy: 0.16805140974429378; random_action_prob: 0.1600; random_exploration_count: 23; saved_snapshots: 0
form_subcorp 0.0 36
buy_stock 0.0 30
compensate_employees 0.49625888514777405 27
liquidate_corp 1.097113997113997 35
update_start: 90; random_action_prob: 0.1592
update_complete: 90; loss: 0.01307685145487388; cumulative_reward: 48.916666666666664; invalid_count: 0; positive_reward_count: 57; success_count: 24; episode_count: 28; dead_end_count: 3; best_tax_advantage: 198.0; avg_entropy: 0.1897047354013921; random_action_prob: 0.1592; random_exploration_count: 16; saved_snapshots: 0
form_subcorp 0.0 35
buy_stock 0.0 28
compensate_employees 0.41397849462365593 31
liquidate_corp 1.0612745098039216 34
update_start: 91; random_action_prob: 0.1584
update_complete: 91; loss: 0.011409180704504251; cumulative_reward: 58.25; invalid_count: 0; positive_reward_count: 59; success_count: 29; episode_count: 30; dead_end_count: 1; best_tax_advantage: 198.0; avg_entropy: 0.07501039810449583; random_action_prob: 0.1584; random_exploration_count: 16; saved_snapshots: 0
form_subcorp 0.0 34
buy_stock 0.0 31
compensate_employees 0.5 30
liquidate_corp 1.3106060606060606 33
update_start: 92; random_action_prob: 0.1576
update_complete: 92; loss: 0.03278760239481926; cumulative_reward: 53.92424242424242; invalid_count: 0; positive_reward_count: 58; success_count: 27; episode_count: 30; dead_end_count: 2; best_tax_advantage: 198.0; avg_entropy: 0.10427923704992281; random_action_prob: 0.1576; random_exploration_count: 15; saved_snapshots: 0
form_subcorp 0.0 34
buy_stock 0.0 31
compensate_employees 0.44916911045943303 31
liquidate_corp 1.25 32
update_start: 93; random_action_prob: 0.1569
update_complete: 93; loss: 0.05427843456466993; cumulative_reward: 55.25; invalid_count: 0; positive_reward_count: 56; success_count: 28; episode_count: 31; dead_end_count: 3; best_tax_advantage: 198.0; avg_entropy: 0.09578751831486443; random_action_prob: 0.1569; random_exploration_count: 18; saved_snapshots: 0
form_subcorp 0.0 35
buy_stock 0.0 31
compensate_employees 0.5 28
liquidate_corp 1.213235294117647 34
update_start: 94; random_action_prob: 0.1561
update_complete: 94; loss: 0.024732835590839386; cumulative_reward: 51.90656565656566; invalid_count: 0; positive_reward_count: 60; success_count: 26; episode_count: 30; dead_end_count: 3; best_tax_advantage: 198.0; avg_entropy: 0.14596674385029473; random_action_prob: 0.1561; random_exploration_count: 22; saved_snapshots: 0
form_subcorp 0.0 33
buy_stock 0.0 30
compensate_employees 0.3983957219251337 34
liquidate_corp 1.2374551971326166 31
update_start: 95; random_action_prob: 0.1553
update_complete: 95; loss: 0.0293751060962677; cumulative_reward: 56.7979797979798; invalid_count: 0; positive_reward_count: 59; success_count: 28; episode_count: 30; dead_end_count: 2; best_tax_advantage: 198.0; avg_entropy: 0.09712055811633036; random_action_prob: 0.1553; random_exploration_count: 22; saved_snapshots: 0
form_subcorp 0.0 34
buy_stock 0.0 31
compensate_employees 0.49663299663299665 30
liquidate_corp 1.2696663605754515 33
update_start: 96; random_action_prob: 0.1545
update_complete: 96; loss: 0.02127738545338313; cumulative_reward: 58.25; invalid_count: 0; positive_reward_count: 59; success_count: 29; episode_count: 30; dead_end_count: 1; best_tax_advantage: 198.0; avg_entropy: 0.0908507224812638; random_action_prob: 0.1545; random_exploration_count: 17; saved_snapshots: 0
form_subcorp 0.0 34
buy_stock 0.0 31
compensate_employees 0.5 30
liquidate_corp 1.3106060606060606 33
update_start: 97; random_action_prob: 0.1537
update_complete: 97; loss: 0.05925107126434644; cumulative_reward: 49.43939393939397; invalid_count: 0; positive_reward_count: 65; success_count: 24; episode_count: 28; dead_end_count: 2; best_tax_advantage: 198.0; avg_entropy: 0.17279000852795434; random_action_prob: 0.1537; random_exploration_count: 19; saved_snapshots: 0
form_subcorp 0.0 31
buy_stock 0.0 28
compensate_employees 0.3381248381248381 39
liquidate_corp 1.2084175084175084 30
update_start: 98; random_action_prob: 0.1530
update_complete: 98; loss: 0.0007799000789721807; cumulative_reward: 53.262626262626256; invalid_count: 0; positive_reward_count: 62; success_count: 26; episode_count: 28; dead_end_count: 0; best_tax_advantage: 198.0; avg_entropy: 0.18012643856127397; random_action_prob: 0.1530; random_exploration_count: 18; saved_snapshots: 0
form_subcorp 0.0 33
buy_stock 0.0 29
compensate_employees 0.3955266955266955 35
liquidate_corp 1.271586836102965 31
update_start: 99; random_action_prob: 0.1522
update_complete: 99; loss: 0.004642735856274764; cumulative_reward: 52.39141414141415; invalid_count: 0; positive_reward_count: 60; success_count: 26; episode_count: 30; dead_end_count: 3; best_tax_advantage: 198.0; avg_entropy: 0.15202491230229498; random_action_prob: 0.1522; random_exploration_count: 17; saved_snapshots: 0
form_subcorp 0.0 33
buy_stock 0.0 30
compensate_employees 0.4161310070400979 33
liquidate_corp 1.2080965909090908 32
2026-07-10T18:06:41 completed subsidiary_stock_comp run=7 elapsed_seconds=699.71 updates_logged=100
2026-07-10T18:06:41 running subsidiary_stock_comp run=8 seed=1737
update_start: 0; random_action_prob: 0.2500
update_complete: 0; loss: 1.1857144236564636; cumulative_reward: -0.7777777777777775; invalid_count: 0; positive_reward_count: 10; success_count: 4; episode_count: 40; dead_end_count: 36; best_tax_advantage: 198.0; avg_entropy: 0.27490754902828485; random_action_prob: 0.2500; random_exploration_count: 31; saved_snapshots: 0
form_subcorp 0.0 41
buy_stock 0.0 40
compensate_employees 0.35185185185185186 6
liquidate_corp -0.07046070460704607 41
update_start: 1; random_action_prob: 0.2487
update_complete: 1; loss: 0.5458126266797384; cumulative_reward: 10.34848484848485; invalid_count: 0; positive_reward_count: 38; success_count: 6; episode_count: 31; dead_end_count: 22; best_tax_advantage: 198.0; avg_entropy: 0.46702839888166636; random_action_prob: 0.2487; random_exploration_count: 17; saved_snapshots: 0
form_subcorp 0.0 35
buy_stock 0.0 32
compensate_employees 0.18268895855102754 29
liquidate_corp 0.15782828282828282 32
update_start: 2; random_action_prob: 0.2475
update_complete: 2; loss: 0.15935707837343216; cumulative_reward: 20.83838383838384; invalid_count: 0; positive_reward_count: 46; success_count: 11; episode_count: 27; dead_end_count: 12; best_tax_advantage: 198.0; avg_entropy: 0.45938877675143885; random_action_prob: 0.2475; random_exploration_count: 29; saved_snapshots: 0
form_subcorp 0.0 35
buy_stock 0.0 28
compensate_employees 0.20617944147355913 34
liquidate_corp 0.44607363962202673 31
update_start: 3; random_action_prob: 0.2463
update_complete: 3; loss: 0.08106895536184311; cumulative_reward: 22.73232323232323; invalid_count: 0; positive_reward_count: 41; success_count: 12; episode_count: 29; dead_end_count: 16; best_tax_advantage: 198.0; avg_entropy: 0.4565852405503392; random_action_prob: 0.2463; random_exploration_count: 40; saved_snapshots: 0
form_subcorp 0.0 36
buy_stock 0.0 30
compensate_employees 0.2709235209235209 28
liquidate_corp 0.4454842543077837 34
update_start: 4; random_action_prob: 0.2450
update_complete: 4; loss: 0.10066126783688863; cumulative_reward: 36.656565656565654; invalid_count: 0; positive_reward_count: 50; success_count: 18; episode_count: 30; dead_end_count: 12; best_tax_advantage: 198.0; avg_entropy: 0.3520200954790198; random_action_prob: 0.2450; random_exploration_count: 33; saved_snapshots: 0
form_subcorp 0.0 35
buy_stock 0.0 31
compensate_employees 0.38672438672438675 28
liquidate_corp 0.759655377302436 34
update_start: 5; random_action_prob: 0.2438
update_complete: 5; loss: 0.057398380090792976; cumulative_reward: 44.762626262626256; invalid_count: 0; positive_reward_count: 53; success_count: 22; episode_count: 27; dead_end_count: 4; best_tax_advantage: 198.0; avg_entropy: 0.27860242998031026; random_action_prob: 0.2438; random_exploration_count: 37; saved_snapshots: 0
form_subcorp 0.0 36
buy_stock 0.0 28
compensate_employees 0.4043771043771044 30
liquidate_corp 0.9597445038621508 34
update_start: 6; random_action_prob: 0.2426
update_complete: 6; loss: 0.03299117647111416; cumulative_reward: 39.898989898989896; invalid_count: 0; positive_reward_count: 55; success_count: 20; episode_count: 30; dead_end_count: 8; best_tax_advantage: 198.0; avg_entropy: 0.235030227313473; random_action_prob: 0.2426; random_exploration_count: 29; saved_snapshots: 0
form_subcorp 0.0 33
buy_stock 0.0 31
compensate_employees 0.3315508021390374 34
liquidate_corp 0.9542087542087542 30
update_start: 7; random_action_prob: 0.2414
update_complete: 7; loss: 0.11156267672777176; cumulative_reward: 29.02777777777778; invalid_count: 0; positive_reward_count: 58; success_count: 13; episode_count: 23; dead_end_count: 5; best_tax_advantage: 198.0; avg_entropy: 0.3100909907971072; random_action_prob: 0.2414; random_exploration_count: 33; saved_snapshots: 0
form_subcorp 0.0 33
buy_stock 0.0 24
compensate_employees 0.22679172679172682 42
liquidate_corp 0.6725008707767328 29
update_start: 8; random_action_prob: 0.2402
update_complete: 8; loss: 0.05731018756826719; cumulative_reward: 47.00252525252526; invalid_count: 0; positive_reward_count: 59; success_count: 23; episode_count: 29; dead_end_count: 5; best_tax_advantage: 198.0; avg_entropy: 0.21166181072112522; random_action_prob: 0.2402; random_exploration_count: 31; saved_snapshots: 0
form_subcorp 0.0 33
buy_stock 0.0 30
compensate_employees 0.38086749851455737 34
liquidate_corp 1.0984848484848486 31
update_start: 9; random_action_prob: 0.2390
update_complete: 9; loss: 0.0996476983030637; cumulative_reward: 39.154040404040416; invalid_count: 0; positive_reward_count: 59; success_count: 19; episode_count: 26; dead_end_count: 5; best_tax_advantage: 198.0; avg_entropy: 0.27701893399716937; random_action_prob: 0.2390; random_exploration_count: 33; saved_snapshots: 0
form_subcorp 0.0 33
buy_stock 0.0 27
compensate_employees 0.29160021265284425 38
liquidate_corp 0.9357744107744107 30
update_start: 10; random_action_prob: 0.2378
update_complete: 10; loss: 0.06887612864375114; cumulative_reward: 38.957070707070706; invalid_count: 0; positive_reward_count: 56; success_count: 19; episode_count: 27; dead_end_count: 7; best_tax_advantage: 198.0; avg_entropy: 0.23401554295742244; random_action_prob: 0.2378; random_exploration_count: 36; saved_snapshots: 0
form_subcorp 0.0 34
buy_stock 0.0 28
compensate_employees 0.3253119429590018 34
liquidate_corp 0.8717645202020202 32
update_start: 11; random_action_prob: 0.2366
update_complete: 11; loss: 0.08571059505144756; cumulative_reward: 41.19949494949495; invalid_count: 0; positive_reward_count: 51; success_count: 21; episode_count: 29; dead_end_count: 7; best_tax_advantage: 198.0; avg_entropy: 0.21936542774892587; random_action_prob: 0.2366; random_exploration_count: 37; saved_snapshots: 0
form_subcorp 0.0 36
buy_stock 0.0 29
compensate_employees 0.38052943225357017 29
liquidate_corp 0.8871806298276886 34
update_start: 12; random_action_prob: 0.2354
update_complete: 12; loss: 0.0569731704890728; cumulative_reward: 43.67929292929293; invalid_count: 0; positive_reward_count: 52; success_count: 22; episode_count: 29; dead_end_count: 5; best_tax_advantage: 198.0; avg_entropy: 0.17661535661864036; random_action_prob: 0.2354; random_exploration_count: 28; saved_snapshots: 0
form_subcorp 0.0 36
buy_stock 0.0 30
compensate_employees 0.3975966562173459 29
liquidate_corp 0.9742118151209059 33
update_start: 13; random_action_prob: 0.2342
update_complete: 13; loss: 0.10940473278363545; cumulative_reward: 32.542929292929294; invalid_count: 0; positive_reward_count: 48; success_count: 17; episode_count: 30; dead_end_count: 11; best_tax_advantage: 198.0; avg_entropy: 0.257956665900565; random_action_prob: 0.2342; random_exploration_count: 40; saved_snapshots: 0
form_subcorp 0.0 35
buy_stock 0.0 30
compensate_employees 0.31212121212121213 30
liquidate_corp 0.7024028160391798 33
update_start: 14; random_action_prob: 0.2331
update_complete: 14; loss: 0.057759661227464676; cumulative_reward: 39.209595959595966; invalid_count: 0; positive_reward_count: 59; success_count: 19; episode_count: 28; dead_end_count: 7; best_tax_advantage: 198.0; avg_entropy: 0.2546532769956684; random_action_prob: 0.2331; random_exploration_count: 29; saved_snapshots: 0
form_subcorp 0.0 32
buy_stock 0.0 28
compensate_employees 0.30499438832772163 36
liquidate_corp 0.8821811868686869 32
update_start: 15; random_action_prob: 0.2319
update_complete: 15; loss: 0.08784154057502747; cumulative_reward: 50.75; invalid_count: 0; positive_reward_count: 52; success_count: 26; episode_count: 31; dead_end_count: 5; best_tax_advantage: 198.0; avg_entropy: 0.11241247169164126; random_action_prob: 0.2319; random_exploration_count: 32; saved_snapshots: 0
form_subcorp 0.0 36
buy_stock 0.0 31
compensate_employees 0.5 26
liquidate_corp 1.0785714285714285 35
update_start: 16; random_action_prob: 0.2307
update_complete: 16; loss: 0.047055127720038094; cumulative_reward: 55.25; invalid_count: 0; positive_reward_count: 56; success_count: 28; episode_count: 31; dead_end_count: 3; best_tax_advantage: 198.0; avg_entropy: 0.05272757985221688; random_action_prob: 0.2307; random_exploration_count: 24; saved_snapshots: 0
form_subcorp 0.0 35
buy_stock 0.0 31
compensate_employees 0.5 28
liquidate_corp 1.213235294117647 34
update_start: 17; random_action_prob: 0.2296
update_complete: 17; loss: 0.06622837856411934; cumulative_reward: 47.14646464646465; invalid_count: 0; positive_reward_count: 55; success_count: 24; episode_count: 31; dead_end_count: 6; best_tax_advantage: 198.0; avg_entropy: 0.1607645056064939; random_action_prob: 0.2296; random_exploration_count: 27; saved_snapshots: 0
form_subcorp 0.0 34
buy_stock 0.0 31
compensate_employees 0.4045291625936787 31
liquidate_corp 1.081439393939394 32
update_start: 18; random_action_prob: 0.2284
update_complete: 18; loss: 0.038157661134998; cumulative_reward: 51.67424242424242; invalid_count: 0; positive_reward_count: 58; success_count: 26; episode_count: 30; dead_end_count: 3; best_tax_advantage: 198.0; avg_entropy: 0.16207010968355462; random_action_prob: 0.2284; random_exploration_count: 29; saved_snapshots: 0
form_subcorp 0.0 34
buy_stock 0.0 30
compensate_employees 0.41950757575757575 32
liquidate_corp 1.1953125 32
update_start: 19; random_action_prob: 0.2273
update_complete: 19; loss: 0.046191362043221794; cumulative_reward: 43.76262626262626; invalid_count: 0; positive_reward_count: 55; success_count: 22; episode_count: 29; dead_end_count: 6; best_tax_advantage: 198.0; avg_entropy: 0.15835597303521354; random_action_prob: 0.2273; random_exploration_count: 32; saved_snapshots: 0
form_subcorp 0.0 34
buy_stock 0.0 30
compensate_employees 0.3702651515151515 32
liquidate_corp 0.9973169191919192 32
update_start: 20; random_action_prob: 0.2262
update_complete: 20; loss: 0.02786421279112498; cumulative_reward: 50.07828282828283; invalid_count: 0; positive_reward_count: 56; success_count: 25; episode_count: 30; dead_end_count: 5; best_tax_advantage: 198.0; avg_entropy: 0.12657175930507947; random_action_prob: 0.2262; random_exploration_count: 17; saved_snapshots: 0
form_subcorp 0.0 34
buy_stock 0.0 31
compensate_employees 0.4471380471380471 30
liquidate_corp 1.1110345883073156 33
update_start: 21; random_action_prob: 0.2250
update_complete: 21; loss: 0.10470344126224518; cumulative_reward: 46.727272727272734; invalid_count: 0; positive_reward_count: 61; success_count: 23; episode_count: 29; dead_end_count: 4; best_tax_advantage: 198.0; avg_entropy: 0.20714838583080564; random_action_prob: 0.2250; random_exploration_count: 27; saved_snapshots: 0
form_subcorp 0.0 32
buy_stock 0.0 29
compensate_employees 0.34002184002184005 37
liquidate_corp 1.138215488215488 30
update_start: 22; random_action_prob: 0.2239
update_complete: 22; loss: 0.06570194785793622; cumulative_reward: 42.80050505050505; invalid_count: 0; positive_reward_count: 62; success_count: 21; episode_count: 29; dead_end_count: 5; best_tax_advantage: 198.0; avg_entropy: 0.21762763895094395; random_action_prob: 0.2239; random_exploration_count: 28; saved_snapshots: 0
form_subcorp 0.0 31
buy_stock 0.0 29
compensate_employees 0.29772727272727273 40
liquidate_corp 1.1032647907647908 28
update_start: 23; random_action_prob: 0.2228
update_complete: 23; loss: 0.03493548432985941; cumulative_reward: 50.57323232323232; invalid_count: 0; positive_reward_count: 57; success_count: 25; episode_count: 28; dead_end_count: 1; best_tax_advantage: 198.0; avg_entropy: 0.1609232589689782; random_action_prob: 0.2228; random_exploration_count: 33; saved_snapshots: 0
form_subcorp 0.0 35
buy_stock 0.0 29
compensate_employees 0.4163510101010101 32
liquidate_corp 1.1640625 32
update_start: 24; random_action_prob: 0.2217
update_complete: 24; loss: 0.061530561496814094; cumulative_reward: 56.598484848484844; invalid_count: 0; positive_reward_count: 61; success_count: 28; episode_count: 29; dead_end_count: 1; best_tax_advantage: 198.0; avg_entropy: 0.11451156827388331; random_action_prob: 0.2217; random_exploration_count: 21; saved_snapshots: 0
form_subcorp 0.0 34
buy_stock 0.0 29
compensate_employees 0.45075757575757575 32
liquidate_corp 1.2780073461891643 33
update_start: 25; random_action_prob: 0.2206
update_complete: 25; loss: 0.06029031922419866; cumulative_reward: 40.22727272727272; invalid_count: 0; positive_reward_count: 57; success_count: 20; episode_count: 28; dead_end_count: 6; best_tax_advantage: 198.0; avg_entropy: 0.26900943621149054; random_action_prob: 0.2206; random_exploration_count: 33; saved_snapshots: 0
form_subcorp 0.0 33
buy_stock 0.0 28
compensate_employees 0.30535080535080533 37
liquidate_corp 0.9643097643097643 30
update_start: 26; random_action_prob: 0.2195
update_complete: 26; loss: 0.06268829603989919; cumulative_reward: 43.95454545454547; invalid_count: 0; positive_reward_count: 52; success_count: 22; episode_count: 28; dead_end_count: 6; best_tax_advantage: 198.0; avg_entropy: 0.26784773796680383; random_action_prob: 0.2195; random_exploration_count: 24; saved_snapshots: 0
form_subcorp 0.0 36
buy_stock 0.0 28
compensate_employees 0.41883116883116883 28
liquidate_corp 0.8952020202020202 36
update_start: 27; random_action_prob: 0.2184
update_complete: 27; loss: 0.022607389216621716; cumulative_reward: 45.5; invalid_count: 0; positive_reward_count: 46; success_count: 23; episode_count: 25; dead_end_count: 2; best_tax_advantage: 198.0; avg_entropy: 0.20971816319070058; random_action_prob: 0.2184; random_exploration_count: 31; saved_snapshots: 0
form_subcorp 0.0 40
buy_stock 0.0 26
compensate_employees 0.5 23
liquidate_corp 0.8717948717948718 39
update_start: 28; random_action_prob: 0.2173
update_complete: 28; loss: 0.06982453788320224; cumulative_reward: 31.732323232323232; invalid_count: 0; positive_reward_count: 38; success_count: 16; episode_count: 22; dead_end_count: 2; best_tax_advantage: 198.0; avg_entropy: 0.3202321938588284; random_action_prob: 0.2173; random_exploration_count: 27; saved_snapshots: 0
form_subcorp 0.0 44
buy_stock 0.0 20
compensate_employees 0.3741965105601469 22
liquidate_corp 0.5595238095238095 42
update_start: 29; random_action_prob: 0.2162
update_complete: 29; loss: 0.0556387814382712; cumulative_reward: 26.21969696969697; invalid_count: 0; positive_reward_count: 35; success_count: 13; episode_count: 20; dead_end_count: 3; best_tax_advantage: 198.0; avg_entropy: 0.33903666510013863; random_action_prob: 0.2162; random_exploration_count: 23; saved_snapshots: 0
form_subcorp 0.0 46
buy_stock 0.0 19
compensate_employees 0.3354978354978355 21
liquidate_corp 0.45652958152958156 42
update_start: 30; random_action_prob: 0.2151
update_complete: 30; loss: 0.030067330226302147; cumulative_reward: 39.75; invalid_count: 0; positive_reward_count: 41; success_count: 20; episode_count: 24; dead_end_count: 3; best_tax_advantage: 198.0; avg_entropy: 0.22795555795164546; random_action_prob: 0.2151; random_exploration_count: 30; saved_snapshots: 0
form_subcorp 0.0 42
buy_stock 0.0 25
compensate_employees 0.5 21
liquidate_corp 0.73125 40
update_start: 31; random_action_prob: 0.2140
update_complete: 31; loss: 0.018339510696629684; cumulative_reward: 45.91414141414141; invalid_count: 0; positive_reward_count: 50; success_count: 23; episode_count: 26; dead_end_count: 2; best_tax_advantage: 198.0; avg_entropy: 0.21241072939301375; random_action_prob: 0.2140; random_exploration_count: 22; saved_snapshots: 0
form_subcorp 0.0 38
buy_stock 0.0 27
compensate_employees 0.44126449682005237 27
liquidate_corp 0.9444444444444444 36
update_start: 32; random_action_prob: 0.2130
update_complete: 32; loss: 0.05126106242338816; cumulative_reward: 40.52272727272728; invalid_count: 0; positive_reward_count: 58; success_count: 20; episode_count: 26; dead_end_count: 3; best_tax_advantage: 198.0; avg_entropy: 0.22804872205597349; random_action_prob: 0.2130; random_exploration_count: 31; saved_snapshots: 0
form_subcorp 0.0 34
buy_stock 0.0 26
compensate_employees 0.2966507177033493 38
liquidate_corp 0.975 30
update_start: 33; random_action_prob: 0.2119
update_complete: 33; loss: 0.0347034577280283; cumulative_reward: 42.858585858585855; invalid_count: 0; positive_reward_count: 53; success_count: 21; episode_count: 26; dead_end_count: 4; best_tax_advantage: 198.0; avg_entropy: 0.2690384962770622; random_action_prob: 0.2119; random_exploration_count: 21; saved_snapshots: 0
form_subcorp 0.0 37
buy_stock 0.0 26
compensate_employees 0.3878787878787879 30
liquidate_corp 0.892063492063492 35
update_start: 34; random_action_prob: 0.2108
update_complete: 34; loss: 0.06535073493917783; cumulative_reward: 42.338383838383834; invalid_count: 0; positive_reward_count: 50; success_count: 21; episode_count: 26; dead_end_count: 2; best_tax_advantage: 198.0; avg_entropy: 0.26202273156377487; random_action_prob: 0.2108; random_exploration_count: 23; saved_snapshots: 0
form_subcorp 0.0 38
buy_stock 0.0 27
compensate_employees 0.39097875304771856 29
liquidate_corp 0.9117647058823529 34
update_start: 35; random_action_prob: 0.2098
update_complete: 35; loss: 0.05185093482335409; cumulative_reward: 32.65909090909091; invalid_count: 0; positive_reward_count: 44; success_count: 16; episode_count: 24; dead_end_count: 7; best_tax_advantage: 198.0; avg_entropy: 0.3261679181086947; random_action_prob: 0.2098; random_exploration_count: 28; saved_snapshots: 0
form_subcorp 0.0 39
buy_stock 0.0 25
compensate_employees 0.36363636363636365 26
liquidate_corp 0.610645933014354 38
update_start: 36; random_action_prob: 0.2087
update_complete: 36; loss: 0.05552828311920166; cumulative_reward: 33.80808080808081; invalid_count: 0; positive_reward_count: 37; success_count: 17; episode_count: 24; dead_end_count: 4; best_tax_advantage: 198.0; avg_entropy: 0.2665208226608229; random_action_prob: 0.2087; random_exploration_count: 36; saved_snapshots: 0
form_subcorp 0.0 44
buy_stock 0.0 24
compensate_employees 0.4686337054758108 19
liquidate_corp 0.6074156196107415 41
update_start: 37; random_action_prob: 0.2077
update_complete: 37; loss: 0.06119435218473276; cumulative_reward: 49.5; invalid_count: 0; positive_reward_count: 50; success_count: 25; episode_count: 27; dead_end_count: 2; best_tax_advantage: 198.0; avg_entropy: 0.19656160089652985; random_action_prob: 0.2077; random_exploration_count: 26; saved_snapshots: 0
form_subcorp 0.0 38
buy_stock 0.0 28
compensate_employees 0.5 25
liquidate_corp 1.0 37
update_start: 38; random_action_prob: 0.2066
update_complete: 38; loss: 0.046314138919115067; cumulative_reward: 42.24242424242425; invalid_count: 0; positive_reward_count: 51; success_count: 21; episode_count: 26; dead_end_count: 4; best_tax_advantage: 198.0; avg_entropy: 0.1844089053265634; random_action_prob: 0.2066; random_exploration_count: 22; saved_snapshots: 0
form_subcorp 0.0 37
buy_stock 0.0 27
compensate_employees 0.3906304423545803 29
liquidate_corp 0.8832611832611833 35
update_start: 39; random_action_prob: 0.2056
update_complete: 39; loss: 0.014588198158890009; cumulative_reward: 46.14646464646464; invalid_count: 0; positive_reward_count: 54; success_count: 23; episode_count: 28; dead_end_count: 2; best_tax_advantage: 198.0; avg_entropy: 0.16957568263387657; random_action_prob: 0.2056; random_exploration_count: 25; saved_snapshots: 0
form_subcorp 0.0 36
buy_stock 0.0 28
compensate_employees 0.391821440208537 31
liquidate_corp 1.0303030303030303 33
update_start: 40; random_action_prob: 0.2046
update_complete: 40; loss: 0.05807671447594961; cumulative_reward: 47.30808080808081; invalid_count: 0; positive_reward_count: 51; success_count: 24; episode_count: 30; dead_end_count: 6; best_tax_advantage: 198.0; avg_entropy: 0.1498801511443162; random_action_prob: 0.2046; random_exploration_count: 28; saved_snapshots: 0
form_subcorp 0.0 36
buy_stock 0.0 31
compensate_employees 0.4770784770784771 26
liquidate_corp 0.9972582972582972 35
update_start: 41; random_action_prob: 0.2036
update_complete: 41; loss: 0.04939371099074682; cumulative_reward: 46.93434343434343; invalid_count: 0; positive_reward_count: 54; success_count: 24; episode_count: 31; dead_end_count: 6; best_tax_advantage: 198.0; avg_entropy: 0.16826650184520986; random_action_prob: 0.2036; random_exploration_count: 33; saved_snapshots: 0
form_subcorp 0.0 34
buy_stock 0.0 31
compensate_employees 0.4144781144781145 30
liquidate_corp 1.0454545454545454 33
update_start: 42; random_action_prob: 0.2025
update_complete: 42; loss: 0.08436080068349838; cumulative_reward: 48.5; invalid_count: 0; positive_reward_count: 50; success_count: 25; episode_count: 31; dead_end_count: 6; best_tax_advantage: 198.0; avg_entropy: 0.10813642611901741; random_action_prob: 0.2025; random_exploration_count: 30; saved_snapshots: 0
form_subcorp 0.0 36
buy_stock 0.0 32
compensate_employees 0.5 25
liquidate_corp 1.0285714285714285 35
update_start: 43; random_action_prob: 0.2015
update_complete: 43; loss: 0.06446212405959766; cumulative_reward: 39.608585858585855; invalid_count: 0; positive_reward_count: 50; success_count: 20; episode_count: 27; dead_end_count: 5; best_tax_advantage: 198.0; avg_entropy: 0.16864737632567994; random_action_prob: 0.2015; random_exploration_count: 34; saved_snapshots: 0
form_subcorp 0.0 37
buy_stock 0.0 27
compensate_employees 0.3619528619528619 30
liquidate_corp 0.8455882352941176 34
update_start: 44; random_action_prob: 0.2005
update_complete: 44; loss: 0.042181226114432015; cumulative_reward: 46.35858585858587; invalid_count: 0; positive_reward_count: 58; success_count: 23; episode_count: 27; dead_end_count: 2; best_tax_advantage: 198.0; avg_entropy: 0.18116010572339292; random_action_prob: 0.2005; random_exploration_count: 27; saved_snapshots: 0
form_subcorp 0.0 34
buy_stock 0.0 27
compensate_employees 0.3531024531024531 35
liquidate_corp 1.0625 32
update_start: 45; random_action_prob: 0.1995
update_complete: 45; loss: 0.03642853225270907; cumulative_reward: 45.13383838383841; invalid_count: 0; positive_reward_count: 62; success_count: 22; episode_count: 27; dead_end_count: 3; best_tax_advantage: 198.0; avg_entropy: 0.19621958366042236; random_action_prob: 0.1995; random_exploration_count: 23; saved_snapshots: 0
form_subcorp 0.0 32
buy_stock 0.0 28
compensate_employees 0.31999481999482 39
liquidate_corp 1.1260013932427724 29
update_start: 46; random_action_prob: 0.1985
update_complete: 46; loss: 0.026757679879665375; cumulative_reward: 52.040404040404034; invalid_count: 0; positive_reward_count: 58; success_count: 26; episode_count: 30; dead_end_count: 4; best_tax_advantage: 198.0; avg_entropy: 0.16104945311235497; random_action_prob: 0.1985; random_exploration_count: 26; saved_snapshots: 0
form_subcorp 0.0 34
buy_stock 0.0 30
compensate_employees 0.4361355490387749 31
liquidate_corp 1.167278849097031 33
update_start: 47; random_action_prob: 0.1975
update_complete: 47; loss: 0.03019136128326257; cumulative_reward: 47.83333333333334; invalid_count: 0; positive_reward_count: 54; success_count: 24; episode_count: 28; dead_end_count: 2; best_tax_advantage: 198.0; avg_entropy: 0.18166998170636361; random_action_prob: 0.1975; random_exploration_count: 25; saved_snapshots: 0
form_subcorp 0.0 36
buy_stock 0.0 28
compensate_employees 0.41111111111111115 30
liquidate_corp 1.0441176470588236 34
update_start: 48; random_action_prob: 0.1965
update_complete: 48; loss: 0.043282641718784966; cumulative_reward: 46.74242424242425; invalid_count: 0; positive_reward_count: 57; success_count: 23; episode_count: 28; dead_end_count: 4; best_tax_advantage: 198.0; avg_entropy: 0.14183351600877359; random_action_prob: 0.1965; random_exploration_count: 22; saved_snapshots: 0
form_subcorp 0.0 34
buy_stock 0.0 29
compensate_employees 0.3888888888888889 33
liquidate_corp 1.0596590909090908 32
update_start: 49; random_action_prob: 0.1956
update_complete: 49; loss: 0.03133313295741876; cumulative_reward: 55.0; invalid_count: 0; positive_reward_count: 56; success_count: 28; episode_count: 32; dead_end_count: 4; best_tax_advantage: 198.0; avg_entropy: 0.06905366634236998; random_action_prob: 0.1956; random_exploration_count: 24; saved_snapshots: 0
form_subcorp 0.0 34
buy_stock 0.0 32
compensate_employees 0.5 28
liquidate_corp 1.2058823529411764 34
update_start: 50; random_action_prob: 0.1946
update_complete: 50; loss: 0.08324270447095235; cumulative_reward: 44.29292929292929; invalid_count: 0; positive_reward_count: 62; success_count: 22; episode_count: 29; dead_end_count: 4; best_tax_advantage: 198.0; avg_entropy: 0.1308090119418921; random_action_prob: 0.1946; random_exploration_count: 23; saved_snapshots: 0
form_subcorp 0.0 31
buy_stock 0.0 29
compensate_employees 0.30732323232323233 40
liquidate_corp 1.1428571428571428 28
update_start: 51; random_action_prob: 0.1936
update_complete: 51; loss: 0.02519524594148; cumulative_reward: 48.007575757575765; invalid_count: 0; positive_reward_count: 60; success_count: 24; episode_count: 29; dead_end_count: 3; best_tax_advantage: 198.0; avg_entropy: 0.14813308622251498; random_action_prob: 0.1936; random_exploration_count: 28; saved_snapshots: 0
form_subcorp 0.0 33
buy_stock 0.0 29
compensate_employees 0.3543771043771044 36
liquidate_corp 1.175 30
update_start: 52; random_action_prob: 0.1926
update_complete: 52; loss: 0.021630880733331043; cumulative_reward: 49.93434343434343; invalid_count: 0; positive_reward_count: 56; success_count: 25; episode_count: 28; dead_end_count: 2; best_tax_advantage: 198.0; avg_entropy: 0.11723610473927693; random_action_prob: 0.1926; random_exploration_count: 23; saved_snapshots: 0
form_subcorp 0.0 35
buy_stock 0.0 29
compensate_employees 0.41723688497882044 31
liquidate_corp 1.121212121212121 33
update_start: 53; random_action_prob: 0.1917
update_complete: 53; loss: 0.04197332883874575; cumulative_reward: 46.64646464646465; invalid_count: 0; positive_reward_count: 56; success_count: 23; episode_count: 26; dead_end_count: 0; best_tax_advantage: 198.0; avg_entropy: 0.14031768771019415; random_action_prob: 0.1917; random_exploration_count: 32; saved_snapshots: 0
form_subcorp 0.0 36
buy_stock 0.0 27
compensate_employees 0.36807468625650447 33
liquidate_corp 1.078125 32
update_start: 54; random_action_prob: 0.1907
update_complete: 54; loss: 0.04555213451385498; cumulative_reward: 43.601010101010104; invalid_count: 0; positive_reward_count: 60; success_count: 22; episode_count: 30; dead_end_count: 6; best_tax_advantage: 198.0; avg_entropy: 0.1614894000140339; random_action_prob: 0.1907; random_exploration_count: 25; saved_snapshots: 0
form_subcorp 0.0 31
buy_stock 0.0 30
compensate_employees 0.315257841573631 38
liquidate_corp 1.0903866248693834 29
update_start: 55; random_action_prob: 0.1898
update_complete: 55; loss: 0.04854847863316536; cumulative_reward: 50.618686868686865; invalid_count: 0; positive_reward_count: 61; success_count: 25; episode_count: 29; dead_end_count: 3; best_tax_advantage: 198.0; avg_entropy: 0.11018114677426638; random_action_prob: 0.1898; random_exploration_count: 26; saved_snapshots: 0
form_subcorp 0.0 32
buy_stock 0.0 30
compensate_employees 0.37906846240179576 36
liquidate_corp 1.2324074074074074 30
update_start: 56; random_action_prob: 0.1888
update_complete: 56; loss: 0.020103287727882464; cumulative_reward: 48.8030303030303; invalid_count: 0; positive_reward_count: 64; success_count: 24; episode_count: 28; dead_end_count: 2; best_tax_advantage: 198.0; avg_entropy: 0.13915777512011118; random_action_prob: 0.1888; random_exploration_count: 22; saved_snapshots: 0
form_subcorp 0.0 31
buy_stock 0.0 29
compensate_employees 0.32702020202020204 40
liquidate_corp 1.2757936507936507 28
update_start: 57; random_action_prob: 0.1879
update_complete: 57; loss: 0.017235849363108475; cumulative_reward: 47.265151515151516; invalid_count: 0; positive_reward_count: 63; success_count: 23; episode_count: 28; dead_end_count: 3; best_tax_advantage: 198.0; avg_entropy: 0.16679425750226073; random_action_prob: 0.1879; random_exploration_count: 25; saved_snapshots: 0
form_subcorp 0.0 31
buy_stock 0.0 29
compensate_employees 0.3297979797979798 40
liquidate_corp 1.2169011544011545 28
update_start: 58; random_action_prob: 0.1869
update_complete: 58; loss: 0.05289477730790774; cumulative_reward: 45.482323232323225; invalid_count: 0; positive_reward_count: 55; success_count: 23; episode_count: 31; dead_end_count: 7; best_tax_advantage: 198.0; avg_entropy: 0.11137353089179669; random_action_prob: 0.1869; random_exploration_count: 27; saved_snapshots: 0
form_subcorp 0.0 34
buy_stock 0.0 31
compensate_employees 0.39768654284783317 31
liquidate_corp 1.0360637626262625 32
update_start: 59; random_action_prob: 0.1860
update_complete: 59; loss: 0.030793530866503716; cumulative_reward: 49.66666666666666; invalid_count: 0; positive_reward_count: 64; success_count: 24; episode_count: 27; dead_end_count: 0; best_tax_advantage: 198.0; avg_entropy: 0.10070060913039924; random_action_prob: 0.1860; random_exploration_count: 21; saved_snapshots: 0
form_subcorp 0.0 32
buy_stock 0.0 27
compensate_employees 0.33993783993783994 39
liquidate_corp 1.2136363636363636 30
update_start: 60; random_action_prob: 0.1851
update_complete: 60; loss: 0.08660639822483063; cumulative_reward: 41.86616161616161; invalid_count: 0; positive_reward_count: 63; success_count: 20; episode_count: 25; dead_end_count: 1; best_tax_advantage: 198.0; avg_entropy: 0.1720253292869529; random_action_prob: 0.1851; random_exploration_count: 25; saved_snapshots: 0
form_subcorp 0.0 32
buy_stock 0.0 26
compensate_employees 0.2817712003758515 43
liquidate_corp 1.1018518518518519 27
update_start: 61; random_action_prob: 0.1841
update_complete: 61; loss: 0.062341069181760154; cumulative_reward: 50.79292929292931; invalid_count: 0; positive_reward_count: 62; success_count: 25; episode_count: 29; dead_end_count: 2; best_tax_advantage: 198.0; avg_entropy: 0.1105226849203973; random_action_prob: 0.1841; random_exploration_count: 27; saved_snapshots: 0
form_subcorp 0.0 32
buy_stock 0.0 29
compensate_employees 0.3712121212121212 36
liquidate_corp 1.2073965461062235 31
update_start: 62; random_action_prob: 0.1832
update_complete: 62; loss: 0.056163713335990906; cumulative_reward: 42.84848484848485; invalid_count: 0; positive_reward_count: 56; success_count: 22; episode_count: 32; dead_end_count: 8; best_tax_advantage: 198.0; avg_entropy: 0.08443250912932854; random_action_prob: 0.1832; random_exploration_count: 19; saved_snapshots: 0
form_subcorp 0.0 32
buy_stock 0.0 32
compensate_employees 0.34848484848484845 34
liquidate_corp 1.0333333333333334 30
update_start: 63; random_action_prob: 0.1823
update_complete: 63; loss: 0.07305887962381045; cumulative_reward: 40.984848484848484; invalid_count: 0; positive_reward_count: 58; success_count: 20; episode_count: 28; dead_end_count: 6; best_tax_advantage: 198.0; avg_entropy: 0.16771676802818547; random_action_prob: 0.1823; random_exploration_count: 27; saved_snapshots: 0
form_subcorp 0.0 33
buy_stock 0.0 28
compensate_employees 0.324354657687991 36
liquidate_corp 0.9454219615509939 31
update_start: 64; random_action_prob: 0.1814
update_complete: 64; loss: 0.07006090382734935; cumulative_reward: 46.01767676767676; invalid_count: 0; positive_reward_count: 59; success_count: 23; episode_count: 30; dead_end_count: 5; best_tax_advantage: 198.0; avg_entropy: 0.1184731909470429; random_action_prob: 0.1814; random_exploration_count: 23; saved_snapshots: 0
form_subcorp 0.0 32
buy_stock 0.0 31
compensate_employees 0.3546576879910213 36
liquidate_corp 1.146551724137931 29
update_start: 65; random_action_prob: 0.1805
update_complete: 65; loss: 0.0473477728664875; cumulative_reward: 56.588383838383834; invalid_count: 0; positive_reward_count: 62; success_count: 28; episode_count: 30; dead_end_count: 1; best_tax_advantage: 198.0; avg_entropy: 0.08977411133491842; random_action_prob: 0.1805; random_exploration_count: 17; saved_snapshots: 0
form_subcorp 0.0 33
buy_stock 0.0 30
compensate_employees 0.4369452096724824 33
liquidate_corp 1.3177872474747474 32
update_start: 66; random_action_prob: 0.1796
update_complete: 66; loss: 0.1034196416536967; cumulative_reward: 46.31313131313132; invalid_count: 0; positive_reward_count: 62; success_count: 23; episode_count: 29; dead_end_count: 4; best_tax_advantage: 198.0; avg_entropy: 0.1679502878268977; random_action_prob: 0.1796; random_exploration_count: 26; saved_snapshots: 0
form_subcorp 0.0 31
buy_stock 0.0 29
compensate_employees 0.32284382284382285 39
liquidate_corp 1.1628352490421456 29
update_start: 67; random_action_prob: 0.1787
update_complete: 67; loss: 0.031675515696406364; cumulative_reward: 57.5; invalid_count: 0; positive_reward_count: 58; success_count: 29; episode_count: 31; dead_end_count: 2; best_tax_advantage: 198.0; avg_entropy: 0.05728244792408077; random_action_prob: 0.1787; random_exploration_count: 19; saved_snapshots: 0
form_subcorp 0.0 34
buy_stock 0.0 31
compensate_employees 0.5 29
liquidate_corp 1.2647058823529411 34
update_start: 68; random_action_prob: 0.1778
update_complete: 68; loss: 0.03101049487789472; cumulative_reward: 56.67424242424242; invalid_count: 0; positive_reward_count: 63; success_count: 28; episode_count: 30; dead_end_count: 1; best_tax_advantage: 198.0; avg_entropy: 0.04673006437406002; random_action_prob: 0.1778; random_exploration_count: 17; saved_snapshots: 0
form_subcorp 0.0 32
buy_stock 0.0 31
compensate_employees 0.4264069264069264 35
liquidate_corp 1.3916666666666666 30
update_start: 69; random_action_prob: 0.1769
update_complete: 69; loss: 0.06899211555719376; cumulative_reward: 50.98232323232324; invalid_count: 0; positive_reward_count: 55; success_count: 26; episode_count: 31; dead_end_count: 5; best_tax_advantage: 198.0; avg_entropy: 0.1141428504306532; random_action_prob: 0.1769; random_exploration_count: 23; saved_snapshots: 0
form_subcorp 0.0 34
buy_stock 0.0 31
compensate_employees 0.45228143504005575 29
liquidate_corp 1.1137106357694595 34
update_start: 70; random_action_prob: 0.1760
update_complete: 70; loss: 0.04488703111807505; cumulative_reward: 55.5; invalid_count: 0; positive_reward_count: 56; success_count: 28; episode_count: 30; dead_end_count: 2; best_tax_advantage: 198.0; avg_entropy: 0.06787622521733283; random_action_prob: 0.1760; random_exploration_count: 18; saved_snapshots: 0
form_subcorp 0.0 35
buy_stock 0.0 30
compensate_employees 0.5 28
liquidate_corp 1.1857142857142857 35
update_start: 71; random_action_prob: 0.1751
update_complete: 71; loss: 0.034919122233986855; cumulative_reward: 46.5429292929293; invalid_count: 0; positive_reward_count: 64; success_count: 23; episode_count: 29; dead_end_count: 3; best_tax_advantage: 198.0; avg_entropy: 0.11133292855811305; random_action_prob: 0.1751; random_exploration_count: 16; saved_snapshots: 0
form_subcorp 0.0 31
buy_stock 0.0 29
compensate_employees 0.31202266568120224 41
liquidate_corp 1.25 27
update_start: 72; random_action_prob: 0.1743
update_complete: 72; loss: 0.023012253766258556; cumulative_reward: 49.20707070707071; invalid_count: 0; positive_reward_count: 66; success_count: 24; episode_count: 29; dead_end_count: 2; best_tax_advantage: 198.0; avg_entropy: 0.12376655523803493; random_action_prob: 0.1743; random_exploration_count: 21; saved_snapshots: 0
form_subcorp 0.0 30
buy_stock 0.0 29
compensate_employees 0.32409460458240946 41
liquidate_corp 1.2828282828282827 28
update_start: 73; random_action_prob: 0.1734
update_complete: 73; loss: 0.04378664493560791; cumulative_reward: 41.19949494949496; invalid_count: 0; positive_reward_count: 64; success_count: 20; episode_count: 27; dead_end_count: 3; best_tax_advantage: 198.0; avg_entropy: 0.16155023759711185; random_action_prob: 0.1734; random_exploration_count: 20; saved_snapshots: 0
form_subcorp 0.0 31
buy_stock 0.0 27
compensate_employees 0.270260747004933 43
liquidate_corp 1.0954919566030676 27
update_start: 74; random_action_prob: 0.1725
update_complete: 74; loss: 0.020240358387430508; cumulative_reward: 46.95202020202023; invalid_count: 0; positive_reward_count: 63; success_count: 23; episode_count: 28; dead_end_count: 3; best_tax_advantage: 198.0; avg_entropy: 0.14956523279397516; random_action_prob: 0.1725; random_exploration_count: 22; saved_snapshots: 0
form_subcorp 0.0 31
buy_stock 0.0 29
compensate_employees 0.32776482776482774 39
liquidate_corp 1.1782479972135145 29
update_start: 75; random_action_prob: 0.1717
update_complete: 75; loss: 0.023136606439948082; cumulative_reward: 54.57070707070707; invalid_count: 0; positive_reward_count: 65; success_count: 27; episode_count: 30; dead_end_count: 2; best_tax_advantage: 198.0; avg_entropy: 0.10340508576155116; random_action_prob: 0.1717; random_exploration_count: 18; saved_snapshots: 0
form_subcorp 0.0 31
buy_stock 0.0 30
compensate_employees 0.3850668850668851 37
liquidate_corp 1.3441077441077443 30
update_start: 76; random_action_prob: 0.1708
update_complete: 76; loss: 0.044485251108805336; cumulative_reward: 54.76767676767679; invalid_count: 0; positive_reward_count: 66; success_count: 27; episode_count: 29; dead_end_count: 0; best_tax_advantage: 198.0; avg_entropy: 0.13766097381358122; random_action_prob: 0.1708; random_exploration_count: 23; saved_snapshots: 0
form_subcorp 0.0 31
buy_stock 0.0 30
compensate_employees 0.36583786583786587 39
liquidate_corp 1.4464285714285714 28
update_start: 77; random_action_prob: 0.1699
update_complete: 77; loss: 0.0810178170601527; cumulative_reward: 46.07070707070707; invalid_count: 0; positive_reward_count: 58; success_count: 23; episode_count: 29; dead_end_count: 4; best_tax_advantage: 198.0; avg_entropy: 0.1412912231953669; random_action_prob: 0.1699; random_exploration_count: 27; saved_snapshots: 0
form_subcorp 0.0 33
buy_stock 0.0 29
compensate_employees 0.355988455988456 35
liquidate_corp 1.0842293906810037 31
update_start: 78; random_action_prob: 0.1691
update_complete: 78; loss: 0.06828940535585086; cumulative_reward: 49.67424242424242; invalid_count: 0; positive_reward_count: 56; success_count: 25; episode_count: 29; dead_end_count: 3; best_tax_advantage: 198.0; avg_entropy: 0.08977544472145382; random_action_prob: 0.1691; random_exploration_count: 28; saved_snapshots: 0
form_subcorp 0.0 35
buy_stock 0.0 29
compensate_employees 0.41691104594330397 31
liquidate_corp 1.1136363636363635 33
update_start: 79; random_action_prob: 0.1683
update_complete: 79; loss: 0.07580208778381348; cumulative_reward: 53.111111111111114; invalid_count: 0; positive_reward_count: 56; success_count: 27; episode_count: 31; dead_end_count: 4; best_tax_advantage: 198.0; avg_entropy: 0.08368786387836735; random_action_prob: 0.1683; random_exploration_count: 18; saved_snapshots: 0
form_subcorp 0.0 34
buy_stock 0.0 32
compensate_employees 0.4693486590038314 29
liquidate_corp 1.196969696969697 33
update_start: 80; random_action_prob: 0.1674
update_complete: 80; loss: 0.08909266938765843; cumulative_reward: 48.406565656565654; invalid_count: 0; positive_reward_count: 58; success_count: 24; episode_count: 30; dead_end_count: 5; best_tax_advantage: 198.0; avg_entropy: 0.1231145739366184; random_action_prob: 0.1674; random_exploration_count: 25; saved_snapshots: 0
form_subcorp 0.0 33
buy_stock 0.0 30
compensate_employees 0.3953168044077135 33
liquidate_corp 1.1050347222222223 32
update_start: 81; random_action_prob: 0.1666
update_complete: 81; loss: 0.09982430686553319; cumulative_reward: 45.62626262626263; invalid_count: 0; positive_reward_count: 68; success_count: 22; episode_count: 26; dead_end_count: 0; best_tax_advantage: 198.0; avg_entropy: 0.20331748111129855; random_action_prob: 0.1666; random_exploration_count: 26; saved_snapshots: 0
form_subcorp 0.0 30
buy_stock 0.0 27
compensate_employees 0.27448397013614406 46
liquidate_corp 1.32 25
update_start: 82; random_action_prob: 0.1657
update_complete: 82; loss: 0.07952505350112915; cumulative_reward: 48.56313131313132; invalid_count: 0; positive_reward_count: 64; success_count: 24; episode_count: 29; dead_end_count: 3; best_tax_advantage: 198.0; avg_entropy: 0.18455223205000948; random_action_prob: 0.1657; random_exploration_count: 25; saved_snapshots: 0
form_subcorp 0.0 31
buy_stock 0.0 29
compensate_employees 0.32727272727272727 40
liquidate_corp 1.2668650793650793 28
update_start: 83; random_action_prob: 0.1649
update_complete: 83; loss: 0.08223554988702138; cumulative_reward: 47.58333333333334; invalid_count: 0; positive_reward_count: 63; success_count: 23; episode_count: 28; dead_end_count: 3; best_tax_advantage: 198.0; avg_entropy: 0.18789416842992068; random_action_prob: 0.1649; random_exploration_count: 27; saved_snapshots: 0
form_subcorp 0.0 31
buy_stock 0.0 29
compensate_employees 0.33864965443912814 38
liquidate_corp 1.157154882154882 30
update_start: 84; random_action_prob: 0.1641
update_complete: 84; loss: 0.06561459228396416; cumulative_reward: 55.5; invalid_count: 0; positive_reward_count: 56; success_count: 28; episode_count: 30; dead_end_count: 2; best_tax_advantage: 198.0; avg_entropy: 0.0737981050297094; random_action_prob: 0.1641; random_exploration_count: 22; saved_snapshots: 0
form_subcorp 0.0 35
buy_stock 0.0 30
compensate_employees 0.5 28
liquidate_corp 1.1857142857142857 35
update_start: 85; random_action_prob: 0.1633
update_complete: 85; loss: 0.1019104818503062; cumulative_reward: 39.0808080808081; invalid_count: 0; positive_reward_count: 52; success_count: 20; episode_count: 30; dead_end_count: 8; best_tax_advantage: 198.0; avg_entropy: 0.1528773076242942; random_action_prob: 0.1633; random_exploration_count: 27; saved_snapshots: 0
form_subcorp 0.0 34
buy_stock 0.0 30
compensate_employees 0.3428030303030303 32
liquidate_corp 0.8784722222222222 32
update_start: 86; random_action_prob: 0.1625
update_complete: 86; loss: 0.12009955942630768; cumulative_reward: 53.92424242424242; invalid_count: 0; positive_reward_count: 60; success_count: 27; episode_count: 30; dead_end_count: 2; best_tax_advantage: 198.0; avg_entropy: 0.07942308841393242; random_action_prob: 0.1625; random_exploration_count: 20; saved_snapshots: 0
form_subcorp 0.0 33
buy_stock 0.0 30
compensate_employees 0.4219467401285583 33
liquidate_corp 1.25 32
update_start: 87; random_action_prob: 0.1616
update_complete: 87; loss: 0.04814210658272108; cumulative_reward: 55.75; invalid_count: 0; positive_reward_count: 57; success_count: 28; episode_count: 31; dead_end_count: 3; best_tax_advantage: 198.0; avg_entropy: 0.0633341895591002; random_action_prob: 0.1616; random_exploration_count: 17; saved_snapshots: 0
form_subcorp 0.0 34
buy_stock 0.0 32
compensate_employees 0.5 29
liquidate_corp 1.25 33
update_start: 88; random_action_prob: 0.1608
update_complete: 88; loss: 0.029764939720431965; cumulative_reward: 52.68434343434343; invalid_count: 0; positive_reward_count: 59; success_count: 26; episode_count: 28; dead_end_count: 1; best_tax_advantage: 198.0; avg_entropy: 0.11132808478214429; random_action_prob: 0.1608; random_exploration_count: 20; saved_snapshots: 0
form_subcorp 0.0 34
buy_stock 0.0 29
compensate_employees 0.4222528313437404 33
liquidate_corp 1.2109375 32
update_start: 89; random_action_prob: 0.1600
update_complete: 89; loss: 0.05665534858902296; cumulative_reward: 40.611111111111114; invalid_count: 0; positive_reward_count: 62; success_count: 20; episode_count: 29; dead_end_count: 6; best_tax_advantage: 198.0; avg_entropy: 0.17460265407680708; random_action_prob: 0.1600; random_exploration_count: 26; saved_snapshots: 0
form_subcorp 0.0 31
buy_stock 0.0 29
compensate_employees 0.28541512687854154 41
liquidate_corp 1.0707070707070707 27
update_start: 90; random_action_prob: 0.1592
update_complete: 90; loss: 0.0437038354575634; cumulative_reward: 50.108585858585855; invalid_count: 0; positive_reward_count: 62; success_count: 25; episode_count: 30; dead_end_count: 3; best_tax_advantage: 198.0; avg_entropy: 0.10037065594951855; random_action_prob: 0.1592; random_exploration_count: 16; saved_snapshots: 0
form_subcorp 0.0 32
buy_stock 0.0 30
compensate_employees 0.36104286104286104 37
liquidate_corp 1.2672413793103448 29
update_start: 91; random_action_prob: 0.1584
update_complete: 91; loss: 0.022137464800228674; cumulative_reward: 56.43434343434345; invalid_count: 0; positive_reward_count: 62; success_count: 28; episode_count: 29; dead_end_count: 0; best_tax_advantage: 198.0; avg_entropy: 0.0805086675536586; random_action_prob: 0.1584; random_exploration_count: 18; saved_snapshots: 0
form_subcorp 0.0 33
buy_stock 0.0 29
compensate_employees 0.4245395127748069 34
liquidate_corp 1.3125 32
update_start: 92; random_action_prob: 0.1576
update_complete: 92; loss: 0.07080881918470065; cumulative_reward: 53.91414141414141; invalid_count: 0; positive_reward_count: 58; success_count: 27; episode_count: 30; dead_end_count: 2; best_tax_advantage: 198.0; avg_entropy: 0.07966740232950542; random_action_prob: 0.1576; random_exploration_count: 19; saved_snapshots: 0
form_subcorp 0.0 34
buy_stock 0.0 30
compensate_employees 0.44884327142391656 31
liquidate_corp 1.2121212121212122 33
update_start: 93; random_action_prob: 0.1569
update_complete: 93; loss: 0.1441881606976191; cumulative_reward: 52.76767676767676; invalid_count: 0; positive_reward_count: 64; success_count: 26; episode_count: 28; dead_end_count: 0; best_tax_advantage: 198.0; avg_entropy: 0.12823238967757788; random_action_prob: 0.1569; random_exploration_count: 16; saved_snapshots: 0
form_subcorp 0.0 32
buy_stock 0.0 29
compensate_employees 0.36230728335991497 38
liquidate_corp 1.3448275862068966 29
update_start: 94; random_action_prob: 0.1561
update_complete: 94; loss: 0.028075068568189938; cumulative_reward: 57.75; invalid_count: 0; positive_reward_count: 58; success_count: 29; episode_count: 30; dead_end_count: 1; best_tax_advantage: 198.0; avg_entropy: 0.03639763733553991; random_action_prob: 0.1561; random_exploration_count: 20; saved_snapshots: 0
form_subcorp 0.0 35
buy_stock 0.0 30
compensate_employees 0.5 29
liquidate_corp 1.2720588235294117 34
update_start: 95; random_action_prob: 0.1553
update_complete: 95; loss: 0.04614476611216863; cumulative_reward: 41.14141414141415; invalid_count: 0; positive_reward_count: 63; success_count: 20; episode_count: 27; dead_end_count: 4; best_tax_advantage: 198.0; avg_entropy: 0.15961690514086513; random_action_prob: 0.1553; random_exploration_count: 26; saved_snapshots: 0
form_subcorp 0.0 31
buy_stock 0.0 28
compensate_employees 0.278980278980279 42
liquidate_corp 1.0897867564534232 27
update_start: 96; random_action_prob: 0.1545
update_complete: 96; loss: 0.044219707449277244; cumulative_reward: 47.858585858585855; invalid_count: 0; positive_reward_count: 60; success_count: 24; episode_count: 30; dead_end_count: 4; best_tax_advantage: 198.0; avg_entropy: 0.11984333168948069; random_action_prob: 0.1545; random_exploration_count: 18; saved_snapshots: 0
form_subcorp 0.0 32
buy_stock 0.0 30
compensate_employees 0.35718294051627386 36
liquidate_corp 1.1666666666666667 30
update_start: 97; random_action_prob: 0.1537
update_complete: 97; loss: 0.01702980510890484; cumulative_reward: 50.368686868686865; invalid_count: 0; positive_reward_count: 62; success_count: 25; episode_count: 29; dead_end_count: 2; best_tax_advantage: 198.0; avg_entropy: 0.12521633961841871; random_action_prob: 0.1537; random_exploration_count: 22; saved_snapshots: 0
form_subcorp 0.0 32
buy_stock 0.0 30
compensate_employees 0.3613158613158613 37
liquidate_corp 1.2758620689655173 29
update_start: 98; random_action_prob: 0.1530
update_complete: 98; loss: 0.01595475773016612; cumulative_reward: 57.5; invalid_count: 0; positive_reward_count: 58; success_count: 29; episode_count: 31; dead_end_count: 2; best_tax_advantage: 198.0; avg_entropy: 0.06456849381720531; random_action_prob: 0.1530; random_exploration_count: 23; saved_snapshots: 0
form_subcorp 0.0 34
buy_stock 0.0 31
compensate_employees 0.5 29
liquidate_corp 1.2647058823529411 34
update_start: 99; random_action_prob: 0.1522
update_complete: 99; loss: 0.025219227497776348; cumulative_reward: 58.43434343434343; invalid_count: 0; positive_reward_count: 64; success_count: 29; episode_count: 30; dead_end_count: 0; best_tax_advantage: 198.0; avg_entropy: 0.046091663507468184; random_action_prob: 0.1522; random_exploration_count: 11; saved_snapshots: 0
form_subcorp 0.0 32
buy_stock 0.0 31
compensate_employees 0.4266955266955267 35
liquidate_corp 1.45 30
2026-07-10T18:18:20 completed subsidiary_stock_comp run=8 elapsed_seconds=698.28 updates_logged=100
2026-07-10T18:18:20 running subsidiary_stock_comp run=9 seed=1738
update_start: 0; random_action_prob: 0.2500
update_complete: 0; loss: 1.016404132048289; cumulative_reward: -2.7398989898989896; invalid_count: 0; positive_reward_count: 1; success_count: 0; episode_count: 20; dead_end_count: 11; best_tax_advantage: 2.0; avg_entropy: 0.20817524852463976; random_action_prob: 0.2500; random_exploration_count: 37; saved_snapshots: 0
form_subcorp 0.0 58
buy_stock 0.0 13
compensate_employees 0.005050505050505051 1
liquidate_corp -0.049016955266955264 56
update_start: 1; random_action_prob: 0.2487
update_complete: 1; loss: 0.18741868436336517; cumulative_reward: -4.517676767676767; invalid_count: 0; positive_reward_count: 3; success_count: 0; episode_count: 25; dead_end_count: 19; best_tax_advantage: 44.0; avg_entropy: 0.37711489584762603; random_action_prob: 0.2487; random_exploration_count: 35; saved_snapshots: 0
form_subcorp 0.0 53
buy_stock 0.0 20
compensate_employees 0.03872053872053872 3
liquidate_corp -0.08911227661227662 52
update_start: 2; random_action_prob: 0.2475
update_complete: 2; loss: 0.2547666976849238; cumulative_reward: -2.0; invalid_count: 0; positive_reward_count: 4; success_count: 2; episode_count: 28; dead_end_count: 24; best_tax_advantage: 198.0; avg_entropy: 0.3509898914489895; random_action_prob: 0.2475; random_exploration_count: 38; saved_snapshots: 0
form_subcorp 0.0 50
buy_stock 0.0 29
compensate_employees 0.5 2
liquidate_corp -0.06382978723404255 47
update_start: 3; random_action_prob: 0.2463
update_complete: 3; loss: 0.09642900774876277; cumulative_reward: -7.007575757575758; invalid_count: 0; positive_reward_count: 4; success_count: 0; episode_count: 30; dead_end_count: 29; best_tax_advantage: 44.0; avg_entropy: 0.333927086670883; random_action_prob: 0.2463; random_exploration_count: 25; saved_snapshots: 0
form_subcorp 0.0 48
buy_stock 0.0 29
compensate_employees 0.0303030303030303 4
liquidate_corp -0.1516763378465506 47
update_start: 4; random_action_prob: 0.2450
update_complete: 4; loss: 0.09813494483629863; cumulative_reward: -1.7196969696969688; invalid_count: 0; positive_reward_count: 8; success_count: 2; episode_count: 27; dead_end_count: 23; best_tax_advantage: 198.0; avg_entropy: 0.35828939895145595; random_action_prob: 0.2450; random_exploration_count: 31; saved_snapshots: 0
form_subcorp 0.0 49
buy_stock 0.0 26
compensate_employees 0.20303030303030303 5
liquidate_corp -0.056976010101010104 48
update_start: 5; random_action_prob: 0.2438
update_complete: 5; loss: 0.03792486401895682; cumulative_reward: -3.9116161616161618; invalid_count: 0; positive_reward_count: 8; success_count: 0; episode_count: 26; dead_end_count: 23; best_tax_advantage: 160.0; avg_entropy: 0.39977349783293903; random_action_prob: 0.2438; random_exploration_count: 28; saved_snapshots: 0
form_subcorp 0.0 50
buy_stock 0.0 26
compensate_employees 0.1531986531986532 6
liquidate_corp -0.1050175669740887 46
update_start: 6; random_action_prob: 0.2426
update_complete: 6; loss: 0.08941102524598439; cumulative_reward: 0.23737373737373746; invalid_count: 0; positive_reward_count: 19; success_count: 2; episode_count: 24; dead_end_count: 18; best_tax_advantage: 198.0; avg_entropy: 0.4699793662875891; random_action_prob: 0.2426; random_exploration_count: 30; saved_snapshots: 0
form_subcorp 0.0 46
buy_stock 0.0 24
compensate_employees 0.09124579124579126 15
liquidate_corp -0.02630960770495654 43
update_start: 7; random_action_prob: 0.2414
update_complete: 7; loss: 0.04939242576559385; cumulative_reward: 6.90909090909091; invalid_count: 0; positive_reward_count: 27; success_count: 5; episode_count: 28; dead_end_count: 20; best_tax_advantage: 198.0; avg_entropy: 0.49919890239834785; random_action_prob: 0.2414; random_exploration_count: 22; saved_snapshots: 0
form_subcorp 0.0 41
buy_stock 0.0 29
compensate_employees 0.18208399787347157 19
liquidate_corp 0.08844858844858845 39
update_start: 8; random_action_prob: 0.2402
update_complete: 8; loss: 0.012778796255588531; cumulative_reward: 9.022727272727275; invalid_count: 0; positive_reward_count: 46; success_count: 5; episode_count: 24; dead_end_count: 15; best_tax_advantage: 198.0; avg_entropy: 0.685368102742359; random_action_prob: 0.2402; random_exploration_count: 34; saved_snapshots: 0
form_subcorp 0.0 34
buy_stock 0.0 25
compensate_employees 0.10683760683760685 39
liquidate_corp 0.16186868686868688 30
update_start: 9; random_action_prob: 0.2390
update_complete: 9; loss: 0.11619569857915242; cumulative_reward: 22.09343434343434; invalid_count: 0; positive_reward_count: 43; success_count: 11; episode_count: 27; dead_end_count: 15; best_tax_advantage: 198.0; avg_entropy: 0.525371455354616; random_action_prob: 0.2390; random_exploration_count: 36; saved_snapshots: 0
form_subcorp 0.0 36
buy_stock 0.0 28
compensate_employees 0.2645419714385232 29
liquidate_corp 0.41204906204906205 35
update_start: 10; random_action_prob: 0.2378
update_complete: 10; loss: 0.06412528331081073; cumulative_reward: 32.522727272727266; invalid_count: 0; positive_reward_count: 55; success_count: 16; episode_count: 26; dead_end_count: 7; best_tax_advantage: 198.0; avg_entropy: 0.4667631390038878; random_action_prob: 0.2378; random_exploration_count: 29; saved_snapshots: 0
form_subcorp 0.0 34
buy_stock 0.0 26
compensate_employees 0.2533227006911217 38
liquidate_corp 0.7632154882154882 30
update_start: 11; random_action_prob: 0.2366
update_complete: 11; loss: 0.05899901936451594; cumulative_reward: 32.515151515151516; invalid_count: 0; positive_reward_count: 52; success_count: 16; episode_count: 23; dead_end_count: 4; best_tax_advantage: 198.0; avg_entropy: 0.3963782759383321; random_action_prob: 0.2366; random_exploration_count: 29; saved_snapshots: 0
form_subcorp 0.0 36
buy_stock 0.0 23
compensate_employees 0.25813692480359146 36
liquidate_corp 0.7037037037037037 33
update_start: 12; random_action_prob: 0.2354
update_complete: 12; loss: 0.11237311114867528; cumulative_reward: 29.82828282828283; invalid_count: 0; positive_reward_count: 38; success_count: 15; episode_count: 25; dead_end_count: 6; best_tax_advantage: 198.0; avg_entropy: 0.33848708774894476; random_action_prob: 0.2354; random_exploration_count: 36; saved_snapshots: 0
form_subcorp 0.0 42
buy_stock 0.0 25
compensate_employees 0.38361879666227494 23
liquidate_corp 0.5527644869750133 38
update_start: 13; random_action_prob: 0.2342
update_complete: 13; loss: 0.04220886528491974; cumulative_reward: 38.96717171717172; invalid_count: 0; positive_reward_count: 60; success_count: 19; episode_count: 26; dead_end_count: 3; best_tax_advantage: 198.0; avg_entropy: 0.3326187303173356; random_action_prob: 0.2342; random_exploration_count: 35; saved_snapshots: 0
form_subcorp 0.0 33
buy_stock 0.0 26
compensate_employees 0.27474747474747474 40
liquidate_corp 0.9647335423197492 29
update_start: 14; random_action_prob: 0.2331
update_complete: 14; loss: 0.07375183701515198; cumulative_reward: 35.55050505050506; invalid_count: 0; positive_reward_count: 43; success_count: 18; episode_count: 25; dead_end_count: 6; best_tax_advantage: 198.0; avg_entropy: 0.32958053646143526; random_action_prob: 0.2331; random_exploration_count: 37; saved_snapshots: 0
form_subcorp 0.0 40
buy_stock 0.0 25
compensate_employees 0.4053030303030303 24
liquidate_corp 0.6621341621341621 39
update_start: 15; random_action_prob: 0.2319
update_complete: 15; loss: 0.05771178379654884; cumulative_reward: 35.43434343434343; invalid_count: 0; positive_reward_count: 42; success_count: 18; episode_count: 24; dead_end_count: 4; best_tax_advantage: 198.0; avg_entropy: 0.3083657526294701; random_action_prob: 0.2319; random_exploration_count: 28; saved_snapshots: 0
form_subcorp 0.0 41
buy_stock 0.0 25
compensate_employees 0.3930976430976431 24
liquidate_corp 0.6842105263157895 38
update_start: 16; random_action_prob: 0.2307
update_complete: 16; loss: 0.09402597943941753; cumulative_reward: 22.012626262626263; invalid_count: 0; positive_reward_count: 36; success_count: 11; episode_count: 22; dead_end_count: 5; best_tax_advantage: 198.0; avg_entropy: 0.3141909814730752; random_action_prob: 0.2307; random_exploration_count: 29; saved_snapshots: 0
form_subcorp 0.0 44
buy_stock 0.0 21
compensate_employees 0.2705050505050505 25
liquidate_corp 0.40131578947368424 38
update_start: 17; random_action_prob: 0.2296
update_complete: 17; loss: 0.06593603392442067; cumulative_reward: 42.51515151515152; invalid_count: 0; positive_reward_count: 57; success_count: 21; episode_count: 28; dead_end_count: 4; best_tax_advantage: 198.0; avg_entropy: 0.28498662362108007; random_action_prob: 0.2296; random_exploration_count: 36; saved_snapshots: 0
form_subcorp 0.0 34
buy_stock 0.0 28
compensate_employees 0.3277056277056277 35
liquidate_corp 1.001466275659824 31
update_start: 18; random_action_prob: 0.2284
update_complete: 18; loss: 0.051790827264388405; cumulative_reward: 39.67424242424242; invalid_count: 0; positive_reward_count: 46; success_count: 20; episode_count: 25; dead_end_count: 3; best_tax_advantage: 198.0; avg_entropy: 0.21446943777846172; random_action_prob: 0.2284; random_exploration_count: 27; saved_snapshots: 0
form_subcorp 0.0 40
buy_stock 0.0 24
compensate_employees 0.4009324009324009 26
liquidate_corp 0.7697368421052632 38
update_start: 19; random_action_prob: 0.2273
update_complete: 19; loss: 0.05054076015949249; cumulative_reward: 31.12373737373737; invalid_count: 0; positive_reward_count: 59; success_count: 15; episode_count: 25; dead_end_count: 5; best_tax_advantage: 198.0; avg_entropy: 0.3732166340050753; random_action_prob: 0.2273; random_exploration_count: 31; saved_snapshots: 0
form_subcorp 0.0 32
buy_stock 0.0 26
compensate_employees 0.21946740128558312 44
liquidate_corp 0.8256604506604506 26
update_start: 20; random_action_prob: 0.2262
update_complete: 20; loss: 0.05700022603074709; cumulative_reward: 34.81060606060606; invalid_count: 0; positive_reward_count: 47; success_count: 17; episode_count: 24; dead_end_count: 3; best_tax_advantage: 198.0; avg_entropy: 0.306797087774612; random_action_prob: 0.2262; random_exploration_count: 30; saved_snapshots: 0
form_subcorp 0.0 39
buy_stock 0.0 25
compensate_employees 0.33535353535353535 30
liquidate_corp 0.7279411764705882 34
update_start: 21; random_action_prob: 0.2250
update_complete: 21; loss: 0.048715041329463325; cumulative_reward: 38.378787878787875; invalid_count: 0; positive_reward_count: 50; success_count: 19; episode_count: 23; dead_end_count: 2; best_tax_advantage: 198.0; avg_entropy: 0.28029659498133697; random_action_prob: 0.2250; random_exploration_count: 36; saved_snapshots: 0
form_subcorp 0.0 38
buy_stock 0.0 23
compensate_employees 0.3383838383838384 30
liquidate_corp 0.7628992628992629 37
update_start: 22; random_action_prob: 0.2239
update_complete: 22; loss: 0.05846260736385981; cumulative_reward: 42.03030303030303; invalid_count: 0; positive_reward_count: 49; success_count: 21; episode_count: 27; dead_end_count: 4; best_tax_advantage: 198.0; avg_entropy: 0.26171644154237583; random_action_prob: 0.2239; random_exploration_count: 26; saved_snapshots: 0
form_subcorp 0.0 38
buy_stock 0.0 27
compensate_employees 0.4120838009726899 27
liquidate_corp 0.8584455667789002 36
update_start: 23; random_action_prob: 0.2228
update_complete: 23; loss: 0.09494322041670482; cumulative_reward: 41.38636363636364; invalid_count: 0; positive_reward_count: 50; success_count: 21; episode_count: 28; dead_end_count: 5; best_tax_advantage: 198.0; avg_entropy: 0.25791998152271844; random_action_prob: 0.2228; random_exploration_count: 29; saved_snapshots: 0
form_subcorp 0.0 37
buy_stock 0.0 28
compensate_employees 0.384012539184953 29
liquidate_corp 0.8897058823529411 34
update_start: 24; random_action_prob: 0.2217
update_complete: 24; loss: 0.04859175657232603; cumulative_reward: 41.176767676767675; invalid_count: 0; positive_reward_count: 52; success_count: 21; episode_count: 28; dead_end_count: 6; best_tax_advantage: 198.0; avg_entropy: 0.23286582648870535; random_action_prob: 0.2217; random_exploration_count: 31; saved_snapshots: 0
form_subcorp 0.0 35
buy_stock 0.0 29
compensate_employees 0.3533724340175953 31
liquidate_corp 0.9158249158249158 33
update_start: 25; random_action_prob: 0.2206
update_complete: 25; loss: 0.02219430947055419; cumulative_reward: 54.33838383838384; invalid_count: 0; positive_reward_count: 60; success_count: 27; episode_count: 30; dead_end_count: 2; best_tax_advantage: 198.0; avg_entropy: 0.11148832555045374; random_action_prob: 0.2206; random_exploration_count: 26; saved_snapshots: 0
form_subcorp 0.0 33
buy_stock 0.0 31
compensate_employees 0.43497474747474746 32
liquidate_corp 1.2630997474747474 32
update_start: 26; random_action_prob: 0.2195
update_complete: 26; loss: 0.03297559234003226; cumulative_reward: 45.17676767676768; invalid_count: 0; positive_reward_count: 61; success_count: 22; episode_count: 26; dead_end_count: 2; best_tax_advantage: 198.0; avg_entropy: 0.16911326450644992; random_action_prob: 0.2195; random_exploration_count: 23; saved_snapshots: 0
form_subcorp 0.0 33
buy_stock 0.0 27
compensate_employees 0.32270069112174377 38
liquidate_corp 1.097138047138047 30
update_start: 27; random_action_prob: 0.2184
update_complete: 27; loss: 0.04705643902222315; cumulative_reward: 39.79292929292929; invalid_count: 0; positive_reward_count: 52; success_count: 20; episode_count: 28; dead_end_count: 6; best_tax_advantage: 198.0; avg_entropy: 0.2246796656982042; random_action_prob: 0.2184; random_exploration_count: 24; saved_snapshots: 0
form_subcorp 0.0 35
buy_stock 0.0 28
compensate_employees 0.3504398826979472 31
liquidate_corp 0.8508615567439097 34
update_start: 28; random_action_prob: 0.2173
update_complete: 28; loss: 0.028810199971000355; cumulative_reward: 46.60858585858586; invalid_count: 0; positive_reward_count: 53; success_count: 23; episode_count: 27; dead_end_count: 3; best_tax_advantage: 198.0; avg_entropy: 0.22057164245052263; random_action_prob: 0.2173; random_exploration_count: 27; saved_snapshots: 0
form_subcorp 0.0 36
buy_stock 0.0 28
compensate_employees 0.4285963079066527 29
liquidate_corp 0.9765512265512265 35
update_start: 29; random_action_prob: 0.2162
update_complete: 29; loss: 0.03801263868808746; cumulative_reward: 39.61616161616162; invalid_count: 0; positive_reward_count: 43; success_count: 20; episode_count: 25; dead_end_count: 4; best_tax_advantage: 198.0; avg_entropy: 0.2488681474205805; random_action_prob: 0.2162; random_exploration_count: 32; saved_snapshots: 0
form_subcorp 0.0 41
buy_stock 0.0 25
compensate_employees 0.4569609134826526 23
liquidate_corp 0.7463092463092463 39
update_start: 30; random_action_prob: 0.2151
update_complete: 30; loss: 0.056935351341962814; cumulative_reward: 40.66414141414141; invalid_count: 0; positive_reward_count: 45; success_count: 20; episode_count: 23; dead_end_count: 1; best_tax_advantage: 198.0; avg_entropy: 0.2658921954862308; random_action_prob: 0.2151; random_exploration_count: 32; saved_snapshots: 0
form_subcorp 0.0 41
buy_stock 0.0 23
compensate_employees 0.43656565656565655 25
liquidate_corp 0.7628205128205128 39
update_start: 31; random_action_prob: 0.2140
update_complete: 31; loss: 0.08527219419678052; cumulative_reward: 22.166666666666668; invalid_count: 0; positive_reward_count: 34; success_count: 11; episode_count: 21; dead_end_count: 4; best_tax_advantage: 198.0; avg_entropy: 0.37140658145654015; random_action_prob: 0.2140; random_exploration_count: 33; saved_snapshots: 0
form_subcorp 0.0 45
buy_stock 0.0 21
compensate_employees 0.2852437417654809 23
liquidate_corp 0.40015540015540013 39
update_start: 32; random_action_prob: 0.2130
update_complete: 32; loss: 0.07988199839989345; cumulative_reward: 37.71212121212121; invalid_count: 0; positive_reward_count: 40; success_count: 19; episode_count: 23; dead_end_count: 2; best_tax_advantage: 198.0; avg_entropy: 0.2484922190051293; random_action_prob: 0.2130; random_exploration_count: 28; saved_snapshots: 0
form_subcorp 0.0 43
buy_stock 0.0 23
compensate_employees 0.4624819624819625 21
liquidate_corp 0.6829268292682927 41
update_start: 33; random_action_prob: 0.2119
update_complete: 33; loss: 0.052579302340745926; cumulative_reward: 42.9040404040404; invalid_count: 0; positive_reward_count: 56; success_count: 21; episode_count: 26; dead_end_count: 2; best_tax_advantage: 198.0; avg_entropy: 0.2623937153548468; random_action_prob: 0.2119; random_exploration_count: 24; saved_snapshots: 0
form_subcorp 0.0 35
buy_stock 0.0 27
compensate_employees 0.3374925727866904 34
liquidate_corp 0.9821654040404041 32
update_start: 34; random_action_prob: 0.2108
update_complete: 34; loss: 0.11983814835548401; cumulative_reward: 40.06565656565657; invalid_count: 0; positive_reward_count: 68; success_count: 19; episode_count: 26; dead_end_count: 2; best_tax_advantage: 198.0; avg_entropy: 0.2365202274522744; random_action_prob: 0.2108; random_exploration_count: 30; saved_snapshots: 0
form_subcorp 0.0 29
buy_stock 0.0 27
compensate_employees 0.24263468013468015 48
liquidate_corp 1.1841329966329968 24
update_start: 35; random_action_prob: 0.2098
update_complete: 35; loss: 0.03868485614657402; cumulative_reward: 53.82828282828282; invalid_count: 0; positive_reward_count: 59; success_count: 27; episode_count: 31; dead_end_count: 4; best_tax_advantage: 198.0; avg_entropy: 0.097235624154564; random_action_prob: 0.2098; random_exploration_count: 23; saved_snapshots: 0
form_subcorp 0.0 33
buy_stock 0.0 31
compensate_employees 0.44884327142391656 31
liquidate_corp 1.209519436792164 33
update_start: 36; random_action_prob: 0.2087
update_complete: 36; loss: 0.08013946066300075; cumulative_reward: 43.32828282828283; invalid_count: 0; positive_reward_count: 49; success_count: 22; episode_count: 29; dead_end_count: 6; best_tax_advantage: 198.0; avg_entropy: 0.12030778679763898; random_action_prob: 0.2087; random_exploration_count: 31; saved_snapshots: 0
form_subcorp 0.0 37
buy_stock 0.0 29
compensate_employees 0.439005439005439 26
liquidate_corp 0.8865039281705949 36
update_start: 37; random_action_prob: 0.2077
update_complete: 37; loss: 0.020371759310364723; cumulative_reward: 51.17171717171716; invalid_count: 0; positive_reward_count: 66; success_count: 25; episode_count: 28; dead_end_count: 0; best_tax_advantage: 198.0; avg_entropy: 0.12307546458032448; random_action_prob: 0.2077; random_exploration_count: 19; saved_snapshots: 0
form_subcorp 0.0 31
buy_stock 0.0 29
compensate_employees 0.3334565163833456 41
liquidate_corp 1.3888888888888888 27
update_start: 38; random_action_prob: 0.2066
update_complete: 38; loss: 0.050357650965452194; cumulative_reward: 50.232323232323225; invalid_count: 0; positive_reward_count: 59; success_count: 25; episode_count: 30; dead_end_count: 4; best_tax_advantage: 198.0; avg_entropy: 0.1454403344541788; random_action_prob: 0.2066; random_exploration_count: 22; saved_snapshots: 0
form_subcorp 0.0 33
buy_stock 0.0 30
compensate_employees 0.403887358432813 33
liquidate_corp 1.1532512626262625 32
update_start: 39; random_action_prob: 0.2056
update_complete: 39; loss: 0.06013162558277448; cumulative_reward: 41.39141414141415; invalid_count: 0; positive_reward_count: 52; success_count: 21; episode_count: 29; dead_end_count: 7; best_tax_advantage: 198.0; avg_entropy: 0.18623443516844418; random_action_prob: 0.2056; random_exploration_count: 28; saved_snapshots: 0
form_subcorp 0.0 35
buy_stock 0.0 30
compensate_employees 0.3747474747474747 30
liquidate_corp 0.9136057545148455 33
update_start: 40; random_action_prob: 0.2046
update_complete: 40; loss: 0.03400504713257154; cumulative_reward: 45.75757575757576; invalid_count: 0; positive_reward_count: 57; success_count: 23; episode_count: 29; dead_end_count: 4; best_tax_advantage: 198.0; avg_entropy: 0.1901288438384654; random_action_prob: 0.2046; random_exploration_count: 28; saved_snapshots: 0
form_subcorp 0.0 34
buy_stock 0.0 29
compensate_employees 0.357397504456328 34
liquidate_corp 1.0840664711632455 31
update_start: 41; random_action_prob: 0.2036
update_complete: 41; loss: 0.07994656761487325; cumulative_reward: 54.04797979797979; invalid_count: 0; positive_reward_count: 56; success_count: 27; episode_count: 30; dead_end_count: 3; best_tax_advantage: 198.0; avg_entropy: 0.13450518356694374; random_action_prob: 0.2036; random_exploration_count: 34; saved_snapshots: 0
form_subcorp 0.0 35
buy_stock 0.0 30
compensate_employees 0.49639249639249644 28
liquidate_corp 1.147113997113997 35
update_start: 42; random_action_prob: 0.2025
update_complete: 42; loss: 0.12162015090386073; cumulative_reward: 44.853535353535364; invalid_count: 0; positive_reward_count: 56; success_count: 23; episode_count: 30; dead_end_count: 6; best_tax_advantage: 198.0; avg_entropy: 0.14994142649811693; random_action_prob: 0.2025; random_exploration_count: 30; saved_snapshots: 0
form_subcorp 0.0 33
buy_stock 0.0 31
compensate_employees 0.3591980410162228 33
liquidate_corp 1.064516129032258 31
update_start: 43; random_action_prob: 0.2015
update_complete: 43; loss: 0.06171909347176552; cumulative_reward: 47.65656565656566; invalid_count: 0; positive_reward_count: 60; success_count: 24; episode_count: 30; dead_end_count: 4; best_tax_advantage: 198.0; avg_entropy: 0.1338272050343221; random_action_prob: 0.2015; random_exploration_count: 24; saved_snapshots: 0
form_subcorp 0.0 32
buy_stock 0.0 30
compensate_employees 0.35157126823793494 36
liquidate_corp 1.1666666666666667 30
update_start: 44; random_action_prob: 0.2005
update_complete: 44; loss: 0.04867317775885264; cumulative_reward: 45.75757575757576; invalid_count: 0; positive_reward_count: 58; success_count: 23; episode_count: 29; dead_end_count: 4; best_tax_advantage: 198.0; avg_entropy: 0.1578787937614834; random_action_prob: 0.2005; random_exploration_count: 22; saved_snapshots: 0
form_subcorp 0.0 33
buy_stock 0.0 29
compensate_employees 0.3502164502164502 35
liquidate_corp 1.0806451612903225 31
update_start: 45; random_action_prob: 0.1995
update_complete: 45; loss: 0.0806093489130338; cumulative_reward: 51.34848484848484; invalid_count: 0; positive_reward_count: 60; success_count: 25; episode_count: 29; dead_end_count: 4; best_tax_advantage: 198.0; avg_entropy: 0.1812168465985451; random_action_prob: 0.1995; random_exploration_count: 33; saved_snapshots: 0
form_subcorp 0.0 33
buy_stock 0.0 30
compensate_employees 0.4219467401285583 33
liquidate_corp 1.1695075757575757 32
update_start: 46; random_action_prob: 0.1985
update_complete: 46; loss: 0.037715998167792954; cumulative_reward: 52.04797979797979; invalid_count: 0; positive_reward_count: 54; success_count: 26; episode_count: 30; dead_end_count: 3; best_tax_advantage: 198.0; avg_entropy: 0.09100836262223311; random_action_prob: 0.1985; random_exploration_count: 28; saved_snapshots: 0
form_subcorp 0.0 36
buy_stock 0.0 30
compensate_employees 0.49625888514777405 27
liquidate_corp 1.1042568542568543 35
update_start: 47; random_action_prob: 0.1975
update_complete: 47; loss: 0.039444376404086746; cumulative_reward: 55.5; invalid_count: 0; positive_reward_count: 56; success_count: 28; episode_count: 30; dead_end_count: 2; best_tax_advantage: 198.0; avg_entropy: 0.07092725590337068; random_action_prob: 0.1975; random_exploration_count: 27; saved_snapshots: 0
form_subcorp 0.0 35
buy_stock 0.0 30
compensate_employees 0.5 28
liquidate_corp 1.1857142857142857 35
update_start: 48; random_action_prob: 0.1965
update_complete: 48; loss: 0.09711339324712753; cumulative_reward: 45.638888888888886; invalid_count: 0; positive_reward_count: 62; success_count: 23; episode_count: 30; dead_end_count: 5; best_tax_advantage: 198.0; avg_entropy: 0.1684466208680533; random_action_prob: 0.1965; random_exploration_count: 26; saved_snapshots: 0
form_subcorp 0.0 31
buy_stock 0.0 30
compensate_employees 0.31714581714581713 39
liquidate_corp 1.1882215007215007 28
update_start: 49; random_action_prob: 0.1956
update_complete: 49; loss: 0.09248668452103932; cumulative_reward: 57.25; invalid_count: 0; positive_reward_count: 58; success_count: 29; episode_count: 32; dead_end_count: 3; best_tax_advantage: 198.0; avg_entropy: 0.11740675380860921; random_action_prob: 0.1956; random_exploration_count: 21; saved_snapshots: 0
form_subcorp 0.0 34
buy_stock 0.0 32
compensate_employees 0.5 29
liquidate_corp 1.2954545454545454 33
update_start: 50; random_action_prob: 0.1946
update_complete: 50; loss: 0.09864363571008046; cumulative_reward: 47.131313131313135; invalid_count: 0; positive_reward_count: 54; success_count: 24; episode_count: 29; dead_end_count: 4; best_tax_advantage: 198.0; avg_entropy: 0.14086211053654552; random_action_prob: 0.1946; random_exploration_count: 25; saved_snapshots: 0
form_subcorp 0.0 35
buy_stock 0.0 30
compensate_employees 0.4043771043771044 30
liquidate_corp 1.0606060606060606 33
update_start: 51; random_action_prob: 0.1936
update_complete: 51; loss: 0.03760474423567454; cumulative_reward: 57.78030303030303; invalid_count: 0; positive_reward_count: 61; success_count: 29; episode_count: 30; dead_end_count: 1; best_tax_advantage: 198.0; avg_entropy: 0.11126335924200248; random_action_prob: 0.1936; random_exploration_count: 13; saved_snapshots: 0
form_subcorp 0.0 33
buy_stock 0.0 30
compensate_employees 0.45359848484848486 32
liquidate_corp 1.3110651974288339 33
update_start: 52; random_action_prob: 0.1926
update_complete: 52; loss: 0.0367883617679278; cumulative_reward: 47.67424242424242; invalid_count: 0; positive_reward_count: 54; success_count: 24; episode_count: 28; dead_end_count: 3; best_tax_advantage: 198.0; avg_entropy: 0.16803091960173333; random_action_prob: 0.1926; random_exploration_count: 25; saved_snapshots: 0
form_subcorp 0.0 36
buy_stock 0.0 28
compensate_employees 0.41414141414141414 30
liquidate_corp 1.036764705882353 34
update_start: 53; random_action_prob: 0.1917
update_complete: 53; loss: 0.08768861989180247; cumulative_reward: 44.32575757575758; invalid_count: 0; positive_reward_count: 61; success_count: 22; episode_count: 27; dead_end_count: 3; best_tax_advantage: 198.0; avg_entropy: 0.2512605669471668; random_action_prob: 0.1917; random_exploration_count: 19; saved_snapshots: 0
form_subcorp 0.0 32
buy_stock 0.0 28
compensate_employees 0.30963480963480966 39
liquidate_corp 1.1120689655172413 29
update_start: 54; random_action_prob: 0.1907
update_complete: 54; loss: 0.03892467667659124; cumulative_reward: 36.6388888888889; invalid_count: 0; positive_reward_count: 54; success_count: 18; episode_count: 23; dead_end_count: 1; best_tax_advantage: 198.0; avg_entropy: 0.26533655237290077; random_action_prob: 0.1907; random_exploration_count: 23; saved_snapshots: 0
form_subcorp 0.0 37
buy_stock 0.0 22
compensate_employees 0.27469135802469136 36
liquidate_corp 0.8106060606060606 33
update_start: 55; random_action_prob: 0.1898
update_complete: 55; loss: 0.06255596876144409; cumulative_reward: 44.338383838383834; invalid_count: 0; positive_reward_count: 54; success_count: 22; episode_count: 26; dead_end_count: 2; best_tax_advantage: 198.0; avg_entropy: 0.27886260370723903; random_action_prob: 0.1898; random_exploration_count: 25; saved_snapshots: 0
form_subcorp 0.0 36
buy_stock 0.0 26
compensate_employees 0.369949494949495 32
liquidate_corp 0.9558823529411765 34
update_start: 56; random_action_prob: 0.1888
update_complete: 56; loss: 0.04230393096804619; cumulative_reward: 44.17171717171718; invalid_count: 0; positive_reward_count: 56; success_count: 22; episode_count: 27; dead_end_count: 4; best_tax_advantage: 198.0; avg_entropy: 0.23542924658977427; random_action_prob: 0.1888; random_exploration_count: 21; saved_snapshots: 0
form_subcorp 0.0 35
buy_stock 0.0 27
compensate_employees 0.3530762167125804 33
liquidate_corp 0.9854606672788491 33
update_start: 57; random_action_prob: 0.1879
update_complete: 57; loss: 0.04040755952397982; cumulative_reward: 45.5; invalid_count: 0; positive_reward_count: 46; success_count: 23; episode_count: 25; dead_end_count: 2; best_tax_advantage: 198.0; avg_entropy: 0.20755222589650657; random_action_prob: 0.1879; random_exploration_count: 16; saved_snapshots: 0
form_subcorp 0.0 40
buy_stock 0.0 25
compensate_employees 0.5 23
liquidate_corp 0.85 40
update_start: 58; random_action_prob: 0.1869
update_complete: 58; loss: 0.06649824480215709; cumulative_reward: 34.49747474747475; invalid_count: 0; positive_reward_count: 44; success_count: 17; episode_count: 22; dead_end_count: 1; best_tax_advantage: 198.0; avg_entropy: 0.29374787327833474; random_action_prob: 0.1869; random_exploration_count: 20; saved_snapshots: 0
form_subcorp 0.0 42
buy_stock 0.0 21
compensate_employees 0.34249906472128694 27
liquidate_corp 0.6644736842105263 38
update_start: 59; random_action_prob: 0.1860
update_complete: 59; loss: 0.03423366571466128; cumulative_reward: 45.44444444444444; invalid_count: 0; positive_reward_count: 50; success_count: 23; episode_count: 27; dead_end_count: 4; best_tax_advantage: 198.0; avg_entropy: 0.2476941391796572; random_action_prob: 0.1860; random_exploration_count: 23; saved_snapshots: 0
form_subcorp 0.0 37
buy_stock 0.0 28
compensate_employees 0.434156378600823 27
liquidate_corp 0.9367283950617283 36
update_start: 60; random_action_prob: 0.1851
update_complete: 60; loss: 0.0331233541170756; cumulative_reward: 41.92424242424242; invalid_count: 0; positive_reward_count: 48; success_count: 21; episode_count: 24; dead_end_count: 2; best_tax_advantage: 198.0; avg_entropy: 0.21850857968092896; random_action_prob: 0.1851; random_exploration_count: 18; saved_snapshots: 0
form_subcorp 0.0 39
buy_stock 0.0 24
compensate_employees 0.4046015712682379 27
liquidate_corp 0.8157894736842105 38
update_start: 61; random_action_prob: 0.1841
update_complete: 61; loss: 0.049791583170493446; cumulative_reward: 36.07070707070707; invalid_count: 0; positive_reward_count: 52; success_count: 18; episode_count: 25; dead_end_count: 4; best_tax_advantage: 198.0; avg_entropy: 0.29162544243445154; random_action_prob: 0.1841; random_exploration_count: 23; saved_snapshots: 0
form_subcorp 0.0 36
buy_stock 0.0 26
compensate_employees 0.29619726678550207 34
liquidate_corp 0.8125 32
update_start: 62; random_action_prob: 0.1832
update_complete: 62; loss: 0.038411943862835564; cumulative_reward: 38.61868686868687; invalid_count: 0; positive_reward_count: 52; success_count: 19; episode_count: 25; dead_end_count: 5; best_tax_advantage: 198.0; avg_entropy: 0.30980739422375336; random_action_prob: 0.1832; random_exploration_count: 31; saved_snapshots: 0
form_subcorp 0.0 37
buy_stock 0.0 25
compensate_employees 0.3403388725969371 31
liquidate_corp 0.8019480519480519 35
update_start: 63; random_action_prob: 0.1823
update_complete: 63; loss: 0.04315708577632904; cumulative_reward: 37.381313131313135; invalid_count: 0; positive_reward_count: 44; success_count: 19; episode_count: 24; dead_end_count: 3; best_tax_advantage: 198.0; avg_entropy: 0.26034722418989986; random_action_prob: 0.1823; random_exploration_count: 29; saved_snapshots: 0
form_subcorp 0.0 41
buy_stock 0.0 24
compensate_employees 0.38525252525252524 25
liquidate_corp 0.7302631578947368 38
update_start: 64; random_action_prob: 0.1814
update_complete: 64; loss: 0.07510527223348618; cumulative_reward: 33.631313131313135; invalid_count: 0; positive_reward_count: 40; success_count: 17; episode_count: 22; dead_end_count: 2; best_tax_advantage: 198.0; avg_entropy: 0.28277617089042906; random_action_prob: 0.1814; random_exploration_count: 23; saved_snapshots: 0
form_subcorp 0.0 43
buy_stock 0.0 21
compensate_employees 0.37527448397013613 23
liquidate_corp 0.6097560975609756 41
update_start: 65; random_action_prob: 0.1805
update_complete: 65; loss: 0.0419265553355217; cumulative_reward: 35.63636363636364; invalid_count: 0; positive_reward_count: 42; success_count: 18; episode_count: 25; dead_end_count: 4; best_tax_advantage: 198.0; avg_entropy: 0.26068730058614165; random_action_prob: 0.1805; random_exploration_count: 28; saved_snapshots: 0
form_subcorp 0.0 41
buy_stock 0.0 24
compensate_employees 0.3968855218855219 24
liquidate_corp 0.6695156695156695 39
update_start: 66; random_action_prob: 0.1796
update_complete: 66; loss: 0.02784275698165099; cumulative_reward: 42.16414141414141; invalid_count: 0; positive_reward_count: 47; success_count: 21; episode_count: 26; dead_end_count: 3; best_tax_advantage: 198.0; avg_entropy: 0.22749492055299925; random_action_prob: 0.1796; random_exploration_count: 25; saved_snapshots: 0
form_subcorp 0.0 39
buy_stock 0.0 27
compensate_employees 0.439005439005439 26
liquidate_corp 0.8541666666666666 36
update_start: 67; random_action_prob: 0.1787
update_complete: 67; loss: 0.043577623864014946; cumulative_reward: 40.70202020202019; invalid_count: 0; positive_reward_count: 45; success_count: 20; episode_count: 26; dead_end_count: 4; best_tax_advantage: 198.0; avg_entropy: 0.27281401833170094; random_action_prob: 0.1787; random_exploration_count: 23; saved_snapshots: 0
form_subcorp 0.0 40
buy_stock 0.0 27
compensate_employees 0.47095959595959597 24
liquidate_corp 0.7945672945672946 37
update_start: 68; random_action_prob: 0.1778
update_complete: 68; loss: 0.022431631882985432; cumulative_reward: 38.16414141414141; invalid_count: 0; positive_reward_count: 43; success_count: 19; episode_count: 23; dead_end_count: 3; best_tax_advantage: 198.0; avg_entropy: 0.2705218660121318; random_action_prob: 0.1778; random_exploration_count: 25; saved_snapshots: 0
form_subcorp 0.0 41
buy_stock 0.0 24
compensate_employees 0.4339225589225589 24
liquidate_corp 0.7115384615384616 39
update_start: 69; random_action_prob: 0.1769
update_complete: 69; loss: -0.007712009983758132; cumulative_reward: 57.75; invalid_count: 0; positive_reward_count: 58; success_count: 29; episode_count: 31; dead_end_count: 1; best_tax_advantage: 198.0; avg_entropy: 0.15003626700126915; random_action_prob: 0.1769; random_exploration_count: 22; saved_snapshots: 0
form_subcorp 0.0 35
buy_stock 0.0 31
compensate_employees 0.5 29
liquidate_corp 1.3106060606060606 33
update_start: 70; random_action_prob: 0.1760
update_complete: 70; loss: 0.08433780819177628; cumulative_reward: 43.992424242424235; invalid_count: 0; positive_reward_count: 54; success_count: 22; episode_count: 28; dead_end_count: 5; best_tax_advantage: 198.0; avg_entropy: 0.18651154897816014; random_action_prob: 0.1760; random_exploration_count: 26; saved_snapshots: 0
form_subcorp 0.0 35
buy_stock 0.0 29
compensate_employees 0.3817204301075269 31
liquidate_corp 0.974517906336088 33
update_start: 71; random_action_prob: 0.1751
update_complete: 71; loss: 0.04338858649134636; cumulative_reward: 47.07828282828283; invalid_count: 0; positive_reward_count: 55; success_count: 23; episode_count: 26; dead_end_count: 1; best_tax_advantage: 198.0; avg_entropy: 0.16784783556431648; random_action_prob: 0.1751; random_exploration_count: 28; saved_snapshots: 0
form_subcorp 0.0 36
buy_stock 0.0 27
compensate_employees 0.4008838383838384 32
liquidate_corp 1.0378787878787878 33
update_start: 72; random_action_prob: 0.1743
update_complete: 72; loss: 0.03891098002592722; cumulative_reward: 51.871212121212125; invalid_count: 0; positive_reward_count: 57; success_count: 26; episode_count: 30; dead_end_count: 3; best_tax_advantage: 198.0; avg_entropy: 0.12517620515427552; random_action_prob: 0.1743; random_exploration_count: 25; saved_snapshots: 0
form_subcorp 0.0 34
buy_stock 0.0 31
compensate_employees 0.4393939393939394 31
liquidate_corp 1.1953125 32
update_start: 73; random_action_prob: 0.1734
update_complete: 73; loss: 0.03998362769683202; cumulative_reward: 50.75; invalid_count: 0; positive_reward_count: 52; success_count: 26; episode_count: 31; dead_end_count: 5; best_tax_advantage: 198.0; avg_entropy: 0.13315802644501673; random_action_prob: 0.1734; random_exploration_count: 25; saved_snapshots: 0
form_subcorp 0.0 36
buy_stock 0.0 31
compensate_employees 0.5 26
liquidate_corp 1.0785714285714285 35
update_start: 74; random_action_prob: 0.1725
update_complete: 74; loss: 0.045195924739042916; cumulative_reward: 55.78030303030303; invalid_count: 0; positive_reward_count: 62; success_count: 28; episode_count: 30; dead_end_count: 1; best_tax_advantage: 198.0; avg_entropy: 0.07426333124021767; random_action_prob: 0.1725; random_exploration_count: 14; saved_snapshots: 0
form_subcorp 0.0 33
buy_stock 0.0 30
compensate_employees 0.4126559714795009 34
liquidate_corp 1.346774193548387 31
update_start: 75; random_action_prob: 0.1717
update_complete: 75; loss: 0.02460187052687009; cumulative_reward: 52.05050505050506; invalid_count: 0; positive_reward_count: 59; success_count: 26; episode_count: 31; dead_end_count: 4; best_tax_advantage: 198.0; avg_entropy: 0.12696181813953444; random_action_prob: 0.1717; random_exploration_count: 25; saved_snapshots: 0
form_subcorp 0.0 33
buy_stock 0.0 31
compensate_employees 0.42266414141414144 32
liquidate_corp 1.2039141414141414 32
update_start: 76; random_action_prob: 0.1708
update_complete: 76; loss: 0.02483861893415451; cumulative_reward: 55.75; invalid_count: 0; positive_reward_count: 57; success_count: 28; episode_count: 31; dead_end_count: 3; best_tax_advantage: 198.0; avg_entropy: 0.06908002101772581; random_action_prob: 0.1708; random_exploration_count: 22; saved_snapshots: 0
form_subcorp 0.0 34
buy_stock 0.0 32
compensate_employees 0.5 29
liquidate_corp 1.25 33
update_start: 77; random_action_prob: 0.1699
update_complete: 77; loss: 0.04018233095606168; cumulative_reward: 42.88383838383838; invalid_count: 0; positive_reward_count: 63; success_count: 20; episode_count: 28; dead_end_count: 6; best_tax_advantage: 198.0; avg_entropy: 0.22563076906953938; random_action_prob: 0.1699; random_exploration_count: 29; saved_snapshots: 0
form_subcorp 0.0 32
buy_stock 0.0 28
compensate_employees 0.3253588516746411 38
liquidate_corp 1.0173400673400674 30
update_start: 78; random_action_prob: 0.1691
update_complete: 78; loss: 0.03607331464687983; cumulative_reward: 43.42929292929293; invalid_count: 0; positive_reward_count: 64; success_count: 21; episode_count: 27; dead_end_count: 2; best_tax_advantage: 198.0; avg_entropy: 0.19479616956232348; random_action_prob: 0.1691; random_exploration_count: 18; saved_snapshots: 0
form_subcorp 0.0 31
buy_stock 0.0 27
compensate_employees 0.2827050997782705 41
liquidate_corp 1.0978753047718564 29
update_start: 79; random_action_prob: 0.1683
update_complete: 79; loss: 0.020854545757174492; cumulative_reward: 57.5; invalid_count: 0; positive_reward_count: 58; success_count: 29; episode_count: 31; dead_end_count: 2; best_tax_advantage: 198.0; avg_entropy: 0.06788085466178018; random_action_prob: 0.1683; random_exploration_count: 23; saved_snapshots: 0
form_subcorp 0.0 34
buy_stock 0.0 32
compensate_employees 0.5 29
liquidate_corp 1.303030303030303 33
update_start: 80; random_action_prob: 0.1674
update_complete: 80; loss: 0.009432170850535234; cumulative_reward: 59.5; invalid_count: 0; positive_reward_count: 60; success_count: 30; episode_count: 32; dead_end_count: 2; best_tax_advantage: 198.0; avg_entropy: 0.061031438410282135; random_action_prob: 0.1674; random_exploration_count: 12; saved_snapshots: 0
form_subcorp 0.0 33
buy_stock 0.0 33
compensate_employees 0.5 30
liquidate_corp 1.390625 32
update_start: 81; random_action_prob: 0.1666
update_complete: 81; loss: 0.06286453952391942; cumulative_reward: 42.41919191919193; invalid_count: 0; positive_reward_count: 64; success_count: 21; episode_count: 28; dead_end_count: 4; best_tax_advantage: 198.0; avg_entropy: 0.24839664423416252; random_action_prob: 0.1666; random_exploration_count: 30; saved_snapshots: 0
form_subcorp 0.0 30
buy_stock 0.0 29
compensate_employees 0.27448907681465823 43
liquidate_corp 1.1775446775446776 26
update_start: 82; random_action_prob: 0.1657
update_complete: 82; loss: 0.13220641513665518; cumulative_reward: 58.79797979797979; invalid_count: 0; positive_reward_count: 61; success_count: 29; episode_count: 31; dead_end_count: 2; best_tax_advantage: 198.0; avg_entropy: 0.08160848372790497; random_action_prob: 0.1657; random_exploration_count: 14; saved_snapshots: 0
form_subcorp 0.0 33
buy_stock 0.0 32
compensate_employees 0.4967416096448355 31
liquidate_corp 1.3562184343434343 32
update_start: 83; random_action_prob: 0.1649
update_complete: 83; loss: 0.07090803732474645; cumulative_reward: 49.881313131313135; invalid_count: 0; positive_reward_count: 57; success_count: 25; episode_count: 29; dead_end_count: 3; best_tax_advantage: 198.0; avg_entropy: 0.09835410870437045; random_action_prob: 0.1649; random_exploration_count: 17; saved_snapshots: 0
form_subcorp 0.0 34
buy_stock 0.0 30
compensate_employees 0.41035353535353536 32
liquidate_corp 1.1484375 32
update_start: 84; random_action_prob: 0.1641
update_complete: 84; loss: 0.07780524467428525; cumulative_reward: 49.40656565656566; invalid_count: 0; positive_reward_count: 59; success_count: 25; episode_count: 29; dead_end_count: 3; best_tax_advantage: 198.0; avg_entropy: 0.14113943300617393; random_action_prob: 0.1641; random_exploration_count: 18; saved_snapshots: 0
form_subcorp 0.0 33
buy_stock 0.0 30
compensate_employees 0.38307315580042856 33
liquidate_corp 1.1489109848484849 32
update_start: 85; random_action_prob: 0.1633
update_complete: 85; loss: 0.04445784849425157; cumulative_reward: 48.30050505050505; invalid_count: 0; positive_reward_count: 59; success_count: 24; episode_count: 27; dead_end_count: 1; best_tax_advantage: 198.0; avg_entropy: 0.1693484422066831; random_action_prob: 0.1633; random_exploration_count: 17; saved_snapshots: 0
form_subcorp 0.0 34
buy_stock 0.0 28
compensate_employees 0.35858585858585856 35
liquidate_corp 1.153225806451613 31
update_start: 86; random_action_prob: 0.1625
update_complete: 86; loss: 0.032897702107826866; cumulative_reward: 48.502525252525245; invalid_count: 0; positive_reward_count: 59; success_count: 24; episode_count: 28; dead_end_count: 3; best_tax_advantage: 198.0; avg_entropy: 0.18690546560537769; random_action_prob: 0.1625; random_exploration_count: 20; saved_snapshots: 0
form_subcorp 0.0 34
buy_stock 0.0 28
compensate_employees 0.37759952465834823 34
liquidate_corp 1.1145044191919191 32
update_start: 87; random_action_prob: 0.1616
update_complete: 87; loss: -0.0046462152774135275; cumulative_reward: 53.40656565656565; invalid_count: 0; positive_reward_count: 62; success_count: 26; episode_count: 28; dead_end_count: 1; best_tax_advantage: 198.0; avg_entropy: 0.18056994563085027; random_action_prob: 0.1616; random_exploration_count: 23; saved_snapshots: 0
form_subcorp 0.0 33
buy_stock 0.0 28
compensate_employees 0.4067142008318479 34
liquidate_corp 1.1993419038873585 33
update_start: 88; random_action_prob: 0.1608
update_complete: 88; loss: 0.014258587422470251; cumulative_reward: 46.242424242424235; invalid_count: 0; positive_reward_count: 56; success_count: 23; episode_count: 28; dead_end_count: 4; best_tax_advantage: 198.0; avg_entropy: 0.1902239739720244; random_action_prob: 0.1608; random_exploration_count: 23; saved_snapshots: 0
form_subcorp 0.0 35
buy_stock 0.0 28
compensate_employees 0.3854166666666667 32
liquidate_corp 1.027548209366391 33
update_start: 89; random_action_prob: 0.1600
update_complete: 89; loss: 0.024263881146907806; cumulative_reward: 53.75; invalid_count: 0; positive_reward_count: 55; success_count: 27; episode_count: 30; dead_end_count: 3; best_tax_advantage: 198.0; avg_entropy: 0.14874079945730045; random_action_prob: 0.1600; random_exploration_count: 14; saved_snapshots: 0
form_subcorp 0.0 35
buy_stock 0.0 31
compensate_employees 0.5 28
liquidate_corp 1.1691176470588236 34
update_start: 90; random_action_prob: 0.1592
update_complete: 90; loss: 0.04890190437436104; cumulative_reward: 48.0; invalid_count: 0; positive_reward_count: 48; success_count: 24; episode_count: 25; dead_end_count: 0; best_tax_advantage: 198.0; avg_entropy: 0.22378892289998475; random_action_prob: 0.1592; random_exploration_count: 20; saved_snapshots: 0
form_subcorp 0.0 40
buy_stock 0.0 25
compensate_employees 0.5 24
liquidate_corp 0.9230769230769231 39
update_start: 91; random_action_prob: 0.1584
update_complete: 91; loss: 0.05857319881518682; cumulative_reward: 37.62373737373738; invalid_count: 0; positive_reward_count: 48; success_count: 19; episode_count: 25; dead_end_count: 3; best_tax_advantage: 198.0; avg_entropy: 0.2667620967476978; random_action_prob: 0.1584; random_exploration_count: 27; saved_snapshots: 0
form_subcorp 0.0 39
buy_stock 0.0 25
compensate_employees 0.3481240981240981 28
liquidate_corp 0.7743406285072951 36
update_start: 92; random_action_prob: 0.1576
update_complete: 92; loss: 0.09128248939911525; cumulative_reward: 47.72222222222222; invalid_count: 0; positive_reward_count: 50; success_count: 24; episode_count: 27; dead_end_count: 2; best_tax_advantage: 198.0; avg_entropy: 0.19077053885848727; random_action_prob: 0.1576; random_exploration_count: 21; saved_snapshots: 0
form_subcorp 0.0 38
buy_stock 0.0 27
compensate_employees 0.4658119658119658 26
liquidate_corp 0.9624624624624626 37
update_start: 93; random_action_prob: 0.1569
update_complete: 93; loss: 0.042284401754538216; cumulative_reward: 53.24242424242425; invalid_count: 0; positive_reward_count: 63; success_count: 26; episode_count: 29; dead_end_count: 2; best_tax_advantage: 198.0; avg_entropy: 0.17588842954137363; random_action_prob: 0.1569; random_exploration_count: 18; saved_snapshots: 0
form_subcorp 0.0 32
buy_stock 0.0 30
compensate_employees 0.39814814814814814 36
liquidate_corp 1.2969696969696969 30
update_start: 94; random_action_prob: 0.1561
update_complete: 94; loss: 0.07656488567590714; cumulative_reward: 56.32828282828283; invalid_count: 0; positive_reward_count: 61; success_count: 28; episode_count: 30; dead_end_count: 2; best_tax_advantage: 198.0; avg_entropy: 0.13481063754443312; random_action_prob: 0.1561; random_exploration_count: 14; saved_snapshots: 0
form_subcorp 0.0 33
buy_stock 0.0 30
compensate_employees 0.45044191919191917 32
liquidate_corp 1.2701254973982246 33
update_start: 95; random_action_prob: 0.1553
update_complete: 95; loss: 0.08460033933321635; cumulative_reward: 41.06060606060606; invalid_count: 0; positive_reward_count: 54; success_count: 21; episode_count: 28; dead_end_count: 4; best_tax_advantage: 198.0; avg_entropy: 0.15936975041404366; random_action_prob: 0.1553; random_exploration_count: 19; saved_snapshots: 0
form_subcorp 0.0 35
buy_stock 0.0 28
compensate_employees 0.3200183654729109 33
liquidate_corp 0.953125 32
update_start: 96; random_action_prob: 0.1545
update_complete: 96; loss: 0.05453324317932129; cumulative_reward: 45.95202020202021; invalid_count: 0; positive_reward_count: 60; success_count: 23; episode_count: 27; dead_end_count: 1; best_tax_advantage: 198.0; avg_entropy: 0.14296871185069904; random_action_prob: 0.1545; random_exploration_count: 20; saved_snapshots: 0
form_subcorp 0.0 34
buy_stock 0.0 27
compensate_employees 0.32407407407407407 36
liquidate_corp 1.105979146301727 31
update_start: 97; random_action_prob: 0.1537
update_complete: 97; loss: 0.028847526138027508; cumulative_reward: 54.28030303030303; invalid_count: 0; positive_reward_count: 61; success_count: 27; episode_count: 29; dead_end_count: 1; best_tax_advantage: 198.0; avg_entropy: 0.08247344545088708; random_action_prob: 0.1537; random_exploration_count: 15; saved_snapshots: 0
form_subcorp 0.0 33
buy_stock 0.0 30
compensate_employees 0.4126559714795009 34
liquidate_corp 1.2983870967741935 31
update_start: 98; random_action_prob: 0.1530
update_complete: 98; loss: 0.043167191868027054; cumulative_reward: 46.611111111111114; invalid_count: 0; positive_reward_count: 65; success_count: 23; episode_count: 28; dead_end_count: 2; best_tax_advantage: 198.0; avg_entropy: 0.15484914059197763; random_action_prob: 0.1530; random_exploration_count: 16; saved_snapshots: 0
form_subcorp 0.0 31
buy_stock 0.0 28
compensate_employees 0.29724069967972405 41
liquidate_corp 1.2294372294372293 28
update_start: 99; random_action_prob: 0.1522
update_complete: 99; loss: 0.0372788750876983; cumulative_reward: 53.49242424242424; invalid_count: 0; positive_reward_count: 58; success_count: 27; episode_count: 30; dead_end_count: 3; best_tax_advantage: 198.0; avg_entropy: 0.0722600114531815; random_action_prob: 0.1522; random_exploration_count: 19; saved_snapshots: 0
form_subcorp 0.0 34
buy_stock 0.0 30
compensate_employees 0.4393939393939394 31
liquidate_corp 1.20821854912764 33
2026-07-10T18:30:01 completed subsidiary_stock_comp run=9 elapsed_seconds=701.15 updates_logged=100
wrote metrics to /home/infres/shangold/shelter-check-gym/experiments/results/loophole_learning_metrics_subsidiary_stock_comp_892207_5_20260710_163218
Job finished at Fri Jul 10 18:30:05 CEST 2026
