Job 892210 started on node19 at Fri Jul 10 16:32:19 CEST 2026
Output directory: experiments/results/loophole_learning_metrics_dub_irish_dutch_892210_2_20260710_163219
Loopholes: dub_irish_dutch
Runs: 10; updates: 100; rollout steps: 128; tail updates: 20
SHELTER_CHECK_DEVICE: cpu; stream train logs: 1
Fri Jul 10 16:32:19 2026       
+-----------------------------------------------------------------------------------------+
| NVIDIA-SMI 580.126.18             Driver Version: 580.126.18     CUDA Version: 13.0     |
+-----------------------------------------+------------------------+----------------------+
| GPU  Name                 Persistence-M | Bus-Id          Disp.A | Volatile Uncorr. ECC |
| Fan  Temp   Perf          Pwr:Usage/Cap |           Memory-Usage | GPU-Util  Compute M. |
|                                         |                        |               MIG M. |
|=========================================+========================+======================|
|   0  Tesla P100-PCIE-16GB           Off |   00000000:AF:00.0 Off |                    0 |
| N/A   28C    P0             26W /  250W |       0MiB /  16384MiB |      0%      Default |
|                                         |                        |                  N/A |
+-----------------------------------------+------------------------+----------------------+

+-----------------------------------------------------------------------------------------+
| Processes:                                                                              |
|  GPU   GI   CI              PID   Type   Process name                        GPU Memory |
|        ID   ID                                                               Usage      |
|=========================================================================================|
|  No running processes found                                                             |
+-----------------------------------------------------------------------------------------+
torch 2.5.1+cu121
cuda_available True
cuda 12.1
               total        used        free      shared  buff/cache   available
Mem:            62Gi        25Gi       7.3Gi        15Mi        30Gi        36Gi
Swap:           31Gi       125Mi        31Gi
2026-07-10T16:32:24 running dub_irish_dutch run=0 seed=1729
update: 0; loss: -0.02109079311291377; cumulative_reward: 0.06507368984083753; success_count: 3; episode_count: 14; invalid_count: 0; positive_reward_count: 10; random_exploration_count: 31; best_tax_advantage: 46746000.0; random_action_prob: 0.2500; saved_snapshots: 0
0 -0.0028947368421052633 38
1 0.008216469562524335 43
2 -0.0037922234329299765 47
update: 1; loss: -0.021068623289465904; cumulative_reward: -0.08995774872448979; success_count: 1; episode_count: 14; invalid_count: 0; positive_reward_count: 5; random_exploration_count: 24; best_tax_advantage: 46746000.0; random_action_prob: 0.2487; saved_snapshots: 0
0 -0.001388888888888889 36
1 0.0018295164852402102 43
2 -0.0024209583181595677 49
update: 2; loss: -0.01558527039984862; cumulative_reward: -0.005533211839929705; success_count: 1; episode_count: 12; invalid_count: 0; positive_reward_count: 9; random_exploration_count: 30; best_tax_advantage: 46746000.0; random_action_prob: 0.2475; saved_snapshots: 0
0 -0.0019444444444444446 36
1 0.005989359346333041 41
2 -0.0035509204909722433 51
update: 3; loss: -0.021097720911105473; cumulative_reward: -0.2597620253164558; success_count: 0; episode_count: 13; invalid_count: 0; positive_reward_count: 4; random_exploration_count: 24; best_tax_advantage: 0.0; random_action_prob: 0.2463; saved_snapshots: 0
0 -0.0019444444444444446 36
1 -0.0013756540084388187 45
2 -0.002720374360355508 47
update: 4; loss: -0.0279469545930624; cumulative_reward: -0.12937202464574138; success_count: 1; episode_count: 14; invalid_count: 0; positive_reward_count: 4; random_exploration_count: 33; best_tax_advantage: 46746000.0; random_action_prob: 0.2450; saved_snapshots: 0
0 -0.001764705882352941 34
1 0.002180517856918462 33
2 -0.002316870720066404 61
update: 5; loss: -0.024377132455507915; cumulative_reward: -0.1939035349104407; success_count: 0; episode_count: 13; invalid_count: 0; positive_reward_count: 7; random_exploration_count: 27; best_tax_advantage: 0.0; random_action_prob: 0.2438; saved_snapshots: 0
0 -0.002 35
1 0.0014086532915894665 44
2 -0.0037935567293954525 49
update: 6; loss: -0.022197597349683445; cumulative_reward: -0.027299520876388567; success_count: 1; episode_count: 15; invalid_count: 0; positive_reward_count: 8; random_exploration_count: 33; best_tax_advantage: 46746000.0; random_action_prob: 0.2426; saved_snapshots: 0
0 -0.0017142857142857142 35
1 0.006844528076921697 36
2 -0.0037491672218520986 57
update: 7; loss: -0.020414908106128376; cumulative_reward: -0.3186286348004394; success_count: 1; episode_count: 14; invalid_count: 0; positive_reward_count: 4; random_exploration_count: 30; best_tax_advantage: 46746000.0; random_action_prob: 0.2414; saved_snapshots: 0
0 -0.003243243243243243 37
1 0.00028864725280935126 44
2 -0.0044963641260436305 47
update: 8; loss: -0.027195452402035396; cumulative_reward: -0.0465787601648234; success_count: 1; episode_count: 13; invalid_count: 0; positive_reward_count: 8; random_exploration_count: 27; best_tax_advantage: 46746000.0; random_action_prob: 0.2402; saved_snapshots: 0
0 -0.0022222222222222222 36
1 0.0060173104366935395 43
2 -0.00459843079474787 49
update: 9; loss: -0.02659422221283118; cumulative_reward: 0.087125083340298; success_count: 3; episode_count: 14; invalid_count: 0; positive_reward_count: 9; random_exploration_count: 33; best_tax_advantage: 46746000.0; random_action_prob: 0.2390; saved_snapshots: 0
0 -0.003333333333333333 36
1 0.011244582779709984 40
2 -0.004666504381694255 52
update: 10; loss: -0.018396723394592602; cumulative_reward: 0.016694474142206477; success_count: 1; episode_count: 13; invalid_count: 0; positive_reward_count: 9; random_exploration_count: 32; best_tax_advantage: 46746000.0; random_action_prob: 0.2378; saved_snapshots: 0
0 -0.0017142857142857142 35
1 0.004717527283025926 48
2 -0.003327707454289733 45
update: 11; loss: -0.036285111059745155; cumulative_reward: -0.06179722743222864; success_count: 1; episode_count: 12; invalid_count: 0; positive_reward_count: 9; random_exploration_count: 29; best_tax_advantage: 6210000.0; random_action_prob: 0.2366; saved_snapshots: 0
0 -0.0025 36
1 0.003931760878605927 46
2 -0.003318657127132636 46
update: 12; loss: -0.024154789745807648; cumulative_reward: 0.05979154295526274; success_count: 3; episode_count: 14; invalid_count: 0; positive_reward_count: 13; random_exploration_count: 20; best_tax_advantage: 46746000.0; random_action_prob: 0.2354; saved_snapshots: 0
0 -0.0025 36
1 0.00688190957798345 49
2 -0.00435865177595177 43
update: 13; loss: -0.018481043477853138; cumulative_reward: 0.050223109612366534; success_count: 1; episode_count: 12; invalid_count: 0; positive_reward_count: 4; random_exploration_count: 29; best_tax_advantage: 56754000.0; random_action_prob: 0.2342; saved_snapshots: 0
0 -0.0016216216216216215 37
1 0.002557938502390778 47
2 -0.00022727272727272727 44
update: 14; loss: -0.02503293628493945; cumulative_reward: 0.0782116703205195; success_count: 2; episode_count: 13; invalid_count: 0; positive_reward_count: 7; random_exploration_count: 26; best_tax_advantage: 46746000.0; random_action_prob: 0.2331; saved_snapshots: 0
0 -0.002162162162162162 37
1 0.007440548051769088 37
2 -0.0021683075480543835 54
update: 15; loss: -0.0278682429343462; cumulative_reward: -0.19734177215189883; success_count: 0; episode_count: 15; invalid_count: 0; positive_reward_count: 5; random_exploration_count: 31; best_tax_advantage: 0.0; random_action_prob: 0.2319; saved_snapshots: 0
0 -0.0018181818181818182 33
1 0.0007966428178315904 46
2 -0.003550762076982692 49
update: 16; loss: -0.029123661418755848; cumulative_reward: -0.2860601265822785; success_count: 0; episode_count: 14; invalid_count: 0; positive_reward_count: 6; random_exploration_count: 29; best_tax_advantage: 0.0; random_action_prob: 0.2307; saved_snapshots: 0
0 -0.0026470588235294116 34
1 0.0026210934100046584 35
2 -0.004877938914109179 59
update: 17; loss: -0.024208197370171547; cumulative_reward: -0.08531925273697036; success_count: 1; episode_count: 14; invalid_count: 0; positive_reward_count: 8; random_exploration_count: 32; best_tax_advantage: 40500000.0; random_action_prob: 0.2296; saved_snapshots: 0
0 -0.0026470588235294116 34
1 0.004286831704052665 52
2 -0.0051960595558978315 42
update: 18; loss: -0.01996588644882043; cumulative_reward: -0.015678310667920102; success_count: 1; episode_count: 12; invalid_count: 0; positive_reward_count: 8; random_exploration_count: 37; best_tax_advantage: 46746000.0; random_action_prob: 0.2284; saved_snapshots: 0
0 -0.002162162162162162 37
1 0.005219467944109101 46
2 -0.0039060852465986396 45
update: 19; loss: -0.03233997275431951; cumulative_reward: 0.11764396229898752; success_count: 1; episode_count: 13; invalid_count: 0; positive_reward_count: 12; random_exploration_count: 36; best_tax_advantage: 46746000.0; random_action_prob: 0.2273; saved_snapshots: 0
0 -0.0016666666666666666 36
1 0.01039915148716594 42
2 -0.005182408003239641 50
update: 20; loss: -0.022774691383043926; cumulative_reward: -0.021634963914363203; success_count: 2; episode_count: 15; invalid_count: 0; positive_reward_count: 5; random_exploration_count: 26; best_tax_advantage: 46746000.0; random_action_prob: 0.2262; saved_snapshots: 0
0 -0.0018181818181818182 33
1 0.004357683412179725 52
2 -0.004377546542969975 43
update: 21; loss: -0.022310432667533558; cumulative_reward: 0.03287787679842635; success_count: 2; episode_count: 14; invalid_count: 0; positive_reward_count: 9; random_exploration_count: 29; best_tax_advantage: 56754000.0; random_action_prob: 0.2250; saved_snapshots: 0
0 -0.0025714285714285713 35
1 0.008238713815993406 39
2 -0.0036746659634317863 54
update: 22; loss: -0.01763171950976054; cumulative_reward: 0.23965294932794287; success_count: 1; episode_count: 13; invalid_count: 0; positive_reward_count: 13; random_exploration_count: 37; best_tax_advantage: 46746000.0; random_action_prob: 0.2239; saved_snapshots: 0
0 -0.00029411764705882356 34
1 0.0065269189379034784 52
2 -0.0021368294153104282 42
update: 23; loss: -0.025956952944397926; cumulative_reward: -0.19072412509307526; success_count: 0; episode_count: 13; invalid_count: 0; positive_reward_count: 7; random_exploration_count: 23; best_tax_advantage: 0.0; random_action_prob: 0.2228; saved_snapshots: 0
0 -0.0019444444444444446 36
1 0.0005332069536675428 49
2 -0.0034151457168089495 43
update: 24; loss: -0.016744551248848438; cumulative_reward: 0.08812192836971283; success_count: 1; episode_count: 14; invalid_count: 0; positive_reward_count: 6; random_exploration_count: 28; best_tax_advantage: 46746000.0; random_action_prob: 0.2217; saved_snapshots: 0
0 -0.0005555555555555556 36
1 0.005659179610511247 42
2 -0.0025912723054351905 50
update: 25; loss: -0.021747761716445286; cumulative_reward: -0.24743996011791236; success_count: 0; episode_count: 14; invalid_count: 0; positive_reward_count: 7; random_exploration_count: 27; best_tax_advantage: 0.0; random_action_prob: 0.2206; saved_snapshots: 0
0 -0.002058823529411765 34
1 0.003735276170912526 44
2 -0.006835842232761268 50
update: 26; loss: -0.012786421924829483; cumulative_reward: 0.08707902707514606; success_count: 1; episode_count: 13; invalid_count: 0; positive_reward_count: 8; random_exploration_count: 27; best_tax_advantage: 4039200.0; random_action_prob: 0.2195; saved_snapshots: 0
0 -0.0019444444444444446 36
1 0.009090448481539955 45
2 -0.0053615139275351486 47
update: 27; loss: -0.03521393736203512; cumulative_reward: -0.12286914112955319; success_count: 1; episode_count: 13; invalid_count: 0; positive_reward_count: 6; random_exploration_count: 25; best_tax_advantage: 46746000.0; random_action_prob: 0.2184; saved_snapshots: 0
0 -0.0021212121212121214 33
1 0.0018756807712735747 50
2 -0.003258959548738485 45
update: 28; loss: -0.004464937063554923; cumulative_reward: 0.2991762742508395; success_count: 3; episode_count: 12; invalid_count: 0; positive_reward_count: 8; random_exploration_count: 26; best_tax_advantage: 46746000.0; random_action_prob: 0.2173; saved_snapshots: 0
0 -0.0013513513513513514 37
1 0.008441712747142425 53
2 -0.0025851184565186553 38
update: 29; loss: -0.026122397432724636; cumulative_reward: -0.15518219907006883; success_count: 1; episode_count: 12; invalid_count: 0; positive_reward_count: 7; random_exploration_count: 24; best_tax_advantage: 46746000.0; random_action_prob: 0.2162; saved_snapshots: 0
0 -0.002972972972972973 37
1 0.0022050651379053794 43
2 -0.002916666666666667 48
update: 30; loss: -0.019816576813658077; cumulative_reward: -0.11796054052290365; success_count: 0; episode_count: 13; invalid_count: 0; positive_reward_count: 9; random_exploration_count: 19; best_tax_advantage: 0.0; random_action_prob: 0.2151; saved_snapshots: 0
0 -0.001764705882352941 34
1 0.0036107384426837044 49
2 -0.005219704982542337 45
update: 31; loss: -0.012688490251700083; cumulative_reward: 0.02113229730542967; success_count: 1; episode_count: 15; invalid_count: 0; positive_reward_count: 8; random_exploration_count: 26; best_tax_advantage: 46746000.0; random_action_prob: 0.2140; saved_snapshots: 0
0 -0.001764705882352941 34
1 0.004053291557560884 45
2 -0.002066649444587962 49
update: 32; loss: -0.020475345974167187; cumulative_reward: 0.014283567988791851; success_count: 1; episode_count: 11; invalid_count: 0; positive_reward_count: 9; random_exploration_count: 25; best_tax_advantage: 46746000.0; random_action_prob: 0.2130; saved_snapshots: 0
0 -0.0013513513513513514 37
1 0.004538419526806137 51
2 -0.004179395696958028 40
update: 33; loss: -0.029302161186933517; cumulative_reward: -0.14248543007143813; success_count: 0; episode_count: 14; invalid_count: 0; positive_reward_count: 5; random_exploration_count: 29; best_tax_advantage: 0.0; random_action_prob: 0.2119; saved_snapshots: 0
0 -0.0011764705882352942 34
1 0.00014158409413995938 42
2 -0.0020852300389483935 52
update: 34; loss: -0.02759248452881972; cumulative_reward: -0.05815290178571429; success_count: 0; episode_count: 13; invalid_count: 0; positive_reward_count: 3; random_exploration_count: 21; best_tax_advantage: 0.0; random_action_prob: 0.2108; saved_snapshots: 0
0 -0.0006060606060606061 33
1 0.0002179440441273761 41
2 -0.0008720112517580872 54
update: 35; loss: -0.03170482938488325; cumulative_reward: 0.09217224041067346; success_count: 1; episode_count: 13; invalid_count: 0; positive_reward_count: 10; random_exploration_count: 33; best_tax_advantage: 46746000.0; random_action_prob: 0.2098; saved_snapshots: 0
0 -0.0008333333333333333 36
1 0.005602369099508683 44
2 -0.0025902499993272626 48
update: 36; loss: -0.027015092472235363; cumulative_reward: 0.3703647285100749; success_count: 3; episode_count: 15; invalid_count: 0; positive_reward_count: 11; random_exploration_count: 20; best_tax_advantage: 46746000.0; random_action_prob: 0.2087; saved_snapshots: 0
0 -0.0002702702702702703 37
1 0.010936674624109854 50
2 -0.00406021957793702 41
update: 37; loss: -0.01017395748446385; cumulative_reward: 0.39841265877370313; success_count: 4; episode_count: 15; invalid_count: 0; positive_reward_count: 10; random_exploration_count: 33; best_tax_advantage: 46746000.0; random_action_prob: 0.2077; saved_snapshots: 0
0 -0.001142857142857143 35
1 0.011986107759390265 50
2 -0.0037416913766467478 43
update: 38; loss: -0.02198245810965697; cumulative_reward: 0.37659953743334573; success_count: 2; episode_count: 15; invalid_count: 0; positive_reward_count: 9; random_exploration_count: 19; best_tax_advantage: 46746000.0; random_action_prob: 0.2066; saved_snapshots: 0
0 0.0 35
1 0.011575313159645363 42
2 -0.0021483061817992068 51
update: 39; loss: -0.02094044287999471; cumulative_reward: 0.5546419794041741; success_count: 2; episode_count: 13; invalid_count: 0; positive_reward_count: 19; random_exploration_count: 30; best_tax_advantage: 56754000.0; random_action_prob: 0.2056; saved_snapshots: 0
0 0.0 35
1 0.019976692696909805 46
2 -0.007750763503269726 47
update: 40; loss: -0.023674678678313892; cumulative_reward: 0.4281356490427929; success_count: 4; episode_count: 14; invalid_count: 0; positive_reward_count: 9; random_exploration_count: 25; best_tax_advantage: 46746000.0; random_action_prob: 0.2046; saved_snapshots: 0
0 -0.0005405405405405405 37
1 0.011259186044657853 47
2 -0.0018419567058210477 44
update: 41; loss: -0.007809980772435665; cumulative_reward: 0.4162583890927508; success_count: 2; episode_count: 12; invalid_count: 0; positive_reward_count: 10; random_exploration_count: 21; best_tax_advantage: 56754000.0; random_action_prob: 0.2036; saved_snapshots: 0
0 -0.0010526315789473684 38
1 0.010771455087079806 47
2 -0.0011627906976744186 43
update: 42; loss: -0.03648997098207474; cumulative_reward: 0.020934980471320377; success_count: 1; episode_count: 15; invalid_count: 0; positive_reward_count: 9; random_exploration_count: 26; best_tax_advantage: 46746000.0; random_action_prob: 0.2025; saved_snapshots: 0
0 -0.001764705882352941 34
1 0.009198284580637005 37
2 -0.004550904368635944 57
update: 43; loss: -0.027726628507177036; cumulative_reward: 0.8776126145029972; success_count: 4; episode_count: 11; invalid_count: 0; positive_reward_count: 21; random_exploration_count: 25; best_tax_advantage: 56754000.0; random_action_prob: 0.2015; saved_snapshots: 0
0 -0.0004761904761904762 42
1 0.025507517120996838 45
2 -0.006103064779069777 41
update: 44; loss: -0.023563460757335026; cumulative_reward: 0.4207852132275382; success_count: 3; episode_count: 10; invalid_count: 0; positive_reward_count: 18; random_exploration_count: 24; best_tax_advantage: 46746000.0; random_action_prob: 0.2005; saved_snapshots: 0
0 -0.0010526315789473684 38
1 0.011981377928893032 55
2 -0.005662587796045096 35
update: 45; loss: -0.0032455272351702056; cumulative_reward: 0.4303667588396901; success_count: 3; episode_count: 13; invalid_count: 0; positive_reward_count: 14; random_exploration_count: 25; best_tax_advantage: 46746000.0; random_action_prob: 0.1995; saved_snapshots: 0
0 0.0 38
1 0.01228555247383323 50
2 -0.004597771621299284 40
update: 46; loss: -0.018518631036082905; cumulative_reward: 0.3057309880281106; success_count: 2; episode_count: 14; invalid_count: 0; positive_reward_count: 16; random_exploration_count: 34; best_tax_advantage: 46746000.0; random_action_prob: 0.1985; saved_snapshots: 0
0 -0.0006060606060606061 33
1 0.01308967630581118 45
2 -0.0052660889146678505 50
update: 47; loss: 0.11153520147005717; cumulative_reward: 0.3800082123757821; success_count: 4; episode_count: 10; invalid_count: 0; positive_reward_count: 17; random_exploration_count: 25; best_tax_advantage: 46746000.0; random_action_prob: 0.1975; saved_snapshots: 0
0 -0.001 40
1 0.010982843101566404 55
2 -0.005577216915465761 33
update: 48; loss: -0.016291961073875427; cumulative_reward: 0.7270849681175248; success_count: 4; episode_count: 10; invalid_count: 0; positive_reward_count: 17; random_exploration_count: 28; best_tax_advantage: 56754000.0; random_action_prob: 0.1965; saved_snapshots: 0
0 -0.0011904761904761906 42
1 0.017215246736984345 53
2 -0.00410070027098926 33
update: 49; loss: -0.022442460681001346; cumulative_reward: 0.6047283255921745; success_count: 3; episode_count: 9; invalid_count: 0; positive_reward_count: 14; random_exploration_count: 36; best_tax_advantage: 56754000.0; random_action_prob: 0.1956; saved_snapshots: 0
0 -0.001 40
1 0.013445764766783634 56
2 -0.003382328167115903 32
update: 50; loss: -0.03096630920966466; cumulative_reward: 0.42876062607170184; success_count: 2; episode_count: 13; invalid_count: 0; positive_reward_count: 12; random_exploration_count: 36; best_tax_advantage: 56754000.0; random_action_prob: 0.1946; saved_snapshots: 0
0 0.0 38
1 0.010929744657964337 47
2 -0.0019752877407586524 43
update: 51; loss: -0.002401758606235186; cumulative_reward: 0.4602011466631928; success_count: 3; episode_count: 10; invalid_count: 0; positive_reward_count: 12; random_exploration_count: 30; best_tax_advantage: 46746000.0; random_action_prob: 0.1936; saved_snapshots: 0
0 -0.0005263157894736842 38
1 0.010051762680855184 57
2 -0.00281058564077432 33
update: 52; loss: 0.010505528499682745; cumulative_reward: 0.6773182543803142; success_count: 4; episode_count: 13; invalid_count: 0; positive_reward_count: 18; random_exploration_count: 27; best_tax_advantage: 46746000.0; random_action_prob: 0.1926; saved_snapshots: 0
0 -0.0005263157894736842 38
1 0.011400191550905929 65
2 -0.001747767857142857 25
update: 53; loss: -0.02012052945792675; cumulative_reward: 1.164534706878256; success_count: 7; episode_count: 12; invalid_count: 0; positive_reward_count: 23; random_exploration_count: 23; best_tax_advantage: 46746000.0; random_action_prob: 0.1917; saved_snapshots: 0
0 0.0 38
1 0.019931063680038448 60
2 -0.0010443037974683545 30
update: 54; loss: -0.010334167629480362; cumulative_reward: 0.7789287075055873; success_count: 3; episode_count: 9; invalid_count: 0; positive_reward_count: 23; random_exploration_count: 18; best_tax_advantage: 46746000.0; random_action_prob: 0.1907; saved_snapshots: 0
0 -0.00025 40
1 0.015931254646729013 59
2 -0.005207424712118094 29
update: 55; loss: 0.048725192745526634; cumulative_reward: 0.5136509802000422; success_count: 2; episode_count: 6; invalid_count: 0; positive_reward_count: 16; random_exploration_count: 26; best_tax_advantage: 46746000.0; random_action_prob: 0.1898; saved_snapshots: 0
0 -0.0004761904761904762 42
1 0.009563473766514308 60
2 -0.001544517145800628 26
update: 56; loss: -0.005737931157151858; cumulative_reward: 0.9271238749037353; success_count: 5; episode_count: 10; invalid_count: 0; positive_reward_count: 22; random_exploration_count: 24; best_tax_advantage: 46746000.0; random_action_prob: 0.1888; saved_snapshots: 0
0 -0.0006818181818181818 44
1 0.017668839910591844 57
2 -0.001851851851851852 27
update: 57; loss: 0.051743400593598686; cumulative_reward: 1.07766902015812; success_count: 5; episode_count: 8; invalid_count: 0; positive_reward_count: 24; random_exploration_count: 22; best_tax_advantage: 46746000.0; random_action_prob: 0.1879; saved_snapshots: 0
0 0.0 44
1 0.018555214029712823 59
2 -0.0006835443037974684 25
update: 58; loss: -0.010475723693768183; cumulative_reward: 1.1943692471103629; success_count: 6; episode_count: 11; invalid_count: 0; positive_reward_count: 23; random_exploration_count: 28; best_tax_advantage: 56754000.0; random_action_prob: 0.1869; saved_snapshots: 0
0 -0.0006818181818181818 44
1 0.023336509537502832 56
2 -0.002945545963921283 28
update: 59; loss: -0.015418226209779581; cumulative_reward: 1.3317201555982001; success_count: 8; episode_count: 11; invalid_count: 0; positive_reward_count: 25; random_exploration_count: 24; best_tax_advantage: 46746000.0; random_action_prob: 0.1860; saved_snapshots: 0
0 -0.0006976744186046512 43
1 0.025587410288855566 54
2 -0.0006451612903225806 31
update: 60; loss: -0.024598928168416023; cumulative_reward: 1.102156648002998; success_count: 5; episode_count: 9; invalid_count: 0; positive_reward_count: 25; random_exploration_count: 21; best_tax_advantage: 56754000.0; random_action_prob: 0.1851; saved_snapshots: 0
0 -0.0004761904761904762 42
1 0.022782906152603786 57
2 -0.006085138023979924 29
update: 61; loss: -0.031696198508143425; cumulative_reward: 1.1255321104371818; success_count: 4; episode_count: 8; invalid_count: 0; positive_reward_count: 21; random_exploration_count: 19; best_tax_advantage: 56754000.0; random_action_prob: 0.1841; saved_snapshots: 0
0 -0.00022222222222222223 45
1 0.02872196844965661 44
2 -0.003288064137120741 39
update: 62; loss: -0.03558773795763651; cumulative_reward: 1.390478433621812; success_count: 7; episode_count: 13; invalid_count: 0; positive_reward_count: 26; random_exploration_count: 30; best_tax_advantage: 56754000.0; random_action_prob: 0.1832; saved_snapshots: 0
0 -0.0004761904761904762 42
1 0.03427462370135289 48
2 -0.006176408001134913 38
update: 63; loss: -0.023217768718798954; cumulative_reward: 1.0057191756714479; success_count: 3; episode_count: 7; invalid_count: 0; positive_reward_count: 23; random_exploration_count: 17; best_tax_advantage: 46746000.0; random_action_prob: 0.1823; saved_snapshots: 0
0 0.0 44
1 0.019994074944186695 53
2 -0.0017408643990466746 31
update: 64; loss: -0.027663135901093483; cumulative_reward: 1.1933563838611612; success_count: 4; episode_count: 9; invalid_count: 0; positive_reward_count: 28; random_exploration_count: 30; best_tax_advantage: 46746000.0; random_action_prob: 0.1814; saved_snapshots: 0
0 0.0 43
1 0.027414982903280174 54
2 -0.009259764287611872 31
update: 65; loss: -0.026055362696448963; cumulative_reward: 1.2988441591259139; success_count: 4; episode_count: 10; invalid_count: 0; positive_reward_count: 27; random_exploration_count: 22; best_tax_advantage: 46746000.0; random_action_prob: 0.1805; saved_snapshots: 0
0 -0.0009090909090909091 44
1 0.028051059913107287 53
2 -0.004769742460282956 31
update: 66; loss: -0.015246720363696417; cumulative_reward: 0.8043203336055803; success_count: 3; episode_count: 9; invalid_count: 0; positive_reward_count: 23; random_exploration_count: 33; best_tax_advantage: 46746000.0; random_action_prob: 0.1796; saved_snapshots: 0
0 -0.0007317073170731707 41
1 0.020855417834763204 48
2 -0.004275377499052661 39
update: 67; loss: 0.05900330593188604; cumulative_reward: 1.4312520321333972; success_count: 5; episode_count: 8; invalid_count: 0; positive_reward_count: 28; random_exploration_count: 22; best_tax_advantage: 46746000.0; random_action_prob: 0.1787; saved_snapshots: 0
0 -0.0006521739130434782 46
1 0.02971789369621156 52
2 -0.002802614668986773 30
update: 68; loss: -0.0224121796588103; cumulative_reward: 1.3387611846853165; success_count: 2; episode_count: 2; invalid_count: 0; positive_reward_count: 26; random_exploration_count: 15; best_tax_advantage: 46746000.0; random_action_prob: 0.1778; saved_snapshots: 0
0 0.0 50
1 0.02525964499406259 53
2 0.0 25
update: 69; loss: 0.00023864458004633585; cumulative_reward: 1.192809467724436; success_count: 2; episode_count: 7; invalid_count: 0; positive_reward_count: 20; random_exploration_count: 28; best_tax_advantage: 56754000.0; random_action_prob: 0.1769; saved_snapshots: 0
0 0.0 44
1 0.026456440596467734 51
2 -0.0047414849301641755 33
update: 70; loss: -0.03192423408230146; cumulative_reward: 0.9860324563197925; success_count: 1; episode_count: 5; invalid_count: 0; positive_reward_count: 22; random_exploration_count: 23; best_tax_advantage: 46746000.0; random_action_prob: 0.1760; saved_snapshots: 0
0 -0.0002173913043478261 46
1 0.02005597394414043 52
2 -0.001562606292517007 30
update: 71; loss: -0.02610158361494541; cumulative_reward: 1.363448585507316; success_count: 1; episode_count: 3; invalid_count: 0; positive_reward_count: 24; random_exploration_count: 16; best_tax_advantage: 46746000.0; random_action_prob: 0.1751; saved_snapshots: 0
0 0.0 48
1 0.030090457408175054 49
2 -0.0035801234675245635 31
update: 72; loss: -0.02402251089612643; cumulative_reward: 1.3037211355650746; success_count: 1; episode_count: 2; invalid_count: 0; positive_reward_count: 25; random_exploration_count: 21; best_tax_advantage: 46746000.0; random_action_prob: 0.1743; saved_snapshots: 0
0 0.0 49
1 0.028080579581932556 52
2 -0.005795148247978437 27
update: 73; loss: -0.009879066608846188; cumulative_reward: 1.267001467424443; success_count: 3; episode_count: 4; invalid_count: 0; positive_reward_count: 25; random_exploration_count: 22; best_tax_advantage: 56754000.0; random_action_prob: 0.1734; saved_snapshots: 0
0 0.0 48
1 0.023813755443612125 54
2 -0.0007285125588697018 26
update: 74; loss: -0.01451572123914957; cumulative_reward: 1.4724668487678083; success_count: 4; episode_count: 7; invalid_count: 0; positive_reward_count: 27; random_exploration_count: 32; best_tax_advantage: 46746000.0; random_action_prob: 0.1725; saved_snapshots: 0
0 -0.0008695652173913044 46
1 0.03465039907472423 51
2 -0.008216242065907313 31
update: 75; loss: -0.02036314643919468; cumulative_reward: 1.4658467379253017; success_count: 0; episode_count: 2; invalid_count: 0; positive_reward_count: 25; random_exploration_count: 18; best_tax_advantage: 0.0; random_action_prob: 0.1717; saved_snapshots: 0
0 -0.00020833333333333335 48
1 0.03025870691040478 50
2 -0.0012362869198312238 30
update: 76; loss: -0.02366020406285922; cumulative_reward: 1.6947322782296879; success_count: 1; episode_count: 4; invalid_count: 0; positive_reward_count: 23; random_exploration_count: 19; best_tax_advantage: 46746000.0; random_action_prob: 0.1708; saved_snapshots: 0
0 0.0 48
1 0.03618299550157953 49
2 -0.0025236935918615776 31
update: 77; loss: -0.038912673791249595; cumulative_reward: 1.547805125909033; success_count: 2; episode_count: 4; invalid_count: 0; positive_reward_count: 24; random_exploration_count: 21; best_tax_advantage: 46746000.0; random_action_prob: 0.1699; saved_snapshots: 0
0 0.0 47
1 0.03126999283186043 52
2 -0.0026977414257830655 29
update: 78; loss: 0.030062722663084667; cumulative_reward: 1.1162935157213496; success_count: 1; episode_count: 7; invalid_count: 0; positive_reward_count: 23; random_exploration_count: 28; best_tax_advantage: 56754000.0; random_action_prob: 0.1691; saved_snapshots: 0
0 -0.0011363636363636365 44
1 0.027814729153953374 50
2 -0.006601262999303495 34
update: 79; loss: -0.017215968420108158; cumulative_reward: 1.5648917690432436; success_count: 2; episode_count: 3; invalid_count: 0; positive_reward_count: 26; random_exploration_count: 20; best_tax_advantage: 56754000.0; random_action_prob: 0.1683; saved_snapshots: 0
0 -0.0004166666666666667 48
1 0.03009229752911781 53
2 -0.00037037037037037035 27
update: 80; loss: -0.003138119044403235; cumulative_reward: 1.117392920316712; success_count: 0; episode_count: 2; invalid_count: 0; positive_reward_count: 21; random_exploration_count: 15; best_tax_advantage: 0.0; random_action_prob: 0.1674; saved_snapshots: 0
0 -0.0008333333333333334 48
1 0.023747858406334234 50
2 -0.001 30
update: 81; loss: -0.010812855946520964; cumulative_reward: 1.2829699495035651; success_count: 0; episode_count: 2; invalid_count: 0; positive_reward_count: 22; random_exploration_count: 16; best_tax_advantage: 0.0; random_action_prob: 0.1666; saved_snapshots: 0
0 -0.00020833333333333335 48
1 0.025057114413530108 52
2 -0.00035714285714285714 28
update: 82; loss: 0.0036507677286863327; cumulative_reward: 1.23802037206392; success_count: 0; episode_count: 3; invalid_count: 0; positive_reward_count: 18; random_exploration_count: 20; best_tax_advantage: 0.0; random_action_prob: 0.1657; saved_snapshots: 0
0 0.0 47
1 0.027421976529408934 48
2 -0.0023707424650820878 33
update: 83; loss: -0.030645204707980156; cumulative_reward: 1.7286858206502194; success_count: 5; episode_count: 8; invalid_count: 0; positive_reward_count: 28; random_exploration_count: 22; best_tax_advantage: 56754000.0; random_action_prob: 0.1649; saved_snapshots: 0
0 -0.0002173913043478261 46
1 0.03850309646691275 50
2 -0.005827156334231806 32
update: 84; loss: 0.002951093018054962; cumulative_reward: 1.3648649489936209; success_count: 3; episode_count: 8; invalid_count: 0; positive_reward_count: 27; random_exploration_count: 27; best_tax_advantage: 46746000.0; random_action_prob: 0.1641; saved_snapshots: 0
0 -0.00044444444444444447 45
1 0.02863362008769875 53
2 -0.00442389718848042 30
update: 85; loss: 0.019124277556935947; cumulative_reward: 1.2680408584424336; success_count: 2; episode_count: 5; invalid_count: 0; positive_reward_count: 22; random_exploration_count: 29; best_tax_advantage: 46746000.0; random_action_prob: 0.1633; saved_snapshots: 0
0 0.0 46
1 0.02404063142482397 56
2 -0.0030090192826041887 26
update: 86; loss: -0.012500651801625887; cumulative_reward: 1.4417723575279164; success_count: 1; episode_count: 5; invalid_count: 0; positive_reward_count: 28; random_exploration_count: 21; best_tax_advantage: 46746000.0; random_action_prob: 0.1625; saved_snapshots: 0
0 -0.000425531914893617 47
1 0.030124054695632486 53
2 -0.004814376476450171 28
update: 87; loss: -0.00749486219137907; cumulative_reward: 1.4252240988585765; success_count: 2; episode_count: 6; invalid_count: 0; positive_reward_count: 24; random_exploration_count: 20; best_tax_advantage: 56754000.0; random_action_prob: 0.1616; saved_snapshots: 0
0 0.0 46
1 0.02824451967060704 56
2 -0.006018038565208377 26
update: 88; loss: -0.010953252824644247; cumulative_reward: 1.7440562838992577; success_count: 4; episode_count: 7; invalid_count: 0; positive_reward_count: 26; random_exploration_count: 22; best_tax_advantage: 56754000.0; random_action_prob: 0.1608; saved_snapshots: 0
0 0.0 46
1 0.03104965122800346 57
2 -0.001030953443877551 25
update: 89; loss: 0.005298870615661144; cumulative_reward: 1.452565750883139; success_count: 1; episode_count: 4; invalid_count: 0; positive_reward_count: 25; random_exploration_count: 26; best_tax_advantage: 46746000.0; random_action_prob: 0.1600; saved_snapshots: 0
0 0.0 48
1 0.03219184470047274 51
2 -0.006524769960033461 29
update: 90; loss: -0.007256990143408378; cumulative_reward: 1.4842411442925831; success_count: 0; episode_count: 1; invalid_count: 0; positive_reward_count: 26; random_exploration_count: 17; best_tax_advantage: 0.0; random_action_prob: 0.1592; saved_snapshots: 0
0 -0.0004 50
1 0.029530197273396817 52
2 -0.0012049659201557937 26
update: 91; loss: -0.0030227877820531526; cumulative_reward: 1.546497776881979; success_count: 1; episode_count: 2; invalid_count: 0; positive_reward_count: 22; random_exploration_count: 17; best_tax_advantage: 46746000.0; random_action_prob: 0.1584; saved_snapshots: 0
0 -0.00020833333333333335 48
1 0.027973174587178202 56
2 -0.0004166666666666667 24
update: 92; loss: 0.018541499351461727; cumulative_reward: 1.5080573925288294; success_count: 2; episode_count: 4; invalid_count: 0; positive_reward_count: 24; random_exploration_count: 20; best_tax_advantage: 46746000.0; random_action_prob: 0.1576; saved_snapshots: 0
0 -0.00040816326530612246 49
1 0.02998278204088016 52
2 -0.0011498990221088436 27
update: 93; loss: -0.011779511036972204; cumulative_reward: 1.1165860047960798; success_count: 1; episode_count: 4; invalid_count: 0; positive_reward_count: 23; random_exploration_count: 28; best_tax_advantage: 7403400.0; random_action_prob: 0.1569; saved_snapshots: 0
0 -0.0008333333333333334 48
1 0.02413116357968825 52
2 -0.003508375048132461 28
update: 94; loss: 0.003816943926115831; cumulative_reward: 1.3658744456688268; success_count: 0; episode_count: 2; invalid_count: 0; positive_reward_count: 23; random_exploration_count: 19; best_tax_advantage: 0.0; random_action_prob: 0.1561; saved_snapshots: 0
0 -0.00020833333333333335 48
1 0.028708018568951683 51
2 -0.003042569011989962 29
update: 95; loss: -0.009323464085658392; cumulative_reward: 1.3876316723623408; success_count: 2; episode_count: 5; invalid_count: 0; positive_reward_count: 25; random_exploration_count: 20; best_tax_advantage: 46746000.0; random_action_prob: 0.1553; saved_snapshots: 0
0 0.0 48
1 0.03306764900004813 50
2 -0.00885835925466885 30
update: 96; loss: -0.02478349767625332; cumulative_reward: 1.6810305243523453; success_count: 2; episode_count: 5; invalid_count: 0; positive_reward_count: 25; random_exploration_count: 19; best_tax_advantage: 46746000.0; random_action_prob: 0.1545; saved_snapshots: 0
0 -0.0002127659574468085 47
1 0.031921849083294415 54
2 -0.0012129380053908356 27
update: 97; loss: -0.014862064272165298; cumulative_reward: 1.6651886792452826; success_count: 0; episode_count: 2; invalid_count: 0; positive_reward_count: 26; random_exploration_count: 17; best_tax_advantage: 0.0; random_action_prob: 0.1537; saved_snapshots: 0
0 -0.0002 50
1 0.032245152455832635 53
2 -0.001352176036553862 25
update: 98; loss: -0.013617918516198793; cumulative_reward: 1.5576734535466918; success_count: 0; episode_count: 2; invalid_count: 0; positive_reward_count: 27; random_exploration_count: 18; best_tax_advantage: 0.0; random_action_prob: 0.1530; saved_snapshots: 0
0 -0.00020408163265306123 49
1 0.0327201140303451 52
2 -0.0049545361493056736 27
update: 99; loss: -0.008697910544772943; cumulative_reward: 1.444543868777508; success_count: 2; episode_count: 5; invalid_count: 0; positive_reward_count: 22; random_exploration_count: 14; best_tax_advantage: 46746000.0; random_action_prob: 0.1522; saved_snapshots: 0
0 -0.0016666666666666668 48
1 0.029708374882594504 53
2 -0.001851851851851852 27
2026-07-10T16:41:32 completed dub_irish_dutch run=0 elapsed_seconds=538.62 updates_logged=100
2026-07-10T16:41:32 running dub_irish_dutch run=1 seed=1730
update: 0; loss: -0.022055641437570255; cumulative_reward: -0.2274432151581189; success_count: 1; episode_count: 13; invalid_count: 0; positive_reward_count: 7; random_exploration_count: 29; best_tax_advantage: 46746000.0; random_action_prob: 0.2500; saved_snapshots: 0
0 -0.0036111111111111114 36
1 0.0036658806227871073 40
2 -0.004693816155184677 52
update: 1; loss: -0.025212551777561504; cumulative_reward: -0.16463463978184414; success_count: 1; episode_count: 15; invalid_count: 0; positive_reward_count: 10; random_exploration_count: 31; best_tax_advantage: 46746000.0; random_action_prob: 0.2487; saved_snapshots: 0
0 -0.0025714285714285713 35
1 0.005765049078766441 37
2 -0.00514181170886076 56
update: 2; loss: -0.021920880302786827; cumulative_reward: -0.4324769804954211; success_count: 1; episode_count: 14; invalid_count: 0; positive_reward_count: 6; random_exploration_count: 25; best_tax_advantage: 46746000.0; random_action_prob: 0.2475; saved_snapshots: 0
0 -0.003823529411764706 34
1 0.0017103937175097326 40
2 -0.006868383873996485 54
update: 3; loss: -0.018835270156462986; cumulative_reward: -0.2064516016403643; success_count: 1; episode_count: 13; invalid_count: 0; positive_reward_count: 8; random_exploration_count: 35; best_tax_advantage: 7403400.0; random_action_prob: 0.2463; saved_snapshots: 0
0 -0.0030555555555555557 36
1 0.003541340882704372 36
2 -0.003998926311030742 56
update: 4; loss: -0.022416663666566212; cumulative_reward: -0.0931487341772152; success_count: 0; episode_count: 12; invalid_count: 0; positive_reward_count: 6; random_exploration_count: 34; best_tax_advantage: 0.0; random_action_prob: 0.2450; saved_snapshots: 0
0 -0.0009090909090909091 33
1 0.0035482263845666236 38
2 -0.003473356785802577 57
update: 5; loss: -0.022852489724755287; cumulative_reward: -0.07622752396874681; success_count: 0; episode_count: 14; invalid_count: 0; positive_reward_count: 8; random_exploration_count: 27; best_tax_advantage: 0.0; random_action_prob: 0.2438; saved_snapshots: 0
0 -0.0015151515151515152 33
1 0.004910415587673714 33
2 -0.003036632876806119 62
update: 6; loss: -0.033905470122893654; cumulative_reward: 0.04253898290206506; success_count: 1; episode_count: 14; invalid_count: 0; positive_reward_count: 8; random_exploration_count: 35; best_tax_advantage: 56754000.0; random_action_prob: 0.2426; saved_snapshots: 0
0 -0.0016666666666666666 36
1 0.008806060926754709 34
2 -0.0033942601484068095 58
update: 7; loss: -0.02811436417202155; cumulative_reward: 0.2929712208350102; success_count: 2; episode_count: 13; invalid_count: 0; positive_reward_count: 12; random_exploration_count: 34; best_tax_advantage: 56754000.0; random_action_prob: 0.2414; saved_snapshots: 0
0 -0.001388888888888889 36
1 0.01203472355884994 40
2 -0.002661879259980526 52
update: 8; loss: -0.026233286907275517; cumulative_reward: -0.3077987022818442; success_count: 0; episode_count: 14; invalid_count: 0; positive_reward_count: 7; random_exploration_count: 25; best_tax_advantage: 0.0; random_action_prob: 0.2402; saved_snapshots: 0
0 -0.0037142857142857142 35
1 0.003961784019495069 30
2 -0.004708765442328512 63
update: 9; loss: -0.0205698199570179; cumulative_reward: -0.014105408146510305; success_count: 1; episode_count: 14; invalid_count: 0; positive_reward_count: 8; random_exploration_count: 32; best_tax_advantage: 46746000.0; random_action_prob: 0.2390; saved_snapshots: 0
0 -0.0011764705882352942 34
1 0.005736923879045162 47
2 -0.005185975116204956 47
update: 10; loss: -0.02123983825246493; cumulative_reward: 0.07805618076819969; success_count: 3; episode_count: 14; invalid_count: 0; positive_reward_count: 10; random_exploration_count: 23; best_tax_advantage: 46746000.0; random_action_prob: 0.2378; saved_snapshots: 0
0 -0.0033333333333333335 33
1 0.008318697492672627 42
2 -0.0030439455457368044 53
update: 11; loss: -0.02205609406034152; cumulative_reward: -0.05776345170724565; success_count: 0; episode_count: 14; invalid_count: 0; positive_reward_count: 10; random_exploration_count: 22; best_tax_advantage: 0.0; random_action_prob: 0.2366; saved_snapshots: 0
0 -0.0017142857142857142 35
1 0.00445811676533975 36
2 -0.002776415004552221 57
update: 12; loss: -0.01593498761455218; cumulative_reward: 0.300969401019021; success_count: 3; episode_count: 16; invalid_count: 0; positive_reward_count: 12; random_exploration_count: 37; best_tax_advantage: 46746000.0; random_action_prob: 0.2354; saved_snapshots: 0
0 -0.0023529411764705885 34
1 0.013934974473644885 43
2 -0.00427910786956292 51
update: 13; loss: -0.023843735456466675; cumulative_reward: 0.16425425947248726; success_count: 3; episode_count: 13; invalid_count: 0; positive_reward_count: 13; random_exploration_count: 28; best_tax_advantage: 46746000.0; random_action_prob: 0.2342; saved_snapshots: 0
0 -0.0025714285714285713 35
1 0.008203160920637356 47
2 -0.0028542239955971385 46
update: 14; loss: -0.03129979347189268; cumulative_reward: -0.3700459568208387; success_count: 2; episode_count: 12; invalid_count: 0; positive_reward_count: 15; random_exploration_count: 32; best_tax_advantage: 46746000.0; random_action_prob: 0.2331; saved_snapshots: 0
0 -0.005 36
1 0.004887241725762592 48
2 -0.009650762719487345 44
update: 15; loss: -0.022082903732856114; cumulative_reward: -0.21446202531645578; success_count: 0; episode_count: 14; invalid_count: 0; positive_reward_count: 7; random_exploration_count: 36; best_tax_advantage: 0.0; random_action_prob: 0.2319; saved_snapshots: 0
0 -0.002058823529411765 34
1 0.0015167269439421338 42
2 -0.004003164556962025 52
update: 16; loss: -0.023366085564096768; cumulative_reward: -0.18415029268922753; success_count: 0; episode_count: 12; invalid_count: 0; positive_reward_count: 7; random_exploration_count: 22; best_tax_advantage: 0.0; random_action_prob: 0.2307; saved_snapshots: 0
0 -0.0022222222222222222 36
1 0.0013112148938689398 48
2 -0.0037974683544303796 44
update: 17; loss: -0.03470411648352941; cumulative_reward: 0.03389785454146305; success_count: 1; episode_count: 13; invalid_count: 0; positive_reward_count: 8; random_exploration_count: 26; best_tax_advantage: 56754000.0; random_action_prob: 0.2296; saved_snapshots: 0
0 -0.002 35
1 0.010913155108878397 32
2 -0.004021690310535174 61
update: 18; loss: -0.018389241459469; cumulative_reward: 0.2883190038987293; success_count: 2; episode_count: 14; invalid_count: 0; positive_reward_count: 7; random_exploration_count: 24; best_tax_advantage: 46746000.0; random_action_prob: 0.2284; saved_snapshots: 0
0 -0.0002777777777777778 36
1 0.013996331849077776 32
2 -0.0024927269211959925 60
update: 19; loss: -0.030796857550740242; cumulative_reward: 0.08892943925988114; success_count: 2; episode_count: 14; invalid_count: 0; positive_reward_count: 9; random_exploration_count: 21; best_tax_advantage: 46746000.0; random_action_prob: 0.2273; saved_snapshots: 0
0 -0.0016666666666666666 36
1 0.0053430588061449125 46
2 -0.002105462300495322 46
update: 20; loss: -0.021494576707482338; cumulative_reward: 0.8376163926523565; success_count: 7; episode_count: 16; invalid_count: 0; positive_reward_count: 16; random_exploration_count: 36; best_tax_advantage: 56754000.0; random_action_prob: 0.2262; saved_snapshots: 0
0 -0.0015 40
1 0.02426060729943827 42
2 -0.0026375894331315355 46
update: 21; loss: -0.024410303682088852; cumulative_reward: 0.5246461325645113; success_count: 4; episode_count: 13; invalid_count: 0; positive_reward_count: 13; random_exploration_count: 31; best_tax_advantage: 56754000.0; random_action_prob: 0.2250; saved_snapshots: 0
0 -0.002162162162162162 37
1 0.01694295998737042 42
2 -0.0021828201409193108 49
update: 22; loss: -0.024177253246307373; cumulative_reward: 0.26635853431005363; success_count: 2; episode_count: 11; invalid_count: 0; positive_reward_count: 12; random_exploration_count: 26; best_tax_advantage: 46746000.0; random_action_prob: 0.2239; saved_snapshots: 0
0 -0.001794871794871795 39
1 0.008891598616785486 42
2 -0.0007891193105305682 47
update: 23; loss: -0.03813135251402855; cumulative_reward: 0.10522817223378483; success_count: 1; episode_count: 13; invalid_count: 0; positive_reward_count: 5; random_exploration_count: 27; best_tax_advantage: 46746000.0; random_action_prob: 0.2228; saved_snapshots: 0
0 -0.0005555555555555556 36
1 0.004404776451712983 43
2 -0.0013097390855076208 49
update: 24; loss: -0.019616641104221344; cumulative_reward: 0.491535037569351; success_count: 3; episode_count: 12; invalid_count: 0; positive_reward_count: 14; random_exploration_count: 23; best_tax_advantage: 56754000.0; random_action_prob: 0.2217; saved_snapshots: 0
0 -0.0008108108108108108 37
1 0.012390277371485615 46
2 -0.0010759493670886076 45
update: 25; loss: -0.0209089828034242; cumulative_reward: -0.05841977494510467; success_count: 1; episode_count: 10; invalid_count: 0; positive_reward_count: 7; random_exploration_count: 24; best_tax_advantage: 46746000.0; random_action_prob: 0.2206; saved_snapshots: 0
0 -0.0013513513513513514 37
1 0.002666725206752218 37
2 -0.0019831223628691986 54
update: 26; loss: -0.033565896252791085; cumulative_reward: 0.18151181869024355; success_count: 2; episode_count: 9; invalid_count: 0; positive_reward_count: 13; random_exploration_count: 27; best_tax_advantage: 46746000.0; random_action_prob: 0.2195; saved_snapshots: 0
0 -0.0020512820512820513 39
1 0.008218977039028809 54
2 -0.005208941183351774 35
update: 27; loss: -0.018725645107527573; cumulative_reward: -0.045018619872350195; success_count: 1; episode_count: 13; invalid_count: 0; positive_reward_count: 10; random_exploration_count: 29; best_tax_advantage: 46746000.0; random_action_prob: 0.2184; saved_snapshots: 0
0 -0.002285714285714286 35
1 0.004437966699203714 52
2 -0.004775436298315688 41
update: 28; loss: -0.01443164081623157; cumulative_reward: 0.34381907396102; success_count: 4; episode_count: 12; invalid_count: 0; positive_reward_count: 15; random_exploration_count: 31; best_tax_advantage: 46746000.0; random_action_prob: 0.2173; saved_snapshots: 0
0 -0.001794871794871795 39
1 0.014729829982157668 43
2 -0.004773122071125207 46
update: 29; loss: 0.0007117421676715215; cumulative_reward: 0.4447643517107765; success_count: 3; episode_count: 10; invalid_count: 0; positive_reward_count: 13; random_exploration_count: 26; best_tax_advantage: 46746000.0; random_action_prob: 0.2162; saved_snapshots: 0
0 -0.0007317073170731707 41
1 0.01397823593605403 46
2 -0.004103280520675827 41
update: 30; loss: -0.03553050383925438; cumulative_reward: 0.014270008056994493; success_count: 0; episode_count: 9; invalid_count: 0; positive_reward_count: 10; random_exploration_count: 25; best_tax_advantage: 0.0; random_action_prob: 0.2151; saved_snapshots: 0
0 -0.001081081081081081 37
1 0.007914184493484534 38
2 -0.004650358541422977 53
update: 31; loss: -0.027207260330518086; cumulative_reward: 0.31976884526723875; success_count: 2; episode_count: 10; invalid_count: 0; positive_reward_count: 14; random_exploration_count: 30; best_tax_advantage: 46746000.0; random_action_prob: 0.2140; saved_snapshots: 0
0 -0.0005263157894736842 38
1 0.007621959183825787 50
2 -0.001033227848101266 40
update: 32; loss: -0.006415160683294137; cumulative_reward: 0.11543235747835093; success_count: 1; episode_count: 9; invalid_count: 0; positive_reward_count: 11; random_exploration_count: 25; best_tax_advantage: 46746000.0; random_action_prob: 0.2130; saved_snapshots: 0
0 -0.0017500000000000003 40
1 0.00637247714227559 45
2 -0.0023564910214895498 43
update: 33; loss: -0.020990716914335888; cumulative_reward: 0.8080334479915325; success_count: 5; episode_count: 8; invalid_count: 0; positive_reward_count: 19; random_exploration_count: 26; best_tax_advantage: 46746000.0; random_action_prob: 0.2119; saved_snapshots: 0
0 -0.0004347826086956522 46
1 0.019543991785113228 53
2 -0.007165452297223049 29
update: 34; loss: -0.020908469955126446; cumulative_reward: 0.6665577253027094; success_count: 4; episode_count: 14; invalid_count: 0; positive_reward_count: 16; random_exploration_count: 24; best_tax_advantage: 56754000.0; random_action_prob: 0.2108; saved_snapshots: 0
0 -0.0005263157894736842 38
1 0.01832666799995929 46
2 -0.003556113697623132 44
update: 35; loss: -0.014639782719314098; cumulative_reward: 0.6256249199326172; success_count: 4; episode_count: 12; invalid_count: 0; positive_reward_count: 16; random_exploration_count: 28; best_tax_advantage: 46746000.0; random_action_prob: 0.2098; saved_snapshots: 0
0 -0.0005 40
1 0.017066498169309906 43
2 -0.0019607666966157534 45
update: 36; loss: -0.008498447015881538; cumulative_reward: 1.2502742085092584; success_count: 8; episode_count: 12; invalid_count: 0; positive_reward_count: 28; random_exploration_count: 25; best_tax_advantage: 56754000.0; random_action_prob: 0.2087; saved_snapshots: 0
0 -0.0009302325581395349 43
1 0.024086533971181743 57
2 -0.0029520795660036166 28
update: 37; loss: -0.004150902231534322; cumulative_reward: 1.2192828078123836; success_count: 8; episode_count: 11; invalid_count: 0; positive_reward_count: 26; random_exploration_count: 15; best_tax_advantage: 46746000.0; random_action_prob: 0.2077; saved_snapshots: 0
0 -0.00045454545454545455 44
1 0.027563760990349045 51
2 -0.005044515233194479 33
update: 38; loss: -0.027169046302636463; cumulative_reward: 0.9376914619031576; success_count: 4; episode_count: 10; invalid_count: 0; positive_reward_count: 18; random_exploration_count: 22; best_tax_advantage: 46746000.0; random_action_prob: 0.2066; saved_snapshots: 0
0 -0.00025 40
1 0.020160238789649114 48
2 -0.0005 40
update: 39; loss: -0.022325965265432995; cumulative_reward: 0.7206622236419944; success_count: 3; episode_count: 9; invalid_count: 0; positive_reward_count: 17; random_exploration_count: 22; best_tax_advantage: 46746000.0; random_action_prob: 0.2056; saved_snapshots: 0
0 0.0 42
1 0.016347637773174894 46
2 -0.0007832278481012658 40
update: 40; loss: -0.020969754705826443; cumulative_reward: 1.2160459263279222; success_count: 6; episode_count: 11; invalid_count: 0; positive_reward_count: 23; random_exploration_count: 30; best_tax_advantage: 56754000.0; random_action_prob: 0.2046; saved_snapshots: 0
0 -0.0006818181818181818 44
1 0.02717819234578667 47
2 -0.0008467328087581252 37
update: 41; loss: 0.00814294752975305; cumulative_reward: 1.0514024444553374; success_count: 4; episode_count: 11; invalid_count: 0; positive_reward_count: 20; random_exploration_count: 31; best_tax_advantage: 56754000.0; random_action_prob: 0.2036; saved_snapshots: 0
0 -0.00023255813953488373 43
1 0.023946401798402992 47
2 -0.0016862747386737684 38
update: 42; loss: -0.01669493814309438; cumulative_reward: 0.7203262301563382; success_count: 1; episode_count: 4; invalid_count: 0; positive_reward_count: 19; random_exploration_count: 30; best_tax_advantage: 46746000.0; random_action_prob: 0.2025; saved_snapshots: 0
0 -0.00023255813953488373 43
1 0.015833106881607776 50
2 -0.0017522603978300181 35
update: 43; loss: -0.028520701453089714; cumulative_reward: 0.7088367567253344; success_count: 5; episode_count: 10; invalid_count: 0; positive_reward_count: 20; random_exploration_count: 27; best_tax_advantage: 46746000.0; random_action_prob: 0.2015; saved_snapshots: 0
0 -0.0009523809523809524 42
1 0.016233843570538076 52
2 -0.002803620851254283 34
update: 44; loss: -0.025126875688632328; cumulative_reward: 0.9357063737265326; success_count: 3; episode_count: 6; invalid_count: 0; positive_reward_count: 22; random_exploration_count: 26; best_tax_advantage: 46746000.0; random_action_prob: 0.2005; saved_snapshots: 0
0 -0.00046511627906976747 43
1 0.017946099775465147 55
2 -0.0010443037974683545 30
update: 45; loss: -0.012328537801901499; cumulative_reward: 1.1264242001792566; success_count: 5; episode_count: 8; invalid_count: 0; positive_reward_count: 22; random_exploration_count: 21; best_tax_advantage: 46746000.0; random_action_prob: 0.1995; saved_snapshots: 0
0 0.0 43
1 0.023100291232459245 51
2 -0.0015203133140048472 34
update: 46; loss: 0.0011396082118153572; cumulative_reward: 0.9323208330016796; success_count: 4; episode_count: 10; invalid_count: 0; positive_reward_count: 19; random_exploration_count: 28; best_tax_advantage: 56754000.0; random_action_prob: 0.1985; saved_snapshots: 0
0 -0.0007317073170731707 41
1 0.022272405564673782 51
2 -0.004821440299907879 36
update: 47; loss: 0.034119480599959694; cumulative_reward: 1.1368519340918795; success_count: 4; episode_count: 10; invalid_count: 0; positive_reward_count: 21; random_exploration_count: 30; best_tax_advantage: 56754000.0; random_action_prob: 0.1975; saved_snapshots: 0
0 -0.00024390243902439024 41
1 0.0220548448863823 52
2 0.0 35
update: 48; loss: 0.0152409253641963; cumulative_reward: 0.3399691628862922; success_count: 1; episode_count: 9; invalid_count: 0; positive_reward_count: 13; random_exploration_count: 42; best_tax_advantage: 46746000.0; random_action_prob: 0.1965; saved_snapshots: 0
0 -0.001 40
1 0.014106249499663551 42
2 -0.004619419915208194 46
update: 49; loss: -0.004275732673704624; cumulative_reward: 0.7634649655595421; success_count: 3; episode_count: 7; invalid_count: 0; positive_reward_count: 19; random_exploration_count: 14; best_tax_advantage: 56754000.0; random_action_prob: 0.1956; saved_snapshots: 0
0 -0.00046511627906976747 43
1 0.015560751874191479 55
2 -0.002412546250699647 30
update: 50; loss: -0.004000873615344365; cumulative_reward: 0.9175704348426548; success_count: 4; episode_count: 10; invalid_count: 0; positive_reward_count: 23; random_exploration_count: 29; best_tax_advantage: 56754000.0; random_action_prob: 0.1946; saved_snapshots: 0
0 -0.0010256410256410256 39
1 0.028052793475573334 49
2 -0.01042541113651097 40
update: 51; loss: -0.01582332979887724; cumulative_reward: 0.9229438420043218; success_count: 4; episode_count: 10; invalid_count: 0; positive_reward_count: 21; random_exploration_count: 22; best_tax_advantage: 46746000.0; random_action_prob: 0.1936; saved_snapshots: 0
0 -0.00024390243902439024 41
1 0.018658876840086436 50
2 0.0 37
update: 52; loss: -0.025454838449756306; cumulative_reward: 1.0195238467648144; success_count: 5; episode_count: 10; invalid_count: 0; positive_reward_count: 20; random_exploration_count: 22; best_tax_advantage: 56754000.0; random_action_prob: 0.1926; saved_snapshots: 0
0 -0.00046511627906976747 43
1 0.025164927695003447 49
2 -0.005376600285843181 36
update: 53; loss: -0.01440786849707365; cumulative_reward: 1.478273634459886; success_count: 8; episode_count: 12; invalid_count: 0; positive_reward_count: 32; random_exploration_count: 22; best_tax_advantage: 56754000.0; random_action_prob: 0.1917; saved_snapshots: 0
0 -0.0006976744186046512 43
1 0.03247901904229383 56
2 -0.010708670065812689 29
update: 54; loss: -0.02021564853688081; cumulative_reward: 0.9522785964597444; success_count: 3; episode_count: 7; invalid_count: 0; positive_reward_count: 25; random_exploration_count: 16; best_tax_advantage: 46746000.0; random_action_prob: 0.1907; saved_snapshots: 0
0 -0.0008888888888888889 45
1 0.023574951983103238 50
2 -0.005650575839255085 33
update: 55; loss: 0.03393531093994776; cumulative_reward: 1.3545503736976743; success_count: 7; episode_count: 11; invalid_count: 0; positive_reward_count: 26; random_exploration_count: 29; best_tax_advantage: 56754000.0; random_action_prob: 0.1898; saved_snapshots: 0
0 -0.00022727272727272727 44
1 0.03080945028205906 49
2 -0.004146076860663403 35
update: 56; loss: -0.024963415538271267; cumulative_reward: 1.6010939839606908; success_count: 11; episode_count: 12; invalid_count: 0; positive_reward_count: 30; random_exploration_count: 18; best_tax_advantage: 46746000.0; random_action_prob: 0.1888; saved_snapshots: 0
0 -0.00045454545454545455 44
1 0.029812780444007023 57
2 -0.0028975741239892186 27
update: 57; loss: -0.01012018167724212; cumulative_reward: 0.6834127734525414; success_count: 2; episode_count: 7; invalid_count: 0; positive_reward_count: 20; random_exploration_count: 17; best_tax_advantage: 46746000.0; random_action_prob: 0.1879; saved_snapshots: 0
0 -0.0007142857142857143 42
1 0.01947494712688242 48
2 -0.005825912858889864 38
update: 58; loss: -0.01575295627117157; cumulative_reward: 0.8642230668800539; success_count: 3; episode_count: 7; invalid_count: 0; positive_reward_count: 22; random_exploration_count: 21; best_tax_advantage: 46746000.0; random_action_prob: 0.1869; saved_snapshots: 0
0 -0.0013043478260869564 46
1 0.01870399385801869 53
2 -0.0023134002618943692 29
update: 59; loss: 0.02236138905088107; cumulative_reward: 1.2187823690797075; success_count: 4; episode_count: 8; invalid_count: 0; positive_reward_count: 23; random_exploration_count: 18; best_tax_advantage: 46746000.0; random_action_prob: 0.1860; saved_snapshots: 0
0 -0.0004761904761904762 42
1 0.025602229660075162 50
2 -0.00114803094233474 36
update: 60; loss: -0.02570325943330924; cumulative_reward: 0.9676384542884888; success_count: 5; episode_count: 12; invalid_count: 0; positive_reward_count: 20; random_exploration_count: 30; best_tax_advantage: 46746000.0; random_action_prob: 0.1851; saved_snapshots: 0
0 -0.001282051282051282 39
1 0.023169522727926373 47
2 -0.00169831223628692 42
update: 61; loss: -0.025802379474043846; cumulative_reward: 1.1682902011335194; success_count: 5; episode_count: 12; invalid_count: 0; positive_reward_count: 21; random_exploration_count: 25; best_tax_advantage: 46746000.0; random_action_prob: 0.1841; saved_snapshots: 0
0 -0.0002380952380952381 42
1 0.027996822095766937 46
2 -0.0027390903817939884 40
update: 62; loss: -0.02020951360464096; cumulative_reward: 1.4825945914792409; success_count: 6; episode_count: 9; invalid_count: 0; positive_reward_count: 27; random_exploration_count: 22; best_tax_advantage: 46746000.0; random_action_prob: 0.1832; saved_snapshots: 0
0 -0.00044444444444444447 45
1 0.03059286716974904 52
2 -0.0028462742370228677 31
update: 63; loss: -0.02876487374305725; cumulative_reward: 1.0194231869141852; success_count: 3; episode_count: 9; invalid_count: 0; positive_reward_count: 17; random_exploration_count: 29; best_tax_advantage: 46746000.0; random_action_prob: 0.1823; saved_snapshots: 0
0 -0.000975609756097561 41
1 0.02411789536769968 46
2 -0.0012195121951219512 41
update: 64; loss: -0.020660705243547756; cumulative_reward: 0.699050912309332; success_count: 2; episode_count: 7; invalid_count: 0; positive_reward_count: 20; random_exploration_count: 26; best_tax_advantage: 46746000.0; random_action_prob: 0.1814; saved_snapshots: 0
0 -0.0018181818181818182 44
1 0.02054297691499467 47
2 -0.005039702775551833 37
update: 65; loss: -0.009108176144460836; cumulative_reward: 1.3952542418119838; success_count: 5; episode_count: 8; invalid_count: 0; positive_reward_count: 20; random_exploration_count: 22; best_tax_advantage: 56754000.0; random_action_prob: 0.1805; saved_snapshots: 0
0 0.0 43
1 0.025368258942036075 55
2 0.0 30
update: 66; loss: -0.018469981228311855; cumulative_reward: 0.8706192901303027; success_count: 2; episode_count: 8; invalid_count: 0; positive_reward_count: 22; random_exploration_count: 25; best_tax_advantage: 46746000.0; random_action_prob: 0.1796; saved_snapshots: 0
0 -0.0004761904761904762 42
1 0.02467114591042276 50
2 -0.009526055705300988 36
update: 67; loss: -0.021793469165762264; cumulative_reward: 1.3958722494563955; success_count: 5; episode_count: 7; invalid_count: 0; positive_reward_count: 26; random_exploration_count: 29; best_tax_advantage: 56754000.0; random_action_prob: 0.1787; saved_snapshots: 0
0 -0.0006666666666666666 45
1 0.026494570243280845 55
2 -0.0011188969258589512 28
update: 68; loss: 0.13037500282128653; cumulative_reward: 1.408933096958417; success_count: 2; episode_count: 6; invalid_count: 0; positive_reward_count: 23; random_exploration_count: 27; best_tax_advantage: 56754000.0; random_action_prob: 0.1778; saved_snapshots: 0
0 0.0 44
1 0.03489511906094989 48
2 -0.007389794943532705 36
update: 69; loss: -0.021316055208444595; cumulative_reward: 1.5532051513927265; success_count: 3; episode_count: 5; invalid_count: 0; positive_reward_count: 25; random_exploration_count: 24; best_tax_advantage: 56754000.0; random_action_prob: 0.1769; saved_snapshots: 0
0 -0.0004166666666666667 48
1 0.03269068530633556 50
2 -0.0020443037974683543 30
update: 70; loss: -0.010796580774088701; cumulative_reward: 1.7549321766817727; success_count: 4; episode_count: 4; invalid_count: 0; positive_reward_count: 27; random_exploration_count: 19; best_tax_advantage: 56754000.0; random_action_prob: 0.1760; saved_snapshots: 0
0 -0.0008 50
1 0.035194748562387725 51
2 0.0 27
update: 71; loss: 0.020091519380609196; cumulative_reward: 1.356408082746249; success_count: 4; episode_count: 7; invalid_count: 0; positive_reward_count: 25; random_exploration_count: 16; best_tax_advantage: 46746000.0; random_action_prob: 0.1751; saved_snapshots: 0
0 -0.0002127659574468085 47
1 0.026280692757255593 54
2 -0.001953678746131576 27
update: 72; loss: -0.012847843890388807; cumulative_reward: 1.1614080210765343; success_count: 2; episode_count: 5; invalid_count: 0; positive_reward_count: 27; random_exploration_count: 17; best_tax_advantage: 46746000.0; random_action_prob: 0.1743; saved_snapshots: 0
0 0.0 47
1 0.02912838875281952 52
2 -0.012181661864485547 29
update: 73; loss: -0.007126010333498319; cumulative_reward: 1.2408889891616635; success_count: 2; episode_count: 5; invalid_count: 0; positive_reward_count: 23; random_exploration_count: 25; best_tax_advantage: 46746000.0; random_action_prob: 0.1734; saved_snapshots: 0
0 -0.0008695652173913044 46
1 0.02519025565401158 52
2 -0.000966810161564626 30
update: 74; loss: -0.026177939027547836; cumulative_reward: 1.3683319823178703; success_count: 3; episode_count: 7; invalid_count: 0; positive_reward_count: 25; random_exploration_count: 22; best_tax_advantage: 46746000.0; random_action_prob: 0.1725; saved_snapshots: 0
0 0.0 44
1 0.028843524280719277 54
2 -0.006307277628032346 30
update: 75; loss: 0.037212662398815155; cumulative_reward: 1.534235754245762; success_count: 5; episode_count: 6; invalid_count: 0; positive_reward_count: 27; random_exploration_count: 20; best_tax_advantage: 46746000.0; random_action_prob: 0.1717; saved_snapshots: 0
0 -0.0008163265306122449 49
1 0.030466072197033896 52
2 -0.00037037037037037035 27
update: 76; loss: -0.02492170160015424; cumulative_reward: 1.095156877942092; success_count: 1; episode_count: 5; invalid_count: 0; positive_reward_count: 21; random_exploration_count: 21; best_tax_advantage: 7403400.0; random_action_prob: 0.1708; saved_snapshots: 0
0 -0.0013043478260869564 46
1 0.023225107812057177 53
2 -0.0026128908998944403 29
update: 77; loss: 0.07506849368413289; cumulative_reward: 1.2246668797530809; success_count: 2; episode_count: 6; invalid_count: 0; positive_reward_count: 24; random_exploration_count: 23; best_tax_advantage: 46746000.0; random_action_prob: 0.1699; saved_snapshots: 0
0 -0.0004347826086956522 46
1 0.03100755885298382 49
2 -0.008324348607367476 33
update: 78; loss: -0.0327753908932209; cumulative_reward: 1.1940290163272544; success_count: 2; episode_count: 7; invalid_count: 0; positive_reward_count: 24; random_exploration_count: 19; best_tax_advantage: 56754000.0; random_action_prob: 0.1691; saved_snapshots: 0
0 -0.0006818181818181818 44
1 0.03199803277117347 48
2 -0.008663237685807545 36
update: 79; loss: 0.08257000893354416; cumulative_reward: 1.3870435989844052; success_count: 1; episode_count: 5; invalid_count: 0; positive_reward_count: 22; random_exploration_count: 19; best_tax_advantage: 46746000.0; random_action_prob: 0.1683; saved_snapshots: 0
0 -0.0002173913043478261 46
1 0.031804316963670094 48
2 -0.0038106945668164565 34
update: 80; loss: -0.02450411518414815; cumulative_reward: 1.2944127012538507; success_count: 2; episode_count: 7; invalid_count: 0; positive_reward_count: 23; random_exploration_count: 25; best_tax_advantage: 46746000.0; random_action_prob: 0.1674; saved_snapshots: 0
0 -0.00022222222222222223 45
1 0.02950019686313133 49
2 -0.004149910148223071 34
update: 81; loss: -0.02463868260383606; cumulative_reward: 1.3597591872834034; success_count: 2; episode_count: 4; invalid_count: 0; positive_reward_count: 25; random_exploration_count: 14; best_tax_advantage: 46746000.0; random_action_prob: 0.1666; saved_snapshots: 0
0 -0.0008333333333333334 48
1 0.03141653517981485 48
2 -0.003382328167115903 32
update: 82; loss: -0.014969254223008951; cumulative_reward: 1.2581630461396853; success_count: 1; episode_count: 4; invalid_count: 0; positive_reward_count: 26; random_exploration_count: 23; best_tax_advantage: 46746000.0; random_action_prob: 0.1657; saved_snapshots: 0
0 0.0 46
1 0.027807286877156823 50
2 -0.004131290553692369 32
update: 83; loss: 0.11653561393419902; cumulative_reward: 1.4416830868550248; success_count: 1; episode_count: 3; invalid_count: 0; positive_reward_count: 23; random_exploration_count: 15; best_tax_advantage: 46746000.0; random_action_prob: 0.1649; saved_snapshots: 0
0 0.0 48
1 0.033041686700059435 46
2 -0.00230101474552085 34
update: 84; loss: -0.01933852955698967; cumulative_reward: 1.5155637912308861; success_count: 2; episode_count: 3; invalid_count: 0; positive_reward_count: 25; random_exploration_count: 16; best_tax_advantage: 46746000.0; random_action_prob: 0.1641; saved_snapshots: 0
0 -0.00020833333333333335 48
1 0.027420781986265835 56
2 -0.0004166666666666667 24
update: 85; loss: -0.024938153102993965; cumulative_reward: 1.6849608834204313; success_count: 3; episode_count: 7; invalid_count: 0; positive_reward_count: 27; random_exploration_count: 15; best_tax_advantage: 56754000.0; random_action_prob: 0.1633; saved_snapshots: 0
0 -0.00022222222222222223 45
1 0.03705390415348118 51
2 -0.006087132137722126 32
update: 86; loss: -0.029512248933315277; cumulative_reward: 0.9068006955140551; success_count: 0; episode_count: 5; invalid_count: 0; positive_reward_count: 21; random_exploration_count: 21; best_tax_advantage: 0.0; random_action_prob: 0.1625; saved_snapshots: 0
0 -0.0013043478260869564 46
1 0.02725869312690001 43
2 -0.005264695101093477 39
update: 87; loss: -0.023764873544375103; cumulative_reward: 1.7119638990404027; success_count: 3; episode_count: 6; invalid_count: 0; positive_reward_count: 27; random_exploration_count: 16; best_tax_advantage: 46746000.0; random_action_prob: 0.1616; saved_snapshots: 0
0 0.0 48
1 0.039607963080861945 48
2 -0.005913072776280324 32
update: 88; loss: -0.017487977941830952; cumulative_reward: 1.3232789817577975; success_count: 1; episode_count: 3; invalid_count: 0; positive_reward_count: 23; random_exploration_count: 20; best_tax_advantage: 46746000.0; random_action_prob: 0.1608; saved_snapshots: 0
0 -0.000425531914893617 47
1 0.027958296008392877 54
2 -0.006165518618348808 27
update: 89; loss: -0.03178877507646879; cumulative_reward: 1.7124202527683674; success_count: 3; episode_count: 5; invalid_count: 0; positive_reward_count: 27; random_exploration_count: 19; best_tax_advantage: 56754000.0; random_action_prob: 0.1600; saved_snapshots: 0
0 -0.0004166666666666667 48
1 0.03686808160523259 50
2 -0.003699460916442049 30
update: 90; loss: -0.019524552548925083; cumulative_reward: 1.209204281683192; success_count: 0; episode_count: 5; invalid_count: 0; positive_reward_count: 21; random_exploration_count: 20; best_tax_advantage: 0.0; random_action_prob: 0.1592; saved_snapshots: 0
0 0.0 44
1 0.02735859623183 48
2 -0.0028891204845735464 36
update: 91; loss: -0.01909141180415948; cumulative_reward: 1.4296285234281814; success_count: 1; episode_count: 4; invalid_count: 0; positive_reward_count: 26; random_exploration_count: 22; best_tax_advantage: 46746000.0; random_action_prob: 0.1584; saved_snapshots: 0
0 -0.0008333333333333334 48
1 0.03541312237947425 47
2 -0.0059026735880941825 33
update: 92; loss: -0.023340133329232533; cumulative_reward: 1.0199225067385447; success_count: 0; episode_count: 6; invalid_count: 0; positive_reward_count: 19; random_exploration_count: 23; best_tax_advantage: 0.0; random_action_prob: 0.1576; saved_snapshots: 0
0 -0.00045454545454545455 44
1 0.03046684964828085 41
2 -0.0048655425311853575 43
update: 93; loss: -0.02115456263224284; cumulative_reward: 1.234289773158263; success_count: 0; episode_count: 2; invalid_count: 0; positive_reward_count: 25; random_exploration_count: 17; best_tax_advantage: 0.0; random_action_prob: 0.1569; saved_snapshots: 0
0 -0.0004166666666666667 48
1 0.028241905886326996 49
2 -0.004179471460379339 31
update: 94; loss: -0.014573638016978899; cumulative_reward: 1.524287834314379; success_count: 1; episode_count: 1; invalid_count: 0; positive_reward_count: 26; random_exploration_count: 24; best_tax_advantage: 46746000.0; random_action_prob: 0.1561; saved_snapshots: 0
0 -0.0002 50
1 0.029697842967584223 52
2 -0.0003846153846153846 26
update: 95; loss: 0.009906789908806482; cumulative_reward: 1.5260587119245441; success_count: 0; episode_count: 1; invalid_count: 0; positive_reward_count: 24; random_exploration_count: 13; best_tax_advantage: 0.0; random_action_prob: 0.1553; saved_snapshots: 0
0 -0.0002 50
1 0.03228586426544507 50
2 -0.0027940893338467463 28
update: 96; loss: -0.013856544780234495; cumulative_reward: 1.726851822669861; success_count: 3; episode_count: 5; invalid_count: 0; positive_reward_count: 26; random_exploration_count: 23; best_tax_advantage: 56754000.0; random_action_prob: 0.1545; saved_snapshots: 0
0 -0.0004166666666666667 48
1 0.03745074130648103 49
2 -0.0028462742370228677 31
update: 97; loss: -0.01744265668094158; cumulative_reward: 1.853725568580828; success_count: 2; episode_count: 4; invalid_count: 0; positive_reward_count: 27; random_exploration_count: 12; best_tax_advantage: 56754000.0; random_action_prob: 0.1537; saved_snapshots: 0
0 0.0 49
1 0.039804556939909905 47
2 -0.0005340189873417722 32
update: 98; loss: 0.004503912292420864; cumulative_reward: 2.014893227230597; success_count: 1; episode_count: 2; invalid_count: 0; positive_reward_count: 26; random_exploration_count: 15; best_tax_advantage: 56754000.0; random_action_prob: 0.1530; saved_snapshots: 0
0 0.0 50
1 0.04186255457156613 50
2 -0.0027940893338467463 28
update: 99; loss: 0.3214633067448934; cumulative_reward: 1.8787738851505202; success_count: 1; episode_count: 2; invalid_count: 0; positive_reward_count: 26; random_exploration_count: 17; best_tax_advantage: 56754000.0; random_action_prob: 0.1522; saved_snapshots: 0
0 -0.0002 50
1 0.03875048745205146 49
2 -0.0003448275862068966 29
2026-07-10T16:50:23 completed dub_irish_dutch run=1 elapsed_seconds=530.96 updates_logged=100
2026-07-10T16:50:23 running dub_irish_dutch run=2 seed=1731
update: 0; loss: -0.020256709307432175; cumulative_reward: 0.0900841876337351; success_count: 1; episode_count: 15; invalid_count: 0; positive_reward_count: 9; random_exploration_count: 28; best_tax_advantage: 46746000.0; random_action_prob: 0.2500; saved_snapshots: 0
0 -0.0008823529411764705 34
1 0.00555067533700846 45
2 -0.002646861276156032 49
update: 1; loss: -0.01992299531896909; cumulative_reward: -0.2711216733767785; success_count: 1; episode_count: 13; invalid_count: 0; positive_reward_count: 8; random_exploration_count: 30; best_tax_advantage: 2322000.0; random_action_prob: 0.2487; saved_snapshots: 0
0 -0.0023684210526315787 38
1 0.0064566042502503754 34
2 -0.007154396747951629 56
update: 2; loss: -0.024978339051206905; cumulative_reward: 0.051973236798420246; success_count: 2; episode_count: 12; invalid_count: 0; positive_reward_count: 14; random_exploration_count: 35; best_tax_advantage: 46746000.0; random_action_prob: 0.2475; saved_snapshots: 0
0 -0.003 40
1 0.007460983723310178 50
2 -0.00529147235176549 38
update: 3; loss: -0.021430259570479393; cumulative_reward: -0.22697518874986689; success_count: 0; episode_count: 14; invalid_count: 0; positive_reward_count: 9; random_exploration_count: 32; best_tax_advantage: 0.0; random_action_prob: 0.2463; saved_snapshots: 0
0 -0.0021875 32
1 0.0023407052708741775 42
2 -0.004727496483825598 54
update: 4; loss: -0.02545390898982684; cumulative_reward: -0.17706527761413834; success_count: 1; episode_count: 14; invalid_count: 0; positive_reward_count: 8; random_exploration_count: 39; best_tax_advantage: 46746000.0; random_action_prob: 0.2450; saved_snapshots: 0
0 -0.0023529411764705885 34
1 0.0032960327304039716 42
2 -0.004528820236367406 52
update: 5; loss: -0.021293675526976585; cumulative_reward: -0.14464129302828727; success_count: 1; episode_count: 16; invalid_count: 0; positive_reward_count: 9; random_exploration_count: 30; best_tax_advantage: 46746000.0; random_action_prob: 0.2438; saved_snapshots: 0
0 -0.0025806451612903226 31
1 0.003645389417358053 43
2 -0.004099871073605251 54
update: 6; loss: -0.017471548169851303; cumulative_reward: -0.3439128120156292; success_count: 1; episode_count: 12; invalid_count: 0; positive_reward_count: 6; random_exploration_count: 36; best_tax_advantage: 46746000.0; random_action_prob: 0.2426; saved_snapshots: 0
0 -0.004 35
1 -0.0009678113202631458 44
2 -0.0032924308964091967 49
update: 7; loss: -0.032169864202539124; cumulative_reward: -0.24158227848101277; success_count: 0; episode_count: 14; invalid_count: 0; positive_reward_count: 6; random_exploration_count: 33; best_tax_advantage: 0.0; random_action_prob: 0.2414; saved_snapshots: 0
0 -0.0025714285714285713 35
1 0.0010003087372645878 41
2 -0.003703748782862707 52
update: 8; loss: -0.03187266861399015; cumulative_reward: -0.14904555620163706; success_count: 0; episode_count: 13; invalid_count: 0; positive_reward_count: 5; random_exploration_count: 31; best_tax_advantage: 0.0; random_action_prob: 0.2402; saved_snapshots: 0
0 -0.0016666666666666666 36
1 0.0012764921820586713 42
2 -0.0028531645569620256 50
update: 9; loss: -0.02223942056298256; cumulative_reward: -0.07; success_count: 0; episode_count: 13; invalid_count: 0; positive_reward_count: 2; random_exploration_count: 33; best_tax_advantage: 0.0; random_action_prob: 0.2390; saved_snapshots: 0
0 -0.0005555555555555556 36
1 0.0006766124171187463 42
2 -0.001568354430379747 50
update: 10; loss: -0.02988022193312645; cumulative_reward: 0.08413793524267177; success_count: 2; episode_count: 15; invalid_count: 0; positive_reward_count: 6; random_exploration_count: 35; best_tax_advantage: 46746000.0; random_action_prob: 0.2378; saved_snapshots: 0
0 -0.0022222222222222222 36
1 0.004877873650888995 48
2 -0.001590909090909091 44
update: 11; loss: -0.02303675313790639; cumulative_reward: -0.041190355723342655; success_count: 3; episode_count: 15; invalid_count: 0; positive_reward_count: 13; random_exploration_count: 31; best_tax_advantage: 46746000.0; random_action_prob: 0.2366; saved_snapshots: 0
0 -0.0044444444444444444 36
1 0.008116337704782102 47
2 -0.005836849507735584 45
update: 12; loss: -0.01412468341489633; cumulative_reward: -0.30158227848101277; success_count: 0; episode_count: 13; invalid_count: 0; positive_reward_count: 5; random_exploration_count: 31; best_tax_advantage: 0.0; random_action_prob: 0.2354; saved_snapshots: 0
0 -0.0025 36
1 -0.0006733882837798058 43
2 -0.0037270731077241027 49
update: 13; loss: -0.029850571726759274; cumulative_reward: -0.07443559682575568; success_count: 1; episode_count: 13; invalid_count: 0; positive_reward_count: 8; random_exploration_count: 32; best_tax_advantage: 46746000.0; random_action_prob: 0.2342; saved_snapshots: 0
0 -0.0016666666666666666 36
1 0.0061377677689072666 42
2 -0.0054444368623972166 50
update: 14; loss: -0.025243621940414112; cumulative_reward: 0.01823450134770891; success_count: 0; episode_count: 16; invalid_count: 0; positive_reward_count: 5; random_exploration_count: 30; best_tax_advantage: 0.0; random_action_prob: 0.2331; saved_snapshots: 0
0 -0.0003125 32
1 0.0040008110985665524 47
2 -0.0032612983731616137 49
update: 15; loss: -0.029021934295694034; cumulative_reward: 0.1999882049196699; success_count: 4; episode_count: 14; invalid_count: 0; positive_reward_count: 13; random_exploration_count: 31; best_tax_advantage: 46746000.0; random_action_prob: 0.2319; saved_snapshots: 0
0 -0.003783783783783784 37
1 0.011490595833657923 45
2 -0.0038497523390203636 46
update: 16; loss: -0.016324120263258617; cumulative_reward: -0.22426463165038382; success_count: 0; episode_count: 13; invalid_count: 0; positive_reward_count: 11; random_exploration_count: 32; best_tax_advantage: 0.0; random_action_prob: 0.2307; saved_snapshots: 0
0 -0.0023529411764705885 34
1 0.004618750815910089 46
2 -0.0074318160246301624 48
update: 17; loss: -0.027853883802890778; cumulative_reward: 0.2595917489424566; success_count: 3; episode_count: 14; invalid_count: 0; positive_reward_count: 13; random_exploration_count: 31; best_tax_advantage: 46746000.0; random_action_prob: 0.2296; saved_snapshots: 0
0 -0.0017142857142857142 35
1 0.009668846179030683 45
2 -0.0024063818565400845 48
update: 18; loss: -0.026123160496354103; cumulative_reward: 0.12008450255102034; success_count: 2; episode_count: 15; invalid_count: 0; positive_reward_count: 4; random_exploration_count: 27; best_tax_advantage: 46746000.0; random_action_prob: 0.2284; saved_snapshots: 0
0 -0.0012121212121212121 33
1 0.005611817135390741 41
2 -0.0012962962962962965 54
update: 19; loss: -0.017245691890517872; cumulative_reward: 0.06158022505489536; success_count: 1; episode_count: 14; invalid_count: 0; positive_reward_count: 7; random_exploration_count: 36; best_tax_advantage: 46746000.0; random_action_prob: 0.2273; saved_snapshots: 0
0 -0.0006060606060606061 33
1 0.006269274945305042 38
2 -0.0027482846116964254 57
update: 20; loss: -0.019512655834356945; cumulative_reward: -0.14611481017751324; success_count: 1; episode_count: 13; invalid_count: 0; positive_reward_count: 6; random_exploration_count: 26; best_tax_advantage: 6210000.0; random_action_prob: 0.2262; saved_snapshots: 0
0 -0.002285714285714286 35
1 0.0012304585612554245 53
2 -0.003283227848101266 40
update: 21; loss: -0.017710968852043152; cumulative_reward: 0.36524072402000035; success_count: 3; episode_count: 13; invalid_count: 0; positive_reward_count: 11; random_exploration_count: 31; best_tax_advantage: 46746000.0; random_action_prob: 0.2250; saved_snapshots: 0
0 -0.0013157894736842105 38
1 0.010139783786043641 47
2 -0.0014262584633500147 43
update: 22; loss: -0.023582504441340763; cumulative_reward: -0.02523779600745754; success_count: 2; episode_count: 15; invalid_count: 0; positive_reward_count: 8; random_exploration_count: 37; best_tax_advantage: 46746000.0; random_action_prob: 0.2239; saved_snapshots: 0
0 -0.0025 36
1 0.00467333730391304 45
2 -0.0030965526528413684 47
update: 23; loss: -0.017560092732310295; cumulative_reward: 0.10440797073546404; success_count: 0; episode_count: 11; invalid_count: 0; positive_reward_count: 6; random_exploration_count: 22; best_tax_advantage: 0.0; random_action_prob: 0.2228; saved_snapshots: 0
0 0.0 36
1 0.003712582190745895 45
2 -0.0013331537840021545 47
update: 24; loss: -0.024130214005708694; cumulative_reward: 0.23732931616415964; success_count: 1; episode_count: 12; invalid_count: 0; positive_reward_count: 9; random_exploration_count: 27; best_tax_advantage: 46746000.0; random_action_prob: 0.2217; saved_snapshots: 0
0 -0.0007894736842105263 38
1 0.006194360753419993 48
2 -0.0007142857142857143 42
update: 25; loss: -0.013730900983015696; cumulative_reward: 0.24333862796074857; success_count: 2; episode_count: 15; invalid_count: 0; positive_reward_count: 13; random_exploration_count: 30; best_tax_advantage: 56754000.0; random_action_prob: 0.2206; saved_snapshots: 0
0 -0.0017142857142857142 35
1 0.013577649792431135 42
2 -0.005233777712183512 51
update: 26; loss: -0.018675173943241436; cumulative_reward: 0.31909729015389593; success_count: 2; episode_count: 11; invalid_count: 0; positive_reward_count: 13; random_exploration_count: 19; best_tax_advantage: 46746000.0; random_action_prob: 0.2195; saved_snapshots: 0
0 -0.0008333333333333333 36
1 0.009205017412031835 52
2 -0.003239090381793988 40
update: 27; loss: -0.028569361194968224; cumulative_reward: -0.1425367592108304; success_count: 0; episode_count: 10; invalid_count: 0; positive_reward_count: 11; random_exploration_count: 32; best_tax_advantage: 0.0; random_action_prob: 0.2184; saved_snapshots: 0
0 -0.0023684210526315787 38
1 0.0035074160413537457 48
2 -0.005259350695138338 42
update: 28; loss: -0.019999389847119648; cumulative_reward: 0.21041277266055447; success_count: 2; episode_count: 11; invalid_count: 0; positive_reward_count: 13; random_exploration_count: 28; best_tax_advantage: 46746000.0; random_action_prob: 0.2173; saved_snapshots: 0
0 -0.001282051282051282 39
1 0.007723425843097239 54
2 -0.0044757777961913214 35
update: 29; loss: -0.014630381017923355; cumulative_reward: 0.21218046956064485; success_count: 1; episode_count: 13; invalid_count: 0; positive_reward_count: 8; random_exploration_count: 29; best_tax_advantage: 33534000.0; random_action_prob: 0.2162; saved_snapshots: 0
0 -0.0008108108108108108 37
1 0.008423399562068314 46
2 -0.0032287980065443898 45
update: 30; loss: -0.0008768811821937561; cumulative_reward: -0.05164403577886848; success_count: 1; episode_count: 14; invalid_count: 0; positive_reward_count: 11; random_exploration_count: 23; best_tax_advantage: 46746000.0; random_action_prob: 0.2151; saved_snapshots: 0
0 -0.002 35
1 0.009225879392239343 50
2 -0.010300883846298502 43
update: 31; loss: -0.02390351581076781; cumulative_reward: 0.39453629640669846; success_count: 3; episode_count: 12; invalid_count: 0; positive_reward_count: 16; random_exploration_count: 36; best_tax_advantage: 46746000.0; random_action_prob: 0.2140; saved_snapshots: 0
0 -0.0005405405405405405 37
1 0.009716069851401037 56
2 -0.0037018175791931293 35
update: 32; loss: -0.011873462237417698; cumulative_reward: 0.361603813573232; success_count: 3; episode_count: 9; invalid_count: 0; positive_reward_count: 10; random_exploration_count: 30; best_tax_advantage: 46746000.0; random_action_prob: 0.2130; saved_snapshots: 0
0 -0.000975609756097561 41
1 0.010165653612293454 53
2 -0.0040345831728917985 34
update: 33; loss: -0.015597866848111153; cumulative_reward: 0.5952414526045259; success_count: 3; episode_count: 12; invalid_count: 0; positive_reward_count: 14; random_exploration_count: 38; best_tax_advantage: 46746000.0; random_action_prob: 0.2119; saved_snapshots: 0
0 -0.0007894736842105263 38
1 0.015553828132593855 52
2 -0.004830463428693539 38
update: 34; loss: -0.020270520200332005; cumulative_reward: 0.2529491217645689; success_count: 3; episode_count: 13; invalid_count: 0; positive_reward_count: 15; random_exploration_count: 25; best_tax_advantage: 46746000.0; random_action_prob: 0.2108; saved_snapshots: 0
0 -0.0022222222222222222 36
1 0.008915440179678347 61
2 -0.006802991264380973 31
update: 35; loss: -0.03318618113795916; cumulative_reward: 0.2692439263085289; success_count: 2; episode_count: 11; invalid_count: 0; positive_reward_count: 14; random_exploration_count: 35; best_tax_advantage: 23373000.0; random_action_prob: 0.2098; saved_snapshots: 0
0 -0.0010256410256410256 39
1 0.008457178671835102 45
2 -0.0016211162255466054 44
update: 36; loss: -0.012991674244403839; cumulative_reward: 0.2697490352944974; success_count: 3; episode_count: 13; invalid_count: 0; positive_reward_count: 15; random_exploration_count: 35; best_tax_advantage: 46746000.0; random_action_prob: 0.2087; saved_snapshots: 0
0 -0.0014285714285714286 35
1 0.009090581669858367 46
2 -0.002093994074872071 47
update: 37; loss: -0.021417004987597466; cumulative_reward: 0.9431633956682441; success_count: 4; episode_count: 12; invalid_count: 0; positive_reward_count: 22; random_exploration_count: 19; best_tax_advantage: 56754000.0; random_action_prob: 0.2077; saved_snapshots: 0
0 0.0 40
1 0.022009918677589935 56
2 -0.009043501571149753 32
update: 38; loss: -0.019322268043955166; cumulative_reward: 0.03692895060985046; success_count: 0; episode_count: 11; invalid_count: 0; positive_reward_count: 9; random_exploration_count: 21; best_tax_advantage: 0.0; random_action_prob: 0.2066; saved_snapshots: 0
0 -0.0005882352941176471 34
1 0.0018490220501716928 50
2 -0.0008073216340621404 44
update: 39; loss: -0.01519226903716723; cumulative_reward: 0.3292847133323532; success_count: 2; episode_count: 10; invalid_count: 0; positive_reward_count: 12; random_exploration_count: 29; best_tax_advantage: 46746000.0; random_action_prob: 0.2056; saved_snapshots: 0
0 -0.000975609756097561 41
1 0.009183061820770427 52
2 -0.0030924143242202543 35
update: 40; loss: -0.038040789465109505; cumulative_reward: 0.5398402977260514; success_count: 5; episode_count: 10; invalid_count: 0; positive_reward_count: 21; random_exploration_count: 33; best_tax_advantage: 56754000.0; random_action_prob: 0.2046; saved_snapshots: 0
0 -0.002142857142857143 42
1 0.013894192840602863 56
2 -0.00494115004492363 30
update: 41; loss: -0.01821833848953247; cumulative_reward: 0.42193715842601043; success_count: 2; episode_count: 10; invalid_count: 0; positive_reward_count: 18; random_exploration_count: 23; best_tax_advantage: 46746000.0; random_action_prob: 0.2036; saved_snapshots: 0
0 -0.00075 40
1 0.011663281095872856 49
2 -0.003065733724916911 39
update: 42; loss: -0.01700896831850211; cumulative_reward: 0.9647286291272559; success_count: 5; episode_count: 13; invalid_count: 0; positive_reward_count: 17; random_exploration_count: 32; best_tax_advantage: 56754000.0; random_action_prob: 0.2025; saved_snapshots: 0
0 -0.00024390243902439024 41
1 0.02734014855756215 42
2 -0.0038568357842301004 45
update: 43; loss: -0.018316653246680897; cumulative_reward: 0.6245842495644788; success_count: 4; episode_count: 10; invalid_count: 0; positive_reward_count: 22; random_exploration_count: 29; best_tax_advantage: 46746000.0; random_action_prob: 0.2015; saved_snapshots: 0
0 -0.0007142857142857143 42
1 0.01703402067393667 52
2 -0.006799553690594939 34
update: 44; loss: -0.024693110957741737; cumulative_reward: 1.1339629910881832; success_count: 6; episode_count: 10; invalid_count: 0; positive_reward_count: 22; random_exploration_count: 21; best_tax_advantage: 46746000.0; random_action_prob: 0.2005; saved_snapshots: 0
0 -0.00045454545454545455 44
1 0.02196156586958837 53
2 -0.0003225806451612903 31
update: 45; loss: 0.01023009791970253; cumulative_reward: 0.8742730609749929; success_count: 6; episode_count: 10; invalid_count: 0; positive_reward_count: 24; random_exploration_count: 27; best_tax_advantage: 46746000.0; random_action_prob: 0.1995; saved_snapshots: 0
0 -0.0004761904761904762 42
1 0.017887652103818222 57
2 -0.004321486515263642 29
update: 46; loss: -0.02757217672963937; cumulative_reward: 0.5921412401930113; success_count: 3; episode_count: 9; invalid_count: 0; positive_reward_count: 19; random_exploration_count: 26; best_tax_advantage: 46746000.0; random_action_prob: 0.1985; saved_snapshots: 0
0 0.0 40
1 0.01218046134889842 59
2 -0.004362275151448125 29
update: 47; loss: -0.020704540113608044; cumulative_reward: 1.522556134482094; success_count: 9; episode_count: 11; invalid_count: 0; positive_reward_count: 32; random_exploration_count: 26; best_tax_advantage: 46746000.0; random_action_prob: 0.1975; saved_snapshots: 0
0 0.0 47
1 0.031388051682937325 51
2 -0.002607816711590297 30
update: 48; loss: -0.023291219025850296; cumulative_reward: 0.7265783912326724; success_count: 3; episode_count: 11; invalid_count: 0; positive_reward_count: 21; random_exploration_count: 23; best_tax_advantage: 46746000.0; random_action_prob: 0.1965; saved_snapshots: 0
0 -0.0005 40
1 0.018781748918382038 54
2 -0.007871648539998756 34
update: 49; loss: -0.018590234220027924; cumulative_reward: 1.2376064644902771; success_count: 8; episode_count: 11; invalid_count: 0; positive_reward_count: 27; random_exploration_count: 20; best_tax_advantage: 46746000.0; random_action_prob: 0.1956; saved_snapshots: 0
0 -0.0009523809523809524 42
1 0.025965633342601695 56
2 -0.00588230008984726 30
update: 50; loss: -0.030614058176676433; cumulative_reward: 0.9426210230554486; success_count: 5; episode_count: 11; invalid_count: 0; positive_reward_count: 21; random_exploration_count: 26; best_tax_advantage: 46746000.0; random_action_prob: 0.1946; saved_snapshots: 0
0 -0.0004878048780487805 41
1 0.022981800515017324 50
2 -0.005039702775551833 37
update: 51; loss: -0.0194064366320769; cumulative_reward: 1.1891002607579093; success_count: 6; episode_count: 10; invalid_count: 0; positive_reward_count: 27; random_exploration_count: 19; best_tax_advantage: 46746000.0; random_action_prob: 0.1936; saved_snapshots: 0
0 -0.0009523809523809524 42
1 0.027164784766247743 54
2 -0.007431191144358388 32
update: 52; loss: -0.010415526106953621; cumulative_reward: 1.058113366017357; success_count: 6; episode_count: 10; invalid_count: 0; positive_reward_count: 27; random_exploration_count: 21; best_tax_advantage: 56754000.0; random_action_prob: 0.1926; saved_snapshots: 0
0 -0.0006976744186046512 43
1 0.022758393749230818 52
2 -0.002888579058868049 33
update: 53; loss: -0.02859688860674699; cumulative_reward: 1.1564017902267036; success_count: 7; episode_count: 9; invalid_count: 0; positive_reward_count: 25; random_exploration_count: 25; best_tax_advantage: 46746000.0; random_action_prob: 0.1917; saved_snapshots: 0
0 -0.0006818181818181818 44
1 0.022993387119534775 55
2 -0.0026977414257830655 29
update: 54; loss: -0.023334403832753498; cumulative_reward: 1.308412747951621; success_count: 3; episode_count: 6; invalid_count: 0; positive_reward_count: 24; random_exploration_count: 17; best_tax_advantage: 56754000.0; random_action_prob: 0.1907; saved_snapshots: 0
0 0.0 45
1 0.027189161750967264 51
2 -0.002444828167115903 32
update: 55; loss: -0.008891066225866476; cumulative_reward: 1.0431042337415; success_count: 6; episode_count: 12; invalid_count: 0; positive_reward_count: 23; random_exploration_count: 22; best_tax_advantage: 46746000.0; random_action_prob: 0.1898; saved_snapshots: 0
0 -0.0002380952380952381 42
1 0.029176599408543155 42
2 -0.003916203214029821 44
update: 56; loss: -0.021950066089630127; cumulative_reward: 1.1621653064232764; success_count: 5; episode_count: 6; invalid_count: 0; positive_reward_count: 27; random_exploration_count: 30; best_tax_advantage: 46746000.0; random_action_prob: 0.1888; saved_snapshots: 0
0 -0.0004347826086956522 46
1 0.021891950118949573 54
2 0.0 28
update: 57; loss: -0.009517803167303404; cumulative_reward: 1.3432770661886828; success_count: 8; episode_count: 14; invalid_count: 0; positive_reward_count: 28; random_exploration_count: 24; best_tax_advantage: 46746000.0; random_action_prob: 0.1879; saved_snapshots: 0
0 -0.0007317073170731707 41
1 0.031141799688560838 52
2 -0.007031329074756588 35
update: 58; loss: 0.08666618665059407; cumulative_reward: 1.3972504392781524; success_count: 4; episode_count: 6; invalid_count: 0; positive_reward_count: 25; random_exploration_count: 21; best_tax_advantage: 56754000.0; random_action_prob: 0.1869; saved_snapshots: 0
0 0.0 48
1 0.028374710396651178 52
2 -0.0027940893338467463 28
update: 59; loss: -0.022157786414027214; cumulative_reward: 1.3675418338338754; success_count: 4; episode_count: 6; invalid_count: 0; positive_reward_count: 28; random_exploration_count: 20; best_tax_advantage: 46746000.0; random_action_prob: 0.1860; saved_snapshots: 0
0 -0.0010869565217391304 46
1 0.03098268161777366 52
2 -0.006451920343011817 30
update: 60; loss: -0.01478890577952067; cumulative_reward: 1.1193154229292548; success_count: 4; episode_count: 8; invalid_count: 0; positive_reward_count: 28; random_exploration_count: 27; best_tax_advantage: 56754000.0; random_action_prob: 0.1851; saved_snapshots: 0
0 -0.0006521739130434782 46
1 0.028475228173866152 50
2 -0.008576437055126668 32
update: 61; loss: -0.013095973990857601; cumulative_reward: 1.5914256985223325; success_count: 6; episode_count: 9; invalid_count: 0; positive_reward_count: 27; random_exploration_count: 23; best_tax_advantage: 46746000.0; random_action_prob: 0.1841; saved_snapshots: 0
0 0.0 44
1 0.03060434035619872 52
2 0.0 32
update: 62; loss: -0.021601167197028797; cumulative_reward: 0.9527244889962495; success_count: 2; episode_count: 7; invalid_count: 0; positive_reward_count: 22; random_exploration_count: 20; best_tax_advantage: 46746000.0; random_action_prob: 0.1832; saved_snapshots: 0
0 -0.0006818181818181818 44
1 0.02460481530577212 50
2 -0.007279890479186958 34
update: 63; loss: 0.0040991539135575294; cumulative_reward: 1.513431866705673; success_count: 6; episode_count: 9; invalid_count: 0; positive_reward_count: 30; random_exploration_count: 26; best_tax_advantage: 56754000.0; random_action_prob: 0.1823; saved_snapshots: 0
0 -0.00045454545454545455 44
1 0.028186546007517847 58
2 -0.0038995308357831523 26
update: 64; loss: -0.0011151040283342202; cumulative_reward: 1.316413516497401; success_count: 5; episode_count: 8; invalid_count: 0; positive_reward_count: 26; random_exploration_count: 25; best_tax_advantage: 46746000.0; random_action_prob: 0.1814; saved_snapshots: 0
0 0.0 45
1 0.02823473250880093 50
2 -0.002888579058868049 33
update: 65; loss: -0.014245275097588697; cumulative_reward: 1.3911648815005673; success_count: 4; episode_count: 8; invalid_count: 0; positive_reward_count: 25; random_exploration_count: 19; best_tax_advantage: 56754000.0; random_action_prob: 0.1805; saved_snapshots: 0
0 -0.00045454545454545455 44
1 0.026196541083590975 58
2 -0.004162865436450342 26
update: 66; loss: -0.027012658615907032; cumulative_reward: 1.2035380065941468; success_count: 2; episode_count: 5; invalid_count: 0; positive_reward_count: 25; random_exploration_count: 25; best_tax_advantage: 46746000.0; random_action_prob: 0.1796; saved_snapshots: 0
0 0.0 46
1 0.0264980396639788 51
2 -0.004769742460282956 31
update: 67; loss: -0.0136567959561944; cumulative_reward: 1.316543198083658; success_count: 1; episode_count: 5; invalid_count: 0; positive_reward_count: 23; random_exploration_count: 19; best_tax_advantage: 46746000.0; random_action_prob: 0.1787; saved_snapshots: 0
0 0.0 47
1 0.029133204603610602 49
2 -0.003468244609164421 32
update: 68; loss: -0.016440029876927536; cumulative_reward: 1.533831433298784; success_count: 2; episode_count: 5; invalid_count: 0; positive_reward_count: 25; random_exploration_count: 24; best_tax_advantage: 46746000.0; random_action_prob: 0.1778; saved_snapshots: 0
0 -0.0002127659574468085 47
1 0.03207338734078548 50
2 -0.0019302559271125572 31
update: 69; loss: -0.005095677760740121; cumulative_reward: 1.6521341256136883; success_count: 0; episode_count: 2; invalid_count: 0; positive_reward_count: 26; random_exploration_count: 13; best_tax_advantage: 0.0; random_action_prob: 0.1769; saved_snapshots: 0
0 0.0 48
1 0.03349265052424272 54
2 -0.006018038565208377 26
update: 70; loss: 0.002465543026725451; cumulative_reward: 1.3337564940350748; success_count: 1; episode_count: 5; invalid_count: 0; positive_reward_count: 22; random_exploration_count: 25; best_tax_advantage: 46746000.0; random_action_prob: 0.1760; saved_snapshots: 0
0 -0.0008695652173913044 46
1 0.0300799254050016 47
2 -0.001142857142857143 35
update: 71; loss: 0.006410643458366394; cumulative_reward: 1.371095013477089; success_count: 0; episode_count: 3; invalid_count: 0; positive_reward_count: 25; random_exploration_count: 18; best_tax_advantage: 0.0; random_action_prob: 0.1751; saved_snapshots: 0
0 -0.000625 48
1 0.030510929250373957 52
2 -0.006624046697941306 28
update: 72; loss: 0.03224907939632734; cumulative_reward: 1.407578756525079; success_count: 1; episode_count: 3; invalid_count: 0; positive_reward_count: 24; random_exploration_count: 16; best_tax_advantage: 8078400.0; random_action_prob: 0.1743; saved_snapshots: 0
0 -0.000625 48
1 0.02864180503740651 51
2 -0.000798389668367347 29
update: 73; loss: 0.016090084488193195; cumulative_reward: 1.747764891118876; success_count: 2; episode_count: 6; invalid_count: 0; positive_reward_count: 27; random_exploration_count: 25; best_tax_advantage: 56754000.0; random_action_prob: 0.1734; saved_snapshots: 0
0 0.0 46
1 0.03624081835978994 52
2 -0.004558588786340008 30
update: 74; loss: 0.025124850993355114; cumulative_reward: 1.432344943030054; success_count: 2; episode_count: 6; invalid_count: 0; positive_reward_count: 24; random_exploration_count: 26; best_tax_advantage: 46746000.0; random_action_prob: 0.1725; saved_snapshots: 0
0 0.0 45
1 0.025581031212754263 57
2 -0.000991301388343799 26
update: 75; loss: -0.022146888077259064; cumulative_reward: 0.9798069286676939; success_count: 0; episode_count: 6; invalid_count: 0; positive_reward_count: 24; random_exploration_count: 19; best_tax_advantage: 0.0; random_action_prob: 0.1717; saved_snapshots: 0
0 -0.00045454545454545455 44
1 0.023370773773270195 52
2 -0.006733540860698643 32
update: 76; loss: 0.00042847295602162677; cumulative_reward: 1.4922929251299575; success_count: 1; episode_count: 5; invalid_count: 0; positive_reward_count: 27; random_exploration_count: 23; best_tax_advantage: 46746000.0; random_action_prob: 0.1708; saved_snapshots: 0
0 0.0 47
1 0.03294222180573012 53
2 -0.009058743949062104 28
update: 77; loss: 0.024644571046034496; cumulative_reward: 1.5547651948855832; success_count: 1; episode_count: 4; invalid_count: 0; positive_reward_count: 25; random_exploration_count: 26; best_tax_advantage: 56754000.0; random_action_prob: 0.1699; saved_snapshots: 0
0 0.0 48
1 0.030608526608867197 52
2 -0.001317078170553936 28
update: 78; loss: -0.029147407039999962; cumulative_reward: 1.2588968313960964; success_count: 2; episode_count: 5; invalid_count: 0; positive_reward_count: 19; random_exploration_count: 27; best_tax_advantage: 56754000.0; random_action_prob: 0.1691; saved_snapshots: 0
0 0.0 44
1 0.023312904285112897 54
2 0.0 30
update: 79; loss: -0.014269538534184298; cumulative_reward: 1.3692863088967673; success_count: 1; episode_count: 4; invalid_count: 0; positive_reward_count: 22; random_exploration_count: 25; best_tax_advantage: 46746000.0; random_action_prob: 0.1683; saved_snapshots: 0
0 0.0 48
1 0.02633242901724553 52
2 0.0 28
update: 80; loss: 0.005023276433348656; cumulative_reward: 1.6503930273979746; success_count: 3; episode_count: 5; invalid_count: 0; positive_reward_count: 27; random_exploration_count: 22; best_tax_advantage: 56754000.0; random_action_prob: 0.1674; saved_snapshots: 0
0 -0.0010416666666666667 48
1 0.0347108453272193 53
2 -0.005158584257209174 27
update: 81; loss: -0.031952159479260445; cumulative_reward: 1.7909285006934104; success_count: 3; episode_count: 4; invalid_count: 0; positive_reward_count: 30; random_exploration_count: 23; best_tax_advantage: 56754000.0; random_action_prob: 0.1666; saved_snapshots: 0
0 -0.0004166666666666667 48
1 0.034169210397276016 54
2 -0.0013157254138266795 26
update: 82; loss: -0.0014803859715660412; cumulative_reward: 1.010634886147861; success_count: 0; episode_count: 5; invalid_count: 0; positive_reward_count: 24; random_exploration_count: 23; best_tax_advantage: 0.0; random_action_prob: 0.1657; saved_snapshots: 0
0 -0.0008888888888888889 45
1 0.026629170908559607 51
2 -0.009607900943396227 32
update: 83; loss: 0.007908896853526434; cumulative_reward: 1.2085830435358111; success_count: 0; episode_count: 3; invalid_count: 0; positive_reward_count: 23; random_exploration_count: 24; best_tax_advantage: 0.0; random_action_prob: 0.1649; saved_snapshots: 0
0 0.0 47
1 0.024746491247759992 52
2 -0.0026977414257830655 29
update: 84; loss: -0.009882715220252672; cumulative_reward: 1.374222614203547; success_count: 1; episode_count: 3; invalid_count: 0; positive_reward_count: 25; random_exploration_count: 17; best_tax_advantage: 56754000.0; random_action_prob: 0.1641; saved_snapshots: 0
0 -0.00020833333333333335 48
1 0.028745365832984808 53
2 -0.005158584257209172 27
update: 85; loss: -0.02176022157073021; cumulative_reward: 1.1003742658829356; success_count: 1; episode_count: 2; invalid_count: 0; positive_reward_count: 23; random_exploration_count: 19; best_tax_advantage: 46746000.0; random_action_prob: 0.1633; saved_snapshots: 0
0 -0.0006122448979591836 49
1 0.022607485317658712 50
2 0.0 29
update: 86; loss: 0.11641351381937663; cumulative_reward: 1.560237353195995; success_count: 0; episode_count: 1; invalid_count: 0; positive_reward_count: 25; random_exploration_count: 23; best_tax_advantage: 0.0; random_action_prob: 0.1625; saved_snapshots: 0
0 0.0 50
1 0.029438440626339536 53
2 0.0 25
update: 87; loss: 0.0010366346687078476; cumulative_reward: 1.7269495666164187; success_count: 1; episode_count: 1; invalid_count: 0; positive_reward_count: 26; random_exploration_count: 16; best_tax_advantage: 38921400.0; random_action_prob: 0.1616; saved_snapshots: 0
0 -0.0004 50
1 0.03296131257766829 53
2 0.0 25
update: 88; loss: 0.02585887039701144; cumulative_reward: 1.3172307582410256; success_count: 0; episode_count: 4; invalid_count: 0; positive_reward_count: 24; random_exploration_count: 21; best_tax_advantage: 0.0; random_action_prob: 0.1608; saved_snapshots: 0
0 -0.0008695652173913044 46
1 0.03170815838645803 49
2 -0.0059536061422853885 33
update: 89; loss: -0.012641388922929764; cumulative_reward: 1.260900845627166; success_count: 1; episode_count: 4; invalid_count: 0; positive_reward_count: 25; random_exploration_count: 26; best_tax_advantage: 46746000.0; random_action_prob: 0.1600; saved_snapshots: 0
0 -0.00020833333333333335 48
1 0.025879445923861714 53
2 -0.0037299921606483264 27
update: 90; loss: 0.0605703666806221; cumulative_reward: 0.940718698928711; success_count: 1; episode_count: 6; invalid_count: 0; positive_reward_count: 21; random_exploration_count: 29; best_tax_advantage: 56754000.0; random_action_prob: 0.1592; saved_snapshots: 0
0 -0.0006818181818181818 44
1 0.02669551899632528 49
2 -0.009638906625463656 35
update: 91; loss: -0.019845370824138325; cumulative_reward: 1.5578999249837988; success_count: 1; episode_count: 2; invalid_count: 0; positive_reward_count: 25; random_exploration_count: 14; best_tax_advantage: 8078400.0; random_action_prob: 0.1584; saved_snapshots: 0
0 0.0 50
1 0.03115799849967599 50
2 0.0 28
update: 92; loss: 0.005804290374120076; cumulative_reward: 1.2727877634189233; success_count: 1; episode_count: 5; invalid_count: 0; positive_reward_count: 22; random_exploration_count: 23; best_tax_advantage: 7403400.0; random_action_prob: 0.1576; saved_snapshots: 0
0 -0.0002127659574468085 47
1 0.03187162224297006 44
2 -0.0032314490613989063 37
update: 93; loss: 0.026665689423680305; cumulative_reward: 1.5434396292668975; success_count: 1; episode_count: 2; invalid_count: 0; positive_reward_count: 27; random_exploration_count: 24; best_tax_advantage: 46746000.0; random_action_prob: 0.1569; saved_snapshots: 0
0 -0.0006122448979591836 49
1 0.03553994479114504 50
2 -0.007019227941046708 29
update: 94; loss: 0.009936896773676077; cumulative_reward: 1.6751886792452826; success_count: 0; episode_count: 1; invalid_count: 0; positive_reward_count: 24; random_exploration_count: 14; best_tax_advantage: 0.0; random_action_prob: 0.1561; saved_snapshots: 0
0 0.0 50
1 0.03418752406623027 49
2 0.0 29
update: 95; loss: 0.008100318101545175; cumulative_reward: 1.3622506738544478; success_count: 0; episode_count: 3; invalid_count: 0; positive_reward_count: 23; random_exploration_count: 23; best_tax_advantage: 0.0; random_action_prob: 0.1553; saved_snapshots: 0
0 0.0 48
1 0.03134541492229168 47
2 -0.00336314628767459 33
update: 96; loss: 0.005080707526455323; cumulative_reward: 1.7813437064494073; success_count: 2; episode_count: 3; invalid_count: 0; positive_reward_count: 28; random_exploration_count: 18; best_tax_advantage: 56754000.0; random_action_prob: 0.1545; saved_snapshots: 0
0 0.0 50
1 0.03726562902201587 52
2 -0.006018038565208377 26
update: 97; loss: 0.007063848276933034; cumulative_reward: 1.3908040068211178; success_count: 1; episode_count: 3; invalid_count: 0; positive_reward_count: 23; random_exploration_count: 24; best_tax_advantage: 46746000.0; random_action_prob: 0.1537; saved_snapshots: 0
0 -0.00020833333333333335 48
1 0.031681670386570784 47
2 -0.002673772768112391 33
update: 98; loss: -0.0040697149621943636; cumulative_reward: 1.1601697430823297; success_count: 0; episode_count: 5; invalid_count: 0; positive_reward_count: 23; random_exploration_count: 23; best_tax_advantage: 0.0; random_action_prob: 0.1530; saved_snapshots: 0
0 -0.0006521739130434782 46
1 0.03646447414539127 44
2 -0.010901766297760164 38
update: 99; loss: -0.016018766288956005; cumulative_reward: 1.4737851517375815; success_count: 1; episode_count: 5; invalid_count: 0; positive_reward_count: 24; random_exploration_count: 18; best_tax_advantage: 46746000.0; random_action_prob: 0.1522; saved_snapshots: 0
0 -0.0002173913043478261 46
1 0.03408801285844527 51
2 -0.008216242065907313 31
2026-07-10T16:59:13 completed dub_irish_dutch run=2 elapsed_seconds=530.24 updates_logged=100
2026-07-10T16:59:13 running dub_irish_dutch run=3 seed=1732
update: 0; loss: -0.023809785023331642; cumulative_reward: -0.16983187758026555; success_count: 0; episode_count: 13; invalid_count: 0; positive_reward_count: 9; random_exploration_count: 36; best_tax_advantage: 0.0; random_action_prob: 0.2500; saved_snapshots: 0
0 -0.0015151515151515152 33
1 0.006697410075126817 37
2 -0.006338552592413064 58
update: 1; loss: -0.024175679311156273; cumulative_reward: -0.30023892405063307; success_count: 0; episode_count: 14; invalid_count: 0; positive_reward_count: 9; random_exploration_count: 29; best_tax_advantage: 0.0; random_action_prob: 0.2487; saved_snapshots: 0
0 -0.0023529411764705885 34
1 0.0024821598101265824 40
2 -0.0059171354899203 54
update: 2; loss: -0.0345581571261088; cumulative_reward: -0.2619307923771315; success_count: 0; episode_count: 15; invalid_count: 0; positive_reward_count: 5; random_exploration_count: 30; best_tax_advantage: 0.0; random_action_prob: 0.2475; saved_snapshots: 0
0 -0.002058823529411765 34
1 0.0005493344154298336 32
2 -0.003379185381788485 62
update: 3; loss: -0.02424219436943531; cumulative_reward: -0.38951693910685214; success_count: 1; episode_count: 15; invalid_count: 0; positive_reward_count: 5; random_exploration_count: 34; best_tax_advantage: 46746000.0; random_action_prob: 0.2463; saved_snapshots: 0
0 -0.004 35
1 0.002600186964721019 33
2 -0.0055887184823774265 60
update: 4; loss: -0.019620148465037346; cumulative_reward: -0.015279411154882856; success_count: 0; episode_count: 13; invalid_count: 0; positive_reward_count: 7; random_exploration_count: 33; best_tax_advantage: 0.0; random_action_prob: 0.2450; saved_snapshots: 0
0 -0.0019444444444444446 36
1 0.00604313784058199 38
2 -0.0032392342425370093 54
update: 5; loss: -0.013671829054752985; cumulative_reward: -0.127220762288642; success_count: 0; episode_count: 14; invalid_count: 0; positive_reward_count: 5; random_exploration_count: 27; best_tax_advantage: 0.0; random_action_prob: 0.2438; saved_snapshots: 0
0 -0.0014285714285714286 35
1 0.0016539718710904146 37
2 -0.0024717450271247742 56
update: 6; loss: -0.028315643469492596; cumulative_reward: 0.23633199893285367; success_count: 1; episode_count: 12; invalid_count: 0; positive_reward_count: 13; random_exploration_count: 32; best_tax_advantage: 56754000.0; random_action_prob: 0.2426; saved_snapshots: 0
0 -0.0005263157894736842 38
1 0.014663455055981335 37
2 -0.0054002988328010525 53
update: 7; loss: -0.02048431895673275; cumulative_reward: -0.1299577487244899; success_count: 1; episode_count: 16; invalid_count: 0; positive_reward_count: 6; random_exploration_count: 32; best_tax_advantage: 46746000.0; random_action_prob: 0.2414; saved_snapshots: 0
0 -0.002058823529411765 34
1 0.0035437351525026703 37
2 -0.003352209638019098 57
update: 8; loss: -0.017537413785854977; cumulative_reward: -0.047600153787780916; success_count: 1; episode_count: 13; invalid_count: 0; positive_reward_count: 13; random_exploration_count: 27; best_tax_advantage: 46746000.0; random_action_prob: 0.2402; saved_snapshots: 0
0 -0.002285714285714286 35
1 0.007086936662786448 41
2 -0.004964703018500488 52
update: 9; loss: -0.024801303322116535; cumulative_reward: 0.22303895661576145; success_count: 3; episode_count: 15; invalid_count: 0; positive_reward_count: 10; random_exploration_count: 33; best_tax_advantage: 46746000.0; random_action_prob: 0.2390; saved_snapshots: 0
0 -0.0019444444444444446 36
1 0.011180404295140875 40
2 -0.0029649464459591043 52
update: 10; loss: -0.02591213894387086; cumulative_reward: -0.3193891111313018; success_count: 0; episode_count: 13; invalid_count: 0; positive_reward_count: 6; random_exploration_count: 24; best_tax_advantage: 0.0; random_action_prob: 0.2378; saved_snapshots: 0
0 -0.003235294117647059 34
1 0.0008733587856621269 46
2 -0.005199241984828324 48
update: 11; loss: -0.02346210367977619; cumulative_reward: 0.23727517475524856; success_count: 2; episode_count: 15; invalid_count: 0; positive_reward_count: 8; random_exploration_count: 32; best_tax_advantage: 56754000.0; random_action_prob: 0.2366; saved_snapshots: 0
0 -0.0005882352941176471 34
1 0.010339692624925482 41
2 -0.0031443815635225705 53
update: 12; loss: -0.024609163403511047; cumulative_reward: -0.13665004634558606; success_count: 1; episode_count: 12; invalid_count: 0; positive_reward_count: 5; random_exploration_count: 25; best_tax_advantage: 46746000.0; random_action_prob: 0.2354; saved_snapshots: 0
0 -0.002 35
1 0.002745586872188647 34
2 -0.002711864406779661 59
update: 13; loss: -0.023993947232762974; cumulative_reward: -0.1876580188679246; success_count: 0; episode_count: 11; invalid_count: 0; positive_reward_count: 7; random_exploration_count: 22; best_tax_advantage: 0.0; random_action_prob: 0.2342; saved_snapshots: 0
0 -0.002 35
1 0.001533204533306038 45
2 -0.003888587976389505 48
update: 14; loss: -0.028820209205150604; cumulative_reward: 1.0206341677295916; success_count: 8; episode_count: 16; invalid_count: 0; positive_reward_count: 22; random_exploration_count: 29; best_tax_advantage: 46746000.0; random_action_prob: 0.2331; saved_snapshots: 0
0 -0.00024390243902439024 41
1 0.025371335935481784 45
2 -0.0026446654611211574 42
update: 15; loss: -0.029884335895379383; cumulative_reward: -0.017299520876388502; success_count: 1; episode_count: 15; invalid_count: 0; positive_reward_count: 7; random_exploration_count: 22; best_tax_advantage: 46746000.0; random_action_prob: 0.2319; saved_snapshots: 0
0 -0.0017142857142857142 35
1 0.007987672979376413 33
2 -0.003681545486596836 60
update: 16; loss: -0.02486706090470155; cumulative_reward: -0.12755869726868466; success_count: 0; episode_count: 9; invalid_count: 0; positive_reward_count: 12; random_exploration_count: 21; best_tax_advantage: 0.0; random_action_prob: 0.2307; saved_snapshots: 0
0 -0.0024324324324324323 37
1 0.0050288325169011786 41
2 -0.00487481660923266 50
update: 17; loss: -0.01584610001494487; cumulative_reward: 0.04732144129059942; success_count: 1; episode_count: 11; invalid_count: 0; positive_reward_count: 9; random_exploration_count: 36; best_tax_advantage: 46746000.0; random_action_prob: 0.2296; saved_snapshots: 0
0 -0.0014285714285714286 35
1 0.0033707651927292466 53
2 -0.0020332278481012657 40
update: 18; loss: -0.025493062411745388; cumulative_reward: 0.4785684055793613; success_count: 4; episode_count: 12; invalid_count: 0; positive_reward_count: 16; random_exploration_count: 39; best_tax_advantage: 56754000.0; random_action_prob: 0.2284; saved_snapshots: 0
0 -0.0022222222222222222 36
1 0.013820243724410878 60
2 -0.00845769430891535 32
update: 19; loss: -0.025050449495514233; cumulative_reward: -0.048561858034084; success_count: 0; episode_count: 11; invalid_count: 0; positive_reward_count: 8; random_exploration_count: 25; best_tax_advantage: 0.0; random_action_prob: 0.2273; saved_snapshots: 0
0 -0.001891891891891892 37
1 0.0012538396319574697 49
2 -0.0009523809523809524 42
update: 20; loss: -0.027253007516264915; cumulative_reward: -0.04809848739462201; success_count: 0; episode_count: 13; invalid_count: 0; positive_reward_count: 4; random_exploration_count: 29; best_tax_advantage: 0.0; random_action_prob: 0.2262; saved_snapshots: 0
0 -0.0011111111111111111 36
1 0.0025753146843739113 35
2 -0.0017234123043457703 57
update: 21; loss: -0.025397953887780506; cumulative_reward: -0.05157102147501531; success_count: 1; episode_count: 10; invalid_count: 0; positive_reward_count: 9; random_exploration_count: 32; best_tax_advantage: 46746000.0; random_action_prob: 0.2250; saved_snapshots: 0
0 -0.0016666666666666666 36
1 0.001399264779807637 57
2 -0.002037974683544304 35
update: 22; loss: -0.025779784967501957; cumulative_reward: 0.1310519863419573; success_count: 1; episode_count: 13; invalid_count: 0; positive_reward_count: 7; random_exploration_count: 37; best_tax_advantage: 46746000.0; random_action_prob: 0.2239; saved_snapshots: 0
0 -0.00029411764705882356 34
1 0.003505216942029021 50
2 -0.0007774741081703107 44
update: 23; loss: -0.0358125406006972; cumulative_reward: 0.14398501619336834; success_count: 1; episode_count: 9; invalid_count: 0; positive_reward_count: 14; random_exploration_count: 27; best_tax_advantage: 2678400.0; random_action_prob: 0.2228; saved_snapshots: 0
0 -0.0020512820512820513 39
1 0.010881273272980664 48
2 -0.00727600246121228 41
update: 24; loss: -0.018175603200991947; cumulative_reward: 0.07786091193933448; success_count: 1; episode_count: 12; invalid_count: 0; positive_reward_count: 12; random_exploration_count: 41; best_tax_advantage: 46746000.0; random_action_prob: 0.2217; saved_snapshots: 0
0 -0.0019444444444444446 36
1 0.006455297835377727 54
2 -0.005282241346606915 38
update: 25; loss: -0.022959323599934578; cumulative_reward: 0.5758912697930962; success_count: 4; episode_count: 14; invalid_count: 0; positive_reward_count: 14; random_exploration_count: 22; best_tax_advantage: 56754000.0; random_action_prob: 0.2206; saved_snapshots: 0
0 -0.0007894736842105263 38
1 0.014955108386400738 45
2 -0.001490857946554149 45
update: 26; loss: -0.004998805311818917; cumulative_reward: 0.15234539680825007; success_count: 2; episode_count: 10; invalid_count: 0; positive_reward_count: 15; random_exploration_count: 23; best_tax_advantage: 46746000.0; random_action_prob: 0.2195; saved_snapshots: 0
0 -0.0019047619047619048 42
1 0.009002870268554371 50
2 -0.006049947683874123 36
update: 27; loss: -0.02826567677160104; cumulative_reward: 0.32981830728297024; success_count: 2; episode_count: 13; invalid_count: 0; positive_reward_count: 13; random_exploration_count: 31; best_tax_advantage: 46746000.0; random_action_prob: 0.2184; saved_snapshots: 0
0 -0.0002777777777777778 36
1 0.01419316385043394 45
2 -0.006359022680565043 47
update: 28; loss: -0.02720443221429984; cumulative_reward: 0.3446307123074092; success_count: 2; episode_count: 11; invalid_count: 0; positive_reward_count: 10; random_exploration_count: 27; best_tax_advantage: 46746000.0; random_action_prob: 0.2173; saved_snapshots: 0
0 -0.0005405405405405405 37
1 0.007175103860134713 55
2 -0.0008333333333333333 36
update: 29; loss: -0.040659911930561066; cumulative_reward: 0.2364038719556218; success_count: 1; episode_count: 10; invalid_count: 0; positive_reward_count: 12; random_exploration_count: 22; best_tax_advantage: 46746000.0; random_action_prob: 0.2162; saved_snapshots: 0
0 -0.0007894736842105263 38
1 0.007429798368781774 50
2 -0.0026271511620866704 40
update: 30; loss: -0.02259804556767146; cumulative_reward: -0.14043638472824044; success_count: 0; episode_count: 11; invalid_count: 0; positive_reward_count: 8; random_exploration_count: 28; best_tax_advantage: 0.0; random_action_prob: 0.2151; saved_snapshots: 0
0 -0.001794871794871795 39
1 0.0004820516253354438 46
2 -0.002153738592876067 43
update: 31; loss: -0.02509181636075179; cumulative_reward: 0.5696881716292547; success_count: 3; episode_count: 11; invalid_count: 0; positive_reward_count: 16; random_exploration_count: 21; best_tax_advantage: 46746000.0; random_action_prob: 0.2140; saved_snapshots: 0
0 -0.0010526315789473684 38
1 0.013967576460340313 51
2 -0.0026322622525154172 39
update: 32; loss: -0.012710357395311197; cumulative_reward: 0.30300755013239467; success_count: 2; episode_count: 12; invalid_count: 0; positive_reward_count: 12; random_exploration_count: 28; best_tax_advantage: 46746000.0; random_action_prob: 0.2130; saved_snapshots: 0
0 -0.001 40
1 0.009877842151902669 48
2 -0.003278221828973335 40
update: 33; loss: -0.009916098788380623; cumulative_reward: 0.734973881462835; success_count: 4; episode_count: 12; invalid_count: 0; positive_reward_count: 19; random_exploration_count: 26; best_tax_advantage: 56754000.0; random_action_prob: 0.2119; saved_snapshots: 0
0 -0.0005263157894736842 38
1 0.01856143594129317 53
2 -0.00618330333582981 37
update: 34; loss: -0.012376686868568262; cumulative_reward: 0.3097613092857143; success_count: 4; episode_count: 11; invalid_count: 0; positive_reward_count: 15; random_exploration_count: 27; best_tax_advantage: 46746000.0; random_action_prob: 0.2108; saved_snapshots: 0
0 -0.0023684210526315787 38
1 0.009739206886360922 58
2 -0.005159771566350597 32
update: 35; loss: 0.020338712260127068; cumulative_reward: 1.0459190275978212; success_count: 7; episode_count: 11; invalid_count: 0; positive_reward_count: 22; random_exploration_count: 24; best_tax_advantage: 46746000.0; random_action_prob: 0.2098; saved_snapshots: 0
0 -0.0009090909090909091 44
1 0.019970805719774852 55
2 -0.0004301823099929627 29
update: 36; loss: -0.0259122084826231; cumulative_reward: 0.4725693457762851; success_count: 4; episode_count: 10; invalid_count: 0; positive_reward_count: 14; random_exploration_count: 22; best_tax_advantage: 46746000.0; random_action_prob: 0.2087; saved_snapshots: 0
0 -0.00045454545454545455 44
1 0.009811962788567672 55
2 -0.0016237450894805764 29
update: 37; loss: 0.02967880355815093; cumulative_reward: 0.4614276197278071; success_count: 3; episode_count: 8; invalid_count: 0; positive_reward_count: 16; random_exploration_count: 29; best_tax_advantage: 56754000.0; random_action_prob: 0.2077; saved_snapshots: 0
0 -0.001282051282051282 39
1 0.010392357476756167 58
2 -0.0029461004491629235 31
update: 38; loss: 0.02302871768673261; cumulative_reward: 0.4959714962158138; success_count: 3; episode_count: 8; invalid_count: 0; positive_reward_count: 20; random_exploration_count: 21; best_tax_advantage: 46746000.0; random_action_prob: 0.2066; saved_snapshots: 0
0 -0.0009302325581395349 43
1 0.011914780403212198 58
2 -0.0057439173026108785 27
update: 39; loss: -0.02216509295006593; cumulative_reward: 0.6206866905346382; success_count: 5; episode_count: 11; invalid_count: 0; positive_reward_count: 17; random_exploration_count: 27; best_tax_advantage: 46746000.0; random_action_prob: 0.2056; saved_snapshots: 0
0 -0.0007317073170731707 41
1 0.013542876284992905 51
2 -0.0011111111111111111 36
update: 40; loss: -0.04017153133948644; cumulative_reward: 0.4839848022450369; success_count: 5; episode_count: 14; invalid_count: 0; positive_reward_count: 16; random_exploration_count: 38; best_tax_advantage: 56754000.0; random_action_prob: 0.2046; saved_snapshots: 0
0 -0.00275 40
1 0.019214602149057097 48
2 -0.008207902522742588 40
update: 41; loss: -0.0013826573267579079; cumulative_reward: 0.7237866570888479; success_count: 4; episode_count: 9; invalid_count: 0; positive_reward_count: 20; random_exploration_count: 27; best_tax_advantage: 46746000.0; random_action_prob: 0.2036; saved_snapshots: 0
0 -0.0007142857142857143 42
1 0.01628885528369634 54
2 -0.003931610257211073 32
update: 42; loss: -0.025685366864005726; cumulative_reward: 0.6992186279849507; success_count: 5; episode_count: 11; invalid_count: 0; positive_reward_count: 21; random_exploration_count: 27; best_tax_advantage: 46746000.0; random_action_prob: 0.2025; saved_snapshots: 0
0 -0.0014285714285714286 42
1 0.01645222554963214 53
2 -0.0034166462468349264 33
update: 43; loss: -0.025230643649895985; cumulative_reward: 1.3779142665873405; success_count: 7; episode_count: 10; invalid_count: 0; positive_reward_count: 23; random_exploration_count: 29; best_tax_advantage: 46746000.0; random_action_prob: 0.2015; saved_snapshots: 0
0 -0.00045454545454545455 44
1 0.028758285331746816 50
2 -0.0011764705882352942 34
update: 44; loss: -0.016166822674373787; cumulative_reward: 0.7666150027886405; success_count: 2; episode_count: 9; invalid_count: 0; positive_reward_count: 15; random_exploration_count: 22; best_tax_advantage: 56754000.0; random_action_prob: 0.2005; saved_snapshots: 0
0 -0.0009523809523809524 42
1 0.016078059522403293 53
2 -0.0013794591484464903 33
update: 45; loss: -0.008661185391247272; cumulative_reward: 1.019576293987809; success_count: 6; episode_count: 9; invalid_count: 0; positive_reward_count: 24; random_exploration_count: 21; best_tax_advantage: 46746000.0; random_action_prob: 0.1995; saved_snapshots: 0
0 -0.00045454545454545455 44
1 0.01909485786828032 58
2 -0.00261251778355573 26
update: 46; loss: -0.003461510253449281; cumulative_reward: 0.8626070640588769; success_count: 5; episode_count: 11; invalid_count: 0; positive_reward_count: 19; random_exploration_count: 26; best_tax_advantage: 56754000.0; random_action_prob: 0.1985; saved_snapshots: 0
0 -0.0011627906976744186 43
1 0.020189343658721628 52
2 -0.004158751702868111 33
update: 47; loss: 0.0005766128500302633; cumulative_reward: 1.2737134509169226; success_count: 8; episode_count: 13; invalid_count: 0; positive_reward_count: 23; random_exploration_count: 32; best_tax_advantage: 46746000.0; random_action_prob: 0.1975; saved_snapshots: 0
0 -0.00023255813953488373 43
1 0.026074269018338467 50
2 -0.0005714285714285715 35
update: 48; loss: -0.015616324109335741; cumulative_reward: 0.6861265587958137; success_count: 3; episode_count: 10; invalid_count: 0; positive_reward_count: 21; random_exploration_count: 18; best_tax_advantage: 46746000.0; random_action_prob: 0.1965; saved_snapshots: 0
0 -0.0002380952380952381 42
1 0.019980591507653987 51
2 -0.00922524594555827 35
update: 49; loss: 0.009517244684199492; cumulative_reward: 0.7425855666820407; success_count: 4; episode_count: 9; invalid_count: 0; positive_reward_count: 24; random_exploration_count: 27; best_tax_advantage: 46746000.0; random_action_prob: 0.1956; saved_snapshots: 0
0 -0.0004878048780487805 41
1 0.015045985624897158 58
2 -0.0037959172262756764 29
update: 50; loss: -0.024523121615250904; cumulative_reward: 1.0573729290475744; success_count: 5; episode_count: 10; invalid_count: 0; positive_reward_count: 26; random_exploration_count: 19; best_tax_advantage: 46746000.0; random_action_prob: 0.1946; saved_snapshots: 0
0 0.0 44
1 0.018925861000667326 56
2 -8.840310677842566e-05 28
update: 51; loss: -0.024250234787662823; cumulative_reward: 0.8189661749133617; success_count: 4; episode_count: 9; invalid_count: 0; positive_reward_count: 20; random_exploration_count: 22; best_tax_advantage: 46746000.0; random_action_prob: 0.1936; saved_snapshots: 0
0 -0.0004761904761904762 42
1 0.018405905776748242 50
2 -0.002259142053445851 36
update: 52; loss: -0.0069995343995591; cumulative_reward: 0.5343689037230459; success_count: 3; episode_count: 9; invalid_count: 0; positive_reward_count: 17; random_exploration_count: 23; best_tax_advantage: 46746000.0; random_action_prob: 0.1926; saved_snapshots: 0
0 -0.0014285714285714286 42
1 0.013683698274013723 55
2 -0.005104338753151899 31
update: 53; loss: -0.016444955642024677; cumulative_reward: 1.0736479140594917; success_count: 5; episode_count: 11; invalid_count: 0; positive_reward_count: 21; random_exploration_count: 38; best_tax_advantage: 46746000.0; random_action_prob: 0.1917; saved_snapshots: 0
0 0.0 42
1 0.022860780849667514 52
2 -0.003385667356565268 34
update: 54; loss: -0.01004672950754563; cumulative_reward: 1.6818578198587686; success_count: 9; episode_count: 15; invalid_count: 0; positive_reward_count: 25; random_exploration_count: 19; best_tax_advantage: 56754000.0; random_action_prob: 0.1907; saved_snapshots: 0
0 0.0 43
1 0.03291007938452374 53
2 -0.001949262110030919 32
update: 55; loss: 0.014214259261886278; cumulative_reward: 0.9436600450131347; success_count: 6; episode_count: 12; invalid_count: 0; positive_reward_count: 22; random_exploration_count: 27; best_tax_advantage: 56754000.0; random_action_prob: 0.1898; saved_snapshots: 0
0 -0.0011904761904761906 42
1 0.024174085761845203 51
2 -0.006834809395456296 35
update: 56; loss: -0.031038861100872357; cumulative_reward: 1.5513546805809586; success_count: 8; episode_count: 11; invalid_count: 0; positive_reward_count: 29; random_exploration_count: 23; best_tax_advantage: 46746000.0; random_action_prob: 0.1888; saved_snapshots: 0
0 0.0 43
1 0.031069392255162347 53
2 -0.0029788471544576756 32
update: 57; loss: 0.052423360447088875; cumulative_reward: 1.5905234578277319; success_count: 9; episode_count: 10; invalid_count: 0; positive_reward_count: 32; random_exploration_count: 20; best_tax_advantage: 56754000.0; random_action_prob: 0.1879; saved_snapshots: 0
0 -0.00044444444444444447 45
1 0.032467566292372504 55
2 -0.006256881723312684 28
update: 58; loss: -0.000388616385559241; cumulative_reward: 0.9608977819427419; success_count: 3; episode_count: 8; invalid_count: 0; positive_reward_count: 21; random_exploration_count: 24; best_tax_advantage: 46746000.0; random_action_prob: 0.1869; saved_snapshots: 0
0 -0.0004878048780487805 41
1 0.020560236217124054 52
2 -0.0025209857527916826 35
update: 59; loss: -0.0306077574690183; cumulative_reward: 0.8366366100140499; success_count: 3; episode_count: 7; invalid_count: 0; positive_reward_count: 19; random_exploration_count: 25; best_tax_advantage: 46746000.0; random_action_prob: 0.1860; saved_snapshots: 0
0 -0.0004761904761904762 42
1 0.017978290603110743 52
2 -0.00230101474552085 34
update: 60; loss: 0.00830617764343818; cumulative_reward: 0.7389239236378515; success_count: 3; episode_count: 10; invalid_count: 0; positive_reward_count: 18; random_exploration_count: 28; best_tax_advantage: 46746000.0; random_action_prob: 0.1851; saved_snapshots: 0
0 -0.0004878048780487805 41
1 0.021660662854922776 47
2 -0.006478180763587976 40
update: 61; loss: -0.021660223603248596; cumulative_reward: 1.0078625324360997; success_count: 5; episode_count: 10; invalid_count: 0; positive_reward_count: 22; random_exploration_count: 20; best_tax_advantage: 46746000.0; random_action_prob: 0.1841; saved_snapshots: 0
0 0.0 40
1 0.023108447527315074 47
2 -0.0019081585694563146 41
update: 62; loss: 0.024909605582555134; cumulative_reward: 1.096064938449692; success_count: 5; episode_count: 9; invalid_count: 0; positive_reward_count: 22; random_exploration_count: 22; best_tax_advantage: 56754000.0; random_action_prob: 0.1832; saved_snapshots: 0
0 -0.0013636363636363635 44
1 0.02728274489087618 46
2 -0.002603719119226638 38
update: 63; loss: -0.002035566916068395; cumulative_reward: 0.9001597034088447; success_count: 4; episode_count: 9; invalid_count: 0; positive_reward_count: 23; random_exploration_count: 21; best_tax_advantage: 46746000.0; random_action_prob: 0.1823; saved_snapshots: 0
0 -0.0011363636363636365 44
1 0.023685447451535547 51
2 -0.007812064139983892 33
update: 64; loss: -0.020900242651502293; cumulative_reward: 1.30580786647158; success_count: 4; episode_count: 7; invalid_count: 0; positive_reward_count: 26; random_exploration_count: 31; best_tax_advantage: 46746000.0; random_action_prob: 0.1814; saved_snapshots: 0
0 -0.0010869565217391304 46
1 0.0285392763042171 52
2 -0.004274483378256963 30
update: 65; loss: -0.003728206269443035; cumulative_reward: 1.4048204207980362; success_count: 5; episode_count: 7; invalid_count: 0; positive_reward_count: 27; random_exploration_count: 20; best_tax_advantage: 46746000.0; random_action_prob: 0.1805; saved_snapshots: 0
0 -0.0002127659574468085 47
1 0.027691907675377183 55
2 -0.004162865436450342 26
update: 66; loss: -0.017298559968670208; cumulative_reward: 0.9248899766058635; success_count: 2; episode_count: 8; invalid_count: 0; positive_reward_count: 21; random_exploration_count: 26; best_tax_advantage: 46746000.0; random_action_prob: 0.1796; saved_snapshots: 0
0 -0.0011627906976744186 43
1 0.022259214384420765 49
2 -0.0032169868952987312 36
update: 67; loss: -0.006106803814570109; cumulative_reward: 1.50085121511325; success_count: 5; episode_count: 9; invalid_count: 0; positive_reward_count: 25; random_exploration_count: 25; best_tax_advantage: 56754000.0; random_action_prob: 0.1787; saved_snapshots: 0
0 -0.00022222222222222223 45
1 0.03198171432921919 50
2 -0.002673772768112391 33
update: 68; loss: -0.026567918558915455; cumulative_reward: 1.3504801886481894; success_count: 7; episode_count: 11; invalid_count: 0; positive_reward_count: 26; random_exploration_count: 26; best_tax_advantage: 46746000.0; random_action_prob: 0.1778; saved_snapshots: 0
0 -0.0007142857142857143 42
1 0.028489985297156496 55
2 -0.0060151291192070255 31
update: 69; loss: -0.013344844182332357; cumulative_reward: 1.2097514484862344; success_count: 3; episode_count: 7; invalid_count: 0; positive_reward_count: 24; random_exploration_count: 19; best_tax_advantage: 46746000.0; random_action_prob: 0.1769; saved_snapshots: 0
0 -0.00022222222222222223 45
1 0.028066181175531772 50
2 -0.005562351826980439 33
update: 70; loss: -0.023611418281992275; cumulative_reward: 1.033554867996727; success_count: 2; episode_count: 5; invalid_count: 0; positive_reward_count: 22; random_exploration_count: 24; best_tax_advantage: 46746000.0; random_action_prob: 0.1760; saved_snapshots: 0
0 -0.0006666666666666666 45
1 0.02183107364702542 54
2 -0.003976658929056745 29
update: 71; loss: -0.0230671688914299; cumulative_reward: 1.3260616688183453; success_count: 2; episode_count: 7; invalid_count: 0; positive_reward_count: 24; random_exploration_count: 23; best_tax_advantage: 46746000.0; random_action_prob: 0.1751; saved_snapshots: 0
0 -0.0009302325581395349 43
1 0.033349274434614 48
2 -0.0063433379471115325 37
update: 72; loss: -0.01592460150520007; cumulative_reward: 1.401353778097324; success_count: 3; episode_count: 6; invalid_count: 0; positive_reward_count: 25; random_exploration_count: 23; best_tax_advantage: 46746000.0; random_action_prob: 0.1743; saved_snapshots: 0
0 0.0 46
1 0.03338892412531532 49
2 -0.007112227395246264 33
update: 73; loss: 0.02076041450103124; cumulative_reward: 1.5269274493405849; success_count: 3; episode_count: 7; invalid_count: 0; positive_reward_count: 28; random_exploration_count: 24; best_tax_advantage: 46746000.0; random_action_prob: 0.1734; saved_snapshots: 0
0 0.0 46
1 0.03178047737373251 54
2 -0.006757797458606085 28
update: 74; loss: -0.005215406883507967; cumulative_reward: 1.3429428223496378; success_count: 1; episode_count: 7; invalid_count: 0; positive_reward_count: 27; random_exploration_count: 27; best_tax_advantage: 46746000.0; random_action_prob: 0.1725; saved_snapshots: 0
0 -0.0006976744186046512 43
1 0.031379651413463154 55
2 -0.01176460017969452 30
update: 75; loss: -0.023156475896636646; cumulative_reward: 1.1900075831014443; success_count: 1; episode_count: 8; invalid_count: 0; positive_reward_count: 21; random_exploration_count: 28; best_tax_advantage: 56754000.0; random_action_prob: 0.1717; saved_snapshots: 0
0 -0.00023255813953488373 43
1 0.03788305527951737 38
2 -0.005096776968515226 47
update: 76; loss: -0.007753659815837939; cumulative_reward: 1.7155912245499607; success_count: 3; episode_count: 4; invalid_count: 0; positive_reward_count: 26; random_exploration_count: 15; best_tax_advantage: 46746000.0; random_action_prob: 0.1708; saved_snapshots: 0
0 0.0 50
1 0.03236964574622569 53
2 0.0 25
update: 77; loss: -0.027714173619945843; cumulative_reward: 1.2043365636880883; success_count: 1; episode_count: 4; invalid_count: 0; positive_reward_count: 25; random_exploration_count: 17; best_tax_advantage: 7403400.0; random_action_prob: 0.1699; saved_snapshots: 0
0 -0.000625 48
1 0.02689270513015118 50
2 -0.003676623093982362 30
update: 78; loss: 0.04762685174743334; cumulative_reward: 1.4136513278162937; success_count: 2; episode_count: 4; invalid_count: 0; positive_reward_count: 26; random_exploration_count: 26; best_tax_advantage: 46746000.0; random_action_prob: 0.1691; saved_snapshots: 0
0 -0.0004166666666666667 48
1 0.03137490844140611 51
2 -0.005740310437773028 29
update: 79; loss: -0.004360671155154705; cumulative_reward: 1.624841715603873; success_count: 1; episode_count: 3; invalid_count: 0; positive_reward_count: 25; random_exploration_count: 21; best_tax_advantage: 46746000.0; random_action_prob: 0.1683; saved_snapshots: 0
0 0.0 50
1 0.03468810661751266 50
2 -0.003912986259705697 28
update: 80; loss: -0.0275157888730367; cumulative_reward: 1.1093371303345407; success_count: 0; episode_count: 4; invalid_count: 0; positive_reward_count: 20; random_exploration_count: 19; best_tax_advantage: 0.0; random_action_prob: 0.1674; saved_snapshots: 0
0 -0.0004347826086956522 46
1 0.029450139387044508 44
2 -0.004380763228826784 38
update: 81; loss: -0.01011278914908568; cumulative_reward: 1.208094612576342; success_count: 0; episode_count: 3; invalid_count: 0; positive_reward_count: 24; random_exploration_count: 19; best_tax_advantage: 0.0; random_action_prob: 0.1666; saved_snapshots: 0
0 -0.0004166666666666667 48
1 0.03174799030420987 46
2 -0.006832733571097415 34
update: 82; loss: -0.0040695518255233765; cumulative_reward: 1.363542126917483; success_count: 1; episode_count: 3; invalid_count: 0; positive_reward_count: 25; random_exploration_count: 27; best_tax_advantage: 46746000.0; random_action_prob: 0.1657; saved_snapshots: 0
0 -0.0004166666666666667 48
1 0.02783643526168735 51
2 -0.0012453817733990148 29
update: 83; loss: -0.013290741791327795; cumulative_reward: 1.407043598984405; success_count: 1; episode_count: 4; invalid_count: 0; positive_reward_count: 22; random_exploration_count: 16; best_tax_advantage: 46746000.0; random_action_prob: 0.1649; saved_snapshots: 0
0 -0.00020833333333333335 48
1 0.03287753712884893 46
2 -0.002803620851254283 34
update: 84; loss: 0.015199072659015656; cumulative_reward: 1.4441896260534304; success_count: 0; episode_count: 2; invalid_count: 0; positive_reward_count: 23; random_exploration_count: 20; best_tax_advantage: 0.0; random_action_prob: 0.1641; saved_snapshots: 0
0 0.0 48
1 0.030186524215609342 51
2 -0.0032870037566429524 29
update: 85; loss: -0.01625995058566332; cumulative_reward: 1.5807328816370998; success_count: 3; episode_count: 6; invalid_count: 0; positive_reward_count: 25; random_exploration_count: 14; best_tax_advantage: 46746000.0; random_action_prob: 0.1633; saved_snapshots: 0
0 0.0 46
1 0.032259854727287776 49
2 0.0 33
update: 86; loss: -0.008273936808109283; cumulative_reward: 1.7173030970891103; success_count: 3; episode_count: 4; invalid_count: 0; positive_reward_count: 28; random_exploration_count: 20; best_tax_advantage: 56754000.0; random_action_prob: 0.1625; saved_snapshots: 0
0 -0.0012244897959183673 49
1 0.0360680307391696 52
2 -0.0036383148647299588 27
update: 87; loss: 0.0025955946184694767; cumulative_reward: 1.303586055308415; success_count: 1; episode_count: 5; invalid_count: 0; positive_reward_count: 20; random_exploration_count: 25; best_tax_advantage: 46746000.0; random_action_prob: 0.1616; saved_snapshots: 0
0 -0.0004347826086956522 46
1 0.033180620364486074 42
2 -0.0017500000000000003 40
update: 88; loss: -0.020684195061524708; cumulative_reward: 1.2746932683745669; success_count: 0; episode_count: 5; invalid_count: 0; positive_reward_count: 21; random_exploration_count: 15; best_tax_advantage: 0.0; random_action_prob: 0.1608; saved_snapshots: 0
0 0.0 46
1 0.030030458362229184 49
2 -0.005963611859838276 33
update: 89; loss: -0.015755475188295048; cumulative_reward: 1.6501679582904738; success_count: 2; episode_count: 4; invalid_count: 0; positive_reward_count: 24; random_exploration_count: 17; best_tax_advantage: 56754000.0; random_action_prob: 0.1600; saved_snapshots: 0
0 -0.00020408163265306123 49
1 0.03408632273800359 51
2 -0.0027940893338467463 28
update: 90; loss: 0.026888547465205193; cumulative_reward: 1.2600959602852368; success_count: 0; episode_count: 5; invalid_count: 0; positive_reward_count: 20; random_exploration_count: 26; best_tax_advantage: 0.0; random_action_prob: 0.1592; saved_snapshots: 0
0 0.0 46
1 0.032610942275166574 42
2 -0.0027390903817939884 40
update: 91; loss: -0.012934206674496332; cumulative_reward: 1.537335480946095; success_count: 2; episode_count: 4; invalid_count: 0; positive_reward_count: 23; random_exploration_count: 23; best_tax_advantage: 46746000.0; random_action_prob: 0.1584; saved_snapshots: 0
0 0.0 49
1 0.030746709618921907 50
2 0.0 29
update: 92; loss: -0.0018886638184388478; cumulative_reward: 1.566497776881979; success_count: 1; episode_count: 4; invalid_count: 0; positive_reward_count: 24; random_exploration_count: 13; best_tax_advantage: 46746000.0; random_action_prob: 0.1576; saved_snapshots: 0
0 -0.0004166666666666667 48
1 0.03521540924855973 52
2 -0.008739410858683096 28
update: 93; loss: 0.005235522519797087; cumulative_reward: 1.4969069629620713; success_count: 1; episode_count: 5; invalid_count: 0; positive_reward_count: 21; random_exploration_count: 22; best_tax_advantage: 46746000.0; random_action_prob: 0.1569; saved_snapshots: 0
0 0.0 46
1 0.03500314365132846 45
2 -0.002114445982370511 37
update: 94; loss: -0.009117339737713337; cumulative_reward: 1.7487836927223714; success_count: 0; episode_count: 1; invalid_count: 0; positive_reward_count: 24; random_exploration_count: 17; best_tax_advantage: 0.0; random_action_prob: 0.1561; saved_snapshots: 0
0 0.0 50
1 0.03582388615823688 51
2 -0.0028975741239892186 27
update: 95; loss: 0.008419766401251158; cumulative_reward: 1.9064506070706582; success_count: 1; episode_count: 1; invalid_count: 0; positive_reward_count: 26; random_exploration_count: 19; best_tax_advantage: 46746000.0; random_action_prob: 0.1553; saved_snapshots: 0
0 0.0 52
1 0.03812901214141317 50
2 0.0 26
update: 96; loss: -0.02396187869211038; cumulative_reward: 1.6705491913746626; success_count: 0; episode_count: 1; invalid_count: 0; positive_reward_count: 23; random_exploration_count: 18; best_tax_advantage: 0.0; random_action_prob: 0.1545; saved_snapshots: 0
0 0.0 50
1 0.03458689902314606 49
2 -0.0008347883020515059 29
update: 97; loss: 0.002781675507624944; cumulative_reward: 1.5605002278295181; success_count: 1; episode_count: 2; invalid_count: 0; positive_reward_count: 25; random_exploration_count: 21; best_tax_advantage: 46746000.0; random_action_prob: 0.1537; saved_snapshots: 0
0 0.0 48
1 0.029443400525085255 53
2 0.0 27
update: 98; loss: 0.018824199214577675; cumulative_reward: 1.776408355795148; success_count: 0; episode_count: 1; invalid_count: 0; positive_reward_count: 24; random_exploration_count: 16; best_tax_advantage: 0.0; random_action_prob: 0.1530; saved_snapshots: 0
0 0.0 50
1 0.03552816711590297 50
2 0.0 28
update: 99; loss: 0.022182836507757504; cumulative_reward: 1.8366179952923027; success_count: 3; episode_count: 5; invalid_count: 0; positive_reward_count: 25; random_exploration_count: 21; best_tax_advantage: 56754000.0; random_action_prob: 0.1522; saved_snapshots: 0
0 0.0 48
1 0.03665426120466384 51
2 -0.0011292871084673296 29
2026-07-10T17:08:03 completed dub_irish_dutch run=3 elapsed_seconds=529.63 updates_logged=100
2026-07-10T17:08:03 running dub_irish_dutch run=4 seed=1733
update: 0; loss: -0.02344374917447567; cumulative_reward: -0.029503962941195637; success_count: 2; episode_count: 15; invalid_count: 0; positive_reward_count: 10; random_exploration_count: 30; best_tax_advantage: 46746000.0; random_action_prob: 0.2500; saved_snapshots: 0
0 -0.0026470588235294116 34
1 0.011601633129367366 39
2 -0.007126684636118598 55
update: 1; loss: -0.0258576391885678; cumulative_reward: -0.18222908202867957; success_count: 0; episode_count: 13; invalid_count: 0; positive_reward_count: 10; random_exploration_count: 27; best_tax_advantage: 0.0; random_action_prob: 0.2487; saved_snapshots: 0
0 -0.002 35
1 0.006664388901902071 36
2 -0.006178018991178143 57
update: 2; loss: -0.030238091945648193; cumulative_reward: -0.27783233979408906; success_count: 1; episode_count: 13; invalid_count: 0; positive_reward_count: 14; random_exploration_count: 29; best_tax_advantage: 46746000.0; random_action_prob: 0.2475; saved_snapshots: 0
0 -0.004166666666666667 36
1 0.00857920722950287 46
2 -0.011358171138070021 46
update: 3; loss: -0.02276145728925864; cumulative_reward: -0.2849414314776544; success_count: 0; episode_count: 14; invalid_count: 0; positive_reward_count: 13; random_exploration_count: 28; best_tax_advantage: 0.0; random_action_prob: 0.2463; saved_snapshots: 0
0 -0.0029411764705882353 34
1 0.0016653247957184678 42
2 -0.004901636017265962 52
update: 4; loss: -0.024810639520486195; cumulative_reward: 0.08270047912361148; success_count: 1; episode_count: 12; invalid_count: 0; positive_reward_count: 9; random_exploration_count: 31; best_tax_advantage: 46746000.0; random_action_prob: 0.2450; saved_snapshots: 0
0 -0.0007894736842105263 38
1 0.006906479538213018 39
2 -0.0030716122130724755 51
update: 5; loss: -0.02044943595925967; cumulative_reward: 0.16245633799405826; success_count: 2; episode_count: 14; invalid_count: 0; positive_reward_count: 14; random_exploration_count: 29; best_tax_advantage: 46746000.0; random_action_prob: 0.2438; saved_snapshots: 0
0 -0.0014705882352941176 34
1 0.009346205779094723 48
2 -0.005133946508749746 46
update: 6; loss: -0.022244063516457874; cumulative_reward: -0.39400005175029046; success_count: 0; episode_count: 12; invalid_count: 0; positive_reward_count: 11; random_exploration_count: 20; best_tax_advantage: 0.0; random_action_prob: 0.2426; saved_snapshots: 0
0 -0.003333333333333333 36
1 0.003670602950791178 45
2 -0.009344195415657307 47
update: 7; loss: -0.019708972424268723; cumulative_reward: -0.001177316828082458; success_count: 2; episode_count: 12; invalid_count: 0; positive_reward_count: 11; random_exploration_count: 26; best_tax_advantage: 46746000.0; random_action_prob: 0.2414; saved_snapshots: 0
0 -0.0035135135135135136 37
1 0.006011243006333188 48
2 -0.0037143483984203598 43
update: 8; loss: -0.024268714090188343; cumulative_reward: -0.008960464713022353; success_count: 1; episode_count: 14; invalid_count: 0; positive_reward_count: 5; random_exploration_count: 30; best_tax_advantage: 46746000.0; random_action_prob: 0.2402; saved_snapshots: 0
0 -0.001388888888888889 36
1 0.004861857696086932 36
2 -0.0023926311030741413 56
update: 9; loss: -0.025492434079448383; cumulative_reward: 0.362953448897333; success_count: 3; episode_count: 15; invalid_count: 0; positive_reward_count: 13; random_exploration_count: 29; best_tax_advantage: 56754000.0; random_action_prob: 0.2390; saved_snapshots: 0
0 -0.0011111111111111111 36
1 0.014706747614838391 40
2 -0.003563777994157741 52
update: 10; loss: -0.017021697635451954; cumulative_reward: -0.1961459585998918; success_count: 0; episode_count: 13; invalid_count: 0; positive_reward_count: 8; random_exploration_count: 31; best_tax_advantage: 0.0; random_action_prob: 0.2378; saved_snapshots: 0
0 -0.0015151515151515152 33
1 0.002123249769179919 40
2 -0.00420138089758343 55
update: 11; loss: -0.026148876175284386; cumulative_reward: -0.2160114795918368; success_count: 0; episode_count: 12; invalid_count: 0; positive_reward_count: 10; random_exploration_count: 34; best_tax_advantage: 0.0; random_action_prob: 0.2366; saved_snapshots: 0
0 -0.002058823529411765 34
1 0.0038987636432648055 51
2 -0.008019730823217252 43
update: 12; loss: -0.02948346051077048; cumulative_reward: -0.35301511771700894; success_count: 0; episode_count: 9; invalid_count: 0; positive_reward_count: 12; random_exploration_count: 31; best_tax_advantage: 0.0; random_action_prob: 0.2354; saved_snapshots: 0
0 -0.004210526315789474 38
1 0.0018934857667284102 50
2 -0.0071922351513357295 40
update: 13; loss: -0.01901839052637418; cumulative_reward: -0.14912540059963802; success_count: 1; episode_count: 13; invalid_count: 0; positive_reward_count: 10; random_exploration_count: 25; best_tax_advantage: 23373000.0; random_action_prob: 0.2342; saved_snapshots: 0
0 -0.002 35
1 0.004167262717045738 45
2 -0.0055552546430561725 48
update: 14; loss: -0.01974342142542203; cumulative_reward: 0.26445312499999996; success_count: 3; episode_count: 15; invalid_count: 0; positive_reward_count: 12; random_exploration_count: 31; best_tax_advantage: 46746000.0; random_action_prob: 0.2331; saved_snapshots: 0
0 -0.0007894736842105263 38
1 0.015275237511791877 37
2 -0.005108125715779234 53
update: 15; loss: -0.027418988446394604; cumulative_reward: 0.05586800543302761; success_count: 1; episode_count: 13; invalid_count: 0; positive_reward_count: 12; random_exploration_count: 36; best_tax_advantage: 46746000.0; random_action_prob: 0.2319; saved_snapshots: 0
0 -0.001388888888888889 36
1 0.004986581147408243 51
2 -0.0036206739776778727 41
update: 16; loss: -0.03605492785573006; cumulative_reward: -0.38046358337638864; success_count: 0; episode_count: 13; invalid_count: 0; positive_reward_count: 5; random_exploration_count: 44; best_tax_advantage: 0.0; random_action_prob: 0.2307; saved_snapshots: 0
0 -0.002777777777777778 36
1 -0.0016862065720082415 41
2 -0.004143708116157855 51
update: 17; loss: -0.016047426809867222; cumulative_reward: 0.10423637795484833; success_count: 1; episode_count: 13; invalid_count: 0; positive_reward_count: 9; random_exploration_count: 32; best_tax_advantage: 46746000.0; random_action_prob: 0.2296; saved_snapshots: 0
0 -0.001081081081081081 37
1 0.003649202497184278 52
2 -0.0011672346640701071 39
update: 18; loss: -0.03075341818233331; cumulative_reward: 0.3053126747848053; success_count: 3; episode_count: 12; invalid_count: 0; positive_reward_count: 10; random_exploration_count: 23; best_tax_advantage: 46746000.0; random_action_prob: 0.2284; saved_snapshots: 0
0 -0.0013157894736842105 38
1 0.009416664888101169 50
2 -0.002888014240506329 40
update: 19; loss: -0.02533060684800148; cumulative_reward: 0.0850638242653321; success_count: 3; episode_count: 13; invalid_count: 0; positive_reward_count: 12; random_exploration_count: 32; best_tax_advantage: 46746000.0; random_action_prob: 0.2273; saved_snapshots: 0
0 -0.0016666666666666666 36
1 0.005810943687505893 51
2 -0.00369010497066996 41
update: 20; loss: -0.01942756213247776; cumulative_reward: 0.09132447376999678; success_count: 2; episode_count: 13; invalid_count: 0; positive_reward_count: 12; random_exploration_count: 29; best_tax_advantage: 46746000.0; random_action_prob: 0.2262; saved_snapshots: 0
0 -0.001842105263157895 38
1 0.007945695675192006 47
2 -0.004933098208465753 43
update: 21; loss: -0.04102839156985283; cumulative_reward: 0.1679796242208572; success_count: 2; episode_count: 13; invalid_count: 0; positive_reward_count: 9; random_exploration_count: 28; best_tax_advantage: 56754000.0; random_action_prob: 0.2250; saved_snapshots: 0
0 -0.0016666666666666666 36
1 0.009862355053527014 39
2 -0.002955702318239552 53
update: 22; loss: -0.025431912392377853; cumulative_reward: 0.19580331609896057; success_count: 3; episode_count: 12; invalid_count: 0; positive_reward_count: 12; random_exploration_count: 29; best_tax_advantage: 56754000.0; random_action_prob: 0.2239; saved_snapshots: 0
0 -0.0023684210526315787 38
1 0.010707418750945595 44
2 -0.0040287632378836 46
update: 23; loss: -0.02894388884305954; cumulative_reward: 0.04669447414220645; success_count: 1; episode_count: 14; invalid_count: 0; positive_reward_count: 8; random_exploration_count: 28; best_tax_advantage: 46746000.0; random_action_prob: 0.2228; saved_snapshots: 0
0 -0.0019444444444444446 36
1 0.00802644265540055 44
2 -0.004926437556154537 48
update: 24; loss: -0.03594962880015373; cumulative_reward: -0.09067597377984232; success_count: 1; episode_count: 14; invalid_count: 0; positive_reward_count: 12; random_exploration_count: 27; best_tax_advantage: 46746000.0; random_action_prob: 0.2217; saved_snapshots: 0
0 -0.0023529411764705885 34
1 0.006384156363860223 49
2 -0.007188880791310958 45
update: 25; loss: -0.009255299034217993; cumulative_reward: 0.20943956965101426; success_count: 1; episode_count: 13; invalid_count: 0; positive_reward_count: 15; random_exploration_count: 32; best_tax_advantage: 56754000.0; random_action_prob: 0.2206; saved_snapshots: 0
0 -0.0005263157894736842 38
1 0.010711193081523912 45
2 -0.005612535978168036 45
update: 26; loss: -0.024905279278755188; cumulative_reward: 0.12531123861728236; success_count: 1; episode_count: 11; invalid_count: 0; positive_reward_count: 11; random_exploration_count: 22; best_tax_advantage: 46746000.0; random_action_prob: 0.2195; saved_snapshots: 0
0 -0.0011111111111111111 36
1 0.0047632886475244916 52
2 -0.0020594942763497806 40
update: 27; loss: -0.0225018256654342; cumulative_reward: 0.21985727871260496; success_count: 2; episode_count: 12; invalid_count: 0; positive_reward_count: 11; random_exploration_count: 30; best_tax_advantage: 46746000.0; random_action_prob: 0.2184; saved_snapshots: 0
0 -0.001388888888888889 36
1 0.009389724440227802 53
2 -0.005840977349217139 39
update: 28; loss: -0.0016325414180755615; cumulative_reward: 0.6932071832376357; success_count: 4; episode_count: 13; invalid_count: 0; positive_reward_count: 17; random_exploration_count: 34; best_tax_advantage: 46746000.0; random_action_prob: 0.2173; saved_snapshots: 0
0 -0.000975609756097561 41
1 0.018682225027704013 49
2 -0.004795311661048969 38
update: 29; loss: -0.01049732385824124; cumulative_reward: 0.37002750874889895; success_count: 2; episode_count: 10; invalid_count: 0; positive_reward_count: 14; random_exploration_count: 24; best_tax_advantage: 46746000.0; random_action_prob: 0.2162; saved_snapshots: 0
0 -0.0007317073170731707 41
1 0.012316844002732485 51
2 -0.006336987094179385 36
update: 30; loss: -0.01476647580663363; cumulative_reward: 0.5712039231929142; success_count: 3; episode_count: 9; invalid_count: 0; positive_reward_count: 16; random_exploration_count: 22; best_tax_advantage: 46746000.0; random_action_prob: 0.2151; saved_snapshots: 0
0 -0.0004761904761904762 42
1 0.010898314441980953 57
2 -0.0010344827586206897 29
update: 31; loss: -0.01189617719501257; cumulative_reward: 0.7163293785486142; success_count: 5; episode_count: 11; invalid_count: 0; positive_reward_count: 18; random_exploration_count: 19; best_tax_advantage: 46746000.0; random_action_prob: 0.2140; saved_snapshots: 0
0 -0.0011904761904761906 42
1 0.018276332050993944 47
2 -0.0023758519961051606 39
update: 32; loss: -0.02610739196340243; cumulative_reward: 0.46072374408124306; success_count: 4; episode_count: 9; invalid_count: 0; positive_reward_count: 17; random_exploration_count: 27; best_tax_advantage: 56754000.0; random_action_prob: 0.2130; saved_snapshots: 0
0 -0.0011904761904761906 42
1 0.010846755727387296 60
2 -0.005387753829307485 26
update: 33; loss: -0.018453822160760563; cumulative_reward: 0.5875253597901428; success_count: 2; episode_count: 8; invalid_count: 0; positive_reward_count: 17; random_exploration_count: 22; best_tax_advantage: 46746000.0; random_action_prob: 0.2119; saved_snapshots: 0
0 -0.0004761904761904762 42
1 0.012042123813623982 54
2 -0.0013359164420485175 32
update: 34; loss: -0.027014806245764095; cumulative_reward: 0.8480615753921881; success_count: 5; episode_count: 10; invalid_count: 0; positive_reward_count: 24; random_exploration_count: 27; best_tax_advantage: 46746000.0; random_action_prob: 0.2108; saved_snapshots: 0
0 -0.0004761904761904762 42
1 0.01631787174030781 60
2 -0.004269643424087705 26
update: 35; loss: -0.0375367005666097; cumulative_reward: 0.66477006744648; success_count: 2; episode_count: 7; invalid_count: 0; positive_reward_count: 19; random_exploration_count: 16; best_tax_advantage: 46746000.0; random_action_prob: 0.2098; saved_snapshots: 0
0 -0.0006818181818181818 44
1 0.014696510157039088 56
2 -0.004579803619561032 28
update: 36; loss: -0.03302035418649515; cumulative_reward: 0.3367898229220819; success_count: 3; episode_count: 9; invalid_count: 0; positive_reward_count: 16; random_exploration_count: 31; best_tax_advantage: 46746000.0; random_action_prob: 0.2087; saved_snapshots: 0
0 -0.0019047619047619048 42
1 0.010858397003589659 54
2 -0.005298862977242485 32
update: 37; loss: -0.018830742686986923; cumulative_reward: 0.5052630514175009; success_count: 3; episode_count: 8; invalid_count: 0; positive_reward_count: 17; random_exploration_count: 28; best_tax_advantage: 46746000.0; random_action_prob: 0.2077; saved_snapshots: 0
0 -0.0004761904761904762 42
1 0.010216836308994049 53
2 -0.0004917961502782931 33
update: 38; loss: -0.023801878094673157; cumulative_reward: 0.8887354911131085; success_count: 6; episode_count: 9; invalid_count: 0; positive_reward_count: 24; random_exploration_count: 25; best_tax_advantage: 46746000.0; random_action_prob: 0.2066; saved_snapshots: 0
0 -0.0009090909090909091 44
1 0.020736521276632072 52
2 -0.004673862977242486 32
update: 39; loss: -0.026052224760254223; cumulative_reward: 1.5315450372609767; success_count: 5; episode_count: 8; invalid_count: 0; positive_reward_count: 29; random_exploration_count: 22; best_tax_advantage: 56754000.0; random_action_prob: 0.2056; saved_snapshots: 0
0 -0.0002173913043478261 46
1 0.033371382377349296 52
2 -0.0064588948787061996 30
update: 40; loss: -0.018833040880660217; cumulative_reward: 1.1716840286278587; success_count: 7; episode_count: 11; invalid_count: 0; positive_reward_count: 29; random_exploration_count: 28; best_tax_advantage: 46746000.0; random_action_prob: 0.2046; saved_snapshots: 0
0 -0.0006976744186046512 43
1 0.025808766277224122 55
2 -0.007259937220648948 30
update: 41; loss: -0.02218424218396346; cumulative_reward: 0.9100179722748922; success_count: 4; episode_count: 8; invalid_count: 0; positive_reward_count: 21; random_exploration_count: 29; best_tax_advantage: 46746000.0; random_action_prob: 0.2036; saved_snapshots: 0
0 -0.00045454545454545455 44
1 0.01649154337324372 57
2 -0.00037037037037037035 27
update: 42; loss: -0.005501232420404752; cumulative_reward: 1.0416013167731273; success_count: 4; episode_count: 6; invalid_count: 0; positive_reward_count: 26; random_exploration_count: 17; best_tax_advantage: 46746000.0; random_action_prob: 0.2025; saved_snapshots: 0
0 -0.00022222222222222223 45
1 0.01799324265717164 59
2 -0.0004166666666666667 24
update: 43; loss: -0.03781508902708689; cumulative_reward: 0.6832230427104171; success_count: 3; episode_count: 10; invalid_count: 0; positive_reward_count: 21; random_exploration_count: 25; best_tax_advantage: 46746000.0; random_action_prob: 0.2015; saved_snapshots: 0
0 -0.001 40
1 0.018262026349387783 50
2 -0.0049967967041834776 38
update: 44; loss: -0.02055107367535432; cumulative_reward: 1.2476369330422636; success_count: 4; episode_count: 9; invalid_count: 0; positive_reward_count: 28; random_exploration_count: 25; best_tax_advantage: 46746000.0; random_action_prob: 0.2005; saved_snapshots: 0
0 -0.00022727272727272727 44
1 0.03149997329866984 50
2 -0.009334168585036117 34
update: 45; loss: -0.02084195427596569; cumulative_reward: 1.4359349519878704; success_count: 5; episode_count: 9; invalid_count: 0; positive_reward_count: 26; random_exploration_count: 23; best_tax_advantage: 46746000.0; random_action_prob: 0.1995; saved_snapshots: 0
0 0.0 44
1 0.030638964212834643 51
2 -0.003837946147475644 33
update: 46; loss: -0.0072663344132403536; cumulative_reward: 1.0380399250669765; success_count: 2; episode_count: 6; invalid_count: 0; positive_reward_count: 21; random_exploration_count: 27; best_tax_advantage: 46746000.0; random_action_prob: 0.1985; saved_snapshots: 0
0 -0.00045454545454545455 44
1 0.02227989071401344 51
2 -0.0023707424650820878 33
update: 47; loss: -0.02794418732325236; cumulative_reward: 0.7770931129493683; success_count: 2; episode_count: 9; invalid_count: 0; positive_reward_count: 20; random_exploration_count: 28; best_tax_advantage: 46746000.0; random_action_prob: 0.1975; saved_snapshots: 0
0 -0.0007142857142857143 42
1 0.024633168063403165 46
2 -0.008150815449179434 40
update: 48; loss: -0.009308955321709314; cumulative_reward: 1.2853754482335387; success_count: 1; episode_count: 3; invalid_count: 0; positive_reward_count: 27; random_exploration_count: 23; best_tax_advantage: 46746000.0; random_action_prob: 0.1965; saved_snapshots: 0
0 0.0 48
1 0.02673744999178917 51
2 -0.0026977414257830655 29
update: 49; loss: -0.020443637544910114; cumulative_reward: 0.6361669376148478; success_count: 2; episode_count: 10; invalid_count: 0; positive_reward_count: 19; random_exploration_count: 29; best_tax_advantage: 46746000.0; random_action_prob: 0.1956; saved_snapshots: 0
0 -0.0005 40
1 0.02167317654098925 44
2 -0.006760291595197255 44
update: 50; loss: -0.014851301908493042; cumulative_reward: 1.3816561312424378; success_count: 4; episode_count: 7; invalid_count: 0; positive_reward_count: 25; random_exploration_count: 21; best_tax_advantage: 56754000.0; random_action_prob: 0.1946; saved_snapshots: 0
0 0.0 45
1 0.028830681731415852 49
2 -0.000913155105792317 34
update: 51; loss: -0.021098244935274124; cumulative_reward: 0.49884995006257216; success_count: 1; episode_count: 7; invalid_count: 0; positive_reward_count: 23; random_exploration_count: 28; best_tax_advantage: 46746000.0; random_action_prob: 0.1936; saved_snapshots: 0
0 -0.0002380952380952381 42
1 0.018108501511772214 45
2 -0.007464210194321399 41
update: 52; loss: 0.04419993236660957; cumulative_reward: 1.6529655010589137; success_count: 4; episode_count: 4; invalid_count: 0; positive_reward_count: 28; random_exploration_count: 14; best_tax_advantage: 46746000.0; random_action_prob: 0.1926; saved_snapshots: 0
0 -0.000392156862745098 51
1 0.03236472117420989 52
2 -0.0004 25
update: 53; loss: 0.007093176245689392; cumulative_reward: 1.2023908634279439; success_count: 2; episode_count: 6; invalid_count: 0; positive_reward_count: 24; random_exploration_count: 31; best_tax_advantage: 56754000.0; random_action_prob: 0.1917; saved_snapshots: 0
0 -0.00045454545454545455 44
1 0.030552946274919814 49
2 -0.007848671544089334 35
update: 54; loss: -0.019633227959275246; cumulative_reward: 0.9827775302632847; success_count: 1; episode_count: 5; invalid_count: 0; positive_reward_count: 18; random_exploration_count: 25; best_tax_advantage: 46746000.0; random_action_prob: 0.1907; saved_snapshots: 0
0 -0.0006818181818181818 44
1 0.023676117665176265 47
2 -0.002702702702702703 37
update: 55; loss: -0.006766313221305609; cumulative_reward: 0.9954474053799905; success_count: 2; episode_count: 6; invalid_count: 0; positive_reward_count: 24; random_exploration_count: 27; best_tax_advantage: 56754000.0; random_action_prob: 0.1898; saved_snapshots: 0
0 -0.0011111111111111111 45
1 0.024838328161508168 50
2 -0.0059536061422853885 33
update: 56; loss: -0.019274058130880196; cumulative_reward: 1.4333628337127233; success_count: 1; episode_count: 2; invalid_count: 0; positive_reward_count: 25; random_exploration_count: 18; best_tax_advantage: 2322000.0; random_action_prob: 0.1888; saved_snapshots: 0
0 -0.00040816326530612246 49
1 0.03125708847062107 49
2 -0.002607816711590297 30
update: 57; loss: -0.02233474204937617; cumulative_reward: 1.634767797046731; success_count: 2; episode_count: 5; invalid_count: 0; positive_reward_count: 28; random_exploration_count: 22; best_tax_advantage: 56754000.0; random_action_prob: 0.1879; saved_snapshots: 0
0 0.0 48
1 0.03426004596788881 50
2 -0.002607816711590297 30
update: 58; loss: -0.006262096576392651; cumulative_reward: 1.0581898668629353; success_count: 2; episode_count: 5; invalid_count: 0; positive_reward_count: 24; random_exploration_count: 22; best_tax_advantage: 46746000.0; random_action_prob: 0.1869; saved_snapshots: 0
0 -0.0006521739130434782 46
1 0.023672808859591565 53
2 -0.005740310437773028 29
update: 59; loss: -0.013284684779743353; cumulative_reward: 1.0141619560523845; success_count: 1; episode_count: 3; invalid_count: 0; positive_reward_count: 25; random_exploration_count: 24; best_tax_advantage: 23373000.0; random_action_prob: 0.1860; saved_snapshots: 0
0 -0.0004166666666666667 48
1 0.019453378039078602 55
2 -0.0014309534438775508 25
update: 60; loss: -0.01984916254878044; cumulative_reward: 1.4811447313699888; success_count: 1; episode_count: 6; invalid_count: 0; positive_reward_count: 23; random_exploration_count: 31; best_tax_advantage: 56754000.0; random_action_prob: 0.1851; saved_snapshots: 0
0 0.0 45
1 0.03484284540564696 47
2 -0.004346361185983828 36
update: 61; loss: -0.011862664793928465; cumulative_reward: 1.7064519532754134; success_count: 2; episode_count: 4; invalid_count: 0; positive_reward_count: 27; random_exploration_count: 25; best_tax_advantage: 46746000.0; random_action_prob: 0.1841; saved_snapshots: 0
0 0.0 48
1 0.03331203441100678 52
2 -0.000920494146319242 28
update: 62; loss: 0.00031929680456717807; cumulative_reward: 1.4634703504043125; success_count: 0; episode_count: 3; invalid_count: 0; positive_reward_count: 22; random_exploration_count: 27; best_tax_advantage: 0.0; random_action_prob: 0.1832; saved_snapshots: 0
0 0.0 48
1 0.035998652291105125 45
2 -0.004470542934154794 35
update: 63; loss: 0.0003692250077923139; cumulative_reward: 1.188359187230093; success_count: 0; episode_count: 4; invalid_count: 0; positive_reward_count: 23; random_exploration_count: 18; best_tax_advantage: 0.0; random_action_prob: 0.1823; saved_snapshots: 0
0 0.0 46
1 0.028874289216074538 45
2 -0.002999562905223283 37
update: 64; loss: -0.004464911762624979; cumulative_reward: 1.3585690179433474; success_count: 1; episode_count: 4; invalid_count: 0; positive_reward_count: 22; random_exploration_count: 21; best_tax_advantage: 56754000.0; random_action_prob: 0.1814; saved_snapshots: 0
0 0.0 47
1 0.030300760412775313 50
2 -0.005047387183723155 31
update: 65; loss: -0.016577120559910934; cumulative_reward: 1.061079217709669; success_count: 0; episode_count: 5; invalid_count: 0; positive_reward_count: 21; random_exploration_count: 24; best_tax_advantage: 0.0; random_action_prob: 0.1805; saved_snapshots: 0
0 0.0 46
1 0.02290668344190136 51
2 -0.0034568270266871204 31
update: 66; loss: -0.036992101619640984; cumulative_reward: 1.6894214839932076; success_count: 2; episode_count: 4; invalid_count: 0; positive_reward_count: 25; random_exploration_count: 25; best_tax_advantage: 56754000.0; random_action_prob: 0.1796; saved_snapshots: 0
0 0.0 49
1 0.0367139816176524 49
2 -0.003652120509058651 30
update: 67; loss: 0.01396275187532107; cumulative_reward: 1.6303907904553328; success_count: 1; episode_count: 2; invalid_count: 0; positive_reward_count: 23; random_exploration_count: 18; best_tax_advantage: 46746000.0; random_action_prob: 0.1787; saved_snapshots: 0
0 0.0 50
1 0.03260781580910666 50
2 0.0 28
update: 68; loss: 0.02226445823907852; cumulative_reward: 1.540376788421736; success_count: 0; episode_count: 1; invalid_count: 0; positive_reward_count: 25; random_exploration_count: 17; best_tax_advantage: 0.0; random_action_prob: 0.1778; saved_snapshots: 0
0 -0.0002 50
1 0.03151480347445582 51
2 -0.002106599584278156 27
update: 69; loss: 0.012307027044395605; cumulative_reward: 1.4215464508326916; success_count: 1; episode_count: 3; invalid_count: 0; positive_reward_count: 22; random_exploration_count: 30; best_tax_advantage: 46746000.0; random_action_prob: 0.1769; saved_snapshots: 0
0 -0.0004 50
1 0.03314547668517093 45
2 -0.0015151515151515152 33
update: 70; loss: 0.01297890425970157; cumulative_reward: 1.3834703504043122; success_count: 0; episode_count: 2; invalid_count: 0; positive_reward_count: 24; random_exploration_count: 22; best_tax_advantage: 0.0; random_action_prob: 0.1760; saved_snapshots: 0
0 -0.0004166666666666667 48
1 0.03160802978259099 49
2 -0.00468784222395631 31
update: 71; loss: 0.016973882913589478; cumulative_reward: 1.8442943854109375; success_count: 2; episode_count: 3; invalid_count: 0; positive_reward_count: 27; random_exploration_count: 18; best_tax_advantage: 46746000.0; random_action_prob: 0.1751; saved_snapshots: 0
0 -0.00040816326530612246 49
1 0.03681970334788814 52
2 -0.0018640810621942698 27
update: 72; loss: 0.013150376888612906; cumulative_reward: 1.153416295995173; success_count: 0; episode_count: 3; invalid_count: 0; positive_reward_count: 20; random_exploration_count: 29; best_tax_advantage: 0.0; random_action_prob: 0.1743; saved_snapshots: 0
0 -0.000625 48
1 0.029678270282342455 43
2 -0.0025067385444743936 37
update: 73; loss: -0.013085935885707537; cumulative_reward: 1.350522151898734; success_count: 0; episode_count: 3; invalid_count: 0; positive_reward_count: 24; random_exploration_count: 25; best_tax_advantage: 0.0; random_action_prob: 0.1734; saved_snapshots: 0
0 -0.00020833333333333335 48
1 0.030939823091883045 50
2 -0.006215633423180594 30
update: 74; loss: -0.006016386051972707; cumulative_reward: 1.518719676549865; success_count: 0; episode_count: 2; invalid_count: 0; positive_reward_count: 22; random_exploration_count: 16; best_tax_advantage: 0.0; random_action_prob: 0.1725; saved_snapshots: 0
0 0.0 50
1 0.02977881718725226 51
2 0.0 27
update: 75; loss: -0.007376937195658684; cumulative_reward: 1.5543153355502697; success_count: 0; episode_count: 3; invalid_count: 0; positive_reward_count: 26; random_exploration_count: 18; best_tax_advantage: 0.0; random_action_prob: 0.1717; saved_snapshots: 0
0 0.0 48
1 0.03491396608664669 49
2 -0.005047387183723155 31
update: 76; loss: -0.01050728838890791; cumulative_reward: 1.7145410720302265; success_count: 1; episode_count: 2; invalid_count: 0; positive_reward_count: 27; random_exploration_count: 20; best_tax_advantage: 40496400.0; random_action_prob: 0.1708; saved_snapshots: 0
0 0.0 50
1 0.03502838521611475 50
2 -0.001317078170553936 28
update: 77; loss: 0.020043663680553436; cumulative_reward: 1.7487836927223714; success_count: 0; episode_count: 2; invalid_count: 0; positive_reward_count: 24; random_exploration_count: 17; best_tax_advantage: 0.0; random_action_prob: 0.1699; saved_snapshots: 0
0 0.0 50
1 0.03654036388140162 50
2 -0.0027940893338467463 28
update: 78; loss: 0.009521870563427607; cumulative_reward: 1.4531613114290527; success_count: 0; episode_count: 2; invalid_count: 0; positive_reward_count: 24; random_exploration_count: 26; best_tax_advantage: 0.0; random_action_prob: 0.1691; saved_snapshots: 0
0 0.0 50
1 0.031252975770954323 49
2 -0.0026977414257830655 29
update: 79; loss: 0.006066775880753994; cumulative_reward: 1.5103439070564604; success_count: 0; episode_count: 1; invalid_count: 0; positive_reward_count: 24; random_exploration_count: 17; best_tax_advantage: 0.0; random_action_prob: 0.1683; saved_snapshots: 0
0 -0.0002 50
1 0.029429690520316555 52
2 -0.0003846153846153846 26
update: 80; loss: 0.06688138594230016; cumulative_reward: 1.6948936423036187; success_count: 1; episode_count: 2; invalid_count: 0; positive_reward_count: 28; random_exploration_count: 22; best_tax_advantage: 46746000.0; random_action_prob: 0.1674; saved_snapshots: 0
0 0.0 50
1 0.03264171017871953 52
2 -9.520334576138148e-05 26
update: 81; loss: 0.007927824432651201; cumulative_reward: 1.5670858502599148; success_count: 2; episode_count: 4; invalid_count: 0; positive_reward_count: 26; random_exploration_count: 27; best_tax_advantage: 46746000.0; random_action_prob: 0.1666; saved_snapshots: 0
0 0.0 47
1 0.03447109705910666 50
2 -0.005047387183723155 31
update: 82; loss: -0.019390636434157688; cumulative_reward: 1.5272403215283363; success_count: 1; episode_count: 1; invalid_count: 0; positive_reward_count: 26; random_exploration_count: 22; best_tax_advantage: 46746000.0; random_action_prob: 0.1657; saved_snapshots: 0
0 -0.0004 50
1 0.029946929260160318 52
2 -0.0003846153846153846 26
update: 83; loss: -0.0037555916545291743; cumulative_reward: 1.6110006287302652; success_count: 1; episode_count: 3; invalid_count: 0; positive_reward_count: 24; random_exploration_count: 18; best_tax_advantage: 46746000.0; random_action_prob: 0.1649; saved_snapshots: 0
0 -0.00020833333333333335 48
1 0.03363913711688413 52
2 -0.004579803619561032 28
update: 84; loss: 0.0004185447469353676; cumulative_reward: 1.3411622710699846; success_count: 0; episode_count: 4; invalid_count: 0; positive_reward_count: 23; random_exploration_count: 28; best_tax_advantage: 0.0; random_action_prob: 0.1641; saved_snapshots: 0
0 -0.0006521739130434782 46
1 0.029257766638495025 51
2 -0.0039027041126858536 31
update: 85; loss: -0.01195093554755052; cumulative_reward: 1.6751886792452824; success_count: 0; episode_count: 1; invalid_count: 0; positive_reward_count: 24; random_exploration_count: 15; best_tax_advantage: 0.0; random_action_prob: 0.1633; saved_snapshots: 0
0 0.0 50
1 0.03418752406623027 49
2 0.0 29
update: 86; loss: 0.007339600784083207; cumulative_reward: 1.6372549771972464; success_count: 0; episode_count: 0; invalid_count: 0; positive_reward_count: 25; random_exploration_count: 23; best_tax_advantage: 0.0; random_action_prob: 0.1625; saved_snapshots: 0
0 0.0 52
1 0.03210303876857347 51
2 0.0 25
update: 87; loss: 0.05220739419261614; cumulative_reward: 1.1761290281547405; success_count: 1; episode_count: 5; invalid_count: 0; positive_reward_count: 24; random_exploration_count: 26; best_tax_advantage: 56754000.0; random_action_prob: 0.1616; saved_snapshots: 0
0 -0.000425531914893617 47
1 0.030271637166868398 50
2 -0.01024041387705417 31
update: 88; loss: 0.0075147633130351705; cumulative_reward: 1.564145138922314; success_count: 0; episode_count: 2; invalid_count: 0; positive_reward_count: 26; random_exploration_count: 21; best_tax_advantage: 0.0; random_action_prob: 0.1608; saved_snapshots: 0
0 0.0 49
1 0.03288746622312198 50
2 -0.002766488697716719 29
update: 89; loss: -0.004196092486381531; cumulative_reward: 1.9366587258828878; success_count: 1; episode_count: 3; invalid_count: 0; positive_reward_count: 27; random_exploration_count: 19; best_tax_advantage: 56754000.0; random_action_prob: 0.1600; saved_snapshots: 0
0 0.0 48
1 0.041683863818114876 51
2 -0.006524769960033461 29
update: 90; loss: 0.239683265487353; cumulative_reward: 1.5113757233566993; success_count: 0; episode_count: 2; invalid_count: 0; positive_reward_count: 25; random_exploration_count: 23; best_tax_advantage: 0.0; random_action_prob: 0.1592; saved_snapshots: 0
0 -0.0004166666666666667 48
1 0.03192193102660873 52
2 -0.0045915960723912205 28
update: 91; loss: -0.0036796232064565024; cumulative_reward: 1.6425520432229492; success_count: 0; episode_count: 4; invalid_count: 0; positive_reward_count: 28; random_exploration_count: 18; best_tax_advantage: 0.0; random_action_prob: 0.1584; saved_snapshots: 0
0 -0.0002127659574468085 47
1 0.034722378804652225 55
2 -0.009891491962804717 26
update: 92; loss: -0.006582706235349178; cumulative_reward: 1.6641002764608195; success_count: 0; episode_count: 1; invalid_count: 0; positive_reward_count: 24; random_exploration_count: 18; best_tax_advantage: 0.0; random_action_prob: 0.1576; saved_snapshots: 0
0 -0.0006 50
1 0.03215283540492114 53
2 -0.0004 25
update: 93; loss: 0.0008162412171562513; cumulative_reward: 1.5454093026032953; success_count: 0; episode_count: 3; invalid_count: 0; positive_reward_count: 24; random_exploration_count: 23; best_tax_advantage: 0.0; random_action_prob: 0.1569; saved_snapshots: 0
0 0.0 48
1 0.03234209751772658 49
2 -0.0012694669601711654 31
update: 94; loss: 0.009281786469121775; cumulative_reward: 1.1656120674095112; success_count: 0; episode_count: 4; invalid_count: 0; positive_reward_count: 22; random_exploration_count: 22; best_tax_advantage: 0.0; random_action_prob: 0.1561; saved_snapshots: 0
0 -0.0002173913043478261 46
1 0.023863307469214105 51
2 -0.0013360197909809085 31
update: 95; loss: -0.00932613822321097; cumulative_reward: 1.7534042148994027; success_count: 1; episode_count: 2; invalid_count: 0; positive_reward_count: 25; random_exploration_count: 17; best_tax_advantage: 46746000.0; random_action_prob: 0.1553; saved_snapshots: 0
0 0.0 49
1 0.03522382146629062 52
2 -0.0028975741239892186 27
update: 96; loss: -0.0013566891041894753; cumulative_reward: 1.7890844920220443; success_count: 0; episode_count: 1; invalid_count: 0; positive_reward_count: 25; random_exploration_count: 14; best_tax_advantage: 0.0; random_action_prob: 0.1545; saved_snapshots: 0
0 0.0 50
1 0.035080088078863626 51
2 0.0 27
update: 97; loss: -0.0038986668611566224; cumulative_reward: 1.5737207204920527; success_count: 1; episode_count: 5; invalid_count: 0; positive_reward_count: 22; random_exploration_count: 23; best_tax_advantage: 56754000.0; random_action_prob: 0.1537; saved_snapshots: 0
0 -0.0002127659574468085 47
1 0.0359222392487239 49
2 -0.005514656334231806 32
update: 98; loss: 0.009399675764143467; cumulative_reward: 1.3535073271008902; success_count: 0; episode_count: 4; invalid_count: 0; positive_reward_count: 25; random_exploration_count: 20; best_tax_advantage: 0.0; random_action_prob: 0.1530; saved_snapshots: 0
0 -0.0004347826086956522 46
1 0.031675980040929676 51
2 -0.007805408225371707 31
update: 99; loss: -0.014375479271014532; cumulative_reward: 1.788704556771781; success_count: 2; episode_count: 4; invalid_count: 0; positive_reward_count: 27; random_exploration_count: 18; best_tax_advantage: 56754000.0; random_action_prob: 0.1522; saved_snapshots: 0
0 -0.0008333333333333334 48
1 0.03722099800408357 53
2 -0.005333642127579543 27
2026-07-10T17:16:54 completed dub_irish_dutch run=4 elapsed_seconds=531.41 updates_logged=100
2026-07-10T17:16:54 running dub_irish_dutch run=5 seed=1734
update: 0; loss: -0.022803286090493202; cumulative_reward: -0.37477581777165064; success_count: 0; episode_count: 12; invalid_count: 0; positive_reward_count: 11; random_exploration_count: 45; best_tax_advantage: 0.0; random_action_prob: 0.2500; saved_snapshots: 0
0 -0.0030555555555555557 36
1 0.006763265475983403 43
2 -0.011338698637529322 49
update: 1; loss: -0.018023452411095302; cumulative_reward: -0.028628634800439187; success_count: 1; episode_count: 14; invalid_count: 0; positive_reward_count: 6; random_exploration_count: 34; best_tax_advantage: 46746000.0; random_action_prob: 0.2487; saved_snapshots: 0
0 -0.0008571428571428571 35
1 0.003845551324923552 43
2 -0.003279746835443038 50
update: 2; loss: -0.019051068151990574; cumulative_reward: -0.16235282433479728; success_count: 0; episode_count: 13; invalid_count: 0; positive_reward_count: 5; random_exploration_count: 33; best_tax_advantage: 0.0; random_action_prob: 0.2475; saved_snapshots: 0
0 -0.0014285714285714286 35
1 6.141313306515958e-06 42
2 -0.002208054107719037 51
update: 3; loss: -0.018873829394578934; cumulative_reward: -0.16734698923081892; success_count: 1; episode_count: 14; invalid_count: 0; positive_reward_count: 7; random_exploration_count: 32; best_tax_advantage: 46746000.0; random_action_prob: 0.2463; saved_snapshots: 0
0 -0.0030555555555555557 36
1 0.0029722212401947883 45
2 -0.004065892447650731 47
update: 4; loss: -0.027352743471662205; cumulative_reward: 0.04033260216145211; success_count: 0; episode_count: 11; invalid_count: 0; positive_reward_count: 6; random_exploration_count: 42; best_tax_advantage: 0.0; random_action_prob: 0.2450; saved_snapshots: 0
0 -0.0005555555555555556 36
1 0.0033881664126431434 38
2 -0.00126699484294421 54
update: 5; loss: -0.028523380557696026; cumulative_reward: 0.16097723174683057; success_count: 2; episode_count: 15; invalid_count: 0; positive_reward_count: 10; random_exploration_count: 22; best_tax_advantage: 46746000.0; random_action_prob: 0.2438; saved_snapshots: 0
0 -0.001764705882352941 34
1 0.01118327825049954 38
2 -0.003642631103074141 56
update: 6; loss: -0.02312726030747096; cumulative_reward: -0.6002689873417725; success_count: 0; episode_count: 13; invalid_count: 0; positive_reward_count: 5; random_exploration_count: 32; best_tax_advantage: 0.0; random_action_prob: 0.2426; saved_snapshots: 0
0 -0.004571428571428572 35
1 -0.0017848848745939366 38
2 -0.006771697492858228 55
update: 7; loss: -0.017142371584971745; cumulative_reward: -0.0035013121683708064; success_count: 1; episode_count: 12; invalid_count: 0; positive_reward_count: 4; random_exploration_count: 34; best_tax_advantage: 46746000.0; random_action_prob: 0.2414; saved_snapshots: 0
0 -0.0008571428571428571 35
1 0.0012539072643452474 51
2 -0.0008916805392852005 42
update: 8; loss: -0.023874360447128613; cumulative_reward: -0.09152054120428847; success_count: 1; episode_count: 12; invalid_count: 0; positive_reward_count: 13; random_exploration_count: 22; best_tax_advantage: 46746000.0; random_action_prob: 0.2402; saved_snapshots: 0
0 -0.003243243243243243 37
1 0.006758359175801103 46
2 -0.006275668073136427 45
update: 9; loss: -0.026615073283513386; cumulative_reward: -0.4226465726717902; success_count: 0; episode_count: 14; invalid_count: 0; positive_reward_count: 11; random_exploration_count: 25; best_tax_advantage: 0.0; random_action_prob: 0.2390; saved_snapshots: 0
0 -0.0036363636363636364 33
1 0.005356214728443876 39
2 -0.009134624055019667 56
update: 10; loss: -0.033029984682798386; cumulative_reward: -0.3621378265061876; success_count: 0; episode_count: 15; invalid_count: 0; positive_reward_count: 6; random_exploration_count: 32; best_tax_advantage: 0.0; random_action_prob: 0.2378; saved_snapshots: 0
0 -0.0033333333333333335 33
1 0.00018470279449411554 34
2 -0.004236356090475202 61
update: 11; loss: -0.02673040082057317; cumulative_reward: 0.288021033776265; success_count: 2; episode_count: 14; invalid_count: 0; positive_reward_count: 11; random_exploration_count: 26; best_tax_advantage: 46746000.0; random_action_prob: 0.2366; saved_snapshots: 0
0 -0.0005714285714285715 35
1 0.008643436621393706 48
2 -0.0023747538677918426 45
update: 12; loss: -0.030558340872327488; cumulative_reward: -0.361046857635381; success_count: 1; episode_count: 13; invalid_count: 0; positive_reward_count: 6; random_exploration_count: 25; best_tax_advantage: 46746000.0; random_action_prob: 0.2354; saved_snapshots: 0
0 -0.0030555555555555557 36
1 0.0003474172776721289 50
2 -0.006390898131404461 42
update: 13; loss: -0.02965305248896281; cumulative_reward: 0.3003093297815263; success_count: 2; episode_count: 15; invalid_count: 0; positive_reward_count: 12; random_exploration_count: 30; best_tax_advantage: 56754000.0; random_action_prob: 0.2342; saved_snapshots: 0
0 -0.002285714285714286 35
1 0.015364719195952403 40
2 -0.004420366755784333 53
update: 14; loss: -0.023489103962977726; cumulative_reward: -0.03383930085087831; success_count: 2; episode_count: 15; invalid_count: 0; positive_reward_count: 10; random_exploration_count: 33; best_tax_advantage: 46746000.0; random_action_prob: 0.2331; saved_snapshots: 0
0 -0.0023529411764705885 34
1 0.004418198377716065 45
2 -0.003115474037716352 49
update: 15; loss: -0.01300514799853166; cumulative_reward: 0.12182070966975131; success_count: 2; episode_count: 13; invalid_count: 0; positive_reward_count: 11; random_exploration_count: 30; best_tax_advantage: 46746000.0; random_action_prob: 0.2319; saved_snapshots: 0
0 -0.0022222222222222222 36
1 0.009583299360111017 42
2 -0.00401355726909823 50
update: 16; loss: -0.01964861589173476; cumulative_reward: 0.2711272240700077; success_count: 2; episode_count: 11; invalid_count: 0; positive_reward_count: 10; random_exploration_count: 34; best_tax_advantage: 46746000.0; random_action_prob: 0.2307; saved_snapshots: 0
0 -0.0007894736842105263 38
1 0.007320150605899318 48
2 -0.0011961905955514178 42
update: 17; loss: -0.002003561705350876; cumulative_reward: 0.10521046627739014; success_count: 2; episode_count: 13; invalid_count: 0; positive_reward_count: 10; random_exploration_count: 28; best_tax_advantage: 46746000.0; random_action_prob: 0.2296; saved_snapshots: 0
0 -0.0011111111111111111 36
1 0.007448013671587526 43
2 -0.003572533093895377 49
update: 18; loss: -0.026797230665882427; cumulative_reward: 0.04422944638791838; success_count: 1; episode_count: 11; invalid_count: 0; positive_reward_count: 10; random_exploration_count: 30; best_tax_advantage: 46746000.0; random_action_prob: 0.2284; saved_snapshots: 0
0 -0.001282051282051282 39
1 0.007601315115584081 39
2 -0.004044436862397216 50
update: 19; loss: -0.034409936517477036; cumulative_reward: 0.220955384495072; success_count: 3; episode_count: 14; invalid_count: 0; positive_reward_count: 9; random_exploration_count: 32; best_tax_advantage: 46746000.0; random_action_prob: 0.2273; saved_snapshots: 0
0 -0.0017500000000000003 40
1 0.009268332961769472 44
2 -0.002655710586881473 44
update: 20; loss: -0.031223720560471218; cumulative_reward: 0.20069421287890593; success_count: 2; episode_count: 12; invalid_count: 0; positive_reward_count: 14; random_exploration_count: 27; best_tax_advantage: 46746000.0; random_action_prob: 0.2262; saved_snapshots: 0
0 -0.0015789473684210526 38
1 0.011945021297575254 44
2 -0.005758407048139242 46
update: 21; loss: -0.01602733073135217; cumulative_reward: 0.1764357919573731; success_count: 2; episode_count: 10; invalid_count: 0; positive_reward_count: 13; random_exploration_count: 28; best_tax_advantage: 46746000.0; random_action_prob: 0.2250; saved_snapshots: 0
0 -0.0007692307692307692 39
1 0.0072402653541032815 48
2 -0.0034413889034044976 41
update: 22; loss: -0.014728921776016554; cumulative_reward: 0.14031123816520277; success_count: 1; episode_count: 8; invalid_count: 0; positive_reward_count: 15; random_exploration_count: 26; best_tax_advantage: 46746000.0; random_action_prob: 0.2239; saved_snapshots: 0
0 -0.00125 40
1 0.005295256345259622 51
2 -0.0021553198768388643 37
update: 23; loss: -0.02841266058385372; cumulative_reward: 0.5186868428225291; success_count: 3; episode_count: 13; invalid_count: 0; positive_reward_count: 15; random_exploration_count: 28; best_tax_advantage: 56754000.0; random_action_prob: 0.2228; saved_snapshots: 0
0 -0.0002564102564102564 39
1 0.011791079817071186 51
2 -0.0019120586275816122 38
update: 24; loss: -0.0374553253253301; cumulative_reward: -0.1845776175997228; success_count: 0; episode_count: 11; invalid_count: 0; positive_reward_count: 8; random_exploration_count: 31; best_tax_advantage: 0.0; random_action_prob: 0.2217; saved_snapshots: 0
0 -0.0023684210526315787 38
1 0.0030453699596090845 43
2 -0.004798479273679009 47
update: 25; loss: 0.030383228013912838; cumulative_reward: -0.026637749459939228; success_count: 0; episode_count: 9; invalid_count: 0; positive_reward_count: 9; random_exploration_count: 28; best_tax_advantage: 0.0; random_action_prob: 0.2206; saved_snapshots: 0
0 -0.0016666666666666668 42
1 0.003394288871079589 48
2 -0.003146410928204198 38
update: 26; loss: -0.029757448782523472; cumulative_reward: 0.42859424978644306; success_count: 3; episode_count: 11; invalid_count: 0; positive_reward_count: 17; random_exploration_count: 28; best_tax_advantage: 56754000.0; random_action_prob: 0.2195; saved_snapshots: 0
0 -0.0020512820512820513 39
1 0.017400267630370503 47
2 -0.007362341162880246 42
update: 27; loss: -0.02061009593307972; cumulative_reward: 0.2392861853479002; success_count: 3; episode_count: 12; invalid_count: 0; positive_reward_count: 13; random_exploration_count: 25; best_tax_advantage: 46746000.0; random_action_prob: 0.2184; saved_snapshots: 0
0 -0.00075 40
1 0.012506930506849511 46
2 -0.007286490903980413 42
update: 28; loss: -0.00599494328101476; cumulative_reward: 0.007659522079243102; success_count: 2; episode_count: 10; invalid_count: 0; positive_reward_count: 9; random_exploration_count: 44; best_tax_advantage: 46746000.0; random_action_prob: 0.2173; saved_snapshots: 0
0 -0.001842105263157895 38
1 0.004237949430188634 49
2 -0.0031707317073170734 41
update: 29; loss: -0.024410527820388477; cumulative_reward: 0.662277510037369; success_count: 5; episode_count: 13; invalid_count: 0; positive_reward_count: 19; random_exploration_count: 31; best_tax_advantage: 46746000.0; random_action_prob: 0.2162; saved_snapshots: 0
0 -0.0007894736842105263 38
1 0.01616376215266137 49
2 -0.002432849644952146 41
update: 30; loss: -0.010082529236872992; cumulative_reward: 0.0346629984500129; success_count: 1; episode_count: 13; invalid_count: 0; positive_reward_count: 8; random_exploration_count: 32; best_tax_advantage: 46746000.0; random_action_prob: 0.2151; saved_snapshots: 0
0 -0.0011111111111111111 36
1 0.00599034190534398 46
2 -0.0043672332433871775 46
update: 31; loss: -0.021558937927087147; cumulative_reward: 0.8852199503884551; success_count: 6; episode_count: 12; invalid_count: 0; positive_reward_count: 18; random_exploration_count: 31; best_tax_advantage: 46746000.0; random_action_prob: 0.2140; saved_snapshots: 0
0 -0.00075 40
1 0.01714162171860566 56
2 -0.0013972145579206762 32
update: 32; loss: -0.001061179054280122; cumulative_reward: 0.08643018408518469; success_count: 1; episode_count: 9; invalid_count: 0; positive_reward_count: 10; random_exploration_count: 25; best_tax_advantage: 46746000.0; random_action_prob: 0.2130; saved_snapshots: 0
0 -0.0010256410256410256 39
1 0.0032918388520228764 54
2 -0.0014665461121157325 35
update: 33; loss: -0.013862147306402525; cumulative_reward: 0.4418670494891822; success_count: 5; episode_count: 10; invalid_count: 0; positive_reward_count: 18; random_exploration_count: 27; best_tax_advantage: 46746000.0; random_action_prob: 0.2119; saved_snapshots: 0
0 -0.0019047619047619048 42
1 0.012678095534784169 51
2 -0.0035633092224231465 35
update: 34; loss: -0.021284297729531925; cumulative_reward: 0.770691604909749; success_count: 4; episode_count: 11; invalid_count: 0; positive_reward_count: 15; random_exploration_count: 25; best_tax_advantage: 46746000.0; random_action_prob: 0.2108; saved_snapshots: 0
0 -0.00025 40
1 0.01593248173285202 49
2 0.0 39
update: 35; loss: 0.006857749695579211; cumulative_reward: 0.2091228376287705; success_count: 2; episode_count: 11; invalid_count: 0; positive_reward_count: 15; random_exploration_count: 30; best_tax_advantage: 46746000.0; random_action_prob: 0.2098; saved_snapshots: 0
0 -0.0010526315789473684 38
1 0.007481373095628445 56
2 -0.0049951192860712475 34
update: 36; loss: -0.02457220231493314; cumulative_reward: 0.36423693571010995; success_count: 3; episode_count: 11; invalid_count: 0; positive_reward_count: 17; random_exploration_count: 20; best_tax_advantage: 56754000.0; random_action_prob: 0.2087; saved_snapshots: 0
0 -0.0015789473684210526 38
1 0.010832622215780827 55
2 -0.004901636747366728 35
update: 37; loss: -0.024975243334968884; cumulative_reward: 0.9729134237481228; success_count: 3; episode_count: 9; invalid_count: 0; positive_reward_count: 20; random_exploration_count: 22; best_tax_advantage: 56754000.0; random_action_prob: 0.2077; saved_snapshots: 0
0 -0.0002380952380952381 42
1 0.021281505605006374 51
2 -0.0029269532030629306 35
update: 38; loss: -0.03665736193458239; cumulative_reward: 0.5880007715364308; success_count: 4; episode_count: 12; invalid_count: 0; positive_reward_count: 16; random_exploration_count: 26; best_tax_advantage: 46746000.0; random_action_prob: 0.2066; saved_snapshots: 0
0 -0.002195121951219512 41
1 0.015612919270435198 55
2 -0.005647180885547025 32
update: 39; loss: 0.008484751606980959; cumulative_reward: 0.7949914462807528; success_count: 5; episode_count: 7; invalid_count: 0; positive_reward_count: 20; random_exploration_count: 25; best_tax_advantage: 56754000.0; random_action_prob: 0.2056; saved_snapshots: 0
0 -0.0006666666666666666 45
1 0.014999844477831866 55
2 0.0 28
update: 40; loss: -0.006767948778967063; cumulative_reward: 0.2942478353817884; success_count: 3; episode_count: 10; invalid_count: 0; positive_reward_count: 19; random_exploration_count: 26; best_tax_advantage: 46746000.0; random_action_prob: 0.2046; saved_snapshots: 0
0 -0.0014634146341463415 41
1 0.01232477979951881 50
2 -0.007080842016058162 37
update: 41; loss: -0.003664595385392507; cumulative_reward: 0.6143961743725952; success_count: 5; episode_count: 12; invalid_count: 0; positive_reward_count: 19; random_exploration_count: 28; best_tax_advantage: 46746000.0; random_action_prob: 0.2036; saved_snapshots: 0
0 -0.00125 40
1 0.012949647858788072 61
2 -0.004649346111610263 27
update: 42; loss: -0.002621671805779139; cumulative_reward: 0.7489173595154904; success_count: 5; episode_count: 10; invalid_count: 0; positive_reward_count: 21; random_exploration_count: 30; best_tax_advantage: 46746000.0; random_action_prob: 0.2025; saved_snapshots: 0
0 -0.0019047619047619048 42
1 0.017923861002121306 53
2 -0.0036680991999072355 33
update: 43; loss: -0.010026339441537857; cumulative_reward: 0.789002155630789; success_count: 4; episode_count: 12; invalid_count: 0; positive_reward_count: 21; random_exploration_count: 25; best_tax_advantage: 46746000.0; random_action_prob: 0.2015; saved_snapshots: 0
0 -0.0012195121951219512 41
1 0.020122989281568786 53
2 -0.006691655185069311 34
update: 44; loss: -0.014087377736965815; cumulative_reward: 1.0806234432157298; success_count: 5; episode_count: 9; invalid_count: 0; positive_reward_count: 27; random_exploration_count: 22; best_tax_advantage: 46746000.0; random_action_prob: 0.2005; saved_snapshots: 0
0 -0.00044444444444444447 45
1 0.02324628191783789 50
2 -0.0018694137174595396 33
update: 45; loss: -0.01015116802106301; cumulative_reward: 1.0452422144663094; success_count: 5; episode_count: 7; invalid_count: 0; positive_reward_count: 24; random_exploration_count: 25; best_tax_advantage: 56754000.0; random_action_prob: 0.1995; saved_snapshots: 0
0 0.0 44
1 0.01866503954404124 56
2 0.0 28
update: 46; loss: 0.04054073616862297; cumulative_reward: 1.2670506795629324; success_count: 7; episode_count: 9; invalid_count: 0; positive_reward_count: 29; random_exploration_count: 26; best_tax_advantage: 46746000.0; random_action_prob: 0.1985; saved_snapshots: 0
0 0.0 42
1 0.022421419681844027 60
2 -0.0030090192826041887 26
update: 47; loss: 0.09391046563784282; cumulative_reward: 1.0885937349586068; success_count: 3; episode_count: 5; invalid_count: 0; positive_reward_count: 25; random_exploration_count: 25; best_tax_advantage: 46746000.0; random_action_prob: 0.1975; saved_snapshots: 0
0 -0.00022222222222222223 45
1 0.0232337951967378 52
2 -0.003534310170056759 31
update: 48; loss: -0.003093578852713108; cumulative_reward: 1.3401544902387323; success_count: 6; episode_count: 10; invalid_count: 0; positive_reward_count: 26; random_exploration_count: 16; best_tax_advantage: 56754000.0; random_action_prob: 0.1965; saved_snapshots: 0
0 -0.0008695652173913044 46
1 0.027612758106408758 56
2 -0.0063907678353906875 26
update: 49; loss: -0.01879986437658469; cumulative_reward: 1.3856186459488078; success_count: 6; episode_count: 9; invalid_count: 0; positive_reward_count: 28; random_exploration_count: 26; best_tax_advantage: 56754000.0; random_action_prob: 0.1956; saved_snapshots: 0
0 -0.0002173913043478261 46
1 0.025374884471796505 55
2 0.0 27
update: 50; loss: -0.014858989355464777; cumulative_reward: 0.9649506797886171; success_count: 2; episode_count: 5; invalid_count: 0; positive_reward_count: 20; random_exploration_count: 19; best_tax_advantage: 46746000.0; random_action_prob: 0.1946; saved_snapshots: 0
0 -0.00022222222222222223 45
1 0.017726375996156667 55
2 0.0 28
update: 51; loss: -0.028499484062194824; cumulative_reward: 1.232591212724449; success_count: 3; episode_count: 7; invalid_count: 0; positive_reward_count: 28; random_exploration_count: 23; best_tax_advantage: 56754000.0; random_action_prob: 0.1936; saved_snapshots: 0
0 -0.00022222222222222223 45
1 0.030124720865963753 50
2 -0.007989237290113301 33
update: 52; loss: 0.00043695544203122455; cumulative_reward: 1.0099949072315373; success_count: 1; episode_count: 5; invalid_count: 0; positive_reward_count: 21; random_exploration_count: 32; best_tax_advantage: 46746000.0; random_action_prob: 0.1926; saved_snapshots: 0
0 0.0 44
1 0.023196880206086387 49
2 -0.0036186349390484643 35
update: 53; loss: -0.022992359474301338; cumulative_reward: 0.9692142797625819; success_count: 2; episode_count: 4; invalid_count: 0; positive_reward_count: 23; random_exploration_count: 24; best_tax_advantage: 46746000.0; random_action_prob: 0.1917; saved_snapshots: 0
0 -0.0006382978723404255 47
1 0.022548975622205814 50
2 -0.004136596817668029 31
update: 54; loss: -0.012198757069806257; cumulative_reward: 1.004829008681922; success_count: 0; episode_count: 5; invalid_count: 0; positive_reward_count: 22; random_exploration_count: 21; best_tax_advantage: 0.0; random_action_prob: 0.1907; saved_snapshots: 0
0 -0.00022727272727272727 44
1 0.022966627674065484 51
2 -0.0047414849301641755 33
update: 55; loss: -0.007067624634752671; cumulative_reward: 0.9774259083716296; success_count: 1; episode_count: 8; invalid_count: 0; positive_reward_count: 20; random_exploration_count: 25; best_tax_advantage: 56754000.0; random_action_prob: 0.1898; saved_snapshots: 0
0 0.0 42
1 0.026456564390187374 47
2 -0.006821349178645573 39
update: 56; loss: 0.008391788850227991; cumulative_reward: 1.2962598971748143; success_count: 2; episode_count: 4; invalid_count: 0; positive_reward_count: 21; random_exploration_count: 35; best_tax_advantage: 56754000.0; random_action_prob: 0.1888; saved_snapshots: 0
0 -0.0002173913043478261 46
1 0.0251203826379772 52
2 0.0 30
update: 57; loss: -0.0028224727138876915; cumulative_reward: 0.6641291461126339; success_count: 0; episode_count: 7; invalid_count: 0; positive_reward_count: 17; random_exploration_count: 26; best_tax_advantage: 0.0; random_action_prob: 0.1879; saved_snapshots: 0
0 0.0 41
1 0.01885048721302101 43
2 -0.003328222819256131 44
update: 58; loss: -0.006367270679523547; cumulative_reward: 1.154302316137501; success_count: 1; episode_count: 4; invalid_count: 0; positive_reward_count: 22; random_exploration_count: 20; best_tax_advantage: 46746000.0; random_action_prob: 0.1869; saved_snapshots: 0
0 -0.0006382978723404255 47
1 0.029389707055226887 45
2 -0.0038398472596585806 36
update: 59; loss: -0.014200151277085146; cumulative_reward: 0.5943833839759278; success_count: 0; episode_count: 5; invalid_count: 0; positive_reward_count: 19; random_exploration_count: 20; best_tax_advantage: 0.0; random_action_prob: 0.1860; saved_snapshots: 0
0 -0.0009302325581395349 43
1 0.022244376447216715 41
2 -0.006309910235453584 44
update: 60; loss: -0.00456485478207469; cumulative_reward: 1.2557603198051672; success_count: 5; episode_count: 10; invalid_count: 0; positive_reward_count: 21; random_exploration_count: 31; best_tax_advantage: 46746000.0; random_action_prob: 0.1851; saved_snapshots: 0
0 -0.00023255813953488373 43
1 0.028168702604460152 46
2 -0.0007692307692307692 39
update: 61; loss: -0.007133013258377711; cumulative_reward: 1.431323145575414; success_count: 4; episode_count: 8; invalid_count: 0; positive_reward_count: 24; random_exploration_count: 30; best_tax_advantage: 56754000.0; random_action_prob: 0.1841; saved_snapshots: 0
0 -0.0006521739130434782 46
1 0.032671867481433844 45
2 -0.00024083489430024081 37
update: 62; loss: -0.015250477318962416; cumulative_reward: 1.0232007183769738; success_count: 2; episode_count: 5; invalid_count: 0; positive_reward_count: 24; random_exploration_count: 24; best_tax_advantage: 46746000.0; random_action_prob: 0.1832; saved_snapshots: 0
0 -0.0006521739130434782 46
1 0.022336697688395996 49
2 -0.0012514384349827387 33
update: 63; loss: 0.06038775419195493; cumulative_reward: 0.8693530467932745; success_count: 1; episode_count: 5; invalid_count: 0; positive_reward_count: 20; random_exploration_count: 23; best_tax_advantage: 56754000.0; random_action_prob: 0.1823; saved_snapshots: 0
0 -0.0002173913043478261 46
1 0.01965958863599431 49
2 -0.002544448374862028 33
update: 64; loss: -0.010725515273710092; cumulative_reward: 1.1294830009210666; success_count: 3; episode_count: 7; invalid_count: 0; positive_reward_count: 23; random_exploration_count: 23; best_tax_advantage: 46746000.0; random_action_prob: 0.1814; saved_snapshots: 0
0 -0.0002173913043478261 46
1 0.027504833383750565 45
2 -0.002654986522911051 37
update: 65; loss: -0.017019912600517273; cumulative_reward: 1.288371753542162; success_count: 3; episode_count: 6; invalid_count: 0; positive_reward_count: 30; random_exploration_count: 19; best_tax_advantage: 56754000.0; random_action_prob: 0.1805; saved_snapshots: 0
0 -0.0004347826086956522 46
1 0.030256377599711542 51
2 -0.007571080775584733 31
update: 66; loss: -0.014298825214306513; cumulative_reward: 1.3140112088467462; success_count: 2; episode_count: 7; invalid_count: 0; positive_reward_count: 20; random_exploration_count: 19; best_tax_advantage: 46746000.0; random_action_prob: 0.1796; saved_snapshots: 0
0 0.0 43
1 0.03314870738558227 42
2 -0.0018194070080862536 43
update: 67; loss: 0.015561362107594809; cumulative_reward: 1.5744415168260957; success_count: 4; episode_count: 7; invalid_count: 0; positive_reward_count: 26; random_exploration_count: 20; best_tax_advantage: 56754000.0; random_action_prob: 0.1787; saved_snapshots: 0
0 -0.0002127659574468085 47
1 0.0368939691566982 48
2 -0.005650575839255085 33
update: 68; loss: -0.0040895710699260235; cumulative_reward: 1.5605332159796343; success_count: 2; episode_count: 4; invalid_count: 0; positive_reward_count: 25; random_exploration_count: 18; best_tax_advantage: 56754000.0; random_action_prob: 0.1778; saved_snapshots: 0
0 0.0 48
1 0.031847616652645606 49
2 0.0 31
update: 69; loss: 0.012801289868851503; cumulative_reward: 1.5211907010856773; success_count: 2; episode_count: 5; invalid_count: 0; positive_reward_count: 23; random_exploration_count: 26; best_tax_advantage: 56754000.0; random_action_prob: 0.1769; saved_snapshots: 0
0 0.0 47
1 0.03198850404866773 50
2 -0.0025236935918615776 31
update: 70; loss: -0.014162547886371613; cumulative_reward: 1.3726174930878132; success_count: 2; episode_count: 6; invalid_count: 0; positive_reward_count: 26; random_exploration_count: 22; best_tax_advantage: 46746000.0; random_action_prob: 0.1760; saved_snapshots: 0
0 0.0 46
1 0.031554593946493216 49
2 -0.005259321523950137 33
update: 71; loss: 0.010026989504694939; cumulative_reward: 1.0578461784147049; success_count: 1; episode_count: 7; invalid_count: 0; positive_reward_count: 21; random_exploration_count: 22; best_tax_advantage: 46746000.0; random_action_prob: 0.1751; saved_snapshots: 0
0 -0.00022727272727272727 44
1 0.027270393984387055 45
2 -0.004085167971351609 39
update: 72; loss: -0.016277871405084927; cumulative_reward: 1.118282965628565; success_count: 2; episode_count: 8; invalid_count: 0; positive_reward_count: 25; random_exploration_count: 21; best_tax_advantage: 46746000.0; random_action_prob: 0.1743; saved_snapshots: 0
0 -0.0002380952380952381 42
1 0.03563348167922947 44
2 -0.010466434006131712 42
update: 73; loss: 6.0463634630044304e-05; cumulative_reward: 0.9548086861678245; success_count: 0; episode_count: 6; invalid_count: 0; positive_reward_count: 18; random_exploration_count: 30; best_tax_advantage: 0.0; random_action_prob: 0.1734; saved_snapshots: 0
0 -0.0007142857142857143 42
1 0.025584460351406282 43
2 -0.0026819327661080374 43
update: 74; loss: -0.018909454966584843; cumulative_reward: 1.0214285714285718; success_count: 1; episode_count: 7; invalid_count: 0; positive_reward_count: 23; random_exploration_count: 24; best_tax_advantage: 6210000.0; random_action_prob: 0.1725; saved_snapshots: 0
0 -0.0006976744186046512 43
1 0.03285949036235638 45
2 -0.010681212371936638 40
update: 75; loss: -0.028844128052393597; cumulative_reward: 1.215298071495287; success_count: 1; episode_count: 8; invalid_count: 0; positive_reward_count: 23; random_exploration_count: 19; best_tax_advantage: 46746000.0; random_action_prob: 0.1717; saved_snapshots: 0
0 0.0 42
1 0.03171627236288554 46
2 -0.0060912614299361975 40
update: 76; loss: -0.024653372665246327; cumulative_reward: 1.1326207146026785; success_count: 1; episode_count: 4; invalid_count: 0; positive_reward_count: 25; random_exploration_count: 26; best_tax_advantage: 46746000.0; random_action_prob: 0.1708; saved_snapshots: 0
0 -0.0008695652173913044 46
1 0.02435575879151674 53
2 -0.004077051770610652 29
update: 77; loss: -0.02044077341755231; cumulative_reward: 1.4991993937828159; success_count: 2; episode_count: 5; invalid_count: 0; positive_reward_count: 27; random_exploration_count: 18; best_tax_advantage: 46746000.0; random_action_prob: 0.1699; saved_snapshots: 0
0 -0.0006521739130434782 46
1 0.031749162609947305 52
2 -0.00405856873114812 30
update: 78; loss: -0.0051085421194632845; cumulative_reward: 1.316673836980014; success_count: 0; episode_count: 2; invalid_count: 0; positive_reward_count: 25; random_exploration_count: 17; best_tax_advantage: 0.0; random_action_prob: 0.1691; saved_snapshots: 0
0 -0.0008333333333333334 48
1 0.030553153289465517 50
2 -0.005699460916442049 30
update: 79; loss: -0.016863862983882427; cumulative_reward: 0.9016334449178335; success_count: 0; episode_count: 6; invalid_count: 0; positive_reward_count: 22; random_exploration_count: 30; best_tax_advantage: 0.0; random_action_prob: 0.1683; saved_snapshots: 0
0 -0.0006818181818181818 44
1 0.02789700668582154 46
2 -0.009253391121840992 38
update: 80; loss: -0.019981304183602333; cumulative_reward: 1.3380759199521564; success_count: 1; episode_count: 3; invalid_count: 0; positive_reward_count: 25; random_exploration_count: 27; best_tax_advantage: 46746000.0; random_action_prob: 0.1674; saved_snapshots: 0
0 -0.0004166666666666667 48
1 0.027100196628299343 53
2 -0.0028975741239892186 27
update: 81; loss: -0.008033915112415949; cumulative_reward: 0.7607988689659374; success_count: 0; episode_count: 8; invalid_count: 0; positive_reward_count: 18; random_exploration_count: 28; best_tax_advantage: 0.0; random_action_prob: 0.1666; saved_snapshots: 0
0 -0.00024390243902439024 41
1 0.024159283286363832 42
2 -0.005419800645807642 45
update: 82; loss: -0.004456283835073312; cumulative_reward: 1.6478286929122223; success_count: 2; episode_count: 3; invalid_count: 0; positive_reward_count: 25; random_exploration_count: 18; best_tax_advantage: 46746000.0; random_action_prob: 0.1657; saved_snapshots: 0
0 -0.00040816326530612246 49
1 0.03226593640215813 52
2 -0.00037037037037037035 27
update: 83; loss: -0.020706513275702793; cumulative_reward: 1.5469541778975735; success_count: 0; episode_count: 0; invalid_count: 0; positive_reward_count: 25; random_exploration_count: 16; best_tax_advantage: 0.0; random_action_prob: 0.1649; saved_snapshots: 0
0 -0.000392156862745098 51
1 0.030133734190337966 52
2 0.0 25
update: 84; loss: -0.016769742593169212; cumulative_reward: 1.5988116457182753; success_count: 2; episode_count: 5; invalid_count: 0; positive_reward_count: 27; random_exploration_count: 18; best_tax_advantage: 56754000.0; random_action_prob: 0.1641; saved_snapshots: 0
0 -0.0004166666666666667 48
1 0.040293807603508744 46
2 -0.0069030442365625505 34
update: 85; loss: -0.0016999874884883563; cumulative_reward: 1.705692660841152; success_count: 2; episode_count: 7; invalid_count: 0; positive_reward_count: 27; random_exploration_count: 24; best_tax_advantage: 56754000.0; random_action_prob: 0.1633; saved_snapshots: 0
0 0.0 44
1 0.043141913779074156 49
2 -0.011664603266670893 35
update: 86; loss: -0.0043196721623341245; cumulative_reward: 1.9558625336927218; success_count: 0; episode_count: 0; invalid_count: 0; positive_reward_count: 25; random_exploration_count: 11; best_tax_advantage: 0.0; random_action_prob: 0.1625; saved_snapshots: 0
0 0.0 52
1 0.03911725067385445 50
2 0.0 26
update: 87; loss: -0.01023682268957297; cumulative_reward: 1.106710341052924; success_count: 1; episode_count: 4; invalid_count: 0; positive_reward_count: 20; random_exploration_count: 25; best_tax_advantage: 46746000.0; random_action_prob: 0.1616; saved_snapshots: 0
0 -0.0008333333333333334 48
1 0.027552017923417722 47
2 -0.00449195458629421 33
update: 88; loss: -0.01840062253177166; cumulative_reward: 1.7923991925779743; success_count: 2; episode_count: 2; invalid_count: 0; positive_reward_count: 26; random_exploration_count: 15; best_tax_advantage: 46746000.0; random_action_prob: 0.1608; saved_snapshots: 0
0 -0.0004 50
1 0.03438489042599952 53
2 -0.0004 25
update: 89; loss: -0.011024404938022295; cumulative_reward: 1.675052043222949; success_count: 0; episode_count: 1; invalid_count: 0; positive_reward_count: 25; random_exploration_count: 14; best_tax_advantage: 0.0; random_action_prob: 0.1600; saved_snapshots: 0
0 -0.0002 50
1 0.03410166431866651 52
2 -0.003393634667219573 26
update: 90; loss: 0.030604205404718716; cumulative_reward: 1.9429813006085328; success_count: 2; episode_count: 3; invalid_count: 0; positive_reward_count: 26; random_exploration_count: 15; best_tax_advantage: 56754000.0; random_action_prob: 0.1592; saved_snapshots: 0
0 0.0 48
1 0.036749378217386226 55
2 -0.0031293800539083563 25
update: 91; loss: 0.008082722934583822; cumulative_reward: 1.4876534372593377; success_count: 1; episode_count: 4; invalid_count: 0; positive_reward_count: 25; random_exploration_count: 21; best_tax_advantage: 46746000.0; random_action_prob: 0.1584; saved_snapshots: 0
0 0.0 46
1 0.029650232439673987 54
2 -0.0040521112315377635 28
update: 92; loss: 0.005296458179752032; cumulative_reward: 1.2105809032199064; success_count: 0; episode_count: 2; invalid_count: 0; positive_reward_count: 23; random_exploration_count: 24; best_tax_advantage: 0.0; random_action_prob: 0.1576; saved_snapshots: 0
0 -0.000625 48
1 0.02473759114070856 52
2 -0.0016347798606049563 28
update: 93; loss: -0.0014115143567323685; cumulative_reward: 1.804033018867924; success_count: 0; episode_count: 1; invalid_count: 0; positive_reward_count: 26; random_exploration_count: 14; best_tax_advantage: 0.0; random_action_prob: 0.1569; saved_snapshots: 0
0 0.0 50
1 0.03409785508019958 53
2 -0.00012613201530612244 25
update: 94; loss: -0.0020688649577399096; cumulative_reward: 1.387308803504664; success_count: 0; episode_count: 4; invalid_count: 0; positive_reward_count: 23; random_exploration_count: 20; best_tax_advantage: 0.0; random_action_prob: 0.1561; saved_snapshots: 0
0 -0.0002173913043478261 46
1 0.02700987827004315 55
2 -0.003267944494359589 27
update: 95; loss: 0.006861926677326362; cumulative_reward: 1.601568215729688; success_count: 0; episode_count: 2; invalid_count: 0; positive_reward_count: 24; random_exploration_count: 12; best_tax_advantage: 0.0; random_action_prob: 0.1553; saved_snapshots: 0
0 0.0 49
1 0.03295398303829315 52
2 -0.004149588972650202 27
update: 96; loss: -0.00034738735606273014; cumulative_reward: 1.1978127722492298; success_count: 0; episode_count: 4; invalid_count: 0; positive_reward_count: 24; random_exploration_count: 28; best_tax_advantage: 0.0; random_action_prob: 0.1545; saved_snapshots: 0
0 -0.0008695652173913044 46
1 0.02498720721243043 55
2 -0.00505494905312754 27
update: 97; loss: 0.004651164636015892; cumulative_reward: 1.7764083557951476; success_count: 0; episode_count: 1; invalid_count: 0; positive_reward_count: 24; random_exploration_count: 16; best_tax_advantage: 0.0; random_action_prob: 0.1537; saved_snapshots: 0
0 0.0 50
1 0.03483153638814016 51
2 0.0 27
update: 98; loss: -0.00587798918907841; cumulative_reward: 1.35822102425876; success_count: 0; episode_count: 4; invalid_count: 0; positive_reward_count: 20; random_exploration_count: 21; best_tax_advantage: 0.0; random_action_prob: 0.1530; saved_snapshots: 0
0 -0.0002127659574468085 47
1 0.031728367897024046 49
2 -0.005827156334231806 32
update: 99; loss: -0.0028653514261047044; cumulative_reward: 1.5178176276806357; success_count: 1; episode_count: 4; invalid_count: 0; positive_reward_count: 23; random_exploration_count: 16; best_tax_advantage: 56754000.0; random_action_prob: 0.1522; saved_snapshots: 0
0 0.0 48
1 0.028638068446804454 53
2 0.0 27
2026-07-10T17:25:44 completed dub_irish_dutch run=5 elapsed_seconds=529.48 updates_logged=100
2026-07-10T17:25:44 running dub_irish_dutch run=6 seed=1735
update: 0; loss: -0.01200874305019776; cumulative_reward: -0.1069965208374271; success_count: 2; episode_count: 14; invalid_count: 0; positive_reward_count: 10; random_exploration_count: 28; best_tax_advantage: 46746000.0; random_action_prob: 0.2500; saved_snapshots: 0
0 -0.003235294117647059 34
1 0.0070634482409533345 38
2 -0.004739420607029533 56
update: 1; loss: -0.024424125129977863; cumulative_reward: 0.11915617487406352; success_count: 2; episode_count: 13; invalid_count: 0; positive_reward_count: 10; random_exploration_count: 20; best_tax_advantage: 46746000.0; random_action_prob: 0.2487; saved_snapshots: 0
0 -0.0016216216216216215 37
1 0.009384400459283031 39
2 -0.003592989289191821 52
update: 2; loss: -0.02261405686537425; cumulative_reward: -0.14193013522551892; success_count: 3; episode_count: 16; invalid_count: 0; positive_reward_count: 10; random_exploration_count: 32; best_tax_advantage: 46746000.0; random_action_prob: 0.2475; saved_snapshots: 0
0 -0.004 35
1 0.00986805219102943 40
2 -0.007484004205032005 53
update: 3; loss: -0.024266525482137997; cumulative_reward: -0.13708411960621175; success_count: 1; episode_count: 15; invalid_count: 0; positive_reward_count: 8; random_exploration_count: 27; best_tax_advantage: 46746000.0; random_action_prob: 0.2463; saved_snapshots: 0
0 -0.002285714285714286 35
1 0.006125857050146518 37
2 -0.005066800543957731 56
update: 4; loss: -0.024860513707002003; cumulative_reward: -0.12600334174039737; success_count: 0; episode_count: 12; invalid_count: 0; positive_reward_count: 9; random_exploration_count: 32; best_tax_advantage: 0.0; random_action_prob: 0.2450; saved_snapshots: 0
0 -0.001842105263157895 38
1 0.004249990341104827 43
2 -0.005079849498040531 47
update: 5; loss: -0.014890049894650778; cumulative_reward: -0.028898410948855313; success_count: 0; episode_count: 12; invalid_count: 0; positive_reward_count: 9; random_exploration_count: 28; best_tax_advantage: 0.0; random_action_prob: 0.2438; saved_snapshots: 0
0 -0.0012121212121212121 33
1 0.003143837194633048 40
2 -0.00208457997698504 55
update: 6; loss: -0.021465007215738297; cumulative_reward: 0.15392659442471368; success_count: 4; episode_count: 16; invalid_count: 0; positive_reward_count: 16; random_exploration_count: 29; best_tax_advantage: 46746000.0; random_action_prob: 0.2426; saved_snapshots: 0
0 -0.003888888888888889 36
1 0.01458431992390898 40
2 -0.00556627312560857 52
update: 7; loss: -0.02584831913312276; cumulative_reward: -0.4668823615543331; success_count: 0; episode_count: 13; invalid_count: 0; positive_reward_count: 6; random_exploration_count: 36; best_tax_advantage: 0.0; random_action_prob: 0.2414; saved_snapshots: 0
0 -0.00411764705882353 34
1 -0.0011429141615157364 30
2 -0.00457179588607595 64
update: 8; loss: -0.02522650919854641; cumulative_reward: -0.2376943501430544; success_count: 1; episode_count: 13; invalid_count: 0; positive_reward_count: 8; random_exploration_count: 37; best_tax_advantage: 46746000.0; random_action_prob: 0.2402; saved_snapshots: 0
0 -0.002631578947368421 38
1 0.003099631420356192 32
2 -0.004084181993007802 58
update: 9; loss: -0.022015127042929333; cumulative_reward: -0.06077459393567553; success_count: 1; episode_count: 12; invalid_count: 0; positive_reward_count: 9; random_exploration_count: 37; best_tax_advantage: 46746000.0; random_action_prob: 0.2390; saved_snapshots: 0
0 -0.002 35
1 0.0037985159821358376 46
2 -0.0035214112577430646 47
update: 10; loss: -0.02097383638223012; cumulative_reward: 0.09693576837380521; success_count: 2; episode_count: 16; invalid_count: 0; positive_reward_count: 10; random_exploration_count: 35; best_tax_advantage: 46746000.0; random_action_prob: 0.2378; saved_snapshots: 0
0 -0.00125 32
1 0.011484246085528433 37
2 -0.004881039606622829 59
update: 11; loss: -0.028392453367511433; cumulative_reward: -0.019137921651293473; success_count: 1; episode_count: 14; invalid_count: 0; positive_reward_count: 6; random_exploration_count: 28; best_tax_advantage: 46746000.0; random_action_prob: 0.2366; saved_snapshots: 0
0 -0.0022222222222222222 36
1 0.008104300209569908 36
2 -0.004123084449925181 56
update: 12; loss: -0.021215644975503285; cumulative_reward: -0.08769435014305435; success_count: 1; episode_count: 14; invalid_count: 0; positive_reward_count: 5; random_exploration_count: 25; best_tax_advantage: 46746000.0; random_action_prob: 0.2354; saved_snapshots: 0
0 -0.0015151515151515152 33
1 0.001531033891654202 40
2 -0.0017988310147131349 55
update: 13; loss: -0.021156538277864456; cumulative_reward: -0.04597852702028382; success_count: 0; episode_count: 12; invalid_count: 0; positive_reward_count: 8; random_exploration_count: 25; best_tax_advantage: 0.0; random_action_prob: 0.2342; saved_snapshots: 0
0 -0.0016666666666666666 36
1 0.004635920509822366 43
2 -0.003782104264135625 49
update: 14; loss: -0.019253397981325786; cumulative_reward: -0.051441061659244745; success_count: 2; episode_count: 14; invalid_count: 0; positive_reward_count: 15; random_exploration_count: 22; best_tax_advantage: 46746000.0; random_action_prob: 0.2331; saved_snapshots: 0
0 -0.0036111111111111114 36
1 0.007834050025583445 41
2 -0.004757590445258157 51
update: 15; loss: -0.014622285962104797; cumulative_reward: -0.062422646012864555; success_count: 2; episode_count: 12; invalid_count: 0; positive_reward_count: 10; random_exploration_count: 33; best_tax_advantage: 46746000.0; random_action_prob: 0.2319; saved_snapshots: 0
0 -0.003142857142857143 35
1 0.0043386395181195915 44
2 -0.0029249547920433996 49
update: 16; loss: -0.034684366236130394; cumulative_reward: -0.19358511890545582; success_count: 0; episode_count: 14; invalid_count: 0; positive_reward_count: 10; random_exploration_count: 20; best_tax_advantage: 0.0; random_action_prob: 0.2307; saved_snapshots: 0
0 -0.002058823529411765 34
1 0.004051168054993672 42
2 -0.00564873417721519 52
update: 17; loss: -0.024044355377554893; cumulative_reward: -0.28474210725501287; success_count: 1; episode_count: 11; invalid_count: 0; positive_reward_count: 11; random_exploration_count: 16; best_tax_advantage: 40500000.0; random_action_prob: 0.2296; saved_snapshots: 0
0 -0.004210526315789474 38
1 0.0036169075145638914 42
2 -0.0057635879763895045 48
update: 18; loss: -0.03621278330683708; cumulative_reward: 0.23517963588930604; success_count: 2; episode_count: 10; invalid_count: 0; positive_reward_count: 8; random_exploration_count: 28; best_tax_advantage: 56754000.0; random_action_prob: 0.2284; saved_snapshots: 0
0 -0.0014634146341463415 41
1 0.007003991908651245 45
2 -0.0004761904761904762 42
update: 19; loss: -0.026552192245920498; cumulative_reward: 0.16603085398194878; success_count: 2; episode_count: 11; invalid_count: 0; positive_reward_count: 10; random_exploration_count: 25; best_tax_advantage: 56754000.0; random_action_prob: 0.2273; saved_snapshots: 0
0 -0.001842105263157895 38
1 0.010199759672339652 48
2 -0.006037085959294155 42
update: 20; loss: -0.03284286707639694; cumulative_reward: 0.6696784987729267; success_count: 6; episode_count: 16; invalid_count: 0; positive_reward_count: 13; random_exploration_count: 39; best_tax_advantage: 46746000.0; random_action_prob: 0.2262; saved_snapshots: 0
0 -0.00125 40
1 0.019946209065857826 40
2 -0.0016285388304455445 48
update: 21; loss: -0.025721309706568718; cumulative_reward: 0.043456077263591214; success_count: 2; episode_count: 14; invalid_count: 0; positive_reward_count: 9; random_exploration_count: 31; best_tax_advantage: 46746000.0; random_action_prob: 0.2250; saved_snapshots: 0
0 -0.002285714285714286 35
1 0.005621769169326012 42
2 -0.0022089848597666916 51
update: 22; loss: -0.008754674966136614; cumulative_reward: 0.17891285120134529; success_count: 2; episode_count: 12; invalid_count: 0; positive_reward_count: 13; random_exploration_count: 33; best_tax_advantage: 46746000.0; random_action_prob: 0.2239; saved_snapshots: 0
0 -0.00225 40
1 0.011681155745334399 39
2 -0.003809229038095842 49
update: 23; loss: -0.01937348333497842; cumulative_reward: 0.02117574815893339; success_count: 0; episode_count: 11; invalid_count: 0; positive_reward_count: 5; random_exploration_count: 27; best_tax_advantage: 0.0; random_action_prob: 0.2228; saved_snapshots: 0
0 -0.0005263157894736842 38
1 0.0033089665318524713 34
2 -0.0012737341772151901 56
update: 24; loss: -0.013797103116909662; cumulative_reward: 0.1266628628870536; success_count: 2; episode_count: 10; invalid_count: 0; positive_reward_count: 11; random_exploration_count: 22; best_tax_advantage: 46746000.0; random_action_prob: 0.2217; saved_snapshots: 0
0 -0.0023076923076923075 39
1 0.0057638096434802855 48
2 -0.0014634146341463415 41
update: 25; loss: -0.029624782502651215; cumulative_reward: -0.28156883204604394; success_count: 0; episode_count: 11; invalid_count: 0; positive_reward_count: 10; random_exploration_count: 35; best_tax_advantage: 0.0; random_action_prob: 0.2206; saved_snapshots: 0
0 -0.003157894736842105 38
1 4.428442987419979e-05 41
2 -0.003334377421854818 49
update: 26; loss: -0.03974549720684687; cumulative_reward: 0.46837390177298643; success_count: 2; episode_count: 11; invalid_count: 0; positive_reward_count: 12; random_exploration_count: 32; best_tax_advantage: 46746000.0; random_action_prob: 0.2195; saved_snapshots: 0
0 -0.0002631578947368421 38
1 0.012698902300720316 47
2 -0.0027552210781597313 43
update: 27; loss: -0.026882500077287357; cumulative_reward: 0.08214360374389877; success_count: 1; episode_count: 9; invalid_count: 0; positive_reward_count: 10; random_exploration_count: 25; best_tax_advantage: 46746000.0; random_action_prob: 0.2184; saved_snapshots: 0
0 -0.0011904761904761906 42
1 0.00447691663379118 47
2 -0.0020069609754945314 39
update: 28; loss: -0.029775858546296757; cumulative_reward: 0.3232942801359467; success_count: 3; episode_count: 9; invalid_count: 0; positive_reward_count: 15; random_exploration_count: 24; best_tax_advantage: 46746000.0; random_action_prob: 0.2173; saved_snapshots: 0
0 -0.001 40
1 0.009626775543978247 49
2 -0.002779941577409932 39
update: 29; loss: 0.016587923591335613; cumulative_reward: 0.6699259308529444; success_count: 4; episode_count: 10; invalid_count: 0; positive_reward_count: 17; random_exploration_count: 26; best_tax_advantage: 56754000.0; random_action_prob: 0.2162; saved_snapshots: 0
0 -0.0014285714285714286 42
1 0.01573737793022946 52
2 -0.0026005212211466866 34
update: 30; loss: -0.019799108306566875; cumulative_reward: 0.15378413120756423; success_count: 0; episode_count: 9; invalid_count: 0; positive_reward_count: 10; random_exploration_count: 24; best_tax_advantage: 0.0; random_action_prob: 0.2151; saved_snapshots: 0
0 -0.0002702702702702703 37
1 0.005500423467165299 44
2 -0.0016645638584618916 47
update: 31; loss: -0.023845382655660313; cumulative_reward: 0.5063682762451536; success_count: 5; episode_count: 16; invalid_count: 0; positive_reward_count: 19; random_exploration_count: 33; best_tax_advantage: 46746000.0; random_action_prob: 0.2140; saved_snapshots: 0
0 -0.002 35
1 0.018726917839800815 46
2 -0.006065317965652843 47
update: 32; loss: -0.020701725035905838; cumulative_reward: 0.8757665265613246; success_count: 7; episode_count: 9; invalid_count: 0; positive_reward_count: 22; random_exploration_count: 27; best_tax_advantage: 46746000.0; random_action_prob: 0.2130; saved_snapshots: 0
0 -0.0016279069767441861 43
1 0.016951594008089592 60
2 -0.0028531645569620256 25
update: 33; loss: -0.03747357800602913; cumulative_reward: 0.56554588736674; success_count: 4; episode_count: 12; invalid_count: 0; positive_reward_count: 16; random_exploration_count: 35; best_tax_advantage: 46746000.0; random_action_prob: 0.2119; saved_snapshots: 0
0 -0.00125 40
1 0.014731298264691356 51
2 -0.003668927679257271 37
update: 34; loss: -0.009556503035128117; cumulative_reward: 0.9735412911366161; success_count: 6; episode_count: 9; invalid_count: 0; positive_reward_count: 24; random_exploration_count: 29; best_tax_advantage: 46746000.0; random_action_prob: 0.2108; saved_snapshots: 0
0 -0.0007142857142857143 42
1 0.01672568818561027 60
2 0.0 26
update: 35; loss: 0.0031840230027834573; cumulative_reward: 1.1841377183078923; success_count: 8; episode_count: 13; invalid_count: 0; positive_reward_count: 24; random_exploration_count: 24; best_tax_advantage: 46746000.0; random_action_prob: 0.2098; saved_snapshots: 0
0 -0.0006976744186046512 43
1 0.022669217005701705 54
2 -0.0003225806451612903 31
update: 36; loss: -0.028148562957843144; cumulative_reward: 0.4544942959416719; success_count: 3; episode_count: 10; invalid_count: 0; positive_reward_count: 15; random_exploration_count: 25; best_tax_advantage: 46746000.0; random_action_prob: 0.2087; saved_snapshots: 0
0 -0.0009090909090909091 44
1 0.013057113477733494 44
2 -0.002000467426965042 40
update: 37; loss: -0.030490436901648838; cumulative_reward: 1.0670170503328105; success_count: 6; episode_count: 10; invalid_count: 0; positive_reward_count: 22; random_exploration_count: 31; best_tax_advantage: 56754000.0; random_action_prob: 0.2077; saved_snapshots: 0
0 -0.0011904761904761906 42
1 0.02300034796597572 49
2 -0.0002702702702702703 37
update: 38; loss: -0.0030121117209394774; cumulative_reward: 0.894550712129038; success_count: 5; episode_count: 12; invalid_count: 0; positive_reward_count: 19; random_exploration_count: 39; best_tax_advantage: 56754000.0; random_action_prob: 0.2066; saved_snapshots: 0
0 -0.0004761904761904762 42
1 0.025710105546360912 41
2 -0.0031014136727057673 45
update: 39; loss: 0.0033413401494423547; cumulative_reward: 1.28103153304724; success_count: 9; episode_count: 11; invalid_count: 0; positive_reward_count: 29; random_exploration_count: 28; best_tax_advantage: 46746000.0; random_action_prob: 0.2056; saved_snapshots: 0
0 -0.0006382978723404255 47
1 0.024961291144865755 54
2 -0.001365858843537415 27
update: 40; loss: -0.013611945323646069; cumulative_reward: 1.5471850479192237; success_count: 10; episode_count: 12; invalid_count: 0; positive_reward_count: 34; random_exploration_count: 27; best_tax_advantage: 46746000.0; random_action_prob: 0.2046; saved_snapshots: 0
0 -0.00045454545454545455 44
1 0.02937650466872276 58
2 -0.005255854725642163 26
update: 41; loss: -0.010496705460051695; cumulative_reward: 1.2214466032991145; success_count: 7; episode_count: 11; invalid_count: 0; positive_reward_count: 25; random_exploration_count: 20; best_tax_advantage: 46746000.0; random_action_prob: 0.2036; saved_snapshots: 0
0 -0.0006818181818181818 44
1 0.02311721096907481 55
2 -0.0006896551724137932 29
update: 42; loss: -0.01637694550057252; cumulative_reward: 1.006114452305706; success_count: 7; episode_count: 14; invalid_count: 0; positive_reward_count: 27; random_exploration_count: 28; best_tax_advantage: 46746000.0; random_action_prob: 0.2025; saved_snapshots: 0
0 0.0 41
1 0.026023647555507977 52
2 -0.0099175777308774 35
update: 43; loss: -0.032943036407232285; cumulative_reward: 1.280226530674703; success_count: 7; episode_count: 9; invalid_count: 0; positive_reward_count: 26; random_exploration_count: 21; best_tax_advantage: 46746000.0; random_action_prob: 0.2015; saved_snapshots: 0
0 -0.0004347826086956522 46
1 0.024078269086568585 54
2 0.0 28
update: 44; loss: -0.023880016058683395; cumulative_reward: 0.7186113656557038; success_count: 4; episode_count: 11; invalid_count: 0; positive_reward_count: 24; random_exploration_count: 26; best_tax_advantage: 46746000.0; random_action_prob: 0.2005; saved_snapshots: 0
0 -0.0009523809523809524 42
1 0.026437273266425098 44
2 -0.009634015668261914 42
update: 45; loss: -0.015580701020856699; cumulative_reward: 1.6243574440983668; success_count: 10; episode_count: 11; invalid_count: 0; positive_reward_count: 32; random_exploration_count: 19; best_tax_advantage: 46746000.0; random_action_prob: 0.1995; saved_snapshots: 0
0 -0.00022222222222222223 45
1 0.02817857662238565 58
2 0.0 25
update: 46; loss: 0.07831416775782903; cumulative_reward: 1.4108112575808627; success_count: 7; episode_count: 11; invalid_count: 0; positive_reward_count: 26; random_exploration_count: 24; best_tax_advantage: 46746000.0; random_action_prob: 0.1985; saved_snapshots: 0
0 -0.0006818181818181818 44
1 0.03210353451522118 51
2 -0.005953606142285388 33
update: 47; loss: -0.019930752615133922; cumulative_reward: 1.3279942044408644; success_count: 7; episode_count: 10; invalid_count: 0; positive_reward_count: 28; random_exploration_count: 28; best_tax_advantage: 46746000.0; random_action_prob: 0.1975; saved_snapshots: 0
0 -0.0009090909090909091 44
1 0.025518479206174532 55
2 -0.0012249017896115233 29
update: 48; loss: -0.027425709490974743; cumulative_reward: 1.3252347803097584; success_count: 6; episode_count: 8; invalid_count: 0; positive_reward_count: 26; random_exploration_count: 19; best_tax_advantage: 46746000.0; random_action_prob: 0.1965; saved_snapshots: 0
0 -0.0006382978723404255 47
1 0.03126162269275842 48
2 -0.0044037305740195634 33
update: 49; loss: -0.02243802137672901; cumulative_reward: 1.0579888987662365; success_count: 7; episode_count: 11; invalid_count: 0; positive_reward_count: 24; random_exploration_count: 23; best_tax_advantage: 46746000.0; random_action_prob: 0.1956; saved_snapshots: 0
0 -0.0007317073170731707 41
1 0.0212278774785127 53
2 -0.0010908413998510797 34
update: 50; loss: -0.004489397009213765; cumulative_reward: 1.6325246227618402; success_count: 9; episode_count: 12; invalid_count: 0; positive_reward_count: 32; random_exploration_count: 23; best_tax_advantage: 46746000.0; random_action_prob: 0.1946; saved_snapshots: 0
0 -0.0013043478260869564 46
1 0.032903644557093846 55
2 -0.004339845476974857 27
update: 51; loss: -0.02159363590180874; cumulative_reward: 1.1240639634119247; success_count: 4; episode_count: 7; invalid_count: 0; positive_reward_count: 27; random_exploration_count: 23; best_tax_advantage: 46746000.0; random_action_prob: 0.1936; saved_snapshots: 0
0 -0.0008888888888888889 45
1 0.025014349520091343 54
2 -0.006438307264586468 29
update: 52; loss: -0.013811294920742512; cumulative_reward: 1.3178721474666597; success_count: 5; episode_count: 10; invalid_count: 0; positive_reward_count: 25; random_exploration_count: 18; best_tax_advantage: 46746000.0; random_action_prob: 0.1926; saved_snapshots: 0
0 -0.00022222222222222223 45
1 0.030086823003241555 50
2 -0.005347545536224782 33
update: 53; loss: -0.02466189240415891; cumulative_reward: 1.1089580810422537; success_count: 4; episode_count: 8; invalid_count: 0; positive_reward_count: 25; random_exploration_count: 27; best_tax_advantage: 46746000.0; random_action_prob: 0.1917; saved_snapshots: 0
0 -0.0006818181818181818 44
1 0.02827323170170762 50
2 -0.008079514824797844 34
update: 54; loss: -0.005407565583785375; cumulative_reward: 0.9167220402573201; success_count: 3; episode_count: 10; invalid_count: 0; positive_reward_count: 21; random_exploration_count: 30; best_tax_advantage: 46746000.0; random_action_prob: 0.1907; saved_snapshots: 0
0 -0.0005 40
1 0.020418445552327275 56
2 -0.006459715958531486 32
update: 55; loss: -0.015188800791899363; cumulative_reward: 1.351604587324316; success_count: 4; episode_count: 6; invalid_count: 0; positive_reward_count: 24; random_exploration_count: 22; best_tax_advantage: 46746000.0; random_action_prob: 0.1898; saved_snapshots: 0
0 -0.0004347826086956522 46
1 0.025955640506005864 54
2 -0.0010714285714285715 28
update: 56; loss: -0.0196305342639486; cumulative_reward: 0.9172811717064938; success_count: 2; episode_count: 7; invalid_count: 0; positive_reward_count: 25; random_exploration_count: 20; best_tax_advantage: 46746000.0; random_action_prob: 0.1888; saved_snapshots: 0
0 -0.0006818181818181818 44
1 0.023559775888908882 51
2 -0.007705072685692708 33
update: 57; loss: -0.012071447757383188; cumulative_reward: 1.4276906738035657; success_count: 4; episode_count: 5; invalid_count: 0; positive_reward_count: 24; random_exploration_count: 19; best_tax_advantage: 56754000.0; random_action_prob: 0.1879; saved_snapshots: 0
0 -0.0004347826086956522 46
1 0.02557352059304502 57
2 -0.0004 25
update: 58; loss: -0.01353597299506267; cumulative_reward: 1.0125190424046977; success_count: 1; episode_count: 4; invalid_count: 0; positive_reward_count: 24; random_exploration_count: 27; best_tax_advantage: 46746000.0; random_action_prob: 0.1869; saved_snapshots: 0
0 -0.0002173913043478261 46
1 0.023506910073125012 53
2 -0.007701627292100966 29
update: 59; loss: -0.00958603248000145; cumulative_reward: 0.9677979549720837; success_count: 1; episode_count: 6; invalid_count: 0; positive_reward_count: 24; random_exploration_count: 28; best_tax_advantage: 46746000.0; random_action_prob: 0.1860; saved_snapshots: 0
0 0.0 44
1 0.025161004850053226 51
2 -0.009557978556988835 33
update: 60; loss: -0.020605557908614475; cumulative_reward: 1.436276410383908; success_count: 2; episode_count: 3; invalid_count: 0; positive_reward_count: 27; random_exploration_count: 13; best_tax_advantage: 46746000.0; random_action_prob: 0.1851; saved_snapshots: 0
0 0.0 48
1 0.027536562031483948 55
2 -0.0031293800539083563 25
update: 61; loss: -0.027552212898929913; cumulative_reward: 0.942779176643451; success_count: 2; episode_count: 8; invalid_count: 0; positive_reward_count: 20; random_exploration_count: 31; best_tax_advantage: 46746000.0; random_action_prob: 0.1841; saved_snapshots: 0
0 -0.0009090909090909091 44
1 0.023784963586777376 50
2 -0.006072617726335818 34
update: 62; loss: -0.008629955351352692; cumulative_reward: 1.1074241273619905; success_count: 1; episode_count: 3; invalid_count: 0; positive_reward_count: 22; random_exploration_count: 28; best_tax_advantage: 46746000.0; random_action_prob: 0.1832; saved_snapshots: 0
0 -0.0008333333333333334 48
1 0.023067752383512954 54
2 -0.0037782500518349573 26
update: 63; loss: -0.019605356579025585; cumulative_reward: 1.182906004825279; success_count: 1; episode_count: 6; invalid_count: 0; positive_reward_count: 23; random_exploration_count: 28; best_tax_advantage: 46746000.0; random_action_prob: 0.1823; saved_snapshots: 0
0 -0.00045454545454545455 44
1 0.029047211622182798 47
2 -0.0043868362545219485 37
update: 64; loss: -0.01636940985918045; cumulative_reward: 1.1809681032200616; success_count: 1; episode_count: 4; invalid_count: 0; positive_reward_count: 25; random_exploration_count: 25; best_tax_advantage: 46746000.0; random_action_prob: 0.1814; saved_snapshots: 0
0 -0.0004347826086956522 46
1 0.024850961679876354 54
2 -0.005035136696187909 28
update: 65; loss: 0.05320848152041435; cumulative_reward: 1.5833444597154231; success_count: 2; episode_count: 2; invalid_count: 0; positive_reward_count: 29; random_exploration_count: 22; best_tax_advantage: 46746000.0; random_action_prob: 0.1805; saved_snapshots: 0
0 -0.0004 50
1 0.0304404615040646 53
2 -0.0004 25
update: 66; loss: -0.009725600170592466; cumulative_reward: 1.214626010781671; success_count: 0; episode_count: 4; invalid_count: 0; positive_reward_count: 21; random_exploration_count: 16; best_tax_advantage: 0.0; random_action_prob: 0.1796; saved_snapshots: 0
0 -0.0004347826086956522 46
1 0.02842190026954178 50
2 -0.005827156334231806 32
update: 67; loss: -0.01847752556204796; cumulative_reward: 1.4169481538193105; success_count: 1; episode_count: 4; invalid_count: 0; positive_reward_count: 25; random_exploration_count: 19; best_tax_advantage: 23373000.0; random_action_prob: 0.1787; saved_snapshots: 0
0 0.0 48
1 0.030844627233294966 47
2 -0.0009924038225925017 33
update: 68; loss: -0.021865113948782284; cumulative_reward: 1.4301761362268959; success_count: 0; episode_count: 1; invalid_count: 0; positive_reward_count: 24; random_exploration_count: 20; best_tax_advantage: 0.0; random_action_prob: 0.1778; saved_snapshots: 0
0 0.0 50
1 0.029007896876434718 52
2 -0.0030090192826041887 26
update: 69; loss: -0.011468251856664816; cumulative_reward: 1.0712886119544454; success_count: 1; episode_count: 6; invalid_count: 0; positive_reward_count: 25; random_exploration_count: 29; best_tax_advantage: 46746000.0; random_action_prob: 0.1769; saved_snapshots: 0
0 -0.00022727272727272727 44
1 0.028556469340053566 52
2 -0.012613993554010638 32
update: 70; loss: 0.19247602423032126; cumulative_reward: 1.0511829425847798; success_count: 2; episode_count: 7; invalid_count: 0; positive_reward_count: 24; random_exploration_count: 27; best_tax_advantage: 46746000.0; random_action_prob: 0.1760; saved_snapshots: 0
0 -0.001590909090909091 44
1 0.02350620698842527 55
2 -0.005919256613055523 29
update: 71; loss: -0.017851104959845543; cumulative_reward: 1.1767532474369466; success_count: 1; episode_count: 4; invalid_count: 0; positive_reward_count: 26; random_exploration_count: 25; best_tax_advantage: 23373000.0; random_action_prob: 0.1751; saved_snapshots: 0
0 -0.0006382978723404255 47
1 0.02660395135199313 52
2 -0.00609145596092056 29
update: 72; loss: -0.02703717350959778; cumulative_reward: 1.4347119981487002; success_count: 5; episode_count: 9; invalid_count: 0; positive_reward_count: 29; random_exploration_count: 33; best_tax_advantage: 56754000.0; random_action_prob: 0.1743; saved_snapshots: 0
0 -0.0011363636363636365 44
1 0.03615395545007526 48
2 -0.006963273984858653 36
update: 73; loss: -0.023107596362630527; cumulative_reward: 1.5838323666730838; success_count: 0; episode_count: 1; invalid_count: 0; positive_reward_count: 26; random_exploration_count: 12; best_tax_advantage: 0.0; random_action_prob: 0.1734; saved_snapshots: 0
0 -0.0004 50
1 0.03317778172589791 51
2 -0.003267944494359589 27
update: 74; loss: -0.000248905581732591; cumulative_reward: 1.1235325728429955; success_count: 1; episode_count: 6; invalid_count: 0; positive_reward_count: 22; random_exploration_count: 22; best_tax_advantage: 46746000.0; random_action_prob: 0.1725; saved_snapshots: 0
0 -0.0008695652173913044 46
1 0.02703933098794808 51
2 -0.006950751856205051 31
update: 75; loss: -0.023151911795139313; cumulative_reward: 1.46586617371005; success_count: 2; episode_count: 5; invalid_count: 0; positive_reward_count: 24; random_exploration_count: 21; best_tax_advantage: 46746000.0; random_action_prob: 0.1717; saved_snapshots: 0
0 0.0 48
1 0.032168764063703316 48
2 -0.002444828167115903 32
update: 76; loss: -0.025078842416405678; cumulative_reward: 1.188287542824181; success_count: 2; episode_count: 6; invalid_count: 0; positive_reward_count: 22; random_exploration_count: 28; best_tax_advantage: 46746000.0; random_action_prob: 0.1708; saved_snapshots: 0
0 -0.0008695652173913044 46
1 0.02809228661575286 49
2 -0.00449195458629421 33
update: 77; loss: -0.014858637315531572; cumulative_reward: 1.6306791151273619; success_count: 2; episode_count: 3; invalid_count: 0; positive_reward_count: 27; random_exploration_count: 17; best_tax_advantage: 46746000.0; random_action_prob: 0.1699; saved_snapshots: 0
0 0.0 50
1 0.03195627670623656 52
2 -0.0011941259075745683 26
update: 78; loss: 0.0059647805367906885; cumulative_reward: 1.1827964959568738; success_count: 0; episode_count: 3; invalid_count: 0; positive_reward_count: 21; random_exploration_count: 18; best_tax_advantage: 0.0; random_action_prob: 0.1691; saved_snapshots: 0
0 0.0 48
1 0.024282512197618483 50
2 -0.0010443037974683545 30
update: 79; loss: -0.01735416737695535; cumulative_reward: 1.0605549104648946; success_count: 2; episode_count: 6; invalid_count: 0; positive_reward_count: 22; random_exploration_count: 26; best_tax_advantage: 46746000.0; random_action_prob: 0.1683; saved_snapshots: 0
0 -0.0006521739130434782 46
1 0.025039684571770825 51
2 -0.0060151291192070255 31
update: 80; loss: -0.008979666667679945; cumulative_reward: 1.2371107850830803; success_count: 0; episode_count: 4; invalid_count: 0; positive_reward_count: 24; random_exploration_count: 24; best_tax_advantage: 0.0; random_action_prob: 0.1674; saved_snapshots: 0
0 0.0 47
1 0.024704087753929196 54
2 -0.0035892575418183755 27
update: 81; loss: -0.013995087084670862; cumulative_reward: 0.9474421717479482; success_count: 3; episode_count: 9; invalid_count: 0; positive_reward_count: 27; random_exploration_count: 31; best_tax_advantage: 46746000.0; random_action_prob: 0.1666; saved_snapshots: 0
0 -0.0019047619047619048 42
1 0.026958725528169164 51
2 -0.009927223719676552 35
update: 82; loss: -0.017099450652798016; cumulative_reward: 1.386008338856948; success_count: 2; episode_count: 5; invalid_count: 0; positive_reward_count: 24; random_exploration_count: 24; best_tax_advantage: 38921400.0; random_action_prob: 0.1657; saved_snapshots: 0
0 -0.0002173913043478261 46
1 0.028622493704720937 53
2 -0.0041718561204572915 29
update: 83; loss: 0.18762677907943726; cumulative_reward: 1.2825748844312832; success_count: 0; episode_count: 3; invalid_count: 0; positive_reward_count: 24; random_exploration_count: 22; best_tax_advantage: 0.0; random_action_prob: 0.1649; saved_snapshots: 0
0 -0.0008333333333333334 48
1 0.030203392177465718 51
2 -0.007510279883429946 29
update: 84; loss: -0.021282862251003582; cumulative_reward: 1.4276534372593372; success_count: 1; episode_count: 5; invalid_count: 0; positive_reward_count: 21; random_exploration_count: 21; best_tax_advantage: 46746000.0; random_action_prob: 0.1641; saved_snapshots: 0
0 -0.0002173913043478261 46
1 0.03006854546712553 50
2 -0.002055432378029337 32
update: 85; loss: -0.03092106121281783; cumulative_reward: 1.0122978436657686; success_count: 0; episode_count: 7; invalid_count: 0; positive_reward_count: 21; random_exploration_count: 23; best_tax_advantage: 0.0; random_action_prob: 0.1633; saved_snapshots: 0
0 -0.0002380952380952381 42
1 0.028469407008086253 50
2 -0.011143680742737347 36
update: 86; loss: -0.009576149905721346; cumulative_reward: 1.2538326433376907; success_count: 1; episode_count: 4; invalid_count: 0; positive_reward_count: 25; random_exploration_count: 22; best_tax_advantage: 46746000.0; random_action_prob: 0.1625; saved_snapshots: 0
0 -0.0004347826086956522 46
1 0.027871317637898473 53
2 -0.0070119721196871725 29
update: 87; loss: -0.015519801527261734; cumulative_reward: 1.7350520432229486; success_count: 0; episode_count: 3; invalid_count: 0; positive_reward_count: 29; random_exploration_count: 21; best_tax_advantage: 0.0; random_action_prob: 0.1616; saved_snapshots: 0
0 0.0 48
1 0.0371568342077397 50
2 -0.004092988905467848 30
update: 88; loss: 0.03128554423650106; cumulative_reward: 1.409459051309203; success_count: 0; episode_count: 2; invalid_count: 0; positive_reward_count: 26; random_exploration_count: 23; best_tax_advantage: 0.0; random_action_prob: 0.1608; saved_snapshots: 0
0 -0.00020408163265306123 49
1 0.028623318431146044 51
2 -0.0014403638814016171 28
update: 89; loss: -0.011111724190413952; cumulative_reward: 1.4608849910464854; success_count: 0; episode_count: 2; invalid_count: 0; positive_reward_count: 25; random_exploration_count: 16; best_tax_advantage: 0.0; random_action_prob: 0.1600; saved_snapshots: 0
0 -0.00020833333333333335 48
1 0.028781900521988937 52
2 -0.000920494146319242 28
update: 90; loss: 0.0014910334721207619; cumulative_reward: 0.9858722909415494; success_count: 1; episode_count: 6; invalid_count: 0; positive_reward_count: 25; random_exploration_count: 20; best_tax_advantage: 46746000.0; random_action_prob: 0.1592; saved_snapshots: 0
0 -0.0009090909090909091 44
1 0.02432679458671954 52
2 -0.0074725321114958365 32
update: 91; loss: 0.00016477610915899277; cumulative_reward: 1.4201230433621679; success_count: 3; episode_count: 8; invalid_count: 0; positive_reward_count: 25; random_exploration_count: 25; best_tax_advantage: 46746000.0; random_action_prob: 0.1584; saved_snapshots: 0
0 -0.0006666666666666666 45
1 0.03222903242455927 51
2 -0.006048675321573578 32
update: 92; loss: 0.020683846126000088; cumulative_reward: 1.3139077857263188; success_count: 0; episode_count: 3; invalid_count: 0; positive_reward_count: 24; random_exploration_count: 20; best_tax_advantage: 0.0; random_action_prob: 0.1576; saved_snapshots: 0
0 -0.0008333333333333334 48
1 0.031235918542714593 49
2 -0.005698458802151492 31
update: 93; loss: -0.03327650080124537; cumulative_reward: 1.2147970314304968; success_count: 1; episode_count: 5; invalid_count: 0; positive_reward_count: 22; random_exploration_count: 20; best_tax_advantage: 46746000.0; random_action_prob: 0.1569; saved_snapshots: 0
0 -0.00022222222222222223 45
1 0.029340721702517735 48
2 -0.005244503151152986 35
update: 94; loss: 0.01791922313471635; cumulative_reward: 1.316679387814506; success_count: 1; episode_count: 6; invalid_count: 0; positive_reward_count: 23; random_exploration_count: 22; best_tax_advantage: 46746000.0; random_action_prob: 0.1561; saved_snapshots: 0
0 -0.00022222222222222223 45
1 0.027620057751658954 52
2 -0.003534310170056759 31
update: 95; loss: -0.021438423544168472; cumulative_reward: 1.5293023161766495; success_count: 0; episode_count: 2; invalid_count: 0; positive_reward_count: 25; random_exploration_count: 22; best_tax_advantage: 0.0; random_action_prob: 0.1553; saved_snapshots: 0
0 -0.00040816326530612246 49
1 0.031346386625272206 52
2 -0.0029892514199075858 27
update: 96; loss: -0.022933943818012874; cumulative_reward: 1.404912452767204; success_count: 1; episode_count: 3; invalid_count: 0; positive_reward_count: 25; random_exploration_count: 26; best_tax_advantage: 46746000.0; random_action_prob: 0.1545; saved_snapshots: 0
0 -0.000625 48
1 0.02848131777299568 52
2 -0.0016470025510204082 28
update: 97; loss: 0.02163470908999443; cumulative_reward: 0.9094115665805971; success_count: 0; episode_count: 7; invalid_count: 0; positive_reward_count: 22; random_exploration_count: 33; best_tax_advantage: 0.0; random_action_prob: 0.1537; saved_snapshots: 0
0 -0.0009302325581395349 43
1 0.025565845716271945 50
2 -0.009396591978085718 35
update: 98; loss: -0.010303714002172152; cumulative_reward: 1.6754515538788057; success_count: 1; episode_count: 2; invalid_count: 0; positive_reward_count: 24; random_exploration_count: 15; best_tax_advantage: 46746000.0; random_action_prob: 0.1530; saved_snapshots: 0
0 0.0 50
1 0.03285199125252561 51
2 0.0 27
update: 99; loss: -0.00484020138780276; cumulative_reward: 1.9266315272347398; success_count: 1; episode_count: 2; invalid_count: 0; positive_reward_count: 25; random_exploration_count: 20; best_tax_advantage: 56754000.0; random_action_prob: 0.1522; saved_snapshots: 0
0 0.0 49
1 0.035678361615458155 54
2 0.0 25
2026-07-10T17:34:35 completed dub_irish_dutch run=6 elapsed_seconds=530.78 updates_logged=100
2026-07-10T17:34:35 running dub_irish_dutch run=7 seed=1736
update: 0; loss: -0.020857221136490505; cumulative_reward: -0.1605466895480667; success_count: 1; episode_count: 12; invalid_count: 0; positive_reward_count: 6; random_exploration_count: 26; best_tax_advantage: 46746000.0; random_action_prob: 0.2500; saved_snapshots: 0
0 -0.0028947368421052633 38
1 0.00493199446469536 34
2 -0.0038970446669233734 56
update: 1; loss: -0.020723321785529453; cumulative_reward: -0.12961978225070891; success_count: 1; episode_count: 11; invalid_count: 0; positive_reward_count: 10; random_exploration_count: 42; best_tax_advantage: 46746000.0; random_action_prob: 0.2487; saved_snapshots: 0
0 -0.003333333333333333 36
1 0.002215200576005177 44
2 -0.002231012658227848 48
update: 2; loss: -0.02305443336566289; cumulative_reward: -0.16043638472824054; success_count: 0; episode_count: 14; invalid_count: 0; positive_reward_count: 3; random_exploration_count: 29; best_tax_advantage: 0.0; random_action_prob: 0.2475; saved_snapshots: 0
0 -0.001388888888888889 36
1 0.0015386159240385908 34
2 -0.0028060228645784926 58
update: 3; loss: -0.02578108198940754; cumulative_reward: -0.062328135841717605; success_count: 1; episode_count: 13; invalid_count: 0; positive_reward_count: 10; random_exploration_count: 34; best_tax_advantage: 46746000.0; random_action_prob: 0.2463; saved_snapshots: 0
0 -0.001388888888888889 36
1 0.008306978137121702 39
2 -0.006345288362065358 53
update: 4; loss: -0.023172322039802868; cumulative_reward: 0.09621583813845583; success_count: 0; episode_count: 15; invalid_count: 0; positive_reward_count: 11; random_exploration_count: 38; best_tax_advantage: 0.0; random_action_prob: 0.2450; saved_snapshots: 0
0 -0.0009090909090909091 33
1 0.011566698009952036 38
2 -0.005496819056837221 57
update: 5; loss: -0.018879084537426632; cumulative_reward: 0.30531645569620247; success_count: 2; episode_count: 14; invalid_count: 0; positive_reward_count: 7; random_exploration_count: 43; best_tax_advantage: 46746000.0; random_action_prob: 0.2438; saved_snapshots: 0
0 0.0 34
1 0.01026189907536934 45
2 -0.0031932449529677104 49
update: 6; loss: -0.024087287485599518; cumulative_reward: -0.12635794465863726; success_count: 0; episode_count: 13; invalid_count: 0; positive_reward_count: 8; random_exploration_count: 32; best_tax_advantage: 0.0; random_action_prob: 0.2426; saved_snapshots: 0
0 -0.0023529411764705885 34
1 0.00429399443607183 41
2 -0.004196447481841176 53
update: 7; loss: -0.02664497308433056; cumulative_reward: -0.4455267425582358; success_count: 0; episode_count: 15; invalid_count: 0; positive_reward_count: 4; random_exploration_count: 28; best_tax_advantage: 0.0; random_action_prob: 0.2414; saved_snapshots: 0
0 -0.0033333333333333335 33
1 -0.00026851667409447436 38
2 -0.005707422963906063 57
update: 8; loss: -0.01979198306798935; cumulative_reward: 0.35162640509504567; success_count: 2; episode_count: 12; invalid_count: 0; positive_reward_count: 9; random_exploration_count: 30; best_tax_advantage: 46746000.0; random_action_prob: 0.2402; saved_snapshots: 0
0 -0.0002702702702702703 37
1 0.00851361750206621 46
2 -0.0006666666666666666 45
update: 9; loss: -0.02425401844084263; cumulative_reward: 0.062353972082267735; success_count: 2; episode_count: 14; invalid_count: 0; positive_reward_count: 9; random_exploration_count: 37; best_tax_advantage: 56754000.0; random_action_prob: 0.2390; saved_snapshots: 0
0 -0.002777777777777778 36
1 0.006384414913180835 46
2 -0.002854980737479362 46
update: 10; loss: -0.016924366354942322; cumulative_reward: -0.26592155993039684; success_count: 0; episode_count: 13; invalid_count: 0; positive_reward_count: 5; random_exploration_count: 25; best_tax_advantage: 0.0; random_action_prob: 0.2378; saved_snapshots: 0
0 -0.002727272727272727 33
1 0.0008410513835340683 40
2 -0.003810247550395628 55
update: 11; loss: -0.019648896530270576; cumulative_reward: 0.16670305674018782; success_count: 2; episode_count: 15; invalid_count: 0; positive_reward_count: 7; random_exploration_count: 36; best_tax_advantage: 46746000.0; random_action_prob: 0.2366; saved_snapshots: 0
0 -0.0005882352941176471 34
1 0.006527162385901011 38
2 -0.0010951627486437614 56
update: 12; loss: -0.01600989295790593; cumulative_reward: -0.3499759804450671; success_count: 0; episode_count: 12; invalid_count: 0; positive_reward_count: 7; random_exploration_count: 27; best_tax_advantage: 0.0; random_action_prob: 0.2354; saved_snapshots: 0
0 -0.003142857142857143 35
1 -0.002592293236332008 45
2 -0.002569224683544304 48
update: 13; loss: -0.03482752417524656; cumulative_reward: 0.22503506674973806; success_count: 4; episode_count: 14; invalid_count: 0; positive_reward_count: 14; random_exploration_count: 31; best_tax_advantage: 56754000.0; random_action_prob: 0.2342; saved_snapshots: 0
0 -0.0024324324324324323 37
1 0.01427288553889082 47
2 -0.008086148944957513 44
update: 14; loss: -0.023955799639225006; cumulative_reward: 0.038500167275917346; success_count: 1; episode_count: 9; invalid_count: 0; positive_reward_count: 10; random_exploration_count: 26; best_tax_advantage: 46746000.0; random_action_prob: 0.2331; saved_snapshots: 0
0 -0.0015 40
1 0.0044864881895562946 48
2 -0.0029212816455696203 40
update: 15; loss: -0.028622164701422054; cumulative_reward: 0.13544986276917603; success_count: 3; episode_count: 14; invalid_count: 0; positive_reward_count: 12; random_exploration_count: 28; best_tax_advantage: 46746000.0; random_action_prob: 0.2319; saved_snapshots: 0
0 -0.002777777777777778 36
1 0.008358727913932471 51
2 -0.004654762459545848 41
update: 16; loss: -0.01611237848798434; cumulative_reward: 0.2260959765442847; success_count: 3; episode_count: 15; invalid_count: 0; positive_reward_count: 8; random_exploration_count: 39; best_tax_advantage: 46746000.0; random_action_prob: 0.2307; saved_snapshots: 0
0 -0.001142857142857143 35
1 0.01155267771963967 44
2 -0.0049433029208134855 49
update: 17; loss: -0.0223379402110974; cumulative_reward: 0.1251280184460039; success_count: 1; episode_count: 12; invalid_count: 0; positive_reward_count: 6; random_exploration_count: 35; best_tax_advantage: 46746000.0; random_action_prob: 0.2296; saved_snapshots: 0
0 -0.001388888888888889 36
1 0.004364425924383062 47
2 -0.0006666666666666666 45
update: 18; loss: -0.024611326555411022; cumulative_reward: -0.0387956762544253; success_count: 1; episode_count: 12; invalid_count: 0; positive_reward_count: 11; random_exploration_count: 31; best_tax_advantage: 46746000.0; random_action_prob: 0.2284; saved_snapshots: 0
0 -0.0017142857142857142 35
1 0.004559814789282813 45
2 -0.0038330696202531645 48
update: 19; loss: -0.018538042902946472; cumulative_reward: 0.0507455048149472; success_count: 2; episode_count: 13; invalid_count: 0; positive_reward_count: 14; random_exploration_count: 27; best_tax_advantage: 46746000.0; random_action_prob: 0.2273; saved_snapshots: 0
0 -0.002777777777777778 36
1 0.006609846805159704 50
2 -0.004279686558167571 42
update: 20; loss: -0.014945517914990583; cumulative_reward: -0.24331329132238347; success_count: 1; episode_count: 12; invalid_count: 0; positive_reward_count: 5; random_exploration_count: 32; best_tax_advantage: 46746000.0; random_action_prob: 0.2262; saved_snapshots: 0
0 -0.002564102564102564 39
1 0.0010676906407939858 41
2 -0.003897679324894515 48
update: 21; loss: -0.027428288633624714; cumulative_reward: 0.1943402122969505; success_count: 3; episode_count: 14; invalid_count: 0; positive_reward_count: 14; random_exploration_count: 34; best_tax_advantage: 46746000.0; random_action_prob: 0.2250; saved_snapshots: 0
0 -0.0025 36
1 0.011768136906605886 44
2 -0.004863704408202259 48
update: 22; loss: -0.030462056398391724; cumulative_reward: -0.12246502780715818; success_count: 1; episode_count: 11; invalid_count: 0; positive_reward_count: 7; random_exploration_count: 30; best_tax_advantage: 2322000.0; random_action_prob: 0.2239; saved_snapshots: 0
0 -0.001388888888888889 36
1 -0.0005045310004063287 55
2 -0.001208535750940814 37
update: 23; loss: -0.018903326864043873; cumulative_reward: 0.01929731635315432; success_count: 3; episode_count: 13; invalid_count: 0; positive_reward_count: 9; random_exploration_count: 22; best_tax_advantage: 46746000.0; random_action_prob: 0.2228; saved_snapshots: 0
0 -0.0028205128205128207 39
1 0.005188419829087339 48
2 -0.0029206545230009264 41
update: 24; loss: -0.019111234073837597; cumulative_reward: 0.4747275864375731; success_count: 5; episode_count: 14; invalid_count: 0; positive_reward_count: 15; random_exploration_count: 24; best_tax_advantage: 56754000.0; random_action_prob: 0.2217; saved_snapshots: 0
0 -0.0023684210526315787 38
1 0.013452092163953409 51
2 -0.0031110029211295033 39
update: 25; loss: -0.019306078553199768; cumulative_reward: -0.020237238995958542; success_count: 0; episode_count: 10; invalid_count: 0; positive_reward_count: 13; random_exploration_count: 31; best_tax_advantage: 0.0; random_action_prob: 0.2206; saved_snapshots: 0
0 -0.0005882352941176471 34
1 0.005234628791338804 50
2 -0.005953833603702246 44
update: 26; loss: -0.027159429465730984; cumulative_reward: 0.3656330829404546; success_count: 3; episode_count: 14; invalid_count: 0; positive_reward_count: 15; random_exploration_count: 28; best_tax_advantage: 46746000.0; random_action_prob: 0.2195; saved_snapshots: 0
0 -0.0008108108108108108 37
1 0.014657773659884151 40
2 -0.0037387816363708133 51
update: 27; loss: -0.03504454034070174; cumulative_reward: 0.5055255086047432; success_count: 4; episode_count: 15; invalid_count: 0; positive_reward_count: 15; random_exploration_count: 19; best_tax_advantage: 46746000.0; random_action_prob: 0.2184; saved_snapshots: 0
0 -0.001842105263157895 38
1 0.017343108856709963 43
2 -0.003621876004974146 47
update: 28; loss: -0.013309783612688383; cumulative_reward: 0.25839821549664166; success_count: 2; episode_count: 10; invalid_count: 0; positive_reward_count: 11; random_exploration_count: 22; best_tax_advantage: 46746000.0; random_action_prob: 0.2173; saved_snapshots: 0
0 -0.0005128205128205128 39
1 0.006008296156180035 48
2 -0.00024390243902439024 41
update: 29; loss: -0.036548549930254616; cumulative_reward: 0.043554711338915794; success_count: 1; episode_count: 10; invalid_count: 0; positive_reward_count: 10; random_exploration_count: 25; best_tax_advantage: 46746000.0; random_action_prob: 0.2162; saved_snapshots: 0
0 -0.0015 40
1 0.007277430322854819 44
2 -0.004923914156061278 44
update: 30; loss: -0.01976323624451955; cumulative_reward: 0.3358369265712523; success_count: 3; episode_count: 11; invalid_count: 0; positive_reward_count: 14; random_exploration_count: 23; best_tax_advantage: 46746000.0; random_action_prob: 0.2151; saved_snapshots: 0
0 -0.0005263157894736842 38
1 0.009221643797817146 57
2 -0.0051453566637674275 33
update: 31; loss: 0.015383411819736162; cumulative_reward: 0.43138509047150914; success_count: 4; episode_count: 10; invalid_count: 0; positive_reward_count: 15; random_exploration_count: 33; best_tax_advantage: 46746000.0; random_action_prob: 0.2140; saved_snapshots: 0
0 -0.0016666666666666668 42
1 0.012185408604160848 47
2 -0.0018289516390782217 39
update: 32; loss: -0.025406126553813618; cumulative_reward: 0.07467740306332561; success_count: 1; episode_count: 9; invalid_count: 0; positive_reward_count: 10; random_exploration_count: 23; best_tax_advantage: 46746000.0; random_action_prob: 0.2130; saved_snapshots: 0
0 -0.0007894736842105263 38
1 0.003698236169573137 53
2 -0.002468354430379747 37
update: 33; loss: -0.022228459517161053; cumulative_reward: 0.5163708947865597; success_count: 4; episode_count: 11; invalid_count: 0; positive_reward_count: 19; random_exploration_count: 31; best_tax_advantage: 56754000.0; random_action_prob: 0.2119; saved_snapshots: 0
0 -0.0025 40
1 0.015524300461199422 52
2 -0.0053025758109947274 36
update: 34; loss: -0.023350533718864124; cumulative_reward: 0.9562041711507975; success_count: 5; episode_count: 11; invalid_count: 0; positive_reward_count: 21; random_exploration_count: 29; best_tax_advantage: 56754000.0; random_action_prob: 0.2108; saved_snapshots: 0
0 -0.00046511627906976747 43
1 0.020592264612552397 55
2 -0.005212346084652813 30
update: 35; loss: 0.027900089820226032; cumulative_reward: 0.9890581440817718; success_count: 6; episode_count: 12; invalid_count: 0; positive_reward_count: 21; random_exploration_count: 24; best_tax_advantage: 56754000.0; random_action_prob: 0.2098; saved_snapshots: 0
0 -0.0006976744186046512 43
1 0.022145852908589614 50
2 -0.0025209857527916826 35
update: 36; loss: 0.01947672354678313; cumulative_reward: 0.8171652240696958; success_count: 6; episode_count: 12; invalid_count: 0; positive_reward_count: 19; random_exploration_count: 27; best_tax_advantage: 56754000.0; random_action_prob: 0.2087; saved_snapshots: 0
0 -0.0006976744186046512 43
1 0.020872684535302274 50
2 -0.005613400077011938 35
update: 37; loss: -0.009745443550248941; cumulative_reward: 0.6512668988156673; success_count: 4; episode_count: 9; invalid_count: 0; positive_reward_count: 22; random_exploration_count: 30; best_tax_advantage: 46746000.0; random_action_prob: 0.2077; saved_snapshots: 0
0 -0.00046511627906976747 43
1 0.015360445620109487 55
2 -0.005785253676345151 30
update: 38; loss: -0.02351969542602698; cumulative_reward: 0.8097168744938738; success_count: 6; episode_count: 10; invalid_count: 0; positive_reward_count: 21; random_exploration_count: 19; best_tax_advantage: 46746000.0; random_action_prob: 0.2066; saved_snapshots: 0
0 -0.002045454545454545 44
1 0.01976829568926121 52
2 -0.004007328167115903 32
update: 39; loss: -0.014090098440647125; cumulative_reward: 1.0403029924043552; success_count: 7; episode_count: 11; invalid_count: 0; positive_reward_count: 25; random_exploration_count: 25; best_tax_advantage: 56754000.0; random_action_prob: 0.2056; saved_snapshots: 0
0 -0.00023255813953488373 43
1 0.023014323008685104 52
2 -0.0044376304256748406 33
update: 40; loss: 0.01575029951830705; cumulative_reward: 1.6958323549446044; success_count: 8; episode_count: 10; invalid_count: 0; positive_reward_count: 30; random_exploration_count: 22; best_tax_advantage: 46746000.0; random_action_prob: 0.2046; saved_snapshots: 0
0 0.0 46
1 0.030134727248401594 57
2 -0.0008738839285714285 25
update: 41; loss: -0.01952822009722392; cumulative_reward: 0.6993174305689256; success_count: 3; episode_count: 7; invalid_count: 0; positive_reward_count: 20; random_exploration_count: 24; best_tax_advantage: 46746000.0; random_action_prob: 0.2036; saved_snapshots: 0
0 -0.0004761904761904762 42
1 0.01451845494590587 57
2 -0.003732224184403755 29
update: 42; loss: 0.02924307994544506; cumulative_reward: 0.4744786930658488; success_count: 3; episode_count: 9; invalid_count: 0; positive_reward_count: 18; random_exploration_count: 32; best_tax_advantage: 46746000.0; random_action_prob: 0.2025; saved_snapshots: 0
0 -0.0017500000000000003 40
1 0.014254263888271154 50
2 -0.00442722371967655 38
update: 43; loss: 0.00745505311836799; cumulative_reward: 0.8636229957479032; success_count: 4; episode_count: 9; invalid_count: 0; positive_reward_count: 23; random_exploration_count: 28; best_tax_advantage: 56754000.0; random_action_prob: 0.2015; saved_snapshots: 0
0 -0.0007317073170731707 41
1 0.021428261266448506 51
2 -0.005533842467804732 36
update: 44; loss: -0.021831813578804333; cumulative_reward: 1.1821532718734544; success_count: 8; episode_count: 11; invalid_count: 0; positive_reward_count: 25; random_exploration_count: 32; best_tax_advantage: 56754000.0; random_action_prob: 0.2005; saved_snapshots: 0
0 -0.0013043478260869564 46
1 0.027207755464423267 50
2 -0.0036948281671159034 32
update: 45; loss: -0.011256575584411621; cumulative_reward: 1.4214448816380991; success_count: 7; episode_count: 10; invalid_count: 0; positive_reward_count: 29; random_exploration_count: 25; best_tax_advantage: 56754000.0; random_action_prob: 0.1995; saved_snapshots: 0
0 -0.00044444444444444447 45
1 0.0289338649839141 54
2 -0.0041718561204572915 29
update: 46; loss: -0.004263504408299923; cumulative_reward: 0.20331135352056193; success_count: 1; episode_count: 7; invalid_count: 0; positive_reward_count: 15; random_exploration_count: 27; best_tax_advantage: 7403400.0; random_action_prob: 0.1985; saved_snapshots: 0
0 -0.0019047619047619048 42
1 0.006373883395097579 57
2 -0.0027586206896551726 29
update: 47; loss: -0.020016893434027832; cumulative_reward: 1.4686684209189587; success_count: 5; episode_count: 7; invalid_count: 0; positive_reward_count: 27; random_exploration_count: 19; best_tax_advantage: 56754000.0; random_action_prob: 0.1975; saved_snapshots: 0
0 -0.0010638297872340426 47
1 0.031507900436601344 51
2 -0.00294115004492363 30
update: 48; loss: -0.027014789481957752; cumulative_reward: 1.1295309964797309; success_count: 8; episode_count: 11; invalid_count: 0; positive_reward_count: 28; random_exploration_count: 29; best_tax_advantage: 46746000.0; random_action_prob: 0.1965; saved_snapshots: 0
0 -0.0009090909090909091 44
1 0.026269230753368254 52
2 -0.006139656334231807 32
update: 49; loss: -0.012171053948501745; cumulative_reward: 1.1652172512246988; success_count: 5; episode_count: 8; invalid_count: 0; positive_reward_count: 27; random_exploration_count: 28; best_tax_advantage: 46746000.0; random_action_prob: 0.1956; saved_snapshots: 0
0 -0.0006521739130434782 46
1 0.023831810840694103 55
2 -0.004278975741239892 27
update: 50; loss: -0.01924996388455232; cumulative_reward: 1.48587758100599; success_count: 5; episode_count: 8; invalid_count: 0; positive_reward_count: 25; random_exploration_count: 22; best_tax_advantage: 46746000.0; random_action_prob: 0.1946; saved_snapshots: 0
0 -0.0002173913043478261 46
1 0.029917551620119807 50
2 0.0 32
update: 51; loss: -0.009994753325978914; cumulative_reward: 1.0101660931576293; success_count: 2; episode_count: 5; invalid_count: 0; positive_reward_count: 26; random_exploration_count: 19; best_tax_advantage: 56754000.0; random_action_prob: 0.1936; saved_snapshots: 0
0 -0.0006382978723404255 47
1 0.022909815578536028 51
2 -0.004274483378256963 30
update: 52; loss: -0.02748136470715205; cumulative_reward: 1.574490227911008; success_count: 6; episode_count: 8; invalid_count: 0; positive_reward_count: 29; random_exploration_count: 30; best_tax_advantage: 46746000.0; random_action_prob: 0.1926; saved_snapshots: 0
0 -0.0004347826086956522 46
1 0.03322564586049861 53
2 -0.005740310437773028 29
update: 53; loss: -0.02295808618267377; cumulative_reward: 1.669000055653157; success_count: 4; episode_count: 6; invalid_count: 0; positive_reward_count: 28; random_exploration_count: 26; best_tax_advantage: 46746000.0; random_action_prob: 0.1917; saved_snapshots: 0
0 0.0 47
1 0.03494469114001733 50
2 -0.0025236935918615776 31
update: 54; loss: -0.026557559768358868; cumulative_reward: 1.0544319910336712; success_count: 1; episode_count: 6; invalid_count: 0; positive_reward_count: 24; random_exploration_count: 31; best_tax_advantage: 46746000.0; random_action_prob: 0.1907; saved_snapshots: 0
0 -0.0006666666666666666 45
1 0.025752605674553803 52
2 -0.008216242065907313 31
update: 55; loss: -0.02056923198203246; cumulative_reward: 1.072186657681941; success_count: 0; episode_count: 3; invalid_count: 0; positive_reward_count: 25; random_exploration_count: 20; best_tax_advantage: 0.0; random_action_prob: 0.1898; saved_snapshots: 0
0 -0.0004166666666666667 48
1 0.031201144191421854 47
2 -0.011341427858026856 33
update: 56; loss: -0.02017577365040779; cumulative_reward: 1.4195158687400309; success_count: 1; episode_count: 4; invalid_count: 0; positive_reward_count: 23; random_exploration_count: 18; best_tax_advantage: 56754000.0; random_action_prob: 0.1888; saved_snapshots: 0
0 -0.0004166666666666667 48
1 0.03024756624863814 50
2 -0.002428748123062516 30
update: 57; loss: -0.013667244153718153; cumulative_reward: 0.6403468298672025; success_count: 0; episode_count: 4; invalid_count: 0; positive_reward_count: 22; random_exploration_count: 18; best_tax_advantage: 0.0; random_action_prob: 0.1879; saved_snapshots: 0
0 -0.0013043478260869564 46
1 0.014313182157140227 55
2 -0.003217710695389267 27
update: 58; loss: -0.01028830868502458; cumulative_reward: 1.1982480032756262; success_count: 3; episode_count: 5; invalid_count: 0; positive_reward_count: 26; random_exploration_count: 27; best_tax_advantage: 46746000.0; random_action_prob: 0.1869; saved_snapshots: 0
0 -0.0010869565217391304 46
1 0.024663318265878836 55
2 -0.0040086852351003295 27
update: 59; loss: -0.01619393564760685; cumulative_reward: 1.0513498289235443; success_count: 1; episode_count: 4; invalid_count: 0; positive_reward_count: 22; random_exploration_count: 22; best_tax_advantage: 46746000.0; random_action_prob: 0.1860; saved_snapshots: 0
0 -0.0010416666666666667 48
1 0.027225198516409636 47
2 -0.0054010454953851185 33
update: 60; loss: -0.015442847274243832; cumulative_reward: 1.4212813673923217; success_count: 1; episode_count: 3; invalid_count: 0; positive_reward_count: 25; random_exploration_count: 23; best_tax_advantage: 56754000.0; random_action_prob: 0.1851; saved_snapshots: 0
0 0.0 48
1 0.030041809549771783 52
2 -0.005031883185564649 28
update: 61; loss: -0.021646020313103993; cumulative_reward: 0.9391542675442822; success_count: 1; episode_count: 7; invalid_count: 0; positive_reward_count: 22; random_exploration_count: 22; best_tax_advantage: 46746000.0; random_action_prob: 0.1841; saved_snapshots: 0
0 -0.00022727272727272727 44
1 0.03175834812036872 41
2 -0.00820786059048455 43
update: 62; loss: 0.18078048527240753; cumulative_reward: 1.2131470131494462; success_count: 1; episode_count: 4; invalid_count: 0; positive_reward_count: 25; random_exploration_count: 21; best_tax_advantage: 56754000.0; random_action_prob: 0.1832; saved_snapshots: 0
0 0.0 47
1 0.02875457887872186 46
2 -0.003130389007764558 35
update: 63; loss: -0.012722682828704516; cumulative_reward: 1.284117550918715; success_count: 1; episode_count: 6; invalid_count: 0; positive_reward_count: 20; random_exploration_count: 17; best_tax_advantage: 56754000.0; random_action_prob: 0.1823; saved_snapshots: 0
0 -0.0006521739130434782 46
1 0.033070485872999475 44
2 -0.0037101007235068807 38
update: 64; loss: -0.026775892823934555; cumulative_reward: 0.8068474682802048; success_count: 1; episode_count: 7; invalid_count: 0; positive_reward_count: 20; random_exploration_count: 27; best_tax_advantage: 46746000.0; random_action_prob: 0.1814; saved_snapshots: 0
0 -0.0013953488372093023 43
1 0.023599114631187194 45
2 -0.004877817253080478 40
update: 65; loss: 0.0005606124177575111; cumulative_reward: 1.2547946598405901; success_count: 2; episode_count: 5; invalid_count: 0; positive_reward_count: 24; random_exploration_count: 29; best_tax_advantage: 46746000.0; random_action_prob: 0.1805; saved_snapshots: 0
0 -0.0004166666666666667 48
1 0.029593627681099906 50
2 -0.006829557473813505 30
update: 66; loss: -0.0011945674195885658; cumulative_reward: 1.4847588277601325; success_count: 2; episode_count: 6; invalid_count: 0; positive_reward_count: 27; random_exploration_count: 24; best_tax_advantage: 56754000.0; random_action_prob: 0.1796; saved_snapshots: 0
0 -0.0008888888888888889 45
1 0.03578784118319469 49
2 -0.0067307467710708 34
update: 67; loss: -0.016613506401578586; cumulative_reward: 1.2338915094339622; success_count: 0; episode_count: 6; invalid_count: 0; positive_reward_count: 21; random_exploration_count: 20; best_tax_advantage: 0.0; random_action_prob: 0.1787; saved_snapshots: 0
0 0.0 44
1 0.035972779414530184 43
2 -0.007632634277825259 41
update: 68; loss: 0.007426301017403603; cumulative_reward: 1.7952806484136927; success_count: 2; episode_count: 4; invalid_count: 0; positive_reward_count: 27; random_exploration_count: 24; best_tax_advantage: 56754000.0; random_action_prob: 0.1778; saved_snapshots: 0
0 0.0 49
1 0.03986202446300856 47
2 -0.002444828167115903 32
update: 69; loss: -0.0028507385092477002; cumulative_reward: 1.1818614589375278; success_count: 0; episode_count: 5; invalid_count: 0; positive_reward_count: 24; random_exploration_count: 18; best_tax_advantage: 0.0; random_action_prob: 0.1769; saved_snapshots: 0
0 0.0 45
1 0.03654873929509707 45
2 -0.012179784456364222 38
update: 70; loss: -0.0036939925824602446; cumulative_reward: 1.2747152814545626; success_count: 0; episode_count: 4; invalid_count: 0; positive_reward_count: 23; random_exploration_count: 23; best_tax_advantage: 0.0; random_action_prob: 0.1760; saved_snapshots: 0
0 -0.0006382978723404255 47
1 0.03273221739560604 45
2 -0.004673180592991914 36
update: 71; loss: 0.018207136541604996; cumulative_reward: 1.1340161725067386; success_count: 0; episode_count: 2; invalid_count: 0; positive_reward_count: 20; random_exploration_count: 24; best_tax_advantage: 0.0; random_action_prob: 0.1751; saved_snapshots: 0
0 -0.0010416666666666667 48
1 0.02512458734901378 49
2 -0.0015189873417721519 31
update: 72; loss: -0.018374748528003693; cumulative_reward: 1.8542069425057754; success_count: 3; episode_count: 4; invalid_count: 0; positive_reward_count: 27; random_exploration_count: 19; best_tax_advantage: 46746000.0; random_action_prob: 0.1743; saved_snapshots: 0
0 -0.0004 50
1 0.03927626798336778 49
2 -0.0017355237475601823 29
update: 73; loss: 0.007599088673790296; cumulative_reward: 1.603964039035425; success_count: 2; episode_count: 4; invalid_count: 0; positive_reward_count: 23; random_exploration_count: 22; best_tax_advantage: 46746000.0; random_action_prob: 0.1734; saved_snapshots: 0
0 0.0 49
1 0.03145027527520442 51
2 0.0 28
update: 74; loss: -0.021363782385985058; cumulative_reward: 1.0173887688919914; success_count: 1; episode_count: 5; invalid_count: 0; positive_reward_count: 22; random_exploration_count: 25; best_tax_advantage: 46746000.0; random_action_prob: 0.1725; saved_snapshots: 0
0 -0.0002173913043478261 46
1 0.02360182127464783 48
2 -0.0031029015379736803 34
update: 75; loss: 0.011578733411928019; cumulative_reward: 1.2443169718064113; success_count: 0; episode_count: 2; invalid_count: 0; positive_reward_count: 22; random_exploration_count: 23; best_tax_advantage: 0.0; random_action_prob: 0.1717; saved_snapshots: 0
0 -0.0004 50
1 0.02752928290419475 48
2 -0.0019029535864978904 30
update: 76; loss: 0.007175020563105742; cumulative_reward: 1.454207280937139; success_count: 1; episode_count: 3; invalid_count: 0; positive_reward_count: 22; random_exploration_count: 23; best_tax_advantage: 46746000.0; random_action_prob: 0.1708; saved_snapshots: 0
0 0.0 48
1 0.028513868253669396 51
2 0.0 29
update: 77; loss: -0.012540993591149649; cumulative_reward: 1.521251413891028; success_count: 2; episode_count: 3; invalid_count: 0; positive_reward_count: 25; random_exploration_count: 21; best_tax_advantage: 46746000.0; random_action_prob: 0.1699; saved_snapshots: 0
0 0.0 49
1 0.030425028277820565 50
2 0.0 29
update: 78; loss: 0.01508698177834352; cumulative_reward: 1.3680626233394297; success_count: 1; episode_count: 3; invalid_count: 0; positive_reward_count: 22; random_exploration_count: 17; best_tax_advantage: 46746000.0; random_action_prob: 0.1691; saved_snapshots: 0
0 0.0 48
1 0.026824757320380983 51
2 0.0 29
update: 79; loss: -0.020187499622503918; cumulative_reward: 1.5688116457182748; success_count: 2; episode_count: 5; invalid_count: 0; positive_reward_count: 25; random_exploration_count: 19; best_tax_advantage: 56754000.0; random_action_prob: 0.1683; saved_snapshots: 0
0 -0.0004166666666666667 48
1 0.03668371818427492 47
2 -0.00410070027098926 33
update: 80; loss: -0.0030253476773699126; cumulative_reward: 1.3205993243405856; success_count: 1; episode_count: 4; invalid_count: 0; positive_reward_count: 24; random_exploration_count: 14; best_tax_advantage: 46746000.0; random_action_prob: 0.1674; saved_snapshots: 0
0 -0.0004166666666666667 48
1 0.02681198648681171 50
2 0.0 30
update: 81; loss: -0.021100499977668125; cumulative_reward: 1.219605306302946; success_count: 0; episode_count: 2; invalid_count: 0; positive_reward_count: 23; random_exploration_count: 28; best_tax_advantage: 0.0; random_action_prob: 0.1666; saved_snapshots: 0
0 0.0 48
1 0.02490758284799769 50
2 -0.0008591278698979591 30
update: 82; loss: 0.019466236233711243; cumulative_reward: 1.5128928827132266; success_count: 2; episode_count: 4; invalid_count: 0; positive_reward_count: 26; random_exploration_count: 24; best_tax_advantage: 46746000.0; random_action_prob: 0.1657; saved_snapshots: 0
0 -0.00020833333333333335 48
1 0.03125785765426454 50
2 -0.0013333333333333333 30
update: 83; loss: -0.0075942473486065865; cumulative_reward: 1.210368870516276; success_count: 0; episode_count: 5; invalid_count: 0; positive_reward_count: 22; random_exploration_count: 24; best_tax_advantage: 0.0; random_action_prob: 0.1649; saved_snapshots: 0
0 -0.0006521739130434782 46
1 0.031670388548080304 46
2 -0.006013027852650494 36
update: 84; loss: -0.025035216162602108; cumulative_reward: 1.47290276340489; success_count: 1; episode_count: 3; invalid_count: 0; positive_reward_count: 24; random_exploration_count: 17; best_tax_advantage: 46746000.0; random_action_prob: 0.1641; saved_snapshots: 0
0 -0.0004166666666666667 48
1 0.0322681074439306 49
2 -0.0028462742370228677 31
update: 85; loss: -0.014360150943199793; cumulative_reward: 1.4512893752950504; success_count: 0; episode_count: 3; invalid_count: 0; positive_reward_count: 25; random_exploration_count: 16; best_tax_advantage: 0.0; random_action_prob: 0.1633; saved_snapshots: 0
0 -0.00020833333333333335 48
1 0.03204546405576625 50
2 -0.004699460916442049 30
update: 86; loss: -0.023835952083269756; cumulative_reward: 1.730419039697246; success_count: 1; episode_count: 3; invalid_count: 0; positive_reward_count: 25; random_exploration_count: 20; best_tax_advantage: 46746000.0; random_action_prob: 0.1625; saved_snapshots: 0
0 0.0 48
1 0.033277289224947056 52
2 0.0 28
update: 87; loss: 0.02473086801668008; cumulative_reward: 1.1012286141790937; success_count: 0; episode_count: 6; invalid_count: 0; positive_reward_count: 19; random_exploration_count: 23; best_tax_advantage: 0.0; random_action_prob: 0.1616; saved_snapshots: 0
0 -0.0006818181818181818 44
1 0.026797087564400048 47
2 -0.003465797333721862 37
update: 88; loss: -0.019736119856437046; cumulative_reward: 1.3394189359116286; success_count: 1; episode_count: 6; invalid_count: 0; positive_reward_count: 22; random_exploration_count: 23; best_tax_advantage: 46746000.0; random_action_prob: 0.1608; saved_snapshots: 0
0 -0.0004347826086956522 46
1 0.03691202447746738 43
2 -0.005840977349217139 39
update: 89; loss: -0.02104182665546735; cumulative_reward: 1.0506607413602238; success_count: 0; episode_count: 3; invalid_count: 0; positive_reward_count: 21; random_exploration_count: 24; best_tax_advantage: 0.0; random_action_prob: 0.1600; saved_snapshots: 0
0 -0.0004347826086956522 46
1 0.021826196634314104 51
2 -0.001370170548057933 31
update: 90; loss: 0.02782338857650757; cumulative_reward: 1.4814690026954171; success_count: 0; episode_count: 1; invalid_count: 0; positive_reward_count: 24; random_exploration_count: 22; best_tax_advantage: 0.0; random_action_prob: 0.1592; saved_snapshots: 0
0 -0.0004 50
1 0.029066711590296498 52
2 -0.0003846153846153846 26
update: 91; loss: -0.0012395946929852168; cumulative_reward: 0.9281352431892571; success_count: 1; episode_count: 5; invalid_count: 0; positive_reward_count: 21; random_exploration_count: 25; best_tax_advantage: 46746000.0; random_action_prob: 0.1584; saved_snapshots: 0
0 -0.0006521739130434782 46
1 0.023939980639219132 48
2 -0.005617171396860631 34
update: 92; loss: -0.0012227521898845832; cumulative_reward: 1.5705274264776663; success_count: 1; episode_count: 3; invalid_count: 0; positive_reward_count: 25; random_exploration_count: 22; best_tax_advantage: 46746000.0; random_action_prob: 0.1576; saved_snapshots: 0
0 0.0 50
1 0.034539928583461686 50
2 -0.005588178667693493 28
update: 93; loss: -0.007717392252137263; cumulative_reward: 1.7074273801501727; success_count: 0; episode_count: 1; invalid_count: 0; positive_reward_count: 25; random_exploration_count: 17; best_tax_advantage: 0.0; random_action_prob: 0.1569; saved_snapshots: 0
0 0.0 50
1 0.03557140375312861 48
2 0.0 30
update: 94; loss: -0.012440266398092112; cumulative_reward: 1.416455525606469; success_count: 0; episode_count: 4; invalid_count: 0; positive_reward_count: 22; random_exploration_count: 18; best_tax_advantage: 0.0; random_action_prob: 0.1561; saved_snapshots: 0
0 -0.0002173913043478261 46
1 0.031231364314593765 50
2 -0.004222271566350597 32
update: 95; loss: 0.00777140228698651; cumulative_reward: 1.593512601679823; success_count: 1; episode_count: 3; invalid_count: 0; positive_reward_count: 26; random_exploration_count: 23; best_tax_advantage: 46746000.0; random_action_prob: 0.1553; saved_snapshots: 0
0 0.0 48
1 0.035847374622018625 51
2 -0.008093224277349197 29
update: 96; loss: -0.0010425541549921036; cumulative_reward: 1.8110428800057754; success_count: 2; episode_count: 4; invalid_count: 0; positive_reward_count: 27; random_exploration_count: 23; best_tax_advantage: 46746000.0; random_action_prob: 0.1545; saved_snapshots: 0
0 0.0 49
1 0.03704465453634284 51
2 -0.0027940893338467463 28
update: 97; loss: 0.001978285455455383; cumulative_reward: 1.5924760541008853; success_count: 0; episode_count: 0; invalid_count: 0; positive_reward_count: 26; random_exploration_count: 18; best_tax_advantage: 0.0; random_action_prob: 0.1537; saved_snapshots: 0
0 0.0 52
1 0.03184952108201772 50
2 0.0 26
update: 98; loss: 0.008136113174259663; cumulative_reward: 1.4232203195913058; success_count: 1; episode_count: 4; invalid_count: 0; positive_reward_count: 23; random_exploration_count: 20; best_tax_advantage: 56754000.0; random_action_prob: 0.1530; saved_snapshots: 0
0 -0.000425531914893617 47
1 0.03071757094878814 50
2 -0.0029889750918742344 31
update: 99; loss: 0.00028108805418014526; cumulative_reward: 1.5313958127767613; success_count: 0; episode_count: 1; invalid_count: 0; positive_reward_count: 23; random_exploration_count: 17; best_tax_advantage: 0.0; random_action_prob: 0.1522; saved_snapshots: 0
0 0.0 48
1 0.030362439615131343 51
2 -0.0005892623308598866 29
2026-07-10T17:43:15 completed dub_irish_dutch run=7 elapsed_seconds=520.68 updates_logged=100
2026-07-10T17:43:15 running dub_irish_dutch run=8 seed=1737
update: 0; loss: -0.025901420662800472; cumulative_reward: 0.010097093084666818; success_count: 2; episode_count: 14; invalid_count: 0; positive_reward_count: 8; random_exploration_count: 27; best_tax_advantage: 46746000.0; random_action_prob: 0.2500; saved_snapshots: 0
0 -0.003 40
1 0.008335878761611574 34
2 -0.0028393108298171593 54
update: 1; loss: -0.01793820410966873; cumulative_reward: -0.2628692164057582; success_count: 0; episode_count: 14; invalid_count: 0; positive_reward_count: 7; random_exploration_count: 32; best_tax_advantage: 0.0; random_action_prob: 0.2487; saved_snapshots: 0
0 -0.0026470588235294116 34
1 0.0012565847753870203 35
2 -0.0036754183651576916 59
update: 2; loss: -0.022798665488759678; cumulative_reward: 0.05410005086437337; success_count: 2; episode_count: 15; invalid_count: 0; positive_reward_count: 11; random_exploration_count: 26; best_tax_advantage: 46746000.0; random_action_prob: 0.2475; saved_snapshots: 0
0 -0.0025 36
1 0.009748598706221518 37
2 -0.003938147295742232 55
update: 3; loss: -0.02042105235159397; cumulative_reward: -0.23774118018356147; success_count: 0; episode_count: 14; invalid_count: 0; positive_reward_count: 6; random_exploration_count: 32; best_tax_advantage: 0.0; random_action_prob: 0.2463; saved_snapshots: 0
0 -0.0025 32
1 0.0008152063169826483 36
2 -0.0031181434599156115 60
update: 4; loss: -0.019129501034816105; cumulative_reward: -0.29340483009241447; success_count: 0; episode_count: 15; invalid_count: 0; positive_reward_count: 5; random_exploration_count: 40; best_tax_advantage: 0.0; random_action_prob: 0.2450; saved_snapshots: 0
0 -0.002727272727272727 33
1 -0.00011436221631300814 44
2 -0.0038896645602870972 51
update: 5; loss: -0.024792727703849476; cumulative_reward: -0.040689496797331824; success_count: 3; episode_count: 13; invalid_count: 0; positive_reward_count: 12; random_exploration_count: 34; best_tax_advantage: 46746000.0; random_action_prob: 0.2438; saved_snapshots: 0
0 -0.004054054054054054 37
1 0.006820887489197226 44
2 -0.004059756304723614 47
update: 6; loss: -0.02316136782368024; cumulative_reward: -0.0065927126388530145; success_count: 2; episode_count: 14; invalid_count: 0; positive_reward_count: 8; random_exploration_count: 33; best_tax_advantage: 46746000.0; random_action_prob: 0.2426; saved_snapshots: 0
0 -0.002162162162162162 37
1 0.005810334458150349 40
2 -0.0031177664895071953 51
update: 7; loss: -0.020248883093396824; cumulative_reward: 0.2729201280739366; success_count: 3; episode_count: 14; invalid_count: 0; positive_reward_count: 12; random_exploration_count: 39; best_tax_advantage: 56754000.0; random_action_prob: 0.2414; saved_snapshots: 0
0 -0.0019444444444444446 36
1 0.01152062431468383 44
2 -0.003416402953586498 48
update: 8; loss: -0.03072849040230115; cumulative_reward: 0.1509017526232191; success_count: 1; episode_count: 13; invalid_count: 0; positive_reward_count: 6; random_exploration_count: 26; best_tax_advantage: 46746000.0; random_action_prob: 0.2402; saved_snapshots: 0
0 -0.0008333333333333333 36
1 0.004848934392448017 48
2 -0.0011783431412337663 44
update: 9; loss: -0.019236434251070023; cumulative_reward: 0.00784425733776311; success_count: 1; episode_count: 13; invalid_count: 0; positive_reward_count: 9; random_exploration_count: 35; best_tax_advantage: 46746000.0; random_action_prob: 0.2390; saved_snapshots: 0
0 -0.0019444444444444446 36
1 0.007045252262629465 43
2 -0.0045939099990878335 49
update: 10; loss: -0.025578413158655167; cumulative_reward: -0.24032012202119857; success_count: 0; episode_count: 12; invalid_count: 0; positive_reward_count: 7; random_exploration_count: 38; best_tax_advantage: 0.0; random_action_prob: 0.2378; saved_snapshots: 0
0 -0.0017142857142857142 35
1 -0.00021801419106212493 40
2 -0.0032377274411078023 53
update: 11; loss: -0.03726364548007647; cumulative_reward: -0.11785964791074655; success_count: 1; episode_count: 13; invalid_count: 0; positive_reward_count: 4; random_exploration_count: 27; best_tax_advantage: 46746000.0; random_action_prob: 0.2366; saved_snapshots: 0
0 -0.001842105263157895 38
1 0.0010033417164107955 42
2 -0.001875 48
update: 12; loss: -0.02595203680296739; cumulative_reward: 0.1722563057669548; success_count: 2; episode_count: 10; invalid_count: 0; positive_reward_count: 14; random_exploration_count: 25; best_tax_advantage: 46746000.0; random_action_prob: 0.2354; saved_snapshots: 0
0 -0.0015789473684210526 38
1 0.00585988001771904 54
2 -0.002338255977496484 36
update: 13; loss: -0.02383229819436868; cumulative_reward: -0.001519818041494484; success_count: 1; episode_count: 14; invalid_count: 0; positive_reward_count: 9; random_exploration_count: 32; best_tax_advantage: 46746000.0; random_action_prob: 0.2342; saved_snapshots: 0
0 -0.0017142857142857142 35
1 0.005259080795021608 48
2 -0.004310126582278481 45
update: 14; loss: -0.020049496243397396; cumulative_reward: 0.21470615474889992; success_count: 2; episode_count: 14; invalid_count: 0; positive_reward_count: 10; random_exploration_count: 35; best_tax_advantage: 56754000.0; random_action_prob: 0.2331; saved_snapshots: 0
0 -0.0026470588235294116 34
1 0.008572769000859471 48
2 -0.002321451245485973 46
update: 15; loss: -0.03519178430239359; cumulative_reward: 0.19575371814073728; success_count: 2; episode_count: 14; invalid_count: 0; positive_reward_count: 9; random_exploration_count: 36; best_tax_advantage: 46746000.0; random_action_prob: 0.2319; saved_snapshots: 0
0 -0.001142857142857143 35
1 0.010660922818065157 40
2 -0.0035977961241862085 53
update: 16; loss: -0.022745290771126747; cumulative_reward: -0.05075934926483538; success_count: 1; episode_count: 14; invalid_count: 0; positive_reward_count: 12; random_exploration_count: 31; best_tax_advantage: 46746000.0; random_action_prob: 0.2307; saved_snapshots: 0
0 -0.0018181818181818182 33
1 0.008756841110775153 38
2 -0.0056757773942858105 57
update: 17; loss: -0.0261829886585474; cumulative_reward: -0.07313291139240505; success_count: 0; episode_count: 14; invalid_count: 0; positive_reward_count: 7; random_exploration_count: 29; best_tax_advantage: 0.0; random_action_prob: 0.2296; saved_snapshots: 0
0 -0.0012121212121212121 33
1 0.004058436432994444 41
2 -0.0036949778730588382 54
update: 18; loss: -0.03381363426645597; cumulative_reward: 0.1216134698153273; success_count: 2; episode_count: 13; invalid_count: 0; positive_reward_count: 9; random_exploration_count: 28; best_tax_advantage: 46746000.0; random_action_prob: 0.2284; saved_snapshots: 0
0 -0.00125 40
1 0.007665163357644599 41
2 -0.003035281443576623 47
update: 19; loss: -0.02376505360007286; cumulative_reward: -0.017169968798437116; success_count: 1; episode_count: 12; invalid_count: 0; positive_reward_count: 11; random_exploration_count: 29; best_tax_advantage: 46746000.0; random_action_prob: 0.2273; saved_snapshots: 0
0 -0.002058823529411765 34
1 0.005822499389681162 40
2 -0.003334628599734881 54
update: 20; loss: -0.033048837135235466; cumulative_reward: 0.42897649663288784; success_count: 3; episode_count: 15; invalid_count: 0; positive_reward_count: 11; random_exploration_count: 32; best_tax_advantage: 46746000.0; random_action_prob: 0.2262; saved_snapshots: 0
0 -0.0008823529411764705 34
1 0.0115623469012653 45
2 -0.0012516145698785843 49
update: 21; loss: -0.030321421722571056; cumulative_reward: -0.13158227848101267; success_count: 0; episode_count: 13; invalid_count: 0; positive_reward_count: 7; random_exploration_count: 38; best_tax_advantage: 0.0; random_action_prob: 0.2250; saved_snapshots: 0
0 -0.001142857142857143 35
1 0.005827082730285424 31
2 -0.004390674889030013 62
update: 22; loss: -0.011218329891562462; cumulative_reward: 0.1294911165960838; success_count: 1; episode_count: 13; invalid_count: 0; positive_reward_count: 13; random_exploration_count: 31; best_tax_advantage: 46746000.0; random_action_prob: 0.2239; saved_snapshots: 0
0 -0.0008333333333333333 36
1 0.007786314405541453 45
2 -0.004061553864963436 47
update: 23; loss: -0.030749677990873654; cumulative_reward: 0.2904038875598378; success_count: 2; episode_count: 11; invalid_count: 0; positive_reward_count: 10; random_exploration_count: 25; best_tax_advantage: 46746000.0; random_action_prob: 0.2228; saved_snapshots: 0
0 -0.001142857142857143 35
1 0.00783486712086604 46
2 -0.0006382978723404255 47
update: 24; loss: -0.027509164065122604; cumulative_reward: 0.01113244124412652; success_count: 1; episode_count: 13; invalid_count: 0; positive_reward_count: 11; random_exploration_count: 37; best_tax_advantage: 46746000.0; random_action_prob: 0.2217; saved_snapshots: 0
0 -0.002058823529411765 34
1 0.006380187721002411 42
2 -0.003592989289191821 52
update: 25; loss: -0.03762755667169889; cumulative_reward: 0.19472615735512178; success_count: 3; episode_count: 11; invalid_count: 0; positive_reward_count: 13; random_exploration_count: 25; best_tax_advantage: 46746000.0; random_action_prob: 0.2206; saved_snapshots: 0
0 -0.0028205128205128207 39
1 0.00729048558725605 51
2 -0.001765489673550966 38
update: 26; loss: -0.0010500972469647725; cumulative_reward: 0.005589106634621199; success_count: 2; episode_count: 9; invalid_count: 0; positive_reward_count: 10; random_exploration_count: 33; best_tax_advantage: 46746000.0; random_action_prob: 0.2195; saved_snapshots: 0
0 -0.001794871794871795 39
1 0.0031844058968196385 52
2 -0.0024324324324324323 37
update: 27; loss: -0.022723606477181118; cumulative_reward: 0.20147623001858447; success_count: 2; episode_count: 11; invalid_count: 0; positive_reward_count: 15; random_exploration_count: 29; best_tax_advantage: 46746000.0; random_action_prob: 0.2184; saved_snapshots: 0
0 -0.002564102564102564 39
1 0.008698490208845468 52
2 -0.004076898941658913 37
update: 28; loss: -0.017521932100256283; cumulative_reward: 0.2510511282598846; success_count: 0; episode_count: 7; invalid_count: 0; positive_reward_count: 15; random_exploration_count: 31; best_tax_advantage: 0.0; random_action_prob: 0.2173; saved_snapshots: 0
0 -0.0002564102564102564 39
1 0.010328533581289654 52
2 -0.007460341026139928 37
update: 29; loss: -0.037253053237994514; cumulative_reward: 0.16650520923454762; success_count: 1; episode_count: 12; invalid_count: 0; positive_reward_count: 13; random_exploration_count: 34; best_tax_advantage: 46746000.0; random_action_prob: 0.2162; saved_snapshots: 0
0 -0.001142857142857143 35
1 0.010968176308860211 40
2 -0.004381544209808694 53
update: 30; loss: -0.021512285495797794; cumulative_reward: 0.1684609192814263; success_count: 3; episode_count: 12; invalid_count: 0; positive_reward_count: 13; random_exploration_count: 19; best_tax_advantage: 46746000.0; random_action_prob: 0.2151; saved_snapshots: 0
0 -0.0020512820512820513 39
1 0.009272822319443937 43
2 -0.0032667487055361498 46
update: 31; loss: -0.011914412180582682; cumulative_reward: 0.4904912443094028; success_count: 3; episode_count: 12; invalid_count: 0; positive_reward_count: 16; random_exploration_count: 22; best_tax_advantage: 46746000.0; random_action_prob: 0.2140; saved_snapshots: 0
0 -0.0007142857142857143 42
1 0.011969527272189312 51
2 -0.0025701327592072046 35
update: 32; loss: -0.020430104186137516; cumulative_reward: 0.44102334153947265; success_count: 2; episode_count: 8; invalid_count: 0; positive_reward_count: 14; random_exploration_count: 28; best_tax_advantage: 46746000.0; random_action_prob: 0.2130; saved_snapshots: 0
0 -0.0009090909090909091 44
1 0.012991211847047494 47
2 -0.0035017193316691764 37
update: 33; loss: -0.023969970022638638; cumulative_reward: 0.6414819144174158; success_count: 4; episode_count: 10; invalid_count: 0; positive_reward_count: 20; random_exploration_count: 24; best_tax_advantage: 46746000.0; random_action_prob: 0.2119; saved_snapshots: 0
0 -0.00125 40
1 0.01595608491856009 52
2 -0.0038398472596585806 36
update: 34; loss: -0.022143613547086716; cumulative_reward: 0.8133048093872938; success_count: 4; episode_count: 9; invalid_count: 0; positive_reward_count: 17; random_exploration_count: 30; best_tax_advantage: 46746000.0; random_action_prob: 0.2108; saved_snapshots: 0
0 -0.0002380952380952381 42
1 0.014969178352496249 55
2 0.0 31
update: 35; loss: 0.06645966569582622; cumulative_reward: 1.126143458078183; success_count: 7; episode_count: 12; invalid_count: 0; positive_reward_count: 23; random_exploration_count: 30; best_tax_advantage: 46746000.0; random_action_prob: 0.2098; saved_snapshots: 0
0 -0.00025 40
1 0.022451395615427576 52
2 -0.000870253164556962 36
update: 36; loss: -0.020714037741223972; cumulative_reward: 0.8801096892699343; success_count: 5; episode_count: 11; invalid_count: 0; positive_reward_count: 21; random_exploration_count: 20; best_tax_advantage: 46746000.0; random_action_prob: 0.2087; saved_snapshots: 0
0 -0.0002380952380952381 42
1 0.01793229982625265 54
2 -0.002444828167115903 32
update: 37; loss: -0.029369790107011795; cumulative_reward: 0.5120013300019375; success_count: 3; episode_count: 8; invalid_count: 0; positive_reward_count: 16; random_exploration_count: 17; best_tax_advantage: 46746000.0; random_action_prob: 0.2077; saved_snapshots: 0
0 0.0 44
1 0.016498786707855463 50
2 -0.0092040589820834 34
update: 38; loss: -0.020902232577403385; cumulative_reward: 0.8868376638313527; success_count: 6; episode_count: 10; invalid_count: 0; positive_reward_count: 23; random_exploration_count: 27; best_tax_advantage: 46746000.0; random_action_prob: 0.2066; saved_snapshots: 0
0 -0.0002380952380952381 42
1 0.016747945311219488 56
2 -0.0013682424532312925 30
update: 39; loss: -0.021353937685489655; cumulative_reward: 0.8482260502671892; success_count: 4; episode_count: 7; invalid_count: 0; positive_reward_count: 22; random_exploration_count: 29; best_tax_advantage: 56754000.0; random_action_prob: 0.2056; saved_snapshots: 0
0 -0.00025 40
1 0.016978766062086818 57
2 -0.003534310170056759 31
update: 40; loss: -0.0261566669990619; cumulative_reward: 0.5862855290774013; success_count: 2; episode_count: 8; invalid_count: 0; positive_reward_count: 18; random_exploration_count: 25; best_tax_advantage: 46746000.0; random_action_prob: 0.2046; saved_snapshots: 0
0 -0.00024390243902439024 41
1 0.010879355329437256 62
2 -0.0031293800539083563 25
update: 41; loss: -0.0015753644208113353; cumulative_reward: 0.5362464631010823; success_count: 3; episode_count: 10; invalid_count: 0; positive_reward_count: 15; random_exploration_count: 36; best_tax_advantage: 56754000.0; random_action_prob: 0.2036; saved_snapshots: 0
0 -0.0017500000000000003 40
1 0.014679916033268521 54
2 -0.00548438243221817 34
update: 42; loss: -0.01368433702737093; cumulative_reward: 0.8075733583981662; success_count: 4; episode_count: 10; invalid_count: 0; positive_reward_count: 18; random_exploration_count: 24; best_tax_advantage: 46746000.0; random_action_prob: 0.2025; saved_snapshots: 0
0 -0.0007317073170731707 41
1 0.017940316679630995 52
2 -0.0027235173983613035 35
update: 43; loss: -0.02390616076687972; cumulative_reward: 1.07796122773296; success_count: 6; episode_count: 9; invalid_count: 0; positive_reward_count: 25; random_exploration_count: 31; best_tax_advantage: 46746000.0; random_action_prob: 0.2015; saved_snapshots: 0
0 -0.0004761904761904762 42
1 0.023287497092679993 54
2 -0.004986362977242486 32
update: 44; loss: 0.010356412579615911; cumulative_reward: 0.7460837822702416; success_count: 3; episode_count: 8; invalid_count: 0; positive_reward_count: 22; random_exploration_count: 29; best_tax_advantage: 46746000.0; random_action_prob: 0.2005; saved_snapshots: 0
0 -0.0011627906976744186 43
1 0.020677637977794195 50
2 -0.006794231903413384 35
update: 45; loss: -0.030513969560464222; cumulative_reward: 0.6404762606058961; success_count: 4; episode_count: 13; invalid_count: 0; positive_reward_count: 15; random_exploration_count: 34; best_tax_advantage: 46746000.0; random_action_prob: 0.1995; saved_snapshots: 0
0 -0.0015 40
1 0.023043865691118083 39
2 -0.004045602068320589 49
update: 46; loss: -0.02847140779097875; cumulative_reward: 0.8872911479416672; success_count: 5; episode_count: 12; invalid_count: 0; positive_reward_count: 22; random_exploration_count: 29; best_tax_advantage: 46746000.0; random_action_prob: 0.1985; saved_snapshots: 0
0 -0.00025 40
1 0.022165486891840905 48
2 -0.004166305571667406 40
update: 47; loss: -0.03280716513593992; cumulative_reward: 1.0832420149999635; success_count: 5; episode_count: 10; invalid_count: 0; positive_reward_count: 23; random_exploration_count: 27; best_tax_advantage: 46746000.0; random_action_prob: 0.1975; saved_snapshots: 0
0 -0.00045454545454545455 44
1 0.023766757733143146 49
2 -0.0017522603978300181 35
update: 48; loss: -0.013623464852571487; cumulative_reward: 1.4306870518359107; success_count: 5; episode_count: 8; invalid_count: 0; positive_reward_count: 24; random_exploration_count: 22; best_tax_advantage: 56754000.0; random_action_prob: 0.1965; saved_snapshots: 0
0 0.0 46
1 0.030794317411910615 49
2 -0.0023707424650820878 33
update: 49; loss: -0.024103935807943344; cumulative_reward: 1.0656524558798977; success_count: 6; episode_count: 10; invalid_count: 0; positive_reward_count: 28; random_exploration_count: 21; best_tax_advantage: 46746000.0; random_action_prob: 0.1956; saved_snapshots: 0
0 -0.00044444444444444447 45
1 0.02656432314270239 50
2 -0.0073504151895521655 33
update: 50; loss: 0.0037401150912046432; cumulative_reward: 1.1506129878327598; success_count: 4; episode_count: 7; invalid_count: 0; positive_reward_count: 22; random_exploration_count: 29; best_tax_advantage: 46746000.0; random_action_prob: 0.1946; saved_snapshots: 0
0 -0.00044444444444444447 45
1 0.026642656024593096 48
2 -0.0030924143242202543 35
update: 51; loss: -0.025763253991802532; cumulative_reward: 1.1910386187880269; success_count: 5; episode_count: 7; invalid_count: 0; positive_reward_count: 23; random_exploration_count: 14; best_tax_advantage: 46746000.0; random_action_prob: 0.1936; saved_snapshots: 0
0 -0.0006382978723404255 47
1 0.023941933701726016 51
2 0.0 30
update: 52; loss: -0.023483405510584515; cumulative_reward: 0.3189867831271659; success_count: 0; episode_count: 8; invalid_count: 0; positive_reward_count: 16; random_exploration_count: 32; best_tax_advantage: 0.0; random_action_prob: 0.1926; saved_snapshots: 0
0 -0.001 40
1 0.013619511767299121 43
2 -0.005036716063704361 45
update: 53; loss: -0.009006763187547525; cumulative_reward: 1.2255850651272457; success_count: 5; episode_count: 10; invalid_count: 0; positive_reward_count: 23; random_exploration_count: 27; best_tax_advantage: 46746000.0; random_action_prob: 0.1917; saved_snapshots: 0
0 -0.00045454545454545455 44
1 0.02788341309456204 51
2 -0.005347545536224782 33
update: 54; loss: -0.007214515780409177; cumulative_reward: 0.6927232308312478; success_count: 1; episode_count: 7; invalid_count: 0; positive_reward_count: 21; random_exploration_count: 32; best_tax_advantage: 46746000.0; random_action_prob: 0.1907; saved_snapshots: 0
0 0.0 42
1 0.019718847769060455 51
2 -0.008941085868309589 35
update: 55; loss: -0.020625914136568706; cumulative_reward: 1.1445722098272022; success_count: 3; episode_count: 8; invalid_count: 0; positive_reward_count: 25; random_exploration_count: 23; best_tax_advantage: 46746000.0; random_action_prob: 0.1898; saved_snapshots: 0
0 -0.00022727272727272727 44
1 0.022070714492099356 56
2 -0.002906707204655784 28
update: 56; loss: -0.021952785551548004; cumulative_reward: 0.881178008706734; success_count: 2; episode_count: 7; invalid_count: 0; positive_reward_count: 24; random_exploration_count: 19; best_tax_advantage: 46746000.0; random_action_prob: 0.1888; saved_snapshots: 0
0 -0.0009090909090909091 44
1 0.02548040286934616 49
2 -0.00935319233974937 35
update: 57; loss: -0.019400148342053097; cumulative_reward: 1.3659959936771306; success_count: 2; episode_count: 5; invalid_count: 0; positive_reward_count: 24; random_exploration_count: 16; best_tax_advantage: 46746000.0; random_action_prob: 0.1879; saved_snapshots: 0
0 0.0 46
1 0.02587639088150337 54
2 -0.0011188969258589512 28
update: 58; loss: -0.026782051970561344; cumulative_reward: 1.34867118309588; success_count: 4; episode_count: 8; invalid_count: 0; positive_reward_count: 25; random_exploration_count: 20; best_tax_advantage: 46746000.0; random_action_prob: 0.1869; saved_snapshots: 0
0 0.0 45
1 0.02858731290275544 51
2 -0.00341505546702024 32
update: 59; loss: -0.02214726743598779; cumulative_reward: 0.9620357184363777; success_count: 2; episode_count: 6; invalid_count: 0; positive_reward_count: 22; random_exploration_count: 21; best_tax_advantage: 46746000.0; random_action_prob: 0.1860; saved_snapshots: 0
0 -0.0009090909090909091 44
1 0.02468660042093801 47
2 -0.004276608144532673 37
update: 60; loss: -0.025857193395495415; cumulative_reward: 1.0540807602522142; success_count: 3; episode_count: 7; invalid_count: 0; positive_reward_count: 22; random_exploration_count: 23; best_tax_advantage: 46746000.0; random_action_prob: 0.1851; saved_snapshots: 0
0 0.0 46
1 0.02554230820433022 45
2 -0.002576300241693125 37
update: 61; loss: -0.02489201972881953; cumulative_reward: 1.0710751485556609; success_count: 1; episode_count: 6; invalid_count: 0; positive_reward_count: 21; random_exploration_count: 19; best_tax_advantage: 46746000.0; random_action_prob: 0.1841; saved_snapshots: 0
0 0.0 45
1 0.026685742418501707 46
2 -0.004228891964741022 37
update: 62; loss: -0.0005137226544320583; cumulative_reward: 1.3147536178885066; success_count: 4; episode_count: 7; invalid_count: 0; positive_reward_count: 24; random_exploration_count: 23; best_tax_advantage: 46746000.0; random_action_prob: 0.1832; saved_snapshots: 0
0 -0.0006521739130434782 46
1 0.027365156139158 52
2 -0.002607816711590297 30
update: 63; loss: -0.004411100875586271; cumulative_reward: 1.4579464736956103; success_count: 3; episode_count: 6; invalid_count: 0; positive_reward_count: 25; random_exploration_count: 17; best_tax_advantage: 46746000.0; random_action_prob: 0.1823; saved_snapshots: 0
0 0.0 47
1 0.03012119558908469 51
2 -0.002607816711590297 30
update: 64; loss: -0.019247487808267277; cumulative_reward: 1.298822014386122; success_count: 0; episode_count: 3; invalid_count: 0; positive_reward_count: 27; random_exploration_count: 18; best_tax_advantage: 0.0; random_action_prob: 0.1814; saved_snapshots: 0
0 -0.0004166666666666667 48
1 0.02951551013885373 51
2 -0.0064299656101868205 29
update: 65; loss: -0.019803866744041443; cumulative_reward: 1.2843309738400077; success_count: 1; episode_count: 4; invalid_count: 0; positive_reward_count: 24; random_exploration_count: 17; best_tax_advantage: 46746000.0; random_action_prob: 0.1805; saved_snapshots: 0
0 -0.0002173913043478261 46
1 0.02855627208042281 51
2 -0.005227061363275982 31
update: 66; loss: 0.015992037020623684; cumulative_reward: 1.1957646712655667; success_count: 2; episode_count: 6; invalid_count: 0; positive_reward_count: 21; random_exploration_count: 18; best_tax_advantage: 38921400.0; random_action_prob: 0.1796; saved_snapshots: 0
0 -0.00022222222222222223 45
1 0.026972381973850577 52
2 -0.006348361012085906 31
update: 67; loss: -0.013682260488470396; cumulative_reward: 1.2075534941018586; success_count: 2; episode_count: 8; invalid_count: 0; positive_reward_count: 23; random_exploration_count: 20; best_tax_advantage: 56754000.0; random_action_prob: 0.1787; saved_snapshots: 0
0 0.0 44
1 0.03042237815331397 45
2 -0.004139833917878711 39
update: 68; loss: -0.009990929625928402; cumulative_reward: 1.380800067735776; success_count: 2; episode_count: 4; invalid_count: 0; positive_reward_count: 24; random_exploration_count: 23; best_tax_advantage: 46746000.0; random_action_prob: 0.1778; saved_snapshots: 0
0 0.0 48
1 0.030415585367500726 49
2 -0.003534310170056759 31
update: 69; loss: -0.008944553788751364; cumulative_reward: 1.0342721667687709; success_count: 0; episode_count: 4; invalid_count: 0; positive_reward_count: 21; random_exploration_count: 22; best_tax_advantage: 0.0; random_action_prob: 0.1769; saved_snapshots: 0
0 0.0 46
1 0.0243008401931467 49
2 -0.0047414849301641755 33
update: 70; loss: -0.016465050478776295; cumulative_reward: 1.3482730421588565; success_count: 1; episode_count: 6; invalid_count: 0; positive_reward_count: 23; random_exploration_count: 19; best_tax_advantage: 46746000.0; random_action_prob: 0.1760; saved_snapshots: 0
0 0.0 44
1 0.029791673746276337 54
2 -0.008682578004668848 30
update: 71; loss: -0.010454787872731686; cumulative_reward: 0.9593864512607053; success_count: 0; episode_count: 6; invalid_count: 0; positive_reward_count: 19; random_exploration_count: 28; best_tax_advantage: 0.0; random_action_prob: 0.1751; saved_snapshots: 0
0 -0.00045454545454545455 44
1 0.026259986503955935 45
2 -0.0051875113183926175 39
update: 72; loss: -0.019627575141688187; cumulative_reward: 1.496465511521947; success_count: 0; episode_count: 1; invalid_count: 0; positive_reward_count: 25; random_exploration_count: 21; best_tax_advantage: 0.0; random_action_prob: 0.1743; saved_snapshots: 0
0 -0.0002 50
1 0.03156052064330505 49
2 -0.0013793103448275863 29
update: 73; loss: -0.009016142847637335; cumulative_reward: 1.6378294950238457; success_count: 3; episode_count: 4; invalid_count: 0; positive_reward_count: 30; random_exploration_count: 19; best_tax_advantage: 46746000.0; random_action_prob: 0.1734; saved_snapshots: 0
0 -0.0004 50
1 0.034767698116990035 51
2 -0.004271226257135023 27
update: 74; loss: -0.01330909381310145; cumulative_reward: 1.468534076982387; success_count: 1; episode_count: 2; invalid_count: 0; positive_reward_count: 26; random_exploration_count: 27; best_tax_advantage: 46746000.0; random_action_prob: 0.1725; saved_snapshots: 0
0 0.0 50
1 0.029970083203722186 49
2 0.0 29
update: 75; loss: -0.016612714156508446; cumulative_reward: 0.9068154358666269; success_count: 1; episode_count: 6; invalid_count: 0; positive_reward_count: 23; random_exploration_count: 25; best_tax_advantage: 8078400.0; random_action_prob: 0.1717; saved_snapshots: 0
0 -0.0009090909090909091 44
1 0.025340915695559216 48
2 -0.00748745882000599 36
update: 76; loss: -0.002759319574882587; cumulative_reward: 1.2376298199670812; success_count: 0; episode_count: 3; invalid_count: 0; positive_reward_count: 23; random_exploration_count: 25; best_tax_advantage: 0.0; random_action_prob: 0.1708; saved_snapshots: 0
0 -0.0004166666666666667 48
1 0.024165719251881778 53
2 -0.0008575296438019652 27
update: 77; loss: -0.004567300279935201; cumulative_reward: 1.5141798184815796; success_count: 1; episode_count: 3; invalid_count: 0; positive_reward_count: 26; random_exploration_count: 24; best_tax_advantage: 56754000.0; random_action_prob: 0.1699; saved_snapshots: 0
0 -0.0004166666666666667 48
1 0.033738212179941135 51
2 -0.0064299656101868205 29
update: 78; loss: -0.010584664220611254; cumulative_reward: 1.4065306935378747; success_count: 1; episode_count: 4; invalid_count: 0; positive_reward_count: 24; random_exploration_count: 24; best_tax_advantage: 56754000.0; random_action_prob: 0.1691; saved_snapshots: 0
0 -0.00020833333333333335 48
1 0.03196110834305377 49
2 -0.0048246327507019205 31
update: 79; loss: 0.004645105140904586; cumulative_reward: 1.54290276340489; success_count: 1; episode_count: 4; invalid_count: 0; positive_reward_count: 25; random_exploration_count: 21; best_tax_advantage: 46746000.0; random_action_prob: 0.1683; saved_snapshots: 0
0 0.0 48
1 0.03212207592838306 51
2 -0.0032870037566429524 29
update: 80; loss: 0.016922478874524433; cumulative_reward: 1.1405745962889877; success_count: 1; episode_count: 2; invalid_count: 0; positive_reward_count: 24; random_exploration_count: 28; best_tax_advantage: 46746000.0; random_action_prob: 0.1674; saved_snapshots: 0
0 -0.000851063829787234 47
1 0.024237205511790674 54
2 -0.00474942597584107 27
update: 81; loss: -0.01951633393764496; cumulative_reward: 1.4307137803928998; success_count: 2; episode_count: 5; invalid_count: 0; positive_reward_count: 25; random_exploration_count: 15; best_tax_advantage: 56754000.0; random_action_prob: 0.1666; saved_snapshots: 0
0 -0.0004347826086956522 46
1 0.031600127638994314 51
2 -0.005190088038574521 31
update: 82; loss: -0.01227933851381143; cumulative_reward: 1.6142902452196626; success_count: 2; episode_count: 4; invalid_count: 0; positive_reward_count: 28; random_exploration_count: 25; best_tax_advantage: 46746000.0; random_action_prob: 0.1657; saved_snapshots: 0
0 -0.00020833333333333335 48
1 0.03351644106243495 52
2 -0.004234453215248364 28
update: 83; loss: -0.002416756935417652; cumulative_reward: 1.2140161725067389; success_count: 0; episode_count: 3; invalid_count: 0; positive_reward_count: 23; random_exploration_count: 24; best_tax_advantage: 0.0; random_action_prob: 0.1649; saved_snapshots: 0
0 -0.0004166666666666667 48
1 0.029515490026512145 49
2 -0.0068465431868502125 31
update: 84; loss: -0.010927435321112474; cumulative_reward: 1.3485190243550247; success_count: 0; episode_count: 3; invalid_count: 0; positive_reward_count: 22; random_exploration_count: 21; best_tax_advantage: 0.0; random_action_prob: 0.1641; saved_snapshots: 0
0 0.0 48
1 0.02911741889189253 49
2 -0.0025236935918615776 31
update: 85; loss: 0.001574156650652488; cumulative_reward: 1.2776072563329186; success_count: 0; episode_count: 3; invalid_count: 0; positive_reward_count: 25; random_exploration_count: 22; best_tax_advantage: 0.0; random_action_prob: 0.1633; saved_snapshots: 0
0 -0.0004166666666666667 48
1 0.0301827890175783 47
2 -0.0036661765907048927 33
update: 86; loss: -0.005263924443473418; cumulative_reward: 1.4992630830738776; success_count: 3; episode_count: 6; invalid_count: 0; positive_reward_count: 25; random_exploration_count: 28; best_tax_advantage: 56754000.0; random_action_prob: 0.1625; saved_snapshots: 0
0 -0.0008333333333333334 48
1 0.039034036009581524 44
2 -0.004950958370769692 36
update: 87; loss: -0.013545706868171692; cumulative_reward: 1.1992819473261969; success_count: 1; episode_count: 5; invalid_count: 0; positive_reward_count: 22; random_exploration_count: 19; best_tax_advantage: 46746000.0; random_action_prob: 0.1616; saved_snapshots: 0
0 -0.0002127659574468085 47
1 0.030572243333813656 45
2 -0.004624138963761606 36
update: 88; loss: -0.00697061683361729; cumulative_reward: 1.3243424218449174; success_count: 0; episode_count: 1; invalid_count: 0; positive_reward_count: 24; random_exploration_count: 17; best_tax_advantage: 0.0; random_action_prob: 0.1608; saved_snapshots: 0
0 0.0 49
1 0.02498759286499844 53
2 0.0 26
update: 89; loss: 0.008789916522800922; cumulative_reward: 1.2870435989844051; success_count: 1; episode_count: 4; invalid_count: 0; positive_reward_count: 21; random_exploration_count: 30; best_tax_advantage: 46746000.0; random_action_prob: 0.1600; saved_snapshots: 0
0 -0.0006382978723404255 47
1 0.027986117314079115 52
2 -0.004766706943024445 29
update: 90; loss: 0.004900412323574225; cumulative_reward: 1.3097150934371389; success_count: 1; episode_count: 4; invalid_count: 0; positive_reward_count: 25; random_exploration_count: 25; best_tax_advantage: 23373000.0; random_action_prob: 0.1592; saved_snapshots: 0
0 -0.000625 48
1 0.0350960564669623 46
2 -0.008079514824797844 34
update: 91; loss: -0.009190097451210022; cumulative_reward: 1.2414684326265883; success_count: 0; episode_count: 3; invalid_count: 0; positive_reward_count: 24; random_exploration_count: 19; best_tax_advantage: 0.0; random_action_prob: 0.1584; saved_snapshots: 0
0 0.0 48
1 0.02764722323644797 50
2 -0.004696424306527005 30
update: 92; loss: -0.016001167086263497; cumulative_reward: 1.256122267674988; success_count: 0; episode_count: 3; invalid_count: 0; positive_reward_count: 19; random_exploration_count: 25; best_tax_advantage: 0.0; random_action_prob: 0.1576; saved_snapshots: 0
0 -0.0002127659574468085 47
1 0.02870093233958869 46
2 -0.0015463034270311899 35
update: 93; loss: -0.007990197899440924; cumulative_reward: 1.3199162225289738; success_count: 1; episode_count: 2; invalid_count: 0; positive_reward_count: 24; random_exploration_count: 11; best_tax_advantage: 46746000.0; random_action_prob: 0.1569; saved_snapshots: 0
0 -0.0006 50
1 0.026360936591309336 52
2 -0.0008020184699658224 26
update: 94; loss: -0.022456762691338856; cumulative_reward: 1.965481300608533; success_count: 2; episode_count: 3; invalid_count: 0; positive_reward_count: 27; random_exploration_count: 17; best_tax_advantage: 56754000.0; random_action_prob: 0.1561; saved_snapshots: 0
0 0.0 50
1 0.037144049075305406 53
2 -0.00012613201530612244 25
update: 95; loss: 0.01985502801835537; cumulative_reward: 1.0529364402779917; success_count: 0; episode_count: 4; invalid_count: 0; positive_reward_count: 23; random_exploration_count: 19; best_tax_advantage: 0.0; random_action_prob: 0.1553; saved_snapshots: 0
0 -0.0004347826086956522 46
1 0.0306583876873902 44
2 -0.00726401626229414 38
update: 96; loss: -0.003509900843103727; cumulative_reward: 1.419845950404106; success_count: 1; episode_count: 4; invalid_count: 0; positive_reward_count: 23; random_exploration_count: 25; best_tax_advantage: 46746000.0; random_action_prob: 0.1545; saved_snapshots: 0
0 -0.00020833333333333335 48
1 0.035473665624433874 45
2 -0.00475625721986908 35
update: 97; loss: -0.0004403619095683098; cumulative_reward: 1.5847214557732685; success_count: 0; episode_count: 2; invalid_count: 0; positive_reward_count: 27; random_exploration_count: 13; best_tax_advantage: 0.0; random_action_prob: 0.1537; saved_snapshots: 0
0 -0.0006 50
1 0.03460078181670501 48
2 -0.001537202380952381 30
update: 98; loss: -0.012359431634346644; cumulative_reward: 1.7166172223028078; success_count: 1; episode_count: 3; invalid_count: 0; positive_reward_count: 25; random_exploration_count: 17; best_tax_advantage: 56754000.0; random_action_prob: 0.1530; saved_snapshots: 0
0 0.0 49
1 0.03365916122162369 51
2 0.0 28
update: 99; loss: -0.004903755616396666; cumulative_reward: 1.3342634088505234; success_count: 0; episode_count: 3; invalid_count: 0; positive_reward_count: 26; random_exploration_count: 16; best_tax_advantage: 0.0; random_action_prob: 0.1522; saved_snapshots: 0
0 -0.000851063829787234 47
1 0.033258647715848036 49
2 -0.007981572788313438 32
2026-07-10T17:51:39 completed dub_irish_dutch run=8 elapsed_seconds=503.53 updates_logged=100
2026-07-10T17:51:39 running dub_irish_dutch run=9 seed=1738
update: 0; loss: -0.018385233357548714; cumulative_reward: -0.35180733396624353; success_count: 0; episode_count: 13; invalid_count: 0; positive_reward_count: 6; random_exploration_count: 30; best_tax_advantage: 0.0; random_action_prob: 0.2500; saved_snapshots: 0
0 -0.00375 32
1 -0.0012018623819569712 42
2 -0.0033579465541490857 54
update: 1; loss: -0.016372968442738056; cumulative_reward: -0.16519208406990582; success_count: 2; episode_count: 15; invalid_count: 0; positive_reward_count: 9; random_exploration_count: 37; best_tax_advantage: 46746000.0; random_action_prob: 0.2487; saved_snapshots: 0
0 -0.0029411764705882353 34
1 0.008522134002863007 35
2 -0.006160453799493408 59
update: 2; loss: -0.01983818660179774; cumulative_reward: -0.13862863480043924; success_count: 1; episode_count: 14; invalid_count: 0; positive_reward_count: 7; random_exploration_count: 27; best_tax_advantage: 46746000.0; random_action_prob: 0.2475; saved_snapshots: 0
0 -0.0026470588235294116 34
1 0.007401412912508354 31
2 -0.004413848176003146 63
update: 3; loss: -0.026937488466501236; cumulative_reward: 0.10692935571838004; success_count: 2; episode_count: 14; invalid_count: 0; positive_reward_count: 11; random_exploration_count: 39; best_tax_advantage: 6210000.0; random_action_prob: 0.2463; saved_snapshots: 0
0 -0.0014285714285714286 35
1 0.006988502880301273 40
2 -0.0023134105564843565 53
update: 4; loss: -0.019715620825688045; cumulative_reward: 0.22318301638045224; success_count: 3; episode_count: 12; invalid_count: 0; positive_reward_count: 11; random_exploration_count: 34; best_tax_advantage: 46746000.0; random_action_prob: 0.2450; saved_snapshots: 0
0 -0.002105263157894737 38
1 0.009602875136012897 39
2 -0.0013986100769421694 51
update: 5; loss: -0.016131197412808735; cumulative_reward: -0.011347313058702112; success_count: 0; episode_count: 14; invalid_count: 0; positive_reward_count: 7; random_exploration_count: 42; best_tax_advantage: 0.0; random_action_prob: 0.2438; saved_snapshots: 0
0 -0.0005882352941176471 34
1 0.002353254282710412 37
2 -0.0013757495003331114 57
update: 6; loss: -0.02326013644536336; cumulative_reward: -0.2590234640671051; success_count: 1; episode_count: 14; invalid_count: 0; positive_reward_count: 6; random_exploration_count: 30; best_tax_advantage: 46746000.0; random_action_prob: 0.2426; saved_snapshots: 0
0 -0.0025714285714285713 35
1 0.004255939220675483 35
2 -0.005482436841219774 58
update: 7; loss: -0.017941178133090336; cumulative_reward: -0.1904363847282406; success_count: 0; episode_count: 15; invalid_count: 0; positive_reward_count: 6; random_exploration_count: 22; best_tax_advantage: 0.0; random_action_prob: 0.2414; saved_snapshots: 0
0 -0.0024242424242424242 33
1 0.00406155105940155 36
2 -0.0043500376757067164 59
update: 8; loss: -0.02263987436890602; cumulative_reward: -0.011934856472168277; success_count: 1; episode_count: 14; invalid_count: 0; positive_reward_count: 5; random_exploration_count: 32; best_tax_advantage: 46746000.0; random_action_prob: 0.2402; saved_snapshots: 0
0 -0.0008823529411764705 34
1 0.002610943545198632 35
2 -0.001242675941595261 59
update: 9; loss: -0.026887269069751103; cumulative_reward: 0.06598574343892169; success_count: 3; episode_count: 14; invalid_count: 0; positive_reward_count: 14; random_exploration_count: 31; best_tax_advantage: 46746000.0; random_action_prob: 0.2390; saved_snapshots: 0
0 -0.002777777777777778 36
1 0.01387782434956102 40
2 -0.007483215971990751 52
update: 10; loss: -0.02103826714058717; cumulative_reward: -0.12663712511515235; success_count: 1; episode_count: 13; invalid_count: 0; positive_reward_count: 10; random_exploration_count: 31; best_tax_advantage: 46746000.0; random_action_prob: 0.2378; saved_snapshots: 0
0 -0.0029411764705882353 34
1 0.005837185013325448 45
2 -0.005904294912546888 49
update: 11; loss: -0.021560519312818844; cumulative_reward: -0.12291139240506327; success_count: 0; episode_count: 13; invalid_count: 0; positive_reward_count: 5; random_exploration_count: 30; best_tax_advantage: 0.0; random_action_prob: 0.2366; saved_snapshots: 0
0 -0.0009090909090909091 33
1 0.003458027682054432 30
2 -0.003025418813333788 65
update: 12; loss: -0.02904029997686545; cumulative_reward: -0.1403724850789373; success_count: 0; episode_count: 15; invalid_count: 0; positive_reward_count: 10; random_exploration_count: 40; best_tax_advantage: 0.0; random_action_prob: 0.2354; saved_snapshots: 0
0 -0.0014705882352941176 34
1 0.008529506453615436 29
2 -0.005195818034365921 65
update: 13; loss: -0.02368351196249326; cumulative_reward: -0.16624334675355695; success_count: 0; episode_count: 13; invalid_count: 0; positive_reward_count: 6; random_exploration_count: 33; best_tax_advantage: 0.0; random_action_prob: 0.2342; saved_snapshots: 0
0 -0.0019444444444444446 36
1 0.0020891427385379756 42
2 -0.003679746835443038 50
update: 14; loss: -0.020656417434414227; cumulative_reward: -0.13314873417721515; success_count: 0; episode_count: 12; invalid_count: 0; positive_reward_count: 8; random_exploration_count: 26; best_tax_advantage: 0.0; random_action_prob: 0.2331; saved_snapshots: 0
0 -0.0013513513513513514 37
1 0.0020321568310420657 42
2 -0.0034387616547139174 49
update: 15; loss: -0.030842774237195652; cumulative_reward: 0.05866920886532902; success_count: 1; episode_count: 16; invalid_count: 0; positive_reward_count: 7; random_exploration_count: 35; best_tax_advantage: 46746000.0; random_action_prob: 0.2319; saved_snapshots: 0
0 -0.0006060606060606061 33
1 0.009099828725487985 30
2 -0.0029896254292201625 65
update: 16; loss: -0.029571092997988064; cumulative_reward: 0.1589437013744716; success_count: 1; episode_count: 11; invalid_count: 0; positive_reward_count: 12; random_exploration_count: 33; best_tax_advantage: 46746000.0; random_action_prob: 0.2307; saved_snapshots: 0
0 -0.0008108108108108108 37
1 0.007806915705642948 47
2 -0.004045030381607883 44
update: 17; loss: -0.025207703312238056; cumulative_reward: 0.22336251979371274; success_count: 1; episode_count: 16; invalid_count: 0; positive_reward_count: 9; random_exploration_count: 18; best_tax_advantage: 46746000.0; random_action_prob: 0.2296; saved_snapshots: 0
0 -0.0005882352941176471 34
1 0.011351749801632676 37
2 -0.0030991618046788813 57
update: 18; loss: -0.020226869732141495; cumulative_reward: -0.3134419332456885; success_count: 0; episode_count: 13; invalid_count: 0; positive_reward_count: 8; random_exploration_count: 31; best_tax_advantage: 0.0; random_action_prob: 0.2284; saved_snapshots: 0
0 -0.0026470588235294116 34
1 0.006048159698957228 30
2 -0.00632635506585008 64
update: 19; loss: -0.020386332646012306; cumulative_reward: 0.02251582278481011; success_count: 1; episode_count: 14; invalid_count: 0; positive_reward_count: 6; random_exploration_count: 26; best_tax_advantage: 46746000.0; random_action_prob: 0.2273; saved_snapshots: 0
0 -0.0008823529411764705 34
1 0.004830503241741278 41
2 -0.0027459398137091 53
update: 20; loss: -0.027406740933656693; cumulative_reward: -0.023903482383519387; success_count: 0; episode_count: 13; invalid_count: 0; positive_reward_count: 8; random_exploration_count: 30; best_tax_advantage: 0.0; random_action_prob: 0.2262; saved_snapshots: 0
0 -0.0017142857142857142 35
1 0.009014882113471009 38
2 -0.0055721636853712335 55
update: 21; loss: -0.02667839266359806; cumulative_reward: 0.09448779390889567; success_count: 2; episode_count: 12; invalid_count: 0; positive_reward_count: 10; random_exploration_count: 24; best_tax_advantage: 46746000.0; random_action_prob: 0.2250; saved_snapshots: 0
0 -0.0015789473684210526 38
1 0.00829097599114021 36
2 -0.0026664322550398497 54
update: 22; loss: -0.025651711970567703; cumulative_reward: -0.22972976943281637; success_count: 0; episode_count: 11; invalid_count: 0; positive_reward_count: 8; random_exploration_count: 32; best_tax_advantage: 0.0; random_action_prob: 0.2239; saved_snapshots: 0
0 -0.0017142857142857142 35
1 0.007051354324605101 43
2 -0.009458760107816712 50
update: 23; loss: -0.028076252589623134; cumulative_reward: -0.007623612479010595; success_count: 0; episode_count: 13; invalid_count: 0; positive_reward_count: 5; random_exploration_count: 23; best_tax_advantage: 0.0; random_action_prob: 0.2228; saved_snapshots: 0
0 -0.0005714285714285715 35
1 0.0019920405795956766 37
2 -0.0010951627486437614 56
update: 24; loss: -0.019949179142713547; cumulative_reward: 0.7009854973668732; success_count: 4; episode_count: 15; invalid_count: 0; positive_reward_count: 14; random_exploration_count: 26; best_tax_advantage: 56754000.0; random_action_prob: 0.2217; saved_snapshots: 0
0 -0.0005555555555555556 36
1 0.0172839986399234 46
2 -0.0016104008710783302 46
update: 25; loss: -0.02565619784096877; cumulative_reward: 0.4158329982515323; success_count: 2; episode_count: 12; invalid_count: 0; positive_reward_count: 11; random_exploration_count: 23; best_tax_advantage: 56754000.0; random_action_prob: 0.2206; saved_snapshots: 0
0 -0.0013157894736842105 38
1 0.012763196194352898 49
2 -0.0038917954944331593 41
update: 26; loss: -0.03390053038795789; cumulative_reward: 0.12615785087003617; success_count: 3; episode_count: 14; invalid_count: 0; positive_reward_count: 14; random_exploration_count: 39; best_tax_advantage: 46746000.0; random_action_prob: 0.2195; saved_snapshots: 0
0 -0.002631578947368421 38
1 0.010513833046814115 42
2 -0.004487982022836596 48
update: 27; loss: -0.013908227595190207; cumulative_reward: 0.09353815530376396; success_count: 2; episode_count: 10; invalid_count: 0; positive_reward_count: 11; random_exploration_count: 31; best_tax_advantage: 2678400.0; random_action_prob: 0.2184; saved_snapshots: 0
0 -0.0010256410256410256 39
1 0.005829012601382657 46
2 -0.003130149403717169 43
update: 28; loss: -0.013487090356647968; cumulative_reward: 0.4428599136200545; success_count: 3; episode_count: 12; invalid_count: 0; positive_reward_count: 17; random_exploration_count: 30; best_tax_advantage: 46746000.0; random_action_prob: 0.2173; saved_snapshots: 0
0 -0.0005 40
1 0.013720636701951757 44
2 -0.0032010932105868816 44
update: 29; loss: -0.02721416763961315; cumulative_reward: 0.5658638367169154; success_count: 4; episode_count: 10; invalid_count: 0; positive_reward_count: 19; random_exploration_count: 23; best_tax_advantage: 46746000.0; random_action_prob: 0.2162; saved_snapshots: 0
0 -0.0014285714285714286 42
1 0.01425334815072972 53
2 -0.003926170159750289 33
update: 30; loss: -0.031805384904146194; cumulative_reward: 0.48383225527157064; success_count: 3; episode_count: 13; invalid_count: 0; positive_reward_count: 13; random_exploration_count: 30; best_tax_advantage: 46746000.0; random_action_prob: 0.2151; saved_snapshots: 0
0 0.0 37
1 0.010436274054716824 51
2 -0.0012104430379746836 40
update: 31; loss: -0.02569060834745566; cumulative_reward: 0.5680666974591013; success_count: 4; episode_count: 12; invalid_count: 0; positive_reward_count: 13; random_exploration_count: 33; best_tax_advantage: 56754000.0; random_action_prob: 0.2140; saved_snapshots: 0
0 -0.0013157894736842105 38
1 0.015250893286146748 47
2 -0.00229593690673944 43
update: 32; loss: -0.00041319429874420166; cumulative_reward: 0.7016565593855173; success_count: 4; episode_count: 11; invalid_count: 0; positive_reward_count: 16; random_exploration_count: 23; best_tax_advantage: 56754000.0; random_action_prob: 0.2130; saved_snapshots: 0
0 -0.0007142857142857143 42
1 0.016564419579296275 49
2 -0.002162162162162162 37
update: 33; loss: -0.03441068157553673; cumulative_reward: 0.417363099103597; success_count: 3; episode_count: 12; invalid_count: 0; positive_reward_count: 15; random_exploration_count: 35; best_tax_advantage: 46746000.0; random_action_prob: 0.2119; saved_snapshots: 0
0 -0.0015 40
1 0.013551632220752266 47
2 -0.0038917954944331593 41
update: 34; loss: -0.024253460268179577; cumulative_reward: 1.1788163824802993; success_count: 9; episode_count: 18; invalid_count: 0; positive_reward_count: 22; random_exploration_count: 27; best_tax_advantage: 46746000.0; random_action_prob: 0.2108; saved_snapshots: 0
0 -0.0013157894736842105 38
1 0.027691676411046213 51
2 -0.004704079858539933 39
update: 35; loss: -0.0041370997205376625; cumulative_reward: 0.5942817699710453; success_count: 4; episode_count: 13; invalid_count: 0; positive_reward_count: 18; random_exploration_count: 36; best_tax_advantage: 56754000.0; random_action_prob: 0.2098; saved_snapshots: 0
0 -0.0007894736842105263 38
1 0.016689787816444864 52
2 -0.006410189381160199 38
update: 36; loss: -0.02536828691760699; cumulative_reward: 1.1052157660349637; success_count: 6; episode_count: 12; invalid_count: 0; positive_reward_count: 24; random_exploration_count: 26; best_tax_advantage: 46746000.0; random_action_prob: 0.2087; saved_snapshots: 0
0 0.0 41
1 0.02465521390380568 48
2 -0.002006012855069459 39
update: 37; loss: -0.03538983811934789; cumulative_reward: 1.065373252190027; success_count: 7; episode_count: 13; invalid_count: 0; positive_reward_count: 24; random_exploration_count: 32; best_tax_advantage: 46746000.0; random_action_prob: 0.2077; saved_snapshots: 0
0 -0.0009090909090909091 44
1 0.03045022169787627 45
2 -0.00679196728754885 39
update: 38; loss: -0.028346027558048565; cumulative_reward: 1.20633833808072; success_count: 6; episode_count: 10; invalid_count: 0; positive_reward_count: 27; random_exploration_count: 17; best_tax_advantage: 56754000.0; random_action_prob: 0.2066; saved_snapshots: 0
0 -0.00022727272727272727 44
1 0.025468538913513136 50
2 -0.0016790766939687267 34
update: 39; loss: -0.011367790090541044; cumulative_reward: 0.7885096056816714; success_count: 4; episode_count: 11; invalid_count: 0; positive_reward_count: 25; random_exploration_count: 34; best_tax_advantage: 46746000.0; random_action_prob: 0.2056; saved_snapshots: 0
0 -0.00075 40
1 0.02463483127585128 52
2 -0.012847267240627644 36
update: 40; loss: -0.002247386301557223; cumulative_reward: 1.468108447481546; success_count: 7; episode_count: 10; invalid_count: 0; positive_reward_count: 29; random_exploration_count: 22; best_tax_advantage: 56754000.0; random_action_prob: 0.2046; saved_snapshots: 0
0 -0.0006666666666666666 45
1 0.03172685897658511 50
2 -0.002673772768112391 33
update: 41; loss: -0.022531508778532345; cumulative_reward: 1.1364663950945668; success_count: 4; episode_count: 8; invalid_count: 0; positive_reward_count: 22; random_exploration_count: 23; best_tax_advantage: 56754000.0; random_action_prob: 0.2036; saved_snapshots: 0
0 0.0 45
1 0.027118483099735392 46
2 -0.002999562905223283 37
update: 42; loss: -0.027954548597335815; cumulative_reward: 1.0066516217630923; success_count: 0; episode_count: 4; invalid_count: 0; positive_reward_count: 24; random_exploration_count: 23; best_tax_advantage: 0.0; random_action_prob: 0.2025; saved_snapshots: 0
0 0.0 44
1 0.01679912513065069 60
2 -5.399525316455696e-05 24
update: 43; loss: -0.017788814070324104; cumulative_reward: 1.2658394451530615; success_count: 5; episode_count: 9; invalid_count: 0; positive_reward_count: 25; random_exploration_count: 30; best_tax_advantage: 46746000.0; random_action_prob: 0.2015; saved_snapshots: 0
0 -0.0006818181818181818 44
1 0.024310129454272817 57
2 -0.00332733087927738 27
update: 44; loss: 0.003590214066207409; cumulative_reward: 1.2118487019315136; success_count: 3; episode_count: 6; invalid_count: 0; positive_reward_count: 24; random_exploration_count: 32; best_tax_advantage: 46746000.0; random_action_prob: 0.2005; saved_snapshots: 0
0 0.0 46
1 0.024341192514702303 53
2 -0.0026977414257830655 29
update: 45; loss: -0.02131798428793748; cumulative_reward: 1.2044958385536677; success_count: 3; episode_count: 9; invalid_count: 0; positive_reward_count: 26; random_exploration_count: 32; best_tax_advantage: 56754000.0; random_action_prob: 0.1995; saved_snapshots: 0
0 0.0 42
1 0.025744709924272434 57
2 -0.009067331969995221 29
update: 46; loss: -0.010865227629741033; cumulative_reward: 1.1619029250815316; success_count: 3; episode_count: 11; invalid_count: 0; positive_reward_count: 24; random_exploration_count: 27; best_tax_advantage: 46746000.0; random_action_prob: 0.1985; saved_snapshots: 0
0 -0.00025 40
1 0.0245794954133034 58
2 -0.008456926963002183 30
update: 47; loss: 0.038229877750078835; cumulative_reward: 1.720297953537393; success_count: 5; episode_count: 8; invalid_count: 0; positive_reward_count: 27; random_exploration_count: 26; best_tax_advantage: 56754000.0; random_action_prob: 0.1975; saved_snapshots: 0
0 -0.00020833333333333335 48
1 0.03535639336317505 52
2 -0.003865517905275318 28
update: 48; loss: -0.008288609329611063; cumulative_reward: 1.703575339333846; success_count: 4; episode_count: 4; invalid_count: 0; positive_reward_count: 28; random_exploration_count: 26; best_tax_advantage: 46746000.0; random_action_prob: 0.1965; saved_snapshots: 0
0 -0.0003846153846153846 52
1 0.03467150678667694 50
2 -0.0003846153846153846 26
update: 49; loss: -0.0013431529514491558; cumulative_reward: 1.2344415865949032; success_count: 6; episode_count: 9; invalid_count: 0; positive_reward_count: 28; random_exploration_count: 34; best_tax_advantage: 46746000.0; random_action_prob: 0.1956; saved_snapshots: 0
0 -0.0006818181818181818 44
1 0.026562010714369474 55
2 -0.006774793196393718 29
update: 50; loss: -0.0019368669018149376; cumulative_reward: 1.4624245974922985; success_count: 3; episode_count: 8; invalid_count: 0; positive_reward_count: 27; random_exploration_count: 25; best_tax_advantage: 46746000.0; random_action_prob: 0.1946; saved_snapshots: 0
0 0.0 44
1 0.031078164590083987 53
2 -0.005958649218779113 31
update: 51; loss: -0.020678636928399403; cumulative_reward: 1.4070577173331364; success_count: 2; episode_count: 6; invalid_count: 0; positive_reward_count: 25; random_exploration_count: 26; best_tax_advantage: 56754000.0; random_action_prob: 0.1936; saved_snapshots: 0
0 -0.0006521739130434782 46
1 0.02791440397601538 55
2 -0.0036383148647299588 27
update: 52; loss: 0.015402314563592276; cumulative_reward: 1.4269134473069884; success_count: 2; episode_count: 5; invalid_count: 0; positive_reward_count: 27; random_exploration_count: 21; best_tax_advantage: 46746000.0; random_action_prob: 0.1926; saved_snapshots: 0
0 -0.0004166666666666667 48
1 0.03395331915676841 49
2 -0.0069935223024084866 31
update: 53; loss: 0.4324318567911784; cumulative_reward: 1.3942665425944782; success_count: 1; episode_count: 6; invalid_count: 0; positive_reward_count: 23; random_exploration_count: 26; best_tax_advantage: 56754000.0; random_action_prob: 0.1917; saved_snapshots: 0
0 -0.0002173913043478261 46
1 0.03179868365284845 50
2 -0.005802113751498237 32
update: 54; loss: -0.024196379507581394; cumulative_reward: 1.163805838166634; success_count: 2; episode_count: 7; invalid_count: 0; positive_reward_count: 26; random_exploration_count: 30; best_tax_advantage: 46746000.0; random_action_prob: 0.1907; saved_snapshots: 0
0 -0.00022727272727272727 44
1 0.02921575251052435 52
2 -0.010794165386894735 32
update: 55; loss: 0.05145429943998655; cumulative_reward: 1.2093327562451868; success_count: 0; episode_count: 4; invalid_count: 0; positive_reward_count: 22; random_exploration_count: 26; best_tax_advantage: 0.0; random_action_prob: 0.1898; saved_snapshots: 0
0 -0.0002173913043478261 46
1 0.026151345151857918 50
2 -0.002757328167115903 32
update: 56; loss: -0.030483338981866837; cumulative_reward: 1.1933119494849826; success_count: 1; episode_count: 6; invalid_count: 0; positive_reward_count: 26; random_exploration_count: 19; best_tax_advantage: 46746000.0; random_action_prob: 0.1888; saved_snapshots: 0
0 -0.0013333333333333333 45
1 0.02839835208539885 49
2 -0.004064920667634142 34
update: 57; loss: -0.01621229698260625; cumulative_reward: 1.4276541600494217; success_count: 1; episode_count: 3; invalid_count: 0; positive_reward_count: 24; random_exploration_count: 20; best_tax_advantage: 56754000.0; random_action_prob: 0.1879; saved_snapshots: 0
0 0.0 46
1 0.028412993611266625 53
2 -0.0026977414257830655 29
update: 58; loss: -0.026350118219852448; cumulative_reward: 1.7886769523221178; success_count: 1; episode_count: 2; invalid_count: 0; positive_reward_count: 26; random_exploration_count: 18; best_tax_advantage: 46746000.0; random_action_prob: 0.1869; saved_snapshots: 0
0 -0.0002 50
1 0.034782249083117674 52
2 -0.0003846153846153846 26
update: 59; loss: -0.006956185369441907; cumulative_reward: 1.5735126016798222; success_count: 1; episode_count: 2; invalid_count: 0; positive_reward_count: 23; random_exploration_count: 19; best_tax_advantage: 46746000.0; random_action_prob: 0.1860; saved_snapshots: 0
0 -0.0002 50
1 0.03187025203359646 50
2 -0.00035714285714285714 28
update: 60; loss: 0.21479415396849313; cumulative_reward: 1.1017158936392955; success_count: 1; episode_count: 7; invalid_count: 0; positive_reward_count: 23; random_exploration_count: 28; best_tax_advantage: 2322000.0; random_action_prob: 0.1851; saved_snapshots: 0
0 -0.00022727272727272727 44
1 0.029062241606543613 48
2 -0.007868658429855504 36
update: 61; loss: -0.0032765474170446396; cumulative_reward: 1.6464069734910471; success_count: 1; episode_count: 2; invalid_count: 0; positive_reward_count: 27; random_exploration_count: 17; best_tax_advantage: 46746000.0; random_action_prob: 0.1841; saved_snapshots: 0
0 0.0 50
1 0.03511941177525614 50
2 -0.003912986259705697 28
update: 62; loss: 0.009268884547054768; cumulative_reward: 1.3973443982840776; success_count: 1; episode_count: 7; invalid_count: 0; positive_reward_count: 25; random_exploration_count: 25; best_tax_advantage: 46746000.0; random_action_prob: 0.1832; saved_snapshots: 0
0 -0.00045454545454545455 44
1 0.03445106947333302 48
2 -0.006564081567664085 36
update: 63; loss: 0.05518673608700434; cumulative_reward: 1.376616346248543; success_count: 2; episode_count: 5; invalid_count: 0; positive_reward_count: 25; random_exploration_count: 33; best_tax_advantage: 46746000.0; random_action_prob: 0.1823; saved_snapshots: 0
0 -0.0004347826086956522 46
1 0.03292029076122704 48
2 -0.005398753243833956 34
update: 64; loss: -0.011422599665820599; cumulative_reward: 1.6024342542323358; success_count: 2; episode_count: 5; invalid_count: 0; positive_reward_count: 25; random_exploration_count: 22; best_tax_advantage: 56754000.0; random_action_prob: 0.1814; saved_snapshots: 0
0 -0.000425531914893617 47
1 0.031329891683088015 55
2 -0.0038734533975963393 26
update: 65; loss: -0.0018388658451537292; cumulative_reward: 0.9139028235704664; success_count: 0; episode_count: 6; invalid_count: 0; positive_reward_count: 24; random_exploration_count: 25; best_tax_advantage: 0.0; random_action_prob: 0.1805; saved_snapshots: 0
0 -0.0009523809523809524 42
1 0.023517807072861125 59
2 -0.016061029397345942 27
update: 66; loss: 0.0044318462411562605; cumulative_reward: 1.2408034936512367; success_count: 1; episode_count: 4; invalid_count: 0; positive_reward_count: 22; random_exploration_count: 25; best_tax_advantage: 46746000.0; random_action_prob: 0.1796; saved_snapshots: 0
0 0.0 46
1 0.026919142755080533 49
2 -0.0023707424650820878 33
update: 67; loss: -0.010976762510836124; cumulative_reward: 1.4602119031574892; success_count: 0; episode_count: 1; invalid_count: 0; positive_reward_count: 23; random_exploration_count: 19; best_tax_advantage: 0.0; random_action_prob: 0.1787; saved_snapshots: 0
0 -0.0006122448979591836 49
1 0.03307217462456681 51
2 -0.007016750096264921 28
update: 68; loss: -0.0007053579514225324; cumulative_reward: 1.678253467962419; success_count: 2; episode_count: 5; invalid_count: 0; positive_reward_count: 26; random_exploration_count: 20; best_tax_advantage: 56754000.0; random_action_prob: 0.1778; saved_snapshots: 0
0 -0.0002127659574468085 47
1 0.03843171813870495 48
2 -0.0047414849301641755 33
update: 69; loss: 0.031022070596615475; cumulative_reward: 1.205709402397349; success_count: 2; episode_count: 6; invalid_count: 0; positive_reward_count: 23; random_exploration_count: 28; best_tax_advantage: 46746000.0; random_action_prob: 0.1769; saved_snapshots: 0
0 -0.00044444444444444447 45
1 0.02959492439774936 52
2 -0.010104086009213484 31
update: 70; loss: 0.0010322981203595798; cumulative_reward: 1.5148507066446861; success_count: 2; episode_count: 6; invalid_count: 0; positive_reward_count: 26; random_exploration_count: 19; best_tax_advantage: 46746000.0; random_action_prob: 0.1760; saved_snapshots: 0
0 -0.0006521739130434782 46
1 0.03479528782473608 48
2 -0.0036859737924307533 34
update: 71; loss: -0.007442574171970288; cumulative_reward: 1.17353141897711; success_count: 0; episode_count: 2; invalid_count: 0; positive_reward_count: 22; random_exploration_count: 25; best_tax_advantage: 0.0; random_action_prob: 0.1751; saved_snapshots: 0
0 -0.000625 48
1 0.025270628379542196 50
2 -0.002 30
update: 72; loss: -0.016122807438174885; cumulative_reward: 1.7549154072006155; success_count: 0; episode_count: 0; invalid_count: 0; positive_reward_count: 26; random_exploration_count: 21; best_tax_advantage: 0.0; random_action_prob: 0.1743; saved_snapshots: 0
0 -0.0004 50
1 0.03348896994718144 53
2 0.0 25
update: 73; loss: -0.0028947413278122744; cumulative_reward: 1.5540032817556957; success_count: 2; episode_count: 3; invalid_count: 0; positive_reward_count: 25; random_exploration_count: 24; best_tax_advantage: 56754000.0; random_action_prob: 0.1734; saved_snapshots: 0
0 -0.0010638297872340426 47
1 0.030641571353881063 53
2 -0.0007142857142857143 28
update: 74; loss: 0.06889182329177856; cumulative_reward: 1.5201855761189986; success_count: 0; episode_count: 2; invalid_count: 0; positive_reward_count: 26; random_exploration_count: 25; best_tax_advantage: 0.0; random_action_prob: 0.1725; saved_snapshots: 0
0 -0.00040816326530612246 49
1 0.032568401549334165 50
2 -0.003042569011989962 29
update: 75; loss: 0.05075806379318237; cumulative_reward: 1.6498232034559102; success_count: 2; episode_count: 4; invalid_count: 0; positive_reward_count: 28; random_exploration_count: 17; best_tax_advantage: 46746000.0; random_action_prob: 0.1717; saved_snapshots: 0
0 -0.00020833333333333335 48
1 0.035943106390324636 52
2 -0.007472083172891798 28
update: 76; loss: -0.011129884825398525; cumulative_reward: 1.0474945662096997; success_count: 0; episode_count: 6; invalid_count: 0; positive_reward_count: 22; random_exploration_count: 19; best_tax_advantage: 0.0; random_action_prob: 0.1708; saved_snapshots: 0
0 -0.0009302325581395349 43
1 0.028770171707506943 47
2 -0.006965881685345439 38
update: 77; loss: 0.0037936417696376643; cumulative_reward: 1.7582161057229493; success_count: 1; episode_count: 2; invalid_count: 0; positive_reward_count: 26; random_exploration_count: 22; best_tax_advantage: 46746000.0; random_action_prob: 0.1699; saved_snapshots: 0
0 -0.0004 50
1 0.03438877126390288 52
2 -0.0003846153846153846 26
update: 78; loss: -0.0001881482700506846; cumulative_reward: 1.4666951325106363; success_count: 1; episode_count: 4; invalid_count: 0; positive_reward_count: 23; random_exploration_count: 23; best_tax_advantage: 56754000.0; random_action_prob: 0.1691; saved_snapshots: 0
0 -0.0008333333333333334 48
1 0.02744098450911852 56
2 -0.00125 24
update: 79; loss: 1.7784669399261475; cumulative_reward: 1.1827747258172396; success_count: 1; episode_count: 6; invalid_count: 0; positive_reward_count: 27; random_exploration_count: 25; best_tax_advantage: 56754000.0; random_action_prob: 0.1683; saved_snapshots: 0
0 -0.00045454545454545455 44
1 0.024887670250490587 57
2 -0.00799342512817496 27
update: 80; loss: -0.0160215279708306; cumulative_reward: 1.6340629061176353; success_count: 3; episode_count: 4; invalid_count: 0; positive_reward_count: 27; random_exploration_count: 20; best_tax_advantage: 46746000.0; random_action_prob: 0.1674; saved_snapshots: 0
0 0.0 49
1 0.0342459481493069 50
2 -0.0026977414257830655 29
update: 81; loss: 0.006536756797383229; cumulative_reward: 1.3708732073704804; success_count: 1; episode_count: 5; invalid_count: 0; positive_reward_count: 24; random_exploration_count: 24; best_tax_advantage: 46746000.0; random_action_prob: 0.1666; saved_snapshots: 0
0 -0.0006521739130434782 46
1 0.031124357060115664 51
2 -0.0060151291192070255 31
update: 82; loss: -0.01180732250213623; cumulative_reward: 1.1229076819407011; success_count: 0; episode_count: 8; invalid_count: 0; positive_reward_count: 22; random_exploration_count: 21; best_tax_advantage: 0.0; random_action_prob: 0.1657; saved_snapshots: 0
0 0.0 42
1 0.025678796962544003 53
2 -0.007214198699216101 33
update: 83; loss: 0.0048819238630433874; cumulative_reward: 1.187611185983827; success_count: 0; episode_count: 5; invalid_count: 0; positive_reward_count: 21; random_exploration_count: 25; best_tax_advantage: 0.0; random_action_prob: 0.1649; saved_snapshots: 0
0 -0.0010869565217391304 46
1 0.027344774018097807 50
2 -0.004050859841283211 32
update: 84; loss: 0.11478455364704132; cumulative_reward: 1.6291928788024639; success_count: 0; episode_count: 2; invalid_count: 0; positive_reward_count: 27; random_exploration_count: 17; best_tax_advantage: 0.0; random_action_prob: 0.1641; saved_snapshots: 0
0 0.0 49
1 0.03466827863640037 52
2 -0.0064280596403835 27
update: 85; loss: 0.00510977612187465; cumulative_reward: 1.1907178806074319; success_count: 0; episode_count: 4; invalid_count: 0; positive_reward_count: 22; random_exploration_count: 26; best_tax_advantage: 0.0; random_action_prob: 0.1633; saved_snapshots: 0
0 -0.0004347826086956522 46
1 0.02695224786389923 54
2 -0.008739410858683096 28
update: 86; loss: -0.007478388026356697; cumulative_reward: 1.7350520432229493; success_count: 0; episode_count: 1; invalid_count: 0; positive_reward_count: 27; random_exploration_count: 12; best_tax_advantage: 0.0; random_action_prob: 0.1625; saved_snapshots: 0
0 0.0 50
1 0.03783042091836735 50
2 -0.005588178667693493 28
update: 87; loss: 0.014671163323024908; cumulative_reward: 1.446205494793462; success_count: 1; episode_count: 5; invalid_count: 0; positive_reward_count: 23; random_exploration_count: 28; best_tax_advantage: 56754000.0; random_action_prob: 0.1616; saved_snapshots: 0
0 -0.000425531914893617 47
1 0.025953663073265177 57
2 -0.0005480541826105443 24
update: 88; loss: -0.01978204833964507; cumulative_reward: 1.6705491913746626; success_count: 0; episode_count: 2; invalid_count: 0; positive_reward_count: 24; random_exploration_count: 19; best_tax_advantage: 0.0; random_action_prob: 0.1608; saved_snapshots: 0
0 0.0 49
1 0.03446643132488845 51
2 -0.0031156716498088456 28
update: 89; loss: 0.01071645567814509; cumulative_reward: 1.0810337965079901; success_count: 0; episode_count: 5; invalid_count: 0; positive_reward_count: 23; random_exploration_count: 25; best_tax_advantage: 0.0; random_action_prob: 0.1600; saved_snapshots: 0
0 -0.0013636363636363635 44
1 0.027504848564403085 52
2 -0.009038072776280324 32
update: 90; loss: -0.0038284766487777233; cumulative_reward: 1.2540899553038316; success_count: 0; episode_count: 3; invalid_count: 0; positive_reward_count: 21; random_exploration_count: 12; best_tax_advantage: 0.0; random_action_prob: 0.1592; saved_snapshots: 0
0 -0.00020833333333333335 48
1 0.025214972363437855 52
2 -0.0016817359855334538 28
update: 91; loss: -0.007842354166011015; cumulative_reward: 1.6068175418752402; success_count: 0; episode_count: 1; invalid_count: 0; positive_reward_count: 26; random_exploration_count: 20; best_tax_advantage: 0.0; random_action_prob: 0.1584; saved_snapshots: 0
0 -0.0004 50
1 0.03278946236967211 52
2 -0.0030090192826041887 26
update: 92; loss: -0.004219227160016696; cumulative_reward: 1.0954347075176198; success_count: 1; episode_count: 6; invalid_count: 0; positive_reward_count: 23; random_exploration_count: 25; best_tax_advantage: 46746000.0; random_action_prob: 0.1576; saved_snapshots: 0
0 -0.00022727272727272727 44
1 0.028567454258169117 50
2 -0.009498176629142223 34
update: 93; loss: -0.022010484089454014; cumulative_reward: 1.3275681089357911; success_count: 1; episode_count: 6; invalid_count: 0; positive_reward_count: 24; random_exploration_count: 17; best_tax_advantage: 46746000.0; random_action_prob: 0.1569; saved_snapshots: 0
0 -0.00045454545454545455 44
1 0.03196231103401625 50
2 -0.0073690424342653235 34
update: 94; loss: -0.007770900925000508; cumulative_reward: 1.707167073712911; success_count: 0; episode_count: 0; invalid_count: 0; positive_reward_count: 26; random_exploration_count: 18; best_tax_advantage: 0.0; random_action_prob: 0.1561; saved_snapshots: 0
0 -0.0002 50
1 0.03239937874930022 53
2 0.0 25
update: 95; loss: 0.012073267251253128; cumulative_reward: 0.9646731805929923; success_count: 0; episode_count: 6; invalid_count: 0; positive_reward_count: 21; random_exploration_count: 23; best_tax_advantage: 0.0; random_action_prob: 0.1553; saved_snapshots: 0
0 -0.00045454545454545455 44
1 0.02834084400269542 48
2 -0.010435759209344116 36
update: 96; loss: -0.0025569542000691095; cumulative_reward: 1.735052043222949; success_count: 0; episode_count: 1; invalid_count: 0; positive_reward_count: 25; random_exploration_count: 18; best_tax_advantage: 0.0; random_action_prob: 0.1545; saved_snapshots: 0
0 0.0 50
1 0.03575797246567115 49
2 -0.0005892623308598866 29
update: 97; loss: 0.0197088240335385; cumulative_reward: 1.4717048517520213; success_count: 0; episode_count: 2; invalid_count: 0; positive_reward_count: 22; random_exploration_count: 16; best_tax_advantage: 0.0; random_action_prob: 0.1537; saved_snapshots: 0
0 -0.00020408163265306123 49
1 0.02780934910651892 54
2 -0.0008 25
update: 98; loss: -0.014741475383440653; cumulative_reward: 1.6792351300779742; success_count: 1; episode_count: 3; invalid_count: 0; positive_reward_count: 26; random_exploration_count: 19; best_tax_advantage: 46746000.0; random_action_prob: 0.1530; saved_snapshots: 0
0 -0.00040816326530612246 49
1 0.03524450257697419 51
2 -0.003508375048132461 28
update: 99; loss: -0.014422102520863215; cumulative_reward: 1.0072491305103906; success_count: 1; episode_count: 5; invalid_count: 0; positive_reward_count: 23; random_exploration_count: 17; best_tax_advantage: 2322000.0; random_action_prob: 0.1522; saved_snapshots: 0
0 -0.0015217391304347828 46
1 0.025456117946265545 52
2 -0.008215633423180593 30
2026-07-10T18:00:01 completed dub_irish_dutch run=9 elapsed_seconds=501.99 updates_logged=100
wrote metrics to /home/infres/shangold/shelter-check-gym/experiments/results/loophole_learning_metrics_dub_irish_dutch_892210_2_20260710_163219
Job finished at Fri Jul 10 18:00:05 CEST 2026
