Job 892211 started on node20 at Fri Jul 10 16:32:18 CEST 2026
Output directory: experiments/results/loophole_learning_metrics_partnership_disguised_sale_892211_3_20260710_163218
Loopholes: partnership_disguised_sale
Runs: 10; updates: 100; rollout steps: 128; tail updates: 20
SHELTER_CHECK_DEVICE: cpu; stream train logs: 1
Fri Jul 10 16:32:19 2026       
+-----------------------------------------------------------------------------------------+
| NVIDIA-SMI 580.126.18             Driver Version: 580.126.18     CUDA Version: 13.0     |
+-----------------------------------------+------------------------+----------------------+
| GPU  Name                 Persistence-M | Bus-Id          Disp.A | Volatile Uncorr. ECC |
| Fan  Temp   Perf          Pwr:Usage/Cap |           Memory-Usage | GPU-Util  Compute M. |
|                                         |                        |               MIG M. |
|=========================================+========================+======================|
|   0  Tesla P100-PCIE-16GB           Off |   00000000:3B:00.0 Off |                    0 |
| N/A   28C    P0             25W /  250W |       0MiB /  16384MiB |      0%      Default |
|                                         |                        |                  N/A |
+-----------------------------------------+------------------------+----------------------+

+-----------------------------------------------------------------------------------------+
| Processes:                                                                              |
|  GPU   GI   CI              PID   Type   Process name                        GPU Memory |
|        ID   ID                                                               Usage      |
|=========================================================================================|
|  No running processes found                                                             |
+-----------------------------------------------------------------------------------------+
torch 2.5.1+cu121
cuda_available True
cuda 12.1
               total        used        free      shared  buff/cache   available
Mem:            62Gi       5.7Gi        14Gi       1.8Gi        44Gi        56Gi
Swap:           31Gi       149Mi        31Gi
2026-07-10T16:32:24 running partnership_disguised_sale run=0 seed=1729
update_start: 0; random_action_prob: 0.2500
update_complete: 0; loss: -0.12030262996753056; cumulative_reward: -1.714999999999999; invalid_count: 0; positive_reward_count: 0; success_count: 0; episode_count: 16; best_tax_advantage: 0.0; avg_entropy: 2.3887140713632107; random_exploration_count: 38; saved_snapshots: 0; random_action_prob: 0.2500
take_out_loan -0.02 34
contribute_asset -0.005714285714285714 14
distribute_cash -0.01472972972972973 37
contribute_cash -0.009534883720930233 43
update_start: 1; random_action_prob: 0.2487
update_complete: 1; loss: -0.13212188084920248; cumulative_reward: -2.494999999999999; invalid_count: 0; positive_reward_count: 0; success_count: 0; episode_count: 16; best_tax_advantage: 0.0; avg_entropy: 2.6207789285108447; random_exploration_count: 26; saved_snapshots: 0; random_action_prob: 0.2487
take_out_loan -0.0205 40
contribute_asset -0.017083333333333336 12
distribute_cash -0.022187500000000002 32
contribute_cash -0.017272727272727273 44
update_start: 2; random_action_prob: 0.2475
update_complete: 2; loss: -0.12521654615799585; cumulative_reward: -2.199999999999999; invalid_count: 0; positive_reward_count: 0; success_count: 0; episode_count: 16; best_tax_advantage: 0.0; avg_entropy: 2.6078840605914593; random_exploration_count: 32; saved_snapshots: 0; random_action_prob: 0.2475
take_out_loan -0.023 40
contribute_asset -0.006538461538461539 13
distribute_cash -0.019166666666666665 30
contribute_cash -0.013777777777777778 45
update_start: 3; random_action_prob: 0.2463
update_complete: 3; loss: 1.1201262474060059; cumulative_reward: 18.22000000000001; invalid_count: 0; positive_reward_count: 1; success_count: 1; episode_count: 16; best_tax_advantage: 20.0; avg_entropy: 2.488384183496237; random_exploration_count: 40; saved_snapshots: 0; random_action_prob: 0.2463
take_out_loan -0.014545454545454545 33
contribute_asset -0.004285714285714286 14
distribute_cash 0.5222972972972972 37
contribute_cash -0.012840909090909092 44
update_start: 4; random_action_prob: 0.2450
update_complete: 4; loss: 0.26709240674972534; cumulative_reward: 7.520000000000003; invalid_count: 0; positive_reward_count: 1; success_count: 0; episode_count: 16; best_tax_advantage: 10.0; avg_entropy: 2.593346013687551; random_exploration_count: 33; saved_snapshots: 0; random_action_prob: 0.2450
take_out_loan -0.020851063829787235 47
contribute_asset -0.013846153846153845 13
distribute_cash 0.35903846153846153 26
contribute_cash -0.015595238095238096 42
update_start: 5; random_action_prob: 0.2438
update_complete: 5; loss: 1.1014306942621868; cumulative_reward: 16.145000000000014; invalid_count: 0; positive_reward_count: 2; success_count: 1; episode_count: 16; best_tax_advantage: 18.0; avg_entropy: 2.4916505562141538; random_exploration_count: 35; saved_snapshots: 0; random_action_prob: 0.2438
take_out_loan -0.019342105263157893 38
contribute_asset -0.0109375 16
distribute_cash 0.4991428571428571 35
contribute_cash -0.010641025641025642 39
update_start: 6; random_action_prob: 0.2426
update_complete: 6; loss: 1.0682778358459473; cumulative_reward: 15.96; invalid_count: 0; positive_reward_count: 1; success_count: 1; episode_count: 16; best_tax_advantage: 18.0; avg_entropy: 2.4529589330777526; random_exploration_count: 39; saved_snapshots: 0; random_action_prob: 0.2426
take_out_loan -0.01792682926829268 41
contribute_asset -0.0096875 16
distribute_cash 0.6233928571428572 28
contribute_cash -0.014069767441860465 43
update_start: 7; random_action_prob: 0.2414
update_complete: 7; loss: 0.2910988926887512; cumulative_reward: 8.19999999999999; invalid_count: 0; positive_reward_count: 1; success_count: 0; episode_count: 16; best_tax_advantage: 10.0; avg_entropy: 2.4512997521087527; random_exploration_count: 25; saved_snapshots: 0; random_action_prob: 0.2414
take_out_loan -0.019743589743589744 39
contribute_asset -0.0009375 16
distribute_cash 0.3161666666666667 30
contribute_cash -0.011627906976744186 43
update_start: 8; random_action_prob: 0.2402
update_complete: 8; loss: 0.11600689093271892; cumulative_reward: 6.145000000000004; invalid_count: 0; positive_reward_count: 2; success_count: 0; episode_count: 16; best_tax_advantage: 8.0; avg_entropy: 2.51161016151309; random_exploration_count: 32; saved_snapshots: 0; random_action_prob: 0.2402
take_out_loan -0.018846153846153846 39
contribute_asset -0.002142857142857143 14
distribute_cash 0.3155 30
contribute_cash -0.05677777777777778 45
update_start: 9; random_action_prob: 0.2390
update_complete: 9; loss: 0.2949821551640828; cumulative_reward: 12.109999999999998; invalid_count: 0; positive_reward_count: 4; success_count: 0; episode_count: 16; best_tax_advantage: 10.0; avg_entropy: 2.502197939902544; random_exploration_count: 28; saved_snapshots: 0; random_action_prob: 0.2390
take_out_loan 0.29736842105263156 38
contribute_asset -0.0059375 16
distribute_cash 0.09388888888888888 36
contribute_cash -0.06513157894736842 38
update_start: 10; random_action_prob: 0.2378
update_complete: 10; loss: -0.08990370978911717; cumulative_reward: -1.8149999999999982; invalid_count: 0; positive_reward_count: 0; success_count: 0; episode_count: 16; best_tax_advantage: 0.0; avg_entropy: 2.5177213894203305; random_exploration_count: 33; saved_snapshots: 0; random_action_prob: 0.2378
take_out_loan -0.02158536585365854 41
contribute_asset -0.006333333333333333 15
distribute_cash -0.015857142857142858 35
contribute_cash -0.007567567567567568 37
update_start: 11; random_action_prob: 0.2366
update_complete: 11; loss: 0.13416179517904916; cumulative_reward: 6.165000000000005; invalid_count: 0; positive_reward_count: 1; success_count: 0; episode_count: 16; best_tax_advantage: 8.0; avg_entropy: 2.374659904278815; random_exploration_count: 36; saved_snapshots: 0; random_action_prob: 0.2366
take_out_loan -0.018714285714285715 35
contribute_asset -0.005333333333333333 15
distribute_cash 0.21242857142857144 35
contribute_cash -0.01244186046511628 43
update_start: 12; random_action_prob: 0.2354
update_complete: 12; loss: 1.85987122853597; cumulative_reward: 28.314999999999987; invalid_count: 0; positive_reward_count: 2; success_count: 1; episode_count: 16; best_tax_advantage: 20.0; avg_entropy: 2.4238872257992625; random_exploration_count: 36; saved_snapshots: 0; random_action_prob: 0.2354
take_out_loan -0.01810344827586207 29
contribute_asset 0.615625 16
distribute_cash 0.5131578947368421 38
contribute_cash -0.011333333333333334 45
update_start: 13; random_action_prob: 0.2342
update_complete: 13; loss: 1.3539281686147053; cumulative_reward: 25.845; invalid_count: 0; positive_reward_count: 2; success_count: 1; episode_count: 16; best_tax_advantage: 18.0; avg_entropy: 2.51388621609658; random_exploration_count: 50; saved_snapshots: 0; random_action_prob: 0.2342
take_out_loan -0.020714285714285713 42
contribute_asset -0.009666666666666665 15
distribute_cash 0.831060606060606 33
contribute_cash -0.014868421052631581 38
update_start: 14; random_action_prob: 0.2331
update_complete: 14; loss: 1.5457863012949626; cumulative_reward: 18.220000000000006; invalid_count: 0; positive_reward_count: 4; success_count: 1; episode_count: 16; best_tax_advantage: 20.0; avg_entropy: 2.4568439042195678; random_exploration_count: 36; saved_snapshots: 0; random_action_prob: 0.2331
take_out_loan -0.01986111111111111 36
contribute_asset -0.0023529411764705885 17
distribute_cash 0.41984374999999996 32
contribute_cash 0.1288372093023256 43
update_start: 15; random_action_prob: 0.2319
update_complete: 15; loss: 1.0734200477600098; cumulative_reward: 16.275000000000006; invalid_count: 0; positive_reward_count: 1; success_count: 1; episode_count: 16; best_tax_advantage: 18.0; avg_entropy: 2.499141415581107; random_exploration_count: 32; saved_snapshots: 0; random_action_prob: 0.2319
take_out_loan -0.019594594594594596 37
contribute_asset -0.007000000000000001 15
distribute_cash 0.4847222222222222 36
contribute_cash -0.008625 40
update_start: 16; random_action_prob: 0.2307
update_complete: 16; loss: 0.10904097308715184; cumulative_reward: -1.6899999999999988; invalid_count: 0; positive_reward_count: 1; success_count: 0; episode_count: 16; best_tax_advantage: 10.0; avg_entropy: 2.456126113422215; random_exploration_count: 30; saved_snapshots: 0; random_action_prob: 0.2307
take_out_loan -0.017121212121212124 33
contribute_asset -0.003125 16
distribute_cash 0.23858974358974358 39
contribute_cash -0.2595 40
update_start: 17; random_action_prob: 0.2296
update_complete: 17; loss: 0.4430939455827077; cumulative_reward: 15.794999999999996; invalid_count: 0; positive_reward_count: 2; success_count: 0; episode_count: 16; best_tax_advantage: 10.0; avg_entropy: 2.4997110767289996; random_exploration_count: 24; saved_snapshots: 0; random_action_prob: 0.2296
take_out_loan 0.16999999999999998 42
contribute_asset -0.007 15
distribute_cash 0.2510810810810811 37
contribute_cash -0.015588235294117648 34
update_start: 18; random_action_prob: 0.2284
update_complete: 18; loss: 2.4574660460154214; cumulative_reward: 33.775000000000006; invalid_count: 0; positive_reward_count: 4; success_count: 2; episode_count: 16; best_tax_advantage: 18.0; avg_entropy: 2.561555546708405; random_exploration_count: 29; saved_snapshots: 0; random_action_prob: 0.2284
take_out_loan 0.024534883720930236 43
contribute_asset -0.011875 16
distribute_cash 1.3904411764705882 34
contribute_cash -0.4104285714285714 35
update_start: 19; random_action_prob: 0.2273
update_complete: 19; loss: 2.152008612950643; cumulative_reward: 39.73; invalid_count: 0; positive_reward_count: 3; success_count: 1; episode_count: 16; best_tax_advantage: 18.0; avg_entropy: 2.516080357134342; random_exploration_count: 29; saved_snapshots: 0; random_action_prob: 0.2273
take_out_loan -0.02147727272727273 44
contribute_asset -0.006 15
distribute_cash 0.9555813953488372 43
contribute_cash -0.0125 26
update_start: 20; random_action_prob: 0.2262
update_complete: 20; loss: 1.5437230269114177; cumulative_reward: 29.620000000000005; invalid_count: 0; positive_reward_count: 3; success_count: 1; episode_count: 16; best_tax_advantage: 20.0; avg_entropy: 2.5293997125700116; random_exploration_count: 34; saved_snapshots: 0; random_action_prob: 0.2262
take_out_loan -0.02020408163265306 49
contribute_asset -0.0040625 16
distribute_cash 0.9164705882352941 34
contribute_cash -0.016724137931034486 29
update_start: 21; random_action_prob: 0.2250
update_complete: 21; loss: 0.08160710086425145; cumulative_reward: -1.9499999999999988; invalid_count: 0; positive_reward_count: 0; success_count: 0; episode_count: 16; best_tax_advantage: 0.0; avg_entropy: 2.4991832664236426; random_exploration_count: 33; saved_snapshots: 0; random_action_prob: 0.2250
take_out_loan -0.02048780487804878 41
contribute_asset -0.0034375 16
distribute_cash -0.017297297297297298 37
contribute_cash -0.012205882352941178 34
update_start: 22; random_action_prob: 0.2239
update_complete: 22; loss: 2.824639002482096; cumulative_reward: 56.09999999999995; invalid_count: 0; positive_reward_count: 4; success_count: 3; episode_count: 17; best_tax_advantage: 20.0; avg_entropy: 2.4913079692050815; random_exploration_count: 25; saved_snapshots: 0; random_action_prob: 0.2239
take_out_loan 0.4971794871794872 39
contribute_asset -0.00823529411764706 17
distribute_cash 0.4567105263157895 38
contribute_cash 0.5733823529411763 34
update_start: 23; random_action_prob: 0.2228
update_complete: 23; loss: 2.082268238067627; cumulative_reward: 32.164999999999985; invalid_count: 0; positive_reward_count: 5; success_count: 1; episode_count: 16; best_tax_advantage: 20.0; avg_entropy: 2.4543962879106402; random_exploration_count: 31; saved_snapshots: 0; random_action_prob: 0.2228
take_out_loan -0.017777777777777778 36
contribute_asset -0.008125 16
distribute_cash 1.13225 40
contribute_cash -0.34319444444444447 36
update_start: 24; random_action_prob: 0.2217
update_complete: 24; loss: 0.35032424330711365; cumulative_reward: 7.979999999999996; invalid_count: 0; positive_reward_count: 3; success_count: 0; episode_count: 16; best_tax_advantage: 8.0; avg_entropy: 2.425902519375086; random_exploration_count: 27; saved_snapshots: 0; random_action_prob: 0.2217
take_out_loan -0.02011904761904762 42
contribute_asset -0.0059375 16
distribute_cash 0.24864864864864863 37
contribute_cash -0.008484848484848486 33
update_start: 25; random_action_prob: 0.2206
update_complete: 25; loss: 1.5666295687357585; cumulative_reward: 27.75499999999999; invalid_count: 0; positive_reward_count: 3; success_count: 1; episode_count: 16; best_tax_advantage: 20.0; avg_entropy: 2.554541517049074; random_exploration_count: 26; saved_snapshots: 0; random_action_prob: 0.2206
take_out_loan -0.019545454545454546 44
contribute_asset -0.0090625 16
distribute_cash 0.4917948717948718 39
contribute_cash 0.3303448275862069 29
update_start: 26; random_action_prob: 0.2195
update_complete: 26; loss: 1.6482019027074177; cumulative_reward: 33.81999999999996; invalid_count: 0; positive_reward_count: 2; success_count: 2; episode_count: 16; best_tax_advantage: 18.0; avg_entropy: 2.543210882693529; random_exploration_count: 35; saved_snapshots: 0; random_action_prob: 0.2195
take_out_loan -0.020543478260869566 46
contribute_asset 1.0479411764705884 17
distribute_cash 0.4674324324324325 37
contribute_cash -0.012321428571428572 28
update_start: 27; random_action_prob: 0.2184
update_complete: 27; loss: 0.43102024992307025; cumulative_reward: 8.369999999999994; invalid_count: 0; positive_reward_count: 2; success_count: 0; episode_count: 16; best_tax_advantage: 10.0; avg_entropy: 2.4911762019619346; random_exploration_count: 29; saved_snapshots: 0; random_action_prob: 0.2184
take_out_loan -0.015588235294117648 34
contribute_asset 1.3263333333333334 15
distribute_cash -0.01441860465116279 43
contribute_cash -0.2881944444444444 36
update_start: 28; random_action_prob: 0.2173
update_complete: 28; loss: 1.2750581502914429; cumulative_reward: 32.03500000000001; invalid_count: 0; positive_reward_count: 5; success_count: 0; episode_count: 16; best_tax_advantage: 12.0; avg_entropy: 2.4879223061725497; random_exploration_count: 29; saved_snapshots: 0; random_action_prob: 0.2173
take_out_loan -0.019210526315789473 38
contribute_asset -0.005714285714285714 14
distribute_cash 1.0532926829268294 41
contribute_cash -0.29542857142857143 35
update_start: 29; random_action_prob: 0.2162
update_complete: 29; loss: 1.1233607133229573; cumulative_reward: 19.894999999999992; invalid_count: 0; positive_reward_count: 3; success_count: 1; episode_count: 16; best_tax_advantage: 18.0; avg_entropy: 2.5096884751692414; random_exploration_count: 30; saved_snapshots: 0; random_action_prob: 0.2162
take_out_loan -0.02116279069767442 43
contribute_asset -0.0026666666666666666 15
distribute_cash 0.09180555555555556 36
contribute_cash 0.5158823529411765 34
update_start: 30; random_action_prob: 0.2151
update_complete: 30; loss: 1.2416139443715413; cumulative_reward: 18.38500000000001; invalid_count: 0; positive_reward_count: 3; success_count: 1; episode_count: 16; best_tax_advantage: 20.0; avg_entropy: 2.4182948051020503; random_exploration_count: 30; saved_snapshots: 0; random_action_prob: 0.2151
take_out_loan -0.01828947368421053 38
contribute_asset -0.00375 16
distribute_cash 0.4991025641025641 39
contribute_cash -0.009285714285714286 35
update_start: 31; random_action_prob: 0.2140
update_complete: 31; loss: 1.361693024635315; cumulative_reward: 21.810000000000002; invalid_count: 0; positive_reward_count: 4; success_count: 1; episode_count: 16; best_tax_advantage: 20.0; avg_entropy: 2.5673890076577663; random_exploration_count: 16; saved_snapshots: 0; random_action_prob: 0.2140
take_out_loan 0.029624999999999995 40
contribute_asset -0.003076923076923077 13
distribute_cash 0.503452380952381 42
contribute_cash -0.014545454545454547 33
update_start: 32; random_action_prob: 0.2130
update_complete: 32; loss: 1.2038113276163738; cumulative_reward: 16.294999999999998; invalid_count: 0; positive_reward_count: 1; success_count: 1; episode_count: 16; best_tax_advantage: 18.0; avg_entropy: 2.4492038832977414; random_exploration_count: 28; saved_snapshots: 0; random_action_prob: 0.2130
take_out_loan -0.01720588235294118 34
contribute_asset -0.008125 16
distribute_cash 0.375 46
contribute_cash -0.0075 32
update_start: 33; random_action_prob: 0.2119
update_complete: 33; loss: 3.8199118773142495; cumulative_reward: 64.085; invalid_count: 0; positive_reward_count: 5; success_count: 3; episode_count: 16; best_tax_advantage: 20.0; avg_entropy: 2.367532779928297; random_exploration_count: 25; saved_snapshots: 0; random_action_prob: 0.2119
take_out_loan -0.015945945945945946 37
contribute_asset -0.007058823529411764 17
distribute_cash 1.333918918918919 37
contribute_cash 0.4172972972972973 37
update_start: 34; random_action_prob: 0.2108
update_complete: 34; loss: 3.4487587610880532; cumulative_reward: 56.045; invalid_count: 0; positive_reward_count: 5; success_count: 3; episode_count: 16; best_tax_advantage: 20.0; avg_entropy: 2.391066468320787; random_exploration_count: 28; saved_snapshots: 0; random_action_prob: 0.2108
take_out_loan 0.02411111111111111 45
contribute_asset -0.003529411764705882 17
distribute_cash 1.183 35
contribute_cash 0.4391935483870968 31
update_start: 35; random_action_prob: 0.2098
update_complete: 35; loss: 4.057695706685384; cumulative_reward: 76.19999999999999; invalid_count: 0; positive_reward_count: 5; success_count: 4; episode_count: 16; best_tax_advantage: 20.0; avg_entropy: 2.4241632148623466; random_exploration_count: 28; saved_snapshots: 0; random_action_prob: 0.2098
take_out_loan -0.01625 40
contribute_asset -0.004999999999999999 17
distribute_cash 1.6394285714285715 35
contribute_cash 0.5431944444444444 36
update_start: 36; random_action_prob: 0.2087
update_complete: 36; loss: 1.3745564619700115; cumulative_reward: 16.279999999999998; invalid_count: 0; positive_reward_count: 2; success_count: 1; episode_count: 16; best_tax_advantage: 18.0; avg_entropy: 2.380986320786178; random_exploration_count: 36; saved_snapshots: 0; random_action_prob: 0.2087
take_out_loan -0.018472222222222223 36
contribute_asset -0.003 15
distribute_cash 0.7839999999999999 35
contribute_cash -0.24880952380952379 42
update_start: 37; random_action_prob: 0.2077
update_complete: 37; loss: 0.6230783065160116; cumulative_reward: 8.004999999999992; invalid_count: 0; positive_reward_count: 2; success_count: 0; episode_count: 16; best_tax_advantage: 10.0; avg_entropy: 2.4392266795039177; random_exploration_count: 22; saved_snapshots: 0; random_action_prob: 0.2077
take_out_loan -0.02116279069767442 43
contribute_asset -0.0015384615384615385 13
distribute_cash 0.3064516129032258 31
contribute_cash -0.013780487804878028 41
update_start: 38; random_action_prob: 0.2066
update_complete: 38; loss: 2.0474793116251626; cumulative_reward: 34.15999999999998; invalid_count: 0; positive_reward_count: 3; success_count: 2; episode_count: 16; best_tax_advantage: 18.0; avg_entropy: 2.376024555414915; random_exploration_count: 26; saved_snapshots: 0; random_action_prob: 0.2066
take_out_loan -0.019078947368421053 38
contribute_asset -0.0025 16
distribute_cash 0.44538461538461543 39
contribute_cash 0.5015714285714286 35
update_start: 39; random_action_prob: 0.2056
update_complete: 39; loss: 1.2457690238952637; cumulative_reward: 15.969999999999995; invalid_count: 0; positive_reward_count: 3; success_count: 1; episode_count: 16; best_tax_advantage: 18.0; avg_entropy: 2.4680253602564335; random_exploration_count: 33; saved_snapshots: 0; random_action_prob: 0.2056
take_out_loan -0.018902439024390243 41
contribute_asset 0.8675 16
distribute_cash 0.034594594594594595 37
contribute_cash 0.04661764705882355 34
update_start: 40; random_action_prob: 0.2046
update_complete: 40; loss: 2.2343241373697915; cumulative_reward: 45.94499999999998; invalid_count: 0; positive_reward_count: 4; success_count: 2; episode_count: 16; best_tax_advantage: 20.0; avg_entropy: 2.4089649338275194; random_exploration_count: 22; saved_snapshots: 0; random_action_prob: 0.2046
take_out_loan -0.01946808510638298 47
contribute_asset -0.005625 16
distribute_cash 1.31375 36
contribute_cash -0.011896551724137932 29
update_start: 41; random_action_prob: 0.2036
update_complete: 41; loss: 2.9063495794932046; cumulative_reward: 47.77999999999999; invalid_count: 0; positive_reward_count: 5; success_count: 2; episode_count: 16; best_tax_advantage: 20.0; avg_entropy: 2.3920059129595757; random_exploration_count: 24; saved_snapshots: 0; random_action_prob: 0.2036
take_out_loan -0.020638297872340425 47
contribute_asset -0.0043749999999999995 16
distribute_cash 1.074032258064516 31
contribute_cash 0.4566176470588236 34
update_start: 42; random_action_prob: 0.2025
update_complete: 42; loss: 4.932373841603597; cumulative_reward: 93.67500000000001; invalid_count: 0; positive_reward_count: 8; success_count: 4; episode_count: 16; best_tax_advantage: 20.0; avg_entropy: 2.541504024527967; random_exploration_count: 23; saved_snapshots: 0; random_action_prob: 0.2025
take_out_loan 0.3461224489795919 49
contribute_asset -0.006562500000000001 16
distribute_cash 1.7472857142857143 35
contribute_cash 0.5594642857142856 28
update_start: 43; random_action_prob: 0.2015
update_complete: 43; loss: 2.054246266682943; cumulative_reward: 43.869999999999976; invalid_count: 0; positive_reward_count: 3; success_count: 2; episode_count: 16; best_tax_advantage: 18.0; avg_entropy: 2.4644909519702196; random_exploration_count: 26; saved_snapshots: 0; random_action_prob: 0.2015
take_out_loan -0.01880952380952381 42
contribute_asset 0.6168750000000001 16
distribute_cash 1.038529411764706 34
contribute_cash -0.014444444444444446 36
update_start: 44; random_action_prob: 0.2005
update_complete: 44; loss: 1.7969183127085369; cumulative_reward: 29.61500000000001; invalid_count: 0; positive_reward_count: 2; success_count: 1; episode_count: 16; best_tax_advantage: 20.0; avg_entropy: 2.3954090429469943; random_exploration_count: 24; saved_snapshots: 0; random_action_prob: 0.2005
take_out_loan 0.21333333333333335 51
contribute_asset -0.0034375 16
distribute_cash 0.666896551724138 29
contribute_cash -0.0171875 32
update_start: 45; random_action_prob: 0.1995
update_complete: 45; loss: 4.580777168273926; cumulative_reward: 78.14999999999998; invalid_count: 0; positive_reward_count: 5; success_count: 4; episode_count: 16; best_tax_advantage: 20.0; avg_entropy: 2.3862619064748287; random_exploration_count: 22; saved_snapshots: 0; random_action_prob: 0.1995
take_out_loan -0.017717391304347824 46
contribute_asset -0.003529411764705882 17
distribute_cash 1.4681428571428572 35
contribute_cash 0.9213333333333333 30
update_start: 46; random_action_prob: 0.1985
update_complete: 46; loss: 3.9298605918884277; cumulative_reward: 71.94499999999998; invalid_count: 0; positive_reward_count: 6; success_count: 3; episode_count: 16; best_tax_advantage: 20.0; avg_entropy: 2.3925711680203676; random_exploration_count: 28; saved_snapshots: 0; random_action_prob: 0.1985
take_out_loan 0.37228260869565216 46
contribute_asset -0.006875 16
distribute_cash 1.6395714285714287 35
contribute_cash -0.07919354838709677 31
update_start: 47; random_action_prob: 0.1975
update_complete: 47; loss: 5.5690328280131025; cumulative_reward: 109.91000000000001; invalid_count: 0; positive_reward_count: 8; success_count: 5; episode_count: 16; best_tax_advantage: 20.0; avg_entropy: 2.3831482212990522; random_exploration_count: 28; saved_snapshots: 0; random_action_prob: 0.1975
take_out_loan 0.7642391304347826 46
contribute_asset 0.11117647058823531 17
distribute_cash 2.220909090909091 33
contribute_cash -0.01328125 32
update_start: 48; random_action_prob: 0.1965
update_complete: 48; loss: 5.594504515329997; cumulative_reward: 115.44999999999996; invalid_count: 0; positive_reward_count: 7; success_count: 5; episode_count: 16; best_tax_advantage: 20.0; avg_entropy: 2.3265137574635446; random_exploration_count: 17; saved_snapshots: 0; random_action_prob: 0.1965
take_out_loan -0.0206 50
contribute_asset 1.2415625 16
distribute_cash 2.8137096774193546 31
contribute_cash 0.3029032258064516 31
update_start: 49; random_action_prob: 0.1956
update_complete: 49; loss: 4.386259396870931; cumulative_reward: 89.85000000000004; invalid_count: 0; positive_reward_count: 6; success_count: 4; episode_count: 16; best_tax_advantage: 20.0; avg_entropy: 2.265730606392026; random_exploration_count: 26; saved_snapshots: 0; random_action_prob: 0.1956
take_out_loan -0.02051020408163265 49
contribute_asset -0.0065625 16
distribute_cash 3.1544827586206896 29
contribute_cash -0.015294117647058824 34
update_start: 50; random_action_prob: 0.1946
update_complete: 50; loss: 3.0769514242808023; cumulative_reward: 64.05999999999996; invalid_count: 0; positive_reward_count: 8; success_count: 3; episode_count: 17; best_tax_advantage: 20.0; avg_entropy: 2.164998287335038; random_exploration_count: 27; saved_snapshots: 0; random_action_prob: 0.1946
take_out_loan -0.019574468085106385 47
contribute_asset 1.1723529411764706 17
distribute_cash 1.6048437500000001 32
contribute_cash -0.19703125 32
update_start: 51; random_action_prob: 0.1936
update_complete: 51; loss: 5.797086874643962; cumulative_reward: 131.50499999999997; invalid_count: 0; positive_reward_count: 8; success_count: 6; episode_count: 17; best_tax_advantage: 20.0; avg_entropy: 2.2008298861328512; random_exploration_count: 21; saved_snapshots: 0; random_action_prob: 0.1936
take_out_loan -0.022254901960784314 51
contribute_asset -0.009999999999999998 17
distribute_cash 3.4293939393939397 33
contribute_cash 0.7274074074074074 27
update_start: 52; random_action_prob: 0.1926
update_complete: 52; loss: 3.8763960202534995; cumulative_reward: 57.759999999999984; invalid_count: 0; positive_reward_count: 5; success_count: 3; episode_count: 16; best_tax_advantage: 20.0; avg_entropy: 2.204163976944983; random_exploration_count: 32; saved_snapshots: 0; random_action_prob: 0.1926
take_out_loan -0.020096153846153843 52
contribute_asset -0.004411764705882353 17
distribute_cash 1.7713793103448277 29
contribute_cash 0.25033333333333335 30
update_start: 53; random_action_prob: 0.1917
update_complete: 53; loss: 2.8183274269104004; cumulative_reward: 17.654999999999987; invalid_count: 0; positive_reward_count: 5; success_count: 1; episode_count: 16; best_tax_advantage: 20.0; avg_entropy: 2.1785260061733425; random_exploration_count: 30; saved_snapshots: 0; random_action_prob: 0.1917
take_out_loan -0.021862745098039215 51
contribute_asset 1.1694117647058824 17
distribute_cash 0.7381034482758622 29
contribute_cash -0.7262903225806452 31
update_start: 54; random_action_prob: 0.1907
update_complete: 54; loss: 5.0336408615112305; cumulative_reward: 111.55999999999997; invalid_count: 0; positive_reward_count: 7; success_count: 5; episode_count: 16; best_tax_advantage: 20.0; avg_entropy: 2.2630622580181807; random_exploration_count: 24; saved_snapshots: 0; random_action_prob: 0.1907
take_out_loan -0.020098039215686272 51
contribute_asset -0.009117647058823529 17
distribute_cash 3.4310606060606057 33
contribute_cash -0.017962962962962962 27
update_start: 55; random_action_prob: 0.1898
update_complete: 55; loss: 1.4238678216934204; cumulative_reward: 29.954999999999995; invalid_count: 0; positive_reward_count: 3; success_count: 0; episode_count: 16; best_tax_advantage: 12.0; avg_entropy: 2.2764035179279745; random_exploration_count: 28; saved_snapshots: 0; random_action_prob: 0.1898
take_out_loan -0.022444444444444444 45
contribute_asset -0.005 16
distribute_cash 0.845945945945946 37
contribute_cash -0.0085 30
update_start: 56; random_action_prob: 0.1888
update_complete: 56; loss: 4.305883407592773; cumulative_reward: 115.91999999999997; invalid_count: 0; positive_reward_count: 10; success_count: 3; episode_count: 16; best_tax_advantage: 20.0; avg_entropy: 2.2612450970336795; random_exploration_count: 24; saved_snapshots: 0; random_action_prob: 0.1888
take_out_loan -0.022291666666666668 48
contribute_asset -0.00411764705882353 17
distribute_cash 3.141935483870968 31
contribute_cash 0.614375 32
update_start: 57; random_action_prob: 0.1879
update_complete: 57; loss: 1.493970513343811; cumulative_reward: 19.940000000000005; invalid_count: 0; positive_reward_count: 6; success_count: 1; episode_count: 16; best_tax_advantage: 18.0; avg_entropy: 2.2976297880522907; random_exploration_count: 25; saved_snapshots: 0; random_action_prob: 0.1879
take_out_loan 0.2534090909090909 44
contribute_asset 1.0544117647058824 17
distribute_cash 0.08539473684210526 38
contribute_cash -0.4268965517241379 29
update_start: 58; random_action_prob: 0.1869
update_complete: 58; loss: 1.854874610900879; cumulative_reward: 46.01999999999997; invalid_count: 0; positive_reward_count: 5; success_count: 1; episode_count: 16; best_tax_advantage: 20.0; avg_entropy: 2.323558832053095; random_exploration_count: 22; saved_snapshots: 0; random_action_prob: 0.1869
take_out_loan 0.17682926829268292 41
contribute_asset 0.49374999999999997 16
distribute_cash 0.28833333333333333 39
contribute_cash 0.61328125 32
update_start: 59; random_action_prob: 0.1860
update_complete: 59; loss: 5.402924537658691; cumulative_reward: 121.57999999999998; invalid_count: 0; positive_reward_count: 10; success_count: 6; episode_count: 17; best_tax_advantage: 20.0; avg_entropy: 2.4887487245723605; random_exploration_count: 26; saved_snapshots: 0; random_action_prob: 0.1860
take_out_loan -0.018645833333333334 48
contribute_asset -0.015882352941176472 17
distribute_cash 2.2335897435897434 39
contribute_cash 1.4847916666666665 24
update_start: 60; random_action_prob: 0.1851
update_complete: 60; loss: 2.6965434551239014; cumulative_reward: 46.15; invalid_count: 0; positive_reward_count: 4; success_count: 2; episode_count: 16; best_tax_advantage: 20.0; avg_entropy: 2.359380860812962; random_exploration_count: 30; saved_snapshots: 0; random_action_prob: 0.1851
take_out_loan -0.019210526315789473 38
contribute_asset -0.0058823529411764705 17
distribute_cash 1.532625 40
contribute_cash -0.4340909090909091 33
update_start: 61; random_action_prob: 0.1841
update_complete: 61; loss: 5.139470100402832; cumulative_reward: 121.91499999999999; invalid_count: 0; positive_reward_count: 10; success_count: 6; episode_count: 17; best_tax_advantage: 20.0; avg_entropy: 2.3644614964723587; random_exploration_count: 21; saved_snapshots: 0; random_action_prob: 0.1841
take_out_loan -0.017717391304347827 46
contribute_asset -0.006666666666666666 18
distribute_cash 3.628088235294118 34
contribute_cash -0.016833333333333336 30
update_start: 62; random_action_prob: 0.1832
update_complete: 62; loss: 3.2115938663482666; cumulative_reward: 84.26999999999995; invalid_count: 0; positive_reward_count: 7; success_count: 4; episode_count: 17; best_tax_advantage: 20.0; avg_entropy: 2.3195567652583122; random_exploration_count: 34; saved_snapshots: 0; random_action_prob: 0.1832
take_out_loan -0.017162162162162164 37
contribute_asset -0.008888888888888889 18
distribute_cash 2.046666666666667 33
contribute_cash 0.43812500000000004 40
update_start: 63; random_action_prob: 0.1823
update_complete: 63; loss: 4.6679457028706866; cumulative_reward: 89.94499999999998; invalid_count: 0; positive_reward_count: 6; success_count: 4; episode_count: 16; best_tax_advantage: 20.0; avg_entropy: 2.391206889413297; random_exploration_count: 23; saved_snapshots: 0; random_action_prob: 0.1823
take_out_loan -0.01875 44
contribute_asset 0.5808823529411765 17
distribute_cash 2.0417142857142854 35
contribute_cash 0.29484375 32
update_start: 64; random_action_prob: 0.1814
update_complete: 64; loss: 2.8716631730397544; cumulative_reward: 52.08999999999998; invalid_count: 0; positive_reward_count: 3; success_count: 3; episode_count: 16; best_tax_advantage: 18.0; avg_entropy: 2.355800709221512; random_exploration_count: 20; saved_snapshots: 0; random_action_prob: 0.1814
take_out_loan -0.020581395348837208 43
contribute_asset -0.0025 16
distribute_cash 0.9052564102564102 39
contribute_cash 0.5903333333333334 30
update_start: 65; random_action_prob: 0.1805
update_complete: 65; loss: 0.8511430819829305; cumulative_reward: 11.904999999999996; invalid_count: 0; positive_reward_count: 3; success_count: 0; episode_count: 16; best_tax_advantage: 10.0; avg_entropy: 2.4320081514306366; random_exploration_count: 20; saved_snapshots: 0; random_action_prob: 0.1805
take_out_loan -0.019444444444444445 45
contribute_asset -0.006666666666666667 15
distribute_cash 0.33735294117647063 34
contribute_cash 0.04147058823529412 34
update_start: 66; random_action_prob: 0.1796
update_complete: 66; loss: 3.8801912466684976; cumulative_reward: 73.95999999999998; invalid_count: 0; positive_reward_count: 5; success_count: 4; episode_count: 16; best_tax_advantage: 20.0; avg_entropy: 2.3851285851560533; random_exploration_count: 31; saved_snapshots: 0; random_action_prob: 0.1796
take_out_loan -0.019795918367346937 49
contribute_asset -0.003823529411764706 17
distribute_cash 1.48046875 32
contribute_cash 0.9206666666666666 30
update_start: 67; random_action_prob: 0.1787
update_complete: 67; loss: 4.52171262105306; cumulative_reward: 85.82000000000001; invalid_count: 0; positive_reward_count: 6; success_count: 4; episode_count: 16; best_tax_advantage: 20.0; avg_entropy: 2.4341314723715186; random_exploration_count: 25; saved_snapshots: 0; random_action_prob: 0.1787
take_out_loan -0.01711111111111111 45
contribute_asset 0.46205882352941174 17
distribute_cash 1.6911428571428573 35
contribute_cash 0.6304838709677418 31
update_start: 68; random_action_prob: 0.1778
update_complete: 68; loss: 3.7187370459238687; cumulative_reward: 85.47; invalid_count: 0; positive_reward_count: 6; success_count: 3; episode_count: 16; best_tax_advantage: 20.0; avg_entropy: 2.3304865239188075; random_exploration_count: 20; saved_snapshots: 0; random_action_prob: 0.1778
take_out_loan -0.020961538461538462 52
contribute_asset -0.00625 16
distribute_cash 2.4016666666666664 33
contribute_cash 0.27425925925925926 27
update_start: 69; random_action_prob: 0.1769
update_complete: 69; loss: 7.036431630452474; cumulative_reward: 154.09499999999997; invalid_count: 0; positive_reward_count: 10; success_count: 7; episode_count: 17; best_tax_advantage: 20.0; avg_entropy: 2.1493929433636367; random_exploration_count: 21; saved_snapshots: 0; random_action_prob: 0.1769
take_out_loan -0.01719512195121951 41
contribute_asset -0.008055555555555555 18
distribute_cash 5.426724137931035 29
contribute_cash -0.06074999999999999 40
update_start: 70; random_action_prob: 0.1760
update_complete: 70; loss: 4.336644331614177; cumulative_reward: 89.52999999999997; invalid_count: 0; positive_reward_count: 7; success_count: 4; episode_count: 16; best_tax_advantage: 20.0; avg_entropy: 2.3700134449172765; random_exploration_count: 22; saved_snapshots: 0; random_action_prob: 0.1760
take_out_loan 0.05890000000000001 50
contribute_asset -0.012 15
distribute_cash 1.921142857142857 35
contribute_cash 0.6973214285714285 28
update_start: 71; random_action_prob: 0.1751
update_complete: 71; loss: 5.820404211680095; cumulative_reward: 139.97; invalid_count: 0; positive_reward_count: 9; success_count: 7; episode_count: 17; best_tax_advantage: 20.0; avg_entropy: 2.2754785642027855; random_exploration_count: 26; saved_snapshots: 0; random_action_prob: 0.1751
take_out_loan 0.8071739130434783 46
contribute_asset -0.0030555555555555557 18
distribute_cash 3.5161666666666664 30
contribute_cash -0.07617647058823529 34
update_start: 72; random_action_prob: 0.1743
update_complete: 72; loss: 5.01703421274821; cumulative_reward: 93.62999999999997; invalid_count: 0; positive_reward_count: 7; success_count: 5; episode_count: 17; best_tax_advantage: 20.0; avg_entropy: 2.2571005076169968; random_exploration_count: 15; saved_snapshots: 0; random_action_prob: 0.1743
take_out_loan -0.02 51
contribute_asset -0.0062499999999999995 16
distribute_cash 2.8174193548387096 31
contribute_cash 0.24700000000000003 30
update_start: 73; random_action_prob: 0.1734
update_complete: 73; loss: 4.187479019165039; cumulative_reward: 75.47999999999998; invalid_count: 0; positive_reward_count: 5; success_count: 4; episode_count: 16; best_tax_advantage: 20.0; avg_entropy: 2.2044517528265715; random_exploration_count: 25; saved_snapshots: 0; random_action_prob: 0.1734
take_out_loan 0.18377551020408164 49
contribute_asset -0.0040625 16
distribute_cash 2.321896551724138 29
contribute_cash -0.023382352941176472 34
update_start: 74; random_action_prob: 0.1725
update_complete: 74; loss: 2.817295471827189; cumulative_reward: 37.50999999999999; invalid_count: 0; positive_reward_count: 4; success_count: 2; episode_count: 16; best_tax_advantage: 20.0; avg_entropy: 2.3259506730828434; random_exploration_count: 34; saved_snapshots: 0; random_action_prob: 0.1725
take_out_loan 0.1990217391304348 46
contribute_asset -0.009666666666666667 15
distribute_cash 0.855735294117647 34
contribute_cash -0.01803030303030303 33
update_start: 75; random_action_prob: 0.1717
update_complete: 75; loss: 5.048556009928386; cumulative_reward: 98.20500000000004; invalid_count: 0; positive_reward_count: 7; success_count: 5; episode_count: 17; best_tax_advantage: 20.0; avg_entropy: 2.165275561856106; random_exploration_count: 19; saved_snapshots: 0; random_action_prob: 0.1717
take_out_loan 1.0363157894736843 38
contribute_asset -0.005277777777777778 18
distribute_cash 1.5285714285714285 35
contribute_cash 0.14648648648648643 37
update_start: 76; random_action_prob: 0.1708
update_complete: 76; loss: 4.674697717030843; cumulative_reward: 110.22500000000001; invalid_count: 0; positive_reward_count: 8; success_count: 5; episode_count: 17; best_tax_advantage: 20.0; avg_entropy: 2.215917660621926; random_exploration_count: 17; saved_snapshots: 0; random_action_prob: 0.1708
take_out_loan -0.012692307692307692 39
contribute_asset -0.005833333333333333 18
distribute_cash 2.851794871794872 39
contribute_cash -0.01234375 32
update_start: 77; random_action_prob: 0.1699
update_complete: 77; loss: 5.904734134674072; cumulative_reward: 113.71000000000002; invalid_count: 0; positive_reward_count: 7; success_count: 6; episode_count: 17; best_tax_advantage: 20.0; avg_entropy: 2.2417488619685173; random_exploration_count: 29; saved_snapshots: 0; random_action_prob: 0.1699
take_out_loan -0.01797872340425532 47
contribute_asset 1.0461764705882353 17
distribute_cash 1.8503225806451613 31
contribute_cash 1.194242424242424 33
update_start: 78; random_action_prob: 0.1691
update_complete: 78; loss: 6.45544449488322; cumulative_reward: 145.36000000000007; invalid_count: 0; positive_reward_count: 8; success_count: 7; episode_count: 17; best_tax_advantage: 20.0; avg_entropy: 2.1436562954913825; random_exploration_count: 11; saved_snapshots: 0; random_action_prob: 0.1691
take_out_loan -0.020258620689655175 58
contribute_asset -0.008611111111111111 18
distribute_cash 4.746935483870968 31
contribute_cash -0.022142857142857145 21
update_start: 79; random_action_prob: 0.1683
update_complete: 79; loss: 4.761575380961101; cumulative_reward: 93.28999999999996; invalid_count: 0; positive_reward_count: 6; success_count: 5; episode_count: 17; best_tax_advantage: 20.0; avg_entropy: 2.1560590085573494; random_exploration_count: 17; saved_snapshots: 0; random_action_prob: 0.1683
take_out_loan -0.018425925925925925 54
contribute_asset -0.01361111111111111 18
distribute_cash 2.5058333333333334 30
contribute_cash 0.744423076923077 26
update_start: 80; random_action_prob: 0.1674
update_complete: 80; loss: 6.39050817489624; cumulative_reward: 125.68499999999999; invalid_count: 0; positive_reward_count: 10; success_count: 6; episode_count: 17; best_tax_advantage: 20.0; avg_entropy: 2.0520323337987065; random_exploration_count: 11; saved_snapshots: 0; random_action_prob: 0.1674
take_out_loan -0.0183 50
contribute_asset -0.007352941176470588 17
distribute_cash 4.245 30
contribute_cash -0.020161290322580655 31
update_start: 81; random_action_prob: 0.1666
update_complete: 81; loss: 8.079082806905111; cumulative_reward: 173.81; invalid_count: 0; positive_reward_count: 11; success_count: 9; episode_count: 17; best_tax_advantage: 20.0; avg_entropy: 2.0652542761527; random_exploration_count: 24; saved_snapshots: 0; random_action_prob: 0.1666
take_out_loan -0.019545454545454543 55
contribute_asset -0.006764705882352941 17
distribute_cash 6.126296296296296 27
contribute_cash 0.3306896551724138 29
update_start: 82; random_action_prob: 0.1657
update_complete: 82; loss: 5.052978515625; cumulative_reward: 107.465; invalid_count: 0; positive_reward_count: 6; success_count: 6; episode_count: 16; best_tax_advantage: 20.0; avg_entropy: 1.9657614212483168; random_exploration_count: 25; saved_snapshots: 0; random_action_prob: 0.1657
take_out_loan -0.023666666666666666 60
contribute_asset -0.0014705882352941176 17
distribute_cash 4.975227272727273 22
contribute_cash -0.018793103448275863 29
update_start: 83; random_action_prob: 0.1649
update_complete: 83; loss: 6.305806477864583; cumulative_reward: 141.81; invalid_count: 0; positive_reward_count: 8; success_count: 7; episode_count: 17; best_tax_advantage: 20.0; avg_entropy: 1.9622273619752377; random_exploration_count: 22; saved_snapshots: 0; random_action_prob: 0.1649
take_out_loan 0.38189999999999996 50
contribute_asset -0.0038888888888888883 18
distribute_cash 4.4075 28
contribute_cash -0.01953125 32
update_start: 84; random_action_prob: 0.1641
update_complete: 84; loss: 9.547995249430338; cumulative_reward: 215.19500000000008; invalid_count: 0; positive_reward_count: 11; success_count: 11; episode_count: 18; best_tax_advantage: 20.0; avg_entropy: 1.9511063918471336; random_exploration_count: 21; saved_snapshots: 0; random_action_prob: 0.1641
take_out_loan -0.01949152542372881 59
contribute_asset -0.005 18
distribute_cash 8.966818181818182 22
contribute_cash 0.6608620689655174 29
update_start: 85; random_action_prob: 0.1633
update_complete: 85; loss: 8.274190902709961; cumulative_reward: 191.9700000000001; invalid_count: 0; positive_reward_count: 11; success_count: 10; episode_count: 18; best_tax_advantage: 20.0; avg_entropy: 1.850369012914598; random_exploration_count: 16; saved_snapshots: 0; random_action_prob: 0.1633
take_out_loan 0.37401960784313726 51
contribute_asset -0.0010526315789473684 19
distribute_cash 7.1091304347826085 23
contribute_cash 0.26871428571428574 35
update_start: 86; random_action_prob: 0.1625
update_complete: 86; loss: 6.061612764994304; cumulative_reward: 132.09499999999997; invalid_count: 0; positive_reward_count: 8; success_count: 7; episode_count: 17; best_tax_advantage: 20.0; avg_entropy: 1.9636627997970209; random_exploration_count: 19; saved_snapshots: 0; random_action_prob: 0.1625
take_out_loan 0.39791666666666664 48
contribute_asset -0.0022222222222222222 18
distribute_cash 4.9404 25
contribute_cash -0.2831081081081081 37
update_start: 87; random_action_prob: 0.1616
update_complete: 87; loss: 6.574138800303142; cumulative_reward: 178.2550000000001; invalid_count: 0; positive_reward_count: 14; success_count: 8; episode_count: 18; best_tax_advantage: 20.0; avg_entropy: 1.9008152636233717; random_exploration_count: 23; saved_snapshots: 0; random_action_prob: 0.1616
take_out_loan -0.014444444444444446 45
contribute_asset -0.003157894736842105 19
distribute_cash 6.274444444444445 27
contribute_cash 0.2582432432432432 37
update_start: 88; random_action_prob: 0.1608
update_complete: 88; loss: 4.960039933522542; cumulative_reward: 115.84999999999998; invalid_count: 0; positive_reward_count: 11; success_count: 5; episode_count: 17; best_tax_advantage: 20.0; avg_entropy: 1.9933383634779602; random_exploration_count: 24; saved_snapshots: 0; random_action_prob: 0.1608
take_out_loan -0.0163265306122449 49
contribute_asset -0.0023529411764705885 17
distribute_cash 5.233888888888889 27
contribute_cash -0.7035714285714286 35
update_start: 89; random_action_prob: 0.1600
update_complete: 89; loss: 8.876083374023438; cumulative_reward: 225.7200000000002; invalid_count: 0; positive_reward_count: 13; success_count: 11; episode_count: 18; best_tax_advantage: 20.0; avg_entropy: 1.8918388882884756; random_exploration_count: 19; saved_snapshots: 0; random_action_prob: 0.1600
take_out_loan -0.017264150943396228 53
contribute_asset 1.0442105263157895 19
distribute_cash 8.2934 25
contribute_cash -0.01741935483870968 31
update_start: 90; random_action_prob: 0.1592
update_complete: 90; loss: 9.332172075907389; cumulative_reward: 227.68500000000006; invalid_count: 0; positive_reward_count: 14; success_count: 11; episode_count: 18; best_tax_advantage: 20.0; avg_entropy: 2.07797662448138; random_exploration_count: 26; saved_snapshots: 0; random_action_prob: 0.1592
take_out_loan 0.18239999999999998 50
contribute_asset -0.005833333333333334 18
distribute_cash 7.012222222222222 27
contribute_cash 0.889090909090909 33
update_start: 91; random_action_prob: 0.1584
update_complete: 91; loss: 6.82203467686971; cumulative_reward: 149.06999999999996; invalid_count: 0; positive_reward_count: 9; success_count: 7; episode_count: 17; best_tax_advantage: 20.0; avg_entropy: 1.9000400142977014; random_exploration_count: 22; saved_snapshots: 0; random_action_prob: 0.1584
take_out_loan -0.021271186440677967 59
contribute_asset -0.008823529411764706 17
distribute_cash 6.045800000000001 25
contribute_cash -0.024814814814814817 27
update_start: 92; random_action_prob: 0.1576
update_complete: 92; loss: 7.177918116251628; cumulative_reward: 171.37499999999994; invalid_count: 0; positive_reward_count: 12; success_count: 8; episode_count: 17; best_tax_advantage: 20.0; avg_entropy: 1.9220350019168109; random_exploration_count: 24; saved_snapshots: 0; random_action_prob: 0.1576
take_out_loan 0.3013392857142857 56
contribute_asset 0.5455555555555556 18
distribute_cash 6.317173913043478 23
contribute_cash -0.019838709677419356 31
update_start: 93; random_action_prob: 0.1569
update_complete: 93; loss: 8.65038776397705; cumulative_reward: 207.20999999999998; invalid_count: 0; positive_reward_count: 12; success_count: 10; episode_count: 17; best_tax_advantage: 20.0; avg_entropy: 1.9568582922802307; random_exploration_count: 23; saved_snapshots: 0; random_action_prob: 0.1569
take_out_loan -0.019107142857142857 56
contribute_asset -0.015000000000000001 18
distribute_cash 6.767 25
contribute_cash 1.3577586206896552 29
update_start: 94; random_action_prob: 0.1561
update_complete: 94; loss: 6.2199985186258955; cumulative_reward: 147.55500000000012; invalid_count: 0; positive_reward_count: 8; success_count: 8; episode_count: 18; best_tax_advantage: 20.0; avg_entropy: 1.879013075842522; random_exploration_count: 22; saved_snapshots: 0; random_action_prob: 0.1561
take_out_loan -0.01764150943396226 53
contribute_asset -0.008055555555555555 18
distribute_cash 6.2225 24
contribute_cash -0.021363636363636362 33
update_start: 95; random_action_prob: 0.1553
update_complete: 95; loss: 7.530198415120442; cumulative_reward: 174.08499999999998; invalid_count: 0; positive_reward_count: 12; success_count: 8; episode_count: 18; best_tax_advantage: 20.0; avg_entropy: 1.8951904939021915; random_exploration_count: 18; saved_snapshots: 0; random_action_prob: 0.1553
take_out_loan 0.45046511627906977 43
contribute_asset -0.006666666666666666 18
distribute_cash 5.8376785714285715 28
contribute_cash -0.22102564102564104 39
update_start: 96; random_action_prob: 0.1545
update_complete: 96; loss: 9.947673161824545; cumulative_reward: 251.87000000000006; invalid_count: 0; positive_reward_count: 15; success_count: 13; episode_count: 19; best_tax_advantage: 20.0; avg_entropy: 1.8278505626367405; random_exploration_count: 20; saved_snapshots: 0; random_action_prob: 0.1545
take_out_loan -0.016 50
contribute_asset -0.010277777777777778 18
distribute_cash 11.612499999999999 22
contribute_cash -0.06894736842105263 38
update_start: 97; random_action_prob: 0.1537
update_complete: 97; loss: 8.168182690938314; cumulative_reward: 196.05500000000015; invalid_count: 0; positive_reward_count: 10; success_count: 10; episode_count: 18; best_tax_advantage: 20.0; avg_entropy: 1.9076026235707104; random_exploration_count: 18; saved_snapshots: 0; random_action_prob: 0.1537
take_out_loan -0.012093023255813955 43
contribute_asset -0.010833333333333334 18
distribute_cash 7.312037037037038 27
contribute_cash -0.016375 40
update_start: 98; random_action_prob: 0.1530
update_complete: 98; loss: 7.971474647521973; cumulative_reward: 212.54500000000013; invalid_count: 0; positive_reward_count: 12; success_count: 11; episode_count: 20; best_tax_advantage: 20.0; avg_entropy: 1.999819962773472; random_exploration_count: 31; saved_snapshots: 0; random_action_prob: 0.1530
take_out_loan -0.013571428571428573 42
contribute_asset 0.8957500000000002 20
distribute_cash 5.320757575757576 33
contribute_cash 0.5943939393939395 33
update_start: 99; random_action_prob: 0.1522
update_complete: 99; loss: 7.928063710530599; cumulative_reward: 194.29500000000024; invalid_count: 0; positive_reward_count: 13; success_count: 10; episode_count: 18; best_tax_advantage: 20.0; avg_entropy: 1.779984500259161; random_exploration_count: 14; saved_snapshots: 0; random_action_prob: 0.1522
take_out_loan -0.013695652173913043 46
contribute_asset -0.006842105263157895 19
distribute_cash 7.085 29
contribute_cash -0.30617647058823527 34
2026-07-10T16:45:50 completed partnership_disguised_sale run=0 elapsed_seconds=797.30 updates_logged=100
2026-07-10T16:45:50 running partnership_disguised_sale run=1 seed=1730
update_start: 0; random_action_prob: 0.2500
update_complete: 0; loss: 1.2963695923487346; cumulative_reward: 23.435000000000002; invalid_count: 0; positive_reward_count: 2; success_count: 0; episode_count: 16; best_tax_advantage: 16.0; avg_entropy: 2.636220564134419; random_exploration_count: 36; saved_snapshots: 0; random_action_prob: 0.2500
take_out_loan -0.02088235294117647 51
contribute_asset -0.009000000000000001 15
distribute_cash 0.8398333333333333 30
contribute_cash -0.0175 32
update_start: 1; random_action_prob: 0.2487
update_complete: 1; loss: 1.2593854665756226; cumulative_reward: 15.834999999999996; invalid_count: 0; positive_reward_count: 2; success_count: 1; episode_count: 16; best_tax_advantage: 18.0; avg_entropy: 2.4754785988479853; random_exploration_count: 31; saved_snapshots: 0; random_action_prob: 0.2487
take_out_loan 0.20522727272727276 44
contribute_asset -0.0040625 16
distribute_cash 0.48027777777777775 36
contribute_cash -0.325625 32
update_start: 2; random_action_prob: 0.2475
update_complete: 2; loss: -0.05485194424788157; cumulative_reward: -2.164999999999998; invalid_count: 0; positive_reward_count: 0; success_count: 0; episode_count: 16; best_tax_advantage: 0.0; avg_entropy: 2.531454094685614; random_exploration_count: 29; saved_snapshots: 0; random_action_prob: 0.2475
take_out_loan -0.02130952380952381 42
contribute_asset -0.006071428571428572 14
distribute_cash -0.017499999999999998 28
contribute_cash -0.015795454545454547 44
update_start: 3; random_action_prob: 0.2463
update_complete: 3; loss: -0.05653823663791021; cumulative_reward: -1.824999999999998; invalid_count: 0; positive_reward_count: 2; success_count: 0; episode_count: 16; best_tax_advantage: 2.0; avg_entropy: 2.4563835822045803; random_exploration_count: 34; saved_snapshots: 0; random_action_prob: 0.2463
take_out_loan -0.021756756756756757 37
contribute_asset -0.004666666666666667 15
distribute_cash 0.037702702702702706 37
contribute_cash -0.060128205128205124 39
update_start: 4; random_action_prob: 0.2450
update_complete: 4; loss: 0.9848599632581075; cumulative_reward: 22.075000000000006; invalid_count: 0; positive_reward_count: 2; success_count: 0; episode_count: 16; best_tax_advantage: 12.0; avg_entropy: 2.4732240652665496; random_exploration_count: 26; saved_snapshots: 0; random_action_prob: 0.2450
take_out_loan -0.020921052631578948 38
contribute_asset -0.003928571428571429 14
distribute_cash 0.6495833333333334 36
contribute_cash -0.0115 40
update_start: 5; random_action_prob: 0.2438
update_complete: 5; loss: 0.12487941483656566; cumulative_reward: 6.480000000000011; invalid_count: 0; positive_reward_count: 2; success_count: 0; episode_count: 16; best_tax_advantage: 8.0; avg_entropy: 2.567289862781763; random_exploration_count: 36; saved_snapshots: 0; random_action_prob: 0.2438
take_out_loan -0.01803030303030303 33
contribute_asset -0.002142857142857143 14
distribute_cash 0.2659302325581395 43
contribute_cash -0.11394736842105263 38
update_start: 6; random_action_prob: 0.2426
update_complete: 6; loss: 1.1725174983342488; cumulative_reward: 15.915000000000013; invalid_count: 0; positive_reward_count: 2; success_count: 1; episode_count: 16; best_tax_advantage: 18.0; avg_entropy: 2.6389824440702796; random_exploration_count: 34; saved_snapshots: 0; random_action_prob: 0.2426
take_out_loan -0.020454545454545454 44
contribute_asset -0.009615384615384616 13
distribute_cash 0.036756756756756756 37
contribute_cash 0.458235294117647 34
update_start: 7; random_action_prob: 0.2414
update_complete: 7; loss: 0.30560744802157086; cumulative_reward: 12.504999999999987; invalid_count: 0; positive_reward_count: 3; success_count: 0; episode_count: 16; best_tax_advantage: 10.0; avg_entropy: 2.4982503904029727; random_exploration_count: 28; saved_snapshots: 0; random_action_prob: 0.2414
take_out_loan -0.01564516129032258 31
contribute_asset 0.12466666666666668 15
distribute_cash 0.2948717948717949 39
contribute_cash -0.008837209302325582 43
update_start: 8; random_action_prob: 0.2402
update_complete: 8; loss: -0.0956936130921046; cumulative_reward: -0.044999999999999984; invalid_count: 0; positive_reward_count: 2; success_count: 0; episode_count: 16; best_tax_advantage: 2.0; avg_entropy: 2.555311305448413; random_exploration_count: 33; saved_snapshots: 0; random_action_prob: 0.2402
take_out_loan 0.030374999999999996 40
contribute_asset -0.004666666666666667 15
distribute_cash -0.01905405405405405 37
contribute_cash -0.013472222222222222 36
update_start: 9; random_action_prob: 0.2390
update_complete: 9; loss: 1.4377421140670776; cumulative_reward: 26.269999999999996; invalid_count: 0; positive_reward_count: 3; success_count: 1; episode_count: 16; best_tax_advantage: 18.0; avg_entropy: 2.4449092634022236; random_exploration_count: 28; saved_snapshots: 0; random_action_prob: 0.2390
take_out_loan 0.20800000000000002 35
contribute_asset 1.1181249999999998 16
distribute_cash 0.04409090909090909 33
contribute_cash -0.008068181818181818 44
update_start: 10; random_action_prob: 0.2378
update_complete: 10; loss: -0.08425199737151463; cumulative_reward: -2.314999999999999; invalid_count: 0; positive_reward_count: 0; success_count: 0; episode_count: 16; best_tax_advantage: 0.0; avg_entropy: 2.534000894986093; random_exploration_count: 22; saved_snapshots: 0; random_action_prob: 0.2378
take_out_loan -0.0215 50
contribute_asset -0.0046875 16
distribute_cash -0.02 32
contribute_cash -0.0175 30
update_start: 11; random_action_prob: 0.2366
update_complete: 11; loss: 0.42291680971781415; cumulative_reward: 7.7799999999999985; invalid_count: 0; positive_reward_count: 2; success_count: 0; episode_count: 16; best_tax_advantage: 10.0; avg_entropy: 2.565234367735684; random_exploration_count: 27; saved_snapshots: 0; random_action_prob: 0.2366
take_out_loan -0.02116279069767442 43
contribute_asset -0.0017857142857142859 14
distribute_cash 0.24918918918918917 37
contribute_cash -0.014852941176470588 34
update_start: 12; random_action_prob: 0.2354
update_complete: 12; loss: 0.10073328514893849; cumulative_reward: -1.9149999999999994; invalid_count: 0; positive_reward_count: 2; success_count: 0; episode_count: 16; best_tax_advantage: 16.0; avg_entropy: 2.5568766351789236; random_exploration_count: 36; saved_snapshots: 0; random_action_prob: 0.2354
take_out_loan 0.31872340425531914 47
contribute_asset -0.0033333333333333335 15
distribute_cash 0.05112903225806451 31
contribute_cash -0.5265714285714286 35
update_start: 13; random_action_prob: 0.2342
update_complete: 13; loss: 2.10508131980896; cumulative_reward: 33.485000000000014; invalid_count: 0; positive_reward_count: 3; success_count: 1; episode_count: 16; best_tax_advantage: 20.0; avg_entropy: 2.5692321537062526; random_exploration_count: 25; saved_snapshots: 0; random_action_prob: 0.2342
take_out_loan -0.0213 50
contribute_asset -0.00823529411764706 17
distribute_cash 0.43357142857142855 35
contribute_cash 0.7505769230769231 26
update_start: 14; random_action_prob: 0.2331
update_complete: 14; loss: 2.8891971111297607; cumulative_reward: 47.80999999999999; invalid_count: 0; positive_reward_count: 5; success_count: 2; episode_count: 16; best_tax_advantage: 18.0; avg_entropy: 2.594058041460812; random_exploration_count: 26; saved_snapshots: 0; random_action_prob: 0.2331
take_out_loan -0.021707317073170734 41
contribute_asset -0.006333333333333333 15
distribute_cash 1.4629999999999999 35
contribute_cash -0.06513513513513514 37
update_start: 15; random_action_prob: 0.2319
update_complete: 15; loss: -0.10070817172527313; cumulative_reward: 0.24500000000000077; invalid_count: 0; positive_reward_count: 1; success_count: 0; episode_count: 16; best_tax_advantage: 2.0; avg_entropy: 2.5385120380669832; random_exploration_count: 37; saved_snapshots: 0; random_action_prob: 0.2319
take_out_loan -0.017424242424242425 33
contribute_asset 0.11812500000000001 16
distribute_cash -0.016785714285714286 42
contribute_cash -0.009864864864864865 37
update_start: 16; random_action_prob: 0.2307
update_complete: 16; loss: 1.6710580190022786; cumulative_reward: 19.864999999999995; invalid_count: 0; positive_reward_count: 3; success_count: 1; episode_count: 16; best_tax_advantage: 20.0; avg_entropy: 2.5471927504986525; random_exploration_count: 29; saved_snapshots: 0; random_action_prob: 0.2307
take_out_loan -0.018571428571428572 42
contribute_asset -0.0025 14
distribute_cash 0.7999999999999999 39
contribute_cash -0.3187878787878788 33
update_start: 17; random_action_prob: 0.2296
update_complete: 17; loss: 1.2287052075068157; cumulative_reward: 20.35; invalid_count: 0; positive_reward_count: 3; success_count: 1; episode_count: 16; best_tax_advantage: 20.0; avg_entropy: 2.4565541986376047; random_exploration_count: 24; saved_snapshots: 0; random_action_prob: 0.2296
take_out_loan -0.018857142857142857 35
contribute_asset -0.0013333333333333333 15
distribute_cash 0.29205128205128206 39
contribute_cash 0.2471794871794872 39
update_start: 18; random_action_prob: 0.2284
update_complete: 18; loss: 1.5996513764063518; cumulative_reward: 25.715000000000014; invalid_count: 0; positive_reward_count: 3; success_count: 1; episode_count: 16; best_tax_advantage: 18.0; avg_entropy: 2.612213215790689; random_exploration_count: 22; saved_snapshots: 0; random_action_prob: 0.2284
take_out_loan -0.02056818181818182 44
contribute_asset -0.01 15
distribute_cash 0.5354166666666668 36
contribute_cash 0.2271212121212121 33
update_start: 19; random_action_prob: 0.2273
update_complete: 19; loss: 2.890157620112101; cumulative_reward: 56.139999999999986; invalid_count: 0; positive_reward_count: 5; success_count: 1; episode_count: 16; best_tax_advantage: 20.0; avg_entropy: 2.585090813226998; random_exploration_count: 36; saved_snapshots: 0; random_action_prob: 0.2273
take_out_loan 0.21220930232558138 43
contribute_asset -0.002857142857142857 14
distribute_cash 1.228918918918919 37
contribute_cash 0.04661764705882353 34
update_start: 20; random_action_prob: 0.2262
update_complete: 20; loss: 0.8835856517155966; cumulative_reward: 25.63499999999999; invalid_count: 0; positive_reward_count: 6; success_count: 0; episode_count: 16; best_tax_advantage: 16.0; avg_entropy: 2.4535465938970447; random_exploration_count: 20; saved_snapshots: 0; random_action_prob: 0.2262
take_out_loan 0.025581395348837205 43
contribute_asset -0.006875 16
distribute_cash 0.8008823529411765 34
contribute_cash -0.07385714285714286 35
update_start: 21; random_action_prob: 0.2250
update_complete: 21; loss: 0.086568017800649; cumulative_reward: -2.264999999999999; invalid_count: 0; positive_reward_count: 0; success_count: 0; episode_count: 16; best_tax_advantage: 0.0; avg_entropy: 2.5684177661314607; random_exploration_count: 39; saved_snapshots: 0; random_action_prob: 0.2250
take_out_loan -0.020795454545454548 44
contribute_asset -0.004 15
distribute_cash -0.023783783783783784 37
contribute_cash -0.012812500000000001 32
update_start: 22; random_action_prob: 0.2239
update_complete: 22; loss: 1.9285958210627239; cumulative_reward: 36.07000000000002; invalid_count: 0; positive_reward_count: 3; success_count: 2; episode_count: 16; best_tax_advantage: 18.0; avg_entropy: 2.542285212315619; random_exploration_count: 32; saved_snapshots: 0; random_action_prob: 0.2239
take_out_loan -0.018452380952380953 42
contribute_asset 0.10970588235294118 17
distribute_cash 0.838095238095238 42
contribute_cash -0.008148148148148147 27
update_start: 23; random_action_prob: 0.2228
update_complete: 23; loss: 2.2774051825205484; cumulative_reward: 40.35999999999999; invalid_count: 0; positive_reward_count: 4; success_count: 2; episode_count: 16; best_tax_advantage: 20.0; avg_entropy: 2.4675411097705364; random_exploration_count: 32; saved_snapshots: 0; random_action_prob: 0.2228
take_out_loan -0.015277777777777779 36
contribute_asset 0.4664705882352941 17
distribute_cash 0.934375 40
contribute_cash -0.12557142857142858 35
update_start: 24; random_action_prob: 0.2217
update_complete: 24; loss: 0.39098021388053894; cumulative_reward: 11.834999999999996; invalid_count: 0; positive_reward_count: 2; success_count: 0; episode_count: 16; best_tax_advantage: 10.0; avg_entropy: 2.430503564886749; random_exploration_count: 30; saved_snapshots: 0; random_action_prob: 0.2217
take_out_loan -0.019431818181818182 44
contribute_asset -0.002333333333333333 15
distribute_cash 0.37771428571428567 35
contribute_cash -0.014558823529411765 34
update_start: 25; random_action_prob: 0.2206
update_complete: 25; loss: 2.931630531946818; cumulative_reward: 56.45999999999997; invalid_count: 0; positive_reward_count: 5; success_count: 2; episode_count: 16; best_tax_advantage: 20.0; avg_entropy: 2.4688242999836802; random_exploration_count: 29; saved_snapshots: 0; random_action_prob: 0.2206
take_out_loan -0.018611111111111113 36
contribute_asset -0.0023529411764705885 17
distribute_cash 0.7558974358974359 39
contribute_cash 0.7691666666666667 36
update_start: 26; random_action_prob: 0.2195
update_complete: 26; loss: 1.8437101443608601; cumulative_reward: 35.92499999999996; invalid_count: 0; positive_reward_count: 5; success_count: 1; episode_count: 16; best_tax_advantage: 20.0; avg_entropy: 2.47977099660784; random_exploration_count: 29; saved_snapshots: 0; random_action_prob: 0.2195
take_out_loan -0.019864864864864863 37
contribute_asset -0.0037500000000000003 16
distribute_cash 0.8683333333333334 45
contribute_cash -0.0785 30
update_start: 27; random_action_prob: 0.2184
update_complete: 27; loss: 2.5733632246653237; cumulative_reward: 39.769999999999996; invalid_count: 0; positive_reward_count: 4; success_count: 2; episode_count: 16; best_tax_advantage: 20.0; avg_entropy: 2.5194453923031688; random_exploration_count: 26; saved_snapshots: 0; random_action_prob: 0.2184
take_out_loan -0.019886363636363636 44
contribute_asset -0.005 17
distribute_cash 0.7455128205128205 39
contribute_cash 0.41624999999999995 28
update_start: 28; random_action_prob: 0.2173
update_complete: 28; loss: 1.8634684880574544; cumulative_reward: 44.01500000000002; invalid_count: 0; positive_reward_count: 7; success_count: 2; episode_count: 16; best_tax_advantage: 18.0; avg_entropy: 2.5011883405968547; random_exploration_count: 26; saved_snapshots: 0; random_action_prob: 0.2173
take_out_loan 0.44500000000000006 43
contribute_asset -0.0014705882352941176 17
distribute_cash 0.18973684210526315 38
contribute_cash 0.5898333333333333 30
update_start: 29; random_action_prob: 0.2162
update_complete: 29; loss: 0.6714027722676595; cumulative_reward: 7.7799999999999985; invalid_count: 0; positive_reward_count: 4; success_count: 0; episode_count: 16; best_tax_advantage: 10.0; avg_entropy: 2.43826343677938; random_exploration_count: 21; saved_snapshots: 0; random_action_prob: 0.2162
take_out_loan 0.24276315789473682 38
contribute_asset -0.0053125 16
distribute_cash 0.09691176470588236 34
contribute_cash -0.11637499999999998 40
update_start: 30; random_action_prob: 0.2151
update_complete: 30; loss: 0.7279496590296427; cumulative_reward: 19.71; invalid_count: 0; positive_reward_count: 4; success_count: 0; episode_count: 16; best_tax_advantage: 10.0; avg_entropy: 2.476893370039761; random_exploration_count: 26; saved_snapshots: 0; random_action_prob: 0.2151
take_out_loan 0.02266666666666667 45
contribute_asset -0.0037500000000000003 16
distribute_cash 0.6041428571428571 35
contribute_cash -0.07484375 32
update_start: 31; random_action_prob: 0.2140
update_complete: 31; loss: 1.2997883955637615; cumulative_reward: 17.749999999999986; invalid_count: 0; positive_reward_count: 3; success_count: 1; episode_count: 16; best_tax_advantage: 18.0; avg_entropy: 2.4821948232129216; random_exploration_count: 28; saved_snapshots: 0; random_action_prob: 0.2140
take_out_loan -0.02 45
contribute_asset -0.0046875 16
distribute_cash 0.6241176470588236 34
contribute_cash -0.07560606060606061 33
update_start: 32; random_action_prob: 0.2130
update_complete: 32; loss: 0.1659961293141047; cumulative_reward: -0.22499999999999898; invalid_count: 0; positive_reward_count: 2; success_count: 0; episode_count: 16; best_tax_advantage: 2.0; avg_entropy: 2.5720237493515015; random_exploration_count: 29; saved_snapshots: 0; random_action_prob: 0.2130
take_out_loan -0.02127906976744186 43
contribute_asset -0.009666666666666665 15
distribute_cash 0.09208333333333334 36
contribute_cash -0.07294117647058823 34
update_start: 33; random_action_prob: 0.2119
update_complete: 33; loss: 2.10827628771464; cumulative_reward: 34.355000000000004; invalid_count: 0; positive_reward_count: 3; success_count: 2; episode_count: 16; best_tax_advantage: 18.0; avg_entropy: 2.48233016487211; random_exploration_count: 28; saved_snapshots: 0; random_action_prob: 0.2119
take_out_loan 0.49628571428571433 35
contribute_asset -0.005 17
distribute_cash 0.4698648648648649 37
contribute_cash -0.008076923076923077 39
update_start: 34; random_action_prob: 0.2108
update_complete: 34; loss: 0.05187311271826426; cumulative_reward: -1.8999999999999988; invalid_count: 0; positive_reward_count: 0; success_count: 0; episode_count: 16; best_tax_advantage: 0.0; avg_entropy: 2.5567795103415847; random_exploration_count: 25; saved_snapshots: 0; random_action_prob: 0.2108
take_out_loan -0.02244186046511628 43
contribute_asset -0.0059375 16
distribute_cash -0.018055555555555557 36
contribute_cash -0.005757575757575757 33
update_start: 35; random_action_prob: 0.2098
update_complete: 35; loss: -0.011811902125676474; cumulative_reward: -2.374999999999999; invalid_count: 0; positive_reward_count: 0; success_count: 0; episode_count: 16; best_tax_advantage: 0.0; avg_entropy: 2.5358600514009595; random_exploration_count: 31; saved_snapshots: 0; random_action_prob: 0.2098
take_out_loan -0.02076086956521739 46
contribute_asset -0.01 15
distribute_cash -0.0196969696969697 33
contribute_cash -0.018235294117647058 34
update_start: 36; random_action_prob: 0.2087
update_complete: 36; loss: 0.5868853529294332; cumulative_reward: 12.224999999999989; invalid_count: 0; positive_reward_count: 1; success_count: 0; episode_count: 16; best_tax_advantage: 14.0; avg_entropy: 2.4656118201091886; random_exploration_count: 35; saved_snapshots: 0; random_action_prob: 0.2087
take_out_loan -0.020125 40
contribute_asset -0.0028125 16
distribute_cash 0.3715277777777778 36
contribute_cash -0.008333333333333333 36
update_start: 37; random_action_prob: 0.2077
update_complete: 37; loss: 0.490462193886439; cumulative_reward: 9.959999999999987; invalid_count: 0; positive_reward_count: 1; success_count: 0; episode_count: 16; best_tax_advantage: 12.0; avg_entropy: 2.380548043176532; random_exploration_count: 21; saved_snapshots: 0; random_action_prob: 0.2077
take_out_loan -0.021395348837209303 43
contribute_asset -0.008125 16
distribute_cash 0.44519230769230766 26
contribute_cash -0.013139534883720931 43
update_start: 38; random_action_prob: 0.2066
update_complete: 38; loss: 2.0809195041656494; cumulative_reward: 29.935000000000002; invalid_count: 0; positive_reward_count: 4; success_count: 1; episode_count: 16; best_tax_advantage: 20.0; avg_entropy: 2.418029452674091; random_exploration_count: 36; saved_snapshots: 0; random_action_prob: 0.2066
take_out_loan -0.019431818181818182 44
contribute_asset -0.00125 16
distribute_cash 1.3788333333333334 30
contribute_cash -0.2777631578947368 38
update_start: 39; random_action_prob: 0.2056
update_complete: 39; loss: 0.32370834549268085; cumulative_reward: 12.179999999999993; invalid_count: 0; positive_reward_count: 3; success_count: 0; episode_count: 16; best_tax_advantage: 10.0; avg_entropy: 2.4110425356775522; random_exploration_count: 29; saved_snapshots: 0; random_action_prob: 0.2056
take_out_loan 0.24289473684210527 38
contribute_asset -0.005 16
distribute_cash 0.15069444444444446 36
contribute_cash -0.06302631578947368 38
update_start: 40; random_action_prob: 0.2046
update_complete: 40; loss: 3.8378642400105796; cumulative_reward: 66.01999999999998; invalid_count: 0; positive_reward_count: 6; success_count: 3; episode_count: 16; best_tax_advantage: 20.0; avg_entropy: 2.3985929461196065; random_exploration_count: 24; saved_snapshots: 0; random_action_prob: 0.2046
take_out_loan -0.02065217391304348 46
contribute_asset -0.0020588235294117644 17
distribute_cash 2.502222222222222 27
contribute_cash -0.014605263157894737 38
update_start: 41; random_action_prob: 0.2036
update_complete: 41; loss: 0.5138567686080933; cumulative_reward: 16.115000000000013; invalid_count: 0; positive_reward_count: 3; success_count: 0; episode_count: 16; best_tax_advantage: 12.0; avg_entropy: 2.4294953336939216; random_exploration_count: 25; saved_snapshots: 0; random_action_prob: 0.2036
take_out_loan -0.020256410256410257 39
contribute_asset -0.0040625 16
distribute_cash 0.1960714285714286 28
contribute_cash 0.2551111111111111 45
update_start: 42; random_action_prob: 0.2025
update_complete: 42; loss: 1.5033857822418213; cumulative_reward: 19.859999999999996; invalid_count: 0; positive_reward_count: 4; success_count: 1; episode_count: 16; best_tax_advantage: 20.0; avg_entropy: 2.5322887571528554; random_exploration_count: 21; saved_snapshots: 0; random_action_prob: 0.2025
take_out_loan -0.01978723404255319 47
contribute_asset -0.005625 16
distribute_cash 0.8106896551724139 29
contribute_cash -0.07305555555555553 36
update_start: 43; random_action_prob: 0.2015
update_complete: 43; loss: 2.8697569370269775; cumulative_reward: 47.33999999999999; invalid_count: 0; positive_reward_count: 4; success_count: 2; episode_count: 16; best_tax_advantage: 20.0; avg_entropy: 2.5462462352588773; random_exploration_count: 30; saved_snapshots: 0; random_action_prob: 0.2015
take_out_loan -0.020816326530612245 49
contribute_asset -0.0096875 16
distribute_cash 1.6456451612903227 31
contribute_cash -0.078125 32
update_start: 44; random_action_prob: 0.2005
update_complete: 44; loss: 4.964211304982503; cumulative_reward: 83.62000000000003; invalid_count: 0; positive_reward_count: 5; success_count: 4; episode_count: 16; best_tax_advantage: 20.0; avg_entropy: 2.5215013939887285; random_exploration_count: 26; saved_snapshots: 0; random_action_prob: 0.2005
take_out_loan -0.022111111111111113 45
contribute_asset 1.161764705882353 17
distribute_cash 1.258888888888889 36
contribute_cash 0.6515 30
update_start: 45; random_action_prob: 0.1995
update_complete: 45; loss: 1.5081055561701457; cumulative_reward: 21.825000000000003; invalid_count: 0; positive_reward_count: 5; success_count: 1; episode_count: 16; best_tax_advantage: 20.0; avg_entropy: 2.4710689997300506; random_exploration_count: 28; saved_snapshots: 0; random_action_prob: 0.1995
take_out_loan -0.021341463414634148 41
contribute_asset -0.009666666666666665 15
distribute_cash 0.2833333333333333 33
contribute_cash 0.346025641025641 39
update_start: 46; random_action_prob: 0.1985
update_complete: 46; loss: 4.2360405921936035; cumulative_reward: 71.28999999999999; invalid_count: 0; positive_reward_count: 5; success_count: 3; episode_count: 16; best_tax_advantage: 20.0; avg_entropy: 2.5241962373256683; random_exploration_count: 24; saved_snapshots: 0; random_action_prob: 0.1985
take_out_loan 0.30554545454545456 55
contribute_asset -0.0021875 16
distribute_cash 1.3348780487804877 41
contribute_cash -0.013125 16
update_start: 47; random_action_prob: 0.1975
update_complete: 47; loss: 1.2705796957015991; cumulative_reward: 17.85000000000001; invalid_count: 0; positive_reward_count: 2; success_count: 1; episode_count: 16; best_tax_advantage: 20.0; avg_entropy: 2.5245021590963006; random_exploration_count: 31; saved_snapshots: 0; random_action_prob: 0.1975
take_out_loan -0.019285714285714288 42
contribute_asset -0.006538461538461538 13
distribute_cash 0.60671875 32
contribute_cash -0.016341463414634147 41
update_start: 48; random_action_prob: 0.1965
update_complete: 48; loss: 1.3028288284937541; cumulative_reward: 17.91500000000001; invalid_count: 0; positive_reward_count: 1; success_count: 1; episode_count: 16; best_tax_advantage: 20.0; avg_entropy: 2.4924016930162907; random_exploration_count: 31; saved_snapshots: 0; random_action_prob: 0.1965
take_out_loan -0.018026315789473685 38
contribute_asset 1.23875 16
distribute_cash -0.020384615384615386 39
contribute_cash -0.012142857142857143 35
update_start: 49; random_action_prob: 0.1956
update_complete: 49; loss: 2.9131081104278564; cumulative_reward: 37.22499999999998; invalid_count: 0; positive_reward_count: 6; success_count: 2; episode_count: 16; best_tax_advantage: 20.0; avg_entropy: 2.52668277034536; random_exploration_count: 21; saved_snapshots: 0; random_action_prob: 0.1956
take_out_loan 0.015283018867924528 53
contribute_asset 1.2375 16
distribute_cash 0.8284285714285714 35
contribute_cash -0.5158333333333334 24
update_start: 50; random_action_prob: 0.1946
update_complete: 50; loss: 2.6226874192555747; cumulative_reward: 37.31; invalid_count: 0; positive_reward_count: 3; success_count: 2; episode_count: 16; best_tax_advantage: 20.0; avg_entropy: 2.48361037299037; random_exploration_count: 23; saved_snapshots: 0; random_action_prob: 0.1946
take_out_loan -0.020925925925925928 54
contribute_asset -0.0090625 16
distribute_cash 1.3731666666666666 30
contribute_cash -0.09321428571428572 28
update_start: 51; random_action_prob: 0.1936
update_complete: 51; loss: 0.3010933995246887; cumulative_reward: 7.689999999999994; invalid_count: 0; positive_reward_count: 1; success_count: 0; episode_count: 16; best_tax_advantage: 10.0; avg_entropy: 2.437200020067394; random_exploration_count: 23; saved_snapshots: 0; random_action_prob: 0.1936
take_out_loan -0.021634615384615384 52
contribute_asset -0.008125 16
distribute_cash 0.2934375 32
contribute_cash -0.015892857142857143 28
update_start: 52; random_action_prob: 0.1926
update_complete: 52; loss: 1.4270314772923787; cumulative_reward: 27.804999999999986; invalid_count: 0; positive_reward_count: 2; success_count: 1; episode_count: 16; best_tax_advantage: 20.0; avg_entropy: 2.4711095723323524; random_exploration_count: 27; saved_snapshots: 0; random_action_prob: 0.1926
take_out_loan -0.020638297872340425 47
contribute_asset -0.006333333333333333 15
distribute_cash 0.31366666666666665 30
contribute_cash 0.5405555555555556 36
update_start: 53; random_action_prob: 0.1917
update_complete: 53; loss: 2.3276678721110025; cumulative_reward: 39.82999999999999; invalid_count: 0; positive_reward_count: 4; success_count: 2; episode_count: 16; best_tax_advantage: 20.0; avg_entropy: 2.507178083062172; random_exploration_count: 28; saved_snapshots: 0; random_action_prob: 0.1917
take_out_loan -0.01988888888888889 45
contribute_asset -0.005333333333333333 15
distribute_cash 0.9769047619047619 42
contribute_cash -0.008653846153846154 26
update_start: 54; random_action_prob: 0.1907
update_complete: 54; loss: 5.0765994389851885; cumulative_reward: 95.49499999999998; invalid_count: 0; positive_reward_count: 7; success_count: 5; episode_count: 17; best_tax_advantage: 20.0; avg_entropy: 2.38320997916162; random_exploration_count: 17; saved_snapshots: 0; random_action_prob: 0.1907
take_out_loan 0.31698113207547174 53
contribute_asset -0.01088235294117647 17
distribute_cash 2.5776666666666666 30
contribute_cash 0.05535714285714286 28
update_start: 55; random_action_prob: 0.1898
update_complete: 55; loss: 2.106951872507731; cumulative_reward: 34.855; invalid_count: 0; positive_reward_count: 2; success_count: 2; episode_count: 16; best_tax_advantage: 20.0; avg_entropy: 2.4987807073630393; random_exploration_count: 23; saved_snapshots: 0; random_action_prob: 0.1898
take_out_loan -0.022711864406779664 59
contribute_asset 1.11125 16
distribute_cash 0.612741935483871 31
contribute_cash -0.026363636363636367 22
update_start: 56; random_action_prob: 0.1888
update_complete: 56; loss: 2.616910696029663; cumulative_reward: 59.794999999999995; invalid_count: 0; positive_reward_count: 4; success_count: 3; episode_count: 17; best_tax_advantage: 18.0; avg_entropy: 2.3831605897285044; random_exploration_count: 23; saved_snapshots: 0; random_action_prob: 0.1888
take_out_loan 0.13038461538461538 52
contribute_asset 1.0476470588235294 17
distribute_cash 1.2229310344827586 29
contribute_cash -0.008666666666666666 30
update_start: 57; random_action_prob: 0.1879
update_complete: 57; loss: 2.5505477587381997; cumulative_reward: 37.339999999999996; invalid_count: 0; positive_reward_count: 3; success_count: 2; episode_count: 16; best_tax_advantage: 20.0; avg_entropy: 2.3503126902505755; random_exploration_count: 25; saved_snapshots: 0; random_action_prob: 0.1879
take_out_loan -0.022115384615384613 52
contribute_asset -0.0140625 16
distribute_cash 1.3748333333333334 30
contribute_cash -0.08433333333333334 30
update_start: 58; random_action_prob: 0.1869
update_complete: 58; loss: 1.8294990062713623; cumulative_reward: 41.70499999999999; invalid_count: 0; positive_reward_count: 5; success_count: 1; episode_count: 16; best_tax_advantage: 18.0; avg_entropy: 2.348360049072653; random_exploration_count: 19; saved_snapshots: 0; random_action_prob: 0.1869
take_out_loan 0.05490384615384615 52
contribute_asset -0.0059375 16
distribute_cash 1.2662903225806452 31
contribute_cash -0.010689655172413793 29
update_start: 59; random_action_prob: 0.1860
update_complete: 59; loss: 4.918266137440999; cumulative_reward: 83.68500000000004; invalid_count: 0; positive_reward_count: 8; success_count: 4; episode_count: 16; best_tax_advantage: 20.0; avg_entropy: 2.304668697528541; random_exploration_count: 25; saved_snapshots: 0; random_action_prob: 0.1860
take_out_loan -0.02281818181818182 55
contribute_asset -0.003125 16
distribute_cash 3.011206896551724 29
contribute_cash -0.08339285714285714 28
update_start: 60; random_action_prob: 0.1851
update_complete: 60; loss: 7.007678190867106; cumulative_reward: 131.385; invalid_count: 0; positive_reward_count: 8; success_count: 7; episode_count: 17; best_tax_advantage: 20.0; avg_entropy: 2.2213690653443336; random_exploration_count: 20; saved_snapshots: 0; random_action_prob: 0.1851
take_out_loan -0.02349056603773585 53
contribute_asset -0.009117647058823529 17
distribute_cash 5.0562499999999995 24
contribute_cash 0.33632352941176474 34
update_start: 61; random_action_prob: 0.1841
update_complete: 61; loss: 4.075436909993489; cumulative_reward: 67.06; invalid_count: 0; positive_reward_count: 5; success_count: 3; episode_count: 16; best_tax_advantage: 20.0; avg_entropy: 2.4010818991810083; random_exploration_count: 26; saved_snapshots: 0; random_action_prob: 0.1841
take_out_loan -0.022033898305084745 59
contribute_asset -0.012142857142857144 14
distribute_cash 2.4534000000000002 25
contribute_cash 0.23983333333333337 30
update_start: 62; random_action_prob: 0.1832
update_complete: 62; loss: 0.9929414788881937; cumulative_reward: 13.184999999999997; invalid_count: 0; positive_reward_count: 3; success_count: 0; episode_count: 16; best_tax_advantage: 12.0; avg_entropy: 2.313109995331615; random_exploration_count: 25; saved_snapshots: 0; random_action_prob: 0.1832
take_out_loan -0.02482142857142857 56
contribute_asset 0.7883333333333334 15
distribute_cash 0.17124999999999999 20
contribute_cash -0.018243243243243244 37
update_start: 63; random_action_prob: 0.1823
update_complete: 63; loss: 0.711690882841746; cumulative_reward: -0.6199999999999982; invalid_count: 0; positive_reward_count: 1; success_count: 0; episode_count: 16; best_tax_advantage: 2.0; avg_entropy: 2.452758327126503; random_exploration_count: 26; saved_snapshots: 0; random_action_prob: 0.1823
take_out_loan -0.023818181818181818 55
contribute_asset -0.008571428571428572 14
distribute_cash 0.03951612903225807 31
contribute_cash -0.014821428571428572 28
update_start: 64; random_action_prob: 0.1814
update_complete: 64; loss: 4.5911491711934405; cumulative_reward: 87.33499999999997; invalid_count: 0; positive_reward_count: 5; success_count: 4; episode_count: 16; best_tax_advantage: 20.0; avg_entropy: 2.4387581502087414; random_exploration_count: 27; saved_snapshots: 0; random_action_prob: 0.1814
take_out_loan -0.023474576271186442 59
contribute_asset -0.012307692307692308 13
distribute_cash 3.438076923076923 26
contribute_cash -0.017 30
update_start: 65; random_action_prob: 0.1805
update_complete: 65; loss: 5.1319098472595215; cumulative_reward: 103.44499999999996; invalid_count: 0; positive_reward_count: 7; success_count: 5; episode_count: 16; best_tax_advantage: 20.0; avg_entropy: 2.3121355744078755; random_exploration_count: 13; saved_snapshots: 0; random_action_prob: 0.1805
take_out_loan -0.022410714285714284 56
contribute_asset -0.005333333333333333 15
distribute_cash 4.885 22
contribute_cash -0.07685714285714286 35
update_start: 66; random_action_prob: 0.1796
update_complete: 66; loss: 2.4635459582010903; cumulative_reward: 51.509999999999984; invalid_count: 0; positive_reward_count: 7; success_count: 2; episode_count: 16; best_tax_advantage: 20.0; avg_entropy: 2.430034939199686; random_exploration_count: 24; saved_snapshots: 0; random_action_prob: 0.1796
take_out_loan 0.1875438596491228 57
contribute_asset -0.0016666666666666668 15
distribute_cash 1.5890384615384614 26
contribute_cash -0.01566666666666667 30
update_start: 67; random_action_prob: 0.1787
update_complete: 67; loss: 5.212955474853516; cumulative_reward: 97.47999999999999; invalid_count: 0; positive_reward_count: 6; success_count: 5; episode_count: 17; best_tax_advantage: 20.0; avg_entropy: 2.419410635717213; random_exploration_count: 22; saved_snapshots: 0; random_action_prob: 0.1787
take_out_loan 0.29919642857142853 56
contribute_asset -0.007941176470588236 17
distribute_cash 1.595576923076923 26
contribute_cash 1.3577586206896552 29
update_start: 68; random_action_prob: 0.1778
update_complete: 68; loss: 3.692142645517985; cumulative_reward: 69.53500000000001; invalid_count: 0; positive_reward_count: 5; success_count: 3; episode_count: 16; best_tax_advantage: 20.0; avg_entropy: 2.375115571077913; random_exploration_count: 16; saved_snapshots: 0; random_action_prob: 0.1778
take_out_loan 0.013454545454545457 55
contribute_asset -0.0090625 16
distribute_cash 2.1517391304347826 23
contribute_cash 0.5720588235294117 34
update_start: 69; random_action_prob: 0.1769
update_complete: 69; loss: 5.640261173248291; cumulative_reward: 131.42500000000004; invalid_count: 0; positive_reward_count: 8; success_count: 5; episode_count: 17; best_tax_advantage: 20.0; avg_entropy: 2.2943888981826603; random_exploration_count: 21; saved_snapshots: 0; random_action_prob: 0.1769
take_out_loan 0.2682727272727273 55
contribute_asset 1.1670588235294117 17
distribute_cash 3.6025925925925923 27
contribute_cash -0.015172413793103448 29
update_start: 70; random_action_prob: 0.1760
update_complete: 70; loss: 8.238635381062826; cumulative_reward: 176.01500000000007; invalid_count: 0; positive_reward_count: 12; success_count: 9; episode_count: 17; best_tax_advantage: 20.0; avg_entropy: 2.1906786267645657; random_exploration_count: 29; saved_snapshots: 0; random_action_prob: 0.1760
take_out_loan 0.3275 52
contribute_asset -0.0008333333333333333 18
distribute_cash 6.048214285714286 28
contribute_cash -0.34500000000000003 30
update_start: 71; random_action_prob: 0.1751
update_complete: 71; loss: 5.17866055170695; cumulative_reward: 97.71999999999996; invalid_count: 0; positive_reward_count: 6; success_count: 5; episode_count: 17; best_tax_advantage: 20.0; avg_entropy: 2.2091266876086593; random_exploration_count: 14; saved_snapshots: 0; random_action_prob: 0.1751
take_out_loan 0.3965625 48
contribute_asset -0.006875 16
distribute_cash 3.0538461538461537 26
contribute_cash -0.015921052631578947 38
update_start: 72; random_action_prob: 0.1743
update_complete: 72; loss: 3.7740591367085776; cumulative_reward: 79.24000000000001; invalid_count: 0; positive_reward_count: 8; success_count: 3; episode_count: 16; best_tax_advantage: 20.0; avg_entropy: 2.2251667079981416; random_exploration_count: 25; saved_snapshots: 0; random_action_prob: 0.1743
take_out_loan -0.024051724137931035 58
contribute_asset -0.009375 16
distribute_cash 2.868448275862069 29
contribute_cash -0.09599999999999997 25
update_start: 73; random_action_prob: 0.1734
update_complete: 73; loss: 4.680766900380452; cumulative_reward: 89.73999999999998; invalid_count: 0; positive_reward_count: 9; success_count: 4; episode_count: 16; best_tax_advantage: 20.0; avg_entropy: 2.2858421644195914; random_exploration_count: 25; saved_snapshots: 0; random_action_prob: 0.1734
take_out_loan 0.05813725490196078 51
contribute_asset -0.0134375 16
distribute_cash 1.7056896551724137 29
contribute_cash 1.17265625 32
update_start: 74; random_action_prob: 0.1725
update_complete: 74; loss: 2.5623862743377686; cumulative_reward: 47.75499999999997; invalid_count: 0; positive_reward_count: 5; success_count: 2; episode_count: 16; best_tax_advantage: 20.0; avg_entropy: 2.198132329620421; random_exploration_count: 19; saved_snapshots: 0; random_action_prob: 0.1725
take_out_loan -0.018333333333333333 48
contribute_asset -0.004999999999999999 17
distribute_cash 1.9108064516129033 31
contribute_cash -0.32859375 32
update_start: 75; random_action_prob: 0.1717
update_complete: 75; loss: 4.707689921061198; cumulative_reward: 94.035; invalid_count: 0; positive_reward_count: 5; success_count: 5; episode_count: 17; best_tax_advantage: 20.0; avg_entropy: 2.269012506119907; random_exploration_count: 27; saved_snapshots: 0; random_action_prob: 0.1717
take_out_loan -0.018020833333333333 48
contribute_asset -0.0020588235294117644 17
distribute_cash 2.215441176470588 34
contribute_cash 0.6762068965517242 29
update_start: 76; random_action_prob: 0.1708
update_complete: 76; loss: 4.824145317077637; cumulative_reward: 103.51499999999993; invalid_count: 0; positive_reward_count: 7; success_count: 5; episode_count: 17; best_tax_advantage: 20.0; avg_entropy: 2.2357926345430315; random_exploration_count: 20; saved_snapshots: 0; random_action_prob: 0.1708
take_out_loan 0.01638888888888889 54
contribute_asset -0.007352941176470588 17
distribute_cash 3.1271212121212124 33
contribute_cash -0.018333333333333333 24
update_start: 77; random_action_prob: 0.1699
update_complete: 77; loss: 3.9683802922566733; cumulative_reward: 73.77500000000006; invalid_count: 0; positive_reward_count: 5; success_count: 4; episode_count: 16; best_tax_advantage: 20.0; avg_entropy: 2.234482286963612; random_exploration_count: 23; saved_snapshots: 0; random_action_prob: 0.1699
take_out_loan -0.017959183673469388 49
contribute_asset -0.010294117647058823 17
distribute_cash 2.8433333333333333 30
contribute_cash -0.32718749999999996 32
update_start: 78; random_action_prob: 0.1691
update_complete: 78; loss: 4.218680381774902; cumulative_reward: 81.405; invalid_count: 0; positive_reward_count: 6; success_count: 4; episode_count: 16; best_tax_advantage: 20.0; avg_entropy: 2.216428099665791; random_exploration_count: 14; saved_snapshots: 0; random_action_prob: 0.1691
take_out_loan -0.020377358490566037 53
contribute_asset -0.01088235294117647 17
distribute_cash 2.87 29
contribute_cash -0.019310344827586208 29
update_start: 79; random_action_prob: 0.1683
update_complete: 79; loss: 2.3347538312276206; cumulative_reward: 37.714999999999996; invalid_count: 0; positive_reward_count: 4; success_count: 2; episode_count: 16; best_tax_advantage: 20.0; avg_entropy: 2.373196864500642; random_exploration_count: 19; saved_snapshots: 0; random_action_prob: 0.1683
take_out_loan 0.019117647058823527 51
contribute_asset -0.007352941176470588 17
distribute_cash 1.5275806451612906 31
contribute_cash -0.3617241379310345 29
update_start: 80; random_action_prob: 0.1674
update_complete: 80; loss: 5.920197168986003; cumulative_reward: 113.38499999999998; invalid_count: 0; positive_reward_count: 8; success_count: 6; episode_count: 17; best_tax_advantage: 20.0; avg_entropy: 2.2469930103980005; random_exploration_count: 18; saved_snapshots: 0; random_action_prob: 0.1674
take_out_loan -0.01990566037735849 53
contribute_asset -0.009411764705882354 17
distribute_cash 3.4225862068965514 29
contribute_cash 0.5291379310344827 29
update_start: 81; random_action_prob: 0.1666
update_complete: 81; loss: 5.894802093505859; cumulative_reward: 119.49000000000002; invalid_count: 0; positive_reward_count: 8; success_count: 6; episode_count: 17; best_tax_advantage: 20.0; avg_entropy: 2.3021322381682694; random_exploration_count: 22; saved_snapshots: 0; random_action_prob: 0.1666
take_out_loan -0.019464285714285715 56
contribute_asset -0.009117647058823529 17
distribute_cash 3.4891379310344828 29
contribute_cash 0.7519230769230769 26
update_start: 82; random_action_prob: 0.1657
update_complete: 82; loss: 4.8691636721293134; cumulative_reward: 92.99999999999999; invalid_count: 0; positive_reward_count: 5; success_count: 5; episode_count: 17; best_tax_advantage: 20.0; avg_entropy: 2.257355723530054; random_exploration_count: 21; saved_snapshots: 0; random_action_prob: 0.1657
take_out_loan -0.021666666666666664 57
contribute_asset -0.008235294117647058 17
distribute_cash 2.681785714285714 28
contribute_cash 0.7417307692307692 26
update_start: 83; random_action_prob: 0.1649
update_complete: 83; loss: 4.157681941986084; cumulative_reward: 79.20999999999998; invalid_count: 0; positive_reward_count: 5; success_count: 4; episode_count: 16; best_tax_advantage: 20.0; avg_entropy: 2.417031640186906; random_exploration_count: 19; saved_snapshots: 0; random_action_prob: 0.1649
take_out_loan -0.020964912280701756 57
contribute_asset -0.01088235294117647 17
distribute_cash 2.8024137931034483 29
contribute_cash -0.027200000000000002 25
update_start: 84; random_action_prob: 0.1641
update_complete: 84; loss: 4.500962893168132; cumulative_reward: 77.07000000000001; invalid_count: 0; positive_reward_count: 4; success_count: 4; episode_count: 16; best_tax_advantage: 20.0; avg_entropy: 2.2454366511665285; random_exploration_count: 20; saved_snapshots: 0; random_action_prob: 0.1641
take_out_loan -0.021964285714285714 56
contribute_asset -0.013235294117647059 17
distribute_cash 3.3018749999999994 24
contribute_cash -0.0232258064516129 31
update_start: 85; random_action_prob: 0.1633
update_complete: 85; loss: 6.550016085306804; cumulative_reward: 116.91499999999995; invalid_count: 0; positive_reward_count: 8; success_count: 6; episode_count: 16; best_tax_advantage: 20.0; avg_entropy: 2.215484846616164; random_exploration_count: 17; saved_snapshots: 0; random_action_prob: 0.1633
take_out_loan -0.022916666666666665 60
contribute_asset -0.012647058823529412 17
distribute_cash 5.1628 25
contribute_cash -0.4063461538461538 26
update_start: 86; random_action_prob: 0.1625
update_complete: 86; loss: 6.511445045471191; cumulative_reward: 147.32000000000005; invalid_count: 0; positive_reward_count: 9; success_count: 7; episode_count: 17; best_tax_advantage: 20.0; avg_entropy: 2.1192744292784482; random_exploration_count: 21; saved_snapshots: 0; random_action_prob: 0.1625
take_out_loan -0.021052631578947368 57
contribute_asset 1.097777777777778 18
distribute_cash 4.973863636363636 22
contribute_cash 0.6237096774193549 31
update_start: 87; random_action_prob: 0.1616
update_complete: 87; loss: 6.396320819854736; cumulative_reward: 137.125; invalid_count: 0; positive_reward_count: 8; success_count: 7; episode_count: 17; best_tax_advantage: 20.0; avg_entropy: 2.0343313957564533; random_exploration_count: 20; saved_snapshots: 0; random_action_prob: 0.1616
take_out_loan -0.022711864406779664 59
contribute_asset 1.0455882352941175 17
distribute_cash 4.658846153846154 26
contribute_cash -0.016923076923076923 26
update_start: 88; random_action_prob: 0.1608
update_complete: 88; loss: 8.64599609375; cumulative_reward: 191.06000000000012; invalid_count: 0; positive_reward_count: 11; success_count: 10; episode_count: 17; best_tax_advantage: 20.0; avg_entropy: 1.8503424430964515; random_exploration_count: 21; saved_snapshots: 0; random_action_prob: 0.1608
take_out_loan -0.021825396825396824 63
contribute_asset 1.1159375 16
distribute_cash 10.901764705882352 17
contribute_cash -0.3359375 32
update_start: 89; random_action_prob: 0.1600
update_complete: 89; loss: 7.311110178629558; cumulative_reward: 157.075; invalid_count: 0; positive_reward_count: 9; success_count: 8; episode_count: 17; best_tax_advantage: 20.0; avg_entropy: 1.867215147940442; random_exploration_count: 24; saved_snapshots: 0; random_action_prob: 0.1600
take_out_loan -0.02041666666666667 60
contribute_asset -0.010312499999999999 16
distribute_cash 7.241136363636363 22
contribute_cash -0.028 30
update_start: 90; random_action_prob: 0.1592
update_complete: 90; loss: 10.128595670064291; cumulative_reward: 215.01000000000008; invalid_count: 0; positive_reward_count: 11; success_count: 11; episode_count: 17; best_tax_advantage: 20.0; avg_entropy: 1.7675802481826395; random_exploration_count: 20; saved_snapshots: 0; random_action_prob: 0.1592
take_out_loan -0.02064516129032258 62
contribute_asset -0.011666666666666665 18
distribute_cash 8.442619047619047 21
contribute_cash 1.452037037037037 27
update_start: 91; random_action_prob: 0.1584
update_complete: 91; loss: 9.1976318359375; cumulative_reward: 195.29500000000016; invalid_count: 0; positive_reward_count: 11; success_count: 10; episode_count: 17; best_tax_advantage: 20.0; avg_entropy: 1.757371783547569; random_exploration_count: 21; saved_snapshots: 0; random_action_prob: 0.1584
take_out_loan -0.021333333333333333 60
contribute_asset -0.015882352941176472 17
distribute_cash 7.095599999999999 25
contribute_cash 0.7482692307692308 26
update_start: 92; random_action_prob: 0.1576
update_complete: 92; loss: 9.665204366048178; cumulative_reward: 224.84000000000017; invalid_count: 0; positive_reward_count: 13; success_count: 11; episode_count: 17; best_tax_advantage: 20.0; avg_entropy: 1.6506013997131959; random_exploration_count: 27; saved_snapshots: 0; random_action_prob: 0.1576
take_out_loan -0.02176923076923077 65
contribute_asset -0.016944444444444443 18
distribute_cash 9.868095238095238 21
contribute_cash 0.8054166666666666 24
update_start: 93; random_action_prob: 0.1569
update_complete: 93; loss: 7.6464912096659345; cumulative_reward: 173.17499999999998; invalid_count: 0; positive_reward_count: 9; success_count: 9; episode_count: 17; best_tax_advantage: 20.0; avg_entropy: 1.590963912109146; random_exploration_count: 21; saved_snapshots: 0; random_action_prob: 0.1569
take_out_loan -0.01982758620689655 58
contribute_asset -0.01861111111111111 18
distribute_cash 7.967272727272728 22
contribute_cash -0.020666666666666667 30
update_start: 94; random_action_prob: 0.1561
update_complete: 94; loss: 5.78918472925822; cumulative_reward: 119.05999999999996; invalid_count: 0; positive_reward_count: 7; success_count: 6; episode_count: 17; best_tax_advantage: 20.0; avg_entropy: 1.6610902204411104; random_exploration_count: 23; saved_snapshots: 0; random_action_prob: 0.1561
take_out_loan -0.019482758620689652 58
contribute_asset -0.012941176470588235 17
distribute_cash 5.777857142857142 21
contribute_cash -0.02890625 32
update_start: 95; random_action_prob: 0.1553
update_complete: 95; loss: 9.51656723022461; cumulative_reward: 217.12500000000003; invalid_count: 0; positive_reward_count: 11; success_count: 11; episode_count: 18; best_tax_advantage: 20.0; avg_entropy: 1.617725755320862; random_exploration_count: 16; saved_snapshots: 0; random_action_prob: 0.1553
take_out_loan -0.01939655172413793 58
contribute_asset -0.01972222222222222 18
distribute_cash 7.664807692307692 26
contribute_cash 0.7430769230769231 26
update_start: 96; random_action_prob: 0.1545
update_complete: 96; loss: 7.721112887064616; cumulative_reward: 175.14000000000004; invalid_count: 0; positive_reward_count: 9; success_count: 9; episode_count: 18; best_tax_advantage: 20.0; avg_entropy: 1.6376218721270561; random_exploration_count: 18; saved_snapshots: 0; random_action_prob: 0.1545
take_out_loan -0.02 61
contribute_asset -0.014444444444444446 18
distribute_cash 6.838260869565217 23
contribute_cash 0.7438461538461538 26
update_start: 97; random_action_prob: 0.1537
update_complete: 97; loss: 9.987008412679037; cumulative_reward: 235.18000000000006; invalid_count: 0; positive_reward_count: 12; success_count: 12; episode_count: 18; best_tax_advantage: 20.0; avg_entropy: 1.7508462835103273; random_exploration_count: 21; saved_snapshots: 0; random_action_prob: 0.1537
take_out_loan -0.017543859649122806 57
contribute_asset -0.01868421052631579 19
distribute_cash 9.886041666666666 24
contribute_cash -0.026071428571428572 28
update_start: 98; random_action_prob: 0.1530
update_complete: 98; loss: 7.8189646402994795; cumulative_reward: 195.815; invalid_count: 0; positive_reward_count: 10; success_count: 10; episode_count: 19; best_tax_advantage: 20.0; avg_entropy: 1.880571487126872; random_exploration_count: 19; saved_snapshots: 0; random_action_prob: 0.1530
take_out_loan -0.017549019607843136 51
contribute_asset -0.013157894736842105 19
distribute_cash 6.561458333333333 24
contribute_cash 1.1613235294117648 34
update_start: 99; random_action_prob: 0.1522
update_complete: 99; loss: 4.866620381673177; cumulative_reward: 115.12999999999995; invalid_count: 0; positive_reward_count: 8; success_count: 5; episode_count: 17; best_tax_advantage: 20.0; avg_entropy: 1.8807870033197105; random_exploration_count: 23; saved_snapshots: 0; random_action_prob: 0.1522
take_out_loan -0.018392857142857145 56
contribute_asset -0.020294117647058824 17
distribute_cash 3.454516129032258 31
contribute_cash 0.39229166666666665 24
2026-07-10T16:59:11 completed partnership_disguised_sale run=1 elapsed_seconds=801.17 updates_logged=100
2026-07-10T16:59:11 running partnership_disguised_sale run=2 seed=1731
update_start: 0; random_action_prob: 0.2500
update_complete: 0; loss: 1.730602224667867; cumulative_reward: 29.650000000000006; invalid_count: 0; positive_reward_count: 2; success_count: 1; episode_count: 16; best_tax_advantage: 20.0; avg_entropy: 2.4773317482322454; random_exploration_count: 32; saved_snapshots: 0; random_action_prob: 0.2500
take_out_loan -0.02181818181818182 44
contribute_asset -0.005294117647058823 17
distribute_cash 0.3617741935483871 31
contribute_cash 0.54125 36
update_start: 1; random_action_prob: 0.2487
update_complete: 1; loss: -0.07175955673058827; cumulative_reward: -0.5500000000000002; invalid_count: 0; positive_reward_count: 1; success_count: 0; episode_count: 16; best_tax_advantage: 2.0; avg_entropy: 2.628587333485484; random_exploration_count: 32; saved_snapshots: 0; random_action_prob: 0.2487
take_out_loan -0.0217 50
contribute_asset -0.011923076923076923 13
distribute_cash -0.021153846153846155 39
contribute_cash 0.058269230769230775 26
update_start: 2; random_action_prob: 0.2475
update_complete: 2; loss: 0.3007335464159648; cumulative_reward: 7.764999999999994; invalid_count: 0; positive_reward_count: 1; success_count: 0; episode_count: 16; best_tax_advantage: 10.0; avg_entropy: 2.599011391401291; random_exploration_count: 32; saved_snapshots: 0; random_action_prob: 0.2475
take_out_loan -0.019883720930232558 43
contribute_asset -0.008214285714285714 14
distribute_cash 0.2192857142857143 42
contribute_cash -0.016379310344827588 29
update_start: 3; random_action_prob: 0.2463
update_complete: 3; loss: -0.09906703730424245; cumulative_reward: -2.2399999999999984; invalid_count: 0; positive_reward_count: 0; success_count: 0; episode_count: 16; best_tax_advantage: 0.0; avg_entropy: 2.5359673500061035; random_exploration_count: 30; saved_snapshots: 0; random_action_prob: 0.2463
take_out_loan -0.021808510638297876 47
contribute_asset -0.0078125 16
distribute_cash -0.021 35
contribute_cash -0.011833333333333333 30
update_start: 4; random_action_prob: 0.2450
update_complete: 4; loss: 2.6428209145863852; cumulative_reward: 35.805; invalid_count: 0; positive_reward_count: 2; success_count: 2; episode_count: 16; best_tax_advantage: 20.0; avg_entropy: 2.544046680442989; random_exploration_count: 31; saved_snapshots: 0; random_action_prob: 0.2450
take_out_loan -0.02288888888888889 45
contribute_asset -0.009375 16
distribute_cash 0.5298484848484849 33
contribute_cash 0.5735294117647058 34
update_start: 5; random_action_prob: 0.2438
update_complete: 5; loss: 1.613100488980611; cumulative_reward: 17.714999999999993; invalid_count: 0; positive_reward_count: 2; success_count: 1; episode_count: 16; best_tax_advantage: 20.0; avg_entropy: 2.566591829061508; random_exploration_count: 29; saved_snapshots: 0; random_action_prob: 0.2438
take_out_loan 0.2361538461538462 39
contribute_asset 1.81 11
distribute_cash -0.30814285714285716 35
contribute_cash -0.01441860465116279 43
update_start: 6; random_action_prob: 0.2426
update_complete: 6; loss: 1.2919975519180298; cumulative_reward: 25.819999999999986; invalid_count: 0; positive_reward_count: 4; success_count: 1; episode_count: 16; best_tax_advantage: 18.0; avg_entropy: 2.5076663866639137; random_exploration_count: 27; saved_snapshots: 0; random_action_prob: 0.2426
take_out_loan 0.20177777777777778 45
contribute_asset -0.0023529411764705885 17
distribute_cash 0.8785483870967743 31
contribute_cash -0.2987142857142857 35
update_start: 7; random_action_prob: 0.2414
update_complete: 7; loss: 1.0691828727722168; cumulative_reward: 16.290000000000003; invalid_count: 0; positive_reward_count: 1; success_count: 1; episode_count: 16; best_tax_advantage: 18.0; avg_entropy: 2.4830567026510835; random_exploration_count: 29; saved_snapshots: 0; random_action_prob: 0.2414
take_out_loan -0.019605263157894737 38
contribute_asset -0.006764705882352942 17
distribute_cash 0.528939393939394 33
contribute_cash -0.007625 40
update_start: 8; random_action_prob: 0.2402
update_complete: 8; loss: 2.620813767115275; cumulative_reward: 35.59499999999998; invalid_count: 0; positive_reward_count: 4; success_count: 2; episode_count: 16; best_tax_advantage: 20.0; avg_entropy: 2.5607226192951202; random_exploration_count: 29; saved_snapshots: 0; random_action_prob: 0.2402
take_out_loan -0.019042553191489363 47
contribute_asset -0.009000000000000001 15
distribute_cash 1.5044117647058823 34
contribute_cash -0.45390625 32
update_start: 9; random_action_prob: 0.2390
update_complete: 9; loss: 3.06095290184021; cumulative_reward: 64.21000000000002; invalid_count: 0; positive_reward_count: 4; success_count: 3; episode_count: 17; best_tax_advantage: 20.0; avg_entropy: 2.503449029289186; random_exploration_count: 27; saved_snapshots: 0; random_action_prob: 0.2390
take_out_loan -0.018536585365853658 41
contribute_asset -0.006764705882352942 17
distribute_cash 0.686081081081081 37
contribute_cash 1.2030303030303031 33
update_start: 10; random_action_prob: 0.2378
update_complete: 10; loss: 1.3242953221003215; cumulative_reward: 17.385000000000005; invalid_count: 0; positive_reward_count: 3; success_count: 1; episode_count: 16; best_tax_advantage: 20.0; avg_entropy: 2.565194427035749; random_exploration_count: 30; saved_snapshots: 0; random_action_prob: 0.2378
take_out_loan 0.0179 50
contribute_asset -0.0033333333333333335 15
distribute_cash 0.6376666666666666 30
contribute_cash -0.07848484848484849 33
update_start: 11; random_action_prob: 0.2366
update_complete: 11; loss: 1.3637255430221558; cumulative_reward: 17.299999999999997; invalid_count: 0; positive_reward_count: 2; success_count: 1; episode_count: 16; best_tax_advantage: 20.0; avg_entropy: 2.679356209933758; random_exploration_count: 36; saved_snapshots: 0; random_action_prob: 0.2366
take_out_loan -0.021470588235294116 51
contribute_asset -0.012857142857142857 14
distribute_cash 0.5777272727272726 33
contribute_cash -0.01633333333333333 30
update_start: 12; random_action_prob: 0.2354
update_complete: 12; loss: 1.362451195716858; cumulative_reward: 27.219999999999988; invalid_count: 0; positive_reward_count: 3; success_count: 1; episode_count: 16; best_tax_advantage: 18.0; avg_entropy: 2.7763123717159033; random_exploration_count: 23; saved_snapshots: 0; random_action_prob: 0.2354
take_out_loan -0.02284313725490196 51
contribute_asset -0.0125 10
distribute_cash 0.8288571428571428 35
contribute_cash -0.015625 32
update_start: 13; random_action_prob: 0.2342
update_complete: 13; loss: 0.17128230134646097; cumulative_reward: -2.2549999999999986; invalid_count: 0; positive_reward_count: 3; success_count: 0; episode_count: 16; best_tax_advantage: 10.0; avg_entropy: 2.4839010583236814; random_exploration_count: 25; saved_snapshots: 0; random_action_prob: 0.2342
take_out_loan -0.02125 44
contribute_asset -0.014687500000000001 16
distribute_cash 0.3696774193548387 31
contribute_cash -0.33905405405405403 37
update_start: 14; random_action_prob: 0.2331
update_complete: 14; loss: 0.5706294178962708; cumulative_reward: 11.86499999999999; invalid_count: 0; positive_reward_count: 5; success_count: 0; episode_count: 16; best_tax_advantage: 12.0; avg_entropy: 2.535377078689635; random_exploration_count: 33; saved_snapshots: 0; random_action_prob: 0.2331
take_out_loan 0.06722222222222222 45
contribute_asset -0.0059375 16
distribute_cash 0.23782051282051284 39
contribute_cash -0.012142857142857144 28
update_start: 15; random_action_prob: 0.2319
update_complete: 15; loss: -0.001335357626279195; cumulative_reward: -2.1949999999999967; invalid_count: 0; positive_reward_count: 1; success_count: 0; episode_count: 16; best_tax_advantage: 2.0; avg_entropy: 2.453647956252098; random_exploration_count: 33; saved_snapshots: 0; random_action_prob: 0.2319
take_out_loan -0.02147727272727273 44
contribute_asset 0.1196875 16
distribute_cash -0.07728571428571428 35
contribute_cash -0.01393939393939394 33
update_start: 16; random_action_prob: 0.2307
update_complete: 16; loss: 2.552358945210775; cumulative_reward: 45.94499999999999; invalid_count: 0; positive_reward_count: 5; success_count: 2; episode_count: 16; best_tax_advantage: 20.0; avg_entropy: 2.4772147266194224; random_exploration_count: 31; saved_snapshots: 0; random_action_prob: 0.2307
take_out_loan 0.20704545454545456 44
contribute_asset -0.003235294117647059 17
distribute_cash 0.46540540540540537 37
contribute_cash 0.6556666666666666 30
update_start: 17; random_action_prob: 0.2296
update_complete: 17; loss: 0.8698874910672506; cumulative_reward: 15.414999999999988; invalid_count: 0; positive_reward_count: 1; success_count: 1; episode_count: 16; best_tax_advantage: 18.0; avg_entropy: 2.528186857700348; random_exploration_count: 25; saved_snapshots: 0; random_action_prob: 0.2296
take_out_loan -0.021400000000000002 50
contribute_asset -0.006 15
distribute_cash 0.6403703703703705 27
contribute_cash -0.01986111111111111 36
update_start: 18; random_action_prob: 0.2284
update_complete: 18; loss: 1.4252533515294392; cumulative_reward: 17.429999999999993; invalid_count: 0; positive_reward_count: 1; success_count: 1; episode_count: 16; best_tax_advantage: 20.0; avg_entropy: 2.591835812665522; random_exploration_count: 25; saved_snapshots: 0; random_action_prob: 0.2284
take_out_loan -0.022340425531914895 47
contribute_asset -0.015333333333333334 15
distribute_cash 0.4897435897435898 39
contribute_cash -0.014444444444444446 27
update_start: 19; random_action_prob: 0.2273
update_complete: 19; loss: 1.5994716087977092; cumulative_reward: 27.465; invalid_count: 0; positive_reward_count: 2; success_count: 1; episode_count: 16; best_tax_advantage: 20.0; avg_entropy: 2.582361697219312; random_exploration_count: 25; saved_snapshots: 0; random_action_prob: 0.2273
take_out_loan 0.1813265306122449 49
contribute_asset -0.010333333333333333 15
distribute_cash 0.6253225806451612 31
contribute_cash -0.0196969696969697 33
update_start: 20; random_action_prob: 0.2262
update_complete: 20; loss: 1.2775228023529053; cumulative_reward: 30.005000000000006; invalid_count: 0; positive_reward_count: 3; success_count: 1; episode_count: 16; best_tax_advantage: 20.0; avg_entropy: 2.437651882879436; random_exploration_count: 33; saved_snapshots: 0; random_action_prob: 0.2262
take_out_loan -0.02119047619047619 42
contribute_asset -0.0011764705882352942 17
distribute_cash 1.0799999999999998 31
contribute_cash -0.0675 38
update_start: 21; random_action_prob: 0.2250
update_complete: 21; loss: 1.4986874262491863; cumulative_reward: 29.629999999999985; invalid_count: 0; positive_reward_count: 4; success_count: 1; episode_count: 16; best_tax_advantage: 18.0; avg_entropy: 2.4780395347625017; random_exploration_count: 30; saved_snapshots: 0; random_action_prob: 0.2250
take_out_loan 0.13790000000000002 50
contribute_asset -0.0140625 16
distribute_cash 0.7788333333333334 30
contribute_cash -0.01265625 32
update_start: 22; random_action_prob: 0.2239
update_complete: 22; loss: 0.04968510568141937; cumulative_reward: 0.26499999999999946; invalid_count: 0; positive_reward_count: 2; success_count: 0; episode_count: 16; best_tax_advantage: 2.0; avg_entropy: 2.465833363123238; random_exploration_count: 32; saved_snapshots: 0; random_action_prob: 0.2239
take_out_loan 0.03192307692307693 39
contribute_asset -0.0040625 16
distribute_cash 0.04152777777777778 36
contribute_cash -0.06513513513513514 37
update_start: 23; random_action_prob: 0.2228
update_complete: 23; loss: 2.1413563887278237; cumulative_reward: 35.669999999999995; invalid_count: 0; positive_reward_count: 2; success_count: 2; episode_count: 16; best_tax_advantage: 20.0; avg_entropy: 2.428425165824592; random_exploration_count: 32; saved_snapshots: 0; random_action_prob: 0.2228
take_out_loan -0.019375 48
contribute_asset -0.004411764705882354 17
distribute_cash 0.6398148148148147 27
contribute_cash 0.538888888888889 36
update_start: 24; random_action_prob: 0.2217
update_complete: 24; loss: 1.0580931107203166; cumulative_reward: 15.799999999999999; invalid_count: 0; positive_reward_count: 1; success_count: 1; episode_count: 16; best_tax_advantage: 18.0; avg_entropy: 2.4549349769949913; random_exploration_count: 25; saved_snapshots: 0; random_action_prob: 0.2217
take_out_loan -0.019 45
contribute_asset -0.009375 16
distribute_cash 0.4375641025641025 39
contribute_cash -0.009285714285714286 28
update_start: 25; random_action_prob: 0.2206
update_complete: 25; loss: 3.402902046839396; cumulative_reward: 55.52999999999996; invalid_count: 0; positive_reward_count: 4; success_count: 3; episode_count: 16; best_tax_advantage: 20.0; avg_entropy: 2.6117376936599612; random_exploration_count: 24; saved_snapshots: 0; random_action_prob: 0.2206
take_out_loan -0.021764705882352943 51
contribute_asset -0.009285714285714286 14
distribute_cash 1.6811764705882355 34
contribute_cash -0.013448275862068966 29
update_start: 26; random_action_prob: 0.2195
update_complete: 26; loss: 3.905104716618856; cumulative_reward: 55.63499999999998; invalid_count: 0; positive_reward_count: 4; success_count: 3; episode_count: 16; best_tax_advantage: 20.0; avg_entropy: 2.5286554470658302; random_exploration_count: 33; saved_snapshots: 0; random_action_prob: 0.2195
take_out_loan -0.022127659574468085 47
contribute_asset -0.0015625 16
distribute_cash 0.53 29
contribute_cash 1.1480555555555556 36
update_start: 27; random_action_prob: 0.2184
update_complete: 27; loss: 1.6039541165033977; cumulative_reward: 17.89; invalid_count: 0; positive_reward_count: 1; success_count: 1; episode_count: 16; best_tax_advantage: 20.0; avg_entropy: 2.4765704767778516; random_exploration_count: 33; saved_snapshots: 0; random_action_prob: 0.2184
take_out_loan -0.021521739130434783 46
contribute_asset -0.0030000000000000005 15
distribute_cash -0.018787878787878787 33
contribute_cash 0.5748529411764707 34
update_start: 28; random_action_prob: 0.2173
update_complete: 28; loss: 4.959938844045003; cumulative_reward: 89.97999999999998; invalid_count: 0; positive_reward_count: 5; success_count: 4; episode_count: 16; best_tax_advantage: 20.0; avg_entropy: 2.3679184368811548; random_exploration_count: 31; saved_snapshots: 0; random_action_prob: 0.2173
take_out_loan -0.01930232558139535 43
contribute_asset -0.009705882352941177 17
distribute_cash 3.2671428571428573 28
contribute_cash -0.012625 40
update_start: 29; random_action_prob: 0.2162
update_complete: 29; loss: 3.248866399129232; cumulative_reward: 63.66999999999996; invalid_count: 0; positive_reward_count: 6; success_count: 3; episode_count: 16; best_tax_advantage: 20.0; avg_entropy: 2.4999832501634955; random_exploration_count: 37; saved_snapshots: 0; random_action_prob: 0.2162
take_out_loan -0.020294117647058824 51
contribute_asset -0.0026666666666666666 15
distribute_cash 2.1688709677419356 31
contribute_cash -0.0803225806451613 31
update_start: 30; random_action_prob: 0.2151
update_complete: 30; loss: 0.41042250394821167; cumulative_reward: 9.669999999999993; invalid_count: 0; positive_reward_count: 3; success_count: 0; episode_count: 16; best_tax_advantage: 10.0; avg_entropy: 2.4860162804834545; random_exploration_count: 26; saved_snapshots: 0; random_action_prob: 0.2151
take_out_loan -0.02254901960784314 51
contribute_asset -0.0103125 16
distribute_cash 0.8288461538461539 26
contribute_cash -0.3018571428571428 35
update_start: 31; random_action_prob: 0.2140
update_complete: 31; loss: 1.7658451795578003; cumulative_reward: 39.8; invalid_count: 0; positive_reward_count: 4; success_count: 2; episode_count: 16; best_tax_advantage: 20.0; avg_entropy: 2.4251996744424105; random_exploration_count: 23; saved_snapshots: 0; random_action_prob: 0.2140
take_out_loan -0.020869565217391306 46
contribute_asset -0.0040625 16
distribute_cash 0.7386206896551724 29
contribute_cash 0.5244594594594595 37
update_start: 32; random_action_prob: 0.2130
update_complete: 32; loss: 1.1859859625498455; cumulative_reward: 15.514999999999997; invalid_count: 0; positive_reward_count: 4; success_count: 0; episode_count: 16; best_tax_advantage: 16.0; avg_entropy: 2.4804996186867356; random_exploration_count: 21; saved_snapshots: 0; random_action_prob: 0.2130
take_out_loan 0.017 50
contribute_asset -0.009375 16
distribute_cash 0.5125 30
contribute_cash -0.0175 32
update_start: 33; random_action_prob: 0.2119
update_complete: 33; loss: 3.419490178426107; cumulative_reward: 61.43499999999997; invalid_count: 0; positive_reward_count: 4; success_count: 3; episode_count: 16; best_tax_advantage: 20.0; avg_entropy: 2.448712621582672; random_exploration_count: 21; saved_snapshots: 0; random_action_prob: 0.2119
take_out_loan -0.0218 50
contribute_asset -0.008529411764705883 17
distribute_cash 2.5358 25
contribute_cash -0.020138888888888887 36
update_start: 34; random_action_prob: 0.2108
update_complete: 34; loss: 1.3884578943252563; cumulative_reward: 17.839999999999993; invalid_count: 0; positive_reward_count: 2; success_count: 1; episode_count: 16; best_tax_advantage: 20.0; avg_entropy: 2.4772948613390326; random_exploration_count: 28; saved_snapshots: 0; random_action_prob: 0.2108
take_out_loan -0.022222222222222223 45
contribute_asset -0.0036666666666666666 15
distribute_cash 0.6679310344827587 29
contribute_cash -0.01217948717948718 39
update_start: 35; random_action_prob: 0.2098
update_complete: 35; loss: 2.0443760553995767; cumulative_reward: 41.64; invalid_count: 0; positive_reward_count: 4; success_count: 1; episode_count: 16; best_tax_advantage: 20.0; avg_entropy: 2.4833738952875137; random_exploration_count: 36; saved_snapshots: 0; random_action_prob: 0.2098
take_out_loan -0.02122448979591837 49
contribute_asset -0.006666666666666667 15
distribute_cash 0.8897142857142857 35
contribute_cash 0.4013793103448276 29
update_start: 36; random_action_prob: 0.2087
update_complete: 36; loss: 0.44293561577796936; cumulative_reward: 1.6500000000000055; invalid_count: 0; positive_reward_count: 4; success_count: 0; episode_count: 16; best_tax_advantage: 10.0; avg_entropy: 2.5058275870978832; random_exploration_count: 27; saved_snapshots: 0; random_action_prob: 0.2087
take_out_loan -0.019555555555555555 45
contribute_asset 0.66 15
distribute_cash -0.22249999999999998 40
contribute_cash 0.054642857142857146 28
update_start: 37; random_action_prob: 0.2077
update_complete: 37; loss: 1.2462956110636394; cumulative_reward: 17.28999999999997; invalid_count: 0; positive_reward_count: 2; success_count: 1; episode_count: 16; best_tax_advantage: 20.0; avg_entropy: 2.4946306217461824; random_exploration_count: 30; saved_snapshots: 0; random_action_prob: 0.2077
take_out_loan -0.021637931034482756 58
contribute_asset -0.008125 16
distribute_cash 0.8039583333333334 24
contribute_cash -0.020666666666666667 30
update_start: 38; random_action_prob: 0.2066
update_complete: 38; loss: 1.5548028548558552; cumulative_reward: 29.035; invalid_count: 0; positive_reward_count: 3; success_count: 1; episode_count: 16; best_tax_advantage: 20.0; avg_entropy: 2.577354493085295; random_exploration_count: 24; saved_snapshots: 0; random_action_prob: 0.2066
take_out_loan -0.023272727272727275 55
contribute_asset -0.0084375 16
distribute_cash 0.941060606060606 33
contribute_cash -0.025208333333333333 24
update_start: 39; random_action_prob: 0.2056
update_complete: 39; loss: 7.152892589569092; cumulative_reward: 115.47500000000002; invalid_count: 0; positive_reward_count: 7; success_count: 5; episode_count: 16; best_tax_advantage: 20.0; avg_entropy: 2.4238953990861773; random_exploration_count: 28; saved_snapshots: 0; random_action_prob: 0.2056
take_out_loan -0.022115384615384613 52
contribute_asset -0.00625 16
distribute_cash 3.6022222222222218 27
contribute_cash 0.5898484848484848 33
update_start: 40; random_action_prob: 0.2046
update_complete: 40; loss: 1.6399387121200562; cumulative_reward: 38.12000000000002; invalid_count: 0; positive_reward_count: 4; success_count: 1; episode_count: 16; best_tax_advantage: 18.0; avg_entropy: 2.445186845958233; random_exploration_count: 22; saved_snapshots: 0; random_action_prob: 0.2046
take_out_loan -0.01779411764705882 34
contribute_asset -0.010333333333333333 15
distribute_cash 1.0662162162162163 37
contribute_cash -0.013571428571428573 42
update_start: 41; random_action_prob: 0.2036
update_complete: 41; loss: 1.3881784677505493; cumulative_reward: 19.880000000000003; invalid_count: 0; positive_reward_count: 3; success_count: 1; episode_count: 16; best_tax_advantage: 20.0; avg_entropy: 2.447015929967165; random_exploration_count: 27; saved_snapshots: 0; random_action_prob: 0.2036
take_out_loan -0.02 41
contribute_asset 0.62 16
distribute_cash 0.03364864864864865 37
contribute_cash 0.28044117647058825 34
update_start: 42; random_action_prob: 0.2025
update_complete: 42; loss: 2.7541664441426597; cumulative_reward: 47.434999999999995; invalid_count: 0; positive_reward_count: 4; success_count: 2; episode_count: 16; best_tax_advantage: 20.0; avg_entropy: 2.4411875307559967; random_exploration_count: 28; saved_snapshots: 0; random_action_prob: 0.2025
take_out_loan -0.02010204081632653 49
contribute_asset -0.011875 16
distribute_cash 1.8317857142857144 28
contribute_cash -0.07657142857142857 35
update_start: 43; random_action_prob: 0.2015
update_complete: 43; loss: 0.6266405582427979; cumulative_reward: 9.570000000000006; invalid_count: 0; positive_reward_count: 4; success_count: 0; episode_count: 16; best_tax_advantage: 10.0; avg_entropy: 2.46768119931221; random_exploration_count: 24; saved_snapshots: 0; random_action_prob: 0.2015
take_out_loan 0.1738235294117647 51
contribute_asset 0.11625 16
distribute_cash -0.022205882352941166 34
contribute_cash -0.014814814814814815 27
update_start: 44; random_action_prob: 0.2005
update_complete: 44; loss: 1.4390986760457356; cumulative_reward: 20.034999999999997; invalid_count: 0; positive_reward_count: 3; success_count: 1; episode_count: 16; best_tax_advantage: 20.0; avg_entropy: 2.369086518883705; random_exploration_count: 28; saved_snapshots: 0; random_action_prob: 0.2005
take_out_loan -0.020833333333333332 42
contribute_asset -0.0071875 16
distribute_cash 1.0875862068965516 29
contribute_cash -0.2564634146341463 41
update_start: 45; random_action_prob: 0.1995
update_complete: 45; loss: 1.871078332265218; cumulative_reward: 27.23999999999998; invalid_count: 0; positive_reward_count: 5; success_count: 1; episode_count: 16; best_tax_advantage: 20.0; avg_entropy: 2.600892847403884; random_exploration_count: 35; saved_snapshots: 0; random_action_prob: 0.1995
take_out_loan -0.02209090909090909 55
contribute_asset -0.008666666666666666 15
distribute_cash 1.7803225806451612 31
contribute_cash -0.9853703703703702 27
update_start: 46; random_action_prob: 0.1985
update_complete: 46; loss: 2.667588551839193; cumulative_reward: 37.35; invalid_count: 0; positive_reward_count: 3; success_count: 2; episode_count: 16; best_tax_advantage: 20.0; avg_entropy: 2.390047611668706; random_exploration_count: 15; saved_snapshots: 0; random_action_prob: 0.1985
take_out_loan -0.02307017543859649 57
contribute_asset 1.1688235294117648 17
distribute_cash 0.13895833333333332 24
contribute_cash 0.5153333333333333 30
update_start: 47; random_action_prob: 0.1975
update_complete: 47; loss: 1.0273346106211345; cumulative_reward: 19.47999999999999; invalid_count: 0; positive_reward_count: 3; success_count: 1; episode_count: 16; best_tax_advantage: 20.0; avg_entropy: 2.456346742808819; random_exploration_count: 27; saved_snapshots: 0; random_action_prob: 0.1975
take_out_loan -0.0195 50
contribute_asset -0.007058823529411765 17
distribute_cash 0.43557692307692303 26
contribute_cash 0.26428571428571435 35
update_start: 48; random_action_prob: 0.1965
update_complete: 48; loss: 3.58318821589152; cumulative_reward: 55.589999999999975; invalid_count: 0; positive_reward_count: 4; success_count: 3; episode_count: 16; best_tax_advantage: 20.0; avg_entropy: 2.525011903606355; random_exploration_count: 23; saved_snapshots: 0; random_action_prob: 0.1965
take_out_loan 0.18357142857142855 49
contribute_asset -0.013823529411764707 17
distribute_cash 1.099705882352941 34
contribute_cash 0.3371428571428572 28
update_start: 49; random_action_prob: 0.1956
update_complete: 49; loss: 1.6407482624053955; cumulative_reward: 41.59999999999999; invalid_count: 0; positive_reward_count: 5; success_count: 2; episode_count: 17; best_tax_advantage: 20.0; avg_entropy: 2.4876939300447702; random_exploration_count: 23; saved_snapshots: 0; random_action_prob: 0.1956
take_out_loan -0.019895833333333335 48
contribute_asset -0.0046875 16
distribute_cash 1.4453333333333334 30
contribute_cash -0.021470588235294116 34
update_start: 50; random_action_prob: 0.1946
update_complete: 50; loss: 1.1632403532663982; cumulative_reward: 21.629999999999995; invalid_count: 0; positive_reward_count: 3; success_count: 1; episode_count: 16; best_tax_advantage: 20.0; avg_entropy: 2.4355409485287964; random_exploration_count: 27; saved_snapshots: 0; random_action_prob: 0.1946
take_out_loan -0.02 46
contribute_asset -0.0053125 16
distribute_cash 0.8353571428571429 28
contribute_cash -0.01986842105263158 38
update_start: 51; random_action_prob: 0.1936
update_complete: 51; loss: 1.4292863210042317; cumulative_reward: 21.88499999999999; invalid_count: 0; positive_reward_count: 5; success_count: 1; episode_count: 16; best_tax_advantage: 20.0; avg_entropy: 2.4749784730374813; random_exploration_count: 29; saved_snapshots: 0; random_action_prob: 0.1936
take_out_loan 0.026590909090909096 44
contribute_asset -0.006333333333333333 15
distribute_cash 0.3326470588235294 34
contribute_cash 0.2714285714285714 35
update_start: 52; random_action_prob: 0.1926
update_complete: 52; loss: 1.6875681082407634; cumulative_reward: 27.624999999999982; invalid_count: 0; positive_reward_count: 5; success_count: 1; episode_count: 16; best_tax_advantage: 18.0; avg_entropy: 2.429837226867676; random_exploration_count: 27; saved_snapshots: 0; random_action_prob: 0.1926
take_out_loan -0.023076923076923075 52
contribute_asset -0.003125 16
distribute_cash 1.60125 32
contribute_cash -0.7987500000000001 28
update_start: 53; random_action_prob: 0.1917
update_complete: 53; loss: 2.7472917238871255; cumulative_reward: 54.004999999999974; invalid_count: 0; positive_reward_count: 9; success_count: 2; episode_count: 16; best_tax_advantage: 18.0; avg_entropy: 2.3891585525125265; random_exploration_count: 31; saved_snapshots: 0; random_action_prob: 0.1917
take_out_loan 0.21833333333333338 42
contribute_asset -0.0025 16
distribute_cash 1.2580555555555555 36
contribute_cash -0.012205882352941172 34
update_start: 54; random_action_prob: 0.1907
update_complete: 54; loss: 5.821322600046794; cumulative_reward: 95.91; invalid_count: 0; positive_reward_count: 6; success_count: 5; episode_count: 17; best_tax_advantage: 20.0; avg_entropy: 2.398397108539939; random_exploration_count: 21; saved_snapshots: 0; random_action_prob: 0.1907
take_out_loan -0.0216 50
contribute_asset -0.008235294117647058 17
distribute_cash 2.306 25
contribute_cash 1.0966666666666667 36
update_start: 55; random_action_prob: 0.1898
update_complete: 55; loss: 1.7772278388341267; cumulative_reward: 36.050000000000004; invalid_count: 0; positive_reward_count: 3; success_count: 2; episode_count: 16; best_tax_advantage: 20.0; avg_entropy: 2.3115356350317597; random_exploration_count: 24; saved_snapshots: 0; random_action_prob: 0.1898
take_out_loan -0.016511627906976745 43
contribute_asset -0.001764705882352941 17
distribute_cash 1.1936363636363636 33
contribute_cash -0.07428571428571429 35
update_start: 56; random_action_prob: 0.1888
update_complete: 56; loss: 3.5570031801859536; cumulative_reward: 71.69999999999999; invalid_count: 0; positive_reward_count: 4; success_count: 3; episode_count: 17; best_tax_advantage: 20.0; avg_entropy: 2.26282744621858; random_exploration_count: 27; saved_snapshots: 0; random_action_prob: 0.1888
take_out_loan -0.021037735849056605 53
contribute_asset -0.006176470588235294 17
distribute_cash 2.821923076923077 26
contribute_cash -0.0140625 32
update_start: 57; random_action_prob: 0.1879
update_complete: 57; loss: 1.2053414980570476; cumulative_reward: 13.885; invalid_count: 0; positive_reward_count: 2; success_count: 0; episode_count: 16; best_tax_advantage: 16.0; avg_entropy: 2.3518379335291684; random_exploration_count: 24; saved_snapshots: 0; random_action_prob: 0.1879
take_out_loan -0.018555555555555554 45
contribute_asset -0.0031249999999999997 16
distribute_cash 0.8188709677419356 31
contribute_cash -0.29486111111111113 36
update_start: 58; random_action_prob: 0.1869
update_complete: 58; loss: 2.5533079306284585; cumulative_reward: 49.994999999999976; invalid_count: 0; positive_reward_count: 6; success_count: 2; episode_count: 16; best_tax_advantage: 20.0; avg_entropy: 2.3660292385611683; random_exploration_count: 27; saved_snapshots: 0; random_action_prob: 0.1869
take_out_loan -0.019456521739130435 46
contribute_asset 0.10970588235294118 17
distribute_cash 1.7469117647058825 34
contribute_cash -0.3345161290322581 31
update_start: 59; random_action_prob: 0.1860
update_complete: 59; loss: 3.821687857309977; cumulative_reward: 57.790000000000006; invalid_count: 0; positive_reward_count: 3; success_count: 3; episode_count: 16; best_tax_advantage: 20.0; avg_entropy: 2.2991520729847252; random_exploration_count: 14; saved_snapshots: 0; random_action_prob: 0.1860
take_out_loan -0.022500000000000003 54
contribute_asset -0.0008823529411764705 17
distribute_cash 0.6246774193548387 31
contribute_cash 1.5251923076923077 26
update_start: 60; random_action_prob: 0.1851
update_complete: 60; loss: 4.962553183237712; cumulative_reward: 95.73999999999998; invalid_count: 0; positive_reward_count: 5; success_count: 5; episode_count: 17; best_tax_advantage: 20.0; avg_entropy: 2.2360889320261776; random_exploration_count: 21; saved_snapshots: 0; random_action_prob: 0.1851
take_out_loan -0.021078431372549018 51
contribute_asset -0.0040625 16
distribute_cash 2.9475757575757573 33
contribute_cash -0.013928571428571429 28
update_start: 61; random_action_prob: 0.1841
update_complete: 61; loss: 1.4844306310017903; cumulative_reward: 35.81; invalid_count: 0; positive_reward_count: 5; success_count: 0; episode_count: 16; best_tax_advantage: 16.0; avg_entropy: 2.292601970024407; random_exploration_count: 25; saved_snapshots: 0; random_action_prob: 0.1841
take_out_loan -0.018372093023255816 43
contribute_asset 0.11624999999999999 16
distribute_cash 0.6614473684210527 38
contribute_cash 0.3098387096774194 31
update_start: 62; random_action_prob: 0.1832
update_complete: 62; loss: 1.4519501129786174; cumulative_reward: 25.735000000000003; invalid_count: 0; positive_reward_count: 3; success_count: 1; episode_count: 16; best_tax_advantage: 18.0; avg_entropy: 2.3130947831086814; random_exploration_count: 21; saved_snapshots: 0; random_action_prob: 0.1832
take_out_loan 0.021562500000000002 48
contribute_asset -0.005294117647058823 17
distribute_cash 0.8450000000000001 30
contribute_cash -0.01696969696969697 33
update_start: 63; random_action_prob: 0.1823
update_complete: 63; loss: 4.2915933926900225; cumulative_reward: 83.815; invalid_count: 0; positive_reward_count: 13; success_count: 3; episode_count: 16; best_tax_advantage: 20.0; avg_entropy: 2.2455394230782986; random_exploration_count: 28; saved_snapshots: 0; random_action_prob: 0.1823
take_out_loan -0.019883720930232558 43
contribute_asset -0.006764705882352942 17
distribute_cash 3.1301515151515154 33
contribute_cash -0.5288571428571429 35
update_start: 64; random_action_prob: 0.1814
update_complete: 64; loss: 1.7916114727656047; cumulative_reward: 26.34500000000001; invalid_count: 0; positive_reward_count: 3; success_count: 1; episode_count: 16; best_tax_advantage: 20.0; avg_entropy: 2.302866348065436; random_exploration_count: 18; saved_snapshots: 0; random_action_prob: 0.1814
take_out_loan 0.24539473684210525 38
contribute_asset -0.0014705882352941176 17
distribute_cash -0.07367647058823529 34
contribute_cash 0.5012820512820513 39
update_start: 65; random_action_prob: 0.1805
update_complete: 65; loss: 3.141371965408325; cumulative_reward: 70.65999999999998; invalid_count: 0; positive_reward_count: 6; success_count: 3; episode_count: 17; best_tax_advantage: 20.0; avg_entropy: 2.1921640327200294; random_exploration_count: 25; saved_snapshots: 0; random_action_prob: 0.1805
take_out_loan -0.01618421052631579 38
contribute_asset -0.0011764705882352942 17
distribute_cash 1.563030303030303 33
contribute_cash 0.492875 40
update_start: 66; random_action_prob: 0.1796
update_complete: 66; loss: 3.3246564070383706; cumulative_reward: 73.46999999999998; invalid_count: 0; positive_reward_count: 6; success_count: 2; episode_count: 16; best_tax_advantage: 20.0; avg_entropy: 2.3708243872970343; random_exploration_count: 19; saved_snapshots: 0; random_action_prob: 0.1796
take_out_loan -0.021979166666666664 48
contribute_asset -0.0121875 16
distribute_cash 1.8456451612903224 31
contribute_cash 0.5304545454545454 33
update_start: 67; random_action_prob: 0.1787
update_complete: 67; loss: 3.279714345932007; cumulative_reward: 78.28999999999998; invalid_count: 0; positive_reward_count: 7; success_count: 4; episode_count: 17; best_tax_advantage: 20.0; avg_entropy: 2.2945909462869167; random_exploration_count: 27; saved_snapshots: 0; random_action_prob: 0.1787
take_out_loan 0.2473684210526316 38
contribute_asset -0.0027777777777777775 18
distribute_cash 1.7728947368421053 38
contribute_cash 0.0461764705882353 34
update_start: 68; random_action_prob: 0.1778
update_complete: 68; loss: 2.255601723988851; cumulative_reward: 36.03999999999999; invalid_count: 0; positive_reward_count: 3; success_count: 2; episode_count: 16; best_tax_advantage: 20.0; avg_entropy: 2.2654789555817842; random_exploration_count: 19; saved_snapshots: 0; random_action_prob: 0.1778
take_out_loan -0.02 45
contribute_asset -0.003823529411764706 17
distribute_cash 1.0388888888888888 36
contribute_cash -0.013166666666666667 30
update_start: 69; random_action_prob: 0.1769
update_complete: 69; loss: 5.0296281178792315; cumulative_reward: 105.90500000000003; invalid_count: 0; positive_reward_count: 6; success_count: 5; episode_count: 17; best_tax_advantage: 20.0; avg_entropy: 2.221106526441872; random_exploration_count: 16; saved_snapshots: 0; random_action_prob: 0.1769
take_out_loan -0.017826086956521738 46
contribute_asset -0.005 18
distribute_cash 3.5825 30
contribute_cash -0.019411764705882354 34
update_start: 70; random_action_prob: 0.1760
update_complete: 70; loss: 2.4109747409820557; cumulative_reward: 54.48499999999998; invalid_count: 0; positive_reward_count: 7; success_count: 2; episode_count: 16; best_tax_advantage: 20.0; avg_entropy: 2.212443958967924; random_exploration_count: 27; saved_snapshots: 0; random_action_prob: 0.1760
take_out_loan 0.03723684210526316 38
contribute_asset -0.00411764705882353 17
distribute_cash 0.80078125 32
contribute_cash 0.6710975609756098 41
update_start: 71; random_action_prob: 0.1751
update_complete: 71; loss: 2.569536288579305; cumulative_reward: 52.53999999999994; invalid_count: 0; positive_reward_count: 6; success_count: 2; episode_count: 16; best_tax_advantage: 20.0; avg_entropy: 2.1595038268715143; random_exploration_count: 18; saved_snapshots: 0; random_action_prob: 0.1751
take_out_loan -0.016216216216216217 37
contribute_asset -0.0023529411764705885 17
distribute_cash 2.2554999999999996 30
contribute_cash -0.3292045454545454 44
update_start: 72; random_action_prob: 0.1743
update_complete: 72; loss: 3.6707611083984375; cumulative_reward: 74.06999999999998; invalid_count: 0; positive_reward_count: 7; success_count: 3; episode_count: 16; best_tax_advantage: 20.0; avg_entropy: 2.309420872479677; random_exploration_count: 22; saved_snapshots: 0; random_action_prob: 0.1743
take_out_loan -0.0155 40
contribute_asset -0.005625 16
distribute_cash 1.784878048780488 41
contribute_cash 0.05161290322580648 31
update_start: 73; random_action_prob: 0.1734
update_complete: 73; loss: 5.368725299835205; cumulative_reward: 89.98; invalid_count: 0; positive_reward_count: 7; success_count: 4; episode_count: 16; best_tax_advantage: 20.0; avg_entropy: 2.2018503011204302; random_exploration_count: 21; saved_snapshots: 0; random_action_prob: 0.1734
take_out_loan 0.6776086956521739 46
contribute_asset -0.0029411764705882353 17
distribute_cash 2.2369354838709676 31
contribute_cash -0.30838235294117644 34
update_start: 74; random_action_prob: 0.1725
update_complete: 74; loss: 7.8068168958028155; cumulative_reward: 157.8; invalid_count: 0; positive_reward_count: 11; success_count: 7; episode_count: 17; best_tax_advantage: 20.0; avg_entropy: 2.2278559722471982; random_exploration_count: 21; saved_snapshots: 0; random_action_prob: 0.1725
take_out_loan -0.018829787234042553 47
contribute_asset -0.0014705882352941176 17
distribute_cash 2.278375 40
contribute_cash 2.8156250000000003 24
update_start: 75; random_action_prob: 0.1717
update_complete: 75; loss: 4.062745253245036; cumulative_reward: 99.82000000000001; invalid_count: 0; positive_reward_count: 11; success_count: 4; episode_count: 17; best_tax_advantage: 20.0; avg_entropy: 2.2774329646490514; random_exploration_count: 20; saved_snapshots: 0; random_action_prob: 0.1717
take_out_loan -0.01829787234042553 47
contribute_asset 0.10611111111111111 18
distribute_cash 2.646666666666667 33
contribute_cash 0.381 30
update_start: 76; random_action_prob: 0.1708
update_complete: 76; loss: 2.294585943222046; cumulative_reward: 39.66999999999997; invalid_count: 0; positive_reward_count: 5; success_count: 2; episode_count: 16; best_tax_advantage: 20.0; avg_entropy: 2.2870728075504303; random_exploration_count: 22; saved_snapshots: 0; random_action_prob: 0.1708
take_out_loan -0.019375 48
contribute_asset -0.005 15
distribute_cash 0.8915714285714286 35
contribute_cash 0.3156666666666667 30
update_start: 77; random_action_prob: 0.1699
update_complete: 77; loss: 3.44713028271993; cumulative_reward: 55.86499999999996; invalid_count: 0; positive_reward_count: 5; success_count: 3; episode_count: 16; best_tax_advantage: 20.0; avg_entropy: 2.2306686975061893; random_exploration_count: 19; saved_snapshots: 0; random_action_prob: 0.1699
take_out_loan 0.38244444444444436 45
contribute_asset -0.003529411764705882 17
distribute_cash 1.4286206896551723 29
contribute_cash -0.07337837837837839 37
update_start: 78; random_action_prob: 0.1691
update_complete: 78; loss: 4.217212994893392; cumulative_reward: 82.08999999999996; invalid_count: 0; positive_reward_count: 6; success_count: 4; episode_count: 16; best_tax_advantage: 20.0; avg_entropy: 2.1677663642913103; random_exploration_count: 23; saved_snapshots: 0; random_action_prob: 0.1691
take_out_loan -0.01636363636363636 44
contribute_asset -0.005294117647058823 17
distribute_cash 1.276470588235294 34
contribute_cash 1.196969696969697 33
update_start: 79; random_action_prob: 0.1683
update_complete: 79; loss: 4.2957455317179365; cumulative_reward: 93.64999999999999; invalid_count: 0; positive_reward_count: 8; success_count: 4; episode_count: 16; best_tax_advantage: 20.0; avg_entropy: 2.138704529032111; random_exploration_count: 21; saved_snapshots: 0; random_action_prob: 0.1683
take_out_loan 0.3258653846153846 52
contribute_asset -0.003235294117647059 17
distribute_cash 2.168064516129032 31
contribute_cash 0.3410714285714286 28
update_start: 80; random_action_prob: 0.1674
update_complete: 80; loss: 4.8492512702941895; cumulative_reward: 129.83499999999998; invalid_count: 0; positive_reward_count: 11; success_count: 5; episode_count: 17; best_tax_advantage: 20.0; avg_entropy: 2.285351846832782; random_exploration_count: 23; saved_snapshots: 0; random_action_prob: 0.1674
take_out_loan 0.29372549019607846 51
contribute_asset -0.005555555555555556 18
distribute_cash 3.5543939393939397 33
contribute_cash -0.09000000000000001 26
update_start: 81; random_action_prob: 0.1666
update_complete: 81; loss: 3.2730794747670493; cumulative_reward: 65.92999999999999; invalid_count: 0; positive_reward_count: 5; success_count: 3; episode_count: 17; best_tax_advantage: 20.0; avg_entropy: 2.2507676109671593; random_exploration_count: 20; saved_snapshots: 0; random_action_prob: 0.1666
take_out_loan -0.01946808510638298 47
contribute_asset -0.00823529411764706 17
distribute_cash 2.1754838709677418 31
contribute_cash -0.013787878787878788 33
update_start: 82; random_action_prob: 0.1657
update_complete: 82; loss: 5.11999495824178; cumulative_reward: 93.53499999999997; invalid_count: 0; positive_reward_count: 5; success_count: 5; episode_count: 16; best_tax_advantage: 20.0; avg_entropy: 2.283320161513984; random_exploration_count: 27; saved_snapshots: 0; random_action_prob: 0.1657
take_out_loan -0.02196078431372549 51
contribute_asset -0.005294117647058823 17
distribute_cash 1.8436666666666666 30
contribute_cash 1.3144999999999998 30
update_start: 83; random_action_prob: 0.1649
update_complete: 83; loss: 6.864733378092448; cumulative_reward: 143.38500000000005; invalid_count: 0; positive_reward_count: 9; success_count: 7; episode_count: 17; best_tax_advantage: 20.0; avg_entropy: 2.2162839444354177; random_exploration_count: 17; saved_snapshots: 0; random_action_prob: 0.1649
take_out_loan 0.3007 50
contribute_asset -0.0058823529411764705 17
distribute_cash 3.789090909090909 33
contribute_cash 0.12178571428571434 28
update_start: 84; random_action_prob: 0.1641
update_complete: 84; loss: 6.539054075876872; cumulative_reward: 156.29500000000002; invalid_count: 0; positive_reward_count: 8; success_count: 8; episode_count: 18; best_tax_advantage: 20.0; avg_entropy: 2.1509122396819293; random_exploration_count: 17; saved_snapshots: 0; random_action_prob: 0.1641
take_out_loan -0.016276595744680853 47
contribute_asset -0.0015789473684210526 19
distribute_cash 3.3561428571428573 35
contribute_cash 1.4675925925925926 27
update_start: 85; random_action_prob: 0.1633
update_complete: 85; loss: 8.225581169128418; cumulative_reward: 194.24; invalid_count: 0; positive_reward_count: 14; success_count: 9; episode_count: 19; best_tax_advantage: 20.0; avg_entropy: 2.10878477524966; random_exploration_count: 17; saved_snapshots: 0; random_action_prob: 0.1633
take_out_loan -0.01625 48
contribute_asset 1.0476315789473682 19
distribute_cash 4.241935483870968 31
contribute_cash 1.4538333333333333 30
update_start: 86; random_action_prob: 0.1625
update_complete: 86; loss: 7.406362533569336; cumulative_reward: 175.90500000000006; invalid_count: 0; positive_reward_count: 12; success_count: 9; episode_count: 18; best_tax_advantage: 20.0; avg_entropy: 1.9061511142645031; random_exploration_count: 22; saved_snapshots: 0; random_action_prob: 0.1625
take_out_loan -0.015520833333333333 48
contribute_asset -0.00736842105263158 19
distribute_cash 6.184827586206896 29
contribute_cash -0.0803125 32
update_start: 87; random_action_prob: 0.1616
update_complete: 87; loss: 5.936494668324788; cumulative_reward: 129.79; invalid_count: 0; positive_reward_count: 11; success_count: 6; episode_count: 17; best_tax_advantage: 20.0; avg_entropy: 1.9928645701147616; random_exploration_count: 18; saved_snapshots: 0; random_action_prob: 0.1616
take_out_loan -0.017653061224489796 49
contribute_asset -0.01138888888888889 18
distribute_cash 3.398387096774193 31
contribute_cash 0.8503333333333333 30
update_start: 88; random_action_prob: 0.1608
update_complete: 88; loss: 5.13327693939209; cumulative_reward: 122.14999999999998; invalid_count: 0; positive_reward_count: 8; success_count: 6; episode_count: 17; best_tax_advantage: 20.0; avg_entropy: 1.773021528730169; random_exploration_count: 19; saved_snapshots: 0; random_action_prob: 0.1608
take_out_loan -0.016382978723404256 47
contribute_asset -0.004705882352941177 17
distribute_cash 3.3362903225806453 31
contribute_cash 0.5931818181818181 33
update_start: 89; random_action_prob: 0.1600
update_complete: 89; loss: 7.860877990722656; cumulative_reward: 210.60499999999996; invalid_count: 0; positive_reward_count: 14; success_count: 10; episode_count: 19; best_tax_advantage: 20.0; avg_entropy: 1.9013618724420667; random_exploration_count: 27; saved_snapshots: 0; random_action_prob: 0.1600
take_out_loan -0.011538461538461539 39
contribute_asset 0.09575 20
distribute_cash 6.718 30
contribute_cash 0.19487179487179487 39
update_start: 90; random_action_prob: 0.1592
update_complete: 90; loss: 8.524371147155762; cumulative_reward: 230.53500000000017; invalid_count: 0; positive_reward_count: 17; success_count: 11; episode_count: 19; best_tax_advantage: 20.0; avg_entropy: 1.7519239662215114; random_exploration_count: 26; saved_snapshots: 0; random_action_prob: 0.1592
take_out_loan -0.013666666666666667 45
contribute_asset -0.00375 20
distribute_cash 7.983103448275862 29
contribute_cash -0.008382352941176462 34
update_start: 91; random_action_prob: 0.1584
update_complete: 91; loss: 7.310329596201579; cumulative_reward: 208.435; invalid_count: 0; positive_reward_count: 12; success_count: 10; episode_count: 19; best_tax_advantage: 20.0; avg_entropy: 1.6995920038316399; random_exploration_count: 20; saved_snapshots: 0; random_action_prob: 0.1584
take_out_loan -0.015000000000000001 44
contribute_asset -0.0045 20
distribute_cash 6.9863333333333335 30
contribute_cash -0.011911764705882354 34
update_start: 92; random_action_prob: 0.1576
update_complete: 92; loss: 9.35513178507487; cumulative_reward: 254.72500000000005; invalid_count: 0; positive_reward_count: 13; success_count: 13; episode_count: 20; best_tax_advantage: 20.0; avg_entropy: 1.5697758804890327; random_exploration_count: 20; saved_snapshots: 0; random_action_prob: 0.1576
take_out_loan -0.011125 40
contribute_asset -0.0016666666666666666 21
distribute_cash 8.244032258064516 31
contribute_cash -0.01 36
update_start: 93; random_action_prob: 0.1569
update_complete: 93; loss: 10.759916623433432; cumulative_reward: 324.97000000000037; invalid_count: 0; positive_reward_count: 18; success_count: 16; episode_count: 22; best_tax_advantage: 20.0; avg_entropy: 1.4590861957985908; random_exploration_count: 19; saved_snapshots: 0; random_action_prob: 0.1569
take_out_loan -0.010465116279069767 43
contribute_asset 0.866304347826087 23
distribute_cash 9.846428571428572 28
contribute_cash 0.8763235294117647 34
update_start: 94; random_action_prob: 0.1561
update_complete: 94; loss: 11.157034238179525; cumulative_reward: 314.82500000000016; invalid_count: 0; positive_reward_count: 17; success_count: 16; episode_count: 22; best_tax_advantage: 20.0; avg_entropy: 1.4926636754535139; random_exploration_count: 17; saved_snapshots: 0; random_action_prob: 0.1561
take_out_loan -0.008902439024390243 41
contribute_asset -0.0011363636363636365 22
distribute_cash 8.587333333333333 30
contribute_cash 1.6455714285714285 35
update_start: 95; random_action_prob: 0.1553
update_complete: 95; loss: 6.881930828094482; cumulative_reward: 212.7000000000001; invalid_count: 0; positive_reward_count: 16; success_count: 10; episode_count: 20; best_tax_advantage: 20.0; avg_entropy: 1.5448570786975324; random_exploration_count: 25; saved_snapshots: 0; random_action_prob: 0.1553
take_out_loan -0.010945945945945947 37
contribute_asset -0.002142857142857143 21
distribute_cash 6.535151515151515 33
contribute_cash -0.06783783783783784 37
update_start: 96; random_action_prob: 0.1545
update_complete: 96; loss: 8.14421558380127; cumulative_reward: 239.20000000000016; invalid_count: 0; positive_reward_count: 15; success_count: 12; episode_count: 21; best_tax_advantage: 20.0; avg_entropy: 1.3576972829177976; random_exploration_count: 17; saved_snapshots: 0; random_action_prob: 0.1545
take_out_loan -0.007352941176470588 34
contribute_asset -0.002272727272727273 22
distribute_cash 7.627272727272727 33
contribute_cash -0.3128205128205128 39
update_start: 97; random_action_prob: 0.1537
update_complete: 97; loss: 9.99294376373291; cumulative_reward: 278.9150000000001; invalid_count: 0; positive_reward_count: 15; success_count: 14; episode_count: 21; best_tax_advantage: 20.0; avg_entropy: 1.243732231319882; random_exploration_count: 18; saved_snapshots: 0; random_action_prob: 0.1537
take_out_loan -0.011785714285714285 42
contribute_asset -0.0013636363636363635 22
distribute_cash 10.345535714285715 28
contribute_cash -0.28430555555555553 36
update_start: 98; random_action_prob: 0.1530
update_complete: 98; loss: 10.48039722442627; cumulative_reward: 278.4150000000003; invalid_count: 0; positive_reward_count: 19; success_count: 14; episode_count: 20; best_tax_advantage: 20.0; avg_entropy: 1.2659719325602055; random_exploration_count: 22; saved_snapshots: 0; random_action_prob: 0.1530
take_out_loan -0.012446808510638297 47
contribute_asset -0.002619047619047619 21
distribute_cash 10.796296296296296 27
contribute_cash -0.37712121212121213 33
update_start: 99; random_action_prob: 0.1522
update_complete: 99; loss: 8.264275550842285; cumulative_reward: 220.4600000000001; invalid_count: 0; positive_reward_count: 14; success_count: 11; episode_count: 20; best_tax_advantage: 20.0; avg_entropy: 1.4476707743597217; random_exploration_count: 26; saved_snapshots: 0; random_action_prob: 0.1522
take_out_loan -0.012790697674418606 43
contribute_asset -0.00375 20
distribute_cash 7.0535 30
contribute_cash 0.27085714285714285 35
2026-07-10T17:12:21 completed partnership_disguised_sale run=2 elapsed_seconds=790.20 updates_logged=100
2026-07-10T17:12:21 running partnership_disguised_sale run=3 seed=1732
update_start: 0; random_action_prob: 0.2500
update_complete: 0; loss: 0.2923489610354106; cumulative_reward: 7.859999999999994; invalid_count: 0; positive_reward_count: 1; success_count: 0; episode_count: 16; best_tax_advantage: 10.0; avg_entropy: 2.528990861028433; random_exploration_count: 30; saved_snapshots: 0; random_action_prob: 0.2500
take_out_loan -0.018783783783783786 37
contribute_asset -0.0024999999999999996 14
distribute_cash -0.018953488372093024 43
contribute_cash 0.2766176470588236 34
update_start: 1; random_action_prob: 0.2487
update_complete: 1; loss: 0.9779578049977621; cumulative_reward: 15.734999999999994; invalid_count: 0; positive_reward_count: 1; success_count: 1; episode_count: 16; best_tax_advantage: 18.0; avg_entropy: 2.530766091775149; random_exploration_count: 32; saved_snapshots: 0; random_action_prob: 0.2487
take_out_loan -0.02127659574468085 47
contribute_asset -0.004666666666666667 15
distribute_cash 0.6223214285714285 28
contribute_cash -0.01631578947368421 38
update_start: 2; random_action_prob: 0.2475
update_complete: 2; loss: -0.07308763265609741; cumulative_reward: -2.1299999999999972; invalid_count: 0; positive_reward_count: 0; success_count: 0; episode_count: 16; best_tax_advantage: 0.0; avg_entropy: 2.618392833508551; random_exploration_count: 27; saved_snapshots: 0; random_action_prob: 0.2475
take_out_loan -0.02206521739130435 46
contribute_asset -0.0064285714285714285 14
distribute_cash -0.01893939393939394 33
contribute_cash -0.011428571428571429 35
update_start: 3; random_action_prob: 0.2463
update_complete: 3; loss: 1.9560807545979817; cumulative_reward: 29.849999999999998; invalid_count: 0; positive_reward_count: 2; success_count: 1; episode_count: 16; best_tax_advantage: 20.0; avg_entropy: 2.5093577643856406; random_exploration_count: 27; saved_snapshots: 0; random_action_prob: 0.2463
take_out_loan -0.022234042553191488 47
contribute_asset -0.0025 16
distribute_cash 1.0820689655172413 29
contribute_cash -0.012361111111111111 36
update_start: 4; random_action_prob: 0.2450
update_complete: 4; loss: 2.7603065967559814; cumulative_reward: 39.870000000000005; invalid_count: 0; positive_reward_count: 4; success_count: 2; episode_count: 16; best_tax_advantage: 20.0; avg_entropy: 2.5801106225699186; random_exploration_count: 46; saved_snapshots: 0; random_action_prob: 0.2450
take_out_loan -0.017857142857142856 42
contribute_asset -0.007352941176470588 17
distribute_cash 1.1137837837837838 37
contribute_cash -0.01453125 32
update_start: 5; random_action_prob: 0.2438
update_complete: 5; loss: 0.9273422360420227; cumulative_reward: 17.699999999999996; invalid_count: 0; positive_reward_count: 1; success_count: 1; episode_count: 16; best_tax_advantage: 20.0; avg_entropy: 2.5425022952258587; random_exploration_count: 24; saved_snapshots: 0; random_action_prob: 0.2438
take_out_loan -0.020256410256410257 39
contribute_asset -0.007333333333333333 15
distribute_cash 0.5030263157894738 38
contribute_cash -0.014305555555555556 36
update_start: 6; random_action_prob: 0.2426
update_complete: 6; loss: 0.018751482168833416; cumulative_reward: -2.3749999999999982; invalid_count: 0; positive_reward_count: 0; success_count: 0; episode_count: 16; best_tax_advantage: 0.0; avg_entropy: 2.6266953786835074; random_exploration_count: 32; saved_snapshots: 0; random_action_prob: 0.2426
take_out_loan -0.021395348837209303 43
contribute_asset -0.005 13
distribute_cash -0.023714285714285712 35
contribute_cash -0.015135135135135137 37
update_start: 7; random_action_prob: 0.2414
update_complete: 7; loss: 0.05455854286750158; cumulative_reward: -2.094999999999998; invalid_count: 0; positive_reward_count: 2; success_count: 0; episode_count: 16; best_tax_advantage: 10.0; avg_entropy: 2.4456187365576625; random_exploration_count: 33; saved_snapshots: 0; random_action_prob: 0.2414
take_out_loan -0.019125 40
contribute_asset -0.00375 16
distribute_cash -0.019242424242424214 33
contribute_cash -0.016282051282051284 39
update_start: 8; random_action_prob: 0.2402
update_complete: 8; loss: -0.001913343866666158; cumulative_reward: 3.6650000000000045; invalid_count: 0; positive_reward_count: 2; success_count: 0; episode_count: 16; best_tax_advantage: 6.0; avg_entropy: 2.476982985623181; random_exploration_count: 37; saved_snapshots: 0; random_action_prob: 0.2402
take_out_loan -0.021847826086956523 46
contribute_asset -0.0065625 16
distribute_cash 0.16870967741935486 31
contribute_cash -0.013000000000000001 35
update_start: 9; random_action_prob: 0.2390
update_complete: 9; loss: -0.09288903325796127; cumulative_reward: -0.11500000000000102; invalid_count: 0; positive_reward_count: 1; success_count: 0; episode_count: 16; best_tax_advantage: 2.0; avg_entropy: 2.505069311708212; random_exploration_count: 25; saved_snapshots: 0; random_action_prob: 0.2390
take_out_loan 0.031375 40
contribute_asset -0.005357142857142858 14
distribute_cash -0.021216216216216218 37
contribute_cash -0.013783783783783784 37
update_start: 10; random_action_prob: 0.2378
update_complete: 10; loss: -0.1073647861679395; cumulative_reward: -1.7349999999999985; invalid_count: 0; positive_reward_count: 0; success_count: 0; episode_count: 16; best_tax_advantage: 0.0; avg_entropy: 2.3919674027711153; random_exploration_count: 34; saved_snapshots: 0; random_action_prob: 0.2378
take_out_loan -0.015151515151515152 33
contribute_asset -0.0059375 16
distribute_cash -0.01575757575757576 33
contribute_cash -0.013478260869565217 46
update_start: 11; random_action_prob: 0.2366
update_complete: 11; loss: 2.356968720753988; cumulative_reward: 40.474999999999994; invalid_count: 0; positive_reward_count: 4; success_count: 1; episode_count: 16; best_tax_advantage: 20.0; avg_entropy: 2.3880242416635156; random_exploration_count: 29; saved_snapshots: 0; random_action_prob: 0.2366
take_out_loan 0.0515 30
contribute_asset -0.0026470588235294116 17
distribute_cash 0.98575 40
contribute_cash -0.011097560975609757 41
update_start: 12; random_action_prob: 0.2354
update_complete: 12; loss: 1.1638649304707844; cumulative_reward: 16.215000000000007; invalid_count: 0; positive_reward_count: 1; success_count: 1; episode_count: 16; best_tax_advantage: 18.0; avg_entropy: 2.4843753715977073; random_exploration_count: 31; saved_snapshots: 0; random_action_prob: 0.2354
take_out_loan -0.019473684210526317 38
contribute_asset -0.00375 16
distribute_cash 0.5637096774193548 31
contribute_cash -0.010697674418604652 43
update_start: 13; random_action_prob: 0.2342
update_complete: 13; loss: -0.013656894365946451; cumulative_reward: 4.195000000000006; invalid_count: 0; positive_reward_count: 2; success_count: 0; episode_count: 16; best_tax_advantage: 4.0; avg_entropy: 2.4549305234104395; random_exploration_count: 27; saved_snapshots: 0; random_action_prob: 0.2342
take_out_loan 0.08789473684210526 38
contribute_asset -0.003125 16
distribute_cash 0.04 35
contribute_cash -0.012692307692307692 39
update_start: 14; random_action_prob: 0.2331
update_complete: 14; loss: -0.11355309933423996; cumulative_reward: 0.199999999999999; invalid_count: 0; positive_reward_count: 1; success_count: 0; episode_count: 16; best_tax_advantage: 2.0; avg_entropy: 2.5749192256480455; random_exploration_count: 29; saved_snapshots: 0; random_action_prob: 0.2331
take_out_loan -0.017222222222222222 36
contribute_asset -0.003076923076923077 13
distribute_cash 0.03282051282051282 39
contribute_cash -0.0105 40
update_start: 15; random_action_prob: 0.2319
update_complete: 15; loss: 5.59962256749471; cumulative_reward: 75.93000000000005; invalid_count: 0; positive_reward_count: 4; success_count: 4; episode_count: 16; best_tax_advantage: 20.0; avg_entropy: 2.462748361285776; random_exploration_count: 32; saved_snapshots: 0; random_action_prob: 0.2319
take_out_loan -0.01922222222222222 45
contribute_asset -0.0005882352941176471 17
distribute_cash 1.7387878787878788 33
contribute_cash 0.5886363636363636 33
update_start: 16; random_action_prob: 0.2307
update_complete: 16; loss: 4.451737880706787; cumulative_reward: 57.39999999999999; invalid_count: 0; positive_reward_count: 4; success_count: 3; episode_count: 16; best_tax_advantage: 20.0; avg_entropy: 2.629418128170073; random_exploration_count: 24; saved_snapshots: 0; random_action_prob: 0.2307
take_out_loan -0.0232 50
contribute_asset 2.8467857142857147 14
distribute_cash 0.9756666666666667 30
contribute_cash -0.31073529411764705 34
update_start: 17; random_action_prob: 0.2296
update_complete: 17; loss: 2.1142330964406333; cumulative_reward: 36.40999999999998; invalid_count: 0; positive_reward_count: 3; success_count: 2; episode_count: 16; best_tax_advantage: 20.0; avg_entropy: 2.4411385152488947; random_exploration_count: 33; saved_snapshots: 0; random_action_prob: 0.2296
take_out_loan -0.015882352941176472 34
contribute_asset -0.0028125 16
distribute_cash 1.3186111111111112 36
contribute_cash -0.2494047619047619 42
update_start: 18; random_action_prob: 0.2284
update_complete: 18; loss: 1.3376822074254353; cumulative_reward: 23.78499999999999; invalid_count: 0; positive_reward_count: 3; success_count: 1; episode_count: 16; best_tax_advantage: 18.0; avg_entropy: 2.5036114947870374; random_exploration_count: 36; saved_snapshots: 0; random_action_prob: 0.2284
take_out_loan -0.01840909090909091 44
contribute_asset -0.004285714285714286 14
distribute_cash 0.8019117647058823 34
contribute_cash -0.07250000000000001 36
update_start: 19; random_action_prob: 0.2273
update_complete: 19; loss: 4.04899263381958; cumulative_reward: 59.90499999999999; invalid_count: 0; positive_reward_count: 5; success_count: 3; episode_count: 16; best_tax_advantage: 20.0; avg_entropy: 2.4524967996403575; random_exploration_count: 31; saved_snapshots: 0; random_action_prob: 0.2273
take_out_loan 0.36329787234042554 47
contribute_asset -0.0046875 16
distribute_cash 1.6717307692307695 26
contribute_cash -0.01435897435897436 39
update_start: 20; random_action_prob: 0.2262
update_complete: 20; loss: 2.1371633211771646; cumulative_reward: 48.329999999999984; invalid_count: 0; positive_reward_count: 4; success_count: 1; episode_count: 16; best_tax_advantage: 20.0; avg_entropy: 2.461598294787109; random_exploration_count: 27; saved_snapshots: 0; random_action_prob: 0.2262
take_out_loan -0.01783783783783784 37
contribute_asset 0.709642857142857 14
distribute_cash 1.1295714285714287 35
contribute_cash -0.011428571428571429 42
update_start: 21; random_action_prob: 0.2250
update_complete: 21; loss: 2.7529139518737793; cumulative_reward: 37.90499999999998; invalid_count: 0; positive_reward_count: 3; success_count: 2; episode_count: 16; best_tax_advantage: 20.0; avg_entropy: 2.378796205855906; random_exploration_count: 35; saved_snapshots: 0; random_action_prob: 0.2250
take_out_loan -0.020681818181818183 44
contribute_asset -0.000625 16
distribute_cash 1.4934848484848486 33
contribute_cash -0.2988571428571429 35
update_start: 22; random_action_prob: 0.2239
update_complete: 22; loss: 0.22321783999602; cumulative_reward: -2.0699999999999985; invalid_count: 0; positive_reward_count: 0; success_count: 0; episode_count: 16; best_tax_advantage: 0.0; avg_entropy: 2.5599296055734158; random_exploration_count: 28; saved_snapshots: 0; random_action_prob: 0.2239
take_out_loan -0.017948717948717947 39
contribute_asset -0.010666666666666666 15
distribute_cash -0.017083333333333332 36
contribute_cash -0.015657894736842103 38
update_start: 23; random_action_prob: 0.2228
update_complete: 23; loss: 1.473823110262553; cumulative_reward: 17.725000000000005; invalid_count: 0; positive_reward_count: 1; success_count: 1; episode_count: 16; best_tax_advantage: 20.0; avg_entropy: 2.572393230162561; random_exploration_count: 37; saved_snapshots: 0; random_action_prob: 0.2228
take_out_loan -0.020999999999999998 45
contribute_asset -0.014 15
distribute_cash 0.5352777777777777 36
contribute_cash -0.0121875 32
update_start: 24; random_action_prob: 0.2217
update_complete: 24; loss: 0.6336691379547119; cumulative_reward: -2.384999999999999; invalid_count: 0; positive_reward_count: 3; success_count: 0; episode_count: 16; best_tax_advantage: 10.0; avg_entropy: 2.462782148271799; random_exploration_count: 32; saved_snapshots: 0; random_action_prob: 0.2217
take_out_loan 0.19619565217391305 46
contribute_asset -0.005 15
distribute_cash 0.54234375 32
contribute_cash -0.8197142857142857 35
update_start: 25; random_action_prob: 0.2206
update_complete: 25; loss: 5.168899377187093; cumulative_reward: 86.06500000000001; invalid_count: 0; positive_reward_count: 5; success_count: 4; episode_count: 16; best_tax_advantage: 20.0; avg_entropy: 2.467018138617277; random_exploration_count: 32; saved_snapshots: 0; random_action_prob: 0.2206
take_out_loan -0.02 46
contribute_asset -0.0016666666666666668 15
distribute_cash 1.9252857142857145 35
contribute_cash 0.61328125 32
update_start: 26; random_action_prob: 0.2195
update_complete: 26; loss: 2.068157116572062; cumulative_reward: 35.814999999999955; invalid_count: 0; positive_reward_count: 3; success_count: 2; episode_count: 16; best_tax_advantage: 20.0; avg_entropy: 2.557725698687136; random_exploration_count: 30; saved_snapshots: 0; random_action_prob: 0.2195
take_out_loan -0.02053191489361702 47
contribute_asset 1.3269999999999997 15
distribute_cash 0.45526315789473687 38
contribute_cash -0.015178571428571428 28
update_start: 27; random_action_prob: 0.2184
update_complete: 27; loss: 3.507143179575602; cumulative_reward: 53.979999999999976; invalid_count: 0; positive_reward_count: 5; success_count: 3; episode_count: 16; best_tax_advantage: 20.0; avg_entropy: 2.4485918628051877; random_exploration_count: 33; saved_snapshots: 0; random_action_prob: 0.2184
take_out_loan -0.020555555555555556 45
contribute_asset -0.003823529411764706 17
distribute_cash 1.6937142857142857 35
contribute_cash -0.1390322580645161 31
update_start: 28; random_action_prob: 0.2173
update_complete: 28; loss: 3.5864127477010093; cumulative_reward: 63.64499999999999; invalid_count: 0; positive_reward_count: 5; success_count: 3; episode_count: 16; best_tax_advantage: 20.0; avg_entropy: 2.521952234208584; random_exploration_count: 31; saved_snapshots: 0; random_action_prob: 0.2173
take_out_loan -0.020638297872340425 47
contribute_asset 0.12566666666666668 15
distribute_cash 1.3128787878787878 33
contribute_cash 0.588030303030303 33
update_start: 29; random_action_prob: 0.2162
update_complete: 29; loss: 3.0920886198679605; cumulative_reward: 64.19000000000003; invalid_count: 0; positive_reward_count: 6; success_count: 3; episode_count: 16; best_tax_advantage: 20.0; avg_entropy: 2.4445588756352663; random_exploration_count: 27; saved_snapshots: 0; random_action_prob: 0.2162
take_out_loan -0.02090909090909091 44
contribute_asset 1.1171875 16
distribute_cash 1.5843333333333334 30
contribute_cash -0.00776315789473684 38
update_start: 30; random_action_prob: 0.2151
update_complete: 30; loss: 2.4037679036458335; cumulative_reward: 43.354999999999976; invalid_count: 0; positive_reward_count: 4; success_count: 2; episode_count: 16; best_tax_advantage: 18.0; avg_entropy: 2.504396580159664; random_exploration_count: 35; saved_snapshots: 0; random_action_prob: 0.2151
take_out_loan -0.02287037037037037 54
contribute_asset -0.012812500000000001 16
distribute_cash 1.5586206896551724 29
contribute_cash -0.01396551724137931 29
update_start: 31; random_action_prob: 0.2140
update_complete: 31; loss: 1.5911572774251301; cumulative_reward: 33.414999999999964; invalid_count: 0; positive_reward_count: 5; success_count: 1; episode_count: 16; best_tax_advantage: 20.0; avg_entropy: 2.4564479901455343; random_exploration_count: 26; saved_snapshots: 0; random_action_prob: 0.2140
take_out_loan 0.16388888888888892 54
contribute_asset -0.0084375 16
distribute_cash 0.87 29
contribute_cash -0.018275862068965518 29
update_start: 32; random_action_prob: 0.2130
update_complete: 32; loss: 4.081764221191406; cumulative_reward: 73.60999999999996; invalid_count: 0; positive_reward_count: 4; success_count: 4; episode_count: 16; best_tax_advantage: 20.0; avg_entropy: 2.513719071634114; random_exploration_count: 26; saved_snapshots: 0; random_action_prob: 0.2130
take_out_loan -0.02 52
contribute_asset 1.1903333333333335 15
distribute_cash 0.7449999999999999 26
contribute_cash 1.0692857142857144 35
update_start: 33; random_action_prob: 0.2119
update_complete: 33; loss: 2.8910129070281982; cumulative_reward: 43.53499999999997; invalid_count: 0; positive_reward_count: 6; success_count: 2; episode_count: 16; best_tax_advantage: 20.0; avg_entropy: 2.3762897667475045; random_exploration_count: 24; saved_snapshots: 0; random_action_prob: 0.2119
take_out_loan 0.018199999999999997 50
contribute_asset 0.38699999999999996 15
distribute_cash 1.908103448275862 29
contribute_cash -0.5445588235294118 34
update_start: 34; random_action_prob: 0.2108
update_complete: 34; loss: 6.695069313049316; cumulative_reward: 125.03999999999998; invalid_count: 0; positive_reward_count: 9; success_count: 6; episode_count: 16; best_tax_advantage: 20.0; avg_entropy: 2.379245180170983; random_exploration_count: 25; saved_snapshots: 0; random_action_prob: 0.2108
take_out_loan -0.02336363636363636 55
contribute_asset 1.110625 16
distribute_cash 4.5276 25
contribute_cash -0.14484375 32
update_start: 35; random_action_prob: 0.2098
update_complete: 35; loss: 4.593651453653972; cumulative_reward: 85.49499999999992; invalid_count: 0; positive_reward_count: 6; success_count: 4; episode_count: 16; best_tax_advantage: 20.0; avg_entropy: 2.327676748856902; random_exploration_count: 29; saved_snapshots: 0; random_action_prob: 0.2098
take_out_loan -0.02214285714285714 56
contribute_asset -0.0078125 16
distribute_cash 3.284655172413793 29
contribute_cash -0.3109259259259259 27
update_start: 36; random_action_prob: 0.2087
update_complete: 36; loss: 2.579274574915568; cumulative_reward: 37.56499999999999; invalid_count: 0; positive_reward_count: 3; success_count: 2; episode_count: 16; best_tax_advantage: 20.0; avg_entropy: 2.3470526258461177; random_exploration_count: 37; saved_snapshots: 0; random_action_prob: 0.2087
take_out_loan -0.021862745098039215 51
contribute_asset -0.007647058823529412 17
distribute_cash 1.5316666666666667 27
contribute_cash -0.07712121212121213 33
update_start: 37; random_action_prob: 0.2077
update_complete: 37; loss: 4.666469891866048; cumulative_reward: 88.965; invalid_count: 0; positive_reward_count: 6; success_count: 4; episode_count: 16; best_tax_advantage: 20.0; avg_entropy: 2.2264393493533134; random_exploration_count: 19; saved_snapshots: 0; random_action_prob: 0.2077
take_out_loan -0.023934426229508195 61
contribute_asset -0.009411764705882354 17
distribute_cash 4.1445454545454545 22
contribute_cash -0.021249999999999998 28
update_start: 38; random_action_prob: 0.2066
update_complete: 38; loss: 4.0201042493184405; cumulative_reward: 77.35; invalid_count: 0; positive_reward_count: 8; success_count: 3; episode_count: 16; best_tax_advantage: 20.0; avg_entropy: 2.2811892083846033; random_exploration_count: 31; saved_snapshots: 0; random_action_prob: 0.2066
take_out_loan -0.022321428571428572 56
contribute_asset -0.0096875 16
distribute_cash 3.1869565217391305 23
contribute_cash 0.1653030303030303 33
update_start: 39; random_action_prob: 0.2056
update_complete: 39; loss: 4.358355681101481; cumulative_reward: 81.41999999999994; invalid_count: 0; positive_reward_count: 7; success_count: 4; episode_count: 16; best_tax_advantage: 20.0; avg_entropy: 2.337231595767662; random_exploration_count: 31; saved_snapshots: 0; random_action_prob: 0.2056
take_out_loan 0.6577358490566038 53
contribute_asset -0.0140625 16
distribute_cash 1.826851851851852 27
contribute_cash -0.07937499999999999 32
update_start: 40; random_action_prob: 0.2046
update_complete: 40; loss: 5.7244078318278; cumulative_reward: 97.44999999999999; invalid_count: 0; positive_reward_count: 6; success_count: 5; episode_count: 16; best_tax_advantage: 20.0; avg_entropy: 2.2346681407652795; random_exploration_count: 28; saved_snapshots: 0; random_action_prob: 0.2046
take_out_loan -0.021875000000000002 56
contribute_asset 1.1676470588235295 17
distribute_cash 3.6584210526315792 19
contribute_cash 0.25875 36
update_start: 41; random_action_prob: 0.2036
update_complete: 41; loss: 2.563345273335775; cumulative_reward: 35.654999999999994; invalid_count: 0; positive_reward_count: 3; success_count: 2; episode_count: 16; best_tax_advantage: 20.0; avg_entropy: 2.2908178572542965; random_exploration_count: 28; saved_snapshots: 0; random_action_prob: 0.2036
take_out_loan -0.022115384615384613 52
contribute_asset -0.0125 16
distribute_cash 1.288103448275862 29
contribute_cash -0.011290322580645162 31
update_start: 42; random_action_prob: 0.2025
update_complete: 42; loss: 1.2314290603001912; cumulative_reward: 23.31999999999998; invalid_count: 0; positive_reward_count: 5; success_count: 0; episode_count: 16; best_tax_advantage: 12.0; avg_entropy: 2.381735592149198; random_exploration_count: 31; saved_snapshots: 0; random_action_prob: 0.2025
take_out_loan -0.02403846153846154 52
contribute_asset -0.0115625 16
distribute_cash 1.6898214285714286 28
contribute_cash -0.705 32
update_start: 43; random_action_prob: 0.2015
update_complete: 43; loss: 5.0900084177653; cumulative_reward: 98.91999999999999; invalid_count: 0; positive_reward_count: 8; success_count: 5; episode_count: 17; best_tax_advantage: 20.0; avg_entropy: 2.1182327871210873; random_exploration_count: 26; saved_snapshots: 0; random_action_prob: 0.2015
take_out_loan -0.02225 60
contribute_asset -0.013529411764705884 17
distribute_cash 4.37875 24
contribute_cash -0.17055555555555554 27
update_start: 44; random_action_prob: 0.2005
update_complete: 44; loss: 7.308423678080241; cumulative_reward: 146.95; invalid_count: 0; positive_reward_count: 9; success_count: 7; episode_count: 16; best_tax_advantage: 20.0; avg_entropy: 2.2919721007347107; random_exploration_count: 20; saved_snapshots: 0; random_action_prob: 0.2005
take_out_loan -0.021666666666666667 57
contribute_asset -0.01647058823529412 17
distribute_cash 3.828275862068965 29
contribute_cash 1.4978 25
update_start: 45; random_action_prob: 0.1995
update_complete: 45; loss: 5.648876667022705; cumulative_reward: 117.445; invalid_count: 0; positive_reward_count: 8; success_count: 6; episode_count: 17; best_tax_advantage: 20.0; avg_entropy: 2.2828677096404135; random_exploration_count: 22; saved_snapshots: 0; random_action_prob: 0.1995
take_out_loan 0.01528301886792453 53
contribute_asset 1.2378125 16
distribute_cash 3.1746 25
contribute_cash 0.5136764705882353 34
update_start: 46; random_action_prob: 0.1985
update_complete: 46; loss: 5.004105726877849; cumulative_reward: 101.315; invalid_count: 0; positive_reward_count: 7; success_count: 5; episode_count: 16; best_tax_advantage: 20.0; avg_entropy: 2.389341516420245; random_exploration_count: 27; saved_snapshots: 0; random_action_prob: 0.1985
take_out_loan 0.017592592592592594 54
contribute_asset -0.009375 16
distribute_cash 2.6552631578947365 38
contribute_cash -0.01925 20
update_start: 47; random_action_prob: 0.1975
update_complete: 47; loss: 4.77860689163208; cumulative_reward: 105.44999999999997; invalid_count: 0; positive_reward_count: 6; success_count: 5; episode_count: 17; best_tax_advantage: 20.0; avg_entropy: 2.278436505701393; random_exploration_count: 22; saved_snapshots: 0; random_action_prob: 0.1975
take_out_loan -0.0209 50
contribute_asset -0.0103125 16
distribute_cash 3.058 35
contribute_cash -0.013703703703703704 27
update_start: 48; random_action_prob: 0.1965
update_complete: 48; loss: 2.2177611192067466; cumulative_reward: 25.379999999999978; invalid_count: 0; positive_reward_count: 4; success_count: 1; episode_count: 16; best_tax_advantage: 20.0; avg_entropy: 2.2370384563691914; random_exploration_count: 17; saved_snapshots: 0; random_action_prob: 0.1965
take_out_loan -0.021509433962264148 53
contribute_asset -0.005625 16
distribute_cash 0.20242857142857146 35
contribute_cash 0.8135416666666666 24
update_start: 49; random_action_prob: 0.1956
update_complete: 49; loss: 4.0440131823221845; cumulative_reward: 81.30499999999998; invalid_count: 0; positive_reward_count: 7; success_count: 4; episode_count: 16; best_tax_advantage: 20.0; avg_entropy: 2.2976749492809176; random_exploration_count: 21; saved_snapshots: 0; random_action_prob: 0.1956
take_out_loan -0.02107142857142857 56
contribute_asset -0.0059375 16
distribute_cash 1.9720312500000001 32
contribute_cash 0.8114583333333334 24
update_start: 50; random_action_prob: 0.1946
update_complete: 50; loss: 5.5239027341206866; cumulative_reward: 113.58000000000001; invalid_count: 0; positive_reward_count: 8; success_count: 6; episode_count: 17; best_tax_advantage: 20.0; avg_entropy: 2.349784674588591; random_exploration_count: 34; saved_snapshots: 0; random_action_prob: 0.1946
take_out_loan -0.01971698113207547 53
contribute_asset 1.1002777777777777 18
distribute_cash 3.0371875 32
contribute_cash -0.09480000000000001 25
update_start: 51; random_action_prob: 0.1936
update_complete: 51; loss: 3.856623808542887; cumulative_reward: 77.42999999999999; invalid_count: 0; positive_reward_count: 6; success_count: 3; episode_count: 16; best_tax_advantage: 20.0; avg_entropy: 2.315655605169013; random_exploration_count: 28; saved_snapshots: 0; random_action_prob: 0.1936
take_out_loan -0.020833333333333332 54
contribute_asset -0.010588235294117647 17
distribute_cash 2.392586206896552 29
contribute_cash 0.3339285714285714 28
update_start: 52; random_action_prob: 0.1926
update_complete: 52; loss: 3.9398042360941568; cumulative_reward: 85.39999999999996; invalid_count: 0; positive_reward_count: 6; success_count: 4; episode_count: 17; best_tax_advantage: 20.0; avg_entropy: 2.3900122391059995; random_exploration_count: 21; saved_snapshots: 0; random_action_prob: 0.1926
take_out_loan -0.020471698113207547 53
contribute_asset 1.0508823529411764 17
distribute_cash 2.0939393939393938 33
contribute_cash -0.0192 25
update_start: 53; random_action_prob: 0.1917
update_complete: 53; loss: 5.675276120503743; cumulative_reward: 111.11000000000003; invalid_count: 0; positive_reward_count: 6; success_count: 6; episode_count: 16; best_tax_advantage: 20.0; avg_entropy: 2.3766851844266057; random_exploration_count: 27; saved_snapshots: 0; random_action_prob: 0.1917
take_out_loan -0.021363636363636366 55
contribute_asset -0.006666666666666667 15
distribute_cash 3.325535714285714 28
contribute_cash 0.6423333333333333 30
update_start: 54; random_action_prob: 0.1907
update_complete: 54; loss: 3.698058843612671; cumulative_reward: 57.834999999999994; invalid_count: 0; positive_reward_count: 4; success_count: 3; episode_count: 16; best_tax_advantage: 20.0; avg_entropy: 2.3354076417163014; random_exploration_count: 26; saved_snapshots: 0; random_action_prob: 0.1907
take_out_loan -0.019302325581395347 43
contribute_asset -0.004 15
distribute_cash 2.23125 32
contribute_cash -0.3335526315789474 38
update_start: 55; random_action_prob: 0.1898
update_complete: 55; loss: 5.042209466298421; cumulative_reward: 107.74500000000003; invalid_count: 0; positive_reward_count: 9; success_count: 5; episode_count: 17; best_tax_advantage: 20.0; avg_entropy: 2.3845488438382745; random_exploration_count: 24; saved_snapshots: 0; random_action_prob: 0.1898
take_out_loan 0.7961224489795918 49
contribute_asset -0.005 17
distribute_cash 1.8344642857142859 28
contribute_cash 0.5133823529411764 34
update_start: 56; random_action_prob: 0.1888
update_complete: 56; loss: 4.601058006286621; cumulative_reward: 79.83999999999997; invalid_count: 0; positive_reward_count: 6; success_count: 4; episode_count: 16; best_tax_advantage: 20.0; avg_entropy: 2.3767656292766333; random_exploration_count: 17; saved_snapshots: 0; random_action_prob: 0.1888
take_out_loan -0.01684782608695652 46
contribute_asset -0.0078125 16
distribute_cash 0.6439393939393938 33
contribute_cash 1.8027272727272727 33
update_start: 57; random_action_prob: 0.1879
update_complete: 57; loss: 3.6542144616444907; cumulative_reward: 83.40499999999999; invalid_count: 0; positive_reward_count: 7; success_count: 4; episode_count: 17; best_tax_advantage: 20.0; avg_entropy: 2.2840904644690454; random_exploration_count: 24; saved_snapshots: 0; random_action_prob: 0.1879
take_out_loan -0.02049019607843137 51
contribute_asset -0.013055555555555555 18
distribute_cash 3.2813793103448274 29
contribute_cash -0.34916666666666674 30
update_start: 58; random_action_prob: 0.1869
update_complete: 58; loss: 8.142534255981445; cumulative_reward: 191.755; invalid_count: 0; positive_reward_count: 11; success_count: 10; episode_count: 18; best_tax_advantage: 20.0; avg_entropy: 2.295551302842796; random_exploration_count: 23; saved_snapshots: 0; random_action_prob: 0.1869
take_out_loan -0.018367346938775512 49
contribute_asset 1.0399999999999998 19
distribute_cash 6.047586206896551 29
contribute_cash -0.08016129032258064 31
update_start: 59; random_action_prob: 0.1860
update_complete: 59; loss: 4.360180060068767; cumulative_reward: 85.135; invalid_count: 0; positive_reward_count: 6; success_count: 4; episode_count: 16; best_tax_advantage: 20.0; avg_entropy: 2.3501724991947412; random_exploration_count: 25; saved_snapshots: 0; random_action_prob: 0.1860
take_out_loan -0.021964285714285714 56
contribute_asset -0.013235294117647059 17
distribute_cash 3.3866666666666667 24
contribute_cash 0.17129032258064514 31
update_start: 60; random_action_prob: 0.1851
update_complete: 60; loss: 3.7325478394826255; cumulative_reward: 57.35499999999998; invalid_count: 0; positive_reward_count: 4; success_count: 3; episode_count: 16; best_tax_advantage: 20.0; avg_entropy: 2.278215461410582; random_exploration_count: 27; saved_snapshots: 0; random_action_prob: 0.1851
take_out_loan -0.02 49
contribute_asset -0.013125 16
distribute_cash 2.22265625 32
contribute_cash -0.40580645161290324 31
update_start: 61; random_action_prob: 0.1841
update_complete: 61; loss: 5.026516437530518; cumulative_reward: 95.35999999999994; invalid_count: 0; positive_reward_count: 5; success_count: 5; episode_count: 16; best_tax_advantage: 20.0; avg_entropy: 2.361089738085866; random_exploration_count: 29; saved_snapshots: 0; random_action_prob: 0.1841
take_out_loan -0.019811320754716984 53
contribute_asset 1.0441176470588236 17
distribute_cash 2.7322413793103446 29
contribute_cash -0.01982758620689655 29
update_start: 62; random_action_prob: 0.1832
update_complete: 62; loss: 6.83298905690511; cumulative_reward: 137.28500000000003; invalid_count: 0; positive_reward_count: 7; success_count: 7; episode_count: 17; best_tax_advantage: 20.0; avg_entropy: 2.252931248396635; random_exploration_count: 23; saved_snapshots: 0; random_action_prob: 0.1832
take_out_loan -0.01990566037735849 53
contribute_asset -0.013055555555555556 18
distribute_cash 4.136666666666667 24
contribute_cash 1.190757575757576 33
update_start: 63; random_action_prob: 0.1823
update_complete: 63; loss: 8.055149714152018; cumulative_reward: 175.11500000000007; invalid_count: 0; positive_reward_count: 13; success_count: 9; episode_count: 17; best_tax_advantage: 20.0; avg_entropy: 2.1646719984710217; random_exploration_count: 16; saved_snapshots: 0; random_action_prob: 0.1823
take_out_loan -0.021101694915254238 59
contribute_asset 0.10388888888888888 18
distribute_cash 7.004 25
contribute_cash -0.02346153846153846 26
update_start: 64; random_action_prob: 0.1814
update_complete: 64; loss: 5.49049727121989; cumulative_reward: 97.34499999999997; invalid_count: 0; positive_reward_count: 5; success_count: 5; episode_count: 16; best_tax_advantage: 20.0; avg_entropy: 2.141934923827648; random_exploration_count: 27; saved_snapshots: 0; random_action_prob: 0.1814
take_out_loan -0.020588235294117647 51
contribute_asset -0.011764705882352941 17
distribute_cash 2.7027272727272726 22
contribute_cash 1.0298684210526314 38
update_start: 65; random_action_prob: 0.1805
update_complete: 65; loss: 8.411502202351889; cumulative_reward: 174.93500000000003; invalid_count: 0; positive_reward_count: 10; success_count: 9; episode_count: 17; best_tax_advantage: 20.0; avg_entropy: 1.9692406926769763; random_exploration_count: 22; saved_snapshots: 0; random_action_prob: 0.1805
take_out_loan -0.02238095238095238 63
contribute_asset -0.01911764705882353 17
distribute_cash 8.80921052631579 19
contribute_cash 0.32051724137931026 29
update_start: 66; random_action_prob: 0.1796
update_complete: 66; loss: 3.787848154703776; cumulative_reward: 54.45999999999997; invalid_count: 0; positive_reward_count: 3; success_count: 3; episode_count: 16; best_tax_advantage: 20.0; avg_entropy: 2.0514890803024173; random_exploration_count: 29; saved_snapshots: 0; random_action_prob: 0.1796
take_out_loan -0.02421875 64
contribute_asset -0.019411764705882354 17
distribute_cash 3.1852777777777774 18
contribute_cash -0.03431034482758621 29
update_start: 67; random_action_prob: 0.1787
update_complete: 67; loss: 6.920272350311279; cumulative_reward: 137.005; invalid_count: 0; positive_reward_count: 7; success_count: 7; episode_count: 16; best_tax_advantage: 20.0; avg_entropy: 1.906660713488236; random_exploration_count: 27; saved_snapshots: 0; random_action_prob: 0.1787
take_out_loan -0.021475409836065575 61
contribute_asset -0.011470588235294118 17
distribute_cash 5.5706 25
contribute_cash -0.0302 25
update_start: 68; random_action_prob: 0.1778
update_complete: 68; loss: 8.218735376993815; cumulative_reward: 174.79000000000002; invalid_count: 0; positive_reward_count: 9; success_count: 9; episode_count: 17; best_tax_advantage: 20.0; avg_entropy: 1.6256956458091736; random_exploration_count: 12; saved_snapshots: 0; random_action_prob: 0.1778
take_out_loan -0.021538461538461538 65
contribute_asset -0.014411764705882353 17
distribute_cash 9.848055555555554 18
contribute_cash -0.02964285714285714 28
update_start: 69; random_action_prob: 0.1769
update_complete: 69; loss: 9.261905670166016; cumulative_reward: 196.7000000000001; invalid_count: 0; positive_reward_count: 10; success_count: 10; episode_count: 17; best_tax_advantage: 20.0; avg_entropy: 1.6071863442775793; random_exploration_count: 24; saved_snapshots: 0; random_action_prob: 0.1769
take_out_loan -0.02298507462686567 67
contribute_asset -0.007647058823529412 17
distribute_cash 9.955749999999998 20
contribute_cash -0.031041666666666665 24
update_start: 70; random_action_prob: 0.1760
update_complete: 70; loss: 10.665972073872885; cumulative_reward: 234.11000000000013; invalid_count: 0; positive_reward_count: 12; success_count: 12; episode_count: 17; best_tax_advantage: 20.0; avg_entropy: 1.523992816975806; random_exploration_count: 13; saved_snapshots: 0; random_action_prob: 0.1760
take_out_loan -0.023308823529411764 68
contribute_asset -0.027352941176470587 17
distribute_cash 13.174444444444443 18
contribute_cash -0.0392 25
update_start: 71; random_action_prob: 0.1751
update_complete: 71; loss: 8.239817301432291; cumulative_reward: 177.01500000000004; invalid_count: 0; positive_reward_count: 9; success_count: 9; episode_count: 17; best_tax_advantage: 20.0; avg_entropy: 1.5842670642305166; random_exploration_count: 24; saved_snapshots: 0; random_action_prob: 0.1751
take_out_loan -0.022384615384615385 65
contribute_asset 1.0994444444444444 18
distribute_cash 7.334999999999999 19
contribute_cash 0.7428846153846155 26
update_start: 72; random_action_prob: 0.1743
update_complete: 72; loss: 8.901041984558105; cumulative_reward: 194.87000000000003; invalid_count: 0; positive_reward_count: 10; success_count: 10; episode_count: 17; best_tax_advantage: 20.0; avg_entropy: 1.5581195738632232; random_exploration_count: 26; saved_snapshots: 0; random_action_prob: 0.1743
take_out_loan -0.021640625 64
contribute_asset -0.01911764705882353 17
distribute_cash 9.393571428571429 21
contribute_cash -0.02634615384615385 26
update_start: 73; random_action_prob: 0.1734
update_complete: 73; loss: 9.262008984883627; cumulative_reward: 196.54000000000013; invalid_count: 0; positive_reward_count: 10; success_count: 10; episode_count: 17; best_tax_advantage: 20.0; avg_entropy: 1.3744572931318544; random_exploration_count: 18; saved_snapshots: 0; random_action_prob: 0.1734
take_out_loan -0.022898550724637683 69
contribute_asset -0.021470588235294116 17
distribute_cash 10.484473684210526 19
contribute_cash -0.03130434782608695 23
update_start: 74; random_action_prob: 0.1725
update_complete: 74; loss: 12.985302925109863; cumulative_reward: 296.34000000000015; invalid_count: 0; positive_reward_count: 15; success_count: 15; episode_count: 18; best_tax_advantage: 20.0; avg_entropy: 1.3159813037491404; random_exploration_count: 13; saved_snapshots: 0; random_action_prob: 0.1725
take_out_loan -0.02232394366197183 71
contribute_asset -0.0225 18
distribute_cash 14.69315789473684 19
contribute_cash 0.958 20
update_start: 75; random_action_prob: 0.1717
update_complete: 75; loss: 9.028287251790365; cumulative_reward: 194.5000000000001; invalid_count: 0; positive_reward_count: 10; success_count: 10; episode_count: 17; best_tax_advantage: 20.0; avg_entropy: 1.4469545771717094; random_exploration_count: 20; saved_snapshots: 0; random_action_prob: 0.1717
take_out_loan -0.02265625 64
contribute_asset -0.023823529411764705 17
distribute_cash 9.860499999999998 20
contribute_cash -0.03166666666666667 27
update_start: 76; random_action_prob: 0.1708
update_complete: 76; loss: 6.435025850931804; cumulative_reward: 116.26999999999998; invalid_count: 0; positive_reward_count: 6; success_count: 6; episode_count: 16; best_tax_advantage: 20.0; avg_entropy: 1.641269884974463; random_exploration_count: 28; saved_snapshots: 0; random_action_prob: 0.1708
take_out_loan -0.023970588235294115 68
contribute_asset -0.020666666666666667 15
distribute_cash 8.523928571428572 14
contribute_cash -0.036290322580645164 31
update_start: 77; random_action_prob: 0.1699
update_complete: 77; loss: 7.860049406687419; cumulative_reward: 156.315; invalid_count: 0; positive_reward_count: 9; success_count: 8; episode_count: 17; best_tax_advantage: 20.0; avg_entropy: 1.469906383950729; random_exploration_count: 14; saved_snapshots: 0; random_action_prob: 0.1699
take_out_loan -0.02305970149253731 67
contribute_asset -0.02088235294117647 17
distribute_cash 11.525714285714285 14
contribute_cash -0.10483333333333333 30
update_start: 78; random_action_prob: 0.1691
update_complete: 78; loss: 9.054330190022787; cumulative_reward: 194.66500000000002; invalid_count: 0; positive_reward_count: 11; success_count: 10; episode_count: 17; best_tax_advantage: 20.0; avg_entropy: 1.6548010122496635; random_exploration_count: 16; saved_snapshots: 0; random_action_prob: 0.1691
take_out_loan -0.021796875 64
contribute_asset -0.010294117647058823 17
distribute_cash 9.386904761904763 21
contribute_cash -0.03423076923076923 26
update_start: 79; random_action_prob: 0.1683
update_complete: 79; loss: 6.883996327718099; cumulative_reward: 136.50499999999994; invalid_count: 0; positive_reward_count: 7; success_count: 7; episode_count: 17; best_tax_advantage: 20.0; avg_entropy: 1.813092042459175; random_exploration_count: 24; saved_snapshots: 0; random_action_prob: 0.1683
take_out_loan -0.02296875 64
contribute_asset -0.02 16
distribute_cash 6.631666666666666 18
contribute_cash 0.6308333333333334 30
update_start: 80; random_action_prob: 0.1674
update_complete: 80; loss: 9.19371763865153; cumulative_reward: 196.55500000000023; invalid_count: 0; positive_reward_count: 10; success_count: 10; episode_count: 17; best_tax_advantage: 20.0; avg_entropy: 1.7501116277417168; random_exploration_count: 17; saved_snapshots: 0; random_action_prob: 0.1674
take_out_loan -0.022575757575757575 66
contribute_asset -0.016176470588235292 17
distribute_cash 8.536190476190475 21
contribute_cash 0.7941666666666666 24
update_start: 81; random_action_prob: 0.1666
update_complete: 81; loss: 9.905351956685385; cumulative_reward: 214.56; invalid_count: 0; positive_reward_count: 11; success_count: 11; episode_count: 17; best_tax_advantage: 20.0; avg_entropy: 1.7016629263525829; random_exploration_count: 21; saved_snapshots: 0; random_action_prob: 0.1666
take_out_loan -0.023478260869565216 69
contribute_asset 1.095 18
distribute_cash 13.161666666666665 15
contribute_cash -0.03673076923076923 26
update_start: 82; random_action_prob: 0.1657
update_complete: 82; loss: 9.073997815450033; cumulative_reward: 196.56500000000003; invalid_count: 0; positive_reward_count: 11; success_count: 10; episode_count: 16; best_tax_advantage: 20.0; avg_entropy: 1.6903284919681028; random_exploration_count: 20; saved_snapshots: 0; random_action_prob: 0.1657
take_out_loan -0.023529411764705882 68
contribute_asset -0.014117647058823528 17
distribute_cash 11.073611111111111 18
contribute_cash -0.0368 25
update_start: 83; random_action_prob: 0.1649
update_complete: 83; loss: 7.058566411336263; cumulative_reward: 136.45999999999998; invalid_count: 0; positive_reward_count: 7; success_count: 7; episode_count: 16; best_tax_advantage: 20.0; avg_entropy: 1.7571892021223903; random_exploration_count: 20; saved_snapshots: 0; random_action_prob: 0.1649
take_out_loan -0.02284615384615385 65
contribute_asset -0.01676470588235294 17
distribute_cash 6.9565 20
contribute_cash -0.03461538461538462 26
update_start: 84; random_action_prob: 0.1641
update_complete: 84; loss: 8.386717478434244; cumulative_reward: 182.85; invalid_count: 0; positive_reward_count: 10; success_count: 9; episode_count: 16; best_tax_advantage: 20.0; avg_entropy: 1.9080233346903697; random_exploration_count: 21; saved_snapshots: 0; random_action_prob: 0.1641
take_out_loan 0.26182539682539685 63
contribute_asset -0.011666666666666665 15
distribute_cash 8.668823529411766 17
contribute_cash 0.5806060606060606 33
update_start: 85; random_action_prob: 0.1633
update_complete: 85; loss: 5.368686358133952; cumulative_reward: 94.48500000000001; invalid_count: 0; positive_reward_count: 6; success_count: 5; episode_count: 16; best_tax_advantage: 20.0; avg_entropy: 1.9194595641456544; random_exploration_count: 27; saved_snapshots: 0; random_action_prob: 0.1633
take_out_loan -0.0228125 64
contribute_asset -0.0225 16
distribute_cash 5.5136111111111115 18
contribute_cash -0.098 30
update_start: 86; random_action_prob: 0.1625
update_complete: 86; loss: 7.831288019816081; cumulative_reward: 162.75499999999997; invalid_count: 0; positive_reward_count: 9; success_count: 8; episode_count: 16; best_tax_advantage: 20.0; avg_entropy: 1.9214014761382714; random_exploration_count: 18; saved_snapshots: 0; random_action_prob: 0.1625
take_out_loan -0.024015151515151514 66
contribute_asset -0.012352941176470587 17
distribute_cash 9.188055555555556 18
contribute_cash -0.030925925925925926 27
update_start: 87; random_action_prob: 0.1616
update_complete: 87; loss: 6.174313386281331; cumulative_reward: 116.71499999999999; invalid_count: 0; positive_reward_count: 6; success_count: 6; episode_count: 16; best_tax_advantage: 20.0; avg_entropy: 1.9782254241872579; random_exploration_count: 20; saved_snapshots: 0; random_action_prob: 0.1616
take_out_loan -0.023412698412698413 63
contribute_asset -0.008823529411764706 17
distribute_cash 5.96475 20
contribute_cash -0.03410714285714286 28
update_start: 88; random_action_prob: 0.1608
update_complete: 88; loss: 10.694958368937174; cumulative_reward: 242.70500000000013; invalid_count: 0; positive_reward_count: 14; success_count: 12; episode_count: 17; best_tax_advantage: 20.0; avg_entropy: 1.80722908815369; random_exploration_count: 22; saved_snapshots: 0; random_action_prob: 0.1608
take_out_loan 0.12367647058823529 68
contribute_asset -0.010294117647058823 17
distribute_cash 11.85 19
contribute_cash 0.38833333333333336 24
update_start: 89; random_action_prob: 0.1600
update_complete: 89; loss: 3.4704140027364097; cumulative_reward: 66.72500000000004; invalid_count: 0; positive_reward_count: 5; success_count: 3; episode_count: 16; best_tax_advantage: 20.0; avg_entropy: 2.047214090824127; random_exploration_count: 24; saved_snapshots: 0; random_action_prob: 0.1600
take_out_loan -0.023666666666666666 60
contribute_asset -0.014687500000000001 16
distribute_cash 3.2957142857142854 21
contribute_cash -0.026774193548387098 31
update_start: 90; random_action_prob: 0.1592
update_complete: 90; loss: 5.68927001953125; cumulative_reward: 113.28000000000003; invalid_count: 0; positive_reward_count: 7; success_count: 6; episode_count: 16; best_tax_advantage: 20.0; avg_entropy: 1.905890457215719; random_exploration_count: 30; saved_snapshots: 0; random_action_prob: 0.1592
take_out_loan -0.02325 60
contribute_asset -0.005588235294117647 17
distribute_cash 5.786590909090909 22
contribute_cash -0.43224137931034484 29
update_start: 91; random_action_prob: 0.1584
update_complete: 91; loss: 4.211854457855225; cumulative_reward: 84.73499999999997; invalid_count: 0; positive_reward_count: 7; success_count: 4; episode_count: 17; best_tax_advantage: 20.0; avg_entropy: 2.1376314169028774; random_exploration_count: 27; saved_snapshots: 0; random_action_prob: 0.1584
take_out_loan -0.02362903225806452 62
contribute_asset -0.0096875 16
distribute_cash 2.3668 25
contribute_cash 1.0874000000000001 25
update_start: 92; random_action_prob: 0.1576
update_complete: 92; loss: 10.08817450205485; cumulative_reward: 220.715; invalid_count: 0; positive_reward_count: 13; success_count: 11; episode_count: 17; best_tax_advantage: 20.0; avg_entropy: 1.9578747678315267; random_exploration_count: 15; saved_snapshots: 0; random_action_prob: 0.1576
take_out_loan -0.022307692307692306 65
contribute_asset -0.014705882352941176 17
distribute_cash 9.234090909090908 22
contribute_cash 0.8027083333333334 24
update_start: 93; random_action_prob: 0.1569
update_complete: 93; loss: 6.612890402475993; cumulative_reward: 140.96000000000004; invalid_count: 0; positive_reward_count: 8; success_count: 7; episode_count: 16; best_tax_advantage: 20.0; avg_entropy: 2.037688946002163; random_exploration_count: 24; saved_snapshots: 0; random_action_prob: 0.1569
take_out_loan -0.021610169491525423 59
contribute_asset -0.0140625 16
distribute_cash 5.967142857142856 21
contribute_cash 0.5359375 32
update_start: 94; random_action_prob: 0.1561
update_complete: 94; loss: 9.618247032165527; cumulative_reward: 214.5750000000001; invalid_count: 0; positive_reward_count: 11; success_count: 11; episode_count: 17; best_tax_advantage: 20.0; avg_entropy: 1.8273992666509002; random_exploration_count: 15; saved_snapshots: 0; random_action_prob: 0.1561
take_out_loan -0.021875 64
contribute_asset 1.1608823529411765 17
distribute_cash 10.959444444444445 18
contribute_cash -0.035517241379310345 29
update_start: 95; random_action_prob: 0.1553
update_complete: 95; loss: 7.401504675547282; cumulative_reward: 154.72499999999994; invalid_count: 0; positive_reward_count: 9; success_count: 8; episode_count: 17; best_tax_advantage: 20.0; avg_entropy: 1.8176148724742234; random_exploration_count: 17; saved_snapshots: 0; random_action_prob: 0.1553
take_out_loan 0.13523809523809524 63
contribute_asset -0.008529411764705883 17
distribute_cash 7.752894736842106 19
contribute_cash -0.03293103448275862 29
update_start: 96; random_action_prob: 0.1545
update_complete: 96; loss: 8.981681187947592; cumulative_reward: 215.03000000000003; invalid_count: 0; positive_reward_count: 13; success_count: 10; episode_count: 17; best_tax_advantage: 20.0; avg_entropy: 1.8992218852508813; random_exploration_count: 24; saved_snapshots: 0; random_action_prob: 0.1545
take_out_loan 0.3011290322580645 62
contribute_asset -0.011388888888888888 18
distribute_cash 9.26225 20
contribute_cash 0.4042857142857143 28
update_start: 97; random_action_prob: 0.1537
update_complete: 97; loss: 7.630421320597331; cumulative_reward: 187.54500000000002; invalid_count: 0; positive_reward_count: 13; success_count: 9; episode_count: 18; best_tax_advantage: 20.0; avg_entropy: 1.7079579229466617; random_exploration_count: 11; saved_snapshots: 0; random_action_prob: 0.1537
take_out_loan 0.015000000000000001 58
contribute_asset -0.0044736842105263155 19
distribute_cash 8.700227272727274 22
contribute_cash -0.16017241379310346 29
update_start: 98; random_action_prob: 0.1530
update_complete: 98; loss: 10.970752716064453; cumulative_reward: 251.08500000000012; invalid_count: 0; positive_reward_count: 14; success_count: 13; episode_count: 17; best_tax_advantage: 20.0; avg_entropy: 1.7286278413957916; random_exploration_count: 17; saved_snapshots: 0; random_action_prob: 0.1530
take_out_loan -0.018839285714285715 56
contribute_asset -0.015000000000000001 18
distribute_cash 9.408 25
contribute_cash 0.5934482758620689 29
update_start: 99; random_action_prob: 0.1522
update_complete: 99; loss: 8.796173413594564; cumulative_reward: 192.89000000000013; invalid_count: 0; positive_reward_count: 10; success_count: 10; episode_count: 17; best_tax_advantage: 20.0; avg_entropy: 1.6982744143460877; random_exploration_count: 22; saved_snapshots: 0; random_action_prob: 0.1522
take_out_loan -0.02171875 64
contribute_asset -0.004722222222222222 18
distribute_cash 8.75975 20
contribute_cash 0.7373076923076923 26
2026-07-10T17:25:44 completed partnership_disguised_sale run=3 elapsed_seconds=802.70 updates_logged=100
2026-07-10T17:25:44 running partnership_disguised_sale run=4 seed=1733
update_start: 0; random_action_prob: 0.2500
update_complete: 0; loss: 0.6638719240824381; cumulative_reward: 12.054999999999987; invalid_count: 0; positive_reward_count: 1; success_count: 0; episode_count: 16; best_tax_advantage: 16.0; avg_entropy: 2.5063583217561245; random_exploration_count: 33; saved_snapshots: 0; random_action_prob: 0.2500
take_out_loan -0.018378378378378378 37
contribute_asset -0.008 15
distribute_cash 0.3617567567567567 37
contribute_cash -0.01358974358974359 39
update_start: 1; random_action_prob: 0.2487
update_complete: 1; loss: 1.268524408340454; cumulative_reward: 21.675000000000004; invalid_count: 0; positive_reward_count: 3; success_count: 1; episode_count: 16; best_tax_advantage: 20.0; avg_entropy: 2.6833645487204194; random_exploration_count: 30; saved_snapshots: 0; random_action_prob: 0.2487
take_out_loan -0.021595744680851067 47
contribute_asset 1.3259999999999998 15
distribute_cash 0.38099999999999995 35
contribute_cash -0.33983870967741936 31
update_start: 2; random_action_prob: 0.2475
update_complete: 2; loss: -0.07733558615048726; cumulative_reward: -2.914999999999997; invalid_count: 0; positive_reward_count: 0; success_count: 0; episode_count: 16; best_tax_advantage: 0.0; avg_entropy: 2.6670950446277857; random_exploration_count: 25; saved_snapshots: 0; random_action_prob: 0.2475
take_out_loan -0.02490566037735849 53
contribute_asset -0.013214285714285715 14
distribute_cash -0.02206896551724138 29
contribute_cash -0.0240625 32
update_start: 3; random_action_prob: 0.2463
update_complete: 3; loss: 3.0561402638753257; cumulative_reward: 45.18999999999998; invalid_count: 0; positive_reward_count: 3; success_count: 2; episode_count: 16; best_tax_advantage: 20.0; avg_entropy: 2.5066175470128655; random_exploration_count: 26; saved_snapshots: 0; random_action_prob: 0.2463
take_out_loan -0.022358490566037736 53
contribute_asset -0.0065625 16
distribute_cash 1.6246551724137932 29
contribute_cash -0.021166666666666667 30
update_start: 4; random_action_prob: 0.2450
update_complete: 4; loss: -0.07582889248927434; cumulative_reward: -2.419999999999998; invalid_count: 0; positive_reward_count: 1; success_count: 0; episode_count: 16; best_tax_advantage: 2.0; avg_entropy: 2.526175416074693; random_exploration_count: 24; saved_snapshots: 0; random_action_prob: 0.2450
take_out_loan -0.02244186046511628 43
contribute_asset -0.0003846153846153846 13
distribute_cash -0.02257142857142857 35
contribute_cash -0.01783783783783784 37
update_start: 5; random_action_prob: 0.2438
update_complete: 5; loss: -0.09424841900666554; cumulative_reward: -2.579999999999998; invalid_count: 0; positive_reward_count: 0; success_count: 0; episode_count: 16; best_tax_advantage: 0.0; avg_entropy: 2.537841056473553; random_exploration_count: 26; saved_snapshots: 0; random_action_prob: 0.2438
take_out_loan -0.019 45
contribute_asset -0.004666666666666666 15
distribute_cash -0.026538461538461535 39
contribute_cash -0.021379310344827585 29
update_start: 6; random_action_prob: 0.2426
update_complete: 6; loss: 1.2001359860102336; cumulative_reward: 17.310000000000006; invalid_count: 0; positive_reward_count: 2; success_count: 1; episode_count: 16; best_tax_advantage: 20.0; avg_entropy: 2.418664596043527; random_exploration_count: 31; saved_snapshots: 0; random_action_prob: 0.2426
take_out_loan 0.18593749999999998 48
contribute_asset -0.008749999999999999 16
distribute_cash 0.4028260869565218 23
contribute_cash -0.018048780487804877 41
update_start: 7; random_action_prob: 0.2414
update_complete: 7; loss: 0.2979019383589427; cumulative_reward: 7.589999999999996; invalid_count: 0; positive_reward_count: 4; success_count: 0; episode_count: 16; best_tax_advantage: 10.0; avg_entropy: 2.558839788660407; random_exploration_count: 29; saved_snapshots: 0; random_action_prob: 0.2414
take_out_loan 0.1425 48
contribute_asset -0.005625 16
distribute_cash 0.09588235294117649 34
contribute_cash -0.08066666666666666 30
update_start: 8; random_action_prob: 0.2402
update_complete: 8; loss: -0.10132091740767162; cumulative_reward: -2.2399999999999984; invalid_count: 0; positive_reward_count: 1; success_count: 0; episode_count: 16; best_tax_advantage: 2.0; avg_entropy: 2.562628543935716; random_exploration_count: 32; saved_snapshots: 0; random_action_prob: 0.2402
take_out_loan 0.02063829787234043 47
contribute_asset -0.005666666666666667 15
distribute_cash -0.018333333333333333 30
contribute_cash -0.07152777777777779 36
update_start: 9; random_action_prob: 0.2390
update_complete: 9; loss: -0.03549136221408844; cumulative_reward: 0.12000000000000016; invalid_count: 0; positive_reward_count: 2; success_count: 0; episode_count: 16; best_tax_advantage: 10.0; avg_entropy: 2.4621911123394966; random_exploration_count: 31; saved_snapshots: 0; random_action_prob: 0.2390
take_out_loan -0.02011904761904762 42
contribute_asset -0.0023333333333333335 15
distribute_cash 0.38333333333333336 30
contribute_cash -0.25609756097560976 41
update_start: 10; random_action_prob: 0.2378
update_complete: 10; loss: 1.5467113653818767; cumulative_reward: 17.930000000000003; invalid_count: 0; positive_reward_count: 2; success_count: 1; episode_count: 16; best_tax_advantage: 20.0; avg_entropy: 2.526143930852413; random_exploration_count: 28; saved_snapshots: 0; random_action_prob: 0.2378
take_out_loan -0.01869047619047619 42
contribute_asset -0.0046875 16
distribute_cash 0.713780487804878 41
contribute_cash -0.36120689655172417 29
update_start: 11; random_action_prob: 0.2366
update_complete: 11; loss: 1.021480878194173; cumulative_reward: 22.06500000000001; invalid_count: 0; positive_reward_count: 2; success_count: 1; episode_count: 16; best_tax_advantage: 18.0; avg_entropy: 2.608528835698962; random_exploration_count: 37; saved_snapshots: 0; random_action_prob: 0.2366
take_out_loan -0.017142857142857144 35
contribute_asset 0.7580769230769231 13
distribute_cash 0.3403846153846154 39
contribute_cash -0.011341463414634148 41
update_start: 12; random_action_prob: 0.2354
update_complete: 12; loss: 0.7197187344233195; cumulative_reward: 22.224999999999998; invalid_count: 0; positive_reward_count: 3; success_count: 0; episode_count: 16; best_tax_advantage: 10.0; avg_entropy: 2.494689171202481; random_exploration_count: 28; saved_snapshots: 0; random_action_prob: 0.2354
take_out_loan -0.02141025641025641 39
contribute_asset 0.6606666666666666 15
distribute_cash 0.35407894736842105 38
contribute_cash -0.008472222222222221 36
update_start: 13; random_action_prob: 0.2342
update_complete: 13; loss: -0.11027605334917705; cumulative_reward: -1.719999999999998; invalid_count: 0; positive_reward_count: 0; success_count: 0; episode_count: 16; best_tax_advantage: 0.0; avg_entropy: 2.4456408051773906; random_exploration_count: 32; saved_snapshots: 0; random_action_prob: 0.2342
take_out_loan -0.017361111111111112 36
contribute_asset -0.0023333333333333335 15
distribute_cash -0.014487179487179489 39
contribute_cash -0.013026315789473684 38
update_start: 14; random_action_prob: 0.2331
update_complete: 14; loss: 1.4243486324946086; cumulative_reward: 18.11500000000001; invalid_count: 0; positive_reward_count: 2; success_count: 1; episode_count: 16; best_tax_advantage: 20.0; avg_entropy: 2.4808079451322556; random_exploration_count: 32; saved_snapshots: 0; random_action_prob: 0.2331
take_out_loan -0.018142857142857145 35
contribute_asset -0.011000000000000001 15
distribute_cash 0.8567187500000001 32
contribute_cash -0.18478260869565216 46
update_start: 15; random_action_prob: 0.2319
update_complete: 15; loss: 1.2302977244059246; cumulative_reward: 24.035; invalid_count: 0; positive_reward_count: 2; success_count: 0; episode_count: 16; best_tax_advantage: 16.0; avg_entropy: 2.4587906654924154; random_exploration_count: 27; saved_snapshots: 0; random_action_prob: 0.2319
take_out_loan -0.017631578947368422 38
contribute_asset -0.0071875 16
distribute_cash 0.7255714285714286 35
contribute_cash -0.014743589743589743 39
update_start: 16; random_action_prob: 0.2307
update_complete: 16; loss: 1.7835949659347534; cumulative_reward: 30.05000000000001; invalid_count: 0; positive_reward_count: 3; success_count: 1; episode_count: 16; best_tax_advantage: 20.0; avg_entropy: 2.454625589773059; random_exploration_count: 26; saved_snapshots: 0; random_action_prob: 0.2307
take_out_loan -0.01868421052631579 38
contribute_asset -0.0003333333333333333 15
distribute_cash 0.8226315789473684 38
contribute_cash -0.013378378378378379 37
update_start: 17; random_action_prob: 0.2296
update_complete: 17; loss: 0.9373834331830343; cumulative_reward: 18.099999999999998; invalid_count: 0; positive_reward_count: 2; success_count: 1; episode_count: 16; best_tax_advantage: 18.0; avg_entropy: 2.5294040273875; random_exploration_count: 27; saved_snapshots: 0; random_action_prob: 0.2296
take_out_loan -0.018571428571428572 35
contribute_asset -0.011333333333333334 15
distribute_cash 0.0345 40
contribute_cash 0.46157894736842114 38
update_start: 18; random_action_prob: 0.2284
update_complete: 18; loss: -0.025837411483128864; cumulative_reward: 2.0050000000000003; invalid_count: 0; positive_reward_count: 2; success_count: 0; episode_count: 16; best_tax_advantage: 2.0; avg_entropy: 2.6171587193384767; random_exploration_count: 30; saved_snapshots: 0; random_action_prob: 0.2284
take_out_loan -0.018953488372093024 43
contribute_asset -0.0026666666666666666 15
distribute_cash 0.08592105263157895 38
contribute_cash -0.01265625 32
update_start: 19; random_action_prob: 0.2273
update_complete: 19; loss: 1.55160919825236; cumulative_reward: 34.304999999999986; invalid_count: 0; positive_reward_count: 4; success_count: 1; episode_count: 16; best_tax_advantage: 20.0; avg_entropy: 2.5198595160618424; random_exploration_count: 25; saved_snapshots: 0; random_action_prob: 0.2273
take_out_loan -0.018026315789473685 38
contribute_asset 1.2487499999999998 16
distribute_cash 0.39487179487179486 39
contribute_cash -0.0111428571428571 35
update_start: 20; random_action_prob: 0.2262
update_complete: 20; loss: 0.030149949093659718; cumulative_reward: -2.209999999999999; invalid_count: 0; positive_reward_count: 0; success_count: 0; episode_count: 16; best_tax_advantage: 0.0; avg_entropy: 2.474598817527294; random_exploration_count: 23; saved_snapshots: 0; random_action_prob: 0.2262
take_out_loan -0.019642857142857146 42
contribute_asset -0.0028125 16
distribute_cash -0.0195 30
contribute_cash -0.018875 40
update_start: 21; random_action_prob: 0.2250
update_complete: 21; loss: 1.2386037508646648; cumulative_reward: 17.840000000000003; invalid_count: 0; positive_reward_count: 2; success_count: 1; episode_count: 16; best_tax_advantage: 20.0; avg_entropy: 2.6210523461923003; random_exploration_count: 32; saved_snapshots: 0; random_action_prob: 0.2250
take_out_loan -0.020833333333333332 42
contribute_asset -0.005769230769230769 13
distribute_cash 0.08723684210526317 38
contribute_cash 0.4421428571428571 35
update_start: 22; random_action_prob: 0.2239
update_complete: 22; loss: 1.1085813442866008; cumulative_reward: 19.839999999999996; invalid_count: 0; positive_reward_count: 2; success_count: 1; episode_count: 16; best_tax_advantage: 18.0; avg_entropy: 2.5756957940757275; random_exploration_count: 25; saved_snapshots: 0; random_action_prob: 0.2239
take_out_loan -0.018875 40
contribute_asset -0.007000000000000001 15
distribute_cash 0.52925 40
contribute_cash -0.014242424242424242 33
update_start: 23; random_action_prob: 0.2228
update_complete: 23; loss: 2.2473997275034585; cumulative_reward: 36.099999999999994; invalid_count: 0; positive_reward_count: 4; success_count: 1; episode_count: 16; best_tax_advantage: 20.0; avg_entropy: 2.5263320300728083; random_exploration_count: 31; saved_snapshots: 0; random_action_prob: 0.2228
take_out_loan -0.016999999999999998 35
contribute_asset -0.004666666666666667 15
distribute_cash 0.6653658536585366 41
contribute_cash 0.2563513513513514 37
update_start: 24; random_action_prob: 0.2217
update_complete: 24; loss: 2.0684152444203696; cumulative_reward: 40.14000000000001; invalid_count: 0; positive_reward_count: 7; success_count: 1; episode_count: 16; best_tax_advantage: 18.0; avg_entropy: 2.49893257021904; random_exploration_count: 20; saved_snapshots: 0; random_action_prob: 0.2217
take_out_loan -0.017297297297297298 37
contribute_asset -0.0115625 16
distribute_cash 1.2147435897435896 39
contribute_cash -0.17805555555555555 36
update_start: 25; random_action_prob: 0.2206
update_complete: 25; loss: 1.7938800652821858; cumulative_reward: 39.934999999999995; invalid_count: 0; positive_reward_count: 3; success_count: 2; episode_count: 16; best_tax_advantage: 18.0; avg_entropy: 2.5012128241360188; random_exploration_count: 34; saved_snapshots: 0; random_action_prob: 0.2206
take_out_loan -0.017625000000000002 40
contribute_asset -0.0040625 16
distribute_cash 1.1152702702702704 37
contribute_cash -0.016 35
update_start: 26; random_action_prob: 0.2195
update_complete: 26; loss: 0.51384570201238; cumulative_reward: 18.200000000000003; invalid_count: 0; positive_reward_count: 2; success_count: 0; episode_count: 16; best_tax_advantage: 10.0; avg_entropy: 2.5404396103695035; random_exploration_count: 30; saved_snapshots: 0; random_action_prob: 0.2195
take_out_loan -0.01657142857142857 35
contribute_asset -0.010333333333333333 15
distribute_cash 0.4597619047619047 42
contribute_cash -0.010416666666666666 36
update_start: 27; random_action_prob: 0.2184
update_complete: 27; loss: 1.3124122222264607; cumulative_reward: 22.380000000000013; invalid_count: 0; positive_reward_count: 3; success_count: 1; episode_count: 16; best_tax_advantage: 20.0; avg_entropy: 2.467495223507285; random_exploration_count: 25; saved_snapshots: 0; random_action_prob: 0.2184
take_out_loan -0.015151515151515152 33
contribute_asset 1.24625 16
distribute_cash 0.07845238095238097 42
contribute_cash -0.009594594594594595 37
update_start: 28; random_action_prob: 0.2173
update_complete: 28; loss: 0.15084677934646606; cumulative_reward: -1.9849999999999988; invalid_count: 0; positive_reward_count: 1; success_count: 0; episode_count: 16; best_tax_advantage: 4.0; avg_entropy: 2.587229878641665; random_exploration_count: 31; saved_snapshots: 0; random_action_prob: 0.2173
take_out_loan -0.017972972972972973 37
contribute_asset -0.01 13
distribute_cash 0.08828947368421053 38
contribute_cash -0.113625 40
update_start: 29; random_action_prob: 0.2162
update_complete: 29; loss: 4.348656972249349; cumulative_reward: 80.00499999999995; invalid_count: 0; positive_reward_count: 8; success_count: 3; episode_count: 16; best_tax_advantage: 20.0; avg_entropy: 2.566077352501452; random_exploration_count: 26; saved_snapshots: 0; random_action_prob: 0.2162
take_out_loan 0.4567105263157895 38
contribute_asset -0.004666666666666667 15
distribute_cash 1.3647435897435898 39
contribute_cash 0.26375000000000004 36
update_start: 30; random_action_prob: 0.2151
update_complete: 30; loss: 2.600084145863851; cumulative_reward: 45.884999999999984; invalid_count: 0; positive_reward_count: 4; success_count: 2; episode_count: 16; best_tax_advantage: 18.0; avg_entropy: 2.4598932415246964; random_exploration_count: 24; saved_snapshots: 0; random_action_prob: 0.2151
take_out_loan -0.017105263157894738 38
contribute_asset -0.005 16
distribute_cash 0.728625 40
contribute_cash 0.5138235294117647 34
update_start: 31; random_action_prob: 0.2140
update_complete: 31; loss: 4.054899533589681; cumulative_reward: 65.90999999999997; invalid_count: 0; positive_reward_count: 4; success_count: 3; episode_count: 16; best_tax_advantage: 20.0; avg_entropy: 2.504094358533621; random_exploration_count: 27; saved_snapshots: 0; random_action_prob: 0.2140
take_out_loan -0.02023809523809524 42
contribute_asset 0.576764705882353 17
distribute_cash 0.9090243902439025 41
contribute_cash 0.7030357142857143 28
update_start: 32; random_action_prob: 0.2130
update_complete: 32; loss: 2.294541676839193; cumulative_reward: 40.53499999999998; invalid_count: 0; positive_reward_count: 3; success_count: 2; episode_count: 16; best_tax_advantage: 20.0; avg_entropy: 2.439672911539674; random_exploration_count: 28; saved_snapshots: 0; random_action_prob: 0.2130
take_out_loan 0.5675806451612903 31
contribute_asset -0.0025 16
distribute_cash 0.616578947368421 38
contribute_cash -0.010465116279069767 43
update_start: 33; random_action_prob: 0.2119
update_complete: 33; loss: 2.3957658608754477; cumulative_reward: 38.37999999999999; invalid_count: 0; positive_reward_count: 3; success_count: 2; episode_count: 16; best_tax_advantage: 20.0; avg_entropy: 2.4129203809425235; random_exploration_count: 33; saved_snapshots: 0; random_action_prob: 0.2119
take_out_loan 0.03930555555555556 36
contribute_asset -0.0059375 16
distribute_cash 1.0707142857142857 35
contribute_cash -0.010121951219512195 41
update_start: 34; random_action_prob: 0.2108
update_complete: 34; loss: 0.3305732011795044; cumulative_reward: -2.034999999999998; invalid_count: 0; positive_reward_count: 2; success_count: 0; episode_count: 16; best_tax_advantage: 2.0; avg_entropy: 2.6121641555801034; random_exploration_count: 28; saved_snapshots: 0; random_action_prob: 0.2108
take_out_loan -0.019594594594594596 37
contribute_asset -0.013076923076923078 13
distribute_cash 0.033461538461538466 39
contribute_cash -0.06269230769230769 39
update_start: 35; random_action_prob: 0.2098
update_complete: 35; loss: 3.6181727250417075; cumulative_reward: 55.84999999999997; invalid_count: 0; positive_reward_count: 3; success_count: 3; episode_count: 16; best_tax_advantage: 20.0; avg_entropy: 2.429132593795657; random_exploration_count: 22; saved_snapshots: 0; random_action_prob: 0.2098
take_out_loan -0.020714285714285713 42
contribute_asset -0.005 15
distribute_cash 1.2088709677419356 31
contribute_cash 0.483 40
update_start: 36; random_action_prob: 0.2087
update_complete: 36; loss: 2.502216180165609; cumulative_reward: 36.259999999999984; invalid_count: 0; positive_reward_count: 4; success_count: 2; episode_count: 16; best_tax_advantage: 20.0; avg_entropy: 2.464431958273053; random_exploration_count: 24; saved_snapshots: 0; random_action_prob: 0.2087
take_out_loan -0.016388888888888887 36
contribute_asset -0.0084375 16
distribute_cash 0.866764705882353 34
contribute_cash 0.17892857142857144 42
update_start: 37; random_action_prob: 0.2077
update_complete: 37; loss: 1.0135612487792969; cumulative_reward: 15.970000000000006; invalid_count: 0; positive_reward_count: 1; success_count: 1; episode_count: 16; best_tax_advantage: 18.0; avg_entropy: 2.5807983558624983; random_exploration_count: 27; saved_snapshots: 0; random_action_prob: 0.2077
take_out_loan -0.017325581395348837 43
contribute_asset -0.0084375 16
distribute_cash 0.5459375 32
contribute_cash -0.016756756756756756 37
update_start: 38; random_action_prob: 0.2066
update_complete: 38; loss: 0.2452766646941503; cumulative_reward: -2.289999999999999; invalid_count: 0; positive_reward_count: 0; success_count: 0; episode_count: 16; best_tax_advantage: 0.0; avg_entropy: 2.5871292697265744; random_exploration_count: 24; saved_snapshots: 0; random_action_prob: 0.2066
take_out_loan -0.022391304347826088 46
contribute_asset -0.012 15
distribute_cash -0.014411764705882353 34
contribute_cash -0.01787878787878788 33
update_start: 39; random_action_prob: 0.2056
update_complete: 39; loss: 3.6736644903818765; cumulative_reward: 57.79999999999999; invalid_count: 0; positive_reward_count: 4; success_count: 3; episode_count: 16; best_tax_advantage: 20.0; avg_entropy: 2.6187789160758257; random_exploration_count: 23; saved_snapshots: 0; random_action_prob: 0.2056
take_out_loan 0.18739583333333334 48
contribute_asset 1.244375 16
distribute_cash 0.7689473684210526 38
contribute_cash -0.0125 26
update_start: 40; random_action_prob: 0.2046
update_complete: 40; loss: 1.9546720584233601; cumulative_reward: 31.729999999999986; invalid_count: 0; positive_reward_count: 3; success_count: 1; episode_count: 16; best_tax_advantage: 18.0; avg_entropy: 2.544263812713325; random_exploration_count: 21; saved_snapshots: 0; random_action_prob: 0.2046
take_out_loan 0.01656862745098039 51
contribute_asset -0.007333333333333333 15
distribute_cash 0.8944285714285715 35
contribute_cash -0.011481481481481481 27
update_start: 41; random_action_prob: 0.2036
update_complete: 41; loss: 0.40629048148790997; cumulative_reward: 8.304999999999994; invalid_count: 0; positive_reward_count: 1; success_count: 0; episode_count: 16; best_tax_advantage: 10.0; avg_entropy: 2.4579273583367467; random_exploration_count: 22; saved_snapshots: 0; random_action_prob: 0.2036
take_out_loan 0.24486842105263162 38
contribute_asset -0.0026666666666666666 15
distribute_cash -0.016125 40
contribute_cash -0.009 35
update_start: 42; random_action_prob: 0.2025
update_complete: 42; loss: 2.015822172164917; cumulative_reward: 37.90499999999999; invalid_count: 0; positive_reward_count: 6; success_count: 1; episode_count: 16; best_tax_advantage: 20.0; avg_entropy: 2.6581267034634948; random_exploration_count: 27; saved_snapshots: 0; random_action_prob: 0.2025
take_out_loan 0.5858139534883722 43
contribute_asset 0.2340625 16
distribute_cash 0.234125 40
contribute_cash -0.013620689655172418 29
update_start: 43; random_action_prob: 0.2015
update_complete: 43; loss: 3.806504408518473; cumulative_reward: 62.085000000000015; invalid_count: 0; positive_reward_count: 4; success_count: 3; episode_count: 16; best_tax_advantage: 20.0; avg_entropy: 2.3887268668040633; random_exploration_count: 28; saved_snapshots: 0; random_action_prob: 0.2015
take_out_loan 0.481125 40
contribute_asset -0.0059375 16
distribute_cash 0.7492647058823528 34
contribute_cash 0.4594736842105263 38
update_start: 44; random_action_prob: 0.2005
update_complete: 44; loss: 2.062267462412516; cumulative_reward: 41.58499999999996; invalid_count: 0; positive_reward_count: 5; success_count: 1; episode_count: 16; best_tax_advantage: 20.0; avg_entropy: 2.5118841035291553; random_exploration_count: 25; saved_snapshots: 0; random_action_prob: 0.2005
take_out_loan 0.2226530612244898 49
contribute_asset 1.2375 16
distribute_cash 0.36741935483870963 31
contribute_cash -0.01609375 32
update_start: 45; random_action_prob: 0.1995
update_complete: 45; loss: 3.164771874745687; cumulative_reward: 53.78999999999997; invalid_count: 0; positive_reward_count: 3; success_count: 3; episode_count: 16; best_tax_advantage: 20.0; avg_entropy: 2.5603134157136083; random_exploration_count: 30; saved_snapshots: 0; random_action_prob: 0.1995
take_out_loan -0.021 50
contribute_asset -0.0053125 16
distribute_cash 0.9267105263157895 38
contribute_cash 0.82125 24
update_start: 46; random_action_prob: 0.1985
update_complete: 46; loss: 2.4660610357920327; cumulative_reward: 39.66499999999996; invalid_count: 0; positive_reward_count: 4; success_count: 2; episode_count: 16; best_tax_advantage: 20.0; avg_entropy: 2.539576008915901; random_exploration_count: 29; saved_snapshots: 0; random_action_prob: 0.1985
take_out_loan -0.020499999999999997 50
contribute_asset 0.1134375 16
distribute_cash 0.5859090909090909 33
contribute_cash 0.6737931034482758 29
update_start: 47; random_action_prob: 0.1975
update_complete: 47; loss: 4.607819080352783; cumulative_reward: 95.36499999999998; invalid_count: 0; positive_reward_count: 6; success_count: 5; episode_count: 17; best_tax_advantage: 20.0; avg_entropy: 2.5489816665649414; random_exploration_count: 31; saved_snapshots: 0; random_action_prob: 0.1975
take_out_loan 0.017358490566037735 53
contribute_asset 1.0502941176470588 17
distribute_cash 2.2023076923076923 26
contribute_cash 0.6040625000000001 32
update_start: 48; random_action_prob: 0.1965
update_complete: 48; loss: 0.9436221520105997; cumulative_reward: 21.95999999999999; invalid_count: 0; positive_reward_count: 3; success_count: 0; episode_count: 16; best_tax_advantage: 12.0; avg_entropy: 2.506864477880299; random_exploration_count: 23; saved_snapshots: 0; random_action_prob: 0.1965
take_out_loan -0.01951219512195122 41
contribute_asset -0.009062500000000001 16
distribute_cash 0.6332432432432432 37
contribute_cash -0.015441176470588236 34
update_start: 49; random_action_prob: 0.1956
update_complete: 49; loss: 0.37058474620183307; cumulative_reward: 0.2099999999999989; invalid_count: 0; positive_reward_count: 1; success_count: 0; episode_count: 16; best_tax_advantage: 2.0; avg_entropy: 2.518886457197368; random_exploration_count: 30; saved_snapshots: 0; random_action_prob: 0.1956
take_out_loan -0.017894736842105265 38
contribute_asset -0.0060714285714285705 14
distribute_cash 0.03763157894736842 38
contribute_cash -0.011973684210526317 38
update_start: 50; random_action_prob: 0.1946
update_complete: 50; loss: 3.6339430809020996; cumulative_reward: 64.06999999999998; invalid_count: 0; positive_reward_count: 5; success_count: 3; episode_count: 16; best_tax_advantage: 20.0; avg_entropy: 2.472255140542984; random_exploration_count: 22; saved_snapshots: 0; random_action_prob: 0.1946
take_out_loan -0.019404761904761907 42
contribute_asset 1.1702941176470587 17
distribute_cash 1.6301470588235296 34
contribute_cash -0.2981428571428571 35
update_start: 51; random_action_prob: 0.1936
update_complete: 51; loss: 2.3253333568573; cumulative_reward: 44.09; invalid_count: 0; positive_reward_count: 3; success_count: 2; episode_count: 16; best_tax_advantage: 20.0; avg_entropy: 2.5422926042228937; random_exploration_count: 22; saved_snapshots: 0; random_action_prob: 0.1936
take_out_loan -0.01775 40
contribute_asset -0.009375 16
distribute_cash 1.2293243243243244 37
contribute_cash -0.015285714285714286 35
update_start: 52; random_action_prob: 0.1926
update_complete: 52; loss: 2.7656009991963706; cumulative_reward: 33.90999999999998; invalid_count: 0; positive_reward_count: 4; success_count: 2; episode_count: 16; best_tax_advantage: 18.0; avg_entropy: 2.6531833047047257; random_exploration_count: 27; saved_snapshots: 0; random_action_prob: 0.1926
take_out_loan -0.01892857142857143 42
contribute_asset -0.007857142857142858 14
distribute_cash 0.9537179487179487 39
contribute_cash -0.07212121212121207 33
update_start: 53; random_action_prob: 0.1917
update_complete: 53; loss: 5.004436333974202; cumulative_reward: 91.85; invalid_count: 0; positive_reward_count: 6; success_count: 5; episode_count: 16; best_tax_advantage: 20.0; avg_entropy: 2.579939420334995; random_exploration_count: 24; saved_snapshots: 0; random_action_prob: 0.1917
take_out_loan 0.3915909090909091 44
contribute_asset -0.010333333333333333 15
distribute_cash 1.378 40
contribute_cash 0.6777586206896551 29
update_start: 54; random_action_prob: 0.1907
update_complete: 54; loss: 2.5175747076670327; cumulative_reward: 41.94999999999999; invalid_count: 0; positive_reward_count: 5; success_count: 2; episode_count: 16; best_tax_advantage: 20.0; avg_entropy: 2.504344256594777; random_exploration_count: 26; saved_snapshots: 0; random_action_prob: 0.1907
take_out_loan -0.0185 40
contribute_asset 0.115 16
distribute_cash 0.5313749999999999 40
contribute_cash 0.6123437500000001 32
update_start: 55; random_action_prob: 0.1898
update_complete: 55; loss: 3.410282929738363; cumulative_reward: 55.90999999999997; invalid_count: 0; positive_reward_count: 3; success_count: 3; episode_count: 16; best_tax_advantage: 20.0; avg_entropy: 2.4975684033706784; random_exploration_count: 32; saved_snapshots: 0; random_action_prob: 0.1898
take_out_loan -0.017954545454545456 44
contribute_asset -0.008666666666666666 15
distribute_cash 1.3964634146341464 41
contribute_cash -0.015178571428571428 28
update_start: 56; random_action_prob: 0.1888
update_complete: 56; loss: 3.569485823313395; cumulative_reward: 74.19499999999998; invalid_count: 0; positive_reward_count: 4; success_count: 4; episode_count: 17; best_tax_advantage: 20.0; avg_entropy: 2.478563131764531; random_exploration_count: 18; saved_snapshots: 0; random_action_prob: 0.1888
take_out_loan 0.5260810810810811 37
contribute_asset 1.241875 16
distribute_cash 0.7988636363636363 44
contribute_cash -0.009354838709677418 31
update_start: 57; random_action_prob: 0.1879
update_complete: 57; loss: 2.49591064453125; cumulative_reward: 38.229999999999976; invalid_count: 0; positive_reward_count: 2; success_count: 2; episode_count: 16; best_tax_advantage: 20.0; avg_entropy: 2.503493101336062; random_exploration_count: 27; saved_snapshots: 0; random_action_prob: 0.1879
take_out_loan -0.017222222222222222 45
contribute_asset -0.004666666666666667 15
distribute_cash 1.0965277777777778 36
contribute_cash -0.0125 32
update_start: 58; random_action_prob: 0.1869
update_complete: 58; loss: 1.3266669909159343; cumulative_reward: 19.915000000000013; invalid_count: 0; positive_reward_count: 3; success_count: 1; episode_count: 16; best_tax_advantage: 18.0; avg_entropy: 2.4609858598560095; random_exploration_count: 27; saved_snapshots: 0; random_action_prob: 0.1869
take_out_loan 0.026627906976744185 43
contribute_asset -0.0023333333333333335 15
distribute_cash 0.027619047619047616 42
contribute_cash 0.6301785714285714 28
update_start: 59; random_action_prob: 0.1860
update_complete: 59; loss: 3.1804451942443848; cumulative_reward: 60.179999999999964; invalid_count: 0; positive_reward_count: 4; success_count: 3; episode_count: 16; best_tax_advantage: 20.0; avg_entropy: 2.457685220055282; random_exploration_count: 18; saved_snapshots: 0; random_action_prob: 0.1860
take_out_loan -0.01877777777777778 45
contribute_asset -0.004999999999999999 17
distribute_cash 1.707638888888889 36
contribute_cash -0.012166666666666666 30
update_start: 60; random_action_prob: 0.1851
update_complete: 60; loss: 2.5160981019337973; cumulative_reward: 55.835; invalid_count: 0; positive_reward_count: 6; success_count: 2; episode_count: 16; best_tax_advantage: 20.0; avg_entropy: 2.4806315694004297; random_exploration_count: 20; saved_snapshots: 0; random_action_prob: 0.1851
take_out_loan 0.2616279069767442 43
contribute_asset -0.006 15
distribute_cash 0.9059756097560975 41
contribute_cash 0.2596551724137931 29
update_start: 61; random_action_prob: 0.1841
update_complete: 61; loss: 4.446326891581218; cumulative_reward: 82.495; invalid_count: 0; positive_reward_count: 9; success_count: 4; episode_count: 16; best_tax_advantage: 20.0; avg_entropy: 2.294399205595255; random_exploration_count: 22; saved_snapshots: 0; random_action_prob: 0.1841
take_out_loan -0.014393939393939395 33
contribute_asset -0.0034375 16
distribute_cash 2.1459459459459462 37
contribute_cash 0.08630952380952382 42
update_start: 62; random_action_prob: 0.1832
update_complete: 62; loss: 0.6785524686177572; cumulative_reward: -1.9049999999999976; invalid_count: 0; positive_reward_count: 1; success_count: 0; episode_count: 16; best_tax_advantage: 10.0; avg_entropy: 2.22284795390442; random_exploration_count: 25; saved_snapshots: 0; random_action_prob: 0.1832
take_out_loan 0.22451219512195122 41
contribute_asset -0.0040625 16
distribute_cash -0.01633333333333333 30
contribute_cash -0.2574390243902439 41
update_start: 63; random_action_prob: 0.1823
update_complete: 63; loss: 2.641486088434855; cumulative_reward: 61.855; invalid_count: 0; positive_reward_count: 8; success_count: 2; episode_count: 16; best_tax_advantage: 20.0; avg_entropy: 2.211790957953781; random_exploration_count: 21; saved_snapshots: 0; random_action_prob: 0.1823
take_out_loan 0.02715909090909091 44
contribute_asset -0.005625 16
distribute_cash 1.8551515151515152 33
contribute_cash -0.013428571428571429 35
update_start: 64; random_action_prob: 0.1814
update_complete: 64; loss: 4.523636182149251; cumulative_reward: 98.21500000000002; invalid_count: 0; positive_reward_count: 8; success_count: 5; episode_count: 17; best_tax_advantage: 20.0; avg_entropy: 2.1368046421557665; random_exploration_count: 20; saved_snapshots: 0; random_action_prob: 0.1814
take_out_loan -0.015795454545454543 44
contribute_asset -0.005588235294117647 17
distribute_cash 3.10703125 32
contribute_cash -0.011999999999999995 35
update_start: 65; random_action_prob: 0.1805
update_complete: 65; loss: 3.114341894785563; cumulative_reward: 38.04999999999999; invalid_count: 0; positive_reward_count: 6; success_count: 2; episode_count: 16; best_tax_advantage: 20.0; avg_entropy: 2.194410334341228; random_exploration_count: 19; saved_snapshots: 0; random_action_prob: 0.1805
take_out_loan -0.01775 40
contribute_asset -0.009117647058823529 17
distribute_cash 2.26625 28
contribute_cash -0.5706976744186046 43
update_start: 66; random_action_prob: 0.1796
update_complete: 66; loss: 5.319727738698323; cumulative_reward: 99.795; invalid_count: 0; positive_reward_count: 8; success_count: 5; episode_count: 17; best_tax_advantage: 20.0; avg_entropy: 2.1670624357648194; random_exploration_count: 22; saved_snapshots: 0; random_action_prob: 0.1796
take_out_loan -0.017555555555555557 45
contribute_asset 1.1691176470588236 17
distribute_cash 2.1935714285714285 28
contribute_cash 0.5076315789473685 38
update_start: 67; random_action_prob: 0.1787
update_complete: 67; loss: 6.016481240590413; cumulative_reward: 123.655; invalid_count: 0; positive_reward_count: 9; success_count: 6; episode_count: 16; best_tax_advantage: 20.0; avg_entropy: 2.0732007031328976; random_exploration_count: 24; saved_snapshots: 0; random_action_prob: 0.1787
take_out_loan 0.14357142857142857 49
contribute_asset -0.009000000000000001 15
distribute_cash 4.884318181818181 22
contribute_cash 0.2214285714285714 42
update_start: 68; random_action_prob: 0.1778
update_complete: 68; loss: 6.811557610829671; cumulative_reward: 141.765; invalid_count: 0; positive_reward_count: 13; success_count: 6; episode_count: 17; best_tax_advantage: 20.0; avg_entropy: 2.11608971003443; random_exploration_count: 21; saved_snapshots: 0; random_action_prob: 0.1778
take_out_loan -0.019811320754716984 53
contribute_asset 1.1047222222222222 18
distribute_cash 5.158636363636363 22
contribute_cash 0.26971428571428563 35
update_start: 69; random_action_prob: 0.1769
update_complete: 69; loss: 5.4039967854817705; cumulative_reward: 123.45500000000004; invalid_count: 0; positive_reward_count: 9; success_count: 5; episode_count: 16; best_tax_advantage: 20.0; avg_entropy: 2.0748321108985692; random_exploration_count: 26; saved_snapshots: 0; random_action_prob: 0.1769
take_out_loan -0.01990566037735849 53
contribute_asset -0.0078125 16
distribute_cash 4.472291666666666 24
contribute_cash 0.49428571428571433 35
update_start: 70; random_action_prob: 0.1760
update_complete: 70; loss: 9.634936968485514; cumulative_reward: 199.40000000000003; invalid_count: 0; positive_reward_count: 13; success_count: 10; episode_count: 17; best_tax_advantage: 20.0; avg_entropy: 1.9478028986486606; random_exploration_count: 20; saved_snapshots: 0; random_action_prob: 0.1760
take_out_loan 0.3646153846153846 52
contribute_asset -0.009705882352941177 17
distribute_cash 8.333409090909091 22
contribute_cash -0.07378378378378378 37
update_start: 71; random_action_prob: 0.1751
update_complete: 71; loss: 7.17877181371053; cumulative_reward: 170.25; invalid_count: 0; positive_reward_count: 10; success_count: 8; episode_count: 18; best_tax_advantage: 20.0; avg_entropy: 2.0293021058896556; random_exploration_count: 23; saved_snapshots: 0; random_action_prob: 0.1751
take_out_loan 0.381 45
contribute_asset 1.0460526315789473 19
distribute_cash 4.452333333333333 30
contribute_cash -0.01 34
update_start: 72; random_action_prob: 0.1743
update_complete: 72; loss: 5.897746404012044; cumulative_reward: 115.09499999999998; invalid_count: 0; positive_reward_count: 6; success_count: 6; episode_count: 17; best_tax_advantage: 20.0; avg_entropy: 2.079113573417999; random_exploration_count: 21; saved_snapshots: 0; random_action_prob: 0.1743
take_out_loan -0.021120689655172414 58
contribute_asset -0.011333333333333332 15
distribute_cash 2.8596296296296293 27
contribute_cash 1.4028571428571428 28
update_start: 73; random_action_prob: 0.1734
update_complete: 73; loss: 6.090938409169515; cumulative_reward: 119.73; invalid_count: 0; positive_reward_count: 11; success_count: 6; episode_count: 17; best_tax_advantage: 20.0; avg_entropy: 2.092819234356284; random_exploration_count: 22; saved_snapshots: 0; random_action_prob: 0.1734
take_out_loan -0.018571428571428572 49
contribute_asset 1.1632352941176471 17
distribute_cash 4.2377419354838715 31
contribute_cash -0.9840322580645161 31
update_start: 74; random_action_prob: 0.1725
update_complete: 74; loss: 2.9709388415018716; cumulative_reward: 57.43499999999999; invalid_count: 0; positive_reward_count: 4; success_count: 2; episode_count: 16; best_tax_advantage: 20.0; avg_entropy: 1.8575462001026608; random_exploration_count: 28; saved_snapshots: 0; random_action_prob: 0.1725
take_out_loan -0.021 55
contribute_asset -0.003823529411764706 17
distribute_cash 2.1944444444444446 27
contribute_cash -0.020517241379310346 29
update_start: 75; random_action_prob: 0.1717
update_complete: 75; loss: 6.249807039896647; cumulative_reward: 149.84999999999997; invalid_count: 0; positive_reward_count: 12; success_count: 7; episode_count: 18; best_tax_advantage: 20.0; avg_entropy: 2.0427235956303775; random_exploration_count: 26; saved_snapshots: 0; random_action_prob: 0.1717
take_out_loan -0.017187499999999998 48
contribute_asset -0.004722222222222221 18
distribute_cash 2.60265625 32
contribute_cash 2.2491666666666665 30
update_start: 76; random_action_prob: 0.1708
update_complete: 76; loss: 6.320916175842285; cumulative_reward: 135.53499999999994; invalid_count: 0; positive_reward_count: 8; success_count: 7; episode_count: 18; best_tax_advantage: 20.0; avg_entropy: 1.969793365278747; random_exploration_count: 30; saved_snapshots: 0; random_action_prob: 0.1708
take_out_loan -0.019910714285714285 56
contribute_asset 1.1002777777777777 18
distribute_cash 3.9063333333333334 30
contribute_cash -0.014374999999999999 24
update_start: 77; random_action_prob: 0.1699
update_complete: 77; loss: 7.812309900919597; cumulative_reward: 196.17500000000007; invalid_count: 0; positive_reward_count: 13; success_count: 9; episode_count: 18; best_tax_advantage: 20.0; avg_entropy: 2.098544774344191; random_exploration_count: 28; saved_snapshots: 0; random_action_prob: 0.1699
take_out_loan -0.014888888888888889 45
contribute_asset 1.1016666666666666 18
distribute_cash 3.817638888888889 36
contribute_cash 1.3648275862068966 29
update_start: 78; random_action_prob: 0.1691
update_complete: 78; loss: 9.258997281392416; cumulative_reward: 238.66500000000005; invalid_count: 0; positive_reward_count: 12; success_count: 12; episode_count: 20; best_tax_advantage: 20.0; avg_entropy: 2.033372280187905; random_exploration_count: 18; saved_snapshots: 0; random_action_prob: 0.1691
take_out_loan 0.9182558139534883 43
contribute_asset 0.9502380952380953 21
distribute_cash 4.105441176470588 34
contribute_cash 1.3213333333333332 30
update_start: 79; random_action_prob: 0.1683
update_complete: 79; loss: 6.3342353502909345; cumulative_reward: 164.47000000000008; invalid_count: 0; positive_reward_count: 9; success_count: 8; episode_count: 18; best_tax_advantage: 20.0; avg_entropy: 2.126223129685968; random_exploration_count: 27; saved_snapshots: 0; random_action_prob: 0.1683
take_out_loan -0.014146341463414633 41
contribute_asset -0.005833333333333333 18
distribute_cash 3.804090909090909 33
contribute_cash 1.1005555555555555 36
update_start: 80; random_action_prob: 0.1674
update_complete: 80; loss: 8.250102996826172; cumulative_reward: 193.91500000000002; invalid_count: 0; positive_reward_count: 11; success_count: 10; episode_count: 18; best_tax_advantage: 20.0; avg_entropy: 2.199508167337626; random_exploration_count: 17; saved_snapshots: 0; random_action_prob: 0.1674
take_out_loan -0.016770833333333336 48
contribute_asset 2.7655555555555558 18
distribute_cash 3.079032258064516 31
contribute_cash 1.5964516129032258 31
update_start: 81; random_action_prob: 0.1666
update_complete: 81; loss: 5.854976336161296; cumulative_reward: 119.45499999999998; invalid_count: 0; positive_reward_count: 7; success_count: 6; episode_count: 17; best_tax_advantage: 20.0; avg_entropy: 2.1761066850740463; random_exploration_count: 20; saved_snapshots: 0; random_action_prob: 0.1666
take_out_loan -0.018867924528301886 53
contribute_asset -0.013125 16
distribute_cash 4.042333333333334 30
contribute_cash -0.02086206896551724 29
update_start: 82; random_action_prob: 0.1657
update_complete: 82; loss: 4.607495625813802; cumulative_reward: 137.90500000000003; invalid_count: 0; positive_reward_count: 13; success_count: 6; episode_count: 18; best_tax_advantage: 20.0; avg_entropy: 2.2386159794405103; random_exploration_count: 21; saved_snapshots: 0; random_action_prob: 0.1657
take_out_loan 0.15695652173913044 46
contribute_asset -0.01 18
distribute_cash 4.238225806451613 31
contribute_cash -0.01575757575757576 33
update_start: 83; random_action_prob: 0.1649
update_complete: 83; loss: 6.476405779520671; cumulative_reward: 151.85000000000008; invalid_count: 0; positive_reward_count: 8; success_count: 8; episode_count: 18; best_tax_advantage: 20.0; avg_entropy: 2.0113808817695826; random_exploration_count: 24; saved_snapshots: 0; random_action_prob: 0.1649
take_out_loan -0.01683673469387755 49
contribute_asset 0.9944444444444446 18
distribute_cash 4.273888888888889 27
contribute_cash 0.57 34
update_start: 84; random_action_prob: 0.1641
update_complete: 84; loss: 7.996063073476155; cumulative_reward: 171.8200000000001; invalid_count: 0; positive_reward_count: 11; success_count: 9; episode_count: 17; best_tax_advantage: 20.0; avg_entropy: 2.1497219777666032; random_exploration_count: 20; saved_snapshots: 0; random_action_prob: 0.1641
take_out_loan -0.01723404255319149 47
contribute_asset -0.010277777777777778 18
distribute_cash 3.7856451612903226 31
contribute_cash 1.733125 32
update_start: 85; random_action_prob: 0.1633
update_complete: 85; loss: 5.5153476397196455; cumulative_reward: 115.785; invalid_count: 0; positive_reward_count: 7; success_count: 6; episode_count: 17; best_tax_advantage: 20.0; avg_entropy: 2.2632989143021405; random_exploration_count: 25; saved_snapshots: 0; random_action_prob: 0.1633
take_out_loan -0.0176 50
contribute_asset -0.0084375 16
distribute_cash 2.8638235294117647 34
contribute_cash 0.6939285714285715 28
update_start: 86; random_action_prob: 0.1625
update_complete: 86; loss: 6.142770608266194; cumulative_reward: 136.22500000000008; invalid_count: 0; positive_reward_count: 7; success_count: 7; episode_count: 18; best_tax_advantage: 20.0; avg_entropy: 2.174368635751307; random_exploration_count: 21; saved_snapshots: 0; random_action_prob: 0.1625
take_out_loan 0.8486363636363637 44
contribute_asset -0.007647058823529412 17
distribute_cash 2.205277777777778 36
contribute_cash 0.6330645161290323 31
update_start: 87; random_action_prob: 0.1616
update_complete: 87; loss: 6.147952556610107; cumulative_reward: 131.54499999999996; invalid_count: 0; positive_reward_count: 7; success_count: 7; episode_count: 16; best_tax_advantage: 20.0; avg_entropy: 2.1048854226246476; random_exploration_count: 22; saved_snapshots: 0; random_action_prob: 0.1616
take_out_loan -0.018645833333333334 48
contribute_asset -0.014705882352941176 17
distribute_cash 4.047857142857143 28
contribute_cash 0.5528571428571429 35
update_start: 88; random_action_prob: 0.1608
update_complete: 88; loss: 4.896481513977051; cumulative_reward: 101.12499999999997; invalid_count: 0; positive_reward_count: 8; success_count: 5; episode_count: 17; best_tax_advantage: 20.0; avg_entropy: 2.1079274020157754; random_exploration_count: 15; saved_snapshots: 0; random_action_prob: 0.1608
take_out_loan 0.01616071428571429 56
contribute_asset -0.016875 16
distribute_cash 3.4860344827586207 29
contribute_cash -0.022407407407407407 27
update_start: 89; random_action_prob: 0.1600
update_complete: 89; loss: 6.737581094106038; cumulative_reward: 155.48499999999996; invalid_count: 0; positive_reward_count: 9; success_count: 8; episode_count: 18; best_tax_advantage: 20.0; avg_entropy: 2.0456615884322673; random_exploration_count: 21; saved_snapshots: 0; random_action_prob: 0.1600
take_out_loan -0.019017857142857142 56
contribute_asset 1.0455263157894739 19
distribute_cash 5.102608695652174 23
contribute_cash 0.6441666666666667 30
update_start: 90; random_action_prob: 0.1592
update_complete: 90; loss: 10.23422940572103; cumulative_reward: 237.64500000000004; invalid_count: 0; positive_reward_count: 14; success_count: 12; episode_count: 18; best_tax_advantage: 20.0; avg_entropy: 1.7764034586725757; random_exploration_count: 14; saved_snapshots: 0; random_action_prob: 0.1592
take_out_loan -0.017818181818181816 55
contribute_asset -0.008947368421052631 19
distribute_cash 10.83047619047619 21
contribute_cash 0.34409090909090906 33
update_start: 91; random_action_prob: 0.1584
update_complete: 91; loss: 12.259902318318685; cumulative_reward: 290.04500000000024; invalid_count: 0; positive_reward_count: 16; success_count: 15; episode_count: 19; best_tax_advantage: 20.0; avg_entropy: 1.838358694280032; random_exploration_count: 20; saved_snapshots: 0; random_action_prob: 0.1584
take_out_loan 0.34490000000000004 50
contribute_asset -0.005 19
distribute_cash 10.898076923076925 26
contribute_cash -0.31681818181818183 33
update_start: 92; random_action_prob: 0.1576
update_complete: 92; loss: 9.152937571207682; cumulative_reward: 237.92000000000016; invalid_count: 0; positive_reward_count: 15; success_count: 12; episode_count: 18; best_tax_advantage: 20.0; avg_entropy: 1.7967533003538847; random_exploration_count: 23; saved_snapshots: 0; random_action_prob: 0.1576
take_out_loan 0.1721698113207547 53
contribute_asset -0.006666666666666666 18
distribute_cash 8.7776 25
contribute_cash 0.29609375000000004 32
update_start: 93; random_action_prob: 0.1569
update_complete: 93; loss: 9.264819463094076; cumulative_reward: 236.28500000000025; invalid_count: 0; positive_reward_count: 13; success_count: 12; episode_count: 19; best_tax_advantage: 20.0; avg_entropy: 1.683595443260856; random_exploration_count: 13; saved_snapshots: 0; random_action_prob: 0.1569
take_out_loan -0.014574468085106382 47
contribute_asset -0.004 20
distribute_cash 8.551607142857142 28
contribute_cash -0.07257575757575757 33
update_start: 94; random_action_prob: 0.1561
update_complete: 94; loss: 6.197970867156982; cumulative_reward: 162.3450000000001; invalid_count: 0; positive_reward_count: 10; success_count: 8; episode_count: 18; best_tax_advantage: 20.0; avg_entropy: 1.7610835299710743; random_exploration_count: 26; saved_snapshots: 0; random_action_prob: 0.1561
take_out_loan 0.8926136363636363 44
contribute_asset -0.004473684210526316 19
distribute_cash 6.07590909090909 22
contribute_cash -0.24453488372093024 43
update_start: 95; random_action_prob: 0.1553
update_complete: 95; loss: 8.211462020874023; cumulative_reward: 202.03; invalid_count: 0; positive_reward_count: 13; success_count: 10; episode_count: 18; best_tax_advantage: 20.0; avg_entropy: 1.6980039170302916; random_exploration_count: 21; saved_snapshots: 0; random_action_prob: 0.1553
take_out_loan -0.014130434782608696 46
contribute_asset -0.006052631578947368 19
distribute_cash 7.439230769230769 26
contribute_cash 0.2533783783783784 37
update_start: 96; random_action_prob: 0.1545
update_complete: 96; loss: 10.488825162251791; cumulative_reward: 271.75500000000034; invalid_count: 0; positive_reward_count: 14; success_count: 14; episode_count: 20; best_tax_advantage: 20.0; avg_entropy: 1.6125263587164227; random_exploration_count: 15; saved_snapshots: 0; random_action_prob: 0.1545
take_out_loan -0.016574074074074074 54
contribute_asset -0.0075 20
distribute_cash 13.022142857142857 21
contribute_cash -0.020151515151515153 33
update_start: 97; random_action_prob: 0.1537
update_complete: 97; loss: 10.301155090332031; cumulative_reward: 253.78500000000008; invalid_count: 0; positive_reward_count: 14; success_count: 13; episode_count: 19; best_tax_advantage: 20.0; avg_entropy: 1.6782779498025775; random_exploration_count: 14; saved_snapshots: 0; random_action_prob: 0.1537
take_out_loan -0.017264150943396228 53
contribute_asset -0.00631578947368421 19
distribute_cash 10.7275 24
contribute_cash -0.0825 32
update_start: 98; random_action_prob: 0.1530
update_complete: 98; loss: 11.10312557220459; cumulative_reward: 290.2650000000002; invalid_count: 0; positive_reward_count: 16; success_count: 15; episode_count: 20; best_tax_advantage: 20.0; avg_entropy: 1.7230660498898942; random_exploration_count: 22; saved_snapshots: 0; random_action_prob: 0.1530
take_out_loan -0.0134375 48
contribute_asset -0.004999999999999999 20
distribute_cash 10.47875 28
contribute_cash -0.07484375 32
update_start: 99; random_action_prob: 0.1522
update_complete: 99; loss: 10.095691680908203; cumulative_reward: 280.3300000000002; invalid_count: 0; positive_reward_count: 15; success_count: 14; episode_count: 20; best_tax_advantage: 20.0; avg_entropy: 1.7932550514815375; random_exploration_count: 29; saved_snapshots: 0; random_action_prob: 0.1522
take_out_loan -0.013636363636363636 44
contribute_asset -0.006578947368421052 19
distribute_cash 10.427407407407408 27
contribute_cash -0.012763157894736843 38
2026-07-10T17:39:00 completed partnership_disguised_sale run=4 elapsed_seconds=796.40 updates_logged=100
2026-07-10T17:39:00 running partnership_disguised_sale run=5 seed=1734
update_start: 0; random_action_prob: 0.2500
update_complete: 0; loss: -0.13106347372134527; cumulative_reward: -2.139999999999999; invalid_count: 0; positive_reward_count: 0; success_count: 0; episode_count: 16; best_tax_advantage: 0.0; avg_entropy: 2.5557492515072227; random_exploration_count: 31; saved_snapshots: 0; random_action_prob: 0.2500
take_out_loan -0.021973684210526315 38
contribute_asset -0.0075 14
distribute_cash -0.02157142857142857 35
contribute_cash -0.010853658536585367 41
update_start: 1; random_action_prob: 0.2487
update_complete: 1; loss: 0.9005785584449768; cumulative_reward: 25.310000000000002; invalid_count: 0; positive_reward_count: 4; success_count: 0; episode_count: 16; best_tax_advantage: 10.0; avg_entropy: 2.6073550824075937; random_exploration_count: 35; saved_snapshots: 0; random_action_prob: 0.2487
take_out_loan -0.020666666666666667 45
contribute_asset 0.6546666666666667 15
distribute_cash 0.598125 32
contribute_cash -0.07555555555555556 36
update_start: 2; random_action_prob: 0.2475
update_complete: 2; loss: -0.12706059714158377; cumulative_reward: -1.999999999999999; invalid_count: 0; positive_reward_count: 0; success_count: 0; episode_count: 16; best_tax_advantage: 0.0; avg_entropy: 2.4734532134607434; random_exploration_count: 37; saved_snapshots: 0; random_action_prob: 0.2475
take_out_loan -0.02057142857142857 35
contribute_asset -0.006333333333333333 15
distribute_cash -0.017619047619047618 42
contribute_cash -0.012361111111111111 36
update_start: 3; random_action_prob: 0.2463
update_complete: 3; loss: -0.1226566731929779; cumulative_reward: -2.3949999999999982; invalid_count: 0; positive_reward_count: 0; success_count: 0; episode_count: 16; best_tax_advantage: 0.0; avg_entropy: 2.6121948584914207; random_exploration_count: 27; saved_snapshots: 0; random_action_prob: 0.2463
take_out_loan -0.020444444444444446 45
contribute_asset -0.011538461538461537 13
distribute_cash -0.01972222222222222 36
contribute_cash -0.018088235294117648 34
update_start: 4; random_action_prob: 0.2450
update_complete: 4; loss: 0.28037789463996887; cumulative_reward: 10.149999999999993; invalid_count: 0; positive_reward_count: 2; success_count: 0; episode_count: 16; best_tax_advantage: 12.0; avg_entropy: 2.446957517415285; random_exploration_count: 41; saved_snapshots: 0; random_action_prob: 0.2450
take_out_loan 0.03833333333333333 36
contribute_asset -0.007 15
distribute_cash 0.28560606060606064 33
contribute_cash -0.0125 44
update_start: 5; random_action_prob: 0.2438
update_complete: 5; loss: 1.6783773104349773; cumulative_reward: 25.969999999999995; invalid_count: 0; positive_reward_count: 2; success_count: 1; episode_count: 16; best_tax_advantage: 20.0; avg_entropy: 2.517627658788115; random_exploration_count: 30; saved_snapshots: 0; random_action_prob: 0.2438
take_out_loan -0.01880952380952381 42
contribute_asset -0.0028125 16
distribute_cash 0.21220588235294116 34
contribute_cash 0.5441666666666667 36
update_start: 6; random_action_prob: 0.2426
update_complete: 6; loss: 2.538792451222738; cumulative_reward: 36.08999999999998; invalid_count: 0; positive_reward_count: 2; success_count: 2; episode_count: 16; best_tax_advantage: 20.0; avg_entropy: 2.527977262623608; random_exploration_count: 32; saved_snapshots: 0; random_action_prob: 0.2426
take_out_loan -0.021914893617021276 47
contribute_asset -0.005 16
distribute_cash 1.295689655172414 29
contribute_cash -0.010416666666666666 36
update_start: 7; random_action_prob: 0.2414
update_complete: 7; loss: 0.26267194747924805; cumulative_reward: 7.620000000000002; invalid_count: 0; positive_reward_count: 1; success_count: 0; episode_count: 16; best_tax_advantage: 10.0; avg_entropy: 2.5295656519010663; random_exploration_count: 36; saved_snapshots: 0; random_action_prob: 0.2414
take_out_loan -0.021875000000000002 48
contribute_asset -0.002 15
distribute_cash 0.29774193548387096 31
contribute_cash -0.015588235294117648 34
update_start: 8; random_action_prob: 0.2402
update_complete: 8; loss: 0.2604125539461772; cumulative_reward: 8.149999999999988; invalid_count: 0; positive_reward_count: 1; success_count: 0; episode_count: 16; best_tax_advantage: 10.0; avg_entropy: 2.4414893770590425; random_exploration_count: 19; saved_snapshots: 0; random_action_prob: 0.2402
take_out_loan -0.018783783783783786 37
contribute_asset -0.00625 16
distribute_cash 0.26375000000000004 36
contribute_cash -0.014102564102564105 39
update_start: 9; random_action_prob: 0.2390
update_complete: 9; loss: 0.27514301737149555; cumulative_reward: 8.545; invalid_count: 0; positive_reward_count: 1; success_count: 0; episode_count: 16; best_tax_advantage: 10.0; avg_entropy: 2.3969155149534345; random_exploration_count: 34; saved_snapshots: 0; random_action_prob: 0.2390
take_out_loan -0.02088235294117647 34
contribute_asset -0.0013333333333333333 15
distribute_cash -0.009285714285714286 35
contribute_cash 0.21818181818181817 44
update_start: 10; random_action_prob: 0.2378
update_complete: 10; loss: -0.08454506347576778; cumulative_reward: -1.7749999999999995; invalid_count: 0; positive_reward_count: 0; success_count: 0; episode_count: 16; best_tax_advantage: 0.0; avg_entropy: 2.3584792967885733; random_exploration_count: 30; saved_snapshots: 0; random_action_prob: 0.2378
take_out_loan -0.01742857142857143 35
contribute_asset -0.0046875 16
distribute_cash -0.01590909090909091 33
contribute_cash -0.012840909090909092 44
update_start: 11; random_action_prob: 0.2366
update_complete: 11; loss: 1.6084982951482136; cumulative_reward: 25.855000000000004; invalid_count: 0; positive_reward_count: 2; success_count: 1; episode_count: 16; best_tax_advantage: 20.0; avg_entropy: 2.6439407216385007; random_exploration_count: 26; saved_snapshots: 0; random_action_prob: 0.2366
take_out_loan -0.019078947368421053 38
contribute_asset -0.012 15
distribute_cash 0.14510416666666667 48
contribute_cash 0.7331481481481482 27
update_start: 12; random_action_prob: 0.2354
update_complete: 12; loss: 1.2457159757614136; cumulative_reward: 17.945000000000007; invalid_count: 0; positive_reward_count: 1; success_count: 1; episode_count: 16; best_tax_advantage: 20.0; avg_entropy: 2.4553033243864775; random_exploration_count: 22; saved_snapshots: 0; random_action_prob: 0.2354
take_out_loan -0.0195 40
contribute_asset -0.0075 14
distribute_cash 0.5551428571428572 35
contribute_cash -0.015384615384615384 39
update_start: 13; random_action_prob: 0.2342
update_complete: 13; loss: 1.0713036855061848; cumulative_reward: 16.199999999999985; invalid_count: 0; positive_reward_count: 1; success_count: 1; episode_count: 16; best_tax_advantage: 18.0; avg_entropy: 2.410579397343099; random_exploration_count: 32; saved_snapshots: 0; random_action_prob: 0.2342
take_out_loan -0.017857142857142856 35
contribute_asset -0.005625 16
distribute_cash 0.4451282051282051 39
contribute_cash -0.011710526315789473 38
update_start: 14; random_action_prob: 0.2331
update_complete: 14; loss: 0.08404607574145; cumulative_reward: -1.4799999999999989; invalid_count: 0; positive_reward_count: 1; success_count: 0; episode_count: 16; best_tax_advantage: 12.0; avg_entropy: 2.5042161997407675; random_exploration_count: 29; saved_snapshots: 0; random_action_prob: 0.2331
take_out_loan -0.01633333333333333 30
contribute_asset -0.0013636363636363635 11
distribute_cash 0.25344444444444447 45
contribute_cash -0.2947619047619048 42
update_start: 15; random_action_prob: 0.2319
update_complete: 15; loss: 3.1742709477742515; cumulative_reward: 56.2; invalid_count: 0; positive_reward_count: 7; success_count: 2; episode_count: 16; best_tax_advantage: 20.0; avg_entropy: 2.4658141508698463; random_exploration_count: 24; saved_snapshots: 0; random_action_prob: 0.2319
take_out_loan -0.017631578947368422 38
contribute_asset 0.6203124999999999 16
distribute_cash 1.2628205128205128 39
contribute_cash -0.06585714285714285 35
update_start: 16; random_action_prob: 0.2307
update_complete: 16; loss: 0.8636385401089987; cumulative_reward: 18.34499999999999; invalid_count: 0; positive_reward_count: 2; success_count: 1; episode_count: 16; best_tax_advantage: 18.0; avg_entropy: 2.315290056169033; random_exploration_count: 28; saved_snapshots: 0; random_action_prob: 0.2307
take_out_loan -0.017741935483870968 31
contribute_asset -0.004 15
distribute_cash 0.48525 40
contribute_cash -0.010833333333333334 42
update_start: 17; random_action_prob: 0.2296
update_complete: 17; loss: 1.139533559481303; cumulative_reward: 20.149999999999995; invalid_count: 0; positive_reward_count: 2; success_count: 1; episode_count: 16; best_tax_advantage: 18.0; avg_entropy: 2.405938637442887; random_exploration_count: 34; saved_snapshots: 0; random_action_prob: 0.2296
take_out_loan -0.018472222222222223 36
contribute_asset -0.0032352941176470593 17
distribute_cash 0.5189024390243903 41
contribute_cash -0.011911764705882354 34
update_start: 18; random_action_prob: 0.2284
update_complete: 18; loss: 1.1385629177093506; cumulative_reward: 18.530000000000005; invalid_count: 0; positive_reward_count: 3; success_count: 1; episode_count: 16; best_tax_advantage: 20.0; avg_entropy: 2.460664921440184; random_exploration_count: 26; saved_snapshots: 0; random_action_prob: 0.2284
take_out_loan -0.012666666666666666 30
contribute_asset 0.7064285714285715 14
distribute_cash 0.47426829268292686 41
contribute_cash -0.2424418604651163 43
update_start: 19; random_action_prob: 0.2273
update_complete: 19; loss: -0.026020795106887817; cumulative_reward: 0.21500000000000083; invalid_count: 0; positive_reward_count: 1; success_count: 0; episode_count: 16; best_tax_advantage: 2.0; avg_entropy: 2.4177559837698936; random_exploration_count: 32; saved_snapshots: 0; random_action_prob: 0.2273
take_out_loan -0.01888888888888889 36
contribute_asset -0.0036666666666666666 15
distribute_cash 0.03158536585365854 41
contribute_cash -0.009583333333333334 36
update_start: 20; random_action_prob: 0.2262
update_complete: 20; loss: 1.8061901728312175; cumulative_reward: 28.379999999999995; invalid_count: 0; positive_reward_count: 3; success_count: 1; episode_count: 16; best_tax_advantage: 20.0; avg_entropy: 2.4112532380968332; random_exploration_count: 27; saved_snapshots: 0; random_action_prob: 0.2262
take_out_loan -0.016212121212121212 33
contribute_asset -0.0084375 16
distribute_cash 0.25255555555555553 45
contribute_cash 0.5201470588235294 34
update_start: 21; random_action_prob: 0.2250
update_complete: 21; loss: 1.956408421198527; cumulative_reward: 40.09000000000002; invalid_count: 0; positive_reward_count: 4; success_count: 1; episode_count: 16; best_tax_advantage: 20.0; avg_entropy: 2.5372960614040494; random_exploration_count: 29; saved_snapshots: 0; random_action_prob: 0.2250
take_out_loan -0.013571428571428571 35
contribute_asset -0.004666666666666667 15
distribute_cash 0.8742553191489363 47
contribute_cash -0.01467741935483871 31
update_start: 22; random_action_prob: 0.2239
update_complete: 22; loss: 1.3878485759099324; cumulative_reward: 24.36000000000001; invalid_count: 0; positive_reward_count: 5; success_count: 1; episode_count: 16; best_tax_advantage: 18.0; avg_entropy: 2.4684627931565046; random_exploration_count: 29; saved_snapshots: 0; random_action_prob: 0.2239
take_out_loan -0.01453125 32
contribute_asset -0.0016666666666666668 15
distribute_cash 0.6657317073170732 41
contribute_cash -0.061125 40
update_start: 23; random_action_prob: 0.2228
update_complete: 23; loss: 2.502915382385254; cumulative_reward: 38.23999999999998; invalid_count: 0; positive_reward_count: 7; success_count: 2; episode_count: 16; best_tax_advantage: 18.0; avg_entropy: 2.4006579187698662; random_exploration_count: 26; saved_snapshots: 0; random_action_prob: 0.2228
take_out_loan -0.016857142857142855 35
contribute_asset -0.00375 16
distribute_cash 1.5421951219512195 41
contribute_cash -0.6761111111111111 36
update_start: 24; random_action_prob: 0.2217
update_complete: 24; loss: 0.606293777624766; cumulative_reward: 18.41999999999998; invalid_count: 0; positive_reward_count: 3; success_count: 0; episode_count: 16; best_tax_advantage: 10.0; avg_entropy: 2.460560721810907; random_exploration_count: 40; saved_snapshots: 0; random_action_prob: 0.2217
take_out_loan -0.018333333333333333 36
contribute_asset -0.0040625 16
distribute_cash 0.4045348837209302 43
contribute_cash 0.05303030303030303 33
update_start: 25; random_action_prob: 0.2206
update_complete: 25; loss: 1.6192213694254558; cumulative_reward: 29.805; invalid_count: 0; positive_reward_count: 5; success_count: 1; episode_count: 16; best_tax_advantage: 18.0; avg_entropy: 2.5592388873919845; random_exploration_count: 31; saved_snapshots: 0; random_action_prob: 0.2206
take_out_loan -0.01719512195121951 41
contribute_asset -0.00625 16
distribute_cash 0.38659090909090915 44
contribute_cash 0.5037037037037037 27
update_start: 26; random_action_prob: 0.2195
update_complete: 26; loss: 1.0384811560312908; cumulative_reward: 14.08499999999999; invalid_count: 0; positive_reward_count: 3; success_count: 0; episode_count: 16; best_tax_advantage: 16.0; avg_entropy: 2.4416229352355003; random_exploration_count: 29; saved_snapshots: 0; random_action_prob: 0.2195
take_out_loan -0.019404761904761907 42
contribute_asset -0.0033333333333333335 15
distribute_cash -0.01825000000000001 40
contribute_cash 0.5058064516129032 31
update_start: 27; random_action_prob: 0.2184
update_complete: 27; loss: 0.16093858083089194; cumulative_reward: -1.6200000000000012; invalid_count: 0; positive_reward_count: 2; success_count: 0; episode_count: 16; best_tax_advantage: 10.0; avg_entropy: 2.3529808381572366; random_exploration_count: 33; saved_snapshots: 0; random_action_prob: 0.2184
take_out_loan -0.01779411764705882 34
contribute_asset -0.004333333333333333 15
distribute_cash 0.25499999999999995 37
contribute_cash -0.2472619047619048 42
update_start: 28; random_action_prob: 0.2173
update_complete: 28; loss: 1.9737995862960815; cumulative_reward: 26.280000000000005; invalid_count: 0; positive_reward_count: 5; success_count: 1; episode_count: 16; best_tax_advantage: 20.0; avg_entropy: 2.4363729637116194; random_exploration_count: 29; saved_snapshots: 0; random_action_prob: 0.2173
take_out_loan -0.016029411764705882 34
contribute_asset -0.004705882352941177 17
distribute_cash 0.8667441860465115 43
contribute_cash -0.3048529411764706 34
update_start: 29; random_action_prob: 0.2162
update_complete: 29; loss: 1.3280574480692546; cumulative_reward: 28.460000000000008; invalid_count: 0; positive_reward_count: 3; success_count: 1; episode_count: 16; best_tax_advantage: 18.0; avg_entropy: 2.3565540574491024; random_exploration_count: 32; saved_snapshots: 0; random_action_prob: 0.2162
take_out_loan -0.01787878787878788 33
contribute_asset -0.0016666666666666668 15
distribute_cash 0.7167073170731708 41
contribute_cash -0.007948717948717949 39
update_start: 30; random_action_prob: 0.2151
update_complete: 30; loss: -0.05317159245411555; cumulative_reward: 0.349999999999999; invalid_count: 0; positive_reward_count: 2; success_count: 0; episode_count: 16; best_tax_advantage: 2.0; avg_entropy: 2.4286411330103874; random_exploration_count: 22; saved_snapshots: 0; random_action_prob: 0.2151
take_out_loan -0.01542857142857143 35
contribute_asset -0.0046875 16
distribute_cash 0.03631578947368421 38
contribute_cash -0.010641025641025642 39
update_start: 31; random_action_prob: 0.2140
update_complete: 31; loss: 0.9732862313588461; cumulative_reward: 20.574999999999996; invalid_count: 0; positive_reward_count: 6; success_count: 1; episode_count: 16; best_tax_advantage: 18.0; avg_entropy: 2.3450286015868187; random_exploration_count: 31; saved_snapshots: 0; random_action_prob: 0.2140
take_out_loan 0.04546875 32
contribute_asset -0.007352941176470588 17
distribute_cash 0.9653488372093023 43
contribute_cash -0.6184722222222222 36
update_start: 32; random_action_prob: 0.2130
update_complete: 32; loss: 2.860582113265991; cumulative_reward: 68.39500000000002; invalid_count: 0; positive_reward_count: 8; success_count: 2; episode_count: 16; best_tax_advantage: 18.0; avg_entropy: 2.375378178432584; random_exploration_count: 28; saved_snapshots: 0; random_action_prob: 0.2130
take_out_loan -0.016857142857142855 35
contribute_asset -0.00029411764705882356 17
distribute_cash 1.648095238095238 42
contribute_cash -0.006764705882352942 34
update_start: 33; random_action_prob: 0.2119
update_complete: 33; loss: 1.035076896349589; cumulative_reward: 20.090000000000007; invalid_count: 0; positive_reward_count: 2; success_count: 1; episode_count: 16; best_tax_advantage: 20.0; avg_entropy: 2.3825139896944165; random_exploration_count: 35; saved_snapshots: 0; random_action_prob: 0.2119
take_out_loan -0.017162162162162164 37
contribute_asset -0.004705882352941177 17
distribute_cash 0.5735135135135134 37
contribute_cash -0.011216216216216216 37
update_start: 34; random_action_prob: 0.2108
update_complete: 34; loss: 1.269154946009318; cumulative_reward: 26.305; invalid_count: 0; positive_reward_count: 2; success_count: 1; episode_count: 16; best_tax_advantage: 18.0; avg_entropy: 2.3566613914445043; random_exploration_count: 28; saved_snapshots: 0; random_action_prob: 0.2108
take_out_loan -0.017941176470588235 34
contribute_asset -0.0058823529411764705 17
distribute_cash 0.6835 40
contribute_cash -0.008783783783783784 37
update_start: 35; random_action_prob: 0.2098
update_complete: 35; loss: 1.7863741318384807; cumulative_reward: 33.64499999999998; invalid_count: 0; positive_reward_count: 5; success_count: 1; episode_count: 16; best_tax_advantage: 20.0; avg_entropy: 2.553899141959846; random_exploration_count: 24; saved_snapshots: 0; random_action_prob: 0.2098
take_out_loan 0.02411111111111111 45
contribute_asset -0.011428571428571429 14
distribute_cash 0.8964864864864865 37
contribute_cash -0.0140625 32
update_start: 36; random_action_prob: 0.2087
update_complete: 36; loss: 0.07695114364226659; cumulative_reward: -1.7599999999999987; invalid_count: 0; positive_reward_count: 2; success_count: 0; episode_count: 16; best_tax_advantage: 2.0; avg_entropy: 2.3979827258735895; random_exploration_count: 22; saved_snapshots: 0; random_action_prob: 0.2087
take_out_loan -0.019125 40
contribute_asset -0.004687500000000001 16
distribute_cash 0.03297619047619047 42
contribute_cash -0.07683333333333332 30
update_start: 37; random_action_prob: 0.2077
update_complete: 37; loss: 2.4368155797322593; cumulative_reward: 51.874999999999986; invalid_count: 0; positive_reward_count: 7; success_count: 2; episode_count: 16; best_tax_advantage: 20.0; avg_entropy: 2.4311562068760395; random_exploration_count: 27; saved_snapshots: 0; random_action_prob: 0.2077
take_out_loan -0.019285714285714288 42
contribute_asset -0.005588235294117647 17
distribute_cash 1.6266176470588236 34
contribute_cash -0.07214285714285713 35
update_start: 38; random_action_prob: 0.2066
update_complete: 38; loss: 1.8886204560597737; cumulative_reward: 48.14499999999999; invalid_count: 0; positive_reward_count: 7; success_count: 1; episode_count: 16; best_tax_advantage: 18.0; avg_entropy: 2.278208858333528; random_exploration_count: 22; saved_snapshots: 0; random_action_prob: 0.2066
take_out_loan -0.017972972972972973 37
contribute_asset -0.006470588235294118 17
distribute_cash 0.9125581395348837 43
contribute_cash 0.31225806451612903 31
update_start: 39; random_action_prob: 0.2056
update_complete: 39; loss: 2.2202146848042807; cumulative_reward: 64.06000000000002; invalid_count: 0; positive_reward_count: 8; success_count: 2; episode_count: 17; best_tax_advantage: 20.0; avg_entropy: 2.4262156393378973; random_exploration_count: 26; saved_snapshots: 0; random_action_prob: 0.2056
take_out_loan -0.020609756097560977 41
contribute_asset 0.26166666666666666 15
distribute_cash 1.6251282051282052 39
contribute_cash -0.07272727272727274 33
update_start: 40; random_action_prob: 0.2046
update_complete: 40; loss: 4.605085531870524; cumulative_reward: 96.27999999999999; invalid_count: 0; positive_reward_count: 9; success_count: 4; episode_count: 16; best_tax_advantage: 20.0; avg_entropy: 2.3410445917397738; random_exploration_count: 19; saved_snapshots: 0; random_action_prob: 0.2046
take_out_loan 0.031625 40
contribute_asset -0.0046875 16
distribute_cash 2.917333333333333 30
contribute_cash 0.1802380952380952 42
update_start: 41; random_action_prob: 0.2036
update_complete: 41; loss: 2.4913602670033774; cumulative_reward: 40.33499999999998; invalid_count: 0; positive_reward_count: 4; success_count: 2; episode_count: 16; best_tax_advantage: 20.0; avg_entropy: 2.255745162256062; random_exploration_count: 29; saved_snapshots: 0; random_action_prob: 0.2036
take_out_loan -0.014090909090909091 33
contribute_asset -0.005 16
distribute_cash 1.2051388888888888 36
contribute_cash -0.05825581395348838 43
update_start: 42; random_action_prob: 0.2025
update_complete: 42; loss: 3.8524203300476074; cumulative_reward: 76.06000000000003; invalid_count: 0; positive_reward_count: 8; success_count: 4; episode_count: 16; best_tax_advantage: 20.0; avg_entropy: 2.311684563755989; random_exploration_count: 18; saved_snapshots: 0; random_action_prob: 0.2025
take_out_loan 0.034999999999999996 39
contribute_asset -0.00875 16
distribute_cash 1.8616176470588235 34
contribute_cash 0.29589743589743595 39
update_start: 43; random_action_prob: 0.2015
update_complete: 43; loss: 3.788981835047404; cumulative_reward: 78.285; invalid_count: 0; positive_reward_count: 10; success_count: 3; episode_count: 16; best_tax_advantage: 20.0; avg_entropy: 2.2844890020787716; random_exploration_count: 28; saved_snapshots: 0; random_action_prob: 0.2015
take_out_loan 0.03958333333333333 36
contribute_asset -0.0026470588235294116 17
distribute_cash 2.040151515151515 33
contribute_cash 0.22809523809523805 42
update_start: 44; random_action_prob: 0.2005
update_complete: 44; loss: 2.3430256843566895; cumulative_reward: 42.24; invalid_count: 0; positive_reward_count: 6; success_count: 2; episode_count: 16; best_tax_advantage: 20.0; avg_entropy: 2.2168928049504757; random_exploration_count: 20; saved_snapshots: 0; random_action_prob: 0.2005
take_out_loan 0.034473684210526316 38
contribute_asset 0.1184375 16
distribute_cash 1.12875 28
contribute_cash 0.16152173913043477 46
update_start: 45; random_action_prob: 0.1995
update_complete: 45; loss: 5.394497394561768; cumulative_reward: 114.27499999999998; invalid_count: 0; positive_reward_count: 8; success_count: 5; episode_count: 17; best_tax_advantage: 20.0; avg_entropy: 2.25303942989558; random_exploration_count: 27; saved_snapshots: 0; random_action_prob: 0.1995
take_out_loan -0.01840909090909091 44
contribute_asset -0.0030555555555555557 18
distribute_cash 3.984375 32
contribute_cash -0.3635294117647059 34
update_start: 46; random_action_prob: 0.1985
update_complete: 46; loss: 4.974995930989583; cumulative_reward: 109.86999999999999; invalid_count: 0; positive_reward_count: 10; success_count: 4; episode_count: 16; best_tax_advantage: 20.0; avg_entropy: 2.3073263689875603; random_exploration_count: 25; saved_snapshots: 0; random_action_prob: 0.1985
take_out_loan -0.018163265306122448 49
contribute_asset -0.007941176470588236 17
distribute_cash 3.433333333333333 33
contribute_cash -0.08293103448275865 29
update_start: 47; random_action_prob: 0.1975
update_complete: 47; loss: 3.3809353510538735; cumulative_reward: 72.45999999999994; invalid_count: 0; positive_reward_count: 8; success_count: 3; episode_count: 16; best_tax_advantage: 20.0; avg_entropy: 2.3290822501294315; random_exploration_count: 31; saved_snapshots: 0; random_action_prob: 0.1975
take_out_loan 0.2535135135135135 37
contribute_asset -0.0029411764705882353 17
distribute_cash 1.670657894736842 38
contribute_cash -0.00986111111111112 36
update_start: 48; random_action_prob: 0.1965
update_complete: 48; loss: 4.15000041325887; cumulative_reward: 71.59499999999997; invalid_count: 0; positive_reward_count: 6; success_count: 3; episode_count: 16; best_tax_advantage: 20.0; avg_entropy: 2.1793899894692004; random_exploration_count: 19; saved_snapshots: 0; random_action_prob: 0.1965
take_out_loan -0.0222 50
contribute_asset -0.005625 16
distribute_cash 2.813125 24
contribute_cash 0.13894736842105262 38
update_start: 49; random_action_prob: 0.1956
update_complete: 49; loss: 2.05073618888855; cumulative_reward: 15.629999999999992; invalid_count: 0; positive_reward_count: 3; success_count: 1; episode_count: 16; best_tax_advantage: 18.0; avg_entropy: 2.263999759219587; random_exploration_count: 28; saved_snapshots: 0; random_action_prob: 0.1956
take_out_loan 0.17048076923076924 52
contribute_asset -0.004117647058823529 17
distribute_cash 0.8166129032258065 31
contribute_cash -0.66 28
update_start: 50; random_action_prob: 0.1946
update_complete: 50; loss: 3.3581058979034424; cumulative_reward: 68.325; invalid_count: 0; positive_reward_count: 6; success_count: 3; episode_count: 17; best_tax_advantage: 20.0; avg_entropy: 2.3368881894275546; random_exploration_count: 33; saved_snapshots: 0; random_action_prob: 0.1946
take_out_loan 0.03195121951219512 41
contribute_asset -0.0021874999999999998 16
distribute_cash 1.372638888888889 36
contribute_cash 0.5038571428571428 35
update_start: 51; random_action_prob: 0.1936
update_complete: 51; loss: 5.825764497121175; cumulative_reward: 117.845; invalid_count: 0; positive_reward_count: 8; success_count: 5; episode_count: 16; best_tax_advantage: 20.0; avg_entropy: 2.2952677686698735; random_exploration_count: 21; saved_snapshots: 0; random_action_prob: 0.1936
take_out_loan -0.019042553191489363 47
contribute_asset -0.0061764705882352946 17
distribute_cash 3.4998275862068966 29
contribute_cash 0.49571428571428566 35
update_start: 52; random_action_prob: 0.1926
update_complete: 52; loss: 2.6230448881785073; cumulative_reward: 60.40499999999999; invalid_count: 0; positive_reward_count: 6; success_count: 2; episode_count: 16; best_tax_advantage: 20.0; avg_entropy: 2.306088381446898; random_exploration_count: 18; saved_snapshots: 0; random_action_prob: 0.1926
take_out_loan 0.4854166666666667 36
contribute_asset -0.005 17
distribute_cash 0.3539473684210526 38
contribute_cash 0.799054054054054 37
update_start: 53; random_action_prob: 0.1917
update_complete: 53; loss: 1.8430958986282349; cumulative_reward: 20.28500000000002; invalid_count: 0; positive_reward_count: 3; success_count: 1; episode_count: 16; best_tax_advantage: 20.0; avg_entropy: 2.158350148703903; random_exploration_count: 21; saved_snapshots: 0; random_action_prob: 0.1917
take_out_loan 0.20670454545454547 44
contribute_asset -0.0025 16
distribute_cash 0.7994444444444443 27
contribute_cash -0.2525609756097561 41
update_start: 54; random_action_prob: 0.1907
update_complete: 54; loss: 2.502135435740153; cumulative_reward: 46.36; invalid_count: 0; positive_reward_count: 3; success_count: 2; episode_count: 16; best_tax_advantage: 20.0; avg_entropy: 2.2482612365856767; random_exploration_count: 25; saved_snapshots: 0; random_action_prob: 0.1907
take_out_loan -0.016923076923076923 39
contribute_asset 1.0523529411764707 17
distribute_cash 0.8184722222222223 36
contribute_cash -0.009305555555555556 36
update_start: 55; random_action_prob: 0.1898
update_complete: 55; loss: 2.5991262594858804; cumulative_reward: 55.86500000000001; invalid_count: 0; positive_reward_count: 6; success_count: 2; episode_count: 16; best_tax_advantage: 20.0; avg_entropy: 2.226220225682482; random_exploration_count: 31; saved_snapshots: 0; random_action_prob: 0.1898
take_out_loan 0.27 48
contribute_asset 0.11323529411764706 17
distribute_cash 0.6887096774193548 31
contribute_cash 0.6134375 32
update_start: 56; random_action_prob: 0.1888
update_complete: 56; loss: 3.7754457791646323; cumulative_reward: 80.205; invalid_count: 0; positive_reward_count: 6; success_count: 4; episode_count: 17; best_tax_advantage: 20.0; avg_entropy: 2.216508347541094; random_exploration_count: 21; saved_snapshots: 0; random_action_prob: 0.1888
take_out_loan -0.017 45
contribute_asset -0.0038888888888888883 18
distribute_cash 1.2177941176470588 34
contribute_cash 1.2785483870967742 31
update_start: 57; random_action_prob: 0.1879
update_complete: 57; loss: 1.9283580780029297; cumulative_reward: 29.884999999999998; invalid_count: 0; positive_reward_count: 4; success_count: 1; episode_count: 16; best_tax_advantage: 20.0; avg_entropy: 2.276283133774996; random_exploration_count: 29; saved_snapshots: 0; random_action_prob: 0.1879
take_out_loan -0.020978260869565217 46
contribute_asset -0.0021874999999999998 16
distribute_cash 0.801923076923077 39
contribute_cash -0.014444444444444446 27
update_start: 58; random_action_prob: 0.1869
update_complete: 58; loss: 3.9185047149658203; cumulative_reward: 106.57; invalid_count: 0; positive_reward_count: 11; success_count: 4; episode_count: 17; best_tax_advantage: 20.0; avg_entropy: 2.2104759286157787; random_exploration_count: 22; saved_snapshots: 0; random_action_prob: 0.1869
take_out_loan 0.042083333333333334 36
contribute_asset -0.005294117647058823 17
distribute_cash 2.4040697674418605 43
contribute_cash 0.0553125 32
update_start: 59; random_action_prob: 0.1860
update_complete: 59; loss: 4.318546772003174; cumulative_reward: 96.77999999999996; invalid_count: 0; positive_reward_count: 11; success_count: 4; episode_count: 17; best_tax_advantage: 20.0; avg_entropy: 2.126243593171239; random_exploration_count: 20; saved_snapshots: 0; random_action_prob: 0.1860
take_out_loan 0.3093548387096774 31
contribute_asset 0.10972222222222222 18
distribute_cash 2.654027777777778 36
contribute_cash -0.2402325581395349 43
update_start: 60; random_action_prob: 0.1851
update_complete: 60; loss: 4.528331279754639; cumulative_reward: 118.51500000000004; invalid_count: 0; positive_reward_count: 8; success_count: 5; episode_count: 17; best_tax_advantage: 20.0; avg_entropy: 2.1401377459988; random_exploration_count: 20; saved_snapshots: 0; random_action_prob: 0.1851
take_out_loan -0.012647058823529412 34
contribute_asset -0.0023529411764705885 17
distribute_cash 3.4148571428571426 35
contribute_cash -0.01273809523809524 42
update_start: 61; random_action_prob: 0.1841
update_complete: 61; loss: 4.834169228871663; cumulative_reward: 98.81999999999998; invalid_count: 0; positive_reward_count: 5; success_count: 5; episode_count: 17; best_tax_advantage: 20.0; avg_entropy: 2.149125481955707; random_exploration_count: 26; saved_snapshots: 0; random_action_prob: 0.1841
take_out_loan -0.013064516129032259 31
contribute_asset -0.0005882352941176471 17
distribute_cash 0.9184883720930231 43
contribute_cash 1.6145945945945948 37
update_start: 62; random_action_prob: 0.1832
update_complete: 62; loss: 3.0544255574544272; cumulative_reward: 70.29499999999996; invalid_count: 0; positive_reward_count: 5; success_count: 2; episode_count: 16; best_tax_advantage: 20.0; avg_entropy: 2.037484385073185; random_exploration_count: 21; saved_snapshots: 0; random_action_prob: 0.1832
take_out_loan -0.01825 40
contribute_asset -0.0026470588235294116 17
distribute_cash 1.558030303030303 33
contribute_cash 0.5172368421052632 38
update_start: 63; random_action_prob: 0.1823
update_complete: 63; loss: 3.8210962613423667; cumulative_reward: 76.59499999999997; invalid_count: 0; positive_reward_count: 7; success_count: 3; episode_count: 16; best_tax_advantage: 20.0; avg_entropy: 2.056105579249561; random_exploration_count: 22; saved_snapshots: 0; random_action_prob: 0.1823
take_out_loan -0.014722222222222223 36
contribute_asset 1.2478125 16
distribute_cash 2.221029411764706 34
contribute_cash -0.43702380952380954 42
update_start: 64; random_action_prob: 0.1814
update_complete: 64; loss: 3.1912430127461753; cumulative_reward: 68.03999999999996; invalid_count: 0; positive_reward_count: 6; success_count: 3; episode_count: 16; best_tax_advantage: 20.0; avg_entropy: 2.0554206827655435; random_exploration_count: 24; saved_snapshots: 0; random_action_prob: 0.1814
take_out_loan -0.019523809523809523 42
contribute_asset 0.5829411764705883 17
distribute_cash 0.7110606060606061 33
contribute_cash 0.9856944444444444 36
update_start: 65; random_action_prob: 0.1805
update_complete: 65; loss: 3.910398085912069; cumulative_reward: 65.89999999999992; invalid_count: 0; positive_reward_count: 7; success_count: 3; episode_count: 16; best_tax_advantage: 20.0; avg_entropy: 2.074619773309678; random_exploration_count: 31; saved_snapshots: 0; random_action_prob: 0.1805
take_out_loan -0.017857142857142856 42
contribute_asset -0.004705882352941177 17
distribute_cash 2.064375 24
contribute_cash 0.38188888888888883 45
update_start: 66; random_action_prob: 0.1796
update_complete: 66; loss: 6.146755536397298; cumulative_reward: 130.26000000000005; invalid_count: 0; positive_reward_count: 9; success_count: 7; episode_count: 17; best_tax_advantage: 20.0; avg_entropy: 2.087695585563779; random_exploration_count: 18; saved_snapshots: 0; random_action_prob: 0.1796
take_out_loan -0.015595238095238096 42
contribute_asset 0.1063888888888889 18
distribute_cash 3.7467647058823528 34
contribute_cash 0.0473529411764706 34
update_start: 67; random_action_prob: 0.1787
update_complete: 67; loss: 5.426788806915283; cumulative_reward: 113.83999999999996; invalid_count: 0; positive_reward_count: 8; success_count: 5; episode_count: 17; best_tax_advantage: 20.0; avg_entropy: 2.2257856791839004; random_exploration_count: 20; saved_snapshots: 0; random_action_prob: 0.1787
take_out_loan -0.01738095238095238 42
contribute_asset 0.49281250000000004 16
distribute_cash 2.8629411764705885 34
contribute_cash 0.2595833333333334 36
update_start: 68; random_action_prob: 0.1778
update_complete: 68; loss: 5.2844923337300616; cumulative_reward: 117.68500000000003; invalid_count: 0; positive_reward_count: 11; success_count: 5; episode_count: 17; best_tax_advantage: 20.0; avg_entropy: 2.1971385662909597; random_exploration_count: 20; saved_snapshots: 0; random_action_prob: 0.1778
take_out_loan -0.019456521739130435 46
contribute_asset 1.6332352941176471 17
distribute_cash 3.831111111111111 27
contribute_cash -0.33223684210526316 38
update_start: 69; random_action_prob: 0.1769
update_complete: 69; loss: 5.124748071034749; cumulative_reward: 108.17999999999996; invalid_count: 0; positive_reward_count: 10; success_count: 5; episode_count: 17; best_tax_advantage: 20.0; avg_entropy: 2.2515683597885072; random_exploration_count: 19; saved_snapshots: 0; random_action_prob: 0.1769
take_out_loan -0.016627906976744187 43
contribute_asset 1.1041666666666667 18
distribute_cash 3.3369117647058824 34
contribute_cash -0.7404545454545454 33
update_start: 70; random_action_prob: 0.1760
update_complete: 70; loss: 5.993246555328369; cumulative_reward: 127.81000000000003; invalid_count: 0; positive_reward_count: 7; success_count: 6; episode_count: 16; best_tax_advantage: 20.0; avg_entropy: 2.237427628133446; random_exploration_count: 27; saved_snapshots: 0; random_action_prob: 0.1760
take_out_loan -0.018877551020408164 49
contribute_asset -0.007941176470588236 17
distribute_cash 3.124 35
contribute_cash 0.7233333333333334 27
update_start: 71; random_action_prob: 0.1751
update_complete: 71; loss: 7.013757864634196; cumulative_reward: 151.695; invalid_count: 0; positive_reward_count: 11; success_count: 7; episode_count: 17; best_tax_advantage: 20.0; avg_entropy: 2.130768810166046; random_exploration_count: 29; saved_snapshots: 0; random_action_prob: 0.1751
take_out_loan -0.018775510204081632 49
contribute_asset -0.008235294117647058 17
distribute_cash 4.262 35
contribute_cash 0.1327777777777778 27
update_start: 72; random_action_prob: 0.1743
update_complete: 72; loss: 5.2533955574035645; cumulative_reward: 124.25; invalid_count: 0; positive_reward_count: 7; success_count: 6; episode_count: 17; best_tax_advantage: 20.0; avg_entropy: 2.1353781847283244; random_exploration_count: 24; saved_snapshots: 0; random_action_prob: 0.1743
take_out_loan -0.01636363636363636 44
contribute_asset -0.001388888888888889 18
distribute_cash 4.046451612903225 31
contribute_cash -0.012714285714285714 35
update_start: 73; random_action_prob: 0.1734
update_complete: 73; loss: 5.840519746144612; cumulative_reward: 155.62500000000009; invalid_count: 0; positive_reward_count: 12; success_count: 7; episode_count: 17; best_tax_advantage: 20.0; avg_entropy: 2.123798364540562; random_exploration_count: 15; saved_snapshots: 0; random_action_prob: 0.1734
take_out_loan 0.021100000000000004 50
contribute_asset 1.1016666666666666 18
distribute_cash 3.8411666666666666 30
contribute_cash 0.6501666666666667 30
update_start: 74; random_action_prob: 0.1725
update_complete: 74; loss: 4.677523930867513; cumulative_reward: 109.75500000000001; invalid_count: 0; positive_reward_count: 9; success_count: 5; episode_count: 17; best_tax_advantage: 20.0; avg_entropy: 2.1610050483141094; random_exploration_count: 23; saved_snapshots: 0; random_action_prob: 0.1725
take_out_loan 0.40394230769230766 52
contribute_asset -0.005833333333333333 18
distribute_cash 1.240185185185185 27
contribute_cash 1.7861290322580645 31
update_start: 75; random_action_prob: 0.1717
update_complete: 75; loss: 7.1795549392700195; cumulative_reward: 155.505; invalid_count: 0; positive_reward_count: 8; success_count: 8; episode_count: 17; best_tax_advantage: 20.0; avg_entropy: 2.0771663426421583; random_exploration_count: 22; saved_snapshots: 0; random_action_prob: 0.1717
take_out_loan 0.34427272727272723 55
contribute_asset -0.006111111111111111 18
distribute_cash 5.0851851851851855 27
contribute_cash -0.02214285714285714 28
update_start: 76; random_action_prob: 0.1708
update_complete: 76; loss: 6.730144182840983; cumulative_reward: 153.42000000000002; invalid_count: 0; positive_reward_count: 11; success_count: 7; episode_count: 17; best_tax_advantage: 20.0; avg_entropy: 2.0659921639598906; random_exploration_count: 24; saved_snapshots: 0; random_action_prob: 0.1708
take_out_loan -0.01827272727272727 55
contribute_asset -0.009117647058823529 17
distribute_cash 5.1434482758620685 29
contribute_cash 0.2007407407407407 27
update_start: 77; random_action_prob: 0.1699
update_complete: 77; loss: 9.29737663269043; cumulative_reward: 215.65999999999997; invalid_count: 0; positive_reward_count: 13; success_count: 10; episode_count: 18; best_tax_advantage: 20.0; avg_entropy: 2.0174440413247794; random_exploration_count: 25; saved_snapshots: 0; random_action_prob: 0.1699
take_out_loan 0.17375000000000002 52
contribute_asset -0.004722222222222221 18
distribute_cash 6.038064516129032 31
contribute_cash 0.7233333333333334 27
update_start: 78; random_action_prob: 0.1691
update_complete: 78; loss: 7.296909332275391; cumulative_reward: 175.6900000000001; invalid_count: 0; positive_reward_count: 10; success_count: 8; episode_count: 17; best_tax_advantage: 20.0; avg_entropy: 1.9475225559435785; random_exploration_count: 19; saved_snapshots: 0; random_action_prob: 0.1691
take_out_loan -0.017959183673469388 49
contribute_asset -0.010277777777777778 18
distribute_cash 4.10516129032258 31
contribute_cash 1.6498333333333333 30
update_start: 79; random_action_prob: 0.1683
update_complete: 79; loss: 9.025025685628256; cumulative_reward: 226.19500000000022; invalid_count: 0; positive_reward_count: 13; success_count: 11; episode_count: 18; best_tax_advantage: 20.0; avg_entropy: 1.8573392517864704; random_exploration_count: 21; saved_snapshots: 0; random_action_prob: 0.1683
take_out_loan -0.014583333333333332 48
contribute_asset -0.008157894736842105 19
distribute_cash 7.3155 30
contribute_cash 0.24467741935483864 31
update_start: 80; random_action_prob: 0.1674
update_complete: 80; loss: 9.29637622833252; cumulative_reward: 245.66000000000017; invalid_count: 0; positive_reward_count: 16; success_count: 11; episode_count: 18; best_tax_advantage: 20.0; avg_entropy: 1.7118394036078826; random_exploration_count: 18; saved_snapshots: 0; random_action_prob: 0.1674
take_out_loan 0.16390909090909092 55
contribute_asset -0.00631578947368421 19
distribute_cash 7.759107142857142 28
contribute_cash 0.7503846153846153 26
update_start: 81; random_action_prob: 0.1666
update_complete: 81; loss: 6.9127875963846845; cumulative_reward: 171.50000000000006; invalid_count: 0; positive_reward_count: 11; success_count: 8; episode_count: 17; best_tax_advantage: 20.0; avg_entropy: 1.6928072497830726; random_exploration_count: 20; saved_snapshots: 0; random_action_prob: 0.1666
take_out_loan -0.02074074074074074 54
contribute_asset -0.005 18
distribute_cash 8.36047619047619 21
contribute_cash -0.08171428571428571 35
update_start: 82; random_action_prob: 0.1657
update_complete: 82; loss: 5.2176618576049805; cumulative_reward: 113.91000000000001; invalid_count: 0; positive_reward_count: 8; success_count: 6; episode_count: 17; best_tax_advantage: 20.0; avg_entropy: 1.6513304371619597; random_exploration_count: 19; saved_snapshots: 0; random_action_prob: 0.1657
take_out_loan -0.01670212765957447 47
contribute_asset -0.008888888888888889 18
distribute_cash 5.197173913043478 23
contribute_cash -0.11700000000000002 40
update_start: 83; random_action_prob: 0.1649
update_complete: 83; loss: 10.582416852315268; cumulative_reward: 255.8150000000002; invalid_count: 0; positive_reward_count: 13; success_count: 13; episode_count: 19; best_tax_advantage: 20.0; avg_entropy: 1.483987923071254; random_exploration_count: 14; saved_snapshots: 0; random_action_prob: 0.1649
take_out_loan -0.017407407407407406 54
contribute_asset -0.011052631578947368 19
distribute_cash 10.326086956521738 23
contribute_cash 0.60828125 32
update_start: 84; random_action_prob: 0.1641
update_complete: 84; loss: 8.603072166442871; cumulative_reward: 217.98000000000016; invalid_count: 0; positive_reward_count: 11; success_count: 11; episode_count: 19; best_tax_advantage: 20.0; avg_entropy: 1.6166583187878132; random_exploration_count: 17; saved_snapshots: 0; random_action_prob: 0.1641
take_out_loan -0.017499999999999998 56
contribute_asset -0.006999999999999999 20
distribute_cash 8.313333333333333 24
contribute_cash 0.6992857142857142 28
update_start: 85; random_action_prob: 0.1633
update_complete: 85; loss: 10.190218925476074; cumulative_reward: 258.3650000000002; invalid_count: 0; positive_reward_count: 15; success_count: 13; episode_count: 20; best_tax_advantage: 20.0; avg_entropy: 1.5400122080463916; random_exploration_count: 21; saved_snapshots: 0; random_action_prob: 0.1633
take_out_loan -0.015510204081632653 49
contribute_asset -0.00125 20
distribute_cash 9.339107142857143 28
contribute_cash -0.07564516129032259 31
update_start: 86; random_action_prob: 0.1625
update_complete: 86; loss: 8.031803766886393; cumulative_reward: 187.97000000000028; invalid_count: 0; positive_reward_count: 10; success_count: 9; episode_count: 18; best_tax_advantage: 20.0; avg_entropy: 1.5465160579187796; random_exploration_count: 24; saved_snapshots: 0; random_action_prob: 0.1625
take_out_loan -0.01648936170212766 47
contribute_asset -0.008611111111111111 18
distribute_cash 7.372173913043478 23
contribute_cash 0.4835 40
update_start: 87; random_action_prob: 0.1616
update_complete: 87; loss: 9.139941533406576; cumulative_reward: 224.46000000000004; invalid_count: 0; positive_reward_count: 13; success_count: 11; episode_count: 18; best_tax_advantage: 20.0; avg_entropy: 1.621970010921359; random_exploration_count: 28; saved_snapshots: 0; random_action_prob: 0.1616
take_out_loan -0.014222222222222223 45
contribute_asset -0.0010526315789473684 19
distribute_cash 6.851 30
contribute_cash 0.5761764705882353 34
update_start: 88; random_action_prob: 0.1608
update_complete: 88; loss: 10.115397135416666; cumulative_reward: 256.6600000000002; invalid_count: 0; positive_reward_count: 14; success_count: 13; episode_count: 19; best_tax_advantage: 20.0; avg_entropy: 1.6956827826797962; random_exploration_count: 28; saved_snapshots: 0; random_action_prob: 0.1608
take_out_loan -0.013875000000000002 40
contribute_asset -0.0015 20
distribute_cash 8.254 30
contribute_cash 0.2532894736842105 38
update_start: 89; random_action_prob: 0.1600
update_complete: 89; loss: 11.623688062032064; cumulative_reward: 339.24000000000035; invalid_count: 0; positive_reward_count: 18; success_count: 17; episode_count: 22; best_tax_advantage: 20.0; avg_entropy: 1.3131967522203922; random_exploration_count: 12; saved_snapshots: 0; random_action_prob: 0.1600
take_out_loan -0.00825 40
contribute_asset -0.0008695652173913044 23
distribute_cash 9.991166666666667 30
contribute_cash 1.1387142857142856 35
update_start: 90; random_action_prob: 0.1592
update_complete: 90; loss: 12.240797360738119; cumulative_reward: 328.5650000000002; invalid_count: 0; positive_reward_count: 18; success_count: 16; episode_count: 20; best_tax_advantage: 20.0; avg_entropy: 1.3960346234962344; random_exploration_count: 20; saved_snapshots: 0; random_action_prob: 0.1592
take_out_loan -0.012380952380952381 42
contribute_asset -0.0011904761904761906 21
distribute_cash 10.744655172413793 29
contribute_cash 0.4865277777777778 36
update_start: 91; random_action_prob: 0.1584
update_complete: 91; loss: 7.8048930168151855; cumulative_reward: 204.76000000000016; invalid_count: 0; positive_reward_count: 15; success_count: 10; episode_count: 19; best_tax_advantage: 20.0; avg_entropy: 1.389042624272406; random_exploration_count: 24; saved_snapshots: 0; random_action_prob: 0.1584
take_out_loan -0.012 40
contribute_asset -0.00075 20
distribute_cash 6.633870967741935 31
contribute_cash -0.010675675675675721 37
update_start: 92; random_action_prob: 0.1576
update_complete: 92; loss: 10.61844285329183; cumulative_reward: 302.1300000000002; invalid_count: 0; positive_reward_count: 18; success_count: 14; episode_count: 19; best_tax_advantage: 20.0; avg_entropy: 1.2761476959276479; random_exploration_count: 22; saved_snapshots: 0; random_action_prob: 0.1576
take_out_loan -0.0158 50
contribute_asset -0.0032500000000000003 20
distribute_cash 11.7376 25
contribute_cash 0.28924242424242425 33
update_start: 93; random_action_prob: 0.1569
update_complete: 93; loss: 14.299041112263998; cumulative_reward: 398.5150000000003; invalid_count: 0; positive_reward_count: 20; success_count: 20; episode_count: 23; best_tax_advantage: 20.0; avg_entropy: 1.1664668857993092; random_exploration_count: 18; saved_snapshots: 0; random_action_prob: 0.1569
take_out_loan -0.010319148936170213 47
contribute_asset -0.002173913043478261 23
distribute_cash 14.058148148148147 27
contribute_cash 0.6283870967741936 31
update_start: 94; random_action_prob: 0.1561
update_complete: 94; loss: 12.627457618713379; cumulative_reward: 336.4300000000003; invalid_count: 0; positive_reward_count: 18; success_count: 17; episode_count: 21; best_tax_advantage: 20.0; avg_entropy: 1.225620346609503; random_exploration_count: 20; saved_snapshots: 0; random_action_prob: 0.1561
take_out_loan -0.011874999999999998 48
contribute_asset 0.9063636363636364 22
distribute_cash 12.815833333333332 24
contribute_cash 0.2788235294117647 34
update_start: 95; random_action_prob: 0.1553
update_complete: 95; loss: 10.85283629099528; cumulative_reward: 294.5500000000001; invalid_count: 0; positive_reward_count: 19; success_count: 15; episode_count: 20; best_tax_advantage: 20.0; avg_entropy: 1.2866248254431412; random_exploration_count: 17; saved_snapshots: 0; random_action_prob: 0.1553
take_out_loan 0.03144444444444445 45
contribute_asset -0.0004761904761904762 21
distribute_cash 9.917068965517242 29
contribute_cash 0.16818181818181818 33
update_start: 96; random_action_prob: 0.1545
update_complete: 96; loss: 12.205985387166342; cumulative_reward: 352.73000000000025; invalid_count: 0; positive_reward_count: 19; success_count: 17; episode_count: 22; best_tax_advantage: 20.0; avg_entropy: 1.2080297478241846; random_exploration_count: 18; saved_snapshots: 0; random_action_prob: 0.1545
take_out_loan -0.009999999999999998 40
contribute_asset -0.0009090909090909091 22
distribute_cash 9.222941176470588 34
contribute_cash 1.2365625 32
update_start: 97; random_action_prob: 0.1537
update_complete: 97; loss: 9.006778081258139; cumulative_reward: 246.81500000000014; invalid_count: 0; positive_reward_count: 14; success_count: 12; episode_count: 20; best_tax_advantage: 20.0; avg_entropy: 1.3574550884077325; random_exploration_count: 20; saved_snapshots: 0; random_action_prob: 0.1537
take_out_loan 0.5155263157894737 38
contribute_asset -0.0007142857142857143 21
distribute_cash 5.383787878787879 33
contribute_cash 1.3770833333333332 36
update_start: 98; random_action_prob: 0.1530
update_complete: 98; loss: 9.124870936075846; cumulative_reward: 250.87500000000009; invalid_count: 0; positive_reward_count: 19; success_count: 12; episode_count: 21; best_tax_advantage: 20.0; avg_entropy: 1.1572150368592702; random_exploration_count: 14; saved_snapshots: 0; random_action_prob: 0.1530
take_out_loan -0.010128205128205128 39
contribute_asset -0.0009523809523809524 21
distribute_cash 7.1894285714285715 35
contribute_cash -0.010303030303030368 33
update_start: 99; random_action_prob: 0.1522
update_complete: 99; loss: 13.25970427195231; cumulative_reward: 387.01500000000027; invalid_count: 0; positive_reward_count: 20; success_count: 19; episode_count: 22; best_tax_advantage: 20.0; avg_entropy: 1.1316926636209246; random_exploration_count: 17; saved_snapshots: 0; random_action_prob: 0.1522
take_out_loan -0.009024390243902438 41
contribute_asset 0.8686956521739131 23
distribute_cash 9.61609375 32
contribute_cash 1.8653125 32
2026-07-10T17:52:08 completed partnership_disguised_sale run=5 elapsed_seconds=787.50 updates_logged=100
2026-07-10T17:52:08 running partnership_disguised_sale run=6 seed=1735
update_start: 0; random_action_prob: 0.2500
update_complete: 0; loss: 0.1375295122464498; cumulative_reward: -2.0649999999999977; invalid_count: 0; positive_reward_count: 2; success_count: 0; episode_count: 16; best_tax_advantage: 10.0; avg_entropy: 2.599623274989426; random_exploration_count: 37; saved_snapshots: 0; random_action_prob: 0.2500
take_out_loan -0.022093023255813957 43
contribute_asset -0.005333333333333333 15
distribute_cash 0.6274193548387097 31
contribute_cash -0.5252564102564102 39
update_start: 1; random_action_prob: 0.2487
update_complete: 1; loss: 0.342292845249176; cumulative_reward: 9.584999999999988; invalid_count: 0; positive_reward_count: 2; success_count: 0; episode_count: 16; best_tax_advantage: 10.0; avg_entropy: 2.614043800160289; random_exploration_count: 23; saved_snapshots: 0; random_action_prob: 0.2487
take_out_loan 0.02569767441860465 43
contribute_asset -0.005 14
distribute_cash 0.261 35
contribute_cash -0.01625 36
update_start: 2; random_action_prob: 0.2475
update_complete: 2; loss: 0.07301363845666249; cumulative_reward: 5.765000000000004; invalid_count: 0; positive_reward_count: 3; success_count: 0; episode_count: 16; best_tax_advantage: 10.0; avg_entropy: 2.659776051528752; random_exploration_count: 28; saved_snapshots: 0; random_action_prob: 0.2475
take_out_loan -0.019767441860465116 43
contribute_asset -0.012499999999999999 12
distribute_cash 0.20842857142857146 35
contribute_cash -0.013947368421052632 38
update_start: 3; random_action_prob: 0.2463
update_complete: 3; loss: 0.71504012743632; cumulative_reward: 17.910000000000004; invalid_count: 0; positive_reward_count: 2; success_count: 1; episode_count: 16; best_tax_advantage: 18.0; avg_entropy: 2.565746983513236; random_exploration_count: 31; saved_snapshots: 0; random_action_prob: 0.2463
take_out_loan -0.019431818181818182 44
contribute_asset -0.006333333333333333 15
distribute_cash 0.5329166666666666 36
contribute_cash -0.00984848484848485 33
update_start: 4; random_action_prob: 0.2450
update_complete: 4; loss: -0.04647559175888697; cumulative_reward: 2.0500000000000034; invalid_count: 0; positive_reward_count: 1; success_count: 0; episode_count: 16; best_tax_advantage: 4.0; avg_entropy: 2.4850311409682035; random_exploration_count: 28; saved_snapshots: 0; random_action_prob: 0.2450
take_out_loan -0.020874999999999998 40
contribute_asset -0.006875 16
distribute_cash 0.10953125 32
contribute_cash -0.012750000000000001 40
update_start: 5; random_action_prob: 0.2438
update_complete: 5; loss: -0.08564098924398422; cumulative_reward: -0.12999999999999806; invalid_count: 0; positive_reward_count: 1; success_count: 0; episode_count: 16; best_tax_advantage: 2.0; avg_entropy: 2.5045224241912365; random_exploration_count: 34; saved_snapshots: 0; random_action_prob: 0.2438
take_out_loan -0.020731707317073172 41
contribute_asset -0.0084375 16
distribute_cash 0.03728571428571429 35
contribute_cash -0.0125 36
update_start: 6; random_action_prob: 0.2426
update_complete: 6; loss: 1.4972496032714844; cumulative_reward: 28.400000000000006; invalid_count: 0; positive_reward_count: 3; success_count: 1; episode_count: 16; best_tax_advantage: 18.0; avg_entropy: 2.3912150422111154; random_exploration_count: 27; saved_snapshots: 0; random_action_prob: 0.2426
take_out_loan -0.01517857142857143 28
contribute_asset -0.0036666666666666666 15
distribute_cash 0.6995238095238095 42
contribute_cash -0.011627906976744186 43
update_start: 7; random_action_prob: 0.2414
update_complete: 7; loss: 2.002830386161804; cumulative_reward: 27.824999999999996; invalid_count: 0; positive_reward_count: 3; success_count: 1; episode_count: 16; best_tax_advantage: 20.0; avg_entropy: 2.449574625585228; random_exploration_count: 44; saved_snapshots: 0; random_action_prob: 0.2414
take_out_loan -0.023863636363636365 44
contribute_asset -0.0034375 16
distribute_cash 1.1238571428571429 35
contribute_cash -0.31530303030303036 33
update_start: 8; random_action_prob: 0.2402
update_complete: 8; loss: -0.10124025742212932; cumulative_reward: -0.06499999999999868; invalid_count: 0; positive_reward_count: 1; success_count: 0; episode_count: 16; best_tax_advantage: 2.0; avg_entropy: 2.5659219240769744; random_exploration_count: 30; saved_snapshots: 0; random_action_prob: 0.2402
take_out_loan 0.026363636363636363 44
contribute_asset -0.01 15
distribute_cash -0.018243243243243244 37
contribute_cash -0.0125 32
update_start: 9; random_action_prob: 0.2390
update_complete: 9; loss: 1.145743767420451; cumulative_reward: 16.120000000000008; invalid_count: 0; positive_reward_count: 2; success_count: 1; episode_count: 16; best_tax_advantage: 18.0; avg_entropy: 2.4352599252015352; random_exploration_count: 29; saved_snapshots: 0; random_action_prob: 0.2390
take_out_loan -0.02012820512820513 39
contribute_asset -0.003 15
distribute_cash 0.85921875 32
contribute_cash -0.25107142857142856 42
update_start: 10; random_action_prob: 0.2378
update_complete: 10; loss: 0.6347731749216715; cumulative_reward: 16.055000000000007; invalid_count: 0; positive_reward_count: 5; success_count: 0; episode_count: 16; best_tax_advantage: 10.0; avg_entropy: 2.5407741591334343; random_exploration_count: 23; saved_snapshots: 0; random_action_prob: 0.2378
take_out_loan 0.037500000000000006 36
contribute_asset -0.003 15
distribute_cash 0.42975 40
contribute_cash -0.06594594594594594 37
update_start: 11; random_action_prob: 0.2366
update_complete: 11; loss: -0.0805012658238411; cumulative_reward: 0.10999999999999979; invalid_count: 0; positive_reward_count: 1; success_count: 0; episode_count: 16; best_tax_advantage: 2.0; avg_entropy: 2.4379887748509645; random_exploration_count: 41; saved_snapshots: 0; random_action_prob: 0.2366
take_out_loan -0.018472222222222223 36
contribute_asset -0.004285714285714286 14
distribute_cash 0.027613636363636365 44
contribute_cash -0.011176470588235295 34
update_start: 12; random_action_prob: 0.2354
update_complete: 12; loss: 1.0859384536743164; cumulative_reward: 18.66000000000001; invalid_count: 0; positive_reward_count: 3; success_count: 1; episode_count: 16; best_tax_advantage: 18.0; avg_entropy: 2.4219741364941; random_exploration_count: 32; saved_snapshots: 0; random_action_prob: 0.2354
take_out_loan -0.017763157894736842 38
contribute_asset -0.0005882352941176471 17
distribute_cash 0.8218055555555556 36
contribute_cash -0.27675675675675676 37
update_start: 13; random_action_prob: 0.2342
update_complete: 13; loss: 0.027601706484953564; cumulative_reward: 3.7300000000000013; invalid_count: 0; positive_reward_count: 1; success_count: 0; episode_count: 16; best_tax_advantage: 8.0; avg_entropy: 2.4870950868353248; random_exploration_count: 30; saved_snapshots: 0; random_action_prob: 0.2342
take_out_loan -0.021395348837209303 43
contribute_asset -0.006875 16
distribute_cash 0.14027027027027025 37
contribute_cash -0.0134375 32
update_start: 14; random_action_prob: 0.2331
update_complete: 14; loss: 2.430283228556315; cumulative_reward: 43.875; invalid_count: 0; positive_reward_count: 3; success_count: 2; episode_count: 16; best_tax_advantage: 20.0; avg_entropy: 2.5597509248182178; random_exploration_count: 23; saved_snapshots: 0; random_action_prob: 0.2331
take_out_loan -0.020106382978723407 47
contribute_asset -0.0037500000000000003 16
distribute_cash 0.599047619047619 42
contribute_cash 0.8573913043478261 23
update_start: 15; random_action_prob: 0.2319
update_complete: 15; loss: -0.019496301809946697; cumulative_reward: -2.0049999999999994; invalid_count: 0; positive_reward_count: 2; success_count: 0; episode_count: 16; best_tax_advantage: 10.0; avg_entropy: 2.4967723935842514; random_exploration_count: 39; saved_snapshots: 0; random_action_prob: 0.2319
take_out_loan -0.018780487804878048 41
contribute_asset -0.004285714285714286 14
distribute_cash 0.31666666666666665 36
contribute_cash -0.3398648648648649 37
update_start: 16; random_action_prob: 0.2307
update_complete: 16; loss: 3.7295215924580893; cumulative_reward: 57.894999999999996; invalid_count: 0; positive_reward_count: 4; success_count: 2; episode_count: 16; best_tax_advantage: 20.0; avg_entropy: 2.5023363828659058; random_exploration_count: 32; saved_snapshots: 0; random_action_prob: 0.2307
take_out_loan -0.01925 40
contribute_asset -0.004411764705882353 17
distribute_cash 0.45428571428571424 42
contribute_cash 1.3675862068965516 29
update_start: 17; random_action_prob: 0.2296
update_complete: 17; loss: -0.09977771838506062; cumulative_reward: -1.9499999999999986; invalid_count: 0; positive_reward_count: 0; success_count: 0; episode_count: 16; best_tax_advantage: 0.0; avg_entropy: 2.437104234471917; random_exploration_count: 25; saved_snapshots: 0; random_action_prob: 0.2296
take_out_loan -0.020789473684210528 38
contribute_asset -0.0026666666666666666 15
distribute_cash -0.021444444444444443 45
contribute_cash -0.005166666666666667 30
update_start: 18; random_action_prob: 0.2284
update_complete: 18; loss: 1.575178861618042; cumulative_reward: 28.08999999999999; invalid_count: 0; positive_reward_count: 2; success_count: 1; episode_count: 16; best_tax_advantage: 20.0; avg_entropy: 2.468997864983976; random_exploration_count: 31; saved_snapshots: 0; random_action_prob: 0.2284
take_out_loan -0.021413043478260868 46
contribute_asset -0.003125 16
distribute_cash 0.8663235294117646 34
contribute_cash -0.0103125 32
update_start: 19; random_action_prob: 0.2273
update_complete: 19; loss: 1.173975984255473; cumulative_reward: 18.025000000000006; invalid_count: 0; positive_reward_count: 4; success_count: 1; episode_count: 16; best_tax_advantage: 18.0; avg_entropy: 2.5002891970798373; random_exploration_count: 32; saved_snapshots: 0; random_action_prob: 0.2273
take_out_loan 0.32024390243902434 41
contribute_asset 0.115625 16
distribute_cash 0.07595238095238097 42
contribute_cash -0.004999999999999999 29
update_start: 20; random_action_prob: 0.2262
update_complete: 20; loss: 0.11194271594285965; cumulative_reward: -1.9200000000000008; invalid_count: 0; positive_reward_count: 1; success_count: 0; episode_count: 16; best_tax_advantage: 10.0; avg_entropy: 2.441595953889191; random_exploration_count: 23; saved_snapshots: 0; random_action_prob: 0.2262
take_out_loan -0.01810810810810811 37
contribute_asset -0.004 15
distribute_cash 0.23653846153846153 39
contribute_cash -0.2814864864864865 37
update_start: 21; random_action_prob: 0.2250
update_complete: 21; loss: 3.0148438612620034; cumulative_reward: 49.99499999999999; invalid_count: 0; positive_reward_count: 5; success_count: 2; episode_count: 16; best_tax_advantage: 20.0; avg_entropy: 2.4611559975892305; random_exploration_count: 23; saved_snapshots: 0; random_action_prob: 0.2250
take_out_loan -0.02280487804878049 41
contribute_asset 0.745 16
distribute_cash 0.43943181818181815 44
contribute_cash 0.7287037037037037 27
update_start: 22; random_action_prob: 0.2239
update_complete: 22; loss: 0.29462461670239765; cumulative_reward: 10.064999999999996; invalid_count: 0; positive_reward_count: 2; success_count: 0; episode_count: 16; best_tax_advantage: 10.0; avg_entropy: 2.418727277778089; random_exploration_count: 29; saved_snapshots: 0; random_action_prob: 0.2239
take_out_loan -0.01810810810810811 37
contribute_asset -0.0040625 16
distribute_cash -0.018513513513513515 37
contribute_cash 0.3022368421052632 38
update_start: 23; random_action_prob: 0.2228
update_complete: 23; loss: -0.04978606104850769; cumulative_reward: -2.0849999999999986; invalid_count: 0; positive_reward_count: 1; success_count: 0; episode_count: 16; best_tax_advantage: 2.0; avg_entropy: 2.413906844332814; random_exploration_count: 23; saved_snapshots: 0; random_action_prob: 0.2228
take_out_loan -0.020384615384615386 39
contribute_asset -0.005 16
distribute_cash -0.018421052631578942 38
contribute_cash -0.014571428571428572 35
update_start: 24; random_action_prob: 0.2217
update_complete: 24; loss: 2.5963175296783447; cumulative_reward: 37.945; invalid_count: 0; positive_reward_count: 3; success_count: 2; episode_count: 16; best_tax_advantage: 20.0; avg_entropy: 2.4645809531211853; random_exploration_count: 24; saved_snapshots: 0; random_action_prob: 0.2217
take_out_loan -0.018375 40
contribute_asset 0.127 15
distribute_cash 0.7561224489795919 49
contribute_cash -0.011458333333333334 24
update_start: 25; random_action_prob: 0.2206
update_complete: 25; loss: 0.33732369542121887; cumulative_reward: 12.299999999999994; invalid_count: 0; positive_reward_count: 5; success_count: 0; episode_count: 16; best_tax_advantage: 10.0; avg_entropy: 2.558773801662028; random_exploration_count: 27; saved_snapshots: 0; random_action_prob: 0.2206
take_out_loan -0.019210526315789473 38
contribute_asset 0.12966666666666668 15
distribute_cash 0.3029545454545455 44
contribute_cash -0.07241935483870966 31
update_start: 26; random_action_prob: 0.2195
update_complete: 26; loss: 1.0263636112213135; cumulative_reward: 25.42500000000001; invalid_count: 0; positive_reward_count: 5; success_count: 0; episode_count: 16; best_tax_advantage: 16.0; avg_entropy: 2.5646917708218098; random_exploration_count: 21; saved_snapshots: 0; random_action_prob: 0.2195
take_out_loan -0.022400000000000003 50
contribute_asset 0.37062500000000004 16
distribute_cash 0.5519736842105264 38
contribute_cash -0.015 24
update_start: 27; random_action_prob: 0.2184
update_complete: 27; loss: 0.4384834071000417; cumulative_reward: 11.724999999999998; invalid_count: 0; positive_reward_count: 3; success_count: 0; episode_count: 16; best_tax_advantage: 12.0; avg_entropy: 2.47786723729223; random_exploration_count: 30; saved_snapshots: 0; random_action_prob: 0.2184
take_out_loan 0.16650943396226417 53
contribute_asset -0.0034375 16
distribute_cash 0.09764705882352942 34
contribute_cash -0.0146 25
update_start: 28; random_action_prob: 0.2173
update_complete: 28; loss: 2.2869593302408853; cumulative_reward: 33.61999999999998; invalid_count: 0; positive_reward_count: 3; success_count: 1; episode_count: 16; best_tax_advantage: 20.0; avg_entropy: 2.4623460732400417; random_exploration_count: 23; saved_snapshots: 0; random_action_prob: 0.2173
take_out_loan -0.022755102040816325 49
contribute_asset -0.005 16
distribute_cash 1.2056451612903225 31
contribute_cash -0.08 32
update_start: 29; random_action_prob: 0.2162
update_complete: 29; loss: 5.3076701164245605; cumulative_reward: 93.89499999999995; invalid_count: 0; positive_reward_count: 6; success_count: 4; episode_count: 17; best_tax_advantage: 20.0; avg_entropy: 2.559897850267589; random_exploration_count: 23; saved_snapshots: 0; random_action_prob: 0.2162
take_out_loan -0.016190476190476193 42
contribute_asset 1.1052777777777778 18
distribute_cash 1.671025641025641 39
contribute_cash 0.3279310344827586 29
update_start: 30; random_action_prob: 0.2151
update_complete: 30; loss: 0.8963950077692667; cumulative_reward: 20.05499999999999; invalid_count: 0; positive_reward_count: 4; success_count: 0; episode_count: 16; best_tax_advantage: 12.0; avg_entropy: 2.488966640084982; random_exploration_count: 18; saved_snapshots: 0; random_action_prob: 0.2151
take_out_loan -0.020263157894736844 38
contribute_asset -0.001 15
distribute_cash 0.5462820512820513 39
contribute_cash -0.01291666666666669 36
update_start: 31; random_action_prob: 0.2140
update_complete: 31; loss: 2.233485698699951; cumulative_reward: 35.99; invalid_count: 0; positive_reward_count: 3; success_count: 2; episode_count: 16; best_tax_advantage: 18.0; avg_entropy: 2.482751580886543; random_exploration_count: 26; saved_snapshots: 0; random_action_prob: 0.2140
take_out_loan -0.023488372093023256 43
contribute_asset -0.004375 16
distribute_cash 1.0677142857142858 35
contribute_cash -0.008823529411764706 34
update_start: 32; random_action_prob: 0.2130
update_complete: 32; loss: 1.498868505160014; cumulative_reward: 27.759999999999987; invalid_count: 0; positive_reward_count: 3; success_count: 1; episode_count: 16; best_tax_advantage: 18.0; avg_entropy: 2.4620403070002794; random_exploration_count: 32; saved_snapshots: 0; random_action_prob: 0.2130
take_out_loan -0.018372093023255816 43
contribute_asset -0.005 16
distribute_cash 0.9183823529411765 34
contribute_cash -0.07414285714285714 35
update_start: 33; random_action_prob: 0.2119
update_complete: 33; loss: 3.7595396836598716; cumulative_reward: 71.55499999999998; invalid_count: 0; positive_reward_count: 6; success_count: 3; episode_count: 16; best_tax_advantage: 20.0; avg_entropy: 2.517949721775949; random_exploration_count: 28; saved_snapshots: 0; random_action_prob: 0.2119
take_out_loan 0.14614583333333334 48
contribute_asset -0.005 16
distribute_cash 1.7803225806451612 31
contribute_cash 0.28575757575757577 33
update_start: 34; random_action_prob: 0.2108
update_complete: 34; loss: 1.5194772084554036; cumulative_reward: 20.030000000000012; invalid_count: 0; positive_reward_count: 3; success_count: 1; episode_count: 16; best_tax_advantage: 20.0; avg_entropy: 2.47054175240919; random_exploration_count: 29; saved_snapshots: 0; random_action_prob: 0.2108
take_out_loan -0.0195 40
contribute_asset -0.0025 16
distribute_cash 0.09271428571428572 35
contribute_cash 0.47581081081081084 37
update_start: 35; random_action_prob: 0.2098
update_complete: 35; loss: 3.2057628631591797; cumulative_reward: 58.269999999999996; invalid_count: 0; positive_reward_count: 4; success_count: 3; episode_count: 16; best_tax_advantage: 20.0; avg_entropy: 2.5375339621677995; random_exploration_count: 30; saved_snapshots: 0; random_action_prob: 0.2098
take_out_loan -0.018452380952380953 42
contribute_asset -0.003823529411764706 17
distribute_cash 1.5226923076923076 39
contribute_cash -0.009166666666666667 30
update_start: 36; random_action_prob: 0.2087
update_complete: 36; loss: 2.361067851384481; cumulative_reward: 44.42; invalid_count: 0; positive_reward_count: 3; success_count: 2; episode_count: 16; best_tax_advantage: 18.0; avg_entropy: 2.4333853479474783; random_exploration_count: 29; saved_snapshots: 0; random_action_prob: 0.2087
take_out_loan -0.017361111111111112 36
contribute_asset -0.0014705882352941176 17
distribute_cash 0.8634146341463415 41
contribute_cash 0.28441176470588236 34
update_start: 37; random_action_prob: 0.2077
update_complete: 37; loss: 1.5648172696431477; cumulative_reward: 21.84; invalid_count: 0; positive_reward_count: 4; success_count: 1; episode_count: 16; best_tax_advantage: 20.0; avg_entropy: 2.5163476560264826; random_exploration_count: 31; saved_snapshots: 0; random_action_prob: 0.2077
take_out_loan 0.20199999999999999 45
contribute_asset -0.0028125 16
distribute_cash 0.5295 40
contribute_cash -0.31055555555555553 27
update_start: 38; random_action_prob: 0.2066
update_complete: 38; loss: 1.3726307551066081; cumulative_reward: 18.089999999999996; invalid_count: 0; positive_reward_count: 1; success_count: 1; episode_count: 16; best_tax_advantage: 20.0; avg_entropy: 2.469461211003363; random_exploration_count: 23; saved_snapshots: 0; random_action_prob: 0.2066
take_out_loan -0.019651162790697674 43
contribute_asset -0.005625 16
distribute_cash 0.4952564102564102 39
contribute_cash -0.009666666666666665 30
update_start: 39; random_action_prob: 0.2056
update_complete: 39; loss: 1.6634471813837688; cumulative_reward: 32.01499999999998; invalid_count: 0; positive_reward_count: 4; success_count: 1; episode_count: 16; best_tax_advantage: 20.0; avg_entropy: 2.4277928369119763; random_exploration_count: 21; saved_snapshots: 0; random_action_prob: 0.2056
take_out_loan -0.02 36
contribute_asset -0.007500000000000001 16
distribute_cash 0.7563636363636363 44
contribute_cash -0.01328125 32
update_start: 40; random_action_prob: 0.2046
update_complete: 40; loss: 0.14595457911491394; cumulative_reward: -1.7499999999999996; invalid_count: 0; positive_reward_count: 0; success_count: 0; episode_count: 16; best_tax_advantage: 0.0; avg_entropy: 2.4217391861602664; random_exploration_count: 23; saved_snapshots: 0; random_action_prob: 0.2046
take_out_loan -0.020945945945945947 37
contribute_asset -0.004375 16
distribute_cash -0.01378048780487805 41
contribute_cash -0.01 34
update_start: 41; random_action_prob: 0.2036
update_complete: 41; loss: 2.301679770151774; cumulative_reward: 40.080000000000005; invalid_count: 0; positive_reward_count: 5; success_count: 2; episode_count: 16; best_tax_advantage: 20.0; avg_entropy: 2.3847022876143456; random_exploration_count: 27; saved_snapshots: 0; random_action_prob: 0.2036
take_out_loan -0.018513513513513515 37
contribute_asset -0.0046875 16
distribute_cash 1.081625 40
contribute_cash -0.0692857142857143 35
update_start: 42; random_action_prob: 0.2025
update_complete: 42; loss: 2.9745296637217202; cumulative_reward: 54.014999999999986; invalid_count: 0; positive_reward_count: 4; success_count: 2; episode_count: 16; best_tax_advantage: 20.0; avg_entropy: 2.5212750360369682; random_exploration_count: 33; saved_snapshots: 0; random_action_prob: 0.2025
take_out_loan -0.02182926829268293 41
contribute_asset 1.0502941176470588 17
distribute_cash 0.9574358974358975 39
contribute_cash -0.009193548387096776 31
update_start: 43; random_action_prob: 0.2015
update_complete: 43; loss: 2.2867520650227866; cumulative_reward: 36.11500000000001; invalid_count: 0; positive_reward_count: 2; success_count: 2; episode_count: 16; best_tax_advantage: 20.0; avg_entropy: 2.471098991576582; random_exploration_count: 28; saved_snapshots: 0; random_action_prob: 0.2015
take_out_loan -0.019204545454545453 44
contribute_asset -0.0071875 16
distribute_cash -0.013888888888888888 36
contribute_cash 1.17421875 32
update_start: 44; random_action_prob: 0.2005
update_complete: 44; loss: 0.28396377960840863; cumulative_reward: 7.6850000000000005; invalid_count: 0; positive_reward_count: 3; success_count: 0; episode_count: 16; best_tax_advantage: 12.0; avg_entropy: 2.5458519030362368; random_exploration_count: 25; saved_snapshots: 0; random_action_prob: 0.2005
take_out_loan -0.022127659574468085 47
contribute_asset -0.0034375 16
distribute_cash -0.08109374999999999 32
contribute_cash 0.3446969696969697 33
update_start: 45; random_action_prob: 0.1995
update_complete: 45; loss: 1.6447066466013591; cumulative_reward: 34.04000000000002; invalid_count: 0; positive_reward_count: 3; success_count: 1; episode_count: 16; best_tax_advantage: 20.0; avg_entropy: 2.4510100036859512; random_exploration_count: 22; saved_snapshots: 0; random_action_prob: 0.1995
take_out_loan -0.02090909090909091 44
contribute_asset 0.0 16
distribute_cash 0.37097560975609756 41
contribute_cash 0.7314814814814815 27
update_start: 46; random_action_prob: 0.1985
update_complete: 46; loss: 0.6812863945960999; cumulative_reward: 19.990000000000013; invalid_count: 0; positive_reward_count: 3; success_count: 0; episode_count: 16; best_tax_advantage: 10.0; avg_entropy: 2.5292602200061083; random_exploration_count: 30; saved_snapshots: 0; random_action_prob: 0.1985
take_out_loan -0.018255813953488374 43
contribute_asset -0.0013333333333333333 15
distribute_cash 0.2986842105263158 38
contribute_cash 0.29515625 32
update_start: 47; random_action_prob: 0.1975
update_complete: 47; loss: 4.046010494232178; cumulative_reward: 65.39999999999999; invalid_count: 0; positive_reward_count: 4; success_count: 3; episode_count: 16; best_tax_advantage: 20.0; avg_entropy: 2.578403958119452; random_exploration_count: 25; saved_snapshots: 0; random_action_prob: 0.1975
take_out_loan -0.022653061224489797 49
contribute_asset 1.322 15
distribute_cash 0.2768181818181818 33
contribute_cash 1.2111290322580646 31
update_start: 48; random_action_prob: 0.1965
update_complete: 48; loss: 1.7269576787948608; cumulative_reward: 25.805000000000007; invalid_count: 0; positive_reward_count: 4; success_count: 1; episode_count: 16; best_tax_advantage: 18.0; avg_entropy: 2.4731080662459135; random_exploration_count: 27; saved_snapshots: 0; random_action_prob: 0.1965
take_out_loan 0.3597619047619047 42
contribute_asset -0.0033333333333333335 15
distribute_cash 0.24302631578947367 38
contribute_cash 0.04575757575757576 33
update_start: 49; random_action_prob: 0.1956
update_complete: 49; loss: 0.13731900850931802; cumulative_reward: 1.5650000000000006; invalid_count: 0; positive_reward_count: 2; success_count: 0; episode_count: 16; best_tax_advantage: 2.0; avg_entropy: 2.4838759237900376; random_exploration_count: 30; saved_snapshots: 0; random_action_prob: 0.1956
take_out_loan -0.01872093023255814 43
contribute_asset -0.0059375 16
distribute_cash 0.0767948717948718 39
contribute_cash -0.017666666666666667 30
update_start: 50; random_action_prob: 0.1946
update_complete: 50; loss: 2.3283208211263022; cumulative_reward: 35.745; invalid_count: 0; positive_reward_count: 2; success_count: 2; episode_count: 16; best_tax_advantage: 20.0; avg_entropy: 2.557956458069384; random_exploration_count: 25; saved_snapshots: 0; random_action_prob: 0.1946
take_out_loan -0.020348837209302327 43
contribute_asset -0.005 15
distribute_cash 0.46378048780487807 41
contribute_cash 0.6096551724137931 29
update_start: 51; random_action_prob: 0.1936
update_complete: 51; loss: 2.7404367129007974; cumulative_reward: 55.664999999999964; invalid_count: 0; positive_reward_count: 7; success_count: 1; episode_count: 16; best_tax_advantage: 20.0; avg_entropy: 2.5198557106778026; random_exploration_count: 27; saved_snapshots: 0; random_action_prob: 0.1936
take_out_loan 0.27125 48
contribute_asset -0.005666666666666667 15
distribute_cash 1.2292857142857143 35
contribute_cash -0.009833333333333333 30
update_start: 52; random_action_prob: 0.1926
update_complete: 52; loss: 1.5972100098927815; cumulative_reward: 39.499999999999986; invalid_count: 0; positive_reward_count: 5; success_count: 1; episode_count: 16; best_tax_advantage: 18.0; avg_entropy: 2.578865815885365; random_exploration_count: 25; saved_snapshots: 0; random_action_prob: 0.1926
take_out_loan -0.02068627450980392 51
contribute_asset 0.8464285714285714 14
distribute_cash 0.91078125 32
contribute_cash -0.014193548387096775 31
update_start: 53; random_action_prob: 0.1917
update_complete: 53; loss: 0.23486731946468353; cumulative_reward: 1.7900000000000031; invalid_count: 0; positive_reward_count: 3; success_count: 0; episode_count: 16; best_tax_advantage: 10.0; avg_entropy: 2.48930611461401; random_exploration_count: 25; saved_snapshots: 0; random_action_prob: 0.1917
take_out_loan -0.021875000000000002 48
contribute_asset -0.0006666666666666666 15
distribute_cash 0.04516129032258065 31
contribute_cash 0.04264705882352941 34
update_start: 54; random_action_prob: 0.1907
update_complete: 54; loss: 1.0319152275721233; cumulative_reward: 17.755; invalid_count: 0; positive_reward_count: 3; success_count: 0; episode_count: 16; best_tax_advantage: 16.0; avg_entropy: 2.560439430642873; random_exploration_count: 21; saved_snapshots: 0; random_action_prob: 0.1907
take_out_loan -0.021 45
contribute_asset -0.0103125 16
distribute_cash 0.6008620689655173 29
contribute_cash 0.037894736842105266 38
update_start: 55; random_action_prob: 0.1898
update_complete: 55; loss: 4.095690886179606; cumulative_reward: 65.76000000000002; invalid_count: 0; positive_reward_count: 4; success_count: 3; episode_count: 16; best_tax_advantage: 20.0; avg_entropy: 2.470547371543944; random_exploration_count: 20; saved_snapshots: 0; random_action_prob: 0.1898
take_out_loan -0.022596153846153846 52
contribute_asset -0.002333333333333333 15
distribute_cash 1.6975 28
contribute_cash 0.5890909090909091 33
update_start: 56; random_action_prob: 0.1888
update_complete: 56; loss: 5.13107426961263; cumulative_reward: 95.955; invalid_count: 0; positive_reward_count: 7; success_count: 5; episode_count: 17; best_tax_advantage: 20.0; avg_entropy: 2.498619213234633; random_exploration_count: 26; saved_snapshots: 0; random_action_prob: 0.1888
take_out_loan -0.018522727272727274 44
contribute_asset 1.1697058823529412 17
distribute_cash 2.273676470588235 34
contribute_cash -0.012727272727272726 33
update_start: 57; random_action_prob: 0.1879
update_complete: 57; loss: 5.472709973653157; cumulative_reward: 109.78; invalid_count: 0; positive_reward_count: 9; success_count: 5; episode_count: 17; best_tax_advantage: 20.0; avg_entropy: 2.488292124122381; random_exploration_count: 27; saved_snapshots: 0; random_action_prob: 0.1879
take_out_loan 0.3406 50
contribute_asset -0.005294117647058823 17
distribute_cash 2.0425 30
contribute_cash 1.018225806451613 31
update_start: 58; random_action_prob: 0.1869
update_complete: 58; loss: 1.8125259478886921; cumulative_reward: 35.74500000000001; invalid_count: 0; positive_reward_count: 5; success_count: 1; episode_count: 16; best_tax_advantage: 18.0; avg_entropy: 2.3916072053834796; random_exploration_count: 30; saved_snapshots: 0; random_action_prob: 0.1869
take_out_loan 0.18677083333333333 48
contribute_asset -0.0025 16
distribute_cash 1.0113793103448274 29
contribute_cash -0.0717142857142857 35
update_start: 59; random_action_prob: 0.1860
update_complete: 59; loss: 1.4618912140528362; cumulative_reward: 28.005; invalid_count: 0; positive_reward_count: 4; success_count: 1; episode_count: 16; best_tax_advantage: 18.0; avg_entropy: 2.46643620217219; random_exploration_count: 32; saved_snapshots: 0; random_action_prob: 0.1860
take_out_loan -0.019767441860465116 43
contribute_asset -0.00125 16
distribute_cash 1.0674285714285714 35
contribute_cash -0.2495588235294118 34
update_start: 60; random_action_prob: 0.1851
update_complete: 60; loss: 1.1629148721694946; cumulative_reward: 22.220000000000006; invalid_count: 0; positive_reward_count: 3; success_count: 1; episode_count: 16; best_tax_advantage: 20.0; avg_entropy: 2.469237550161779; random_exploration_count: 30; saved_snapshots: 0; random_action_prob: 0.1851
take_out_loan -0.016375 40
contribute_asset 0.11294117647058824 17
distribute_cash 0.4701351351351351 37
contribute_cash 0.10470588235294118 34
update_start: 61; random_action_prob: 0.1841
update_complete: 61; loss: 3.7179983456929526; cumulative_reward: 65.89500000000001; invalid_count: 0; positive_reward_count: 5; success_count: 2; episode_count: 16; best_tax_advantage: 20.0; avg_entropy: 2.500764545518905; random_exploration_count: 21; saved_snapshots: 0; random_action_prob: 0.1841
take_out_loan -0.02063829787234043 47
contribute_asset -0.0009375 16
distribute_cash 1.1307575757575756 33
contribute_cash 0.92390625 32
update_start: 62; random_action_prob: 0.1832
update_complete: 62; loss: 1.917803208033244; cumulative_reward: 34.33999999999998; invalid_count: 0; positive_reward_count: 3; success_count: 2; episode_count: 16; best_tax_advantage: 18.0; avg_entropy: 2.4249176923185587; random_exploration_count: 26; saved_snapshots: 0; random_action_prob: 0.1832
take_out_loan -0.018 40
contribute_asset 1.0538235294117648 17
distribute_cash 0.8095588235294118 34
contribute_cash -0.2805405405405405 37
update_start: 63; random_action_prob: 0.1823
update_complete: 63; loss: 0.2448807954788208; cumulative_reward: -0.004999999999999897; invalid_count: 0; positive_reward_count: 2; success_count: 0; episode_count: 16; best_tax_advantage: 2.0; avg_entropy: 2.40060041192919; random_exploration_count: 20; saved_snapshots: 0; random_action_prob: 0.1823
take_out_loan 0.02106382978723404 47
contribute_asset 0.0 16
distribute_cash 0.03685714285714286 35
contribute_cash -0.07616666666666667 30
update_start: 64; random_action_prob: 0.1814
update_complete: 64; loss: 1.9778483708699544; cumulative_reward: 35.91999999999997; invalid_count: 0; positive_reward_count: 2; success_count: 2; episode_count: 16; best_tax_advantage: 20.0; avg_entropy: 2.4002752881497145; random_exploration_count: 21; saved_snapshots: 0; random_action_prob: 0.1814
take_out_loan -0.019204545454545453 44
contribute_asset -0.004705882352941177 17
distribute_cash 1.0672857142857142 35
contribute_cash -0.0159375 32
update_start: 65; random_action_prob: 0.1805
update_complete: 65; loss: 0.4229880968729655; cumulative_reward: 8.204999999999997; invalid_count: 0; positive_reward_count: 4; success_count: 0; episode_count: 16; best_tax_advantage: 10.0; avg_entropy: 2.410933766514063; random_exploration_count: 18; saved_snapshots: 0; random_action_prob: 0.1805
take_out_loan -0.018902439024390243 41
contribute_asset -0.0036666666666666666 15
distribute_cash 0.48546875 32
contribute_cash -0.1625 40
update_start: 66; random_action_prob: 0.1796
update_complete: 66; loss: 3.2574503421783447; cumulative_reward: 64.44999999999999; invalid_count: 0; positive_reward_count: 8; success_count: 3; episode_count: 16; best_tax_advantage: 20.0; avg_entropy: 2.368554061278701; random_exploration_count: 33; saved_snapshots: 0; random_action_prob: 0.1796
take_out_loan 0.46756756756756757 37
contribute_asset -0.005 17
distribute_cash 1.4588235294117649 34
contribute_cash -0.059125000000000004 40
update_start: 67; random_action_prob: 0.1787
update_complete: 67; loss: 7.253714561462402; cumulative_reward: 115.82000000000001; invalid_count: 0; positive_reward_count: 9; success_count: 6; episode_count: 16; best_tax_advantage: 20.0; avg_entropy: 2.3586639119312167; random_exploration_count: 31; saved_snapshots: 0; random_action_prob: 0.1787
take_out_loan -0.019270833333333334 48
contribute_asset 0.0 16
distribute_cash 3.6648437499999997 32
contribute_cash -0.0165625 32
update_start: 68; random_action_prob: 0.1778
update_complete: 68; loss: 2.8434309164683023; cumulative_reward: 39.56499999999999; invalid_count: 0; positive_reward_count: 5; success_count: 2; episode_count: 16; best_tax_advantage: 20.0; avg_entropy: 2.4034808529540896; random_exploration_count: 21; saved_snapshots: 0; random_action_prob: 0.1778
take_out_loan -0.022346938775510205 49
contribute_asset -0.005625 16
distribute_cash 1.4615714285714285 35
contribute_cash -0.37160714285714286 28
update_start: 69; random_action_prob: 0.1769
update_complete: 69; loss: 3.4279720783233643; cumulative_reward: 79.83499999999998; invalid_count: 0; positive_reward_count: 8; success_count: 3; episode_count: 17; best_tax_advantage: 20.0; avg_entropy: 2.465573061257601; random_exploration_count: 21; saved_snapshots: 0; random_action_prob: 0.1769
take_out_loan -0.020454545454545454 44
contribute_asset 1.1732352941176472 17
distribute_cash 1.4535714285714287 42
contribute_cash -0.0104 25
update_start: 70; random_action_prob: 0.1760
update_complete: 70; loss: 4.8490668932596845; cumulative_reward: 82.07000000000001; invalid_count: 0; positive_reward_count: 8; success_count: 3; episode_count: 16; best_tax_advantage: 20.0; avg_entropy: 2.321470900438726; random_exploration_count: 16; saved_snapshots: 0; random_action_prob: 0.1760
take_out_loan -0.016463414634146342 41
contribute_asset -0.0037500000000000003 16
distribute_cash 1.479375 40
contribute_cash 0.7622580645161291 31
update_start: 71; random_action_prob: 0.1751
update_complete: 71; loss: 5.251761436462402; cumulative_reward: 94.02999999999999; invalid_count: 0; positive_reward_count: 6; success_count: 5; episode_count: 17; best_tax_advantage: 20.0; avg_entropy: 2.408034812193364; random_exploration_count: 19; saved_snapshots: 0; random_action_prob: 0.1751
take_out_loan -0.018555555555555554 45
contribute_asset -0.0021875 16
distribute_cash 1.296842105263158 38
contribute_cash 1.573103448275862 29
update_start: 72; random_action_prob: 0.1743
update_complete: 72; loss: 1.4870861768722534; cumulative_reward: 28.09999999999999; invalid_count: 0; positive_reward_count: 4; success_count: 1; episode_count: 16; best_tax_advantage: 18.0; avg_entropy: 2.3343631140887737; random_exploration_count: 16; saved_snapshots: 0; random_action_prob: 0.1743
take_out_loan 0.37866666666666665 45
contribute_asset -0.002058823529411765 17
distribute_cash 0.34294871794871795 39
contribute_cash -0.08444444444444443 27
update_start: 73; random_action_prob: 0.1734
update_complete: 73; loss: 5.690085252126058; cumulative_reward: 109.99999999999994; invalid_count: 0; positive_reward_count: 8; success_count: 5; episode_count: 16; best_tax_advantage: 20.0; avg_entropy: 2.2694497820921242; random_exploration_count: 18; saved_snapshots: 0; random_action_prob: 0.1734
take_out_loan -0.01872340425531915 47
contribute_asset -0.0023529411764705885 17
distribute_cash 2.036428571428571 35
contribute_cash 1.3670689655172414 29
update_start: 74; random_action_prob: 0.1725
update_complete: 74; loss: 6.120002905527751; cumulative_reward: 132.25999999999996; invalid_count: 0; positive_reward_count: 8; success_count: 7; episode_count: 18; best_tax_advantage: 20.0; avg_entropy: 2.2772854194045067; random_exploration_count: 30; saved_snapshots: 0; random_action_prob: 0.1725
take_out_loan 0.4335 40
contribute_asset -0.0008333333333333333 18
distribute_cash 3.101029411764706 34
contribute_cash 0.2638888888888889 36
update_start: 75; random_action_prob: 0.1717
update_complete: 75; loss: 3.491163492202759; cumulative_reward: 53.94; invalid_count: 0; positive_reward_count: 5; success_count: 3; episode_count: 16; best_tax_advantage: 20.0; avg_entropy: 2.220005326438695; random_exploration_count: 23; saved_snapshots: 0; random_action_prob: 0.1717
take_out_loan -0.019375 48
contribute_asset -0.004705882352941177 17
distribute_cash 1.72953125 32
contribute_cash -0.012741935483870969 31
update_start: 76; random_action_prob: 0.1708
update_complete: 76; loss: 5.637942949930827; cumulative_reward: 131.88999999999996; invalid_count: 0; positive_reward_count: 8; success_count: 7; episode_count: 18; best_tax_advantage: 20.0; avg_entropy: 2.242147115059197; random_exploration_count: 20; saved_snapshots: 0; random_action_prob: 0.1708
take_out_loan -0.0187 50
contribute_asset -0.0019444444444444446 18
distribute_cash 3.8605882352941174 34
contribute_cash 0.06153846153846154 26
update_start: 77; random_action_prob: 0.1699
update_complete: 77; loss: 3.0673081080118814; cumulative_reward: 67.865; invalid_count: 0; positive_reward_count: 7; success_count: 2; episode_count: 16; best_tax_advantage: 20.0; avg_entropy: 2.3044301527552307; random_exploration_count: 22; saved_snapshots: 0; random_action_prob: 0.1699
take_out_loan 0.7348888888888889 45
contribute_asset -0.0046875 16
distribute_cash 0.7891666666666668 42
contribute_cash 0.069 25
update_start: 78; random_action_prob: 0.1691
update_complete: 78; loss: 4.17894713083903; cumulative_reward: 84.00500000000002; invalid_count: 0; positive_reward_count: 7; success_count: 4; episode_count: 16; best_tax_advantage: 20.0; avg_entropy: 2.2116164974868298; random_exploration_count: 16; saved_snapshots: 0; random_action_prob: 0.1691
take_out_loan -0.01822222222222222 45
contribute_asset 1.1720588235294118 17
distribute_cash 1.2579166666666666 36
contribute_cash 0.6538333333333334 30
update_start: 79; random_action_prob: 0.1683
update_complete: 79; loss: 3.2151715755462646; cumulative_reward: 47.954999999999984; invalid_count: 0; positive_reward_count: 9; success_count: 2; episode_count: 16; best_tax_advantage: 20.0; avg_entropy: 2.2386093018576503; random_exploration_count: 19; saved_snapshots: 0; random_action_prob: 0.1683
take_out_loan -0.018902439024390243 41
contribute_asset 0.62 16
distribute_cash 0.9272368421052631 38
contribute_cash 0.10833333333333334 33
update_start: 80; random_action_prob: 0.1674
update_complete: 80; loss: 5.432296593983968; cumulative_reward: 112.30000000000001; invalid_count: 0; positive_reward_count: 9; success_count: 5; episode_count: 16; best_tax_advantage: 20.0; avg_entropy: 2.1268433877266943; random_exploration_count: 20; saved_snapshots: 0; random_action_prob: 0.1674
take_out_loan -0.015595238095238096 42
contribute_asset -0.0058823529411764705 17
distribute_cash 2.1534285714285715 35
contribute_cash 1.1083823529411765 34
update_start: 81; random_action_prob: 0.1666
update_complete: 81; loss: 5.865499496459961; cumulative_reward: 142.17999999999992; invalid_count: 0; positive_reward_count: 9; success_count: 7; episode_count: 17; best_tax_advantage: 20.0; avg_entropy: 2.1702046296559274; random_exploration_count: 23; saved_snapshots: 0; random_action_prob: 0.1666
take_out_loan 0.665609756097561 41
contribute_asset -0.011111111111111112 18
distribute_cash 3.498181818181818 33
contribute_cash -0.009722222222222222 36
update_start: 82; random_action_prob: 0.1657
update_complete: 82; loss: 4.671285311381022; cumulative_reward: 116.51999999999997; invalid_count: 0; positive_reward_count: 14; success_count: 5; episode_count: 17; best_tax_advantage: 20.0; avg_entropy: 2.0635027149692178; random_exploration_count: 22; saved_snapshots: 0; random_action_prob: 0.1657
take_out_loan 0.22226190476190477 42
contribute_asset -0.002777777777777778 18
distribute_cash 3.9851666666666667 30
contribute_cash -0.3242105263157895 38
update_start: 83; random_action_prob: 0.1649
update_complete: 83; loss: 6.407758712768555; cumulative_reward: 141.92000000000002; invalid_count: 0; positive_reward_count: 9; success_count: 7; episode_count: 17; best_tax_advantage: 20.0; avg_entropy: 2.2115156687796116; random_exploration_count: 24; saved_snapshots: 0; random_action_prob: 0.1649
take_out_loan -0.0176 50
contribute_asset -0.0046875 16
distribute_cash 4.377571428571429 35
contribute_cash -0.38296296296296295 27
update_start: 84; random_action_prob: 0.1641
update_complete: 84; loss: 4.247543652852376; cumulative_reward: 76.00499999999998; invalid_count: 0; positive_reward_count: 5; success_count: 4; episode_count: 16; best_tax_advantage: 20.0; avg_entropy: 2.057006455026567; random_exploration_count: 25; saved_snapshots: 0; random_action_prob: 0.1641
take_out_loan -0.01875 48
contribute_asset -0.0058823529411764705 17
distribute_cash 3.126785714285714 28
contribute_cash -0.30128571428571427 35
update_start: 85; random_action_prob: 0.1633
update_complete: 85; loss: 7.842549165089925; cumulative_reward: 185.57000000000005; invalid_count: 0; positive_reward_count: 10; success_count: 9; episode_count: 18; best_tax_advantage: 20.0; avg_entropy: 1.9755003531463444; random_exploration_count: 21; saved_snapshots: 0; random_action_prob: 0.1633
take_out_loan -0.020471698113207547 53
contribute_asset -0.004705882352941177 17
distribute_cash 8.92904761904762 21
contribute_cash -0.020945945945945947 37
update_start: 86; random_action_prob: 0.1625
update_complete: 86; loss: 6.3743313153584795; cumulative_reward: 135.74999999999997; invalid_count: 0; positive_reward_count: 11; success_count: 7; episode_count: 17; best_tax_advantage: 20.0; avg_entropy: 1.9845345730427653; random_exploration_count: 17; saved_snapshots: 0; random_action_prob: 0.1625
take_out_loan -0.019907407407407405 54
contribute_asset 1.1022222222222222 18
distribute_cash 5.630434782608695 23
contribute_cash -0.3792424242424242 33
update_start: 87; random_action_prob: 0.1616
update_complete: 87; loss: 5.603535493214925; cumulative_reward: 121.32499999999996; invalid_count: 0; positive_reward_count: 8; success_count: 6; episode_count: 17; best_tax_advantage: 20.0; avg_entropy: 1.9289645452518016; random_exploration_count: 19; saved_snapshots: 0; random_action_prob: 0.1616
take_out_loan -0.022166666666666668 60
contribute_asset -0.005277777777777778 18
distribute_cash 4.9292 25
contribute_cash -0.019200000000000002 25
update_start: 88; random_action_prob: 0.1608
update_complete: 88; loss: 9.260615348815918; cumulative_reward: 219.21500000000003; invalid_count: 0; positive_reward_count: 13; success_count: 11; episode_count: 17; best_tax_advantage: 20.0; avg_entropy: 2.0698648248799145; random_exploration_count: 19; saved_snapshots: 0; random_action_prob: 0.1608
take_out_loan 0.1422950819672131 61
contribute_asset 0.538888888888889 18
distribute_cash 8.637619047619047 21
contribute_cash 0.6944642857142858 28
update_start: 89; random_action_prob: 0.1600
update_complete: 89; loss: 5.492706934611003; cumulative_reward: 133.69000000000008; invalid_count: 0; positive_reward_count: 9; success_count: 7; episode_count: 17; best_tax_advantage: 20.0; avg_entropy: 1.9666446822229773; random_exploration_count: 24; saved_snapshots: 0; random_action_prob: 0.1600
take_out_loan -0.019553571428571427 56
contribute_asset 0.9941666666666669 18
distribute_cash 3.9751999999999996 25
contribute_cash 0.6037931034482757 29
update_start: 90; random_action_prob: 0.1592
update_complete: 90; loss: 3.837855577468872; cumulative_reward: 57.814999999999976; invalid_count: 0; positive_reward_count: 3; success_count: 3; episode_count: 16; best_tax_advantage: 20.0; avg_entropy: 2.064741524634883; random_exploration_count: 22; saved_snapshots: 0; random_action_prob: 0.1592
take_out_loan -0.018645833333333334 48
contribute_asset -0.0059375 16
distribute_cash 1.3587931034482756 29
contribute_cash 0.5542857142857143 35
update_start: 91; random_action_prob: 0.1584
update_complete: 91; loss: 4.925947984059651; cumulative_reward: 93.39500000000004; invalid_count: 0; positive_reward_count: 6; success_count: 5; episode_count: 16; best_tax_advantage: 20.0; avg_entropy: 2.1002003187313676; random_exploration_count: 17; saved_snapshots: 0; random_action_prob: 0.1584
take_out_loan -0.02142857142857143 56
contribute_asset 1.1896666666666669 15
distribute_cash 2.0460714285714285 28
contribute_cash 0.6710344827586208 29
update_start: 92; random_action_prob: 0.1576
update_complete: 92; loss: 6.009692192077637; cumulative_reward: 132.985; invalid_count: 0; positive_reward_count: 9; success_count: 7; episode_count: 17; best_tax_advantage: 20.0; avg_entropy: 2.018449796596542; random_exploration_count: 20; saved_snapshots: 0; random_action_prob: 0.1576
take_out_loan -0.02174603174603175 63
contribute_asset -0.01647058823529412 17
distribute_cash 6.1477272727272725 22
contribute_cash -0.023653846153846154 26
update_start: 93; random_action_prob: 0.1569
update_complete: 93; loss: 5.307251930236816; cumulative_reward: 119.55999999999999; invalid_count: 0; positive_reward_count: 8; success_count: 6; episode_count: 17; best_tax_advantage: 20.0; avg_entropy: 1.9323517200537026; random_exploration_count: 21; saved_snapshots: 0; random_action_prob: 0.1569
take_out_loan -0.019545454545454543 55
contribute_asset -0.008888888888888889 18
distribute_cash 3.8201923076923077 26
contribute_cash 0.7403448275862069 29
update_start: 94; random_action_prob: 0.1561
update_complete: 94; loss: 6.3997782071431475; cumulative_reward: 133.17500000000007; invalid_count: 0; positive_reward_count: 8; success_count: 7; episode_count: 17; best_tax_advantage: 20.0; avg_entropy: 1.9370491912122816; random_exploration_count: 22; saved_snapshots: 0; random_action_prob: 0.1561
take_out_loan -0.019482758620689652 58
contribute_asset -0.015277777777777779 18
distribute_cash 5.006851851851852 27
contribute_cash -0.0242 25
update_start: 95; random_action_prob: 0.1553
update_complete: 95; loss: 8.690400759379068; cumulative_reward: 203.31000000000017; invalid_count: 0; positive_reward_count: 11; success_count: 10; episode_count: 17; best_tax_advantage: 20.0; avg_entropy: 1.9178404497215524; random_exploration_count: 22; saved_snapshots: 0; random_action_prob: 0.1553
take_out_loan -0.019736842105263157 57
contribute_asset -0.012222222222222223 18
distribute_cash 6.837833333333333 30
contribute_cash -0.020869565217391303 23
update_start: 96; random_action_prob: 0.1545
update_complete: 96; loss: 9.179912249247232; cumulative_reward: 195.28500000000008; invalid_count: 0; positive_reward_count: 11; success_count: 10; episode_count: 17; best_tax_advantage: 20.0; avg_entropy: 1.7776701698312536; random_exploration_count: 16; saved_snapshots: 0; random_action_prob: 0.1545
take_out_loan -0.019285714285714288 56
contribute_asset 1.1011111111111112 18
distribute_cash 6.120384615384615 26
contribute_cash 0.6219642857142856 28
update_start: 97; random_action_prob: 0.1537
update_complete: 97; loss: 9.097752571105957; cumulative_reward: 197.09000000000006; invalid_count: 0; positive_reward_count: 12; success_count: 10; episode_count: 18; best_tax_advantage: 20.0; avg_entropy: 1.7002531259786338; random_exploration_count: 17; saved_snapshots: 0; random_action_prob: 0.1537
take_out_loan -0.019666666666666666 60
contribute_asset -0.010555555555555556 18
distribute_cash 9.147272727272727 22
contribute_cash -0.09928571428571434 28
update_start: 98; random_action_prob: 0.1530
update_complete: 98; loss: 5.992360432942708; cumulative_reward: 136.9950000000001; invalid_count: 0; positive_reward_count: 12; success_count: 6; episode_count: 16; best_tax_advantage: 20.0; avg_entropy: 1.7563233726541512; random_exploration_count: 17; saved_snapshots: 0; random_action_prob: 0.1530
take_out_loan -0.023870967741935485 62
contribute_asset -0.01 17
distribute_cash 5.184565217391304 23
contribute_cash 0.7461538461538461 26
update_start: 99; random_action_prob: 0.1522
update_complete: 99; loss: 12.31067180633545; cumulative_reward: 274.9400000000002; invalid_count: 0; positive_reward_count: 15; success_count: 14; episode_count: 18; best_tax_advantage: 20.0; avg_entropy: 1.6098299661534838; random_exploration_count: 24; saved_snapshots: 0; random_action_prob: 0.1522
take_out_loan -0.020606060606060603 66
contribute_asset -0.006944444444444444 18
distribute_cash 9.961818181818181 22
contribute_cash 2.6029545454545455 22
2026-07-10T18:05:20 completed partnership_disguised_sale run=6 elapsed_seconds=792.01 updates_logged=100
2026-07-10T18:05:20 running partnership_disguised_sale run=7 seed=1736
update_start: 0; random_action_prob: 0.2500
update_complete: 0; loss: 1.9354747931162517; cumulative_reward: 35.605000000000004; invalid_count: 0; positive_reward_count: 3; success_count: 1; episode_count: 16; best_tax_advantage: 18.0; avg_entropy: 2.592547381296754; random_exploration_count: 27; saved_snapshots: 0; random_action_prob: 0.2500
take_out_loan -0.020666666666666667 45
contribute_asset -0.007500000000000001 16
distribute_cash 0.7142105263157895 38
contribute_cash 0.328103448275862 29
update_start: 1; random_action_prob: 0.2487
update_complete: 1; loss: 0.06014828383922577; cumulative_reward: -2.804999999999998; invalid_count: 0; positive_reward_count: 1; success_count: 0; episode_count: 16; best_tax_advantage: 10.0; avg_entropy: 2.743765569292009; random_exploration_count: 34; saved_snapshots: 0; random_action_prob: 0.2487
take_out_loan -0.024509803921568627 51
contribute_asset -0.01375 12
distribute_cash -0.023181818181818154 33
contribute_cash -0.01953125 32
update_start: 2; random_action_prob: 0.2475
update_complete: 2; loss: -0.11572624494632085; cumulative_reward: -2.5199999999999987; invalid_count: 0; positive_reward_count: 0; success_count: 0; episode_count: 16; best_tax_advantage: 0.0; avg_entropy: 2.626094034872949; random_exploration_count: 32; saved_snapshots: 0; random_action_prob: 0.2475
take_out_loan -0.021382978723404257 47
contribute_asset -0.013000000000000001 15
distribute_cash -0.023166666666666665 30
contribute_cash -0.017361111111111112 36
update_start: 3; random_action_prob: 0.2463
update_complete: 3; loss: 3.125236431757609; cumulative_reward: 45.65999999999999; invalid_count: 0; positive_reward_count: 3; success_count: 2; episode_count: 16; best_tax_advantage: 20.0; avg_entropy: 2.6377636613324285; random_exploration_count: 27; saved_snapshots: 0; random_action_prob: 0.2463
take_out_loan -0.021770833333333333 48
contribute_asset -0.0053125 16
distribute_cash 1.4303030303030304 33
contribute_cash -0.013225806451612905 31
update_start: 4; random_action_prob: 0.2450
update_complete: 4; loss: 0.34821832180023193; cumulative_reward: 7.7399999999999896; invalid_count: 0; positive_reward_count: 2; success_count: 0; episode_count: 16; best_tax_advantage: 10.0; avg_entropy: 2.625044328160584; random_exploration_count: 28; saved_snapshots: 0; random_action_prob: 0.2450
take_out_loan -0.019680851063829788 47
contribute_asset -0.0071875 16
distribute_cash 0.5674999999999999 34
contribute_cash -0.33919354838709675 31
update_start: 5; random_action_prob: 0.2438
update_complete: 5; loss: 1.192583441734314; cumulative_reward: 17.759999999999987; invalid_count: 0; positive_reward_count: 3; success_count: 1; episode_count: 16; best_tax_advantage: 18.0; avg_entropy: 2.544214479159564; random_exploration_count: 25; saved_snapshots: 0; random_action_prob: 0.2438
take_out_loan 0.34326530612244893 49
contribute_asset -0.0026666666666666666 15
distribute_cash 0.1267857142857143 28
contribute_cash -0.07138888888888889 36
update_start: 6; random_action_prob: 0.2426
update_complete: 6; loss: 0.43145522475242615; cumulative_reward: 15.570000000000006; invalid_count: 0; positive_reward_count: 2; success_count: 0; episode_count: 16; best_tax_advantage: 10.0; avg_entropy: 2.584492706693709; random_exploration_count: 38; saved_snapshots: 0; random_action_prob: 0.2426
take_out_loan -0.022555555555555554 45
contribute_asset 0.61375 16
distribute_cash 0.24533333333333332 30
contribute_cash -0.01608108108108108 37
update_start: 7; random_action_prob: 0.2414
update_complete: 7; loss: 0.1172259549299876; cumulative_reward: 6.000000000000002; invalid_count: 0; positive_reward_count: 1; success_count: 0; episode_count: 16; best_tax_advantage: 8.0; avg_entropy: 2.5502691427245736; random_exploration_count: 34; saved_snapshots: 0; random_action_prob: 0.2414
take_out_loan -0.01825 40
contribute_asset -0.009062500000000001 16
distribute_cash 0.19157894736842104 38
contribute_cash -0.011911764705882354 34
update_start: 8; random_action_prob: 0.2402
update_complete: 8; loss: 3.331868886947632; cumulative_reward: 68.3599999999999; invalid_count: 0; positive_reward_count: 5; success_count: 2; episode_count: 16; best_tax_advantage: 20.0; avg_entropy: 2.480816388502717; random_exploration_count: 27; saved_snapshots: 0; random_action_prob: 0.2402
take_out_loan -0.01775 40
contribute_asset -0.003529411764705882 17
distribute_cash 2.104242424242424 33
contribute_cash -0.008157894736842105 38
update_start: 9; random_action_prob: 0.2390
update_complete: 9; loss: -0.0672632430990537; cumulative_reward: -1.8549999999999982; invalid_count: 0; positive_reward_count: 0; success_count: 0; episode_count: 16; best_tax_advantage: 0.0; avg_entropy: 2.5025741709396243; random_exploration_count: 35; saved_snapshots: 0; random_action_prob: 0.2390
take_out_loan -0.019848484848484848 33
contribute_asset -0.009642857142857144 14
distribute_cash -0.01575 40
contribute_cash -0.010609756097560976 41
update_start: 10; random_action_prob: 0.2378
update_complete: 10; loss: 1.8987667957941692; cumulative_reward: 36.244999999999976; invalid_count: 0; positive_reward_count: 3; success_count: 1; episode_count: 16; best_tax_advantage: 18.0; avg_entropy: 2.4984140153974295; random_exploration_count: 26; saved_snapshots: 0; random_action_prob: 0.2378
take_out_loan -0.018333333333333333 39
contribute_asset -0.004 15
distribute_cash 1.0398611111111111 36
contribute_cash -0.010921052631578948 38
update_start: 11; random_action_prob: 0.2366
update_complete: 11; loss: 2.8026676972707114; cumulative_reward: 37.70999999999998; invalid_count: 0; positive_reward_count: 2; success_count: 2; episode_count: 16; best_tax_advantage: 20.0; avg_entropy: 2.5050893975421786; random_exploration_count: 42; saved_snapshots: 0; random_action_prob: 0.2366
take_out_loan -0.020365853658536586 41
contribute_asset -0.011666666666666665 15
distribute_cash 1.1910606060606062 33
contribute_cash -0.015 39
update_start: 12; random_action_prob: 0.2354
update_complete: 12; loss: 2.4773641427357993; cumulative_reward: 47.44999999999995; invalid_count: 0; positive_reward_count: 4; success_count: 2; episode_count: 16; best_tax_advantage: 20.0; avg_entropy: 2.60549421235919; random_exploration_count: 31; saved_snapshots: 0; random_action_prob: 0.2354
take_out_loan -0.021326530612244897 49
contribute_asset 2.9099999999999997 13
distribute_cash 0.031857142857142855 35
contribute_cash 0.3080645161290323 31
update_start: 13; random_action_prob: 0.2342
update_complete: 13; loss: 3.787721872329712; cumulative_reward: 60.080000000000005; invalid_count: 0; positive_reward_count: 4; success_count: 3; episode_count: 16; best_tax_advantage: 20.0; avg_entropy: 2.4985741330310702; random_exploration_count: 26; saved_snapshots: 0; random_action_prob: 0.2342
take_out_loan -0.02267441860465116 43
contribute_asset -0.00125 16
distribute_cash 1.256060606060606 33
contribute_cash 0.5451388888888888 36
update_start: 14; random_action_prob: 0.2331
update_complete: 14; loss: 0.10739745944738388; cumulative_reward: 1.9600000000000048; invalid_count: 0; positive_reward_count: 2; success_count: 0; episode_count: 16; best_tax_advantage: 4.0; avg_entropy: 2.511814041994512; random_exploration_count: 31; saved_snapshots: 0; random_action_prob: 0.2331
take_out_loan -0.02076923076923077 39
contribute_asset -0.008666666666666666 15
distribute_cash 0.03307692307692308 39
contribute_cash 0.046 35
update_start: 15; random_action_prob: 0.2319
update_complete: 15; loss: 0.20052134493986765; cumulative_reward: 3.7500000000000058; invalid_count: 0; positive_reward_count: 2; success_count: 0; episode_count: 16; best_tax_advantage: 6.0; avg_entropy: 2.5250792535953224; random_exploration_count: 34; saved_snapshots: 0; random_action_prob: 0.2319
take_out_loan -0.019883720930232558 43
contribute_asset -0.006666666666666667 15
distribute_cash 0.20277777777777778 36
contribute_cash -0.0763235294117647 34
update_start: 16; random_action_prob: 0.2307
update_complete: 16; loss: 4.197969277699788; cumulative_reward: 83.77999999999999; invalid_count: 0; positive_reward_count: 8; success_count: 3; episode_count: 16; best_tax_advantage: 20.0; avg_entropy: 2.5466149114072323; random_exploration_count: 24; saved_snapshots: 0; random_action_prob: 0.2307
take_out_loan -0.01975609756097561 41
contribute_asset 1.366875 16
distribute_cash 0.9783333333333333 36
contribute_cash 0.7857142857142857 35
update_start: 17; random_action_prob: 0.2296
update_complete: 17; loss: 0.5274146596590678; cumulative_reward: 9.924999999999983; invalid_count: 0; positive_reward_count: 1; success_count: 0; episode_count: 16; best_tax_advantage: 12.0; avg_entropy: 2.427275899797678; random_exploration_count: 35; saved_snapshots: 0; random_action_prob: 0.2296
take_out_loan -0.01858974358974359 39
contribute_asset -0.010333333333333333 15
distribute_cash 0.29578947368421055 38
contribute_cash -0.012083333333333333 36
update_start: 18; random_action_prob: 0.2284
update_complete: 18; loss: 4.952066580454509; cumulative_reward: 75.87499999999999; invalid_count: 0; positive_reward_count: 4; success_count: 4; episode_count: 16; best_tax_advantage: 20.0; avg_entropy: 2.419058097526431; random_exploration_count: 35; saved_snapshots: 0; random_action_prob: 0.2284
take_out_loan -0.020333333333333335 45
contribute_asset -0.0010714285714285715 14
distribute_cash 2.2094285714285715 35
contribute_cash -0.015441176470588236 34
update_start: 19; random_action_prob: 0.2273
update_complete: 19; loss: 1.9394588470458984; cumulative_reward: 42.11; invalid_count: 0; positive_reward_count: 6; success_count: 1; episode_count: 16; best_tax_advantage: 18.0; avg_entropy: 2.5198068590834737; random_exploration_count: 21; saved_snapshots: 0; random_action_prob: 0.2273
take_out_loan -0.019 40
contribute_asset 0.6643333333333333 15
distribute_cash 0.7628048780487805 41
contribute_cash 0.0509375 32
update_start: 20; random_action_prob: 0.2262
update_complete: 20; loss: 0.14848088721434274; cumulative_reward: 1.7300000000000013; invalid_count: 0; positive_reward_count: 2; success_count: 0; episode_count: 16; best_tax_advantage: 2.0; avg_entropy: 2.5763631761074066; random_exploration_count: 33; saved_snapshots: 0; random_action_prob: 0.2262
take_out_loan 0.023999999999999997 45
contribute_asset -0.0026666666666666666 15
distribute_cash 0.03728571428571428 35
contribute_cash -0.018636363636363635 33
update_start: 21; random_action_prob: 0.2250
update_complete: 21; loss: 3.0161851247151694; cumulative_reward: 56.11499999999994; invalid_count: 0; positive_reward_count: 4; success_count: 3; episode_count: 16; best_tax_advantage: 20.0; avg_entropy: 2.552014551125467; random_exploration_count: 42; saved_snapshots: 0; random_action_prob: 0.2250
take_out_loan -0.018571428571428572 42
contribute_asset -0.005625 16
distribute_cash 1.6486111111111112 36
contribute_cash -0.06955882352941176 34
update_start: 22; random_action_prob: 0.2239
update_complete: 22; loss: 0.798173725605011; cumulative_reward: 34.07499999999998; invalid_count: 0; positive_reward_count: 5; success_count: 0; episode_count: 16; best_tax_advantage: 16.0; avg_entropy: 2.502064635977149; random_exploration_count: 24; saved_snapshots: 0; random_action_prob: 0.2239
take_out_loan -0.02023809523809524 42
contribute_asset -0.000625 16
distribute_cash 0.8615853658536586 41
contribute_cash -0.013448275862068966 29
update_start: 23; random_action_prob: 0.2228
update_complete: 23; loss: 1.7738879124323528; cumulative_reward: 37.859999999999985; invalid_count: 0; positive_reward_count: 6; success_count: 0; episode_count: 16; best_tax_advantage: 16.0; avg_entropy: 2.5905664628371596; random_exploration_count: 30; saved_snapshots: 0; random_action_prob: 0.2228
take_out_loan -0.021630434782608697 46
contribute_asset -0.0059375 16
distribute_cash 0.85671875 32
contribute_cash 0.33926470588235297 34
update_start: 24; random_action_prob: 0.2217
update_complete: 24; loss: 1.5472070773442586; cumulative_reward: 25.970000000000002; invalid_count: 0; positive_reward_count: 4; success_count: 1; episode_count: 16; best_tax_advantage: 18.0; avg_entropy: 2.402615699917078; random_exploration_count: 22; saved_snapshots: 0; random_action_prob: 0.2217
take_out_loan 0.3721739130434783 46
contribute_asset -0.003 15
distribute_cash 0.335735294117647 34
contribute_cash -0.07636363636363637 33
update_start: 25; random_action_prob: 0.2206
update_complete: 25; loss: 2.6469382445017495; cumulative_reward: 37.735; invalid_count: 0; positive_reward_count: 4; success_count: 2; episode_count: 16; best_tax_advantage: 20.0; avg_entropy: 2.465844294987619; random_exploration_count: 30; saved_snapshots: 0; random_action_prob: 0.2206
take_out_loan -0.021956521739130434 46
contribute_asset 1.1679411764705883 17
distribute_cash 0.3260344827586207 29
contribute_cash 0.26208333333333333 36
update_start: 26; random_action_prob: 0.2195
update_complete: 26; loss: 1.4941195249557495; cumulative_reward: 17.985000000000014; invalid_count: 0; positive_reward_count: 1; success_count: 1; episode_count: 16; best_tax_advantage: 20.0; avg_entropy: 2.4766223207116127; random_exploration_count: 35; saved_snapshots: 0; random_action_prob: 0.2195
take_out_loan -0.019390243902439024 41
contribute_asset -0.0059375 16
distribute_cash 0.506578947368421 38
contribute_cash -0.011363636363636364 33
update_start: 27; random_action_prob: 0.2184
update_complete: 27; loss: 1.2565356492996216; cumulative_reward: 15.754999999999994; invalid_count: 0; positive_reward_count: 3; success_count: 1; episode_count: 16; best_tax_advantage: 18.0; avg_entropy: 2.539567658677697; random_exploration_count: 28; saved_snapshots: 0; random_action_prob: 0.2184
take_out_loan -0.019886363636363636 44
contribute_asset 0.6620000000000001 15
distribute_cash 0.25081081081081086 37
contribute_cash -0.080625 32
update_start: 28; random_action_prob: 0.2173
update_complete: 28; loss: 5.986257553100586; cumulative_reward: 91.64000000000003; invalid_count: 0; positive_reward_count: 6; success_count: 5; episode_count: 16; best_tax_advantage: 20.0; avg_entropy: 2.522169924341142; random_exploration_count: 26; saved_snapshots: 0; random_action_prob: 0.2173
take_out_loan 0.3393 50
contribute_asset 1.241875 16
distribute_cash 1.5331944444444445 36
contribute_cash -0.015000000000000001 26
update_start: 29; random_action_prob: 0.2162
update_complete: 29; loss: 1.3489490350087483; cumulative_reward: 25.315; invalid_count: 0; positive_reward_count: 6; success_count: 1; episode_count: 16; best_tax_advantage: 20.0; avg_entropy: 2.5710067795589566; random_exploration_count: 28; saved_snapshots: 0; random_action_prob: 0.2162
take_out_loan 0.015 54
contribute_asset 0.2375 16
distribute_cash 0.7743333333333333 30
contribute_cash -0.09017857142857144 28
update_start: 30; random_action_prob: 0.2151
update_complete: 30; loss: 2.548672596613566; cumulative_reward: 39.734999999999985; invalid_count: 0; positive_reward_count: 3; success_count: 2; episode_count: 16; best_tax_advantage: 20.0; avg_entropy: 2.431008890271187; random_exploration_count: 30; saved_snapshots: 0; random_action_prob: 0.2151
take_out_loan -0.024479166666666666 48
contribute_asset -0.004 15
distribute_cash 0.6911290322580645 31
contribute_cash 0.5748529411764707 34
update_start: 31; random_action_prob: 0.2140
update_complete: 31; loss: 4.175698439280192; cumulative_reward: 73.44; invalid_count: 0; positive_reward_count: 5; success_count: 4; episode_count: 17; best_tax_advantage: 20.0; avg_entropy: 2.5708834128454328; random_exploration_count: 31; saved_snapshots: 0; random_action_prob: 0.2140
take_out_loan -0.020555555555555556 54
contribute_asset -0.0084375 16
distribute_cash 1.2846551724137931 29
contribute_cash 1.2906896551724139 29
update_start: 32; random_action_prob: 0.2130
update_complete: 32; loss: 3.70190159479777; cumulative_reward: 63.454999999999984; invalid_count: 0; positive_reward_count: 5; success_count: 3; episode_count: 16; best_tax_advantage: 20.0; avg_entropy: 2.454860429279506; random_exploration_count: 29; saved_snapshots: 0; random_action_prob: 0.2130
take_out_loan 0.05499999999999999 51
contribute_asset -0.0028125 16
distribute_cash 1.7986764705882354 34
contribute_cash -0.017037037037037038 27
update_start: 33; random_action_prob: 0.2119
update_complete: 33; loss: 2.485670487085978; cumulative_reward: 37.54999999999996; invalid_count: 0; positive_reward_count: 3; success_count: 2; episode_count: 16; best_tax_advantage: 20.0; avg_entropy: 2.5085098426789045; random_exploration_count: 22; saved_snapshots: 0; random_action_prob: 0.2119
take_out_loan 0.022127659574468085 47
contribute_asset -0.009285714285714286 14
distribute_cash 0.9786842105263157 38
contribute_cash -0.018965517241379314 29
update_start: 34; random_action_prob: 0.2108
update_complete: 34; loss: 4.120638370513916; cumulative_reward: 69.41999999999994; invalid_count: 0; positive_reward_count: 8; success_count: 3; episode_count: 16; best_tax_advantage: 20.0; avg_entropy: 2.524601347744465; random_exploration_count: 23; saved_snapshots: 0; random_action_prob: 0.2108
take_out_loan 0.5227272727272727 55
contribute_asset -0.009117647058823529 17
distribute_cash 1.0801724137931035 29
contribute_cash 0.3518518518518519 27
update_start: 35; random_action_prob: 0.2098
update_complete: 35; loss: 3.662646532058716; cumulative_reward: 55.69999999999995; invalid_count: 0; positive_reward_count: 7; success_count: 3; episode_count: 16; best_tax_advantage: 20.0; avg_entropy: 2.553359798155725; random_exploration_count: 20; saved_snapshots: 0; random_action_prob: 0.2098
take_out_loan -0.022037037037037036 54
contribute_asset 1.1140625 16
distribute_cash 0.8901515151515151 33
contribute_cash 0.3876 25
update_start: 36; random_action_prob: 0.2087
update_complete: 36; loss: 2.9055777390797934; cumulative_reward: 53.71499999999995; invalid_count: 0; positive_reward_count: 4; success_count: 2; episode_count: 16; best_tax_advantage: 20.0; avg_entropy: 2.5100990794599056; random_exploration_count: 32; saved_snapshots: 0; random_action_prob: 0.2087
take_out_loan -0.0207 50
contribute_asset -0.0034375 16
distribute_cash 1.1393548387096775 31
contribute_cash 0.6285483870967742 31
update_start: 37; random_action_prob: 0.2077
update_complete: 37; loss: 2.4802280267079673; cumulative_reward: 37.61; invalid_count: 0; positive_reward_count: 4; success_count: 2; episode_count: 16; best_tax_advantage: 20.0; avg_entropy: 2.5100105749443173; random_exploration_count: 32; saved_snapshots: 0; random_action_prob: 0.2077
take_out_loan -0.020520833333333332 48
contribute_asset 1.2403125 16
distribute_cash 0.8081944444444444 36
contribute_cash -0.36946428571428575 28
update_start: 38; random_action_prob: 0.2066
update_complete: 38; loss: 3.796554962793986; cumulative_reward: 63.49999999999997; invalid_count: 0; positive_reward_count: 7; success_count: 3; episode_count: 16; best_tax_advantage: 20.0; avg_entropy: 2.4204892739653587; random_exploration_count: 29; saved_snapshots: 0; random_action_prob: 0.2066
take_out_loan -0.02259259259259259 54
contribute_asset 1.3236666666666668 15
distribute_cash 1.211904761904762 21
contribute_cash 0.5109210526315789 38
update_start: 39; random_action_prob: 0.2056
update_complete: 39; loss: 3.54821769396464; cumulative_reward: 71.08499999999994; invalid_count: 0; positive_reward_count: 6; success_count: 3; episode_count: 16; best_tax_advantage: 20.0; avg_entropy: 2.469590718857944; random_exploration_count: 32; saved_snapshots: 0; random_action_prob: 0.2056
take_out_loan 0.1459322033898305 59
contribute_asset -0.010666666666666666 15
distribute_cash 1.5272222222222223 27
contribute_cash 0.7925925925925925 27
update_start: 40; random_action_prob: 0.2046
update_complete: 40; loss: 5.6020588874816895; cumulative_reward: 125.985; invalid_count: 0; positive_reward_count: 7; success_count: 6; episode_count: 17; best_tax_advantage: 20.0; avg_entropy: 2.466923509724438; random_exploration_count: 20; saved_snapshots: 0; random_action_prob: 0.2046
take_out_loan -0.017083333333333332 48
contribute_asset -0.008333333333333333 18
distribute_cash 2.98078125 32
contribute_cash 1.0523333333333333 30
update_start: 41; random_action_prob: 0.2036
update_complete: 41; loss: 3.2973056634267173; cumulative_reward: 69.4; invalid_count: 0; positive_reward_count: 7; success_count: 3; episode_count: 16; best_tax_advantage: 20.0; avg_entropy: 2.3095660721883178; random_exploration_count: 22; saved_snapshots: 0; random_action_prob: 0.2036
take_out_loan 0.018823529411764708 51
contribute_asset -0.006470588235294118 17
distribute_cash 2.4565517241379307 29
contribute_cash -0.0867741935483871 31
update_start: 42; random_action_prob: 0.2025
update_complete: 42; loss: 2.055350144704183; cumulative_reward: 27.159999999999975; invalid_count: 0; positive_reward_count: 4; success_count: 1; episode_count: 16; best_tax_advantage: 20.0; avg_entropy: 2.4096702290698886; random_exploration_count: 25; saved_snapshots: 0; random_action_prob: 0.2025
take_out_loan -0.024528301886792454 53
contribute_asset -0.015333333333333334 15
distribute_cash 1.0822222222222222 27
contribute_cash -0.01606060606060608 33
update_start: 43; random_action_prob: 0.2015
update_complete: 43; loss: 8.43338934580485; cumulative_reward: 172.96000000000004; invalid_count: 0; positive_reward_count: 10; success_count: 9; episode_count: 17; best_tax_advantage: 20.0; avg_entropy: 2.2855490688234568; random_exploration_count: 22; saved_snapshots: 0; random_action_prob: 0.2015
take_out_loan -0.022704918032786885 61
contribute_asset -0.01138888888888889 18
distribute_cash 6.732115384615384 26
contribute_cash -0.02108695652173913 23
update_start: 44; random_action_prob: 0.2005
update_complete: 44; loss: 4.229427973429362; cumulative_reward: 78.80999999999999; invalid_count: 0; positive_reward_count: 7; success_count: 3; episode_count: 16; best_tax_advantage: 20.0; avg_entropy: 2.3041387237608433; random_exploration_count: 29; saved_snapshots: 0; random_action_prob: 0.2005
take_out_loan -0.022500000000000003 60
contribute_asset -0.01 15
distribute_cash 2.7908620689655175 29
contribute_cash -0.026041666666666668 24
update_start: 45; random_action_prob: 0.1995
update_complete: 45; loss: 5.424708366394043; cumulative_reward: 98.85000000000005; invalid_count: 0; positive_reward_count: 6; success_count: 5; episode_count: 16; best_tax_advantage: 20.0; avg_entropy: 2.307185493875295; random_exploration_count: 27; saved_snapshots: 0; random_action_prob: 0.1995
take_out_loan -0.02404761904761905 63
contribute_asset -0.009705882352941177 17
distribute_cash 3.4870689655172415 29
contribute_cash -0.03131578947368421 19
update_start: 46; random_action_prob: 0.1985
update_complete: 46; loss: 4.599508603413899; cumulative_reward: 91.13999999999999; invalid_count: 0; positive_reward_count: 6; success_count: 4; episode_count: 16; best_tax_advantage: 20.0; avg_entropy: 2.3815435338765383; random_exploration_count: 24; saved_snapshots: 0; random_action_prob: 0.1985
take_out_loan -0.02101851851851852 54
contribute_asset -0.0109375 16
distribute_cash 1.5697142857142858 35
contribute_cash 1.6308695652173912 23
update_start: 47; random_action_prob: 0.1975
update_complete: 47; loss: 3.4357059001922607; cumulative_reward: 71.30999999999999; invalid_count: 0; positive_reward_count: 6; success_count: 3; episode_count: 16; best_tax_advantage: 20.0; avg_entropy: 2.320338945835829; random_exploration_count: 30; saved_snapshots: 0; random_action_prob: 0.1975
take_out_loan -0.019901960784313725 51
contribute_asset -0.008823529411764706 17
distribute_cash 0.9452857142857143 35
contribute_cash 1.5756000000000001 25
update_start: 48; random_action_prob: 0.1965
update_complete: 48; loss: 3.466533899307251; cumulative_reward: 73.16999999999999; invalid_count: 0; positive_reward_count: 5; success_count: 2; episode_count: 16; best_tax_advantage: 20.0; avg_entropy: 2.3118210514076054; random_exploration_count: 21; saved_snapshots: 0; random_action_prob: 0.1965
take_out_loan -0.023135593220338983 59
contribute_asset 0.6124999999999999 16
distribute_cash 1.6401666666666666 30
contribute_cash 0.6752173913043478 23
update_start: 49; random_action_prob: 0.1956
update_complete: 49; loss: 5.001542727152507; cumulative_reward: 115.06500000000004; invalid_count: 0; positive_reward_count: 10; success_count: 4; episode_count: 16; best_tax_advantage: 20.0; avg_entropy: 2.1463749897666276; random_exploration_count: 24; saved_snapshots: 0; random_action_prob: 0.1956
take_out_loan -0.023064516129032257 62
contribute_asset 0.6171875 16
distribute_cash 4.3351851851851855 27
contribute_cash -0.4534782608695652 23
update_start: 50; random_action_prob: 0.1946
update_complete: 50; loss: 3.295844237009684; cumulative_reward: 76.83000000000001; invalid_count: 0; positive_reward_count: 8; success_count: 3; episode_count: 16; best_tax_advantage: 20.0; avg_entropy: 2.2860353605356067; random_exploration_count: 27; saved_snapshots: 0; random_action_prob: 0.1946
take_out_loan -0.022796610169491523 59
contribute_asset -0.019411764705882354 17
distribute_cash 2.035 29
contribute_cash 0.8473913043478261 23
update_start: 51; random_action_prob: 0.1936
update_complete: 51; loss: 5.909069220225017; cumulative_reward: 113.08000000000001; invalid_count: 0; positive_reward_count: 7; success_count: 6; episode_count: 16; best_tax_advantage: 20.0; avg_entropy: 2.1979597103782; random_exploration_count: 18; saved_snapshots: 0; random_action_prob: 0.1936
take_out_loan -0.023571428571428573 63
contribute_asset 1.6276470588235294 17
distribute_cash 3.093 25
contribute_cash 0.41608695652173916 23
update_start: 52; random_action_prob: 0.1926
update_complete: 52; loss: 4.520486831665039; cumulative_reward: 84.86500000000001; invalid_count: 0; positive_reward_count: 5; success_count: 4; episode_count: 16; best_tax_advantage: 20.0; avg_entropy: 2.0044704005122185; random_exploration_count: 32; saved_snapshots: 0; random_action_prob: 0.1926
take_out_loan -0.022295081967213116 61
contribute_asset -0.009411764705882354 17
distribute_cash 4.8486111111111105 18
contribute_cash -0.0278125 32
update_start: 53; random_action_prob: 0.1917
update_complete: 53; loss: 5.517832438151042; cumulative_reward: 107.35000000000001; invalid_count: 0; positive_reward_count: 8; success_count: 5; episode_count: 17; best_tax_advantage: 20.0; avg_entropy: 2.1065154862590134; random_exploration_count: 23; saved_snapshots: 0; random_action_prob: 0.1917
take_out_loan 0.1532456140350877 57
contribute_asset -0.0035294117647058825 17
distribute_cash 1.757142857142857 28
contribute_cash 1.9028846153846155 26
update_start: 54; random_action_prob: 0.1907
update_complete: 54; loss: 4.134427070617676; cumulative_reward: 75.71999999999997; invalid_count: 0; positive_reward_count: 4; success_count: 4; episode_count: 17; best_tax_advantage: 20.0; avg_entropy: 2.206318856216967; random_exploration_count: 26; saved_snapshots: 0; random_action_prob: 0.1907
take_out_loan 0.3256730769230769 52
contribute_asset -0.004666666666666667 15
distribute_cash 2.837380952380952 21
contribute_cash -0.01825 40
update_start: 55; random_action_prob: 0.1898
update_complete: 55; loss: 4.621590296427409; cumulative_reward: 97.94; invalid_count: 0; positive_reward_count: 8; success_count: 5; episode_count: 17; best_tax_advantage: 20.0; avg_entropy: 2.170418460853398; random_exploration_count: 22; saved_snapshots: 0; random_action_prob: 0.1898
take_out_loan 0.3726470588235294 51
contribute_asset -0.002058823529411765 17
distribute_cash 3.815 24
contribute_cash -0.3497222222222222 36
update_start: 56; random_action_prob: 0.1888
update_complete: 56; loss: 4.517356713612874; cumulative_reward: 98.16000000000001; invalid_count: 0; positive_reward_count: 6; success_count: 5; episode_count: 17; best_tax_advantage: 20.0; avg_entropy: 2.164251146838069; random_exploration_count: 33; saved_snapshots: 0; random_action_prob: 0.1888
take_out_loan -0.01715909090909091 44
contribute_asset 1.103888888888889 18
distribute_cash 2.48203125 32
contribute_cash -0.011176470588235295 34
update_start: 57; random_action_prob: 0.1879
update_complete: 57; loss: 4.740301926930745; cumulative_reward: 103.79999999999997; invalid_count: 0; positive_reward_count: 7; success_count: 5; episode_count: 16; best_tax_advantage: 20.0; avg_entropy: 1.9291955998633057; random_exploration_count: 19; saved_snapshots: 0; random_action_prob: 0.1879
take_out_loan -0.018962264150943393 53
contribute_asset -0.00029411764705882356 17
distribute_cash 4.115357142857143 28
contribute_cash -0.3473333333333333 30
update_start: 58; random_action_prob: 0.1869
update_complete: 58; loss: 5.7050472895304365; cumulative_reward: 115.85500000000002; invalid_count: 0; positive_reward_count: 6; success_count: 6; episode_count: 17; best_tax_advantage: 20.0; avg_entropy: 2.0121146393939853; random_exploration_count: 17; saved_snapshots: 0; random_action_prob: 0.1869
take_out_loan -0.0203921568627451 51
contribute_asset -0.0065625 16
distribute_cash 4.893541666666667 24
contribute_cash -0.012027027027027027 37
update_start: 59; random_action_prob: 0.1860
update_complete: 59; loss: 3.1920265356699624; cumulative_reward: 65.71999999999997; invalid_count: 0; positive_reward_count: 9; success_count: 3; episode_count: 17; best_tax_advantage: 20.0; avg_entropy: 2.130487999645993; random_exploration_count: 16; saved_snapshots: 0; random_action_prob: 0.1860
take_out_loan 0.018173076923076924 52
contribute_asset -0.0021874999999999998 16
distribute_cash 2.5173076923076922 26
contribute_cash -0.01882352941176473 34
update_start: 60; random_action_prob: 0.1851
update_complete: 60; loss: 4.216408411661784; cumulative_reward: 77.78499999999997; invalid_count: 0; positive_reward_count: 4; success_count: 4; episode_count: 16; best_tax_advantage: 20.0; avg_entropy: 2.078191986074671; random_exploration_count: 26; saved_snapshots: 0; random_action_prob: 0.1851
take_out_loan -0.02212962962962963 54
contribute_asset -0.0014705882352941176 17
distribute_cash 3.7904761904761903 21
contribute_cash -0.016527777777777777 36
update_start: 61; random_action_prob: 0.1841
update_complete: 61; loss: 5.665921847025554; cumulative_reward: 115.66000000000001; invalid_count: 0; positive_reward_count: 9; success_count: 5; episode_count: 16; best_tax_advantage: 20.0; avg_entropy: 2.085445064585656; random_exploration_count: 18; saved_snapshots: 0; random_action_prob: 0.1841
take_out_loan -0.020096153846153843 52
contribute_asset -0.008125 16
distribute_cash 4.3475925925925925 27
contribute_cash -0.01666666666666667 33
update_start: 62; random_action_prob: 0.1832
update_complete: 62; loss: 5.715472062428792; cumulative_reward: 115.87999999999998; invalid_count: 0; positive_reward_count: 10; success_count: 6; episode_count: 17; best_tax_advantage: 20.0; avg_entropy: 1.9884680332615972; random_exploration_count: 21; saved_snapshots: 0; random_action_prob: 0.1832
take_out_loan -0.019134615384615385 52
contribute_asset -0.003333333333333333 18
distribute_cash 6.413695652173913 23
contribute_cash -0.8737142857142858 35
update_start: 63; random_action_prob: 0.1823
update_complete: 63; loss: 5.93147071202596; cumulative_reward: 119.32999999999997; invalid_count: 0; positive_reward_count: 10; success_count: 6; episode_count: 16; best_tax_advantage: 20.0; avg_entropy: 2.0506261573173106; random_exploration_count: 21; saved_snapshots: 0; random_action_prob: 0.1823
take_out_loan -0.019907407407407405 54
contribute_asset 0.10558823529411765 17
distribute_cash 4.932799999999999 25
contribute_cash -0.1471875 32
update_start: 64; random_action_prob: 0.1814
update_complete: 64; loss: 7.093865553538005; cumulative_reward: 147.10500000000005; invalid_count: 0; positive_reward_count: 9; success_count: 7; episode_count: 16; best_tax_advantage: 20.0; avg_entropy: 1.898195295012556; random_exploration_count: 20; saved_snapshots: 0; random_action_prob: 0.1814
take_out_loan -0.020178571428571428 56
contribute_asset -0.014411764705882353 17
distribute_cash 6.92804347826087 23
contribute_cash -0.33953125 32
update_start: 65; random_action_prob: 0.1805
update_complete: 65; loss: 6.57351541519165; cumulative_reward: 149.34499999999997; invalid_count: 0; positive_reward_count: 9; success_count: 7; episode_count: 17; best_tax_advantage: 20.0; avg_entropy: 2.0335505170514807; random_exploration_count: 23; saved_snapshots: 0; random_action_prob: 0.1805
take_out_loan -0.020086206896551724 58
contribute_asset -0.010555555555555556 18
distribute_cash 5.475208333333334 24
contribute_cash 0.6891071428571429 28
update_start: 66; random_action_prob: 0.1796
update_complete: 66; loss: 3.7855549653371177; cumulative_reward: 65.59; invalid_count: 0; positive_reward_count: 5; success_count: 3; episode_count: 16; best_tax_advantage: 20.0; avg_entropy: 2.0494478158652782; random_exploration_count: 33; saved_snapshots: 0; random_action_prob: 0.1796
take_out_loan -0.018823529411764704 51
contribute_asset -0.009117647058823529 17
distribute_cash 2.978269230769231 26
contribute_cash -0.3155882352941176 34
update_start: 67; random_action_prob: 0.1787
update_complete: 67; loss: 5.566186587015788; cumulative_reward: 113.18999999999994; invalid_count: 0; positive_reward_count: 6; success_count: 6; episode_count: 17; best_tax_advantage: 20.0; avg_entropy: 1.9564756687032059; random_exploration_count: 27; saved_snapshots: 0; random_action_prob: 0.1787
take_out_loan -0.021475409836065575 61
contribute_asset -0.009117647058823529 17
distribute_cash 4.6094 25
contribute_cash -0.0232 25
update_start: 68; random_action_prob: 0.1778
update_complete: 68; loss: 7.558861255645752; cumulative_reward: 175.60000000000005; invalid_count: 0; positive_reward_count: 9; success_count: 9; episode_count: 18; best_tax_advantage: 20.0; avg_entropy: 1.8023586887866259; random_exploration_count: 19; saved_snapshots: 0; random_action_prob: 0.1778
take_out_loan -0.019285714285714288 56
contribute_asset -0.005 18
distribute_cash 7.095599999999999 25
contribute_cash -0.021379310344827585 29
update_start: 69; random_action_prob: 0.1769
update_complete: 69; loss: 4.010674635569255; cumulative_reward: 75.57000000000001; invalid_count: 0; positive_reward_count: 5; success_count: 4; episode_count: 16; best_tax_advantage: 20.0; avg_entropy: 2.0297748441807926; random_exploration_count: 26; saved_snapshots: 0; random_action_prob: 0.1769
take_out_loan -0.02068627450980392 51
contribute_asset -0.0029411764705882353 17
distribute_cash 3.803478260869565 23
contribute_cash -0.29202702702702704 37
update_start: 70; random_action_prob: 0.1760
update_complete: 70; loss: 8.057716369628906; cumulative_reward: 175.8950000000001; invalid_count: 0; positive_reward_count: 9; success_count: 9; episode_count: 17; best_tax_advantage: 20.0; avg_entropy: 1.965033861109987; random_exploration_count: 27; saved_snapshots: 0; random_action_prob: 0.1760
take_out_loan -0.017083333333333332 48
contribute_asset -0.005277777777777778 18
distribute_cash 6.847173913043478 23
contribute_cash 0.4955128205128205 39
update_start: 71; random_action_prob: 0.1751
update_complete: 71; loss: 6.639999071756999; cumulative_reward: 147.41; invalid_count: 0; positive_reward_count: 8; success_count: 7; episode_count: 17; best_tax_advantage: 20.0; avg_entropy: 2.0087464754469693; random_exploration_count: 20; saved_snapshots: 0; random_action_prob: 0.1751
take_out_loan -0.01929824561403509 57
contribute_asset 1.1016666666666666 18
distribute_cash 5.1743999999999994 25
contribute_cash -0.02428571428571429 28
update_start: 72; random_action_prob: 0.1743
update_complete: 72; loss: 5.840706666310628; cumulative_reward: 123.71499999999995; invalid_count: 0; positive_reward_count: 10; success_count: 6; episode_count: 17; best_tax_advantage: 20.0; avg_entropy: 1.8757869626861066; random_exploration_count: 14; saved_snapshots: 0; random_action_prob: 0.1743
take_out_loan -0.018333333333333333 51
contribute_asset -0.006176470588235294 17
distribute_cash 6.410434782608696 23
contribute_cash -0.6131081081081081 37
update_start: 73; random_action_prob: 0.1734
update_complete: 73; loss: 6.9576694170633955; cumulative_reward: 172.09500000000014; invalid_count: 0; positive_reward_count: 9; success_count: 9; episode_count: 18; best_tax_advantage: 20.0; avg_entropy: 2.002680065575987; random_exploration_count: 29; saved_snapshots: 0; random_action_prob: 0.1734
take_out_loan -0.017187499999999998 48
contribute_asset -0.002777777777777778 18
distribute_cash 5.480535714285714 28
contribute_cash 0.5739705882352941 34
update_start: 74; random_action_prob: 0.1725
update_complete: 74; loss: 8.133478482564291; cumulative_reward: 177.57500000000013; invalid_count: 0; positive_reward_count: 10; success_count: 9; episode_count: 17; best_tax_advantage: 20.0; avg_entropy: 1.867636697483249; random_exploration_count: 25; saved_snapshots: 0; random_action_prob: 0.1725
take_out_loan -0.017314814814814814 54
contribute_asset -0.008333333333333333 18
distribute_cash 7.555208333333333 24
contribute_cash -0.08328125 32
update_start: 75; random_action_prob: 0.1717
update_complete: 75; loss: 7.416086355845134; cumulative_reward: 155.6900000000001; invalid_count: 0; positive_reward_count: 10; success_count: 8; episode_count: 17; best_tax_advantage: 20.0; avg_entropy: 1.8583190374774858; random_exploration_count: 20; saved_snapshots: 0; random_action_prob: 0.1717
take_out_loan -0.016399999999999998 50
contribute_asset -0.005833333333333333 18
distribute_cash 5.767068965517241 29
contribute_cash -0.3429032258064516 31
update_start: 76; random_action_prob: 0.1708
update_complete: 76; loss: 12.17225456237793; cumulative_reward: 303.6150000000002; invalid_count: 0; positive_reward_count: 17; success_count: 15; episode_count: 20; best_tax_advantage: 20.0; avg_entropy: 1.987512617430184; random_exploration_count: 28; saved_snapshots: 0; random_action_prob: 0.1708
take_out_loan -0.01625 56
contribute_asset 0.8925000000000001 20
distribute_cash 9.809166666666666 24
contribute_cash 1.8305357142857144 28
update_start: 77; random_action_prob: 0.1699
update_complete: 77; loss: 8.956834475199381; cumulative_reward: 217.98500000000013; invalid_count: 0; positive_reward_count: 13; success_count: 10; episode_count: 18; best_tax_advantage: 20.0; avg_entropy: 1.7198133522178978; random_exploration_count: 21; saved_snapshots: 0; random_action_prob: 0.1699
take_out_loan -0.014318181818181818 44
contribute_asset -0.006944444444444444 18
distribute_cash 8.131346153846154 26
contribute_cash 0.18312499999999998 40
update_start: 78; random_action_prob: 0.1691
update_complete: 78; loss: 8.191622416178385; cumulative_reward: 196.07000000000005; invalid_count: 0; positive_reward_count: 10; success_count: 10; episode_count: 18; best_tax_advantage: 20.0; avg_entropy: 1.8111195489764214; random_exploration_count: 24; saved_snapshots: 0; random_action_prob: 0.1691
take_out_loan -0.0167 50
contribute_asset -0.0028947368421052633 19
distribute_cash 8.077045454545454 22
contribute_cash 0.5206756756756757 37
update_start: 79; random_action_prob: 0.1683
update_complete: 79; loss: 9.576078414916992; cumulative_reward: 250.37000000000012; invalid_count: 0; positive_reward_count: 14; success_count: 13; episode_count: 19; best_tax_advantage: 20.0; avg_entropy: 1.8182835653424263; random_exploration_count: 18; saved_snapshots: 0; random_action_prob: 0.1683
take_out_loan 0.03392857142857143 42
contribute_asset -0.00375 20
distribute_cash 8.04741935483871 31
contribute_cash -0.012857142857142857 35
update_start: 80; random_action_prob: 0.1674
update_complete: 80; loss: 4.354585647583008; cumulative_reward: 79.26499999999996; invalid_count: 0; positive_reward_count: 5; success_count: 4; episode_count: 17; best_tax_advantage: 20.0; avg_entropy: 1.8550673404242843; random_exploration_count: 30; saved_snapshots: 0; random_action_prob: 0.1674
take_out_loan -0.019433962264150943 53
contribute_asset -0.013823529411764705 17
distribute_cash 3.5406521739130437 23
contribute_cash -0.025857142857142856 35
update_start: 81; random_action_prob: 0.1666
update_complete: 81; loss: 11.06848112742106; cumulative_reward: 275.83000000000015; invalid_count: 0; positive_reward_count: 14; success_count: 14; episode_count: 19; best_tax_advantage: 20.0; avg_entropy: 1.655360417731572; random_exploration_count: 21; saved_snapshots: 0; random_action_prob: 0.1666
take_out_loan -0.015660377358490567 53
contribute_asset -0.004736842105263157 19
distribute_cash 9.4986 25
contribute_cash 1.2672580645161289 31
update_start: 82; random_action_prob: 0.1657
update_complete: 82; loss: 10.332544962565104; cumulative_reward: 259.87000000000006; invalid_count: 0; positive_reward_count: 15; success_count: 13; episode_count: 19; best_tax_advantage: 20.0; avg_entropy: 1.4816814842633903; random_exploration_count: 22; saved_snapshots: 0; random_action_prob: 0.1657
take_out_loan -0.013823529411764705 51
contribute_asset -0.006500000000000001 20
distribute_cash 10.5352 25
contribute_cash -0.08359375000000001 32
update_start: 83; random_action_prob: 0.1649
update_complete: 83; loss: 10.392139752705893; cumulative_reward: 255.8550000000001; invalid_count: 0; positive_reward_count: 14; success_count: 13; episode_count: 19; best_tax_advantage: 20.0; avg_entropy: 1.3878521942533553; random_exploration_count: 14; saved_snapshots: 0; random_action_prob: 0.1649
take_out_loan -0.015 51
contribute_asset 1.9877499999999997 20
distribute_cash 9.0972 25
contribute_cash -0.33015625 32
update_start: 84; random_action_prob: 0.1641
update_complete: 84; loss: 11.087261517842611; cumulative_reward: 276.16000000000037; invalid_count: 0; positive_reward_count: 15; success_count: 14; episode_count: 19; best_tax_advantage: 20.0; avg_entropy: 1.4800663453061134; random_exploration_count: 21; saved_snapshots: 0; random_action_prob: 0.1641
take_out_loan -0.013699999999999999 50
contribute_asset -0.006052631578947368 19
distribute_cash 10.6994 25
contribute_cash 0.2786764705882353 34
update_start: 85; random_action_prob: 0.1633
update_complete: 85; loss: 10.961201667785645; cumulative_reward: 285.8500000000003; invalid_count: 0; positive_reward_count: 15; success_count: 14; episode_count: 19; best_tax_advantage: 20.0; avg_entropy: 1.368813537832466; random_exploration_count: 22; saved_snapshots: 0; random_action_prob: 0.1633
take_out_loan -0.014622641509433962 53
contribute_asset -0.0095 20
distribute_cash 13.0675 22
contribute_cash -0.020303030303030305 33
update_start: 86; random_action_prob: 0.1625
update_complete: 86; loss: 10.824372927347818; cumulative_reward: 275.9100000000001; invalid_count: 0; positive_reward_count: 14; success_count: 14; episode_count: 19; best_tax_advantage: 20.0; avg_entropy: 1.4848833608266432; random_exploration_count: 24; saved_snapshots: 0; random_action_prob: 0.1625
take_out_loan -0.015 51
contribute_asset -0.009 20
distribute_cash 11.099400000000001 25
contribute_cash -0.0196875 32
update_start: 87; random_action_prob: 0.1616
update_complete: 87; loss: 7.961972713470459; cumulative_reward: 175.3900000000001; invalid_count: 0; positive_reward_count: 11; success_count: 9; episode_count: 18; best_tax_advantage: 20.0; avg_entropy: 1.5478293032647343; random_exploration_count: 25; saved_snapshots: 0; random_action_prob: 0.1616
take_out_loan -0.018796296296296297 54
contribute_asset -0.016111111111111114 18
distribute_cash 5.617142857142857 28
contribute_cash 0.6933928571428571 28
update_start: 88; random_action_prob: 0.1608
update_complete: 88; loss: 12.653422673543295; cumulative_reward: 325.7550000000002; invalid_count: 0; positive_reward_count: 17; success_count: 16; episode_count: 20; best_tax_advantage: 20.0; avg_entropy: 1.4852905388834188; random_exploration_count: 24; saved_snapshots: 0; random_action_prob: 0.1608
take_out_loan -0.013557692307692307 52
contribute_asset 0.48325000000000007 20
distribute_cash 9.56310344827586 29
contribute_cash 1.4616666666666664 27
update_start: 89; random_action_prob: 0.1600
update_complete: 89; loss: 12.965680440266928; cumulative_reward: 337.7150000000005; invalid_count: 0; positive_reward_count: 17; success_count: 17; episode_count: 21; best_tax_advantage: 20.0; avg_entropy: 1.3287235323223285; random_exploration_count: 20; saved_snapshots: 0; random_action_prob: 0.1600
take_out_loan -0.014056603773584905 53
contribute_asset -0.015 21
distribute_cash 10.748076923076923 26
contribute_cash 2.11875 28
update_start: 90; random_action_prob: 0.1592
update_complete: 90; loss: 10.868613560994467; cumulative_reward: 276.06000000000023; invalid_count: 0; positive_reward_count: 17; success_count: 14; episode_count: 20; best_tax_advantage: 20.0; avg_entropy: 1.2868603642564267; random_exploration_count: 18; saved_snapshots: 0; random_action_prob: 0.1592
take_out_loan -0.013478260869565217 46
contribute_asset -0.012 20
distribute_cash 10.046166666666666 30
contribute_cash -0.76453125 32
update_start: 91; random_action_prob: 0.1584
update_complete: 91; loss: 12.92595100402832; cumulative_reward: 366.34500000000025; invalid_count: 0; positive_reward_count: 19; success_count: 18; episode_count: 22; best_tax_advantage: 20.0; avg_entropy: 1.2613874665694311; random_exploration_count: 19; saved_snapshots: 0; random_action_prob: 0.1584
take_out_loan -0.010217391304347826 46
contribute_asset 0.9025 22
distribute_cash 11.294310344827586 29
contribute_cash 0.6266129032258064 31
update_start: 92; random_action_prob: 0.1576
update_complete: 92; loss: 12.594091097513834; cumulative_reward: 319.9850000000004; invalid_count: 0; positive_reward_count: 17; success_count: 16; episode_count: 20; best_tax_advantage: 20.0; avg_entropy: 1.2565997652418446; random_exploration_count: 17; saved_snapshots: 0; random_action_prob: 0.1576
take_out_loan -0.013699999999999999 50
contribute_asset 1.9899999999999998 20
distribute_cash 10.424074074074074 27
contribute_cash -0.018709677419354837 31
update_start: 93; random_action_prob: 0.1569
update_complete: 93; loss: 13.724322636922201; cumulative_reward: 376.40000000000043; invalid_count: 0; positive_reward_count: 21; success_count: 19; episode_count: 22; best_tax_advantage: 20.0; avg_entropy: 1.1046470307046548; random_exploration_count: 10; saved_snapshots: 0; random_action_prob: 0.1569
take_out_loan -0.010612244897959184 49
contribute_asset -0.007499999999999999 22
distribute_cash 15.28903846153846 26
contribute_cash -0.6590322580645162 31
update_start: 94; random_action_prob: 0.1561
update_complete: 94; loss: 9.841592152913412; cumulative_reward: 259.88500000000016; invalid_count: 0; positive_reward_count: 14; success_count: 13; episode_count: 19; best_tax_advantage: 20.0; avg_entropy: 1.4703605608519865; random_exploration_count: 25; saved_snapshots: 0; random_action_prob: 0.1561
take_out_loan -0.013541666666666667 48
contribute_asset 0.9302631578947369 19
distribute_cash 7.604375 32
contribute_cash -0.016551724137931035 29
update_start: 95; random_action_prob: 0.1553
update_complete: 95; loss: 11.875632603963217; cumulative_reward: 310.08000000000015; invalid_count: 0; positive_reward_count: 17; success_count: 15; episode_count: 20; best_tax_advantage: 20.0; avg_entropy: 1.2872150054754457; random_exploration_count: 18; saved_snapshots: 0; random_action_prob: 0.1553
take_out_loan -0.013163265306122449 49
contribute_asset -0.009999999999999998 20
distribute_cash 9.076129032258065 31
contribute_cash 1.0558928571428572 28
update_start: 96; random_action_prob: 0.1545
update_complete: 96; loss: 12.00418217976888; cumulative_reward: 336.48500000000024; invalid_count: 0; positive_reward_count: 18; success_count: 17; episode_count: 22; best_tax_advantage: 20.0; avg_entropy: 1.356086646206677; random_exploration_count: 22; saved_snapshots: 0; random_action_prob: 0.1545
take_out_loan -0.010113636363636365 44
contribute_asset 0.9447619047619048 21
distribute_cash 10.650666666666666 30
contribute_cash -0.07363636363636362 33
update_start: 97; random_action_prob: 0.1537
update_complete: 97; loss: 12.500069618225098; cumulative_reward: 364.67500000000035; invalid_count: 0; positive_reward_count: 19; success_count: 18; episode_count: 22; best_tax_advantage: 20.0; avg_entropy: 1.188756701303646; random_exploration_count: 16; saved_snapshots: 0; random_action_prob: 0.1537
take_out_loan -0.00988888888888889 45
contribute_asset -0.004782608695652174 23
distribute_cash 13.542222222222222 27
contribute_cash -0.012424242424242424 33
update_start: 98; random_action_prob: 0.1530
update_complete: 98; loss: 14.479706764221191; cumulative_reward: 426.4800000000005; invalid_count: 0; positive_reward_count: 23; success_count: 21; episode_count: 23; best_tax_advantage: 20.0; avg_entropy: 1.2088411395670846; random_exploration_count: 15; saved_snapshots: 0; random_action_prob: 0.1530
take_out_loan 0.03166666666666667 48
contribute_asset -0.008333333333333333 24
distribute_cash 15.020740740740742 27
contribute_cash 0.6758620689655173 29
update_start: 99; random_action_prob: 0.1522
update_complete: 99; loss: 13.558198928833008; cumulative_reward: 374.3050000000005; invalid_count: 0; positive_reward_count: 20; success_count: 19; episode_count: 22; best_tax_advantage: 20.0; avg_entropy: 1.238146381918341; random_exploration_count: 16; saved_snapshots: 0; random_action_prob: 0.1522
take_out_loan -0.010638297872340425 47
contribute_asset -0.009545454545454544 22
distribute_cash 12.797777777777778 27
contribute_cash 0.92109375 32
2026-07-10T18:18:38 completed partnership_disguised_sale run=7 elapsed_seconds=798.30 updates_logged=100
2026-07-10T18:18:38 running partnership_disguised_sale run=8 seed=1737
update_start: 0; random_action_prob: 0.2500
update_complete: 0; loss: -0.1250974958141645; cumulative_reward: -2.004999999999999; invalid_count: 0; positive_reward_count: 0; success_count: 0; episode_count: 16; best_tax_advantage: 0.0; avg_entropy: 2.516629104502499; random_exploration_count: 32; saved_snapshots: 0; random_action_prob: 0.2500
take_out_loan -0.019125 40
contribute_asset -0.007333333333333333 15
distribute_cash -0.017916666666666668 36
contribute_cash -0.013108108108108108 37
update_start: 1; random_action_prob: 0.2487
update_complete: 1; loss: -0.13126541177431741; cumulative_reward: -2.5749999999999984; invalid_count: 0; positive_reward_count: 0; success_count: 0; episode_count: 16; best_tax_advantage: 0.0; avg_entropy: 2.500762838870287; random_exploration_count: 23; saved_snapshots: 0; random_action_prob: 0.2487
take_out_loan -0.01916666666666667 42
contribute_asset -0.0075 16
distribute_cash -0.02803030303030303 33
contribute_cash -0.019594594594594596 37
update_start: 2; random_action_prob: 0.2475
update_complete: 2; loss: 0.9105697870254517; cumulative_reward: 21.675000000000008; invalid_count: 0; positive_reward_count: 3; success_count: 0; episode_count: 16; best_tax_advantage: 12.0; avg_entropy: 2.6057178704068065; random_exploration_count: 34; saved_snapshots: 0; random_action_prob: 0.2475
take_out_loan 0.020869565217391303 46
contribute_asset 0.7050000000000001 14
distribute_cash 0.38166666666666665 30
contribute_cash -0.015921052631578947 38
update_start: 3; random_action_prob: 0.2463
update_complete: 3; loss: 0.9860275189081827; cumulative_reward: 17.99999999999999; invalid_count: 0; positive_reward_count: 2; success_count: 1; episode_count: 16; best_tax_advantage: 18.0; avg_entropy: 2.420667876023799; random_exploration_count: 26; saved_snapshots: 0; random_action_prob: 0.2463
take_out_loan -0.02175 40
contribute_asset -0.004230769230769231 13
distribute_cash 0.8164583333333333 24
contribute_cash -0.013137254901960785 51
update_start: 4; random_action_prob: 0.2450
update_complete: 4; loss: 1.144146203994751; cumulative_reward: 26.025; invalid_count: 0; positive_reward_count: 2; success_count: 1; episode_count: 16; best_tax_advantage: 18.0; avg_entropy: 2.4369990956038237; random_exploration_count: 38; saved_snapshots: 0; random_action_prob: 0.2450
take_out_loan -0.018378378378378378 37
contribute_asset -0.004705882352941177 17
distribute_cash 0.7801428571428571 35
contribute_cash -0.013333333333333334 39
update_start: 5; random_action_prob: 0.2438
update_complete: 5; loss: 1.1791077454884846; cumulative_reward: 16.005000000000003; invalid_count: 0; positive_reward_count: 1; success_count: 1; episode_count: 16; best_tax_advantage: 18.0; avg_entropy: 2.4912976399064064; random_exploration_count: 36; saved_snapshots: 0; random_action_prob: 0.2438
take_out_loan -0.02023809523809524 42
contribute_asset -0.0059375 16
distribute_cash 0.5122058823529412 34
contribute_cash -0.012916666666666667 36
update_start: 6; random_action_prob: 0.2426
update_complete: 6; loss: 0.3355388144652049; cumulative_reward: 7.954999999999997; invalid_count: 0; positive_reward_count: 2; success_count: 0; episode_count: 16; best_tax_advantage: 10.0; avg_entropy: 2.4805464604869485; random_exploration_count: 31; saved_snapshots: 0; random_action_prob: 0.2426
take_out_loan -0.019189189189189187 37
contribute_asset -0.005 13
distribute_cash 0.30594594594594593 37
contribute_cash -0.06317073170731707 41
update_start: 7; random_action_prob: 0.2414
update_complete: 7; loss: 0.036842544873555504; cumulative_reward: -1.625; invalid_count: 0; positive_reward_count: 1; success_count: 0; episode_count: 16; best_tax_advantage: 8.0; avg_entropy: 2.4220323972404003; random_exploration_count: 30; saved_snapshots: 0; random_action_prob: 0.2414
take_out_loan -0.018676470588235294 34
contribute_asset -0.005 15
distribute_cash 0.2225 34
contribute_cash -0.18844444444444444 45
update_start: 8; random_action_prob: 0.2402
update_complete: 8; loss: 1.0932082335154216; cumulative_reward: 15.834999999999994; invalid_count: 0; positive_reward_count: 1; success_count: 1; episode_count: 16; best_tax_advantage: 18.0; avg_entropy: 2.410833147354424; random_exploration_count: 23; saved_snapshots: 0; random_action_prob: 0.2402
take_out_loan 0.41865853658536584 41
contribute_asset -0.0053125 16
distribute_cash -0.024117647058823532 34
contribute_cash -0.011486486486486485 37
update_start: 9; random_action_prob: 0.2390
update_complete: 9; loss: 0.36405710379282635; cumulative_reward: 7.845000000000001; invalid_count: 0; positive_reward_count: 2; success_count: 0; episode_count: 16; best_tax_advantage: 10.0; avg_entropy: 2.582034159451723; random_exploration_count: 30; saved_snapshots: 0; random_action_prob: 0.2390
take_out_loan -0.017702702702702702 37
contribute_asset -0.0096875 16
distribute_cash 0.22219512195121954 41
contribute_cash -0.01338235294117647 34
update_start: 10; random_action_prob: 0.2378
update_complete: 10; loss: 0.9375231464703878; cumulative_reward: 16.189999999999994; invalid_count: 0; positive_reward_count: 1; success_count: 1; episode_count: 16; best_tax_advantage: 18.0; avg_entropy: 2.4869140721857548; random_exploration_count: 27; saved_snapshots: 0; random_action_prob: 0.2378
take_out_loan -0.018 35
contribute_asset -0.011428571428571429 14
distribute_cash 0.4854166666666667 36
contribute_cash -0.011511627906976744 43
update_start: 11; random_action_prob: 0.2366
update_complete: 11; loss: 0.48631959160168964; cumulative_reward: 11.899999999999993; invalid_count: 0; positive_reward_count: 4; success_count: 0; episode_count: 16; best_tax_advantage: 12.0; avg_entropy: 2.5459611415863037; random_exploration_count: 41; saved_snapshots: 0; random_action_prob: 0.2366
take_out_loan -0.019743589743589744 39
contribute_asset 0.7446875 16
distribute_cash 0.08125000000000002 40
contribute_cash -0.0756060606060606 33
update_start: 12; random_action_prob: 0.2354
update_complete: 12; loss: 2.382875839869181; cumulative_reward: 46.32499999999995; invalid_count: 0; positive_reward_count: 4; success_count: 2; episode_count: 16; best_tax_advantage: 20.0; avg_entropy: 2.4575930647552013; random_exploration_count: 33; saved_snapshots: 0; random_action_prob: 0.2354
take_out_loan 0.23910256410256414 39
contribute_asset -0.005294117647058824 17
distribute_cash 0.6330645161290323 31
contribute_cash 0.42597560975609755 41
update_start: 13; random_action_prob: 0.2342
update_complete: 13; loss: 1.0698412656784058; cumulative_reward: 14.069999999999991; invalid_count: 0; positive_reward_count: 2; success_count: 0; episode_count: 16; best_tax_advantage: 16.0; avg_entropy: 2.470431282185018; random_exploration_count: 37; saved_snapshots: 0; random_action_prob: 0.2342
take_out_loan -0.02 39
contribute_asset -0.005625 16
distribute_cash 0.40223684210526317 38
contribute_cash -0.009857142857142858 35
update_start: 14; random_action_prob: 0.2331
update_complete: 14; loss: 3.142652988433838; cumulative_reward: 42.03; invalid_count: 0; positive_reward_count: 5; success_count: 2; episode_count: 16; best_tax_advantage: 20.0; avg_entropy: 2.435796278528869; random_exploration_count: 25; saved_snapshots: 0; random_action_prob: 0.2331
take_out_loan -0.02048780487804878 41
contribute_asset 0.4632352941176471 17
distribute_cash 0.5131666666666667 30
contribute_cash 0.48999999999999994 40
update_start: 15; random_action_prob: 0.2319
update_complete: 15; loss: 0.07251605888207753; cumulative_reward: 4.320000000000002; invalid_count: 0; positive_reward_count: 1; success_count: 0; episode_count: 16; best_tax_advantage: 6.0; avg_entropy: 2.505891153588891; random_exploration_count: 35; saved_snapshots: 0; random_action_prob: 0.2319
take_out_loan -0.019444444444444445 36
contribute_asset -0.0019230769230769232 13
distribute_cash 0.14421052631578946 38
contribute_cash -0.010609756097560976 41
update_start: 16; random_action_prob: 0.2307
update_complete: 16; loss: 3.0560328165690103; cumulative_reward: 59.84000000000001; invalid_count: 0; positive_reward_count: 4; success_count: 3; episode_count: 16; best_tax_advantage: 18.0; avg_entropy: 2.3916041227057576; random_exploration_count: 24; saved_snapshots: 0; random_action_prob: 0.2307
take_out_loan -0.019130434782608695 46
contribute_asset -0.00029411764705882356 17
distribute_cash 2.459 25
contribute_cash -0.01875 40
update_start: 17; random_action_prob: 0.2296
update_complete: 17; loss: 1.2089737256368; cumulative_reward: 16.060000000000006; invalid_count: 0; positive_reward_count: 2; success_count: 1; episode_count: 16; best_tax_advantage: 18.0; avg_entropy: 2.5405316911637783; random_exploration_count: 27; saved_snapshots: 0; random_action_prob: 0.2296
take_out_loan -0.018142857142857145 35
contribute_asset -0.005 15
distribute_cash 0.42121951219512194 41
contribute_cash -0.013513513513513514 37
update_start: 18; random_action_prob: 0.2284
update_complete: 18; loss: 1.9239615201950073; cumulative_reward: 36.42000000000001; invalid_count: 0; positive_reward_count: 4; success_count: 2; episode_count: 16; best_tax_advantage: 18.0; avg_entropy: 2.4344522785395384; random_exploration_count: 25; saved_snapshots: 0; random_action_prob: 0.2284
take_out_loan -0.017361111111111112 36
contribute_asset 0.5826470588235294 17
distribute_cash 0.7858571428571429 35
contribute_cash -0.009125 40
update_start: 19; random_action_prob: 0.2273
update_complete: 19; loss: 2.03806471824646; cumulative_reward: 40.155; invalid_count: 0; positive_reward_count: 3; success_count: 1; episode_count: 16; best_tax_advantage: 18.0; avg_entropy: 2.4516896279528737; random_exploration_count: 35; saved_snapshots: 0; random_action_prob: 0.2273
take_out_loan -0.0175 36
contribute_asset -0.0040625 16
distribute_cash 1.2152941176470589 34
contribute_cash -0.011190476190476192 42
update_start: 20; random_action_prob: 0.2262
update_complete: 20; loss: 3.248948017756144; cumulative_reward: 53.91499999999998; invalid_count: 0; positive_reward_count: 4; success_count: 3; episode_count: 16; best_tax_advantage: 18.0; avg_entropy: 2.4095398681238294; random_exploration_count: 27; saved_snapshots: 0; random_action_prob: 0.2262
take_out_loan -0.020731707317073172 41
contribute_asset -0.007500000000000001 16
distribute_cash 1.7203225806451612 31
contribute_cash 0.03887500000000001 40
update_start: 21; random_action_prob: 0.2250
update_complete: 21; loss: 0.23545063535372415; cumulative_reward: -1.879999999999999; invalid_count: 0; positive_reward_count: 1; success_count: 0; episode_count: 16; best_tax_advantage: 10.0; avg_entropy: 2.5074399234727025; random_exploration_count: 26; saved_snapshots: 0; random_action_prob: 0.2250
take_out_loan -0.016714285714285713 35
contribute_asset -0.0067857142857142855 14
distribute_cash 0.2405128205128205 39
contribute_cash -0.2645 40
update_start: 22; random_action_prob: 0.2239
update_complete: 22; loss: 0.13980265458424887; cumulative_reward: -1.8549999999999984; invalid_count: 0; positive_reward_count: 1; success_count: 0; episode_count: 16; best_tax_advantage: 2.0; avg_entropy: 2.473092827014625; random_exploration_count: 33; saved_snapshots: 0; random_action_prob: 0.2239
take_out_loan -0.019358974358974358 39
contribute_asset -0.007 15
distribute_cash 0.04171428571428572 35
contribute_cash -0.06294871794871795 39
update_start: 23; random_action_prob: 0.2228
update_complete: 23; loss: 3.9679067134857178; cumulative_reward: 70.47499999999998; invalid_count: 0; positive_reward_count: 5; success_count: 3; episode_count: 16; best_tax_advantage: 20.0; avg_entropy: 2.4394367234781384; random_exploration_count: 25; saved_snapshots: 0; random_action_prob: 0.2228
take_out_loan -0.012241379310344826 29
contribute_asset -0.005 17
distribute_cash 0.741 45
contribute_cash 1.0154054054054054 37
update_start: 24; random_action_prob: 0.2217
update_complete: 24; loss: 1.3267061312993367; cumulative_reward: 17.975; invalid_count: 0; positive_reward_count: 1; success_count: 1; episode_count: 16; best_tax_advantage: 20.0; avg_entropy: 2.463359077461064; random_exploration_count: 27; saved_snapshots: 0; random_action_prob: 0.2217
take_out_loan -0.02 40
contribute_asset -0.002 15
distribute_cash 0.5532857142857144 35
contribute_cash -0.01473684210526316 38
update_start: 25; random_action_prob: 0.2206
update_complete: 25; loss: 1.4367955923080444; cumulative_reward: 17.950000000000003; invalid_count: 0; positive_reward_count: 1; success_count: 1; episode_count: 16; best_tax_advantage: 20.0; avg_entropy: 2.4994757371023297; random_exploration_count: 37; saved_snapshots: 0; random_action_prob: 0.2206
take_out_loan -0.0208974358974359 39
contribute_asset -0.0071428571428571435 14
distribute_cash 0.46 42
contribute_cash -0.013787878787878788 33
update_start: 26; random_action_prob: 0.2195
update_complete: 26; loss: 1.6528284152348836; cumulative_reward: 28.175; invalid_count: 0; positive_reward_count: 4; success_count: 1; episode_count: 16; best_tax_advantage: 18.0; avg_entropy: 2.3596555730327964; random_exploration_count: 25; saved_snapshots: 0; random_action_prob: 0.2195
take_out_loan -0.016944444444444443 36
contribute_asset -0.0028125 16
distribute_cash 1.0118571428571428 35
contribute_cash -0.16060975609756098 41
update_start: 27; random_action_prob: 0.2184
update_complete: 27; loss: 1.1258551279703777; cumulative_reward: 19.925000000000004; invalid_count: 0; positive_reward_count: 4; success_count: 1; episode_count: 16; best_tax_advantage: 18.0; avg_entropy: 2.395699188578874; random_exploration_count: 25; saved_snapshots: 0; random_action_prob: 0.2184
take_out_loan 0.02547619047619048 42
contribute_asset 0.118125 16
distribute_cash 0.6053448275862069 29
contribute_cash -0.014390243902439027 41
update_start: 28; random_action_prob: 0.2173
update_complete: 28; loss: 1.0154120127360027; cumulative_reward: 28.100000000000012; invalid_count: 0; positive_reward_count: 5; success_count: 1; episode_count: 16; best_tax_advantage: 18.0; avg_entropy: 2.5107882749289274; random_exploration_count: 25; saved_snapshots: 0; random_action_prob: 0.2173
take_out_loan 0.03024390243902439 41
contribute_asset -0.009375 16
distribute_cash 0.7383783783783784 37
contribute_cash -0.009117647058823529 34
update_start: 29; random_action_prob: 0.2162
update_complete: 29; loss: 1.9746565024058025; cumulative_reward: 42.04999999999999; invalid_count: 0; positive_reward_count: 6; success_count: 1; episode_count: 16; best_tax_advantage: 20.0; avg_entropy: 2.442813953384757; random_exploration_count: 23; saved_snapshots: 0; random_action_prob: 0.2162
take_out_loan 0.25054054054054054 37
contribute_asset -0.0061764705882352946 17
distribute_cash 1.1333333333333335 33
contribute_cash -0.11012195121951218 41
update_start: 30; random_action_prob: 0.2151
update_complete: 30; loss: 2.934154431025187; cumulative_reward: 43.955; invalid_count: 0; positive_reward_count: 3; success_count: 2; episode_count: 16; best_tax_advantage: 20.0; avg_entropy: 2.4481167923659086; random_exploration_count: 26; saved_snapshots: 0; random_action_prob: 0.2151
take_out_loan -0.01909090909090909 44
contribute_asset -0.00125 16
distribute_cash 0.7447058823529411 34
contribute_cash 0.5733823529411765 34
update_start: 31; random_action_prob: 0.2140
update_complete: 31; loss: 2.2793689568837485; cumulative_reward: 33.91499999999999; invalid_count: 0; positive_reward_count: 3; success_count: 1; episode_count: 16; best_tax_advantage: 20.0; avg_entropy: 2.4437253614887595; random_exploration_count: 32; saved_snapshots: 0; random_action_prob: 0.2140
take_out_loan -0.018421052631578946 38
contribute_asset -0.005333333333333333 15
distribute_cash 1.190921052631579 38
contribute_cash -0.28540540540540543 37
update_start: 32; random_action_prob: 0.2130
update_complete: 32; loss: 0.3162032663822174; cumulative_reward: 0.065000000000001; invalid_count: 0; positive_reward_count: 5; success_count: 0; episode_count: 16; best_tax_advantage: 8.0; avg_entropy: 2.3895282950252295; random_exploration_count: 24; saved_snapshots: 0; random_action_prob: 0.2130
take_out_loan 0.030374999999999996 40
contribute_asset -0.003 15
distribute_cash 0.03666666666666667 36
contribute_cash -0.06554054054054054 37
update_start: 33; random_action_prob: 0.2119
update_complete: 33; loss: 3.999845027923584; cumulative_reward: 67.91999999999997; invalid_count: 0; positive_reward_count: 4; success_count: 3; episode_count: 16; best_tax_advantage: 20.0; avg_entropy: 2.3777139615267515; random_exploration_count: 34; saved_snapshots: 0; random_action_prob: 0.2119
take_out_loan -0.017906976744186048 43
contribute_asset 1.1705882352941175 17
distribute_cash 0.918125 32
contribute_cash 0.5391666666666667 36
update_start: 34; random_action_prob: 0.2108
update_complete: 34; loss: 2.973728895187378; cumulative_reward: 58.394999999999996; invalid_count: 0; positive_reward_count: 6; success_count: 2; episode_count: 16; best_tax_advantage: 20.0; avg_entropy: 2.3351445328444242; random_exploration_count: 27; saved_snapshots: 0; random_action_prob: 0.2108
take_out_loan 0.180875 40
contribute_asset -0.003235294117647059 17
distribute_cash 1.562121212121212 33
contribute_cash -0.00881578947368421 38
update_start: 35; random_action_prob: 0.2098
update_complete: 35; loss: 1.390794316927592; cumulative_reward: 24.450000000000003; invalid_count: 0; positive_reward_count: 3; success_count: 1; episode_count: 16; best_tax_advantage: 20.0; avg_entropy: 2.3664904627949; random_exploration_count: 40; saved_snapshots: 0; random_action_prob: 0.2098
take_out_loan 0.18016129032258063 31
contribute_asset -0.0061764705882352946 17
distribute_cash 0.7152439024390244 41
contribute_cash -0.2655128205128205 39
update_start: 36; random_action_prob: 0.2087
update_complete: 36; loss: 0.4917321403821309; cumulative_reward: 2.000000000000002; invalid_count: 0; positive_reward_count: 5; success_count: 0; episode_count: 16; best_tax_advantage: 12.0; avg_entropy: 2.4317179303616285; random_exploration_count: 29; saved_snapshots: 0; random_action_prob: 0.2087
take_out_loan -0.017297297297297298 37
contribute_asset -0.00875 16
distribute_cash 0.381 40
contribute_cash -0.35600000000000004 35
update_start: 37; random_action_prob: 0.2077
update_complete: 37; loss: 2.8269057273864746; cumulative_reward: 66.505; invalid_count: 0; positive_reward_count: 4; success_count: 3; episode_count: 17; best_tax_advantage: 20.0; avg_entropy: 2.373603536747396; random_exploration_count: 21; saved_snapshots: 0; random_action_prob: 0.2077
take_out_loan 0.30951612903225806 31
contribute_asset 1.2440625 16
distribute_cash 0.9601282051282052 39
contribute_cash -0.010476190476190476 42
update_start: 38; random_action_prob: 0.2066
update_complete: 38; loss: 3.425783713658651; cumulative_reward: 58.214999999999954; invalid_count: 0; positive_reward_count: 4; success_count: 3; episode_count: 16; best_tax_advantage: 20.0; avg_entropy: 2.3146649692207575; random_exploration_count: 25; saved_snapshots: 0; random_action_prob: 0.2066
take_out_loan -0.019285714285714288 42
contribute_asset -0.0014705882352941176 17
distribute_cash 1.8593939393939394 33
contribute_cash -0.06416666666666666 36
update_start: 39; random_action_prob: 0.2056
update_complete: 39; loss: 2.8976241747538247; cumulative_reward: 59.75999999999999; invalid_count: 0; positive_reward_count: 6; success_count: 2; episode_count: 16; best_tax_advantage: 20.0; avg_entropy: 2.4872261406853795; random_exploration_count: 24; saved_snapshots: 0; random_action_prob: 0.2056
take_out_loan 0.23670212765957446 47
contribute_asset -0.01125 16
distribute_cash 1.5070588235294118 34
contribute_cash -0.0782258064516129 31
update_start: 40; random_action_prob: 0.2046
update_complete: 40; loss: 4.534582455952962; cumulative_reward: 69.585; invalid_count: 0; positive_reward_count: 6; success_count: 3; episode_count: 16; best_tax_advantage: 20.0; avg_entropy: 2.4577335687354207; random_exploration_count: 32; saved_snapshots: 0; random_action_prob: 0.2046
take_out_loan -0.0228125 48
contribute_asset -0.008333333333333333 15
distribute_cash 2.6229032258064517 31
contribute_cash -0.3089705882352941 34
update_start: 41; random_action_prob: 0.2036
update_complete: 41; loss: 4.964862982432048; cumulative_reward: 104.445; invalid_count: 0; positive_reward_count: 9; success_count: 5; episode_count: 17; best_tax_advantage: 20.0; avg_entropy: 2.328296742402017; random_exploration_count: 25; saved_snapshots: 0; random_action_prob: 0.2036
take_out_loan -0.015285714285714286 35
contribute_asset -0.0044444444444444444 18
distribute_cash 2.728142857142857 35
contribute_cash 0.23937500000000003 40
update_start: 42; random_action_prob: 0.2025
update_complete: 42; loss: 4.214771906534831; cumulative_reward: 104.21999999999997; invalid_count: 0; positive_reward_count: 8; success_count: 4; episode_count: 16; best_tax_advantage: 20.0; avg_entropy: 2.32011307310313; random_exploration_count: 17; saved_snapshots: 0; random_action_prob: 0.2025
take_out_loan -0.0185 40
contribute_asset -0.0029411764705882353 17
distribute_cash 3.0139393939393937 33
contribute_cash 0.14605263157894738 38
update_start: 43; random_action_prob: 0.2015
update_complete: 43; loss: 3.267110745112101; cumulative_reward: 67.77500000000003; invalid_count: 0; positive_reward_count: 6; success_count: 3; episode_count: 16; best_tax_advantage: 20.0; avg_entropy: 2.318166750483215; random_exploration_count: 26; saved_snapshots: 0; random_action_prob: 0.2015
take_out_loan -0.0213 50
contribute_asset -0.0021874999999999998 16
distribute_cash 2.302258064516129 31
contribute_cash -0.08048387096774193 31
update_start: 44; random_action_prob: 0.2005
update_complete: 44; loss: 3.1999123096466064; cumulative_reward: 58.094999999999985; invalid_count: 0; positive_reward_count: 4; success_count: 3; episode_count: 16; best_tax_advantage: 20.0; avg_entropy: 2.2210699087008834; random_exploration_count: 25; saved_snapshots: 0; random_action_prob: 0.2005
take_out_loan -0.018095238095238095 42
contribute_asset -0.000625 16
distribute_cash 1.982 30
contribute_cash -0.014875 40
update_start: 45; random_action_prob: 0.1995
update_complete: 45; loss: 5.1272939046223955; cumulative_reward: 110.38000000000001; invalid_count: 0; positive_reward_count: 8; success_count: 5; episode_count: 16; best_tax_advantage: 20.0; avg_entropy: 2.318251854740083; random_exploration_count: 29; saved_snapshots: 0; random_action_prob: 0.1995
take_out_loan -0.015921052631578947 38
contribute_asset -0.0025 16
distribute_cash 2.785125 40
contribute_cash -0.011176470588235295 34
update_start: 46; random_action_prob: 0.1985
update_complete: 46; loss: 6.506863117218018; cumulative_reward: 136.13; invalid_count: 0; positive_reward_count: 8; success_count: 7; episode_count: 17; best_tax_advantage: 20.0; avg_entropy: 2.1776149114593863; random_exploration_count: 30; saved_snapshots: 0; random_action_prob: 0.1985
take_out_loan -0.018255813953488374 43
contribute_asset -0.0008333333333333333 18
distribute_cash 4.433225806451613 31
contribute_cash -0.013888888888888888 36
update_start: 47; random_action_prob: 0.1975
update_complete: 47; loss: 3.7150392532348633; cumulative_reward: 73.73; invalid_count: 0; positive_reward_count: 5; success_count: 4; episode_count: 17; best_tax_advantage: 20.0; avg_entropy: 2.208489903714508; random_exploration_count: 24; saved_snapshots: 0; random_action_prob: 0.1975
take_out_loan -0.020816326530612245 49
contribute_asset -0.003823529411764706 17
distribute_cash 2.6643103448275864 29
contribute_cash -0.07424242424242423 33
update_start: 48; random_action_prob: 0.1965
update_complete: 48; loss: 3.8598410288492837; cumulative_reward: 55.744999999999976; invalid_count: 0; positive_reward_count: 7; success_count: 3; episode_count: 16; best_tax_advantage: 20.0; avg_entropy: 2.2929549794644117; random_exploration_count: 28; saved_snapshots: 0; random_action_prob: 0.1965
take_out_loan -0.020729166666666667 48
contribute_asset -0.0058823529411764705 17
distribute_cash 1.91390625 32
contribute_cash -0.14209677419354835 31
update_start: 49; random_action_prob: 0.1956
update_complete: 49; loss: 3.6114593346913657; cumulative_reward: 58.13499999999999; invalid_count: 0; positive_reward_count: 4; success_count: 3; episode_count: 16; best_tax_advantage: 20.0; avg_entropy: 2.2207060290966183; random_exploration_count: 26; saved_snapshots: 0; random_action_prob: 0.1956
take_out_loan 0.36319148936170215 47
contribute_asset -0.0046875 16
distribute_cash 0.7710714285714285 28
contribute_cash 0.5283783783783784 37
update_start: 50; random_action_prob: 0.1946
update_complete: 50; loss: 2.130157391230265; cumulative_reward: 45.514999999999986; invalid_count: 0; positive_reward_count: 5; success_count: 1; episode_count: 16; best_tax_advantage: 20.0; avg_entropy: 2.2411753553897142; random_exploration_count: 27; saved_snapshots: 0; random_action_prob: 0.1946
take_out_loan -0.021400000000000002 50
contribute_asset -0.0121875 16
distribute_cash 0.9375862068965518 29
contribute_cash 0.5936363636363636 33
update_start: 51; random_action_prob: 0.1936
update_complete: 51; loss: 3.8898449738820395; cumulative_reward: 81.69000000000003; invalid_count: 0; positive_reward_count: 7; success_count: 4; episode_count: 17; best_tax_advantage: 20.0; avg_entropy: 2.2856741049326956; random_exploration_count: 25; saved_snapshots: 0; random_action_prob: 0.1936
take_out_loan -0.0204 50
contribute_asset 1.0541176470588236 17
distribute_cash 2.3225862068965517 29
contribute_cash -0.08015625 32
update_start: 52; random_action_prob: 0.1926
update_complete: 52; loss: 6.406573295593262; cumulative_reward: 133.93000000000012; invalid_count: 0; positive_reward_count: 8; success_count: 7; episode_count: 17; best_tax_advantage: 20.0; avg_entropy: 2.271554372739047; random_exploration_count: 23; saved_snapshots: 0; random_action_prob: 0.1926
take_out_loan 0.32596153846153847 52
contribute_asset 1.2459375 16
distribute_cash 3.1409677419354836 31
contribute_cash -0.011206896551724138 29
update_start: 53; random_action_prob: 0.1917
update_complete: 53; loss: 5.847807248433431; cumulative_reward: 127.475; invalid_count: 0; positive_reward_count: 8; success_count: 6; episode_count: 17; best_tax_advantage: 20.0; avg_entropy: 2.2000629091635346; random_exploration_count: 20; saved_snapshots: 0; random_action_prob: 0.1917
take_out_loan -0.021339285714285717 56
contribute_asset -0.013235294117647059 17
distribute_cash 4.862777777777778 27
contribute_cash -0.08571428571428572 28
update_start: 54; random_action_prob: 0.1907
update_complete: 54; loss: 3.9019056955973306; cumulative_reward: 71.96999999999998; invalid_count: 0; positive_reward_count: 9; success_count: 3; episode_count: 16; best_tax_advantage: 20.0; avg_entropy: 2.199608556460589; random_exploration_count: 21; saved_snapshots: 0; random_action_prob: 0.1907
take_out_loan 0.1903125 48
contribute_asset -0.005 17
distribute_cash 2.2560344827586207 29
contribute_cash -0.07367647058823529 34
update_start: 55; random_action_prob: 0.1898
update_complete: 55; loss: 3.185751756032308; cumulative_reward: 47.40499999999997; invalid_count: 0; positive_reward_count: 5; success_count: 2; episode_count: 16; best_tax_advantage: 20.0; avg_entropy: 2.195780704030767; random_exploration_count: 25; saved_snapshots: 0; random_action_prob: 0.1898
take_out_loan -0.021346153846153848 52
contribute_asset -0.009117647058823529 17
distribute_cash 2.1134482758620687 29
contribute_cash -0.42066666666666674 30
update_start: 56; random_action_prob: 0.1888
update_complete: 56; loss: 1.3130540053049724; cumulative_reward: 7.210000000000004; invalid_count: 0; positive_reward_count: 2; success_count: 0; episode_count: 16; best_tax_advantage: 10.0; avg_entropy: 2.2298105340451; random_exploration_count: 21; saved_snapshots: 0; random_action_prob: 0.1888
take_out_loan -0.022222222222222223 54
contribute_asset -0.004333333333333333 15
distribute_cash 0.3186206896551725 29
contribute_cash -0.025500000000000002 30
update_start: 57; random_action_prob: 0.1879
update_complete: 57; loss: 5.931154251098633; cumulative_reward: 121.45; invalid_count: 0; positive_reward_count: 8; success_count: 5; episode_count: 16; best_tax_advantage: 20.0; avg_entropy: 2.3855433575809; random_exploration_count: 29; saved_snapshots: 0; random_action_prob: 0.1879
take_out_loan 0.40230769230769237 52
contribute_asset -0.010624999999999999 16
distribute_cash 2.1675 32
contribute_cash 1.1192857142857142 28
update_start: 58; random_action_prob: 0.1869
update_complete: 58; loss: 3.9780631065368652; cumulative_reward: 73.64999999999998; invalid_count: 0; positive_reward_count: 5; success_count: 4; episode_count: 16; best_tax_advantage: 20.0; avg_entropy: 2.2181318583898246; random_exploration_count: 24; saved_snapshots: 0; random_action_prob: 0.1869
take_out_loan -0.022314814814814815 54
contribute_asset -0.0014705882352941176 17
distribute_cash 3.140833333333333 24
contribute_cash -0.015151515151515152 33
update_start: 59; random_action_prob: 0.1860
update_complete: 59; loss: 7.500560601552327; cumulative_reward: 153.6; invalid_count: 0; positive_reward_count: 8; success_count: 8; episode_count: 17; best_tax_advantage: 20.0; avg_entropy: 2.1927830390632153; random_exploration_count: 20; saved_snapshots: 0; random_action_prob: 0.1860
take_out_loan -0.020384615384615386 52
contribute_asset -0.006944444444444444 18
distribute_cash 4.665 29
contribute_cash 0.6724137931034483 29
update_start: 60; random_action_prob: 0.1851
update_complete: 60; loss: 6.352467695871989; cumulative_reward: 115.37499999999999; invalid_count: 0; positive_reward_count: 7; success_count: 6; episode_count: 16; best_tax_advantage: 20.0; avg_entropy: 2.253702959511429; random_exploration_count: 25; saved_snapshots: 0; random_action_prob: 0.1851
take_out_loan -0.01963636363636364 55
contribute_asset -0.007647058823529412 17
distribute_cash 4.61625 28
contribute_cash -0.4525 28
update_start: 61; random_action_prob: 0.1841
update_complete: 61; loss: 1.8570541938145955; cumulative_reward: 19.53000000000001; invalid_count: 0; positive_reward_count: 2; success_count: 1; episode_count: 16; best_tax_advantage: 20.0; avg_entropy: 2.2691223630681634; random_exploration_count: 24; saved_snapshots: 0; random_action_prob: 0.1841
take_out_loan -0.022547169811320756 53
contribute_asset -0.0046875 16
distribute_cash 0.8564 25
contribute_cash -0.017941176470588235 34
update_start: 62; random_action_prob: 0.1832
update_complete: 62; loss: 4.360104560852051; cumulative_reward: 75.80499999999996; invalid_count: 0; positive_reward_count: 4; success_count: 4; episode_count: 16; best_tax_advantage: 20.0; avg_entropy: 2.221712540369481; random_exploration_count: 23; saved_snapshots: 0; random_action_prob: 0.1832
take_out_loan -0.018775510204081632 49
contribute_asset -0.007352941176470588 17
distribute_cash 1.9810344827586208 29
contribute_cash 0.5878787878787879 33
update_start: 63; random_action_prob: 0.1823
update_complete: 63; loss: 5.121018409729004; cumulative_reward: 95.27000000000002; invalid_count: 0; positive_reward_count: 6; success_count: 5; episode_count: 16; best_tax_advantage: 20.0; avg_entropy: 2.206086662132293; random_exploration_count: 20; saved_snapshots: 0; random_action_prob: 0.1823
take_out_loan -0.021379310344827585 58
contribute_asset -0.007941176470588236 17
distribute_cash 3.448913043478261 23
contribute_cash 0.5773333333333334 30
update_start: 64; random_action_prob: 0.1814
update_complete: 64; loss: 6.096367518107097; cumulative_reward: 141.645; invalid_count: 0; positive_reward_count: 10; success_count: 7; episode_count: 17; best_tax_advantage: 20.0; avg_entropy: 2.2767016934230924; random_exploration_count: 29; saved_snapshots: 0; random_action_prob: 0.1814
take_out_loan -0.019909090909090908 55
contribute_asset 1.1041666666666667 18
distribute_cash 5.539347826086956 23
contribute_cash -0.141875 32
update_start: 65; random_action_prob: 0.1805
update_complete: 65; loss: 6.967382113138835; cumulative_reward: 151.84000000000003; invalid_count: 0; positive_reward_count: 10; success_count: 8; episode_count: 18; best_tax_advantage: 20.0; avg_entropy: 2.20192157686688; random_exploration_count: 22; saved_snapshots: 0; random_action_prob: 0.1805
take_out_loan 0.3151851851851852 54
contribute_asset -0.0025 18
distribute_cash 3.7819354838709676 31
contribute_cash 0.705 25
update_start: 66; random_action_prob: 0.1796
update_complete: 66; loss: 3.363417943318685; cumulative_reward: 73.775; invalid_count: 0; positive_reward_count: 7; success_count: 2; episode_count: 16; best_tax_advantage: 20.0; avg_entropy: 2.1283066240139306; random_exploration_count: 23; saved_snapshots: 0; random_action_prob: 0.1796
take_out_loan 0.2998 50
contribute_asset -0.0014705882352941176 17
distribute_cash 3.0976 25
contribute_cash -0.5175000000000001 36
update_start: 67; random_action_prob: 0.1787
update_complete: 67; loss: 3.227536757787069; cumulative_reward: 65.84; invalid_count: 0; positive_reward_count: 5; success_count: 3; episode_count: 16; best_tax_advantage: 20.0; avg_entropy: 2.1319448084104806; random_exploration_count: 26; saved_snapshots: 0; random_action_prob: 0.1787
take_out_loan -0.01923913043478261 46
contribute_asset -0.0011764705882352942 17
distribute_cash 2.1719354838709677 31
contribute_cash -0.017205882352941175 34
update_start: 68; random_action_prob: 0.1778
update_complete: 68; loss: 4.229052861531575; cumulative_reward: 95.81; invalid_count: 0; positive_reward_count: 7; success_count: 4; episode_count: 16; best_tax_advantage: 20.0; avg_entropy: 2.1225624810904264; random_exploration_count: 19; saved_snapshots: 0; random_action_prob: 0.1778
take_out_loan -0.01847826086956522 46
contribute_asset -0.006764705882352942 17
distribute_cash 3.700862068965517 29
contribute_cash -0.29305555555555557 36
update_start: 69; random_action_prob: 0.1769
update_complete: 69; loss: 5.63062858581543; cumulative_reward: 115.58999999999999; invalid_count: 0; positive_reward_count: 6; success_count: 6; episode_count: 17; best_tax_advantage: 20.0; avg_entropy: 2.2831420581787825; random_exploration_count: 14; saved_snapshots: 0; random_action_prob: 0.1769
take_out_loan -0.017941176470588235 51
contribute_asset -0.004166666666666667 18
distribute_cash 1.976896551724138 29
contribute_cash 1.975 30
update_start: 70; random_action_prob: 0.1760
update_complete: 70; loss: 5.586528778076172; cumulative_reward: 125.83000000000008; invalid_count: 0; positive_reward_count: 8; success_count: 6; episode_count: 17; best_tax_advantage: 20.0; avg_entropy: 2.2340432475320995; random_exploration_count: 24; saved_snapshots: 0; random_action_prob: 0.1760
take_out_loan -0.018365384615384613 52
contribute_asset -0.0044444444444444444 18
distribute_cash 4.718518518518518 27
contribute_cash -0.017258064516129032 31
update_start: 71; random_action_prob: 0.1751
update_complete: 71; loss: 5.422631581624349; cumulative_reward: 99.61500000000001; invalid_count: 0; positive_reward_count: 9; success_count: 5; episode_count: 16; best_tax_advantage: 20.0; avg_entropy: 2.2063632356002927; random_exploration_count: 17; saved_snapshots: 0; random_action_prob: 0.1751
take_out_loan -0.0199 50
contribute_asset -0.001764705882352941 17
distribute_cash 3.1078333333333332 30
contribute_cash 0.23887096774193556 31
update_start: 72; random_action_prob: 0.1743
update_complete: 72; loss: 3.81761105855306; cumulative_reward: 103.52000000000001; invalid_count: 0; positive_reward_count: 11; success_count: 4; episode_count: 17; best_tax_advantage: 20.0; avg_entropy: 2.2359528467059135; random_exploration_count: 24; saved_snapshots: 0; random_action_prob: 0.1743
take_out_loan -0.020377358490566037 53
contribute_asset -0.003529411764705882 17
distribute_cash 2.939310344827586 29
contribute_cash 0.6696551724137931 29
update_start: 73; random_action_prob: 0.1734
update_complete: 73; loss: 6.239442030588786; cumulative_reward: 161.72500000000005; invalid_count: 0; positive_reward_count: 12; success_count: 6; episode_count: 17; best_tax_advantage: 20.0; avg_entropy: 2.2164696799591184; random_exploration_count: 30; saved_snapshots: 0; random_action_prob: 0.1734
take_out_loan -0.018600000000000002 50
contribute_asset -0.005833333333333333 18
distribute_cash 5.198548387096774 31
contribute_cash 0.055344827586206895 29
update_start: 74; random_action_prob: 0.1725
update_complete: 74; loss: 7.685778776804606; cumulative_reward: 183.94; invalid_count: 0; positive_reward_count: 12; success_count: 9; episode_count: 18; best_tax_advantage: 20.0; avg_entropy: 2.162808178924024; random_exploration_count: 19; saved_snapshots: 0; random_action_prob: 0.1725
take_out_loan 0.3149074074074074 54
contribute_asset -0.0030555555555555557 18
distribute_cash 5.749615384615385 26
contribute_cash 0.5833333333333334 30
update_start: 75; random_action_prob: 0.1717
update_complete: 75; loss: 4.811144987742106; cumulative_reward: 87.445; invalid_count: 0; positive_reward_count: 6; success_count: 4; episode_count: 16; best_tax_advantage: 20.0; avg_entropy: 2.20224813465029; random_exploration_count: 25; saved_snapshots: 0; random_action_prob: 0.1717
take_out_loan -0.020784313725490198 51
contribute_asset -0.003235294117647059 17
distribute_cash 3.81125 24
contribute_cash -0.08083333333333334 36
update_start: 76; random_action_prob: 0.1708
update_complete: 76; loss: 5.632081985473633; cumulative_reward: 113.54499999999997; invalid_count: 0; positive_reward_count: 7; success_count: 6; episode_count: 17; best_tax_advantage: 20.0; avg_entropy: 2.2312714089639485; random_exploration_count: 26; saved_snapshots: 0; random_action_prob: 0.1708
take_out_loan -0.019803921568627453 51
contribute_asset -0.00823529411764706 17
distribute_cash 3.2905714285714285 35
contribute_cash -0.019000000000000003 25
update_start: 77; random_action_prob: 0.1699
update_complete: 77; loss: 6.808286825815837; cumulative_reward: 171.41000000000003; invalid_count: 0; positive_reward_count: 11; success_count: 7; episode_count: 17; best_tax_advantage: 20.0; avg_entropy: 2.064110951963812; random_exploration_count: 18; saved_snapshots: 0; random_action_prob: 0.1699
take_out_loan 0.31287037037037035 54
contribute_asset -0.003333333333333333 18
distribute_cash 4.828392857142857 28
contribute_cash 0.6921428571428573 28
update_start: 78; random_action_prob: 0.1691
update_complete: 78; loss: 6.27332083384196; cumulative_reward: 137.6; invalid_count: 0; positive_reward_count: 9; success_count: 7; episode_count: 17; best_tax_advantage: 20.0; avg_entropy: 2.016982082161121; random_exploration_count: 23; saved_snapshots: 0; random_action_prob: 0.1691
take_out_loan -0.019999999999999997 57
contribute_asset -0.004722222222222221 18
distribute_cash 5.787142857142857 21
contribute_cash 0.54046875 32
update_start: 79; random_action_prob: 0.1683
update_complete: 79; loss: 8.546586354573568; cumulative_reward: 205.65000000000006; invalid_count: 0; positive_reward_count: 11; success_count: 10; episode_count: 18; best_tax_advantage: 20.0; avg_entropy: 1.9635658886982128; random_exploration_count: 23; saved_snapshots: 0; random_action_prob: 0.1683
take_out_loan -0.018333333333333333 54
contribute_asset -0.00736842105263158 19
distribute_cash 7.5 25
contribute_cash 0.6426666666666667 30
update_start: 80; random_action_prob: 0.1674
update_complete: 80; loss: 8.20285701751709; cumulative_reward: 225.49500000000006; invalid_count: 0; positive_reward_count: 14; success_count: 10; episode_count: 18; best_tax_advantage: 20.0; avg_entropy: 1.8844434712082148; random_exploration_count: 20; saved_snapshots: 0; random_action_prob: 0.1674
take_out_loan -0.018839285714285715 56
contribute_asset 0.5192105263157895 19
distribute_cash 6.8161538461538465 26
contribute_cash 1.4616666666666664 27
update_start: 81; random_action_prob: 0.1666
update_complete: 81; loss: 7.982614040374756; cumulative_reward: 205.63500000000002; invalid_count: 0; positive_reward_count: 12; success_count: 10; episode_count: 18; best_tax_advantage: 20.0; avg_entropy: 1.9270438080420718; random_exploration_count: 24; saved_snapshots: 0; random_action_prob: 0.1666
take_out_loan -0.017924528301886792 53
contribute_asset -0.008157894736842105 19
distribute_cash 6.61983870967742 31
contribute_cash 0.061000000000000006 25
update_start: 82; random_action_prob: 0.1657
update_complete: 82; loss: 8.236536026000977; cumulative_reward: 199.65500000000003; invalid_count: 0; positive_reward_count: 11; success_count: 10; episode_count: 17; best_tax_advantage: 20.0; avg_entropy: 1.833941510762088; random_exploration_count: 16; saved_snapshots: 0; random_action_prob: 0.1657
take_out_loan 0.3153703703703704 54
contribute_asset -0.004722222222222221 18
distribute_cash 6.050370370370371 27
contribute_cash 0.6672413793103448 29
update_start: 83; random_action_prob: 0.1649
update_complete: 83; loss: 8.710390408833822; cumulative_reward: 197.44000000000008; invalid_count: 0; positive_reward_count: 10; success_count: 10; episode_count: 17; best_tax_advantage: 20.0; avg_entropy: 1.7550211214693263; random_exploration_count: 21; saved_snapshots: 0; random_action_prob: 0.1649
take_out_loan -0.018771929824561405 57
contribute_asset -0.008611111111111111 18
distribute_cash 7.972799999999999 25
contribute_cash -0.023392857142857142 28
update_start: 84; random_action_prob: 0.1641
update_complete: 84; loss: 8.251030604044596; cumulative_reward: 217.95500000000007; invalid_count: 0; positive_reward_count: 16; success_count: 10; episode_count: 19; best_tax_advantage: 20.0; avg_entropy: 1.7564575684373267; random_exploration_count: 27; saved_snapshots: 0; random_action_prob: 0.1641
take_out_loan -0.017843137254901963 51
contribute_asset -0.003157894736842105 19
distribute_cash 8.835714285714285 28
contribute_cash -0.9491666666666666 30
update_start: 85; random_action_prob: 0.1633
update_complete: 85; loss: 7.636138757069905; cumulative_reward: 175.63000000000017; invalid_count: 0; positive_reward_count: 10; success_count: 9; episode_count: 18; best_tax_advantage: 20.0; avg_entropy: 1.7751234636525624; random_exploration_count: 22; saved_snapshots: 0; random_action_prob: 0.1633
take_out_loan -0.017641509433962265 53
contribute_asset 1.046842105263158 19
distribute_cash 5.7281249999999995 24
contribute_cash 0.6 32
update_start: 86; random_action_prob: 0.1625
update_complete: 86; loss: 6.65850830078125; cumulative_reward: 151.84000000000006; invalid_count: 0; positive_reward_count: 8; success_count: 8; episode_count: 17; best_tax_advantage: 20.0; avg_entropy: 1.7727238154038787; random_exploration_count: 25; saved_snapshots: 0; random_action_prob: 0.1625
take_out_loan -0.016595744680851066 47
contribute_asset -0.005277777777777778 18
distribute_cash 5.90076923076923 26
contribute_cash -0.019054054054054054 37
update_start: 87; random_action_prob: 0.1616
update_complete: 87; loss: 8.005544980367025; cumulative_reward: 190.04000000000005; invalid_count: 0; positive_reward_count: 10; success_count: 10; episode_count: 18; best_tax_advantage: 20.0; avg_entropy: 1.9344356381334364; random_exploration_count: 25; saved_snapshots: 0; random_action_prob: 0.1616
take_out_loan -0.0165625 48
contribute_asset 1.046578947368421 19
distribute_cash 4.5344827586206895 29
contribute_cash 1.2328125 32
update_start: 88; random_action_prob: 0.1608
update_complete: 88; loss: 6.04426383972168; cumulative_reward: 154.12000000000012; invalid_count: 0; positive_reward_count: 12; success_count: 7; episode_count: 17; best_tax_advantage: 20.0; avg_entropy: 1.79289868415799; random_exploration_count: 20; saved_snapshots: 0; random_action_prob: 0.1608
take_out_loan 0.1659090909090909 44
contribute_asset -0.005555555555555556 18
distribute_cash 6.058653846153846 26
contribute_cash -0.26512499999999994 40
update_start: 89; random_action_prob: 0.1600
update_complete: 89; loss: 11.138715426127115; cumulative_reward: 269.8850000000002; invalid_count: 0; positive_reward_count: 15; success_count: 14; episode_count: 18; best_tax_advantage: 20.0; avg_entropy: 1.857388562289998; random_exploration_count: 19; saved_snapshots: 0; random_action_prob: 0.1600
take_out_loan -0.0147 50
contribute_asset 1.044736842105263 19
distribute_cash 7.234259259259259 27
contribute_cash 1.73265625 32
update_start: 90; random_action_prob: 0.1592
update_complete: 90; loss: 7.314976692199707; cumulative_reward: 169.93500000000003; invalid_count: 0; positive_reward_count: 9; success_count: 9; episode_count: 18; best_tax_advantage: 20.0; avg_entropy: 1.9330403236672282; random_exploration_count: 26; saved_snapshots: 0; random_action_prob: 0.1592
take_out_loan -0.0171 50
contribute_asset -0.005 17
distribute_cash 6.0602 25
contribute_cash 0.5380555555555556 36
update_start: 91; random_action_prob: 0.1584
update_complete: 91; loss: 7.047461986541748; cumulative_reward: 137.38999999999996; invalid_count: 0; positive_reward_count: 10; success_count: 7; episode_count: 17; best_tax_advantage: 20.0; avg_entropy: 1.9235359497833997; random_exploration_count: 27; saved_snapshots: 0; random_action_prob: 0.1584
take_out_loan -0.021160714285714286 56
contribute_asset 1.0991666666666666 18
distribute_cash 4.975208333333334 24
contribute_cash -0.02050000000000008 30
update_start: 92; random_action_prob: 0.1576
update_complete: 92; loss: 8.190104166666666; cumulative_reward: 197.38500000000005; invalid_count: 0; positive_reward_count: 12; success_count: 10; episode_count: 18; best_tax_advantage: 20.0; avg_entropy: 1.69517902971711; random_exploration_count: 20; saved_snapshots: 0; random_action_prob: 0.1576
take_out_loan -0.019444444444444445 54
contribute_asset -0.010555555555555556 18
distribute_cash 9.971 20
contribute_cash -0.022083333333333333 36
update_start: 93; random_action_prob: 0.1569
update_complete: 93; loss: 6.364930470784505; cumulative_reward: 133.29999999999995; invalid_count: 0; positive_reward_count: 7; success_count: 7; episode_count: 17; best_tax_advantage: 20.0; avg_entropy: 1.7762077145744115; random_exploration_count: 16; saved_snapshots: 0; random_action_prob: 0.1569
take_out_loan -0.019245283018867926 53
contribute_asset -0.01088235294117647 17
distribute_cash 6.155 22
contribute_cash -0.02513888888888889 36
update_start: 94; random_action_prob: 0.1561
update_complete: 94; loss: 9.672922134399414; cumulative_reward: 235.44000000000017; invalid_count: 0; positive_reward_count: 15; success_count: 12; episode_count: 18; best_tax_advantage: 20.0; avg_entropy: 1.7042805732926354; random_exploration_count: 19; saved_snapshots: 0; random_action_prob: 0.1561
take_out_loan 0.016842105263157894 57
contribute_asset -0.008157894736842105 19
distribute_cash 10.515681818181818 22
contribute_cash 0.1096666666666666 30
update_start: 95; random_action_prob: 0.1553
update_complete: 95; loss: 9.118544896443685; cumulative_reward: 233.53500000000003; invalid_count: 0; positive_reward_count: 13; success_count: 12; episode_count: 19; best_tax_advantage: 20.0; avg_entropy: 1.760923458088655; random_exploration_count: 19; saved_snapshots: 0; random_action_prob: 0.1553
take_out_loan -0.01913793103448276 58
contribute_asset -0.011052631578947368 19
distribute_cash 8.97375 24
contribute_cash 0.7216666666666667 27
update_start: 96; random_action_prob: 0.1545
update_complete: 96; loss: 10.245489438374838; cumulative_reward: 251.2950000000002; invalid_count: 0; positive_reward_count: 15; success_count: 12; episode_count: 18; best_tax_advantage: 20.0; avg_entropy: 1.6920401524403132; random_exploration_count: 14; saved_snapshots: 0; random_action_prob: 0.1545
take_out_loan -0.017410714285714286 56
contribute_asset -0.015 19
distribute_cash 9.800625 24
contribute_cash 0.5979310344827586 29
update_start: 97; random_action_prob: 0.1537
update_complete: 97; loss: 11.252557754516602; cumulative_reward: 283.51000000000016; invalid_count: 0; positive_reward_count: 15; success_count: 14; episode_count: 19; best_tax_advantage: 20.0; avg_entropy: 1.9214632356306538; random_exploration_count: 22; saved_snapshots: 0; random_action_prob: 0.1537
take_out_loan -0.015818181818181818 55
contribute_asset 0.9869999999999999 20
distribute_cash 6.615 28
contribute_cash 3.1768 25
update_start: 98; random_action_prob: 0.1530
update_complete: 98; loss: 8.707314491271973; cumulative_reward: 225.85999999999996; invalid_count: 0; positive_reward_count: 14; success_count: 11; episode_count: 19; best_tax_advantage: 20.0; avg_entropy: 1.785566026577726; random_exploration_count: 21; saved_snapshots: 0; random_action_prob: 0.1530
take_out_loan -0.015 47
contribute_asset -0.012105263157894737 19
distribute_cash 9.8125 24
contribute_cash -0.22907894736842105 38
update_start: 99; random_action_prob: 0.1522
update_complete: 99; loss: 13.128623008728027; cumulative_reward: 331.66000000000037; invalid_count: 0; positive_reward_count: 19; success_count: 17; episode_count: 20; best_tax_advantage: 20.0; avg_entropy: 1.7620687535381876; random_exploration_count: 23; saved_snapshots: 0; random_action_prob: 0.1522
take_out_loan 0.16916666666666666 54
contribute_asset -0.016 20
distribute_cash 11.97375 24
contribute_cash 1.1825 30
2026-07-10T18:31:54 completed partnership_disguised_sale run=8 elapsed_seconds=796.12 updates_logged=100
2026-07-10T18:31:54 running partnership_disguised_sale run=9 seed=1738
update_start: 0; random_action_prob: 0.2500
update_complete: 0; loss: 1.3935173352559407; cumulative_reward: 17.814999999999987; invalid_count: 0; positive_reward_count: 1; success_count: 1; episode_count: 16; best_tax_advantage: 20.0; avg_entropy: 2.5305144703015685; random_exploration_count: 30; saved_snapshots: 0; random_action_prob: 0.2500
take_out_loan -0.02032608695652174 46
contribute_asset -0.005 15
distribute_cash 0.6456666666666667 30
contribute_cash -0.01472972972972973 37
update_start: 1; random_action_prob: 0.2487
update_complete: 1; loss: 0.3633378744125366; cumulative_reward: 13.99499999999999; invalid_count: 0; positive_reward_count: 2; success_count: 0; episode_count: 16; best_tax_advantage: 10.0; avg_entropy: 2.523510274477303; random_exploration_count: 39; saved_snapshots: 0; random_action_prob: 0.2487
take_out_loan -0.01869047619047619 42
contribute_asset -0.0040625 16
distribute_cash 0.4256944444444445 36
contribute_cash -0.014117647058823528 34
update_start: 2; random_action_prob: 0.2475
update_complete: 2; loss: 0.2907109459241231; cumulative_reward: 7.78999999999999; invalid_count: 0; positive_reward_count: 1; success_count: 0; episode_count: 16; best_tax_advantage: 10.0; avg_entropy: 2.5696945125237107; random_exploration_count: 25; saved_snapshots: 0; random_action_prob: 0.2475
take_out_loan -0.02 43
contribute_asset 0.7035714285714286 14
distribute_cash -0.021470588235294116 34
contribute_cash -0.012702702702702703 37
update_start: 3; random_action_prob: 0.2463
update_complete: 3; loss: 1.3255033493041992; cumulative_reward: 27.569999999999993; invalid_count: 0; positive_reward_count: 3; success_count: 1; episode_count: 16; best_tax_advantage: 18.0; avg_entropy: 2.6816753754392266; random_exploration_count: 27; saved_snapshots: 0; random_action_prob: 0.2463
take_out_loan -0.02 46
contribute_asset -0.012142857142857144 14
distribute_cash 0.3201428571428571 35
contribute_cash 0.528939393939394 33
update_start: 4; random_action_prob: 0.2450
update_complete: 4; loss: 1.0632933775583904; cumulative_reward: 17.84; invalid_count: 0; positive_reward_count: 1; success_count: 1; episode_count: 16; best_tax_advantage: 20.0; avg_entropy: 2.5460847951471806; random_exploration_count: 21; saved_snapshots: 0; random_action_prob: 0.2450
take_out_loan -0.02010204081632653 49
contribute_asset -0.006 15
distribute_cash 0.5669117647058824 34
contribute_cash -0.012 30
update_start: 5; random_action_prob: 0.2438
update_complete: 5; loss: 0.2251461297273636; cumulative_reward: 4.100000000000008; invalid_count: 0; positive_reward_count: 2; success_count: 0; episode_count: 16; best_tax_advantage: 10.0; avg_entropy: 2.437885707244277; random_exploration_count: 33; saved_snapshots: 0; random_action_prob: 0.2438
take_out_loan 0.16136363636363638 33
contribute_asset -0.004666666666666667 15
distribute_cash -0.018684210526315786 38
contribute_cash -0.010595238095238095 42
update_start: 6; random_action_prob: 0.2426
update_complete: 6; loss: 0.6095701654752096; cumulative_reward: 17.720000000000002; invalid_count: 0; positive_reward_count: 2; success_count: 0; episode_count: 16; best_tax_advantage: 10.0; avg_entropy: 2.6078649275004864; random_exploration_count: 38; saved_snapshots: 0; random_action_prob: 0.2426
take_out_loan -0.01988095238095238 42
contribute_asset -0.009642857142857144 14
distribute_cash 0.5333333333333333 36
contribute_cash -0.014166666666666668 36
update_start: 7; random_action_prob: 0.2414
update_complete: 7; loss: -0.06936117261648178; cumulative_reward: 0.3499999999999991; invalid_count: 0; positive_reward_count: 1; success_count: 0; episode_count: 16; best_tax_advantage: 2.0; avg_entropy: 2.3468957915902138; random_exploration_count: 32; saved_snapshots: 0; random_action_prob: 0.2414
take_out_loan -0.020625 32
contribute_asset -0.004666666666666667 15
distribute_cash 0.04803030303030303 33
contribute_cash -0.010520833333333333 48
update_start: 8; random_action_prob: 0.2402
update_complete: 8; loss: 1.575475533803304; cumulative_reward: 32.24; invalid_count: 0; positive_reward_count: 4; success_count: 1; episode_count: 16; best_tax_advantage: 20.0; avg_entropy: 2.420308749191463; random_exploration_count: 32; saved_snapshots: 0; random_action_prob: 0.2402
take_out_loan -0.01838235294117647 34
contribute_asset 1.1720588235294118 17
distribute_cash 0.3705555555555555 36
contribute_cash -0.00975609756097561 41
update_start: 9; random_action_prob: 0.2390
update_complete: 9; loss: 5.748538970947266; cumulative_reward: 99.79000000000008; invalid_count: 0; positive_reward_count: 6; success_count: 5; episode_count: 17; best_tax_advantage: 20.0; avg_entropy: 2.5439824778586626; random_exploration_count: 28; saved_snapshots: 0; random_action_prob: 0.2390
take_out_loan -0.020444444444444446 45
contribute_asset 2.8088235294117645 17
distribute_cash 1.5238571428571428 35
contribute_cash -0.012096774193548387 31
update_start: 10; random_action_prob: 0.2378
update_complete: 10; loss: 1.0971010128657024; cumulative_reward: 33.77999999999999; invalid_count: 0; positive_reward_count: 5; success_count: 0; episode_count: 16; best_tax_advantage: 12.0; avg_entropy: 2.4233456826768816; random_exploration_count: 34; saved_snapshots: 0; random_action_prob: 0.2378
take_out_loan -0.020116279069767443 43
contribute_asset 0.28214285714285714 14
distribute_cash 0.8597058823529412 34
contribute_cash 0.03959459459459459 37
update_start: 11; random_action_prob: 0.2366
update_complete: 11; loss: 1.14875066280365; cumulative_reward: 17.999999999999996; invalid_count: 0; positive_reward_count: 1; success_count: 1; episode_count: 16; best_tax_advantage: 20.0; avg_entropy: 2.5310210464522243; random_exploration_count: 31; saved_snapshots: 0; random_action_prob: 0.2366
take_out_loan -0.019302325581395347 43
contribute_asset -0.005333333333333333 15
distribute_cash 0.6096875 32
contribute_cash -0.015789473684210527 38
update_start: 12; random_action_prob: 0.2354
update_complete: 12; loss: 4.6013978322347; cumulative_reward: 81.60999999999996; invalid_count: 0; positive_reward_count: 6; success_count: 4; episode_count: 16; best_tax_advantage: 20.0; avg_entropy: 2.535285900346935; random_exploration_count: 26; saved_snapshots: 0; random_action_prob: 0.2354
take_out_loan -0.020700000000000003 50
contribute_asset -0.00625 16
distribute_cash 1.09765625 32
contribute_cash 1.5873333333333335 30
update_start: 13; random_action_prob: 0.2342
update_complete: 13; loss: 1.344706416130066; cumulative_reward: 30.290000000000006; invalid_count: 0; positive_reward_count: 5; success_count: 1; episode_count: 16; best_tax_advantage: 20.0; avg_entropy: 2.3898886162787676; random_exploration_count: 37; saved_snapshots: 0; random_action_prob: 0.2342
take_out_loan -0.019210526315789473 38
contribute_asset -0.00625 16
distribute_cash 0.8131034482758621 29
contribute_cash 0.16755555555555557 45
update_start: 14; random_action_prob: 0.2331
update_complete: 14; loss: 2.1166470845540366; cumulative_reward: 34.19999999999999; invalid_count: 0; positive_reward_count: 2; success_count: 2; episode_count: 16; best_tax_advantage: 18.0; avg_entropy: 2.4343865551054478; random_exploration_count: 32; saved_snapshots: 0; random_action_prob: 0.2331
take_out_loan -0.015714285714285715 35
contribute_asset -0.009000000000000001 15
distribute_cash 0.9824999999999999 36
contribute_cash -0.011547619047619048 42
update_start: 15; random_action_prob: 0.2319
update_complete: 15; loss: 3.5675695737202964; cumulative_reward: 69.90499999999996; invalid_count: 0; positive_reward_count: 5; success_count: 3; episode_count: 16; best_tax_advantage: 20.0; avg_entropy: 2.4817856457084417; random_exploration_count: 26; saved_snapshots: 0; random_action_prob: 0.2319
take_out_loan -0.01877777777777778 45
contribute_asset 1.2855882352941175 17
distribute_cash 1.3668055555555556 36
contribute_cash -0.010333333333333333 30
update_start: 16; random_action_prob: 0.2307
update_complete: 16; loss: 2.3567330837249756; cumulative_reward: 38.13499999999997; invalid_count: 0; positive_reward_count: 4; success_count: 2; episode_count: 16; best_tax_advantage: 20.0; avg_entropy: 2.4555191276594996; random_exploration_count: 27; saved_snapshots: 0; random_action_prob: 0.2307
take_out_loan 0.03231707317073171 41
contribute_asset -0.007666666666666667 15
distribute_cash 1.29484375 32
contribute_cash -0.11274999999999999 40
update_start: 17; random_action_prob: 0.2296
update_complete: 17; loss: 1.2873727083206177; cumulative_reward: 17.849999999999994; invalid_count: 0; positive_reward_count: 1; success_count: 1; episode_count: 16; best_tax_advantage: 20.0; avg_entropy: 2.4669830966740847; random_exploration_count: 33; saved_snapshots: 0; random_action_prob: 0.2296
take_out_loan -0.02020833333333333 48
contribute_asset -0.0075 16
distribute_cash -0.02 31
contribute_cash 0.5927272727272727 33
update_start: 18; random_action_prob: 0.2284
update_complete: 18; loss: 3.426433245340983; cumulative_reward: 69.93499999999996; invalid_count: 0; positive_reward_count: 6; success_count: 3; episode_count: 16; best_tax_advantage: 20.0; avg_entropy: 2.4222589060664177; random_exploration_count: 34; saved_snapshots: 0; random_action_prob: 0.2284
take_out_loan -0.020555555555555556 45
contribute_asset -0.007500000000000001 16
distribute_cash 2.3810000000000002 30
contribute_cash -0.012162162162162163 37
update_start: 19; random_action_prob: 0.2273
update_complete: 19; loss: 1.478535493214925; cumulative_reward: 26.174999999999994; invalid_count: 0; positive_reward_count: 3; success_count: 1; episode_count: 16; best_tax_advantage: 18.0; avg_entropy: 2.3324712058529258; random_exploration_count: 35; saved_snapshots: 0; random_action_prob: 0.2273
take_out_loan -0.01858974358974359 39
contribute_asset -0.0028125 16
distribute_cash 0.6646341463414633 41
contribute_cash -0.00953125 32
update_start: 20; random_action_prob: 0.2262
update_complete: 20; loss: 1.4747116565704346; cumulative_reward: 20.009999999999998; invalid_count: 0; positive_reward_count: 3; success_count: 1; episode_count: 16; best_tax_advantage: 20.0; avg_entropy: 2.3208657717332244; random_exploration_count: 30; saved_snapshots: 0; random_action_prob: 0.2262
take_out_loan -0.020531914893617022 47
contribute_asset -0.006875 16
distribute_cash 1.1242857142857143 28
contribute_cash -0.2809459459459459 37
update_start: 21; random_action_prob: 0.2250
update_complete: 21; loss: 1.331969976425171; cumulative_reward: 34.13499999999999; invalid_count: 0; positive_reward_count: 6; success_count: 1; episode_count: 16; best_tax_advantage: 18.0; avg_entropy: 2.489653581753373; random_exploration_count: 35; saved_snapshots: 0; random_action_prob: 0.2250
take_out_loan 0.025454545454545452 44
contribute_asset -0.001875 16
distribute_cash 0.9826388888888888 36
contribute_cash -0.0728125 32
update_start: 22; random_action_prob: 0.2239
update_complete: 22; loss: 5.925545533498128; cumulative_reward: 99.57000000000006; invalid_count: 0; positive_reward_count: 7; success_count: 5; episode_count: 16; best_tax_advantage: 20.0; avg_entropy: 2.3518873187713325; random_exploration_count: 33; saved_snapshots: 0; random_action_prob: 0.2239
take_out_loan -0.021470588235294116 51
contribute_asset -0.0065625 16
distribute_cash 3.690714285714286 28
contribute_cash -0.07787878787878788 33
update_start: 23; random_action_prob: 0.2228
update_complete: 23; loss: 1.4155760208765666; cumulative_reward: 19.60499999999998; invalid_count: 0; positive_reward_count: 3; success_count: 1; episode_count: 16; best_tax_advantage: 20.0; avg_entropy: 2.357284016441554; random_exploration_count: 26; saved_snapshots: 0; random_action_prob: 0.2228
take_out_loan -0.01872340425531915 47
contribute_asset -0.009117647058823529 17
distribute_cash 0.3389393939393939 33
contribute_cash 0.305 31
update_start: 24; random_action_prob: 0.2217
update_complete: 24; loss: 1.675085425376892; cumulative_reward: 41.785; invalid_count: 0; positive_reward_count: 5; success_count: 2; episode_count: 16; best_tax_advantage: 20.0; avg_entropy: 2.317969902418554; random_exploration_count: 21; saved_snapshots: 0; random_action_prob: 0.2217
take_out_loan -0.021326530612244897 49
contribute_asset -0.008666666666666666 15
distribute_cash 1.3998387096774194 31
contribute_cash -0.013181818181818182 33
update_start: 25; random_action_prob: 0.2206
update_complete: 25; loss: 1.5585685968399048; cumulative_reward: 21.65; invalid_count: 0; positive_reward_count: 5; success_count: 1; episode_count: 16; best_tax_advantage: 20.0; avg_entropy: 2.3195435693487525; random_exploration_count: 31; saved_snapshots: 0; random_action_prob: 0.2206
take_out_loan -0.019285714285714288 42
contribute_asset 0.6181249999999999 16
distribute_cash 0.388235294117647 34
contribute_cash -0.0175 36
update_start: 26; random_action_prob: 0.2195
update_complete: 26; loss: 2.1578895250956216; cumulative_reward: 38.099999999999966; invalid_count: 0; positive_reward_count: 2; success_count: 2; episode_count: 16; best_tax_advantage: 20.0; avg_entropy: 2.265756187494844; random_exploration_count: 21; saved_snapshots: 0; random_action_prob: 0.2195
take_out_loan -0.019130434782608695 46
contribute_asset -0.005 16
distribute_cash 1.3632758620689653 29
contribute_cash -0.012837837837837839 37
update_start: 27; random_action_prob: 0.2184
update_complete: 27; loss: 6.38124148050944; cumulative_reward: 115.87000000000002; invalid_count: 0; positive_reward_count: 12; success_count: 5; episode_count: 16; best_tax_advantage: 20.0; avg_entropy: 2.3492466979660094; random_exploration_count: 25; saved_snapshots: 0; random_action_prob: 0.2184
take_out_loan 0.145 49
contribute_asset 0.10999999999999999 17
distribute_cash 4.118103448275862 29
contribute_cash -0.3796969696969697 33
update_start: 28; random_action_prob: 0.2173
update_complete: 28; loss: 2.4482080141703286; cumulative_reward: 47.84499999999998; invalid_count: 0; positive_reward_count: 5; success_count: 2; episode_count: 16; best_tax_advantage: 20.0; avg_entropy: 2.2998337536118925; random_exploration_count: 36; saved_snapshots: 0; random_action_prob: 0.2173
take_out_loan 0.16272727272727272 44
contribute_asset -0.005588235294117647 17
distribute_cash 1.6025 32
contribute_cash -0.3 35
update_start: 29; random_action_prob: 0.2162
update_complete: 29; loss: 4.323695341746013; cumulative_reward: 82.39999999999999; invalid_count: 0; positive_reward_count: 5; success_count: 3; episode_count: 16; best_tax_advantage: 20.0; avg_entropy: 2.2423157007433474; random_exploration_count: 21; saved_snapshots: 0; random_action_prob: 0.2162
take_out_loan -0.016875 40
contribute_asset -0.0021875 16
distribute_cash 1.98484375 32
contribute_cash 0.48987499999999995 40
update_start: 30; random_action_prob: 0.2151
update_complete: 30; loss: 4.303646405537923; cumulative_reward: 89.99999999999999; invalid_count: 0; positive_reward_count: 8; success_count: 4; episode_count: 17; best_tax_advantage: 20.0; avg_entropy: 2.26919904188253; random_exploration_count: 27; saved_snapshots: 0; random_action_prob: 0.2151
take_out_loan -0.019893617021276597 47
contribute_asset 1.055 17
distribute_cash 2.12 29
contribute_cash 0.3291428571428571 35
update_start: 31; random_action_prob: 0.2140
update_complete: 31; loss: 5.071745872497559; cumulative_reward: 113.92500000000004; invalid_count: 0; positive_reward_count: 8; success_count: 5; episode_count: 17; best_tax_advantage: 20.0; avg_entropy: 2.2392077546101063; random_exploration_count: 28; saved_snapshots: 0; random_action_prob: 0.2140
take_out_loan 0.2038888888888889 45
contribute_asset 2.226470588235294 17
distribute_cash 2.6686206896551723 29
contribute_cash -0.2835135135135135 37
update_start: 32; random_action_prob: 0.2130
update_complete: 32; loss: 5.240769386291504; cumulative_reward: 95.88499999999998; invalid_count: 0; positive_reward_count: 7; success_count: 5; episode_count: 17; best_tax_advantage: 20.0; avg_entropy: 2.231408638646826; random_exploration_count: 26; saved_snapshots: 0; random_action_prob: 0.2130
take_out_loan -0.01829787234042553 47
contribute_asset -0.007647058823529412 17
distribute_cash 3.399677419354839 31
contribute_cash -0.258030303030303 33
update_start: 33; random_action_prob: 0.2119
update_complete: 33; loss: 3.5226710637410483; cumulative_reward: 57.629999999999974; invalid_count: 0; positive_reward_count: 4; success_count: 3; episode_count: 16; best_tax_advantage: 20.0; avg_entropy: 2.1522099594585598; random_exploration_count: 24; saved_snapshots: 0; random_action_prob: 0.2119
take_out_loan 0.0206 50
contribute_asset -0.007941176470588236 17
distribute_cash 1.3868518518518518 27
contribute_cash 0.5673529411764706 34
update_start: 34; random_action_prob: 0.2108
update_complete: 34; loss: 5.357486406962077; cumulative_reward: 117.77499999999999; invalid_count: 0; positive_reward_count: 8; success_count: 5; episode_count: 17; best_tax_advantage: 20.0; avg_entropy: 2.0707221158081666; random_exploration_count: 27; saved_snapshots: 0; random_action_prob: 0.2108
take_out_loan -0.020100000000000003 50
contribute_asset -0.005 17
distribute_cash 4.282115384615384 26
contribute_cash 0.21514285714285714 35
update_start: 35; random_action_prob: 0.2098
update_complete: 35; loss: 1.1009773810704548; cumulative_reward: -1.9749999999999976; invalid_count: 0; positive_reward_count: 1; success_count: 0; episode_count: 16; best_tax_advantage: 2.0; avg_entropy: 2.295313209760934; random_exploration_count: 32; saved_snapshots: 0; random_action_prob: 0.2098
take_out_loan -0.02 47
contribute_asset -0.004333333333333333 15
distribute_cash 0.055344827586206895 29
contribute_cash -0.0695945945945946 37
update_start: 36; random_action_prob: 0.2087
update_complete: 36; loss: 4.064900875091553; cumulative_reward: 80.015; invalid_count: 0; positive_reward_count: 7; success_count: 4; episode_count: 17; best_tax_advantage: 20.0; avg_entropy: 2.1967948377132416; random_exploration_count: 26; saved_snapshots: 0; random_action_prob: 0.2087
take_out_loan 0.023297872340425532 47
contribute_asset -0.004705882352941177 17
distribute_cash 2.693064516129032 31
contribute_cash -0.13590909090909092 33
update_start: 37; random_action_prob: 0.2077
update_complete: 37; loss: 3.4656079610188804; cumulative_reward: 89.72500000000002; invalid_count: 0; positive_reward_count: 7; success_count: 3; episode_count: 16; best_tax_advantage: 20.0; avg_entropy: 2.180514155421406; random_exploration_count: 20; saved_snapshots: 0; random_action_prob: 0.2077
take_out_loan -0.01979166666666667 48
contribute_asset -0.011176470588235295 17
distribute_cash 3.6562 25
contribute_cash -0.014210526315789474 38
update_start: 38; random_action_prob: 0.2066
update_complete: 38; loss: 5.8350725173950195; cumulative_reward: 115.62999999999998; invalid_count: 0; positive_reward_count: 6; success_count: 6; episode_count: 17; best_tax_advantage: 20.0; avg_entropy: 2.043950220802799; random_exploration_count: 26; saved_snapshots: 0; random_action_prob: 0.2066
take_out_loan -0.019489795918367345 49
contribute_asset -0.008055555555555555 18
distribute_cash 3.9058333333333333 30
contribute_cash -0.01435483870967742 31
update_start: 39; random_action_prob: 0.2056
update_complete: 39; loss: 5.119855880737305; cumulative_reward: 98.31499999999994; invalid_count: 0; positive_reward_count: 8; success_count: 5; episode_count: 16; best_tax_advantage: 20.0; avg_entropy: 2.048748895060271; random_exploration_count: 22; saved_snapshots: 0; random_action_prob: 0.2056
take_out_loan -0.019404761904761907 42
contribute_asset -0.0029411764705882353 17
distribute_cash 3.413392857142857 28
contribute_cash 0.08792682926829264 41
update_start: 40; random_action_prob: 0.2046
update_complete: 40; loss: 4.6300811767578125; cumulative_reward: 97.77999999999997; invalid_count: 0; positive_reward_count: 12; success_count: 5; episode_count: 17; best_tax_advantage: 20.0; avg_entropy: 2.0842291759327054; random_exploration_count: 36; saved_snapshots: 0; random_action_prob: 0.2046
take_out_loan 0.381 50
contribute_asset -0.005555555555555556 18
distribute_cash 3.177333333333333 30
contribute_cash -0.5496666666666666 30
update_start: 41; random_action_prob: 0.2036
update_complete: 41; loss: 5.336900234222412; cumulative_reward: 99.40499999999999; invalid_count: 0; positive_reward_count: 9; success_count: 5; episode_count: 17; best_tax_advantage: 20.0; avg_entropy: 1.983317373553291; random_exploration_count: 29; saved_snapshots: 0; random_action_prob: 0.2036
take_out_loan -0.019732142857142858 56
contribute_asset -0.0071875 16
distribute_cash 3.8891999999999998 25
contribute_cash 0.10951612903225809 31
update_start: 42; random_action_prob: 0.2025
update_complete: 42; loss: 8.876755078633627; cumulative_reward: 196.1450000000001; invalid_count: 0; positive_reward_count: 12; success_count: 10; episode_count: 18; best_tax_advantage: 20.0; avg_entropy: 1.9718022366287187; random_exploration_count: 23; saved_snapshots: 0; random_action_prob: 0.2025
take_out_loan -0.01916666666666667 48
contribute_asset 1.0460526315789473 19
distribute_cash 6.304600000000001 25
contribute_cash 0.54375 36
update_start: 43; random_action_prob: 0.2015
update_complete: 43; loss: 6.606383800506592; cumulative_reward: 131.24000000000004; invalid_count: 0; positive_reward_count: 9; success_count: 7; episode_count: 17; best_tax_advantage: 20.0; avg_entropy: 2.031027732649818; random_exploration_count: 34; saved_snapshots: 0; random_action_prob: 0.2015
take_out_loan -0.019150943396226413 53
contribute_asset 1.163529411764706 17
distribute_cash 5.053541666666667 24
contribute_cash -0.25911764705882356 34
update_start: 44; random_action_prob: 0.2005
update_complete: 44; loss: 6.353736241658528; cumulative_reward: 116.96999999999998; invalid_count: 0; positive_reward_count: 6; success_count: 6; episode_count: 16; best_tax_advantage: 20.0; avg_entropy: 1.664601035299711; random_exploration_count: 20; saved_snapshots: 0; random_action_prob: 0.2005
take_out_loan -0.02282258064516129 62
contribute_asset -0.008529411764705883 17
distribute_cash 6.6275 18
contribute_cash -0.02467741935483871 31
update_start: 45; random_action_prob: 0.1995
update_complete: 45; loss: 7.469425996144612; cumulative_reward: 150.7950000000001; invalid_count: 0; positive_reward_count: 9; success_count: 8; episode_count: 17; best_tax_advantage: 20.0; avg_entropy: 1.7518768338486552; random_exploration_count: 20; saved_snapshots: 0; random_action_prob: 0.1995
take_out_loan -0.020967741935483872 62
contribute_asset -0.01676470588235294 17
distribute_cash 6.66575 20
contribute_cash 0.6574137931034483 29
update_start: 46; random_action_prob: 0.1985
update_complete: 46; loss: 7.298501809438069; cumulative_reward: 147.075; invalid_count: 0; positive_reward_count: 9; success_count: 7; episode_count: 17; best_tax_advantage: 20.0; avg_entropy: 1.7700817071599886; random_exploration_count: 23; saved_snapshots: 0; random_action_prob: 0.1985
take_out_loan -0.023333333333333334 66
contribute_asset 1.236875 16
distribute_cash 5.776190476190476 21
contribute_cash 0.30099999999999993 25
update_start: 47; random_action_prob: 0.1975
update_complete: 47; loss: 5.797762393951416; cumulative_reward: 114.94499999999995; invalid_count: 0; positive_reward_count: 7; success_count: 6; episode_count: 16; best_tax_advantage: 20.0; avg_entropy: 1.7490895550581627; random_exploration_count: 28; saved_snapshots: 0; random_action_prob: 0.1975
take_out_loan -0.022966101694915253 59
contribute_asset -0.013235294117647059 17
distribute_cash 5.86875 20
contribute_cash -0.0265625 32
update_start: 48; random_action_prob: 0.1965
update_complete: 48; loss: 6.019324779510498; cumulative_reward: 114.86999999999999; invalid_count: 0; positive_reward_count: 6; success_count: 6; episode_count: 16; best_tax_advantage: 20.0; avg_entropy: 1.594802116509527; random_exploration_count: 24; saved_snapshots: 0; random_action_prob: 0.1965
take_out_loan -0.023076923076923078 65
contribute_asset -0.01852941176470588 17
distribute_cash 8.396785714285715 14
contribute_cash -0.0271875 32
update_start: 49; random_action_prob: 0.1956
update_complete: 49; loss: 6.803572495778401; cumulative_reward: 137.11500000000004; invalid_count: 0; positive_reward_count: 7; success_count: 7; episode_count: 17; best_tax_advantage: 20.0; avg_entropy: 1.5593543712748215; random_exploration_count: 21; saved_snapshots: 0; random_action_prob: 0.1956
take_out_loan -0.02253968253968254 63
contribute_asset -0.008333333333333333 18
distribute_cash 6.282894736842105 19
contribute_cash 0.6896428571428571 28
update_start: 50; random_action_prob: 0.1946
update_complete: 50; loss: 7.525500138600667; cumulative_reward: 156.99000000000004; invalid_count: 0; positive_reward_count: 8; success_count: 8; episode_count: 17; best_tax_advantage: 20.0; avg_entropy: 1.6934858950553462; random_exploration_count: 27; saved_snapshots: 0; random_action_prob: 0.1946
take_out_loan -0.021666666666666667 63
contribute_asset -0.015 16
distribute_cash 7.586904761904761 21
contribute_cash -0.026071428571428572 28
update_start: 51; random_action_prob: 0.1936
update_complete: 51; loss: 7.841714859008789; cumulative_reward: 157.00500000000008; invalid_count: 0; positive_reward_count: 9; success_count: 8; episode_count: 16; best_tax_advantage: 20.0; avg_entropy: 1.6768907586229034; random_exploration_count: 28; saved_snapshots: 0; random_action_prob: 0.1936
take_out_loan -0.021774193548387097 62
contribute_asset -0.01125 16
distribute_cash 6.726904761904761 21
contribute_cash 0.5955172413793103 29
update_start: 52; random_action_prob: 0.1926
update_complete: 52; loss: 6.7514926592508955; cumulative_reward: 144.66499999999994; invalid_count: 0; positive_reward_count: 8; success_count: 7; episode_count: 17; best_tax_advantage: 20.0; avg_entropy: 1.5653876251308247; random_exploration_count: 19; saved_snapshots: 0; random_action_prob: 0.1926
take_out_loan -0.022578125 64
contribute_asset -0.014411764705882353 17
distribute_cash 8.663235294117648 17
contribute_cash -0.03066666666666667 30
update_start: 53; random_action_prob: 0.1917
update_complete: 53; loss: 5.459673086802165; cumulative_reward: 107.27999999999996; invalid_count: 0; positive_reward_count: 7; success_count: 5; episode_count: 17; best_tax_advantage: 20.0; avg_entropy: 1.7618868902791291; random_exploration_count: 31; saved_snapshots: 0; random_action_prob: 0.1917
take_out_loan 0.14566666666666667 60
contribute_asset 1.752941176470588 17
distribute_cash 3.309047619047619 21
contribute_cash -0.025 30
update_start: 54; random_action_prob: 0.1907
update_complete: 54; loss: 6.168353080749512; cumulative_reward: 119.185; invalid_count: 0; positive_reward_count: 7; success_count: 6; episode_count: 16; best_tax_advantage: 20.0; avg_entropy: 1.7136139937210828; random_exploration_count: 31; saved_snapshots: 0; random_action_prob: 0.1907
take_out_loan -0.022000000000000002 60
contribute_asset -0.010588235294117647 17
distribute_cash 5.513636363636364 22
contribute_cash -0.021206896551724138 29
update_start: 55; random_action_prob: 0.1898
update_complete: 55; loss: 6.057456970214844; cumulative_reward: 115.08999999999996; invalid_count: 0; positive_reward_count: 6; success_count: 6; episode_count: 17; best_tax_advantage: 20.0; avg_entropy: 1.7971980792935938; random_exploration_count: 26; saved_snapshots: 0; random_action_prob: 0.1898
take_out_loan -0.021833333333333333 60
contribute_asset -0.011470588235294118 17
distribute_cash 3.969499999999999 20
contribute_cash 1.2001612903225807 31
update_start: 56; random_action_prob: 0.1888
update_complete: 56; loss: 8.607858657836914; cumulative_reward: 195.1500000000001; invalid_count: 0; positive_reward_count: 10; success_count: 10; episode_count: 17; best_tax_advantage: 20.0; avg_entropy: 1.6936596523737535; random_exploration_count: 22; saved_snapshots: 0; random_action_prob: 0.1888
take_out_loan -0.023095238095238096 63
contribute_asset -0.014722222222222223 18
distribute_cash 8.968636363636362 22
contribute_cash -0.0176 25
update_start: 57; random_action_prob: 0.1879
update_complete: 57; loss: 7.924116611480713; cumulative_reward: 173.1250000000002; invalid_count: 0; positive_reward_count: 9; success_count: 9; episode_count: 17; best_tax_advantage: 20.0; avg_entropy: 1.6555823746602982; random_exploration_count: 18; saved_snapshots: 0; random_action_prob: 0.1879
take_out_loan -0.02238095238095238 63
contribute_asset -0.007777777777777777 18
distribute_cash 10.318823529411764 17
contribute_cash -0.024833333333333332 30
update_start: 58; random_action_prob: 0.1869
update_complete: 58; loss: 3.7821061611175537; cumulative_reward: 67.32000000000002; invalid_count: 0; positive_reward_count: 4; success_count: 3; episode_count: 16; best_tax_advantage: 20.0; avg_entropy: 1.7671768253203481; random_exploration_count: 26; saved_snapshots: 0; random_action_prob: 0.1869
take_out_loan -0.021065573770491803 61
contribute_asset -0.007058823529411764 17
distribute_cash 3.302857142857143 21
contribute_cash -0.02189655172413793 29
update_start: 59; random_action_prob: 0.1860
update_complete: 59; loss: 8.729898770650228; cumulative_reward: 195.11000000000004; invalid_count: 0; positive_reward_count: 11; success_count: 10; episode_count: 17; best_tax_advantage: 20.0; avg_entropy: 1.6387496865354478; random_exploration_count: 26; saved_snapshots: 0; random_action_prob: 0.1860
take_out_loan -0.02104838709677419 62
contribute_asset -0.007647058823529412 17
distribute_cash 9.8605 20
contribute_cash -0.02293103448275862 29
update_start: 60; random_action_prob: 0.1851
update_complete: 60; loss: 7.150095621744792; cumulative_reward: 135.24999999999997; invalid_count: 0; positive_reward_count: 9; success_count: 6; episode_count: 16; best_tax_advantage: 20.0; avg_entropy: 1.8110420010634698; random_exploration_count: 25; saved_snapshots: 0; random_action_prob: 0.1851
take_out_loan 0.24957627118644068 59
contribute_asset -0.009411764705882354 17
distribute_cash 5.062272727272727 22
contribute_cash 0.3105 30
update_start: 61; random_action_prob: 0.1841
update_complete: 61; loss: 4.4321794509887695; cumulative_reward: 77.91499999999999; invalid_count: 0; positive_reward_count: 7; success_count: 4; episode_count: 17; best_tax_advantage: 20.0; avg_entropy: 1.7794710587477311; random_exploration_count: 20; saved_snapshots: 0; random_action_prob: 0.1841
take_out_loan -0.0189 50
contribute_asset -0.003529411764705882 17
distribute_cash 3.813125 24
contribute_cash -0.34040540540540537 37
update_start: 62; random_action_prob: 0.1832
update_complete: 62; loss: 7.447940349578857; cumulative_reward: 174.03500000000014; invalid_count: 0; positive_reward_count: 9; success_count: 9; episode_count: 18; best_tax_advantage: 20.0; avg_entropy: 1.8576193490298465; random_exploration_count: 31; saved_snapshots: 0; random_action_prob: 0.1832
take_out_loan -0.01806122448979592 49
contribute_asset -0.004722222222222221 18
distribute_cash 6.744807692307693 26
contribute_cash -0.010285714285714285 35
update_start: 63; random_action_prob: 0.1823
update_complete: 63; loss: 6.077542146046956; cumulative_reward: 143.98499999999999; invalid_count: 0; positive_reward_count: 8; success_count: 7; episode_count: 17; best_tax_advantage: 20.0; avg_entropy: 1.8550327146658674; random_exploration_count: 22; saved_snapshots: 0; random_action_prob: 0.1823
take_out_loan -0.016041666666666666 48
contribute_asset -0.007941176470588236 17
distribute_cash 5.022200000000001 25
contribute_cash 0.5088157894736842 38
update_start: 64; random_action_prob: 0.1814
update_complete: 64; loss: 4.266330242156982; cumulative_reward: 77.805; invalid_count: 0; positive_reward_count: 6; success_count: 4; episode_count: 16; best_tax_advantage: 20.0; avg_entropy: 1.9194364929571748; random_exploration_count: 28; saved_snapshots: 0; random_action_prob: 0.1814
take_out_loan -0.015681818181818182 44
contribute_asset -0.008529411764705883 17
distribute_cash 3.210384615384615 26
contribute_cash -0.1178048780487805 41
update_start: 65; random_action_prob: 0.1805
update_complete: 65; loss: 5.656239668528239; cumulative_reward: 116.215; invalid_count: 0; positive_reward_count: 9; success_count: 6; episode_count: 17; best_tax_advantage: 20.0; avg_entropy: 1.8923134657670744; random_exploration_count: 27; saved_snapshots: 0; random_action_prob: 0.1805
take_out_loan -0.01590909090909091 44
contribute_asset -0.005 18
distribute_cash 3.7753448275862067 29
contribute_cash 0.20324324324324325 37
update_start: 66; random_action_prob: 0.1796
update_complete: 66; loss: 8.072346369425455; cumulative_reward: 195.87500000000006; invalid_count: 0; positive_reward_count: 10; success_count: 10; episode_count: 19; best_tax_advantage: 20.0; avg_entropy: 1.7903482911351603; random_exploration_count: 24; saved_snapshots: 0; random_action_prob: 0.1796
take_out_loan -0.017450980392156864 51
contribute_asset 1.0471052631578948 19
distribute_cash 6.3012 25
contribute_cash 0.5860606060606061 33
update_start: 67; random_action_prob: 0.1787
update_complete: 67; loss: 8.637133598327637; cumulative_reward: 212.19500000000014; invalid_count: 0; positive_reward_count: 12; success_count: 11; episode_count: 19; best_tax_advantage: 20.0; avg_entropy: 1.8174691507592797; random_exploration_count: 23; saved_snapshots: 0; random_action_prob: 0.1787
take_out_loan 0.7603061224489797 49
contribute_asset -0.005526315789473684 19
distribute_cash 7.0208 25
contribute_cash -0.013571428571428571 35
update_start: 68; random_action_prob: 0.1778
update_complete: 68; loss: 11.93737538655599; cumulative_reward: 285.72500000000014; invalid_count: 0; positive_reward_count: 16; success_count: 14; episode_count: 18; best_tax_advantage: 20.0; avg_entropy: 1.6146908627270022; random_exploration_count: 24; saved_snapshots: 0; random_action_prob: 0.1778
take_out_loan 0.1712264150943396 53
contribute_asset -0.005526315789473684 19
distribute_cash 11.1742 25
contribute_cash -0.08387096774193549 31
update_start: 69; random_action_prob: 0.1769
update_complete: 69; loss: 8.307910919189453; cumulative_reward: 205.85000000000022; invalid_count: 0; positive_reward_count: 14; success_count: 10; episode_count: 18; best_tax_advantage: 20.0; avg_entropy: 1.5207574736268725; random_exploration_count: 20; saved_snapshots: 0; random_action_prob: 0.1769
take_out_loan 0.15657894736842107 57
contribute_asset -0.0044736842105263155 19
distribute_cash 8.612272727272726 22
contribute_cash 0.25133333333333335 30
update_start: 70; random_action_prob: 0.1760
update_complete: 70; loss: 8.734136263529459; cumulative_reward: 209.72000000000008; invalid_count: 0; positive_reward_count: 13; success_count: 11; episode_count: 18; best_tax_advantage: 20.0; avg_entropy: 1.5262924846756505; random_exploration_count: 19; saved_snapshots: 0; random_action_prob: 0.1760
take_out_loan 0.019814814814814816 54
contribute_asset -0.0018421052631578945 19
distribute_cash 8.453 25
contribute_cash -0.08800000000000001 30
update_start: 71; random_action_prob: 0.1751
update_complete: 71; loss: 11.416787147521973; cumulative_reward: 304.1150000000001; invalid_count: 0; positive_reward_count: 16; success_count: 15; episode_count: 20; best_tax_advantage: 20.0; avg_entropy: 1.5312578298617154; random_exploration_count: 29; saved_snapshots: 0; random_action_prob: 0.1751
take_out_loan -0.01375 52
contribute_asset -0.002142857142857143 21
distribute_cash 10.6176 25
contribute_cash 1.3145 30
update_start: 72; random_action_prob: 0.1743
update_complete: 72; loss: 8.128039677937826; cumulative_reward: 155.77999999999997; invalid_count: 0; positive_reward_count: 12; success_count: 8; episode_count: 17; best_tax_advantage: 20.0; avg_entropy: 1.575661358278012; random_exploration_count: 21; saved_snapshots: 0; random_action_prob: 0.1743
take_out_loan -0.0178 50
contribute_asset -0.005 18
distribute_cash 6.696999999999999 25
contribute_cash -0.3047142857142857 35
update_start: 73; random_action_prob: 0.1734
update_complete: 73; loss: 8.515582402547201; cumulative_reward: 209.34500000000008; invalid_count: 0; positive_reward_count: 11; success_count: 10; episode_count: 18; best_tax_advantage: 20.0; avg_entropy: 1.7254020679101814; random_exploration_count: 28; saved_snapshots: 0; random_action_prob: 0.1734
take_out_loan -0.01809090909090909 55
contribute_asset -0.009444444444444443 18
distribute_cash 6.394848484848485 33
contribute_cash -0.023636363636363636 22
update_start: 74; random_action_prob: 0.1725
update_complete: 74; loss: 7.933596928914388; cumulative_reward: 175.9100000000002; invalid_count: 0; positive_reward_count: 11; success_count: 9; episode_count: 17; best_tax_advantage: 20.0; avg_entropy: 1.6491085987072438; random_exploration_count: 26; saved_snapshots: 0; random_action_prob: 0.1725
take_out_loan -0.01814814814814815 54
contribute_asset 1.106111111111111 18
distribute_cash 6.977083333333333 24
contribute_cash -0.3271875 32
update_start: 75; random_action_prob: 0.1717
update_complete: 75; loss: 8.814286231994629; cumulative_reward: 193.13000000000008; invalid_count: 0; positive_reward_count: 11; success_count: 10; episode_count: 17; best_tax_advantage: 20.0; avg_entropy: 1.672058378593647; random_exploration_count: 22; saved_snapshots: 0; random_action_prob: 0.1717
take_out_loan 0.2795833333333333 60
contribute_asset -0.014166666666666668 18
distribute_cash 6.820384615384615 26
contribute_cash -0.03 24
update_start: 76; random_action_prob: 0.1708
update_complete: 76; loss: 9.823075930277506; cumulative_reward: 237.46000000000018; invalid_count: 0; positive_reward_count: 12; success_count: 12; episode_count: 19; best_tax_advantage: 20.0; avg_entropy: 1.4578165437851567; random_exploration_count: 18; saved_snapshots: 0; random_action_prob: 0.1708
take_out_loan -0.018333333333333333 60
contribute_asset 0.991 20
distribute_cash 8.432307692307692 26
contribute_cash -0.022727272727272728 22
update_start: 77; random_action_prob: 0.1699
update_complete: 77; loss: 7.755032062530518; cumulative_reward: 181.59000000000012; invalid_count: 0; positive_reward_count: 12; success_count: 8; episode_count: 18; best_tax_advantage: 20.0; avg_entropy: 1.6137023332266835; random_exploration_count: 24; saved_snapshots: 0; random_action_prob: 0.1699
take_out_loan -0.018018867924528302 53
contribute_asset 0.10416666666666667 18
distribute_cash 8.056458333333333 24
contribute_cash -0.38439393939393934 33
update_start: 78; random_action_prob: 0.1691
update_complete: 78; loss: 6.448529561360677; cumulative_reward: 138.18499999999997; invalid_count: 0; positive_reward_count: 8; success_count: 7; episode_count: 18; best_tax_advantage: 20.0; avg_entropy: 1.8064567751716822; random_exploration_count: 34; saved_snapshots: 0; random_action_prob: 0.1691
take_out_loan -0.015104166666666667 48
contribute_asset -0.004722222222222221 18
distribute_cash 4.985769230769231 26
contribute_cash 0.2601388888888889 36
update_start: 79; random_action_prob: 0.1683
update_complete: 79; loss: 9.655320803324381; cumulative_reward: 260.03000000000026; invalid_count: 0; positive_reward_count: 14; success_count: 13; episode_count: 19; best_tax_advantage: 20.0; avg_entropy: 1.5998798784567043; random_exploration_count: 23; saved_snapshots: 0; random_action_prob: 0.1683
take_out_loan -0.016372549019607843 51
contribute_asset -0.0005 20
distribute_cash 9.656 25
contribute_cash 0.6085937499999999 32
update_start: 80; random_action_prob: 0.1674
update_complete: 80; loss: 11.580824851989746; cumulative_reward: 287.8750000000001; invalid_count: 0; positive_reward_count: 16; success_count: 14; episode_count: 19; best_tax_advantage: 20.0; avg_entropy: 1.5819137888902333; random_exploration_count: 24; saved_snapshots: 0; random_action_prob: 0.1674
take_out_loan -0.01660377358490566 53
contribute_asset -0.005263157894736842 19
distribute_cash 11.204615384615384 26
contribute_cash -0.08216666666666667 30
update_start: 81; random_action_prob: 0.1666
update_complete: 81; loss: 10.993179321289062; cumulative_reward: 274.20500000000015; invalid_count: 0; positive_reward_count: 16; success_count: 14; episode_count: 20; best_tax_advantage: 20.0; avg_entropy: 1.6311778575473; random_exploration_count: 17; saved_snapshots: 0; random_action_prob: 0.1666
take_out_loan 0.4023958333333333 48
contribute_asset -0.002619047619047619 21
distribute_cash 9.091851851851851 27
contribute_cash 0.29578125 32
update_start: 82; random_action_prob: 0.1657
update_complete: 82; loss: 10.985696156819662; cumulative_reward: 281.8500000000001; invalid_count: 0; positive_reward_count: 18; success_count: 14; episode_count: 19; best_tax_advantage: 20.0; avg_entropy: 1.6363714612671174; random_exploration_count: 27; saved_snapshots: 0; random_action_prob: 0.1657
take_out_loan 0.06215686274509804 51
contribute_asset -0.00275 20
distribute_cash 10.284038461538461 26
contribute_cash 0.36612903225806454 31
update_start: 83; random_action_prob: 0.1649
update_complete: 83; loss: 8.86853313446045; cumulative_reward: 207.64500000000027; invalid_count: 0; positive_reward_count: 12; success_count: 10; episode_count: 18; best_tax_advantage: 20.0; avg_entropy: 1.5499495813273825; random_exploration_count: 22; saved_snapshots: 0; random_action_prob: 0.1649
take_out_loan 0.33307017543859646 57
contribute_asset -0.005526315789473684 19
distribute_cash 7.975599999999999 25
contribute_cash -0.39351851851851855 27
update_start: 84; random_action_prob: 0.1641
update_complete: 84; loss: 10.167133649190268; cumulative_reward: 235.55000000000018; invalid_count: 0; positive_reward_count: 12; success_count: 12; episode_count: 18; best_tax_advantage: 20.0; avg_entropy: 1.5329679776914418; random_exploration_count: 24; saved_snapshots: 0; random_action_prob: 0.1641
take_out_loan -0.018017241379310343 58
contribute_asset -0.003947368421052632 19
distribute_cash 9.127115384615385 26
contribute_cash -0.0254 25
update_start: 85; random_action_prob: 0.1633
update_complete: 85; loss: 10.553228378295898; cumulative_reward: 259.8850000000003; invalid_count: 0; positive_reward_count: 17; success_count: 13; episode_count: 19; best_tax_advantage: 20.0; avg_entropy: 1.4945069800887723; random_exploration_count: 23; saved_snapshots: 0; random_action_prob: 0.1633
take_out_loan -0.015818181818181818 55
contribute_asset -0.0042499999999999994 20
distribute_cash 11.058124999999999 24
contribute_cash -0.1570689655172414 29
update_start: 86; random_action_prob: 0.1625
update_complete: 86; loss: 11.824251174926758; cumulative_reward: 293.65000000000026; invalid_count: 0; positive_reward_count: 16; success_count: 15; episode_count: 19; best_tax_advantage: 20.0; avg_entropy: 1.4570663022459485; random_exploration_count: 18; saved_snapshots: 0; random_action_prob: 0.1625
take_out_loan 0.29947368421052634 57
contribute_asset -0.006999999999999999 20
distribute_cash 11.135625 24
contribute_cash 0.3505555555555555 27
update_start: 87; random_action_prob: 0.1616
update_complete: 87; loss: 10.50734774271647; cumulative_reward: 253.5750000000002; invalid_count: 0; positive_reward_count: 15; success_count: 13; episode_count: 18; best_tax_advantage: 20.0; avg_entropy: 1.3141727147158235; random_exploration_count: 17; saved_snapshots: 0; random_action_prob: 0.1616
take_out_loan -0.017280701754385966 57
contribute_asset -0.00736842105263158 19
distribute_cash 11.78659090909091 22
contribute_cash -0.15350000000000003 30
update_start: 88; random_action_prob: 0.1608
update_complete: 88; loss: 11.362649917602539; cumulative_reward: 275.7200000000002; invalid_count: 0; positive_reward_count: 15; success_count: 14; episode_count: 19; best_tax_advantage: 20.0; avg_entropy: 1.4436276811466087; random_exploration_count: 20; saved_snapshots: 0; random_action_prob: 0.1608
take_out_loan -0.016403508771929826 57
contribute_asset -0.00575 20
distribute_cash 13.065 22
contribute_cash -0.3675862068965517 29
update_start: 89; random_action_prob: 0.1600
update_complete: 89; loss: 11.369866689046225; cumulative_reward: 293.9450000000001; invalid_count: 0; positive_reward_count: 16; success_count: 15; episode_count: 19; best_tax_advantage: 20.0; avg_entropy: 1.440387643466238; random_exploration_count: 26; saved_snapshots: 0; random_action_prob: 0.1600
take_out_loan 0.022884615384615385 52
contribute_asset -0.006500000000000001 20
distribute_cash 12.759782608695653 23
contribute_cash -0.01787878787878788 33
update_start: 90; random_action_prob: 0.1592
update_complete: 90; loss: 8.074683825174967; cumulative_reward: 192.0450000000001; invalid_count: 0; positive_reward_count: 17; success_count: 10; episode_count: 17; best_tax_advantage: 20.0; avg_entropy: 1.3600507595256204; random_exploration_count: 22; saved_snapshots: 0; random_action_prob: 0.1592
take_out_loan 0.02877777777777778 45
contribute_asset -0.0038888888888888883 18
distribute_cash 9.143541666666666 24
contribute_cash -0.698170731707317 41
update_start: 91; random_action_prob: 0.1584
update_complete: 91; loss: 11.446414947509766; cumulative_reward: 300.0500000000001; invalid_count: 0; positive_reward_count: 18; success_count: 15; episode_count: 20; best_tax_advantage: 20.0; avg_entropy: 1.6515032516326755; random_exploration_count: 26; saved_snapshots: 0; random_action_prob: 0.1584
take_out_loan -0.013645833333333334 48
contribute_asset 1.0407894736842105 19
distribute_cash 10.049999999999999 28
contribute_cash -0.01424242424242424 33
update_start: 92; random_action_prob: 0.1576
update_complete: 92; loss: 9.414118131001791; cumulative_reward: 216.0600000000001; invalid_count: 0; positive_reward_count: 14; success_count: 11; episode_count: 17; best_tax_advantage: 20.0; avg_entropy: 1.5197613338241354; random_exploration_count: 20; saved_snapshots: 0; random_action_prob: 0.1576
take_out_loan -0.013720930232558139 43
contribute_asset -0.008333333333333333 18
distribute_cash 7.141129032258065 31
contribute_cash -0.12708333333333333 36
update_start: 93; random_action_prob: 0.1569
update_complete: 93; loss: 12.314299583435059; cumulative_reward: 344.38000000000034; invalid_count: 0; positive_reward_count: 20; success_count: 17; episode_count: 21; best_tax_advantage: 20.0; avg_entropy: 1.3942242615157738; random_exploration_count: 16; saved_snapshots: 0; random_action_prob: 0.1569
take_out_loan -0.009431818181818182 44
contribute_asset 0.8995454545454545 22
distribute_cash 12.352037037037038 27
contribute_cash -0.24285714285714285 35
update_start: 94; random_action_prob: 0.1561
update_complete: 94; loss: 11.892700831095377; cumulative_reward: 333.87000000000023; invalid_count: 0; positive_reward_count: 19; success_count: 16; episode_count: 21; best_tax_advantage: 20.0; avg_entropy: 1.443624543840997; random_exploration_count: 16; saved_snapshots: 0; random_action_prob: 0.1561
take_out_loan -0.013490566037735848 53
contribute_asset 0.939047619047619 21
distribute_cash 11.68037037037037 27
contribute_cash -0.018703703703703705 27
update_start: 95; random_action_prob: 0.1553
update_complete: 95; loss: 12.997188568115234; cumulative_reward: 356.2400000000005; invalid_count: 0; positive_reward_count: 18; success_count: 18; episode_count: 22; best_tax_advantage: 20.0; avg_entropy: 1.445656264142599; random_exploration_count: 24; saved_snapshots: 0; random_action_prob: 0.1553
take_out_loan -0.012708333333333334 48
contribute_asset 1.809772727272727 22
distribute_cash 12.21480769230769 26
contribute_cash -0.0171875 32
update_start: 96; random_action_prob: 0.1545
update_complete: 96; loss: 14.381673494974772; cumulative_reward: 371.9700000000005; invalid_count: 0; positive_reward_count: 20; success_count: 19; episode_count: 20; best_tax_advantage: 20.0; avg_entropy: 1.298500282515306; random_exploration_count: 20; saved_snapshots: 0; random_action_prob: 0.1545
take_out_loan -0.012916666666666667 48
contribute_asset -0.010952380952380951 21
distribute_cash 13.592307692307692 26
contribute_cash 0.5884848484848485 33
update_start: 97; random_action_prob: 0.1537
update_complete: 97; loss: 11.05350112915039; cumulative_reward: 324.34500000000025; invalid_count: 0; positive_reward_count: 21; success_count: 16; episode_count: 21; best_tax_advantage: 20.0; avg_entropy: 1.333227911614813; random_exploration_count: 20; saved_snapshots: 0; random_action_prob: 0.1537
take_out_loan -0.012659574468085105 47
contribute_asset 1.8983333333333334 21
distribute_cash 10.649074074074074 27
contribute_cash -0.07424242424242428 33
update_start: 98; random_action_prob: 0.1530
update_complete: 98; loss: 11.533306121826172; cumulative_reward: 275.87000000000006; invalid_count: 0; positive_reward_count: 15; success_count: 14; episode_count: 19; best_tax_advantage: 20.0; avg_entropy: 1.4290608572773635; random_exploration_count: 26; saved_snapshots: 0; random_action_prob: 0.1530
take_out_loan -0.012826086956521739 46
contribute_asset 1.0407894736842107 19
distribute_cash 9.903703703703705 27
contribute_cash -0.2976388888888889 36
update_start: 99; random_action_prob: 0.1522
update_complete: 99; loss: 13.507731437683105; cumulative_reward: 356.2300000000005; invalid_count: 0; positive_reward_count: 19; success_count: 18; episode_count: 21; best_tax_advantage: 20.0; avg_entropy: 1.3213347801938653; random_exploration_count: 25; saved_snapshots: 0; random_action_prob: 0.1522
take_out_loan -0.011734693877551019 49
contribute_asset 0.8993181818181818 22
distribute_cash 12.480535714285713 28
contribute_cash -0.42879310344827587 29
2026-07-10T18:45:00 completed partnership_disguised_sale run=9 elapsed_seconds=786.21 updates_logged=100
wrote metrics to /home/infres/shangold/shelter-check-gym/experiments/results/loophole_learning_metrics_partnership_disguised_sale_892211_3_20260710_163218
Job finished at Fri Jul 10 18:45:04 CEST 2026
