Job 880206 started on node16 at Fri Jul  3 10:50:02 CEST 2026
Output directory: experiments/results/loophole_learning_metrics_880206_20260703_105002
Loopholes: barnes_group distressed_assets dub_irish_dutch partnership_disguised_sale straddle_abuse subsidiary_stock_comp
Runs: 5; updates: 500; rollout steps: 256; tail updates: 50
SHELTER_CHECK_DEVICE: cpu; stream train logs: 1
Fri Jul  3 10:50:02 2026       
+-----------------------------------------------------------------------------------------+
| NVIDIA-SMI 580.126.18             Driver Version: 580.126.18     CUDA Version: 13.0     |
+-----------------------------------------+------------------------+----------------------+
| GPU  Name                 Persistence-M | Bus-Id          Disp.A | Volatile Uncorr. ECC |
| Fan  Temp   Perf          Pwr:Usage/Cap |           Memory-Usage | GPU-Util  Compute M. |
|                                         |                        |               MIG M. |
|=========================================+========================+======================|
|   0  Tesla P100-PCIE-16GB           Off |   00000000:AF:00.0 Off |                    0 |
| N/A   29C    P0             26W /  250W |       0MiB /  16384MiB |      0%      Default |
|                                         |                        |                  N/A |
+-----------------------------------------+------------------------+----------------------+

+-----------------------------------------------------------------------------------------+
| Processes:                                                                              |
|  GPU   GI   CI              PID   Type   Process name                        GPU Memory |
|        ID   ID                                                               Usage      |
|=========================================================================================|
|  No running processes found                                                             |
+-----------------------------------------------------------------------------------------+
torch 2.5.1+cu121
cuda_available True
cuda 12.1
               total        used        free      shared  buff/cache   available
Mem:            62Gi       8.6Gi        10Gi       3.2Mi        43Gi        53Gi
Swap:           31Gi       156Mi        31Gi
2026-07-03T10:50:10 running barnes_group run=0 seed=1729
update_start: 0; random_action_prob: 0.2500
update_complete: 0; loss: 1.441967561841011; cumulative_reward: -1.5200000000000011; invalid_count: 0; positive_reward_count: 0; success_count: 0; episode_count: 0; random_exploration_count: 66; avg_entropy: 0.9066; best_tax_advantage: 0.0; random_action_prob: 0.2500
make_subcorporation -0.009932432432432432 148
transfer_cash -0.0007142857142857143 14
contribute_for_stock -0.000425531914893617 94
update_start: 1; random_action_prob: 0.2487
update_complete: 1; loss: 0.16524369021256766; cumulative_reward: -1.460000000000001; invalid_count: 0; positive_reward_count: 0; success_count: 0; episode_count: 0; random_exploration_count: 67; avg_entropy: 0.9133; best_tax_advantage: 0.0; random_action_prob: 0.2487
make_subcorporation -0.00993103448275862 145
transfer_cash -0.0011111111111111111 18
contribute_for_stock 0.0 93
update_start: 2; random_action_prob: 0.2475
update_complete: 2; loss: 0.11553939680258433; cumulative_reward: -1.5600000000000012; invalid_count: 0; positive_reward_count: 0; success_count: 0; episode_count: 0; random_exploration_count: 73; avg_entropy: 0.9980; best_tax_advantage: 0.0; random_action_prob: 0.2475
make_subcorporation -0.01 153
transfer_cash 0.0 13
contribute_for_stock -0.0003333333333333333 90
update_start: 3; random_action_prob: 0.2463
update_complete: 3; loss: 0.13383727769056955; cumulative_reward: -1.570000000000001; invalid_count: 0; positive_reward_count: 0; success_count: 0; episode_count: 0; random_exploration_count: 57; avg_entropy: 1.0338; best_tax_advantage: 0.0; random_action_prob: 0.2463
make_subcorporation -0.01 144
transfer_cash -0.00625 16
contribute_for_stock -0.0003125 96
update_start: 4; random_action_prob: 0.2450
update_complete: 4; loss: 0.04562599708636602; cumulative_reward: -1.480000000000001; invalid_count: 0; positive_reward_count: 0; success_count: 0; episode_count: 0; random_exploration_count: 62; avg_entropy: 1.0374; best_tax_advantage: 0.0; random_action_prob: 0.2450
make_subcorporation -0.009928571428571429 140
transfer_cash -0.0044444444444444444 18
contribute_for_stock -0.00010204081632653062 98
update_start: 5; random_action_prob: 0.2438
update_complete: 5; loss: 0.01935131475329399; cumulative_reward: -1.5600000000000012; invalid_count: 0; positive_reward_count: 0; success_count: 0; episode_count: 0; random_exploration_count: 57; avg_entropy: 0.8719; best_tax_advantage: 0.0; random_action_prob: 0.2438
make_subcorporation -0.009935064935064936 154
transfer_cash -0.003 10
contribute_for_stock 0.0 92
update_start: 6; random_action_prob: 0.2426
update_complete: 6; loss: 0.13039303322633108; cumulative_reward: -1.6100000000000012; invalid_count: 0; positive_reward_count: 0; success_count: 0; episode_count: 0; random_exploration_count: 83; avg_entropy: 1.0226; best_tax_advantage: 0.0; random_action_prob: 0.2426
make_subcorporation -0.01 153
transfer_cash -0.00125 16
contribute_for_stock -0.000689655172413793 87
update_start: 7; random_action_prob: 0.2414
update_complete: 7; loss: -0.04161945544183254; cumulative_reward: -1.6300000000000012; invalid_count: 0; positive_reward_count: 0; success_count: 0; episode_count: 0; random_exploration_count: 60; avg_entropy: 0.9713; best_tax_advantage: 0.0; random_action_prob: 0.2414
make_subcorporation -0.009932885906040268 149
transfer_cash -0.007272727272727273 11
contribute_for_stock -0.0007291666666666667 96
update_start: 8; random_action_prob: 0.2402
update_complete: 8; loss: 0.013807074477275213; cumulative_reward: -1.7400000000000013; invalid_count: 0; positive_reward_count: 0; success_count: 0; episode_count: 0; random_exploration_count: 64; avg_entropy: 1.1863; best_tax_advantage: 0.0; random_action_prob: 0.2402
make_subcorporation -0.009932432432432432 148
transfer_cash -0.0036666666666666666 30
contribute_for_stock -0.0020512820512820513 78
update_start: 9; random_action_prob: 0.2390
update_complete: 9; loss: -0.03004436319073041; cumulative_reward: -1.6400000000000012; invalid_count: 0; positive_reward_count: 0; success_count: 0; episode_count: 0; random_exploration_count: 55; avg_entropy: 1.1966; best_tax_advantage: 0.0; random_action_prob: 0.2390
make_subcorporation -0.00993421052631579 152
transfer_cash -0.001142857142857143 35
contribute_for_stock -0.0013043478260869564 69
update_start: 10; random_action_prob: 0.2378
update_complete: 10; loss: -0.05603932961821556; cumulative_reward: -0.5800000000000007; invalid_count: 0; positive_reward_count: 1; success_count: 1; episode_count: 1; random_exploration_count: 58; avg_entropy: 1.3038; best_tax_advantage: 35.0; random_action_prob: 0.2378
make_subcorporation -0.009932432432432432 148
transfer_cash 0.024999999999999998 38
contribute_for_stock -0.0008571428571428571 70
update_start: 11; random_action_prob: 0.2366
update_complete: 11; loss: 0.01365757609407107; cumulative_reward: -1.6000000000000012; invalid_count: 0; positive_reward_count: 0; success_count: 0; episode_count: 0; random_exploration_count: 62; avg_entropy: 1.2760; best_tax_advantage: 0.0; random_action_prob: 0.2366
make_subcorporation -0.01 150
transfer_cash -0.0008108108108108108 37
contribute_for_stock -0.0010144927536231885 69
update_start: 12; random_action_prob: 0.2354
update_complete: 12; loss: 0.047496876368920006; cumulative_reward: -1.6000000000000012; invalid_count: 0; positive_reward_count: 0; success_count: 0; episode_count: 0; random_exploration_count: 58; avg_entropy: 1.1745; best_tax_advantage: 0.0; random_action_prob: 0.2354
make_subcorporation -0.009933774834437087 151
transfer_cash -0.0020689655172413794 29
contribute_for_stock -0.0005263157894736842 76
update_start: 13; random_action_prob: 0.2342
update_complete: 13; loss: 0.008754417300224304; cumulative_reward: -1.5900000000000012; invalid_count: 0; positive_reward_count: 0; success_count: 0; episode_count: 0; random_exploration_count: 51; avg_entropy: 1.1914; best_tax_advantage: 0.0; random_action_prob: 0.2342
make_subcorporation -0.009933774834437087 151
transfer_cash -0.0007547169811320754 53
contribute_for_stock -0.0009615384615384616 52
update_start: 14; random_action_prob: 0.2331
update_complete: 14; loss: -0.01682361712058385; cumulative_reward: -1.8400000000000014; invalid_count: 0; positive_reward_count: 0; success_count: 0; episode_count: 0; random_exploration_count: 65; avg_entropy: 1.2925; best_tax_advantage: 0.0; random_action_prob: 0.2331
make_subcorporation -0.01 150
transfer_cash -0.0033333333333333335 78
contribute_for_stock -0.002857142857142857 28
update_start: 15; random_action_prob: 0.2319
update_complete: 15; loss: 0.0010250757137934368; cumulative_reward: -1.9200000000000015; invalid_count: 0; positive_reward_count: 0; success_count: 0; episode_count: 0; random_exploration_count: 63; avg_entropy: 1.3471; best_tax_advantage: 0.0; random_action_prob: 0.2319
make_subcorporation -0.009933774834437087 151
transfer_cash -0.004 80
contribute_for_stock -0.004 25
update_start: 16; random_action_prob: 0.2307
update_complete: 16; loss: -0.012389355649550756; cumulative_reward: -1.8800000000000012; invalid_count: 0; positive_reward_count: 0; success_count: 0; episode_count: 0; random_exploration_count: 58; avg_entropy: 1.4105; best_tax_advantage: 0.0; random_action_prob: 0.2307
make_subcorporation -0.009931506849315068 146
transfer_cash -0.003409090909090909 88
contribute_for_stock -0.005909090909090909 22
update_start: 17; random_action_prob: 0.2296
update_complete: 17; loss: -0.033282142132520676; cumulative_reward: -1.8000000000000014; invalid_count: 0; positive_reward_count: 0; success_count: 0; episode_count: 0; random_exploration_count: 53; avg_entropy: 1.4284; best_tax_advantage: 0.0; random_action_prob: 0.2296
make_subcorporation -0.01 147
transfer_cash -0.002375 80
contribute_for_stock -0.004827586206896552 29
update_start: 18; random_action_prob: 0.2284
update_complete: 18; loss: -0.034228852639595665; cumulative_reward: -1.7200000000000013; invalid_count: 0; positive_reward_count: 0; success_count: 0; episode_count: 0; random_exploration_count: 63; avg_entropy: 1.4077; best_tax_advantage: 0.0; random_action_prob: 0.2284
make_subcorporation -0.01 150
transfer_cash -0.001764705882352941 68
contribute_for_stock -0.002631578947368421 38
update_start: 19; random_action_prob: 0.2273
update_complete: 19; loss: -0.049959066013495125; cumulative_reward: -1.7000000000000013; invalid_count: 0; positive_reward_count: 0; success_count: 0; episode_count: 0; random_exploration_count: 70; avg_entropy: 1.3876; best_tax_advantage: 0.0; random_action_prob: 0.2273
make_subcorporation -0.01 150
transfer_cash -0.0015384615384615385 65
contribute_for_stock -0.0024390243902439024 41
update_start: 20; random_action_prob: 0.2262
update_complete: 20; loss: -0.025199800729751587; cumulative_reward: -1.640000000000001; invalid_count: 0; positive_reward_count: 0; success_count: 0; episode_count: 0; random_exploration_count: 61; avg_entropy: 1.4343; best_tax_advantage: 0.0; random_action_prob: 0.2262
make_subcorporation -0.009932885906040268 149
transfer_cash -0.000819672131147541 61
contribute_for_stock -0.002391304347826087 46
update_start: 21; random_action_prob: 0.2250
update_complete: 21; loss: -0.03525706877311071; cumulative_reward: -1.500000000000001; invalid_count: 0; positive_reward_count: 0; success_count: 0; episode_count: 0; random_exploration_count: 54; avg_entropy: 1.2341; best_tax_advantage: 0.0; random_action_prob: 0.2250
make_subcorporation -0.01 147
transfer_cash -0.0003529411764705882 85
contribute_for_stock 0.0 24
update_start: 22; random_action_prob: 0.2239
update_complete: 22; loss: -0.037638175611694656; cumulative_reward: -1.5900000000000012; invalid_count: 0; positive_reward_count: 0; success_count: 0; episode_count: 0; random_exploration_count: 48; avg_entropy: 1.2471; best_tax_advantage: 0.0; random_action_prob: 0.2239
make_subcorporation -0.01 147
transfer_cash -0.0006818181818181818 88
contribute_for_stock -0.002857142857142857 21
update_start: 23; random_action_prob: 0.2228
update_complete: 23; loss: -0.03863700603445371; cumulative_reward: -1.5300000000000011; invalid_count: 0; positive_reward_count: 0; success_count: 0; episode_count: 0; random_exploration_count: 50; avg_entropy: 1.2175; best_tax_advantage: 0.0; random_action_prob: 0.2228
make_subcorporation -0.009933774834437087 151
transfer_cash 0.0 69
contribute_for_stock -0.0008333333333333333 36
update_start: 24; random_action_prob: 0.2217
update_complete: 24; loss: -0.0002665966749191284; cumulative_reward: -1.6400000000000012; invalid_count: 0; positive_reward_count: 0; success_count: 0; episode_count: 0; random_exploration_count: 56; avg_entropy: 1.2697; best_tax_advantage: 0.0; random_action_prob: 0.2217
make_subcorporation -0.009932885906040268 149
transfer_cash -0.0016949152542372883 59
contribute_for_stock -0.00125 48
update_start: 25; random_action_prob: 0.2206
update_complete: 25; loss: -0.006701594839493434; cumulative_reward: -1.6700000000000013; invalid_count: 0; positive_reward_count: 0; success_count: 0; episode_count: 0; random_exploration_count: 62; avg_entropy: 1.2625; best_tax_advantage: 0.0; random_action_prob: 0.2206
make_subcorporation -0.009933774834437087 151
transfer_cash -0.0016363636363636363 55
contribute_for_stock -0.0016 50
update_start: 26; random_action_prob: 0.2195
update_complete: 26; loss: 0.028289855768283207; cumulative_reward: -1.6200000000000012; invalid_count: 0; positive_reward_count: 0; success_count: 0; episode_count: 0; random_exploration_count: 57; avg_entropy: 1.1951; best_tax_advantage: 0.0; random_action_prob: 0.2195
make_subcorporation -0.01 153
transfer_cash -0.0008333333333333334 60
contribute_for_stock -0.0009302325581395349 43
update_start: 27; random_action_prob: 0.2184
update_complete: 27; loss: 0.010406695306301117; cumulative_reward: -0.6600000000000009; invalid_count: 0; positive_reward_count: 2; success_count: 1; episode_count: 1; random_exploration_count: 59; avg_entropy: 1.3937; best_tax_advantage: 35.0; random_action_prob: 0.2184
make_subcorporation -0.009865771812080537 149
transfer_cash 0.016666666666666666 54
contribute_for_stock -0.0016981132075471698 53
update_start: 28; random_action_prob: 0.2173
update_complete: 28; loss: -0.01228468120098114; cumulative_reward: -2.18; invalid_count: 0; positive_reward_count: 0; success_count: 0; episode_count: 0; random_exploration_count: 57; avg_entropy: 1.5369; best_tax_advantage: 0.0; random_action_prob: 0.2173
make_subcorporation -0.00993103448275862 145
transfer_cash -0.007619047619047619 42
contribute_for_stock -0.00608695652173913 69
update_start: 29; random_action_prob: 0.2162
update_complete: 29; loss: 0.01963639259338379; cumulative_reward: -1.8300000000000014; invalid_count: 0; positive_reward_count: 0; success_count: 0; episode_count: 0; random_exploration_count: 60; avg_entropy: 1.4668; best_tax_advantage: 0.0; random_action_prob: 0.2162
make_subcorporation -0.01 150
transfer_cash -0.0027659574468085106 47
contribute_for_stock -0.0033898305084745766 59
update_start: 30; random_action_prob: 0.2151
update_complete: 30; loss: -0.008024121324221293; cumulative_reward: -1.7100000000000013; invalid_count: 0; positive_reward_count: 0; success_count: 0; episode_count: 0; random_exploration_count: 56; avg_entropy: 1.2942; best_tax_advantage: 0.0; random_action_prob: 0.2151
make_subcorporation -0.01 156
transfer_cash -0.001875 32
contribute_for_stock -0.0013235294117647058 68
update_start: 31; random_action_prob: 0.2140
update_complete: 31; loss: -0.0099029541015625; cumulative_reward: -1.6900000000000013; invalid_count: 0; positive_reward_count: 0; success_count: 0; episode_count: 0; random_exploration_count: 50; avg_entropy: 1.3385; best_tax_advantage: 0.0; random_action_prob: 0.2140
make_subcorporation -0.01 150
transfer_cash -0.0012 50
contribute_for_stock -0.0023214285714285715 56
update_start: 32; random_action_prob: 0.2130
update_complete: 32; loss: -0.009193637718756994; cumulative_reward: -1.6800000000000013; invalid_count: 0; positive_reward_count: 0; success_count: 0; episode_count: 0; random_exploration_count: 55; avg_entropy: 1.3134; best_tax_advantage: 0.0; random_action_prob: 0.2130
make_subcorporation -0.009932432432432432 148
transfer_cash -0.0018 50
contribute_for_stock -0.0020689655172413794 58
update_start: 33; random_action_prob: 0.2119
update_complete: 33; loss: -0.026483836273352306; cumulative_reward: -1.9800000000000015; invalid_count: 0; positive_reward_count: 0; success_count: 0; episode_count: 0; random_exploration_count: 59; avg_entropy: 1.4195; best_tax_advantage: 0.0; random_action_prob: 0.2119
make_subcorporation -0.009932885906040268 149
transfer_cash -0.004032258064516129 62
contribute_for_stock -0.005555555555555556 45
update_start: 34; random_action_prob: 0.2108
update_complete: 34; loss: -0.03336674968401591; cumulative_reward: -1.2100000000000009; invalid_count: 0; positive_reward_count: 2; success_count: 1; episode_count: 1; random_exploration_count: 63; avg_entropy: 1.4382; best_tax_advantage: 35.0; random_action_prob: 0.2108
make_subcorporation -0.009928571428571429 140
transfer_cash 0.009298245614035087 57
contribute_for_stock -0.005932203389830509 59
update_start: 35; random_action_prob: 0.2098
update_complete: 35; loss: 0.005301815768082936; cumulative_reward: -2.37; invalid_count: 0; positive_reward_count: 0; success_count: 0; episode_count: 0; random_exploration_count: 68; avg_entropy: 1.5610; best_tax_advantage: 0.0; random_action_prob: 0.2098
make_subcorporation -0.009930069930069929 143
transfer_cash -0.00810344827586207 58
contribute_for_stock -0.008727272727272728 55
update_start: 36; random_action_prob: 0.2087
update_complete: 36; loss: -0.003304560979207357; cumulative_reward: -2.1900000000000013; invalid_count: 0; positive_reward_count: 0; success_count: 0; episode_count: 0; random_exploration_count: 58; avg_entropy: 1.4709; best_tax_advantage: 0.0; random_action_prob: 0.2087
make_subcorporation -0.009929577464788732 142
transfer_cash -0.00696969696969697 66
contribute_for_stock -0.006666666666666667 48
update_start: 37; random_action_prob: 0.2077
update_complete: 37; loss: -0.034626711159944534; cumulative_reward: -1.7400000000000013; invalid_count: 0; positive_reward_count: 0; success_count: 0; episode_count: 0; random_exploration_count: 61; avg_entropy: 1.3876; best_tax_advantage: 0.0; random_action_prob: 0.2077
make_subcorporation -0.01 150
transfer_cash -0.002777777777777778 54
contribute_for_stock -0.0017307692307692306 52
update_start: 38; random_action_prob: 0.2066
update_complete: 38; loss: -0.013870404412349066; cumulative_reward: -1.9600000000000015; invalid_count: 0; positive_reward_count: 0; success_count: 0; episode_count: 0; random_exploration_count: 49; avg_entropy: 1.5633; best_tax_advantage: 0.0; random_action_prob: 0.2066
make_subcorporation -0.009932432432432432 148
transfer_cash -0.0042592592592592595 54
contribute_for_stock -0.004814814814814815 54
update_start: 39; random_action_prob: 0.2056
update_complete: 39; loss: -0.011992760002613068; cumulative_reward: -0.1900000000000012; invalid_count: 0; positive_reward_count: 4; success_count: 2; episode_count: 2; random_exploration_count: 50; avg_entropy: 1.5837; best_tax_advantage: 35.0; random_action_prob: 0.2056
make_subcorporation -0.01 150
transfer_cash 0.024029850746268656 67
contribute_for_stock -0.007692307692307692 39
update_start: 40; random_action_prob: 0.2046
update_complete: 40; loss: 0.00028155123194058734; cumulative_reward: -1.7500000000000013; invalid_count: 0; positive_reward_count: 0; success_count: 0; episode_count: 0; random_exploration_count: 51; avg_entropy: 1.5493; best_tax_advantage: 0.0; random_action_prob: 0.2046
make_subcorporation -0.01 141
transfer_cash -0.0028947368421052633 76
contribute_for_stock -0.003076923076923077 39
update_start: 41; random_action_prob: 0.2036
update_complete: 41; loss: 0.0016623114546140034; cumulative_reward: 0.399999999999999; invalid_count: 0; positive_reward_count: 3; success_count: 2; episode_count: 2; random_exploration_count: 53; avg_entropy: 1.4775; best_tax_advantage: 35.0; random_action_prob: 0.2036
make_subcorporation -0.009858156028368795 141
transfer_cash 0.021764705882352943 85
contribute_for_stock -0.002 30
update_start: 42; random_action_prob: 0.2025
update_complete: 42; loss: -0.025333426892757416; cumulative_reward: -0.600000000000001; invalid_count: 0; positive_reward_count: 2; success_count: 1; episode_count: 1; random_exploration_count: 46; avg_entropy: 1.5034; best_tax_advantage: 35.0; random_action_prob: 0.2025
make_subcorporation -0.009929577464788732 142
transfer_cash 0.011666666666666665 78
contribute_for_stock -0.002777777777777778 36
update_start: 43; random_action_prob: 0.2015
update_complete: 43; loss: -0.0598191407819589; cumulative_reward: -1.6400000000000012; invalid_count: 0; positive_reward_count: 0; success_count: 0; episode_count: 0; random_exploration_count: 61; avg_entropy: 1.5527; best_tax_advantage: 0.0; random_action_prob: 0.2015
make_subcorporation -0.009930069930069929 143
transfer_cash -0.002238805970149254 67
contribute_for_stock -0.0015217391304347828 46
update_start: 44; random_action_prob: 0.2005
update_complete: 44; loss: -0.06489963705341022; cumulative_reward: 0.5299999999999994; invalid_count: 0; positive_reward_count: 3; success_count: 2; episode_count: 2; random_exploration_count: 48; avg_entropy: 1.5246; best_tax_advantage: 35.0; random_action_prob: 0.2005
make_subcorporation -0.009787234042553192 141
transfer_cash 0.02880597014925373 67
contribute_for_stock -0.0004166666666666667 48
update_start: 45; random_action_prob: 0.1995
update_complete: 45; loss: -0.06204214816292127; cumulative_reward: -1.1700000000000013; invalid_count: 0; positive_reward_count: 1; success_count: 1; episode_count: 1; random_exploration_count: 49; avg_entropy: 1.7013; best_tax_advantage: 35.0; random_action_prob: 0.1995
make_subcorporation -0.009929577464788732 142
transfer_cash 0.010535714285714285 56
contribute_for_stock -0.0060344827586206904 58
update_start: 46; random_action_prob: 0.1985
update_complete: 46; loss: -0.007998486359914144; cumulative_reward: 0.3999999999999977; invalid_count: 0; positive_reward_count: 3; success_count: 3; episode_count: 3; random_exploration_count: 41; avg_entropy: 1.6590; best_tax_advantage: 35.0; random_action_prob: 0.1985
make_subcorporation -0.009928057553956836 139
transfer_cash 0.036349206349206346 63
contribute_for_stock -0.009444444444444445 54
update_start: 47; random_action_prob: 0.1975
update_complete: 47; loss: -0.06431802113850911; cumulative_reward: 6.730000000000013; invalid_count: 0; positive_reward_count: 10; success_count: 9; episode_count: 9; random_exploration_count: 47; avg_entropy: 1.6102; best_tax_advantage: 35.0; random_action_prob: 0.1975
make_subcorporation -0.009738562091503268 153
transfer_cash 0.18717391304347825 46
contribute_for_stock -0.006842105263157895 57
update_start: 48; random_action_prob: 0.1965
update_complete: 48; loss: -0.008914259572823843; cumulative_reward: 2.020000000000004; invalid_count: 0; positive_reward_count: 4; success_count: 4; episode_count: 4; random_exploration_count: 51; avg_entropy: 1.3261; best_tax_advantage: 35.0; random_action_prob: 0.1965
make_subcorporation -0.009880952380952383 168
transfer_cash 0.13962962962962963 27
contribute_for_stock -0.0014754098360655738 61
update_start: 49; random_action_prob: 0.1956
update_complete: 49; loss: -0.002805567036072413; cumulative_reward: 2.11; invalid_count: 0; positive_reward_count: 4; success_count: 4; episode_count: 4; random_exploration_count: 55; avg_entropy: 1.2073; best_tax_advantage: 35.0; random_action_prob: 0.1956
make_subcorporation -0.009887640449438202 178
transfer_cash 0.24625 16
contribute_for_stock -0.0011290322580645162 62
update_start: 50; random_action_prob: 0.1946
update_complete: 50; loss: 0.06625453382730484; cumulative_reward: 3.8200000000000047; invalid_count: 0; positive_reward_count: 8; success_count: 6; episode_count: 6; random_exploration_count: 51; avg_entropy: 1.2835; best_tax_advantage: 35.0; random_action_prob: 0.1946
make_subcorporation -0.009941176470588235 170
transfer_cash 0.20357142857142857 28
contribute_for_stock -0.0032758620689655174 58
update_start: 51; random_action_prob: 0.1936
update_complete: 51; loss: -0.017125108589728672; cumulative_reward: 5.010000000000012; invalid_count: 0; positive_reward_count: 8; success_count: 7; episode_count: 7; random_exploration_count: 49; avg_entropy: 1.2877; best_tax_advantage: 35.0; random_action_prob: 0.1936
make_subcorporation -0.009707602339181288 171
transfer_cash 0.2121875 32
contribute_for_stock -0.0022641509433962265 53
update_start: 52; random_action_prob: 0.1926
update_complete: 52; loss: 0.026056031386057537; cumulative_reward: 6.950000000000024; invalid_count: 0; positive_reward_count: 9; success_count: 9; episode_count: 9; random_exploration_count: 54; avg_entropy: 1.3763; best_tax_advantage: 35.0; random_action_prob: 0.1926
make_subcorporation -0.009631901840490798 163
transfer_cash 0.2728125 32
contribute_for_stock -0.003442622950819672 61
update_start: 53; random_action_prob: 0.1917
update_complete: 53; loss: -0.02010186513264974; cumulative_reward: 6.680000000000021; invalid_count: 0; positive_reward_count: 9; success_count: 9; episode_count: 9; random_exploration_count: 45; avg_entropy: 1.3497; best_tax_advantage: 35.0; random_action_prob: 0.1917
make_subcorporation -0.009766081871345028 171
transfer_cash 0.24914285714285717 35
contribute_for_stock -0.0074 50
update_start: 54; random_action_prob: 0.1907
update_complete: 54; loss: -0.01967458302776019; cumulative_reward: 10.760000000000032; invalid_count: 0; positive_reward_count: 14; success_count: 13; episode_count: 13; random_exploration_count: 46; avg_entropy: 1.3019; best_tax_advantage: 35.0; random_action_prob: 0.1907
make_subcorporation -0.0098159509202454 163
transfer_cash 0.33131578947368423 38
contribute_for_stock -0.004181818181818182 55
update_start: 55; random_action_prob: 0.1898
update_complete: 55; loss: -0.01678759480516116; cumulative_reward: 8.52000000000003; invalid_count: 0; positive_reward_count: 12; success_count: 11; episode_count: 11; random_exploration_count: 58; avg_entropy: 1.3544; best_tax_advantage: 35.0; random_action_prob: 0.1898
make_subcorporation -0.0098 150
transfer_cash 0.20274509803921567 51
contribute_for_stock -0.006363636363636364 55
update_start: 56; random_action_prob: 0.1888
update_complete: 56; loss: 0.005626969039440155; cumulative_reward: 14.620000000000044; invalid_count: 0; positive_reward_count: 18; success_count: 17; episode_count: 17; random_exploration_count: 47; avg_entropy: 1.3692; best_tax_advantage: 35.0; random_action_prob: 0.1888
make_subcorporation -0.009671052631578947 152
transfer_cash 0.3276 50
contribute_for_stock -0.00537037037037037 54
update_start: 57; random_action_prob: 0.1879
update_complete: 57; loss: -0.028608708331982296; cumulative_reward: 6.90000000000002; invalid_count: 0; positive_reward_count: 10; success_count: 9; episode_count: 9; random_exploration_count: 46; avg_entropy: 1.3001; best_tax_advantage: 35.0; random_action_prob: 0.1879
make_subcorporation -0.009823529411764705 170
transfer_cash 0.30241379310344824 29
contribute_for_stock -0.0035087719298245615 57
update_start: 58; random_action_prob: 0.1869
update_complete: 58; loss: -0.024004702766736347; cumulative_reward: 11.110000000000024; invalid_count: 0; positive_reward_count: 15; success_count: 13; episode_count: 13; random_exploration_count: 45; avg_entropy: 1.2007; best_tax_advantage: 35.0; random_action_prob: 0.1869
make_subcorporation -0.00951219512195122 164
transfer_cash 0.37411764705882355 34
contribute_for_stock -0.0008620689655172415 58
update_start: 59; random_action_prob: 0.1860
update_complete: 59; loss: -0.02262269953886668; cumulative_reward: 10.900000000000034; invalid_count: 0; positive_reward_count: 14; success_count: 13; episode_count: 13; random_exploration_count: 41; avg_entropy: 1.1686; best_tax_advantage: 35.0; random_action_prob: 0.1860
make_subcorporation -0.009636363636363637 165
transfer_cash 0.3331578947368421 38
contribute_for_stock -0.003207547169811321 53
update_start: 60; random_action_prob: 0.1851
update_complete: 60; loss: -0.04345562681555748; cumulative_reward: 14.980000000000036; invalid_count: 0; positive_reward_count: 17; success_count: 17; episode_count: 17; random_exploration_count: 50; avg_entropy: 1.2152; best_tax_advantage: 35.0; random_action_prob: 0.1851
make_subcorporation -0.009545454545454544 154
transfer_cash 0.3256862745098039 51
contribute_for_stock -0.003137254901960784 51
update_start: 61; random_action_prob: 0.1841
update_complete: 61; loss: -0.03216128547986349; cumulative_reward: 19.980000000000004; invalid_count: 0; positive_reward_count: 25; success_count: 22; episode_count: 22; random_exploration_count: 47; avg_entropy: 1.1815; best_tax_advantage: 35.0; random_action_prob: 0.1841
make_subcorporation -0.009342105263157895 152
transfer_cash 0.4574468085106383 47
contribute_for_stock -0.0017543859649122807 57
update_start: 62; random_action_prob: 0.1832
update_complete: 62; loss: 0.015858254084984463; cumulative_reward: 14.450000000000042; invalid_count: 0; positive_reward_count: 18; success_count: 17; episode_count: 17; random_exploration_count: 61; avg_entropy: 1.2413; best_tax_advantage: 35.0; random_action_prob: 0.1832
make_subcorporation -0.009863945578231292 147
transfer_cash 0.30185185185185187 54
contribute_for_stock -0.007272727272727273 55
update_start: 63; random_action_prob: 0.1823
update_complete: 63; loss: -0.016102658584713936; cumulative_reward: 16.860000000000017; invalid_count: 0; positive_reward_count: 21; success_count: 19; episode_count: 19; random_exploration_count: 43; avg_entropy: 1.2082; best_tax_advantage: 35.0; random_action_prob: 0.1823
make_subcorporation -0.00929936305732484 157
transfer_cash 0.36333333333333334 51
contribute_for_stock -0.0043749999999999995 48
update_start: 64; random_action_prob: 0.1814
update_complete: 64; loss: -0.03282412514090538; cumulative_reward: 10.14000000000002; invalid_count: 0; positive_reward_count: 12; success_count: 12; episode_count: 12; random_exploration_count: 55; avg_entropy: 1.2491; best_tax_advantage: 35.0; random_action_prob: 0.1814
make_subcorporation -0.00930817610062893 159
transfer_cash 0.24458333333333335 48
contribute_for_stock -0.0024489795918367346 49
update_start: 65; random_action_prob: 0.1805
update_complete: 65; loss: -0.0016272949675718944; cumulative_reward: 25.219999999999988; invalid_count: 0; positive_reward_count: 28; success_count: 27; episode_count: 27; random_exploration_count: 50; avg_entropy: 1.2598; best_tax_advantage: 35.0; random_action_prob: 0.1805
make_subcorporation -0.008680555555555556 144
transfer_cash 0.4436666666666667 60
contribute_for_stock -0.0028846153846153843 52
update_start: 66; random_action_prob: 0.1796
update_complete: 66; loss: -0.05986002708474795; cumulative_reward: 29.359999999999975; invalid_count: 0; positive_reward_count: 31; success_count: 31; episode_count: 31; random_exploration_count: 30; avg_entropy: 1.1431; best_tax_advantage: 35.0; random_action_prob: 0.1796
make_subcorporation -0.008456375838926175 149
transfer_cash 0.58 53
contribute_for_stock -0.0022222222222222222 54
update_start: 67; random_action_prob: 0.1787
update_complete: 67; loss: -0.03041652962565422; cumulative_reward: 23.299999999999994; invalid_count: 0; positive_reward_count: 27; success_count: 25; episode_count: 25; random_exploration_count: 47; avg_entropy: 1.1590; best_tax_advantage: 35.0; random_action_prob: 0.1787
make_subcorporation -0.008785714285714286 140
transfer_cash 0.4176271186440678 59
contribute_for_stock -0.0019298245614035089 57
update_start: 68; random_action_prob: 0.1778
update_complete: 68; loss: -0.0038115214556455612; cumulative_reward: 28.979999999999986; invalid_count: 0; positive_reward_count: 33; success_count: 31; episode_count: 31; random_exploration_count: 41; avg_entropy: 1.0375; best_tax_advantage: 35.0; random_action_prob: 0.1778
make_subcorporation -0.008482758620689656 145
transfer_cash 0.5446428571428571 56
contribute_for_stock -0.005272727272727273 55
update_start: 69; random_action_prob: 0.1769
update_complete: 69; loss: -0.0014444105327129364; cumulative_reward: 25.40999999999994; invalid_count: 0; positive_reward_count: 27; success_count: 27; episode_count: 27; random_exploration_count: 40; avg_entropy: 1.0100; best_tax_advantage: 35.0; random_action_prob: 0.1769
make_subcorporation -0.008222222222222223 135
transfer_cash 0.4165625 64
contribute_for_stock -0.002456140350877193 57
update_start: 70; random_action_prob: 0.1760
update_complete: 70; loss: 0.028580057124296825; cumulative_reward: 23.949999999999978; invalid_count: 0; positive_reward_count: 28; success_count: 26; episode_count: 26; random_exploration_count: 52; avg_entropy: 0.9614; best_tax_advantage: 35.0; random_action_prob: 0.1760
make_subcorporation -0.009014084507042254 142
transfer_cash 0.40428571428571425 63
contribute_for_stock -0.004705882352941176 51
update_start: 71; random_action_prob: 0.1751
update_complete: 71; loss: -0.03208966304858526; cumulative_reward: 28.35999999999998; invalid_count: 0; positive_reward_count: 30; success_count: 30; episode_count: 30; random_exploration_count: 42; avg_entropy: 0.9485; best_tax_advantage: 35.0; random_action_prob: 0.1751
make_subcorporation -0.008297872340425531 141
transfer_cash 0.5301785714285715 56
contribute_for_stock -0.002711864406779661 59
update_start: 72; random_action_prob: 0.1743
update_complete: 72; loss: 0.003908150518933932; cumulative_reward: 22.530000000000005; invalid_count: 0; positive_reward_count: 24; success_count: 24; episode_count: 24; random_exploration_count: 48; avg_entropy: 0.9723; best_tax_advantage: 35.0; random_action_prob: 0.1743
make_subcorporation -0.008402777777777778 144
transfer_cash 0.3502941176470588 68
contribute_for_stock -0.0018181818181818182 44
update_start: 73; random_action_prob: 0.1734
update_complete: 73; loss: 0.008272972578803698; cumulative_reward: 31.42999999999997; invalid_count: 0; positive_reward_count: 35; success_count: 33; episode_count: 33; random_exploration_count: 52; avg_entropy: 0.9050; best_tax_advantage: 35.0; random_action_prob: 0.1734
make_subcorporation -0.007769784172661871 139
transfer_cash 0.5443333333333332 60
contribute_for_stock -0.002631578947368421 57
update_start: 74; random_action_prob: 0.1725
update_complete: 74; loss: 0.10680059095223744; cumulative_reward: 33.609999999999985; invalid_count: 0; positive_reward_count: 35; success_count: 35; episode_count: 35; random_exploration_count: 47; avg_entropy: 0.9285; best_tax_advantage: 35.0; random_action_prob: 0.1725
make_subcorporation -0.007777777777777778 135
transfer_cash 0.570327868852459 61
contribute_for_stock -0.0021666666666666666 60
update_start: 75; random_action_prob: 0.1717
update_complete: 75; loss: -0.003104721506436666; cumulative_reward: 28.409999999999965; invalid_count: 0; positive_reward_count: 32; success_count: 30; episode_count: 30; random_exploration_count: 42; avg_entropy: 0.9854; best_tax_advantage: 35.0; random_action_prob: 0.1717
make_subcorporation -0.008074074074074076 135
transfer_cash 0.4490909090909091 66
contribute_for_stock -0.0025454545454545456 55
update_start: 76; random_action_prob: 0.1708
update_complete: 76; loss: -0.00042457009355227154; cumulative_reward: 33.389999999999986; invalid_count: 0; positive_reward_count: 38; success_count: 35; episode_count: 35; random_exploration_count: 41; avg_entropy: 1.0165; best_tax_advantage: 35.0; random_action_prob: 0.1708
make_subcorporation -0.007898550724637682 138
transfer_cash 0.5248484848484849 66
contribute_for_stock -0.003076923076923077 52
update_start: 77; random_action_prob: 0.1699
update_complete: 77; loss: 0.01779043674468994; cumulative_reward: 31.559999999999974; invalid_count: 0; positive_reward_count: 34; success_count: 33; episode_count: 33; random_exploration_count: 47; avg_entropy: 1.0273; best_tax_advantage: 35.0; random_action_prob: 0.1699
make_subcorporation -0.00791044776119403 134
transfer_cash 0.5550847457627118 59
contribute_for_stock -0.0020634920634920637 63
update_start: 78; random_action_prob: 0.1691
update_complete: 78; loss: -0.027141572286685307; cumulative_reward: 29.519999999999968; invalid_count: 0; positive_reward_count: 33; success_count: 31; episode_count: 31; random_exploration_count: 39; avg_entropy: 0.9536; best_tax_advantage: 35.0; random_action_prob: 0.1691
make_subcorporation -0.007928571428571429 140
transfer_cash 0.5592727272727273 55
contribute_for_stock -0.0021311475409836068 61
update_start: 79; random_action_prob: 0.1683
update_complete: 79; loss: -0.011552920565009117; cumulative_reward: 32.65999999999996; invalid_count: 0; positive_reward_count: 37; success_count: 34; episode_count: 34; random_exploration_count: 35; avg_entropy: 0.9557; best_tax_advantage: 35.0; random_action_prob: 0.1683
make_subcorporation -0.007322834645669292 127
transfer_cash 0.49602941176470583 68
contribute_for_stock -0.002295081967213115 61
update_start: 80; random_action_prob: 0.1674
update_complete: 80; loss: 0.0028098225593566895; cumulative_reward: 39.43000000000001; invalid_count: 0; positive_reward_count: 46; success_count: 41; episode_count: 41; random_exploration_count: 34; avg_entropy: 0.9251; best_tax_advantage: 35.0; random_action_prob: 0.1674
make_subcorporation -0.007086614173228346 127
transfer_cash 0.5964705882352942 68
contribute_for_stock -0.0037704918032786887 61
update_start: 81; random_action_prob: 0.1666
update_complete: 81; loss: -0.009870748346050581; cumulative_reward: 49.56999999999997; invalid_count: 0; positive_reward_count: 57; success_count: 51; episode_count: 51; random_exploration_count: 24; avg_entropy: 0.7819; best_tax_advantage: 35.0; random_action_prob: 0.1666
make_subcorporation -0.006587301587301588 126
transfer_cash 0.7786153846153846 65
contribute_for_stock -0.0032307692307692306 65
update_start: 82; random_action_prob: 0.1657
update_complete: 82; loss: -0.0035537313669919968; cumulative_reward: 43.63; invalid_count: 0; positive_reward_count: 47; success_count: 45; episode_count: 45; random_exploration_count: 34; avg_entropy: 0.8398; best_tax_advantage: 35.0; random_action_prob: 0.1657
make_subcorporation -0.006585365853658537 123
transfer_cash 0.6109589041095891 73
contribute_for_stock -0.0026666666666666666 60
update_start: 83; random_action_prob: 0.1649
update_complete: 83; loss: 0.01596135584016641; cumulative_reward: 32.74999999999997; invalid_count: 0; positive_reward_count: 37; success_count: 34; episode_count: 34; random_exploration_count: 45; avg_entropy: 0.8580; best_tax_advantage: 35.0; random_action_prob: 0.1649
make_subcorporation -0.007441860465116279 129
transfer_cash 0.528125 64
contribute_for_stock -0.0014285714285714286 63
update_start: 84; random_action_prob: 0.1641
update_complete: 84; loss: 0.03457218098143736; cumulative_reward: 29.70999999999996; invalid_count: 0; positive_reward_count: 41; success_count: 31; episode_count: 31; random_exploration_count: 42; avg_entropy: 0.8129; best_tax_advantage: 35.0; random_action_prob: 0.1641
make_subcorporation -0.007596899224806201 129
transfer_cash 0.4594029850746269 67
contribute_for_stock -0.0015 60
update_start: 85; random_action_prob: 0.1633
update_complete: 85; loss: 0.008631756529211998; cumulative_reward: 40.95999999999998; invalid_count: 0; positive_reward_count: 53; success_count: 42; episode_count: 42; random_exploration_count: 46; avg_entropy: 0.8073; best_tax_advantage: 35.0; random_action_prob: 0.1633
make_subcorporation -0.006554621848739496 119
transfer_cash 0.515679012345679 81
contribute_for_stock -0.0005357142857142857 56
update_start: 86; random_action_prob: 0.1625
update_complete: 86; loss: -0.03392878174781799; cumulative_reward: 45.77999999999995; invalid_count: 0; positive_reward_count: 52; success_count: 47; episode_count: 47; random_exploration_count: 34; avg_entropy: 0.7788; best_tax_advantage: 35.0; random_action_prob: 0.1625
make_subcorporation -0.006186440677966101 118
transfer_cash 0.6668571428571428 70
contribute_for_stock -0.0025 68
update_start: 87; random_action_prob: 0.1616
update_complete: 87; loss: 0.04804206515351931; cumulative_reward: 60.02000000000003; invalid_count: 0; positive_reward_count: 64; success_count: 61; episode_count: 61; random_exploration_count: 23; avg_entropy: 0.6222; best_tax_advantage: 35.0; random_action_prob: 0.1616
make_subcorporation -0.005086206896551724 116
transfer_cash 0.831917808219178 73
contribute_for_stock -0.001791044776119403 67
update_start: 88; random_action_prob: 0.1608
update_complete: 88; loss: 0.0339522548019886; cumulative_reward: 44.90999999999998; invalid_count: 0; positive_reward_count: 49; success_count: 46; episode_count: 46; random_exploration_count: 35; avg_entropy: 0.6915; best_tax_advantage: 35.0; random_action_prob: 0.1608
make_subcorporation -0.00628099173553719 121
transfer_cash 0.6538571428571429 70
contribute_for_stock -0.0015384615384615385 65
update_start: 89; random_action_prob: 0.1600
update_complete: 89; loss: 0.06575008730093639; cumulative_reward: 38.82999999999998; invalid_count: 0; positive_reward_count: 44; success_count: 40; episode_count: 40; random_exploration_count: 40; avg_entropy: 0.6913; best_tax_advantage: 35.0; random_action_prob: 0.1600
make_subcorporation -0.007099236641221375 131
transfer_cash 0.5530555555555555 72
contribute_for_stock -0.0011320754716981133 53
update_start: 90; random_action_prob: 0.1592
update_complete: 90; loss: 0.07966126253207524; cumulative_reward: 32.62999999999998; invalid_count: 0; positive_reward_count: 37; success_count: 34; episode_count: 34; random_exploration_count: 50; avg_entropy: 0.8138; best_tax_advantage: 35.0; random_action_prob: 0.1592
make_subcorporation -0.007538461538461538 130
transfer_cash 0.49617647058823533 68
contribute_for_stock -0.0022413793103448275 58
update_start: 91; random_action_prob: 0.1584
update_complete: 91; loss: 0.011432337885101637; cumulative_reward: 32.599999999999966; invalid_count: 0; positive_reward_count: 38; success_count: 34; episode_count: 34; random_exploration_count: 49; avg_entropy: 0.8612; best_tax_advantage: 35.0; random_action_prob: 0.1584
make_subcorporation -0.0075 132
transfer_cash 0.48898550724637685 69
contribute_for_stock -0.002727272727272727 55
update_start: 92; random_action_prob: 0.1576
update_complete: 92; loss: 0.048334164544939995; cumulative_reward: 42.91000000000001; invalid_count: 0; positive_reward_count: 53; success_count: 44; episode_count: 44; random_exploration_count: 41; avg_entropy: 0.7843; best_tax_advantage: 35.0; random_action_prob: 0.1576
make_subcorporation -0.006587301587301588 126
transfer_cash 0.635072463768116 69
contribute_for_stock -0.0013114754098360656 61
update_start: 93; random_action_prob: 0.1569
update_complete: 93; loss: 0.03246768439809481; cumulative_reward: 34.90999999999999; invalid_count: 0; positive_reward_count: 38; success_count: 36; episode_count: 36; random_exploration_count: 34; avg_entropy: 0.8469; best_tax_advantage: 35.0; random_action_prob: 0.1569
make_subcorporation -0.007446808510638298 141
transfer_cash 0.6659259259259259 54
contribute_for_stock 0.0 61
update_start: 94; random_action_prob: 0.1561
update_complete: 94; loss: 0.10159797221422195; cumulative_reward: 34.849999999999966; invalid_count: 0; positive_reward_count: 43; success_count: 36; episode_count: 36; random_exploration_count: 49; avg_entropy: 0.9258; best_tax_advantage: 35.0; random_action_prob: 0.1561
make_subcorporation -0.007244094488188977 127
transfer_cash 0.56 64
contribute_for_stock -0.001076923076923077 65
update_start: 95; random_action_prob: 0.1553
update_complete: 95; loss: -0.01848057471215725; cumulative_reward: 32.77999999999997; invalid_count: 0; positive_reward_count: 39; success_count: 34; episode_count: 34; random_exploration_count: 42; avg_entropy: 0.8626; best_tax_advantage: 35.0; random_action_prob: 0.1553
make_subcorporation -0.007518248175182482 137
transfer_cash 0.5940350877192982 57
contribute_for_stock -0.0008064516129032258 62
update_start: 96; random_action_prob: 0.1545
update_complete: 96; loss: 0.04798289015889168; cumulative_reward: 37.90999999999999; invalid_count: 0; positive_reward_count: 46; success_count: 39; episode_count: 39; random_exploration_count: 46; avg_entropy: 0.9148; best_tax_advantage: 35.0; random_action_prob: 0.1545
make_subcorporation -0.006904761904761905 126
transfer_cash 0.525 74
contribute_for_stock -0.00125 56
update_start: 97; random_action_prob: 0.1537
update_complete: 97; loss: 0.07360474268595378; cumulative_reward: 41.88999999999997; invalid_count: 0; positive_reward_count: 48; success_count: 43; episode_count: 43; random_exploration_count: 43; avg_entropy: 0.8544; best_tax_advantage: 35.0; random_action_prob: 0.1537
make_subcorporation -0.006640000000000001 125
transfer_cash 0.66890625 64
contribute_for_stock -0.0013432835820895521 67
update_start: 98; random_action_prob: 0.1530
update_complete: 98; loss: 0.0423494353890419; cumulative_reward: 37.85999999999998; invalid_count: 0; positive_reward_count: 44; success_count: 39; episode_count: 39; random_exploration_count: 48; avg_entropy: 0.8460; best_tax_advantage: 35.0; random_action_prob: 0.1530
make_subcorporation -0.007153846153846154 130
transfer_cash 0.6586440677966101 59
contribute_for_stock -0.0010447761194029852 67
update_start: 99; random_action_prob: 0.1522
update_complete: 99; loss: 0.01587538607418537; cumulative_reward: 42.929999999999964; invalid_count: 0; positive_reward_count: 49; success_count: 44; episode_count: 44; random_exploration_count: 41; avg_entropy: 0.7769; best_tax_advantage: 35.0; random_action_prob: 0.1522
make_subcorporation -0.006585365853658537 123
transfer_cash 0.635072463768116 69
contribute_for_stock -0.00125 64
update_start: 100; random_action_prob: 0.1514
update_complete: 100; loss: -0.007582125564416249; cumulative_reward: 34.83999999999998; invalid_count: 0; positive_reward_count: 38; success_count: 36; episode_count: 36; random_exploration_count: 40; avg_entropy: 0.8390; best_tax_advantage: 35.0; random_action_prob: 0.1514
make_subcorporation -0.0074045801526717555 131
transfer_cash 0.56046875 64
contribute_for_stock -0.0009836065573770492 61
update_start: 101; random_action_prob: 0.1507
update_complete: 101; loss: -0.031242109835147858; cumulative_reward: 38.81999999999999; invalid_count: 0; positive_reward_count: 47; success_count: 40; episode_count: 40; random_exploration_count: 33; avg_entropy: 0.8093; best_tax_advantage: 35.0; random_action_prob: 0.1507
make_subcorporation -0.0068548387096774195 124
transfer_cash 0.6121538461538462 65
contribute_for_stock -0.001791044776119403 67
update_start: 102; random_action_prob: 0.1499
update_complete: 102; loss: 0.03216200446089109; cumulative_reward: 53.29; invalid_count: 0; positive_reward_count: 57; success_count: 54; episode_count: 54; random_exploration_count: 35; avg_entropy: 0.7398; best_tax_advantage: 35.0; random_action_prob: 0.1499
make_subcorporation -0.005217391304347826 115
transfer_cash 0.7486111111111111 72
contribute_for_stock -0.00014492753623188405 69
update_start: 103; random_action_prob: 0.1492
update_complete: 103; loss: -0.002858642488718033; cumulative_reward: 45.03; invalid_count: 0; positive_reward_count: 46; success_count: 46; episode_count: 46; random_exploration_count: 42; avg_entropy: 0.7840; best_tax_advantage: 35.0; random_action_prob: 0.1492
make_subcorporation -0.00625 120
transfer_cash 0.6544285714285715 70
contribute_for_stock -0.00045454545454545455 66
update_start: 104; random_action_prob: 0.1484
update_complete: 104; loss: 0.006069635351498921; cumulative_reward: 45.079999999999984; invalid_count: 0; positive_reward_count: 50; success_count: 46; episode_count: 46; random_exploration_count: 31; avg_entropy: 0.7392; best_tax_advantage: 35.0; random_action_prob: 0.1484
make_subcorporation -0.006229508196721312 122
transfer_cash 0.6555714285714286 70
contribute_for_stock -0.00078125 64
update_start: 105; random_action_prob: 0.1477
update_complete: 105; loss: 0.03460361249744892; cumulative_reward: 39.049999999999976; invalid_count: 0; positive_reward_count: 42; success_count: 40; episode_count: 40; random_exploration_count: 42; avg_entropy: 0.8259; best_tax_advantage: 35.0; random_action_prob: 0.1477
make_subcorporation -0.006638655462184874 119
transfer_cash 0.5541666666666667 72
contribute_for_stock -0.0009230769230769231 65
update_start: 106; random_action_prob: 0.1470
update_complete: 106; loss: -0.010453009977936745; cumulative_reward: 35.82999999999998; invalid_count: 0; positive_reward_count: 39; success_count: 37; episode_count: 37; random_exploration_count: 45; avg_entropy: 0.8383; best_tax_advantage: 35.0; random_action_prob: 0.1470
make_subcorporation -0.00732824427480916 131
transfer_cash 0.6036065573770492 61
contribute_for_stock -0.00046875 64
update_start: 107; random_action_prob: 0.1462
update_complete: 107; loss: 0.03863535883526007; cumulative_reward: 49.18; invalid_count: 0; positive_reward_count: 52; success_count: 50; episode_count: 50; random_exploration_count: 33; avg_entropy: 0.7064; best_tax_advantage: 35.0; random_action_prob: 0.1462
make_subcorporation -0.005785123966942149 121
transfer_cash 0.7233333333333333 69
contribute_for_stock -0.00045454545454545455 66
update_start: 108; random_action_prob: 0.1455
update_complete: 108; loss: 0.004089213286836942; cumulative_reward: 46.13; invalid_count: 0; positive_reward_count: 53; success_count: 47; episode_count: 47; random_exploration_count: 40; avg_entropy: 0.7612; best_tax_advantage: 35.0; random_action_prob: 0.1455
make_subcorporation -0.005982905982905983 117
transfer_cash 0.6335135135135136 74
contribute_for_stock -0.0007692307692307692 65
update_start: 109; random_action_prob: 0.1448
update_complete: 109; loss: 0.04115311118463675; cumulative_reward: 40.81999999999998; invalid_count: 0; positive_reward_count: 47; success_count: 42; episode_count: 42; random_exploration_count: 48; avg_entropy: 0.8179; best_tax_advantage: 35.0; random_action_prob: 0.1448
make_subcorporation -0.00671875 128
transfer_cash 0.597 70
contribute_for_stock -0.001896551724137931 58
update_start: 110; random_action_prob: 0.1440
update_complete: 110; loss: 0.014091248313585917; cumulative_reward: 46.09999999999999; invalid_count: 0; positive_reward_count: 50; success_count: 47; episode_count: 47; random_exploration_count: 35; avg_entropy: 0.7256; best_tax_advantage: 35.0; random_action_prob: 0.1440
make_subcorporation -0.006083333333333333 120
transfer_cash 0.616578947368421 76
contribute_for_stock -0.0005 60
update_start: 111; random_action_prob: 0.1433
update_complete: 111; loss: -0.0012595895677804947; cumulative_reward: 43.86; invalid_count: 0; positive_reward_count: 46; success_count: 45; episode_count: 45; random_exploration_count: 39; avg_entropy: 0.8197; best_tax_advantage: 35.0; random_action_prob: 0.1433
make_subcorporation -0.006771653543307087 127
transfer_cash 0.69984375 64
contribute_for_stock -0.001076923076923077 65
update_start: 112; random_action_prob: 0.1426
update_complete: 112; loss: -0.013331930463512739; cumulative_reward: 45.03; invalid_count: 0; positive_reward_count: 48; success_count: 46; episode_count: 46; random_exploration_count: 32; avg_entropy: 0.7458; best_tax_advantage: 35.0; random_action_prob: 0.1426
make_subcorporation -0.006147540983606557 122
transfer_cash 0.6552857142857142 70
contribute_for_stock -0.00140625 64
update_start: 113; random_action_prob: 0.1419
update_complete: 113; loss: 0.03870406746864319; cumulative_reward: 43.050000000000004; invalid_count: 0; positive_reward_count: 50; success_count: 44; episode_count: 44; random_exploration_count: 41; avg_entropy: 0.7656; best_tax_advantage: 35.0; random_action_prob: 0.1419
make_subcorporation -0.006311475409836066 122
transfer_cash 0.6094444444444445 72
contribute_for_stock -0.000967741935483871 62
update_start: 114; random_action_prob: 0.1412
update_complete: 114; loss: -0.01990833816428979; cumulative_reward: 32.69999999999998; invalid_count: 0; positive_reward_count: 35; success_count: 34; episode_count: 34; random_exploration_count: 42; avg_entropy: 0.8461; best_tax_advantage: 35.0; random_action_prob: 0.1412
make_subcorporation -0.007681159420289856 138
transfer_cash 0.5373015873015873 63
contribute_for_stock -0.0016363636363636363 55
update_start: 115; random_action_prob: 0.1405
update_complete: 115; loss: 0.008460171520709991; cumulative_reward: 50.099999999999994; invalid_count: 0; positive_reward_count: 57; success_count: 51; episode_count: 51; random_exploration_count: 37; avg_entropy: 0.6939; best_tax_advantage: 35.0; random_action_prob: 0.1405
make_subcorporation -0.005714285714285714 119
transfer_cash 0.7063888888888888 72
contribute_for_stock -0.0012307692307692308 65
update_start: 116; random_action_prob: 0.1398
update_complete: 116; loss: 0.007600633427500725; cumulative_reward: 49.13999999999998; invalid_count: 0; positive_reward_count: 51; success_count: 50; episode_count: 50; random_exploration_count: 40; avg_entropy: 0.7285; best_tax_advantage: 35.0; random_action_prob: 0.1398
make_subcorporation -0.005614035087719299 114
transfer_cash 0.6827397260273973 73
contribute_for_stock -0.0008695652173913043 69
update_start: 117; random_action_prob: 0.1391
update_complete: 117; loss: 0.016270028427243233; cumulative_reward: 47.05999999999999; invalid_count: 0; positive_reward_count: 51; success_count: 48; episode_count: 48; random_exploration_count: 35; avg_entropy: 0.6917; best_tax_advantage: 35.0; random_action_prob: 0.1391
make_subcorporation -0.006115702479338843 121
transfer_cash 0.6838571428571428 70
contribute_for_stock -0.001076923076923077 65
update_start: 118; random_action_prob: 0.1384
update_complete: 118; loss: -0.014206387723485628; cumulative_reward: 48.07999999999998; invalid_count: 0; positive_reward_count: 50; success_count: 49; episode_count: 49; random_exploration_count: 26; avg_entropy: 0.6471; best_tax_advantage: 35.0; random_action_prob: 0.1384
make_subcorporation -0.00582608695652174 115
transfer_cash 0.6876056338028169 71
contribute_for_stock -0.001 70
update_start: 119; random_action_prob: 0.1377
update_complete: 119; loss: 0.05471046517292658; cumulative_reward: 54.27000000000002; invalid_count: 0; positive_reward_count: 58; success_count: 55; episode_count: 55; random_exploration_count: 35; avg_entropy: 0.6506; best_tax_advantage: 35.0; random_action_prob: 0.1377
make_subcorporation -0.005087719298245614 114
transfer_cash 0.7620833333333333 72
contribute_for_stock -0.00028571428571428574 70
update_start: 120; random_action_prob: 0.1370
update_complete: 120; loss: 0.022146178409457207; cumulative_reward: 59.27; invalid_count: 0; positive_reward_count: 64; success_count: 60; episode_count: 60; random_exploration_count: 38; avg_entropy: 0.6199; best_tax_advantage: 35.0; random_action_prob: 0.1370
make_subcorporation -0.004537037037037037 108
transfer_cash 0.7669230769230769 78
contribute_for_stock -0.0008571428571428571 70
update_start: 121; random_action_prob: 0.1363
update_complete: 121; loss: 0.03066570373872916; cumulative_reward: 53.32999999999999; invalid_count: 0; positive_reward_count: 58; success_count: 54; episode_count: 54; random_exploration_count: 29; avg_entropy: 0.6223; best_tax_advantage: 35.0; random_action_prob: 0.1363
make_subcorporation -0.005175438596491228 114
transfer_cash 0.7192 75
contribute_for_stock -0.00029850746268656717 67
update_start: 122; random_action_prob: 0.1356
update_complete: 122; loss: -0.020337727541724842; cumulative_reward: 52.01999999999999; invalid_count: 0; positive_reward_count: 57; success_count: 53; episode_count: 53; random_exploration_count: 38; avg_entropy: 0.6747; best_tax_advantage: 35.0; random_action_prob: 0.1356
make_subcorporation -0.005677966101694916 118
transfer_cash 0.6851948051948051 77
contribute_for_stock -0.0011475409836065576 61
update_start: 123; random_action_prob: 0.1350
update_complete: 123; loss: 0.01605767880876859; cumulative_reward: 49.239999999999995; invalid_count: 0; positive_reward_count: 52; success_count: 50; episode_count: 50; random_exploration_count: 32; avg_entropy: 0.6809; best_tax_advantage: 35.0; random_action_prob: 0.1350
make_subcorporation -0.005614035087719299 114
transfer_cash 0.6483116883116883 77
contribute_for_stock -0.0006153846153846154 65
update_start: 124; random_action_prob: 0.1343
update_complete: 124; loss: 0.0018875434373815854; cumulative_reward: 45.859999999999985; invalid_count: 0; positive_reward_count: 57; success_count: 47; episode_count: 47; random_exploration_count: 34; avg_entropy: 0.6812; best_tax_advantage: 35.0; random_action_prob: 0.1343
make_subcorporation -0.0064516129032258064 124
transfer_cash 0.6494444444444444 72
contribute_for_stock -0.0016666666666666668 60
update_start: 125; random_action_prob: 0.1336
update_complete: 125; loss: 0.018282200520237286; cumulative_reward: 47.019999999999996; invalid_count: 0; positive_reward_count: 63; success_count: 48; episode_count: 48; random_exploration_count: 38; avg_entropy: 0.7309; best_tax_advantage: 35.0; random_action_prob: 0.1336
make_subcorporation -0.006086956521739131 115
transfer_cash 0.5901234567901235 81
contribute_for_stock -0.0013333333333333333 60
update_start: 126; random_action_prob: 0.1329
update_complete: 126; loss: -0.007451680799325307; cumulative_reward: 42.899999999999984; invalid_count: 0; positive_reward_count: 62; success_count: 44; episode_count: 44; random_exploration_count: 37; avg_entropy: 0.7550; best_tax_advantage: 35.0; random_action_prob: 0.1329
make_subcorporation -0.006551724137931035 116
transfer_cash 0.5602564102564103 78
contribute_for_stock -0.0006451612903225806 62
update_start: 127; random_action_prob: 0.1323
update_complete: 127; loss: 0.011431630700826645; cumulative_reward: 48.19; invalid_count: 0; positive_reward_count: 71; success_count: 49; episode_count: 49; random_exploration_count: 35; avg_entropy: 0.7158; best_tax_advantage: 35.0; random_action_prob: 0.1323
make_subcorporation -0.005555555555555556 108
transfer_cash 0.5742352941176471 85
contribute_for_stock -0.00031746031746031746 63
update_start: 128; random_action_prob: 0.1316
update_complete: 128; loss: 0.02207156519095103; cumulative_reward: 45.83999999999996; invalid_count: 0; positive_reward_count: 65; success_count: 47; episode_count: 47; random_exploration_count: 41; avg_entropy: 0.7371; best_tax_advantage: 35.0; random_action_prob: 0.1316
make_subcorporation -0.006074766355140187 107
transfer_cash 0.5420930232558139 86
contribute_for_stock -0.0020634920634920637 63
update_start: 129; random_action_prob: 0.1310
update_complete: 129; loss: 0.03168384482463201; cumulative_reward: 41.05999999999998; invalid_count: 0; positive_reward_count: 57; success_count: 42; episode_count: 42; random_exploration_count: 38; avg_entropy: 0.7276; best_tax_advantage: 35.0; random_action_prob: 0.1310
make_subcorporation -0.00646551724137931 116
transfer_cash 0.5506578947368421 76
contribute_for_stock -0.000625 64
update_start: 130; random_action_prob: 0.1303
update_complete: 130; loss: -0.020625103265047073; cumulative_reward: 41.05999999999998; invalid_count: 0; positive_reward_count: 53; success_count: 42; episode_count: 42; random_exploration_count: 29; avg_entropy: 0.6972; best_tax_advantage: 35.0; random_action_prob: 0.1303
make_subcorporation -0.006747967479674797 123
transfer_cash 0.5984285714285714 70
contribute_for_stock 0.0 63
update_start: 131; random_action_prob: 0.1296
update_complete: 131; loss: 0.021265429134170215; cumulative_reward: 52.26; invalid_count: 0; positive_reward_count: 66; success_count: 53; episode_count: 53; random_exploration_count: 28; avg_entropy: 0.6155; best_tax_advantage: 35.0; random_action_prob: 0.1296
make_subcorporation -0.005363636363636363 110
transfer_cash 0.6780769230769231 78
contribute_for_stock -0.0005882352941176471 68
update_start: 132; random_action_prob: 0.1290
update_complete: 132; loss: 0.0014872346073389053; cumulative_reward: 45.31999999999999; invalid_count: 0; positive_reward_count: 62; success_count: 46; episode_count: 46; random_exploration_count: 27; avg_entropy: 0.6349; best_tax_advantage: 35.0; random_action_prob: 0.1290
make_subcorporation -0.005833333333333334 108
transfer_cash 0.5405882352941177 85
contribute_for_stock 0.0 63
update_start: 133; random_action_prob: 0.1284
update_complete: 133; loss: 0.04157944271961848; cumulative_reward: 46.17999999999998; invalid_count: 0; positive_reward_count: 61; success_count: 47; episode_count: 47; random_exploration_count: 36; avg_entropy: 0.7422; best_tax_advantage: 35.0; random_action_prob: 0.1284
make_subcorporation -0.005752212389380531 113
transfer_cash 0.6085714285714285 77
contribute_for_stock -0.00045454545454545455 66
update_start: 134; random_action_prob: 0.1277
update_complete: 134; loss: -0.007522135352094968; cumulative_reward: 42.900000000000006; invalid_count: 0; positive_reward_count: 56; success_count: 44; episode_count: 44; random_exploration_count: 30; avg_entropy: 0.7285; best_tax_advantage: 35.0; random_action_prob: 0.1277
make_subcorporation -0.006228070175438596 114
transfer_cash 0.568051948051948 77
contribute_for_stock -0.002 65
update_start: 135; random_action_prob: 0.1271
update_complete: 135; loss: 0.017113601167996723; cumulative_reward: 39.98; invalid_count: 0; positive_reward_count: 58; success_count: 41; episode_count: 41; random_exploration_count: 41; avg_entropy: 0.7851; best_tax_advantage: 35.0; random_action_prob: 0.1271
make_subcorporation -0.006491228070175438 114
transfer_cash 0.509875 80
contribute_for_stock -0.0011290322580645162 62
update_start: 136; random_action_prob: 0.1264
update_complete: 136; loss: -0.01724775383869807; cumulative_reward: 44.465714285714284; invalid_count: 0; positive_reward_count: 63; success_count: 45; episode_count: 45; random_exploration_count: 33; avg_entropy: 0.7561; best_tax_advantage: 35.0; random_action_prob: 0.1264
make_subcorporation -0.005892857142857143 112
transfer_cash 0.5442857142857143 83
contribute_for_stock -0.000819672131147541 61
update_start: 137; random_action_prob: 0.1258
update_complete: 137; loss: 0.00015529276182254156; cumulative_reward: 34.96999999999997; invalid_count: 0; positive_reward_count: 52; success_count: 36; episode_count: 36; random_exploration_count: 37; avg_entropy: 0.7976; best_tax_advantage: 35.0; random_action_prob: 0.1258
make_subcorporation -0.006923076923076923 117
transfer_cash 0.448125 80
contribute_for_stock -0.0011864406779661019 59
update_start: 138; random_action_prob: 0.1252
update_complete: 138; loss: -0.013570338177184263; cumulative_reward: 47.239999999999995; invalid_count: 0; positive_reward_count: 62; success_count: 48; episode_count: 48; random_exploration_count: 33; avg_entropy: 0.7162; best_tax_advantage: 35.0; random_action_prob: 0.1252
make_subcorporation -0.005462962962962963 108
transfer_cash 0.5439772727272727 88
contribute_for_stock -0.0006666666666666666 60
update_start: 139; random_action_prob: 0.1246
update_complete: 139; loss: 0.0571271280447642; cumulative_reward: 53.18999999999999; invalid_count: 0; positive_reward_count: 66; success_count: 54; episode_count: 54; random_exploration_count: 28; avg_entropy: 0.6410; best_tax_advantage: 35.0; random_action_prob: 0.1246
make_subcorporation -0.005321100917431192 109
transfer_cash 0.6258139534883721 86
contribute_for_stock -0.000819672131147541 61
update_start: 140; random_action_prob: 0.1239
update_complete: 140; loss: 0.0018787647907932599; cumulative_reward: 51.19999999999998; invalid_count: 0; positive_reward_count: 56; success_count: 52; episode_count: 52; random_exploration_count: 36; avg_entropy: 0.7187; best_tax_advantage: 35.0; random_action_prob: 0.1239
make_subcorporation -0.005478260869565217 115
transfer_cash 0.6487499999999999 80
contribute_for_stock -0.0011475409836065576 61
update_start: 141; random_action_prob: 0.1233
update_complete: 141; loss: 0.024055217082301777; cumulative_reward: 43.02999999999997; invalid_count: 0; positive_reward_count: 52; success_count: 44; episode_count: 44; random_exploration_count: 29; avg_entropy: 0.7074; best_tax_advantage: 35.0; random_action_prob: 0.1233
make_subcorporation -0.006218487394957983 119
transfer_cash 0.5346341463414634 82
contribute_for_stock -0.0012727272727272728 55
update_start: 142; random_action_prob: 0.1227
update_complete: 142; loss: -0.008918578426043192; cumulative_reward: 49.099999999999994; invalid_count: 0; positive_reward_count: 59; success_count: 50; episode_count: 50; random_exploration_count: 28; avg_entropy: 0.6721; best_tax_advantage: 35.0; random_action_prob: 0.1227
make_subcorporation -0.005897435897435898 117
transfer_cash 0.6081707317073171 82
contribute_for_stock -0.0014035087719298247 57
update_start: 143; random_action_prob: 0.1221
update_complete: 143; loss: 0.031742893159389496; cumulative_reward: 48.179999999999986; invalid_count: 0; positive_reward_count: 56; success_count: 49; episode_count: 49; random_exploration_count: 31; avg_entropy: 0.6487; best_tax_advantage: 35.0; random_action_prob: 0.1221
make_subcorporation -0.005882352941176471 119
transfer_cash 0.6435526315789474 76
contribute_for_stock -0.0004918032786885246 61
update_start: 144; random_action_prob: 0.1215
update_complete: 144; loss: -0.00478586678703626; cumulative_reward: 46.09999999999999; invalid_count: 0; positive_reward_count: 47; success_count: 47; episode_count: 47; random_exploration_count: 36; avg_entropy: 0.6823; best_tax_advantage: 35.0; random_action_prob: 0.1215
make_subcorporation -0.006290322580645161 124
transfer_cash 0.6516666666666667 72
contribute_for_stock -0.0006666666666666666 60
update_start: 145; random_action_prob: 0.1209
update_complete: 145; loss: 0.03298224819203218; cumulative_reward: 46.11000000000001; invalid_count: 0; positive_reward_count: 50; success_count: 47; episode_count: 47; random_exploration_count: 38; avg_entropy: 0.6734; best_tax_advantage: 35.0; random_action_prob: 0.1209
make_subcorporation -0.006083333333333333 120
transfer_cash 0.6250666666666667 75
contribute_for_stock -0.0006557377049180328 61
update_start: 146; random_action_prob: 0.1203
update_complete: 146; loss: -0.02104065070549647; cumulative_reward: 47.475714285714275; invalid_count: 0; positive_reward_count: 51; success_count: 48; episode_count: 48; random_exploration_count: 33; avg_entropy: 0.6522; best_tax_advantage: 35.0; random_action_prob: 0.1203
make_subcorporation -0.00582608695652174 115
transfer_cash 0.6175091575091576 78
contribute_for_stock -0.00031746031746031746 63
update_start: 147; random_action_prob: 0.1197
update_complete: 147; loss: -0.0037475048253933587; cumulative_reward: 58.30999999999999; invalid_count: 0; positive_reward_count: 60; success_count: 59; episode_count: 59; random_exploration_count: 27; avg_entropy: 0.5603; best_tax_advantage: 35.0; random_action_prob: 0.1197
make_subcorporation -0.004579439252336449 107
transfer_cash 0.7264197530864198 81
contribute_for_stock -0.0005882352941176471 68
update_start: 148; random_action_prob: 0.1191
update_complete: 148; loss: 0.011318490530053774; cumulative_reward: 47.03000000000001; invalid_count: 0; positive_reward_count: 50; success_count: 48; episode_count: 48; random_exploration_count: 34; avg_entropy: 0.6240; best_tax_advantage: 35.0; random_action_prob: 0.1191
make_subcorporation -0.006147540983606557 122
transfer_cash 0.6549315068493151 73
contribute_for_stock -0.0004918032786885246 61
update_start: 149; random_action_prob: 0.1185
update_complete: 149; loss: 0.05691483492652575; cumulative_reward: 55.299999999999976; invalid_count: 0; positive_reward_count: 58; success_count: 56; episode_count: 56; random_exploration_count: 28; avg_entropy: 0.6227; best_tax_advantage: 35.0; random_action_prob: 0.1185
make_subcorporation -0.0050467289719626175 107
transfer_cash 0.735 76
contribute_for_stock -0.000273972602739726 73
update_start: 150; random_action_prob: 0.1179
update_complete: 150; loss: -0.007385586698849996; cumulative_reward: 52.21999999999999; invalid_count: 0; positive_reward_count: 53; success_count: 53; episode_count: 53; random_exploration_count: 23; avg_entropy: 0.6374; best_tax_advantage: 35.0; random_action_prob: 0.1179
make_subcorporation -0.005350877192982456 114
transfer_cash 0.7048 75
contribute_for_stock -0.00044776119402985075 67
update_start: 151; random_action_prob: 0.1173
update_complete: 151; loss: -0.004646661380926768; cumulative_reward: 41.96999999999996; invalid_count: 0; positive_reward_count: 45; success_count: 43; episode_count: 43; random_exploration_count: 37; avg_entropy: 0.7562; best_tax_advantage: 35.0; random_action_prob: 0.1173
make_subcorporation -0.0066393442622950825 122
transfer_cash 0.6392537313432836 67
contribute_for_stock -0.0007462686567164179 67
update_start: 152; random_action_prob: 0.1167
update_complete: 152; loss: -0.02110563963651657; cumulative_reward: 55.35999999999998; invalid_count: 0; positive_reward_count: 60; success_count: 56; episode_count: 56; random_exploration_count: 28; avg_entropy: 0.5884; best_tax_advantage: 35.0; random_action_prob: 0.1167
make_subcorporation -0.0049549549549549555 111
transfer_cash 0.7356578947368421 76
contribute_for_stock 0.0 69
update_start: 153; random_action_prob: 0.1161
update_complete: 153; loss: 0.0161507036536932; cumulative_reward: 45.12; invalid_count: 0; positive_reward_count: 51; success_count: 46; episode_count: 46; random_exploration_count: 36; avg_entropy: 0.7308; best_tax_advantage: 35.0; random_action_prob: 0.1161
make_subcorporation -0.005818181818181819 110
transfer_cash 0.579873417721519 79
contribute_for_stock -0.0007462686567164179 67
update_start: 154; random_action_prob: 0.1155
update_complete: 154; loss: -0.018496098617712658; cumulative_reward: 58.32000000000002; invalid_count: 0; positive_reward_count: 63; success_count: 59; episode_count: 59; random_exploration_count: 33; avg_entropy: 0.6337; best_tax_advantage: 35.0; random_action_prob: 0.1155
make_subcorporation -0.004285714285714286 105
transfer_cash 0.764025974025974 77
contribute_for_stock -0.0008108108108108108 74
update_start: 155; random_action_prob: 0.1150
update_complete: 155; loss: 0.044858625158667564; cumulative_reward: 57.12; invalid_count: 0; positive_reward_count: 61; success_count: 58; episode_count: 58; random_exploration_count: 28; avg_entropy: 0.6430; best_tax_advantage: 35.0; random_action_prob: 0.1150
make_subcorporation -0.005178571428571428 112
transfer_cash 0.7704 75
contribute_for_stock -0.0011594202898550724 69
update_start: 156; random_action_prob: 0.1144
update_complete: 156; loss: -0.03132405877113342; cumulative_reward: 49.72999999999999; invalid_count: 0; positive_reward_count: 51; success_count: 51; episode_count: 51; random_exploration_count: 38; avg_entropy: 0.7663; best_tax_advantage: 35.0; random_action_prob: 0.1144
make_subcorporation -0.0064062500000000005 128
transfer_cash 0.756268656716418 67
contribute_for_stock -0.0019672131147540984 61
update_start: 157; random_action_prob: 0.1138
update_complete: 157; loss: 0.03151001346608003; cumulative_reward: 42.920000000000016; invalid_count: 0; positive_reward_count: 44; success_count: 44; episode_count: 44; random_exploration_count: 36; avg_entropy: 0.7690; best_tax_advantage: 35.0; random_action_prob: 0.1138
make_subcorporation -0.006612903225806452 124
transfer_cash 0.635072463768116 69
contribute_for_stock -0.0012698412698412698 63
update_start: 158; random_action_prob: 0.1132
update_complete: 158; loss: 0.0004556855807701747; cumulative_reward: 51.16999999999998; invalid_count: 0; positive_reward_count: 55; success_count: 52; episode_count: 52; random_exploration_count: 26; avg_entropy: 0.5720; best_tax_advantage: 35.0; random_action_prob: 0.1132
make_subcorporation -0.005565217391304348 115
transfer_cash 0.700945945945946 74
contribute_for_stock -0.0008955223880597015 67
update_start: 159; random_action_prob: 0.1127
update_complete: 159; loss: 0.04039009598394235; cumulative_reward: 47.05999999999999; invalid_count: 0; positive_reward_count: 49; success_count: 48; episode_count: 48; random_exploration_count: 40; avg_entropy: 0.6850; best_tax_advantage: 35.0; random_action_prob: 0.1127
make_subcorporation -0.005966386554621848 119
transfer_cash 0.6940579710144927 69
contribute_for_stock -0.001764705882352941 68
update_start: 160; random_action_prob: 0.1121
update_complete: 160; loss: -0.021336952845255535; cumulative_reward: 53.28999999999999; invalid_count: 0; positive_reward_count: 55; success_count: 54; episode_count: 54; random_exploration_count: 33; avg_entropy: 0.6258; best_tax_advantage: 35.0; random_action_prob: 0.1121
make_subcorporation -0.0052212389380530974 113
transfer_cash 0.7002597402597402 77
contribute_for_stock -0.0006060606060606061 66
update_start: 161; random_action_prob: 0.1115
update_complete: 161; loss: 0.0036539342254400253; cumulative_reward: 58.370000000000005; invalid_count: 0; positive_reward_count: 61; success_count: 59; episode_count: 59; random_exploration_count: 21; avg_entropy: 0.5083; best_tax_advantage: 35.0; random_action_prob: 0.1115
make_subcorporation -0.0046846846846846845 111
transfer_cash 0.7751315789473684 76
contribute_for_stock -0.0002898550724637681 69
update_start: 162; random_action_prob: 0.1110
update_complete: 162; loss: -0.019869981954495113; cumulative_reward: 48.040000000000006; invalid_count: 0; positive_reward_count: 50; success_count: 49; episode_count: 49; random_exploration_count: 26; avg_entropy: 0.6119; best_tax_advantage: 35.0; random_action_prob: 0.1110
make_subcorporation -0.00624 125
transfer_cash 0.7755555555555556 63
contribute_for_stock -0.0005882352941176471 68
update_start: 163; random_action_prob: 0.1104
update_complete: 163; loss: 0.04047885102530321; cumulative_reward: 49.969999999999985; invalid_count: 0; positive_reward_count: 54; success_count: 51; episode_count: 51; random_exploration_count: 30; avg_entropy: 0.6534; best_tax_advantage: 35.0; random_action_prob: 0.1104
make_subcorporation -0.006115702479338843 121
transfer_cash 0.7251428571428571 70
contribute_for_stock -0.0007692307692307692 65
update_start: 164; random_action_prob: 0.1099
update_complete: 164; loss: -0.004053362334767978; cumulative_reward: 53.129999999999974; invalid_count: 0; positive_reward_count: 55; success_count: 54; episode_count: 54; random_exploration_count: 30; avg_entropy: 0.6486; best_tax_advantage: 35.0; random_action_prob: 0.1099
make_subcorporation -0.005565217391304348 115
transfer_cash 0.757887323943662 71
contribute_for_stock -0.0005714285714285715 70
update_start: 165; random_action_prob: 0.1093
update_complete: 165; loss: -9.212736040353775e-05; cumulative_reward: 51.03999999999999; invalid_count: 0; positive_reward_count: 53; success_count: 52; episode_count: 52; random_exploration_count: 29; avg_entropy: 0.6636; best_tax_advantage: 35.0; random_action_prob: 0.1093
make_subcorporation -0.00582608695652174 115
transfer_cash 0.7191666666666667 72
contribute_for_stock -0.0010144927536231885 69
update_start: 166; random_action_prob: 0.1088
update_complete: 166; loss: -0.015171377609173456; cumulative_reward: 57.33999999999999; invalid_count: 0; positive_reward_count: 59; success_count: 58; episode_count: 58; random_exploration_count: 26; avg_entropy: 0.6020; best_tax_advantage: 35.0; random_action_prob: 0.1088
make_subcorporation -0.004766355140186916 107
transfer_cash 0.7324050632911392 79
contribute_for_stock -0.00014285714285714287 70
update_start: 167; random_action_prob: 0.1082
update_complete: 167; loss: 0.04965858658154806; cumulative_reward: 54.18000000000001; invalid_count: 0; positive_reward_count: 55; success_count: 55; episode_count: 55; random_exploration_count: 31; avg_entropy: 0.5858; best_tax_advantage: 35.0; random_action_prob: 0.1082
make_subcorporation -0.00546218487394958 119
transfer_cash 0.7725352112676056 71
contribute_for_stock -0.00030303030303030303 66
update_start: 168; random_action_prob: 0.1077
update_complete: 168; loss: -0.021447444334626198; cumulative_reward: 52.260000000000005; invalid_count: 0; positive_reward_count: 53; success_count: 53; episode_count: 53; random_exploration_count: 23; avg_entropy: 0.5556; best_tax_advantage: 35.0; random_action_prob: 0.1077
make_subcorporation -0.005384615384615384 117
transfer_cash 0.7450704225352113 71
contribute_for_stock -0.00014705882352941178 68
update_start: 169; random_action_prob: 0.1072
update_complete: 169; loss: 0.07451646775007248; cumulative_reward: 55.389999999999986; invalid_count: 0; positive_reward_count: 56; success_count: 56; episode_count: 56; random_exploration_count: 32; avg_entropy: 0.5689; best_tax_advantage: 35.0; random_action_prob: 0.1072
make_subcorporation -0.0048648648648648655 111
transfer_cash 0.7361842105263158 76
contribute_for_stock -0.0002898550724637681 69
update_start: 170; random_action_prob: 0.1066
update_complete: 170; loss: 0.006122726947069168; cumulative_reward: 63.419999999999995; invalid_count: 0; positive_reward_count: 67; success_count: 64; episode_count: 64; random_exploration_count: 24; avg_entropy: 0.4580; best_tax_advantage: 35.0; random_action_prob: 0.1066
make_subcorporation -0.0038834951456310682 103
transfer_cash 0.8082278481012658 79
contribute_for_stock -0.0004054054054054054 74
update_start: 171; random_action_prob: 0.1061
update_complete: 171; loss: 0.0265821839372317; cumulative_reward: 56.279999999999994; invalid_count: 0; positive_reward_count: 58; success_count: 57; episode_count: 57; random_exploration_count: 30; avg_entropy: 0.5291; best_tax_advantage: 35.0; random_action_prob: 0.1061
make_subcorporation -0.005 112
transfer_cash 0.7687837837837838 74
contribute_for_stock -0.0007142857142857143 70
update_start: 172; random_action_prob: 0.1056
update_complete: 172; loss: -0.015081990510225296; cumulative_reward: 58.35999999999999; invalid_count: 0; positive_reward_count: 61; success_count: 59; episode_count: 59; random_exploration_count: 31; avg_entropy: 0.5317; best_tax_advantage: 35.0; random_action_prob: 0.1056
make_subcorporation -0.004485981308411215 107
transfer_cash 0.7455696202531645 79
contribute_for_stock -0.0008571428571428571 70
update_start: 173; random_action_prob: 0.1050
update_complete: 173; loss: 0.02113603986799717; cumulative_reward: 60.48999999999999; invalid_count: 0; positive_reward_count: 62; success_count: 61; episode_count: 61; random_exploration_count: 23; avg_entropy: 0.4807; best_tax_advantage: 35.0; random_action_prob: 0.1050
make_subcorporation -0.004230769230769231 104
transfer_cash 0.7618750000000001 80
contribute_for_stock -0.0002777777777777778 72
update_start: 174; random_action_prob: 0.1045
update_complete: 174; loss: 0.04913826286792755; cumulative_reward: 57.330000000000005; invalid_count: 0; positive_reward_count: 59; success_count: 58; episode_count: 58; random_exploration_count: 30; avg_entropy: 0.5015; best_tax_advantage: 35.0; random_action_prob: 0.1045
make_subcorporation -0.004824561403508772 114
transfer_cash 0.7827027027027027 74
contribute_for_stock -0.0005882352941176471 68
update_start: 175; random_action_prob: 0.1040
update_complete: 175; loss: 0.0040797075877587; cumulative_reward: 52.17; invalid_count: 0; positive_reward_count: 54; success_count: 53; episode_count: 53; random_exploration_count: 28; avg_entropy: 0.5239; best_tax_advantage: 35.0; random_action_prob: 0.1040
make_subcorporation -0.005508474576271186 118
transfer_cash 0.7555714285714286 70
contribute_for_stock -0.0010294117647058824 68
update_start: 176; random_action_prob: 0.1035
update_complete: 176; loss: 0.001946625920633475; cumulative_reward: 47.21; invalid_count: 0; positive_reward_count: 51; success_count: 48; episode_count: 48; random_exploration_count: 28; avg_entropy: 0.5372; best_tax_advantage: 35.0; random_action_prob: 0.1035
make_subcorporation -0.005882352941176471 119
transfer_cash 0.6656944444444445 72
contribute_for_stock -0.0003076923076923077 65
update_start: 177; random_action_prob: 0.1029
update_complete: 177; loss: 0.05559674402077993; cumulative_reward: 62.48000000000001; invalid_count: 0; positive_reward_count: 66; success_count: 63; episode_count: 63; random_exploration_count: 25; avg_entropy: 0.4292; best_tax_advantage: 35.0; random_action_prob: 0.1029
make_subcorporation -0.0039047619047619052 105
transfer_cash 0.8278947368421052 76
contribute_for_stock -0.00039999999999999996 75
update_start: 178; random_action_prob: 0.1024
update_complete: 178; loss: 0.012684268256028494; cumulative_reward: 56.219999999999985; invalid_count: 0; positive_reward_count: 58; success_count: 57; episode_count: 57; random_exploration_count: 27; avg_entropy: 0.4788; best_tax_advantage: 35.0; random_action_prob: 0.1024
make_subcorporation -0.005132743362831858 113
transfer_cash 0.8008450704225352 71
contribute_for_stock -0.0008333333333333333 72
update_start: 179; random_action_prob: 0.1019
update_complete: 179; loss: 0.005146207598348458; cumulative_reward: 52.07000000000001; invalid_count: 0; positive_reward_count: 55; success_count: 53; episode_count: 53; random_exploration_count: 27; avg_entropy: 0.4984; best_tax_advantage: 35.0; random_action_prob: 0.1019
make_subcorporation -0.005701754385964913 114
transfer_cash 0.723013698630137 73
contribute_for_stock -0.0008695652173913043 69
update_start: 180; random_action_prob: 0.1014
update_complete: 180; loss: 0.002383314073085785; cumulative_reward: 66.44999999999999; invalid_count: 0; positive_reward_count: 67; success_count: 67; episode_count: 67; random_exploration_count: 17; avg_entropy: 0.4021; best_tax_advantage: 35.0; random_action_prob: 0.1014
make_subcorporation -0.0031632653061224487 98
transfer_cash 0.8458227848101265 79
contribute_for_stock -0.0007594936708860759 79
update_start: 181; random_action_prob: 0.1009
update_complete: 181; loss: 0.0678737461566925; cumulative_reward: 63.410000000000004; invalid_count: 0; positive_reward_count: 67; success_count: 64; episode_count: 64; random_exploration_count: 20; avg_entropy: 0.4156; best_tax_advantage: 35.0; random_action_prob: 0.1009
make_subcorporation -0.004095238095238095 105
transfer_cash 0.798 80
contribute_for_stock 0.0 71
update_start: 182; random_action_prob: 0.1004
update_complete: 182; loss: -0.010438719143470129; cumulative_reward: 56.21999999999998; invalid_count: 0; positive_reward_count: 61; success_count: 57; episode_count: 57; random_exploration_count: 29; avg_entropy: 0.4806; best_tax_advantage: 35.0; random_action_prob: 0.1004
make_subcorporation -0.005178571428571428 112
transfer_cash 0.8117142857142857 70
contribute_for_stock -0.0002702702702702703 74
update_start: 183; random_action_prob: 0.0999
update_complete: 183; loss: 0.05565802256266276; cumulative_reward: 58.37999999999998; invalid_count: 0; positive_reward_count: 60; success_count: 59; episode_count: 59; random_exploration_count: 25; avg_entropy: 0.4911; best_tax_advantage: 35.0; random_action_prob: 0.0999
make_subcorporation -0.004495412844036697 109
transfer_cash 0.8298591549295775 71
contribute_for_stock -0.0006578947368421052 76
update_start: 184; random_action_prob: 0.0994
update_complete: 184; loss: 0.007477045990526676; cumulative_reward: 67.65000000000002; invalid_count: 0; positive_reward_count: 74; success_count: 68; episode_count: 68; random_exploration_count: 22; avg_entropy: 0.4081; best_tax_advantage: 35.0; random_action_prob: 0.0994
make_subcorporation -0.0027659574468085106 94
transfer_cash 0.7808045977011495 87
contribute_for_stock -0.0002666666666666667 75
update_start: 185; random_action_prob: 0.0989
update_complete: 185; loss: 0.07266757388909657; cumulative_reward: 57.30999999999999; invalid_count: 0; positive_reward_count: 60; success_count: 58; episode_count: 58; random_exploration_count: 33; avg_entropy: 0.5537; best_tax_advantage: 35.0; random_action_prob: 0.0989
make_subcorporation -0.0047706422018348625 109
transfer_cash 0.8154929577464789 71
contribute_for_stock -0.0009210526315789475 76
update_start: 186; random_action_prob: 0.0984
update_complete: 186; loss: -0.00013466117282708487; cumulative_reward: 54.30999999999998; invalid_count: 0; positive_reward_count: 61; success_count: 55; episode_count: 55; random_exploration_count: 29; avg_entropy: 0.5589; best_tax_advantage: 35.0; random_action_prob: 0.0984
make_subcorporation -0.004857142857142858 105
transfer_cash 0.6774074074074073 81
contribute_for_stock -0.0007142857142857143 70
update_start: 187; random_action_prob: 0.0979
update_complete: 187; loss: 0.039399104192852974; cumulative_reward: 56.40000000000002; invalid_count: 0; positive_reward_count: 67; success_count: 57; episode_count: 57; random_exploration_count: 29; avg_entropy: 0.5416; best_tax_advantage: 35.0; random_action_prob: 0.0979
make_subcorporation -0.004519230769230769 104
transfer_cash 0.6467045454545454 88
contribute_for_stock -0.000625 64
update_start: 188; random_action_prob: 0.0974
update_complete: 188; loss: 0.006419046471516292; cumulative_reward: 58.48999999999999; invalid_count: 0; positive_reward_count: 73; success_count: 59; episode_count: 59; random_exploration_count: 25; avg_entropy: 0.5157; best_tax_advantage: 35.0; random_action_prob: 0.0974
make_subcorporation -0.00404040404040404 99
transfer_cash 0.6695454545454546 88
contribute_for_stock -0.00043478260869565214 69
update_start: 189; random_action_prob: 0.0969
update_complete: 189; loss: 0.04870611305038134; cumulative_reward: 51.39; invalid_count: 0; positive_reward_count: 66; success_count: 52; episode_count: 52; random_exploration_count: 34; avg_entropy: 0.6052; best_tax_advantage: 35.0; random_action_prob: 0.0969
make_subcorporation -0.0048543689320388345 103
transfer_cash 0.5966666666666667 87
contribute_for_stock -0.00030303030303030303 66
update_start: 190; random_action_prob: 0.0965
update_complete: 190; loss: 0.01231689378619194; cumulative_reward: 49.33999999999999; invalid_count: 0; positive_reward_count: 58; success_count: 50; episode_count: 50; random_exploration_count: 24; avg_entropy: 0.5957; best_tax_advantage: 35.0; random_action_prob: 0.0965
make_subcorporation -0.005321100917431192 109
transfer_cash 0.624375 80
contribute_for_stock -0.00044776119402985075 67
update_start: 191; random_action_prob: 0.0960
update_complete: 191; loss: 0.005292411272724469; cumulative_reward: 55.449999999999996; invalid_count: 0; positive_reward_count: 63; success_count: 56; episode_count: 56; random_exploration_count: 17; avg_entropy: 0.5678; best_tax_advantage: 35.0; random_action_prob: 0.0960
make_subcorporation -0.004622641509433962 106
transfer_cash 0.7173076923076923 78
contribute_for_stock -0.0001388888888888889 72
update_start: 192; random_action_prob: 0.0955
update_complete: 192; loss: -0.012127292342483997; cumulative_reward: 50.349999999999994; invalid_count: 0; positive_reward_count: 66; success_count: 51; episode_count: 51; random_exploration_count: 20; avg_entropy: 0.5854; best_tax_advantage: 35.0; random_action_prob: 0.0955
make_subcorporation -0.0051401869158878505 107
transfer_cash 0.5657777777777778 90
contribute_for_stock -0.00033898305084745765 59
update_start: 193; random_action_prob: 0.0950
update_complete: 193; loss: 0.03362973965704441; cumulative_reward: 46.169999999999995; invalid_count: 0; positive_reward_count: 55; success_count: 47; episode_count: 47; random_exploration_count: 31; avg_entropy: 0.6588; best_tax_advantage: 35.0; random_action_prob: 0.0950
make_subcorporation -0.006083333333333333 120
transfer_cash 0.6094805194805195 77
contribute_for_stock -0.0005084745762711864 59
update_start: 194; random_action_prob: 0.0945
update_complete: 194; loss: 0.05349970733126005; cumulative_reward: 58.519999999999996; invalid_count: 0; positive_reward_count: 70; success_count: 59; episode_count: 59; random_exploration_count: 21; avg_entropy: 0.5722; best_tax_advantage: 35.0; random_action_prob: 0.0945
make_subcorporation -0.004117647058823529 102
transfer_cash 0.7103614457831325 83
contribute_for_stock -0.00028169014084507044 71
update_start: 195; random_action_prob: 0.0941
update_complete: 195; loss: 0.024003390222787857; cumulative_reward: 56.339999999999996; invalid_count: 0; positive_reward_count: 61; success_count: 57; episode_count: 57; random_exploration_count: 19; avg_entropy: 0.5460; best_tax_advantage: 35.0; random_action_prob: 0.0941
make_subcorporation -0.005086206896551724 116
transfer_cash 0.8135714285714286 70
contribute_for_stock -0.00028571428571428574 70
update_start: 196; random_action_prob: 0.0936
update_complete: 196; loss: 0.009314719898005327; cumulative_reward: 50.23; invalid_count: 0; positive_reward_count: 53; success_count: 51; episode_count: 51; random_exploration_count: 19; avg_entropy: 0.5525; best_tax_advantage: 35.0; random_action_prob: 0.0936
make_subcorporation -0.0057377049180327875 122
transfer_cash 0.7838461538461539 65
contribute_for_stock -0.0002898550724637681 69
update_start: 197; random_action_prob: 0.0931
update_complete: 197; loss: 0.042178368816773094; cumulative_reward: 58.449999999999996; invalid_count: 0; positive_reward_count: 62; success_count: 59; episode_count: 59; random_exploration_count: 18; avg_entropy: 0.5020; best_tax_advantage: 35.0; random_action_prob: 0.0931
make_subcorporation -0.004636363636363636 110
transfer_cash 0.8424285714285714 70
contribute_for_stock -0.00013157894736842105 76
update_start: 198; random_action_prob: 0.0927
update_complete: 198; loss: 0.007651704363524914; cumulative_reward: 57.33999999999999; invalid_count: 0; positive_reward_count: 59; success_count: 58; episode_count: 58; random_exploration_count: 22; avg_entropy: 0.5181; best_tax_advantage: 35.0; random_action_prob: 0.0927
make_subcorporation -0.00490909090909091 110
transfer_cash 0.7931506849315069 73
contribute_for_stock -0.000273972602739726 73
update_start: 199; random_action_prob: 0.0922
update_complete: 199; loss: -0.004307197406888008; cumulative_reward: 57.47; invalid_count: 0; positive_reward_count: 64; success_count: 58; episode_count: 58; random_exploration_count: 24; avg_entropy: 0.4827; best_tax_advantage: 35.0; random_action_prob: 0.0922
make_subcorporation -0.004368932038834952 103
transfer_cash 0.6979518072289157 83
contribute_for_stock -0.00014285714285714287 70
update_start: 200; random_action_prob: 0.0917
update_complete: 200; loss: 0.014168757013976574; cumulative_reward: 56.37999999999999; invalid_count: 0; positive_reward_count: 57; success_count: 57; episode_count: 57; random_exploration_count: 24; avg_entropy: 0.5015; best_tax_advantage: 35.0; random_action_prob: 0.0917
make_subcorporation -0.004722222222222222 108
transfer_cash 0.8249275362318841 69
contribute_for_stock -0.00037974683544303797 79
update_start: 201; random_action_prob: 0.0913
update_complete: 201; loss: 0.0540604442358017; cumulative_reward: 64.39; invalid_count: 0; positive_reward_count: 67; success_count: 65; episode_count: 65; random_exploration_count: 26; avg_entropy: 0.4881; best_tax_advantage: 35.0; random_action_prob: 0.0913
make_subcorporation -0.0039603960396039604 101
transfer_cash 0.7908536585365853 82
contribute_for_stock -0.000821917808219178 73
update_start: 202; random_action_prob: 0.0908
update_complete: 202; loss: 0.01702238681415717; cumulative_reward: 65.49000000000002; invalid_count: 0; positive_reward_count: 70; success_count: 66; episode_count: 66; random_exploration_count: 16; avg_entropy: 0.4166; best_tax_advantage: 35.0; random_action_prob: 0.0908
make_subcorporation -0.0034313725490196082 102
transfer_cash 0.82325 80
contribute_for_stock -0.0002702702702702703 74
update_start: 203; random_action_prob: 0.0904
update_complete: 203; loss: 0.03277727961540222; cumulative_reward: 60.43; invalid_count: 0; positive_reward_count: 62; success_count: 61; episode_count: 61; random_exploration_count: 25; avg_entropy: 0.4805; best_tax_advantage: 35.0; random_action_prob: 0.0904
make_subcorporation -0.003737373737373737 99
transfer_cash 0.7421951219512195 82
contribute_for_stock -0.0007999999999999999 75
update_start: 204; random_action_prob: 0.0899
update_complete: 204; loss: 0.008165680182476839; cumulative_reward: 61.41000000000002; invalid_count: 0; positive_reward_count: 66; success_count: 62; episode_count: 62; random_exploration_count: 25; avg_entropy: 0.4912; best_tax_advantage: 35.0; random_action_prob: 0.0899
make_subcorporation -0.003737373737373737 99
transfer_cash 0.7539024390243902 82
contribute_for_stock -0.0005333333333333334 75
update_start: 205; random_action_prob: 0.0895
update_complete: 205; loss: 0.012216179321209589; cumulative_reward: 51.400000000000006; invalid_count: 0; positive_reward_count: 57; success_count: 52; episode_count: 52; random_exploration_count: 19; avg_entropy: 0.4942; best_tax_advantage: 35.0; random_action_prob: 0.0895
make_subcorporation -0.004646464646464647 99
transfer_cash 0.6253012048192771 83
contribute_for_stock -0.0005405405405405405 74
update_start: 206; random_action_prob: 0.0890
update_complete: 206; loss: 0.04437756538391113; cumulative_reward: 65.44; invalid_count: 0; positive_reward_count: 72; success_count: 66; episode_count: 66; random_exploration_count: 17; avg_entropy: 0.4157; best_tax_advantage: 35.0; random_action_prob: 0.0890
make_subcorporation -0.0038834951456310682 103
transfer_cash 0.8669736842105263 76
contribute_for_stock -0.0006493506493506494 77
update_start: 207; random_action_prob: 0.0886
update_complete: 207; loss: 0.04916478445132574; cumulative_reward: 48.24; invalid_count: 0; positive_reward_count: 54; success_count: 49; episode_count: 49; random_exploration_count: 28; avg_entropy: 0.5589; best_tax_advantage: 35.0; random_action_prob: 0.0886
make_subcorporation -0.005545454545454545 110
transfer_cash 0.6605405405405406 74
contribute_for_stock -0.00041666666666666664 72
update_start: 208; random_action_prob: 0.0881
update_complete: 208; loss: 0.43998899062474567; cumulative_reward: 55.29000000000001; invalid_count: 0; positive_reward_count: 68; success_count: 56; episode_count: 56; random_exploration_count: 31; avg_entropy: 0.5682; best_tax_advantage: 35.0; random_action_prob: 0.0881
make_subcorporation -0.004242424242424242 99
transfer_cash 0.6269662921348315 89
contribute_for_stock -0.0013235294117647058 68
update_start: 209; random_action_prob: 0.0877
update_complete: 209; loss: 0.050856667260328926; cumulative_reward: 50.65571428571426; invalid_count: 0; positive_reward_count: 62; success_count: 51; episode_count: 51; random_exploration_count: 30; avg_entropy: 0.5615; best_tax_advantage: 35.0; random_action_prob: 0.0877
make_subcorporation -0.0048 100
transfer_cash 0.5949501661129568 86
contribute_for_stock -0.00042857142857142855 70
update_start: 210; random_action_prob: 0.0873
update_complete: 210; loss: 0.1077210654815038; cumulative_reward: 59.56000000000001; invalid_count: 0; positive_reward_count: 69; success_count: 60; episode_count: 60; random_exploration_count: 16; avg_entropy: 0.4928; best_tax_advantage: 35.0; random_action_prob: 0.0873
make_subcorporation -0.003578947368421053 95
transfer_cash 0.6516304347826087 92
contribute_for_stock -0.0007246376811594203 69
update_start: 211; random_action_prob: 0.0868
update_complete: 211; loss: -0.0037662150959173837; cumulative_reward: 49.240000000000016; invalid_count: 0; positive_reward_count: 60; success_count: 50; episode_count: 50; random_exploration_count: 28; avg_entropy: 0.5871; best_tax_advantage: 35.0; random_action_prob: 0.0868
make_subcorporation -0.005048543689320389 103
transfer_cash 0.6001204819277108 83
contribute_for_stock -0.0007142857142857143 70
update_start: 212; random_action_prob: 0.0864
update_complete: 212; loss: -0.0074232301364342375; cumulative_reward: 45.890000000000015; invalid_count: 0; positive_reward_count: 68; success_count: 47; episode_count: 47; random_exploration_count: 30; avg_entropy: 0.6531; best_tax_advantage: 35.0; random_action_prob: 0.0864
make_subcorporation -0.005445544554455446 101
transfer_cash 0.5358620689655172 87
contribute_for_stock -0.0026470588235294116 68
update_start: 213; random_action_prob: 0.0860
update_complete: 213; loss: 0.004547403504451116; cumulative_reward: 44.06999999999998; invalid_count: 0; positive_reward_count: 57; success_count: 45; episode_count: 45; random_exploration_count: 28; avg_entropy: 0.6638; best_tax_advantage: 35.0; random_action_prob: 0.0860
make_subcorporation -0.006 110
transfer_cash 0.5747435897435897 78
contribute_for_stock -0.0014705882352941176 68
update_start: 214; random_action_prob: 0.0855
update_complete: 214; loss: 0.0009802052130301793; cumulative_reward: 50.300000000000004; invalid_count: 0; positive_reward_count: 73; success_count: 51; episode_count: 51; random_exploration_count: 23; avg_entropy: 0.5909; best_tax_advantage: 35.0; random_action_prob: 0.0855
make_subcorporation -0.004747474747474748 99
transfer_cash 0.5586813186813188 91
contribute_for_stock -0.0010606060606060607 66
update_start: 215; random_action_prob: 0.0851
update_complete: 215; loss: 0.013113263994455338; cumulative_reward: 45.21; invalid_count: 0; positive_reward_count: 60; success_count: 46; episode_count: 46; random_exploration_count: 30; avg_entropy: 0.6101; best_tax_advantage: 35.0; random_action_prob: 0.0851
make_subcorporation -0.005480769230769232 104
transfer_cash 0.5525301204819277 83
contribute_for_stock -0.0011594202898550724 69
update_start: 216; random_action_prob: 0.0847
update_complete: 216; loss: 0.028112737461924553; cumulative_reward: 53.47; invalid_count: 0; positive_reward_count: 67; success_count: 54; episode_count: 54; random_exploration_count: 17; avg_entropy: 0.5235; best_tax_advantage: 35.0; random_action_prob: 0.0847
make_subcorporation -0.004536082474226804 97
transfer_cash 0.6058426966292135 89
contribute_for_stock -0.00014285714285714287 70
update_start: 217; random_action_prob: 0.0842
update_complete: 217; loss: 0.05121791735291481; cumulative_reward: 59.47; invalid_count: 0; positive_reward_count: 76; success_count: 60; episode_count: 60; random_exploration_count: 22; avg_entropy: 0.5135; best_tax_advantage: 35.0; random_action_prob: 0.0842
make_subcorporation -0.004 100
transfer_cash 0.721566265060241 83
contribute_for_stock -0.000273972602739726 73
update_start: 218; random_action_prob: 0.0838
update_complete: 218; loss: 0.027049999063213665; cumulative_reward: 54.19000000000002; invalid_count: 0; positive_reward_count: 68; success_count: 55; episode_count: 55; random_exploration_count: 31; avg_entropy: 0.6087; best_tax_advantage: 35.0; random_action_prob: 0.0838
make_subcorporation -0.005045871559633028 109
transfer_cash 0.7025641025641025 78
contribute_for_stock -0.0008695652173913043 69
update_start: 219; random_action_prob: 0.0834
update_complete: 219; loss: 0.014578364168604216; cumulative_reward: 51.26; invalid_count: 0; positive_reward_count: 62; success_count: 52; episode_count: 52; random_exploration_count: 26; avg_entropy: 0.6179; best_tax_advantage: 35.0; random_action_prob: 0.0834
make_subcorporation -0.005096153846153847 104
transfer_cash 0.6321951219512195 82
contribute_for_stock -0.0007142857142857143 70
update_start: 220; random_action_prob: 0.0830
update_complete: 220; loss: 0.04620495686928431; cumulative_reward: 56.54; invalid_count: 0; positive_reward_count: 74; success_count: 57; episode_count: 57; random_exploration_count: 14; avg_entropy: 0.4846; best_tax_advantage: 35.0; random_action_prob: 0.0830
make_subcorporation -0.0040625 96
transfer_cash 0.6697647058823529 85
contribute_for_stock 0.0 75
update_start: 221; random_action_prob: 0.0826
update_complete: 221; loss: 0.020974309494098026; cumulative_reward: 58.33000000000002; invalid_count: 0; positive_reward_count: 71; success_count: 59; episode_count: 59; random_exploration_count: 26; avg_entropy: 0.5196; best_tax_advantage: 35.0; random_action_prob: 0.0826
make_subcorporation -0.0041 100
transfer_cash 0.7081927710843373 83
contribute_for_stock -0.000547945205479452 73
update_start: 222; random_action_prob: 0.0822
update_complete: 222; loss: 0.0037506589045127234; cumulative_reward: 61.52000000000001; invalid_count: 0; positive_reward_count: 78; success_count: 62; episode_count: 62; random_exploration_count: 14; avg_entropy: 0.4412; best_tax_advantage: 35.0; random_action_prob: 0.0822
make_subcorporation -0.0035051546391752578 97
transfer_cash 0.711264367816092 87
contribute_for_stock -0.0002777777777777778 72
update_start: 223; random_action_prob: 0.0817
update_complete: 223; loss: 0.00030934717506170273; cumulative_reward: 65.99571428571429; invalid_count: 0; positive_reward_count: 98; success_count: 66; episode_count: 66; random_exploration_count: 16; avg_entropy: 0.4220; best_tax_advantage: 35.0; random_action_prob: 0.0817
make_subcorporation -0.0020481927710843373 83
transfer_cash 0.6489775910364146 102
contribute_for_stock -0.0004225352112676056 71
update_start: 224; random_action_prob: 0.0813
update_complete: 224; loss: -0.014658969516555468; cumulative_reward: 57.58999999999999; invalid_count: 0; positive_reward_count: 82; success_count: 58; episode_count: 58; random_exploration_count: 21; avg_entropy: 0.4994; best_tax_advantage: 35.0; random_action_prob: 0.0813
make_subcorporation -0.003763440860215054 93
transfer_cash 0.6164893617021276 94
contribute_for_stock -0.00014492753623188405 69
update_start: 225; random_action_prob: 0.0809
update_complete: 225; loss: 0.007237125808993976; cumulative_reward: 56.56; invalid_count: 0; positive_reward_count: 81; success_count: 57; episode_count: 57; random_exploration_count: 16; avg_entropy: 0.4757; best_tax_advantage: 35.0; random_action_prob: 0.0809
make_subcorporation -0.003894736842105263 95
transfer_cash 0.6326666666666666 90
contribute_for_stock -0.00014084507042253522 71
update_start: 226; random_action_prob: 0.0805
update_complete: 226; loss: -0.014073927576343218; cumulative_reward: 52.31000000000002; invalid_count: 0; positive_reward_count: 78; success_count: 53; episode_count: 53; random_exploration_count: 23; avg_entropy: 0.5440; best_tax_advantage: 35.0; random_action_prob: 0.0805
make_subcorporation -0.0048514851485148515 101
transfer_cash 0.5937078651685394 89
contribute_for_stock -0.0006060606060606061 66
update_start: 227; random_action_prob: 0.0801
update_complete: 227; loss: -0.014486944923798243; cumulative_reward: 47.795714285714276; invalid_count: 0; positive_reward_count: 82; success_count: 48; episode_count: 48; random_exploration_count: 21; avg_entropy: 0.5149; best_tax_advantage: 35.0; random_action_prob: 0.0801
make_subcorporation -0.004673913043478261 92
transfer_cash 0.48733044733044734 99
contribute_for_stock -0.0003076923076923077 65
update_start: 228; random_action_prob: 0.0797
update_complete: 228; loss: 0.02390657862027486; cumulative_reward: 55.529999999999994; invalid_count: 0; positive_reward_count: 86; success_count: 56; episode_count: 56; random_exploration_count: 20; avg_entropy: 0.4904; best_tax_advantage: 35.0; random_action_prob: 0.0797
make_subcorporation -0.003978494623655914 93
transfer_cash 0.5763917525773196 97
contribute_for_stock -0.00015151515151515152 66
update_start: 229; random_action_prob: 0.0793
update_complete: 229; loss: -0.001031402808924516; cumulative_reward: 60.41999999999999; invalid_count: 0; positive_reward_count: 71; success_count: 61; episode_count: 61; random_exploration_count: 12; avg_entropy: 0.4392; best_tax_advantage: 35.0; random_action_prob: 0.0793
make_subcorporation -0.003775510204081633 98
transfer_cash 0.7332530120481927 83
contribute_for_stock -0.0009333333333333334 75
update_start: 230; random_action_prob: 0.0789
update_complete: 230; loss: 0.022327275946736336; cumulative_reward: 59.430000000000014; invalid_count: 0; positive_reward_count: 66; success_count: 60; episode_count: 60; random_exploration_count: 21; avg_entropy: 0.4244; best_tax_advantage: 35.0; random_action_prob: 0.0789
make_subcorporation -0.004285714285714286 105
transfer_cash 0.7584810126582279 79
contribute_for_stock -0.0005555555555555556 72
update_start: 231; random_action_prob: 0.0785
update_complete: 231; loss: -0.0010358807630836964; cumulative_reward: 61.49000000000001; invalid_count: 0; positive_reward_count: 64; success_count: 62; episode_count: 62; random_exploration_count: 24; avg_entropy: 0.4432; best_tax_advantage: 35.0; random_action_prob: 0.0785
make_subcorporation -0.0038834951456310682 103
transfer_cash 0.7938461538461539 78
contribute_for_stock -0.00039999999999999996 75
update_start: 232; random_action_prob: 0.0781
update_complete: 232; loss: 0.00375646244113644; cumulative_reward: 65.5; invalid_count: 0; positive_reward_count: 67; success_count: 66; episode_count: 66; random_exploration_count: 20; avg_entropy: 0.3763; best_tax_advantage: 35.0; random_action_prob: 0.0781
make_subcorporation -0.0036274509803921567 102
transfer_cash 0.844871794871795 78
contribute_for_stock -0.00039473684210526315 76
update_start: 233; random_action_prob: 0.0778
update_complete: 233; loss: 0.04073546330134074; cumulative_reward: 62.57; invalid_count: 0; positive_reward_count: 65; success_count: 63; episode_count: 63; random_exploration_count: 18; avg_entropy: 0.3834; best_tax_advantage: 35.0; random_action_prob: 0.0778
make_subcorporation -0.0035353535353535356 99
transfer_cash 0.8176623376623376 77
contribute_for_stock -0.0005 80
update_start: 234; random_action_prob: 0.0774
update_complete: 234; loss: -0.01586720875153939; cumulative_reward: 66.47000000000001; invalid_count: 0; positive_reward_count: 68; success_count: 67; episode_count: 67; random_exploration_count: 20; avg_entropy: 0.3436; best_tax_advantage: 35.0; random_action_prob: 0.0774
make_subcorporation -0.0032 100
transfer_cash 0.8463291139240506 79
contribute_for_stock -0.0009090909090909092 77
update_start: 235; random_action_prob: 0.0770
update_complete: 235; loss: 0.03403825871646404; cumulative_reward: 63.54; invalid_count: 0; positive_reward_count: 66; success_count: 64; episode_count: 64; random_exploration_count: 25; avg_entropy: 0.3978; best_tax_advantage: 35.0; random_action_prob: 0.0770
make_subcorporation -0.0036 100
transfer_cash 0.8093670886075949 79
contribute_for_stock -0.0005194805194805195 77
update_start: 236; random_action_prob: 0.0766
update_complete: 236; loss: 0.01776457205414772; cumulative_reward: 50.199999999999996; invalid_count: 0; positive_reward_count: 51; success_count: 51; episode_count: 51; random_exploration_count: 22; avg_entropy: 0.5111; best_tax_advantage: 35.0; random_action_prob: 0.0766
make_subcorporation -0.005750000000000001 120
transfer_cash 0.8220967741935483 62
contribute_for_stock -0.001081081081081081 74
update_start: 237; random_action_prob: 0.0762
update_complete: 237; loss: 0.03659334716697534; cumulative_reward: 57.469999999999985; invalid_count: 0; positive_reward_count: 59; success_count: 58; episode_count: 58; random_exploration_count: 20; avg_entropy: 0.4778; best_tax_advantage: 35.0; random_action_prob: 0.0762
make_subcorporation -0.004636363636363636 110
transfer_cash 0.8284285714285714 70
contribute_for_stock -0.00013157894736842105 76
update_start: 238; random_action_prob: 0.0758
update_complete: 238; loss: 0.0005722253893812498; cumulative_reward: 55.13; invalid_count: 0; positive_reward_count: 57; success_count: 56; episode_count: 56; random_exploration_count: 15; avg_entropy: 0.4982; best_tax_advantage: 35.0; random_action_prob: 0.0758
make_subcorporation -0.005294117647058823 119
transfer_cash 0.7870422535211268 71
contribute_for_stock -0.0018181818181818182 66
update_start: 239; random_action_prob: 0.0754
update_complete: 239; loss: -0.0204288133730491; cumulative_reward: 59.39999999999999; invalid_count: 0; positive_reward_count: 64; success_count: 60; episode_count: 60; random_exploration_count: 19; avg_entropy: 0.4516; best_tax_advantage: 35.0; random_action_prob: 0.0754
make_subcorporation -0.004285714285714286 105
transfer_cash 0.7989333333333334 75
contribute_for_stock -0.0009210526315789475 76
update_start: 240; random_action_prob: 0.0751
update_complete: 240; loss: -0.015643162031968433; cumulative_reward: 61.46; invalid_count: 0; positive_reward_count: 63; success_count: 62; episode_count: 62; random_exploration_count: 16; avg_entropy: 0.3985; best_tax_advantage: 35.0; random_action_prob: 0.0751
make_subcorporation -0.003942307692307693 104
transfer_cash 0.8368918918918918 74
contribute_for_stock -0.0007692307692307692 78
update_start: 241; random_action_prob: 0.0747
update_complete: 241; loss: -0.02157779037952423; cumulative_reward: 59.379999999999974; invalid_count: 0; positive_reward_count: 61; success_count: 60; episode_count: 60; random_exploration_count: 18; avg_entropy: 0.4221; best_tax_advantage: 35.0; random_action_prob: 0.0747
make_subcorporation -0.0042156862745098035 102
transfer_cash 0.7485 80
contribute_for_stock -0.000945945945945946 74
update_start: 242; random_action_prob: 0.0743
update_complete: 242; loss: 0.014752861112356186; cumulative_reward: 54.20999999999998; invalid_count: 0; positive_reward_count: 60; success_count: 55; episode_count: 55; random_exploration_count: 29; avg_entropy: 0.4940; best_tax_advantage: 35.0; random_action_prob: 0.0743
make_subcorporation -0.00485981308411215 107
transfer_cash 0.7028205128205128 78
contribute_for_stock -0.0012676056338028169 71
update_start: 243; random_action_prob: 0.0740
update_complete: 243; loss: -0.0169787739093105; cumulative_reward: 66.40000000000003; invalid_count: 0; positive_reward_count: 67; success_count: 67; episode_count: 67; random_exploration_count: 15; avg_entropy: 0.3316; best_tax_advantage: 35.0; random_action_prob: 0.0740
make_subcorporation -0.0035238095238095237 105
transfer_cash 0.9032432432432433 74
contribute_for_stock -0.0009090909090909092 77
update_start: 244; random_action_prob: 0.0736
update_complete: 244; loss: -0.014771650234858194; cumulative_reward: 67.60999999999997; invalid_count: 0; positive_reward_count: 68; success_count: 68; episode_count: 68; random_exploration_count: 15; avg_entropy: 0.3248; best_tax_advantage: 35.0; random_action_prob: 0.0736
make_subcorporation -0.003235294117647059 102
transfer_cash 0.9064000000000001 75
contribute_for_stock -0.0005063291139240507 79
update_start: 245; random_action_prob: 0.0732
update_complete: 245; loss: 0.03212732200821241; cumulative_reward: 64.51999999999998; invalid_count: 0; positive_reward_count: 67; success_count: 65; episode_count: 65; random_exploration_count: 19; avg_entropy: 0.3581; best_tax_advantage: 35.0; random_action_prob: 0.0732
make_subcorporation -0.0034343434343434348 99
transfer_cash 0.8115 80
contribute_for_stock -0.0007792207792207792 77
update_start: 246; random_action_prob: 0.0728
update_complete: 246; loss: 0.026352437833944958; cumulative_reward: 59.39; invalid_count: 0; positive_reward_count: 61; success_count: 60; episode_count: 60; random_exploration_count: 24; avg_entropy: 0.3875; best_tax_advantage: 35.0; random_action_prob: 0.0728
make_subcorporation -0.004299065420560748 107
transfer_cash 0.8094594594594594 74
contribute_for_stock -0.0006666666666666668 75
update_start: 247; random_action_prob: 0.0725
update_complete: 247; loss: 0.06533362840612729; cumulative_reward: 64.53999999999999; invalid_count: 0; positive_reward_count: 66; success_count: 65; episode_count: 65; random_exploration_count: 19; avg_entropy: 0.3460; best_tax_advantage: 35.0; random_action_prob: 0.0725
make_subcorporation -0.003867924528301887 106
transfer_cash 0.8897260273972604 73
contribute_for_stock 0.0 77
update_start: 248; random_action_prob: 0.0721
update_complete: 248; loss: 0.008561960111061731; cumulative_reward: 54.31; invalid_count: 0; positive_reward_count: 55; success_count: 55; episode_count: 55; random_exploration_count: 23; avg_entropy: 0.4894; best_tax_advantage: 35.0; random_action_prob: 0.0721
make_subcorporation -0.005089285714285715 112
transfer_cash 0.7957971014492753 69
contribute_for_stock -0.00039999999999999996 75
update_start: 249; random_action_prob: 0.0718
update_complete: 249; loss: -0.0009590517729520798; cumulative_reward: 49.279999999999994; invalid_count: 0; positive_reward_count: 52; success_count: 50; episode_count: 50; random_exploration_count: 18; avg_entropy: 0.5183; best_tax_advantage: 35.0; random_action_prob: 0.0718
make_subcorporation -0.0058196721311475404 122
transfer_cash 0.8472881355932204 59
contribute_for_stock 0.0 75
update_start: 250; random_action_prob: 0.0714
update_complete: 250; loss: -0.02096695266664028; cumulative_reward: 50.209999999999994; invalid_count: 0; positive_reward_count: 51; success_count: 51; episode_count: 51; random_exploration_count: 22; avg_entropy: 0.5362; best_tax_advantage: 35.0; random_action_prob: 0.0714
make_subcorporation -0.005833333333333334 120
transfer_cash 0.8350819672131147 61
contribute_for_stock -0.00039999999999999996 75
update_start: 251; random_action_prob: 0.0710
update_complete: 251; loss: -0.009959527757018805; cumulative_reward: 61.449999999999996; invalid_count: 0; positive_reward_count: 62; success_count: 62; episode_count: 62; random_exploration_count: 18; avg_entropy: 0.3957; best_tax_advantage: 35.0; random_action_prob: 0.0710
make_subcorporation -0.004220183486238533 109
transfer_cash 0.8976811594202898 69
contribute_for_stock -0.0003846153846153846 78
update_start: 252; random_action_prob: 0.0707
update_complete: 252; loss: -0.035844373206297554; cumulative_reward: 62.499999999999986; invalid_count: 0; positive_reward_count: 63; success_count: 63; episode_count: 63; random_exploration_count: 18; avg_entropy: 0.4051; best_tax_advantage: 35.0; random_action_prob: 0.0707
make_subcorporation -0.0037623762376237622 101
transfer_cash 0.8176623376623376 77
contribute_for_stock -0.0010256410256410256 78
update_start: 253; random_action_prob: 0.0703
update_complete: 253; loss: 0.08026997496684392; cumulative_reward: 60.23000000000001; invalid_count: 0; positive_reward_count: 61; success_count: 61; episode_count: 61; random_exploration_count: 20; avg_entropy: 0.4868; best_tax_advantage: 35.0; random_action_prob: 0.0703
make_subcorporation -0.004642857142857143 112
transfer_cash 0.8941176470588235 68
contribute_for_stock -0.0006578947368421052 76
update_start: 254; random_action_prob: 0.0700
update_complete: 254; loss: 0.014782234405477842; cumulative_reward: 58.110000000000014; invalid_count: 0; positive_reward_count: 60; success_count: 59; episode_count: 59; random_exploration_count: 15; avg_entropy: 0.5109; best_tax_advantage: 35.0; random_action_prob: 0.0700
make_subcorporation -0.005089285714285715 112
transfer_cash 0.8151388888888889 72
contribute_for_stock -0.0001388888888888889 72
update_start: 255; random_action_prob: 0.0696
update_complete: 255; loss: 0.06449538966019948; cumulative_reward: 60.18; invalid_count: 0; positive_reward_count: 61; success_count: 61; episode_count: 61; random_exploration_count: 20; avg_entropy: 0.4423; best_tax_advantage: 35.0; random_action_prob: 0.0696
make_subcorporation -0.004485981308411215 107
transfer_cash 0.8434722222222222 72
contribute_for_stock -0.0009090909090909092 77
update_start: 256; random_action_prob: 0.0693
update_complete: 256; loss: 0.006312501306335132; cumulative_reward: 56.06999999999998; invalid_count: 0; positive_reward_count: 58; success_count: 57; episode_count: 57; random_exploration_count: 20; avg_entropy: 0.4738; best_tax_advantage: 35.0; random_action_prob: 0.0693
make_subcorporation -0.005344827586206896 116
transfer_cash 0.8230434782608695 69
contribute_for_stock -0.0014084507042253522 71
update_start: 257; random_action_prob: 0.0689
update_complete: 257; loss: -0.005711083610852559; cumulative_reward: 60.34; invalid_count: 0; positive_reward_count: 63; success_count: 61; episode_count: 61; random_exploration_count: 20; avg_entropy: 0.4307; best_tax_advantage: 35.0; random_action_prob: 0.0689
make_subcorporation -0.004299065420560748 107
transfer_cash 0.8451388888888889 72
contribute_for_stock -0.0006493506493506494 77
update_start: 258; random_action_prob: 0.0686
update_complete: 258; loss: 0.07739392916361491; cumulative_reward: 67.43; invalid_count: 0; positive_reward_count: 68; success_count: 68; episode_count: 68; random_exploration_count: 11; avg_entropy: 0.3298; best_tax_advantage: 35.0; random_action_prob: 0.0686
make_subcorporation -0.003653846153846154 104
transfer_cash 0.8928947368421053 76
contribute_for_stock -0.0006578947368421052 76
update_start: 259; random_action_prob: 0.0683
update_complete: 259; loss: 0.041363769521315895; cumulative_reward: 59.370000000000005; invalid_count: 0; positive_reward_count: 61; success_count: 60; episode_count: 60; random_exploration_count: 19; avg_entropy: 0.3844; best_tax_advantage: 35.0; random_action_prob: 0.0683
make_subcorporation -0.0043396226415094346 106
transfer_cash 0.8205479452054795 73
contribute_for_stock -0.0009090909090909092 77
update_start: 260; random_action_prob: 0.0679
update_complete: 260; loss: 0.03185630248238643; cumulative_reward: 65.44000000000003; invalid_count: 0; positive_reward_count: 67; success_count: 66; episode_count: 66; random_exploration_count: 17; avg_entropy: 0.3598; best_tax_advantage: 35.0; random_action_prob: 0.0679
make_subcorporation -0.0037735849056603774 106
transfer_cash 0.8785333333333334 75
contribute_for_stock -0.0006666666666666668 75
update_start: 261; random_action_prob: 0.0676
update_complete: 261; loss: 0.01027288349966208; cumulative_reward: 68.65999999999998; invalid_count: 0; positive_reward_count: 69; success_count: 69; episode_count: 69; random_exploration_count: 13; avg_entropy: 0.3423; best_tax_advantage: 35.0; random_action_prob: 0.0676
make_subcorporation -0.0028865979381443303 97
transfer_cash 0.8842307692307693 78
contribute_for_stock -0.00037037037037037035 81
update_start: 262; random_action_prob: 0.0672
update_complete: 262; loss: 0.03212285786867142; cumulative_reward: 60.27999999999999; invalid_count: 0; positive_reward_count: 61; success_count: 61; episode_count: 61; random_exploration_count: 20; avg_entropy: 0.4766; best_tax_advantage: 35.0; random_action_prob: 0.0672
make_subcorporation -0.004545454545454545 110
transfer_cash 0.8451388888888889 72
contribute_for_stock -0.000945945945945946 74
update_start: 263; random_action_prob: 0.0669
update_complete: 263; loss: 0.05751988229652246; cumulative_reward: 59.32999999999999; invalid_count: 0; positive_reward_count: 62; success_count: 60; episode_count: 60; random_exploration_count: 18; avg_entropy: 0.4576; best_tax_advantage: 35.0; random_action_prob: 0.0669
make_subcorporation -0.004403669724770642 109
transfer_cash 0.8318055555555556 72
contribute_for_stock -0.0010666666666666667 75
update_start: 264; random_action_prob: 0.0666
update_complete: 264; loss: -0.003301007983585199; cumulative_reward: 56.29999999999999; invalid_count: 0; positive_reward_count: 57; success_count: 57; episode_count: 57; random_exploration_count: 19; avg_entropy: 0.4490; best_tax_advantage: 35.0; random_action_prob: 0.0666
make_subcorporation -0.0047747747747747754 111
transfer_cash 0.79 72
contribute_for_stock -0.0006849315068493151 73
update_start: 265; random_action_prob: 0.0662
update_complete: 265; loss: 0.034958829171955585; cumulative_reward: 65.45000000000002; invalid_count: 0; positive_reward_count: 66; success_count: 66; episode_count: 66; random_exploration_count: 17; avg_entropy: 0.3621; best_tax_advantage: 35.0; random_action_prob: 0.0662
make_subcorporation -0.0037142857142857142 105
transfer_cash 0.915138888888889 72
contribute_for_stock -0.0006329113924050633 79
update_start: 266; random_action_prob: 0.0659
update_complete: 266; loss: 0.010182823985815048; cumulative_reward: 70.55999999999997; invalid_count: 0; positive_reward_count: 71; success_count: 71; episode_count: 71; random_exploration_count: 16; avg_entropy: 0.3141; best_tax_advantage: 35.0; random_action_prob: 0.0659
make_subcorporation -0.0028282828282828287 99
transfer_cash 0.9330263157894736 76
contribute_for_stock -0.0008641975308641976 81
update_start: 267; random_action_prob: 0.0656
update_complete: 267; loss: 0.024896772267917793; cumulative_reward: 66.60000000000001; invalid_count: 0; positive_reward_count: 69; success_count: 67; episode_count: 67; random_exploration_count: 17; avg_entropy: 0.3233; best_tax_advantage: 35.0; random_action_prob: 0.0656
make_subcorporation -0.0033333333333333335 102
transfer_cash 0.9048648648648647 74
contribute_for_stock -0.00025 80
update_start: 268; random_action_prob: 0.0652
update_complete: 268; loss: 0.05573145051797231; cumulative_reward: 64.48; invalid_count: 0; positive_reward_count: 66; success_count: 65; episode_count: 65; random_exploration_count: 16; avg_entropy: 0.3382; best_tax_advantage: 35.0; random_action_prob: 0.0652
make_subcorporation -0.00383177570093458 107
transfer_cash 0.9278571428571429 70
contribute_for_stock -0.0007594936708860759 79
update_start: 269; random_action_prob: 0.0649
update_complete: 269; loss: 0.011651119527717432; cumulative_reward: 66.66999999999999; invalid_count: 0; positive_reward_count: 70; success_count: 67; episode_count: 67; random_exploration_count: 15; avg_entropy: 0.3117; best_tax_advantage: 35.0; random_action_prob: 0.0649
make_subcorporation -0.0031632653061224487 98
transfer_cash 0.8587179487179488 78
contribute_for_stock 0.0 80
update_start: 270; random_action_prob: 0.0646
update_complete: 270; loss: 0.002766413614153862; cumulative_reward: 68.61999999999999; invalid_count: 0; positive_reward_count: 69; success_count: 69; episode_count: 69; random_exploration_count: 16; avg_entropy: 0.3425; best_tax_advantage: 35.0; random_action_prob: 0.0646
make_subcorporation -0.0031 100
transfer_cash 0.9069736842105264 76
contribute_for_stock 0.0 80
update_start: 271; random_action_prob: 0.0643
update_complete: 271; loss: 0.006412194110453129; cumulative_reward: 61.47; invalid_count: 0; positive_reward_count: 65; success_count: 62; episode_count: 62; random_exploration_count: 15; avg_entropy: 0.3695; best_tax_advantage: 35.0; random_action_prob: 0.0643
make_subcorporation -0.004205607476635514 107
transfer_cash 0.8725352112676057 71
contribute_for_stock -0.0003846153846153846 78
update_start: 272; random_action_prob: 0.0639
update_complete: 272; loss: 0.04417114766935507; cumulative_reward: 54.30999999999999; invalid_count: 0; positive_reward_count: 57; success_count: 55; episode_count: 55; random_exploration_count: 15; avg_entropy: 0.4542; best_tax_advantage: 35.0; random_action_prob: 0.0639
make_subcorporation -0.005 112
transfer_cash 0.8080882352941177 68
contribute_for_stock -0.0010526315789473684 76
update_start: 273; random_action_prob: 0.0636
update_complete: 273; loss: 0.00922703742980957; cumulative_reward: 53.37; invalid_count: 0; positive_reward_count: 59; success_count: 54; episode_count: 54; random_exploration_count: 13; avg_entropy: 0.3844; best_tax_advantage: 35.0; random_action_prob: 0.0636
make_subcorporation -0.005089285714285715 112
transfer_cash 0.8178787878787879 66
contribute_for_stock -0.0005128205128205128 78
update_start: 274; random_action_prob: 0.0633
update_complete: 274; loss: 0.03347518791755041; cumulative_reward: 61.57; invalid_count: 0; positive_reward_count: 71; success_count: 62; episode_count: 62; random_exploration_count: 15; avg_entropy: 0.3525; best_tax_advantage: 35.0; random_action_prob: 0.0633
make_subcorporation -0.0037 100
transfer_cash 0.774625 80
contribute_for_stock -0.00039473684210526315 76
update_start: 275; random_action_prob: 0.0630
update_complete: 275; loss: -0.004924576263874769; cumulative_reward: 67.63000000000001; invalid_count: 0; positive_reward_count: 71; success_count: 68; episode_count: 68; random_exploration_count: 16; avg_entropy: 0.2778; best_tax_advantage: 35.0; random_action_prob: 0.0630
make_subcorporation -0.0029896907216494842 97
transfer_cash 0.86 79
contribute_for_stock -0.00025 80
update_start: 276; random_action_prob: 0.0627
update_complete: 276; loss: 0.015839558094739914; cumulative_reward: 67.61000000000001; invalid_count: 0; positive_reward_count: 69; success_count: 68; episode_count: 68; random_exploration_count: 16; avg_entropy: 0.2848; best_tax_advantage: 35.0; random_action_prob: 0.0627
make_subcorporation -0.003235294117647059 102
transfer_cash 0.8943421052631578 76
contribute_for_stock -0.0003846153846153846 78
update_start: 277; random_action_prob: 0.0624
update_complete: 277; loss: 0.011802992162605127; cumulative_reward: 69.69999999999999; invalid_count: 0; positive_reward_count: 72; success_count: 70; episode_count: 70; random_exploration_count: 13; avg_entropy: 0.2535; best_tax_advantage: 35.0; random_action_prob: 0.0624
make_subcorporation -0.0027835051546391755 97
transfer_cash 0.8856962025316456 79
contribute_for_stock 0.0 80
update_start: 278; random_action_prob: 0.0621
update_complete: 278; loss: 0.060068500538667045; cumulative_reward: 68.66999999999997; invalid_count: 0; positive_reward_count: 74; success_count: 69; episode_count: 69; random_exploration_count: 12; avg_entropy: 0.2767; best_tax_advantage: 35.0; random_action_prob: 0.0621
make_subcorporation -0.0027083333333333334 96
transfer_cash 0.8307228915662651 83
contribute_for_stock -0.00025974025974025974 77
update_start: 279; random_action_prob: 0.0617
update_complete: 279; loss: 0.12353276461362839; cumulative_reward: 77.84; invalid_count: 0; positive_reward_count: 81; success_count: 78; episode_count: 78; random_exploration_count: 14; avg_entropy: 0.2406; best_tax_advantage: 35.0; random_action_prob: 0.0617
make_subcorporation -0.0013333333333333333 90
transfer_cash 0.9172941176470588 85
contribute_for_stock -0.0001234567901234568 81
update_start: 280; random_action_prob: 0.0614
update_complete: 280; loss: -0.01582239226748546; cumulative_reward: 66.61000000000001; invalid_count: 0; positive_reward_count: 69; success_count: 67; episode_count: 67; random_exploration_count: 15; avg_entropy: 0.3206; best_tax_advantage: 35.0; random_action_prob: 0.0614
make_subcorporation -0.0032323232323232323 99
transfer_cash 0.83675 80
contribute_for_stock -0.00012987012987012987 77
update_start: 281; random_action_prob: 0.0611
update_complete: 281; loss: -0.01744324155151844; cumulative_reward: 70.62999999999998; invalid_count: 0; positive_reward_count: 71; success_count: 71; episode_count: 71; random_exploration_count: 11; avg_entropy: 0.2799; best_tax_advantage: 35.0; random_action_prob: 0.0611
make_subcorporation -0.002577319587628866 97
transfer_cash 0.8977215189873418 79
contribute_for_stock -0.0005 80
update_start: 282; random_action_prob: 0.0608
update_complete: 282; loss: -0.012620904793341955; cumulative_reward: 71.71; invalid_count: 0; positive_reward_count: 76; success_count: 72; episode_count: 72; random_exploration_count: 12; avg_entropy: 0.2671; best_tax_advantage: 35.0; random_action_prob: 0.0608
make_subcorporation -0.0020652173913043477 92
transfer_cash 0.8363953488372093 86
contribute_for_stock -0.0003846153846153846 78
update_start: 283; random_action_prob: 0.0605
update_complete: 283; loss: 0.021842986966172855; cumulative_reward: 65.52000000000001; invalid_count: 0; positive_reward_count: 68; success_count: 66; episode_count: 66; random_exploration_count: 18; avg_entropy: 0.3569; best_tax_advantage: 35.0; random_action_prob: 0.0605
make_subcorporation -0.003529411764705882 102
transfer_cash 0.8341772151898735 79
contribute_for_stock -0.0002666666666666667 75
update_start: 284; random_action_prob: 0.0602
update_complete: 284; loss: -0.022222278639674187; cumulative_reward: 69.64999999999999; invalid_count: 0; positive_reward_count: 78; success_count: 70; episode_count: 70; random_exploration_count: 15; avg_entropy: 0.3334; best_tax_advantage: 35.0; random_action_prob: 0.0602
make_subcorporation -0.0027083333333333334 96
transfer_cash 0.8427710843373495 83
contribute_for_stock -0.0005194805194805195 77
update_start: 285; random_action_prob: 0.0599
update_complete: 285; loss: -0.01215966697782278; cumulative_reward: 66.62; invalid_count: 0; positive_reward_count: 74; success_count: 67; episode_count: 67; random_exploration_count: 15; avg_entropy: 0.3372; best_tax_advantage: 35.0; random_action_prob: 0.0599
make_subcorporation -0.0030208333333333333 96
transfer_cash 0.7967857142857143 84
contribute_for_stock -0.0002631578947368421 76
update_start: 286; random_action_prob: 0.0596
update_complete: 286; loss: -0.0013579434404770534; cumulative_reward: 64.59; invalid_count: 0; positive_reward_count: 71; success_count: 65; episode_count: 65; random_exploration_count: 12; avg_entropy: 0.2967; best_tax_advantage: 35.0; random_action_prob: 0.0596
make_subcorporation -0.003465346534653466 101
transfer_cash 0.8438961038961039 77
contribute_for_stock -0.0005128205128205128 78
update_start: 287; random_action_prob: 0.0593
update_complete: 287; loss: 0.007978889780739943; cumulative_reward: 66.52; invalid_count: 0; positive_reward_count: 70; success_count: 67; episode_count: 67; random_exploration_count: 19; avg_entropy: 0.3401; best_tax_advantage: 35.0; random_action_prob: 0.0593
make_subcorporation -0.0035849056603773585 106
transfer_cash 0.9044594594594596 74
contribute_for_stock -0.00039473684210526315 76
update_start: 288; random_action_prob: 0.0590
update_complete: 288; loss: -0.01849606353789568; cumulative_reward: 56.339999999999996; invalid_count: 0; positive_reward_count: 60; success_count: 57; episode_count: 57; random_exploration_count: 19; avg_entropy: 0.3455; best_tax_advantage: 35.0; random_action_prob: 0.0590
make_subcorporation -0.005043478260869565 115
transfer_cash 0.8134285714285714 70
contribute_for_stock -0.00028169014084507044 71
update_start: 289; random_action_prob: 0.0587
update_complete: 289; loss: 0.001958093916376432; cumulative_reward: 65.53999999999999; invalid_count: 0; positive_reward_count: 70; success_count: 66; episode_count: 66; random_exploration_count: 15; avg_entropy: 0.3090; best_tax_advantage: 35.0; random_action_prob: 0.0587
make_subcorporation -0.0032323232323232323 99
transfer_cash 0.845 78
contribute_for_stock -0.0006329113924050633 79
update_start: 290; random_action_prob: 0.0584
update_complete: 290; loss: 0.03341539452473322; cumulative_reward: 69.49000000000001; invalid_count: 0; positive_reward_count: 70; success_count: 70; episode_count: 70; random_exploration_count: 18; avg_entropy: 0.2992; best_tax_advantage: 35.0; random_action_prob: 0.0584
make_subcorporation -0.003300970873786408 103
transfer_cash 0.932 75
contribute_for_stock -0.0008974358974358975 78
update_start: 291; random_action_prob: 0.0581
update_complete: 291; loss: -0.01310600278278192; cumulative_reward: 67.61999999999999; invalid_count: 0; positive_reward_count: 75; success_count: 68; episode_count: 68; random_exploration_count: 15; avg_entropy: 0.2818; best_tax_advantage: 35.0; random_action_prob: 0.0581
make_subcorporation -0.002916666666666667 96
transfer_cash 0.838641975308642 81
contribute_for_stock -0.00037974683544303797 79
update_start: 292; random_action_prob: 0.0578
update_complete: 292; loss: -0.028939175109068554; cumulative_reward: 66.51; invalid_count: 0; positive_reward_count: 68; success_count: 67; episode_count: 67; random_exploration_count: 15; avg_entropy: 0.2892; best_tax_advantage: 35.0; random_action_prob: 0.0578
make_subcorporation -0.003461538461538461 104
transfer_cash 0.9041891891891891 74
contribute_for_stock -0.0005128205128205128 78
update_start: 293; random_action_prob: 0.0576
update_complete: 293; loss: 0.06255527089039485; cumulative_reward: 66.62; invalid_count: 0; positive_reward_count: 69; success_count: 67; episode_count: 67; random_exploration_count: 15; avg_entropy: 0.2976; best_tax_advantage: 35.0; random_action_prob: 0.0576
make_subcorporation -0.003131313131313131 99
transfer_cash 0.8583333333333334 78
contribute_for_stock -0.00025316455696202533 79
update_start: 294; random_action_prob: 0.0573
update_complete: 294; loss: 0.0038520501305659613; cumulative_reward: 67.54999999999997; invalid_count: 0; positive_reward_count: 71; success_count: 68; episode_count: 68; random_exploration_count: 14; avg_entropy: 0.3322; best_tax_advantage: 35.0; random_action_prob: 0.0573
make_subcorporation -0.0030303030303030303 99
transfer_cash 0.8593670886075949 79
contribute_for_stock -0.0005128205128205128 78
update_start: 295; random_action_prob: 0.0570
update_complete: 295; loss: 0.015049486110607782; cumulative_reward: 56.370000000000005; invalid_count: 0; positive_reward_count: 82; success_count: 57; episode_count: 57; random_exploration_count: 13; avg_entropy: 0.4191; best_tax_advantage: 35.0; random_action_prob: 0.0570
make_subcorporation -0.004105263157894737 95
transfer_cash 0.6315555555555556 90
contribute_for_stock -0.0011267605633802818 71
update_start: 296; random_action_prob: 0.0567
update_complete: 296; loss: 0.006460607672731082; cumulative_reward: 56.34000000000002; invalid_count: 0; positive_reward_count: 88; success_count: 57; episode_count: 57; random_exploration_count: 12; avg_entropy: 0.4213; best_tax_advantage: 35.0; random_action_prob: 0.0567
make_subcorporation -0.0038043478260869567 92
transfer_cash 0.5795918367346938 98
contribute_for_stock -0.0016666666666666668 66
update_start: 297; random_action_prob: 0.0564
update_complete: 297; loss: 0.001843813806772232; cumulative_reward: 53.4; invalid_count: 0; positive_reward_count: 77; success_count: 54; episode_count: 54; random_exploration_count: 17; avg_entropy: 0.4359; best_tax_advantage: 35.0; random_action_prob: 0.0564
make_subcorporation -0.004329896907216494 97
transfer_cash 0.5918681318681318 91
contribute_for_stock -0.0005882352941176471 68
update_start: 298; random_action_prob: 0.0561
update_complete: 298; loss: -0.014882965013384819; cumulative_reward: 60.61000000000002; invalid_count: 0; positive_reward_count: 87; success_count: 61; episode_count: 61; random_exploration_count: 17; avg_entropy: 0.3875; best_tax_advantage: 35.0; random_action_prob: 0.0561
make_subcorporation -0.0029545454545454545 88
transfer_cash 0.6280412371134021 97
contribute_for_stock -0.0007042253521126761 71
update_start: 299; random_action_prob: 0.0559
update_complete: 299; loss: -0.01446874470760425; cumulative_reward: 64.71000000000001; invalid_count: 0; positive_reward_count: 88; success_count: 65; episode_count: 65; random_exploration_count: 12; avg_entropy: 0.3527; best_tax_advantage: 35.0; random_action_prob: 0.0559
make_subcorporation -0.002696629213483146 89
transfer_cash 0.6837894736842105 95
contribute_for_stock -0.0001388888888888889 72
update_start: 300; random_action_prob: 0.0556
update_complete: 300; loss: -0.01900204581518968; cumulative_reward: 61.56999999999999; invalid_count: 0; positive_reward_count: 86; success_count: 62; episode_count: 62; random_exploration_count: 15; avg_entropy: 0.3659; best_tax_advantage: 35.0; random_action_prob: 0.0556
make_subcorporation -0.0030769230769230774 91
transfer_cash 0.6516842105263158 95
contribute_for_stock -0.0008571428571428571 70
update_start: 301; random_action_prob: 0.0553
update_complete: 301; loss: 0.00859137624502182; cumulative_reward: 68.66; invalid_count: 0; positive_reward_count: 73; success_count: 69; episode_count: 69; random_exploration_count: 12; avg_entropy: 0.3433; best_tax_advantage: 35.0; random_action_prob: 0.0553
make_subcorporation -0.0027083333333333334 96
transfer_cash 0.8618750000000001 80
contribute_for_stock -0.000375 80
update_start: 302; random_action_prob: 0.0550
update_complete: 302; loss: 0.01769126144548257; cumulative_reward: 57.189999999999976; invalid_count: 0; positive_reward_count: 67; success_count: 58; episode_count: 58; random_exploration_count: 17; avg_entropy: 0.5476; best_tax_advantage: 35.0; random_action_prob: 0.0550
make_subcorporation -0.0047272727272727275 110
transfer_cash 0.7510389610389611 77
contribute_for_stock -0.0017391304347826085 69
update_start: 303; random_action_prob: 0.0547
update_complete: 303; loss: -0.015054399147629738; cumulative_reward: 43.55; invalid_count: 0; positive_reward_count: 51; success_count: 45; episode_count: 45; random_exploration_count: 15; avg_entropy: 0.6375; best_tax_advantage: 35.0; random_action_prob: 0.0547
make_subcorporation -0.006587301587301588 126
transfer_cash 0.5941333333333334 75
contribute_for_stock -0.0032727272727272726 55
update_start: 304; random_action_prob: 0.0545
update_complete: 304; loss: -0.007396207967152198; cumulative_reward: 69.58; invalid_count: 0; positive_reward_count: 77; success_count: 70; episode_count: 70; random_exploration_count: 11; avg_entropy: 0.3317; best_tax_advantage: 35.0; random_action_prob: 0.0545
make_subcorporation -0.0029591836734693877 98
transfer_cash 0.8425301204819278 83
contribute_for_stock -0.0007999999999999999 75
update_start: 305; random_action_prob: 0.0542
update_complete: 305; loss: 0.04462970793247223; cumulative_reward: 66.49999999999999; invalid_count: 0; positive_reward_count: 69; success_count: 67; episode_count: 67; random_exploration_count: 19; avg_entropy: 0.2891; best_tax_advantage: 35.0; random_action_prob: 0.0542
make_subcorporation -0.003398058252427185 103
transfer_cash 0.8469620253164557 79
contribute_for_stock -0.0008108108108108108 74
update_start: 306; random_action_prob: 0.0539
update_complete: 306; loss: 0.03931339581807455; cumulative_reward: 69.6; invalid_count: 0; positive_reward_count: 71; success_count: 70; episode_count: 70; random_exploration_count: 14; avg_entropy: 0.2631; best_tax_advantage: 35.0; random_action_prob: 0.0539
make_subcorporation -0.0029 100
transfer_cash 0.8964102564102564 78
contribute_for_stock -0.0003846153846153846 78
update_start: 307; random_action_prob: 0.0537
update_complete: 307; loss: 0.006055647662530343; cumulative_reward: 64.47000000000001; invalid_count: 0; positive_reward_count: 66; success_count: 65; episode_count: 65; random_exploration_count: 17; avg_entropy: 0.2820; best_tax_advantage: 35.0; random_action_prob: 0.0537
make_subcorporation -0.0034343434343434348 99
transfer_cash 0.8212658227848101 79
contribute_for_stock -0.0008974358974358975 78
update_start: 308; random_action_prob: 0.0534
update_complete: 308; loss: 0.0003426291514188051; cumulative_reward: 77.71; invalid_count: 0; positive_reward_count: 79; success_count: 78; episode_count: 78; random_exploration_count: 4; avg_entropy: 0.1604; best_tax_advantage: 35.0; random_action_prob: 0.0534
make_subcorporation -0.0015053763440860217 93
transfer_cash 0.93855421686747 83
contribute_for_stock -0.000625 80
update_start: 309; random_action_prob: 0.0531
update_complete: 309; loss: 0.015565284217397371; cumulative_reward: 71.51999999999998; invalid_count: 0; positive_reward_count: 73; success_count: 72; episode_count: 72; random_exploration_count: 16; avg_entropy: 0.2450; best_tax_advantage: 35.0; random_action_prob: 0.0531
make_subcorporation -0.0029 100
transfer_cash 0.9094936708860759 79
contribute_for_stock -0.0005194805194805195 77
update_start: 310; random_action_prob: 0.0529
update_complete: 310; loss: 0.015343241393566132; cumulative_reward: 71.71999999999997; invalid_count: 0; positive_reward_count: 73; success_count: 72; episode_count: 72; random_exploration_count: 13; avg_entropy: 0.2021; best_tax_advantage: 35.0; random_action_prob: 0.0529
make_subcorporation -0.0023157894736842107 95
transfer_cash 0.888641975308642 81
contribute_for_stock -0.0005 80
update_start: 311; random_action_prob: 0.0526
update_complete: 311; loss: 0.032884793976942696; cumulative_reward: 72.69999999999999; invalid_count: 0; positive_reward_count: 76; success_count: 73; episode_count: 73; random_exploration_count: 12; avg_entropy: 0.1659; best_tax_advantage: 35.0; random_action_prob: 0.0526
make_subcorporation -0.0023958333333333336 96
transfer_cash 0.8896341463414634 82
contribute_for_stock -0.0002564102564102564 78
update_start: 312; random_action_prob: 0.0523
update_complete: 312; loss: 0.0073800029543538885; cumulative_reward: 73.71; invalid_count: 0; positive_reward_count: 78; success_count: 74; episode_count: 74; random_exploration_count: 15; avg_entropy: 0.2024; best_tax_advantage: 35.0; random_action_prob: 0.0523
make_subcorporation -0.002021276595744681 94
transfer_cash 0.8907228915662652 83
contribute_for_stock -0.00037974683544303797 79
update_start: 313; random_action_prob: 0.0521
update_complete: 313; loss: 0.022029222920536995; cumulative_reward: 72.78999999999999; invalid_count: 0; positive_reward_count: 79; success_count: 73; episode_count: 73; random_exploration_count: 9; avg_entropy: 0.1787; best_tax_advantage: 35.0; random_action_prob: 0.0521
make_subcorporation -0.0020652173913043477 92
transfer_cash 0.8793975903614457 83
contribute_for_stock -0.0001234567901234568 81
update_start: 314; random_action_prob: 0.0518
update_complete: 314; loss: -0.005186363511408369; cumulative_reward: 70.7; invalid_count: 0; positive_reward_count: 75; success_count: 71; episode_count: 71; random_exploration_count: 12; avg_entropy: 0.2417; best_tax_advantage: 35.0; random_action_prob: 0.0518
make_subcorporation -0.002340425531914894 94
transfer_cash 0.9093589743589744 78
contribute_for_stock -0.00011904761904761905 84
update_start: 315; random_action_prob: 0.0515
update_complete: 315; loss: -0.0018120606740315754; cumulative_reward: 60.58; invalid_count: 0; positive_reward_count: 71; success_count: 61; episode_count: 61; random_exploration_count: 16; avg_entropy: 0.3907; best_tax_advantage: 35.0; random_action_prob: 0.0515
make_subcorporation -0.003737373737373737 99
transfer_cash 0.7621249999999999 80
contribute_for_stock -0.00025974025974025974 77
update_start: 316; random_action_prob: 0.0513
update_complete: 316; loss: 0.04856931542356809; cumulative_reward: 5.310000000000022; invalid_count: 0; positive_reward_count: 10; success_count: 7; episode_count: 7; random_exploration_count: 14; avg_entropy: 0.2589; best_tax_advantage: 35.0; random_action_prob: 0.0513
make_subcorporation -0.009548022598870056 177
transfer_cash 0.4666666666666667 15
contribute_for_stock 0.0 64
update_start: 317; random_action_prob: 0.0510
update_complete: 317; loss: 0.013462200139959654; cumulative_reward: -1.8600000000000014; invalid_count: 0; positive_reward_count: 0; success_count: 0; episode_count: 0; random_exploration_count: 20; avg_entropy: 0.1947; best_tax_advantage: 0.0; random_action_prob: 0.0510
make_subcorporation -0.009946524064171123 187
transfer_cash 0.0 1
contribute_for_stock 0.0 68
update_start: 318; random_action_prob: 0.0508
update_complete: 318; loss: 0.053826674818992615; cumulative_reward: -0.7400000000000011; invalid_count: 0; positive_reward_count: 2; success_count: 1; episode_count: 1; random_exploration_count: 13; avg_entropy: 0.2059; best_tax_advantage: 35.0; random_action_prob: 0.0508
make_subcorporation -0.009886363636363636 176
transfer_cash 0.3333333333333333 3
contribute_for_stock 0.0 77
update_start: 319; random_action_prob: 0.0505
update_complete: 319; loss: 0.03816621874769529; cumulative_reward: -1.6800000000000013; invalid_count: 0; positive_reward_count: 0; success_count: 0; episode_count: 0; random_exploration_count: 10; avg_entropy: 0.2131; best_tax_advantage: 0.0; random_action_prob: 0.0505
make_subcorporation -0.01 168
transfer_cash 0.0 2
contribute_for_stock 0.0 86
update_start: 320; random_action_prob: 0.0503
update_complete: 320; loss: 0.058540619909763336; cumulative_reward: -1.6500000000000012; invalid_count: 0; positive_reward_count: 0; success_count: 0; episode_count: 0; random_exploration_count: 22; avg_entropy: 0.2663; best_tax_advantage: 0.0; random_action_prob: 0.0503
make_subcorporation -0.01 165
transfer_cash 0.0 3
contribute_for_stock 0.0 88
update_start: 321; random_action_prob: 0.0500
update_complete: 321; loss: 0.01852310774847865; cumulative_reward: -1.5600000000000012; invalid_count: 0; positive_reward_count: 0; success_count: 0; episode_count: 0; random_exploration_count: 12; avg_entropy: 0.1683; best_tax_advantage: 0.0; random_action_prob: 0.0500
make_subcorporation -0.01 156
transfer_cash 0.0 1
contribute_for_stock 0.0 99
update_start: 322; random_action_prob: 0.0498
update_complete: 322; loss: 0.006055860624959071; cumulative_reward: -1.5400000000000011; invalid_count: 0; positive_reward_count: 0; success_count: 0; episode_count: 0; random_exploration_count: 10; avg_entropy: 0.1113; best_tax_advantage: 0.0; random_action_prob: 0.0498
make_subcorporation -0.009935483870967743 155
transfer_cash 0.0 1
contribute_for_stock 0.0 100
update_start: 323; random_action_prob: 0.0495
update_complete: 323; loss: 0.06783849497636159; cumulative_reward: -1.500000000000001; invalid_count: 0; positive_reward_count: 0; success_count: 0; episode_count: 0; random_exploration_count: 13; avg_entropy: 0.1009; best_tax_advantage: 0.0; random_action_prob: 0.0495
make_subcorporation -0.01 150
transfer_cash 0.0 4
contribute_for_stock 0.0 102
update_start: 324; random_action_prob: 0.0493
update_complete: 324; loss: 0.07263059789935748; cumulative_reward: -1.5300000000000011; invalid_count: 0; positive_reward_count: 0; success_count: 0; episode_count: 0; random_exploration_count: 20; avg_entropy: 0.1344; best_tax_advantage: 0.0; random_action_prob: 0.0493
make_subcorporation -0.009935064935064936 154
transfer_cash 0.0 3
contribute_for_stock 0.0 99
update_start: 325; random_action_prob: 0.0490
update_complete: 325; loss: 0.027767761300007503; cumulative_reward: -1.5300000000000011; invalid_count: 0; positive_reward_count: 0; success_count: 0; episode_count: 0; random_exploration_count: 9; avg_entropy: 0.0638; best_tax_advantage: 0.0; random_action_prob: 0.0490
make_subcorporation -0.009935064935064936 154
contribute_for_stock 0.0 102
update_start: 326; random_action_prob: 0.0488
update_complete: 326; loss: 0.04419007028142611; cumulative_reward: -1.5300000000000011; invalid_count: 0; positive_reward_count: 0; success_count: 0; episode_count: 0; random_exploration_count: 14; avg_entropy: 0.0932; best_tax_advantage: 0.0; random_action_prob: 0.0488
make_subcorporation -0.01 153
transfer_cash 0.0 3
contribute_for_stock 0.0 100
update_start: 327; random_action_prob: 0.0485
update_complete: 327; loss: 0.036755286157131195; cumulative_reward: -1.5300000000000011; invalid_count: 0; positive_reward_count: 0; success_count: 0; episode_count: 0; random_exploration_count: 14; avg_entropy: 0.0941; best_tax_advantage: 0.0; random_action_prob: 0.0485
make_subcorporation -0.01 153
transfer_cash 0.0 2
contribute_for_stock 0.0 101
update_start: 328; random_action_prob: 0.0483
update_complete: 328; loss: 0.026112170269091923; cumulative_reward: -1.5200000000000011; invalid_count: 0; positive_reward_count: 0; success_count: 0; episode_count: 0; random_exploration_count: 9; avg_entropy: 0.0644; best_tax_advantage: 0.0; random_action_prob: 0.0483
make_subcorporation -0.00993421052631579 152
transfer_cash -0.0033333333333333335 3
contribute_for_stock 0.0 101
update_start: 329; random_action_prob: 0.0481
update_complete: 329; loss: 0.04028856381773949; cumulative_reward: -1.5300000000000011; invalid_count: 0; positive_reward_count: 0; success_count: 0; episode_count: 0; random_exploration_count: 12; avg_entropy: 0.0771; best_tax_advantage: 0.0; random_action_prob: 0.0481
make_subcorporation -0.01 153
transfer_cash 0.0 1
contribute_for_stock 0.0 102
update_start: 330; random_action_prob: 0.0478
update_complete: 330; loss: 0.02804546058177948; cumulative_reward: -1.5300000000000011; invalid_count: 0; positive_reward_count: 0; success_count: 0; episode_count: 0; random_exploration_count: 17; avg_entropy: 0.1088; best_tax_advantage: 0.0; random_action_prob: 0.0478
make_subcorporation -0.01 153
transfer_cash 0.0 6
contribute_for_stock 0.0 97
update_start: 331; random_action_prob: 0.0476
update_complete: 331; loss: 0.05305952951312065; cumulative_reward: -1.5300000000000011; invalid_count: 0; positive_reward_count: 0; success_count: 0; episode_count: 0; random_exploration_count: 19; avg_entropy: 0.1545; best_tax_advantage: 0.0; random_action_prob: 0.0476
make_subcorporation -0.01 153
transfer_cash 0.0 4
contribute_for_stock 0.0 99
update_start: 332; random_action_prob: 0.0473
update_complete: 332; loss: 0.021910189961393673; cumulative_reward: -1.5300000000000011; invalid_count: 0; positive_reward_count: 0; success_count: 0; episode_count: 0; random_exploration_count: 13; avg_entropy: 0.0762; best_tax_advantage: 0.0; random_action_prob: 0.0473
make_subcorporation -0.01 153
transfer_cash 0.0 3
contribute_for_stock 0.0 100
update_start: 333; random_action_prob: 0.0471
update_complete: 333; loss: 0.029425442218780518; cumulative_reward: -1.5300000000000011; invalid_count: 0; positive_reward_count: 0; success_count: 0; episode_count: 0; random_exploration_count: 8; avg_entropy: 0.0715; best_tax_advantage: 0.0; random_action_prob: 0.0471
make_subcorporation -0.01 153
transfer_cash 0.0 1
contribute_for_stock 0.0 102
update_start: 334; random_action_prob: 0.0469
update_complete: 334; loss: 0.02217314951121807; cumulative_reward: -1.5400000000000011; invalid_count: 0; positive_reward_count: 0; success_count: 0; episode_count: 0; random_exploration_count: 12; avg_entropy: 0.0945; best_tax_advantage: 0.0; random_action_prob: 0.0469
make_subcorporation -0.009935483870967743 155
transfer_cash 0.0 4
contribute_for_stock 0.0 97
update_start: 335; random_action_prob: 0.0466
update_complete: 335; loss: 0.02278171417613824; cumulative_reward: -1.5300000000000011; invalid_count: 0; positive_reward_count: 0; success_count: 0; episode_count: 0; random_exploration_count: 9; avg_entropy: 0.0942; best_tax_advantage: 0.0; random_action_prob: 0.0466
make_subcorporation -0.01 153
transfer_cash 0.0 1
contribute_for_stock 0.0 102
update_start: 336; random_action_prob: 0.0464
update_complete: 336; loss: 0.010548292193561792; cumulative_reward: -1.500000000000001; invalid_count: 0; positive_reward_count: 0; success_count: 0; episode_count: 0; random_exploration_count: 7; avg_entropy: 0.1025; best_tax_advantage: 0.0; random_action_prob: 0.0464
make_subcorporation -0.009933774834437087 151
transfer_cash 0.0 4
contribute_for_stock 0.0 101
update_start: 337; random_action_prob: 0.0462
update_complete: 337; loss: 0.03864779074986776; cumulative_reward: -1.5300000000000011; invalid_count: 0; positive_reward_count: 0; success_count: 0; episode_count: 0; random_exploration_count: 16; avg_entropy: 0.1400; best_tax_advantage: 0.0; random_action_prob: 0.0462
make_subcorporation -0.01 153
transfer_cash 0.0 3
contribute_for_stock 0.0 100
update_start: 338; random_action_prob: 0.0459
update_complete: 338; loss: 0.02714469035466512; cumulative_reward: -1.5400000000000011; invalid_count: 0; positive_reward_count: 0; success_count: 0; episode_count: 0; random_exploration_count: 10; avg_entropy: 0.1034; best_tax_advantage: 0.0; random_action_prob: 0.0459
make_subcorporation -0.00993421052631579 152
transfer_cash -0.006666666666666667 3
contribute_for_stock -9.900990099009902e-05 101
update_start: 339; random_action_prob: 0.0457
update_complete: 339; loss: 0.02478356845676899; cumulative_reward: -1.5300000000000011; invalid_count: 0; positive_reward_count: 0; success_count: 0; episode_count: 0; random_exploration_count: 8; avg_entropy: 0.0768; best_tax_advantage: 0.0; random_action_prob: 0.0457
make_subcorporation -0.01 153
transfer_cash 0.0 3
contribute_for_stock 0.0 100
update_start: 340; random_action_prob: 0.0455
update_complete: 340; loss: 0.0009401389397680759; cumulative_reward: -1.5400000000000011; invalid_count: 0; positive_reward_count: 0; success_count: 0; episode_count: 0; random_exploration_count: 12; avg_entropy: 0.1064; best_tax_advantage: 0.0; random_action_prob: 0.0455
make_subcorporation -0.01 153
transfer_cash -0.005 2
contribute_for_stock 0.0 101
update_start: 341; random_action_prob: 0.0452
update_complete: 341; loss: 0.03972537939747175; cumulative_reward: -1.5300000000000011; invalid_count: 0; positive_reward_count: 0; success_count: 0; episode_count: 0; random_exploration_count: 8; avg_entropy: 0.0918; best_tax_advantage: 0.0; random_action_prob: 0.0452
make_subcorporation -0.01 153
transfer_cash 0.0 3
contribute_for_stock 0.0 100
update_start: 342; random_action_prob: 0.0450
update_complete: 342; loss: 0.04356646786133448; cumulative_reward: -1.5300000000000011; invalid_count: 0; positive_reward_count: 0; success_count: 0; episode_count: 0; random_exploration_count: 12; avg_entropy: 0.0896; best_tax_advantage: 0.0; random_action_prob: 0.0450
make_subcorporation -0.01 153
transfer_cash 0.0 2
contribute_for_stock 0.0 101
update_start: 343; random_action_prob: 0.0448
update_complete: 343; loss: 0.016612995726366837; cumulative_reward: -1.5100000000000011; invalid_count: 0; positive_reward_count: 0; success_count: 0; episode_count: 0; random_exploration_count: 8; avg_entropy: 0.0714; best_tax_advantage: 0.0; random_action_prob: 0.0448
make_subcorporation -0.00993421052631579 152
transfer_cash 0.0 4
contribute_for_stock 0.0 100
update_start: 344; random_action_prob: 0.0446
update_complete: 344; loss: 0.029209567854801815; cumulative_reward: -1.5300000000000011; invalid_count: 0; positive_reward_count: 0; success_count: 0; episode_count: 0; random_exploration_count: 13; avg_entropy: 0.0968; best_tax_advantage: 0.0; random_action_prob: 0.0446
make_subcorporation -0.01 153
transfer_cash 0.0 2
contribute_for_stock 0.0 101
update_start: 345; random_action_prob: 0.0444
update_complete: 345; loss: 0.02957315059999625; cumulative_reward: -1.5500000000000012; invalid_count: 0; positive_reward_count: 0; success_count: 0; episode_count: 0; random_exploration_count: 10; avg_entropy: 0.0803; best_tax_advantage: 0.0; random_action_prob: 0.0444
make_subcorporation -0.01 153
transfer_cash 0.0 2
contribute_for_stock -0.00019801980198019803 101
update_start: 346; random_action_prob: 0.0441
update_complete: 346; loss: 0.01631360376874606; cumulative_reward: -1.5300000000000011; invalid_count: 0; positive_reward_count: 0; success_count: 0; episode_count: 0; random_exploration_count: 12; avg_entropy: 0.0922; best_tax_advantage: 0.0; random_action_prob: 0.0441
make_subcorporation -0.01 153
contribute_for_stock 0.0 103
update_start: 347; random_action_prob: 0.0439
update_complete: 347; loss: 0.09060749411582947; cumulative_reward: -1.5300000000000011; invalid_count: 0; positive_reward_count: 0; success_count: 0; episode_count: 0; random_exploration_count: 11; avg_entropy: 0.0899; best_tax_advantage: 0.0; random_action_prob: 0.0439
make_subcorporation -0.01 153
transfer_cash 0.0 2
contribute_for_stock 0.0 101
update_start: 348; random_action_prob: 0.0437
update_complete: 348; loss: 0.07726794729630153; cumulative_reward: -1.5300000000000011; invalid_count: 0; positive_reward_count: 0; success_count: 0; episode_count: 0; random_exploration_count: 16; avg_entropy: 0.1423; best_tax_advantage: 0.0; random_action_prob: 0.0437
make_subcorporation -0.01 153
transfer_cash 0.0 2
contribute_for_stock 0.0 101
update_start: 349; random_action_prob: 0.0435
update_complete: 349; loss: 0.018217224006851513; cumulative_reward: -1.5300000000000011; invalid_count: 0; positive_reward_count: 0; success_count: 0; episode_count: 0; random_exploration_count: 8; avg_entropy: 0.1206; best_tax_advantage: 0.0; random_action_prob: 0.0435
make_subcorporation -0.01 153
transfer_cash 0.0 3
contribute_for_stock 0.0 100
update_start: 350; random_action_prob: 0.0433
update_complete: 350; loss: 0.04345905656615893; cumulative_reward: -1.5300000000000011; invalid_count: 0; positive_reward_count: 0; success_count: 0; episode_count: 0; random_exploration_count: 13; avg_entropy: 0.2048; best_tax_advantage: 0.0; random_action_prob: 0.0433
make_subcorporation -0.009935064935064936 154
transfer_cash 0.0 1
contribute_for_stock 0.0 101
update_start: 351; random_action_prob: 0.0430
update_complete: 351; loss: 0.01026157025868694; cumulative_reward: -1.5300000000000011; invalid_count: 0; positive_reward_count: 0; success_count: 0; episode_count: 0; random_exploration_count: 16; avg_entropy: 0.1963; best_tax_advantage: 0.0; random_action_prob: 0.0430
make_subcorporation -0.01 153
transfer_cash 0.0 2
contribute_for_stock 0.0 101
update_start: 352; random_action_prob: 0.0428
update_complete: 352; loss: 0.039181982477506004; cumulative_reward: -1.5500000000000012; invalid_count: 0; positive_reward_count: 0; success_count: 0; episode_count: 0; random_exploration_count: 16; avg_entropy: 0.1875; best_tax_advantage: 0.0; random_action_prob: 0.0428
make_subcorporation -0.01 153
transfer_cash -0.01 1
contribute_for_stock -9.80392156862745e-05 102
update_start: 353; random_action_prob: 0.0426
update_complete: 353; loss: 0.006842097577949365; cumulative_reward: -1.5300000000000011; invalid_count: 0; positive_reward_count: 0; success_count: 0; episode_count: 0; random_exploration_count: 15; avg_entropy: 0.1679; best_tax_advantage: 0.0; random_action_prob: 0.0426
make_subcorporation -0.01 153
transfer_cash 0.0 3
contribute_for_stock 0.0 100
update_start: 354; random_action_prob: 0.0424
update_complete: 354; loss: 0.030961068347096443; cumulative_reward: -1.5400000000000011; invalid_count: 0; positive_reward_count: 0; success_count: 0; episode_count: 0; random_exploration_count: 12; avg_entropy: 0.2112; best_tax_advantage: 0.0; random_action_prob: 0.0424
make_subcorporation -0.01 153
transfer_cash 0.0 5
contribute_for_stock -0.00010204081632653062 98
update_start: 355; random_action_prob: 0.0422
update_complete: 355; loss: 0.06886834154526393; cumulative_reward: -1.5100000000000011; invalid_count: 0; positive_reward_count: 0; success_count: 0; episode_count: 0; random_exploration_count: 14; avg_entropy: 0.2336; best_tax_advantage: 0.0; random_action_prob: 0.0422
make_subcorporation -0.00993421052631579 152
transfer_cash 0.0 6
contribute_for_stock 0.0 98
update_start: 356; random_action_prob: 0.0420
update_complete: 356; loss: 0.022077102834979694; cumulative_reward: -1.5100000000000011; invalid_count: 0; positive_reward_count: 0; success_count: 0; episode_count: 0; random_exploration_count: 6; avg_entropy: 0.2170; best_tax_advantage: 0.0; random_action_prob: 0.0420
make_subcorporation -0.00993421052631579 152
transfer_cash 0.0 3
contribute_for_stock 0.0 101
update_start: 357; random_action_prob: 0.0418
update_complete: 357; loss: 0.02643427935739358; cumulative_reward: -1.5300000000000011; invalid_count: 0; positive_reward_count: 0; success_count: 0; episode_count: 0; random_exploration_count: 13; avg_entropy: 0.3308; best_tax_advantage: 0.0; random_action_prob: 0.0418
make_subcorporation -0.01 147
transfer_cash -0.0025 16
contribute_for_stock -0.00021505376344086021 93
update_start: 358; random_action_prob: 0.0416
update_complete: 358; loss: 0.06689605489373207; cumulative_reward: -0.3900000000000011; invalid_count: 0; positive_reward_count: 2; success_count: 1; episode_count: 1; random_exploration_count: 15; avg_entropy: 0.4569; best_tax_advantage: 35.0; random_action_prob: 0.0416
make_subcorporation -0.009855072463768117 138
transfer_cash 0.03233333333333333 30
contribute_for_stock 0.0 88
update_start: 359; random_action_prob: 0.0413
update_complete: 359; loss: 0.023513428245981533; cumulative_reward: 1.7100000000000002; invalid_count: 0; positive_reward_count: 6; success_count: 3; episode_count: 3; random_exploration_count: 9; avg_entropy: 0.5199; best_tax_advantage: 35.0; random_action_prob: 0.0413
make_subcorporation -0.009772727272727273 132
transfer_cash 0.075 40
contribute_for_stock 0.0 84
update_start: 360; random_action_prob: 0.0411
update_complete: 360; loss: 0.02221376138428847; cumulative_reward: 18.445714285714295; invalid_count: 0; positive_reward_count: 38; success_count: 19; episode_count: 19; random_exploration_count: 7; avg_entropy: 0.4515; best_tax_advantage: 35.0; random_action_prob: 0.0411
make_subcorporation -0.008076923076923077 104
transfer_cash 0.24725274725274723 78
contribute_for_stock 0.0 74
update_start: 361; random_action_prob: 0.0409
update_complete: 361; loss: 0.06700710703929265; cumulative_reward: 43.579999999999984; invalid_count: 0; positive_reward_count: 84; success_count: 44; episode_count: 44; random_exploration_count: 10; avg_entropy: 0.3577; best_tax_advantage: 35.0; random_action_prob: 0.0409
make_subcorporation -0.004761904761904762 84
transfer_cash 0.43127450980392157 102
contribute_for_stock -0.00014285714285714287 70
update_start: 362; random_action_prob: 0.0407
update_complete: 362; loss: 0.008922555018216372; cumulative_reward: 47.65; invalid_count: 0; positive_reward_count: 91; success_count: 48; episode_count: 48; random_exploration_count: 7; avg_entropy: 0.3154; best_tax_advantage: 35.0; random_action_prob: 0.0407
make_subcorporation -0.004024390243902439 82
transfer_cash 0.4528301886792453 106
contribute_for_stock -0.00029411764705882356 68
update_start: 363; random_action_prob: 0.0405
update_complete: 363; loss: 0.009628876422842344; cumulative_reward: 62.830000000000005; invalid_count: 0; positive_reward_count: 104; success_count: 63; episode_count: 63; random_exploration_count: 11; avg_entropy: 0.3121; best_tax_advantage: 35.0; random_action_prob: 0.0405
make_subcorporation -0.001794871794871795 78
transfer_cash 0.5777981651376146 109
contribute_for_stock -0.00014492753623188405 69
update_start: 364; random_action_prob: 0.0403
update_complete: 364; loss: -0.002959698128203551; cumulative_reward: 61.84; invalid_count: 0; positive_reward_count: 105; success_count: 62; episode_count: 62; random_exploration_count: 8; avg_entropy: 0.2796; best_tax_advantage: 35.0; random_action_prob: 0.0403
make_subcorporation -0.0018181818181818184 77
transfer_cash 0.5583783783783783 111
contribute_for_stock 0.0 68
update_start: 365; random_action_prob: 0.0401
update_complete: 365; loss: 0.0034210598096251488; cumulative_reward: 62.0257142857143; invalid_count: 0; positive_reward_count: 100; success_count: 62; episode_count: 62; random_exploration_count: 12; avg_entropy: 0.3181; best_tax_advantage: 35.0; random_action_prob: 0.0401
make_subcorporation -0.0022222222222222222 81
transfer_cash 0.5869407008086254 106
contribute_for_stock -0.00014492753623188405 69
update_start: 366; random_action_prob: 0.0399
update_complete: 366; loss: 0.020611734750370186; cumulative_reward: 66.91; invalid_count: 0; positive_reward_count: 110; success_count: 67; episode_count: 67; random_exploration_count: 10; avg_entropy: 0.2721; best_tax_advantage: 35.0; random_action_prob: 0.0399
make_subcorporation -0.0008108108108108108 74
transfer_cash 0.5979464285714285 112
contribute_for_stock 0.0 70
update_start: 367; random_action_prob: 0.0397
update_complete: 367; loss: -0.0001994835523267587; cumulative_reward: 60.005714285714284; invalid_count: 0; positive_reward_count: 93; success_count: 60; episode_count: 60; random_exploration_count: 9; avg_entropy: 0.3366; best_tax_advantage: 35.0; random_action_prob: 0.0397
make_subcorporation -0.0029069767441860465 86
transfer_cash 0.6027571428571429 100
contribute_for_stock -0.00028571428571428574 70
update_start: 368; random_action_prob: 0.0395
update_complete: 368; loss: -0.0022085035840670266; cumulative_reward: 61.849999999999994; invalid_count: 0; positive_reward_count: 106; success_count: 62; episode_count: 62; random_exploration_count: 6; avg_entropy: 0.2824; best_tax_advantage: 35.0; random_action_prob: 0.0395
make_subcorporation -0.001923076923076923 78
transfer_cash 0.5636363636363636 110
contribute_for_stock 0.0 68
update_start: 369; random_action_prob: 0.0393
update_complete: 369; loss: 0.021210170661409695; cumulative_reward: 62.84; invalid_count: 0; positive_reward_count: 105; success_count: 63; episode_count: 63; random_exploration_count: 8; avg_entropy: 0.2900; best_tax_advantage: 35.0; random_action_prob: 0.0393
make_subcorporation -0.001794871794871795 78
transfer_cash 0.5725454545454545 110
contribute_for_stock 0.0 68
update_start: 370; random_action_prob: 0.0391
update_complete: 370; loss: 0.0009100536505381266; cumulative_reward: 67.95; invalid_count: 0; positive_reward_count: 111; success_count: 68; episode_count: 68; random_exploration_count: 7; avg_entropy: 0.2566; best_tax_advantage: 35.0; random_action_prob: 0.0391
make_subcorporation -0.0005555555555555556 72
transfer_cash 0.5964035087719298 114
contribute_for_stock 0.0 70
update_start: 371; random_action_prob: 0.0389
update_complete: 371; loss: 0.00020927408089240393; cumulative_reward: 66.85; invalid_count: 0; positive_reward_count: 97; success_count: 67; episode_count: 67; random_exploration_count: 8; avg_entropy: 0.3058; best_tax_advantage: 35.0; random_action_prob: 0.0389
make_subcorporation -0.0018292682926829267 82
transfer_cash 0.6568627450980392 102
contribute_for_stock 0.0 72
update_start: 372; random_action_prob: 0.0387
update_complete: 372; loss: 0.0214899613832434; cumulative_reward: 72.85; invalid_count: 0; positive_reward_count: 95; success_count: 73; episode_count: 73; random_exploration_count: 5; avg_entropy: 0.2558; best_tax_advantage: 35.0; random_action_prob: 0.0387
make_subcorporation -0.0010843373493975904 83
transfer_cash 0.7598958333333333 96
contribute_for_stock -0.00012987012987012987 77
update_start: 373; random_action_prob: 0.0385
update_complete: 373; loss: 0.0013389081383744876; cumulative_reward: 64.63; invalid_count: 0; positive_reward_count: 79; success_count: 65; episode_count: 65; random_exploration_count: 7; avg_entropy: 0.3448; best_tax_advantage: 35.0; random_action_prob: 0.0385
make_subcorporation -0.0033673469387755102 98
transfer_cash 0.7826506024096385 83
contribute_for_stock 0.0 75
update_start: 374; random_action_prob: 0.0384
update_complete: 374; loss: -0.02200073717782895; cumulative_reward: 50.299999999999976; invalid_count: 0; positive_reward_count: 58; success_count: 51; episode_count: 51; random_exploration_count: 15; avg_entropy: 0.4943; best_tax_advantage: 35.0; random_action_prob: 0.0384
make_subcorporation -0.005517241379310345 116
transfer_cash 0.7607462686567164 67
contribute_for_stock -0.000410958904109589 73
update_start: 375; random_action_prob: 0.0382
update_complete: 375; loss: 0.019753047885994118; cumulative_reward: 63.58; invalid_count: 0; positive_reward_count: 70; success_count: 64; episode_count: 64; random_exploration_count: 14; avg_entropy: 0.3673; best_tax_advantage: 35.0; random_action_prob: 0.0382
make_subcorporation -0.0036893203883495147 103
transfer_cash 0.8309090909090908 77
contribute_for_stock -0.0002631578947368421 76
update_start: 376; random_action_prob: 0.0380
update_complete: 376; loss: -0.00645916722714901; cumulative_reward: 62.61999999999999; invalid_count: 0; positive_reward_count: 73; success_count: 63; episode_count: 63; random_exploration_count: 9; avg_entropy: 0.3587; best_tax_advantage: 35.0; random_action_prob: 0.0380
make_subcorporation -0.0037 100
transfer_cash 0.8075641025641026 78
contribute_for_stock 0.0 78
update_start: 377; random_action_prob: 0.0378
update_complete: 377; loss: -0.005265191818277041; cumulative_reward: 68.70999999999998; invalid_count: 0; positive_reward_count: 82; success_count: 69; episode_count: 69; random_exploration_count: 11; avg_entropy: 0.3068; best_tax_advantage: 35.0; random_action_prob: 0.0378
make_subcorporation -0.0024731182795698927 93
transfer_cash 0.792528735632184 87
contribute_for_stock -0.00013157894736842105 76
update_start: 378; random_action_prob: 0.0376
update_complete: 378; loss: -0.0038249787564078965; cumulative_reward: 58.66; invalid_count: 0; positive_reward_count: 86; success_count: 59; episode_count: 59; random_exploration_count: 12; avg_entropy: 0.3570; best_tax_advantage: 35.0; random_action_prob: 0.0376
make_subcorporation -0.0034065934065934064 91
transfer_cash 0.6275531914893617 94
contribute_for_stock -0.00028169014084507044 71
update_start: 379; random_action_prob: 0.0374
update_complete: 379; loss: 0.015241683150331179; cumulative_reward: 66.87; invalid_count: 0; positive_reward_count: 108; success_count: 67; episode_count: 67; random_exploration_count: 5; avg_entropy: 0.2604; best_tax_advantage: 35.0; random_action_prob: 0.0374
make_subcorporation -0.0011842105263157893 76
transfer_cash 0.6144036697247707 109
contribute_for_stock -0.00014084507042253522 71
update_start: 380; random_action_prob: 0.0372
update_complete: 380; loss: 0.023869410778085392; cumulative_reward: 61.98571428571429; invalid_count: 0; positive_reward_count: 89; success_count: 62; episode_count: 62; random_exploration_count: 13; avg_entropy: 0.3370; best_tax_advantage: 35.0; random_action_prob: 0.0372
make_subcorporation -0.002840909090909091 88
transfer_cash 0.6622948328267477 94
contribute_for_stock -0.0002702702702702703 74
update_start: 381; random_action_prob: 0.0370
update_complete: 381; loss: 0.03155145421624184; cumulative_reward: 74.83999999999999; invalid_count: 0; positive_reward_count: 92; success_count: 75; episode_count: 75; random_exploration_count: 7; avg_entropy: 0.2642; best_tax_advantage: 35.0; random_action_prob: 0.0370
make_subcorporation -0.0010588235294117646 85
transfer_cash 0.806021505376344 93
contribute_for_stock -0.0003846153846153846 78
update_start: 382; random_action_prob: 0.0368
update_complete: 382; loss: 0.026365001996358235; cumulative_reward: 69.66999999999999; invalid_count: 0; positive_reward_count: 79; success_count: 70; episode_count: 70; random_exploration_count: 14; avg_entropy: 0.3280; best_tax_advantage: 35.0; random_action_prob: 0.0368
make_subcorporation -0.002553191489361702 94
transfer_cash 0.8426506024096385 83
contribute_for_stock -0.00037974683544303797 79
update_start: 383; random_action_prob: 0.0367
update_complete: 383; loss: -0.00440978476156791; cumulative_reward: 68.69999999999997; invalid_count: 0; positive_reward_count: 91; success_count: 69; episode_count: 69; random_exploration_count: 9; avg_entropy: 0.2853; best_tax_advantage: 35.0; random_action_prob: 0.0367
make_subcorporation -0.0018604651162790699 86
transfer_cash 0.7180208333333334 96
contribute_for_stock -0.000945945945945946 74
update_start: 384; random_action_prob: 0.0365
update_complete: 384; loss: 0.024749711776773136; cumulative_reward: 64.97571428571429; invalid_count: 0; positive_reward_count: 82; success_count: 65; episode_count: 65; random_exploration_count: 13; avg_entropy: 0.3696; best_tax_advantage: 35.0; random_action_prob: 0.0365
make_subcorporation -0.0025842696629213486 89
transfer_cash 0.7248412698412697 90
contribute_for_stock -0.0003896103896103896 77
update_start: 385; random_action_prob: 0.0363
update_complete: 385; loss: 0.0008681919425725937; cumulative_reward: 68.74000000000002; invalid_count: 0; positive_reward_count: 92; success_count: 69; episode_count: 69; random_exploration_count: 6; avg_entropy: 0.2889; best_tax_advantage: 35.0; random_action_prob: 0.0363
make_subcorporation -0.001976744186046512 86
transfer_cash 0.7255789473684211 95
contribute_for_stock -0.0002666666666666667 75
update_start: 386; random_action_prob: 0.0361
update_complete: 386; loss: 0.0022758192693193755; cumulative_reward: 68.67000000000002; invalid_count: 0; positive_reward_count: 84; success_count: 69; episode_count: 69; random_exploration_count: 12; avg_entropy: 0.3250; best_tax_advantage: 35.0; random_action_prob: 0.0361
make_subcorporation -0.0023076923076923075 91
transfer_cash 0.774494382022472 89
contribute_for_stock -0.0006578947368421052 76
update_start: 387; random_action_prob: 0.0359
update_complete: 387; loss: 0.03269000413517157; cumulative_reward: 66.63; invalid_count: 0; positive_reward_count: 83; success_count: 67; episode_count: 67; random_exploration_count: 13; avg_entropy: 0.3401; best_tax_advantage: 35.0; random_action_prob: 0.0359
make_subcorporation -0.002795698924731183 93
transfer_cash 0.7436666666666667 90
contribute_for_stock -0.000547945205479452 73
update_start: 388; random_action_prob: 0.0358
update_complete: 388; loss: -0.009948728295663992; cumulative_reward: 71.77999999999999; invalid_count: 0; positive_reward_count: 87; success_count: 72; episode_count: 72; random_exploration_count: 8; avg_entropy: 0.2915; best_tax_advantage: 35.0; random_action_prob: 0.0358
make_subcorporation -0.0017045454545454545 88
transfer_cash 0.7822826086956521 92
contribute_for_stock -0.0005263157894736842 76
update_start: 389; random_action_prob: 0.0356
update_complete: 389; loss: 0.002388882295538982; cumulative_reward: 77.09571428571428; invalid_count: 0; positive_reward_count: 83; success_count: 77; episode_count: 77; random_exploration_count: 4; avg_entropy: 0.2301; best_tax_advantage: 35.0; random_action_prob: 0.0356
make_subcorporation -0.0013333333333333333 90
transfer_cash 0.8983222591362127 86
contribute_for_stock -0.0005 80
update_start: 390; random_action_prob: 0.0354
update_complete: 390; loss: -0.009291621701171001; cumulative_reward: 73.82999999999998; invalid_count: 0; positive_reward_count: 83; success_count: 74; episode_count: 74; random_exploration_count: 7; avg_entropy: 0.2156; best_tax_advantage: 35.0; random_action_prob: 0.0354
make_subcorporation -0.0015730337078651688 89
transfer_cash 0.8602325581395349 86
contribute_for_stock -0.0001234567901234568 81
update_start: 391; random_action_prob: 0.0352
update_complete: 391; loss: 0.04333158954977989; cumulative_reward: 70.62000000000003; invalid_count: 0; positive_reward_count: 73; success_count: 71; episode_count: 71; random_exploration_count: 17; avg_entropy: 0.2798; best_tax_advantage: 35.0; random_action_prob: 0.0352
make_subcorporation -0.0027551020408163266 98
transfer_cash 0.8979746835443038 79
contribute_for_stock -0.0006329113924050633 79
update_start: 392; random_action_prob: 0.0350
update_complete: 392; loss: -0.004261456895619631; cumulative_reward: 74.73; invalid_count: 0; positive_reward_count: 81; success_count: 75; episode_count: 75; random_exploration_count: 8; avg_entropy: 0.1786; best_tax_advantage: 35.0; random_action_prob: 0.0350
make_subcorporation -0.0015555555555555557 90
transfer_cash 0.8709302325581396 86
contribute_for_stock -0.000375 80
update_start: 393; random_action_prob: 0.0349
update_complete: 393; loss: 0.13617479552825293; cumulative_reward: 78.82000000000001; invalid_count: 0; positive_reward_count: 83; success_count: 79; episode_count: 79; random_exploration_count: 8; avg_entropy: 0.1491; best_tax_advantage: 35.0; random_action_prob: 0.0349
make_subcorporation -0.0012222222222222222 90
transfer_cash 0.9288235294117647 85
contribute_for_stock -0.0002469135802469136 81
update_start: 394; random_action_prob: 0.0347
update_complete: 394; loss: 0.007437359153603514; cumulative_reward: 81.89999999999998; invalid_count: 0; positive_reward_count: 83; success_count: 82; episode_count: 82; random_exploration_count: 2; avg_entropy: 0.0930; best_tax_advantage: 35.0; random_action_prob: 0.0347
make_subcorporation -0.0006741573033707865 89
transfer_cash 0.9875903614457832 83
contribute_for_stock -0.00011904761904761905 84
update_start: 395; random_action_prob: 0.0345
update_complete: 395; loss: 0.015021781747539839; cumulative_reward: 74.82000000000001; invalid_count: 0; positive_reward_count: 80; success_count: 75; episode_count: 75; random_exploration_count: 10; avg_entropy: 0.1661; best_tax_advantage: 35.0; random_action_prob: 0.0345
make_subcorporation -0.0015555555555555557 90
transfer_cash 0.8926190476190476 84
contribute_for_stock -0.00024390243902439024 82
update_start: 396; random_action_prob: 0.0343
update_complete: 396; loss: 0.00298318142692248; cumulative_reward: 70.61; invalid_count: 0; positive_reward_count: 74; success_count: 71; episode_count: 71; random_exploration_count: 19; avg_entropy: 0.2384; best_tax_advantage: 35.0; random_action_prob: 0.0343
make_subcorporation -0.0027551020408163266 98
transfer_cash 0.8975949367088607 79
contribute_for_stock -0.00037974683544303797 79
update_start: 397; random_action_prob: 0.0342
update_complete: 397; loss: 0.0023539460574587188; cumulative_reward: 65.6; invalid_count: 0; positive_reward_count: 69; success_count: 66; episode_count: 66; random_exploration_count: 14; avg_entropy: 0.2410; best_tax_advantage: 35.0; random_action_prob: 0.0342
make_subcorporation -0.0030208333333333333 96
transfer_cash 0.8348101265822785 79
contribute_for_stock -0.0007407407407407407 81
update_start: 398; random_action_prob: 0.0340
update_complete: 398; loss: 0.004252681042999029; cumulative_reward: 78.81999999999998; invalid_count: 0; positive_reward_count: 79; success_count: 79; episode_count: 79; random_exploration_count: 6; avg_entropy: 0.1456; best_tax_advantage: 35.0; random_action_prob: 0.0340
make_subcorporation -0.0012087912087912088 91
transfer_cash 0.9748148148148147 81
contribute_for_stock -0.00035714285714285714 84
update_start: 399; random_action_prob: 0.0338
update_complete: 399; loss: 0.004581993135313193; cumulative_reward: 75.86; invalid_count: 0; positive_reward_count: 84; success_count: 76; episode_count: 76; random_exploration_count: 7; avg_entropy: 0.1575; best_tax_advantage: 35.0; random_action_prob: 0.0338
make_subcorporation -0.0014444444444444446 90
transfer_cash 0.8939999999999999 85
contribute_for_stock 0.0 81
update_start: 400; random_action_prob: 0.0337
update_complete: 400; loss: 0.010082437346378962; cumulative_reward: 74.86; invalid_count: 0; positive_reward_count: 81; success_count: 75; episode_count: 75; random_exploration_count: 7; avg_entropy: 0.1754; best_tax_advantage: 35.0; random_action_prob: 0.0337
make_subcorporation -0.0014606741573033708 89
transfer_cash 0.882235294117647 85
contribute_for_stock 0.0 82
update_start: 401; random_action_prob: 0.0335
update_complete: 401; loss: 0.0011809247856338818; cumulative_reward: 68.61999999999999; invalid_count: 0; positive_reward_count: 78; success_count: 69; episode_count: 69; random_exploration_count: 12; avg_entropy: 0.2622; best_tax_advantage: 35.0; random_action_prob: 0.0335
make_subcorporation -0.0024175824175824176 91
transfer_cash 0.801046511627907 86
contribute_for_stock -0.0006329113924050633 79
update_start: 402; random_action_prob: 0.0333
update_complete: 402; loss: 0.00697049917653203; cumulative_reward: 68.78999999999999; invalid_count: 0; positive_reward_count: 83; success_count: 69; episode_count: 69; random_exploration_count: 9; avg_entropy: 0.2414; best_tax_advantage: 35.0; random_action_prob: 0.0333
make_subcorporation -0.0021348314606741575 89
transfer_cash 0.749891304347826 92
contribute_for_stock -0.00013333333333333334 75
update_start: 403; random_action_prob: 0.0332
update_complete: 403; loss: 0.031742263585329056; cumulative_reward: 73.85; invalid_count: 0; positive_reward_count: 94; success_count: 74; episode_count: 74; random_exploration_count: 9; avg_entropy: 0.2538; best_tax_advantage: 35.0; random_action_prob: 0.0332
make_subcorporation -0.0011904761904761906 84
transfer_cash 0.7785263157894736 95
contribute_for_stock -0.00012987012987012987 77
update_start: 404; random_action_prob: 0.0330
update_complete: 404; loss: -0.0022892787431677184; cumulative_reward: 69.87; invalid_count: 0; positive_reward_count: 98; success_count: 70; episode_count: 70; random_exploration_count: 6; avg_entropy: 0.2519; best_tax_advantage: 35.0; random_action_prob: 0.0330
make_subcorporation -0.001125 80
transfer_cash 0.6859803921568627 102
contribute_for_stock -0.00013513513513513514 74
update_start: 405; random_action_prob: 0.0328
update_complete: 405; loss: -0.0016310025627414386; cumulative_reward: 77.89; invalid_count: 0; positive_reward_count: 94; success_count: 78; episode_count: 78; random_exploration_count: 6; avg_entropy: 0.2297; best_tax_advantage: 35.0; random_action_prob: 0.0328
make_subcorporation -0.0006024096385542169 83
transfer_cash 0.8205263157894737 95
contribute_for_stock -0.0001282051282051282 78
update_start: 406; random_action_prob: 0.0327
update_complete: 406; loss: 0.006321056125064691; cumulative_reward: 67.84; invalid_count: 0; positive_reward_count: 98; success_count: 68; episode_count: 68; random_exploration_count: 8; avg_entropy: 0.2577; best_tax_advantage: 35.0; random_action_prob: 0.0327
make_subcorporation -0.001707317073170732 82
transfer_cash 0.6798000000000001 100
contribute_for_stock 0.0 74
update_start: 407; random_action_prob: 0.0325
update_complete: 407; loss: 0.02105988593151172; cumulative_reward: 73.88; invalid_count: 0; positive_reward_count: 88; success_count: 74; episode_count: 74; random_exploration_count: 4; avg_entropy: 0.2019; best_tax_advantage: 35.0; random_action_prob: 0.0325
make_subcorporation -0.0011764705882352942 85
transfer_cash 0.813076923076923 91
contribute_for_stock -0.000125 80
update_start: 408; random_action_prob: 0.0323
update_complete: 408; loss: -0.004593426051239173; cumulative_reward: 74.80999999999999; invalid_count: 0; positive_reward_count: 84; success_count: 75; episode_count: 75; random_exploration_count: 8; avg_entropy: 0.1788; best_tax_advantage: 35.0; random_action_prob: 0.0323
make_subcorporation -0.0014606741573033708 89
transfer_cash 0.8517045454545454 88
contribute_for_stock -0.00012658227848101267 79
update_start: 409; random_action_prob: 0.0322
update_complete: 409; loss: 0.004536840133368969; cumulative_reward: 74.81; invalid_count: 0; positive_reward_count: 84; success_count: 75; episode_count: 75; random_exploration_count: 8; avg_entropy: 0.1601; best_tax_advantage: 35.0; random_action_prob: 0.0322
make_subcorporation -0.001379310344827586 87
transfer_cash 0.8421348314606741 89
contribute_for_stock -0.00025 80
update_start: 410; random_action_prob: 0.0320
update_complete: 410; loss: 0.0022528242940704026; cumulative_reward: 81.86; invalid_count: 0; positive_reward_count: 82; success_count: 82; episode_count: 82; random_exploration_count: 8; avg_entropy: 0.1307; best_tax_advantage: 35.0; random_action_prob: 0.0320
make_subcorporation -0.0008888888888888889 90
transfer_cash 0.9755952380952382 84
contribute_for_stock -0.00012195121951219512 82
update_start: 411; random_action_prob: 0.0319
update_complete: 411; loss: 0.0012670570674041908; cumulative_reward: 66.68; invalid_count: 0; positive_reward_count: 69; success_count: 67; episode_count: 67; random_exploration_count: 12; avg_entropy: 0.2061; best_tax_advantage: 35.0; random_action_prob: 0.0319
make_subcorporation -0.003092783505154639 97
transfer_cash 0.83725 80
contribute_for_stock 0.0 79
update_start: 412; random_action_prob: 0.0317
update_complete: 412; loss: 0.0010201380743334691; cumulative_reward: 75.83999999999999; invalid_count: 0; positive_reward_count: 79; success_count: 76; episode_count: 76; random_exploration_count: 6; avg_entropy: 0.1246; best_tax_advantage: 35.0; random_action_prob: 0.0317
make_subcorporation -0.0015384615384615387 91
transfer_cash 0.9265853658536586 82
contribute_for_stock 0.0 83
update_start: 413; random_action_prob: 0.0315
update_complete: 413; loss: 0.008254630025476217; cumulative_reward: 73.82; invalid_count: 0; positive_reward_count: 78; success_count: 74; episode_count: 74; random_exploration_count: 7; avg_entropy: 0.1357; best_tax_advantage: 35.0; random_action_prob: 0.0315
make_subcorporation -0.0016666666666666666 90
transfer_cash 0.8807142857142858 84
contribute_for_stock -0.00012195121951219512 82
update_start: 414; random_action_prob: 0.0314
update_complete: 414; loss: 0.03299306333065033; cumulative_reward: 71.85; invalid_count: 0; positive_reward_count: 79; success_count: 72; episode_count: 72; random_exploration_count: 10; avg_entropy: 0.1412; best_tax_advantage: 35.0; random_action_prob: 0.0314
make_subcorporation -0.0017045454545454545 88
transfer_cash 0.8 90
contribute_for_stock 0.0 78
update_start: 415; random_action_prob: 0.0312
update_complete: 415; loss: 0.02948920118312041; cumulative_reward: 81.95; invalid_count: 0; positive_reward_count: 85; success_count: 82; episode_count: 82; random_exploration_count: 5; avg_entropy: 0.0972; best_tax_advantage: 35.0; random_action_prob: 0.0312
make_subcorporation -0.00046511627906976747 86
transfer_cash 0.9424137931034482 87
contribute_for_stock 0.0 83
update_start: 416; random_action_prob: 0.0311
update_complete: 416; loss: 0.007046153303235769; cumulative_reward: 74.68999999999996; invalid_count: 0; positive_reward_count: 76; success_count: 75; episode_count: 75; random_exploration_count: 11; avg_entropy: 0.1766; best_tax_advantage: 35.0; random_action_prob: 0.0311
make_subcorporation -0.002105263157894737 95
transfer_cash 0.936625 80
contribute_for_stock -0.0004938271604938272 81
update_start: 417; random_action_prob: 0.0309
update_complete: 417; loss: 0.001627264389147361; cumulative_reward: 78.94; invalid_count: 0; positive_reward_count: 86; success_count: 79; episode_count: 79; random_exploration_count: 4; avg_entropy: 0.1185; best_tax_advantage: 35.0; random_action_prob: 0.0309
make_subcorporation -0.0006976744186046512 86
transfer_cash 0.8876404494382022 89
contribute_for_stock 0.0 81
update_start: 418; random_action_prob: 0.0308
update_complete: 418; loss: 0.0135822679537038; cumulative_reward: 79.94; invalid_count: 0; positive_reward_count: 89; success_count: 80; episode_count: 80; random_exploration_count: 5; avg_entropy: 0.1472; best_tax_advantage: 35.0; random_action_prob: 0.0308
make_subcorporation -0.0004761904761904762 84
transfer_cash 0.8886666666666667 90
contribute_for_stock 0.0 82
update_start: 419; random_action_prob: 0.0306
update_complete: 419; loss: 0.0033770188068350158; cumulative_reward: 75.85; invalid_count: 0; positive_reward_count: 82; success_count: 76; episode_count: 76; random_exploration_count: 8; avg_entropy: 0.1660; best_tax_advantage: 35.0; random_action_prob: 0.0306
make_subcorporation -0.0014444444444444446 90
transfer_cash 0.9046428571428571 84
contribute_for_stock -0.00012195121951219512 82
update_start: 420; random_action_prob: 0.0305
update_complete: 420; loss: 0.029966001709302265; cumulative_reward: 75.83; invalid_count: 0; positive_reward_count: 83; success_count: 76; episode_count: 76; random_exploration_count: 6; avg_entropy: 0.1388; best_tax_advantage: 35.0; random_action_prob: 0.0305
make_subcorporation -0.0015384615384615387 91
transfer_cash 0.8834883720930233 86
contribute_for_stock -0.00012658227848101267 79
update_start: 421; random_action_prob: 0.0303
update_complete: 421; loss: 0.005802481745680173; cumulative_reward: 76.81; invalid_count: 0; positive_reward_count: 79; success_count: 77; episode_count: 77; random_exploration_count: 7; avg_entropy: 0.1445; best_tax_advantage: 35.0; random_action_prob: 0.0303
make_subcorporation -0.0017204301075268817 93
transfer_cash 0.9389024390243902 82
contribute_for_stock -0.0002469135802469136 81
update_start: 422; random_action_prob: 0.0301
update_complete: 422; loss: 0.01238335482776165; cumulative_reward: 72.72999999999999; invalid_count: 0; positive_reward_count: 75; success_count: 73; episode_count: 73; random_exploration_count: 14; avg_entropy: 0.1955; best_tax_advantage: 35.0; random_action_prob: 0.0301
make_subcorporation -0.0022916666666666667 96
transfer_cash 0.912125 80
contribute_for_stock -0.00025 80
update_start: 423; random_action_prob: 0.0300
update_complete: 423; loss: 0.006982370124508937; cumulative_reward: 76.78000000000002; invalid_count: 0; positive_reward_count: 79; success_count: 77; episode_count: 77; random_exploration_count: 9; avg_entropy: 0.1302; best_tax_advantage: 35.0; random_action_prob: 0.0300
make_subcorporation -0.001702127659574468 94
transfer_cash 0.9501234567901233 81
contribute_for_stock -0.0002469135802469136 81
update_start: 424; random_action_prob: 0.0298
update_complete: 424; loss: -0.002967389300465584; cumulative_reward: 75.76000000000002; invalid_count: 0; positive_reward_count: 78; success_count: 76; episode_count: 76; random_exploration_count: 9; avg_entropy: 0.1449; best_tax_advantage: 35.0; random_action_prob: 0.0298
make_subcorporation -0.0018085106382978724 94
transfer_cash 0.9376543209876543 81
contribute_for_stock -0.0002469135802469136 81
update_start: 425; random_action_prob: 0.0297
update_complete: 425; loss: -0.0015568884555250406; cumulative_reward: 78.83999999999999; invalid_count: 0; positive_reward_count: 81; success_count: 79; episode_count: 79; random_exploration_count: 4; avg_entropy: 0.0988; best_tax_advantage: 35.0; random_action_prob: 0.0297
make_subcorporation -0.0014130434782608696 92
transfer_cash 0.9631707317073172 82
contribute_for_stock -0.00012195121951219512 82
update_start: 426; random_action_prob: 0.0296
update_complete: 426; loss: 0.005675848573446274; cumulative_reward: 76.8; invalid_count: 0; positive_reward_count: 79; success_count: 77; episode_count: 77; random_exploration_count: 8; avg_entropy: 0.1133; best_tax_advantage: 35.0; random_action_prob: 0.0296
make_subcorporation -0.0016129032258064516 93
transfer_cash 0.962125 80
contribute_for_stock -0.00024096385542168676 83
update_start: 427; random_action_prob: 0.0294
update_complete: 427; loss: 0.04544546206792196; cumulative_reward: 77.83000000000001; invalid_count: 0; positive_reward_count: 78; success_count: 78; episode_count: 78; random_exploration_count: 10; avg_entropy: 0.1190; best_tax_advantage: 35.0; random_action_prob: 0.0294
make_subcorporation -0.0013186813186813187 91
transfer_cash 0.950609756097561 82
contribute_for_stock 0.0 83
update_start: 428; random_action_prob: 0.0293
update_complete: 428; loss: -0.0011141477152705193; cumulative_reward: 77.85999999999999; invalid_count: 0; positive_reward_count: 79; success_count: 78; episode_count: 78; random_exploration_count: 7; avg_entropy: 0.1051; best_tax_advantage: 35.0; random_action_prob: 0.0293
make_subcorporation -0.0012222222222222222 90
transfer_cash 0.962716049382716 81
contribute_for_stock -0.00011764705882352942 85
update_start: 429; random_action_prob: 0.0291
update_complete: 429; loss: 0.020071639058490593; cumulative_reward: 77.81999999999998; invalid_count: 0; positive_reward_count: 79; success_count: 78; episode_count: 78; random_exploration_count: 8; avg_entropy: 0.1177; best_tax_advantage: 35.0; random_action_prob: 0.0291
make_subcorporation -0.0014285714285714286 91
transfer_cash 0.9507317073170731 82
contribute_for_stock -0.00012048192771084338 83
update_start: 430; random_action_prob: 0.0290
update_complete: 430; loss: 0.005868335099269946; cumulative_reward: 79.84999999999997; invalid_count: 0; positive_reward_count: 80; success_count: 80; episode_count: 80; random_exploration_count: 5; avg_entropy: 0.1127; best_tax_advantage: 35.0; random_action_prob: 0.0290
make_subcorporation -0.0012087912087912088 91
transfer_cash 0.9636144578313254 83
contribute_for_stock -0.00024390243902439024 82
update_start: 431; random_action_prob: 0.0288
update_complete: 431; loss: 0.0075051017726461096; cumulative_reward: 64.51999999999998; invalid_count: 0; positive_reward_count: 65; success_count: 65; episode_count: 65; random_exploration_count: 7; avg_entropy: 0.1845; best_tax_advantage: 35.0; random_action_prob: 0.0288
make_subcorporation -0.004 110
transfer_cash 0.9698507462686567 67
contribute_for_stock -0.00025316455696202533 79
update_start: 432; random_action_prob: 0.0287
update_complete: 432; loss: 0.012803254338602224; cumulative_reward: 62.48999999999999; invalid_count: 0; positive_reward_count: 63; success_count: 63; episode_count: 63; random_exploration_count: 9; avg_entropy: 0.2230; best_tax_advantage: 35.0; random_action_prob: 0.0287
make_subcorporation -0.004324324324324324 111
transfer_cash 0.9398507462686567 67
contribute_for_stock 0.0 78
update_start: 433; random_action_prob: 0.0285
update_complete: 433; loss: 0.045910136153300606; cumulative_reward: 64.50999999999999; invalid_count: 0; positive_reward_count: 65; success_count: 65; episode_count: 65; random_exploration_count: 10; avg_entropy: 0.2148; best_tax_advantage: 35.0; random_action_prob: 0.0285
make_subcorporation -0.003981481481481482 108
transfer_cash 0.9554411764705882 68
contribute_for_stock -0.000375 80
update_start: 434; random_action_prob: 0.0284
update_complete: 434; loss: -0.007225754826019208; cumulative_reward: 69.60999999999999; invalid_count: 0; positive_reward_count: 70; success_count: 70; episode_count: 70; random_exploration_count: 9; avg_entropy: 0.1721; best_tax_advantage: 35.0; random_action_prob: 0.0284
make_subcorporation -0.0032692307692307695 104
transfer_cash 0.9455405405405405 74
contribute_for_stock -0.0002564102564102564 78
update_start: 435; random_action_prob: 0.0282
update_complete: 435; loss: 0.00750879958892862; cumulative_reward: 74.72999999999996; invalid_count: 0; positive_reward_count: 75; success_count: 75; episode_count: 75; random_exploration_count: 8; avg_entropy: 0.1595; best_tax_advantage: 35.0; random_action_prob: 0.0282
make_subcorporation -0.002 95
transfer_cash 0.93675 80
contribute_for_stock -0.0002469135802469136 81
update_start: 436; random_action_prob: 0.0281
update_complete: 436; loss: 0.004185006022453308; cumulative_reward: 74.77999999999999; invalid_count: 0; positive_reward_count: 76; success_count: 75; episode_count: 75; random_exploration_count: 9; avg_entropy: 0.1369; best_tax_advantage: 35.0; random_action_prob: 0.0281
make_subcorporation -0.002105263157894737 95
transfer_cash 0.93725 80
contribute_for_stock 0.0 81
update_start: 437; random_action_prob: 0.0280
update_complete: 437; loss: -0.0004559104951719443; cumulative_reward: 72.76; invalid_count: 0; positive_reward_count: 73; success_count: 73; episode_count: 73; random_exploration_count: 10; avg_entropy: 0.1500; best_tax_advantage: 35.0; random_action_prob: 0.0280
make_subcorporation -0.0022105263157894735 95
transfer_cash 0.9601315789473684 76
contribute_for_stock 0.0 85
update_start: 438; random_action_prob: 0.0278
update_complete: 438; loss: -0.009634029663478335; cumulative_reward: 71.68999999999997; invalid_count: 0; positive_reward_count: 73; success_count: 72; episode_count: 72; random_exploration_count: 6; avg_entropy: 0.1128; best_tax_advantage: 35.0; random_action_prob: 0.0278
make_subcorporation -0.0026262626262626263 99
transfer_cash 0.9226923076923077 78
contribute_for_stock -0.00025316455696202533 79
update_start: 439; random_action_prob: 0.0277
update_complete: 439; loss: 9.821533846358459e-05; cumulative_reward: 80.93; invalid_count: 0; positive_reward_count: 82; success_count: 81; episode_count: 81; random_exploration_count: 4; avg_entropy: 0.0824; best_tax_advantage: 35.0; random_action_prob: 0.0277
make_subcorporation -0.0006818181818181818 88
transfer_cash 0.9529411764705882 85
contribute_for_stock -0.00012048192771084338 83
update_start: 440; random_action_prob: 0.0275
update_complete: 440; loss: 0.030288005247712135; cumulative_reward: 81.90999999999998; invalid_count: 0; positive_reward_count: 82; success_count: 82; episode_count: 82; random_exploration_count: 7; avg_entropy: 0.0808; best_tax_advantage: 35.0; random_action_prob: 0.0275
make_subcorporation -0.0004597701149425287 87
transfer_cash 0.9643529411764705 85
contribute_for_stock -0.0002380952380952381 84
update_start: 441; random_action_prob: 0.0274
update_complete: 441; loss: 0.005839251913130283; cumulative_reward: 71.78; invalid_count: 0; positive_reward_count: 73; success_count: 72; episode_count: 72; random_exploration_count: 11; avg_entropy: 0.1374; best_tax_advantage: 35.0; random_action_prob: 0.0274
make_subcorporation -0.002150537634408602 93
transfer_cash 0.888641975308642 81
contribute_for_stock 0.0 82
update_start: 442; random_action_prob: 0.0273
update_complete: 442; loss: 0.04493853201468786; cumulative_reward: 71.73; invalid_count: 0; positive_reward_count: 72; success_count: 72; episode_count: 72; random_exploration_count: 12; avg_entropy: 0.1536; best_tax_advantage: 35.0; random_action_prob: 0.0273
make_subcorporation -0.0023958333333333336 96
transfer_cash 0.9348051948051949 77
contribute_for_stock -0.00024096385542168676 83
update_start: 443; random_action_prob: 0.0271
update_complete: 443; loss: 0.0031283839295307794; cumulative_reward: 74.82; invalid_count: 0; positive_reward_count: 75; success_count: 75; episode_count: 75; random_exploration_count: 9; avg_entropy: 0.1191; best_tax_advantage: 35.0; random_action_prob: 0.0271
make_subcorporation -0.0017391304347826088 92
transfer_cash 0.9258024691358024 81
contribute_for_stock -0.00012048192771084338 83
update_start: 444; random_action_prob: 0.0270
update_complete: 444; loss: -0.0059033725410699844; cumulative_reward: 75.76; invalid_count: 0; positive_reward_count: 77; success_count: 76; episode_count: 76; random_exploration_count: 8; avg_entropy: 0.0936; best_tax_advantage: 35.0; random_action_prob: 0.0270
make_subcorporation -0.002 95
transfer_cash 0.9615189873417721 79
contribute_for_stock -0.00012195121951219512 82
update_start: 445; random_action_prob: 0.0269
update_complete: 445; loss: 0.06418661897381146; cumulative_reward: 81.87; invalid_count: 0; positive_reward_count: 82; success_count: 82; episode_count: 82; random_exploration_count: 11; avg_entropy: 0.1121; best_tax_advantage: 35.0; random_action_prob: 0.0269
make_subcorporation -0.0007777777777777778 90
transfer_cash 0.9757142857142856 84
contribute_for_stock -0.00024390243902439024 82
update_start: 446; random_action_prob: 0.0267
update_complete: 446; loss: 0.021303816388050716; cumulative_reward: 76.84; invalid_count: 0; positive_reward_count: 77; success_count: 77; episode_count: 77; random_exploration_count: 8; avg_entropy: 0.0949; best_tax_advantage: 35.0; random_action_prob: 0.0267
make_subcorporation -0.0015217391304347828 92
transfer_cash 0.9387804878048781 82
contribute_for_stock 0.0 82
update_start: 447; random_action_prob: 0.0266
update_complete: 447; loss: 0.012740286067128181; cumulative_reward: 77.81; invalid_count: 0; positive_reward_count: 78; success_count: 78; episode_count: 78; random_exploration_count: 6; avg_entropy: 0.0807; best_tax_advantage: 35.0; random_action_prob: 0.0266
make_subcorporation -0.0015217391304347828 92
transfer_cash 0.962716049382716 81
contribute_for_stock -0.00036144578313253013 83
update_start: 448; random_action_prob: 0.0265
update_complete: 448; loss: 0.017092120523254078; cumulative_reward: 76.82; invalid_count: 0; positive_reward_count: 77; success_count: 77; episode_count: 77; random_exploration_count: 9; avg_entropy: 0.1011; best_tax_advantage: 35.0; random_action_prob: 0.0265
make_subcorporation -0.0016304347826086956 92
transfer_cash 0.9163095238095238 84
contribute_for_stock 0.0 80
update_start: 449; random_action_prob: 0.0263
update_complete: 449; loss: 0.013761301835378012; cumulative_reward: 73.73; invalid_count: 0; positive_reward_count: 74; success_count: 74; episode_count: 74; random_exploration_count: 11; avg_entropy: 0.1419; best_tax_advantage: 35.0; random_action_prob: 0.0263
make_subcorporation -0.0021874999999999998 96
transfer_cash 0.9483333333333334 78
contribute_for_stock -0.00036585365853658537 82
update_start: 450; random_action_prob: 0.0262
update_complete: 450; loss: 0.03852199390530586; cumulative_reward: 74.77; invalid_count: 0; positive_reward_count: 76; success_count: 75; episode_count: 75; random_exploration_count: 7; avg_entropy: 0.1277; best_tax_advantage: 35.0; random_action_prob: 0.0262
make_subcorporation -0.0020833333333333333 96
transfer_cash 0.949113924050633 79
contribute_for_stock -0.0001234567901234568 81
update_start: 451; random_action_prob: 0.0261
update_complete: 451; loss: 0.0014390303598095973; cumulative_reward: 66.58999999999997; invalid_count: 0; positive_reward_count: 67; success_count: 67; episode_count: 67; random_exploration_count: 3; avg_entropy: 0.1349; best_tax_advantage: 35.0; random_action_prob: 0.0261
make_subcorporation -0.003703703703703704 108
transfer_cash 0.9851470588235294 68
contribute_for_stock 0.0 80
update_start: 452; random_action_prob: 0.0259
update_complete: 452; loss: 0.006362815697987874; cumulative_reward: 76.79999999999998; invalid_count: 0; positive_reward_count: 78; success_count: 77; episode_count: 77; random_exploration_count: 7; avg_entropy: 0.1005; best_tax_advantage: 35.0; random_action_prob: 0.0259
make_subcorporation -0.0017894736842105265 95
transfer_cash 0.9744303797468354 79
contribute_for_stock -0.00012195121951219512 82
update_start: 453; random_action_prob: 0.0258
update_complete: 453; loss: -0.0053546383666495485; cumulative_reward: 79.82; invalid_count: 0; positive_reward_count: 80; success_count: 80; episode_count: 80; random_exploration_count: 7; avg_entropy: 0.0921; best_tax_advantage: 35.0; random_action_prob: 0.0258
make_subcorporation -0.001098901098901099 91
transfer_cash 0.9751219512195122 82
contribute_for_stock -0.0004819277108433735 83
update_start: 454; random_action_prob: 0.0257
update_complete: 454; loss: -4.826579242944717e-07; cumulative_reward: 75.85; invalid_count: 0; positive_reward_count: 76; success_count: 76; episode_count: 76; random_exploration_count: 5; avg_entropy: 0.0943; best_tax_advantage: 35.0; random_action_prob: 0.0257
make_subcorporation -0.0016483516483516484 91
transfer_cash 0.95 80
contribute_for_stock 0.0 85
update_start: 455; random_action_prob: 0.0256
update_complete: 455; loss: 0.0004971536497275034; cumulative_reward: 72.75999999999999; invalid_count: 0; positive_reward_count: 73; success_count: 73; episode_count: 73; random_exploration_count: 11; avg_entropy: 0.1473; best_tax_advantage: 35.0; random_action_prob: 0.0256
make_subcorporation -0.0023157894736842107 95
transfer_cash 0.9239240506329113 79
contribute_for_stock -0.00012195121951219512 82
update_start: 456; random_action_prob: 0.0254
update_complete: 456; loss: 0.03511012842257818; cumulative_reward: 73.68999999999997; invalid_count: 0; positive_reward_count: 74; success_count: 74; episode_count: 74; random_exploration_count: 8; avg_entropy: 0.1521; best_tax_advantage: 35.0; random_action_prob: 0.0254
make_subcorporation -0.0024489795918367346 98
transfer_cash 0.9861333333333332 75
contribute_for_stock -0.00036144578313253013 83
update_start: 457; random_action_prob: 0.0253
update_complete: 457; loss: 0.011898893242081007; cumulative_reward: 72.69999999999997; invalid_count: 0; positive_reward_count: 73; success_count: 73; episode_count: 73; random_exploration_count: 9; avg_entropy: 0.1957; best_tax_advantage: 35.0; random_action_prob: 0.0253
make_subcorporation -0.0025252525252525255 99
transfer_cash 0.9727999999999999 75
contribute_for_stock -0.00012195121951219512 82
update_start: 458; random_action_prob: 0.0252
update_complete: 458; loss: -0.007219526916742325; cumulative_reward: 71.69999999999997; invalid_count: 0; positive_reward_count: 73; success_count: 72; episode_count: 72; random_exploration_count: 6; avg_entropy: 0.1565; best_tax_advantage: 35.0; random_action_prob: 0.0252
make_subcorporation -0.0026262626262626263 99
transfer_cash 0.9348051948051949 77
contribute_for_stock -0.00025 80
update_start: 459; random_action_prob: 0.0250
update_complete: 459; loss: 0.02203867460290591; cumulative_reward: 72.72; invalid_count: 0; positive_reward_count: 73; success_count: 73; episode_count: 73; random_exploration_count: 11; avg_entropy: 0.1592; best_tax_advantage: 35.0; random_action_prob: 0.0250
make_subcorporation -0.0023711340206185568 97
transfer_cash 0.9602631578947369 76
contribute_for_stock -0.00036144578313253013 83
update_start: 460; random_action_prob: 0.0249
update_complete: 460; loss: 0.005918450653553009; cumulative_reward: 80.91; invalid_count: 0; positive_reward_count: 81; success_count: 81; episode_count: 81; random_exploration_count: 4; avg_entropy: 0.0589; best_tax_advantage: 35.0; random_action_prob: 0.0249
make_subcorporation -0.001 90
transfer_cash 0.9642857142857143 84
contribute_for_stock 0.0 82
update_start: 461; random_action_prob: 0.0248
update_complete: 461; loss: 0.028626241100331146; cumulative_reward: 76.82; invalid_count: 0; positive_reward_count: 77; success_count: 77; episode_count: 77; random_exploration_count: 7; avg_entropy: 0.0879; best_tax_advantage: 35.0; random_action_prob: 0.0248
make_subcorporation -0.001702127659574468 94
transfer_cash 0.9389024390243902 82
contribute_for_stock -0.000125 80
update_start: 462; random_action_prob: 0.0247
update_complete: 462; loss: -0.0035779004295667014; cumulative_reward: 74.75999999999999; invalid_count: 0; positive_reward_count: 77; success_count: 75; episode_count: 75; random_exploration_count: 9; avg_entropy: 0.1178; best_tax_advantage: 35.0; random_action_prob: 0.0247
make_subcorporation -0.001935483870967742 93
transfer_cash 0.925432098765432 81
contribute_for_stock -0.00024390243902439024 82
update_start: 463; random_action_prob: 0.0245
update_complete: 463; loss: 0.0016469303518533707; cumulative_reward: 80.91; invalid_count: 0; positive_reward_count: 83; success_count: 81; episode_count: 81; random_exploration_count: 3; avg_entropy: 0.0460; best_tax_advantage: 35.0; random_action_prob: 0.0245
make_subcorporation -0.0007954545454545455 88
transfer_cash 0.9528235294117646 85
contribute_for_stock -0.00012048192771084338 83
update_start: 464; random_action_prob: 0.0244
update_complete: 464; loss: 0.07854115217924118; cumulative_reward: 82.95; invalid_count: 0; positive_reward_count: 83; success_count: 83; episode_count: 83; random_exploration_count: 5; avg_entropy: 0.0522; best_tax_advantage: 35.0; random_action_prob: 0.0244
make_subcorporation -0.00045454545454545455 88
transfer_cash 0.9998795180722891 83
contribute_for_stock 0.0 85
update_start: 465; random_action_prob: 0.0243
update_complete: 465; loss: 0.022723999495307606; cumulative_reward: 80.91; invalid_count: 0; positive_reward_count: 82; success_count: 81; episode_count: 81; random_exploration_count: 3; avg_entropy: 0.0946; best_tax_advantage: 35.0; random_action_prob: 0.0243
make_subcorporation -0.0007865168539325844 89
transfer_cash 0.9757831325301204 83
contribute_for_stock -0.00011904761904761905 84
update_start: 466; random_action_prob: 0.0242
update_complete: 466; loss: 0.016578334694107372; cumulative_reward: 78.88999999999999; invalid_count: 0; positive_reward_count: 79; success_count: 79; episode_count: 79; random_exploration_count: 5; avg_entropy: 0.1360; best_tax_advantage: 35.0; random_action_prob: 0.0242
make_subcorporation -0.0011111111111111111 90
transfer_cash 0.9632926829268292 82
contribute_for_stock 0.0 84
update_start: 467; random_action_prob: 0.0241
update_complete: 467; loss: 0.011446473654359579; cumulative_reward: 78.84999999999998; invalid_count: 0; positive_reward_count: 79; success_count: 79; episode_count: 79; random_exploration_count: 6; avg_entropy: 0.0841; best_tax_advantage: 35.0; random_action_prob: 0.0241
make_subcorporation -0.0013978494623655914 93
transfer_cash 0.9873749999999999 80
contribute_for_stock -0.00012048192771084338 83
update_start: 468; random_action_prob: 0.0239
update_complete: 468; loss: 0.07272639249761899; cumulative_reward: 80.9; invalid_count: 0; positive_reward_count: 81; success_count: 81; episode_count: 81; random_exploration_count: 4; avg_entropy: 0.0560; best_tax_advantage: 35.0; random_action_prob: 0.0239
make_subcorporation -0.0007954545454545455 88
transfer_cash 0.9641666666666666 84
contribute_for_stock -0.0002380952380952381 84
update_start: 469; random_action_prob: 0.0238
update_complete: 469; loss: 0.04210785341759523; cumulative_reward: 78.85999999999999; invalid_count: 0; positive_reward_count: 80; success_count: 79; episode_count: 79; random_exploration_count: 7; avg_entropy: 0.0748; best_tax_advantage: 35.0; random_action_prob: 0.0238
make_subcorporation -0.0010112359550561798 89
transfer_cash 0.9290588235294117 85
contribute_for_stock -0.00024390243902439024 82
update_start: 470; random_action_prob: 0.0237
update_complete: 470; loss: 0.06080557405948639; cumulative_reward: 79.87; invalid_count: 0; positive_reward_count: 80; success_count: 80; episode_count: 80; random_exploration_count: 5; avg_entropy: 0.0616; best_tax_advantage: 35.0; random_action_prob: 0.0237
make_subcorporation -0.001098901098901099 91
transfer_cash 0.999875 80
contribute_for_stock -0.00023529411764705883 85
update_start: 471; random_action_prob: 0.0236
update_complete: 471; loss: 0.04112202053268751; cumulative_reward: 74.82999999999998; invalid_count: 0; positive_reward_count: 75; success_count: 75; episode_count: 75; random_exploration_count: 10; avg_entropy: 0.1238; best_tax_advantage: 35.0; random_action_prob: 0.0236
make_subcorporation -0.0017391304347826088 92
transfer_cash 0.937375 80
contribute_for_stock 0.0 84
update_start: 472; random_action_prob: 0.0235
update_complete: 472; loss: 0.008647258393466473; cumulative_reward: 76.78; invalid_count: 0; positive_reward_count: 77; success_count: 77; episode_count: 77; random_exploration_count: 11; avg_entropy: 0.1087; best_tax_advantage: 35.0; random_action_prob: 0.0235
make_subcorporation -0.0017204301075268817 93
transfer_cash 0.9272289156626505 83
contribute_for_stock -0.00025 80
update_start: 473; random_action_prob: 0.0233
update_complete: 473; loss: 0.006760488264262676; cumulative_reward: 76.84; invalid_count: 0; positive_reward_count: 77; success_count: 77; episode_count: 77; random_exploration_count: 8; avg_entropy: 0.0929; best_tax_advantage: 35.0; random_action_prob: 0.0233
make_subcorporation -0.0015217391304347828 92
transfer_cash 0.9503703703703704 81
contribute_for_stock 0.0 83
update_start: 474; random_action_prob: 0.0232
update_complete: 474; loss: 0.017545399566491444; cumulative_reward: 81.91; invalid_count: 0; positive_reward_count: 82; success_count: 82; episode_count: 82; random_exploration_count: 4; avg_entropy: 0.0498; best_tax_advantage: 35.0; random_action_prob: 0.0232
make_subcorporation -0.0007865168539325844 89
transfer_cash 0.9760714285714285 84
contribute_for_stock -0.00012048192771084338 83
update_start: 475; random_action_prob: 0.0231
update_complete: 475; loss: 0.0116757582873106; cumulative_reward: 79.94; invalid_count: 0; positive_reward_count: 82; success_count: 80; episode_count: 80; random_exploration_count: 5; avg_entropy: 0.0561; best_tax_advantage: 35.0; random_action_prob: 0.0231
make_subcorporation -0.000689655172413793 87
transfer_cash 0.9411764705882353 85
contribute_for_stock 0.0 84
update_start: 476; random_action_prob: 0.0230
update_complete: 476; loss: 0.029597315937280655; cumulative_reward: 77.86; invalid_count: 0; positive_reward_count: 78; success_count: 78; episode_count: 78; random_exploration_count: 5; avg_entropy: 0.0675; best_tax_advantage: 35.0; random_action_prob: 0.0230
make_subcorporation -0.0013333333333333333 90
transfer_cash 0.9509756097560976 82
contribute_for_stock 0.0 84
update_start: 477; random_action_prob: 0.0229
update_complete: 477; loss: 0.04676963140567144; cumulative_reward: 78.91; invalid_count: 0; positive_reward_count: 81; success_count: 79; episode_count: 79; random_exploration_count: 6; avg_entropy: 0.0804; best_tax_advantage: 35.0; random_action_prob: 0.0229
make_subcorporation -0.0010112359550561798 89
transfer_cash 0.9404761904761905 84
contribute_for_stock 0.0 83
update_start: 478; random_action_prob: 0.0228
update_complete: 478; loss: 0.03565083257853985; cumulative_reward: 75.78999999999998; invalid_count: 0; positive_reward_count: 76; success_count: 76; episode_count: 76; random_exploration_count: 5; avg_entropy: 0.0843; best_tax_advantage: 35.0; random_action_prob: 0.0228
make_subcorporation -0.002 95
transfer_cash 0.9868831168831168 77
contribute_for_stock -0.00011904761904761905 84
update_start: 479; random_action_prob: 0.0227
update_complete: 479; loss: 0.013454637800653776; cumulative_reward: 77.82; invalid_count: 0; positive_reward_count: 78; success_count: 78; episode_count: 78; random_exploration_count: 2; avg_entropy: 0.0695; best_tax_advantage: 35.0; random_action_prob: 0.0227
make_subcorporation -0.0016842105263157896 95
transfer_cash 0.9872151898734176 79
contribute_for_stock -0.00012195121951219512 82
update_start: 480; random_action_prob: 0.0225
update_complete: 480; loss: 0.0059204548597335815; cumulative_reward: 73.73999999999998; invalid_count: 0; positive_reward_count: 74; success_count: 74; episode_count: 74; random_exploration_count: 6; avg_entropy: 0.1294; best_tax_advantage: 35.0; random_action_prob: 0.0225
make_subcorporation -0.002346938775510204 98
transfer_cash 0.9864 75
contribute_for_stock -0.00012048192771084338 83
update_start: 481; random_action_prob: 0.0224
update_complete: 481; loss: 0.0552146832148234; cumulative_reward: 76.8; invalid_count: 0; positive_reward_count: 77; success_count: 77; episode_count: 77; random_exploration_count: 7; avg_entropy: 0.1258; best_tax_advantage: 35.0; random_action_prob: 0.0224
make_subcorporation -0.0017894736842105265 95
transfer_cash 0.9744303797468354 79
contribute_for_stock -0.00012195121951219512 82
update_start: 482; random_action_prob: 0.0223
update_complete: 482; loss: 0.020919601432979107; cumulative_reward: 80.92; invalid_count: 0; positive_reward_count: 82; success_count: 81; episode_count: 81; random_exploration_count: 4; avg_entropy: 0.0947; best_tax_advantage: 35.0; random_action_prob: 0.0223
make_subcorporation -0.0007865168539325844 89
transfer_cash 0.9876829268292683 82
contribute_for_stock 0.0 85
update_start: 483; random_action_prob: 0.0222
update_complete: 483; loss: 0.006809309512997667; cumulative_reward: 78.84; invalid_count: 0; positive_reward_count: 79; success_count: 79; episode_count: 79; random_exploration_count: 6; avg_entropy: 0.1036; best_tax_advantage: 35.0; random_action_prob: 0.0222
make_subcorporation -0.0013043478260869564 92
transfer_cash 0.987125 80
contribute_for_stock -0.00011904761904761905 84
update_start: 484; random_action_prob: 0.0221
update_complete: 484; loss: 0.02532293616483609; cumulative_reward: 78.84; invalid_count: 0; positive_reward_count: 80; success_count: 79; episode_count: 79; random_exploration_count: 6; avg_entropy: 0.1032; best_tax_advantage: 35.0; random_action_prob: 0.0221
make_subcorporation -0.0014130434782608696 92
transfer_cash 0.9751851851851852 81
contribute_for_stock -0.00024096385542168676 83
update_start: 485; random_action_prob: 0.0220
update_complete: 485; loss: -0.002617978102838; cumulative_reward: 79.85999999999999; invalid_count: 0; positive_reward_count: 80; success_count: 80; episode_count: 80; random_exploration_count: 6; avg_entropy: 0.1039; best_tax_advantage: 35.0; random_action_prob: 0.0220
make_subcorporation -0.0012087912087912088 91
transfer_cash 0.9874074074074075 81
contribute_for_stock -0.00011904761904761905 84
update_start: 486; random_action_prob: 0.0219
update_complete: 486; loss: 0.02874630317091942; cumulative_reward: 79.89999999999999; invalid_count: 0; positive_reward_count: 80; success_count: 80; episode_count: 80; random_exploration_count: 4; avg_entropy: 0.0886; best_tax_advantage: 35.0; random_action_prob: 0.0219
make_subcorporation -0.001 90
transfer_cash 0.975609756097561 82
contribute_for_stock -0.00011904761904761905 84
update_start: 487; random_action_prob: 0.0218
update_complete: 487; loss: -0.00037025318791468936; cumulative_reward: 78.85; invalid_count: 0; positive_reward_count: 80; success_count: 79; episode_count: 79; random_exploration_count: 6; avg_entropy: 0.1022; best_tax_advantage: 35.0; random_action_prob: 0.0218
make_subcorporation -0.0013043478260869564 92
transfer_cash 0.9630487804878048 82
contribute_for_stock 0.0 82
update_start: 488; random_action_prob: 0.0217
update_complete: 488; loss: 0.007088424249862631; cumulative_reward: 80.9; invalid_count: 0; positive_reward_count: 81; success_count: 81; episode_count: 81; random_exploration_count: 6; avg_entropy: 0.1003; best_tax_advantage: 35.0; random_action_prob: 0.0217
make_subcorporation -0.0008988764044943821 89
transfer_cash 0.9756626506024096 83
contribute_for_stock 0.0 84
update_start: 489; random_action_prob: 0.0215
update_complete: 489; loss: 0.006508169773345192; cumulative_reward: 79.88000000000001; invalid_count: 0; positive_reward_count: 80; success_count: 80; episode_count: 80; random_exploration_count: 3; avg_entropy: 0.0736; best_tax_advantage: 35.0; random_action_prob: 0.0215
make_subcorporation -0.001098901098901099 91
transfer_cash 0.999875 80
contribute_for_stock -0.00011764705882352942 85
update_start: 490; random_action_prob: 0.0214
update_complete: 490; loss: 0.006334289753188689; cumulative_reward: 81.87; invalid_count: 0; positive_reward_count: 82; success_count: 82; episode_count: 82; random_exploration_count: 7; avg_entropy: 0.0965; best_tax_advantage: 35.0; random_action_prob: 0.0214
make_subcorporation -0.0007865168539325844 89
transfer_cash 0.9874698795180722 83
contribute_for_stock -0.0002380952380952381 84
update_start: 491; random_action_prob: 0.0213
update_complete: 491; loss: 0.012532067640374104; cumulative_reward: 81.89999999999999; invalid_count: 0; positive_reward_count: 82; success_count: 82; episode_count: 82; random_exploration_count: 4; avg_entropy: 0.0641; best_tax_advantage: 35.0; random_action_prob: 0.0213
make_subcorporation -0.0006741573033707865 89
transfer_cash 0.9875903614457832 83
contribute_for_stock -0.00011904761904761905 84
update_start: 492; random_action_prob: 0.0212
update_complete: 492; loss: 0.000632051145657897; cumulative_reward: 77.82000000000001; invalid_count: 0; positive_reward_count: 78; success_count: 78; episode_count: 78; random_exploration_count: 7; avg_entropy: 0.0849; best_tax_advantage: 35.0; random_action_prob: 0.0212
make_subcorporation -0.0015053763440860217 93
transfer_cash 0.9870886075949368 79
contribute_for_stock -0.0002380952380952381 84
update_start: 493; random_action_prob: 0.0211
update_complete: 493; loss: 0.010934062922994295; cumulative_reward: 79.86; invalid_count: 0; positive_reward_count: 80; success_count: 80; episode_count: 80; random_exploration_count: 6; avg_entropy: 0.0704; best_tax_advantage: 35.0; random_action_prob: 0.0211
make_subcorporation -0.0013043478260869564 92
transfer_cash 0.9753658536585367 82
contribute_for_stock 0.0 82
update_start: 494; random_action_prob: 0.0210
update_complete: 494; loss: 0.016416106683512528; cumulative_reward: 81.91999999999999; invalid_count: 0; positive_reward_count: 83; success_count: 82; episode_count: 82; random_exploration_count: 5; avg_entropy: 0.0624; best_tax_advantage: 35.0; random_action_prob: 0.0210
make_subcorporation -0.0005681818181818183 88
transfer_cash 0.975952380952381 84
contribute_for_stock -0.00011904761904761905 84
update_start: 495; random_action_prob: 0.0209
update_complete: 495; loss: 0.020297500925759476; cumulative_reward: 82.97; invalid_count: 0; positive_reward_count: 83; success_count: 83; episode_count: 83; random_exploration_count: 3; avg_entropy: 0.0465; best_tax_advantage: 35.0; random_action_prob: 0.0209
make_subcorporation -0.0003448275862068965 87
transfer_cash 0.9880952380952381 84
contribute_for_stock 0.0 85
update_start: 496; random_action_prob: 0.0208
update_complete: 496; loss: -0.004905422528584798; cumulative_reward: 69.67; invalid_count: 0; positive_reward_count: 70; success_count: 70; episode_count: 70; random_exploration_count: 10; avg_entropy: 0.1267; best_tax_advantage: 35.0; random_action_prob: 0.0208
make_subcorporation -0.0027551020408163266 98
transfer_cash 0.9087012987012987 77
contribute_for_stock -0.00037037037037037035 81
update_start: 497; random_action_prob: 0.0207
update_complete: 497; loss: 0.010105664686610302; cumulative_reward: 78.85; invalid_count: 0; positive_reward_count: 79; success_count: 79; episode_count: 79; random_exploration_count: 3; avg_entropy: 0.0512; best_tax_advantage: 35.0; random_action_prob: 0.0207
make_subcorporation -0.0013978494623655914 93
transfer_cash 0.9873749999999999 80
contribute_for_stock -0.00012048192771084338 83
update_start: 498; random_action_prob: 0.0206
update_complete: 498; loss: 0.002182736604784926; cumulative_reward: 77.78999999999999; invalid_count: 0; positive_reward_count: 78; success_count: 78; episode_count: 78; random_exploration_count: 8; avg_entropy: 0.0975; best_tax_advantage: 35.0; random_action_prob: 0.0206
make_subcorporation -0.0015217391304347828 92
transfer_cash 0.950609756097561 82
contribute_for_stock -0.00024390243902439024 82
update_start: 499; random_action_prob: 0.0205
update_complete: 499; loss: 0.0013954916115229328; cumulative_reward: 72.78999999999999; invalid_count: 0; positive_reward_count: 73; success_count: 73; episode_count: 73; random_exploration_count: 7; avg_entropy: 0.1015; best_tax_advantage: 35.0; random_action_prob: 0.0205
make_subcorporation -0.0022105263157894735 95
transfer_cash 0.9358974358974359 78
contribute_for_stock 0.0 83
2026-07-03T12:35:50 completed barnes_group run=0 elapsed_seconds=6328.94 updates_logged=500
2026-07-03T12:35:50 running barnes_group run=1 seed=1730
update_start: 0; random_action_prob: 0.2500
update_complete: 0; loss: 0.846158524354299; cumulative_reward: -0.790000000000001; invalid_count: 0; positive_reward_count: 1; success_count: 1; episode_count: 1; random_exploration_count: 65; avg_entropy: 0.6728; best_tax_advantage: 35.0; random_action_prob: 0.2500
make_subcorporation -0.009887640449438202 178
transfer_cash 0.08166666666666667 12
contribute_for_stock -0.00015151515151515152 66
update_start: 1; random_action_prob: 0.2487
update_complete: 1; loss: 0.3987325231234233; cumulative_reward: -1.8500000000000014; invalid_count: 0; positive_reward_count: 0; success_count: 0; episode_count: 0; random_exploration_count: 58; avg_entropy: 0.8628; best_tax_advantage: 0.0; random_action_prob: 0.2487
make_subcorporation -0.01 183
transfer_cash 0.0 5
contribute_for_stock -0.00029411764705882356 68
update_start: 2; random_action_prob: 0.2475
update_complete: 2; loss: 0.9233154654502869; cumulative_reward: -1.8400000000000012; invalid_count: 0; positive_reward_count: 0; success_count: 0; episode_count: 0; random_exploration_count: 72; avg_entropy: 0.9558; best_tax_advantage: 0.0; random_action_prob: 0.2475
make_subcorporation -0.01 183
transfer_cash -0.0004347826086956522 23
contribute_for_stock 0.0 50
update_start: 3; random_action_prob: 0.2463
update_complete: 3; loss: 0.12812300026416779; cumulative_reward: -1.7500000000000013; invalid_count: 0; positive_reward_count: 0; success_count: 0; episode_count: 0; random_exploration_count: 74; avg_entropy: 1.0371; best_tax_advantage: 0.0; random_action_prob: 0.2463
make_subcorporation -0.01 174
transfer_cash -0.00035714285714285714 28
contribute_for_stock 0.0 54
update_start: 4; random_action_prob: 0.2450
update_complete: 4; loss: 0.12317762275536855; cumulative_reward: -1.6600000000000013; invalid_count: 0; positive_reward_count: 0; success_count: 0; episode_count: 0; random_exploration_count: 53; avg_entropy: 1.0748; best_tax_advantage: 0.0; random_action_prob: 0.2450
make_subcorporation -0.01 162
transfer_cash -0.0006666666666666666 45
contribute_for_stock -0.00020408163265306123 49
update_start: 5; random_action_prob: 0.2438
update_complete: 5; loss: 0.08129648864269257; cumulative_reward: -1.6800000000000013; invalid_count: 0; positive_reward_count: 0; success_count: 0; episode_count: 0; random_exploration_count: 59; avg_entropy: 1.0864; best_tax_advantage: 0.0; random_action_prob: 0.2438
make_subcorporation -0.01 168
transfer_cash 0.0 40
contribute_for_stock 0.0 48
update_start: 6; random_action_prob: 0.2426
update_complete: 6; loss: 0.03920677428444227; cumulative_reward: -1.6600000000000013; invalid_count: 0; positive_reward_count: 0; success_count: 0; episode_count: 0; random_exploration_count: 62; avg_entropy: 1.0578; best_tax_advantage: 0.0; random_action_prob: 0.2426
make_subcorporation -0.01 165
transfer_cash -0.0002380952380952381 42
contribute_for_stock 0.0 49
update_start: 7; random_action_prob: 0.2414
update_complete: 7; loss: 0.08263632158438365; cumulative_reward: -1.6400000000000012; invalid_count: 0; positive_reward_count: 0; success_count: 0; episode_count: 0; random_exploration_count: 70; avg_entropy: 1.1464; best_tax_advantage: 0.0; random_action_prob: 0.2414
make_subcorporation -0.009939024390243903 164
transfer_cash -0.00023255813953488373 43
contribute_for_stock 0.0 49
update_start: 8; random_action_prob: 0.2402
update_complete: 8; loss: 0.12207779288291931; cumulative_reward: -1.7500000000000013; invalid_count: 0; positive_reward_count: 0; success_count: 0; episode_count: 0; random_exploration_count: 74; avg_entropy: 1.1047; best_tax_advantage: 0.0; random_action_prob: 0.2402
make_subcorporation -0.01 174
transfer_cash 0.0 37
contribute_for_stock -0.00022222222222222223 45
update_start: 9; random_action_prob: 0.2390
update_complete: 9; loss: 0.01981954276561737; cumulative_reward: -1.6200000000000012; invalid_count: 0; positive_reward_count: 0; success_count: 0; episode_count: 0; random_exploration_count: 52; avg_entropy: 1.1683; best_tax_advantage: 0.0; random_action_prob: 0.2390
make_subcorporation -0.009936708860759494 158
transfer_cash -0.00014705882352941178 68
contribute_for_stock -0.0013333333333333333 30
update_start: 10; random_action_prob: 0.2378
update_complete: 10; loss: 0.04440991083780924; cumulative_reward: -1.350000000000001; invalid_count: 0; positive_reward_count: 0; success_count: 0; episode_count: 0; random_exploration_count: 56; avg_entropy: 1.0623; best_tax_advantage: 0.0; random_action_prob: 0.2378
make_subcorporation -0.01 135
transfer_cash 0.0 81
contribute_for_stock 0.0 40
update_start: 11; random_action_prob: 0.2366
update_complete: 11; loss: 0.039734214544296265; cumulative_reward: -1.340000000000001; invalid_count: 0; positive_reward_count: 0; success_count: 0; episode_count: 0; random_exploration_count: 66; avg_entropy: 1.1381; best_tax_advantage: 0.0; random_action_prob: 0.2366
make_subcorporation -0.01 132
transfer_cash -0.00029411764705882356 68
contribute_for_stock 0.0 56
update_start: 12; random_action_prob: 0.2354
update_complete: 12; loss: -0.00835816686352094; cumulative_reward: -1.430000000000001; invalid_count: 0; positive_reward_count: 0; success_count: 0; episode_count: 0; random_exploration_count: 62; avg_entropy: 1.1327; best_tax_advantage: 0.0; random_action_prob: 0.2354
make_subcorporation -0.009926470588235295 136
transfer_cash -0.0011111111111111111 72
contribute_for_stock 0.0 48
update_start: 13; random_action_prob: 0.2342
update_complete: 13; loss: 0.02195666606227557; cumulative_reward: -1.2300000000000009; invalid_count: 0; positive_reward_count: 0; success_count: 0; episode_count: 0; random_exploration_count: 62; avg_entropy: 1.0726; best_tax_advantage: 0.0; random_action_prob: 0.2342
make_subcorporation -0.01 120
transfer_cash -0.00011494252873563218 87
contribute_for_stock -0.00040816326530612246 49
update_start: 14; random_action_prob: 0.2331
update_complete: 14; loss: 0.01934756338596344; cumulative_reward: -1.2200000000000009; invalid_count: 0; positive_reward_count: 0; success_count: 0; episode_count: 0; random_exploration_count: 57; avg_entropy: 1.0034; best_tax_advantage: 0.0; random_action_prob: 0.2331
make_subcorporation -0.009917355371900825 121
transfer_cash -0.00022222222222222223 90
contribute_for_stock 0.0 45
update_start: 15; random_action_prob: 0.2319
update_complete: 15; loss: 0.018150504678487778; cumulative_reward: -1.2300000000000009; invalid_count: 0; positive_reward_count: 0; success_count: 0; episode_count: 0; random_exploration_count: 63; avg_entropy: 1.0426; best_tax_advantage: 0.0; random_action_prob: 0.2319
make_subcorporation -0.01 123
transfer_cash 0.0 73
contribute_for_stock 0.0 60
update_start: 16; random_action_prob: 0.2307
update_complete: 16; loss: 0.010474082082509995; cumulative_reward: -1.2400000000000009; invalid_count: 0; positive_reward_count: 0; success_count: 0; episode_count: 0; random_exploration_count: 51; avg_entropy: 0.9995; best_tax_advantage: 0.0; random_action_prob: 0.2307
make_subcorporation -0.01 120
transfer_cash -0.000625 64
contribute_for_stock 0.0 72
update_start: 17; random_action_prob: 0.2296
update_complete: 17; loss: 0.04031514252225558; cumulative_reward: -1.2200000000000009; invalid_count: 0; positive_reward_count: 0; success_count: 0; episode_count: 0; random_exploration_count: 61; avg_entropy: 1.0734; best_tax_advantage: 0.0; random_action_prob: 0.2296
make_subcorporation -0.01 120
transfer_cash -0.00029850746268656717 67
contribute_for_stock 0.0 69
update_start: 18; random_action_prob: 0.2284
update_complete: 18; loss: 0.027116564412911732; cumulative_reward: -1.260000000000001; invalid_count: 0; positive_reward_count: 0; success_count: 0; episode_count: 0; random_exploration_count: 59; avg_entropy: 1.0829; best_tax_advantage: 0.0; random_action_prob: 0.2284
make_subcorporation -0.01 126
transfer_cash 0.0 54
contribute_for_stock 0.0 76
update_start: 19; random_action_prob: 0.2273
update_complete: 19; loss: 0.0002776222924391429; cumulative_reward: -1.4100000000000008; invalid_count: 0; positive_reward_count: 0; success_count: 0; episode_count: 0; random_exploration_count: 65; avg_entropy: 1.1554; best_tax_advantage: 0.0; random_action_prob: 0.2273
make_subcorporation -0.009926470588235295 136
transfer_cash -0.0011111111111111111 36
contribute_for_stock -0.0002380952380952381 84
update_start: 20; random_action_prob: 0.2262
update_complete: 20; loss: 0.02048315480351448; cumulative_reward: -1.410000000000001; invalid_count: 0; positive_reward_count: 0; success_count: 0; episode_count: 0; random_exploration_count: 61; avg_entropy: 1.1871; best_tax_advantage: 0.0; random_action_prob: 0.2262
make_subcorporation -0.009927007299270074 137
transfer_cash -0.0007142857142857143 42
contribute_for_stock -0.00025974025974025974 77
update_start: 21; random_action_prob: 0.2250
update_complete: 21; loss: -0.012521603455146154; cumulative_reward: -1.410000000000001; invalid_count: 0; positive_reward_count: 0; success_count: 0; episode_count: 0; random_exploration_count: 65; avg_entropy: 1.2223; best_tax_advantage: 0.0; random_action_prob: 0.2250
make_subcorporation -0.01 135
transfer_cash -0.0010526315789473684 38
contribute_for_stock -0.00024096385542168676 83
update_start: 22; random_action_prob: 0.2239
update_complete: 22; loss: -0.02576102316379547; cumulative_reward: -1.5400000000000011; invalid_count: 0; positive_reward_count: 0; success_count: 0; episode_count: 0; random_exploration_count: 54; avg_entropy: 1.2153; best_tax_advantage: 0.0; random_action_prob: 0.2239
make_subcorporation -0.01 150
transfer_cash -0.0013333333333333333 30
contribute_for_stock 0.0 76
update_start: 23; random_action_prob: 0.2228
update_complete: 23; loss: -0.018346344431241352; cumulative_reward: -1.470000000000001; invalid_count: 0; positive_reward_count: 0; success_count: 0; episode_count: 0; random_exploration_count: 49; avg_entropy: 1.2375; best_tax_advantage: 0.0; random_action_prob: 0.2228
make_subcorporation -0.009932432432432432 148
transfer_cash 0.0 45
contribute_for_stock 0.0 63
update_start: 24; random_action_prob: 0.2217
update_complete: 24; loss: 0.035552931328614555; cumulative_reward: -0.5000000000000006; invalid_count: 0; positive_reward_count: 1; success_count: 1; episode_count: 1; random_exploration_count: 55; avg_entropy: 1.2342; best_tax_advantage: 35.0; random_action_prob: 0.2217
make_subcorporation -0.009932432432432432 148
transfer_cash 0.01849056603773585 53
contribute_for_stock -0.00018181818181818183 55
update_start: 25; random_action_prob: 0.2206
update_complete: 25; loss: -0.0032996125519275665; cumulative_reward: -1.5600000000000012; invalid_count: 0; positive_reward_count: 0; success_count: 0; episode_count: 0; random_exploration_count: 55; avg_entropy: 1.2150; best_tax_advantage: 0.0; random_action_prob: 0.2206
make_subcorporation -0.01 153
transfer_cash -0.00023255813953488373 43
contribute_for_stock -0.0003333333333333333 60
update_start: 26; random_action_prob: 0.2195
update_complete: 26; loss: -0.002288957436879476; cumulative_reward: -1.5900000000000012; invalid_count: 0; positive_reward_count: 0; success_count: 0; episode_count: 0; random_exploration_count: 51; avg_entropy: 1.1865; best_tax_advantage: 0.0; random_action_prob: 0.2195
make_subcorporation -0.01 159
transfer_cash 0.0 39
contribute_for_stock 0.0 58
update_start: 27; random_action_prob: 0.2184
update_complete: 27; loss: -0.00023507078488667807; cumulative_reward: -1.5900000000000012; invalid_count: 0; positive_reward_count: 0; success_count: 0; episode_count: 0; random_exploration_count: 66; avg_entropy: 1.1446; best_tax_advantage: 0.0; random_action_prob: 0.2184
make_subcorporation -0.01 159
transfer_cash 0.0 34
contribute_for_stock 0.0 63
update_start: 28; random_action_prob: 0.2173
update_complete: 28; loss: 0.02348211531837781; cumulative_reward: -1.6600000000000013; invalid_count: 0; positive_reward_count: 0; success_count: 0; episode_count: 0; random_exploration_count: 57; avg_entropy: 1.2114; best_tax_advantage: 0.0; random_action_prob: 0.2173
make_subcorporation -0.009940119760479043 167
transfer_cash 0.0 38
contribute_for_stock 0.0 51
update_start: 29; random_action_prob: 0.2162
update_complete: 29; loss: -0.03987393652399381; cumulative_reward: -1.6400000000000012; invalid_count: 0; positive_reward_count: 0; success_count: 0; episode_count: 0; random_exploration_count: 55; avg_entropy: 1.2032; best_tax_advantage: 0.0; random_action_prob: 0.2162
make_subcorporation -0.009939024390243903 164
transfer_cash -0.0002702702702702703 37
contribute_for_stock 0.0 55
update_start: 30; random_action_prob: 0.2151
update_complete: 30; loss: -0.029786422848701477; cumulative_reward: -1.5900000000000012; invalid_count: 0; positive_reward_count: 0; success_count: 0; episode_count: 0; random_exploration_count: 53; avg_entropy: 1.1329; best_tax_advantage: 0.0; random_action_prob: 0.2151
make_subcorporation -0.01 159
transfer_cash 0.0 52
contribute_for_stock 0.0 45
update_start: 31; random_action_prob: 0.2140
update_complete: 31; loss: -0.005996254583199819; cumulative_reward: -1.5700000000000012; invalid_count: 0; positive_reward_count: 0; success_count: 0; episode_count: 0; random_exploration_count: 60; avg_entropy: 1.2300; best_tax_advantage: 0.0; random_action_prob: 0.2140
make_subcorporation -0.009936708860759494 158
transfer_cash 0.0 51
contribute_for_stock 0.0 47
update_start: 32; random_action_prob: 0.2130
update_complete: 32; loss: -0.010233548780282339; cumulative_reward: -1.5400000000000011; invalid_count: 0; positive_reward_count: 0; success_count: 0; episode_count: 0; random_exploration_count: 53; avg_entropy: 1.2025; best_tax_advantage: 0.0; random_action_prob: 0.2130
make_subcorporation -0.01 153
transfer_cash 0.0 58
contribute_for_stock -0.00022222222222222223 45
update_start: 33; random_action_prob: 0.2119
update_complete: 33; loss: 0.011973964671293894; cumulative_reward: -1.5600000000000012; invalid_count: 0; positive_reward_count: 0; success_count: 0; episode_count: 0; random_exploration_count: 65; avg_entropy: 1.2177; best_tax_advantage: 0.0; random_action_prob: 0.2119
make_subcorporation -0.01 147
transfer_cash -0.0011475409836065576 61
contribute_for_stock -0.0004166666666666667 48
update_start: 34; random_action_prob: 0.2108
update_complete: 34; loss: 0.029528977970282238; cumulative_reward: -1.480000000000001; invalid_count: 0; positive_reward_count: 0; success_count: 0; episode_count: 0; random_exploration_count: 60; avg_entropy: 1.2614; best_tax_advantage: 0.0; random_action_prob: 0.2108
make_subcorporation -0.009931506849315068 146
transfer_cash -0.00028571428571428574 70
contribute_for_stock -0.00025 40
update_start: 35; random_action_prob: 0.2098
update_complete: 35; loss: -0.015401184558868408; cumulative_reward: -1.480000000000001; invalid_count: 0; positive_reward_count: 0; success_count: 0; episode_count: 0; random_exploration_count: 55; avg_entropy: 1.2541; best_tax_advantage: 0.0; random_action_prob: 0.2098
make_subcorporation -0.01 144
transfer_cash -0.0006060606060606061 66
contribute_for_stock 0.0 46
update_start: 36; random_action_prob: 0.2087
update_complete: 36; loss: -0.017223436385393143; cumulative_reward: -1.500000000000001; invalid_count: 0; positive_reward_count: 0; success_count: 0; episode_count: 0; random_exploration_count: 56; avg_entropy: 1.2318; best_tax_advantage: 0.0; random_action_prob: 0.2087
make_subcorporation -0.009931506849315068 146
transfer_cash -0.0005617977528089888 89
contribute_for_stock 0.0 21
update_start: 37; random_action_prob: 0.2077
update_complete: 37; loss: -0.030926441152890522; cumulative_reward: -1.470000000000001; invalid_count: 0; positive_reward_count: 0; success_count: 0; episode_count: 0; random_exploration_count: 52; avg_entropy: 1.1947; best_tax_advantage: 0.0; random_action_prob: 0.2077
make_subcorporation -0.009932432432432432 148
transfer_cash 0.0 85
contribute_for_stock 0.0 23
update_start: 38; random_action_prob: 0.2066
update_complete: 38; loss: -0.026093069463968277; cumulative_reward: -1.470000000000001; invalid_count: 0; positive_reward_count: 0; success_count: 0; episode_count: 0; random_exploration_count: 44; avg_entropy: 1.1900; best_tax_advantage: 0.0; random_action_prob: 0.2066
make_subcorporation -0.009932432432432432 148
transfer_cash 0.0 92
contribute_for_stock 0.0 16
update_start: 39; random_action_prob: 0.2056
update_complete: 39; loss: -0.031897641718387604; cumulative_reward: -1.5200000000000011; invalid_count: 0; positive_reward_count: 0; success_count: 0; episode_count: 0; random_exploration_count: 51; avg_entropy: 1.2061; best_tax_advantage: 0.0; random_action_prob: 0.2056
make_subcorporation -0.01 150
transfer_cash -0.00021978021978021978 91
contribute_for_stock 0.0 15
update_start: 40; random_action_prob: 0.2046
update_complete: 40; loss: -0.032082983603080116; cumulative_reward: -1.390000000000001; invalid_count: 0; positive_reward_count: 0; success_count: 0; episode_count: 0; random_exploration_count: 53; avg_entropy: 1.1328; best_tax_advantage: 0.0; random_action_prob: 0.2046
make_subcorporation -0.009928571428571429 140
transfer_cash 0.0 98
contribute_for_stock 0.0 18
update_start: 41; random_action_prob: 0.2036
update_complete: 41; loss: 0.031182313958803814; cumulative_reward: -1.470000000000001; invalid_count: 0; positive_reward_count: 0; success_count: 0; episode_count: 0; random_exploration_count: 53; avg_entropy: 1.1771; best_tax_advantage: 0.0; random_action_prob: 0.2036
make_subcorporation -0.009931506849315068 146
transfer_cash -0.00022471910112359551 89
contribute_for_stock 0.0 21
update_start: 42; random_action_prob: 0.2025
update_complete: 42; loss: 0.01887709026535352; cumulative_reward: -1.460000000000001; invalid_count: 0; positive_reward_count: 0; success_count: 0; episode_count: 0; random_exploration_count: 62; avg_entropy: 1.1195; best_tax_advantage: 0.0; random_action_prob: 0.2025
make_subcorporation -0.01 144
transfer_cash -0.00024096385542168676 83
contribute_for_stock 0.0 29
update_start: 43; random_action_prob: 0.2015
update_complete: 43; loss: 0.020913410931825638; cumulative_reward: -1.5100000000000011; invalid_count: 0; positive_reward_count: 0; success_count: 0; episode_count: 0; random_exploration_count: 58; avg_entropy: 1.2227; best_tax_advantage: 0.0; random_action_prob: 0.2015
make_subcorporation -0.009930069930069929 143
transfer_cash -0.0009523809523809524 84
contribute_for_stock -0.0003448275862068966 29
update_start: 44; random_action_prob: 0.2005
update_complete: 44; loss: -0.01785702755053838; cumulative_reward: -1.500000000000001; invalid_count: 0; positive_reward_count: 0; success_count: 0; episode_count: 0; random_exploration_count: 45; avg_entropy: 1.2071; best_tax_advantage: 0.0; random_action_prob: 0.2005
make_subcorporation -0.01 150
transfer_cash 0.0 65
contribute_for_stock 0.0 41
update_start: 45; random_action_prob: 0.1995
update_complete: 45; loss: -0.017224551488955814; cumulative_reward: -1.430000000000001; invalid_count: 0; positive_reward_count: 0; success_count: 0; episode_count: 0; random_exploration_count: 46; avg_entropy: 1.1638; best_tax_advantage: 0.0; random_action_prob: 0.1995
make_subcorporation -0.01 141
transfer_cash -0.00022727272727272727 88
contribute_for_stock 0.0 27
update_start: 46; random_action_prob: 0.1985
update_complete: 46; loss: 0.01489175483584404; cumulative_reward: -1.420000000000001; invalid_count: 0; positive_reward_count: 0; success_count: 0; episode_count: 0; random_exploration_count: 47; avg_entropy: 1.2354; best_tax_advantage: 0.0; random_action_prob: 0.1985
make_subcorporation -0.009929577464788732 142
transfer_cash -0.00011627906976744187 86
contribute_for_stock 0.0 28
update_start: 47; random_action_prob: 0.1975
update_complete: 47; loss: -0.02898549536863963; cumulative_reward: -1.6200000000000012; invalid_count: 0; positive_reward_count: 0; success_count: 0; episode_count: 0; random_exploration_count: 38; avg_entropy: 1.1140; best_tax_advantage: 0.0; random_action_prob: 0.1975
make_subcorporation -0.009938650306748467 163
transfer_cash 0.0 65
contribute_for_stock 0.0 28
update_start: 48; random_action_prob: 0.1965
update_complete: 48; loss: 0.015281222760677338; cumulative_reward: -1.5900000000000012; invalid_count: 0; positive_reward_count: 0; success_count: 0; episode_count: 0; random_exploration_count: 50; avg_entropy: 1.0898; best_tax_advantage: 0.0; random_action_prob: 0.1965
make_subcorporation -0.01 159
transfer_cash 0.0 70
contribute_for_stock 0.0 27
update_start: 49; random_action_prob: 0.1956
update_complete: 49; loss: -0.02003922127187252; cumulative_reward: -1.6500000000000012; invalid_count: 0; positive_reward_count: 0; success_count: 0; episode_count: 0; random_exploration_count: 32; avg_entropy: 1.0893; best_tax_advantage: 0.0; random_action_prob: 0.1956
make_subcorporation -0.01 165
transfer_cash 0.0 70
contribute_for_stock 0.0 21
update_start: 50; random_action_prob: 0.1946
update_complete: 50; loss: -0.01107532282670339; cumulative_reward: -1.5200000000000011; invalid_count: 0; positive_reward_count: 0; success_count: 0; episode_count: 0; random_exploration_count: 47; avg_entropy: 1.0719; best_tax_advantage: 0.0; random_action_prob: 0.1946
make_subcorporation -0.00993421052631579 152
transfer_cash -0.00013157894736842105 76
contribute_for_stock 0.0 28
update_start: 51; random_action_prob: 0.1936
update_complete: 51; loss: 0.023544588436683018; cumulative_reward: -1.430000000000001; invalid_count: 0; positive_reward_count: 0; success_count: 0; episode_count: 0; random_exploration_count: 55; avg_entropy: 1.1172; best_tax_advantage: 0.0; random_action_prob: 0.1936
make_subcorporation -0.01 141
transfer_cash -0.00010869565217391305 92
contribute_for_stock -0.0004347826086956522 23
update_start: 52; random_action_prob: 0.1926
update_complete: 52; loss: 0.010323815047740936; cumulative_reward: -1.350000000000001; invalid_count: 0; positive_reward_count: 0; success_count: 0; episode_count: 0; random_exploration_count: 61; avg_entropy: 1.1148; best_tax_advantage: 0.0; random_action_prob: 0.1926
make_subcorporation -0.009926470588235295 136
transfer_cash 0.0 96
contribute_for_stock 0.0 24
update_start: 53; random_action_prob: 0.1917
update_complete: 53; loss: -0.0077081235746542616; cumulative_reward: -1.6000000000000012; invalid_count: 0; positive_reward_count: 0; success_count: 0; episode_count: 0; random_exploration_count: 51; avg_entropy: 1.2133; best_tax_advantage: 0.0; random_action_prob: 0.1917
make_subcorporation -0.01 144
transfer_cash -0.0016867469879518074 83
contribute_for_stock -0.0006896551724137932 29
update_start: 54; random_action_prob: 0.1907
update_complete: 54; loss: -0.023441631967822712; cumulative_reward: -1.420000000000001; invalid_count: 0; positive_reward_count: 0; success_count: 0; episode_count: 0; random_exploration_count: 46; avg_entropy: 1.2323; best_tax_advantage: 0.0; random_action_prob: 0.1907
make_subcorporation -0.01 141
transfer_cash -0.00012658227848101267 79
contribute_for_stock 0.0 36
update_start: 55; random_action_prob: 0.1898
update_complete: 55; loss: -0.004110371073087056; cumulative_reward: -1.320000000000001; invalid_count: 0; positive_reward_count: 0; success_count: 0; episode_count: 0; random_exploration_count: 57; avg_entropy: 1.1912; best_tax_advantage: 0.0; random_action_prob: 0.1898
make_subcorporation -0.01 129
transfer_cash -0.00020833333333333335 96
contribute_for_stock -0.0003225806451612903 31
update_start: 56; random_action_prob: 0.1888
update_complete: 56; loss: -0.01759422446290652; cumulative_reward: -1.500000000000001; invalid_count: 0; positive_reward_count: 0; success_count: 0; episode_count: 0; random_exploration_count: 41; avg_entropy: 1.1923; best_tax_advantage: 0.0; random_action_prob: 0.1888
make_subcorporation -0.01 150
transfer_cash 0.0 61
contribute_for_stock 0.0 45
update_start: 57; random_action_prob: 0.1879
update_complete: 57; loss: -0.00469563901424408; cumulative_reward: -0.5400000000000007; invalid_count: 0; positive_reward_count: 1; success_count: 1; episode_count: 1; random_exploration_count: 45; avg_entropy: 1.1854; best_tax_advantage: 35.0; random_action_prob: 0.1879
make_subcorporation -0.009871794871794872 156
transfer_cash 0.018867924528301886 53
contribute_for_stock 0.0 47
update_start: 58; random_action_prob: 0.1869
update_complete: 58; loss: -0.029927536845207214; cumulative_reward: -1.6300000000000012; invalid_count: 0; positive_reward_count: 0; success_count: 0; episode_count: 0; random_exploration_count: 59; avg_entropy: 1.2479; best_tax_advantage: 0.0; random_action_prob: 0.1869
make_subcorporation -0.00993421052631579 152
transfer_cash -0.0022222222222222222 45
contribute_for_stock -0.00033898305084745765 59
update_start: 59; random_action_prob: 0.1860
update_complete: 59; loss: 0.011703303704659144; cumulative_reward: -0.4200000000000007; invalid_count: 0; positive_reward_count: 1; success_count: 1; episode_count: 3; random_exploration_count: 50; avg_entropy: 1.2801; best_tax_advantage: 35.0; random_action_prob: 0.1860
make_subcorporation -0.009929577464788732 142
transfer_cash 0.015714285714285715 63
contribute_for_stock 0.0 51
update_start: 60; random_action_prob: 0.1851
update_complete: 60; loss: 0.041091923912366234; cumulative_reward: 0.4399999999999993; invalid_count: 0; positive_reward_count: 2; success_count: 2; episode_count: 2; random_exploration_count: 46; avg_entropy: 1.2236; best_tax_advantage: 35.0; random_action_prob: 0.1851
make_subcorporation -0.009811320754716982 159
transfer_cash 0.05555555555555555 36
contribute_for_stock 0.0 61
update_start: 61; random_action_prob: 0.1841
update_complete: 61; loss: 0.0015399158000946045; cumulative_reward: -0.5900000000000011; invalid_count: 0; positive_reward_count: 1; success_count: 1; episode_count: 1; random_exploration_count: 49; avg_entropy: 1.2434; best_tax_advantage: 35.0; random_action_prob: 0.1841
make_subcorporation -0.0099375 160
transfer_cash 0.034482758620689655 29
contribute_for_stock 0.0 67
update_start: 62; random_action_prob: 0.1832
update_complete: 62; loss: -0.0005110514660676321; cumulative_reward: -1.6900000000000013; invalid_count: 0; positive_reward_count: 0; success_count: 0; episode_count: 0; random_exploration_count: 48; avg_entropy: 1.0626; best_tax_advantage: 0.0; random_action_prob: 0.1832
make_subcorporation -0.009940828402366864 169
transfer_cash 0.0 18
contribute_for_stock -0.00014492753623188405 69
update_start: 63; random_action_prob: 0.1823
update_complete: 63; loss: 0.16729909057418504; cumulative_reward: 1.2499999999999987; invalid_count: 0; positive_reward_count: 4; success_count: 3; episode_count: 3; random_exploration_count: 52; avg_entropy: 0.9795; best_tax_advantage: 35.0; random_action_prob: 0.1823
make_subcorporation -0.009776536312849162 179
transfer_cash 0.3333333333333333 9
contribute_for_stock 0.0 68
update_start: 64; random_action_prob: 0.1814
update_complete: 64; loss: 0.031643478820721306; cumulative_reward: -0.8100000000000014; invalid_count: 0; positive_reward_count: 1; success_count: 1; episode_count: 1; random_exploration_count: 51; avg_entropy: 0.9195; best_tax_advantage: 35.0; random_action_prob: 0.1814
make_subcorporation -0.009890710382513662 183
transfer_cash 0.14285714285714285 7
contribute_for_stock 0.0 66
update_start: 65; random_action_prob: 0.1805
update_complete: 65; loss: 0.06619776164491971; cumulative_reward: -1.8600000000000014; invalid_count: 0; positive_reward_count: 0; success_count: 0; episode_count: 0; random_exploration_count: 43; avg_entropy: 0.8522; best_tax_advantage: 0.0; random_action_prob: 0.1805
make_subcorporation -0.009945945945945946 185
transfer_cash -0.002857142857142857 7
contribute_for_stock 0.0 64
update_start: 66; random_action_prob: 0.1796
update_complete: 66; loss: 0.04636485998829206; cumulative_reward: -1.8000000000000014; invalid_count: 0; positive_reward_count: 0; success_count: 0; episode_count: 0; random_exploration_count: 49; avg_entropy: 0.8691; best_tax_advantage: 0.0; random_action_prob: 0.1796
make_subcorporation -0.01 180
transfer_cash 0.0 11
contribute_for_stock 0.0 65
update_start: 67; random_action_prob: 0.1787
update_complete: 67; loss: 0.0516052320599556; cumulative_reward: -0.830000000000001; invalid_count: 0; positive_reward_count: 1; success_count: 1; episode_count: 1; random_exploration_count: 51; avg_entropy: 0.9252; best_tax_advantage: 35.0; random_action_prob: 0.1787
make_subcorporation -0.00994475138121547 181
transfer_cash 0.08818181818181818 11
contribute_for_stock 0.0 64
update_start: 68; random_action_prob: 0.1778
update_complete: 68; loss: -0.021844229350487392; cumulative_reward: -1.8100000000000014; invalid_count: 0; positive_reward_count: 0; success_count: 0; episode_count: 0; random_exploration_count: 58; avg_entropy: 0.9906; best_tax_advantage: 0.0; random_action_prob: 0.1778
make_subcorporation -0.01 180
transfer_cash -0.000625 16
contribute_for_stock 0.0 60
update_start: 69; random_action_prob: 0.1769
update_complete: 69; loss: 0.019525889307260513; cumulative_reward: -0.8000000000000008; invalid_count: 0; positive_reward_count: 1; success_count: 1; episode_count: 1; random_exploration_count: 40; avg_entropy: 0.9227; best_tax_advantage: 35.0; random_action_prob: 0.1769
make_subcorporation -0.00994475138121547 181
transfer_cash 0.1 10
contribute_for_stock 0.0 65
update_start: 70; random_action_prob: 0.1760
update_complete: 70; loss: 0.10857781146963437; cumulative_reward: -0.8000000000000014; invalid_count: 0; positive_reward_count: 1; success_count: 1; episode_count: 1; random_exploration_count: 39; avg_entropy: 0.9448; best_tax_advantage: 35.0; random_action_prob: 0.1760
make_subcorporation -0.00994475138121547 181
transfer_cash 0.1 10
contribute_for_stock 0.0 65
update_start: 71; random_action_prob: 0.1751
update_complete: 71; loss: 0.011356037110090256; cumulative_reward: -0.8000000000000014; invalid_count: 0; positive_reward_count: 1; success_count: 1; episode_count: 1; random_exploration_count: 54; avg_entropy: 0.9626; best_tax_advantage: 35.0; random_action_prob: 0.1751
make_subcorporation -0.00989010989010989 182
transfer_cash 0.06666666666666667 15
contribute_for_stock 0.0 59
update_start: 72; random_action_prob: 0.1743
update_complete: 72; loss: 0.04104975610971451; cumulative_reward: -1.8400000000000014; invalid_count: 0; positive_reward_count: 0; success_count: 0; episode_count: 0; random_exploration_count: 47; avg_entropy: 0.9632; best_tax_advantage: 0.0; random_action_prob: 0.1743
make_subcorporation -0.009945945945945946 185
transfer_cash 0.0 14
contribute_for_stock 0.0 57
update_start: 73; random_action_prob: 0.1734
update_complete: 73; loss: 0.283670066545407; cumulative_reward: 0.229999999999999; invalid_count: 0; positive_reward_count: 2; success_count: 2; episode_count: 2; random_exploration_count: 36; avg_entropy: 0.9699; best_tax_advantage: 35.0; random_action_prob: 0.1734
make_subcorporation -0.00988826815642458 179
transfer_cash 0.2 10
contribute_for_stock 0.0 67
update_start: 74; random_action_prob: 0.1725
update_complete: 74; loss: 0.015806904683510464; cumulative_reward: 0.1799999999999989; invalid_count: 0; positive_reward_count: 2; success_count: 2; episode_count: 2; random_exploration_count: 36; avg_entropy: 0.9125; best_tax_advantage: 35.0; random_action_prob: 0.1725
make_subcorporation -0.00983695652173913 184
transfer_cash 0.22111111111111112 9
contribute_for_stock 0.0 63
update_start: 75; random_action_prob: 0.1717
update_complete: 75; loss: 0.014279828717311224; cumulative_reward: 0.16999999999999868; invalid_count: 0; positive_reward_count: 2; success_count: 2; episode_count: 2; random_exploration_count: 39; avg_entropy: 0.9264; best_tax_advantage: 35.0; random_action_prob: 0.1717
make_subcorporation -0.00983695652173913 184
transfer_cash 0.15307692307692308 13
contribute_for_stock -0.00016949152542372882 59
update_start: 76; random_action_prob: 0.1708
update_complete: 76; loss: 0.028881002217531204; cumulative_reward: -1.6800000000000013; invalid_count: 0; positive_reward_count: 0; success_count: 0; episode_count: 2; random_exploration_count: 37; avg_entropy: 0.9526; best_tax_advantage: 0.0; random_action_prob: 0.1708
make_subcorporation -0.01 168
transfer_cash 0.0 17
contribute_for_stock 0.0 71
update_start: 77; random_action_prob: 0.1699
update_complete: 77; loss: 0.0923430323600769; cumulative_reward: -0.5700000000000011; invalid_count: 0; positive_reward_count: 2; success_count: 1; episode_count: 2; random_exploration_count: 40; avg_entropy: 0.8842; best_tax_advantage: 35.0; random_action_prob: 0.1699
make_subcorporation -0.009874213836477987 159
transfer_cash 0.047619047619047616 21
contribute_for_stock 0.0 76
update_start: 78; random_action_prob: 0.1691
update_complete: 78; loss: 0.03201203172405561; cumulative_reward: -0.8200000000000014; invalid_count: 0; positive_reward_count: 1; success_count: 1; episode_count: 1; random_exploration_count: 41; avg_entropy: 0.9123; best_tax_advantage: 35.0; random_action_prob: 0.1691
make_subcorporation -0.00994475138121547 181
transfer_cash 0.12375 8
contribute_for_stock -0.00014925373134328358 67
update_start: 79; random_action_prob: 0.1683
update_complete: 79; loss: 0.07687268157800038; cumulative_reward: -1.8200000000000014; invalid_count: 0; positive_reward_count: 0; success_count: 0; episode_count: 0; random_exploration_count: 49; avg_entropy: 0.9479; best_tax_advantage: 0.0; random_action_prob: 0.1683
make_subcorporation -0.01 177
transfer_cash -0.005 8
contribute_for_stock -0.00014084507042253522 71
update_start: 80; random_action_prob: 0.1674
update_complete: 80; loss: -0.016121989736954372; cumulative_reward: 0.219999999999999; invalid_count: 0; positive_reward_count: 2; success_count: 2; episode_count: 2; random_exploration_count: 38; avg_entropy: 0.9085; best_tax_advantage: 35.0; random_action_prob: 0.1674
make_subcorporation -0.00988826815642458 179
transfer_cash 0.2857142857142857 7
contribute_for_stock -0.00014285714285714287 70
update_start: 81; random_action_prob: 0.1666
update_complete: 81; loss: 0.04411554088195165; cumulative_reward: -1.6800000000000013; invalid_count: 0; positive_reward_count: 0; success_count: 0; episode_count: 1; random_exploration_count: 41; avg_entropy: 0.9005; best_tax_advantage: 0.0; random_action_prob: 0.1666
make_subcorporation -0.009940828402366864 169
transfer_cash 0.0 15
contribute_for_stock 0.0 72
update_start: 82; random_action_prob: 0.1657
update_complete: 82; loss: 0.02608548104763031; cumulative_reward: -0.7800000000000012; invalid_count: 0; positive_reward_count: 2; success_count: 1; episode_count: 1; random_exploration_count: 38; avg_entropy: 0.8990; best_tax_advantage: 35.0; random_action_prob: 0.1657
make_subcorporation -0.00988888888888889 180
transfer_cash 0.09090909090909091 11
contribute_for_stock 0.0 65
update_start: 83; random_action_prob: 0.1649
update_complete: 83; loss: 0.09177476167678833; cumulative_reward: 0.2799999999999987; invalid_count: 0; positive_reward_count: 3; success_count: 2; episode_count: 2; random_exploration_count: 34; avg_entropy: 0.9849; best_tax_advantage: 35.0; random_action_prob: 0.1649
make_subcorporation -0.009828571428571428 175
transfer_cash 0.15384615384615385 13
contribute_for_stock 0.0 68
update_start: 84; random_action_prob: 0.1641
update_complete: 84; loss: -0.009718471517165502; cumulative_reward: -1.7800000000000014; invalid_count: 0; positive_reward_count: 0; success_count: 0; episode_count: 0; random_exploration_count: 47; avg_entropy: 1.0370; best_tax_advantage: 0.0; random_action_prob: 0.1641
make_subcorporation -0.009942857142857142 175
transfer_cash -0.0015384615384615385 13
contribute_for_stock -0.00029411764705882356 68
update_start: 85; random_action_prob: 0.1633
update_complete: 85; loss: 0.008929688483476639; cumulative_reward: 0.31999999999999873; invalid_count: 0; positive_reward_count: 2; success_count: 2; episode_count: 2; random_exploration_count: 40; avg_entropy: 1.0812; best_tax_advantage: 35.0; random_action_prob: 0.1633
make_subcorporation -0.00988235294117647 170
transfer_cash 0.1111111111111111 18
contribute_for_stock 0.0 68
update_start: 86; random_action_prob: 0.1625
update_complete: 86; loss: -0.025360969205697376; cumulative_reward: -1.6300000000000012; invalid_count: 0; positive_reward_count: 0; success_count: 0; episode_count: 0; random_exploration_count: 52; avg_entropy: 1.2001; best_tax_advantage: 0.0; random_action_prob: 0.1625
make_subcorporation -0.01 159
transfer_cash -0.0009090909090909091 33
contribute_for_stock -0.00015625 64
update_start: 87; random_action_prob: 0.1616
update_complete: 87; loss: -0.031019380316138268; cumulative_reward: -0.48000000000000076; invalid_count: 0; positive_reward_count: 1; success_count: 1; episode_count: 1; random_exploration_count: 42; avg_entropy: 1.1836; best_tax_advantage: 35.0; random_action_prob: 0.1616
make_subcorporation -0.009932432432432432 148
transfer_cash 0.02127659574468085 47
contribute_for_stock -0.0001639344262295082 61
update_start: 88; random_action_prob: 0.1608
update_complete: 88; loss: -0.016461137682199478; cumulative_reward: -1.6600000000000013; invalid_count: 0; positive_reward_count: 0; success_count: 0; episode_count: 0; random_exploration_count: 36; avg_entropy: 1.1474; best_tax_advantage: 0.0; random_action_prob: 0.1608
make_subcorporation -0.009940119760479043 167
transfer_cash 0.0 22
contribute_for_stock 0.0 67
update_start: 89; random_action_prob: 0.1600
update_complete: 89; loss: 0.005345460027456284; cumulative_reward: -0.6500000000000012; invalid_count: 0; positive_reward_count: 1; success_count: 1; episode_count: 1; random_exploration_count: 39; avg_entropy: 1.1477; best_tax_advantage: 35.0; random_action_prob: 0.1600
make_subcorporation -0.00993975903614458 166
transfer_cash 0.03571428571428571 28
contribute_for_stock 0.0 62
update_start: 90; random_action_prob: 0.1592
update_complete: 90; loss: -0.00992467999458313; cumulative_reward: -1.7100000000000013; invalid_count: 0; positive_reward_count: 0; success_count: 0; episode_count: 0; random_exploration_count: 42; avg_entropy: 1.1267; best_tax_advantage: 0.0; random_action_prob: 0.1592
make_subcorporation -0.009941860465116279 172
transfer_cash 0.0 18
contribute_for_stock 0.0 66
update_start: 91; random_action_prob: 0.1584
update_complete: 91; loss: -0.007801930109659831; cumulative_reward: -0.7100000000000013; invalid_count: 0; positive_reward_count: 1; success_count: 1; episode_count: 1; random_exploration_count: 35; avg_entropy: 1.1825; best_tax_advantage: 35.0; random_action_prob: 0.1584
make_subcorporation -0.009884393063583815 173
transfer_cash 0.037037037037037035 27
contribute_for_stock 0.0 56
update_start: 92; random_action_prob: 0.1576
update_complete: 92; loss: -0.046208212773005165; cumulative_reward: -1.6500000000000012; invalid_count: 0; positive_reward_count: 0; success_count: 0; episode_count: 0; random_exploration_count: 46; avg_entropy: 1.2074; best_tax_advantage: 0.0; random_action_prob: 0.1576
make_subcorporation -0.00993975903614458 166
transfer_cash 0.0 37
contribute_for_stock 0.0 53
update_start: 93; random_action_prob: 0.1569
update_complete: 93; loss: -0.03775283321738243; cumulative_reward: -1.6800000000000013; invalid_count: 0; positive_reward_count: 0; success_count: 0; episode_count: 0; random_exploration_count: 39; avg_entropy: 1.1741; best_tax_advantage: 0.0; random_action_prob: 0.1569
make_subcorporation -0.01 168
transfer_cash 0.0 22
contribute_for_stock 0.0 66
update_start: 94; random_action_prob: 0.1561
update_complete: 94; loss: -0.01539961745341619; cumulative_reward: 0.5299999999999989; invalid_count: 0; positive_reward_count: 3; success_count: 2; episode_count: 2; random_exploration_count: 53; avg_entropy: 1.2788; best_tax_advantage: 35.0; random_action_prob: 0.1561
make_subcorporation -0.009865771812080537 149
transfer_cash 0.05 40
contribute_for_stock 0.0 67
update_start: 95; random_action_prob: 0.1553
update_complete: 95; loss: -0.03603683536251386; cumulative_reward: -1.6300000000000012; invalid_count: 0; positive_reward_count: 0; success_count: 0; episode_count: 0; random_exploration_count: 39; avg_entropy: 1.2371; best_tax_advantage: 0.0; random_action_prob: 0.1553
make_subcorporation -0.009939024390243903 164
transfer_cash 0.0 35
contribute_for_stock 0.0 57
update_start: 96; random_action_prob: 0.1545
update_complete: 96; loss: 0.01162335897485415; cumulative_reward: -1.5700000000000012; invalid_count: 0; positive_reward_count: 0; success_count: 0; episode_count: 0; random_exploration_count: 46; avg_entropy: 1.1974; best_tax_advantage: 0.0; random_action_prob: 0.1545
make_subcorporation -0.009935483870967743 155
transfer_cash -0.0004878048780487805 41
contribute_for_stock -0.00016666666666666666 60
update_start: 97; random_action_prob: 0.1537
update_complete: 97; loss: -0.020062660177548725; cumulative_reward: -1.5900000000000012; invalid_count: 0; positive_reward_count: 0; success_count: 0; episode_count: 0; random_exploration_count: 39; avg_entropy: 1.1811; best_tax_advantage: 0.0; random_action_prob: 0.1537
make_subcorporation -0.01 159
transfer_cash 0.0 33
contribute_for_stock 0.0 64
update_start: 98; random_action_prob: 0.1530
update_complete: 98; loss: 0.040698191771904625; cumulative_reward: -0.6700000000000009; invalid_count: 0; positive_reward_count: 1; success_count: 1; episode_count: 1; random_exploration_count: 40; avg_entropy: 1.1066; best_tax_advantage: 35.0; random_action_prob: 0.1530
make_subcorporation -0.009940119760479043 167
transfer_cash 0.05210526315789474 19
contribute_for_stock 0.0 70
update_start: 99; random_action_prob: 0.1522
update_complete: 99; loss: 0.041614061842362084; cumulative_reward: 0.22999999999999846; invalid_count: 0; positive_reward_count: 2; success_count: 2; episode_count: 2; random_exploration_count: 36; avg_entropy: 1.0162; best_tax_advantage: 35.0; random_action_prob: 0.1522
make_subcorporation -0.009832402234636871 179
transfer_cash 0.13266666666666665 15
contribute_for_stock 0.0 62
update_start: 100; random_action_prob: 0.1514
update_complete: 100; loss: -0.02177213380734126; cumulative_reward: -1.8000000000000014; invalid_count: 0; positive_reward_count: 0; success_count: 0; episode_count: 0; random_exploration_count: 48; avg_entropy: 0.9835; best_tax_advantage: 0.0; random_action_prob: 0.1514
make_subcorporation -0.01 180
transfer_cash 0.0 17
contribute_for_stock 0.0 59
update_start: 101; random_action_prob: 0.1507
update_complete: 101; loss: 0.0656319186091423; cumulative_reward: -1.8100000000000014; invalid_count: 0; positive_reward_count: 0; success_count: 0; episode_count: 0; random_exploration_count: 50; avg_entropy: 0.9249; best_tax_advantage: 0.0; random_action_prob: 0.1507
make_subcorporation -0.01 180
transfer_cash -0.0007692307692307692 13
contribute_for_stock 0.0 63
update_start: 102; random_action_prob: 0.1499
update_complete: 102; loss: 0.20298141737778982; cumulative_reward: -1.8000000000000014; invalid_count: 0; positive_reward_count: 0; success_count: 0; episode_count: 0; random_exploration_count: 43; avg_entropy: 0.9535; best_tax_advantage: 0.0; random_action_prob: 0.1499
make_subcorporation -0.00994475138121547 181
transfer_cash 0.0 11
contribute_for_stock 0.0 64
update_start: 103; random_action_prob: 0.1492
update_complete: 103; loss: 0.05701326330502828; cumulative_reward: -1.6900000000000013; invalid_count: 0; positive_reward_count: 0; success_count: 0; episode_count: 0; random_exploration_count: 49; avg_entropy: 1.0504; best_tax_advantage: 0.0; random_action_prob: 0.1492
make_subcorporation -0.009941176470588235 170
transfer_cash 0.0 38
contribute_for_stock 0.0 48
update_start: 104; random_action_prob: 0.1484
update_complete: 104; loss: 0.011004933466513952; cumulative_reward: -0.6600000000000011; invalid_count: 0; positive_reward_count: 2; success_count: 1; episode_count: 1; random_exploration_count: 35; avg_entropy: 1.1903; best_tax_advantage: 35.0; random_action_prob: 0.1484
make_subcorporation -0.00993975903614458 166
transfer_cash 0.02631578947368421 38
contribute_for_stock -0.0001923076923076923 52
update_start: 105; random_action_prob: 0.1477
update_complete: 105; loss: -0.004509173333644867; cumulative_reward: -1.5700000000000012; invalid_count: 0; positive_reward_count: 0; success_count: 0; episode_count: 0; random_exploration_count: 29; avg_entropy: 1.1672; best_tax_advantage: 0.0; random_action_prob: 0.1477
make_subcorporation -0.009936305732484076 157
transfer_cash -0.00016129032258064516 62
contribute_for_stock 0.0 37
update_start: 106; random_action_prob: 0.1470
update_complete: 106; loss: -0.04004913133879503; cumulative_reward: -1.5900000000000012; invalid_count: 0; positive_reward_count: 0; success_count: 0; episode_count: 0; random_exploration_count: 36; avg_entropy: 1.1690; best_tax_advantage: 0.0; random_action_prob: 0.1470
make_subcorporation -0.01 159
transfer_cash 0.0 72
contribute_for_stock 0.0 25
update_start: 107; random_action_prob: 0.1462
update_complete: 107; loss: -0.003700332095225652; cumulative_reward: -1.470000000000001; invalid_count: 0; positive_reward_count: 0; success_count: 0; episode_count: 0; random_exploration_count: 26; avg_entropy: 1.1336; best_tax_advantage: 0.0; random_action_prob: 0.1462
make_subcorporation -0.01 147
transfer_cash 0.0 64
contribute_for_stock 0.0 45
update_start: 108; random_action_prob: 0.1455
update_complete: 108; loss: 0.0006527962783972422; cumulative_reward: -0.45000000000000107; invalid_count: 0; positive_reward_count: 2; success_count: 1; episode_count: 1; random_exploration_count: 39; avg_entropy: 1.1381; best_tax_advantage: 35.0; random_action_prob: 0.1455
make_subcorporation -0.00993103448275862 145
transfer_cash 0.01767857142857143 56
contribute_for_stock 0.0 55
update_start: 109; random_action_prob: 0.1448
update_complete: 109; loss: 0.042811876783768334; cumulative_reward: -1.6200000000000012; invalid_count: 0; positive_reward_count: 0; success_count: 0; episode_count: 0; random_exploration_count: 36; avg_entropy: 0.9750; best_tax_advantage: 0.0; random_action_prob: 0.1448
make_subcorporation -0.01 162
transfer_cash 0.0 49
contribute_for_stock 0.0 45
update_start: 110; random_action_prob: 0.1440
update_complete: 110; loss: 0.014411259442567825; cumulative_reward: -1.6900000000000013; invalid_count: 0; positive_reward_count: 0; success_count: 0; episode_count: 0; random_exploration_count: 36; avg_entropy: 0.8694; best_tax_advantage: 0.0; random_action_prob: 0.1440
make_subcorporation -0.009941176470588235 170
transfer_cash 0.0 51
contribute_for_stock 0.0 35
update_start: 111; random_action_prob: 0.1433
update_complete: 111; loss: 0.003999384740988414; cumulative_reward: -1.6800000000000013; invalid_count: 0; positive_reward_count: 0; success_count: 0; episode_count: 0; random_exploration_count: 25; avg_entropy: 0.8484; best_tax_advantage: 0.0; random_action_prob: 0.1433
make_subcorporation -0.01 168
transfer_cash 0.0 50
contribute_for_stock 0.0 38
update_start: 112; random_action_prob: 0.1426
update_complete: 112; loss: 0.04135419304172198; cumulative_reward: -1.6500000000000012; invalid_count: 0; positive_reward_count: 0; success_count: 0; episode_count: 0; random_exploration_count: 32; avg_entropy: 0.8936; best_tax_advantage: 0.0; random_action_prob: 0.1426
make_subcorporation -0.01 165
transfer_cash 0.0 57
contribute_for_stock 0.0 34
update_start: 113; random_action_prob: 0.1419
update_complete: 113; loss: 0.05390353004137675; cumulative_reward: -1.6200000000000012; invalid_count: 0; positive_reward_count: 0; success_count: 0; episode_count: 0; random_exploration_count: 40; avg_entropy: 0.8902; best_tax_advantage: 0.0; random_action_prob: 0.1419
make_subcorporation -0.01 162
transfer_cash 0.0 44
contribute_for_stock 0.0 50
update_start: 114; random_action_prob: 0.1412
update_complete: 114; loss: 0.06167757138609886; cumulative_reward: -1.6400000000000012; invalid_count: 0; positive_reward_count: 0; success_count: 0; episode_count: 0; random_exploration_count: 39; avg_entropy: 0.9507; best_tax_advantage: 0.0; random_action_prob: 0.1412
make_subcorporation -0.009939024390243903 164
transfer_cash -0.0002564102564102564 39
contribute_for_stock 0.0 53
update_start: 115; random_action_prob: 0.1405
update_complete: 115; loss: 0.09234523276487987; cumulative_reward: -0.5800000000000011; invalid_count: 0; positive_reward_count: 1; success_count: 1; episode_count: 1; random_exploration_count: 38; avg_entropy: 0.9677; best_tax_advantage: 35.0; random_action_prob: 0.1405
make_subcorporation -0.009936305732484076 157
transfer_cash 0.028285714285714286 35
contribute_for_stock -0.00015625 64
update_start: 116; random_action_prob: 0.1398
update_complete: 116; loss: 0.0597862017651399; cumulative_reward: -0.5200000000000008; invalid_count: 0; positive_reward_count: 2; success_count: 1; episode_count: 1; random_exploration_count: 44; avg_entropy: 0.9679; best_tax_advantage: 35.0; random_action_prob: 0.1398
make_subcorporation -0.009933774834437087 151
transfer_cash 0.024146341463414635 41
contribute_for_stock -0.00015625 64
update_start: 117; random_action_prob: 0.1391
update_complete: 117; loss: 0.0276578888297081; cumulative_reward: -1.380000000000001; invalid_count: 0; positive_reward_count: 0; success_count: 0; episode_count: 1; random_exploration_count: 29; avg_entropy: 0.9327; best_tax_advantage: 0.0; random_action_prob: 0.1391
make_subcorporation -0.009927007299270074 137
transfer_cash -0.00036363636363636367 55
contribute_for_stock 0.0 64
update_start: 118; random_action_prob: 0.1384
update_complete: 118; loss: -0.012192484612266222; cumulative_reward: -1.380000000000001; invalid_count: 0; positive_reward_count: 0; success_count: 0; episode_count: 0; random_exploration_count: 33; avg_entropy: 0.8933; best_tax_advantage: 0.0; random_action_prob: 0.1384
make_subcorporation -0.01 138
transfer_cash 0.0 57
contribute_for_stock 0.0 61
update_start: 119; random_action_prob: 0.1377
update_complete: 119; loss: 0.031631688276926674; cumulative_reward: -0.41000000000000086; invalid_count: 0; positive_reward_count: 2; success_count: 1; episode_count: 1; random_exploration_count: 38; avg_entropy: 0.9218; best_tax_advantage: 35.0; random_action_prob: 0.1377
make_subcorporation -0.009860139860139859 143
transfer_cash 0.015625 64
contribute_for_stock 0.0 49
update_start: 120; random_action_prob: 0.1370
update_complete: 120; loss: -0.013112355023622513; cumulative_reward: -1.480000000000001; invalid_count: 0; positive_reward_count: 0; success_count: 0; episode_count: 0; random_exploration_count: 33; avg_entropy: 1.0133; best_tax_advantage: 0.0; random_action_prob: 0.1370
make_subcorporation -0.01 144
transfer_cash -0.0004 50
contribute_for_stock -0.0003225806451612903 62
update_start: 121; random_action_prob: 0.1363
update_complete: 121; loss: 0.03102234999338786; cumulative_reward: -1.410000000000001; invalid_count: 0; positive_reward_count: 0; success_count: 0; episode_count: 0; random_exploration_count: 38; avg_entropy: 0.9993; best_tax_advantage: 0.0; random_action_prob: 0.1363
make_subcorporation -0.01 141
transfer_cash 0.0 62
contribute_for_stock 0.0 53
update_start: 122; random_action_prob: 0.1356
update_complete: 122; loss: 0.005658416698376338; cumulative_reward: -1.410000000000001; invalid_count: 0; positive_reward_count: 0; success_count: 0; episode_count: 0; random_exploration_count: 36; avg_entropy: 0.9830; best_tax_advantage: 0.0; random_action_prob: 0.1356
make_subcorporation -0.009929577464788732 142
transfer_cash 0.0 60
contribute_for_stock 0.0 54
update_start: 123; random_action_prob: 0.1350
update_complete: 123; loss: 0.035183324168125786; cumulative_reward: -1.380000000000001; invalid_count: 0; positive_reward_count: 0; success_count: 0; episode_count: 0; random_exploration_count: 39; avg_entropy: 1.0222; best_tax_advantage: 0.0; random_action_prob: 0.1350
make_subcorporation -0.01 135
transfer_cash -0.0004918032786885246 61
contribute_for_stock 0.0 60
update_start: 124; random_action_prob: 0.1343
update_complete: 124; loss: 0.016506352772315342; cumulative_reward: -1.5400000000000011; invalid_count: 0; positive_reward_count: 0; success_count: 0; episode_count: 0; random_exploration_count: 28; avg_entropy: 0.9616; best_tax_advantage: 0.0; random_action_prob: 0.1343
make_subcorporation -0.009935483870967743 155
transfer_cash 0.0 67
contribute_for_stock 0.0 34
update_start: 125; random_action_prob: 0.1336
update_complete: 125; loss: 0.010083588461081186; cumulative_reward: -1.5700000000000012; invalid_count: 0; positive_reward_count: 0; success_count: 0; episode_count: 2; random_exploration_count: 45; avg_entropy: 0.9838; best_tax_advantage: 0.0; random_action_prob: 0.1336
make_subcorporation -0.009936708860759494 158
transfer_cash 0.0 53
contribute_for_stock 0.0 45
update_start: 126; random_action_prob: 0.1329
update_complete: 126; loss: 0.034636526058117546; cumulative_reward: -1.6200000000000012; invalid_count: 0; positive_reward_count: 0; success_count: 0; episode_count: 0; random_exploration_count: 38; avg_entropy: 0.9074; best_tax_advantage: 0.0; random_action_prob: 0.1329
make_subcorporation -0.01 162
transfer_cash 0.0 57
contribute_for_stock 0.0 37
update_start: 127; random_action_prob: 0.1323
update_complete: 127; loss: 0.021641458074251812; cumulative_reward: -1.6500000000000012; invalid_count: 0; positive_reward_count: 0; success_count: 0; episode_count: 0; random_exploration_count: 29; avg_entropy: 0.8874; best_tax_advantage: 0.0; random_action_prob: 0.1323
make_subcorporation -0.01 165
transfer_cash 0.0 69
contribute_for_stock 0.0 22
update_start: 128; random_action_prob: 0.1316
update_complete: 128; loss: 0.009474216649929682; cumulative_reward: -1.5600000000000012; invalid_count: 0; positive_reward_count: 0; success_count: 0; episode_count: 0; random_exploration_count: 40; avg_entropy: 0.9201; best_tax_advantage: 0.0; random_action_prob: 0.1316
make_subcorporation -0.009936305732484076 157
transfer_cash 0.0 50
contribute_for_stock 0.0 49
update_start: 129; random_action_prob: 0.1310
update_complete: 129; loss: 0.004682369530200958; cumulative_reward: -1.500000000000001; invalid_count: 0; positive_reward_count: 0; success_count: 0; episode_count: 0; random_exploration_count: 37; avg_entropy: 0.9599; best_tax_advantage: 0.0; random_action_prob: 0.1310
make_subcorporation -0.01 150
transfer_cash 0.0 52
contribute_for_stock 0.0 54
update_start: 130; random_action_prob: 0.1303
update_complete: 130; loss: 0.015013149629036585; cumulative_reward: -1.7300000000000013; invalid_count: 0; positive_reward_count: 0; success_count: 0; episode_count: 0; random_exploration_count: 31; avg_entropy: 0.9811; best_tax_advantage: 0.0; random_action_prob: 0.1303
make_subcorporation -0.009940828402366864 169
transfer_cash -0.0005357142857142857 56
contribute_for_stock -0.0006451612903225806 31
update_start: 131; random_action_prob: 0.1296
update_complete: 131; loss: 0.07651776820421219; cumulative_reward: -1.7700000000000014; invalid_count: 0; positive_reward_count: 0; success_count: 0; episode_count: 0; random_exploration_count: 37; avg_entropy: 0.8786; best_tax_advantage: 0.0; random_action_prob: 0.1296
make_subcorporation -0.01 177
transfer_cash 0.0 45
contribute_for_stock 0.0 34
update_start: 132; random_action_prob: 0.1290
update_complete: 132; loss: -0.03504203073680401; cumulative_reward: -1.8200000000000014; invalid_count: 0; positive_reward_count: 0; success_count: 0; episode_count: 0; random_exploration_count: 28; avg_entropy: 0.8178; best_tax_advantage: 0.0; random_action_prob: 0.1290
make_subcorporation -0.009945054945054946 182
transfer_cash -0.0001923076923076923 52
contribute_for_stock 0.0 22
update_start: 133; random_action_prob: 0.1284
update_complete: 133; loss: 0.01944962392250697; cumulative_reward: -1.6500000000000012; invalid_count: 0; positive_reward_count: 0; success_count: 0; episode_count: 0; random_exploration_count: 43; avg_entropy: 0.8917; best_tax_advantage: 0.0; random_action_prob: 0.1284
make_subcorporation -0.00993975903614458 166
transfer_cash 0.0 39
contribute_for_stock 0.0 51
update_start: 134; random_action_prob: 0.1277
update_complete: 134; loss: -0.00029551734526952106; cumulative_reward: -0.6800000000000009; invalid_count: 0; positive_reward_count: 1; success_count: 1; episode_count: 1; random_exploration_count: 30; avg_entropy: 0.8793; best_tax_advantage: 35.0; random_action_prob: 0.1277
make_subcorporation -0.009880952380952383 168
transfer_cash 0.039599999999999996 25
contribute_for_stock -0.00015873015873015873 63
update_start: 135; random_action_prob: 0.1271
update_complete: 135; loss: 0.00574108213186264; cumulative_reward: -1.5900000000000012; invalid_count: 0; positive_reward_count: 0; success_count: 0; episode_count: 0; random_exploration_count: 28; avg_entropy: 0.8542; best_tax_advantage: 0.0; random_action_prob: 0.1271
make_subcorporation -0.01 159
transfer_cash 0.0 18
contribute_for_stock 0.0 79
update_start: 136; random_action_prob: 0.1264
update_complete: 136; loss: 0.023201268166303635; cumulative_reward: -1.5700000000000012; invalid_count: 0; positive_reward_count: 0; success_count: 0; episode_count: 0; random_exploration_count: 27; avg_entropy: 0.8115; best_tax_advantage: 0.0; random_action_prob: 0.1264
make_subcorporation -0.009936708860759494 158
transfer_cash 0.0 15
contribute_for_stock 0.0 83
update_start: 137; random_action_prob: 0.1258
update_complete: 137; loss: 0.04023835062980652; cumulative_reward: -1.5100000000000011; invalid_count: 0; positive_reward_count: 0; success_count: 0; episode_count: 0; random_exploration_count: 36; avg_entropy: 0.9204; best_tax_advantage: 0.0; random_action_prob: 0.1258
make_subcorporation -0.009933774834437087 151
transfer_cash -0.0004347826086956522 23
contribute_for_stock 0.0 82
update_start: 138; random_action_prob: 0.1252
update_complete: 138; loss: -3.7750850121180214e-05; cumulative_reward: -1.5400000000000011; invalid_count: 0; positive_reward_count: 0; success_count: 0; episode_count: 0; random_exploration_count: 35; avg_entropy: 1.0153; best_tax_advantage: 0.0; random_action_prob: 0.1252
make_subcorporation -0.009935064935064936 154
transfer_cash 0.0 25
contribute_for_stock -0.00012987012987012987 77
update_start: 139; random_action_prob: 0.1246
update_complete: 139; loss: -0.008733077595631281; cumulative_reward: -0.3900000000000005; invalid_count: 0; positive_reward_count: 2; success_count: 1; episode_count: 1; random_exploration_count: 32; avg_entropy: 1.0037; best_tax_advantage: 35.0; random_action_prob: 0.1246
make_subcorporation -0.009858156028368795 141
transfer_cash 0.020833333333333332 48
contribute_for_stock 0.0 67
update_start: 140; random_action_prob: 0.1239
update_complete: 140; loss: -0.0033182638386885324; cumulative_reward: -1.500000000000001; invalid_count: 0; positive_reward_count: 0; success_count: 0; episode_count: 0; random_exploration_count: 30; avg_entropy: 0.9192; best_tax_advantage: 0.0; random_action_prob: 0.1239
make_subcorporation -0.01 150
transfer_cash 0.0 22
contribute_for_stock 0.0 84
update_start: 141; random_action_prob: 0.1233
update_complete: 141; loss: 0.04497442953288555; cumulative_reward: -1.430000000000001; invalid_count: 0; positive_reward_count: 0; success_count: 0; episode_count: 0; random_exploration_count: 36; avg_entropy: 0.9552; best_tax_advantage: 0.0; random_action_prob: 0.1233
make_subcorporation -0.009930069930069929 143
transfer_cash -0.0004 25
contribute_for_stock 0.0 88
update_start: 142; random_action_prob: 0.1227
update_complete: 142; loss: -0.007551773140827815; cumulative_reward: -1.360000000000001; invalid_count: 0; positive_reward_count: 0; success_count: 0; episode_count: 0; random_exploration_count: 24; avg_entropy: 0.9192; best_tax_advantage: 0.0; random_action_prob: 0.1227
make_subcorporation -0.01 135
transfer_cash -0.0003846153846153846 26
contribute_for_stock 0.0 95
update_start: 143; random_action_prob: 0.1221
update_complete: 143; loss: -0.028507572909196217; cumulative_reward: -1.410000000000001; invalid_count: 0; positive_reward_count: 0; success_count: 0; episode_count: 0; random_exploration_count: 26; avg_entropy: 0.9733; best_tax_advantage: 0.0; random_action_prob: 0.1221
make_subcorporation -0.01 141
transfer_cash 0.0 23
contribute_for_stock 0.0 92
update_start: 144; random_action_prob: 0.1215
update_complete: 144; loss: 0.005491126328706741; cumulative_reward: -1.350000000000001; invalid_count: 0; positive_reward_count: 0; success_count: 0; episode_count: 0; random_exploration_count: 27; avg_entropy: 1.0591; best_tax_advantage: 0.0; random_action_prob: 0.1215
make_subcorporation -0.009926470588235295 136
transfer_cash 0.0 49
contribute_for_stock 0.0 71
update_start: 145; random_action_prob: 0.1209
update_complete: 145; loss: -0.02321605384349823; cumulative_reward: -1.390000000000001; invalid_count: 0; positive_reward_count: 0; success_count: 0; episode_count: 0; random_exploration_count: 29; avg_entropy: 1.1055; best_tax_advantage: 0.0; random_action_prob: 0.1209
make_subcorporation -0.009928571428571429 140
transfer_cash 0.0 72
contribute_for_stock 0.0 44
update_start: 146; random_action_prob: 0.1203
update_complete: 146; loss: 0.058348738898833595; cumulative_reward: -1.450000000000001; invalid_count: 0; positive_reward_count: 0; success_count: 0; episode_count: 0; random_exploration_count: 37; avg_entropy: 1.0830; best_tax_advantage: 0.0; random_action_prob: 0.1203
make_subcorporation -0.009931506849315068 146
transfer_cash 0.0 69
contribute_for_stock 0.0 41
update_start: 147; random_action_prob: 0.1197
update_complete: 147; loss: 0.010385900735855103; cumulative_reward: -1.410000000000001; invalid_count: 0; positive_reward_count: 0; success_count: 0; episode_count: 0; random_exploration_count: 31; avg_entropy: 1.0636; best_tax_advantage: 0.0; random_action_prob: 0.1197
make_subcorporation -0.01 141
transfer_cash 0.0 83
contribute_for_stock 0.0 32
update_start: 148; random_action_prob: 0.1191
update_complete: 148; loss: -0.03960460424423218; cumulative_reward: -1.440000000000001; invalid_count: 0; positive_reward_count: 0; success_count: 0; episode_count: 0; random_exploration_count: 26; avg_entropy: 1.0840; best_tax_advantage: 0.0; random_action_prob: 0.1191
make_subcorporation -0.01 144
transfer_cash 0.0 81
contribute_for_stock 0.0 31
update_start: 149; random_action_prob: 0.1185
update_complete: 149; loss: -0.0457894466817379; cumulative_reward: -1.400000000000001; invalid_count: 0; positive_reward_count: 0; success_count: 0; episode_count: 0; random_exploration_count: 40; avg_entropy: 1.1322; best_tax_advantage: 0.0; random_action_prob: 0.1185
make_subcorporation -0.01 138
transfer_cash -0.00010869565217391305 92
contribute_for_stock -0.0003846153846153846 26
update_start: 150; random_action_prob: 0.1179
update_complete: 150; loss: -0.04139753803610802; cumulative_reward: -1.380000000000001; invalid_count: 0; positive_reward_count: 0; success_count: 0; episode_count: 0; random_exploration_count: 27; avg_entropy: 1.1508; best_tax_advantage: 0.0; random_action_prob: 0.1179
make_subcorporation -0.01 138
transfer_cash 0.0 84
contribute_for_stock 0.0 34
update_start: 151; random_action_prob: 0.1173
update_complete: 151; loss: 0.019476059824228287; cumulative_reward: -1.420000000000001; invalid_count: 0; positive_reward_count: 0; success_count: 0; episode_count: 0; random_exploration_count: 37; avg_entropy: 1.1211; best_tax_advantage: 0.0; random_action_prob: 0.1173
make_subcorporation -0.009929577464788732 142
transfer_cash -0.00010204081632653062 98
contribute_for_stock 0.0 16
update_start: 152; random_action_prob: 0.1167
update_complete: 152; loss: -0.002636019761363665; cumulative_reward: -1.440000000000001; invalid_count: 0; positive_reward_count: 0; success_count: 0; episode_count: 0; random_exploration_count: 30; avg_entropy: 1.1767; best_tax_advantage: 0.0; random_action_prob: 0.1167
make_subcorporation -0.01 144
transfer_cash 0.0 63
contribute_for_stock 0.0 49
update_start: 153; random_action_prob: 0.1161
update_complete: 153; loss: -0.04341651375095049; cumulative_reward: -1.470000000000001; invalid_count: 0; positive_reward_count: 0; success_count: 0; episode_count: 0; random_exploration_count: 38; avg_entropy: 1.1690; best_tax_advantage: 0.0; random_action_prob: 0.1161
make_subcorporation -0.009929577464788732 142
transfer_cash -0.0010526315789473684 38
contribute_for_stock -0.0002631578947368421 76
update_start: 154; random_action_prob: 0.1155
update_complete: 154; loss: -0.04605759680271149; cumulative_reward: -1.370000000000001; invalid_count: 0; positive_reward_count: 0; success_count: 0; episode_count: 0; random_exploration_count: 32; avg_entropy: 1.1430; best_tax_advantage: 0.0; random_action_prob: 0.1155
make_subcorporation -0.009926470588235295 136
transfer_cash -0.000625 32
contribute_for_stock 0.0 88
update_start: 155; random_action_prob: 0.1150
update_complete: 155; loss: -0.04156364624698957; cumulative_reward: -1.360000000000001; invalid_count: 0; positive_reward_count: 0; success_count: 0; episode_count: 0; random_exploration_count: 30; avg_entropy: 1.1493; best_tax_advantage: 0.0; random_action_prob: 0.1150
make_subcorporation -0.01 135
transfer_cash -0.0003333333333333333 30
contribute_for_stock 0.0 91
update_start: 156; random_action_prob: 0.1144
update_complete: 156; loss: -0.020898176357150078; cumulative_reward: -1.300000000000001; invalid_count: 0; positive_reward_count: 0; success_count: 0; episode_count: 0; random_exploration_count: 40; avg_entropy: 1.1309; best_tax_advantage: 0.0; random_action_prob: 0.1144
make_subcorporation -0.009923664122137405 131
transfer_cash 0.0 44
contribute_for_stock 0.0 81
update_start: 157; random_action_prob: 0.1138
update_complete: 157; loss: 0.014516173551479975; cumulative_reward: -1.320000000000001; invalid_count: 0; positive_reward_count: 0; success_count: 0; episode_count: 0; random_exploration_count: 28; avg_entropy: 1.1999; best_tax_advantage: 0.0; random_action_prob: 0.1138
make_subcorporation -0.01 132
transfer_cash 0.0 59
contribute_for_stock 0.0 65
update_start: 158; random_action_prob: 0.1132
update_complete: 158; loss: -0.011573705822229385; cumulative_reward: -1.2300000000000009; invalid_count: 0; positive_reward_count: 0; success_count: 0; episode_count: 0; random_exploration_count: 32; avg_entropy: 1.1228; best_tax_advantage: 0.0; random_action_prob: 0.1132
make_subcorporation -0.01 123
transfer_cash 0.0 77
contribute_for_stock 0.0 56
update_start: 159; random_action_prob: 0.1127
update_complete: 159; loss: -0.015057327846686045; cumulative_reward: -1.2400000000000009; invalid_count: 0; positive_reward_count: 0; success_count: 0; episode_count: 0; random_exploration_count: 32; avg_entropy: 1.1075; best_tax_advantage: 0.0; random_action_prob: 0.1127
make_subcorporation -0.01 120
transfer_cash -0.00044943820224719103 89
contribute_for_stock 0.0 47
update_start: 160; random_action_prob: 0.1121
update_complete: 160; loss: -0.007433585822582245; cumulative_reward: -1.260000000000001; invalid_count: 0; positive_reward_count: 0; success_count: 0; episode_count: 0; random_exploration_count: 35; avg_entropy: 1.1230; best_tax_advantage: 0.0; random_action_prob: 0.1121
make_subcorporation -0.01 126
transfer_cash 0.0 68
contribute_for_stock 0.0 62
update_start: 161; random_action_prob: 0.1115
update_complete: 161; loss: -0.02600592498977979; cumulative_reward: -1.2000000000000008; invalid_count: 0; positive_reward_count: 0; success_count: 0; episode_count: 0; random_exploration_count: 29; avg_entropy: 1.0819; best_tax_advantage: 0.0; random_action_prob: 0.1115
make_subcorporation -0.009915966386554622 119
transfer_cash -0.0002469135802469136 81
contribute_for_stock 0.0 56
update_start: 162; random_action_prob: 0.1110
update_complete: 162; loss: -0.022821225846807163; cumulative_reward: -1.280000000000001; invalid_count: 0; positive_reward_count: 0; success_count: 0; episode_count: 0; random_exploration_count: 35; avg_entropy: 1.1647; best_tax_advantage: 0.0; random_action_prob: 0.1110
make_subcorporation -0.009921259842519686 127
transfer_cash -0.00028169014084507044 71
contribute_for_stock 0.0 58
update_start: 163; random_action_prob: 0.1104
update_complete: 163; loss: -0.02305797611673673; cumulative_reward: -1.290000000000001; invalid_count: 0; positive_reward_count: 0; success_count: 0; episode_count: 0; random_exploration_count: 29; avg_entropy: 1.1019; best_tax_advantage: 0.0; random_action_prob: 0.1104
make_subcorporation -0.01 129
transfer_cash 0.0 83
contribute_for_stock 0.0 44
update_start: 164; random_action_prob: 0.1099
update_complete: 164; loss: -0.040750363220771156; cumulative_reward: -1.320000000000001; invalid_count: 0; positive_reward_count: 0; success_count: 0; episode_count: 0; random_exploration_count: 19; avg_entropy: 1.1110; best_tax_advantage: 0.0; random_action_prob: 0.1099
make_subcorporation -0.01 132
transfer_cash 0.0 76
contribute_for_stock 0.0 48
update_start: 165; random_action_prob: 0.1093
update_complete: 165; loss: 0.0009964536875486374; cumulative_reward: -1.290000000000001; invalid_count: 0; positive_reward_count: 0; success_count: 0; episode_count: 0; random_exploration_count: 36; avg_entropy: 1.0537; best_tax_advantage: 0.0; random_action_prob: 0.1093
make_subcorporation -0.01 129
transfer_cash 0.0 101
contribute_for_stock 0.0 26
update_start: 166; random_action_prob: 0.1088
update_complete: 166; loss: -0.03005995663503806; cumulative_reward: -1.320000000000001; invalid_count: 0; positive_reward_count: 0; success_count: 0; episode_count: 0; random_exploration_count: 22; avg_entropy: 0.9634; best_tax_advantage: 0.0; random_action_prob: 0.1088
make_subcorporation -0.01 132
transfer_cash 0.0 107
contribute_for_stock 0.0 17
update_start: 167; random_action_prob: 0.1082
update_complete: 167; loss: 0.005448492864767711; cumulative_reward: -1.340000000000001; invalid_count: 0; positive_reward_count: 0; success_count: 0; episode_count: 0; random_exploration_count: 27; avg_entropy: 1.0640; best_tax_advantage: 0.0; random_action_prob: 0.1082
make_subcorporation -0.01 132
transfer_cash -0.000196078431372549 102
contribute_for_stock 0.0 22
update_start: 168; random_action_prob: 0.1077
update_complete: 168; loss: -0.025742337107658386; cumulative_reward: -1.320000000000001; invalid_count: 0; positive_reward_count: 0; success_count: 0; episode_count: 0; random_exploration_count: 24; avg_entropy: 1.0376; best_tax_advantage: 0.0; random_action_prob: 0.1077
make_subcorporation -0.01 132
transfer_cash 0.0 88
contribute_for_stock 0.0 36
update_start: 169; random_action_prob: 0.1072
update_complete: 169; loss: -0.048433225601911545; cumulative_reward: -1.320000000000001; invalid_count: 0; positive_reward_count: 0; success_count: 0; episode_count: 0; random_exploration_count: 18; avg_entropy: 1.0683; best_tax_advantage: 0.0; random_action_prob: 0.1072
make_subcorporation -0.01 132
transfer_cash 0.0 97
contribute_for_stock 0.0 27
update_start: 170; random_action_prob: 0.1066
update_complete: 170; loss: -0.040698036551475525; cumulative_reward: -1.290000000000001; invalid_count: 0; positive_reward_count: 0; success_count: 0; episode_count: 0; random_exploration_count: 17; avg_entropy: 1.1156; best_tax_advantage: 0.0; random_action_prob: 0.1066
make_subcorporation -0.01 129
transfer_cash 0.0 68
contribute_for_stock 0.0 59
update_start: 171; random_action_prob: 0.1061
update_complete: 171; loss: -0.03478147213657697; cumulative_reward: -1.260000000000001; invalid_count: 0; positive_reward_count: 0; success_count: 0; episode_count: 0; random_exploration_count: 25; avg_entropy: 1.0894; best_tax_advantage: 0.0; random_action_prob: 0.1061
make_subcorporation -0.009921259842519686 127
transfer_cash 0.0 74
contribute_for_stock 0.0 55
update_start: 172; random_action_prob: 0.1056
update_complete: 172; loss: -0.03971261531114578; cumulative_reward: -1.300000000000001; invalid_count: 0; positive_reward_count: 0; success_count: 0; episode_count: 0; random_exploration_count: 25; avg_entropy: 1.1042; best_tax_advantage: 0.0; random_action_prob: 0.1056
make_subcorporation -0.01 129
transfer_cash -0.0001639344262295082 61
contribute_for_stock 0.0 66
update_start: 173; random_action_prob: 0.1050
update_complete: 173; loss: -0.044105095167954765; cumulative_reward: -1.300000000000001; invalid_count: 0; positive_reward_count: 0; success_count: 0; episode_count: 0; random_exploration_count: 29; avg_entropy: 1.0665; best_tax_advantage: 0.0; random_action_prob: 0.1050
make_subcorporation -0.009923664122137405 131
transfer_cash 0.0 59
contribute_for_stock 0.0 66
update_start: 174; random_action_prob: 0.1045
update_complete: 174; loss: -0.02929264244933923; cumulative_reward: -1.330000000000001; invalid_count: 0; positive_reward_count: 0; success_count: 0; episode_count: 0; random_exploration_count: 26; avg_entropy: 1.0564; best_tax_advantage: 0.0; random_action_prob: 0.1045
make_subcorporation -0.01 132
transfer_cash -0.00011363636363636364 88
contribute_for_stock 0.0 36
update_start: 175; random_action_prob: 0.1040
update_complete: 175; loss: -0.013782243554790815; cumulative_reward: -1.290000000000001; invalid_count: 0; positive_reward_count: 0; success_count: 0; episode_count: 0; random_exploration_count: 24; avg_entropy: 1.0727; best_tax_advantage: 0.0; random_action_prob: 0.1040
make_subcorporation -0.01 129
transfer_cash 0.0 69
contribute_for_stock 0.0 58
update_start: 176; random_action_prob: 0.1035
update_complete: 176; loss: -0.01454765722155571; cumulative_reward: -1.3200000000000007; invalid_count: 0; positive_reward_count: 0; success_count: 0; episode_count: 0; random_exploration_count: 32; avg_entropy: 1.0262; best_tax_advantage: 0.0; random_action_prob: 0.1035
make_subcorporation -0.01 129
transfer_cash -0.00039999999999999996 75
contribute_for_stock 0.0 52
update_start: 177; random_action_prob: 0.1029
update_complete: 177; loss: -0.01591991384824117; cumulative_reward: -1.2000000000000008; invalid_count: 0; positive_reward_count: 0; success_count: 0; episode_count: 0; random_exploration_count: 28; avg_entropy: 1.0085; best_tax_advantage: 0.0; random_action_prob: 0.1029
make_subcorporation -0.01 120
transfer_cash 0.0 74
contribute_for_stock 0.0 62
update_start: 178; random_action_prob: 0.1024
update_complete: 178; loss: -0.037812436620394387; cumulative_reward: -1.2300000000000009; invalid_count: 0; positive_reward_count: 0; success_count: 0; episode_count: 0; random_exploration_count: 30; avg_entropy: 1.0448; best_tax_advantage: 0.0; random_action_prob: 0.1024
make_subcorporation -0.009919354838709678 124
transfer_cash 0.0 66
contribute_for_stock 0.0 66
update_start: 179; random_action_prob: 0.1019
update_complete: 179; loss: -0.0390930138528347; cumulative_reward: -1.2400000000000009; invalid_count: 0; positive_reward_count: 0; success_count: 0; episode_count: 0; random_exploration_count: 23; avg_entropy: 1.0349; best_tax_advantage: 0.0; random_action_prob: 0.1019
make_subcorporation -0.009919354838709678 124
transfer_cash 0.0 64
contribute_for_stock -0.00014705882352941178 68
update_start: 180; random_action_prob: 0.1014
update_complete: 180; loss: -0.03614222692946593; cumulative_reward: -1.2100000000000009; invalid_count: 0; positive_reward_count: 0; success_count: 0; episode_count: 0; random_exploration_count: 20; avg_entropy: 0.9887; best_tax_advantage: 0.0; random_action_prob: 0.1014
make_subcorporation -0.009918032786885246 122
transfer_cash 0.0 59
contribute_for_stock 0.0 75
update_start: 181; random_action_prob: 0.1009
update_complete: 181; loss: -0.019252528126041096; cumulative_reward: -1.260000000000001; invalid_count: 0; positive_reward_count: 0; success_count: 0; episode_count: 0; random_exploration_count: 24; avg_entropy: 0.9886; best_tax_advantage: 0.0; random_action_prob: 0.1009
make_subcorporation -0.01 126
transfer_cash 0.0 57
contribute_for_stock 0.0 73
update_start: 182; random_action_prob: 0.1004
update_complete: 182; loss: -0.014157726739843687; cumulative_reward: -1.2000000000000008; invalid_count: 0; positive_reward_count: 0; success_count: 0; episode_count: 0; random_exploration_count: 20; avg_entropy: 0.9909; best_tax_advantage: 0.0; random_action_prob: 0.1004
make_subcorporation -0.009917355371900825 121
transfer_cash 0.0 71
contribute_for_stock 0.0 64
update_start: 183; random_action_prob: 0.0999
update_complete: 183; loss: -0.02607893819610278; cumulative_reward: -1.2100000000000009; invalid_count: 0; positive_reward_count: 0; success_count: 0; episode_count: 0; random_exploration_count: 27; avg_entropy: 0.9706; best_tax_advantage: 0.0; random_action_prob: 0.0999
make_subcorporation -0.009918032786885246 122
transfer_cash 0.0 42
contribute_for_stock 0.0 92
update_start: 184; random_action_prob: 0.0994
update_complete: 184; loss: -0.02558141201734543; cumulative_reward: -1.2300000000000009; invalid_count: 0; positive_reward_count: 0; success_count: 0; episode_count: 0; random_exploration_count: 29; avg_entropy: 0.9540; best_tax_advantage: 0.0; random_action_prob: 0.0994
make_subcorporation -0.009919354838709678 124
transfer_cash 0.0 36
contribute_for_stock 0.0 96
update_start: 185; random_action_prob: 0.0989
update_complete: 185; loss: -0.022612197945515316; cumulative_reward: -1.1700000000000008; invalid_count: 0; positive_reward_count: 0; success_count: 0; episode_count: 0; random_exploration_count: 18; avg_entropy: 0.9391; best_tax_advantage: 0.0; random_action_prob: 0.0989
make_subcorporation -0.009915254237288135 118
transfer_cash 0.0 66
contribute_for_stock 0.0 72
update_start: 186; random_action_prob: 0.0984
update_complete: 186; loss: 0.053887739777565; cumulative_reward: -1.2200000000000009; invalid_count: 0; positive_reward_count: 0; success_count: 0; episode_count: 0; random_exploration_count: 30; avg_entropy: 0.9444; best_tax_advantage: 0.0; random_action_prob: 0.0984
make_subcorporation -0.01 120
transfer_cash -0.0002666666666666667 75
contribute_for_stock 0.0 61
update_start: 187; random_action_prob: 0.0979
update_complete: 187; loss: -0.01547295848528544; cumulative_reward: -1.1700000000000008; invalid_count: 0; positive_reward_count: 0; success_count: 0; episode_count: 0; random_exploration_count: 25; avg_entropy: 0.9639; best_tax_advantage: 0.0; random_action_prob: 0.0979
make_subcorporation -0.009915254237288135 118
transfer_cash 0.0 80
contribute_for_stock 0.0 58
update_start: 188; random_action_prob: 0.0974
update_complete: 188; loss: -0.04027004912495613; cumulative_reward: -1.1500000000000008; invalid_count: 0; positive_reward_count: 0; success_count: 0; episode_count: 0; random_exploration_count: 18; avg_entropy: 0.9067; best_tax_advantage: 0.0; random_action_prob: 0.0974
make_subcorporation -0.009913793103448277 116
transfer_cash 0.0 109
contribute_for_stock 0.0 31
update_start: 189; random_action_prob: 0.0969
update_complete: 189; loss: -0.018003662427266438; cumulative_reward: -1.2000000000000008; invalid_count: 0; positive_reward_count: 0; success_count: 0; episode_count: 0; random_exploration_count: 23; avg_entropy: 0.9278; best_tax_advantage: 0.0; random_action_prob: 0.0969
make_subcorporation -0.01 120
transfer_cash 0.0 92
contribute_for_stock 0.0 44
update_start: 190; random_action_prob: 0.0965
update_complete: 190; loss: -0.03696894645690918; cumulative_reward: -1.2100000000000009; invalid_count: 0; positive_reward_count: 0; success_count: 0; episode_count: 0; random_exploration_count: 21; avg_entropy: 0.9981; best_tax_advantage: 0.0; random_action_prob: 0.0965
make_subcorporation -0.009918032786885246 122
transfer_cash 0.0 78
contribute_for_stock 0.0 56
update_start: 191; random_action_prob: 0.0960
update_complete: 191; loss: -0.015986209114392597; cumulative_reward: -1.2000000000000008; invalid_count: 0; positive_reward_count: 0; success_count: 0; episode_count: 1; random_exploration_count: 21; avg_entropy: 1.0274; best_tax_advantage: 0.0; random_action_prob: 0.0960
make_subcorporation -0.009917355371900825 121
transfer_cash 0.0 80
contribute_for_stock 0.0 55
update_start: 192; random_action_prob: 0.0955
update_complete: 192; loss: -0.032486086090405784; cumulative_reward: -1.2300000000000009; invalid_count: 0; positive_reward_count: 0; success_count: 0; episode_count: 0; random_exploration_count: 17; avg_entropy: 1.0234; best_tax_advantage: 0.0; random_action_prob: 0.0955
make_subcorporation -0.009919354838709678 124
transfer_cash 0.0 85
contribute_for_stock 0.0 47
update_start: 193; random_action_prob: 0.0950
update_complete: 193; loss: -0.04944569865862528; cumulative_reward: -1.290000000000001; invalid_count: 0; positive_reward_count: 0; success_count: 0; episode_count: 0; random_exploration_count: 19; avg_entropy: 1.0633; best_tax_advantage: 0.0; random_action_prob: 0.0950
make_subcorporation -0.01 129
transfer_cash 0.0 67
contribute_for_stock 0.0 60
update_start: 194; random_action_prob: 0.0945
update_complete: 194; loss: -0.02673478052020073; cumulative_reward: -1.2000000000000008; invalid_count: 0; positive_reward_count: 0; success_count: 0; episode_count: 0; random_exploration_count: 22; avg_entropy: 1.0236; best_tax_advantage: 0.0; random_action_prob: 0.0945
make_subcorporation -0.01 120
transfer_cash 0.0 68
contribute_for_stock 0.0 68
update_start: 195; random_action_prob: 0.0941
update_complete: 195; loss: -0.03818562130133311; cumulative_reward: -1.1800000000000008; invalid_count: 0; positive_reward_count: 0; success_count: 0; episode_count: 0; random_exploration_count: 30; avg_entropy: 0.9913; best_tax_advantage: 0.0; random_action_prob: 0.0941
make_subcorporation -0.01 117
transfer_cash 0.0 93
contribute_for_stock -0.0002173913043478261 46
update_start: 196; random_action_prob: 0.0936
update_complete: 196; loss: -0.0368605541686217; cumulative_reward: -1.1100000000000008; invalid_count: 0; positive_reward_count: 0; success_count: 0; episode_count: 0; random_exploration_count: 16; avg_entropy: 0.9173; best_tax_advantage: 0.0; random_action_prob: 0.0936
make_subcorporation -0.01 111
transfer_cash 0.0 69
contribute_for_stock 0.0 76
update_start: 197; random_action_prob: 0.0931
update_complete: 197; loss: -0.005122962097326915; cumulative_reward: -1.1400000000000008; invalid_count: 0; positive_reward_count: 0; success_count: 0; episode_count: 0; random_exploration_count: 26; avg_entropy: 0.9112; best_tax_advantage: 0.0; random_action_prob: 0.0931
make_subcorporation -0.010000000000000002 114
transfer_cash 0.0 62
contribute_for_stock 0.0 80
update_start: 198; random_action_prob: 0.0927
update_complete: 198; loss: -0.012649870167175928; cumulative_reward: -1.1700000000000008; invalid_count: 0; positive_reward_count: 0; success_count: 0; episode_count: 0; random_exploration_count: 24; avg_entropy: 0.9060; best_tax_advantage: 0.0; random_action_prob: 0.0927
make_subcorporation -0.010000000000000002 114
transfer_cash -0.0001282051282051282 78
contribute_for_stock -0.0003125 64
update_start: 199; random_action_prob: 0.0922
update_complete: 199; loss: -0.02340164470175902; cumulative_reward: -1.1500000000000008; invalid_count: 0; positive_reward_count: 0; success_count: 0; episode_count: 0; random_exploration_count: 26; avg_entropy: 0.9380; best_tax_advantage: 0.0; random_action_prob: 0.0922
make_subcorporation -0.009913793103448277 116
transfer_cash 0.0 66
contribute_for_stock 0.0 74
update_start: 200; random_action_prob: 0.0917
update_complete: 200; loss: -0.0307661189387242; cumulative_reward: -1.1700000000000008; invalid_count: 0; positive_reward_count: 0; success_count: 0; episode_count: 0; random_exploration_count: 19; avg_entropy: 0.8793; best_tax_advantage: 0.0; random_action_prob: 0.0917
make_subcorporation -0.01 117
transfer_cash 0.0 51
contribute_for_stock 0.0 88
update_start: 201; random_action_prob: 0.0913
update_complete: 201; loss: -0.03341232736905416; cumulative_reward: -1.1400000000000008; invalid_count: 0; positive_reward_count: 0; success_count: 0; episode_count: 0; random_exploration_count: 29; avg_entropy: 0.8661; best_tax_advantage: 0.0; random_action_prob: 0.0913
make_subcorporation -0.010000000000000002 114
transfer_cash 0.0 46
contribute_for_stock 0.0 96
update_start: 202; random_action_prob: 0.0908
update_complete: 202; loss: -0.028980399792393047; cumulative_reward: -1.2500000000000009; invalid_count: 0; positive_reward_count: 0; success_count: 0; episode_count: 0; random_exploration_count: 28; avg_entropy: 1.0004; best_tax_advantage: 0.0; random_action_prob: 0.0908
make_subcorporation -0.009918032786885246 122
transfer_cash -0.000425531914893617 47
contribute_for_stock -0.00022988505747126436 87
update_start: 203; random_action_prob: 0.0904
update_complete: 203; loss: -0.035231651117404304; cumulative_reward: -1.2000000000000008; invalid_count: 0; positive_reward_count: 0; success_count: 0; episode_count: 0; random_exploration_count: 25; avg_entropy: 1.0447; best_tax_advantage: 0.0; random_action_prob: 0.0904
make_subcorporation -0.01 120
transfer_cash 0.0 62
contribute_for_stock 0.0 74
update_start: 204; random_action_prob: 0.0899
update_complete: 204; loss: -0.036809335152308144; cumulative_reward: -1.2300000000000009; invalid_count: 0; positive_reward_count: 0; success_count: 0; episode_count: 0; random_exploration_count: 24; avg_entropy: 1.0016; best_tax_advantage: 0.0; random_action_prob: 0.0899
make_subcorporation -0.01 123
transfer_cash 0.0 65
contribute_for_stock 0.0 68
update_start: 205; random_action_prob: 0.0895
update_complete: 205; loss: -0.03202868501345316; cumulative_reward: -1.1700000000000008; invalid_count: 0; positive_reward_count: 0; success_count: 0; episode_count: 0; random_exploration_count: 26; avg_entropy: 0.9786; best_tax_advantage: 0.0; random_action_prob: 0.0895
make_subcorporation -0.01 117
transfer_cash 0.0 65
contribute_for_stock 0.0 74
update_start: 206; random_action_prob: 0.0890
update_complete: 206; loss: -0.006553708265225093; cumulative_reward: -1.2300000000000009; invalid_count: 0; positive_reward_count: 0; success_count: 0; episode_count: 0; random_exploration_count: 33; avg_entropy: 0.9584; best_tax_advantage: 0.0; random_action_prob: 0.0890
make_subcorporation -0.01 123
transfer_cash 0.0 58
contribute_for_stock 0.0 75
update_start: 207; random_action_prob: 0.0886
update_complete: 207; loss: -0.043471345057090126; cumulative_reward: -1.2200000000000009; invalid_count: 0; positive_reward_count: 0; success_count: 0; episode_count: 0; random_exploration_count: 22; avg_entropy: 0.9584; best_tax_advantage: 0.0; random_action_prob: 0.0886
make_subcorporation -0.01 117
transfer_cash -0.0005769230769230769 52
contribute_for_stock -0.00022988505747126436 87
update_start: 208; random_action_prob: 0.0881
update_complete: 208; loss: -0.013107266277074814; cumulative_reward: -1.2000000000000008; invalid_count: 0; positive_reward_count: 0; success_count: 0; episode_count: 0; random_exploration_count: 19; avg_entropy: 0.9869; best_tax_advantage: 0.0; random_action_prob: 0.0881
make_subcorporation -0.01 120
transfer_cash 0.0 68
contribute_for_stock 0.0 68
update_start: 209; random_action_prob: 0.0877
update_complete: 209; loss: 0.009284574538469315; cumulative_reward: -1.2300000000000009; invalid_count: 0; positive_reward_count: 0; success_count: 0; episode_count: 0; random_exploration_count: 28; avg_entropy: 1.0478; best_tax_advantage: 0.0; random_action_prob: 0.0877
make_subcorporation -0.01 123
transfer_cash 0.0 66
contribute_for_stock 0.0 67
update_start: 210; random_action_prob: 0.0873
update_complete: 210; loss: -0.030345305800437927; cumulative_reward: -1.260000000000001; invalid_count: 0; positive_reward_count: 0; success_count: 0; episode_count: 0; random_exploration_count: 19; avg_entropy: 1.0881; best_tax_advantage: 0.0; random_action_prob: 0.0873
make_subcorporation -0.01 126
transfer_cash 0.0 72
contribute_for_stock 0.0 58
update_start: 211; random_action_prob: 0.0868
update_complete: 211; loss: -0.03544512391090393; cumulative_reward: -1.270000000000001; invalid_count: 0; positive_reward_count: 0; success_count: 0; episode_count: 0; random_exploration_count: 25; avg_entropy: 1.1126; best_tax_advantage: 0.0; random_action_prob: 0.0868
make_subcorporation -0.01 126
transfer_cash -0.00012658227848101267 79
contribute_for_stock 0.0 51
update_start: 212; random_action_prob: 0.0864
update_complete: 212; loss: -0.021807387471199036; cumulative_reward: -1.350000000000001; invalid_count: 0; positive_reward_count: 0; success_count: 0; episode_count: 0; random_exploration_count: 30; avg_entropy: 1.0957; best_tax_advantage: 0.0; random_action_prob: 0.0864
make_subcorporation -0.01 135
transfer_cash 0.0 63
contribute_for_stock 0.0 58
update_start: 213; random_action_prob: 0.0860
update_complete: 213; loss: -0.056510294477144875; cumulative_reward: -1.2300000000000009; invalid_count: 0; positive_reward_count: 0; success_count: 0; episode_count: 0; random_exploration_count: 21; avg_entropy: 1.0728; best_tax_advantage: 0.0; random_action_prob: 0.0860
make_subcorporation -0.009919354838709678 124
transfer_cash 0.0 79
contribute_for_stock 0.0 53
update_start: 214; random_action_prob: 0.0855
update_complete: 214; loss: -0.03580676019191742; cumulative_reward: -1.2200000000000009; invalid_count: 0; positive_reward_count: 0; success_count: 0; episode_count: 0; random_exploration_count: 15; avg_entropy: 1.0234; best_tax_advantage: 0.0; random_action_prob: 0.0855
make_subcorporation -0.01 120
transfer_cash -0.00022988505747126436 87
contribute_for_stock 0.0 49
update_start: 215; random_action_prob: 0.0851
update_complete: 215; loss: 0.027285989373922348; cumulative_reward: -1.2000000000000008; invalid_count: 0; positive_reward_count: 0; success_count: 0; episode_count: 0; random_exploration_count: 28; avg_entropy: 1.0325; best_tax_advantage: 0.0; random_action_prob: 0.0851
make_subcorporation -0.01 120
transfer_cash 0.0 78
contribute_for_stock 0.0 58
update_start: 216; random_action_prob: 0.0847
update_complete: 216; loss: -0.05131959915161133; cumulative_reward: -1.2300000000000009; invalid_count: 0; positive_reward_count: 0; success_count: 0; episode_count: 0; random_exploration_count: 28; avg_entropy: 1.0871; best_tax_advantage: 0.0; random_action_prob: 0.0847
make_subcorporation -0.01 123
transfer_cash 0.0 72
contribute_for_stock 0.0 61
update_start: 217; random_action_prob: 0.0842
update_complete: 217; loss: -0.015094250440597534; cumulative_reward: -1.270000000000001; invalid_count: 0; positive_reward_count: 0; success_count: 0; episode_count: 0; random_exploration_count: 28; avg_entropy: 1.1060; best_tax_advantage: 0.0; random_action_prob: 0.0842
make_subcorporation -0.01 126
transfer_cash -0.0001234567901234568 81
contribute_for_stock 0.0 49
update_start: 218; random_action_prob: 0.0838
update_complete: 218; loss: -0.011523680140574774; cumulative_reward: -1.260000000000001; invalid_count: 0; positive_reward_count: 0; success_count: 0; episode_count: 0; random_exploration_count: 24; avg_entropy: 1.0458; best_tax_advantage: 0.0; random_action_prob: 0.0838
make_subcorporation -0.01 126
transfer_cash 0.0 76
contribute_for_stock 0.0 54
update_start: 219; random_action_prob: 0.0834
update_complete: 219; loss: -0.02322194166481495; cumulative_reward: -0.29000000000000065; invalid_count: 0; positive_reward_count: 2; success_count: 1; episode_count: 1; random_exploration_count: 21; avg_entropy: 1.0753; best_tax_advantage: 35.0; random_action_prob: 0.0834
make_subcorporation -0.009923076923076923 130
transfer_cash 0.015384615384615385 65
contribute_for_stock 0.0 61
update_start: 220; random_action_prob: 0.0830
update_complete: 220; loss: -0.04969492554664612; cumulative_reward: -1.290000000000001; invalid_count: 0; positive_reward_count: 0; success_count: 0; episode_count: 0; random_exploration_count: 22; avg_entropy: 1.1451; best_tax_advantage: 0.0; random_action_prob: 0.0830
make_subcorporation -0.01 129
transfer_cash 0.0 64
contribute_for_stock 0.0 63
update_start: 221; random_action_prob: 0.0826
update_complete: 221; loss: -0.049386690060297646; cumulative_reward: -1.320000000000001; invalid_count: 0; positive_reward_count: 0; success_count: 0; episode_count: 0; random_exploration_count: 11; avg_entropy: 1.0934; best_tax_advantage: 0.0; random_action_prob: 0.0826
make_subcorporation -0.01 132
transfer_cash 0.0 55
contribute_for_stock 0.0 69
update_start: 222; random_action_prob: 0.0822
update_complete: 222; loss: -0.04362425704797109; cumulative_reward: -1.290000000000001; invalid_count: 0; positive_reward_count: 0; success_count: 0; episode_count: 0; random_exploration_count: 17; avg_entropy: 1.1916; best_tax_advantage: 0.0; random_action_prob: 0.0822
make_subcorporation -0.009923076923076923 130
transfer_cash 0.0 60
contribute_for_stock 0.0 66
update_start: 223; random_action_prob: 0.0817
update_complete: 223; loss: -0.036875163515408836; cumulative_reward: -1.320000000000001; invalid_count: 0; positive_reward_count: 0; success_count: 0; episode_count: 0; random_exploration_count: 16; avg_entropy: 1.1691; best_tax_advantage: 0.0; random_action_prob: 0.0817
make_subcorporation -0.009924812030075189 133
transfer_cash 0.0 67
contribute_for_stock 0.0 56
update_start: 224; random_action_prob: 0.0813
update_complete: 224; loss: -0.04892076551914215; cumulative_reward: -1.330000000000001; invalid_count: 0; positive_reward_count: 0; success_count: 0; episode_count: 0; random_exploration_count: 21; avg_entropy: 1.1810; best_tax_advantage: 0.0; random_action_prob: 0.0813
make_subcorporation -0.009924812030075189 133
transfer_cash -0.00014084507042253522 71
contribute_for_stock 0.0 52
update_start: 225; random_action_prob: 0.0809
update_complete: 225; loss: -0.035212310031056404; cumulative_reward: -1.340000000000001; invalid_count: 0; positive_reward_count: 0; success_count: 0; episode_count: 0; random_exploration_count: 23; avg_entropy: 1.1410; best_tax_advantage: 0.0; random_action_prob: 0.0809
make_subcorporation -0.01 132
transfer_cash -0.00030303030303030303 66
contribute_for_stock 0.0 58
update_start: 226; random_action_prob: 0.0805
update_complete: 226; loss: -0.05224466323852539; cumulative_reward: -1.2400000000000009; invalid_count: 0; positive_reward_count: 0; success_count: 0; episode_count: 0; random_exploration_count: 19; avg_entropy: 1.1450; best_tax_advantage: 0.0; random_action_prob: 0.0805
make_subcorporation -0.00992 125
transfer_cash 0.0 65
contribute_for_stock 0.0 66
update_start: 227; random_action_prob: 0.0801
update_complete: 227; loss: -0.04678827648361524; cumulative_reward: -1.290000000000001; invalid_count: 0; positive_reward_count: 0; success_count: 0; episode_count: 0; random_exploration_count: 20; avg_entropy: 1.1360; best_tax_advantage: 0.0; random_action_prob: 0.0801
make_subcorporation -0.01 129
transfer_cash 0.0 75
contribute_for_stock 0.0 52
update_start: 228; random_action_prob: 0.0797
update_complete: 228; loss: -0.04382782305280367; cumulative_reward: -1.290000000000001; invalid_count: 0; positive_reward_count: 0; success_count: 0; episode_count: 0; random_exploration_count: 16; avg_entropy: 1.1357; best_tax_advantage: 0.0; random_action_prob: 0.0797
make_subcorporation -0.01 129
transfer_cash 0.0 73
contribute_for_stock 0.0 54
update_start: 229; random_action_prob: 0.0793
update_complete: 229; loss: -0.041624054312705994; cumulative_reward: -1.260000000000001; invalid_count: 0; positive_reward_count: 0; success_count: 0; episode_count: 0; random_exploration_count: 22; avg_entropy: 1.1453; best_tax_advantage: 0.0; random_action_prob: 0.0793
make_subcorporation -0.01 126
transfer_cash 0.0 82
contribute_for_stock 0.0 48
update_start: 230; random_action_prob: 0.0789
update_complete: 230; loss: -0.03741614893078804; cumulative_reward: -1.270000000000001; invalid_count: 0; positive_reward_count: 0; success_count: 0; episode_count: 0; random_exploration_count: 24; avg_entropy: 1.1267; best_tax_advantage: 0.0; random_action_prob: 0.0789
make_subcorporation -0.009921875 128
transfer_cash 0.0 84
contribute_for_stock 0.0 44
update_start: 231; random_action_prob: 0.0785
update_complete: 231; loss: -0.049998934070269264; cumulative_reward: -1.2400000000000009; invalid_count: 0; positive_reward_count: 0; success_count: 0; episode_count: 0; random_exploration_count: 13; avg_entropy: 1.1158; best_tax_advantage: 0.0; random_action_prob: 0.0785
make_subcorporation -0.00992 125
transfer_cash 0.0 92
contribute_for_stock 0.0 39
update_start: 232; random_action_prob: 0.0781
update_complete: 232; loss: -0.04183650016784668; cumulative_reward: -1.290000000000001; invalid_count: 0; positive_reward_count: 0; success_count: 0; episode_count: 0; random_exploration_count: 19; avg_entropy: 1.1110; best_tax_advantage: 0.0; random_action_prob: 0.0781
make_subcorporation -0.01 129
transfer_cash 0.0 82
contribute_for_stock 0.0 45
update_start: 233; random_action_prob: 0.0778
update_complete: 233; loss: -0.058520072450240455; cumulative_reward: -1.290000000000001; invalid_count: 0; positive_reward_count: 0; success_count: 0; episode_count: 0; random_exploration_count: 22; avg_entropy: 1.1168; best_tax_advantage: 0.0; random_action_prob: 0.0778
make_subcorporation -0.01 129
transfer_cash 0.0 80
contribute_for_stock 0.0 47
update_start: 234; random_action_prob: 0.0774
update_complete: 234; loss: -0.016748297959566116; cumulative_reward: -1.380000000000001; invalid_count: 0; positive_reward_count: 0; success_count: 0; episode_count: 0; random_exploration_count: 21; avg_entropy: 1.0740; best_tax_advantage: 0.0; random_action_prob: 0.0774
make_subcorporation -0.01 138
transfer_cash 0.0 88
contribute_for_stock 0.0 30
update_start: 235; random_action_prob: 0.0770
update_complete: 235; loss: -0.0354872594277064; cumulative_reward: -1.470000000000001; invalid_count: 0; positive_reward_count: 0; success_count: 0; episode_count: 0; random_exploration_count: 12; avg_entropy: 1.0694; best_tax_advantage: 0.0; random_action_prob: 0.0770
make_subcorporation -0.01 147
transfer_cash 0.0 88
contribute_for_stock 0.0 21
update_start: 236; random_action_prob: 0.0766
update_complete: 236; loss: -0.03927342717846235; cumulative_reward: -1.410000000000001; invalid_count: 0; positive_reward_count: 0; success_count: 0; episode_count: 0; random_exploration_count: 17; avg_entropy: 1.0603; best_tax_advantage: 0.0; random_action_prob: 0.0766
make_subcorporation -0.01 141
transfer_cash 0.0 100
contribute_for_stock 0.0 15
update_start: 237; random_action_prob: 0.0762
update_complete: 237; loss: -0.04528425137201945; cumulative_reward: -1.500000000000001; invalid_count: 0; positive_reward_count: 0; success_count: 0; episode_count: 0; random_exploration_count: 23; avg_entropy: 1.1790; best_tax_advantage: 0.0; random_action_prob: 0.0762
make_subcorporation -0.01 150
transfer_cash 0.0 84
contribute_for_stock 0.0 22
update_start: 238; random_action_prob: 0.0758
update_complete: 238; loss: -0.050332398464282356; cumulative_reward: -1.6000000000000012; invalid_count: 0; positive_reward_count: 0; success_count: 0; episode_count: 0; random_exploration_count: 13; avg_entropy: 1.0878; best_tax_advantage: 0.0; random_action_prob: 0.0758
make_subcorporation -0.0099375 160
transfer_cash -0.00013157894736842105 76
contribute_for_stock 0.0 20
update_start: 239; random_action_prob: 0.0754
update_complete: 239; loss: -0.001290621856848399; cumulative_reward: -1.360000000000001; invalid_count: 0; positive_reward_count: 0; success_count: 0; episode_count: 0; random_exploration_count: 25; avg_entropy: 0.9881; best_tax_advantage: 0.0; random_action_prob: 0.0754
make_subcorporation -0.01 135
transfer_cash -0.00010204081632653062 98
contribute_for_stock 0.0 23
update_start: 240; random_action_prob: 0.0751
update_complete: 240; loss: -0.031079618881146114; cumulative_reward: -1.320000000000001; invalid_count: 0; positive_reward_count: 0; success_count: 0; episode_count: 0; random_exploration_count: 18; avg_entropy: 0.9847; best_tax_advantage: 0.0; random_action_prob: 0.0751
make_subcorporation -0.01 132
transfer_cash 0.0 94
contribute_for_stock 0.0 30
update_start: 241; random_action_prob: 0.0747
update_complete: 241; loss: 0.042762722820043564; cumulative_reward: -0.380000000000001; invalid_count: 0; positive_reward_count: 2; success_count: 1; episode_count: 1; random_exploration_count: 19; avg_entropy: 1.0029; best_tax_advantage: 35.0; random_action_prob: 0.0747
make_subcorporation -0.009928057553956836 139
transfer_cash 0.013157894736842105 76
contribute_for_stock 0.0 41
update_start: 242; random_action_prob: 0.0743
update_complete: 242; loss: -0.025416312118371327; cumulative_reward: -1.320000000000001; invalid_count: 0; positive_reward_count: 0; success_count: 0; episode_count: 0; random_exploration_count: 13; avg_entropy: 1.0098; best_tax_advantage: 0.0; random_action_prob: 0.0743
make_subcorporation -0.01 132
transfer_cash 0.0 83
contribute_for_stock 0.0 41
update_start: 243; random_action_prob: 0.0740
update_complete: 243; loss: -0.016904691855112713; cumulative_reward: -1.6600000000000013; invalid_count: 0; positive_reward_count: 0; success_count: 0; episode_count: 0; random_exploration_count: 10; avg_entropy: 0.9366; best_tax_advantage: 0.0; random_action_prob: 0.0740
make_subcorporation -0.009940119760479043 167
transfer_cash 0.0 40
contribute_for_stock 0.0 49
update_start: 244; random_action_prob: 0.0736
update_complete: 244; loss: 0.004884759585062663; cumulative_reward: -0.4700000000000006; invalid_count: 0; positive_reward_count: 2; success_count: 1; episode_count: 1; random_exploration_count: 22; avg_entropy: 0.9710; best_tax_advantage: 35.0; random_action_prob: 0.0736
make_subcorporation -0.009932432432432432 148
transfer_cash 0.014285714285714285 70
contribute_for_stock 0.0 38
update_start: 245; random_action_prob: 0.0732
update_complete: 245; loss: 0.03261033942302068; cumulative_reward: 0.5599999999999992; invalid_count: 0; positive_reward_count: 3; success_count: 2; episode_count: 2; random_exploration_count: 22; avg_entropy: 0.9710; best_tax_advantage: 35.0; random_action_prob: 0.0732
make_subcorporation -0.009863013698630137 146
transfer_cash 0.02531645569620253 79
contribute_for_stock 0.0 31
update_start: 246; random_action_prob: 0.0728
update_complete: 246; loss: 0.029031177361806233; cumulative_reward: -1.410000000000001; invalid_count: 0; positive_reward_count: 0; success_count: 0; episode_count: 0; random_exploration_count: 14; avg_entropy: 0.9252; best_tax_advantage: 0.0; random_action_prob: 0.0728
make_subcorporation -0.009929577464788732 142
transfer_cash 0.0 91
contribute_for_stock 0.0 23
update_start: 247; random_action_prob: 0.0725
update_complete: 247; loss: -0.020349505667885143; cumulative_reward: -1.5300000000000011; invalid_count: 0; positive_reward_count: 0; success_count: 0; episode_count: 0; random_exploration_count: 15; avg_entropy: 0.8925; best_tax_advantage: 0.0; random_action_prob: 0.0725
make_subcorporation -0.009935064935064936 154
transfer_cash 0.0 84
contribute_for_stock 0.0 18
update_start: 248; random_action_prob: 0.0721
update_complete: 248; loss: -0.036337196826934814; cumulative_reward: -1.7100000000000013; invalid_count: 0; positive_reward_count: 0; success_count: 0; episode_count: 0; random_exploration_count: 16; avg_entropy: 0.7832; best_tax_advantage: 0.0; random_action_prob: 0.0721
make_subcorporation -0.009941860465116279 172
transfer_cash 0.0 72
contribute_for_stock 0.0 12
update_start: 249; random_action_prob: 0.0718
update_complete: 249; loss: 0.028852031876643498; cumulative_reward: -0.46000000000000063; invalid_count: 0; positive_reward_count: 1; success_count: 1; episode_count: 1; random_exploration_count: 22; avg_entropy: 0.7792; best_tax_advantage: 35.0; random_action_prob: 0.0718
make_subcorporation -0.009931506849315068 146
transfer_cash 0.009801980198019802 101
contribute_for_stock 0.0 9
update_start: 250; random_action_prob: 0.0714
update_complete: 250; loss: -0.028014835591117542; cumulative_reward: -1.350000000000001; invalid_count: 0; positive_reward_count: 0; success_count: 0; episode_count: 0; random_exploration_count: 18; avg_entropy: 0.7666; best_tax_advantage: 0.0; random_action_prob: 0.0714
make_subcorporation -0.01 135
transfer_cash 0.0 110
contribute_for_stock 0.0 11
update_start: 251; random_action_prob: 0.0710
update_complete: 251; loss: -0.023699479798475902; cumulative_reward: -1.290000000000001; invalid_count: 0; positive_reward_count: 0; success_count: 0; episode_count: 0; random_exploration_count: 19; avg_entropy: 0.8296; best_tax_advantage: 0.0; random_action_prob: 0.0710
make_subcorporation -0.009923076923076923 130
transfer_cash 0.0 107
contribute_for_stock 0.0 19
update_start: 252; random_action_prob: 0.0707
update_complete: 252; loss: -0.02461559201280276; cumulative_reward: -1.380000000000001; invalid_count: 0; positive_reward_count: 0; success_count: 0; episode_count: 0; random_exploration_count: 14; avg_entropy: 0.8165; best_tax_advantage: 0.0; random_action_prob: 0.0707
make_subcorporation -0.01 138
transfer_cash 0.0 101
contribute_for_stock 0.0 17
update_start: 253; random_action_prob: 0.0703
update_complete: 253; loss: -0.018995970487594604; cumulative_reward: -1.260000000000001; invalid_count: 0; positive_reward_count: 0; success_count: 0; episode_count: 0; random_exploration_count: 11; avg_entropy: 0.7839; best_tax_advantage: 0.0; random_action_prob: 0.0703
make_subcorporation -0.01 126
transfer_cash 0.0 91
contribute_for_stock 0.0 39
update_start: 254; random_action_prob: 0.0700
update_complete: 254; loss: -0.01953131395081679; cumulative_reward: -1.2300000000000009; invalid_count: 0; positive_reward_count: 0; success_count: 0; episode_count: 0; random_exploration_count: 20; avg_entropy: 0.7655; best_tax_advantage: 0.0; random_action_prob: 0.0700
make_subcorporation -0.01 123
transfer_cash 0.0 96
contribute_for_stock 0.0 37
update_start: 255; random_action_prob: 0.0696
update_complete: 255; loss: -0.00982443243265152; cumulative_reward: -1.2300000000000009; invalid_count: 0; positive_reward_count: 0; success_count: 0; episode_count: 0; random_exploration_count: 16; avg_entropy: 0.7204; best_tax_advantage: 0.0; random_action_prob: 0.0696
make_subcorporation -0.01 123
transfer_cash 0.0 106
contribute_for_stock 0.0 27
update_start: 256; random_action_prob: 0.0693
update_complete: 256; loss: -0.028087209289272625; cumulative_reward: -1.2000000000000008; invalid_count: 0; positive_reward_count: 0; success_count: 0; episode_count: 0; random_exploration_count: 15; avg_entropy: 0.6267; best_tax_advantage: 0.0; random_action_prob: 0.0693
make_subcorporation -0.01 120
transfer_cash 0.0 114
contribute_for_stock 0.0 22
update_start: 257; random_action_prob: 0.0689
update_complete: 257; loss: -0.000784650444984436; cumulative_reward: -1.2000000000000008; invalid_count: 0; positive_reward_count: 0; success_count: 0; episode_count: 0; random_exploration_count: 17; avg_entropy: 0.6711; best_tax_advantage: 0.0; random_action_prob: 0.0689
make_subcorporation -0.01 120
transfer_cash 0.0 122
contribute_for_stock 0.0 14
update_start: 258; random_action_prob: 0.0686
update_complete: 258; loss: -0.022920596102873485; cumulative_reward: -1.2300000000000009; invalid_count: 0; positive_reward_count: 0; success_count: 0; episode_count: 0; random_exploration_count: 18; avg_entropy: 0.7036; best_tax_advantage: 0.0; random_action_prob: 0.0686
make_subcorporation -0.01 123
transfer_cash 0.0 114
contribute_for_stock 0.0 19
update_start: 259; random_action_prob: 0.0683
update_complete: 259; loss: -0.01366901583969593; cumulative_reward: -1.1700000000000008; invalid_count: 0; positive_reward_count: 0; success_count: 0; episode_count: 0; random_exploration_count: 17; avg_entropy: 0.7261; best_tax_advantage: 0.0; random_action_prob: 0.0683
make_subcorporation -0.009915254237288135 118
transfer_cash 0.0 110
contribute_for_stock 0.0 28
update_start: 260; random_action_prob: 0.0679
update_complete: 260; loss: 0.03782055154442787; cumulative_reward: -0.14000000000000049; invalid_count: 0; positive_reward_count: 2; success_count: 1; episode_count: 1; random_exploration_count: 16; avg_entropy: 0.7354; best_tax_advantage: 35.0; random_action_prob: 0.0679
make_subcorporation -0.009827586206896553 116
transfer_cash 0.009433962264150943 106
contribute_for_stock 0.0 34
update_start: 261; random_action_prob: 0.0676
update_complete: 261; loss: -0.0002943153182665507; cumulative_reward: -1.1800000000000008; invalid_count: 0; positive_reward_count: 0; success_count: 0; episode_count: 0; random_exploration_count: 18; avg_entropy: 0.7956; best_tax_advantage: 0.0; random_action_prob: 0.0676
make_subcorporation -0.009915966386554622 119
transfer_cash 0.0 108
contribute_for_stock 0.0 29
update_start: 262; random_action_prob: 0.0672
update_complete: 262; loss: -0.04218273485700289; cumulative_reward: -1.260000000000001; invalid_count: 0; positive_reward_count: 0; success_count: 0; episode_count: 0; random_exploration_count: 11; avg_entropy: 0.8590; best_tax_advantage: 0.0; random_action_prob: 0.0672
make_subcorporation -0.01 126
transfer_cash 0.0 100
contribute_for_stock 0.0 30
update_start: 263; random_action_prob: 0.0669
update_complete: 263; loss: -0.009732102354367575; cumulative_reward: -0.2600000000000005; invalid_count: 0; positive_reward_count: 2; success_count: 1; episode_count: 1; random_exploration_count: 13; avg_entropy: 0.8882; best_tax_advantage: 35.0; random_action_prob: 0.0669
make_subcorporation -0.009921259842519686 127
transfer_cash 0.011764705882352941 85
contribute_for_stock 0.0 44
update_start: 264; random_action_prob: 0.0666
update_complete: 264; loss: -0.01528573346634706; cumulative_reward: -1.2300000000000009; invalid_count: 0; positive_reward_count: 0; success_count: 0; episode_count: 0; random_exploration_count: 20; avg_entropy: 0.9119; best_tax_advantage: 0.0; random_action_prob: 0.0666
make_subcorporation -0.009919354838709678 124
transfer_cash 0.0 77
contribute_for_stock 0.0 55
update_start: 265; random_action_prob: 0.0662
update_complete: 265; loss: -0.015006202583511671; cumulative_reward: -1.2100000000000009; invalid_count: 0; positive_reward_count: 0; success_count: 0; episode_count: 0; random_exploration_count: 10; avg_entropy: 0.9085; best_tax_advantage: 0.0; random_action_prob: 0.0662
make_subcorporation -0.009918032786885246 122
transfer_cash 0.0 72
contribute_for_stock 0.0 62
update_start: 266; random_action_prob: 0.0659
update_complete: 266; loss: 0.0006382428109645844; cumulative_reward: -1.350000000000001; invalid_count: 0; positive_reward_count: 0; success_count: 0; episode_count: 0; random_exploration_count: 13; avg_entropy: 0.9918; best_tax_advantage: 0.0; random_action_prob: 0.0659
make_subcorporation -0.01 135
transfer_cash 0.0 70
contribute_for_stock 0.0 51
update_start: 267; random_action_prob: 0.0656
update_complete: 267; loss: -0.035453045119841896; cumulative_reward: -1.500000000000001; invalid_count: 0; positive_reward_count: 0; success_count: 0; episode_count: 0; random_exploration_count: 11; avg_entropy: 1.0267; best_tax_advantage: 0.0; random_action_prob: 0.0656
make_subcorporation -0.01 150
transfer_cash 0.0 42
contribute_for_stock 0.0 64
update_start: 268; random_action_prob: 0.0652
update_complete: 268; loss: 0.00037889182567596436; cumulative_reward: -0.6100000000000007; invalid_count: 0; positive_reward_count: 1; success_count: 1; episode_count: 1; random_exploration_count: 20; avg_entropy: 1.1813; best_tax_advantage: 35.0; random_action_prob: 0.0652
make_subcorporation -0.00993421052631579 152
transfer_cash 0.01956521739130435 46
contribute_for_stock 0.0 58
update_start: 269; random_action_prob: 0.0649
update_complete: 269; loss: -0.014034931858380636; cumulative_reward: -0.7600000000000009; invalid_count: 0; positive_reward_count: 2; success_count: 1; episode_count: 1; random_exploration_count: 17; avg_entropy: 1.3683; best_tax_advantage: 35.0; random_action_prob: 0.0649
make_subcorporation -0.01 138
transfer_cash 0.013148148148148147 54
contribute_for_stock -0.00140625 64
update_start: 270; random_action_prob: 0.0646
update_complete: 270; loss: -0.01791560153166453; cumulative_reward: 1.7099999999999986; invalid_count: 0; positive_reward_count: 6; success_count: 4; episode_count: 4; random_exploration_count: 12; avg_entropy: 1.5643; best_tax_advantage: 35.0; random_action_prob: 0.0646
make_subcorporation -0.00984251968503937 127
transfer_cash 0.041428571428571426 77
contribute_for_stock -0.004423076923076924 52
update_start: 271; random_action_prob: 0.0643
update_complete: 271; loss: -0.06995394577582677; cumulative_reward: 1.8499999999999983; invalid_count: 0; positive_reward_count: 6; success_count: 4; episode_count: 4; random_exploration_count: 16; avg_entropy: 1.6162; best_tax_advantage: 35.0; random_action_prob: 0.0643
make_subcorporation -0.009927007299270074 137
transfer_cash 0.058135593220338976 59
contribute_for_stock -0.0036666666666666666 60
update_start: 272; random_action_prob: 0.0639
update_complete: 272; loss: -0.0689473773042361; cumulative_reward: 0.8699999999999986; invalid_count: 0; positive_reward_count: 3; success_count: 3; episode_count: 3; random_exploration_count: 13; avg_entropy: 1.5736; best_tax_advantage: 35.0; random_action_prob: 0.0639
make_subcorporation -0.009855072463768117 138
transfer_cash 0.04436363636363636 55
contribute_for_stock -0.003333333333333333 63
update_start: 273; random_action_prob: 0.0636
update_complete: 273; loss: -0.06614283223946889; cumulative_reward: 2.7600000000000016; invalid_count: 0; positive_reward_count: 8; success_count: 5; episode_count: 5; random_exploration_count: 17; avg_entropy: 1.5612; best_tax_advantage: 35.0; random_action_prob: 0.0636
make_subcorporation -0.009850746268656717 134
transfer_cash 0.059444444444444446 72
contribute_for_stock -0.004 50
update_start: 274; random_action_prob: 0.0633
update_complete: 274; loss: -0.03005988026658694; cumulative_reward: 5.730000000000015; invalid_count: 0; positive_reward_count: 10; success_count: 8; episode_count: 8; random_exploration_count: 14; avg_entropy: 1.4627; best_tax_advantage: 35.0; random_action_prob: 0.0633
make_subcorporation -0.009932432432432432 148
transfer_cash 0.11714285714285715 63
contribute_for_stock -0.004 45
update_start: 275; random_action_prob: 0.0630
update_complete: 275; loss: -0.03950233260790507; cumulative_reward: 5.590000000000009; invalid_count: 0; positive_reward_count: 11; success_count: 8; episode_count: 8; random_exploration_count: 14; avg_entropy: 1.4090; best_tax_advantage: 35.0; random_action_prob: 0.0630
make_subcorporation -0.009864864864864865 148
transfer_cash 0.11774193548387096 62
contribute_for_stock -0.005434782608695652 46
update_start: 276; random_action_prob: 0.0627
update_complete: 276; loss: -0.05230196317036947; cumulative_reward: 13.360000000000042; invalid_count: 0; positive_reward_count: 17; success_count: 16; episode_count: 16; random_exploration_count: 16; avg_entropy: 1.3724; best_tax_advantage: 35.0; random_action_prob: 0.0627
make_subcorporation -0.00975 160
transfer_cash 0.3202083333333333 48
contribute_for_stock -0.009375 48
update_start: 277; random_action_prob: 0.0624
update_complete: 277; loss: -0.05042867735028267; cumulative_reward: 10.530000000000035; invalid_count: 0; positive_reward_count: 17; success_count: 13; episode_count: 13; random_exploration_count: 20; avg_entropy: 1.2861; best_tax_advantage: 35.0; random_action_prob: 0.0624
make_subcorporation -0.009872611464968152 157
transfer_cash 0.23188679245283017 53
contribute_for_stock -0.004565217391304347 46
update_start: 278; random_action_prob: 0.0621
update_complete: 278; loss: -0.057513732463121414; cumulative_reward: 6.490000000000027; invalid_count: 0; positive_reward_count: 11; success_count: 9; episode_count: 9; random_exploration_count: 21; avg_entropy: 1.3934; best_tax_advantage: 35.0; random_action_prob: 0.0621
make_subcorporation -0.00972972972972973 148
transfer_cash 0.13508196721311475 61
contribute_for_stock -0.006595744680851064 47
update_start: 279; random_action_prob: 0.0617
update_complete: 279; loss: -0.03582156449556351; cumulative_reward: 1.9899999999999984; invalid_count: 0; positive_reward_count: 5; success_count: 4; episode_count: 4; random_exploration_count: 12; avg_entropy: 1.2141; best_tax_advantage: 35.0; random_action_prob: 0.0617
make_subcorporation -0.00987878787878788 165
transfer_cash 0.07808510638297872 47
contribute_for_stock -0.0011363636363636365 44
update_start: 280; random_action_prob: 0.0614
update_complete: 280; loss: -0.04716001202662786; cumulative_reward: 8.170000000000016; invalid_count: 0; positive_reward_count: 11; success_count: 10; episode_count: 10; random_exploration_count: 22; avg_entropy: 1.1774; best_tax_advantage: 35.0; random_action_prob: 0.0614
make_subcorporation -0.009520958083832336 167
transfer_cash 0.2802857142857143 35
contribute_for_stock -0.000925925925925926 54
update_start: 281; random_action_prob: 0.0611
update_complete: 281; loss: -0.013175244753559431; cumulative_reward: 11.100000000000012; invalid_count: 0; positive_reward_count: 16; success_count: 13; episode_count: 13; random_exploration_count: 17; avg_entropy: 1.1142; best_tax_advantage: 35.0; random_action_prob: 0.0611
make_subcorporation -0.009565217391304347 161
transfer_cash 0.2534 50
contribute_for_stock -0.0006666666666666666 45
update_start: 282; random_action_prob: 0.0608
update_complete: 282; loss: -0.04568273946642876; cumulative_reward: 15.950000000000033; invalid_count: 0; positive_reward_count: 22; success_count: 18; episode_count: 18; random_exploration_count: 19; avg_entropy: 1.1106; best_tax_advantage: 35.0; random_action_prob: 0.0608
make_subcorporation -0.00949367088607595 158
transfer_cash 0.33692307692307694 52
contribute_for_stock -0.0015217391304347828 46
update_start: 283; random_action_prob: 0.0605
update_complete: 283; loss: -0.05174979815880457; cumulative_reward: 15.970000000000036; invalid_count: 0; positive_reward_count: 19; success_count: 18; episode_count: 18; random_exploration_count: 18; avg_entropy: 1.2196; best_tax_advantage: 35.0; random_action_prob: 0.0605
make_subcorporation -0.009354838709677418 155
transfer_cash 0.30241379310344824 58
contribute_for_stock -0.0027906976744186047 43
update_start: 284; random_action_prob: 0.0602
update_complete: 284; loss: 0.0050338270763556165; cumulative_reward: 11.810000000000038; invalid_count: 0; positive_reward_count: 15; success_count: 14; episode_count: 14; random_exploration_count: 19; avg_entropy: 1.2533; best_tax_advantage: 35.0; random_action_prob: 0.0602
make_subcorporation -0.0095 160
transfer_cash 0.271 50
contribute_for_stock -0.004782608695652174 46
update_start: 285; random_action_prob: 0.0599
update_complete: 285; loss: -0.03590231264630953; cumulative_reward: 17.970000000000027; invalid_count: 0; positive_reward_count: 24; success_count: 20; episode_count: 20; random_exploration_count: 18; avg_entropy: 1.1822; best_tax_advantage: 35.0; random_action_prob: 0.0599
make_subcorporation -0.009013157894736843 152
transfer_cash 0.31983606557377053 61
contribute_for_stock -0.003953488372093024 43
update_start: 286; random_action_prob: 0.0596
update_complete: 286; loss: -0.05912008757392565; cumulative_reward: 17.18000000000001; invalid_count: 0; positive_reward_count: 19; success_count: 19; episode_count: 19; random_exploration_count: 10; avg_entropy: 1.0786; best_tax_advantage: 35.0; random_action_prob: 0.0596
make_subcorporation -0.009044585987261145 157
transfer_cash 0.4151111111111111 45
contribute_for_stock -0.0014814814814814814 54
update_start: 287; random_action_prob: 0.0593
update_complete: 287; loss: -0.04907474418481191; cumulative_reward: 23.99999999999999; invalid_count: 0; positive_reward_count: 28; success_count: 26; episode_count: 26; random_exploration_count: 18; avg_entropy: 1.1097; best_tax_advantage: 35.0; random_action_prob: 0.0593
make_subcorporation -0.009133333333333334 150
transfer_cash 0.49901960784313726 51
contribute_for_stock -0.0014545454545454547 55
update_start: 288; random_action_prob: 0.0590
update_complete: 288; loss: -0.050312817096710205; cumulative_reward: 24.240000000000002; invalid_count: 0; positive_reward_count: 29; success_count: 26; episode_count: 26; random_exploration_count: 12; avg_entropy: 1.0045; best_tax_advantage: 35.0; random_action_prob: 0.0590
make_subcorporation -0.008680555555555556 144
transfer_cash 0.4335593220338983 59
contribute_for_stock -0.0016981132075471698 53
update_start: 289; random_action_prob: 0.0587
update_complete: 289; loss: 0.019402824342250824; cumulative_reward: 44.89999999999998; invalid_count: 0; positive_reward_count: 46; success_count: 46; episode_count: 46; random_exploration_count: 12; avg_entropy: 0.9302; best_tax_advantage: 35.0; random_action_prob: 0.0587
make_subcorporation -0.006535433070866142 127
transfer_cash 0.7268253968253968 63
contribute_for_stock -0.0009090909090909091 66
update_start: 290; random_action_prob: 0.0584
update_complete: 290; loss: -0.05378993476430575; cumulative_reward: 36.21999999999998; invalid_count: 0; positive_reward_count: 38; success_count: 38; episode_count: 38; random_exploration_count: 11; avg_entropy: 0.9710; best_tax_advantage: 35.0; random_action_prob: 0.0584
make_subcorporation -0.007931034482758621 145
transfer_cash 0.659298245614035 57
contribute_for_stock -0.0038888888888888888 54
update_start: 291; random_action_prob: 0.0581
update_complete: 291; loss: -0.02061592290798823; cumulative_reward: 46.159999999999975; invalid_count: 0; positive_reward_count: 48; success_count: 47; episode_count: 47; random_exploration_count: 12; avg_entropy: 0.7689; best_tax_advantage: 35.0; random_action_prob: 0.0581
make_subcorporation -0.0061600000000000005 125
transfer_cash 0.7113636363636364 66
contribute_for_stock -0.0003076923076923077 65
update_start: 292; random_action_prob: 0.0578
update_complete: 292; loss: 0.0030075348913669586; cumulative_reward: 47.27; invalid_count: 0; positive_reward_count: 56; success_count: 48; episode_count: 48; random_exploration_count: 14; avg_entropy: 0.7393; best_tax_advantage: 35.0; random_action_prob: 0.0578
make_subcorporation -0.005740740740740741 108
transfer_cash 0.5635294117647058 85
contribute_for_stock -0.00015873015873015873 63
update_start: 293; random_action_prob: 0.0576
update_complete: 293; loss: 0.012817994380990664; cumulative_reward: 58.42999999999999; invalid_count: 0; positive_reward_count: 65; success_count: 59; episode_count: 59; random_exploration_count: 10; avg_entropy: 0.6538; best_tax_advantage: 35.0; random_action_prob: 0.0576
make_subcorporation -0.004285714285714286 105
transfer_cash 0.7182926829268292 82
contribute_for_stock -0.0002898550724637681 69
update_start: 294; random_action_prob: 0.0573
update_complete: 294; loss: 0.03479578594366709; cumulative_reward: 50.01999999999997; invalid_count: 0; positive_reward_count: 52; success_count: 51; episode_count: 51; random_exploration_count: 20; avg_entropy: 0.7606; best_tax_advantage: 35.0; random_action_prob: 0.0573
make_subcorporation -0.005603448275862069 116
transfer_cash 0.7150704225352114 71
contribute_for_stock -0.0014492753623188406 69
update_start: 295; random_action_prob: 0.0570
update_complete: 295; loss: -0.03627766172091166; cumulative_reward: 59.349999999999994; invalid_count: 0; positive_reward_count: 63; success_count: 60; episode_count: 60; random_exploration_count: 12; avg_entropy: 0.6943; best_tax_advantage: 35.0; random_action_prob: 0.0570
make_subcorporation -0.00404040404040404 99
transfer_cash 0.6955813953488372 86
contribute_for_stock -0.0009859154929577466 71
update_start: 296; random_action_prob: 0.0567
update_complete: 296; loss: -0.0007257573306560516; cumulative_reward: 47.33999999999998; invalid_count: 0; positive_reward_count: 51; success_count: 48; episode_count: 48; random_exploration_count: 12; avg_entropy: 0.7217; best_tax_advantage: 35.0; random_action_prob: 0.0567
make_subcorporation -0.005555555555555556 108
transfer_cash 0.6311842105263158 76
contribute_for_stock -0.00041666666666666664 72
update_start: 297; random_action_prob: 0.0564
update_complete: 297; loss: -0.010889516522487005; cumulative_reward: 41.139999999999986; invalid_count: 0; positive_reward_count: 44; success_count: 42; episode_count: 42; random_exploration_count: 21; avg_entropy: 0.7213; best_tax_advantage: 35.0; random_action_prob: 0.0564
make_subcorporation -0.006355932203389831 118
transfer_cash 0.6351515151515151 66
contribute_for_stock -0.00041666666666666664 72
update_start: 298; random_action_prob: 0.0561
update_complete: 298; loss: -0.01656964731713136; cumulative_reward: 65.63; invalid_count: 0; positive_reward_count: 71; success_count: 66; episode_count: 66; random_exploration_count: 7; avg_entropy: 0.4777; best_tax_advantage: 35.0; random_action_prob: 0.0561
make_subcorporation -0.003052631578947368 95
transfer_cash 0.7578160919540231 87
contribute_for_stock -0.00013513513513513514 74
update_start: 299; random_action_prob: 0.0559
update_complete: 299; loss: -0.013800348155200481; cumulative_reward: 55.469999999999985; invalid_count: 0; positive_reward_count: 61; success_count: 56; episode_count: 56; random_exploration_count: 13; avg_entropy: 0.5049; best_tax_advantage: 35.0; random_action_prob: 0.0559
make_subcorporation -0.0043 100
transfer_cash 0.6903703703703704 81
contribute_for_stock -0.0002666666666666667 75
update_start: 300; random_action_prob: 0.0556
update_complete: 300; loss: 0.03289117353657881; cumulative_reward: 62.43; invalid_count: 0; positive_reward_count: 64; success_count: 63; episode_count: 63; random_exploration_count: 14; avg_entropy: 0.4615; best_tax_advantage: 35.0; random_action_prob: 0.0556
make_subcorporation -0.0039047619047619052 105
transfer_cash 0.8167532467532468 77
contribute_for_stock -0.0006756756756756757 74
update_start: 301; random_action_prob: 0.0553
update_complete: 301; loss: -0.008104072883725166; cumulative_reward: 61.43; invalid_count: 0; positive_reward_count: 65; success_count: 62; episode_count: 62; random_exploration_count: 17; avg_entropy: 0.5204; best_tax_advantage: 35.0; random_action_prob: 0.0553
make_subcorporation -0.003823529411764706 102
transfer_cash 0.7735000000000001 80
contribute_for_stock -0.0008108108108108108 74
update_start: 302; random_action_prob: 0.0550
update_complete: 302; loss: -0.005882694075504939; cumulative_reward: 69.59; invalid_count: 0; positive_reward_count: 71; success_count: 70; episode_count: 71; random_exploration_count: 8; avg_entropy: 0.4155; best_tax_advantage: 35.0; random_action_prob: 0.0550
make_subcorporation -0.0028571428571428576 98
transfer_cash 0.8958974358974359 78
contribute_for_stock -0.000125 80
update_start: 303; random_action_prob: 0.0547
update_complete: 303; loss: 0.0004641699294249217; cumulative_reward: 61.33000000000002; invalid_count: 0; positive_reward_count: 65; success_count: 62; episode_count: 63; random_exploration_count: 12; avg_entropy: 0.4876; best_tax_advantage: 35.0; random_action_prob: 0.0547
make_subcorporation -0.004271844660194175 103
transfer_cash 0.7920512820512821 78
contribute_for_stock -0.00013333333333333334 75
update_start: 304; random_action_prob: 0.0545
update_complete: 304; loss: -0.004680015457173188; cumulative_reward: 63.270000000000024; invalid_count: 0; positive_reward_count: 67; success_count: 64; episode_count: 64; random_exploration_count: 13; avg_entropy: 0.4995; best_tax_advantage: 35.0; random_action_prob: 0.0545
make_subcorporation -0.004311926605504587 109
transfer_cash 0.8502666666666667 75
contribute_for_stock -0.00041666666666666664 72
update_start: 305; random_action_prob: 0.0542
update_complete: 305; loss: -0.01956988840053479; cumulative_reward: 66.64999999999998; invalid_count: 0; positive_reward_count: 72; success_count: 67; episode_count: 67; random_exploration_count: 9; avg_entropy: 0.4210; best_tax_advantage: 35.0; random_action_prob: 0.0542
make_subcorporation -0.002717391304347826 92
transfer_cash 0.7782558139534884 86
contribute_for_stock -0.0003846153846153846 78
update_start: 306; random_action_prob: 0.0539
update_complete: 306; loss: 0.061936226983865104; cumulative_reward: 52.93; invalid_count: 0; positive_reward_count: 60; success_count: 54; episode_count: 54; random_exploration_count: 18; avg_entropy: 0.6155; best_tax_advantage: 35.0; random_action_prob: 0.0539
make_subcorporation -0.005675675675675676 111
transfer_cash 0.66975 80
contribute_for_stock -0.0003076923076923077 65
update_start: 307; random_action_prob: 0.0537
update_complete: 307; loss: 0.044685084372758865; cumulative_reward: 59.93; invalid_count: 0; positive_reward_count: 73; success_count: 61; episode_count: 61; random_exploration_count: 14; avg_entropy: 0.5610; best_tax_advantage: 35.0; random_action_prob: 0.0537
make_subcorporation -0.00537037037037037 108
transfer_cash 0.7380487804878049 82
contribute_for_stock -0.00015151515151515152 66
update_start: 308; random_action_prob: 0.0534
update_complete: 308; loss: 0.0010803937911987305; cumulative_reward: 65.75571428571429; invalid_count: 0; positive_reward_count: 77; success_count: 66; episode_count: 66; random_exploration_count: 12; avg_entropy: 0.4756; best_tax_advantage: 35.0; random_action_prob: 0.0534
make_subcorporation -0.0034343434343434348 99
transfer_cash 0.8062891986062718 82
contribute_for_stock -0.0002666666666666667 75
update_start: 309; random_action_prob: 0.0531
update_complete: 309; loss: -0.011541110773881277; cumulative_reward: 43.88999999999998; invalid_count: 0; positive_reward_count: 50; success_count: 45; episode_count: 45; random_exploration_count: 20; avg_entropy: 0.6230; best_tax_advantage: 35.0; random_action_prob: 0.0531
make_subcorporation -0.006168224299065421 107
transfer_cash 0.557875 80
contribute_for_stock -0.0011594202898550724 69
update_start: 310; random_action_prob: 0.0529
update_complete: 310; loss: 0.0003505380203326543; cumulative_reward: 58.16999999999999; invalid_count: 0; positive_reward_count: 63; success_count: 59; episode_count: 59; random_exploration_count: 11; avg_entropy: 0.5217; best_tax_advantage: 35.0; random_action_prob: 0.0529
make_subcorporation -0.004818181818181819 110
transfer_cash 0.8042465753424658 73
contribute_for_stock -0.000136986301369863 73
update_start: 311; random_action_prob: 0.0526
update_complete: 311; loss: -0.0022037740175922713; cumulative_reward: 40.939999999999976; invalid_count: 0; positive_reward_count: 44; success_count: 42; episode_count: 42; random_exploration_count: 14; avg_entropy: 0.4997; best_tax_advantage: 35.0; random_action_prob: 0.0526
make_subcorporation -0.00696969696969697 132
transfer_cash 0.790377358490566 53
contribute_for_stock -0.0004225352112676056 71
update_start: 312; random_action_prob: 0.0523
update_complete: 312; loss: 0.01259682203332583; cumulative_reward: 44.070000000000014; invalid_count: 0; positive_reward_count: 50; success_count: 45; episode_count: 45; random_exploration_count: 13; avg_entropy: 0.4821; best_tax_advantage: 35.0; random_action_prob: 0.0523
make_subcorporation -0.0061739130434782605 115
transfer_cash 0.6054054054054053 74
contribute_for_stock -0.00029850746268656717 67
update_start: 313; random_action_prob: 0.0521
update_complete: 313; loss: 0.012730396663149198; cumulative_reward: 55.44999999999999; invalid_count: 0; positive_reward_count: 60; success_count: 56; episode_count: 57; random_exploration_count: 13; avg_entropy: 0.4154; best_tax_advantage: 35.0; random_action_prob: 0.0521
make_subcorporation -0.0045098039215686276 102
transfer_cash 0.7359210526315789 76
contribute_for_stock -0.0002564102564102564 78
update_start: 314; random_action_prob: 0.0518
update_complete: 314; loss: 0.004340152566631635; cumulative_reward: 46.139999999999986; invalid_count: 0; positive_reward_count: 50; success_count: 47; episode_count: 47; random_exploration_count: 11; avg_entropy: 0.3739; best_tax_advantage: 35.0; random_action_prob: 0.0518
make_subcorporation -0.0060655737704918035 122
transfer_cash 0.7690163934426228 61
contribute_for_stock -0.000410958904109589 73
update_start: 315; random_action_prob: 0.0515
update_complete: 315; loss: 0.013414602416257063; cumulative_reward: 65.51; invalid_count: 0; positive_reward_count: 67; success_count: 66; episode_count: 66; random_exploration_count: 9; avg_entropy: 0.3462; best_tax_advantage: 35.0; random_action_prob: 0.0515
make_subcorporation -0.003653846153846154 104
transfer_cash 0.8789333333333333 75
contribute_for_stock -0.0003896103896103896 77
update_start: 316; random_action_prob: 0.0513
update_complete: 316; loss: 0.013533029705286026; cumulative_reward: 71.60000000000002; invalid_count: 0; positive_reward_count: 75; success_count: 72; episode_count: 72; random_exploration_count: 11; avg_entropy: 0.2989; best_tax_advantage: 35.0; random_action_prob: 0.0513
make_subcorporation -0.002653061224489796 98
transfer_cash 0.8875308641975309 81
contribute_for_stock -0.0003896103896103896 77
update_start: 317; random_action_prob: 0.0510
update_complete: 317; loss: -0.013375966188808283; cumulative_reward: 68.74; invalid_count: 0; positive_reward_count: 74; success_count: 69; episode_count: 69; random_exploration_count: 7; avg_entropy: 0.2872; best_tax_advantage: 35.0; random_action_prob: 0.0510
make_subcorporation -0.002333333333333333 90
transfer_cash 0.78375 88
contribute_for_stock -0.0002564102564102564 78
update_start: 318; random_action_prob: 0.0508
update_complete: 318; loss: -0.010247165026764074; cumulative_reward: 65.60999999999999; invalid_count: 0; positive_reward_count: 69; success_count: 66; episode_count: 66; random_exploration_count: 12; avg_entropy: 0.2864; best_tax_advantage: 35.0; random_action_prob: 0.0508
make_subcorporation -0.0031249999999999997 96
transfer_cash 0.7944578313253011 83
contribute_for_stock -0.0003896103896103896 77
update_start: 319; random_action_prob: 0.0505
update_complete: 319; loss: -0.009807077391693989; cumulative_reward: 67.59999999999997; invalid_count: 0; positive_reward_count: 68; success_count: 68; episode_count: 68; random_exploration_count: 9; avg_entropy: 0.2187; best_tax_advantage: 35.0; random_action_prob: 0.0505
make_subcorporation -0.0032 100
transfer_cash 0.8823376623376623 77
contribute_for_stock -0.00025316455696202533 79
update_start: 320; random_action_prob: 0.0503
update_complete: 320; loss: 0.03811234422028065; cumulative_reward: 70.65; invalid_count: 0; positive_reward_count: 72; success_count: 71; episode_count: 71; random_exploration_count: 12; avg_entropy: 0.2272; best_tax_advantage: 35.0; random_action_prob: 0.0503
make_subcorporation -0.0026804123711340207 97
transfer_cash 0.8648780487804878 82
contribute_for_stock -0.00012987012987012987 77
update_start: 321; random_action_prob: 0.0500
update_complete: 321; loss: 0.04971284077813228; cumulative_reward: 71.71; invalid_count: 0; positive_reward_count: 73; success_count: 72; episode_count: 72; random_exploration_count: 11; avg_entropy: 0.2048; best_tax_advantage: 35.0; random_action_prob: 0.0500
make_subcorporation -0.002474226804123711 97
transfer_cash 0.8995 80
contribute_for_stock -0.00012658227848101267 79
update_start: 322; random_action_prob: 0.0498
update_complete: 322; loss: -0.0011268022159735362; cumulative_reward: 68.66999999999999; invalid_count: 0; positive_reward_count: 72; success_count: 69; episode_count: 69; random_exploration_count: 14; avg_entropy: 0.2468; best_tax_advantage: 35.0; random_action_prob: 0.0498
make_subcorporation -0.0027835051546391755 97
transfer_cash 0.8514814814814815 81
contribute_for_stock -0.0003846153846153846 78
update_start: 323; random_action_prob: 0.0495
update_complete: 323; loss: -0.006876488837103049; cumulative_reward: 77.83; invalid_count: 0; positive_reward_count: 79; success_count: 78; episode_count: 78; random_exploration_count: 4; avg_entropy: 0.1369; best_tax_advantage: 35.0; random_action_prob: 0.0495
make_subcorporation -0.0014285714285714286 91
transfer_cash 0.9395180722891566 83
contribute_for_stock -0.00024390243902439024 82
update_start: 324; random_action_prob: 0.0493
update_complete: 324; loss: 0.0016061098625262578; cumulative_reward: 74.78; invalid_count: 0; positive_reward_count: 76; success_count: 75; episode_count: 75; random_exploration_count: 11; avg_entropy: 0.1987; best_tax_advantage: 35.0; random_action_prob: 0.0493
make_subcorporation -0.0017391304347826088 92
transfer_cash 0.8922619047619048 84
contribute_for_stock -0.000125 80
update_start: 325; random_action_prob: 0.0490
update_complete: 325; loss: -0.004367800196632743; cumulative_reward: 72.69999999999997; invalid_count: 0; positive_reward_count: 73; success_count: 73; episode_count: 73; random_exploration_count: 7; avg_entropy: 0.1586; best_tax_advantage: 35.0; random_action_prob: 0.0490
make_subcorporation -0.0024489795918367346 98
transfer_cash 0.8897560975609755 82
contribute_for_stock -0.0002631578947368421 76
update_start: 326; random_action_prob: 0.0488
update_complete: 326; loss: 0.00012311385944485664; cumulative_reward: 66.53999999999999; invalid_count: 0; positive_reward_count: 67; success_count: 67; episode_count: 67; random_exploration_count: 17; avg_entropy: 0.2361; best_tax_advantage: 35.0; random_action_prob: 0.0488
make_subcorporation -0.0035849056603773585 106
transfer_cash 0.9044594594594596 74
contribute_for_stock -0.00013157894736842105 76
update_start: 327; random_action_prob: 0.0485
update_complete: 327; loss: -0.0015024212189018726; cumulative_reward: 63.559999999999995; invalid_count: 0; positive_reward_count: 64; success_count: 64; episode_count: 64; random_exploration_count: 19; avg_entropy: 0.2752; best_tax_advantage: 35.0; random_action_prob: 0.0485
make_subcorporation -0.0037864077669902915 103
transfer_cash 0.8644594594594595 74
contribute_for_stock -0.00025316455696202533 79
update_start: 328; random_action_prob: 0.0483
update_complete: 328; loss: 0.0231372465689977; cumulative_reward: 76.80000000000001; invalid_count: 0; positive_reward_count: 77; success_count: 77; episode_count: 77; random_exploration_count: 7; avg_entropy: 0.1475; best_tax_advantage: 35.0; random_action_prob: 0.0483
make_subcorporation -0.0015217391304347828 92
transfer_cash 0.9503703703703704 81
contribute_for_stock -0.0004819277108433735 83
update_start: 329; random_action_prob: 0.0481
update_complete: 329; loss: -0.009219407103955746; cumulative_reward: 69.61; invalid_count: 0; positive_reward_count: 70; success_count: 70; episode_count: 70; random_exploration_count: 12; avg_entropy: 0.2133; best_tax_advantage: 35.0; random_action_prob: 0.0481
make_subcorporation -0.0027835051546391755 97
transfer_cash 0.8630864197530864 81
contribute_for_stock -0.0003846153846153846 78
update_start: 330; random_action_prob: 0.0478
update_complete: 330; loss: -0.0067043496916691465; cumulative_reward: 69.66; invalid_count: 0; positive_reward_count: 70; success_count: 70; episode_count: 70; random_exploration_count: 12; avg_entropy: 0.2040; best_tax_advantage: 35.0; random_action_prob: 0.0478
make_subcorporation -0.0027551020408163266 98
transfer_cash 0.8967948717948718 78
contribute_for_stock -0.00025 80
update_start: 331; random_action_prob: 0.0476
update_complete: 331; loss: 0.006904567902286847; cumulative_reward: 62.58999999999999; invalid_count: 0; positive_reward_count: 64; success_count: 63; episode_count: 63; random_exploration_count: 19; avg_entropy: 0.2747; best_tax_advantage: 35.0; random_action_prob: 0.0476
make_subcorporation -0.0037254901960784314 102
transfer_cash 0.8179220779220778 77
contribute_for_stock -0.00012987012987012987 77
update_start: 332; random_action_prob: 0.0473
update_complete: 332; loss: 0.003338003841539224; cumulative_reward: 73.77000000000001; invalid_count: 0; positive_reward_count: 74; success_count: 74; episode_count: 74; random_exploration_count: 9; avg_entropy: 0.1604; best_tax_advantage: 35.0; random_action_prob: 0.0473
make_subcorporation -0.002105263157894737 95
transfer_cash 0.9484615384615385 78
contribute_for_stock -0.00012048192771084338 83
update_start: 333; random_action_prob: 0.0471
update_complete: 333; loss: 0.004889832343906164; cumulative_reward: 63.540000000000006; invalid_count: 0; positive_reward_count: 64; success_count: 64; episode_count: 64; random_exploration_count: 15; avg_entropy: 0.2265; best_tax_advantage: 35.0; random_action_prob: 0.0471
make_subcorporation -0.0036893203883495147 103
transfer_cash 0.8414473684210527 76
contribute_for_stock -0.0003896103896103896 77
update_start: 334; random_action_prob: 0.0469
update_complete: 334; loss: 0.017239751294255257; cumulative_reward: 74.70999999999997; invalid_count: 0; positive_reward_count: 75; success_count: 75; episode_count: 75; random_exploration_count: 9; avg_entropy: 0.1791; best_tax_advantage: 35.0; random_action_prob: 0.0469
make_subcorporation -0.002164948453608247 97
transfer_cash 0.9369999999999999 80
contribute_for_stock -0.0005063291139240507 79
update_start: 335; random_action_prob: 0.0466
update_complete: 335; loss: 0.0037359980245431266; cumulative_reward: 69.67; invalid_count: 0; positive_reward_count: 71; success_count: 70; episode_count: 70; random_exploration_count: 15; avg_entropy: 0.2072; best_tax_advantage: 35.0; random_action_prob: 0.0466
make_subcorporation -0.0026804123711340207 97
transfer_cash 0.8967948717948718 78
contribute_for_stock -0.0002469135802469136 81
update_start: 336; random_action_prob: 0.0464
update_complete: 336; loss: 0.02772580087184906; cumulative_reward: 69.64999999999998; invalid_count: 0; positive_reward_count: 71; success_count: 70; episode_count: 70; random_exploration_count: 13; avg_entropy: 0.1734; best_tax_advantage: 35.0; random_action_prob: 0.0464
make_subcorporation -0.0031 100
transfer_cash 0.9455405405405405 74
contribute_for_stock -0.00012195121951219512 82
update_start: 337; random_action_prob: 0.0462
update_complete: 337; loss: 0.07798859973748525; cumulative_reward: 73.76; invalid_count: 0; positive_reward_count: 74; success_count: 74; episode_count: 74; random_exploration_count: 12; avg_entropy: 0.1565; best_tax_advantage: 35.0; random_action_prob: 0.0462
make_subcorporation -0.002105263157894737 95
transfer_cash 0.8910843373493975 83
contribute_for_stock 0.0 78
update_start: 338; random_action_prob: 0.0459
update_complete: 338; loss: -0.009424894427259764; cumulative_reward: 71.63999999999997; invalid_count: 0; positive_reward_count: 72; success_count: 72; episode_count: 72; random_exploration_count: 13; avg_entropy: 0.1737; best_tax_advantage: 35.0; random_action_prob: 0.0459
make_subcorporation -0.0024210526315789475 95
transfer_cash 0.876829268292683 82
contribute_for_stock -0.00037974683544303797 79
update_start: 339; random_action_prob: 0.0457
update_complete: 339; loss: 0.04157750681042671; cumulative_reward: 67.67; invalid_count: 0; positive_reward_count: 69; success_count: 68; episode_count: 68; random_exploration_count: 16; avg_entropy: 0.2145; best_tax_advantage: 35.0; random_action_prob: 0.0457
make_subcorporation -0.0028125000000000003 96
transfer_cash 0.849625 80
contribute_for_stock -0.000375 80
update_start: 340; random_action_prob: 0.0455
update_complete: 340; loss: -0.0011607941705733538; cumulative_reward: 69.71999999999998; invalid_count: 0; positive_reward_count: 70; success_count: 70; episode_count: 70; random_exploration_count: 12; avg_entropy: 0.1586; best_tax_advantage: 35.0; random_action_prob: 0.0455
make_subcorporation -0.0025263157894736842 95
transfer_cash 0.8638271604938271 81
contribute_for_stock -0.000125 80
update_start: 341; random_action_prob: 0.0452
update_complete: 341; loss: 0.018565958986679714; cumulative_reward: 73.83; invalid_count: 0; positive_reward_count: 77; success_count: 74; episode_count: 74; random_exploration_count: 10; avg_entropy: 0.1221; best_tax_advantage: 35.0; random_action_prob: 0.0452
make_subcorporation -0.0017582417582417582 91
transfer_cash 0.9023170731707316 82
contribute_for_stock 0.0 83
update_start: 342; random_action_prob: 0.0450
update_complete: 342; loss: -0.0005537546239793301; cumulative_reward: 76.88; invalid_count: 0; positive_reward_count: 78; success_count: 77; episode_count: 77; random_exploration_count: 4; avg_entropy: 0.0866; best_tax_advantage: 35.0; random_action_prob: 0.0450
make_subcorporation -0.001348314606741573 89
transfer_cash 0.9058823529411765 85
contribute_for_stock 0.0 82
update_start: 343; random_action_prob: 0.0448
update_complete: 343; loss: 0.02751588573058446; cumulative_reward: 70.69999999999999; invalid_count: 0; positive_reward_count: 73; success_count: 71; episode_count: 71; random_exploration_count: 13; avg_entropy: 0.1692; best_tax_advantage: 35.0; random_action_prob: 0.0448
make_subcorporation -0.0027551020408163266 98
transfer_cash 0.8656097560975611 82
contribute_for_stock -0.00013157894736842105 76
update_start: 344; random_action_prob: 0.0446
update_complete: 344; loss: -0.004277145179609458; cumulative_reward: 69.74; invalid_count: 0; positive_reward_count: 71; success_count: 70; episode_count: 70; random_exploration_count: 10; avg_entropy: 0.1583; best_tax_advantage: 35.0; random_action_prob: 0.0446
make_subcorporation -0.002553191489361702 94
transfer_cash 0.8641975308641975 81
contribute_for_stock -0.0002469135802469136 81
update_start: 345; random_action_prob: 0.0444
update_complete: 345; loss: 0.007895218053211769; cumulative_reward: 73.74000000000001; invalid_count: 0; positive_reward_count: 76; success_count: 74; episode_count: 74; random_exploration_count: 13; avg_entropy: 0.1489; best_tax_advantage: 35.0; random_action_prob: 0.0444
make_subcorporation -0.0022105263157894735 95
transfer_cash 0.9020731707317073 82
contribute_for_stock -0.00025316455696202533 79
update_start: 346; random_action_prob: 0.0441
update_complete: 346; loss: -0.006434950046241283; cumulative_reward: 75.78; invalid_count: 0; positive_reward_count: 77; success_count: 76; episode_count: 76; random_exploration_count: 10; avg_entropy: 0.1302; best_tax_advantage: 35.0; random_action_prob: 0.0441
make_subcorporation -0.0016304347826086956 92
transfer_cash 0.9042857142857142 84
contribute_for_stock -0.000375 80
update_start: 347; random_action_prob: 0.0439
update_complete: 347; loss: 0.003523006181543072; cumulative_reward: 75.71999999999997; invalid_count: 0; positive_reward_count: 77; success_count: 76; episode_count: 76; random_exploration_count: 12; avg_entropy: 0.1481; best_tax_advantage: 35.0; random_action_prob: 0.0439
make_subcorporation -0.001894736842105263 95
transfer_cash 0.9492499999999999 80
contribute_for_stock -0.0004938271604938272 81
update_start: 348; random_action_prob: 0.0437
update_complete: 348; loss: 0.0019077251199632883; cumulative_reward: 71.75; invalid_count: 0; positive_reward_count: 73; success_count: 72; episode_count: 72; random_exploration_count: 11; avg_entropy: 0.1351; best_tax_advantage: 35.0; random_action_prob: 0.0437
make_subcorporation -0.0022340425531914895 94
transfer_cash 0.8669879518072289 83
contribute_for_stock 0.0 79
update_start: 349; random_action_prob: 0.0435
update_complete: 349; loss: -0.006174400759239991; cumulative_reward: 73.72999999999999; invalid_count: 0; positive_reward_count: 74; success_count: 74; episode_count: 74; random_exploration_count: 11; avg_entropy: 0.1540; best_tax_advantage: 35.0; random_action_prob: 0.0435
make_subcorporation -0.002021276595744681 94
transfer_cash 0.9362025316455695 79
contribute_for_stock -0.0004819277108433735 83
update_start: 350; random_action_prob: 0.0433
update_complete: 350; loss: -0.002439104796697696; cumulative_reward: 72.74999999999999; invalid_count: 0; positive_reward_count: 76; success_count: 73; episode_count: 73; random_exploration_count: 14; avg_entropy: 0.1713; best_tax_advantage: 35.0; random_action_prob: 0.0433
make_subcorporation -0.0022340425531914895 94
transfer_cash 0.9008641975308642 81
contribute_for_stock -0.0001234567901234568 81
update_start: 351; random_action_prob: 0.0430
update_complete: 351; loss: -0.004440313748394449; cumulative_reward: 69.67999999999998; invalid_count: 0; positive_reward_count: 70; success_count: 70; episode_count: 70; random_exploration_count: 10; avg_entropy: 0.1493; best_tax_advantage: 35.0; random_action_prob: 0.0430
make_subcorporation -0.0028571428571428576 98
transfer_cash 0.8971794871794873 78
contribute_for_stock -0.00025 80
update_start: 352; random_action_prob: 0.0428
update_complete: 352; loss: 0.0007379734888672829; cumulative_reward: 75.78999999999998; invalid_count: 0; positive_reward_count: 76; success_count: 76; episode_count: 76; random_exploration_count: 8; avg_entropy: 0.1131; best_tax_advantage: 35.0; random_action_prob: 0.0428
make_subcorporation -0.0018085106382978724 94
transfer_cash 0.9497500000000001 80
contribute_for_stock -0.00024390243902439024 82
update_start: 353; random_action_prob: 0.0426
update_complete: 353; loss: 0.008765152345101038; cumulative_reward: 71.66999999999999; invalid_count: 0; positive_reward_count: 73; success_count: 72; episode_count: 72; random_exploration_count: 10; avg_entropy: 0.1260; best_tax_advantage: 35.0; random_action_prob: 0.0426
make_subcorporation -0.0027 100
transfer_cash 0.8995 80
contribute_for_stock -0.0002631578947368421 76
update_start: 354; random_action_prob: 0.0424
update_complete: 354; loss: -0.010936448040107885; cumulative_reward: 79.85; invalid_count: 0; positive_reward_count: 81; success_count: 80; episode_count: 80; random_exploration_count: 8; avg_entropy: 0.1005; best_tax_advantage: 35.0; random_action_prob: 0.0424
make_subcorporation -0.001098901098901099 91
transfer_cash 0.9751219512195122 82
contribute_for_stock -0.00012048192771084338 83
update_start: 355; random_action_prob: 0.0422
update_complete: 355; loss: -0.00028040648127595585; cumulative_reward: 78.84999999999998; invalid_count: 0; positive_reward_count: 79; success_count: 79; episode_count: 79; random_exploration_count: 7; avg_entropy: 0.1085; best_tax_advantage: 35.0; random_action_prob: 0.0422
make_subcorporation -0.0011111111111111111 90
transfer_cash 0.9514457831325301 83
contribute_for_stock -0.00024096385542168676 83
update_start: 356; random_action_prob: 0.0420
update_complete: 356; loss: -0.0057755042022715015; cumulative_reward: 69.74000000000001; invalid_count: 0; positive_reward_count: 71; success_count: 70; episode_count: 70; random_exploration_count: 13; avg_entropy: 0.1798; best_tax_advantage: 35.0; random_action_prob: 0.0420
make_subcorporation -0.0023655913978494624 93
transfer_cash 0.8532926829268292 82
contribute_for_stock -0.0001234567901234568 81
update_start: 357; random_action_prob: 0.0418
update_complete: 357; loss: 0.011123099674781164; cumulative_reward: 71.7; invalid_count: 0; positive_reward_count: 72; success_count: 72; episode_count: 72; random_exploration_count: 9; avg_entropy: 0.1445; best_tax_advantage: 35.0; random_action_prob: 0.0418
make_subcorporation -0.002474226804123711 97
transfer_cash 0.8882716049382716 81
contribute_for_stock -0.0001282051282051282 78
update_start: 358; random_action_prob: 0.0416
update_complete: 358; loss: 0.055318281054496765; cumulative_reward: 72.69; invalid_count: 0; positive_reward_count: 73; success_count: 73; episode_count: 73; random_exploration_count: 15; avg_entropy: 0.1982; best_tax_advantage: 35.0; random_action_prob: 0.0416
make_subcorporation -0.0023157894736842107 95
transfer_cash 0.8786746987951808 83
contribute_for_stock -0.0002564102564102564 78
update_start: 359; random_action_prob: 0.0413
update_complete: 359; loss: -0.006183157054086526; cumulative_reward: 73.74000000000001; invalid_count: 0; positive_reward_count: 76; success_count: 74; episode_count: 74; random_exploration_count: 9; avg_entropy: 0.1409; best_tax_advantage: 35.0; random_action_prob: 0.0413
make_subcorporation -0.002105263157894737 95
transfer_cash 0.8803571428571428 84
contribute_for_stock -0.00012987012987012987 77
update_start: 360; random_action_prob: 0.0411
update_complete: 360; loss: -0.0044436403550207615; cumulative_reward: 75.72999999999999; invalid_count: 0; positive_reward_count: 78; success_count: 76; episode_count: 76; random_exploration_count: 8; avg_entropy: 0.1382; best_tax_advantage: 35.0; random_action_prob: 0.0411
make_subcorporation -0.0017204301075268817 93
transfer_cash 0.9038095238095238 84
contribute_for_stock -0.00037974683544303797 79
update_start: 361; random_action_prob: 0.0409
update_complete: 361; loss: 0.008620117325335741; cumulative_reward: 69.53999999999999; invalid_count: 0; positive_reward_count: 70; success_count: 70; episode_count: 70; random_exploration_count: 15; avg_entropy: 0.2097; best_tax_advantage: 35.0; random_action_prob: 0.0409
make_subcorporation -0.0031 100
transfer_cash 0.8961538461538462 78
contribute_for_stock -0.000641025641025641 78
update_start: 362; random_action_prob: 0.0407
update_complete: 362; loss: -0.0068694485041002435; cumulative_reward: 73.77000000000001; invalid_count: 0; positive_reward_count: 76; success_count: 74; episode_count: 74; random_exploration_count: 10; avg_entropy: 0.1515; best_tax_advantage: 35.0; random_action_prob: 0.0407
make_subcorporation -0.001935483870967742 93
transfer_cash 0.9243750000000001 80
contribute_for_stock 0.0 83
update_start: 363; random_action_prob: 0.0405
update_complete: 363; loss: -0.0021024576077858606; cumulative_reward: 67.69999999999999; invalid_count: 0; positive_reward_count: 68; success_count: 68; episode_count: 68; random_exploration_count: 11; avg_entropy: 0.1790; best_tax_advantage: 35.0; random_action_prob: 0.0405
make_subcorporation -0.0030303030303030303 99
transfer_cash 0.85 80
contribute_for_stock 0.0 77
update_start: 364; random_action_prob: 0.0403
update_complete: 364; loss: 0.02680240695675214; cumulative_reward: 79.75000000000001; invalid_count: 0; positive_reward_count: 83; success_count: 80; episode_count: 80; random_exploration_count: 10; avg_entropy: 0.1258; best_tax_advantage: 35.0; random_action_prob: 0.0403
make_subcorporation -0.0013186813186813187 91
transfer_cash 0.9398823529411765 85
contribute_for_stock -0.00025 80
update_start: 365; random_action_prob: 0.0401
update_complete: 365; loss: -0.0033261841939141354; cumulative_reward: 72.79999999999998; invalid_count: 0; positive_reward_count: 75; success_count: 73; episode_count: 73; random_exploration_count: 8; avg_entropy: 0.1343; best_tax_advantage: 35.0; random_action_prob: 0.0401
make_subcorporation -0.001888888888888889 90
transfer_cash 0.8585882352941177 85
contribute_for_stock -0.0001234567901234568 81
update_start: 366; random_action_prob: 0.0399
update_complete: 366; loss: -0.01742865735044082; cumulative_reward: 64.49; invalid_count: 0; positive_reward_count: 65; success_count: 65; episode_count: 65; random_exploration_count: 16; avg_entropy: 0.2013; best_tax_advantage: 35.0; random_action_prob: 0.0399
make_subcorporation -0.003592233009708738 103
transfer_cash 0.8539473684210527 76
contribute_for_stock -0.0005194805194805195 77
update_start: 367; random_action_prob: 0.0397
update_complete: 367; loss: -0.007207901527484258; cumulative_reward: 64.66999999999999; invalid_count: 0; positive_reward_count: 67; success_count: 65; episode_count: 65; random_exploration_count: 16; avg_entropy: 0.2022; best_tax_advantage: 35.0; random_action_prob: 0.0397
make_subcorporation -0.003052631578947368 95
transfer_cash 0.8020987654320988 81
contribute_for_stock -0.000125 80
update_start: 368; random_action_prob: 0.0395
update_complete: 368; loss: -0.0005725606655081114; cumulative_reward: 79.88999999999999; invalid_count: 0; positive_reward_count: 83; success_count: 80; episode_count: 80; random_exploration_count: 6; avg_entropy: 0.1109; best_tax_advantage: 35.0; random_action_prob: 0.0395
make_subcorporation -0.0008988764044943821 89
transfer_cash 0.9409411764705883 85
contribute_for_stock -0.00012195121951219512 82
update_start: 369; random_action_prob: 0.0393
update_complete: 369; loss: -0.0005402448587119579; cumulative_reward: 75.77; invalid_count: 0; positive_reward_count: 77; success_count: 76; episode_count: 76; random_exploration_count: 7; avg_entropy: 0.1236; best_tax_advantage: 35.0; random_action_prob: 0.0393
make_subcorporation -0.001979166666666667 96
transfer_cash 0.9615189873417721 79
contribute_for_stock 0.0 81
update_start: 370; random_action_prob: 0.0391
update_complete: 370; loss: -0.011644194523493448; cumulative_reward: 71.68999999999997; invalid_count: 0; positive_reward_count: 75; success_count: 72; episode_count: 72; random_exploration_count: 14; avg_entropy: 0.1810; best_tax_advantage: 35.0; random_action_prob: 0.0391
make_subcorporation -0.002474226804123711 97
transfer_cash 0.910886075949367 79
contribute_for_stock -0.000375 80
update_start: 371; random_action_prob: 0.0389
update_complete: 371; loss: 0.012079747083286444; cumulative_reward: 75.82; invalid_count: 0; positive_reward_count: 78; success_count: 76; episode_count: 76; random_exploration_count: 10; avg_entropy: 0.1560; best_tax_advantage: 35.0; random_action_prob: 0.0389
make_subcorporation -0.0017391304347826088 92
transfer_cash 0.9155421686746987 83
contribute_for_stock -0.0001234567901234568 81
update_start: 372; random_action_prob: 0.0387
update_complete: 372; loss: 0.007215878615776698; cumulative_reward: 75.78; invalid_count: 0; positive_reward_count: 77; success_count: 76; episode_count: 76; random_exploration_count: 11; avg_entropy: 0.1672; best_tax_advantage: 35.0; random_action_prob: 0.0387
make_subcorporation -0.0019148936170212765 94
transfer_cash 0.9496249999999999 80
contribute_for_stock -0.00012195121951219512 82
update_start: 373; random_action_prob: 0.0385
update_complete: 373; loss: 0.010619626380503178; cumulative_reward: 72.67999999999998; invalid_count: 0; positive_reward_count: 76; success_count: 73; episode_count: 73; random_exploration_count: 13; avg_entropy: 0.1973; best_tax_advantage: 35.0; random_action_prob: 0.0385
make_subcorporation -0.0022916666666666667 96
transfer_cash 0.9115 80
contribute_for_stock -0.00025 80
update_start: 374; random_action_prob: 0.0384
update_complete: 374; loss: 0.0017445894579092662; cumulative_reward: 76.85; invalid_count: 0; positive_reward_count: 78; success_count: 77; episode_count: 77; random_exploration_count: 9; avg_entropy: 0.1758; best_tax_advantage: 35.0; random_action_prob: 0.0384
make_subcorporation -0.0013333333333333333 90
transfer_cash 0.895 86
contribute_for_stock 0.0 80
update_start: 375; random_action_prob: 0.0382
update_complete: 375; loss: -0.0108455882097284; cumulative_reward: 68.71000000000001; invalid_count: 0; positive_reward_count: 74; success_count: 69; episode_count: 69; random_exploration_count: 11; avg_entropy: 0.2271; best_tax_advantage: 35.0; random_action_prob: 0.0382
make_subcorporation -0.002553191489361702 94
transfer_cash 0.8210714285714286 84
contribute_for_stock -0.0002564102564102564 78
update_start: 376; random_action_prob: 0.0380
update_complete: 376; loss: 0.004439298529177904; cumulative_reward: 72.78; invalid_count: 0; positive_reward_count: 75; success_count: 73; episode_count: 73; random_exploration_count: 9; avg_entropy: 0.2158; best_tax_advantage: 35.0; random_action_prob: 0.0380
make_subcorporation -0.0018681318681318683 91
transfer_cash 0.8686904761904761 84
contribute_for_stock -0.0002469135802469136 81
update_start: 377; random_action_prob: 0.0378
update_complete: 377; loss: 0.02726420760154724; cumulative_reward: 75.83; invalid_count: 0; positive_reward_count: 81; success_count: 76; episode_count: 76; random_exploration_count: 6; avg_entropy: 0.1769; best_tax_advantage: 35.0; random_action_prob: 0.0378
make_subcorporation -0.0016666666666666666 90
transfer_cash 0.9045238095238096 84
contribute_for_stock 0.0 82
update_start: 378; random_action_prob: 0.0376
update_complete: 378; loss: -0.010441008334358534; cumulative_reward: 70.78999999999999; invalid_count: 0; positive_reward_count: 74; success_count: 71; episode_count: 71; random_exploration_count: 7; avg_entropy: 0.1974; best_tax_advantage: 35.0; random_action_prob: 0.0376
make_subcorporation -0.002258064516129032 93
transfer_cash 0.8765432098765432 81
contribute_for_stock 0.0 82
update_start: 379; random_action_prob: 0.0374
update_complete: 379; loss: -0.014671259249250094; cumulative_reward: 72.79999999999998; invalid_count: 0; positive_reward_count: 75; success_count: 73; episode_count: 73; random_exploration_count: 6; avg_entropy: 0.1935; best_tax_advantage: 35.0; random_action_prob: 0.0374
make_subcorporation -0.001978021978021978 91
transfer_cash 0.8585882352941177 85
contribute_for_stock 0.0 80
update_start: 380; random_action_prob: 0.0372
update_complete: 380; loss: -0.002443852058301369; cumulative_reward: 70.73; invalid_count: 0; positive_reward_count: 76; success_count: 71; episode_count: 71; random_exploration_count: 11; avg_entropy: 0.2090; best_tax_advantage: 35.0; random_action_prob: 0.0372
make_subcorporation -0.0022826086956521737 92
transfer_cash 0.8154022988505747 87
contribute_for_stock 0.0 77
update_start: 381; random_action_prob: 0.0370
update_complete: 381; loss: 0.004961940770347913; cumulative_reward: 69.66; invalid_count: 0; positive_reward_count: 71; success_count: 70; episode_count: 70; random_exploration_count: 16; avg_entropy: 0.2582; best_tax_advantage: 35.0; random_action_prob: 0.0370
make_subcorporation -0.0026804123711340207 97
transfer_cash 0.8528048780487806 82
contribute_for_stock -0.00012987012987012987 77
update_start: 382; random_action_prob: 0.0368
update_complete: 382; loss: 9.22211135427157e-06; cumulative_reward: 73.74999999999999; invalid_count: 0; positive_reward_count: 76; success_count: 74; episode_count: 74; random_exploration_count: 12; avg_entropy: 0.2206; best_tax_advantage: 35.0; random_action_prob: 0.0368
make_subcorporation -0.001935483870967742 93
transfer_cash 0.8908433734939759 83
contribute_for_stock -0.000125 80
update_start: 383; random_action_prob: 0.0367
update_complete: 383; loss: -0.007686305791139603; cumulative_reward: 74.80000000000001; invalid_count: 0; positive_reward_count: 81; success_count: 75; episode_count: 75; random_exploration_count: 6; avg_entropy: 0.1769; best_tax_advantage: 35.0; random_action_prob: 0.0367
make_subcorporation -0.0015730337078651688 89
transfer_cash 0.8718604651162791 86
contribute_for_stock -0.0004938271604938272 81
update_start: 384; random_action_prob: 0.0365
update_complete: 384; loss: 0.015627754852175713; cumulative_reward: 72.67999999999999; invalid_count: 0; positive_reward_count: 76; success_count: 73; episode_count: 73; random_exploration_count: 15; avg_entropy: 0.2369; best_tax_advantage: 35.0; random_action_prob: 0.0365
make_subcorporation -0.0022340425531914895 94
transfer_cash 0.8578823529411765 85
contribute_for_stock -0.0003896103896103896 77
update_start: 385; random_action_prob: 0.0363
update_complete: 385; loss: -0.005222201036910216; cumulative_reward: 71.67999999999999; invalid_count: 0; positive_reward_count: 72; success_count: 72; episode_count: 72; random_exploration_count: 10; avg_entropy: 0.1935; best_tax_advantage: 35.0; random_action_prob: 0.0363
make_subcorporation -0.002653061224489796 98
transfer_cash 0.910632911392405 79
contribute_for_stock 0.0 79
update_start: 386; random_action_prob: 0.0361
update_complete: 386; loss: 0.01811739367743333; cumulative_reward: 72.75; invalid_count: 0; positive_reward_count: 76; success_count: 73; episode_count: 73; random_exploration_count: 8; avg_entropy: 0.1869; best_tax_advantage: 35.0; random_action_prob: 0.0361
make_subcorporation -0.002127659574468085 94
transfer_cash 0.8582352941176471 85
contribute_for_stock 0.0 77
update_start: 387; random_action_prob: 0.0359
update_complete: 387; loss: 7.336835066477458e-05; cumulative_reward: 67.58000000000001; invalid_count: 0; positive_reward_count: 68; success_count: 68; episode_count: 68; random_exploration_count: 14; avg_entropy: 0.2403; best_tax_advantage: 35.0; random_action_prob: 0.0359
make_subcorporation -0.003061224489795918 98
transfer_cash 0.8822077922077923 77
contribute_for_stock -0.0006172839506172839 81
update_start: 388; random_action_prob: 0.0358
update_complete: 388; loss: 0.0031511692019800344; cumulative_reward: 67.71; invalid_count: 0; positive_reward_count: 71; success_count: 68; episode_count: 68; random_exploration_count: 14; avg_entropy: 0.2198; best_tax_advantage: 35.0; random_action_prob: 0.0358
make_subcorporation -0.0028125000000000003 96
transfer_cash 0.8392592592592593 81
contribute_for_stock 0.0 79
update_start: 389; random_action_prob: 0.0356
update_complete: 389; loss: 0.014386460185050964; cumulative_reward: 77.84; invalid_count: 0; positive_reward_count: 79; success_count: 78; episode_count: 78; random_exploration_count: 8; avg_entropy: 0.1489; best_tax_advantage: 35.0; random_action_prob: 0.0356
make_subcorporation -0.0013186813186813187 91
transfer_cash 0.9282142857142857 84
contribute_for_stock -0.0001234567901234568 81
update_start: 390; random_action_prob: 0.0354
update_complete: 390; loss: -0.001213400314251582; cumulative_reward: 79.92; invalid_count: 0; positive_reward_count: 81; success_count: 80; episode_count: 80; random_exploration_count: 4; avg_entropy: 0.1217; best_tax_advantage: 35.0; random_action_prob: 0.0354
make_subcorporation -0.0008045977011494254 87
transfer_cash 0.9301162790697673 86
contribute_for_stock 0.0 83
update_start: 391; random_action_prob: 0.0352
update_complete: 391; loss: -0.011412917946775755; cumulative_reward: 78.82999999999998; invalid_count: 0; positive_reward_count: 80; success_count: 79; episode_count: 79; random_exploration_count: 9; avg_entropy: 0.1456; best_tax_advantage: 35.0; random_action_prob: 0.0352
make_subcorporation -0.0013186813186813187 91
transfer_cash 0.9398809523809524 84
contribute_for_stock 0.0 81
update_start: 392; random_action_prob: 0.0350
update_complete: 392; loss: 0.0506439283490181; cumulative_reward: 73.53999999999999; invalid_count: 0; positive_reward_count: 75; success_count: 74; episode_count: 74; random_exploration_count: 18; avg_entropy: 0.2312; best_tax_advantage: 35.0; random_action_prob: 0.0350
make_subcorporation -0.0023157894736842107 95
transfer_cash 0.9114814814814814 81
contribute_for_stock -0.0008750000000000001 80
update_start: 393; random_action_prob: 0.0349
update_complete: 393; loss: -0.009980826328198114; cumulative_reward: 67.69999999999997; invalid_count: 0; positive_reward_count: 69; success_count: 68; episode_count: 68; random_exploration_count: 14; avg_entropy: 0.1927; best_tax_advantage: 35.0; random_action_prob: 0.0349
make_subcorporation -0.0025274725274725277 91
transfer_cash 0.7994117647058824 85
contribute_for_stock -0.00025 80
update_start: 394; random_action_prob: 0.0347
update_complete: 394; loss: -0.011750534176826477; cumulative_reward: 79.91; invalid_count: 0; positive_reward_count: 80; success_count: 80; episode_count: 80; random_exploration_count: 5; avg_entropy: 0.1114; best_tax_advantage: 35.0; random_action_prob: 0.0347
make_subcorporation -0.0008045977011494254 87
transfer_cash 0.9522619047619048 84
contribute_for_stock -0.00011764705882352942 85
update_start: 395; random_action_prob: 0.0345
update_complete: 395; loss: -0.007340462878346443; cumulative_reward: 75.82; invalid_count: 0; positive_reward_count: 77; success_count: 76; episode_count: 76; random_exploration_count: 10; avg_entropy: 0.1509; best_tax_advantage: 35.0; random_action_prob: 0.0345
make_subcorporation -0.0015384615384615387 91
transfer_cash 0.9380246913580247 81
contribute_for_stock -0.0002380952380952381 84
update_start: 396; random_action_prob: 0.0343
