Job 892209 started on node18 at Fri Jul 10 16:32:18 CEST 2026
Output directory: experiments/results/loophole_learning_metrics_distressed_assets_892209_1_20260710_163218
Loopholes: distressed_assets
Runs: 10; updates: 100; rollout steps: 128; tail updates: 20
SHELTER_CHECK_DEVICE: cpu; stream train logs: 1
Fri Jul 10 16:32:18 2026       
+-----------------------------------------------------------------------------------------+
| NVIDIA-SMI 580.126.18             Driver Version: 580.126.18     CUDA Version: 13.0     |
+-----------------------------------------+------------------------+----------------------+
| GPU  Name                 Persistence-M | Bus-Id          Disp.A | Volatile Uncorr. ECC |
| Fan  Temp   Perf          Pwr:Usage/Cap |           Memory-Usage | GPU-Util  Compute M. |
|                                         |                        |               MIG M. |
|=========================================+========================+======================|
|   0  Tesla P100-PCIE-16GB           Off |   00000000:D8:00.0 Off |                    0 |
| N/A   30C    P0             27W /  250W |       0MiB /  16384MiB |      0%      Default |
|                                         |                        |                  N/A |
+-----------------------------------------+------------------------+----------------------+

+-----------------------------------------------------------------------------------------+
| Processes:                                                                              |
|  GPU   GI   CI              PID   Type   Process name                        GPU Memory |
|        ID   ID                                                               Usage      |
|=========================================================================================|
|  No running processes found                                                             |
+-----------------------------------------------------------------------------------------+
torch 2.5.1+cu121
cuda_available True
cuda 12.1
               total        used        free      shared  buff/cache   available
Mem:            62Gi        11Gi        14Gi        56Mi        36Gi        50Gi
Swap:           31Gi       164Mi        31Gi
2026-07-10T16:32:21 running distressed_assets run=0 seed=1729
update_start: 0; random_action_prob: 0.2500
update_complete: 0; loss: 5.618721644083659; cumulative_reward: 29.989999999999984; invalid_count: 0; positive_reward_count: 1; success_count: 1; episode_count: 5; random_exploration_count: 47; random_action_prob: 0.2500
make_subtrust -0.024142857142857143 70
move_asset -0.007000000000000001 40
sell_asset 1.8800000000000001 17
give_vesting_power 0.0 1
update_start: 1; random_action_prob: 0.2487
update_complete: 1; loss: 3.471205155054728; cumulative_reward: 27.559999999999988; invalid_count: 0; positive_reward_count: 1; success_count: 1; episode_count: 7; random_exploration_count: 43; random_action_prob: 0.2487
make_subtrust -0.024166666666666666 60
move_asset -0.01489795918367347 49
sell_asset 1.86375 16
give_vesting_power -0.02666666666666667 3
update_start: 2; random_action_prob: 0.2475
update_complete: 2; loss: 13.081077893575033; cumulative_reward: 83.05999999999996; invalid_count: 0; positive_reward_count: 3; success_count: 3; episode_count: 4; random_exploration_count: 35; random_action_prob: 0.2475
make_subtrust -0.027464788732394364 71
move_asset -0.017777777777777778 36
sell_asset 5.048235294117648 17
give_vesting_power -0.0425 4
update_start: 3; random_action_prob: 0.2463
update_complete: 3; loss: 13.33617909749349; cumulative_reward: 131.84000000000006; invalid_count: 0; positive_reward_count: 8; success_count: 8; episode_count: 9; random_exploration_count: 26; random_action_prob: 0.2463
make_subtrust -0.024918032786885248 61
move_asset -0.007777777777777777 36
sell_asset 5.815217391304348 23
give_vesting_power -0.01375 8
update_start: 4; random_action_prob: 0.2450
update_complete: 4; loss: 3.8755449453989663; cumulative_reward: 59.43000000000008; invalid_count: 0; positive_reward_count: 4; success_count: 4; episode_count: 7; random_exploration_count: 35; random_action_prob: 0.2450
make_subtrust -0.02588235294117647 68
move_asset -0.012058823529411766 34
sell_asset 3.4305555555555554 18
give_vesting_power -0.018750000000000003 8
update_start: 5; random_action_prob: 0.2438
update_complete: 5; loss: 17.712932586669922; cumulative_reward: 85.84999999999992; invalid_count: 0; positive_reward_count: 2; success_count: 2; episode_count: 3; random_exploration_count: 18; random_action_prob: 0.2438
make_subtrust -0.029111111111111112 90
move_asset -0.04055555555555555 18
sell_asset 5.5825 16
give_vesting_power -0.03 4
update_start: 6; random_action_prob: 0.2426
update_complete: 6; loss: 32.730116526285805; cumulative_reward: 226.60999999999996; invalid_count: 0; positive_reward_count: 9; success_count: 9; episode_count: 10; random_exploration_count: 37; random_action_prob: 0.2426
make_subtrust -0.025277777777777777 72
move_asset -0.022222222222222227 27
sell_asset 14.34375 16
give_vesting_power -0.036153846153846154 13
update_start: 7; random_action_prob: 0.2414
update_complete: 7; loss: 16.96484438578288; cumulative_reward: 104.44999999999995; invalid_count: 0; positive_reward_count: 5; success_count: 5; episode_count: 8; random_exploration_count: 34; random_action_prob: 0.2414
make_subtrust -0.022711864406779664 59
move_asset -0.01473684210526316 38
sell_asset 4.4383333333333335 24
give_vesting_power -0.02428571428571429 7
update_start: 8; random_action_prob: 0.2402
update_complete: 8; loss: 25.230202356974285; cumulative_reward: 212.40000000000006; invalid_count: 0; positive_reward_count: 8; success_count: 8; episode_count: 8; random_exploration_count: 33; random_action_prob: 0.2402
make_subtrust -0.022592592592592595 81
move_asset -0.012727272727272728 22
sell_asset 13.420625000000001 16
give_vesting_power -0.024444444444444446 9
update_start: 9; random_action_prob: 0.2390
update_complete: 9; loss: 37.34500376383463; cumulative_reward: 289.8500000000002; invalid_count: 0; positive_reward_count: 12; success_count: 12; episode_count: 12; random_exploration_count: 22; random_action_prob: 0.2390
make_subtrust -0.021369863013698632 73
move_asset -0.0275 24
sell_asset 15.39 19
give_vesting_power -0.028333333333333335 12
update_start: 10; random_action_prob: 0.2378
update_complete: 10; loss: 27.25793520609538; cumulative_reward: 209.35000000000005; invalid_count: 0; positive_reward_count: 9; success_count: 9; episode_count: 10; random_exploration_count: 23; random_action_prob: 0.2378
make_subtrust -0.02207317073170732 82
move_asset -0.014285714285714285 21
sell_asset 15.119285714285713 14
give_vesting_power -0.01909090909090909 11
update_start: 11; random_action_prob: 0.2366
update_complete: 11; loss: 34.83556620279948; cumulative_reward: 294.56; invalid_count: 0; positive_reward_count: 10; success_count: 10; episode_count: 12; random_exploration_count: 31; random_action_prob: 0.2366
make_subtrust -0.023880597014925373 67
move_asset -0.03 29
sell_asset 15.65421052631579 19
give_vesting_power -0.03076923076923077 13
update_start: 12; random_action_prob: 0.2354
update_complete: 12; loss: 29.964738210042317; cumulative_reward: 185.86000000000013; invalid_count: 0; positive_reward_count: 6; success_count: 6; episode_count: 7; random_exploration_count: 26; random_action_prob: 0.2354
make_subtrust -0.02076923076923077 65
move_asset -0.01125 32
sell_asset 8.536363636363637 22
give_vesting_power -0.025555555555555557 9
update_start: 13; random_action_prob: 0.2342
update_complete: 13; loss: 37.13206990559896; cumulative_reward: 337.26; invalid_count: 0; positive_reward_count: 12; success_count: 12; episode_count: 13; random_exploration_count: 29; random_action_prob: 0.2342
make_subtrust -0.02296875 64
move_asset -0.015172413793103448 29
sell_asset 15.43318181818182 22
give_vesting_power -0.027692307692307697 13
update_start: 14; random_action_prob: 0.2331
update_complete: 14; loss: 34.90147908528646; cumulative_reward: 278.3800000000001; invalid_count: 0; positive_reward_count: 11; success_count: 11; episode_count: 11; random_exploration_count: 36; random_action_prob: 0.2331
make_subtrust -0.026233766233766234 77
move_asset -0.028000000000000004 25
sell_asset 19.58 13
give_vesting_power 2.043076923076923 13
update_start: 15; random_action_prob: 0.2319
update_complete: 15; loss: 32.18250020345052; cumulative_reward: 262.36000000000007; invalid_count: 0; positive_reward_count: 11; success_count: 11; episode_count: 11; random_exploration_count: 23; random_action_prob: 0.2319
make_subtrust -0.02589041095890411 73
move_asset -0.01 25
sell_asset 14.708333333333334 18
give_vesting_power -0.020833333333333332 12
update_start: 16; random_action_prob: 0.2307
update_complete: 16; loss: 34.71151224772135; cumulative_reward: 250.53000000000006; invalid_count: 0; positive_reward_count: 9; success_count: 9; episode_count: 9; random_exploration_count: 29; random_action_prob: 0.2307
make_subtrust -0.025074626865671645 67
move_asset -0.010967741935483872 31
sell_asset 13.30578947368421 19
give_vesting_power -0.023636363636363636 11
update_start: 17; random_action_prob: 0.2296
update_complete: 17; loss: 43.568260192871094; cumulative_reward: 343.02000000000015; invalid_count: 0; positive_reward_count: 12; success_count: 12; episode_count: 12; random_exploration_count: 21; random_action_prob: 0.2296
make_subtrust -0.023870967741935485 62
move_asset -0.005294117647058823 34
sell_asset 17.240000000000002 20
give_vesting_power -0.01 12
update_start: 18; random_action_prob: 0.2284
update_complete: 18; loss: 34.56005859375; cumulative_reward: 259.2600000000002; invalid_count: 0; positive_reward_count: 10; success_count: 10; episode_count: 11; random_exploration_count: 28; random_action_prob: 0.2284
make_subtrust -0.02463768115942029 69
move_asset -0.016774193548387096 31
sell_asset 18.697857142857142 14
give_vesting_power -0.020714285714285716 14
update_start: 19; random_action_prob: 0.2273
update_complete: 19; loss: 53.738304138183594; cumulative_reward: 426.84; invalid_count: 0; positive_reward_count: 15; success_count: 15; episode_count: 15; random_exploration_count: 25; random_action_prob: 0.2273
make_subtrust -0.024909090909090912 55
move_asset -0.018717948717948716 39
sell_asset 22.49823529411765 17
give_vesting_power 2.733529411764706 17
update_start: 20; random_action_prob: 0.2262
update_complete: 20; loss: 36.71628443400065; cumulative_reward: 298.90999999999997; invalid_count: 0; positive_reward_count: 11; success_count: 11; episode_count: 12; random_exploration_count: 25; random_action_prob: 0.2262
make_subtrust -0.02616438356164384 73
move_asset -0.017499999999999998 28
sell_asset 21.544285714285714 14
give_vesting_power -0.023846153846153847 13
update_start: 21; random_action_prob: 0.2250
update_complete: 21; loss: 27.136372884114582; cumulative_reward: 262.19000000000017; invalid_count: 0; positive_reward_count: 11; success_count: 11; episode_count: 12; random_exploration_count: 36; random_action_prob: 0.2250
make_subtrust -0.027432432432432437 74
move_asset -0.03517241379310345 29
sell_asset 22.139166666666668 12
give_vesting_power -0.03307692307692308 13
update_start: 22; random_action_prob: 0.2239
update_complete: 22; loss: 37.85572942097982; cumulative_reward: 323.2300000000001; invalid_count: 0; positive_reward_count: 13; success_count: 13; episode_count: 13; random_exploration_count: 26; random_action_prob: 0.2239
make_subtrust -0.023484848484848487 66
move_asset -0.016451612903225808 31
sell_asset 17.538125 16
give_vesting_power 2.978666666666667 15
update_start: 23; random_action_prob: 0.2228
update_complete: 23; loss: 29.55432383219401; cumulative_reward: 277.7100000000001; invalid_count: 0; positive_reward_count: 13; success_count: 13; episode_count: 14; random_exploration_count: 30; random_action_prob: 0.2228
make_subtrust -0.0232258064516129 62
move_asset -0.01 31
sell_asset 13.319999999999999 21
give_vesting_power -0.018571428571428572 14
update_start: 24; random_action_prob: 0.2217
update_complete: 24; loss: 36.437625885009766; cumulative_reward: 379.8100000000001; invalid_count: 0; positive_reward_count: 17; success_count: 17; episode_count: 17; random_exploration_count: 30; random_action_prob: 0.2217
make_subtrust -0.017291666666666667 48
move_asset -0.012564102564102564 39
sell_asset 19.081 20
give_vesting_power -0.023333333333333334 21
update_start: 25; random_action_prob: 0.2206
update_complete: 25; loss: 50.59978485107422; cumulative_reward: 389.12000000000023; invalid_count: 0; positive_reward_count: 12; success_count: 12; episode_count: 12; random_exploration_count: 29; random_action_prob: 0.2206
make_subtrust -0.026712328767123285 73
move_asset -0.012307692307692308 26
sell_asset 26.112000000000002 15
give_vesting_power -0.020714285714285716 14
update_start: 26; random_action_prob: 0.2195
update_complete: 26; loss: 52.342271169026695; cumulative_reward: 445.47; invalid_count: 0; positive_reward_count: 14; success_count: 14; episode_count: 15; random_exploration_count: 24; random_action_prob: 0.2195
make_subtrust -0.028153846153846154 65
move_asset -0.02379310344827586 29
sell_asset 29.904 15
give_vesting_power -0.030000000000000002 19
update_start: 27; random_action_prob: 0.2184
update_complete: 27; loss: 26.23480796813965; cumulative_reward: 208.57000000000005; invalid_count: 0; positive_reward_count: 10; success_count: 10; episode_count: 12; random_exploration_count: 28; random_action_prob: 0.2184
make_subtrust -0.02947368421052632 76
move_asset -0.0175 24
sell_asset 16.276153846153846 13
give_vesting_power -0.024000000000000004 15
update_start: 28; random_action_prob: 0.2173
update_complete: 28; loss: 46.63719050089518; cumulative_reward: 427.29000000000025; invalid_count: 0; positive_reward_count: 14; success_count: 14; episode_count: 14; random_exploration_count: 26; random_action_prob: 0.2173
make_subtrust -0.02609375 64
move_asset -0.012857142857142859 28
sell_asset 20.455238095238094 21
give_vesting_power -0.016 15
update_start: 29; random_action_prob: 0.2162
update_complete: 29; loss: 55.868849436442055; cumulative_reward: 427.30999999999995; invalid_count: 0; positive_reward_count: 14; success_count: 14; episode_count: 14; random_exploration_count: 23; random_action_prob: 0.2162
make_subtrust -0.024492753623188406 69
move_asset -0.012592592592592593 27
sell_asset 23.86888888888889 18
give_vesting_power -0.02142857142857143 14
update_start: 30; random_action_prob: 0.2151
update_complete: 30; loss: 50.20287322998047; cumulative_reward: 454.33000000000027; invalid_count: 0; positive_reward_count: 15; success_count: 15; episode_count: 15; random_exploration_count: 26; random_action_prob: 0.2151
make_subtrust -0.02390625 64
move_asset -0.012666666666666666 30
sell_asset 24.031578947368423 19
give_vesting_power -0.024 15
update_start: 31; random_action_prob: 0.2140
update_complete: 31; loss: 51.03278350830078; cumulative_reward: 412.0900000000005; invalid_count: 0; positive_reward_count: 14; success_count: 14; episode_count: 14; random_exploration_count: 18; random_action_prob: 0.2140
make_subtrust -0.02666666666666667 69
move_asset -0.0152 25
sell_asset 23.038333333333334 18
give_vesting_power -0.02375 16
update_start: 32; random_action_prob: 0.2130
update_complete: 32; loss: 51.250387827555336; cumulative_reward: 371.16000000000037; invalid_count: 0; positive_reward_count: 14; success_count: 14; episode_count: 14; random_exploration_count: 32; random_action_prob: 0.2130
make_subtrust -0.027704918032786883 61
move_asset -0.01161290322580645 31
sell_asset 17.79 21
give_vesting_power -0.025333333333333333 15
update_start: 33; random_action_prob: 0.2119
update_complete: 33; loss: 57.638997395833336; cumulative_reward: 515.69; invalid_count: 0; positive_reward_count: 18; success_count: 18; episode_count: 18; random_exploration_count: 24; random_action_prob: 0.2119
make_subtrust -0.020851063829787235 47
move_asset -0.002 40
sell_asset 22.471304347826088 23
give_vesting_power -0.005 18
update_start: 34; random_action_prob: 0.2108
update_complete: 34; loss: 29.844606399536133; cumulative_reward: 358.00000000000017; invalid_count: 0; positive_reward_count: 15; success_count: 15; episode_count: 15; random_exploration_count: 30; random_action_prob: 0.2108
make_subtrust -0.024264705882352938 68
move_asset -0.016538461538461537 26
sell_asset 20.028333333333332 18
give_vesting_power -0.026875 16
update_start: 35; random_action_prob: 0.2098
update_complete: 35; loss: 34.653069814046226; cumulative_reward: 342.1500000000001; invalid_count: 0; positive_reward_count: 13; success_count: 13; episode_count: 13; random_exploration_count: 30; random_action_prob: 0.2098
make_subtrust -0.027681159420289855 69
move_asset -0.012592592592592593 27
sell_asset 18.13736842105263 19
give_vesting_power -0.016153846153846154 13
update_start: 36; random_action_prob: 0.2087
update_complete: 36; loss: 61.08541615804037; cumulative_reward: 415.57000000000016; invalid_count: 0; positive_reward_count: 14; success_count: 14; episode_count: 14; random_exploration_count: 35; random_action_prob: 0.2087
make_subtrust -0.027321428571428573 56
move_asset -0.008611111111111111 36
sell_asset 19.649047619047618 21
give_vesting_power 0.3186666666666667 15
update_start: 37; random_action_prob: 0.2077
update_complete: 37; loss: 39.75957743326823; cumulative_reward: 297.86000000000007; invalid_count: 0; positive_reward_count: 11; success_count: 11; episode_count: 11; random_exploration_count: 27; random_action_prob: 0.2077
make_subtrust -0.03203389830508475 59
move_asset -0.0029411764705882353 34
sell_asset 12.496666666666668 24
give_vesting_power -0.006363636363636364 11
update_start: 38; random_action_prob: 0.2066
update_complete: 38; loss: 51.136984507242836; cumulative_reward: 349.96000000000015; invalid_count: 0; positive_reward_count: 11; success_count: 11; episode_count: 11; random_exploration_count: 32; random_action_prob: 0.2066
make_subtrust -0.029066666666666668 75
move_asset -0.013478260869565217 23
sell_asset 18.760555555555555 18
give_vesting_power 1.23 12
update_start: 39; random_action_prob: 0.2056
update_complete: 39; loss: 41.1758778889974; cumulative_reward: 362.0600000000003; invalid_count: 0; positive_reward_count: 13; success_count: 13; episode_count: 13; random_exploration_count: 34; random_action_prob: 0.2056
make_subtrust -0.02573770491803279 61
move_asset -0.01793103448275862 29
sell_asset 15.188333333333333 24
give_vesting_power -0.02642857142857143 14
update_start: 40; random_action_prob: 0.2046
update_complete: 40; loss: 44.37417984008789; cumulative_reward: 348.63; invalid_count: 0; positive_reward_count: 12; success_count: 12; episode_count: 13; random_exploration_count: 31; random_action_prob: 0.2046
make_subtrust -0.02934426229508197 61
move_asset -0.02033333333333333 30
sell_asset 14.642083333333332 24
give_vesting_power -0.02923076923076923 13
update_start: 41; random_action_prob: 0.2036
update_complete: 41; loss: 30.551415761311848; cumulative_reward: 256.91000000000025; invalid_count: 0; positive_reward_count: 11; success_count: 11; episode_count: 11; random_exploration_count: 28; random_action_prob: 0.2036
make_subtrust -0.029726027397260272 73
move_asset -0.03041666666666667 24
sell_asset 13.703157894736842 19
give_vesting_power -0.04583333333333334 12
update_start: 42; random_action_prob: 0.2025
update_complete: 42; loss: 28.88473892211914; cumulative_reward: 316.0300000000002; invalid_count: 0; positive_reward_count: 14; success_count: 14; episode_count: 15; random_exploration_count: 21; random_action_prob: 0.2025
make_subtrust -0.030869565217391304 69
move_asset -0.04692307692307692 26
sell_asset 18.83823529411765 17
give_vesting_power -0.054375 16
update_start: 43; random_action_prob: 0.2015
update_complete: 43; loss: 28.517651240030926; cumulative_reward: 248.39999999999992; invalid_count: 0; positive_reward_count: 10; success_count: 10; episode_count: 10; random_exploration_count: 30; random_action_prob: 0.2015
make_subtrust -0.0347887323943662 71
move_asset -0.05407407407407407 27
sell_asset 14.059999999999999 18
give_vesting_power -0.0625 12
update_start: 44; random_action_prob: 0.2005
update_complete: 44; loss: 22.195837020874023; cumulative_reward: 280.85; invalid_count: 0; positive_reward_count: 15; success_count: 15; episode_count: 15; random_exploration_count: 24; random_action_prob: 0.2005
make_subtrust -0.03253333333333333 75
move_asset -0.04857142857142857 21
sell_asset 16.771764705882354 17
give_vesting_power -0.054000000000000006 15
update_start: 45; random_action_prob: 0.1995
update_complete: 45; loss: 38.60764821370443; cumulative_reward: 318.26000000000005; invalid_count: 0; positive_reward_count: 14; success_count: 14; episode_count: 14; random_exploration_count: 29; random_action_prob: 0.1995
make_subtrust -0.03147058823529412 68
move_asset -0.04346153846153847 26
sell_asset 17.905 18
give_vesting_power -0.0475 16
update_start: 46; random_action_prob: 0.1985
update_complete: 46; loss: 44.22616704305013; cumulative_reward: 368.65000000000055; invalid_count: 0; positive_reward_count: 13; success_count: 13; episode_count: 14; random_exploration_count: 25; random_action_prob: 0.1985
make_subtrust -0.03136986301369863 73
move_asset -0.0561904761904762 21
sell_asset 23.325625 16
give_vesting_power -0.06055555555555556 18
update_start: 47; random_action_prob: 0.1975
update_complete: 47; loss: 65.55182647705078; cumulative_reward: 476.5700000000005; invalid_count: 0; positive_reward_count: 16; success_count: 16; episode_count: 16; random_exploration_count: 26; random_action_prob: 0.1975
make_subtrust -0.030140845070422535 71
move_asset -0.03772727272727273 22
sell_asset 23.848333333333333 18
give_vesting_power 2.9570588235294117 17
update_start: 48; random_action_prob: 0.1965
update_complete: 48; loss: 40.04755528767904; cumulative_reward: 339.64000000000016; invalid_count: 0; positive_reward_count: 12; success_count: 12; episode_count: 13; random_exploration_count: 23; random_action_prob: 0.1965
make_subtrust -0.03319444444444444 72
move_asset -0.05217391304347826 23
sell_asset 21.516875 16
give_vesting_power -0.0611764705882353 17
update_start: 49; random_action_prob: 0.1956
update_complete: 49; loss: 53.29861323038737; cumulative_reward: 411.60000000000025; invalid_count: 0; positive_reward_count: 13; success_count: 13; episode_count: 13; random_exploration_count: 26; random_action_prob: 0.1956
make_subtrust -0.02486842105263158 76
move_asset -0.02391304347826087 23
sell_asset 25.904375 16
give_vesting_power -0.03307692307692308 13
update_start: 50; random_action_prob: 0.1946
update_complete: 50; loss: 47.57734807332357; cumulative_reward: 395.36999999999995; invalid_count: 0; positive_reward_count: 15; success_count: 15; episode_count: 15; random_exploration_count: 17; random_action_prob: 0.1946
make_subtrust -0.023194444444444445 72
move_asset -0.030000000000000002 22
sell_asset 20.96578947368421 19
give_vesting_power -0.043333333333333335 15
update_start: 51; random_action_prob: 0.1936
update_complete: 51; loss: 38.61827850341797; cumulative_reward: 338.65; invalid_count: 0; positive_reward_count: 13; success_count: 13; episode_count: 13; random_exploration_count: 19; random_action_prob: 0.1936
make_subtrust -0.021 70
move_asset -0.03 25
sell_asset 20.083529411764708 17
give_vesting_power -0.034375 16
update_start: 52; random_action_prob: 0.1926
update_complete: 52; loss: 46.043715159098305; cumulative_reward: 369.0899999999999; invalid_count: 0; positive_reward_count: 13; success_count: 13; episode_count: 13; random_exploration_count: 24; random_action_prob: 0.1926
make_subtrust -0.024415584415584418 77
move_asset -0.037142857142857144 21
sell_asset 23.315 14
give_vesting_power 2.8337499999999998 16
update_start: 53; random_action_prob: 0.1917
update_complete: 53; loss: 67.50083923339844; cumulative_reward: 508.2099999999997; invalid_count: 0; positive_reward_count: 16; success_count: 16; episode_count: 16; random_exploration_count: 22; random_action_prob: 0.1917
make_subtrust -0.020714285714285713 70
move_asset -0.04 24
sell_asset 26.724117647058822 17
give_vesting_power 3.3123529411764707 17
update_start: 54; random_action_prob: 0.1907
update_complete: 54; loss: 38.69383748372396; cumulative_reward: 346.38000000000005; invalid_count: 0; positive_reward_count: 13; success_count: 13; episode_count: 13; random_exploration_count: 27; random_action_prob: 0.1907
make_subtrust -0.01949367088607595 79
move_asset -0.0405 20
sell_asset 22.290666666666667 15
give_vesting_power 1.0264285714285715 14
update_start: 55; random_action_prob: 0.1898
update_complete: 55; loss: 53.0965944925944; cumulative_reward: 405.04; invalid_count: 0; positive_reward_count: 13; success_count: 13; episode_count: 14; random_exploration_count: 26; random_action_prob: 0.1898
make_subtrust -0.023835616438356164 73
move_asset -0.035 24
sell_asset 24.022000000000002 15
give_vesting_power 2.955625 16
update_start: 56; random_action_prob: 0.1888
update_complete: 56; loss: 33.56861114501953; cumulative_reward: 315.7500000000001; invalid_count: 0; positive_reward_count: 11; success_count: 11; episode_count: 11; random_exploration_count: 23; random_action_prob: 0.1888
make_subtrust -0.027840909090909093 88
move_asset -0.04125 16
sell_asset 24.565384615384616 13
give_vesting_power -0.04454545454545455 11
update_start: 57; random_action_prob: 0.1879
update_complete: 57; loss: 31.549250920613606; cumulative_reward: 281.4200000000001; invalid_count: 0; positive_reward_count: 12; success_count: 12; episode_count: 13; random_exploration_count: 18; random_action_prob: 0.1879
make_subtrust -0.028765432098765434 81
move_asset -0.04736842105263158 19
sell_asset 23.787499999999998 12
give_vesting_power -0.05 16
update_start: 58; random_action_prob: 0.1869
update_complete: 58; loss: 58.48453267415365; cumulative_reward: 461.88999999999993; invalid_count: 0; positive_reward_count: 15; success_count: 15; episode_count: 16; random_exploration_count: 27; random_action_prob: 0.1869
make_subtrust -0.026521739130434784 69
move_asset -0.03 25
sell_asset 25.845555555555556 18
give_vesting_power -0.046875 16
update_start: 59; random_action_prob: 0.1860
update_complete: 59; loss: 58.6448008219401; cumulative_reward: 438.04; invalid_count: 0; positive_reward_count: 14; success_count: 14; episode_count: 14; random_exploration_count: 19; random_action_prob: 0.1860
make_subtrust -0.023414634146341467 82
move_asset -0.04058823529411765 17
sell_asset 29.419333333333334 15
give_vesting_power -0.045714285714285714 14
update_start: 60; random_action_prob: 0.1851
update_complete: 60; loss: 37.652217864990234; cumulative_reward: 370.00000000000017; invalid_count: 0; positive_reward_count: 16; success_count: 16; episode_count: 16; random_exploration_count: 25; random_action_prob: 0.1851
make_subtrust -0.023424657534246576 73
move_asset -0.03954545454545455 22
sell_asset 21.95823529411765 17
give_vesting_power -0.044375000000000005 16
update_start: 61; random_action_prob: 0.1841
update_complete: 61; loss: 35.89486821492513; cumulative_reward: 287.8800000000001; invalid_count: 0; positive_reward_count: 11; success_count: 11; episode_count: 11; random_exploration_count: 21; random_action_prob: 0.1841
make_subtrust -0.03293478260869565 92
move_asset -0.05384615384615385 13
sell_asset 24.355 12
give_vesting_power -0.05909090909090909 11
update_start: 62; random_action_prob: 0.1832
update_complete: 62; loss: 43.74711608886719; cumulative_reward: 390.37999999999994; invalid_count: 0; positive_reward_count: 13; success_count: 13; episode_count: 15; random_exploration_count: 29; random_action_prob: 0.1832
make_subtrust -0.027692307692307693 65
move_asset -0.042499999999999996 28
sell_asset 21.894444444444442 18
give_vesting_power -0.04294117647058823 17
update_start: 63; random_action_prob: 0.1823
update_complete: 63; loss: 34.94119135538737; cumulative_reward: 316.47999999999996; invalid_count: 0; positive_reward_count: 12; success_count: 12; episode_count: 12; random_exploration_count: 21; random_action_prob: 0.1823
make_subtrust -0.028470588235294116 85
move_asset -0.043529411764705886 17
sell_asset 24.64076923076923 13
give_vesting_power -0.053076923076923084 13
update_start: 64; random_action_prob: 0.1814
update_complete: 64; loss: 59.82818857828776; cumulative_reward: 476.35000000000014; invalid_count: 0; positive_reward_count: 15; success_count: 15; episode_count: 15; random_exploration_count: 21; random_action_prob: 0.1814
make_subtrust -0.02818181818181818 77
move_asset -0.0465 20
sell_asset 26.825625 16
give_vesting_power 3.3493333333333335 15
update_start: 65; random_action_prob: 0.1805
update_complete: 65; loss: 37.58180236816406; cumulative_reward: 366.3499999999999; invalid_count: 0; positive_reward_count: 15; success_count: 15; episode_count: 16; random_exploration_count: 23; random_action_prob: 0.1805
make_subtrust -0.026805555555555558 72
move_asset -0.04727272727272727 22
sell_asset 24.682000000000002 15
give_vesting_power -0.04789473684210527 19
update_start: 66; random_action_prob: 0.1796
update_complete: 66; loss: 51.57266743977865; cumulative_reward: 410.03; invalid_count: 0; positive_reward_count: 14; success_count: 14; episode_count: 15; random_exploration_count: 29; random_action_prob: 0.1796
make_subtrust -0.028507462686567165 67
move_asset -0.04576923076923078 26
sell_asset 25.883125 16
give_vesting_power -0.05263157894736842 19
update_start: 67; random_action_prob: 0.1787
update_complete: 67; loss: 48.75423812866211; cumulative_reward: 377.9900000000001; invalid_count: 0; positive_reward_count: 15; success_count: 15; episode_count: 15; random_exploration_count: 28; random_action_prob: 0.1787
make_subtrust -0.030833333333333338 72
move_asset -0.04521739130434783 23
sell_asset 22.476470588235294 17
give_vesting_power -0.053125000000000006 16
update_start: 68; random_action_prob: 0.1778
update_complete: 68; loss: 47.1396853129069; cumulative_reward: 377.1199999999999; invalid_count: 0; positive_reward_count: 15; success_count: 15; episode_count: 15; random_exploration_count: 13; random_action_prob: 0.1778
make_subtrust -0.028000000000000004 80
move_asset -0.05470588235294118 17
sell_asset 25.411333333333335 15
give_vesting_power -0.05500000000000001 16
update_start: 69; random_action_prob: 0.1769
update_complete: 69; loss: 47.18525314331055; cumulative_reward: 323.07000000000016; invalid_count: 0; positive_reward_count: 11; success_count: 11; episode_count: 11; random_exploration_count: 23; random_action_prob: 0.1769
make_subtrust -0.028918918918918922 74
move_asset -0.04708333333333334 24
sell_asset 20.444375 16
give_vesting_power -0.055 14
update_start: 70; random_action_prob: 0.1760
update_complete: 70; loss: 40.95633316040039; cumulative_reward: 385.3700000000001; invalid_count: 0; positive_reward_count: 15; success_count: 15; episode_count: 15; random_exploration_count: 19; random_action_prob: 0.1760
make_subtrust -0.028311688311688312 77
move_asset -0.044500000000000005 20
sell_asset 24.32625 16
give_vesting_power -0.052000000000000005 15
update_start: 71; random_action_prob: 0.1751
update_complete: 71; loss: 31.04847017923991; cumulative_reward: 267.73; invalid_count: 0; positive_reward_count: 12; success_count: 12; episode_count: 12; random_exploration_count: 23; random_action_prob: 0.1751
make_subtrust -0.03128205128205128 78
move_asset -0.054000000000000006 20
sell_asset 19.44214285714286 14
give_vesting_power -0.058750000000000004 16
update_start: 72; random_action_prob: 0.1743
update_complete: 72; loss: 54.56999079386393; cumulative_reward: 427.4400000000001; invalid_count: 0; positive_reward_count: 14; success_count: 14; episode_count: 14; random_exploration_count: 28; random_action_prob: 0.1743
make_subtrust -0.029113924050632914 79
move_asset -0.043500000000000004 20
sell_asset 27.595714285714283 14
give_vesting_power 2.951333333333333 15
update_start: 73; random_action_prob: 0.1734
update_complete: 73; loss: 42.82421366373698; cumulative_reward: 360.75999999999993; invalid_count: 0; positive_reward_count: 14; success_count: 14; episode_count: 15; random_exploration_count: 32; random_action_prob: 0.1734
make_subtrust -0.02590909090909091 66
move_asset -0.039642857142857146 28
sell_asset 19.7725 16
give_vesting_power 2.6233333333333335 18
update_start: 74; random_action_prob: 0.1725
update_complete: 74; loss: 52.96950022379557; cumulative_reward: 345.80999999999983; invalid_count: 0; positive_reward_count: 11; success_count: 11; episode_count: 12; random_exploration_count: 19; random_action_prob: 0.1725
make_subtrust -0.024390243902439025 82
move_asset -0.045000000000000005 18
sell_asset 26.873846153846156 13
give_vesting_power -0.04933333333333333 15
update_start: 75; random_action_prob: 0.1717
update_complete: 75; loss: 39.98764165242513; cumulative_reward: 332.50000000000006; invalid_count: 0; positive_reward_count: 13; success_count: 13; episode_count: 13; random_exploration_count: 21; random_action_prob: 0.1717
make_subtrust -0.027037037037037037 81
move_asset -0.05 17
sell_asset 22.418 15
give_vesting_power -0.04866666666666667 15
update_start: 76; random_action_prob: 0.1708
update_complete: 76; loss: 42.69197082519531; cumulative_reward: 384.06000000000034; invalid_count: 0; positive_reward_count: 15; success_count: 15; episode_count: 15; random_exploration_count: 26; random_action_prob: 0.1708
make_subtrust -0.03346666666666667 75
move_asset -0.06050000000000001 20
sell_asset 24.306875 16
give_vesting_power -0.06647058823529413 17
update_start: 77; random_action_prob: 0.1699
update_complete: 77; loss: 54.592376708984375; cumulative_reward: 441.37000000000006; invalid_count: 0; positive_reward_count: 15; success_count: 15; episode_count: 15; random_exploration_count: 18; random_action_prob: 0.1699
make_subtrust -0.03205128205128205 78
move_asset -0.06105263157894738 19
sell_asset 27.87375 16
give_vesting_power -0.06333333333333334 15
update_start: 78; random_action_prob: 0.1691
update_complete: 78; loss: 49.37472661336263; cumulative_reward: 411.50000000000017; invalid_count: 0; positive_reward_count: 14; success_count: 14; episode_count: 14; random_exploration_count: 20; random_action_prob: 0.1691
make_subtrust -0.03324675324675325 77
move_asset -0.05476190476190477 21
sell_asset 26.00375 16
give_vesting_power -0.06071428571428572 14
update_start: 79; random_action_prob: 0.1683
update_complete: 79; loss: 36.99786504109701; cumulative_reward: 341.89; invalid_count: 0; positive_reward_count: 13; success_count: 13; episode_count: 13; random_exploration_count: 26; random_action_prob: 0.1683
make_subtrust -0.03321428571428572 84
move_asset -0.047058823529411764 17
sell_asset 24.73 14
give_vesting_power -0.05692307692307692 13
update_start: 80; random_action_prob: 0.1674
update_complete: 80; loss: 50.16662851969401; cumulative_reward: 314.7300000000001; invalid_count: 0; positive_reward_count: 11; success_count: 11; episode_count: 11; random_exploration_count: 26; random_action_prob: 0.1674
make_subtrust -0.027471264367816092 87
move_asset -0.04 16
sell_asset 24.49230769230769 13
give_vesting_power -0.05333333333333334 12
update_start: 81; random_action_prob: 0.1666
update_complete: 81; loss: 57.082051595052086; cumulative_reward: 446.21000000000015; invalid_count: 0; positive_reward_count: 15; success_count: 15; episode_count: 15; random_exploration_count: 26; random_action_prob: 0.1666
make_subtrust -0.026756756756756758 74
move_asset -0.049090909090909095 22
sell_asset 24.006470588235295 17
give_vesting_power 2.744 15
update_start: 82; random_action_prob: 0.1657
update_complete: 82; loss: 39.02714284261068; cumulative_reward: 374.08000000000015; invalid_count: 0; positive_reward_count: 15; success_count: 15; episode_count: 15; random_exploration_count: 19; random_action_prob: 0.1657
make_subtrust -0.02864864864864865 74
move_asset -0.04727272727272727 22
sell_asset 21.18 17
give_vesting_power 1.1453333333333333 15
update_start: 83; random_action_prob: 0.1649
update_complete: 83; loss: 37.38425064086914; cumulative_reward: 350.0299999999999; invalid_count: 0; positive_reward_count: 14; success_count: 14; episode_count: 14; random_exploration_count: 17; random_action_prob: 0.1649
make_subtrust -0.020533333333333334 75
move_asset -0.021304347826086957 23
sell_asset 23.50133333333333 15
give_vesting_power -0.03066666666666667 15
update_start: 84; random_action_prob: 0.1641
update_complete: 84; loss: 56.20622889200846; cumulative_reward: 508.2100000000002; invalid_count: 0; positive_reward_count: 17; success_count: 17; episode_count: 17; random_exploration_count: 16; random_action_prob: 0.1641
make_subtrust -0.024857142857142855 70
move_asset -0.03173913043478261 23
sell_asset 28.40777777777778 18
give_vesting_power -0.03882352941176471 17
update_start: 85; random_action_prob: 0.1633
update_complete: 85; loss: 48.733533223470054; cumulative_reward: 295.75; invalid_count: 0; positive_reward_count: 11; success_count: 11; episode_count: 11; random_exploration_count: 13; random_action_prob: 0.1633
make_subtrust -0.026853932584269664 89
move_asset -0.044375000000000005 16
sell_asset 24.95 12
give_vesting_power -0.05 11
update_start: 86; random_action_prob: 0.1625
update_complete: 86; loss: 54.366546630859375; cumulative_reward: 415.79999999999984; invalid_count: 0; positive_reward_count: 14; success_count: 14; episode_count: 15; random_exploration_count: 25; random_action_prob: 0.1625
make_subtrust -0.021666666666666667 66
move_asset -0.026153846153846156 26
sell_asset 20.9215 20
give_vesting_power -0.0325 16
update_start: 87; random_action_prob: 0.1616
update_complete: 87; loss: 54.105875651041664; cumulative_reward: 460.19; invalid_count: 0; positive_reward_count: 15; success_count: 15; episode_count: 15; random_exploration_count: 26; random_action_prob: 0.1616
make_subtrust -0.026417910447761195 67
move_asset -0.027307692307692307 26
sell_asset 23.1625 20
give_vesting_power -0.03866666666666666 15
update_start: 88; random_action_prob: 0.1608
update_complete: 88; loss: 43.31821823120117; cumulative_reward: 337.74000000000035; invalid_count: 0; positive_reward_count: 13; success_count: 13; episode_count: 13; random_exploration_count: 25; random_action_prob: 0.1608
make_subtrust -0.03263888888888889 72
move_asset -0.048799999999999996 25
sell_asset 18.758125 16
give_vesting_power 2.7453333333333334 15
update_start: 89; random_action_prob: 0.1600
update_complete: 89; loss: 39.52325312296549; cumulative_reward: 446.0000000000002; invalid_count: 0; positive_reward_count: 17; success_count: 17; episode_count: 18; random_exploration_count: 21; random_action_prob: 0.1600
make_subtrust -0.021454545454545452 55
move_asset -0.0125 36
sell_asset 24.880555555555556 18
give_vesting_power -0.011578947368421053 19
update_start: 90; random_action_prob: 0.1592
update_complete: 90; loss: 61.07024002075195; cumulative_reward: 533.3300000000002; invalid_count: 0; positive_reward_count: 17; success_count: 17; episode_count: 17; random_exploration_count: 27; random_action_prob: 0.1592
make_subtrust -0.0228 50
move_asset -0.003902439024390244 41
sell_asset 28.146842105263158 19
give_vesting_power -0.008888888888888889 18
update_start: 91; random_action_prob: 0.1584
update_complete: 91; loss: 57.663326263427734; cumulative_reward: 508.96000000000004; invalid_count: 0; positive_reward_count: 17; success_count: 17; episode_count: 17; random_exploration_count: 16; random_action_prob: 0.1584
make_subtrust -0.02338983050847458 59
move_asset -0.006562500000000001 32
sell_asset 25.538 20
give_vesting_power -0.012352941176470589 17
update_start: 92; random_action_prob: 0.1576
update_complete: 92; loss: 38.955919901529946; cumulative_reward: 381.5400000000001; invalid_count: 0; positive_reward_count: 15; success_count: 15; episode_count: 15; random_exploration_count: 16; random_action_prob: 0.1576
make_subtrust -0.02373134328358209 67
move_asset -0.01107142857142857 28
sell_asset 22.571764705882355 17
give_vesting_power -0.0175 16
update_start: 93; random_action_prob: 0.1569
update_complete: 93; loss: 56.24015553792318; cumulative_reward: 517.1500000000002; invalid_count: 0; positive_reward_count: 19; success_count: 19; episode_count: 20; random_exploration_count: 25; random_action_prob: 0.1569
make_subtrust -0.009166666666666667 36
move_asset -0.0037254901960784314 51
sell_asset 25.892500000000002 20
give_vesting_power -0.008571428571428572 21
update_start: 94; random_action_prob: 0.1561
update_complete: 94; loss: 35.927391052246094; cumulative_reward: 418.73000000000013; invalid_count: 0; positive_reward_count: 18; success_count: 18; episode_count: 18; random_exploration_count: 17; random_action_prob: 0.1561
make_subtrust -0.01509433962264151 53
move_asset -0.005277777777777778 36
sell_asset 22.09894736842105 19
give_vesting_power -0.008 20
update_start: 95; random_action_prob: 0.1553
update_complete: 95; loss: 31.10524559020996; cumulative_reward: 298.33000000000004; invalid_count: 0; positive_reward_count: 12; success_count: 12; episode_count: 12; random_exploration_count: 31; random_action_prob: 0.1553
make_subtrust -0.023000000000000003 60
move_asset -0.01756756756756757 37
sell_asset 14.571764705882353 17
give_vesting_power 3.7600000000000002 14
update_start: 96; random_action_prob: 0.1545
update_complete: 96; loss: 58.84121831258138; cumulative_reward: 466.11; invalid_count: 0; positive_reward_count: 15; success_count: 15; episode_count: 15; random_exploration_count: 24; random_action_prob: 0.1545
make_subtrust -0.021774193548387097 62
move_asset -0.0048484848484848485 33
sell_asset 25.989444444444445 18
give_vesting_power -0.012666666666666666 15
update_start: 97; random_action_prob: 0.1537
update_complete: 97; loss: 60.01681264241537; cumulative_reward: 510.9200000000003; invalid_count: 0; positive_reward_count: 17; success_count: 17; episode_count: 17; random_exploration_count: 19; random_action_prob: 0.1537
make_subtrust -0.02393939393939394 66
move_asset -0.02076923076923077 26
sell_asset 28.528888888888886 18
give_vesting_power -0.02666666666666667 18
update_start: 98; random_action_prob: 0.1530
update_complete: 98; loss: 41.974108378092446; cumulative_reward: 333.2199999999998; invalid_count: 0; positive_reward_count: 13; success_count: 13; episode_count: 14; random_exploration_count: 16; random_action_prob: 0.1530
make_subtrust -0.02315068493150685 73
move_asset -0.0204 25
sell_asset 25.830000000000002 13
give_vesting_power -0.02176470588235294 17
update_start: 99; random_action_prob: 0.1522
update_complete: 99; loss: 52.4673220316569; cumulative_reward: 479.1200000000002; invalid_count: 0; positive_reward_count: 16; success_count: 16; episode_count: 17; random_exploration_count: 12; random_action_prob: 0.1522
make_subtrust -0.019375 64
move_asset -0.009000000000000001 30
sell_asset 30.053125 16
give_vesting_power -0.012222222222222223 18
2026-07-10T16:47:21 completed distressed_assets run=0 elapsed_seconds=893.83 updates_logged=100
2026-07-10T16:47:21 running distressed_assets run=1 seed=1730
update_start: 0; random_action_prob: 0.2500
update_complete: 0; loss: 21.537986119588215; cumulative_reward: 86.04000000000003; invalid_count: 0; positive_reward_count: 2; success_count: 2; episode_count: 7; random_exploration_count: 38; random_action_prob: 0.2500
make_subtrust -0.025833333333333333 60
move_asset -0.017872340425531916 47
sell_asset 2.361111111111111 18
give_vesting_power 15.31 3
update_start: 1; random_action_prob: 0.2487
update_complete: 1; loss: 1.953399419784546; cumulative_reward: 17.34999999999999; invalid_count: 0; positive_reward_count: 1; success_count: 1; episode_count: 2; random_exploration_count: 30; random_action_prob: 0.2487
make_subtrust -0.026338028169014087 71
move_asset -0.010606060606060607 33
sell_asset 0.9366666666666665 21
give_vesting_power -0.03333333333333333 3
update_start: 2; random_action_prob: 0.2475
update_complete: 2; loss: 5.241473197937012; cumulative_reward: 28.04; invalid_count: 0; positive_reward_count: 1; success_count: 1; episode_count: 4; random_exploration_count: 31; random_action_prob: 0.2475
make_subtrust -0.02880952380952381 84
move_asset -0.011923076923076923 26
sell_asset 2.0573333333333332 15
give_vesting_power -0.03 3
update_start: 3; random_action_prob: 0.2463
update_complete: 3; loss: 6.854757150014241; cumulative_reward: 51.36000000000005; invalid_count: 0; positive_reward_count: 3; success_count: 3; episode_count: 4; random_exploration_count: 32; random_action_prob: 0.2463
make_subtrust -0.026913580246913583 81
move_asset -0.0033333333333333335 24
sell_asset 2.686 20
give_vesting_power -0.03333333333333333 3
update_start: 4; random_action_prob: 0.2450
update_complete: 4; loss: 11.066972732543945; cumulative_reward: 90.98999999999998; invalid_count: 0; positive_reward_count: 4; success_count: 4; episode_count: 5; random_exploration_count: 32; random_action_prob: 0.2450
make_subtrust -0.025810810810810814 74
move_asset -0.0125 28
sell_asset 4.676 20
give_vesting_power -0.045000000000000005 6
update_start: 5; random_action_prob: 0.2438
update_complete: 5; loss: 10.148645083109537; cumulative_reward: 88.01999999999997; invalid_count: 0; positive_reward_count: 4; success_count: 4; episode_count: 4; random_exploration_count: 31; random_action_prob: 0.2438
make_subtrust -0.01948051948051948 77
move_asset -0.005185185185185185 27
sell_asset 4.486 20
give_vesting_power -0.015 4
update_start: 6; random_action_prob: 0.2426
update_complete: 6; loss: 20.813786188761394; cumulative_reward: 157.63999999999993; invalid_count: 0; positive_reward_count: 7; success_count: 7; episode_count: 8; random_exploration_count: 32; random_action_prob: 0.2426
make_subtrust -0.021805555555555557 72
move_asset -0.007241379310344827 29
sell_asset 8.870555555555555 18
give_vesting_power -0.027777777777777776 9
update_start: 7; random_action_prob: 0.2414
update_complete: 7; loss: 4.96376895904541; cumulative_reward: 40.290000000000006; invalid_count: 0; positive_reward_count: 2; success_count: 2; episode_count: 2; random_exploration_count: 32; random_action_prob: 0.2414
make_subtrust -0.018472222222222223 72
move_asset -0.0032142857142857142 28
sell_asset 1.6688 25
give_vesting_power -0.0033333333333333335 3
update_start: 8; random_action_prob: 0.2402
update_complete: 8; loss: 20.923714955647785; cumulative_reward: 146.50000000000006; invalid_count: 0; positive_reward_count: 5; success_count: 5; episode_count: 7; random_exploration_count: 30; random_action_prob: 0.2402
make_subtrust -0.020147058823529414 68
move_asset -0.016764705882352942 34
sell_asset 7.4254999999999995 20
give_vesting_power -0.011666666666666667 6
update_start: 9; random_action_prob: 0.2390
update_complete: 9; loss: 20.005647659301758; cumulative_reward: 137.58999999999997; invalid_count: 0; positive_reward_count: 5; success_count: 5; episode_count: 7; random_exploration_count: 40; random_action_prob: 0.2390
make_subtrust -0.019571428571428573 70
move_asset -0.014687500000000001 32
sell_asset 7.348421052631579 19
give_vesting_power -0.027142857142857142 7
update_start: 10; random_action_prob: 0.2378
update_complete: 10; loss: 20.487131118774414; cumulative_reward: 145.93999999999994; invalid_count: 0; positive_reward_count: 5; success_count: 5; episode_count: 5; random_exploration_count: 33; random_action_prob: 0.2378
make_subtrust -0.019594594594594596 74
move_asset -0.007407407407407408 27
sell_asset 7.033809523809524 21
give_vesting_power -0.02 6
update_start: 11; random_action_prob: 0.2366
update_complete: 11; loss: 32.07249450683594; cumulative_reward: 227.7799999999999; invalid_count: 0; positive_reward_count: 7; success_count: 7; episode_count: 10; random_exploration_count: 34; random_action_prob: 0.2366
make_subtrust -0.018 65
move_asset -0.012424242424242423 33
sell_asset 13.51235294117647 17
give_vesting_power -0.02692307692307692 13
update_start: 12; random_action_prob: 0.2354
update_complete: 12; loss: 32.8230094909668; cumulative_reward: 250.0700000000001; invalid_count: 0; positive_reward_count: 9; success_count: 9; episode_count: 10; random_exploration_count: 31; random_action_prob: 0.2354
make_subtrust -0.018923076923076924 65
move_asset -0.007500000000000001 32
sell_asset 13.24578947368421 19
give_vesting_power -0.010833333333333334 12
update_start: 13; random_action_prob: 0.2342
update_complete: 13; loss: 24.252150853474934; cumulative_reward: 210.1; invalid_count: 0; positive_reward_count: 9; success_count: 9; episode_count: 9; random_exploration_count: 30; random_action_prob: 0.2342
make_subtrust -0.021470588235294116 68
move_asset -0.004375 32
sell_asset 11.146315789473684 19
give_vesting_power -0.008888888888888889 9
update_start: 14; random_action_prob: 0.2331
update_complete: 14; loss: 50.806617736816406; cumulative_reward: 419.35999999999984; invalid_count: 0; positive_reward_count: 14; success_count: 14; episode_count: 14; random_exploration_count: 29; random_action_prob: 0.2331
make_subtrust -0.02 62
move_asset -0.0030303030303030303 33
sell_asset 22.147894736842105 19
give_vesting_power -0.007857142857142858 14
update_start: 15; random_action_prob: 0.2319
update_complete: 15; loss: 44.080963134765625; cumulative_reward: 239.93000000000004; invalid_count: 0; positive_reward_count: 7; success_count: 7; episode_count: 7; random_exploration_count: 37; random_action_prob: 0.2319
make_subtrust -0.02123456790123457 81
move_asset -0.005 22
sell_asset 13.434444444444445 18
give_vesting_power -0.008571428571428572 7
update_start: 16; random_action_prob: 0.2307
update_complete: 16; loss: 56.08528137207031; cumulative_reward: 415.7500000000001; invalid_count: 0; positive_reward_count: 13; success_count: 13; episode_count: 13; random_exploration_count: 38; random_action_prob: 0.2307
make_subtrust -0.017 60
move_asset -0.0019444444444444446 36
sell_asset 23.16111111111111 18
give_vesting_power -0.004285714285714286 14
update_start: 17; random_action_prob: 0.2296
update_complete: 17; loss: 29.168555577596027; cumulative_reward: 209.05; invalid_count: 0; positive_reward_count: 7; success_count: 7; episode_count: 9; random_exploration_count: 31; random_action_prob: 0.2296
make_subtrust -0.020634920634920634 63
move_asset -0.007941176470588236 34
sell_asset 11.091578947368422 19
give_vesting_power -0.01 12
update_start: 18; random_action_prob: 0.2284
update_complete: 18; loss: 20.01096471150716; cumulative_reward: 171.95999999999995; invalid_count: 0; positive_reward_count: 7; success_count: 7; episode_count: 7; random_exploration_count: 39; random_action_prob: 0.2284
make_subtrust -0.022388059701492536 67
move_asset -0.005294117647058823 34
sell_asset 9.14421052631579 19
give_vesting_power -0.0125 8
update_start: 19; random_action_prob: 0.2273
update_complete: 19; loss: 70.9233907063802; cumulative_reward: 441.7900000000004; invalid_count: 0; positive_reward_count: 11; success_count: 11; episode_count: 12; random_exploration_count: 24; random_action_prob: 0.2273
make_subtrust -0.013454545454545455 55
move_asset -0.004871794871794872 39
sell_asset 20.128636363636364 22
give_vesting_power -0.009166666666666667 12
update_start: 20; random_action_prob: 0.2262
update_complete: 20; loss: 32.520426432291664; cumulative_reward: 293.9699999999999; invalid_count: 0; positive_reward_count: 11; success_count: 11; episode_count: 12; random_exploration_count: 25; random_action_prob: 0.2262
make_subtrust -0.016774193548387096 62
move_asset -0.013030303030303031 33
sell_asset 14.785999999999998 20
give_vesting_power -0.02153846153846154 13
update_start: 21; random_action_prob: 0.2250
update_complete: 21; loss: 38.795571645100914; cumulative_reward: 346.27000000000015; invalid_count: 0; positive_reward_count: 13; success_count: 13; episode_count: 14; random_exploration_count: 28; random_action_prob: 0.2250
make_subtrust -0.017368421052631578 57
move_asset -0.008780487804878048 41
sell_asset 24.845 14
give_vesting_power -0.013125 16
update_start: 22; random_action_prob: 0.2239
update_complete: 22; loss: 47.74341837565104; cumulative_reward: 309.33000000000027; invalid_count: 0; positive_reward_count: 10; success_count: 10; episode_count: 10; random_exploration_count: 27; random_action_prob: 0.2239
make_subtrust -0.024714285714285713 70
move_asset -0.012857142857142857 28
sell_asset 16.402105263157893 19
give_vesting_power -0.02 11
update_start: 23; random_action_prob: 0.2228
update_complete: 23; loss: 37.20892206827799; cumulative_reward: 378.5600000000001; invalid_count: 0; positive_reward_count: 14; success_count: 14; episode_count: 14; random_exploration_count: 24; random_action_prob: 0.2228
make_subtrust -0.015303030303030303 66
move_asset -0.005454545454545454 33
sell_asset 25.324666666666666 15
give_vesting_power -0.008571428571428572 14
update_start: 24; random_action_prob: 0.2217
update_complete: 24; loss: 33.9029655456543; cumulative_reward: 297.15000000000003; invalid_count: 0; positive_reward_count: 11; success_count: 11; episode_count: 13; random_exploration_count: 26; random_action_prob: 0.2217
make_subtrust -0.01573529411764706 68
move_asset -0.014705882352941176 34
sell_asset 21.34714285714286 14
give_vesting_power -0.011666666666666667 12
update_start: 25; random_action_prob: 0.2206
update_complete: 25; loss: 52.347161610921226; cumulative_reward: 420.8100000000003; invalid_count: 0; positive_reward_count: 15; success_count: 15; episode_count: 15; random_exploration_count: 18; random_action_prob: 0.2206
make_subtrust -0.013571428571428571 56
move_asset -0.0045945945945945945 37
sell_asset 21.0925 20
give_vesting_power -0.007333333333333333 15
update_start: 26; random_action_prob: 0.2195
update_complete: 26; loss: 32.799068450927734; cumulative_reward: 322.4500000000001; invalid_count: 0; positive_reward_count: 13; success_count: 13; episode_count: 14; random_exploration_count: 31; random_action_prob: 0.2195
make_subtrust -0.01719298245614035 57
move_asset -0.005 38
sell_asset 17.039473684210527 19
give_vesting_power -0.009285714285714286 14
update_start: 27; random_action_prob: 0.2184
update_complete: 27; loss: 38.92724355061849; cumulative_reward: 285.99; invalid_count: 0; positive_reward_count: 10; success_count: 10; episode_count: 10; random_exploration_count: 40; random_action_prob: 0.2184
make_subtrust -0.019130434782608695 69
move_asset -0.008064516129032258 31
sell_asset 15.985000000000001 18
give_vesting_power -0.017 10
update_start: 28; random_action_prob: 0.2173
update_complete: 28; loss: 48.7296028137207; cumulative_reward: 353.61000000000024; invalid_count: 0; positive_reward_count: 13; success_count: 13; episode_count: 13; random_exploration_count: 35; random_action_prob: 0.2173
make_subtrust -0.016101694915254237 59
move_asset -0.004324324324324324 37
sell_asset 19.714444444444446 18
give_vesting_power -0.01 14
update_start: 29; random_action_prob: 0.2162
update_complete: 29; loss: 39.445794423421226; cumulative_reward: 344.53000000000003; invalid_count: 0; positive_reward_count: 14; success_count: 14; episode_count: 14; random_exploration_count: 22; random_action_prob: 0.2162
make_subtrust -0.017818181818181816 55
move_asset -0.004054054054054054 37
sell_asset 18.202105263157893 19
give_vesting_power -0.010588235294117647 17
update_start: 30; random_action_prob: 0.2151
update_complete: 30; loss: 33.267765045166016; cumulative_reward: 295.46000000000004; invalid_count: 0; positive_reward_count: 11; success_count: 11; episode_count: 11; random_exploration_count: 28; random_action_prob: 0.2151
make_subtrust -0.022542372881355934 59
move_asset -0.0019999999999999996 35
sell_asset 13.496818181818183 22
give_vesting_power -0.005833333333333333 12
update_start: 31; random_action_prob: 0.2140
update_complete: 31; loss: 39.42729187011719; cumulative_reward: 344.99999999999994; invalid_count: 0; positive_reward_count: 12; success_count: 12; episode_count: 12; random_exploration_count: 27; random_action_prob: 0.2140
make_subtrust -0.021111111111111112 63
move_asset -0.007500000000000001 32
sell_asset 16.512857142857143 21
give_vesting_power -0.016666666666666666 12
update_start: 32; random_action_prob: 0.2130
update_complete: 32; loss: 46.05625915527344; cumulative_reward: 434.46; invalid_count: 0; positive_reward_count: 15; success_count: 15; episode_count: 15; random_exploration_count: 19; random_action_prob: 0.2130
make_subtrust -0.01689655172413793 58
move_asset -0.006756756756756757 37
sell_asset 23.823333333333334 18
give_vesting_power 0.458 15
update_start: 33; random_action_prob: 0.2119
update_complete: 33; loss: 35.5562858581543; cumulative_reward: 344.01000000000016; invalid_count: 0; positive_reward_count: 13; success_count: 13; episode_count: 13; random_exploration_count: 31; random_action_prob: 0.2119
make_subtrust -0.01633333333333333 60
move_asset -0.014545454545454547 33
sell_asset 14.369047619047619 21
give_vesting_power 3.1228571428571428 14
update_start: 34; random_action_prob: 0.2108
update_complete: 34; loss: 26.612449645996094; cumulative_reward: 288.74; invalid_count: 0; positive_reward_count: 12; success_count: 12; episode_count: 13; random_exploration_count: 29; random_action_prob: 0.2108
make_subtrust -0.021470588235294116 68
move_asset -0.028620689655172418 29
sell_asset 18.225625 16
give_vesting_power -0.03866666666666667 15
update_start: 35; random_action_prob: 0.2098
update_complete: 35; loss: 43.31355667114258; cumulative_reward: 324.7699999999999; invalid_count: 0; positive_reward_count: 11; success_count: 11; episode_count: 11; random_exploration_count: 28; random_action_prob: 0.2098
make_subtrust -0.02102564102564103 78
move_asset -0.028695652173913046 23
sell_asset 23.395714285714288 14
give_vesting_power -0.036153846153846154 13
update_start: 36; random_action_prob: 0.2087
update_complete: 36; loss: 37.41751352945963; cumulative_reward: 308.3; invalid_count: 0; positive_reward_count: 13; success_count: 13; episode_count: 14; random_exploration_count: 19; random_action_prob: 0.2087
make_subtrust -0.021449275362318842 69
move_asset -0.03592592592592593 27
sell_asset 19.46125 16
give_vesting_power -0.039375 16
update_start: 37; random_action_prob: 0.2077
update_complete: 37; loss: 28.25806490580241; cumulative_reward: 343.26999999999987; invalid_count: 0; positive_reward_count: 16; success_count: 16; episode_count: 16; random_exploration_count: 28; random_action_prob: 0.2077
make_subtrust -0.020555555555555556 72
move_asset -0.03826086956521739 23
sell_asset 21.64625 16
give_vesting_power -0.04176470588235295 17
update_start: 38; random_action_prob: 0.2066
update_complete: 38; loss: 48.88723119099935; cumulative_reward: 329.2299999999999; invalid_count: 0; positive_reward_count: 11; success_count: 11; episode_count: 11; random_exploration_count: 22; random_action_prob: 0.2066
make_subtrust -0.023255813953488372 86
move_asset -0.04 16
sell_asset 23.740714285714287 14
give_vesting_power -0.041666666666666664 12
update_start: 39; random_action_prob: 0.2056
update_complete: 39; loss: 49.553881327311196; cumulative_reward: 385.0599999999999; invalid_count: 0; positive_reward_count: 14; success_count: 14; episode_count: 14; random_exploration_count: 24; random_action_prob: 0.2056
make_subtrust -0.023116883116883116 77
move_asset -0.03619047619047619 21
sell_asset 25.886666666666667 15
give_vesting_power -0.04666666666666667 15
update_start: 40; random_action_prob: 0.2046
update_complete: 40; loss: 56.23639933268229; cumulative_reward: 408.2199999999997; invalid_count: 0; positive_reward_count: 14; success_count: 14; episode_count: 14; random_exploration_count: 24; random_action_prob: 0.2046
make_subtrust -0.023636363636363636 77
move_asset -0.0345 20
sell_asset 24.19529411764706 17
give_vesting_power -0.04214285714285715 14
update_start: 41; random_action_prob: 0.2036
update_complete: 41; loss: 28.67399024963379; cumulative_reward: 333.87999999999994; invalid_count: 0; positive_reward_count: 15; success_count: 15; episode_count: 15; random_exploration_count: 22; random_action_prob: 0.2036
make_subtrust -0.02376623376623377 77
move_asset -0.04263157894736842 19
sell_asset 19.834705882352942 17
give_vesting_power -0.04466666666666667 15
update_start: 42; random_action_prob: 0.2025
update_complete: 42; loss: 38.39354960123698; cumulative_reward: 285.14999999999986; invalid_count: 0; positive_reward_count: 10; success_count: 10; episode_count: 12; random_exploration_count: 31; random_action_prob: 0.2025
make_subtrust -0.024605263157894738 76
move_asset -0.03217391304347826 23
sell_asset 20.59714285714286 14
give_vesting_power -0.04000000000000001 15
update_start: 43; random_action_prob: 0.2015
update_complete: 43; loss: 61.02849197387695; cumulative_reward: 400.9899999999998; invalid_count: 0; positive_reward_count: 11; success_count: 11; episode_count: 12; random_exploration_count: 29; random_action_prob: 0.2015
make_subtrust -0.023924050632911396 79
move_asset -0.04 22
sell_asset 29.57 13
give_vesting_power 1.382142857142857 14
update_start: 44; random_action_prob: 0.2005
update_complete: 44; loss: 35.91012446085612; cumulative_reward: 264.4799999999999; invalid_count: 0; positive_reward_count: 10; success_count: 10; episode_count: 11; random_exploration_count: 27; random_action_prob: 0.2005
make_subtrust -0.023333333333333334 81
move_asset -0.030476190476190476 21
sell_asset 19.107142857142858 14
give_vesting_power -0.04083333333333334 12
update_start: 45; random_action_prob: 0.1995
update_complete: 45; loss: 39.502020517985024; cumulative_reward: 331.6799999999998; invalid_count: 0; positive_reward_count: 13; success_count: 13; episode_count: 14; random_exploration_count: 26; random_action_prob: 0.1995
make_subtrust -0.024714285714285713 70
move_asset -0.042222222222222223 27
sell_asset 22.381428571428575 14
give_vesting_power 1.2476470588235296 17
update_start: 46; random_action_prob: 0.1985
update_complete: 46; loss: 19.205732345581055; cumulative_reward: 232.71999999999997; invalid_count: 0; positive_reward_count: 11; success_count: 11; episode_count: 12; random_exploration_count: 26; random_action_prob: 0.1985
make_subtrust -0.024347826086956525 69
move_asset -0.040370370370370376 27
sell_asset 16.88285714285714 14
give_vesting_power -0.04833333333333334 18
update_start: 47; random_action_prob: 0.1975
update_complete: 47; loss: 26.07882563273112; cumulative_reward: 288.41999999999956; invalid_count: 0; positive_reward_count: 13; success_count: 13; episode_count: 14; random_exploration_count: 24; random_action_prob: 0.1975
make_subtrust -0.025588235294117648 68
move_asset -0.0432 25
sell_asset 18.2625 16
give_vesting_power -0.05052631578947369 19
update_start: 48; random_action_prob: 0.1965
update_complete: 48; loss: 58.217854817708336; cumulative_reward: 327.3099999999999; invalid_count: 0; positive_reward_count: 10; success_count: 10; episode_count: 11; random_exploration_count: 42; random_action_prob: 0.1965
make_subtrust -0.02418918918918919 74
move_asset -0.028800000000000003 25
sell_asset 19.338125 16
give_vesting_power 1.57 13
update_start: 49; random_action_prob: 0.1956
update_complete: 49; loss: 57.14724477132162; cumulative_reward: 407.3899999999997; invalid_count: 0; positive_reward_count: 13; success_count: 13; episode_count: 14; random_exploration_count: 27; random_action_prob: 0.1956
make_subtrust -0.0263013698630137 73
move_asset -0.0436 25
sell_asset 31.63923076923077 13
give_vesting_power -0.05352941176470588 17
update_start: 50; random_action_prob: 0.1946
update_complete: 50; loss: 51.71978251139323; cumulative_reward: 394.75999999999993; invalid_count: 0; positive_reward_count: 13; success_count: 13; episode_count: 14; random_exploration_count: 30; random_action_prob: 0.1946
make_subtrust -0.024444444444444446 72
move_asset -0.0412 25
sell_asset 20.894705882352945 17
give_vesting_power 3.0242857142857145 14
update_start: 51; random_action_prob: 0.1936
update_complete: 51; loss: 26.996339797973633; cumulative_reward: 283.71999999999974; invalid_count: 0; positive_reward_count: 15; success_count: 15; episode_count: 15; random_exploration_count: 19; random_action_prob: 0.1936
make_subtrust -0.023561643835616437 73
move_asset -0.0424 25
sell_asset 16.883333333333333 15
give_vesting_power 2.216666666666667 15
update_start: 52; random_action_prob: 0.1926
update_complete: 52; loss: 31.295745849609375; cumulative_reward: 236.01999999999987; invalid_count: 0; positive_reward_count: 9; success_count: 9; episode_count: 12; random_exploration_count: 28; random_action_prob: 0.1926
make_subtrust -0.020714285714285713 70
move_asset -0.0425 32
sell_asset 19.955000000000002 12
give_vesting_power -0.045 14
update_start: 53; random_action_prob: 0.1917
update_complete: 53; loss: 56.94680531819662; cumulative_reward: 460.6299999999998; invalid_count: 0; positive_reward_count: 15; success_count: 15; episode_count: 15; random_exploration_count: 20; random_action_prob: 0.1917
make_subtrust -0.0244 75
move_asset -0.04318181818181818 22
sell_asset 30.948 15
give_vesting_power -0.050625 16
update_start: 54; random_action_prob: 0.1907
update_complete: 54; loss: 28.81942303975423; cumulative_reward: 281.4399999999999; invalid_count: 0; positive_reward_count: 12; success_count: 12; episode_count: 13; random_exploration_count: 26; random_action_prob: 0.1907
make_subtrust -0.026388888888888892 72
move_asset -0.04307692307692308 26
sell_asset 19.015333333333334 15
give_vesting_power -0.051333333333333335 15
update_start: 55; random_action_prob: 0.1898
update_complete: 55; loss: 26.85840352376302; cumulative_reward: 248.34999999999977; invalid_count: 0; positive_reward_count: 13; success_count: 13; episode_count: 14; random_exploration_count: 28; random_action_prob: 0.1898
make_subtrust -0.020985915492957745 71
move_asset -0.0344 25
sell_asset 14.254705882352942 17
give_vesting_power 0.558 15
update_start: 56; random_action_prob: 0.1888
update_complete: 56; loss: 40.12090555826823; cumulative_reward: 270.7799999999999; invalid_count: 0; positive_reward_count: 9; success_count: 9; episode_count: 9; random_exploration_count: 24; random_action_prob: 0.1888
make_subtrust -0.02047058823529412 85
move_asset -0.0305 20
sell_asset 21.04153846153846 13
give_vesting_power -0.041 10
update_start: 57; random_action_prob: 0.1879
update_complete: 57; loss: 33.92251714070638; cumulative_reward: 317.2099999999999; invalid_count: 0; positive_reward_count: 13; success_count: 13; episode_count: 13; random_exploration_count: 21; random_action_prob: 0.1879
make_subtrust -0.02297297297297297 74
move_asset -0.0348 25
sell_asset 20.023125 16
give_vesting_power -0.04538461538461539 13
update_start: 58; random_action_prob: 0.1869
update_complete: 58; loss: 28.91713523864746; cumulative_reward: 310.1099999999996; invalid_count: 0; positive_reward_count: 13; success_count: 13; episode_count: 13; random_exploration_count: 23; random_action_prob: 0.1869
make_subtrust -0.021739130434782608 69
move_asset -0.03793103448275863 29
sell_asset 19.581875 16
give_vesting_power -0.04285714285714286 14
update_start: 59; random_action_prob: 0.1860
update_complete: 59; loss: 27.873204549153645; cumulative_reward: 251.64999999999995; invalid_count: 0; positive_reward_count: 12; success_count: 12; episode_count: 12; random_exploration_count: 27; random_action_prob: 0.1860
make_subtrust -0.019878048780487805 82
move_asset -0.031363636363636364 22
sell_asset 21.206666666666667 12
give_vesting_power -0.0425 12
update_start: 60; random_action_prob: 0.1851
update_complete: 60; loss: 24.212162653605144; cumulative_reward: 227.4299999999998; invalid_count: 0; positive_reward_count: 11; success_count: 11; episode_count: 12; random_exploration_count: 31; random_action_prob: 0.1851
make_subtrust -0.02 63
move_asset -0.0325 32
sell_asset 12.79611111111111 18
give_vesting_power -0.04 15
update_start: 61; random_action_prob: 0.1841
update_complete: 61; loss: 47.152730305989586; cumulative_reward: 320.96999999999997; invalid_count: 0; positive_reward_count: 11; success_count: 11; episode_count: 12; random_exploration_count: 24; random_action_prob: 0.1841
make_subtrust -0.018157894736842106 76
move_asset -0.0275 24
sell_asset 20.214375 16
give_vesting_power -0.034999999999999996 12
update_start: 62; random_action_prob: 0.1832
update_complete: 62; loss: 39.47860209147135; cumulative_reward: 303.7500000000002; invalid_count: 0; positive_reward_count: 10; success_count: 10; episode_count: 10; random_exploration_count: 24; random_action_prob: 0.1832
make_subtrust -0.019295774647887325 71
move_asset -0.029655172413793104 29
sell_asset 14.630555555555556 18
give_vesting_power 4.263 10
update_start: 63; random_action_prob: 0.1823
update_complete: 63; loss: 37.68051783243815; cumulative_reward: 300.3000000000004; invalid_count: 0; positive_reward_count: 12; success_count: 12; episode_count: 12; random_exploration_count: 21; random_action_prob: 0.1823
make_subtrust -0.01631578947368421 76
move_asset -0.0256 25
sell_asset 25.218333333333334 12
give_vesting_power -0.029333333333333333 15
update_start: 64; random_action_prob: 0.1814
update_complete: 64; loss: 31.321236928304035; cumulative_reward: 245.99999999999994; invalid_count: 0; positive_reward_count: 9; success_count: 9; episode_count: 11; random_exploration_count: 22; random_action_prob: 0.1814
make_subtrust -0.016133333333333333 75
move_asset -0.03333333333333333 30
sell_asset 20.715 12
give_vesting_power -0.03363636363636364 11
update_start: 65; random_action_prob: 0.1805
update_complete: 65; loss: 58.499593098958336; cumulative_reward: 327.89000000000004; invalid_count: 0; positive_reward_count: 10; success_count: 10; episode_count: 10; random_exploration_count: 32; random_action_prob: 0.1805
make_subtrust -0.019130434782608695 69
move_asset -0.028666666666666667 30
sell_asset 17.389473684210525 19
give_vesting_power -0.033 10
update_start: 66; random_action_prob: 0.1796
update_complete: 66; loss: 29.631824493408203; cumulative_reward: 225.2599999999999; invalid_count: 0; positive_reward_count: 8; success_count: 8; episode_count: 10; random_exploration_count: 21; random_action_prob: 0.1796
make_subtrust -0.015588235294117648 68
move_asset -0.02666666666666667 33
sell_asset 13.382352941176471 17
give_vesting_power -0.03 10
update_start: 67; random_action_prob: 0.1787
update_complete: 67; loss: 49.47704950968424; cumulative_reward: 321.2900000000002; invalid_count: 0; positive_reward_count: 11; success_count: 11; episode_count: 11; random_exploration_count: 17; random_action_prob: 0.1787
make_subtrust -0.01581081081081081 74
move_asset -0.02769230769230769 26
sell_asset 19.03 17
give_vesting_power -0.030000000000000002 11
update_start: 68; random_action_prob: 0.1778
update_complete: 68; loss: 52.10290781656901; cumulative_reward: 314.13000000000034; invalid_count: 0; positive_reward_count: 10; success_count: 10; episode_count: 10; random_exploration_count: 25; random_action_prob: 0.1778
make_subtrust -0.018 80
move_asset -0.0288 25
sell_asset 24.35307692307692 13
give_vesting_power -0.03 10
update_start: 69; random_action_prob: 0.1769
update_complete: 69; loss: 51.424329121907554; cumulative_reward: 262.2299999999998; invalid_count: 0; positive_reward_count: 7; success_count: 7; episode_count: 8; random_exploration_count: 29; random_action_prob: 0.1769
make_subtrust -0.016973684210526318 76
move_asset -0.027777777777777776 27
sell_asset 14.691666666666666 18
give_vesting_power -0.025714285714285714 7
update_start: 70; random_action_prob: 0.1760
update_complete: 70; loss: 30.234947840372723; cumulative_reward: 221.7799999999999; invalid_count: 0; positive_reward_count: 8; success_count: 8; episode_count: 9; random_exploration_count: 16; random_action_prob: 0.1760
make_subtrust -0.018333333333333333 72
move_asset -0.03413793103448276 29
sell_asset 12.464444444444444 18
give_vesting_power -0.030000000000000002 9
update_start: 71; random_action_prob: 0.1751
update_complete: 71; loss: 39.241127014160156; cumulative_reward: 203.1299999999999; invalid_count: 0; positive_reward_count: 6; success_count: 6; episode_count: 6; random_exploration_count: 17; random_action_prob: 0.1751
make_subtrust -0.017 80
move_asset -0.030416666666666665 24
sell_asset 11.411111111111111 18
give_vesting_power -0.03 6
update_start: 72; random_action_prob: 0.1743
update_complete: 72; loss: 41.90956115722656; cumulative_reward: 343.4500000000006; invalid_count: 0; positive_reward_count: 13; success_count: 13; episode_count: 13; random_exploration_count: 21; random_action_prob: 0.1743
make_subtrust -0.014328358208955224 67
move_asset -0.026785714285714284 28
sell_asset 17.273500000000002 20
give_vesting_power -0.023846153846153847 13
update_start: 73; random_action_prob: 0.1734
update_complete: 73; loss: 55.63011042277018; cumulative_reward: 375.03000000000054; invalid_count: 0; positive_reward_count: 10; success_count: 10; episode_count: 12; random_exploration_count: 20; random_action_prob: 0.1734
make_subtrust -0.01583333333333333 72
move_asset -0.03275862068965517 29
sell_asset 23.591874999999998 16
give_vesting_power -0.031818181818181815 11
update_start: 74; random_action_prob: 0.1725
update_complete: 74; loss: 53.37042744954427; cumulative_reward: 431.2200000000006; invalid_count: 0; positive_reward_count: 14; success_count: 14; episode_count: 15; random_exploration_count: 25; random_action_prob: 0.1725
make_subtrust -0.017272727272727273 66
move_asset -0.025517241379310343 29
sell_asset 27.09375 16
give_vesting_power -0.023529411764705882 17
update_start: 75; random_action_prob: 0.1717
update_complete: 75; loss: 46.03521474202474; cumulative_reward: 352.3000000000003; invalid_count: 0; positive_reward_count: 12; success_count: 12; episode_count: 12; random_exploration_count: 29; random_action_prob: 0.1717
make_subtrust -0.017702702702702702 74
move_asset -0.025925925925925925 27
sell_asset 23.64 15
give_vesting_power -0.024166666666666666 12
update_start: 76; random_action_prob: 0.1708
update_complete: 76; loss: 23.01717185974121; cumulative_reward: 192.0899999999998; invalid_count: 0; positive_reward_count: 8; success_count: 8; episode_count: 8; random_exploration_count: 30; random_action_prob: 0.1708
make_subtrust -0.017605633802816902 71
move_asset -0.025806451612903226 31
sell_asset 11.435294117647059 17
give_vesting_power -0.02888888888888889 9
update_start: 77; random_action_prob: 0.1699
update_complete: 77; loss: 28.189520517985027; cumulative_reward: 268.12; invalid_count: 0; positive_reward_count: 11; success_count: 11; episode_count: 13; random_exploration_count: 25; random_action_prob: 0.1699
make_subtrust -0.01676056338028169 71
move_asset -0.028620689655172414 29
sell_asset 19.32785714285714 14
give_vesting_power -0.03214285714285715 14
update_start: 78; random_action_prob: 0.1691
update_complete: 78; loss: 54.86480458577474; cumulative_reward: 400.9600000000005; invalid_count: 0; positive_reward_count: 12; success_count: 12; episode_count: 13; random_exploration_count: 18; random_action_prob: 0.1691
make_subtrust -0.01704225352112676 71
move_asset -0.03074074074074074 27
sell_asset 23.731176470588235 17
give_vesting_power -0.03307692307692307 13
update_start: 79; random_action_prob: 0.1683
update_complete: 79; loss: 68.24373881022136; cumulative_reward: 461.06000000000074; invalid_count: 0; positive_reward_count: 13; success_count: 13; episode_count: 14; random_exploration_count: 26; random_action_prob: 0.1683
make_subtrust -0.016176470588235296 68
move_asset -0.03 29
sell_asset 33.10857142857143 14
give_vesting_power -0.028823529411764706 17
update_start: 80; random_action_prob: 0.1674
update_complete: 80; loss: 33.47098032633463; cumulative_reward: 301.3300000000002; invalid_count: 0; positive_reward_count: 13; success_count: 13; episode_count: 13; random_exploration_count: 17; random_action_prob: 0.1674
make_subtrust -0.015733333333333332 75
move_asset -0.02846153846153846 26
sell_asset 21.68642857142857 14
give_vesting_power -0.02769230769230769 13
update_start: 81; random_action_prob: 0.1666
update_complete: 81; loss: 47.94979604085287; cumulative_reward: 344.14; invalid_count: 0; positive_reward_count: 11; success_count: 11; episode_count: 12; random_exploration_count: 19; random_action_prob: 0.1666
make_subtrust -0.016625 80
move_asset -0.03291666666666667 24
sell_asset 26.885833333333334 12
give_vesting_power 1.9691666666666665 12
update_start: 82; random_action_prob: 0.1657
update_complete: 82; loss: 45.21420415242513; cumulative_reward: 370.8000000000003; invalid_count: 0; positive_reward_count: 15; success_count: 15; episode_count: 15; random_exploration_count: 13; random_action_prob: 0.1657
make_subtrust -0.017058823529411765 68
move_asset -0.03413793103448276 29
sell_asset 23.34125 16
give_vesting_power -0.034 15
update_start: 83; random_action_prob: 0.1649
update_complete: 83; loss: 85.37687428792317; cumulative_reward: 472.1600000000011; invalid_count: 0; positive_reward_count: 12; success_count: 12; episode_count: 12; random_exploration_count: 15; random_action_prob: 0.1649
make_subtrust -0.01611111111111111 72
move_asset -0.02896551724137931 29
sell_asset 36.5076923076923 13
give_vesting_power -0.03142857142857143 14
update_start: 84; random_action_prob: 0.1641
update_complete: 84; loss: 47.340997060139976; cumulative_reward: 291.8899999999999; invalid_count: 0; positive_reward_count: 9; success_count: 9; episode_count: 10; random_exploration_count: 24; random_action_prob: 0.1641
make_subtrust -0.017777777777777778 81
move_asset -0.035833333333333335 24
sell_asset 26.783636363636365 11
give_vesting_power -0.035833333333333335 12
update_start: 85; random_action_prob: 0.1633
update_complete: 85; loss: 20.152960459391277; cumulative_reward: 210.23999999999992; invalid_count: 0; positive_reward_count: 9; success_count: 9; episode_count: 9; random_exploration_count: 20; random_action_prob: 0.1633
make_subtrust -0.01658227848101266 79
move_asset -0.028749999999999998 24
sell_asset 13.282499999999999 16
give_vesting_power -0.031111111111111107 9
update_start: 86; random_action_prob: 0.1625
update_complete: 86; loss: 31.27882957458496; cumulative_reward: 248.66999999999996; invalid_count: 0; positive_reward_count: 9; success_count: 9; episode_count: 10; random_exploration_count: 29; random_action_prob: 0.1625
make_subtrust -0.014925373134328358 67
move_asset -0.02064516129032258 31
sell_asset 13.186315789473683 19
give_vesting_power -0.02090909090909091 11
update_start: 87; random_action_prob: 0.1616
update_complete: 87; loss: 40.055432637532554; cumulative_reward: 259.06999999999994; invalid_count: 0; positive_reward_count: 9; success_count: 9; episode_count: 10; random_exploration_count: 24; random_action_prob: 0.1616
make_subtrust -0.01780821917808219 73
move_asset -0.028928571428571425 28
sell_asset 14.52611111111111 18
give_vesting_power -0.03222222222222222 9
update_start: 88; random_action_prob: 0.1608
update_complete: 88; loss: 52.52861658732096; cumulative_reward: 370.4900000000008; invalid_count: 0; positive_reward_count: 11; success_count: 11; episode_count: 12; random_exploration_count: 23; random_action_prob: 0.1608
make_subtrust -0.014242424242424242 66
move_asset -0.024848484848484845 33
sell_asset 23.28625 16
give_vesting_power -0.025384615384615387 13
update_start: 89; random_action_prob: 0.1600
update_complete: 89; loss: 54.623243967692055; cumulative_reward: 280.16999999999996; invalid_count: 0; positive_reward_count: 8; success_count: 8; episode_count: 8; random_exploration_count: 17; random_action_prob: 0.1600
make_subtrust -0.01618421052631579 76
move_asset -0.03 24
sell_asset 14.118500000000001 20
give_vesting_power -0.03125 8
update_start: 90; random_action_prob: 0.1592
update_complete: 90; loss: 38.93348821004232; cumulative_reward: 185.1099999999999; invalid_count: 0; positive_reward_count: 6; success_count: 6; episode_count: 6; random_exploration_count: 22; random_action_prob: 0.1592
make_subtrust -0.01675 80
move_asset -0.0316 25
sell_asset 11.025882352941176 17
give_vesting_power -0.03333333333333333 6
update_start: 91; random_action_prob: 0.1584
update_complete: 91; loss: 16.991580963134766; cumulative_reward: 123.04999999999997; invalid_count: 0; positive_reward_count: 4; success_count: 4; episode_count: 5; random_exploration_count: 25; random_action_prob: 0.1584
make_subtrust -0.017564102564102565 78
move_asset -0.030384615384615385 26
sell_asset 7.378823529411765 17
give_vesting_power -0.032857142857142856 7
update_start: 92; random_action_prob: 0.1576
update_complete: 92; loss: 73.06450907389323; cumulative_reward: 472.2800000000004; invalid_count: 0; positive_reward_count: 13; success_count: 13; episode_count: 13; random_exploration_count: 28; random_action_prob: 0.1576
make_subtrust -0.01575757575757576 66
move_asset -0.02517241379310345 29
sell_asset 24.968947368421055 19
give_vesting_power -0.025714285714285714 14
update_start: 93; random_action_prob: 0.1569
update_complete: 93; loss: 42.71671930948893; cumulative_reward: 300.22000000000014; invalid_count: 0; positive_reward_count: 10; success_count: 10; episode_count: 11; random_exploration_count: 24; random_action_prob: 0.1569
make_subtrust -0.015147058823529413 68
move_asset -0.028275862068965516 29
sell_asset 15.916842105263159 19
give_vesting_power -0.029166666666666664 12
update_start: 94; random_action_prob: 0.1561
update_complete: 94; loss: 54.01577377319336; cumulative_reward: 293.0500000000002; invalid_count: 0; positive_reward_count: 8; success_count: 8; episode_count: 9; random_exploration_count: 19; random_action_prob: 0.1561
make_subtrust -0.01780821917808219 73
move_asset -0.030714285714285715 28
sell_asset 17.381764705882354 17
give_vesting_power -0.028000000000000004 10
update_start: 95; random_action_prob: 0.1553
update_complete: 95; loss: 47.445428212483726; cumulative_reward: 252.10999999999984; invalid_count: 0; positive_reward_count: 7; success_count: 7; episode_count: 7; random_exploration_count: 16; random_action_prob: 0.1553
make_subtrust -0.0164 75
move_asset -0.031538461538461536 26
sell_asset 12.719 20
give_vesting_power -0.03142857142857143 7
update_start: 96; random_action_prob: 0.1545
update_complete: 96; loss: 31.912364959716797; cumulative_reward: 229.53999999999994; invalid_count: 0; positive_reward_count: 8; success_count: 8; episode_count: 8; random_exploration_count: 22; random_action_prob: 0.1545
make_subtrust -0.015897435897435898 78
move_asset -0.022 25
sell_asset 13.62 17
give_vesting_power -0.02625 8
update_start: 97; random_action_prob: 0.1537
update_complete: 97; loss: 43.6386464436849; cumulative_reward: 247.34999999999997; invalid_count: 0; positive_reward_count: 8; success_count: 8; episode_count: 8; random_exploration_count: 16; random_action_prob: 0.1537
make_subtrust -0.016190476190476193 84
move_asset -0.028636363636363637 22
sell_asset 19.20076923076923 13
give_vesting_power -0.030000000000000002 9
update_start: 98; random_action_prob: 0.1530
update_complete: 98; loss: 40.834476470947266; cumulative_reward: 322.6200000000006; invalid_count: 0; positive_reward_count: 11; success_count: 11; episode_count: 11; random_exploration_count: 22; random_action_prob: 0.1530
make_subtrust -0.014605263157894737 76
move_asset -0.024166666666666666 24
sell_asset 20.288125 16
give_vesting_power -0.024999999999999998 12
update_start: 99; random_action_prob: 0.1522
update_complete: 99; loss: 24.026278177897137; cumulative_reward: 149.94999999999987; invalid_count: 0; positive_reward_count: 5; success_count: 5; episode_count: 6; random_exploration_count: 24; random_action_prob: 0.1522
make_subtrust -0.018846153846153846 78
move_asset -0.03230769230769231 26
sell_asset 8.46888888888889 18
give_vesting_power -0.03 6
2026-07-10T17:01:51 completed distressed_assets run=1 elapsed_seconds=869.96 updates_logged=100
2026-07-10T17:01:51 running distressed_assets run=2 seed=1731
update_start: 0; random_action_prob: 0.2500
update_complete: 0; loss: 7.437210877736409; cumulative_reward: 39.76; invalid_count: 0; positive_reward_count: 1; success_count: 1; episode_count: 9; random_exploration_count: 29; random_action_prob: 0.2500
make_subtrust -0.02775510204081633 49
move_asset -0.010579710144927536 69
sell_asset 5.235 8
give_vesting_power -0.015 2
update_start: 1; random_action_prob: 0.2487
update_complete: 1; loss: 6.567648251851399; cumulative_reward: 52.46; invalid_count: 0; positive_reward_count: 2; success_count: 2; episode_count: 8; random_exploration_count: 38; random_action_prob: 0.2487
make_subtrust -0.030298507462686572 67
move_asset -0.005918367346938775 49
sell_asset 2.384 10
give_vesting_power 15.469999999999999 2
update_start: 2; random_action_prob: 0.2475
update_complete: 2; loss: 8.456867218017578; cumulative_reward: 69.89999999999992; invalid_count: 0; positive_reward_count: 3; success_count: 3; episode_count: 8; random_exploration_count: 34; random_action_prob: 0.2475
make_subtrust -0.028928571428571432 56
move_asset -0.0062962962962962955 54
sell_asset 5.135 14
give_vesting_power -0.0075 4
update_start: 3; random_action_prob: 0.2463
update_complete: 3; loss: 17.506099700927734; cumulative_reward: 123.36999999999998; invalid_count: 0; positive_reward_count: 3; success_count: 3; episode_count: 9; random_exploration_count: 33; random_action_prob: 0.2463
make_subtrust -0.03345454545454546 55
move_asset -0.010701754385964912 57
sell_asset 7.325 12
give_vesting_power 9.48 4
update_start: 4; random_action_prob: 0.2450
update_complete: 4; loss: 25.82854652404785; cumulative_reward: 185.39000000000001; invalid_count: 0; positive_reward_count: 6; success_count: 6; episode_count: 7; random_exploration_count: 38; random_action_prob: 0.2450
make_subtrust -0.029565217391304348 69
move_asset -0.007777777777777777 36
sell_asset 11.73875 16
give_vesting_power -0.015714285714285715 7
update_start: 5; random_action_prob: 0.2438
update_complete: 5; loss: 27.00213623046875; cumulative_reward: 197.23000000000002; invalid_count: 0; positive_reward_count: 7; success_count: 7; episode_count: 11; random_exploration_count: 39; random_action_prob: 0.2438
make_subtrust -0.02666666666666667 51
move_asset -0.0062 50
sell_asset 10.472105263157895 19
give_vesting_power -0.00875 8
update_start: 6; random_action_prob: 0.2426
update_complete: 6; loss: 50.63378016153971; cumulative_reward: 323.80000000000007; invalid_count: 0; positive_reward_count: 10; success_count: 10; episode_count: 11; random_exploration_count: 32; random_action_prob: 0.2426
make_subtrust -0.029315068493150687 73
move_asset -0.018518518518518517 27
sell_asset 19.215294117647062 17
give_vesting_power -0.02 11
update_start: 7; random_action_prob: 0.2414
update_complete: 7; loss: 58.666133880615234; cumulative_reward: 314.35; invalid_count: 0; positive_reward_count: 8; success_count: 8; episode_count: 10; random_exploration_count: 39; random_action_prob: 0.2414
make_subtrust -0.028412698412698414 63
move_asset -0.014242424242424244 33
sell_asset 11.425217391304347 23
give_vesting_power 5.981111111111112 9
update_start: 8; random_action_prob: 0.2402
update_complete: 8; loss: 15.601021448771158; cumulative_reward: 130.71000000000004; invalid_count: 0; positive_reward_count: 7; success_count: 7; episode_count: 7; random_exploration_count: 31; random_action_prob: 0.2402
make_subtrust -0.03267605633802817 71
move_asset -0.013928571428571429 28
sell_asset 7.037894736842105 19
give_vesting_power -0.030000000000000006 10
update_start: 9; random_action_prob: 0.2390
update_complete: 9; loss: 33.692849477132164; cumulative_reward: 239.23000000000022; invalid_count: 0; positive_reward_count: 8; success_count: 8; episode_count: 12; random_exploration_count: 31; random_action_prob: 0.2390
make_subtrust -0.033484848484848485 66
move_asset -0.03529411764705883 34
sell_asset 22.13818181818182 11
give_vesting_power -0.05176470588235295 17
update_start: 10; random_action_prob: 0.2378
update_complete: 10; loss: 39.45779800415039; cumulative_reward: 325.34000000000015; invalid_count: 0; positive_reward_count: 12; success_count: 12; episode_count: 12; random_exploration_count: 35; random_action_prob: 0.2378
make_subtrust -0.030140845070422535 71
move_asset -0.023703703703703703 27
sell_asset 17.091176470588238 17
give_vesting_power 2.89 13
update_start: 11; random_action_prob: 0.2366
update_complete: 11; loss: 27.44017791748047; cumulative_reward: 255.64999999999998; invalid_count: 0; positive_reward_count: 11; success_count: 11; episode_count: 13; random_exploration_count: 25; random_action_prob: 0.2366
make_subtrust -0.03137931034482759 58
move_asset -0.016 35
sell_asset 13.605263157894736 19
give_vesting_power -0.029375000000000002 16
update_start: 12; random_action_prob: 0.2354
update_complete: 12; loss: 50.571539560953774; cumulative_reward: 369.47999999999985; invalid_count: 0; positive_reward_count: 12; success_count: 12; episode_count: 13; random_exploration_count: 26; random_action_prob: 0.2354
make_subtrust -0.03103896103896104 77
move_asset -0.03869565217391304 23
sell_asset 28.726153846153846 13
give_vesting_power -0.04533333333333334 15
update_start: 13; random_action_prob: 0.2342
update_complete: 13; loss: 65.2903315226237; cumulative_reward: 473.6000000000001; invalid_count: 0; positive_reward_count: 14; success_count: 14; episode_count: 14; random_exploration_count: 32; random_action_prob: 0.2342
make_subtrust -0.030909090909090907 77
move_asset -0.03260869565217391 23
sell_asset 34.097142857142856 14
give_vesting_power -0.045 14
update_start: 14; random_action_prob: 0.2331
update_complete: 14; loss: 59.21275202433268; cumulative_reward: 337.85999999999996; invalid_count: 0; positive_reward_count: 11; success_count: 11; episode_count: 11; random_exploration_count: 28; random_action_prob: 0.2331
make_subtrust -0.028133333333333333 75
move_asset -0.03260869565217391 23
sell_asset 20.078823529411768 17
give_vesting_power -0.047692307692307694 13
update_start: 15; random_action_prob: 0.2319
update_complete: 15; loss: 57.193625132242836; cumulative_reward: 393.0200000000001; invalid_count: 0; positive_reward_count: 11; success_count: 11; episode_count: 12; random_exploration_count: 26; random_action_prob: 0.2319
make_subtrust -0.02103896103896104 77
move_asset -0.025909090909090913 22
sell_asset 26.378 15
give_vesting_power -0.032857142857142856 14
update_start: 16; random_action_prob: 0.2307
update_complete: 16; loss: 34.4124870300293; cumulative_reward: 312.33000000000015; invalid_count: 0; positive_reward_count: 12; success_count: 12; episode_count: 13; random_exploration_count: 27; random_action_prob: 0.2307
make_subtrust -0.0212962962962963 54
move_asset -0.006 35
sell_asset 12.069615384615386 26
give_vesting_power -0.00923076923076923 13
update_start: 17; random_action_prob: 0.2296
update_complete: 17; loss: 39.58165740966797; cumulative_reward: 267.21999999999997; invalid_count: 0; positive_reward_count: 9; success_count: 9; episode_count: 9; random_exploration_count: 25; random_action_prob: 0.2296
make_subtrust -0.021449275362318842 69
move_asset -0.003870967741935484 31
sell_asset 14.151052631578947 19
give_vesting_power -0.005555555555555556 9
update_start: 18; random_action_prob: 0.2284
update_complete: 18; loss: 54.15733973185221; cumulative_reward: 378.26000000000016; invalid_count: 0; positive_reward_count: 12; success_count: 12; episode_count: 12; random_exploration_count: 27; random_action_prob: 0.2284
make_subtrust -0.019846153846153847 65
move_asset -0.004193548387096774 31
sell_asset 18.990000000000002 20
give_vesting_power -0.01 12
update_start: 19; random_action_prob: 0.2273
update_complete: 19; loss: 26.28461456298828; cumulative_reward: 216.85000000000008; invalid_count: 0; positive_reward_count: 9; success_count: 9; episode_count: 9; random_exploration_count: 22; random_action_prob: 0.2273
make_subtrust -0.02531645569620253 79
move_asset -0.02 23
sell_asset 11.153529411764707 17
give_vesting_power 3.3 9
update_start: 20; random_action_prob: 0.2262
update_complete: 20; loss: 47.13478469848633; cumulative_reward: 303.89; invalid_count: 0; positive_reward_count: 8; success_count: 8; episode_count: 8; random_exploration_count: 27; random_action_prob: 0.2262
make_subtrust -0.023698630136986303 73
move_asset -0.004137931034482759 29
sell_asset 17.99235294117647 17
give_vesting_power -0.014444444444444446 9
update_start: 21; random_action_prob: 0.2250
update_complete: 21; loss: 29.855910619099934; cumulative_reward: 235.76; invalid_count: 0; positive_reward_count: 11; success_count: 11; episode_count: 12; random_exploration_count: 32; random_action_prob: 0.2250
make_subtrust -0.01902777777777778 72
move_asset -0.01620689655172414 29
sell_asset 18.29230769230769 13
give_vesting_power -0.014285714285714287 14
update_start: 22; random_action_prob: 0.2239
update_complete: 22; loss: 58.30889892578125; cumulative_reward: 427.15000000000003; invalid_count: 0; positive_reward_count: 14; success_count: 14; episode_count: 14; random_exploration_count: 20; random_action_prob: 0.2239
make_subtrust -0.019322033898305085 59
move_asset -0.02142857142857143 35
sell_asset 22.605263157894736 19
give_vesting_power -0.03066666666666667 15
update_start: 23; random_action_prob: 0.2228
update_complete: 23; loss: 45.79742685953776; cumulative_reward: 363.05000000000007; invalid_count: 0; positive_reward_count: 13; success_count: 13; episode_count: 14; random_exploration_count: 31; random_action_prob: 0.2228
make_subtrust -0.02089285714285714 56
move_asset -0.009473684210526315 38
sell_asset 17.19 20
give_vesting_power 1.4842857142857144 14
update_start: 24; random_action_prob: 0.2217
update_complete: 24; loss: 47.72838592529297; cumulative_reward: 450.7900000000001; invalid_count: 0; positive_reward_count: 15; success_count: 15; episode_count: 15; random_exploration_count: 27; random_action_prob: 0.2217
make_subtrust -0.02 65
move_asset -0.011379310344827587 29
sell_asset 25.150555555555556 18
give_vesting_power -0.018125000000000002 16
update_start: 25; random_action_prob: 0.2206
update_complete: 25; loss: 44.07439931233724; cumulative_reward: 383.9800000000002; invalid_count: 0; positive_reward_count: 15; success_count: 15; episode_count: 15; random_exploration_count: 27; random_action_prob: 0.2206
make_subtrust -0.01913793103448276 58
move_asset -0.01125 32
sell_asset 15.89590909090909 22
give_vesting_power 2.23375 16
update_start: 26; random_action_prob: 0.2195
update_complete: 26; loss: 58.54554748535156; cumulative_reward: 436.67999999999995; invalid_count: 0; positive_reward_count: 13; success_count: 13; episode_count: 13; random_exploration_count: 31; random_action_prob: 0.2195
make_subtrust -0.021384615384615387 65
move_asset -0.011333333333333334 30
sell_asset 21.9345 20
give_vesting_power -0.02153846153846154 13
update_start: 27; random_action_prob: 0.2184
update_complete: 27; loss: 39.367801666259766; cumulative_reward: 363.9100000000001; invalid_count: 0; positive_reward_count: 12; success_count: 12; episode_count: 12; random_exploration_count: 25; random_action_prob: 0.2184
make_subtrust -0.018857142857142857 70
move_asset -0.012222222222222223 27
sell_asset 19.25052631578947 19
give_vesting_power -0.016666666666666666 12
update_start: 28; random_action_prob: 0.2173
update_complete: 28; loss: 48.91376876831055; cumulative_reward: 374.90999999999997; invalid_count: 0; positive_reward_count: 14; success_count: 14; episode_count: 14; random_exploration_count: 30; random_action_prob: 0.2173
make_subtrust -0.02295774647887324 71
move_asset -0.021304347826086957 23
sell_asset 19.86842105263158 19
give_vesting_power -0.03133333333333334 15
update_start: 29; random_action_prob: 0.2162
update_complete: 29; loss: 52.515664418538414; cumulative_reward: 414.8; invalid_count: 0; positive_reward_count: 13; success_count: 13; episode_count: 14; random_exploration_count: 20; random_action_prob: 0.2162
make_subtrust -0.025757575757575757 66
move_asset -0.022962962962962963 27
sell_asset 21.976315789473684 19
give_vesting_power -0.026875000000000003 16
update_start: 30; random_action_prob: 0.2151
update_complete: 30; loss: 38.89183553059896; cumulative_reward: 300.98000000000013; invalid_count: 0; positive_reward_count: 10; success_count: 10; episode_count: 10; random_exploration_count: 22; random_action_prob: 0.2151
make_subtrust -0.02108108108108108 74
move_asset -0.005172413793103448 29
sell_asset 20.186 15
give_vesting_power -0.009999999999999998 10
update_start: 31; random_action_prob: 0.2140
update_complete: 31; loss: 49.23211161295573; cumulative_reward: 364.6500000000002; invalid_count: 0; positive_reward_count: 11; success_count: 11; episode_count: 11; random_exploration_count: 24; random_action_prob: 0.2140
make_subtrust -0.01835820895522388 67
move_asset -0.0012903225806451613 31
sell_asset 19.261052631578945 19
give_vesting_power -0.0036363636363636364 11
update_start: 32; random_action_prob: 0.2130
update_complete: 32; loss: 53.46299489339193; cumulative_reward: 353.35000000000014; invalid_count: 0; positive_reward_count: 11; success_count: 11; episode_count: 11; random_exploration_count: 25; random_action_prob: 0.2130
make_subtrust -0.018805970149253733 67
move_asset -0.004193548387096774 31
sell_asset 18.67578947368421 19
give_vesting_power -0.00909090909090909 11
update_start: 33; random_action_prob: 0.2119
update_complete: 33; loss: 47.31508127848307; cumulative_reward: 302.2500000000001; invalid_count: 0; positive_reward_count: 9; success_count: 9; episode_count: 9; random_exploration_count: 25; random_action_prob: 0.2119
make_subtrust -0.019705882352941177 68
move_asset -0.004827586206896551 29
sell_asset 14.46857142857143 21
give_vesting_power -0.011 10
update_start: 34; random_action_prob: 0.2108
update_complete: 34; loss: 73.1376444498698; cumulative_reward: 456.96000000000004; invalid_count: 0; positive_reward_count: 11; success_count: 11; episode_count: 12; random_exploration_count: 27; random_action_prob: 0.2108
make_subtrust -0.018571428571428572 56
move_asset 0.0 40
sell_asset 21.0 20
give_vesting_power 3.1666666666666665 12
update_start: 35; random_action_prob: 0.2098
update_complete: 35; loss: 70.20060729980469; cumulative_reward: 481.5200000000003; invalid_count: 0; positive_reward_count: 13; success_count: 13; episode_count: 13; random_exploration_count: 23; random_action_prob: 0.2098
make_subtrust -0.022115384615384617 52
move_asset -0.003157894736842105 38
sell_asset 20.12 24
give_vesting_power -0.0064285714285714285 14
update_start: 36; random_action_prob: 0.2087
update_complete: 36; loss: 44.82289123535156; cumulative_reward: 401.79999999999995; invalid_count: 0; positive_reward_count: 13; success_count: 13; episode_count: 14; random_exploration_count: 23; random_action_prob: 0.2087
make_subtrust -0.020185185185185188 54
move_asset -0.001388888888888889 36
sell_asset 17.519565217391303 23
give_vesting_power -0.0006666666666666666 15
update_start: 37; random_action_prob: 0.2077
update_complete: 37; loss: 37.99843215942383; cumulative_reward: 240.60999999999999; invalid_count: 0; positive_reward_count: 7; success_count: 7; episode_count: 8; random_exploration_count: 21; random_action_prob: 0.2077
make_subtrust -0.019577464788732395 71
move_asset 0.0 29
sell_asset 12.1 20
give_vesting_power 0.0 8
update_start: 38; random_action_prob: 0.2066
update_complete: 38; loss: 24.25502077738444; cumulative_reward: 186.44; invalid_count: 0; positive_reward_count: 7; success_count: 7; episode_count: 8; random_exploration_count: 26; random_action_prob: 0.2066
make_subtrust -0.02104477611940299 67
move_asset -0.001388888888888889 36
sell_asset 11.054117647058822 17
give_vesting_power -0.0025 8
update_start: 39; random_action_prob: 0.2056
update_complete: 39; loss: 50.964881896972656; cumulative_reward: 355.38000000000017; invalid_count: 0; positive_reward_count: 11; success_count: 11; episode_count: 11; random_exploration_count: 22; random_action_prob: 0.2056
make_subtrust -0.01883116883116883 77
move_asset -0.0012 25
sell_asset 22.862000000000002 15
give_vesting_power 1.2663636363636364 11
update_start: 40; random_action_prob: 0.2046
update_complete: 40; loss: 55.20159657796224; cumulative_reward: 394.49000000000007; invalid_count: 0; positive_reward_count: 12; success_count: 12; episode_count: 12; random_exploration_count: 24; random_action_prob: 0.2046
make_subtrust -0.021129032258064517 62
move_asset -0.0019444444444444442 36
sell_asset 21.996111111111112 18
give_vesting_power -0.005 12
update_start: 41; random_action_prob: 0.2036
update_complete: 41; loss: 39.790592193603516; cumulative_reward: 384.61; invalid_count: 0; positive_reward_count: 14; success_count: 14; episode_count: 15; random_exploration_count: 20; random_action_prob: 0.2036
make_subtrust -0.02214285714285714 56
move_asset -0.0013157894736842105 38
sell_asset 19.2965 20
give_vesting_power -0.002142857142857143 14
update_start: 42; random_action_prob: 0.2025
update_complete: 42; loss: 37.38190205891927; cumulative_reward: 372.71000000000004; invalid_count: 0; positive_reward_count: 16; success_count: 16; episode_count: 16; random_exploration_count: 30; random_action_prob: 0.2025
make_subtrust -0.020943396226415095 53
move_asset -0.0010526315789473684 38
sell_asset 16.5465 20
give_vesting_power 2.525294117647059 17
update_start: 43; random_action_prob: 0.2015
update_complete: 43; loss: 43.28808848063151; cumulative_reward: 371.66; invalid_count: 0; positive_reward_count: 13; success_count: 13; episode_count: 13; random_exploration_count: 27; random_action_prob: 0.2015
make_subtrust -0.020677966101694915 59
move_asset -0.001282051282051282 39
sell_asset 19.184375 16
give_vesting_power 4.7128571428571435 14
update_start: 44; random_action_prob: 0.2005
update_complete: 44; loss: 28.93353843688965; cumulative_reward: 250.40000000000003; invalid_count: 0; positive_reward_count: 9; success_count: 9; episode_count: 10; random_exploration_count: 23; random_action_prob: 0.2005
make_subtrust -0.022608695652173914 69
move_asset -0.0005882352941176471 34
sell_asset 16.799333333333333 15
give_vesting_power -0.001 10
update_start: 45; random_action_prob: 0.1995
update_complete: 45; loss: 50.22901153564453; cumulative_reward: 298.3; invalid_count: 0; positive_reward_count: 9; success_count: 9; episode_count: 9; random_exploration_count: 29; random_action_prob: 0.1995
make_subtrust -0.023285714285714288 70
move_asset -0.0015625 32
sell_asset 17.646470588235296 17
give_vesting_power -0.0011111111111111111 9
update_start: 46; random_action_prob: 0.1985
update_complete: 46; loss: 39.704994201660156; cumulative_reward: 345.0600000000001; invalid_count: 0; positive_reward_count: 11; success_count: 11; episode_count: 12; random_exploration_count: 25; random_action_prob: 0.1985
make_subtrust -0.022833333333333334 60
move_asset -0.009444444444444443 36
sell_asset 17.344 20
give_vesting_power -0.009166666666666667 12
update_start: 47; random_action_prob: 0.1975
update_complete: 47; loss: 56.264837900797524; cumulative_reward: 444.49000000000007; invalid_count: 0; positive_reward_count: 14; success_count: 14; episode_count: 14; random_exploration_count: 23; random_action_prob: 0.1975
make_subtrust -0.019444444444444445 54
move_asset -0.004634146341463414 41
sell_asset 22.464736842105264 19
give_vesting_power 1.3499999999999999 14
update_start: 48; random_action_prob: 0.1965
update_complete: 48; loss: 56.08380254109701; cumulative_reward: 430.5400000000002; invalid_count: 0; positive_reward_count: 14; success_count: 14; episode_count: 14; random_exploration_count: 27; random_action_prob: 0.1965
make_subtrust -0.02 54
move_asset -0.00358974358974359 39
sell_asset 19.1405 20
give_vesting_power 3.2633333333333336 15
update_start: 49; random_action_prob: 0.1956
update_complete: 49; loss: 35.29401524861654; cumulative_reward: 248.37000000000003; invalid_count: 0; positive_reward_count: 8; success_count: 8; episode_count: 8; random_exploration_count: 25; random_action_prob: 0.1956
make_subtrust -0.0240625 64
move_asset -0.0005882352941176471 34
sell_asset 9.997619047619047 21
give_vesting_power 4.442222222222222 9
update_start: 50; random_action_prob: 0.1946
update_complete: 50; loss: 69.84835306803386; cumulative_reward: 460.5400000000001; invalid_count: 0; positive_reward_count: 13; success_count: 13; episode_count: 13; random_exploration_count: 24; random_action_prob: 0.1946
make_subtrust -0.023272727272727275 55
move_asset -0.0017142857142857142 35
sell_asset 18.4776 25
give_vesting_power -0.004615384615384615 13
update_start: 51; random_action_prob: 0.1936
update_complete: 51; loss: 24.823902765909832; cumulative_reward: 278.8; invalid_count: 0; positive_reward_count: 13; success_count: 13; episode_count: 14; random_exploration_count: 35; random_action_prob: 0.1936
make_subtrust -0.02392857142857143 56
move_asset -0.007500000000000001 36
sell_asset 12.755454545454546 22
give_vesting_power -0.015000000000000001 14
update_start: 52; random_action_prob: 0.1926
update_complete: 52; loss: 80.90976460774739; cumulative_reward: 480.0600000000001; invalid_count: 0; positive_reward_count: 13; success_count: 13; episode_count: 13; random_exploration_count: 19; random_action_prob: 0.1926
make_subtrust -0.020579710144927536 69
move_asset -0.0060714285714285705 28
sell_asset 26.767777777777777 18
give_vesting_power -0.013076923076923076 13
update_start: 53; random_action_prob: 0.1917
update_complete: 53; loss: 39.48461786905924; cumulative_reward: 343.56999999999994; invalid_count: 0; positive_reward_count: 12; success_count: 12; episode_count: 12; random_exploration_count: 19; random_action_prob: 0.1917
make_subtrust -0.02323943661971831 71
move_asset -0.0132 25
sell_asset 18.19736842105263 19
give_vesting_power -0.015384615384615385 13
update_start: 54; random_action_prob: 0.1907
update_complete: 54; loss: 52.52493413289388; cumulative_reward: 363.64; invalid_count: 0; positive_reward_count: 12; success_count: 12; episode_count: 12; random_exploration_count: 26; random_action_prob: 0.1907
make_subtrust -0.025652173913043478 69
move_asset -0.007586206896551724 29
sell_asset 21.24 16
give_vesting_power 1.842142857142857 14
update_start: 55; random_action_prob: 0.1898
update_complete: 55; loss: 50.47356669108073; cumulative_reward: 410.40000000000003; invalid_count: 0; positive_reward_count: 12; success_count: 12; episode_count: 13; random_exploration_count: 26; random_action_prob: 0.1898
make_subtrust -0.020615384615384615 65
move_asset -0.017096774193548388 31
sell_asset 22.924999999999997 18
give_vesting_power -0.027142857142857142 14
update_start: 56; random_action_prob: 0.1888
update_complete: 56; loss: 54.03675842285156; cumulative_reward: 475.32000000000005; invalid_count: 0; positive_reward_count: 15; success_count: 15; episode_count: 15; random_exploration_count: 20; random_action_prob: 0.1888
make_subtrust -0.019629629629629632 54
move_asset -0.007777777777777778 36
sell_asset 19.38086956521739 23
give_vesting_power 2.06 15
update_start: 57; random_action_prob: 0.1879
update_complete: 57; loss: 41.72994867960612; cumulative_reward: 303.36000000000007; invalid_count: 0; positive_reward_count: 11; success_count: 11; episode_count: 11; random_exploration_count: 18; random_action_prob: 0.1879
make_subtrust -0.021249999999999998 56
move_asset -0.005675675675675676 37
sell_asset 12.324583333333335 24
give_vesting_power 0.8154545454545455 11
update_start: 58; random_action_prob: 0.1869
update_complete: 58; loss: 54.24251810709635; cumulative_reward: 368.99000000000024; invalid_count: 0; positive_reward_count: 12; success_count: 12; episode_count: 13; random_exploration_count: 21; random_action_prob: 0.1869
make_subtrust -0.0163265306122449 49
move_asset -0.001951219512195122 41
sell_asset 13.7172 25
give_vesting_power 2.0723076923076924 13
update_start: 59; random_action_prob: 0.1860
update_complete: 59; loss: 49.39224116007487; cumulative_reward: 298.25000000000006; invalid_count: 0; positive_reward_count: 8; success_count: 8; episode_count: 8; random_exploration_count: 20; random_action_prob: 0.1860
make_subtrust -0.018333333333333333 78
move_asset -0.004583333333333333 24
sell_asset 16.66 18
give_vesting_power -0.01125 8
update_start: 60; random_action_prob: 0.1851
update_complete: 60; loss: 39.29896036783854; cumulative_reward: 315.69000000000017; invalid_count: 0; positive_reward_count: 11; success_count: 11; episode_count: 11; random_exploration_count: 22; random_action_prob: 0.1851
make_subtrust -0.016842105263157894 57
move_asset -0.004166666666666667 36
sell_asset 12.620833333333332 24
give_vesting_power 1.2636363636363637 11
update_start: 61; random_action_prob: 0.1841
update_complete: 61; loss: 78.5049819946289; cumulative_reward: 558.4000000000001; invalid_count: 0; positive_reward_count: 15; success_count: 15; episode_count: 15; random_exploration_count: 22; random_action_prob: 0.1841
make_subtrust -0.013658536585365855 41
move_asset 0.0 47
sell_asset 22.358400000000003 25
give_vesting_power 0.0 15
update_start: 62; random_action_prob: 0.1832
update_complete: 62; loss: 41.840630849202476; cumulative_reward: 367.37; invalid_count: 0; positive_reward_count: 13; success_count: 13; episode_count: 13; random_exploration_count: 26; random_action_prob: 0.1832
make_subtrust -0.019245283018867926 53
move_asset -0.007894736842105263 38
sell_asset 15.07625 24
give_vesting_power 0.5276923076923077 13
update_start: 63; random_action_prob: 0.1823
update_complete: 63; loss: 66.39917500813802; cumulative_reward: 458.4600000000002; invalid_count: 0; positive_reward_count: 13; success_count: 13; episode_count: 13; random_exploration_count: 21; random_action_prob: 0.1823
make_subtrust -0.021718750000000002 64
move_asset -0.0015625 32
sell_asset 24.207894736842103 19
give_vesting_power -0.0038461538461538464 13
update_start: 64; random_action_prob: 0.1814
update_complete: 64; loss: 48.751258850097656; cumulative_reward: 364.55; invalid_count: 0; positive_reward_count: 11; success_count: 11; episode_count: 12; random_exploration_count: 23; random_action_prob: 0.1814
make_subtrust -0.018596491228070177 57
move_asset -0.003947368421052632 38
sell_asset 18.293 20
give_vesting_power -0.007692307692307692 13
update_start: 65; random_action_prob: 0.1805
update_complete: 65; loss: 50.291748046875; cumulative_reward: 515.7000000000004; invalid_count: 0; positive_reward_count: 18; success_count: 18; episode_count: 18; random_exploration_count: 22; random_action_prob: 0.1805
make_subtrust -0.01826923076923077 52
move_asset -0.0025 36
sell_asset 23.49409090909091 22
give_vesting_power -0.007222222222222223 18
update_start: 66; random_action_prob: 0.1796
update_complete: 66; loss: 65.39314778645833; cumulative_reward: 559.2600000000002; invalid_count: 0; positive_reward_count: 16; success_count: 16; episode_count: 17; random_exploration_count: 35; random_action_prob: 0.1796
make_subtrust -0.0196 50
move_asset -0.007555555555555556 45
sell_asset 33.04625 16
give_vesting_power 1.8729411764705883 17
update_start: 67; random_action_prob: 0.1787
update_complete: 67; loss: 64.63918050130208; cumulative_reward: 450.55000000000007; invalid_count: 0; positive_reward_count: 14; success_count: 14; episode_count: 14; random_exploration_count: 24; random_action_prob: 0.1787
make_subtrust -0.01857142857142857 63
move_asset -0.003870967741935484 31
sell_asset 22.596 20
give_vesting_power -0.005714285714285714 14
update_start: 68; random_action_prob: 0.1778
update_complete: 68; loss: 58.74229939778646; cumulative_reward: 462.08000000000004; invalid_count: 0; positive_reward_count: 14; success_count: 14; episode_count: 14; random_exploration_count: 20; random_action_prob: 0.1778
make_subtrust -0.021636363636363634 55
move_asset -0.009189189189189189 37
sell_asset 20.124545454545455 22
give_vesting_power 1.4907142857142854 14
update_start: 69; random_action_prob: 0.1769
update_complete: 69; loss: 74.71188354492188; cumulative_reward: 605.6600000000002; invalid_count: 0; positive_reward_count: 17; success_count: 17; episode_count: 17; random_exploration_count: 24; random_action_prob: 0.1769
make_subtrust -0.02087719298245614 57
move_asset -0.001142857142857143 35
sell_asset 31.943684210526314 19
give_vesting_power -0.0023529411764705885 17
update_start: 70; random_action_prob: 0.1760
update_complete: 70; loss: 62.08307774861654; cumulative_reward: 430.2000000000001; invalid_count: 0; positive_reward_count: 13; success_count: 13; episode_count: 13; random_exploration_count: 21; random_action_prob: 0.1760
make_subtrust -0.02 66
move_asset -0.003793103448275862 29
sell_asset 21.5885 20
give_vesting_power -0.01076923076923077 13
update_start: 71; random_action_prob: 0.1751
update_complete: 71; loss: 62.79958470662435; cumulative_reward: 328.47; invalid_count: 0; positive_reward_count: 8; success_count: 8; episode_count: 8; random_exploration_count: 24; random_action_prob: 0.1751
make_subtrust -0.025285714285714286 70
move_asset -0.011379310344827587 29
sell_asset 15.743809523809524 21
give_vesting_power -0.00625 8
update_start: 72; random_action_prob: 0.1743
update_complete: 72; loss: 34.12199910481771; cumulative_reward: 241.07999999999996; invalid_count: 0; positive_reward_count: 8; success_count: 8; episode_count: 8; random_exploration_count: 15; random_action_prob: 0.1743
make_subtrust -0.021718750000000002 64
move_asset -0.0078125 32
sell_asset 10.556086956521739 23
give_vesting_power -0.007777777777777778 9
update_start: 73; random_action_prob: 0.1734
update_complete: 73; loss: 46.8806521097819; cumulative_reward: 284.03000000000003; invalid_count: 0; positive_reward_count: 9; success_count: 9; episode_count: 9; random_exploration_count: 21; random_action_prob: 0.1734
make_subtrust -0.02277777777777778 72
move_asset -0.005 28
sell_asset 14.728947368421053 19
give_vesting_power 0.6622222222222223 9
update_start: 74; random_action_prob: 0.1725
update_complete: 74; loss: 58.507562001546226; cumulative_reward: 421.6200000000001; invalid_count: 0; positive_reward_count: 13; success_count: 13; episode_count: 13; random_exploration_count: 21; random_action_prob: 0.1725
make_subtrust -0.019655172413793106 58
move_asset -0.0014285714285714286 35
sell_asset 19.222272727272728 22
give_vesting_power -0.006153846153846154 13
update_start: 75; random_action_prob: 0.1717
update_complete: 75; loss: 56.9816042582194; cumulative_reward: 443.16; invalid_count: 0; positive_reward_count: 14; success_count: 14; episode_count: 14; random_exploration_count: 22; random_action_prob: 0.1717
make_subtrust -0.02397058823529412 68
move_asset -0.017037037037037038 27
sell_asset 23.449473684210528 19
give_vesting_power -0.020714285714285716 14
update_start: 76; random_action_prob: 0.1708
update_complete: 76; loss: 48.67129389444987; cumulative_reward: 445.71; invalid_count: 0; positive_reward_count: 17; success_count: 17; episode_count: 17; random_exploration_count: 26; random_action_prob: 0.1708
make_subtrust -0.018363636363636363 55
move_asset -0.002777777777777778 36
sell_asset 19.645500000000002 20
give_vesting_power 3.1711764705882355 17
update_start: 77; random_action_prob: 0.1699
update_complete: 77; loss: 44.35054397583008; cumulative_reward: 453.74; invalid_count: 0; positive_reward_count: 17; success_count: 17; episode_count: 17; random_exploration_count: 24; random_action_prob: 0.1699
make_subtrust -0.018703703703703705 54
move_asset -0.0022222222222222222 36
sell_asset 19.424285714285716 21
give_vesting_power 2.7600000000000002 17
update_start: 78; random_action_prob: 0.1691
update_complete: 78; loss: 42.052032470703125; cumulative_reward: 311.53999999999996; invalid_count: 0; positive_reward_count: 10; success_count: 10; episode_count: 11; random_exploration_count: 25; random_action_prob: 0.1691
make_subtrust -0.02058823529411765 68
move_asset 0.0 31
sell_asset 16.88611111111111 18
give_vesting_power 0.8172727272727273 11
update_start: 79; random_action_prob: 0.1683
update_complete: 79; loss: 59.195700327555336; cumulative_reward: 383.82000000000005; invalid_count: 0; positive_reward_count: 11; success_count: 11; episode_count: 11; random_exploration_count: 25; random_action_prob: 0.1683
make_subtrust -0.017142857142857144 49
move_asset -0.004047619047619047 42
sell_asset 14.801923076923078 26
give_vesting_power -0.0018181818181818182 11
update_start: 80; random_action_prob: 0.1674
update_complete: 80; loss: 44.45698038736979; cumulative_reward: 280.61000000000007; invalid_count: 0; positive_reward_count: 8; success_count: 8; episode_count: 8; random_exploration_count: 21; random_action_prob: 0.1674
make_subtrust -0.020166666666666666 60
move_asset -0.0014705882352941176 34
sell_asset 10.843076923076923 26
give_vesting_power -0.00625 8
update_start: 81; random_action_prob: 0.1666
update_complete: 81; loss: 46.566009521484375; cumulative_reward: 239.97; invalid_count: 0; positive_reward_count: 6; success_count: 6; episode_count: 6; random_exploration_count: 18; random_action_prob: 0.1666
make_subtrust -0.021973684210526315 76
move_asset -0.005555555555555556 27
sell_asset 12.729473684210527 19
give_vesting_power -0.011666666666666667 6
update_start: 82; random_action_prob: 0.1657
update_complete: 82; loss: 57.9697519938151; cumulative_reward: 371.20000000000005; invalid_count: 0; positive_reward_count: 10; success_count: 10; episode_count: 10; random_exploration_count: 23; random_action_prob: 0.1657
make_subtrust -0.025781250000000002 64
move_asset -0.001764705882352941 34
sell_asset 19.630000000000003 19
give_vesting_power -0.005454545454545454 11
update_start: 83; random_action_prob: 0.1649
update_complete: 83; loss: 57.82555898030599; cumulative_reward: 444.9500000000001; invalid_count: 0; positive_reward_count: 13; success_count: 13; episode_count: 13; random_exploration_count: 19; random_action_prob: 0.1649
make_subtrust -0.020677966101694915 59
move_asset -0.011176470588235295 34
sell_asset 18.44090909090909 22
give_vesting_power 3.1423076923076922 13
update_start: 84; random_action_prob: 0.1641
update_complete: 84; loss: 42.96677017211914; cumulative_reward: 344.2600000000001; invalid_count: 0; positive_reward_count: 11; success_count: 11; episode_count: 11; random_exploration_count: 22; random_action_prob: 0.1641
make_subtrust -0.02 67
move_asset -0.004838709677419355 31
sell_asset 17.436666666666667 18
give_vesting_power 2.6575 12
update_start: 85; random_action_prob: 0.1633
update_complete: 85; loss: 25.203446706136067; cumulative_reward: 309.6000000000001; invalid_count: 0; positive_reward_count: 13; success_count: 13; episode_count: 13; random_exploration_count: 16; random_action_prob: 0.1633
make_subtrust -0.019310344827586208 58
move_asset -0.0029411764705882353 34
sell_asset 14.132272727272728 22
give_vesting_power -0.006428571428571429 14
update_start: 86; random_action_prob: 0.1625
update_complete: 86; loss: 40.84551111857096; cumulative_reward: 413.4400000000004; invalid_count: 0; positive_reward_count: 15; success_count: 15; episode_count: 15; random_exploration_count: 19; random_action_prob: 0.1625
make_subtrust -0.017916666666666668 48
move_asset -0.00825 40
sell_asset 16.784166666666668 24
give_vesting_power 0.738125 16
update_start: 87; random_action_prob: 0.1616
update_complete: 87; loss: 44.03070068359375; cumulative_reward: 417.62000000000035; invalid_count: 0; positive_reward_count: 15; success_count: 15; episode_count: 16; random_exploration_count: 21; random_action_prob: 0.1616
make_subtrust -0.019387755102040816 49
move_asset -0.005 44
sell_asset 22.045263157894738 19
give_vesting_power -0.004375 16
update_start: 88; random_action_prob: 0.1608
update_complete: 88; loss: 44.18566640218099; cumulative_reward: 275.9599999999999; invalid_count: 0; positive_reward_count: 8; success_count: 8; episode_count: 9; random_exploration_count: 27; random_action_prob: 0.1608
make_subtrust -0.017407407407407406 54
move_asset -0.00044444444444444447 45
sell_asset 14.575263157894737 19
give_vesting_power -0.001 10
update_start: 89; random_action_prob: 0.1600
update_complete: 89; loss: 59.25567499796549; cumulative_reward: 370.3900000000002; invalid_count: 0; positive_reward_count: 11; success_count: 11; episode_count: 11; random_exploration_count: 23; random_action_prob: 0.1600
make_subtrust -0.021666666666666667 66
move_asset -0.0021875 32
sell_asset 19.57526315789474 19
give_vesting_power -0.0036363636363636364 11
update_start: 90; random_action_prob: 0.1592
update_complete: 90; loss: 61.40580749511719; cumulative_reward: 436.8100000000001; invalid_count: 0; positive_reward_count: 12; success_count: 12; episode_count: 12; random_exploration_count: 26; random_action_prob: 0.1592
make_subtrust -0.01574074074074074 54
move_asset -0.0035000000000000005 40
sell_asset 18.947727272727274 22
give_vesting_power 1.7458333333333333 12
update_start: 91; random_action_prob: 0.1584
update_complete: 91; loss: 43.8979123433431; cumulative_reward: 311.61000000000007; invalid_count: 0; positive_reward_count: 10; success_count: 10; episode_count: 10; random_exploration_count: 16; random_action_prob: 0.1584
make_subtrust -0.02076923076923077 65
move_asset -0.00029411764705882356 34
sell_asset 16.472631578947368 19
give_vesting_power -0.001 10
update_start: 92; random_action_prob: 0.1576
update_complete: 92; loss: 34.966294606526695; cumulative_reward: 294.81000000000006; invalid_count: 0; positive_reward_count: 10; success_count: 10; episode_count: 10; random_exploration_count: 26; random_action_prob: 0.1576
make_subtrust -0.02382352941176471 68
move_asset -0.00870967741935484 31
sell_asset 13.513684210526316 19
give_vesting_power 3.9939999999999998 10
update_start: 93; random_action_prob: 0.1569
update_complete: 93; loss: 45.38810729980469; cumulative_reward: 391.3699999999999; invalid_count: 0; positive_reward_count: 14; success_count: 14; episode_count: 14; random_exploration_count: 24; random_action_prob: 0.1569
make_subtrust -0.023571428571428573 70
move_asset -0.013333333333333334 24
sell_asset 18.331 20
give_vesting_power 1.9085714285714286 14
update_start: 94; random_action_prob: 0.1561
update_complete: 94; loss: 47.0152219136556; cumulative_reward: 399.30000000000007; invalid_count: 0; positive_reward_count: 12; success_count: 12; episode_count: 12; random_exploration_count: 25; random_action_prob: 0.1561
make_subtrust -0.02064516129032258 62
move_asset -0.0040625 32
sell_asset 18.21909090909091 22
give_vesting_power -0.009166666666666667 12
update_start: 95; random_action_prob: 0.1553
update_complete: 95; loss: 48.235591888427734; cumulative_reward: 410.9099999999999; invalid_count: 0; positive_reward_count: 13; success_count: 13; episode_count: 13; random_exploration_count: 24; random_action_prob: 0.1553
make_subtrust -0.025526315789473685 76
move_asset -0.019545454545454546 22
sell_asset 25.035 16
give_vesting_power 0.9085714285714285 14
update_start: 96; random_action_prob: 0.1545
update_complete: 96; loss: 63.9329465230306; cumulative_reward: 492.6400000000002; invalid_count: 0; positive_reward_count: 15; success_count: 15; episode_count: 15; random_exploration_count: 19; random_action_prob: 0.1545
make_subtrust -0.022033898305084745 59
move_asset -0.013225806451612903 31
sell_asset 21.503913043478263 23
give_vesting_power -0.016 15
update_start: 97; random_action_prob: 0.1537
update_complete: 97; loss: 33.09687423706055; cumulative_reward: 314.42000000000013; invalid_count: 0; positive_reward_count: 13; success_count: 13; episode_count: 13; random_exploration_count: 22; random_action_prob: 0.1537
make_subtrust -0.02373134328358209 67
move_asset -0.016206896551724137 29
sell_asset 17.095 18
give_vesting_power 0.6264285714285714 14
update_start: 98; random_action_prob: 0.1530
update_complete: 98; loss: 52.38919321695963; cumulative_reward: 394.5500000000002; invalid_count: 0; positive_reward_count: 12; success_count: 12; episode_count: 12; random_exploration_count: 19; random_action_prob: 0.1530
make_subtrust -0.019473684210526317 57
move_asset -0.003888888888888889 36
sell_asset 17.995454545454546 22
give_vesting_power -0.007692307692307693 13
update_start: 99; random_action_prob: 0.1522
update_complete: 99; loss: 64.95843760172527; cumulative_reward: 369.25; invalid_count: 0; positive_reward_count: 9; success_count: 9; episode_count: 10; random_exploration_count: 24; random_action_prob: 0.1522
make_subtrust -0.019047619047619046 63
move_asset -0.008333333333333333 36
sell_asset 18.54 20
give_vesting_power -0.005555555555555556 9
2026-07-10T17:16:08 completed distressed_assets run=2 elapsed_seconds=856.91 updates_logged=100
2026-07-10T17:16:08 running distressed_assets run=3 seed=1732
update_start: 0; random_action_prob: 0.2500
update_complete: 0; loss: 25.150119145711262; cumulative_reward: 147.58000000000007; invalid_count: 0; positive_reward_count: 7; success_count: 7; episode_count: 7; random_exploration_count: 37; random_action_prob: 0.2500
make_subtrust -0.03375 80
move_asset -0.035454545454545454 22
sell_asset 6.914736842105263 19
give_vesting_power 2.8114285714285714 7
update_start: 1; random_action_prob: 0.2487
update_complete: 1; loss: 60.759412129720054; cumulative_reward: 348.82; invalid_count: 0; positive_reward_count: 10; success_count: 10; episode_count: 11; random_exploration_count: 36; random_action_prob: 0.2487
make_subtrust -0.03333333333333333 75
move_asset -0.044782608695652176 23
sell_asset 19.615 18
give_vesting_power -0.060000000000000005 12
update_start: 2; random_action_prob: 0.2475
update_complete: 2; loss: 33.830308278401695; cumulative_reward: 287.6200000000003; invalid_count: 0; positive_reward_count: 11; success_count: 11; episode_count: 12; random_exploration_count: 27; random_action_prob: 0.2475
make_subtrust -0.03563380281690141 71
move_asset -0.06666666666666667 24
sell_asset 17.23176470588235 17
give_vesting_power -0.074375 16
update_start: 3; random_action_prob: 0.2463
update_complete: 3; loss: 14.33411979675293; cumulative_reward: 141.07000000000005; invalid_count: 0; positive_reward_count: 6; success_count: 6; episode_count: 6; random_exploration_count: 40; random_action_prob: 0.2463
make_subtrust -0.034166666666666665 84
move_asset -0.022 20
sell_asset 8.033333333333333 18
give_vesting_power -0.036666666666666674 6
update_start: 4; random_action_prob: 0.2450
update_complete: 4; loss: 39.76095072428385; cumulative_reward: 170.90000000000006; invalid_count: 0; positive_reward_count: 4; success_count: 4; episode_count: 4; random_exploration_count: 35; random_action_prob: 0.2450
make_subtrust -0.03166666666666667 78
move_asset -0.009130434782608696 23
sell_asset 8.277142857142858 21
give_vesting_power -0.04 6
update_start: 5; random_action_prob: 0.2438
update_complete: 5; loss: 39.9732551574707; cumulative_reward: 286.76000000000016; invalid_count: 0; positive_reward_count: 9; success_count: 9; episode_count: 9; random_exploration_count: 26; random_action_prob: 0.2438
make_subtrust -0.032380952380952385 84
move_asset -0.03222222222222223 18
sell_asset 18.15125 16
give_vesting_power -0.036000000000000004 10
update_start: 6; random_action_prob: 0.2426
update_complete: 6; loss: 56.27365493774414; cumulative_reward: 317.55999999999995; invalid_count: 0; positive_reward_count: 9; success_count: 9; episode_count: 9; random_exploration_count: 25; random_action_prob: 0.2426
make_subtrust -0.02896103896103896 77
move_asset -0.01782608695652174 23
sell_asset 18.853529411764704 17
give_vesting_power -0.028181818181818183 11
update_start: 7; random_action_prob: 0.2414
update_complete: 7; loss: 24.96810468037923; cumulative_reward: 249.59; invalid_count: 0; positive_reward_count: 11; success_count: 11; episode_count: 12; random_exploration_count: 26; random_action_prob: 0.2414
make_subtrust -0.03424242424242424 66
move_asset -0.010689655172413793 29
sell_asset 14.024999999999999 18
give_vesting_power -0.01933333333333333 15
update_start: 8; random_action_prob: 0.2402
update_complete: 8; loss: 24.779965082804363; cumulative_reward: 218.97000000000003; invalid_count: 0; positive_reward_count: 9; success_count: 9; episode_count: 11; random_exploration_count: 28; random_action_prob: 0.2402
make_subtrust -0.03071428571428571 70
move_asset -0.01206896551724138 29
sell_asset 13.036470588235295 17
give_vesting_power -0.012499999999999999 12
update_start: 9; random_action_prob: 0.2390
update_complete: 9; loss: 40.13454818725586; cumulative_reward: 288.6300000000002; invalid_count: 0; positive_reward_count: 10; success_count: 10; episode_count: 12; random_exploration_count: 42; random_action_prob: 0.2390
make_subtrust -0.03015151515151515 66
move_asset -0.01689655172413793 29
sell_asset 16.200555555555557 18
give_vesting_power -0.03333333333333333 15
update_start: 10; random_action_prob: 0.2378
update_complete: 10; loss: 66.0460942586263; cumulative_reward: 400.24; invalid_count: 0; positive_reward_count: 11; success_count: 11; episode_count: 11; random_exploration_count: 38; random_action_prob: 0.2378
make_subtrust -0.03056338028169014 71
move_asset -0.022400000000000003 25
sell_asset 18.06714285714286 21
give_vesting_power 2.1418181818181816 11
update_start: 11; random_action_prob: 0.2366
update_complete: 11; loss: 46.285247802734375; cumulative_reward: 353.30000000000024; invalid_count: 0; positive_reward_count: 12; success_count: 12; episode_count: 12; random_exploration_count: 25; random_action_prob: 0.2366
make_subtrust -0.02796875 64
move_asset -0.0275 28
sell_asset 13.577391304347827 23
give_vesting_power 3.352307692307692 13
update_start: 12; random_action_prob: 0.2354
update_complete: 12; loss: 30.107816060384113; cumulative_reward: 216.34000000000012; invalid_count: 0; positive_reward_count: 9; success_count: 9; episode_count: 10; random_exploration_count: 31; random_action_prob: 0.2354
make_subtrust -0.02927536231884058 69
move_asset -0.024444444444444446 27
sell_asset 12.196111111111112 18
give_vesting_power -0.03642857142857143 14
update_start: 13; random_action_prob: 0.2342
update_complete: 13; loss: 59.00184758504232; cumulative_reward: 418.29000000000025; invalid_count: 0; positive_reward_count: 13; success_count: 13; episode_count: 13; random_exploration_count: 27; random_action_prob: 0.2342
make_subtrust -0.02295774647887324 71
move_asset -0.01625 24
sell_asset 21.0315 20
give_vesting_power -0.024615384615384615 13
update_start: 14; random_action_prob: 0.2331
update_complete: 14; loss: 35.73176066080729; cumulative_reward: 293.8700000000001; invalid_count: 0; positive_reward_count: 11; success_count: 11; episode_count: 11; random_exploration_count: 34; random_action_prob: 0.2331
make_subtrust -0.025555555555555557 72
move_asset -0.019615384615384614 26
sell_asset 16.478333333333335 18
give_vesting_power -0.0325 12
update_start: 15; random_action_prob: 0.2319
update_complete: 15; loss: 66.94216918945312; cumulative_reward: 491.7900000000001; invalid_count: 0; positive_reward_count: 14; success_count: 14; episode_count: 14; random_exploration_count: 33; random_action_prob: 0.2319
make_subtrust -0.024838709677419354 62
move_asset -0.022333333333333334 30
sell_asset 23.54714285714286 21
give_vesting_power -0.03266666666666667 15
update_start: 16; random_action_prob: 0.2307
update_complete: 16; loss: 32.9638303120931; cumulative_reward: 264.30000000000007; invalid_count: 0; positive_reward_count: 9; success_count: 9; episode_count: 9; random_exploration_count: 35; random_action_prob: 0.2307
make_subtrust -0.02735294117647059 68
move_asset -0.010714285714285714 28
sell_asset 12.121818181818183 22
give_vesting_power -0.022 10
update_start: 17; random_action_prob: 0.2296
update_complete: 17; loss: 53.25810114542643; cumulative_reward: 380.6300000000002; invalid_count: 0; positive_reward_count: 12; success_count: 12; episode_count: 12; random_exploration_count: 30; random_action_prob: 0.2296
make_subtrust -0.02584615384615385 65
move_asset -0.021071428571428574 28
sell_asset 18.255238095238095 21
give_vesting_power -0.032857142857142856 14
update_start: 18; random_action_prob: 0.2284
update_complete: 18; loss: 39.8703867594401; cumulative_reward: 309.26999999999987; invalid_count: 0; positive_reward_count: 10; success_count: 10; episode_count: 11; random_exploration_count: 31; random_action_prob: 0.2284
make_subtrust -0.02880597014925373 67
move_asset -0.02620689655172414 29
sell_asset 15.621 20
give_vesting_power -0.03833333333333334 12
update_start: 19; random_action_prob: 0.2273
update_complete: 19; loss: 26.742408752441406; cumulative_reward: 219.56000000000003; invalid_count: 0; positive_reward_count: 9; success_count: 9; episode_count: 9; random_exploration_count: 40; random_action_prob: 0.2273
make_subtrust -0.025937500000000002 64
move_asset -0.01129032258064516 31
sell_asset 9.236666666666666 24
give_vesting_power -0.012222222222222223 9
update_start: 20; random_action_prob: 0.2262
update_complete: 20; loss: 48.65817387898763; cumulative_reward: 398.07999999999987; invalid_count: 0; positive_reward_count: 14; success_count: 14; episode_count: 15; random_exploration_count: 22; random_action_prob: 0.2262
make_subtrust -0.022033898305084745 59
move_asset -0.021935483870967745 31
sell_asset 17.729499999999998 20
give_vesting_power 2.526111111111111 18
update_start: 21; random_action_prob: 0.2250
update_complete: 21; loss: 44.11784235636393; cumulative_reward: 320.34000000000015; invalid_count: 0; positive_reward_count: 13; success_count: 13; episode_count: 13; random_exploration_count: 28; random_action_prob: 0.2250
make_subtrust -0.028607594936708863 79
move_asset -0.024 20
sell_asset 20.22125 16
give_vesting_power -0.03538461538461539 13
update_start: 22; random_action_prob: 0.2239
update_complete: 22; loss: 39.50708262125651; cumulative_reward: 362.14000000000016; invalid_count: 0; positive_reward_count: 14; success_count: 14; episode_count: 15; random_exploration_count: 25; random_action_prob: 0.2239
make_subtrust -0.02986301369863014 73
move_asset -0.02782608695652174 23
sell_asset 21.49705882352941 17
give_vesting_power -0.03266666666666667 15
update_start: 23; random_action_prob: 0.2228
update_complete: 23; loss: 70.0508524576823; cumulative_reward: 551.59; invalid_count: 0; positive_reward_count: 16; success_count: 16; episode_count: 16; random_exploration_count: 35; random_action_prob: 0.2228
make_subtrust -0.027205882352941177 68
move_asset -0.023333333333333334 24
sell_asset 27.724 20
give_vesting_power -0.030000000000000002 16
update_start: 24; random_action_prob: 0.2217
update_complete: 24; loss: 42.683326721191406; cumulative_reward: 335.87; invalid_count: 0; positive_reward_count: 11; success_count: 11; episode_count: 11; random_exploration_count: 31; random_action_prob: 0.2217
make_subtrust -0.02661764705882353 68
move_asset -0.020714285714285716 28
sell_asset 16.121428571428574 21
give_vesting_power -0.026363636363636363 11
update_start: 25; random_action_prob: 0.2206
update_complete: 25; loss: 55.6767578125; cumulative_reward: 438.4400000000004; invalid_count: 0; positive_reward_count: 14; success_count: 14; episode_count: 14; random_exploration_count: 30; random_action_prob: 0.2206
make_subtrust -0.029402985074626867 67
move_asset -0.02107142857142857 28
sell_asset 24.523333333333333 18
give_vesting_power -0.028 15
update_start: 26; random_action_prob: 0.2195
update_complete: 26; loss: 39.16450881958008; cumulative_reward: 377.21; invalid_count: 0; positive_reward_count: 14; success_count: 14; episode_count: 14; random_exploration_count: 28; random_action_prob: 0.2195
make_subtrust -0.028235294117647056 68
move_asset -0.02962962962962963 27
sell_asset 21.135555555555555 18
give_vesting_power -0.034 15
update_start: 27; random_action_prob: 0.2184
update_complete: 27; loss: 48.19297790527344; cumulative_reward: 380.5199999999999; invalid_count: 0; positive_reward_count: 13; success_count: 13; episode_count: 13; random_exploration_count: 26; random_action_prob: 0.2184
make_subtrust -0.030000000000000002 77
move_asset -0.01904761904761905 21
sell_asset 23.975 16
give_vesting_power -0.02642857142857143 14
update_start: 28; random_action_prob: 0.2173
update_complete: 28; loss: 50.75397237141927; cumulative_reward: 373.67999999999995; invalid_count: 0; positive_reward_count: 13; success_count: 13; episode_count: 13; random_exploration_count: 31; random_action_prob: 0.2173
make_subtrust -0.0291304347826087 69
move_asset -0.01730769230769231 26
sell_asset 18.827 20
give_vesting_power -0.03076923076923077 13
update_start: 29; random_action_prob: 0.2162
update_complete: 29; loss: 60.86872990926107; cumulative_reward: 420.3900000000004; invalid_count: 0; positive_reward_count: 12; success_count: 12; episode_count: 12; random_exploration_count: 26; random_action_prob: 0.2162
make_subtrust -0.028 60
move_asset -0.009354838709677418 31
sell_asset 17.609583333333333 24
give_vesting_power -0.02076923076923077 13
update_start: 30; random_action_prob: 0.2151
update_complete: 30; loss: 37.529309590657554; cumulative_reward: 339.98000000000013; invalid_count: 0; positive_reward_count: 13; success_count: 13; episode_count: 13; random_exploration_count: 27; random_action_prob: 0.2151
make_subtrust -0.02945945945945946 74
move_asset -0.02791666666666667 24
sell_asset 20.19235294117647 17
give_vesting_power -0.033846153846153845 13
update_start: 31; random_action_prob: 0.2140
update_complete: 31; loss: 43.52108637491862; cumulative_reward: 351.30000000000007; invalid_count: 0; positive_reward_count: 13; success_count: 13; episode_count: 13; random_exploration_count: 31; random_action_prob: 0.2140
make_subtrust -0.02515625 64
move_asset -0.0146875 32
sell_asset 17.456315789473685 19
give_vesting_power 1.6699999999999997 13
update_start: 32; random_action_prob: 0.2130
update_complete: 32; loss: 36.887917836507164; cumulative_reward: 276.68; invalid_count: 0; positive_reward_count: 10; success_count: 10; episode_count: 10; random_exploration_count: 35; random_action_prob: 0.2130
make_subtrust -0.026962025316455696 79
move_asset -0.020454545454545454 22
sell_asset 17.476875 16
give_vesting_power -0.03363636363636364 11
update_start: 33; random_action_prob: 0.2119
update_complete: 33; loss: 39.78902943929037; cumulative_reward: 376.84999999999997; invalid_count: 0; positive_reward_count: 16; success_count: 16; episode_count: 16; random_exploration_count: 25; random_action_prob: 0.2119
make_subtrust -0.024857142857142855 70
move_asset -0.03826086956521739 23
sell_asset 21.12388888888889 18
give_vesting_power -0.04470588235294118 17
update_start: 34; random_action_prob: 0.2108
update_complete: 34; loss: 50.15652720133463; cumulative_reward: 442.3000000000004; invalid_count: 0; positive_reward_count: 15; success_count: 15; episode_count: 16; random_exploration_count: 39; random_action_prob: 0.2108
make_subtrust -0.026610169491525424 59
move_asset -0.028064516129032258 31
sell_asset 21.206666666666667 21
give_vesting_power -0.03529411764705882 17
update_start: 35; random_action_prob: 0.2098
update_complete: 35; loss: 51.49272791544596; cumulative_reward: 347.71; invalid_count: 0; positive_reward_count: 12; success_count: 12; episode_count: 12; random_exploration_count: 29; random_action_prob: 0.2098
make_subtrust -0.027941176470588237 68
move_asset -0.013793103448275864 29
sell_asset 18.443684210526317 19
give_vesting_power -0.035 12
update_start: 36; random_action_prob: 0.2087
update_complete: 36; loss: 40.693154652913414; cumulative_reward: 334.7600000000002; invalid_count: 0; positive_reward_count: 11; success_count: 11; episode_count: 11; random_exploration_count: 28; random_action_prob: 0.2087
make_subtrust -0.025507246376811593 69
move_asset -0.020370370370370372 27
sell_asset 18.747777777777777 18
give_vesting_power -0.027857142857142858 14
update_start: 37; random_action_prob: 0.2077
update_complete: 37; loss: 30.955324172973633; cumulative_reward: 321.58; invalid_count: 0; positive_reward_count: 14; success_count: 14; episode_count: 15; random_exploration_count: 18; random_action_prob: 0.2077
make_subtrust -0.02408450704225352 71
move_asset -0.02782608695652174 23
sell_asset 17.074736842105263 19
give_vesting_power -0.03266666666666667 15
update_start: 38; random_action_prob: 0.2066
update_complete: 38; loss: 36.47006479899088; cumulative_reward: 368.7800000000001; invalid_count: 0; positive_reward_count: 14; success_count: 14; episode_count: 15; random_exploration_count: 23; random_action_prob: 0.2066
make_subtrust -0.02382352941176471 68
move_asset -0.023214285714285715 28
sell_asset 23.220625 16
give_vesting_power -0.03 16
update_start: 39; random_action_prob: 0.2056
update_complete: 39; loss: 27.135623931884766; cumulative_reward: 277.94999999999976; invalid_count: 0; positive_reward_count: 12; success_count: 12; episode_count: 13; random_exploration_count: 24; random_action_prob: 0.2056
make_subtrust -0.024307692307692308 65
move_asset -0.035312500000000004 32
sell_asset 18.758 15
give_vesting_power -0.044375000000000005 16
update_start: 40; random_action_prob: 0.2046
update_complete: 40; loss: 41.2858772277832; cumulative_reward: 364.5699999999998; invalid_count: 0; positive_reward_count: 13; success_count: 13; episode_count: 14; random_exploration_count: 33; random_action_prob: 0.2046
make_subtrust -0.025 74
move_asset -0.027083333333333334 24
sell_asset 26.254285714285714 14
give_vesting_power -0.030625000000000003 16
update_start: 41; random_action_prob: 0.2036
update_complete: 41; loss: 33.4346923828125; cumulative_reward: 276.4100000000001; invalid_count: 0; positive_reward_count: 10; success_count: 10; episode_count: 10; random_exploration_count: 30; random_action_prob: 0.2036
make_subtrust -0.022692307692307692 78
move_asset -0.01608695652173913 23
sell_asset 16.39588235294118 17
give_vesting_power -0.018000000000000002 10
update_start: 42; random_action_prob: 0.2025
update_complete: 42; loss: 70.47635396321614; cumulative_reward: 474.42999999999995; invalid_count: 0; positive_reward_count: 13; success_count: 13; episode_count: 14; random_exploration_count: 24; random_action_prob: 0.2025
make_subtrust -0.02178082191780822 73
move_asset -0.034 25
sell_asset 31.831333333333337 15
give_vesting_power -0.04 15
update_start: 43; random_action_prob: 0.2015
update_complete: 43; loss: 52.30386098225912; cumulative_reward: 417.16; invalid_count: 0; positive_reward_count: 14; success_count: 14; episode_count: 15; random_exploration_count: 21; random_action_prob: 0.2015
make_subtrust -0.02142857142857143 63
move_asset -0.018666666666666668 30
sell_asset 22.080000000000002 19
give_vesting_power -0.028125 16
update_start: 44; random_action_prob: 0.2005
update_complete: 44; loss: 64.27339426676433; cumulative_reward: 437.6500000000001; invalid_count: 0; positive_reward_count: 14; success_count: 14; episode_count: 14; random_exploration_count: 18; random_action_prob: 0.2005
make_subtrust -0.024142857142857143 70
move_asset -0.023600000000000003 25
sell_asset 23.181578947368422 19
give_vesting_power -0.037142857142857144 14
update_start: 45; random_action_prob: 0.1995
update_complete: 45; loss: 33.976643880208336; cumulative_reward: 385.89000000000016; invalid_count: 0; positive_reward_count: 16; success_count: 16; episode_count: 17; random_exploration_count: 33; random_action_prob: 0.1995
make_subtrust -0.018979591836734696 49
move_asset -0.013421052631578948 38
sell_asset 18.46238095238095 21
give_vesting_power -0.019 20
update_start: 46; random_action_prob: 0.1985
update_complete: 46; loss: 39.36248016357422; cumulative_reward: 365.86999999999983; invalid_count: 0; positive_reward_count: 13; success_count: 13; episode_count: 15; random_exploration_count: 38; random_action_prob: 0.1985
make_subtrust -0.023934426229508195 61
move_asset -0.024411764705882355 34
sell_asset 21.505294117647058 17
give_vesting_power 0.16062500000000002 16
update_start: 47; random_action_prob: 0.1975
update_complete: 47; loss: 40.6838010152181; cumulative_reward: 300.32; invalid_count: 0; positive_reward_count: 10; success_count: 10; episode_count: 10; random_exploration_count: 25; random_action_prob: 0.1975
make_subtrust -0.025853658536585368 82
move_asset -0.009523809523809525 21
sell_asset 20.186666666666667 15
give_vesting_power -0.016 10
update_start: 48; random_action_prob: 0.1965
update_complete: 48; loss: 47.24079513549805; cumulative_reward: 376.6; invalid_count: 0; positive_reward_count: 13; success_count: 13; episode_count: 13; random_exploration_count: 30; random_action_prob: 0.1965
make_subtrust -0.021346153846153848 52
move_asset -0.002195121951219512 41
sell_asset 18.895 20
give_vesting_power -0.006666666666666666 15
update_start: 49; random_action_prob: 0.1956
update_complete: 49; loss: 50.368309020996094; cumulative_reward: 430.4100000000001; invalid_count: 0; positive_reward_count: 14; success_count: 14; episode_count: 14; random_exploration_count: 28; random_action_prob: 0.1956
make_subtrust -0.022452830188679246 53
move_asset -0.003414634146341464 41
sell_asset 18.943 20
give_vesting_power 3.777142857142857 14
update_start: 50; random_action_prob: 0.1946
update_complete: 50; loss: 57.83935801188151; cumulative_reward: 519.1000000000001; invalid_count: 0; positive_reward_count: 17; success_count: 17; episode_count: 17; random_exploration_count: 25; random_action_prob: 0.1946
make_subtrust -0.014782608695652176 46
move_asset -0.0009090909090909091 44
sell_asset 24.756666666666668 21
give_vesting_power -0.00411764705882353 17
update_start: 51; random_action_prob: 0.1936
update_complete: 51; loss: 51.70065180460612; cumulative_reward: 379.37000000000006; invalid_count: 0; positive_reward_count: 11; success_count: 11; episode_count: 12; random_exploration_count: 21; random_action_prob: 0.1936
make_subtrust -0.01890909090909091 55
move_asset -0.007631578947368422 38
sell_asset 16.55695652173913 23
give_vesting_power -0.009166666666666667 12
update_start: 52; random_action_prob: 0.1926
update_complete: 52; loss: 48.35539627075195; cumulative_reward: 304.40000000000043; invalid_count: 0; positive_reward_count: 9; success_count: 9; episode_count: 10; random_exploration_count: 19; random_action_prob: 0.1926
make_subtrust -0.024262295081967214 61
move_asset -0.000975609756097561 41
sell_asset 19.1225 16
give_vesting_power -0.004 10
update_start: 53; random_action_prob: 0.1917
update_complete: 53; loss: 47.55782699584961; cumulative_reward: 316.46000000000004; invalid_count: 0; positive_reward_count: 8; success_count: 8; episode_count: 9; random_exploration_count: 22; random_action_prob: 0.1917
make_subtrust -0.021940298507462687 67
move_asset -0.0011764705882352942 34
sell_asset 18.70529411764706 17
give_vesting_power -0.002 10
update_start: 54; random_action_prob: 0.1907
update_complete: 54; loss: 55.28457514444987; cumulative_reward: 347.77000000000015; invalid_count: 0; positive_reward_count: 10; success_count: 10; episode_count: 10; random_exploration_count: 20; random_action_prob: 0.1907
make_subtrust -0.019016393442622948 61
move_asset -0.0008333333333333333 36
sell_asset 14.999500000000001 20
give_vesting_power 4.451818181818182 11
update_start: 55; random_action_prob: 0.1898
update_complete: 55; loss: 33.01149113972982; cumulative_reward: 211.34; invalid_count: 0; positive_reward_count: 6; success_count: 6; episode_count: 6; random_exploration_count: 29; random_action_prob: 0.1898
make_subtrust -0.025230769230769234 65
move_asset 0.0 35
sell_asset 8.226818181818182 22
give_vesting_power 5.331666666666666 6
update_start: 56; random_action_prob: 0.1888
update_complete: 56; loss: 53.68034871419271; cumulative_reward: 436.72000000000014; invalid_count: 0; positive_reward_count: 13; success_count: 13; episode_count: 13; random_exploration_count: 23; random_action_prob: 0.1888
make_subtrust -0.02109090909090909 55
move_asset -0.0007692307692307692 39
sell_asset 20.854285714285716 21
give_vesting_power -0.0023076923076923075 13
update_start: 57; random_action_prob: 0.1879
update_complete: 57; loss: 39.97380701700846; cumulative_reward: 341.52000000000004; invalid_count: 0; positive_reward_count: 11; success_count: 11; episode_count: 11; random_exploration_count: 27; random_action_prob: 0.1879
make_subtrust -0.02 62
move_asset -0.002285714285714286 35
sell_asset 17.146 20
give_vesting_power -0.007272727272727273 11
update_start: 58; random_action_prob: 0.1869
update_complete: 58; loss: 37.796461741129555; cumulative_reward: 250.42999999999998; invalid_count: 0; positive_reward_count: 7; success_count: 7; episode_count: 8; random_exploration_count: 25; random_action_prob: 0.1869
make_subtrust -0.022941176470588236 68
move_asset 0.0 31
sell_asset 12.5995 20
give_vesting_power 0.0 9
update_start: 59; random_action_prob: 0.1860
update_complete: 59; loss: 40.09931437174479; cumulative_reward: 409.74000000000007; invalid_count: 0; positive_reward_count: 15; success_count: 15; episode_count: 15; random_exploration_count: 22; random_action_prob: 0.1860
make_subtrust -0.020483870967741936 62
move_asset -0.010666666666666666 30
sell_asset 19.60238095238095 21
give_vesting_power -0.021333333333333333 15
update_start: 60; random_action_prob: 0.1851
update_complete: 60; loss: 36.832889556884766; cumulative_reward: 262.10999999999996; invalid_count: 0; positive_reward_count: 10; success_count: 10; episode_count: 11; random_exploration_count: 24; random_action_prob: 0.1851
make_subtrust -0.02584615384615385 65
move_asset -0.015333333333333334 30
sell_asset 12.602380952380951 21
give_vesting_power -0.03333333333333333 12
update_start: 61; random_action_prob: 0.1841
update_complete: 61; loss: 43.736979166666664; cumulative_reward: 321.7000000000001; invalid_count: 0; positive_reward_count: 9; success_count: 9; episode_count: 10; random_exploration_count: 24; random_action_prob: 0.1841
make_subtrust -0.02492537313432836 67
move_asset -0.007857142857142858 28
sell_asset 14.712727272727273 22
give_vesting_power -0.00818181818181818 11
update_start: 62; random_action_prob: 0.1832
update_complete: 62; loss: 48.50822194417318; cumulative_reward: 332.62000000000006; invalid_count: 0; positive_reward_count: 11; success_count: 11; episode_count: 11; random_exploration_count: 22; random_action_prob: 0.1832
make_subtrust -0.022537313432835823 67
move_asset -0.0125 28
sell_asset 15.213181818181818 22
give_vesting_power -0.019090909090909092 11
update_start: 63; random_action_prob: 0.1823
update_complete: 63; loss: 49.72396977742513; cumulative_reward: 284.54; invalid_count: 0; positive_reward_count: 8; success_count: 8; episode_count: 8; random_exploration_count: 23; random_action_prob: 0.1823
make_subtrust -0.026714285714285715 70
move_asset -0.007241379310344827 29
sell_asset 13.656190476190474 21
give_vesting_power -0.02 8
update_start: 64; random_action_prob: 0.1814
update_complete: 64; loss: 77.45108795166016; cumulative_reward: 541.2099999999998; invalid_count: 0; positive_reward_count: 15; success_count: 15; episode_count: 15; random_exploration_count: 26; random_action_prob: 0.1814
make_subtrust -0.023500000000000004 60
move_asset -0.00375 32
sell_asset 25.848571428571432 21
give_vesting_power -0.005333333333333333 15
update_start: 65; random_action_prob: 0.1805
update_complete: 65; loss: 66.81234486897786; cumulative_reward: 628.8200000000004; invalid_count: 0; positive_reward_count: 19; success_count: 19; episode_count: 19; random_exploration_count: 16; random_action_prob: 0.1805
make_subtrust -0.014666666666666668 45
move_asset -0.004634146341463414 41
sell_asset 28.63 22
give_vesting_power -0.0095 20
update_start: 66; random_action_prob: 0.1796
update_complete: 66; loss: 57.15753046671549; cumulative_reward: 408.63; invalid_count: 0; positive_reward_count: 14; success_count: 14; episode_count: 14; random_exploration_count: 26; random_action_prob: 0.1796
make_subtrust -0.025142857142857144 70
move_asset -0.007407407407407408 27
sell_asset 24.164117647058823 17
give_vesting_power -0.014285714285714287 14
update_start: 67; random_action_prob: 0.1787
update_complete: 67; loss: 32.694262186686196; cumulative_reward: 233.86000000000016; invalid_count: 0; positive_reward_count: 8; success_count: 8; episode_count: 10; random_exploration_count: 20; random_action_prob: 0.1787
make_subtrust -0.02484848484848485 66
move_asset -0.006000000000000001 35
sell_asset 13.102222222222222 18
give_vesting_power -0.014444444444444446 9
update_start: 68; random_action_prob: 0.1778
update_complete: 68; loss: 41.26000086466471; cumulative_reward: 321.2299999999999; invalid_count: 0; positive_reward_count: 11; success_count: 11; episode_count: 12; random_exploration_count: 30; random_action_prob: 0.1778
make_subtrust -0.02368421052631579 57
move_asset -0.01743589743589744 39
sell_asset 16.180500000000002 20
give_vesting_power -0.02916666666666667 12
update_start: 69; random_action_prob: 0.1769
update_complete: 69; loss: 47.593161265055336; cumulative_reward: 357.78999999999996; invalid_count: 0; positive_reward_count: 12; success_count: 12; episode_count: 13; random_exploration_count: 22; random_action_prob: 0.1769
make_subtrust -0.025757575757575757 66
move_asset -0.02107142857142857 28
sell_asset 17.166666666666668 21
give_vesting_power -0.03230769230769231 13
update_start: 70; random_action_prob: 0.1760
update_complete: 70; loss: 46.44561640421549; cumulative_reward: 364.2800000000001; invalid_count: 0; positive_reward_count: 12; success_count: 12; episode_count: 13; random_exploration_count: 22; random_action_prob: 0.1760
make_subtrust -0.02610389610389611 77
move_asset -0.03291666666666667 24
sell_asset 28.27769230769231 13
give_vesting_power -0.03785714285714286 14
update_start: 71; random_action_prob: 0.1751
update_complete: 71; loss: 65.73987070719402; cumulative_reward: 508.83000000000015; invalid_count: 0; positive_reward_count: 16; success_count: 16; episode_count: 16; random_exploration_count: 22; random_action_prob: 0.1751
make_subtrust -0.020923076923076926 65
move_asset -0.010370370370370372 27
sell_asset 26.879473684210524 19
give_vesting_power -0.01411764705882353 17
update_start: 72; random_action_prob: 0.1743
update_complete: 72; loss: 68.85711415608723; cumulative_reward: 588.6800000000003; invalid_count: 0; positive_reward_count: 18; success_count: 18; episode_count: 18; random_exploration_count: 16; random_action_prob: 0.1743
make_subtrust -0.017659574468085106 47
move_asset -0.004871794871794872 39
sell_asset 24.575833333333335 24
give_vesting_power -0.006666666666666666 18
update_start: 73; random_action_prob: 0.1734
update_complete: 73; loss: 36.41714986165365; cumulative_reward: 381.46000000000026; invalid_count: 0; positive_reward_count: 15; success_count: 15; episode_count: 16; random_exploration_count: 29; random_action_prob: 0.1734
make_subtrust -0.021632653061224492 49
move_asset -0.004 40
sell_asset 16.64391304347826 23
give_vesting_power -0.008125 16
update_start: 74; random_action_prob: 0.1725
update_complete: 74; loss: 44.567709604899086; cumulative_reward: 404.57000000000005; invalid_count: 0; positive_reward_count: 14; success_count: 14; episode_count: 15; random_exploration_count: 19; random_action_prob: 0.1725
make_subtrust -0.020185185185185188 54
move_asset -0.0045945945945945945 37
sell_asset 19.330000000000002 21
give_vesting_power -0.0062499999999999995 16
update_start: 75; random_action_prob: 0.1717
update_complete: 75; loss: 52.96858342488607; cumulative_reward: 426.60000000000014; invalid_count: 0; positive_reward_count: 13; success_count: 13; episode_count: 14; random_exploration_count: 30; random_action_prob: 0.1717
make_subtrust -0.02 51
move_asset -0.0027272727272727275 44
sell_asset 22.51736842105263 19
give_vesting_power -0.0064285714285714285 14
update_start: 76; random_action_prob: 0.1708
update_complete: 76; loss: 34.33957163492838; cumulative_reward: 281.42999999999995; invalid_count: 0; positive_reward_count: 11; success_count: 11; episode_count: 11; random_exploration_count: 24; random_action_prob: 0.1708
make_subtrust -0.022372881355932205 59
move_asset -0.0022222222222222222 36
sell_asset 12.859545454545456 22
give_vesting_power -0.007272727272727273 11
update_start: 77; random_action_prob: 0.1699
update_complete: 77; loss: 24.837890625; cumulative_reward: 308.0100000000001; invalid_count: 0; positive_reward_count: 14; success_count: 14; episode_count: 14; random_exploration_count: 26; random_action_prob: 0.1699
make_subtrust -0.015185185185185187 54
move_asset -0.0014285714285714286 35
sell_asset 12.3576 25
give_vesting_power -0.004285714285714286 14
update_start: 78; random_action_prob: 0.1691
update_complete: 78; loss: 59.4475466410319; cumulative_reward: 449.83000000000004; invalid_count: 0; positive_reward_count: 13; success_count: 13; episode_count: 13; random_exploration_count: 21; random_action_prob: 0.1691
make_subtrust -0.020943396226415095 53
move_asset -0.0007317073170731707 41
sell_asset 21.475238095238097 21
give_vesting_power -0.0007692307692307692 13
update_start: 79; random_action_prob: 0.1683
update_complete: 79; loss: 48.47616449991862; cumulative_reward: 426.57000000000016; invalid_count: 0; positive_reward_count: 15; success_count: 15; episode_count: 15; random_exploration_count: 26; random_action_prob: 0.1683
make_subtrust -0.018163265306122448 49
move_asset -0.005 40
sell_asset 18.601304347826087 23
give_vesting_power -0.010624999999999999 16
update_start: 80; random_action_prob: 0.1674
update_complete: 80; loss: 45.246421813964844; cumulative_reward: 301.53999999999996; invalid_count: 0; positive_reward_count: 10; success_count: 10; episode_count: 11; random_exploration_count: 22; random_action_prob: 0.1674
make_subtrust -0.021774193548387097 62
move_asset -0.0007894736842105263 38
sell_asset 18.934375 16
give_vesting_power -0.0025 12
update_start: 81; random_action_prob: 0.1666
update_complete: 81; loss: 88.71517435709636; cumulative_reward: 503.7000000000002; invalid_count: 0; positive_reward_count: 12; success_count: 12; episode_count: 12; random_exploration_count: 21; random_action_prob: 0.1666
make_subtrust -0.02246153846153846 65
move_asset -0.01125 32
sell_asset 29.751176470588234 17
give_vesting_power -0.017857142857142856 14
update_start: 82; random_action_prob: 0.1657
update_complete: 82; loss: 56.5053342183431; cumulative_reward: 432.17000000000036; invalid_count: 0; positive_reward_count: 14; success_count: 14; episode_count: 14; random_exploration_count: 25; random_action_prob: 0.1657
make_subtrust -0.0232258064516129 62
move_asset -0.0024242424242424242 33
sell_asset 22.832631578947368 19
give_vesting_power -0.009285714285714286 14
update_start: 83; random_action_prob: 0.1649
update_complete: 83; loss: 50.04994328816732; cumulative_reward: 354.4300000000002; invalid_count: 0; positive_reward_count: 11; success_count: 11; episode_count: 11; random_exploration_count: 19; random_action_prob: 0.1649
make_subtrust -0.024153846153846154 65
move_asset 0.0 33
sell_asset 18.736842105263158 19
give_vesting_power 0.0 11
update_start: 84; random_action_prob: 0.1641
update_complete: 84; loss: 66.34213002522786; cumulative_reward: 451.02000000000015; invalid_count: 0; positive_reward_count: 13; success_count: 13; episode_count: 13; random_exploration_count: 16; random_action_prob: 0.1641
make_subtrust -0.02453125 64
move_asset -0.006129032258064516 31
sell_asset 22.6445 20
give_vesting_power -0.008461538461538463 13
update_start: 85; random_action_prob: 0.1633
update_complete: 85; loss: 37.84720102945963; cumulative_reward: 315.3100000000001; invalid_count: 0; positive_reward_count: 12; success_count: 12; episode_count: 12; random_exploration_count: 25; random_action_prob: 0.1633
make_subtrust -0.026 65
move_asset -0.01566666666666667 30
sell_asset 15.885 20
give_vesting_power -0.017692307692307695 13
update_start: 86; random_action_prob: 0.1625
update_complete: 86; loss: 64.17781829833984; cumulative_reward: 469.8600000000001; invalid_count: 0; positive_reward_count: 14; success_count: 14; episode_count: 14; random_exploration_count: 19; random_action_prob: 0.1625
make_subtrust -0.02671875 64
move_asset -0.004137931034482759 29
sell_asset 22.467142857142857 21
give_vesting_power -0.008571428571428572 14
update_start: 87; random_action_prob: 0.1616
update_complete: 87; loss: 56.495155334472656; cumulative_reward: 420.1; invalid_count: 0; positive_reward_count: 13; success_count: 13; episode_count: 13; random_exploration_count: 18; random_action_prob: 0.1616
make_subtrust -0.024754098360655737 61
move_asset -0.003823529411764706 34
sell_asset 22.202105263157893 19
give_vesting_power -0.0071428571428571435 14
update_start: 88; random_action_prob: 0.1608
update_complete: 88; loss: 32.5777219136556; cumulative_reward: 354.00000000000034; invalid_count: 0; positive_reward_count: 14; success_count: 14; episode_count: 15; random_exploration_count: 16; random_action_prob: 0.1608
make_subtrust -0.021785714285714287 56
move_asset -0.008 35
sell_asset 16.940952380952382 21
give_vesting_power -0.01625 16
update_start: 89; random_action_prob: 0.1600
update_complete: 89; loss: 51.179344177246094; cumulative_reward: 390.6800000000002; invalid_count: 0; positive_reward_count: 13; success_count: 13; episode_count: 13; random_exploration_count: 22; random_action_prob: 0.1600
make_subtrust -0.021562500000000002 64
move_asset -0.010333333333333333 30
sell_asset 19.6315 20
give_vesting_power -0.018571428571428572 14
update_start: 90; random_action_prob: 0.1592
update_complete: 90; loss: 58.832166035970054; cumulative_reward: 445.63000000000045; invalid_count: 0; positive_reward_count: 13; success_count: 13; episode_count: 13; random_exploration_count: 16; random_action_prob: 0.1592
make_subtrust -0.024193548387096774 62
move_asset -0.009375 32
sell_asset 21.317619047619047 21
give_vesting_power -0.01846153846153846 13
update_start: 91; random_action_prob: 0.1584
update_complete: 91; loss: 73.19662221272786; cumulative_reward: 476.0800000000003; invalid_count: 0; positive_reward_count: 12; success_count: 12; episode_count: 13; random_exploration_count: 27; random_action_prob: 0.1584
make_subtrust -0.02526315789473684 57
move_asset -0.004722222222222221 36
sell_asset 22.753809523809522 21
give_vesting_power -0.009999999999999998 14
update_start: 92; random_action_prob: 0.1576
update_complete: 92; loss: 62.689256032307945; cumulative_reward: 404.04; invalid_count: 0; positive_reward_count: 11; success_count: 11; episode_count: 11; random_exploration_count: 24; random_action_prob: 0.1576
make_subtrust -0.026825396825396825 63
move_asset -0.0025 32
sell_asset 18.449545454545454 22
give_vesting_power -0.007272727272727273 11
update_start: 93; random_action_prob: 0.1569
update_complete: 93; loss: 35.9764149983724; cumulative_reward: 330.07000000000005; invalid_count: 0; positive_reward_count: 12; success_count: 12; episode_count: 12; random_exploration_count: 20; random_action_prob: 0.1569
make_subtrust -0.025441176470588234 68
move_asset -0.0022222222222222222 27
sell_asset 15.806190476190476 21
give_vesting_power -0.005833333333333333 12
update_start: 94; random_action_prob: 0.1561
update_complete: 94; loss: 57.33493296305338; cumulative_reward: 429.6600000000003; invalid_count: 0; positive_reward_count: 13; success_count: 13; episode_count: 13; random_exploration_count: 19; random_action_prob: 0.1561
make_subtrust -0.025781250000000002 64
move_asset -0.0069696969696969695 33
sell_asset 25.397058823529413 17
give_vesting_power -0.015 14
update_start: 95; random_action_prob: 0.1553
update_complete: 95; loss: 56.49065653483073; cumulative_reward: 532.0300000000002; invalid_count: 0; positive_reward_count: 17; success_count: 17; episode_count: 17; random_exploration_count: 21; random_action_prob: 0.1553
make_subtrust -0.01959183673469388 49
move_asset -0.01105263157894737 38
sell_asset 22.233333333333334 24
give_vesting_power -0.011176470588235295 17
update_start: 96; random_action_prob: 0.1545
update_complete: 96; loss: 43.40166473388672; cumulative_reward: 412.1200000000001; invalid_count: 0; positive_reward_count: 14; success_count: 14; episode_count: 14; random_exploration_count: 20; random_action_prob: 0.1545
make_subtrust -0.023809523809523808 63
move_asset -0.003793103448275862 29
sell_asset 20.6935 20
give_vesting_power -0.008749999999999999 16
update_start: 97; random_action_prob: 0.1537
update_complete: 97; loss: 54.080039978027344; cumulative_reward: 539.1300000000001; invalid_count: 0; positive_reward_count: 18; success_count: 18; episode_count: 18; random_exploration_count: 16; random_action_prob: 0.1537
make_subtrust -0.017333333333333333 45
move_asset -0.00022727272727272727 44
sell_asset 25.712380952380954 21
give_vesting_power -0.0022222222222222222 18
update_start: 98; random_action_prob: 0.1530
update_complete: 98; loss: 41.16147232055664; cumulative_reward: 423.96000000000015; invalid_count: 0; positive_reward_count: 16; success_count: 16; episode_count: 16; random_exploration_count: 16; random_action_prob: 0.1530
make_subtrust -0.01956521739130435 46
move_asset -0.0011111111111111111 45
sell_asset 21.247999999999998 20
give_vesting_power -0.0029411764705882353 17
update_start: 99; random_action_prob: 0.1522
update_complete: 99; loss: 35.44274139404297; cumulative_reward: 311.65000000000003; invalid_count: 0; positive_reward_count: 11; success_count: 11; episode_count: 12; random_exploration_count: 16; random_action_prob: 0.1522
make_subtrust -0.026153846153846153 65
move_asset -0.006666666666666667 33
sell_asset 17.430555555555557 18
give_vesting_power -0.015 12
2026-07-10T17:30:03 completed distressed_assets run=3 elapsed_seconds=834.98 updates_logged=100
2026-07-10T17:30:03 running distressed_assets run=4 seed=1733
update_start: 0; random_action_prob: 0.2500
update_complete: 0; loss: 11.430234909057617; cumulative_reward: 57.31000000000009; invalid_count: 0; positive_reward_count: 2; success_count: 2; episode_count: 2; random_exploration_count: 32; random_action_prob: 0.2500
make_subtrust -0.02617283950617284 81
move_asset -0.032400000000000005 25
sell_asset 3.019 20
give_vesting_power -0.07 2
update_start: 1; random_action_prob: 0.2487
update_complete: 1; loss: 10.02525266011556; cumulative_reward: 106.29999999999988; invalid_count: 0; positive_reward_count: 6; success_count: 6; episode_count: 6; random_exploration_count: 28; random_action_prob: 0.2487
make_subtrust -0.02682926829268293 82
move_asset -0.03 21
sell_asset 6.438823529411764 17
give_vesting_power -0.04125 8
update_start: 2; random_action_prob: 0.2475
update_complete: 2; loss: 44.05215835571289; cumulative_reward: 253.80000000000004; invalid_count: 0; positive_reward_count: 7; success_count: 7; episode_count: 8; random_exploration_count: 36; random_action_prob: 0.2475
make_subtrust -0.025750000000000002 80
move_asset -0.04363636363636364 22
sell_asset 17.159333333333333 15
give_vesting_power -0.051818181818181826 11
update_start: 3; random_action_prob: 0.2463
update_complete: 3; loss: 28.125879923502605; cumulative_reward: 228.23; invalid_count: 0; positive_reward_count: 10; success_count: 10; episode_count: 11; random_exploration_count: 29; random_action_prob: 0.2463
make_subtrust -0.02513157894736842 76
move_asset -0.02846153846153846 26
sell_asset 15.240714285714287 14
give_vesting_power 1.4591666666666665 12
update_start: 4; random_action_prob: 0.2450
update_complete: 4; loss: 25.01327069600423; cumulative_reward: 227.72000000000008; invalid_count: 0; positive_reward_count: 9; success_count: 9; episode_count: 10; random_exploration_count: 27; random_action_prob: 0.2450
make_subtrust -0.0263013698630137 73
move_asset -0.03428571428571429 28
sell_asset 15.414666666666667 15
give_vesting_power -0.051666666666666666 12
update_start: 5; random_action_prob: 0.2438
update_complete: 5; loss: 36.518609364827476; cumulative_reward: 333.3599999999998; invalid_count: 0; positive_reward_count: 12; success_count: 12; episode_count: 12; random_exploration_count: 30; random_action_prob: 0.2438
make_subtrust -0.023287671232876714 73
move_asset -0.031200000000000002 25
sell_asset 19.786470588235293 17
give_vesting_power -0.04076923076923077 13
update_start: 6; random_action_prob: 0.2426
update_complete: 6; loss: 70.58760325113933; cumulative_reward: 469.26999999999975; invalid_count: 0; positive_reward_count: 13; success_count: 13; episode_count: 13; random_exploration_count: 34; random_action_prob: 0.2426
make_subtrust -0.024125 80
move_asset -0.033888888888888885 18
sell_asset 27.78705882352941 17
give_vesting_power -0.043846153846153854 13
update_start: 7; random_action_prob: 0.2414
update_complete: 7; loss: 39.28323745727539; cumulative_reward: 364.51999999999987; invalid_count: 0; positive_reward_count: 15; success_count: 15; episode_count: 15; random_exploration_count: 32; random_action_prob: 0.2414
make_subtrust -0.0212 75
move_asset -0.035 20
sell_asset 20.409444444444446 18
give_vesting_power -0.037333333333333336 15
update_start: 8; random_action_prob: 0.2402
update_complete: 8; loss: 49.48730341593424; cumulative_reward: 336.73999999999967; invalid_count: 0; positive_reward_count: 11; success_count: 11; episode_count: 11; random_exploration_count: 30; random_action_prob: 0.2402
make_subtrust -0.0252 75
move_asset -0.04045454545454546 22
sell_asset 17.003 20
give_vesting_power -0.049090909090909095 11
update_start: 9; random_action_prob: 0.2390
update_complete: 9; loss: 20.70403226216634; cumulative_reward: 195.40999999999988; invalid_count: 0; positive_reward_count: 8; success_count: 8; episode_count: 10; random_exploration_count: 27; random_action_prob: 0.2390
make_subtrust -0.026842105263157896 76
move_asset -0.04666666666666667 27
sell_asset 12.148666666666665 15
give_vesting_power 1.6480000000000001 10
update_start: 10; random_action_prob: 0.2378
update_complete: 10; loss: 48.74742126464844; cumulative_reward: 356.8899999999998; invalid_count: 0; positive_reward_count: 13; success_count: 13; episode_count: 13; random_exploration_count: 26; random_action_prob: 0.2378
make_subtrust -0.02442857142857143 70
move_asset -0.03185185185185185 27
sell_asset 22.515 16
give_vesting_power -0.052000000000000005 15
update_start: 11; random_action_prob: 0.2366
update_complete: 11; loss: 32.845933278401695; cumulative_reward: 244.04000000000005; invalid_count: 0; positive_reward_count: 9; success_count: 9; episode_count: 10; random_exploration_count: 36; random_action_prob: 0.2366
make_subtrust -0.028947368421052635 76
move_asset -0.05 25
sell_asset 19.102307692307694 13
give_vesting_power -0.060000000000000005 14
update_start: 12; random_action_prob: 0.2354
update_complete: 12; loss: 26.148579279581707; cumulative_reward: 218.23999999999995; invalid_count: 0; positive_reward_count: 9; success_count: 9; episode_count: 11; random_exploration_count: 45; random_action_prob: 0.2354
make_subtrust -0.027123287671232878 73
move_asset -0.044814814814814814 27
sell_asset 17.09846153846154 13
give_vesting_power -0.05666666666666667 15
update_start: 13; random_action_prob: 0.2342
update_complete: 13; loss: 34.32385381062826; cumulative_reward: 308.95999999999964; invalid_count: 0; positive_reward_count: 13; success_count: 13; episode_count: 14; random_exploration_count: 32; random_action_prob: 0.2342
make_subtrust -0.023896103896103898 77
move_asset -0.0380952380952381 21
sell_asset 20.823333333333334 15
give_vesting_power -0.05 15
update_start: 14; random_action_prob: 0.2331
update_complete: 14; loss: 40.505167643229164; cumulative_reward: 320.1400000000002; invalid_count: 0; positive_reward_count: 12; success_count: 12; episode_count: 12; random_exploration_count: 27; random_action_prob: 0.2331
make_subtrust -0.023333333333333338 87
move_asset -0.034666666666666665 15
sell_asset 23.092142857142857 14
give_vesting_power -0.05000000000000001 12
update_start: 15; random_action_prob: 0.2319
update_complete: 15; loss: 40.6442019144694; cumulative_reward: 324.6299999999998; invalid_count: 0; positive_reward_count: 12; success_count: 12; episode_count: 12; random_exploration_count: 27; random_action_prob: 0.2319
make_subtrust -0.024936708860759493 79
move_asset -0.04476190476190477 21
sell_asset 17.304285714285715 14
give_vesting_power 6.091428571428572 14
update_start: 16; random_action_prob: 0.2307
update_complete: 16; loss: 17.74262873331706; cumulative_reward: 203.35999999999996; invalid_count: 0; positive_reward_count: 10; success_count: 10; episode_count: 12; random_exploration_count: 33; random_action_prob: 0.2307
make_subtrust -0.024722222222222222 72
move_asset -0.04555555555555556 27
sell_asset 12.945 16
give_vesting_power -0.057692307692307696 13
update_start: 17; random_action_prob: 0.2296
update_complete: 17; loss: 22.813680013020832; cumulative_reward: 200.6499999999998; invalid_count: 0; positive_reward_count: 11; success_count: 11; episode_count: 13; random_exploration_count: 21; random_action_prob: 0.2296
make_subtrust -0.023611111111111114 72
move_asset -0.043333333333333335 24
sell_asset 10.74 19
give_vesting_power -0.05153846153846154 13
update_start: 18; random_action_prob: 0.2284
update_complete: 18; loss: 31.352357864379883; cumulative_reward: 259.5599999999999; invalid_count: 0; positive_reward_count: 10; success_count: 10; episode_count: 11; random_exploration_count: 33; random_action_prob: 0.2284
make_subtrust -0.025679012345679014 81
move_asset -0.0385 20
sell_asset 18.795714285714286 14
give_vesting_power -0.05615384615384615 13
update_start: 19; random_action_prob: 0.2273
update_complete: 19; loss: 49.26140340169271; cumulative_reward: 356.60999999999984; invalid_count: 0; positive_reward_count: 13; success_count: 13; episode_count: 13; random_exploration_count: 28; random_action_prob: 0.2273
make_subtrust -0.025769230769230773 78
move_asset -0.0415 20
sell_asset 19.949411764705882 17
give_vesting_power 1.5623076923076922 13
update_start: 20; random_action_prob: 0.2262
update_complete: 20; loss: 54.875909169514976; cumulative_reward: 380.5099999999997; invalid_count: 0; positive_reward_count: 13; success_count: 13; episode_count: 13; random_exploration_count: 30; random_action_prob: 0.2262
make_subtrust -0.025217391304347827 69
move_asset -0.040740740740740744 27
sell_asset 19.419999999999998 17
give_vesting_power 3.5473333333333334 15
update_start: 21; random_action_prob: 0.2250
update_complete: 21; loss: 27.94317690531413; cumulative_reward: 238.64999999999998; invalid_count: 0; positive_reward_count: 10; success_count: 10; episode_count: 11; random_exploration_count: 38; random_action_prob: 0.2250
make_subtrust -0.026202531645569623 79
move_asset -0.038181818181818185 22
sell_asset 15.743333333333334 15
give_vesting_power 0.45083333333333336 12
update_start: 22; random_action_prob: 0.2239
update_complete: 22; loss: 22.370148340861004; cumulative_reward: 203.62000000000006; invalid_count: 0; positive_reward_count: 8; success_count: 8; episode_count: 9; random_exploration_count: 33; random_action_prob: 0.2239
make_subtrust -0.025555555555555557 72
move_asset -0.040370370370370376 27
sell_asset 12.186470588235293 17
give_vesting_power -0.051666666666666666 12
update_start: 23; random_action_prob: 0.2228
update_complete: 23; loss: 48.81674575805664; cumulative_reward: 361.2600000000001; invalid_count: 0; positive_reward_count: 15; success_count: 15; episode_count: 15; random_exploration_count: 30; random_action_prob: 0.2228
make_subtrust -0.02689189189189189 74
move_asset -0.045238095238095244 21
sell_asset 22.821875 16
give_vesting_power -0.05588235294117647 17
update_start: 24; random_action_prob: 0.2217
update_complete: 24; loss: 38.47019704182943; cumulative_reward: 311.70999999999987; invalid_count: 0; positive_reward_count: 11; success_count: 11; episode_count: 11; random_exploration_count: 26; random_action_prob: 0.2217
make_subtrust -0.025714285714285717 84
move_asset -0.0411764705882353 17
sell_asset 17.6325 16
give_vesting_power 2.95 11
update_start: 25; random_action_prob: 0.2206
update_complete: 25; loss: 45.625570933024086; cumulative_reward: 349.17; invalid_count: 0; positive_reward_count: 12; success_count: 12; episode_count: 12; random_exploration_count: 28; random_action_prob: 0.2206
make_subtrust -0.029523809523809525 84
move_asset -0.043125000000000004 16
sell_asset 22.06625 16
give_vesting_power -0.060000000000000005 12
update_start: 26; random_action_prob: 0.2195
update_complete: 26; loss: 50.6313222249349; cumulative_reward: 401.7900000000005; invalid_count: 0; positive_reward_count: 15; success_count: 15; episode_count: 15; random_exploration_count: 30; random_action_prob: 0.2195
make_subtrust -0.03647887323943662 71
move_asset -0.05478260869565217 23
sell_asset 25.4275 16
give_vesting_power -0.06666666666666668 18
update_start: 27; random_action_prob: 0.2184
update_complete: 27; loss: 35.564414978027344; cumulative_reward: 267.2200000000001; invalid_count: 0; positive_reward_count: 11; success_count: 11; episode_count: 12; random_exploration_count: 22; random_action_prob: 0.2184
make_subtrust -0.03475 80
move_asset -0.053000000000000005 20
sell_asset 18.13 15
give_vesting_power -0.06846153846153846 13
update_start: 28; random_action_prob: 0.2173
update_complete: 28; loss: 17.988304773966473; cumulative_reward: 211.83000000000015; invalid_count: 0; positive_reward_count: 12; success_count: 12; episode_count: 12; random_exploration_count: 32; random_action_prob: 0.2173
make_subtrust -0.03298701298701299 77
move_asset -0.04086956521739131 23
sell_asset 13.505625 16
give_vesting_power -0.065 12
update_start: 29; random_action_prob: 0.2162
update_complete: 29; loss: 19.08598454793294; cumulative_reward: 208.24000000000012; invalid_count: 0; positive_reward_count: 10; success_count: 10; episode_count: 11; random_exploration_count: 25; random_action_prob: 0.2162
make_subtrust -0.034736842105263156 76
move_asset -0.04958333333333334 24
sell_asset 15.219285714285714 14
give_vesting_power -0.07142857142857142 14
update_start: 30; random_action_prob: 0.2151
update_complete: 30; loss: 59.354591369628906; cumulative_reward: 396.3100000000002; invalid_count: 0; positive_reward_count: 11; success_count: 11; episode_count: 11; random_exploration_count: 31; random_action_prob: 0.2151
make_subtrust -0.03426829268292683 82
move_asset -0.05421052631578947 19
sell_asset 28.647142857142857 14
give_vesting_power -0.07 13
update_start: 31; random_action_prob: 0.2140
update_complete: 31; loss: 62.475992838541664; cumulative_reward: 383.3600000000001; invalid_count: 0; positive_reward_count: 11; success_count: 11; episode_count: 11; random_exploration_count: 28; random_action_prob: 0.2140
make_subtrust -0.03425 80
move_asset -0.053500000000000006 20
sell_asset 27.72214285714286 14
give_vesting_power -0.06714285714285714 14
update_start: 32; random_action_prob: 0.2130
update_complete: 32; loss: 73.31655629475911; cumulative_reward: 429.22000000000037; invalid_count: 0; positive_reward_count: 12; success_count: 12; episode_count: 12; random_exploration_count: 26; random_action_prob: 0.2130
make_subtrust -0.03329113924050633 79
move_asset -0.0615 20
sell_asset 31.007857142857144 14
give_vesting_power -0.06866666666666667 15
update_start: 33; random_action_prob: 0.2119
update_complete: 33; loss: 48.280253092447914; cumulative_reward: 377.18000000000046; invalid_count: 0; positive_reward_count: 13; success_count: 13; episode_count: 13; random_exploration_count: 29; random_action_prob: 0.2119
make_subtrust -0.03506493506493507 77
move_asset -0.05045454545454546 22
sell_asset 27.28857142857143 14
give_vesting_power -0.07 15
update_start: 34; random_action_prob: 0.2108
update_complete: 34; loss: 50.44931666056315; cumulative_reward: 382.25000000000006; invalid_count: 0; positive_reward_count: 13; success_count: 13; episode_count: 13; random_exploration_count: 27; random_action_prob: 0.2108
make_subtrust -0.03531645569620253 79
move_asset -0.0505 20
sell_asset 21.6225 16
give_vesting_power 3.0838461538461535 13
update_start: 35; random_action_prob: 0.2098
update_complete: 35; loss: 67.40313212076823; cumulative_reward: 431.4400000000002; invalid_count: 0; positive_reward_count: 12; success_count: 12; episode_count: 12; random_exploration_count: 31; random_action_prob: 0.2098
make_subtrust -0.036049382716049384 81
move_asset -0.0468421052631579 19
sell_asset 29.076 15
give_vesting_power -0.06846153846153848 13
update_start: 36; random_action_prob: 0.2087
update_complete: 36; loss: 44.68681844075521; cumulative_reward: 285.0500000000001; invalid_count: 0; positive_reward_count: 10; success_count: 10; episode_count: 11; random_exploration_count: 19; random_action_prob: 0.2087
make_subtrust -0.03328571428571429 70
move_asset -0.06037037037037037 27
sell_asset 18.12375 16
give_vesting_power -0.06466666666666668 15
update_start: 37; random_action_prob: 0.2077
update_complete: 37; loss: 31.75366719563802; cumulative_reward: 268.16999999999996; invalid_count: 0; positive_reward_count: 11; success_count: 11; episode_count: 12; random_exploration_count: 28; random_action_prob: 0.2077
make_subtrust -0.027532467532467533 77
move_asset -0.04782608695652174 23
sell_asset 20.943076923076923 13
give_vesting_power -0.05800000000000001 15
update_start: 38; random_action_prob: 0.2066
update_complete: 38; loss: 45.69866816202799; cumulative_reward: 341.4; invalid_count: 0; positive_reward_count: 11; success_count: 11; episode_count: 11; random_exploration_count: 18; random_action_prob: 0.2066
make_subtrust -0.027000000000000003 80
move_asset -0.04578947368421053 19
sell_asset 23.015333333333334 15
give_vesting_power -0.05714285714285715 14
update_start: 39; random_action_prob: 0.2056
update_complete: 39; loss: 35.64112854003906; cumulative_reward: 313.1700000000001; invalid_count: 0; positive_reward_count: 13; success_count: 13; episode_count: 14; random_exploration_count: 16; random_action_prob: 0.2056
make_subtrust -0.03368421052631579 76
move_asset -0.05950000000000001 20
sell_asset 21.200666666666667 15
give_vesting_power -0.06411764705882353 17
update_start: 40; random_action_prob: 0.2046
update_complete: 40; loss: 56.00921376546224; cumulative_reward: 362.95000000000033; invalid_count: 0; positive_reward_count: 11; success_count: 11; episode_count: 11; random_exploration_count: 21; random_action_prob: 0.2046
make_subtrust -0.03833333333333334 84
move_asset -0.05823529411764706 17
sell_asset 28.318461538461538 13
give_vesting_power -0.07 14
update_start: 41; random_action_prob: 0.2036
update_complete: 41; loss: 31.548280715942383; cumulative_reward: 287.2500000000002; invalid_count: 0; positive_reward_count: 12; success_count: 12; episode_count: 12; random_exploration_count: 30; random_action_prob: 0.2036
make_subtrust -0.03361111111111111 72
move_asset -0.05370370370370371 27
sell_asset 20.865000000000002 14
give_vesting_power -0.066 15
update_start: 42; random_action_prob: 0.2025
update_complete: 42; loss: 44.93814468383789; cumulative_reward: 332.3800000000003; invalid_count: 0; positive_reward_count: 11; success_count: 11; episode_count: 14; random_exploration_count: 23; random_action_prob: 0.2025
make_subtrust -0.03225352112676056 71
move_asset -0.05333333333333334 30
sell_asset 30.662727272727274 11
give_vesting_power -0.06375 16
update_start: 43; random_action_prob: 0.2015
update_complete: 43; loss: 45.049845377604164; cumulative_reward: 322.90000000000026; invalid_count: 0; positive_reward_count: 10; success_count: 10; episode_count: 12; random_exploration_count: 18; random_action_prob: 0.2015
make_subtrust -0.03605263157894737 76
move_asset -0.06142857142857144 28
sell_asset 29.84090909090909 11
give_vesting_power -0.06846153846153848 13
update_start: 44; random_action_prob: 0.2005
update_complete: 44; loss: 24.9307861328125; cumulative_reward: 160.37000000000003; invalid_count: 0; positive_reward_count: 6; success_count: 6; episode_count: 8; random_exploration_count: 30; random_action_prob: 0.2005
make_subtrust -0.03531645569620253 79
move_asset -0.05481481481481482 27
sell_asset 15.030909090909091 11
give_vesting_power -0.06363636363636364 11
update_start: 45; random_action_prob: 0.1995
update_complete: 45; loss: 42.144195556640625; cumulative_reward: 340.2400000000003; invalid_count: 0; positive_reward_count: 13; success_count: 13; episode_count: 14; random_exploration_count: 25; random_action_prob: 0.1995
make_subtrust -0.034166666666666665 72
move_asset -0.05458333333333334 24
sell_asset 23.004666666666665 15
give_vesting_power -0.06235294117647059 17
update_start: 46; random_action_prob: 0.1985
update_complete: 46; loss: 36.688090006510414; cumulative_reward: 313.01000000000033; invalid_count: 0; positive_reward_count: 11; success_count: 11; episode_count: 12; random_exploration_count: 23; random_action_prob: 0.1985
make_subtrust -0.037733333333333334 75
move_asset -0.051923076923076926 26
sell_asset 21.201999999999998 15
give_vesting_power -0.07 12
update_start: 47; random_action_prob: 0.1975
update_complete: 47; loss: 37.05756632486979; cumulative_reward: 270.8900000000001; invalid_count: 0; positive_reward_count: 9; success_count: 9; episode_count: 11; random_exploration_count: 26; random_action_prob: 0.1975
make_subtrust -0.03775 80
move_asset -0.06307692307692309 26
sell_asset 25.11818181818182 11
give_vesting_power -0.06818181818181819 11
update_start: 48; random_action_prob: 0.1965
update_complete: 48; loss: 31.43566068013509; cumulative_reward: 269.4800000000002; invalid_count: 0; positive_reward_count: 10; success_count: 10; episode_count: 11; random_exploration_count: 27; random_action_prob: 0.1965
make_subtrust -0.035476190476190474 84
move_asset -0.0540909090909091 22
sell_asset 22.8575 12
give_vesting_power -0.064 10
update_start: 49; random_action_prob: 0.1956
update_complete: 49; loss: 23.085472742716473; cumulative_reward: 271.92000000000013; invalid_count: 0; positive_reward_count: 12; success_count: 12; episode_count: 13; random_exploration_count: 21; random_action_prob: 0.1956
make_subtrust -0.0375 80
move_asset -0.06105263157894738 19
sell_asset 19.79357142857143 14
give_vesting_power -0.06866666666666667 15
update_start: 50; random_action_prob: 0.1946
update_complete: 50; loss: 34.61713790893555; cumulative_reward: 307.36000000000035; invalid_count: 0; positive_reward_count: 12; success_count: 12; episode_count: 13; random_exploration_count: 31; random_action_prob: 0.1946
make_subtrust -0.03409638554216868 83
move_asset -0.05764705882352942 17
sell_asset 24.01230769230769 13
give_vesting_power -0.066 15
update_start: 51; random_action_prob: 0.1936
update_complete: 51; loss: 45.51626332600912; cumulative_reward: 338.5000000000003; invalid_count: 0; positive_reward_count: 12; success_count: 12; episode_count: 12; random_exploration_count: 27; random_action_prob: 0.1936
make_subtrust -0.03275 80
move_asset -0.054000000000000006 20
sell_asset 24.50857142857143 14
give_vesting_power -0.06571428571428571 14
update_start: 52; random_action_prob: 0.1926
update_complete: 52; loss: 31.699185689290363; cumulative_reward: 253.25000000000006; invalid_count: 0; positive_reward_count: 10; success_count: 10; episode_count: 11; random_exploration_count: 32; random_action_prob: 0.1926
make_subtrust -0.027272727272727275 77
move_asset -0.048799999999999996 25
sell_asset 16.564615384615387 13
give_vesting_power 3.171538461538461 13
update_start: 53; random_action_prob: 0.1917
update_complete: 53; loss: 43.297674814860024; cumulative_reward: 384.25000000000017; invalid_count: 0; positive_reward_count: 14; success_count: 14; episode_count: 14; random_exploration_count: 25; random_action_prob: 0.1917
make_subtrust -0.0325 72
move_asset -0.05541666666666667 24
sell_asset 24.31125 16
give_vesting_power -0.06625 16
update_start: 54; random_action_prob: 0.1907
update_complete: 54; loss: 45.326988220214844; cumulative_reward: 339.4399999999999; invalid_count: 0; positive_reward_count: 10; success_count: 10; episode_count: 14; random_exploration_count: 19; random_action_prob: 0.1907
make_subtrust -0.030724637681159423 69
move_asset -0.05481481481481482 27
sell_asset 28.69 12
give_vesting_power -0.06200000000000001 20
update_start: 55; random_action_prob: 0.1898
update_complete: 55; loss: 26.26026217142741; cumulative_reward: 287.19000000000017; invalid_count: 0; positive_reward_count: 12; success_count: 12; episode_count: 14; random_exploration_count: 21; random_action_prob: 0.1898
make_subtrust -0.027631578947368424 76
move_asset -0.0456 25
sell_asset 24.275000000000002 12
give_vesting_power -0.05800000000000001 15
update_start: 56; random_action_prob: 0.1888
update_complete: 56; loss: 41.753865559895836; cumulative_reward: 344.86999999999995; invalid_count: 0; positive_reward_count: 13; success_count: 13; episode_count: 13; random_exploration_count: 27; random_action_prob: 0.1888
make_subtrust -0.03027777777777778 72
move_asset -0.0456 25
sell_asset 23.274 15
give_vesting_power -0.0575 16
update_start: 57; random_action_prob: 0.1879
update_complete: 57; loss: 46.210680643717446; cumulative_reward: 339.3100000000002; invalid_count: 0; positive_reward_count: 12; success_count: 12; episode_count: 13; random_exploration_count: 25; random_action_prob: 0.1879
make_subtrust -0.03263157894736842 76
move_asset -0.05909090909090909 22
sell_asset 22.937333333333335 15
give_vesting_power -0.06466666666666668 15
update_start: 58; random_action_prob: 0.1869
update_complete: 58; loss: 40.4187978108724; cumulative_reward: 365.3600000000002; invalid_count: 0; positive_reward_count: 15; success_count: 15; episode_count: 15; random_exploration_count: 25; random_action_prob: 0.1869
make_subtrust -0.03506493506493507 77
move_asset -0.04473684210526316 19
sell_asset 23.1225 16
give_vesting_power -0.065625 16
update_start: 59; random_action_prob: 0.1860
update_complete: 59; loss: 32.820367177327476; cumulative_reward: 294.4700000000002; invalid_count: 0; positive_reward_count: 13; success_count: 13; episode_count: 13; random_exploration_count: 22; random_action_prob: 0.1860
make_subtrust -0.03342105263157895 76
move_asset -0.051818181818181826 22
sell_asset 18.690625 16
give_vesting_power -0.0642857142857143 14
update_start: 60; random_action_prob: 0.1851
update_complete: 60; loss: 48.98740895589193; cumulative_reward: 332.39; invalid_count: 0; positive_reward_count: 11; success_count: 11; episode_count: 11; random_exploration_count: 23; random_action_prob: 0.1851
make_subtrust -0.029146341463414636 82
move_asset -0.0380952380952381 21
sell_asset 24.013571428571428 14
give_vesting_power -0.055454545454545465 11
update_start: 61; random_action_prob: 0.1841
update_complete: 61; loss: 36.27587127685547; cumulative_reward: 293.4000000000001; invalid_count: 0; positive_reward_count: 10; success_count: 10; episode_count: 11; random_exploration_count: 23; random_action_prob: 0.1841
make_subtrust -0.027619047619047623 84
move_asset -0.049 20
sell_asset 24.781666666666666 12
give_vesting_power -0.05666666666666667 12
update_start: 62; random_action_prob: 0.1832
update_complete: 62; loss: 35.416552225748696; cumulative_reward: 304.57999999999987; invalid_count: 0; positive_reward_count: 12; success_count: 12; episode_count: 13; random_exploration_count: 15; random_action_prob: 0.1832
make_subtrust -0.024736842105263158 76
move_asset -0.045454545454545456 22
sell_asset 22.02285714285714 14
give_vesting_power -0.053750000000000006 16
update_start: 63; random_action_prob: 0.1823
update_complete: 63; loss: 54.405869801839195; cumulative_reward: 402.6; invalid_count: 0; positive_reward_count: 14; success_count: 14; episode_count: 14; random_exploration_count: 22; random_action_prob: 0.1823
make_subtrust -0.031842105263157894 76
move_asset -0.05238095238095238 21
sell_asset 24.751875000000002 16
give_vesting_power 0.6726666666666666 15
update_start: 64; random_action_prob: 0.1814
update_complete: 64; loss: 65.55525970458984; cumulative_reward: 453.42000000000013; invalid_count: 0; positive_reward_count: 13; success_count: 13; episode_count: 13; random_exploration_count: 24; random_action_prob: 0.1814
make_subtrust -0.03186666666666667 75
move_asset -0.05772727272727273 22
sell_asset 26.75125 16
give_vesting_power 1.9373333333333334 15
update_start: 65; random_action_prob: 0.1805
update_complete: 65; loss: 42.53991572062174; cumulative_reward: 361.67; invalid_count: 0; positive_reward_count: 14; success_count: 14; episode_count: 15; random_exploration_count: 15; random_action_prob: 0.1805
make_subtrust -0.032105263157894734 76
move_asset -0.04681818181818182 22
sell_asset 24.404666666666667 15
give_vesting_power -0.062000000000000006 15
update_start: 66; random_action_prob: 0.1796
update_complete: 66; loss: 41.62778981526693; cumulative_reward: 344.47000000000014; invalid_count: 0; positive_reward_count: 12; success_count: 12; episode_count: 14; random_exploration_count: 21; random_action_prob: 0.1796
make_subtrust -0.03342105263157895 76
move_asset -0.0526923076923077 26
sell_asset 29.105 12
give_vesting_power -0.06285714285714286 14
update_start: 67; random_action_prob: 0.1787
update_complete: 67; loss: 43.120646158854164; cumulative_reward: 337.83999999999986; invalid_count: 0; positive_reward_count: 13; success_count: 13; episode_count: 13; random_exploration_count: 19; random_action_prob: 0.1787
make_subtrust -0.02911764705882353 68
move_asset -0.0492 25
sell_asset 22.81 15
give_vesting_power -0.05500000000000001 20
update_start: 68; random_action_prob: 0.1778
update_complete: 68; loss: 43.093466440836586; cumulative_reward: 300.5700000000002; invalid_count: 0; positive_reward_count: 9; success_count: 9; episode_count: 11; random_exploration_count: 27; random_action_prob: 0.1778
make_subtrust -0.03315789473684211 76
move_asset -0.047200000000000006 25
sell_asset 25.435 12
give_vesting_power -0.06333333333333334 15
update_start: 69; random_action_prob: 0.1769
update_complete: 69; loss: 45.86170196533203; cumulative_reward: 306.56; invalid_count: 0; positive_reward_count: 11; success_count: 11; episode_count: 13; random_exploration_count: 25; random_action_prob: 0.1769
make_subtrust -0.031764705882352945 68
move_asset -0.050344827586206904 29
sell_asset 20.745333333333335 15
give_vesting_power -0.0625 16
update_start: 70; random_action_prob: 0.1760
update_complete: 70; loss: 48.37554931640625; cumulative_reward: 299.48000000000025; invalid_count: 0; positive_reward_count: 10; success_count: 10; episode_count: 11; random_exploration_count: 19; random_action_prob: 0.1760
make_subtrust -0.03346153846153846 78
move_asset -0.0540909090909091 22
sell_asset 19.00375 16
give_vesting_power -0.065 12
update_start: 71; random_action_prob: 0.1751
update_complete: 71; loss: 28.321399052937824; cumulative_reward: 257.6400000000001; invalid_count: 0; positive_reward_count: 10; success_count: 10; episode_count: 13; random_exploration_count: 24; random_action_prob: 0.1751
make_subtrust -0.03222222222222223 72
move_asset -0.05032258064516129 31
sell_asset 23.846363636363638 11
give_vesting_power -0.05642857142857143 14
update_start: 72; random_action_prob: 0.1743
update_complete: 72; loss: 63.430572509765625; cumulative_reward: 408.9000000000005; invalid_count: 0; positive_reward_count: 11; success_count: 11; episode_count: 13; random_exploration_count: 18; random_action_prob: 0.1743
make_subtrust -0.03636363636363637 77
move_asset -0.05960000000000001 25
sell_asset 31.855384615384615 13
give_vesting_power -0.07153846153846154 13
update_start: 73; random_action_prob: 0.1734
update_complete: 73; loss: 50.94756571451823; cumulative_reward: 379.61000000000047; invalid_count: 0; positive_reward_count: 13; success_count: 13; episode_count: 13; random_exploration_count: 22; random_action_prob: 0.1734
make_subtrust -0.039411764705882354 68
move_asset -0.05448275862068966 29
sell_asset 21.745 16
give_vesting_power 2.396666666666667 15
update_start: 74; random_action_prob: 0.1725
update_complete: 74; loss: 66.62549082438152; cumulative_reward: 420.1400000000003; invalid_count: 0; positive_reward_count: 12; success_count: 12; episode_count: 12; random_exploration_count: 22; random_action_prob: 0.1725
make_subtrust -0.03530864197530864 81
move_asset -0.06050000000000001 20
sell_asset 26.466 15
give_vesting_power 2.268333333333333 12
update_start: 75; random_action_prob: 0.1717
update_complete: 75; loss: 58.17934926350912; cumulative_reward: 365.5100000000002; invalid_count: 0; positive_reward_count: 11; success_count: 11; episode_count: 12; random_exploration_count: 22; random_action_prob: 0.1717
make_subtrust -0.03475609756097561 82
move_asset -0.0482608695652174 23
sell_asset 30.849999999999998 12
give_vesting_power -0.06636363636363637 11
update_start: 76; random_action_prob: 0.1708
update_complete: 76; loss: 39.094974517822266; cumulative_reward: 341.5600000000002; invalid_count: 0; positive_reward_count: 12; success_count: 12; episode_count: 12; random_exploration_count: 18; random_action_prob: 0.1708
make_subtrust -0.03202531645569621 79
move_asset -0.05454545454545456 22
sell_asset 23.072666666666667 15
give_vesting_power -0.06666666666666667 12
update_start: 77; random_action_prob: 0.1699
update_complete: 77; loss: 38.23696772257487; cumulative_reward: 291.44000000000017; invalid_count: 0; positive_reward_count: 10; success_count: 10; episode_count: 11; random_exploration_count: 20; random_action_prob: 0.1699
make_subtrust -0.032207792207792206 77
move_asset -0.05692307692307693 26
sell_asset 21.152142857142856 14
give_vesting_power -0.06636363636363637 11
update_start: 78; random_action_prob: 0.1691
update_complete: 78; loss: 46.982312520345054; cumulative_reward: 286.5400000000001; invalid_count: 0; positive_reward_count: 9; success_count: 9; episode_count: 11; random_exploration_count: 21; random_action_prob: 0.1691
make_subtrust -0.031052631578947366 76
move_asset -0.05714285714285715 28
sell_asset 23.757272727272724 11
give_vesting_power 2.2438461538461536 13
update_start: 79; random_action_prob: 0.1683
update_complete: 79; loss: 54.25271860758463; cumulative_reward: 412.25000000000017; invalid_count: 0; positive_reward_count: 12; success_count: 12; episode_count: 14; random_exploration_count: 11; random_action_prob: 0.1683
make_subtrust -0.0322972972972973 74
move_asset -0.05857142857142857 28
sell_asset 34.766666666666666 12
give_vesting_power -0.06571428571428571 14
update_start: 80; random_action_prob: 0.1674
update_complete: 80; loss: 38.01632436116537; cumulative_reward: 261.6799999999999; invalid_count: 0; positive_reward_count: 8; success_count: 8; episode_count: 11; random_exploration_count: 21; random_action_prob: 0.1674
make_subtrust -0.023835616438356164 73
move_asset -0.04242424242424243 33
sell_asset 24.126363636363635 11
give_vesting_power -0.051818181818181826 11
update_start: 81; random_action_prob: 0.1666
update_complete: 81; loss: 48.22785313924154; cumulative_reward: 299.52999999999986; invalid_count: 0; positive_reward_count: 9; success_count: 9; episode_count: 10; random_exploration_count: 24; random_action_prob: 0.1666
make_subtrust -0.025750000000000002 80
move_asset -0.04346153846153847 26
sell_asset 23.328461538461536 13
give_vesting_power -0.061111111111111116 9
update_start: 82; random_action_prob: 0.1657
update_complete: 82; loss: 56.788795471191406; cumulative_reward: 375.0299999999999; invalid_count: 0; positive_reward_count: 10; success_count: 10; episode_count: 13; random_exploration_count: 27; random_action_prob: 0.1657
make_subtrust -0.027910447761194033 67
move_asset -0.04428571428571429 35
sell_asset 28.02416666666667 12
give_vesting_power 3.0114285714285716 14
update_start: 83; random_action_prob: 0.1649
update_complete: 83; loss: 37.08805720011393; cumulative_reward: 237.04999999999995; invalid_count: 0; positive_reward_count: 7; success_count: 7; episode_count: 11; random_exploration_count: 19; random_action_prob: 0.1649
make_subtrust -0.026338028169014087 71
move_asset -0.052368421052631585 38
sell_asset 20.644 10
give_vesting_power 3.83 9
update_start: 84; random_action_prob: 0.1641
update_complete: 84; loss: 27.623345692952473; cumulative_reward: 238.63999999999996; invalid_count: 0; positive_reward_count: 8; success_count: 8; episode_count: 12; random_exploration_count: 25; random_action_prob: 0.1641
make_subtrust -0.025285714285714286 70
move_asset -0.04057142857142858 35
sell_asset 26.94666666666667 9
give_vesting_power -0.04928571428571429 14
update_start: 85; random_action_prob: 0.1633
update_complete: 85; loss: 55.20643742879232; cumulative_reward: 360.5800000000001; invalid_count: 0; positive_reward_count: 10; success_count: 10; episode_count: 12; random_exploration_count: 21; random_action_prob: 0.1633
make_subtrust -0.02525 80
move_asset -0.04800000000000001 25
sell_asset 30.367500000000003 12
give_vesting_power -0.055454545454545465 11
update_start: 86; random_action_prob: 0.1625
update_complete: 86; loss: 21.231517791748047; cumulative_reward: 178.2599999999999; invalid_count: 0; positive_reward_count: 6; success_count: 6; episode_count: 12; random_exploration_count: 18; random_action_prob: 0.1625
make_subtrust -0.02582089552238806 67
move_asset -0.046595744680851064 47
sell_asset 26.084285714285716 7
give_vesting_power -0.05857142857142857 7
update_start: 87; random_action_prob: 0.1616
update_complete: 87; loss: 39.17614873250326; cumulative_reward: 309.83; invalid_count: 0; positive_reward_count: 11; success_count: 11; episode_count: 11; random_exploration_count: 24; random_action_prob: 0.1616
make_subtrust -0.030759493670886078 79
move_asset -0.05125 24
sell_asset 26.191666666666666 12
give_vesting_power -0.062307692307692314 13
update_start: 88; random_action_prob: 0.1608
update_complete: 88; loss: 42.68547566731771; cumulative_reward: 317.3199999999998; invalid_count: 0; positive_reward_count: 12; success_count: 12; episode_count: 12; random_exploration_count: 22; random_action_prob: 0.1608
make_subtrust -0.027654320987654323 81
move_asset -0.0485 20
sell_asset 22.945714285714285 14
give_vesting_power -0.05461538461538462 13
update_start: 89; random_action_prob: 0.1600
update_complete: 89; loss: 36.35057576497396; cumulative_reward: 287.39; invalid_count: 0; positive_reward_count: 12; success_count: 12; episode_count: 13; random_exploration_count: 14; random_action_prob: 0.1600
make_subtrust -0.02631578947368421 76
move_asset -0.0484 25
sell_asset 20.806428571428572 14
give_vesting_power -0.053076923076923084 13
update_start: 90; random_action_prob: 0.1592
update_complete: 90; loss: 49.74530156453451; cumulative_reward: 392.20999999999975; invalid_count: 0; positive_reward_count: 14; success_count: 14; episode_count: 14; random_exploration_count: 19; random_action_prob: 0.1592
make_subtrust -0.023670886075949367 79
move_asset -0.030952380952380953 21
sell_asset 28.237142857142857 14
give_vesting_power -0.04214285714285715 14
update_start: 91; random_action_prob: 0.1584
update_complete: 91; loss: 26.39590899149577; cumulative_reward: 227.9699999999998; invalid_count: 0; positive_reward_count: 10; success_count: 10; episode_count: 11; random_exploration_count: 27; random_action_prob: 0.1584
make_subtrust -0.02256756756756757 74
move_asset -0.03962962962962963 27
sell_asset 14.80076923076923 13
give_vesting_power 2.735714285714286 14
update_start: 92; random_action_prob: 0.1576
update_complete: 92; loss: 25.49746259053548; cumulative_reward: 309.4000000000003; invalid_count: 0; positive_reward_count: 16; success_count: 16; episode_count: 16; random_exploration_count: 21; random_action_prob: 0.1576
make_subtrust -0.020416666666666666 72
move_asset -0.03391304347826087 23
sell_asset 18.369411764705884 17
give_vesting_power -0.039375 16
update_start: 93; random_action_prob: 0.1569
update_complete: 93; loss: 57.020538330078125; cumulative_reward: 381.4899999999998; invalid_count: 0; positive_reward_count: 12; success_count: 12; episode_count: 12; random_exploration_count: 22; random_action_prob: 0.1569
make_subtrust -0.025696202531645573 79
move_asset -0.05047619047619048 21
sell_asset 23.305 14
give_vesting_power 4.165 14
update_start: 94; random_action_prob: 0.1561
update_complete: 94; loss: 41.66772588094076; cumulative_reward: 337.69999999999993; invalid_count: 0; positive_reward_count: 13; success_count: 13; episode_count: 13; random_exploration_count: 20; random_action_prob: 0.1561
make_subtrust -0.026000000000000002 80
move_asset -0.0425 20
sell_asset 22.74866666666667 15
give_vesting_power -0.04615384615384616 13
update_start: 95; random_action_prob: 0.1553
update_complete: 95; loss: 46.53376897176107; cumulative_reward: 302.91; invalid_count: 0; positive_reward_count: 10; success_count: 10; episode_count: 10; random_exploration_count: 26; random_action_prob: 0.1553
make_subtrust -0.024675324675324677 77
move_asset -0.037200000000000004 25
sell_asset 20.418666666666663 15
give_vesting_power -0.049090909090909095 11
update_start: 96; random_action_prob: 0.1545
update_complete: 96; loss: 30.941961924235027; cumulative_reward: 282.2199999999999; invalid_count: 0; positive_reward_count: 13; success_count: 13; episode_count: 14; random_exploration_count: 20; random_action_prob: 0.1545
make_subtrust -0.028125 64
move_asset -0.04466666666666667 30
sell_asset 22.023846153846154 13
give_vesting_power -0.045238095238095244 21
update_start: 97; random_action_prob: 0.1537
update_complete: 97; loss: 36.889052073160805; cumulative_reward: 292.9899999999999; invalid_count: 0; positive_reward_count: 10; success_count: 10; episode_count: 12; random_exploration_count: 20; random_action_prob: 0.1537
make_subtrust -0.029610389610389615 77
move_asset -0.05260869565217391 23
sell_asset 24.775000000000002 12
give_vesting_power -0.051250000000000004 16
update_start: 98; random_action_prob: 0.1530
update_complete: 98; loss: 60.68762715657552; cumulative_reward: 442.43999999999954; invalid_count: 0; positive_reward_count: 14; success_count: 14; episode_count: 14; random_exploration_count: 16; random_action_prob: 0.1530
make_subtrust -0.026470588235294117 68
move_asset -0.0425925925925926 27
sell_asset 27.885 16
give_vesting_power -0.045294117647058825 17
update_start: 99; random_action_prob: 0.1522
update_complete: 99; loss: 37.89480972290039; cumulative_reward: 309.59999999999974; invalid_count: 0; positive_reward_count: 12; success_count: 12; episode_count: 12; random_exploration_count: 16; random_action_prob: 0.1522
make_subtrust -0.02666666666666667 69
move_asset -0.04103448275862069 29
sell_asset 19.580625 16
give_vesting_power -0.047142857142857146 14
2026-07-10T17:44:03 completed distressed_assets run=4 elapsed_seconds=840.13 updates_logged=100
2026-07-10T17:44:03 running distressed_assets run=5 seed=1734
update_start: 0; random_action_prob: 0.2500
update_complete: 0; loss: 0.355800598859787; cumulative_reward: -1.889999999999999; invalid_count: 0; positive_reward_count: 1; success_count: 1; episode_count: 1; random_exploration_count: 33; random_action_prob: 0.2500
make_subtrust -0.036774193548387096 93
move_asset -0.043888888888888894 18
sell_asset 0.14750000000000002 16
give_vesting_power -0.04 1
update_start: 1; random_action_prob: 0.2487
update_complete: 1; loss: 40.74880599975586; cumulative_reward: 159.34; invalid_count: 0; positive_reward_count: 4; success_count: 4; episode_count: 4; random_exploration_count: 33; random_action_prob: 0.2487
make_subtrust -0.028918918918918922 74
move_asset -0.008148148148148147 27
sell_asset 7.033913043478261 23
give_vesting_power -0.02 4
update_start: 2; random_action_prob: 0.2475
update_complete: 2; loss: 24.684815724690754; cumulative_reward: 133.34999999999994; invalid_count: 0; positive_reward_count: 5; success_count: 5; episode_count: 7; random_exploration_count: 37; random_action_prob: 0.2475
make_subtrust -0.026811594202898553 69
move_asset -0.0140625 32
sell_asset 7.149473684210527 19
give_vesting_power -0.02375 8
update_start: 3; random_action_prob: 0.2463
update_complete: 3; loss: 11.859272003173828; cumulative_reward: 97.53999999999999; invalid_count: 0; positive_reward_count: 4; success_count: 4; episode_count: 6; random_exploration_count: 25; random_action_prob: 0.2463
make_subtrust -0.030140845070422535 71
move_asset -0.021333333333333333 30
sell_asset 6.719333333333334 15
give_vesting_power -0.03916666666666667 12
update_start: 4; random_action_prob: 0.2450
update_complete: 4; loss: 12.424930890401205; cumulative_reward: 124.19999999999993; invalid_count: 0; positive_reward_count: 5; success_count: 5; episode_count: 8; random_exploration_count: 27; random_action_prob: 0.2450
make_subtrust -0.028918918918918922 74
move_asset -0.03066666666666667 30
sell_asset 9.883636363636363 11
give_vesting_power 1.426153846153846 13
update_start: 5; random_action_prob: 0.2438
update_complete: 5; loss: 51.56517028808594; cumulative_reward: 353.24; invalid_count: 0; positive_reward_count: 11; success_count: 11; episode_count: 13; random_exploration_count: 36; random_action_prob: 0.2438
make_subtrust -0.028 75
move_asset -0.03130434782608695 23
sell_asset 25.47142857142857 14
give_vesting_power -0.03375 16
update_start: 6; random_action_prob: 0.2426
update_complete: 6; loss: 25.348120371500652; cumulative_reward: 212.15999999999994; invalid_count: 0; positive_reward_count: 8; success_count: 8; episode_count: 8; random_exploration_count: 29; random_action_prob: 0.2426
make_subtrust -0.028115942028985506 69
move_asset -0.016296296296296295 27
sell_asset 8.946250000000001 24
give_vesting_power -0.02125 8
update_start: 7; random_action_prob: 0.2414
update_complete: 7; loss: 18.91178321838379; cumulative_reward: 102.06000000000003; invalid_count: 0; positive_reward_count: 3; success_count: 3; episode_count: 3; random_exploration_count: 24; random_action_prob: 0.2414
make_subtrust -0.03381578947368421 76
move_asset -0.026000000000000002 25
sell_asset 4.390833333333333 24
give_vesting_power -0.03333333333333333 3
update_start: 8; random_action_prob: 0.2402
update_complete: 8; loss: 23.712749481201172; cumulative_reward: 158.2; invalid_count: 0; positive_reward_count: 6; success_count: 6; episode_count: 6; random_exploration_count: 32; random_action_prob: 0.2402
make_subtrust -0.03195121951219512 82
move_asset -0.02285714285714286 21
sell_asset 7.82 19
give_vesting_power 2.1199999999999997 6
update_start: 9; random_action_prob: 0.2390
update_complete: 9; loss: 28.657426198323567; cumulative_reward: 238.83999999999997; invalid_count: 0; positive_reward_count: 10; success_count: 10; episode_count: 10; random_exploration_count: 31; random_action_prob: 0.2390
make_subtrust -0.02849315068493151 73
move_asset -0.018260869565217393 23
sell_asset 10.983333333333334 21
give_vesting_power 0.9718181818181819 11
update_start: 10; random_action_prob: 0.2378
update_complete: 10; loss: 45.742478688557945; cumulative_reward: 378.2999999999997; invalid_count: 0; positive_reward_count: 14; success_count: 14; episode_count: 14; random_exploration_count: 25; random_action_prob: 0.2378
make_subtrust -0.03 75
move_asset -0.044 20
sell_asset 20.113157894736844 19
give_vesting_power -0.051428571428571435 14
update_start: 11; random_action_prob: 0.2366
update_complete: 11; loss: 44.28085072835287; cumulative_reward: 352.36000000000007; invalid_count: 0; positive_reward_count: 12; success_count: 12; episode_count: 12; random_exploration_count: 33; random_action_prob: 0.2366
make_subtrust -0.030125000000000002 80
move_asset -0.04368421052631579 19
sell_asset 20.951764705882354 17
give_vesting_power -0.04833333333333334 12
update_start: 12; random_action_prob: 0.2354
update_complete: 12; loss: 18.85308837890625; cumulative_reward: 234.74999999999997; invalid_count: 0; positive_reward_count: 12; success_count: 12; episode_count: 12; random_exploration_count: 23; random_action_prob: 0.2354
make_subtrust -0.030270270270270273 74
move_asset -0.03227272727272728 22
sell_asset 11.912 20
give_vesting_power -0.045000000000000005 12
update_start: 13; random_action_prob: 0.2342
update_complete: 13; loss: 58.13073603312174; cumulative_reward: 301.9600000000001; invalid_count: 0; positive_reward_count: 7; success_count: 7; episode_count: 9; random_exploration_count: 23; random_action_prob: 0.2342
make_subtrust -0.03155844155844156 77
move_asset -0.027083333333333334 24
sell_asset 19.0925 16
give_vesting_power -0.04 11
update_start: 14; random_action_prob: 0.2331
update_complete: 14; loss: 44.27081298828125; cumulative_reward: 439.14000000000027; invalid_count: 0; positive_reward_count: 15; success_count: 15; episode_count: 16; random_exploration_count: 23; random_action_prob: 0.2331
make_subtrust -0.027377049180327868 61
move_asset -0.03035714285714286 28
sell_asset 21.062380952380952 21
give_vesting_power -0.036111111111111115 18
update_start: 15; random_action_prob: 0.2319
update_complete: 15; loss: 40.366692860921226; cumulative_reward: 318.7800000000001; invalid_count: 0; positive_reward_count: 11; success_count: 11; episode_count: 12; random_exploration_count: 34; random_action_prob: 0.2319
make_subtrust -0.02803030303030303 66
move_asset -0.019666666666666666 30
sell_asset 16.92736842105263 19
give_vesting_power -0.03076923076923077 13
update_start: 16; random_action_prob: 0.2307
update_complete: 16; loss: 50.53593826293945; cumulative_reward: 352.08999999999986; invalid_count: 0; positive_reward_count: 12; success_count: 12; episode_count: 13; random_exploration_count: 26; random_action_prob: 0.2307
make_subtrust -0.025735294117647058 68
move_asset -0.01740740740740741 27
sell_asset 17.734 20
give_vesting_power -0.02846153846153846 13
update_start: 17; random_action_prob: 0.2296
update_complete: 17; loss: 55.07611846923828; cumulative_reward: 325.38; invalid_count: 0; positive_reward_count: 9; success_count: 9; episode_count: 10; random_exploration_count: 28; random_action_prob: 0.2296
make_subtrust -0.028472222222222218 72
move_asset -0.025555555555555557 27
sell_asset 19.328823529411768 17
give_vesting_power -0.03916666666666667 12
update_start: 18; random_action_prob: 0.2284
update_complete: 18; loss: 57.993544260660805; cumulative_reward: 483.93999999999994; invalid_count: 0; positive_reward_count: 16; success_count: 16; episode_count: 16; random_exploration_count: 26; random_action_prob: 0.2284
make_subtrust -0.022535211267605635 71
move_asset -0.021739130434782608 23
sell_asset 27.025555555555556 18
give_vesting_power -0.02625 16
update_start: 19; random_action_prob: 0.2273
update_complete: 19; loss: 35.48627599080404; cumulative_reward: 410.47000000000014; invalid_count: 0; positive_reward_count: 16; success_count: 16; episode_count: 16; random_exploration_count: 25; random_action_prob: 0.2273
make_subtrust -0.02383333333333333 60
move_asset -0.012666666666666666 30
sell_asset 18.753636363636364 22
give_vesting_power -0.01875 16
update_start: 20; random_action_prob: 0.2262
update_complete: 20; loss: 31.086828231811523; cumulative_reward: 310.6199999999999; invalid_count: 0; positive_reward_count: 13; success_count: 13; episode_count: 14; random_exploration_count: 42; random_action_prob: 0.2262
make_subtrust -0.023943661971830985 71
move_asset -0.00923076923076923 26
sell_asset 16.220588235294116 17
give_vesting_power 2.6292857142857144 14
update_start: 21; random_action_prob: 0.2250
update_complete: 21; loss: 35.43397013346354; cumulative_reward: 298.33; invalid_count: 0; positive_reward_count: 12; success_count: 12; episode_count: 13; random_exploration_count: 29; random_action_prob: 0.2250
make_subtrust -0.026944444444444444 72
move_asset -0.026153846153846156 26
sell_asset 18.167333333333332 15
give_vesting_power 1.896 15
update_start: 22; random_action_prob: 0.2239
update_complete: 22; loss: 60.563377380371094; cumulative_reward: 479.1600000000004; invalid_count: 0; positive_reward_count: 17; success_count: 17; episode_count: 17; random_exploration_count: 33; random_action_prob: 0.2239
make_subtrust -0.020754716981132078 53
move_asset -0.005555555555555556 36
sell_asset 21.848181818181818 22
give_vesting_power -0.011764705882352941 17
update_start: 23; random_action_prob: 0.2228
update_complete: 23; loss: 47.73129018147787; cumulative_reward: 421.8600000000002; invalid_count: 0; positive_reward_count: 14; success_count: 14; episode_count: 15; random_exploration_count: 24; random_action_prob: 0.2228
make_subtrust -0.024999999999999998 66
move_asset -0.020344827586206895 29
sell_asset 22.584444444444443 18
give_vesting_power 1.1720000000000002 15
update_start: 24; random_action_prob: 0.2217
update_complete: 24; loss: 30.470556894938152; cumulative_reward: 287.45999999999987; invalid_count: 0; positive_reward_count: 11; success_count: 11; episode_count: 12; random_exploration_count: 30; random_action_prob: 0.2217
make_subtrust -0.02706666666666667 75
move_asset -0.023333333333333334 24
sell_asset 17.235333333333337 15
give_vesting_power 2.2514285714285713 14
update_start: 25; random_action_prob: 0.2206
update_complete: 25; loss: 64.11697387695312; cumulative_reward: 493.70999999999975; invalid_count: 0; positive_reward_count: 15; success_count: 15; episode_count: 15; random_exploration_count: 33; random_action_prob: 0.2206
make_subtrust -0.025166666666666667 60
move_asset -0.02375 32
sell_asset 23.64047619047619 21
give_vesting_power -0.03133333333333334 15
update_start: 26; random_action_prob: 0.2195
update_complete: 26; loss: 18.650790532430012; cumulative_reward: 213.91000000000003; invalid_count: 0; positive_reward_count: 11; success_count: 11; episode_count: 12; random_exploration_count: 34; random_action_prob: 0.2195
make_subtrust -0.023333333333333334 57
move_asset -0.008421052631578947 38
sell_asset 10.788 20
give_vesting_power -0.015384615384615385 13
update_start: 27; random_action_prob: 0.2184
update_complete: 27; loss: 45.19903818766276; cumulative_reward: 416.5600000000004; invalid_count: 0; positive_reward_count: 16; success_count: 16; episode_count: 16; random_exploration_count: 27; random_action_prob: 0.2184
make_subtrust -0.022105263157894735 57
move_asset -0.014545454545454545 33
sell_asset 19.026818181818182 22
give_vesting_power -0.018125 16
update_start: 28; random_action_prob: 0.2173
update_complete: 28; loss: 40.67159779866537; cumulative_reward: 364.1999999999999; invalid_count: 0; positive_reward_count: 12; success_count: 12; episode_count: 14; random_exploration_count: 22; random_action_prob: 0.2173
make_subtrust -0.021836734693877553 49
move_asset -0.009130434782608695 46
sell_asset 20.325555555555557 18
give_vesting_power -0.011333333333333332 15
update_start: 29; random_action_prob: 0.2162
update_complete: 29; loss: 32.860252380371094; cumulative_reward: 288.28000000000014; invalid_count: 0; positive_reward_count: 11; success_count: 11; episode_count: 14; random_exploration_count: 33; random_action_prob: 0.2162
make_subtrust -0.020784313725490198 51
move_asset -0.007826086956521738 46
sell_asset 20.70642857142857 14
give_vesting_power -0.011176470588235295 17
update_start: 30; random_action_prob: 0.2151
update_complete: 30; loss: 30.135813395182293; cumulative_reward: 226.04000000000002; invalid_count: 0; positive_reward_count: 8; success_count: 8; episode_count: 8; random_exploration_count: 25; random_action_prob: 0.2151
make_subtrust -0.02721518987341772 79
move_asset -0.0152 25
sell_asset 14.295 16
give_vesting_power -0.01875 8
update_start: 31; random_action_prob: 0.2140
update_complete: 31; loss: 43.369544982910156; cumulative_reward: 392.04999999999995; invalid_count: 0; positive_reward_count: 12; success_count: 12; episode_count: 13; random_exploration_count: 27; random_action_prob: 0.2140
make_subtrust -0.022903225806451613 62
move_asset -0.008529411764705883 34
sell_asset 24.62 16
give_vesting_power -0.01 16
update_start: 32; random_action_prob: 0.2130
update_complete: 32; loss: 40.87982686360677; cumulative_reward: 333.6900000000001; invalid_count: 0; positive_reward_count: 11; success_count: 11; episode_count: 11; random_exploration_count: 34; random_action_prob: 0.2130
make_subtrust -0.025142857142857144 70
move_asset -0.0064285714285714285 28
sell_asset 19.754117647058823 17
give_vesting_power -0.014615384615384615 13
update_start: 33; random_action_prob: 0.2119
update_complete: 33; loss: 42.45315806070963; cumulative_reward: 339.9199999999999; invalid_count: 0; positive_reward_count: 12; success_count: 12; episode_count: 12; random_exploration_count: 27; random_action_prob: 0.2119
make_subtrust -0.02323529411764706 68
move_asset -0.005172413793103448 29
sell_asset 17.987894736842104 19
give_vesting_power -0.01 12
update_start: 34; random_action_prob: 0.2108
update_complete: 34; loss: 41.9203135172526; cumulative_reward: 408.3900000000001; invalid_count: 0; positive_reward_count: 13; success_count: 13; episode_count: 13; random_exploration_count: 20; random_action_prob: 0.2108
make_subtrust -0.02310344827586207 58
move_asset -0.0018421052631578945 38
sell_asset 21.573684210526313 19
give_vesting_power -0.007692307692307692 13
update_start: 35; random_action_prob: 0.2098
update_complete: 35; loss: 60.522098541259766; cumulative_reward: 494.57000000000005; invalid_count: 0; positive_reward_count: 16; success_count: 16; episode_count: 16; random_exploration_count: 21; random_action_prob: 0.2098
make_subtrust -0.02287878787878788 66
move_asset -0.01103448275862069 29
sell_asset 26.69 17
give_vesting_power 2.666875 16
update_start: 36; random_action_prob: 0.2087
update_complete: 36; loss: 34.400177001953125; cumulative_reward: 334.15999999999997; invalid_count: 0; positive_reward_count: 13; success_count: 13; episode_count: 14; random_exploration_count: 22; random_action_prob: 0.2087
make_subtrust -0.0228125 64
move_asset -0.0059375 32
sell_asset 19.758235294117647 17
give_vesting_power -0.005333333333333333 15
update_start: 37; random_action_prob: 0.2077
update_complete: 37; loss: 44.51335525512695; cumulative_reward: 479.50000000000017; invalid_count: 0; positive_reward_count: 17; success_count: 17; episode_count: 19; random_exploration_count: 18; random_action_prob: 0.2077
make_subtrust -0.018139534883720932 43
move_asset -0.00840909090909091 44
sell_asset 24.0415 20
give_vesting_power -0.008571428571428572 21
update_start: 38; random_action_prob: 0.2066
update_complete: 38; loss: 51.05956522623698; cumulative_reward: 467.05000000000007; invalid_count: 0; positive_reward_count: 16; success_count: 16; episode_count: 16; random_exploration_count: 29; random_action_prob: 0.2066
make_subtrust -0.021 50
move_asset -0.008974358974358975 39
sell_asset 22.321428571428573 21
give_vesting_power -0.01666666666666667 18
update_start: 39; random_action_prob: 0.2056
update_complete: 39; loss: 50.01183064778646; cumulative_reward: 457.36; invalid_count: 0; positive_reward_count: 17; success_count: 17; episode_count: 17; random_exploration_count: 17; random_action_prob: 0.2056
make_subtrust -0.020655737704918034 61
move_asset -0.0053124999999999995 32
sell_asset 25.49388888888889 18
give_vesting_power -0.0058823529411764705 17
update_start: 40; random_action_prob: 0.2046
update_complete: 40; loss: 48.75241724650065; cumulative_reward: 438.6200000000001; invalid_count: 0; positive_reward_count: 13; success_count: 13; episode_count: 15; random_exploration_count: 30; random_action_prob: 0.2046
make_subtrust -0.021777777777777778 45
move_asset -0.002553191489361702 47
sell_asset 20.944761904761904 21
give_vesting_power -0.008 15
update_start: 41; random_action_prob: 0.2036
update_complete: 41; loss: 31.810509363810223; cumulative_reward: 291.69; invalid_count: 0; positive_reward_count: 13; success_count: 13; episode_count: 13; random_exploration_count: 25; random_action_prob: 0.2036
make_subtrust -0.02365079365079365 63
move_asset -0.008125 32
sell_asset 14.684999999999999 20
give_vesting_power -0.02 13
update_start: 42; random_action_prob: 0.2025
update_complete: 42; loss: 35.6666628519694; cumulative_reward: 377.4599999999997; invalid_count: 0; positive_reward_count: 17; success_count: 17; episode_count: 17; random_exploration_count: 30; random_action_prob: 0.2025
make_subtrust -0.02186440677966102 59
move_asset -0.017333333333333333 30
sell_asset 16.886666666666667 21
give_vesting_power 1.3694444444444445 18
update_start: 43; random_action_prob: 0.2015
update_complete: 43; loss: 56.323890686035156; cumulative_reward: 469.65999999999985; invalid_count: 0; positive_reward_count: 15; success_count: 15; episode_count: 15; random_exploration_count: 24; random_action_prob: 0.2015
make_subtrust -0.020192307692307693 52
move_asset -0.0023684210526315787 38
sell_asset 21.405454545454546 22
give_vesting_power -0.0075 16
update_start: 44; random_action_prob: 0.2005
update_complete: 44; loss: 52.4185536702474; cumulative_reward: 344.81; invalid_count: 0; positive_reward_count: 12; success_count: 12; episode_count: 12; random_exploration_count: 36; random_action_prob: 0.2005
make_subtrust -0.025263157894736845 76
move_asset -0.0030434782608695656 23
sell_asset 20.404705882352943 17
give_vesting_power -0.006666666666666667 12
update_start: 45; random_action_prob: 0.1995
update_complete: 45; loss: 79.5865987141927; cumulative_reward: 529.4000000000001; invalid_count: 0; positive_reward_count: 15; success_count: 15; episode_count: 15; random_exploration_count: 25; random_action_prob: 0.1995
make_subtrust -0.023333333333333334 63
move_asset -0.000967741935483871 31
sell_asset 27.943684210526314 19
give_vesting_power -0.002 15
update_start: 46; random_action_prob: 0.1985
update_complete: 46; loss: 27.84554100036621; cumulative_reward: 277.47000000000014; invalid_count: 0; positive_reward_count: 11; success_count: 11; episode_count: 14; random_exploration_count: 25; random_action_prob: 0.1985
make_subtrust -0.0222 50
move_asset -0.003409090909090909 44
sell_asset 15.491666666666667 18
give_vesting_power -0.0075 16
update_start: 47; random_action_prob: 0.1975
update_complete: 47; loss: 53.55962117513021; cumulative_reward: 500.60000000000025; invalid_count: 0; positive_reward_count: 16; success_count: 16; episode_count: 18; random_exploration_count: 27; random_action_prob: 0.1975
make_subtrust -0.017906976744186048 43
move_asset -0.0060869565217391295 46
sell_asset 25.939473684210526 19
give_vesting_power 0.44000000000000006 20
update_start: 48; random_action_prob: 0.1965
update_complete: 48; loss: 29.14805793762207; cumulative_reward: 292.10000000000014; invalid_count: 0; positive_reward_count: 13; success_count: 13; episode_count: 14; random_exploration_count: 29; random_action_prob: 0.1965
make_subtrust -0.023125 64
move_asset -0.004999999999999999 34
sell_asset 19.59 15
give_vesting_power -0.006666666666666667 15
update_start: 49; random_action_prob: 0.1956
update_complete: 49; loss: 20.276047388712566; cumulative_reward: 221.9099999999999; invalid_count: 0; positive_reward_count: 10; success_count: 10; episode_count: 11; random_exploration_count: 13; random_action_prob: 0.1956
make_subtrust -0.025333333333333336 75
move_asset -0.0025 28
sell_asset 16.533076923076923 13
give_vesting_power 0.7458333333333335 12
update_start: 50; random_action_prob: 0.1946
update_complete: 50; loss: 30.907357533772785; cumulative_reward: 338.53; invalid_count: 0; positive_reward_count: 15; success_count: 15; episode_count: 15; random_exploration_count: 25; random_action_prob: 0.1946
make_subtrust -0.022727272727272728 55
move_asset -0.0010526315789473684 38
sell_asset 16.9935 20
give_vesting_power -0.0033333333333333335 15
update_start: 51; random_action_prob: 0.1936
update_complete: 51; loss: 21.14793586730957; cumulative_reward: 248.02999999999994; invalid_count: 0; positive_reward_count: 12; success_count: 12; episode_count: 12; random_exploration_count: 20; random_action_prob: 0.1936
make_subtrust -0.024142857142857143 70
move_asset -0.0036 25
sell_asset 11.89857142857143 21
give_vesting_power -0.005 12
update_start: 52; random_action_prob: 0.1926
update_complete: 52; loss: 39.811292012532554; cumulative_reward: 430.1; invalid_count: 0; positive_reward_count: 16; success_count: 16; episode_count: 16; random_exploration_count: 17; random_action_prob: 0.1926
make_subtrust -0.02208955223880597 67
move_asset -0.005384615384615385 26
sell_asset 22.72947368421053 19
give_vesting_power -0.00875 16
update_start: 53; random_action_prob: 0.1917
update_complete: 53; loss: 48.56945927937826; cumulative_reward: 432.55; invalid_count: 0; positive_reward_count: 14; success_count: 14; episode_count: 16; random_exploration_count: 26; random_action_prob: 0.1917
make_subtrust -0.0208 50
move_asset -0.0034999999999999996 40
sell_asset 19.719545454545454 22
give_vesting_power -0.0062499999999999995 16
update_start: 54; random_action_prob: 0.1907
update_complete: 54; loss: 57.2584114074707; cumulative_reward: 418.90999999999985; invalid_count: 0; positive_reward_count: 13; success_count: 13; episode_count: 13; random_exploration_count: 21; random_action_prob: 0.1907
make_subtrust -0.023548387096774193 62
move_asset -0.008181818181818182 33
sell_asset 22.149473684210527 19
give_vesting_power -0.014285714285714287 14
update_start: 55; random_action_prob: 0.1898
update_complete: 55; loss: 49.77656936645508; cumulative_reward: 438.25; invalid_count: 0; positive_reward_count: 15; success_count: 15; episode_count: 15; random_exploration_count: 21; random_action_prob: 0.1898
make_subtrust -0.024444444444444446 72
move_asset -0.01391304347826087 23
sell_asset 22.869444444444444 18
give_vesting_power 1.912 15
update_start: 56; random_action_prob: 0.1888
update_complete: 56; loss: 31.60917599995931; cumulative_reward: 350.8000000000001; invalid_count: 0; positive_reward_count: 14; success_count: 14; episode_count: 15; random_exploration_count: 32; random_action_prob: 0.1888
make_subtrust -0.024918032786885248 61
move_asset -0.0071874999999999994 32
sell_asset 18.460526315789473 19
give_vesting_power 0.1125 16
update_start: 57; random_action_prob: 0.1879
update_complete: 57; loss: 46.45813242594401; cumulative_reward: 406.8700000000001; invalid_count: 0; positive_reward_count: 13; success_count: 13; episode_count: 13; random_exploration_count: 31; random_action_prob: 0.1879
make_subtrust -0.024821428571428574 56
move_asset -0.008055555555555555 36
sell_asset 19.465238095238096 21
give_vesting_power -0.014666666666666666 15
update_start: 58; random_action_prob: 0.1869
update_complete: 58; loss: 32.34213002522787; cumulative_reward: 367.9900000000002; invalid_count: 0; positive_reward_count: 15; success_count: 15; episode_count: 15; random_exploration_count: 16; random_action_prob: 0.1869
make_subtrust -0.022372881355932205 59
move_asset -0.006666666666666666 36
sell_asset 22.735 16
give_vesting_power 0.34058823529411764 17
update_start: 59; random_action_prob: 0.1860
update_complete: 59; loss: 56.37596893310547; cumulative_reward: 439.9300000000002; invalid_count: 0; positive_reward_count: 13; success_count: 13; episode_count: 13; random_exploration_count: 26; random_action_prob: 0.1860
make_subtrust -0.02426470588235294 68
move_asset -0.005333333333333333 30
sell_asset 25.988823529411764 17
give_vesting_power -0.005384615384615385 13
update_start: 60; random_action_prob: 0.1851
update_complete: 60; loss: 34.366021474202476; cumulative_reward: 354.4; invalid_count: 0; positive_reward_count: 14; success_count: 14; episode_count: 14; random_exploration_count: 18; random_action_prob: 0.1851
make_subtrust -0.02305084745762712 59
move_asset -0.001707317073170732 41
sell_asset 25.42214285714286 14
give_vesting_power -0.005714285714285714 14
update_start: 61; random_action_prob: 0.1841
update_complete: 61; loss: 25.183493932088215; cumulative_reward: 191.53; invalid_count: 0; positive_reward_count: 7; success_count: 7; episode_count: 10; random_exploration_count: 25; random_action_prob: 0.1841
make_subtrust -0.023448275862068966 58
move_asset -0.0016666666666666668 42
sell_asset 11.352941176470589 17
give_vesting_power -0.0036363636363636364 11
update_start: 62; random_action_prob: 0.1832
update_complete: 62; loss: 48.406386057535805; cumulative_reward: 447.90000000000043; invalid_count: 0; positive_reward_count: 16; success_count: 16; episode_count: 16; random_exploration_count: 23; random_action_prob: 0.1832
make_subtrust -0.02157894736842105 57
move_asset -0.009189189189189189 37
sell_asset 24.985 18
give_vesting_power -0.01625 16
update_start: 63; random_action_prob: 0.1823
update_complete: 63; loss: 31.214074452718098; cumulative_reward: 383.64; invalid_count: 0; positive_reward_count: 17; success_count: 17; episode_count: 18; random_exploration_count: 28; random_action_prob: 0.1823
make_subtrust -0.021666666666666664 54
move_asset -0.013888888888888888 36
sell_asset 20.086315789473684 19
give_vesting_power 0.1931578947368421 19
update_start: 64; random_action_prob: 0.1814
update_complete: 64; loss: 34.10614267985026; cumulative_reward: 469.62000000000035; invalid_count: 0; positive_reward_count: 22; success_count: 22; episode_count: 22; random_exploration_count: 19; random_action_prob: 0.1814
make_subtrust -0.015777777777777776 45
move_asset -0.005 38
sell_asset 20.467391304347824 23
give_vesting_power -0.010454545454545454 22
update_start: 65; random_action_prob: 0.1805
update_complete: 65; loss: 26.611196517944336; cumulative_reward: 323.83000000000004; invalid_count: 0; positive_reward_count: 16; success_count: 16; episode_count: 16; random_exploration_count: 29; random_action_prob: 0.1805
make_subtrust -0.02296875 64
move_asset -0.008666666666666666 30
sell_asset 19.164117647058823 17
give_vesting_power -0.013529411764705884 17
update_start: 66; random_action_prob: 0.1796
update_complete: 66; loss: 63.960060119628906; cumulative_reward: 528.22; invalid_count: 0; positive_reward_count: 17; success_count: 17; episode_count: 18; random_exploration_count: 19; random_action_prob: 0.1796
make_subtrust -0.02206896551724138 58
move_asset -0.006060606060606061 33
sell_asset 29.436666666666667 18
give_vesting_power -0.008421052631578947 19
update_start: 67; random_action_prob: 0.1787
update_complete: 67; loss: 31.815930048624676; cumulative_reward: 363.0900000000001; invalid_count: 0; positive_reward_count: 15; success_count: 15; episode_count: 15; random_exploration_count: 21; random_action_prob: 0.1787
make_subtrust -0.022 65
move_asset -0.0070967741935483875 31
sell_asset 21.46294117647059 17
give_vesting_power -0.008666666666666666 15
update_start: 68; random_action_prob: 0.1778
update_complete: 68; loss: 33.83827209472656; cumulative_reward: 398.24; invalid_count: 0; positive_reward_count: 17; success_count: 17; episode_count: 17; random_exploration_count: 16; random_action_prob: 0.1778
make_subtrust -0.022031250000000002 64
move_asset -0.004074074074074074 27
sell_asset 21.046315789473685 19
give_vesting_power -0.006666666666666667 18
update_start: 69; random_action_prob: 0.1769
update_complete: 69; loss: 41.65602238972982; cumulative_reward: 445.2999999999999; invalid_count: 0; positive_reward_count: 18; success_count: 18; episode_count: 18; random_exploration_count: 26; random_action_prob: 0.1769
make_subtrust -0.023181818181818182 66
move_asset -0.016923076923076923 26
sell_asset 24.86777777777778 18
give_vesting_power -0.019444444444444445 18
update_start: 70; random_action_prob: 0.1760
update_complete: 70; loss: 37.94210306803385; cumulative_reward: 296.20000000000016; invalid_count: 0; positive_reward_count: 10; success_count: 10; episode_count: 11; random_exploration_count: 22; random_action_prob: 0.1760
make_subtrust -0.027972972972972972 74
move_asset -0.02925925925925926 27
sell_asset 24.969166666666666 12
give_vesting_power -0.038000000000000006 15
update_start: 71; random_action_prob: 0.1751
update_complete: 71; loss: 29.898822784423828; cumulative_reward: 275.31000000000006; invalid_count: 0; positive_reward_count: 11; success_count: 11; episode_count: 13; random_exploration_count: 18; random_action_prob: 0.1751
make_subtrust -0.02515151515151515 66
move_asset -0.01575757575757576 33
sell_asset 18.517999999999997 15
give_vesting_power -0.02 14
update_start: 72; random_action_prob: 0.1743
update_complete: 72; loss: 29.840070088704426; cumulative_reward: 373.8400000000001; invalid_count: 0; positive_reward_count: 16; success_count: 16; episode_count: 17; random_exploration_count: 19; random_action_prob: 0.1743
make_subtrust -0.021636363636363634 55
move_asset -0.014705882352941176 34
sell_asset 17.89428571428571 21
give_vesting_power -0.013888888888888888 18
update_start: 73; random_action_prob: 0.1734
update_complete: 73; loss: 44.262132008870445; cumulative_reward: 362.4300000000001; invalid_count: 0; positive_reward_count: 12; success_count: 12; episode_count: 12; random_exploration_count: 30; random_action_prob: 0.1734
make_subtrust -0.026363636363636363 66
move_asset -0.01 27
sell_asset 17.367142857142856 21
give_vesting_power -0.019285714285714288 14
update_start: 74; random_action_prob: 0.1725
update_complete: 74; loss: 34.5373649597168; cumulative_reward: 362.2100000000003; invalid_count: 0; positive_reward_count: 15; success_count: 15; episode_count: 15; random_exploration_count: 25; random_action_prob: 0.1725
make_subtrust -0.024637681159420288 69
move_asset -0.016 25
sell_asset 17.876315789473683 19
give_vesting_power 1.644 15
update_start: 75; random_action_prob: 0.1717
update_complete: 75; loss: 38.85795466105143; cumulative_reward: 418.76000000000016; invalid_count: 0; positive_reward_count: 16; success_count: 16; episode_count: 16; random_exploration_count: 17; random_action_prob: 0.1717
make_subtrust -0.0225 64
move_asset -0.008076923076923077 26
sell_asset 19.12181818181818 22
give_vesting_power -0.016875 16
update_start: 76; random_action_prob: 0.1708
update_complete: 76; loss: 33.28799184163412; cumulative_reward: 319.5799999999999; invalid_count: 0; positive_reward_count: 15; success_count: 15; episode_count: 15; random_exploration_count: 30; random_action_prob: 0.1708
make_subtrust -0.0234375 64
move_asset -0.011428571428571429 28
sell_asset 15.318095238095239 21
give_vesting_power -0.018666666666666668 15
update_start: 77; random_action_prob: 0.1699
update_complete: 77; loss: 48.62765121459961; cumulative_reward: 469.24000000000035; invalid_count: 0; positive_reward_count: 18; success_count: 18; episode_count: 18; random_exploration_count: 26; random_action_prob: 0.1699
make_subtrust -0.02081967213114754 61
move_asset -0.005172413793103448 29
sell_asset 23.5415 20
give_vesting_power -0.009444444444444443 18
update_start: 78; random_action_prob: 0.1691
update_complete: 78; loss: 44.279852549235024; cumulative_reward: 357.5400000000002; invalid_count: 0; positive_reward_count: 13; success_count: 13; episode_count: 13; random_exploration_count: 31; random_action_prob: 0.1691
make_subtrust -0.025205479452054796 73
move_asset -0.010869565217391304 23
sell_asset 19.322777777777777 18
give_vesting_power 0.8442857142857143 14
update_start: 79; random_action_prob: 0.1683
update_complete: 79; loss: 41.313218434651695; cumulative_reward: 357.09000000000003; invalid_count: 0; positive_reward_count: 12; success_count: 12; episode_count: 12; random_exploration_count: 20; random_action_prob: 0.1683
make_subtrust -0.02436619718309859 71
move_asset -0.0017391304347826088 23
sell_asset 16.314090909090908 22
give_vesting_power -0.004166666666666667 12
update_start: 80; random_action_prob: 0.1674
update_complete: 80; loss: 69.62327067057292; cumulative_reward: 514.6600000000003; invalid_count: 0; positive_reward_count: 15; success_count: 15; episode_count: 15; random_exploration_count: 21; random_action_prob: 0.1674
make_subtrust -0.02390625 64
move_asset -0.011153846153846153 26
sell_asset 22.464761904761904 21
give_vesting_power 2.630588235294118 17
update_start: 81; random_action_prob: 0.1666
update_complete: 81; loss: 35.10683568318685; cumulative_reward: 311.52000000000004; invalid_count: 0; positive_reward_count: 11; success_count: 11; episode_count: 11; random_exploration_count: 17; random_action_prob: 0.1666
make_subtrust -0.02662162162162162 74
move_asset -0.007272727272727273 22
sell_asset 14.943333333333333 21
give_vesting_power -0.014545454545454545 11
update_start: 82; random_action_prob: 0.1657
update_complete: 82; loss: 43.50236511230469; cumulative_reward: 387.1400000000002; invalid_count: 0; positive_reward_count: 13; success_count: 13; episode_count: 13; random_exploration_count: 21; random_action_prob: 0.1657
make_subtrust -0.0234375 64
move_asset -0.005666666666666666 30
sell_asset 20.468421052631577 19
give_vesting_power -0.006 15
update_start: 83; random_action_prob: 0.1649
update_complete: 83; loss: 57.82553227742513; cumulative_reward: 513.6; invalid_count: 0; positive_reward_count: 18; success_count: 18; episode_count: 18; random_exploration_count: 17; random_action_prob: 0.1649
make_subtrust -0.0225 64
move_asset -0.013043478260869565 23
sell_asset 22.418695652173913 23
give_vesting_power -0.01611111111111111 18
update_start: 84; random_action_prob: 0.1641
update_complete: 84; loss: 50.42459233601888; cumulative_reward: 416.2699999999999; invalid_count: 0; positive_reward_count: 13; success_count: 13; episode_count: 13; random_exploration_count: 22; random_action_prob: 0.1641
make_subtrust -0.022571428571428572 70
move_asset -0.0016 25
sell_asset 21.996315789473684 19
give_vesting_power -0.002857142857142857 14
update_start: 85; random_action_prob: 0.1633
update_complete: 85; loss: 42.16090393066406; cumulative_reward: 410.35000000000025; invalid_count: 0; positive_reward_count: 16; success_count: 16; episode_count: 16; random_exploration_count: 20; random_action_prob: 0.1633
make_subtrust -0.021363636363636362 66
move_asset -0.0024 25
sell_asset 19.613809523809522 21
give_vesting_power -0.0043749999999999995 16
update_start: 86; random_action_prob: 0.1625
update_complete: 86; loss: 48.406070709228516; cumulative_reward: 446.2299999999999; invalid_count: 0; positive_reward_count: 17; success_count: 17; episode_count: 17; random_exploration_count: 17; random_action_prob: 0.1625
make_subtrust -0.02174603174603175 63
move_asset -0.004137931034482759 29
sell_asset 23.414736842105263 19
give_vesting_power 0.1670588235294118 17
update_start: 87; random_action_prob: 0.1616
update_complete: 87; loss: 40.29231389363607; cumulative_reward: 413.1000000000001; invalid_count: 0; positive_reward_count: 14; success_count: 14; episode_count: 15; random_exploration_count: 29; random_action_prob: 0.1616
make_subtrust -0.020980392156862746 51
move_asset -0.012142857142857143 42
sell_asset 23.04611111111111 18
give_vesting_power -0.008823529411764706 17
update_start: 88; random_action_prob: 0.1608
update_complete: 88; loss: 41.919413248697914; cumulative_reward: 439.94999999999993; invalid_count: 0; positive_reward_count: 16; success_count: 16; episode_count: 18; random_exploration_count: 26; random_action_prob: 0.1608
make_subtrust -0.01823529411764706 51
move_asset -0.00125 40
sell_asset 23.20684210526316 19
give_vesting_power 0.0 18
update_start: 89; random_action_prob: 0.1600
update_complete: 89; loss: 41.57937494913737; cumulative_reward: 457.5000000000001; invalid_count: 0; positive_reward_count: 18; success_count: 18; episode_count: 18; random_exploration_count: 15; random_action_prob: 0.1600
make_subtrust -0.02086206896551724 58
move_asset -0.004193548387096774 31
sell_asset 20.854285714285716 21
give_vesting_power 1.1611111111111112 18
update_start: 90; random_action_prob: 0.1592
update_complete: 90; loss: 59.66987991333008; cumulative_reward: 504.84000000000003; invalid_count: 0; positive_reward_count: 15; success_count: 15; episode_count: 16; random_exploration_count: 16; random_action_prob: 0.1592
make_subtrust -0.019795918367346937 49
move_asset -0.00024390243902439024 41
sell_asset 20.69086956521739 23
give_vesting_power 1.9953333333333334 15
update_start: 91; random_action_prob: 0.1584
update_complete: 91; loss: 39.440895080566406; cumulative_reward: 396.59999999999997; invalid_count: 0; positive_reward_count: 15; success_count: 15; episode_count: 15; random_exploration_count: 26; random_action_prob: 0.1584
make_subtrust -0.021785714285714287 56
move_asset -0.0018181818181818182 33
sell_asset 16.580000000000002 24
give_vesting_power -0.0026666666666666666 15
update_start: 92; random_action_prob: 0.1576
update_complete: 92; loss: 47.325522104899086; cumulative_reward: 328.2400000000001; invalid_count: 0; positive_reward_count: 10; success_count: 10; episode_count: 10; random_exploration_count: 20; random_action_prob: 0.1576
make_subtrust -0.0265625 64
move_asset -0.0003125 32
sell_asset 14.998181818181818 22
give_vesting_power -0.001 10
update_start: 93; random_action_prob: 0.1569
update_complete: 93; loss: 46.14386240641276; cumulative_reward: 353.72000000000014; invalid_count: 0; positive_reward_count: 12; success_count: 12; episode_count: 12; random_exploration_count: 19; random_action_prob: 0.1569
make_subtrust -0.01824561403508772 57
move_asset -0.001081081081081081 37
sell_asset 16.13181818181818 22
give_vesting_power -0.008333333333333333 12
update_start: 94; random_action_prob: 0.1561
update_complete: 94; loss: 34.075504302978516; cumulative_reward: 252.38; invalid_count: 0; positive_reward_count: 10; success_count: 10; episode_count: 11; random_exploration_count: 19; random_action_prob: 0.1561
make_subtrust -0.021562500000000002 64
move_asset -0.0023684210526315787 38
sell_asset 16.194 15
give_vesting_power 0.9945454545454546 11
update_start: 95; random_action_prob: 0.1553
update_complete: 95; loss: 44.70687739054362; cumulative_reward: 319.3199999999999; invalid_count: 0; positive_reward_count: 10; success_count: 10; episode_count: 11; random_exploration_count: 22; random_action_prob: 0.1553
make_subtrust -0.019016393442622948 61
move_asset -0.007058823529411764 34
sell_asset 15.28047619047619 21
give_vesting_power -0.014166666666666666 12
update_start: 96; random_action_prob: 0.1545
update_complete: 96; loss: 49.828051249186196; cumulative_reward: 388.78000000000003; invalid_count: 0; positive_reward_count: 13; success_count: 13; episode_count: 13; random_exploration_count: 15; random_action_prob: 0.1545
make_subtrust -0.02 56
move_asset -0.001081081081081081 37
sell_asset 19.4985 20
give_vesting_power -0.002 15
update_start: 97; random_action_prob: 0.1537
update_complete: 97; loss: 22.41414515177409; cumulative_reward: 202.0100000000001; invalid_count: 0; positive_reward_count: 9; success_count: 9; episode_count: 9; random_exploration_count: 19; random_action_prob: 0.1537
make_subtrust -0.02291666666666667 72
move_asset -0.004137931034482759 29
sell_asset 11.32388888888889 18
give_vesting_power -0.005555555555555556 9
update_start: 98; random_action_prob: 0.1530
update_complete: 98; loss: 33.83123270670573; cumulative_reward: 266.61000000000007; invalid_count: 0; positive_reward_count: 8; success_count: 8; episode_count: 10; random_exploration_count: 25; random_action_prob: 0.1530
make_subtrust -0.018727272727272728 55
move_asset -0.004285714285714286 42
sell_asset 13.395 20
give_vesting_power -0.007272727272727273 11
update_start: 99; random_action_prob: 0.1522
update_complete: 99; loss: 49.31911087036133; cumulative_reward: 399.7099999999999; invalid_count: 0; positive_reward_count: 13; success_count: 13; episode_count: 14; random_exploration_count: 22; random_action_prob: 0.1522
make_subtrust -0.01673076923076923 52
move_asset -0.004871794871794872 39
sell_asset 17.42695652173913 23
give_vesting_power -0.0035714285714285718 14
2026-07-10T17:57:55 completed distressed_assets run=5 elapsed_seconds=831.38 updates_logged=100
2026-07-10T17:57:55 running distressed_assets run=6 seed=1735
update_start: 0; random_action_prob: 0.2500
update_complete: 0; loss: 21.952215830485027; cumulative_reward: 167.9699999999999; invalid_count: 0; positive_reward_count: 8; success_count: 8; episode_count: 10; random_exploration_count: 23; random_action_prob: 0.2500
make_subtrust -0.02543859649122807 57
move_asset -0.020749999999999998 40
sell_asset 9.474444444444444 18
give_vesting_power -0.022307692307692306 13
update_start: 1; random_action_prob: 0.2487
update_complete: 1; loss: 14.733778953552246; cumulative_reward: 110.31000000000002; invalid_count: 0; positive_reward_count: 4; success_count: 4; episode_count: 6; random_exploration_count: 33; random_action_prob: 0.2487
make_subtrust -0.026857142857142857 70
move_asset -0.012580645161290323 31
sell_asset 5.6405 20
give_vesting_power -0.032857142857142856 7
update_start: 2; random_action_prob: 0.2475
update_complete: 2; loss: 24.52246920267741; cumulative_reward: 199.5399999999998; invalid_count: 0; positive_reward_count: 8; success_count: 8; episode_count: 11; random_exploration_count: 28; random_action_prob: 0.2475
make_subtrust -0.025 60
move_asset -0.027297297297297296 37
sell_asset 12.659375 16
give_vesting_power -0.03333333333333333 15
update_start: 3; random_action_prob: 0.2463
update_complete: 3; loss: 28.96971829732259; cumulative_reward: 204.04999999999993; invalid_count: 0; positive_reward_count: 8; success_count: 8; episode_count: 9; random_exploration_count: 35; random_action_prob: 0.2463
make_subtrust -0.02702702702702703 74
move_asset -0.034444444444444444 27
sell_asset 11.565333333333335 15
give_vesting_power 2.7916666666666665 12
update_start: 4; random_action_prob: 0.2450
update_complete: 4; loss: 44.5510508219401; cumulative_reward: 328.5499999999997; invalid_count: 0; positive_reward_count: 12; success_count: 12; episode_count: 14; random_exploration_count: 33; random_action_prob: 0.2450
make_subtrust -0.027164179104477614 67
move_asset -0.04033333333333333 30
sell_asset 18.955333333333332 15
give_vesting_power 2.953125 16
update_start: 5; random_action_prob: 0.2438
update_complete: 5; loss: 27.51270802815755; cumulative_reward: 236.50999999999996; invalid_count: 0; positive_reward_count: 9; success_count: 9; episode_count: 11; random_exploration_count: 42; random_action_prob: 0.2438
make_subtrust -0.02626865671641791 67
move_asset -0.027000000000000003 30
sell_asset 13.307777777777778 18
give_vesting_power -0.03538461538461539 13
update_start: 6; random_action_prob: 0.2426
update_complete: 6; loss: 27.79314676920573; cumulative_reward: 248.6099999999998; invalid_count: 0; positive_reward_count: 12; success_count: 12; episode_count: 12; random_exploration_count: 33; random_action_prob: 0.2426
make_subtrust -0.023043478260869565 69
move_asset -0.03230769230769231 26
sell_asset 12.14 18
give_vesting_power 2.168 15
update_start: 7; random_action_prob: 0.2414
update_complete: 7; loss: 52.43047078450521; cumulative_reward: 325.74999999999994; invalid_count: 0; positive_reward_count: 9; success_count: 9; episode_count: 10; random_exploration_count: 29; random_action_prob: 0.2414
make_subtrust -0.02408450704225352 71
move_asset -0.024074074074074074 27
sell_asset 19.330000000000002 17
give_vesting_power -0.038461538461538464 13
update_start: 8; random_action_prob: 0.2402
update_complete: 8; loss: 12.578602155049643; cumulative_reward: 131.44000000000003; invalid_count: 0; positive_reward_count: 6; success_count: 6; episode_count: 9; random_exploration_count: 34; random_action_prob: 0.2402
make_subtrust -0.02726027397260274 73
move_asset -0.02925925925925926 27
sell_asset 8.979333333333333 15
give_vesting_power -0.036153846153846154 13
update_start: 9; random_action_prob: 0.2390
update_complete: 9; loss: 48.47477467854818; cumulative_reward: 318.96; invalid_count: 0; positive_reward_count: 9; success_count: 9; episode_count: 10; random_exploration_count: 38; random_action_prob: 0.2390
make_subtrust -0.028311688311688312 77
move_asset -0.014545454545454545 22
sell_asset 16.984444444444446 18
give_vesting_power 1.430909090909091 11
update_start: 10; random_action_prob: 0.2378
update_complete: 10; loss: 60.311729431152344; cumulative_reward: 367.87999999999994; invalid_count: 0; positive_reward_count: 10; success_count: 10; episode_count: 10; random_exploration_count: 40; random_action_prob: 0.2378
make_subtrust -0.025068493150684934 73
move_asset -0.02125 24
sell_asset 19.504210526315788 19
give_vesting_power -0.03 12
update_start: 11; random_action_prob: 0.2366
update_complete: 11; loss: 62.08842849731445; cumulative_reward: 338.46999999999997; invalid_count: 0; positive_reward_count: 10; success_count: 10; episode_count: 10; random_exploration_count: 26; random_action_prob: 0.2366
make_subtrust -0.02507042253521127 71
move_asset -0.009583333333333334 24
sell_asset 14.814782608695653 23
give_vesting_power -0.026000000000000002 10
update_start: 12; random_action_prob: 0.2354
update_complete: 12; loss: 33.05341593424479; cumulative_reward: 290.6400000000001; invalid_count: 0; positive_reward_count: 10; success_count: 10; episode_count: 10; random_exploration_count: 35; random_action_prob: 0.2354
make_subtrust -0.02365079365079365 63
move_asset -0.01107142857142857 28
sell_asset 10.448846153846155 26
give_vesting_power 1.8881818181818182 11
update_start: 13; random_action_prob: 0.2342
update_complete: 13; loss: 23.894615173339844; cumulative_reward: 226.49000000000004; invalid_count: 0; positive_reward_count: 11; success_count: 11; episode_count: 11; random_exploration_count: 33; random_action_prob: 0.2342
make_subtrust -0.024637681159420288 69
move_asset -0.012 25
sell_asset 10.395909090909091 22
give_vesting_power -0.018333333333333333 12
update_start: 14; random_action_prob: 0.2331
update_complete: 14; loss: 22.148804982503254; cumulative_reward: 181.41000000000003; invalid_count: 0; positive_reward_count: 6; success_count: 6; episode_count: 8; random_exploration_count: 31; random_action_prob: 0.2331
make_subtrust -0.025135135135135135 74
move_asset -0.014000000000000002 25
sell_asset 8.350909090909092 22
give_vesting_power -0.014285714285714285 7
update_start: 15; random_action_prob: 0.2319
update_complete: 15; loss: 41.563072204589844; cumulative_reward: 331.53999999999985; invalid_count: 0; positive_reward_count: 12; success_count: 12; episode_count: 12; random_exploration_count: 23; random_action_prob: 0.2319
make_subtrust -0.026619718309859156 71
move_asset -0.02565217391304348 23
sell_asset 15.92904761904762 21
give_vesting_power -0.0376923076923077 13
update_start: 16; random_action_prob: 0.2307
update_complete: 16; loss: 45.48950703938802; cumulative_reward: 296.92000000000036; invalid_count: 0; positive_reward_count: 8; success_count: 8; episode_count: 8; random_exploration_count: 26; random_action_prob: 0.2307
make_subtrust -0.02682926829268293 82
move_asset -0.019 20
sell_asset 16.65 18
give_vesting_power -0.025 8
update_start: 17; random_action_prob: 0.2296
update_complete: 17; loss: 23.95768102010091; cumulative_reward: 156.41999999999996; invalid_count: 0; positive_reward_count: 7; success_count: 7; episode_count: 7; random_exploration_count: 33; random_action_prob: 0.2296
make_subtrust -0.028552631578947368 76
move_asset -0.005652173913043478 23
sell_asset 7.22 22
give_vesting_power -0.017142857142857144 7
update_start: 18; random_action_prob: 0.2284
update_complete: 18; loss: 29.544701258341473; cumulative_reward: 282.0300000000001; invalid_count: 0; positive_reward_count: 12; success_count: 12; episode_count: 12; random_exploration_count: 25; random_action_prob: 0.2284
make_subtrust -0.02455882352941177 68
move_asset -0.021153846153846155 26
sell_asset 11.41 21
give_vesting_power 3.433846153846154 13
update_start: 19; random_action_prob: 0.2273
update_complete: 19; loss: 49.73572794596354; cumulative_reward: 356.80999999999995; invalid_count: 0; positive_reward_count: 12; success_count: 12; episode_count: 12; random_exploration_count: 31; random_action_prob: 0.2273
make_subtrust -0.031044776119402987 67
move_asset -0.0148 25
sell_asset 13.192916666666667 24
give_vesting_power 3.5524999999999998 12
update_start: 20; random_action_prob: 0.2262
update_complete: 20; loss: 6.630747318267822; cumulative_reward: 82.16999999999993; invalid_count: 0; positive_reward_count: 7; success_count: 7; episode_count: 7; random_exploration_count: 25; random_action_prob: 0.2262
make_subtrust -0.030281690140845068 71
move_asset -0.0092 25
sell_asset 3.3895999999999997 25
give_vesting_power -0.027142857142857142 7
update_start: 21; random_action_prob: 0.2250
update_complete: 21; loss: 30.26504071553548; cumulative_reward: 263.21; invalid_count: 0; positive_reward_count: 10; success_count: 10; episode_count: 10; random_exploration_count: 29; random_action_prob: 0.2250
make_subtrust -0.028028169014084506 71
move_asset -0.012083333333333335 24
sell_asset 12.077727272727271 22
give_vesting_power -0.02 11
update_start: 22; random_action_prob: 0.2239
update_complete: 22; loss: 29.437650680541992; cumulative_reward: 302.91000000000025; invalid_count: 0; positive_reward_count: 13; success_count: 13; episode_count: 14; random_exploration_count: 32; random_action_prob: 0.2239
make_subtrust -0.02081967213114754 61
move_asset -0.013448275862068966 29
sell_asset 13.85409090909091 22
give_vesting_power -0.01375 16
update_start: 23; random_action_prob: 0.2228
update_complete: 23; loss: 40.924669901529946; cumulative_reward: 275.34999999999997; invalid_count: 0; positive_reward_count: 10; success_count: 10; episode_count: 10; random_exploration_count: 37; random_action_prob: 0.2228
make_subtrust -0.028333333333333335 72
move_asset -0.0264 25
sell_asset 13.925999999999998 20
give_vesting_power -0.04272727272727273 11
update_start: 24; random_action_prob: 0.2217
update_complete: 24; loss: 50.560340881347656; cumulative_reward: 336.3799999999999; invalid_count: 0; positive_reward_count: 10; success_count: 10; episode_count: 10; random_exploration_count: 23; random_action_prob: 0.2217
make_subtrust -0.024054054054054055 74
move_asset -0.01173913043478261 23
sell_asset 16.936500000000002 20
give_vesting_power -0.02727272727272727 11
update_start: 25; random_action_prob: 0.2206
update_complete: 25; loss: 33.056688944498696; cumulative_reward: 246.38; invalid_count: 0; positive_reward_count: 9; success_count: 9; episode_count: 10; random_exploration_count: 35; random_action_prob: 0.2206
make_subtrust -0.02826666666666667 75
move_asset -0.026521739130434784 23
sell_asset 12.55578947368421 19
give_vesting_power 0.959090909090909 11
update_start: 26; random_action_prob: 0.2195
update_complete: 26; loss: 41.48084004720052; cumulative_reward: 290.58000000000015; invalid_count: 0; positive_reward_count: 11; success_count: 11; episode_count: 11; random_exploration_count: 40; random_action_prob: 0.2195
make_subtrust -0.027230769230769232 65
move_asset -0.024074074074074074 27
sell_asset 12.759565217391303 23
give_vesting_power -0.036153846153846154 13
update_start: 27; random_action_prob: 0.2184
update_complete: 27; loss: 36.95987192789713; cumulative_reward: 273.93000000000006; invalid_count: 0; positive_reward_count: 10; success_count: 10; episode_count: 11; random_exploration_count: 22; random_action_prob: 0.2184
make_subtrust -0.02553846153846154 65
move_asset -0.0044444444444444444 27
sell_asset 11.0328 25
give_vesting_power -0.01 11
update_start: 28; random_action_prob: 0.2173
update_complete: 28; loss: 18.84071222941081; cumulative_reward: 180.24; invalid_count: 0; positive_reward_count: 9; success_count: 9; episode_count: 9; random_exploration_count: 21; random_action_prob: 0.2173
make_subtrust -0.027794117647058827 68
move_asset -0.013846153846153848 26
sell_asset 8.306818181818182 22
give_vesting_power -0.021666666666666667 12
update_start: 29; random_action_prob: 0.2162
update_complete: 29; loss: 41.424278259277344; cumulative_reward: 328.40999999999997; invalid_count: 0; positive_reward_count: 11; success_count: 11; episode_count: 11; random_exploration_count: 26; random_action_prob: 0.2162
make_subtrust -0.02582089552238806 67
move_asset -0.013846153846153845 26
sell_asset 15.034999999999998 22
give_vesting_power -0.02076923076923077 13
update_start: 30; random_action_prob: 0.2151
update_complete: 30; loss: 37.1628049214681; cumulative_reward: 244.87999999999997; invalid_count: 0; positive_reward_count: 8; success_count: 8; episode_count: 8; random_exploration_count: 33; random_action_prob: 0.2151
make_subtrust -0.024054054054054055 74
move_asset -0.00375 24
sell_asset 11.221363636363636 22
give_vesting_power -0.015 8
update_start: 31; random_action_prob: 0.2140
update_complete: 31; loss: 29.817955652872723; cumulative_reward: 257.5499999999999; invalid_count: 0; positive_reward_count: 11; success_count: 11; episode_count: 11; random_exploration_count: 26; random_action_prob: 0.2140
make_subtrust -0.022941176470588236 68
move_asset -0.0132 25
sell_asset 11.291304347826086 23
give_vesting_power -0.021666666666666667 12
update_start: 32; random_action_prob: 0.2130
update_complete: 32; loss: 45.7677853902181; cumulative_reward: 330.31; invalid_count: 0; positive_reward_count: 11; success_count: 11; episode_count: 12; random_exploration_count: 29; random_action_prob: 0.2130
make_subtrust -0.027575757575757576 66
move_asset -0.03066666666666667 30
sell_asset 17.553684210526313 19
give_vesting_power -0.036153846153846154 13
update_start: 33; random_action_prob: 0.2119
update_complete: 33; loss: 36.323822021484375; cumulative_reward: 387.4600000000002; invalid_count: 0; positive_reward_count: 15; success_count: 15; episode_count: 15; random_exploration_count: 30; random_action_prob: 0.2119
make_subtrust -0.02640625 64
move_asset -0.025925925925925925 27
sell_asset 18.59095238095238 21
give_vesting_power -0.035 16
update_start: 34; random_action_prob: 0.2108
update_complete: 34; loss: 27.222005208333332; cumulative_reward: 310.5600000000001; invalid_count: 0; positive_reward_count: 13; success_count: 13; episode_count: 13; random_exploration_count: 27; random_action_prob: 0.2108
make_subtrust -0.0271830985915493 71
move_asset -0.023600000000000003 25
sell_asset 17.419444444444444 18
give_vesting_power -0.03357142857142857 14
update_start: 35; random_action_prob: 0.2098
update_complete: 35; loss: 40.419002532958984; cumulative_reward: 308.28; invalid_count: 0; positive_reward_count: 12; success_count: 12; episode_count: 12; random_exploration_count: 27; random_action_prob: 0.2098
make_subtrust -0.027941176470588237 68
move_asset -0.030370370370370374 27
sell_asset 15.5715 20
give_vesting_power -0.03307692307692307 13
update_start: 36; random_action_prob: 0.2087
update_complete: 36; loss: 61.87958017985026; cumulative_reward: 442.1100000000002; invalid_count: 0; positive_reward_count: 13; success_count: 13; episode_count: 13; random_exploration_count: 18; random_action_prob: 0.2087
make_subtrust -0.023333333333333334 63
move_asset -0.004827586206896552 29
sell_asset 20.175454545454546 22
give_vesting_power -0.01 14
update_start: 37; random_action_prob: 0.2077
update_complete: 37; loss: 25.656622568766277; cumulative_reward: 213.36999999999998; invalid_count: 0; positive_reward_count: 10; success_count: 10; episode_count: 11; random_exploration_count: 35; random_action_prob: 0.2077
make_subtrust -0.023623188405797104 69
move_asset -0.014827586206896552 29
sell_asset 12.692352941176472 17
give_vesting_power -0.026153846153846156 13
update_start: 38; random_action_prob: 0.2066
update_complete: 38; loss: 46.8033447265625; cumulative_reward: 464.4900000000001; invalid_count: 0; positive_reward_count: 16; success_count: 16; episode_count: 16; random_exploration_count: 27; random_action_prob: 0.2066
make_subtrust -0.019423076923076925 52
move_asset -0.0044444444444444444 36
sell_asset 20.25086956521739 23
give_vesting_power -0.006470588235294118 17
update_start: 39; random_action_prob: 0.2056
update_complete: 39; loss: 27.870301564534504; cumulative_reward: 206.53999999999996; invalid_count: 0; positive_reward_count: 8; success_count: 8; episode_count: 10; random_exploration_count: 30; random_action_prob: 0.2056
make_subtrust -0.025937500000000002 64
move_asset -0.008787878787878787 33
sell_asset 12.281764705882352 17
give_vesting_power -0.02142857142857143 14
update_start: 40; random_action_prob: 0.2046
update_complete: 40; loss: 44.64420700073242; cumulative_reward: 401.0500000000002; invalid_count: 0; positive_reward_count: 15; success_count: 15; episode_count: 15; random_exploration_count: 30; random_action_prob: 0.2046
make_subtrust -0.019230769230769232 52
move_asset -0.008484848484848486 33
sell_asset 14.911111111111111 27
give_vesting_power -0.016875 16
update_start: 41; random_action_prob: 0.2036
update_complete: 41; loss: 30.919804255167644; cumulative_reward: 249.47000000000003; invalid_count: 0; positive_reward_count: 9; success_count: 9; episode_count: 10; random_exploration_count: 23; random_action_prob: 0.2036
make_subtrust -0.026842105263157896 76
move_asset -0.0252 25
sell_asset 13.223125 16
give_vesting_power 3.688181818181818 11
update_start: 42; random_action_prob: 0.2025
update_complete: 42; loss: 50.273024241129555; cumulative_reward: 470.3700000000001; invalid_count: 0; positive_reward_count: 18; success_count: 18; episode_count: 18; random_exploration_count: 29; random_action_prob: 0.2025
make_subtrust -0.017924528301886795 53
move_asset -0.007 30
sell_asset 18.14346153846154 26
give_vesting_power -0.010526315789473684 19
update_start: 43; random_action_prob: 0.2015
update_complete: 43; loss: 31.43468729654948; cumulative_reward: 285.86999999999995; invalid_count: 0; positive_reward_count: 11; success_count: 11; episode_count: 11; random_exploration_count: 32; random_action_prob: 0.2015
make_subtrust -0.02140845070422535 71
move_asset -0.007916666666666667 24
sell_asset 13.703809523809522 21
give_vesting_power -0.016666666666666666 12
update_start: 44; random_action_prob: 0.2005
update_complete: 44; loss: 39.27305475870768; cumulative_reward: 272.56; invalid_count: 0; positive_reward_count: 8; success_count: 8; episode_count: 10; random_exploration_count: 21; random_action_prob: 0.2005
make_subtrust -0.022816901408450704 71
move_asset -0.012962962962962963 27
sell_asset 13.735 20
give_vesting_power -0.016999999999999998 10
update_start: 45; random_action_prob: 0.1995
update_complete: 45; loss: 38.62656021118164; cumulative_reward: 298.9900000000001; invalid_count: 0; positive_reward_count: 10; success_count: 10; episode_count: 10; random_exploration_count: 28; random_action_prob: 0.1995
make_subtrust -0.025 72
move_asset -0.01846153846153846 26
sell_asset 15.0775 20
give_vesting_power -0.028000000000000004 10
update_start: 46; random_action_prob: 0.1985
update_complete: 46; loss: 43.42419942220052; cumulative_reward: 295.56; invalid_count: 0; positive_reward_count: 9; success_count: 9; episode_count: 10; random_exploration_count: 29; random_action_prob: 0.1985
make_subtrust -0.024324324324324326 74
move_asset -0.009166666666666667 24
sell_asset 12.7395 20
give_vesting_power 4.279000000000001 10
update_start: 47; random_action_prob: 0.1975
update_complete: 47; loss: 49.61960093180338; cumulative_reward: 296.33999999999986; invalid_count: 0; positive_reward_count: 10; success_count: 10; episode_count: 10; random_exploration_count: 24; random_action_prob: 0.1975
make_subtrust -0.020526315789473684 76
move_asset -0.01956521739130435 23
sell_asset 17.568823529411766 17
give_vesting_power -0.02666666666666667 12
update_start: 48; random_action_prob: 0.1965
update_complete: 48; loss: 58.548929850260414; cumulative_reward: 519.3800000000003; invalid_count: 0; positive_reward_count: 18; success_count: 18; episode_count: 18; random_exploration_count: 25; random_action_prob: 0.1965
make_subtrust -0.017424242424242422 66
move_asset -0.0204 25
sell_asset 28.75222222222222 18
give_vesting_power 0.18421052631578946 19
update_start: 49; random_action_prob: 0.1956
update_complete: 49; loss: 45.494134267171226; cumulative_reward: 452.77000000000004; invalid_count: 0; positive_reward_count: 18; success_count: 18; episode_count: 18; random_exploration_count: 21; random_action_prob: 0.1956
make_subtrust -0.01810344827586207 58
move_asset -0.012258064516129033 31
sell_asset 21.646666666666665 21
give_vesting_power -0.021111111111111112 18
update_start: 50; random_action_prob: 0.1946
update_complete: 50; loss: 46.12834676106771; cumulative_reward: 447.6400000000002; invalid_count: 0; positive_reward_count: 18; success_count: 18; episode_count: 18; random_exploration_count: 26; random_action_prob: 0.1946
make_subtrust -0.015471698113207548 53
move_asset -0.004193548387096774 31
sell_asset 17.9504 25
give_vesting_power -0.008947368421052633 19
update_start: 51; random_action_prob: 0.1936
update_complete: 51; loss: 34.16147994995117; cumulative_reward: 296.08000000000004; invalid_count: 0; positive_reward_count: 12; success_count: 12; episode_count: 12; random_exploration_count: 21; random_action_prob: 0.1936
make_subtrust -0.02467741935483871 62
move_asset -0.004333333333333333 30
sell_asset 12.41125 24
give_vesting_power -0.010833333333333334 12
update_start: 52; random_action_prob: 0.1926
update_complete: 52; loss: 73.87206013997395; cumulative_reward: 614.9900000000005; invalid_count: 0; positive_reward_count: 18; success_count: 18; episode_count: 18; random_exploration_count: 28; random_action_prob: 0.1926
make_subtrust -0.019782608695652175 46
move_asset -0.00075 40
sell_asset 25.665000000000003 24
give_vesting_power -0.0016666666666666666 18
update_start: 53; random_action_prob: 0.1917
update_complete: 53; loss: 48.74792226155599; cumulative_reward: 416.28; invalid_count: 0; positive_reward_count: 13; success_count: 13; episode_count: 13; random_exploration_count: 19; random_action_prob: 0.1917
make_subtrust -0.021639344262295083 61
move_asset -0.005161290322580645 31
sell_asset 17.34304347826087 23
give_vesting_power 1.4515384615384614 13
update_start: 54; random_action_prob: 0.1907
update_complete: 54; loss: 37.247538248697914; cumulative_reward: 303.4900000000001; invalid_count: 0; positive_reward_count: 11; success_count: 11; episode_count: 11; random_exploration_count: 27; random_action_prob: 0.1907
make_subtrust -0.025694444444444447 72
move_asset -0.0088 25
sell_asset 15.512631578947369 19
give_vesting_power 0.9016666666666667 12
update_start: 55; random_action_prob: 0.1898
update_complete: 55; loss: 76.01138814290364; cumulative_reward: 493.9899999999999; invalid_count: 0; positive_reward_count: 14; success_count: 14; episode_count: 14; random_exploration_count: 21; random_action_prob: 0.1898
make_subtrust -0.025285714285714286 70
move_asset -0.0184 25
sell_asset 26.13578947368421 19
give_vesting_power -0.025714285714285714 14
update_start: 56; random_action_prob: 0.1888
update_complete: 56; loss: 52.01502354939779; cumulative_reward: 523.0400000000004; invalid_count: 0; positive_reward_count: 18; success_count: 18; episode_count: 18; random_exploration_count: 19; random_action_prob: 0.1888
make_subtrust -0.020793650793650795 63
move_asset -0.024 25
sell_asset 23.689047619047617 21
give_vesting_power 1.4463157894736842 19
update_start: 57; random_action_prob: 0.1879
update_complete: 57; loss: 61.53022384643555; cumulative_reward: 439.24000000000035; invalid_count: 0; positive_reward_count: 13; success_count: 13; episode_count: 14; random_exploration_count: 27; random_action_prob: 0.1879
make_subtrust -0.021639344262295083 61
move_asset -0.017272727272727273 33
sell_asset 23.24 19
give_vesting_power -0.028666666666666667 15
update_start: 58; random_action_prob: 0.1869
update_complete: 58; loss: 21.803369522094727; cumulative_reward: 250.8799999999999; invalid_count: 0; positive_reward_count: 11; success_count: 11; episode_count: 12; random_exploration_count: 25; random_action_prob: 0.1869
make_subtrust -0.023544303797468354 79
move_asset -0.023809523809523808 21
sell_asset 15.848125 16
give_vesting_power -0.0275 12
update_start: 59; random_action_prob: 0.1860
update_complete: 59; loss: 57.17067337036133; cumulative_reward: 484.3700000000001; invalid_count: 0; positive_reward_count: 16; success_count: 16; episode_count: 16; random_exploration_count: 22; random_action_prob: 0.1860
make_subtrust -0.022000000000000002 60
move_asset -0.016551724137931035 29
sell_asset 22.115 22
give_vesting_power -0.021176470588235293 17
update_start: 60; random_action_prob: 0.1851
update_complete: 60; loss: 45.62127176920573; cumulative_reward: 416.44000000000045; invalid_count: 0; positive_reward_count: 15; success_count: 15; episode_count: 15; random_exploration_count: 25; random_action_prob: 0.1851
make_subtrust -0.015357142857142857 56
move_asset -0.006857142857142857 35
sell_asset 18.987727272727273 22
give_vesting_power -0.012666666666666666 15
update_start: 61; random_action_prob: 0.1841
update_complete: 61; loss: 37.47244389851888; cumulative_reward: 408.8000000000003; invalid_count: 0; positive_reward_count: 17; success_count: 17; episode_count: 17; random_exploration_count: 21; random_action_prob: 0.1841
make_subtrust -0.018524590163934426 61
move_asset -0.013214285714285715 28
sell_asset 18.66590909090909 22
give_vesting_power -0.020588235294117647 17
update_start: 62; random_action_prob: 0.1832
update_complete: 62; loss: 38.23142878214518; cumulative_reward: 337.9700000000003; invalid_count: 0; positive_reward_count: 13; success_count: 13; episode_count: 14; random_exploration_count: 22; random_action_prob: 0.1832
make_subtrust -0.015409836065573772 61
move_asset -0.0018181818181818182 33
sell_asset 16.141428571428573 21
give_vesting_power 0.0 13
update_start: 63; random_action_prob: 0.1823
update_complete: 63; loss: 23.620839436848957; cumulative_reward: 240.90999999999994; invalid_count: 0; positive_reward_count: 11; success_count: 11; episode_count: 11; random_exploration_count: 27; random_action_prob: 0.1823
make_subtrust -0.019615384615384614 78
move_asset -0.009545454545454544 22
sell_asset 14.283529411764706 17
give_vesting_power -0.015454545454545453 11
update_start: 64; random_action_prob: 0.1814
update_complete: 64; loss: 53.004441579182945; cumulative_reward: 423.33000000000027; invalid_count: 0; positive_reward_count: 14; success_count: 14; episode_count: 14; random_exploration_count: 22; random_action_prob: 0.1814
make_subtrust -0.017826086956521738 69
move_asset -0.005 24
sell_asset 20.23047619047619 21
give_vesting_power -0.011428571428571429 14
update_start: 65; random_action_prob: 0.1805
update_complete: 65; loss: 55.48930358886719; cumulative_reward: 421.4899999999999; invalid_count: 0; positive_reward_count: 14; success_count: 14; episode_count: 14; random_exploration_count: 19; random_action_prob: 0.1805
make_subtrust -0.02186666666666667 75
move_asset -0.012272727272727274 22
sell_asset 24.923529411764704 17
give_vesting_power -0.02142857142857143 14
update_start: 66; random_action_prob: 0.1796
update_complete: 66; loss: 48.32530085245768; cumulative_reward: 411.7900000000003; invalid_count: 0; positive_reward_count: 14; success_count: 14; episode_count: 14; random_exploration_count: 25; random_action_prob: 0.1796
make_subtrust -0.022 65
move_asset -0.01103448275862069 29
sell_asset 20.688499999999998 20
give_vesting_power -0.016428571428571428 14
update_start: 67; random_action_prob: 0.1787
update_complete: 67; loss: 55.35137430826823; cumulative_reward: 535.2199999999999; invalid_count: 0; positive_reward_count: 17; success_count: 17; episode_count: 17; random_exploration_count: 18; random_action_prob: 0.1787
make_subtrust -0.0195 60
move_asset -0.006551724137931035 29
sell_asset 24.398636363636363 22
give_vesting_power -0.011176470588235295 17
update_start: 68; random_action_prob: 0.1778
update_complete: 68; loss: 48.31273905436198; cumulative_reward: 426.39000000000027; invalid_count: 0; positive_reward_count: 15; success_count: 15; episode_count: 15; random_exploration_count: 22; random_action_prob: 0.1778
make_subtrust -0.022950819672131147 61
move_asset -0.014827586206896552 29
sell_asset 19.482727272727274 22
give_vesting_power -0.024999999999999998 16
update_start: 69; random_action_prob: 0.1769
update_complete: 69; loss: 35.93017450968424; cumulative_reward: 380.3399999999999; invalid_count: 0; positive_reward_count: 15; success_count: 15; episode_count: 15; random_exploration_count: 20; random_action_prob: 0.1769
make_subtrust -0.022166666666666668 60
move_asset -0.017 30
sell_asset 17.387727272727275 22
give_vesting_power -0.021875000000000002 16
update_start: 70; random_action_prob: 0.1760
update_complete: 70; loss: 44.06083679199219; cumulative_reward: 427.1900000000002; invalid_count: 0; positive_reward_count: 17; success_count: 17; episode_count: 17; random_exploration_count: 19; random_action_prob: 0.1760
make_subtrust -0.0221875 64
move_asset -0.02 25
sell_asset 17.43318181818182 22
give_vesting_power 2.6811764705882353 17
update_start: 71; random_action_prob: 0.1751
update_complete: 71; loss: 56.76861826578776; cumulative_reward: 404.11000000000007; invalid_count: 0; positive_reward_count: 11; success_count: 11; episode_count: 11; random_exploration_count: 24; random_action_prob: 0.1751
make_subtrust -0.02618421052631579 76
move_asset -0.01375 24
sell_asset 25.416875 16
give_vesting_power -0.02 12
update_start: 72; random_action_prob: 0.1743
update_complete: 72; loss: 50.862040201822914; cumulative_reward: 492.3500000000005; invalid_count: 0; positive_reward_count: 18; success_count: 18; episode_count: 18; random_exploration_count: 17; random_action_prob: 0.1743
make_subtrust -0.025223880597014924 67
move_asset -0.02826086956521739 23
sell_asset 26.071578947368423 19
give_vesting_power -0.035263157894736843 19
update_start: 73; random_action_prob: 0.1734
update_complete: 73; loss: 35.70674387613932; cumulative_reward: 303.6200000000001; invalid_count: 0; positive_reward_count: 12; success_count: 12; episode_count: 12; random_exploration_count: 30; random_action_prob: 0.1734
make_subtrust -0.028904109589041094 73
move_asset -0.01916666666666667 24
sell_asset 19.164375 16
give_vesting_power -0.029333333333333333 15
update_start: 74; random_action_prob: 0.1725
update_complete: 74; loss: 64.98460642496745; cumulative_reward: 488.0800000000003; invalid_count: 0; positive_reward_count: 14; success_count: 14; episode_count: 14; random_exploration_count: 29; random_action_prob: 0.1725
make_subtrust -0.021714285714285714 70
move_asset -0.002962962962962963 27
sell_asset 30.614375 16
give_vesting_power -0.01 15
update_start: 75; random_action_prob: 0.1717
update_complete: 75; loss: 66.4403559366862; cumulative_reward: 520.5100000000006; invalid_count: 0; positive_reward_count: 16; success_count: 16; episode_count: 17; random_exploration_count: 30; random_action_prob: 0.1717
make_subtrust -0.017547169811320755 53
move_asset -0.006666666666666666 36
sell_asset 27.46526315789474 19
give_vesting_power -0.008 20
update_start: 76; random_action_prob: 0.1708
update_complete: 76; loss: 75.0593973795573; cumulative_reward: 532.7000000000003; invalid_count: 0; positive_reward_count: 16; success_count: 16; episode_count: 16; random_exploration_count: 18; random_action_prob: 0.1708
make_subtrust -0.02074626865671642 67
move_asset -0.0116 25
sell_asset 28.141578947368423 19
give_vesting_power -0.018235294117647058 17
update_start: 77; random_action_prob: 0.1699
update_complete: 77; loss: 80.56407419840495; cumulative_reward: 669.2100000000005; invalid_count: 0; positive_reward_count: 19; success_count: 19; episode_count: 20; random_exploration_count: 27; random_action_prob: 0.1699
make_subtrust -0.016296296296296295 54
move_asset -0.01129032258064516 31
sell_asset 26.0295652173913 23
give_vesting_power 3.5879999999999996 20
update_start: 78; random_action_prob: 0.1691
update_complete: 78; loss: 22.574230829874676; cumulative_reward: 158.06999999999996; invalid_count: 0; positive_reward_count: 7; success_count: 7; episode_count: 7; random_exploration_count: 27; random_action_prob: 0.1691
make_subtrust -0.0210126582278481 79
move_asset -0.0004 25
sell_asset 9.400588235294117 17
give_vesting_power -0.01 7
update_start: 79; random_action_prob: 0.1683
update_complete: 79; loss: 32.88026809692383; cumulative_reward: 281.89000000000004; invalid_count: 0; positive_reward_count: 11; success_count: 11; episode_count: 11; random_exploration_count: 30; random_action_prob: 0.1683
make_subtrust -0.018611111111111113 72
move_asset -0.012083333333333335 24
sell_asset 13.50904761904762 21
give_vesting_power -0.015454545454545455 11
update_start: 80; random_action_prob: 0.1674
update_complete: 80; loss: 31.255720774332683; cumulative_reward: 342.4300000000001; invalid_count: 0; positive_reward_count: 15; success_count: 15; episode_count: 15; random_exploration_count: 23; random_action_prob: 0.1674
make_subtrust -0.01963636363636364 55
move_asset -0.005757575757575757 33
sell_asset 14.325833333333334 24
give_vesting_power -0.007500000000000001 16
update_start: 81; random_action_prob: 0.1666
update_complete: 81; loss: 43.62948226928711; cumulative_reward: 429.0100000000002; invalid_count: 0; positive_reward_count: 17; success_count: 17; episode_count: 17; random_exploration_count: 23; random_action_prob: 0.1666
make_subtrust -0.022203389830508475 59
move_asset -0.006129032258064516 31
sell_asset 20.51142857142857 21
give_vesting_power -0.013529411764705882 17
update_start: 82; random_action_prob: 0.1657
update_complete: 82; loss: 42.10975138346354; cumulative_reward: 471.4900000000001; invalid_count: 0; positive_reward_count: 18; success_count: 18; episode_count: 18; random_exploration_count: 23; random_action_prob: 0.1657
make_subtrust -0.020000000000000004 57
move_asset -0.00375 32
sell_asset 22.517619047619046 21
give_vesting_power -0.006666666666666666 18
update_start: 83; random_action_prob: 0.1649
update_complete: 83; loss: 49.45538075764974; cumulative_reward: 480.9900000000001; invalid_count: 0; positive_reward_count: 18; success_count: 18; episode_count: 19; random_exploration_count: 15; random_action_prob: 0.1649
make_subtrust -0.018269230769230767 52
move_asset -0.012571428571428572 35
sell_asset 21.937727272727273 22
give_vesting_power -0.013157894736842105 19
update_start: 84; random_action_prob: 0.1641
update_complete: 84; loss: 47.70947774251302; cumulative_reward: 445.7100000000003; invalid_count: 0; positive_reward_count: 15; success_count: 15; episode_count: 17; random_exploration_count: 24; random_action_prob: 0.1641
make_subtrust -0.021666666666666664 54
move_asset -0.011714285714285715 35
sell_asset 24.871666666666666 18
give_vesting_power -0.01904761904761905 21
update_start: 85; random_action_prob: 0.1633
update_complete: 85; loss: 58.94697570800781; cumulative_reward: 646.8200000000003; invalid_count: 0; positive_reward_count: 22; success_count: 22; episode_count: 22; random_exploration_count: 15; random_action_prob: 0.1633
make_subtrust -0.014528301886792452 53
move_asset -0.005172413793103448 29
sell_asset 26.99416666666667 24
give_vesting_power -0.005454545454545454 22
update_start: 86; random_action_prob: 0.1625
update_complete: 86; loss: 59.19840876261393; cumulative_reward: 496.77000000000044; invalid_count: 0; positive_reward_count: 16; success_count: 16; episode_count: 16; random_exploration_count: 24; random_action_prob: 0.1625
make_subtrust -0.02112676056338028 71
move_asset -0.01 24
sell_asset 29.17125 16
give_vesting_power 1.8688235294117648 17
update_start: 87; random_action_prob: 0.1616
update_complete: 87; loss: 45.11055374145508; cumulative_reward: 455.4300000000002; invalid_count: 0; positive_reward_count: 17; success_count: 17; episode_count: 17; random_exploration_count: 23; random_action_prob: 0.1616
make_subtrust -0.019166666666666665 60
move_asset -0.00375 32
sell_asset 24.044736842105266 19
give_vesting_power -0.008823529411764706 17
update_start: 88; random_action_prob: 0.1608
update_complete: 88; loss: 47.809014638264976; cumulative_reward: 425.90999999999985; invalid_count: 0; positive_reward_count: 16; success_count: 16; episode_count: 17; random_exploration_count: 20; random_action_prob: 0.1608
make_subtrust -0.0209375 64
move_asset -0.009259259259259259 27
sell_asset 22.511578947368424 19
give_vesting_power -0.012222222222222223 18
update_start: 89; random_action_prob: 0.1600
update_complete: 89; loss: 68.57966613769531; cumulative_reward: 665.9700000000005; invalid_count: 0; positive_reward_count: 21; success_count: 21; episode_count: 21; random_exploration_count: 24; random_action_prob: 0.1600
make_subtrust -0.013673469387755103 49
move_asset -0.00303030303030303 33
sell_asset 26.451666666666668 24
give_vesting_power 1.45 22
update_start: 90; random_action_prob: 0.1592
update_complete: 90; loss: 67.23183186848958; cumulative_reward: 569.4100000000005; invalid_count: 0; positive_reward_count: 17; success_count: 17; episode_count: 17; random_exploration_count: 31; random_action_prob: 0.1592
make_subtrust -0.01631578947368421 57
move_asset -0.007352941176470588 34
sell_asset 29.48944444444444 18
give_vesting_power 2.093684210526316 19
update_start: 91; random_action_prob: 0.1584
update_complete: 91; loss: 36.58736801147461; cumulative_reward: 388.71000000000015; invalid_count: 0; positive_reward_count: 15; success_count: 15; episode_count: 15; random_exploration_count: 20; random_action_prob: 0.1584
make_subtrust -0.02303030303030303 66
move_asset -0.009259259259259259 27
sell_asset 20.563157894736843 19
give_vesting_power -0.01375 16
update_start: 92; random_action_prob: 0.1576
update_complete: 92; loss: 45.78357823689779; cumulative_reward: 475.06000000000006; invalid_count: 0; positive_reward_count: 18; success_count: 18; episode_count: 18; random_exploration_count: 23; random_action_prob: 0.1576
make_subtrust -0.02442622950819672 61
move_asset -0.019655172413793102 29
sell_asset 23.8735 20
give_vesting_power -0.019444444444444445 18
update_start: 93; random_action_prob: 0.1569
update_complete: 93; loss: 45.82296498616537; cumulative_reward: 393.0100000000001; invalid_count: 0; positive_reward_count: 13; success_count: 13; episode_count: 15; random_exploration_count: 23; random_action_prob: 0.1569
make_subtrust -0.02076923076923077 65
move_asset -0.008666666666666666 30
sell_asset 24.676875 16
give_vesting_power -0.012352941176470587 17
update_start: 94; random_action_prob: 0.1561
update_complete: 94; loss: 26.24092165629069; cumulative_reward: 325.91; invalid_count: 0; positive_reward_count: 16; success_count: 16; episode_count: 16; random_exploration_count: 18; random_action_prob: 0.1561
make_subtrust -0.02347826086956522 69
move_asset -0.005416666666666667 24
sell_asset 19.28235294117647 17
give_vesting_power -0.007777777777777778 18
update_start: 95; random_action_prob: 0.1553
update_complete: 95; loss: 48.4527702331543; cumulative_reward: 476.97000000000025; invalid_count: 0; positive_reward_count: 18; success_count: 18; episode_count: 18; random_exploration_count: 19; random_action_prob: 0.1553
make_subtrust -0.016170212765957447 47
move_asset -0.0019444444444444442 36
sell_asset 18.38076923076923 26
give_vesting_power -0.005263157894736842 19
update_start: 96; random_action_prob: 0.1545
update_complete: 96; loss: 54.98386891682943; cumulative_reward: 542.86; invalid_count: 0; positive_reward_count: 19; success_count: 19; episode_count: 19; random_exploration_count: 19; random_action_prob: 0.1545
make_subtrust -0.018518518518518517 54
move_asset -0.0015151515151515152 33
sell_asset 23.905909090909088 22
give_vesting_power 0.946315789473684 19
update_start: 97; random_action_prob: 0.1537
update_complete: 97; loss: 49.94894282023112; cumulative_reward: 488.83000000000027; invalid_count: 0; positive_reward_count: 18; success_count: 18; episode_count: 18; random_exploration_count: 22; random_action_prob: 0.1537
make_subtrust -0.0194 50
move_asset -0.0023684210526315787 38
sell_asset 23.33095238095238 21
give_vesting_power -0.003157894736842105 19
update_start: 98; random_action_prob: 0.1530
update_complete: 98; loss: 41.505627950032554; cumulative_reward: 455.2900000000002; invalid_count: 0; positive_reward_count: 20; success_count: 20; episode_count: 20; random_exploration_count: 20; random_action_prob: 0.1530
make_subtrust -0.014000000000000002 40
move_asset -0.00022222222222222223 45
sell_asset 19.64782608695652 23
give_vesting_power 0.198 20
update_start: 99; random_action_prob: 0.1522
update_complete: 99; loss: 54.287147521972656; cumulative_reward: 510.62000000000023; invalid_count: 0; positive_reward_count: 17; success_count: 17; episode_count: 17; random_exploration_count: 22; random_action_prob: 0.1522
make_subtrust -0.022075471698113205 53
move_asset -0.0023076923076923075 39
sell_asset 28.441666666666666 18
give_vesting_power -0.0038888888888888883 18
2026-07-10T18:11:41 completed distressed_assets run=6 elapsed_seconds=826.30 updates_logged=100
2026-07-10T18:11:41 running distressed_assets run=7 seed=1736
update_start: 0; random_action_prob: 0.2500
update_complete: 0; loss: 0.23488823076089224; cumulative_reward: -1.9300000000000013; invalid_count: 0; positive_reward_count: 0; success_count: 0; episode_count: 3; random_exploration_count: 31; random_action_prob: 0.2500
make_subtrust -0.029242424242424243 66
move_asset 0.0 45
sell_asset 0.0 17
update_start: 1; random_action_prob: 0.2487
update_complete: 1; loss: 0.3554256161053975; cumulative_reward: -1.6700000000000008; invalid_count: 0; positive_reward_count: 0; success_count: 0; episode_count: 7; random_exploration_count: 43; random_action_prob: 0.2487
make_subtrust -0.023000000000000003 50
move_asset -0.006984126984126984 63
sell_asset -0.003 10
give_vesting_power -0.01 5
update_start: 2; random_action_prob: 0.2475
update_complete: 2; loss: 0.43031072119871777; cumulative_reward: -5.119999999999994; invalid_count: 0; positive_reward_count: 0; success_count: 0; episode_count: 8; random_exploration_count: 24; random_action_prob: 0.2475
make_subtrust -0.03103448275862069 58
move_asset -0.04783333333333333 60
sell_asset -0.051250000000000004 8
give_vesting_power -0.02 2
update_start: 3; random_action_prob: 0.2463
update_complete: 3; loss: 0.39604183038075763; cumulative_reward: -4.279999999999994; invalid_count: 0; positive_reward_count: 0; success_count: 0; episode_count: 10; random_exploration_count: 38; random_action_prob: 0.2463
make_subtrust -0.027741935483870966 62
move_asset -0.03913793103448276 58
sell_asset -0.0275 4
give_vesting_power -0.045 4
update_start: 4; random_action_prob: 0.2450
update_complete: 4; loss: 3.9924145539601645; cumulative_reward: 26.769999999999975; invalid_count: 0; positive_reward_count: 1; success_count: 1; episode_count: 9; random_exploration_count: 26; random_action_prob: 0.2450
make_subtrust -0.029733333333333334 75
move_asset -0.036521739130434785 46
sell_asset 30.95 1
give_vesting_power -0.045000000000000005 6
update_start: 5; random_action_prob: 0.2438
update_complete: 5; loss: 8.860102971394857; cumulative_reward: 45.650000000000055; invalid_count: 0; positive_reward_count: 2; success_count: 2; episode_count: 9; random_exploration_count: 36; random_action_prob: 0.2438
make_subtrust -0.031194029850746267 67
move_asset -0.053469387755102044 49
sell_asset 8.446666666666667 6
give_vesting_power -0.05333333333333334 6
update_start: 6; random_action_prob: 0.2426
update_complete: 6; loss: 0.6357653538386027; cumulative_reward: -4.749999999999993; invalid_count: 0; positive_reward_count: 0; success_count: 0; episode_count: 10; random_exploration_count: 19; random_action_prob: 0.2426
make_subtrust -0.029705882352941176 68
move_asset -0.04614035087719299 57
sell_asset -0.025 2
give_vesting_power -0.05 1
update_start: 7; random_action_prob: 0.2414
update_complete: 7; loss: 0.9090444048245748; cumulative_reward: -4.1199999999999966; invalid_count: 0; positive_reward_count: 0; success_count: 0; episode_count: 11; random_exploration_count: 35; random_action_prob: 0.2414
make_subtrust -0.025833333333333333 60
move_asset -0.03709677419354839 62
sell_asset -0.0425 4
give_vesting_power -0.05 2
update_start: 8; random_action_prob: 0.2402
update_complete: 8; loss: 0.4084797700246175; cumulative_reward: -4.379999999999997; invalid_count: 0; positive_reward_count: 0; success_count: 0; episode_count: 10; random_exploration_count: 36; random_action_prob: 0.2402
make_subtrust -0.02766666666666667 60
move_asset -0.040983606557377046 61
sell_asset -0.028333333333333335 6
give_vesting_power -0.05 1
update_start: 9; random_action_prob: 0.2390
update_complete: 9; loss: 0.5434531370798746; cumulative_reward: -5.349999999999998; invalid_count: 0; positive_reward_count: 0; success_count: 0; episode_count: 10; random_exploration_count: 29; random_action_prob: 0.2390
make_subtrust -0.0315625 64
move_asset -0.05271186440677967 59
sell_asset -0.045 4
give_vesting_power -0.04 1
update_start: 10; random_action_prob: 0.2378
update_complete: 10; loss: 0.3265840212504069; cumulative_reward: -5.199999999999993; invalid_count: 0; positive_reward_count: 0; success_count: 0; episode_count: 10; random_exploration_count: 30; random_action_prob: 0.2378
make_subtrust -0.028666666666666667 60
move_asset -0.05016666666666667 60
sell_asset -0.06000000000000001 5
give_vesting_power -0.05666666666666667 3
update_start: 11; random_action_prob: 0.2366
update_complete: 11; loss: 1.2090957562128704; cumulative_reward: 9.770000000000008; invalid_count: 0; positive_reward_count: 1; success_count: 1; episode_count: 9; random_exploration_count: 35; random_action_prob: 0.2366
make_subtrust -0.022714285714285715 70
move_asset -0.02688888888888889 45
sell_asset 1.266 10
give_vesting_power -0.03 3
update_start: 12; random_action_prob: 0.2354
update_complete: 12; loss: 0.5240186850229899; cumulative_reward: -3.119999999999995; invalid_count: 0; positive_reward_count: 0; success_count: 0; episode_count: 10; random_exploration_count: 39; random_action_prob: 0.2354
make_subtrust -0.02174603174603175 63
move_asset -0.0256 50
sell_asset -0.031818181818181815 11
give_vesting_power -0.03 4
update_start: 13; random_action_prob: 0.2342
update_complete: 13; loss: 0.7960567871729533; cumulative_reward: 10.860000000000026; invalid_count: 0; positive_reward_count: 1; success_count: 1; episode_count: 9; random_exploration_count: 38; random_action_prob: 0.2342
make_subtrust -0.02109375 64
move_asset -0.026981132075471696 53
sell_asset 1.5233333333333332 9
give_vesting_power -0.035 2
update_start: 14; random_action_prob: 0.2331
update_complete: 14; loss: 0.15117002030213675; cumulative_reward: -3.6399999999999935; invalid_count: 0; positive_reward_count: 0; success_count: 0; episode_count: 10; random_exploration_count: 25; random_action_prob: 0.2331
make_subtrust -0.020806451612903225 62
move_asset -0.03564516129032258 62
sell_asset -0.035 4
update_start: 15; random_action_prob: 0.2319
update_complete: 15; loss: 0.20156608521938324; cumulative_reward: -3.249999999999996; invalid_count: 0; positive_reward_count: 0; success_count: 0; episode_count: 12; random_exploration_count: 35; random_action_prob: 0.2319
make_subtrust -0.020714285714285713 56
move_asset -0.02934426229508197 61
sell_asset -0.018 5
give_vesting_power -0.034999999999999996 6
update_start: 16; random_action_prob: 0.2307
update_complete: 16; loss: 0.14599731067816415; cumulative_reward: -2.749999999999998; invalid_count: 0; positive_reward_count: 0; success_count: 0; episode_count: 9; random_exploration_count: 32; random_action_prob: 0.2307
make_subtrust -0.02 62
move_asset -0.023448275862068966 58
sell_asset -0.016666666666666666 6
give_vesting_power -0.025 2
update_start: 17; random_action_prob: 0.2296
update_complete: 17; loss: 0.14223251243432364; cumulative_reward: -2.539999999999999; invalid_count: 0; positive_reward_count: 0; success_count: 0; episode_count: 7; random_exploration_count: 31; random_action_prob: 0.2296
make_subtrust -0.02013157894736842 76
move_asset -0.018536585365853658 41
sell_asset -0.027142857142857142 7
give_vesting_power -0.015 4
update_start: 18; random_action_prob: 0.2284
update_complete: 18; loss: 0.09314067661762238; cumulative_reward: -3.3299999999999965; invalid_count: 0; positive_reward_count: 0; success_count: 0; episode_count: 8; random_exploration_count: 36; random_action_prob: 0.2284
make_subtrust -0.021549295774647887 71
move_asset -0.031020408163265307 49
sell_asset -0.037142857142857144 7
give_vesting_power -0.02 1
update_start: 19; random_action_prob: 0.2273
update_complete: 19; loss: 0.05212948098778725; cumulative_reward: -2.719999999999999; invalid_count: 0; positive_reward_count: 0; success_count: 0; episode_count: 10; random_exploration_count: 27; random_action_prob: 0.2273
make_subtrust -0.017846153846153845 65
move_asset -0.024642857142857143 56
sell_asset -0.02666666666666667 6
give_vesting_power -0.02 1
update_start: 20; random_action_prob: 0.2262
update_complete: 20; loss: 0.16824711859226227; cumulative_reward: -2.3099999999999996; invalid_count: 0; positive_reward_count: 0; success_count: 0; episode_count: 9; random_exploration_count: 22; random_action_prob: 0.2262
make_subtrust -0.017636363636363638 55
move_asset -0.01761194029850746 67
sell_asset -0.03 4
give_vesting_power -0.02 2
update_start: 21; random_action_prob: 0.2250
update_complete: 21; loss: 4.041205088297526; cumulative_reward: 41.24000000000001; invalid_count: 0; positive_reward_count: 2; success_count: 2; episode_count: 9; random_exploration_count: 27; random_action_prob: 0.2250
make_subtrust -0.01810344827586207 58
move_asset -0.010491803278688525 61
sell_asset 7.155 6
give_vesting_power 0.0 3
update_start: 22; random_action_prob: 0.2239
update_complete: 22; loss: 0.373685489098231; cumulative_reward: -1.9100000000000015; invalid_count: 0; positive_reward_count: 0; success_count: 0; episode_count: 7; random_exploration_count: 22; random_action_prob: 0.2239
make_subtrust -0.01611111111111111 72
move_asset -0.013469387755102041 49
sell_asset -0.006 5
give_vesting_power -0.03 2
update_start: 23; random_action_prob: 0.2228
update_complete: 23; loss: 8.020760536193848; cumulative_reward: 39.609999999999985; invalid_count: 0; positive_reward_count: 1; success_count: 1; episode_count: 9; random_exploration_count: 26; random_action_prob: 0.2228
make_subtrust -0.016 60
move_asset -0.02129032258064516 62
sell_asset 10.4775 4
give_vesting_power -0.01 2
update_start: 24; random_action_prob: 0.2217
update_complete: 24; loss: 0.33077217141787213; cumulative_reward: -2.5299999999999985; invalid_count: 0; positive_reward_count: 0; success_count: 0; episode_count: 8; random_exploration_count: 31; random_action_prob: 0.2217
make_subtrust -0.018769230769230767 65
move_asset -0.01982456140350877 57
sell_asset -0.03 6
update_start: 25; random_action_prob: 0.2206
update_complete: 25; loss: 0.3518379131952922; cumulative_reward: -1.730000000000001; invalid_count: 0; positive_reward_count: 0; success_count: 0; episode_count: 10; random_exploration_count: 27; random_action_prob: 0.2206
make_subtrust -0.015490196078431374 51
move_asset -0.012602739726027398 73
sell_asset -0.006666666666666667 3
give_vesting_power 0.0 1
update_start: 26; random_action_prob: 0.2195
update_complete: 26; loss: 0.16272804141044617; cumulative_reward: -1.9700000000000013; invalid_count: 0; positive_reward_count: 0; success_count: 0; episode_count: 10; random_exploration_count: 19; random_action_prob: 0.2195
make_subtrust -0.01652173913043478 46
move_asset -0.014285714285714287 77
sell_asset -0.02 4
give_vesting_power -0.03 1
update_start: 27; random_action_prob: 0.2184
update_complete: 27; loss: 0.1895611584186554; cumulative_reward: -2.39; invalid_count: 0; positive_reward_count: 0; success_count: 0; episode_count: 10; random_exploration_count: 26; random_action_prob: 0.2184
make_subtrust -0.01759259259259259 54
move_asset -0.019558823529411767 68
sell_asset -0.006666666666666667 3
give_vesting_power -0.03 3
update_start: 28; random_action_prob: 0.2173
update_complete: 28; loss: 0.5687060952186584; cumulative_reward: 8.290000000000013; invalid_count: 0; positive_reward_count: 1; success_count: 1; episode_count: 9; random_exploration_count: 30; random_action_prob: 0.2173
make_subtrust -0.01846153846153846 52
move_asset -0.010294117647058823 68
sell_asset 1.4214285714285713 7
give_vesting_power 0.0 1
update_start: 29; random_action_prob: 0.2162
update_complete: 29; loss: 0.21982727944850922; cumulative_reward: -1.2300000000000006; invalid_count: 0; positive_reward_count: 0; success_count: 0; episode_count: 8; random_exploration_count: 29; random_action_prob: 0.2162
make_subtrust -0.01660377358490566 53
move_asset -0.004477611940298508 67
sell_asset -0.008333333333333333 6
give_vesting_power 0.0 2
update_start: 30; random_action_prob: 0.2151
update_complete: 30; loss: 1.0610133806864421; cumulative_reward: 13.250000000000004; invalid_count: 0; positive_reward_count: 1; success_count: 1; episode_count: 9; random_exploration_count: 31; random_action_prob: 0.2151
make_subtrust -0.015576923076923078 52
move_asset -0.012686567164179104 67
sell_asset 2.1314285714285712 7
give_vesting_power -0.005 2
update_start: 31; random_action_prob: 0.2140
update_complete: 31; loss: 4.212817033131917; cumulative_reward: 24.87; invalid_count: 0; positive_reward_count: 1; success_count: 1; episode_count: 9; random_exploration_count: 33; random_action_prob: 0.2140
make_subtrust -0.01767857142857143 56
move_asset -0.015483870967741935 62
sell_asset 3.845714285714286 7
give_vesting_power -0.03333333333333333 3
update_start: 32; random_action_prob: 0.2130
update_complete: 32; loss: 0.5132906138896942; cumulative_reward: -1.560000000000001; invalid_count: 0; positive_reward_count: 0; success_count: 0; episode_count: 9; random_exploration_count: 22; random_action_prob: 0.2130
make_subtrust -0.016346153846153847 52
move_asset -0.00986111111111111 72
sell_asset 0.0 3
give_vesting_power 0.0 1
update_start: 33; random_action_prob: 0.2119
update_complete: 33; loss: 12.324463844299316; cumulative_reward: 55.41000000000001; invalid_count: 0; positive_reward_count: 1; success_count: 1; episode_count: 12; random_exploration_count: 27; random_action_prob: 0.2119
make_subtrust -0.00903225806451613 31
move_asset -0.0025555555555555557 90
sell_asset 18.656666666666666 3
give_vesting_power -0.0125 4
update_start: 34; random_action_prob: 0.2108
update_complete: 34; loss: 0.33299752076466876; cumulative_reward: -1.1400000000000008; invalid_count: 0; positive_reward_count: 0; success_count: 0; episode_count: 10; random_exploration_count: 18; random_action_prob: 0.2108
make_subtrust -0.01276595744680851 47
move_asset -0.006282051282051282 78
sell_asset 0.0 1
give_vesting_power -0.025 2
update_start: 35; random_action_prob: 0.2098
update_complete: 35; loss: 0.3311568895975749; cumulative_reward: -1.4800000000000006; invalid_count: 0; positive_reward_count: 0; success_count: 0; episode_count: 10; random_exploration_count: 19; random_action_prob: 0.2098
make_subtrust -0.015294117647058824 51
move_asset -0.00891891891891892 74
sell_asset -0.013333333333333334 3
update_start: 36; random_action_prob: 0.2087
update_complete: 36; loss: 0.46547062198321026; cumulative_reward: -2.1800000000000015; invalid_count: 0; positive_reward_count: 0; success_count: 0; episode_count: 8; random_exploration_count: 29; random_action_prob: 0.2087
make_subtrust -0.016363636363636365 55
move_asset -0.017936507936507935 63
sell_asset -0.014285714285714287 7
give_vesting_power -0.016666666666666666 3
update_start: 37; random_action_prob: 0.2077
update_complete: 37; loss: 5.286484877268474; cumulative_reward: 28.659999999999982; invalid_count: 0; positive_reward_count: 1; success_count: 1; episode_count: 10; random_exploration_count: 22; random_action_prob: 0.2077
make_subtrust -0.014716981132075473 53
move_asset -0.0208955223880597 67
sell_asset 5.148333333333333 6
give_vesting_power -0.025 2
update_start: 38; random_action_prob: 0.2066
update_complete: 38; loss: 0.3021182219187419; cumulative_reward: -1.8500000000000012; invalid_count: 0; positive_reward_count: 0; success_count: 0; episode_count: 10; random_exploration_count: 30; random_action_prob: 0.2066
make_subtrust -0.016458333333333335 48
move_asset -0.01368421052631579 76
sell_asset -0.005 2
give_vesting_power -0.005 2
update_start: 39; random_action_prob: 0.2056
update_complete: 39; loss: 0.35812634229660034; cumulative_reward: -0.9800000000000004; invalid_count: 0; positive_reward_count: 0; success_count: 0; episode_count: 10; random_exploration_count: 25; random_action_prob: 0.2056
make_subtrust -0.01783783783783784 37
move_asset -0.0037349397590361448 83
sell_asset -0.0016666666666666668 6
give_vesting_power 0.0 2
update_start: 40; random_action_prob: 0.2046
update_complete: 40; loss: 0.19186120728651682; cumulative_reward: -1.2000000000000008; invalid_count: 0; positive_reward_count: 0; success_count: 0; episode_count: 9; random_exploration_count: 22; random_action_prob: 0.2046
make_subtrust -0.014761904761904763 42
move_asset -0.006363636363636364 77
sell_asset -0.011428571428571429 7
give_vesting_power -0.005 2
update_start: 41; random_action_prob: 0.2036
update_complete: 41; loss: 0.15583309531211853; cumulative_reward: -1.6300000000000008; invalid_count: 0; positive_reward_count: 0; success_count: 0; episode_count: 9; random_exploration_count: 24; random_action_prob: 0.2036
make_subtrust -0.015833333333333335 48
move_asset -0.010422535211267606 71
sell_asset -0.01 8
give_vesting_power -0.05 1
update_start: 42; random_action_prob: 0.2025
update_complete: 42; loss: 0.2535196940104167; cumulative_reward: -0.9100000000000006; invalid_count: 0; positive_reward_count: 0; success_count: 0; episode_count: 9; random_exploration_count: 32; random_action_prob: 0.2025
make_subtrust -0.013125 48
move_asset -0.003380281690140845 71
sell_asset -0.00375 8
give_vesting_power -0.01 1
update_start: 43; random_action_prob: 0.2015
update_complete: 43; loss: 0.13768745213747025; cumulative_reward: -1.480000000000001; invalid_count: 0; positive_reward_count: 0; success_count: 0; episode_count: 10; random_exploration_count: 27; random_action_prob: 0.2015
make_subtrust -0.016829268292682924 41
move_asset -0.008846153846153846 78
sell_asset -0.006666666666666667 6
give_vesting_power -0.02 3
update_start: 44; random_action_prob: 0.2005
update_complete: 44; loss: 0.10591389487187068; cumulative_reward: -0.8200000000000004; invalid_count: 0; positive_reward_count: 0; success_count: 0; episode_count: 10; random_exploration_count: 19; random_action_prob: 0.2005
make_subtrust -0.01282051282051282 39
move_asset -0.0038095238095238095 84
sell_asset 0.0 4
give_vesting_power 0.0 1
update_start: 45; random_action_prob: 0.1995
update_complete: 45; loss: 0.06994481633106868; cumulative_reward: -0.8800000000000003; invalid_count: 0; positive_reward_count: 0; success_count: 0; episode_count: 7; random_exploration_count: 24; random_action_prob: 0.1995
make_subtrust -0.015 58
move_asset -0.00016666666666666666 60
sell_asset 0.0 10
update_start: 46; random_action_prob: 0.1985
update_complete: 46; loss: 0.11780235668023427; cumulative_reward: -1.1100000000000005; invalid_count: 0; positive_reward_count: 0; success_count: 0; episode_count: 9; random_exploration_count: 28; random_action_prob: 0.1985
make_subtrust -0.012750000000000001 40
move_asset -0.007594936708860759 79
sell_asset 0.0 7
give_vesting_power 0.0 2
update_start: 47; random_action_prob: 0.1975
update_complete: 47; loss: 0.16643517712752023; cumulative_reward: -0.8800000000000004; invalid_count: 0; positive_reward_count: 0; success_count: 0; episode_count: 8; random_exploration_count: 24; random_action_prob: 0.1975
make_subtrust -0.014444444444444446 45
move_asset -0.002948717948717949 78
sell_asset 0.0 5
update_start: 48; random_action_prob: 0.1965
update_complete: 48; loss: 0.4247767428557078; cumulative_reward: -1.4800000000000009; invalid_count: 0; positive_reward_count: 0; success_count: 0; episode_count: 11; random_exploration_count: 25; random_action_prob: 0.1965
make_subtrust -0.014634146341463414 41
move_asset -0.010123456790123456 81
sell_asset 0.0 1
give_vesting_power -0.012 5
update_start: 49; random_action_prob: 0.1956
update_complete: 49; loss: 0.11281274755795796; cumulative_reward: -1.0900000000000005; invalid_count: 0; positive_reward_count: 0; success_count: 0; episode_count: 9; random_exploration_count: 25; random_action_prob: 0.1956
make_subtrust -0.014444444444444446 45
move_asset -0.005263157894736842 76
sell_asset -0.006666666666666667 6
give_vesting_power 0.0 1
update_start: 50; random_action_prob: 0.1946
update_complete: 50; loss: 0.08572692424058914; cumulative_reward: -1.650000000000001; invalid_count: 0; positive_reward_count: 0; success_count: 0; episode_count: 9; random_exploration_count: 24; random_action_prob: 0.1946
make_subtrust -0.017843137254901963 51
move_asset -0.009726027397260273 73
sell_asset -0.0075 4
update_start: 51; random_action_prob: 0.1936
update_complete: 51; loss: 0.061888943115870156; cumulative_reward: -1.3200000000000007; invalid_count: 0; positive_reward_count: 0; success_count: 0; episode_count: 8; random_exploration_count: 24; random_action_prob: 0.1936
make_subtrust -0.01603448275862069 58
move_asset -0.005606060606060606 66
sell_asset 0.0 2
give_vesting_power -0.01 2
update_start: 52; random_action_prob: 0.1926
update_complete: 52; loss: 0.15787906448046365; cumulative_reward: -0.7000000000000002; invalid_count: 0; positive_reward_count: 0; success_count: 0; episode_count: 9; random_exploration_count: 24; random_action_prob: 0.1926
make_subtrust -0.012750000000000001 40
move_asset -0.0021176470588235292 85
sell_asset 0.0 1
give_vesting_power -0.005 2
update_start: 53; random_action_prob: 0.1917
update_complete: 53; loss: 0.09341062108675639; cumulative_reward: -0.8400000000000005; invalid_count: 0; positive_reward_count: 0; success_count: 0; episode_count: 7; random_exploration_count: 20; random_action_prob: 0.1917
make_subtrust -0.013157894736842105 57
move_asset -0.00109375 64
sell_asset -0.0016666666666666668 6
give_vesting_power -0.01 1
update_start: 54; random_action_prob: 0.1907
update_complete: 54; loss: 0.09180434296528499; cumulative_reward: -0.6500000000000004; invalid_count: 0; positive_reward_count: 0; success_count: 0; episode_count: 9; random_exploration_count: 19; random_action_prob: 0.1907
make_subtrust -0.012790697674418606 43
move_asset -0.0010526315789473684 76
sell_asset -0.0025 8
give_vesting_power 0.0 1
update_start: 55; random_action_prob: 0.1898
update_complete: 55; loss: 0.07907725373903911; cumulative_reward: -1.9100000000000013; invalid_count: 0; positive_reward_count: 0; success_count: 0; episode_count: 11; random_exploration_count: 21; random_action_prob: 0.1898
make_subtrust -0.014761904761904763 42
move_asset -0.014878048780487804 82
sell_asset 0.0 1
give_vesting_power -0.02333333333333333 3
update_start: 56; random_action_prob: 0.1888
update_complete: 56; loss: 0.0494244359433651; cumulative_reward: -1.510000000000001; invalid_count: 0; positive_reward_count: 0; success_count: 0; episode_count: 9; random_exploration_count: 28; random_action_prob: 0.1888
make_subtrust -0.016666666666666666 48
move_asset -0.008309859154929577 71
sell_asset -0.018333333333333333 6
give_vesting_power -0.0033333333333333335 3
update_start: 57; random_action_prob: 0.1879
update_complete: 57; loss: 0.06387010961771011; cumulative_reward: -1.2100000000000006; invalid_count: 0; positive_reward_count: 0; success_count: 0; episode_count: 9; random_exploration_count: 29; random_action_prob: 0.1879
make_subtrust -0.015818181818181818 55
move_asset -0.00453125 64
sell_asset -0.00625 8
give_vesting_power 0.0 1
update_start: 58; random_action_prob: 0.1869
update_complete: 58; loss: 0.02211744152009487; cumulative_reward: -1.9400000000000013; invalid_count: 0; positive_reward_count: 0; success_count: 0; episode_count: 9; random_exploration_count: 26; random_action_prob: 0.1869
make_subtrust -0.01576271186440678 59
move_asset -0.014307692307692308 65
sell_asset -0.01 3
give_vesting_power -0.05 1
update_start: 59; random_action_prob: 0.1860
update_complete: 59; loss: 0.0650758370757103; cumulative_reward: -1.2000000000000006; invalid_count: 0; positive_reward_count: 0; success_count: 0; episode_count: 8; random_exploration_count: 26; random_action_prob: 0.1860
make_subtrust -0.015172413793103448 58
move_asset -0.00453125 64
sell_asset 0.0 4
give_vesting_power -0.015 2
update_start: 60; random_action_prob: 0.1851
update_complete: 60; loss: 0.037162924806276955; cumulative_reward: -1.0000000000000004; invalid_count: 0; positive_reward_count: 0; success_count: 0; episode_count: 9; random_exploration_count: 20; random_action_prob: 0.1851
make_subtrust -0.01636363636363636 44
move_asset -0.0035897435897435893 78
sell_asset 0.0 4
give_vesting_power 0.0 2
update_start: 61; random_action_prob: 0.1841
update_complete: 61; loss: 7.458658377329509; cumulative_reward: 39.96; invalid_count: 0; positive_reward_count: 1; success_count: 1; episode_count: 11; random_exploration_count: 22; random_action_prob: 0.1841
make_subtrust -0.012580645161290323 31
move_asset -0.006860465116279069 86
sell_asset 6.828333333333333 6
give_vesting_power -0.006 5
update_start: 62; random_action_prob: 0.1832
update_complete: 62; loss: 0.3567764659722646; cumulative_reward: -0.5400000000000003; invalid_count: 0; positive_reward_count: 0; success_count: 0; episode_count: 10; random_exploration_count: 27; random_action_prob: 0.1832
make_subtrust -0.011666666666666665 30
move_asset -0.001931818181818182 88
sell_asset -0.002857142857142857 7
give_vesting_power 0.0 3
update_start: 63; random_action_prob: 0.1823
update_complete: 63; loss: 0.20770660291115442; cumulative_reward: -0.7400000000000003; invalid_count: 0; positive_reward_count: 0; success_count: 0; episode_count: 10; random_exploration_count: 25; random_action_prob: 0.1823
make_subtrust -0.0125 32
move_asset -0.003411764705882353 85
sell_asset -0.005 8
give_vesting_power -0.0033333333333333335 3
update_start: 64; random_action_prob: 0.1814
update_complete: 64; loss: 0.1984094778696696; cumulative_reward: -2.19; invalid_count: 0; positive_reward_count: 0; success_count: 0; episode_count: 6; random_exploration_count: 30; random_action_prob: 0.1814
make_subtrust -0.017384615384615387 65
move_asset -0.017777777777777778 54
sell_asset -0.00625 8
give_vesting_power -0.05 1
update_start: 65; random_action_prob: 0.1805
update_complete: 65; loss: 7.5137894948323565; cumulative_reward: 37.16999999999998; invalid_count: 0; positive_reward_count: 1; success_count: 1; episode_count: 10; random_exploration_count: 24; random_action_prob: 0.1805
make_subtrust -0.012432432432432434 37
move_asset -0.0037037037037037034 81
sell_asset -0.006666666666666666 9
give_vesting_power 37.99 1
update_start: 66; random_action_prob: 0.1796
update_complete: 66; loss: 0.1381810555855433; cumulative_reward: -0.9000000000000004; invalid_count: 0; positive_reward_count: 0; success_count: 0; episode_count: 9; random_exploration_count: 21; random_action_prob: 0.1796
make_subtrust -0.014772727272727272 44
move_asset -0.003205128205128205 78
sell_asset 0.0 5
give_vesting_power 0.0 1
update_start: 67; random_action_prob: 0.1787
update_complete: 67; loss: 0.16363968948523203; cumulative_reward: -0.6100000000000002; invalid_count: 0; positive_reward_count: 0; success_count: 0; episode_count: 10; random_exploration_count: 20; random_action_prob: 0.1787
make_subtrust -0.013783783783783784 37
move_asset -0.0011904761904761906 84
sell_asset 0.0 6
give_vesting_power 0.0 1
update_start: 68; random_action_prob: 0.1778
update_complete: 68; loss: 0.039072991659243904; cumulative_reward: -0.9600000000000006; invalid_count: 0; positive_reward_count: 0; success_count: 0; episode_count: 9; random_exploration_count: 18; random_action_prob: 0.1778
make_subtrust -0.013750000000000002 40
move_asset -0.005 82
sell_asset 0.0 4
give_vesting_power 0.0 2
update_start: 69; random_action_prob: 0.1769
update_complete: 69; loss: 0.36190375685691833; cumulative_reward: 8.460000000000004; invalid_count: 0; positive_reward_count: 1; success_count: 1; episode_count: 11; random_exploration_count: 20; random_action_prob: 0.1769
make_subtrust -0.012 30
move_asset -0.001978021978021978 91
sell_asset 1.5 6
give_vesting_power 0.0 1
update_start: 70; random_action_prob: 0.1760
update_complete: 70; loss: 0.5170377095540365; cumulative_reward: 9.11; invalid_count: 0; positive_reward_count: 1; success_count: 1; episode_count: 9; random_exploration_count: 21; random_action_prob: 0.1760
make_subtrust -0.022307692307692306 39
move_asset -0.0002380952380952381 84
sell_asset 2.5 4
give_vesting_power 0.0 1
update_start: 71; random_action_prob: 0.1751
update_complete: 71; loss: 0.11190969000260036; cumulative_reward: -1.0200000000000005; invalid_count: 0; positive_reward_count: 0; success_count: 0; episode_count: 10; random_exploration_count: 18; random_action_prob: 0.1751
make_subtrust -0.0235 40
move_asset -0.000963855421686747 83
sell_asset 0.0 4
give_vesting_power 0.0 1
update_start: 72; random_action_prob: 0.1743
update_complete: 72; loss: 0.06600440169374149; cumulative_reward: -0.9200000000000002; invalid_count: 0; positive_reward_count: 0; success_count: 0; episode_count: 9; random_exploration_count: 21; random_action_prob: 0.1743
make_subtrust -0.021538461538461538 39
move_asset -0.0009876543209876543 81
sell_asset 0.0 5
give_vesting_power 0.0 3
update_start: 73; random_action_prob: 0.1734
update_complete: 73; loss: 0.05285545438528061; cumulative_reward: -1.2900000000000007; invalid_count: 0; positive_reward_count: 0; success_count: 0; episode_count: 9; random_exploration_count: 17; random_action_prob: 0.1734
make_subtrust -0.024 50
move_asset -0.00125 72
sell_asset 0.0 4
give_vesting_power 0.0 2
update_start: 74; random_action_prob: 0.1725
update_complete: 74; loss: 0.11370726674795151; cumulative_reward: -0.7800000000000002; invalid_count: 0; positive_reward_count: 0; success_count: 0; episode_count: 10; random_exploration_count: 29; random_action_prob: 0.1725
make_subtrust -0.01810810810810811 37
move_asset -0.0009523809523809524 84
sell_asset -0.006 5
give_vesting_power 0.0 2
update_start: 75; random_action_prob: 0.1717
update_complete: 75; loss: 0.06596683089931805; cumulative_reward: -0.9300000000000005; invalid_count: 0; positive_reward_count: 0; success_count: 0; episode_count: 9; random_exploration_count: 18; random_action_prob: 0.1717
make_subtrust -0.0195 40
move_asset -0.001686746987951807 83
sell_asset -0.0033333333333333335 3
give_vesting_power 0.0 2
update_start: 76; random_action_prob: 0.1708
update_complete: 76; loss: 0.0411313200990359; cumulative_reward: -0.6700000000000003; invalid_count: 0; positive_reward_count: 0; success_count: 0; episode_count: 11; random_exploration_count: 19; random_action_prob: 0.1708
make_subtrust -0.017857142857142856 28
move_asset -0.0015555555555555555 90
sell_asset -0.00375 8
give_vesting_power 0.0 2
update_start: 77; random_action_prob: 0.1699
update_complete: 77; loss: 0.14807085692882538; cumulative_reward: -0.7800000000000002; invalid_count: 0; positive_reward_count: 0; success_count: 0; episode_count: 11; random_exploration_count: 21; random_action_prob: 0.1699
make_subtrust -0.016071428571428573 28
move_asset -0.0031868131868131866 91
sell_asset -0.004285714285714286 7
give_vesting_power -0.005 2
update_start: 78; random_action_prob: 0.1691
update_complete: 78; loss: 0.05073107033967972; cumulative_reward: -1.3900000000000006; invalid_count: 0; positive_reward_count: 0; success_count: 0; episode_count: 7; random_exploration_count: 27; random_action_prob: 0.1691
make_subtrust -0.0228 50
move_asset -0.0035714285714285713 70
sell_asset 0.0 7
give_vesting_power 0.0 1
update_start: 79; random_action_prob: 0.1683
update_complete: 79; loss: 0.13091157376766205; cumulative_reward: -1.2800000000000007; invalid_count: 0; positive_reward_count: 0; success_count: 0; episode_count: 9; random_exploration_count: 27; random_action_prob: 0.1683
make_subtrust -0.023555555555555555 45
move_asset -0.0024 75
sell_asset -0.005 8
update_start: 80; random_action_prob: 0.1674
update_complete: 80; loss: 0.03008437529206276; cumulative_reward: -1.4300000000000008; invalid_count: 0; positive_reward_count: 0; success_count: 0; episode_count: 10; random_exploration_count: 22; random_action_prob: 0.1674
make_subtrust -0.022564102564102566 39
move_asset -0.006352941176470589 85
sell_asset -0.0033333333333333335 3
give_vesting_power 0.0 1
update_start: 81; random_action_prob: 0.1666
update_complete: 81; loss: 5.887330849965413; cumulative_reward: 33.75000000000002; invalid_count: 0; positive_reward_count: 1; success_count: 1; episode_count: 8; random_exploration_count: 25; random_action_prob: 0.1666
make_subtrust -0.025869565217391303 46
move_asset -0.0007999999999999999 75
sell_asset 7.0 5
give_vesting_power 0.0 2
update_start: 82; random_action_prob: 0.1657
update_complete: 82; loss: 0.38967209060986835; cumulative_reward: -0.6700000000000002; invalid_count: 0; positive_reward_count: 0; success_count: 0; episode_count: 10; random_exploration_count: 21; random_action_prob: 0.1657
make_subtrust -0.017575757575757578 33
move_asset -0.0010112359550561798 89
sell_asset 0.0 4
give_vesting_power 0.0 2
update_start: 83; random_action_prob: 0.1649
update_complete: 83; loss: 0.185069739818573; cumulative_reward: -0.9900000000000004; invalid_count: 0; positive_reward_count: 0; success_count: 0; episode_count: 9; random_exploration_count: 19; random_action_prob: 0.1649
make_subtrust -0.023023255813953487 43
move_asset 0.0 76
sell_asset 0.0 7
give_vesting_power 0.0 2
update_start: 84; random_action_prob: 0.1641
update_complete: 84; loss: 0.22476046780745187; cumulative_reward: -0.9000000000000004; invalid_count: 0; positive_reward_count: 0; success_count: 0; episode_count: 9; random_exploration_count: 22; random_action_prob: 0.1641
make_subtrust -0.020606060606060607 33
move_asset -0.0021111111111111113 90
sell_asset -0.0075 4
give_vesting_power 0.0 1
update_start: 85; random_action_prob: 0.1633
update_complete: 85; loss: 4.3573001225789385; cumulative_reward: 26.11999999999998; invalid_count: 0; positive_reward_count: 1; success_count: 1; episode_count: 10; random_exploration_count: 27; random_action_prob: 0.1633
make_subtrust -0.01975609756097561 41
move_asset -0.000945945945945946 74
sell_asset 2.7 10
give_vesting_power 0.0 3
update_start: 86; random_action_prob: 0.1625
update_complete: 86; loss: 0.2994906355937322; cumulative_reward: -0.5900000000000001; invalid_count: 0; positive_reward_count: 0; success_count: 0; episode_count: 9; random_exploration_count: 23; random_action_prob: 0.1625
make_subtrust -0.016764705882352942 34
move_asset -0.00022727272727272727 88
sell_asset 0.0 5
give_vesting_power 0.0 1
update_start: 87; random_action_prob: 0.1616
update_complete: 87; loss: 0.290855993827184; cumulative_reward: -0.9800000000000004; invalid_count: 0; positive_reward_count: 0; success_count: 0; episode_count: 10; random_exploration_count: 18; random_action_prob: 0.1616
make_subtrust -0.02305555555555556 36
move_asset -0.0014117647058823528 85
sell_asset -0.006 5
give_vesting_power 0.0 2
update_start: 88; random_action_prob: 0.1608
update_complete: 88; loss: 0.2888742784659068; cumulative_reward: -1.0600000000000007; invalid_count: 0; positive_reward_count: 0; success_count: 0; episode_count: 9; random_exploration_count: 25; random_action_prob: 0.1608
make_subtrust -0.02170212765957447 47
move_asset -0.000547945205479452 73
sell_asset 0.0 5
give_vesting_power 0.0 3
update_start: 89; random_action_prob: 0.1600
update_complete: 89; loss: 0.21451006829738617; cumulative_reward: -1.3100000000000007; invalid_count: 0; positive_reward_count: 0; success_count: 0; episode_count: 8; random_exploration_count: 21; random_action_prob: 0.1600
make_subtrust -0.02288888888888889 45
move_asset -0.0035526315789473684 76
sell_asset -0.002 5
give_vesting_power 0.0 2
update_start: 90; random_action_prob: 0.1592
update_complete: 90; loss: 0.17827636996905008; cumulative_reward: -1.2100000000000006; invalid_count: 0; positive_reward_count: 0; success_count: 0; episode_count: 10; random_exploration_count: 23; random_action_prob: 0.1592
make_subtrust -0.020999999999999998 40
move_asset -0.003855421686746988 83
sell_asset -0.0075 4
give_vesting_power -0.02 1
update_start: 91; random_action_prob: 0.1584
update_complete: 91; loss: 0.10580042749643326; cumulative_reward: -1.1700000000000006; invalid_count: 0; positive_reward_count: 0; success_count: 0; episode_count: 9; random_exploration_count: 23; random_action_prob: 0.1584
make_subtrust -0.02116279069767442 43
move_asset -0.002875 80
sell_asset -0.0075 4
give_vesting_power 0.0 1
update_start: 92; random_action_prob: 0.1576
update_complete: 92; loss: 0.09484430899222691; cumulative_reward: -1.0200000000000005; invalid_count: 0; positive_reward_count: 0; success_count: 0; episode_count: 11; random_exploration_count: 18; random_action_prob: 0.1576
make_subtrust -0.020294117647058824 34
move_asset -0.0034482758620689655 87
sell_asset -0.006 5
give_vesting_power 0.0 2
update_start: 93; random_action_prob: 0.1569
update_complete: 93; loss: 0.1369193842013677; cumulative_reward: -1.2400000000000007; invalid_count: 0; positive_reward_count: 0; success_count: 0; episode_count: 10; random_exploration_count: 20; random_action_prob: 0.1569
make_subtrust -0.020731707317073172 41
move_asset -0.0036585365853658534 82
sell_asset -0.02333333333333333 3
give_vesting_power -0.01 2
update_start: 94; random_action_prob: 0.1561
update_complete: 94; loss: 0.03775841370224953; cumulative_reward: -0.8200000000000003; invalid_count: 0; positive_reward_count: 0; success_count: 0; episode_count: 10; random_exploration_count: 13; random_action_prob: 0.1561
make_subtrust -0.019736842105263157 38
move_asset -0.0008333333333333334 84
sell_asset 0.0 6
update_start: 95; random_action_prob: 0.1553
update_complete: 95; loss: 0.06413858383893967; cumulative_reward: -1.1200000000000003; invalid_count: 0; positive_reward_count: 0; success_count: 0; episode_count: 10; random_exploration_count: 26; random_action_prob: 0.1553
make_subtrust -0.02181818181818182 44
move_asset -0.0017333333333333335 75
sell_asset -0.003333333333333333 9
update_start: 96; random_action_prob: 0.1545
update_complete: 96; loss: 0.13985855877399445; cumulative_reward: 2.05; invalid_count: 0; positive_reward_count: 1; success_count: 1; episode_count: 10; random_exploration_count: 12; random_action_prob: 0.1545
make_subtrust -0.02225 40
move_asset -0.0006024096385542169 83
sell_asset 0.0 3
give_vesting_power 1.495 2
update_start: 97; random_action_prob: 0.1537
update_complete: 97; loss: 0.16018598775068918; cumulative_reward: 1.3299999999999996; invalid_count: 0; positive_reward_count: 1; success_count: 1; episode_count: 10; random_exploration_count: 23; random_action_prob: 0.1537
make_subtrust -0.018823529411764708 34
move_asset -0.00023529411764705883 85
sell_asset 0.2842857142857143 7
give_vesting_power 0.0 2
update_start: 98; random_action_prob: 0.1530
update_complete: 98; loss: 0.06288900226354599; cumulative_reward: -1.670000000000001; invalid_count: 0; positive_reward_count: 0; success_count: 0; episode_count: 9; random_exploration_count: 27; random_action_prob: 0.1530
make_subtrust -0.023653846153846154 52
move_asset -0.006285714285714286 70
sell_asset 0.0 4
give_vesting_power 0.0 2
update_start: 99; random_action_prob: 0.1522
update_complete: 99; loss: 0.0339410329858462; cumulative_reward: -1.0100000000000005; invalid_count: 0; positive_reward_count: 0; success_count: 0; episode_count: 9; random_exploration_count: 14; random_action_prob: 0.1522
make_subtrust -0.020714285714285713 42
move_asset -0.001375 80
sell_asset 0.0 3
give_vesting_power -0.01 3
2026-07-10T18:25:39 completed distressed_assets run=7 elapsed_seconds=838.05 updates_logged=100
2026-07-10T18:25:39 running distressed_assets run=8 seed=1737
update_start: 0; random_action_prob: 0.2500
update_complete: 0; loss: 9.114732424418131; cumulative_reward: 111.42999999999996; invalid_count: 0; positive_reward_count: 6; success_count: 6; episode_count: 6; random_exploration_count: 35; random_action_prob: 0.2500
make_subtrust -0.021842105263157895 76
move_asset -0.0336 25
sell_asset 5.434285714285714 21
give_vesting_power -0.03166666666666667 6
update_start: 1; random_action_prob: 0.2487
update_complete: 1; loss: 29.590869267781574; cumulative_reward: 181.95999999999998; invalid_count: 0; positive_reward_count: 8; success_count: 8; episode_count: 8; random_exploration_count: 32; random_action_prob: 0.2487
make_subtrust -0.018472222222222223 72
move_asset -0.030384615384615385 26
sell_asset 9.2195 20
give_vesting_power -0.031 10
update_start: 2; random_action_prob: 0.2475
update_complete: 2; loss: 36.01234563191732; cumulative_reward: 217.4800000000001; invalid_count: 0; positive_reward_count: 7; success_count: 7; episode_count: 8; random_exploration_count: 35; random_action_prob: 0.2475
make_subtrust -0.02123456790123457 81
move_asset -0.03590909090909091 22
sell_asset 14.694666666666668 15
give_vesting_power -0.043000000000000003 10
update_start: 3; random_action_prob: 0.2463
update_complete: 3; loss: 24.042429606119793; cumulative_reward: 200.17000000000002; invalid_count: 0; positive_reward_count: 9; success_count: 9; episode_count: 9; random_exploration_count: 33; random_action_prob: 0.2463
make_subtrust -0.024939759036144576 83
move_asset -0.037368421052631585 19
sell_asset 11.961764705882352 17
give_vesting_power -0.044444444444444446 9
update_start: 4; random_action_prob: 0.2450
update_complete: 4; loss: 38.48650868733724; cumulative_reward: 319.2700000000002; invalid_count: 0; positive_reward_count: 12; success_count: 12; episode_count: 12; random_exploration_count: 34; random_action_prob: 0.2450
make_subtrust -0.023043478260869565 69
move_asset -0.0332 25
sell_asset 16.1135 20
give_vesting_power -0.04142857142857143 14
update_start: 5; random_action_prob: 0.2438
update_complete: 5; loss: 62.98699696858724; cumulative_reward: 392.1600000000002; invalid_count: 0; positive_reward_count: 12; success_count: 12; episode_count: 12; random_exploration_count: 28; random_action_prob: 0.2438
make_subtrust -0.025952380952380956 84
move_asset -0.06058823529411765 17
sell_asset 25.44142857142857 14
give_vesting_power 3.0146153846153845 13
update_start: 6; random_action_prob: 0.2426
update_complete: 6; loss: 13.859681765238443; cumulative_reward: 189.40000000000012; invalid_count: 0; positive_reward_count: 11; success_count: 11; episode_count: 11; random_exploration_count: 41; random_action_prob: 0.2426
make_subtrust -0.026962025316455696 79
move_asset -0.049523809523809526 21
sell_asset 10.079375 16
give_vesting_power 2.608333333333333 12
update_start: 7; random_action_prob: 0.2414
update_complete: 7; loss: 49.018811543782554; cumulative_reward: 369.30000000000024; invalid_count: 0; positive_reward_count: 12; success_count: 12; episode_count: 13; random_exploration_count: 31; random_action_prob: 0.2414
make_subtrust -0.027323943661971835 71
move_asset -0.047200000000000006 25
sell_asset 20.729444444444443 18
give_vesting_power -0.05071428571428572 14
update_start: 8; random_action_prob: 0.2402
update_complete: 8; loss: 30.326953887939453; cumulative_reward: 285.03999999999996; invalid_count: 0; positive_reward_count: 13; success_count: 13; episode_count: 13; random_exploration_count: 19; random_action_prob: 0.2402
make_subtrust -0.026710526315789476 76
move_asset -0.0561904761904762 21
sell_asset 17.002352941176472 17
give_vesting_power -0.05642857142857143 14
update_start: 9; random_action_prob: 0.2390
update_complete: 9; loss: 63.315826416015625; cumulative_reward: 403.21999999999974; invalid_count: 0; positive_reward_count: 12; success_count: 12; episode_count: 12; random_exploration_count: 26; random_action_prob: 0.2390
make_subtrust -0.02144736842105263 76
move_asset -0.04 21
sell_asset 23.897058823529413 17
give_vesting_power -0.04 14
update_start: 10; random_action_prob: 0.2378
update_complete: 10; loss: 54.399539947509766; cumulative_reward: 394.05000000000024; invalid_count: 0; positive_reward_count: 12; success_count: 12; episode_count: 12; random_exploration_count: 31; random_action_prob: 0.2378
make_subtrust -0.024078947368421054 76
move_asset -0.03727272727272728 22
sell_asset 19.62777777777778 18
give_vesting_power 3.6166666666666667 12
update_start: 11; random_action_prob: 0.2366
update_complete: 11; loss: 45.697104136149086; cumulative_reward: 363.4999999999999; invalid_count: 0; positive_reward_count: 13; success_count: 13; episode_count: 13; random_exploration_count: 32; random_action_prob: 0.2366
make_subtrust -0.02291139240506329 79
move_asset -0.03052631578947369 19
sell_asset 21.553529411764707 17
give_vesting_power -0.04 13
update_start: 12; random_action_prob: 0.2354
update_complete: 12; loss: 33.199729919433594; cumulative_reward: 282.6700000000002; invalid_count: 0; positive_reward_count: 10; success_count: 10; episode_count: 10; random_exploration_count: 33; random_action_prob: 0.2354
make_subtrust -0.022692307692307692 78
move_asset -0.02857142857142857 21
sell_asset 15.860555555555557 18
give_vesting_power -0.04090909090909091 11
update_start: 13; random_action_prob: 0.2342
update_complete: 13; loss: 48.328863779703774; cumulative_reward: 249.08999999999992; invalid_count: 0; positive_reward_count: 8; success_count: 8; episode_count: 9; random_exploration_count: 29; random_action_prob: 0.2342
make_subtrust -0.02346153846153846 78
move_asset -0.04 22
sell_asset 14.841176470588236 17
give_vesting_power -0.045454545454545456 11
update_start: 14; random_action_prob: 0.2331
update_complete: 14; loss: 34.55646769205729; cumulative_reward: 266.03; invalid_count: 0; positive_reward_count: 9; success_count: 9; episode_count: 9; random_exploration_count: 38; random_action_prob: 0.2331
make_subtrust -0.021374999999999998 80
move_asset -0.023181818181818182 22
sell_asset 13.47375 16
give_vesting_power 5.267 10
update_start: 15; random_action_prob: 0.2319
update_complete: 15; loss: 42.653708140055336; cumulative_reward: 316.3400000000001; invalid_count: 0; positive_reward_count: 11; success_count: 11; episode_count: 11; random_exploration_count: 27; random_action_prob: 0.2319
make_subtrust -0.019629629629629632 81
move_asset -0.042 20
sell_asset 22.80857142857143 14
give_vesting_power -0.04230769230769231 13
update_start: 16; random_action_prob: 0.2307
update_complete: 16; loss: 27.228007634480793; cumulative_reward: 253.65999999999988; invalid_count: 0; positive_reward_count: 10; success_count: 10; episode_count: 10; random_exploration_count: 26; random_action_prob: 0.2307
make_subtrust -0.024933333333333335 75
move_asset -0.03909090909090909 22
sell_asset 14.28111111111111 18
give_vesting_power -0.05153846153846154 13
update_start: 17; random_action_prob: 0.2296
update_complete: 17; loss: 49.58786646525065; cumulative_reward: 311.97; invalid_count: 0; positive_reward_count: 12; success_count: 12; episode_count: 12; random_exploration_count: 39; random_action_prob: 0.2296
make_subtrust -0.023846153846153847 78
move_asset -0.0385 20
sell_asset 18.54294117647059 17
give_vesting_power -0.04846153846153846 13
update_start: 18; random_action_prob: 0.2284
update_complete: 18; loss: 53.20260747273763; cumulative_reward: 470.9900000000002; invalid_count: 0; positive_reward_count: 15; success_count: 15; episode_count: 15; random_exploration_count: 39; random_action_prob: 0.2284
make_subtrust -0.022794117647058826 68
move_asset -0.037083333333333336 24
sell_asset 23.7055 20
give_vesting_power -0.0425 16
update_start: 19; random_action_prob: 0.2273
update_complete: 19; loss: 39.18426767985026; cumulative_reward: 320.05999999999983; invalid_count: 0; positive_reward_count: 12; success_count: 12; episode_count: 12; random_exploration_count: 25; random_action_prob: 0.2273
make_subtrust -0.02131578947368421 76
move_asset -0.04095238095238095 21
sell_asset 19.01 17
give_vesting_power -0.045 14
update_start: 20; random_action_prob: 0.2262
update_complete: 20; loss: 31.660741170247395; cumulative_reward: 261.8699999999999; invalid_count: 0; positive_reward_count: 10; success_count: 10; episode_count: 10; random_exploration_count: 31; random_action_prob: 0.2262
make_subtrust -0.024666666666666667 75
move_asset -0.03791666666666667 24
sell_asset 14.541764705882354 17
give_vesting_power 1.4516666666666664 12
update_start: 21; random_action_prob: 0.2250
update_complete: 21; loss: 29.784170786539715; cumulative_reward: 241.1099999999999; invalid_count: 0; positive_reward_count: 11; success_count: 11; episode_count: 11; random_exploration_count: 26; random_action_prob: 0.2250
make_subtrust -0.023896103896103898 77
move_asset -0.0345 20
sell_asset 13.56611111111111 18
give_vesting_power -0.04230769230769231 13
update_start: 22; random_action_prob: 0.2239
update_complete: 22; loss: 41.82488250732422; cumulative_reward: 357.04; invalid_count: 0; positive_reward_count: 14; success_count: 14; episode_count: 14; random_exploration_count: 36; random_action_prob: 0.2239
make_subtrust -0.02575342465753425 73
move_asset -0.03363636363636364 22
sell_asset 20.01388888888889 18
give_vesting_power -0.03933333333333334 15
update_start: 23; random_action_prob: 0.2228
update_complete: 23; loss: 17.45860417683919; cumulative_reward: 144.71000000000006; invalid_count: 0; positive_reward_count: 7; success_count: 7; episode_count: 11; random_exploration_count: 24; random_action_prob: 0.2228
make_subtrust -0.031447368421052634 76
move_asset -0.05692307692307693 26
sell_asset 16.626666666666665 9
give_vesting_power -0.06235294117647059 17
update_start: 24; random_action_prob: 0.2217
update_complete: 24; loss: 37.94027328491211; cumulative_reward: 233.0700000000001; invalid_count: 0; positive_reward_count: 9; success_count: 9; episode_count: 10; random_exploration_count: 34; random_action_prob: 0.2217
make_subtrust -0.030266666666666667 75
move_asset -0.044800000000000006 25
sell_asset 15.819333333333335 15
give_vesting_power -0.06384615384615386 13
update_start: 25; random_action_prob: 0.2206
update_complete: 25; loss: 37.24813334147135; cumulative_reward: 328.2400000000001; invalid_count: 0; positive_reward_count: 12; success_count: 12; episode_count: 14; random_exploration_count: 28; random_action_prob: 0.2206
make_subtrust -0.03090909090909091 66
move_asset -0.04379310344827586 29
sell_asset 20.775 16
give_vesting_power -0.05 17
update_start: 26; random_action_prob: 0.2195
update_complete: 26; loss: 54.24063364664713; cumulative_reward: 409.89000000000027; invalid_count: 0; positive_reward_count: 13; success_count: 13; episode_count: 13; random_exploration_count: 25; random_action_prob: 0.2195
make_subtrust -0.031445783132530124 83
move_asset -0.05500000000000001 16
sell_asset 27.612666666666666 15
give_vesting_power -0.057857142857142864 14
update_start: 27; random_action_prob: 0.2184
update_complete: 27; loss: 26.886202494303387; cumulative_reward: 257.1800000000002; invalid_count: 0; positive_reward_count: 10; success_count: 10; episode_count: 11; random_exploration_count: 27; random_action_prob: 0.2184
make_subtrust -0.031506849315068496 73
move_asset -0.04130434782608696 23
sell_asset 13.75 19
give_vesting_power -0.06307692307692309 13
update_start: 28; random_action_prob: 0.2173
update_complete: 28; loss: 44.49331283569336; cumulative_reward: 286.27999999999975; invalid_count: 0; positive_reward_count: 11; success_count: 11; episode_count: 12; random_exploration_count: 30; random_action_prob: 0.2173
make_subtrust -0.02736111111111111 72
move_asset -0.048799999999999996 25
sell_asset 20.737142857142857 14
give_vesting_power -0.05 17
update_start: 29; random_action_prob: 0.2162
update_complete: 29; loss: 34.47473653157552; cumulative_reward: 278.57; invalid_count: 0; positive_reward_count: 10; success_count: 10; episode_count: 13; random_exploration_count: 22; random_action_prob: 0.2162
make_subtrust -0.02890625 64
move_asset -0.0403125 32
sell_asset 21.736923076923077 13
give_vesting_power -0.04578947368421053 19
update_start: 30; random_action_prob: 0.2151
update_complete: 30; loss: 31.503313700358074; cumulative_reward: 197.33000000000013; invalid_count: 0; positive_reward_count: 8; success_count: 8; episode_count: 10; random_exploration_count: 24; random_action_prob: 0.2151
make_subtrust -0.02948717948717949 78
move_asset -0.044583333333333336 24
sell_asset 18.315454545454546 11
give_vesting_power -0.051333333333333335 15
update_start: 31; random_action_prob: 0.2140
update_complete: 31; loss: 39.52392323811849; cumulative_reward: 302.17000000000013; invalid_count: 0; positive_reward_count: 10; success_count: 10; episode_count: 12; random_exploration_count: 25; random_action_prob: 0.2140
make_subtrust -0.02689189189189189 74
move_asset -0.0516 25
sell_asset 20.41 15
give_vesting_power -0.05 14
update_start: 32; random_action_prob: 0.2130
update_complete: 32; loss: 45.4723154703776; cumulative_reward: 394.51000000000016; invalid_count: 0; positive_reward_count: 13; success_count: 13; episode_count: 15; random_exploration_count: 38; random_action_prob: 0.2130
make_subtrust -0.027894736842105264 76
move_asset -0.0445 20
sell_asset 24.891875 16
give_vesting_power -0.046875 16
update_start: 33; random_action_prob: 0.2119
update_complete: 33; loss: 29.080809275309246; cumulative_reward: 269.8400000000002; invalid_count: 0; positive_reward_count: 11; success_count: 11; episode_count: 12; random_exploration_count: 33; random_action_prob: 0.2119
make_subtrust -0.027941176470588237 68
move_asset -0.034482758620689655 29
sell_asset 17.086875 16
give_vesting_power -0.043333333333333335 15
update_start: 34; random_action_prob: 0.2108
update_complete: 34; loss: 28.092050552368164; cumulative_reward: 191.80000000000015; invalid_count: 0; positive_reward_count: 7; success_count: 7; episode_count: 9; random_exploration_count: 24; random_action_prob: 0.2108
make_subtrust -0.03234567901234568 81
move_asset -0.0561904761904762 21
sell_asset 17.86181818181818 11
give_vesting_power -0.05866666666666667 15
update_start: 35; random_action_prob: 0.2098
update_complete: 35; loss: 39.12326176961263; cumulative_reward: 342.9400000000003; invalid_count: 0; positive_reward_count: 13; success_count: 13; episode_count: 13; random_exploration_count: 21; random_action_prob: 0.2098
make_subtrust -0.03093333333333333 75
move_asset -0.02857142857142857 21
sell_asset 16.180526315789475 19
give_vesting_power 2.956153846153846 13
update_start: 36; random_action_prob: 0.2087
update_complete: 36; loss: 28.959439595540363; cumulative_reward: 236.69000000000005; invalid_count: 0; positive_reward_count: 10; success_count: 10; episode_count: 10; random_exploration_count: 24; random_action_prob: 0.2087
make_subtrust -0.031875 80
move_asset -0.0335 20
sell_asset 16.032666666666668 15
give_vesting_power -0.04461538461538462 13
update_start: 37; random_action_prob: 0.2077
update_complete: 37; loss: 30.494978586832683; cumulative_reward: 196.32; invalid_count: 0; positive_reward_count: 9; success_count: 9; episode_count: 9; random_exploration_count: 25; random_action_prob: 0.2077
make_subtrust -0.029277108433734943 83
move_asset -0.02444444444444445 18
sell_asset 11.085555555555555 18
give_vesting_power -0.03888888888888889 9
update_start: 38; random_action_prob: 0.2066
update_complete: 38; loss: 59.482382456461586; cumulative_reward: 476.2999999999999; invalid_count: 0; positive_reward_count: 14; success_count: 14; episode_count: 14; random_exploration_count: 29; random_action_prob: 0.2066
make_subtrust -0.025342465753424658 73
move_asset -0.029545454545454545 22
sell_asset 25.228421052631578 19
give_vesting_power -0.038571428571428576 14
update_start: 39; random_action_prob: 0.2056
update_complete: 39; loss: 32.26404062906901; cumulative_reward: 257.40999999999997; invalid_count: 0; positive_reward_count: 9; success_count: 9; episode_count: 9; random_exploration_count: 17; random_action_prob: 0.2056
make_subtrust -0.030253164556962028 79
move_asset -0.022 20
sell_asset 15.332352941176469 17
give_vesting_power -0.03416666666666667 12
update_start: 40; random_action_prob: 0.2046
update_complete: 40; loss: 33.72649892171224; cumulative_reward: 338.36000000000035; invalid_count: 0; positive_reward_count: 13; success_count: 13; episode_count: 14; random_exploration_count: 22; random_action_prob: 0.2046
make_subtrust -0.031764705882352945 68
move_asset -0.038400000000000004 25
sell_asset 19.019444444444446 18
give_vesting_power -0.051176470588235295 17
update_start: 41; random_action_prob: 0.2036
update_complete: 41; loss: 75.8271255493164; cumulative_reward: 447.11; invalid_count: 0; positive_reward_count: 12; success_count: 12; episode_count: 12; random_exploration_count: 30; random_action_prob: 0.2036
make_subtrust -0.030533333333333332 75
move_asset -0.05 23
sell_asset 30.086666666666666 15
give_vesting_power -0.05000000000000001 15
update_start: 42; random_action_prob: 0.2025
update_complete: 42; loss: 28.9144770304362; cumulative_reward: 191.31; invalid_count: 0; positive_reward_count: 6; success_count: 6; episode_count: 6; random_exploration_count: 26; random_action_prob: 0.2025
make_subtrust -0.03162790697674419 86
move_asset -0.01888888888888889 18
sell_asset 11.453529411764706 17
give_vesting_power -0.04857142857142858 7
update_start: 43; random_action_prob: 0.2015
update_complete: 43; loss: 21.261929829915363; cumulative_reward: 145.64000000000007; invalid_count: 0; positive_reward_count: 5; success_count: 5; episode_count: 6; random_exploration_count: 24; random_action_prob: 0.2015
make_subtrust -0.031125000000000003 80
move_asset -0.016363636363636365 22
sell_asset 8.269444444444444 18
give_vesting_power -0.045000000000000005 8
update_start: 44; random_action_prob: 0.2005
update_complete: 44; loss: 27.037521998087566; cumulative_reward: 287.1300000000001; invalid_count: 0; positive_reward_count: 12; success_count: 12; episode_count: 12; random_exploration_count: 24; random_action_prob: 0.2005
make_subtrust -0.030555555555555558 72
move_asset -0.027083333333333334 24
sell_asset 16.142222222222223 18
give_vesting_power -0.04142857142857143 14
update_start: 45; random_action_prob: 0.1995
update_complete: 45; loss: 57.786720275878906; cumulative_reward: 465.0800000000001; invalid_count: 0; positive_reward_count: 15; success_count: 15; episode_count: 15; random_exploration_count: 21; random_action_prob: 0.1995
make_subtrust -0.02864864864864865 74
move_asset -0.0505 20
sell_asset 27.59647058823529 17
give_vesting_power -0.05470588235294118 17
update_start: 46; random_action_prob: 0.1985
update_complete: 46; loss: 32.568729400634766; cumulative_reward: 241.65000000000006; invalid_count: 0; positive_reward_count: 10; success_count: 10; episode_count: 10; random_exploration_count: 26; random_action_prob: 0.1985
make_subtrust -0.03273809523809524 84
move_asset -0.03166666666666667 18
sell_asset 15.341875 16
give_vesting_power -0.05 10
update_start: 47; random_action_prob: 0.1975
update_complete: 47; loss: 71.76059468587239; cumulative_reward: 484.27000000000055; invalid_count: 0; positive_reward_count: 15; success_count: 15; episode_count: 15; random_exploration_count: 21; random_action_prob: 0.1975
make_subtrust -0.030000000000000002 70
move_asset -0.043333333333333335 24
sell_asset 27.11888888888889 18
give_vesting_power -0.045625000000000006 16
update_start: 48; random_action_prob: 0.1965
update_complete: 48; loss: 42.04377365112305; cumulative_reward: 362.20000000000005; invalid_count: 0; positive_reward_count: 13; success_count: 13; episode_count: 13; random_exploration_count: 36; random_action_prob: 0.1965
make_subtrust -0.030958904109589045 73
move_asset -0.04391304347826087 23
sell_asset 21.545294117647057 17
give_vesting_power -0.05333333333333334 15
update_start: 49; random_action_prob: 0.1956
update_complete: 49; loss: 55.123802185058594; cumulative_reward: 357.64000000000027; invalid_count: 0; positive_reward_count: 11; success_count: 11; episode_count: 11; random_exploration_count: 20; random_action_prob: 0.1956
make_subtrust -0.034482758620689655 87
move_asset -0.05600000000000001 15
sell_asset 24.144000000000002 15
give_vesting_power -0.06181818181818182 11
update_start: 50; random_action_prob: 0.1946
update_complete: 50; loss: 42.843274434407554; cumulative_reward: 321.07000000000005; invalid_count: 0; positive_reward_count: 12; success_count: 12; episode_count: 13; random_exploration_count: 25; random_action_prob: 0.1946
make_subtrust -0.030253164556962028 79
move_asset -0.05 19
sell_asset 20.3225 16
give_vesting_power -0.05357142857142857 14
update_start: 51; random_action_prob: 0.1936
update_complete: 51; loss: 44.505191802978516; cumulative_reward: 352.2800000000003; invalid_count: 0; positive_reward_count: 11; success_count: 11; episode_count: 12; random_exploration_count: 24; random_action_prob: 0.1936
make_subtrust -0.0317283950617284 81
move_asset -0.04315789473684211 19
sell_asset 25.45785714285714 14
give_vesting_power -0.052857142857142866 14
update_start: 52; random_action_prob: 0.1926
update_complete: 52; loss: 67.96966044108073; cumulative_reward: 471.88000000000017; invalid_count: 0; positive_reward_count: 14; success_count: 14; episode_count: 14; random_exploration_count: 24; random_action_prob: 0.1926
make_subtrust -0.026842105263157896 76
move_asset -0.03666666666666667 21
sell_asset 27.955882352941178 17
give_vesting_power -0.04 14
update_start: 53; random_action_prob: 0.1917
update_complete: 53; loss: 35.135318756103516; cumulative_reward: 258.72000000000014; invalid_count: 0; positive_reward_count: 9; success_count: 9; episode_count: 9; random_exploration_count: 27; random_action_prob: 0.1917
make_subtrust -0.030136986301369864 73
move_asset -0.016399999999999998 25
sell_asset 13.084 20
give_vesting_power -0.034999999999999996 10
update_start: 54; random_action_prob: 0.1907
update_complete: 54; loss: 33.19781239827474; cumulative_reward: 220.27000000000004; invalid_count: 0; positive_reward_count: 8; success_count: 8; episode_count: 8; random_exploration_count: 28; random_action_prob: 0.1907
make_subtrust -0.027435897435897437 78
move_asset -0.010434782608695651 23
sell_asset 11.72578947368421 19
give_vesting_power -0.0175 8
update_start: 55; random_action_prob: 0.1898
update_complete: 55; loss: 44.37268193562826; cumulative_reward: 311.53000000000014; invalid_count: 0; positive_reward_count: 10; success_count: 10; episode_count: 10; random_exploration_count: 21; random_action_prob: 0.1898
make_subtrust -0.027424242424242424 66
move_asset -0.008620689655172414 29
sell_asset 13.641739130434782 23
give_vesting_power -0.017 10
update_start: 56; random_action_prob: 0.1888
update_complete: 56; loss: 64.42399088541667; cumulative_reward: 322.14000000000004; invalid_count: 0; positive_reward_count: 8; success_count: 8; episode_count: 8; random_exploration_count: 30; random_action_prob: 0.1888
make_subtrust -0.0296 75
move_asset -0.009583333333333334 24
sell_asset 15.466190476190476 21
give_vesting_power -0.025 8
update_start: 57; random_action_prob: 0.1879
update_complete: 57; loss: 47.24908574422201; cumulative_reward: 308.6600000000003; invalid_count: 0; positive_reward_count: 10; success_count: 10; episode_count: 10; random_exploration_count: 26; random_action_prob: 0.1879
make_subtrust -0.022875 80
move_asset -0.028947368421052635 19
sell_asset 18.327058823529413 17
give_vesting_power -0.043333333333333335 12
update_start: 58; random_action_prob: 0.1869
update_complete: 58; loss: 41.309959411621094; cumulative_reward: 424.1300000000001; invalid_count: 0; positive_reward_count: 17; success_count: 17; episode_count: 17; random_exploration_count: 26; random_action_prob: 0.1869
make_subtrust -0.0253125 64
move_asset -0.034 25
sell_asset 20.348095238095237 21
give_vesting_power -0.03944444444444445 18
update_start: 59; random_action_prob: 0.1860
update_complete: 59; loss: 48.749762217203774; cumulative_reward: 412.7000000000002; invalid_count: 0; positive_reward_count: 16; success_count: 16; episode_count: 16; random_exploration_count: 27; random_action_prob: 0.1860
make_subtrust -0.023943661971830985 71
move_asset -0.045000000000000005 22
sell_asset 23.121666666666666 18
give_vesting_power -0.047058823529411764 17
update_start: 60; random_action_prob: 0.1851
update_complete: 60; loss: 30.40216827392578; cumulative_reward: 222.7600000000001; invalid_count: 0; positive_reward_count: 9; success_count: 9; episode_count: 9; random_exploration_count: 22; random_action_prob: 0.1851
make_subtrust -0.03189873417721519 79
move_asset -0.0315 20
sell_asset 11.3185 20
give_vesting_power -0.051111111111111114 9
update_start: 61; random_action_prob: 0.1841
update_complete: 61; loss: 59.34540557861328; cumulative_reward: 377.30000000000024; invalid_count: 0; positive_reward_count: 11; success_count: 11; episode_count: 11; random_exploration_count: 27; random_action_prob: 0.1841
make_subtrust -0.03236111111111111 72
move_asset -0.05920000000000001 25
sell_asset 19.216666666666665 18
give_vesting_power 2.7084615384615387 13
update_start: 62; random_action_prob: 0.1832
update_complete: 62; loss: 38.09223937988281; cumulative_reward: 329.0400000000002; invalid_count: 0; positive_reward_count: 13; success_count: 13; episode_count: 13; random_exploration_count: 16; random_action_prob: 0.1832
make_subtrust -0.02590909090909091 66
move_asset -0.016666666666666666 27
sell_asset 15.790476190476191 21
give_vesting_power -0.028571428571428574 14
update_start: 63; random_action_prob: 0.1823
update_complete: 63; loss: 52.822497049967446; cumulative_reward: 427.69000000000017; invalid_count: 0; positive_reward_count: 13; success_count: 13; episode_count: 14; random_exploration_count: 29; random_action_prob: 0.1823
make_subtrust -0.02870967741935484 62
move_asset -0.023214285714285715 28
sell_asset 18.72304347826087 23
give_vesting_power -0.034 15
update_start: 64; random_action_prob: 0.1814
update_complete: 64; loss: 29.38734753926595; cumulative_reward: 252.88000000000008; invalid_count: 0; positive_reward_count: 10; success_count: 10; episode_count: 10; random_exploration_count: 18; random_action_prob: 0.1814
make_subtrust -0.02666666666666667 66
move_asset -0.004642857142857143 28
sell_asset 11.082173913043478 23
give_vesting_power -0.010909090909090908 11
update_start: 65; random_action_prob: 0.1805
update_complete: 65; loss: 38.81590016682943; cumulative_reward: 257.94999999999993; invalid_count: 0; positive_reward_count: 9; success_count: 9; episode_count: 9; random_exploration_count: 20; random_action_prob: 0.1805
make_subtrust -0.02602564102564103 78
move_asset -0.016363636363636365 22
sell_asset 14.479999999999999 18
give_vesting_power -0.03 10
update_start: 66; random_action_prob: 0.1796
update_complete: 66; loss: 47.175638834635414; cumulative_reward: 346.12000000000023; invalid_count: 0; positive_reward_count: 12; success_count: 12; episode_count: 12; random_exploration_count: 23; random_action_prob: 0.1796
make_subtrust -0.02666666666666667 78
move_asset -0.035500000000000004 20
sell_asset 20.558235294117647 17
give_vesting_power -0.04461538461538462 13
update_start: 67; random_action_prob: 0.1787
update_complete: 67; loss: 53.553096771240234; cumulative_reward: 336.63000000000017; invalid_count: 0; positive_reward_count: 10; success_count: 10; episode_count: 10; random_exploration_count: 25; random_action_prob: 0.1787
make_subtrust -0.027567567567567567 74
move_asset -0.02125 24
sell_asset 19.975882352941174 17
give_vesting_power -0.03153846153846154 13
update_start: 68; random_action_prob: 0.1778
update_complete: 68; loss: 9.600130399068197; cumulative_reward: 80.66; invalid_count: 0; positive_reward_count: 5; success_count: 5; episode_count: 5; random_exploration_count: 26; random_action_prob: 0.1778
make_subtrust -0.02707317073170732 82
move_asset -0.0018181818181818182 22
sell_asset 4.366315789473685 19
give_vesting_power -0.008 5
update_start: 69; random_action_prob: 0.1769
update_complete: 69; loss: 52.037837982177734; cumulative_reward: 419.0300000000002; invalid_count: 0; positive_reward_count: 14; success_count: 14; episode_count: 14; random_exploration_count: 26; random_action_prob: 0.1769
make_subtrust -0.02361111111111111 72
move_asset -0.019545454545454546 22
sell_asset 21.077 20
give_vesting_power -0.027142857142857142 14
update_start: 70; random_action_prob: 0.1760
update_complete: 70; loss: 31.829195658365887; cumulative_reward: 303.04000000000013; invalid_count: 0; positive_reward_count: 11; success_count: 11; episode_count: 11; random_exploration_count: 33; random_action_prob: 0.1760
make_subtrust -0.026285714285714287 70
move_asset -0.0188 25
sell_asset 14.555238095238096 21
give_vesting_power -0.025833333333333333 12
update_start: 71; random_action_prob: 0.1751
update_complete: 71; loss: 56.288018544514976; cumulative_reward: 411.6600000000002; invalid_count: 0; positive_reward_count: 12; success_count: 12; episode_count: 12; random_exploration_count: 28; random_action_prob: 0.1751
make_subtrust -0.027012987012987013 77
move_asset -0.04521739130434783 23
sell_asset 24.624000000000002 15
give_vesting_power 3.493846153846154 13
update_start: 72; random_action_prob: 0.1743
update_complete: 72; loss: 60.60322570800781; cumulative_reward: 482.9900000000001; invalid_count: 0; positive_reward_count: 15; success_count: 15; episode_count: 15; random_exploration_count: 21; random_action_prob: 0.1743
make_subtrust -0.0246875 64
move_asset -0.018518518518518517 27
sell_asset 23.121428571428574 21
give_vesting_power -0.030000000000000002 16
update_start: 73; random_action_prob: 0.1734
update_complete: 73; loss: 39.80081303914388; cumulative_reward: 373.5600000000003; invalid_count: 0; positive_reward_count: 12; success_count: 12; episode_count: 12; random_exploration_count: 27; random_action_prob: 0.1734
make_subtrust -0.02830985915492958 71
move_asset -0.021666666666666667 24
sell_asset 18.8265 20
give_vesting_power -0.033846153846153845 13
update_start: 74; random_action_prob: 0.1725
update_complete: 74; loss: 48.12023417154948; cumulative_reward: 435.55000000000024; invalid_count: 0; positive_reward_count: 17; success_count: 17; episode_count: 17; random_exploration_count: 25; random_action_prob: 0.1725
make_subtrust -0.02709677419354839 62
move_asset -0.025 26
sell_asset 18.018260869565218 23
give_vesting_power 1.3800000000000001 17
update_start: 75; random_action_prob: 0.1717
update_complete: 75; loss: 55.61533991495768; cumulative_reward: 421.63000000000017; invalid_count: 0; positive_reward_count: 14; success_count: 14; episode_count: 14; random_exploration_count: 18; random_action_prob: 0.1717
make_subtrust -0.030131578947368422 76
move_asset -0.03904761904761905 21
sell_asset 25.02058823529412 17
give_vesting_power -0.04357142857142857 14
update_start: 76; random_action_prob: 0.1708
update_complete: 76; loss: 34.12087376912435; cumulative_reward: 318.3700000000001; invalid_count: 0; positive_reward_count: 12; success_count: 12; episode_count: 12; random_exploration_count: 23; random_action_prob: 0.1708
make_subtrust -0.03333333333333333 75
move_asset -0.03636363636363637 22
sell_asset 17.909444444444446 18
give_vesting_power -0.05384615384615385 13
update_start: 77; random_action_prob: 0.1699
update_complete: 77; loss: 57.404458363850914; cumulative_reward: 435.27000000000004; invalid_count: 0; positive_reward_count: 14; success_count: 14; episode_count: 14; random_exploration_count: 20; random_action_prob: 0.1699
make_subtrust -0.027671232876712328 73
move_asset -0.025909090909090913 22
sell_asset 23.07526315789474 19
give_vesting_power -0.04071428571428572 14
update_start: 78; random_action_prob: 0.1691
update_complete: 78; loss: 48.227789560953774; cumulative_reward: 371.48000000000013; invalid_count: 0; positive_reward_count: 14; success_count: 14; episode_count: 14; random_exploration_count: 24; random_action_prob: 0.1691
make_subtrust -0.02928571428571429 70
move_asset -0.04 23
sell_asset 18.759999999999998 20
give_vesting_power -0.05 15
update_start: 79; random_action_prob: 0.1683
update_complete: 79; loss: 55.07811737060547; cumulative_reward: 451.61; invalid_count: 0; positive_reward_count: 15; success_count: 15; episode_count: 15; random_exploration_count: 17; random_action_prob: 0.1683
make_subtrust -0.025774647887323945 71
move_asset -0.04391304347826087 23
sell_asset 26.77823529411765 17
give_vesting_power -0.04588235294117647 17
update_start: 80; random_action_prob: 0.1674
update_complete: 80; loss: 57.6137949625651; cumulative_reward: 507.15999999999997; invalid_count: 0; positive_reward_count: 17; success_count: 17; episode_count: 17; random_exploration_count: 21; random_action_prob: 0.1674
make_subtrust -0.025967741935483873 62
move_asset -0.03333333333333333 27
sell_asset 24.302857142857142 21
give_vesting_power -0.03833333333333334 18
update_start: 81; random_action_prob: 0.1666
update_complete: 81; loss: 47.58772659301758; cumulative_reward: 342.10000000000014; invalid_count: 0; positive_reward_count: 10; success_count: 10; episode_count: 10; random_exploration_count: 21; random_action_prob: 0.1666
make_subtrust -0.0265625 64
move_asset -0.0025 28
sell_asset 13.228076923076923 26
give_vesting_power -0.006 10
update_start: 82; random_action_prob: 0.1657
update_complete: 82; loss: 40.127882639567055; cumulative_reward: 230.17000000000007; invalid_count: 0; positive_reward_count: 8; success_count: 8; episode_count: 8; random_exploration_count: 20; random_action_prob: 0.1657
make_subtrust -0.032023809523809524 84
move_asset -0.021666666666666667 18
sell_asset 12.975 18
give_vesting_power -0.0375 8
update_start: 83; random_action_prob: 0.1649
update_complete: 83; loss: 44.013387044270836; cumulative_reward: 311.2300000000001; invalid_count: 0; positive_reward_count: 10; success_count: 10; episode_count: 10; random_exploration_count: 17; random_action_prob: 0.1649
make_subtrust -0.03 69
move_asset -0.01076923076923077 26
sell_asset 14.262272727272727 22
give_vesting_power -0.017272727272727273 11
update_start: 84; random_action_prob: 0.1641
update_complete: 84; loss: 31.023818333943684; cumulative_reward: 261.4400000000002; invalid_count: 0; positive_reward_count: 10; success_count: 10; episode_count: 11; random_exploration_count: 24; random_action_prob: 0.1641
make_subtrust -0.029855072463768118 69
move_asset -0.024444444444444446 27
sell_asset 14.706666666666669 18
give_vesting_power -0.04 14
update_start: 85; random_action_prob: 0.1633
update_complete: 85; loss: 43.296966552734375; cumulative_reward: 324.96000000000026; invalid_count: 0; positive_reward_count: 10; success_count: 10; episode_count: 10; random_exploration_count: 23; random_action_prob: 0.1633
make_subtrust -0.02882352941176471 85
move_asset -0.012352941176470587 17
sell_asset 20.488125 16
give_vesting_power -0.019 10
update_start: 86; random_action_prob: 0.1625
update_complete: 86; loss: 46.68571472167969; cumulative_reward: 413.7600000000003; invalid_count: 0; positive_reward_count: 14; success_count: 14; episode_count: 14; random_exploration_count: 20; random_action_prob: 0.1625
make_subtrust -0.025625000000000002 64
move_asset -0.021481481481481483 27
sell_asset 18.93136363636364 22
give_vesting_power -0.034 15
update_start: 87; random_action_prob: 0.1616
update_complete: 87; loss: 21.249861399332683; cumulative_reward: 285.7000000000003; invalid_count: 0; positive_reward_count: 14; success_count: 14; episode_count: 14; random_exploration_count: 21; random_action_prob: 0.1616
make_subtrust -0.027200000000000002 75
move_asset -0.02 21
sell_asset 16.03222222222222 18
give_vesting_power -0.030000000000000002 14
update_start: 88; random_action_prob: 0.1608
update_complete: 88; loss: 41.21619415283203; cumulative_reward: 388.7900000000004; invalid_count: 0; positive_reward_count: 15; success_count: 15; episode_count: 15; random_exploration_count: 12; random_action_prob: 0.1608
make_subtrust -0.03166666666666666 66
move_asset -0.05 25
sell_asset 21.843333333333334 18
give_vesting_power -0.05526315789473685 19
update_start: 89; random_action_prob: 0.1600
update_complete: 89; loss: 58.534324645996094; cumulative_reward: 467.6500000000003; invalid_count: 0; positive_reward_count: 15; success_count: 15; episode_count: 16; random_exploration_count: 18; random_action_prob: 0.1600
make_subtrust -0.029393939393939396 66
move_asset -0.038571428571428576 28
sell_asset 26.18722222222222 18
give_vesting_power -0.043750000000000004 16
update_start: 90; random_action_prob: 0.1592
update_complete: 90; loss: 39.205065409342446; cumulative_reward: 334.5000000000003; invalid_count: 0; positive_reward_count: 14; success_count: 14; episode_count: 14; random_exploration_count: 22; random_action_prob: 0.1592
make_subtrust -0.028484848484848488 66
move_asset -0.02310344827586207 29
sell_asset 15.563529411764705 17
give_vesting_power 4.529375 16
update_start: 91; random_action_prob: 0.1584
update_complete: 91; loss: 37.001879374186196; cumulative_reward: 291.0600000000001; invalid_count: 0; positive_reward_count: 12; success_count: 12; episode_count: 13; random_exploration_count: 23; random_action_prob: 0.1584
make_subtrust -0.025846153846153845 65
move_asset -0.020000000000000004 29
sell_asset 14.684999999999999 20
give_vesting_power -0.027142857142857142 14
update_start: 92; random_action_prob: 0.1576
update_complete: 92; loss: 30.112757364908855; cumulative_reward: 302.45000000000016; invalid_count: 0; positive_reward_count: 11; success_count: 11; episode_count: 11; random_exploration_count: 13; random_action_prob: 0.1576
make_subtrust -0.028115942028985506 69
move_asset -0.008 25
sell_asset 13.251739130434784 23
give_vesting_power -0.018181818181818184 11
update_start: 93; random_action_prob: 0.1569
update_complete: 93; loss: 27.248905817667644; cumulative_reward: 220.67000000000013; invalid_count: 0; positive_reward_count: 8; success_count: 8; episode_count: 9; random_exploration_count: 25; random_action_prob: 0.1569
make_subtrust -0.032682926829268294 82
move_asset -0.03263157894736843 19
sell_asset 14.0325 16
give_vesting_power -0.05 11
update_start: 94; random_action_prob: 0.1561
update_complete: 94; loss: 25.89312807718913; cumulative_reward: 230.19000000000005; invalid_count: 0; positive_reward_count: 10; success_count: 10; episode_count: 10; random_exploration_count: 21; random_action_prob: 0.1561
make_subtrust -0.026813186813186812 91
move_asset -0.03571428571428571 14
sell_asset 17.963846153846156 13
give_vesting_power -0.04 10
update_start: 95; random_action_prob: 0.1553
update_complete: 95; loss: 55.06452433268229; cumulative_reward: 375.05000000000035; invalid_count: 0; positive_reward_count: 14; success_count: 14; episode_count: 14; random_exploration_count: 14; random_action_prob: 0.1553
make_subtrust -0.0313235294117647 68
move_asset -0.026956521739130438 23
sell_asset 17.199545454545454 22
give_vesting_power -0.03933333333333334 15
update_start: 96; random_action_prob: 0.1545
update_complete: 96; loss: 67.31547546386719; cumulative_reward: 448.53000000000037; invalid_count: 0; positive_reward_count: 12; success_count: 12; episode_count: 12; random_exploration_count: 12; random_action_prob: 0.1545
make_subtrust -0.03108433734939759 83
move_asset -0.04 16
sell_asset 28.2725 16
give_vesting_power -0.04692307692307693 13
update_start: 97; random_action_prob: 0.1537
update_complete: 97; loss: 78.67229970296223; cumulative_reward: 495.12000000000035; invalid_count: 0; positive_reward_count: 15; success_count: 15; episode_count: 15; random_exploration_count: 14; random_action_prob: 0.1537
make_subtrust -0.03044117647058824 68
move_asset -0.027391304347826086 23
sell_asset 22.655 22
give_vesting_power -0.03933333333333334 15
update_start: 98; random_action_prob: 0.1530
update_complete: 98; loss: 28.171537399291992; cumulative_reward: 273.3200000000002; invalid_count: 0; positive_reward_count: 13; success_count: 13; episode_count: 13; random_exploration_count: 18; random_action_prob: 0.1530
make_subtrust -0.030434782608695653 69
move_asset -0.024347826086956525 23
sell_asset 12.017391304347825 23
give_vesting_power -0.03230769230769231 13
update_start: 99; random_action_prob: 0.1522
update_complete: 99; loss: 52.596160888671875; cumulative_reward: 453.24000000000007; invalid_count: 0; positive_reward_count: 16; success_count: 16; episode_count: 16; random_exploration_count: 22; random_action_prob: 0.1522
make_subtrust -0.027183098591549295 71
move_asset -0.03 21
sell_asset 22.819 20
give_vesting_power -0.036250000000000004 16
2026-07-10T18:39:23 completed distressed_assets run=8 elapsed_seconds=824.05 updates_logged=100
2026-07-10T18:39:23 running distressed_assets run=9 seed=1738
update_start: 0; random_action_prob: 0.2500
update_complete: 0; loss: 0.8135639429092407; cumulative_reward: -1.5000000000000009; invalid_count: 0; positive_reward_count: 0; success_count: 0; episode_count: 7; random_exploration_count: 31; random_action_prob: 0.2500
make_subtrust -0.025555555555555557 54
move_asset -0.0014754098360655738 61
sell_asset -0.0025 12
give_vesting_power 0.0 1
update_start: 1; random_action_prob: 0.2487
update_complete: 1; loss: 0.8112401366233826; cumulative_reward: 4.299999999999999; invalid_count: 0; positive_reward_count: 1; success_count: 1; episode_count: 4; random_exploration_count: 30; random_action_prob: 0.2487
make_subtrust -0.0265625 64
move_asset 0.0 43
sell_asset 0.35294117647058826 17
give_vesting_power 0.0 4
update_start: 2; random_action_prob: 0.2475
update_complete: 2; loss: 8.053672472635904; cumulative_reward: 40.86999999999999; invalid_count: 0; positive_reward_count: 1; success_count: 1; episode_count: 7; random_exploration_count: 39; random_action_prob: 0.2475
make_subtrust -0.030000000000000002 55
move_asset -0.006206896551724138 58
sell_asset -0.008571428571428572 14
give_vesting_power 43.0 1
update_start: 3; random_action_prob: 0.2463
update_complete: 3; loss: 11.685078303019205; cumulative_reward: 42.79000000000003; invalid_count: 0; positive_reward_count: 1; success_count: 1; episode_count: 2; random_exploration_count: 34; random_action_prob: 0.2463
make_subtrust -0.026338028169014087 71
move_asset -0.006666666666666667 33
sell_asset 1.951304347826087 23
give_vesting_power 0.0 1
update_start: 4; random_action_prob: 0.2450
update_complete: 4; loss: 8.37215487162272; cumulative_reward: 56.39; invalid_count: 0; positive_reward_count: 2; success_count: 2; episode_count: 5; random_exploration_count: 31; random_action_prob: 0.2450
make_subtrust -0.029610389610389615 77
move_asset -0.030000000000000002 31
sell_asset 3.3155555555555556 18
give_vesting_power -0.04 2
update_start: 5; random_action_prob: 0.2438
update_complete: 5; loss: 19.56413396199544; cumulative_reward: 142.5799999999999; invalid_count: 0; positive_reward_count: 5; success_count: 5; episode_count: 6; random_exploration_count: 30; random_action_prob: 0.2438
make_subtrust -0.028481012658227847 79
move_asset -0.021739130434782608 23
sell_asset 7.2795000000000005 20
give_vesting_power -0.043333333333333335 6
update_start: 6; random_action_prob: 0.2426
update_complete: 6; loss: 51.6614990234375; cumulative_reward: 281.5199999999998; invalid_count: 0; positive_reward_count: 8; success_count: 8; episode_count: 8; random_exploration_count: 26; random_action_prob: 0.2426
make_subtrust -0.02686046511627907 86
move_asset -0.023333333333333334 18
sell_asset 18.972666666666665 15
give_vesting_power -0.03777777777777778 9
update_start: 7; random_action_prob: 0.2414
update_complete: 7; loss: 22.59242820739746; cumulative_reward: 208.44999999999996; invalid_count: 0; positive_reward_count: 8; success_count: 8; episode_count: 9; random_exploration_count: 29; random_action_prob: 0.2414
make_subtrust -0.029249999999999998 80
move_asset -0.0245 20
sell_asset 14.118 15
give_vesting_power -0.0376923076923077 13
update_start: 8; random_action_prob: 0.2402
update_complete: 8; loss: 41.87308883666992; cumulative_reward: 367.9499999999999; invalid_count: 0; positive_reward_count: 13; success_count: 13; episode_count: 14; random_exploration_count: 31; random_action_prob: 0.2402
make_subtrust -0.02373134328358209 67
move_asset -0.022692307692307692 26
sell_asset 18.5295 20
give_vesting_power -0.03066666666666667 15
update_start: 9; random_action_prob: 0.2390
update_complete: 9; loss: 44.96269607543945; cumulative_reward: 298.34000000000003; invalid_count: 0; positive_reward_count: 10; success_count: 10; episode_count: 10; random_exploration_count: 25; random_action_prob: 0.2390
make_subtrust -0.02546666666666667 75
move_asset -0.011363636363636364 22
sell_asset 14.321428571428571 21
give_vesting_power -0.025 10
update_start: 10; random_action_prob: 0.2378
update_complete: 10; loss: 1.1694809595743816; cumulative_reward: 38.24000000000001; invalid_count: 0; positive_reward_count: 5; success_count: 5; episode_count: 6; random_exploration_count: 32; random_action_prob: 0.2378
make_subtrust -0.02835616438356164 73
move_asset -0.01076923076923077 26
sell_asset 1.8531818181818183 22
give_vesting_power -0.025714285714285714 7
update_start: 11; random_action_prob: 0.2366
update_complete: 11; loss: 28.61883608500163; cumulative_reward: 203.91; invalid_count: 0; positive_reward_count: 7; success_count: 7; episode_count: 7; random_exploration_count: 34; random_action_prob: 0.2366
make_subtrust -0.028101265822784813 79
move_asset -0.015238095238095238 21
sell_asset 9.84047619047619 21
give_vesting_power -0.028571428571428574 7
update_start: 12; random_action_prob: 0.2354
update_complete: 12; loss: 47.470648447672524; cumulative_reward: 322.84999999999985; invalid_count: 0; positive_reward_count: 12; success_count: 12; episode_count: 12; random_exploration_count: 32; random_action_prob: 0.2354
make_subtrust -0.02297297297297297 74
move_asset -0.025909090909090913 22
sell_asset 17.129473684210527 19
give_vesting_power -0.026153846153846156 13
update_start: 13; random_action_prob: 0.2342
update_complete: 13; loss: 46.977882385253906; cumulative_reward: 288.5199999999998; invalid_count: 0; positive_reward_count: 9; success_count: 9; episode_count: 9; random_exploration_count: 26; random_action_prob: 0.2342
make_subtrust -0.025263157894736845 76
move_asset -0.029130434782608697 23
sell_asset 14.574000000000002 20
give_vesting_power -0.04111111111111111 9
update_start: 14; random_action_prob: 0.2331
update_complete: 14; loss: 42.772682189941406; cumulative_reward: 383.38999999999993; invalid_count: 0; positive_reward_count: 14; success_count: 14; episode_count: 14; random_exploration_count: 23; random_action_prob: 0.2331
make_subtrust -0.02388888888888889 72
move_asset -0.03272727272727272 22
sell_asset 21.467222222222222 18
give_vesting_power -0.036250000000000004 16
update_start: 15; random_action_prob: 0.2319
update_complete: 15; loss: 35.51183573404948; cumulative_reward: 299.6300000000001; invalid_count: 0; positive_reward_count: 12; success_count: 12; episode_count: 12; random_exploration_count: 29; random_action_prob: 0.2319
make_subtrust -0.024923076923076926 65
move_asset -0.02703703703703704 27
sell_asset 11.307083333333333 24
give_vesting_power 2.5508333333333333 12
update_start: 16; random_action_prob: 0.2307
update_complete: 16; loss: 31.413433074951172; cumulative_reward: 293.71; invalid_count: 0; positive_reward_count: 11; success_count: 11; episode_count: 12; random_exploration_count: 32; random_action_prob: 0.2307
make_subtrust -0.02287671232876712 73
move_asset -0.02916666666666667 24
sell_asset 17.441764705882353 17
give_vesting_power -0.030714285714285715 14
update_start: 17; random_action_prob: 0.2296
update_complete: 17; loss: 32.23853047688802; cumulative_reward: 273.4499999999999; invalid_count: 0; positive_reward_count: 11; success_count: 11; episode_count: 11; random_exploration_count: 29; random_action_prob: 0.2296
make_subtrust -0.02547619047619048 84
move_asset -0.03058823529411765 17
sell_asset 17.283125000000002 16
give_vesting_power -0.038181818181818185 11
update_start: 18; random_action_prob: 0.2284
update_complete: 18; loss: 34.08316167195638; cumulative_reward: 280.6499999999998; invalid_count: 0; positive_reward_count: 11; success_count: 11; episode_count: 11; random_exploration_count: 29; random_action_prob: 0.2284
make_subtrust -0.028904109589041094 73
move_asset -0.04 22
sell_asset 13.531904761904762 21
give_vesting_power -0.04416666666666667 12
update_start: 19; random_action_prob: 0.2273
update_complete: 19; loss: 39.31879552205404; cumulative_reward: 268.87999999999994; invalid_count: 0; positive_reward_count: 9; success_count: 9; episode_count: 9; random_exploration_count: 23; random_action_prob: 0.2273
make_subtrust -0.027349397590361445 83
move_asset -0.017777777777777778 18
sell_asset 15.092777777777778 18
give_vesting_power -0.022222222222222223 9
update_start: 20; random_action_prob: 0.2262
update_complete: 20; loss: 28.50771713256836; cumulative_reward: 181.7299999999999; invalid_count: 0; positive_reward_count: 6; success_count: 6; episode_count: 6; random_exploration_count: 34; random_action_prob: 0.2262
make_subtrust -0.02773809523809524 84
move_asset -0.02 20
sell_asset 11.5475 16
give_vesting_power -0.0375 8
update_start: 21; random_action_prob: 0.2250
update_complete: 21; loss: 31.028491338094074; cumulative_reward: 208.31000000000003; invalid_count: 0; positive_reward_count: 7; success_count: 7; episode_count: 7; random_exploration_count: 31; random_action_prob: 0.2250
make_subtrust -0.027671232876712328 73
move_asset -0.01 25
sell_asset 10.036190476190475 21
give_vesting_power -0.02 9
update_start: 22; random_action_prob: 0.2239
update_complete: 22; loss: 28.43842315673828; cumulative_reward: 205.43999999999988; invalid_count: 0; positive_reward_count: 9; success_count: 9; episode_count: 9; random_exploration_count: 21; random_action_prob: 0.2239
make_subtrust -0.02116883116883117 77
move_asset -0.014285714285714285 21
sell_asset 9.888095238095238 21
give_vesting_power -0.031111111111111114 9
update_start: 23; random_action_prob: 0.2228
update_complete: 23; loss: 22.108936309814453; cumulative_reward: 198.39999999999995; invalid_count: 0; positive_reward_count: 8; success_count: 8; episode_count: 8; random_exploration_count: 29; random_action_prob: 0.2228
make_subtrust -0.02702702702702703 74
move_asset -0.0104 25
sell_asset 9.56047619047619 21
give_vesting_power -0.01375 8
update_start: 24; random_action_prob: 0.2217
update_complete: 24; loss: 38.985644022623696; cumulative_reward: 283.0099999999999; invalid_count: 0; positive_reward_count: 10; success_count: 10; episode_count: 10; random_exploration_count: 35; random_action_prob: 0.2217
make_subtrust -0.027142857142857142 77
move_asset -0.03590909090909091 22
sell_asset 15.732941176470588 17
give_vesting_power 1.5358333333333334 12
update_start: 25; random_action_prob: 0.2206
update_complete: 25; loss: 34.13240305582682; cumulative_reward: 241.98999999999995; invalid_count: 0; positive_reward_count: 10; success_count: 10; episode_count: 10; random_exploration_count: 23; random_action_prob: 0.2206
make_subtrust -0.027875 80
move_asset -0.035263157894736843 19
sell_asset 15.33875 16
give_vesting_power -0.04076923076923077 13
update_start: 26; random_action_prob: 0.2195
update_complete: 26; loss: 20.135908762613933; cumulative_reward: 151.52999999999997; invalid_count: 0; positive_reward_count: 7; success_count: 7; episode_count: 7; random_exploration_count: 25; random_action_prob: 0.2195
make_subtrust -0.02715909090909091 88
move_asset -0.02058823529411765 17
sell_asset 9.66 16
give_vesting_power -0.04142857142857143 7
update_start: 27; random_action_prob: 0.2184
update_complete: 27; loss: 43.501810709635414; cumulative_reward: 385.1400000000002; invalid_count: 0; positive_reward_count: 14; success_count: 14; episode_count: 14; random_exploration_count: 29; random_action_prob: 0.2184
make_subtrust -0.026623376623376622 77
move_asset -0.034736842105263156 19
sell_asset 21.577222222222222 18
give_vesting_power -0.038571428571428576 14
update_start: 28; random_action_prob: 0.2173
update_complete: 28; loss: 52.5816535949707; cumulative_reward: 346.80000000000007; invalid_count: 0; positive_reward_count: 11; success_count: 11; episode_count: 11; random_exploration_count: 23; random_action_prob: 0.2173
make_subtrust -0.021282051282051285 78
move_asset -0.0295 20
sell_asset 16.803888888888892 18
give_vesting_power 3.8816666666666664 12
update_start: 29; random_action_prob: 0.2162
update_complete: 29; loss: 38.136688232421875; cumulative_reward: 301.4200000000001; invalid_count: 0; positive_reward_count: 11; success_count: 11; episode_count: 12; random_exploration_count: 25; random_action_prob: 0.2162
make_subtrust -0.022716049382716052 81
move_asset -0.03777777777777778 18
sell_asset 19.0275 16
give_vesting_power -0.038461538461538464 13
update_start: 30; random_action_prob: 0.2151
update_complete: 30; loss: 32.507572174072266; cumulative_reward: 205.4599999999999; invalid_count: 0; positive_reward_count: 6; success_count: 6; episode_count: 7; random_exploration_count: 39; random_action_prob: 0.2151
make_subtrust -0.027682926829268293 82
move_asset -0.02619047619047619 21
sell_asset 13.0425 16
give_vesting_power -0.044444444444444446 9
update_start: 31; random_action_prob: 0.2140
update_complete: 31; loss: 26.53509267171224; cumulative_reward: 191.65999999999985; invalid_count: 0; positive_reward_count: 5; success_count: 5; episode_count: 7; random_exploration_count: 38; random_action_prob: 0.2140
make_subtrust -0.025454545454545455 77
move_asset -0.02923076923076923 26
sell_asset 11.451176470588235 17
give_vesting_power -0.036250000000000004 8
update_start: 32; random_action_prob: 0.2130
update_complete: 32; loss: 52.18106206258138; cumulative_reward: 350.35; invalid_count: 0; positive_reward_count: 12; success_count: 12; episode_count: 13; random_exploration_count: 28; random_action_prob: 0.2130
make_subtrust -0.02689189189189189 74
move_asset -0.02909090909090909 22
sell_asset 18.603684210526318 19
give_vesting_power -0.0376923076923077 13
update_start: 33; random_action_prob: 0.2119
update_complete: 33; loss: 39.33746210734049; cumulative_reward: 330.3100000000002; invalid_count: 0; positive_reward_count: 11; success_count: 11; episode_count: 11; random_exploration_count: 26; random_action_prob: 0.2119
make_subtrust -0.029493670886075952 79
move_asset -0.024736842105263158 19
sell_asset 18.53222222222222 18
give_vesting_power -0.03916666666666667 12
update_start: 34; random_action_prob: 0.2108
update_complete: 34; loss: 45.662984212239586; cumulative_reward: 305.15000000000015; invalid_count: 0; positive_reward_count: 10; success_count: 10; episode_count: 10; random_exploration_count: 20; random_action_prob: 0.2108
make_subtrust -0.03266666666666667 75
move_asset -0.022727272727272728 22
sell_asset 14.126500000000002 20
give_vesting_power 2.3245454545454547 11
update_start: 35; random_action_prob: 0.2098
update_complete: 35; loss: 27.592854817708332; cumulative_reward: 261.60999999999996; invalid_count: 0; positive_reward_count: 11; success_count: 11; episode_count: 11; random_exploration_count: 24; random_action_prob: 0.2098
make_subtrust -0.029135802469135802 81
move_asset -0.017777777777777778 18
sell_asset 14.700555555555557 18
give_vesting_power -0.02909090909090909 11
update_start: 36; random_action_prob: 0.2087
update_complete: 36; loss: 52.270503997802734; cumulative_reward: 321.3199999999998; invalid_count: 0; positive_reward_count: 10; success_count: 10; episode_count: 10; random_exploration_count: 26; random_action_prob: 0.2087
make_subtrust -0.03375 80
move_asset -0.037 20
sell_asset 18.073333333333334 18
give_vesting_power -0.05600000000000001 10
update_start: 37; random_action_prob: 0.2077
update_complete: 37; loss: 36.74379221598307; cumulative_reward: 301.6399999999998; invalid_count: 0; positive_reward_count: 10; success_count: 10; episode_count: 11; random_exploration_count: 25; random_action_prob: 0.2077
make_subtrust -0.029506172839506174 81
move_asset -0.043000000000000003 20
sell_asset 16.711875 16
give_vesting_power 3.409090909090909 11
update_start: 38; random_action_prob: 0.2066
update_complete: 38; loss: 41.063456217447914; cumulative_reward: 384.46000000000043; invalid_count: 0; positive_reward_count: 15; success_count: 15; episode_count: 15; random_exploration_count: 29; random_action_prob: 0.2066
make_subtrust -0.0225 64
move_asset -0.012666666666666666 30
sell_asset 19.75722222222222 18
give_vesting_power 1.915625 16
update_start: 39; random_action_prob: 0.2056
update_complete: 39; loss: 55.38904825846354; cumulative_reward: 459.88; invalid_count: 0; positive_reward_count: 15; success_count: 15; episode_count: 16; random_exploration_count: 28; random_action_prob: 0.2056
make_subtrust -0.022033898305084745 59
move_asset -0.008571428571428572 35
sell_asset 25.65222222222222 18
give_vesting_power -0.01625 16
update_start: 40; random_action_prob: 0.2046
update_complete: 40; loss: 20.982600529988606; cumulative_reward: 213.8299999999999; invalid_count: 0; positive_reward_count: 12; success_count: 12; episode_count: 12; random_exploration_count: 28; random_action_prob: 0.2046
make_subtrust -0.026571428571428572 70
move_asset -0.016428571428571428 28
sell_asset 12.026666666666667 18
give_vesting_power -0.0275 12
update_start: 41; random_action_prob: 0.2036
update_complete: 41; loss: 51.272464752197266; cumulative_reward: 393.63; invalid_count: 0; positive_reward_count: 13; success_count: 13; episode_count: 14; random_exploration_count: 34; random_action_prob: 0.2036
make_subtrust -0.022698412698412697 63
move_asset -0.01103448275862069 29
sell_asset 17.98409090909091 22
give_vesting_power -0.019285714285714288 14
update_start: 42; random_action_prob: 0.2025
update_complete: 42; loss: 34.51753489176432; cumulative_reward: 364.50000000000006; invalid_count: 0; positive_reward_count: 15; success_count: 15; episode_count: 16; random_exploration_count: 27; random_action_prob: 0.2025
make_subtrust -0.023859649122807018 57
move_asset -0.01125 32
sell_asset 16.662272727272725 22
give_vesting_power -0.02058823529411765 17
update_start: 43; random_action_prob: 0.2015
update_complete: 43; loss: 54.12674458821615; cumulative_reward: 435.80999999999983; invalid_count: 0; positive_reward_count: 14; success_count: 14; episode_count: 14; random_exploration_count: 27; random_action_prob: 0.2015
make_subtrust -0.023857142857142855 70
move_asset -0.025 26
sell_asset 24.360555555555557 18
give_vesting_power -0.025714285714285714 14
update_start: 44; random_action_prob: 0.2005
update_complete: 44; loss: 51.57206598917643; cumulative_reward: 332.1600000000001; invalid_count: 0; positive_reward_count: 12; success_count: 12; episode_count: 12; random_exploration_count: 20; random_action_prob: 0.2005
make_subtrust -0.02391304347826087 69
move_asset -0.017692307692307695 26
sell_asset 16.731 20
give_vesting_power -0.026923076923076925 13
update_start: 45; random_action_prob: 0.1995
update_complete: 45; loss: 52.97516886393229; cumulative_reward: 411.94000000000017; invalid_count: 0; positive_reward_count: 14; success_count: 14; episode_count: 14; random_exploration_count: 25; random_action_prob: 0.1995
make_subtrust -0.02591549295774648 71
move_asset -0.01875 24
sell_asset 21.821052631578947 19
give_vesting_power -0.02642857142857143 14
update_start: 46; random_action_prob: 0.1985
update_complete: 46; loss: 29.962202072143555; cumulative_reward: 217.79; invalid_count: 0; positive_reward_count: 8; success_count: 8; episode_count: 9; random_exploration_count: 19; random_action_prob: 0.1985
make_subtrust -0.027297297297297296 74
move_asset -0.0022222222222222222 27
sell_asset 12.936470588235293 17
give_vesting_power -0.005 10
update_start: 47; random_action_prob: 0.1975
update_complete: 47; loss: 31.346234639485676; cumulative_reward: 346.8500000000001; invalid_count: 0; positive_reward_count: 14; success_count: 14; episode_count: 14; random_exploration_count: 21; random_action_prob: 0.1975
make_subtrust -0.024776119402985075 67
move_asset -0.005333333333333333 30
sell_asset 21.80125 16
give_vesting_power -0.01 15
update_start: 48; random_action_prob: 0.1965
update_complete: 48; loss: 43.504217783610024; cumulative_reward: 317.0600000000001; invalid_count: 0; positive_reward_count: 11; success_count: 11; episode_count: 13; random_exploration_count: 30; random_action_prob: 0.1965
make_subtrust -0.026507936507936508 63
move_asset -0.018000000000000002 30
sell_asset 15.22142857142857 21
give_vesting_power -0.027142857142857142 14
update_start: 49; random_action_prob: 0.1956
update_complete: 49; loss: 50.36239242553711; cumulative_reward: 331.9600000000001; invalid_count: 0; positive_reward_count: 11; success_count: 11; episode_count: 12; random_exploration_count: 30; random_action_prob: 0.1956
make_subtrust -0.020634920634920634 63
move_asset -0.009166666666666667 36
sell_asset 19.865000000000002 16
give_vesting_power 1.2115384615384615 13
update_start: 50; random_action_prob: 0.1946
update_complete: 50; loss: 29.407482147216797; cumulative_reward: 351.7000000000001; invalid_count: 0; positive_reward_count: 15; success_count: 15; episode_count: 15; random_exploration_count: 19; random_action_prob: 0.1946
make_subtrust -0.018333333333333333 54
move_asset -0.0044736842105263155 38
sell_asset 15.901428571428571 21
give_vesting_power 1.262 15
update_start: 51; random_action_prob: 0.1936
update_complete: 51; loss: 38.05552546183268; cumulative_reward: 311.51000000000005; invalid_count: 0; positive_reward_count: 12; success_count: 12; episode_count: 12; random_exploration_count: 26; random_action_prob: 0.1936
make_subtrust -0.02435897435897436 78
move_asset -0.01 24
sell_asset 22.415 14
give_vesting_power -0.013333333333333334 12
update_start: 52; random_action_prob: 0.1926
update_complete: 52; loss: 44.94333140055338; cumulative_reward: 469.3200000000001; invalid_count: 0; positive_reward_count: 19; success_count: 19; episode_count: 19; random_exploration_count: 25; random_action_prob: 0.1926
make_subtrust -0.017272727272727273 55
move_asset -0.006764705882352942 34
sell_asset 22.1375 20
give_vesting_power 1.4605263157894737 19
update_start: 53; random_action_prob: 0.1917
update_complete: 53; loss: 39.32519785563151; cumulative_reward: 326.1500000000001; invalid_count: 0; positive_reward_count: 11; success_count: 11; episode_count: 13; random_exploration_count: 15; random_action_prob: 0.1917
make_subtrust -0.02322033898305085 59
move_asset -0.00631578947368421 38
sell_asset 19.28705882352941 17
give_vesting_power -0.008571428571428572 14
update_start: 54; random_action_prob: 0.1907
update_complete: 54; loss: 42.71257019042969; cumulative_reward: 416.5299999999999; invalid_count: 0; positive_reward_count: 15; success_count: 15; episode_count: 15; random_exploration_count: 19; random_action_prob: 0.1907
make_subtrust -0.019411764705882354 51
move_asset -0.004047619047619048 42
sell_asset 21.990526315789474 19
give_vesting_power -0.008125 16
update_start: 55; random_action_prob: 0.1898
update_complete: 55; loss: 57.001694997151695; cumulative_reward: 418.93000000000023; invalid_count: 0; positive_reward_count: 13; success_count: 13; episode_count: 13; random_exploration_count: 24; random_action_prob: 0.1898
make_subtrust -0.020684931506849316 73
move_asset -0.008400000000000001 25
sell_asset 24.754117647058823 17
give_vesting_power -0.013076923076923078 13
update_start: 56; random_action_prob: 0.1888
update_complete: 56; loss: 63.42023722330729; cumulative_reward: 389.07000000000005; invalid_count: 0; positive_reward_count: 11; success_count: 11; episode_count: 11; random_exploration_count: 22; random_action_prob: 0.1888
make_subtrust -0.01915492957746479 71
move_asset -0.008518518518518519 27
sell_asset 20.568947368421053 19
give_vesting_power -0.013636363636363636 11
update_start: 57; random_action_prob: 0.1879
update_complete: 57; loss: 47.91114807128906; cumulative_reward: 351.7899999999998; invalid_count: 0; positive_reward_count: 11; success_count: 11; episode_count: 11; random_exploration_count: 23; random_action_prob: 0.1879
make_subtrust -0.02 69
move_asset -0.012962962962962963 27
sell_asset 17.6875 20
give_vesting_power -0.01916666666666667 12
update_start: 58; random_action_prob: 0.1869
update_complete: 58; loss: 38.17355473836263; cumulative_reward: 239.29000000000005; invalid_count: 0; positive_reward_count: 8; success_count: 8; episode_count: 9; random_exploration_count: 27; random_action_prob: 0.1869
make_subtrust -0.023866666666666668 75
move_asset -0.015357142857142857 28
sell_asset 18.6 13
give_vesting_power -0.02416666666666667 12
update_start: 59; random_action_prob: 0.1860
update_complete: 59; loss: 44.64905548095703; cumulative_reward: 282.20000000000005; invalid_count: 0; positive_reward_count: 10; success_count: 10; episode_count: 10; random_exploration_count: 27; random_action_prob: 0.1860
make_subtrust -0.01918032786885246 61
move_asset -0.007142857142857143 35
sell_asset 14.187000000000001 20
give_vesting_power -0.01 12
update_start: 60; random_action_prob: 0.1851
update_complete: 60; loss: 60.15712102254232; cumulative_reward: 480.12000000000006; invalid_count: 0; positive_reward_count: 16; success_count: 16; episode_count: 16; random_exploration_count: 25; random_action_prob: 0.1851
make_subtrust -0.02 59
move_asset -0.007575757575757576 33
sell_asset 23.094736842105263 19
give_vesting_power 2.514705882352941 17
update_start: 61; random_action_prob: 0.1841
update_complete: 61; loss: 35.70237477620443; cumulative_reward: 294.83000000000004; invalid_count: 0; positive_reward_count: 10; success_count: 10; episode_count: 10; random_exploration_count: 19; random_action_prob: 0.1841
make_subtrust -0.02283582089552239 67
move_asset -0.0070967741935483875 31
sell_asset 14.837 20
give_vesting_power -0.016 10
update_start: 62; random_action_prob: 0.1832
update_complete: 62; loss: 36.59318542480469; cumulative_reward: 304.51999999999987; invalid_count: 0; positive_reward_count: 10; success_count: 10; episode_count: 10; random_exploration_count: 26; random_action_prob: 0.1832
make_subtrust -0.023676470588235295 68
move_asset -0.01206896551724138 29
sell_asset 14.602380952380951 21
give_vesting_power -0.017 10
update_start: 63; random_action_prob: 0.1823
update_complete: 63; loss: 59.91225814819336; cumulative_reward: 460.5700000000001; invalid_count: 0; positive_reward_count: 13; success_count: 13; episode_count: 13; random_exploration_count: 28; random_action_prob: 0.1823
make_subtrust -0.024925373134328358 67
move_asset -0.01 30
sell_asset 25.707222222222224 18
give_vesting_power -0.014615384615384615 13
update_start: 64; random_action_prob: 0.1814
update_complete: 64; loss: 59.793958028157554; cumulative_reward: 552.7000000000003; invalid_count: 0; positive_reward_count: 17; success_count: 17; episode_count: 17; random_exploration_count: 22; random_action_prob: 0.1814
make_subtrust -0.019782608695652175 46
move_asset -0.0034883720930232558 43
sell_asset 26.041428571428572 21
give_vesting_power 0.38277777777777783 18
update_start: 65; random_action_prob: 0.1805
update_complete: 65; loss: 29.498088836669922; cumulative_reward: 360.54999999999995; invalid_count: 0; positive_reward_count: 15; success_count: 15; episode_count: 16; random_exploration_count: 27; random_action_prob: 0.1805
make_subtrust -0.019411764705882354 51
move_asset -0.004871794871794872 39
sell_asset 16.447727272727274 22
give_vesting_power -0.0075 16
update_start: 66; random_action_prob: 0.1796
update_complete: 66; loss: 47.63540776570638; cumulative_reward: 484.6; invalid_count: 0; positive_reward_count: 16; success_count: 16; episode_count: 16; random_exploration_count: 30; random_action_prob: 0.1796
make_subtrust -0.024242424242424242 66
move_asset -0.00962962962962963 27
sell_asset 27.04 18
give_vesting_power -0.015294117647058824 17
update_start: 67; random_action_prob: 0.1787
update_complete: 67; loss: 54.98894500732422; cumulative_reward: 482.93000000000006; invalid_count: 0; positive_reward_count: 16; success_count: 16; episode_count: 16; random_exploration_count: 28; random_action_prob: 0.1787
make_subtrust -0.023157894736842106 57
move_asset -0.007142857142857143 35
sell_asset 25.51157894736842 19
give_vesting_power -0.012941176470588235 17
update_start: 68; random_action_prob: 0.1778
update_complete: 68; loss: 59.15546544392904; cumulative_reward: 564.2; invalid_count: 0; positive_reward_count: 18; success_count: 18; episode_count: 18; random_exploration_count: 24; random_action_prob: 0.1778
make_subtrust -0.02 48
move_asset -0.008205128205128205 39
sell_asset 26.93952380952381 21
give_vesting_power -0.0125 20
update_start: 69; random_action_prob: 0.1769
update_complete: 69; loss: 53.6374257405599; cumulative_reward: 424.9200000000003; invalid_count: 0; positive_reward_count: 15; success_count: 15; episode_count: 15; random_exploration_count: 22; random_action_prob: 0.1769
make_subtrust -0.02734375 64
move_asset -0.01741935483870968 31
sell_asset 25.154117647058825 17
give_vesting_power -0.025625 16
update_start: 70; random_action_prob: 0.1760
update_complete: 70; loss: 32.40562438964844; cumulative_reward: 334.49999999999994; invalid_count: 0; positive_reward_count: 14; success_count: 14; episode_count: 14; random_exploration_count: 23; random_action_prob: 0.1760
make_subtrust -0.02971830985915493 71
move_asset -0.018214285714285714 28
sell_asset 22.50133333333333 15
give_vesting_power -0.028571428571428574 14
update_start: 71; random_action_prob: 0.1751
update_complete: 71; loss: 53.18753306070963; cumulative_reward: 386.3900000000002; invalid_count: 0; positive_reward_count: 12; success_count: 12; episode_count: 13; random_exploration_count: 28; random_action_prob: 0.1751
make_subtrust -0.02797101449275362 69
move_asset -0.007931034482758621 29
sell_asset 21.987058823529413 17
give_vesting_power 1.1361538461538463 13
update_start: 72; random_action_prob: 0.1743
update_complete: 72; loss: 35.31032053629557; cumulative_reward: 386.51999999999987; invalid_count: 0; positive_reward_count: 18; success_count: 18; episode_count: 18; random_exploration_count: 22; random_action_prob: 0.1743
make_subtrust -0.017 50
move_asset -0.006585365853658537 41
sell_asset 20.411052631578947 19
give_vesting_power -0.009444444444444445 18
update_start: 73; random_action_prob: 0.1734
update_complete: 73; loss: 44.609143575032554; cumulative_reward: 410.33000000000004; invalid_count: 0; positive_reward_count: 16; success_count: 16; episode_count: 16; random_exploration_count: 28; random_action_prob: 0.1734
make_subtrust -0.024920634920634923 63
move_asset -0.012812500000000001 32
sell_asset 25.789375 16
give_vesting_power -0.018823529411764708 17
update_start: 74; random_action_prob: 0.1725
update_complete: 74; loss: 67.79604848225911; cumulative_reward: 522.0400000000004; invalid_count: 0; positive_reward_count: 15; success_count: 15; episode_count: 15; random_exploration_count: 26; random_action_prob: 0.1725
make_subtrust -0.02540983606557377 61
move_asset -0.01806451612903226 31
sell_asset 26.228 20
give_vesting_power -0.025625000000000002 16
update_start: 75; random_action_prob: 0.1717
update_complete: 75; loss: 58.93536122639974; cumulative_reward: 446.7600000000003; invalid_count: 0; positive_reward_count: 13; success_count: 13; episode_count: 13; random_exploration_count: 23; random_action_prob: 0.1717
make_subtrust -0.022894736842105263 76
move_asset -0.025909090909090913 22
sell_asset 26.441176470588236 17
give_vesting_power -0.03307692307692307 13
update_start: 76; random_action_prob: 0.1708
update_complete: 76; loss: 39.9875602722168; cumulative_reward: 391.46999999999997; invalid_count: 0; positive_reward_count: 15; success_count: 15; episode_count: 15; random_exploration_count: 15; random_action_prob: 0.1708
make_subtrust -0.02253968253968254 63
move_asset -0.015806451612903224 31
sell_asset 20.717894736842105 19
give_vesting_power -0.017333333333333333 15
update_start: 77; random_action_prob: 0.1699
update_complete: 77; loss: 54.9604237874349; cumulative_reward: 429.55000000000007; invalid_count: 0; positive_reward_count: 14; success_count: 14; episode_count: 14; random_exploration_count: 28; random_action_prob: 0.1699
make_subtrust -0.026333333333333334 60
move_asset -0.02212121212121212 33
sell_asset 22.74777777777778 18
give_vesting_power 1.3176470588235294 17
update_start: 78; random_action_prob: 0.1691
update_complete: 78; loss: 26.35174496968587; cumulative_reward: 258.19; invalid_count: 0; positive_reward_count: 10; success_count: 10; episode_count: 10; random_exploration_count: 26; random_action_prob: 0.1691
make_subtrust -0.02493827160493827 81
move_asset -0.014499999999999999 20
sell_asset 15.337058823529413 17
give_vesting_power -0.023 10
update_start: 79; random_action_prob: 0.1683
update_complete: 79; loss: 47.79025522867838; cumulative_reward: 433.27999999999986; invalid_count: 0; positive_reward_count: 15; success_count: 15; episode_count: 15; random_exploration_count: 22; random_action_prob: 0.1683
make_subtrust -0.023636363636363636 66
move_asset -0.016800000000000002 25
sell_asset 19.315714285714286 21
give_vesting_power 1.851875 16
update_start: 80; random_action_prob: 0.1674
update_complete: 80; loss: 49.85183334350586; cumulative_reward: 280.09000000000003; invalid_count: 0; positive_reward_count: 8; success_count: 8; episode_count: 9; random_exploration_count: 24; random_action_prob: 0.1674
make_subtrust -0.025875 80
move_asset -0.01863636363636364 22
sell_asset 16.631764705882354 17
give_vesting_power -0.01888888888888889 9
update_start: 81; random_action_prob: 0.1666
update_complete: 81; loss: 27.49906285603841; cumulative_reward: 193.15000000000006; invalid_count: 0; positive_reward_count: 8; success_count: 8; episode_count: 8; random_exploration_count: 24; random_action_prob: 0.1666
make_subtrust -0.02763888888888889 72
move_asset -0.013333333333333334 24
sell_asset 8.895 22
give_vesting_power -0.023 10
update_start: 82; random_action_prob: 0.1657
update_complete: 82; loss: 33.68577194213867; cumulative_reward: 185.31; invalid_count: 0; positive_reward_count: 6; success_count: 6; episode_count: 6; random_exploration_count: 19; random_action_prob: 0.1657
make_subtrust -0.031097560975609752 82
move_asset -0.002380952380952381 21
sell_asset 9.891578947368421 19
give_vesting_power -0.005 6
update_start: 83; random_action_prob: 0.1649
update_complete: 83; loss: 46.30161921183268; cumulative_reward: 257.1000000000001; invalid_count: 0; positive_reward_count: 9; success_count: 9; episode_count: 9; random_exploration_count: 12; random_action_prob: 0.1649
make_subtrust -0.032467532467532464 77
move_asset -0.006190476190476191 21
sell_asset 12.374285714285715 21
give_vesting_power -0.014444444444444446 9
update_start: 84; random_action_prob: 0.1641
update_complete: 84; loss: 39.85882695515951; cumulative_reward: 346.9300000000001; invalid_count: 0; positive_reward_count: 12; success_count: 12; episode_count: 13; random_exploration_count: 30; random_action_prob: 0.1641
make_subtrust -0.028823529411764706 68
move_asset -0.01846153846153846 26
sell_asset 19.43111111111111 18
give_vesting_power -0.024375 16
update_start: 85; random_action_prob: 0.1633
update_complete: 85; loss: 45.02756881713867; cumulative_reward: 286.03; invalid_count: 0; positive_reward_count: 9; success_count: 9; episode_count: 9; random_exploration_count: 20; random_action_prob: 0.1633
make_subtrust -0.0296 75
move_asset -0.013181818181818182 22
sell_asset 13.75095238095238 21
give_vesting_power -0.023 10
update_start: 86; random_action_prob: 0.1625
update_complete: 86; loss: 49.71240488688151; cumulative_reward: 385.63000000000034; invalid_count: 0; positive_reward_count: 13; success_count: 13; episode_count: 13; random_exploration_count: 25; random_action_prob: 0.1625
make_subtrust -0.028399999999999998 75
move_asset -0.0205 20
sell_asset 20.453157894736844 19
give_vesting_power -0.03142857142857143 14
update_start: 87; random_action_prob: 0.1616
update_complete: 87; loss: 16.114404042561848; cumulative_reward: 218.98000000000002; invalid_count: 0; positive_reward_count: 12; success_count: 12; episode_count: 12; random_exploration_count: 19; random_action_prob: 0.1616
make_subtrust -0.027435897435897437 78
move_asset -0.015 20
sell_asset 12.315555555555555 18
give_vesting_power -0.021666666666666667 12
update_start: 88; random_action_prob: 0.1608
update_complete: 88; loss: 32.130210876464844; cumulative_reward: 283.36; invalid_count: 0; positive_reward_count: 10; success_count: 10; episode_count: 10; random_exploration_count: 22; random_action_prob: 0.1608
make_subtrust -0.02726027397260274 73
move_asset -0.010833333333333334 24
sell_asset 11.561428571428571 21
give_vesting_power 4.282 10
update_start: 89; random_action_prob: 0.1600
update_complete: 89; loss: 28.884374618530273; cumulative_reward: 231.52000000000007; invalid_count: 0; positive_reward_count: 9; success_count: 9; episode_count: 9; random_exploration_count: 25; random_action_prob: 0.1600
make_subtrust -0.029577464788732397 71
move_asset -0.0048000000000000004 25
sell_asset 10.168260869565218 23
give_vesting_power -0.014444444444444446 9
update_start: 90; random_action_prob: 0.1592
update_complete: 90; loss: 60.558990478515625; cumulative_reward: 530.3999999999999; invalid_count: 0; positive_reward_count: 17; success_count: 17; episode_count: 17; random_exploration_count: 9; random_action_prob: 0.1592
make_subtrust -0.02768115942028986 69
move_asset -0.027727272727272725 22
sell_asset 28.076315789473686 19
give_vesting_power -0.029444444444444447 18
update_start: 91; random_action_prob: 0.1584
update_complete: 91; loss: 42.58746846516927; cumulative_reward: 434.23; invalid_count: 0; positive_reward_count: 17; success_count: 17; episode_count: 17; random_exploration_count: 20; random_action_prob: 0.1584
make_subtrust -0.020816326530612245 49
move_asset -0.007352941176470588 34
sell_asset 16.13888888888889 27
give_vesting_power -0.013888888888888888 18
update_start: 92; random_action_prob: 0.1576
update_complete: 92; loss: 58.88729731241862; cumulative_reward: 551.1; invalid_count: 0; positive_reward_count: 18; success_count: 18; episode_count: 18; random_exploration_count: 22; random_action_prob: 0.1576
make_subtrust -0.020754716981132078 53
move_asset -0.02121212121212121 33
sell_asset 25.15636363636364 22
give_vesting_power -0.027000000000000003 20
update_start: 93; random_action_prob: 0.1569
update_complete: 93; loss: 54.818373362223305; cumulative_reward: 478.8100000000005; invalid_count: 0; positive_reward_count: 15; success_count: 15; episode_count: 15; random_exploration_count: 13; random_action_prob: 0.1569
make_subtrust -0.01859154929577465 71
move_asset -0.0124 25
sell_asset 28.277647058823533 17
give_vesting_power -0.018666666666666668 15
update_start: 94; random_action_prob: 0.1561
update_complete: 94; loss: 50.8264274597168; cumulative_reward: 440.5700000000003; invalid_count: 0; positive_reward_count: 16; success_count: 16; episode_count: 16; random_exploration_count: 18; random_action_prob: 0.1561
make_subtrust -0.022063492063492066 63
move_asset -0.01413793103448276 29
sell_asset 23.299473684210525 19
give_vesting_power -0.018823529411764708 17
update_start: 95; random_action_prob: 0.1553
update_complete: 95; loss: 51.13809585571289; cumulative_reward: 476.11000000000024; invalid_count: 0; positive_reward_count: 16; success_count: 16; episode_count: 16; random_exploration_count: 22; random_action_prob: 0.1553
make_subtrust -0.021666666666666667 60
move_asset -0.0064516129032258064 31
sell_asset 23.89 20
give_vesting_power -0.011176470588235295 17
update_start: 96; random_action_prob: 0.1545
update_complete: 96; loss: 40.77869542439779; cumulative_reward: 421.39; invalid_count: 0; positive_reward_count: 15; success_count: 15; episode_count: 15; random_exploration_count: 26; random_action_prob: 0.1545
make_subtrust -0.021818181818181816 66
move_asset -0.01576923076923077 26
sell_asset 21.180500000000002 20
give_vesting_power -0.023125 16
update_start: 97; random_action_prob: 0.1537
update_complete: 97; loss: 55.59628931681315; cumulative_reward: 451.4499999999999; invalid_count: 0; positive_reward_count: 15; success_count: 15; episode_count: 15; random_exploration_count: 15; random_action_prob: 0.1537
make_subtrust -0.023384615384615386 65
move_asset -0.014285714285714287 28
sell_asset 23.879473684210524 19
give_vesting_power -0.02125 16
update_start: 98; random_action_prob: 0.1530
update_complete: 98; loss: 55.618298848470054; cumulative_reward: 520.44; invalid_count: 0; positive_reward_count: 18; success_count: 18; episode_count: 18; random_exploration_count: 16; random_action_prob: 0.1530
make_subtrust -0.020666666666666667 60
move_asset -0.015517241379310345 29
sell_asset 26.128500000000003 20
give_vesting_power -0.023157894736842106 19
update_start: 99; random_action_prob: 0.1522
update_complete: 99; loss: 39.886993408203125; cumulative_reward: 385.93; invalid_count: 0; positive_reward_count: 15; success_count: 15; episode_count: 16; random_exploration_count: 24; random_action_prob: 0.1522
make_subtrust -0.024923076923076926 65
move_asset -0.02153846153846154 26
sell_asset 22.861176470588234 17
give_vesting_power -0.026500000000000003 20
2026-07-10T18:51:37 completed distressed_assets run=9 elapsed_seconds=734.29 updates_logged=100
wrote metrics to /home/infres/shangold/shelter-check-gym/experiments/results/loophole_learning_metrics_distressed_assets_892209_1_20260710_163218
Job finished at Fri Jul 10 18:51:41 CEST 2026
