avg_reward_per_episode,cumulative_reward,episode_count,invalid_count,loophole,loss,positive_reward_count,random_action_prob,random_exploration_count,run,seed,success_count,success_rate,total_steps,update
5.997999999999997,29.989999999999984,5,0,distressed_assets,5.618721644083659,1,0.25,47,0,1729,1,0.2,128,0
3.9371428571428555,27.559999999999988,7,0,distressed_assets,3.471205155054728,1,0.2487,43,0,1729,1,0.14285714285714285,256,1
20.76499999999999,83.05999999999996,4,0,distressed_assets,13.081077893575033,3,0.2475,35,0,1729,3,0.75,384,2
14.648888888888896,131.84000000000006,9,0,distressed_assets,13.33617909749349,8,0.2463,26,0,1729,8,0.8888888888888888,512,3
8.49000000000001,59.43000000000008,7,0,distressed_assets,3.8755449453989663,4,0.245,35,0,1729,4,0.5714285714285714,640,4
28.616666666666642,85.84999999999992,3,0,distressed_assets,17.712932586669922,2,0.2438,18,0,1729,2,0.6666666666666666,768,5
22.660999999999994,226.60999999999996,10,0,distressed_assets,32.730116526285805,9,0.2426,37,0,1729,9,0.9,896,6
13.056249999999993,104.44999999999995,8,0,distressed_assets,16.96484438578288,5,0.2414,34,0,1729,5,0.625,1024,7
26.550000000000008,212.40000000000006,8,0,distressed_assets,25.230202356974285,8,0.2402,33,0,1729,8,1.0,1152,8
24.154166666666683,289.8500000000002,12,0,distressed_assets,37.34500376383463,12,0.239,22,0,1729,12,1.0,1280,9
20.935000000000006,209.35000000000005,10,0,distressed_assets,27.25793520609538,9,0.2378,23,0,1729,9,0.9,1408,10
24.546666666666667,294.56,12,0,distressed_assets,34.83556620279948,10,0.2366,31,0,1729,10,0.8333333333333334,1536,11
26.55142857142859,185.86000000000013,7,0,distressed_assets,29.964738210042317,6,0.2354,26,0,1729,6,0.8571428571428571,1664,12
25.943076923076923,337.26,13,0,distressed_assets,37.13206990559896,12,0.2342,29,0,1729,12,0.9230769230769231,1792,13
25.307272727272736,278.3800000000001,11,0,distressed_assets,34.90147908528646,11,0.2331,36,0,1729,11,1.0,1920,14
23.8509090909091,262.36000000000007,11,0,distressed_assets,32.18250020345052,11,0.2319,23,0,1729,11,1.0,2048,15
27.836666666666673,250.53000000000006,9,0,distressed_assets,34.71151224772135,9,0.2307,29,0,1729,9,1.0,2176,16
28.58500000000001,343.02000000000015,12,0,distressed_assets,43.568260192871094,12,0.2296,21,0,1729,12,1.0,2304,17
23.569090909090928,259.2600000000002,11,0,distressed_assets,34.56005859375,10,0.2284,28,0,1729,10,0.9090909090909091,2432,18
28.456,426.84,15,0,distressed_assets,53.738304138183594,15,0.2273,25,0,1729,15,1.0,2560,19
24.909166666666664,298.90999999999997,12,0,distressed_assets,36.71628443400065,11,0.2262,25,0,1729,11,0.9166666666666666,2688,20
21.84916666666668,262.19000000000017,12,0,distressed_assets,27.136372884114582,11,0.225,36,0,1729,11,0.9166666666666666,2816,21
24.86384615384616,323.2300000000001,13,0,distressed_assets,37.85572942097982,13,0.2239,26,0,1729,13,1.0,2944,22
19.836428571428577,277.7100000000001,14,0,distressed_assets,29.55432383219401,13,0.2228,30,0,1729,13,0.9285714285714286,3072,23
22.34176470588236,379.8100000000001,17,0,distressed_assets,36.437625885009766,17,0.2217,30,0,1729,17,1.0,3200,24
32.426666666666684,389.12000000000023,12,0,distressed_assets,50.59978485107422,12,0.2206,29,0,1729,12,1.0,3328,25
29.698,445.47,15,0,distressed_assets,52.342271169026695,14,0.2195,24,0,1729,14,0.9333333333333333,3456,26
17.38083333333334,208.57000000000005,12,0,distressed_assets,26.23480796813965,10,0.2184,28,0,1729,10,0.8333333333333334,3584,27
30.520714285714302,427.29000000000025,14,0,distressed_assets,46.63719050089518,14,0.2173,26,0,1729,14,1.0,3712,28
30.522142857142853,427.30999999999995,14,0,distressed_assets,55.868849436442055,14,0.2162,23,0,1729,14,1.0,3840,29
30.288666666666686,454.33000000000027,15,0,distressed_assets,50.20287322998047,15,0.2151,26,0,1729,15,1.0,3968,30
29.435000000000034,412.0900000000005,14,0,distressed_assets,51.03278350830078,14,0.214,18,0,1729,14,1.0,4096,31
26.5114285714286,371.16000000000037,14,0,distressed_assets,51.250387827555336,14,0.213,32,0,1729,14,1.0,4224,32
28.64944444444445,515.69,18,0,distressed_assets,57.638997395833336,18,0.2119,24,0,1729,18,1.0,4352,33
23.866666666666678,358.00000000000017,15,0,distressed_assets,29.844606399536133,15,0.2108,30,0,1729,15,1.0,4480,34
26.319230769230778,342.1500000000001,13,0,distressed_assets,34.653069814046226,13,0.2098,30,0,1729,13,1.0,4608,35
29.68357142857144,415.57000000000016,14,0,distressed_assets,61.08541615804037,14,0.2087,35,0,1729,14,1.0,4736,36
27.078181818181825,297.86000000000007,11,0,distressed_assets,39.75957743326823,11,0.2077,27,0,1729,11,1.0,4864,37
31.814545454545467,349.96000000000015,11,0,distressed_assets,51.136984507242836,11,0.2066,32,0,1729,11,1.0,4992,38
27.850769230769252,362.0600000000003,13,0,distressed_assets,41.1758778889974,13,0.2056,34,0,1729,13,1.0,5120,39
26.817692307692308,348.63,13,0,distressed_assets,44.37417984008789,12,0.2046,31,0,1729,12,0.9230769230769231,5248,40
23.355454545454567,256.91000000000025,11,0,distressed_assets,30.551415761311848,11,0.2036,28,0,1729,11,1.0,5376,41
21.06866666666668,316.0300000000002,15,0,distressed_assets,28.88473892211914,14,0.2025,21,0,1729,14,0.9333333333333333,5504,42
24.839999999999993,248.39999999999992,10,0,distressed_assets,28.517651240030926,10,0.2015,30,0,1729,10,1.0,5632,43
18.723333333333336,280.85,15,0,distressed_assets,22.195837020874023,15,0.2005,24,0,1729,15,1.0,5760,44
22.732857142857146,318.26000000000005,14,0,distressed_assets,38.60764821370443,14,0.1995,29,0,1729,14,1.0,5888,45
26.332142857142895,368.65000000000055,14,0,distressed_assets,44.22616704305013,13,0.1985,25,0,1729,13,0.9285714285714286,6016,46
29.78562500000003,476.5700000000005,16,0,distressed_assets,65.55182647705078,16,0.1975,26,0,1729,16,1.0,6144,47
26.12615384615386,339.64000000000016,13,0,distressed_assets,40.04755528767904,12,0.1965,23,0,1729,12,0.9230769230769231,6272,48
31.66153846153848,411.60000000000025,13,0,distressed_assets,53.29861323038737,13,0.1956,26,0,1729,13,1.0,6400,49
26.357999999999997,395.36999999999995,15,0,distressed_assets,47.57734807332357,15,0.1946,17,0,1729,15,1.0,6528,50
26.049999999999997,338.65,13,0,distressed_assets,38.61827850341797,13,0.1936,19,0,1729,13,1.0,6656,51
28.391538461538456,369.0899999999999,13,0,distressed_assets,46.043715159098305,13,0.1926,24,0,1729,13,1.0,6784,52
31.76312499999998,508.2099999999997,16,0,distressed_assets,67.50083923339844,16,0.1917,22,0,1729,16,1.0,6912,53
26.64461538461539,346.38000000000005,13,0,distressed_assets,38.69383748372396,13,0.1907,27,0,1729,13,1.0,7040,54
28.931428571428572,405.04,14,0,distressed_assets,53.0965944925944,13,0.1898,26,0,1729,13,0.9285714285714286,7168,55
28.704545454545464,315.7500000000001,11,0,distressed_assets,33.56861114501953,11,0.1888,23,0,1729,11,1.0,7296,56
21.647692307692314,281.4200000000001,13,0,distressed_assets,31.549250920613606,12,0.1879,18,0,1729,12,0.9230769230769231,7424,57
28.868124999999996,461.88999999999993,16,0,distressed_assets,58.48453267415365,15,0.1869,27,0,1729,15,0.9375,7552,58
31.28857142857143,438.04,14,0,distressed_assets,58.6448008219401,14,0.186,19,0,1729,14,1.0,7680,59
23.12500000000001,370.00000000000017,16,0,distressed_assets,37.652217864990234,16,0.1851,25,0,1729,16,1.0,7808,60
26.170909090909102,287.8800000000001,11,0,distressed_assets,35.89486821492513,11,0.1841,21,0,1729,11,1.0,7936,61
26.02533333333333,390.37999999999994,15,0,distressed_assets,43.74711608886719,13,0.1832,29,0,1729,13,0.8666666666666667,8064,62
26.37333333333333,316.47999999999996,12,0,distressed_assets,34.94119135538737,12,0.1823,21,0,1729,12,1.0,8192,63
31.756666666666675,476.35000000000014,15,0,distressed_assets,59.82818857828776,15,0.1814,21,0,1729,15,1.0,8320,64
22.896874999999994,366.3499999999999,16,0,distressed_assets,37.58180236816406,15,0.1805,23,0,1729,15,0.9375,8448,65
27.33533333333333,410.03,15,0,distressed_assets,51.57266743977865,14,0.1796,29,0,1729,14,0.9333333333333333,8576,66
25.199333333333342,377.9900000000001,15,0,distressed_assets,48.75423812866211,15,0.1787,28,0,1729,15,1.0,8704,67
25.141333333333325,377.1199999999999,15,0,distressed_assets,47.1396853129069,15,0.1778,13,0,1729,15,1.0,8832,68
29.370000000000015,323.07000000000016,11,0,distressed_assets,47.18525314331055,11,0.1769,23,0,1729,11,1.0,8960,69
25.69133333333334,385.3700000000001,15,0,distressed_assets,40.95633316040039,15,0.176,19,0,1729,15,1.0,9088,70
22.310833333333335,267.73,12,0,distressed_assets,31.04847017923991,12,0.1751,23,0,1729,12,1.0,9216,71
30.53142857142858,427.4400000000001,14,0,distressed_assets,54.56999079386393,14,0.1743,28,0,1729,14,1.0,9344,72
24.05066666666666,360.75999999999993,15,0,distressed_assets,42.82421366373698,14,0.1734,32,0,1729,14,0.9333333333333333,9472,73
28.817499999999985,345.80999999999983,12,0,distressed_assets,52.96950022379557,11,0.1725,19,0,1729,11,0.9166666666666666,9600,74
25.57692307692308,332.50000000000006,13,0,distressed_assets,39.98764165242513,13,0.1717,21,0,1729,13,1.0,9728,75
25.604000000000024,384.06000000000034,15,0,distressed_assets,42.69197082519531,15,0.1708,26,0,1729,15,1.0,9856,76
29.42466666666667,441.37000000000006,15,0,distressed_assets,54.592376708984375,15,0.1699,18,0,1729,15,1.0,9984,77
29.392857142857157,411.50000000000017,14,0,distressed_assets,49.37472661336263,14,0.1691,20,0,1729,14,1.0,10112,78
26.299230769230768,341.89,13,0,distressed_assets,36.99786504109701,13,0.1683,26,0,1729,13,1.0,10240,79
28.61181818181819,314.7300000000001,11,0,distressed_assets,50.16662851969401,11,0.1674,26,0,1729,11,1.0,10368,80
29.747333333333344,446.21000000000015,15,0,distressed_assets,57.082051595052086,15,0.1666,26,0,1729,15,1.0,10496,81
24.938666666666677,374.08000000000015,15,0,distressed_assets,39.02714284261068,15,0.1657,19,0,1729,15,1.0,10624,82
25.00214285714285,350.0299999999999,14,0,distressed_assets,37.38425064086914,14,0.1649,17,0,1729,14,1.0,10752,83
29.89470588235295,508.2100000000002,17,0,distressed_assets,56.20622889200846,17,0.1641,16,0,1729,17,1.0,10880,84
26.886363636363637,295.75,11,0,distressed_assets,48.733533223470054,11,0.1633,13,0,1729,11,1.0,11008,85
27.719999999999988,415.79999999999984,15,0,distressed_assets,54.366546630859375,14,0.1625,25,0,1729,14,0.9333333333333333,11136,86
30.679333333333332,460.19,15,0,distressed_assets,54.105875651041664,15,0.1616,26,0,1729,15,1.0,11264,87
25.980000000000025,337.74000000000035,13,0,distressed_assets,43.31821823120117,13,0.1608,25,0,1729,13,1.0,11392,88
24.77777777777779,446.0000000000002,18,0,distressed_assets,39.52325312296549,17,0.16,21,0,1729,17,0.9444444444444444,11520,89
31.37235294117648,533.3300000000002,17,0,distressed_assets,61.07024002075195,17,0.1592,27,0,1729,17,1.0,11648,90
29.938823529411767,508.96000000000004,17,0,distressed_assets,57.663326263427734,17,0.1584,16,0,1729,17,1.0,11776,91
25.436000000000003,381.5400000000001,15,0,distressed_assets,38.955919901529946,15,0.1576,16,0,1729,15,1.0,11904,92
25.85750000000001,517.1500000000002,20,0,distressed_assets,56.24015553792318,19,0.1569,25,0,1729,19,0.95,12032,93
23.262777777777785,418.73000000000013,18,0,distressed_assets,35.927391052246094,18,0.1561,17,0,1729,18,1.0,12160,94
24.860833333333336,298.33000000000004,12,0,distressed_assets,31.10524559020996,12,0.1553,31,0,1729,12,1.0,12288,95
31.074,466.11,15,0,distressed_assets,58.84121831258138,15,0.1545,24,0,1729,15,1.0,12416,96
30.054117647058842,510.9200000000003,17,0,distressed_assets,60.01681264241537,17,0.1537,19,0,1729,17,1.0,12544,97
23.801428571428556,333.2199999999998,14,0,distressed_assets,41.974108378092446,13,0.153,16,0,1729,13,0.9285714285714286,12672,98
28.183529411764717,479.1200000000002,17,0,distressed_assets,52.4673220316569,16,0.1522,12,0,1729,16,0.9411764705882353,12800,99
12.291428571428577,86.04000000000003,7,0,distressed_assets,21.537986119588215,2,0.25,38,1,1730,2,0.2857142857142857,128,0
8.674999999999995,17.34999999999999,2,0,distressed_assets,1.953399419784546,1,0.2487,30,1,1730,1,0.5,256,1
7.01,28.04,4,0,distressed_assets,5.241473197937012,1,0.2475,31,1,1730,1,0.25,384,2
12.840000000000012,51.36000000000005,4,0,distressed_assets,6.854757150014241,3,0.2463,32,1,1730,3,0.75,512,3
18.197999999999997,90.98999999999998,5,0,distressed_assets,11.066972732543945,4,0.245,32,1,1730,4,0.8,640,4
22.004999999999992,88.01999999999997,4,0,distressed_assets,10.148645083109537,4,0.2438,31,1,1730,4,1.0,768,5
19.70499999999999,157.63999999999993,8,0,distressed_assets,20.813786188761394,7,0.2426,32,1,1730,7,0.875,896,6
20.145000000000003,40.290000000000006,2,0,distressed_assets,4.96376895904541,2,0.2414,32,1,1730,2,1.0,1024,7
20.928571428571438,146.50000000000006,7,0,distressed_assets,20.923714955647785,5,0.2402,30,1,1730,5,0.7142857142857143,1152,8
19.655714285714282,137.58999999999997,7,0,distressed_assets,20.005647659301758,5,0.239,40,1,1730,5,0.7142857142857143,1280,9
29.187999999999988,145.93999999999994,5,0,distressed_assets,20.487131118774414,5,0.2378,33,1,1730,5,1.0,1408,10
22.777999999999988,227.7799999999999,10,0,distressed_assets,32.07249450683594,7,0.2366,34,1,1730,7,0.7,1536,11
25.007000000000012,250.0700000000001,10,0,distressed_assets,32.8230094909668,9,0.2354,31,1,1730,9,0.9,1664,12
23.344444444444445,210.1,9,0,distressed_assets,24.252150853474934,9,0.2342,30,1,1730,9,1.0,1792,13
29.954285714285703,419.35999999999984,14,0,distressed_assets,50.806617736816406,14,0.2331,29,1,1730,14,1.0,1920,14
34.275714285714294,239.93000000000004,7,0,distressed_assets,44.080963134765625,7,0.2319,37,1,1730,7,1.0,2048,15
31.98076923076924,415.7500000000001,13,0,distressed_assets,56.08528137207031,13,0.2307,38,1,1730,13,1.0,2176,16
23.227777777777778,209.05,9,0,distressed_assets,29.168555577596027,7,0.2296,31,1,1730,7,0.7777777777777778,2304,17
24.56571428571428,171.95999999999995,7,0,distressed_assets,20.01096471150716,7,0.2284,39,1,1730,7,1.0,2432,18
36.815833333333366,441.7900000000004,12,0,distressed_assets,70.9233907063802,11,0.2273,24,1,1730,11,0.9166666666666666,2560,19
24.49749999999999,293.9699999999999,12,0,distressed_assets,32.520426432291664,11,0.2262,25,1,1730,11,0.9166666666666666,2688,20
24.73357142857144,346.27000000000015,14,0,distressed_assets,38.795571645100914,13,0.225,28,1,1730,13,0.9285714285714286,2816,21
30.93300000000003,309.33000000000027,10,0,distressed_assets,47.74341837565104,10,0.2239,27,1,1730,10,1.0,2944,22
27.04000000000001,378.5600000000001,14,0,distressed_assets,37.20892206827799,14,0.2228,24,1,1730,14,1.0,3072,23
22.85769230769231,297.15000000000003,13,0,distressed_assets,33.9029655456543,11,0.2217,26,1,1730,11,0.8461538461538461,3200,24
28.05400000000002,420.8100000000003,15,0,distressed_assets,52.347161610921226,15,0.2206,18,1,1730,15,1.0,3328,25
23.032142857142865,322.4500000000001,14,0,distressed_assets,32.799068450927734,13,0.2195,31,1,1730,13,0.9285714285714286,3456,26
28.599,285.99,10,0,distressed_assets,38.92724355061849,10,0.2184,40,1,1730,10,1.0,3584,27
27.20076923076925,353.61000000000024,13,0,distressed_assets,48.7296028137207,13,0.2173,35,1,1730,13,1.0,3712,28
24.609285714285715,344.53000000000003,14,0,distressed_assets,39.445794423421226,14,0.2162,22,1,1730,14,1.0,3840,29
26.860000000000003,295.46000000000004,11,0,distressed_assets,33.267765045166016,11,0.2151,28,1,1730,11,1.0,3968,30
28.749999999999996,344.99999999999994,12,0,distressed_assets,39.42729187011719,12,0.214,27,1,1730,12,1.0,4096,31
28.964,434.46,15,0,distressed_assets,46.05625915527344,15,0.213,19,1,1730,15,1.0,4224,32
26.462307692307704,344.01000000000016,13,0,distressed_assets,35.5562858581543,13,0.2119,31,1,1730,13,1.0,4352,33
22.21076923076923,288.74,13,0,distressed_assets,26.612449645996094,12,0.2108,29,1,1730,12,0.9230769230769231,4480,34
29.524545454545446,324.7699999999999,11,0,distressed_assets,43.31355667114258,11,0.2098,28,1,1730,11,1.0,4608,35
22.021428571428572,308.3,14,0,distressed_assets,37.41751352945963,13,0.2087,19,1,1730,13,0.9285714285714286,4736,36
21.45437499999999,343.26999999999987,16,0,distressed_assets,28.25806490580241,16,0.2077,28,1,1730,16,1.0,4864,37
29.929999999999993,329.2299999999999,11,0,distressed_assets,48.88723119099935,11,0.2066,22,1,1730,11,1.0,4992,38
27.504285714285707,385.0599999999999,14,0,distressed_assets,49.553881327311196,14,0.2056,24,1,1730,14,1.0,5120,39
29.158571428571406,408.2199999999997,14,0,distressed_assets,56.23639933268229,14,0.2046,24,1,1730,14,1.0,5248,40
22.258666666666663,333.87999999999994,15,0,distressed_assets,28.67399024963379,15,0.2036,22,1,1730,15,1.0,5376,41
23.76249999999999,285.14999999999986,12,0,distressed_assets,38.39354960123698,10,0.2025,31,1,1730,10,0.8333333333333334,5504,42
33.41583333333332,400.9899999999998,12,0,distressed_assets,61.02849197387695,11,0.2015,29,1,1730,11,0.9166666666666666,5632,43
24.043636363636356,264.4799999999999,11,0,distressed_assets,35.91012446085612,10,0.2005,27,1,1730,10,0.9090909090909091,5760,44
23.691428571428556,331.6799999999998,14,0,distressed_assets,39.502020517985024,13,0.1995,26,1,1730,13,0.9285714285714286,5888,45
19.39333333333333,232.71999999999997,12,0,distressed_assets,19.205732345581055,11,0.1985,26,1,1730,11,0.9166666666666666,6016,46
20.60142857142854,288.41999999999956,14,0,distressed_assets,26.07882563273112,13,0.1975,24,1,1730,13,0.9285714285714286,6144,47
29.755454545454537,327.3099999999999,11,0,distressed_assets,58.217854817708336,10,0.1965,42,1,1730,10,0.9090909090909091,6272,48
29.099285714285692,407.3899999999997,14,0,distressed_assets,57.14724477132162,13,0.1956,27,1,1730,13,0.9285714285714286,6400,49
28.197142857142854,394.75999999999993,14,0,distressed_assets,51.71978251139323,13,0.1946,30,1,1730,13,0.9285714285714286,6528,50
18.91466666666665,283.71999999999974,15,0,distressed_assets,26.996339797973633,15,0.1936,19,1,1730,15,1.0,6656,51
19.668333333333322,236.01999999999987,12,0,distressed_assets,31.295745849609375,9,0.1926,28,1,1730,9,0.75,6784,52
30.708666666666655,460.6299999999998,15,0,distressed_assets,56.94680531819662,15,0.1917,20,1,1730,15,1.0,6912,53
21.649230769230762,281.4399999999999,13,0,distressed_assets,28.81942303975423,12,0.1907,26,1,1730,12,0.9230769230769231,7040,54
17.739285714285696,248.34999999999977,14,0,distressed_assets,26.85840352376302,13,0.1898,28,1,1730,13,0.9285714285714286,7168,55
30.08666666666666,270.7799999999999,9,0,distressed_assets,40.12090555826823,9,0.1888,24,1,1730,9,1.0,7296,56
24.400769230769225,317.2099999999999,13,0,distressed_assets,33.92251714070638,13,0.1879,21,1,1730,13,1.0,7424,57
23.854615384615354,310.1099999999996,13,0,distressed_assets,28.91713523864746,13,0.1869,23,1,1730,13,1.0,7552,58
20.970833333333328,251.64999999999995,12,0,distressed_assets,27.873204549153645,12,0.186,27,1,1730,12,1.0,7680,59
18.952499999999983,227.4299999999998,12,0,distressed_assets,24.212162653605144,11,0.1851,31,1,1730,11,0.9166666666666666,7808,60
26.7475,320.96999999999997,12,0,distressed_assets,47.152730305989586,11,0.1841,24,1,1730,11,0.9166666666666666,7936,61
30.37500000000002,303.7500000000002,10,0,distressed_assets,39.47860209147135,10,0.1832,24,1,1730,10,1.0,8064,62
25.025000000000034,300.3000000000004,12,0,distressed_assets,37.68051783243815,12,0.1823,21,1,1730,12,1.0,8192,63
22.36363636363636,245.99999999999994,11,0,distressed_assets,31.321236928304035,9,0.1814,22,1,1730,9,0.8181818181818182,8320,64
32.789,327.89000000000004,10,0,distressed_assets,58.499593098958336,10,0.1805,32,1,1730,10,1.0,8448,65
22.52599999999999,225.2599999999999,10,0,distressed_assets,29.631824493408203,8,0.1796,21,1,1730,8,0.8,8576,66
29.208181818181835,321.2900000000002,11,0,distressed_assets,49.47704950968424,11,0.1787,17,1,1730,11,1.0,8704,67
31.413000000000032,314.13000000000034,10,0,distressed_assets,52.10290781656901,10,0.1778,25,1,1730,10,1.0,8832,68
32.778749999999974,262.2299999999998,8,0,distressed_assets,51.424329121907554,7,0.1769,29,1,1730,7,0.875,8960,69
24.64222222222221,221.7799999999999,9,0,distressed_assets,30.234947840372723,8,0.176,16,1,1730,8,0.8888888888888888,9088,70
33.85499999999998,203.1299999999999,6,0,distressed_assets,39.241127014160156,6,0.1751,17,1,1730,6,1.0,9216,71
26.419230769230815,343.4500000000006,13,0,distressed_assets,41.90956115722656,13,0.1743,21,1,1730,13,1.0,9344,72
31.252500000000044,375.03000000000054,12,0,distressed_assets,55.63011042277018,10,0.1734,20,1,1730,10,0.8333333333333334,9472,73
28.74800000000004,431.2200000000006,15,0,distressed_assets,53.37042744954427,14,0.1725,25,1,1730,14,0.9333333333333333,9600,74
29.35833333333336,352.3000000000003,12,0,distressed_assets,46.03521474202474,12,0.1717,29,1,1730,12,1.0,9728,75
24.011249999999976,192.0899999999998,8,0,distressed_assets,23.01717185974121,8,0.1708,30,1,1730,8,1.0,9856,76
20.624615384615385,268.12,13,0,distressed_assets,28.189520517985027,11,0.1699,25,1,1730,11,0.8461538461538461,9984,77
30.84307692307696,400.9600000000005,13,0,distressed_assets,54.86480458577474,12,0.1691,18,1,1730,12,0.9230769230769231,10112,78
32.932857142857195,461.06000000000074,14,0,distressed_assets,68.24373881022136,13,0.1683,26,1,1730,13,0.9285714285714286,10240,79
23.179230769230784,301.3300000000002,13,0,distressed_assets,33.47098032633463,13,0.1674,17,1,1730,13,1.0,10368,80
28.67833333333333,344.14,12,0,distressed_assets,47.94979604085287,11,0.1666,19,1,1730,11,0.9166666666666666,10496,81
24.72000000000002,370.8000000000003,15,0,distressed_assets,45.21420415242513,15,0.1657,13,1,1730,15,1.0,10624,82
39.346666666666756,472.1600000000011,12,0,distressed_assets,85.37687428792317,12,0.1649,15,1,1730,12,1.0,10752,83
29.188999999999986,291.8899999999999,10,0,distressed_assets,47.340997060139976,9,0.1641,24,1,1730,9,0.9,10880,84
23.359999999999992,210.23999999999992,9,0,distressed_assets,20.152960459391277,9,0.1633,20,1,1730,9,1.0,11008,85
24.866999999999997,248.66999999999996,10,0,distressed_assets,31.27882957458496,9,0.1625,29,1,1730,9,0.9,11136,86
25.906999999999993,259.06999999999994,10,0,distressed_assets,40.055432637532554,9,0.1616,24,1,1730,9,0.9,11264,87
30.874166666666735,370.4900000000008,12,0,distressed_assets,52.52861658732096,11,0.1608,23,1,1730,11,0.9166666666666666,11392,88
35.021249999999995,280.16999999999996,8,0,distressed_assets,54.623243967692055,8,0.16,17,1,1730,8,1.0,11520,89
30.85166666666665,185.1099999999999,6,0,distressed_assets,38.93348821004232,6,0.1592,22,1,1730,6,1.0,11648,90
24.609999999999992,123.04999999999997,5,0,distressed_assets,16.991580963134766,4,0.1584,25,1,1730,4,0.8,11776,91
36.329230769230804,472.2800000000004,13,0,distressed_assets,73.06450907389323,13,0.1576,28,1,1730,13,1.0,11904,92
27.292727272727287,300.22000000000014,11,0,distressed_assets,42.71671930948893,10,0.1569,24,1,1730,10,0.9090909090909091,12032,93
32.56111111111113,293.0500000000002,9,0,distressed_assets,54.01577377319336,8,0.1561,19,1,1730,8,0.8888888888888888,12160,94
36.01571428571426,252.10999999999984,7,0,distressed_assets,47.445428212483726,7,0.1553,16,1,1730,7,1.0,12288,95
28.692499999999992,229.53999999999994,8,0,distressed_assets,31.912364959716797,8,0.1545,22,1,1730,8,1.0,12416,96
30.918749999999996,247.34999999999997,8,0,distressed_assets,43.6386464436849,8,0.1537,16,1,1730,8,1.0,12544,97
29.32909090909096,322.6200000000006,11,0,distressed_assets,40.834476470947266,11,0.153,22,1,1730,11,1.0,12672,98
24.991666666666646,149.94999999999987,6,0,distressed_assets,24.026278177897137,5,0.1522,24,1,1730,5,0.8333333333333334,12800,99
4.417777777777777,39.76,9,0,distressed_assets,7.437210877736409,1,0.25,29,2,1731,1,0.1111111111111111,128,0
6.5575,52.46,8,0,distressed_assets,6.567648251851399,2,0.2487,38,2,1731,2,0.25,256,1
8.73749999999999,69.89999999999992,8,0,distressed_assets,8.456867218017578,3,0.2475,34,2,1731,3,0.375,384,2
13.707777777777775,123.36999999999998,9,0,distressed_assets,17.506099700927734,3,0.2463,33,2,1731,3,0.3333333333333333,512,3
26.484285714285715,185.39000000000001,7,0,distressed_assets,25.82854652404785,6,0.245,38,2,1731,6,0.8571428571428571,640,4
17.930000000000003,197.23000000000002,11,0,distressed_assets,27.00213623046875,7,0.2438,39,2,1731,7,0.6363636363636364,768,5
29.43636363636364,323.80000000000007,11,0,distressed_assets,50.63378016153971,10,0.2426,32,2,1731,10,0.9090909090909091,896,6
31.435000000000002,314.35,10,0,distressed_assets,58.666133880615234,8,0.2414,39,2,1731,8,0.8,1024,7
18.672857142857147,130.71000000000004,7,0,distressed_assets,15.601021448771158,7,0.2402,31,2,1731,7,1.0,1152,8
19.935833333333353,239.23000000000022,12,0,distressed_assets,33.692849477132164,8,0.239,31,2,1731,8,0.6666666666666666,1280,9
27.11166666666668,325.34000000000015,12,0,distressed_assets,39.45779800415039,12,0.2378,35,2,1731,12,1.0,1408,10
19.665384615384614,255.64999999999998,13,0,distressed_assets,27.44017791748047,11,0.2366,25,2,1731,11,0.8461538461538461,1536,11
28.42153846153845,369.47999999999985,13,0,distressed_assets,50.571539560953774,12,0.2354,26,2,1731,12,0.9230769230769231,1664,12
33.828571428571436,473.6000000000001,14,0,distressed_assets,65.2903315226237,14,0.2342,32,2,1731,14,1.0,1792,13
30.71454545454545,337.85999999999996,11,0,distressed_assets,59.21275202433268,11,0.2331,28,2,1731,11,1.0,1920,14
32.75166666666667,393.0200000000001,12,0,distressed_assets,57.193625132242836,11,0.2319,26,2,1731,11,0.9166666666666666,2048,15
24.025384615384628,312.33000000000015,13,0,distressed_assets,34.4124870300293,12,0.2307,27,2,1731,12,0.9230769230769231,2176,16
29.69111111111111,267.21999999999997,9,0,distressed_assets,39.58165740966797,9,0.2296,25,2,1731,9,1.0,2304,17
31.52166666666668,378.26000000000016,12,0,distressed_assets,54.15733973185221,12,0.2284,27,2,1731,12,1.0,2432,18
24.094444444444452,216.85000000000008,9,0,distressed_assets,26.28461456298828,9,0.2273,22,2,1731,9,1.0,2560,19
37.98625,303.89,8,0,distressed_assets,47.13478469848633,8,0.2262,27,2,1731,8,1.0,2688,20
19.646666666666665,235.76,12,0,distressed_assets,29.855910619099934,11,0.225,32,2,1731,11,0.9166666666666666,2816,21
30.51071428571429,427.15000000000003,14,0,distressed_assets,58.30889892578125,14,0.2239,20,2,1731,14,1.0,2944,22
25.93214285714286,363.05000000000007,14,0,distressed_assets,45.79742685953776,13,0.2228,31,2,1731,13,0.9285714285714286,3072,23
30.05266666666667,450.7900000000001,15,0,distressed_assets,47.72838592529297,15,0.2217,27,2,1731,15,1.0,3200,24
25.59866666666668,383.9800000000002,15,0,distressed_assets,44.07439931233724,15,0.2206,27,2,1731,15,1.0,3328,25
33.590769230769226,436.67999999999995,13,0,distressed_assets,58.54554748535156,13,0.2195,31,2,1731,13,1.0,3456,26
30.32583333333334,363.9100000000001,12,0,distressed_assets,39.367801666259766,12,0.2184,25,2,1731,12,1.0,3584,27
26.779285714285713,374.90999999999997,14,0,distressed_assets,48.91376876831055,14,0.2173,30,2,1731,14,1.0,3712,28
29.62857142857143,414.8,14,0,distressed_assets,52.515664418538414,13,0.2162,20,2,1731,13,0.9285714285714286,3840,29
30.098000000000013,300.98000000000013,10,0,distressed_assets,38.89183553059896,10,0.2151,22,2,1731,10,1.0,3968,30
33.15000000000002,364.6500000000002,11,0,distressed_assets,49.23211161295573,11,0.214,24,2,1731,11,1.0,4096,31
32.12272727272728,353.35000000000014,11,0,distressed_assets,53.46299489339193,11,0.213,25,2,1731,11,1.0,4224,32
33.58333333333334,302.2500000000001,9,0,distressed_assets,47.31508127848307,9,0.2119,25,2,1731,9,1.0,4352,33
38.080000000000005,456.96000000000004,12,0,distressed_assets,73.1376444498698,11,0.2108,27,2,1731,11,0.9166666666666666,4480,34
37.04000000000003,481.5200000000003,13,0,distressed_assets,70.20060729980469,13,0.2098,23,2,1731,13,1.0,4608,35
28.699999999999996,401.79999999999995,14,0,distressed_assets,44.82289123535156,13,0.2087,23,2,1731,13,0.9285714285714286,4736,36
30.076249999999998,240.60999999999999,8,0,distressed_assets,37.99843215942383,7,0.2077,21,2,1731,7,0.875,4864,37
23.305,186.44,8,0,distressed_assets,24.25502077738444,7,0.2066,26,2,1731,7,0.875,4992,38
32.30727272727274,355.38000000000017,11,0,distressed_assets,50.964881896972656,11,0.2056,22,2,1731,11,1.0,5120,39
32.874166666666675,394.49000000000007,12,0,distressed_assets,55.20159657796224,12,0.2046,24,2,1731,12,1.0,5248,40
25.640666666666668,384.61,15,0,distressed_assets,39.790592193603516,14,0.2036,20,2,1731,14,0.9333333333333333,5376,41
23.294375000000002,372.71000000000004,16,0,distressed_assets,37.38190205891927,16,0.2025,30,2,1731,16,1.0,5504,42
28.58923076923077,371.66,13,0,distressed_assets,43.28808848063151,13,0.2015,27,2,1731,13,1.0,5632,43
25.040000000000003,250.40000000000003,10,0,distressed_assets,28.93353843688965,9,0.2005,23,2,1731,9,0.9,5760,44
33.144444444444446,298.3,9,0,distressed_assets,50.22901153564453,9,0.1995,29,2,1731,9,1.0,5888,45
28.75500000000001,345.0600000000001,12,0,distressed_assets,39.704994201660156,11,0.1985,25,2,1731,11,0.9166666666666666,6016,46
31.74928571428572,444.49000000000007,14,0,distressed_assets,56.264837900797524,14,0.1975,23,2,1731,14,1.0,6144,47
30.752857142857156,430.5400000000002,14,0,distressed_assets,56.08380254109701,14,0.1965,27,2,1731,14,1.0,6272,48
31.046250000000004,248.37000000000003,8,0,distressed_assets,35.29401524861654,8,0.1956,25,2,1731,8,1.0,6400,49
35.42615384615385,460.5400000000001,13,0,distressed_assets,69.84835306803386,13,0.1946,24,2,1731,13,1.0,6528,50
19.914285714285715,278.8,14,0,distressed_assets,24.823902765909832,13,0.1936,35,2,1731,13,0.9285714285714286,6656,51
36.92769230769232,480.0600000000001,13,0,distressed_assets,80.90976460774739,13,0.1926,19,2,1731,13,1.0,6784,52
28.630833333333328,343.56999999999994,12,0,distressed_assets,39.48461786905924,12,0.1917,19,2,1731,12,1.0,6912,53
30.30333333333333,363.64,12,0,distressed_assets,52.52493413289388,12,0.1907,26,2,1731,12,1.0,7040,54
31.56923076923077,410.40000000000003,13,0,distressed_assets,50.47356669108073,12,0.1898,26,2,1731,12,0.9230769230769231,7168,55
31.688000000000002,475.32000000000005,15,0,distressed_assets,54.03675842285156,15,0.1888,20,2,1731,15,1.0,7296,56
27.578181818181825,303.36000000000007,11,0,distressed_assets,41.72994867960612,11,0.1879,18,2,1731,11,1.0,7424,57
28.38384615384617,368.99000000000024,13,0,distressed_assets,54.24251810709635,12,0.1869,21,2,1731,12,0.9230769230769231,7552,58
37.28125000000001,298.25000000000006,8,0,distressed_assets,49.39224116007487,8,0.186,20,2,1731,8,1.0,7680,59
28.699090909090923,315.69000000000017,11,0,distressed_assets,39.29896036783854,11,0.1851,22,2,1731,11,1.0,7808,60
37.226666666666674,558.4000000000001,15,0,distressed_assets,78.5049819946289,15,0.1841,22,2,1731,15,1.0,7936,61
28.25923076923077,367.37,13,0,distressed_assets,41.840630849202476,13,0.1832,26,2,1731,13,1.0,8064,62
35.26615384615386,458.4600000000002,13,0,distressed_assets,66.39917500813802,13,0.1823,21,2,1731,13,1.0,8192,63
30.379166666666666,364.55,12,0,distressed_assets,48.751258850097656,11,0.1814,23,2,1731,11,0.9166666666666666,8320,64
28.65000000000002,515.7000000000004,18,0,distressed_assets,50.291748046875,18,0.1805,22,2,1731,18,1.0,8448,65
32.897647058823544,559.2600000000002,17,0,distressed_assets,65.39314778645833,16,0.1796,35,2,1731,16,0.9411764705882353,8576,66
32.182142857142864,450.55000000000007,14,0,distressed_assets,64.63918050130208,14,0.1787,24,2,1731,14,1.0,8704,67
33.00571428571429,462.08000000000004,14,0,distressed_assets,58.74229939778646,14,0.1778,20,2,1731,14,1.0,8832,68
35.627058823529424,605.6600000000002,17,0,distressed_assets,74.71188354492188,17,0.1769,24,2,1731,17,1.0,8960,69
33.0923076923077,430.2000000000001,13,0,distressed_assets,62.08307774861654,13,0.176,21,2,1731,13,1.0,9088,70
41.05875,328.47,8,0,distressed_assets,62.79958470662435,8,0.1751,24,2,1731,8,1.0,9216,71
30.134999999999994,241.07999999999996,8,0,distressed_assets,34.12199910481771,8,0.1743,15,2,1731,8,1.0,9344,72
31.55888888888889,284.03000000000003,9,0,distressed_assets,46.8806521097819,9,0.1734,21,2,1731,9,1.0,9472,73
32.4323076923077,421.6200000000001,13,0,distressed_assets,58.507562001546226,13,0.1725,21,2,1731,13,1.0,9600,74
31.654285714285717,443.16,14,0,distressed_assets,56.9816042582194,14,0.1717,22,2,1731,14,1.0,9728,75
26.218235294117648,445.71,17,0,distressed_assets,48.67129389444987,17,0.1708,26,2,1731,17,1.0,9856,76
26.69058823529412,453.74,17,0,distressed_assets,44.35054397583008,17,0.1699,24,2,1731,17,1.0,9984,77
28.321818181818177,311.53999999999996,11,0,distressed_assets,42.052032470703125,10,0.1691,25,2,1731,10,0.9090909090909091,10112,78
34.89272727272728,383.82000000000005,11,0,distressed_assets,59.195700327555336,11,0.1683,25,2,1731,11,1.0,10240,79
35.07625000000001,280.61000000000007,8,0,distressed_assets,44.45698038736979,8,0.1674,21,2,1731,8,1.0,10368,80
39.995,239.97,6,0,distressed_assets,46.566009521484375,6,0.1666,18,2,1731,6,1.0,10496,81
37.120000000000005,371.20000000000005,10,0,distressed_assets,57.9697519938151,10,0.1657,23,2,1731,10,1.0,10624,82
34.226923076923086,444.9500000000001,13,0,distressed_assets,57.82555898030599,13,0.1649,19,2,1731,13,1.0,10752,83
31.296363636363647,344.2600000000001,11,0,distressed_assets,42.96677017211914,11,0.1641,22,2,1731,11,1.0,10880,84
23.815384615384623,309.6000000000001,13,0,distressed_assets,25.203446706136067,13,0.1633,16,2,1731,13,1.0,11008,85
27.562666666666694,413.4400000000004,15,0,distressed_assets,40.84551111857096,15,0.1625,19,2,1731,15,1.0,11136,86
26.10125000000002,417.62000000000035,16,0,distressed_assets,44.03070068359375,15,0.1616,21,2,1731,15,0.9375,11264,87
30.662222222222212,275.9599999999999,9,0,distressed_assets,44.18566640218099,8,0.1608,27,2,1731,8,0.8888888888888888,11392,88
33.6718181818182,370.3900000000002,11,0,distressed_assets,59.25567499796549,11,0.16,23,2,1731,11,1.0,11520,89
36.400833333333345,436.8100000000001,12,0,distressed_assets,61.40580749511719,12,0.1592,26,2,1731,12,1.0,11648,90
31.16100000000001,311.61000000000007,10,0,distressed_assets,43.8979123433431,10,0.1584,16,2,1731,10,1.0,11776,91
29.481000000000005,294.81000000000006,10,0,distressed_assets,34.966294606526695,10,0.1576,26,2,1731,10,1.0,11904,92
27.95499999999999,391.3699999999999,14,0,distressed_assets,45.38810729980469,14,0.1569,24,2,1731,14,1.0,12032,93
33.275000000000006,399.30000000000007,12,0,distressed_assets,47.0152219136556,12,0.1561,25,2,1731,12,1.0,12160,94
31.608461538461533,410.9099999999999,13,0,distressed_assets,48.235591888427734,13,0.1553,24,2,1731,13,1.0,12288,95
32.84266666666668,492.6400000000002,15,0,distressed_assets,63.9329465230306,15,0.1545,19,2,1731,15,1.0,12416,96
24.186153846153857,314.42000000000013,13,0,distressed_assets,33.09687423706055,13,0.1537,22,2,1731,13,1.0,12544,97
32.879166666666684,394.5500000000002,12,0,distressed_assets,52.38919321695963,12,0.153,19,2,1731,12,1.0,12672,98
36.925,369.25,10,0,distressed_assets,64.95843760172527,9,0.1522,24,2,1731,9,0.9,12800,99
21.082857142857154,147.58000000000007,7,0,distressed_assets,25.150119145711262,7,0.25,37,3,1732,7,1.0,128,0
31.71090909090909,348.82,11,0,distressed_assets,60.759412129720054,10,0.2487,36,3,1732,10,0.9090909090909091,256,1
23.96833333333336,287.6200000000003,12,0,distressed_assets,33.830308278401695,11,0.2475,27,3,1732,11,0.9166666666666666,384,2
23.511666666666674,141.07000000000005,6,0,distressed_assets,14.33411979675293,6,0.2463,40,3,1732,6,1.0,512,3
42.725000000000016,170.90000000000006,4,0,distressed_assets,39.76095072428385,4,0.245,35,3,1732,4,1.0,640,4
31.86222222222224,286.76000000000016,9,0,distressed_assets,39.9732551574707,9,0.2438,26,3,1732,9,1.0,768,5
35.28444444444444,317.55999999999995,9,0,distressed_assets,56.27365493774414,9,0.2426,25,3,1732,9,1.0,896,6
20.799166666666668,249.59,12,0,distressed_assets,24.96810468037923,11,0.2414,26,3,1732,11,0.9166666666666666,1024,7
19.90636363636364,218.97000000000003,11,0,distressed_assets,24.779965082804363,9,0.2402,28,3,1732,9,0.8181818181818182,1152,8
24.05250000000002,288.6300000000002,12,0,distressed_assets,40.13454818725586,10,0.239,42,3,1732,10,0.8333333333333334,1280,9
36.38545454545454,400.24,11,0,distressed_assets,66.0460942586263,11,0.2378,38,3,1732,11,1.0,1408,10
29.441666666666688,353.30000000000024,12,0,distressed_assets,46.285247802734375,12,0.2366,25,3,1732,12,1.0,1536,11
21.63400000000001,216.34000000000012,10,0,distressed_assets,30.107816060384113,9,0.2354,31,3,1732,9,0.9,1664,12
32.176153846153866,418.29000000000025,13,0,distressed_assets,59.00184758504232,13,0.2342,27,3,1732,13,1.0,1792,13
26.715454545454556,293.8700000000001,11,0,distressed_assets,35.73176066080729,11,0.2331,34,3,1732,11,1.0,1920,14
35.127857142857145,491.7900000000001,14,0,distressed_assets,66.94216918945312,14,0.2319,33,3,1732,14,1.0,2048,15
29.366666666666674,264.30000000000007,9,0,distressed_assets,32.9638303120931,9,0.2307,35,3,1732,9,1.0,2176,16
31.719166666666684,380.6300000000002,12,0,distressed_assets,53.25810114542643,12,0.2296,30,3,1732,12,1.0,2304,17
28.115454545454533,309.26999999999987,11,0,distressed_assets,39.8703867594401,10,0.2284,31,3,1732,10,0.9090909090909091,2432,18
24.39555555555556,219.56000000000003,9,0,distressed_assets,26.742408752441406,9,0.2273,40,3,1732,9,1.0,2560,19
26.538666666666657,398.07999999999987,15,0,distressed_assets,48.65817387898763,14,0.2262,22,3,1732,14,0.9333333333333333,2688,20
24.641538461538474,320.34000000000015,13,0,distressed_assets,44.11784235636393,13,0.225,28,3,1732,13,1.0,2816,21
24.142666666666678,362.14000000000016,15,0,distressed_assets,39.50708262125651,14,0.2239,25,3,1732,14,0.9333333333333333,2944,22
34.474375,551.59,16,0,distressed_assets,70.0508524576823,16,0.2228,35,3,1732,16,1.0,3072,23
30.533636363636365,335.87,11,0,distressed_assets,42.683326721191406,11,0.2217,31,3,1732,11,1.0,3200,24
31.317142857142887,438.4400000000004,14,0,distressed_assets,55.6767578125,14,0.2206,30,3,1732,14,1.0,3328,25
26.943571428571428,377.21,14,0,distressed_assets,39.16450881958008,14,0.2195,28,3,1732,14,1.0,3456,26
29.270769230769226,380.5199999999999,13,0,distressed_assets,48.19297790527344,13,0.2184,26,3,1732,13,1.0,3584,27
28.74461538461538,373.67999999999995,13,0,distressed_assets,50.75397237141927,13,0.2173,31,3,1732,13,1.0,3712,28
35.032500000000034,420.3900000000004,12,0,distressed_assets,60.86872990926107,12,0.2162,26,3,1732,12,1.0,3840,29
26.1523076923077,339.98000000000013,13,0,distressed_assets,37.529309590657554,13,0.2151,27,3,1732,13,1.0,3968,30
27.02307692307693,351.30000000000007,13,0,distressed_assets,43.52108637491862,13,0.214,31,3,1732,13,1.0,4096,31
27.668,276.68,10,0,distressed_assets,36.887917836507164,10,0.213,35,3,1732,10,1.0,4224,32
23.553124999999998,376.84999999999997,16,0,distressed_assets,39.78902943929037,16,0.2119,25,3,1732,16,1.0,4352,33
27.643750000000026,442.3000000000004,16,0,distressed_assets,50.15652720133463,15,0.2108,39,3,1732,15,0.9375,4480,34
28.97583333333333,347.71,12,0,distressed_assets,51.49272791544596,12,0.2098,29,3,1732,12,1.0,4608,35
30.43272727272729,334.7600000000002,11,0,distressed_assets,40.693154652913414,11,0.2087,28,3,1732,11,1.0,4736,36
21.438666666666666,321.58,15,0,distressed_assets,30.955324172973633,14,0.2077,18,3,1732,14,0.9333333333333333,4864,37
24.585333333333338,368.7800000000001,15,0,distressed_assets,36.47006479899088,14,0.2066,23,3,1732,14,0.9333333333333333,4992,38
21.38076923076921,277.94999999999976,13,0,distressed_assets,27.135623931884766,12,0.2056,24,3,1732,12,0.9230769230769231,5120,39
26.040714285714273,364.5699999999998,14,0,distressed_assets,41.2858772277832,13,0.2046,33,3,1732,13,0.9285714285714286,5248,40
27.64100000000001,276.4100000000001,10,0,distressed_assets,33.4346923828125,10,0.2036,30,3,1732,10,1.0,5376,41
33.887857142857136,474.42999999999995,14,0,distressed_assets,70.47635396321614,13,0.2025,24,3,1732,13,0.9285714285714286,5504,42
27.81066666666667,417.16,15,0,distressed_assets,52.30386098225912,14,0.2015,21,3,1732,14,0.9333333333333333,5632,43
31.260714285714293,437.6500000000001,14,0,distressed_assets,64.27339426676433,14,0.2005,18,3,1732,14,1.0,5760,44
22.699411764705893,385.89000000000016,17,0,distressed_assets,33.976643880208336,16,0.1995,33,3,1732,16,0.9411764705882353,5888,45
24.39133333333332,365.86999999999983,15,0,distressed_assets,39.36248016357422,13,0.1985,38,3,1732,13,0.8666666666666667,6016,46
30.032,300.32,10,0,distressed_assets,40.6838010152181,10,0.1975,25,3,1732,10,1.0,6144,47
28.96923076923077,376.6,13,0,distressed_assets,47.24079513549805,13,0.1965,30,3,1732,13,1.0,6272,48
30.743571428571435,430.4100000000001,14,0,distressed_assets,50.368309020996094,14,0.1956,28,3,1732,14,1.0,6400,49
30.535294117647066,519.1000000000001,17,0,distressed_assets,57.83935801188151,17,0.1946,25,3,1732,17,1.0,6528,50
31.614166666666673,379.37000000000006,12,0,distressed_assets,51.70065180460612,11,0.1936,21,3,1732,11,0.9166666666666666,6656,51
30.440000000000044,304.40000000000043,10,0,distressed_assets,48.35539627075195,9,0.1926,19,3,1732,9,0.9,6784,52
35.162222222222226,316.46000000000004,9,0,distressed_assets,47.55782699584961,8,0.1917,22,3,1732,8,0.8888888888888888,6912,53
34.777000000000015,347.77000000000015,10,0,distressed_assets,55.28457514444987,10,0.1907,20,3,1732,10,1.0,7040,54
35.223333333333336,211.34,6,0,distressed_assets,33.01149113972982,6,0.1898,29,3,1732,6,1.0,7168,55
33.593846153846165,436.72000000000014,13,0,distressed_assets,53.68034871419271,13,0.1888,23,3,1732,13,1.0,7296,56
31.04727272727273,341.52000000000004,11,0,distressed_assets,39.97380701700846,11,0.1879,27,3,1732,11,1.0,7424,57
31.303749999999997,250.42999999999998,8,0,distressed_assets,37.796461741129555,7,0.1869,25,3,1732,7,0.875,7552,58
27.316000000000006,409.74000000000007,15,0,distressed_assets,40.09931437174479,15,0.186,22,3,1732,15,1.0,7680,59
23.828181818181815,262.10999999999996,11,0,distressed_assets,36.832889556884766,10,0.1851,24,3,1732,10,0.9090909090909091,7808,60
32.17000000000001,321.7000000000001,10,0,distressed_assets,43.736979166666664,9,0.1841,24,3,1732,9,0.9,7936,61
30.238181818181825,332.62000000000006,11,0,distressed_assets,48.50822194417318,11,0.1832,22,3,1732,11,1.0,8064,62
35.5675,284.54,8,0,distressed_assets,49.72396977742513,8,0.1823,23,3,1732,8,1.0,8192,63
36.08066666666665,541.2099999999998,15,0,distressed_assets,77.45108795166016,15,0.1814,26,3,1732,15,1.0,8320,64
33.09578947368423,628.8200000000004,19,0,distressed_assets,66.81234486897786,19,0.1805,16,3,1732,19,1.0,8448,65
29.187857142857144,408.63,14,0,distressed_assets,57.15753046671549,14,0.1796,26,3,1732,14,1.0,8576,66
23.386000000000017,233.86000000000016,10,0,distressed_assets,32.694262186686196,8,0.1787,20,3,1732,8,0.8,8704,67
26.76916666666666,321.2299999999999,12,0,distressed_assets,41.26000086466471,11,0.1778,30,3,1732,11,0.9166666666666666,8832,68
27.522307692307688,357.78999999999996,13,0,distressed_assets,47.593161265055336,12,0.1769,22,3,1732,12,0.9230769230769231,8960,69
28.02153846153847,364.2800000000001,13,0,distressed_assets,46.44561640421549,12,0.176,22,3,1732,12,0.9230769230769231,9088,70
31.80187500000001,508.83000000000015,16,0,distressed_assets,65.73987070719402,16,0.1751,22,3,1732,16,1.0,9216,71
32.70444444444446,588.6800000000003,18,0,distressed_assets,68.85711415608723,18,0.1743,16,3,1732,18,1.0,9344,72
23.841250000000016,381.46000000000026,16,0,distressed_assets,36.41714986165365,15,0.1734,29,3,1732,15,0.9375,9472,73
26.971333333333337,404.57000000000005,15,0,distressed_assets,44.567709604899086,14,0.1725,19,3,1732,14,0.9333333333333333,9600,74
30.471428571428582,426.60000000000014,14,0,distressed_assets,52.96858342488607,13,0.1717,30,3,1732,13,0.9285714285714286,9728,75
25.58454545454545,281.42999999999995,11,0,distressed_assets,34.33957163492838,11,0.1708,24,3,1732,11,1.0,9856,76
22.00071428571429,308.0100000000001,14,0,distressed_assets,24.837890625,14,0.1699,26,3,1732,14,1.0,9984,77
34.6023076923077,449.83000000000004,13,0,distressed_assets,59.4475466410319,13,0.1691,21,3,1732,13,1.0,10112,78
28.43800000000001,426.57000000000016,15,0,distressed_assets,48.47616449991862,15,0.1683,26,3,1732,15,1.0,10240,79
27.41272727272727,301.53999999999996,11,0,distressed_assets,45.246421813964844,10,0.1674,22,3,1732,10,0.9090909090909091,10368,80
41.975000000000016,503.7000000000002,12,0,distressed_assets,88.71517435709636,12,0.1666,21,3,1732,12,1.0,10496,81
30.86928571428574,432.17000000000036,14,0,distressed_assets,56.5053342183431,14,0.1657,25,3,1732,14,1.0,10624,82
32.22090909090911,354.4300000000002,11,0,distressed_assets,50.04994328816732,11,0.1649,19,3,1732,11,1.0,10752,83
34.69384615384617,451.02000000000015,13,0,distressed_assets,66.34213002522786,13,0.1641,16,3,1732,13,1.0,10880,84
26.275833333333342,315.3100000000001,12,0,distressed_assets,37.84720102945963,12,0.1633,25,3,1732,12,1.0,11008,85
33.56142857142858,469.8600000000001,14,0,distressed_assets,64.17781829833984,14,0.1625,19,3,1732,14,1.0,11136,86
32.315384615384616,420.1,13,0,distressed_assets,56.495155334472656,13,0.1616,18,3,1732,13,1.0,11264,87
23.600000000000023,354.00000000000034,15,0,distressed_assets,32.5777219136556,14,0.1608,16,3,1732,14,0.9333333333333333,11392,88
30.052307692307707,390.6800000000002,13,0,distressed_assets,51.179344177246094,13,0.16,22,3,1732,13,1.0,11520,89
34.27923076923081,445.63000000000045,13,0,distressed_assets,58.832166035970054,13,0.1592,16,3,1732,13,1.0,11648,90
36.621538461538485,476.0800000000003,13,0,distressed_assets,73.19662221272786,12,0.1584,27,3,1732,12,0.9230769230769231,11776,91
36.730909090909094,404.04,11,0,distressed_assets,62.689256032307945,11,0.1576,24,3,1732,11,1.0,11904,92
27.50583333333334,330.07000000000005,12,0,distressed_assets,35.9764149983724,12,0.1569,20,3,1732,12,1.0,12032,93
33.050769230769255,429.6600000000003,13,0,distressed_assets,57.33493296305338,13,0.1561,19,3,1732,13,1.0,12160,94
31.295882352941188,532.0300000000002,17,0,distressed_assets,56.49065653483073,17,0.1553,21,3,1732,17,1.0,12288,95
29.437142857142867,412.1200000000001,14,0,distressed_assets,43.40166473388672,14,0.1545,20,3,1732,14,1.0,12416,96
29.95166666666667,539.1300000000001,18,0,distressed_assets,54.080039978027344,18,0.1537,16,3,1732,18,1.0,12544,97
26.49750000000001,423.96000000000015,16,0,distressed_assets,41.16147232055664,16,0.153,16,3,1732,16,1.0,12672,98
25.970833333333335,311.65000000000003,12,0,distressed_assets,35.44274139404297,11,0.1522,16,3,1732,11,0.9166666666666666,12800,99
28.655000000000044,57.31000000000009,2,0,distressed_assets,11.430234909057617,2,0.25,32,4,1733,2,1.0,128,0
17.716666666666647,106.29999999999988,6,0,distressed_assets,10.02525266011556,6,0.2487,28,4,1733,6,1.0,256,1
31.725000000000005,253.80000000000004,8,0,distressed_assets,44.05215835571289,7,0.2475,36,4,1733,7,0.875,384,2
20.748181818181816,228.23,11,0,distressed_assets,28.125879923502605,10,0.2463,29,4,1733,10,0.9090909090909091,512,3
22.77200000000001,227.72000000000008,10,0,distressed_assets,25.01327069600423,9,0.245,27,4,1733,9,0.9,640,4
27.779999999999983,333.3599999999998,12,0,distressed_assets,36.518609364827476,12,0.2438,30,4,1733,12,1.0,768,5
36.09769230769229,469.26999999999975,13,0,distressed_assets,70.58760325113933,13,0.2426,34,4,1733,13,1.0,896,6
24.301333333333325,364.51999999999987,15,0,distressed_assets,39.28323745727539,15,0.2414,32,4,1733,15,1.0,1024,7
30.61272727272724,336.73999999999967,11,0,distressed_assets,49.48730341593424,11,0.2402,30,4,1733,11,1.0,1152,8
19.54099999999999,195.40999999999988,10,0,distressed_assets,20.70403226216634,8,0.239,27,4,1733,8,0.8,1280,9
27.45307692307691,356.8899999999998,13,0,distressed_assets,48.74742126464844,13,0.2378,26,4,1733,13,1.0,1408,10
24.404000000000003,244.04000000000005,10,0,distressed_assets,32.845933278401695,9,0.2366,36,4,1733,9,0.9,1536,11
19.839999999999996,218.23999999999995,11,0,distressed_assets,26.148579279581707,9,0.2354,45,4,1733,9,0.8181818181818182,1664,12
22.068571428571403,308.95999999999964,14,0,distressed_assets,34.32385381062826,13,0.2342,32,4,1733,13,0.9285714285714286,1792,13
26.678333333333352,320.1400000000002,12,0,distressed_assets,40.505167643229164,12,0.2331,27,4,1733,12,1.0,1920,14
27.052499999999984,324.6299999999998,12,0,distressed_assets,40.6442019144694,12,0.2319,27,4,1733,12,1.0,2048,15
16.946666666666662,203.35999999999996,12,0,distressed_assets,17.74262873331706,10,0.2307,33,4,1733,10,0.8333333333333334,2176,16
15.43461538461537,200.6499999999998,13,0,distressed_assets,22.813680013020832,11,0.2296,21,4,1733,11,0.8461538461538461,2304,17
23.596363636363627,259.5599999999999,11,0,distressed_assets,31.352357864379883,10,0.2284,33,4,1733,10,0.9090909090909091,2432,18
27.431538461538448,356.60999999999984,13,0,distressed_assets,49.26140340169271,13,0.2273,28,4,1733,13,1.0,2560,19
29.26999999999998,380.5099999999997,13,0,distressed_assets,54.875909169514976,13,0.2262,30,4,1733,13,1.0,2688,20
21.69545454545454,238.64999999999998,11,0,distressed_assets,27.94317690531413,10,0.225,38,4,1733,10,0.9090909090909091,2816,21
22.62444444444445,203.62000000000006,9,0,distressed_assets,22.370148340861004,8,0.2239,33,4,1733,8,0.8888888888888888,2944,22
24.084000000000007,361.2600000000001,15,0,distressed_assets,48.81674575805664,15,0.2228,30,4,1733,15,1.0,3072,23
28.337272727272715,311.70999999999987,11,0,distressed_assets,38.47019704182943,11,0.2217,26,4,1733,11,1.0,3200,24
29.0975,349.17,12,0,distressed_assets,45.625570933024086,12,0.2206,28,4,1733,12,1.0,3328,25
26.786000000000033,401.7900000000005,15,0,distressed_assets,50.6313222249349,15,0.2195,30,4,1733,15,1.0,3456,26
22.26833333333334,267.2200000000001,12,0,distressed_assets,35.564414978027344,11,0.2184,22,4,1733,11,0.9166666666666666,3584,27
17.652500000000014,211.83000000000015,12,0,distressed_assets,17.988304773966473,12,0.2173,32,4,1733,12,1.0,3712,28
18.9309090909091,208.24000000000012,11,0,distressed_assets,19.08598454793294,10,0.2162,25,4,1733,10,0.9090909090909091,3840,29
36.028181818181835,396.3100000000002,11,0,distressed_assets,59.354591369628906,11,0.2151,31,4,1733,11,1.0,3968,30
34.850909090909106,383.3600000000001,11,0,distressed_assets,62.475992838541664,11,0.214,28,4,1733,11,1.0,4096,31
35.768333333333366,429.22000000000037,12,0,distressed_assets,73.31655629475911,12,0.213,26,4,1733,12,1.0,4224,32
29.01384615384619,377.18000000000046,13,0,distressed_assets,48.280253092447914,13,0.2119,29,4,1733,13,1.0,4352,33
29.403846153846157,382.25000000000006,13,0,distressed_assets,50.44931666056315,13,0.2108,27,4,1733,13,1.0,4480,34
35.953333333333354,431.4400000000002,12,0,distressed_assets,67.40313212076823,12,0.2098,31,4,1733,12,1.0,4608,35
25.913636363636375,285.0500000000001,11,0,distressed_assets,44.68681844075521,10,0.2087,19,4,1733,10,0.9090909090909091,4736,36
22.347499999999997,268.16999999999996,12,0,distressed_assets,31.75366719563802,11,0.2077,28,4,1733,11,0.9166666666666666,4864,37
31.036363636363635,341.4,11,0,distressed_assets,45.69866816202799,11,0.2066,18,4,1733,11,1.0,4992,38
22.36928571428572,313.1700000000001,14,0,distressed_assets,35.64112854003906,13,0.2056,16,4,1733,13,0.9285714285714286,5120,39
32.99545454545458,362.95000000000033,11,0,distressed_assets,56.00921376546224,11,0.2046,21,4,1733,11,1.0,5248,40
23.937500000000018,287.2500000000002,12,0,distressed_assets,31.548280715942383,12,0.2036,30,4,1733,12,1.0,5376,41
23.741428571428592,332.3800000000003,14,0,distressed_assets,44.93814468383789,11,0.2025,23,4,1733,11,0.7857142857142857,5504,42
26.908333333333356,322.90000000000026,12,0,distressed_assets,45.049845377604164,10,0.2015,18,4,1733,10,0.8333333333333334,5632,43
20.046250000000004,160.37000000000003,8,0,distressed_assets,24.9307861328125,6,0.2005,30,4,1733,6,0.75,5760,44
24.302857142857164,340.2400000000003,14,0,distressed_assets,42.144195556640625,13,0.1995,25,4,1733,13,0.9285714285714286,5888,45
26.084166666666693,313.01000000000033,12,0,distressed_assets,36.688090006510414,11,0.1985,23,4,1733,11,0.9166666666666666,6016,46
24.626363636363646,270.8900000000001,11,0,distressed_assets,37.05756632486979,9,0.1975,26,4,1733,9,0.8181818181818182,6144,47
24.498181818181834,269.4800000000002,11,0,distressed_assets,31.43566068013509,10,0.1965,27,4,1733,10,0.9090909090909091,6272,48
20.916923076923087,271.92000000000013,13,0,distressed_assets,23.085472742716473,12,0.1956,21,4,1733,12,0.9230769230769231,6400,49
23.64307692307695,307.36000000000035,13,0,distressed_assets,34.61713790893555,12,0.1946,31,4,1733,12,0.9230769230769231,6528,50
28.208333333333357,338.5000000000003,12,0,distressed_assets,45.51626332600912,12,0.1936,27,4,1733,12,1.0,6656,51
23.022727272727277,253.25000000000006,11,0,distressed_assets,31.699185689290363,10,0.1926,32,4,1733,10,0.9090909090909091,6784,52
27.446428571428584,384.25000000000017,14,0,distressed_assets,43.297674814860024,14,0.1917,25,4,1733,14,1.0,6912,53
24.24571428571428,339.4399999999999,14,0,distressed_assets,45.326988220214844,10,0.1907,19,4,1733,10,0.7142857142857143,7040,54
20.513571428571442,287.19000000000017,14,0,distressed_assets,26.26026217142741,12,0.1898,21,4,1733,12,0.8571428571428571,7168,55
26.528461538461535,344.86999999999995,13,0,distressed_assets,41.753865559895836,13,0.1888,27,4,1733,13,1.0,7296,56
26.100769230769245,339.3100000000002,13,0,distressed_assets,46.210680643717446,12,0.1879,25,4,1733,12,0.9230769230769231,7424,57
24.357333333333347,365.3600000000002,15,0,distressed_assets,40.4187978108724,15,0.1869,25,4,1733,15,1.0,7552,58
22.651538461538475,294.4700000000002,13,0,distressed_assets,32.820367177327476,13,0.186,22,4,1733,13,1.0,7680,59
30.217272727272725,332.39,11,0,distressed_assets,48.98740895589193,11,0.1851,23,4,1733,11,1.0,7808,60
26.672727272727283,293.4000000000001,11,0,distressed_assets,36.27587127685547,10,0.1841,23,4,1733,10,0.9090909090909091,7936,61
23.42923076923076,304.57999999999987,13,0,distressed_assets,35.416552225748696,12,0.1832,15,4,1733,12,0.9230769230769231,8064,62
28.75714285714286,402.6,14,0,distressed_assets,54.405869801839195,14,0.1823,22,4,1733,14,1.0,8192,63
34.87846153846155,453.42000000000013,13,0,distressed_assets,65.55525970458984,13,0.1814,24,4,1733,13,1.0,8320,64
24.111333333333334,361.67,15,0,distressed_assets,42.53991572062174,14,0.1805,15,4,1733,14,0.9333333333333333,8448,65
24.60500000000001,344.47000000000014,14,0,distressed_assets,41.62778981526693,12,0.1796,21,4,1733,12,0.8571428571428571,8576,66
25.987692307692296,337.83999999999986,13,0,distressed_assets,43.120646158854164,13,0.1787,19,4,1733,13,1.0,8704,67
27.324545454545476,300.5700000000002,11,0,distressed_assets,43.093466440836586,9,0.1778,27,4,1733,9,0.8181818181818182,8832,68
23.58153846153846,306.56,13,0,distressed_assets,45.86170196533203,11,0.1769,25,4,1733,11,0.8461538461538461,8960,69
27.225454545454568,299.48000000000025,11,0,distressed_assets,48.37554931640625,10,0.176,19,4,1733,10,0.9090909090909091,9088,70
19.818461538461545,257.6400000000001,13,0,distressed_assets,28.321399052937824,10,0.1751,24,4,1733,10,0.7692307692307693,9216,71
31.453846153846193,408.9000000000005,13,0,distressed_assets,63.430572509765625,11,0.1743,18,4,1733,11,0.8461538461538461,9344,72
29.200769230769268,379.61000000000047,13,0,distressed_assets,50.94756571451823,13,0.1734,22,4,1733,13,1.0,9472,73
35.01166666666669,420.1400000000003,12,0,distressed_assets,66.62549082438152,12,0.1725,22,4,1733,12,1.0,9600,74
30.459166666666686,365.5100000000002,12,0,distressed_assets,58.17934926350912,11,0.1717,22,4,1733,11,0.9166666666666666,9728,75
28.46333333333335,341.5600000000002,12,0,distressed_assets,39.094974517822266,12,0.1708,18,4,1733,12,1.0,9856,76
26.49454545454547,291.44000000000017,11,0,distressed_assets,38.23696772257487,10,0.1699,20,4,1733,10,0.9090909090909091,9984,77
26.049090909090918,286.5400000000001,11,0,distressed_assets,46.982312520345054,9,0.1691,21,4,1733,9,0.8181818181818182,10112,78
29.446428571428584,412.25000000000017,14,0,distressed_assets,54.25271860758463,12,0.1683,11,4,1733,12,0.8571428571428571,10240,79
23.7890909090909,261.6799999999999,11,0,distressed_assets,38.01632436116537,8,0.1674,21,4,1733,8,0.7272727272727273,10368,80
29.952999999999985,299.52999999999986,10,0,distressed_assets,48.22785313924154,9,0.1666,24,4,1733,9,0.9,10496,81
28.84846153846153,375.0299999999999,13,0,distressed_assets,56.788795471191406,10,0.1657,27,4,1733,10,0.7692307692307693,10624,82
21.549999999999997,237.04999999999995,11,0,distressed_assets,37.08805720011393,7,0.1649,19,4,1733,7,0.6363636363636364,10752,83
19.886666666666663,238.63999999999996,12,0,distressed_assets,27.623345692952473,8,0.1641,25,4,1733,8,0.6666666666666666,10880,84
30.048333333333343,360.5800000000001,12,0,distressed_assets,55.20643742879232,10,0.1633,21,4,1733,10,0.8333333333333334,11008,85
14.854999999999992,178.2599999999999,12,0,distressed_assets,21.231517791748047,6,0.1625,18,4,1733,6,0.5,11136,86
28.166363636363634,309.83,11,0,distressed_assets,39.17614873250326,11,0.1616,24,4,1733,11,1.0,11264,87
26.443333333333317,317.3199999999998,12,0,distressed_assets,42.68547566731771,12,0.1608,22,4,1733,12,1.0,11392,88
22.106923076923074,287.39,13,0,distressed_assets,36.35057576497396,12,0.16,14,4,1733,12,0.9230769230769231,11520,89
28.014999999999983,392.20999999999975,14,0,distressed_assets,49.74530156453451,14,0.1592,19,4,1733,14,1.0,11648,90
20.724545454545435,227.9699999999998,11,0,distressed_assets,26.39590899149577,10,0.1584,27,4,1733,10,0.9090909090909091,11776,91
19.33750000000002,309.4000000000003,16,0,distressed_assets,25.49746259053548,16,0.1576,21,4,1733,16,1.0,11904,92
31.790833333333314,381.4899999999998,12,0,distressed_assets,57.020538330078125,12,0.1569,22,4,1733,12,1.0,12032,93
25.97692307692307,337.69999999999993,13,0,distressed_assets,41.66772588094076,13,0.1561,20,4,1733,13,1.0,12160,94
30.291000000000004,302.91,10,0,distressed_assets,46.53376897176107,10,0.1553,26,4,1733,10,1.0,12288,95
20.158571428571424,282.2199999999999,14,0,distressed_assets,30.941961924235027,13,0.1545,20,4,1733,13,0.9285714285714286,12416,96
24.415833333333325,292.9899999999999,12,0,distressed_assets,36.889052073160805,10,0.1537,20,4,1733,10,0.8333333333333334,12544,97
31.60285714285711,442.43999999999954,14,0,distressed_assets,60.68762715657552,14,0.153,16,4,1733,14,1.0,12672,98
25.79999999999998,309.59999999999974,12,0,distressed_assets,37.89480972290039,12,0.1522,16,4,1733,12,1.0,12800,99
-1.889999999999999,-1.889999999999999,1,0,distressed_assets,0.355800598859787,1,0.25,33,5,1734,1,1.0,128,0
39.835,159.34,4,0,distressed_assets,40.74880599975586,4,0.2487,33,5,1734,4,1.0,256,1
19.04999999999999,133.34999999999994,7,0,distressed_assets,24.684815724690754,5,0.2475,37,5,1734,5,0.7142857142857143,384,2
16.256666666666664,97.53999999999999,6,0,distressed_assets,11.859272003173828,4,0.2463,25,5,1734,4,0.6666666666666666,512,3
15.524999999999991,124.19999999999993,8,0,distressed_assets,12.424930890401205,5,0.245,27,5,1734,5,0.625,640,4
27.172307692307694,353.24,13,0,distressed_assets,51.56517028808594,11,0.2438,36,5,1734,11,0.8461538461538461,768,5
26.519999999999992,212.15999999999994,8,0,distressed_assets,25.348120371500652,8,0.2426,29,5,1734,8,1.0,896,6
34.02000000000001,102.06000000000003,3,0,distressed_assets,18.91178321838379,3,0.2414,24,5,1734,3,1.0,1024,7
26.366666666666664,158.2,6,0,distressed_assets,23.712749481201172,6,0.2402,32,5,1734,6,1.0,1152,8
23.883999999999997,238.83999999999997,10,0,distressed_assets,28.657426198323567,10,0.239,31,5,1734,10,1.0,1280,9
27.02142857142855,378.2999999999997,14,0,distressed_assets,45.742478688557945,14,0.2378,25,5,1734,14,1.0,1408,10
29.36333333333334,352.36000000000007,12,0,distressed_assets,44.28085072835287,12,0.2366,33,5,1734,12,1.0,1536,11
19.562499999999996,234.74999999999997,12,0,distressed_assets,18.85308837890625,12,0.2354,23,5,1734,12,1.0,1664,12
33.55111111111112,301.9600000000001,9,0,distressed_assets,58.13073603312174,7,0.2342,23,5,1734,7,0.7777777777777778,1792,13
27.446250000000017,439.14000000000027,16,0,distressed_assets,44.27081298828125,15,0.2331,23,5,1734,15,0.9375,1920,14
26.56500000000001,318.7800000000001,12,0,distressed_assets,40.366692860921226,11,0.2319,34,5,1734,11,0.9166666666666666,2048,15
27.083846153846142,352.08999999999986,13,0,distressed_assets,50.53593826293945,12,0.2307,26,5,1734,12,0.9230769230769231,2176,16
32.538,325.38,10,0,distressed_assets,55.07611846923828,9,0.2296,28,5,1734,9,0.9,2304,17
30.246249999999996,483.93999999999994,16,0,distressed_assets,57.993544260660805,16,0.2284,26,5,1734,16,1.0,2432,18
25.65437500000001,410.47000000000014,16,0,distressed_assets,35.48627599080404,16,0.2273,25,5,1734,16,1.0,2560,19
22.18714285714285,310.6199999999999,14,0,distressed_assets,31.086828231811523,13,0.2262,42,5,1734,13,0.9285714285714286,2688,20
22.948461538461537,298.33,13,0,distressed_assets,35.43397013346354,12,0.225,29,5,1734,12,0.9230769230769231,2816,21
28.185882352941203,479.1600000000004,17,0,distressed_assets,60.563377380371094,17,0.2239,33,5,1734,17,1.0,2944,22
28.124000000000013,421.8600000000002,15,0,distressed_assets,47.73129018147787,14,0.2228,24,5,1734,14,0.9333333333333333,3072,23
23.954999999999988,287.45999999999987,12,0,distressed_assets,30.470556894938152,11,0.2217,30,5,1734,11,0.9166666666666666,3200,24
32.91399999999998,493.70999999999975,15,0,distressed_assets,64.11697387695312,15,0.2206,33,5,1734,15,1.0,3328,25
17.825833333333335,213.91000000000003,12,0,distressed_assets,18.650790532430012,11,0.2195,34,5,1734,11,0.9166666666666666,3456,26
26.035000000000025,416.5600000000004,16,0,distressed_assets,45.19903818766276,16,0.2184,27,5,1734,16,1.0,3584,27
26.014285714285705,364.1999999999999,14,0,distressed_assets,40.67159779866537,12,0.2173,22,5,1734,12,0.8571428571428571,3712,28
20.591428571428583,288.28000000000014,14,0,distressed_assets,32.860252380371094,11,0.2162,33,5,1734,11,0.7857142857142857,3840,29
28.255000000000003,226.04000000000002,8,0,distressed_assets,30.135813395182293,8,0.2151,25,5,1734,8,1.0,3968,30
30.157692307692304,392.04999999999995,13,0,distressed_assets,43.369544982910156,12,0.214,27,5,1734,12,0.9230769230769231,4096,31
30.335454545454557,333.6900000000001,11,0,distressed_assets,40.87982686360677,11,0.213,34,5,1734,11,1.0,4224,32
28.326666666666657,339.9199999999999,12,0,distressed_assets,42.45315806070963,12,0.2119,27,5,1734,12,1.0,4352,33
31.41461538461539,408.3900000000001,13,0,distressed_assets,41.9203135172526,13,0.2108,20,5,1734,13,1.0,4480,34
30.910625000000003,494.57000000000005,16,0,distressed_assets,60.522098541259766,16,0.2098,21,5,1734,16,1.0,4608,35
23.868571428571425,334.15999999999997,14,0,distressed_assets,34.400177001953125,13,0.2087,22,5,1734,13,0.9285714285714286,4736,36
25.236842105263168,479.50000000000017,19,0,distressed_assets,44.51335525512695,17,0.2077,18,5,1734,17,0.8947368421052632,4864,37
29.190625000000004,467.05000000000007,16,0,distressed_assets,51.05956522623698,16,0.2066,29,5,1734,16,1.0,4992,38
26.90352941176471,457.36,17,0,distressed_assets,50.01183064778646,17,0.2056,17,5,1734,17,1.0,5120,39
29.24133333333334,438.6200000000001,15,0,distressed_assets,48.75241724650065,13,0.2046,30,5,1734,13,0.8666666666666667,5248,40
22.43769230769231,291.69,13,0,distressed_assets,31.810509363810223,13,0.2036,25,5,1734,13,1.0,5376,41
22.203529411764688,377.4599999999997,17,0,distressed_assets,35.6666628519694,17,0.2025,30,5,1734,17,1.0,5504,42
31.310666666666656,469.65999999999985,15,0,distressed_assets,56.323890686035156,15,0.2015,24,5,1734,15,1.0,5632,43
28.734166666666667,344.81,12,0,distressed_assets,52.4185536702474,12,0.2005,36,5,1734,12,1.0,5760,44
35.29333333333334,529.4000000000001,15,0,distressed_assets,79.5865987141927,15,0.1995,25,5,1734,15,1.0,5888,45
19.819285714285723,277.47000000000014,14,0,distressed_assets,27.84554100036621,11,0.1985,25,5,1734,11,0.7857142857142857,6016,46
27.811111111111124,500.60000000000025,18,0,distressed_assets,53.55962117513021,16,0.1975,27,5,1734,16,0.8888888888888888,6144,47
20.864285714285725,292.10000000000014,14,0,distressed_assets,29.14805793762207,13,0.1965,29,5,1734,13,0.9285714285714286,6272,48
20.173636363636355,221.9099999999999,11,0,distressed_assets,20.276047388712566,10,0.1956,13,5,1734,10,0.9090909090909091,6400,49
22.568666666666665,338.53,15,0,distressed_assets,30.907357533772785,15,0.1946,25,5,1734,15,1.0,6528,50
20.669166666666662,248.02999999999994,12,0,distressed_assets,21.14793586730957,12,0.1936,20,5,1734,12,1.0,6656,51
26.88125,430.1,16,0,distressed_assets,39.811292012532554,16,0.1926,17,5,1734,16,1.0,6784,52
27.034375,432.55,16,0,distressed_assets,48.56945927937826,14,0.1917,26,5,1734,14,0.875,6912,53
32.22384615384614,418.90999999999985,13,0,distressed_assets,57.2584114074707,13,0.1907,21,5,1734,13,1.0,7040,54
29.216666666666665,438.25,15,0,distressed_assets,49.77656936645508,15,0.1898,21,5,1734,15,1.0,7168,55
23.386666666666674,350.8000000000001,15,0,distressed_assets,31.60917599995931,14,0.1888,32,5,1734,14,0.9333333333333333,7296,56
31.297692307692316,406.8700000000001,13,0,distressed_assets,46.45813242594401,13,0.1879,31,5,1734,13,1.0,7424,57
24.532666666666678,367.9900000000002,15,0,distressed_assets,32.34213002522787,15,0.1869,16,5,1734,15,1.0,7552,58
33.84076923076925,439.9300000000002,13,0,distressed_assets,56.37596893310547,13,0.186,26,5,1734,13,1.0,7680,59
25.314285714285713,354.4,14,0,distressed_assets,34.366021474202476,14,0.1851,18,5,1734,14,1.0,7808,60
19.153,191.53,10,0,distressed_assets,25.183493932088215,7,0.1841,25,5,1734,7,0.7,7936,61
27.993750000000027,447.90000000000043,16,0,distressed_assets,48.406386057535805,16,0.1832,23,5,1734,16,1.0,8064,62
21.313333333333333,383.64,18,0,distressed_assets,31.214074452718098,17,0.1823,28,5,1734,17,0.9444444444444444,8192,63
21.34636363636365,469.62000000000035,22,0,distressed_assets,34.10614267985026,22,0.1814,19,5,1734,22,1.0,8320,64
20.239375000000003,323.83000000000004,16,0,distressed_assets,26.611196517944336,16,0.1805,29,5,1734,16,1.0,8448,65
29.345555555555556,528.22,18,0,distressed_assets,63.960060119628906,17,0.1796,19,5,1734,17,0.9444444444444444,8576,66
24.206000000000007,363.0900000000001,15,0,distressed_assets,31.815930048624676,15,0.1787,21,5,1734,15,1.0,8704,67
23.425882352941176,398.24,17,0,distressed_assets,33.83827209472656,17,0.1778,16,5,1734,17,1.0,8832,68
24.738888888888884,445.2999999999999,18,0,distressed_assets,41.65602238972982,18,0.1769,26,5,1734,18,1.0,8960,69
26.92727272727274,296.20000000000016,11,0,distressed_assets,37.94210306803385,10,0.176,22,5,1734,10,0.9090909090909091,9088,70
21.17769230769231,275.31000000000006,13,0,distressed_assets,29.898822784423828,11,0.1751,18,5,1734,11,0.8461538461538461,9216,71
21.990588235294123,373.8400000000001,17,0,distressed_assets,29.840070088704426,16,0.1743,19,5,1734,16,0.9411764705882353,9344,72
30.20250000000001,362.4300000000001,12,0,distressed_assets,44.262132008870445,12,0.1734,30,5,1734,12,1.0,9472,73
24.147333333333354,362.2100000000003,15,0,distressed_assets,34.5373649597168,15,0.1725,25,5,1734,15,1.0,9600,74
26.17250000000001,418.76000000000016,16,0,distressed_assets,38.85795466105143,16,0.1717,17,5,1734,16,1.0,9728,75
21.30533333333333,319.5799999999999,15,0,distressed_assets,33.28799184163412,15,0.1708,30,5,1734,15,1.0,9856,76
26.068888888888907,469.24000000000035,18,0,distressed_assets,48.62765121459961,18,0.1699,26,5,1734,18,1.0,9984,77
27.50307692307694,357.5400000000002,13,0,distressed_assets,44.279852549235024,13,0.1691,31,5,1734,13,1.0,10112,78
29.757500000000004,357.09000000000003,12,0,distressed_assets,41.313218434651695,12,0.1683,20,5,1734,12,1.0,10240,79
34.310666666666684,514.6600000000003,15,0,distressed_assets,69.62327067057292,15,0.1674,21,5,1734,15,1.0,10368,80
28.320000000000004,311.52000000000004,11,0,distressed_assets,35.10683568318685,11,0.1666,17,5,1734,11,1.0,10496,81
29.780000000000015,387.1400000000002,13,0,distressed_assets,43.50236511230469,13,0.1657,21,5,1734,13,1.0,10624,82
28.533333333333335,513.6,18,0,distressed_assets,57.82553227742513,18,0.1649,17,5,1734,18,1.0,10752,83
32.020769230769226,416.2699999999999,13,0,distressed_assets,50.42459233601888,13,0.1641,22,5,1734,13,1.0,10880,84
25.646875000000016,410.35000000000025,16,0,distressed_assets,42.16090393066406,16,0.1633,20,5,1734,16,1.0,11008,85
26.24882352941176,446.2299999999999,17,0,distressed_assets,48.406070709228516,17,0.1625,17,5,1734,17,1.0,11136,86
27.540000000000006,413.1000000000001,15,0,distressed_assets,40.29231389363607,14,0.1616,29,5,1734,14,0.9333333333333333,11264,87
24.441666666666663,439.94999999999993,18,0,distressed_assets,41.919413248697914,16,0.1608,26,5,1734,16,0.8888888888888888,11392,88
25.41666666666667,457.5000000000001,18,0,distressed_assets,41.57937494913737,18,0.16,15,5,1734,18,1.0,11520,89
31.552500000000002,504.84000000000003,16,0,distressed_assets,59.66987991333008,15,0.1592,16,5,1734,15,0.9375,11648,90
26.439999999999998,396.59999999999997,15,0,distressed_assets,39.440895080566406,15,0.1584,26,5,1734,15,1.0,11776,91
32.82400000000001,328.2400000000001,10,0,distressed_assets,47.325522104899086,10,0.1576,20,5,1734,10,1.0,11904,92
29.476666666666677,353.72000000000014,12,0,distressed_assets,46.14386240641276,12,0.1569,19,5,1734,12,1.0,12032,93
22.94363636363636,252.38,11,0,distressed_assets,34.075504302978516,10,0.1561,19,5,1734,10,0.9090909090909091,12160,94
29.029090909090897,319.3199999999999,11,0,distressed_assets,44.70687739054362,10,0.1553,22,5,1734,10,0.9090909090909091,12288,95
29.90615384615385,388.78000000000003,13,0,distressed_assets,49.828051249186196,13,0.1545,15,5,1734,13,1.0,12416,96
22.44555555555557,202.0100000000001,9,0,distressed_assets,22.41414515177409,9,0.1537,19,5,1734,9,1.0,12544,97
26.66100000000001,266.61000000000007,10,0,distressed_assets,33.83123270670573,8,0.153,25,5,1734,8,0.8,12672,98
28.55071428571428,399.7099999999999,14,0,distressed_assets,49.31911087036133,13,0.1522,22,5,1734,13,0.9285714285714286,12800,99
16.79699999999999,167.9699999999999,10,0,distressed_assets,21.952215830485027,8,0.25,23,6,1735,8,0.8,128,0
18.385,110.31000000000002,6,0,distressed_assets,14.733778953552246,4,0.2487,33,6,1735,4,0.6666666666666666,256,1
18.139999999999983,199.5399999999998,11,0,distressed_assets,24.52246920267741,8,0.2475,28,6,1735,8,0.7272727272727273,384,2
22.672222222222214,204.04999999999993,9,0,distressed_assets,28.96971829732259,8,0.2463,35,6,1735,8,0.8888888888888888,512,3
23.467857142857124,328.5499999999997,14,0,distressed_assets,44.5510508219401,12,0.245,33,6,1735,12,0.8571428571428571,640,4
21.500909090909087,236.50999999999996,11,0,distressed_assets,27.51270802815755,9,0.2438,42,6,1735,9,0.8181818181818182,768,5
20.717499999999983,248.6099999999998,12,0,distressed_assets,27.79314676920573,12,0.2426,33,6,1735,12,1.0,896,6
32.574999999999996,325.74999999999994,10,0,distressed_assets,52.43047078450521,9,0.2414,29,6,1735,9,0.9,1024,7
14.604444444444447,131.44000000000003,9,0,distressed_assets,12.578602155049643,6,0.2402,34,6,1735,6,0.6666666666666666,1152,8
31.895999999999997,318.96,10,0,distressed_assets,48.47477467854818,9,0.239,38,6,1735,9,0.9,1280,9
36.788,367.87999999999994,10,0,distressed_assets,60.311729431152344,10,0.2378,40,6,1735,10,1.0,1408,10
33.846999999999994,338.46999999999997,10,0,distressed_assets,62.08842849731445,10,0.2366,26,6,1735,10,1.0,1536,11
29.06400000000001,290.6400000000001,10,0,distressed_assets,33.05341593424479,10,0.2354,35,6,1735,10,1.0,1664,12
20.590000000000003,226.49000000000004,11,0,distressed_assets,23.894615173339844,11,0.2342,33,6,1735,11,1.0,1792,13
22.676250000000003,181.41000000000003,8,0,distressed_assets,22.148804982503254,6,0.2331,31,6,1735,6,0.75,1920,14
27.62833333333332,331.53999999999985,12,0,distressed_assets,41.563072204589844,12,0.2319,23,6,1735,12,1.0,2048,15
37.115000000000045,296.92000000000036,8,0,distressed_assets,45.48950703938802,8,0.2307,26,6,1735,8,1.0,2176,16
22.34571428571428,156.41999999999996,7,0,distressed_assets,23.95768102010091,7,0.2296,33,6,1735,7,1.0,2304,17
23.50250000000001,282.0300000000001,12,0,distressed_assets,29.544701258341473,12,0.2284,25,6,1735,12,1.0,2432,18
29.734166666666663,356.80999999999995,12,0,distressed_assets,49.73572794596354,12,0.2273,31,6,1735,12,1.0,2560,19
11.738571428571419,82.16999999999993,7,0,distressed_assets,6.630747318267822,7,0.2262,25,6,1735,7,1.0,2688,20
26.320999999999998,263.21,10,0,distressed_assets,30.26504071553548,10,0.225,29,6,1735,10,1.0,2816,21
21.63642857142859,302.91000000000025,14,0,distressed_assets,29.437650680541992,13,0.2239,32,6,1735,13,0.9285714285714286,2944,22
27.534999999999997,275.34999999999997,10,0,distressed_assets,40.924669901529946,10,0.2228,37,6,1735,10,1.0,3072,23
33.63799999999999,336.3799999999999,10,0,distressed_assets,50.560340881347656,10,0.2217,23,6,1735,10,1.0,3200,24
24.637999999999998,246.38,10,0,distressed_assets,33.056688944498696,9,0.2206,35,6,1735,9,0.9,3328,25
26.416363636363652,290.58000000000015,11,0,distressed_assets,41.48084004720052,11,0.2195,40,6,1735,11,1.0,3456,26
24.90272727272728,273.93000000000006,11,0,distressed_assets,36.95987192789713,10,0.2184,22,6,1735,10,0.9090909090909091,3584,27
20.026666666666667,180.24,9,0,distressed_assets,18.84071222941081,9,0.2173,21,6,1735,9,1.0,3712,28
29.855454545454542,328.40999999999997,11,0,distressed_assets,41.424278259277344,11,0.2162,26,6,1735,11,1.0,3840,29
30.609999999999996,244.87999999999997,8,0,distressed_assets,37.1628049214681,8,0.2151,33,6,1735,8,1.0,3968,30
23.413636363636353,257.5499999999999,11,0,distressed_assets,29.817955652872723,11,0.214,26,6,1735,11,1.0,4096,31
27.525833333333335,330.31,12,0,distressed_assets,45.7677853902181,11,0.213,29,6,1735,11,0.9166666666666666,4224,32
25.83066666666668,387.4600000000002,15,0,distressed_assets,36.323822021484375,15,0.2119,30,6,1735,15,1.0,4352,33
23.889230769230778,310.5600000000001,13,0,distressed_assets,27.222005208333332,13,0.2108,27,6,1735,13,1.0,4480,34
25.689999999999998,308.28,12,0,distressed_assets,40.419002532958984,12,0.2098,27,6,1735,12,1.0,4608,35
34.00846153846155,442.1100000000002,13,0,distressed_assets,61.87958017985026,13,0.2087,18,6,1735,13,1.0,4736,36
19.397272727272725,213.36999999999998,11,0,distressed_assets,25.656622568766277,10,0.2077,35,6,1735,10,0.9090909090909091,4864,37
29.030625000000008,464.4900000000001,16,0,distressed_assets,46.8033447265625,16,0.2066,27,6,1735,16,1.0,4992,38
20.653999999999996,206.53999999999996,10,0,distressed_assets,27.870301564534504,8,0.2056,30,6,1735,8,0.8,5120,39
26.73666666666668,401.0500000000002,15,0,distressed_assets,44.64420700073242,15,0.2046,30,6,1735,15,1.0,5248,40
24.947000000000003,249.47000000000003,10,0,distressed_assets,30.919804255167644,9,0.2036,23,6,1735,9,0.9,5376,41
26.131666666666675,470.3700000000001,18,0,distressed_assets,50.273024241129555,18,0.2025,29,6,1735,18,1.0,5504,42
25.988181818181815,285.86999999999995,11,0,distressed_assets,31.43468729654948,11,0.2015,32,6,1735,11,1.0,5632,43
27.256,272.56,10,0,distressed_assets,39.27305475870768,8,0.2005,21,6,1735,8,0.8,5760,44
29.89900000000001,298.9900000000001,10,0,distressed_assets,38.62656021118164,10,0.1995,28,6,1735,10,1.0,5888,45
29.556,295.56,10,0,distressed_assets,43.42419942220052,9,0.1985,29,6,1735,9,0.9,6016,46
29.633999999999986,296.33999999999986,10,0,distressed_assets,49.61960093180338,10,0.1975,24,6,1735,10,1.0,6144,47
28.854444444444464,519.3800000000003,18,0,distressed_assets,58.548929850260414,18,0.1965,25,6,1735,18,1.0,6272,48
25.15388888888889,452.77000000000004,18,0,distressed_assets,45.494134267171226,18,0.1956,21,6,1735,18,1.0,6400,49
24.8688888888889,447.6400000000002,18,0,distressed_assets,46.12834676106771,18,0.1946,26,6,1735,18,1.0,6528,50
24.673333333333336,296.08000000000004,12,0,distressed_assets,34.16147994995117,12,0.1936,21,6,1735,12,1.0,6656,51
34.166111111111135,614.9900000000005,18,0,distressed_assets,73.87206013997395,18,0.1926,28,6,1735,18,1.0,6784,52
32.02153846153846,416.28,13,0,distressed_assets,48.74792226155599,13,0.1917,19,6,1735,13,1.0,6912,53
27.59000000000001,303.4900000000001,11,0,distressed_assets,37.247538248697914,11,0.1907,27,6,1735,11,1.0,7040,54
35.28499999999999,493.9899999999999,14,0,distressed_assets,76.01138814290364,14,0.1898,21,6,1735,14,1.0,7168,55
29.0577777777778,523.0400000000004,18,0,distressed_assets,52.01502354939779,18,0.1888,19,6,1735,18,1.0,7296,56
31.37428571428574,439.24000000000035,14,0,distressed_assets,61.53022384643555,13,0.1879,27,6,1735,13,0.9285714285714286,7424,57
20.90666666666666,250.8799999999999,12,0,distressed_assets,21.803369522094727,11,0.1869,25,6,1735,11,0.9166666666666666,7552,58
30.273125000000007,484.3700000000001,16,0,distressed_assets,57.17067337036133,16,0.186,22,6,1735,16,1.0,7680,59
27.762666666666696,416.44000000000045,15,0,distressed_assets,45.62127176920573,15,0.1851,25,6,1735,15,1.0,7808,60
24.04705882352943,408.8000000000003,17,0,distressed_assets,37.47244389851888,17,0.1841,21,6,1735,17,1.0,7936,61
24.140714285714306,337.9700000000003,14,0,distressed_assets,38.23142878214518,13,0.1832,22,6,1735,13,0.9285714285714286,8064,62
21.900909090909085,240.90999999999994,11,0,distressed_assets,23.620839436848957,11,0.1823,27,6,1735,11,1.0,8192,63
30.237857142857163,423.33000000000027,14,0,distressed_assets,53.004441579182945,14,0.1814,22,6,1735,14,1.0,8320,64
30.106428571428562,421.4899999999999,14,0,distressed_assets,55.48930358886719,14,0.1805,19,6,1735,14,1.0,8448,65
29.41357142857145,411.7900000000003,14,0,distressed_assets,48.32530085245768,14,0.1796,25,6,1735,14,1.0,8576,66
31.4835294117647,535.2199999999999,17,0,distressed_assets,55.35137430826823,17,0.1787,18,6,1735,17,1.0,8704,67
28.42600000000002,426.39000000000027,15,0,distressed_assets,48.31273905436198,15,0.1778,22,6,1735,15,1.0,8832,68
25.355999999999995,380.3399999999999,15,0,distressed_assets,35.93017450968424,15,0.1769,20,6,1735,15,1.0,8960,69
25.12882352941178,427.1900000000002,17,0,distressed_assets,44.06083679199219,17,0.176,19,6,1735,17,1.0,9088,70
36.73727272727273,404.11000000000007,11,0,distressed_assets,56.76861826578776,11,0.1751,24,6,1735,11,1.0,9216,71
27.352777777777803,492.3500000000005,18,0,distressed_assets,50.862040201822914,18,0.1743,17,6,1735,18,1.0,9344,72
25.301666666666677,303.6200000000001,12,0,distressed_assets,35.70674387613932,12,0.1734,30,6,1735,12,1.0,9472,73
34.862857142857166,488.0800000000003,14,0,distressed_assets,64.98460642496745,14,0.1725,29,6,1735,14,1.0,9600,74
30.61823529411768,520.5100000000006,17,0,distressed_assets,66.4403559366862,16,0.1717,30,6,1735,16,0.9411764705882353,9728,75
33.29375000000002,532.7000000000003,16,0,distressed_assets,75.0593973795573,16,0.1708,18,6,1735,16,1.0,9856,76
33.460500000000025,669.2100000000005,20,0,distressed_assets,80.56407419840495,19,0.1699,27,6,1735,19,0.95,9984,77
22.581428571428567,158.06999999999996,7,0,distressed_assets,22.574230829874676,7,0.1691,27,6,1735,7,1.0,10112,78
25.62636363636364,281.89000000000004,11,0,distressed_assets,32.88026809692383,11,0.1683,30,6,1735,11,1.0,10240,79
22.828666666666674,342.4300000000001,15,0,distressed_assets,31.255720774332683,15,0.1674,23,6,1735,15,1.0,10368,80
25.23588235294119,429.0100000000002,17,0,distressed_assets,43.62948226928711,17,0.1666,23,6,1735,17,1.0,10496,81
26.193888888888896,471.4900000000001,18,0,distressed_assets,42.10975138346354,18,0.1657,23,6,1735,18,1.0,10624,82
25.315263157894744,480.9900000000001,19,0,distressed_assets,49.45538075764974,18,0.1649,15,6,1735,18,0.9473684210526315,10752,83
26.218235294117665,445.7100000000003,17,0,distressed_assets,47.70947774251302,15,0.1641,24,6,1735,15,0.8823529411764706,10880,84
29.400909090909103,646.8200000000003,22,0,distressed_assets,58.94697570800781,22,0.1633,15,6,1735,22,1.0,11008,85
31.048125000000027,496.77000000000044,16,0,distressed_assets,59.19840876261393,16,0.1625,24,6,1735,16,1.0,11136,86
26.79000000000001,455.4300000000002,17,0,distressed_assets,45.11055374145508,17,0.1616,23,6,1735,17,1.0,11264,87
25.053529411764696,425.90999999999985,17,0,distressed_assets,47.809014638264976,16,0.1608,20,6,1735,16,0.9411764705882353,11392,88
31.712857142857168,665.9700000000005,21,0,distressed_assets,68.57966613769531,21,0.16,24,6,1735,21,1.0,11520,89
33.494705882352974,569.4100000000005,17,0,distressed_assets,67.23183186848958,17,0.1592,31,6,1735,17,1.0,11648,90
25.91400000000001,388.71000000000015,15,0,distressed_assets,36.58736801147461,15,0.1584,20,6,1735,15,1.0,11776,91
26.392222222222227,475.06000000000006,18,0,distressed_assets,45.78357823689779,18,0.1576,23,6,1735,18,1.0,11904,92
26.200666666666674,393.0100000000001,15,0,distressed_assets,45.82296498616537,13,0.1569,23,6,1735,13,0.8666666666666667,12032,93
20.369375,325.91,16,0,distressed_assets,26.24092165629069,16,0.1561,18,6,1735,16,1.0,12160,94
26.49833333333335,476.97000000000025,18,0,distressed_assets,48.4527702331543,18,0.1553,19,6,1735,18,1.0,12288,95
28.571578947368423,542.86,19,0,distressed_assets,54.98386891682943,19,0.1545,19,6,1735,19,1.0,12416,96
27.157222222222238,488.83000000000027,18,0,distressed_assets,49.94894282023112,18,0.1537,22,6,1735,18,1.0,12544,97
22.76450000000001,455.2900000000002,20,0,distressed_assets,41.505627950032554,20,0.153,20,6,1735,20,1.0,12672,98
30.036470588235307,510.62000000000023,17,0,distressed_assets,54.287147521972656,17,0.1522,22,6,1735,17,1.0,12800,99
-0.6433333333333338,-1.9300000000000013,3,0,distressed_assets,0.23488823076089224,0,0.25,31,7,1736,0,0.0,128,0
-0.23857142857142868,-1.6700000000000008,7,0,distressed_assets,0.3554256161053975,0,0.2487,43,7,1736,0,0.0,256,1
-0.6399999999999992,-5.119999999999994,8,0,distressed_assets,0.43031072119871777,0,0.2475,24,7,1736,0,0.0,384,2
-0.4279999999999994,-4.279999999999994,10,0,distressed_assets,0.39604183038075763,0,0.2463,38,7,1736,0,0.0,512,3
2.974444444444442,26.769999999999975,9,0,distressed_assets,3.9924145539601645,1,0.245,26,7,1736,1,0.1111111111111111,640,4
5.072222222222228,45.650000000000055,9,0,distressed_assets,8.860102971394857,2,0.2438,36,7,1736,2,0.2222222222222222,768,5
-0.4749999999999993,-4.749999999999993,10,0,distressed_assets,0.6357653538386027,0,0.2426,19,7,1736,0,0.0,896,6
-0.37454545454545424,-4.1199999999999966,11,0,distressed_assets,0.9090444048245748,0,0.2414,35,7,1736,0,0.0,1024,7
-0.4379999999999997,-4.379999999999997,10,0,distressed_assets,0.4084797700246175,0,0.2402,36,7,1736,0,0.0,1152,8
-0.5349999999999998,-5.349999999999998,10,0,distressed_assets,0.5434531370798746,0,0.239,29,7,1736,0,0.0,1280,9
-0.5199999999999994,-5.199999999999993,10,0,distressed_assets,0.3265840212504069,0,0.2378,30,7,1736,0,0.0,1408,10
1.0855555555555565,9.770000000000008,9,0,distressed_assets,1.2090957562128704,1,0.2366,35,7,1736,1,0.1111111111111111,1536,11
-0.3119999999999995,-3.119999999999995,10,0,distressed_assets,0.5240186850229899,0,0.2354,39,7,1736,0,0.0,1664,12
1.2066666666666697,10.860000000000026,9,0,distressed_assets,0.7960567871729533,1,0.2342,38,7,1736,1,0.1111111111111111,1792,13
-0.3639999999999993,-3.6399999999999935,10,0,distressed_assets,0.15117002030213675,0,0.2331,25,7,1736,0,0.0,1920,14
-0.270833333333333,-3.249999999999996,12,0,distressed_assets,0.20156608521938324,0,0.2319,35,7,1736,0,0.0,2048,15
-0.3055555555555553,-2.749999999999998,9,0,distressed_assets,0.14599731067816415,0,0.2307,32,7,1736,0,0.0,2176,16
-0.3628571428571427,-2.539999999999999,7,0,distressed_assets,0.14223251243432364,0,0.2296,31,7,1736,0,0.0,2304,17
-0.41624999999999956,-3.3299999999999965,8,0,distressed_assets,0.09314067661762238,0,0.2284,36,7,1736,0,0.0,2432,18
-0.2719999999999999,-2.719999999999999,10,0,distressed_assets,0.05212948098778725,0,0.2273,27,7,1736,0,0.0,2560,19
-0.2566666666666666,-2.3099999999999996,9,0,distressed_assets,0.16824711859226227,0,0.2262,22,7,1736,0,0.0,2688,20
4.5822222222222235,41.24000000000001,9,0,distressed_assets,4.041205088297526,2,0.225,27,7,1736,2,0.2222222222222222,2816,21
-0.2728571428571431,-1.9100000000000015,7,0,distressed_assets,0.373685489098231,0,0.2239,22,7,1736,0,0.0,2944,22
4.40111111111111,39.609999999999985,9,0,distressed_assets,8.020760536193848,1,0.2228,26,7,1736,1,0.1111111111111111,3072,23
-0.3162499999999998,-2.5299999999999985,8,0,distressed_assets,0.33077217141787213,0,0.2217,31,7,1736,0,0.0,3200,24
-0.1730000000000001,-1.730000000000001,10,0,distressed_assets,0.3518379131952922,0,0.2206,27,7,1736,0,0.0,3328,25
-0.19700000000000012,-1.9700000000000013,10,0,distressed_assets,0.16272804141044617,0,0.2195,19,7,1736,0,0.0,3456,26
-0.23900000000000002,-2.39,10,0,distressed_assets,0.1895611584186554,0,0.2184,26,7,1736,0,0.0,3584,27
0.9211111111111125,8.290000000000013,9,0,distressed_assets,0.5687060952186584,1,0.2173,30,7,1736,1,0.1111111111111111,3712,28
-0.15375000000000008,-1.2300000000000006,8,0,distressed_assets,0.21982727944850922,0,0.2162,29,7,1736,0,0.0,3840,29
1.4722222222222225,13.250000000000004,9,0,distressed_assets,1.0610133806864421,1,0.2151,31,7,1736,1,0.1111111111111111,3968,30
2.7633333333333336,24.87,9,0,distressed_assets,4.212817033131917,1,0.214,33,7,1736,1,0.1111111111111111,4096,31
-0.17333333333333345,-1.560000000000001,9,0,distressed_assets,0.5132906138896942,0,0.213,22,7,1736,0,0.0,4224,32
4.617500000000001,55.41000000000001,12,0,distressed_assets,12.324463844299316,1,0.2119,27,7,1736,1,0.08333333333333333,4352,33
-0.11400000000000007,-1.1400000000000008,10,0,distressed_assets,0.33299752076466876,0,0.2108,18,7,1736,0,0.0,4480,34
-0.14800000000000008,-1.4800000000000006,10,0,distressed_assets,0.3311568895975749,0,0.2098,19,7,1736,0,0.0,4608,35
-0.2725000000000002,-2.1800000000000015,8,0,distressed_assets,0.46547062198321026,0,0.2087,29,7,1736,0,0.0,4736,36
2.8659999999999983,28.659999999999982,10,0,distressed_assets,5.286484877268474,1,0.2077,22,7,1736,1,0.1,4864,37
-0.1850000000000001,-1.8500000000000012,10,0,distressed_assets,0.3021182219187419,0,0.2066,30,7,1736,0,0.0,4992,38
-0.09800000000000005,-0.9800000000000004,10,0,distressed_assets,0.35812634229660034,0,0.2056,25,7,1736,0,0.0,5120,39
-0.13333333333333341,-1.2000000000000008,9,0,distressed_assets,0.19186120728651682,0,0.2046,22,7,1736,0,0.0,5248,40
-0.1811111111111112,-1.6300000000000008,9,0,distressed_assets,0.15583309531211853,0,0.2036,24,7,1736,0,0.0,5376,41
-0.10111111111111118,-0.9100000000000006,9,0,distressed_assets,0.2535196940104167,0,0.2025,32,7,1736,0,0.0,5504,42
-0.1480000000000001,-1.480000000000001,10,0,distressed_assets,0.13768745213747025,0,0.2015,27,7,1736,0,0.0,5632,43
-0.08200000000000005,-0.8200000000000004,10,0,distressed_assets,0.10591389487187068,0,0.2005,19,7,1736,0,0.0,5760,44
-0.12571428571428575,-0.8800000000000003,7,0,distressed_assets,0.06994481633106868,0,0.1995,24,7,1736,0,0.0,5888,45
-0.12333333333333339,-1.1100000000000005,9,0,distressed_assets,0.11780235668023427,0,0.1985,28,7,1736,0,0.0,6016,46
-0.11000000000000006,-0.8800000000000004,8,0,distressed_assets,0.16643517712752023,0,0.1975,24,7,1736,0,0.0,6144,47
-0.13454545454545463,-1.4800000000000009,11,0,distressed_assets,0.4247767428557078,0,0.1965,25,7,1736,0,0.0,6272,48
-0.12111111111111117,-1.0900000000000005,9,0,distressed_assets,0.11281274755795796,0,0.1956,25,7,1736,0,0.0,6400,49
-0.18333333333333346,-1.650000000000001,9,0,distressed_assets,0.08572692424058914,0,0.1946,24,7,1736,0,0.0,6528,50
-0.1650000000000001,-1.3200000000000007,8,0,distressed_assets,0.061888943115870156,0,0.1936,24,7,1736,0,0.0,6656,51
-0.07777777777777779,-0.7000000000000002,9,0,distressed_assets,0.15787906448046365,0,0.1926,24,7,1736,0,0.0,6784,52
-0.12000000000000008,-0.8400000000000005,7,0,distressed_assets,0.09341062108675639,0,0.1917,20,7,1736,0,0.0,6912,53
-0.07222222222222226,-0.6500000000000004,9,0,distressed_assets,0.09180434296528499,0,0.1907,19,7,1736,0,0.0,7040,54
-0.17363636363636376,-1.9100000000000013,11,0,distressed_assets,0.07907725373903911,0,0.1898,21,7,1736,0,0.0,7168,55
-0.1677777777777779,-1.510000000000001,9,0,distressed_assets,0.0494244359433651,0,0.1888,28,7,1736,0,0.0,7296,56
-0.1344444444444445,-1.2100000000000006,9,0,distressed_assets,0.06387010961771011,0,0.1879,29,7,1736,0,0.0,7424,57
-0.2155555555555557,-1.9400000000000013,9,0,distressed_assets,0.02211744152009487,0,0.1869,26,7,1736,0,0.0,7552,58
-0.15000000000000008,-1.2000000000000006,8,0,distressed_assets,0.0650758370757103,0,0.186,26,7,1736,0,0.0,7680,59
-0.11111111111111116,-1.0000000000000004,9,0,distressed_assets,0.037162924806276955,0,0.1851,20,7,1736,0,0.0,7808,60
3.632727272727273,39.96,11,0,distressed_assets,7.458658377329509,1,0.1841,22,7,1736,1,0.09090909090909091,7936,61
-0.05400000000000003,-0.5400000000000003,10,0,distressed_assets,0.3567764659722646,0,0.1832,27,7,1736,0,0.0,8064,62
-0.07400000000000004,-0.7400000000000003,10,0,distressed_assets,0.20770660291115442,0,0.1823,25,7,1736,0,0.0,8192,63
-0.365,-2.19,6,0,distressed_assets,0.1984094778696696,0,0.1814,30,7,1736,0,0.0,8320,64
3.716999999999998,37.16999999999998,10,0,distressed_assets,7.5137894948323565,1,0.1805,24,7,1736,1,0.1,8448,65
-0.10000000000000003,-0.9000000000000004,9,0,distressed_assets,0.1381810555855433,0,0.1796,21,7,1736,0,0.0,8576,66
-0.06100000000000002,-0.6100000000000002,10,0,distressed_assets,0.16363968948523203,0,0.1787,20,7,1736,0,0.0,8704,67
-0.10666666666666674,-0.9600000000000006,9,0,distressed_assets,0.039072991659243904,0,0.1778,18,7,1736,0,0.0,8832,68
0.7690909090909095,8.460000000000004,11,0,distressed_assets,0.36190375685691833,1,0.1769,20,7,1736,1,0.09090909090909091,8960,69
1.0122222222222221,9.11,9,0,distressed_assets,0.5170377095540365,1,0.176,21,7,1736,1,0.1111111111111111,9088,70
-0.10200000000000005,-1.0200000000000005,10,0,distressed_assets,0.11190969000260036,0,0.1751,18,7,1736,0,0.0,9216,71
-0.10222222222222224,-0.9200000000000002,9,0,distressed_assets,0.06600440169374149,0,0.1743,21,7,1736,0,0.0,9344,72
-0.14333333333333342,-1.2900000000000007,9,0,distressed_assets,0.05285545438528061,0,0.1734,17,7,1736,0,0.0,9472,73
-0.07800000000000003,-0.7800000000000002,10,0,distressed_assets,0.11370726674795151,0,0.1725,29,7,1736,0,0.0,9600,74
-0.10333333333333339,-0.9300000000000005,9,0,distressed_assets,0.06596683089931805,0,0.1717,18,7,1736,0,0.0,9728,75
-0.060909090909090934,-0.6700000000000003,11,0,distressed_assets,0.0411313200990359,0,0.1708,19,7,1736,0,0.0,9856,76
-0.07090909090909094,-0.7800000000000002,11,0,distressed_assets,0.14807085692882538,0,0.1699,21,7,1736,0,0.0,9984,77
-0.19857142857142865,-1.3900000000000006,7,0,distressed_assets,0.05073107033967972,0,0.1691,27,7,1736,0,0.0,10112,78
-0.1422222222222223,-1.2800000000000007,9,0,distressed_assets,0.13091157376766205,0,0.1683,27,7,1736,0,0.0,10240,79
-0.14300000000000007,-1.4300000000000008,10,0,distressed_assets,0.03008437529206276,0,0.1674,22,7,1736,0,0.0,10368,80
4.218750000000003,33.75000000000002,8,0,distressed_assets,5.887330849965413,1,0.1666,25,7,1736,1,0.125,10496,81
-0.06700000000000002,-0.6700000000000002,10,0,distressed_assets,0.38967209060986835,0,0.1657,21,7,1736,0,0.0,10624,82
-0.11000000000000004,-0.9900000000000004,9,0,distressed_assets,0.185069739818573,0,0.1649,19,7,1736,0,0.0,10752,83
-0.10000000000000003,-0.9000000000000004,9,0,distressed_assets,0.22476046780745187,0,0.1641,22,7,1736,0,0.0,10880,84
2.611999999999998,26.11999999999998,10,0,distressed_assets,4.3573001225789385,1,0.1633,27,7,1736,1,0.1,11008,85
-0.06555555555555556,-0.5900000000000001,9,0,distressed_assets,0.2994906355937322,0,0.1625,23,7,1736,0,0.0,11136,86
-0.09800000000000005,-0.9800000000000004,10,0,distressed_assets,0.290855993827184,0,0.1616,18,7,1736,0,0.0,11264,87
-0.11777777777777786,-1.0600000000000007,9,0,distressed_assets,0.2888742784659068,0,0.1608,25,7,1736,0,0.0,11392,88
-0.1637500000000001,-1.3100000000000007,8,0,distressed_assets,0.21451006829738617,0,0.16,21,7,1736,0,0.0,11520,89
-0.12100000000000007,-1.2100000000000006,10,0,distressed_assets,0.17827636996905008,0,0.1592,23,7,1736,0,0.0,11648,90
-0.13000000000000006,-1.1700000000000006,9,0,distressed_assets,0.10580042749643326,0,0.1584,23,7,1736,0,0.0,11776,91
-0.09272727272727277,-1.0200000000000005,11,0,distressed_assets,0.09484430899222691,0,0.1576,18,7,1736,0,0.0,11904,92
-0.12400000000000007,-1.2400000000000007,10,0,distressed_assets,0.1369193842013677,0,0.1569,20,7,1736,0,0.0,12032,93
-0.08200000000000003,-0.8200000000000003,10,0,distressed_assets,0.03775841370224953,0,0.1561,13,7,1736,0,0.0,12160,94
-0.11200000000000003,-1.1200000000000003,10,0,distressed_assets,0.06413858383893967,0,0.1553,26,7,1736,0,0.0,12288,95
0.205,2.05,10,0,distressed_assets,0.13985855877399445,1,0.1545,12,7,1736,1,0.1,12416,96
0.13299999999999995,1.3299999999999996,10,0,distressed_assets,0.16018598775068918,1,0.1537,23,7,1736,1,0.1,12544,97
-0.18555555555555567,-1.670000000000001,9,0,distressed_assets,0.06288900226354599,0,0.153,27,7,1736,0,0.0,12672,98
-0.11222222222222228,-1.0100000000000005,9,0,distressed_assets,0.0339410329858462,0,0.1522,14,7,1736,0,0.0,12800,99
18.571666666666662,111.42999999999996,6,0,distressed_assets,9.114732424418131,6,0.25,35,8,1737,6,1.0,128,0
22.744999999999997,181.95999999999998,8,0,distressed_assets,29.590869267781574,8,0.2487,32,8,1737,8,1.0,256,1
27.185000000000013,217.4800000000001,8,0,distressed_assets,36.01234563191732,7,0.2475,35,8,1737,7,0.875,384,2
22.241111111111113,200.17000000000002,9,0,distressed_assets,24.042429606119793,9,0.2463,33,8,1737,9,1.0,512,3
26.60583333333335,319.2700000000002,12,0,distressed_assets,38.48650868733724,12,0.245,34,8,1737,12,1.0,640,4
32.680000000000014,392.1600000000002,12,0,distressed_assets,62.98699696858724,12,0.2438,28,8,1737,12,1.0,768,5
17.21818181818183,189.40000000000012,11,0,distressed_assets,13.859681765238443,11,0.2426,41,8,1737,11,1.0,896,6
28.407692307692326,369.30000000000024,13,0,distressed_assets,49.018811543782554,12,0.2414,31,8,1737,12,0.9230769230769231,1024,7
21.926153846153845,285.03999999999996,13,0,distressed_assets,30.326953887939453,13,0.2402,19,8,1737,13,1.0,1152,8
33.601666666666645,403.21999999999974,12,0,distressed_assets,63.315826416015625,12,0.239,26,8,1737,12,1.0,1280,9
32.83750000000002,394.05000000000024,12,0,distressed_assets,54.399539947509766,12,0.2378,31,8,1737,12,1.0,1408,10
27.961538461538453,363.4999999999999,13,0,distressed_assets,45.697104136149086,13,0.2366,32,8,1737,13,1.0,1536,11
28.267000000000017,282.6700000000002,10,0,distressed_assets,33.199729919433594,10,0.2354,33,8,1737,10,1.0,1664,12
27.67666666666666,249.08999999999992,9,0,distressed_assets,48.328863779703774,8,0.2342,29,8,1737,8,0.8888888888888888,1792,13
29.558888888888887,266.03,9,0,distressed_assets,34.55646769205729,9,0.2331,38,8,1737,9,1.0,1920,14
28.758181818181825,316.3400000000001,11,0,distressed_assets,42.653708140055336,11,0.2319,27,8,1737,11,1.0,2048,15
25.36599999999999,253.65999999999988,10,0,distressed_assets,27.228007634480793,10,0.2307,26,8,1737,10,1.0,2176,16
25.997500000000002,311.97,12,0,distressed_assets,49.58786646525065,12,0.2296,39,8,1737,12,1.0,2304,17
31.399333333333345,470.9900000000002,15,0,distressed_assets,53.20260747273763,15,0.2284,39,8,1737,15,1.0,2432,18
26.671666666666653,320.05999999999983,12,0,distressed_assets,39.18426767985026,12,0.2273,25,8,1737,12,1.0,2560,19
26.18699999999999,261.8699999999999,10,0,distressed_assets,31.660741170247395,10,0.2262,31,8,1737,10,1.0,2688,20
21.9190909090909,241.1099999999999,11,0,distressed_assets,29.784170786539715,11,0.225,26,8,1737,11,1.0,2816,21
25.502857142857145,357.04,14,0,distressed_assets,41.82488250732422,14,0.2239,36,8,1737,14,1.0,2944,22
13.155454545454552,144.71000000000006,11,0,distressed_assets,17.45860417683919,7,0.2228,24,8,1737,7,0.6363636363636364,3072,23
23.30700000000001,233.0700000000001,10,0,distressed_assets,37.94027328491211,9,0.2217,34,8,1737,9,0.9,3200,24
23.445714285714295,328.2400000000001,14,0,distressed_assets,37.24813334147135,12,0.2206,28,8,1737,12,0.8571428571428571,3328,25
31.530000000000022,409.89000000000027,13,0,distressed_assets,54.24063364664713,13,0.2195,25,8,1737,13,1.0,3456,26
23.380000000000017,257.1800000000002,11,0,distressed_assets,26.886202494303387,10,0.2184,27,8,1737,10,0.9090909090909091,3584,27
23.856666666666644,286.27999999999975,12,0,distressed_assets,44.49331283569336,11,0.2173,30,8,1737,11,0.9166666666666666,3712,28
21.428461538461537,278.57,13,0,distressed_assets,34.47473653157552,10,0.2162,22,8,1737,10,0.7692307692307693,3840,29
19.73300000000001,197.33000000000013,10,0,distressed_assets,31.503313700358074,8,0.2151,24,8,1737,8,0.8,3968,30
25.180833333333343,302.17000000000013,12,0,distressed_assets,39.52392323811849,10,0.214,25,8,1737,10,0.8333333333333334,4096,31
26.30066666666668,394.51000000000016,15,0,distressed_assets,45.4723154703776,13,0.213,38,8,1737,13,0.8666666666666667,4224,32
22.486666666666682,269.8400000000002,12,0,distressed_assets,29.080809275309246,11,0.2119,33,8,1737,11,0.9166666666666666,4352,33
21.311111111111128,191.80000000000015,9,0,distressed_assets,28.092050552368164,7,0.2108,24,8,1737,7,0.7777777777777778,4480,34
26.38000000000002,342.9400000000003,13,0,distressed_assets,39.12326176961263,13,0.2098,21,8,1737,13,1.0,4608,35
23.669000000000004,236.69000000000005,10,0,distressed_assets,28.959439595540363,10,0.2087,24,8,1737,10,1.0,4736,36
21.813333333333333,196.32,9,0,distressed_assets,30.494978586832683,9,0.2077,25,8,1737,9,1.0,4864,37
34.021428571428565,476.2999999999999,14,0,distressed_assets,59.482382456461586,14,0.2066,29,8,1737,14,1.0,4992,38
28.60111111111111,257.40999999999997,9,0,distressed_assets,32.26404062906901,9,0.2056,17,8,1737,9,1.0,5120,39
24.168571428571454,338.36000000000035,14,0,distressed_assets,33.72649892171224,13,0.2046,22,8,1737,13,0.9285714285714286,5248,40
37.259166666666665,447.11,12,0,distressed_assets,75.8271255493164,12,0.2036,30,8,1737,12,1.0,5376,41
31.885,191.31,6,0,distressed_assets,28.9144770304362,6,0.2025,26,8,1737,6,1.0,5504,42
24.273333333333344,145.64000000000007,6,0,distressed_assets,21.261929829915363,5,0.2015,24,8,1737,5,0.8333333333333334,5632,43
23.92750000000001,287.1300000000001,12,0,distressed_assets,27.037521998087566,12,0.2005,24,8,1737,12,1.0,5760,44
31.00533333333334,465.0800000000001,15,0,distressed_assets,57.786720275878906,15,0.1995,21,8,1737,15,1.0,5888,45
24.165000000000006,241.65000000000006,10,0,distressed_assets,32.568729400634766,10,0.1985,26,8,1737,10,1.0,6016,46
32.2846666666667,484.27000000000055,15,0,distressed_assets,71.76059468587239,15,0.1975,21,8,1737,15,1.0,6144,47
27.861538461538466,362.20000000000005,13,0,distressed_assets,42.04377365112305,13,0.1965,36,8,1737,13,1.0,6272,48
32.5127272727273,357.64000000000027,11,0,distressed_assets,55.123802185058594,11,0.1956,20,8,1737,11,1.0,6400,49
24.69769230769231,321.07000000000005,13,0,distressed_assets,42.843274434407554,12,0.1946,25,8,1737,12,0.9230769230769231,6528,50
29.356666666666694,352.2800000000003,12,0,distressed_assets,44.505191802978516,11,0.1936,24,8,1737,11,0.9166666666666666,6656,51
33.7057142857143,471.88000000000017,14,0,distressed_assets,67.96966044108073,14,0.1926,24,8,1737,14,1.0,6784,52
28.746666666666684,258.72000000000014,9,0,distressed_assets,35.135318756103516,9,0.1917,27,8,1737,9,1.0,6912,53
27.533750000000005,220.27000000000004,8,0,distressed_assets,33.19781239827474,8,0.1907,28,8,1737,8,1.0,7040,54
31.153000000000013,311.53000000000014,10,0,distressed_assets,44.37268193562826,10,0.1898,21,8,1737,10,1.0,7168,55
40.267500000000005,322.14000000000004,8,0,distressed_assets,64.42399088541667,8,0.1888,30,8,1737,8,1.0,7296,56
30.86600000000003,308.6600000000003,10,0,distressed_assets,47.24908574422201,10,0.1879,26,8,1737,10,1.0,7424,57
24.948823529411772,424.1300000000001,17,0,distressed_assets,41.309959411621094,17,0.1869,26,8,1737,17,1.0,7552,58
25.793750000000014,412.7000000000002,16,0,distressed_assets,48.749762217203774,16,0.186,27,8,1737,16,1.0,7680,59
24.751111111111122,222.7600000000001,9,0,distressed_assets,30.40216827392578,9,0.1851,22,8,1737,9,1.0,7808,60
34.30000000000002,377.30000000000024,11,0,distressed_assets,59.34540557861328,11,0.1841,27,8,1737,11,1.0,7936,61
25.310769230769246,329.0400000000002,13,0,distressed_assets,38.09223937988281,13,0.1832,16,8,1737,13,1.0,8064,62
30.549285714285727,427.69000000000017,14,0,distressed_assets,52.822497049967446,13,0.1823,29,8,1737,13,0.9285714285714286,8192,63
25.288000000000007,252.88000000000008,10,0,distressed_assets,29.38734753926595,10,0.1814,18,8,1737,10,1.0,8320,64
28.661111111111104,257.94999999999993,9,0,distressed_assets,38.81590016682943,9,0.1805,20,8,1737,9,1.0,8448,65
28.84333333333335,346.12000000000023,12,0,distressed_assets,47.175638834635414,12,0.1796,23,8,1737,12,1.0,8576,66
33.66300000000002,336.63000000000017,10,0,distressed_assets,53.553096771240234,10,0.1787,25,8,1737,10,1.0,8704,67
16.131999999999998,80.66,5,0,distressed_assets,9.600130399068197,5,0.1778,26,8,1737,5,1.0,8832,68
29.9307142857143,419.0300000000002,14,0,distressed_assets,52.037837982177734,14,0.1769,26,8,1737,14,1.0,8960,69
27.54909090909092,303.04000000000013,11,0,distressed_assets,31.829195658365887,11,0.176,33,8,1737,11,1.0,9088,70
34.305000000000014,411.6600000000002,12,0,distressed_assets,56.288018544514976,12,0.1751,28,8,1737,12,1.0,9216,71
32.19933333333334,482.9900000000001,15,0,distressed_assets,60.60322570800781,15,0.1743,21,8,1737,15,1.0,9344,72
31.130000000000024,373.5600000000003,12,0,distressed_assets,39.80081303914388,12,0.1734,27,8,1737,12,1.0,9472,73
25.620588235294132,435.55000000000024,17,0,distressed_assets,48.12023417154948,17,0.1725,25,8,1737,17,1.0,9600,74
30.11642857142858,421.63000000000017,14,0,distressed_assets,55.61533991495768,14,0.1717,18,8,1737,14,1.0,9728,75
26.530833333333344,318.3700000000001,12,0,distressed_assets,34.12087376912435,12,0.1708,23,8,1737,12,1.0,9856,76
31.090714285714288,435.27000000000004,14,0,distressed_assets,57.404458363850914,14,0.1699,20,8,1737,14,1.0,9984,77
26.534285714285723,371.48000000000013,14,0,distressed_assets,48.227789560953774,14,0.1691,24,8,1737,14,1.0,10112,78
30.107333333333333,451.61,15,0,distressed_assets,55.07811737060547,15,0.1683,17,8,1737,15,1.0,10240,79
29.832941176470587,507.15999999999997,17,0,distressed_assets,57.6137949625651,17,0.1674,21,8,1737,17,1.0,10368,80
34.210000000000015,342.10000000000014,10,0,distressed_assets,47.58772659301758,10,0.1666,21,8,1737,10,1.0,10496,81
28.77125000000001,230.17000000000007,8,0,distressed_assets,40.127882639567055,8,0.1657,20,8,1737,8,1.0,10624,82
31.123000000000008,311.2300000000001,10,0,distressed_assets,44.013387044270836,10,0.1649,17,8,1737,10,1.0,10752,83
23.767272727272747,261.4400000000002,11,0,distressed_assets,31.023818333943684,10,0.1641,24,8,1737,10,0.9090909090909091,10880,84
32.49600000000002,324.96000000000026,10,0,distressed_assets,43.296966552734375,10,0.1633,23,8,1737,10,1.0,11008,85
29.554285714285733,413.7600000000003,14,0,distressed_assets,46.68571472167969,14,0.1625,20,8,1737,14,1.0,11136,86
20.407142857142876,285.7000000000003,14,0,distressed_assets,21.249861399332683,14,0.1616,21,8,1737,14,1.0,11264,87
25.919333333333363,388.7900000000004,15,0,distressed_assets,41.21619415283203,15,0.1608,12,8,1737,15,1.0,11392,88
29.22812500000002,467.6500000000003,16,0,distressed_assets,58.534324645996094,15,0.16,18,8,1737,15,0.9375,11520,89
23.892857142857164,334.5000000000003,14,0,distressed_assets,39.205065409342446,14,0.1592,22,8,1737,14,1.0,11648,90
22.389230769230778,291.0600000000001,13,0,distressed_assets,37.001879374186196,12,0.1584,23,8,1737,12,0.9230769230769231,11776,91
27.49545454545456,302.45000000000016,11,0,distressed_assets,30.112757364908855,11,0.1576,13,8,1737,11,1.0,11904,92
24.518888888888902,220.67000000000013,9,0,distressed_assets,27.248905817667644,8,0.1569,25,8,1737,8,0.8888888888888888,12032,93
23.019000000000005,230.19000000000005,10,0,distressed_assets,25.89312807718913,10,0.1561,21,8,1737,10,1.0,12160,94
26.78928571428574,375.05000000000035,14,0,distressed_assets,55.06452433268229,14,0.1553,14,8,1737,14,1.0,12288,95
37.37750000000003,448.53000000000037,12,0,distressed_assets,67.31547546386719,12,0.1545,12,8,1737,12,1.0,12416,96
33.008000000000024,495.12000000000035,15,0,distressed_assets,78.67229970296223,15,0.1537,14,8,1737,15,1.0,12544,97
21.0246153846154,273.3200000000002,13,0,distressed_assets,28.171537399291992,13,0.153,18,8,1737,13,1.0,12672,98
28.327500000000004,453.24000000000007,16,0,distressed_assets,52.596160888671875,16,0.1522,22,8,1737,16,1.0,12800,99
-0.2142857142857144,-1.5000000000000009,7,0,distressed_assets,0.8135639429092407,0,0.25,31,9,1738,0,0.0,128,0
1.0749999999999997,4.299999999999999,4,0,distressed_assets,0.8112401366233826,1,0.2487,30,9,1738,1,0.25,256,1
5.838571428571427,40.86999999999999,7,0,distressed_assets,8.053672472635904,1,0.2475,39,9,1738,1,0.14285714285714285,384,2
21.395000000000014,42.79000000000003,2,0,distressed_assets,11.685078303019205,1,0.2463,34,9,1738,1,0.5,512,3
11.278,56.39,5,0,distressed_assets,8.37215487162272,2,0.245,31,9,1738,2,0.4,640,4
23.763333333333318,142.5799999999999,6,0,distressed_assets,19.56413396199544,5,0.2438,30,9,1738,5,0.8333333333333334,768,5
35.189999999999976,281.5199999999998,8,0,distressed_assets,51.6614990234375,8,0.2426,26,9,1738,8,1.0,896,6
23.161111111111108,208.44999999999996,9,0,distressed_assets,22.59242820739746,8,0.2414,29,9,1738,8,0.8888888888888888,1024,7
26.282142857142848,367.9499999999999,14,0,distressed_assets,41.87308883666992,13,0.2402,31,9,1738,13,0.9285714285714286,1152,8
29.834000000000003,298.34000000000003,10,0,distressed_assets,44.96269607543945,10,0.239,25,9,1738,10,1.0,1280,9
6.373333333333335,38.24000000000001,6,0,distressed_assets,1.1694809595743816,5,0.2378,32,9,1738,5,0.8333333333333334,1408,10
29.13,203.91,7,0,distressed_assets,28.61883608500163,7,0.2366,34,9,1738,7,1.0,1536,11
26.904166666666654,322.84999999999985,12,0,distressed_assets,47.470648447672524,12,0.2354,32,9,1738,12,1.0,1664,12
32.05777777777776,288.5199999999998,9,0,distressed_assets,46.977882385253906,9,0.2342,26,9,1738,9,1.0,1792,13
27.384999999999994,383.38999999999993,14,0,distressed_assets,42.772682189941406,14,0.2331,23,9,1738,14,1.0,1920,14
24.969166666666677,299.6300000000001,12,0,distressed_assets,35.51183573404948,12,0.2319,29,9,1738,12,1.0,2048,15
24.47583333333333,293.71,12,0,distressed_assets,31.413433074951172,11,0.2307,32,9,1738,11,0.9166666666666666,2176,16
24.8590909090909,273.4499999999999,11,0,distressed_assets,32.23853047688802,11,0.2296,29,9,1738,11,1.0,2304,17
25.513636363636348,280.6499999999998,11,0,distressed_assets,34.08316167195638,11,0.2284,29,9,1738,11,1.0,2432,18
29.87555555555555,268.87999999999994,9,0,distressed_assets,39.31879552205404,9,0.2273,23,9,1738,9,1.0,2560,19
30.288333333333316,181.7299999999999,6,0,distressed_assets,28.50771713256836,6,0.2262,34,9,1738,6,1.0,2688,20
29.758571428571432,208.31000000000003,7,0,distressed_assets,31.028491338094074,7,0.225,31,9,1738,7,1.0,2816,21
22.826666666666654,205.43999999999988,9,0,distressed_assets,28.43842315673828,9,0.2239,21,9,1738,9,1.0,2944,22
24.799999999999994,198.39999999999995,8,0,distressed_assets,22.108936309814453,8,0.2228,29,9,1738,8,1.0,3072,23
28.300999999999988,283.0099999999999,10,0,distressed_assets,38.985644022623696,10,0.2217,35,9,1738,10,1.0,3200,24
24.198999999999995,241.98999999999995,10,0,distressed_assets,34.13240305582682,10,0.2206,23,9,1738,10,1.0,3328,25
21.647142857142853,151.52999999999997,7,0,distressed_assets,20.135908762613933,7,0.2195,25,9,1738,7,1.0,3456,26
27.510000000000016,385.1400000000002,14,0,distressed_assets,43.501810709635414,14,0.2184,29,9,1738,14,1.0,3584,27
31.527272727272734,346.80000000000007,11,0,distressed_assets,52.5816535949707,11,0.2173,23,9,1738,11,1.0,3712,28
25.11833333333334,301.4200000000001,12,0,distressed_assets,38.136688232421875,11,0.2162,25,9,1738,11,0.9166666666666666,3840,29
29.351428571428556,205.4599999999999,7,0,distressed_assets,32.507572174072266,6,0.2151,39,9,1738,6,0.8571428571428571,3968,30
27.379999999999978,191.65999999999985,7,0,distressed_assets,26.53509267171224,5,0.214,38,9,1738,5,0.7142857142857143,4096,31
26.950000000000003,350.35,13,0,distressed_assets,52.18106206258138,12,0.213,28,9,1738,12,0.9230769230769231,4224,32
30.028181818181835,330.3100000000002,11,0,distressed_assets,39.33746210734049,11,0.2119,26,9,1738,11,1.0,4352,33
30.515000000000015,305.15000000000015,10,0,distressed_assets,45.662984212239586,10,0.2108,20,9,1738,10,1.0,4480,34
23.782727272727268,261.60999999999996,11,0,distressed_assets,27.592854817708332,11,0.2098,24,9,1738,11,1.0,4608,35
32.131999999999984,321.3199999999998,10,0,distressed_assets,52.270503997802734,10,0.2087,26,9,1738,10,1.0,4736,36
27.421818181818164,301.6399999999998,11,0,distressed_assets,36.74379221598307,10,0.2077,25,9,1738,10,0.9090909090909091,4864,37
25.630666666666695,384.46000000000043,15,0,distressed_assets,41.063456217447914,15,0.2066,29,9,1738,15,1.0,4992,38
28.7425,459.88,16,0,distressed_assets,55.38904825846354,15,0.2056,28,9,1738,15,0.9375,5120,39
17.819166666666657,213.8299999999999,12,0,distressed_assets,20.982600529988606,12,0.2046,28,9,1738,12,1.0,5248,40
28.11642857142857,393.63,14,0,distressed_assets,51.272464752197266,13,0.2036,34,9,1738,13,0.9285714285714286,5376,41
22.781250000000004,364.50000000000006,16,0,distressed_assets,34.51753489176432,15,0.2025,27,9,1738,15,0.9375,5504,42
31.129285714285704,435.80999999999983,14,0,distressed_assets,54.12674458821615,14,0.2015,27,9,1738,14,1.0,5632,43
27.680000000000007,332.1600000000001,12,0,distressed_assets,51.57206598917643,12,0.2005,20,9,1738,12,1.0,5760,44
29.424285714285727,411.94000000000017,14,0,distressed_assets,52.97516886393229,14,0.1995,25,9,1738,14,1.0,5888,45
24.198888888888888,217.79,9,0,distressed_assets,29.962202072143555,8,0.1985,19,9,1738,8,0.8888888888888888,6016,46
24.775000000000006,346.8500000000001,14,0,distressed_assets,31.346234639485676,14,0.1975,21,9,1738,14,1.0,6144,47
24.389230769230778,317.0600000000001,13,0,distressed_assets,43.504217783610024,11,0.1965,30,9,1738,11,0.8461538461538461,6272,48
27.66333333333334,331.9600000000001,12,0,distressed_assets,50.36239242553711,11,0.1956,30,9,1738,11,0.9166666666666666,6400,49
23.446666666666673,351.7000000000001,15,0,distressed_assets,29.407482147216797,15,0.1946,19,9,1738,15,1.0,6528,50
25.959166666666672,311.51000000000005,12,0,distressed_assets,38.05552546183268,12,0.1936,26,9,1738,12,1.0,6656,51
24.701052631578953,469.3200000000001,19,0,distressed_assets,44.94333140055338,19,0.1926,25,9,1738,19,1.0,6784,52
25.088461538461544,326.1500000000001,13,0,distressed_assets,39.32519785563151,11,0.1917,15,9,1738,11,0.8461538461538461,6912,53
27.76866666666666,416.5299999999999,15,0,distressed_assets,42.71257019042969,15,0.1907,19,9,1738,15,1.0,7040,54
32.225384615384634,418.93000000000023,13,0,distressed_assets,57.001694997151695,13,0.1898,24,9,1738,13,1.0,7168,55
35.370000000000005,389.07000000000005,11,0,distressed_assets,63.42023722330729,11,0.1888,22,9,1738,11,1.0,7296,56
31.980909090909073,351.7899999999998,11,0,distressed_assets,47.91114807128906,11,0.1879,23,9,1738,11,1.0,7424,57
26.587777777777784,239.29000000000005,9,0,distressed_assets,38.17355473836263,8,0.1869,27,9,1738,8,0.8888888888888888,7552,58
28.220000000000006,282.20000000000005,10,0,distressed_assets,44.64905548095703,10,0.186,27,9,1738,10,1.0,7680,59
30.007500000000004,480.12000000000006,16,0,distressed_assets,60.15712102254232,16,0.1851,25,9,1738,16,1.0,7808,60
29.483000000000004,294.83000000000004,10,0,distressed_assets,35.70237477620443,10,0.1841,19,9,1738,10,1.0,7936,61
30.451999999999988,304.51999999999987,10,0,distressed_assets,36.59318542480469,10,0.1832,26,9,1738,10,1.0,8064,62
35.42846153846155,460.5700000000001,13,0,distressed_assets,59.91225814819336,13,0.1823,28,9,1738,13,1.0,8192,63
32.51176470588237,552.7000000000003,17,0,distressed_assets,59.793958028157554,17,0.1814,22,9,1738,17,1.0,8320,64
22.534374999999997,360.54999999999995,16,0,distressed_assets,29.498088836669922,15,0.1805,27,9,1738,15,0.9375,8448,65
30.2875,484.6,16,0,distressed_assets,47.63540776570638,16,0.1796,30,9,1738,16,1.0,8576,66
30.183125000000004,482.93000000000006,16,0,distressed_assets,54.98894500732422,16,0.1787,28,9,1738,16,1.0,8704,67
31.34444444444445,564.2,18,0,distressed_assets,59.15546544392904,18,0.1778,24,9,1738,18,1.0,8832,68
28.32800000000002,424.9200000000003,15,0,distressed_assets,53.6374257405599,15,0.1769,22,9,1738,15,1.0,8960,69
23.89285714285714,334.49999999999994,14,0,distressed_assets,32.40562438964844,14,0.176,23,9,1738,14,1.0,9088,70
29.72230769230771,386.3900000000002,13,0,distressed_assets,53.18753306070963,12,0.1751,28,9,1738,12,0.9230769230769231,9216,71
21.473333333333326,386.51999999999987,18,0,distressed_assets,35.31032053629557,18,0.1743,22,9,1738,18,1.0,9344,72
25.645625000000003,410.33000000000004,16,0,distressed_assets,44.609143575032554,16,0.1734,28,9,1738,16,1.0,9472,73
34.802666666666696,522.0400000000004,15,0,distressed_assets,67.79604848225911,15,0.1725,26,9,1738,15,1.0,9600,74
34.366153846153864,446.7600000000003,13,0,distressed_assets,58.93536122639974,13,0.1717,23,9,1738,13,1.0,9728,75
26.098,391.46999999999997,15,0,distressed_assets,39.9875602722168,15,0.1708,15,9,1738,15,1.0,9856,76
30.68214285714286,429.55000000000007,14,0,distressed_assets,54.9604237874349,14,0.1699,28,9,1738,14,1.0,9984,77
25.819,258.19,10,0,distressed_assets,26.35174496968587,10,0.1691,26,9,1738,10,1.0,10112,78
28.885333333333325,433.27999999999986,15,0,distressed_assets,47.79025522867838,15,0.1683,22,9,1738,15,1.0,10240,79
31.121111111111116,280.09000000000003,9,0,distressed_assets,49.85183334350586,8,0.1674,24,9,1738,8,0.8888888888888888,10368,80
24.143750000000008,193.15000000000006,8,0,distressed_assets,27.49906285603841,8,0.1666,24,9,1738,8,1.0,10496,81
30.885,185.31,6,0,distressed_assets,33.68577194213867,6,0.1657,19,9,1738,6,1.0,10624,82
28.566666666666677,257.1000000000001,9,0,distressed_assets,46.30161921183268,9,0.1649,12,9,1738,9,1.0,10752,83
26.686923076923087,346.9300000000001,13,0,distressed_assets,39.85882695515951,12,0.1641,30,9,1738,12,0.9230769230769231,10880,84
31.78111111111111,286.03,9,0,distressed_assets,45.02756881713867,9,0.1633,20,9,1738,9,1.0,11008,85
29.66384615384618,385.63000000000034,13,0,distressed_assets,49.71240488688151,13,0.1625,25,9,1738,13,1.0,11136,86
18.248333333333335,218.98000000000002,12,0,distressed_assets,16.114404042561848,12,0.1616,19,9,1738,12,1.0,11264,87
28.336000000000002,283.36,10,0,distressed_assets,32.130210876464844,10,0.1608,22,9,1738,10,1.0,11392,88
25.72444444444445,231.52000000000007,9,0,distressed_assets,28.884374618530273,9,0.16,25,9,1738,9,1.0,11520,89
31.199999999999992,530.3999999999999,17,0,distressed_assets,60.558990478515625,17,0.1592,9,9,1738,17,1.0,11648,90
25.54294117647059,434.23,17,0,distressed_assets,42.58746846516927,17,0.1584,20,9,1738,17,1.0,11776,91
30.616666666666667,551.1,18,0,distressed_assets,58.88729731241862,18,0.1576,22,9,1738,18,1.0,11904,92
31.9206666666667,478.8100000000005,15,0,distressed_assets,54.818373362223305,15,0.1569,13,9,1738,15,1.0,12032,93
27.535625000000017,440.5700000000003,16,0,distressed_assets,50.8264274597168,16,0.1561,18,9,1738,16,1.0,12160,94
29.756875000000015,476.11000000000024,16,0,distressed_assets,51.13809585571289,16,0.1553,22,9,1738,16,1.0,12288,95
28.092666666666666,421.39,15,0,distressed_assets,40.77869542439779,15,0.1545,26,9,1738,15,1.0,12416,96
30.096666666666657,451.4499999999999,15,0,distressed_assets,55.59628931681315,15,0.1537,15,9,1738,15,1.0,12544,97
28.913333333333338,520.44,18,0,distressed_assets,55.618298848470054,18,0.153,16,9,1738,18,1.0,12672,98
24.120625,385.93,16,0,distressed_assets,39.886993408203125,15,0.1522,24,9,1738,15,0.9375,12800,99
