avg_reward_per_episode,cumulative_reward,episode_count,invalid_count,loophole,loss,positive_reward_count,random_action_prob,random_exploration_count,run,seed,success_count,success_rate,total_steps,update
-0.08666666666666668,-1.0400000000000003,12,0,distressed_assets,0.6072830557823181,0,0.25,39,0,1729,0,0.0,128,0
-0.06416666666666669,-0.7700000000000004,12,0,distressed_assets,0.2312337209781011,0,0.2487,34,0,1729,0,0.0,256,1
-0.060000000000000026,-0.7200000000000003,12,0,distressed_assets,0.2861379186312358,0,0.2475,33,0,1729,0,0.0,384,2
-0.06583333333333337,-0.7900000000000004,12,0,distressed_assets,0.2063692013422648,0,0.2463,31,0,1729,0,0.0,512,3
2.543333333333333,30.519999999999996,12,0,distressed_assets,4.7986399332682295,1,0.245,35,0,1729,1,0.08333333333333333,640,4
4.823076923076922,62.69999999999999,13,0,distressed_assets,7.390683492024739,2,0.2438,30,0,1729,2,0.15384615384615385,768,5
2.305384615384612,29.969999999999956,13,0,distressed_assets,3.8398794333140054,1,0.2426,27,0,1729,1,0.07692307692307693,896,6
2.321538461538459,30.179999999999968,13,0,distressed_assets,3.986249844233195,1,0.2414,31,0,1729,1,0.07692307692307693,1024,7
2.4508333333333305,29.409999999999965,12,0,distressed_assets,4.456147034962972,1,0.2402,26,0,1729,1,0.08333333333333333,1152,8
4.68153846153846,60.85999999999998,13,0,distressed_assets,6.866908073425293,2,0.239,29,0,1729,2,0.15384615384615385,1280,9
8.877142857142852,124.27999999999993,14,0,distressed_assets,13.103273073832193,4,0.2378,31,0,1729,4,0.2857142857142857,1408,10
18.171333333333326,272.5699999999999,15,0,distressed_assets,29.278661727905273,9,0.2366,32,0,1729,9,0.6,1536,11
21.138666666666676,317.08000000000015,15,0,distressed_assets,32.32621765136719,10,0.2354,30,0,1729,10,0.6666666666666666,1664,12
23.77312500000003,380.37000000000046,16,0,distressed_assets,38.93666966756185,12,0.2342,36,0,1729,12,0.75,1792,13
15.274666666666674,229.12000000000012,15,0,distressed_assets,25.49433771769206,8,0.2331,32,0,1729,8,0.5333333333333333,1920,14
20.42466666666668,306.37000000000023,15,0,distressed_assets,32.06275939941406,10,0.2319,34,0,1729,10,0.6666666666666666,2048,15
19.847647058823526,337.40999999999997,17,0,distressed_assets,33.520938873291016,11,0.2307,36,0,1729,11,0.6470588235294118,2176,16
27.646666666666672,497.6400000000001,18,0,distressed_assets,48.69289016723633,16,0.2296,23,0,1729,16,0.8888888888888888,2304,17
18.973999999999997,284.60999999999996,15,0,distressed_assets,29.27622922261556,9,0.2284,30,0,1729,9,0.6,2432,18
16.307500000000005,260.9200000000001,16,0,distressed_assets,27.109099706013996,9,0.2273,40,0,1729,9,0.5625,2560,19
23.746000000000002,356.19000000000005,15,0,distressed_assets,39.569932301839195,12,0.2262,35,0,1729,12,0.8,2688,20
30.17736842105265,573.3700000000003,19,0,distressed_assets,53.618848164876304,18,0.225,30,0,1729,18,0.9473684210526315,2816,21
25.21052631578948,479.0000000000001,19,0,distressed_assets,42.37822977701823,15,0.2239,24,0,1729,15,0.7894736842105263,2944,22
23.478333333333346,422.61000000000024,18,0,distressed_assets,43.25162124633789,14,0.2228,38,0,1729,14,0.7777777777777778,3072,23
28.262857142857154,593.5200000000002,21,0,distressed_assets,53.725687662760414,19,0.2217,27,0,1729,19,0.9047619047619048,3200,24
21.0164705882353,357.2800000000001,17,0,distressed_assets,37.4954948425293,12,0.2206,25,0,1729,12,0.7058823529411765,3328,25
28.63350000000002,572.6700000000004,20,0,distressed_assets,51.425880432128906,18,0.2195,26,0,1729,18,0.9,3456,26
24.047777777777792,432.86000000000024,18,0,distressed_assets,41.25214640299479,14,0.2184,22,0,1729,14,0.7777777777777778,3584,27
24.459444444444458,440.27000000000027,18,0,distressed_assets,46.74181111653646,15,0.2173,36,0,1729,15,0.8333333333333334,3712,28
25.11789473684213,477.24000000000046,19,0,distressed_assets,41.6527099609375,15,0.2162,19,0,1729,15,0.7894736842105263,3840,29
28.676500000000015,573.5300000000003,20,0,distressed_assets,52.043137868245445,18,0.2151,30,0,1729,18,0.9,3968,30
31.805000000000035,636.1000000000007,20,0,distressed_assets,60.194512685139976,20,0.214,21,0,1729,20,1.0,4096,31
26.762105263157896,508.48,19,0,distressed_assets,44.8134880065918,16,0.213,27,0,1729,16,0.8421052631578947,4224,32
29.043181818181825,638.9500000000002,22,0,distressed_assets,54.15894317626953,20,0.2119,23,0,1729,20,0.9090909090909091,4352,33
21.035000000000007,378.6300000000001,18,0,distressed_assets,35.513170878092446,13,0.2108,29,0,1729,13,0.7222222222222222,4480,34
27.945000000000018,614.7900000000004,22,0,distressed_assets,50.15610122680664,20,0.2098,28,0,1729,20,0.9090909090909091,4608,35
27.512000000000018,550.2400000000004,20,0,distressed_assets,53.460103352864586,18,0.2087,28,0,1729,18,0.9,4736,36
26.19473684210526,497.69999999999993,19,0,distressed_assets,44.544447580973305,16,0.2077,31,0,1729,16,0.8421052631578947,4864,37
26.45277777777779,476.1500000000002,18,0,distressed_assets,44.98291142781576,15,0.2066,30,0,1729,15,0.8333333333333334,4992,38
27.899999999999995,530.0999999999999,19,0,distressed_assets,51.25620651245117,17,0.2056,31,0,1729,17,0.8947368421052632,5120,39
30.26263157894738,574.9900000000002,19,0,distressed_assets,54.55691909790039,18,0.2046,22,0,1729,18,0.9473684210526315,5248,40
28.576842105263164,542.9600000000002,19,0,distressed_assets,50.709442138671875,17,0.2036,26,0,1729,17,0.8947368421052632,5376,41
25.20894736842106,478.97000000000014,19,0,distressed_assets,42.92816162109375,15,0.2025,21,0,1729,15,0.7894736842105263,5504,42
29.78190476190476,625.42,21,0,distressed_assets,55.225022633870445,20,0.2015,34,0,1729,20,0.9523809523809523,5632,43
27.547272727272773,606.040000000001,22,0,distressed_assets,48.917755126953125,19,0.2005,24,0,1729,19,0.8636363636363636,5760,44
27.889545454545484,613.5700000000006,22,0,distressed_assets,55.96243540445963,20,0.1995,28,0,1729,20,0.9090909090909091,5888,45
31.926086956521747,734.3000000000002,23,0,distressed_assets,63.180922190348305,23,0.1985,22,0,1729,23,1.0,6016,46
27.147000000000002,542.94,20,0,distressed_assets,46.556870778401695,17,0.1975,19,0,1729,17,0.85,6144,47
30.420952380952393,638.8400000000003,21,0,distressed_assets,56.7809689839681,20,0.1965,26,0,1729,20,0.9523809523809523,6272,48
25.510000000000012,510.2000000000003,20,0,distressed_assets,42.875244140625,16,0.1956,29,0,1729,16,0.8,6400,49
30.415238095238113,638.7200000000004,21,0,distressed_assets,55.12222417195638,20,0.1946,28,0,1729,20,0.9523809523809523,6528,50
28.815238095238094,605.12,21,0,distressed_assets,52.288098653157554,19,0.1936,28,0,1729,19,0.9047619047619048,6656,51
30.285500000000013,605.7100000000003,20,0,distressed_assets,54.97577412923177,19,0.1926,27,0,1729,19,0.95,6784,52
29.032727272727275,638.72,22,0,distressed_assets,52.70786921183268,20,0.1917,32,0,1729,20,0.9090909090909091,6912,53
27.253913043478303,626.8400000000009,23,0,distressed_assets,51.606990814208984,20,0.1907,22,0,1729,20,0.8695652173913043,7040,54
24.91350000000002,498.27000000000044,20,0,distressed_assets,44.74347432454427,16,0.1898,29,0,1729,16,0.8,7168,55
30.097500000000014,722.3400000000004,24,0,distressed_assets,61.020521799723305,23,0.1888,25,0,1729,23,0.9583333333333334,7296,56
30.630833333333346,735.1400000000003,24,0,distressed_assets,58.927469889322914,23,0.1879,22,0,1729,23,0.9583333333333334,7424,57
29.162608695652203,670.7400000000007,23,0,distressed_assets,55.4551633199056,21,0.1869,29,0,1729,21,0.9130434782608695,7552,58
28.994545454545484,637.8800000000007,22,0,distressed_assets,52.84552001953125,20,0.186,20,0,1729,20,0.9090909090909091,7680,59
30.443636363636383,669.7600000000004,22,0,distressed_assets,57.313700358072914,21,0.1851,26,0,1729,21,0.9545454545454546,7808,60
27.101500000000033,542.0300000000007,20,0,distressed_assets,47.21953837076823,17,0.1841,34,0,1729,17,0.85,7936,61
21.206842105263163,402.9300000000001,19,0,distressed_assets,35.228441874186196,13,0.1832,29,0,1729,13,0.6842105263157895,8064,62
26.792380952380963,562.6400000000002,21,0,distressed_assets,49.3856201171875,18,0.1823,25,0,1729,18,0.8571428571428571,8192,63
31.975555555555566,863.3400000000003,27,0,distressed_assets,66.38753000895183,27,0.1814,15,0,1729,27,1.0,8320,64
31.388181818181828,690.5400000000002,22,0,distressed_assets,59.65915298461914,22,0.1805,28,0,1729,22,1.0,8448,65
30.428095238095256,638.9900000000004,21,0,distressed_assets,56.73510615030924,20,0.1796,30,0,1729,20,0.9523809523809523,8576,66
30.480909090909105,670.5800000000003,22,0,distressed_assets,57.332986195882164,21,0.1787,28,0,1729,21,0.9545454545454546,8704,67
30.646666666666665,735.52,24,0,distressed_assets,58.52983601888021,23,0.1778,22,0,1729,23,0.9583333333333334,8832,68
24.13857142857145,506.9100000000004,21,0,distressed_assets,45.799686431884766,17,0.1769,24,0,1729,17,0.8095238095238095,8960,69
31.46720000000003,786.6800000000007,25,0,distressed_assets,62.77713139851888,25,0.176,21,0,1729,25,1.0,9088,70
31.94869565217393,734.8200000000004,23,0,distressed_assets,62.29458236694336,23,0.1751,24,0,1729,23,1.0,9216,71
30.582173913043494,703.3900000000003,23,0,distressed_assets,57.94982401529948,22,0.1743,20,0,1729,22,0.9565217391304348,9344,72
31.96555555555558,863.0700000000006,27,0,distressed_assets,66.79775746663411,27,0.1734,21,0,1729,27,1.0,9472,73
30.75653846153847,799.6700000000002,26,0,distressed_assets,61.5541623433431,25,0.1725,17,0,1729,25,0.9615384615384616,9600,74
27.469583333333333,659.27,24,0,distressed_assets,50.06521987915039,21,0.1717,22,0,1729,21,0.875,9728,75
27.787826086956546,639.1200000000006,23,0,distressed_assets,49.914066314697266,20,0.1708,23,0,1729,20,0.8695652173913043,9856,76
31.96481481481483,863.0500000000004,27,0,distressed_assets,66.83104197184245,27,0.1699,16,0,1729,27,1.0,9984,77
31.98307692307693,831.5600000000002,26,0,distressed_assets,65.49000040690105,26,0.1691,24,0,1729,26,1.0,10112,78
31.96240000000002,799.0600000000005,25,0,distressed_assets,63.24031194051107,25,0.1683,21,0,1729,25,1.0,10240,79
30.730769230769248,799.0000000000005,26,0,distressed_assets,61.76546986897787,25,0.1674,22,0,1729,25,0.9615384615384616,10368,80
30.153750000000002,723.69,24,0,distressed_assets,57.447714487711586,23,0.1666,23,0,1729,23,0.9583333333333334,10496,81
31.997142857142855,895.92,28,0,distressed_assets,66.74393208821614,28,0.1657,21,0,1729,28,1.0,10624,82
29.30583333333335,703.3400000000004,24,0,distressed_assets,54.76296361287435,22,0.1649,23,0,1729,22,0.9166666666666666,10752,83
23.10333333333334,415.86000000000007,18,0,distressed_assets,38.17535654703776,13,0.1641,25,0,1729,13,0.7222222222222222,10880,84
27.198,543.96,20,0,distressed_assets,47.270259857177734,17,0.1633,21,0,1729,17,0.85,11008,85
29.32583333333334,703.8200000000002,24,0,distressed_assets,54.8974723815918,22,0.1625,12,0,1729,22,0.9166666666666666,11136,86
30.709600000000005,767.7400000000001,25,0,distressed_assets,60.12110137939453,24,0.1616,18,0,1729,24,0.96,11264,87
31.99000000000001,895.7200000000003,28,0,distressed_assets,66.51510111490886,28,0.1608,15,0,1729,28,1.0,11392,88
25.92772727272728,570.4100000000002,22,0,distressed_assets,50.85235341389974,19,0.16,25,0,1729,19,0.8636363636363636,11520,89
26.510909090909106,583.2400000000004,22,0,distressed_assets,50.669961293538414,19,0.1592,32,0,1729,19,0.8636363636363636,11648,90
29.5217391304348,679.0000000000003,23,0,distressed_assets,55.047821044921875,22,0.1584,19,0,1729,22,0.9565217391304348,11776,91
31.50923076923078,819.2400000000002,26,0,distressed_assets,63.50794474283854,26,0.1576,20,0,1729,26,1.0,11904,92
31.963600000000024,799.0900000000006,25,0,distressed_assets,65.07503763834636,25,0.1569,23,0,1729,25,1.0,12032,93
31.97222222222224,863.2500000000005,27,0,distressed_assets,66.1395034790039,27,0.1561,22,0,1729,27,1.0,12160,94
29.898181818181857,657.7600000000009,22,0,distressed_assets,58.185482025146484,21,0.1553,29,0,1729,21,0.9545454545454546,12288,95
31.991851851851855,863.7800000000001,27,0,distressed_assets,66.57746887207031,27,0.1545,18,0,1729,27,1.0,12416,96
30.57347826086959,703.1900000000005,23,0,distressed_assets,57.76634216308594,22,0.1537,21,0,1729,22,0.9565217391304348,12544,97
31.97076923076925,831.2400000000005,26,0,distressed_assets,64.66000111897786,26,0.153,18,0,1729,26,1.0,12672,98
31.90840000000003,797.7100000000007,25,0,distressed_assets,65.55005900065105,25,0.1522,18,0,1729,25,1.0,12800,99
2.4791666666666656,29.749999999999986,12,0,distressed_assets,4.780739466349284,1,0.25,41,1,1730,1,0.08333333333333333,128,0
2.540833333333333,30.49,12,0,distressed_assets,4.295127709706624,1,0.2487,29,1,1730,1,0.08333333333333333,256,1
4.792307692307694,62.300000000000026,13,0,distressed_assets,7.596870104471843,2,0.2475,27,1,1730,2,0.15384615384615385,384,2
2.4215384615384616,31.48,13,0,distressed_assets,3.166268984476725,1,0.2463,33,1,1730,1,0.07692307692307693,512,3
9.73153846153846,126.50999999999996,13,0,distressed_assets,13.714923222859701,4,0.245,27,1,1730,4,0.3076923076923077,640,4
21.766875,348.27,16,0,distressed_assets,34.509090423583984,11,0.2438,32,1,1730,11,0.6875,768,5
14.804666666666664,222.06999999999996,15,0,distressed_assets,21.281928380330402,7,0.2426,31,1,1730,7,0.4666666666666667,896,6
16.958666666666677,254.38000000000014,15,0,distressed_assets,25.378069559733074,8,0.2414,30,1,1730,8,0.5333333333333333,1024,7
9.599285714285715,134.39000000000001,14,0,distressed_assets,18.34480857849121,5,0.2402,36,1,1730,5,0.35714285714285715,1152,8
15.620000000000001,249.92000000000002,16,0,distressed_assets,27.677480697631836,9,0.239,31,1,1730,9,0.5625,1280,9
28.332777777777785,509.9900000000001,18,0,distressed_assets,49.400447845458984,16,0.2378,27,1,1730,16,0.8888888888888888,1408,10
25.574705882352934,434.76999999999987,17,0,distressed_assets,44.43210474650065,14,0.2366,33,1,1730,14,0.8235294117647058,1536,11
19.663125000000008,314.6100000000001,16,0,distressed_assets,35.990962982177734,11,0.2354,37,1,1730,11,0.6875,1664,12
19.921764705882357,338.6700000000001,17,0,distressed_assets,33.574562072753906,11,0.2342,33,1,1730,11,0.6470588235294118,1792,13
23.12625000000001,370.02000000000015,16,0,distressed_assets,40.607618967692055,12,0.2331,38,1,1730,12,0.75,1920,14
23.558749999999986,376.93999999999977,16,0,distressed_assets,42.97372182210287,13,0.2319,27,1,1730,13,0.8125,2048,15
27.783124999999995,444.5299999999999,16,0,distressed_assets,46.51158650716146,14,0.2307,30,1,1730,14,0.875,2176,16
22.338749999999997,357.41999999999996,16,0,distressed_assets,40.46888732910156,12,0.2296,29,1,1730,12,0.75,2304,17
24.03705882352941,408.63,17,0,distressed_assets,42.73483403523763,14,0.2284,23,1,1730,14,0.8235294117647058,2432,18
27.579999999999984,496.4399999999997,18,0,distressed_assets,50.36511993408203,16,0.2273,33,1,1730,16,0.8888888888888888,2560,19
27.711249999999996,443.37999999999994,16,0,distressed_assets,45.16174443562826,14,0.2262,20,1,1730,14,0.875,2688,20
26.57941176470589,451.8500000000001,17,0,distressed_assets,48.41555913289388,15,0.225,32,1,1730,15,0.8823529411764706,2816,21
25.254666666666665,378.82,15,0,distressed_assets,41.18657557169596,12,0.2239,28,1,1730,12,0.8,2944,22
27.70374999999999,443.2599999999998,16,0,distressed_assets,46.39724477132162,14,0.2228,27,1,1730,14,0.875,3072,23
23.987058823529402,407.77999999999986,17,0,distressed_assets,44.49482218424479,14,0.2217,20,1,1730,14,0.8235294117647058,3200,24
19.980588235294125,339.67000000000013,17,0,distressed_assets,32.879477183024086,11,0.2206,25,1,1730,11,0.6470588235294118,3328,25
23.684117647058816,402.6299999999999,17,0,distressed_assets,41.18963368733724,13,0.2195,36,1,1730,13,0.7647058823529411,3456,26
29.7235,594.47,20,0,distressed_assets,54.46749750773112,19,0.2184,30,1,1730,19,0.95,3584,27
27.980526315789472,531.63,19,0,distressed_assets,51.73751576741537,17,0.2173,22,1,1730,17,0.8947368421052632,3712,28
30.4266666666667,638.9600000000007,21,0,distressed_assets,54.91093953450521,20,0.2162,27,1,1730,20,0.9523809523809523,3840,29
28.73600000000002,574.7200000000004,20,0,distressed_assets,49.90585708618164,18,0.2151,26,1,1730,18,0.9,3968,30
18.040588235294127,306.69000000000017,17,0,distressed_assets,27.415884653727215,10,0.214,34,1,1730,10,0.5882352941176471,4096,31
28.69550000000001,573.9100000000002,20,0,distressed_assets,51.401668548583984,18,0.213,21,1,1730,18,0.9,4224,32
28.708999999999996,574.18,20,0,distressed_assets,51.56976191202799,18,0.2119,25,1,1730,18,0.9,4352,33
28.660000000000018,659.1800000000004,23,0,distressed_assets,56.29365539550781,21,0.2108,32,1,1730,21,0.9130434782608695,4480,34
24.68285714285716,518.3400000000004,21,0,distressed_assets,46.46065775553385,17,0.2098,31,1,1730,17,0.8095238095238095,4608,35
28.862380952380974,606.1100000000005,21,0,distressed_assets,51.99008051554362,19,0.2087,20,1,1730,19,0.9047619047619048,4736,36
29.005500000000005,580.1100000000001,20,0,distressed_assets,53.08130645751953,19,0.2077,23,1,1730,19,0.95,4864,37
26.856842105263173,510.2800000000003,19,0,distressed_assets,46.77997080485026,16,0.2066,30,1,1730,16,0.8421052631578947,4992,38
31.373181818181852,690.2100000000007,22,0,distressed_assets,59.6429074605306,22,0.2056,17,1,1730,22,1.0,5120,39
27.146000000000022,542.9200000000004,20,0,distressed_assets,47.93045298258463,17,0.2046,29,1,1730,17,0.85,5248,40
30.560000000000006,702.8800000000001,23,0,distressed_assets,59.45849736531576,22,0.2036,25,1,1730,22,0.9565217391304348,5376,41
29.00409090909091,638.09,22,0,distressed_assets,52.74123001098633,20,0.2025,20,1,1730,20,0.9090909090909091,5504,42
29.08,639.76,22,0,distressed_assets,53.33658091227213,20,0.2015,22,1,1730,20,0.9090909090909091,5632,43
28.71,574.2,20,0,distressed_assets,51.03634262084961,18,0.2005,27,1,1730,18,0.9,5760,44
29.023636363636395,638.5200000000007,22,0,distressed_assets,54.289868672688804,20,0.1995,31,1,1730,20,0.9090909090909091,5888,45
26.475000000000016,476.5500000000003,18,0,distressed_assets,44.26437505086263,15,0.1985,27,1,1730,15,0.8333333333333334,6016,46
28.446842105263176,540.4900000000004,19,0,distressed_assets,50.3302370707194,17,0.1975,22,1,1730,17,0.8947368421052632,6144,47
31.82476190476194,668.3200000000007,21,0,distressed_assets,61.11008961995443,21,0.1965,21,1,1730,21,1.0,6272,48
31.977200000000018,799.4300000000004,25,0,distressed_assets,65.23249816894531,25,0.1956,22,1,1730,25,1.0,6400,49
27.153500000000015,543.0700000000003,20,0,distressed_assets,48.13791020711263,17,0.1946,25,1,1730,17,0.85,6528,50
27.535500000000013,550.7100000000003,20,0,distressed_assets,53.06302388509115,18,0.1936,23,1,1730,18,0.9,6656,51
26.794761904761923,562.6900000000004,21,0,distressed_assets,48.867932637532554,18,0.1926,27,1,1730,18,0.8571428571428571,6784,52
30.28600000000003,605.7200000000006,20,0,distressed_assets,53.35993957519531,19,0.1917,22,1,1730,19,0.95,6912,53
30.59750000000002,734.3400000000005,24,0,distressed_assets,59.59028244018555,23,0.1907,18,1,1730,23,0.9583333333333334,7040,54
29.151304347826102,670.4800000000004,23,0,distressed_assets,54.73779042561849,21,0.1898,22,1,1730,21,0.9130434782608695,7168,55
30.630833333333346,735.1400000000003,24,0,distressed_assets,59.5219841003418,23,0.1888,25,1,1730,23,0.9583333333333334,7296,56
28.656500000000015,573.1300000000003,20,0,distressed_assets,50.694828033447266,18,0.1879,33,1,1730,18,0.9,7424,57
30.553913043478268,702.7400000000001,23,0,distressed_assets,58.16630935668945,22,0.1869,28,1,1730,22,0.9565217391304348,7552,58
29.28625000000002,702.8700000000005,24,0,distressed_assets,55.86435063680013,22,0.186,19,1,1730,22,0.9166666666666666,7680,59
30.627500000000012,735.0600000000003,24,0,distressed_assets,59.72525151570638,23,0.1851,26,1,1730,23,0.9583333333333334,7808,60
28.60956521739134,658.0200000000008,23,0,distressed_assets,52.58506647745768,21,0.1841,17,1,1730,21,0.9130434782608695,7936,61
29.13913043478263,670.2000000000005,23,0,distressed_assets,54.26647440592448,21,0.1832,31,1,1730,21,0.9130434782608695,8064,62
29.28125000000001,702.7500000000002,24,0,distressed_assets,55.33462905883789,22,0.1823,23,1,1730,22,0.9166666666666666,8192,63
30.632916666666674,735.1900000000002,24,0,distressed_assets,59.66999944051107,23,0.1814,20,1,1730,23,0.9583333333333334,8320,64
29.278750000000002,702.69,24,0,distressed_assets,55.28869756062826,22,0.1805,21,1,1730,22,0.9166666666666666,8448,65
30.536521739130457,702.3400000000005,23,0,distressed_assets,58.616949717203774,22,0.1796,19,1,1730,22,0.9565217391304348,8576,66
31.910833333333372,765.8600000000009,24,0,distressed_assets,62.8831418355306,24,0.1787,17,1,1730,24,1.0,8704,67
31.989600000000006,799.7400000000001,25,0,distressed_assets,64.37352244059245,25,0.1778,15,1,1730,25,1.0,8832,68
26.267619047619046,551.62,21,0,distressed_assets,48.08627446492513,18,0.1769,28,1,1730,18,0.8571428571428571,8960,69
31.383809523809543,659.0600000000004,21,0,distressed_assets,58.570780436197914,21,0.176,30,1,1730,21,1.0,9088,70
30.574782608695667,703.2200000000004,23,0,distressed_assets,58.38024393717448,22,0.1751,22,1,1730,22,0.9565217391304348,9216,71
30.380000000000024,637.9800000000005,21,0,distressed_assets,56.113932291666664,20,0.1743,22,1,1730,20,0.9523809523809523,9344,72
28.161000000000023,563.2200000000005,20,0,distressed_assets,49.09921391805013,18,0.1734,26,1,1730,18,0.9,9472,73
31.41545454545457,691.1400000000006,22,0,distressed_assets,57.2927131652832,22,0.1725,26,1,1730,22,1.0,9600,74
29.226190476190514,613.7500000000008,21,0,distressed_assets,54.91199620564779,20,0.1717,21,1,1730,20,0.9523809523809523,9728,75
30.547391304347848,702.5900000000005,23,0,distressed_assets,59.16828536987305,22,0.1708,19,1,1730,22,0.9565217391304348,9856,76
30.616666666666674,734.8000000000002,24,0,distressed_assets,58.135335286458336,23,0.1699,14,1,1730,23,0.9583333333333334,9984,77
27.414285714285718,575.7,21,0,distressed_assets,48.9848264058431,18,0.1691,25,1,1730,18,0.8571428571428571,10112,78
31.93521739130438,734.5100000000008,23,0,distressed_assets,62.811927795410156,23,0.1683,18,1,1730,23,1.0,10240,79
29.417200000000015,735.4300000000004,25,0,distressed_assets,56.6772346496582,23,0.1674,19,1,1730,23,0.92,10368,80
31.967916666666685,767.2300000000005,24,0,distressed_assets,63.315313975016274,24,0.1666,21,1,1730,24,1.0,10496,81
30.152916666666673,723.6700000000002,24,0,distressed_assets,58.981693267822266,23,0.1657,22,1,1730,23,0.9583333333333334,10624,82
30.56956521739131,703.1000000000001,23,0,distressed_assets,58.59628168741862,22,0.1649,24,1,1730,22,0.9565217391304348,10752,83
27.45750000000002,658.9800000000005,24,0,distressed_assets,52.70740509033203,21,0.1641,17,1,1730,21,0.875,10880,84
27.7634782608696,638.5600000000009,23,0,distressed_assets,50.118462880452476,20,0.1633,18,1,1730,20,0.8695652173913043,11008,85
31.961851851851875,862.9700000000006,27,0,distressed_assets,65.88620503743489,27,0.1625,14,1,1730,27,1.0,11136,86
30.70400000000001,767.6000000000003,25,0,distressed_assets,59.73526128133138,24,0.1616,16,1,1730,24,0.96,11264,87
27.03045454545455,594.6700000000001,22,0,distressed_assets,49.70861943562826,19,0.1608,24,1,1730,19,0.8636363636363636,11392,88
25.580000000000002,511.6,20,0,distressed_assets,43.47059631347656,16,0.16,23,1,1730,16,0.8,11520,89
30.637916666666687,735.3100000000005,24,0,distressed_assets,59.724221547444664,23,0.1592,15,1,1730,23,0.9583333333333334,11648,90
30.762307692307697,799.8200000000002,26,0,distressed_assets,61.00666427612305,25,0.1584,18,1,1730,25,0.9615384615384616,11776,91
30.734230769230784,799.0900000000004,26,0,distressed_assets,61.34489949544271,25,0.1576,15,1,1730,25,0.9615384615384616,11904,92
22.807142857142864,478.95000000000016,21,0,distressed_assets,35.28274281819662,15,0.1569,30,1,1730,15,0.7142857142857143,12032,93
30.68920000000001,767.2300000000002,25,0,distressed_assets,60.09566879272461,24,0.1561,25,1,1730,24,0.96,12160,94
31.9682142857143,895.1100000000004,28,0,distressed_assets,67.63665771484375,28,0.1553,11,1,1730,28,1.0,12288,95
31.97518518518519,863.3300000000002,27,0,distressed_assets,65.71251678466797,27,0.1545,16,1,1730,27,1.0,12416,96
31.98620689655173,927.6000000000003,29,0,distressed_assets,68.38382212320964,29,0.1537,14,1,1730,29,1.0,12544,97
31.49040000000001,787.2600000000003,25,0,distressed_assets,62.417982737223305,25,0.153,24,1,1730,25,1.0,12672,98
30.653750000000006,735.6900000000002,24,0,distressed_assets,59.757554372151695,23,0.1522,21,1,1730,23,0.9583333333333334,12800,99
-0.10333333333333339,-1.2400000000000007,12,0,distressed_assets,0.4562949339548747,0,0.25,31,2,1731,0,0.0,128,0
2.522499999999998,30.26999999999998,12,0,distressed_assets,4.510072708129883,1,0.2487,44,2,1731,1,0.08333333333333333,256,1
-0.1550000000000001,-1.8600000000000012,12,0,distressed_assets,0.5884386897087097,0,0.2475,31,2,1731,0,0.0,384,2
2.548333333333332,30.579999999999984,12,0,distressed_assets,4.425815423329671,1,0.2463,27,2,1731,1,0.08333333333333333,512,3
2.3223076923076915,30.18999999999999,13,0,distressed_assets,3.4138410886128745,1,0.245,41,2,1731,1,0.07692307692307693,640,4
-0.12416666666666674,-1.4900000000000009,12,0,distressed_assets,0.3655844032764435,0,0.2438,36,2,1731,0,0.0,768,5
9.725384615384614,126.42999999999998,13,0,distressed_assets,20.64525540669759,4,0.2426,33,2,1731,4,0.3076923076923077,896,6
4.779999999999999,62.13999999999999,13,0,distressed_assets,8.794934272766113,2,0.2414,36,2,1731,2,0.15384615384615385,1024,7
12.177692307692308,158.31,13,0,distressed_assets,18.865865071614582,5,0.2402,38,2,1731,5,0.38461538461538464,1152,8
12.770714285714288,178.79000000000002,14,0,distressed_assets,20.680737177530926,6,0.239,32,2,1731,6,0.42857142857142855,1280,9
13.712307692307697,178.26000000000005,13,0,distressed_assets,21.16455141703288,6,0.2378,24,2,1731,6,0.46153846153846156,1408,10
25.479333333333347,382.1900000000002,15,0,distressed_assets,41.868855794270836,12,0.2366,28,2,1731,12,0.8,1536,11
22.759999999999998,318.64,14,0,distressed_assets,34.963235219319664,10,0.2354,29,2,1731,10,0.7142857142857143,1664,12
15.879999999999999,222.32,14,0,distressed_assets,24.468463897705078,7,0.2342,31,2,1731,7,0.5,1792,13
19.629285714285718,274.81000000000006,14,0,distressed_assets,32.761732737223305,9,0.2331,33,2,1731,9,0.6428571428571429,1920,14
29.35588235294118,499.05000000000007,17,0,distressed_assets,53.17300923665365,16,0.2319,21,2,1731,16,0.9411764705882353,2048,15
21.95125000000001,351.22000000000014,16,0,distressed_assets,35.36368306477865,11,0.2307,31,2,1731,11,0.6875,2176,16
22.548000000000027,338.2200000000004,15,0,distressed_assets,38.31207784016927,11,0.2296,30,2,1731,11,0.7333333333333333,2304,17
31.9688888888889,575.4400000000002,18,0,distressed_assets,58.57425181070963,18,0.2284,22,2,1731,18,1.0,2432,18
21.246666666666663,318.69999999999993,15,0,distressed_assets,32.79458999633789,10,0.2273,32,2,1731,10,0.6666666666666666,2560,19
25.2738888888889,454.93000000000023,18,0,distressed_assets,45.308213551839195,15,0.2262,27,2,1731,15,0.8333333333333334,2688,20
23.860625000000024,381.7700000000004,16,0,distressed_assets,39.17419179280599,12,0.225,31,2,1731,12,0.75,2816,21
19.359285714285722,271.0300000000001,14,0,distressed_assets,32.71476491292318,9,0.2239,38,2,1731,9,0.6428571428571429,2944,22
29.846875000000004,477.55000000000007,16,0,distressed_assets,48.64777119954427,15,0.2228,22,2,1731,15,0.9375,3072,23
27.358823529411794,465.1000000000005,17,0,distressed_assets,46.82081604003906,15,0.2217,32,2,1731,15,0.8823529411764706,3200,24
23.93,382.88,16,0,distressed_assets,40.14138158162435,12,0.2206,28,2,1731,12,0.75,3328,25
18.79000000000001,263.0600000000001,14,0,distressed_assets,30.983912150065105,9,0.2195,29,2,1731,9,0.6428571428571429,3456,26
18.225,255.15,14,0,distressed_assets,28.124386469523113,8,0.2184,25,2,1731,8,0.5714285714285714,3584,27
27.203125000000014,435.2500000000002,16,0,distressed_assets,48.168243408203125,14,0.2173,33,2,1731,14,0.875,3712,28
21.935,350.96,16,0,distressed_assets,34.751885732014976,11,0.2162,31,2,1731,11,0.6875,3840,29
29.31058823529414,498.28000000000037,17,0,distressed_assets,50.898529052734375,16,0.2151,21,2,1731,16,0.9411764705882353,3968,30
25.57411764705884,434.76000000000033,17,0,distressed_assets,42.23908233642578,14,0.214,30,2,1731,14,0.8235294117647058,4096,31
20.643529411764735,350.9400000000005,17,0,distressed_assets,31.590830485026043,11,0.213,23,2,1731,11,0.6470588235294118,4224,32
24.82277777777778,446.81000000000006,18,0,distressed_assets,41.789502461751304,14,0.2119,29,2,1731,14,0.7777777777777778,4352,33
28.389444444444464,511.01000000000033,18,0,distressed_assets,50.422838846842446,16,0.2108,22,2,1731,16,0.8888888888888888,4480,34
27.89312500000002,446.2900000000003,16,0,distressed_assets,46.3346799214681,14,0.2098,23,2,1731,14,0.875,4608,35
17.894375000000004,286.31000000000006,16,0,distressed_assets,27.91446876525879,9,0.2087,31,2,1731,9,0.5625,4736,36
30.236842105263182,574.5000000000005,19,0,distressed_assets,53.35362243652344,18,0.2077,25,2,1731,18,0.9473684210526315,4864,37
25.904375000000023,414.47000000000037,16,0,distressed_assets,41.358568827311196,13,0.2066,26,2,1731,13,0.8125,4992,38
24.84666666666668,447.2400000000002,18,0,distressed_assets,41.9219856262207,14,0.2056,24,2,1731,14,0.7777777777777778,5120,39
25.582941176470598,434.9100000000002,17,0,distressed_assets,42.8094851175944,14,0.2046,33,2,1731,14,0.8235294117647058,5248,40
24.382352941176485,414.5000000000002,17,0,distressed_assets,38.930337270100914,13,0.2036,24,2,1731,13,0.7647058823529411,5376,41
28.162500000000012,563.2500000000002,20,0,distressed_assets,49.10599009195963,18,0.2025,25,2,1731,18,0.9,5504,42
28.590000000000007,543.2100000000002,19,0,distressed_assets,51.3216921488444,17,0.2015,27,2,1731,17,0.8947368421052632,5632,43
25.572000000000003,511.44000000000005,20,0,distressed_assets,44.228521982828774,16,0.2005,20,2,1731,16,0.8,5760,44
20.653529411764712,351.1100000000001,17,0,distressed_assets,33.30370585123698,11,0.1995,32,2,1731,11,0.6470588235294118,5888,45
26.89368421052632,510.9800000000001,19,0,distressed_assets,46.96828587849935,16,0.1985,19,2,1731,16,0.8421052631578947,6016,46
28.93333333333334,607.6000000000001,21,0,distressed_assets,53.038247426350914,19,0.1975,18,2,1731,19,0.9047619047619048,6144,47
26.632777777777793,479.39000000000027,18,0,distressed_assets,46.25685501098633,15,0.1965,27,2,1731,15,0.8333333333333334,6272,48
23.021666666666682,414.39000000000027,18,0,distressed_assets,38.120646158854164,13,0.1956,26,2,1731,13,0.7222222222222222,6400,49
30.3675,607.35,20,0,distressed_assets,55.74772644042969,19,0.1946,26,2,1731,19,0.95,6528,50
28.571052631578954,542.8500000000001,19,0,distressed_assets,50.1159922281901,17,0.1936,28,2,1731,17,0.8947368421052632,6656,51
25.577500000000004,511.55000000000007,20,0,distressed_assets,44.1142209370931,16,0.1926,29,2,1731,16,0.8,6784,52
26.579000000000008,531.5800000000002,20,0,distressed_assets,47.88078816731771,17,0.1917,25,2,1731,17,0.85,6912,53
26.56450000000001,531.2900000000002,20,0,distressed_assets,49.36996078491211,17,0.1907,19,2,1731,17,0.85,7040,54
25.573000000000004,511.4600000000001,20,0,distressed_assets,44.085103352864586,16,0.1898,20,2,1731,16,0.8,7168,55
23.075000000000003,415.35,18,0,distressed_assets,35.57611083984375,13,0.1888,19,2,1731,13,0.7222222222222222,7296,56
30.519090909090924,671.4200000000003,22,0,distressed_assets,57.35444132486979,21,0.1879,21,2,1731,21,0.9545454545454546,7424,57
27.151500000000006,543.0300000000001,20,0,distressed_assets,47.519012451171875,17,0.1869,25,2,1731,17,0.85,7552,58
28.916190476190483,607.2400000000001,21,0,distressed_assets,53.22108713785807,19,0.186,26,2,1731,19,0.9047619047619048,7680,59
27.375238095238107,574.8800000000002,21,0,distressed_assets,48.70539093017578,18,0.1851,19,2,1731,18,0.8571428571428571,7808,60
24.093333333333344,433.6800000000002,18,0,distressed_assets,41.74130503336588,14,0.1841,22,2,1731,14,0.7777777777777778,7936,61
29.50999999999999,560.6899999999998,19,0,distressed_assets,52.32017389933268,18,0.1832,23,2,1731,18,0.9473684210526315,8064,62
28.66750000000003,573.3500000000006,20,0,distressed_assets,51.98115921020508,18,0.1823,21,2,1731,18,0.9,8192,63
28.27333333333335,508.9200000000003,18,0,distressed_assets,49.19300842285156,16,0.1814,20,2,1731,16,0.8888888888888888,8320,64
28.231428571428584,592.8600000000002,21,0,distressed_assets,53.50951385498047,19,0.1805,14,2,1731,19,0.9047619047619048,8448,65
28.472631578947386,540.9800000000004,19,0,distressed_assets,51.07696787516276,17,0.1796,25,2,1731,17,0.8947368421052632,8576,66
26.817894736842117,509.54000000000025,19,0,distressed_assets,45.1411018371582,16,0.1787,27,2,1731,16,0.8421052631578947,8704,67
24.885789473684238,472.8300000000005,19,0,distressed_assets,48.199597676595054,16,0.1778,23,2,1731,16,0.8421052631578947,8832,68
26.818947368421057,509.56000000000006,19,0,distressed_assets,46.41704559326172,16,0.1769,22,2,1731,16,0.8421052631578947,8960,69
28.48473684210527,541.2100000000002,19,0,distressed_assets,49.88866297403971,17,0.176,25,2,1731,17,0.8947368421052632,9088,70
29.90117647058824,508.32000000000005,17,0,distressed_assets,51.2056516011556,16,0.1751,23,2,1731,16,0.9411764705882353,9216,71
30.085789473684223,571.6300000000002,19,0,distressed_assets,53.02106602986654,18,0.1743,22,2,1731,18,0.9473684210526315,9344,72
26.545555555555566,477.8200000000002,18,0,distressed_assets,45.11365636189779,15,0.1734,33,2,1731,15,0.8333333333333334,9472,73
25.24473684210527,479.6500000000001,19,0,distressed_assets,41.329305013020836,15,0.1725,22,2,1731,15,0.7894736842105263,9600,74
26.600555555555566,478.8100000000002,18,0,distressed_assets,45.3537966410319,15,0.1717,23,2,1731,15,0.8333333333333334,9728,75
31.910476190476203,670.1200000000002,21,0,distressed_assets,60.72674814860026,21,0.1708,18,2,1731,21,1.0,9856,76
28.494090909090914,626.8700000000001,22,0,distressed_assets,52.28169250488281,20,0.1699,16,2,1731,20,0.9090909090909091,9984,77
30.377500000000005,607.5500000000001,20,0,distressed_assets,54.744101206461586,19,0.1691,28,2,1731,19,0.95,10112,78
28.288571428571437,594.0600000000002,21,0,distressed_assets,53.93571472167969,19,0.1683,21,2,1731,19,0.9047619047619048,10240,79
27.154500000000006,543.0900000000001,20,0,distressed_assets,47.65798823038737,17,0.1674,26,2,1731,17,0.85,10368,80
25.29857142857144,531.2700000000002,21,0,distressed_assets,45.999098459879555,17,0.1666,16,2,1731,17,0.8095238095238095,10496,81
31.960000000000015,735.0800000000004,23,0,distressed_assets,63.81719080607096,23,0.1657,16,2,1731,23,1.0,10624,82
28.928571428571445,607.5000000000003,21,0,distressed_assets,50.28899637858073,19,0.1649,19,2,1731,19,0.9047619047619048,10752,83
28.75950000000001,575.1900000000002,20,0,distressed_assets,49.98310089111328,18,0.1641,26,2,1731,18,0.9,10880,84
30.046956521739133,691.08,23,0,distressed_assets,56.98906453450521,22,0.1633,25,2,1731,22,0.9565217391304348,11008,85
29.190869565217394,671.3900000000001,23,0,distressed_assets,55.122117360432945,21,0.1625,19,2,1731,21,0.9130434782608695,11136,86
27.58818181818184,606.9400000000005,22,0,distressed_assets,49.36519877115885,19,0.1616,23,2,1731,19,0.8636363636363636,11264,87
30.539130434782642,702.4000000000008,23,0,distressed_assets,59.16903177897135,22,0.1608,26,2,1731,22,0.9565217391304348,11392,88
31.348260869565255,721.0100000000009,23,0,distressed_assets,61.72170384724935,23,0.16,24,2,1731,23,1.0,11520,89
27.3852380952381,575.0900000000001,21,0,distressed_assets,48.802574157714844,18,0.1592,21,2,1731,18,0.8571428571428571,11648,90
29.17347826086956,670.9899999999999,23,0,distressed_assets,54.20947265625,21,0.1584,20,2,1731,21,0.9130434782608695,11776,91
30.740384615384638,799.2500000000006,26,0,distressed_assets,60.91570027669271,25,0.1576,15,2,1731,25,0.9615384615384616,11904,92
27.492500000000017,549.8500000000004,20,0,distressed_assets,49.50609334309896,18,0.1569,27,2,1731,18,0.9,12032,93
30.588333333333363,734.1200000000007,24,0,distressed_assets,60.128456115722656,23,0.1561,16,2,1731,23,0.9583333333333334,12160,94
31.950800000000026,798.7700000000007,25,0,distressed_assets,65.07941436767578,25,0.1553,16,2,1731,25,1.0,12288,95
30.593333333333337,734.2400000000001,24,0,distressed_assets,59.42522430419922,23,0.1545,18,2,1731,23,0.9583333333333334,12416,96
31.961153846153852,830.9900000000001,26,0,distressed_assets,65.48916880289714,26,0.1537,16,2,1731,26,1.0,12544,97
26.97041666666668,647.2900000000003,24,0,distressed_assets,53.720863342285156,21,0.153,25,2,1731,21,0.875,12672,98
29.18,671.14,23,0,distressed_assets,54.8115603129069,21,0.1522,25,2,1731,21,0.9130434782608695,12800,99
-4.704166666666668,-56.45000000000002,12,0,distressed_assets,6.969944794972737,1,0.25,32,3,1732,1,0.08333333333333333,128,0
1.5123076923076921,19.659999999999997,13,0,distressed_assets,12.063119570414225,3,0.2487,33,3,1732,3,0.23076923076923078,256,1
3.8207692307692294,49.66999999999998,13,0,distressed_assets,7.713786760965983,2,0.2475,34,3,1732,2,0.15384615384615385,384,2
10.153846153846157,132.00000000000003,13,0,distressed_assets,15.708512941996256,5,0.2463,33,3,1732,5,0.38461538461538464,512,3
1.5430769230769228,20.059999999999995,13,0,distressed_assets,15.018279075622559,3,0.245,32,3,1732,3,0.23076923076923078,640,4
9.182857142857134,128.5599999999999,14,0,distressed_assets,21.918866475423176,6,0.2438,32,3,1732,6,0.42857142857142855,768,5
14.156000000000002,212.34000000000003,15,0,distressed_assets,30.526774088541668,9,0.2426,44,3,1732,9,0.6,896,6
11.080000000000002,166.20000000000002,15,0,distressed_assets,18.373945871988933,6,0.2414,27,3,1732,6,0.4,1024,7
5.285384615384614,68.70999999999998,13,0,distressed_assets,13.161639849344889,3,0.2402,33,3,1732,3,0.23076923076923078,1152,8
14.481333333333332,217.21999999999997,15,0,distressed_assets,28.445709228515625,8,0.239,28,3,1732,8,0.5333333333333333,1280,9
24.246874999999992,387.9499999999999,16,0,distressed_assets,39.82285181681315,13,0.2378,32,3,1732,13,0.8125,1408,10
18.064666666666675,270.97000000000014,15,0,distressed_assets,30.765588124593098,9,0.2366,27,3,1732,9,0.6,1536,11
17.707857142857158,247.9100000000002,14,0,distressed_assets,28.90867741902669,9,0.2354,25,3,1732,9,0.6428571428571429,1664,12
23.90571428571431,334.68000000000035,14,0,distressed_assets,37.744879404703774,11,0.2342,45,3,1732,11,0.7857142857142857,1792,13
16.482666666666674,247.24000000000012,15,0,distressed_assets,31.159955978393555,9,0.2331,29,3,1732,9,0.6,1920,14
19.38333333333335,290.7500000000003,15,0,distressed_assets,34.900997161865234,10,0.2319,32,3,1732,10,0.6666666666666666,2048,15
26.981875000000013,431.7100000000002,16,0,distressed_assets,46.615214029947914,14,0.2307,28,3,1732,14,0.875,2176,16
25.523529411764713,433.9000000000001,17,0,distressed_assets,42.0008913675944,14,0.2296,34,3,1732,14,0.8235294117647058,2304,17
29.148235294117658,495.5200000000002,17,0,distressed_assets,49.27155558268229,16,0.2284,30,3,1732,16,0.9411764705882353,2432,18
22.95470588235295,390.23000000000013,17,0,distressed_assets,37.51796340942383,13,0.2273,30,3,1732,13,0.7647058823529411,2560,19
25.25555555555557,454.60000000000025,18,0,distressed_assets,44.89483642578125,15,0.2262,24,3,1732,15,0.8333333333333334,2688,20
19.90875,318.54,16,0,distressed_assets,30.781909306844074,10,0.225,35,3,1732,10,0.625,2816,21
17.283529411764707,293.82000000000005,17,0,distressed_assets,30.325773239135742,10,0.2239,33,3,1732,10,0.5882352941176471,2944,22
21.67166666666669,390.09000000000043,18,0,distressed_assets,38.2646598815918,13,0.2228,27,3,1732,13,0.7222222222222222,3072,23
23.433333333333337,421.80000000000007,18,0,distressed_assets,39.957323710123696,14,0.2217,34,3,1732,14,0.7777777777777778,3200,24
23.998888888888914,431.9800000000005,18,0,distressed_assets,41.923875172932945,14,0.2206,26,3,1732,14,0.7777777777777778,3328,25
29.32000000000001,527.7600000000002,18,0,distressed_assets,54.19106928507487,17,0.2195,25,3,1732,17,0.9444444444444444,3456,26
25.552352941176487,434.39000000000027,17,0,distressed_assets,42.725144704182945,14,0.2184,34,3,1732,14,0.8235294117647058,3584,27
26.972222222222243,485.50000000000034,18,0,distressed_assets,49.51549402872721,16,0.2173,27,3,1732,16,0.8888888888888888,3712,28
28.553157894736852,542.5100000000002,19,0,distressed_assets,51.455177307128906,17,0.2162,26,3,1732,17,0.8947368421052632,3840,29
26.64555555555556,479.6200000000001,18,0,distressed_assets,45.655418395996094,15,0.2151,19,3,1732,15,0.8333333333333334,3968,30
24.83833333333336,447.0900000000005,18,0,distressed_assets,40.49884287516276,14,0.214,31,3,1732,14,0.7777777777777778,4096,31
28.397222222222254,511.15000000000055,18,0,distressed_assets,49.546454111735024,16,0.213,22,3,1732,16,0.8888888888888888,4224,32
28.351666666666677,510.3300000000002,18,0,distressed_assets,48.46566263834635,16,0.2119,32,3,1732,16,0.8888888888888888,4352,33
31.915500000000026,638.3100000000005,20,0,distressed_assets,59.286722819010414,20,0.2108,23,3,1732,20,1.0,4480,34
23.084444444444454,415.52000000000015,18,0,distressed_assets,37.59405263264974,13,0.2098,28,3,1732,13,0.7222222222222222,4608,35
26.282105263157902,499.3600000000001,19,0,distressed_assets,45.127847035725914,16,0.2087,22,3,1732,16,0.8421052631578947,4736,36
27.02777777777778,486.5,18,0,distressed_assets,48.27812576293945,16,0.2077,26,3,1732,16,0.8888888888888888,4864,37
22.517058823529418,382.7900000000001,17,0,distressed_assets,36.198689778645836,12,0.2066,41,3,1732,12,0.7058823529411765,4992,38
26.542222222222236,477.7600000000003,18,0,distressed_assets,45.14421081542969,15,0.2056,26,3,1732,15,0.8333333333333334,5120,39
29.690500000000004,593.8100000000001,20,0,distressed_assets,53.984110514322914,19,0.2046,29,3,1732,19,0.95,5248,40
29.760000000000026,595.2000000000005,20,0,distressed_assets,55.364471435546875,19,0.2036,28,3,1732,19,0.95,5376,41
28.905238095238094,607.01,21,0,distressed_assets,53.30123519897461,19,0.2025,27,3,1732,19,0.9047619047619048,5504,42
27.40428571428572,575.4900000000001,21,0,distressed_assets,48.784735361735024,18,0.2015,27,3,1732,18,0.8571428571428571,5632,43
27.160500000000003,543.21,20,0,distressed_assets,48.407230377197266,17,0.2005,29,3,1732,17,0.85,5760,44
25.242105263157914,479.60000000000036,19,0,distressed_assets,41.65652592976888,15,0.1995,24,3,1732,15,0.7894736842105263,5888,45
29.954545454545464,659.0000000000002,22,0,distressed_assets,58.745835622151695,21,0.1985,27,3,1732,21,0.9545454545454546,6016,46
29.19347826086957,671.45,23,0,distressed_assets,54.87026850382487,21,0.1975,21,3,1732,21,0.9130434782608695,6144,47
25.87142857142858,543.3000000000002,21,0,distressed_assets,45.385772705078125,17,0.1965,20,3,1732,17,0.8095238095238095,6272,48
28.280952380952385,593.9000000000001,21,0,distressed_assets,52.499151865641274,19,0.1956,24,3,1732,19,0.9047619047619048,6400,49
27.363333333333344,574.6300000000002,21,0,distressed_assets,49.00227483113607,18,0.1946,20,3,1732,18,0.8571428571428571,6528,50
24.63619047619049,517.3600000000002,21,0,distressed_assets,45.6908327738444,17,0.1936,22,3,1732,17,0.8095238095238095,6656,51
29.98695652173913,689.7,23,0,distressed_assets,60.08610916137695,22,0.1926,20,3,1732,22,0.9565217391304348,6784,52
29.035000000000014,638.7700000000003,22,0,distressed_assets,53.468702952067055,20,0.1917,19,3,1732,20,0.9090909090909091,6912,53
27.159500000000016,543.1900000000003,20,0,distressed_assets,46.945727030436196,17,0.1907,27,3,1732,17,0.85,7040,54
25.293809523809532,531.1700000000002,21,0,distressed_assets,46.154335021972656,17,0.1898,22,3,1732,17,0.8095238095238095,7168,55
27.105500000000013,542.1100000000002,20,0,distressed_assets,47.30798848470052,17,0.1888,30,3,1732,17,0.85,7296,56
25.13578947368422,477.58000000000015,19,0,distressed_assets,41.786092122395836,15,0.1879,27,3,1732,15,0.7894736842105263,7424,57
30.539130434782617,702.4000000000002,23,0,distressed_assets,58.347947438557945,22,0.1869,20,3,1732,22,0.9565217391304348,7552,58
29.18869565217392,671.3400000000001,23,0,distressed_assets,53.90160115559896,21,0.186,21,3,1732,21,0.9130434782608695,7680,59
25.232631578947384,479.4200000000003,19,0,distressed_assets,42.601139068603516,15,0.1851,28,3,1732,15,0.7894736842105263,7808,60
30.041304347826088,690.95,23,0,distressed_assets,58.30186335245768,22,0.1841,30,3,1732,22,0.9565217391304348,7936,61
31.978181818181827,703.5200000000002,22,0,distressed_assets,61.23162968953451,22,0.1832,24,3,1732,22,1.0,8064,62
28.84619047619048,605.7700000000001,21,0,distressed_assets,52.799825032552086,19,0.1823,23,3,1732,19,0.9047619047619048,8192,63
22.872352941176484,388.8300000000002,17,0,distressed_assets,39.68403625488281,13,0.1814,25,3,1732,13,0.7647058823529411,8320,64
25.45470588235295,432.73000000000013,17,0,distressed_assets,44.70139694213867,14,0.1805,26,3,1732,14,0.8235294117647058,8448,65
26.64882352941177,453.03000000000014,17,0,distressed_assets,47.87161509195963,15,0.1796,25,3,1732,15,0.8823529411764706,8576,66
30.067222222222238,541.2100000000003,18,0,distressed_assets,52.72101338704427,17,0.1787,26,3,1732,17,0.9444444444444444,8704,67
31.972500000000007,767.3400000000001,24,0,distressed_assets,64.85023244222005,24,0.1778,13,3,1732,24,1.0,8832,68
30.52681818181819,671.5900000000001,22,0,distressed_assets,56.92805099487305,21,0.1769,20,3,1732,21,0.9545454545454546,8960,69
27.60090909090911,607.2200000000004,22,0,distressed_assets,49.43138631184896,19,0.176,27,3,1732,19,0.8636363636363636,9088,70
27.306666666666697,573.4400000000006,21,0,distressed_assets,47.80694834391276,18,0.1751,26,3,1732,18,0.8571428571428571,9216,71
24.715000000000018,444.8700000000003,18,0,distressed_assets,41.26941680908203,14,0.1743,19,3,1732,14,0.7777777777777778,9344,72
28.80857142857144,604.9800000000002,21,0,distressed_assets,53.091180165608726,19,0.1734,23,3,1732,19,0.9047619047619048,9472,73
30.30714285714287,636.4500000000003,21,0,distressed_assets,55.234633127848305,20,0.1725,26,3,1732,20,0.9523809523809523,9600,74
31.92416666666669,766.1800000000005,24,0,distressed_assets,64.35550944010417,24,0.1717,19,3,1732,24,1.0,9728,75
29.307500000000005,703.3800000000001,24,0,distressed_assets,55.51933034261068,22,0.1708,18,3,1732,22,0.9166666666666666,9856,76
27.121500000000026,542.4300000000005,20,0,distressed_assets,47.00798670450846,17,0.1699,24,3,1732,17,0.85,9984,77
26.790000000000017,562.5900000000004,21,0,distressed_assets,50.54630915323893,18,0.1691,30,3,1732,18,0.8571428571428571,10112,78
25.57,511.4,20,0,distressed_assets,44.21269607543945,16,0.1683,23,3,1732,16,0.8,10240,79
30.099583333333353,722.3900000000004,24,0,distressed_assets,61.02238337198893,23,0.1674,20,3,1732,23,0.9583333333333334,10368,80
28.85952380952383,606.0500000000004,21,0,distressed_assets,51.26141230265299,19,0.1666,15,3,1732,19,0.9047619047619048,10496,81
30.331428571428596,636.9600000000005,21,0,distressed_assets,56.82171630859375,20,0.1657,13,3,1732,20,0.9523809523809523,10624,82
26.77105263157896,508.65000000000026,19,0,distressed_assets,46.336594899495445,16,0.1649,23,3,1732,16,0.8421052631578947,10752,83
30.100000000000016,571.9000000000003,19,0,distressed_assets,53.777198791503906,18,0.1641,21,3,1732,18,0.9473684210526315,10880,84
31.92869565217393,734.3600000000004,23,0,distressed_assets,61.962074279785156,23,0.1633,24,3,1732,23,1.0,11008,85
28.925714285714292,607.4400000000002,21,0,distressed_assets,51.29680379231771,19,0.1625,22,3,1732,19,0.9047619047619048,11136,86
28.50545454545455,627.1200000000001,22,0,distressed_assets,55.05982208251953,20,0.1616,24,3,1732,20,0.9090909090909091,11264,87
30.637916666666673,735.3100000000002,24,0,distressed_assets,59.25223286946615,23,0.1608,12,3,1732,23,0.9583333333333334,11392,88
28.687,573.74,20,0,distressed_assets,50.46234385172526,18,0.16,20,3,1732,18,0.9,11520,89
30.44500000000003,669.7900000000006,22,0,distressed_assets,57.73398081461588,21,0.1592,19,3,1732,21,0.9545454545454546,11648,90
30.455454545454554,670.0200000000002,22,0,distressed_assets,56.98908615112305,21,0.1584,21,3,1732,21,0.9545454545454546,11776,91
30.549565217391315,702.6400000000002,23,0,distressed_assets,58.01286824544271,22,0.1576,17,3,1732,22,0.9565217391304348,11904,92
30.7024,767.5600000000001,25,0,distressed_assets,60.86805725097656,24,0.1569,18,3,1732,24,0.96,12032,93
30.55782608695654,702.8300000000004,23,0,distressed_assets,58.74362564086914,22,0.1561,21,3,1732,22,0.9565217391304348,12160,94
30.43909090909093,669.6600000000004,22,0,distressed_assets,57.576690673828125,21,0.1553,23,3,1732,21,0.9545454545454546,12288,95
31.96458333333334,767.1500000000002,24,0,distressed_assets,64.57314809163411,24,0.1545,16,3,1732,24,1.0,12416,96
30.342000000000013,606.8400000000003,20,0,distressed_assets,55.553619384765625,19,0.1537,25,3,1732,19,0.95,12544,97
30.59666666666668,734.3200000000003,24,0,distressed_assets,60.059288024902344,23,0.153,25,3,1732,23,0.9583333333333334,12672,98
31.953478260869588,734.9300000000005,23,0,distressed_assets,62.287923177083336,23,0.1522,25,3,1732,23,1.0,12800,99
9.222307692307691,119.88999999999999,13,0,distressed_assets,20.847134272257488,5,0.25,27,4,1733,5,0.38461538461538464,128,0
5.277692307692315,68.6100000000001,13,0,distressed_assets,11.709372520446777,3,0.2487,36,4,1733,3,0.23076923076923078,256,1
12.538571428571426,175.53999999999996,14,0,distressed_assets,20.661197662353516,6,0.2475,33,4,1733,6,0.42857142857142855,384,2
11.767142857142842,164.73999999999978,14,0,distressed_assets,18.144893646240234,6,0.2463,30,4,1733,6,0.42857142857142855,512,3
13.125714285714292,183.76000000000008,14,0,distressed_assets,26.461410522460938,7,0.245,34,4,1733,7,0.5,640,4
20.23199999999998,303.47999999999973,15,0,distressed_assets,33.20729319254557,10,0.2438,29,4,1733,10,0.6666666666666666,768,5
17.28999999999998,259.34999999999974,15,0,distressed_assets,31.15691630045573,9,0.2426,38,4,1733,9,0.6,896,6
11.67857142857143,163.50000000000003,14,0,distressed_assets,22.07575861612956,6,0.2414,23,4,1733,6,0.42857142857142855,1024,7
5.8500000000000005,81.9,14,0,distressed_assets,10.19886843363444,3,0.2402,23,4,1733,3,0.21428571428571427,1152,8
20.29666666666666,304.4499999999999,15,0,distressed_assets,33.3333625793457,10,0.239,20,4,1733,10,0.6666666666666666,1280,9
23.002499999999994,368.0399999999999,16,0,distressed_assets,37.59791946411133,12,0.2378,21,4,1733,12,0.75,1408,10
25.715625000000003,411.45000000000005,16,0,distressed_assets,43.48468144734701,13,0.2366,32,4,1733,13,0.8125,1536,11
19.351428571428567,270.91999999999996,14,0,distressed_assets,32.15531794230143,9,0.2354,36,4,1733,9,0.6428571428571429,1664,12
20.181875,322.91,16,0,distressed_assets,34.1719970703125,11,0.2342,27,4,1733,11,0.6875,1792,13
17.77466666666667,266.62,15,0,distressed_assets,37.543287913004555,10,0.2331,32,4,1733,10,0.6666666666666666,1920,14
27.72749999999998,443.6399999999997,16,0,distressed_assets,46.36975606282552,14,0.2319,32,4,1733,14,0.875,2048,15
22.306666666666676,334.60000000000014,15,0,distressed_assets,35.88995488484701,11,0.2307,34,4,1733,11,0.7333333333333333,2176,16
22.90062500000002,366.4100000000003,16,0,distressed_assets,39.766241709391274,12,0.2296,28,4,1733,12,0.75,2304,17
21.600000000000005,302.4000000000001,14,0,distressed_assets,34.28659184773763,10,0.2284,33,4,1733,10,0.7142857142857143,2432,18
26.546666666666688,398.20000000000033,15,0,distressed_assets,43.54559071858724,13,0.2273,26,4,1733,13,0.8666666666666667,2560,19
15.61857142857143,218.66000000000003,14,0,distressed_assets,23.13994534810384,7,0.2262,32,4,1733,7,0.5,2688,20
23.69625000000003,379.1400000000005,16,0,distressed_assets,38.86815897623698,12,0.225,37,4,1733,12,0.75,2816,21
25.688750000000013,411.0200000000002,16,0,distressed_assets,42.29281997680664,13,0.2239,25,4,1733,13,0.8125,2944,22
31.701764705882358,538.9300000000001,17,0,distressed_assets,56.103230794270836,17,0.2228,24,4,1733,17,1.0,3072,23
19.227647058823536,326.8700000000001,17,0,distressed_assets,33.86178716023763,11,0.2217,26,4,1733,11,0.6470588235294118,3200,24
26.57444444444445,478.3400000000001,18,0,distressed_assets,45.926377614339195,15,0.2206,33,4,1733,15,0.8333333333333334,3328,25
30.28450000000001,605.6900000000002,20,0,distressed_assets,55.276999155680336,19,0.2195,26,4,1733,19,0.95,3456,26
28.643500000000024,572.8700000000005,20,0,distressed_assets,51.80521901448568,18,0.2184,28,4,1733,18,0.9,3584,27
21.663333333333345,389.9400000000002,18,0,distressed_assets,38.49004618326823,13,0.2173,29,4,1733,13,0.7222222222222222,3712,28
28.884761904761916,606.5800000000003,21,0,distressed_assets,52.77919896443685,19,0.2162,26,4,1733,19,0.9047619047619048,3840,29
17.805625000000006,284.8900000000001,16,0,distressed_assets,26.921815236409504,9,0.2151,27,4,1733,9,0.5625,3968,30
26.46150000000001,529.2300000000002,20,0,distressed_assets,48.75974782307943,17,0.214,22,4,1733,17,0.85,4096,31
31.30523809523809,657.4099999999999,21,0,distressed_assets,59.27414576212565,21,0.213,22,4,1733,21,1.0,4224,32
27.842105263157908,529.0000000000002,19,0,distressed_assets,48.57380294799805,17,0.2119,15,4,1733,17,0.8947368421052632,4352,33
24.968125000000022,399.49000000000035,16,0,distressed_assets,43.89618937174479,13,0.2108,24,4,1733,13,0.8125,4480,34
27.897058823529438,474.25000000000045,17,0,distressed_assets,48.66218694051107,15,0.2098,23,4,1733,15,0.8823529411764706,4608,35
27.602500000000024,441.6400000000004,16,0,distressed_assets,46.59833653767904,14,0.2087,23,4,1733,14,0.875,4736,36
25.167333333333357,377.51000000000033,15,0,distressed_assets,40.89008712768555,12,0.2077,22,4,1733,12,0.8,4864,37
31.68888888888891,570.4000000000004,18,0,distressed_assets,56.62834040323893,18,0.2066,14,4,1733,18,1.0,4992,38
30.391818181818223,668.6200000000009,22,0,distressed_assets,57.85912068684896,21,0.2056,25,4,1733,21,0.9545454545454546,5120,39
26.90684210526316,511.23,19,0,distressed_assets,47.1773312886556,16,0.2046,16,4,1733,16,0.8421052631578947,5248,40
23.08777777777778,415.58000000000004,18,0,distressed_assets,37.994171142578125,13,0.2036,25,4,1733,13,0.7222222222222222,5376,41
31.984500000000008,639.6900000000002,20,0,distressed_assets,59.418582916259766,20,0.2025,28,4,1733,20,1.0,5504,42
26.580000000000002,531.6,20,0,distressed_assets,49.18835576375326,17,0.2015,26,4,1733,17,0.85,5632,43
27.186000000000007,543.7200000000001,20,0,distressed_assets,47.06671269734701,17,0.2005,23,4,1733,17,0.85,5760,44
28.542105263157904,542.3000000000002,19,0,distressed_assets,50.48285166422526,17,0.1995,32,4,1733,17,0.8947368421052632,5888,45
30.346500000000027,606.9300000000005,20,0,distressed_assets,55.89445877075195,19,0.1985,23,4,1733,19,0.95,6016,46
25.184736842105274,478.5100000000002,19,0,distressed_assets,43.22956975301107,15,0.1975,21,4,1733,15,0.7894736842105263,6144,47
30.47045454545457,670.3500000000005,22,0,distressed_assets,57.053653717041016,21,0.1965,24,4,1733,21,0.9545454545454546,6272,48
27.63277777777778,497.39000000000004,18,0,distressed_assets,47.633565266927086,16,0.1956,29,4,1733,16,0.8888888888888888,6400,49
30.270500000000016,605.4100000000003,20,0,distressed_assets,54.38074239095052,19,0.1946,27,4,1733,19,0.95,6528,50
26.79421052631582,509.09000000000054,19,0,distressed_assets,45.52523930867513,16,0.1936,21,4,1733,16,0.8421052631578947,6656,51
24.011111111111134,432.20000000000044,18,0,distressed_assets,38.61820856730143,14,0.1926,27,4,1733,14,0.7777777777777778,6784,52
30.378095238095263,637.9400000000005,21,0,distressed_assets,57.1314951578776,20,0.1917,32,4,1733,20,0.9523809523809523,6912,53
28.83190476190477,605.4700000000001,21,0,distressed_assets,53.18174489339193,19,0.1907,24,4,1733,19,0.9047619047619048,7040,54
29.737000000000016,594.7400000000004,20,0,distressed_assets,54.26334762573242,19,0.1898,23,4,1733,19,0.95,7168,55
30.432380952380964,639.0800000000003,21,0,distressed_assets,56.31882985432943,20,0.1888,25,4,1733,20,0.9523809523809523,7296,56
27.141000000000027,542.8200000000005,20,0,distressed_assets,45.41629155476888,17,0.1879,25,4,1733,17,0.85,7424,57
27.707619047619065,581.8600000000004,21,0,distressed_assets,54.64268239339193,19,0.1869,21,4,1733,19,0.9047619047619048,7552,58
28.030000000000037,560.6000000000007,20,0,distressed_assets,51.74589157104492,18,0.186,14,4,1733,18,0.9,7680,59
25.795555555555577,464.3200000000004,18,0,distressed_assets,43.07500712076823,15,0.1851,20,4,1733,15,0.8333333333333334,7808,60
31.80047619047619,667.81,21,0,distressed_assets,60.37608210245768,21,0.1841,14,4,1733,21,1.0,7936,61
23.95200000000001,479.0400000000002,20,0,distressed_assets,39.478553771972656,15,0.1832,25,4,1733,15,0.75,8064,62
30.383809523809553,638.0600000000006,21,0,distressed_assets,56.148475646972656,20,0.1823,25,4,1733,20,0.9523809523809523,8192,63
25.471,509.42,20,0,distressed_assets,42.51024500528971,16,0.1814,25,4,1733,16,0.8,8320,64
26.768421052631602,508.6000000000004,19,0,distressed_assets,45.90774408976237,16,0.1805,28,4,1733,16,0.8421052631578947,8448,65
29.73904761904764,624.5200000000004,21,0,distressed_assets,57.4489860534668,20,0.1796,22,4,1733,20,0.9523809523809523,8576,66
30.395000000000024,668.6900000000005,22,0,distressed_assets,57.56641642252604,21,0.1787,20,4,1733,21,0.9545454545454546,8704,67
23.867368421052632,453.48,19,0,distressed_assets,40.47521845499674,15,0.1778,25,4,1733,15,0.7894736842105263,8832,68
27.332857142857165,573.9900000000005,21,0,distressed_assets,47.98217646280924,18,0.1769,22,4,1733,18,0.8571428571428571,8960,69
25.261428571428592,530.4900000000005,21,0,distressed_assets,45.05419413248698,17,0.176,25,4,1733,17,0.8095238095238095,9088,70
28.63500000000002,572.7000000000004,20,0,distressed_assets,50.8031260172526,18,0.1751,23,4,1733,18,0.9,9216,71
31.888750000000027,765.3300000000006,24,0,distressed_assets,64.00043487548828,24,0.1743,15,4,1733,24,1.0,9344,72
31.251000000000033,625.0200000000007,20,0,distressed_assets,56.22750727335612,20,0.1734,26,4,1733,20,1.0,9472,73
25.1821052631579,478.4600000000001,19,0,distressed_assets,41.461421966552734,15,0.1725,26,4,1733,15,0.7894736842105263,9600,74
28.75800000000001,575.1600000000002,20,0,distressed_assets,51.740525563557945,18,0.1717,22,4,1733,18,0.9,9728,75
30.576086956521753,703.2500000000003,23,0,distressed_assets,58.531856536865234,22,0.1708,31,4,1733,22,0.9565217391304348,9856,76
28.520000000000007,627.4400000000002,22,0,distressed_assets,51.79545974731445,20,0.1699,27,4,1733,20,0.9090909090909091,9984,77
31.947600000000016,798.6900000000004,25,0,distressed_assets,65.03376770019531,25,0.1691,15,4,1733,25,1.0,10112,78
30.557500000000022,733.3800000000006,24,0,distressed_assets,59.60534413655599,23,0.1683,17,4,1733,23,0.9583333333333334,10240,79
29.186956521739138,671.3000000000002,23,0,distressed_assets,54.21498489379883,21,0.1674,21,4,1733,21,0.9130434782608695,10368,80
31.96000000000001,767.0400000000003,24,0,distressed_assets,63.876302083333336,24,0.1666,21,4,1733,24,1.0,10496,81
30.63250000000002,735.1800000000005,24,0,distressed_assets,59.43310674031576,23,0.1657,19,4,1733,23,0.9583333333333334,10624,82
28.869047619047652,606.2500000000007,21,0,distressed_assets,51.312853495279946,19,0.1649,24,4,1733,19,0.9047619047619048,10752,83
30.61583333333334,734.7800000000002,24,0,distressed_assets,59.24401982625326,23,0.1641,26,4,1733,23,0.9583333333333334,10880,84
31.98041666666668,767.5300000000003,24,0,distressed_assets,63.47985712687174,24,0.1633,18,4,1733,24,1.0,11008,85
29.171739130434784,670.95,23,0,distressed_assets,52.42886225382487,21,0.1625,28,4,1733,21,0.9130434782608695,11136,86
30.731923076923103,799.0300000000007,26,0,distressed_assets,61.663201649983726,25,0.1616,26,4,1733,25,0.9615384615384616,11264,87
31.928076923076958,830.1300000000009,26,0,distressed_assets,65.87050882975261,26,0.1608,18,4,1733,26,1.0,11392,88
29.007272727272753,638.1600000000005,22,0,distressed_assets,53.67004648844401,20,0.16,29,4,1733,20,0.9090909090909091,11520,89
29.183478260869578,671.2200000000003,23,0,distressed_assets,54.35067367553711,21,0.1592,26,4,1733,21,0.9130434782608695,11648,90
31.943913043478286,734.7100000000006,23,0,distressed_assets,62.96111043294271,23,0.1584,27,4,1733,23,1.0,11776,91
31.985769230769243,831.6300000000003,26,0,distressed_assets,63.838680267333984,26,0.1576,21,4,1733,26,1.0,11904,92
31.938461538461574,830.4000000000009,26,0,distressed_assets,65.19110616048177,26,0.1569,20,4,1733,26,1.0,12032,93
31.979629629629645,863.4500000000004,27,0,distressed_assets,65.42316436767578,27,0.1561,19,4,1733,27,1.0,12160,94
31.97458333333334,767.3900000000001,24,0,distressed_assets,64.30525461832683,24,0.1553,21,4,1733,24,1.0,12288,95
30.801111111111123,831.6300000000003,27,0,distressed_assets,62.24034118652344,26,0.1545,21,4,1733,26,0.9629629629629629,12416,96
26.804761904761925,562.9000000000004,21,0,distressed_assets,49.67984517415365,18,0.1537,23,4,1733,18,0.8571428571428571,12544,97
31.973461538461557,831.3100000000005,26,0,distressed_assets,64.13267517089844,26,0.153,22,4,1733,26,1.0,12672,98
31.976153846153867,831.3800000000006,26,0,distressed_assets,64.39530944824219,26,0.1522,17,4,1733,26,1.0,12800,99
9.383076923076924,121.98,13,0,distressed_assets,18.094545046488445,4,0.25,28,5,1734,4,0.3076923076923077,128,0
11.891538461538472,154.59000000000015,13,0,distressed_assets,17.484952926635742,5,0.2487,28,5,1734,5,0.38461538461538464,256,1
14.302307692307702,185.93000000000012,13,0,distressed_assets,21.485754648844402,6,0.2475,30,5,1734,6,0.46153846153846156,384,2
22.239333333333352,333.59000000000026,15,0,distressed_assets,37.13913091023763,11,0.2463,29,5,1734,11,0.7333333333333333,512,3
23.660625000000003,378.57000000000005,16,0,distressed_assets,39.49314626057943,12,0.245,34,5,1734,12,0.75,640,4
12.469285714285723,174.57000000000014,14,0,distressed_assets,20.668229420979817,6,0.2438,33,5,1734,6,0.42857142857142855,768,5
13.921333333333333,208.82,15,0,distressed_assets,19.870162963867188,7,0.2426,31,5,1734,7,0.4666666666666667,896,6
19.484375000000014,311.7500000000002,16,0,distressed_assets,36.03960927327474,11,0.2414,28,5,1734,11,0.6875,1024,7
19.428666666666683,291.43000000000023,15,0,distressed_assets,32.05886967976888,10,0.2402,22,5,1734,10,0.6666666666666666,1152,8
26.85500000000002,483.3900000000004,18,0,distressed_assets,49.26209259033203,16,0.239,25,5,1734,16,0.8888888888888888,1280,9
25.68312500000002,410.93000000000035,16,0,distressed_assets,40.72473398844401,13,0.2378,27,5,1734,13,0.8125,1408,10
20.163750000000004,322.62000000000006,16,0,distressed_assets,36.789475758870445,11,0.2366,24,5,1734,11,0.6875,1536,11
24.972500000000032,399.5600000000005,16,0,distressed_assets,40.06477610270182,13,0.2354,31,5,1734,13,0.8125,1664,12
21.77875000000002,348.4600000000003,16,0,distressed_assets,33.44079335530599,11,0.2342,25,5,1734,11,0.6875,1792,13
24.690555555555562,444.4300000000001,18,0,distressed_assets,41.66429138183594,14,0.2331,23,5,1734,14,0.7777777777777778,1920,14
18.926666666666673,283.9000000000001,15,0,distressed_assets,28.914674758911133,9,0.2319,32,5,1734,9,0.6,2048,15
23.71625000000002,379.4600000000003,16,0,distressed_assets,38.63549550374349,12,0.2307,26,5,1734,12,0.75,2176,16
22.293333333333344,401.2800000000002,18,0,distressed_assets,36.78024164835612,13,0.2296,21,5,1734,13,0.7222222222222222,2304,17
19.670625000000012,314.7300000000002,16,0,distressed_assets,31.473722457885742,10,0.2284,28,5,1734,10,0.625,2432,18
18.099333333333345,271.4900000000002,15,0,distressed_assets,30.753794987996418,9,0.2273,27,5,1734,9,0.6,2560,19
22.194374999999994,355.1099999999999,16,0,distressed_assets,38.6238759358724,12,0.2262,28,5,1734,12,0.75,2688,20
22.41333333333333,336.19999999999993,15,0,distressed_assets,34.74598693847656,11,0.225,24,5,1734,11,0.7333333333333333,2816,21
31.689375,507.03,16,0,distressed_assets,54.11650848388672,16,0.2239,25,5,1734,16,1.0,2944,22
25.410588235294146,431.9800000000005,17,0,distressed_assets,42.943440755208336,14,0.2228,28,5,1734,14,0.8235294117647058,3072,23
21.500624999999992,344.0099999999999,16,0,distressed_assets,39.491217295328774,12,0.2217,21,5,1734,12,0.75,3200,24
24.676470588235286,419.4999999999999,17,0,distressed_assets,45.10765711466471,14,0.2206,26,5,1734,14,0.8235294117647058,3328,25
21.674705882352953,368.4700000000002,17,0,distressed_assets,36.86285146077474,12,0.2195,30,5,1734,12,0.7058823529411765,3456,26
25.160000000000032,452.88000000000056,18,0,distressed_assets,45.048954010009766,15,0.2184,20,5,1734,15,0.8333333333333334,3584,27
28.179444444444457,507.23000000000025,18,0,distressed_assets,49.76044591267904,16,0.2173,25,5,1734,16,0.8888888888888888,3712,28
26.468333333333334,476.43,18,0,distressed_assets,45.82006072998047,15,0.2162,28,5,1734,15,0.8333333333333334,3840,29
24.666111111111107,443.98999999999995,18,0,distressed_assets,40.65118662516276,14,0.2151,27,5,1734,14,0.7777777777777778,3968,30
22.92588235294118,389.74000000000007,17,0,distressed_assets,38.82538350423177,13,0.214,33,5,1734,13,0.7647058823529411,4096,31
27.21631578947369,517.1100000000001,19,0,distressed_assets,47.70911661783854,17,0.213,36,5,1734,17,0.8947368421052632,4224,32
28.480526315789508,541.1300000000007,19,0,distressed_assets,49.43989181518555,17,0.2119,27,5,1734,17,0.8947368421052632,4352,33
23.431666666666672,421.7700000000001,18,0,distressed_assets,42.65576044718424,14,0.2108,27,5,1734,14,0.7777777777777778,4480,34
31.406250000000046,753.7500000000011,24,0,distressed_assets,61.53876876831055,24,0.2098,28,5,1734,24,1.0,4608,35
24.424117647058825,415.21000000000004,17,0,distressed_assets,39.23222859700521,13,0.2087,26,5,1734,13,0.7647058823529411,4736,36
21.848235294117643,371.41999999999996,17,0,distressed_assets,37.29464594523112,12,0.2077,24,5,1734,12,0.7058823529411765,4864,37
27.903684210526325,530.1700000000002,19,0,distressed_assets,46.600023905436196,17,0.2066,23,5,1734,17,0.8947368421052632,4992,38
29.635000000000012,592.7000000000003,20,0,distressed_assets,56.60415776570638,19,0.2056,27,5,1734,19,0.95,5120,39
26.364444444444448,474.56000000000006,18,0,distressed_assets,46.70372009277344,16,0.2046,28,5,1734,16,0.8888888888888888,5248,40
29.76550000000003,595.3100000000006,20,0,distressed_assets,55.68263498942057,19,0.2036,26,5,1734,19,0.95,5376,41
25.348000000000006,506.96000000000015,20,0,distressed_assets,45.3622932434082,17,0.2025,36,5,1734,17,0.85,5504,42
24.355000000000008,487.10000000000014,20,0,distressed_assets,45.556104024251304,16,0.2015,28,5,1734,16,0.8,5632,43
28.887142857142884,606.6300000000006,21,0,distressed_assets,53.28950627644857,19,0.2005,25,5,1734,19,0.9047619047619048,5760,44
29.038181818181837,638.8400000000004,22,0,distressed_assets,54.005879720052086,20,0.1995,21,5,1734,20,0.9090909090909091,5888,45
26.556111111111118,478.0100000000001,18,0,distressed_assets,45.17445755004883,15,0.1985,40,5,1734,15,0.8333333333333334,6016,46
31.17052631578951,592.2400000000007,19,0,distressed_assets,57.07624053955078,19,0.1975,23,5,1734,19,1.0,6144,47
26.10954545454549,574.4100000000008,22,0,distressed_assets,45.79352823893229,18,0.1965,16,5,1734,18,0.8181818181818182,6272,48
30.3404761904762,637.1500000000002,21,0,distressed_assets,56.28069559733073,20,0.1956,23,5,1734,20,0.9523809523809523,6400,49
31.93391304347827,734.4800000000002,23,0,distressed_assets,62.25067011515299,23,0.1946,24,5,1734,23,1.0,6528,50
29.167391304347852,670.8500000000006,23,0,distressed_assets,54.0559450785319,21,0.1936,25,5,1734,21,0.9130434782608695,6656,51
26.77476190476192,562.2700000000003,21,0,distressed_assets,45.76382573445638,18,0.1926,20,5,1734,18,0.8571428571428571,6784,52
31.889047619047627,669.6700000000002,21,0,distressed_assets,58.808180491129555,21,0.1917,25,5,1734,21,1.0,6912,53
27.34619047619048,574.2700000000001,21,0,distressed_assets,47.69450887044271,18,0.1907,22,5,1734,18,0.8571428571428571,7040,54
30.484545454545472,670.6600000000004,22,0,distressed_assets,56.853712717692055,21,0.1898,24,5,1734,21,0.9545454545454546,7168,55
31.927619047619082,670.4800000000007,21,0,distressed_assets,60.047186533610024,21,0.1888,25,5,1734,21,1.0,7296,56
29.179130434782618,671.1200000000002,23,0,distressed_assets,53.755226135253906,21,0.1879,23,5,1734,21,0.9130434782608695,7424,57
29.29750000000001,703.1400000000002,24,0,distressed_assets,54.67726262410482,22,0.1869,18,5,1734,22,0.9166666666666666,7552,58
30.56869565217392,703.0800000000002,23,0,distressed_assets,58.36631520589193,22,0.186,24,5,1734,22,0.9565217391304348,7680,59
25.541500000000003,510.83000000000004,20,0,distressed_assets,41.782544453938804,16,0.1851,29,5,1734,16,0.8,7808,60
25.037272727272747,550.8200000000004,22,0,distressed_assets,44.11439895629883,18,0.1841,22,5,1734,18,0.8181818181818182,7936,61
29.300833333333355,703.2200000000005,24,0,distressed_assets,55.181200663248696,22,0.1832,23,5,1734,22,0.9166666666666666,8064,62
28.511363636363647,627.2500000000002,22,0,distressed_assets,51.60268529256185,20,0.1823,24,5,1734,20,0.9090909090909091,8192,63
30.574782608695664,703.2200000000003,23,0,distressed_assets,57.980307261149086,22,0.1814,25,5,1734,22,0.9565217391304348,8320,64
27.038636363636382,594.8500000000004,22,0,distressed_assets,47.67873509724935,19,0.1805,19,5,1734,19,0.8636363636363636,8448,65
30.591666666666686,734.2000000000005,24,0,distressed_assets,59.27768198649088,23,0.1796,16,5,1734,23,0.9583333333333334,8576,66
30.542608695652195,702.4800000000005,23,0,distressed_assets,58.86947377522787,22,0.1787,28,5,1734,22,0.9565217391304348,8704,67
28.876190476190487,606.4000000000002,21,0,distressed_assets,52.12414677937826,19,0.1778,27,5,1734,19,0.9047619047619048,8832,68
30.61708333333334,734.8100000000002,24,0,distressed_assets,58.525404612223305,23,0.1769,21,5,1734,23,0.9583333333333334,8960,69
31.516538461538463,819.4300000000001,26,0,distressed_assets,62.55439758300781,26,0.176,14,5,1734,26,1.0,9088,70
27.145500000000016,542.9100000000003,20,0,distressed_assets,46.979479471842446,17,0.1751,25,5,1734,17,0.85,9216,71
29.088636363636365,639.95,22,0,distressed_assets,53.90323130289713,20,0.1743,17,5,1734,20,0.9090909090909091,9344,72
29.054545454545465,639.2000000000003,22,0,distressed_assets,53.8129628499349,20,0.1734,24,5,1734,20,0.9090909090909091,9472,73
31.945833333333336,766.7,24,0,distressed_assets,62.66552480061849,24,0.1725,27,5,1734,24,1.0,9600,74
31.92772727272728,702.4100000000002,22,0,distressed_assets,61.29633585611979,22,0.1717,29,5,1734,22,1.0,9728,75
25.81095238095239,542.0300000000002,21,0,distressed_assets,43.92206319173177,17,0.1708,32,5,1734,17,0.8095238095238095,9856,76
30.6016666666667,734.4400000000007,24,0,distressed_assets,58.98849105834961,23,0.1699,25,5,1734,23,0.9583333333333334,9984,77
30.799629629629642,831.5900000000004,27,0,distressed_assets,62.69537099202474,26,0.1691,17,5,1734,26,0.9629629629629629,10112,78
30.668800000000015,766.7200000000004,25,0,distressed_assets,59.71400705973307,24,0.1683,18,5,1734,24,0.96,10240,79
29.153913043478266,670.5400000000001,23,0,distressed_assets,54.02023442586263,21,0.1674,25,5,1734,21,0.9130434782608695,10368,80
30.645416666666677,735.4900000000002,24,0,distressed_assets,58.619126637776695,23,0.1666,17,5,1734,23,0.9583333333333334,10496,81
31.9454166666667,766.6900000000007,24,0,distressed_assets,63.91286849975586,24,0.1657,20,5,1734,24,1.0,10624,82
29.30125,703.23,24,0,distressed_assets,55.30009841918945,22,0.1649,19,5,1734,22,0.9166666666666666,10752,83
31.465600000000027,786.6400000000007,25,0,distressed_assets,62.12039693196615,25,0.1641,30,5,1734,25,1.0,10880,84
31.965384615384632,831.1000000000005,26,0,distressed_assets,65.5990727742513,26,0.1633,25,5,1734,26,1.0,11008,85
23.21476190476191,487.51000000000016,21,0,distressed_assets,42.356346130371094,16,0.1625,20,5,1734,16,0.7619047619047619,11136,86
28.17050000000001,563.4100000000002,20,0,distressed_assets,49.787854512532554,18,0.1616,17,5,1734,18,0.9,11264,87
30.158749999999998,723.81,24,0,distressed_assets,60.233105977376304,23,0.1608,21,5,1734,23,0.9583333333333334,11392,88
31.971304347826095,735.3400000000001,23,0,distressed_assets,60.73856989542643,23,0.16,22,5,1734,23,1.0,11520,89
31.984642857142862,895.5700000000002,28,0,distressed_assets,67.3368911743164,28,0.1592,16,5,1734,28,1.0,11648,90
29.31375000000001,703.5300000000002,24,0,distressed_assets,55.024261474609375,22,0.1584,22,5,1734,22,0.9166666666666666,11776,91
30.755384615384628,799.6400000000003,26,0,distressed_assets,60.859625498453774,25,0.1576,16,5,1734,25,0.9615384615384616,11904,92
31.956800000000012,798.9200000000003,25,0,distressed_assets,64.45525360107422,25,0.1569,16,5,1734,25,1.0,12032,93
31.950800000000022,798.7700000000006,25,0,distressed_assets,64.51995595296223,25,0.1561,26,5,1734,25,1.0,12160,94
31.989259259259264,863.7100000000002,27,0,distressed_assets,66.63145192464192,27,0.1553,22,5,1734,27,1.0,12288,95
31.990769230769235,831.7600000000001,26,0,distressed_assets,64.46217346191406,26,0.1545,21,5,1734,26,1.0,12416,96
30.21944444444445,543.95,18,0,distressed_assets,53.809261322021484,17,0.1537,17,5,1734,17,0.9444444444444444,12544,97
26.93526315789474,511.7700000000001,19,0,distressed_assets,46.588052113850914,16,0.153,20,5,1734,16,0.8421052631578947,12672,98
28.793,575.86,20,0,distressed_assets,51.42169698079427,18,0.1522,20,5,1734,18,0.9,12800,99
0.054166666666667994,0.6500000000000159,12,0,distressed_assets,10.060995101928711,2,0.25,28,6,1735,2,0.16666666666666666,128,0
5.947857142857148,83.27000000000008,14,0,distressed_assets,20.409250259399414,5,0.2487,39,6,1735,5,0.35714285714285715,256,1
15.775999999999998,236.63999999999996,15,0,distressed_assets,33.42210896809896,9,0.2475,34,6,1735,9,0.6,384,2
24.984374999999993,399.7499999999999,16,0,distressed_assets,41.97035344441732,13,0.2463,29,6,1735,13,0.8125,512,3
21.580666666666648,323.7099999999997,15,0,distressed_assets,38.52504221598307,11,0.245,33,6,1735,11,0.7333333333333333,640,4
16.502,247.52999999999997,15,0,distressed_assets,29.736251831054688,9,0.2438,30,6,1735,9,0.6,768,5
18.101999999999993,271.5299999999999,15,0,distressed_assets,30.297381083170574,9,0.2426,33,6,1735,9,0.6,896,6
19.43466666666665,291.51999999999975,15,0,distressed_assets,35.23597208658854,10,0.2414,26,6,1735,10,0.6666666666666666,1024,7
19.454000000000004,291.81000000000006,15,0,distressed_assets,30.953806559244793,10,0.2402,38,6,1735,10,0.6666666666666666,1152,8
15.586875000000001,249.39000000000001,16,0,distressed_assets,27.878819783528645,9,0.239,37,6,1735,9,0.5625,1280,9
12.629375000000003,202.07000000000005,16,0,distressed_assets,28.224084218343098,9,0.2378,27,6,1735,9,0.5625,1408,10
13.070666666666664,196.05999999999997,15,0,distressed_assets,21.546058019002277,7,0.2366,35,6,1735,7,0.4666666666666667,1536,11
20.294666666666675,304.42000000000013,15,0,distressed_assets,32.25869369506836,10,0.2354,35,6,1735,10,0.6666666666666666,1664,12
24.241874999999993,387.8699999999999,16,0,distressed_assets,40.439919789632164,13,0.2342,36,6,1735,13,0.8125,1792,13
18.163999999999987,272.4599999999998,15,0,distressed_assets,31.36680730183919,9,0.2331,37,6,1735,9,0.6,1920,14
26.492222222222225,476.86,18,0,distressed_assets,45.59378306070963,15,0.2319,27,6,1735,15,0.8333333333333334,2048,15
25.847333333333324,387.70999999999987,15,0,distressed_assets,43.695655822753906,13,0.2307,36,6,1735,13,0.8666666666666667,2176,16
22.246249999999996,355.93999999999994,16,0,distressed_assets,40.95907847086588,12,0.2296,23,6,1735,12,0.75,2304,17
26.216875000000005,419.4700000000001,16,0,distressed_assets,46.758853912353516,14,0.2284,26,6,1735,14,0.875,2432,18
25.753125,412.05,16,0,distressed_assets,40.936623891194664,13,0.2273,25,6,1735,13,0.8125,2560,19
25.739374999999978,411.82999999999964,16,0,distressed_assets,43.7230593363444,13,0.2262,26,6,1735,13,0.8125,2688,20
23.082857142857115,323.1599999999996,14,0,distressed_assets,41.53737004597982,11,0.225,32,6,1735,11,0.7857142857142857,2816,21
22.34066666666665,335.10999999999973,15,0,distressed_assets,38.8677978515625,11,0.2239,31,6,1735,11,0.7333333333333333,2944,22
22.32066666666666,334.8099999999999,15,0,distressed_assets,35.674139658610024,11,0.2228,32,6,1735,11,0.7333333333333333,3072,23
22.339999999999993,335.0999999999999,15,0,distressed_assets,37.13582992553711,11,0.2217,35,6,1735,11,0.7333333333333333,3200,24
26.226428571428546,367.1699999999996,14,0,distressed_assets,43.70968755086263,12,0.2206,33,6,1735,12,0.8571428571428571,3328,25
29.688749999999978,475.01999999999964,16,0,distressed_assets,51.28519821166992,15,0.2195,20,6,1735,15,0.9375,3456,26
25.24799999999999,378.71999999999986,15,0,distressed_assets,41.30898666381836,12,0.2184,28,6,1735,12,0.8,3584,27
27.37733333333333,410.6599999999999,15,0,distressed_assets,45.66161600748698,13,0.2173,32,6,1735,13,0.8666666666666667,3712,28
28.194999999999986,451.1199999999998,16,0,distressed_assets,46.679222106933594,15,0.2162,22,6,1735,15,0.9375,3840,29
27.715624999999978,443.44999999999965,16,0,distressed_assets,46.334309895833336,14,0.2151,25,6,1735,14,0.875,3968,30
23.67999999999999,378.8799999999998,16,0,distressed_assets,38.53010813395182,12,0.214,28,6,1735,12,0.75,4096,31
20.205999999999978,303.0899999999997,15,0,distressed_assets,33.7267951965332,10,0.213,30,6,1735,10,0.6666666666666666,4224,32
31.72941176470587,539.3999999999997,17,0,distressed_assets,56.54889424641927,17,0.2119,15,6,1735,17,1.0,4352,33
21.057333333333325,315.8599999999999,15,0,distressed_assets,32.49170811971029,10,0.2108,31,6,1735,10,0.6666666666666666,4480,34
26.11294117647057,443.9199999999997,17,0,distressed_assets,43.25799306233724,14,0.2098,24,6,1735,14,0.8235294117647058,4608,35
25.712499999999984,411.39999999999975,16,0,distressed_assets,42.4793446858724,13,0.2087,25,6,1735,13,0.8125,4736,36
18.05466666666666,270.8199999999999,15,0,distressed_assets,30.49842898050944,9,0.2077,37,6,1735,9,0.6,4864,37
23.751875000000013,380.0300000000002,16,0,distressed_assets,38.361334482828774,12,0.2066,23,6,1735,12,0.75,4992,38
16.94749999999999,271.15999999999985,16,0,distressed_assets,28.6419677734375,9,0.2056,29,6,1735,9,0.5625,5120,39
24.95187500000001,399.23000000000013,16,0,distressed_assets,40.37458801269531,13,0.2046,29,6,1735,13,0.8125,5248,40
24.186470588235306,411.1700000000002,17,0,distressed_assets,39.948586781819664,13,0.2036,25,6,1735,13,0.7647058823529411,5376,41
29.98833333333335,539.7900000000003,18,0,distressed_assets,52.705851236979164,17,0.2025,26,6,1735,17,0.9444444444444444,5504,42
27.968823529411797,475.47000000000054,17,0,distressed_assets,46.86198806762695,15,0.2015,25,6,1735,15,0.8823529411764706,5632,43
22.316000000000024,334.74000000000035,15,0,distressed_assets,33.12295277913412,11,0.2005,28,6,1735,11,0.7333333333333333,5760,44
27.909411764705894,474.4600000000002,17,0,distressed_assets,48.33459981282552,15,0.1995,28,6,1735,15,0.8823529411764706,5888,45
29.64500000000002,474.32000000000033,16,0,distressed_assets,49.391703287760414,15,0.1985,23,6,1735,15,0.9375,6016,46
22.32058823529413,379.4500000000002,17,0,distressed_assets,35.528587341308594,12,0.1975,22,6,1735,12,0.7058823529411765,6144,47
28.42947368421053,540.1600000000001,19,0,distressed_assets,50.43517812093099,17,0.1965,28,6,1735,17,0.8947368421052632,6272,48
29.337222222222245,528.0700000000004,18,0,distressed_assets,51.5644900004069,17,0.1956,32,6,1735,17,0.9444444444444444,6400,49
29.97555555555555,539.56,18,0,distressed_assets,52.18923695882162,17,0.1946,27,6,1735,17,0.9444444444444444,6528,50
28.26904761904764,593.6500000000004,21,0,distressed_assets,51.773016611735024,19,0.1936,27,6,1735,19,0.9047619047619048,6656,51
23.55526315789474,447.55,19,0,distressed_assets,38.39063390096029,14,0.1926,22,6,1735,14,0.7368421052631579,6784,52
31.346842105263164,595.5900000000001,19,0,distressed_assets,56.62878672281901,19,0.1917,19,6,1735,19,1.0,6912,53
30.522608695652217,702.020000000001,23,0,distressed_assets,58.12724685668945,22,0.1907,20,6,1735,22,0.9565217391304348,7040,54
29.96500000000002,659.2300000000005,22,0,distressed_assets,59.543721516927086,21,0.1898,18,6,1735,21,0.9545454545454546,7168,55
28.762500000000024,575.2500000000005,20,0,distressed_assets,51.972215016682945,18,0.1888,30,6,1735,18,0.9,7296,56
31.90363636363638,701.8800000000003,22,0,distressed_assets,61.7441291809082,22,0.1879,20,6,1735,22,1.0,7424,57
26.802105263157912,509.24000000000035,19,0,distressed_assets,46.38954544067383,16,0.1869,25,6,1735,16,0.8421052631578947,7552,58
30.300500000000028,606.0100000000006,20,0,distressed_assets,55.78866068522135,19,0.186,25,6,1735,19,0.95,7680,59
25.49352941176472,433.3900000000002,17,0,distressed_assets,43.66571172078451,14,0.1851,27,6,1735,14,0.8235294117647058,7808,60
28.78400000000001,575.6800000000002,20,0,distressed_assets,52.570794423421226,18,0.1841,21,6,1735,18,0.9,7936,61
28.568947368421068,542.8100000000003,19,0,distressed_assets,49.54043706258138,17,0.1832,17,6,1735,17,0.8947368421052632,8064,62
28.11050000000002,562.2100000000004,20,0,distressed_assets,48.26332092285156,18,0.1823,22,6,1735,18,0.9,8192,63
30.19055555555556,543.4300000000001,18,0,distressed_assets,52.929588317871094,17,0.1814,26,6,1735,17,0.9444444444444444,8320,64
30.29750000000003,605.9500000000006,20,0,distressed_assets,54.71359634399414,19,0.1805,18,6,1735,19,0.95,8448,65
28.703000000000024,574.0600000000005,20,0,distressed_assets,51.509751637776695,18,0.1796,30,6,1735,18,0.9,8576,66
30.158421052631596,573.0100000000003,19,0,distressed_assets,54.37696838378906,18,0.1787,18,6,1735,18,0.9473684210526315,8704,67
26.781578947368445,508.8500000000004,19,0,distressed_assets,45.87488301595052,16,0.1778,20,6,1735,16,0.8421052631578947,8832,68
28.466315789473704,540.8600000000004,19,0,distressed_assets,50.81211725870768,17,0.1769,30,6,1735,17,0.8947368421052632,8960,69
28.62450000000002,572.4900000000004,20,0,distressed_assets,51.1788584391276,18,0.176,24,6,1735,18,0.9,9088,70
31.305000000000014,626.1000000000003,20,0,distressed_assets,57.895346323649086,20,0.1751,30,6,1735,20,1.0,9216,71
31.96772727272728,703.2900000000002,22,0,distressed_assets,62.018072764078774,22,0.1743,26,6,1735,22,1.0,9344,72
31.972500000000004,639.45,20,0,distressed_assets,58.39583206176758,20,0.1734,15,6,1735,20,1.0,9472,73
31.8909523809524,669.7100000000004,21,0,distressed_assets,61.47792943318685,21,0.1725,17,6,1735,21,1.0,9600,74
28.671,573.42,20,0,distressed_assets,51.460044860839844,18,0.1717,23,6,1735,18,0.9,9728,75
25.112631578947394,477.1400000000005,19,0,distressed_assets,42.326934814453125,15,0.1708,28,6,1735,15,0.7894736842105263,9856,76
25.24000000000001,530.0400000000002,21,0,distressed_assets,45.99880345662435,17,0.1699,29,6,1735,17,0.8095238095238095,9984,77
27.59545454545454,607.0999999999999,22,0,distressed_assets,49.81387074788412,19,0.1691,25,6,1735,19,0.8636363636363636,10112,78
30.48136363636365,670.5900000000003,22,0,distressed_assets,58.01969528198242,21,0.1683,28,6,1735,21,0.9545454545454546,10240,79
31.916250000000016,765.9900000000004,24,0,distressed_assets,64.10968271891277,24,0.1674,15,6,1735,24,1.0,10368,80
29.06227272727274,639.3700000000003,22,0,distressed_assets,52.95187123616537,20,0.1666,24,6,1735,20,0.9090909090909091,10496,81
28.7785,575.57,20,0,distressed_assets,52.15773264567057,18,0.1657,23,6,1735,18,0.9,10624,82
31.463478260869564,723.66,23,0,distressed_assets,61.444437662760414,23,0.1649,20,6,1735,23,1.0,10752,83
29.180869565217385,671.1599999999999,23,0,distressed_assets,55.19536463419596,21,0.1641,17,6,1735,21,0.9130434782608695,10880,84
29.06318181818184,639.3900000000004,22,0,distressed_assets,53.458700815836586,20,0.1633,18,6,1735,20,0.9090909090909091,11008,85
28.488636363636374,626.7500000000002,22,0,distressed_assets,53.697991689046226,20,0.1625,25,6,1735,20,0.9090909090909091,11136,86
31.45750000000002,754.9800000000005,24,0,distressed_assets,61.34158579508463,24,0.1616,19,6,1735,24,1.0,11264,87
31.934166666666687,766.4200000000005,24,0,distressed_assets,62.35259119669596,24,0.1608,22,6,1735,24,1.0,11392,88
30.06217391304348,691.4300000000001,23,0,distressed_assets,58.13586934407552,22,0.16,21,6,1735,22,0.9565217391304348,11520,89
30.790370370370383,831.3400000000004,27,0,distressed_assets,62.627644856770836,26,0.1592,15,6,1735,26,0.9629629629629629,11648,90
31.97080000000002,799.2700000000004,25,0,distressed_assets,65.02028401692708,25,0.1584,20,6,1735,25,1.0,11776,91
29.424000000000014,735.6000000000004,25,0,distressed_assets,55.20824305216471,23,0.1576,17,6,1735,23,0.92,11904,92
28.679565217391314,659.6300000000002,23,0,distressed_assets,54.72399012247721,21,0.1569,22,6,1735,21,0.9130434782608695,12032,93
30.632083333333338,735.1700000000001,24,0,distressed_assets,59.24979019165039,23,0.1561,23,6,1735,23,0.9583333333333334,12160,94
28.9128,722.82,25,0,distressed_assets,57.67369842529297,23,0.1553,26,6,1735,23,0.92,12288,95
25.589444444444446,460.61,18,0,distressed_assets,43.98280334472656,16,0.1545,20,6,1735,16,0.8888888888888888,12416,96
25.443124999999984,407.08999999999975,16,0,distressed_assets,46.90304692586263,14,0.1537,22,6,1735,14,0.875,12544,97
31.803157894736852,604.2600000000002,19,0,distressed_assets,57.563158671061196,19,0.153,16,6,1735,19,1.0,12672,98
31.840476190476185,668.6499999999999,21,0,distressed_assets,61.265524546305336,21,0.1522,18,6,1735,21,1.0,12800,99
-0.07083333333333336,-0.8500000000000003,12,0,distressed_assets,0.5577152470747629,0,0.25,33,7,1736,0,0.0,128,0
-0.07583333333333336,-0.9100000000000004,12,0,distressed_assets,0.4606480598449707,0,0.2487,29,7,1736,0,0.0,256,1
-0.05500000000000002,-0.6600000000000003,12,0,distressed_assets,0.30558521548906964,0,0.2475,38,7,1736,0,0.0,384,2
-0.1008333333333334,-1.2100000000000009,12,0,distressed_assets,0.1321989248196284,0,0.2463,32,7,1736,0,0.0,512,3
-1.0691666666666664,-12.829999999999997,12,0,distressed_assets,0.6392320593198141,0,0.245,29,7,1736,0,0.0,640,4
-0.03666666666666668,-0.44000000000000017,12,0,distressed_assets,0.14469884087642035,0,0.2438,32,7,1736,0,0.0,768,5
-0.11916666666666674,-1.4300000000000008,12,0,distressed_assets,0.11084876209497452,0,0.2426,20,7,1736,0,0.0,896,6
-0.19166666666666668,-2.3000000000000003,12,0,distressed_assets,0.04113683539132277,0,0.2414,28,7,1736,0,0.0,1024,7
-0.03416666666666667,-0.41000000000000003,12,0,distressed_assets,0.05687520280480385,0,0.2402,22,7,1736,0,0.0,1152,8
-0.07000000000000002,-0.8400000000000002,12,0,distressed_assets,0.08694685498873393,0,0.239,28,7,1736,0,0.0,1280,9
-0.06416666666666669,-0.7700000000000002,12,0,distressed_assets,0.16694019734859467,0,0.2378,32,7,1736,0,0.0,1408,10
-0.08833333333333337,-1.0600000000000005,12,0,distressed_assets,0.10794923702875774,0,0.2366,29,7,1736,0,0.0,1536,11
-0.10000000000000005,-1.2000000000000006,12,0,distressed_assets,0.09910833835601807,0,0.2354,38,7,1736,0,0.0,1664,12
-0.10916666666666673,-1.3100000000000007,12,0,distressed_assets,0.08721674978733063,0,0.2342,31,7,1736,0,0.0,1792,13
-0.13416666666666674,-1.610000000000001,12,0,distressed_assets,0.06845462570587794,0,0.2331,35,7,1736,0,0.0,1920,14
-0.09750000000000004,-1.1700000000000006,12,0,distressed_assets,0.05026875560482343,0,0.2319,32,7,1736,0,0.0,2048,15
-0.08583333333333339,-1.0300000000000007,12,0,distressed_assets,0.01965754882742961,0,0.2307,30,7,1736,0,0.0,2176,16
-1.050833333333333,-12.609999999999998,12,0,distressed_assets,0.6329994400342306,0,0.2296,34,7,1736,0,0.0,2304,17
-0.0741666666666667,-0.8900000000000005,12,0,distressed_assets,0.11826484153668086,0,0.2284,29,7,1736,0,0.0,2432,18
-0.08250000000000003,-0.9900000000000004,12,0,distressed_assets,0.09535131106774013,0,0.2273,36,7,1736,0,0.0,2560,19
-0.08583333333333337,-1.0300000000000005,12,0,distressed_assets,0.1741398423910141,0,0.2262,26,7,1736,0,0.0,2688,20
-0.05333333333333335,-0.6400000000000002,12,0,distressed_assets,0.021352681641777355,0,0.225,25,7,1736,0,0.0,2816,21
-0.07583333333333338,-0.9100000000000006,12,0,distressed_assets,0.10754373669624329,0,0.2239,24,7,1736,0,0.0,2944,22
-0.11583333333333341,-1.390000000000001,12,0,distressed_assets,0.04604746028780937,0,0.2228,26,7,1736,0,0.0,3072,23
-0.07000000000000002,-0.8400000000000003,12,0,distressed_assets,0.20948335031668344,0,0.2217,32,7,1736,0,0.0,3200,24
-0.05750000000000002,-0.6900000000000003,12,0,distressed_assets,0.05380309745669365,0,0.2206,22,7,1736,0,0.0,3328,25
-0.06750000000000003,-0.8100000000000004,12,0,distressed_assets,0.13169795274734497,0,0.2195,23,7,1736,0,0.0,3456,26
-0.07500000000000002,-0.9000000000000004,12,0,distressed_assets,0.05874723196029663,0,0.2184,37,7,1736,0,0.0,3584,27
-0.038333333333333344,-0.46000000000000013,12,0,distressed_assets,0.07414550334215164,0,0.2173,32,7,1736,0,0.0,3712,28
-0.08000000000000002,-0.9600000000000002,12,0,distressed_assets,0.03457544930279255,0,0.2162,28,7,1736,0,0.0,3840,29
-0.06500000000000002,-0.7800000000000002,12,0,distressed_assets,0.022431189194321632,0,0.2151,18,7,1736,0,0.0,3968,30
-0.06500000000000002,-0.7800000000000002,12,0,distressed_assets,0.07173110544681549,0,0.214,27,7,1736,0,0.0,4096,31
-0.06500000000000003,-0.7800000000000004,12,0,distressed_assets,0.03499641393621763,0,0.213,22,7,1736,0,0.0,4224,32
-0.049166666666666685,-0.5900000000000002,12,0,distressed_assets,0.1917729377746582,0,0.2119,29,7,1736,0,0.0,4352,33
2.6216666666666666,31.459999999999997,12,0,distressed_assets,4.576595465342204,1,0.2108,27,7,1736,1,0.08333333333333333,4480,34
-0.04666666666666669,-0.5600000000000003,12,0,distressed_assets,0.4806094268957774,0,0.2098,21,7,1736,0,0.0,4608,35
-0.11666666666666675,-1.400000000000001,12,0,distressed_assets,0.1916051059961319,0,0.2087,32,7,1736,0,0.0,4736,36
2.6024999999999987,31.229999999999986,12,0,distressed_assets,5.07411527633667,1,0.2077,23,7,1736,1,0.08333333333333333,4864,37
-0.1008333333333334,-1.2100000000000009,12,0,distressed_assets,0.17570633192857107,0,0.2066,31,7,1736,0,0.0,4992,38
-0.07583333333333336,-0.9100000000000004,12,0,distressed_assets,0.1689273864030838,0,0.2056,26,7,1736,0,0.0,5120,39
-0.11666666666666675,-1.400000000000001,12,0,distressed_assets,0.3479609787464142,0,0.2046,29,7,1736,0,0.0,5248,40
-0.07583333333333338,-0.9100000000000005,12,0,distressed_assets,0.13989640772342682,0,0.2036,27,7,1736,0,0.0,5376,41
-0.06250000000000001,-0.7500000000000002,12,0,distressed_assets,0.12084949513276418,0,0.2025,29,7,1736,0,0.0,5504,42
-0.08833333333333337,-1.0600000000000005,12,0,distressed_assets,0.08409098535776138,0,0.2015,24,7,1736,0,0.0,5632,43
-0.07916666666666672,-0.9500000000000006,12,0,distressed_assets,0.04711072395245234,0,0.2005,24,7,1736,0,0.0,5760,44
-0.09000000000000004,-1.0800000000000005,12,0,distressed_assets,0.07416636248429616,0,0.1995,16,7,1736,0,0.0,5888,45
-0.10000000000000005,-1.2000000000000006,12,0,distressed_assets,0.14002961417039236,0,0.1985,29,7,1736,0,0.0,6016,46
2.3861538461538463,31.02,13,0,distressed_assets,4.02121376991272,1,0.1975,34,7,1736,1,0.07692307692307693,6144,47
-0.1083333333333334,-1.300000000000001,12,0,distressed_assets,0.31177131334940594,0,0.1965,32,7,1736,0,0.0,6272,48
-0.059166666666666694,-0.7100000000000003,12,0,distressed_assets,0.1659496153394381,0,0.1956,20,7,1736,0,0.0,6400,49
-0.06250000000000003,-0.7500000000000003,12,0,distressed_assets,0.12876692662636438,0,0.1946,16,7,1736,0,0.0,6528,50
-0.06500000000000004,-0.7800000000000005,12,0,distressed_assets,0.07384055232008298,0,0.1936,15,7,1736,0,0.0,6656,51
-0.08500000000000003,-1.0200000000000005,12,0,distressed_assets,0.12427899738152821,0,0.1926,24,7,1736,0,0.0,6784,52
-0.07750000000000005,-0.9300000000000006,12,0,distressed_assets,0.09576866527398427,0,0.1917,31,7,1736,0,0.0,6912,53
-0.07083333333333337,-0.8500000000000005,12,0,distressed_assets,0.03399862411121527,0,0.1907,22,7,1736,0,0.0,7040,54
-0.08333333333333337,-1.0000000000000004,12,0,distressed_assets,0.1476828008890152,0,0.1898,29,7,1736,0,0.0,7168,55
-0.049166666666666685,-0.5900000000000002,12,0,distressed_assets,0.059407688677310944,0,0.1888,28,7,1736,0,0.0,7296,56
-0.07500000000000002,-0.9000000000000004,12,0,distressed_assets,0.024044647812843323,0,0.1879,19,7,1736,0,0.0,7424,57
-0.07000000000000003,-0.8400000000000004,12,0,distressed_assets,0.12361819048722585,0,0.1869,25,7,1736,0,0.0,7552,58
-0.058333333333333355,-0.7000000000000003,12,0,distressed_assets,0.05842928464214007,0,0.186,29,7,1736,0,0.0,7680,59
-0.05166666666666669,-0.6200000000000002,12,0,distressed_assets,0.07006994138161342,0,0.1851,23,7,1736,0,0.0,7808,60
-0.051666666666666694,-0.6200000000000003,12,0,distressed_assets,0.09047720581293106,0,0.1841,20,7,1736,0,0.0,7936,61
-0.05583333333333337,-0.6700000000000004,12,0,distressed_assets,0.054147848238547645,0,0.1832,20,7,1736,0,0.0,8064,62
-0.06000000000000002,-0.7200000000000002,12,0,distressed_assets,0.26634403069814044,0,0.1823,25,7,1736,0,0.0,8192,63
-0.06416666666666669,-0.7700000000000002,12,0,distressed_assets,0.22032771011193594,0,0.1814,24,7,1736,0,0.0,8320,64
-0.029166666666666674,-0.3500000000000001,12,0,distressed_assets,0.3684675395488739,0,0.1805,34,7,1736,0,0.0,8448,65
-0.05750000000000002,-0.6900000000000003,12,0,distressed_assets,0.13778874278068542,0,0.1796,21,7,1736,0,0.0,8576,66
-0.05666666666666668,-0.6800000000000002,12,0,distressed_assets,0.06069551035761833,0,0.1787,24,7,1736,0,0.0,8704,67
4.8769230769230765,63.39999999999999,13,0,distressed_assets,8.523049672444662,2,0.1778,18,7,1736,2,0.15384615384615385,8832,68
-0.05750000000000003,-0.6900000000000004,12,0,distressed_assets,0.2899979402621587,0,0.1769,23,7,1736,0,0.0,8960,69
-1.0333333333333334,-12.4,12,0,distressed_assets,0.7846030791600546,0,0.176,23,7,1736,0,0.0,9088,70
-0.06833333333333334,-0.8200000000000002,12,0,distressed_assets,0.24565137922763824,0,0.1751,18,7,1736,0,0.0,9216,71
-0.06833333333333337,-0.8200000000000005,12,0,distressed_assets,0.23875229557355246,0,0.1743,28,7,1736,0,0.0,9344,72
-0.050000000000000024,-0.6000000000000003,12,0,distressed_assets,0.158308615287145,0,0.1734,19,7,1736,0,0.0,9472,73
-0.03333333333333335,-0.40000000000000013,12,0,distressed_assets,0.1650853157043457,0,0.1725,18,7,1736,0,0.0,9600,74
-0.04666666666666667,-0.56,12,0,distressed_assets,0.13135995964209238,0,0.1717,30,7,1736,0,0.0,9728,75
-0.061666666666666696,-0.7400000000000003,12,0,distressed_assets,0.06433675686518352,0,0.1708,15,7,1736,0,0.0,9856,76
-0.06083333333333337,-0.7300000000000004,12,0,distressed_assets,0.05371150250236193,0,0.1699,21,7,1736,0,0.0,9984,77
-0.0666666666666667,-0.8000000000000004,12,0,distressed_assets,0.036020394414663315,0,0.1691,16,7,1736,0,0.0,10112,78
-0.08750000000000004,-1.0500000000000005,12,0,distressed_assets,0.10384846230347951,0,0.1683,25,7,1736,0,0.0,10240,79
2.3907692307692305,31.08,13,0,distressed_assets,4.333446343739827,1,0.1674,27,7,1736,1,0.07692307692307693,10368,80
-0.049166666666666685,-0.5900000000000002,12,0,distressed_assets,0.1972913295030594,0,0.1666,22,7,1736,0,0.0,10496,81
2.3915384615384596,31.089999999999975,13,0,distressed_assets,4.1628157297770185,1,0.1657,22,7,1736,1,0.07692307692307693,10624,82
-0.06416666666666669,-0.7700000000000004,12,0,distressed_assets,0.26773203412691754,0,0.1649,27,7,1736,0,0.0,10752,83
-0.0716666666666667,-0.8600000000000004,12,0,distressed_assets,0.14650991062323251,0,0.1641,12,7,1736,0,0.0,10880,84
2.391538461538461,31.089999999999993,13,0,distressed_assets,4.111687580744426,1,0.1633,18,7,1736,1,0.07692307692307693,11008,85
-0.08333333333333337,-1.0000000000000004,12,0,distressed_assets,0.22882220149040222,0,0.1625,28,7,1736,0,0.0,11136,86
-0.06750000000000003,-0.8100000000000004,12,0,distressed_assets,0.12744813909133276,0,0.1616,18,7,1736,0,0.0,11264,87
-0.052500000000000026,-0.6300000000000003,12,0,distressed_assets,0.1314705883463224,0,0.1608,24,7,1736,0,0.0,11392,88
4.879999999999999,63.43999999999999,13,0,distressed_assets,7.126505692799886,2,0.16,22,7,1736,2,0.15384615384615385,11520,89
-0.047500000000000014,-0.5700000000000002,12,0,distressed_assets,0.5196455220381418,0,0.1592,19,7,1736,0,0.0,11648,90
2.3938461538461535,31.119999999999994,13,0,distressed_assets,4.095737139383952,1,0.1584,26,7,1736,1,0.07692307692307693,11776,91
3.9569230769230774,51.440000000000005,13,0,distressed_assets,7.612826824188232,2,0.1576,24,7,1736,2,0.15384615384615385,11904,92
2.3999999999999995,31.199999999999992,13,0,distressed_assets,3.939051310221354,1,0.1569,20,7,1736,1,0.07692307692307693,12032,93
3.9438461538461524,51.26999999999998,13,0,distressed_assets,8.421476046244303,2,0.1561,20,7,1736,2,0.15384615384615385,12160,94
3.95,51.35,13,0,distressed_assets,8.722049077351889,2,0.1553,19,7,1736,2,0.15384615384615385,12288,95
4.836153846153845,62.86999999999998,13,0,distressed_assets,7.491281032562256,2,0.1545,22,7,1736,2,0.15384615384615385,12416,96
-1.0591666666666661,-12.709999999999994,12,0,distressed_assets,1.397722641626994,0,0.1537,20,7,1736,0,0.0,12544,97
7.323846153846152,95.20999999999998,13,0,distressed_assets,9.713543574015299,3,0.153,21,7,1736,3,0.23076923076923078,12672,98
2.606666666666665,31.27999999999998,12,0,distressed_assets,4.492411454518636,1,0.1522,12,7,1736,1,0.08333333333333333,12800,99
5.275384615384613,68.57999999999997,13,0,distressed_assets,12.461673736572266,3,0.25,32,8,1737,3,0.23076923076923078,128,0
14.133846153846157,183.74000000000004,13,0,distressed_assets,25.73983637491862,7,0.2487,30,8,1737,7,0.5384615384615384,256,1
19.384999999999994,271.38999999999993,14,0,distressed_assets,30.38921610514323,9,0.2475,34,8,1737,9,0.6428571428571429,384,2
22.52642857142857,315.37,14,0,distressed_assets,35.86528523763021,10,0.2463,28,8,1737,10,0.7142857142857143,512,3
28.975000000000005,463.6000000000001,16,0,distressed_assets,49.144387563069664,15,0.245,30,8,1737,15,0.9375,640,4
20.24599999999998,303.6899999999997,15,0,distressed_assets,34.6598154703776,10,0.2438,36,8,1737,10,0.6666666666666666,768,5
16.277857142857137,227.88999999999993,14,0,distressed_assets,30.114171346028645,8,0.2426,33,8,1737,8,0.5714285714285714,896,6
19.110714285714277,267.5499999999999,14,0,distressed_assets,33.05375289916992,10,0.2414,30,8,1737,10,0.7142857142857143,1024,7
13.673571428571424,191.42999999999995,14,0,distressed_assets,29.403202056884766,8,0.2402,25,8,1737,8,0.5714285714285714,1152,8
18.560000000000006,259.8400000000001,14,0,distressed_assets,28.71721903483073,9,0.239,31,8,1737,9,0.6428571428571429,1280,9
17.650714285714297,247.11000000000016,14,0,distressed_assets,35.530985514322914,9,0.2378,27,8,1737,9,0.6428571428571429,1408,10
19.45466666666668,291.82000000000016,15,0,distressed_assets,35.65193557739258,10,0.2366,25,8,1737,10,0.6666666666666666,1536,11
17.092857142857156,239.30000000000018,14,0,distressed_assets,30.206488291422527,8,0.2354,35,8,1737,8,0.5714285714285714,1664,12
22.361333333333324,335.41999999999985,15,0,distressed_assets,38.212904612223305,11,0.2342,37,8,1737,11,0.7333333333333333,1792,13
21.02066666666666,315.3099999999999,15,0,distressed_assets,33.83819071451823,10,0.2331,35,8,1737,10,0.6666666666666666,1920,14
13.598571428571427,190.37999999999997,14,0,distressed_assets,33.2582155863444,8,0.2319,33,8,1737,8,0.5714285714285714,2048,15
22.398000000000017,335.97000000000025,15,0,distressed_assets,38.75590387980143,11,0.2307,24,8,1737,11,0.7333333333333333,2176,16
23.19333333333334,347.9000000000001,15,0,distressed_assets,37.337118784586586,11,0.2296,39,8,1737,11,0.7333333333333333,2304,17
31.764999999999976,508.2399999999996,16,0,distressed_assets,54.716810862223305,16,0.2284,23,8,1737,16,1.0,2432,18
23.229333333333322,348.4399999999998,15,0,distressed_assets,38.50713857014974,11,0.2273,23,8,1737,11,0.7333333333333333,2560,19
20.31066666666667,304.66,15,0,distressed_assets,35.35247929890951,10,0.2262,27,8,1737,10,0.6666666666666666,2688,20
18.617142857142845,260.6399999999998,14,0,distressed_assets,33.75400161743164,9,0.225,24,8,1737,9,0.6428571428571429,2816,21
20.358571428571423,285.0199999999999,14,0,distressed_assets,31.774210611979168,9,0.2239,38,8,1737,9,0.6428571428571429,2944,22
23.196666666666676,347.95000000000016,15,0,distressed_assets,37.40332794189453,11,0.2228,35,8,1737,11,0.7333333333333333,3072,23
27.466666666666676,412.0000000000001,15,0,distressed_assets,44.09718449910482,13,0.2217,31,8,1737,13,0.8666666666666667,3200,24
19.52533333333332,292.8799999999998,15,0,distressed_assets,33.16230392456055,10,0.2206,25,8,1737,10,0.6666666666666666,3328,25
16.36714285714284,229.1399999999998,14,0,distressed_assets,28.761763254801433,8,0.2195,27,8,1737,8,0.5714285714285714,3456,26
29.89764705882352,508.2599999999998,17,0,distressed_assets,51.53327560424805,16,0.2184,22,8,1737,16,0.9411764705882353,3584,27
25.87666666666667,388.15000000000003,15,0,distressed_assets,45.653995513916016,13,0.2173,25,8,1737,13,0.8666666666666667,3712,28
21.123333333333335,316.85,15,0,distressed_assets,33.6938845316569,10,0.2162,18,8,1737,10,0.6666666666666666,3840,29
27.8,444.8,16,0,distressed_assets,47.107583363850914,14,0.2151,26,8,1737,14,0.875,3968,30
23.78000000000001,356.7000000000001,15,0,distressed_assets,37.93964385986328,12,0.214,33,8,1737,12,0.8,4096,31
24.531333333333354,367.9700000000003,15,0,distressed_assets,41.22799555460612,12,0.213,36,8,1737,12,0.8,4224,32
20.332666666666665,304.98999999999995,15,0,distressed_assets,34.43136723836263,10,0.2119,26,8,1737,10,0.6666666666666666,4352,33
29.606666666666683,444.10000000000025,15,0,distressed_assets,49.225756327311196,14,0.2108,26,8,1737,14,0.9333333333333333,4480,34
24.91357142857145,348.7900000000003,14,0,distressed_assets,38.94968287150065,11,0.2098,25,8,1737,11,0.7857142857142857,4608,35
21.571250000000028,345.14000000000044,16,0,distressed_assets,41.20867156982422,12,0.2087,27,8,1737,12,0.75,4736,36
20.302,304.53,15,0,distressed_assets,35.1799685160319,10,0.2077,27,8,1737,10,0.6666666666666666,4864,37
27.05812500000001,432.9300000000002,16,0,distressed_assets,46.212484995524086,14,0.2066,18,8,1737,14,0.875,4992,38
26.681333333333345,400.2200000000002,15,0,distressed_assets,42.88974253336588,13,0.2056,27,8,1737,13,0.8666666666666667,5120,39
20.00733333333333,300.10999999999996,15,0,distressed_assets,38.43108876546224,11,0.2046,32,8,1737,11,0.7333333333333333,5248,40
22.43266666666668,336.4900000000002,15,0,distressed_assets,39.04293696085612,11,0.2036,30,8,1737,11,0.7333333333333333,5376,41
27.762499999999996,444.19999999999993,16,0,distressed_assets,46.88014475504557,14,0.2025,26,8,1737,14,0.875,5504,42
25.035625000000003,400.57000000000005,16,0,distressed_assets,41.7045783996582,13,0.2015,21,8,1737,13,0.8125,5632,43
31.765882352941194,540.0200000000003,17,0,distressed_assets,56.805712381998696,17,0.2005,22,8,1737,17,1.0,5760,44
24.532000000000007,367.98000000000013,15,0,distressed_assets,43.01411819458008,12,0.1995,25,8,1737,12,0.8,5888,45
25.450000000000006,432.6500000000001,17,0,distressed_assets,46.29547373453776,14,0.1985,32,8,1737,14,0.8235294117647058,6016,46
26.26687499999999,420.26999999999987,16,0,distressed_assets,41.76846567789713,14,0.1975,26,8,1737,14,0.875,6144,47
25.880666666666652,388.2099999999998,15,0,distressed_assets,43.97592290242513,13,0.1965,25,8,1737,13,0.8666666666666667,6272,48
29.534666666666663,443.0199999999999,15,0,distressed_assets,49.151055653889976,14,0.1956,16,8,1737,14,0.9333333333333333,6400,49
27.724374999999988,443.5899999999998,16,0,distressed_assets,47.10953267415365,14,0.1946,26,8,1737,14,0.875,6528,50
25.321333333333328,379.81999999999994,15,0,distressed_assets,40.33278020222982,12,0.1936,31,8,1737,12,0.8,6656,51
28.021176470588227,476.35999999999984,17,0,distressed_assets,48.228468577067055,15,0.1926,16,8,1737,15,0.8823529411764706,6784,52
23.291333333333327,349.3699999999999,15,0,distressed_assets,37.62927500406901,11,0.1917,27,8,1737,11,0.7333333333333333,6912,53
21.50937499999998,344.1499999999997,16,0,distressed_assets,39.46426773071289,12,0.1907,27,8,1737,12,0.75,7040,54
22.81823529411763,387.90999999999974,17,0,distressed_assets,42.900811513264976,13,0.1898,28,8,1737,13,0.7647058823529411,7168,55
24.972500000000014,399.56000000000023,16,0,distressed_assets,44.00624338785807,13,0.1888,25,8,1737,13,0.8125,7296,56
24.25062499999998,388.0099999999997,16,0,distressed_assets,45.06169637044271,13,0.1879,33,8,1737,13,0.8125,7424,57
21.568,323.52000000000004,15,0,distressed_assets,36.624446868896484,11,0.1869,29,8,1737,11,0.7333333333333333,7552,58
26.951874999999976,431.2299999999996,16,0,distressed_assets,46.060370127360024,14,0.186,21,8,1737,14,0.875,7680,59
19.504666666666648,292.5699999999997,15,0,distressed_assets,32.41555913289388,10,0.1851,21,8,1737,10,0.6666666666666666,7808,60
20.263999999999992,303.95999999999987,15,0,distressed_assets,33.783948262532554,10,0.1841,28,8,1737,10,0.6666666666666666,7936,61
23.72933333333332,355.93999999999977,15,0,distressed_assets,40.414405822753906,12,0.1832,27,8,1737,12,0.8,8064,62
21.505625000000002,344.09000000000003,16,0,distressed_assets,35.77275848388672,12,0.1823,19,8,1737,12,0.75,8192,63
25.735624999999974,411.7699999999996,16,0,distressed_assets,43.3008181254069,13,0.1814,22,8,1737,13,0.8125,8320,64
27.478666666666644,412.17999999999967,15,0,distressed_assets,43.819634755452476,13,0.1805,21,8,1737,13,0.8666666666666667,8448,65
26.218749999999982,419.4999999999997,16,0,distressed_assets,47.34389623006185,14,0.1796,21,8,1737,14,0.875,8576,66
28.956874999999986,463.3099999999998,16,0,distressed_assets,52.50476328531901,15,0.1787,25,8,1737,15,0.9375,8704,67
23.69999999999999,355.49999999999983,15,0,distressed_assets,41.6550407409668,12,0.1778,25,8,1737,12,0.8,8832,68
20.30999999999999,304.64999999999986,15,0,distressed_assets,35.23218790690104,10,0.1769,26,8,1737,10,0.6666666666666666,8960,69
24.515999999999988,367.73999999999984,15,0,distressed_assets,41.767258961995445,12,0.176,17,8,1737,12,0.8,9088,70
27.72124999999998,443.5399999999997,16,0,distressed_assets,47.53432973225912,14,0.1751,22,8,1737,14,0.875,9216,71
23.958571428571407,335.4199999999997,14,0,distressed_assets,40.265238444010414,11,0.1743,25,8,1737,11,0.7857142857142857,9344,72
29.55066666666663,443.2599999999994,15,0,distressed_assets,48.09759394327799,14,0.1734,19,8,1737,14,0.9333333333333333,9472,73
29.725624999999972,475.60999999999956,16,0,distressed_assets,50.94117991129557,15,0.1725,19,8,1737,15,0.9375,9600,74
25.713749999999973,411.41999999999956,16,0,distressed_assets,43.04034550984701,13,0.1717,22,8,1737,13,0.8125,9728,75
23.695333333333306,355.4299999999996,15,0,distressed_assets,43.0708376566569,12,0.1708,24,8,1737,12,0.8,9856,76
27.71374999999997,443.4199999999995,16,0,distressed_assets,46.73114776611328,14,0.1699,21,8,1737,14,0.875,9984,77
29.562666666666637,443.43999999999954,15,0,distressed_assets,48.77037684122721,14,0.1691,25,8,1737,14,0.9333333333333333,10112,78
31.718749999999982,507.4999999999997,16,0,distressed_assets,54.4832394917806,16,0.1683,21,8,1737,16,1.0,10240,79
28.80666666666666,432.0999999999999,15,0,distressed_assets,46.41387176513672,14,0.1674,21,8,1737,14,0.9333333333333333,10368,80
30.984374999999986,495.7499999999998,16,0,distressed_assets,53.460042317708336,16,0.1666,19,8,1737,16,1.0,10496,81
27.756249999999984,444.09999999999974,16,0,distressed_assets,46.468613942464195,14,0.1657,22,8,1737,14,0.875,10624,82
27.5126666666667,412.6900000000005,15,0,distressed_assets,45.15414174397787,13,0.1649,32,8,1737,13,0.8666666666666667,10752,83
29.930588235294156,508.8200000000007,17,0,distressed_assets,53.339043935139976,16,0.1641,18,8,1737,16,0.9411764705882353,10880,84
23.248666666666683,348.73000000000025,15,0,distressed_assets,36.781959533691406,11,0.1633,17,8,1737,11,0.7333333333333333,11008,85
29.89882352941178,508.28000000000026,17,0,distressed_assets,53.23838806152344,16,0.1625,16,8,1737,16,0.9411764705882353,11136,86
29.707499999999982,475.3199999999997,16,0,distressed_assets,51.16902542114258,15,0.1616,19,8,1737,15,0.9375,11264,87
28.98562499999997,463.7699999999995,16,0,distressed_assets,51.192830403645836,15,0.1608,20,8,1737,15,0.9375,11392,88
27.731250000000003,443.70000000000005,16,0,distressed_assets,47.821451822916664,14,0.16,29,8,1737,14,0.875,11520,89
29.64400000000004,444.6600000000006,15,0,distressed_assets,49.47874959309896,14,0.1592,19,8,1737,14,0.9333333333333333,11648,90
29.788125000000022,476.61000000000035,16,0,distressed_assets,51.05983098347982,15,0.1584,15,8,1737,15,0.9375,11776,91
27.487333333333332,412.31,15,0,distressed_assets,44.65700658162435,13,0.1576,29,8,1737,13,0.8666666666666667,11904,92
27.807500000000054,444.92000000000087,16,0,distressed_assets,46.959275563557945,14,0.1569,19,8,1737,14,0.875,12032,93
27.786875000000016,444.59000000000026,16,0,distressed_assets,47.654930114746094,14,0.1561,19,8,1737,14,0.875,12160,94
29.778749999999995,476.4599999999999,16,0,distressed_assets,51.79955927530924,15,0.1553,16,8,1737,15,0.9375,12288,95
29.813125000000053,477.01000000000084,16,0,distressed_assets,50.40304438273112,15,0.1545,20,8,1737,15,0.9375,12416,96
27.815625000000033,445.0500000000005,16,0,distressed_assets,47.22509002685547,14,0.1537,15,8,1737,14,0.875,12544,97
29.778750000000016,476.46000000000026,16,0,distressed_assets,50.39741770426432,15,0.153,21,8,1737,15,0.9375,12672,98
29.831875000000053,477.31000000000085,16,0,distressed_assets,51.15264383951823,15,0.1522,20,8,1737,15,0.9375,12800,99
-0.02,-0.24000000000000002,12,0,distressed_assets,0.6315604050954183,0,0.25,32,9,1738,0,0.0,128,0
1.5725,18.87,12,0,distressed_assets,5.459975083669026,1,0.2487,36,9,1738,1,0.08333333333333333,256,1
1.6033333333333328,19.239999999999995,12,0,distressed_assets,2.4900565147399902,1,0.2475,37,9,1738,1,0.08333333333333333,384,2
1.6041666666666663,19.249999999999996,12,0,distressed_assets,5.451551755269368,1,0.2463,18,9,1738,1,0.08333333333333333,512,3
6.381538461538459,82.95999999999997,13,0,distressed_assets,11.114243507385254,3,0.245,30,9,1738,3,0.23076923076923078,640,4
0.6199999999999998,7.439999999999997,12,0,distressed_assets,5.883709112803142,1,0.2438,32,9,1738,1,0.08333333333333333,768,5
4.833846153846154,62.84,13,0,distressed_assets,6.728225390116374,2,0.2426,27,9,1738,2,0.15384615384615385,896,6
2.0630769230769226,26.819999999999993,13,0,distressed_assets,6.642597198486328,2,0.2414,34,9,1738,2,0.15384615384615385,1024,7
13.924999999999999,194.95,14,0,distressed_assets,23.904218037923176,8,0.2402,38,9,1738,8,0.5714285714285714,1152,8
6.963846153846154,90.53,13,0,distressed_assets,14.405399640401205,4,0.239,28,9,1738,4,0.3076923076923077,1280,9
19.642142857142865,274.9900000000001,14,0,distressed_assets,31.933808008829754,9,0.2378,30,9,1738,9,0.6428571428571429,1408,10
13.349285714285712,186.88999999999996,14,0,distressed_assets,26.16230583190918,7,0.2366,38,9,1738,7,0.5,1536,11
17.333571428571425,242.66999999999996,14,0,distressed_assets,29.150304158528645,8,0.2354,29,9,1738,8,0.5714285714285714,1664,12
18.13928571428572,253.95000000000007,14,0,distressed_assets,28.227407455444336,8,0.2342,32,9,1738,8,0.5714285714285714,1792,13
16.07357142857143,225.03,14,0,distressed_assets,30.79104741414388,9,0.2331,27,9,1738,9,0.6428571428571429,1920,14
19.11133333333334,286.67000000000013,15,0,distressed_assets,30.660594304402668,9,0.2319,32,9,1738,9,0.6,2048,15
21.613333333333333,324.2,15,0,distressed_assets,34.77807744344076,11,0.2307,28,9,1738,11,0.7333333333333333,2176,16
27.118125000000003,433.89000000000004,16,0,distressed_assets,44.77871449788412,14,0.2296,23,9,1738,14,0.875,2304,17
17.512666666666682,262.6900000000002,15,0,distressed_assets,29.795993169148762,9,0.2284,32,9,1738,9,0.6,2432,18
26.840000000000018,402.60000000000025,15,0,distressed_assets,43.56979624430338,13,0.2273,26,9,1738,13,0.8666666666666667,2560,19
20.405625000000015,326.49000000000024,16,0,distressed_assets,35.98569361368815,11,0.2262,33,9,1738,11,0.6875,2688,20
22.295294117647067,379.02000000000015,17,0,distressed_assets,42.4342892964681,13,0.225,27,9,1738,13,0.7647058823529411,2816,21
29.036842105263165,551.7000000000002,19,0,distressed_assets,53.95732498168945,18,0.2239,29,9,1738,18,0.9473684210526315,2944,22
24.60631578947369,467.5200000000001,19,0,distressed_assets,43.960550944010414,15,0.2228,27,9,1738,15,0.7894736842105263,3072,23
27.080000000000005,541.6000000000001,20,0,distressed_assets,47.04717127482096,17,0.2217,28,9,1738,17,0.85,3200,24
25.95200000000002,519.0400000000004,20,0,distressed_assets,48.574275970458984,17,0.2206,21,9,1738,17,0.85,3328,25
25.60157894736843,486.4300000000002,19,0,distressed_assets,48.09282938639323,16,0.2195,21,9,1738,16,0.8421052631578947,3456,26
30.076666666666668,541.38,18,0,distressed_assets,52.31544876098633,17,0.2184,25,9,1738,17,0.9444444444444444,3584,27
23.53764705882355,400.1400000000003,17,0,distressed_assets,40.363277435302734,13,0.2173,26,9,1738,13,0.7647058823529411,3712,28
31.067058823529404,528.1399999999999,17,0,distressed_assets,53.21808878580729,17,0.2162,29,9,1738,17,1.0,3840,29
24.488421052631594,465.28000000000026,19,0,distressed_assets,43.85750071207682,15,0.2151,21,9,1738,15,0.7894736842105263,3968,30
28.855238095238125,605.9600000000006,21,0,distressed_assets,53.39441172281901,19,0.214,23,9,1738,19,0.9047619047619048,4096,31
26.774761904761924,562.2700000000004,21,0,distressed_assets,50.09392801920573,18,0.213,25,9,1738,18,0.8571428571428571,4224,32
27.752857142857156,582.8100000000003,21,0,distressed_assets,53.791463216145836,19,0.2119,23,9,1738,19,0.9047619047619048,4352,33
25.948500000000006,518.9700000000001,20,0,distressed_assets,48.9065055847168,17,0.2108,35,9,1738,17,0.85,4480,34
27.56954545454547,606.5300000000003,22,0,distressed_assets,49.77559153238932,19,0.2098,23,9,1738,19,0.8636363636363636,4608,35
25.646315789473693,487.2800000000002,19,0,distressed_assets,47.95643615722656,16,0.2087,29,9,1738,16,0.8421052631578947,4736,36
29.716000000000008,594.3200000000002,20,0,distressed_assets,56.00578689575195,19,0.2077,25,9,1738,19,0.95,4864,37
30.155263157894762,572.9500000000005,19,0,distressed_assets,54.3315315246582,18,0.2066,37,9,1738,18,0.9473684210526315,4992,38
26.277894736842107,499.28000000000003,19,0,distressed_assets,45.01271947224935,16,0.2056,23,9,1738,16,0.8421052631578947,5120,39
27.348571428571443,574.3200000000003,21,0,distressed_assets,48.5283317565918,18,0.2046,25,9,1738,18,0.8571428571428571,5248,40
29.818095238095243,626.1800000000001,21,0,distressed_assets,57.369703928629555,20,0.2036,25,9,1738,20,0.9523809523809523,5376,41
27.245263157894758,517.6600000000004,19,0,distressed_assets,51.2501589457194,17,0.2025,28,9,1738,17,0.8947368421052632,5504,42
28.221666666666653,507.9899999999998,18,0,distressed_assets,49.260641733805336,16,0.2015,23,9,1738,16,0.8888888888888888,5632,43
25.846111111111092,465.2299999999997,18,0,distressed_assets,45.40017064412435,15,0.2005,33,9,1738,15,0.8333333333333334,5760,44
28.50227272727274,627.0500000000003,22,0,distressed_assets,54.8941396077474,20,0.1995,25,9,1738,20,0.9090909090909091,5888,45
27.541500000000024,550.8300000000005,20,0,distressed_assets,53.0038808186849,18,0.1985,22,9,1738,18,0.9,6016,46
30.557826086956535,702.8300000000003,23,0,distressed_assets,58.45158004760742,22,0.1975,26,9,1738,22,0.9565217391304348,6144,47
27.056363636363653,595.2400000000004,22,0,distressed_assets,47.53506088256836,19,0.1965,29,9,1738,19,0.8636363636363636,6272,48
27.313529411764698,464.32999999999987,17,0,distressed_assets,48.045572916666664,15,0.1956,27,9,1738,15,0.8823529411764706,6400,49
31.11111111111113,560.0000000000003,18,0,distressed_assets,54.047559102376304,18,0.1946,23,9,1738,18,1.0,6528,50
30.434545454545482,669.5600000000006,22,0,distressed_assets,57.97347513834635,21,0.1936,23,9,1738,21,0.9545454545454546,6656,51
26.798095238095236,562.76,21,0,distressed_assets,49.61294682820638,18,0.1926,21,9,1738,18,0.8571428571428571,6784,52
27.178571428571445,570.7500000000003,21,0,distressed_assets,51.8075917561849,19,0.1917,23,9,1738,19,0.9047619047619048,6912,53
23.144000000000013,462.8800000000003,20,0,distressed_assets,47.86484018961588,16,0.1907,24,9,1738,16,0.8,7040,54
26.509090909090915,583.2000000000002,22,0,distressed_assets,52.034698486328125,19,0.1898,29,9,1738,19,0.8636363636363636,7168,55
26.44454545454547,581.7800000000003,22,0,distressed_assets,50.37398147583008,19,0.1888,18,9,1738,19,0.8636363636363636,7296,56
29.629500000000036,592.5900000000007,20,0,distressed_assets,56.465127309163414,19,0.1879,28,9,1738,19,0.95,7424,57
28.445909090909097,625.8100000000002,22,0,distressed_assets,54.424888610839844,20,0.1869,20,9,1738,20,0.9090909090909091,7552,58
25.97950000000001,519.5900000000001,20,0,distressed_assets,47.777695973714195,17,0.186,28,9,1738,17,0.85,7680,59
30.373,607.46,20,0,distressed_assets,56.19340133666992,19,0.1851,32,9,1738,19,0.95,7808,60
29.80857142857142,625.9799999999998,21,0,distressed_assets,56.045389811197914,20,0.1841,27,9,1738,20,0.9523809523809523,7936,61
28.68750000000001,573.7500000000002,20,0,distressed_assets,50.318372090657554,18,0.1832,26,9,1738,18,0.9,8064,62
28.1235,562.47,20,0,distressed_assets,50.992496490478516,18,0.1823,25,9,1738,18,0.9,8192,63
26.58571428571431,558.3000000000005,21,0,distressed_assets,49.94270324707031,19,0.1814,27,9,1738,19,0.9047619047619048,8320,64
31.967619047619056,671.3200000000002,21,0,distressed_assets,61.05573272705078,21,0.1805,21,9,1738,21,1.0,8448,65
30.334285714285762,637.020000000001,21,0,distressed_assets,55.18591817220052,20,0.1796,21,9,1738,20,0.9523809523809523,8576,66
28.93619047619048,607.6600000000001,21,0,distressed_assets,52.14864985148112,19,0.1787,19,9,1738,19,0.9047619047619048,8704,67
26.923684210526314,511.54999999999995,19,0,distressed_assets,45.727185567220054,16,0.1778,27,9,1738,16,0.8421052631578947,8832,68
28.919523809523806,607.31,21,0,distressed_assets,51.61298370361328,19,0.1769,19,9,1738,19,0.9047619047619048,8960,69
31.467500000000015,755.2200000000004,24,0,distressed_assets,61.55583063761393,24,0.176,22,9,1738,24,1.0,9088,70
28.77550000000001,575.5100000000002,20,0,distressed_assets,51.71829096476237,18,0.1751,31,9,1738,18,0.9,9216,71
28.614736842105277,543.6800000000003,19,0,distressed_assets,49.78274917602539,17,0.1743,21,9,1738,17,0.8947368421052632,9344,72
31.96863636363638,703.3100000000004,22,0,distressed_assets,60.97670873006185,22,0.1734,27,9,1738,22,1.0,9472,73
31.975200000000015,799.3800000000003,25,0,distressed_assets,64.92422993977864,25,0.1725,21,9,1738,25,1.0,9600,74
30.46666666666667,639.8000000000001,21,0,distressed_assets,55.36383565266927,20,0.1717,21,9,1738,20,0.9523809523809523,9728,75
31.956086956521755,734.9900000000004,23,0,distressed_assets,61.282850901285805,23,0.1708,30,9,1738,23,1.0,9856,76
30.120416666666685,722.8900000000004,24,0,distressed_assets,60.256265004475914,23,0.1699,24,9,1738,23,0.9583333333333334,9984,77
31.99538461538462,831.8800000000001,26,0,distressed_assets,65.1636454264323,26,0.1691,15,9,1738,26,1.0,10112,78
29.203043478260874,671.6700000000001,23,0,distressed_assets,53.942511240641274,21,0.1683,27,9,1738,21,0.9130434782608695,10240,79
31.98080000000001,799.5200000000002,25,0,distressed_assets,65.13833363850911,25,0.1674,21,9,1738,25,1.0,10368,80
29.313333333333343,703.5200000000002,24,0,distressed_assets,54.561082204182945,22,0.1666,18,9,1738,22,0.9166666666666666,10496,81
30.698400000000007,767.4600000000002,25,0,distressed_assets,60.24246724446615,24,0.1657,23,9,1738,24,0.96,10624,82
31.952692307692317,830.7700000000002,26,0,distressed_assets,64.6455307006836,26,0.1649,21,9,1738,26,1.0,10752,83
29.322083333333335,703.73,24,0,distressed_assets,55.824014027913414,22,0.1641,17,9,1738,22,0.9166666666666666,10880,84
30.650416666666683,735.6100000000004,24,0,distressed_assets,60.01312383015951,23,0.1633,22,9,1738,23,0.9583333333333334,11008,85
28.940952380952385,607.7600000000001,21,0,distressed_assets,51.722277323404946,19,0.1625,19,9,1738,19,0.9047619047619048,11136,86
30.599130434782616,703.7800000000002,23,0,distressed_assets,57.07338841756185,22,0.1616,20,9,1738,22,0.9565217391304348,11264,87
30.650000000000006,735.6000000000001,24,0,distressed_assets,58.7882334391276,23,0.1608,19,9,1738,23,0.9583333333333334,11392,88
31.99370370370371,863.8300000000002,27,0,distressed_assets,66.70162455240886,27,0.16,23,9,1738,27,1.0,11520,89
31.912173913043503,733.9800000000006,23,0,distressed_assets,62.50782140096029,23,0.1592,23,9,1738,23,1.0,11648,90
31.823809523809555,668.3000000000006,21,0,distressed_assets,61.16625467936198,21,0.1584,13,9,1738,21,1.0,11776,91
31.957692307692337,830.9000000000008,26,0,distressed_assets,64.64640299479167,26,0.1576,21,9,1738,26,1.0,11904,92
30.694400000000016,767.3600000000004,25,0,distressed_assets,61.15819803873698,24,0.1569,24,9,1738,24,0.96,12032,93
30.369500000000006,607.3900000000001,20,0,distressed_assets,55.68992614746094,19,0.1561,23,9,1738,19,0.95,12160,94
26.305789473684214,499.81000000000006,19,0,distressed_assets,44.936388651529946,16,0.1553,20,9,1738,16,0.8421052631578947,12288,95
27.071363636363643,595.5700000000002,22,0,distressed_assets,51.45690409342448,19,0.1545,16,9,1738,19,0.8636363636363636,12416,96
31.989200000000004,799.7300000000001,25,0,distressed_assets,65.50002034505208,25,0.1537,21,9,1738,25,1.0,12544,97
27.966363636363635,615.26,22,0,distressed_assets,55.45866394042969,20,0.153,19,9,1738,20,0.9090909090909091,12672,98
31.99076923076924,831.7600000000002,26,0,distressed_assets,65.92698415120442,26,0.1522,15,9,1738,26,1.0,12800,99
