avg_reward_per_episode,cumulative_reward,episode_count,invalid_count,loophole,loss,positive_reward_count,random_action_prob,random_exploration_count,run,seed,success_count,success_rate,total_steps,update
-72.53333333333318,-870.3999999999982,12,128,distressed_assets,105.53103637695312,0,0.25,39,0,1729,0,0.0,128,0
-72.44999999999985,-869.3999999999982,12,127,distressed_assets,105.14121500651042,0,0.2487,28,0,1729,0,0.0,256,1
-72.28833333333317,-867.4599999999981,12,125,distressed_assets,104.84488169352214,0,0.2475,29,0,1729,0,0.0,384,2
-72.53333333333318,-870.3999999999982,12,128,distressed_assets,105.22999827067058,0,0.2463,25,0,1729,0,0.0,512,3
-72.36666666666652,-868.3999999999982,12,126,distressed_assets,104.52581532796223,0,0.245,31,0,1729,0,0.0,640,4
-71.54333333333318,-858.5199999999982,12,116,distressed_assets,102.34087626139323,0,0.2438,25,0,1729,0,0.0,768,5
-70.70916666666652,-848.5099999999983,12,106,distressed_assets,99.84401957194011,0,0.2426,27,0,1729,0,0.0,896,6
-70.78583333333319,-849.4299999999982,12,107,distressed_assets,99.69302876790364,0,0.2414,37,0,1729,0,0.0,1024,7
-70.7158333333332,-848.5899999999983,12,106,distressed_assets,100.45515441894531,0,0.2402,30,0,1729,0,0.0,1152,8
-71.53416666666652,-858.4099999999983,12,116,distressed_assets,101.51524861653645,0,0.239,28,0,1729,0,0.0,1280,9
-70.4658333333332,-845.5899999999983,12,103,distressed_assets,99.22739664713542,0,0.2378,33,0,1729,0,0.0,1408,10
-69.91249999999991,-838.9499999999989,12,96,distressed_assets,97.38254038492839,0,0.2366,37,0,1729,0,0.0,1536,11
-69.69499999999988,-836.3399999999986,12,93,distressed_assets,97.48814392089844,0,0.2354,30,0,1729,0,0.0,1664,12
-69.42499999999994,-833.0999999999992,12,90,distressed_assets,96.5864969889323,0,0.2342,15,0,1729,0,0.0,1792,13
-69.30333333333321,-831.6399999999986,12,89,distressed_assets,96.17015838623047,0,0.2331,30,0,1729,0,0.0,1920,14
-70.29749999999984,-843.5699999999981,12,101,distressed_assets,99.2238998413086,0,0.2319,37,0,1729,0,0.0,2048,15
-69.65499999999992,-835.859999999999,12,93,distressed_assets,98.10836029052734,0,0.2307,31,0,1729,0,0.0,2176,16
-70.23333333333318,-842.7999999999981,12,100,distressed_assets,98.92792002360027,0,0.2296,28,0,1729,0,0.0,2304,17
-70.2249999999999,-842.6999999999988,12,100,distressed_assets,97.6825688680013,0,0.2284,33,0,1729,0,0.0,2432,18
-69.90583333333319,-838.8699999999983,12,96,distressed_assets,96.89276885986328,0,0.2273,28,0,1729,0,0.0,2560,19
-70.29416666666651,-843.5299999999982,12,101,distressed_assets,99.47247314453125,0,0.2262,34,0,1729,0,0.0,2688,20
-69.88166666666656,-838.5799999999988,12,96,distressed_assets,97.3935317993164,0,0.225,27,0,1729,0,0.0,2816,21
-71.55083333333319,-858.6099999999982,12,116,distressed_assets,102.14452362060547,0,0.2239,29,0,1729,0,0.0,2944,22
-69.10916666666661,-829.3099999999993,12,86,distressed_assets,96.11599731445312,0,0.2228,21,0,1729,0,0.0,3072,23
-70.2566666666665,-843.0799999999981,12,100,distressed_assets,97.99374643961589,0,0.2217,29,0,1729,0,0.0,3200,24
-72.12416666666653,-865.4899999999983,12,123,distressed_assets,103.6974868774414,0,0.2206,24,0,1729,0,0.0,3328,25
-71.87583333333318,-862.5099999999982,12,120,distressed_assets,103.18341064453125,0,0.2195,32,0,1729,0,0.0,3456,26
-72.29833333333319,-867.5799999999982,12,125,distressed_assets,104.39147694905598,0,0.2184,26,0,1729,0,0.0,3584,27
-72.36666666666652,-868.3999999999982,12,126,distressed_assets,104.59125264485677,0,0.2173,25,0,1729,0,0.0,3712,28
-72.53333333333318,-870.3999999999982,12,128,distressed_assets,105.1714859008789,0,0.2162,17,0,1729,0,0.0,3840,29
-72.36666666666652,-868.3999999999982,12,126,distressed_assets,104.65902201334636,0,0.2151,27,0,1729,0,0.0,3968,30
-72.36666666666652,-868.3999999999982,12,126,distressed_assets,104.52062225341797,0,0.214,20,0,1729,0,0.0,4096,31
-72.28416666666651,-867.4099999999981,12,125,distressed_assets,104.48152414957683,0,0.213,30,0,1729,0,0.0,4224,32
-72.44999999999985,-869.3999999999982,12,127,distressed_assets,105.0058822631836,0,0.2119,29,0,1729,0,0.0,4352,33
-72.53333333333318,-870.3999999999982,12,128,distressed_assets,105.21836598714192,0,0.2108,29,0,1729,0,0.0,4480,34
-71.94999999999986,-863.3999999999983,12,121,distressed_assets,103.34493001302083,0,0.2098,28,0,1729,0,0.0,4608,35
-72.36666666666652,-868.3999999999982,12,126,distressed_assets,104.49063364664714,0,0.2087,30,0,1729,0,0.0,4736,36
-72.36666666666652,-868.3999999999982,12,126,distressed_assets,104.68764750162761,0,0.2077,28,0,1729,0,0.0,4864,37
-72.44999999999985,-869.3999999999982,12,127,distressed_assets,105.06585439046223,0,0.2066,33,0,1729,0,0.0,4992,38
-72.53333333333318,-870.3999999999982,12,128,distressed_assets,105.11952718098958,0,0.2056,19,0,1729,0,0.0,5120,39
-71.94999999999986,-863.3999999999983,12,121,distressed_assets,103.34595235188802,0,0.2046,26,0,1729,0,0.0,5248,40
-72.53333333333318,-870.3999999999982,12,128,distressed_assets,105.16936747233073,0,0.2036,29,0,1729,0,0.0,5376,41
-72.36666666666652,-868.3999999999982,12,126,distressed_assets,105.43872324625652,0,0.2025,33,0,1729,0,0.0,5504,42
-72.44999999999985,-869.3999999999982,12,127,distressed_assets,105.11597696940105,0,0.2015,26,0,1729,0,0.0,5632,43
-72.12916666666656,-865.5499999999988,12,123,distressed_assets,104.15631612141927,0,0.2005,28,0,1729,0,0.0,5760,44
-72.44999999999985,-869.3999999999982,12,127,distressed_assets,105.16180928548177,0,0.1995,23,0,1729,0,0.0,5888,45
-72.44999999999985,-869.3999999999982,12,127,distressed_assets,104.84631601969402,0,0.1985,23,0,1729,0,0.0,6016,46
-72.44999999999985,-869.3999999999982,12,127,distressed_assets,105.00278727213542,0,0.1975,24,0,1729,0,0.0,6144,47
-72.44999999999985,-869.3999999999982,12,127,distressed_assets,105.08204396565755,0,0.1965,24,0,1729,0,0.0,6272,48
-72.28583333333319,-867.4299999999982,12,125,distressed_assets,104.33094278971355,0,0.1956,34,0,1729,0,0.0,6400,49
-72.36666666666652,-868.3999999999982,12,126,distressed_assets,104.71150207519531,0,0.1946,29,0,1729,0,0.0,6528,50
-72.36666666666652,-868.3999999999982,12,126,distressed_assets,104.84230041503906,0,0.1936,27,0,1729,0,0.0,6656,51
-72.44999999999985,-869.3999999999982,12,127,distressed_assets,104.88160705566406,0,0.1926,33,0,1729,0,0.0,6784,52
-72.12083333333318,-865.4499999999982,12,123,distressed_assets,103.91571807861328,0,0.1917,29,0,1729,0,0.0,6912,53
-72.11666666666652,-865.3999999999982,12,123,distressed_assets,103.85954284667969,0,0.1907,24,0,1729,0,0.0,7040,54
-72.44999999999985,-869.3999999999982,12,127,distressed_assets,104.8649673461914,0,0.1898,26,0,1729,0,0.0,7168,55
-72.04583333333318,-864.5499999999981,12,122,distressed_assets,104.15872192382812,0,0.1888,26,0,1729,0,0.0,7296,56
-72.36666666666652,-868.3999999999982,12,126,distressed_assets,104.70743560791016,0,0.1879,25,0,1729,0,0.0,7424,57
-72.53333333333318,-870.3999999999982,12,128,distressed_assets,105.18990834554036,0,0.1869,21,0,1729,0,0.0,7552,58
-72.29333333333321,-867.5199999999985,12,125,distressed_assets,104.55183919270833,0,0.186,23,0,1729,0,0.0,7680,59
-72.03666666666652,-864.4399999999982,12,122,distressed_assets,103.35616811116536,0,0.1851,36,0,1729,0,0.0,7808,60
-72.28333333333318,-867.3999999999982,12,125,distressed_assets,104.29136912027995,0,0.1841,35,0,1729,0,0.0,7936,61
-72.44999999999985,-869.3999999999982,12,127,distressed_assets,105.09031168619792,0,0.1832,27,0,1729,0,0.0,8064,62
-72.44999999999985,-869.3999999999982,12,127,distressed_assets,104.90004221598308,0,0.1823,19,0,1729,0,0.0,8192,63
-72.53333333333318,-870.3999999999982,12,128,distressed_assets,105.19361368815105,0,0.1814,25,0,1729,0,0.0,8320,64
-72.53333333333318,-870.3999999999982,12,128,distressed_assets,105.17310587565105,0,0.1805,18,0,1729,0,0.0,8448,65
-72.53333333333318,-870.3999999999982,12,128,distressed_assets,105.86599985758464,0,0.1796,31,0,1729,0,0.0,8576,66
-72.20749999999987,-866.4899999999984,12,124,distressed_assets,104.19559987386067,0,0.1787,22,0,1729,0,0.0,8704,67
-72.36666666666652,-868.3999999999982,12,126,distressed_assets,104.53514353434245,0,0.1778,26,0,1729,0,0.0,8832,68
-72.36666666666652,-868.3999999999982,12,126,distressed_assets,104.53980255126953,0,0.1769,16,0,1729,0,0.0,8960,69
-72.36666666666652,-868.3999999999982,12,126,distressed_assets,104.7957051595052,0,0.176,25,0,1729,0,0.0,9088,70
-72.44999999999985,-869.3999999999982,12,127,distressed_assets,104.90424092610677,0,0.1751,23,0,1729,0,0.0,9216,71
-72.53333333333318,-870.3999999999982,12,128,distressed_assets,105.20741271972656,0,0.1743,18,0,1729,0,0.0,9344,72
-72.53333333333318,-870.3999999999982,12,128,distressed_assets,105.12972513834636,0,0.1734,18,0,1729,0,0.0,9472,73
-72.53333333333318,-870.3999999999982,12,128,distressed_assets,105.19319661458333,0,0.1725,19,0,1729,0,0.0,9600,74
-72.53333333333318,-870.3999999999982,12,128,distressed_assets,105.17337799072266,0,0.1717,18,0,1729,0,0.0,9728,75
-72.44999999999985,-869.3999999999982,12,127,distressed_assets,104.96478271484375,0,0.1708,21,0,1729,0,0.0,9856,76
-72.44999999999985,-869.3999999999982,12,127,distressed_assets,104.90802510579427,0,0.1699,17,0,1729,0,0.0,9984,77
-72.44999999999985,-869.3999999999982,12,127,distressed_assets,104.86074829101562,0,0.1691,16,0,1729,0,0.0,10112,78
-72.53333333333318,-870.3999999999982,12,128,distressed_assets,105.18843078613281,0,0.1683,23,0,1729,0,0.0,10240,79
-72.36666666666652,-868.3999999999982,12,126,distressed_assets,104.62148539225261,0,0.1674,16,0,1729,0,0.0,10368,80
-72.53333333333318,-870.3999999999982,12,128,distressed_assets,105.14830271402995,0,0.1666,17,0,1729,0,0.0,10496,81
-72.44999999999985,-869.3999999999982,12,127,distressed_assets,104.82470448811848,0,0.1657,21,0,1729,0,0.0,10624,82
-72.36666666666652,-868.3999999999982,12,126,distressed_assets,104.61582946777344,0,0.1649,18,0,1729,0,0.0,10752,83
-72.44999999999985,-869.3999999999982,12,127,distressed_assets,104.85636647542317,0,0.1641,17,0,1729,0,0.0,10880,84
-72.44999999999985,-869.3999999999982,12,127,distressed_assets,105.04160054524739,0,0.1633,15,0,1729,0,0.0,11008,85
-72.44999999999985,-869.3999999999982,12,127,distressed_assets,105.08484141031902,0,0.1625,22,0,1729,0,0.0,11136,86
-72.36666666666652,-868.3999999999982,12,126,distressed_assets,104.8488032023112,0,0.1616,26,0,1729,0,0.0,11264,87
-72.36666666666652,-868.3999999999982,12,126,distressed_assets,104.78590138753255,0,0.1608,16,0,1729,0,0.0,11392,88
-72.36666666666652,-868.3999999999982,12,126,distressed_assets,104.6824467976888,0,0.16,16,0,1729,0,0.0,11520,89
-72.36666666666652,-868.3999999999982,12,126,distressed_assets,105.12729136149089,0,0.1592,20,0,1729,0,0.0,11648,90
-72.03666666666652,-864.4399999999982,12,122,distressed_assets,103.54937235514323,0,0.1584,25,0,1729,0,0.0,11776,91
-72.36666666666652,-868.3999999999982,12,126,distressed_assets,104.71370951334636,0,0.1576,23,0,1729,0,0.0,11904,92
-72.53333333333318,-870.3999999999982,12,128,distressed_assets,105.13794199625652,0,0.1569,14,0,1729,0,0.0,12032,93
-72.28333333333318,-867.3999999999982,12,125,distressed_assets,104.40906270345052,0,0.1561,22,0,1729,0,0.0,12160,94
-72.36666666666652,-868.3999999999982,12,126,distressed_assets,104.6915791829427,0,0.1553,16,0,1729,0,0.0,12288,95
-72.53333333333318,-870.3999999999982,12,128,distressed_assets,105.22986348470052,0,0.1545,24,0,1729,0,0.0,12416,96
-72.28333333333318,-867.3999999999982,12,125,distressed_assets,104.73120625813802,0,0.1537,18,0,1729,0,0.0,12544,97
-72.53333333333318,-870.3999999999982,12,128,distressed_assets,105.25827026367188,0,0.153,24,0,1729,0,0.0,12672,98
-72.44999999999985,-869.3999999999982,12,127,distressed_assets,104.907470703125,0,0.1522,15,0,1729,0,0.0,12800,99
-72.36666666666652,-868.3999999999982,12,126,distressed_assets,104.81687418619792,0,0.25,42,1,1730,0,0.0,128,0
-71.61749999999985,-859.4099999999983,12,117,distressed_assets,102.5132344563802,0,0.2487,29,1,1730,0,0.0,256,1
-71.22416666666652,-854.6899999999982,12,112,distressed_assets,101.66408030192058,0,0.2475,35,1,1730,0,0.0,384,2
-72.36666666666652,-868.3999999999982,12,126,distressed_assets,104.56875864664714,0,0.2463,31,1,1730,0,0.0,512,3
-72.44999999999985,-869.3999999999982,12,127,distressed_assets,105.161376953125,0,0.245,28,1,1730,0,0.0,640,4
-72.36666666666652,-868.3999999999982,12,126,distressed_assets,104.51151021321614,0,0.2438,28,1,1730,0,0.0,768,5
-72.53333333333318,-870.3999999999982,12,128,distressed_assets,105.19113667805989,0,0.2426,29,1,1730,0,0.0,896,6
-72.03416666666651,-864.4099999999981,12,122,distressed_assets,103.49483744303386,0,0.2414,28,1,1730,0,0.0,1024,7
-72.36666666666652,-868.3999999999982,12,126,distressed_assets,104.57614390055339,0,0.2402,35,1,1730,0,0.0,1152,8
-72.36666666666652,-868.3999999999982,12,126,distressed_assets,104.58024342854817,0,0.239,33,1,1730,0,0.0,1280,9
-71.7983333333332,-861.5799999999984,12,119,distressed_assets,102.91418711344402,0,0.2378,30,1,1730,0,0.0,1408,10
-71.4658333333332,-857.5899999999983,12,115,distressed_assets,101.45243072509766,0,0.2366,24,1,1730,0,0.0,1536,11
-72.36666666666652,-868.3999999999982,12,126,distressed_assets,104.78538258870442,0,0.2354,29,1,1730,0,0.0,1664,12
-71.95499999999986,-863.4599999999982,12,121,distressed_assets,103.14065551757812,0,0.2342,29,1,1730,0,0.0,1792,13
-72.44999999999985,-869.3999999999982,12,127,distressed_assets,105.48653157552083,0,0.2331,40,1,1730,0,0.0,1920,14
-71.31166666666657,-855.7399999999989,12,113,distressed_assets,101.08993530273438,0,0.2319,25,1,1730,0,0.0,2048,15
-71.46333333333321,-857.5599999999986,12,115,distressed_assets,101.78032938639323,0,0.2307,33,1,1730,0,0.0,2176,16
-70.89166666666658,-850.699999999999,12,108,distressed_assets,100.17406209309895,0,0.2296,25,1,1730,0,0.0,2304,17
-69.29583333333329,-831.5499999999995,12,88,distressed_assets,95.91331227620442,0,0.2284,31,1,1730,0,0.0,2432,18
-68.75999999999992,-825.119999999999,12,81,distressed_assets,94.0852279663086,0,0.2273,29,1,1730,0,0.0,2560,19
-67.61166666666666,-811.3399999999999,12,67,distressed_assets,91.93616485595703,0,0.2262,29,1,1730,0,0.0,2688,20
-68.80333333333324,-825.6399999999988,12,82,distressed_assets,93.59107716878255,0,0.225,34,1,1730,0,0.0,2816,21
-68.00416666666668,-816.0500000000002,12,72,distressed_assets,91.9349365234375,0,0.2239,24,1,1730,0,0.0,2944,22
-71.22583333333326,-854.709999999999,12,112,distressed_assets,100.9481938680013,0,0.2228,30,1,1730,0,0.0,3072,23
-69.04999999999995,-828.5999999999995,12,85,distressed_assets,96.03913879394531,0,0.2217,27,1,1730,0,0.0,3200,24
-69.05416666666662,-828.6499999999994,12,85,distressed_assets,95.02399444580078,0,0.2206,39,1,1730,0,0.0,3328,25
-68.14,-817.6800000000001,12,73,distressed_assets,94.2116928100586,0,0.2195,33,1,1730,0,0.0,3456,26
-68.30583333333335,-819.6700000000003,12,75,distressed_assets,94.45191192626953,0,0.2184,19,1,1730,0,0.0,3584,27
-68.10833333333339,-817.3000000000008,12,72,distressed_assets,95.09755198160808,0,0.2173,26,1,1730,0,0.0,3712,28
-68.06583333333334,-816.7900000000002,12,72,distressed_assets,92.78544362386067,0,0.2162,37,1,1730,0,0.0,3840,29
-68.34999999999992,-820.199999999999,12,76,distressed_assets,93.26943715413411,0,0.2151,25,1,1730,0,0.0,3968,30
-68.075,-816.9000000000001,12,72,distressed_assets,93.96655782063802,0,0.214,31,1,1730,0,0.0,4096,31
-68.69666666666667,-824.36,12,80,distressed_assets,94.72232055664062,0,0.213,28,1,1730,0,0.0,4224,32
-68.73500000000003,-824.8200000000004,12,80,distressed_assets,96.6601791381836,0,0.2119,28,1,1730,0,0.0,4352,33
-68.36583333333338,-820.3900000000007,12,75,distressed_assets,96.08043416341145,0,0.2108,24,1,1730,0,0.0,4480,34
-68.19500000000006,-818.3400000000007,12,73,distressed_assets,95.4407246907552,0,0.2098,31,1,1730,0,0.0,4608,35
-68.47166666666672,-821.6600000000007,12,77,distressed_assets,95.1376953125,0,0.2087,22,1,1730,0,0.0,4736,36
-68.52916666666668,-822.3500000000003,12,78,distressed_assets,94.0549825032552,0,0.2077,31,1,1730,0,0.0,4864,37
-69.5541666666666,-834.6499999999992,12,91,distressed_assets,97.34287516276042,0,0.2066,38,1,1730,0,0.0,4992,38
-69.0833333333333,-828.9999999999995,12,85,distressed_assets,94.79142252604167,0,0.2056,24,1,1730,0,0.0,5120,39
-68.25333333333337,-819.0400000000005,12,74,distressed_assets,94.71251932779948,0,0.2046,29,1,1730,0,0.0,5248,40
-67.96666666666667,-815.6,12,71,distressed_assets,92.44591522216797,0,0.2036,26,1,1730,0,0.0,5376,41
-70.17583333333322,-842.1099999999986,12,99,distressed_assets,98.45960998535156,0,0.2025,29,1,1730,0,0.0,5504,42
-69.25000000000001,-831.0000000000002,12,87,distressed_assets,95.13904571533203,0,0.2015,29,1,1730,0,0.0,5632,43
-68.69333333333333,-824.3199999999999,12,80,distressed_assets,95.15546417236328,0,0.2005,26,1,1730,0,0.0,5760,44
-68.04333333333334,-816.5200000000001,12,72,distressed_assets,92.52921803792317,0,0.1995,24,1,1730,0,0.0,5888,45
-68.23916666666662,-818.8699999999994,12,74,distressed_assets,94.26788330078125,0,0.1985,32,1,1730,0,0.0,6016,46
-68.3166666666667,-819.8000000000005,12,75,distressed_assets,94.19032033284505,0,0.1975,21,1,1730,0,0.0,6144,47
-68.35583333333338,-820.2700000000006,12,75,distressed_assets,95.95224507649739,0,0.1965,34,1,1730,0,0.0,6272,48
-68.12916666666668,-817.5500000000001,12,73,distressed_assets,92.5666020711263,0,0.1956,25,1,1730,0,0.0,6400,49
-68.19666666666662,-818.3599999999993,12,74,distressed_assets,93.56755828857422,0,0.1946,25,1,1730,0,0.0,6528,50
-68.57499999999989,-822.8999999999987,12,79,distressed_assets,93.42056783040364,0,0.1936,19,1,1730,0,0.0,6656,51
-69.31499999999987,-831.7799999999985,12,88,distressed_assets,96.34423319498698,0,0.1926,25,1,1730,0,0.0,6784,52
-68.56083333333332,-822.7299999999998,12,78,distressed_assets,95.39136250813802,0,0.1917,23,1,1730,0,0.0,6912,53
-68.10999999999997,-817.3199999999997,12,73,distressed_assets,92.44755045572917,0,0.1907,23,1,1730,0,0.0,7040,54
-68.26333333333322,-819.1599999999986,12,75,distressed_assets,92.68679300944011,0,0.1898,20,1,1730,0,0.0,7168,55
-68.26833333333335,-819.2200000000001,12,75,distressed_assets,93.63745371500652,0,0.1888,21,1,1730,0,0.0,7296,56
-67.46000000000002,-809.5200000000003,12,65,distressed_assets,91.94203440348308,0,0.1879,24,1,1730,0,0.0,7424,57
-67.70250000000003,-812.4300000000003,12,68,distressed_assets,92.17536926269531,0,0.1869,30,1,1730,0,0.0,7552,58
-68.77249999999991,-825.2699999999988,12,81,distressed_assets,95.72930908203125,0,0.186,25,1,1730,0,0.0,7680,59
-69.85999999999989,-838.3199999999986,12,95,distressed_assets,97.19176228841145,0,0.1851,31,1,1730,0,0.0,7808,60
-69.67333333333319,-836.0799999999983,12,93,distressed_assets,95.77429453531902,0,0.1841,26,1,1730,0,0.0,7936,61
-68.39249999999998,-820.7099999999998,12,77,distressed_assets,91.78307342529297,0,0.1832,21,1,1730,0,0.0,8064,62
-68.10499999999998,-817.2599999999998,12,73,distressed_assets,92.13716634114583,0,0.1823,25,1,1730,0,0.0,8192,63
-68.05583333333333,-816.67,12,72,distressed_assets,93.14880116780598,0,0.1814,21,1,1730,0,0.0,8320,64
-67.82916666666672,-813.9500000000006,12,69,distressed_assets,94.08266194661458,0,0.1805,27,1,1730,0,0.0,8448,65
-68.11083333333337,-817.3300000000005,12,72,distressed_assets,95.39233144124348,0,0.1796,21,1,1730,0,0.0,8576,66
-68.2566666666667,-819.0800000000004,12,74,distressed_assets,95.49362436930339,0,0.1787,25,1,1730,0,0.0,8704,67
-68.73166666666668,-824.7800000000002,12,80,distressed_assets,96.02243041992188,0,0.1778,20,1,1730,0,0.0,8832,68
-68.32249999999996,-819.8699999999995,12,75,distressed_assets,95.04507700602214,0,0.1769,14,1,1730,0,0.0,8960,69
-68.73833333333334,-824.8600000000001,12,80,distressed_assets,96.39354451497395,0,0.176,20,1,1730,0,0.0,9088,70
-69.13416666666673,-829.6100000000008,12,85,distressed_assets,97.42932637532552,0,0.1751,24,1,1730,0,0.0,9216,71
-68.27833333333336,-819.3400000000004,12,74,distressed_assets,95.39205169677734,0,0.1743,23,1,1730,0,0.0,9344,72
-68.30250000000007,-819.6300000000008,12,75,distressed_assets,94.79528299967448,0,0.1734,26,1,1730,0,0.0,9472,73
-68.50083333333342,-822.010000000001,12,77,distressed_assets,96.53621673583984,0,0.1725,21,1,1730,0,0.0,9600,74
-68.79666666666668,-825.5600000000002,12,81,distressed_assets,95.3312250773112,0,0.1717,24,1,1730,0,0.0,9728,75
-68.75916666666662,-825.1099999999994,12,80,distressed_assets,96.66656239827473,0,0.1708,22,1,1730,0,0.0,9856,76
-68.34833333333334,-820.1800000000001,12,75,distressed_assets,95.43306477864583,0,0.1699,20,1,1730,0,0.0,9984,77
-68.73416666666675,-824.8100000000011,12,80,distressed_assets,96.43387095133464,0,0.1691,25,1,1730,0,0.0,10112,78
-68.28916666666669,-819.4700000000003,12,75,distressed_assets,94.11950174967448,0,0.1683,27,1,1730,0,0.0,10240,79
-68.15000000000002,-817.8000000000003,12,73,distressed_assets,94.18184916178386,0,0.1674,20,1,1730,0,0.0,10368,80
-67.99250000000002,-815.9100000000002,12,71,distressed_assets,93.53817749023438,0,0.1666,26,1,1730,0,0.0,10496,81
-68.81749999999992,-825.809999999999,12,82,distressed_assets,94.46869150797527,0,0.1657,26,1,1730,0,0.0,10624,82
-68.65416666666667,-823.85,12,79,distressed_assets,95.35268910725911,0,0.1649,21,1,1730,0,0.0,10752,83
-68.52916666666673,-822.3500000000007,12,78,distressed_assets,94.39544677734375,0,0.1641,18,1,1730,0,0.0,10880,84
-68.44499999999998,-821.3399999999997,12,77,distressed_assets,93.71560923258464,0,0.1633,24,1,1730,0,0.0,11008,85
-67.89833333333333,-814.78,12,70,distressed_assets,93.36311594645183,0,0.1625,23,1,1730,0,0.0,11136,86
-67.7008333333333,-812.4099999999997,12,68,distressed_assets,91.65007019042969,0,0.1616,20,1,1730,0,0.0,11264,87
-68.54999999999997,-822.5999999999997,12,78,distressed_assets,94.79633331298828,0,0.1608,18,1,1730,0,0.0,11392,88
-68.43999999999998,-821.2799999999999,12,76,distressed_assets,95.52201080322266,0,0.16,21,1,1730,0,0.0,11520,89
-68.34083333333338,-820.0900000000005,12,75,distressed_assets,95.53173828125,0,0.1592,20,1,1730,0,0.0,11648,90
-68.39750000000011,-820.7700000000012,12,75,distressed_assets,96.53666687011719,0,0.1584,23,1,1730,0,0.0,11776,91
-68.31083333333338,-819.7300000000005,12,75,distressed_assets,94.24810791015625,0,0.1576,20,1,1730,0,0.0,11904,92
-68.33500000000005,-820.0200000000006,12,75,distressed_assets,94.30208587646484,0,0.1569,15,1,1730,0,0.0,12032,93
-68.3483333333334,-820.1800000000007,12,75,distressed_assets,95.16448974609375,0,0.1561,24,1,1730,0,0.0,12160,94
-68.43500000000006,-821.2200000000007,12,76,distressed_assets,95.83371480305989,0,0.1553,22,1,1730,0,0.0,12288,95
-68.40583333333335,-820.8700000000002,12,76,distressed_assets,94.10823313395183,0,0.1545,13,1,1730,0,0.0,12416,96
-68.65666666666672,-823.8800000000007,12,79,distressed_assets,95.50757598876953,0,0.1537,21,1,1730,0,0.0,12544,97
-68.48416666666665,-821.8099999999998,12,77,distressed_assets,95.01942443847656,0,0.153,22,1,1730,0,0.0,12672,98
-68.74416666666663,-824.9299999999996,12,80,distressed_assets,96.46090698242188,0,0.1522,21,1,1730,0,0.0,12800,99
-72.36666666666652,-868.3999999999982,12,126,distressed_assets,108.03816731770833,0,0.25,24,2,1731,0,0.0,128,0
-72.12499999999984,-865.4999999999981,12,123,distressed_assets,104.0986811319987,0,0.2487,32,2,1731,0,0.0,256,1
-72.44999999999985,-869.3999999999982,12,127,distressed_assets,105.03709665934245,0,0.2475,27,2,1731,0,0.0,384,2
-72.28333333333318,-867.3999999999982,12,125,distressed_assets,104.30195617675781,0,0.2463,34,2,1731,0,0.0,512,3
-72.28333333333318,-867.3999999999982,12,125,distressed_assets,104.32586669921875,0,0.245,42,2,1731,0,0.0,640,4
-71.6308333333332,-859.5699999999983,12,117,distressed_assets,102.3197021484375,0,0.2438,37,2,1731,0,0.0,768,5
-72.44999999999985,-869.3999999999982,12,127,distressed_assets,105.02114613850911,0,0.2426,37,2,1731,0,0.0,896,6
-72.44999999999985,-869.3999999999982,12,127,distressed_assets,104.96751403808594,0,0.2414,30,2,1731,0,0.0,1024,7
-72.36666666666652,-868.3999999999982,12,126,distressed_assets,104.62913258870442,0,0.2402,29,2,1731,0,0.0,1152,8
-72.11916666666652,-865.4299999999982,12,123,distressed_assets,104.01204427083333,0,0.239,35,2,1731,0,0.0,1280,9
-72.53333333333318,-870.3999999999982,12,128,distressed_assets,105.15575154622395,0,0.2378,36,2,1731,0,0.0,1408,10
-72.44999999999985,-869.3999999999982,12,127,distressed_assets,104.85548400878906,0,0.2366,22,2,1731,0,0.0,1536,11
-72.53333333333318,-870.3999999999982,12,128,distressed_assets,105.21860249837239,0,0.2354,25,2,1731,0,0.0,1664,12
-72.36666666666652,-868.3999999999982,12,126,distressed_assets,104.67248026529948,0,0.2342,27,2,1731,0,0.0,1792,13
-72.19999999999985,-866.3999999999982,12,124,distressed_assets,104.36502329508464,0,0.2331,38,2,1731,0,0.0,1920,14
-72.44999999999985,-869.3999999999982,12,127,distressed_assets,105.21131896972656,0,0.2319,28,2,1731,0,0.0,2048,15
-72.53333333333318,-870.3999999999982,12,128,distressed_assets,105.19093322753906,0,0.2307,24,2,1731,0,0.0,2176,16
-72.28583333333319,-867.4299999999982,12,125,distressed_assets,104.51021830240886,0,0.2296,32,2,1731,0,0.0,2304,17
-72.44999999999985,-869.3999999999982,12,127,distressed_assets,104.95892333984375,0,0.2284,29,2,1731,0,0.0,2432,18
-72.36666666666652,-868.3999999999982,12,126,distressed_assets,104.53821055094402,0,0.2273,30,2,1731,0,0.0,2560,19
-72.44999999999985,-869.3999999999982,12,127,distressed_assets,104.8790766398112,0,0.2262,25,2,1731,0,0.0,2688,20
-72.44999999999985,-869.3999999999982,12,127,distressed_assets,105.35060373942058,0,0.225,28,2,1731,0,0.0,2816,21
-72.03749999999984,-864.4499999999981,12,122,distressed_assets,103.70108032226562,0,0.2239,32,2,1731,0,0.0,2944,22
-72.44999999999985,-869.3999999999982,12,127,distressed_assets,104.99313354492188,0,0.2228,31,2,1731,0,0.0,3072,23
-72.53333333333318,-870.3999999999982,12,128,distressed_assets,105.19634246826172,0,0.2217,32,2,1731,0,0.0,3200,24
-72.44999999999985,-869.3999999999982,12,127,distressed_assets,105.31193288167317,0,0.2206,27,2,1731,0,0.0,3328,25
-72.36666666666652,-868.3999999999982,12,126,distressed_assets,104.73489634195964,0,0.2195,29,2,1731,0,0.0,3456,26
-72.53333333333318,-870.3999999999982,12,128,distressed_assets,105.21419525146484,0,0.2184,40,2,1731,0,0.0,3584,27
-72.53333333333318,-870.3999999999982,12,128,distressed_assets,105.18209838867188,0,0.2173,23,2,1731,0,0.0,3712,28
-72.28333333333318,-867.3999999999982,12,125,distressed_assets,104.52648671468098,0,0.2162,28,2,1731,0,0.0,3840,29
-72.53333333333318,-870.3999999999982,12,128,distressed_assets,105.20499928792317,0,0.2151,25,2,1731,0,0.0,3968,30
-72.36666666666652,-868.3999999999982,12,126,distressed_assets,104.65988413492839,0,0.214,33,2,1731,0,0.0,4096,31
-72.53333333333318,-870.3999999999982,12,128,distressed_assets,105.16213989257812,0,0.213,16,2,1731,0,0.0,4224,32
-72.44999999999985,-869.3999999999982,12,127,distressed_assets,105.09171040852864,0,0.2119,22,2,1731,0,0.0,4352,33
-72.44999999999985,-869.3999999999982,12,127,distressed_assets,104.99703725179036,0,0.2108,32,2,1731,0,0.0,4480,34
-72.36666666666652,-868.3999999999982,12,126,distressed_assets,104.486328125,0,0.2098,27,2,1731,0,0.0,4608,35
-72.44999999999985,-869.3999999999982,12,127,distressed_assets,104.86932373046875,0,0.2087,28,2,1731,0,0.0,4736,36
-72.53333333333318,-870.3999999999982,12,128,distressed_assets,105.40321095784505,0,0.2077,32,2,1731,0,0.0,4864,37
-72.44999999999985,-869.3999999999982,12,127,distressed_assets,105.05677541097005,0,0.2066,26,2,1731,0,0.0,4992,38
-72.44999999999985,-869.3999999999982,12,127,distressed_assets,104.82557423909505,0,0.2056,28,2,1731,0,0.0,5120,39
-72.28333333333318,-867.3999999999982,12,125,distressed_assets,104.41469319661458,0,0.2046,23,2,1731,0,0.0,5248,40
-72.28333333333318,-867.3999999999982,12,125,distressed_assets,104.3395258585612,0,0.2036,21,2,1731,0,0.0,5376,41
-72.28333333333318,-867.3999999999982,12,125,distressed_assets,104.30081431070964,0,0.2025,22,2,1731,0,0.0,5504,42
-72.36666666666652,-868.3999999999982,12,126,distressed_assets,104.76088205973308,0,0.2015,30,2,1731,0,0.0,5632,43
-72.36666666666652,-868.3999999999982,12,126,distressed_assets,104.96722157796223,0,0.2005,24,2,1731,0,0.0,5760,44
-72.28749999999984,-867.4499999999981,12,125,distressed_assets,104.26746877034505,0,0.1995,26,2,1731,0,0.0,5888,45
-72.19999999999985,-866.3999999999982,12,124,distressed_assets,103.88127136230469,0,0.1985,22,2,1731,0,0.0,6016,46
-72.36666666666652,-868.3999999999982,12,126,distressed_assets,104.52063242594402,0,0.1975,16,2,1731,0,0.0,6144,47
-72.44999999999985,-869.3999999999982,12,127,distressed_assets,104.95154062906902,0,0.1965,30,2,1731,0,0.0,6272,48
-72.53333333333318,-870.3999999999982,12,128,distressed_assets,105.16502380371094,0,0.1956,26,2,1731,0,0.0,6400,49
-72.11916666666652,-865.4299999999982,12,123,distressed_assets,104.21593221028645,0,0.1946,26,2,1731,0,0.0,6528,50
-72.11666666666652,-865.3999999999982,12,123,distressed_assets,104.55027262369792,0,0.1936,27,2,1731,0,0.0,6656,51
-72.36666666666652,-868.3999999999982,12,126,distressed_assets,104.5534439086914,0,0.1926,17,2,1731,0,0.0,6784,52
-72.53333333333318,-870.3999999999982,12,128,distressed_assets,105.16282145182292,0,0.1917,25,2,1731,0,0.0,6912,53
-72.53333333333318,-870.3999999999982,12,128,distressed_assets,105.20660654703777,0,0.1907,33,2,1731,0,0.0,7040,54
-72.53333333333318,-870.3999999999982,12,128,distressed_assets,105.24182383219402,0,0.1898,23,2,1731,0,0.0,7168,55
-72.21916666666654,-866.6299999999985,12,124,distressed_assets,104.37249501546223,0,0.1888,33,2,1731,0,0.0,7296,56
-72.36666666666652,-868.3999999999982,12,126,distressed_assets,104.84950764973958,0,0.1879,27,2,1731,0,0.0,7424,57
-72.28333333333318,-867.3999999999982,12,125,distressed_assets,104.34400431315105,0,0.1869,18,2,1731,0,0.0,7552,58
-72.44999999999985,-869.3999999999982,12,127,distressed_assets,104.92866770426433,0,0.186,15,2,1731,0,0.0,7680,59
-72.28333333333318,-867.3999999999982,12,125,distressed_assets,104.80823771158855,0,0.1851,23,2,1731,0,0.0,7808,60
-72.44999999999985,-869.3999999999982,12,127,distressed_assets,104.85021209716797,0,0.1841,24,2,1731,0,0.0,7936,61
-72.44999999999985,-869.3999999999982,12,127,distressed_assets,104.9710464477539,0,0.1832,27,2,1731,0,0.0,8064,62
-72.44999999999985,-869.3999999999982,12,127,distressed_assets,104.84382629394531,0,0.1823,15,2,1731,0,0.0,8192,63
-72.36916666666652,-868.4299999999982,12,126,distressed_assets,104.77412668863933,0,0.1814,34,2,1731,0,0.0,8320,64
-72.44999999999985,-869.3999999999982,12,127,distressed_assets,104.85702514648438,0,0.1805,20,2,1731,0,0.0,8448,65
-72.36666666666652,-868.3999999999982,12,126,distressed_assets,104.60995483398438,0,0.1796,23,2,1731,0,0.0,8576,66
-72.44999999999985,-869.3999999999982,12,127,distressed_assets,104.98707834879558,0,0.1787,24,2,1731,0,0.0,8704,67
-72.28333333333318,-867.3999999999982,12,125,distressed_assets,104.63919830322266,0,0.1778,19,2,1731,0,0.0,8832,68
-72.11666666666652,-865.3999999999982,12,123,distressed_assets,104.20101928710938,0,0.1769,27,2,1731,0,0.0,8960,69
-72.36666666666652,-868.3999999999982,12,126,distressed_assets,104.61344655354817,0,0.176,20,2,1731,0,0.0,9088,70
-72.44999999999985,-869.3999999999982,12,127,distressed_assets,104.9178466796875,0,0.1751,17,2,1731,0,0.0,9216,71
-72.53333333333318,-870.3999999999982,12,128,distressed_assets,105.18442281087239,0,0.1743,22,2,1731,0,0.0,9344,72
-72.36666666666652,-868.3999999999982,12,126,distressed_assets,104.59771728515625,0,0.1734,27,2,1731,0,0.0,9472,73
-72.44999999999985,-869.3999999999982,12,127,distressed_assets,104.81902313232422,0,0.1725,23,2,1731,0,0.0,9600,74
-72.53333333333318,-870.3999999999982,12,128,distressed_assets,106.09060160319011,0,0.1717,20,2,1731,0,0.0,9728,75
-72.53333333333318,-870.3999999999982,12,128,distressed_assets,105.14898173014323,0,0.1708,13,2,1731,0,0.0,9856,76
-72.36666666666652,-868.3999999999982,12,126,distressed_assets,104.64480336507161,0,0.1699,30,2,1731,0,0.0,9984,77
-72.53333333333318,-870.3999999999982,12,128,distressed_assets,105.14982350667317,0,0.1691,15,2,1731,0,0.0,10112,78
-72.30583333333318,-867.6699999999983,12,125,distressed_assets,105.23191579182942,0,0.1683,20,2,1731,0,0.0,10240,79
-72.28333333333318,-867.3999999999982,12,125,distressed_assets,104.47838083902995,0,0.1674,32,2,1731,0,0.0,10368,80
-72.44999999999985,-869.3999999999982,12,127,distressed_assets,104.8463643391927,0,0.1666,18,2,1731,0,0.0,10496,81
-72.53333333333318,-870.3999999999982,12,128,distressed_assets,105.13817087809245,0,0.1657,25,2,1731,0,0.0,10624,82
-72.44999999999985,-869.3999999999982,12,127,distressed_assets,105.09779357910156,0,0.1649,15,2,1731,0,0.0,10752,83
-72.36666666666652,-868.3999999999982,12,126,distressed_assets,104.75375874837239,0,0.1641,18,2,1731,0,0.0,10880,84
-72.36666666666652,-868.3999999999982,12,126,distressed_assets,104.74027252197266,0,0.1633,17,2,1731,0,0.0,11008,85
-72.44999999999985,-869.3999999999982,12,127,distressed_assets,105.11002858479817,0,0.1625,21,2,1731,0,0.0,11136,86
-72.53333333333318,-870.3999999999982,12,128,distressed_assets,105.1450424194336,0,0.1616,25,2,1731,0,0.0,11264,87
-72.2908333333332,-867.4899999999984,12,125,distressed_assets,104.49505615234375,0,0.1608,29,2,1731,0,0.0,11392,88
-72.44999999999985,-869.3999999999982,12,127,distressed_assets,104.89821879069011,0,0.16,22,2,1731,0,0.0,11520,89
-72.44999999999985,-869.3999999999982,12,127,distressed_assets,104.84678904215495,0,0.1592,13,2,1731,0,0.0,11648,90
-72.53333333333318,-870.3999999999982,12,128,distressed_assets,105.16980234781902,0,0.1584,22,2,1731,0,0.0,11776,91
-72.36666666666652,-868.3999999999982,12,126,distressed_assets,104.63741302490234,0,0.1576,19,2,1731,0,0.0,11904,92
-72.11666666666652,-865.3999999999982,12,123,distressed_assets,103.76656341552734,0,0.1569,27,2,1731,0,0.0,12032,93
-72.44999999999985,-869.3999999999982,12,127,distressed_assets,104.9857915242513,0,0.1561,22,2,1731,0,0.0,12160,94
-72.44999999999985,-869.3999999999982,12,127,distressed_assets,104.88317362467448,0,0.1553,15,2,1731,0,0.0,12288,95
-72.53333333333318,-870.3999999999982,12,128,distressed_assets,105.15582784016927,0,0.1545,15,2,1731,0,0.0,12416,96
-72.36666666666652,-868.3999999999982,12,126,distressed_assets,104.54162343343098,0,0.1537,17,2,1731,0,0.0,12544,97
-72.53333333333318,-870.3999999999982,12,128,distressed_assets,105.15986887613933,0,0.153,16,2,1731,0,0.0,12672,98
-72.53333333333318,-870.3999999999982,12,128,distressed_assets,105.1683858235677,0,0.1522,18,2,1731,0,0.0,12800,99
-72.44999999999985,-869.3999999999982,12,127,distressed_assets,105.02344004313152,0,0.25,35,3,1732,0,0.0,128,0
-72.44999999999985,-869.3999999999982,12,127,distressed_assets,104.89953104654948,0,0.2487,36,3,1732,0,0.0,256,1
-72.44999999999985,-869.3999999999982,12,127,distressed_assets,105.07251993815105,0,0.2475,39,3,1732,0,0.0,384,2
-72.28749999999984,-867.4499999999981,12,125,distressed_assets,105.2466812133789,0,0.2463,35,3,1732,0,0.0,512,3
-72.53333333333318,-870.3999999999982,12,128,distressed_assets,105.17999267578125,0,0.245,21,3,1732,0,0.0,640,4
-72.28333333333318,-867.3999999999982,12,125,distressed_assets,104.44554138183594,0,0.2438,31,3,1732,0,0.0,768,5
-72.44999999999985,-869.3999999999982,12,127,distressed_assets,104.91707865397136,0,0.2426,32,3,1732,0,0.0,896,6
-72.28333333333318,-867.3999999999982,12,125,distressed_assets,104.49038696289062,0,0.2414,30,3,1732,0,0.0,1024,7
-72.44999999999985,-869.3999999999982,12,127,distressed_assets,105.09974416097005,0,0.2402,30,3,1732,0,0.0,1152,8
-72.44999999999985,-869.3999999999982,12,127,distressed_assets,104.88371276855469,0,0.239,28,3,1732,0,0.0,1280,9
-72.53333333333318,-870.3999999999982,12,128,distressed_assets,105.26240539550781,0,0.2378,34,3,1732,0,0.0,1408,10
-72.53333333333318,-870.3999999999982,12,128,distressed_assets,105.18577067057292,0,0.2366,26,3,1732,0,0.0,1536,11
-72.36666666666652,-868.3999999999982,12,126,distressed_assets,104.94172922770183,0,0.2354,33,3,1732,0,0.0,1664,12
-72.53333333333318,-870.3999999999982,12,128,distressed_assets,105.14878336588542,0,0.2342,22,3,1732,0,0.0,1792,13
-72.28333333333318,-867.3999999999982,12,125,distressed_assets,104.42359924316406,0,0.2331,33,3,1732,0,0.0,1920,14
-72.53333333333318,-870.3999999999982,12,128,distressed_assets,105.19546254475911,0,0.2319,30,3,1732,0,0.0,2048,15
-72.44999999999985,-869.3999999999982,12,127,distressed_assets,104.86584218343098,0,0.2307,27,3,1732,0,0.0,2176,16
-72.44999999999985,-869.3999999999982,12,127,distressed_assets,104.91261800130208,0,0.2296,40,3,1732,0,0.0,2304,17
-72.36666666666652,-868.3999999999982,12,126,distressed_assets,104.86864217122395,0,0.2284,26,3,1732,0,0.0,2432,18
-72.44999999999985,-869.3999999999982,12,127,distressed_assets,104.96794891357422,0,0.2273,33,3,1732,0,0.0,2560,19
-72.44999999999985,-869.3999999999982,12,127,distressed_assets,104.85625457763672,0,0.2262,32,3,1732,0,0.0,2688,20
-72.36666666666652,-868.3999999999982,12,126,distressed_assets,104.82801310221355,0,0.225,35,3,1732,0,0.0,2816,21
-72.44999999999985,-869.3999999999982,12,127,distressed_assets,104.89872233072917,0,0.2239,30,3,1732,0,0.0,2944,22
-72.44999999999985,-869.3999999999982,12,127,distressed_assets,104.89325714111328,0,0.2228,35,3,1732,0,0.0,3072,23
-72.53333333333318,-870.3999999999982,12,128,distressed_assets,105.16600290934245,0,0.2217,32,3,1732,0,0.0,3200,24
-72.36666666666652,-868.3999999999982,12,126,distressed_assets,104.5307846069336,0,0.2206,31,3,1732,0,0.0,3328,25
-72.44999999999985,-869.3999999999982,12,127,distressed_assets,105.12666320800781,0,0.2195,30,3,1732,0,0.0,3456,26
-72.19999999999985,-866.3999999999982,12,124,distressed_assets,105.3670145670573,0,0.2184,34,3,1732,0,0.0,3584,27
-72.36666666666652,-868.3999999999982,12,126,distressed_assets,104.57286580403645,0,0.2173,24,3,1732,0,0.0,3712,28
-72.3791666666665,-868.549999999998,12,126,distressed_assets,104.76360829671223,0,0.2162,25,3,1732,0,0.0,3840,29
-72.44999999999985,-869.3999999999982,12,127,distressed_assets,104.8762690226237,0,0.2151,20,3,1732,0,0.0,3968,30
-72.44999999999985,-869.3999999999982,12,127,distressed_assets,105.0742670694987,0,0.214,23,3,1732,0,0.0,4096,31
-72.53333333333318,-870.3999999999982,12,128,distressed_assets,105.19755299886067,0,0.213,25,3,1732,0,0.0,4224,32
-72.53333333333318,-870.3999999999982,12,128,distressed_assets,105.1343510945638,0,0.2119,24,3,1732,0,0.0,4352,33
-72.19999999999985,-866.3999999999982,12,124,distressed_assets,104.30057271321614,0,0.2108,36,3,1732,0,0.0,4480,34
-72.36666666666652,-868.3999999999982,12,126,distressed_assets,104.7780532836914,0,0.2098,22,3,1732,0,0.0,4608,35
-72.53333333333318,-870.3999999999982,12,128,distressed_assets,105.21224975585938,0,0.2087,25,3,1732,0,0.0,4736,36
-72.29833333333322,-867.5799999999987,12,125,distressed_assets,104.48997751871745,0,0.2077,23,3,1732,0,0.0,4864,37
-72.29833333333319,-867.5799999999982,12,125,distressed_assets,104.34964752197266,0,0.2066,26,3,1732,0,0.0,4992,38
-72.44999999999985,-869.3999999999982,12,127,distressed_assets,104.85484568277995,0,0.2056,28,3,1732,0,0.0,5120,39
-72.53333333333318,-870.3999999999982,12,128,distressed_assets,105.18444569905598,0,0.2046,26,3,1732,0,0.0,5248,40
-72.44999999999985,-869.3999999999982,12,127,distressed_assets,104.87009938557942,0,0.2036,26,3,1732,0,0.0,5376,41
-72.53333333333318,-870.3999999999982,12,128,distressed_assets,105.18009948730469,0,0.2025,30,3,1732,0,0.0,5504,42
-72.53333333333318,-870.3999999999982,12,128,distressed_assets,105.2780532836914,0,0.2015,18,3,1732,0,0.0,5632,43
-72.06749999999987,-864.8099999999984,12,122,distressed_assets,104.01638285319011,0,0.2005,25,3,1732,0,0.0,5760,44
-72.19999999999985,-866.3999999999982,12,124,distressed_assets,104.15198516845703,0,0.1995,27,3,1732,0,0.0,5888,45
-72.44999999999985,-869.3999999999982,12,127,distressed_assets,105.1161397298177,0,0.1985,17,3,1732,0,0.0,6016,46
-72.19999999999985,-866.3999999999982,12,124,distressed_assets,104.42166392008464,0,0.1975,28,3,1732,0,0.0,6144,47
-72.28333333333318,-867.3999999999982,12,125,distressed_assets,104.40624491373698,0,0.1965,24,3,1732,0,0.0,6272,48
-72.36666666666652,-868.3999999999982,12,126,distressed_assets,104.61512247721355,0,0.1956,33,3,1732,0,0.0,6400,49
-72.53333333333318,-870.3999999999982,12,128,distressed_assets,105.51964314778645,0,0.1946,27,3,1732,0,0.0,6528,50
-72.53333333333318,-870.3999999999982,12,128,distressed_assets,105.20715077718098,0,0.1936,22,3,1732,0,0.0,6656,51
-72.03333333333318,-864.3999999999982,12,122,distressed_assets,103.32135772705078,0,0.1926,28,3,1732,0,0.0,6784,52
-72.36666666666652,-868.3999999999982,12,126,distressed_assets,104.66118876139323,0,0.1917,22,3,1732,0,0.0,6912,53
-72.36666666666652,-868.3999999999982,12,126,distressed_assets,104.58199818929036,0,0.1907,22,3,1732,0,0.0,7040,54
-72.53333333333318,-870.3999999999982,12,128,distressed_assets,105.13670857747395,0,0.1898,23,3,1732,0,0.0,7168,55
-72.36666666666652,-868.3999999999982,12,126,distressed_assets,104.89587148030598,0,0.1888,22,3,1732,0,0.0,7296,56
-72.28416666666651,-867.4099999999981,12,125,distressed_assets,104.33304341634114,0,0.1879,32,3,1732,0,0.0,7424,57
-72.53333333333318,-870.3999999999982,12,128,distressed_assets,105.13708750406902,0,0.1869,24,3,1732,0,0.0,7552,58
-72.53333333333318,-870.3999999999982,12,128,distressed_assets,105.1746826171875,0,0.186,25,3,1732,0,0.0,7680,59
-72.53333333333318,-870.3999999999982,12,128,distressed_assets,105.20328267415364,0,0.1851,29,3,1732,0,0.0,7808,60
-72.28333333333318,-867.3999999999982,12,125,distressed_assets,104.31035868326823,0,0.1841,24,3,1732,0,0.0,7936,61
-72.53333333333318,-870.3999999999982,12,128,distressed_assets,105.72308349609375,0,0.1832,25,3,1732,0,0.0,8064,62
-72.53333333333318,-870.3999999999982,12,128,distressed_assets,105.14094543457031,0,0.1823,15,3,1732,0,0.0,8192,63
-72.44999999999985,-869.3999999999982,12,127,distressed_assets,104.92180633544922,0,0.1814,20,3,1732,0,0.0,8320,64
-72.44999999999985,-869.3999999999982,12,127,distressed_assets,104.85770924886067,0,0.1805,28,3,1732,0,0.0,8448,65
-72.12416666666651,-865.4899999999982,12,123,distressed_assets,103.74666849772136,0,0.1796,24,3,1732,0,0.0,8576,66
-72.53333333333318,-870.3999999999982,12,128,distressed_assets,105.67112477620442,0,0.1787,25,3,1732,0,0.0,8704,67
-72.21666666666651,-866.5999999999982,12,124,distressed_assets,104.2662353515625,0,0.1778,22,3,1732,0,0.0,8832,68
-72.36666666666652,-868.3999999999982,12,126,distressed_assets,104.52613321940105,0,0.1769,16,3,1732,0,0.0,8960,69
-72.21749999999984,-866.6099999999982,12,124,distressed_assets,104.51281483968098,0,0.176,23,3,1732,0,0.0,9088,70
-72.36666666666652,-868.3999999999982,12,126,distressed_assets,104.74665069580078,0,0.1751,27,3,1732,0,0.0,9216,71
-72.44999999999985,-869.3999999999982,12,127,distressed_assets,105.43131001790364,0,0.1743,20,3,1732,0,0.0,9344,72
-72.44999999999985,-869.3999999999982,12,127,distressed_assets,104.86685180664062,0,0.1734,31,3,1732,0,0.0,9472,73
-72.36666666666652,-868.3999999999982,12,126,distressed_assets,104.55817159016927,0,0.1725,25,3,1732,0,0.0,9600,74
-72.44999999999985,-869.3999999999982,12,127,distressed_assets,104.86121877034505,0,0.1717,12,3,1732,0,0.0,9728,75
-72.44999999999985,-869.3999999999982,12,127,distressed_assets,105.05440775553386,0,0.1708,20,3,1732,0,0.0,9856,76
-72.53333333333318,-870.3999999999982,12,128,distressed_assets,105.20142618815105,0,0.1699,21,3,1732,0,0.0,9984,77
-72.44999999999985,-869.3999999999982,12,127,distressed_assets,105.26310475667317,0,0.1691,21,3,1732,0,0.0,10112,78
-72.53333333333318,-870.3999999999982,12,128,distressed_assets,105.2786382039388,0,0.1683,22,3,1732,0,0.0,10240,79
-72.44999999999985,-869.3999999999982,12,127,distressed_assets,105.46120198567708,0,0.1674,30,3,1732,0,0.0,10368,80
-72.36666666666652,-868.3999999999982,12,126,distressed_assets,104.59718577067058,0,0.1666,23,3,1732,0,0.0,10496,81
-72.28333333333318,-867.3999999999982,12,125,distressed_assets,104.64073944091797,0,0.1657,28,3,1732,0,0.0,10624,82
-72.36666666666652,-868.3999999999982,12,126,distressed_assets,104.67935689290364,0,0.1649,22,3,1732,0,0.0,10752,83
-72.53333333333318,-870.3999999999982,12,128,distressed_assets,105.14612325032552,0,0.1641,16,3,1732,0,0.0,10880,84
-72.28333333333318,-867.3999999999982,12,125,distressed_assets,104.74465688069661,0,0.1633,19,3,1732,0,0.0,11008,85
-72.28333333333318,-867.3999999999982,12,125,distressed_assets,104.56809743245442,0,0.1625,21,3,1732,0,0.0,11136,86
-72.44999999999985,-869.3999999999982,12,127,distressed_assets,104.91377258300781,0,0.1616,22,3,1732,0,0.0,11264,87
-72.44999999999985,-869.3999999999982,12,127,distressed_assets,104.85699717203777,0,0.1608,21,3,1732,0,0.0,11392,88
-72.44999999999985,-869.3999999999982,12,127,distressed_assets,104.85410817464192,0,0.16,19,3,1732,0,0.0,11520,89
-72.29749999999983,-867.569999999998,12,125,distressed_assets,104.43753051757812,0,0.1592,23,3,1732,0,0.0,11648,90
-72.44999999999985,-869.3999999999982,12,127,distressed_assets,104.91743977864583,0,0.1584,17,3,1732,0,0.0,11776,91
-72.19999999999985,-866.3999999999982,12,124,distressed_assets,104.19730122884114,0,0.1576,28,3,1732,0,0.0,11904,92
-72.53333333333318,-870.3999999999982,12,128,distressed_assets,105.20851135253906,0,0.1569,14,3,1732,0,0.0,12032,93
-72.36666666666652,-868.3999999999982,12,126,distressed_assets,104.66456858317058,0,0.1561,26,3,1732,0,0.0,12160,94
-72.53333333333318,-870.3999999999982,12,128,distressed_assets,105.1535873413086,0,0.1553,17,3,1732,0,0.0,12288,95
-72.44999999999985,-869.3999999999982,12,127,distressed_assets,104.87144978841145,0,0.1545,18,3,1732,0,0.0,12416,96
-72.53333333333318,-870.3999999999982,12,128,distressed_assets,105.23478444417317,0,0.1537,21,3,1732,0,0.0,12544,97
-72.28333333333318,-867.3999999999982,12,125,distressed_assets,104.53580220540364,0,0.153,20,3,1732,0,0.0,12672,98
-72.44999999999985,-869.3999999999982,12,127,distressed_assets,104.84108225504558,0,0.1522,14,3,1732,0,0.0,12800,99
-72.36666666666652,-868.3999999999982,12,126,distressed_assets,104.75950368245442,0,0.25,30,4,1733,0,0.0,128,0
-72.44999999999985,-869.3999999999982,12,127,distressed_assets,105.05430094401042,0,0.2487,35,4,1733,0,0.0,256,1
-72.36666666666652,-868.3999999999982,12,126,distressed_assets,104.80433909098308,0,0.2475,33,4,1733,0,0.0,384,2
-72.36666666666652,-868.3999999999982,12,126,distressed_assets,104.89697265625,0,0.2463,30,4,1733,0,0.0,512,3
-72.28333333333318,-867.3999999999982,12,125,distressed_assets,104.74016825358073,0,0.245,30,4,1733,0,0.0,640,4
-72.36666666666652,-868.3999999999982,12,126,distressed_assets,104.61632283528645,0,0.2438,27,4,1733,0,0.0,768,5
-72.03333333333319,-864.3999999999983,12,122,distressed_assets,103.4593022664388,0,0.2426,25,4,1733,0,0.0,896,6
-72.28333333333318,-867.3999999999982,12,125,distressed_assets,104.19288380940755,0,0.2414,26,4,1733,0,0.0,1024,7
-70.70083333333321,-848.4099999999985,12,105,distressed_assets,99.98638661702473,0,0.2402,26,4,1733,0,0.0,1152,8
-72.11749999999985,-865.4099999999981,12,123,distressed_assets,103.78753153483073,0,0.239,34,4,1733,0,0.0,1280,9
-72.2866666666665,-867.4399999999981,12,125,distressed_assets,104.3372319539388,0,0.2378,27,4,1733,0,0.0,1408,10
-72.19999999999985,-866.3999999999982,12,124,distressed_assets,104.3432133992513,0,0.2366,32,4,1733,0,0.0,1536,11
-72.13416666666652,-865.6099999999982,12,123,distressed_assets,104.3525390625,0,0.2354,40,4,1733,0,0.0,1664,12
-72.12416666666651,-865.4899999999982,12,123,distressed_assets,103.91274770100911,0,0.2342,36,4,1733,0,0.0,1792,13
-72.36666666666652,-868.3999999999982,12,126,distressed_assets,104.53770701090495,0,0.2331,31,4,1733,0,0.0,1920,14
-72.44999999999985,-869.3999999999982,12,127,distressed_assets,104.97902425130208,0,0.2319,28,4,1733,0,0.0,2048,15
-72.28333333333318,-867.3999999999982,12,125,distressed_assets,104.6060562133789,0,0.2307,27,4,1733,0,0.0,2176,16
-72.44999999999985,-869.3999999999982,12,127,distressed_assets,104.90575154622395,0,0.2296,18,4,1733,0,0.0,2304,17
-72.11666666666652,-865.3999999999983,12,123,distressed_assets,104.18598937988281,0,0.2284,29,4,1733,0,0.0,2432,18
-72.44999999999985,-869.3999999999982,12,127,distressed_assets,104.91739654541016,0,0.2273,32,4,1733,0,0.0,2560,19
-72.53333333333318,-870.3999999999982,12,128,distressed_assets,105.20663452148438,0,0.2262,30,4,1733,0,0.0,2688,20
-72.36666666666652,-868.3999999999982,12,126,distressed_assets,104.58494059244792,0,0.225,34,4,1733,0,0.0,2816,21
-72.44999999999985,-869.3999999999982,12,127,distressed_assets,104.89457702636719,0,0.2239,35,4,1733,0,0.0,2944,22
-72.28333333333318,-867.3999999999982,12,125,distressed_assets,104.43556213378906,0,0.2228,26,4,1733,0,0.0,3072,23
-72.19999999999985,-866.3999999999982,12,124,distressed_assets,104.1850102742513,0,0.2217,28,4,1733,0,0.0,3200,24
-72.19999999999985,-866.3999999999982,12,124,distressed_assets,104.62086232503255,0,0.2206,32,4,1733,0,0.0,3328,25
-72.36666666666652,-868.3999999999982,12,126,distressed_assets,104.82040659586589,0,0.2195,30,4,1733,0,0.0,3456,26
-72.19999999999985,-866.3999999999982,12,124,distressed_assets,104.3239237467448,0,0.2184,34,4,1733,0,0.0,3584,27
-72.53333333333318,-870.3999999999982,12,128,distressed_assets,105.17145284016927,0,0.2173,28,4,1733,0,0.0,3712,28
-72.44999999999985,-869.3999999999982,12,127,distressed_assets,104.94302113850911,0,0.2162,27,4,1733,0,0.0,3840,29
-72.21499999999989,-866.5799999999987,12,124,distressed_assets,104.10110473632812,0,0.2151,24,4,1733,0,0.0,3968,30
-72.53333333333318,-870.3999999999982,12,128,distressed_assets,105.31264241536458,0,0.214,24,4,1733,0,0.0,4096,31
-72.36666666666652,-868.3999999999982,12,126,distressed_assets,104.71012624104817,0,0.213,29,4,1733,0,0.0,4224,32
-72.44999999999985,-869.3999999999982,12,127,distressed_assets,104.88494364420573,0,0.2119,24,4,1733,0,0.0,4352,33
-72.36666666666652,-868.3999999999982,12,126,distressed_assets,104.70628102620442,0,0.2108,27,4,1733,0,0.0,4480,34
-72.44999999999985,-869.3999999999982,12,127,distressed_assets,104.82914479573567,0,0.2098,20,4,1733,0,0.0,4608,35
-72.20249999999986,-866.4299999999982,12,124,distressed_assets,103.90121205647786,0,0.2087,22,4,1733,0,0.0,4736,36
-72.36666666666652,-868.3999999999982,12,126,distressed_assets,104.55174001057942,0,0.2077,31,4,1733,0,0.0,4864,37
-72.53333333333318,-870.3999999999982,12,128,distressed_assets,105.13829294840495,0,0.2066,19,4,1733,0,0.0,4992,38
-72.53333333333318,-870.3999999999982,12,128,distressed_assets,105.2863998413086,0,0.2056,26,4,1733,0,0.0,5120,39
-72.53333333333318,-870.3999999999982,12,128,distressed_assets,105.12113189697266,0,0.2046,17,4,1733,0,0.0,5248,40
-72.19999999999985,-866.3999999999982,12,124,distressed_assets,104.0027592976888,0,0.2036,28,4,1733,0,0.0,5376,41
-72.20749999999987,-866.4899999999984,12,124,distressed_assets,104.40399932861328,0,0.2025,24,4,1733,0,0.0,5504,42
-72.36666666666652,-868.3999999999982,12,126,distressed_assets,104.70882924397786,0,0.2015,27,4,1733,0,0.0,5632,43
-72.12416666666651,-865.4899999999982,12,123,distressed_assets,103.7468999226888,0,0.2005,23,4,1733,0,0.0,5760,44
-72.44999999999985,-869.3999999999982,12,127,distressed_assets,104.7968241373698,0,0.1995,22,4,1733,0,0.0,5888,45
-72.53333333333318,-870.3999999999982,12,128,distressed_assets,105.16491190592448,0,0.1985,29,4,1733,0,0.0,6016,46
-72.28333333333318,-867.3999999999982,12,125,distressed_assets,104.67955780029297,0,0.1975,26,4,1733,0,0.0,6144,47
-72.36666666666652,-868.3999999999982,12,126,distressed_assets,104.78280131022136,0,0.1965,24,4,1733,0,0.0,6272,48
-72.36666666666652,-868.3999999999982,12,126,distressed_assets,104.99913024902344,0,0.1956,27,4,1733,0,0.0,6400,49
-72.53333333333318,-870.3999999999982,12,128,distressed_assets,105.1519292195638,0,0.1946,32,4,1733,0,0.0,6528,50
-72.44999999999985,-869.3999999999982,12,127,distressed_assets,104.99819437662761,0,0.1936,31,4,1733,0,0.0,6656,51
-72.44999999999985,-869.3999999999982,12,127,distressed_assets,104.83350626627605,0,0.1926,21,4,1733,0,0.0,6784,52
-72.44999999999985,-869.3999999999982,12,127,distressed_assets,105.23455301920573,0,0.1917,27,4,1733,0,0.0,6912,53
-72.44999999999985,-869.3999999999982,12,127,distressed_assets,104.88081359863281,0,0.1907,27,4,1733,0,0.0,7040,54
-72.44999999999985,-869.3999999999982,12,127,distressed_assets,104.85579172770183,0,0.1898,26,4,1733,0,0.0,7168,55
-72.36666666666652,-868.3999999999982,12,126,distressed_assets,104.58393096923828,0,0.1888,19,4,1733,0,0.0,7296,56
-72.53333333333318,-870.3999999999982,12,128,distressed_assets,105.29525248209636,0,0.1879,23,4,1733,0,0.0,7424,57
-72.53333333333318,-870.3999999999982,12,128,distressed_assets,105.28320821126302,0,0.1869,20,4,1733,0,0.0,7552,58
-72.44999999999985,-869.3999999999982,12,127,distressed_assets,104.9002176920573,0,0.186,20,4,1733,0,0.0,7680,59
-72.36666666666652,-868.3999999999982,12,126,distressed_assets,105.0202865600586,0,0.1851,28,4,1733,0,0.0,7808,60
-72.53333333333318,-870.3999999999982,12,128,distressed_assets,105.17698415120442,0,0.1841,23,4,1733,0,0.0,7936,61
-72.28333333333318,-867.3999999999982,12,125,distressed_assets,104.21649169921875,0,0.1832,27,4,1733,0,0.0,8064,62
-72.44999999999985,-869.3999999999982,12,127,distressed_assets,105.55108896891277,0,0.1823,29,4,1733,0,0.0,8192,63
-72.37166666666651,-868.4599999999981,12,126,distressed_assets,104.80956013997395,0,0.1814,22,4,1733,0,0.0,8320,64
-72.36666666666652,-868.3999999999982,12,126,distressed_assets,104.64318593343098,0,0.1805,21,4,1733,0,0.0,8448,65
-72.36666666666652,-868.3999999999982,12,126,distressed_assets,104.61299387613933,0,0.1796,19,4,1733,0,0.0,8576,66
-72.44999999999985,-869.3999999999982,12,127,distressed_assets,104.9692891438802,0,0.1787,24,4,1733,0,0.0,8704,67
-72.36666666666652,-868.3999999999982,12,126,distressed_assets,104.79247283935547,0,0.1778,23,4,1733,0,0.0,8832,68
-72.44999999999985,-869.3999999999982,12,127,distressed_assets,104.89194742838542,0,0.1769,18,4,1733,0,0.0,8960,69
-72.44999999999985,-869.3999999999982,12,127,distressed_assets,105.1907730102539,0,0.176,19,4,1733,0,0.0,9088,70
-72.53333333333318,-870.3999999999982,12,128,distressed_assets,105.17247772216797,0,0.1751,20,4,1733,0,0.0,9216,71
-72.28333333333318,-867.3999999999982,12,125,distressed_assets,104.2251205444336,0,0.1743,25,4,1733,0,0.0,9344,72
-72.53333333333318,-870.3999999999982,12,128,distressed_assets,105.34596252441406,0,0.1734,23,4,1733,0,0.0,9472,73
-72.37166666666651,-868.4599999999982,12,126,distressed_assets,104.63911692301433,0,0.1725,30,4,1733,0,0.0,9600,74
-72.44999999999985,-869.3999999999982,12,127,distressed_assets,105.21191914876302,0,0.1717,18,4,1733,0,0.0,9728,75
-72.36666666666652,-868.3999999999982,12,126,distressed_assets,104.53612263997395,0,0.1708,29,4,1733,0,0.0,9856,76
-72.28583333333319,-867.4299999999982,12,125,distressed_assets,104.3307367960612,0,0.1699,19,4,1733,0,0.0,9984,77
-72.44999999999985,-869.3999999999982,12,127,distressed_assets,105.21448008219402,0,0.1691,24,4,1733,0,0.0,10112,78
-72.53333333333318,-870.3999999999982,12,128,distressed_assets,105.17765045166016,0,0.1683,20,4,1733,0,0.0,10240,79
-72.44999999999985,-869.3999999999982,12,127,distressed_assets,104.82746887207031,0,0.1674,19,4,1733,0,0.0,10368,80
-72.44999999999985,-869.3999999999982,12,127,distressed_assets,104.81486511230469,0,0.1666,18,4,1733,0,0.0,10496,81
-72.53333333333318,-870.3999999999982,12,128,distressed_assets,105.1712646484375,0,0.1657,14,4,1733,0,0.0,10624,82
-72.44999999999985,-869.3999999999982,12,127,distressed_assets,104.97432454427083,0,0.1649,26,4,1733,0,0.0,10752,83
-72.28333333333318,-867.3999999999982,12,125,distressed_assets,104.35334014892578,0,0.1641,20,4,1733,0,0.0,10880,84
-72.28333333333318,-867.3999999999982,12,125,distressed_assets,104.45913187662761,0,0.1633,16,4,1733,0,0.0,11008,85
-72.28333333333318,-867.3999999999982,12,125,distressed_assets,104.34474690755208,0,0.1625,22,4,1733,0,0.0,11136,86
-72.44999999999985,-869.3999999999982,12,127,distressed_assets,105.60840098063152,0,0.1616,27,4,1733,0,0.0,11264,87
-72.36666666666652,-868.3999999999982,12,126,distressed_assets,104.67890167236328,0,0.1608,22,4,1733,0,0.0,11392,88
-72.44999999999985,-869.3999999999982,12,127,distressed_assets,105.14323425292969,0,0.16,26,4,1733,0,0.0,11520,89
-72.53333333333318,-870.3999999999982,12,128,distressed_assets,105.13857014973958,0,0.1592,9,4,1733,0,0.0,11648,90
-72.44999999999985,-869.3999999999982,12,127,distressed_assets,104.94214884440105,0,0.1584,24,4,1733,0,0.0,11776,91
-72.36666666666652,-868.3999999999982,12,126,distressed_assets,104.73230489095052,0,0.1576,21,4,1733,0,0.0,11904,92
-72.44999999999985,-869.3999999999982,12,127,distressed_assets,104.89915211995442,0,0.1569,23,4,1733,0,0.0,12032,93
-72.44999999999985,-869.3999999999982,12,127,distressed_assets,104.85798899332683,0,0.1561,22,4,1733,0,0.0,12160,94
-72.53333333333318,-870.3999999999982,12,128,distressed_assets,105.14870198567708,0,0.1553,19,4,1733,0,0.0,12288,95
-72.44999999999985,-869.3999999999982,12,127,distressed_assets,104.8068364461263,0,0.1545,19,4,1733,0,0.0,12416,96
-72.44999999999985,-869.3999999999982,12,127,distressed_assets,104.82799784342448,0,0.1537,22,4,1733,0,0.0,12544,97
-72.44999999999985,-869.3999999999982,12,127,distressed_assets,105.04329681396484,0,0.153,17,4,1733,0,0.0,12672,98
-72.44999999999985,-869.3999999999982,12,127,distressed_assets,105.08641560872395,0,0.1522,21,4,1733,0,0.0,12800,99
-72.53333333333318,-870.3999999999982,12,128,distressed_assets,105.39651489257812,0,0.25,31,5,1734,0,0.0,128,0
-72.44999999999985,-869.3999999999982,12,127,distressed_assets,104.84057362874348,0,0.2487,35,5,1734,0,0.0,256,1
-72.36666666666652,-868.3999999999982,12,126,distressed_assets,104.56751505533855,0,0.2475,36,5,1734,0,0.0,384,2
-72.19999999999985,-866.3999999999982,12,124,distressed_assets,104.07237497965495,0,0.2463,24,5,1734,0,0.0,512,3
-72.44999999999985,-869.3999999999982,12,127,distressed_assets,104.96615346272786,0,0.245,31,5,1734,0,0.0,640,4
-72.44999999999985,-869.3999999999982,12,127,distressed_assets,105.12414805094402,0,0.2438,30,5,1734,0,0.0,768,5
-72.28333333333318,-867.3999999999982,12,125,distressed_assets,104.31896209716797,0,0.2426,28,5,1734,0,0.0,896,6
-72.44999999999985,-869.3999999999982,12,127,distressed_assets,104.85340118408203,0,0.2414,25,5,1734,0,0.0,1024,7
-72.53333333333318,-870.3999999999982,12,128,distressed_assets,105.12946065266927,0,0.2402,18,5,1734,0,0.0,1152,8
-72.53333333333318,-870.3999999999982,12,128,distressed_assets,105.40805308024089,0,0.239,31,5,1734,0,0.0,1280,9
-72.44999999999985,-869.3999999999982,12,127,distressed_assets,104.94736989339192,0,0.2378,42,5,1734,0,0.0,1408,10
-72.36666666666652,-868.3999999999982,12,126,distressed_assets,104.85809580485027,0,0.2366,26,5,1734,0,0.0,1536,11
-72.28416666666651,-867.4099999999981,12,125,distressed_assets,104.35728963216145,0,0.2354,26,5,1734,0,0.0,1664,12
-72.36666666666652,-868.3999999999982,12,126,distressed_assets,104.76432800292969,0,0.2342,36,5,1734,0,0.0,1792,13
-72.11666666666652,-865.3999999999982,12,123,distressed_assets,104.44558970133464,0,0.2331,30,5,1734,0,0.0,1920,14
-72.37666666666654,-868.5199999999985,12,126,distressed_assets,104.69535319010417,0,0.2319,20,5,1734,0,0.0,2048,15
-72.44999999999985,-869.3999999999982,12,127,distressed_assets,104.89302062988281,0,0.2307,17,5,1734,0,0.0,2176,16
-72.28333333333318,-867.3999999999982,12,125,distressed_assets,104.24109395345052,0,0.2296,22,5,1734,0,0.0,2304,17
-72.53333333333318,-870.3999999999982,12,128,distressed_assets,105.22067769368489,0,0.2284,29,5,1734,0,0.0,2432,18
-72.28333333333318,-867.3999999999982,12,125,distressed_assets,104.45045216878255,0,0.2273,29,5,1734,0,0.0,2560,19
-72.53333333333318,-870.3999999999982,12,128,distressed_assets,105.16634623209636,0,0.2262,27,5,1734,0,0.0,2688,20
-72.44999999999985,-869.3999999999982,12,127,distressed_assets,104.95895640055339,0,0.225,37,5,1734,0,0.0,2816,21
-72.44999999999985,-869.3999999999982,12,127,distressed_assets,105.55997721354167,0,0.2239,21,5,1734,0,0.0,2944,22
-72.44999999999985,-869.3999999999982,12,127,distressed_assets,104.866455078125,0,0.2228,35,5,1734,0,0.0,3072,23
-72.44999999999985,-869.3999999999982,12,127,distressed_assets,104.95760345458984,0,0.2217,29,5,1734,0,0.0,3200,24
-72.19999999999985,-866.3999999999982,12,124,distressed_assets,104.0051040649414,0,0.2206,28,5,1734,0,0.0,3328,25
-72.44999999999985,-869.3999999999982,12,127,distressed_assets,105.4082768758138,0,0.2195,37,5,1734,0,0.0,3456,26
-72.28416666666651,-867.4099999999981,12,125,distressed_assets,104.37424214680989,0,0.2184,29,5,1734,0,0.0,3584,27
-72.44999999999985,-869.3999999999982,12,127,distressed_assets,104.86007181803386,0,0.2173,28,5,1734,0,0.0,3712,28
-72.53333333333318,-870.3999999999982,12,128,distressed_assets,105.1813227335612,0,0.2162,27,5,1734,0,0.0,3840,29
-72.44999999999985,-869.3999999999982,12,127,distressed_assets,104.93460591634114,0,0.2151,27,5,1734,0,0.0,3968,30
-72.13249999999988,-865.5899999999986,12,123,distressed_assets,104.07773335774739,0,0.214,32,5,1734,0,0.0,4096,31
-72.44999999999985,-869.3999999999982,12,127,distressed_assets,104.92093404134114,0,0.213,23,5,1734,0,0.0,4224,32
-72.44999999999985,-869.3999999999982,12,127,distressed_assets,104.83120981852214,0,0.2119,22,5,1734,0,0.0,4352,33
-72.53333333333318,-870.3999999999982,12,128,distressed_assets,105.27085367838542,0,0.2108,28,5,1734,0,0.0,4480,34
-72.44999999999985,-869.3999999999982,12,127,distressed_assets,105.10392252604167,0,0.2098,31,5,1734,0,0.0,4608,35
-72.53333333333318,-870.3999999999982,12,128,distressed_assets,105.29295349121094,0,0.2087,30,5,1734,0,0.0,4736,36
-72.20749999999985,-866.4899999999982,12,124,distressed_assets,104.20276133219402,0,0.2077,26,5,1734,0,0.0,4864,37
-72.44999999999985,-869.3999999999982,12,127,distressed_assets,104.85477701822917,0,0.2066,25,5,1734,0,0.0,4992,38
-72.53333333333318,-870.3999999999982,12,128,distressed_assets,105.2316157023112,0,0.2056,31,5,1734,0,0.0,5120,39
-71.66583333333323,-859.9899999999986,12,117,distressed_assets,102.3623555501302,0,0.2046,34,5,1734,0,0.0,5248,40
-71.89249999999988,-862.7099999999987,12,120,distressed_assets,102.85433705647786,0,0.2036,19,5,1734,0,0.0,5376,41
-72.05749999999985,-864.6899999999982,12,122,distressed_assets,103.59383646647136,0,0.2025,22,5,1734,0,0.0,5504,42
-72.53333333333318,-870.3999999999982,12,128,distressed_assets,105.14805857340495,0,0.2015,23,5,1734,0,0.0,5632,43
-72.20833333333319,-866.4999999999982,12,124,distressed_assets,104.00037892659505,0,0.2005,31,5,1734,0,0.0,5760,44
-72.53333333333318,-870.3999999999982,12,128,distressed_assets,105.34066772460938,0,0.1995,26,5,1734,0,0.0,5888,45
-72.37916666666655,-868.5499999999986,12,126,distressed_assets,104.90820566813152,0,0.1985,29,5,1734,0,0.0,6016,46
-72.36666666666652,-868.3999999999982,12,126,distressed_assets,104.74708302815755,0,0.1975,18,5,1734,0,0.0,6144,47
-72.44999999999985,-869.3999999999982,12,127,distressed_assets,104.8440933227539,0,0.1965,35,5,1734,0,0.0,6272,48
-72.19999999999985,-866.3999999999982,12,124,distressed_assets,103.93661499023438,0,0.1956,19,5,1734,0,0.0,6400,49
-72.36666666666652,-868.3999999999982,12,126,distressed_assets,104.55113474527995,0,0.1946,24,5,1734,0,0.0,6528,50
-72.19999999999985,-866.3999999999982,12,124,distressed_assets,103.93013509114583,0,0.1936,24,5,1734,0,0.0,6656,51
-72.53333333333318,-870.3999999999982,12,128,distressed_assets,105.16904703776042,0,0.1926,24,5,1734,0,0.0,6784,52
-72.1341666666665,-865.609999999998,12,123,distressed_assets,104.03756205240886,0,0.1917,31,5,1734,0,0.0,6912,53
-72.12416666666651,-865.4899999999982,12,123,distressed_assets,103.90942891438802,0,0.1907,24,5,1734,0,0.0,7040,54
-72.28333333333318,-867.3999999999982,12,125,distressed_assets,104.74907684326172,0,0.1898,32,5,1734,0,0.0,7168,55
-72.28333333333318,-867.3999999999982,12,125,distressed_assets,104.4325663248698,0,0.1888,25,5,1734,0,0.0,7296,56
-72.44999999999985,-869.3999999999982,12,127,distressed_assets,105.08887481689453,0,0.1879,22,5,1734,0,0.0,7424,57
-72.21999999999983,-866.6399999999979,12,124,distressed_assets,104.33273569742839,0,0.1869,25,5,1734,0,0.0,7552,58
-72.36666666666652,-868.3999999999982,12,126,distressed_assets,104.55255381266277,0,0.186,23,5,1734,0,0.0,7680,59
-72.36666666666652,-868.3999999999982,12,126,distressed_assets,104.51631164550781,0,0.1851,17,5,1734,0,0.0,7808,60
-72.44999999999985,-869.3999999999982,12,127,distressed_assets,105.01334126790364,0,0.1841,22,5,1734,0,0.0,7936,61
-72.44999999999985,-869.3999999999982,12,127,distressed_assets,104.88870493570964,0,0.1832,28,5,1734,0,0.0,8064,62
-72.19999999999985,-866.3999999999982,12,124,distressed_assets,104.57840728759766,0,0.1823,26,5,1734,0,0.0,8192,63
-72.36749999999985,-868.4099999999981,12,126,distressed_assets,104.6916732788086,0,0.1814,27,5,1734,0,0.0,8320,64
-72.44999999999985,-869.3999999999982,12,127,distressed_assets,104.81337229410808,0,0.1805,25,5,1734,0,0.0,8448,65
-72.53333333333318,-870.3999999999982,12,128,distressed_assets,105.13114929199219,0,0.1796,20,5,1734,0,0.0,8576,66
-72.53333333333318,-870.3999999999982,12,128,distressed_assets,105.16273498535156,0,0.1787,17,5,1734,0,0.0,8704,67
-72.19999999999985,-866.3999999999982,12,124,distressed_assets,104.14301300048828,0,0.1778,26,5,1734,0,0.0,8832,68
-72.53333333333318,-870.3999999999982,12,128,distressed_assets,105.14896901448567,0,0.1769,21,5,1734,0,0.0,8960,69
-72.44999999999985,-869.3999999999982,12,127,distressed_assets,104.86039479573567,0,0.176,22,5,1734,0,0.0,9088,70
-72.53333333333318,-870.3999999999982,12,128,distressed_assets,105.1633809407552,0,0.1751,24,5,1734,0,0.0,9216,71
-72.36666666666652,-868.3999999999982,12,126,distressed_assets,104.61593627929688,0,0.1743,21,5,1734,0,0.0,9344,72
-72.28333333333318,-867.3999999999982,12,125,distressed_assets,104.46882629394531,0,0.1734,28,5,1734,0,0.0,9472,73
-72.44999999999985,-869.3999999999982,12,127,distressed_assets,105.0773188273112,0,0.1725,19,5,1734,0,0.0,9600,74
-72.28333333333318,-867.3999999999982,12,125,distressed_assets,104.55152893066406,0,0.1717,20,5,1734,0,0.0,9728,75
-72.44999999999985,-869.3999999999982,12,127,distressed_assets,104.85308329264323,0,0.1708,25,5,1734,0,0.0,9856,76
-72.44999999999985,-869.3999999999982,12,127,distressed_assets,104.8525161743164,0,0.1699,31,5,1734,0,0.0,9984,77
-72.36666666666652,-868.3999999999982,12,126,distressed_assets,104.90650177001953,0,0.1691,13,5,1734,0,0.0,10112,78
-72.44999999999985,-869.3999999999982,12,127,distressed_assets,105.38770802815755,0,0.1683,20,5,1734,0,0.0,10240,79
-72.53333333333318,-870.3999999999982,12,128,distressed_assets,105.12904103597005,0,0.1674,21,5,1734,0,0.0,10368,80
-72.44999999999985,-869.3999999999982,12,127,distressed_assets,104.93898264567058,0,0.1666,21,5,1734,0,0.0,10496,81
-72.44999999999985,-869.3999999999982,12,127,distressed_assets,105.48330942789714,0,0.1657,24,5,1734,0,0.0,10624,82
-72.2883333333332,-867.4599999999983,12,125,distressed_assets,104.89457194010417,0,0.1649,15,5,1734,0,0.0,10752,83
-72.36666666666652,-868.3999999999982,12,126,distressed_assets,104.72895050048828,0,0.1641,21,5,1734,0,0.0,10880,84
-72.53333333333318,-870.3999999999982,12,128,distressed_assets,105.14367421468098,0,0.1633,23,5,1734,0,0.0,11008,85
-72.36666666666652,-868.3999999999982,12,126,distressed_assets,104.76879628499348,0,0.1625,21,5,1734,0,0.0,11136,86
-72.28333333333318,-867.3999999999982,12,125,distressed_assets,104.29784647623698,0,0.1616,23,5,1734,0,0.0,11264,87
-72.28333333333318,-867.3999999999982,12,125,distressed_assets,104.42156473795573,0,0.1608,17,5,1734,0,0.0,11392,88
-72.44999999999985,-869.3999999999982,12,127,distressed_assets,104.95486195882161,0,0.16,15,5,1734,0,0.0,11520,89
-72.44999999999985,-869.3999999999982,12,127,distressed_assets,104.83877817789714,0,0.1592,19,5,1734,0,0.0,11648,90
-72.28333333333318,-867.3999999999982,12,125,distressed_assets,104.30938720703125,0,0.1584,24,5,1734,0,0.0,11776,91
-72.20166666666651,-866.4199999999981,12,124,distressed_assets,104.26437886555989,0,0.1576,19,5,1734,0,0.0,11904,92
-72.53333333333318,-870.3999999999982,12,128,distressed_assets,105.27537536621094,0,0.1569,23,5,1734,0,0.0,12032,93
-72.53333333333318,-870.3999999999982,12,128,distressed_assets,105.19096374511719,0,0.1561,21,5,1734,0,0.0,12160,94
-72.36666666666652,-868.3999999999982,12,126,distressed_assets,104.68053690592448,0,0.1553,15,5,1734,0,0.0,12288,95
-72.19999999999985,-866.3999999999982,12,124,distressed_assets,104.27923583984375,0,0.1545,21,5,1734,0,0.0,12416,96
-72.44999999999985,-869.3999999999982,12,127,distressed_assets,104.92640940348308,0,0.1537,19,5,1734,0,0.0,12544,97
-72.53333333333318,-870.3999999999982,12,128,distressed_assets,105.17515309651692,0,0.153,16,5,1734,0,0.0,12672,98
-72.44999999999985,-869.3999999999982,12,127,distressed_assets,104.82192993164062,0,0.1522,18,5,1734,0,0.0,12800,99
-72.44999999999985,-869.3999999999982,12,127,distressed_assets,124.4219258626302,0,0.25,32,6,1735,0,0.0,128,0
-72.36666666666652,-868.3999999999982,12,126,distressed_assets,104.69356282552083,0,0.2487,22,6,1735,0,0.0,256,1
-72.28333333333318,-867.3999999999982,12,125,distressed_assets,104.42412821451823,0,0.2475,35,6,1735,0,0.0,384,2
-72.44999999999985,-869.3999999999982,12,127,distressed_assets,104.96759541829427,0,0.2463,32,6,1735,0,0.0,512,3
-72.36666666666652,-868.3999999999982,12,126,distressed_assets,104.6762212117513,0,0.245,35,6,1735,0,0.0,640,4
-72.44999999999985,-869.3999999999982,12,127,distressed_assets,105.05726877848308,0,0.2438,33,6,1735,0,0.0,768,5
-72.36666666666652,-868.3999999999982,12,126,distressed_assets,104.54051971435547,0,0.2426,29,6,1735,0,0.0,896,6
-71.78333333333318,-861.3999999999982,12,119,distressed_assets,102.86738586425781,0,0.2414,36,6,1735,0,0.0,1024,7
-72.20499999999984,-866.4599999999981,12,124,distressed_assets,104.22493998209636,0,0.2402,38,6,1735,0,0.0,1152,8
-72.53333333333318,-870.3999999999982,12,128,distressed_assets,105.16061147054036,0,0.239,26,6,1735,0,0.0,1280,9
-72.44999999999985,-869.3999999999982,12,127,distressed_assets,104.83785756429036,0,0.2378,37,6,1735,0,0.0,1408,10
-72.04083333333317,-864.4899999999981,12,122,distressed_assets,103.50178782145183,0,0.2366,37,6,1735,0,0.0,1536,11
-72.44999999999985,-869.3999999999982,12,127,distressed_assets,104.83825174967448,0,0.2354,28,6,1735,0,0.0,1664,12
-72.36666666666652,-868.3999999999982,12,126,distressed_assets,104.75936635335286,0,0.2342,25,6,1735,0,0.0,1792,13
-72.36666666666652,-868.3999999999982,12,126,distressed_assets,105.08271026611328,0,0.2331,31,6,1735,0,0.0,1920,14
-72.44999999999985,-869.3999999999982,12,127,distressed_assets,104.97369130452473,0,0.2319,27,6,1735,0,0.0,2048,15
-72.19999999999985,-866.3999999999982,12,124,distressed_assets,104.35362752278645,0,0.2307,36,6,1735,0,0.0,2176,16
-72.36666666666652,-868.3999999999982,12,126,distressed_assets,104.63234202067058,0,0.2296,32,6,1735,0,0.0,2304,17
-72.53333333333318,-870.3999999999982,12,128,distressed_assets,105.15177408854167,0,0.2284,26,6,1735,0,0.0,2432,18
-72.36666666666652,-868.3999999999982,12,126,distressed_assets,104.5671157836914,0,0.2273,26,6,1735,0,0.0,2560,19
-72.28333333333318,-867.3999999999982,12,125,distressed_assets,104.26454162597656,0,0.2262,31,6,1735,0,0.0,2688,20
-72.28333333333318,-867.3999999999982,12,125,distressed_assets,104.49200693766277,0,0.225,34,6,1735,0,0.0,2816,21
-72.53333333333318,-870.3999999999982,12,128,distressed_assets,105.2044169108073,0,0.2239,26,6,1735,0,0.0,2944,22
-72.44999999999985,-869.3999999999982,12,127,distressed_assets,104.96028137207031,0,0.2228,30,6,1735,0,0.0,3072,23
-72.36666666666652,-868.3999999999982,12,126,distressed_assets,104.65080261230469,0,0.2217,23,6,1735,0,0.0,3200,24
-72.36666666666652,-868.3999999999982,12,126,distressed_assets,104.65162404378255,0,0.2206,27,6,1735,0,0.0,3328,25
-72.36666666666652,-868.3999999999982,12,126,distressed_assets,104.7912826538086,0,0.2195,31,6,1735,0,0.0,3456,26
-72.36666666666652,-868.3999999999982,12,126,distressed_assets,104.59369659423828,0,0.2184,23,6,1735,0,0.0,3584,27
-72.28333333333318,-867.3999999999982,12,125,distressed_assets,104.23993682861328,0,0.2173,28,6,1735,0,0.0,3712,28
-72.36666666666652,-868.3999999999982,12,126,distressed_assets,104.66148885091145,0,0.2162,20,6,1735,0,0.0,3840,29
-72.19999999999985,-866.3999999999982,12,124,distressed_assets,103.9675776163737,0,0.2151,29,6,1735,0,0.0,3968,30
-72.44999999999985,-869.3999999999982,12,127,distressed_assets,105.01936340332031,0,0.214,32,6,1735,0,0.0,4096,31
-72.44999999999985,-869.3999999999982,12,127,distressed_assets,104.96280924479167,0,0.213,30,6,1735,0,0.0,4224,32
-72.44999999999985,-869.3999999999982,12,127,distressed_assets,105.00444030761719,0,0.2119,24,6,1735,0,0.0,4352,33
-72.44999999999985,-869.3999999999982,12,127,distressed_assets,104.84733072916667,0,0.2108,34,6,1735,0,0.0,4480,34
-72.53333333333318,-870.3999999999982,12,128,distressed_assets,105.9758783976237,0,0.2098,23,6,1735,0,0.0,4608,35
-72.19999999999985,-866.3999999999982,12,124,distressed_assets,104.24519348144531,0,0.2087,33,6,1735,0,0.0,4736,36
-71.96249999999985,-863.5499999999982,12,121,distressed_assets,103.32863108317058,0,0.2077,31,6,1735,0,0.0,4864,37
-72.36666666666652,-868.3999999999982,12,126,distressed_assets,104.67424011230469,0,0.2066,36,6,1735,0,0.0,4992,38
-72.28333333333318,-867.3999999999982,12,125,distressed_assets,104.68161265055339,0,0.2056,33,6,1735,0,0.0,5120,39
-72.37666666666651,-868.5199999999982,12,126,distressed_assets,105.4276835123698,0,0.2046,28,6,1735,0,0.0,5248,40
-72.12666666666651,-865.5199999999982,12,123,distressed_assets,104.22659047444661,0,0.2036,33,6,1735,0,0.0,5376,41
-72.36666666666652,-868.3999999999982,12,126,distressed_assets,104.56196594238281,0,0.2025,30,6,1735,0,0.0,5504,42
-72.28333333333318,-867.3999999999982,12,125,distressed_assets,104.30391947428386,0,0.2015,27,6,1735,0,0.0,5632,43
-72.2891666666665,-867.4699999999981,12,125,distressed_assets,104.22955830891927,0,0.2005,23,6,1735,0,0.0,5760,44
-72.37416666666654,-868.4899999999984,12,126,distressed_assets,104.59645080566406,0,0.1995,23,6,1735,0,0.0,5888,45
-72.53333333333318,-870.3999999999982,12,128,distressed_assets,105.13416544596355,0,0.1985,18,6,1735,0,0.0,6016,46
-72.22499999999987,-866.6999999999983,12,124,distressed_assets,104.68467966715495,0,0.1975,22,6,1735,0,0.0,6144,47
-72.53333333333318,-870.3999999999982,12,128,distressed_assets,105.13657633463542,0,0.1965,23,6,1735,0,0.0,6272,48
-72.53333333333318,-870.3999999999982,12,128,distressed_assets,105.26179758707683,0,0.1956,25,6,1735,0,0.0,6400,49
-72.28916666666652,-867.4699999999982,12,125,distressed_assets,104.26967366536458,0,0.1946,23,6,1735,0,0.0,6528,50
-72.36666666666652,-868.3999999999982,12,126,distressed_assets,104.50893147786458,0,0.1936,15,6,1735,0,0.0,6656,51
-72.53333333333318,-870.3999999999982,12,128,distressed_assets,105.2228266398112,0,0.1926,24,6,1735,0,0.0,6784,52
-72.53333333333318,-870.3999999999982,12,128,distressed_assets,105.17723083496094,0,0.1917,24,6,1735,0,0.0,6912,53
-72.13499999999985,-865.6199999999982,12,123,distressed_assets,103.87708791097005,0,0.1907,22,6,1735,0,0.0,7040,54
-72.28333333333318,-867.3999999999982,12,125,distressed_assets,104.84954325358073,0,0.1898,25,6,1735,0,0.0,7168,55
-72.53333333333318,-870.3999999999982,12,128,distressed_assets,105.2979024251302,0,0.1888,23,6,1735,0,0.0,7296,56
-72.28333333333318,-867.3999999999982,12,125,distressed_assets,104.57615407307942,0,0.1879,23,6,1735,0,0.0,7424,57
-72.53333333333318,-870.3999999999982,12,128,distressed_assets,105.20231374104817,0,0.1869,25,6,1735,0,0.0,7552,58
-72.29333333333321,-867.5199999999985,12,125,distressed_assets,104.32446543375652,0,0.186,21,6,1735,0,0.0,7680,59
-72.53333333333318,-870.3999999999982,12,128,distressed_assets,105.1983871459961,0,0.1851,29,6,1735,0,0.0,7808,60
-72.20749999999985,-866.4899999999982,12,124,distressed_assets,103.97594960530598,0,0.1841,24,6,1735,0,0.0,7936,61
-72.38416666666656,-868.6099999999988,12,126,distressed_assets,104.87139383951823,0,0.1832,26,6,1735,0,0.0,8064,62
-72.13833333333318,-865.6599999999981,12,123,distressed_assets,104.02751159667969,0,0.1823,27,6,1735,0,0.0,8192,63
-72.20499999999986,-866.4599999999982,12,124,distressed_assets,103.9740982055664,0,0.1814,19,6,1735,0,0.0,8320,64
-72.44999999999985,-869.3999999999982,12,127,distressed_assets,105.11770884195964,0,0.1805,30,6,1735,0,0.0,8448,65
-72.44999999999985,-869.3999999999982,12,127,distressed_assets,104.8480936686198,0,0.1796,27,6,1735,0,0.0,8576,66
-71.88999999999984,-862.6799999999981,12,120,distressed_assets,102.98699188232422,0,0.1787,17,6,1735,0,0.0,8704,67
-72.53333333333318,-870.3999999999982,12,128,distressed_assets,105.15412139892578,0,0.1778,18,6,1735,0,0.0,8832,68
-72.2866666666665,-867.4399999999981,12,125,distressed_assets,104.34075673421223,0,0.1769,27,6,1735,0,0.0,8960,69
-72.53333333333318,-870.3999999999982,12,128,distressed_assets,105.19234720865886,0,0.176,27,6,1735,0,0.0,9088,70
-72.53333333333318,-870.3999999999982,12,128,distressed_assets,105.15933990478516,0,0.1751,23,6,1735,0,0.0,9216,71
-72.53333333333318,-870.3999999999982,12,128,distressed_assets,105.14573669433594,0,0.1743,16,6,1735,0,0.0,9344,72
-71.88083333333319,-862.5699999999982,12,120,distressed_assets,102.95018513997395,0,0.1734,24,6,1735,0,0.0,9472,73
-72.13916666666655,-865.6699999999986,12,123,distressed_assets,103.85499827067058,0,0.1725,18,6,1735,0,0.0,9600,74
-72.37416666666651,-868.4899999999982,12,126,distressed_assets,104.55165100097656,0,0.1717,19,6,1735,0,0.0,9728,75
-72.36666666666652,-868.3999999999982,12,126,distressed_assets,104.72119394938152,0,0.1708,29,6,1735,0,0.0,9856,76
-72.36666666666652,-868.3999999999982,12,126,distressed_assets,105.92996215820312,0,0.1699,25,6,1735,0,0.0,9984,77
-72.36666666666652,-868.3999999999982,12,126,distressed_assets,104.88631184895833,0,0.1691,14,6,1735,0,0.0,10112,78
-72.29249999999983,-867.5099999999981,12,125,distressed_assets,104.21716817220052,0,0.1683,17,6,1735,0,0.0,10240,79
-72.53333333333318,-870.3999999999982,12,128,distressed_assets,105.20215606689453,0,0.1674,21,6,1735,0,0.0,10368,80
-72.2174999999999,-866.6099999999988,12,124,distressed_assets,104.61331176757812,0,0.1666,22,6,1735,0,0.0,10496,81
-72.53333333333318,-870.3999999999982,12,128,distressed_assets,105.13892364501953,0,0.1657,20,6,1735,0,0.0,10624,82
-72.36666666666652,-868.3999999999982,12,126,distressed_assets,104.50853474934895,0,0.1649,14,6,1735,0,0.0,10752,83
-72.53333333333318,-870.3999999999982,12,128,distressed_assets,105.35788218180339,0,0.1641,29,6,1735,0,0.0,10880,84
-72.53333333333318,-870.3999999999982,12,128,distressed_assets,105.12285614013672,0,0.1633,17,6,1735,0,0.0,11008,85
-72.44999999999985,-869.3999999999982,12,127,distressed_assets,104.88983154296875,0,0.1625,23,6,1735,0,0.0,11136,86
-72.21249999999988,-866.5499999999985,12,124,distressed_assets,103.98889414469402,0,0.1616,28,6,1735,0,0.0,11264,87
-72.44999999999985,-869.3999999999982,12,127,distressed_assets,104.86897786458333,0,0.1608,21,6,1735,0,0.0,11392,88
-72.29333333333321,-867.5199999999985,12,125,distressed_assets,104.2741470336914,0,0.16,17,6,1735,0,0.0,11520,89
-72.44999999999985,-869.3999999999982,12,127,distressed_assets,105.06937408447266,0,0.1592,14,6,1735,0,0.0,11648,90
-72.53333333333318,-870.3999999999982,12,128,distressed_assets,105.1684799194336,0,0.1584,27,6,1735,0,0.0,11776,91
-72.12666666666654,-865.5199999999984,12,123,distressed_assets,103.62832895914714,0,0.1576,20,6,1735,0,0.0,11904,92
-72.44999999999985,-869.3999999999982,12,127,distressed_assets,104.85882822672527,0,0.1569,25,6,1735,0,0.0,12032,93
-72.21583333333321,-866.5899999999986,12,124,distressed_assets,104.44509379069011,0,0.1561,21,6,1735,0,0.0,12160,94
-72.44999999999985,-869.3999999999982,12,127,distressed_assets,104.87193806966145,0,0.1553,19,6,1735,0,0.0,12288,95
-72.53333333333318,-870.3999999999982,12,128,distressed_assets,105.1597900390625,0,0.1545,20,6,1735,0,0.0,12416,96
-71.90083333333318,-862.8099999999982,12,120,distressed_assets,102.89115905761719,0,0.1537,26,6,1735,0,0.0,12544,97
-72.44999999999985,-869.3999999999982,12,127,distressed_assets,104.81870524088542,0,0.153,26,6,1735,0,0.0,12672,98
-71.63916666666655,-859.6699999999987,12,117,distressed_assets,101.9394048055013,0,0.1522,18,6,1735,0,0.0,12800,99
-72.44999999999985,-869.3999999999982,12,127,distressed_assets,105.42124684651692,0,0.25,28,7,1736,0,0.0,128,0
-72.36666666666652,-868.3999999999982,12,126,distressed_assets,105.37042999267578,0,0.2487,35,7,1736,0,0.0,256,1
-71.91249999999984,-862.9499999999981,12,120,distressed_assets,102.97966766357422,0,0.2475,32,7,1736,0,0.0,384,2
-72.04083333333318,-864.4899999999982,12,122,distressed_assets,103.70167795817058,0,0.2463,31,7,1736,0,0.0,512,3
-72.44999999999985,-869.3999999999982,12,127,distressed_assets,104.99002583821614,0,0.245,33,7,1736,0,0.0,640,4
-71.87749999999984,-862.5299999999982,12,120,distressed_assets,103.10030364990234,0,0.2438,38,7,1736,0,0.0,768,5
-72.53333333333318,-870.3999999999982,12,128,distressed_assets,105.30814870198567,0,0.2426,24,7,1736,0,0.0,896,6
-72.13333333333318,-865.5999999999982,12,123,distressed_assets,103.7844746907552,0,0.2414,25,7,1736,0,0.0,1024,7
-72.13416666666652,-865.6099999999982,12,123,distressed_assets,103.86396789550781,0,0.2402,36,7,1736,0,0.0,1152,8
-72.36666666666652,-868.3999999999982,12,126,distressed_assets,104.53601582845052,0,0.239,30,7,1736,0,0.0,1280,9
-72.36666666666652,-868.3999999999982,12,126,distressed_assets,104.59382629394531,0,0.2378,29,7,1736,0,0.0,1408,10
-72.28833333333317,-867.4599999999981,12,125,distressed_assets,104.42256673177083,0,0.2366,39,7,1736,0,0.0,1536,11
-72.53333333333318,-870.3999999999982,12,128,distressed_assets,105.20540873209636,0,0.2354,32,7,1736,0,0.0,1664,12
-72.28333333333318,-867.3999999999982,12,125,distressed_assets,104.61610412597656,0,0.2342,26,7,1736,0,0.0,1792,13
-72.20749999999985,-866.4899999999982,12,124,distressed_assets,104.06849924723308,0,0.2331,33,7,1736,0,0.0,1920,14
-72.36666666666652,-868.3999999999982,12,126,distressed_assets,104.61198170979817,0,0.2319,32,7,1736,0,0.0,2048,15
-72.44999999999985,-869.3999999999982,12,127,distressed_assets,104.9407958984375,0,0.2307,35,7,1736,0,0.0,2176,16
-72.44999999999985,-869.3999999999982,12,127,distressed_assets,105.0127665201823,0,0.2296,34,7,1736,0,0.0,2304,17
-72.29083333333318,-867.4899999999982,12,125,distressed_assets,104.26244099934895,0,0.2284,40,7,1736,0,0.0,2432,18
-71.9024999999999,-862.8299999999989,12,120,distressed_assets,103.46265157063802,0,0.2273,30,7,1736,0,0.0,2560,19
-72.53333333333318,-870.3999999999982,12,128,distressed_assets,105.14186604817708,0,0.2262,18,7,1736,0,0.0,2688,20
-72.21916666666651,-866.6299999999982,12,124,distressed_assets,104.01250457763672,0,0.225,34,7,1736,0,0.0,2816,21
-72.44999999999985,-869.3999999999982,12,127,distressed_assets,104.79784138997395,0,0.2239,29,7,1736,0,0.0,2944,22
-71.57166666666656,-858.8599999999988,12,116,distressed_assets,102.45174662272136,0,0.2228,43,7,1736,0,0.0,3072,23
-72.28333333333318,-867.3999999999982,12,125,distressed_assets,104.34009297688802,0,0.2217,30,7,1736,0,0.0,3200,24
-72.44999999999985,-869.3999999999982,12,127,distressed_assets,104.94350941975911,0,0.2206,24,7,1736,0,0.0,3328,25
-72.36666666666652,-868.3999999999982,12,126,distressed_assets,104.55558522542317,0,0.2195,30,7,1736,0,0.0,3456,26
-72.44999999999985,-869.3999999999982,12,127,distressed_assets,104.90957132975261,0,0.2184,27,7,1736,0,0.0,3584,27
-72.28333333333318,-867.3999999999982,12,125,distressed_assets,104.54934438069661,0,0.2173,28,7,1736,0,0.0,3712,28
-72.28333333333318,-867.3999999999982,12,125,distressed_assets,104.32766215006511,0,0.2162,34,7,1736,0,0.0,3840,29
-72.36666666666652,-868.3999999999982,12,126,distressed_assets,104.86901601155598,0,0.2151,38,7,1736,0,0.0,3968,30
-72.53333333333318,-870.3999999999982,12,128,distressed_assets,105.15536753336589,0,0.214,24,7,1736,0,0.0,4096,31
-72.53333333333318,-870.3999999999982,12,128,distressed_assets,105.18156433105469,0,0.213,28,7,1736,0,0.0,4224,32
-72.44999999999985,-869.3999999999982,12,127,distressed_assets,105.12524668375652,0,0.2119,23,7,1736,0,0.0,4352,33
-72.53333333333318,-870.3999999999982,12,128,distressed_assets,105.18016052246094,0,0.2108,21,7,1736,0,0.0,4480,34
-72.19999999999985,-866.3999999999982,12,124,distressed_assets,104.10081481933594,0,0.2098,32,7,1736,0,0.0,4608,35
-72.44999999999985,-869.3999999999982,12,127,distressed_assets,104.90815734863281,0,0.2087,29,7,1736,0,0.0,4736,36
-72.2891666666665,-867.4699999999981,12,125,distressed_assets,104.56607564290364,0,0.2077,37,7,1736,0,0.0,4864,37
-72.44999999999985,-869.3999999999982,12,127,distressed_assets,104.84559885660808,0,0.2066,26,7,1736,0,0.0,4992,38
-72.36666666666652,-868.3999999999982,12,126,distressed_assets,104.7359848022461,0,0.2056,21,7,1736,0,0.0,5120,39
-72.53333333333318,-870.3999999999982,12,128,distressed_assets,105.22103881835938,0,0.2046,27,7,1736,0,0.0,5248,40
-72.28333333333318,-867.3999999999982,12,125,distressed_assets,105.2505620320638,0,0.2036,27,7,1736,0,0.0,5376,41
-72.44999999999985,-869.3999999999982,12,127,distressed_assets,105.49858856201172,0,0.2025,21,7,1736,0,0.0,5504,42
-72.53333333333318,-870.3999999999982,12,128,distressed_assets,105.73207600911458,0,0.2015,21,7,1736,0,0.0,5632,43
-72.36666666666652,-868.3999999999982,12,126,distressed_assets,104.53970336914062,0,0.2005,24,7,1736,0,0.0,5760,44
-72.53333333333318,-870.3999999999982,12,128,distressed_assets,105.23758443196614,0,0.1995,22,7,1736,0,0.0,5888,45
-72.20416666666652,-866.4499999999982,12,124,distressed_assets,104.50648752848308,0,0.1985,27,7,1736,0,0.0,6016,46
-72.36666666666652,-868.3999999999982,12,126,distressed_assets,104.65135955810547,0,0.1975,21,7,1736,0,0.0,6144,47
-72.44999999999985,-869.3999999999982,12,127,distressed_assets,104.92168680826823,0,0.1965,20,7,1736,0,0.0,6272,48
-72.28333333333318,-867.3999999999982,12,125,distressed_assets,104.51745859781902,0,0.1956,26,7,1736,0,0.0,6400,49
-72.44999999999985,-869.3999999999982,12,127,distressed_assets,104.87561543782552,0,0.1946,16,7,1736,0,0.0,6528,50
-72.44999999999985,-869.3999999999982,12,127,distressed_assets,104.83470153808594,0,0.1936,23,7,1736,0,0.0,6656,51
-72.36666666666652,-868.3999999999982,12,126,distressed_assets,104.5084737141927,0,0.1926,25,7,1736,0,0.0,6784,52
-71.97999999999985,-863.7599999999982,12,121,distressed_assets,103.71419270833333,0,0.1917,30,7,1736,0,0.0,6912,53
-72.36666666666652,-868.3999999999982,12,126,distressed_assets,105.35170491536458,0,0.1907,28,7,1736,0,0.0,7040,54
-72.36666666666652,-868.3999999999982,12,126,distressed_assets,104.56793721516927,0,0.1898,24,7,1736,0,0.0,7168,55
-72.44999999999985,-869.3999999999982,12,127,distressed_assets,104.98014577229817,0,0.1888,25,7,1736,0,0.0,7296,56
-72.53333333333318,-870.3999999999982,12,128,distressed_assets,105.1797358194987,0,0.1879,19,7,1736,0,0.0,7424,57
-72.53333333333318,-870.3999999999982,12,128,distressed_assets,105.19556172688802,0,0.1869,25,7,1736,0,0.0,7552,58
-72.19999999999985,-866.3999999999982,12,124,distressed_assets,103.9303716023763,0,0.186,25,7,1736,0,0.0,7680,59
-72.44999999999985,-869.3999999999982,12,127,distressed_assets,104.94190470377605,0,0.1851,24,7,1736,0,0.0,7808,60
-72.28333333333318,-867.3999999999982,12,125,distressed_assets,104.61686197916667,0,0.1841,22,7,1736,0,0.0,7936,61
-72.44999999999985,-869.3999999999982,12,127,distressed_assets,104.89299774169922,0,0.1832,25,7,1736,0,0.0,8064,62
-72.28333333333318,-867.3999999999982,12,125,distressed_assets,104.36313120524089,0,0.1823,23,7,1736,0,0.0,8192,63
-72.36666666666652,-868.3999999999982,12,126,distressed_assets,104.62122090657552,0,0.1814,22,7,1736,0,0.0,8320,64
-72.44999999999985,-869.3999999999982,12,127,distressed_assets,104.89146931966145,0,0.1805,27,7,1736,0,0.0,8448,65
-72.44999999999985,-869.3999999999982,12,127,distressed_assets,104.89691162109375,0,0.1796,20,7,1736,0,0.0,8576,66
-72.19999999999985,-866.3999999999982,12,124,distressed_assets,104.17323557535808,0,0.1787,26,7,1736,0,0.0,8704,67
-72.53333333333318,-870.3999999999982,12,128,distressed_assets,105.16583251953125,0,0.1778,17,7,1736,0,0.0,8832,68
-72.28333333333318,-867.3999999999982,12,125,distressed_assets,104.38950093587239,0,0.1769,32,7,1736,0,0.0,8960,69
-72.36666666666652,-868.3999999999982,12,126,distressed_assets,104.80632781982422,0,0.176,21,7,1736,0,0.0,9088,70
-72.53333333333318,-870.3999999999982,12,128,distressed_assets,105.19728342692058,0,0.1751,25,7,1736,0,0.0,9216,71
-72.44999999999985,-869.3999999999982,12,127,distressed_assets,104.87350463867188,0,0.1743,19,7,1736,0,0.0,9344,72
-72.44999999999985,-869.3999999999982,12,127,distressed_assets,104.97843678792317,0,0.1734,24,7,1736,0,0.0,9472,73
-72.53333333333318,-870.3999999999982,12,128,distressed_assets,105.18776194254558,0,0.1725,17,7,1736,0,0.0,9600,74
-72.20583333333319,-866.4699999999982,12,124,distressed_assets,105.55088297526042,0,0.1717,25,7,1736,0,0.0,9728,75
-72.44999999999985,-869.3999999999982,12,127,distressed_assets,104.89938100179036,0,0.1708,18,7,1736,0,0.0,9856,76
-72.36666666666652,-868.3999999999982,12,126,distressed_assets,104.63614654541016,0,0.1699,19,7,1736,0,0.0,9984,77
-72.44999999999985,-869.3999999999982,12,127,distressed_assets,104.98827107747395,0,0.1691,20,7,1736,0,0.0,10112,78
-72.44999999999985,-869.3999999999982,12,127,distressed_assets,104.88297526041667,0,0.1683,18,7,1736,0,0.0,10240,79
-72.44999999999985,-869.3999999999982,12,127,distressed_assets,104.97045644124348,0,0.1674,20,7,1736,0,0.0,10368,80
-72.53333333333318,-870.3999999999982,12,128,distressed_assets,105.56192270914714,0,0.1666,30,7,1736,0,0.0,10496,81
-72.28333333333318,-867.3999999999982,12,125,distressed_assets,104.67629496256511,0,0.1657,22,7,1736,0,0.0,10624,82
-72.28499999999984,-867.4199999999981,12,125,distressed_assets,104.29167175292969,0,0.1649,24,7,1736,0,0.0,10752,83
-72.53333333333318,-870.3999999999982,12,128,distressed_assets,105.21624501546223,0,0.1641,23,7,1736,0,0.0,10880,84
-72.19999999999985,-866.3999999999982,12,124,distressed_assets,104.21453348795573,0,0.1633,25,7,1736,0,0.0,11008,85
-72.36666666666652,-868.3999999999982,12,126,distressed_assets,104.6978251139323,0,0.1625,20,7,1736,0,0.0,11136,86
-72.53333333333318,-870.3999999999982,12,128,distressed_assets,105.18602244059245,0,0.1616,21,7,1736,0,0.0,11264,87
-72.44999999999985,-869.3999999999982,12,127,distressed_assets,104.87907409667969,0,0.1608,21,7,1736,0,0.0,11392,88
-72.53333333333318,-870.3999999999982,12,128,distressed_assets,105.17372131347656,0,0.16,19,7,1736,0,0.0,11520,89
-72.53333333333318,-870.3999999999982,12,128,distressed_assets,105.16874186197917,0,0.1592,22,7,1736,0,0.0,11648,90
-72.36666666666652,-868.3999999999982,12,126,distressed_assets,104.7454350789388,0,0.1584,20,7,1736,0,0.0,11776,91
-72.36666666666652,-868.3999999999982,12,126,distressed_assets,104.7764409383138,0,0.1576,20,7,1736,0,0.0,11904,92
-72.44999999999985,-869.3999999999982,12,127,distressed_assets,105.08372751871745,0,0.1569,15,7,1736,0,0.0,12032,93
-72.36666666666652,-868.3999999999982,12,126,distressed_assets,104.57093811035156,0,0.1561,22,7,1736,0,0.0,12160,94
-72.53333333333318,-870.3999999999982,12,128,distressed_assets,105.9127909342448,0,0.1553,19,7,1736,0,0.0,12288,95
-72.21999999999984,-866.6399999999982,12,124,distressed_assets,105.51786549886067,0,0.1545,17,7,1736,0,0.0,12416,96
-72.37166666666651,-868.4599999999982,12,126,distressed_assets,105.31770324707031,0,0.1537,20,7,1736,0,0.0,12544,97
-72.36666666666652,-868.3999999999982,12,126,distressed_assets,104.90796661376953,0,0.153,20,7,1736,0,0.0,12672,98
-72.44999999999985,-869.3999999999982,12,127,distressed_assets,104.81901295979817,0,0.1522,20,7,1736,0,0.0,12800,99
-68.6433333333333,-823.7199999999997,12,79,distressed_assets,120.33943176269531,0,0.25,35,8,1737,0,0.0,128,0
-69.17499999999997,-830.0999999999997,12,86,distressed_assets,120.75098673502605,0,0.2487,29,8,1737,0,0.0,256,1
-69.39999999999995,-832.7999999999994,12,89,distressed_assets,109.73429616292317,0,0.2475,30,8,1737,0,0.0,384,2
-71.55249999999991,-858.6299999999989,12,116,distressed_assets,103.0969746907552,0,0.2463,37,8,1737,0,0.0,512,3
-71.4108333333332,-856.9299999999985,12,114,distressed_assets,102.14773559570312,0,0.245,31,8,1737,0,0.0,640,4
-72.03333333333318,-864.3999999999982,12,122,distressed_assets,103.7957763671875,0,0.2438,37,8,1737,0,0.0,768,5
-71.79333333333318,-861.5199999999982,12,119,distressed_assets,103.03672536214192,0,0.2426,37,8,1737,0,0.0,896,6
-72.36666666666652,-868.3999999999982,12,126,distressed_assets,104.92960357666016,0,0.2414,29,8,1737,0,0.0,1024,7
-72.11916666666652,-865.4299999999982,12,123,distressed_assets,103.7893575032552,0,0.2402,32,8,1737,0,0.0,1152,8
-72.44999999999985,-869.3999999999982,12,127,distressed_assets,104.93148295084636,0,0.239,26,8,1737,0,0.0,1280,9
-72.28333333333318,-867.3999999999982,12,125,distressed_assets,104.41641489664714,0,0.2378,28,8,1737,0,0.0,1408,10
-72.44999999999985,-869.3999999999982,12,127,distressed_assets,104.98449198404948,0,0.2366,26,8,1737,0,0.0,1536,11
-72.36666666666652,-868.3999999999982,12,126,distressed_assets,104.73219299316406,0,0.2354,33,8,1737,0,0.0,1664,12
-72.36916666666652,-868.4299999999982,12,126,distressed_assets,104.71668752034505,0,0.2342,24,8,1737,0,0.0,1792,13
-72.11916666666652,-865.4299999999982,12,123,distressed_assets,104.43853251139323,0,0.2331,42,8,1737,0,0.0,1920,14
-72.53333333333318,-870.3999999999982,12,128,distressed_assets,105.1230697631836,0,0.2319,21,8,1737,0,0.0,2048,15
-72.53333333333318,-870.3999999999982,12,128,distressed_assets,105.66276041666667,0,0.2307,25,8,1737,0,0.0,2176,16
-72.03416666666651,-864.4099999999981,12,122,distressed_assets,103.79718526204427,0,0.2296,38,8,1737,0,0.0,2304,17
-71.63416666666653,-859.6099999999984,12,117,distressed_assets,101.98652648925781,0,0.2284,21,8,1737,0,0.0,2432,18
-70.37583333333322,-844.5099999999986,12,101,distressed_assets,98.96598052978516,0,0.2273,30,8,1737,0,0.0,2560,19
-71.32249999999989,-855.8699999999986,12,113,distressed_assets,101.19175211588542,0,0.2262,25,8,1737,0,0.0,2688,20
-71.16166666666656,-853.9399999999988,12,111,distressed_assets,101.37359110514323,0,0.225,30,8,1737,0,0.0,2816,21
-70.89666666666652,-850.7599999999982,12,107,distressed_assets,100.56927744547527,0,0.2239,34,8,1737,0,0.0,2944,22
-70.77499999999988,-849.2999999999985,12,106,distressed_assets,99.69745635986328,0,0.2228,26,8,1737,0,0.0,3072,23
-70.45333333333322,-845.4399999999987,12,102,distressed_assets,99.72076416015625,0,0.2217,31,8,1737,0,0.0,3200,24
-70.36833333333323,-844.4199999999987,12,101,distressed_assets,99.37942759195964,0,0.2206,28,8,1737,0,0.0,3328,25
-70.28333333333332,-843.3999999999999,12,100,distressed_assets,99.29803212483723,0,0.2195,21,8,1737,0,0.0,3456,26
-69.92833333333319,-839.1399999999982,12,95,distressed_assets,99.40155537923177,0,0.2184,22,8,1737,0,0.0,3584,27
-69.26499999999999,-831.1799999999998,12,87,distressed_assets,96.79195149739583,0,0.2173,31,8,1737,0,0.0,3712,28
-69.26833333333326,-831.2199999999991,12,87,distressed_assets,96.25309753417969,0,0.2162,18,8,1737,0,0.0,3840,29
-68.7558333333334,-825.0700000000007,12,80,distressed_assets,95.84546152750652,0,0.2151,23,8,1737,0,0.0,3968,30
-69.2783333333333,-831.3399999999996,12,87,distressed_assets,96.51861063639323,0,0.214,26,8,1737,0,0.0,4096,31
-69.98166666666661,-839.7799999999994,12,96,distressed_assets,97.45675404866536,0,0.213,39,8,1737,0,0.0,4224,32
-71.05416666666659,-852.6499999999991,12,109,distressed_assets,101.06212107340495,0,0.2119,37,8,1737,0,0.0,4352,33
-71.10166666666655,-853.2199999999985,12,110,distressed_assets,101.23631540934245,0,0.2108,22,8,1737,0,0.0,4480,34
-71.2258333333332,-854.7099999999984,12,112,distressed_assets,101.70206197102864,0,0.2098,28,8,1737,0,0.0,4608,35
-70.88416666666656,-850.6099999999988,12,107,distressed_assets,100.84154764811198,0,0.2087,19,8,1737,0,0.0,4736,36
-70.72333333333329,-848.6799999999994,12,105,distressed_assets,100.56930287679036,0,0.2077,28,8,1737,0,0.0,4864,37
-71.31499999999987,-855.7799999999985,12,113,distressed_assets,101.24260965983073,0,0.2066,24,8,1737,0,0.0,4992,38
-70.42416666666655,-845.0899999999987,12,101,distressed_assets,99.41268920898438,0,0.2056,19,8,1737,0,0.0,5120,39
-71.33083333333322,-855.9699999999985,12,113,distressed_assets,101.64823659261067,0,0.2046,15,8,1737,0,0.0,5248,40
-70.2824999999999,-843.3899999999988,12,100,distressed_assets,98.69451904296875,0,0.2036,30,8,1737,0,0.0,5376,41
-70.21916666666662,-842.6299999999995,12,98,distressed_assets,99.16898345947266,0,0.2025,23,8,1737,0,0.0,5504,42
-69.29499999999997,-831.5399999999997,12,87,distressed_assets,96.23052469889323,0,0.2015,21,8,1737,0,0.0,5632,43
-69.23333333333332,-830.7999999999998,12,86,distressed_assets,96.74156443277995,0,0.2005,26,8,1737,0,0.0,5760,44
-69.91499999999998,-838.9799999999998,12,95,distressed_assets,99.05908711751302,0,0.1995,32,8,1737,0,0.0,5888,45
-69.14083333333339,-829.6900000000006,12,85,distressed_assets,97.12019856770833,0,0.1985,17,8,1737,0,0.0,6016,46
-68.77166666666666,-825.26,12,80,distressed_assets,96.56942749023438,0,0.1975,22,8,1737,0,0.0,6144,47
-68.67166666666672,-824.0600000000006,12,79,distressed_assets,96.0373764038086,0,0.1965,27,8,1737,0,0.0,6272,48
-69.36166666666666,-832.3399999999999,12,88,distressed_assets,96.63595581054688,0,0.1956,24,8,1737,0,0.0,6400,49
-69.61916666666666,-835.4299999999998,12,91,distressed_assets,98.39944712320964,0,0.1946,20,8,1737,0,0.0,6528,50
-70.0066666666665,-840.0799999999981,12,96,distressed_assets,99.34716542561848,0,0.1936,22,8,1737,0,0.0,6656,51
-70.24416666666656,-842.9299999999987,12,99,distressed_assets,99.4170913696289,0,0.1926,27,8,1737,0,0.0,6784,52
-69.98583333333325,-839.8299999999989,12,96,distressed_assets,98.50398763020833,0,0.1917,33,8,1737,0,0.0,6912,53
-70.03916666666673,-840.4700000000007,12,96,distressed_assets,100.02970377604167,0,0.1907,24,8,1737,0,0.0,7040,54
-70.70916666666655,-848.5099999999986,12,105,distressed_assets,101.37427520751953,0,0.1898,26,8,1737,0,0.0,7168,55
-69.85249999999995,-838.2299999999993,12,94,distressed_assets,98.7617416381836,0,0.1888,17,8,1737,0,0.0,7296,56
-70.93166666666654,-851.1799999999985,12,108,distressed_assets,100.79994201660156,0,0.1879,21,8,1737,0,0.0,7424,57
-70.1499999999999,-841.7999999999989,12,98,distressed_assets,98.3353754679362,0,0.1869,29,8,1737,0,0.0,7552,58
-69.46249999999995,-833.5499999999994,12,89,distressed_assets,96.6151351928711,0,0.186,29,8,1737,0,0.0,7680,59
-69.30833333333335,-831.7000000000003,12,87,distressed_assets,96.55237325032552,0,0.1851,27,8,1737,0,0.0,7808,60
-69.78999999999995,-837.4799999999994,12,93,distressed_assets,97.34043629964192,0,0.1841,13,8,1737,0,0.0,7936,61
-69.45583333333336,-833.4700000000003,12,89,distressed_assets,98.02974446614583,0,0.1832,25,8,1737,0,0.0,8064,62
-70.00499999999991,-840.0599999999989,12,96,distressed_assets,98.59618377685547,0,0.1823,25,8,1737,0,0.0,8192,63
-70.10749999999987,-841.2899999999985,12,97,distressed_assets,99.00523122151692,0,0.1814,28,8,1737,0,0.0,8320,64
-70.5674999999999,-846.8099999999987,12,103,distressed_assets,99.93709055582683,0,0.1805,25,8,1737,0,0.0,8448,65
-70.00249999999991,-840.029999999999,12,96,distressed_assets,98.06826527913411,0,0.1796,18,8,1737,0,0.0,8576,66
-70.15416666666663,-841.8499999999996,12,98,distressed_assets,99.44667561848958,0,0.1787,24,8,1737,0,0.0,8704,67
-70.17249999999996,-842.0699999999995,12,98,distressed_assets,99.3293685913086,0,0.1778,23,8,1737,0,0.0,8832,68
-71.02250000000005,-852.2700000000007,12,109,distressed_assets,102.02410380045573,0,0.1769,21,8,1737,0,0.0,8960,69
-71.56833333333329,-858.8199999999994,12,116,distressed_assets,103.59291585286458,0,0.176,21,8,1737,0,0.0,9088,70
-72.28333333333318,-867.3999999999982,12,125,distressed_assets,104.85596211751302,0,0.1751,26,8,1737,0,0.0,9216,71
-72.36666666666652,-868.3999999999982,12,126,distressed_assets,104.8537114461263,0,0.1743,31,8,1737,0,0.0,9344,72
-72.53333333333318,-870.3999999999982,12,128,distressed_assets,105.2048110961914,0,0.1734,22,8,1737,0,0.0,9472,73
-72.53333333333318,-870.3999999999982,12,128,distressed_assets,105.1293462117513,0,0.1725,13,8,1737,0,0.0,9600,74
-72.36749999999985,-868.4099999999981,12,126,distressed_assets,104.86028289794922,0,0.1717,20,8,1737,0,0.0,9728,75
-72.29583333333319,-867.5499999999984,12,125,distressed_assets,104.4177017211914,0,0.1708,27,8,1737,0,0.0,9856,76
-72.36666666666652,-868.3999999999982,12,126,distressed_assets,104.6890360514323,0,0.1699,20,8,1737,0,0.0,9984,77
-72.53333333333318,-870.3999999999982,12,128,distressed_assets,105.23604329427083,0,0.1691,18,8,1737,0,0.0,10112,78
-72.44999999999985,-869.3999999999982,12,127,distressed_assets,104.93953704833984,0,0.1683,22,8,1737,0,0.0,10240,79
-72.53333333333318,-870.3999999999982,12,128,distressed_assets,105.21509043375652,0,0.1674,17,8,1737,0,0.0,10368,80
-72.36666666666652,-868.3999999999982,12,126,distressed_assets,104.53946177164714,0,0.1666,18,8,1737,0,0.0,10496,81
-72.44999999999985,-869.3999999999982,12,127,distressed_assets,104.8758316040039,0,0.1657,21,8,1737,0,0.0,10624,82
-72.28333333333318,-867.3999999999982,12,125,distressed_assets,104.3904291788737,0,0.1649,22,8,1737,0,0.0,10752,83
-72.28333333333318,-867.3999999999982,12,125,distressed_assets,104.69090779622395,0,0.1641,22,8,1737,0,0.0,10880,84
-72.44999999999985,-869.3999999999982,12,127,distressed_assets,104.82374064127605,0,0.1633,17,8,1737,0,0.0,11008,85
-72.36666666666652,-868.3999999999982,12,126,distressed_assets,104.65069325764973,0,0.1625,20,8,1737,0,0.0,11136,86
-72.36666666666652,-868.3999999999982,12,126,distressed_assets,104.78479766845703,0,0.1616,22,8,1737,0,0.0,11264,87
-72.36666666666652,-868.3999999999982,12,126,distressed_assets,104.55813598632812,0,0.1608,26,8,1737,0,0.0,11392,88
-72.53333333333318,-870.3999999999982,12,128,distressed_assets,105.27089945475261,0,0.16,27,8,1737,0,0.0,11520,89
-72.53333333333318,-870.3999999999982,12,128,distressed_assets,105.17930094401042,0,0.1592,17,8,1737,0,0.0,11648,90
-72.44999999999985,-869.3999999999982,12,127,distressed_assets,104.80419413248698,0,0.1584,14,8,1737,0,0.0,11776,91
-72.44999999999985,-869.3999999999982,12,127,distressed_assets,105.03341420491536,0,0.1576,11,8,1737,0,0.0,11904,92
-72.44999999999985,-869.3999999999982,12,127,distressed_assets,104.83798472086589,0,0.1569,18,8,1737,0,0.0,12032,93
-72.44999999999985,-869.3999999999982,12,127,distressed_assets,104.83863321940105,0,0.1561,26,8,1737,0,0.0,12160,94
-72.53333333333318,-870.3999999999982,12,128,distressed_assets,105.15994262695312,0,0.1553,18,8,1737,0,0.0,12288,95
-72.53333333333318,-870.3999999999982,12,128,distressed_assets,105.17871856689453,0,0.1545,18,8,1737,0,0.0,12416,96
-72.28333333333318,-867.3999999999982,12,125,distressed_assets,104.49853006998698,0,0.1537,20,8,1737,0,0.0,12544,97
-72.28333333333318,-867.3999999999982,12,125,distressed_assets,104.69852447509766,0,0.153,19,8,1737,0,0.0,12672,98
-72.53333333333318,-870.3999999999982,12,128,distressed_assets,105.24775695800781,0,0.1522,27,8,1737,0,0.0,12800,99
-72.36666666666652,-868.3999999999982,12,126,distressed_assets,107.75393676757812,0,0.25,27,9,1738,0,0.0,128,0
-72.36666666666652,-868.3999999999982,12,126,distressed_assets,104.75768025716145,0,0.2487,42,9,1738,0,0.0,256,1
-72.36666666666652,-868.3999999999982,12,126,distressed_assets,104.89635467529297,0,0.2475,37,9,1738,0,0.0,384,2
-72.37166666666651,-868.4599999999982,12,126,distressed_assets,104.60084533691406,0,0.2463,27,9,1738,0,0.0,512,3
-72.28333333333318,-867.3999999999982,12,125,distressed_assets,104.33992258707683,0,0.245,28,9,1738,0,0.0,640,4
-72.1291666666665,-865.5499999999981,12,123,distressed_assets,103.76600392659505,0,0.2438,30,9,1738,0,0.0,768,5
-72.44999999999985,-869.3999999999982,12,127,distressed_assets,105.00271352132161,0,0.2426,27,9,1738,0,0.0,896,6
-72.12916666666653,-865.5499999999985,12,123,distressed_assets,103.85054779052734,0,0.2414,34,9,1738,0,0.0,1024,7
-72.44999999999985,-869.3999999999982,12,127,distressed_assets,104.86714680989583,0,0.2402,28,9,1738,0,0.0,1152,8
-72.19999999999985,-866.3999999999982,12,124,distressed_assets,104.3416264851888,0,0.239,35,9,1738,0,0.0,1280,9
-72.36666666666652,-868.3999999999982,12,126,distressed_assets,104.6807352701823,0,0.2378,35,9,1738,0,0.0,1408,10
-72.36666666666652,-868.3999999999982,12,126,distressed_assets,104.55635070800781,0,0.2366,31,9,1738,0,0.0,1536,11
-72.28333333333318,-867.3999999999982,12,125,distressed_assets,104.47093454996745,0,0.2354,24,9,1738,0,0.0,1664,12
-72.53333333333318,-870.3999999999982,12,128,distressed_assets,105.18241119384766,0,0.2342,30,9,1738,0,0.0,1792,13
-72.53333333333318,-870.3999999999982,12,128,distressed_assets,105.17993927001953,0,0.2331,31,9,1738,0,0.0,1920,14
-72.44999999999985,-869.3999999999982,12,127,distressed_assets,105.39878336588542,0,0.2319,32,9,1738,0,0.0,2048,15
-72.44999999999985,-869.3999999999982,12,127,distressed_assets,104.94533030192058,0,0.2307,25,9,1738,0,0.0,2176,16
-72.19999999999985,-866.3999999999982,12,124,distressed_assets,104.96573130289714,0,0.2296,31,9,1738,0,0.0,2304,17
-72.11666666666652,-865.3999999999982,12,123,distressed_assets,104.22474924723308,0,0.2284,29,9,1738,0,0.0,2432,18
-72.36666666666652,-868.3999999999982,12,126,distressed_assets,104.58063507080078,0,0.2273,33,9,1738,0,0.0,2560,19
-72.44999999999985,-869.3999999999982,12,127,distressed_assets,104.90976460774739,0,0.2262,28,9,1738,0,0.0,2688,20
-72.44999999999985,-869.3999999999982,12,127,distressed_assets,104.89832305908203,0,0.225,26,9,1738,0,0.0,2816,21
-72.11666666666652,-865.3999999999982,12,123,distressed_assets,103.73012034098308,0,0.2239,28,9,1738,0,0.0,2944,22
-72.44999999999985,-869.3999999999982,12,127,distressed_assets,104.8644282023112,0,0.2228,24,9,1738,0,0.0,3072,23
-72.53333333333318,-870.3999999999982,12,128,distressed_assets,105.16500854492188,0,0.2217,26,9,1738,0,0.0,3200,24
-72.30333333333324,-867.6399999999988,12,125,distressed_assets,104.8577397664388,0,0.2206,24,9,1738,0,0.0,3328,25
-72.44999999999985,-869.3999999999982,12,127,distressed_assets,105.07952626546223,0,0.2195,24,9,1738,0,0.0,3456,26
-72.28333333333318,-867.3999999999982,12,125,distressed_assets,104.40121205647786,0,0.2184,29,9,1738,0,0.0,3584,27
-72.36666666666652,-868.3999999999982,12,126,distressed_assets,105.59271240234375,0,0.2173,28,9,1738,0,0.0,3712,28
-72.44999999999985,-869.3999999999982,12,127,distressed_assets,105.05252329508464,0,0.2162,24,9,1738,0,0.0,3840,29
-72.53333333333318,-870.3999999999982,12,128,distressed_assets,105.42431131998698,0,0.2151,24,9,1738,0,0.0,3968,30
-72.44999999999985,-869.3999999999982,12,127,distressed_assets,104.86965433756511,0,0.214,24,9,1738,0,0.0,4096,31
-72.28333333333318,-867.3999999999982,12,125,distressed_assets,104.65322367350261,0,0.213,27,9,1738,0,0.0,4224,32
-72.28583333333319,-867.4299999999982,12,125,distressed_assets,104.48389943440755,0,0.2119,36,9,1738,0,0.0,4352,33
-72.36666666666652,-868.3999999999982,12,126,distressed_assets,104.60489908854167,0,0.2108,23,9,1738,0,0.0,4480,34
-72.44999999999985,-869.3999999999982,12,127,distressed_assets,104.7900619506836,0,0.2098,28,9,1738,0,0.0,4608,35
-72.3816666666665,-868.579999999998,12,126,distressed_assets,104.74483744303386,0,0.2087,33,9,1738,0,0.0,4736,36
-72.36666666666652,-868.3999999999982,12,126,distressed_assets,104.82158915201823,0,0.2077,26,9,1738,0,0.0,4864,37
-72.44999999999985,-869.3999999999982,12,127,distressed_assets,104.92744700113933,0,0.2066,30,9,1738,0,0.0,4992,38
-72.44999999999985,-869.3999999999982,12,127,distressed_assets,104.9402592976888,0,0.2056,25,9,1738,0,0.0,5120,39
-72.53333333333318,-870.3999999999982,12,128,distressed_assets,105.55597432454427,0,0.2046,23,9,1738,0,0.0,5248,40
-72.36666666666652,-868.3999999999982,12,126,distressed_assets,104.72647603352864,0,0.2036,32,9,1738,0,0.0,5376,41
-72.53333333333318,-870.3999999999982,12,128,distressed_assets,105.19667053222656,0,0.2025,22,9,1738,0,0.0,5504,42
-72.44999999999985,-869.3999999999982,12,127,distressed_assets,104.95092519124348,0,0.2015,31,9,1738,0,0.0,5632,43
-72.28333333333318,-867.3999999999982,12,125,distressed_assets,104.6690165201823,0,0.2005,31,9,1738,0,0.0,5760,44
-72.44999999999985,-869.3999999999982,12,127,distressed_assets,104.95553080240886,0,0.1995,17,9,1738,0,0.0,5888,45
-72.28333333333318,-867.3999999999982,12,125,distressed_assets,104.63202158610027,0,0.1985,30,9,1738,0,0.0,6016,46
-72.53333333333318,-870.3999999999982,12,128,distressed_assets,105.17218017578125,0,0.1975,22,9,1738,0,0.0,6144,47
-72.36666666666652,-868.3999999999982,12,126,distressed_assets,104.70152791341145,0,0.1965,28,9,1738,0,0.0,6272,48
-72.53333333333318,-870.3999999999982,12,128,distressed_assets,105.12496185302734,0,0.1956,18,9,1738,0,0.0,6400,49
-72.44999999999985,-869.3999999999982,12,127,distressed_assets,104.84290822347005,0,0.1946,27,9,1738,0,0.0,6528,50
-72.36666666666652,-868.3999999999982,12,126,distressed_assets,104.57888285319011,0,0.1936,19,9,1738,0,0.0,6656,51
-72.19999999999985,-866.3999999999982,12,124,distressed_assets,104.16698964436848,0,0.1926,29,9,1738,0,0.0,6784,52
-72.36666666666652,-868.3999999999982,12,126,distressed_assets,104.79638671875,0,0.1917,26,9,1738,0,0.0,6912,53
-72.44999999999985,-869.3999999999982,12,127,distressed_assets,105.35298919677734,0,0.1907,21,9,1738,0,0.0,7040,54
-72.36666666666652,-868.3999999999982,12,126,distressed_assets,104.81420135498047,0,0.1898,16,9,1738,0,0.0,7168,55
-72.53333333333318,-870.3999999999982,12,128,distressed_assets,105.1550064086914,0,0.1888,23,9,1738,0,0.0,7296,56
-72.53333333333318,-870.3999999999982,12,128,distressed_assets,105.19462076822917,0,0.1879,24,9,1738,0,0.0,7424,57
-72.44999999999985,-869.3999999999982,12,127,distressed_assets,104.98258717854817,0,0.1869,26,9,1738,0,0.0,7552,58
-72.44999999999985,-869.3999999999982,12,127,distressed_assets,104.89353942871094,0,0.186,32,9,1738,0,0.0,7680,59
-72.53333333333318,-870.3999999999982,12,128,distressed_assets,105.21920013427734,0,0.1851,23,9,1738,0,0.0,7808,60
-72.44999999999985,-869.3999999999982,12,127,distressed_assets,104.95218658447266,0,0.1841,30,9,1738,0,0.0,7936,61
-72.36666666666652,-868.3999999999982,12,126,distressed_assets,104.62005869547527,0,0.1832,23,9,1738,0,0.0,8064,62
-72.44999999999985,-869.3999999999982,12,127,distressed_assets,104.84161885579427,0,0.1823,18,9,1738,0,0.0,8192,63
-72.36666666666652,-868.3999999999982,12,126,distressed_assets,104.71781412760417,0,0.1814,22,9,1738,0,0.0,8320,64
-72.36666666666652,-868.3999999999982,12,126,distressed_assets,104.57257588704427,0,0.1805,32,9,1738,0,0.0,8448,65
-72.03333333333319,-864.3999999999983,12,122,distressed_assets,103.69008890787761,0,0.1796,25,9,1738,0,0.0,8576,66
-71.22666666666655,-854.7199999999985,12,112,distressed_assets,100.82163747151692,0,0.1787,21,9,1738,0,0.0,8704,67
-71.32083333333321,-855.8499999999985,12,113,distressed_assets,101.58127085367839,0,0.1778,21,9,1738,0,0.0,8832,68
-72.03333333333318,-864.3999999999982,12,122,distressed_assets,103.64760843912761,0,0.1769,26,9,1738,0,0.0,8960,69
-71.48166666666656,-857.7799999999986,12,115,distressed_assets,101.89108022054036,0,0.176,29,9,1738,0,0.0,9088,70
-71.3966666666665,-856.7599999999981,12,114,distressed_assets,101.63066864013672,0,0.1751,19,9,1738,0,0.0,9216,71
-72.20416666666651,-866.4499999999981,12,124,distressed_assets,104.39791615804036,0,0.1743,28,9,1738,0,0.0,9344,72
-71.95666666666651,-863.4799999999981,12,121,distressed_assets,103.75452423095703,0,0.1734,21,9,1738,0,0.0,9472,73
-72.36666666666652,-868.3999999999982,12,126,distressed_assets,104.66375986735027,0,0.1725,14,9,1738,0,0.0,9600,74
-72.44999999999985,-869.3999999999982,12,127,distressed_assets,104.9739990234375,0,0.1717,13,9,1738,0,0.0,9728,75
-72.36666666666652,-868.3999999999982,12,126,distressed_assets,104.8391825358073,0,0.1708,25,9,1738,0,0.0,9856,76
-72.19999999999985,-866.3999999999982,12,124,distressed_assets,104.09872945149739,0,0.1699,19,9,1738,0,0.0,9984,77
-72.53333333333318,-870.3999999999982,12,128,distressed_assets,105.26772816975911,0,0.1691,23,9,1738,0,0.0,10112,78
-72.36666666666652,-868.3999999999982,12,126,distressed_assets,104.58697001139323,0,0.1683,29,9,1738,0,0.0,10240,79
-72.44999999999985,-869.3999999999982,12,127,distressed_assets,105.23184967041016,0,0.1674,23,9,1738,0,0.0,10368,80
-72.53333333333318,-870.3999999999982,12,128,distressed_assets,105.1845474243164,0,0.1666,16,9,1738,0,0.0,10496,81
-72.28333333333318,-867.3999999999982,12,125,distressed_assets,104.79202779134114,0,0.1657,24,9,1738,0,0.0,10624,82
-72.36666666666652,-868.3999999999982,12,126,distressed_assets,104.92232513427734,0,0.1649,22,9,1738,0,0.0,10752,83
-72.13999999999984,-865.6799999999981,12,123,distressed_assets,104.12253061930339,0,0.1641,21,9,1738,0,0.0,10880,84
-72.36916666666652,-868.4299999999981,12,126,distressed_assets,104.5083236694336,0,0.1633,13,9,1738,0,0.0,11008,85
-72.44999999999985,-869.3999999999982,12,127,distressed_assets,104.96127573649089,0,0.1625,22,9,1738,0,0.0,11136,86
-72.36666666666652,-868.3999999999982,12,126,distressed_assets,104.62472279866536,0,0.1616,20,9,1738,0,0.0,11264,87
-72.20249999999984,-866.4299999999981,12,124,distressed_assets,104.27083841959636,0,0.1608,26,9,1738,0,0.0,11392,88
-72.36666666666652,-868.3999999999982,12,126,distressed_assets,104.76775614420573,0,0.16,20,9,1738,0,0.0,11520,89
-72.53333333333318,-870.3999999999982,12,128,distressed_assets,105.16230773925781,0,0.1592,18,9,1738,0,0.0,11648,90
-72.44999999999985,-869.3999999999982,12,127,distressed_assets,105.15656280517578,0,0.1584,25,9,1738,0,0.0,11776,91
-72.53333333333318,-870.3999999999982,12,128,distressed_assets,105.2342300415039,0,0.1576,19,9,1738,0,0.0,11904,92
-72.36666666666652,-868.3999999999982,12,126,distressed_assets,104.57258605957031,0,0.1569,18,9,1738,0,0.0,12032,93
-72.44999999999985,-869.3999999999982,12,127,distressed_assets,104.95486195882161,0,0.1561,17,9,1738,0,0.0,12160,94
-72.44999999999985,-869.3999999999982,12,127,distressed_assets,104.90799713134766,0,0.1553,21,9,1738,0,0.0,12288,95
-72.44999999999985,-869.3999999999982,12,127,distressed_assets,104.90370686848958,0,0.1545,16,9,1738,0,0.0,12416,96
-72.53333333333318,-870.3999999999982,12,128,distressed_assets,105.18436177571614,0,0.1537,22,9,1738,0,0.0,12544,97
-72.28583333333317,-867.4299999999981,12,125,distressed_assets,104.53599039713542,0,0.153,18,9,1738,0,0.0,12672,98
-72.53333333333318,-870.3999999999982,12,128,distressed_assets,105.15901692708333,0,0.1522,19,9,1738,0,0.0,12800,99
