avg_entropy,avg_reward_per_episode,best_tax_advantage,cumulative_reward,episode_count,invalid_count,loophole,loss,positive_reward_count,random_action_prob,random_exploration_count,run,saved_snapshots,seed,success_count,success_rate,total_steps,update
4.154779206961393,-6.204062500000001,0,-99.26500000000001,16,99,partnership_disguised_sale,1.0079403320948284,0,0.25,38,0,0,1729,0,0.0,128,0
4.153449542820454,-6.333125000000001,0,-101.33000000000001,16,101,partnership_disguised_sale,0.763741115729014,0,0.2487,26,0,0,1729,0,0.0,256,1
4.153175629675388,-6.0246875,0,-96.395,16,96,partnership_disguised_sale,0.5563395818074545,0,0.2475,32,0,0,1729,0,0.0,384,2
4.153546571731567,-6.3925,0,-102.28,16,102,partnership_disguised_sale,0.4883563319842021,0,0.2463,40,0,0,1729,0,0.0,512,3
4.152407374233007,-6.0256250000000025,0,-96.41000000000004,16,96,partnership_disguised_sale,0.3397268255551656,0,0.245,33,0,0,1729,0,0.0,640,4
4.152073845267296,-6.216875000000001,0,-99.47000000000001,16,99,partnership_disguised_sale,0.3011358479658763,0,0.2438,35,0,0,1729,0,0.0,768,5
4.151645924896002,-5.975625000000001,0,-95.61000000000001,16,95,partnership_disguised_sale,0.1813699553410212,0,0.2426,39,0,0,1729,0,0.0,896,6
4.146982811391354,-5.471562500000001,0,-87.54500000000002,16,87,partnership_disguised_sale,0.15065081914265951,0,0.2414,25,0,0,1729,0,0.0,1024,7
4.14451839029789,-5.295312500000001,0,-84.72500000000002,16,84,partnership_disguised_sale,0.0878294308980306,0,0.2402,32,0,0,1729,0,0.0,1152,8
4.137700531631708,-5.229375,0,-83.67,16,83,partnership_disguised_sale,0.11991581320762634,0,0.239,28,0,0,1729,0,0.0,1280,9
4.133387066423893,-5.541562499999999,0,-88.66499999999998,16,88,partnership_disguised_sale,0.07100112239519756,0,0.2378,33,0,0,1729,0,0.0,1408,10
4.126543313264847,-5.8453125,0,-93.525,16,93,partnership_disguised_sale,0.03214631974697113,0,0.2366,36,0,0,1729,0,0.0,1536,11
4.118613235652447,-4.797187500000003,0,-76.75500000000005,16,76,partnership_disguised_sale,-0.04712272187074026,0,0.2354,36,0,0,1729,0,0.0,1664,12
4.120012033730745,-5.607500000000003,0,-89.72000000000004,16,89,partnership_disguised_sale,0.034961109360059105,0,0.2342,50,0,0,1729,0,0.0,1792,13
4.102843232452869,-5.3609375,0,-85.775,16,85,partnership_disguised_sale,0.00761680801709493,0,0.2331,36,0,0,1729,0,0.0,1920,14
4.090613014996052,-5.662812500000001,0,-90.60500000000002,16,90,partnership_disguised_sale,0.05058523019154867,0,0.2319,32,0,0,1729,0,0.0,2048,15
4.073180442675948,-5.409999999999998,0,-86.55999999999997,16,86,partnership_disguised_sale,0.03914522131284078,0,0.2307,30,0,0,1729,0,0.0,2176,16
4.035874092951417,-4.833750000000001,0,-77.34000000000002,16,76,partnership_disguised_sale,-0.04423657556374868,0,0.2296,24,0,0,1729,0,0.0,2304,17
4.012385211884975,-4.809062500000004,0,-76.94500000000006,16,76,partnership_disguised_sale,0.00032711029052734375,0,0.2284,29,0,0,1729,0,0.0,2432,18
3.9843206629157066,-4.3190625,0,-69.105,16,68,partnership_disguised_sale,0.06114705900351206,0,0.2273,29,0,0,1729,0,0.0,2560,19
3.9708282873034477,-4.363124999999999,0,-69.80999999999999,16,68,partnership_disguised_sale,-0.031043440103530884,0,0.2262,34,0,0,1729,0,0.0,2688,20
3.924084722995758,-4.3875,0,-70.2,16,69,partnership_disguised_sale,-0.025634780526161194,0,0.225,33,0,0,1729,0,0.0,2816,21
3.8687907345592976,-3.777187500000001,0,-60.43500000000002,16,58,partnership_disguised_sale,-0.010801772276560465,0,0.2239,25,0,0,1729,0,0.0,2944,22
3.835657723248005,-3.220937500000001,0,-51.53500000000002,16,49,partnership_disguised_sale,-0.007262925306955974,0,0.2228,31,0,0,1729,0,0.0,3072,23
3.769603703171015,-4.016562500000001,0,-64.26500000000001,16,62,partnership_disguised_sale,-0.0492776483297348,0,0.2217,27,0,0,1729,0,0.0,3200,24
3.6926082763820887,-4.0071875000000015,0,-64.11500000000002,16,62,partnership_disguised_sale,-0.032165393233299255,0,0.2206,26,0,0,1729,0,0.0,3328,25
3.674711488187313,-4.128125000000002,0,-66.05000000000003,16,64,partnership_disguised_sale,0.0010625521341959636,0,0.2195,35,0,0,1729,0,0.0,3456,26
3.5701659005135298,-3.492187500000002,0,-55.875000000000036,16,53,partnership_disguised_sale,0.07110455135504405,0,0.2184,29,0,0,1729,0,0.0,3584,27
3.541468659415841,-2.8171875000000015,0,-45.075000000000024,16,42,partnership_disguised_sale,-0.044985500474770866,0,0.2173,29,0,0,1729,0,0.0,3712,28
3.5309589989483356,-3.095937500000001,0,-49.53500000000002,16,47,partnership_disguised_sale,-0.007886489232381185,0,0.2162,30,0,0,1729,0,0.0,3840,29
3.4990380834788084,-3.4693750000000008,0,-55.51000000000001,16,53,partnership_disguised_sale,-0.010411749283472696,0,0.2151,30,0,0,1729,0,0.0,3968,30
3.404696336016059,-2.941562500000002,0,-47.06500000000003,16,44,partnership_disguised_sale,-0.1016087755560875,0,0.214,16,0,0,1729,0,0.0,4096,31
3.4335091821849346,-3.0321875000000014,0,-48.51500000000002,16,46,partnership_disguised_sale,-0.05975877741972605,0,0.213,28,0,0,1729,0,0.0,4224,32
3.393634958192706,-2.7984374999999986,0,-44.77499999999998,16,42,partnership_disguised_sale,-0.07268736759821574,0,0.2119,25,0,0,1729,0,0.0,4352,33
3.3944538310170174,-3.0909375000000012,0,-49.45500000000002,16,47,partnership_disguised_sale,-0.0823230470220248,0,0.2108,28,0,0,1729,0,0.0,4480,34
3.3706373050808907,-2.9390625000000026,0,-47.02500000000004,16,44,partnership_disguised_sale,-0.06816847870747249,0,0.2098,28,0,0,1729,0,0.0,4608,35
3.4045589286834,-2.4809375000000014,0,-39.69500000000002,16,37,partnership_disguised_sale,-0.10558303693930308,0,0.2087,36,0,0,1729,0,0.0,4736,36
3.2288696598261595,-2.6184375000000024,0,-41.89500000000004,16,39,partnership_disguised_sale,-0.08832914133866628,0,0.2077,22,0,0,1729,0,0.0,4864,37
3.2019773721694946,-1.26125,12,-20.18,16,29,partnership_disguised_sale,0.4734798272450765,1,0.2066,26,0,0,1729,0,0.0,4992,38
3.1901606786996126,-2.1925000000000026,0,-35.08000000000004,16,32,partnership_disguised_sale,0.08565712471803029,0,0.2056,33,0,0,1729,0,0.0,5120,39
3.057108875364065,-2.2209375,0,-35.535,16,32,partnership_disguised_sale,0.02538195749123891,0,0.2046,22,0,0,1729,0,0.0,5248,40
3.0468960981816053,-2.259687500000001,0,-36.155000000000015,16,33,partnership_disguised_sale,-0.08626799037059148,0,0.2036,24,0,0,1729,0,0.0,5376,41
3.006606373935938,-1.909687500000001,0,-30.555000000000017,16,27,partnership_disguised_sale,-0.03231212496757507,0,0.2025,23,0,0,1729,0,0.0,5504,42
3.0268846414983273,-2.2559375,0,-36.095,16,33,partnership_disguised_sale,-0.09597420940796535,0,0.2015,26,0,0,1729,0,0.0,5632,43
2.9634586945176125,-2.1081250000000007,0,-33.73000000000001,16,31,partnership_disguised_sale,-0.07438855866591136,0,0.2005,24,0,0,1729,0,0.0,5760,44
2.93524038605392,-1.9996875000000005,0,-31.995000000000008,16,29,partnership_disguised_sale,-0.10069256275892258,0,0.1995,22,0,0,1729,0,0.0,5888,45
3.025689784437418,-2.3537500000000007,0,-37.66000000000001,16,35,partnership_disguised_sale,-0.009643010795116425,0,0.1985,28,0,0,1729,0,0.0,6016,46
3.0120227662846446,-2.1221875,0,-33.955,16,31,partnership_disguised_sale,0.0774125059445699,0,0.1975,28,0,0,1729,0,0.0,6144,47
2.9088576827198267,-1.795312500000001,0,-28.725000000000016,16,25,partnership_disguised_sale,-0.06677605708440144,0,0.1965,17,0,0,1729,0,0.0,6272,48
2.984220853075385,-1.8962500000000009,0,-30.340000000000014,16,27,partnership_disguised_sale,-0.08132754266262054,0,0.1956,26,0,0,1729,0,0.0,6400,49
3.019481402821839,-1.8278124999999996,0,-29.244999999999994,16,26,partnership_disguised_sale,-0.09421767791112264,0,0.1946,27,0,0,1729,0,0.0,6528,50
2.9319616248831153,-1.8584375000000009,0,-29.735000000000014,16,26,partnership_disguised_sale,0.03127714494864146,0,0.1936,21,0,0,1729,0,0.0,6656,51
3.0776572041213512,-2.0965625000000006,0,-33.54500000000001,16,30,partnership_disguised_sale,-0.08955168972412746,0,0.1926,32,0,0,1729,0,0.0,6784,52
3.0200940556824207,-2.041562500000001,0,-32.66500000000001,16,29,partnership_disguised_sale,-0.06166890015204748,0,0.1917,30,0,0,1729,0,0.0,6912,53
2.9404579158872366,-1.9171875000000007,0,-30.67500000000001,16,27,partnership_disguised_sale,-0.08600318183501561,0,0.1907,24,0,0,1729,0,0.0,7040,54
2.9868167340755463,-2.1396875000000004,0,-34.23500000000001,16,31,partnership_disguised_sale,-0.0719413161277771,0,0.1898,28,0,0,1729,0,0.0,7168,55
2.8909909138455987,-1.8784374999999998,0,-30.054999999999996,16,27,partnership_disguised_sale,-0.09621010224024455,0,0.1888,24,0,0,1729,0,0.0,7296,56
2.8557377364486456,-1.8181249999999995,0,-29.089999999999993,16,26,partnership_disguised_sale,0.0031905670960744223,0,0.1879,25,0,0,1729,0,0.0,7424,57
2.7901756754145026,-1.6628125000000005,0,-26.605000000000008,16,23,partnership_disguised_sale,0.11096593985954921,0,0.1869,22,0,0,1729,0,0.0,7552,58
2.8158545764163136,-1.9709375000000007,0,-31.53500000000001,16,28,partnership_disguised_sale,0.008680510024229685,0,0.186,26,0,0,1729,0,0.0,7680,59
2.8548510624095798,-2.090312500000002,0,-33.44500000000003,16,30,partnership_disguised_sale,-0.009441636502742767,0,0.1851,30,0,0,1729,0,0.0,7808,60
2.768362115137279,-2.021875000000002,0,-32.35000000000003,16,29,partnership_disguised_sale,-0.03528836866219839,0,0.1841,21,0,0,1729,0,0.0,7936,61
2.9563773404806852,-2.3774999999999995,0,-38.03999999999999,16,35,partnership_disguised_sale,-0.05517058571179708,0,0.1832,34,0,0,1729,0,0.0,8064,62
2.8196189031004906,-1.755625,0,-28.09,16,25,partnership_disguised_sale,0.2162117063999176,0,0.1823,23,0,0,1729,0,0.0,8192,63
2.8039379585534334,-1.6462500000000015,0,-26.340000000000025,16,23,partnership_disguised_sale,-0.024043865501880646,0,0.1814,20,0,0,1729,0,0.0,8320,64
2.816393895074725,-1.7225000000000015,0,-27.560000000000024,16,24,partnership_disguised_sale,-0.030738361179828644,0,0.1805,20,0,0,1729,0,0.0,8448,65
2.936241650953889,-1.8959375000000005,0,-30.335000000000008,16,27,partnership_disguised_sale,-0.00576452910900116,0,0.1796,31,0,0,1729,0,0.0,8576,66
2.899108217097819,-1.5081250000000006,10,-24.13000000000001,16,31,partnership_disguised_sale,0.4363706211249034,1,0.1787,25,0,0,1729,0,0.0,8704,67
2.9022161504253745,-1.911562500000001,0,-30.585000000000015,16,27,partnership_disguised_sale,-0.12293306489785512,0,0.1778,20,0,0,1729,0,0.0,8832,68
2.9443318396806717,-1.7434375,0,-27.895,16,25,partnership_disguised_sale,-0.042109827200571694,0,0.1769,21,0,0,1729,0,0.0,8960,69
2.9825875647366047,-1.5659375000000004,0,-25.055000000000007,16,22,partnership_disguised_sale,-0.11928526560465495,0,0.176,22,0,0,1729,0,0.0,9088,70
3.064324865117669,-1.6343749999999992,0,-26.149999999999988,16,23,partnership_disguised_sale,-0.052959216137727104,0,0.1751,26,0,0,1729,0,0.0,9216,71
2.980801433324814,-1.5581250000000002,0,-24.930000000000003,16,21,partnership_disguised_sale,-0.0982099821170171,0,0.1743,15,0,0,1729,0,0.0,9344,72
2.9710716092959046,-1.8843750000000015,0,-30.150000000000023,16,27,partnership_disguised_sale,-0.09263652314742406,0,0.1734,25,0,0,1729,0,0.0,9472,73
3.038495309650898,-2.0728125,0,-33.165,16,30,partnership_disguised_sale,-0.07092987249294917,0,0.1725,34,0,0,1729,0,0.0,9600,74
2.8585336171090603,-1.7034375000000006,0,-27.25500000000001,16,24,partnership_disguised_sale,-0.06514180203278859,0,0.1717,19,0,0,1729,0,0.0,9728,75
2.8017531912773848,-1.655000000000001,0,-26.480000000000015,16,23,partnership_disguised_sale,-0.09371833751598994,0,0.1708,17,0,0,1729,0,0.0,9856,76
2.914500165730715,-1.8781249999999998,0,-30.049999999999997,16,27,partnership_disguised_sale,0.0060185690720876055,0,0.1699,29,0,0,1729,0,0.0,9984,77
2.682237457484007,-1.423125000000001,0,-22.770000000000017,16,19,partnership_disguised_sale,-0.06658648699522018,0,0.1691,11,0,0,1729,0,0.0,10112,78
2.745370114222169,-1.2856249999999991,0,-20.569999999999986,16,17,partnership_disguised_sale,-0.10397837062676747,0,0.1683,17,0,0,1729,0,0.0,10240,79
2.63878892082721,-0.9662499999999998,0,-15.459999999999997,16,12,partnership_disguised_sale,-0.11014002313216527,0,0.1674,11,0,0,1729,0,0.0,10368,80
2.798994703218341,-1.5931249999999997,0,-25.489999999999995,16,22,partnership_disguised_sale,-0.07632734874884288,0,0.1666,24,0,0,1729,0,0.0,10496,81
2.8185655772686005,-1.6618750000000009,0,-26.590000000000014,16,23,partnership_disguised_sale,-0.03011352817217509,0,0.1657,25,0,0,1729,0,0.0,10624,82
2.7623159056529403,-1.3337500000000007,0,-21.34000000000001,16,18,partnership_disguised_sale,-0.07916456957658131,0,0.1649,22,0,0,1729,0,0.0,10752,83
2.750830816105008,-1.9831250000000007,0,-31.73000000000001,16,28,partnership_disguised_sale,-0.07040709008773167,0,0.1641,21,0,0,1729,0,0.0,10880,84
2.689088987186551,-1.1831250000000004,0,-18.930000000000007,16,15,partnership_disguised_sale,0.11580744882424672,0,0.1633,16,0,0,1729,0,0.0,11008,85
2.711342101916671,-1.1159374999999998,0,-17.854999999999997,16,14,partnership_disguised_sale,-0.08821704983711243,0,0.1625,19,0,0,1729,0,0.0,11136,86
2.7543181041255593,-1.6431250000000006,0,-26.29000000000001,16,23,partnership_disguised_sale,-0.0885345662633578,0,0.1616,23,0,0,1729,0,0.0,11264,87
2.8333785720169544,-1.5400000000000003,0,-24.640000000000004,16,21,partnership_disguised_sale,-0.1154850497841835,0,0.1608,24,0,0,1729,0,0.0,11392,88
2.727575931698084,-1.3093750000000008,0,-20.950000000000014,16,17,partnership_disguised_sale,-0.11798487603664398,0,0.16,19,0,0,1729,0,0.0,11520,89
2.857178147882223,-1.4774999999999994,0,-23.63999999999999,16,20,partnership_disguised_sale,0.19730104009310404,0,0.1592,26,0,0,1729,0,0.0,11648,90
2.781001204624772,-1.7421875000000004,0,-27.875000000000007,16,24,partnership_disguised_sale,-0.09351919839779536,0,0.1584,22,0,0,1729,0,0.0,11776,91
2.8221881929785013,-1.6065625000000012,0,-25.70500000000002,16,22,partnership_disguised_sale,-0.11017998556296031,0,0.1576,24,0,0,1729,0,0.0,11904,92
2.833395032212138,-1.866875000000001,0,-29.870000000000015,16,26,partnership_disguised_sale,0.09448680281639099,0,0.1569,23,0,0,1729,0,0.0,12032,93
2.8289780505001545,-1.662187500000001,0,-26.595000000000017,16,23,partnership_disguised_sale,-0.1100674644112587,0,0.1561,22,0,0,1729,0,0.0,12160,94
2.7690531788393855,-1.1868750000000006,0,-18.99000000000001,16,15,partnership_disguised_sale,-0.11050359904766083,0,0.1553,18,0,0,1729,0,0.0,12288,95
2.790632816031575,-1.3628125000000009,0,-21.805000000000014,16,18,partnership_disguised_sale,-0.07132665316263835,0,0.1545,20,0,0,1729,0,0.0,12416,96
2.7294741235673428,-2.000625000000001,0,-32.01000000000002,16,28,partnership_disguised_sale,-0.040765504042307533,0,0.1537,18,0,0,1729,0,0.0,12544,97
2.849486006423831,-2.1406249999999996,0,-34.24999999999999,16,31,partnership_disguised_sale,-0.06104549020528793,0,0.153,31,0,0,1729,0,0.0,12672,98
2.6211843537166715,-1.3125000000000009,0,-21.000000000000014,16,17,partnership_disguised_sale,-0.04953425998489062,0,0.1522,14,0,0,1729,0,0.0,12800,99
4.152598612010479,-6.0921875000000005,0,-97.47500000000001,16,97,partnership_disguised_sale,0.8188356558481852,0,0.25,36,1,0,1730,0,0.0,128,0
4.153682135045528,-6.701875,0,-107.23,16,107,partnership_disguised_sale,0.8275309602419535,0,0.2487,31,1,0,1730,0,0.0,256,1
4.152781296521425,-5.536562500000001,0,-88.58500000000002,16,88,partnership_disguised_sale,0.36282824476559955,0,0.2475,29,1,0,1730,0,0.0,384,2
4.154025327414274,-6.69125,0,-107.06,16,107,partnership_disguised_sale,0.5455800592899323,0,0.2463,34,1,0,1730,0,0.0,512,3
4.152487751096487,-5.968750000000002,0,-95.50000000000003,16,95,partnership_disguised_sale,0.3326786657174428,0,0.245,26,1,0,1730,0,0.0,640,4
4.152648501098156,-6.390937499999998,0,-102.25499999999997,16,102,partnership_disguised_sale,0.30914125839869183,0,0.2438,36,1,0,1730,0,0.0,768,5
4.149799790233374,-6.2046874999999995,0,-99.27499999999999,16,99,partnership_disguised_sale,0.23054492473602295,0,0.2426,34,1,0,1730,0,0.0,896,6
4.148228067904711,-5.7096875,0,-91.355,16,91,partnership_disguised_sale,0.12709976236025491,0,0.2414,28,1,0,1730,0,0.0,1024,7
4.142456863075495,-5.6059375000000005,0,-89.69500000000001,16,89,partnership_disguised_sale,0.10456470151742299,0,0.2402,33,1,0,1730,0,0.0,1152,8
4.136899225413799,-5.604375,0,-89.67,16,89,partnership_disguised_sale,0.09065285821755727,0,0.239,28,1,0,1730,0,0.0,1280,9
4.131675146520138,-5.54,0,-88.64,16,88,partnership_disguised_sale,0.12019493679205577,0,0.2378,22,1,0,1730,0,0.0,1408,10
4.128133226186037,-5.410312499999998,0,-86.56499999999997,16,86,partnership_disguised_sale,0.010024686654408773,0,0.2366,27,1,0,1730,0,0.0,1536,11
4.123249288648367,-6.149062500000001,0,-98.38500000000002,16,98,partnership_disguised_sale,0.05937717854976654,0,0.2354,36,1,0,1730,0,0.0,1664,12
4.103684026747942,-5.362812500000001,0,-85.80500000000002,16,85,partnership_disguised_sale,-0.014715338746706644,0,0.2342,25,1,0,1730,0,0.0,1792,13
4.089673105627298,-5.243124999999998,0,-83.88999999999997,16,83,partnership_disguised_sale,0.03165933986504873,0,0.2331,26,1,0,1730,0,0.0,1920,14
4.077163903042674,-5.4068749999999985,0,-86.50999999999998,16,86,partnership_disguised_sale,-0.009537319342295328,0,0.2319,37,1,0,1730,0,0.0,2048,15
4.036774501204491,-5.425312499999999,0,-86.80499999999998,16,86,partnership_disguised_sale,0.031375433007876076,0,0.2307,29,1,0,1730,0,0.0,2176,16
3.9897806625813246,-5.3093749999999975,0,-84.94999999999996,16,84,partnership_disguised_sale,0.07975934445858002,0,0.2296,24,1,0,1730,0,0.0,2304,17
3.9494641553610563,-4.029375,0,-64.47,16,63,partnership_disguised_sale,-0.020270427068074543,0,0.2284,22,1,0,1730,0,0.0,2432,18
3.94766853377223,-4.383750000000002,0,-70.14000000000003,16,69,partnership_disguised_sale,0.02467416226863861,0,0.2273,36,1,0,1730,0,0.0,2560,19
3.8515938464552164,-3.9293750000000003,0,-62.870000000000005,16,61,partnership_disguised_sale,-0.006404648224512736,0,0.2262,20,1,0,1730,0,0.0,2688,20
3.830366186797619,-4.0675,0,-65.08,16,63,partnership_disguised_sale,0.04190021753311157,0,0.225,39,1,0,1730,0,0.0,2816,21
3.7438574358820915,-3.8650000000000024,0,-61.84000000000004,16,60,partnership_disguised_sale,-0.020989721020062763,0,0.2239,32,1,0,1730,0,0.0,2944,22
3.7191617470234632,-3.965312500000004,0,-63.445000000000064,16,62,partnership_disguised_sale,-0.014588554700215658,0,0.2228,32,1,0,1730,0,0.0,3072,23
3.5540900230407715,-3.2159375000000012,0,-51.45500000000002,16,49,partnership_disguised_sale,0.06987555821736653,0,0.2217,30,1,0,1730,0,0.0,3200,24
3.4659474082291126,-3.664375000000002,0,-58.63000000000003,16,56,partnership_disguised_sale,0.050651962558428444,0,0.2206,29,1,0,1730,0,0.0,3328,25
3.493146700784564,-3.4618750000000027,0,-55.39000000000004,16,53,partnership_disguised_sale,0.028978988528251648,0,0.2195,29,1,0,1730,0,0.0,3456,26
3.4463488776236773,-3.248750000000001,0,-51.98000000000002,16,49,partnership_disguised_sale,-0.025741279125213623,0,0.2184,26,1,0,1730,0,0.0,3584,27
3.43516543507576,-2.9490625000000033,0,-47.18500000000005,16,44,partnership_disguised_sale,-0.00428202748298645,0,0.2173,26,1,0,1730,0,0.0,3712,28
3.414683384820819,-2.8874999999999993,0,-46.19999999999999,16,43,partnership_disguised_sale,-0.017478585243225098,0,0.2162,21,1,0,1730,0,0.0,3840,29
3.4685185980051756,-2.9840625000000003,0,-47.745000000000005,16,45,partnership_disguised_sale,-0.016052623589833576,0,0.2151,26,1,0,1730,0,0.0,3968,30
3.531523985788226,-3.581250000000003,0,-57.30000000000005,16,55,partnership_disguised_sale,-0.026040295759836834,0,0.214,28,1,0,1730,0,0.0,4096,31
3.521358022466302,-3.111562500000002,0,-49.78500000000003,16,47,partnership_disguised_sale,-0.056310899555683136,0,0.213,29,1,0,1730,0,0.0,4224,32
3.51299356110394,-3.1374999999999997,0,-50.199999999999996,16,48,partnership_disguised_sale,-0.06398432453473409,0,0.2119,28,1,0,1730,0,0.0,4352,33
3.4482139740139246,-2.597812500000002,0,-41.56500000000003,16,39,partnership_disguised_sale,-0.058538337548573814,0,0.2108,25,1,0,1730,0,0.0,4480,34
3.457293940708041,-3.4240625000000007,0,-54.78500000000001,16,52,partnership_disguised_sale,-0.021294479568799336,0,0.2098,31,1,0,1730,0,0.0,4608,35
3.4429421927779913,-3.005312500000002,0,-48.08500000000003,16,46,partnership_disguised_sale,-0.0749349445104599,0,0.2087,35,1,0,1730,0,0.0,4736,36
3.3151111491024494,-2.5543750000000016,0,-40.870000000000026,16,38,partnership_disguised_sale,-0.03980849931637446,0,0.2077,21,1,0,1730,0,0.0,4864,37
3.394909681752324,-3.0387500000000016,0,-48.620000000000026,16,46,partnership_disguised_sale,0.024252002437909443,0,0.2066,36,1,0,1730,0,0.0,4992,38
3.311057211831212,-2.362187499999999,0,-37.79499999999999,16,35,partnership_disguised_sale,-0.04466709494590759,0,0.2056,29,1,0,1730,0,0.0,5120,39
3.266320366412401,-2.3028125,0,-36.845,16,34,partnership_disguised_sale,-0.06889184315999348,0,0.2046,24,1,0,1730,0,0.0,5248,40
3.2374291606247425,-2.2500000000000018,0,-36.00000000000003,16,33,partnership_disguised_sale,-0.11174097905556361,0,0.2036,25,1,0,1730,0,0.0,5376,41
3.1696539260447025,-2.690937500000001,0,-43.055000000000014,16,40,partnership_disguised_sale,0.09078077971935272,0,0.2025,21,1,0,1730,0,0.0,5504,42
3.2394496537745,-2.4737500000000017,0,-39.58000000000003,16,36,partnership_disguised_sale,-0.022851184010505676,0,0.2015,30,1,0,1730,0,0.0,5632,43
3.1911625880748034,-2.5253125000000014,0,-40.40500000000002,16,37,partnership_disguised_sale,-0.096531942486763,0,0.2005,26,1,0,1730,0,0.0,5760,44
3.2119999546557665,-2.458125000000001,0,-39.33000000000001,16,36,partnership_disguised_sale,-0.0706278458237648,0,0.1995,28,1,0,1730,0,0.0,5888,45
3.198133457452059,-2.3634375000000016,0,-37.815000000000026,16,35,partnership_disguised_sale,-0.029639512300491333,0,0.1985,24,1,0,1730,0,0.0,6016,46
3.266811601817608,-3.1412500000000017,0,-50.260000000000026,16,48,partnership_disguised_sale,-0.007026667396227519,0,0.1975,31,1,0,1730,0,0.0,6144,47
3.277893206104636,-2.768750000000001,0,-44.30000000000002,16,42,partnership_disguised_sale,-0.018957356611887615,0,0.1965,31,1,0,1730,0,0.0,6272,48
3.181928915902972,-2.243125,0,-35.89,16,33,partnership_disguised_sale,-0.04999146610498428,0,0.1956,21,1,0,1730,0,0.0,6400,49
3.195174777880311,-2.0609375000000014,0,-32.97500000000002,16,30,partnership_disguised_sale,-0.06440044194459915,0,0.1946,23,1,0,1730,0,0.0,6528,50
3.2091044671833515,-2.6518750000000018,0,-42.43000000000003,16,40,partnership_disguised_sale,-0.009914010763168335,0,0.1936,23,1,0,1730,0,0.0,6656,51
3.234719403088093,-2.415625,0,-38.65,16,36,partnership_disguised_sale,-0.05343195299307505,0,0.1926,27,1,0,1730,0,0.0,6784,52
3.2130305767059326,-2.363125000000002,0,-37.81000000000003,16,35,partnership_disguised_sale,-0.07243852317333221,0,0.1917,28,1,0,1730,0,0.0,6912,53
3.089802736416459,-2.0728125000000013,0,-33.16500000000002,16,30,partnership_disguised_sale,-0.08553562064965566,0,0.1907,17,1,0,1730,0,0.0,7040,54
3.114130947738886,-1.5209374999999994,0,-24.33499999999999,16,21,partnership_disguised_sale,-0.07586661477883656,0,0.1898,23,1,0,1730,0,0.0,7168,55
3.094296997413039,-2.244375000000001,0,-35.91000000000002,16,33,partnership_disguised_sale,0.013790006438891092,0,0.1888,23,1,0,1730,0,0.0,7296,56
3.1051681879907846,-2.01125,0,-32.18,16,29,partnership_disguised_sale,-0.09682405740022659,0,0.1879,25,1,0,1730,0,0.0,7424,57
3.0156667679548264,-2.1162500000000004,0,-33.86000000000001,16,31,partnership_disguised_sale,-0.08608327805995941,0,0.1869,19,1,0,1730,0,0.0,7552,58
3.0788085237145424,-2.242812500000001,0,-35.88500000000002,16,33,partnership_disguised_sale,-0.05438013871510824,0,0.186,25,1,0,1730,0,0.0,7680,59
2.980070298537612,-1.9840625,0,-31.745,16,29,partnership_disguised_sale,-0.09120287746191025,0,0.1851,20,1,0,1730,0,0.0,7808,60
2.9837677851319313,-2.180000000000001,0,-34.88000000000002,16,32,partnership_disguised_sale,-0.07040903717279434,0,0.1841,26,1,0,1730,0,0.0,7936,61
2.940279545262456,-1.7153125000000007,0,-27.44500000000001,16,24,partnership_disguised_sale,-0.1147171954313914,0,0.1832,25,1,0,1730,0,0.0,8064,62
2.8910832218825817,-1.9784375000000014,0,-31.655000000000022,16,28,partnership_disguised_sale,-0.050759121775627136,0,0.1823,26,1,0,1730,0,0.0,8192,63
2.870647905394435,-2.2034375000000015,0,-35.255000000000024,16,32,partnership_disguised_sale,-0.07113913198312123,0,0.1814,27,1,0,1730,0,0.0,8320,64
2.757061457261443,-2.2590625000000033,0,-36.14500000000005,16,32,partnership_disguised_sale,0.024401346842447918,0,0.1805,13,1,0,1730,0,0.0,8448,65
2.886205306276679,-2.215312500000001,0,-35.445000000000014,16,32,partnership_disguised_sale,-0.07259177416563034,0,0.1796,24,1,0,1730,0,0.0,8576,66
2.8860914055258036,-1.9221875000000008,0,-30.755000000000013,16,27,partnership_disguised_sale,0.023262927929560345,0,0.1787,22,1,0,1730,0,0.0,8704,67
2.8541583446785808,-1.6171875000000002,0,-25.875000000000004,16,22,partnership_disguised_sale,-0.08014595011870067,0,0.1778,16,1,0,1730,0,0.0,8832,68
2.9372918801382184,-2.175000000000002,0,-34.80000000000003,16,31,partnership_disguised_sale,-0.04827198634545008,0,0.1769,21,1,0,1730,0,0.0,8960,69
3.0039315139874816,-2.238437500000001,0,-35.81500000000002,16,33,partnership_disguised_sale,-0.08011823892593384,0,0.176,29,1,0,1730,0,0.0,9088,70
2.8583265505731106,-1.4665625,0,-23.465,16,20,partnership_disguised_sale,-0.06820924580097198,0,0.1751,14,1,0,1730,0,0.0,9216,71
2.9793989807367325,-1.5278125000000002,0,-24.445000000000004,16,21,partnership_disguised_sale,-0.09696456789970398,0,0.1743,25,1,0,1730,0,0.0,9344,72
3.0329914577305317,-1.7353125000000003,0,-27.765000000000004,16,25,partnership_disguised_sale,-0.04818213482697805,0,0.1734,25,1,0,1730,0,0.0,9472,73
2.9521000739187,-1.5875000000000004,0,-25.400000000000006,16,22,partnership_disguised_sale,-0.10078149537245433,0,0.1725,19,1,0,1730,0,0.0,9600,74
3.010655591264367,-1.8978125000000008,0,-30.365000000000013,16,27,partnership_disguised_sale,-0.09918099641799927,0,0.1717,27,1,0,1730,0,0.0,9728,75
2.9002374801784754,-2.0518750000000012,0,-32.83000000000002,16,29,partnership_disguised_sale,-0.06193361679712931,0,0.1708,20,1,0,1730,0,0.0,9856,76
2.9014992276206613,-1.8903125000000016,0,-30.245000000000026,16,27,partnership_disguised_sale,-0.08272467305262883,0,0.1699,23,1,0,1730,0,0.0,9984,77
2.785448368638754,-1.855,0,-29.68,16,26,partnership_disguised_sale,-0.10523095478614171,0,0.1691,14,1,0,1730,0,0.0,10112,78
2.771276483312249,-1.7393750000000001,0,-27.830000000000002,16,24,partnership_disguised_sale,-0.018968763450781505,0,0.1683,19,1,0,1730,0,0.0,10240,79
2.7536494163796306,-1.6796875000000009,0,-26.875000000000014,16,23,partnership_disguised_sale,-0.07174874593814214,0,0.1674,18,1,0,1730,0,0.0,10368,80
2.78770281560719,-2.1718750000000013,0,-34.75000000000002,16,31,partnership_disguised_sale,-0.0033100570241610208,0,0.1666,22,1,0,1730,0,0.0,10496,81
2.7796901408582926,-1.8487500000000014,0,-29.580000000000023,16,26,partnership_disguised_sale,-0.06588717550039291,0,0.1657,21,1,0,1730,0,0.0,10624,82
2.7725408747792244,-1.4190625000000006,0,-22.70500000000001,16,19,partnership_disguised_sale,-0.08496113369862239,0,0.1649,19,1,0,1730,0,0.0,10752,83
2.8229255098849535,-1.5887500000000014,0,-25.420000000000023,16,22,partnership_disguised_sale,-0.11279840767383575,0,0.1641,20,1,0,1730,0,0.0,10880,84
2.820795454084873,-1.7718750000000005,0,-28.35000000000001,16,25,partnership_disguised_sale,-0.03557992229859034,0,0.1633,17,1,0,1730,0,0.0,11008,85
2.85058412514627,-1.9353125000000007,0,-30.96500000000001,16,28,partnership_disguised_sale,-0.051674055556456246,0,0.1625,21,1,0,1730,0,0.0,11136,86
2.910372143611312,-1.5274999999999994,0,-24.43999999999999,16,21,partnership_disguised_sale,-0.043916272620360054,0,0.1616,20,1,0,1730,0,0.0,11264,87
2.902192830108106,-1.3203125000000007,0,-21.12500000000001,16,18,partnership_disguised_sale,-0.10166660199562709,0,0.1608,21,1,0,1730,0,0.0,11392,88
2.9327020440250635,-1.7115625000000008,0,-27.385000000000012,16,24,partnership_disguised_sale,-0.09531363596518834,0,0.16,24,1,0,1730,0,0.0,11520,89
2.8517506374046206,-1.7903125000000004,0,-28.645000000000007,16,25,partnership_disguised_sale,-0.06066990147034327,0,0.1592,20,1,0,1730,0,0.0,11648,90
2.8421062901616096,-1.538125000000001,0,-24.610000000000017,16,21,partnership_disguised_sale,-0.03818458318710327,0,0.1584,21,1,0,1730,0,0.0,11776,91
2.8943588687106967,-2.1646875000000008,0,-34.63500000000001,16,31,partnership_disguised_sale,0.0005235324303309122,0,0.1576,27,1,0,1730,0,0.0,11904,92
2.825779292732477,-1.934375000000001,0,-30.950000000000017,16,27,partnership_disguised_sale,-0.03695153445005417,0,0.1569,21,1,0,1730,0,0.0,12032,93
2.8677144180983305,-1.6587500000000013,0,-26.54000000000002,16,23,partnership_disguised_sale,-0.03945217033227285,0,0.1561,23,1,0,1730,0,0.0,12160,94
2.8261295929551125,-1.9153125000000009,0,-30.645000000000014,16,27,partnership_disguised_sale,-0.08725465834140778,0,0.1553,16,1,0,1730,0,0.0,12288,95
2.8225425891578197,-1.9634375000000015,0,-31.415000000000024,16,28,partnership_disguised_sale,-0.07440316180388133,0,0.1545,18,1,0,1730,0,0.0,12416,96
2.8716329764574766,-1.7653125000000012,0,-28.24500000000002,16,25,partnership_disguised_sale,-0.006740358968575795,0,0.1537,21,1,0,1730,0,0.0,12544,97
2.78066148981452,-1.522500000000001,0,-24.360000000000017,16,21,partnership_disguised_sale,-0.030274751285711925,0,0.153,19,1,0,1730,0,0.0,12672,98
2.7890799175947905,-1.7828125000000004,0,-28.525000000000006,16,25,partnership_disguised_sale,-0.05714770406484604,0,0.1522,23,1,0,1730,0,0.0,12800,99
4.152629621326923,-6.07875,0,-97.26,16,97,partnership_disguised_sale,0.8440620303153992,0,0.25,32,2,0,1731,0,0.0,128,0
4.152869705110788,-6.2171875,0,-99.475,16,99,partnership_disguised_sale,0.7215736508369446,0,0.2487,32,2,0,1731,0,0.0,256,1
4.152338344603777,-6.3987500000000015,0,-102.38000000000002,16,102,partnership_disguised_sale,0.5780344804128011,0,0.2475,32,2,0,1731,0,0.0,384,2
4.1518214754760265,-6.214062500000001,0,-99.42500000000001,16,99,partnership_disguised_sale,0.4471362233161926,0,0.2463,30,2,0,1731,0,0.0,512,3
4.150558330118656,-5.9037500000000005,0,-94.46000000000001,16,94,partnership_disguised_sale,0.25353390475114185,0,0.245,31,2,0,1731,0,0.0,640,4
4.148661818355322,-5.488125000000002,0,-87.81000000000003,16,87,partnership_disguised_sale,0.09966009855270386,0,0.2438,29,2,0,1731,0,0.0,768,5
4.142988376319408,-5.2962500000000015,0,-84.74000000000002,16,84,partnership_disguised_sale,0.13745440045992532,0,0.2426,27,2,0,1731,0,0.0,896,6
4.13680949062109,-5.9028125,0,-94.445,16,94,partnership_disguised_sale,0.1312504212061564,0,0.2414,29,2,0,1731,0,0.0,1024,7
4.125429131090641,-5.432812499999999,0,-86.92499999999998,16,86,partnership_disguised_sale,0.08548034727573395,0,0.2402,29,2,0,1731,0,0.0,1152,8
4.1147728227078915,-5.293124999999998,0,-84.68999999999997,16,84,partnership_disguised_sale,0.11323145528634389,0,0.239,27,2,0,1731,0,0.0,1280,9
4.105748377740383,-4.6921875,0,-75.075,16,74,partnership_disguised_sale,0.022044360637664795,0,0.2378,30,2,0,1731,0,0.0,1408,10
4.098720151931047,-5.194999999999997,0,-83.11999999999995,16,82,partnership_disguised_sale,0.042786176005999245,0,0.2366,36,2,0,1731,0,0.0,1536,11
4.08181531727314,-4.824375,0,-77.19,16,76,partnership_disguised_sale,0.058557674288749695,0,0.2354,23,2,0,1731,0,0.0,1664,12
4.072017520666122,-4.9409375,0,-79.055,16,78,partnership_disguised_sale,-0.026472697655359905,0,0.2342,25,2,0,1731,0,0.0,1792,13
4.05973363481462,-5.0978125,2,-81.565,16,83,partnership_disguised_sale,0.074281245470047,1,0.2331,33,2,0,1731,0,0.0,1920,14
4.040823671966791,-5.305,0,-84.88,16,84,partnership_disguised_sale,0.06881407896677653,0,0.2319,33,2,0,1731,0,0.0,2048,15
4.008694814518094,-5.05375,2,-80.86,16,82,partnership_disguised_sale,0.04762310286362966,1,0.2307,31,2,0,1731,0,0.0,2176,16
3.9657785072922707,-4.407812500000001,0,-70.52500000000002,16,69,partnership_disguised_sale,0.023800835013389587,0,0.2296,25,2,0,1731,0,0.0,2304,17
3.9193051867187023,-4.095312500000002,0,-65.52500000000003,16,64,partnership_disguised_sale,-0.07781982173522313,0,0.2284,25,2,0,1731,0,0.0,2432,18
3.865468006581068,-3.8506250000000017,0,-61.61000000000003,16,60,partnership_disguised_sale,-0.06872569272915523,0,0.2273,25,2,0,1731,0,0.0,2560,19
3.821825038641691,-4.444687500000001,0,-71.11500000000001,16,70,partnership_disguised_sale,0.009859775503476461,0,0.2262,33,2,0,1731,0,0.0,2688,20
3.7463186718523502,-3.7496875000000016,0,-59.995000000000026,16,58,partnership_disguised_sale,-0.032069385051727295,0,0.225,30,2,0,1731,0,0.0,2816,21
3.670873310416937,-3.7606250000000006,0,-60.17000000000001,16,58,partnership_disguised_sale,-0.03664428989092509,0,0.2239,32,2,0,1731,0,0.0,2944,22
3.587331350892782,-3.4368750000000023,0,-54.99000000000004,16,53,partnership_disguised_sale,-0.00747053325176239,0,0.2228,32,2,0,1731,0,0.0,3072,23
3.4514254964888096,-2.8393750000000013,0,-45.43000000000002,16,42,partnership_disguised_sale,-0.050563725332419075,0,0.2217,25,2,0,1731,0,0.0,3200,24
3.37056490406394,-3.6862500000000042,0,-58.98000000000007,16,56,partnership_disguised_sale,-0.017609193921089172,0,0.2206,24,2,0,1731,0,0.0,3328,25
3.389605212956667,-3.423125000000003,0,-54.770000000000046,16,52,partnership_disguised_sale,0.019698480765024822,0,0.2195,33,2,0,1731,0,0.0,3456,26
3.3624223470687866,-3.6131250000000015,0,-57.810000000000024,16,55,partnership_disguised_sale,0.00975152850151062,0,0.2184,33,2,0,1731,0,0.0,3584,27
3.364308424293995,-3.4790625000000013,0,-55.66500000000002,16,53,partnership_disguised_sale,-0.06425434350967407,0,0.2173,31,2,0,1731,0,0.0,3712,28
3.4252080656588078,-3.1884375000000023,0,-51.015000000000036,16,48,partnership_disguised_sale,-0.052269384264945984,0,0.2162,37,2,0,1731,0,0.0,3840,29
3.351970374584198,-3.174687500000002,0,-50.79500000000003,16,48,partnership_disguised_sale,0.020562708377838135,0,0.2151,26,2,0,1731,0,0.0,3968,30
3.3388768695294857,-2.855937500000001,0,-45.695000000000014,16,43,partnership_disguised_sale,-0.05628192673126856,0,0.214,23,2,0,1731,0,0.0,4096,31
3.3374340031296015,-3.0550000000000015,0,-48.880000000000024,16,46,partnership_disguised_sale,-0.07029562691847484,0,0.213,21,2,0,1731,0,0.0,4224,32
3.327118929475546,-2.389375000000001,0,-38.23000000000002,16,35,partnership_disguised_sale,-0.10419751455386479,0,0.2119,21,2,0,1731,0,0.0,4352,33
3.355457104742527,-2.8418750000000017,0,-45.47000000000003,16,43,partnership_disguised_sale,-0.02212803065776825,0,0.2108,28,2,0,1731,0,0.0,4480,34
3.3959481101483107,-3.165937500000001,0,-50.655000000000015,16,48,partnership_disguised_sale,-0.022951481242974598,0,0.2098,36,2,0,1731,0,0.0,4608,35
3.2700501307845116,-2.4343750000000015,0,-38.950000000000024,16,36,partnership_disguised_sale,0.0033429314692815146,0,0.2087,27,2,0,1731,0,0.0,4736,36
3.2556769028306007,-2.5468750000000018,0,-40.75000000000003,16,38,partnership_disguised_sale,-0.03310208022594452,0,0.2077,30,2,0,1731,0,0.0,4864,37
3.164950607344508,-2.1996875000000014,0,-35.19500000000002,16,32,partnership_disguised_sale,-0.016372740268707275,0,0.2066,24,2,0,1731,0,0.0,4992,38
3.1852180995047092,-2.3381249999999993,0,-37.40999999999999,16,34,partnership_disguised_sale,-0.0023143639167149863,0,0.2056,28,2,0,1731,0,0.0,5120,39
3.114132722839713,-2.781562500000002,0,-44.50500000000003,16,42,partnership_disguised_sale,-0.060911434392134346,0,0.2046,22,2,0,1731,0,0.0,5248,40
3.151443427428603,-2.186562500000001,0,-34.985000000000014,16,32,partnership_disguised_sale,-0.10089904814958572,0,0.2036,27,2,0,1731,0,0.0,5376,41
3.135835500434041,-2.5571875000000004,0,-40.915000000000006,16,38,partnership_disguised_sale,-0.09506657471259435,0,0.2025,28,2,0,1731,0,0.0,5504,42
3.0641107838600874,-2.2653125000000007,0,-36.24500000000001,16,33,partnership_disguised_sale,-0.06366446614265442,0,0.2015,24,2,0,1731,0,0.0,5632,43
3.085165750235319,-2.192500000000001,0,-35.08000000000001,16,32,partnership_disguised_sale,0.13247153659661612,0,0.2005,28,2,0,1731,0,0.0,5760,44
3.137221561744809,-2.376875000000002,0,-38.03000000000003,16,35,partnership_disguised_sale,-0.058964150647322335,0,0.1995,35,2,0,1731,0,0.0,5888,45
2.935569368302822,-2.041562499999999,0,-32.664999999999985,16,29,partnership_disguised_sale,-0.03921750436226527,0,0.1985,15,2,0,1731,0,0.0,6016,46
3.047248726710677,-1.8868750000000007,0,-30.190000000000012,16,27,partnership_disguised_sale,-0.011958564321200052,0,0.1975,27,2,0,1731,0,0.0,6144,47
3.0188455060124397,-2.1953125,0,-35.125,16,32,partnership_disguised_sale,0.009710197647412619,0,0.1965,23,2,0,1731,0,0.0,6272,48
3.022339353337884,-2.254062500000001,0,-36.06500000000002,16,33,partnership_disguised_sale,-0.08166096856196721,0,0.1956,23,2,0,1731,0,0.0,6400,49
3.0698018055409193,-2.2546875,0,-36.075,16,33,partnership_disguised_sale,-0.004656727115313212,0,0.1946,27,2,0,1731,0,0.0,6528,50
3.0781118161976337,-2.0659375000000013,0,-33.05500000000002,16,30,partnership_disguised_sale,-0.05798310786485672,0,0.1936,29,2,0,1731,0,0.0,6656,51
3.042516130954027,-2.07125,0,-33.14,16,30,partnership_disguised_sale,-0.04016534984111786,0,0.1926,27,2,0,1731,0,0.0,6784,52
3.0678118523210287,-2.3450000000000006,0,-37.52000000000001,16,35,partnership_disguised_sale,-0.0887521430850029,0,0.1917,31,2,0,1731,0,0.0,6912,53
2.9096022993326187,-2.1206250000000013,0,-33.93000000000002,16,31,partnership_disguised_sale,-0.10133881618579228,0,0.1907,21,2,0,1731,0,0.0,7040,54
2.92522251047194,-1.9612500000000006,0,-31.38000000000001,16,28,partnership_disguised_sale,-0.02866780012845993,0,0.1898,24,2,0,1731,0,0.0,7168,55
2.957606116309762,-1.7725000000000004,0,-28.360000000000007,16,25,partnership_disguised_sale,0.07202163835366567,0,0.1888,27,2,0,1731,0,0.0,7296,56
2.8825162034481764,-1.9487499999999998,0,-31.179999999999996,16,28,partnership_disguised_sale,-0.058050175507863365,0,0.1879,24,2,0,1731,0,0.0,7424,57
2.880897437222302,-2.2559375000000013,0,-36.09500000000002,16,33,partnership_disguised_sale,-0.028664320707321167,0,0.1869,27,2,0,1731,0,0.0,7552,58
2.686975186690688,-1.4393750000000003,0,-23.030000000000005,16,20,partnership_disguised_sale,-0.05878694852193197,0,0.186,14,2,0,1731,0,0.0,7680,59
2.756802599877119,-2.0096875,0,-32.155,16,29,partnership_disguised_sale,-0.08161544303099315,0,0.1851,21,2,0,1731,0,0.0,7808,60
2.815517389215529,-1.9884374999999999,0,-31.814999999999998,16,29,partnership_disguised_sale,-0.0977063278357188,0,0.1841,25,2,0,1731,0,0.0,7936,61
2.74256282299757,-1.3581250000000002,0,-21.730000000000004,16,18,partnership_disguised_sale,-0.106648122270902,0,0.1832,21,2,0,1731,0,0.0,8064,62
2.835237913765013,-1.8993750000000011,0,-30.39000000000002,16,27,partnership_disguised_sale,-0.03757539143164953,0,0.1823,28,2,0,1731,0,0.0,8192,63
2.6738529577851295,-1.6521875000000008,0,-26.435000000000013,16,23,partnership_disguised_sale,-0.060313880443573,0,0.1814,18,2,0,1731,0,0.0,8320,64
2.749962927773595,-1.5793750000000002,0,-25.270000000000003,16,22,partnership_disguised_sale,-0.08749247093995412,0,0.1805,25,2,0,1731,0,0.0,8448,65
2.6752470303326845,-1.4809375000000002,0,-23.695000000000004,16,20,partnership_disguised_sale,-0.04359880338112513,0,0.1796,19,2,0,1731,0,0.0,8576,66
2.7995368223637342,-1.9403124999999994,0,-31.04499999999999,16,28,partnership_disguised_sale,-0.0662226031223933,0,0.1787,27,2,0,1731,0,0.0,8704,67
2.716018920764327,-1.3396874999999997,0,-21.434999999999995,16,18,partnership_disguised_sale,-0.07749995092550914,0,0.1778,19,2,0,1731,0,0.0,8832,68
2.7082305420190096,-1.5390624999999998,0,-24.624999999999996,16,22,partnership_disguised_sale,0.04035947720209757,0,0.1769,16,2,0,1731,0,0.0,8960,69
2.8762100860476494,-1.8025000000000007,0,-28.84000000000001,16,26,partnership_disguised_sale,-0.0879090204834938,0,0.176,27,2,0,1731,0,0.0,9088,70
2.7589800218120217,-1.4396874999999987,0,-23.03499999999998,16,20,partnership_disguised_sale,-0.11615379403034846,0,0.1751,18,2,0,1731,0,0.0,9216,71
2.7460272274911404,-1.5565624999999996,0,-24.904999999999994,16,22,partnership_disguised_sale,-0.07720807939767838,0,0.1743,22,2,0,1731,0,0.0,9344,72
2.7474543433636427,-1.7365625,0,-27.785,16,25,partnership_disguised_sale,-0.07958892732858658,0,0.1734,21,2,0,1731,0,0.0,9472,73
2.704055388458073,-1.4593749999999999,0,-23.349999999999998,16,20,partnership_disguised_sale,-0.10102759798367818,0,0.1725,21,2,0,1731,0,0.0,9600,74
2.667634004727006,-1.3065624999999998,0,-20.904999999999998,16,18,partnership_disguised_sale,-0.05072048306465149,0,0.1717,20,2,0,1731,0,0.0,9728,75
2.636735813692212,-1.59625,0,-25.54,16,22,partnership_disguised_sale,-0.09738462169965108,0,0.1708,22,2,0,1731,0,0.0,9856,76
2.574940288439393,-1.4809375000000007,0,-23.69500000000001,16,20,partnership_disguised_sale,0.05753697703282038,0,0.1699,19,2,0,1731,0,0.0,9984,77
2.633736883290112,-1.8387500000000003,0,-29.420000000000005,16,26,partnership_disguised_sale,-0.09207814435164134,0,0.1691,23,2,0,1731,0,0.0,10112,78
2.6388568887487054,-1.407812500000001,0,-22.525000000000016,16,19,partnership_disguised_sale,-0.08589085936546326,0,0.1683,21,2,0,1731,0,0.0,10240,79
2.665251098573208,-1.0637499999999995,0,-17.019999999999992,16,14,partnership_disguised_sale,-0.0828546682993571,0,0.1674,23,2,0,1731,0,0.0,10368,80
2.612677172757685,-1.1934375000000002,0,-19.095000000000002,16,16,partnership_disguised_sale,-0.09894284109274547,0,0.1666,20,2,0,1731,0,0.0,10496,81
2.725192137993872,-1.5124999999999995,0,-24.199999999999992,16,21,partnership_disguised_sale,-0.08504364391167958,0,0.1657,27,2,0,1731,0,0.0,10624,82
2.57573486212641,-1.1478124999999997,0,-18.364999999999995,16,15,partnership_disguised_sale,-0.09705962240695953,0,0.1649,17,2,0,1731,0,0.0,10752,83
2.5935134701430798,-1.5040624999999996,0,-24.064999999999994,16,21,partnership_disguised_sale,-0.09599109490712483,0,0.1641,17,2,0,1731,0,0.0,10880,84
2.626365282572806,-1.6118749999999997,0,-25.789999999999996,16,23,partnership_disguised_sale,-0.05219838271538416,0,0.1633,17,2,0,1731,0,0.0,11008,85
2.7045604903250933,-1.2934374999999998,0,-20.694999999999997,16,18,partnership_disguised_sale,-0.030186330278714497,0,0.1625,22,2,0,1731,0,0.0,11136,86
2.6494047436863184,-1.4249999999999998,0,-22.799999999999997,16,20,partnership_disguised_sale,-0.022918038070201874,0,0.1616,18,2,0,1731,0,0.0,11264,87
2.6523934872820973,-1.8056249999999998,0,-28.889999999999997,16,26,partnership_disguised_sale,-0.05101225773493449,0,0.1608,19,2,0,1731,0,0.0,11392,88
2.726850545965135,-1.5659375000000006,0,-25.05500000000001,16,22,partnership_disguised_sale,-0.09238209823767345,0,0.16,27,2,0,1731,0,0.0,11520,89
2.6770974257960916,-1.7034375000000002,0,-27.255000000000003,16,24,partnership_disguised_sale,-0.003521747887134552,0,0.1592,26,2,0,1731,0,0.0,11648,90
2.622145670466125,-1.4790625000000002,0,-23.665000000000003,16,20,partnership_disguised_sale,-0.08421543737252553,0,0.1584,20,2,0,1731,0,0.0,11776,91
2.609802892431617,-1.3943749999999993,0,-22.309999999999988,16,19,partnership_disguised_sale,-0.10135261962811153,0,0.1576,20,2,0,1731,0,0.0,11904,92
2.5669079329818487,-1.585625,0,-25.37,16,22,partnership_disguised_sale,-0.08670903990666072,0,0.1569,19,2,0,1731,0,0.0,12032,93
2.597760358825326,-1.4712499999999997,0,-23.539999999999996,16,20,partnership_disguised_sale,-0.03682922571897507,0,0.1561,17,2,0,1731,0,0.0,12160,94
2.673428894020617,-1.6281249999999996,0,-26.049999999999994,16,23,partnership_disguised_sale,-0.07624004781246185,0,0.1553,25,2,0,1731,0,0.0,12288,95
2.591073591262102,-1.2112500000000004,0,-19.380000000000006,16,16,partnership_disguised_sale,-0.0658286673327287,0,0.1545,17,2,0,1731,0,0.0,12416,96
2.5838122852146626,-1.7518749999999998,0,-28.029999999999998,16,25,partnership_disguised_sale,0.005026293297608693,0,0.1537,18,2,0,1731,0,0.0,12544,97
2.6017232527956367,-1.3215624999999995,0,-21.144999999999992,16,18,partnership_disguised_sale,-0.06492501497268677,0,0.153,22,2,0,1731,0,0.0,12672,98
2.586278885602951,-1.3246875000000005,0,-21.195000000000007,16,18,partnership_disguised_sale,-0.07511260608832042,0,0.1522,26,2,0,1731,0,0.0,12800,99
4.155692044645548,-6.76125,0,-108.18,16,108,partnership_disguised_sale,0.7768758535385132,0,0.25,30,3,0,1732,0,0.0,128,0
4.156328152865171,-6.3896875,0,-102.235,16,102,partnership_disguised_sale,0.5257351696491241,0,0.2487,32,3,0,1732,0,0.0,256,1
4.156542245298624,-6.258125000000001,0,-100.13000000000001,16,100,partnership_disguised_sale,0.3509090642134349,0,0.2475,27,3,0,1732,0,0.0,384,2
4.155105613172054,-6.031875000000001,0,-96.51000000000002,16,96,partnership_disguised_sale,0.2267752339442571,0,0.2463,27,3,0,1732,0,0.0,512,3
4.15273018553853,-5.5296875,0,-88.475,16,88,partnership_disguised_sale,0.17907743155956268,0,0.245,46,3,0,1732,0,0.0,640,4
4.147787652909756,-5.7828124999999995,0,-92.52499999999999,16,92,partnership_disguised_sale,0.13469237089157104,0,0.2438,24,3,0,1732,0,0.0,768,5
4.142223205417395,-5.849375000000001,0,-93.59000000000002,16,93,partnership_disguised_sale,0.11139512558778127,0,0.2426,32,3,0,1732,0,0.0,896,6
4.138259269297123,-5.8409375,0,-93.455,16,93,partnership_disguised_sale,0.0860606183608373,0,0.2414,33,3,0,1732,0,0.0,1024,7
4.128878101706505,-5.1859375000000005,0,-82.97500000000001,16,82,partnership_disguised_sale,0.07776090999444325,0,0.2402,37,3,0,1732,0,0.0,1152,8
4.1192731484770775,-4.747500000000002,0,-75.96000000000004,16,75,partnership_disguised_sale,-0.013040964802106222,0,0.239,25,3,0,1732,0,0.0,1280,9
4.111677840352058,-5.66,0,-90.56,16,90,partnership_disguised_sale,0.021192962924639385,0,0.2378,34,3,0,1732,0,0.0,1408,10
4.09789053350687,-5.522500000000001,0,-88.36000000000001,16,88,partnership_disguised_sale,0.011811648805936178,0,0.2366,29,3,0,1732,0,0.0,1536,11
4.0814444199204445,-5.964374999999999,0,-95.42999999999998,16,95,partnership_disguised_sale,0.025302459796269734,0,0.2354,31,3,0,1732,0,0.0,1664,12
4.055211493745446,-4.687812500000001,0,-75.00500000000001,16,74,partnership_disguised_sale,-0.004415377974510193,0,0.2342,27,3,0,1732,0,0.0,1792,13
4.026845267042518,-5.1212500000000025,0,-81.94000000000004,16,81,partnership_disguised_sale,-8.674959341684978e-05,0,0.2331,29,3,0,1732,0,0.0,1920,14
3.986335441470146,-4.8184375,0,-77.095,16,76,partnership_disguised_sale,-0.009982605775197348,0,0.2319,32,3,0,1732,0,0.0,2048,15
3.9172086976468563,-4.2784375000000034,0,-68.45500000000006,16,67,partnership_disguised_sale,-0.03547424574693044,0,0.2307,24,3,0,1732,0,0.0,2176,16
3.873507557436824,-4.403437500000001,0,-70.45500000000001,16,69,partnership_disguised_sale,-0.051595933735370636,0,0.2296,33,3,0,1732,0,0.0,2304,17
3.8255967386066914,-4.168437500000001,0,-66.69500000000002,16,65,partnership_disguised_sale,-0.0015264451503753662,0,0.2284,36,3,0,1732,0,0.0,2432,18
3.743650756776333,-4.006250000000002,0,-64.10000000000004,16,62,partnership_disguised_sale,-0.02541796863079071,0,0.2273,31,3,0,1732,0,0.0,2560,19
3.6479591727256775,-4.123125000000003,0,-65.97000000000004,16,64,partnership_disguised_sale,0.022130568822224934,0,0.2262,27,3,0,1732,0,0.0,2688,20
3.6162258069962263,-3.8950000000000027,0,-62.32000000000004,16,60,partnership_disguised_sale,0.022935981551806133,0,0.225,35,3,0,1732,0,0.0,2816,21
3.483816184103489,-3.1434374999999988,0,-50.29499999999998,16,47,partnership_disguised_sale,0.09116838872432709,0,0.2239,28,3,0,1732,0,0.0,2944,22
3.563080344349146,-3.467187500000001,0,-55.475000000000016,16,53,partnership_disguised_sale,-0.04329910377661387,0,0.2228,37,3,0,1732,0,0.0,3072,23
3.5387546233832836,-3.227187500000002,0,-51.63500000000003,16,49,partnership_disguised_sale,-0.05974517265955607,0,0.2217,32,3,0,1732,0,0.0,3200,24
3.5295083355158567,-4.0209375000000005,0,-64.33500000000001,16,62,partnership_disguised_sale,-0.030698056022326153,0,0.2206,32,3,0,1732,0,0.0,3328,25
3.499181989580393,-3.1040625000000013,0,-49.66500000000002,16,47,partnership_disguised_sale,-0.07250536233186722,0,0.2195,30,3,0,1732,0,0.0,3456,26
3.4995842799544334,-3.331875,0,-53.31,16,51,partnership_disguised_sale,-0.07160970568656921,0,0.2184,33,3,0,1732,0,0.0,3584,27
3.455841176211834,-3.019062500000002,0,-48.305000000000035,16,46,partnership_disguised_sale,-0.04630398750305176,0,0.2173,31,3,0,1732,0,0.0,3712,28
3.403589664027095,-2.961562500000001,0,-47.38500000000002,16,45,partnership_disguised_sale,-0.04046753297249476,0,0.2162,27,3,0,1732,0,0.0,3840,29
3.4346642196178436,-3.403125000000003,0,-54.450000000000045,16,52,partnership_disguised_sale,-0.046373484035333,0,0.2151,35,3,0,1732,0,0.0,3968,30
3.299495482817292,-2.383124999999999,0,-38.12999999999998,16,35,partnership_disguised_sale,-0.022595562040805817,0,0.214,26,3,0,1732,0,0.0,4096,31
3.268564660102129,-3.054687499999999,0,-48.874999999999986,16,46,partnership_disguised_sale,-0.0180569589138031,0,0.213,26,3,0,1732,0,0.0,4224,32
3.213983252644539,-2.730312500000002,0,-43.68500000000003,16,41,partnership_disguised_sale,0.02674211064974467,0,0.2119,24,3,0,1732,0,0.0,4352,33
3.2166355680674314,-2.3075,0,-36.92,16,34,partnership_disguised_sale,-0.004271442691485087,0,0.2108,25,3,0,1732,0,0.0,4480,34
3.217471234500408,-2.9153125000000015,0,-46.645000000000024,16,44,partnership_disguised_sale,0.06570651630560558,0,0.2098,29,3,0,1732,0,0.0,4608,35
3.2852928936481476,-3.393125000000001,0,-54.29000000000001,16,52,partnership_disguised_sale,0.03601853549480438,0,0.2087,37,3,0,1732,0,0.0,4736,36
3.1101788990199566,-2.070937500000002,0,-33.13500000000003,16,30,partnership_disguised_sale,-0.012519314885139465,0,0.2077,19,3,0,1732,0,0.0,4864,37
3.215139128267765,-2.3293749999999993,0,-37.26999999999999,16,34,partnership_disguised_sale,-0.10373112559318542,0,0.2066,31,3,0,1732,0,0.0,4992,38
3.180277632549405,-2.7875000000000005,0,-44.60000000000001,16,42,partnership_disguised_sale,-0.07719713201125462,0,0.2056,31,3,0,1732,0,0.0,5120,39
3.120289172977209,-2.2056250000000004,0,-35.290000000000006,16,32,partnership_disguised_sale,-0.07953759282827377,0,0.2046,28,3,0,1732,0,0.0,5248,40
3.0989358071237803,-2.5596875000000017,0,-40.95500000000003,16,38,partnership_disguised_sale,-0.05564499646425247,0,0.2036,28,3,0,1732,0,0.0,5376,41
3.085835477337241,-2.438437500000002,0,-39.01500000000003,16,36,partnership_disguised_sale,-0.05539761732021967,0,0.2025,31,3,0,1732,0,0.0,5504,42
3.0132039431482553,-2.6531250000000024,0,-42.45000000000004,16,39,partnership_disguised_sale,0.03924675782521566,0,0.2015,26,3,0,1732,0,0.0,5632,43
2.9472646955400705,-2.0225000000000013,0,-32.36000000000002,16,29,partnership_disguised_sale,0.04536718130111694,0,0.2005,20,3,0,1732,0,0.0,5760,44
2.9800559505820274,-1.903437500000001,0,-30.455000000000016,16,27,partnership_disguised_sale,-0.008375572661558786,0,0.1995,22,3,0,1732,0,0.0,5888,45
3.0309918019920588,-2.3134375000000014,0,-37.01500000000002,16,34,partnership_disguised_sale,-0.07797982295354207,0,0.1985,27,3,0,1732,0,0.0,6016,46
2.9898102041333914,-2.176875,0,-34.83,16,32,partnership_disguised_sale,-0.08129349847634633,0,0.1975,22,3,0,1732,0,0.0,6144,47
2.8744390942156315,-2.0203125000000006,0,-32.32500000000001,16,29,partnership_disguised_sale,-0.08692071835199992,0,0.1965,17,3,0,1732,0,0.0,6272,48
2.9492979710921645,-2.172187500000001,0,-34.75500000000002,16,32,partnership_disguised_sale,-0.06670363247394562,0,0.1956,21,3,0,1732,0,0.0,6400,49
3.0467369509860873,-2.4743749999999998,0,-39.589999999999996,16,37,partnership_disguised_sale,-0.05052979042132696,0,0.1946,34,3,0,1732,0,0.0,6528,50
3.06291295401752,-2.6671875000000007,0,-42.67500000000001,16,40,partnership_disguised_sale,-0.08074544121821721,0,0.1936,28,3,0,1732,0,0.0,6656,51
2.930930944159627,-2.256250000000001,0,-36.100000000000016,16,33,partnership_disguised_sale,-0.06571674595276515,0,0.1926,21,3,0,1732,0,0.0,6784,52
3.008997483178973,-2.5546875000000004,0,-40.87500000000001,16,38,partnership_disguised_sale,0.19189531107743582,0,0.1917,27,3,0,1732,0,0.0,6912,53
3.0025664716959,-1.8115625000000004,0,-28.985000000000007,16,26,partnership_disguised_sale,0.013186479608217875,0,0.1907,26,3,0,1732,0,0.0,7040,54
3.021459884941578,-1.8890625000000008,2,-30.225000000000012,16,29,partnership_disguised_sale,0.020426928997039795,1,0.1898,24,3,0,1732,0,0.0,7168,55
2.9685941245406866,-1.9012500000000008,0,-30.420000000000012,16,27,partnership_disguised_sale,-0.05755764991044998,0,0.1888,17,3,0,1732,0,0.0,7296,56
3.003008184954524,-2.2156250000000015,0,-35.450000000000024,16,32,partnership_disguised_sale,-0.010823140541712442,0,0.1879,24,3,0,1732,0,0.0,7424,57
2.962959250435233,-1.6384375000000004,0,-26.215000000000007,16,23,partnership_disguised_sale,-0.07012191166480382,0,0.1869,23,3,0,1732,0,0.0,7552,58
2.9609676375985146,-1.8196875000000008,0,-29.115000000000013,16,26,partnership_disguised_sale,-0.08446650703748067,0,0.186,25,3,0,1732,0,0.0,7680,59
3.0358892176300287,-2.1828125000000016,0,-34.925000000000026,16,32,partnership_disguised_sale,-0.06068612883488337,0,0.1851,27,3,0,1732,0,0.0,7808,60
3.031443925574422,-2.0981250000000005,0,-33.57000000000001,16,31,partnership_disguised_sale,-0.09301327913999557,0,0.1841,29,3,0,1732,0,0.0,7936,61
2.9476125314831734,-2.0525000000000007,0,-32.84000000000001,16,30,partnership_disguised_sale,-0.03236714502175649,0,0.1832,23,3,0,1732,0,0.0,8064,62
2.8709942512214184,-1.5728125000000004,0,-25.165000000000006,16,22,partnership_disguised_sale,-0.05556130409240723,0,0.1823,16,3,0,1732,0,0.0,8192,63
2.9651677571237087,-2.2418750000000016,0,-35.870000000000026,16,33,partnership_disguised_sale,-0.07479390998681386,0,0.1814,27,3,0,1732,0,0.0,8320,64
2.8841428365558386,-1.65375,0,-26.46,16,23,partnership_disguised_sale,-0.10815255095561345,0,0.1805,22,3,0,1732,0,0.0,8448,65
2.9268040880560875,-2.3221874999999996,0,-37.154999999999994,16,34,partnership_disguised_sale,-0.05340719719727834,0,0.1796,29,3,0,1732,0,0.0,8576,66
2.8544626589864492,-1.786875,0,-28.59,16,25,partnership_disguised_sale,0.011322297155857086,0,0.1787,27,3,0,1732,0,0.0,8704,67
2.6198490019887686,-1.3750000000000009,0,-22.000000000000014,16,18,partnership_disguised_sale,-0.09151099622249603,0,0.1778,12,3,0,1732,0,0.0,8832,68
2.7628707280382514,-2.090625000000001,0,-33.45000000000002,16,30,partnership_disguised_sale,-0.01022785653670629,0,0.1769,24,3,0,1732,0,0.0,8960,69
2.6404338497668505,-1.3899999999999997,0,-22.239999999999995,16,18,partnership_disguised_sale,-0.0749141921599706,0,0.176,13,3,0,1732,0,0.0,9088,70
2.795480191707611,-1.7053124999999998,0,-27.284999999999997,16,24,partnership_disguised_sale,-0.06091922397414843,0,0.1751,24,3,0,1732,0,0.0,9216,71
2.7880258103832603,-1.9412499999999995,0,-31.05999999999999,16,28,partnership_disguised_sale,-0.07083464662233989,0,0.1743,26,3,0,1732,0,0.0,9344,72
2.688030844554305,-1.16,0,-18.56,16,15,partnership_disguised_sale,-0.08184946328401566,0,0.1734,18,3,0,1732,0,0.0,9472,73
2.6028709784150124,-1.535312500000001,0,-24.565000000000015,16,21,partnership_disguised_sale,-0.06775188073515892,0,0.1725,13,3,0,1732,0,0.0,9600,74
2.6767278844490647,-1.6456250000000008,0,-26.330000000000013,16,23,partnership_disguised_sale,-0.09292560070753098,0,0.1717,20,3,0,1732,0,0.0,9728,75
2.744122985750437,-1.965312500000001,0,-31.445000000000014,16,28,partnership_disguised_sale,0.10194769253333409,0,0.1708,28,3,0,1732,0,0.0,9856,76
2.5915985694155097,-1.4028125000000005,0,-22.445000000000007,16,19,partnership_disguised_sale,-0.06811945388714473,0,0.1699,14,3,0,1732,0,0.0,9984,77
2.6386295342817903,-1.5925000000000005,0,-25.480000000000008,16,22,partnership_disguised_sale,-0.07405836135149002,0,0.1691,16,3,0,1732,0,0.0,10112,78
2.7727589616551995,-1.6634375000000008,0,-26.615000000000013,16,23,partnership_disguised_sale,-0.021162495017051697,0,0.1683,24,3,0,1732,0,0.0,10240,79
2.6461576456204057,-1.4756250000000013,0,-23.61000000000002,16,20,partnership_disguised_sale,-0.05398512383302053,0,0.1674,17,3,0,1732,0,0.0,10368,80
2.713574460707605,-1.8012500000000011,0,-28.820000000000018,16,25,partnership_disguised_sale,-0.098639115691185,0,0.1666,21,3,0,1732,0,0.0,10496,81
2.620006000623107,-1.4784375000000016,0,-23.655000000000026,16,20,partnership_disguised_sale,0.020964081088701885,0,0.1657,20,3,0,1732,0,0.0,10624,82
2.5612966287881136,-1.6568750000000017,0,-26.510000000000026,16,23,partnership_disguised_sale,-0.04110782593488693,0,0.1649,20,3,0,1732,0,0.0,10752,83
2.566013959236443,-1.4921875000000007,0,-23.87500000000001,16,20,partnership_disguised_sale,-0.0021079803506533303,0,0.1641,21,3,0,1732,0,0.0,10880,84
2.6192032983526587,-1.6743750000000002,0,-26.790000000000003,16,23,partnership_disguised_sale,-0.03473606954018275,0,0.1633,27,3,0,1732,0,0.0,11008,85
2.498198939487338,-1.0343749999999998,0,-16.549999999999997,16,13,partnership_disguised_sale,-0.04276800900697708,0,0.1625,18,3,0,1732,0,0.0,11136,86
2.463955670595169,-1.4196875000000007,0,-22.71500000000001,16,19,partnership_disguised_sale,0.03487755358219147,0,0.1616,20,3,0,1732,0,0.0,11264,87
2.5716632241383195,-1.40625,0,-22.5,16,19,partnership_disguised_sale,-0.08309266964594524,0,0.1608,22,3,0,1732,0,0.0,11392,88
2.568557096645236,-1.6575000000000004,0,-26.520000000000007,16,23,partnership_disguised_sale,0.05308077732721964,0,0.16,24,3,0,1732,0,0.0,11520,89
2.691311636939645,-1.941562500000001,0,-31.065000000000015,16,28,partnership_disguised_sale,-0.08847399055957794,0,0.1592,30,3,0,1732,0,0.0,11648,90
2.6459156246855855,-1.5946875000000005,0,-25.515000000000008,16,22,partnership_disguised_sale,-0.05363715688387553,0,0.1584,27,3,0,1732,0,0.0,11776,91
2.5322716534137726,-1.0553124999999999,0,-16.884999999999998,16,13,partnership_disguised_sale,-0.07967692613601685,0,0.1576,15,3,0,1732,0,0.0,11904,92
2.5989463264122605,-1.4231250000000002,0,-22.770000000000003,16,19,partnership_disguised_sale,-0.02736707031726837,0,0.1569,24,3,0,1732,0,0.0,12032,93
2.5103927860036492,-1.5693750000000009,0,-25.110000000000014,16,21,partnership_disguised_sale,-0.07226600994666417,0,0.1561,15,3,0,1732,0,0.0,12160,94
2.5043151853606105,-1.228125,0,-19.65,16,16,partnership_disguised_sale,-0.03826544682184855,0,0.1553,17,3,0,1732,0,0.0,12288,95
2.583229586482048,-1.795000000000001,0,-28.720000000000017,16,25,partnership_disguised_sale,0.04153501739104589,0,0.1545,24,3,0,1732,0,0.0,12416,96
2.3841546466574073,-1.2462500000000003,0,-19.940000000000005,16,16,partnership_disguised_sale,-0.09213913480440776,0,0.1537,11,3,0,1732,0,0.0,12544,97
2.4178680991753936,-1.357812500000001,0,-21.725000000000016,16,18,partnership_disguised_sale,-0.08833346764246623,0,0.153,17,3,0,1732,0,0.0,12672,98
2.4856434548273683,-1.7168750000000015,0,-27.470000000000024,16,24,partnership_disguised_sale,-0.09572364141543706,0,0.1522,22,3,0,1732,0,0.0,12800,99
4.151870328933001,-6.0846875,0,-97.355,16,97,partnership_disguised_sale,0.7019340594609579,0,0.25,33,4,0,1733,0,0.0,128,0
4.151779763400555,-5.5443750000000005,0,-88.71000000000001,16,88,partnership_disguised_sale,0.4010242323080699,0,0.2487,30,4,0,1733,0,0.0,256,1
4.150189768522978,-5.375624999999998,0,-86.00999999999996,16,85,partnership_disguised_sale,0.2866506377855937,0,0.2475,25,4,0,1733,0,0.0,384,2
4.14746880158782,-6.086875000000001,0,-97.39000000000001,16,97,partnership_disguised_sale,0.3791463375091553,0,0.2463,26,4,0,1733,0,0.0,512,3
4.1423744186758995,-5.7190625,0,-91.505,16,91,partnership_disguised_sale,0.21310289204120636,0,0.245,24,4,0,1733,0,0.0,640,4
4.134281903505325,-5.820937499999999,0,-93.13499999999999,16,92,partnership_disguised_sale,0.19178802768389383,0,0.2438,26,4,0,1733,0,0.0,768,5
4.128916300833225,-6.1003125,0,-97.605,16,97,partnership_disguised_sale,0.17586312194665274,0,0.2426,31,4,0,1733,0,0.0,896,6
4.120897699147463,-5.6053125,0,-89.685,16,89,partnership_disguised_sale,0.14518620073795319,0,0.2414,29,4,0,1733,0,0.0,1024,7
4.111969664692879,-5.158437500000001,10,-82.53500000000001,16,92,partnership_disguised_sale,0.7960113286972046,1,0.2402,32,4,0,1733,0,0.0,1152,8
4.099353604018688,-5.9665625,0,-95.465,16,95,partnership_disguised_sale,0.08905981481075287,0,0.239,31,4,0,1733,0,0.0,1280,9
4.072371143847704,-4.576875000000001,0,-73.23000000000002,16,72,partnership_disguised_sale,0.02786320447921753,0,0.2378,28,4,0,1733,0,0.0,1408,10
4.0671808030456305,-5.431562500000002,0,-86.90500000000003,16,86,partnership_disguised_sale,0.08063402275244395,0,0.2366,37,4,0,1733,0,0.0,1536,11
4.042642185464501,-5.356875000000001,0,-85.71000000000002,16,85,partnership_disguised_sale,0.026148349046707153,0,0.2354,28,4,0,1733,0,0.0,1664,12
4.029742117971182,-4.7512500000000015,0,-76.02000000000002,16,75,partnership_disguised_sale,-0.0008855412403742472,0,0.2342,32,4,0,1733,0,0.0,1792,13
3.99204527400434,-5.2046875,0,-83.275,16,82,partnership_disguised_sale,0.01459104816118876,0,0.2331,32,4,0,1733,0,0.0,1920,14
3.950975738465786,-4.477187500000002,0,-71.63500000000003,16,70,partnership_disguised_sale,-0.02945782740910848,0,0.2319,27,4,0,1733,0,0.0,2048,15
3.9125939644873142,-4.228750000000001,0,-67.66000000000001,16,66,partnership_disguised_sale,0.020433127880096436,0,0.2307,26,4,0,1733,0,0.0,2176,16
3.8662900738418102,-3.7071874999999994,0,-59.31499999999999,16,57,partnership_disguised_sale,-0.031602794925371804,0,0.2296,27,4,0,1733,0,0.0,2304,17
3.8166066352277994,-3.996250000000003,0,-63.94000000000005,16,62,partnership_disguised_sale,0.006417945027351379,0,0.2284,30,4,0,1733,0,0.0,2432,18
3.7447012942284346,-4.170625,0,-66.73,16,65,partnership_disguised_sale,-0.018407076597213745,0,0.2273,25,4,0,1733,0,0.0,2560,19
3.684698423370719,-3.724062500000002,0,-59.58500000000003,16,57,partnership_disguised_sale,-0.03271825114885966,0,0.2262,23,4,0,1733,0,0.0,2688,20
3.68244762532413,-3.8743750000000023,0,-61.99000000000004,16,60,partnership_disguised_sale,0.014480272928873697,0,0.225,32,4,0,1733,0,0.0,2816,21
3.5610150024294853,-3.8896875000000017,0,-62.23500000000003,16,60,partnership_disguised_sale,-0.01136869192123413,0,0.2239,25,4,0,1733,0,0.0,2944,22
3.528217636048794,-3.4700000000000015,0,-55.520000000000024,16,53,partnership_disguised_sale,-0.05035040775934855,0,0.2228,31,4,0,1733,0,0.0,3072,23
3.3948220666497946,-2.9334374999999993,0,-46.93499999999999,16,44,partnership_disguised_sale,-0.0710051879286766,0,0.2217,20,4,0,1733,0,0.0,3200,24
3.441107979044318,-3.471250000000001,0,-55.54000000000001,16,53,partnership_disguised_sale,-0.017725740869839985,0,0.2206,34,4,0,1733,0,0.0,3328,25
3.3688114378601313,-3.5081250000000006,0,-56.13000000000001,16,54,partnership_disguised_sale,-0.062357587118943535,0,0.2195,30,4,0,1733,0,0.0,3456,26
3.277491280809045,-2.7546875000000024,0,-44.07500000000004,16,41,partnership_disguised_sale,-0.06084280461072922,0,0.2184,25,4,0,1733,0,0.0,3584,27
3.3375831581652164,-2.905625000000001,0,-46.490000000000016,16,44,partnership_disguised_sale,-0.004914512236913045,0,0.2173,31,4,0,1733,0,0.0,3712,28
3.291559934616089,-2.990625000000002,0,-47.85000000000003,16,45,partnership_disguised_sale,0.0029767105976740518,0,0.2162,26,4,0,1733,0,0.0,3840,29
3.292204050347209,-3.3318750000000033,0,-53.31000000000005,16,50,partnership_disguised_sale,0.014673540989557901,0,0.2151,24,4,0,1733,0,0.0,3968,30
3.3445708341896534,-2.4790625000000004,0,-39.665000000000006,16,37,partnership_disguised_sale,-0.09540863583485286,0,0.214,27,4,0,1733,0,0.0,4096,31
3.36451449804008,-2.7943750000000023,0,-44.710000000000036,16,42,partnership_disguised_sale,-0.013553008437156677,0,0.213,28,4,0,1733,0,0.0,4224,32
3.387385744601488,-2.691249999999999,0,-43.05999999999998,16,40,partnership_disguised_sale,-0.03086535135904948,0,0.2119,33,4,0,1733,0,0.0,4352,33
3.331690339371562,-2.48625,0,-39.78,16,37,partnership_disguised_sale,-0.06765978535016377,0,0.2108,28,4,0,1733,0,0.0,4480,34
3.248027892783284,-2.5681249999999993,0,-41.08999999999999,16,38,partnership_disguised_sale,-0.1001006339987119,0,0.2098,22,4,0,1733,0,0.0,4608,35
3.257702812552452,-2.2906250000000012,0,-36.65000000000002,16,34,partnership_disguised_sale,-0.08389262606700261,0,0.2087,24,4,0,1733,0,0.0,4736,36
3.2376243714243174,-2.6825,0,-42.92,16,40,partnership_disguised_sale,0.17020927369594574,0,0.2077,27,4,0,1733,0,0.0,4864,37
3.1884414181113243,-2.373750000000002,0,-37.98000000000003,16,35,partnership_disguised_sale,-0.10912948101758957,0,0.2066,24,4,0,1733,0,0.0,4992,38
3.1410470008850098,-2.327500000000001,0,-37.240000000000016,16,34,partnership_disguised_sale,-0.03287587811549505,0,0.2056,23,4,0,1733,0,0.0,5120,39
3.1415345780551434,-2.1603125000000007,0,-34.56500000000001,16,31,partnership_disguised_sale,-0.05353968342145284,0,0.2046,21,4,0,1733,0,0.0,5248,40
3.1599649600684643,-1.2534374999999998,12,-20.054999999999996,16,29,partnership_disguised_sale,0.5755130449930826,2,0.2036,22,4,0,1733,0,0.0,5376,41
3.2308351397514343,-2.2556250000000007,0,-36.09000000000001,16,33,partnership_disguised_sale,-0.06847378859917323,0,0.2025,27,4,0,1733,0,0.0,5504,42
3.194976666942239,-1.2128125000000023,20,-19.405000000000037,16,37,partnership_disguised_sale,1.6372981468836467,1,0.2015,28,4,0,1733,1,0.0625,5632,43
3.1272342707961798,-2.082500000000001,0,-33.320000000000014,16,30,partnership_disguised_sale,-0.06954556206862132,0,0.2005,25,4,0,1733,0,0.0,5760,44
3.163656648248434,-2.5387500000000003,0,-40.620000000000005,16,38,partnership_disguised_sale,-0.06356958051522572,0,0.1995,30,4,0,1733,0,0.0,5888,45
3.149950362741947,-2.6471875000000016,0,-42.355000000000025,16,40,partnership_disguised_sale,-0.0699685166279475,0,0.1985,29,4,0,1733,0,0.0,6016,46
3.1818700712174177,-2.925312500000001,0,-46.805000000000014,16,44,partnership_disguised_sale,0.07126895089944203,0,0.1975,31,4,0,1733,0,0.0,6144,47
3.113403208553791,-2.1831250000000013,0,-34.93000000000002,16,32,partnership_disguised_sale,-0.009206578135490417,0,0.1965,23,4,0,1733,0,0.0,6272,48
3.2102518416941166,-3.0171875000000012,0,-48.27500000000002,16,46,partnership_disguised_sale,0.00450502336025238,0,0.1956,30,4,0,1733,0,0.0,6400,49
3.117581907659769,-2.4150000000000014,0,-38.64000000000002,16,36,partnership_disguised_sale,-0.03417385617891947,0,0.1946,22,4,0,1733,0,0.0,6528,50
3.070967795327306,-2.5265625,0,-40.425,16,38,partnership_disguised_sale,-0.010549341638882955,0,0.1936,22,4,0,1733,0,0.0,6656,51
3.101343495771289,-2.2359375000000004,0,-35.775000000000006,16,33,partnership_disguised_sale,-0.1074455405275027,0,0.1926,27,4,0,1733,0,0.0,6784,52
2.97834787145257,-1.8934375000000006,0,-30.29500000000001,16,27,partnership_disguised_sale,-0.05300583690404892,0,0.1917,24,4,0,1733,0,0.0,6912,53
2.936897851526737,-2.129375000000001,0,-34.070000000000014,16,31,partnership_disguised_sale,-0.04632887740929922,0,0.1907,26,4,0,1733,0,0.0,7040,54
2.952061559073627,-1.7071875000000005,0,-27.31500000000001,16,24,partnership_disguised_sale,-0.021158836781978607,0,0.1898,32,4,0,1733,0,0.0,7168,55
2.715767201036215,-1.609375,0,-25.75,16,22,partnership_disguised_sale,-0.06592382242282231,0,0.1888,18,4,0,1733,0,0.0,7296,56
2.811994129791856,-2.098437500000001,0,-33.57500000000002,16,30,partnership_disguised_sale,0.015492657820383707,0,0.1879,27,4,0,1733,0,0.0,7424,57
2.819636821746826,-2.376250000000001,0,-38.02000000000002,16,35,partnership_disguised_sale,-0.07454434782266617,0,0.1869,27,4,0,1733,0,0.0,7552,58
2.697149619460106,-2.0909375000000003,0,-33.455000000000005,16,30,partnership_disguised_sale,-0.06022081524133682,0,0.186,18,4,0,1733,0,0.0,7680,59
2.7254507057368755,-1.7587500000000005,0,-28.140000000000008,16,25,partnership_disguised_sale,-0.07705895851055782,0,0.1851,20,4,0,1733,0,0.0,7808,60
2.820097769610584,-1.8653125000000006,0,-29.84500000000001,16,27,partnership_disguised_sale,-0.09979275862375896,0,0.1841,22,4,0,1733,0,0.0,7936,61
2.8078044336289167,-2.04375,0,-32.7,16,30,partnership_disguised_sale,-0.05443080266316732,0,0.1832,25,4,0,1733,0,0.0,8064,62
2.7922030445188284,-1.5740624999999997,0,-25.184999999999995,16,22,partnership_disguised_sale,-0.0761378010114034,0,0.1823,21,4,0,1733,0,0.0,8192,63
2.743183573707938,-2.4281249999999996,0,-38.849999999999994,16,36,partnership_disguised_sale,-0.040472385783990227,0,0.1814,20,4,0,1733,0,0.0,8320,64
2.7561287079006433,-2.0524999999999998,0,-32.839999999999996,16,30,partnership_disguised_sale,-0.08113786081473033,0,0.1805,19,4,0,1733,0,0.0,8448,65
2.667689892463386,-1.3221875,0,-21.155,16,18,partnership_disguised_sale,-0.09522626052300136,0,0.1796,22,4,0,1733,0,0.0,8576,66
2.6141380332410336,-1.7190625000000002,0,-27.505000000000003,16,24,partnership_disguised_sale,-0.08871807406346004,0,0.1787,24,4,0,1733,0,0.0,8704,67
2.5655720327049494,-1.6487499999999993,0,-26.37999999999999,16,23,partnership_disguised_sale,-0.07126824806133907,0,0.1778,21,4,0,1733,0,0.0,8832,68
2.5209568785503507,-1.2771875000000004,0,-20.435000000000006,16,17,partnership_disguised_sale,-0.06496862818797429,0,0.1769,26,4,0,1733,0,0.0,8960,69
2.4739502370357513,-1.5240624999999999,0,-24.384999999999998,16,21,partnership_disguised_sale,0.31575233737627667,0,0.176,20,4,0,1733,0,0.0,9088,70
2.5518919210880995,-1.5784374999999997,0,-25.254999999999995,16,22,partnership_disguised_sale,-0.044511845956246056,0,0.1751,23,4,0,1733,0,0.0,9216,71
2.539089090190828,-1.609687500000001,0,-25.755000000000017,16,22,partnership_disguised_sale,-0.0011927311619122822,0,0.1743,21,4,0,1733,0,0.0,9344,72
2.6061882600188255,-0.07749999999999987,20,-1.239999999999998,16,18,partnership_disguised_sale,1.6255641380945842,1,0.1734,22,4,0,1733,1,0.0625,9472,73
2.7771823573857546,-1.8828124999999996,0,-30.124999999999993,16,27,partnership_disguised_sale,-0.015494811038176218,0,0.1725,28,4,0,1733,0,0.0,9600,74
2.764693336561322,-1.705312500000001,0,-27.285000000000014,16,24,partnership_disguised_sale,-0.09821759661038716,0,0.1717,26,4,0,1733,0,0.0,9728,75
2.825814262032509,-1.7153124999999998,0,-27.444999999999997,16,24,partnership_disguised_sale,-0.08071552962064743,0,0.1708,30,4,0,1733,0,0.0,9856,76
2.7899854741990566,-1.6484374999999996,0,-26.374999999999993,16,23,partnership_disguised_sale,-0.03488737344741821,0,0.1699,28,4,0,1733,0,0.0,9984,77
2.662295018322766,-1.4784375,0,-23.655,16,20,partnership_disguised_sale,0.011100158095359802,0,0.1691,18,4,0,1733,0,0.0,10112,78
2.7504869755357504,-1.7690625000000004,0,-28.305000000000007,16,25,partnership_disguised_sale,-0.048437597850958504,0,0.1683,27,4,0,1733,0,0.0,10240,79
2.700798529200256,-1.540937500000001,0,-24.655000000000015,16,21,partnership_disguised_sale,-0.06066871682802836,0,0.1674,17,4,0,1733,0,0.0,10368,80
2.7387746470049024,-1.0953125,0,-17.525,16,14,partnership_disguised_sale,-0.07592662920554479,0,0.1666,20,4,0,1733,0,0.0,10496,81
2.763002679683268,-1.6596874999999998,0,-26.554999999999996,16,23,partnership_disguised_sale,-0.07099503527084987,0,0.1657,21,4,0,1733,0,0.0,10624,82
2.7427441319450736,-1.5150000000000008,0,-24.240000000000013,16,21,partnership_disguised_sale,-0.12943428754806519,0,0.1649,24,4,0,1733,0,0.0,10752,83
2.655513571575284,-1.6984375000000005,0,-27.175000000000008,16,24,partnership_disguised_sale,-0.08572227507829666,0,0.1641,20,4,0,1733,0,0.0,10880,84
2.658077117986977,-1.6409375000000006,0,-26.25500000000001,16,23,partnership_disguised_sale,-0.08129176497459412,0,0.1633,25,4,0,1733,0,0.0,11008,85
2.5359801137819886,-1.5678125000000003,0,-25.085000000000004,16,22,partnership_disguised_sale,-0.09846686571836472,0,0.1625,21,4,0,1733,0,0.0,11136,86
2.5366273317486048,-1.7353125000000011,0,-27.76500000000002,16,24,partnership_disguised_sale,-0.10956703871488571,0,0.1616,22,4,0,1733,0,0.0,11264,87
2.4110085610300303,-1.1959375,0,-19.135,16,15,partnership_disguised_sale,-0.06963753079374631,0,0.1608,15,4,0,1733,0,0.0,11392,88
2.494403263553977,-1.2800000000000005,0,-20.480000000000008,16,17,partnership_disguised_sale,-0.007104918360710144,0,0.16,21,4,0,1733,0,0.0,11520,89
2.3739552069455385,-1.3468750000000003,0,-21.550000000000004,16,18,partnership_disguised_sale,0.07558312763770421,0,0.1592,14,4,0,1733,0,0.0,11648,90
2.5002681678161025,-1.3290625,0,-21.265,16,18,partnership_disguised_sale,-0.06579426924387614,0,0.1584,20,4,0,1733,0,0.0,11776,91
2.5867689065635204,-1.4481249999999994,0,-23.16999999999999,16,20,partnership_disguised_sale,-0.022514238953590393,0,0.1576,23,4,0,1733,0,0.0,11904,92
2.510347468778491,-1.5821875000000005,0,-25.31500000000001,16,22,partnership_disguised_sale,-0.06675187995036443,0,0.1569,13,4,0,1733,0,0.0,12032,93
2.686802264302969,-1.8143749999999998,0,-29.029999999999998,16,26,partnership_disguised_sale,-0.08335172881682713,0,0.1561,26,4,0,1733,0,0.0,12160,94
2.692182336933911,-1.4443749999999997,0,-23.109999999999996,16,20,partnership_disguised_sale,-0.024134382605552673,0,0.1553,21,4,0,1733,0,0.0,12288,95
2.627043005079031,-1.1024999999999996,0,-17.639999999999993,16,14,partnership_disguised_sale,-0.08518835405508678,0,0.1545,15,4,0,1733,0,0.0,12416,96
2.610994463786483,-1.3487499999999994,0,-21.57999999999999,16,18,partnership_disguised_sale,-0.08065519978602727,0,0.1537,14,4,0,1733,0,0.0,12544,97
2.760751262307167,-1.6478125000000001,0,-26.365000000000002,16,23,partnership_disguised_sale,-0.019560585419336956,0,0.153,22,4,0,1733,0,0.0,12672,98
2.81484073959291,-2.0706250000000006,0,-33.13000000000001,16,30,partnership_disguised_sale,-0.07077888896067937,0,0.1522,29,4,0,1733,0,0.0,12800,99
4.157575510442257,-5.9134375,0,-94.615,16,94,partnership_disguised_sale,0.7215913534164429,0,0.25,31,5,0,1734,0,0.0,128,0
4.157469414174557,-5.7796875,0,-92.475,16,92,partnership_disguised_sale,0.49602068463961285,0,0.2487,35,5,0,1734,0,0.0,256,1
4.156523909419775,-6.211874999999999,0,-99.38999999999999,16,99,partnership_disguised_sale,0.4879842797915141,0,0.2475,37,5,0,1734,0,0.0,384,2
4.154124103486538,-5.731874999999999,0,-91.70999999999998,16,91,partnership_disguised_sale,0.2974756956100464,0,0.2463,27,5,0,1734,0,0.0,512,3
4.1536001823842525,-6.080625000000001,0,-97.29000000000002,16,97,partnership_disguised_sale,0.2757398138443629,0,0.245,41,5,0,1734,0,0.0,640,4
4.149245798587799,-6.0346875,0,-96.555,16,96,partnership_disguised_sale,0.21215776105721793,0,0.2438,30,5,0,1734,0,0.0,768,5
4.14635207131505,-5.542187499999997,0,-88.67499999999995,16,88,partnership_disguised_sale,0.13606721659501395,0,0.2426,32,5,0,1734,0,0.0,896,6
4.144154153764248,-5.7771875,0,-92.435,16,92,partnership_disguised_sale,0.14551190535227457,0,0.2414,36,5,0,1734,0,0.0,1024,7
4.137217849493027,-6.1371875000000005,0,-98.19500000000001,16,98,partnership_disguised_sale,0.11235618591308594,0,0.2402,19,5,0,1734,0,0.0,1152,8
4.1322601698338985,-5.156249999999997,0,-82.49999999999996,16,82,partnership_disguised_sale,0.05556806921958923,0,0.239,34,5,0,1734,0,0.0,1280,9
4.121997911483049,-5.6528125000000005,0,-90.44500000000001,16,90,partnership_disguised_sale,0.08427335818608601,0,0.2378,30,5,0,1734,0,0.0,1408,10
4.115479677915573,-4.941875000000003,0,-79.07000000000005,16,78,partnership_disguised_sale,0.03102731208006541,0,0.2366,26,5,0,1734,0,0.0,1536,11
4.100729718804359,-5.247812500000001,0,-83.96500000000002,16,83,partnership_disguised_sale,-0.015063315629959106,0,0.2354,22,5,0,1734,0,0.0,1664,12
4.099900238215923,-5.529687500000001,0,-88.47500000000002,16,88,partnership_disguised_sale,0.04059235751628876,0,0.2342,32,5,0,1734,0,0.0,1792,13
4.083362901583314,-5.0406249999999995,0,-80.64999999999999,16,80,partnership_disguised_sale,0.032450079917907715,0,0.2331,29,5,0,1734,0,0.0,1920,14
4.053018281236291,-4.624375,0,-73.99,16,73,partnership_disguised_sale,-0.03621625900268555,0,0.2319,24,5,0,1734,0,0.0,2048,15
4.032812435179949,-4.932812499999998,0,-78.92499999999997,16,78,partnership_disguised_sale,-0.035931880275408425,0,0.2307,28,5,0,1734,0,0.0,2176,16
3.988516440615058,-4.614062500000001,0,-73.82500000000002,16,72,partnership_disguised_sale,0.05874732633431753,0,0.2296,34,5,0,1734,0,0.0,2304,17
3.9454950373619795,-4.5781250000000036,0,-73.25000000000006,16,72,partnership_disguised_sale,-0.06037913511196772,0,0.2284,26,5,0,1734,0,0.0,2432,18
3.8956098537892103,-4.187500000000001,0,-67.00000000000001,16,65,partnership_disguised_sale,-0.002472485105196635,0,0.2273,32,5,0,1734,0,0.0,2560,19
3.8288392294198275,-3.855625000000001,0,-61.69000000000002,16,60,partnership_disguised_sale,-0.04092965523401896,0,0.2262,27,5,0,1734,0,0.0,2688,20
3.766526512801647,-3.967812500000002,0,-63.485000000000035,16,62,partnership_disguised_sale,-0.04885037740071615,0,0.225,29,5,0,1734,0,0.0,2816,21
3.7274156641215086,-3.672187500000003,0,-58.755000000000045,16,57,partnership_disguised_sale,-0.009265010555585226,0,0.2239,29,5,0,1734,0,0.0,2944,22
3.6552407573908567,-3.7009375000000015,0,-59.215000000000025,16,57,partnership_disguised_sale,-0.03057698408762614,0,0.2228,26,5,0,1734,0,0.0,3072,23
3.6231760438531637,-3.5056250000000024,0,-56.09000000000004,16,54,partnership_disguised_sale,0.003389467795689901,0,0.2217,40,5,0,1734,0,0.0,3200,24
3.48065828345716,-3.3050000000000024,0,-52.88000000000004,16,50,partnership_disguised_sale,0.032875895500183105,0,0.2206,31,5,0,1734,0,0.0,3328,25
3.3958148322999477,-3.2490625000000004,0,-51.98500000000001,16,49,partnership_disguised_sale,0.02083010971546173,0,0.2195,29,5,0,1734,0,0.0,3456,26
3.387824522331357,-3.717812500000001,0,-59.485000000000014,16,57,partnership_disguised_sale,-0.022520755728085835,0,0.2184,33,5,0,1734,0,0.0,3584,27
3.308613384142518,-2.7700000000000022,0,-44.320000000000036,16,41,partnership_disguised_sale,-0.05808793008327484,0,0.2173,29,5,0,1734,0,0.0,3712,28
3.3031422663480043,-3.2390625000000006,0,-51.82500000000001,16,49,partnership_disguised_sale,0.13211349149545035,0,0.2162,32,5,0,1734,0,0.0,3840,29
3.2419628016650677,-2.970625000000004,0,-47.530000000000065,16,44,partnership_disguised_sale,0.05943081776301066,0,0.2151,22,5,0,1734,0,0.0,3968,30
3.3376165851950645,-3.0434375000000014,0,-48.69500000000002,16,46,partnership_disguised_sale,-0.011965463558832804,0,0.214,31,5,0,1734,0,0.0,4096,31
3.30633413977921,-3.056875000000001,0,-48.91000000000002,16,46,partnership_disguised_sale,-0.01837063580751419,0,0.213,28,5,0,1734,0,0.0,4224,32
3.3780239820480347,-2.7771875000000015,0,-44.435000000000024,16,42,partnership_disguised_sale,-0.03859552492698034,0,0.2119,35,5,0,1734,0,0.0,4352,33
3.301406042650342,-2.7234374999999997,0,-43.574999999999996,16,41,partnership_disguised_sale,-0.04532830913861593,0,0.2108,28,5,0,1734,0,0.0,4480,34
3.228975385427475,-2.737812500000001,0,-43.805000000000014,16,41,partnership_disguised_sale,-0.024457996090253193,0,0.2098,24,5,0,1734,0,0.0,4608,35
3.1730233430862427,-2.384687500000001,0,-38.155000000000015,16,35,partnership_disguised_sale,-0.027179089685281117,0,0.2087,22,5,0,1734,0,0.0,4736,36
3.1369457989931107,-2.2359374999999995,0,-35.77499999999999,16,33,partnership_disguised_sale,-0.0946976865331332,0,0.2077,27,5,0,1734,0,0.0,4864,37
3.052652332931757,-1.770000000000001,0,-28.320000000000014,16,25,partnership_disguised_sale,-0.044909765323003135,0,0.2066,22,5,0,1734,0,0.0,4992,38
3.0972218830138445,-2.0084375,0,-32.135,16,29,partnership_disguised_sale,-0.09466894219319026,0,0.2056,26,5,0,1734,0,0.0,5120,39
2.9489905294030905,-2.3121875,0,-36.995,16,34,partnership_disguised_sale,-0.0681606059273084,0,0.2046,19,5,0,1734,0,0.0,5248,40
3.080801708623767,-2.5600000000000014,0,-40.96000000000002,16,38,partnership_disguised_sale,-0.08739382276932399,0,0.2036,29,5,0,1734,0,0.0,5376,41
2.9376231133937836,-1.5825000000000005,0,-25.320000000000007,16,22,partnership_disguised_sale,-0.0468582957983017,0,0.2025,18,5,0,1734,0,0.0,5504,42
3.0480446722358465,-2.1737500000000014,0,-34.78000000000002,16,32,partnership_disguised_sale,-0.06447579960028331,0,0.2015,28,5,0,1734,0,0.0,5632,43
2.9514700900763273,-1.6443750000000004,0,-26.310000000000006,16,23,partnership_disguised_sale,-0.012670119603474935,0,0.2005,20,5,0,1734,0,0.0,5760,44
3.024912677705288,-1.8821875000000003,0,-30.115000000000006,16,27,partnership_disguised_sale,-0.0776370440920194,0,0.1995,27,5,0,1734,0,0.0,5888,45
3.0070028323680162,-2.0062500000000005,0,-32.10000000000001,16,29,partnership_disguised_sale,-0.06991102049748103,0,0.1985,25,5,0,1734,0,0.0,6016,46
3.0987590570002794,-2.242187500000001,0,-35.875000000000014,16,33,partnership_disguised_sale,-0.0348794087767601,0,0.1975,31,5,0,1734,0,0.0,6144,47
2.9309700690209866,-1.4609375000000002,0,-23.375000000000004,16,20,partnership_disguised_sale,-0.05839171012242635,0,0.1965,19,5,0,1734,0,0.0,6272,48
3.048432284966111,-1.9934374999999993,0,-31.89499999999999,16,29,partnership_disguised_sale,-0.06256603449583054,0,0.1956,28,5,0,1734,0,0.0,6400,49
3.068531796336174,-2.472812500000001,0,-39.56500000000002,16,37,partnership_disguised_sale,-0.028728261590003967,0,0.1946,33,5,0,1734,0,0.0,6528,50
2.932537017390132,-2.067187500000001,0,-33.07500000000002,16,30,partnership_disguised_sale,-0.04495754589637121,0,0.1936,21,5,0,1734,0,0.0,6656,51
2.865167360752821,-1.5290625000000013,0,-24.46500000000002,16,21,partnership_disguised_sale,0.05928038557370504,0,0.1926,18,5,0,1734,0,0.0,6784,52
2.929475510492921,-1.7021875000000002,0,-27.235000000000003,16,24,partnership_disguised_sale,-0.07768175999323527,0,0.1917,21,5,0,1734,0,0.0,6912,53
2.9472085926681757,-1.9034375000000014,0,-30.455000000000023,16,27,partnership_disguised_sale,-0.08038553595542908,0,0.1907,25,5,0,1734,0,0.0,7040,54
3.0128742456436157,-2.2556249999999993,0,-36.08999999999999,16,33,partnership_disguised_sale,0.06264610091845195,0,0.1898,31,5,0,1734,0,0.0,7168,55
2.893952637910843,-1.9768750000000013,0,-31.63000000000002,16,28,partnership_disguised_sale,-0.06760420650243759,0,0.1888,21,5,0,1734,0,0.0,7296,56
2.982493432238698,-2.219062500000002,0,-35.50500000000003,16,32,partnership_disguised_sale,-0.049548650781313576,0,0.1879,29,5,0,1734,0,0.0,7424,57
2.9323872569948435,-1.9662500000000012,0,-31.46000000000002,16,28,partnership_disguised_sale,-0.015484256048997244,0,0.1869,22,5,0,1734,0,0.0,7552,58
2.929475460201502,-2.0512500000000014,0,-32.82000000000002,16,29,partnership_disguised_sale,-0.04490392406781515,0,0.186,20,5,0,1734,0,0.0,7680,59
2.9836426246911287,-1.619375000000001,0,-25.910000000000014,16,22,partnership_disguised_sale,-0.07247185955444972,0,0.1851,20,5,0,1734,0,0.0,7808,60
3.077353861182928,-1.8125000000000002,0,-29.000000000000004,16,26,partnership_disguised_sale,-0.04810062299172083,0,0.1841,26,5,0,1734,0,0.0,7936,61
3.0074014626443386,-2.0868750000000005,0,-33.39000000000001,16,30,partnership_disguised_sale,-0.0990635206302007,0,0.1832,21,5,0,1734,0,0.0,8064,62
2.990528292953968,-1.6396875000000009,0,-26.235000000000014,16,23,partnership_disguised_sale,-0.1170800228913625,0,0.1823,22,5,0,1734,0,0.0,8192,63
2.946104533970356,-1.8109375000000008,0,-28.975000000000012,16,26,partnership_disguised_sale,-0.1000085969765981,0,0.1814,24,5,0,1734,0,0.0,8320,64
3.027425181120634,-1.9321875000000002,0,-30.915000000000003,16,28,partnership_disguised_sale,0.06258939703305562,0,0.1805,31,5,0,1734,0,0.0,8448,65
2.927992234006524,-1.3862500000000004,0,-22.180000000000007,16,19,partnership_disguised_sale,-0.05997121582428614,0,0.1796,18,5,0,1734,0,0.0,8576,66
2.919011140242219,-1.2031249999999993,0,-19.24999999999999,16,16,partnership_disguised_sale,-0.02820097158352534,0,0.1787,20,5,0,1734,0,0.0,8704,67
2.8695419039577246,-1.7053124999999998,0,-27.284999999999997,16,24,partnership_disguised_sale,-0.0869326964020729,0,0.1778,20,5,0,1734,0,0.0,8832,68
2.8988905362784863,-1.9215624999999998,0,-30.744999999999997,16,28,partnership_disguised_sale,-0.09954662621021271,0,0.1769,19,5,0,1734,0,0.0,8960,69
2.9878659527748823,-1.9350000000000007,0,-30.96000000000001,16,28,partnership_disguised_sale,0.049619058767954506,0,0.176,27,5,0,1734,0,0.0,9088,70
2.9732453152537346,-2.0059374999999995,0,-32.09499999999999,16,29,partnership_disguised_sale,-0.03156878054141998,0,0.1751,29,5,0,1734,0,0.0,9216,71
2.9573408905416727,-1.779999999999999,0,-28.479999999999983,16,26,partnership_disguised_sale,-0.08448389420906703,0,0.1743,24,5,0,1734,0,0.0,9344,72
2.8198232781141996,-1.5190625000000002,0,-24.305000000000003,16,21,partnership_disguised_sale,0.07200480500857036,0,0.1734,15,5,0,1734,0,0.0,9472,73
2.9114507660269737,-1.7996874999999999,0,-28.794999999999998,16,26,partnership_disguised_sale,-0.0524612565835317,0,0.1725,23,5,0,1734,0,0.0,9600,74
2.880059378221631,-1.50625,0,-24.1,16,21,partnership_disguised_sale,-0.10979820787906647,0,0.1717,22,5,0,1734,0,0.0,9728,75
2.838185708038509,-2.1784375,0,-34.855,16,32,partnership_disguised_sale,-0.05607158193985621,0,0.1708,24,5,0,1734,0,0.0,9856,76
2.803740069270134,-1.8750000000000007,0,-30.00000000000001,16,27,partnership_disguised_sale,-0.05161950488885244,0,0.1699,25,5,0,1734,0,0.0,9984,77
2.7553395722061396,-1.4356249999999995,0,-22.96999999999999,16,20,partnership_disguised_sale,-0.07863800475994746,0,0.1691,19,5,0,1734,0,0.0,10112,78
2.784580842591822,-1.5631250000000012,0,-25.01000000000002,16,22,partnership_disguised_sale,-0.004577472805976868,0,0.1683,21,5,0,1734,0,0.0,10240,79
2.67394757643342,-1.5253124999999998,0,-24.404999999999998,16,21,partnership_disguised_sale,-0.08890598018964131,0,0.1674,18,5,0,1734,0,0.0,10368,80
2.676232504658401,-1.588125,0,-25.41,16,22,partnership_disguised_sale,-0.08509861926237743,0,0.1666,20,5,0,1734,0,0.0,10496,81
2.6572593227028847,-1.3950000000000005,0,-22.320000000000007,16,19,partnership_disguised_sale,-0.03221580386161804,0,0.1657,19,5,0,1734,0,0.0,10624,82
2.5374839203432202,-1.128125,0,-18.05,16,14,partnership_disguised_sale,0.10267134259144466,0,0.1649,14,5,0,1734,0,0.0,10752,83
2.583852673880756,-1.5356250000000007,0,-24.57000000000001,16,21,partnership_disguised_sale,-0.0756508434812228,0,0.1641,17,5,0,1734,0,0.0,10880,84
2.6904170028865337,-1.023125,0,-16.37,16,13,partnership_disguised_sale,-0.01662006477514903,0,0.1633,21,5,0,1734,0,0.0,11008,85
2.6895012194290757,-1.2381250000000008,0,-19.810000000000013,16,16,partnership_disguised_sale,-0.11788075665632884,0,0.1625,24,5,0,1734,0,0.0,11136,86
2.7795970421284437,-2.2262500000000003,0,-35.620000000000005,16,33,partnership_disguised_sale,0.012835470338662466,0,0.1616,28,5,0,1734,0,0.0,11264,87
2.824284827336669,-1.9234375000000004,0,-30.775000000000006,16,28,partnership_disguised_sale,-0.0841735377907753,0,0.1608,28,5,0,1734,0,0.0,11392,88
2.614329637028277,-1.1893750000000003,0,-19.030000000000005,16,16,partnership_disguised_sale,-0.05320991575717926,0,0.16,12,5,0,1734,0,0.0,11520,89
2.7099550617858768,-1.2896875,0,-20.635,16,18,partnership_disguised_sale,-0.09855164090792339,0,0.1592,20,5,0,1734,0,0.0,11648,90
2.695590713992715,-1.3909375,0,-22.255,16,19,partnership_disguised_sale,0.09752651552359264,0,0.1584,24,5,0,1734,0,0.0,11776,91
2.647491691634059,-1.5768750000000007,0,-25.23000000000001,16,22,partnership_disguised_sale,-0.09321567167838414,0,0.1576,22,5,0,1734,0,0.0,11904,92
2.601663083769381,-1.153125,0,-18.45,16,15,partnership_disguised_sale,-0.10054735094308853,0,0.1569,18,5,0,1734,0,0.0,12032,93
2.674954582937062,-1.3262500000000004,0,-21.220000000000006,16,18,partnership_disguised_sale,-0.08649996668100357,0,0.1561,20,5,0,1734,0,0.0,12160,94
2.6669826321303844,-1.287812500000001,0,-20.605000000000015,16,17,partnership_disguised_sale,-0.09405313928922017,0,0.1553,17,5,0,1734,0,0.0,12288,95
2.6513014286756516,-1.2296874999999994,0,-19.67499999999999,16,16,partnership_disguised_sale,-0.10064590225617091,0,0.1545,18,5,0,1734,0,0.0,12416,96
2.6334539903327823,-0.14937499999999979,20,-2.3899999999999966,16,19,partnership_disguised_sale,1.416236440340678,1,0.1537,20,5,0,1734,1,0.0625,12544,97
2.5300886183977127,-1.1912500000000004,0,-19.060000000000006,16,15,partnership_disguised_sale,-0.0827139566342036,0,0.153,14,5,0,1734,0,0.0,12672,98
2.5455957408994436,-1.3634375000000007,0,-21.815000000000012,16,18,partnership_disguised_sale,-0.06195700292785963,0,0.1522,17,5,0,1734,0,0.0,12800,99
4.157121028751135,-6.214375,0,-99.43,16,99,partnership_disguised_sale,0.7974266409873962,0,0.25,37,6,0,1735,0,0.0,128,0
4.156737681478262,-6.029374999999999,0,-96.46999999999998,16,96,partnership_disguised_sale,0.5792432824770609,0,0.2487,23,6,0,1735,0,0.0,256,1
4.155725963413715,-6.085624999999998,0,-97.36999999999996,16,97,partnership_disguised_sale,0.4856967329978943,0,0.2475,28,6,0,1735,0,0.0,384,2
4.1542146652936935,-5.963125000000001,0,-95.41000000000001,16,95,partnership_disguised_sale,0.31711675723393756,0,0.2463,31,6,0,1735,0,0.0,512,3
4.1512307822704315,-5.913437500000002,0,-94.61500000000004,16,94,partnership_disguised_sale,0.2772848606109619,0,0.245,28,6,0,1735,0,0.0,640,4
4.148052636533976,-6.410937500000001,0,-102.57500000000002,16,102,partnership_disguised_sale,0.28882038593292236,0,0.2438,34,6,0,1735,0,0.0,768,5
4.144887674599886,-6.2056249999999995,0,-99.28999999999999,16,99,partnership_disguised_sale,0.23293110728263855,0,0.2426,27,6,0,1735,0,0.0,896,6
4.143221262842417,-5.9134375000000015,0,-94.61500000000002,16,94,partnership_disguised_sale,0.12851320703824362,0,0.2414,44,6,0,1735,0,0.0,1024,7
4.135869488120079,-5.844687500000001,0,-93.51500000000001,16,93,partnership_disguised_sale,0.12243180970350902,0,0.2402,30,6,0,1735,0,0.0,1152,8
4.127463895827532,-5.1884375,0,-83.015,16,82,partnership_disguised_sale,0.09084879358609517,0,0.239,29,6,0,1735,0,0.0,1280,9
4.125148478895426,-5.468750000000001,0,-87.50000000000001,16,87,partnership_disguised_sale,0.07767603794733684,0,0.2378,23,6,0,1735,0,0.0,1408,10
4.121637836098671,-5.55625,0,-88.9,16,88,partnership_disguised_sale,0.10233153402805328,0,0.2366,41,6,0,1735,0,0.0,1536,11
4.113154895603657,-5.480000000000001,0,-87.68000000000002,16,87,partnership_disguised_sale,0.052269935607910156,0,0.2354,32,6,0,1735,0,0.0,1664,12
4.109094087034464,-5.2340625,0,-83.745,16,83,partnership_disguised_sale,0.0001868655284245809,0,0.2342,30,6,0,1735,0,0.0,1792,13
4.097787622362375,-5.351874999999999,0,-85.62999999999998,16,85,partnership_disguised_sale,-0.008748337626457214,0,0.2331,23,6,0,1735,0,0.0,1920,14
4.091006249189377,-5.237812500000001,0,-83.80500000000002,16,83,partnership_disguised_sale,-0.008118694027264914,0,0.2319,39,6,0,1735,0,0.0,2048,15
4.061077291145921,-5.503125000000002,0,-88.05000000000003,16,87,partnership_disguised_sale,0.10060632228851318,0,0.2307,32,6,0,1735,0,0.0,2176,16
4.036396687850356,-5.0003125,0,-80.005,16,79,partnership_disguised_sale,0.026252811153729756,0,0.2296,25,6,0,1735,0,0.0,2304,17
4.009518394246697,-5.426562500000002,0,-86.82500000000003,16,86,partnership_disguised_sale,0.05557155112425486,0,0.2284,31,6,0,1735,0,0.0,2432,18
3.9768930077552795,-4.69125,0,-75.06,16,74,partnership_disguised_sale,-0.06370086222887039,0,0.2273,32,6,0,1735,0,0.0,2560,19
3.9028315898030996,-4.112187500000003,0,-65.79500000000004,16,64,partnership_disguised_sale,-0.017386868596076965,0,0.2262,23,6,0,1735,0,0.0,2688,20
3.8439342454075813,-4.395,0,-70.32,16,69,partnership_disguised_sale,-0.03988094131151835,0,0.225,23,6,0,1735,0,0.0,2816,21
3.7682073209434748,-4.530312500000002,0,-72.48500000000003,16,71,partnership_disguised_sale,-0.011227245132128397,0,0.2239,29,6,0,1735,0,0.0,2944,22
3.633394854143262,-4.1284375,0,-66.055,16,64,partnership_disguised_sale,-0.028879473606745403,0,0.2228,23,6,0,1735,0,0.0,3072,23
3.5608234219253063,-3.756562500000001,0,-60.10500000000002,16,58,partnership_disguised_sale,0.10650685926278432,0,0.2217,24,6,0,1735,0,0.0,3200,24
3.531612766906619,-2.9715624999999997,0,-47.544999999999995,16,45,partnership_disguised_sale,0.046725173791249595,0,0.2206,27,6,0,1735,0,0.0,3328,25
3.4081444405019283,-3.065625000000002,0,-49.05000000000003,16,46,partnership_disguised_sale,-0.016088426113128662,0,0.2195,21,6,0,1735,0,0.0,3456,26
3.475857902318239,-3.473125000000002,0,-55.57000000000003,16,53,partnership_disguised_sale,-0.0443868562579155,0,0.2184,30,6,0,1735,0,0.0,3584,27
3.4290584474802017,-3.009062500000003,0,-48.145000000000046,16,45,partnership_disguised_sale,0.0003662904103597005,0,0.2173,23,6,0,1735,0,0.0,3712,28
3.436017705127597,-3.09375,0,-49.5,16,47,partnership_disguised_sale,-0.05087345838546753,0,0.2162,23,6,0,1735,0,0.0,3840,29
3.397550791501999,-2.8246875000000014,0,-45.19500000000002,16,42,partnership_disguised_sale,-0.07337115456660588,0,0.2151,18,6,0,1735,0,0.0,3968,30
3.471101986244321,-3.045000000000002,0,-48.720000000000034,16,46,partnership_disguised_sale,-0.03951813777287801,0,0.214,26,6,0,1735,0,0.0,4096,31
3.5028675328940153,-2.954375000000002,0,-47.27000000000003,16,45,partnership_disguised_sale,-0.0626094713807106,0,0.213,32,6,0,1735,0,0.0,4224,32
3.45020099170506,-2.793750000000001,0,-44.70000000000002,16,42,partnership_disguised_sale,0.00398901104927063,0,0.2119,28,6,0,1735,0,0.0,4352,33
3.4589325599372387,-2.804687499999999,0,-44.874999999999986,16,42,partnership_disguised_sale,-0.02416124443213145,0,0.2108,29,6,0,1735,0,0.0,4480,34
3.4655485823750496,-2.7918750000000006,0,-44.67000000000001,16,42,partnership_disguised_sale,-0.08085823555787404,0,0.2098,30,6,0,1735,0,0.0,4608,35
3.4496776591986418,-2.824062499999999,0,-45.18499999999998,16,43,partnership_disguised_sale,-0.07694464673598607,0,0.2087,29,6,0,1735,0,0.0,4736,36
3.4376679845154285,-3.3287500000000008,0,-53.26000000000001,16,51,partnership_disguised_sale,-0.010756586988766989,0,0.2077,31,6,0,1735,0,0.0,4864,37
3.3618102334439754,-2.511250000000002,0,-40.180000000000035,16,38,partnership_disguised_sale,-0.05466912935177485,0,0.2066,23,6,0,1735,0,0.0,4992,38
3.2958364598453045,-1.8734374999999996,0,-29.974999999999994,16,27,partnership_disguised_sale,-0.034940446416536965,0,0.2056,21,6,0,1735,0,0.0,5120,39
3.2491347827017307,-2.4759375,0,-39.615,16,37,partnership_disguised_sale,-0.05383726706107458,0,0.2046,23,6,0,1735,0,0.0,5248,40
3.2635326329618692,-2.605625000000001,0,-41.69000000000002,16,39,partnership_disguised_sale,-0.03651103377342224,0,0.2036,27,6,0,1735,0,0.0,5376,41
3.250982701778412,-2.478437500000001,0,-39.655000000000015,16,37,partnership_disguised_sale,-0.04304498930772146,0,0.2025,33,6,0,1735,0,0.0,5504,42
3.1787390429526567,-2.0246875000000006,0,-32.39500000000001,16,29,partnership_disguised_sale,-0.05909531315167745,0,0.2015,28,6,0,1735,0,0.0,5632,43
3.138438219204545,-2.5146874999999995,0,-40.23499999999999,16,37,partnership_disguised_sale,-0.05231482535600662,0,0.2005,25,6,0,1735,0,0.0,5760,44
3.0735546685755253,-2.0900000000000007,0,-33.44000000000001,16,30,partnership_disguised_sale,-0.07666472097237904,0,0.1995,22,6,0,1735,0,0.0,5888,45
3.1161971483379602,-2.070000000000001,0,-33.12000000000002,16,30,partnership_disguised_sale,-0.055621551970640816,0,0.1985,30,6,0,1735,0,0.0,6016,46
2.9749045092612505,-2.0246875000000015,0,-32.395000000000024,16,29,partnership_disguised_sale,-0.11282225698232651,0,0.1975,25,6,0,1735,0,0.0,6144,47
3.0244779624044895,-2.0334375000000002,0,-32.535000000000004,16,29,partnership_disguised_sale,-0.10011223703622818,0,0.1965,27,6,0,1735,0,0.0,6272,48
3.0446448512375355,-2.0615625,0,-32.985,16,30,partnership_disguised_sale,-0.038104658325513206,0,0.1956,30,6,0,1735,0,0.0,6400,49
3.0105663407593966,-2.0059375000000004,0,-32.095000000000006,16,29,partnership_disguised_sale,-0.08084494123856227,0,0.1946,25,6,0,1735,0,0.0,6528,50
2.99237247556448,-1.740937500000001,0,-27.855000000000015,16,24,partnership_disguised_sale,-0.04630818714698156,0,0.1936,27,6,0,1735,0,0.0,6656,51
3.002555111423135,-2.1156250000000014,0,-33.85000000000002,16,30,partnership_disguised_sale,-0.053199353317419686,0,0.1926,25,6,0,1735,0,0.0,6784,52
2.9941636994481087,-1.8296875,0,-29.275,16,26,partnership_disguised_sale,-0.05349200715621313,0,0.1917,25,6,0,1735,0,0.0,6912,53
2.9189645275473595,-1.4778124999999993,0,-23.64499999999999,16,20,partnership_disguised_sale,-0.07626566539208095,0,0.1907,21,6,0,1735,0,0.0,7040,54
2.852508597075939,-1.760625000000001,0,-28.170000000000016,16,25,partnership_disguised_sale,-0.06897951165835063,0,0.1898,20,6,0,1735,0,0.0,7168,55
2.9130721278488636,-2.127500000000001,0,-34.04000000000001,16,31,partnership_disguised_sale,-0.08411031713088353,0,0.1888,26,6,0,1735,0,0.0,7296,56
2.912474064156413,-1.9575000000000007,0,-31.32000000000001,16,28,partnership_disguised_sale,-0.05301470806201299,0,0.1879,27,6,0,1735,0,0.0,7424,57
2.907055579125881,-2.1850000000000005,0,-34.96000000000001,16,32,partnership_disguised_sale,-0.04901068160931269,0,0.1869,30,6,0,1735,0,0.0,7552,58
2.888180173933506,-2.03375,0,-32.54,16,29,partnership_disguised_sale,-0.08054031431674957,0,0.186,32,6,0,1735,0,0.0,7680,59
2.8300365516915917,-2.3290625000000005,0,-37.26500000000001,16,34,partnership_disguised_sale,0.06103647003571192,0,0.1851,30,6,0,1735,0,0.0,7808,60
2.676215694285929,-2.1640625000000013,0,-34.62500000000002,16,31,partnership_disguised_sale,-0.06287653371691704,0,0.1841,21,6,0,1735,0,0.0,7936,61
2.7676466461271048,-1.8253125000000012,0,-29.20500000000002,16,26,partnership_disguised_sale,0.05442168563604355,0,0.1832,26,6,0,1735,0,0.0,8064,62
2.709595501422882,-1.6818750000000016,0,-26.910000000000025,16,23,partnership_disguised_sale,-0.07702016333738963,0,0.1823,20,6,0,1735,0,0.0,8192,63
2.71840831451118,-1.9193750000000012,0,-30.71000000000002,16,27,partnership_disguised_sale,-0.06394576281309128,0,0.1814,21,6,0,1735,0,0.0,8320,64
2.6946931444108486,-1.3556249999999999,0,-21.689999999999998,16,18,partnership_disguised_sale,-0.08914931366840999,0,0.1805,18,6,0,1735,0,0.0,8448,65
2.8684554267674685,-2.3934375,0,-38.295,16,35,partnership_disguised_sale,0.013765670359134674,0,0.1796,33,6,0,1735,0,0.0,8576,66
2.794400534592569,-2.036875000000001,0,-32.59000000000002,16,29,partnership_disguised_sale,-0.052794682482878365,0,0.1787,31,6,0,1735,0,0.0,8704,67
2.672539358958602,-0.5459374999999997,18,-8.734999999999996,16,23,partnership_disguised_sale,1.41005543867747,2,0.1778,21,6,0,1735,1,0.0625,8832,68
2.718104526400566,-1.5206250000000003,0,-24.330000000000005,16,21,partnership_disguised_sale,-0.09600113580624263,0,0.1769,21,6,0,1735,0,0.0,8960,69
2.6592577695846558,-1.346562500000001,0,-21.545000000000016,16,18,partnership_disguised_sale,-0.10529919465382893,0,0.176,16,6,0,1735,0,0.0,9088,70
2.758743589743972,-1.6050000000000002,0,-25.680000000000003,16,22,partnership_disguised_sale,-0.04192815721035004,0,0.1751,19,6,0,1735,0,0.0,9216,71
2.743793028406799,-1.4259375000000007,0,-22.815000000000012,16,19,partnership_disguised_sale,-0.09827266881863277,0,0.1743,16,6,0,1735,0,0.0,9344,72
2.7627699011936784,-1.1003124999999996,0,-17.604999999999993,16,14,partnership_disguised_sale,-0.053923058013121285,0,0.1734,18,6,0,1735,0,0.0,9472,73
2.8856724556535482,-2.1231250000000004,0,-33.970000000000006,16,31,partnership_disguised_sale,-0.09125416974226634,0,0.1725,30,6,0,1735,0,0.0,9600,74
2.7931219581514597,-1.598125000000001,0,-25.570000000000014,16,22,partnership_disguised_sale,-0.11697900295257568,0,0.1717,23,6,0,1735,0,0.0,9728,75
2.718413520604372,-1.3665625000000008,0,-21.865000000000013,16,18,partnership_disguised_sale,-0.10891334464152654,0,0.1708,20,6,0,1735,0,0.0,9856,76
2.745013913139701,-1.837187500000001,0,-29.395000000000017,16,26,partnership_disguised_sale,0.02293410897254944,0,0.1699,22,6,0,1735,0,0.0,9984,77
2.6825936436653137,-1.5996875,0,-25.595,16,22,partnership_disguised_sale,-0.08327030887206395,0,0.1691,16,6,0,1735,0,0.0,10112,78
2.72837190143764,-1.517812500000001,0,-24.285000000000014,16,21,partnership_disguised_sale,-0.04537090907494227,0,0.1683,19,6,0,1735,0,0.0,10240,79
2.818599281832576,-1.5018749999999998,0,-24.029999999999998,16,21,partnership_disguised_sale,-0.030869478980700176,0,0.1674,20,6,0,1735,0,0.0,10368,80
2.850560747087002,-1.9278125,0,-30.845,16,28,partnership_disguised_sale,-0.09335088233153026,0,0.1666,23,6,0,1735,0,0.0,10496,81
2.8673412650823593,-1.5059375,0,-24.095,16,21,partnership_disguised_sale,-0.09347697347402573,0,0.1657,22,6,0,1735,0,0.0,10624,82
2.9084628373384476,-1.8612500000000005,0,-29.78000000000001,16,27,partnership_disguised_sale,-0.0943885271747907,0,0.1649,24,6,0,1735,0,0.0,10752,83
2.9246390908956528,-1.1015625,20,-17.625,16,35,partnership_disguised_sale,1.4664113521575928,1,0.1641,25,6,0,1735,1,0.0625,10880,84
2.847219856455922,-1.5724999999999996,0,-25.159999999999993,16,22,partnership_disguised_sale,-0.057336702942848206,0,0.1633,21,6,0,1735,0,0.0,11008,85
2.8073042184114456,-1.5653124999999999,0,-25.044999999999998,16,22,partnership_disguised_sale,-0.08731070160865784,0,0.1625,17,6,0,1735,0,0.0,11136,86
2.847665039822459,-1.4490625000000001,0,-23.185000000000002,16,20,partnership_disguised_sale,-0.10415383179982503,0,0.1616,19,6,0,1735,0,0.0,11264,87
2.8390529360622168,-1.328125,0,-21.25,16,18,partnership_disguised_sale,-0.10840418934822083,0,0.1608,19,6,0,1735,0,0.0,11392,88
2.8512959498912096,-1.810000000000002,0,-28.960000000000033,16,26,partnership_disguised_sale,-0.07882342239220937,0,0.16,24,6,0,1735,0,0.0,11520,89
2.7636238699778914,-1.8121874999999998,0,-28.994999999999997,16,26,partnership_disguised_sale,-0.07771832247575124,0,0.1592,22,6,0,1735,0,0.0,11648,90
2.6289429320022464,-1.1509375,0,-18.415,16,15,partnership_disguised_sale,-0.06947443385918935,0,0.1584,17,6,0,1735,0,0.0,11776,91
2.5831899801269174,-1.4037500000000003,0,-22.460000000000004,16,19,partnership_disguised_sale,0.01338829348484675,0,0.1576,20,6,0,1735,0,0.0,11904,92
2.572210389189422,-1.6318749999999993,0,-26.10999999999999,16,23,partnership_disguised_sale,-0.0768660878141721,0,0.1569,21,6,0,1735,0,0.0,12032,93
2.530808369629085,-1.5625000000000009,0,-25.000000000000014,16,22,partnership_disguised_sale,0.08834806084632874,0,0.1561,22,6,0,1735,0,0.0,12160,94
2.550254700705409,-1.4546874999999997,0,-23.274999999999995,16,20,partnership_disguised_sale,-0.09185697138309479,0,0.1553,22,6,0,1735,0,0.0,12288,95
2.465711227618158,-1.2696874999999999,0,-20.314999999999998,16,17,partnership_disguised_sale,-0.06873816500107448,0,0.1545,16,6,0,1735,0,0.0,12416,96
2.512827843427658,-1.3103125,0,-20.965,16,18,partnership_disguised_sale,-0.06382656594117482,0,0.1537,17,6,0,1735,0,0.0,12544,97
2.452636861242354,-1.1965624999999998,0,-19.144999999999996,16,16,partnership_disguised_sale,-0.0791277214884758,0,0.153,17,6,0,1735,0,0.0,12672,98
2.5566034531220794,-1.6778125000000004,0,-26.845000000000006,16,24,partnership_disguised_sale,-0.03307330856720606,0,0.1522,24,6,0,1735,0,0.0,12800,99
4.156156945973635,-6.640625,0,-106.25,16,106,partnership_disguised_sale,0.9374088644981384,0,0.25,27,7,0,1736,0,0.0,128,0
4.155162543058395,-5.659374999999999,0,-90.54999999999998,16,90,partnership_disguised_sale,0.5029962062835693,0,0.2487,34,7,0,1736,0,0.0,256,1
4.153092589229345,-6.2771874999999975,0,-100.43499999999996,16,100,partnership_disguised_sale,0.5102643171946207,0,0.2475,32,7,0,1736,0,0.0,384,2
4.1514284536242485,-6.574999999999998,0,-105.19999999999997,16,105,partnership_disguised_sale,0.4988286991914113,0,0.2463,27,7,0,1736,0,0.0,512,3
4.14744171500206,-6.143124999999999,0,-98.28999999999998,16,98,partnership_disguised_sale,0.3193200429280599,0,0.245,28,7,0,1736,0,0.0,640,4
4.14643432572484,-5.539062500000001,0,-88.62500000000001,16,88,partnership_disguised_sale,0.19610320528348288,0,0.2438,25,7,0,1736,0,0.0,768,5
4.1424292884767056,-5.908124999999998,0,-94.52999999999997,16,94,partnership_disguised_sale,0.18697911500930786,0,0.2426,38,7,0,1736,0,0.0,896,6
4.13979921489954,-5.657500000000001,0,-90.52000000000001,16,90,partnership_disguised_sale,0.15697315831979117,0,0.2414,34,7,0,1736,0,0.0,1024,7
4.137845613062382,-6.095000000000001,0,-97.52000000000001,16,97,partnership_disguised_sale,0.17066094279289246,0,0.2402,27,7,0,1736,0,0.0,1152,8
4.1357396915555,-5.899687500000001,0,-94.39500000000001,16,94,partnership_disguised_sale,0.11199468870957692,0,0.239,35,7,0,1736,0,0.0,1280,9
4.128039367496967,-5.595624999999997,0,-89.52999999999996,16,89,partnership_disguised_sale,0.1496936778227488,0,0.2378,26,7,0,1736,0,0.0,1408,10
4.126984130591154,-5.9662500000000005,0,-95.46000000000001,16,95,partnership_disguised_sale,0.13183055818080902,0,0.2366,42,7,0,1736,0,0.0,1536,11
4.117390044033527,-5.302187499999999,0,-84.83499999999998,16,84,partnership_disguised_sale,0.04017916818459829,0,0.2354,31,7,0,1736,0,0.0,1664,12
4.105882752686739,-5.5396875,0,-88.635,16,88,partnership_disguised_sale,0.05559943119684855,0,0.2342,26,7,0,1736,0,0.0,1792,13
4.090342458337545,-5.594687500000002,0,-89.51500000000003,16,89,partnership_disguised_sale,0.03587178885936737,0,0.2331,31,7,0,1736,0,0.0,1920,14
4.063390647992492,-5.1903125,0,-83.045,16,82,partnership_disguised_sale,0.018595849474271137,0,0.2319,34,7,0,1736,0,0.0,2048,15
4.027247650548816,-4.204062500000002,0,-67.26500000000003,16,66,partnership_disguised_sale,-0.07317587733268738,0,0.2307,24,7,0,1736,0,0.0,2176,16
4.003761038184166,-4.8921874999999995,0,-78.27499999999999,16,77,partnership_disguised_sale,-0.01500000556310018,0,0.2296,35,7,0,1736,0,0.0,2304,17
3.959206411615014,-4.571875000000002,0,-73.15000000000003,16,72,partnership_disguised_sale,0.0467449426651001,0,0.2284,35,7,0,1736,0,0.0,2432,18
3.8933692779392004,-2.655312500000001,20,-42.485000000000014,16,61,partnership_disguised_sale,1.854790210723877,1,0.2273,21,7,0,1736,1,0.0625,2560,19
3.869858719408512,-4.7609375,0,-76.175,16,75,partnership_disguised_sale,-0.023467212915420532,0,0.2262,33,7,0,1736,0,0.0,2688,20
3.8617103062570095,-3.971562500000002,0,-63.54500000000003,16,62,partnership_disguised_sale,-0.009057069818178812,0,0.225,42,7,0,1736,0,0.0,2816,21
3.735597988590598,-3.938437500000001,0,-63.015000000000015,16,61,partnership_disguised_sale,-0.03560851017634074,0,0.2239,24,7,0,1736,0,0.0,2944,22
3.7177107371389866,-4.049687500000002,0,-64.79500000000003,16,63,partnership_disguised_sale,-0.024663011233011883,0,0.2228,30,7,0,1736,0,0.0,3072,23
3.6109130289405584,-3.5628125000000033,0,-57.00500000000005,16,55,partnership_disguised_sale,-0.04301579296588898,0,0.2217,22,7,0,1736,0,0.0,3200,24
3.6193929873406887,-3.810937500000001,0,-60.975000000000016,16,59,partnership_disguised_sale,-0.07671554138263066,0,0.2206,30,7,0,1736,0,0.0,3328,25
3.5447580330073833,-3.280937500000003,0,-52.49500000000005,16,50,partnership_disguised_sale,-0.04269339392582575,0,0.2195,35,7,0,1736,0,0.0,3456,26
3.41319627314806,-3.3650000000000007,0,-53.84000000000001,16,51,partnership_disguised_sale,-0.03650202602148056,0,0.2184,28,7,0,1736,0,0.0,3584,27
3.356434967368841,-3.5737500000000026,0,-57.18000000000004,16,54,partnership_disguised_sale,-0.03598324706157049,0,0.2173,26,7,0,1736,0,0.0,3712,28
3.313785532489419,-3.1303125000000014,0,-50.08500000000002,16,47,partnership_disguised_sale,-0.04332169145345688,0,0.2162,28,7,0,1736,0,0.0,3840,29
3.3511927742511034,-3.306562500000001,0,-52.905000000000015,16,50,partnership_disguised_sale,-0.03006636102994283,0,0.2151,30,7,0,1736,0,0.0,3968,30
3.387073915451765,-3.1143749999999994,2,-49.82999999999999,16,49,partnership_disguised_sale,0.058212662736574806,1,0.214,31,7,0,1736,0,0.0,4096,31
3.393651882186532,-3.3734375,0,-53.975,16,51,partnership_disguised_sale,-0.003644739588101705,0,0.213,29,7,0,1736,0,0.0,4224,32
3.392150416970253,-2.64125,0,-42.26,16,39,partnership_disguised_sale,0.04620452721913656,0,0.2119,22,7,0,1736,0,0.0,4352,33
3.4320136588066816,-2.901562500000001,0,-46.42500000000002,16,44,partnership_disguised_sale,-0.07064051429430644,0,0.2108,23,7,0,1736,0,0.0,4480,34
3.4338006991893053,-2.848437500000001,0,-45.57500000000002,16,43,partnership_disguised_sale,-0.07165800034999847,0,0.2098,20,7,0,1736,0,0.0,4608,35
3.4744710456579924,-3.1550000000000007,0,-50.48000000000001,16,48,partnership_disguised_sale,-0.027814383308092754,0,0.2087,32,7,0,1736,0,0.0,4736,36
3.45474611222744,-2.905000000000002,0,-46.48000000000003,16,44,partnership_disguised_sale,-0.018526424964269,0,0.2077,32,7,0,1736,0,0.0,4864,37
3.4351307433098555,-2.6690625000000017,0,-42.70500000000003,16,40,partnership_disguised_sale,-0.052081115543842316,0,0.2066,29,7,0,1736,0,0.0,4992,38
3.39367887750268,-2.784062500000001,0,-44.545000000000016,16,42,partnership_disguised_sale,-0.06379457066456477,0,0.2056,32,7,0,1736,0,0.0,5120,39
3.2834292482584715,-2.832187500000001,0,-45.31500000000002,16,43,partnership_disguised_sale,-0.05860676368077596,0,0.2046,20,7,0,1736,0,0.0,5248,40
3.2448775209486485,-2.513750000000001,0,-40.22000000000001,16,38,partnership_disguised_sale,-0.0627788578470548,0,0.2036,22,7,0,1736,0,0.0,5376,41
3.2234997004270554,-2.3999999999999995,0,-38.39999999999999,16,36,partnership_disguised_sale,-0.075860562423865,0,0.2025,25,7,0,1736,0,0.0,5504,42
3.129838729277253,-2.188437500000002,0,-35.01500000000003,16,32,partnership_disguised_sale,-0.07266876598199208,0,0.2015,22,7,0,1736,0,0.0,5632,43
3.134703231975436,-2.1865625000000013,0,-34.98500000000002,16,32,partnership_disguised_sale,-0.11071540415287018,0,0.2005,29,7,0,1736,0,0.0,5760,44
3.0707229375839233,-2.1950000000000007,0,-35.12000000000001,16,32,partnership_disguised_sale,-0.07099636395772298,0,0.1995,27,7,0,1736,0,0.0,5888,45
2.9958033449947834,-2.0596875,0,-32.955,16,30,partnership_disguised_sale,-0.09782373408476512,0,0.1985,24,7,0,1736,0,0.0,6016,46
3.0343846827745438,-2.3212500000000005,0,-37.14000000000001,16,34,partnership_disguised_sale,-0.09204120685656865,0,0.1975,30,7,0,1736,0,0.0,6144,47
2.913687229156494,-1.741249999999999,0,-27.859999999999985,16,25,partnership_disguised_sale,-0.09603250523408254,0,0.1965,21,7,0,1736,0,0.0,6272,48
2.935535853728652,-1.8962500000000002,0,-30.340000000000003,16,27,partnership_disguised_sale,-0.08603865404923756,0,0.1956,24,7,0,1736,0,0.0,6400,49
2.9718853533267975,-2.0040625000000007,0,-32.06500000000001,16,29,partnership_disguised_sale,0.03302843372027079,0,0.1946,27,7,0,1736,0,0.0,6528,50
2.7983772475272417,-1.5240624999999997,0,-24.384999999999994,16,21,partnership_disguised_sale,-0.08409631003936131,0,0.1936,18,7,0,1736,0,0.0,6656,51
3.01175906509161,-2.2856250000000005,0,-36.57000000000001,16,34,partnership_disguised_sale,-0.06799385945002238,0,0.1926,32,7,0,1736,0,0.0,6784,52
2.906937398016453,-1.7696875000000019,0,-28.31500000000003,16,25,partnership_disguised_sale,-0.07952932765086491,0,0.1917,23,7,0,1736,0,0.0,6912,53
2.9207893814891577,-1.8121874999999994,0,-28.99499999999999,16,26,partnership_disguised_sale,-0.09418350458145142,0,0.1907,26,7,0,1736,0,0.0,7040,54
2.8651411402970552,-1.6465625000000002,0,-26.345000000000002,16,23,partnership_disguised_sale,-0.06511914978424709,0,0.1898,22,7,0,1736,0,0.0,7168,55
2.967641368508339,-2.3234375,0,-37.175,16,34,partnership_disguised_sale,-0.004022528727849324,0,0.1888,33,7,0,1736,0,0.0,7296,56
2.8176403865218163,-0.026562499999999645,20,-0.4249999999999943,16,17,partnership_disguised_sale,1.5937514702479045,1,0.1879,19,7,0,1736,1,0.0625,7424,57
2.8028569538146257,-1.4062500000000002,0,-22.500000000000004,16,19,partnership_disguised_sale,-0.09086751689513524,0,0.1869,17,7,0,1736,0,0.0,7552,58
2.767023853957653,-1.4581250000000017,0,-23.330000000000027,16,20,partnership_disguised_sale,-0.09800942242145538,0,0.186,16,7,0,1736,0,0.0,7680,59
2.8925519213080406,-1.775000000000001,0,-28.400000000000016,16,25,partnership_disguised_sale,0.0923525442679723,0,0.1851,26,7,0,1736,0,0.0,7808,60
2.792371965944767,-1.4600000000000006,0,-23.36000000000001,16,20,partnership_disguised_sale,-0.0835907111565272,0,0.1841,18,7,0,1736,0,0.0,7936,61
2.7864262675866485,-2.0581250000000004,0,-32.93000000000001,16,30,partnership_disguised_sale,-0.06464500104387601,0,0.1832,21,7,0,1736,0,0.0,8064,62
2.7582136131823063,-0.5406249999999996,20,-8.649999999999993,16,26,partnership_disguised_sale,1.6213281551996868,1,0.1823,21,7,0,1736,1,0.0625,8192,63
2.7119521349668503,-1.7075000000000002,0,-27.320000000000004,16,24,partnership_disguised_sale,0.01609046757221222,0,0.1814,20,7,0,1736,0,0.0,8320,64
2.749241352081299,-0.4443749999999999,20,-7.1099999999999985,16,24,partnership_disguised_sale,1.6479672988255818,1,0.1805,23,7,0,1736,1,0.0625,8448,65
2.902111867442727,-2.169375,0,-34.71,16,32,partnership_disguised_sale,0.0002217764655749003,0,0.1796,33,7,0,1736,0,0.0,8576,66
2.8391038924455643,-2.0700000000000007,0,-33.12000000000001,16,30,partnership_disguised_sale,-0.04421809812386831,0,0.1787,27,7,0,1736,0,0.0,8704,67
2.739933231845498,-1.6240625,0,-25.985,16,23,partnership_disguised_sale,-0.03302085151274999,0,0.1778,19,7,0,1736,0,0.0,8832,68
2.815782512538135,-1.4265625000000006,0,-22.82500000000001,16,20,partnership_disguised_sale,0.09001765896876653,0,0.1769,26,7,0,1736,0,0.0,8960,69
2.808024779893458,-1.9178125000000008,0,-30.685000000000013,16,28,partnership_disguised_sale,-0.04039187729358673,0,0.176,27,7,0,1736,0,0.0,9088,70
2.7189626144245267,-1.7100000000000013,0,-27.36000000000002,16,24,partnership_disguised_sale,-0.044033450384934746,0,0.1751,20,7,0,1736,0,0.0,9216,71
2.6238723304122686,-1.7818750000000012,0,-28.51000000000002,16,25,partnership_disguised_sale,-0.07080574830373128,0,0.1743,14,7,0,1736,0,0.0,9344,72
2.8239108193665743,-2.2921875000000003,0,-36.675000000000004,16,34,partnership_disguised_sale,-0.07219533622264862,0,0.1734,29,7,0,1736,0,0.0,9472,73
2.7750786803662777,-1.6571875,0,-26.515,16,23,partnership_disguised_sale,-0.0662278284629186,0,0.1725,25,7,0,1736,0,0.0,9600,74
2.7586107729002833,-0.6562500000000001,20,-10.500000000000002,16,27,partnership_disguised_sale,1.7285780906677246,1,0.1717,20,7,0,1736,1,0.0625,9728,75
2.8308918476104736,-2.000000000000001,0,-32.000000000000014,16,29,partnership_disguised_sale,-0.10165129353602727,0,0.1708,28,7,0,1736,0,0.0,9856,76
2.8187448354437947,-1.2796875,0,-20.475,16,17,partnership_disguised_sale,-0.11596310138702393,0,0.1699,21,7,0,1736,0,0.0,9984,77
2.9179896730929613,-1.8978125000000006,0,-30.36500000000001,16,27,partnership_disguised_sale,-0.08312691003084183,0,0.1691,24,7,0,1736,0,0.0,10112,78
2.9223806001245975,-1.2699999999999994,0,-20.31999999999999,16,17,partnership_disguised_sale,-0.11341073612372081,0,0.1683,18,7,0,1736,0,0.0,10240,79
3.0200379751622677,-1.8850000000000011,0,-30.160000000000018,16,27,partnership_disguised_sale,-0.01946492741505305,0,0.1674,30,7,0,1736,0,0.0,10368,80
2.9553613923490047,-1.585000000000001,0,-25.360000000000017,16,22,partnership_disguised_sale,-0.0840248391032219,0,0.1666,21,7,0,1736,0,0.0,10496,81
2.919156040996313,-1.7721875000000007,0,-28.35500000000001,16,25,partnership_disguised_sale,-0.06299226979414622,0,0.1657,22,7,0,1736,0,0.0,10624,82
2.852937314659357,-1.5603125000000009,0,-24.965000000000014,16,21,partnership_disguised_sale,-0.07402429978052776,0,0.1649,14,7,0,1736,0,0.0,10752,83
2.8830525409430265,-1.7834375000000016,0,-28.535000000000025,16,25,partnership_disguised_sale,0.019071489572525024,0,0.1641,21,7,0,1736,0,0.0,10880,84
2.8399219466373324,-1.725000000000001,0,-27.600000000000016,16,24,partnership_disguised_sale,-0.027436648805936176,0,0.1633,22,7,0,1736,0,0.0,11008,85
2.8398762084543705,-1.8040625000000008,0,-28.865000000000013,16,26,partnership_disguised_sale,-0.06473421553770702,0,0.1625,24,7,0,1736,0,0.0,11136,86
2.8235826678574085,-1.4146874999999997,0,-22.634999999999994,16,19,partnership_disguised_sale,0.007120296359062195,0,0.1616,25,7,0,1736,0,0.0,11264,87
2.7945423843339086,-1.8915625000000007,0,-30.26500000000001,16,27,partnership_disguised_sale,-0.09476984043916066,0,0.1608,24,7,0,1736,0,0.0,11392,88
2.7249191123992205,-1.3556250000000005,0,-21.69000000000001,16,18,partnership_disguised_sale,0.10521106421947479,0,0.16,20,7,0,1736,0,0.0,11520,89
2.649391674436629,-1.1715625000000005,0,-18.745000000000008,16,15,partnership_disguised_sale,-0.0963456928730011,0,0.1592,18,7,0,1736,0,0.0,11648,90
2.6450333949178457,-1.5268750000000002,0,-24.430000000000003,16,21,partnership_disguised_sale,-0.0690419649084409,0,0.1584,19,7,0,1736,0,0.0,11776,91
2.612463902682066,-1.1771874999999998,0,-18.834999999999997,16,15,partnership_disguised_sale,-0.040737261374791466,0,0.1576,17,7,0,1736,0,0.0,11904,92
2.5644733421504498,-0.9878124999999998,0,-15.804999999999996,16,12,partnership_disguised_sale,-0.11377817143996556,0,0.1569,10,7,0,1736,0,0.0,12032,93
2.7743247346952558,-1.525312500000001,0,-24.405000000000015,16,21,partnership_disguised_sale,-0.08113780369361241,0,0.1561,25,7,0,1736,0,0.0,12160,94
2.6755031272768974,-1.5040624999999999,0,-24.064999999999998,16,21,partnership_disguised_sale,-0.10851263503233592,0,0.1553,18,7,0,1736,0,0.0,12288,95
2.7642363104969263,-1.6403124999999994,0,-26.24499999999999,16,23,partnership_disguised_sale,-0.09539484232664108,0,0.1545,22,7,0,1736,0,0.0,12416,96
2.6466060681268573,-1.2840624999999999,0,-20.544999999999998,16,17,partnership_disguised_sale,0.015912257134914398,0,0.1537,16,7,0,1736,0,0.0,12544,97
2.637559788301587,-1.2221874999999998,0,-19.554999999999996,16,16,partnership_disguised_sale,-0.06318663184841473,0,0.153,15,7,0,1736,0,0.0,12672,98
2.567055278457701,-1.2684375000000008,0,-20.295000000000012,16,17,partnership_disguised_sale,-0.06440308938423793,0,0.1522,16,7,0,1736,0,0.0,12800,99
4.154988344758749,-6.4515625000000005,0,-103.22500000000001,16,103,partnership_disguised_sale,0.8000590205192566,0,0.25,32,8,0,1737,0,0.0,128,0
4.153986442834139,-6.7078125,0,-107.325,16,107,partnership_disguised_sale,0.6910712122917175,0,0.2487,23,8,0,1737,0,0.0,256,1
4.153958942741156,-6.028437499999999,0,-96.45499999999998,16,96,partnership_disguised_sale,0.3991629083951314,0,0.2475,34,8,0,1737,0,0.0,384,2
4.153302300721407,-6.450312500000001,0,-103.20500000000001,16,103,partnership_disguised_sale,0.38493913412094116,0,0.2463,26,8,0,1737,0,0.0,512,3
4.152362365275621,-6.099687499999998,0,-97.59499999999997,16,97,partnership_disguised_sale,0.32175588607788086,0,0.245,38,8,0,1737,0,0.0,640,4
4.151343759149313,-6.328750000000004,0,-101.26000000000006,16,101,partnership_disguised_sale,0.2848441203435262,0,0.2438,36,8,0,1737,0,0.0,768,5
4.149527780711651,-5.837500000000003,0,-93.40000000000005,16,93,partnership_disguised_sale,0.14046822985013327,0,0.2426,31,8,0,1737,0,0.0,896,6
4.14643232524395,-6.085000000000001,0,-97.36000000000001,16,97,partnership_disguised_sale,0.17797608176867166,0,0.2414,30,8,0,1737,0,0.0,1024,7
4.141559161245823,-5.3034374999999985,0,-84.85499999999998,16,84,partnership_disguised_sale,0.06153207023938497,0,0.2402,23,8,0,1737,0,0.0,1152,8
4.138353370130062,-5.664062500000001,0,-90.62500000000001,16,90,partnership_disguised_sale,0.07400782406330109,0,0.239,30,8,0,1737,0,0.0,1280,9
4.137326464056969,-6.157187499999998,0,-98.51499999999997,16,98,partnership_disguised_sale,0.09817237158616383,0,0.2378,27,8,0,1737,0,0.0,1408,10
4.131224911659956,-5.785937499999999,0,-92.57499999999999,16,92,partnership_disguised_sale,0.05073106288909912,0,0.2366,41,8,0,1737,0,0.0,1536,11
4.124490454792976,-5.794062500000002,0,-92.70500000000003,16,92,partnership_disguised_sale,0.06876626114050548,0,0.2354,33,8,0,1737,0,0.0,1664,12
4.126685008406639,-5.728125000000002,0,-91.65000000000003,16,91,partnership_disguised_sale,0.027205154299736023,0,0.2342,37,8,0,1737,0,0.0,1792,13
4.111518334597349,-5.6090624999999985,0,-89.74499999999998,16,89,partnership_disguised_sale,-0.01628391444683075,0,0.2331,25,8,0,1737,0,0.0,1920,14
4.110467739403248,-5.656250000000001,0,-90.50000000000001,16,90,partnership_disguised_sale,0.05108198523521423,0,0.2319,35,8,0,1737,0,0.0,2048,15
4.075698159635067,-4.533125000000002,0,-72.53000000000003,16,71,partnership_disguised_sale,-0.09343450516462326,0,0.2307,24,8,0,1737,0,0.0,2176,16
4.063147170469165,-4.763437500000001,0,-76.21500000000002,16,75,partnership_disguised_sale,-0.03176009654998779,0,0.2296,27,8,0,1737,0,0.0,2304,17
4.04416479729116,-5.362187499999998,0,-85.79499999999997,16,85,partnership_disguised_sale,0.031851341327031456,0,0.2284,25,8,0,1737,0,0.0,2432,18
4.009338553994894,-4.442812500000001,0,-71.08500000000002,16,70,partnership_disguised_sale,0.002374708652496338,0,0.2273,35,8,0,1737,0,0.0,2560,19
3.9507951866835356,-4.645625000000001,0,-74.33000000000001,16,73,partnership_disguised_sale,-0.020568812886873882,0,0.2262,27,8,0,1737,0,0.0,2688,20
3.888319857418537,-4.105312500000002,0,-65.68500000000003,16,64,partnership_disguised_sale,-0.02894363800684611,0,0.225,26,8,0,1737,0,0.0,2816,21
3.8613293804228306,-4.296250000000002,0,-68.74000000000004,16,67,partnership_disguised_sale,0.017481481035550434,0,0.2239,33,8,0,1737,0,0.0,2944,22
3.7599794194102287,-3.327812500000001,0,-53.24500000000002,16,51,partnership_disguised_sale,-0.016272634267807007,0,0.2228,25,8,0,1737,0,0.0,3072,23
3.686007784679532,-3.948125000000001,0,-63.170000000000016,16,61,partnership_disguised_sale,-0.00582308570543925,0,0.2217,27,8,0,1737,0,0.0,3200,24
3.660956308245659,-4.348125000000003,0,-69.57000000000005,16,68,partnership_disguised_sale,0.035367608070373535,0,0.2206,37,8,0,1737,0,0.0,3328,25
3.4668987672775984,-3.395937500000001,0,-54.335000000000015,16,52,partnership_disguised_sale,-0.007296810547510783,0,0.2195,25,8,0,1737,0,0.0,3456,26
3.403257843106985,-3.366250000000003,0,-53.86000000000005,16,51,partnership_disguised_sale,0.08904089530309041,0,0.2184,25,8,0,1737,0,0.0,3584,27
3.3094665110111237,-3.0493750000000004,0,-48.790000000000006,16,46,partnership_disguised_sale,0.013604427377382914,0,0.2173,25,8,0,1737,0,0.0,3712,28
3.2784303911030293,-3.0509375,0,-48.815,16,46,partnership_disguised_sale,-0.05689489344755808,0,0.2162,23,8,0,1737,0,0.0,3840,29
3.2748777102679014,-3.1096875000000015,0,-49.755000000000024,16,47,partnership_disguised_sale,-0.05752686162789663,0,0.2151,26,8,0,1737,0,0.0,3968,30
3.354820813983679,-2.8509375,0,-45.615,16,43,partnership_disguised_sale,-0.09694309780995052,0,0.214,32,8,0,1737,0,0.0,4096,31
3.2952329013496637,-3.0396875000000025,0,-48.63500000000004,16,46,partnership_disguised_sale,-0.020862773060798645,0,0.213,24,8,0,1737,0,0.0,4224,32
3.38359890691936,-3.0096875000000023,0,-48.15500000000004,16,45,partnership_disguised_sale,-0.04247046013673147,0,0.2119,34,8,0,1737,0,0.0,4352,33
3.353969620540738,-2.7221875,0,-43.555,16,41,partnership_disguised_sale,0.17029399673144022,0,0.2108,27,8,0,1737,0,0.0,4480,34
3.46393983066082,-3.680000000000003,0,-58.880000000000045,16,57,partnership_disguised_sale,-0.03146875649690628,0,0.2098,40,8,0,1737,0,0.0,4608,35
3.3843633886426687,-2.7953125000000014,0,-44.72500000000002,16,42,partnership_disguised_sale,-0.02518204351266225,0,0.2087,29,8,0,1737,0,0.0,4736,36
3.3247336391359568,-1.8165624999999994,10,-29.06499999999999,16,37,partnership_disguised_sale,0.34360812107721966,1,0.2077,21,8,0,1737,0,0.0,4864,37
3.339269770309329,-3.1431249999999995,0,-50.28999999999999,16,48,partnership_disguised_sale,-0.059886738657951355,0,0.2066,25,8,0,1737,0,0.0,4992,38
3.3362075239419937,-2.402499999999999,0,-38.43999999999998,16,36,partnership_disguised_sale,-0.11262406408786774,0,0.2056,24,8,0,1737,0,0.0,5120,39
3.3678999096155167,-2.6131249999999997,0,-41.809999999999995,16,39,partnership_disguised_sale,0.002477859457333883,0,0.2046,32,8,0,1737,0,0.0,5248,40
3.302997563034296,-2.511875,0,-40.19,16,38,partnership_disguised_sale,-0.10274711747964223,0,0.2036,25,8,0,1737,0,0.0,5376,41
3.1776119228452444,-2.1734374999999995,0,-34.77499999999999,16,32,partnership_disguised_sale,-0.060955715676148735,0,0.2025,17,8,0,1737,0,0.0,5504,42
3.2426665630191565,-3.208437500000001,0,-51.335000000000015,16,49,partnership_disguised_sale,-0.024672056237856548,0,0.2015,26,8,0,1737,0,0.0,5632,43
3.225237576290965,-2.293125000000002,0,-36.69000000000003,16,34,partnership_disguised_sale,-0.08962999035914739,0,0.2005,25,8,0,1737,0,0.0,5760,44
3.2011730801314116,-2.5137499999999995,0,-40.21999999999999,16,38,partnership_disguised_sale,-0.031053327023983,0,0.1995,29,8,0,1737,0,0.0,5888,45
3.1621795054525137,-2.425625000000001,0,-38.81000000000002,16,36,partnership_disguised_sale,-0.07535409430662791,0,0.1985,30,8,0,1737,0,0.0,6016,46
3.0215755254030228,-2.6837500000000003,0,-42.940000000000005,16,40,partnership_disguised_sale,-0.039321345587571464,0,0.1975,24,8,0,1737,0,0.0,6144,47
2.9949270505458117,-2.515937499999999,0,-40.25499999999998,16,37,partnership_disguised_sale,-0.013901499410470327,0,0.1965,28,8,0,1737,0,0.0,6272,48
2.935720792040229,-2.365312500000002,0,-37.845000000000034,16,35,partnership_disguised_sale,-0.06798807034889857,0,0.1956,26,8,0,1737,0,0.0,6400,49
2.925316698849201,-2.128750000000002,0,-34.06000000000003,16,31,partnership_disguised_sale,-0.021956175565719604,0,0.1946,27,8,0,1737,0,0.0,6528,50
2.890712223947048,-2.1359374999999994,0,-34.17499999999999,16,31,partnership_disguised_sale,-0.07743780066569646,0,0.1936,25,8,0,1737,0,0.0,6656,51
2.898338159546256,-1.8725000000000005,0,-29.960000000000008,16,27,partnership_disguised_sale,0.01143378516038259,0,0.1926,23,8,0,1737,0,0.0,6784,52
2.873055972158909,-1.998750000000001,0,-31.980000000000015,16,29,partnership_disguised_sale,-0.08170011142889659,0,0.1917,20,8,0,1737,0,0.0,6912,53
2.9337070863693953,-1.5765625000000008,0,-25.225000000000012,16,22,partnership_disguised_sale,-0.09431220094362895,0,0.1907,21,8,0,1737,0,0.0,7040,54
2.961881371214986,-1.7868750000000009,0,-28.590000000000014,16,25,partnership_disguised_sale,-0.06824353337287903,0,0.1898,25,8,0,1737,0,0.0,7168,55
2.918250560760498,-1.7215624999999999,0,-27.544999999999998,16,24,partnership_disguised_sale,-0.06390634179115295,0,0.1888,21,8,0,1737,0,0.0,7296,56
2.9750827066600323,-1.8840625000000006,0,-30.14500000000001,16,27,partnership_disguised_sale,0.0024424344301223755,0,0.1879,29,8,0,1737,0,0.0,7424,57
2.8473951760679483,-1.8259375000000009,0,-29.215000000000014,16,26,partnership_disguised_sale,-0.10292463997999828,0,0.1869,24,8,0,1737,0,0.0,7552,58
2.832613343372941,-2.005312500000001,0,-32.085000000000015,16,29,partnership_disguised_sale,-0.08575099209944408,0,0.186,20,8,0,1737,0,0.0,7680,59
2.9280926063656807,-2.0675000000000003,0,-33.080000000000005,16,30,partnership_disguised_sale,0.08986029028892517,0,0.1851,25,8,0,1737,0,0.0,7808,60
2.8871666211634874,-1.9987499999999998,0,-31.979999999999997,16,29,partnership_disguised_sale,-0.10222541044155757,0,0.1841,24,8,0,1737,0,0.0,7936,61
2.936261937022209,-1.7603124999999997,0,-28.164999999999996,16,25,partnership_disguised_sale,-0.03322360912958781,0,0.1832,23,8,0,1737,0,0.0,8064,62
2.9189854227006435,-1.8950000000000005,0,-30.320000000000007,16,27,partnership_disguised_sale,-0.0699989100297292,0,0.1823,20,8,0,1737,0,0.0,8192,63
3.0484164655208588,-1.6396875,0,-26.235,16,23,partnership_disguised_sale,-0.07752124220132828,0,0.1814,29,8,0,1737,0,0.0,8320,64
2.9653050675988197,-1.5906250000000004,0,-25.450000000000006,16,22,partnership_disguised_sale,-0.10669300456841786,0,0.1805,22,8,0,1737,0,0.0,8448,65
3.016832420602441,-1.5384375000000003,0,-24.615000000000006,16,21,partnership_disguised_sale,-0.10424015919367473,0,0.1796,23,8,0,1737,0,0.0,8576,66
3.006483368575573,-2.0728125000000004,0,-33.165000000000006,16,30,partnership_disguised_sale,-0.012911267578601837,0,0.1787,26,8,0,1737,0,0.0,8704,67
2.981549257412553,-1.9809374999999998,0,-31.694999999999997,16,29,partnership_disguised_sale,-0.0019122213125228882,0,0.1778,19,8,0,1737,0,0.0,8832,68
2.9409423731267452,-1.4999999999999998,0,-23.999999999999996,16,21,partnership_disguised_sale,-0.0617135688662529,0,0.1769,14,8,0,1737,0,0.0,8960,69
3.024795999750495,-2.2784374999999994,0,-36.45499999999999,16,34,partnership_disguised_sale,-0.05592558781305949,0,0.176,24,8,0,1737,0,0.0,9088,70
2.9705793373286724,-1.9349999999999996,0,-30.959999999999994,16,28,partnership_disguised_sale,-0.054330974817276,0,0.1751,17,8,0,1737,0,0.0,9216,71
3.021149158477783,-2.117187500000001,0,-33.875000000000014,16,31,partnership_disguised_sale,-0.03462200611829758,0,0.1743,24,8,0,1737,0,0.0,9344,72
3.0585489235818386,-2.285937500000002,0,-36.57500000000003,16,34,partnership_disguised_sale,-0.07814847181240718,0,0.1734,30,8,0,1737,0,0.0,9472,73
2.9383341260254383,-1.1559374999999996,0,-18.494999999999994,16,15,partnership_disguised_sale,-0.05598865697781245,0,0.1725,19,8,0,1737,0,0.0,9600,74
2.9142690412700176,-1.6615624999999998,0,-26.584999999999997,16,23,partnership_disguised_sale,-0.013587492207686106,0,0.1717,25,8,0,1737,0,0.0,9728,75
2.9362716525793076,-2.0065625,0,-32.105,16,29,partnership_disguised_sale,0.010050127903620401,0,0.1708,26,8,0,1737,0,0.0,9856,76
2.835682806558907,-1.7831249999999994,0,-28.52999999999999,16,25,partnership_disguised_sale,-0.1099643384416898,0,0.1699,18,8,0,1737,0,0.0,9984,77
2.830544427037239,-1.5931250000000001,0,-25.490000000000002,16,22,partnership_disguised_sale,-0.09147265801827113,0,0.1691,23,8,0,1737,0,0.0,10112,78
2.8042448610067368,-2.0062500000000014,0,-32.10000000000002,16,29,partnership_disguised_sale,-0.04230073342720667,0,0.1683,23,8,0,1737,0,0.0,10240,79
2.76860985532403,-1.6371875000000002,0,-26.195000000000004,16,23,partnership_disguised_sale,-0.08657568693161011,0,0.1674,20,8,0,1737,0,0.0,10368,80
2.800365944392979,-1.9718749999999987,0,-31.54999999999998,16,29,partnership_disguised_sale,-0.09047725051641464,0,0.1666,24,8,0,1737,0,0.0,10496,81
2.694625109434128,-1.5268749999999995,0,-24.429999999999993,16,22,partnership_disguised_sale,-0.027581376334031422,0,0.1657,16,8,0,1737,0,0.0,10624,82
2.717420272529125,-1.7165624999999993,0,-27.46499999999999,16,25,partnership_disguised_sale,-0.10312798122564952,0,0.1649,21,8,0,1737,0,0.0,10752,83
2.7879004552960396,-1.7753125,0,-28.405,16,26,partnership_disguised_sale,-0.059035087625185646,0,0.1641,27,8,0,1737,0,0.0,10880,84
2.6854928424581885,-1.2971875000000004,0,-20.755000000000006,16,18,partnership_disguised_sale,-0.06668957819541295,0,0.1633,22,8,0,1737,0,0.0,11008,85
2.672227551229298,-0.7128124999999996,18,-11.404999999999994,16,26,partnership_disguised_sale,1.2744550307591755,1,0.1625,25,8,0,1737,1,0.0625,11136,86
2.6707086181268096,-1.7056250000000008,0,-27.290000000000013,16,24,partnership_disguised_sale,0.02845287322998047,0,0.1616,25,8,0,1737,0,0.0,11264,87
2.5645222943276167,-1.5206250000000001,0,-24.330000000000002,16,21,partnership_disguised_sale,0.004320556918780009,0,0.1608,20,8,0,1737,0,0.0,11392,88
2.557423446327448,-1.5353125000000003,0,-24.565000000000005,16,21,partnership_disguised_sale,0.11472627023855846,0,0.16,19,8,0,1737,0,0.0,11520,89
2.6714486703276634,-1.8328125000000008,0,-29.325000000000014,16,26,partnership_disguised_sale,0.35129618644714355,0,0.1592,26,8,0,1737,0,0.0,11648,90
2.719155424274504,-2.3821875,0,-38.115,16,35,partnership_disguised_sale,-0.06851474444071452,0,0.1584,27,8,0,1737,0,0.0,11776,91
2.678048502653837,-2.070625000000001,0,-33.13000000000002,16,30,partnership_disguised_sale,-0.02309132119019826,0,0.1576,20,8,0,1737,0,0.0,11904,92
2.6573089361190796,-1.3253125000000001,0,-21.205000000000002,16,18,partnership_disguised_sale,-0.09054237107435863,0,0.1569,16,8,0,1737,0,0.0,12032,93
2.672991629689932,-1.5456250000000002,0,-24.730000000000004,16,21,partnership_disguised_sale,-0.04322489102681478,0,0.1561,19,8,0,1737,0,0.0,12160,94
2.651074379682541,-1.8012500000000005,0,-28.820000000000007,16,26,partnership_disguised_sale,-0.02338419109582901,0,0.1553,19,8,0,1737,0,0.0,12288,95
2.5651312908157706,-1.3340625,0,-21.345,16,18,partnership_disguised_sale,-0.06364242732524872,0,0.1545,14,8,0,1737,0,0.0,12416,96
2.6591258086264133,-1.6315625000000002,0,-26.105000000000004,16,23,partnership_disguised_sale,-0.07605538020531337,0,0.1537,22,8,0,1737,0,0.0,12544,97
2.627379604615271,-1.9337499999999999,0,-30.939999999999998,16,28,partnership_disguised_sale,-0.07602105538050334,0,0.153,21,8,0,1737,0,0.0,12672,98
2.6425584191456437,-1.6856250000000004,0,-26.970000000000006,16,24,partnership_disguised_sale,-0.06530167907476425,0,0.1522,23,8,0,1737,0,0.0,12800,99
4.15448235347867,-6.029375000000001,0,-96.47000000000001,16,96,partnership_disguised_sale,0.8350587884585062,0,0.25,30,9,0,1738,0,0.0,128,0
4.154328674077988,-6.204687499999998,0,-99.27499999999996,16,99,partnership_disguised_sale,0.7267436981201172,0,0.2487,39,9,0,1738,0,0.0,256,1
4.152536075562239,-6.14875,0,-98.38,16,98,partnership_disguised_sale,0.6291759808858236,0,0.2475,25,9,0,1738,0,0.0,384,2
4.150876920670271,-5.224999999999997,0,-83.59999999999995,16,83,partnership_disguised_sale,0.28956620891888935,0,0.2463,27,9,0,1738,0,0.0,512,3
4.148314651101828,-5.915937500000002,0,-94.65500000000003,16,94,partnership_disguised_sale,0.4055213729540507,0,0.245,21,9,0,1738,0,0.0,640,4
4.147639453411102,-6.3825,0,-102.12,16,102,partnership_disguised_sale,0.35616732637087506,0,0.2438,33,9,0,1738,0,0.0,768,5
4.143466051667929,-5.911562500000001,0,-94.58500000000002,16,94,partnership_disguised_sale,0.2612991581360499,0,0.2426,38,9,0,1738,0,0.0,896,6
4.141937334090471,-6.085312499999999,0,-97.36499999999998,16,97,partnership_disguised_sale,0.23408701022466025,0,0.2414,32,9,0,1738,0,0.0,1024,7
4.138810828328133,-6.263749999999996,0,-100.21999999999994,16,100,partnership_disguised_sale,0.21174021561940512,0,0.2402,32,9,0,1738,0,0.0,1152,8
4.135101824998856,-5.805312500000003,0,-92.88500000000005,16,92,partnership_disguised_sale,0.13456672926743826,0,0.239,28,9,0,1738,0,0.0,1280,9
4.1345782689750195,-6.3890625,0,-102.225,16,102,partnership_disguised_sale,0.16979474325974783,0,0.2378,34,9,0,1738,0,0.0,1408,10
4.131914742290974,-5.963437499999999,0,-95.41499999999998,16,95,partnership_disguised_sale,0.12756657600402832,0,0.2366,31,9,0,1738,0,0.0,1536,11
4.12638284265995,-5.171875,0,-82.75,16,82,partnership_disguised_sale,0.0790104866027832,0,0.2354,26,9,0,1738,0,0.0,1664,12
4.121466148644686,-6.0353125,0,-96.565,16,96,partnership_disguised_sale,0.11759619911511739,0,0.2342,37,9,0,1738,0,0.0,1792,13
4.113464508205652,-5.100312500000001,0,-81.60500000000002,16,81,partnership_disguised_sale,0.0750075230995814,0,0.2331,32,9,0,1738,0,0.0,1920,14
4.103251148015261,-5.3646875000000005,0,-85.83500000000001,16,85,partnership_disguised_sale,8.328755696614583e-05,0,0.2319,26,9,0,1738,0,0.0,2048,15
4.093761526048183,-5.662187499999998,0,-90.59499999999997,16,90,partnership_disguised_sale,0.028525660435358684,0,0.2307,27,9,0,1738,0,0.0,2176,16
4.080706961452961,-5.611249999999999,0,-89.77999999999999,16,89,partnership_disguised_sale,0.04043956100940704,0,0.2296,33,9,0,1738,0,0.0,2304,17
4.067550599575043,-5.5424999999999995,0,-88.67999999999999,16,88,partnership_disguised_sale,0.014236594239870707,0,0.2284,34,9,0,1738,0,0.0,2432,18
4.049161991104484,-5.048124999999999,0,-80.76999999999998,16,80,partnership_disguised_sale,-0.012574503819147745,0,0.2273,35,9,0,1738,0,0.0,2560,19
4.0159565061330795,-4.795937499999999,0,-76.73499999999999,16,76,partnership_disguised_sale,0.08222101132074992,0,0.2262,30,9,0,1738,0,0.0,2688,20
4.001648794859648,-4.430624999999999,0,-70.88999999999999,16,70,partnership_disguised_sale,0.07757935424645741,0,0.225,35,9,0,1738,0,0.0,2816,21
3.9625276047736406,-4.171562500000002,0,-66.74500000000003,16,65,partnership_disguised_sale,-0.04857994616031647,0,0.2239,33,9,0,1738,0,0.0,2944,22
3.910796632990241,-4.846562500000003,0,-77.54500000000004,16,76,partnership_disguised_sale,0.05806676050027212,0,0.2228,26,9,0,1738,0,0.0,3072,23
3.8491677790880203,-4.768125,0,-76.29,16,75,partnership_disguised_sale,-0.009992058078447977,0,0.2217,21,9,0,1738,0,0.0,3200,24
3.818581249564886,-3.9925000000000024,0,-63.88000000000004,16,62,partnership_disguised_sale,-0.021304478247960407,0,0.2206,31,9,0,1738,0,0.0,3328,25
3.694996502250433,-3.5253125000000014,0,-56.40500000000002,16,54,partnership_disguised_sale,-0.03884141147136688,0,0.2195,21,9,0,1738,0,0.0,3456,26
3.6609119661152363,-3.4384375000000014,0,-55.01500000000002,16,53,partnership_disguised_sale,-0.015531321366628012,0,0.2184,25,9,0,1738,0,0.0,3584,27
3.646488219499588,-3.513750000000001,0,-56.22000000000001,16,54,partnership_disguised_sale,-0.07588070382674535,0,0.2173,36,9,0,1738,0,0.0,3712,28
3.4971969686448574,-2.6715625,0,-42.745,16,40,partnership_disguised_sale,-0.04281929135322571,0,0.2162,21,9,0,1738,0,0.0,3840,29
3.4891675114631653,-3.2181250000000023,0,-51.49000000000004,16,49,partnership_disguised_sale,0.015951931476593018,0,0.2151,27,9,0,1738,0,0.0,3968,30
3.44983265735209,-3.5531250000000036,0,-56.85000000000006,16,54,partnership_disguised_sale,0.06194270153840383,0,0.214,28,9,0,1738,0,0.0,4096,31
3.4273468293249607,-3.035000000000003,0,-48.560000000000045,16,46,partnership_disguised_sale,0.008033374945322672,0,0.213,26,9,0,1738,0,0.0,4224,32
3.412180297076702,-2.615312500000001,0,-41.84500000000001,16,39,partnership_disguised_sale,0.018200387557347614,0,0.2119,24,9,0,1738,0,0.0,4352,33
3.4538433495908976,-3.043750000000002,0,-48.70000000000003,16,46,partnership_disguised_sale,-0.02034313976764679,0,0.2108,27,9,0,1738,0,0.0,4480,34
3.5039306189864874,-2.7940625000000017,2,-44.70500000000003,16,44,partnership_disguised_sale,0.0032637914021809897,1,0.2098,32,9,0,1738,0,0.0,4608,35
3.4357168842107058,-2.7121875000000015,0,-43.395000000000024,16,41,partnership_disguised_sale,-0.07485671838124593,0,0.2087,26,9,0,1738,0,0.0,4736,36
3.4024309888482094,-2.3640625000000015,0,-37.825000000000024,16,35,partnership_disguised_sale,-0.07871325314044952,0,0.2077,20,9,0,1738,0,0.0,4864,37
3.3971298299729824,-3.0875000000000004,0,-49.400000000000006,16,47,partnership_disguised_sale,-0.07778729995091756,0,0.2066,26,9,0,1738,0,0.0,4992,38
3.3344050217419863,-2.513124999999999,0,-40.20999999999999,16,38,partnership_disguised_sale,-0.07768652339776357,0,0.2056,22,9,0,1738,0,0.0,5120,39
3.3806289937347174,-2.6403124999999994,0,-42.24499999999999,16,40,partnership_disguised_sale,-0.08301243185997009,0,0.2046,36,9,0,1738,0,0.0,5248,40
3.272051790729165,-2.244375000000001,0,-35.91000000000002,16,33,partnership_disguised_sale,-0.08430815239747365,0,0.2036,29,9,0,1738,0,0.0,5376,41
3.1838125251233578,-2.2928125000000006,0,-36.68500000000001,16,34,partnership_disguised_sale,-0.023779675364494324,0,0.2025,23,9,0,1738,0,0.0,5504,42
3.2341779433190823,-2.935937500000001,0,-46.975000000000016,16,44,partnership_disguised_sale,0.03300725917021433,0,0.2015,34,9,0,1738,0,0.0,5632,43
3.037274593487382,-2.5437500000000015,0,-40.700000000000024,16,37,partnership_disguised_sale,-0.04808652897675832,0,0.2005,20,9,0,1738,0,0.0,5760,44
2.9747165106236935,-2.4865625000000016,0,-39.785000000000025,16,36,partnership_disguised_sale,-0.024401975174744923,0,0.1995,20,9,0,1738,0,0.0,5888,45
2.9773365408182144,-2.0859375,0,-33.375,16,30,partnership_disguised_sale,0.1007594366868337,0,0.1985,23,9,0,1738,0,0.0,6016,46
3.0798039231449366,-2.4518750000000002,0,-39.230000000000004,16,36,partnership_disguised_sale,-0.03359524408976237,0,0.1975,28,9,0,1738,0,0.0,6144,47
3.0463708825409412,-2.1506250000000016,0,-34.410000000000025,16,31,partnership_disguised_sale,0.010603328545888266,0,0.1965,24,9,0,1738,0,0.0,6272,48
3.0320779532194138,-1.4778124999999998,0,-23.644999999999996,16,20,partnership_disguised_sale,-0.07508495698372523,0,0.1956,21,9,0,1738,0,0.0,6400,49
3.0907541420310736,-1.7090625000000008,0,-27.345000000000013,16,24,partnership_disguised_sale,-0.042137786746025085,0,0.1946,27,9,0,1738,0,0.0,6528,50
3.0607358142733574,-2.0140625,0,-32.225,16,29,partnership_disguised_sale,-0.05554666370153427,0,0.1936,28,9,0,1738,0,0.0,6656,51
2.9764794521033764,-1.7046875000000008,0,-27.275000000000013,16,24,partnership_disguised_sale,-0.08169060200452805,0,0.1926,19,9,0,1738,0,0.0,6784,52
3.0530010955408216,-2.1896875000000016,0,-35.035000000000025,16,32,partnership_disguised_sale,-0.05044129739205042,0,0.1917,31,9,0,1738,0,0.0,6912,53
3.057304374873638,-2.1650000000000014,2,-34.64000000000002,16,34,partnership_disguised_sale,0.048624719182650246,1,0.1907,31,9,0,1738,0,0.0,7040,54
2.94652184471488,-2.1409375,0,-34.255,16,31,partnership_disguised_sale,-0.011625347038110098,0,0.1898,26,9,0,1738,0,0.0,7168,55
2.8697762973606586,-2.2153125000000005,0,-35.44500000000001,16,32,partnership_disguised_sale,-0.07424786935249965,0,0.1888,22,9,0,1738,0,0.0,7296,56
2.7310249619185925,-2.113750000000002,0,-33.82000000000003,16,30,partnership_disguised_sale,-0.07575410356124242,0,0.1879,18,9,0,1738,0,0.0,7424,57
2.7611357904970646,-2.229687500000001,0,-35.67500000000002,16,32,partnership_disguised_sale,-0.07144285986820857,0,0.1869,26,9,0,1738,0,0.0,7552,58
2.6714049223810434,-2.3415625000000007,0,-37.46500000000001,16,34,partnership_disguised_sale,-0.03174408276875814,0,0.186,26,9,0,1738,0,0.0,7680,59
2.6574183749035,-2.1478125000000015,0,-34.36500000000002,16,31,partnership_disguised_sale,-0.057199690490961075,0,0.1851,25,9,0,1738,0,0.0,7808,60
2.6230527460575104,-1.6381250000000007,0,-26.21000000000001,16,23,partnership_disguised_sale,-0.08411374688148499,0,0.1841,20,9,0,1738,0,0.0,7936,61
2.8040969679132104,-2.5253125000000014,0,-40.40500000000002,16,37,partnership_disguised_sale,0.0025180081526438394,0,0.1832,31,9,0,1738,0,0.0,8064,62
2.6594054074957967,-1.398750000000001,0,-22.380000000000017,16,19,partnership_disguised_sale,-0.08730481813351314,0,0.1823,22,9,0,1738,0,0.0,8192,63
2.8042348735034466,-1.7871875,0,-28.595,16,25,partnership_disguised_sale,-0.054421680668989815,0,0.1814,28,9,0,1738,0,0.0,8320,64
2.7822809368371964,-2.205,0,-35.28,16,33,partnership_disguised_sale,-0.0969879428545634,0,0.1805,27,9,0,1738,0,0.0,8448,65
2.6872939988970757,-1.1346875000000003,10,-18.155000000000005,16,25,partnership_disguised_sale,0.41694967945416767,1,0.1796,24,9,0,1738,0,0.0,8576,66
2.6789339846000075,-2.0037500000000006,0,-32.06000000000001,16,29,partnership_disguised_sale,-0.09763777752717336,0,0.1787,23,9,0,1738,0,0.0,8704,67
2.7158720809966326,-1.5162500000000005,0,-24.26000000000001,16,21,partnership_disguised_sale,-0.09752560655275981,0,0.1778,24,9,0,1738,0,0.0,8832,68
2.6573863150551915,-1.834375000000001,0,-29.350000000000016,16,26,partnership_disguised_sale,-0.08776937425136566,0,0.1769,20,9,0,1738,0,0.0,8960,69
2.6836780831217766,-1.3115624999999997,0,-20.984999999999996,16,17,partnership_disguised_sale,-0.06993786245584488,0,0.176,19,9,0,1738,0,0.0,9088,70
2.8602407472208142,-1.7671875000000004,0,-28.275000000000006,16,25,partnership_disguised_sale,-0.02071479211250941,0,0.1751,29,9,0,1738,0,0.0,9216,71
2.7411451591178775,-1.6671875000000016,0,-26.675000000000026,16,23,partnership_disguised_sale,0.013988075157006582,0,0.1743,21,9,0,1738,0,0.0,9344,72
2.8175524519756436,-2.115000000000002,0,-33.84000000000003,16,30,partnership_disguised_sale,-0.05349829296271006,0,0.1734,28,9,0,1738,0,0.0,9472,73
2.82180798612535,-2.290312500000002,0,-36.64500000000003,16,33,partnership_disguised_sale,-0.05267932265996933,0,0.1725,26,9,0,1738,0,0.0,9600,74
2.7677706237882376,-1.917187500000001,0,-30.675000000000015,16,27,partnership_disguised_sale,-0.029845093687375385,0,0.1717,22,9,0,1738,0,0.0,9728,75
2.7151334080845118,-1.236875,0,-19.79,16,16,partnership_disguised_sale,-0.0600156436363856,0,0.1708,18,9,0,1738,0,0.0,9856,76
2.8159134723246098,-1.7065625,0,-27.305,16,24,partnership_disguised_sale,0.018172035614649456,0,0.1699,24,9,0,1738,0,0.0,9984,77
2.9087144769728184,-2.127187500000001,0,-34.03500000000002,16,31,partnership_disguised_sale,-0.08706220736106236,0,0.1691,34,9,0,1738,0,0.0,10112,78
2.78923992626369,-1.6465625000000008,0,-26.345000000000013,16,23,partnership_disguised_sale,-0.04964546859264374,0,0.1683,23,9,0,1738,0,0.0,10240,79
2.750927111133933,-2.2731250000000007,0,-36.37000000000001,16,33,partnership_disguised_sale,-0.07275594522555669,0,0.1674,24,9,0,1738,0,0.0,10368,80
2.6423265989869833,-1.4559375,0,-23.295,16,20,partnership_disguised_sale,-0.0870246763030688,0,0.1666,17,9,0,1738,0,0.0,10496,81
2.7279980834573507,-1.7581250000000006,0,-28.13000000000001,16,25,partnership_disguised_sale,0.2556777099768321,0,0.1657,27,9,0,1738,0,0.0,10624,82
2.634231375530362,-1.6406250000000007,0,-26.25000000000001,16,23,partnership_disguised_sale,-0.07145176827907562,0,0.1649,22,9,0,1738,0,0.0,10752,83
2.6635143235325813,-2.145937500000001,0,-34.335000000000015,16,31,partnership_disguised_sale,0.004578687250614166,0,0.1641,24,9,0,1738,0,0.0,10880,84
2.6533061377704144,-1.4900000000000007,0,-23.84000000000001,16,21,partnership_disguised_sale,-0.0783175379037857,0,0.1633,23,9,0,1738,0,0.0,11008,85
2.5721860863268375,-1.5446875000000007,0,-24.71500000000001,16,21,partnership_disguised_sale,-0.10632295658191045,0,0.1625,18,9,0,1738,0,0.0,11136,86
2.563134484924376,-1.4103124999999996,0,-22.564999999999994,16,19,partnership_disguised_sale,-0.08815592527389526,0,0.1616,17,9,0,1738,0,0.0,11264,87
2.6180275455117226,-1.5990625,0,-25.585,16,22,partnership_disguised_sale,-0.08143038799365361,0,0.1608,20,9,0,1738,0,0.0,11392,88
2.6807118710130453,-1.7671875000000008,0,-28.275000000000013,16,25,partnership_disguised_sale,0.2780367434024811,0,0.16,26,9,0,1738,0,0.0,11520,89
2.6925663389265537,-1.6037500000000013,0,-25.66000000000002,16,22,partnership_disguised_sale,-0.09018378953138988,0,0.1592,22,9,0,1738,0,0.0,11648,90
2.7442049980163574,-1.7884375000000021,0,-28.615000000000034,16,25,partnership_disguised_sale,-0.12083011865615845,0,0.1584,26,9,0,1738,0,0.0,11776,91
2.7064790660515428,-1.714687500000001,0,-27.435000000000016,16,24,partnership_disguised_sale,-0.08423441896835963,0,0.1576,20,9,0,1738,0,0.0,11904,92
2.7192088793963194,-1.1687500000000004,0,-18.700000000000006,16,15,partnership_disguised_sale,-0.10613272090752919,0,0.1569,16,9,0,1738,0,0.0,12032,93
2.6557147642597556,-1.3615625000000007,0,-21.78500000000001,16,18,partnership_disguised_sale,0.012837409973144531,0,0.1561,16,9,0,1738,0,0.0,12160,94
2.699622162617743,-1.7640625,0,-28.225,16,25,partnership_disguised_sale,-0.10039739807446797,0,0.1553,24,9,0,1738,0,0.0,12288,95
2.60044954624027,-1.9328125000000012,0,-30.92500000000002,16,28,partnership_disguised_sale,-0.09694747626781464,0,0.1545,20,9,0,1738,0,0.0,12416,96
2.5711272209882736,-1.5368750000000007,0,-24.59000000000001,16,21,partnership_disguised_sale,-0.03528073926766714,0,0.1537,20,9,0,1738,0,0.0,12544,97
2.6058290689252317,-1.76625,0,-28.26,16,25,partnership_disguised_sale,-0.06325209389130275,0,0.153,26,9,0,1738,0,0.0,12672,98
2.632443120703101,-1.8212499999999998,0,-29.139999999999997,16,26,partnership_disguised_sale,-0.03574090823531151,0,0.1522,25,9,0,1738,0,0.0,12800,99
