avg_reward_per_episode,cumulative_reward,episode_count,invalid_count,loophole,loss,positive_reward_count,random_action_prob,random_exploration_count,run,seed,success_count,success_rate,total_steps,update
-10.666666666666666,-128,12,128,distressed_assets,1.4085817337036133,0,0.25,37,0,1729,0,0.0,128,0
-10.666666666666666,-128,12,128,distressed_assets,1.3000857035319011,0,0.2487,29,0,1729,0,0.0,256,1
-10.583333333333334,-127,12,127,distressed_assets,1.2831690311431885,0,0.2475,29,0,1729,0,0.0,384,2
-10.666666666666666,-128,12,128,distressed_assets,1.1955119768778484,0,0.2463,20,0,1729,0,0.0,512,3
-10.583333333333334,-127,12,127,distressed_assets,1.1897464990615845,0,0.245,36,0,1729,0,0.0,640,4
-10.416666666666666,-125,12,125,distressed_assets,1.2597953875859578,0,0.2438,27,0,1729,0,0.0,768,5
-10.666666666666666,-128,12,128,distressed_assets,1.3484834829966228,0,0.2426,27,0,1729,0,0.0,896,6
-10.25,-123,12,123,distressed_assets,1.2883833249409993,0,0.2414,31,0,1729,0,0.0,1024,7
-10.333333333333334,-124,12,124,distressed_assets,1.132957100868225,0,0.2402,29,0,1729,0,0.0,1152,8
-10.666666666666666,-128,12,128,distressed_assets,1.2383664846420288,0,0.239,33,0,1729,0,0.0,1280,9
-10.336666666666668,-124.04000000000002,12,124,distressed_assets,1.2351911862691243,0,0.2378,31,0,1729,0,0.0,1408,10
-10.334166666666667,-124.01,12,124,distressed_assets,1.2337406873703003,0,0.2366,34,0,1729,0,0.0,1536,11
-10.416666666666666,-125,12,125,distressed_assets,1.1355396509170532,0,0.2354,32,0,1729,0,0.0,1664,12
-10.5,-126,12,126,distressed_assets,1.4519811868667603,0,0.2342,33,0,1729,0,0.0,1792,13
-10.426666666666668,-125.12,12,125,distressed_assets,1.2207915385564168,0,0.2331,33,0,1729,0,0.0,1920,14
-10.666666666666666,-128,12,128,distressed_assets,1.2096752325693767,0,0.2319,30,0,1729,0,0.0,2048,15
-10.583333333333334,-127,12,127,distressed_assets,1.2640201250712078,0,0.2307,29,0,1729,0,0.0,2176,16
-10.262500000000001,-123.15,12,123,distressed_assets,1.2116546630859375,0,0.2296,33,0,1729,0,0.0,2304,17
-10.583333333333334,-127,12,127,distressed_assets,1.3165785868962605,0,0.2284,26,0,1729,0,0.0,2432,18
-10.666666666666666,-128,12,128,distressed_assets,1.6773113012313843,0,0.2273,26,0,1729,0,0.0,2560,19
-10.5,-126,12,126,distressed_assets,1.185694416364034,0,0.2262,27,0,1729,0,0.0,2688,20
-10.5,-126,12,126,distressed_assets,1.1346208254496257,0,0.225,28,0,1729,0,0.0,2816,21
-10.333333333333334,-124,12,124,distressed_assets,1.127510706583659,0,0.2239,36,0,1729,0,0.0,2944,22
-10.583333333333334,-127,12,127,distressed_assets,1.5349973440170288,0,0.2228,27,0,1729,0,0.0,3072,23
-10.5,-126,12,126,distressed_assets,1.2659416993459065,0,0.2217,44,0,1729,0,0.0,3200,24
-10.416666666666666,-125,12,125,distressed_assets,1.1806500752766926,0,0.2206,28,0,1729,0,0.0,3328,25
-10.583333333333334,-127,12,127,distressed_assets,1.1621058384577434,0,0.2195,27,0,1729,0,0.0,3456,26
-10.583333333333334,-127,12,127,distressed_assets,1.1853105624516804,0,0.2184,22,0,1729,0,0.0,3584,27
-10.5,-126,12,126,distressed_assets,1.1589160362879436,0,0.2173,22,0,1729,0,0.0,3712,28
-10.583333333333334,-127,12,127,distressed_assets,1.6635353962580364,0,0.2162,23,0,1729,0,0.0,3840,29
-10.666666666666666,-128,12,128,distressed_assets,1.510484258333842,0,0.2151,20,0,1729,0,0.0,3968,30
-10.416666666666666,-125,12,125,distressed_assets,1.128653089205424,0,0.214,31,0,1729,0,0.0,4096,31
-10.583333333333334,-127,12,127,distressed_assets,1.343755046526591,0,0.213,24,0,1729,0,0.0,4224,32
-10.583333333333334,-127,12,127,distressed_assets,1.407478928565979,0,0.2119,29,0,1729,0,0.0,4352,33
-10.666666666666666,-128,12,128,distressed_assets,1.2049307823181152,0,0.2108,23,0,1729,0,0.0,4480,34
-10.333333333333334,-124,12,124,distressed_assets,1.5874995787938435,0,0.2098,31,0,1729,0,0.0,4608,35
-10.416666666666666,-125,12,125,distressed_assets,1.1436412731806438,0,0.2087,25,0,1729,0,0.0,4736,36
-10.5,-126,12,126,distressed_assets,1.3741881052652996,0,0.2077,28,0,1729,0,0.0,4864,37
-10.5,-126,12,126,distressed_assets,1.2377923329671223,0,0.2066,28,0,1729,0,0.0,4992,38
-10.666666666666666,-128,12,128,distressed_assets,1.2028590838114421,0,0.2056,29,0,1729,0,0.0,5120,39
-10.416666666666666,-125,12,125,distressed_assets,1.1180054346720378,0,0.2046,26,0,1729,0,0.0,5248,40
-10.583333333333334,-127,12,127,distressed_assets,1.2265220483144124,0,0.2036,20,0,1729,0,0.0,5376,41
-10.5,-126,12,126,distressed_assets,1.1771508852640789,0,0.2025,23,0,1729,0,0.0,5504,42
-10.5,-126,12,126,distressed_assets,1.1727344195048015,0,0.2015,29,0,1729,0,0.0,5632,43
-10.5,-126,12,126,distressed_assets,1.132146159807841,0,0.2005,25,0,1729,0,0.0,5760,44
-10.5,-126,12,126,distressed_assets,1.1855015357335408,0,0.1995,26,0,1729,0,0.0,5888,45
-10.666666666666666,-128,12,128,distressed_assets,1.173485517501831,0,0.1985,22,0,1729,0,0.0,6016,46
-10.345833333333331,-124.14999999999998,12,124,distressed_assets,1.1242417494455974,0,0.1975,24,0,1729,0,0.0,6144,47
-10.583333333333334,-127,12,127,distressed_assets,1.2644381125768025,0,0.1965,19,0,1729,0,0.0,6272,48
-10.5,-126,12,126,distressed_assets,1.299770752588908,0,0.1956,29,0,1729,0,0.0,6400,49
-9.931666666666667,-119.18,12,119,distressed_assets,1.2869223753611247,0,0.1946,23,0,1729,0,0.0,6528,50
-10.583333333333334,-127,12,127,distressed_assets,1.2354979912439983,0,0.1936,28,0,1729,0,0.0,6656,51
-10.25,-123,12,123,distressed_assets,1.26352063814799,0,0.1926,25,0,1729,0,0.0,6784,52
-10.416666666666666,-125,12,125,distressed_assets,1.1500498056411743,0,0.1917,22,0,1729,0,0.0,6912,53
-10.416666666666666,-125,12,125,distressed_assets,1.1132737000783284,0,0.1907,23,0,1729,0,0.0,7040,54
-10.583333333333334,-127,12,127,distressed_assets,1.2114698489507039,0,0.1898,35,0,1729,0,0.0,7168,55
-10.335,-124.02000000000001,12,124,distressed_assets,1.1118196249008179,0,0.1888,26,0,1729,0,0.0,7296,56
-10.25,-123,12,123,distressed_assets,1.1005897124608357,0,0.1879,27,0,1729,0,0.0,7424,57
-9.759166666666667,-117.11000000000001,12,117,distressed_assets,0.9645564357439677,0,0.1869,23,0,1729,0,0.0,7552,58
-7.992500000000004,-95.91000000000005,12,95,distressed_assets,0.6364122827847799,0,0.186,29,0,1729,0,0.0,7680,59
-7.985000000000004,-95.82000000000005,12,95,distressed_assets,0.6861352920532227,0,0.1851,21,0,1729,0,0.0,7808,60
-7.243333333333337,-86.92000000000004,12,85,distressed_assets,0.5056383609771729,0,0.1841,26,0,1729,0,0.0,7936,61
-6.617500000000004,-79.41000000000005,12,77,distressed_assets,0.5814671317736307,0,0.1832,20,0,1729,0,0.0,8064,62
-7.304166666666668,-87.65000000000002,12,86,distressed_assets,0.43093404173851013,0,0.1823,26,0,1729,0,0.0,8192,63
-7.7600000000000025,-93.12000000000003,12,92,distressed_assets,0.6029592951138815,0,0.1814,24,0,1729,0,0.0,8320,64
-6.815000000000002,-81.78000000000003,12,80,distressed_assets,0.4505719343821208,0,0.1805,27,0,1729,0,0.0,8448,65
-6.533333333333339,-78.40000000000008,12,76,distressed_assets,0.37245920300483704,0,0.1796,20,0,1729,0,0.0,8576,66
-6.558333333333336,-78.70000000000003,12,76,distressed_assets,0.3834948142369588,0,0.1787,28,0,1729,0,0.0,8704,67
-6.559166666666673,-78.71000000000008,12,76,distressed_assets,0.5607431928316752,0,0.1778,21,0,1729,0,0.0,8832,68
-6.565833333333338,-78.79000000000006,12,76,distressed_assets,0.4405980308850606,0,0.1769,21,0,1729,0,0.0,8960,69
-6.300000000000005,-75.60000000000007,12,73,distressed_assets,0.3693277835845947,0,0.176,29,0,1729,0,0.0,9088,70
-6.580833333333337,-78.97000000000004,12,76,distressed_assets,0.5164065957069397,0,0.1751,28,0,1729,0,0.0,9216,71
-6.550000000000004,-78.60000000000005,12,76,distressed_assets,0.4666799505551656,0,0.1743,26,0,1729,0,0.0,9344,72
-7.155833333333338,-85.87000000000006,12,84,distressed_assets,0.6801162560780843,0,0.1734,23,0,1729,0,0.0,9472,73
-6.891666666666667,-82.7,12,81,distressed_assets,0.4050435523192088,0,0.1725,22,0,1729,0,0.0,9600,74
-6.518333333333338,-78.22000000000006,12,76,distressed_assets,0.3629920383294423,0,0.1717,20,0,1729,0,0.0,9728,75
-6.5991666666666715,-79.19000000000005,12,77,distressed_assets,0.6002391775449117,0,0.1708,26,0,1729,0,0.0,9856,76
-6.9133333333333375,-82.96000000000005,12,81,distressed_assets,0.516391396522522,0,0.1699,22,0,1729,0,0.0,9984,77
-6.588333333333337,-79.06000000000004,12,77,distressed_assets,0.5101990699768066,0,0.1691,20,0,1729,0,0.0,10112,78
-6.704166666666672,-80.45000000000006,12,78,distressed_assets,0.6454936663309733,0,0.1683,18,0,1729,0,0.0,10240,79
-6.301666666666673,-75.62000000000008,12,73,distressed_assets,0.38622068365414935,0,0.1674,25,0,1729,0,0.0,10368,80
-6.707500000000003,-80.49000000000004,12,78,distressed_assets,0.4417657752831777,0,0.1666,25,0,1729,0,0.0,10496,81
-6.5650000000000075,-78.78000000000009,12,76,distressed_assets,0.4353809654712677,0,0.1657,17,0,1729,0,0.0,10624,82
-6.660000000000006,-79.92000000000007,12,77,distressed_assets,0.5440888206164042,0,0.1649,17,0,1729,0,0.0,10752,83
-6.581666666666673,-78.98000000000008,12,76,distressed_assets,0.41792774200439453,0,0.1641,19,0,1729,0,0.0,10880,84
-6.562500000000006,-78.75000000000007,12,76,distressed_assets,0.642534077167511,0,0.1633,27,0,1729,0,0.0,11008,85
-6.567500000000006,-78.81000000000007,12,76,distressed_assets,0.3707077105840047,0,0.1625,17,0,1729,0,0.0,11136,86
-6.66333333333334,-79.96000000000008,12,77,distressed_assets,0.5307700534661611,0,0.1616,24,0,1729,0,0.0,11264,87
-6.505000000000006,-78.06000000000007,12,75,distressed_assets,0.5274591247240702,0,0.1608,17,0,1729,0,0.0,11392,88
-6.58333333333334,-79.00000000000009,12,76,distressed_assets,0.49994994203249615,0,0.16,13,0,1729,0,0.0,11520,89
-6.512500000000006,-78.15000000000008,12,75,distressed_assets,0.4480610191822052,0,0.1592,19,0,1729,0,0.0,11648,90
-6.31583333333334,-75.79000000000008,12,73,distressed_assets,0.44776102900505066,0,0.1584,31,0,1729,0,0.0,11776,91
-6.576666666666674,-78.92000000000009,12,76,distressed_assets,0.606669008731842,0,0.1576,16,0,1729,0,0.0,11904,92
-6.411666666666672,-76.94000000000007,12,74,distressed_assets,0.4688130219777425,0,0.1569,16,0,1729,0,0.0,12032,93
-6.491666666666673,-77.90000000000008,12,75,distressed_assets,0.48672767480214435,0,0.1561,22,0,1729,0,0.0,12160,94
-6.593333333333341,-79.12000000000009,12,76,distressed_assets,0.4968570868174235,0,0.1553,13,0,1729,0,0.0,12288,95
-6.500833333333339,-78.01000000000006,12,75,distressed_assets,0.4714965720971425,0,0.1545,25,0,1729,0,0.0,12416,96
-6.393333333333341,-76.72000000000008,12,74,distressed_assets,0.3764500518639882,0,0.1537,26,0,1729,0,0.0,12544,97
-6.559166666666672,-78.71000000000006,12,76,distressed_assets,0.4177584747473399,0,0.153,22,0,1729,0,0.0,12672,98
-6.429166666666671,-77.15000000000005,12,74,distressed_assets,0.45879384875297546,0,0.1522,14,0,1729,0,0.0,12800,99
-10.416666666666666,-125,12,125,distressed_assets,1.33598792552948,0,0.25,36,1,1730,0,0.0,128,0
-9.916666666666666,-119,12,119,distressed_assets,1.0529739061991374,0,0.2487,27,1,1730,0,0.0,256,1
-7.444999999999999,-89.33999999999999,12,88,distressed_assets,0.5773439009984335,0,0.2475,33,1,1730,0,0.0,384,2
-8.468333333333335,-101.62000000000003,12,101,distressed_assets,0.8307391206423441,0,0.2463,29,1,1730,0,0.0,512,3
-7.804166666666667,-93.65,12,92,distressed_assets,0.6975540121396383,0,0.245,27,1,1730,0,0.0,640,4
-7.322500000000005,-87.87000000000006,12,86,distressed_assets,0.7021152973175049,0,0.2438,34,1,1730,0,0.0,768,5
-6.950833333333338,-83.41000000000005,12,81,distressed_assets,0.4841149151325226,0,0.2426,30,1,1730,0,0.0,896,6
-6.541666666666669,-78.50000000000003,12,76,distressed_assets,0.3796673019727071,0,0.2414,25,1,1730,0,0.0,1024,7
-6.545833333333339,-78.55000000000007,12,76,distressed_assets,0.5193776885668436,0,0.2402,25,1,1730,0,0.0,1152,8
-6.5333333333333385,-78.40000000000006,12,76,distressed_assets,0.5457133849461874,0,0.239,43,1,1730,0,0.0,1280,9
-6.388333333333339,-76.66000000000007,12,74,distressed_assets,0.6199796001116434,0,0.2378,36,1,1730,0,0.0,1408,10
-6.957500000000002,-83.49000000000002,12,81,distressed_assets,0.6893233060836792,0,0.2366,38,1,1730,0,0.0,1536,11
-7.165833333333335,-85.99000000000002,12,84,distressed_assets,0.5659638444582621,0,0.2354,36,1,1730,0,0.0,1664,12
-6.700000000000004,-80.40000000000005,12,78,distressed_assets,0.4601590633392334,0,0.2342,33,1,1730,0,0.0,1792,13
-6.515000000000004,-78.18000000000005,12,76,distressed_assets,0.6700410842895508,0,0.2331,31,1,1730,0,0.0,1920,14
-6.884166666666669,-82.61000000000003,12,81,distressed_assets,0.4400128622849782,0,0.2319,31,1,1730,0,0.0,2048,15
-6.284166666666671,-75.41000000000005,12,73,distressed_assets,0.38849174976348877,0,0.2307,38,1,1730,0,0.0,2176,16
-6.294166666666673,-75.53000000000007,12,73,distressed_assets,0.3533891638120015,0,0.2296,26,1,1730,0,0.0,2304,17
-6.236666666666671,-74.84000000000005,12,73,distressed_assets,0.37316132585207623,0,0.2284,30,1,1730,0,0.0,2432,18
-6.445000000000005,-77.34000000000006,12,75,distressed_assets,0.36152373751004535,0,0.2273,25,1,1730,0,0.0,2560,19
-5.965833333333333,-71.59,12,69,distressed_assets,0.3848205904165904,0,0.2262,31,1,1730,0,0.0,2688,20
-5.600000000000001,-67.20000000000002,12,65,distressed_assets,0.44446659088134766,0,0.225,32,1,1730,0,0.0,2816,21
-6.076666666666668,-72.92000000000002,12,71,distressed_assets,0.41682345668474835,0,0.2239,23,1,1730,0,0.0,2944,22
-7.574166666666668,-90.89000000000001,12,90,distressed_assets,0.6061904231707255,0,0.2228,28,1,1730,0,0.0,3072,23
-6.640833333333333,-79.69,12,78,distressed_assets,0.5642611583073934,0,0.2217,27,1,1730,0,0.0,3200,24
-6.292500000000001,-75.51000000000002,12,73,distressed_assets,0.5527612964312235,0,0.2206,29,1,1730,0,0.0,3328,25
-6.3333333333333295,-75.99999999999996,12,73,distressed_assets,0.45639952023824054,0,0.2195,31,1,1730,0,0.0,3456,26
-6.464166666666672,-77.57000000000006,12,75,distressed_assets,0.4502345025539398,0,0.2184,31,1,1730,0,0.0,3584,27
-6.673333333333336,-80.08000000000003,12,77,distressed_assets,0.5134879946708679,0,0.2173,28,1,1730,0,0.0,3712,28
-6.374166666666672,-76.49000000000007,12,74,distressed_assets,0.4790532986323039,0,0.2162,38,1,1730,0,0.0,3840,29
-5.735833333333336,-68.83000000000003,12,66,distressed_assets,0.26579391956329346,0,0.2151,19,1,1730,0,0.0,3968,30
-5.9808333333333366,-71.77000000000004,12,69,distressed_assets,0.3183744152386983,0,0.214,29,1,1730,0,0.0,4096,31
-6.169166666666673,-74.03000000000007,12,71,distressed_assets,0.44556474685668945,0,0.213,31,1,1730,0,0.0,4224,32
-5.817500000000002,-69.81000000000002,12,67,distressed_assets,0.36725040276845294,0,0.2119,28,1,1730,0,0.0,4352,33
-5.759166666666669,-69.11000000000003,12,67,distressed_assets,0.2503429551919301,0,0.2108,26,1,1730,0,0.0,4480,34
-5.746666666666672,-68.96000000000006,12,67,distressed_assets,0.4000051021575928,0,0.2098,29,1,1730,0,0.0,4608,35
-5.8491666666666715,-70.19000000000005,12,68,distressed_assets,0.34382134675979614,0,0.2087,17,1,1730,0,0.0,4736,36
-5.794166666666672,-69.53000000000006,12,68,distressed_assets,0.38746384779612225,0,0.2077,26,1,1730,0,0.0,4864,37
-5.005000000000005,-60.06000000000006,12,58,distressed_assets,0.19014583031336466,0,0.2066,20,1,1730,0,0.0,4992,38
-5.975000000000002,-71.70000000000003,12,70,distressed_assets,0.4548398156960805,0,0.2056,21,1,1730,0,0.0,5120,39
-5.701666666666668,-68.42000000000002,12,67,distressed_assets,0.4926726321379344,0,0.2046,30,1,1730,0,0.0,5248,40
-5.699166666666668,-68.39000000000001,12,67,distressed_assets,0.4185202320416768,0,0.2036,35,1,1730,0,0.0,5376,41
-5.240000000000003,-62.88000000000004,12,61,distressed_assets,0.2915831208229065,0,0.2025,27,1,1730,0,0.0,5504,42
-4.949166666666668,-59.390000000000015,12,57,distressed_assets,0.20976071059703827,0,0.2015,27,1,1730,0,0.0,5632,43
-5.752500000000001,-69.03000000000002,12,67,distressed_assets,0.2597792049249013,0,0.2005,26,1,1730,0,0.0,5760,44
-5.487500000000004,-65.85000000000005,12,64,distressed_assets,0.23091510434945425,0,0.1995,25,1,1730,0,0.0,5888,45
-5.282500000000005,-63.390000000000065,12,61,distressed_assets,0.2763083080450694,0,0.1985,25,1,1730,0,0.0,6016,46
-5.0675000000000034,-60.810000000000045,12,59,distressed_assets,0.2627464234828949,0,0.1975,22,1,1730,0,0.0,6144,47
-5.280833333333334,-63.370000000000005,12,61,distressed_assets,0.49380795160929364,0,0.1965,36,1,1730,0,0.0,6272,48
-5.265,-63.17999999999999,12,61,distressed_assets,0.2456339697043101,0,0.1956,35,1,1730,0,0.0,6400,49
-5.172500000000002,-62.07000000000002,12,60,distressed_assets,0.26009121537208557,0,0.1946,27,1,1730,0,0.0,6528,50
-5.191666666666671,-62.30000000000005,12,60,distressed_assets,0.30121880769729614,0,0.1936,30,1,1730,0,0.0,6656,51
-5.196666666666672,-62.36000000000006,12,60,distressed_assets,0.25047188500563305,0,0.1926,22,1,1730,0,0.0,6784,52
-4.736666666666669,-56.84000000000003,12,55,distressed_assets,0.38011157512664795,0,0.1917,31,1,1730,0,0.0,6912,53
-4.514166666666668,-54.170000000000016,12,52,distressed_assets,0.22758369644482931,0,0.1907,19,1,1730,0,0.0,7040,54
-5.218333333333339,-62.62000000000007,12,60,distressed_assets,0.396191527446111,0,0.1898,29,1,1730,0,0.0,7168,55
-4.829166666666671,-57.95000000000005,12,56,distressed_assets,0.23780461649099985,0,0.1888,24,1,1730,0,0.0,7296,56
-4.941666666666671,-59.30000000000005,12,57,distressed_assets,0.4271297852198283,0,0.1879,18,1,1730,0,0.0,7424,57
-5.645833333333337,-67.75000000000004,12,66,distressed_assets,0.2847439646720886,0,0.1869,20,1,1730,0,0.0,7552,58
-4.6608333333333345,-55.930000000000014,12,54,distressed_assets,0.4429890215396881,0,0.186,18,1,1730,0,0.0,7680,59
-5.652500000000001,-67.83000000000001,12,65,distressed_assets,0.3760581115881602,0,0.1851,24,1,1730,0,0.0,7808,60
-6.110000000000003,-73.32000000000004,12,70,distressed_assets,0.4329346716403961,0,0.1841,22,1,1730,0,0.0,7936,61
-6.12833333333334,-73.54000000000008,12,71,distressed_assets,0.6207345922787985,0,0.1832,26,1,1730,0,0.0,8064,62
-6.261666666666669,-75.14000000000003,12,72,distressed_assets,0.5900421738624573,0,0.1823,24,1,1730,0,0.0,8192,63
-6.0650000000000075,-72.78000000000009,12,70,distressed_assets,0.3636789719263713,0,0.1814,16,1,1730,0,0.0,8320,64
-5.307500000000004,-63.69000000000005,12,61,distressed_assets,0.34701619545618695,0,0.1805,21,1,1730,0,0.0,8448,65
-5.230833333333337,-62.77000000000005,12,60,distressed_assets,0.3022880752881368,0,0.1796,19,1,1730,0,0.0,8576,66
-5.284166666666672,-63.41000000000006,12,61,distressed_assets,0.3061603605747223,0,0.1787,18,1,1730,0,0.0,8704,67
-5.5866666666666704,-67.04000000000005,12,65,distressed_assets,0.46508920192718506,0,0.1778,32,1,1730,0,0.0,8832,68
-5.267500000000003,-63.21000000000003,12,61,distressed_assets,0.4552214940388997,0,0.1769,22,1,1730,0,0.0,8960,69
-4.911666666666671,-58.94000000000005,12,57,distressed_assets,0.2642317811648051,0,0.176,18,1,1730,0,0.0,9088,70
-5.500833333333339,-66.01000000000006,12,64,distressed_assets,0.3636656403541565,0,0.1751,25,1,1730,0,0.0,9216,71
-5.781666666666669,-69.38000000000002,12,68,distressed_assets,0.2917302151521047,0,0.1743,20,1,1730,0,0.0,9344,72
-5.164166666666669,-61.970000000000034,12,60,distressed_assets,0.2355675051609675,0,0.1734,18,1,1730,0,0.0,9472,73
-4.663333333333337,-55.960000000000036,12,54,distressed_assets,0.33662013212839764,0,0.1725,21,1,1730,0,0.0,9600,74
-5.070833333333336,-60.85000000000004,12,59,distressed_assets,0.15634437402089438,0,0.1717,20,1,1730,0,0.0,9728,75
-5.953333333333337,-71.44000000000004,12,69,distressed_assets,0.3000306884447734,0,0.1708,26,1,1730,0,0.0,9856,76
-4.6825000000000045,-56.190000000000055,12,54,distressed_assets,0.22703272104263306,0,0.1699,18,1,1730,0,0.0,9984,77
-4.680833333333337,-56.170000000000044,12,54,distressed_assets,0.2322640915711721,0,0.1691,20,1,1730,0,0.0,10112,78
-4.490833333333337,-53.89000000000005,12,52,distressed_assets,0.1806847502787908,0,0.1683,17,1,1730,0,0.0,10240,79
-4.908333333333338,-58.90000000000005,12,57,distressed_assets,0.1725104103485743,0,0.1674,22,1,1730,0,0.0,10368,80
-5.6475000000000035,-67.77000000000004,12,66,distressed_assets,0.6369123458862305,0,0.1666,26,1,1730,0,0.0,10496,81
-5.792500000000007,-69.51000000000008,12,67,distressed_assets,0.33461305499076843,0,0.1657,24,1,1730,0,0.0,10624,82
-5.724166666666669,-68.69000000000003,12,66,distressed_assets,0.3313100536664327,0,0.1649,22,1,1730,0,0.0,10752,83
-5.355000000000001,-64.26000000000002,12,62,distressed_assets,0.2755468487739563,0,0.1641,20,1,1730,0,0.0,10880,84
-5.486666666666672,-65.84000000000006,12,64,distressed_assets,0.3074663579463959,0,0.1633,30,1,1730,0,0.0,11008,85
-5.105000000000005,-61.26000000000006,12,59,distressed_assets,0.22742180029551187,0,0.1625,18,1,1730,0,0.0,11136,86
-5.423333333333335,-65.08000000000001,12,63,distressed_assets,0.25991401076316833,0,0.1616,23,1,1730,0,0.0,11264,87
-5.078333333333338,-60.940000000000055,12,59,distressed_assets,0.4846307337284088,0,0.1608,20,1,1730,0,0.0,11392,88
-6.097500000000004,-73.17000000000004,12,72,distressed_assets,0.42630500594774884,0,0.16,21,1,1730,0,0.0,11520,89
-5.6491666666666704,-67.79000000000005,12,66,distressed_assets,0.34883206089337665,0,0.1592,22,1,1730,0,0.0,11648,90
-5.33166666666667,-63.98000000000004,12,62,distressed_assets,0.42229053378105164,0,0.1584,24,1,1730,0,0.0,11776,91
-4.495000000000004,-53.94000000000004,12,52,distressed_assets,0.08721380929152171,0,0.1576,16,1,1730,0,0.0,11904,92
-5.361666666666672,-64.34000000000006,12,62,distressed_assets,0.23034898936748505,0,0.1569,17,1,1730,0,0.0,12032,93
-5.809166666666671,-69.71000000000005,12,68,distressed_assets,0.38417917490005493,0,0.1561,20,1,1730,0,0.0,12160,94
-4.910000000000001,-58.92000000000001,12,57,distressed_assets,0.26015252868334454,0,0.1553,22,1,1730,0,0.0,12288,95
-5.641666666666672,-67.70000000000006,12,66,distressed_assets,0.45725326736768085,0,0.1545,25,1,1730,0,0.0,12416,96
-5.738333333333337,-68.86000000000004,12,67,distressed_assets,0.2799030939737956,0,0.1537,23,1,1730,0,0.0,12544,97
-6.0850000000000035,-73.02000000000004,12,71,distressed_assets,0.364861398935318,0,0.153,23,1,1730,0,0.0,12672,98
-5.784166666666667,-69.41,12,68,distressed_assets,0.33226080735524494,0,0.1522,19,1,1730,0,0.0,12800,99
-10.666666666666666,-128,12,128,distressed_assets,2.0394193728764853,0,0.25,27,2,1731,0,0.0,128,0
-10.255,-123.06,12,123,distressed_assets,1.1672237714131672,0,0.2487,39,2,1731,0,0.0,256,1
-10.1875,-122.25,12,122,distressed_assets,1.06119438012441,0,0.2475,33,2,1731,0,0.0,384,2
-9.68,-116.16,12,116,distressed_assets,0.9859863122304281,0,0.2463,44,2,1731,0,0.0,512,3
-10.095833333333333,-121.15,12,121,distressed_assets,1.4206868410110474,0,0.245,34,2,1731,0,0.0,640,4
-10.416666666666666,-125,12,125,distressed_assets,1.309861381848653,0,0.2438,35,2,1731,0,0.0,768,5
-10.583333333333334,-127,12,127,distressed_assets,1.1634553670883179,0,0.2426,37,2,1731,0,0.0,896,6
-10.5,-126,12,126,distressed_assets,1.2260449330012004,0,0.2414,34,2,1731,0,0.0,1024,7
-10.5,-126,12,126,distressed_assets,1.3084453344345093,0,0.2402,30,2,1731,0,0.0,1152,8
-10.262500000000001,-123.15,12,123,distressed_assets,1.0872679948806763,0,0.239,21,2,1731,0,0.0,1280,9
-10.416666666666666,-125,12,125,distressed_assets,1.123746116956075,0,0.2378,27,2,1731,0,0.0,1408,10
-10.333333333333334,-124,12,124,distressed_assets,1.1381816466649373,0,0.2366,26,2,1731,0,0.0,1536,11
-10.27,-123.24,12,123,distressed_assets,1.0732696453730266,0,0.2354,29,2,1731,0,0.0,1664,12
-10.25,-123,12,123,distressed_assets,1.10797119140625,0,0.2342,35,2,1731,0,0.0,1792,13
-10.0,-120,12,120,distressed_assets,1.1669233242670696,0,0.2331,36,2,1731,0,0.0,1920,14
-10.416666666666666,-125,12,125,distressed_assets,1.112358530362447,0,0.2319,25,2,1731,0,0.0,2048,15
-9.8425,-118.11,12,118,distressed_assets,1.038099726041158,0,0.2307,29,2,1731,0,0.0,2176,16
-10.666666666666666,-128,12,128,distressed_assets,1.1529422998428345,0,0.2296,21,2,1731,0,0.0,2304,17
-9.94416666666667,-119.33000000000003,12,119,distressed_assets,1.1582051118214924,0,0.2284,39,2,1731,0,0.0,2432,18
-9.775833333333335,-117.31000000000002,12,117,distressed_assets,1.0787765979766846,0,0.2273,29,2,1731,0,0.0,2560,19
-9.245833333333335,-110.95000000000002,12,110,distressed_assets,0.8933926820755005,0,0.2262,28,2,1731,0,0.0,2688,20
-10.040000000000001,-120.48,12,120,distressed_assets,1.0700664122899373,0,0.225,33,2,1731,0,0.0,2816,21
-9.780000000000003,-117.36000000000003,12,117,distressed_assets,0.9959850112597147,0,0.2239,30,2,1731,0,0.0,2944,22
-8.996666666666666,-107.96,12,107,distressed_assets,0.841670294602712,0,0.2228,30,2,1731,0,0.0,3072,23
-9.588333333333333,-115.05999999999999,12,114,distressed_assets,1.4151031573613484,0,0.2217,29,2,1731,0,0.0,3200,24
-8.54,-102.47999999999999,12,101,distressed_assets,0.7929581801096598,0,0.2206,33,2,1731,0,0.0,3328,25
-8.200833333333337,-98.41000000000004,12,97,distressed_assets,0.7982590198516846,0,0.2195,34,2,1731,0,0.0,3456,26
-8.125833333333338,-97.51000000000005,12,96,distressed_assets,0.7386943499247233,0,0.2184,31,2,1731,0,0.0,3584,27
-7.4950000000000045,-89.94000000000005,12,88,distressed_assets,0.5762966473897299,0,0.2173,25,2,1731,0,0.0,3712,28
-7.034166666666665,-84.40999999999998,12,82,distressed_assets,0.4589275121688843,0,0.2162,27,2,1731,0,0.0,3840,29
-7.734999999999999,-92.82,12,91,distressed_assets,0.6475968360900879,0,0.2151,33,2,1731,0,0.0,3968,30
-8.048333333333336,-96.58000000000003,12,95,distressed_assets,0.6473322113355001,0,0.214,22,2,1731,0,0.0,4096,31
-7.122500000000003,-85.47000000000004,12,83,distressed_assets,0.5969624718030294,0,0.213,23,2,1731,0,0.0,4224,32
-7.744166666666666,-92.92999999999999,12,91,distressed_assets,0.6395538250605265,0,0.2119,34,2,1731,0,0.0,4352,33
-7.14166666666667,-85.70000000000005,12,83,distressed_assets,0.5102065006891886,0,0.2108,18,2,1731,0,0.0,4480,34
-6.300000000000003,-75.60000000000004,12,73,distressed_assets,0.5564982692400614,0,0.2098,27,2,1731,0,0.0,4608,35
-7.219166666666671,-86.63000000000005,12,85,distressed_assets,0.6448168357213339,0,0.2087,25,2,1731,0,0.0,4736,36
-7.392500000000001,-88.71000000000001,12,87,distressed_assets,0.5450221300125122,0,0.2077,26,2,1731,0,0.0,4864,37
-6.747499999999998,-80.96999999999997,12,78,distressed_assets,0.5370726784070333,0,0.2066,23,2,1731,0,0.0,4992,38
-7.204166666666667,-86.45,12,84,distressed_assets,0.7005584836006165,0,0.2056,38,2,1731,0,0.0,5120,39
-6.896666666666668,-82.76000000000002,12,80,distressed_assets,0.5760762095451355,0,0.2046,26,2,1731,0,0.0,5248,40
-7.090000000000007,-85.08000000000008,12,83,distressed_assets,0.45026437441507977,0,0.2036,22,2,1731,0,0.0,5376,41
-6.660000000000003,-79.92000000000003,12,77,distressed_assets,0.4434477984905243,0,0.2025,24,2,1731,0,0.0,5504,42
-6.809999999999999,-81.71999999999998,12,79,distressed_assets,0.4952779213587443,0,0.2015,31,2,1731,0,0.0,5632,43
-6.47416666666667,-77.69000000000004,12,75,distressed_assets,0.4809614618619283,0,0.2005,13,2,1731,0,0.0,5760,44
-6.655000000000006,-79.86000000000007,12,77,distressed_assets,0.5385492046674093,0,0.1995,25,2,1731,0,0.0,5888,45
-6.229166666666672,-74.75000000000007,12,72,distressed_assets,0.36421769857406616,0,0.1985,24,2,1731,0,0.0,6016,46
-6.399166666666673,-76.79000000000008,12,74,distressed_assets,0.482179860273997,0,0.1975,27,2,1731,0,0.0,6144,47
-6.692500000000006,-80.31000000000007,12,78,distressed_assets,0.5279560883839926,0,0.1965,29,2,1731,0,0.0,6272,48
-6.192499999999999,-74.30999999999999,12,72,distressed_assets,0.312698632478714,0,0.1956,28,2,1731,0,0.0,6400,49
-7.013333333333335,-84.16000000000003,12,82,distressed_assets,0.647285262743632,0,0.1946,25,2,1731,0,0.0,6528,50
-6.900000000000002,-82.80000000000003,12,80,distressed_assets,0.8633211851119995,0,0.1936,22,2,1731,0,0.0,6656,51
-6.610833333333332,-79.32999999999998,12,76,distressed_assets,0.35868587096532184,0,0.1926,19,2,1731,0,0.0,6784,52
-6.516666666666668,-78.20000000000002,12,75,distressed_assets,0.41051343083381653,0,0.1917,29,2,1731,0,0.0,6912,53
-6.574166666666659,-78.8899999999999,12,75,distressed_assets,0.43904370069503784,0,0.1907,23,2,1731,0,0.0,7040,54
-6.605,-79.26,12,76,distressed_assets,0.4300092061360677,0,0.1898,28,2,1731,0,0.0,7168,55
-6.580833333333331,-78.96999999999997,12,75,distressed_assets,0.41016924381256104,0,0.1888,22,2,1731,0,0.0,7296,56
-6.521666666666669,-78.26000000000003,12,75,distressed_assets,0.4158734083175659,0,0.1879,22,2,1731,0,0.0,7424,57
-6.600000000000004,-79.20000000000005,12,76,distressed_assets,0.4742800096670787,0,0.1869,17,2,1731,0,0.0,7552,58
-6.570833333333339,-78.85000000000007,12,76,distressed_assets,0.584712008635203,0,0.186,16,2,1731,0,0.0,7680,59
-6.549166666666671,-78.59000000000005,12,75,distressed_assets,0.49469950795173645,0,0.1851,27,2,1731,0,0.0,7808,60
-6.414166666666671,-76.97000000000006,12,74,distressed_assets,0.45635367433230084,0,0.1841,21,2,1731,0,0.0,7936,61
-6.494166666666672,-77.93000000000006,12,75,distressed_assets,0.5035078823566437,0,0.1832,25,2,1731,0,0.0,8064,62
-6.7941666666666665,-81.53,12,78,distressed_assets,0.634001354376475,0,0.1823,23,2,1731,0,0.0,8192,63
-6.550833333333333,-78.61,12,75,distressed_assets,0.5614137848218282,0,0.1814,27,2,1731,0,0.0,8320,64
-6.536666666666665,-78.43999999999998,12,75,distressed_assets,0.7835253874460856,0,0.1805,26,2,1731,0,0.0,8448,65
-6.645833333333329,-79.74999999999994,12,76,distressed_assets,0.4552442530790965,0,0.1796,22,2,1731,0,0.0,8576,66
-6.46,-77.52,12,74,distressed_assets,0.4439682066440582,0,0.1787,22,2,1731,0,0.0,8704,67
-6.39083333333334,-76.69000000000008,12,74,distressed_assets,0.42120935519536334,0,0.1778,20,2,1731,0,0.0,8832,68
-6.56583333333334,-78.79000000000008,12,76,distressed_assets,0.4322311182816823,0,0.1769,19,2,1731,0,0.0,8960,69
-6.416666666666671,-77.00000000000006,12,74,distressed_assets,0.5923554102579752,0,0.176,26,2,1731,0,0.0,9088,70
-6.589166666666668,-79.07000000000002,12,76,distressed_assets,0.45338042577107746,0,0.1751,21,2,1731,0,0.0,9216,71
-6.38,-76.56,12,73,distressed_assets,0.4995569388071696,0,0.1743,28,2,1731,0,0.0,9344,72
-6.40583333333334,-76.87000000000008,12,74,distressed_assets,0.4710759421189626,0,0.1734,23,2,1731,0,0.0,9472,73
-6.227500000000004,-74.73000000000005,12,72,distressed_assets,0.5612410505612692,0,0.1725,29,2,1731,0,0.0,9600,74
-6.624999999999996,-79.49999999999994,12,76,distressed_assets,0.3628120521704356,0,0.1717,21,2,1731,0,0.0,9728,75
-6.501666666666662,-78.01999999999994,12,74,distressed_assets,0.5526612599690756,0,0.1708,28,2,1731,0,0.0,9856,76
-6.424999999999998,-77.09999999999998,12,73,distressed_assets,0.505775252978007,0,0.1699,28,2,1731,0,0.0,9984,77
-6.450833333333335,-77.41000000000003,12,74,distressed_assets,0.42592863241831463,0,0.1691,17,2,1731,0,0.0,10112,78
-6.6391666666666636,-79.66999999999996,12,76,distressed_assets,0.4863862891991933,0,0.1683,16,2,1731,0,0.0,10240,79
-6.545833333333333,-78.55,12,75,distressed_assets,0.5369417071342468,0,0.1674,15,2,1731,0,0.0,10368,80
-6.704999999999998,-80.45999999999998,12,77,distressed_assets,0.5765689810117086,0,0.1666,22,2,1731,0,0.0,10496,81
-6.789166666666663,-81.46999999999996,12,78,distressed_assets,0.49672289689381915,0,0.1657,19,2,1731,0,0.0,10624,82
-6.642500000000003,-79.71000000000004,12,76,distressed_assets,0.5605530142784119,0,0.1649,17,2,1731,0,0.0,10752,83
-6.414166666666669,-76.97000000000003,12,74,distressed_assets,0.355751097202301,0,0.1641,32,2,1731,0,0.0,10880,84
-6.582500000000007,-78.99000000000008,12,76,distressed_assets,0.46564631660779315,0,0.1633,19,2,1731,0,0.0,11008,85
-6.6008333333333375,-79.21000000000005,12,76,distressed_assets,0.4779796600341797,0,0.1625,26,2,1731,0,0.0,11136,86
-6.5391666666666675,-78.47000000000001,12,75,distressed_assets,0.4924955765406291,0,0.1616,16,2,1731,0,0.0,11264,87
-6.460833333333333,-77.53,12,74,distressed_assets,0.35514019926389057,0,0.1608,20,2,1731,0,0.0,11392,88
-6.640833333333332,-79.68999999999998,12,76,distressed_assets,0.49901530146598816,0,0.16,27,2,1731,0,0.0,11520,89
-6.476666666666673,-77.72000000000007,12,75,distressed_assets,0.5030643145243326,0,0.1592,25,2,1731,0,0.0,11648,90
-6.575833333333338,-78.91000000000005,12,76,distressed_assets,0.46351022521654767,0,0.1584,19,2,1731,0,0.0,11776,91
-6.491666666666673,-77.90000000000008,12,75,distressed_assets,0.4655776917934418,0,0.1576,21,2,1731,0,0.0,11904,92
-6.485000000000006,-77.82000000000006,12,75,distressed_assets,0.6222234964370728,0,0.1569,24,2,1731,0,0.0,12032,93
-6.1725000000000065,-74.07000000000008,12,71,distressed_assets,0.4751239816347758,0,0.1561,18,2,1731,0,0.0,12160,94
-6.580833333333338,-78.97000000000006,12,76,distressed_assets,0.47355008125305176,0,0.1553,21,2,1731,0,0.0,12288,95
-6.485000000000006,-77.82000000000006,12,75,distressed_assets,0.6139704585075378,0,0.1545,21,2,1731,0,0.0,12416,96
-6.503333333333337,-78.04000000000005,12,75,distressed_assets,0.43526744842529297,0,0.1537,16,2,1731,0,0.0,12544,97
-6.573333333333341,-78.8800000000001,12,76,distressed_assets,0.49023060997327167,0,0.153,23,2,1731,0,0.0,12672,98
-6.591666666666669,-79.10000000000002,12,76,distressed_assets,0.44367292523384094,0,0.1522,21,2,1731,0,0.0,12800,99
-10.583333333333334,-127,12,127,distressed_assets,1.2232938210169475,0,0.25,36,3,1732,0,0.0,128,0
-10.583333333333334,-127,12,127,distressed_assets,1.2127300103505452,0,0.2487,36,3,1732,0,0.0,256,1
-10.583333333333334,-127,12,127,distressed_assets,1.227280577023824,0,0.2475,38,3,1732,0,0.0,384,2
-10.505000000000003,-126.06000000000003,12,126,distressed_assets,1.159313440322876,0,0.2463,36,3,1732,0,0.0,512,3
-10.666666666666666,-128,12,128,distressed_assets,1.2100273768107097,0,0.245,28,3,1732,0,0.0,640,4
-10.416666666666666,-125,12,125,distressed_assets,1.26871919631958,0,0.2438,37,3,1732,0,0.0,768,5
-10.583333333333334,-127,12,127,distressed_assets,1.2030097246170044,0,0.2426,32,3,1732,0,0.0,896,6
-10.333333333333334,-124,12,124,distressed_assets,1.0971490144729614,0,0.2414,27,3,1732,0,0.0,1024,7
-10.583333333333334,-127,12,127,distressed_assets,1.194575587908427,0,0.2402,30,3,1732,0,0.0,1152,8
-10.416666666666666,-125,12,125,distressed_assets,1.138567606608073,0,0.239,35,3,1732,0,0.0,1280,9
-10.666666666666666,-128,12,128,distressed_assets,1.229593316713969,0,0.2378,30,3,1732,0,0.0,1408,10
-10.5,-126,12,126,distressed_assets,1.1791408061981201,0,0.2366,32,3,1732,0,0.0,1536,11
-10.255,-123.06,12,123,distressed_assets,1.1052611668904622,0,0.2354,31,3,1732,0,0.0,1664,12
-10.5,-126,12,126,distressed_assets,1.2199015617370605,0,0.2342,32,3,1732,0,0.0,1792,13
-10.335,-124.02000000000001,12,124,distressed_assets,1.2683573166529338,0,0.2331,39,3,1732,0,0.0,1920,14
-10.5,-126,12,126,distressed_assets,1.1538105805714924,0,0.2319,33,3,1732,0,0.0,2048,15
-10.583333333333334,-127,12,127,distressed_assets,1.1593916416168213,0,0.2307,25,3,1732,0,0.0,2176,16
-10.416666666666666,-125,12,125,distressed_assets,1.1820411682128906,0,0.2296,31,3,1732,0,0.0,2304,17
-10.416666666666666,-125,12,125,distressed_assets,1.1610699494679768,0,0.2284,32,3,1732,0,0.0,2432,18
-10.5,-126,12,126,distressed_assets,1.4044891595840454,0,0.2273,36,3,1732,0,0.0,2560,19
-10.666666666666666,-128,12,128,distressed_assets,1.168816606203715,0,0.2262,32,3,1732,0,0.0,2688,20
-10.5,-126,12,126,distressed_assets,2.2431302070617676,0,0.225,39,3,1732,0,0.0,2816,21
-10.4175,-125.01,12,125,distressed_assets,1.4072178999582927,0,0.2239,36,3,1732,0,0.0,2944,22
-10.583333333333334,-127,12,127,distressed_assets,1.1628522475560505,0,0.2228,22,3,1732,0,0.0,3072,23
-10.583333333333334,-127,12,127,distressed_assets,1.3476539850234985,0,0.2217,24,3,1732,0,0.0,3200,24
-10.5,-126,12,126,distressed_assets,1.2607508103052776,0,0.2206,29,3,1732,0,0.0,3328,25
-10.5,-126,12,126,distressed_assets,1.3099816640218098,0,0.2195,28,3,1732,0,0.0,3456,26
-10.583333333333334,-127,12,127,distressed_assets,1.121889352798462,0,0.2184,18,3,1732,0,0.0,3584,27
-10.333333333333334,-124,12,124,distressed_assets,1.1076815923055012,0,0.2173,37,3,1732,0,0.0,3712,28
-10.25,-123,12,123,distressed_assets,1.1282788515090942,0,0.2162,32,3,1732,0,0.0,3840,29
-10.184166666666668,-122.21000000000001,12,122,distressed_assets,1.0236232280731201,0,0.2151,23,3,1732,0,0.0,3968,30
-9.947500000000003,-119.37000000000003,12,119,distressed_assets,1.121518850326538,0,0.214,27,3,1732,0,0.0,4096,31
-9.844166666666668,-118.13000000000002,12,118,distressed_assets,1.1079471906026204,0,0.213,30,3,1732,0,0.0,4224,32
-9.943333333333333,-119.32000000000001,12,119,distressed_assets,1.0579891602198284,0,0.2119,20,3,1732,0,0.0,4352,33
-8.179166666666664,-98.14999999999996,12,97,distressed_assets,1.1774839957555134,0,0.2108,27,3,1732,0,0.0,4480,34
-9.4325,-113.19,12,113,distressed_assets,1.2542699972788494,0,0.2098,37,3,1732,0,0.0,4608,35
-10.583333333333334,-127,12,127,distressed_assets,1.2608795563379924,0,0.2087,28,3,1732,0,0.0,4736,36
-10.666666666666666,-128,12,128,distressed_assets,1.2028512159983318,0,0.2077,26,3,1732,0,0.0,4864,37
-10.5,-126,12,126,distressed_assets,1.243595838546753,0,0.2066,18,3,1732,0,0.0,4992,38
-10.431666666666667,-125.18,12,125,distressed_assets,1.1249831914901733,0,0.2056,35,3,1732,0,0.0,5120,39
-10.416666666666666,-125,12,125,distressed_assets,1.1103058258692424,0,0.2046,23,3,1732,0,0.0,5248,40
-10.416666666666666,-125,12,125,distressed_assets,1.1111887693405151,0,0.2036,31,3,1732,0,0.0,5376,41
-10.416666666666666,-125,12,125,distressed_assets,1.1494264205296834,0,0.2025,29,3,1732,0,0.0,5504,42
-10.583333333333334,-127,12,127,distressed_assets,1.121110240618388,0,0.2015,24,3,1732,0,0.0,5632,43
-10.583333333333334,-127,12,127,distressed_assets,1.2081824938456218,0,0.2005,24,3,1732,0,0.0,5760,44
-10.666666666666666,-128,12,128,distressed_assets,1.1634906927744548,0,0.1995,19,3,1732,0,0.0,5888,45
-10.333333333333334,-124,12,124,distressed_assets,1.1296116908391316,0,0.1985,26,3,1732,0,0.0,6016,46
-10.423333333333337,-125.08000000000004,12,125,distressed_assets,1.1482810974121094,0,0.1975,22,3,1732,0,0.0,6144,47
-10.583333333333334,-127,12,127,distressed_assets,1.207302490870158,0,0.1965,17,3,1732,0,0.0,6272,48
-10.333333333333334,-124,12,124,distressed_assets,1.1570661862691243,0,0.1956,27,3,1732,0,0.0,6400,49
-10.416666666666666,-125,12,125,distressed_assets,1.1458725134531658,0,0.1946,20,3,1732,0,0.0,6528,50
-10.666666666666666,-128,12,128,distressed_assets,1.5982377131779988,0,0.1936,27,3,1732,0,0.0,6656,51
-10.666666666666666,-128,12,128,distressed_assets,1.1610448360443115,0,0.1926,24,3,1732,0,0.0,6784,52
-10.583333333333334,-127,12,127,distressed_assets,1.1497283776601155,0,0.1917,23,3,1732,0,0.0,6912,53
-10.416666666666666,-125,12,125,distressed_assets,1.2357815106709797,0,0.1907,28,3,1732,0,0.0,7040,54
-10.416666666666666,-125,12,125,distressed_assets,1.8609572251637776,0,0.1898,26,3,1732,0,0.0,7168,55
-10.666666666666666,-128,12,128,distressed_assets,1.2405628363291423,0,0.1888,20,3,1732,0,0.0,7296,56
-10.666666666666666,-128,12,128,distressed_assets,1.2871875762939453,0,0.1879,15,3,1732,0,0.0,7424,57
-10.666666666666666,-128,12,128,distressed_assets,1.3395117123921711,0,0.1869,35,3,1732,0,0.0,7552,58
-10.583333333333334,-127,12,127,distressed_assets,1.6041938463846843,0,0.186,29,3,1732,0,0.0,7680,59
-10.5,-126,12,126,distressed_assets,1.1493556499481201,0,0.1851,21,3,1732,0,0.0,7808,60
-10.5,-126,12,126,distressed_assets,1.4083362023035686,0,0.1841,19,3,1732,0,0.0,7936,61
-10.583333333333334,-127,12,127,distressed_assets,1.2383092641830444,0,0.1832,21,3,1732,0,0.0,8064,62
-10.5,-126,12,126,distressed_assets,1.584039847056071,0,0.1823,25,3,1732,0,0.0,8192,63
-10.583333333333334,-127,12,127,distressed_assets,1.147277037302653,0,0.1814,19,3,1732,0,0.0,8320,64
-10.666666666666666,-128,12,128,distressed_assets,1.1894313494364421,0,0.1805,31,3,1732,0,0.0,8448,65
-10.666666666666666,-128,12,128,distressed_assets,1.293714205423991,0,0.1796,21,3,1732,0,0.0,8576,66
-10.5,-126,12,126,distressed_assets,1.1697157224019368,0,0.1787,15,3,1732,0,0.0,8704,67
-10.416666666666666,-125,12,125,distressed_assets,1.16048268477122,0,0.1778,26,3,1732,0,0.0,8832,68
-10.583333333333334,-127,12,127,distressed_assets,1.1125404437383015,0,0.1769,21,3,1732,0,0.0,8960,69
-10.666666666666666,-128,12,128,distressed_assets,1.1680560111999512,0,0.176,19,3,1732,0,0.0,9088,70
-10.416666666666666,-125,12,125,distressed_assets,1.0841896533966064,0,0.1751,15,3,1732,0,0.0,9216,71
-10.666666666666666,-128,12,128,distressed_assets,1.2768611113230388,0,0.1743,31,3,1732,0,0.0,9344,72
-10.333333333333334,-124,12,124,distressed_assets,1.121994415918986,0,0.1734,17,3,1732,0,0.0,9472,73
-10.5,-126,12,126,distressed_assets,1.1617982784907024,0,0.1725,19,3,1732,0,0.0,9600,74
-10.666666666666666,-128,12,128,distressed_assets,1.2041819890340169,0,0.1717,22,3,1732,0,0.0,9728,75
-10.416666666666666,-125,12,125,distressed_assets,1.200395107269287,0,0.1708,24,3,1732,0,0.0,9856,76
-10.5,-126,12,126,distressed_assets,1.1956226030985515,0,0.1699,30,3,1732,0,0.0,9984,77
-10.5,-126,12,126,distressed_assets,1.1338608264923096,0,0.1691,17,3,1732,0,0.0,10112,78
-10.5,-126,12,126,distressed_assets,1.1214638551076253,0,0.1683,13,3,1732,0,0.0,10240,79
-10.583333333333334,-127,12,127,distressed_assets,1.1452309290568035,0,0.1674,20,3,1732,0,0.0,10368,80
-10.666666666666666,-128,12,128,distressed_assets,1.2189395825068157,0,0.1666,20,3,1732,0,0.0,10496,81
-10.666666666666666,-128,12,128,distressed_assets,1.2157053152720134,0,0.1657,19,3,1732,0,0.0,10624,82
-10.666666666666666,-128,12,128,distressed_assets,1.9809232950210571,0,0.1649,18,3,1732,0,0.0,10752,83
-10.666666666666666,-128,12,128,distressed_assets,1.1707882483800252,0,0.1641,11,3,1732,0,0.0,10880,84
-10.5,-126,12,126,distressed_assets,1.17266047000885,0,0.1633,23,3,1732,0,0.0,11008,85
-10.5,-126,12,126,distressed_assets,1.1603453556696575,0,0.1625,22,3,1732,0,0.0,11136,86
-10.416666666666666,-125,12,125,distressed_assets,1.1459338665008545,0,0.1616,23,3,1732,0,0.0,11264,87
-10.5,-126,12,126,distressed_assets,1.1193346977233887,0,0.1608,26,3,1732,0,0.0,11392,88
-10.666666666666666,-128,12,128,distressed_assets,1.1820356448491414,0,0.16,12,3,1732,0,0.0,11520,89
-10.273333333333335,-123.28000000000002,12,123,distressed_assets,1.2933965921401978,0,0.1592,27,3,1732,0,0.0,11648,90
-10.583333333333334,-127,12,127,distressed_assets,1.1842280626296997,0,0.1584,16,3,1732,0,0.0,11776,91
-10.5,-126,12,126,distressed_assets,1.1479785442352295,0,0.1576,25,3,1732,0,0.0,11904,92
-10.666666666666666,-128,12,128,distressed_assets,1.1799002091089885,0,0.1569,17,3,1732,0,0.0,12032,93
-10.666666666666666,-128,12,128,distressed_assets,1.1775232156117756,0,0.1561,21,3,1732,0,0.0,12160,94
-10.333333333333334,-124,12,124,distressed_assets,1.1691588163375854,0,0.1553,17,3,1732,0,0.0,12288,95
-10.5,-126,12,126,distressed_assets,1.148608128229777,0,0.1545,20,3,1732,0,0.0,12416,96
-10.5,-126,12,126,distressed_assets,1.1701548894246419,0,0.1537,26,3,1732,0,0.0,12544,97
-10.5,-126,12,126,distressed_assets,1.126243233680725,0,0.153,20,3,1732,0,0.0,12672,98
-10.666666666666666,-128,12,128,distressed_assets,1.1092612346013386,0,0.1522,16,3,1732,0,0.0,12800,99
-10.333333333333334,-124,12,124,distressed_assets,1.116407831509908,0,0.25,27,4,1733,0,0.0,128,0
-10.5,-126,12,126,distressed_assets,1.150556484858195,0,0.2487,34,4,1733,0,0.0,256,1
-10.583333333333334,-127,12,127,distressed_assets,1.1979877551396687,0,0.2475,34,4,1733,0,0.0,384,2
-10.265,-123.18,12,123,distressed_assets,1.1203450361887615,0,0.2463,29,4,1733,0,0.0,512,3
-10.583333333333334,-127,12,127,distressed_assets,1.182941238085429,0,0.245,31,4,1733,0,0.0,640,4
-10.5,-126,12,126,distressed_assets,1.1213143269220989,0,0.2438,30,4,1733,0,0.0,768,5
-10.416666666666666,-125,12,125,distressed_assets,1.4457592169443767,0,0.2426,35,4,1733,0,0.0,896,6
-10.416666666666666,-125,12,125,distressed_assets,1.3413573106129963,0,0.2414,27,4,1733,0,0.0,1024,7
-10.583333333333334,-127,12,127,distressed_assets,1.1317557096481323,0,0.2402,24,4,1733,0,0.0,1152,8
-10.025833333333335,-120.31000000000002,12,120,distressed_assets,1.0875864426294963,0,0.239,26,4,1733,0,0.0,1280,9
-10.5,-126,12,126,distressed_assets,1.1517866849899292,0,0.2378,35,4,1733,0,0.0,1408,10
-10.25,-123,12,123,distressed_assets,1.2058748404184978,0,0.2366,37,4,1733,0,0.0,1536,11
-10.333333333333334,-124,12,124,distressed_assets,1.2174335718154907,0,0.2354,38,4,1733,0,0.0,1664,12
-10.25,-123,12,123,distressed_assets,1.20792822043101,0,0.2342,35,4,1733,0,0.0,1792,13
-10.251666666666667,-123.02000000000001,12,123,distressed_assets,1.5872533321380615,0,0.2331,23,4,1733,0,0.0,1920,14
-10.416666666666666,-125,12,125,distressed_assets,1.2183067003885906,0,0.2319,28,4,1733,0,0.0,2048,15
-9.754999999999999,-117.05999999999999,12,117,distressed_assets,1.1578970750172932,0,0.2307,22,4,1733,0,0.0,2176,16
-9.943333333333333,-119.32,12,119,distressed_assets,1.1403528849283855,0,0.2296,32,4,1733,0,0.0,2304,17
-8.485000000000001,-101.82000000000001,12,101,distressed_assets,0.8462120890617371,0,0.2284,31,4,1733,0,0.0,2432,18
-7.611666666666665,-91.33999999999997,12,90,distressed_assets,0.6892807086308798,0,0.2273,33,4,1733,0,0.0,2560,19
-7.73,-92.76,12,91,distressed_assets,0.6387331485748291,0,0.2262,28,4,1733,0,0.0,2688,20
-6.795833333333335,-81.55000000000003,12,79,distressed_assets,0.5947855114936829,0,0.225,34,4,1733,0,0.0,2816,21
-7.653333333333336,-91.84000000000003,12,90,distressed_assets,0.6461742719014486,0,0.2239,25,4,1733,0,0.0,2944,22
-7.370833333333341,-88.45000000000009,12,87,distressed_assets,0.517819861570994,0,0.2228,37,4,1733,0,0.0,3072,23
-6.813333333333332,-81.75999999999998,12,79,distressed_assets,0.4943999449412028,0,0.2217,28,4,1733,0,0.0,3200,24
-6.834166666666669,-82.01000000000003,12,80,distressed_assets,0.43841447432835895,0,0.2206,28,4,1733,0,0.0,3328,25
-6.74666666666667,-80.96000000000004,12,79,distressed_assets,0.34267981847127277,0,0.2195,31,4,1733,0,0.0,3456,26
-6.628333333333337,-79.54000000000005,12,77,distressed_assets,0.38651740550994873,0,0.2184,27,4,1733,0,0.0,3584,27
-6.367500000000004,-76.41000000000005,12,74,distressed_assets,0.3678855895996094,0,0.2173,19,4,1733,0,0.0,3712,28
-6.457500000000002,-77.49000000000002,12,75,distressed_assets,0.4517529408137004,0,0.2162,28,4,1733,0,0.0,3840,29
-7.1733333333333364,-86.08000000000004,12,84,distressed_assets,0.6402190128962199,0,0.2151,31,4,1733,0,0.0,3968,30
-6.447500000000002,-77.37000000000002,12,75,distressed_assets,0.34189916650454205,0,0.214,24,4,1733,0,0.0,4096,31
-6.403333333333339,-76.84000000000006,12,74,distressed_assets,0.5238029758135477,0,0.213,20,4,1733,0,0.0,4224,32
-6.6475,-79.77,12,77,distressed_assets,0.6154921452204386,0,0.2119,21,4,1733,0,0.0,4352,33
-6.578333333333338,-78.94000000000005,12,76,distressed_assets,0.5263447562853495,0,0.2108,24,4,1733,0,0.0,4480,34
-6.604166666666668,-79.25000000000001,12,76,distressed_assets,0.5893619060516357,0,0.2098,19,4,1733,0,0.0,4608,35
-7.661666666666664,-91.93999999999997,12,90,distressed_assets,0.5348427891731262,0,0.2087,24,4,1733,0,0.0,4736,36
-6.8675,-82.41,12,80,distressed_assets,0.47094330191612244,0,0.2077,21,4,1733,0,0.0,4864,37
-7.181666666666666,-86.17999999999999,12,84,distressed_assets,0.4729451835155487,0,0.2066,23,4,1733,0,0.0,4992,38
-6.629166666666666,-79.55,12,77,distressed_assets,0.415663739045461,0,0.2056,30,4,1733,0,0.0,5120,39
-6.674999999999996,-80.09999999999995,12,77,distressed_assets,0.5132893919944763,0,0.2046,18,4,1733,0,0.0,5248,40
-6.62333333333333,-79.47999999999996,12,76,distressed_assets,0.4197165866692861,0,0.2036,23,4,1733,0,0.0,5376,41
-6.555000000000003,-78.66000000000004,12,76,distressed_assets,0.6653838952382406,0,0.2025,36,4,1733,0,0.0,5504,42
-6.8725,-82.47,12,80,distressed_assets,0.5492392977078756,0,0.2015,30,4,1733,0,0.0,5632,43
-8.969166666666666,-107.63,12,107,distressed_assets,1.0284649928410847,0,0.2005,30,4,1733,0,0.0,5760,44
-7.7075000000000005,-92.49000000000001,12,91,distressed_assets,0.621137817700704,0,0.1995,23,4,1733,0,0.0,5888,45
-7.363333333333332,-88.35999999999999,12,86,distressed_assets,0.5413581728935242,0,0.1985,31,4,1733,0,0.0,6016,46
-6.503333333333333,-78.03999999999999,12,75,distressed_assets,0.6030338009198507,0,0.1975,29,4,1733,0,0.0,6144,47
-7.625000000000003,-91.50000000000003,12,90,distressed_assets,0.6402574976285299,0,0.1965,22,4,1733,0,0.0,6272,48
-7.590833333333339,-91.09000000000006,12,90,distressed_assets,0.5742987394332886,0,0.1956,20,4,1733,0,0.0,6400,49
-6.706666666666671,-80.48000000000006,12,78,distressed_assets,0.4039605955282847,0,0.1946,24,4,1733,0,0.0,6528,50
-7.0925,-85.11,12,83,distressed_assets,0.5387111902236938,0,0.1936,23,4,1733,0,0.0,6656,51
-6.582500000000004,-78.99000000000005,12,77,distressed_assets,0.4488435387611389,0,0.1926,29,4,1733,0,0.0,6784,52
-6.5566666666666675,-78.68,12,76,distressed_assets,0.36067482829093933,0,0.1917,27,4,1733,0,0.0,6912,53
-6.474999999999995,-77.69999999999995,12,75,distressed_assets,0.4757481316725413,0,0.1907,22,4,1733,0,0.0,7040,54
-6.569166666666672,-78.83000000000007,12,76,distressed_assets,0.4176541765530904,0,0.1898,14,4,1733,0,0.0,7168,55
-6.563333333333339,-78.76000000000006,12,76,distressed_assets,0.5819582939147949,0,0.1888,24,4,1733,0,0.0,7296,56
-6.615833333333328,-79.38999999999994,12,76,distressed_assets,0.4375469783941905,0,0.1879,24,4,1733,0,0.0,7424,57
-7.266666666666663,-87.19999999999996,12,84,distressed_assets,0.7075446844100952,0,0.1869,28,4,1733,0,0.0,7552,58
-6.584999999999996,-79.01999999999995,12,76,distressed_assets,0.41797029972076416,0,0.186,26,4,1733,0,0.0,7680,59
-6.506666666666665,-78.07999999999998,12,75,distressed_assets,0.4347879985968272,0,0.1851,20,4,1733,0,0.0,7808,60
-6.474166666666672,-77.69000000000007,12,75,distressed_assets,0.42588122685750324,0,0.1841,12,4,1733,0,0.0,7936,61
-6.917499999999997,-83.00999999999996,12,80,distressed_assets,0.5359024206797282,0,0.1832,26,4,1733,0,0.0,8064,62
-6.256666666666672,-75.08000000000007,12,72,distressed_assets,0.4315713346004486,0,0.1823,32,4,1733,0,0.0,8192,63
-6.4283333333333355,-77.14000000000003,12,74,distressed_assets,0.44014252225557965,0,0.1814,25,4,1733,0,0.0,8320,64
-6.500000000000007,-78.00000000000009,12,75,distressed_assets,0.5018039147059122,0,0.1805,22,4,1733,0,0.0,8448,65
-6.590000000000004,-79.08000000000006,12,76,distressed_assets,0.4735744694868724,0,0.1796,15,4,1733,0,0.0,8576,66
-6.56333333333334,-78.76000000000008,12,76,distressed_assets,0.45406994223594666,0,0.1787,26,4,1733,0,0.0,8704,67
-6.577500000000005,-78.93000000000006,12,76,distressed_assets,0.5597946842511495,0,0.1778,19,4,1733,0,0.0,8832,68
-6.265000000000001,-75.18,12,72,distressed_assets,0.3769671122233073,0,0.1769,18,4,1733,0,0.0,8960,69
-6.7633333333333345,-81.16000000000001,12,78,distressed_assets,0.519223153591156,0,0.176,30,4,1733,0,0.0,9088,70
-6.861666666666665,-82.33999999999997,12,79,distressed_assets,0.4605055848757426,0,0.1751,16,4,1733,0,0.0,9216,71
-7.675,-92.1,12,90,distressed_assets,0.6486645539601644,0,0.1743,27,4,1733,0,0.0,9344,72
-7.439999999999997,-89.27999999999996,12,87,distressed_assets,0.4672303994496663,0,0.1734,19,4,1733,0,0.0,9472,73
-6.6983333333333315,-80.37999999999998,12,78,distressed_assets,0.4375165005524953,0,0.1725,18,4,1733,0,0.0,9600,74
-6.845833333333331,-82.14999999999998,12,79,distressed_assets,0.405538668235143,0,0.1717,24,4,1733,0,0.0,9728,75
-6.694999999999997,-80.33999999999996,12,76,distressed_assets,0.4711099863052368,0,0.1708,12,4,1733,0,0.0,9856,76
-6.6383333333333345,-79.66000000000001,12,77,distressed_assets,0.33378124237060547,0,0.1699,25,4,1733,0,0.0,9984,77
-6.610833333333332,-79.32999999999998,12,75,distressed_assets,0.48196818431218463,0,0.1691,22,4,1733,0,0.0,10112,78
-6.649999999999994,-79.79999999999993,12,76,distressed_assets,0.44247504075368244,0,0.1683,14,4,1733,0,0.0,10240,79
-6.3591666666666695,-76.31000000000003,12,73,distressed_assets,0.4282366931438446,0,0.1674,28,4,1733,0,0.0,10368,80
-6.591666666666671,-79.10000000000005,12,76,distressed_assets,0.4379466970761617,0,0.1666,17,4,1733,0,0.0,10496,81
-6.5966666666666685,-79.16000000000003,12,76,distressed_assets,0.4636568824450175,0,0.1657,24,4,1733,0,0.0,10624,82
-6.4283333333333355,-77.14000000000003,12,74,distressed_assets,0.4957634011904399,0,0.1649,26,4,1733,0,0.0,10752,83
-6.617500000000008,-79.4100000000001,12,77,distressed_assets,0.5666263103485107,0,0.1641,20,4,1733,0,0.0,10880,84
-6.6016666666666675,-79.22000000000001,12,76,distressed_assets,0.5946847399075826,0,0.1633,31,4,1733,0,0.0,11008,85
-6.596666666666671,-79.16000000000005,12,76,distressed_assets,0.5506169398625692,0,0.1625,17,4,1733,0,0.0,11136,86
-6.603333333333336,-79.24000000000004,12,76,distressed_assets,0.5041261116663615,0,0.1616,18,4,1733,0,0.0,11264,87
-6.592499999999997,-79.10999999999996,12,76,distressed_assets,0.423162321249644,0,0.1608,17,4,1733,0,0.0,11392,88
-6.62083333333333,-79.44999999999996,12,76,distressed_assets,0.4737096031506856,0,0.16,19,4,1733,0,0.0,11520,89
-6.555000000000002,-78.66000000000003,12,76,distressed_assets,0.5185854434967041,0,0.1592,23,4,1733,0,0.0,11648,90
-6.575000000000003,-78.90000000000003,12,76,distressed_assets,0.3954279621442159,0,0.1584,20,4,1733,0,0.0,11776,91
-6.482500000000006,-77.79000000000008,12,75,distressed_assets,0.5459439357121786,0,0.1576,22,4,1733,0,0.0,11904,92
-6.260000000000004,-75.12000000000005,12,72,distressed_assets,0.4111158549785614,0,0.1569,16,4,1733,0,0.0,12032,93
-6.82583333333334,-81.91000000000008,12,80,distressed_assets,0.7655693888664246,0,0.1561,25,4,1733,0,0.0,12160,94
-9.843333333333334,-118.12,12,118,distressed_assets,1.0593255360921223,0,0.1553,22,4,1733,0,0.0,12288,95
-7.748333333333336,-92.98000000000003,12,92,distressed_assets,0.6322300434112549,0,0.1545,28,4,1733,0,0.0,12416,96
-6.8158333333333365,-81.79000000000003,12,80,distressed_assets,0.4813314477602641,0,0.1537,23,4,1733,0,0.0,12544,97
-6.536666666666669,-78.44000000000003,12,76,distressed_assets,0.3776215116182963,0,0.153,26,4,1733,0,0.0,12672,98
-6.312500000000006,-75.75000000000007,12,73,distressed_assets,0.38636211554209393,0,0.1522,16,4,1733,0,0.0,12800,99
-10.583333333333334,-127,12,127,distressed_assets,1.1722314755121868,0,0.25,28,5,1734,0,0.0,128,0
-10.583333333333334,-127,12,127,distressed_assets,1.1816311279932659,0,0.2487,36,5,1734,0,0.0,256,1
-10.583333333333334,-127,12,127,distressed_assets,1.2562652031580608,0,0.2475,35,5,1734,0,0.0,384,2
-10.416666666666666,-125,12,125,distressed_assets,1.2098966042200725,0,0.2463,27,5,1734,0,0.0,512,3
-10.416666666666666,-125,12,125,distressed_assets,1.1296183665593464,0,0.245,29,5,1734,0,0.0,640,4
-10.5,-126,12,126,distressed_assets,1.1371200879414876,0,0.2438,32,5,1734,0,0.0,768,5
-10.416666666666666,-125,12,125,distressed_assets,1.2517636219660442,0,0.2426,30,5,1734,0,0.0,896,6
-10.5,-126,12,126,distressed_assets,1.1683836778004963,0,0.2414,32,5,1734,0,0.0,1024,7
-10.583333333333334,-127,12,127,distressed_assets,1.5036780436833699,0,0.2402,29,5,1734,0,0.0,1152,8
-10.583333333333334,-127,12,127,distressed_assets,1.1479864915211995,0,0.239,27,5,1734,0,0.0,1280,9
-10.583333333333334,-127,12,127,distressed_assets,1.2520211537679036,0,0.2378,33,5,1734,0,0.0,1408,10
-10.416666666666666,-125,12,125,distressed_assets,1.2328912417093914,0,0.2366,27,5,1734,0,0.0,1536,11
-10.351666666666668,-124.22000000000001,12,124,distressed_assets,1.3682440916697185,0,0.2354,31,5,1734,0,0.0,1664,12
-10.583333333333334,-127,12,127,distressed_assets,1.2675166130065918,0,0.2342,30,5,1734,0,0.0,1792,13
-10.416666666666666,-125,12,125,distressed_assets,1.1000317732493083,0,0.2331,24,5,1734,0,0.0,1920,14
-10.424166666666666,-125.09,12,125,distressed_assets,1.1142740646998088,0,0.2319,27,5,1734,0,0.0,2048,15
-10.25,-123,12,123,distressed_assets,1.1380486885706584,0,0.2307,33,5,1734,0,0.0,2176,16
-10.666666666666666,-128,12,128,distressed_assets,1.1409385601679485,0,0.2296,17,5,1734,0,0.0,2304,17
-10.348333333333334,-124.18,12,124,distressed_assets,1.1774240732192993,0,0.2284,26,5,1734,0,0.0,2432,18
-10.583333333333334,-127,12,127,distressed_assets,1.2511250575383503,0,0.2273,29,5,1734,0,0.0,2560,19
-10.416666666666666,-125,12,125,distressed_assets,1.1603204011917114,0,0.2262,34,5,1734,0,0.0,2688,20
-10.416666666666666,-125,12,125,distressed_assets,1.1862985690434773,0,0.225,32,5,1734,0,0.0,2816,21
-10.416666666666666,-125,12,125,distressed_assets,1.1611576080322266,0,0.2239,27,5,1734,0,0.0,2944,22
-10.583333333333334,-127,12,127,distressed_assets,1.1635458866755168,0,0.2228,24,5,1734,0,0.0,3072,23
-10.416666666666666,-125,12,125,distressed_assets,1.322563926378886,0,0.2217,29,5,1734,0,0.0,3200,24
-10.583333333333334,-127,12,127,distressed_assets,1.2539490858713787,0,0.2206,33,5,1734,0,0.0,3328,25
-10.416666666666666,-125,12,125,distressed_assets,1.0673155784606934,0,0.2195,29,5,1734,0,0.0,3456,26
-10.666666666666666,-128,12,128,distressed_assets,1.2921140591303508,0,0.2184,32,5,1734,0,0.0,3584,27
-10.421666666666665,-125.05999999999999,12,125,distressed_assets,1.38716455300649,0,0.2173,33,5,1734,0,0.0,3712,28
-10.666666666666666,-128,12,128,distressed_assets,1.2852676312128704,0,0.2162,29,5,1734,0,0.0,3840,29
-10.5,-126,12,126,distressed_assets,1.1577101945877075,0,0.2151,29,5,1734,0,0.0,3968,30
-10.505,-126.06,12,126,distressed_assets,1.1237157980600994,0,0.214,30,5,1734,0,0.0,4096,31
-10.583333333333334,-127,12,127,distressed_assets,1.215441068013509,0,0.213,26,5,1734,0,0.0,4224,32
-10.583333333333334,-127,12,127,distressed_assets,1.21247398853302,0,0.2119,26,5,1734,0,0.0,4352,33
-10.5,-126,12,126,distressed_assets,1.2784193356831868,0,0.2108,30,5,1734,0,0.0,4480,34
-10.666666666666666,-128,12,128,distressed_assets,1.2327345609664917,0,0.2098,26,5,1734,0,0.0,4608,35
-10.416666666666666,-125,12,125,distressed_assets,1.117957313855489,0,0.2087,25,5,1734,0,0.0,4736,36
-10.666666666666666,-128,12,128,distressed_assets,1.3437730471293132,0,0.2077,27,5,1734,0,0.0,4864,37
-10.583333333333334,-127,12,127,distressed_assets,1.2056806882222493,0,0.2066,26,5,1734,0,0.0,4992,38
-10.666666666666666,-128,12,128,distressed_assets,1.3494922717412312,0,0.2056,28,5,1734,0,0.0,5120,39
-10.416666666666666,-125,12,125,distressed_assets,1.1135571797688801,0,0.2046,22,5,1734,0,0.0,5248,40
-10.583333333333334,-127,12,127,distressed_assets,1.1410401264826457,0,0.2036,20,5,1734,0,0.0,5376,41
-10.666666666666666,-128,12,128,distressed_assets,1.1842962900797527,0,0.2025,27,5,1734,0,0.0,5504,42
-10.5,-126,12,126,distressed_assets,1.1399789253870647,0,0.2015,24,5,1734,0,0.0,5632,43
-10.333333333333334,-124,12,124,distressed_assets,1.2171347935994465,0,0.2005,27,5,1734,0,0.0,5760,44
-10.5,-126,12,126,distressed_assets,1.2005295356114705,0,0.1995,17,5,1734,0,0.0,5888,45
-10.416666666666666,-125,12,125,distressed_assets,1.2297385533650715,0,0.1985,24,5,1734,0,0.0,6016,46
-10.416666666666666,-125,12,125,distressed_assets,1.2871923844019573,0,0.1975,31,5,1734,0,0.0,6144,47
-10.666666666666666,-128,12,128,distressed_assets,1.1917390028635662,0,0.1965,29,5,1734,0,0.0,6272,48
-10.666666666666666,-128,12,128,distressed_assets,1.2937157154083252,0,0.1956,27,5,1734,0,0.0,6400,49
-10.5,-126,12,126,distressed_assets,1.3589123884836833,0,0.1946,24,5,1734,0,0.0,6528,50
-10.416666666666666,-125,12,125,distressed_assets,1.1570566892623901,0,0.1936,34,5,1734,0,0.0,6656,51
-10.429166666666667,-125.15,12,125,distressed_assets,1.151385227839152,0,0.1926,25,5,1734,0,0.0,6784,52
-10.333333333333334,-124,12,124,distressed_assets,1.0874355634053547,0,0.1917,17,5,1734,0,0.0,6912,53
-10.5,-126,12,126,distressed_assets,1.1823717753092449,0,0.1907,23,5,1734,0,0.0,7040,54
-10.262500000000001,-123.15,12,123,distressed_assets,1.276034951210022,0,0.1898,25,5,1734,0,0.0,7168,55
-10.583333333333334,-127,12,127,distressed_assets,1.3160265286763508,0,0.1888,22,5,1734,0,0.0,7296,56
-10.416666666666666,-125,12,125,distressed_assets,1.253738562266032,0,0.1879,27,5,1734,0,0.0,7424,57
-10.416666666666666,-125,12,125,distressed_assets,1.3985487620035808,0,0.1869,28,5,1734,0,0.0,7552,58
-10.5,-126,12,126,distressed_assets,1.1428373257319133,0,0.186,24,5,1734,0,0.0,7680,59
-10.583333333333334,-127,12,127,distressed_assets,1.4187634785970051,0,0.1851,21,5,1734,0,0.0,7808,60
-10.583333333333334,-127,12,127,distressed_assets,1.1317355235417683,0,0.1841,21,5,1734,0,0.0,7936,61
-10.25,-123,12,123,distressed_assets,1.0632413228352864,0,0.1832,24,5,1734,0,0.0,8064,62
-10.5,-126,12,126,distressed_assets,1.26831849416097,0,0.1823,25,5,1734,0,0.0,8192,63
-9.841666666666667,-118.10000000000001,12,118,distressed_assets,1.0267642339070637,0,0.1814,22,5,1734,0,0.0,8320,64
-9.755833333333335,-117.07000000000002,12,117,distressed_assets,0.9622716108957926,0,0.1805,17,5,1734,0,0.0,8448,65
-10.175833333333335,-122.11000000000001,12,122,distressed_assets,1.058340311050415,0,0.1796,24,5,1734,0,0.0,8576,66
-9.675000000000002,-116.10000000000002,12,116,distressed_assets,0.9466275374094645,0,0.1787,21,5,1734,0,0.0,8704,67
-9.133333333333335,-109.60000000000001,12,109,distressed_assets,0.7690484722455343,0,0.1778,26,5,1734,0,0.0,8832,68
-9.045000000000003,-108.54000000000003,12,108,distressed_assets,0.7802051107088724,0,0.1769,18,5,1734,0,0.0,8960,69
-7.153333333333335,-85.84000000000002,12,84,distressed_assets,0.4600057105223338,0,0.176,16,5,1734,0,0.0,9088,70
-8.317500000000004,-99.81000000000004,12,99,distressed_assets,0.7116574048995972,0,0.1751,30,5,1734,0,0.0,9216,71
-7.196666666666669,-86.36000000000003,12,85,distressed_assets,0.4739605188369751,0,0.1743,20,5,1734,0,0.0,9344,72
-6.623333333333336,-79.48000000000003,12,77,distressed_assets,0.4838881492614746,0,0.1734,18,5,1734,0,0.0,9472,73
-6.8400000000000025,-82.08000000000003,12,80,distressed_assets,0.4105060597260793,0,0.1725,19,5,1734,0,0.0,9600,74
-6.981666666666668,-83.78000000000002,12,82,distressed_assets,0.5780676404635111,0,0.1717,21,5,1734,0,0.0,9728,75
-6.760833333333334,-81.13000000000001,12,79,distressed_assets,0.4029345413049062,0,0.1708,26,5,1734,0,0.0,9856,76
-6.227500000000004,-74.73000000000005,12,72,distressed_assets,0.3678174614906311,0,0.1699,21,5,1734,0,0.0,9984,77
-5.893333333333338,-70.72000000000006,12,68,distressed_assets,0.3398296932379405,0,0.1691,14,5,1734,0,0.0,10112,78
-6.69083333333334,-80.29000000000008,12,79,distressed_assets,0.7343780597050985,0,0.1683,19,5,1734,0,0.0,10240,79
-6.485833333333336,-77.83000000000003,12,76,distressed_assets,0.4014105300108592,0,0.1674,13,5,1734,0,0.0,10368,80
-5.890000000000005,-70.68000000000006,12,68,distressed_assets,0.3660194476445516,0,0.1666,22,5,1734,0,0.0,10496,81
-6.713333333333336,-80.56000000000003,12,79,distressed_assets,0.6398106813430786,0,0.1657,24,5,1734,0,0.0,10624,82
-6.044166666666672,-72.53000000000006,12,70,distressed_assets,0.3136698603630066,0,0.1649,21,5,1734,0,0.0,10752,83
-6.884166666666672,-82.61000000000006,12,81,distressed_assets,0.5354856650034586,0,0.1641,27,5,1734,0,0.0,10880,84
-6.181666666666672,-74.18000000000006,12,72,distressed_assets,0.4055412213007609,0,0.1633,16,5,1734,0,0.0,11008,85
-6.429999999999999,-77.15999999999998,12,75,distressed_assets,0.5087425311406454,0,0.1625,26,5,1734,0,0.0,11136,86
-5.785000000000005,-69.42000000000006,12,67,distressed_assets,0.5338062445322672,0,0.1616,19,5,1734,0,0.0,11264,87
-6.21250000000001,-74.55000000000013,12,72,distressed_assets,0.4234480957190196,0,0.1608,27,5,1734,0,0.0,11392,88
-6.643333333333338,-79.72000000000006,12,78,distressed_assets,0.46397199233373004,0,0.16,17,5,1734,0,0.0,11520,89
-5.839166666666674,-70.07000000000009,12,68,distressed_assets,0.26273126403490704,0,0.1592,25,5,1734,0,0.0,11648,90
-6.022500000000004,-72.27000000000005,12,70,distressed_assets,0.3980279862880707,0,0.1584,23,5,1734,0,0.0,11776,91
-5.794166666666674,-69.53000000000009,12,67,distressed_assets,0.5373836159706116,0,0.1576,17,5,1734,0,0.0,11904,92
-6.640000000000005,-79.68000000000006,12,78,distressed_assets,0.6083760261535645,0,0.1569,19,5,1734,0,0.0,12032,93
-6.2491666666666665,-74.99,12,72,distressed_assets,0.38813234368960065,0,0.1561,24,5,1734,0,0.0,12160,94
-6.520833333333333,-78.25,12,77,distressed_assets,0.48412294189135235,0,0.1553,19,5,1734,0,0.0,12288,95
-6.13666666666667,-73.64000000000004,12,71,distressed_assets,0.4357813000679016,0,0.1545,24,5,1734,0,0.0,12416,96
-6.161666666666669,-73.94000000000003,12,72,distressed_assets,0.5256653825441996,0,0.1537,20,5,1734,0,0.0,12544,97
-6.591666666666669,-79.10000000000002,12,77,distressed_assets,0.5151485999425253,0,0.153,23,5,1734,0,0.0,12672,98
-5.991666666666671,-71.90000000000005,12,69,distressed_assets,0.3956398665904999,0,0.1522,20,5,1734,0,0.0,12800,99
-10.583333333333334,-127,12,127,distressed_assets,5.206101735432942,0,0.25,32,6,1735,0,0.0,128,0
-10.583333333333334,-127,12,127,distressed_assets,1.3045000831286113,0,0.2487,22,6,1735,0,0.0,256,1
-10.416666666666666,-125,12,125,distressed_assets,1.190921465555827,0,0.2475,36,6,1735,0,0.0,384,2
-10.583333333333334,-127,12,127,distressed_assets,1.157767375310262,0,0.2463,30,6,1735,0,0.0,512,3
-10.5,-126,12,126,distressed_assets,1.1356911261876423,0,0.245,35,6,1735,0,0.0,640,4
-10.583333333333334,-127,12,127,distressed_assets,1.1589175462722778,0,0.2438,33,6,1735,0,0.0,768,5
-10.5,-126,12,126,distressed_assets,1.1600633064905803,0,0.2426,29,6,1735,0,0.0,896,6
-10.166666666666666,-122,12,122,distressed_assets,1.0530157486597698,0,0.2414,36,6,1735,0,0.0,1024,7
-10.255,-123.06,12,123,distressed_assets,1.6955153544743855,0,0.2402,38,6,1735,0,0.0,1152,8
-10.583333333333334,-127,12,127,distressed_assets,1.274933656056722,0,0.239,26,6,1735,0,0.0,1280,9
-10.583333333333334,-127,12,127,distressed_assets,1.2038373947143555,0,0.2378,37,6,1735,0,0.0,1408,10
-10.174166666666666,-122.09,12,122,distressed_assets,1.8442673683166504,0,0.2366,39,6,1735,0,0.0,1536,11
-10.666666666666666,-128,12,128,distressed_assets,1.2948825756708782,0,0.2354,28,6,1735,0,0.0,1664,12
-10.416666666666666,-125,12,125,distressed_assets,1.126585841178894,0,0.2342,27,6,1735,0,0.0,1792,13
-10.5,-126,12,126,distressed_assets,1.3146156867345173,0,0.2331,30,6,1735,0,0.0,1920,14
-10.583333333333334,-127,12,127,distressed_assets,1.2852933009465535,0,0.2319,28,6,1735,0,0.0,2048,15
-10.416666666666666,-125,12,125,distressed_assets,1.1795040369033813,0,0.2307,36,6,1735,0,0.0,2176,16
-10.416666666666666,-125,12,125,distressed_assets,1.139512300491333,0,0.2296,26,6,1735,0,0.0,2304,17
-10.583333333333334,-127,12,127,distressed_assets,1.206871747970581,0,0.2284,35,6,1735,0,0.0,2432,18
-10.333333333333334,-124,12,124,distressed_assets,1.1272071599960327,0,0.2273,23,6,1735,0,0.0,2560,19
-10.333333333333334,-124,12,124,distressed_assets,1.1813509066899617,0,0.2262,29,6,1735,0,0.0,2688,20
-10.5,-126,12,126,distressed_assets,1.7352301677068074,0,0.225,36,6,1735,0,0.0,2816,21
-10.666666666666666,-128,12,128,distressed_assets,1.2748454809188843,0,0.2239,32,6,1735,0,0.0,2944,22
-10.5,-126,12,126,distressed_assets,1.1301424900690715,0,0.2228,25,6,1735,0,0.0,3072,23
-10.515,-126.18,12,126,distressed_assets,1.1365597248077393,0,0.2217,20,6,1735,0,0.0,3200,24
-10.5,-126,12,126,distressed_assets,1.1612510681152344,0,0.2206,29,6,1735,0,0.0,3328,25
-10.5,-126,12,126,distressed_assets,1.3045109113057454,0,0.2195,29,6,1735,0,0.0,3456,26
-10.5,-126,12,126,distressed_assets,1.5003220240275066,0,0.2184,34,6,1735,0,0.0,3584,27
-10.265833333333335,-123.19000000000001,12,123,distressed_assets,1.1274747451146443,0,0.2173,29,6,1735,0,0.0,3712,28
-10.666666666666666,-128,12,128,distressed_assets,1.1716827551523845,0,0.2162,20,6,1735,0,0.0,3840,29
-10.2675,-123.21000000000001,12,123,distressed_assets,1.12112295627594,0,0.2151,21,6,1735,0,0.0,3968,30
-10.024166666666668,-120.29,12,120,distressed_assets,1.080729881922404,0,0.214,26,6,1735,0,0.0,4096,31
-10.425833333333335,-125.11000000000001,12,125,distressed_assets,1.129165808359782,0,0.213,23,6,1735,0,0.0,4224,32
-10.115833333333335,-121.39000000000001,12,121,distressed_assets,1.0803622404734294,0,0.2119,32,6,1735,0,0.0,4352,33
-9.953333333333333,-119.44,12,119,distressed_assets,1.2333457469940186,0,0.2108,22,6,1735,0,0.0,4480,34
-10.51,-126.12,12,126,distressed_assets,1.1644193728764851,0,0.2098,19,6,1735,0,0.0,4608,35
-10.18,-122.16,12,122,distressed_assets,1.0991394917170207,0,0.2087,23,6,1735,0,0.0,4736,36
-9.87,-118.44,12,118,distressed_assets,1.0059976975123088,0,0.2077,21,6,1735,0,0.0,4864,37
-10.185,-122.22,12,122,distressed_assets,1.2255338033040364,0,0.2066,27,6,1735,0,0.0,4992,38
-10.583333333333334,-127,12,127,distressed_assets,1.2105604410171509,0,0.2056,34,6,1735,0,0.0,5120,39
-10.5,-126,12,126,distressed_assets,1.1575429439544678,0,0.2046,23,6,1735,0,0.0,5248,40
-10.5,-126,12,126,distressed_assets,1.176951011021932,0,0.2036,27,6,1735,0,0.0,5376,41
-10.416666666666666,-125,12,125,distressed_assets,1.7565884192784627,0,0.2025,34,6,1735,0,0.0,5504,42
-10.666666666666666,-128,12,128,distressed_assets,1.188462257385254,0,0.2015,29,6,1735,0,0.0,5632,43
-10.340833333333334,-124.09,12,124,distressed_assets,1.1739753882090251,0,0.2005,30,6,1735,0,0.0,5760,44
-10.198333333333336,-122.38000000000004,12,122,distressed_assets,1.049740195274353,0,0.1995,29,6,1735,0,0.0,5888,45
-10.583333333333334,-127,12,127,distressed_assets,1.2379783391952515,0,0.1985,20,6,1735,0,0.0,6016,46
-10.666666666666666,-128,12,128,distressed_assets,1.1625449657440186,0,0.1975,19,6,1735,0,0.0,6144,47
-10.335833333333333,-124.03,12,124,distressed_assets,1.1612537304560344,0,0.1965,27,6,1735,0,0.0,6272,48
-10.666666666666666,-128,12,128,distressed_assets,1.1474884351094563,0,0.1956,24,6,1735,0,0.0,6400,49
-10.583333333333334,-127,12,127,distressed_assets,1.202813943227132,0,0.1946,24,6,1735,0,0.0,6528,50
-10.666666666666666,-128,12,128,distressed_assets,1.1993781725565593,0,0.1936,25,6,1735,0,0.0,6656,51
-10.583333333333334,-127,12,127,distressed_assets,1.331473668416341,0,0.1926,19,6,1735,0,0.0,6784,52
-10.666666666666666,-128,12,128,distressed_assets,1.1924383640289307,0,0.1917,16,6,1735,0,0.0,6912,53
-10.666666666666666,-128,12,128,distressed_assets,1.248670180638631,0,0.1907,25,6,1735,0,0.0,7040,54
-10.666666666666666,-128,12,128,distressed_assets,1.2389421065648396,0,0.1898,28,6,1735,0,0.0,7168,55
-10.430833333333334,-125.17000000000002,12,125,distressed_assets,1.2235281467437744,0,0.1888,27,6,1735,0,0.0,7296,56
-10.666666666666666,-128,12,128,distressed_assets,1.1530392964680989,0,0.1879,24,6,1735,0,0.0,7424,57
-10.5025,-126.03,12,126,distressed_assets,1.2403441667556763,0,0.1869,33,6,1735,0,0.0,7552,58
-10.424166666666666,-125.09,12,125,distressed_assets,1.1592982212702434,0,0.186,18,6,1735,0,0.0,7680,59
-10.583333333333334,-127,12,127,distressed_assets,1.1660735607147217,0,0.1851,22,6,1735,0,0.0,7808,60
-10.583333333333334,-127,12,127,distressed_assets,1.1758006811141968,0,0.1841,21,6,1735,0,0.0,7936,61
-10.583333333333334,-127,12,127,distressed_assets,1.2353588740030925,0,0.1832,26,6,1735,0,0.0,8064,62
-10.666666666666666,-128,12,128,distressed_assets,1.2305996815363567,0,0.1823,19,6,1735,0,0.0,8192,63
-9.960833333333332,-119.52999999999997,12,119,distressed_assets,1.0043007731437683,0,0.1814,28,6,1735,0,0.0,8320,64
-10.049999999999999,-120.6,12,120,distressed_assets,1.066107710202535,0,0.1805,26,6,1735,0,0.0,8448,65
-10.583333333333334,-127,12,127,distressed_assets,1.2605517307917278,0,0.1796,28,6,1735,0,0.0,8576,66
-10.5,-126,12,126,distressed_assets,1.1864169438680012,0,0.1787,31,6,1735,0,0.0,8704,67
-10.5,-126,12,126,distressed_assets,1.2159489393234253,0,0.1778,18,6,1735,0,0.0,8832,68
-10.5,-126,12,126,distressed_assets,1.1259174744288127,0,0.1769,19,6,1735,0,0.0,8960,69
-10.583333333333334,-127,12,127,distressed_assets,1.177858034769694,0,0.176,20,6,1735,0,0.0,9088,70
-10.505833333333337,-126.07000000000004,12,126,distressed_assets,1.2910554806391399,0,0.1751,29,6,1735,0,0.0,9216,71
-10.583333333333334,-127,12,127,distressed_assets,1.1957306464513142,0,0.1743,21,6,1735,0,0.0,9344,72
-10.583333333333334,-127,12,127,distressed_assets,1.25763734181722,0,0.1734,25,6,1735,0,0.0,9472,73
-10.583333333333334,-127,12,127,distressed_assets,1.3885648647944133,0,0.1725,20,6,1735,0,0.0,9600,74
-10.666666666666666,-128,12,128,distressed_assets,1.243249773979187,0,0.1717,21,6,1735,0,0.0,9728,75
-10.358333333333334,-124.30000000000001,12,124,distressed_assets,1.138973633448283,0,0.1708,23,6,1735,0,0.0,9856,76
-10.583333333333334,-127,12,127,distressed_assets,1.1649065812428792,0,0.1699,29,6,1735,0,0.0,9984,77
-10.416666666666666,-125,12,125,distressed_assets,1.1066257953643799,0,0.1691,23,6,1735,0,0.0,10112,78
-10.416666666666666,-125,12,125,distressed_assets,1.1429216861724854,0,0.1683,24,6,1735,0,0.0,10240,79
-10.583333333333334,-127,12,127,distressed_assets,1.172336181004842,0,0.1674,24,6,1735,0,0.0,10368,80
-10.416666666666666,-125,12,125,distressed_assets,1.1159305969874065,0,0.1666,28,6,1735,0,0.0,10496,81
-10.583333333333334,-127,12,127,distressed_assets,1.175579349199931,0,0.1657,27,6,1735,0,0.0,10624,82
-10.5,-126,12,126,distressed_assets,1.1504260301589966,0,0.1649,21,6,1735,0,0.0,10752,83
-10.424166666666666,-125.09,12,125,distressed_assets,1.165177305539449,0,0.1641,23,6,1735,0,0.0,10880,84
-10.583333333333334,-127,12,127,distressed_assets,1.1323071320851643,0,0.1633,18,6,1735,0,0.0,11008,85
-10.583333333333334,-127,12,127,distressed_assets,1.1728532711664836,0,0.1625,23,6,1735,0,0.0,11136,86
-10.583333333333334,-127,12,127,distressed_assets,1.3916528622309368,0,0.1616,20,6,1735,0,0.0,11264,87
-10.666666666666666,-128,12,128,distressed_assets,1.2137146790822346,0,0.1608,17,6,1735,0,0.0,11392,88
-10.583333333333334,-127,12,127,distressed_assets,1.1458274920781453,0,0.16,24,6,1735,0,0.0,11520,89
-10.666666666666666,-128,12,128,distressed_assets,1.1901459296544392,0,0.1592,17,6,1735,0,0.0,11648,90
-10.5,-126,12,126,distressed_assets,1.1450274387995403,0,0.1584,19,6,1735,0,0.0,11776,91
-10.666666666666666,-128,12,128,distressed_assets,1.2434443632761638,0,0.1576,16,6,1735,0,0.0,11904,92
-10.583333333333334,-127,12,127,distressed_assets,1.110068917274475,0,0.1569,15,6,1735,0,0.0,12032,93
-10.583333333333334,-127,12,127,distressed_assets,1.1179855267206829,0,0.1561,19,6,1735,0,0.0,12160,94
-10.5,-126,12,126,distressed_assets,1.4843472242355347,0,0.1553,18,6,1735,0,0.0,12288,95
-10.333333333333334,-124,12,124,distressed_assets,1.5020548105239868,0,0.1545,26,6,1735,0,0.0,12416,96
-10.5,-126,12,126,distressed_assets,1.1600549618403118,0,0.1537,17,6,1735,0,0.0,12544,97
-10.196666666666667,-122.36,12,122,distressed_assets,1.1489882071812947,0,0.153,21,6,1735,0,0.0,12672,98
-10.27,-123.24,12,123,distressed_assets,1.1149473587671916,0,0.1522,14,6,1735,0,0.0,12800,99
-10.583333333333334,-127,12,127,distressed_assets,1.2347907225290935,0,0.25,29,7,1736,0,0.0,128,0
-10.583333333333334,-127,12,127,distressed_assets,1.3022818168004353,0,0.2487,29,7,1736,0,0.0,256,1
-10.416666666666666,-125,12,125,distressed_assets,1.1847800811131795,0,0.2475,33,7,1736,0,0.0,384,2
-10.583333333333334,-127,12,127,distressed_assets,1.3611232837041218,0,0.2463,28,7,1736,0,0.0,512,3
-10.5,-126,12,126,distressed_assets,1.3227357069651287,0,0.245,27,7,1736,0,0.0,640,4
-10.031666666666666,-120.38,12,120,distressed_assets,1.1839697360992432,0,0.2438,34,7,1736,0,0.0,768,5
-10.583333333333334,-127,12,127,distressed_assets,1.2823034127553303,0,0.2426,27,7,1736,0,0.0,896,6
-10.5,-126,12,126,distressed_assets,1.1390287478764851,0,0.2414,26,7,1736,0,0.0,1024,7
-10.583333333333334,-127,12,127,distressed_assets,1.1179585456848145,0,0.2402,24,7,1736,0,0.0,1152,8
-10.335833333333333,-124.03,12,124,distressed_assets,1.25212558110555,0,0.239,33,7,1736,0,0.0,1280,9
-10.666666666666666,-128,12,128,distressed_assets,1.2437293529510498,0,0.2378,30,7,1736,0,0.0,1408,10
-10.100833333333336,-121.21000000000004,12,121,distressed_assets,1.7477517127990723,0,0.2366,36,7,1736,0,0.0,1536,11
-10.185833333333333,-122.22999999999999,12,122,distressed_assets,1.2142528692881267,0,0.2354,34,7,1736,0,0.0,1664,12
-10.583333333333334,-127,12,127,distressed_assets,1.2284789085388184,0,0.2342,28,7,1736,0,0.0,1792,13
-10.5,-126,12,126,distressed_assets,1.1742717425028484,0,0.2331,30,7,1736,0,0.0,1920,14
-10.666666666666666,-128,12,128,distressed_assets,1.214300513267517,0,0.2319,37,7,1736,0,0.0,2048,15
-10.5,-126,12,126,distressed_assets,1.1832486391067505,0,0.2307,36,7,1736,0,0.0,2176,16
-10.583333333333334,-127,12,127,distressed_assets,1.2842755715052288,0,0.2296,34,7,1736,0,0.0,2304,17
-10.583333333333334,-127,12,127,distressed_assets,1.2052557071050007,0,0.2284,29,7,1736,0,0.0,2432,18
-10.416666666666666,-125,12,125,distressed_assets,1.2540775934855144,0,0.2273,30,7,1736,0,0.0,2560,19
-10.416666666666666,-125,12,125,distressed_assets,1.2265965938568115,0,0.2262,21,7,1736,0,0.0,2688,20
-10.583333333333334,-127,12,127,distressed_assets,1.258893370628357,0,0.225,35,7,1736,0,0.0,2816,21
-10.500833333333333,-126.00999999999999,12,126,distressed_assets,1.332614580790202,0,0.2239,25,7,1736,0,0.0,2944,22
-10.5,-126,12,126,distressed_assets,1.3221114079157512,0,0.2228,31,7,1736,0,0.0,3072,23
-10.583333333333334,-127,12,127,distressed_assets,1.339699347813924,0,0.2217,24,7,1736,0,0.0,3200,24
-10.583333333333334,-127,12,127,distressed_assets,1.1599143346150715,0,0.2206,31,7,1736,0,0.0,3328,25
-10.583333333333334,-127,12,127,distressed_assets,1.2581597963968914,0,0.2195,25,7,1736,0,0.0,3456,26
-10.333333333333334,-124,12,124,distressed_assets,1.1475236018498738,0,0.2184,23,7,1736,0,0.0,3584,27
-10.583333333333334,-127,12,127,distressed_assets,1.39601735273997,0,0.2173,34,7,1736,0,0.0,3712,28
-10.083333333333334,-121,12,121,distressed_assets,1.1452213923136394,0,0.2162,27,7,1736,0,0.0,3840,29
-10.5,-126,12,126,distressed_assets,1.290885368982951,0,0.2151,34,7,1736,0,0.0,3968,30
-10.583333333333334,-127,12,127,distressed_assets,1.3061709801355998,0,0.214,25,7,1736,0,0.0,4096,31
-10.583333333333334,-127,12,127,distressed_assets,1.226353367169698,0,0.213,38,7,1736,0,0.0,4224,32
-10.5075,-126.09,12,126,distressed_assets,1.1871543725331624,0,0.2119,30,7,1736,0,0.0,4352,33
-10.583333333333334,-127,12,127,distressed_assets,1.275493899981181,0,0.2108,22,7,1736,0,0.0,4480,34
-10.416666666666666,-125,12,125,distressed_assets,1.1150585412979126,0,0.2098,17,7,1736,0,0.0,4608,35
-10.583333333333334,-127,12,127,distressed_assets,1.1631215810775757,0,0.2087,29,7,1736,0,0.0,4736,36
-10.583333333333334,-127,12,127,distressed_assets,1.420644760131836,0,0.2077,25,7,1736,0,0.0,4864,37
-10.280000000000001,-123.36000000000001,12,123,distressed_assets,1.1208926439285278,0,0.2066,28,7,1736,0,0.0,4992,38
-10.666666666666666,-128,12,128,distressed_assets,1.1984789768854778,0,0.2056,30,7,1736,0,0.0,5120,39
-10.583333333333334,-127,12,127,distressed_assets,1.3663651943206787,0,0.2046,35,7,1736,0,0.0,5248,40
-10.5,-126,12,126,distressed_assets,1.3514148394266765,0,0.2036,25,7,1736,0,0.0,5376,41
-10.666666666666666,-128,12,128,distressed_assets,1.156780481338501,0,0.2025,20,7,1736,0,0.0,5504,42
-10.666666666666666,-128,12,128,distressed_assets,1.1727441151936848,0,0.2015,22,7,1736,0,0.0,5632,43
-10.666666666666666,-128,12,128,distressed_assets,1.224108616511027,0,0.2005,24,7,1736,0,0.0,5760,44
-10.5,-126,12,126,distressed_assets,1.5132791598637898,0,0.1995,21,7,1736,0,0.0,5888,45
-10.583333333333334,-127,12,127,distressed_assets,1.2145551045735676,0,0.1985,23,7,1736,0,0.0,6016,46
-10.5,-126,12,126,distressed_assets,1.1215401490529378,0,0.1975,22,7,1736,0,0.0,6144,47
-10.5,-126,12,126,distressed_assets,1.4188774426778157,0,0.1965,34,7,1736,0,0.0,6272,48
-10.5,-126,12,126,distressed_assets,1.2761642932891846,0,0.1956,34,7,1736,0,0.0,6400,49
-10.666666666666666,-128,12,128,distressed_assets,1.205467700958252,0,0.1946,29,7,1736,0,0.0,6528,50
-10.416666666666666,-125,12,125,distressed_assets,1.128300627072652,0,0.1936,26,7,1736,0,0.0,6656,51
-10.5,-126,12,126,distressed_assets,1.4788825511932373,0,0.1926,20,7,1736,0,0.0,6784,52
-10.583333333333334,-127,12,127,distressed_assets,1.1914884249369304,0,0.1917,17,7,1736,0,0.0,6912,53
-10.5,-126,12,126,distressed_assets,1.1733022133509319,0,0.1907,21,7,1736,0,0.0,7040,54
-10.583333333333334,-127,12,127,distressed_assets,1.2069478034973145,0,0.1898,22,7,1736,0,0.0,7168,55
-10.5,-126,12,126,distressed_assets,1.2277952829996746,0,0.1888,21,7,1736,0,0.0,7296,56
-10.666666666666666,-128,12,128,distressed_assets,1.5406514803568523,0,0.1879,25,7,1736,0,0.0,7424,57
-10.666666666666666,-128,12,128,distressed_assets,1.2942577203114827,0,0.1869,21,7,1736,0,0.0,7552,58
-10.5,-126,12,126,distressed_assets,1.233124057451884,0,0.186,26,7,1736,0,0.0,7680,59
-10.583333333333334,-127,12,127,distressed_assets,1.2499479055404663,0,0.1851,22,7,1736,0,0.0,7808,60
-10.583333333333334,-127,12,127,distressed_assets,1.1815656026204426,0,0.1841,29,7,1736,0,0.0,7936,61
-10.333333333333334,-124,12,124,distressed_assets,1.3620070219039917,0,0.1832,27,7,1736,0,0.0,8064,62
-10.666666666666666,-128,12,128,distressed_assets,1.4938075145085652,0,0.1823,26,7,1736,0,0.0,8192,63
-10.583333333333334,-127,12,127,distressed_assets,1.1748269001642864,0,0.1814,24,7,1736,0,0.0,8320,64
-10.5,-126,12,126,distressed_assets,1.2129499912261963,0,0.1805,25,7,1736,0,0.0,8448,65
-10.666666666666666,-128,12,128,distressed_assets,1.5428479512532551,0,0.1796,22,7,1736,0,0.0,8576,66
-10.583333333333334,-127,12,127,distressed_assets,1.4575060606002808,0,0.1787,30,7,1736,0,0.0,8704,67
-10.583333333333334,-127,12,127,distressed_assets,1.2291113138198853,0,0.1778,21,7,1736,0,0.0,8832,68
-10.583333333333334,-127,12,127,distressed_assets,1.2665061950683594,0,0.1769,36,7,1736,0,0.0,8960,69
-10.583333333333334,-127,12,127,distressed_assets,1.1604952017466228,0,0.176,25,7,1736,0,0.0,9088,70
-10.583333333333334,-127,12,127,distressed_assets,1.4037647247314453,0,0.1751,21,7,1736,0,0.0,9216,71
-10.51,-126.12,12,126,distressed_assets,1.2825494209925334,0,0.1743,24,7,1736,0,0.0,9344,72
-10.416666666666666,-125,12,125,distressed_assets,1.1823156674702961,0,0.1734,26,7,1736,0,0.0,9472,73
-10.583333333333334,-127,12,127,distressed_assets,1.2717262903849285,0,0.1725,14,7,1736,0,0.0,9600,74
-10.5,-126,12,126,distressed_assets,1.147070288658142,0,0.1717,26,7,1736,0,0.0,9728,75
-10.583333333333334,-127,12,127,distressed_assets,1.2092992862065632,0,0.1708,19,7,1736,0,0.0,9856,76
-10.583333333333334,-127,12,127,distressed_assets,1.1967978080113728,0,0.1699,19,7,1736,0,0.0,9984,77
-10.583333333333334,-127,12,127,distressed_assets,1.1315278609593709,0,0.1691,15,7,1736,0,0.0,10112,78
-10.5,-126,12,126,distressed_assets,1.250483791033427,0,0.1683,21,7,1736,0,0.0,10240,79
-10.5,-126,12,126,distressed_assets,1.191182057062785,0,0.1674,22,7,1736,0,0.0,10368,80
-10.666666666666666,-128,12,128,distressed_assets,1.4594435691833496,0,0.1666,24,7,1736,0,0.0,10496,81
-10.666666666666666,-128,12,128,distressed_assets,1.155894676844279,0,0.1657,20,7,1736,0,0.0,10624,82
-10.503333333333332,-126.03999999999999,12,126,distressed_assets,1.1880755027135212,0,0.1649,29,7,1736,0,0.0,10752,83
-10.583333333333334,-127,12,127,distressed_assets,1.1730437676111858,0,0.1641,22,7,1736,0,0.0,10880,84
-10.583333333333334,-127,12,127,distressed_assets,1.1509523789087932,0,0.1633,19,7,1736,0,0.0,11008,85
-10.583333333333334,-127,12,127,distressed_assets,1.1529703537623088,0,0.1625,17,7,1736,0,0.0,11136,86
-10.583333333333334,-127,12,127,distressed_assets,1.2600150903065999,0,0.1616,26,7,1736,0,0.0,11264,87
-10.5,-126,12,126,distressed_assets,1.1574610074361165,0,0.1608,18,7,1736,0,0.0,11392,88
-10.583333333333334,-127,12,127,distressed_assets,1.1948517958323162,0,0.16,23,7,1736,0,0.0,11520,89
-10.666666666666666,-128,12,128,distressed_assets,1.1719247102737427,0,0.1592,20,7,1736,0,0.0,11648,90
-10.583333333333334,-127,12,127,distressed_assets,1.2927757104237874,0,0.1584,13,7,1736,0,0.0,11776,91
-10.583333333333334,-127,12,127,distressed_assets,1.4001291592915852,0,0.1576,25,7,1736,0,0.0,11904,92
-10.583333333333334,-127,12,127,distressed_assets,1.144306977589925,0,0.1569,18,7,1736,0,0.0,12032,93
-10.583333333333334,-127,12,127,distressed_assets,1.112945318222046,0,0.1561,19,7,1736,0,0.0,12160,94
-10.666666666666666,-128,12,128,distressed_assets,1.151048978169759,0,0.1553,22,7,1736,0,0.0,12288,95
-10.666666666666666,-128,12,128,distressed_assets,1.147287408510844,0,0.1545,17,7,1736,0,0.0,12416,96
-10.583333333333334,-127,12,127,distressed_assets,1.2191400527954102,0,0.1537,23,7,1736,0,0.0,12544,97
-10.583333333333334,-127,12,127,distressed_assets,1.1724776426951091,0,0.153,21,7,1736,0,0.0,12672,98
-10.5,-126,12,126,distressed_assets,1.1366586685180664,0,0.1522,19,7,1736,0,0.0,12800,99
-6.908333333333336,-82.90000000000003,12,81,distressed_assets,3.3941996097564697,0,0.25,35,8,1737,0,0.0,128,0
-6.545000000000003,-78.54000000000003,12,76,distressed_assets,3.2580833435058594,0,0.2487,29,8,1737,0,0.0,256,1
-6.376666666666672,-76.52000000000007,12,74,distressed_assets,3.1558974583943686,0,0.2475,33,8,1737,0,0.0,384,2
-6.555833333333339,-78.67000000000007,12,76,distressed_assets,0.5091751714547476,0,0.2463,33,8,1737,0,0.0,512,3
-6.399166666666672,-76.79000000000006,12,74,distressed_assets,0.48999276757240295,0,0.245,26,8,1737,0,0.0,640,4
-6.691666666666669,-80.30000000000003,12,78,distressed_assets,0.44619905948638916,0,0.2438,32,8,1737,0,0.0,768,5
-6.499166666666672,-77.99000000000007,12,75,distressed_assets,0.4395475784937541,0,0.2426,30,8,1737,0,0.0,896,6
-6.400833333333337,-76.81000000000004,12,74,distressed_assets,0.5154849886894226,0,0.2414,30,8,1737,0,0.0,1024,7
-6.564166666666672,-78.77000000000007,12,76,distressed_assets,0.430925985177358,0,0.2402,26,8,1737,0,0.0,1152,8
-6.57833333333334,-78.94000000000008,12,76,distressed_assets,0.46561988194783527,0,0.239,24,8,1737,0,0.0,1280,9
-6.5100000000000025,-78.12000000000003,12,75,distressed_assets,0.50835649172465,0,0.2378,24,8,1737,0,0.0,1408,10
-6.241666666666671,-74.90000000000005,12,72,distressed_assets,0.6082649628321329,0,0.2366,26,8,1737,0,0.0,1536,11
-6.490833333333339,-77.89000000000007,12,75,distressed_assets,0.48603827754656476,0,0.2354,21,8,1737,0,0.0,1664,12
-6.426666666666673,-77.12000000000008,12,74,distressed_assets,0.5746859312057495,0,0.2342,36,8,1737,0,0.0,1792,13
-6.59666666666667,-79.16000000000004,12,76,distressed_assets,0.551053524017334,0,0.2331,35,8,1737,0,0.0,1920,14
-6.455000000000003,-77.46000000000004,12,75,distressed_assets,0.573705772558848,0,0.2319,42,8,1737,0,0.0,2048,15
-6.405000000000006,-76.86000000000007,12,74,distressed_assets,0.6393304467201233,0,0.2307,25,8,1737,0,0.0,2176,16
-6.419166666666673,-77.03000000000007,12,74,distressed_assets,0.42451542615890503,0,0.2296,22,8,1737,0,0.0,2304,17
-6.515833333333332,-78.18999999999998,12,75,distressed_assets,0.6004092892011007,0,0.2284,36,8,1737,0,0.0,2432,18
-7.6716666666666695,-92.06000000000003,12,91,distressed_assets,0.7487325867017111,0,0.2273,27,8,1737,0,0.0,2560,19
-9.685833333333335,-116.23000000000002,12,116,distressed_assets,1.0312013626098633,0,0.2262,26,8,1737,0,0.0,2688,20
-10.083333333333334,-121,12,121,distressed_assets,1.0424511035283406,0,0.225,24,8,1737,0,0.0,2816,21
-10.091666666666667,-121.1,12,121,distressed_assets,1.3581881920496623,0,0.2239,27,8,1737,0,0.0,2944,22
-10.4175,-125.01,12,125,distressed_assets,1.1882824103037517,0,0.2228,29,8,1737,0,0.0,3072,23
-10.253333333333332,-123.03999999999999,12,123,distressed_assets,1.1684327522913616,0,0.2217,30,8,1737,0,0.0,3200,24
-10.5,-126,12,126,distressed_assets,1.1417904297510784,0,0.2206,32,8,1737,0,0.0,3328,25
-9.863333333333335,-118.36000000000003,12,118,distressed_assets,1.0607426563898723,0,0.2195,28,8,1737,0,0.0,3456,26
-9.6825,-116.18999999999998,12,116,distressed_assets,1.3619372844696045,0,0.2184,28,8,1737,0,0.0,3584,27
-8.815000000000005,-105.78000000000006,12,105,distressed_assets,0.9710625608762106,0,0.2173,21,8,1737,0,0.0,3712,28
-8.570000000000002,-102.84000000000002,12,102,distressed_assets,0.9194028377532959,0,0.2162,25,8,1737,0,0.0,3840,29
-7.6875000000000036,-92.25000000000004,12,91,distressed_assets,0.6425600647926331,0,0.2151,28,8,1737,0,0.0,3968,30
-7.895833333333333,-94.75,12,94,distressed_assets,0.5055498480796814,0,0.214,15,8,1737,0,0.0,4096,31
-6.690833333333335,-80.29000000000002,12,78,distressed_assets,0.4264870584011078,0,0.213,24,8,1737,0,0.0,4224,32
-6.847500000000004,-82.17000000000004,12,80,distressed_assets,0.48414631684621173,0,0.2119,30,8,1737,0,0.0,4352,33
-6.445000000000003,-77.34000000000003,12,75,distressed_assets,0.3403663436571757,0,0.2108,38,8,1737,0,0.0,4480,34
-6.56916666666667,-78.83000000000004,12,76,distressed_assets,0.4618423680464427,0,0.2098,31,8,1737,0,0.0,4608,35
-6.070833333333341,-72.8500000000001,12,70,distressed_assets,0.43915541966756183,0,0.2087,24,8,1737,0,0.0,4736,36
-6.53166666666667,-78.38000000000004,12,76,distressed_assets,0.3847065567970276,0,0.2077,23,8,1737,0,0.0,4864,37
-6.354166666666672,-76.25000000000007,12,73,distressed_assets,0.46895944078763324,0,0.2066,26,8,1737,0,0.0,4992,38
-7.693333333333339,-92.32000000000006,12,91,distressed_assets,0.5698641141255697,0,0.2056,22,8,1737,0,0.0,5120,39
-7.723333333333336,-92.68000000000004,12,91,distressed_assets,0.657082219918569,0,0.2046,30,8,1737,0,0.0,5248,40
-6.630000000000006,-79.56000000000007,12,77,distressed_assets,0.49169087409973145,0,0.2036,11,8,1737,0,0.0,5376,41
-6.558333333333338,-78.70000000000006,12,76,distressed_assets,0.4256891409556071,0,0.2025,22,8,1737,0,0.0,5504,42
-6.474166666666669,-77.69000000000003,12,75,distressed_assets,0.3750485877195994,0,0.2015,23,8,1737,0,0.0,5632,43
-6.3841666666666725,-76.61000000000007,12,74,distressed_assets,0.6383730173110962,0,0.2005,28,8,1737,0,0.0,5760,44
-6.308333333333341,-75.70000000000009,12,73,distressed_assets,0.37392593423525494,0,0.1995,17,8,1737,0,0.0,5888,45
-6.376666666666671,-76.52000000000005,12,74,distressed_assets,0.5053843259811401,0,0.1985,33,8,1737,0,0.0,6016,46
-6.698333333333337,-80.38000000000004,12,78,distressed_assets,0.6931980848312378,0,0.1975,22,8,1737,0,0.0,6144,47
-6.495000000000001,-77.94000000000001,12,75,distressed_assets,0.41227394342422485,0,0.1965,19,8,1737,0,0.0,6272,48
-6.475000000000006,-77.70000000000007,12,75,distressed_assets,0.7914880911509196,0,0.1956,24,8,1737,0,0.0,6400,49
-6.720833333333338,-80.65000000000005,12,78,distressed_assets,0.5289436380068461,0,0.1946,26,8,1737,0,0.0,6528,50
-6.563333333333341,-78.76000000000009,12,76,distressed_assets,0.5060792565345764,0,0.1936,21,8,1737,0,0.0,6656,51
-6.406666666666673,-76.88000000000008,12,74,distressed_assets,0.5278223156929016,0,0.1926,23,8,1737,0,0.0,6784,52
-6.55416666666667,-78.65000000000003,12,76,distressed_assets,0.41634616255760193,0,0.1917,21,8,1737,0,0.0,6912,53
-6.469166666666673,-77.63000000000008,12,75,distressed_assets,0.45400023460388184,0,0.1907,29,8,1737,0,0.0,7040,54
-6.404166666666671,-76.85000000000005,12,74,distressed_assets,0.5407208204269409,0,0.1898,37,8,1737,0,0.0,7168,55
-7.174166666666672,-86.09000000000006,12,84,distressed_assets,0.5775776505470276,0,0.1888,21,8,1737,0,0.0,7296,56
-7.79416666666667,-93.53000000000004,12,92,distressed_assets,0.6100853880246481,0,0.1879,26,8,1737,0,0.0,7424,57
-7.405000000000005,-88.86000000000006,12,87,distressed_assets,0.5115993817647299,0,0.1869,18,8,1737,0,0.0,7552,58
-6.660000000000004,-79.92000000000004,12,77,distressed_assets,0.4485851526260376,0,0.186,20,8,1737,0,0.0,7680,59
-7.507500000000001,-90.09000000000002,12,88,distressed_assets,0.6340961853663126,0,0.1851,30,8,1737,0,0.0,7808,60
-7.181666666666666,-86.17999999999999,12,84,distressed_assets,0.48564498623212177,0,0.1841,30,8,1737,0,0.0,7936,61
-7.1141666666666685,-85.37000000000002,12,83,distressed_assets,0.5183558464050293,0,0.1832,25,8,1737,0,0.0,8064,62
-7.905833333333335,-94.87000000000002,12,93,distressed_assets,0.6844179828961691,0,0.1823,11,8,1737,0,0.0,8192,63
-8.532500000000002,-102.39000000000003,12,101,distressed_assets,0.849383811155955,0,0.1814,23,8,1737,0,0.0,8320,64
-7.113333333333336,-85.36000000000003,12,83,distressed_assets,0.6147448023160299,0,0.1805,22,8,1737,0,0.0,8448,65
-6.46916666666667,-77.63000000000004,12,75,distressed_assets,0.34953251481056213,0,0.1796,27,8,1737,0,0.0,8576,66
-6.475833333333338,-77.71000000000006,12,75,distressed_assets,0.3381506601969401,0,0.1787,25,8,1737,0,0.0,8704,67
-6.577500000000005,-78.93000000000006,12,76,distressed_assets,0.5853810707728068,0,0.1778,19,8,1737,0,0.0,8832,68
-6.569166666666674,-78.83000000000008,12,76,distressed_assets,0.44744006792704266,0,0.1769,23,8,1737,0,0.0,8960,69
-6.670000000000002,-80.04000000000002,12,77,distressed_assets,0.6300882895787557,0,0.176,20,8,1737,0,0.0,9088,70
-6.564166666666673,-78.77000000000008,12,76,distressed_assets,0.5070409178733826,0,0.1751,22,8,1737,0,0.0,9216,71
-6.50916666666667,-78.11000000000004,12,75,distressed_assets,0.5265914003054301,0,0.1743,26,8,1737,0,0.0,9344,72
-6.602500000000003,-79.23000000000003,12,76,distressed_assets,0.5289708773295084,0,0.1734,23,8,1737,0,0.0,9472,73
-6.554166666666673,-78.65000000000008,12,76,distressed_assets,0.5449326634407043,0,0.1725,35,8,1737,0,0.0,9600,74
-6.638333333333332,-79.65999999999998,12,77,distressed_assets,0.501074343919754,0,0.1717,17,8,1737,0,0.0,9728,75
-6.484166666666671,-77.81000000000006,12,75,distressed_assets,0.39005179206530255,0,0.1708,17,8,1737,0,0.0,9856,76
-6.563333333333339,-78.76000000000006,12,76,distressed_assets,0.41226135691006977,0,0.1699,17,8,1737,0,0.0,9984,77
-6.47166666666667,-77.66000000000004,12,75,distressed_assets,0.37642048796017963,0,0.1691,28,8,1737,0,0.0,10112,78
-6.569166666666672,-78.83000000000007,12,76,distressed_assets,0.5894060134887695,0,0.1683,20,8,1737,0,0.0,10240,79
-6.3166666666666735,-75.80000000000008,12,73,distressed_assets,0.3476878305276235,0,0.1674,14,8,1737,0,0.0,10368,80
-6.824166666666674,-81.89000000000009,12,80,distressed_assets,0.45454774300257367,0,0.1666,24,8,1737,0,0.0,10496,81
-6.6425000000000045,-79.71000000000005,12,77,distressed_assets,0.44779258966445923,0,0.1657,17,8,1737,0,0.0,10624,82
-6.484166666666674,-77.81000000000009,12,75,distressed_assets,0.5422247250874838,0,0.1649,21,8,1737,0,0.0,10752,83
-7.166666666666672,-86.00000000000007,12,84,distressed_assets,1.0522854328155518,0,0.1641,22,8,1737,0,0.0,10880,84
-6.358333333333339,-76.30000000000007,12,74,distressed_assets,0.36091580986976624,0,0.1633,25,8,1737,0,0.0,11008,85
-6.408333333333339,-76.90000000000008,12,74,distressed_assets,0.560178260008494,0,0.1625,20,8,1737,0,0.0,11136,86
-6.600000000000006,-79.20000000000007,12,77,distressed_assets,0.5609196821848551,0,0.1616,23,8,1737,0,0.0,11264,87
-6.550833333333338,-78.61000000000006,12,76,distressed_assets,0.525449534257253,0,0.1608,22,8,1737,0,0.0,11392,88
-6.5666666666666735,-78.80000000000008,12,76,distressed_assets,0.6006877024968466,0,0.16,18,8,1737,0,0.0,11520,89
-6.555000000000004,-78.66000000000005,12,76,distressed_assets,0.679554283618927,0,0.1592,30,8,1737,0,0.0,11648,90
-6.58583333333334,-79.03000000000007,12,77,distressed_assets,0.5591263671716055,0,0.1584,19,8,1737,0,0.0,11776,91
-8.872500000000002,-106.47000000000003,12,106,distressed_assets,0.7146859963734945,0,0.1576,18,8,1737,0,0.0,11904,92
-8.882500000000006,-106.59000000000007,12,106,distressed_assets,0.7849892775217692,0,0.1569,20,8,1737,0,0.0,12032,93
-8.070000000000002,-96.84000000000003,12,96,distressed_assets,0.5927104353904724,0,0.1561,16,8,1737,0,0.0,12160,94
-7.285000000000004,-87.42000000000004,12,86,distressed_assets,0.7461554010709127,0,0.1553,22,8,1737,0,0.0,12288,95
-6.548333333333338,-78.58000000000006,12,76,distressed_assets,0.6259996891021729,0,0.1545,23,8,1737,0,0.0,12416,96
-6.368333333333337,-76.42000000000004,12,74,distressed_assets,0.34429537256558734,0,0.1537,16,8,1737,0,0.0,12544,97
-6.46833333333334,-77.62000000000008,12,75,distressed_assets,0.45336389541625977,0,0.153,22,8,1737,0,0.0,12672,98
-6.55833333333334,-78.70000000000007,12,76,distressed_assets,0.5565345088640848,0,0.1522,18,8,1737,0,0.0,12800,99
-10.583333333333334,-127,12,127,distressed_assets,2.3172404964764914,0,0.25,26,9,1738,0,0.0,128,0
-10.416666666666666,-125,12,125,distressed_assets,1.2442618608474731,0,0.2487,41,9,1738,0,0.0,256,1
-10.583333333333334,-127,12,127,distressed_assets,1.1765961647033691,0,0.2475,25,9,1738,0,0.0,384,2
-10.666666666666666,-128,12,128,distressed_assets,1.2286539475123088,0,0.2463,21,9,1738,0,0.0,512,3
-10.333333333333334,-124,12,124,distressed_assets,1.133296251296997,0,0.245,28,9,1738,0,0.0,640,4
-10.666666666666666,-128,12,128,distressed_assets,1.1991506814956665,0,0.2438,25,9,1738,0,0.0,768,5
-10.583333333333334,-127,12,127,distressed_assets,2.1001323064168296,0,0.2426,30,9,1738,0,0.0,896,6
-10.26,-123.12,12,123,distressed_assets,1.1284502744674683,0,0.2414,42,9,1738,0,0.0,1024,7
-10.253333333333336,-123.04000000000002,12,123,distressed_assets,1.1413992643356323,0,0.2402,31,9,1738,0,0.0,1152,8
-10.5,-126,12,126,distressed_assets,1.2112808624903362,0,0.239,35,9,1738,0,0.0,1280,9
-10.5,-126,12,126,distressed_assets,1.2456677357355754,0,0.2378,34,9,1738,0,0.0,1408,10
-10.5,-126,12,126,distressed_assets,1.1761748790740967,0,0.2366,25,9,1738,0,0.0,1536,11
-10.5,-126,12,126,distressed_assets,1.1462299823760986,0,0.2354,30,9,1738,0,0.0,1664,12
-10.583333333333334,-127,12,127,distressed_assets,1.1773480574289958,0,0.2342,32,9,1738,0,0.0,1792,13
-10.583333333333334,-127,12,127,distressed_assets,1.248210112253825,0,0.2331,28,9,1738,0,0.0,1920,14
-10.666666666666666,-128,12,128,distressed_assets,1.187087615331014,0,0.2319,21,9,1738,0,0.0,2048,15
-10.666666666666666,-128,12,128,distressed_assets,1.243034839630127,0,0.2307,31,9,1738,0,0.0,2176,16
-10.25,-123,12,123,distressed_assets,1.1590118010838826,0,0.2296,26,9,1738,0,0.0,2304,17
-10.25,-123,12,123,distressed_assets,1.1305414040883381,0,0.2284,35,9,1738,0,0.0,2432,18
-10.5,-126,12,126,distressed_assets,1.1838651100794475,0,0.2273,35,9,1738,0,0.0,2560,19
-10.666666666666666,-128,12,128,distressed_assets,1.2313148578008015,0,0.2262,34,9,1738,0,0.0,2688,20
-10.5,-126,12,126,distressed_assets,1.632962703704834,0,0.225,20,9,1738,0,0.0,2816,21
-10.583333333333334,-127,12,127,distressed_assets,1.318299372990926,0,0.2239,24,9,1738,0,0.0,2944,22
-10.666666666666666,-128,12,128,distressed_assets,1.2006744543711345,0,0.2228,26,9,1738,0,0.0,3072,23
-10.5,-126,12,126,distressed_assets,1.1454718112945557,0,0.2217,25,9,1738,0,0.0,3200,24
-10.583333333333334,-127,12,127,distressed_assets,1.2263631423314412,0,0.2206,28,9,1738,0,0.0,3328,25
-10.335833333333333,-124.03,12,124,distressed_assets,1.1879386107126872,0,0.2195,29,9,1738,0,0.0,3456,26
-10.416666666666666,-125,12,125,distressed_assets,1.1873587369918823,0,0.2184,30,9,1738,0,0.0,3584,27
-10.507500000000002,-126.09000000000002,12,126,distressed_assets,1.1850156386693318,0,0.2173,24,9,1738,0,0.0,3712,28
-10.583333333333334,-127,12,127,distressed_assets,1.1921789248784382,0,0.2162,18,9,1738,0,0.0,3840,29
-10.104166666666668,-121.25000000000001,12,121,distressed_assets,1.088940938313802,0,0.2151,33,9,1738,0,0.0,3968,30
-10.5,-126,12,126,distressed_assets,1.1751285791397095,0,0.214,26,9,1738,0,0.0,4096,31
-10.420833333333333,-125.05,12,125,distressed_assets,1.1377489964167278,0,0.213,31,9,1738,0,0.0,4224,32
-10.583333333333334,-127,12,127,distressed_assets,1.2087316115697224,0,0.2119,26,9,1738,0,0.0,4352,33
-10.583333333333334,-127,12,127,distressed_assets,1.212531328201294,0,0.2108,32,9,1738,0,0.0,4480,34
-10.25,-123,12,123,distressed_assets,1.189046820004781,0,0.2098,33,9,1738,0,0.0,4608,35
-10.5,-126,12,126,distressed_assets,1.123717228571574,0,0.2087,16,9,1738,0,0.0,4736,36
-10.335,-124.02000000000001,12,124,distressed_assets,1.179488976796468,0,0.2077,23,9,1738,0,0.0,4864,37
-10.5,-126,12,126,distressed_assets,1.1718399127324421,0,0.2066,23,9,1738,0,0.0,4992,38
-10.5,-126,12,126,distressed_assets,1.2377901474634807,0,0.2056,31,9,1738,0,0.0,5120,39
-10.416666666666666,-125,12,125,distressed_assets,1.1195358435312908,0,0.2046,28,9,1738,0,0.0,5248,40
-10.583333333333334,-127,12,127,distressed_assets,1.1861751874287922,0,0.2036,23,9,1738,0,0.0,5376,41
-10.333333333333334,-124,12,124,distressed_assets,1.1220462322235107,0,0.2025,28,9,1738,0,0.0,5504,42
-10.5,-126,12,126,distressed_assets,1.1054103374481201,0,0.2015,24,9,1738,0,0.0,5632,43
-10.583333333333334,-127,12,127,distressed_assets,1.1393015782038372,0,0.2005,29,9,1738,0,0.0,5760,44
-10.333333333333334,-124,12,124,distressed_assets,1.0977786779403687,0,0.1995,22,9,1738,0,0.0,5888,45
-10.095833333333337,-121.15000000000003,12,121,distressed_assets,1.0494250456492107,0,0.1985,26,9,1738,0,0.0,6016,46
-10.666666666666666,-128,12,128,distressed_assets,1.2763147751490276,0,0.1975,31,9,1738,0,0.0,6144,47
-10.666666666666666,-128,12,128,distressed_assets,1.2225098609924316,0,0.1965,18,9,1738,0,0.0,6272,48
-10.416666666666666,-125,12,125,distressed_assets,1.2062111695607503,0,0.1956,28,9,1738,0,0.0,6400,49
-10.335833333333335,-124.03000000000002,12,124,distressed_assets,1.1016314029693604,0,0.1946,25,9,1738,0,0.0,6528,50
-10.5,-126,12,126,distressed_assets,1.506133993466695,0,0.1936,26,9,1738,0,0.0,6656,51
-10.583333333333334,-127,12,127,distressed_assets,1.1771822373072307,0,0.1926,16,9,1738,0,0.0,6784,52
-10.431666666666667,-125.18,12,125,distressed_assets,1.1900117794672649,0,0.1917,30,9,1738,0,0.0,6912,53
-10.666666666666666,-128,12,128,distressed_assets,1.186332146326701,0,0.1907,23,9,1738,0,0.0,7040,54
-10.583333333333334,-127,12,127,distressed_assets,1.2314811547597249,0,0.1898,32,9,1738,0,0.0,7168,55
-10.666666666666666,-128,12,128,distressed_assets,1.1856962442398071,0,0.1888,28,9,1738,0,0.0,7296,56
-10.666666666666666,-128,12,128,distressed_assets,1.1837401787439983,0,0.1879,24,9,1738,0,0.0,7424,57
-10.416666666666666,-125,12,125,distressed_assets,1.1414283911387126,0,0.1869,24,9,1738,0,0.0,7552,58
-10.583333333333334,-127,12,127,distressed_assets,1.164461890856425,0,0.186,22,9,1738,0,0.0,7680,59
-10.5,-126,12,126,distressed_assets,1.1468653678894043,0,0.1851,17,9,1738,0,0.0,7808,60
-10.5,-126,12,126,distressed_assets,1.1675596634546916,0,0.1841,26,9,1738,0,0.0,7936,61
-10.666666666666666,-128,12,128,distressed_assets,1.2083841562271118,0,0.1832,30,9,1738,0,0.0,8064,62
-10.583333333333334,-127,12,127,distressed_assets,1.1695266962051392,0,0.1823,28,9,1738,0,0.0,8192,63
-10.583333333333334,-127,12,127,distressed_assets,1.1780245304107666,0,0.1814,23,9,1738,0,0.0,8320,64
-10.583333333333334,-127,12,127,distressed_assets,1.205818732579549,0,0.1805,20,9,1738,0,0.0,8448,65
-10.583333333333334,-127,12,127,distressed_assets,1.238490064938863,0,0.1796,20,9,1738,0,0.0,8576,66
-10.5,-126,12,126,distressed_assets,1.1839053630828857,0,0.1787,23,9,1738,0,0.0,8704,67
-10.5,-126,12,126,distressed_assets,1.112503449122111,0,0.1778,21,9,1738,0,0.0,8832,68
-10.5,-126,12,126,distressed_assets,1.1251001755396526,0,0.1769,17,9,1738,0,0.0,8960,69
-10.666666666666666,-128,12,128,distressed_assets,1.1838642756144206,0,0.176,17,9,1738,0,0.0,9088,70
-10.666666666666666,-128,12,128,distressed_assets,1.1725842952728271,0,0.1751,18,9,1738,0,0.0,9216,71
-10.583333333333334,-127,12,127,distressed_assets,1.1234716574350994,0,0.1743,18,9,1738,0,0.0,9344,72
-10.333333333333334,-124,12,124,distressed_assets,1.1898059447606404,0,0.1734,20,9,1738,0,0.0,9472,73
-10.416666666666666,-125,12,125,distressed_assets,1.177057425181071,0,0.1725,22,9,1738,0,0.0,9600,74
-10.5,-126,12,126,distressed_assets,1.1309064229329426,0,0.1717,23,9,1738,0,0.0,9728,75
-10.666666666666666,-128,12,128,distressed_assets,1.165039857228597,0,0.1708,23,9,1738,0,0.0,9856,76
-10.666666666666666,-128,12,128,distressed_assets,1.2190986076990764,0,0.1699,24,9,1738,0,0.0,9984,77
-10.583333333333334,-127,12,127,distressed_assets,1.169873555501302,0,0.1691,20,9,1738,0,0.0,10112,78
-10.583333333333334,-127,12,127,distressed_assets,1.3755031824111938,0,0.1683,30,9,1738,0,0.0,10240,79
-10.5,-126,12,126,distressed_assets,1.1306209166844685,0,0.1674,19,9,1738,0,0.0,10368,80
-10.416666666666666,-125,12,125,distressed_assets,1.1311723788579304,0,0.1666,27,9,1738,0,0.0,10496,81
-10.583333333333334,-127,12,127,distressed_assets,1.1820439497629802,0,0.1657,28,9,1738,0,0.0,10624,82
-10.5,-126,12,126,distressed_assets,1.1510047515233357,0,0.1649,17,9,1738,0,0.0,10752,83
-10.666666666666666,-128,12,128,distressed_assets,1.1927167971928914,0,0.1641,21,9,1738,0,0.0,10880,84
-10.5,-126,12,126,distressed_assets,1.1509097417195637,0,0.1633,18,9,1738,0,0.0,11008,85
-10.420833333333336,-125.05000000000003,12,125,distressed_assets,1.1304377714792888,0,0.1625,23,9,1738,0,0.0,11136,86
-10.5,-126,12,126,distressed_assets,1.0910733143488567,0,0.1616,17,9,1738,0,0.0,11264,87
-10.416666666666666,-125,12,125,distressed_assets,1.0989933808644612,0,0.1608,23,9,1738,0,0.0,11392,88
-10.666666666666666,-128,12,128,distressed_assets,2.354245106379191,0,0.16,21,9,1738,0,0.0,11520,89
-10.583333333333334,-127,12,127,distressed_assets,1.2794539133707683,0,0.1592,21,9,1738,0,0.0,11648,90
-10.416666666666666,-125,12,125,distressed_assets,1.155373493830363,0,0.1584,21,9,1738,0,0.0,11776,91
-10.501666666666667,-126.02000000000001,12,126,distressed_assets,1.1659980217615764,0,0.1576,20,9,1738,0,0.0,11904,92
-10.5025,-126.03,12,126,distressed_assets,1.239222526550293,0,0.1569,17,9,1738,0,0.0,12032,93
-10.104166666666666,-121.25,12,121,distressed_assets,1.0626272757848103,0,0.1561,18,9,1738,0,0.0,12160,94
-10.110833333333332,-121.32999999999998,12,121,distressed_assets,1.2775431474049885,0,0.1553,26,9,1738,0,0.0,12288,95
-10.583333333333334,-127,12,127,distressed_assets,1.469050923983256,0,0.1545,26,9,1738,0,0.0,12416,96
-10.5,-126,12,126,distressed_assets,1.1754629214604695,0,0.1537,21,9,1738,0,0.0,12544,97
-10.666666666666666,-128,12,128,distressed_assets,1.1771998405456543,0,0.153,14,9,1738,0,0.0,12672,98
-10.666666666666666,-128,12,128,distressed_assets,1.2245209614435832,0,0.1522,16,9,1738,0,0.0,12800,99
