avg_entropy,avg_reward_per_episode,best_tax_advantage,cumulative_reward,episode_count,invalid_count,loophole,loss,positive_reward_count,random_action_prob,random_exploration_count,run,saved_snapshots,seed,success_count,success_rate,total_steps,update
2.6498942766338587,-0.08718749999999997,0,-1.3949999999999996,16,0,partnership_disguised_sale,-0.13937024772167206,0,0.25,38,0,0,1729,0,0.0,128,0
2.772109736688435,-0.1396874999999999,0,-2.2349999999999985,16,0,partnership_disguised_sale,-0.14187408983707428,0,0.2487,26,0,0,1729,0,0.0,256,1
2.7032069796696305,-0.10968749999999994,0,-1.754999999999999,16,0,partnership_disguised_sale,-0.1429555763800939,0,0.2475,32,0,0,1729,0,0.0,384,2
2.5887650763615966,-0.07781249999999997,0,-1.2449999999999994,16,0,partnership_disguised_sale,-0.13812114298343658,0,0.2463,40,0,0,1729,0,0.0,512,3
2.721838138997555,-0.12906249999999989,0,-2.064999999999998,16,0,partnership_disguised_sale,-0.14024450878302255,0,0.245,33,0,0,1729,0,0.0,640,4
2.5629201335832477,-0.08937499999999989,0,-1.4299999999999982,16,0,partnership_disguised_sale,-0.14842456082503,0,0.2438,35,0,0,1729,0,0.0,768,5
2.651385199278593,1.0190625000000002,18,16.305000000000003,16,0,partnership_disguised_sale,1.3267707029978435,2,0.2426,39,0,0,1729,1,0.0625,896,6
2.619706053286791,0.05781250000000019,2,0.925000000000003,16,0,partnership_disguised_sale,-0.11950532346963882,1,0.2414,25,0,0,1729,0,0.0,1024,7
2.6395570607855916,-0.07312499999999997,0,-1.1699999999999995,16,0,partnership_disguised_sale,-0.13502426942189535,0,0.2402,32,0,0,1729,0,0.0,1152,8
2.6427730675786734,-0.076875,0,-1.23,16,0,partnership_disguised_sale,-0.10372695575157802,0,0.239,28,0,0,1729,0,0.0,1280,9
2.473250509239733,1.1865625,20,18.985,16,0,partnership_disguised_sale,1.4677093426386516,1,0.2378,33,0,0,1729,1,0.0625,1408,10
2.6273981388658285,2.157812499999998,18,34.52499999999997,16,0,partnership_disguised_sale,2.6064236164093018,2,0.2366,36,0,0,1729,2,0.125,1536,11
2.702892909757793,1.1637499999999987,10,18.61999999999998,16,0,partnership_disguised_sale,0.6482303142547607,2,0.2354,36,0,0,1729,0,0.0,1664,12
2.6803991738706827,-0.10281249999999996,0,-1.6449999999999994,16,0,partnership_disguised_sale,-0.08939525485038757,0,0.2342,50,0,0,1729,0,0.0,1792,13
2.5414440482854843,0.5396874999999992,10,8.634999999999987,16,0,partnership_disguised_sale,0.1985963980356852,1,0.2331,36,0,0,1729,0,0.0,1920,14
2.583524259738624,-0.07718749999999996,0,-1.2349999999999994,16,0,partnership_disguised_sale,-0.09469423691431682,0,0.2319,32,0,0,1729,0,0.0,2048,15
2.704531544819474,-0.07687500000000003,0,-1.2300000000000004,16,0,partnership_disguised_sale,-0.1076572835445404,0,0.2307,30,0,0,1729,0,0.0,2176,16
2.7159443786367774,1.2731249999999996,20,20.369999999999994,16,0,partnership_disguised_sale,1.2646610339482625,3,0.2296,24,0,0,1729,1,0.0625,2304,17
2.6487213000655174,0.5368749999999997,10,8.589999999999995,16,0,partnership_disguised_sale,0.25440874695777893,1,0.2284,29,0,0,1729,0,0.0,2432,18
2.6987681640312076,-0.093125,0,-1.49,16,0,partnership_disguised_sale,-0.1383505960305532,0,0.2273,29,0,0,1729,0,0.0,2560,19
2.7308781566098332,2.2668749999999998,20,36.269999999999996,16,0,partnership_disguised_sale,2.138965050379435,3,0.2262,34,0,0,1729,1,0.0625,2688,20
2.7151742093265057,-0.08781249999999996,0,-1.4049999999999994,16,0,partnership_disguised_sale,-0.1349970499674479,0,0.225,33,0,0,1729,0,0.0,2816,21
2.6701435381546617,1.1671874999999996,20,18.674999999999994,16,0,partnership_disguised_sale,1.07380211353302,1,0.2239,25,0,0,1729,1,0.0625,2944,22
2.554698593914509,-0.0765625,0,-1.225,16,0,partnership_disguised_sale,-0.1183464452624321,0,0.2228,31,0,0,1729,0,0.0,3072,23
2.6799782291054726,1.1568749999999997,20,18.509999999999994,16,0,partnership_disguised_sale,1.3666393359502156,1,0.2217,27,0,0,1729,1,0.0625,3200,24
2.757964781485498,0.6296874999999998,10,10.074999999999998,16,0,partnership_disguised_sale,0.27528969446818036,2,0.2206,26,0,0,1729,0,0.0,3328,25
2.652250826358795,-0.11499999999999994,0,-1.839999999999999,16,0,partnership_disguised_sale,-0.08113920936981837,0,0.2195,35,0,0,1729,0,0.0,3456,26
2.632582241669297,1.1565625,20,18.505,16,0,partnership_disguised_sale,1.335386832555135,1,0.2184,29,0,0,1729,1,0.0625,3584,27
2.5926234340295196,1.0343749999999994,18,16.54999999999999,16,0,partnership_disguised_sale,1.1557494401931763,1,0.2173,29,0,0,1729,1,0.0625,3712,28
2.6769799701869488,1.0153124999999992,18,16.244999999999987,16,0,partnership_disguised_sale,0.9441404740015665,1,0.2162,30,0,0,1729,1,0.0625,3840,29
2.7093474520370364,-0.080625,0,-1.29,16,0,partnership_disguised_sale,-0.0920715977748235,0,0.2151,30,0,0,1729,0,0.0,3968,30
2.7585042575374246,0.006562500000000058,2,0.10500000000000093,16,0,partnership_disguised_sale,-0.04832457502683004,3,0.214,16,0,0,1729,0,0.0,4096,31
2.629844061098993,-0.08374999999999987,16,-1.3399999999999979,16,0,partnership_disguised_sale,0.11684366563955943,1,0.213,28,0,0,1729,0,0.0,4224,32
2.656743111088872,1.1465625,20,18.345,16,0,partnership_disguised_sale,1.4645467201868694,2,0.2119,25,0,0,1729,1,0.0625,4352,33
2.665054101496935,0.019999999999999997,2,0.31999999999999995,16,0,partnership_disguised_sale,-0.11120895793040593,1,0.2108,28,0,0,1729,0,0.0,4480,34
2.665873559191823,-0.10718749999999995,0,-1.7149999999999992,16,0,partnership_disguised_sale,-0.11610928177833557,0,0.2098,28,0,0,1729,0,0.0,4608,35
2.5961039531975985,0.5524999999999997,10,8.839999999999995,16,0,partnership_disguised_sale,0.30759058396021527,1,0.2087,36,0,0,1729,0,0.0,4736,36
2.6938002286478877,-0.1028124999999999,0,-1.6449999999999985,16,0,partnership_disguised_sale,-0.12255655725797017,0,0.2077,22,0,0,1729,0,0.0,4864,37
2.6700679659843445,-0.081875,0,-1.31,16,0,partnership_disguised_sale,-0.11148764193058014,0,0.2066,26,0,0,1729,0,0.0,4992,38
2.8718727622181177,0.014062499999999936,2,0.22499999999999898,16,0,partnership_disguised_sale,-0.10322583963473637,1,0.2056,33,0,0,1729,0,0.0,5120,39
2.6981241274625063,0.155,2,2.48,16,0,partnership_disguised_sale,-0.10187175869941711,2,0.2046,22,0,0,1729,0,0.0,5248,40
2.7241833098232746,1.2753124999999996,12,20.404999999999994,16,0,partnership_disguised_sale,0.8527951836585999,2,0.2036,24,0,0,1729,0,0.0,5376,41
2.8116588555276394,3.502812499999998,20,56.044999999999966,16,0,partnership_disguised_sale,4.329572995503743,3,0.2025,23,0,0,1729,3,0.1875,5504,42
2.641418557614088,-0.09593749999999995,0,-1.5349999999999993,16,0,partnership_disguised_sale,-0.10795033226410548,0,0.2015,26,0,0,1729,0,0.0,5632,43
2.676037646830082,-0.09624999999999997,0,-1.5399999999999996,16,0,partnership_disguised_sale,-0.09842459857463837,0,0.2005,24,0,0,1729,0,0.0,5760,44
2.678603880107403,-0.08968749999999998,0,-1.4349999999999996,16,0,partnership_disguised_sale,-0.10559199750423431,0,0.1995,22,0,0,1729,0,0.0,5888,45
2.7931154938414693,1.1424999999999998,20,18.279999999999998,16,0,partnership_disguised_sale,1.461756706237793,1,0.1985,28,0,0,1729,1,0.0625,6016,46
2.760684090666473,0.5181250000000001,10,8.290000000000001,16,0,partnership_disguised_sale,0.256976197163264,1,0.1975,28,0,0,1729,0,0.0,6144,47
2.779674045741558,-0.12937499999999993,0,-2.069999999999999,16,0,partnership_disguised_sale,-0.11860379328330357,0,0.1965,17,0,0,1729,0,0.0,6272,48
2.7430562116205692,0.026250000000000048,2,0.42000000000000076,16,0,partnership_disguised_sale,-0.10212298482656479,1,0.1956,26,0,0,1729,0,0.0,6400,49
2.627100359648466,-0.07562499999999997,0,-1.2099999999999995,16,0,partnership_disguised_sale,-0.13351581990718842,0,0.1946,27,0,0,1729,0,0.0,6528,50
2.7031882237643003,-0.11999999999999994,0,-1.919999999999999,16,0,partnership_disguised_sale,-0.14081107576688132,0,0.1936,21,0,0,1729,0,0.0,6656,51
2.6890316223725677,-0.10624999999999993,2,-1.6999999999999988,16,0,partnership_disguised_sale,-0.12550160785516104,1,0.1926,32,0,0,1729,0,0.0,6784,52
2.5614316295832396,-0.08124999999999992,0,-1.2999999999999987,16,0,partnership_disguised_sale,-0.10921537379423778,0,0.1917,30,0,0,1729,0,0.0,6912,53
2.5411511845886707,-0.08218750000000005,10,-1.3150000000000008,16,0,partnership_disguised_sale,-0.04548603296279907,1,0.1907,24,0,0,1729,0,0.0,7040,54
2.543797742575407,2.309374999999995,20,36.94999999999992,16,0,partnership_disguised_sale,2.81539257367452,2,0.1898,28,0,0,1729,2,0.125,7168,55
2.6222593458369374,0.7821874999999989,14,12.514999999999983,16,0,partnership_disguised_sale,0.6293922861417135,2,0.1888,24,0,0,1729,0,0.0,7296,56
2.596842019818723,-0.09031249999999993,0,-1.444999999999999,16,0,partnership_disguised_sale,-0.11715941379467647,0,0.1879,25,0,0,1729,0,0.0,7424,57
2.6485547116026282,-0.07812499999999996,0,-1.2499999999999993,16,0,partnership_disguised_sale,-0.09944198280572891,0,0.1869,22,0,0,1729,0,0.0,7552,58
2.5452401656657457,0.04531250000000003,2,0.7250000000000005,16,0,partnership_disguised_sale,-0.11296890427668889,1,0.186,26,0,0,1729,0,0.0,7680,59
2.583608340471983,0.6584375000000001,10,10.535000000000002,16,0,partnership_disguised_sale,0.23790382842222849,2,0.1851,30,0,0,1729,0,0.0,7808,60
2.5634292578324676,-0.08187499999999999,0,-1.3099999999999998,16,0,partnership_disguised_sale,-0.13374669353167215,0,0.1841,21,0,0,1729,0,0.0,7936,61
2.4824485387653112,1.0618749999999992,18,16.989999999999988,16,0,partnership_disguised_sale,1.0218991835912068,1,0.1832,34,0,0,1729,1,0.0625,8064,62
2.467848994769156,-0.041250000000000016,0,-0.6600000000000003,16,0,partnership_disguised_sale,-0.10343148310979207,0,0.1823,23,0,0,1729,0,0.0,8192,63
2.5586462169885635,1.175312500000001,18,18.805000000000017,16,0,partnership_disguised_sale,0.9920613567034403,2,0.1814,20,0,0,1729,1,0.0625,8320,64
2.6042381413280964,-0.06218750000000004,0,-0.9950000000000007,16,0,partnership_disguised_sale,-0.14039045572280884,0,0.1805,20,0,0,1729,0,0.0,8448,65
2.513611865695566,-0.07249999999999998,0,-1.1599999999999997,16,0,partnership_disguised_sale,-0.09797106186548869,0,0.1796,31,0,0,1729,0,0.0,8576,66
2.4264383241534233,0.4400000000000002,10,7.040000000000004,16,0,partnership_disguised_sale,0.13033238053321838,2,0.1787,25,0,0,1729,0,0.0,8704,67
2.4701142963021994,0.0540625,2,0.865,16,0,partnership_disguised_sale,-0.09572337567806244,3,0.1778,20,0,0,1729,0,0.0,8832,68
2.3459792067296803,-0.04937500000000002,0,-0.7900000000000004,16,0,partnership_disguised_sale,-0.12820271154244742,0,0.1769,21,0,0,1729,0,0.0,8960,69
2.3418576531112194,-0.053125000000000026,0,-0.8500000000000004,16,0,partnership_disguised_sale,-0.1015806496143341,0,0.176,22,0,0,1729,0,0.0,9088,70
2.31880047544837,1.0678124999999996,18,17.084999999999994,16,0,partnership_disguised_sale,0.876993735631307,1,0.1751,26,0,0,1729,1,0.0625,9216,71
2.4846745813265443,1.9084375000000005,20,30.535000000000007,16,0,partnership_disguised_sale,1.5686363379160564,3,0.1743,15,0,0,1729,1,0.0625,9344,72
2.4334838087670505,3.564374999999999,20,57.02999999999999,16,0,partnership_disguised_sale,3.3616367181142173,4,0.1734,25,0,0,1729,3,0.1875,9472,73
2.487529090605676,1.785937499999999,20,28.574999999999985,16,0,partnership_disguised_sale,1.8238736391067505,2,0.1725,34,0,0,1729,1,0.0625,9600,74
2.2554316632449627,1.7118750000000003,20,27.390000000000004,16,0,partnership_disguised_sale,1.5990346670150757,2,0.1717,19,0,0,1729,1,0.0625,9728,75
2.268385138362646,0.2046875,4,3.275,16,0,partnership_disguised_sale,0.04506976157426834,1,0.1708,17,0,0,1729,0,0.0,9856,76
2.3520721355453134,1.1887500000000002,20,19.020000000000003,16,0,partnership_disguised_sale,1.0983856121699016,1,0.1699,29,0,0,1729,1,0.0625,9984,77
2.318794065155089,1.321250000000001,18,21.140000000000015,16,0,partnership_disguised_sale,0.7228623628616333,2,0.1691,11,0,0,1729,1,0.0625,10112,78
2.4379835883155465,1.6721875000000002,18,26.755000000000003,16,0,partnership_disguised_sale,1.4728690385818481,2,0.1683,17,0,0,1729,1,0.0625,10240,79
2.364749650005251,1.3193749999999995,20,21.109999999999992,16,0,partnership_disguised_sale,1.3841896057128906,2,0.1674,11,0,0,1729,1,0.0625,10368,80
2.435248170979321,1.1740624999999996,20,18.784999999999993,16,0,partnership_disguised_sale,1.4948538939158122,3,0.1666,24,0,0,1729,1,0.0625,10496,81
2.3594179013743997,1.1859374999999999,20,18.974999999999998,16,0,partnership_disguised_sale,1.3651636838912964,1,0.1657,25,0,0,1729,1,0.0625,10624,82
2.301466416567564,1.0946875,16,17.515,16,0,partnership_disguised_sale,0.5369726419448853,3,0.1649,22,0,0,1729,0,0.0,10752,83
2.400408306159079,2.693437499999998,20,43.09499999999997,16,0,partnership_disguised_sale,2.5269223848978677,7,0.1641,21,0,0,1729,2,0.125,10880,84
2.3245865320786834,1.9599999999999995,20,31.359999999999992,16,0,partnership_disguised_sale,1.7987815539042156,3,0.1633,16,0,0,1729,1,0.0625,11008,85
2.4294800413772464,2.182812499999997,20,34.924999999999955,16,0,partnership_disguised_sale,2.0715070565541587,2,0.1625,19,0,0,1729,1,0.0625,11136,86
2.3496044389903545,3.4512499999999995,20,55.21999999999999,16,0,partnership_disguised_sale,2.7376417318979898,3,0.1616,23,0,0,1729,3,0.1875,11264,87
2.3682396900840104,2.441249999999999,20,39.05999999999998,16,0,partnership_disguised_sale,2.7825125058492026,2,0.1608,24,0,0,1729,2,0.125,11392,88
2.350281737744808,0.9196874999999993,16,14.71499999999999,16,0,partnership_disguised_sale,1.1110825141270955,1,0.16,19,0,0,1729,0,0.0,11520,89
2.367147248238325,0.29875000000000035,2,4.780000000000006,16,0,partnership_disguised_sale,0.3851293921470642,3,0.1592,26,0,0,1729,0,0.0,11648,90
2.356099939905107,3.9290624999999992,20,62.86499999999999,16,0,partnership_disguised_sale,4.036747773488362,5,0.1584,22,0,0,1729,3,0.1875,11776,91
2.352032179478556,3.9287499999999995,20,62.85999999999999,16,0,partnership_disguised_sale,3.2058226267496743,5,0.1576,24,0,0,1729,3,0.1875,11904,92
2.4223574427887797,2.928437499999998,20,46.85499999999997,16,0,partnership_disguised_sale,2.0545812447865806,4,0.1569,23,0,0,1729,2,0.125,12032,93
2.3759790915064514,3.695312499999997,20,59.12499999999995,16,0,partnership_disguised_sale,2.4336675008138022,4,0.1561,22,0,0,1729,2,0.125,12160,94
2.40598351880908,9.223684210526317,20,175.25000000000003,19,0,partnership_disguised_sale,7.745179971059163,10,0.1553,18,0,0,1729,9,0.47368421052631576,12288,95
2.2463631317950785,0.6990624999999991,10,11.184999999999986,16,0,partnership_disguised_sale,0.7462279001871744,3,0.1545,20,0,0,1729,0,0.0,12416,96
2.342605432495475,4.659375000000001,20,74.55000000000001,16,0,partnership_disguised_sale,2.984706163406372,7,0.1537,18,0,0,1729,2,0.125,12544,97
2.358686590567231,1.0646875000000002,18,17.035000000000004,16,0,partnership_disguised_sale,1.0856066544850667,1,0.153,31,0,0,1729,1,0.0625,12672,98
2.2457443065941334,4.936562499999998,20,78.98499999999997,16,0,partnership_disguised_sale,3.4081039428710938,6,0.1522,14,0,0,1729,3,0.1875,12800,99
2.7983955089002848,-0.13812499999999986,0,-2.2099999999999977,16,0,partnership_disguised_sale,-0.1523108333349228,0,0.25,36,1,0,1730,0,0.0,128,0
2.645900260657072,1.1596874999999998,20,18.554999999999996,16,0,partnership_disguised_sale,1.417658527692159,2,0.2487,31,1,0,1730,1,0.0625,256,1
2.6956946989521384,-0.10781249999999987,0,-1.7249999999999979,16,0,partnership_disguised_sale,-0.12567843993504843,0,0.2475,29,1,0,1730,0,0.0,384,2
2.7575588254258037,2.1471875,18,34.355,16,0,partnership_disguised_sale,2.4096834659576416,2,0.2463,34,1,0,1730,2,0.125,512,3
2.698198175057769,-0.09999999999999991,0,-1.5999999999999985,16,0,partnership_disguised_sale,-0.1261354312300682,0,0.245,26,1,0,1730,0,0.0,640,4
2.5736458161845803,1.1728125000000011,20,18.76500000000002,16,0,partnership_disguised_sale,1.0803544123967488,1,0.2438,36,1,0,1730,1,0.0625,768,5
2.646867305971682,1.0337500000000006,18,16.54000000000001,16,0,partnership_disguised_sale,1.0666049321492512,1,0.2426,34,1,0,1730,1,0.0625,896,6
2.6147425789386034,-0.06250000000000003,0,-1.0000000000000004,16,0,partnership_disguised_sale,-0.10956001033385594,0,0.2414,28,1,0,1730,0,0.0,1024,7
2.7746135918423533,-0.10343749999999997,0,-1.6549999999999996,16,0,partnership_disguised_sale,-0.106125608086586,0,0.2402,33,1,0,1730,0,0.0,1152,8
2.6055965842679143,1.0515624999999995,18,16.824999999999992,16,0,partnership_disguised_sale,1.065270980199178,1,0.239,28,1,0,1730,1,0.0625,1280,9
2.589430319145322,0.9115625,16,14.585,16,0,partnership_disguised_sale,0.8807116945584615,1,0.2378,22,1,0,1730,0,0.0,1408,10
2.711073823273182,1.2737499999999986,12,20.379999999999978,16,0,partnership_disguised_sale,0.8272324204444885,2,0.2366,27,1,0,1730,0,0.0,1536,11
2.659882402047515,-0.08249999999999999,0,-1.3199999999999998,16,0,partnership_disguised_sale,-0.07502459486325581,0,0.2354,36,1,0,1730,0,0.0,1664,12
2.6578171653673053,-0.09499999999999997,0,-1.5199999999999996,16,0,partnership_disguised_sale,-0.06727455308039983,0,0.2342,25,1,0,1730,0,0.0,1792,13
2.6982080042362213,0.5334374999999996,10,8.534999999999993,16,0,partnership_disguised_sale,0.24614188075065613,1,0.2331,26,1,0,1730,0,0.0,1920,14
2.698696850799024,-0.07531250000000003,0,-1.2050000000000005,16,0,partnership_disguised_sale,-0.1034949744741122,0,0.2319,37,1,0,1730,0,0.0,2048,15
2.7373721515759826,0.01812499999999999,10,0.2899999999999998,16,0,partnership_disguised_sale,-0.028433131674925487,2,0.2307,29,1,0,1730,0,0.0,2176,16
2.5759164383634925,-0.07062499999999998,0,-1.1299999999999997,16,0,partnership_disguised_sale,-0.12603490551312765,0,0.2296,24,1,0,1730,0,0.0,2304,17
2.7290022680535913,1.1531250000000006,18,18.45000000000001,16,0,partnership_disguised_sale,1.0406423409779866,2,0.2284,22,1,0,1730,1,0.0625,2432,18
2.7114101722836494,0.789375,16,12.63,16,0,partnership_disguised_sale,0.6474400758743286,1,0.2273,36,1,0,1730,0,0.0,2560,19
2.6233157198876143,-0.10218749999999993,0,-1.634999999999999,16,0,partnership_disguised_sale,-0.12647307415803274,0,0.2262,20,1,0,1730,0,0.0,2688,20
2.602185503579676,0.025937500000000044,2,0.4150000000000007,16,0,partnership_disguised_sale,-0.12297328561544418,1,0.225,39,1,0,1730,0,0.0,2816,21
2.6569132721051574,-0.09624999999999997,0,-1.5399999999999996,16,0,partnership_disguised_sale,-0.12634040415287018,0,0.2239,32,1,0,1730,0,0.0,2944,22
2.6369021851569414,0.42625,10,6.82,16,0,partnership_disguised_sale,0.10777678589026134,1,0.2228,32,1,0,1730,0,0.0,3072,23
2.6604451797902584,2.306874999999999,20,36.90999999999998,16,0,partnership_disguised_sale,2.4921820958455405,2,0.2217,30,1,0,1730,2,0.125,3200,24
2.564384002238512,1.0459375,18,16.735,16,0,partnership_disguised_sale,1.0937174558639526,1,0.2206,29,1,0,1730,1,0.0625,3328,25
2.6649708887562156,-0.10062499999999991,0,-1.6099999999999985,16,0,partnership_disguised_sale,-0.10971023887395859,0,0.2195,29,1,0,1730,0,0.0,3456,26
2.779833105392754,0.14656250000000007,4,2.345000000000001,16,0,partnership_disguised_sale,-0.08787957330544789,1,0.2184,26,1,0,1730,0,0.0,3584,27
2.734420360997319,-0.09343749999999998,0,-1.4949999999999997,16,0,partnership_disguised_sale,-0.10718174278736115,0,0.2173,26,1,0,1730,0,0.0,3712,28
2.6678990479558706,1.1475000000000006,20,18.36000000000001,16,0,partnership_disguised_sale,1.4444568951924641,3,0.2162,21,1,0,1730,1,0.0625,3840,29
2.596544931642711,1.158437500000001,20,18.535000000000014,16,0,partnership_disguised_sale,1.5285996596018474,1,0.2151,26,1,0,1730,1,0.0625,3968,30
2.6278131986036897,2.294374999999999,20,36.70999999999999,16,0,partnership_disguised_sale,2.835013469060262,3,0.214,28,1,0,1730,2,0.125,4096,31
2.6971691036596894,-0.09156249999999995,0,-1.4649999999999992,16,0,partnership_disguised_sale,-0.11925526211659114,0,0.213,29,1,0,1730,0,0.0,4224,32
2.512859618291259,-0.05718750000000004,0,-0.9150000000000006,16,0,partnership_disguised_sale,-0.07497594008843105,0,0.2119,28,1,0,1730,0,0.0,4352,33
2.661153339780867,-0.07999999999999999,0,-1.2799999999999998,16,0,partnership_disguised_sale,-0.12052329629659653,0,0.2108,25,1,0,1730,0,0.0,4480,34
2.6631669141352177,-0.08812499999999994,0,-1.409999999999999,16,0,partnership_disguised_sale,-0.12882606933514276,0,0.2098,31,1,0,1730,0,0.0,4608,35
2.625977110117674,-0.06437500000000003,0,-1.0300000000000005,16,0,partnership_disguised_sale,-0.092702217400074,0,0.2087,35,1,0,1730,0,0.0,4736,36
2.617145006544888,1.04,18,16.64,16,0,partnership_disguised_sale,1.1491502126057942,1,0.2077,21,1,0,1730,1,0.0625,4864,37
2.5261704437434673,-0.07312500000000002,0,-1.1700000000000004,16,0,partnership_disguised_sale,-0.1355276107788086,0,0.2066,36,1,0,1730,0,0.0,4992,38
2.407328611239791,-0.06031250000000004,0,-0.9650000000000006,16,0,partnership_disguised_sale,-0.12172137449185054,0,0.2056,29,1,0,1730,0,0.0,5120,39
2.6777643924579024,-0.10968749999999995,0,-1.7549999999999992,16,0,partnership_disguised_sale,-0.13866452872753143,0,0.2046,24,1,0,1730,0,0.0,5248,40
2.5452042827382684,-0.05968750000000004,0,-0.9550000000000006,16,0,partnership_disguised_sale,-0.12393274903297424,0,0.2036,25,1,0,1730,0,0.0,5376,41
2.5609661247581244,1.177187500000001,20,18.835000000000015,16,0,partnership_disguised_sale,1.5331130425135295,1,0.2025,21,1,0,1730,1,0.0625,5504,42
2.6427071234211326,0.3915625000000006,8,6.2650000000000095,16,0,partnership_disguised_sale,0.10738048950831096,1,0.2015,30,1,0,1730,0,0.0,5632,43
2.678283234126866,2.4068749999999968,20,38.50999999999995,16,0,partnership_disguised_sale,2.4293315410614014,3,0.2005,26,1,0,1730,2,0.125,5760,44
2.542497212998569,-0.07406250000000002,0,-1.1850000000000003,16,0,partnership_disguised_sale,-0.09570020933945973,0,0.1995,28,1,0,1730,0,0.0,5888,45
2.5343908360227942,3.424999999999998,20,54.79999999999997,16,0,partnership_disguised_sale,3.4292136828104653,4,0.1985,24,1,0,1730,2,0.125,6016,46
2.5852038878947496,1.1612500000000003,20,18.580000000000005,16,0,partnership_disguised_sale,1.3215290705362956,1,0.1975,31,1,0,1730,1,0.0625,6144,47
2.4448199942708015,1.1818750000000005,20,18.910000000000007,16,0,partnership_disguised_sale,1.39767058690389,1,0.1965,31,1,0,1730,1,0.0625,6272,48
2.5390296895056963,1.0384375,18,16.615,16,0,partnership_disguised_sale,1.3106321493784587,2,0.1956,21,1,0,1730,1,0.0625,6400,49
2.546973337419331,-0.08156249999999995,0,-1.3049999999999993,16,0,partnership_disguised_sale,0.012363314628601074,0,0.1946,23,1,0,1730,0,0.0,6528,50
2.6086579291149974,1.1756249999999997,20,18.809999999999995,16,0,partnership_disguised_sale,0.8790625731150309,1,0.1936,23,1,0,1730,1,0.0625,6656,51
2.5594379361718893,1.18125,20,18.9,16,0,partnership_disguised_sale,1.3791782061258953,1,0.1926,27,1,0,1730,1,0.0625,6784,52
2.4445929508656263,0.6968749999999991,12,11.149999999999986,16,0,partnership_disguised_sale,0.4647972186406453,1,0.1917,28,1,0,1730,0,0.0,6912,53
2.637818893417716,4.797812500000002,20,76.76500000000003,16,0,partnership_disguised_sale,4.6121284166971845,5,0.1907,17,1,0,1730,4,0.25,7040,54
2.606079042889178,-0.07656249999999995,2,-1.2249999999999992,16,0,partnership_disguised_sale,-0.007846206426620483,1,0.1898,23,1,0,1730,0,0.0,7168,55
2.6123775392770767,1.0428125000000004,18,16.685000000000006,16,0,partnership_disguised_sale,1.2126878102620442,1,0.1888,23,1,0,1730,1,0.0625,7296,56
2.4749168660491705,2.555624999999999,20,40.889999999999986,16,0,partnership_disguised_sale,1.9598971207936604,4,0.1879,25,1,0,1730,1,0.0625,7424,57
2.523167308419943,1.0656249999999996,18,17.049999999999994,16,0,partnership_disguised_sale,1.0987552404403687,1,0.1869,19,1,0,1730,1,0.0625,7552,58
2.456198338419199,2.3334375,20,37.335,16,0,partnership_disguised_sale,2.3045190970102944,2,0.186,25,1,0,1730,2,0.125,7680,59
2.667271248996258,3.5515624999999975,20,56.82499999999996,16,0,partnership_disguised_sale,3.7446274757385254,3,0.1851,20,1,0,1730,3,0.1875,7808,60
2.573359079193324,4.6543749999999955,20,74.46999999999993,16,0,partnership_disguised_sale,4.684510707855225,4,0.1841,26,1,0,1730,4,0.25,7936,61
2.5642796950414777,3.0353125000000003,20,48.565000000000005,16,0,partnership_disguised_sale,2.5938846270243325,3,0.1832,25,1,0,1730,2,0.125,8064,62
2.5791707294993103,4.432187500000001,20,70.91500000000002,16,0,partnership_disguised_sale,3.6788082122802734,5,0.1823,26,1,0,1730,3,0.1875,8192,63
2.609140788204968,2.5271874999999993,20,40.43499999999999,16,0,partnership_disguised_sale,1.9143097003300984,5,0.1814,27,1,0,1730,1,0.0625,8320,64
2.473159844055772,1.0393750000000004,18,16.630000000000006,16,0,partnership_disguised_sale,1.3705147902170818,1,0.1805,13,1,0,1730,1,0.0625,8448,65
2.3910877415910363,1.2021875,20,19.235,16,0,partnership_disguised_sale,1.5536245505015056,1,0.1796,24,1,0,1730,1,0.0625,8576,66
2.4986587073653936,3.1934374999999995,20,51.09499999999999,16,0,partnership_disguised_sale,2.181137959162394,4,0.1787,22,1,0,1730,2,0.125,8704,67
2.423849031329155,-0.07656249999999998,0,-1.2249999999999996,16,0,partnership_disguised_sale,0.4388301968574524,0,0.1778,16,1,0,1730,0,0.0,8832,68
2.451180970761925,3.5656249999999976,20,57.04999999999996,16,0,partnership_disguised_sale,3.071386178334554,3,0.1769,21,1,0,1730,3,0.1875,8960,69
2.3663288485258818,4.58125,20,73.3,16,0,partnership_disguised_sale,3.7244341373443604,6,0.176,29,1,0,1730,3,0.1875,9088,70
2.434100422542542,4.675312500000003,20,74.80500000000005,16,0,partnership_disguised_sale,4.093807061513265,4,0.1751,14,1,0,1730,4,0.25,9216,71
2.5558096319437027,6.961764705882354,20,118.35000000000002,17,0,partnership_disguised_sale,6.456084410349528,6,0.1743,25,1,0,1730,6,0.35294117647058826,9344,72
2.442482056096196,3.6609374999999997,20,58.574999999999996,16,0,partnership_disguised_sale,3.6656004587809243,4,0.1734,25,1,0,1730,3,0.1875,9472,73
2.4215490971691906,4.303749999999996,20,68.85999999999994,16,0,partnership_disguised_sale,3.733433167139689,4,0.1725,19,1,0,1730,3,0.1875,9600,74
2.4290488809347153,4.804375,20,76.87,16,0,partnership_disguised_sale,3.7899557749430337,5,0.1717,27,1,0,1730,4,0.25,9728,75
2.336148905567825,3.791874999999996,20,60.66999999999994,16,0,partnership_disguised_sale,3.6161665121714273,4,0.1708,20,1,0,1730,3,0.1875,9856,76
2.2215421297587454,3.9271874999999987,20,62.83499999999998,16,0,partnership_disguised_sale,3.4603591759999595,5,0.1699,23,1,0,1730,3,0.1875,9984,77
2.3038010611198843,6.057500000000001,20,96.92000000000002,16,0,partnership_disguised_sale,5.339356581370036,5,0.1691,14,1,0,1730,5,0.3125,10112,78
2.1928180288523436,3.814374999999996,20,61.02999999999994,16,0,partnership_disguised_sale,3.509114901224772,4,0.1683,19,1,0,1730,3,0.1875,10240,79
2.199968622997403,8.386764705882351,20,142.57499999999996,17,0,partnership_disguised_sale,6.826416492462158,8,0.1674,18,1,0,1730,6,0.35294117647058826,10368,80
2.1996632893569767,4.273749999999998,20,68.37999999999997,16,0,partnership_disguised_sale,3.8019508520762124,5,0.1666,22,1,0,1730,3,0.1875,10496,81
2.174605447333306,4.679062500000002,20,74.86500000000004,16,0,partnership_disguised_sale,4.337170600891113,4,0.1657,21,1,0,1730,4,0.25,10624,82
2.1631204979494214,6.058749999999997,20,96.93999999999996,16,0,partnership_disguised_sale,5.34406057993571,5,0.1649,19,1,0,1730,5,0.3125,10752,83
2.1796436524018645,8.0446875,20,128.715,16,0,partnership_disguised_sale,6.536331494649251,8,0.1641,20,1,0,1730,6,0.375,10880,84
2.190064350143075,6.134374999999999,20,98.14999999999998,16,0,partnership_disguised_sale,5.671005884806315,5,0.1633,17,1,0,1730,5,0.3125,11008,85
2.0516240410506725,2.5243749999999983,20,40.38999999999997,16,0,partnership_disguised_sale,2.9184982776641846,3,0.1625,21,1,0,1730,2,0.125,11136,86
2.0606806124560535,6.427500000000002,20,102.84000000000003,16,0,partnership_disguised_sale,5.193436463673909,7,0.1616,20,1,0,1730,5,0.3125,11264,87
2.0625552269630134,7.932941176470587,20,134.85999999999999,17,0,partnership_disguised_sale,6.322206338246663,7,0.1608,21,1,0,1730,7,0.4117647058823529,11392,88
2.0444228793494403,8.753823529411765,20,148.815,17,0,partnership_disguised_sale,6.838259855906169,8,0.16,24,1,0,1730,7,0.4117647058823529,11520,89
2.0087294159457088,6.066875,20,97.07,16,0,partnership_disguised_sale,5.43176809946696,5,0.1592,20,1,0,1730,5,0.3125,11648,90
1.9188628843985498,6.9259375,20,110.815,16,0,partnership_disguised_sale,5.677355607350667,6,0.1584,21,1,0,1730,5,0.3125,11776,91
2.0307361125014722,7.583235294117651,20,128.91500000000008,17,0,partnership_disguised_sale,5.8884735107421875,8,0.1576,27,1,0,1730,6,0.35294117647058826,11904,92
1.9198826884385198,11.565294117647067,20,196.61000000000013,17,0,partnership_disguised_sale,8.725087483723959,11,0.1569,21,1,0,1730,10,0.5882352941176471,12032,93
1.8571773818694055,9.945000000000007,20,169.06500000000014,17,0,partnership_disguised_sale,7.163586457570394,10,0.1561,23,1,0,1730,8,0.47058823529411764,12160,94
1.5886761555448174,12.87352941176472,20,218.85000000000022,17,0,partnership_disguised_sale,10.253070513407389,11,0.1553,16,1,0,1730,11,0.6470588235294118,12288,95
1.6127572981640697,12.18294117647059,20,207.11000000000004,17,0,partnership_disguised_sale,9.09982967376709,11,0.1545,18,1,0,1730,10,0.5882352941176471,12416,96
1.612260544905439,10.643235294117646,20,180.935,17,0,partnership_disguised_sale,8.521126747131348,10,0.1537,21,1,0,1730,9,0.5294117647058824,12544,97
1.5894846422597766,14.303055555555561,20,257.4550000000001,18,0,partnership_disguised_sale,10.912773132324219,14,0.153,19,1,0,1730,13,0.7222222222222222,12672,98
1.5949589705560356,15.240588235294133,20,259.09000000000026,17,0,partnership_disguised_sale,11.478532791137695,13,0.1522,23,1,0,1730,13,0.7647058823529411,12800,99
2.676618779078126,-0.10406249999999989,0,-1.6649999999999983,16,0,partnership_disguised_sale,-0.13643629352251688,0,0.25,32,2,0,1731,0,0.0,128,0
2.7688935017213225,1.0146875000000004,16,16.235000000000007,16,0,partnership_disguised_sale,0.9463717937469482,2,0.2487,32,2,0,1731,0,0.0,256,1
2.8009266518056393,-0.1153124999999999,0,-1.8449999999999984,16,0,partnership_disguised_sale,-0.14061151444911957,0,0.2475,32,2,0,1731,0,0.0,384,2
2.7296817395836115,-0.10656249999999988,0,-1.704999999999998,16,0,partnership_disguised_sale,-0.15283537407716116,0,0.2463,30,2,0,1731,0,0.0,512,3
2.7478668866679072,-0.09843749999999998,0,-1.5749999999999997,16,0,partnership_disguised_sale,-0.13056268791357675,0,0.245,31,2,0,1731,0,0.0,640,4
2.679193480871618,0.017499999999999977,2,0.27999999999999964,16,0,partnership_disguised_sale,-0.10100745409727097,2,0.2438,29,2,0,1731,0,0.0,768,5
2.649946223013103,0.05093750000000016,2,0.8150000000000026,16,0,partnership_disguised_sale,-0.09987516204516093,1,0.2426,27,2,0,1731,0,0.0,896,6
2.5923586394637823,-0.06468750000000004,0,-1.0350000000000006,16,0,partnership_disguised_sale,-0.1171782910823822,0,0.2414,29,2,0,1731,0,0.0,1024,7
2.6847835443913937,0.5215625000000002,12,8.345000000000002,16,0,partnership_disguised_sale,0.16266084710756937,2,0.2402,29,2,0,1731,0,0.0,1152,8
2.6084162080660462,1.1765625000000006,12,18.82500000000001,16,0,partnership_disguised_sale,0.642011841138204,3,0.239,27,2,0,1731,0,0.0,1280,9
2.721101628616452,0.5071875000000001,10,8.115000000000002,16,0,partnership_disguised_sale,0.27002203464508057,2,0.2378,30,2,0,1731,0,0.0,1408,10
2.665032268501818,0.17343750000000024,2,2.775000000000004,16,0,partnership_disguised_sale,-0.09337979306777318,2,0.2366,36,2,0,1731,0,0.0,1536,11
2.7797804651781917,2.143437499999998,20,34.294999999999966,16,0,partnership_disguised_sale,2.330410877863566,2,0.2354,23,2,0,1731,1,0.0625,1664,12
2.6362069454044104,1.0465624999999996,18,16.744999999999994,16,0,partnership_disguised_sale,1.1704305410385132,1,0.2342,25,2,0,1731,1,0.0625,1792,13
2.620700368657708,-0.07218749999999997,0,-1.1549999999999996,16,0,partnership_disguised_sale,-0.0318178137143453,0,0.2331,33,2,0,1731,0,0.0,1920,14
2.486550617031753,0.32187500000000024,2,5.150000000000004,16,0,partnership_disguised_sale,-0.04498940954605738,3,0.2319,33,2,0,1731,0,0.0,2048,15
2.6882519591599703,3.0390624999999987,20,48.62499999999998,16,0,partnership_disguised_sale,3.025185505549113,5,0.2307,31,2,0,1731,2,0.125,2176,16
2.6297477055341005,1.030312499999999,18,16.484999999999985,16,0,partnership_disguised_sale,1.0640090703964233,1,0.2296,25,2,0,1731,1,0.0625,2304,17
2.6312234019860625,2.146875000000002,18,34.35000000000003,16,0,partnership_disguised_sale,2.3943355083465576,3,0.2284,25,2,0,1731,2,0.125,2432,18
2.633370934985578,2.4059374999999976,20,38.49499999999996,16,0,partnership_disguised_sale,2.5805020332336426,2,0.2273,25,2,0,1731,2,0.125,2560,19
2.5243185674771667,0.5687499999999999,10,9.099999999999998,16,0,partnership_disguised_sale,0.2984822491804759,1,0.2262,33,2,0,1731,0,0.0,2688,20
2.6639195485040545,1.5487500000000003,16,24.780000000000005,16,0,partnership_disguised_sale,1.1865315437316895,2,0.225,30,2,0,1731,0,0.0,2816,21
2.5874603539705276,0.5603124999999989,10,8.964999999999982,16,0,partnership_disguised_sale,0.3134891192118327,1,0.2239,32,2,0,1731,0,0.0,2944,22
2.5242185378447175,1.68375,20,26.94,16,0,partnership_disguised_sale,1.1787145137786865,2,0.2228,32,2,0,1731,1,0.0625,3072,23
2.6092508109286427,-0.0696875,0,-1.115,16,0,partnership_disguised_sale,0.010694543520609537,0,0.2217,25,2,0,1731,0,0.0,3200,24
2.563801716081798,2.2871875000000004,20,36.595000000000006,16,0,partnership_disguised_sale,2.5929906368255615,2,0.2206,24,2,0,1731,2,0.125,3328,25
2.5938338469713926,-0.06281250000000003,0,-1.0050000000000006,16,0,partnership_disguised_sale,-0.04683389514684677,0,0.2195,33,2,0,1731,0,0.0,3456,26
2.686533346772194,4.152499999999997,20,66.43999999999996,16,0,partnership_disguised_sale,3.7020300229390464,4,0.2184,33,2,0,1731,3,0.1875,3584,27
2.7038984950631857,2.4084375000000007,20,38.53500000000001,16,0,partnership_disguised_sale,2.5571282704671225,2,0.2173,31,2,0,1731,2,0.125,3712,28
2.6677745478227735,1.1465624999999995,20,18.34499999999999,16,0,partnership_disguised_sale,1.094408671061198,1,0.2162,37,2,0,1731,1,0.0625,3840,29
2.5059039713814855,-0.07843749999999991,8,-1.2549999999999986,16,0,partnership_disguised_sale,0.0591212660074234,1,0.2151,26,2,0,1731,0,0.0,3968,30
2.5243380246683955,1.1821874999999995,20,18.914999999999992,16,0,partnership_disguised_sale,1.5348537762959797,1,0.214,23,2,0,1731,1,0.0625,4096,31
2.6184934368357062,4.669062500000001,20,74.70500000000001,16,0,partnership_disguised_sale,4.704806963602702,4,0.213,21,2,0,1731,3,0.1875,4224,32
2.6236427053809166,-0.0828125,0,-1.325,16,0,partnership_disguised_sale,-0.040990546345710754,0,0.2119,21,2,0,1731,0,0.0,4352,33
2.5852039977908134,1.8059374999999998,18,28.894999999999996,16,0,partnership_disguised_sale,1.5710889101028442,3,0.2108,28,2,0,1731,1,0.0625,4480,34
2.570842931047082,1.1503124999999998,20,18.404999999999998,16,0,partnership_disguised_sale,1.2309754292170207,1,0.2098,36,2,0,1731,1,0.0625,4608,35
2.6249636821448803,2.4174999999999986,20,38.67999999999998,16,0,partnership_disguised_sale,2.214762051900228,2,0.2087,27,2,0,1731,2,0.125,4736,36
2.579404995776713,-0.09125,0,-1.46,16,0,partnership_disguised_sale,0.055512418349583946,0,0.2077,30,2,0,1731,0,0.0,4864,37
2.63509542029351,2.253437499999999,20,36.054999999999986,16,0,partnership_disguised_sale,2.371433973312378,2,0.2066,24,2,0,1731,2,0.125,4992,38
2.606481693685055,2.4243749999999977,20,38.789999999999964,16,0,partnership_disguised_sale,2.5985255241394043,2,0.2056,28,2,0,1731,2,0.125,5120,39
2.5442052129656076,1.3009374999999999,20,20.814999999999998,16,0,partnership_disguised_sale,1.4174997806549072,4,0.2046,22,2,0,1731,1,0.0625,5248,40
2.4135212330147624,2.315625,20,37.05,16,0,partnership_disguised_sale,2.4270921548207602,2,0.2036,27,2,0,1731,2,0.125,5376,41
2.576749010477215,1.1578124999999995,10,18.52499999999999,16,0,partnership_disguised_sale,0.5600300629933676,4,0.2025,28,2,0,1731,0,0.0,5504,42
2.6282649263739586,4.422187499999998,20,70.75499999999997,16,0,partnership_disguised_sale,3.5598762035369873,6,0.2015,24,2,0,1731,3,0.1875,5632,43
2.522536705248058,1.8093750000000008,20,28.950000000000014,16,0,partnership_disguised_sale,1.4424920479456584,2,0.2005,28,2,0,1731,1,0.0625,5760,44
2.568452504929155,3.688749999999997,20,59.01999999999995,16,0,partnership_disguised_sale,3.254568417867025,4,0.1995,35,2,0,1731,3,0.1875,5888,45
2.4017625492997468,1.1831249999999995,20,18.929999999999993,16,0,partnership_disguised_sale,1.5555416742960613,2,0.1985,15,2,0,1731,1,0.0625,6016,46
2.516014956869185,4.43125,20,70.9,16,0,partnership_disguised_sale,4.022029399871826,4,0.1975,27,2,0,1731,2,0.125,6144,47
2.66180042270571,4.3903124999999985,20,70.24499999999998,16,0,partnership_disguised_sale,3.0825020472208657,5,0.1965,23,2,0,1731,2,0.125,6272,48
2.457500012591481,4.420294117647058,20,75.14499999999998,17,0,partnership_disguised_sale,3.8184053897857666,4,0.1956,23,2,0,1731,4,0.23529411764705882,6400,49
2.4746866077184677,1.6806249999999996,18,26.889999999999993,16,0,partnership_disguised_sale,1.1074986060460408,2,0.1946,27,2,0,1731,1,0.0625,6528,50
2.4614636236801744,1.6562499999999998,18,26.499999999999996,16,0,partnership_disguised_sale,1.3726389408111572,3,0.1936,29,2,0,1731,1,0.0625,6656,51
2.383398562669754,1.1856250000000008,20,18.970000000000013,16,0,partnership_disguised_sale,1.5849384864171345,2,0.1926,27,2,0,1731,1,0.0625,6784,52
2.3096304405480623,3.7003124999999972,20,59.204999999999956,16,0,partnership_disguised_sale,3.335633913675944,4,0.1917,31,2,0,1731,3,0.1875,6912,53
2.456357047893107,2.4074999999999984,20,38.519999999999975,16,0,partnership_disguised_sale,2.430759827295939,2,0.1907,21,2,0,1731,2,0.125,7040,54
2.4621006273664534,1.2837500000000006,20,20.54000000000001,16,0,partnership_disguised_sale,1.2675598462422688,4,0.1898,24,2,0,1731,1,0.0625,7168,55
2.529750842601061,5.6515625,20,90.425,16,0,partnership_disguised_sale,4.028412977854411,8,0.1888,27,2,0,1731,3,0.1875,7296,56
2.48285111784935,1.2887499999999998,20,20.619999999999997,16,0,partnership_disguised_sale,1.4170575141906738,2,0.1879,24,2,0,1731,1,0.0625,7424,57
2.6427220553159714,6.523125,20,104.37,16,0,partnership_disguised_sale,5.7907646497090655,6,0.1869,27,2,0,1731,5,0.3125,7552,58
2.4177056453190744,4.919999999999998,20,78.71999999999997,16,0,partnership_disguised_sale,4.863447507222493,5,0.186,14,2,0,1731,4,0.25,7680,59
2.425014424137771,1.165,20,18.64,16,0,partnership_disguised_sale,1.4018759727478027,1,0.1851,21,2,0,1731,1,0.0625,7808,60
2.4675499238073826,4.412500000000001,20,70.60000000000002,16,0,partnership_disguised_sale,4.142145315806071,5,0.1841,25,2,0,1731,3,0.1875,7936,61
2.5156902568414807,1.7553125000000003,20,28.085000000000004,16,0,partnership_disguised_sale,1.7147079308827717,2,0.1832,21,2,0,1731,1,0.0625,8064,62
2.496024868451059,3.642187499999999,20,58.274999999999984,16,0,partnership_disguised_sale,3.9029319286346436,3,0.1823,28,2,0,1731,3,0.1875,8192,63
2.4332219073548913,2.429375,20,38.87,16,0,partnership_disguised_sale,2.2467458248138428,2,0.1814,18,2,0,1731,2,0.125,8320,64
2.4208738300949335,4.805625000000001,20,76.89000000000001,16,0,partnership_disguised_sale,3.9181691805521646,5,0.1805,25,2,0,1731,4,0.25,8448,65
2.5571737932041287,2.3596874999999997,20,37.754999999999995,16,0,partnership_disguised_sale,2.934627135594686,2,0.1796,19,2,0,1731,2,0.125,8576,66
2.482672782614827,8.272058823529418,20,140.6250000000001,17,0,partnership_disguised_sale,6.977113246917725,8,0.1787,27,2,0,1731,7,0.4117647058823529,8704,67
2.3609020584262908,6.896875000000001,20,110.35000000000002,16,0,partnership_disguised_sale,5.236794312795003,8,0.1778,19,2,0,1731,5,0.3125,8832,68
2.1929746395908296,9.47411764705883,20,161.0600000000001,17,0,partnership_disguised_sale,7.2315216064453125,10,0.1769,16,2,0,1731,8,0.47058823529411764,8960,69
2.2564725247211754,7.797812500000003,20,124.76500000000004,16,0,partnership_disguised_sale,5.927124977111816,9,0.176,27,2,0,1731,6,0.375,9088,70
2.1216092463582754,8.313750000000002,20,133.02000000000004,16,0,partnership_disguised_sale,6.221062819163005,8,0.1751,18,2,0,1731,6,0.375,9216,71
2.0938555328175426,10.499411764705885,20,178.49000000000004,17,0,partnership_disguised_sale,8.460861841837565,9,0.1743,22,2,0,1731,9,0.5294117647058824,9344,72
1.999328788369894,8.639705882352942,20,146.87500000000003,17,0,partnership_disguised_sale,6.392719268798828,11,0.1734,21,2,0,1731,7,0.4117647058823529,9472,73
1.8967270711436868,6.297500000000001,20,100.76000000000002,16,0,partnership_disguised_sale,5.639869689941406,6,0.1725,21,2,0,1731,5,0.3125,9600,74
1.9732413170859218,10.513888888888893,20,189.25000000000006,18,0,partnership_disguised_sale,7.581873893737793,11,0.1717,20,2,0,1731,9,0.5,9728,75
1.9062271423172206,13.828529411764716,20,235.08500000000018,17,0,partnership_disguised_sale,10.453503608703613,12,0.1708,22,2,0,1731,12,0.7058823529411765,9856,76
1.8553438386879861,10.507222222222222,20,189.13,18,0,partnership_disguised_sale,7.864253997802734,10,0.1699,19,2,0,1731,9,0.5,9984,77
1.791756998281926,7.672812499999998,20,122.76499999999997,16,0,partnership_disguised_sale,6.130022843678792,8,0.1691,23,2,0,1731,6,0.375,10112,78
1.725704095326364,8.77352941176471,20,149.15000000000006,17,0,partnership_disguised_sale,6.356527328491211,9,0.1683,21,2,0,1731,7,0.4117647058823529,10240,79
1.7935758661478758,10.288823529411772,20,174.9100000000001,17,0,partnership_disguised_sale,7.826346238454183,9,0.1674,23,2,0,1731,9,0.5294117647058824,10368,80
1.774454359197989,11.56617647058824,20,196.62500000000009,17,0,partnership_disguised_sale,8.205490112304688,11,0.1666,20,2,0,1731,9,0.5294117647058824,10496,81
1.7697313171811402,12.1325,20,218.385,18,0,partnership_disguised_sale,9.310462633768717,12,0.1657,27,2,0,1731,11,0.6111111111111112,10624,82
1.6426173518411815,13.03694444444446,20,234.66500000000028,18,0,partnership_disguised_sale,9.892012278238932,12,0.1649,17,2,0,1731,12,0.6666666666666666,10752,83
1.5029507901053876,15.751842105263169,20,299.2850000000002,19,0,partnership_disguised_sale,12.304599126180014,15,0.1641,17,2,0,1731,15,0.7894736842105263,10880,84
1.5479660059791058,12.405277777777783,20,223.2950000000001,18,0,partnership_disguised_sale,9.221322377522787,13,0.1633,17,2,0,1731,11,0.6111111111111112,11008,85
1.6094723171554506,10.644117647058824,20,180.95000000000002,17,0,partnership_disguised_sale,8.258280436197916,11,0.1625,22,2,0,1731,9,0.5294117647058824,11136,86
1.6552460471866652,13.94861111111112,20,251.07500000000016,18,0,partnership_disguised_sale,9.971356074015299,14,0.1616,18,2,0,1731,12,0.6666666666666666,11264,87
1.5903325509279966,12.071388888888894,20,217.28500000000008,18,0,partnership_disguised_sale,9.362109502156576,11,0.1608,19,2,0,1731,11,0.6111111111111112,11392,88
1.7955923954723403,11.618611111111123,20,209.13500000000022,18,0,partnership_disguised_sale,8.5010134379069,11,0.16,27,2,0,1731,10,0.5555555555555556,11520,89
1.8164006026927382,11.352647058823536,20,192.9950000000001,17,0,partnership_disguised_sale,8.304756164550781,12,0.1592,26,2,0,1731,9,0.5294117647058824,11648,90
1.6696204100735486,10.50361111111112,20,189.06500000000017,18,0,partnership_disguised_sale,8.064343134562174,10,0.1584,20,2,0,1731,9,0.5,11776,91
1.710019902093336,10.496388888888893,20,188.93500000000006,18,0,partnership_disguised_sale,7.403840223948161,11,0.1576,20,2,0,1731,9,0.5,11904,92
1.615581266116351,15.177500000000006,20,273.1950000000001,18,0,partnership_disguised_sale,11.125027338663736,14,0.1569,19,2,0,1731,14,0.7777777777777778,12032,93
1.6092556540388614,14.942500000000008,20,268.96500000000015,18,0,partnership_disguised_sale,11.113290468851725,14,0.1561,17,2,0,1731,13,0.7222222222222222,12160,94
1.557415377581492,14.586842105263166,20,277.15000000000015,19,0,partnership_disguised_sale,11.390947341918945,14,0.1553,25,2,0,1731,14,0.7368421052631579,12288,95
1.423127923393622,15.084250000000015,20,301.6850000000003,20,0,partnership_disguised_sale,11.588464419047037,16,0.1545,17,2,0,1731,15,0.75,12416,96
1.4256392332026735,13.856842105263162,20,263.2800000000001,19,0,partnership_disguised_sale,10.744297981262207,15,0.1537,18,2,0,1731,13,0.6842105263157895,12544,97
1.483528770506382,15.115000000000016,20,256.95500000000027,17,0,partnership_disguised_sale,11.4814453125,13,0.153,22,2,0,1731,13,0.7647058823529411,12672,98
1.6155464979819953,13.364166666666682,20,240.55500000000026,18,0,partnership_disguised_sale,10.033649762471518,13,0.1522,26,2,0,1731,12,0.6666666666666666,12800,99
2.569156602025032,-0.08406249999999997,0,-1.3449999999999995,16,0,partnership_disguised_sale,-0.11841107408205669,0,0.25,30,3,0,1732,0,0.0,128,0
2.7219924330711365,-0.11468749999999991,0,-1.8349999999999986,16,0,partnership_disguised_sale,-0.13509493072827658,0,0.2487,32,3,0,1732,0,0.0,256,1
2.665567091666162,-0.08906249999999993,0,-1.424999999999999,16,0,partnership_disguised_sale,-0.13048136234283447,0,0.2475,27,3,0,1732,0,0.0,384,2
2.605492990463972,1.1643749999999995,20,18.629999999999992,16,0,partnership_disguised_sale,1.5481476386388142,1,0.2463,27,3,0,1732,1,0.0625,512,3
2.7266924642026424,0.6574999999999998,10,10.519999999999996,16,0,partnership_disguised_sale,0.2813170750935872,2,0.245,46,3,0,1732,0,0.0,640,4
2.819070326164365,-0.10937499999999992,0,-1.7499999999999987,16,0,partnership_disguised_sale,-0.13584980368614197,0,0.2438,24,3,0,1732,0,0.0,768,5
2.8517946787178516,1.0021875000000005,18,16.035000000000007,16,0,partnership_disguised_sale,0.948008676369985,1,0.2426,32,3,0,1732,1,0.0625,896,6
2.684638701379299,0.5328124999999995,10,8.524999999999991,16,0,partnership_disguised_sale,0.2070936659971873,1,0.2414,33,3,0,1732,0,0.0,1024,7
2.634380115196109,1.1640625000000009,20,18.625000000000014,16,0,partnership_disguised_sale,1.0604457060496013,2,0.2402,37,3,0,1732,1,0.0625,1152,8
2.657530777156353,1.1628125000000002,20,18.605000000000004,16,0,partnership_disguised_sale,1.4579676389694214,1,0.239,25,3,0,1732,1,0.0625,1280,9
2.509982569143176,-0.08531249999999996,0,-1.3649999999999993,16,0,partnership_disguised_sale,-0.06384458641211192,0,0.2378,34,3,0,1732,0,0.0,1408,10
2.5631303396075964,1.1868749999999997,10,18.989999999999995,16,0,partnership_disguised_sale,0.6102497378985087,2,0.2366,29,3,0,1732,0,0.0,1536,11
2.635342901572585,-0.06343750000000002,0,-1.0150000000000003,16,0,partnership_disguised_sale,-0.05599623918533325,0,0.2354,31,3,0,1732,0,0.0,1664,12
2.659013389609754,0.4256250000000005,8,6.810000000000008,16,0,partnership_disguised_sale,0.123099684715271,1,0.2342,27,3,0,1732,0,0.0,1792,13
2.6778989136219025,-0.08406249999999993,0,-1.3449999999999989,16,0,partnership_disguised_sale,-0.10245019445816676,0,0.2331,29,3,0,1732,0,0.0,1920,14
2.7386607276275754,0.5212499999999995,10,8.339999999999993,16,0,partnership_disguised_sale,0.26707013448079425,1,0.2319,32,3,0,1732,0,0.0,2048,15
2.8605849565938115,1.148749999999999,20,18.379999999999985,16,0,partnership_disguised_sale,0.8656225601832072,1,0.2307,24,3,0,1732,1,0.0625,2176,16
2.659762492403388,-0.075,0,-1.2,16,0,partnership_disguised_sale,-0.11969232062498729,0,0.2296,33,3,0,1732,0,0.0,2304,17
2.7464200500398874,-0.09718749999999991,0,-1.5549999999999986,16,0,partnership_disguised_sale,-0.13440688947836557,0,0.2284,36,3,0,1732,0,0.0,2432,18
2.80291351582855,-0.10656249999999994,0,-1.704999999999999,16,0,partnership_disguised_sale,-0.13675998151302338,0,0.2273,31,3,0,1732,0,0.0,2560,19
2.6572495102882385,1.0318749999999999,18,16.509999999999998,16,0,partnership_disguised_sale,1.2079958120981853,1,0.2262,27,3,0,1732,1,0.0625,2688,20
2.604075108654797,-0.09593749999999993,0,-1.5349999999999988,16,0,partnership_disguised_sale,-0.12565775712331137,0,0.225,35,3,0,1732,0,0.0,2816,21
2.7847882583737373,-0.09468749999999994,0,-1.514999999999999,16,0,partnership_disguised_sale,-0.1264273871978124,0,0.2239,28,3,0,1732,0,0.0,2944,22
2.7800624733790755,1.13875,20,18.22,16,0,partnership_disguised_sale,1.503846565882365,1,0.2228,37,3,0,1732,1,0.0625,3072,23
2.6474070958793163,1.1631249999999995,10,18.609999999999992,16,0,partnership_disguised_sale,0.48559953769048053,2,0.2217,32,3,0,1732,0,0.0,3200,24
2.585166468285024,-0.08562500000000002,0,-1.3700000000000003,16,0,partnership_disguised_sale,-0.10325753192106883,0,0.2206,32,3,0,1732,0,0.0,3328,25
2.8521358342841268,-0.09999999999999991,0,-1.5999999999999985,16,0,partnership_disguised_sale,-0.11056513090928395,0,0.2195,30,3,0,1732,0,0.0,3456,26
2.6295748138800263,0.6878124999999989,10,11.004999999999983,16,0,partnership_disguised_sale,0.2592375874519348,2,0.2184,33,3,0,1732,0,0.0,3584,27
2.6874379431828856,-0.09687499999999993,0,-1.549999999999999,16,0,partnership_disguised_sale,-0.11020507166783015,0,0.2173,31,3,0,1732,0,0.0,3712,28
2.646260228008032,1.1696874999999998,20,18.714999999999996,16,0,partnership_disguised_sale,1.4812994003295898,1,0.2162,27,3,0,1732,1,0.0625,3840,29
2.6798933716490865,-0.10124999999999995,0,-1.6199999999999992,16,0,partnership_disguised_sale,-0.11938674002885818,0,0.2151,35,3,0,1732,0,0.0,3968,30
2.7003812873736024,-0.09218749999999992,0,-1.4749999999999988,16,0,partnership_disguised_sale,-0.14374726017316183,0,0.214,26,3,0,1732,0,0.0,4096,31
2.5674449363723397,0.05531249999999997,2,0.8849999999999996,16,0,partnership_disguised_sale,-0.11591194570064545,1,0.213,26,3,0,1732,0,0.0,4224,32
2.5946430414915085,-0.09937499999999998,0,-1.5899999999999996,16,0,partnership_disguised_sale,-0.12725970149040222,0,0.2119,24,3,0,1732,0,0.0,4352,33
2.611391245853156,3.6599999999999984,20,58.559999999999974,16,0,partnership_disguised_sale,3.609574635823568,4,0.2108,25,3,0,1732,2,0.125,4480,34
2.411249085329473,0.06343750000000022,2,1.0150000000000035,16,0,partnership_disguised_sale,-0.10658001403013866,1,0.2098,29,3,0,1732,0,0.0,4608,35
2.3954170159995556,1.0825000000000005,18,17.320000000000007,16,0,partnership_disguised_sale,1.2011535167694092,1,0.2087,37,3,0,1732,1,0.0625,4736,36
2.5388970472849905,-0.05531250000000004,0,-0.8850000000000007,16,0,partnership_disguised_sale,-0.10859968513250351,0,0.2077,19,3,0,1732,0,0.0,4864,37
2.3465820252895355,-0.061562500000000034,0,-0.9850000000000005,16,0,partnership_disguised_sale,-0.1022514005502065,0,0.2066,31,3,0,1732,0,0.0,4992,38
2.4854248277843,1.6943749999999997,20,27.109999999999996,16,0,partnership_disguised_sale,1.7403606176376343,2,0.2056,31,3,0,1732,1,0.0625,5120,39
2.482107877265662,-0.05750000000000004,0,-0.9200000000000006,16,0,partnership_disguised_sale,-0.08885402729113896,0,0.2046,28,3,0,1732,0,0.0,5248,40
2.470090664923191,-0.05250000000000003,0,-0.8400000000000005,16,0,partnership_disguised_sale,-0.08583814899126689,0,0.2036,28,3,0,1732,0,0.0,5376,41
2.269237626809627,-0.042812500000000024,0,-0.6850000000000004,16,0,partnership_disguised_sale,-0.10898001243670781,0,0.2025,31,3,0,1732,0,0.0,5504,42
2.2600517380051315,-0.04000000000000002,0,-0.6400000000000003,16,0,partnership_disguised_sale,-0.10558384905258815,0,0.2015,26,3,0,1732,0,0.0,5632,43
2.340020450297743,2.062187499999999,18,32.99499999999998,16,0,partnership_disguised_sale,2.3948896725972495,2,0.2005,20,3,0,1732,1,0.0625,5760,44
2.214202681556344,1.2115625000000012,20,19.38500000000002,16,0,partnership_disguised_sale,1.5879265467325847,1,0.1995,22,3,0,1732,1,0.0625,5888,45
2.274724629241973,1.3225000000000002,20,21.160000000000004,16,0,partnership_disguised_sale,0.930198053518931,2,0.1985,27,3,0,1732,1,0.0625,6016,46
2.2584458524361253,2.4618749999999974,20,39.38999999999996,16,0,partnership_disguised_sale,2.8499040603637695,2,0.1975,22,3,0,1732,2,0.125,6144,47
2.2860781578347087,3.075624999999999,20,49.20999999999999,16,0,partnership_disguised_sale,2.59528382619222,4,0.1965,17,3,0,1732,2,0.125,6272,48
2.1806057738140225,1.2074999999999998,20,19.319999999999997,16,0,partnership_disguised_sale,1.3626772562662761,1,0.1956,21,3,0,1732,1,0.0625,6400,49
2.324489118065685,1.8096874999999994,20,28.95499999999999,16,0,partnership_disguised_sale,1.768341302871704,2,0.1946,34,3,0,1732,1,0.0625,6528,50
2.2515844963490963,2.327812499999997,20,37.244999999999955,16,0,partnership_disguised_sale,2.492612282435099,2,0.1936,28,3,0,1732,2,0.125,6656,51
2.27359477058053,3.704062499999997,20,59.26499999999995,16,0,partnership_disguised_sale,3.384577910105387,4,0.1926,21,3,0,1732,3,0.1875,6784,52
2.4065363365225494,1.1943750000000002,20,19.110000000000003,16,0,partnership_disguised_sale,1.510833501815796,1,0.1917,27,3,0,1732,1,0.0625,6912,53
2.2588427243754268,1.085,18,17.36,16,0,partnership_disguised_sale,1.1389209826787312,1,0.1907,26,3,0,1732,1,0.0625,7040,54
2.2676737317815423,0.57375,12,9.18,16,0,partnership_disguised_sale,0.8673235972722372,3,0.1898,24,3,0,1732,0,0.0,7168,55
2.384878600947559,2.452812499999999,20,39.24499999999998,16,0,partnership_disguised_sale,2.213715076446533,3,0.1888,17,3,0,1732,2,0.125,7296,56
2.3753976775333285,1.0571875000000002,10,16.915000000000003,16,0,partnership_disguised_sale,0.6859403252601624,3,0.1879,24,3,0,1732,0,0.0,7424,57
2.30593444313854,1.3271875000000009,20,21.235000000000014,16,0,partnership_disguised_sale,1.3871797323226929,2,0.1869,23,3,0,1732,1,0.0625,7552,58
2.4123495370149612,2.429687499999999,20,38.874999999999986,16,0,partnership_disguised_sale,2.467170159022013,2,0.186,25,3,0,1732,2,0.125,7680,59
2.469628233462572,2.5471874999999997,20,40.754999999999995,16,0,partnership_disguised_sale,2.511660655339559,3,0.1851,27,3,0,1732,2,0.125,7808,60
2.310960154980421,2.3328125,20,37.325,16,0,partnership_disguised_sale,2.4695826371510825,2,0.1841,29,3,0,1732,2,0.125,7936,61
2.310365693178028,2.9493749999999994,20,47.18999999999999,16,0,partnership_disguised_sale,2.320501724878947,3,0.1832,23,3,0,1732,2,0.125,8064,62
2.283372303470969,3.202187499999998,20,51.23499999999997,16,0,partnership_disguised_sale,2.5521135330200195,4,0.1823,16,3,0,1732,2,0.125,8192,63
2.3089689444750547,3.797187499999995,20,60.75499999999992,16,0,partnership_disguised_sale,3.5397324562072754,4,0.1814,27,3,0,1732,3,0.1875,8320,64
2.2307658968493342,6.195000000000001,20,99.12000000000002,16,0,partnership_disguised_sale,4.575164635976155,8,0.1805,22,3,0,1732,4,0.25,8448,65
2.1928479205816984,5.5628125,20,89.005,16,0,partnership_disguised_sale,4.4467997550964355,5,0.1796,29,3,0,1732,4,0.25,8576,66
2.2152489442378283,1.8165625000000003,20,29.065000000000005,16,0,partnership_disguised_sale,1.847655177116394,2,0.1787,27,3,0,1732,1,0.0625,8704,67
1.958002313040197,7.021764705882353,20,119.36999999999999,17,0,partnership_disguised_sale,6.18505318959554,6,0.1778,12,3,0,1732,6,0.35294117647058826,8832,68
2.071371897123754,4.822187499999998,20,77.15499999999997,16,0,partnership_disguised_sale,4.572155952453613,4,0.1769,24,3,0,1732,4,0.25,8960,69
1.9485787362791598,6.188749999999999,20,99.01999999999998,16,0,partnership_disguised_sale,5.415965874989827,5,0.176,13,3,0,1732,5,0.3125,9088,70
2.06069498648867,7.340588235294118,20,124.79,17,0,partnership_disguised_sale,5.99672810236613,7,0.1751,24,3,0,1732,6,0.35294117647058826,9216,71
2.133358441758901,4.330624999999999,20,69.28999999999998,16,0,partnership_disguised_sale,4.051867802937825,6,0.1743,26,3,0,1732,3,0.1875,9344,72
1.9697474925778806,8.201874999999998,20,131.22999999999996,16,0,partnership_disguised_sale,5.386841932932536,9,0.1734,18,3,0,1732,5,0.3125,9472,73
1.828307474963367,10.985882352941182,20,186.7600000000001,17,0,partnership_disguised_sale,8.593578974405924,11,0.1725,13,3,0,1732,9,0.5294117647058824,9600,74
1.9350744462572038,7.125588235294121,20,121.13500000000005,17,0,partnership_disguised_sale,6.014578978220622,7,0.1717,20,3,0,1732,6,0.35294117647058826,9728,75
2.0462544709444046,5.4118749999999975,20,86.58999999999996,16,0,partnership_disguised_sale,4.638704140981038,5,0.1708,28,3,0,1732,4,0.25,9856,76
1.8506453749723732,12.068235294117653,20,205.16000000000008,17,0,partnership_disguised_sale,8.612098375956217,11,0.1699,14,3,0,1732,10,0.5882352941176471,9984,77
1.7375070627313107,6.202187500000001,20,99.23500000000001,16,0,partnership_disguised_sale,5.501778920491536,6,0.1691,16,3,0,1732,5,0.3125,10112,78
1.7602897863835096,9.378823529411768,20,159.44000000000005,17,0,partnership_disguised_sale,6.513110796610515,9,0.1683,24,3,0,1732,7,0.4117647058823529,10240,79
1.6083181062713265,12.897058823529415,20,219.25000000000006,17,0,partnership_disguised_sale,9.936176935831705,11,0.1674,17,3,0,1732,11,0.6470588235294118,10368,80
1.7025784347206354,11.47852941176471,20,195.13500000000005,17,0,partnership_disguised_sale,8.846026738484701,10,0.1666,21,3,0,1732,10,0.5882352941176471,10496,81
1.5798537130467594,10.670882352941177,20,181.40500000000003,17,0,partnership_disguised_sale,7.59447717666626,11,0.1657,20,3,0,1732,8,0.47058823529411764,10624,82
1.6190276513807476,9.361176470588234,20,159.14,17,0,partnership_disguised_sale,7.487298647562663,8,0.1649,20,3,0,1732,8,0.47058823529411764,10752,83
1.532763794530183,9.38264705882353,20,159.505,17,0,partnership_disguised_sale,7.468325773874919,8,0.1641,21,3,0,1732,8,0.47058823529411764,10880,84
1.6996174897067249,8.780588235294118,20,149.27,17,0,partnership_disguised_sale,6.676300207773845,8,0.1633,27,3,0,1732,7,0.4117647058823529,11008,85
1.5228059380315244,12.083888888888898,20,217.51000000000016,18,0,partnership_disguised_sale,9.156288146972656,12,0.1625,18,3,0,1732,11,0.6111111111111112,11136,86
1.4508971439208835,14.515833333333344,20,261.2850000000002,18,0,partnership_disguised_sale,11.26037851969401,14,0.1616,20,3,0,1732,13,0.7222222222222222,11264,87
1.5356093421578407,15.408333333333344,20,277.3500000000002,18,0,partnership_disguised_sale,11.548720995585123,14,0.1608,22,3,0,1732,14,0.7777777777777778,11392,88
1.582983502652496,9.121764705882352,20,155.07,17,0,partnership_disguised_sale,6.438612302144368,9,0.16,24,3,0,1732,7,0.4117647058823529,11520,89
1.5835963954450563,12.765882352941178,20,217.02000000000004,17,0,partnership_disguised_sale,8.87637201944987,12,0.1592,30,3,0,1732,10,0.5882352941176471,11648,90
1.4463873887434602,12.897352941176477,20,219.2550000000001,17,0,partnership_disguised_sale,9.249893506368002,12,0.1584,27,3,0,1732,10,0.5882352941176471,11776,91
1.335110776592046,14.402777777777784,20,259.2500000000001,18,0,partnership_disguised_sale,11.152933756510416,13,0.1576,15,3,0,1732,13,0.7222222222222222,11904,92
1.4815234004054219,12.882058823529414,20,218.99500000000003,17,0,partnership_disguised_sale,10.351816813151041,11,0.1569,24,3,0,1732,11,0.6470588235294118,12032,93
1.333332325797528,14.520833333333343,20,261.37500000000017,18,0,partnership_disguised_sale,11.161916732788086,14,0.1561,15,3,0,1732,13,0.7222222222222222,12160,94
1.4022357367211953,14.395277777777782,20,259.11500000000007,18,0,partnership_disguised_sale,11.313445727030436,13,0.1553,17,3,0,1732,13,0.7222222222222222,12288,95
1.5114026500377804,11.715000000000007,20,199.15500000000011,17,0,partnership_disguised_sale,9.0587797164917,11,0.1545,24,3,0,1732,10,0.5882352941176471,12416,96
1.3185475796926767,15.525000000000013,20,279.4500000000002,18,0,partnership_disguised_sale,11.919603029886881,14,0.1537,11,3,0,1732,14,0.7777777777777778,12544,97
1.346033276291564,13.305277777777784,20,239.49500000000012,18,0,partnership_disguised_sale,10.337591807047525,12,0.153,17,3,0,1732,12,0.6666666666666666,12672,98
1.5172039261087775,14.076764705882363,20,239.30500000000018,17,0,partnership_disguised_sale,10.809335708618164,12,0.1522,22,3,0,1732,12,0.7058823529411765,12800,99
2.6807921258732677,-0.09218749999999996,0,-1.4749999999999994,16,0,partnership_disguised_sale,-0.1377451866865158,0,0.25,33,4,0,1733,0,0.0,128,0
2.846895396709442,1.1309375,20,18.095,16,0,partnership_disguised_sale,1.2399474779764812,1,0.2487,30,4,0,1733,1,0.0625,256,1
2.8726387368515134,-0.13906249999999978,0,-2.2249999999999965,16,0,partnership_disguised_sale,-0.12532393634319305,0,0.2475,25,4,0,1733,0,0.0,384,2
2.6862857528030872,-0.11781249999999988,0,-1.884999999999998,16,0,partnership_disguised_sale,-0.12108853211005528,0,0.2463,26,4,0,1733,0,0.0,512,3
2.674704981967807,-0.10437499999999995,0,-1.6699999999999993,16,0,partnership_disguised_sale,-0.12478803346554439,0,0.245,24,4,0,1733,0,0.0,640,4
2.6425542728975415,-0.10468749999999996,0,-1.6749999999999994,16,0,partnership_disguised_sale,-0.12833829720815024,0,0.2438,26,4,0,1733,0,0.0,768,5
2.610709539614618,-0.10656249999999995,0,-1.7049999999999992,16,0,partnership_disguised_sale,-0.12844277918338776,0,0.2426,31,4,0,1733,0,0.0,896,6
2.668355300091207,-0.09687499999999992,0,-1.5499999999999987,16,0,partnership_disguised_sale,-0.1295900195837021,0,0.2414,29,4,0,1733,0,0.0,1024,7
2.6033828454092145,1.1840625,20,18.945,16,0,partnership_disguised_sale,1.4706945419311523,1,0.2402,32,4,0,1733,1,0.0625,1152,8
2.6356905633583665,-0.07812500000000001,0,-1.2500000000000002,16,0,partnership_disguised_sale,-0.1373820205529531,0,0.239,31,4,0,1733,0,0.0,1280,9
2.5566886831074953,-0.08375000000000002,0,-1.3400000000000003,16,0,partnership_disguised_sale,-0.14604885379473367,0,0.2378,28,4,0,1733,0,0.0,1408,10
2.6308292243629694,-0.07749999999999994,0,-1.239999999999999,16,0,partnership_disguised_sale,-0.12893401086330414,0,0.2366,37,4,0,1733,0,0.0,1536,11
2.5264278585091233,-0.08249999999999999,0,-1.3199999999999998,16,0,partnership_disguised_sale,-0.12335440268119176,0,0.2354,28,4,0,1733,0,0.0,1664,12
2.5082336962223053,-0.059375000000000025,0,-0.9500000000000004,16,0,partnership_disguised_sale,-0.10083663215239842,0,0.2342,32,4,0,1733,0,0.0,1792,13
2.4605315132066607,-0.06156250000000004,0,-0.9850000000000007,16,0,partnership_disguised_sale,-0.1353478878736496,0,0.2331,32,4,0,1733,0,0.0,1920,14
2.542120883241296,0.5368749999999999,10,8.589999999999998,16,0,partnership_disguised_sale,0.20817220707734427,1,0.2319,27,4,0,1733,0,0.0,2048,15
2.4329179697670043,-0.05937500000000004,0,-0.9500000000000006,16,0,partnership_disguised_sale,-0.1351990501085917,0,0.2307,26,4,0,1733,0,0.0,2176,16
2.433054242748767,1.1890625000000001,20,19.025000000000002,16,0,partnership_disguised_sale,1.531882921854655,1,0.2296,27,4,0,1733,1,0.0625,2304,17
2.495046525262296,-0.07624999999999992,0,-1.2199999999999986,16,0,partnership_disguised_sale,-0.08400696516036987,0,0.2284,30,4,0,1733,0,0.0,2432,18
2.4512180108577013,1.1949999999999996,20,19.119999999999994,16,0,partnership_disguised_sale,1.0900605916976929,1,0.2273,25,4,0,1733,1,0.0625,2560,19
2.363569480367005,-0.06406250000000002,0,-1.0250000000000004,16,0,partnership_disguised_sale,-0.10262300570805867,0,0.2262,23,4,0,1733,0,0.0,2688,20
2.4216944500803947,-0.06937500000000002,0,-1.1100000000000003,16,0,partnership_disguised_sale,-0.11748724679152171,0,0.225,32,4,0,1733,0,0.0,2816,21
2.344987129792571,-0.06656250000000001,0,-1.0650000000000002,16,0,partnership_disguised_sale,-0.11348779747883479,0,0.2239,25,4,0,1733,0,0.0,2944,22
2.337199069093913,0.582499999999999,10,9.319999999999984,16,0,partnership_disguised_sale,0.28552183508872986,1,0.2228,31,4,0,1733,0,0.0,3072,23
2.3960543368011713,0.5643749999999998,10,9.029999999999998,16,0,partnership_disguised_sale,0.3902656634648641,2,0.2217,20,4,0,1733,0,0.0,3200,24
2.3451203112490475,-0.054062500000000034,0,-0.8650000000000005,16,0,partnership_disguised_sale,-0.10028381148974101,0,0.2206,34,4,0,1733,0,0.0,3328,25
2.3728944952599704,-0.05218750000000003,0,-0.8350000000000005,16,0,partnership_disguised_sale,-0.1043241744240125,0,0.2195,30,4,0,1733,0,0.0,3456,26
2.4938393468037248,-0.04687500000000003,0,-0.7500000000000004,16,0,partnership_disguised_sale,-0.09777523577213287,0,0.2184,25,4,0,1733,0,0.0,3584,27
2.543954494409263,-0.06031250000000004,0,-0.9650000000000006,16,0,partnership_disguised_sale,-0.11657939106225967,0,0.2173,31,4,0,1733,0,0.0,3712,28
2.553978786803782,0.04406250000000006,2,0.705000000000001,16,0,partnership_disguised_sale,-0.11147649337848027,1,0.2162,26,4,0,1733,0,0.0,3840,29
2.4373716805130243,0.5531249999999995,10,8.849999999999993,16,0,partnership_disguised_sale,0.29686130086580914,1,0.2151,24,4,0,1733,0,0.0,3968,30
2.5412552691996098,-0.08125,0,-1.3,16,0,partnership_disguised_sale,-0.11940553039312363,0,0.214,27,4,0,1733,0,0.0,4096,31
2.4641760559752584,1.2046875,20,19.275,16,0,partnership_disguised_sale,1.5424768129984539,1,0.213,28,4,0,1733,1,0.0625,4224,32
2.474311807192862,-0.05156250000000003,0,-0.8250000000000005,16,0,partnership_disguised_sale,-0.10672614971796672,0,0.2119,33,4,0,1733,0,0.0,4352,33
2.6463893288746476,-0.08531249999999989,0,-1.3649999999999982,16,0,partnership_disguised_sale,-0.10210813333590825,0,0.2108,28,4,0,1733,0,0.0,4480,34
2.513322020880878,1.0540625000000001,18,16.865000000000002,16,0,partnership_disguised_sale,0.8540233969688416,1,0.2098,22,4,0,1733,1,0.0625,4608,35
2.414243600331247,-0.05156250000000003,0,-0.8250000000000005,16,0,partnership_disguised_sale,-0.12357492248217265,0,0.2087,24,4,0,1733,0,0.0,4736,36
2.428798660635948,-0.050000000000000024,0,-0.8000000000000004,16,0,partnership_disguised_sale,-0.1242250328262647,0,0.2077,27,4,0,1733,0,0.0,4864,37
2.4965976467356086,1.1887499999999998,20,19.019999999999996,16,0,partnership_disguised_sale,1.0825838645299275,1,0.2066,24,4,0,1733,1,0.0625,4992,38
2.484744528308511,-0.05156250000000003,0,-0.8250000000000005,16,0,partnership_disguised_sale,-0.10836147268613179,0,0.2056,23,4,0,1733,0,0.0,5120,39
2.3706925213336945,-0.06093750000000004,0,-0.9750000000000006,16,0,partnership_disguised_sale,-0.10361207276582718,0,0.2046,21,4,0,1733,0,0.0,5248,40
2.4470993615686893,-0.05593750000000003,0,-0.8950000000000005,16,0,partnership_disguised_sale,-0.11179626733064651,0,0.2036,22,4,0,1733,0,0.0,5376,41
2.516139969229698,-0.07125000000000002,0,-1.1400000000000003,16,0,partnership_disguised_sale,-0.0950130025545756,0,0.2025,27,4,0,1733,0,0.0,5504,42
2.313445466104895,-0.06406250000000004,0,-1.0250000000000006,16,0,partnership_disguised_sale,-0.09497653196255366,0,0.2015,28,4,0,1733,0,0.0,5632,43
2.6528176432475448,-0.08781249999999997,0,-1.4049999999999996,16,0,partnership_disguised_sale,-0.1133785570661227,0,0.2005,25,4,0,1733,0,0.0,5760,44
2.4942797999829054,1.0606250000000006,18,16.97000000000001,16,0,partnership_disguised_sale,1.1793947219848633,1,0.1995,30,4,0,1733,1,0.0625,5888,45
2.4964530179277062,-0.065,0,-1.04,16,0,partnership_disguised_sale,-0.1091773733496666,0,0.1985,29,4,0,1733,0,0.0,6016,46
2.670797960832715,1.1490624999999999,20,18.384999999999998,16,0,partnership_disguised_sale,1.5287928183873494,1,0.1975,31,4,0,1733,1,0.0625,6144,47
2.3168038055300713,0.5824999999999998,10,9.319999999999997,16,0,partnership_disguised_sale,0.3003670275211334,1,0.1965,23,4,0,1733,0,0.0,6272,48
2.579217183403671,-0.06312500000000003,0,-1.0100000000000005,16,0,partnership_disguised_sale,-0.10791754722595215,0,0.1956,30,4,0,1733,0,0.0,6400,49
2.503314448520541,0.060625000000000186,2,0.970000000000003,16,0,partnership_disguised_sale,-0.0712532972296079,1,0.1946,22,4,0,1733,0,0.0,6528,50
2.5774568580091,-0.0803125,0,-1.285,16,0,partnership_disguised_sale,-0.11268089960018794,0,0.1936,22,4,0,1733,0,0.0,6656,51
2.5078994603827596,0.5728124999999997,10,9.164999999999996,16,0,partnership_disguised_sale,0.2694961428642273,1,0.1926,27,4,0,1733,0,0.0,6784,52
2.5620676055550575,1.1721875000000004,20,18.755000000000006,16,0,partnership_disguised_sale,1.2360776265462239,1,0.1917,24,4,0,1733,1,0.0625,6912,53
2.5288366740569472,1.1828125,20,18.925,16,0,partnership_disguised_sale,1.0627124309539795,1,0.1907,26,4,0,1733,1,0.0625,7040,54
2.5894781723618507,1.18375,18,18.94,16,0,partnership_disguised_sale,0.9805569648742676,2,0.1898,32,4,0,1733,1,0.0625,7168,55
2.567476661875844,2.445624999999999,20,39.12999999999998,16,0,partnership_disguised_sale,2.132295608520508,3,0.1888,18,4,0,1733,2,0.125,7296,56
2.5677992729470134,-0.06093750000000003,0,-0.9750000000000005,16,0,partnership_disguised_sale,-0.0824344555536906,0,0.1879,27,4,0,1733,0,0.0,7424,57
2.57590214535594,1.1828125000000005,20,18.925000000000008,16,0,partnership_disguised_sale,1.3336917956670125,1,0.1869,27,4,0,1733,1,0.0625,7552,58
2.5423840107396245,0.04625000000000015,2,0.7400000000000024,16,0,partnership_disguised_sale,-0.03912900388240814,1,0.186,18,4,0,1733,0,0.0,7680,59
2.58287294767797,2.171250000000001,20,34.740000000000016,16,0,partnership_disguised_sale,2.2785050868988037,2,0.1851,20,4,0,1733,1,0.0625,7808,60
2.491878685541451,-0.05875000000000004,0,-0.9400000000000006,16,0,partnership_disguised_sale,-0.031075790524482727,0,0.1841,22,4,0,1733,0,0.0,7936,61
2.571511762216687,1.7931249999999999,20,28.689999999999998,16,0,partnership_disguised_sale,1.7257630427678425,2,0.1832,25,4,0,1733,1,0.0625,8064,62
2.7285717455670238,1.1506250000000007,20,18.41000000000001,16,0,partnership_disguised_sale,1.461453914642334,1,0.1823,21,4,0,1733,1,0.0625,8192,63
2.5560503117740154,2.4221875,20,38.755,16,0,partnership_disguised_sale,2.761258045832316,2,0.1814,20,4,0,1733,2,0.125,8320,64
2.5887936297804117,1.1690625000000001,20,18.705000000000002,16,0,partnership_disguised_sale,1.319626251856486,2,0.1805,19,4,0,1733,1,0.0625,8448,65
2.5955695006996393,0.529375,8,8.47,16,0,partnership_disguised_sale,0.1789624740680059,2,0.1796,22,4,0,1733,0,0.0,8576,66
2.689272223971784,0.5150000000000001,10,8.240000000000002,16,0,partnership_disguised_sale,0.2247629165649414,1,0.1787,24,4,0,1733,0,0.0,8704,67
2.6989316046237946,-0.08843749999999997,0,-1.4149999999999996,16,0,partnership_disguised_sale,-0.038645138343175255,0,0.1778,21,4,0,1733,0,0.0,8832,68
2.586353006772697,1.6668749999999994,20,26.66999999999999,16,0,partnership_disguised_sale,1.5371640920639038,2,0.1769,26,4,0,1733,1,0.0625,8960,69
2.517741486430168,0.05062500000000002,2,0.8100000000000003,16,0,partnership_disguised_sale,-0.07654425750176112,1,0.176,20,4,0,1733,0,0.0,9088,70
2.5479800533503294,0.5534375000000001,8,8.855000000000002,16,0,partnership_disguised_sale,0.18106375137964884,2,0.1751,23,4,0,1733,0,0.0,9216,71
2.648073368705809,4.778437499999998,20,76.45499999999997,16,0,partnership_disguised_sale,5.089396158854167,4,0.1743,21,4,0,1733,4,0.25,9344,72
2.737951154820621,1.1540625000000004,20,18.465000000000007,16,0,partnership_disguised_sale,1.1990807851155598,1,0.1734,22,4,0,1733,1,0.0625,9472,73
2.643273896537721,1.138749999999999,20,18.219999999999985,16,0,partnership_disguised_sale,1.2185605367024739,1,0.1725,28,4,0,1733,1,0.0625,9600,74
2.611502801068127,1.3081250000000002,16,20.930000000000003,16,0,partnership_disguised_sale,0.9558455149332682,2,0.1717,26,4,0,1733,0,0.0,9728,75
2.6447465429082513,1.4156250000000004,20,22.650000000000006,16,0,partnership_disguised_sale,1.3299330472946167,2,0.1708,30,4,0,1733,1,0.0625,9856,76
2.5004973243921995,4.792499999999999,20,76.67999999999998,16,0,partnership_disguised_sale,4.995291392008464,4,0.1699,28,4,0,1733,4,0.25,9984,77
2.5749164456501603,2.3118749999999975,20,36.98999999999996,16,0,partnership_disguised_sale,2.343732754389445,2,0.1691,18,4,0,1733,2,0.125,10112,78
2.541847199201584,3.5524999999999984,20,56.839999999999975,16,0,partnership_disguised_sale,3.7758564154307046,3,0.1683,27,4,0,1733,3,0.1875,10240,79
2.539539923891425,1.1896875000000007,20,19.03500000000001,16,0,partnership_disguised_sale,1.2380780776341755,1,0.1674,17,4,0,1733,1,0.0625,10368,80
2.615041063167155,2.2812499999999982,20,36.49999999999997,16,0,partnership_disguised_sale,1.8846392631530762,2,0.1666,20,4,0,1733,2,0.125,10496,81
2.586039509624243,0.1800000000000001,2,2.8800000000000017,16,0,partnership_disguised_sale,0.2334203620751699,2,0.1657,21,4,0,1733,0,0.0,10624,82
2.6068578204140067,1.1496875000000006,18,18.39500000000001,16,0,partnership_disguised_sale,1.0390136241912842,2,0.1649,24,4,0,1733,1,0.0625,10752,83
2.484682350885123,2.4334374999999993,20,38.93499999999999,16,0,partnership_disguised_sale,2.662339210510254,2,0.1641,20,4,0,1733,2,0.125,10880,84
2.593996641226113,1.784375,20,28.55,16,0,partnership_disguised_sale,1.6328387260437012,3,0.1633,25,4,0,1733,1,0.0625,11008,85
2.51701824599877,2.3000000000000003,20,36.800000000000004,16,0,partnership_disguised_sale,1.751330574353536,4,0.1625,21,4,0,1733,1,0.0625,11136,86
2.62271598726511,1.1493749999999994,20,18.38999999999999,16,0,partnership_disguised_sale,1.4355040788650513,1,0.1616,22,4,0,1733,1,0.0625,11264,87
2.649995757266879,1.3890625,20,22.225,16,0,partnership_disguised_sale,1.0223139921824138,4,0.1608,15,4,0,1733,1,0.0625,11392,88
2.4465595353394747,1.1896874999999998,20,19.034999999999997,16,0,partnership_disguised_sale,1.4578917821248372,2,0.16,21,4,0,1733,1,0.0625,11520,89
2.504590231925249,2.414999999999998,20,38.639999999999965,16,0,partnership_disguised_sale,2.717604478200277,2,0.1592,14,4,0,1733,2,0.125,11648,90
2.4279121421277523,-0.07624999999999998,0,-1.2199999999999998,16,0,partnership_disguised_sale,-0.003061006466547648,0,0.1584,20,4,0,1733,0,0.0,11776,91
2.41166604263708,2.4268749999999986,20,38.82999999999998,16,0,partnership_disguised_sale,2.6894098917643228,2,0.1576,23,4,0,1733,2,0.125,11904,92
2.4598391400650144,2.534374999999999,20,40.54999999999998,16,0,partnership_disguised_sale,2.6236371994018555,3,0.1569,13,4,0,1733,2,0.125,12032,93
2.475136493332684,6.797499999999998,20,108.75999999999996,16,0,partnership_disguised_sale,6.4349996248881025,6,0.1561,26,4,0,1733,5,0.3125,12160,94
2.4565227515995502,3.5224999999999977,20,56.359999999999964,16,0,partnership_disguised_sale,3.5233381589253745,3,0.1553,21,4,0,1733,3,0.1875,12288,95
2.4306141254492104,3.0428124999999953,20,48.684999999999924,16,0,partnership_disguised_sale,2.830354690551758,3,0.1545,15,4,0,1733,2,0.125,12416,96
2.329541946295649,5.0453125000000005,20,80.72500000000001,16,0,partnership_disguised_sale,4.381336371103923,6,0.1537,14,4,0,1733,4,0.25,12544,97
2.3798699327744544,3.568749999999998,20,57.099999999999966,16,0,partnership_disguised_sale,3.137935161590576,4,0.153,22,4,0,1733,3,0.1875,12672,98
2.367774544749409,4.5164705882352925,20,76.77999999999997,17,0,partnership_disguised_sale,4.061750888824463,4,0.1522,29,4,0,1733,4,0.23529411764705882,12800,99
2.7551346719264984,-0.10906249999999998,0,-1.7449999999999997,16,0,partnership_disguised_sale,-0.14499048391977945,0,0.25,31,5,0,1734,0,0.0,128,0
2.80280873645097,-0.13843749999999994,0,-2.214999999999999,16,0,partnership_disguised_sale,-0.14511275788148245,0,0.2487,35,5,0,1734,0,0.0,256,1
2.6245099138468504,0.040312499999999966,2,0.6449999999999995,16,0,partnership_disguised_sale,-0.12313916782538097,1,0.2475,37,5,0,1734,0,0.0,384,2
2.82078427169472,-0.12281249999999991,0,-1.9649999999999985,16,0,partnership_disguised_sale,-0.1432410180568695,0,0.2463,27,5,0,1734,0,0.0,512,3
2.7236161744222045,-0.08656250000000003,0,-1.3850000000000005,16,0,partnership_disguised_sale,-0.1387543429931005,0,0.245,41,5,0,1734,0,0.0,640,4
2.6745271049439907,1.1787499999999997,20,18.859999999999996,16,0,partnership_disguised_sale,1.2951317230860393,1,0.2438,30,5,0,1734,1,0.0625,768,5
2.6771808257326484,-0.09781249999999996,0,-1.5649999999999993,16,0,partnership_disguised_sale,-0.1495267947514852,0,0.2426,32,5,0,1734,0,0.0,896,6
2.6724447421729565,-0.094375,0,-1.51,16,0,partnership_disguised_sale,-0.138270303606987,0,0.2414,36,5,0,1734,0,0.0,1024,7
2.5399963231757283,-0.05875000000000004,0,-0.9400000000000006,16,0,partnership_disguised_sale,-0.13478560745716095,0,0.2402,19,5,0,1734,0,0.0,1152,8
2.6452165292575955,0.5487500000000001,10,8.780000000000001,16,0,partnership_disguised_sale,0.290566364924113,1,0.239,34,5,0,1734,0,0.0,1280,9
2.5006393222138286,-0.06343750000000004,0,-1.0150000000000006,16,0,partnership_disguised_sale,-0.1184992790222168,0,0.2378,30,5,0,1734,0,0.0,1408,10
2.771930268034339,0.1356250000000003,4,2.170000000000005,16,0,partnership_disguised_sale,-0.05602195610602697,1,0.2366,26,5,0,1734,0,0.0,1536,11
2.6844069231301546,0.01750000000000005,2,0.2800000000000008,16,0,partnership_disguised_sale,-0.12055364499489467,1,0.2354,22,5,0,1734,0,0.0,1664,12
2.498941270634532,-0.05812500000000004,0,-0.9300000000000006,16,0,partnership_disguised_sale,-0.13349783420562744,0,0.2342,32,5,0,1734,0,0.0,1792,13
2.6865823483094573,1.0506250000000001,18,16.810000000000002,16,0,partnership_disguised_sale,1.2291689316431682,1,0.2331,29,5,0,1734,1,0.0625,1920,14
2.5866126916371286,1.1775000000000002,20,18.840000000000003,16,0,partnership_disguised_sale,1.2556538184483845,1,0.2319,24,5,0,1734,1,0.0625,2048,15
2.4883582834154367,-0.07874999999999996,0,-1.2599999999999993,16,0,partnership_disguised_sale,-0.12167552361885707,0,0.2307,28,5,0,1734,0,0.0,2176,16
2.5586731331422925,-0.06843750000000003,0,-1.0950000000000004,16,0,partnership_disguised_sale,-0.11030843108892441,0,0.2296,34,5,0,1734,0,0.0,2304,17
2.5722230477258563,-0.06843750000000003,0,-1.0950000000000004,16,0,partnership_disguised_sale,-0.13140035172303519,0,0.2284,26,5,0,1734,0,0.0,2432,18
2.514988330192864,-0.0696875,0,-1.115,16,0,partnership_disguised_sale,-0.12072223673264186,0,0.2273,32,5,0,1734,0,0.0,2560,19
2.578364768065512,0.5637499999999995,10,9.019999999999992,16,0,partnership_disguised_sale,0.3297356764475505,1,0.2262,27,5,0,1734,0,0.0,2688,20
2.5643286388367414,2.4331249999999978,20,38.929999999999964,16,0,partnership_disguised_sale,2.8694843451182046,3,0.225,29,5,0,1734,2,0.125,2816,21
2.588492681737989,0.04625000000000003,2,0.7400000000000004,16,0,partnership_disguised_sale,-0.08553183327118556,1,0.2239,29,5,0,1734,0,0.0,2944,22
2.5941265588626266,-0.08093749999999994,0,-1.294999999999999,16,0,partnership_disguised_sale,-0.08438305308421452,0,0.2228,26,5,0,1734,0,0.0,3072,23
2.5738849630579352,-0.06187500000000004,0,-0.9900000000000007,16,0,partnership_disguised_sale,-0.09853685150543849,0,0.2217,40,5,0,1734,0,0.0,3200,24
2.5962459752336144,2.164687499999998,20,34.63499999999997,16,0,partnership_disguised_sale,2.2795609633127847,4,0.2206,31,5,0,1734,1,0.0625,3328,25
2.5677837785333395,1.1693750000000007,20,18.71000000000001,16,0,partnership_disguised_sale,1.431262493133545,1,0.2195,29,5,0,1734,1,0.0625,3456,26
2.5766925457865,2.3034374999999994,20,36.85499999999999,16,0,partnership_disguised_sale,2.831259250640869,2,0.2184,33,5,0,1734,2,0.125,3584,27
2.5197083251550794,3.949374999999998,20,63.18999999999997,16,0,partnership_disguised_sale,3.6578882535298667,4,0.2173,29,5,0,1734,3,0.1875,3712,28
2.555002302862704,-0.05937500000000004,0,-0.9500000000000006,16,0,partnership_disguised_sale,-0.06586416562398274,0,0.2162,32,5,0,1734,0,0.0,3840,29
2.5154025238007307,-0.06500000000000003,0,-1.0400000000000005,16,0,partnership_disguised_sale,-0.0444144606590271,0,0.2151,22,5,0,1734,0,0.0,3968,30
2.522001397795975,-0.05718750000000004,0,-0.9150000000000006,16,0,partnership_disguised_sale,-0.06937432785828908,0,0.214,31,5,0,1734,0,0.0,4096,31
2.495900323614478,1.0550000000000002,18,16.880000000000003,16,0,partnership_disguised_sale,0.8397693037986755,1,0.213,28,5,0,1734,1,0.0625,4224,32
2.57190712261945,-0.06781250000000001,0,-1.0850000000000002,16,0,partnership_disguised_sale,-0.10849885394175847,0,0.2119,35,5,0,1734,0,0.0,4352,33
2.5326487217098475,0.16593750000000004,2,2.6550000000000007,16,0,partnership_disguised_sale,-0.08292014400164287,2,0.2108,28,5,0,1734,0,0.0,4480,34
2.6698922999203205,1.1478125000000006,20,18.36500000000001,16,0,partnership_disguised_sale,1.49527641137441,1,0.2098,24,5,0,1734,1,0.0625,4608,35
2.493772198446095,0.5762499999999994,10,9.21999999999999,16,0,partnership_disguised_sale,0.2762150863806407,1,0.2087,22,5,0,1734,0,0.0,4736,36
2.5134859262034297,1.0584375000000006,18,16.93500000000001,16,0,partnership_disguised_sale,1.1027402877807617,1,0.2077,27,5,0,1734,1,0.0625,4864,37
2.5759929195046425,0.5440624999999991,10,8.704999999999986,16,0,partnership_disguised_sale,0.28201842308044434,1,0.2066,22,5,0,1734,0,0.0,4992,38
2.503689694683999,-0.05906250000000004,0,-0.9450000000000006,16,0,partnership_disguised_sale,-0.07834120094776154,0,0.2056,26,5,0,1734,0,0.0,5120,39
2.5885927844792604,2.9337499999999985,20,46.939999999999976,16,0,partnership_disguised_sale,2.4720780849456787,3,0.2046,19,5,0,1734,2,0.125,5248,40
2.356140458956361,0.055312500000000105,2,0.8850000000000017,16,0,partnership_disguised_sale,-0.03239127496878306,1,0.2036,29,5,0,1734,0,0.0,5376,41
2.5754080330953,0.6853124999999988,8,10.96499999999998,16,0,partnership_disguised_sale,0.12071708838144939,3,0.2025,18,5,0,1734,0,0.0,5504,42
2.402411944232881,1.5718750000000001,20,25.150000000000002,16,0,partnership_disguised_sale,1.7144686778386433,3,0.2015,28,5,0,1734,1,0.0625,5632,43
2.401250822469592,0.2084375000000001,4,3.3350000000000017,16,0,partnership_disguised_sale,-0.040051981806755066,1,0.2005,20,5,0,1734,0,0.0,5760,44
2.5084002194926143,2.803437499999998,18,44.85499999999997,16,0,partnership_disguised_sale,2.123903274536133,4,0.1995,27,5,0,1734,1,0.0625,5888,45
2.6022552670910954,3.5315624999999993,20,56.50499999999999,16,0,partnership_disguised_sale,4.300228754679362,3,0.1985,25,5,0,1734,3,0.1875,6016,46
2.4704428343102336,-0.05062500000000004,0,-0.8100000000000006,16,0,partnership_disguised_sale,-0.04094055543343226,0,0.1975,31,5,0,1734,0,0.0,6144,47
2.4219603277742863,-0.06375000000000004,0,-1.0200000000000007,16,0,partnership_disguised_sale,0.03139115124940872,0,0.1965,19,5,0,1734,0,0.0,6272,48
2.591274680569768,3.2853124999999963,20,52.56499999999994,16,0,partnership_disguised_sale,2.7472010453542075,4,0.1956,28,5,0,1734,2,0.125,6400,49
2.4830178674310446,0.9396874999999998,10,15.034999999999997,16,0,partnership_disguised_sale,0.34471675753593445,2,0.1946,33,5,0,1734,0,0.0,6528,50
2.405785786919296,-0.05906250000000003,0,-0.9450000000000005,16,0,partnership_disguised_sale,-0.03985592474540075,0,0.1936,21,5,0,1734,0,0.0,6656,51
2.535416134633124,-0.05906250000000002,10,-0.9450000000000003,16,0,partnership_disguised_sale,0.04065600037574768,1,0.1926,18,5,0,1734,0,0.0,6784,52
2.4348765863105655,2.3159374999999986,20,37.05499999999998,16,0,partnership_disguised_sale,2.8537650903066,2,0.1917,21,5,0,1734,2,0.125,6912,53
2.414270421490073,1.298437499999999,20,20.774999999999984,16,0,partnership_disguised_sale,1.5200815598169963,2,0.1907,25,5,0,1734,1,0.0625,7040,54
2.3986627608537674,0.6859374999999996,10,10.974999999999994,16,0,partnership_disguised_sale,0.2938945492108663,2,0.1898,31,5,0,1734,0,0.0,7168,55
2.4363898877054453,3.1862500000000002,20,50.980000000000004,16,0,partnership_disguised_sale,2.8584267298380532,4,0.1888,21,5,0,1734,2,0.125,7296,56
2.4504042817279696,1.1956249999999997,20,19.129999999999995,16,0,partnership_disguised_sale,1.1732392311096191,1,0.1879,29,5,0,1734,1,0.0625,7424,57
2.5390148563310504,1.0593750000000006,18,16.95000000000001,16,0,partnership_disguised_sale,1.0502195755640666,2,0.1869,22,5,0,1734,1,0.0625,7552,58
2.43078257329762,2.9365625,20,46.985,16,0,partnership_disguised_sale,2.550032138824463,4,0.186,20,5,0,1734,2,0.125,7680,59
2.5472939391620457,2.4203125000000014,20,38.72500000000002,16,0,partnership_disguised_sale,2.7035300731658936,2,0.1851,20,5,0,1734,2,0.125,7808,60
2.289244581013918,2.4587499999999953,20,39.339999999999925,16,0,partnership_disguised_sale,2.431535323460897,2,0.1841,26,5,0,1734,2,0.125,7936,61
2.294803227763623,1.1856250000000006,20,18.97000000000001,16,0,partnership_disguised_sale,1.375692327817281,1,0.1832,21,5,0,1734,1,0.0625,8064,62
2.329839250072837,1.3371875,20,21.395,16,0,partnership_disguised_sale,1.6413019895553589,2,0.1823,22,5,0,1734,1,0.0625,8192,63
2.296675330493599,6.414117647058824,20,109.04000000000002,17,0,partnership_disguised_sale,5.719208240509033,7,0.1814,24,5,0,1734,5,0.29411764705882354,8320,64
2.457905177026987,3.058437499999999,20,48.93499999999998,16,0,partnership_disguised_sale,2.4278415044148765,5,0.1805,31,5,0,1734,2,0.125,8448,65
2.2627705899067223,2.567187499999998,20,41.07499999999997,16,0,partnership_disguised_sale,2.8069823582967124,4,0.1796,18,5,0,1734,2,0.125,8576,66
2.360308070667088,4.319374999999997,20,69.10999999999996,16,0,partnership_disguised_sale,3.345979611078898,6,0.1787,20,5,0,1734,2,0.125,8704,67
2.452708995435387,3.5374999999999965,18,56.599999999999945,16,0,partnership_disguised_sale,2.448868195215861,6,0.1778,20,5,0,1734,1,0.0625,8832,68
2.3596952445805073,5.940882352941178,20,100.99500000000002,17,0,partnership_disguised_sale,5.087191581726074,6,0.1769,19,5,0,1734,5,0.29411764705882354,8960,69
2.372455301694572,4.674062499999998,20,74.78499999999997,16,0,partnership_disguised_sale,3.962636709213257,4,0.176,27,5,0,1734,4,0.25,9088,70
2.245455976575613,6.056562500000002,20,96.90500000000003,16,0,partnership_disguised_sale,5.629971981048584,6,0.1751,29,5,0,1734,5,0.3125,9216,71
2.2227402455173433,3.6981249999999988,20,59.16999999999998,16,0,partnership_disguised_sale,3.1302382151285806,4,0.1743,24,5,0,1734,3,0.1875,9344,72
2.20822020387277,2.681874999999996,20,42.90999999999993,16,0,partnership_disguised_sale,2.610837777455648,4,0.1734,15,5,0,1734,2,0.125,9472,73
2.147490296512842,2.8290625000000014,20,45.26500000000002,16,0,partnership_disguised_sale,2.628915230433146,5,0.1725,23,5,0,1734,2,0.125,9600,74
2.139763096347451,7.687187499999999,20,122.99499999999999,16,0,partnership_disguised_sale,6.408636411031087,9,0.1717,22,5,0,1734,6,0.375,9728,75
2.337285771034658,7.708611111111113,20,138.75500000000002,18,0,partnership_disguised_sale,6.152843316396077,8,0.1708,24,5,0,1734,7,0.3888888888888889,9856,76
2.2080517150461674,2.941562499999998,20,47.06499999999997,16,0,partnership_disguised_sale,2.367432435353597,5,0.1699,25,5,0,1734,1,0.0625,9984,77
2.2762020393274724,5.701470588235296,20,96.92500000000003,17,0,partnership_disguised_sale,4.721001307169597,5,0.1691,19,5,0,1734,5,0.29411764705882354,10112,78
2.175099794752896,5.1990625,20,83.185,16,0,partnership_disguised_sale,4.178304672241211,6,0.1683,21,5,0,1734,4,0.25,10240,79
2.196774743963033,2.7831249999999983,20,44.52999999999997,16,0,partnership_disguised_sale,1.896558165550232,5,0.1674,18,5,0,1734,1,0.0625,10368,80
2.196101580746472,5.033437499999998,20,80.53499999999997,16,0,partnership_disguised_sale,4.231400012969971,6,0.1666,20,5,0,1734,4,0.25,10496,81
2.1500321882776916,-0.05812500000000003,0,-0.9300000000000005,16,0,partnership_disguised_sale,0.8815451860427856,0,0.1657,19,5,0,1734,0,0.0,10624,82
2.1622988944873214,6.048437499999999,20,96.77499999999998,16,0,partnership_disguised_sale,5.250124454498291,5,0.1649,14,5,0,1734,5,0.3125,10752,83
2.122427711263299,7.821176470588235,20,132.96,17,0,partnership_disguised_sale,6.185422420501709,7,0.1641,17,5,0,1734,7,0.4117647058823529,10880,84
1.9907340533100069,8.622222222222224,20,155.20000000000002,18,0,partnership_disguised_sale,6.8966390291849775,8,0.1633,21,5,0,1734,8,0.4444444444444444,11008,85
2.1876606880687177,5.0365625,20,80.585,16,0,partnership_disguised_sale,4.536933263142903,6,0.1625,24,5,0,1734,4,0.25,11136,86
2.048871056176722,6.185294117647063,20,105.15000000000006,17,0,partnership_disguised_sale,4.509342988332112,7,0.1616,28,5,0,1734,4,0.23529411764705882,11264,87
2.181018526200205,5.544062500000002,20,88.70500000000003,16,0,partnership_disguised_sale,4.644539038340251,6,0.1608,28,5,0,1734,4,0.25,11392,88
2.068295327015221,10.523235294117654,20,178.89500000000012,17,0,partnership_disguised_sale,8.419051170349121,9,0.16,12,5,0,1734,9,0.5294117647058824,11520,89
2.10545633174479,7.456176470588238,20,126.75500000000004,17,0,partnership_disguised_sale,5.268411477406819,7,0.1592,20,5,0,1734,6,0.35294117647058826,11648,90
2.097944015171379,7.406875000000001,20,118.51000000000002,16,0,partnership_disguised_sale,6.288890838623047,6,0.1584,24,5,0,1734,6,0.375,11776,91
2.1361426785588264,12.74029411764706,20,216.58500000000004,17,0,partnership_disguised_sale,9.671518007914225,11,0.1576,22,5,0,1734,11,0.6470588235294118,11904,92
1.904245826881379,10.636176470588238,20,180.81500000000003,17,0,partnership_disguised_sale,8.378613471984863,10,0.1569,18,5,0,1734,9,0.5294117647058824,12032,93
1.9324210067279637,10.06176470588236,20,171.05000000000013,17,0,partnership_disguised_sale,7.291162967681885,10,0.1561,20,5,0,1734,8,0.47058823529411764,12160,94
1.8945333436131477,11.596764705882357,20,197.14500000000007,17,0,partnership_disguised_sale,8.870848655700684,10,0.1553,17,5,0,1734,10,0.5882352941176471,12288,95
1.998071382753551,7.586944444444445,20,136.565,18,0,partnership_disguised_sale,6.016087055206299,7,0.1545,18,5,0,1734,7,0.3888888888888889,12416,96
1.9244172829203308,8.063437500000003,20,129.01500000000004,16,0,partnership_disguised_sale,5.086765130360921,9,0.1537,20,5,0,1734,5,0.3125,12544,97
1.7843311645556241,7.4437500000000005,20,119.10000000000001,16,0,partnership_disguised_sale,6.269319216410319,6,0.153,14,5,0,1734,6,0.375,12672,98
1.8220860175788403,12.868823529411776,20,218.77000000000018,17,0,partnership_disguised_sale,9.856581370035807,11,0.1522,17,5,0,1734,11,0.6470588235294118,12800,99
2.6887071626260877,1.1628125000000007,20,18.60500000000001,16,0,partnership_disguised_sale,1.4120252132415771,1,0.25,37,6,0,1735,1,0.0625,128,0
2.8048232719302177,0.006250000000000019,2,0.10000000000000031,16,0,partnership_disguised_sale,-0.1197974905371666,1,0.2487,23,6,0,1735,0,0.0,256,1
2.8441590843722224,-0.1181249999999999,0,-1.8899999999999983,16,0,partnership_disguised_sale,-0.1368290235598882,0,0.2475,28,6,0,1735,0,0.0,384,2
2.735096888616681,1.0328125000000001,18,16.525000000000002,16,0,partnership_disguised_sale,1.206294854482015,1,0.2463,31,6,0,1735,1,0.0625,512,3
2.7243887027725577,0.1512500000000001,4,2.4200000000000017,16,0,partnership_disguised_sale,-0.06695721050103505,1,0.245,28,6,0,1735,0,0.0,640,4
2.8060029363259673,-0.11874999999999998,0,-1.8999999999999997,16,0,partnership_disguised_sale,-0.13634719451268515,0,0.2438,34,6,0,1735,0,0.0,768,5
2.610198602080345,0.2978125000000004,6,4.765000000000007,16,0,partnership_disguised_sale,0.009465177853902182,1,0.2426,27,6,0,1735,0,0.0,896,6
2.7343853153288364,1.1393749999999985,20,18.229999999999976,16,0,partnership_disguised_sale,1.4859752257664998,2,0.2414,44,6,0,1735,1,0.0625,1024,7
2.8218334456905723,-0.12312499999999994,2,-1.969999999999999,16,0,partnership_disguised_sale,-0.12645626564820608,1,0.2402,30,6,0,1735,0,0.0,1152,8
2.733579165302217,1.0156250000000013,18,16.25000000000002,16,0,partnership_disguised_sale,1.1268909374872844,2,0.239,29,6,0,1735,1,0.0625,1280,9
2.7153232768177986,0.5300000000000001,10,8.480000000000002,16,0,partnership_disguised_sale,0.2429462025562922,1,0.2378,23,6,0,1735,0,0.0,1408,10
2.711470225825906,-0.08781249999999999,0,-1.4049999999999998,16,0,partnership_disguised_sale,-0.10111632446448009,0,0.2366,41,6,0,1735,0,0.0,1536,11
2.6595922028645873,0.5418749999999999,10,8.669999999999998,16,0,partnership_disguised_sale,0.2535222073396047,1,0.2354,32,6,0,1735,0,0.0,1664,12
2.7184725366532803,-0.09843749999999998,0,-1.5749999999999997,16,0,partnership_disguised_sale,-0.09418034305175145,0,0.2342,30,6,0,1735,0,0.0,1792,13
2.7208966678008437,0.5393749999999997,10,8.629999999999995,16,0,partnership_disguised_sale,0.2593223849932353,1,0.2331,23,6,0,1735,0,0.0,1920,14
2.758442021906376,-0.12437499999999992,0,-1.9899999999999987,16,0,partnership_disguised_sale,-0.1281929910182953,0,0.2319,39,6,0,1735,0,0.0,2048,15
2.6824471596628428,1.151875,20,18.43,16,0,partnership_disguised_sale,1.238886793454488,1,0.2307,32,6,0,1735,1,0.0625,2176,16
2.7102268766611814,-0.09531249999999997,0,-1.5249999999999995,16,0,partnership_disguised_sale,-0.14268891513347626,0,0.2296,25,6,0,1735,0,0.0,2304,17
2.6023540291935205,-0.08531249999999997,0,-1.3649999999999995,16,0,partnership_disguised_sale,-0.11567615966002147,0,0.2284,31,6,0,1735,0,0.0,2432,18
2.6235426804050803,1.1690625,20,18.705,16,0,partnership_disguised_sale,1.2968796094258626,1,0.2273,32,6,0,1735,1,0.0625,2560,19
2.6246389346197248,-0.10187499999999998,0,-1.6299999999999997,16,0,partnership_disguised_sale,-0.131011962890625,0,0.2262,23,6,0,1735,0,0.0,2688,20
2.6455731503665447,2.421249999999997,20,38.73999999999995,16,0,partnership_disguised_sale,2.4684481620788574,2,0.225,23,6,0,1735,2,0.125,2816,21
2.4993726862594485,-0.06968749999999999,2,-1.1149999999999998,16,0,partnership_disguised_sale,-0.10298352191845576,1,0.2239,29,6,0,1735,0,0.0,2944,22
2.571111047640443,-0.06906249999999999,2,-1.1049999999999998,16,0,partnership_disguised_sale,-0.12646478414535522,1,0.2228,23,6,0,1735,0,0.0,3072,23
2.719579240307212,1.1515624999999992,20,18.424999999999986,16,0,partnership_disguised_sale,1.1020148992538452,1,0.2217,24,6,0,1735,1,0.0625,3200,24
2.5084215328097343,-0.05343749999999997,10,-0.8549999999999995,16,0,partnership_disguised_sale,0.033684869607289634,1,0.2206,27,6,0,1735,0,0.0,3328,25
2.5821846136823297,2.426874999999996,18,38.829999999999934,16,0,partnership_disguised_sale,2.4574027061462402,3,0.2195,21,6,0,1735,1,0.0625,3456,26
2.7577084312215447,2.5265625000000003,20,40.425000000000004,16,0,partnership_disguised_sale,2.4727186361948648,3,0.2184,30,6,0,1735,1,0.0625,3584,27
2.5962459947913885,-0.09281249999999992,0,-1.4849999999999988,16,0,partnership_disguised_sale,-0.08902634680271149,0,0.2173,23,6,0,1735,0,0.0,3712,28
2.6560300504788756,1.0581250000000004,18,16.930000000000007,16,0,partnership_disguised_sale,1.1595089832941692,1,0.2162,23,6,0,1735,1,0.0625,3840,29
2.703654857352376,0.6596874999999995,12,10.554999999999993,16,0,partnership_disguised_sale,0.392993022998174,2,0.2151,18,6,0,1735,0,0.0,3968,30
2.5257494430989027,-0.07562500000000003,0,-1.2100000000000004,16,0,partnership_disguised_sale,-0.05060321589310964,0,0.214,26,6,0,1735,0,0.0,4096,31
2.6352112032473087,0.6578124999999997,12,10.524999999999995,16,0,partnership_disguised_sale,0.39949241280555725,1,0.213,32,6,0,1735,0,0.0,4224,32
2.651869848370552,2.6553124999999995,20,42.48499999999999,16,0,partnership_disguised_sale,2.335810820261637,3,0.2119,28,6,0,1735,1,0.0625,4352,33
2.6371235316619277,1.0509374999999999,18,16.814999999999998,16,0,partnership_disguised_sale,1.1616790294647217,1,0.2108,29,6,0,1735,1,0.0625,4480,34
2.562787772156298,1.3046875000000013,20,20.87500000000002,16,0,partnership_disguised_sale,1.2043704589207966,2,0.2098,30,6,0,1735,1,0.0625,4608,35
2.572238844819367,4.067500000000002,20,65.08000000000003,16,0,partnership_disguised_sale,3.9532762368520102,4,0.2087,29,6,0,1735,3,0.1875,4736,36
2.562502946704626,1.1731249999999995,18,18.769999999999992,16,0,partnership_disguised_sale,1.176046331723531,3,0.2077,31,6,0,1735,1,0.0625,4864,37
2.601441248320043,1.6634375000000001,18,26.615000000000002,16,0,partnership_disguised_sale,1.3713032404581706,2,0.2066,23,6,0,1735,1,0.0625,4992,38
2.5125839868560433,0.04218750000000004,2,0.6750000000000006,16,0,partnership_disguised_sale,0.06110460559527079,1,0.2056,21,6,0,1735,0,0.0,5120,39
2.4726756289601326,0.05125000000000012,2,0.820000000000002,16,0,partnership_disguised_sale,0.031595287223656975,1,0.2046,23,6,0,1735,0,0.0,5248,40
2.5387995801866055,1.1615624999999998,20,18.584999999999997,16,0,partnership_disguised_sale,1.4346805016199748,1,0.2036,27,6,0,1735,1,0.0625,5376,41
2.5150357969105244,-0.07031250000000001,0,-1.1250000000000002,16,0,partnership_disguised_sale,-0.01330708215634028,0,0.2025,33,6,0,1735,0,0.0,5504,42
2.5270814215764403,-0.09687499999999996,0,-1.5499999999999994,16,0,partnership_disguised_sale,-0.049766913056373596,0,0.2015,28,6,0,1735,0,0.0,5632,43
2.713467045687139,1.1478125,18,18.365,16,0,partnership_disguised_sale,0.7045141061147054,2,0.2005,25,6,0,1735,1,0.0625,5760,44
2.603125683963299,1.0587499999999996,8,16.939999999999994,16,0,partnership_disguised_sale,0.3887866934140523,4,0.1995,22,6,0,1735,0,0.0,5888,45
2.6251093735918403,3.663437499999998,20,58.61499999999997,16,0,partnership_disguised_sale,4.307342370351155,3,0.1985,30,6,0,1735,3,0.1875,6016,46
2.5321373753249645,2.667187499999998,20,42.67499999999997,16,0,partnership_disguised_sale,2.241314252217611,4,0.1975,25,6,0,1735,1,0.0625,6144,47
2.5099180936813354,1.9193749999999994,20,30.70999999999999,16,0,partnership_disguised_sale,1.7947481870651245,3,0.1965,27,6,0,1735,1,0.0625,6272,48
2.601146803237498,1.5515625000000015,18,24.825000000000024,16,0,partnership_disguised_sale,1.4297537008921306,5,0.1956,30,6,0,1735,1,0.0625,6400,49
2.5137700913473964,2.4349999999999987,20,38.95999999999998,16,0,partnership_disguised_sale,2.3050766785939536,3,0.1946,25,6,0,1735,2,0.125,6528,50
2.685852116905153,1.2743750000000003,20,20.390000000000004,16,0,partnership_disguised_sale,1.4302563269933064,2,0.1936,27,6,0,1735,1,0.0625,6656,51
2.7311867214739323,3.1381249999999983,20,50.20999999999997,16,0,partnership_disguised_sale,2.6640378634134927,5,0.1926,25,6,0,1735,2,0.125,6784,52
2.4029463659971952,-0.062187500000000034,0,-0.9950000000000006,16,0,partnership_disguised_sale,0.20807042717933655,0,0.1917,25,6,0,1735,0,0.0,6912,53
2.643694344907999,3.6562499999999982,20,58.49999999999997,16,0,partnership_disguised_sale,3.847033739089966,3,0.1907,21,6,0,1735,3,0.1875,7040,54
2.522518933750689,2.4406250000000003,20,39.050000000000004,16,0,partnership_disguised_sale,2.2400296529134116,3,0.1898,20,6,0,1735,2,0.125,7168,55
2.5324199609458447,3.538749999999998,20,56.61999999999997,16,0,partnership_disguised_sale,3.1661108334859214,4,0.1888,26,6,0,1735,2,0.125,7296,56
2.5848067132756114,3.6618749999999998,20,58.589999999999996,16,0,partnership_disguised_sale,3.234099547068278,5,0.1879,27,6,0,1735,3,0.1875,7424,57
2.5388450091704726,3.054062499999999,20,48.86499999999998,16,0,partnership_disguised_sale,2.8899672826131186,4,0.1869,30,6,0,1735,2,0.125,7552,58
2.4474276029504836,2.1728124999999987,20,34.76499999999998,16,0,partnership_disguised_sale,1.9745354255040486,2,0.186,32,6,0,1735,1,0.0625,7680,59
2.4527805680409074,1.4356250000000008,20,22.970000000000013,16,0,partnership_disguised_sale,1.422214945157369,3,0.1851,30,6,0,1735,1,0.0625,7808,60
2.5738578038290143,-0.09374999999999997,0,-1.4999999999999996,16,0,partnership_disguised_sale,0.44415897130966187,0,0.1841,21,6,0,1735,0,0.0,7936,61
2.4934817156754434,2.5382352941176456,20,43.14999999999998,17,0,partnership_disguised_sale,1.7906612555185955,4,0.1832,26,6,0,1735,2,0.11764705882352941,8064,62
2.4528846107423306,3.679062499999999,20,58.86499999999998,16,0,partnership_disguised_sale,3.810176134109497,3,0.1823,20,6,0,1735,3,0.1875,8192,63
2.421939921565354,1.187187499999999,20,18.994999999999983,16,0,partnership_disguised_sale,1.380480130513509,1,0.1814,21,6,0,1735,1,0.0625,8320,64
2.5007947869598866,1.0590624999999998,18,16.944999999999997,16,0,partnership_disguised_sale,1.0827630758285522,1,0.1805,18,6,0,1735,1,0.0625,8448,65
2.4978946428745985,1.1721875000000002,20,18.755000000000003,16,0,partnership_disguised_sale,1.2726458708445232,1,0.1796,33,6,0,1735,1,0.0625,8576,66
2.5629688715562224,3.265624999999999,20,52.249999999999986,16,0,partnership_disguised_sale,3.263698101043701,4,0.1787,31,6,0,1735,2,0.125,8704,67
2.4075073497369885,5.043124999999998,20,80.68999999999997,16,0,partnership_disguised_sale,4.842882792154948,6,0.1778,21,6,0,1735,3,0.1875,8832,68
2.4802996278740466,3.657812499999999,20,58.524999999999984,16,0,partnership_disguised_sale,3.281437555948893,3,0.1769,21,6,0,1735,3,0.1875,8960,69
2.3849399676546454,1.3106249999999997,20,20.969999999999995,16,0,partnership_disguised_sale,1.2389802535374959,2,0.176,16,6,0,1735,1,0.0625,9088,70
2.3535516099072993,4.650000000000003,20,79.05000000000005,17,0,partnership_disguised_sale,3.340925375620524,6,0.1751,19,6,0,1735,3,0.17647058823529413,9216,71
2.4206047994084656,5.020312499999998,20,80.32499999999997,16,0,partnership_disguised_sale,4.633934020996094,5,0.1743,16,6,0,1735,4,0.25,9344,72
2.444766905158758,3.8903124999999985,20,62.244999999999976,16,0,partnership_disguised_sale,3.608623743057251,5,0.1734,18,6,0,1735,3,0.1875,9472,73
2.247595231048763,3.701249999999998,20,59.21999999999997,16,0,partnership_disguised_sale,3.397310495376587,3,0.1725,30,6,0,1735,3,0.1875,9600,74
2.2670520916581154,3.784062499999997,20,60.54499999999995,16,0,partnership_disguised_sale,3.379232168197632,5,0.1717,23,6,0,1735,3,0.1875,9728,75
2.2674311115406454,8.418437500000001,20,134.69500000000002,16,0,partnership_disguised_sale,7.03593905766805,7,0.1708,20,6,0,1735,7,0.4375,9856,76
2.3022024584934115,1.1468750000000008,20,18.350000000000012,16,0,partnership_disguised_sale,1.813116470972697,2,0.1699,22,6,0,1735,1,0.0625,9984,77
2.1831198069266975,9.224117647058831,20,156.81000000000012,17,0,partnership_disguised_sale,7.966807206471761,8,0.1691,16,6,0,1735,8,0.47058823529411764,10112,78
2.2201548009179533,3.165937499999998,20,50.654999999999966,16,0,partnership_disguised_sale,2.914069732030233,3,0.1683,19,6,0,1735,2,0.125,10240,79
2.102478328626603,1.2059375000000003,20,19.295000000000005,16,0,partnership_disguised_sale,1.4325121641159058,1,0.1674,20,6,0,1735,1,0.0625,10368,80
2.1001371163874865,7.425312499999998,20,118.80499999999996,16,0,partnership_disguised_sale,6.275378068288167,6,0.1666,23,6,0,1735,6,0.375,10496,81
2.1185115869157016,4.794375,20,76.71,16,0,partnership_disguised_sale,3.8414057890574136,5,0.1657,22,6,0,1735,3,0.1875,10624,82
2.0264268934261054,6.992352941176471,20,118.87000000000002,17,0,partnership_disguised_sale,6.119639873504639,6,0.1649,24,6,0,1735,6,0.35294117647058826,10752,83
2.034001850988716,5.6940624999999985,20,91.10499999999998,16,0,partnership_disguised_sale,4.12536605199178,7,0.1641,25,6,0,1735,3,0.1875,10880,84
1.8988912396598607,6.984117647058822,20,118.72999999999998,17,0,partnership_disguised_sale,6.066500186920166,6,0.1633,21,6,0,1735,6,0.35294117647058826,11008,85
1.872395935235545,8.652647058823531,20,147.09500000000003,17,0,partnership_disguised_sale,6.350280125935872,9,0.1625,17,6,0,1735,6,0.35294117647058826,11136,86
1.824377809651196,10.666470588235294,20,181.32999999999998,17,0,partnership_disguised_sale,7.7338253657023115,11,0.1616,19,6,0,1735,8,0.47058823529411764,11264,87
1.8320580793078989,11.5546875,20,184.875,16,0,partnership_disguised_sale,8.232659339904785,11,0.1608,19,6,0,1735,9,0.5625,11392,88
1.8174788374453783,6.297058823529411,20,107.04999999999998,17,0,partnership_disguised_sale,4.794373671213786,6,0.16,24,6,0,1735,5,0.29411764705882354,11520,89
1.7489156634546816,10.665000000000006,20,181.30500000000012,17,0,partnership_disguised_sale,8.163281440734863,11,0.1592,22,6,0,1735,9,0.5294117647058824,11648,90
1.6867805258370936,8.702812500000004,20,139.24500000000006,16,0,partnership_disguised_sale,6.019620259602864,8,0.1584,17,6,0,1735,6,0.375,11776,91
1.6769402027130127,9.925937500000003,20,158.81500000000005,16,0,partnership_disguised_sale,8.063067754109701,9,0.1576,20,6,0,1735,8,0.5,11904,92
1.6723177880048752,11.014117647058827,20,187.24000000000007,17,0,partnership_disguised_sale,8.072436332702637,10,0.1569,21,6,0,1735,9,0.5294117647058824,12032,93
1.5668958851601928,12.179444444444455,20,219.2300000000002,18,0,partnership_disguised_sale,9.738666852315268,11,0.1561,22,6,0,1735,11,0.6111111111111112,12160,94
1.641015997622162,14.04852941176472,20,238.82500000000024,17,0,partnership_disguised_sale,9.637628555297852,14,0.1553,22,6,0,1735,11,0.6470588235294118,12288,95
1.4727722897659987,14.065294117647065,20,239.1100000000001,17,0,partnership_disguised_sale,10.616238594055176,12,0.1545,16,6,0,1735,12,0.7058823529411765,12416,96
1.473870275192894,9.95277777777778,20,179.15000000000003,18,0,partnership_disguised_sale,8.254023869832357,11,0.1537,17,6,0,1735,9,0.5,12544,97
1.4526472396682948,12.746764705882363,20,216.69500000000016,17,0,partnership_disguised_sale,9.944870313008627,11,0.153,17,6,0,1735,11,0.6470588235294118,12672,98
1.4755875649861991,16.806578947368436,20,319.3250000000003,19,0,partnership_disguised_sale,12.966444651285807,16,0.1522,24,6,0,1735,16,0.8421052631578947,12800,99
2.823913217522204,1.0118749999999996,18,16.189999999999994,16,0,partnership_disguised_sale,1.1158665021260579,1,0.25,27,7,0,1736,1,0.0625,128,0
2.868598837405443,-0.1584374999999999,0,-2.5349999999999984,16,0,partnership_disguised_sale,-0.12546479205290476,0,0.2487,34,7,0,1736,0,0.0,256,1
2.811415418982506,-0.11999999999999993,0,-1.9199999999999988,16,0,partnership_disguised_sale,-0.13601561387379965,0,0.2475,32,7,0,1736,0,0.0,384,2
2.7318461760878563,-0.10874999999999989,0,-1.7399999999999982,16,0,partnership_disguised_sale,-0.1396183172861735,0,0.2463,27,7,0,1736,0,0.0,512,3
2.809201203286648,-0.09218749999999991,0,-1.4749999999999985,16,0,partnership_disguised_sale,-0.14589213828245798,0,0.245,28,7,0,1736,0,0.0,640,4
2.6969620743766427,-0.09374999999999997,0,-1.4999999999999996,16,0,partnership_disguised_sale,-0.13651373982429504,0,0.2438,25,7,0,1736,0,0.0,768,5
2.7424479331821203,-0.1062499999999999,0,-1.6999999999999984,16,0,partnership_disguised_sale,-0.14337948461373648,0,0.2426,38,7,0,1736,0,0.0,896,6
2.7688799193128943,-0.10499999999999993,0,-1.6799999999999988,16,0,partnership_disguised_sale,-0.1439672311147054,0,0.2414,34,7,0,1736,0,0.0,1024,7
2.6192341027781367,1.1646874999999988,18,18.63499999999998,16,0,partnership_disguised_sale,1.1196548541386921,2,0.2402,27,7,0,1736,1,0.0625,1152,8
2.7382389176636934,0.4087500000000006,8,6.54000000000001,16,0,partnership_disguised_sale,0.1181131899356842,1,0.239,35,7,0,1736,0,0.0,1280,9
2.5793952140957117,-0.06531250000000001,0,-1.0450000000000002,16,0,partnership_disguised_sale,-0.11839299400647481,0,0.2378,26,7,0,1736,0,0.0,1408,10
2.6308983583003283,1.1484375000000002,20,18.375000000000004,16,0,partnership_disguised_sale,1.4161009788513184,1,0.2366,42,7,0,1736,1,0.0625,1536,11
2.741606808267534,0.017187499999999942,2,0.2749999999999991,16,0,partnership_disguised_sale,-0.07993383953968684,1,0.2354,31,7,0,1736,0,0.0,1664,12
2.5738107059150934,-0.07124999999999998,0,-1.1399999999999997,16,0,partnership_disguised_sale,-0.09563462932904561,0,0.2342,26,7,0,1736,0,0.0,1792,13
2.6606248607859015,-0.09874999999999994,0,-1.579999999999999,16,0,partnership_disguised_sale,-0.1273120418190956,0,0.2331,31,7,0,1736,0,0.0,1920,14
2.6831778921186924,-0.10312499999999988,0,-1.6499999999999981,16,0,partnership_disguised_sale,-0.13183078666528067,0,0.2319,34,7,0,1736,0,0.0,2048,15
2.675447126850486,0.5309374999999988,10,8.494999999999981,16,0,partnership_disguised_sale,0.32069005568822223,1,0.2307,24,7,0,1736,0,0.0,2176,16
2.635404468514025,1.7843749999999996,20,28.549999999999994,16,0,partnership_disguised_sale,1.978052020072937,2,0.2296,35,7,0,1736,1,0.0625,2304,17
2.773801392875612,-0.1153124999999999,0,-1.8449999999999984,16,0,partnership_disguised_sale,-0.14449412624041238,0,0.2284,35,7,0,1736,0,0.0,2432,18
2.572671899572015,1.3128125000000004,20,21.005000000000006,16,0,partnership_disguised_sale,1.5497264862060547,2,0.2273,21,7,0,1736,1,0.0625,2560,19
2.63546178676188,-0.07812499999999999,0,-1.2499999999999998,16,0,partnership_disguised_sale,-0.1313730776309967,0,0.2262,33,7,0,1736,0,0.0,2688,20
2.5706385243684053,-0.0746875,0,-1.195,16,0,partnership_disguised_sale,-0.1292187124490738,0,0.225,42,7,0,1736,0,0.0,2816,21
2.5961315035820007,0.9356249999999998,16,14.969999999999997,16,0,partnership_disguised_sale,0.9236819346745809,1,0.2239,24,7,0,1736,0,0.0,2944,22
2.736352166160941,0.6503124999999995,12,10.404999999999992,16,0,partnership_disguised_sale,0.3922995626926422,1,0.2228,30,7,0,1736,0,0.0,3072,23
2.6021163798868656,1.0425000000000004,18,16.680000000000007,16,0,partnership_disguised_sale,1.1518053611119587,1,0.2217,22,7,0,1736,1,0.0625,3200,24
2.5887371357530355,-0.08937500000000001,0,-1.4300000000000002,16,0,partnership_disguised_sale,-0.1054467111825943,0,0.2206,30,7,0,1736,0,0.0,3328,25
2.583964256569743,-0.05375000000000004,0,-0.8600000000000007,16,0,partnership_disguised_sale,-0.10611022015412648,0,0.2195,35,7,0,1736,0,0.0,3456,26
2.7098603062331676,-0.09593749999999998,0,-1.5349999999999997,16,0,partnership_disguised_sale,-0.10452770441770554,0,0.2184,28,7,0,1736,0,0.0,3584,27
2.619770451448858,-0.09656249999999998,0,-1.5449999999999997,16,0,partnership_disguised_sale,-0.12115532159805298,0,0.2173,26,7,0,1736,0,0.0,3712,28
2.789625001139939,-0.11156249999999993,0,-1.7849999999999988,16,0,partnership_disguised_sale,-0.12890960276126862,0,0.2162,28,7,0,1736,0,0.0,3840,29
2.5950863072648644,0.5324999999999996,10,8.519999999999994,16,0,partnership_disguised_sale,0.22479075690110525,1,0.2151,30,7,0,1736,0,0.0,3968,30
2.6321298042312264,-0.09593749999999997,0,-1.5349999999999995,16,0,partnership_disguised_sale,-0.1328978737195333,0,0.214,31,7,0,1736,0,0.0,4096,31
2.484890135936439,1.17375,20,18.78,16,0,partnership_disguised_sale,1.6013979117075603,1,0.213,29,7,0,1736,1,0.0625,4224,32
2.7070199521258473,-0.10093749999999996,0,-1.6149999999999993,16,0,partnership_disguised_sale,-0.1332191526889801,0,0.2119,22,7,0,1736,0,0.0,4352,33
2.7161981547251344,-0.1193749999999999,0,-1.9099999999999984,16,0,partnership_disguised_sale,-0.1333638827006022,0,0.2108,23,7,0,1736,0,0.0,4480,34
2.6399343945086002,-0.0846875,0,-1.355,16,0,partnership_disguised_sale,-0.12747695545355478,0,0.2098,20,7,0,1736,0,0.0,4608,35
2.599008650518954,0.048749999999999946,2,0.7799999999999991,16,0,partnership_disguised_sale,-0.11681638409694035,1,0.2087,32,7,0,1736,0,0.0,4736,36
2.709745845757425,0.4050000000000005,10,6.480000000000008,16,0,partnership_disguised_sale,0.12835988402366638,1,0.2077,32,7,0,1736,0,0.0,4864,37
2.626720916479826,-0.07875,0,-1.26,16,0,partnership_disguised_sale,-0.13213777542114258,0,0.2066,29,7,0,1736,0,0.0,4992,38
2.7589392997324467,0.5065624999999997,10,8.104999999999995,16,0,partnership_disguised_sale,0.19398269057273865,1,0.2056,32,7,0,1736,0,0.0,5120,39
2.7102083722129464,-0.07843749999999998,0,-1.2549999999999997,16,0,partnership_disguised_sale,-0.14449839293956757,0,0.2046,20,7,0,1736,0,0.0,5248,40
2.6587685784325004,0.05218750000000002,2,0.8350000000000003,16,0,partnership_disguised_sale,-0.11498920371135075,1,0.2036,22,7,0,1736,0,0.0,5376,41
2.534098505973816,-0.08843749999999996,0,-1.4149999999999994,16,0,partnership_disguised_sale,-0.12696066995461783,0,0.2025,25,7,0,1736,0,0.0,5504,42
2.68542202655226,-0.08687499999999995,0,-1.3899999999999992,16,0,partnership_disguised_sale,-0.14262461165587106,0,0.2015,22,7,0,1736,0,0.0,5632,43
2.5636129956692457,0.6637499999999996,10,10.619999999999994,16,0,partnership_disguised_sale,0.31839312116305035,2,0.2005,29,7,0,1736,0,0.0,5760,44
2.639583494514227,0.046250000000000124,2,0.740000000000002,16,0,partnership_disguised_sale,-0.1163879781961441,1,0.1995,27,7,0,1736,0,0.0,5888,45
2.5487291710451245,3.065,20,49.04,16,0,partnership_disguised_sale,3.2087480227152505,3,0.1985,24,7,0,1736,2,0.125,6016,46
2.6538367411121726,1.8000000000000003,20,28.800000000000004,16,0,partnership_disguised_sale,1.8874557415644329,3,0.1975,30,7,0,1736,1,0.0625,6144,47
2.573984728194773,0.4375000000000003,6,7.000000000000004,16,0,partnership_disguised_sale,0.026077439387639362,2,0.1965,21,7,0,1736,0,0.0,6272,48
2.514641523361206,1.7962499999999997,20,28.739999999999995,16,0,partnership_disguised_sale,1.7976545492808025,2,0.1956,24,7,0,1736,1,0.0625,6400,49
2.569600776769221,-0.07281249999999995,0,-1.1649999999999991,16,0,partnership_disguised_sale,-0.013891416291395823,0,0.1946,27,7,0,1736,0,0.0,6528,50
2.6035456247627735,-0.06562500000000003,0,-1.0500000000000005,16,0,partnership_disguised_sale,-0.07356927295525868,0,0.1936,18,7,0,1736,0,0.0,6656,51
2.5362429581582546,1.2009375,20,19.215,16,0,partnership_disguised_sale,0.8752848704655966,1,0.1926,32,7,0,1736,1,0.0625,6784,52
2.458538313396275,1.063125,18,17.01,16,0,partnership_disguised_sale,1.15060555934906,1,0.1917,23,7,0,1736,1,0.0625,6912,53
2.493229384534061,1.8112499999999996,20,28.979999999999993,16,0,partnership_disguised_sale,1.8110439777374268,2,0.1907,26,7,0,1736,1,0.0625,7040,54
2.647840240970254,-0.07812499999999999,0,-1.2499999999999998,16,0,partnership_disguised_sale,-0.06509928405284882,0,0.1898,22,7,0,1736,0,0.0,7168,55
2.644061943516135,-0.09593749999999995,0,-1.5349999999999993,16,0,partnership_disguised_sale,-0.02550703038771947,0,0.1888,33,7,0,1736,0,0.0,7296,56
2.6065011909231544,0.6690625,10,10.705,16,0,partnership_disguised_sale,0.28190313776334125,2,0.1879,19,7,0,1736,0,0.0,7424,57
2.4806274799630046,1.3181250000000004,20,21.090000000000007,16,0,partnership_disguised_sale,1.3350743055343628,2,0.1869,17,7,0,1736,1,0.0625,7552,58
2.580225108191371,-0.09437499999999997,0,-1.5099999999999996,16,0,partnership_disguised_sale,-0.09076148271560669,0,0.186,16,7,0,1736,0,0.0,7680,59
2.5362541750073433,0.55,8,8.8,16,0,partnership_disguised_sale,0.12122907241185506,2,0.1851,26,7,0,1736,0,0.0,7808,60
2.5592261450365186,1.0578125000000003,18,16.925000000000004,16,0,partnership_disguised_sale,0.9209639628728231,1,0.1841,18,7,0,1736,1,0.0625,7936,61
2.4987664371728897,-0.06468750000000001,0,-1.0350000000000001,16,0,partnership_disguised_sale,-0.08940916260083516,0,0.1832,21,7,0,1736,0,0.0,8064,62
2.5381043097004294,0.06312499999999999,2,1.0099999999999998,16,0,partnership_disguised_sale,-0.10344576587279637,1,0.1823,21,7,0,1736,0,0.0,8192,63
2.6154321776703,1.1384374999999989,20,18.214999999999982,16,0,partnership_disguised_sale,1.3748021920522053,1,0.1814,20,7,0,1736,1,0.0625,8320,64
2.640588043257594,1.1678125000000008,20,18.685000000000013,16,0,partnership_disguised_sale,1.4203527768452961,1,0.1805,23,7,0,1736,1,0.0625,8448,65
2.5103162117302418,-0.0903125,0,-1.445,16,0,partnership_disguised_sale,-0.09581095228592555,0,0.1796,33,7,0,1736,0,0.0,8576,66
2.4393563074991107,1.1843750000000002,20,18.950000000000003,16,0,partnership_disguised_sale,1.2420360247294109,1,0.1787,27,7,0,1736,1,0.0625,8704,67
2.3939428562298417,3.685312499999999,20,58.96499999999998,16,0,partnership_disguised_sale,4.267666657765706,4,0.1778,19,7,0,1736,3,0.1875,8832,68
2.587342788465321,1.1771875000000003,20,18.835000000000004,16,0,partnership_disguised_sale,1.2179420789082844,1,0.1769,26,7,0,1736,1,0.0625,8960,69
2.467794674448669,-0.06468750000000002,0,-1.0350000000000004,16,0,partnership_disguised_sale,-0.06442810222506523,0,0.176,27,7,0,1736,0,0.0,9088,70
2.367775682359934,1.2000000000000004,20,19.200000000000006,16,0,partnership_disguised_sale,1.458889126777649,1,0.1751,20,7,0,1736,1,0.0625,9216,71
2.4727399749681354,0.5487499999999994,10,8.77999999999999,16,0,partnership_disguised_sale,0.27428728342056274,2,0.1743,14,7,0,1736,0,0.0,9344,72
2.514530119486153,1.3046875,20,20.875,16,0,partnership_disguised_sale,1.2888649702072144,2,0.1734,29,7,0,1736,1,0.0625,9472,73
2.5724871959537268,1.8021875000000007,20,28.83500000000001,16,0,partnership_disguised_sale,1.5644069115320842,3,0.1725,25,7,0,1736,1,0.0625,9600,74
2.574378094635904,3.688749999999996,20,59.01999999999994,16,0,partnership_disguised_sale,3.6837593714396157,3,0.1717,20,7,0,1736,3,0.1875,9728,75
2.5005035186186433,1.6918749999999987,18,27.06999999999998,16,0,partnership_disguised_sale,1.4062252044677734,2,0.1708,28,7,0,1736,1,0.0625,9856,76
2.4634312158450484,2.929374999999999,20,46.86999999999998,16,0,partnership_disguised_sale,2.2330523331960044,3,0.1699,21,7,0,1736,2,0.125,9984,77
2.4457723852247,1.7906249999999997,20,28.649999999999995,16,0,partnership_disguised_sale,1.6866482893625896,2,0.1691,24,7,0,1736,1,0.0625,10112,78
2.51309968624264,3.1893749999999987,20,51.02999999999998,16,0,partnership_disguised_sale,2.6165716648101807,4,0.1683,18,7,0,1736,2,0.125,10240,79
2.4945136136375368,1.183750000000001,20,18.940000000000015,16,0,partnership_disguised_sale,1.3411996761957805,2,0.1674,30,7,0,1736,1,0.0625,10368,80
2.3474306631833315,1.19875,20,19.18,16,0,partnership_disguised_sale,1.310352365175883,1,0.1666,21,7,0,1736,1,0.0625,10496,81
2.3614113740622997,1.0718750000000004,18,17.150000000000006,16,0,partnership_disguised_sale,1.085248629252116,2,0.1657,22,7,0,1736,1,0.0625,10624,82
2.4530040780082345,5.8138235294117635,20,98.83499999999998,17,0,partnership_disguised_sale,5.336147467295329,5,0.1649,14,7,0,1736,5,0.29411764705882354,10752,83
2.4540970660746098,0.5521874999999996,10,8.834999999999994,16,0,partnership_disguised_sale,0.307702233393987,1,0.1641,21,7,0,1736,0,0.0,10880,84
2.468112234957516,4.183125,20,66.93,16,0,partnership_disguised_sale,4.009616374969482,5,0.1633,22,7,0,1736,3,0.1875,11008,85
2.4124072520062327,-0.06375000000000004,0,-1.0200000000000007,16,0,partnership_disguised_sale,0.07116299867630005,0,0.1625,24,7,0,1736,0,0.0,11136,86
2.4319537272676826,3.431562499999998,20,54.904999999999966,16,0,partnership_disguised_sale,3.296724319458008,3,0.1616,25,7,0,1736,2,0.125,11264,87
2.637406491674483,5.919705882352941,20,100.635,17,0,partnership_disguised_sale,5.202210267384847,6,0.1608,24,7,0,1736,5,0.29411764705882354,11392,88
2.4533577216789126,1.4431250000000002,20,23.090000000000003,16,0,partnership_disguised_sale,1.3399639527002971,3,0.16,20,7,0,1736,1,0.0625,11520,89
2.456814489327371,3.693749999999998,20,59.099999999999966,16,0,partnership_disguised_sale,3.3737496534983316,5,0.1592,18,7,0,1736,2,0.125,11648,90
2.48652352578938,2.9103125,20,46.565,16,0,partnership_disguised_sale,2.654521624247233,3,0.1584,19,7,0,1736,2,0.125,11776,91
2.4579292805865407,5.1793749999999985,20,82.86999999999998,16,0,partnership_disguised_sale,5.028261502583821,6,0.1576,17,7,0,1736,4,0.25,11904,92
2.267341739498079,4.950937500000001,20,79.21500000000002,16,0,partnership_disguised_sale,4.810704231262207,5,0.1569,10,7,0,1736,4,0.25,12032,93
2.35139140766114,4.043749999999998,20,64.69999999999997,16,0,partnership_disguised_sale,3.470877250035604,4,0.1561,25,7,0,1736,3,0.1875,12160,94
2.2938902326859534,2.432187499999999,20,38.914999999999985,16,0,partnership_disguised_sale,2.166738589604696,3,0.1553,18,7,0,1736,2,0.125,12288,95
2.3046275274828076,5.0746875,20,81.195,16,0,partnership_disguised_sale,3.81903068224589,6,0.1545,22,7,0,1736,3,0.1875,12416,96
2.3290048241615295,3.1712499999999997,20,50.739999999999995,16,0,partnership_disguised_sale,2.6060463587443032,4,0.1537,16,7,0,1736,2,0.125,12544,97
2.325127348769456,3.801562499999997,20,60.82499999999995,16,0,partnership_disguised_sale,3.718674421310425,4,0.153,15,7,0,1736,3,0.1875,12672,98
2.4115636851638556,3.1706249999999985,20,50.729999999999976,16,0,partnership_disguised_sale,2.7305379708607993,4,0.1522,16,7,0,1736,2,0.125,12800,99
2.759316706098616,-0.09999999999999991,0,-1.5999999999999985,16,0,partnership_disguised_sale,-0.1484773357709249,0,0.25,32,8,0,1737,0,0.0,128,0
2.659174400381744,-0.10593749999999996,0,-1.6949999999999994,16,0,partnership_disguised_sale,-0.13707845906416574,0,0.2487,23,8,0,1737,0,0.0,256,1
2.77930168248713,-0.11093749999999988,0,-1.7749999999999981,16,0,partnership_disguised_sale,-0.13054926693439484,0,0.2475,34,8,0,1737,0,0.0,384,2
2.699410818517208,-0.10968749999999991,2,-1.7549999999999986,16,0,partnership_disguised_sale,-0.14266429841518402,1,0.2463,26,8,0,1737,0,0.0,512,3
2.6453551342710853,1.0371875,18,16.595,16,0,partnership_disguised_sale,1.228549599647522,1,0.245,38,8,0,1737,1,0.0625,640,4
2.6481803245842457,-0.08531249999999997,0,-1.3649999999999995,16,0,partnership_disguised_sale,-0.11846407502889633,0,0.2438,36,8,0,1737,0,0.0,768,5
2.6025531692430377,0.42125000000000007,10,6.740000000000001,16,0,partnership_disguised_sale,0.10024309655030568,1,0.2426,31,8,0,1737,0,0.0,896,6
2.7167230639606714,-0.09999999999999996,0,-1.5999999999999994,16,0,partnership_disguised_sale,-0.12396436929702759,0,0.2414,30,8,0,1737,0,0.0,1024,7
2.5654768887907267,1.1628124999999996,10,18.604999999999993,16,0,partnership_disguised_sale,0.6084710160891215,2,0.2402,23,8,0,1737,0,0.0,1152,8
2.679509132169187,-0.10374999999999998,0,-1.6599999999999997,16,0,partnership_disguised_sale,-0.12809477746486664,0,0.239,30,8,0,1737,0,0.0,1280,9
2.5435362020507455,1.1637500000000005,20,18.620000000000008,16,0,partnership_disguised_sale,1.4172306458155315,1,0.2378,27,8,0,1737,1,0.0625,1408,10
2.631907599978149,-0.07656249999999999,0,-1.2249999999999999,16,0,partnership_disguised_sale,-0.12672495345274606,0,0.2366,41,8,0,1737,0,0.0,1536,11
2.694455461576581,-0.08562499999999998,0,-1.3699999999999997,16,0,partnership_disguised_sale,-0.13076099256674448,0,0.2354,33,8,0,1737,0,0.0,1664,12
2.6156375827267766,-0.09031249999999995,0,-1.4449999999999992,16,0,partnership_disguised_sale,-0.13581124444802603,0,0.2342,37,8,0,1737,0,0.0,1792,13
2.5435080099850893,-0.08250000000000002,0,-1.3200000000000003,16,0,partnership_disguised_sale,-0.12373991807301839,0,0.2331,25,8,0,1737,0,0.0,1920,14
2.5610632710158825,1.1906250000000005,20,19.050000000000008,16,0,partnership_disguised_sale,1.4387123187383015,1,0.2319,35,8,0,1737,1,0.0625,2048,15
2.591861369088292,-0.07843749999999998,0,-1.2549999999999997,16,0,partnership_disguised_sale,-0.12351330866416295,0,0.2307,24,8,0,1737,0,0.0,2176,16
2.6697213612496853,-0.08718749999999997,0,-1.3949999999999996,16,0,partnership_disguised_sale,-0.13271592557430267,0,0.2296,27,8,0,1737,0,0.0,2304,17
2.586100664921105,2.9221874999999984,20,46.754999999999974,16,0,partnership_disguised_sale,3.050243377685547,3,0.2284,25,8,0,1737,2,0.125,2432,18
2.5743512557819486,-0.06343750000000002,0,-1.0150000000000003,16,0,partnership_disguised_sale,-0.14113259812196097,0,0.2273,35,8,0,1737,0,0.0,2560,19
2.6498887287452817,1.0381250000000002,18,16.610000000000003,16,0,partnership_disguised_sale,1.1892836093902588,1,0.2262,27,8,0,1737,1,0.0625,2688,20
2.6323418552055955,-0.08156250000000002,0,-1.3050000000000004,16,0,partnership_disguised_sale,-0.1363217532634735,0,0.225,26,8,0,1737,0,0.0,2816,21
2.6374624893069267,1.0503125000000002,18,16.805000000000003,16,0,partnership_disguised_sale,1.0833919048309326,1,0.2239,33,8,0,1737,1,0.0625,2944,22
2.6599136739969254,0.535937499999999,10,8.574999999999983,16,0,partnership_disguised_sale,0.20658902327219644,1,0.2228,25,8,0,1737,0,0.0,3072,23
2.679839141666889,-0.07718749999999994,0,-1.234999999999999,16,0,partnership_disguised_sale,-0.11046840747197469,0,0.2217,27,8,0,1737,0,0.0,3200,24
2.6723914723843336,-0.1118749999999999,0,-1.7899999999999985,16,0,partnership_disguised_sale,-0.12046599884827931,0,0.2206,37,8,0,1737,0,0.0,3328,25
2.569733585231006,0.06562500000000004,8,1.0500000000000007,16,0,partnership_disguised_sale,-0.06370383997758229,2,0.2195,25,8,0,1737,0,0.0,3456,26
2.629361447878182,-0.09187499999999996,0,-1.4699999999999993,16,0,partnership_disguised_sale,-0.135368878642718,0,0.2184,25,8,0,1737,0,0.0,3584,27
2.6565514858812094,-0.10187499999999997,0,-1.6299999999999994,16,0,partnership_disguised_sale,-0.13117594520250955,0,0.2173,25,8,0,1737,0,0.0,3712,28
2.5818248204886913,1.0496875,18,16.795,16,0,partnership_disguised_sale,1.1358497937520344,1,0.2162,23,8,0,1737,1,0.0625,3840,29
2.5232402328401804,1.0784375000000013,18,17.25500000000002,16,0,partnership_disguised_sale,1.128139058748881,1,0.2151,26,8,0,1737,1,0.0625,3968,30
2.6007066955789924,1.8037499999999995,18,28.859999999999992,16,0,partnership_disguised_sale,1.2994924783706665,2,0.214,32,8,0,1737,1,0.0625,4096,31
2.5731241796165705,-0.08937500000000007,10,-1.430000000000001,16,0,partnership_disguised_sale,0.15757151941458383,1,0.213,24,8,0,1737,0,0.0,4224,32
2.693861935287714,-0.09093749999999994,0,-1.454999999999999,16,0,partnership_disguised_sale,-0.08276276290416718,0,0.2119,34,8,0,1737,0,0.0,4352,33
2.5605751238763332,-0.08000000000000002,0,-1.2800000000000002,16,0,partnership_disguised_sale,-0.09098351995150249,0,0.2108,27,8,0,1737,0,0.0,4480,34
2.6659807600080967,-0.0834374999999999,6,-1.3349999999999984,16,0,partnership_disguised_sale,-0.10445432116587956,1,0.2098,40,8,0,1737,0,0.0,4608,35
2.613640720024705,1.1562499999999993,20,18.49999999999999,16,0,partnership_disguised_sale,1.5437625646591187,1,0.2087,29,8,0,1737,1,0.0625,4736,36
2.497741331346333,1.1959375000000008,20,19.135000000000012,16,0,partnership_disguised_sale,1.2756656805674236,1,0.2077,21,8,0,1737,1,0.0625,4864,37
2.6332810036838055,-0.084375,0,-1.35,16,0,partnership_disguised_sale,-0.130400280157725,0,0.2066,25,8,0,1737,0,0.0,4992,38
2.712399810552597,-0.10687499999999996,0,-1.7099999999999993,16,0,partnership_disguised_sale,-0.136758158604304,0,0.2056,24,8,0,1737,0,0.0,5120,39
2.5104218227788806,0.5468749999999992,10,8.749999999999988,16,0,partnership_disguised_sale,0.262330303589503,1,0.2046,32,8,0,1737,0,0.0,5248,40
2.494467872194946,2.7053124999999976,18,43.28499999999996,16,0,partnership_disguised_sale,2.1465469201405845,3,0.2036,25,8,0,1737,1,0.0625,5376,41
2.4874465549364686,0.7037499999999989,12,11.259999999999982,16,0,partnership_disguised_sale,0.44419939319292706,1,0.2025,17,8,0,1737,0,0.0,5504,42
2.524274333845824,1.0596875000000014,18,16.955000000000023,16,0,partnership_disguised_sale,1.1409486532211304,1,0.2015,26,8,0,1737,1,0.0625,5632,43
2.4836676325649023,1.8087499999999996,20,28.939999999999994,16,0,partnership_disguised_sale,1.543183445930481,2,0.2005,25,8,0,1737,1,0.0625,5760,44
2.479923626407981,0.18656250000000016,2,2.9850000000000025,16,0,partnership_disguised_sale,-0.04236933837334315,2,0.1995,29,8,0,1737,0,0.0,5888,45
2.4358759485185146,-0.04750000000000003,0,-0.7600000000000005,16,0,partnership_disguised_sale,-0.0019092659155527751,0,0.1985,30,8,0,1737,0,0.0,6016,46
2.439401686191559,-0.06531250000000004,0,-1.0450000000000006,16,0,partnership_disguised_sale,0.0052538613478342695,0,0.1975,24,8,0,1737,0,0.0,6144,47
2.55472204554826,0.06249999999999999,2,0.9999999999999999,16,0,partnership_disguised_sale,-0.04498015840848287,1,0.1965,28,8,0,1737,0,0.0,6272,48
2.5639824345707893,-0.04625000000000002,0,-0.7400000000000003,16,0,partnership_disguised_sale,-0.05496705323457718,0,0.1956,26,8,0,1737,0,0.0,6400,49
2.565572646446526,-0.061875000000000034,0,-0.9900000000000005,16,0,partnership_disguised_sale,-0.08790852626164754,0,0.1946,27,8,0,1737,0,0.0,6528,50
2.4907946344465017,1.3053125000000003,20,20.885000000000005,16,0,partnership_disguised_sale,1.3038087288538616,2,0.1936,25,8,0,1737,1,0.0625,6656,51
2.626307301223278,2.4343749999999975,20,38.94999999999996,16,0,partnership_disguised_sale,2.689420302708944,2,0.1926,23,8,0,1737,2,0.125,6784,52
2.7627174127846956,-0.11187499999999993,10,-1.789999999999999,16,0,partnership_disguised_sale,-0.06605755041042964,1,0.1917,20,8,0,1737,0,0.0,6912,53
2.6398734897375107,-0.05906250000000003,0,-0.9450000000000005,16,0,partnership_disguised_sale,-0.13174466788768768,0,0.1907,21,8,0,1737,0,0.0,7040,54
2.615428543649614,-0.09781249999999987,0,-1.564999999999998,16,0,partnership_disguised_sale,-0.1165209710597992,0,0.1898,25,8,0,1737,0,0.0,7168,55
2.680363442748785,-0.10062499999999994,0,-1.609999999999999,16,0,partnership_disguised_sale,-0.12692975997924805,0,0.1888,21,8,0,1737,0,0.0,7296,56
2.8163512647151947,0.9990625000000004,10,15.985000000000007,16,0,partnership_disguised_sale,0.5043326616287231,2,0.1879,29,8,0,1737,0,0.0,7424,57
2.606170767918229,-0.06656250000000002,0,-1.0650000000000004,16,0,partnership_disguised_sale,-0.11618516097466151,0,0.1869,24,8,0,1737,0,0.0,7552,58
2.6376245515421033,0.5443749999999996,10,8.709999999999994,16,0,partnership_disguised_sale,0.27786193291346234,1,0.186,20,8,0,1737,0,0.0,7680,59
2.57651427667588,-0.06937500000000003,0,-1.1100000000000005,16,0,partnership_disguised_sale,-0.11073379466931026,0,0.1851,25,8,0,1737,0,0.0,7808,60
2.5103186778724194,-0.08124999999999996,0,-1.2999999999999994,16,0,partnership_disguised_sale,-0.11092699070771535,0,0.1841,24,8,0,1737,0,0.0,7936,61
2.6132703870534897,-0.08343749999999998,0,-1.3349999999999997,16,0,partnership_disguised_sale,-0.12651963780323663,0,0.1832,23,8,0,1737,0,0.0,8064,62
2.7622079914435744,-0.1271874999999999,0,-2.0349999999999984,16,0,partnership_disguised_sale,-0.1281542330980301,0,0.1823,20,8,0,1737,0,0.0,8192,63
2.6431122040376067,0.28750000000000064,10,4.60000000000001,16,0,partnership_disguised_sale,0.14990019798278809,2,0.1814,29,8,0,1737,0,0.0,8320,64
2.609864211641252,2.9112500000000003,20,46.580000000000005,16,0,partnership_disguised_sale,2.958975315093994,4,0.1805,22,8,0,1737,2,0.125,8448,65
2.6576561452820897,1.1590625,20,18.545,16,0,partnership_disguised_sale,1.6127174297968547,3,0.1796,23,8,0,1737,1,0.0625,8576,66
2.472485356964171,1.0640625,10,17.025,16,0,partnership_disguised_sale,0.48190470536549884,2,0.1787,26,8,0,1737,0,0.0,8704,67
2.5867909137159586,-0.06625000000000003,0,-1.0600000000000005,16,0,partnership_disguised_sale,-0.1148470863699913,0,0.1778,19,8,0,1737,0,0.0,8832,68
2.491252119652927,1.3006250000000001,20,20.810000000000002,16,0,partnership_disguised_sale,1.0131682554880779,2,0.1769,14,8,0,1737,1,0.0625,8960,69
2.700405011884868,1.5425000000000002,18,24.680000000000003,16,0,partnership_disguised_sale,1.3742013772328694,2,0.176,24,8,0,1737,1,0.0625,9088,70
2.37850493658334,0.08406250000000016,2,1.3450000000000026,16,0,partnership_disguised_sale,-0.06935692330201466,1,0.1751,17,8,0,1737,0,0.0,9216,71
2.5317974919453263,0.6903124999999999,10,11.044999999999998,16,0,partnership_disguised_sale,0.2617230912049611,2,0.1743,24,8,0,1737,0,0.0,9344,72
2.497722410596907,1.5675000000000003,20,25.080000000000005,16,0,partnership_disguised_sale,1.335415204366048,2,0.1734,30,8,0,1737,1,0.0625,9472,73
2.4475872833281755,1.1834375000000006,20,18.93500000000001,16,0,partnership_disguised_sale,1.3530371189117432,1,0.1725,19,8,0,1737,1,0.0625,9600,74
2.4985709143802524,3.6806249999999996,20,58.88999999999999,16,0,partnership_disguised_sale,3.3902061780293784,4,0.1717,25,8,0,1737,2,0.125,9728,75
2.4223525328561664,-0.06687500000000003,0,-1.0700000000000005,16,0,partnership_disguised_sale,-0.0005013396342595419,0,0.1708,26,8,0,1737,0,0.0,9856,76
2.4182799365371466,1.1803125,20,18.885,16,0,partnership_disguised_sale,1.5036370754241943,1,0.1699,18,8,0,1737,1,0.0625,9984,77
2.4524737605825067,2.317812499999997,20,37.08499999999995,16,0,partnership_disguised_sale,2.3193450768788657,2,0.1691,23,8,0,1737,2,0.125,10112,78
2.5507774958387017,-0.07531249999999998,0,-1.2049999999999996,16,0,partnership_disguised_sale,0.0070307304461797076,0,0.1683,23,8,0,1737,0,0.0,10240,79
2.5314346635714173,2.2865624999999974,20,36.58499999999996,16,0,partnership_disguised_sale,2.5299641291300454,3,0.1674,20,8,0,1737,2,0.125,10368,80
2.540522549301386,1.3056249999999994,20,20.88999999999999,16,0,partnership_disguised_sale,1.1933565537134807,2,0.1666,24,8,0,1737,1,0.0625,10496,81
2.3285123240202665,1.44375,20,23.1,16,0,partnership_disguised_sale,1.4260971943537395,3,0.1657,16,8,0,1737,1,0.0625,10624,82
2.5117590008303523,3.3078124999999994,20,52.92499999999999,16,0,partnership_disguised_sale,2.6980321407318115,4,0.1649,21,8,0,1737,2,0.125,10752,83
2.392330195289105,2.433749999999999,20,38.93999999999998,16,0,partnership_disguised_sale,1.9125053882598877,3,0.1641,27,8,0,1737,1,0.0625,10880,84
2.2855968680232763,1.1809374999999998,20,18.894999999999996,16,0,partnership_disguised_sale,1.3762551148732503,1,0.1633,22,8,0,1737,1,0.0625,11008,85
2.2594030303880572,5.068437499999999,20,81.09499999999998,16,0,partnership_disguised_sale,4.5833204587300616,5,0.1625,25,8,0,1737,3,0.1875,11136,86
2.249754747375846,4.446874999999999,20,71.14999999999998,16,0,partnership_disguised_sale,4.091063181559245,8,0.1616,25,8,0,1737,3,0.1875,11264,87
2.217841506935656,0.05656250000000011,2,0.9050000000000018,16,0,partnership_disguised_sale,0.28849883874257404,1,0.1608,20,8,0,1737,0,0.0,11392,88
2.1874094041995704,0.9403124999999996,16,15.044999999999993,16,0,partnership_disguised_sale,0.7806770404179891,2,0.16,19,8,0,1737,0,0.0,11520,89
2.1832071682438254,2.4343749999999997,20,38.949999999999996,16,0,partnership_disguised_sale,2.8217453161875405,3,0.1592,26,8,0,1737,2,0.125,11648,90
2.1771968891844153,2.1849999999999996,18,34.959999999999994,16,0,partnership_disguised_sale,1.432146946589152,4,0.1584,27,8,0,1737,1,0.0625,11776,91
2.303299496881664,1.1824999999999999,20,18.919999999999998,16,0,partnership_disguised_sale,1.1850728591283162,1,0.1576,20,8,0,1737,1,0.0625,11904,92
2.259685581084341,3.072812500000001,20,49.16500000000001,16,0,partnership_disguised_sale,2.8026066621144614,3,0.1569,16,8,0,1737,2,0.125,12032,93
2.1762973545119166,2.9493749999999967,20,47.18999999999995,16,0,partnership_disguised_sale,2.6749795277913413,4,0.1561,19,8,0,1737,2,0.125,12160,94
2.265294237062335,5.4240625,20,86.785,16,0,partnership_disguised_sale,5.03730567296346,5,0.1553,19,8,0,1737,4,0.25,12288,95
2.194142050575465,1.17125,20,18.74,16,0,partnership_disguised_sale,1.5402788321177165,1,0.1545,14,8,0,1737,1,0.0625,12416,96
2.3309212080202997,6.430000000000001,20,102.88000000000001,16,0,partnership_disguised_sale,5.312856356302897,9,0.1537,22,8,0,1737,4,0.25,12544,97
2.224779013544321,2.323124999999999,20,37.16999999999999,16,0,partnership_disguised_sale,2.4082767168680825,2,0.153,21,8,0,1737,2,0.125,12672,98
2.283979818690568,3.9247058823529404,20,66.71999999999998,17,0,partnership_disguised_sale,2.969618638356527,4,0.1522,23,8,0,1737,3,0.17647058823529413,12800,99
2.797907952219248,-0.11687499999999992,0,-1.8699999999999988,16,0,partnership_disguised_sale,-0.14758475621541342,0,0.25,30,9,0,1738,0,0.0,128,0
2.682406055741012,1.0475,18,16.76,16,0,partnership_disguised_sale,1.2138049999872844,1,0.2487,39,9,0,1738,1,0.0625,256,1
2.6116654332727194,-0.0959374999999999,0,-1.5349999999999984,16,0,partnership_disguised_sale,-0.1142690082391103,0,0.2475,25,9,0,1738,0,0.0,384,2
2.7979589765891433,0.37000000000000044,10,5.920000000000007,16,0,partnership_disguised_sale,0.08478374779224396,1,0.2463,27,9,0,1738,0,0.0,512,3
2.7772017968818545,1.1478125000000001,20,18.365000000000002,16,0,partnership_disguised_sale,1.4971682230631511,1,0.245,21,9,0,1738,1,0.0625,640,4
2.641843480989337,-0.10468749999999996,0,-1.6749999999999994,16,0,partnership_disguised_sale,-0.1169464960694313,0,0.2438,33,9,0,1738,0,0.0,768,5
2.744370486587286,-0.11624999999999991,0,-1.8599999999999985,16,0,partnership_disguised_sale,-0.1408830632766088,0,0.2426,38,9,0,1738,0,0.0,896,6
2.637556793168187,-0.06625,0,-1.06,16,0,partnership_disguised_sale,-0.13762802879015604,0,0.2414,32,9,0,1738,0,0.0,1024,7
2.7482236195355654,-0.09781249999999997,0,-1.5649999999999995,16,0,partnership_disguised_sale,-0.1484504590431849,0,0.2402,32,9,0,1738,0,0.0,1152,8
2.679975871928036,-0.12031249999999996,0,-1.9249999999999994,16,0,partnership_disguised_sale,-0.12602187444766363,0,0.239,28,9,0,1738,0,0.0,1280,9
2.5721938079223037,0.5424999999999991,10,8.679999999999986,16,0,partnership_disguised_sale,0.23249851167201996,2,0.2378,34,9,0,1738,0,0.0,1408,10
2.7445242488756776,-0.09968749999999996,0,-1.5949999999999993,16,0,partnership_disguised_sale,-0.13726142048835754,0,0.2366,31,9,0,1738,0,0.0,1536,11
2.7020505610853434,0.0012499999999999387,2,0.01999999999999902,16,0,partnership_disguised_sale,-0.11975010236104329,1,0.2354,26,9,0,1738,0,0.0,1664,12
2.6050296630710363,1.1731250000000009,20,18.770000000000014,16,0,partnership_disguised_sale,0.9120135505994161,1,0.2342,37,9,0,1738,1,0.0625,1792,13
2.6531049385666847,-0.08968749999999995,0,-1.4349999999999992,16,0,partnership_disguised_sale,-0.14032167692979178,0,0.2331,32,9,0,1738,0,0.0,1920,14
2.6090214028954506,-0.089375,0,-1.43,16,0,partnership_disguised_sale,-0.1272667869925499,0,0.2319,26,9,0,1738,0,0.0,2048,15
2.6148724099621177,-0.07437500000000001,0,-1.1900000000000002,16,0,partnership_disguised_sale,-0.12028568238019943,0,0.2307,27,9,0,1738,0,0.0,2176,16
2.5751771833747625,-0.0946875,0,-1.515,16,0,partnership_disguised_sale,-0.13866648077964783,0,0.2296,33,9,0,1738,0,0.0,2304,17
2.681277505122125,-0.08437499999999998,0,-1.3499999999999996,16,0,partnership_disguised_sale,-0.14737418790658316,0,0.2284,34,9,0,1738,0,0.0,2432,18
2.6474227188155055,1.5421875000000007,18,24.67500000000001,16,0,partnership_disguised_sale,1.546693245569865,2,0.2273,35,9,0,1738,1,0.0625,2560,19
2.574967795982957,1.054375000000001,18,16.870000000000015,16,0,partnership_disguised_sale,0.983756442864736,1,0.2262,30,9,0,1738,1,0.0625,2688,20
2.5199857586994767,-0.05312500000000003,0,-0.8500000000000005,16,0,partnership_disguised_sale,-0.10879384229580562,0,0.225,35,9,0,1738,0,0.0,2816,21
2.666369356215,-0.0865625,0,-1.385,16,0,partnership_disguised_sale,-0.0951714962720871,0,0.2239,33,9,0,1738,0,0.0,2944,22
2.599682191386819,-0.0909375,0,-1.455,16,0,partnership_disguised_sale,-0.12722568462292352,0,0.2228,26,9,0,1738,0,0.0,3072,23
2.643558400683105,1.0318749999999994,10,16.50999999999999,16,0,partnership_disguised_sale,0.6003533999125162,3,0.2217,21,9,0,1738,0,0.0,3200,24
2.631687737070024,0.03812500000000005,2,0.6100000000000008,16,0,partnership_disguised_sale,-0.10218404978513718,1,0.2206,31,9,0,1738,0,0.0,3328,25
2.6308040553703904,-0.09312499999999994,0,-1.489999999999999,16,0,partnership_disguised_sale,-0.13113763431708017,0,0.2195,21,9,0,1738,0,0.0,3456,26
2.6793517991900444,1.0628125000000002,18,17.005000000000003,16,0,partnership_disguised_sale,1.1866042216618855,1,0.2184,25,9,0,1738,1,0.0625,3584,27
2.6500435676425695,-0.073125,0,-1.17,16,0,partnership_disguised_sale,-0.10726780692736308,0,0.2173,36,9,0,1738,0,0.0,3712,28
2.52928024251014,-0.07937500000000001,0,-1.2700000000000002,16,0,partnership_disguised_sale,-0.12344784289598465,0,0.2162,21,9,0,1738,0,0.0,3840,29
2.6302166134119034,1.2915625,20,20.665,16,0,partnership_disguised_sale,0.9321008523305258,2,0.2151,27,9,0,1738,1,0.0625,3968,30
2.5513225235044956,-0.05687500000000004,0,-0.9100000000000006,16,0,partnership_disguised_sale,-0.12064491212368011,0,0.214,28,9,0,1738,0,0.0,4096,31
2.580815363675356,1.0571874999999988,18,16.91499999999998,16,0,partnership_disguised_sale,1.1116594870885212,1,0.213,26,9,0,1738,1,0.0625,4224,32
2.6065982915461063,-0.07625,0,-1.22,16,0,partnership_disguised_sale,-0.12598678469657898,0,0.2119,24,9,0,1738,0,0.0,4352,33
2.6261454047635198,1.1740625,20,18.785,16,0,partnership_disguised_sale,1.2386638323465984,1,0.2108,27,9,0,1738,1,0.0625,4480,34
2.6110963048413396,0.05906249999999996,2,0.9449999999999994,16,0,partnership_disguised_sale,-0.07467983663082123,2,0.2098,32,9,0,1738,0,0.0,4608,35
2.592365642078221,1.0675000000000003,18,17.080000000000005,16,0,partnership_disguised_sale,0.863871435324351,1,0.2087,26,9,0,1738,1,0.0625,4736,36
2.6789750000461936,-0.09937499999999991,0,-1.5899999999999985,16,0,partnership_disguised_sale,-0.12537922710180283,0,0.2077,20,9,0,1738,0,0.0,4864,37
2.5315769780427217,-0.08406249999999998,0,-1.3449999999999998,16,0,partnership_disguised_sale,-0.1109511728088061,0,0.2066,26,9,0,1738,0,0.0,4992,38
2.6584327332675457,3.0425,20,48.68,16,0,partnership_disguised_sale,3.0733532110850015,3,0.2056,22,9,0,1738,2,0.125,5120,39
2.623995117843151,2.1699999999999986,20,34.71999999999998,16,0,partnership_disguised_sale,1.8156405687332153,5,0.2046,36,9,0,1738,1,0.0625,5248,40
2.584378905594349,0.05093750000000009,2,0.8150000000000014,16,0,partnership_disguised_sale,-0.11497343828280766,1,0.2036,29,9,0,1738,0,0.0,5376,41
2.630981625057757,1.0731250000000008,18,17.170000000000012,16,0,partnership_disguised_sale,1.0601104895273845,1,0.2025,23,9,0,1738,1,0.0625,5504,42
2.4603136703372,1.0834375,18,17.335,16,0,partnership_disguised_sale,1.0580461819966633,1,0.2015,34,9,0,1738,1,0.0625,5632,43
2.428075674921274,-0.05718750000000004,0,-0.9150000000000006,16,0,partnership_disguised_sale,-0.08237842718760173,0,0.2005,20,9,0,1738,0,0.0,5760,44
2.6697725765407085,1.2709375000000005,20,20.335000000000008,16,0,partnership_disguised_sale,1.4414232969284058,2,0.1995,20,9,0,1738,1,0.0625,5888,45
2.4800905976444483,3.6853124999999984,20,58.964999999999975,16,0,partnership_disguised_sale,3.3744239012400308,4,0.1985,23,9,0,1738,2,0.125,6016,46
2.574806266464293,2.321875,20,37.15,16,0,partnership_disguised_sale,2.4062346617380777,2,0.1975,28,9,0,1738,2,0.125,6144,47
2.4801664729602635,0.5409374999999996,10,8.654999999999994,16,0,partnership_disguised_sale,0.33539753158887226,1,0.1965,24,9,0,1738,0,0.0,6272,48
2.4219054747372866,1.1750000000000003,20,18.800000000000004,16,0,partnership_disguised_sale,1.462685187657674,1,0.1956,21,9,0,1738,1,0.0625,6400,49
2.463607137557119,1.312812500000001,20,21.005000000000017,16,0,partnership_disguised_sale,1.397702972094218,2,0.1946,27,9,0,1738,1,0.0625,6528,50
2.4653763780370355,2.3049999999999984,20,36.879999999999974,16,0,partnership_disguised_sale,2.437767585118612,2,0.1936,28,9,0,1738,2,0.125,6656,51
2.5113742435351014,1.0403125000000009,18,16.645000000000014,16,0,partnership_disguised_sale,1.2201525767644246,1,0.1926,19,9,0,1738,1,0.0625,6784,52
2.433206527028233,2.5815624999999995,20,41.30499999999999,16,0,partnership_disguised_sale,2.4966954390207925,4,0.1917,31,9,0,1738,2,0.125,6912,53
2.390891371294856,-0.051562500000000025,0,-0.8250000000000004,16,0,partnership_disguised_sale,-0.004148441056410472,0,0.1907,31,9,0,1738,0,0.0,7040,54
2.510739787016064,1.4300000000000006,20,22.88000000000001,16,0,partnership_disguised_sale,1.1840310494105022,3,0.1898,26,9,0,1738,1,0.0625,7168,55
2.5350719885900617,2.286875,18,36.59,16,0,partnership_disguised_sale,1.6615715821584065,3,0.1888,22,9,0,1738,1,0.0625,7296,56
2.4127100352197886,0.5703124999999997,10,9.124999999999995,16,0,partnership_disguised_sale,0.29336469372113544,1,0.1879,18,9,0,1738,0,0.0,7424,57
2.430840102955699,0.5603124999999993,10,8.96499999999999,16,0,partnership_disguised_sale,0.35272417465845746,1,0.1869,26,9,0,1738,0,0.0,7552,58
2.30741975735873,1.8031250000000012,18,28.85000000000002,16,0,partnership_disguised_sale,1.690311034520467,2,0.186,26,9,0,1738,1,0.0625,7680,59
2.5479887472465634,2.6721874999999997,20,42.754999999999995,16,0,partnership_disguised_sale,2.189232031504313,4,0.1851,25,9,0,1738,1,0.0625,7808,60
2.3489328902214766,1.2068750000000004,20,19.310000000000006,16,0,partnership_disguised_sale,1.3791640996932983,1,0.1841,20,9,0,1738,1,0.0625,7936,61
2.3602040773257613,0.2006250000000001,4,3.2100000000000017,16,0,partnership_disguised_sale,0.03793067981799444,3,0.1832,31,9,0,1738,0,0.0,8064,62
2.4048794861882925,1.2915625000000004,20,20.665000000000006,16,0,partnership_disguised_sale,1.4367966254552205,2,0.1823,22,9,0,1738,1,0.0625,8192,63
2.5092608663253486,2.4087499999999964,18,38.53999999999994,16,0,partnership_disguised_sale,1.953109622001648,3,0.1814,28,9,0,1738,1,0.0625,8320,64
2.5058634374290705,1.6821875000000004,18,26.915000000000006,16,0,partnership_disguised_sale,1.3338290452957153,3,0.1805,27,9,0,1738,1,0.0625,8448,65
2.4105079444125295,1.7899999999999994,20,28.63999999999999,16,0,partnership_disguised_sale,1.8063366810480754,3,0.1796,24,9,0,1738,1,0.0625,8576,66
2.347732641734183,0.06468750000000008,2,1.0350000000000013,16,0,partnership_disguised_sale,0.020131113628546398,1,0.1787,23,9,0,1738,0,0.0,8704,67
2.4417749121785164,4.655,20,74.48,16,0,partnership_disguised_sale,5.301023006439209,4,0.1778,24,9,0,1738,4,0.25,8832,68
2.4046966452151537,6.994411764705886,20,118.90500000000006,17,0,partnership_disguised_sale,7.563782850901286,6,0.1769,20,9,0,1738,6,0.35294117647058826,8960,69
2.3353899903595448,2.5490624999999976,20,40.78499999999996,16,0,partnership_disguised_sale,2.8368350664774575,4,0.176,19,9,0,1738,2,0.125,9088,70
2.354821435175836,1.4415625,20,23.065,16,0,partnership_disguised_sale,1.3681821823120117,3,0.1751,29,9,0,1738,1,0.0625,9216,71
2.259981235023588,3.2015624999999988,20,51.22499999999998,16,0,partnership_disguised_sale,2.8307927449544272,4,0.1743,21,9,0,1738,2,0.125,9344,72
2.5085929967463017,-0.09437499999999997,0,-1.5099999999999996,16,0,partnership_disguised_sale,0.2424573451280594,0,0.1734,28,9,0,1738,0,0.0,9472,73
2.467056490946561,-0.07468749999999999,0,-1.1949999999999998,16,0,partnership_disguised_sale,0.18486619492371878,0,0.1725,26,9,0,1738,0,0.0,9600,74
2.3912599459290504,1.0296874999999999,18,16.474999999999998,16,0,partnership_disguised_sale,1.1754667361577351,1,0.1717,22,9,0,1738,1,0.0625,9728,75
2.387473507784307,3.669374999999998,20,58.709999999999965,16,0,partnership_disguised_sale,3.8432490825653076,3,0.1708,18,9,0,1738,3,0.1875,9856,76
2.3579840664751828,5.9509374999999975,20,95.21499999999996,16,0,partnership_disguised_sale,5.220838864644368,6,0.1699,24,9,0,1738,5,0.3125,9984,77
2.46449367236346,3.557187499999998,20,56.91499999999997,16,0,partnership_disguised_sale,3.5953011512756348,3,0.1691,34,9,0,1738,3,0.1875,10112,78
2.3465282996185124,1.4256250000000001,20,22.810000000000002,16,0,partnership_disguised_sale,1.874110500017802,4,0.1683,23,9,0,1738,1,0.0625,10240,79
2.460028167348355,-0.10624999999999998,0,-1.6999999999999997,16,0,partnership_disguised_sale,0.21865900854269663,0,0.1674,24,9,0,1738,0,0.0,10368,80
2.3467487320303917,2.5571874999999977,20,40.914999999999964,16,0,partnership_disguised_sale,2.518824815750122,3,0.1666,17,9,0,1738,2,0.125,10496,81
2.4796987711451948,1.8074999999999992,20,28.919999999999987,16,0,partnership_disguised_sale,1.5998917420705159,2,0.1657,27,9,0,1738,1,0.0625,10624,82
2.426800176035613,3.0421874999999994,20,48.67499999999999,16,0,partnership_disguised_sale,2.5447239875793457,4,0.1649,22,9,0,1738,2,0.125,10752,83
2.407733352854848,1.7881250000000017,20,28.610000000000028,16,0,partnership_disguised_sale,1.6789007186889648,2,0.1641,24,9,0,1738,1,0.0625,10880,84
2.321297638118267,5.182812500000001,20,82.92500000000001,16,0,partnership_disguised_sale,4.836171785990397,7,0.1633,23,9,0,1738,3,0.1875,11008,85
2.43594713229686,4.9206249999999985,20,78.72999999999998,16,0,partnership_disguised_sale,4.845565636952718,6,0.1625,18,9,0,1738,4,0.25,11136,86
2.340147539973259,3.675312499999997,20,58.80499999999995,16,0,partnership_disguised_sale,2.930443445841471,4,0.1616,17,9,0,1738,1,0.0625,11264,87
2.343416298739612,2.9368749999999975,20,46.98999999999996,16,0,partnership_disguised_sale,2.0081324577331543,4,0.1608,20,9,0,1738,2,0.125,11392,88
2.3786707427352667,2.4271875000000005,20,38.83500000000001,16,0,partnership_disguised_sale,2.9003125031789145,5,0.16,26,9,0,1738,2,0.125,11520,89
2.31458991067484,2.798124999999999,20,44.76999999999998,16,0,partnership_disguised_sale,2.387951612472534,6,0.1592,22,9,0,1738,2,0.125,11648,90
2.4909037253819406,1.5284374999999992,20,24.454999999999988,16,0,partnership_disguised_sale,1.5781830151875813,3,0.1584,26,9,0,1738,1,0.0625,11776,91
2.39283958543092,1.0578124999999996,18,16.924999999999994,16,0,partnership_disguised_sale,0.9714729388554891,2,0.1576,20,9,0,1738,1,0.0625,11904,92
2.3642567144706845,4.426875000000002,20,70.83000000000003,16,0,partnership_disguised_sale,3.372286001841227,6,0.1569,16,9,0,1738,2,0.125,12032,93
2.3939851601608098,5.273124999999999,20,84.36999999999999,16,0,partnership_disguised_sale,5.081144332885742,5,0.1561,16,9,0,1738,4,0.25,12160,94
2.4518999750725925,3.409374999999996,20,54.54999999999993,16,0,partnership_disguised_sale,2.9553565184275308,3,0.1553,24,9,0,1738,2,0.125,12288,95
2.466699860058725,1.9181249999999999,20,30.689999999999998,16,0,partnership_disguised_sale,1.6087202628453572,3,0.1545,20,9,0,1738,1,0.0625,12416,96
2.526264211628586,5.167187499999999,20,82.67499999999998,16,0,partnership_disguised_sale,4.3076863288879395,8,0.1537,20,9,0,1738,4,0.25,12544,97
2.436309623531997,3.1449999999999987,20,50.31999999999998,16,0,partnership_disguised_sale,2.8367702960968018,3,0.153,26,9,0,1738,2,0.125,12672,98
2.430369833484292,1.6609375000000004,20,26.575000000000006,16,0,partnership_disguised_sale,1.6441154877344768,4,0.1522,25,9,0,1738,1,0.0625,12800,99
