avg_entropy,avg_reward_per_episode,best_tax_advantage,cumulative_reward,dead_end_count,episode_count,invalid_count,loophole,loss,positive_reward_count,random_action_prob,random_exploration_count,run,saved_snapshots,seed,success_count,success_rate,total_steps,update
1.411749757360667,-0.02125,0,-0.34,1,16,0,subsidiary_stock_comp,0.6832262575626373,0,0.25,29,0,0,1729,0,0.0,128,0
1.1340907558624167,-0.02500000000000001,0,-0.40000000000000013,1,16,0,subsidiary_stock_comp,0.32464440663655597,0,0.2487,30,0,0,1729,0,0.0,256,1
1.0584983262233436,0.009507575757575756,42,0.1521212121212121,0,16,0,subsidiary_stock_comp,0.23574896653493246,2,0.2475,39,0,0,1729,0,0.0,384,2
1.21869440167211,-0.07124368686868689,2,-1.1398989898989902,3,16,0,subsidiary_stock_comp,0.16476855675379434,2,0.2463,27,0,0,1729,0,0.0,512,3
1.2890605111024342,-0.10333333333333333,99,-1.86,8,18,0,subsidiary_stock_comp,0.07852289825677872,1,0.245,32,0,0,1729,0,0.0,640,4
1.2173574169864878,-0.06980113636363638,21.21,-1.1168181818181822,4,16,0,subsidiary_stock_comp,0.08539483820398648,4,0.2438,46,0,0,1729,0,0.0,768,5
0.8700953796505928,-0.048882947118241246,79,-0.8310101010101012,4,17,0,subsidiary_stock_comp,0.05782341957092285,1,0.2426,23,0,0,1729,0,0.0,896,6
1.1890044950996526,-0.06523358585858587,2,-1.0437373737373739,3,16,0,subsidiary_stock_comp,-0.011070285613338152,3,0.2414,30,0,0,1729,0,0.0,1024,7
1.3874808932305314,-0.04104166666666667,26.4,-0.6566666666666667,2,16,0,subsidiary_stock_comp,0.07386915882428487,2,0.2402,34,0,0,1729,0,0.0,1152,8
1.259770728116564,0.1361363636363637,199,2.178181818181819,4,16,0,subsidiary_stock_comp,0.04720133915543556,7,0.239,30,0,0,1729,1,0.0625,1280,9
1.138974203808175,-0.04461174242424243,1.2,-0.7137878787878789,2,16,0,subsidiary_stock_comp,0.0897508164246877,2,0.2378,28,0,0,1729,0,0.0,1408,10
1.219222440980957,-0.06124368686868688,2,-0.97989898989899,3,16,0,subsidiary_stock_comp,0.02060103913148244,1,0.2366,27,0,0,1729,0,0.0,1536,11
1.2751048948266543,-0.01841856060606061,2,-0.29469696969696973,0,16,0,subsidiary_stock_comp,0.033289313316345215,4,0.2354,34,0,0,1729,0,0.0,1664,12
1.4640204902971163,0.0037026515151515013,99.99,0.05924242424242402,2,16,0,subsidiary_stock_comp,-0.02267161508401235,6,0.2342,31,0,0,1729,0,0.0,1792,13
1.5060443866386777,0.022398989898989884,99,0.35838383838383814,2,16,0,subsidiary_stock_comp,0.09040751059850057,7,0.2331,40,0,0,1729,0,0.0,1920,14
1.2645416621962795,0.011079545454545457,158,0.1772727272727273,3,16,0,subsidiary_stock_comp,0.10946780691544215,7,0.2319,30,0,0,1729,0,0.0,2048,15
1.1597007307573222,0.30231060606060617,198,4.836969696969699,1,16,0,subsidiary_stock_comp,0.10297795881827672,12,0.2307,23,0,0,1729,1,0.0625,2176,16
1.2802915673382813,0.18512626262626275,158,2.962020202020204,2,16,0,subsidiary_stock_comp,-0.02531837796171506,13,0.2296,31,0,0,1729,0,0.0,2304,17
1.2546670300653204,0.7290790255496143,198,12.394343434343444,1,17,0,subsidiary_stock_comp,0.06766726697484653,27,0.2284,24,0,0,1729,5,0.29411764705882354,2432,18
1.1617285062384326,0.5508942364824718,198,9.365202020202021,0,17,0,subsidiary_stock_comp,-0.013790881261229515,16,0.2273,29,0,0,1729,4,0.23529411764705882,2560,19
1.0365534294396639,1.1827565124933546,198,22.472373737373736,0,19,0,subsidiary_stock_comp,0.08053564776976903,31,0.2262,28,0,0,1729,10,0.5263157894736842,2688,20
0.9528858514386229,1.1630948372615029,198.99,20.935707070707053,1,18,0,subsidiary_stock_comp,0.05327297250429789,33,0.225,26,0,0,1729,9,0.5,2816,21
0.7423514664988033,1.5720592286501374,198,34.585303030303024,1,22,0,subsidiary_stock_comp,0.09094642599423726,41,0.2239,23,0,0,1729,17,0.7727272727272727,2944,22
0.7117441981681623,1.4296224146224144,198,30.022070707070704,1,21,0,subsidiary_stock_comp,0.16256552437941232,45,0.2228,26,0,0,1729,13,0.6190476190476191,3072,23
0.6116708686458878,1.5381818181818183,198,33.84,0,22,0,subsidiary_stock_comp,0.1799272894859314,43,0.2217,26,0,0,1729,15,0.6818181818181818,3200,24
0.73897500988096,1.2049521531100473,217.8,22.8940909090909,0,19,0,subsidiary_stock_comp,0.245746910572052,30,0.2206,30,0,0,1729,10,0.5263157894736842,3328,25
0.7101665674708784,1.6394306703397605,198,36.06747474747473,0,22,0,subsidiary_stock_comp,0.21817763149738312,44,0.2195,31,0,0,1729,17,0.7727272727272727,3456,26
0.7638542231870815,1.3408826358826356,198,28.158535353535346,0,21,0,subsidiary_stock_comp,0.24075992902119955,41,0.2184,34,0,0,1729,13,0.6190476190476191,3584,27
0.5200623450364219,1.7884060606060612,198,44.71015151515153,1,25,0,subsidiary_stock_comp,0.35245174169540405,51,0.2173,26,0,0,1729,22,0.88,3712,28
0.5936988523171749,1.5173186409550043,198,33.3810101010101,0,22,0,subsidiary_stock_comp,0.14955216149489084,46,0.2162,24,0,0,1729,16,0.7272727272727273,3840,29
0.5934427651809528,1.6849747474747476,198,40.439393939393945,1,24,0,subsidiary_stock_comp,0.08701258401076,48,0.2151,28,0,0,1729,20,0.8333333333333334,3968,30
0.5448036426387262,1.7020133149678605,198.99,37.44429292929293,0,22,0,subsidiary_stock_comp,0.13428779194752374,47,0.214,28,0,0,1729,18,0.8181818181818182,4096,31
0.6407917300457484,1.7228009259259263,217.8,41.34722222222223,0,24,0,subsidiary_stock_comp,0.17459317545096079,52,0.213,32,0,0,1729,19,0.7916666666666666,4224,32
0.42316638581542065,1.9381238309016096,198.99,52.32934343434346,0,27,0,subsidiary_stock_comp,0.03814346405367056,59,0.2119,17,0,0,1729,26,0.9629629629629629,4352,33
0.6077739088432281,1.7130588493631962,198.99,39.40035353535351,0,23,0,subsidiary_stock_comp,0.04731276755531629,46,0.2108,29,0,0,1729,19,0.8260869565217391,4480,34
0.6691723205585731,1.6202617079889798,217.8,35.64575757575756,1,22,0,subsidiary_stock_comp,0.08616023510694504,49,0.2098,30,0,0,1729,17,0.7727272727272727,4608,35
0.6151592308451654,1.8031334175084168,198.99,43.275202020202,0,24,0,subsidiary_stock_comp,0.048295361921191216,50,0.2087,23,0,0,1729,21,0.875,4736,36
0.6023576441657497,1.5966896235078052,217.8,35.12717171717171,3,22,0,subsidiary_stock_comp,0.09564150124788284,49,0.2077,23,0,0,1729,16,0.7272727272727273,4864,37
0.5897396283908165,1.8285078053259871,217.8,40.227171717171714,0,22,0,subsidiary_stock_comp,0.099778912961483,52,0.2066,27,0,0,1729,19,0.8636363636363636,4992,38
0.4948555715454859,1.6202892561983469,217.8,35.64636363636363,0,22,0,subsidiary_stock_comp,0.027249994377295177,53,0.2056,20,0,0,1729,16,0.7272727272727273,5120,39
0.4720033881458221,1.790663153271849,217.8,41.18525252525253,2,23,0,subsidiary_stock_comp,0.044558885196844734,50,0.2046,18,0,0,1729,20,0.8695652173913043,5248,40
0.7602493945596507,1.538903318903318,257,32.31696969696968,1,21,0,subsidiary_stock_comp,0.06895079215367635,51,0.2036,30,0,0,1729,15,0.7142857142857143,5376,41
0.5232491907809163,1.5657356170399646,198,36.01191919191918,0,23,0,subsidiary_stock_comp,0.04446709156036377,48,0.2025,27,0,0,1729,17,0.7391304347826086,5504,42
0.4865873216476757,1.7497696969696976,217.8,43.744242424242444,2,25,0,subsidiary_stock_comp,0.1762042591969172,50,0.2015,23,0,0,1729,22,0.88,5632,43
0.5124319315582397,1.8238545454545452,259,45.59636363636363,0,25,0,subsidiary_stock_comp,0.1025632272164027,51,0.2005,21,0,0,1729,22,0.88,5760,44
0.5679018294249545,1.6173484848484838,217.8,35.58166666666664,0,22,0,subsidiary_stock_comp,0.10270118216673534,48,0.1995,29,0,0,1729,16,0.7272727272727273,5888,45
0.486423613212537,1.8869696969696974,278,47.174242424242436,0,25,0,subsidiary_stock_comp,0.09508666396141052,53,0.1985,23,0,0,1729,23,0.92,6016,46
0.5574095165175095,1.7929737373737376,198.99,44.82434343434344,0,25,0,subsidiary_stock_comp,0.11841260641813278,54,0.1975,23,0,0,1729,21,0.84,6144,47
0.5958983365544555,1.7693236714975844,217.8,40.69444444444444,0,23,0,subsidiary_stock_comp,0.1382132718960444,54,0.1965,28,0,0,1729,19,0.8260869565217391,6272,48
0.8185620321019087,1.7503556397306392,198,42.00853535353534,0,24,0,subsidiary_stock_comp,0.07746640841166179,49,0.1956,29,0,0,1729,20,0.8333333333333334,6400,49
0.7863578699070786,1.8419279754062359,217.8,42.364343434343425,0,23,0,subsidiary_stock_comp,0.17700453102588654,49,0.1946,30,0,0,1729,20,0.8695652173913043,6528,50
0.5730212408088846,1.8879292929292928,239,45.310303030303025,1,24,0,subsidiary_stock_comp,0.03119266654054324,53,0.1936,18,0,0,1729,22,0.9166666666666666,6656,51
0.4848417718312703,1.9601889263000378,198,52.925101010101024,0,27,0,subsidiary_stock_comp,0.15365958710511526,57,0.1926,18,0,0,1729,26,0.9629629629629629,6784,52
0.5903216689548572,1.765597643097643,198,42.37434343434343,2,24,0,subsidiary_stock_comp,0.055183046807845436,52,0.1917,23,0,0,1729,20,0.8333333333333334,6912,53
0.6890686218903284,1.3620177970177967,198.99,28.60237373737373,1,21,0,subsidiary_stock_comp,0.015274486814936003,42,0.1907,32,0,0,1729,13,0.6190476190476191,7040,54
0.495303867617622,1.78629696969697,277,44.65742424242425,0,25,0,subsidiary_stock_comp,0.11562295258045197,53,0.1898,17,0,0,1729,21,0.84,7168,55
0.4761934768175706,2.015,198,56.42,0,28,0,subsidiary_stock_comp,0.027140601848562557,57,0.1888,14,0,0,1729,28,1.0,7296,56
0.7775949745846447,1.6682786195286197,198,40.038686868686874,1,24,0,subsidiary_stock_comp,0.07361717025438945,58,0.1879,25,0,0,1729,19,0.7916666666666666,7424,57
0.7142494861327577,1.7218801652892557,259,37.88136363636362,1,22,0,subsidiary_stock_comp,0.16218850016593933,50,0.1869,29,0,0,1729,18,0.8181818181818182,7552,58
0.6533591133484151,1.7161363636363636,217.8,41.18727272727273,1,24,0,subsidiary_stock_comp,0.05673671513795853,50,0.186,24,0,0,1729,19,0.7916666666666666,7680,59
0.6198847311898135,1.7858038720538723,257,42.859292929292934,0,24,0,subsidiary_stock_comp,0.0415544348458449,51,0.1851,26,0,0,1729,20,0.8333333333333334,7808,60
0.7011875496536959,1.643308080808081,199,39.439393939393945,0,24,0,subsidiary_stock_comp,0.22565831740697226,45,0.1841,27,0,0,1729,19,0.7916666666666666,7936,61
0.7863607464241795,1.6059859464207291,239,36.93767676767677,0,23,0,subsidiary_stock_comp,0.1987111916144689,49,0.1832,35,0,0,1729,18,0.782608695652174,8064,62
0.35072972110356204,1.9622297044519268,257,52.98020202020202,0,27,0,subsidiary_stock_comp,0.154507115483284,59,0.1823,17,0,0,1729,26,0.9629629629629629,8192,63
0.46668682467134204,1.959119191919192,257,48.9779797979798,1,25,0,subsidiary_stock_comp,0.07839746152361234,52,0.1814,26,0,0,1729,24,0.96,8320,64
0.4980877963535022,1.898533157663593,200,43.66626262626264,1,23,0,subsidiary_stock_comp,0.03997393324971199,47,0.1805,30,0,0,1729,22,0.9565217391304348,8448,65
0.5473384562064894,1.619707949055775,198.99,37.25328282828283,2,23,0,subsidiary_stock_comp,0.05444714054465294,46,0.1796,29,0,0,1729,18,0.782608695652174,8576,66
0.5611879385614884,1.6634044995408623,198,36.59489898989897,1,22,0,subsidiary_stock_comp,0.060195453464984894,48,0.1787,32,0,0,1729,17,0.7727272727272727,8704,67
0.49249798367964104,1.7735761460761466,198,46.11297979797981,0,26,1,subsidiary_stock_comp,0.07734009871880214,51,0.1778,24,0,0,1729,23,0.8846153846153846,8832,68
0.42113786021946,1.9626828282828286,257,49.06707070707071,0,25,0,subsidiary_stock_comp,0.12499224642912547,53,0.1769,21,0,0,1729,24,0.96,8960,69
0.4498079070763197,1.916845376845377,257,49.837979797979806,1,26,0,subsidiary_stock_comp,0.09858243415753047,51,0.176,23,0,0,1729,25,0.9615384615384616,9088,70
0.4365787203714717,1.9930769230769225,217.8,51.819999999999986,0,26,0,subsidiary_stock_comp,0.032179705798625946,53,0.1751,14,0,0,1729,26,1.0,9216,71
0.5495815153553849,1.8820888888888896,198,47.05222222222224,0,25,0,subsidiary_stock_comp,0.017257738237579662,51,0.1743,21,0,0,1729,23,0.92,9344,72
0.5868728289206047,1.7562464646464644,198,43.90616161616161,0,25,0,subsidiary_stock_comp,0.0705234631896019,45,0.1734,22,0,0,1729,22,0.88,9472,73
0.7553942512604408,1.7925252525252524,257,41.228080808080804,0,23,0,subsidiary_stock_comp,0.05478608732422193,47,0.1725,26,0,0,1729,20,0.8695652173913043,9600,74
0.455581656366121,1.8292773892773901,198,47.561212121212144,0,26,0,subsidiary_stock_comp,0.027818132812778156,54,0.1717,16,0,0,1729,23,0.8846153846153846,9728,75
0.5988188057817752,1.919490909090909,198.8,47.987272727272725,0,25,0,subsidiary_stock_comp,0.05564889187614123,53,0.1708,22,0,0,1729,24,0.96,9856,76
0.5420549705449957,1.884057239057239,217.8,45.217373737373734,0,24,0,subsidiary_stock_comp,0.04519372060894966,53,0.1699,19,0,0,1729,22,0.9166666666666666,9984,77
0.6005880899756448,1.742207792207792,257,36.586363636363636,0,21,0,subsidiary_stock_comp,0.14380952715873718,46,0.1691,29,0,0,1729,17,0.8095238095238095,10112,78
0.6327130000499892,1.752841458058849,259,40.31535353535352,0,23,0,subsidiary_stock_comp,0.0187019029011329,46,0.1683,27,0,0,1729,19,0.8260869565217391,10240,79
0.4832672076881863,1.8865476190476191,259,52.82333333333334,0,28,0,subsidiary_stock_comp,0.04509484147032102,58,0.1674,14,0,0,1729,26,0.9285714285714286,10368,80
0.5175593861386005,1.953590067340067,257,46.88616161616161,0,24,0,subsidiary_stock_comp,0.0452469177544117,51,0.1666,16,0,0,1729,23,0.9583333333333334,10496,81
0.5787680082812585,2.019337822671157,240,54.52212121212124,0,27,0,subsidiary_stock_comp,0.04274826496839523,57,0.1657,20,0,0,1729,27,1.0,10624,82
0.46177366039592016,1.9699300699300706,217.8,51.21818181818183,0,26,0,subsidiary_stock_comp,0.029795988152424496,54,0.1649,15,0,0,1729,25,0.9615384615384616,10752,83
0.43850834973363817,1.875005611672278,220,50.62515151515151,1,27,0,subsidiary_stock_comp,0.09343317399422328,54,0.1641,19,0,0,1729,25,0.9259259259259259,10880,84
0.47373545439222653,1.9525796425796431,257,50.76707070707072,1,26,0,subsidiary_stock_comp,0.07356204589207967,54,0.1633,20,0,0,1729,25,0.9615384615384616,11008,85
0.3351941329710826,1.988002244668911,259,53.676060606060595,0,27,0,subsidiary_stock_comp,0.088185320297877,58,0.1625,14,0,0,1729,26,0.9629629629629629,11136,86
0.37289839566801675,1.8571296296296298,259,44.571111111111115,2,24,0,subsidiary_stock_comp,0.04131995141506195,49,0.1616,17,0,0,1729,22,0.9166666666666666,11264,87
0.5766885851771804,1.8159727711901625,277,41.76737373737374,1,23,0,subsidiary_stock_comp,0.05392389992872874,52,0.1608,28,0,0,1729,20,0.8695652173913043,11392,88
0.48640551709831925,1.7109175084175081,259,41.06202020202019,2,24,0,subsidiary_stock_comp,0.06242268905043602,46,0.16,20,0,0,1729,20,0.8333333333333334,11520,89
0.4742009997207788,1.8338779095300826,278,42.1791919191919,0,23,0,subsidiary_stock_comp,0.041964578131834664,49,0.1592,26,0,0,1729,20,0.8695652173913043,11648,90
0.45693995631154394,1.885223063973064,259,45.24535353535354,0,24,0,subsidiary_stock_comp,0.005341665508846442,51,0.1584,17,0,0,1729,22,0.9166666666666666,11776,91
0.49403134212479927,1.8892424242424246,257,41.56333333333334,0,22,0,subsidiary_stock_comp,0.05463821937640508,48,0.1576,20,0,0,1729,20,0.9090909090909091,11904,92
0.5798817117101862,1.7589898989898995,278,40.45676767676769,1,23,0,subsidiary_stock_comp,0.01081386860460043,54,0.1569,28,0,0,1729,19,0.8260869565217391,12032,93
0.5002434826747049,1.7033737373737372,217.8,42.58434343434343,2,25,0,subsidiary_stock_comp,0.05547826364636421,51,0.1561,22,0,0,1729,21,0.84,12160,94
0.535462345022097,1.8788484848484854,240,46.97121212121213,0,25,0,subsidiary_stock_comp,0.09223110477129619,51,0.1553,24,0,0,1729,23,0.92,12288,95
0.46786724652702105,1.8655597643097643,278,44.773434343434346,0,24,0,subsidiary_stock_comp,0.07842147101958592,53,0.1545,24,0,0,1729,21,0.875,12416,96
0.3627295524420333,1.8680767676767678,217.8,46.701919191919195,1,25,0,subsidiary_stock_comp,0.12718729178110758,53,0.1537,17,0,0,1729,23,0.92,12544,97
0.41941440448135836,1.9172040404040414,217.8,47.93010101010103,0,25,0,subsidiary_stock_comp,0.03875161831577619,51,0.153,20,0,0,1729,24,0.96,12672,98
0.49074044897861313,1.8351822573561711,257,42.20919191919194,1,23,0,subsidiary_stock_comp,0.08274383594592412,50,0.1522,23,0,0,1729,20,0.8695652173913043,12800,99
1.4783941479981877,-0.10235294117647062,0,-1.7400000000000004,5,17,0,subsidiary_stock_comp,1.0499741633733113,0,0.25,24,1,0,1730,0,0.0,128,0
1.1334070317680016,0.04204099821746878,160,0.7146969696969693,5,17,0,subsidiary_stock_comp,1.0849369168281555,11,0.2487,40,1,0,1730,0,0.0,256,1
1.0062974885950098,0.10828282828282829,160,1.840808080808081,8,17,0,subsidiary_stock_comp,0.6300519903500875,21,0.2475,32,1,0,1730,0,0.0,384,2
1.183672097249655,0.10585264408793821,163,1.7994949494949495,4,17,0,subsidiary_stock_comp,0.35682769616444904,22,0.2463,27,1,0,1730,0,0.0,512,3
1.1382642836251762,0.4921004159239459,198,8.36570707070708,6,17,0,subsidiary_stock_comp,0.31223276257514954,38,0.245,31,1,0,1730,2,0.11764705882352941,640,4
1.0818999309558421,0.10618241235888289,160,1.805101010101009,7,17,0,subsidiary_stock_comp,0.1426489700873693,19,0.2438,32,1,0,1730,0,0.0,768,5
1.0086099887266755,0.6652581369248043,200,11.974646464646478,8,18,0,subsidiary_stock_comp,0.41042275230089825,33,0.2426,31,1,0,1730,4,0.2222222222222222,896,6
0.9607398451480549,0.20092097445038637,161,3.4156565656565685,7,17,0,subsidiary_stock_comp,0.1990040789047877,33,0.2414,26,1,0,1730,0,0.0,1024,7
0.9487471030151937,0.1135472370766488,160,1.9303030303030295,8,17,0,subsidiary_stock_comp,0.1404168556133906,31,0.2402,31,1,0,1730,0,0.0,1152,8
0.971994765321142,0.549117647058824,259,9.335000000000008,8,17,0,subsidiary_stock_comp,0.16264456510543823,40,0.239,27,1,0,1730,2,0.11764705882352941,1280,9
1.017747610945662,0.8621628045157468,257,14.656767676767695,4,17,0,subsidiary_stock_comp,0.22956450780232748,36,0.2378,36,1,0,1730,5,0.29411764705882354,1408,10
0.978055357831181,0.6234217171717173,237,9.974747474747478,3,16,0,subsidiary_stock_comp,0.17669405539830527,33,0.2366,40,1,0,1730,2,0.125,1536,11
1.0045141351001803,0.471616161616162,237,8.017474747474754,6,17,0,subsidiary_stock_comp,0.12005781630674998,30,0.2354,33,1,0,1730,1,0.058823529411764705,1664,12
0.9842952197068371,0.653244206773619,198,11.105151515151524,4,17,0,subsidiary_stock_comp,0.09634906301895778,34,0.2342,21,1,0,1730,1,0.058823529411764705,1792,13
0.9059233825246338,0.7861931818181823,237,12.579090909090917,2,16,0,subsidiary_stock_comp,0.08011943226059277,40,0.2331,30,1,0,1730,2,0.125,1920,14
0.9156587794423103,0.9750505050505052,239,15.600808080808083,0,16,0,subsidiary_stock_comp,0.11995566884676616,48,0.2319,28,1,0,1730,4,0.25,2048,15
0.7259846602100879,1.2682133838383849,239,20.291414141414158,1,16,0,subsidiary_stock_comp,0.09949649622042973,46,0.2307,18,1,0,1730,5,0.3125,2176,16
0.8484986720141023,1.0366963755199055,239,17.623838383838393,4,17,0,subsidiary_stock_comp,0.058750785887241364,45,0.2296,20,1,0,1730,5,0.29411764705882354,2304,17
0.9008432550472207,1.2499936868686872,239,19.999898989898995,0,16,0,subsidiary_stock_comp,0.08677421386043231,44,0.2284,36,1,0,1730,7,0.4375,2432,18
0.8534536668448709,1.0243497474747483,239,16.389595959595972,1,16,0,subsidiary_stock_comp,0.13876751313606897,38,0.2273,26,1,0,1730,4,0.25,2560,19
0.8590478801634163,1.1515972222222228,239,18.425555555555565,1,16,0,subsidiary_stock_comp,0.07305824259916942,41,0.2262,30,1,0,1730,5,0.3125,2688,20
0.9087410487700254,1.0767613636363642,239,17.228181818181827,3,16,0,subsidiary_stock_comp,0.0676289473970731,40,0.225,35,1,0,1730,5,0.3125,2816,21
0.8954259823658504,0.8220075757575764,238,13.152121212121223,1,16,0,subsidiary_stock_comp,0.021778485427300136,34,0.2239,21,1,0,1730,4,0.25,2944,22
0.934781592048239,0.958107546048723,239,16.28782828282829,3,17,0,subsidiary_stock_comp,0.07461284349362056,40,0.2228,29,1,0,1730,5,0.29411764705882354,3072,23
0.7895800165715627,1.4967739898989902,259,23.948383838383844,0,16,0,subsidiary_stock_comp,0.14392064015070596,50,0.2217,29,1,0,1730,8,0.5,3200,24
0.8848224254325032,0.8328409090909097,237,13.325454545454555,3,16,0,subsidiary_stock_comp,0.248091330130895,44,0.2206,34,1,0,1730,2,0.125,3328,25
0.7100193132646382,1.4741835016835025,238,26.535303030303044,2,18,0,subsidiary_stock_comp,0.22248324751853943,48,0.2195,25,1,0,1730,11,0.6111111111111112,3456,26
0.8210602857288904,1.565484254307784,259,26.613232323232328,1,17,0,subsidiary_stock_comp,0.219514270623525,49,0.2184,35,1,0,1730,10,0.5882352941176471,3584,27
0.8226156361633912,1.6236523125996805,277,30.84939393939393,3,19,0,subsidiary_stock_comp,0.22205311059951782,48,0.2173,26,1,0,1730,13,0.6842105263157895,3712,28
0.8894111723639071,1.2394045720361508,239,23.548686868686865,4,19,0,subsidiary_stock_comp,0.26032331089178723,39,0.2162,31,1,0,1730,10,0.5263157894736842,3840,29
0.7824261941132136,1.4981153641679958,277,28.464191919191922,2,19,0,subsidiary_stock_comp,0.1286062647898992,48,0.2151,32,1,0,1730,12,0.631578947368421,3968,30
0.7375158914073836,1.7203721424774046,277,32.68707070707069,2,19,0,subsidiary_stock_comp,0.11011441051959991,48,0.214,23,1,0,1730,15,0.7894736842105263,4096,31
0.9208384286903311,1.7431144781144772,278,31.376060606060587,0,18,1,subsidiary_stock_comp,0.022946379457910854,40,0.213,40,1,0,1730,15,0.8333333333333334,4224,32
0.8777124690532219,1.6707256778309407,277,31.743787878787874,0,19,0,subsidiary_stock_comp,0.028465809921423595,54,0.2119,27,1,0,1730,14,0.7368421052631579,4352,33
0.681832367030438,1.728422318422318,277,36.29686868686868,1,21,0,subsidiary_stock_comp,0.07084230085213979,42,0.2108,30,1,0,1730,18,0.8571428571428571,4480,34
0.8765480026777368,1.8004494949494938,277,36.008989898989874,0,20,0,subsidiary_stock_comp,0.15987059473991394,42,0.2098,31,1,0,1730,17,0.85,4608,35
0.8410373181541217,1.6420394420394406,257,34.48282828282825,0,21,0,subsidiary_stock_comp,0.08878890921672185,46,0.2087,32,1,0,1730,16,0.7619047619047619,4736,36
0.7987995065777795,1.8867724867724867,277,39.62222222222222,1,21,0,subsidiary_stock_comp,0.03644350419441859,47,0.2077,23,1,0,1730,19,0.9047619047619048,4864,37
0.7707021350870491,1.9015606060606065,277,38.03121212121213,1,20,0,subsidiary_stock_comp,0.06769001483917236,48,0.2066,28,1,0,1730,18,0.9,4992,38
0.7533614591666264,1.6051262626262612,277,32.102525252525226,1,20,0,subsidiary_stock_comp,0.046791539837916694,43,0.2056,24,1,0,1730,15,0.75,5120,39
0.6567370705815847,1.6458181818181814,278,32.91636363636363,2,20,0,subsidiary_stock_comp,0.07469989359378815,41,0.2046,27,1,0,1730,16,0.8,5248,40
0.8277741490164772,1.4743859649122797,199,28.013333333333314,1,19,0,subsidiary_stock_comp,0.0631575919687748,31,0.2036,32,1,0,1730,14,0.7368421052631579,5376,41
0.693918614735594,1.6947222222222216,237,33.89444444444443,1,20,0,subsidiary_stock_comp,0.04402025664846102,48,0.2025,23,1,0,1730,15,0.75,5504,42
0.7309031044205767,1.579164370982552,198,34.74161616161614,1,22,0,subsidiary_stock_comp,0.028595078736543655,42,0.2015,23,1,0,1730,17,0.7727272727272727,5632,43
0.6396881865985051,1.8621900826446263,198,40.968181818181776,0,22,0,subsidiary_stock_comp,0.05858257661263148,43,0.2005,26,1,0,1730,20,0.9090909090909091,5760,44
0.5206789475196274,1.9922222222222221,198,53.79,0,27,0,subsidiary_stock_comp,0.09227019051710765,54,0.1995,20,1,0,1730,27,1.0,5888,45
0.5615983173483983,2.00102766798419,219,46.02363636363637,0,23,0,subsidiary_stock_comp,0.0772609959046046,51,0.1985,24,1,0,1730,23,1.0,6016,46
0.698368852812564,1.604035812672176,219,35.28878787878787,2,22,0,subsidiary_stock_comp,0.11945852140585582,48,0.1975,31,1,0,1730,17,0.7727272727272727,6144,47
0.6369801057007862,1.7157048748353092,198,39.461212121212114,2,23,0,subsidiary_stock_comp,0.08387195567289989,47,0.1965,27,1,0,1730,19,0.8260869565217391,6272,48
0.7081264791486319,1.6106902356902353,198,33.82449494949494,2,21,0,subsidiary_stock_comp,0.12233874946832657,45,0.1956,34,1,0,1730,16,0.7619047619047619,6400,49
0.734541666606674,1.6884497145366713,198,38.83434343434344,1,23,0,subsidiary_stock_comp,0.10246527443329494,45,0.1946,23,1,0,1730,19,0.8260869565217391,6528,50
0.5742555517281289,1.756220538720539,199,42.14929292929293,1,24,0,subsidiary_stock_comp,0.0526381383339564,49,0.1936,17,1,0,1730,20,0.8333333333333334,6656,51
0.5190903478942346,1.9273076923076924,198,50.11,1,26,0,subsidiary_stock_comp,0.06360486522316933,52,0.1926,23,1,0,1730,25,0.9615384615384616,6784,52
0.45211281111733115,1.8733726150392815,219,50.5810606060606,2,27,0,subsidiary_stock_comp,0.06416840851306915,55,0.1917,17,1,0,1730,25,0.9259259259259259,6912,53
0.5886115136599983,1.6174173553719007,198,35.583181818181814,3,22,0,subsidiary_stock_comp,0.04958877588311831,43,0.1907,27,1,0,1730,17,0.7727272727272727,7040,54
0.5845559975859942,1.873181818181818,198,44.95636363636363,0,24,0,subsidiary_stock_comp,0.03357045352458954,51,0.1898,18,1,0,1730,22,0.9166666666666666,7168,55
0.6664936817251146,1.7617070707070706,257,35.23414141414141,2,20,0,subsidiary_stock_comp,0.11838932087024052,41,0.1888,31,1,0,1730,17,0.85,7296,56
0.6708874973919592,1.9443847566574843,257,42.77646464646465,0,22,0,subsidiary_stock_comp,0.032245766992370285,50,0.1879,20,1,0,1730,21,0.9545454545454546,7424,57
0.580600541230524,1.94025493025493,277,40.74535353535353,0,21,0,subsidiary_stock_comp,0.055587573597828545,48,0.1869,14,1,0,1730,20,0.9523809523809523,7552,58
0.7772369321319275,1.970483091787439,277,45.321111111111094,0,23,0,subsidiary_stock_comp,0.05179567138353983,50,0.186,23,1,0,1730,22,0.9565217391304348,7680,59
0.6217289264895953,1.5001427316644709,198,34.50328282828283,2,23,0,subsidiary_stock_comp,0.0872206836938858,46,0.1851,16,1,0,1730,16,0.6956521739130435,7808,60
0.7921979030506918,1.5851394901394902,198,33.28792929292929,1,21,0,subsidiary_stock_comp,0.11346208055814107,45,0.1841,27,1,0,1730,15,0.7142857142857143,7936,61
0.7737947433561203,1.8732279314888014,198,43.08424242424243,1,23,0,subsidiary_stock_comp,0.10885216295719147,51,0.1832,32,1,0,1730,21,0.9130434782608695,8064,62
0.7092728622810682,1.7882617845117845,198,42.91828282828283,1,24,0,subsidiary_stock_comp,0.08735998968283336,50,0.1823,23,1,0,1730,21,0.875,8192,63
0.7558966242941096,1.9510900673400673,257,46.82616161616161,0,24,0,subsidiary_stock_comp,0.07068765163421631,51,0.1814,23,1,0,1730,23,0.9583333333333334,8320,64
0.7724492555571487,1.9014233241505971,257,41.83131313131314,0,22,0,subsidiary_stock_comp,0.06656941771507263,48,0.1805,27,1,0,1730,20,0.9090909090909091,8448,65
0.7189613398804795,1.8408717610891514,199,42.340050505050485,2,23,0,subsidiary_stock_comp,0.07993776102860768,47,0.1796,22,1,0,1730,21,0.9130434782608695,8576,66
0.6894290566269774,1.8703717171717176,259,46.75929292929294,0,25,0,subsidiary_stock_comp,0.041787383457024894,53,0.1787,25,1,0,1730,23,0.92,8704,67
0.5823804450919852,1.9312354312354312,217.8,50.21212121212121,0,26,0,subsidiary_stock_comp,0.14226418733596802,54,0.1778,20,1,0,1730,25,0.9615384615384616,8832,68
0.5425152456737123,1.9011616161616167,259,41.82555555555557,0,22,0,subsidiary_stock_comp,0.11703959355751674,49,0.1769,25,1,0,1730,20,0.9090909090909091,8960,69
0.6676309195754584,1.8787232323232335,259,46.968080808080835,1,25,0,subsidiary_stock_comp,0.07890325287977855,52,0.176,24,1,0,1730,23,0.92,9088,70
0.4905542191627319,1.7016622749231451,198,39.13823232323234,0,23,0,subsidiary_stock_comp,0.08452168603738149,54,0.1751,20,1,0,1730,18,0.782608695652174,9216,71
0.5637861172726844,1.8246545454545455,217.8,45.61636363636364,0,25,0,subsidiary_stock_comp,0.051768931249777474,52,0.1743,26,1,0,1730,22,0.88,9344,72
0.6552947894670069,1.8764470794905574,199,43.15828282828282,0,23,0,subsidiary_stock_comp,0.04808483769496282,48,0.1734,30,1,0,1730,21,0.9130434782608695,9472,73
0.7480671032171813,1.935416666666667,217.8,46.45000000000001,0,24,0,subsidiary_stock_comp,0.014724932610988617,49,0.1725,23,1,0,1730,23,0.9583333333333334,9600,74
0.7244407921680249,1.778141835016836,219,42.67540404040407,1,24,0,subsidiary_stock_comp,0.03865004641314348,51,0.1717,25,1,0,1730,21,0.875,9728,75
0.773549029341666,1.8720940170940172,219,48.67444444444445,0,26,0,subsidiary_stock_comp,0.11064290752013524,54,0.1708,23,1,0,1730,24,0.9230769230769231,9856,76
0.701716448951629,1.8864309764309768,198,45.27434343434344,0,24,0,subsidiary_stock_comp,0.14795735230048498,52,0.1699,25,1,0,1730,22,0.9166666666666666,9984,77
0.6104151146500953,1.876353923853924,219,48.78520202020202,0,26,0,subsidiary_stock_comp,0.02946077659726143,52,0.1691,13,1,0,1730,24,0.9230769230769231,10112,78
0.6901105691940757,1.954008080808081,278,48.850202020202026,0,25,0,subsidiary_stock_comp,0.07442261030276616,53,0.1683,23,1,0,1730,24,0.96,10240,79
0.5715948527795263,1.77109696969697,198,44.27742424242425,0,25,0,subsidiary_stock_comp,0.11636577794949214,56,0.1674,20,1,0,1730,21,0.84,10368,80
0.6096080859570066,1.8263333333333338,219,45.658333333333346,0,25,0,subsidiary_stock_comp,0.07096359878778458,51,0.1666,21,1,0,1730,22,0.88,10496,81
0.6924190826539416,1.5995169082125609,198,36.7888888888889,0,23,0,subsidiary_stock_comp,0.08364989111820857,51,0.1657,33,1,0,1730,17,0.7391304347826086,10624,82
0.5179173694632482,1.881513047138048,277,45.15631313131315,0,24,0,subsidiary_stock_comp,0.08139156301816304,55,0.1649,19,1,0,1730,22,0.9166666666666666,10752,83
0.5070797420412418,1.9737801087801092,217.8,51.31828282828284,0,26,0,subsidiary_stock_comp,0.11018445839484532,57,0.1641,18,1,0,1730,25,0.9615384615384616,10880,84
0.47456537444668356,1.8947774036662925,259,51.1589898989899,0,27,0,subsidiary_stock_comp,0.017081468366086483,57,0.1633,19,1,0,1730,25,0.9259259259259259,11008,85
0.5217382066039136,1.885582912457913,277,45.253989898989914,0,24,0,subsidiary_stock_comp,0.06861127416292827,49,0.1625,23,1,0,1730,22,0.9166666666666666,11136,86
0.48606800800189376,1.859623154623154,198,48.350202020202005,0,26,0,subsidiary_stock_comp,0.03365325058499972,50,0.1616,19,1,0,1730,24,0.9230769230769231,11264,87
0.6274144567141775,1.8662419651056006,240,41.05732323232321,0,22,0,subsidiary_stock_comp,0.012002573348581791,52,0.1608,29,1,0,1730,19,0.8636363636363636,11392,88
0.3910374957777094,1.9054215229215232,257,49.540959595959606,0,26,0,subsidiary_stock_comp,0.08894151200850804,53,0.16,23,1,0,1730,24,0.9230769230769231,11520,89
0.3535812107147649,1.9442135642135643,198,54.4379797979798,1,28,0,subsidiary_stock_comp,0.07783551514148712,56,0.1592,21,1,0,1730,27,0.9642857142857143,11648,90
0.3634421945826034,1.8865190365190367,259,49.04949494949496,1,26,0,subsidiary_stock_comp,0.052326712757349014,55,0.1584,20,1,0,1730,24,0.9230769230769231,11776,91
0.20434041354747023,1.9473333333333336,198,58.42000000000001,0,30,0,subsidiary_stock_comp,0.06316413978735606,59,0.1576,13,1,0,1730,29,0.9666666666666667,11904,92
0.30170955273570144,1.9432142857142856,198,54.41,0,28,0,subsidiary_stock_comp,0.06072079141934713,57,0.1569,16,1,0,1730,27,0.9642857142857143,12032,93
0.36272206144349184,1.798850038850039,198,46.770101010101016,1,26,0,subsidiary_stock_comp,0.05158561343948046,51,0.1561,22,1,0,1730,23,0.8846153846153846,12160,94
0.36685809070331743,1.7771434343434345,198,44.42858585858586,0,25,0,subsidiary_stock_comp,0.032954893385370575,54,0.1553,22,1,0,1730,21,0.84,12288,95
0.6597540090297116,1.6799604743082999,217.8,38.639090909090896,1,23,0,subsidiary_stock_comp,0.2468917965888977,54,0.1545,30,1,0,1730,18,0.782608695652174,12416,96
0.4843192381376866,1.8111717171717172,198,45.27929292929293,0,25,0,subsidiary_stock_comp,0.003413653001189232,52,0.1537,20,1,0,1730,22,0.88,12544,97
0.3966416014591232,1.9422979797979802,198,54.38434343434345,0,28,0,subsidiary_stock_comp,0.04293570232888063,60,0.153,12,1,0,1730,27,0.9642857142857143,12672,98
0.45026305628562113,1.917618492618493,217.8,49.858080808080814,0,26,0,subsidiary_stock_comp,0.0010604728013277054,55,0.1522,22,1,0,1730,24,0.9230769230769231,12800,99
0.9725623730337247,0.0001325757575757593,42,0.0021212121212121487,0,16,0,subsidiary_stock_comp,0.958717922369639,2,0.25,26,2,0,1731,0,0.0,128,0
1.3339723831159063,-0.03548611111111112,42,-0.5677777777777779,2,16,0,subsidiary_stock_comp,0.5700474282105764,4,0.2487,38,2,0,1731,0,0.0,256,1
1.6262897959677503,0.06951388888888886,158,1.1122222222222218,1,16,0,subsidiary_stock_comp,0.28549493352572125,7,0.2475,40,2,0,1731,0,0.0,384,2
1.22972896322608,0.06444444444444444,118.8,1.031111111111111,0,16,0,subsidiary_stock_comp,0.1459904077152411,5,0.2463,25,2,0,1731,0,0.0,512,3
1.523925420595333,0.10742127153891858,198,1.8261616161616159,4,17,0,subsidiary_stock_comp,0.3895821472009023,6,0.245,39,2,0,1731,1,0.058823529411764705,640,4
1.216274277656339,-0.053172905525846706,118.8,-0.903939393939394,5,17,0,subsidiary_stock_comp,0.03446150322755178,3,0.2438,26,2,0,1731,0,0.0,768,5
1.300995693425648,-0.07307189542483662,42,-1.2422222222222226,6,17,0,subsidiary_stock_comp,0.019856128841638565,7,0.2426,31,2,0,1731,0,0.0,896,6
1.2399014695547521,0.04911467617349968,164,0.8349494949494947,5,17,0,subsidiary_stock_comp,-0.04345944399634997,14,0.2414,25,2,0,1731,0,0.0,1024,7
1.4965386977419257,0.2960448232323235,198,4.736717171717176,3,16,0,subsidiary_stock_comp,0.008933201432228088,29,0.2402,34,2,0,1731,1,0.0625,1152,8
1.603775707539171,0.13827020202020202,198,2.2123232323232322,3,16,0,subsidiary_stock_comp,-0.017583956321080525,13,0.239,37,2,0,1731,1,0.0625,1280,9
1.701688913628459,0.6583006535947716,198,11.191111111111118,2,17,0,subsidiary_stock_comp,-0.009960745771725973,37,0.2378,27,2,0,1731,4,0.23529411764705882,1408,10
1.7155959238298237,0.5049779040404044,198,8.079646464646471,0,16,0,subsidiary_stock_comp,0.04232164720694224,29,0.2366,35,2,0,1731,2,0.125,1536,11
1.6470442360732704,0.6980867498514562,198,11.867474747474756,1,17,0,subsidiary_stock_comp,0.03996405750513077,25,0.2354,27,2,0,1731,4,0.23529411764705882,1664,12
1.4652167131425813,0.8070864898989906,198.8,12.913383838383849,3,16,0,subsidiary_stock_comp,0.08644000937541325,32,0.2342,26,2,0,1731,4,0.25,1792,13
1.3502137236646377,0.9668924539512775,219,16.43717171717172,4,17,0,subsidiary_stock_comp,0.1008003403743108,39,0.2331,32,2,0,1731,6,0.35294117647058826,1920,14
1.2354979555821046,1.0219865319865322,217.8,18.395757575757578,4,18,0,subsidiary_stock_comp,0.05051076288024584,41,0.2319,37,2,0,1731,7,0.3888888888888889,2048,15
1.1140336661483161,1.0556085858585862,198,21.112171717171723,4,20,0,subsidiary_stock_comp,0.07280902564525604,45,0.2307,30,2,0,1731,8,0.4,2176,16
1.231850431591738,1.150331088664422,240,20.705959595959598,0,18,0,subsidiary_stock_comp,0.03935368855794271,43,0.2296,27,2,0,1731,8,0.4444444444444444,2304,17
1.1080203792080283,1.173947368421052,198,22.30499999999999,1,19,0,subsidiary_stock_comp,0.02836909145116806,32,0.2284,24,2,0,1731,9,0.47368421052631576,2432,18
1.2471841986989602,1.1849973418394468,198,22.51494949494949,2,19,0,subsidiary_stock_comp,0.03912066171566645,39,0.2273,36,2,0,1731,10,0.5263157894736842,2560,19
1.1691270431911107,1.5637146464646456,198,31.274292929292912,0,20,0,subsidiary_stock_comp,-0.0015448642273743947,42,0.2262,32,2,0,1731,14,0.7,2688,20
1.0284556112601422,1.34987603305785,198,29.697272727272704,2,22,0,subsidiary_stock_comp,0.06390777851144473,37,0.225,38,2,0,1731,14,0.6363636363636364,2816,21
0.9018306845100597,1.7613921826965302,198,40.512020202020196,0,23,0,subsidiary_stock_comp,0.24975794553756714,48,0.2239,30,2,0,1731,19,0.8260869565217391,2944,22
1.0564194488106295,1.6042424242424238,199,33.6890909090909,2,21,0,subsidiary_stock_comp,0.016663594792286556,43,0.2228,27,2,0,1731,16,0.7619047619047619,3072,23
1.0346389753976837,1.5785950413223133,198,34.72909090909089,1,22,0,subsidiary_stock_comp,0.00299212709069252,40,0.2217,23,2,0,1731,17,0.7727272727272727,3200,24
0.8838108176714741,1.8655731225296446,198,42.90818181818182,0,23,0,subsidiary_stock_comp,0.014882591863473257,48,0.2206,25,2,0,1731,21,0.9130434782608695,3328,25
0.9130762253771536,1.505906685906685,199,31.624040404040386,0,21,0,subsidiary_stock_comp,0.08895368129014969,47,0.2195,30,2,0,1731,14,0.6666666666666666,3456,26
0.7198622743599117,1.6528282828282825,219,36.362222222222215,1,22,0,subsidiary_stock_comp,0.07016254713137944,45,0.2184,33,2,0,1731,17,0.7727272727272727,3584,27
0.7749711141805165,1.5470431588613407,199,34.034949494949494,1,22,0,subsidiary_stock_comp,0.06967674940824509,50,0.2173,30,2,0,1731,16,0.7272727272727273,3712,28
0.821993056422798,1.5858608815426989,198,34.888939393939374,0,22,0,subsidiary_stock_comp,0.17416847248872122,44,0.2162,27,2,0,1731,16,0.7272727272727273,3840,29
0.830634280864615,1.8306719367588926,219,42.10545454545453,1,23,0,subsidiary_stock_comp,0.039684598644574486,50,0.2151,31,2,0,1731,20,0.8695652173913043,3968,30
0.7849910449876916,1.9042150673400668,219,45.701161616161606,1,24,0,subsidiary_stock_comp,0.025237447892626125,49,0.214,29,2,0,1731,23,0.9583333333333334,4096,31
0.7991708172194194,1.9258424242424246,219,48.146060606060615,1,25,0,subsidiary_stock_comp,0.010604967673619589,50,0.213,27,2,0,1731,24,0.96,4224,32
0.8999853234563489,1.7705968778696053,257,38.953131313131315,1,22,0,subsidiary_stock_comp,0.04636631657679876,43,0.2119,36,2,0,1731,19,0.8636363636363636,4352,33
0.7485178929491667,1.7885880544576196,217.8,41.13752525252525,0,23,0,subsidiary_stock_comp,-0.000992586836218834,49,0.2108,21,2,0,1731,20,0.8695652173913043,4480,34
0.7617235671568778,1.737272727272727,198,41.69454545454545,0,24,0,subsidiary_stock_comp,0.043759641547997795,57,0.2098,26,2,0,1731,19,0.7916666666666666,4608,35
0.6807054861856159,1.833585858585859,198.99,45.83964646464648,0,25,0,subsidiary_stock_comp,0.002528925115863482,55,0.2087,21,2,0,1731,22,0.88,4736,36
0.6664903980854433,1.8330924630924632,198,47.660404040404046,1,26,0,subsidiary_stock_comp,0.03605241763095061,55,0.2077,24,2,0,1731,23,0.8846153846153846,4864,37
0.7187285895561217,1.7051809764309764,198,40.924343434343434,2,24,0,subsidiary_stock_comp,0.17466185986995697,49,0.2066,29,2,0,1731,20,0.8333333333333334,4992,38
0.6228329444056726,1.8820085470085473,198,48.93222222222223,1,26,0,subsidiary_stock_comp,0.010488282889127731,54,0.2056,22,2,0,1731,24,0.9230769230769231,5120,39
0.6352870866976446,1.9076242424242429,240,47.69060606060607,0,25,0,subsidiary_stock_comp,0.23200084765752158,57,0.2046,25,2,0,1731,23,0.92,5248,40
0.7216644162181183,1.8099363197189289,217.8,41.62853535353536,0,23,0,subsidiary_stock_comp,0.0304695467154185,51,0.2036,28,2,0,1731,20,0.8695652173913043,5376,41
0.6558549319161102,1.875050505050505,217.8,45.00121212121212,1,24,0,subsidiary_stock_comp,0.04707065473000208,52,0.2025,27,2,0,1731,22,0.9166666666666666,5504,42
0.6206319254997652,1.8843838383838383,277,47.10959595959596,0,25,0,subsidiary_stock_comp,0.09192880243062973,54,0.2015,24,2,0,1731,23,0.92,5632,43
0.7442656025741599,1.7186649099692577,217.8,39.52929292929293,1,23,0,subsidiary_stock_comp,0.1186649352312088,49,0.2005,37,2,0,1731,19,0.8260869565217391,5760,44
0.5345895133214071,1.8638616938616939,219,48.46040404040404,0,26,0,subsidiary_stock_comp,-0.0028635974352558455,55,0.1995,25,2,0,1731,24,0.9230769230769231,5888,45
0.5242874695686623,1.7838361879666225,198,41.02823232323232,0,23,0,subsidiary_stock_comp,0.021716211301585037,47,0.1985,19,2,0,1731,20,0.8695652173913043,6016,46
0.4651354982779594,1.8834027777777778,259,45.20166666666667,1,24,0,subsidiary_stock_comp,-0.0042529115453362465,54,0.1975,18,2,0,1731,22,0.9166666666666666,6144,47
0.5169649810122792,1.5907400087834869,257,36.5870202020202,2,23,0,subsidiary_stock_comp,0.025675079474846523,44,0.1965,25,2,0,1731,17,0.7391304347826086,6272,48
0.6437964299802843,1.8123737373737372,198,45.30934343434343,0,25,0,subsidiary_stock_comp,0.033084616685907044,53,0.1956,25,2,0,1731,22,0.88,6400,49
0.7386048766456952,1.783746993746993,220,37.458686868686854,0,21,0,subsidiary_stock_comp,0.11611191928386688,47,0.1946,25,2,0,1731,18,0.8571428571428571,6528,50
0.691633249070037,1.6311262626262617,198,32.622525252525236,0,20,0,subsidiary_stock_comp,0.02512015402317047,43,0.1936,22,2,0,1731,15,0.75,6656,51
0.6556266320039867,1.6049920255183399,240,30.494848484848458,0,19,0,subsidiary_stock_comp,0.026253897696733475,45,0.1926,20,2,0,1731,14,0.7368421052631579,6784,52
0.6792314991835156,1.7629242424242406,219,35.25848484848481,0,20,0,subsidiary_stock_comp,0.09094099203745525,46,0.1917,26,2,0,1731,17,0.85,6912,53
0.782823882997036,1.690335858585857,278,33.80671717171714,0,20,0,subsidiary_stock_comp,0.07284715274969737,47,0.1907,30,2,0,1731,16,0.8,7040,54
0.8293231692405243,1.6983501683501676,219,35.66535353535352,1,21,0,subsidiary_stock_comp,-0.021348668883244198,45,0.1898,22,2,0,1731,17,0.8095238095238095,7168,55
0.923736576291958,1.7619817219817204,277,37.00161616161613,0,21,0,subsidiary_stock_comp,0.017374637847145397,46,0.1888,25,2,0,1731,18,0.8571428571428571,7296,56
0.6865426267613657,1.770684113865932,217.8,38.9550505050505,3,22,0,subsidiary_stock_comp,0.06065641095240911,46,0.1879,22,2,0,1731,19,0.8636363636363636,7424,57
0.6392712104716338,1.956044444444445,198,48.90111111111112,0,25,0,subsidiary_stock_comp,0.03972997019688288,51,0.1869,20,2,0,1731,24,0.96,7552,58
0.7130214605663241,1.774284511784512,259,42.58282828282829,0,24,0,subsidiary_stock_comp,0.08959450572729111,55,0.186,21,2,0,1731,21,0.875,7680,59
0.7167606542425347,1.8591184573002755,217.8,40.90060606060606,0,22,0,subsidiary_stock_comp,0.08447891970475514,50,0.1851,26,2,0,1731,20,0.9090909090909091,7808,60
0.7493792487020983,1.7215063680281062,257,39.594646464646445,0,23,0,subsidiary_stock_comp,0.09022164344787598,51,0.1841,24,2,0,1731,19,0.8260869565217391,7936,61
0.7214193409272411,1.9320158102766793,240,44.43636363636362,0,23,0,subsidiary_stock_comp,0.11684474597374599,54,0.1832,22,2,0,1731,22,0.9565217391304348,8064,62
0.7690642151501379,1.9066989898989906,219,47.66747474747476,0,25,0,subsidiary_stock_comp,0.13532115519046783,59,0.1823,21,2,0,1731,23,0.92,8192,63
0.7783753119401808,1.8645133149678599,198,41.01929292929292,0,22,0,subsidiary_stock_comp,0.08330996086200078,43,0.1814,25,2,0,1731,20,0.9090909090909091,8320,64
0.686441694466339,1.8230105401844532,257,41.929242424242425,1,23,0,subsidiary_stock_comp,0.06534634530544281,48,0.1805,24,2,0,1731,20,0.8695652173913043,8448,65
0.7386954634494032,1.8068044077134977,219,39.74969696969695,0,22,0,subsidiary_stock_comp,0.03470316529273987,53,0.1796,20,2,0,1731,19,0.8636363636363636,8576,66
0.8068985834470368,1.9222432659932656,213.6,46.13383838383837,0,24,0,subsidiary_stock_comp,0.09133492161830266,50,0.1787,22,2,0,1731,23,0.9583333333333334,8704,67
0.7325977419131959,1.5495526695526685,199,32.54060606060604,2,21,0,subsidiary_stock_comp,0.0777700940767924,43,0.1778,20,2,0,1731,16,0.7619047619047619,8832,68
0.7434115017167642,1.7913131313131299,257,35.8262626262626,0,20,0,subsidiary_stock_comp,0.16337594389915466,45,0.1769,23,2,0,1731,17,0.85,8960,69
0.8333428337173245,1.8099780412823896,199,41.62949494949496,0,23,0,subsidiary_stock_comp,0.11122534175713857,50,0.176,27,2,0,1731,20,0.8695652173913043,9088,70
0.7760841644194443,1.9138659320477502,199,42.10505050505051,0,22,0,subsidiary_stock_comp,0.09964693337678909,45,0.1751,25,2,0,1731,21,0.9545454545454546,9216,71
0.7222972551317071,1.8196794027228804,277,41.85262626262625,1,23,0,subsidiary_stock_comp,0.059034076829751335,54,0.1743,22,2,0,1731,20,0.8695652173913043,9344,72
0.702157260653621,1.9495353535353541,219,48.738383838383854,0,25,0,subsidiary_stock_comp,0.046114457150300346,56,0.1734,22,2,0,1731,24,0.96,9472,73
0.729193141876749,1.751186868686868,259,42.02848484848483,0,24,0,subsidiary_stock_comp,0.059598339100678764,46,0.1725,27,2,0,1731,21,0.875,9600,74
0.5402473566646222,1.9418256640478864,217.8,52.429292929292934,0,27,0,subsidiary_stock_comp,0.015148896723985672,60,0.1717,10,2,0,1731,26,0.9629629629629629,9728,75
0.700858029340452,1.9001262626262634,277,45.60303030303032,1,24,0,subsidiary_stock_comp,0.05228766923149427,53,0.1708,28,2,0,1731,22,0.9166666666666666,9856,76
0.6469867003179388,1.7337329819938518,277,39.875858585858595,0,23,0,subsidiary_stock_comp,0.0530293807387352,52,0.1699,23,2,0,1731,19,0.8260869565217391,9984,77
0.6047635503964557,1.8676262626262625,277,44.8230303030303,1,24,0,subsidiary_stock_comp,0.025411495938897133,50,0.1691,20,2,0,1731,22,0.9166666666666666,10112,78
0.6246314723921387,1.8938121212121217,277,47.34530303030304,1,25,0,subsidiary_stock_comp,0.0487984623759985,59,0.1683,17,2,0,1731,23,0.92,10240,79
0.46421195786206226,1.9153571428571432,198,53.63000000000001,1,28,0,subsidiary_stock_comp,0.13917133708794913,54,0.1674,16,2,0,1731,27,0.9642857142857143,10368,80
0.5573674054576259,1.8439130434782627,219,42.41000000000004,0,23,0,subsidiary_stock_comp,0.024653419852256775,56,0.1666,20,2,0,1731,21,0.9130434782608695,10496,81
0.5548580467620923,1.7554646464646464,198.8,43.88661616161616,1,25,0,subsidiary_stock_comp,0.13839936256408691,62,0.1657,23,2,0,1731,21,0.84,10624,82
0.5330499817646341,1.8515932047750232,277,40.73505050505051,0,22,0,subsidiary_stock_comp,0.05639875680208206,54,0.1649,23,2,0,1731,19,0.8636363636363636,10752,83
0.5484766363078961,1.5737181337181336,278,33.048080808080805,0,21,0,subsidiary_stock_comp,0.04882766865193844,53,0.1641,29,2,0,1731,15,0.7142857142857143,10880,84
0.5100758849075646,1.8264814814814818,278,43.835555555555565,0,24,0,subsidiary_stock_comp,0.11224118868509929,55,0.1633,24,2,0,1731,21,0.875,11008,85
0.5138987944519613,1.94073112073112,277,40.75535353535352,0,21,0,subsidiary_stock_comp,0.09473178287347157,51,0.1625,17,2,0,1731,19,0.9047619047619048,11136,86
0.4979358736600261,1.91081616161616,277,47.770404040404,0,25,0,subsidiary_stock_comp,0.06556754559278488,53,0.1616,18,2,0,1731,23,0.92,11264,87
0.5785530090652173,1.70511937557392,277,37.51262626262624,0,22,0,subsidiary_stock_comp,0.04692325368523598,52,0.1608,20,2,0,1731,17,0.7727272727272727,11392,88
0.4664145142523921,1.9535521885521885,278,46.885252525252525,0,24,0,subsidiary_stock_comp,0.04346644009153048,53,0.16,17,2,0,1731,23,0.9583333333333334,11520,89
0.5919578901311979,1.8110320597277123,277,41.653737373737385,0,23,0,subsidiary_stock_comp,0.12204129497210185,55,0.1592,23,2,0,1731,19,0.8260869565217391,11648,90
0.503638502152171,1.902848484848485,277,47.57121212121213,0,25,0,subsidiary_stock_comp,0.032847702503204346,54,0.1584,21,2,0,1731,23,0.92,11776,91
0.5497245458100224,1.6392929292929297,278,37.70373737373738,2,23,0,subsidiary_stock_comp,0.2726110517978668,46,0.1576,27,2,0,1731,18,0.782608695652174,11904,92
0.40135426731285406,2.064246632996633,277,49.54191919191919,0,24,0,subsidiary_stock_comp,0.022519944856564205,56,0.1569,15,2,0,1731,23,0.9583333333333334,12032,93
0.4949517538789223,1.7527575757575744,277,35.055151515151486,1,20,0,subsidiary_stock_comp,0.14641631642977396,41,0.1561,28,2,0,1731,16,0.8,12160,94
0.5371096767485142,2.0395454545454546,277,40.79090909090909,0,20,0,subsidiary_stock_comp,0.05384277800718943,50,0.1553,24,2,0,1731,19,0.95,12288,95
0.436512193757153,2.0517916002126526,278,38.9840404040404,0,19,0,subsidiary_stock_comp,0.038349719097216926,47,0.1545,20,2,0,1731,17,0.8947368421052632,12416,96
0.44019403662969125,1.8353832442067717,278,31.201515151515117,0,17,0,subsidiary_stock_comp,0.056927215307950974,50,0.1537,20,2,0,1731,12,0.7058823529411765,12544,97
0.5540899741743033,1.7720202020202014,277,31.896363636363624,0,18,0,subsidiary_stock_comp,0.010523037364085516,46,0.153,20,2,0,1731,14,0.7777777777777778,12672,98
0.502674446216588,2.080638200183655,278,45.77404040404041,0,22,0,subsidiary_stock_comp,0.11446570853392284,56,0.1522,17,2,0,1731,21,0.9545454545454546,12800,99
1.2090666177682579,0.14458964646464653,178,2.3134343434343445,0,16,0,subsidiary_stock_comp,1.2096782326698303,16,0.25,31,3,0,1732,0,0.0,128,0
1.4248573649674654,0.22359848484848538,205.4,3.577575757575766,1,16,0,subsidiary_stock_comp,0.35390500724315643,10,0.2487,34,3,0,1732,2,0.125,256,1
1.3196541115175933,-0.04885732323232327,99,-0.7817171717171724,4,16,0,subsidiary_stock_comp,0.3365451892217,5,0.2475,27,3,0,1732,0,0.0,384,2
1.454558908706531,0.2639542483660136,198,4.487222222222232,4,17,0,subsidiary_stock_comp,0.1274952068924904,12,0.2463,27,3,0,1732,2,0.11764705882352941,512,3
1.4704770555254072,0.07133522727272723,213.3,1.1413636363636357,5,16,0,subsidiary_stock_comp,0.1327561909953753,8,0.245,28,3,0,1732,1,0.0625,640,4
1.4807320688851178,0.142979797979798,162,2.287676767676768,4,16,0,subsidiary_stock_comp,0.043182045221328735,16,0.2438,31,3,0,1732,0,0.0,768,5
1.3935896006878465,0.2902209595959601,198,4.643535353535362,2,16,0,subsidiary_stock_comp,0.1403090407450994,19,0.2426,36,3,0,1732,1,0.0625,896,6
1.4866419460158795,0.2522411616161618,239,4.0358585858585885,1,16,0,subsidiary_stock_comp,0.07811200618743896,19,0.2414,35,3,0,1732,1,0.0625,1024,7
1.2610103248152882,0.22333964646464652,160,3.5734343434343443,2,16,1,subsidiary_stock_comp,0.012694332748651505,18,0.2402,26,3,0,1732,0,0.0,1152,8
1.1849294612184167,0.3302904040404042,160,5.2846464646464675,1,16,0,subsidiary_stock_comp,0.03963335603475571,18,0.239,35,3,0,1732,0,0.0,1280,9
1.070477758301422,0.8356691919191925,277,13.37070707070708,1,16,0,subsidiary_stock_comp,0.19611027340094248,34,0.2378,30,3,0,1732,3,0.1875,1408,10
1.249896451132372,0.7092424242424249,237,11.347878787878798,1,16,0,subsidiary_stock_comp,0.08191189418236415,32,0.2366,42,3,0,1732,2,0.125,1536,11
0.9549416571389884,0.7509974747474751,239,12.015959595959602,3,16,0,subsidiary_stock_comp,0.08033790687719981,39,0.2354,31,3,0,1732,2,0.125,1664,12
1.0026827674009837,0.5732620320855619,240,9.745454545454553,6,17,0,subsidiary_stock_comp,0.05187096322576205,34,0.2342,32,3,0,1732,2,0.11764705882352941,1792,13
0.9578443865757436,0.7830184194890083,239,13.311313131313142,4,17,0,subsidiary_stock_comp,0.08643719802300136,34,0.2331,38,3,0,1732,4,0.23529411764705882,1920,14
0.8269661695230752,1.080044191919193,237,17.280707070707088,1,16,0,subsidiary_stock_comp,0.06241440152128538,43,0.2319,30,3,0,1732,4,0.25,2048,15
0.7865631775348447,1.0578401663695787,237,17.98328282828284,5,17,0,subsidiary_stock_comp,0.029114146406451862,45,0.2307,30,3,0,1732,6,0.35294117647058826,2176,16
0.8287692772282753,1.1042613636363638,239,17.66818181818182,4,16,0,subsidiary_stock_comp,0.11892333130041759,45,0.2296,35,3,0,1732,5,0.3125,2304,17
0.7079486716975225,1.0014676173499708,259,17.024949494949503,5,17,0,subsidiary_stock_comp,0.11703206102053325,39,0.2284,28,3,0,1732,5,0.29411764705882354,2432,18
0.7430210082093254,1.187885101010101,239,19.006161616161616,2,16,0,subsidiary_stock_comp,0.06358091781536739,41,0.2273,34,3,0,1732,6,0.375,2560,19
0.5449075977739994,1.2784076054664295,237,21.732929292929303,3,17,0,subsidiary_stock_comp,0.05055696393052737,45,0.2262,24,3,0,1732,7,0.4117647058823529,2688,20
0.6294216133392183,1.2111142676767674,239,19.37782828282828,0,16,0,subsidiary_stock_comp,0.10151805480321248,39,0.225,25,3,0,1732,6,0.375,2816,21
0.5888224968384748,0.9305965909090916,239,14.889545454545466,3,16,0,subsidiary_stock_comp,0.09724756578604381,35,0.2239,26,3,0,1732,4,0.25,2944,22
0.6589012129097682,1.3660479797979799,240,21.856767676767678,2,16,0,subsidiary_stock_comp,0.2864669958750407,47,0.2228,31,3,0,1732,8,0.5,3072,23
0.6184661596125807,1.239665404040404,239,19.834646464646465,2,16,0,subsidiary_stock_comp,0.15971791744232178,41,0.2217,32,3,0,1732,6,0.375,3200,24
0.6973263277122896,1.131666666666667,257,19.23833333333334,3,17,0,subsidiary_stock_comp,0.24916176001230875,41,0.2206,28,3,0,1732,6,0.35294117647058826,3328,25
0.7205049532431076,1.4371360665478312,239,24.431313131313132,4,17,0,subsidiary_stock_comp,0.05459019045035044,53,0.2195,27,3,0,1732,9,0.5294117647058824,3456,26
0.7404103345179465,0.9478966131907314,257,16.114242424242434,4,17,0,subsidiary_stock_comp,0.0991484671831131,43,0.2184,29,3,0,1732,5,0.29411764705882354,3584,27
0.6690496262463057,0.8060606060606069,239,13.703030303030317,9,17,0,subsidiary_stock_comp,0.15880242983500162,36,0.2173,28,3,0,1732,3,0.17647058823529413,3712,28
0.6460458943492995,1.1324361259655378,239,19.25141414141414,8,17,0,subsidiary_stock_comp,0.12107229977846146,42,0.2162,31,3,0,1732,7,0.4117647058823529,3840,29
0.5936915323363792,1.144940582293524,239,19.463989898989908,5,17,0,subsidiary_stock_comp,0.29447640975316364,42,0.2151,30,3,0,1732,7,0.4117647058823529,3968,30
0.6828815725457389,1.300665478312537,257,22.111313131313132,4,17,0,subsidiary_stock_comp,0.08690498272577922,43,0.214,28,3,0,1732,8,0.47058823529411764,4096,31
0.4959458106823149,1.5234462269756381,257,25.89858585858585,6,17,0,subsidiary_stock_comp,0.18733602265516916,46,0.213,26,3,0,1732,10,0.5882352941176471,4224,32
0.540066291660878,1.4734785353535353,259,23.575656565656566,0,16,0,subsidiary_stock_comp,0.09300684680541356,42,0.2119,26,3,0,1732,9,0.5625,4352,33
0.5189165718347795,1.5150831847890667,239,25.756414141414133,3,17,0,subsidiary_stock_comp,0.10402715702851613,44,0.2108,25,3,0,1732,10,0.5882352941176471,4480,34
0.6776820604336535,1.3171004159239452,257,22.39070707070707,4,17,0,subsidiary_stock_comp,0.193467915058136,43,0.2098,34,3,0,1732,9,0.5294117647058824,4608,35
0.5338080404935681,1.60883541295306,257,27.35020202020202,3,17,0,subsidiary_stock_comp,0.09364386896292369,46,0.2087,24,3,0,1732,11,0.6470588235294118,4736,36
0.5836347551721701,1.4905912061794413,259,25.340050505050502,2,17,0,subsidiary_stock_comp,0.050633093963066735,42,0.2077,25,3,0,1732,10,0.5882352941176471,4864,37
0.6760027664558947,1.158270944741533,258,19.69060606060606,4,17,0,subsidiary_stock_comp,0.08829160779714584,46,0.2066,27,3,0,1732,7,0.4117647058823529,4992,38
0.5949774582404643,1.6572916666666664,259,26.516666666666662,1,16,0,subsidiary_stock_comp,0.2353181093931198,48,0.2056,25,3,0,1732,10,0.625,5120,39
0.6303783509501955,1.5602436125965535,277,26.52414141414141,4,17,0,subsidiary_stock_comp,0.13345331450303397,46,0.2046,25,3,0,1732,10,0.5882352941176471,5248,40
0.6108816868108988,1.9325645342312012,277,34.78616161616162,0,18,0,subsidiary_stock_comp,0.06473291416962941,52,0.2036,23,3,0,1732,15,0.8333333333333334,5376,41
0.649423512917565,1.9300415923945329,257,32.81070707070706,0,17,0,subsidiary_stock_comp,0.08467655628919601,49,0.2025,21,3,0,1732,14,0.8235294117647058,5504,42
0.6508073148143012,1.5419667260843728,259,26.213434343434336,1,17,0,subsidiary_stock_comp,0.20681355396906534,46,0.2015,26,3,0,1732,10,0.5882352941176471,5632,43
0.751003260989819,1.3180934343434338,259,21.08949494949494,2,16,0,subsidiary_stock_comp,0.05832980697353681,40,0.2005,24,3,0,1732,7,0.4375,5760,44
0.7554626057763016,1.7749158249158234,259,31.94848484848482,1,18,0,subsidiary_stock_comp,0.190166175365448,46,0.1995,25,3,0,1732,15,0.8333333333333334,5888,45
0.8454344377587404,1.4232270069112158,259,27.0413131313131,2,19,0,subsidiary_stock_comp,0.10946478446324666,40,0.1985,28,3,0,1732,12,0.631578947368421,6016,46
0.751016444261495,1.4506846240179558,217.8,26.112323232323206,1,18,0,subsidiary_stock_comp,0.05633635943134626,42,0.1975,16,3,0,1732,11,0.6111111111111112,6144,47
0.7029479541088222,1.4788413547237074,259,25.140303030303027,1,17,0,subsidiary_stock_comp,0.09385688602924347,42,0.1965,20,3,0,1732,10,0.5882352941176471,6272,48
0.7363563904605144,1.6446969696969684,217.8,29.60454545454543,0,18,0,subsidiary_stock_comp,0.08040222525596619,39,0.1956,21,3,0,1732,14,0.7777777777777778,6400,49
0.7733160658460747,1.5767957351290678,217.8,28.38232323232322,0,18,0,subsidiary_stock_comp,0.07731867084900539,45,0.1946,28,3,0,1732,13,0.7222222222222222,6528,50
0.8566075106923563,1.622599681020732,198.8,30.829393939393906,0,19,0,subsidiary_stock_comp,0.14445300151904425,38,0.1936,27,3,0,1732,15,0.7894736842105263,6656,51
0.9238356971934536,0.9771301247771838,217.8,16.611212121212123,0,17,0,subsidiary_stock_comp,0.09430573383967082,35,0.1926,35,3,0,1732,6,0.35294117647058826,6784,52
0.6122885744423456,1.4422558922558908,217.8,25.960606060606036,0,18,0,subsidiary_stock_comp,0.2302579532066981,41,0.1917,20,3,0,1732,11,0.6111111111111112,6912,53
0.41861931606217695,1.866485911749068,217.8,35.46323232323229,0,19,0,subsidiary_stock_comp,0.11123109857241313,43,0.1907,15,3,0,1732,17,0.8947368421052632,7040,54
0.4601764256702836,1.8924999999999994,217.8,37.84999999999999,1,20,0,subsidiary_stock_comp,0.1226265827814738,41,0.1898,19,3,0,1732,19,0.95,7168,55
0.48327534312011267,1.4640740740740732,217.8,26.353333333333318,1,18,0,subsidiary_stock_comp,0.0726250559091568,35,0.1888,26,3,0,1732,12,0.6666666666666666,7296,56
0.3803607923347272,1.8850664540138218,217.8,35.81626262626261,0,19,0,subsidiary_stock_comp,0.14605801304181418,44,0.1879,21,3,0,1732,17,0.8947368421052632,7424,57
0.3849208164315314,1.5733492822966497,198,29.893636363636343,0,19,0,subsidiary_stock_comp,0.06993044416109721,41,0.1869,21,3,0,1732,14,0.7368421052631579,7552,58
0.463827213206514,1.3335830527497192,198.8,24.004494949494944,3,18,0,subsidiary_stock_comp,0.13240505754947662,41,0.186,31,3,0,1732,11,0.6111111111111112,7680,59
0.405404669147174,1.7203030303030287,198.8,30.965454545454516,0,18,0,subsidiary_stock_comp,0.09456343948841095,45,0.1851,23,3,0,1732,14,0.7777777777777778,7808,60
0.5607787813796676,1.5169023569023556,198.8,27.3042424242424,2,18,0,subsidiary_stock_comp,0.13503797352313995,37,0.1841,33,3,0,1732,13,0.7222222222222222,7936,61
0.38394041158244363,1.2320370370370368,217.8,22.176666666666662,3,18,0,subsidiary_stock_comp,0.08635564148426056,43,0.1832,25,3,0,1732,9,0.5,8064,62
0.40038923155771045,1.5392312008978657,217.8,27.706161616161584,2,18,0,subsidiary_stock_comp,0.18282663822174072,40,0.1823,28,3,0,1732,12,0.6666666666666666,8192,63
0.35049591401593716,1.6649229133439647,217.8,31.63353535353533,0,19,0,subsidiary_stock_comp,0.11943333595991135,44,0.1814,20,3,0,1732,14,0.7368421052631579,8320,64
0.3924449450450993,1.5058320042530557,198,28.61080808080806,0,19,0,subsidiary_stock_comp,0.10794049004713695,42,0.1805,24,3,0,1732,12,0.631578947368421,8448,65
0.500247323379881,1.668654970760232,217.8,31.70444444444441,1,19,0,subsidiary_stock_comp,0.02580532928307851,44,0.1796,26,3,0,1732,15,0.7894736842105263,8576,66
0.43526002820726717,1.6964646464646456,217.8,30.53636363636362,0,18,0,subsidiary_stock_comp,0.08379057546456654,42,0.1787,21,3,0,1732,14,0.7777777777777778,8704,67
0.5032883848489291,1.657497194163859,217.8,29.834949494949463,1,18,0,subsidiary_stock_comp,0.015827654240032036,42,0.1778,23,3,0,1732,14,0.7777777777777778,8832,68
0.4676897923964134,1.747416267942582,240,33.20090909090906,2,19,0,subsidiary_stock_comp,0.1675883630911509,42,0.1769,23,3,0,1732,16,0.8421052631578947,8960,69
0.4331486574428709,1.6792131844763407,217.8,31.905050505050472,1,19,0,subsidiary_stock_comp,0.046166968842347465,36,0.176,22,3,0,1732,16,0.8421052631578947,9088,70
0.39528912343791944,1.999686337054757,217.8,37.99404040404038,0,19,0,subsidiary_stock_comp,0.15759903689225516,41,0.1751,22,3,0,1732,19,1.0,9216,71
0.5175074630653853,1.4559436469962772,277,27.662929292929267,1,19,0,subsidiary_stock_comp,0.07894128561019897,44,0.1743,33,3,0,1732,12,0.631578947368421,9344,72
0.4765817217580661,1.6660269360269337,278,29.988484848484806,0,18,0,subsidiary_stock_comp,0.058589434872070946,44,0.1734,28,3,0,1732,13,0.7222222222222222,9472,73
0.42950831137659407,1.7523232323232312,217.8,33.29414141414139,0,19,0,subsidiary_stock_comp,0.08102697134017944,40,0.1725,24,3,0,1732,16,0.8421052631578947,9600,74
0.4194399706029799,1.8060738968633698,219,34.315404040404026,1,19,0,subsidiary_stock_comp,0.08390499899784724,48,0.1717,24,3,0,1732,16,0.8421052631578947,9728,75
0.5203141026913727,1.8375810738968623,217.8,34.914040404040385,0,19,0,subsidiary_stock_comp,0.11640599370002747,43,0.1708,24,3,0,1732,17,0.8947368421052632,9856,76
0.5537268080734066,1.7395454545454538,217.8,31.31181818181817,2,18,0,subsidiary_stock_comp,0.03254742765178283,44,0.1699,23,3,0,1732,15,0.8333333333333334,9984,77
0.4793389464612119,1.3037670825906118,217.8,22.1640404040404,5,17,0,subsidiary_stock_comp,0.05695809175570806,46,0.1691,27,3,0,1732,9,0.5294117647058824,10112,78
0.35852477142907446,1.668851674641147,217.8,31.708181818181792,2,19,0,subsidiary_stock_comp,0.07766673093040784,44,0.1683,16,3,0,1732,15,0.7894736842105263,10240,79
0.43449858273561404,1.4980090377458788,217.8,28.462171717171696,2,19,0,subsidiary_stock_comp,0.038293195267518364,39,0.1674,27,3,0,1732,13,0.6842105263157895,10368,80
0.3021678456889276,1.7481127060074406,217.8,33.21414141414137,0,19,0,subsidiary_stock_comp,0.09678769359985988,40,0.1666,22,3,0,1732,16,0.8421052631578947,10496,81
0.3604496173370535,1.818133971291865,217.8,34.544545454545435,0,19,0,subsidiary_stock_comp,0.25054695705572766,46,0.1657,21,3,0,1732,16,0.8421052631578947,10624,82
0.2695114362172717,1.890839978734715,217.8,35.92595959595958,0,19,0,subsidiary_stock_comp,0.15244589745998383,44,0.1649,17,3,0,1732,17,0.8947368421052632,10752,83
0.374241119260887,1.6114885699096213,217.8,30.618282828282805,0,19,0,subsidiary_stock_comp,0.09500492985049884,40,0.1641,23,3,0,1732,14,0.7368421052631579,10880,84
0.3646354595566663,1.6138596491228057,217.8,30.66333333333331,0,19,0,subsidiary_stock_comp,0.09074469904104869,42,0.1633,28,3,0,1732,14,0.7368421052631579,11008,85
0.23407534830084842,1.7924242424242411,217.8,34.05606060606058,0,19,0,subsidiary_stock_comp,0.039271471090614796,45,0.1625,18,3,0,1732,16,0.8421052631578947,11136,86
0.3215330165839987,1.554646464646464,217.8,27.98363636363635,0,18,0,subsidiary_stock_comp,0.05315396189689636,44,0.1616,25,3,0,1732,12,0.6666666666666666,11264,87
0.41856011413619854,1.487037037037036,217.8,26.766666666666648,0,18,0,subsidiary_stock_comp,0.08679152031739552,36,0.1608,24,3,0,1732,12,0.6666666666666666,11392,88
0.27273183582110505,1.7509569377990415,217.8,33.26818181818179,0,19,0,subsidiary_stock_comp,0.05983811368544897,45,0.16,23,3,0,1732,15,0.7894736842105263,11520,89
0.3261058745410992,1.8327432216905892,217.8,34.822121212121196,0,19,0,subsidiary_stock_comp,0.0495423749089241,40,0.1592,22,3,0,1732,17,0.8947368421052632,11648,90
0.33752660525988176,1.4092648709315365,217.8,25.366767676767658,1,18,0,subsidiary_stock_comp,0.061627144614855446,44,0.1584,26,3,0,1732,10,0.5555555555555556,11776,91
0.28174098159161076,1.599124579124578,217.8,28.784242424242404,0,18,0,subsidiary_stock_comp,0.05747406681378683,39,0.1576,20,3,0,1732,13,0.7222222222222222,11904,92
0.38187142986157596,1.7306285072951724,217.8,31.151313131313103,0,18,0,subsidiary_stock_comp,0.061486437916755676,43,0.1569,26,3,0,1732,14,0.7777777777777778,12032,93
0.35375364668652765,1.8569494949494942,217.8,37.138989898989884,0,20,0,subsidiary_stock_comp,0.12985403090715408,42,0.1561,21,3,0,1732,18,0.9,12160,94
0.37417430696314113,1.7496969696969673,217.8,33.24424242424238,0,19,0,subsidiary_stock_comp,0.23913838466008505,42,0.1553,27,3,0,1732,16,0.8421052631578947,12288,95
0.4266646459582262,1.6161840628507276,198,29.091313131313097,0,18,0,subsidiary_stock_comp,0.12118942042191823,42,0.1545,26,3,0,1732,13,0.7222222222222222,12416,96
0.3531491772193931,1.8469545454545446,217.8,36.93909090909089,1,20,0,subsidiary_stock_comp,0.07407749195893605,42,0.1537,22,3,0,1732,18,0.9,12544,97
0.3728200371829189,1.590289001122333,217.8,28.625202020201993,1,18,0,subsidiary_stock_comp,0.05135376378893852,40,0.153,24,3,0,1732,13,0.7222222222222222,12672,98
0.34990659754930675,1.7696065922381699,217.8,33.62252525252523,0,19,0,subsidiary_stock_comp,0.011848221067339182,44,0.1522,20,3,0,1732,16,0.8421052631578947,12800,99
1.2942160140373744,0.1430523989898991,198,2.2888383838383857,0,16,0,subsidiary_stock_comp,1.1639848351478577,7,0.25,23,4,0,1733,1,0.0625,128,0
1.2575140252301935,0.7914197530864199,198.8,14.245555555555558,5,18,0,subsidiary_stock_comp,0.8759612441062927,27,0.2487,30,4,0,1733,6,0.3333333333333333,256,1
1.2345952643081546,0.5472316919191921,277,8.755707070707073,3,16,0,subsidiary_stock_comp,0.4030660390853882,34,0.2475,43,4,0,1733,1,0.0625,384,2
1.073759009304922,0.6502228163992871,239,11.053787878787881,4,17,0,subsidiary_stock_comp,0.2390022575855255,26,0.2463,30,4,0,1733,5,0.29411764705882354,512,3
1.0079415261279792,0.5936423054070114,199,10.091919191919192,4,17,0,subsidiary_stock_comp,0.37481523553530377,32,0.245,28,4,0,1733,4,0.23529411764705882,640,4
1.0317403278168058,0.9214141414141417,199,15.664040404040408,1,17,0,subsidiary_stock_comp,0.39225272337595624,33,0.2438,34,4,0,1733,7,0.4117647058823529,768,5
1.0635821742471308,0.8264927048260388,258,14.876868686868697,4,18,0,subsidiary_stock_comp,0.13407829155524573,31,0.2426,28,4,0,1733,6,0.3333333333333333,896,6
1.2568644970888272,0.9900850611376925,219,18.811616161616158,3,19,0,subsidiary_stock_comp,0.18694824477036795,42,0.2414,35,4,0,1733,8,0.42105263157894735,1024,7
1.1027063952205935,0.9540460157126827,237,17.172828282828288,5,18,0,subsidiary_stock_comp,0.21069331467151642,31,0.2402,38,4,0,1733,8,0.4444444444444444,1152,8
1.114618148552836,1.2792899584076056,257,21.747929292929296,0,17,0,subsidiary_stock_comp,0.12020295113325119,37,0.239,32,4,0,1733,9,0.5294117647058824,1280,9
1.0895092692226171,1.1737700534759357,278,19.954090909090905,2,17,0,subsidiary_stock_comp,0.16093615690867105,40,0.2378,34,4,0,1733,8,0.47058823529411764,1408,10
1.1394134021247737,1.40950558213716,199,26.78060606060604,1,19,0,subsidiary_stock_comp,0.16582103073596954,39,0.2366,34,4,0,1733,12,0.631578947368421,1536,11
1.0056717887237028,1.5145751633986926,259,25.747777777777774,1,17,0,subsidiary_stock_comp,0.053717102855443954,38,0.2354,22,4,0,1733,12,0.7058823529411765,1664,12
1.0936876623891294,1.2352323232323223,257,24.704646464646448,2,20,0,subsidiary_stock_comp,0.07219542190432549,41,0.2342,35,4,0,1733,10,0.5,1792,13
0.9734117115294794,1.6246921596921589,259,34.118535353535336,2,21,0,subsidiary_stock_comp,0.08329805235068004,45,0.2331,25,4,0,1733,16,0.7619047619047619,1920,14
0.9476760181423742,1.3860697887970608,257,30.493535353535336,4,22,0,subsidiary_stock_comp,0.06998795146743457,43,0.2319,29,4,0,1733,14,0.6363636363636364,2048,15
0.948357382483664,1.7192753623188404,259,39.54333333333333,3,23,0,subsidiary_stock_comp,0.0945257619023323,48,0.2307,25,4,0,1733,19,0.8260869565217391,2176,16
0.8965058608155232,1.411115921115921,198,29.63343434343434,4,21,0,subsidiary_stock_comp,0.0680422733227412,41,0.2296,24,4,0,1733,14,0.6666666666666666,2304,17
0.9902051982062403,1.6129124579124572,240,33.8711616161616,1,21,0,subsidiary_stock_comp,0.08480758716662724,42,0.2284,39,4,0,1733,16,0.7619047619047619,2432,18
0.7520643131865654,1.7033859427609424,259,40.88126262626262,2,24,0,subsidiary_stock_comp,-0.0003562234342098236,47,0.2273,24,4,0,1733,20,0.8333333333333334,2560,19
0.6321104201633716,1.6422916666666663,198.99,39.41499999999999,3,24,0,subsidiary_stock_comp,0.019407398998737335,42,0.2262,26,4,0,1733,20,0.8333333333333334,2688,20
0.748797106629354,1.888215488215488,259,45.31717171717171,2,24,0,subsidiary_stock_comp,0.1429013361533483,53,0.225,31,4,0,1733,22,0.9166666666666666,2816,21
0.7924751084065065,1.5296560846560836,200,32.122777777777756,1,21,0,subsidiary_stock_comp,0.07795250664154689,50,0.2239,36,4,0,1733,15,0.7142857142857143,2944,22
0.5312886788597098,1.7817413263065445,199,40.98005050505052,0,23,0,subsidiary_stock_comp,0.04242397596438726,45,0.2228,31,4,0,1733,20,0.8695652173913043,3072,23
0.4942779550838168,1.8423884680134683,257,44.21732323232324,0,24,0,subsidiary_stock_comp,0.11084069063266118,52,0.2217,20,4,0,1733,21,0.875,3200,24
0.6871447315061232,1.6542950336700335,257,39.703080808080806,2,24,0,subsidiary_stock_comp,0.0301456730812788,45,0.2206,28,4,0,1733,19,0.7916666666666666,3328,25
0.715991283661424,1.8770020202020203,217.8,46.92505050505051,1,25,0,subsidiary_stock_comp,0.3121069173018138,53,0.2195,26,4,0,1733,23,0.92,3456,26
0.6934957009070786,1.6669696969696965,217.8,38.34030303030302,1,23,0,subsidiary_stock_comp,0.10962762186924617,49,0.2184,25,4,0,1733,18,0.782608695652174,3584,27
0.6974440788762877,1.6444306703397609,257,36.17747474747474,1,22,0,subsidiary_stock_comp,0.0882856051127116,43,0.2173,30,4,0,1733,17,0.7727272727272727,3712,28
0.6318034766336496,1.6966873278236911,199,37.327121212121206,3,22,0,subsidiary_stock_comp,0.10534707456827164,45,0.2162,30,4,0,1733,18,0.8181818181818182,3840,29
0.4838746758123307,1.8001423324150592,259,39.6031313131313,0,22,0,subsidiary_stock_comp,0.0070160987476507826,44,0.2151,22,4,0,1733,19,0.8636363636363636,3968,30
0.5324331603778774,1.6871848924022834,257,38.80525252525252,2,23,0,subsidiary_stock_comp,0.0542981301744779,46,0.214,25,4,0,1733,19,0.8260869565217391,4096,31
0.7600612767801067,1.7106060606060596,219,35.92272727272725,0,21,0,subsidiary_stock_comp,0.08922246595223744,46,0.213,32,4,0,1733,17,0.8095238095238095,4224,32
0.6299484520277474,1.8599222999222995,198,48.35797979797979,1,26,0,subsidiary_stock_comp,0.0952655201156934,50,0.2119,26,4,0,1733,24,0.9230769230769231,4352,33
0.6608790653335745,1.956238383838384,257,48.9059595959596,0,25,0,subsidiary_stock_comp,0.04736411695679029,53,0.2108,25,4,0,1733,24,0.96,4480,34
0.6506473693007138,1.699350021958717,257,39.08505050505049,1,23,0,subsidiary_stock_comp,0.05700041974584261,45,0.2098,27,4,0,1733,18,0.782608695652174,4608,35
0.8258056643780947,1.7816556873078613,257,40.97808080808081,0,23,0,subsidiary_stock_comp,0.02710017499824365,44,0.2087,28,4,0,1733,20,0.8695652173913043,4736,36
0.6774426687279629,1.9108256477821697,258,43.9489898989899,1,23,0,subsidiary_stock_comp,0.12787487357854843,49,0.2077,24,4,0,1733,21,0.9130434782608695,4864,37
0.7627394981172984,1.6135397452788751,257,37.11141414141413,2,23,0,subsidiary_stock_comp,0.08407606681187947,51,0.2066,28,4,0,1733,17,0.7391304347826086,4992,38
0.6749101760542544,1.9734914361001314,259,45.39030303030302,0,23,0,subsidiary_stock_comp,0.053331099450588226,53,0.2056,23,4,0,1733,22,0.9565217391304348,5120,39
0.6269769463433477,1.822643829600352,278,41.920808080808094,0,23,0,subsidiary_stock_comp,0.04705851897597313,51,0.2046,27,4,0,1733,20,0.8695652173913043,5248,40
0.5125355150412361,1.691581027667984,198,38.90636363636363,1,23,0,subsidiary_stock_comp,0.06172760824362437,48,0.2036,22,4,0,1733,19,0.8260869565217391,5376,41
0.5655529020423273,1.6944146005509653,239,37.27712121212124,2,22,0,subsidiary_stock_comp,0.02993471206476291,48,0.2025,25,4,0,1733,17,0.7727272727272727,5504,42
0.7246538857034466,1.8834175084175084,198,45.2020202020202,1,24,0,subsidiary_stock_comp,0.04130874450008074,49,0.2015,33,4,0,1733,22,0.9166666666666666,5632,43
0.6271619879735226,1.8308769513314964,259,40.27929292929292,1,22,0,subsidiary_stock_comp,0.0790481207271417,50,0.2005,28,4,0,1733,19,0.8636363636363636,5760,44
0.7816892986193125,1.5942148760330577,257,35.07272727272727,0,22,0,subsidiary_stock_comp,0.1509885440270106,49,0.1995,38,4,0,1733,16,0.7272727272727273,5888,45
0.4766695999824151,1.8038823012736065,200,41.48929292929295,1,23,0,subsidiary_stock_comp,0.02392631520827611,47,0.1985,21,4,0,1733,20,0.8695652173913043,6016,46
0.26866983445506776,1.964821428571429,198.99,55.01500000000001,0,28,0,subsidiary_stock_comp,0.018496902659535408,58,0.1975,14,4,0,1733,27,0.9642857142857143,6144,47
0.4599757937940012,1.6767332415059684,257,36.888131313131304,0,22,0,subsidiary_stock_comp,0.23436450958251953,48,0.1965,28,4,0,1733,17,0.7727272727272727,6272,48
0.34667572275793646,1.9625543900543907,259,51.02641414141416,0,26,0,subsidiary_stock_comp,0.1125901664296786,57,0.1956,19,4,0,1733,25,0.9615384615384616,6400,49
0.3342358525042073,1.9156079311634866,217.8,51.72141414141414,0,27,0,subsidiary_stock_comp,0.059358193228642143,61,0.1946,21,4,0,1733,25,0.9259259259259259,6528,50
0.5055226069744094,1.6116056397306397,198,38.67853535353535,1,24,0,subsidiary_stock_comp,0.05140190695722898,47,0.1936,30,4,0,1733,19,0.7916666666666666,6656,51
0.37310860634897836,1.8815797979797984,217.8,47.03949494949496,0,25,0,subsidiary_stock_comp,0.028365188588698704,58,0.1926,20,4,0,1733,23,0.92,6784,52
0.40412338539317716,1.7603872053872056,257,42.249292929292935,2,24,0,subsidiary_stock_comp,0.04305943722526232,50,0.1917,24,4,0,1733,21,0.875,6912,53
0.427481802767943,1.9310878010878005,259,50.20828282828281,0,26,0,subsidiary_stock_comp,0.08123193184534709,53,0.1907,25,4,0,1733,25,0.9615384615384616,7040,54
0.5027462898942758,1.7514464646464643,217.8,43.78616161616161,1,25,0,subsidiary_stock_comp,0.06939265752832095,51,0.1898,28,4,0,1733,21,0.84,7168,55
0.5282625343552354,1.9259232323232327,277,48.14808080808082,0,25,0,subsidiary_stock_comp,0.11604264875253041,52,0.1888,26,4,0,1733,24,0.96,7296,56
0.5159090354645741,1.9084101010101007,198.99,47.710252525252514,0,25,0,subsidiary_stock_comp,0.05699847141901652,49,0.1879,27,4,0,1733,24,0.96,7424,57
0.48613197947452136,1.7416525252525252,198,43.54131313131313,0,25,0,subsidiary_stock_comp,0.039287603149811424,49,0.1869,26,4,0,1733,21,0.84,7552,58
0.39065687754464307,1.8827428127428136,198,48.95131313131316,0,26,0,subsidiary_stock_comp,0.06243866682052612,56,0.186,19,4,0,1733,24,0.9230769230769231,7680,59
0.5308181335890367,1.9328072390572384,277,46.38737373737372,0,24,0,subsidiary_stock_comp,0.1122211366891861,56,0.1851,29,4,0,1733,22,0.9166666666666666,7808,60
0.7282891401550842,1.804372895622895,257,43.30494949494948,0,24,0,subsidiary_stock_comp,0.09652329981327057,60,0.1841,36,4,0,1733,21,0.875,7936,61
0.5350980252928821,1.8859806397306398,257,45.26353535353535,0,24,0,subsidiary_stock_comp,0.04191943754752477,54,0.1832,25,4,0,1733,22,0.9166666666666666,8064,62
0.7094262066666488,1.8781334175084172,257,45.07520202020201,1,24,0,subsidiary_stock_comp,0.0678975482781728,54,0.1823,27,4,0,1733,22,0.9166666666666666,8192,63
0.5538197296609724,1.8599191919191924,257,46.49797979797981,1,25,0,subsidiary_stock_comp,0.07655080159505208,50,0.1814,21,4,0,1733,23,0.92,8320,64
0.6650923473184776,1.8320496632996637,213.6,43.96919191919193,0,24,0,subsidiary_stock_comp,0.15784674882888794,53,0.1805,31,4,0,1733,21,0.875,8448,65
0.6836761636618576,1.6792824074074073,217.8,40.30277777777778,1,24,0,subsidiary_stock_comp,0.07056249678134918,48,0.1796,28,4,0,1733,19,0.7916666666666666,8576,66
0.5505653799077663,1.7364782439782447,217.8,45.14843434343436,1,26,0,subsidiary_stock_comp,0.06600803261001904,55,0.1787,26,4,0,1733,22,0.8461538461538461,8704,67
0.5344520321177697,1.8700448933782268,198,50.49121212121212,0,27,0,subsidiary_stock_comp,0.018293950085838635,55,0.1778,19,4,0,1733,25,0.9259259259259259,8832,68
0.5227396064437926,1.8954956977179207,259,51.17838383838386,0,27,0,subsidiary_stock_comp,0.06095008800427119,57,0.1769,21,4,0,1733,25,0.9259259259259259,8960,69
0.29928478533747693,1.9181051898293282,198,55.62505050505052,1,29,0,subsidiary_stock_comp,0.012907760838667551,57,0.176,15,4,0,1733,28,0.9655172413793104,9088,70
0.45393693562436965,1.9802464646464655,217.8,49.506161616161634,0,25,0,subsidiary_stock_comp,0.05755946412682533,55,0.1751,24,4,0,1733,24,0.96,9216,71
0.32766122879911563,2.005645743145743,259,56.15808080808081,0,28,0,subsidiary_stock_comp,0.05371697371204694,57,0.1743,21,4,0,1733,28,1.0,9344,72
0.3845938847753132,1.9940759446315008,199,53.84005050505052,0,27,0,subsidiary_stock_comp,0.056764766573905945,56,0.1734,16,4,0,1733,27,1.0,9472,73
0.4683682925278845,1.9200785634118969,198,51.842121212121214,1,27,0,subsidiary_stock_comp,0.014636419403056303,53,0.1725,22,4,0,1733,26,0.9629629629629629,9600,74
0.5673334220800825,1.9663191919191922,198.99,49.157979797979806,0,25,0,subsidiary_stock_comp,0.09103855490684509,53,0.1717,26,4,0,1733,24,0.96,9728,75
0.414114205171245,1.9470689655172417,198,56.46500000000001,0,29,0,subsidiary_stock_comp,0.00965025338033835,58,0.1708,15,4,0,1733,28,0.9655172413793104,9856,76
0.5519192891679268,1.8754190048634494,217.8,50.63631313131313,0,27,0,subsidiary_stock_comp,0.16055214405059814,60,0.1699,19,4,0,1733,25,0.9259259259259259,9984,77
0.4364427860664364,1.9663961038961042,259,55.05909090909092,1,28,0,subsidiary_stock_comp,0.028734699512521427,59,0.1691,14,4,0,1733,27,0.9642857142857143,10112,78
0.6793577506605288,1.7886758893280632,219,41.139545454545456,0,23,0,subsidiary_stock_comp,0.04536676655213038,49,0.1683,24,4,0,1733,20,0.8695652173913043,10240,79
0.5708121472289349,1.7594141414141422,198,43.98535353535355,0,25,0,subsidiary_stock_comp,0.01799129011730353,51,0.1674,24,4,0,1733,21,0.84,10368,80
0.5890386983637654,1.8001052188552185,198,43.20252525252524,1,24,0,subsidiary_stock_comp,0.0394609160721302,52,0.1666,25,4,0,1733,21,0.875,10496,81
0.5905506031149343,1.8006643356643355,259,46.81727272727272,1,26,0,subsidiary_stock_comp,0.01997429256637891,52,0.1657,19,4,0,1733,23,0.8846153846153846,10624,82
0.7200881394155658,1.7684929292929297,217.8,44.21232323232324,0,25,0,subsidiary_stock_comp,0.1081911822160085,58,0.1649,20,4,0,1733,21,0.84,10752,83
0.6858486450737473,1.6595638200183649,198,36.510404040404026,2,22,0,subsidiary_stock_comp,0.3091130157311757,47,0.1641,28,4,0,1733,17,0.7727272727272727,10880,84
0.5906834659294873,1.9265678524374177,257,44.31106060606061,1,23,0,subsidiary_stock_comp,0.040898675099015236,52,0.1633,28,4,0,1733,21,0.9130434782608695,11008,85
0.5255421041069894,1.9525872359963268,259,42.95691919191919,0,22,0,subsidiary_stock_comp,0.06440409148732822,51,0.1625,28,4,0,1733,21,0.9545454545454546,11136,86
0.33933381074984936,1.8816011971567521,257,50.80323232323231,0,27,0,subsidiary_stock_comp,0.021459415555000305,57,0.1616,17,4,0,1733,25,0.9259259259259259,11264,87
0.23389075567047257,1.9975862068965522,198,57.930000000000014,0,29,0,subsidiary_stock_comp,0.013313078166296085,58,0.1608,12,4,0,1733,29,1.0,11392,88
0.41714168449516364,1.8473325851103632,257,49.877979797979805,0,27,0,subsidiary_stock_comp,0.10469747086366017,54,0.16,20,4,0,1733,24,0.8888888888888888,11520,89
0.36907362375404773,1.7976923076923075,198,46.739999999999995,1,26,0,subsidiary_stock_comp,0.08334622035423915,49,0.1592,26,4,0,1733,23,0.8846153846153846,11648,90
0.5393827928905921,1.7277140974967065,217.8,39.73742424242425,0,23,0,subsidiary_stock_comp,0.0299683374663194,53,0.1584,28,4,0,1733,19,0.8260869565217391,11776,91
0.4316848609068984,2.0101999999999993,198.99,50.25499999999999,0,25,0,subsidiary_stock_comp,0.13025187204281488,52,0.1576,21,4,0,1733,25,1.0,11904,92
0.4516604521791123,1.748789898989899,259,43.71974747474747,2,25,0,subsidiary_stock_comp,0.1192503347992897,59,0.1569,24,4,0,1733,21,0.84,12032,93
0.42880043856757766,1.9245737373737375,259,48.11434343434344,0,25,0,subsidiary_stock_comp,0.17244784533977509,55,0.1561,25,4,0,1733,23,0.92,12160,94
0.3392738981515322,2.012519640852974,257,54.3380303030303,0,27,0,subsidiary_stock_comp,0.07621944323182106,58,0.1553,20,4,0,1733,27,1.0,12288,95
0.39226234554598705,1.9641530691530695,257,51.06797979797981,1,26,0,subsidiary_stock_comp,0.021403187264998753,54,0.1545,21,4,0,1733,25,0.9615384615384616,12416,96
0.3820964357578305,1.9932142857142863,198,55.81000000000002,0,28,0,subsidiary_stock_comp,0.08198680728673935,56,0.1537,17,4,0,1733,28,1.0,12544,97
0.46353608331537544,1.8717346542346542,219,48.66510101010101,1,26,0,subsidiary_stock_comp,0.019607265169421833,53,0.153,22,4,0,1733,24,0.9230769230769231,12672,98
0.3822710058257144,1.962222222222222,217.8,52.98,0,27,0,subsidiary_stock_comp,0.02169280933837096,55,0.1522,10,4,0,1733,26,0.9629629629629629,12800,99
0.988746318151243,0.12574179292929294,160,2.011868686868687,2,16,0,subsidiary_stock_comp,1.0875399907430012,17,0.25,30,5,0,1734,0,0.0,128,0
1.162435644888319,0.616272095959596,277,9.860353535353536,2,16,0,subsidiary_stock_comp,0.37054677804311115,35,0.2487,39,5,0,1734,4,0.25,256,1
1.3610146710416302,0.09357638888888888,99.99,1.497222222222222,3,16,0,subsidiary_stock_comp,0.2614603638648987,22,0.2475,40,5,0,1734,0,0.0,384,2
1.4265023195766844,0.4221182412358887,257,7.176010101010108,4,17,0,subsidiary_stock_comp,0.16339354713757834,26,0.2463,33,5,0,1734,3,0.17647058823529413,512,3
1.2240207699942403,0.30613636363636393,160,4.898181818181823,2,16,0,subsidiary_stock_comp,0.11011400818824768,30,0.245,33,5,0,1734,0,0.0,640,4
1.4060568297281861,0.7034848484848487,258,11.25575757575758,2,16,0,subsidiary_stock_comp,0.05316770076751709,38,0.2438,33,5,0,1734,2,0.125,768,5
1.2906758561730385,0.7703060011883548,237,13.09520202020203,7,17,0,subsidiary_stock_comp,0.12519225478172302,34,0.2426,27,5,0,1734,3,0.17647058823529413,896,6
1.1059454989153892,0.7817992424242428,257,12.508787878787885,3,16,0,subsidiary_stock_comp,0.068269448975722,36,0.2414,30,5,0,1734,3,0.1875,1024,7
1.087696018978022,0.9730366161616166,277,15.568585858585866,3,16,0,subsidiary_stock_comp,0.0777544341981411,38,0.2402,28,5,0,1734,4,0.25,1152,8
1.2686446438892744,0.7952272727272733,257,12.723636363636373,1,16,0,subsidiary_stock_comp,0.18125401933987936,33,0.239,34,5,0,1734,3,0.1875,1280,9
1.18379568005912,0.7756376262626268,240,12.410202020202028,1,16,0,subsidiary_stock_comp,0.04021082694331805,38,0.2378,27,5,0,1734,3,0.1875,1408,10
1.288800722337328,0.6752762923351163,219,11.479696969696978,3,17,0,subsidiary_stock_comp,0.09447107464075089,42,0.2366,25,5,0,1734,3,0.17647058823529413,1536,11
1.2645707945921458,0.8504664289958415,257,14.457929292929306,3,17,0,subsidiary_stock_comp,0.060631626596053444,34,0.2354,41,5,0,1734,5,0.29411764705882354,1664,12
1.1549702737829648,1.469180035650623,278,24.976060606060592,0,17,0,subsidiary_stock_comp,0.1535379042228063,43,0.2342,31,5,0,1734,11,0.6470588235294118,1792,13
1.0891281010117382,1.3829068462401786,277,24.892323232323214,2,18,0,subsidiary_stock_comp,0.11996651689211528,35,0.2331,28,5,0,1734,11,0.6111111111111112,1920,14
1.1847580096800812,1.095656565656566,215.3,19.72181818181819,2,18,0,subsidiary_stock_comp,0.32604659100373584,34,0.2319,37,5,0,1734,8,0.4444444444444444,2048,15
1.115577372489497,1.4611824123588812,259,24.84010101010098,2,17,0,subsidiary_stock_comp,0.17965001861254373,40,0.2307,27,5,0,1734,11,0.6470588235294118,2176,16
1.1760443969396874,1.2326430976430973,237,22.18757575757575,3,18,0,subsidiary_stock_comp,0.096623412022988,34,0.2296,27,5,0,1734,10,0.5555555555555556,2304,17
1.0821613655425608,1.6811812570145885,257,30.261262626262592,1,18,0,subsidiary_stock_comp,0.03280282331009706,38,0.2284,24,5,0,1734,14,0.7777777777777778,2432,18
1.268517084652558,1.2438047138047135,259,22.388484848484843,1,18,0,subsidiary_stock_comp,0.21128813922405243,34,0.2273,23,5,0,1734,10,0.5555555555555556,2560,19
1.1659318432211876,1.5598347107438002,217.8,34.316363636363604,2,22,0,subsidiary_stock_comp,0.2844249904155731,42,0.2262,29,5,0,1734,17,0.7727272727272727,2688,20
0.9561130404472351,1.6940620490620488,240,35.575303030303026,1,21,0,subsidiary_stock_comp,0.005742459868391355,44,0.225,27,5,0,1734,17,0.8095238095238095,2816,21
0.9211659292050172,1.4291759702286002,219,27.154343434343403,2,19,0,subsidiary_stock_comp,0.08747121319174767,36,0.2239,32,5,0,1734,13,0.6842105263157895,2944,22
0.9573380089132115,1.608080808080806,277,28.94545454545451,1,18,0,subsidiary_stock_comp,0.041788145899772644,42,0.2228,28,5,0,1734,13,0.7222222222222222,3072,23
0.8749249423854053,1.7203559403559399,277,36.127474747474736,1,21,0,subsidiary_stock_comp,0.0790494866669178,46,0.2217,25,5,0,1734,17,0.8095238095238095,3200,24
0.9184729625994805,1.8611111111111105,278,39.08333333333332,1,21,0,subsidiary_stock_comp,-0.0074024007966121035,44,0.2206,26,5,0,1734,19,0.9047619047619048,3328,25
0.7877198065834818,1.7836231884057971,198,41.02333333333333,0,23,0,subsidiary_stock_comp,0.03948471943537394,47,0.2195,17,5,0,1734,20,0.8695652173913043,3456,26
0.8903910618100781,1.7655892255892252,217.8,42.374141414141405,2,24,0,subsidiary_stock_comp,0.216015155116717,47,0.2184,24,5,0,1734,21,0.875,3584,27
0.8497331487451447,1.705197811447812,198,40.924747474747484,1,24,0,subsidiary_stock_comp,0.07556060204903285,49,0.2173,34,5,0,1734,20,0.8333333333333334,3712,28
0.6762529130792245,1.9714267676767674,259,47.314242424242416,0,24,0,subsidiary_stock_comp,0.05134327461322149,53,0.2162,22,5,0,1734,23,0.9583333333333334,3840,29
0.7457022610178683,1.7909696969696969,259,44.77424242424242,0,25,0,subsidiary_stock_comp,0.06934508308768272,61,0.2151,26,5,0,1734,21,0.84,3968,30
0.7725091898755636,1.492191480017567,217.8,34.32040404040404,2,23,0,subsidiary_stock_comp,0.15608341495196024,47,0.214,29,5,0,1734,16,0.6956521739130435,4096,31
0.7184776487411,1.7180632411067194,259,39.515454545454546,2,23,0,subsidiary_stock_comp,0.10747273763020833,52,0.213,30,5,0,1734,19,0.8260869565217391,4224,32
0.8675599054840859,1.6594398530762162,259,36.507676767676756,0,22,0,subsidiary_stock_comp,0.09171159317096074,50,0.2119,31,5,0,1734,17,0.7727272727272727,4352,33
0.5966722352022771,1.7991272727272727,257,44.97818181818182,1,25,0,subsidiary_stock_comp,0.03611790637175242,49,0.2108,23,5,0,1734,22,0.88,4480,34
0.5787222358922008,1.787940771349862,219,39.334696969696964,1,22,0,subsidiary_stock_comp,0.05640736718972524,54,0.2098,25,5,0,1734,18,0.8181818181818182,4608,35
0.7604253776953556,1.8402371541501987,259,42.32545454545457,0,23,0,subsidiary_stock_comp,0.062251427521308265,48,0.2087,24,5,0,1734,20,0.8695652173913043,4736,36
0.7608092145455885,1.85818401405358,259,42.73823232323234,0,23,0,subsidiary_stock_comp,0.14495258033275604,47,0.2077,26,5,0,1734,21,0.9130434782608695,4864,37
0.8071986275172094,1.7508036890645584,198,40.268484848484846,2,23,0,subsidiary_stock_comp,0.18987716237703958,49,0.2066,25,5,0,1734,19,0.8260869565217391,4992,38
0.8250472510771942,1.35170653907496,217.8,25.68242424242424,1,19,0,subsidiary_stock_comp,0.13378912210464478,38,0.2056,33,5,0,1734,11,0.5789473684210527,5120,39
0.7849270770821022,1.492192378328742,217.8,32.82823232323233,4,22,0,subsidiary_stock_comp,0.20804263651371002,45,0.2046,25,5,0,1734,15,0.6818181818181818,5248,40
0.8383960888095316,1.6289210284664828,217.8,35.836262626262624,1,22,0,subsidiary_stock_comp,0.020995857194066048,46,0.2036,22,5,0,1734,17,0.7727272727272727,5376,41
0.7110583514513564,1.7894605142332412,278,39.36813131313131,1,22,0,subsidiary_stock_comp,0.18138072391351065,45,0.2025,23,5,0,1734,19,0.8636363636363636,5504,42
0.8197697683935985,1.4784494949494937,219,29.568989898989877,1,20,0,subsidiary_stock_comp,0.09711401164531708,37,0.2015,36,5,0,1734,14,0.7,5632,43
0.6786001934742671,1.4479368686868679,219,28.958737373737357,1,20,0,subsidiary_stock_comp,0.050947057704130806,43,0.2005,32,5,0,1734,12,0.6,5760,44
0.6284239022461406,1.7014430014430015,219,35.730303030303034,1,21,0,subsidiary_stock_comp,0.0968787744641304,44,0.1995,30,5,0,1734,17,0.8095238095238095,5888,45
0.8118746534710226,1.7430656565656548,277,34.861313131313096,1,20,0,subsidiary_stock_comp,0.07341195891300838,42,0.1985,34,5,0,1734,17,0.85,6016,46
0.5227330069501477,1.8024444444444443,277,45.06111111111111,1,25,0,subsidiary_stock_comp,0.06639271974563599,49,0.1975,19,5,0,1734,22,0.88,6144,47
0.5269465488581773,1.7192885375494078,257,39.54363636363638,1,23,0,subsidiary_stock_comp,0.12906341503063837,53,0.1965,25,5,0,1734,18,0.782608695652174,6272,48
0.5393821028701495,1.8822525252525246,277,47.05631313131312,1,25,0,subsidiary_stock_comp,0.12579760452111563,53,0.1956,27,5,0,1734,23,0.92,6400,49
0.5271011820204876,1.7352832674571794,198,39.911515151515125,0,23,0,subsidiary_stock_comp,0.07531125502039988,49,0.1946,27,5,0,1734,19,0.8260869565217391,6528,50
0.4613012740192062,1.891676379176379,198,49.18358585858586,0,26,0,subsidiary_stock_comp,0.12734796106815338,56,0.1936,24,5,0,1734,24,0.9230769230769231,6656,51
0.38001518507462606,1.9368848484848484,219,48.42212121212121,1,25,0,subsidiary_stock_comp,0.20028630395730337,52,0.1926,21,5,0,1734,24,0.96,6784,52
0.6361290737359013,1.6756829161176992,259,38.54070707070708,0,23,0,subsidiary_stock_comp,0.051205878456433616,55,0.1917,30,5,0,1734,18,0.782608695652174,6912,53
0.48250766212186136,1.8869777777777788,198,47.17444444444447,0,25,0,subsidiary_stock_comp,0.06748997668425243,53,0.1907,21,5,0,1734,23,0.92,7040,54
0.4700922364972939,1.9009995791245788,277,45.62398989898989,1,24,0,subsidiary_stock_comp,0.11112864812215169,51,0.1898,23,5,0,1734,22,0.9166666666666666,7168,55
0.6416677902889205,1.9183487044356604,277,44.12202020202019,0,23,0,subsidiary_stock_comp,0.16598947842915854,50,0.1888,30,5,0,1734,21,0.9130434782608695,7296,56
0.6010097969528942,1.9972919672919671,277,41.94313131313131,0,21,0,subsidiary_stock_comp,0.15536915759245554,47,0.1879,26,5,0,1734,20,0.9523809523809523,7424,57
0.5358690556058718,1.7761880711880704,278,37.29994949494948,1,21,0,subsidiary_stock_comp,0.026657962550719578,49,0.1869,24,5,0,1734,17,0.8095238095238095,7552,58
0.48981073206232395,1.8817610891523942,278,43.28050505050506,0,23,0,subsidiary_stock_comp,0.03852356287340323,55,0.186,19,5,0,1734,20,0.8695652173913043,7680,59
0.6353449150619781,1.9336948431685266,278,36.740202020202005,0,19,0,subsidiary_stock_comp,0.28391796350479126,49,0.1851,24,5,0,1734,16,0.8421052631578947,7808,60
0.6382787267139065,1.9170122275385424,278,36.423232323232305,0,19,0,subsidiary_stock_comp,0.05500939736763636,47,0.1841,24,5,0,1734,16,0.8421052631578947,7936,61
0.6324951661281375,1.9566072489601893,278,33.26232323232322,0,17,0,subsidiary_stock_comp,0.06642128278811772,46,0.1832,24,5,0,1734,14,0.8235294117647058,8064,62
0.5462463660587673,1.8090858585858574,278,36.181717171717146,0,20,0,subsidiary_stock_comp,0.07574849327405293,46,0.1823,17,5,0,1734,16,0.8,8192,63
0.7364682465158694,1.859861775651249,278,35.33737373737373,0,19,0,subsidiary_stock_comp,0.08238276342550914,49,0.1814,24,5,0,1734,15,0.7894736842105263,8320,64
0.5773731095614494,2.0055651755651756,277,42.116868686868685,0,21,0,subsidiary_stock_comp,0.041776018217206,50,0.1805,24,5,0,1734,20,0.9523809523809523,8448,65
0.5339591099618701,1.9893728956228953,277,47.74494949494949,0,24,0,subsidiary_stock_comp,0.04447424908479055,51,0.1796,17,5,0,1734,23,0.9583333333333334,8576,66
0.5682962902355939,1.8786772486772474,278,39.4522222222222,0,21,0,subsidiary_stock_comp,0.0661030833919843,48,0.1787,18,5,0,1734,18,0.8571428571428571,8704,67
0.616449089240632,1.9031620553359687,277,43.77272727272728,0,23,0,subsidiary_stock_comp,0.09232077995936076,51,0.1778,19,5,0,1734,21,0.9130434782608695,8832,68
0.5560919494600967,2.0062601010101004,278,40.12520202020201,0,20,0,subsidiary_stock_comp,0.08918488025665283,51,0.1769,21,5,0,1734,18,0.9,8960,69
0.5848891385830939,2.0136111111111115,277,40.272222222222226,0,20,0,subsidiary_stock_comp,0.13327294091383615,48,0.176,20,5,0,1734,19,0.95,9088,70
0.7277125863183755,1.8430246913580224,277,33.174444444444404,1,18,0,subsidiary_stock_comp,0.055703792721033096,43,0.1751,29,5,0,1734,15,0.8333333333333334,9216,71
0.6562523539905669,1.7767732884399536,277,31.981919191919165,0,18,0,subsidiary_stock_comp,0.0390581792841355,42,0.1743,24,5,0,1734,14,0.7777777777777778,9344,72
0.7068300244645798,1.7530622009569377,277,33.308181818181815,1,19,0,subsidiary_stock_comp,0.14554154872894287,43,0.1734,22,5,0,1734,15,0.7894736842105263,9472,73
0.5943447742465651,2.1155874534821897,259,40.1961616161616,0,19,0,subsidiary_stock_comp,0.06237971410155296,49,0.1725,14,5,0,1734,19,1.0,9600,74
0.7517070930334739,1.505917508417508,277,27.106515151515143,0,18,0,subsidiary_stock_comp,0.14810997868577638,47,0.1717,34,5,0,1734,11,0.6111111111111112,9728,75
0.8055573755409569,1.698123338649653,277,32.26434343434341,0,19,0,subsidiary_stock_comp,0.059691473841667175,49,0.1708,24,5,0,1734,14,0.7368421052631579,9856,76
0.6360067929490469,1.9414967860422407,277,42.712929292929296,0,22,0,subsidiary_stock_comp,0.04045479620496432,50,0.1699,20,5,0,1734,20,0.9090909090909091,9984,77
0.5409990957887203,1.9122880983750554,277,43.982626262626276,0,23,0,subsidiary_stock_comp,0.04915451258420944,56,0.1691,16,5,0,1734,21,0.9130434782608695,10112,78
0.51273839679925,1.9378872053872067,277,46.50929292929296,1,24,0,subsidiary_stock_comp,-0.0004249044383565585,55,0.1683,16,5,0,1734,22,0.9166666666666666,10240,79
0.5388097547620418,1.8915737373737378,278,47.289343434343444,0,25,0,subsidiary_stock_comp,0.030693285167217255,55,0.1674,24,5,0,1734,23,0.92,10368,80
0.6368564001168124,1.7431649831649838,237,36.60646464646466,0,21,0,subsidiary_stock_comp,0.11013666292031606,49,0.1666,29,5,0,1734,17,0.8095238095238095,10496,81
0.5128191359544871,1.9118181818181812,277,42.05999999999999,1,22,0,subsidiary_stock_comp,0.02431576947371165,48,0.1657,15,5,0,1734,20,0.9090909090909091,10624,82
0.5568831665514153,1.9122607022607017,278,40.15747474747474,1,21,0,subsidiary_stock_comp,0.06504901374379794,50,0.1649,21,5,0,1734,19,0.9047619047619048,10752,83
0.5253135123894026,1.9648232323232322,278,39.29646464646464,0,20,0,subsidiary_stock_comp,0.02260943998893102,51,0.1641,20,5,0,1734,18,0.9,10880,84
0.43137247965933057,1.885112233445565,277,33.93202020202017,0,18,0,subsidiary_stock_comp,0.05631247783700625,48,0.1633,16,5,0,1734,14,0.7777777777777778,11008,85
0.39785633511019114,2.041950056116722,278,36.755101010100994,1,18,0,subsidiary_stock_comp,0.008414150526126226,47,0.1625,18,5,0,1734,16,0.8888888888888888,11136,86
0.5277595618244959,2.0386083052749706,277,36.69494949494947,0,18,0,subsidiary_stock_comp,0.01923815223077933,49,0.1616,19,5,0,1734,16,0.8888888888888888,11264,87
0.3883481823868351,2.032007026789635,277,46.73616161616161,0,23,0,subsidiary_stock_comp,0.068661334613959,54,0.1608,15,5,0,1734,22,0.9565217391304348,11392,88
0.452417482585588,2.0754683195592283,277,45.66030303030302,0,22,0,subsidiary_stock_comp,0.007506916920344035,56,0.16,19,5,0,1734,21,0.9545454545454546,11520,89
0.5147738811974705,1.925877825877825,277,40.443434343434326,0,21,0,subsidiary_stock_comp,0.02547840525706609,53,0.1592,21,5,0,1734,18,0.8571428571428571,11648,90
0.49002085756728775,1.7459159779614326,257,38.41015151515152,2,22,0,subsidiary_stock_comp,0.041415441781282425,49,0.1584,24,5,0,1734,18,0.8181818181818182,11776,91
0.6123177132176352,1.8711248852157938,277,41.164747474747465,0,22,0,subsidiary_stock_comp,0.07156880820790927,54,0.1576,29,5,0,1734,19,0.8636363636363636,11904,92
0.42757284279832675,1.9407897153351703,278,42.697373737373745,0,22,0,subsidiary_stock_comp,0.015398643290003141,53,0.1569,22,5,0,1734,20,0.9090909090909091,12032,93
0.34925068545953764,2.088894205209994,278,39.68898989898989,1,19,0,subsidiary_stock_comp,0.07111424456040065,48,0.1561,17,5,0,1734,18,0.9473684210526315,12160,94
0.32240167961936095,2.1414354066985637,278,40.68727272727271,0,19,0,subsidiary_stock_comp,0.0631472294529279,49,0.1553,17,5,0,1734,18,0.9473684210526315,12288,95
0.5240056961274604,1.9875460487225187,278,33.78828282828282,0,17,0,subsidiary_stock_comp,0.11660505086183548,50,0.1545,26,5,0,1734,14,0.8235294117647058,12416,96
0.37355647392814717,2.1425533108866435,277,38.56595959595958,0,18,0,subsidiary_stock_comp,0.06420056521892548,49,0.1537,19,5,0,1734,16,0.8888888888888888,12544,97
0.3734003457793733,2.128439955106622,278,38.311919191919195,0,18,0,subsidiary_stock_comp,0.03315610686937968,48,0.153,21,5,0,1734,17,0.9444444444444444,12672,98
0.3341858064286498,2.0277890011223336,278,36.500202020202,0,18,0,subsidiary_stock_comp,0.060299597680568695,47,0.1522,20,5,0,1734,16,0.8888888888888888,12800,99
1.2693035624106415,-0.11379679144385035,160,-1.934545454545456,8,17,0,subsidiary_stock_comp,0.8506548901398977,8,0.25,30,6,0,1735,0,0.0,128,0
1.6645752624608576,-0.03625000000000002,0,-0.5800000000000003,0,16,0,subsidiary_stock_comp,0.7729758024215698,0,0.2487,28,6,0,1735,0,0.0,256,1
1.635314512590412,0.016123737373737373,158,0.257979797979798,1,16,0,subsidiary_stock_comp,0.35602469245592755,2,0.2475,34,6,0,1735,0,0.0,384,2
1.8347599797416478,-0.009981060606060611,80,-0.15969696969696978,0,16,0,subsidiary_stock_comp,0.29180316130320233,7,0.2463,33,6,0,1735,0,0.0,512,3
1.8004638985730708,0.1187247474747475,160,1.89959595959596,2,16,0,subsidiary_stock_comp,0.24984955787658691,15,0.245,36,6,0,1735,0,0.0,640,4
1.8122546882368624,0.014015151515151508,160,0.22424242424242413,1,16,1,subsidiary_stock_comp,0.14798766622940698,7,0.2438,35,6,0,1735,0,0.0,768,5
1.7833295431919396,0.3110542929292932,198,4.976868686868691,2,16,0,subsidiary_stock_comp,0.1249543031056722,20,0.2426,34,6,0,1735,1,0.0625,896,6
1.7516555455513299,0.3336125965537732,198,5.671414141414144,3,17,0,subsidiary_stock_comp,0.10217630366484325,25,0.2414,41,6,0,1735,1,0.058823529411764705,1024,7
1.7309280172921717,0.41186237373737417,200,6.589797979797987,1,16,0,subsidiary_stock_comp,0.20062636584043503,21,0.2402,31,6,0,1735,2,0.125,1152,8
1.2846182739012875,0.3206743909685088,198,5.4514646464646495,5,17,0,subsidiary_stock_comp,0.146886537472407,36,0.239,33,6,0,1735,1,0.058823529411764705,1280,9
1.2005335872527212,0.5088829471182414,207.4,8.651010101010105,2,17,0,subsidiary_stock_comp,0.07678901652495067,40,0.2378,29,6,0,1735,2,0.11764705882352941,1408,10
1.0649630278348923,0.5851158645276295,198,9.946969696969703,4,17,0,subsidiary_stock_comp,0.05945785467823347,30,0.2366,25,6,0,1735,3,0.17647058823529413,1536,11
1.1840416884515435,0.8524955436720145,198,14.492424242424248,2,17,0,subsidiary_stock_comp,0.06328839684526126,26,0.2354,26,6,0,1735,6,0.35294117647058826,1664,12
0.9859947914083023,1.0043248272195642,198,19.08217171717172,2,19,0,subsidiary_stock_comp,0.1037306934595108,24,0.2342,29,6,0,1735,9,0.47368421052631576,1792,13
0.8927601453906391,1.5665977961432496,198,34.46515151515149,1,22,0,subsidiary_stock_comp,0.07184859613577525,36,0.2331,30,6,0,1735,17,0.7727272727272727,1920,14
0.830822959105717,1.5426430976430967,198,32.39550505050503,0,21,0,subsidiary_stock_comp,0.08497720956802368,44,0.2319,34,6,0,1735,15,0.7142857142857143,2048,15
0.6835709527076688,1.6303259871441689,198,35.867171717171715,2,22,0,subsidiary_stock_comp,0.09137213975191116,40,0.2307,26,6,0,1735,18,0.8181818181818182,2176,16
0.7472725337574957,1.5166281866281863,277,31.849191919191913,0,21,0,subsidiary_stock_comp,0.11563127487897873,59,0.2296,28,6,0,1735,14,0.6666666666666666,2304,17
0.6351330065372167,1.7285762385762387,210,36.30010101010101,1,21,0,subsidiary_stock_comp,0.0625432866315047,42,0.2284,20,6,0,1735,18,0.8571428571428571,2432,18
0.7659553477933514,1.5547979797979798,259,34.205555555555556,2,22,0,subsidiary_stock_comp,0.1295283610622088,42,0.2273,28,6,0,1735,17,0.7727272727272727,2560,19
0.8149953409265436,1.6087662337662334,277,33.7840909090909,1,21,0,subsidiary_stock_comp,0.015287147214015325,38,0.2262,31,6,0,1735,16,0.7619047619047619,2688,20
0.6925168872548966,1.5861547291092741,198,34.89540404040403,2,22,0,subsidiary_stock_comp,0.0811231459180514,47,0.225,28,6,0,1735,16,0.7272727272727273,2816,21
0.6180458034532421,1.6751515151515146,217.8,38.52848484848484,3,23,0,subsidiary_stock_comp,0.0968581959605217,46,0.2239,24,6,0,1735,19,0.8260869565217391,2944,22
0.6175630391853701,1.690654040404039,257,33.813080808080784,1,20,0,subsidiary_stock_comp,0.1646657089392344,40,0.2228,23,6,0,1735,16,0.8,3072,23
0.7252141064309399,1.7054545454545453,198,37.519999999999996,0,22,0,subsidiary_stock_comp,0.11805573602517445,41,0.2217,27,6,0,1735,18,0.8181818181818182,3200,24
0.7468254835712287,1.4082539682539679,198,29.573333333333323,0,21,0,subsidiary_stock_comp,0.07945162057876587,33,0.2206,31,6,0,1735,14,0.6666666666666666,3328,25
0.6835717477661092,1.682173913043478,217.8,38.69,1,23,0,subsidiary_stock_comp,0.016067498673995335,41,0.2195,23,6,0,1735,19,0.8260869565217391,3456,26
0.6513534775767766,1.3513751147842052,213.6,29.730252525252514,4,22,0,subsidiary_stock_comp,0.06738973781466484,44,0.2184,23,6,0,1735,14,0.6363636363636364,3584,27
0.7215991550256149,1.922032828282828,213.6,46.128787878787875,1,24,0,subsidiary_stock_comp,0.30357449253400165,50,0.2173,31,6,0,1735,23,0.9583333333333334,3712,28
0.5234859711490571,1.7511342592592587,198.99,42.02722222222221,0,24,0,subsidiary_stock_comp,0.07289477189381917,47,0.2162,24,6,0,1735,20,0.8333333333333334,3840,29
0.5678025510460429,1.855010979358806,259,42.66525252525254,1,23,0,subsidiary_stock_comp,0.167342538634936,48,0.2151,31,6,0,1735,21,0.9130434782608695,3968,30
0.6232961709611118,1.7894146005509646,219,39.36712121212122,1,22,0,subsidiary_stock_comp,0.06600117062528928,46,0.214,25,6,0,1735,19,0.8636363636363636,4096,31
0.5976056123818125,1.776181379007466,198,40.85217171717172,1,23,0,subsidiary_stock_comp,0.06587117289503415,46,0.213,28,6,0,1735,20,0.8695652173913043,4224,32
0.5355486098906113,1.5852571166207525,257,34.875656565656556,1,22,0,subsidiary_stock_comp,0.09252952908476193,48,0.2119,24,6,0,1735,16,0.7272727272727273,4352,33
0.49166136194980936,1.8604000000000003,198,46.510000000000005,0,25,0,subsidiary_stock_comp,0.045069415122270584,48,0.2108,26,6,0,1735,23,0.92,4480,34
0.44502524335621274,1.8974786324786328,198,49.33444444444445,0,26,0,subsidiary_stock_comp,0.1414518766105175,56,0.2098,24,6,0,1735,24,0.9230769230769231,4608,35
0.5379065913275554,1.7092626262626256,217.8,42.73156565656564,2,25,0,subsidiary_stock_comp,0.1147128517429034,52,0.2087,29,6,0,1735,21,0.84,4736,36
0.5990529765776955,1.7463209013209011,198,45.40434343434343,2,26,0,subsidiary_stock_comp,0.11671661088864009,52,0.2077,30,6,0,1735,22,0.8461538461538461,4864,37
0.653645097703702,1.856859504132232,277,40.850909090909106,0,22,0,subsidiary_stock_comp,0.07845176259676616,51,0.2066,28,6,0,1735,19,0.8636363636363636,4992,38
0.5189908239399301,1.909784205693297,257,42.015252525252535,0,22,0,subsidiary_stock_comp,0.0687059685587883,50,0.2056,27,6,0,1735,20,0.9090909090909091,5120,39
0.5135584886156721,1.689564393939394,257,40.54954545454546,2,24,0,subsidiary_stock_comp,0.13249441981315613,53,0.2046,24,6,0,1735,19,0.7916666666666666,5248,40
0.5541062506508752,1.9386271808999092,219,42.649797979798,0,22,0,subsidiary_stock_comp,0.11133695393800735,53,0.2036,25,6,0,1735,21,0.9545454545454546,5376,41
0.49022284002694505,1.9358545454545453,198,48.39636363636363,0,25,0,subsidiary_stock_comp,0.11105604966481526,52,0.2025,18,6,0,1735,24,0.96,5504,42
0.5366274462785441,1.884915824915825,217.8,45.237979797979804,0,24,0,subsidiary_stock_comp,0.06297324349482854,48,0.2015,26,6,0,1735,22,0.9166666666666666,5632,43
0.5945367973472457,1.708457491582492,257,41.002979797979805,3,24,0,subsidiary_stock_comp,0.11654261002937953,46,0.2005,27,6,0,1735,20,0.8333333333333334,5760,44
0.6431549818380518,1.6573737373737365,198,36.4622222222222,0,22,0,subsidiary_stock_comp,0.11722121636072795,49,0.1995,31,6,0,1735,17,0.7727272727272727,5888,45
0.462044900014007,1.9277083333333342,198,46.26500000000002,0,24,0,subsidiary_stock_comp,0.03167710267007351,48,0.1985,18,6,0,1735,23,0.9583333333333334,6016,46
0.7142022804946464,1.5922486772486768,199,33.43722222222221,2,21,0,subsidiary_stock_comp,0.07074929401278496,40,0.1975,30,6,0,1735,16,0.7619047619047619,6144,47
0.6670141072090701,1.8651163812033373,257,42.89767676767676,0,23,0,subsidiary_stock_comp,0.09901946783065796,53,0.1965,28,6,0,1735,21,0.9130434782608695,6272,48
0.6185869418095535,1.7045615243342505,219,37.50035353535351,1,22,0,subsidiary_stock_comp,0.10209640363852183,44,0.1956,32,6,0,1735,18,0.8181818181818182,6400,49
0.38675219955803186,1.870521212121212,217.8,46.7630303030303,0,25,0,subsidiary_stock_comp,0.07838856677214305,50,0.1946,21,6,0,1735,23,0.92,6528,50
0.5728793293455965,1.6847819100091834,198.99,37.06520202020204,0,22,0,subsidiary_stock_comp,0.11352426807085673,59,0.1936,23,6,0,1735,17,0.7727272727272727,6656,51
0.42907903645027545,1.8771014492753622,240,43.17333333333333,0,23,0,subsidiary_stock_comp,0.07257835442821185,48,0.1926,20,6,0,1735,21,0.9130434782608695,6784,52
0.3520939416175679,1.9542000000000002,198.99,48.855000000000004,0,25,0,subsidiary_stock_comp,0.07635088637471199,51,0.1917,18,6,0,1735,24,0.96,6912,53
0.36328790793140797,1.8429059829059835,198,47.91555555555557,0,26,0,subsidiary_stock_comp,0.055346829195817314,57,0.1907,17,6,0,1735,23,0.8846153846153846,7040,54
0.40439684103921536,1.839832323232324,217.8,45.9958080808081,1,25,0,subsidiary_stock_comp,0.06818123161792755,61,0.1898,20,6,0,1735,22,0.88,7168,55
0.5527885978349332,1.7947589531680441,217.8,39.48469696969697,0,22,0,subsidiary_stock_comp,0.0720955307284991,53,0.1888,27,6,0,1735,19,0.8636363636363636,7296,56
0.5398310630686183,1.7000780532598705,277,37.40171717171715,0,22,0,subsidiary_stock_comp,0.06463957577943802,48,0.1879,26,6,0,1735,18,0.8181818181818182,7424,57
0.5568909282258119,1.76498163452709,240,38.82959595959598,1,22,0,subsidiary_stock_comp,0.10296749571959178,50,0.1869,23,6,0,1735,19,0.8636363636363636,7552,58
0.5094743769785737,1.6923140495867763,198,37.23090909090908,0,22,0,subsidiary_stock_comp,0.014539099919299284,48,0.186,22,6,0,1735,18,0.8181818181818182,7680,59
0.6162547735405042,1.7756323232323237,199,44.39080808080809,0,25,0,subsidiary_stock_comp,0.09013126293818156,58,0.1851,27,6,0,1735,22,0.88,7808,60
0.5119501788494745,1.7637584175084176,198,42.33020202020202,2,24,0,subsidiary_stock_comp,0.18039579689502716,45,0.1841,27,6,0,1735,21,0.875,7936,61
0.5977177755779621,1.961958218549128,198.8,43.163080808080814,0,22,0,subsidiary_stock_comp,0.0988760565718015,49,0.1832,33,6,0,1735,21,0.9545454545454546,8064,62
0.4450510741068001,1.9251010101010104,217.8,46.20242424242425,0,24,0,subsidiary_stock_comp,0.06032894427577654,52,0.1823,21,6,0,1735,23,0.9583333333333334,8192,63
0.5996115530067527,1.8875528007346192,259,41.52616161616162,1,22,0,subsidiary_stock_comp,0.027218215477963287,50,0.1814,25,6,0,1735,20,0.9090909090909091,8320,64
0.45569570250688685,1.939123232323233,259,48.478080808080826,1,25,0,subsidiary_stock_comp,0.02416320238262415,52,0.1805,24,6,0,1735,24,0.96,8448,65
0.35883346355058165,2.009005439005439,259,52.23414141414141,0,26,0,subsidiary_stock_comp,-0.009458393168946108,55,0.1796,13,6,0,1735,26,1.0,8576,66
0.3483707513369154,1.9459259259259265,217.8,52.54000000000001,0,27,0,subsidiary_stock_comp,0.06029172862569491,54,0.1787,19,6,0,1735,26,0.9629629629629629,8704,67
0.3779748473351674,1.9481212121212121,257,48.7030303030303,0,25,0,subsidiary_stock_comp,0.0814898709456126,51,0.1778,20,6,0,1735,24,0.96,8832,68
0.5519972072188466,1.5480591630591627,259,32.509242424242416,1,21,0,subsidiary_stock_comp,0.06796221186717351,54,0.1769,29,6,0,1735,15,0.7142857142857143,8960,69
0.3945079448768638,1.8529616161616165,257,46.32404040404041,2,25,0,subsidiary_stock_comp,0.11040359735488892,51,0.176,20,6,0,1735,23,0.92,9088,70
0.3592190835151996,1.9316666666666669,198,52.15500000000001,1,27,0,subsidiary_stock_comp,0.07064212361971538,54,0.1751,21,6,0,1735,26,0.9629629629629629,9216,71
0.6358974183556256,1.7735497835497835,239,37.24454545454545,0,21,0,subsidiary_stock_comp,0.0781125749150912,46,0.1743,35,6,0,1735,18,0.8571428571428571,9344,72
0.35149420948141596,1.839050505050505,257,45.976262626262624,1,25,0,subsidiary_stock_comp,0.05243715023001035,53,0.1734,20,6,0,1735,22,0.88,9472,73
0.39148465141011,1.9373076923076922,198,50.37,0,26,0,subsidiary_stock_comp,0.140325794617335,51,0.1725,25,6,0,1735,25,0.9615384615384616,9600,74
0.5793991593327519,1.7941125541125535,278,37.676363636363625,1,21,0,subsidiary_stock_comp,0.11314678440491359,46,0.1717,32,6,0,1735,18,0.8571428571428571,9728,75
0.5417910395876788,1.6240909090909077,198,35.72999999999997,0,22,0,subsidiary_stock_comp,0.13589912901322046,49,0.1708,29,6,0,1735,17,0.7727272727272727,9856,76
0.36868629076343495,1.956538461538462,198,50.87000000000001,0,26,0,subsidiary_stock_comp,0.027527377009391785,52,0.1699,19,6,0,1735,25,0.9615384615384616,9984,77
0.3686946327688929,1.9383757575757574,259,48.459393939393934,0,25,0,subsidiary_stock_comp,0.05009301627675692,57,0.1691,22,6,0,1735,24,0.96,10112,78
0.36438802269958614,2.0023970473970474,219,52.06232323232323,0,26,0,subsidiary_stock_comp,0.08543301373720169,58,0.1683,22,6,0,1735,26,1.0,10240,79
0.4639266631775172,1.8012184343434343,257,43.22924242424242,2,24,0,subsidiary_stock_comp,0.013108896091580391,51,0.1674,23,6,0,1735,21,0.875,10368,80
0.5334134657209688,1.9568423364075533,259,45.007373737373726,0,23,0,subsidiary_stock_comp,0.04470562686522802,49,0.1666,29,6,0,1735,22,0.9565217391304348,10496,81
0.455518225605374,1.8908300395256916,198,43.489090909090905,1,23,0,subsidiary_stock_comp,0.07627999285856883,49,0.1657,24,6,0,1735,21,0.9130434782608695,10624,82
0.49644023740756893,1.799939393939394,198,44.99848484848485,1,25,0,subsidiary_stock_comp,0.094933087627093,55,0.1649,22,6,0,1735,22,0.88,10752,83
0.45308001071271065,1.9351561065197436,259,42.57343434343436,0,22,0,subsidiary_stock_comp,0.10558515538771947,47,0.1641,26,6,0,1735,21,0.9545454545454546,10880,84
0.4957773179735341,1.8662432012432018,198,48.522323232323245,0,26,0,subsidiary_stock_comp,0.1193097506960233,55,0.1633,25,6,0,1735,24,0.9230769230769231,11008,85
0.3672275873777835,1.796511266511267,217.8,46.70929292929294,1,26,0,subsidiary_stock_comp,0.037067594627539315,55,0.1625,18,6,0,1735,23,0.8846153846153846,11136,86
0.37902030809800635,2.0065909090909098,259,48.15818181818183,0,24,0,subsidiary_stock_comp,0.023542418455084164,51,0.1616,21,6,0,1735,24,1.0,11264,87
0.42662758495316666,1.8252988215488217,259,43.80717171717172,2,24,0,subsidiary_stock_comp,0.05950221295158068,52,0.1608,26,6,0,1735,21,0.875,11392,88
0.3451824113381008,1.4771487603305784,199,32.49727272727272,3,22,0,subsidiary_stock_comp,0.13337958852450052,41,0.16,27,6,0,1735,15,0.6818181818181818,11520,89
0.3871416418805893,1.9957426112981673,199,53.885050505050515,0,27,0,subsidiary_stock_comp,0.2672830621401469,55,0.1592,20,6,0,1735,27,1.0,11648,90
0.37249964235161315,1.7591896235078055,259,38.70217171717172,2,22,0,subsidiary_stock_comp,0.07374605908989906,48,0.1584,24,6,0,1735,18,0.8181818181818182,11776,91
0.3548312237053324,2.003964646464647,259,52.103080808080826,0,26,0,subsidiary_stock_comp,0.0967041440308094,54,0.1576,19,6,0,1735,26,1.0,11904,92
0.42105672607794986,1.9488178077066967,198,52.61808080808081,0,27,0,subsidiary_stock_comp,0.12427835911512375,54,0.1569,23,6,0,1735,26,0.9629629629629629,12032,93
0.35814306830070564,2.0028,217.8,50.07,0,25,0,subsidiary_stock_comp,0.05358545482158661,52,0.1561,22,6,0,1735,25,1.0,12160,94
0.3884785218124307,2.005001870557426,217.8,54.13505050505051,0,27,0,subsidiary_stock_comp,0.0589799794058005,56,0.1553,21,6,0,1735,27,1.0,12288,95
0.41218090083202696,1.8036305361305358,217.8,46.89439393939393,0,26,0,subsidiary_stock_comp,0.06971665223439534,53,0.1545,23,6,0,1735,23,0.8846153846153846,12416,96
0.1986090248281016,2.0217972831765936,240,58.63212121212121,0,29,0,subsidiary_stock_comp,0.02123867937674125,61,0.1537,11,6,0,1735,29,1.0,12544,97
0.29160739455119256,1.9188963711185947,198,51.810202020202055,0,27,0,subsidiary_stock_comp,0.12173919876416524,52,0.153,16,6,0,1735,26,0.9629629629629629,12672,98
0.39080411982354235,1.828350168350168,259,43.88040404040403,0,24,0,subsidiary_stock_comp,0.12757956484953561,53,0.1522,19,6,0,1735,21,0.875,12800,99
1.087890526978299,0.3205466428995841,219,5.44929292929293,4,17,0,subsidiary_stock_comp,1.3657474517822266,13,0.25,32,7,0,1736,2,0.11764705882352941,128,0
1.1294070810545236,0.31438502673796814,198,5.344545454545458,4,17,0,subsidiary_stock_comp,0.7323237458864847,18,0.2487,27,7,0,1736,2,0.11764705882352941,256,1
1.1480416753329337,0.4997742127153893,198,8.496161616161618,4,17,0,subsidiary_stock_comp,0.5915093421936035,16,0.2475,24,7,0,1736,3,0.17647058823529413,384,2
1.2577627119608223,0.5542602495543673,198,9.422424242424244,1,17,0,subsidiary_stock_comp,0.44578082859516144,23,0.2463,37,7,0,1736,3,0.17647058823529413,512,3
1.2150544128380716,0.47308080808080816,237,8.042373737373739,4,17,0,subsidiary_stock_comp,0.24063644806543985,19,0.245,25,7,0,1736,3,0.17647058823529413,640,4
1.2668909935746342,1.0355723905723908,237,18.640303030303034,3,18,0,subsidiary_stock_comp,0.11513732373714447,39,0.2438,29,7,0,1736,7,0.3888888888888889,768,5
1.2872653855010867,1.0941388888888888,198,21.882777777777775,3,20,0,subsidiary_stock_comp,0.0772071306904157,39,0.2426,27,7,0,1736,9,0.45,896,6
1.459604647476226,1.0382267115600452,198,18.688080808080812,0,18,0,subsidiary_stock_comp,0.057172720630963646,32,0.2414,31,7,0,1736,8,0.4444444444444444,1024,7
1.3205356248654425,1.1313769271664007,239,21.49616161616161,2,19,0,subsidiary_stock_comp,0.1251747558514277,37,0.2402,27,7,0,1736,9,0.47368421052631576,1152,8
1.1591087786946446,1.2333131313131316,198.8,24.666262626262633,3,20,0,subsidiary_stock_comp,0.11617148915926616,37,0.239,18,7,0,1736,11,0.55,1280,9
1.0978575729532167,1.3267437533227007,198,25.20813131313131,1,19,0,subsidiary_stock_comp,0.017903170237938564,50,0.2378,23,7,0,1736,10,0.5263157894736842,1408,10
1.062278836267069,1.4394857667584935,198,31.668686868686855,1,22,0,subsidiary_stock_comp,0.13254369050264359,47,0.2366,31,7,0,1736,14,0.6363636363636364,1536,11
1.0786975792143494,2.020210803689065,219,46.464848484848496,0,23,0,subsidiary_stock_comp,-0.0034789529939492545,50,0.2354,22,7,0,1736,23,1.0,1664,12
1.1130124332848936,1.7170610870610867,278,36.05828282828282,1,21,0,subsidiary_stock_comp,0.06099509075284004,41,0.2342,33,7,0,1736,17,0.8095238095238095,1792,13
1.1274139506276697,1.2813822434875062,277,24.346262626262618,2,19,0,subsidiary_stock_comp,0.10288342833518982,39,0.2331,29,7,0,1736,10,0.5263157894736842,1920,14
0.9545852953742724,1.4948750664540134,277,28.402626262626253,0,19,0,subsidiary_stock_comp,0.08176068216562271,40,0.2319,30,7,0,1736,13,0.6842105263157895,2048,15
0.8253821031539701,1.5980967570441245,278,30.363838383838367,0,19,0,subsidiary_stock_comp,0.11760304868221283,45,0.2307,24,7,0,1736,13,0.6842105263157895,2176,16
0.7495847760583274,1.5717901234567895,277,28.29222222222221,2,18,0,subsidiary_stock_comp,0.09855647136767705,41,0.2296,27,7,0,1736,12,0.6666666666666666,2304,17
0.8144043649081141,1.594502923976607,277,30.295555555555534,0,19,0,subsidiary_stock_comp,0.07915464540322621,44,0.2284,30,7,0,1736,14,0.7368421052631579,2432,18
0.7243418539874256,1.7382587782587782,277,36.50343434343434,0,21,0,subsidiary_stock_comp,0.09664015968640645,47,0.2273,29,7,0,1736,17,0.8095238095238095,2560,19
0.7297736940672621,1.6403827751196165,277,31.167272727272714,1,19,0,subsidiary_stock_comp,0.020919306203722954,41,0.2262,30,7,0,1736,14,0.7368421052631579,2688,20
0.8212313855183311,1.2771291866028698,198,24.265454545454524,1,19,0,subsidiary_stock_comp,0.05300437410672506,33,0.225,22,7,0,1736,11,0.5789473684210527,2816,21
1.021017258754,1.6864247740563514,198,32.04207070707068,1,19,0,subsidiary_stock_comp,0.1642882227897644,38,0.2239,38,7,0,1736,15,0.7894736842105263,2944,22
1.027832693507662,1.5542039442039437,198,32.63828282828282,1,21,0,subsidiary_stock_comp,0.25472580393155414,36,0.2228,34,7,0,1736,16,0.7619047619047619,3072,23
0.9894658132980112,1.6449158249158249,219,34.543232323232324,1,21,0,subsidiary_stock_comp,0.12058255076408386,38,0.2217,27,7,0,1736,17,0.8095238095238095,3200,24
0.9381097346777096,1.661754385964911,200,31.573333333333313,1,19,0,subsidiary_stock_comp,0.0012160943200190861,38,0.2206,34,7,0,1736,16,0.8421052631578947,3328,25
0.9181002353725489,1.5840101010100998,240,31.680202020201996,0,20,0,subsidiary_stock_comp,0.08164347459872563,40,0.2195,32,7,0,1736,15,0.75,3456,26
0.7910510889196303,1.6263865932047745,198,35.78050505050504,1,22,0,subsidiary_stock_comp,0.05776746881504854,42,0.2184,29,7,0,1736,17,0.7727272727272727,3584,27
0.7258354637306184,1.5615975544922904,277,29.67035353535352,0,19,0,subsidiary_stock_comp,0.13504895071188608,40,0.2173,29,7,0,1736,13,0.6842105263157895,3712,28
0.7793495416990481,1.633679653679653,277,34.30727272727271,1,21,0,subsidiary_stock_comp,0.021392262851198513,45,0.2162,29,7,0,1736,16,0.7619047619047619,3840,29
0.7214716725575272,1.7289210284664833,217.8,38.03626262626263,0,22,0,subsidiary_stock_comp,0.15245731671651205,46,0.2151,29,7,0,1736,18,0.8181818181818182,3968,30
0.6792154082795605,1.8609090909090906,278,39.0790909090909,1,21,0,subsidiary_stock_comp,0.04551775691409906,47,0.214,29,7,0,1736,19,0.9047619047619048,4096,31
0.7479496659652796,1.9571166207529842,277,43.05656565656565,1,22,0,subsidiary_stock_comp,0.061441533267498016,50,0.213,31,7,0,1736,21,0.9545454545454546,4224,32
0.5424008133413736,2.048902662993572,277,45.07585858585858,0,22,0,subsidiary_stock_comp,0.05664064238468806,50,0.2119,24,7,0,1736,22,1.0,4352,33
0.6138145853183232,1.868476064997805,278,42.97494949494951,0,23,0,subsidiary_stock_comp,0.04819722597797712,48,0.2108,24,7,0,1736,21,0.9130434782608695,4480,34
0.6850516234408133,1.8440933140933145,277,38.7259595959596,0,21,0,subsidiary_stock_comp,0.05047782448430856,51,0.2098,27,7,0,1736,18,0.8571428571428571,4608,35
0.5009755157370819,1.8385058922558926,277,44.12414141414142,1,24,0,subsidiary_stock_comp,0.04476404810945193,53,0.2087,25,7,0,1736,21,0.875,4736,36
0.579544027641532,1.9066329966329965,277,45.75919191919191,0,24,0,subsidiary_stock_comp,0.08520821978648503,53,0.2077,22,7,0,1736,22,0.9166666666666666,4864,37
0.5973008442524588,1.6944999999999997,278,33.88999999999999,0,20,0,subsidiary_stock_comp,0.027780574435989063,41,0.2066,29,7,0,1736,15,0.75,4992,38
0.6942896562686656,1.7979028379028374,277,37.75595959595959,1,21,0,subsidiary_stock_comp,0.04686915564040343,47,0.2056,25,7,0,1736,18,0.8571428571428571,5120,39
0.8632739975582808,1.6708187134502912,259,31.745555555555534,0,19,0,subsidiary_stock_comp,0.05713766564925512,42,0.2046,40,7,0,1736,14,0.7368421052631579,5248,40
0.8226825675810687,1.7083950617283945,278,30.7511111111111,1,18,0,subsidiary_stock_comp,0.07230631013711293,46,0.2036,37,7,0,1736,13,0.7222222222222222,5376,41
0.638428944919724,1.7896010101010091,277,35.79202020202018,0,20,0,subsidiary_stock_comp,0.07585939764976501,44,0.2025,22,7,0,1736,16,0.8,5504,42
0.6904876605258323,1.745497076023392,277,33.16444444444445,0,19,0,subsidiary_stock_comp,0.02485805315275987,43,0.2015,21,7,0,1736,15,0.7894736842105263,5632,43
0.6927758770179935,1.872948532948533,277,39.33191919191919,0,21,0,subsidiary_stock_comp,0.021946940571069717,45,0.2005,23,7,0,1736,18,0.8571428571428571,5760,44
0.6883661097963341,1.9704874835309614,259,45.32121212121211,0,23,0,subsidiary_stock_comp,-0.014940943568944931,51,0.1995,24,7,0,1736,22,0.9565217391304348,5888,45
0.7132578801974887,1.818713323713324,277,38.1929797979798,1,21,0,subsidiary_stock_comp,0.09666583687067032,46,0.1985,29,7,0,1736,18,0.8571428571428571,6016,46
0.6123269877280109,1.8118350168350161,277,43.484040404040385,1,24,0,subsidiary_stock_comp,0.08534702907005946,50,0.1975,31,7,0,1736,20,0.8333333333333334,6144,47
0.7304645528492983,1.8281466842336411,240,42.047373737373746,0,23,0,subsidiary_stock_comp,0.04993409228821596,49,0.1965,27,7,0,1736,20,0.8695652173913043,6272,48
0.6040003227535635,1.7862626262626262,257,41.0840404040404,0,23,0,subsidiary_stock_comp,0.07456553603212039,51,0.1956,23,7,0,1736,20,0.8695652173913043,6400,49
0.6627759834809694,1.7877602108036887,278,41.11848484848484,0,23,0,subsidiary_stock_comp,0.15536107122898102,47,0.1946,31,7,0,1736,20,0.8695652173913043,6528,50
0.558087270881515,1.8126010101010104,240,43.50242424242425,1,24,0,subsidiary_stock_comp,0.038564316307504974,52,0.1936,18,7,0,1736,21,0.875,6656,51
0.7028993044514209,1.6971739130434784,277,39.035000000000004,1,23,0,subsidiary_stock_comp,0.24033743143081665,55,0.1926,25,7,0,1736,18,0.782608695652174,6784,52
0.4816427072510123,1.9251942501942503,199,50.05505050505051,1,26,0,subsidiary_stock_comp,0.08072332789500554,52,0.1917,15,7,0,1736,25,0.9615384615384616,6912,53
0.6944808204425499,1.8035055096418724,278,39.67712121212119,0,22,0,subsidiary_stock_comp,0.09227199852466583,48,0.1907,31,7,0,1736,18,0.8181818181818182,7040,54
0.7638546684174798,1.7878129117259538,219,41.11969696969694,0,23,0,subsidiary_stock_comp,0.5524677435557047,48,0.1898,24,7,0,1736,20,0.8695652173913043,7168,55
0.72942712897202,1.4146969696969693,198,31.123333333333328,2,22,0,subsidiary_stock_comp,0.07965719699859619,37,0.1888,30,7,0,1736,15,0.6818181818181818,7296,56
0.7645317999995314,1.7820110192837466,277,39.20424242424242,0,22,0,subsidiary_stock_comp,0.057293735444545746,44,0.1879,24,7,0,1736,19,0.8636363636363636,7424,57
0.6457830472500063,1.8162663673774788,200,49.03919191919193,1,27,0,subsidiary_stock_comp,0.09901684522628784,52,0.1869,24,7,0,1736,24,0.8888888888888888,7552,58
0.7078452675195877,1.8440587695133146,278,40.56929292929292,0,22,0,subsidiary_stock_comp,0.06179284676909447,44,0.186,30,7,0,1736,20,0.9090909090909091,7680,59
0.6682417360134423,1.7071579430670325,259,37.557474747474714,0,22,0,subsidiary_stock_comp,0.0345674262692531,46,0.1851,25,7,0,1736,18,0.8181818181818182,7808,60
0.6321370640944224,1.9308333333333338,198,46.34000000000001,0,24,0,subsidiary_stock_comp,0.053678893794616066,48,0.1841,19,7,0,1736,23,0.9583333333333334,7936,61
0.74254353629658,1.8715289256198346,219,41.17363636363636,0,22,0,subsidiary_stock_comp,0.3291187087694804,48,0.1832,27,7,0,1736,20,0.9090909090909091,8064,62
0.6835357075906359,1.8205435305435302,277,38.231414141414135,0,21,0,subsidiary_stock_comp,0.01482127234339714,45,0.1823,21,7,0,1736,18,0.8571428571428571,8192,63
0.7148004404152744,1.821394901394901,277,38.24929292929292,0,21,0,subsidiary_stock_comp,0.06693447629610698,42,0.1814,24,7,0,1736,19,0.9047619047619048,8320,64
0.5643552723922767,1.81375,198,43.53,2,24,0,subsidiary_stock_comp,0.07989612718423207,48,0.1805,18,7,0,1736,21,0.875,8448,65
0.5841104633145733,1.4815757575757562,277,29.631515151515124,2,20,0,subsidiary_stock_comp,0.042462932566801705,42,0.1796,18,7,0,1736,13,0.65,8576,66
0.7014856220048387,1.4879239766081862,257,28.27055555555554,2,19,0,subsidiary_stock_comp,6.216888626416524e-05,44,0.1787,27,7,0,1736,13,0.6842105263157895,8704,67
0.5651023341924883,1.8158345358345362,277,38.13252525252526,0,21,0,subsidiary_stock_comp,0.03505655378103256,51,0.1778,25,7,0,1736,18,0.8571428571428571,8832,68
0.5756255785090616,1.926423324150598,277,42.381313131313156,0,22,0,subsidiary_stock_comp,0.0369762871414423,52,0.1769,17,7,0,1736,20,0.9090909090909091,8960,69
0.6484278300486039,1.92052429052429,277,40.331010101010094,0,21,0,subsidiary_stock_comp,0.031068935990333557,47,0.176,25,7,0,1736,19,0.9047619047619048,9088,70
0.5800256870861631,1.9178604224058768,277,42.19292929292929,0,22,0,subsidiary_stock_comp,0.041427385061979294,49,0.1751,26,7,0,1736,20,0.9090909090909091,9216,71
0.5789313762070378,1.8459539842873163,278,33.22717171717169,0,18,0,subsidiary_stock_comp,0.057645329584678016,43,0.1743,26,7,0,1736,14,0.7777777777777778,9344,72
0.4652857309265528,2.1463333333333336,277,42.92666666666667,0,20,0,subsidiary_stock_comp,0.013428968687852224,53,0.1734,12,7,0,1736,19,0.95,9472,73
0.6630507307563676,1.8452861952861943,277,33.2151515151515,0,18,0,subsidiary_stock_comp,0.11208682507276535,42,0.1725,28,7,0,1736,15,0.8333333333333334,9600,74
0.6096635606372729,2.131182412358882,278,36.230101010100995,0,17,0,subsidiary_stock_comp,0.14544370770454407,51,0.1717,27,7,0,1736,16,0.9411764705882353,9728,75
0.5813199876720319,1.8745230078563395,277,33.74141414141411,0,18,0,subsidiary_stock_comp,0.026293637230992317,50,0.1708,22,7,0,1736,15,0.8333333333333334,9856,76
0.5333184348710347,1.864405162738495,278,33.55929292929291,0,18,0,subsidiary_stock_comp,0.0284865815192461,53,0.1699,22,7,0,1736,14,0.7777777777777778,9984,77
0.462923312879866,2.137033492822966,277,40.603636363636355,0,19,0,subsidiary_stock_comp,0.06580808262030284,51,0.1691,20,7,0,1736,18,0.9473684210526315,10112,78
0.5599274183769012,1.9950029708853223,278,33.91505050505048,1,17,0,subsidiary_stock_comp,0.027499637256066006,49,0.1683,26,7,0,1736,14,0.8235294117647058,10240,79
0.6459363778558327,1.766335578002243,277,31.794040404040373,1,18,0,subsidiary_stock_comp,0.042662800600131355,43,0.1674,23,7,0,1736,13,0.7222222222222222,10368,80
0.571979019237915,1.9611111111111101,277,37.26111111111109,0,19,0,subsidiary_stock_comp,0.0312313058724006,51,0.1666,21,7,0,1736,16,0.8421052631578947,10496,81
0.3974645388952922,2.204001122334455,278,39.672020202020185,0,18,0,subsidiary_stock_comp,0.04853290691971779,50,0.1657,16,7,0,1736,17,0.9444444444444444,10624,82
0.47246460599126294,1.9353694843168519,277,36.77202020202019,0,19,0,subsidiary_stock_comp,0.24331605434417725,49,0.1649,23,7,0,1736,15,0.7894736842105263,10752,83
0.47996586648514494,2.044006734006733,278,36.792121212121195,0,18,0,subsidiary_stock_comp,0.008891469488541285,53,0.1641,17,7,0,1736,15,0.8333333333333334,10880,84
0.6307232826366089,2.0019696969696956,278,36.03545454545452,0,18,0,subsidiary_stock_comp,0.07787576566139857,48,0.1633,26,7,0,1736,16,0.8888888888888888,11008,85
0.5515963730285875,2.0273365231259954,277,38.519393939393915,0,19,0,subsidiary_stock_comp,0.03202470981826385,52,0.1625,23,7,0,1736,17,0.8947368421052632,11136,86
0.5460829790390562,2.0945879851143006,277,39.797171717171715,0,19,0,subsidiary_stock_comp,0.05614278962214788,49,0.1616,22,7,0,1736,18,0.9473684210526315,11264,87
0.45778667528065853,1.8014300903774576,277,34.22717171717169,1,19,0,subsidiary_stock_comp,0.01353941299021244,50,0.1608,19,7,0,1736,15,0.7894736842105263,11392,88
0.37610400341509376,1.859668911335577,278,33.47404040404039,0,18,0,subsidiary_stock_comp,0.06786888837814331,43,0.16,20,7,0,1736,14,0.7777777777777778,11520,89
0.4167257720619091,2.035858585858586,278,40.717171717171716,0,20,0,subsidiary_stock_comp,0.03866039961576462,49,0.1592,18,7,0,1736,18,0.9,11648,90
0.4238593295303872,2.267894736842105,277,43.089999999999996,0,19,0,subsidiary_stock_comp,0.05321176846822103,53,0.1584,16,7,0,1736,19,1.0,11776,91
0.48903829041228164,2.086984848484848,277,41.73969696969696,0,20,0,subsidiary_stock_comp,0.02956650157769521,50,0.1576,20,7,0,1736,19,0.95,11904,92
0.49730268091661856,2.162550505050505,277,43.251010101010095,0,20,0,subsidiary_stock_comp,0.0961477259794871,57,0.1569,18,7,0,1736,19,0.95,12032,93
0.49847705587671953,2.039792929292928,277,40.79585858585857,0,20,0,subsidiary_stock_comp,0.008585206543405851,51,0.1561,14,7,0,1736,18,0.9,12160,94
0.4180223219700565,1.9946717171717174,277,43.88277777777778,0,22,0,subsidiary_stock_comp,0.0025328202173113823,54,0.1553,18,7,0,1736,20,0.9090909090909091,12288,95
0.46383155083094607,2.015848965848966,277,42.33282828282828,0,21,0,subsidiary_stock_comp,0.01600972656160593,56,0.1545,17,7,0,1736,20,0.9523809523809523,12416,96
0.4393806422503985,1.9955170755170746,277,41.90585858585857,1,21,0,subsidiary_stock_comp,0.002157662995159626,52,0.1537,16,7,0,1736,18,0.8571428571428571,12544,97
0.4023430425395418,2.28131313131313,277,41.06363636363634,0,18,0,subsidiary_stock_comp,0.012953497158984343,52,0.153,14,7,0,1736,18,1.0,12672,98
0.4433742069195432,2.0974215842636887,278,39.85101010101009,0,19,0,subsidiary_stock_comp,0.08152112613121669,52,0.1522,15,7,0,1736,17,0.8947368421052632,12800,99
1.1148880135733634,0.0710130718954249,158,1.2072222222222233,8,17,0,subsidiary_stock_comp,0.9004222353299459,17,0.25,28,8,0,1737,0,0.0,128,0
1.5506855544517748,0.08160724896019012,160,1.387323232323232,6,17,0,subsidiary_stock_comp,0.5563751657803854,17,0.2487,36,8,0,1737,0,0.0,256,1
1.575103207374923,0.1225157828282828,102,1.9602525252525247,3,16,0,subsidiary_stock_comp,0.2877236803372701,21,0.2475,37,8,0,1737,0,0.0,384,2
1.4168307346990332,0.33642992424242474,198,5.382878787878796,4,16,0,subsidiary_stock_comp,0.17928866545359293,29,0.2463,34,8,0,1737,1,0.0625,512,3
1.351809587329626,0.4132544191919199,257,6.6120707070707185,3,16,0,subsidiary_stock_comp,0.17700006067752838,31,0.245,29,8,0,1737,1,0.0625,640,4
1.402893304824829,0.07456327985739764,160,1.2675757575757598,5,17,2,subsidiary_stock_comp,0.04124423861503601,23,0.2438,29,8,0,1737,0,0.0,768,5
1.3956528642447665,0.5824836601307195,278,9.902222222222232,5,17,0,subsidiary_stock_comp,0.09233182668685913,32,0.2426,31,8,0,1737,2,0.11764705882352941,896,6
1.6634263899177313,0.5867866161616164,277,9.388585858585863,0,16,0,subsidiary_stock_comp,0.006646948556105296,28,0.2414,27,8,0,1737,2,0.125,1024,7
1.4926694666501135,0.6550189393939397,239,10.480303030303036,0,16,0,subsidiary_stock_comp,0.03949131568272909,43,0.2402,38,8,0,1737,2,0.125,1152,8
1.369471013022121,0.8334217171717178,277,13.334747474747484,0,16,0,subsidiary_stock_comp,0.024246936043103535,46,0.239,34,8,0,1737,3,0.1875,1280,9
1.3876252702903003,0.6281628787878792,239,10.050606060606068,1,16,0,subsidiary_stock_comp,0.018134038895368576,48,0.2378,30,8,0,1737,2,0.125,1408,10
1.2354303795145825,0.9903198653198658,257,17.825757575757585,3,18,0,subsidiary_stock_comp,0.15704585115114847,44,0.2366,34,8,0,1737,6,0.3333333333333333,1536,11
1.282439176167827,0.7288621509209748,277,12.390656565656572,3,17,0,subsidiary_stock_comp,0.03498012696703275,32,0.2354,35,8,0,1737,4,0.23529411764705882,1664,12
1.2637489980552346,0.8483648989898994,217.8,13.57383838383839,2,16,0,subsidiary_stock_comp,0.03815089166164398,37,0.2342,33,8,0,1737,4,0.25,1792,13
1.1307775537134148,0.8627361853832445,237,14.666515151515156,3,17,0,subsidiary_stock_comp,0.1449667513370514,44,0.2331,29,8,0,1737,5,0.29411764705882354,1920,14
1.101466683554463,1.2703386809269155,239,21.595757575757563,1,17,0,subsidiary_stock_comp,0.13049769649902979,51,0.2319,26,8,0,1737,9,0.5294117647058824,2048,15
1.052943823277019,0.796423054070113,237,13.539191919191921,5,17,0,subsidiary_stock_comp,0.20063803593317667,40,0.2307,33,8,0,1737,5,0.29411764705882354,2176,16
1.080926887341775,1.33867889420521,257,25.43489898989899,3,19,0,subsidiary_stock_comp,0.12311682105064392,51,0.2296,33,8,0,1737,11,0.5789473684210527,2304,17
1.0274860776262358,1.3984595959595958,257,25.172272727272723,1,18,0,subsidiary_stock_comp,0.08807702859242757,55,0.2284,28,8,0,1737,10,0.5555555555555556,2432,18
1.1233633186784573,1.5438915470494414,278,29.333939393939385,3,19,0,subsidiary_stock_comp,0.041787960877021156,46,0.2273,24,8,0,1737,13,0.6842105263157895,2560,19
1.0492978800903074,1.6089113355780018,278,28.960404040404033,0,18,0,subsidiary_stock_comp,0.03566781928141912,45,0.2262,33,8,0,1737,13,0.7222222222222222,2688,20
0.9501876546128187,1.5985007974481649,259,30.371515151515133,1,19,0,subsidiary_stock_comp,0.07103214288751285,45,0.225,23,8,0,1737,14,0.7368421052631579,2816,21
1.0022665515425615,1.394040404040403,220,26.48676767676766,2,19,0,subsidiary_stock_comp,0.05791373550891876,44,0.2239,34,8,0,1737,12,0.631578947368421,2944,22
0.8215968796866946,1.678640955004591,217.8,36.930101010101005,2,22,0,subsidiary_stock_comp,0.06898183127244313,43,0.2228,32,8,0,1737,18,0.8181818181818182,3072,23
0.7374367835436715,1.982962962962963,277,41.64222222222222,0,21,0,subsidiary_stock_comp,0.07938215136528015,50,0.2217,23,8,0,1737,20,0.9523809523809523,3200,24
0.9179346002347302,1.6282429558745342,198,30.936616161616147,0,19,0,subsidiary_stock_comp,0.0850488506257534,41,0.2206,33,8,0,1737,14,0.7368421052631579,3328,25
0.8125532205449417,1.8676136363636355,199,37.35227272727271,1,20,0,subsidiary_stock_comp,0.17648440599441528,47,0.2195,27,8,0,1737,18,0.9,3456,26
0.8184095971664647,1.710489898989898,259,34.20979797979796,0,20,0,subsidiary_stock_comp,0.0026319436728954315,45,0.2184,22,8,0,1737,16,0.8,3584,27
0.8999597335641738,1.746060606060605,217.8,36.6672727272727,1,21,0,subsidiary_stock_comp,0.1402862717707952,41,0.2173,30,8,0,1737,18,0.8571428571428571,3712,28
0.8947675226518186,1.7010774410774407,240,35.72262626262626,1,21,0,subsidiary_stock_comp,0.09128413597742717,46,0.2162,24,8,0,1737,17,0.8095238095238095,3840,29
0.899005038139876,1.6249999999999998,217.8,37.37499999999999,3,23,0,subsidiary_stock_comp,0.12878959874312082,44,0.2151,31,8,0,1737,18,0.782608695652174,3968,30
0.9476890318474034,1.2003349282296643,219,22.80636363636362,3,19,1,subsidiary_stock_comp,0.09865378588438034,35,0.214,35,8,0,1737,10,0.5263157894736842,4096,31
0.8213060801572283,1.5736792929292922,277,31.473585858585846,1,20,0,subsidiary_stock_comp,0.13880849381287894,47,0.213,30,8,0,1737,14,0.7,4224,32
0.8461151585142943,1.6634535834535829,217.8,34.93252525252524,1,21,0,subsidiary_stock_comp,0.12677966554959616,48,0.2119,28,8,0,1737,16,0.7619047619047619,4352,33
0.752375870684773,1.6364983164983167,259,34.36646464646465,2,21,0,subsidiary_stock_comp,0.1322411596775055,51,0.2108,32,8,0,1737,15,0.7142857142857143,4480,34
0.865174638460303,1.5499278499278482,277,32.54848484848481,0,21,0,subsidiary_stock_comp,0.10574571788311005,42,0.2098,31,8,0,1737,15,0.7142857142857143,4608,35
0.6139718704835104,1.8603493265993267,277,44.64838383838384,0,24,0,subsidiary_stock_comp,0.0403825423369805,54,0.2087,18,8,0,1737,21,0.875,4736,36
0.7660458956670482,1.6784175084175086,198,35.24676767676768,1,21,0,subsidiary_stock_comp,0.12515899042288461,48,0.2077,30,8,0,1737,16,0.7619047619047619,4864,37
0.7309406641543319,1.8751471234079933,217.8,43.12838383838385,0,23,0,subsidiary_stock_comp,0.07141783088445663,49,0.2066,21,8,0,1737,21,0.9130434782608695,4992,38
0.7837532397452378,1.7932058682058678,277,37.65732323232322,1,21,0,subsidiary_stock_comp,0.07316181436181068,47,0.2056,22,8,0,1737,18,0.8571428571428571,5120,39
0.8606163845288393,1.8426358826358822,217.8,38.695353535353526,0,21,0,subsidiary_stock_comp,0.017183547218640644,46,0.2046,21,8,0,1737,19,0.9047619047619048,5248,40
0.8797707580670249,1.8680681818181804,278,37.361363636363606,0,20,0,subsidiary_stock_comp,0.05432362233599027,45,0.2036,25,8,0,1737,18,0.9,5376,41
0.8711541595330345,1.6504112554112542,198.99,34.65863636363634,1,21,0,subsidiary_stock_comp,0.006296139831344287,47,0.2025,25,8,0,1737,16,0.7619047619047619,5504,42
0.8226042450405657,1.83729797979798,257,44.09515151515152,0,24,0,subsidiary_stock_comp,0.01820614809791247,55,0.2015,20,8,0,1737,21,0.875,5632,43
0.8507139186185668,1.7445316804407716,257,38.37969696969697,0,22,0,subsidiary_stock_comp,0.024520190432667732,50,0.2005,27,8,0,1737,18,0.8181818181818182,5760,44
0.7469173729296017,1.9460437710437708,257,46.7050505050505,0,24,0,subsidiary_stock_comp,0.007863132283091545,54,0.1995,19,8,0,1737,23,0.9583333333333334,5888,45
0.8861510134593118,1.5470982552800736,217.8,34.03616161616162,4,22,0,subsidiary_stock_comp,0.057702516516049705,45,0.1985,32,8,0,1737,16,0.7272727272727273,6016,46
0.8273226968376548,1.9245015371102325,277,44.263535353535346,0,23,0,subsidiary_stock_comp,0.03301228955388069,53,0.1975,21,8,0,1737,21,0.9130434782608695,6144,47
0.7223451755271526,1.8604377104377106,277,39.06919191919192,0,21,0,subsidiary_stock_comp,0.008178073291977247,43,0.1965,27,8,0,1737,19,0.9047619047619048,6272,48
0.7365106980432756,1.8083535353535347,259,36.16707070707069,0,20,0,subsidiary_stock_comp,0.05929580703377724,49,0.1956,23,8,0,1737,17,0.85,6400,49
0.6651097887151991,1.7848340548340547,219,37.48151515151515,0,21,0,subsidiary_stock_comp,0.025586523736516636,48,0.1946,25,8,0,1737,18,0.8571428571428571,6528,50
0.5981280920750578,1.8847579966329964,219,45.234191919191915,0,24,0,subsidiary_stock_comp,0.08124501754840215,51,0.1936,19,8,0,1737,22,0.9166666666666666,6656,51
0.5910587295002188,1.885226174791392,257,43.36020202020202,0,23,0,subsidiary_stock_comp,0.05845767507950465,48,0.1926,24,8,0,1737,21,0.9130434782608695,6784,52
0.6653950825057109,1.544506427915518,259,33.979141414141395,4,22,0,subsidiary_stock_comp,0.045364655554294586,49,0.1917,25,8,0,1737,15,0.6818181818181818,6912,53
0.5712963133701123,1.8506719367588942,278,42.565454545454564,0,23,0,subsidiary_stock_comp,-0.012844047198692957,55,0.1907,24,8,0,1737,20,0.8695652173913043,7040,54
0.6290806400720612,1.8983596837944665,198.99,43.66227272727273,0,23,0,subsidiary_stock_comp,0.0347363551457723,51,0.1898,28,8,0,1737,21,0.9130434782608695,7168,55
0.5406920403329423,2.0326020202020194,277,50.815050505050486,0,25,0,subsidiary_stock_comp,0.04094779553512732,54,0.1888,17,8,0,1737,25,1.0,7296,56
0.5326004908783943,1.9624705387205392,257,47.09929292929294,0,24,0,subsidiary_stock_comp,0.0539061464369297,55,0.1879,18,8,0,1737,23,0.9583333333333334,7424,57
0.7210899764177157,1.7288246097337003,219,38.03414141414141,1,22,0,subsidiary_stock_comp,0.002013568455974261,45,0.1869,29,8,0,1737,18,0.8181818181818182,7552,58
0.6089189747799537,1.870355731225296,259,43.01818181818181,0,23,0,subsidiary_stock_comp,0.06651741887132327,47,0.186,24,8,0,1737,21,0.9130434782608695,7680,59
0.6719991412974196,1.8847430830039527,277,43.34909090909091,1,23,0,subsidiary_stock_comp,0.04614901294310888,51,0.1851,26,8,0,1737,20,0.8695652173913043,7808,60
0.7788661662489176,1.7676101928374657,278,38.887424242424245,0,22,0,subsidiary_stock_comp,0.054817172388235726,50,0.1841,27,8,0,1737,18,0.8181818181818182,7936,61
0.6382245203130879,1.7846272246272248,240,37.47717171717172,1,21,0,subsidiary_stock_comp,0.15511557956536612,43,0.1832,22,8,0,1737,18,0.8571428571428571,8064,62
0.7178712590102805,1.9400596877869611,259,42.681313131313146,1,22,0,subsidiary_stock_comp,0.0544953445593516,51,0.1823,25,8,0,1737,21,0.9545454545454546,8192,63
0.7608187310979702,1.8055202020202015,198,36.11040404040403,0,20,0,subsidiary_stock_comp,0.06644193703929584,37,0.1814,17,8,0,1737,18,0.9,8320,64
0.6588687491130258,1.7364141414141403,219,34.72828282828281,1,20,0,subsidiary_stock_comp,0.020676396166284878,40,0.1805,18,8,0,1737,17,0.85,8448,65
0.8001986459057662,1.9920095693779891,240,37.84818181818179,0,19,0,subsidiary_stock_comp,0.10159569730361302,41,0.1796,29,8,0,1737,19,1.0,8576,66
0.754920629933622,1.8236895268474214,277,34.650101010101004,0,19,0,subsidiary_stock_comp,0.06515965859095256,41,0.1787,24,8,0,1737,16,0.8421052631578947,8704,67
0.8437704504467547,1.7279691653375846,240,32.83141414141411,1,19,0,subsidiary_stock_comp,-0.021126626059412956,41,0.1778,21,8,0,1737,16,0.8421052631578947,8832,68
0.8565948576615483,1.9495606060606057,198,38.991212121212115,0,20,0,subsidiary_stock_comp,0.04777585715055466,45,0.1769,24,8,0,1737,19,0.95,8960,69
0.6768230451452837,1.8445117845117833,278,33.2012121212121,0,18,0,subsidiary_stock_comp,7.171742618083954e-05,38,0.176,20,8,0,1737,16,0.8888888888888888,9088,70
0.7465603380187531,1.9661111111111116,278,39.32222222222223,0,20,0,subsidiary_stock_comp,0.05141764630873998,46,0.1751,20,8,0,1737,19,0.95,9216,71
0.8365054871319444,1.7222451790633608,199,37.88939393939394,0,22,0,subsidiary_stock_comp,0.019884555290142696,46,0.1743,25,8,0,1737,18,0.8181818181818182,9344,72
0.7627120305842254,1.7271572871572867,277,36.27030303030302,2,21,0,subsidiary_stock_comp,0.06417640671133995,44,0.1734,17,8,0,1737,17,0.8095238095238095,9472,73
0.7933314474576036,1.8425482093663914,219,40.53606060606061,1,22,0,subsidiary_stock_comp,0.09593354910612106,45,0.1725,22,8,0,1737,20,0.9090909090909091,9600,74
0.7978834906461998,1.9104810004810004,199,40.12010101010101,0,21,0,subsidiary_stock_comp,0.07578439265489578,43,0.1717,27,8,0,1737,20,0.9523809523809523,9728,75
0.7564734383995528,1.80566534914361,198,41.53030303030303,1,23,0,subsidiary_stock_comp,0.056983081003030144,48,0.1708,25,8,0,1737,20,0.8695652173913043,9856,76
0.8903273956675548,1.758547378547377,219,36.92949494949492,0,21,0,subsidiary_stock_comp,0.059943692137797676,43,0.1699,24,8,0,1737,18,0.8571428571428571,9984,77
0.7540340263803955,1.7301325757575763,257,41.52318181818183,2,24,0,subsidiary_stock_comp,0.03379549396534761,48,0.1691,22,8,0,1737,20,0.8333333333333334,10112,78
0.8224766602361342,1.7134217171717168,198,41.1221212121212,2,24,0,subsidiary_stock_comp,0.008545182024439177,47,0.1683,20,8,0,1737,20,0.8333333333333334,10240,79
0.6954043183359317,1.7814233241505968,277,39.19131313131313,1,22,0,subsidiary_stock_comp,-0.00020766320327917734,48,0.1674,20,8,0,1737,18,0.8181818181818182,10368,80
0.6682417129923124,1.8975084175084174,198,45.54020202020202,0,24,0,subsidiary_stock_comp,0.057497107734282814,48,0.1666,18,8,0,1737,23,0.9583333333333334,10496,81
0.7671804917554255,1.7185445362718093,277,37.807979797979804,2,22,0,subsidiary_stock_comp,0.04709619656205177,47,0.1657,23,8,0,1737,18,0.8181818181818182,10624,82
0.6165230639162473,1.9536700336700343,277,46.88808080808082,0,24,0,subsidiary_stock_comp,0.07829588403304417,51,0.1649,13,8,0,1737,23,0.9583333333333334,10752,83
0.623299945553299,1.9347916666666665,198,46.434999999999995,1,24,0,subsidiary_stock_comp,0.018516058723131817,49,0.1641,19,8,0,1737,23,0.9583333333333334,10880,84
0.628956227330491,2.017205387205387,257,48.41292929292929,0,24,0,subsidiary_stock_comp,0.028456120441357296,51,0.1633,17,8,0,1737,24,1.0,11008,85
0.670720516674919,1.8913468013468007,259,45.392323232323214,0,24,0,subsidiary_stock_comp,-0.002195365106066068,52,0.1625,19,8,0,1737,22,0.9166666666666666,11136,86
0.683823852770729,1.8086407553798858,277,41.59873737373737,2,23,0,subsidiary_stock_comp,0.007417474562923114,48,0.1616,17,8,0,1737,20,0.8695652173913043,11264,87
0.750828859716421,1.6684292929292908,259,33.36858585858582,0,20,0,subsidiary_stock_comp,0.048365517208973564,45,0.1608,24,8,0,1737,15,0.75,11392,88
0.5550195683172205,1.8177456382001842,278,39.99040404040405,1,22,0,subsidiary_stock_comp,0.01757878003021081,48,0.16,22,8,0,1737,19,0.8636363636363636,11520,89
0.4144948747998569,1.9969191919191915,257,51.91989898989898,0,26,0,subsidiary_stock_comp,0.028237514197826385,58,0.1592,10,8,0,1737,25,0.9615384615384616,11648,90
0.6396129758213647,1.9647979797979798,278,47.155151515151516,0,24,0,subsidiary_stock_comp,0.13050173471371332,51,0.1584,26,8,0,1737,23,0.9583333333333334,11776,91
0.5598817729041912,1.952878787878788,278,46.869090909090914,1,24,0,subsidiary_stock_comp,0.04081654114027818,50,0.1576,23,8,0,1737,23,0.9583333333333334,11904,92
0.5487170730775688,1.9023012736056215,277,43.752929292929295,1,23,0,subsidiary_stock_comp,0.03507731482386589,48,0.1569,14,8,0,1737,21,0.9130434782608695,12032,93
0.6592078140092781,1.8123424723424708,259,38.05919191919189,1,21,0,subsidiary_stock_comp,0.07317135110497475,45,0.1561,20,8,0,1737,18,0.8571428571428571,12160,94
0.5632926849357318,1.9517508417508418,277,46.8420202020202,0,24,0,subsidiary_stock_comp,0.02768462896347046,49,0.1553,13,8,0,1737,23,0.9583333333333334,12288,95
0.5120828387152869,1.950961466517022,257,52.6759595959596,1,27,0,subsidiary_stock_comp,-0.019360723594824474,55,0.1545,10,8,0,1737,26,0.9629629629629629,12416,96
0.6254900323256152,2.0303513394817743,217.8,46.69808080808081,0,23,0,subsidiary_stock_comp,-0.009795229261120161,50,0.1537,22,8,0,1737,23,1.0,12544,97
0.6221125878000748,1.8631691919191915,277,44.716060606060594,0,24,0,subsidiary_stock_comp,0.011735097194711367,56,0.153,23,8,0,1737,21,0.875,12672,98
0.619220965571003,1.8813482652613087,277,43.2710101010101,0,23,0,subsidiary_stock_comp,0.0018217709536353748,48,0.1522,22,8,0,1737,21,0.9130434782608695,12800,99
1.6037103232811205,-0.1398484848484848,21,-2.237575757575757,2,16,1,subsidiary_stock_comp,0.9646819432576498,5,0.25,34,9,0,1738,0,0.0,128,0
1.5788265931769274,-0.04680239898989901,118.8,-0.7488383838383842,4,16,0,subsidiary_stock_comp,0.46256981293360394,6,0.2487,31,9,0,1738,0,0.0,256,1
1.6143115840968676,-0.011402257872846159,198,-0.1938383838383847,5,17,0,subsidiary_stock_comp,0.3856786290804545,4,0.2475,33,9,0,1738,1,0.058823529411764705,384,2
1.7057778356829658,-0.014482323232323253,99,-0.23171717171717204,2,16,0,subsidiary_stock_comp,0.28306688368320465,4,0.2463,30,9,0,1738,0,0.0,512,3
1.679267919389531,0.2057796717171718,218.26999999999998,3.2924747474747487,3,16,0,subsidiary_stock_comp,0.12130610644817352,8,0.245,32,9,0,1738,2,0.125,640,4
1.6945229526609182,-0.014315025252525256,79,-0.2290404040404041,2,16,0,subsidiary_stock_comp,0.04957467565933863,9,0.2438,27,9,0,1738,0,0.0,768,5
1.8088505354244262,0.24008207070707113,200,3.841313131313138,2,16,0,subsidiary_stock_comp,0.09071543316046397,11,0.2426,30,9,0,1738,2,0.125,896,6
1.5851510898210108,0.020959595959595942,198,0.377272727272727,9,18,0,subsidiary_stock_comp,0.015899762511253357,8,0.2414,30,9,0,1738,1,0.05555555555555555,1024,7
1.5593430630397052,0.3717082590612004,213.3,6.319040404040408,5,17,0,subsidiary_stock_comp,0.07888840635617574,24,0.2402,36,9,0,1738,2,0.11764705882352941,1152,8
1.5425547515042126,0.5189330808080812,200,8.3029292929293,0,16,1,subsidiary_stock_comp,0.10817752281824748,32,0.239,28,9,0,1738,2,0.125,1280,9
1.3529205271042883,0.5408396464646466,198,8.653434343434345,1,16,0,subsidiary_stock_comp,0.011694703251123428,23,0.2378,33,9,0,1738,2,0.125,1408,10
1.3577849315479398,1.161565656565656,198,22.069747474747466,1,19,0,subsidiary_stock_comp,0.10251071055730183,40,0.2366,24,9,0,1738,9,0.47368421052631576,1536,11
1.3234513296047226,0.9389814814814815,200,16.901666666666667,3,18,0,subsidiary_stock_comp,0.09675860032439232,41,0.2354,31,9,0,1738,6,0.3333333333333333,1664,12
1.362181201693602,1.152867564534231,205.4,20.75161616161616,1,18,0,subsidiary_stock_comp,0.09031827251116435,36,0.2342,38,9,0,1738,9,0.5,1792,13
1.2822074515279382,1.1716400850611368,257,22.261161616161598,0,19,0,subsidiary_stock_comp,0.009429934124151865,52,0.2331,24,9,0,1738,9,0.47368421052631576,1920,14
1.226337688160129,1.3123063973063966,259,23.62151515151514,1,18,0,subsidiary_stock_comp,0.05328255767623583,49,0.2319,32,9,0,1738,9,0.5,2048,15
1.2170266371686012,1.2613989898989895,198,25.22797979797979,1,20,0,subsidiary_stock_comp,0.0011495066185792286,40,0.2307,35,9,0,1738,11,0.55,2176,16
1.1715419236570597,1.4810560146923784,198,32.58323232323232,1,22,0,subsidiary_stock_comp,0.05228574573993683,42,0.2296,35,9,0,1738,15,0.6818181818181818,2304,17
0.9698476217454299,1.2652741702741703,198,26.570757575757575,2,21,0,subsidiary_stock_comp,0.13832926253477731,45,0.2284,25,9,0,1738,12,0.5714285714285714,2432,18
0.8990239953855053,1.6422061524334253,198,36.128535353535355,1,22,0,subsidiary_stock_comp,0.08517779906590779,47,0.2273,31,9,0,1738,17,0.7727272727272727,2560,19
1.0803361129947007,1.550878787878787,198,31.01757575757574,0,20,0,subsidiary_stock_comp,0.05466340482234955,43,0.2262,33,9,0,1738,14,0.7,2688,20
0.9313869039178826,1.3601905417814508,198,29.924191919191916,2,22,0,subsidiary_stock_comp,0.041089785595734916,42,0.225,26,9,0,1738,14,0.6363636363636364,2816,21
0.8316707373887766,1.5927676767676773,198,39.81919191919193,1,25,0,subsidiary_stock_comp,0.022523578256368637,47,0.2239,19,9,0,1738,19,0.76,2944,22
1.1170129097881727,1.3687205387205386,198,28.743131313131308,2,21,0,subsidiary_stock_comp,0.03925132378935814,44,0.2228,35,9,0,1738,13,0.6190476190476191,3072,23
0.9251399101922289,1.710482828282828,220,42.7620707070707,2,25,0,subsidiary_stock_comp,0.05577487995227178,51,0.2217,30,9,0,1738,20,0.8,3200,24
0.8687756596191321,1.600046113306983,198,36.80106060606061,0,23,0,subsidiary_stock_comp,0.08354513595501582,44,0.2206,23,9,0,1738,17,0.7391304347826086,3328,25
1.0540979450452141,1.5373829201101927,198,33.82242424242424,0,22,0,subsidiary_stock_comp,0.1650415907303492,52,0.2195,34,9,0,1738,15,0.6818181818181818,3456,26
1.154014300002018,1.518480038480038,198,31.8880808080808,0,21,0,subsidiary_stock_comp,0.06557031099994977,37,0.2184,29,9,0,1738,15,0.7142857142857143,3584,27
1.0197278215782717,1.7052112029384765,198,37.51464646464648,0,22,0,subsidiary_stock_comp,0.10179778436819713,45,0.2173,28,9,0,1738,18,0.8181818181818182,3712,28
1.009552734263707,1.4559228650137728,198,32.030303030303,1,22,0,subsidiary_stock_comp,0.10142062852780025,47,0.2162,33,9,0,1738,15,0.6818181818181818,3840,29
0.833273671916686,1.764690909090909,240,44.11727272727273,0,25,0,subsidiary_stock_comp,0.036346939081947006,49,0.2151,30,9,0,1738,22,0.88,3968,30
0.9425952357123606,1.6175274483970141,198,37.20313131313132,0,23,0,subsidiary_stock_comp,0.030844366798798244,57,0.214,25,9,0,1738,17,0.7391304347826086,4096,31
0.8647834258445073,1.8549844599844596,198,48.22959595959595,0,26,0,subsidiary_stock_comp,0.05994862442215284,54,0.213,24,9,0,1738,24,0.9230769230769231,4224,32
0.9529046872776235,1.7360789715335168,219,38.19373737373737,0,22,0,subsidiary_stock_comp,0.053486334780852,48,0.2119,31,9,0,1738,18,0.8181818181818182,4352,33
0.8561535707412986,1.6642885375494072,219,38.278636363636366,2,23,0,subsidiary_stock_comp,0.04678428918123245,52,0.2108,29,9,0,1738,18,0.782608695652174,4480,34
0.8185819235950476,1.7193050505050504,217.8,42.98262626262626,1,25,0,subsidiary_stock_comp,0.05825389673312505,50,0.2098,29,9,0,1738,21,0.84,4608,35
0.8815147911591339,1.8083670033670034,198,43.40080808080808,0,24,0,subsidiary_stock_comp,0.05538747708002726,52,0.2087,23,9,0,1738,21,0.875,4736,36
0.9822343841697148,1.9088005050505048,199,45.811212121212115,0,24,0,subsidiary_stock_comp,0.030920022477706272,49,0.2077,27,9,0,1738,23,0.9583333333333334,4864,37
0.963983333305805,1.68979797979798,277,37.17555555555556,1,22,0,subsidiary_stock_comp,0.04978680486480395,52,0.2066,35,9,0,1738,17,0.7727272727272727,4992,38
0.8988567526903353,1.9086784511784511,278,45.80828282828283,0,24,0,subsidiary_stock_comp,0.0219067744910717,52,0.2056,24,9,0,1738,22,0.9166666666666666,5120,39
0.9602075946750119,1.7313482652613081,198,39.82101010101009,0,23,0,subsidiary_stock_comp,0.11684314906597137,49,0.2046,28,9,0,1738,19,0.8260869565217391,5248,40
0.9176726527948631,1.8845517676767685,217.8,45.22924242424244,1,24,0,subsidiary_stock_comp,-0.03813553166886171,51,0.2036,28,9,0,1738,22,0.9166666666666666,5376,41
0.8895380967078381,1.9041528925619835,259,41.891363636363636,0,22,0,subsidiary_stock_comp,-0.01090775616466999,51,0.2025,28,9,0,1738,20,0.9090909090909091,5504,42
0.8962382762983907,1.7884367484367476,257,37.5571717171717,0,21,0,subsidiary_stock_comp,0.013168921073277792,44,0.2015,22,9,0,1738,18,0.8571428571428571,5632,43
0.9559813603118528,1.5859788359788354,277,33.30555555555554,0,21,0,subsidiary_stock_comp,0.07748183732231458,40,0.2005,27,9,0,1738,16,0.7619047619047619,5760,44
0.9161052400595509,1.6993411386593196,198.01,37.38550505050503,1,22,0,subsidiary_stock_comp,0.030633386224508286,47,0.1995,18,9,0,1738,18,0.8181818181818182,5888,45
0.8930164465273265,1.5974352217830483,198,36.74101010101011,0,23,0,subsidiary_stock_comp,0.032230024536450706,49,0.1985,24,9,0,1738,17,0.7391304347826086,6016,46
0.944757261488121,1.8643981481481482,198,44.745555555555555,0,24,0,subsidiary_stock_comp,-0.0004424651463826497,51,0.1975,18,9,0,1738,22,0.9166666666666666,6144,47
0.9349806379905203,1.7969513314967869,198,39.53292929292931,0,22,0,subsidiary_stock_comp,0.012018787364164988,53,0.1965,21,9,0,1738,19,0.8636363636363636,6272,48
0.7697002027416602,1.861502525252525,259,44.6760606060606,0,24,0,subsidiary_stock_comp,0.014351354291041693,52,0.1956,14,9,0,1738,21,0.875,6400,49
0.9140193985076621,1.7115036730945818,198.99,37.6530808080808,0,22,0,subsidiary_stock_comp,0.03931723162531853,42,0.1946,24,9,0,1738,18,0.8181818181818182,6528,50
0.7518316241912544,1.8207313131313128,257,45.51828282828282,1,25,0,subsidiary_stock_comp,0.0942768504222234,52,0.1936,18,9,0,1738,22,0.88,6656,51
0.7646643967309501,1.7608848484848485,240,44.02212121212121,2,25,0,subsidiary_stock_comp,0.044819317758083344,47,0.1926,22,9,0,1738,22,0.88,6784,52
0.7065610875724815,1.9203030303030302,219,46.087272727272726,0,24,0,subsidiary_stock_comp,0.000493563711643219,49,0.1917,14,9,0,1738,23,0.9583333333333334,6912,53
0.7935414490057155,1.6761777777777778,198,41.904444444444444,0,25,0,subsidiary_stock_comp,0.03152287192642689,49,0.1907,17,9,0,1738,20,0.8,7040,54
0.7049199551547645,2.014804040404041,217.8,50.370101010101024,0,25,0,subsidiary_stock_comp,0.006824362402160962,52,0.1898,17,9,0,1738,25,1.0,7168,55
0.753705165705469,1.8685818181818186,217.8,46.714545454545465,1,25,0,subsidiary_stock_comp,0.03194474553068479,56,0.1888,20,9,0,1738,23,0.92,7296,56
0.8156760779529577,1.892840909090909,277,45.42818181818182,1,24,0,subsidiary_stock_comp,0.014069765185316404,50,0.1879,25,9,0,1738,22,0.9166666666666666,7424,57
0.6256140537298052,1.7840598290598289,198,46.38555555555555,0,26,0,subsidiary_stock_comp,0.002982181186477343,53,0.1869,19,9,0,1738,23,0.8846153846153846,7552,58
0.7234210081496713,1.8028282828282824,219,39.66222222222221,0,22,0,subsidiary_stock_comp,0.036030556385715805,46,0.186,26,9,0,1738,19,0.8636363636363636,7680,59
0.680816284417233,1.9336247086247091,198,50.27424242424244,0,26,0,subsidiary_stock_comp,0.007450802251696587,56,0.1851,18,9,0,1738,25,0.9615384615384616,7808,60
0.8389483171622487,1.841690909090909,217.8,46.042272727272724,0,25,0,subsidiary_stock_comp,0.01169737366338571,50,0.1841,28,9,0,1738,23,0.92,7936,61
0.6490378933699503,1.8542424242424245,219,46.35606060606061,1,25,0,subsidiary_stock_comp,0.10040738681952159,49,0.1832,26,9,0,1738,23,0.92,8064,62
0.7356959814496804,1.8678606060606062,240,46.69651515151516,1,25,0,subsidiary_stock_comp,0.005566215142607689,56,0.1823,24,9,0,1738,23,0.92,8192,63
0.7157537512803174,1.7975084175084168,257,43.140202020202004,1,24,0,subsidiary_stock_comp,0.03208079934120178,48,0.1814,25,9,0,1738,21,0.875,8320,64
0.705496114313064,1.9891999999999999,198,49.73,0,25,0,subsidiary_stock_comp,0.051235537976026535,51,0.1805,21,9,0,1738,25,1.0,8448,65
0.6874139877254493,1.814010942760942,219,43.53626262626261,0,24,0,subsidiary_stock_comp,0.027344655245542526,50,0.1796,22,9,0,1738,21,0.875,8576,66
0.6485998342568564,1.7567757575757579,199,43.91939393939395,2,25,0,subsidiary_stock_comp,0.018807291363676388,53,0.1787,19,9,0,1738,21,0.84,8704,67
0.6401623685778759,1.9631555555555553,277,49.07888888888888,0,25,0,subsidiary_stock_comp,0.12791613737742105,55,0.1778,21,9,0,1738,24,0.96,8832,68
0.7151632100903953,1.8946181818181822,277,47.365454545454554,0,25,0,subsidiary_stock_comp,0.05711588511864344,57,0.1769,19,9,0,1738,23,0.92,8960,69
0.7549518670548423,1.8945477502295682,277,41.6800505050505,0,22,0,subsidiary_stock_comp,-0.010025069738427797,46,0.176,23,9,0,1738,20,0.9090909090909091,9088,70
0.8781691599378973,1.8269696969696956,278,38.36636363636361,0,21,0,subsidiary_stock_comp,0.014265861362218857,51,0.1751,24,9,0,1738,18,0.8571428571428571,9216,71
0.7316763151738996,1.8175273569023567,277,43.62065656565656,1,24,0,subsidiary_stock_comp,0.0031921428938706717,54,0.1743,21,9,0,1738,21,0.875,9344,72
0.6944606769984603,1.9910245310245307,278,41.811515151515145,0,21,0,subsidiary_stock_comp,0.06987200553218524,50,0.1734,23,9,0,1738,20,0.9523809523809523,9472,73
0.7122365875911782,2.037048748353095,278,46.85212121212119,0,23,0,subsidiary_stock_comp,0.1802500238021215,50,0.1725,29,9,0,1738,23,1.0,9600,74
0.5790404597591987,2.002753623188406,278,46.06333333333334,0,23,0,subsidiary_stock_comp,0.009900947411855062,52,0.1717,19,9,0,1738,22,0.9565217391304348,9728,75
0.5361413475511654,1.7941589811155025,277,41.265656565656556,1,23,0,subsidiary_stock_comp,0.12071529775857925,52,0.1708,24,9,0,1738,19,0.8260869565217391,9856,76
0.6804896597313927,1.9231726354453629,278,42.309797979797985,1,22,0,subsidiary_stock_comp,0.04041885274151961,54,0.1699,25,9,0,1738,20,0.9090909090909091,9984,77
0.629330796728027,1.8259722222222228,277,43.823333333333345,0,24,0,subsidiary_stock_comp,0.020022806401054066,59,0.1691,20,9,0,1738,21,0.875,10112,78
0.7353295510438329,1.728617424242424,277,41.48681818181817,2,24,0,subsidiary_stock_comp,-0.0003098919987678528,55,0.1683,25,9,0,1738,19,0.7916666666666666,10240,79
0.7161738278991834,1.9528918817807708,198,52.72808080808081,0,27,0,subsidiary_stock_comp,0.05238683025042216,55,0.1674,16,9,0,1738,26,0.9629629629629629,10368,80
1.0266509209977812,1.6184453227931486,198,37.22424242424242,0,23,0,subsidiary_stock_comp,0.0793951228260994,41,0.1666,31,9,0,1738,18,0.782608695652174,10496,81
0.8323067828387138,1.6453745791245795,277,39.48898989898991,0,24,0,subsidiary_stock_comp,0.17204498251279196,43,0.1657,22,9,0,1738,19,0.7916666666666666,10624,82
0.8198670069950822,1.5337088274044786,198,35.27530303030301,1,23,0,subsidiary_stock_comp,0.14047531286875406,48,0.1649,29,9,0,1738,16,0.6956521739130435,10752,83
0.5856249996941187,2.0128806584362136,277,54.34777777777777,0,27,0,subsidiary_stock_comp,0.05388341099023819,57,0.1641,17,9,0,1738,27,1.0,10880,84
0.6545994650477951,1.8277919191919187,198,45.69479797979797,1,25,0,subsidiary_stock_comp,0.021078138301769894,50,0.1633,20,9,0,1738,22,0.88,11008,85
0.6853188268787562,1.7724747474747478,259,40.7669191919192,1,23,0,subsidiary_stock_comp,0.06567164386312167,55,0.1625,24,9,0,1738,19,0.8260869565217391,11136,86
0.642938947694347,1.9655322455322457,277,51.10383838383839,0,26,0,subsidiary_stock_comp,0.09612577905257542,56,0.1616,20,9,0,1738,25,0.9615384615384616,11264,87
0.7511782485235017,1.9950462962962965,278,47.88111111111112,0,24,0,subsidiary_stock_comp,0.02331806408862273,52,0.1608,28,9,0,1738,23,0.9583333333333334,11392,88
0.7416503659551381,1.916332556332556,198,49.824646464646456,0,26,0,subsidiary_stock_comp,0.027643376340468723,57,0.16,23,9,0,1738,24,0.9230769230769231,11520,89
0.4667281649890356,1.9539238539238537,278,50.802020202020195,1,26,0,subsidiary_stock_comp,0.012078282423317432,53,0.1592,17,9,0,1738,25,0.9615384615384616,11648,90
0.5166601179789723,1.9804234654234658,277,51.49101010101011,0,26,0,subsidiary_stock_comp,0.1404046763976415,55,0.1584,18,9,0,1738,25,0.9615384615384616,11776,91
0.5869899615136092,1.9673494949494954,277,49.18373737373739,1,25,0,subsidiary_stock_comp,0.06663561736543973,54,0.1576,22,9,0,1738,24,0.96,11904,92
0.7029435114181979,1.7189745278875717,217.8,39.53641414141415,0,23,0,subsidiary_stock_comp,0.02099276768664519,58,0.1569,21,9,0,1738,18,0.782608695652174,12032,93
0.5784627507928235,1.8879681429681425,277,49.08717171717171,0,26,0,subsidiary_stock_comp,0.05169505998492241,53,0.1561,22,9,0,1738,24,0.9230769230769231,12160,94
0.5029379289881035,1.9672066822066827,277,51.14737373737375,0,26,0,subsidiary_stock_comp,0.051911683132251106,59,0.1553,18,9,0,1738,25,0.9615384615384616,12288,95
0.6082779598164052,1.879208080808081,257,46.98020202020203,0,25,0,subsidiary_stock_comp,0.021300059743225574,53,0.1545,25,9,0,1738,23,0.92,12416,96
0.45042416808428243,1.964606782106782,277,55.008989898989896,0,28,0,subsidiary_stock_comp,0.03548158953587214,58,0.1537,13,9,0,1738,27,0.9642857142857143,12544,97
0.5343096113756474,2.046121212121213,278,51.15303030303032,0,25,0,subsidiary_stock_comp,0.03868216400345167,54,0.153,20,9,0,1738,25,1.0,12672,98
0.6459379967800487,1.972898550724638,278,45.37666666666667,0,23,0,subsidiary_stock_comp,0.05630971988042196,54,0.1522,27,9,0,1738,22,0.9565217391304348,12800,99
