avg_reward_per_episode,best_tax_advantage,cumulative_reward,episode_count,invalid_count,loophole,loss,positive_reward_count,random_action_prob,random_exploration_count,run,saved_snapshots,seed,success_count,success_rate,total_steps,update
-0.050302871404882744,0,-0.5533315854537102,11,0,dub_irish_dutch,-0.028503033022085827,5,0.25,37,0,0,1729,0,0.0,128,0
-0.07195850653715824,0,-0.6476265588344242,9,0,dub_irish_dutch,-0.03282753502329191,6,0.2487,30,0,0,1729,0,0.0,256,1
-0.03357673814381484,0,-0.402920857725778,12,0,dub_irish_dutch,-0.02467401015261809,4,0.2475,31,0,0,1729,0,0.0,384,2
-0.03672506738544475,0,-0.36725067385444754,10,0,dub_irish_dutch,-0.022780561819672585,3,0.2463,36,0,0,1729,0,0.0,512,3
-0.028496623314504383,0,-0.39895272640306134,14,0,dub_irish_dutch,-0.020522760848204296,2,0.245,34,0,0,1729,0,0.0,640,4
-0.0445739565361693,0,-0.4903135218978623,11,0,dub_irish_dutch,-0.025452498346567154,4,0.2438,28,0,0,1729,0,0.0,768,5
-0.02706576391898913,44604000,-0.24359187527090218,9,0,dub_irish_dutch,-0.02467840847869714,8,0.2426,33,0,0,1729,1,0.1111111111111111,896,6
0.0015688661029445343,46746000,0.01725752713238988,11,0,dub_irish_dutch,-0.029749948531389236,7,0.2414,37,0,0,1729,1,0.09090909090909091,1024,7
-0.03346782700421943,0,-0.4016139240506332,12,0,dub_irish_dutch,-0.031786262368162475,5,0.2402,33,0,0,1729,0,0.0,1152,8
-0.007793368372016577,46746000,-0.10910715720823207,14,0,dub_irish_dutch,-0.02407843992114067,11,0.239,36,0,0,1729,1,0.07142857142857142,1280,9
-0.03330249482468257,46746000,-0.4329324327208734,13,0,dub_irish_dutch,-0.02520626907547315,5,0.2378,31,0,0,1729,1,0.07692307692307693,1408,10
-0.035706694883300374,0,-0.4641870334829049,13,0,dub_irish_dutch,-0.03856408720215162,4,0.2366,31,0,0,1729,0,0.0,1536,11
-0.028446490218642127,0,-0.3129113924050634,11,0,dub_irish_dutch,-0.03052067259947459,3,0.2354,33,0,0,1729,0,0.0,1664,12
-0.05567422376651407,0,-0.5010680138986267,9,0,dub_irish_dutch,-0.04476523151000341,4,0.2342,27,0,0,1729,0,0.0,1792,13
-0.023734437654681823,74034000,-0.2848132518561819,12,0,dub_irish_dutch,-0.03010286142428716,9,0.2331,30,0,0,1729,1,0.08333333333333333,1920,14
-0.015333716915995398,0,-0.16867088607594938,11,0,dub_irish_dutch,-0.02157946986456712,3,0.2319,27,0,0,1729,0,0.0,2048,15
-0.042408182409195756,0,-0.5088981889103491,12,0,dub_irish_dutch,-0.03744801009694735,4,0.2307,32,0,0,1729,0,0.0,2176,16
-0.02194564809444198,0,-0.26334777713330376,12,0,dub_irish_dutch,-0.03470052778720856,7,0.2296,27,0,0,1729,0,0.0,2304,17
-0.019455431832631858,0,-0.23346518199158228,12,0,dub_irish_dutch,-0.021949689214428265,5,0.2284,29,0,0,1729,0,0.0,2432,18
-0.024092429416386812,0,-0.28910915299664175,12,0,dub_irish_dutch,-0.03926262507836024,5,0.2273,33,0,0,1729,0,0.0,2560,19
-0.0020113600170823154,0,-0.022124960187905468,11,0,dub_irish_dutch,-0.03188425302505493,8,0.2262,30,0,0,1729,0,0.0,2688,20
-0.02322567642608212,0,-0.2322567642608212,10,0,dub_irish_dutch,-0.0331787479420503,6,0.225,34,0,0,1729,0,0.0,2816,21
-0.010853008377760851,0,-0.14108910891089108,13,0,dub_irish_dutch,-0.027453468491633732,4,0.2239,33,0,0,1729,0,0.0,2944,22
0.0019902445824970688,0,0.025873179572461893,13,0,dub_irish_dutch,-0.024106790622075398,7,0.2228,24,0,0,1729,0,0.0,3072,23
-0.01320205282469,0,-0.1320205282469,10,0,dub_irish_dutch,-0.03439908598860105,2,0.2217,26,0,0,1729,0,0.0,3200,24
-0.04541444110907255,0,-0.4541444110907255,10,0,dub_irish_dutch,-0.03236265666782856,4,0.2206,33,0,0,1729,0,0.0,3328,25
-0.00731255819599948,28760400,-0.10237581474399272,14,0,dub_irish_dutch,-0.03597865750392278,6,0.2195,25,0,0,1729,1,0.07142857142857142,3456,26
-0.0270447906523856,0,-0.3515822784810128,13,0,dub_irish_dutch,-0.036309897899627686,6,0.2184,27,0,0,1729,0,0.0,3584,27
0.0022264918625678138,46746000,0.031170886075949394,14,0,dub_irish_dutch,-0.021722815930843353,6,0.2173,26,0,0,1729,1,0.07142857142857142,3712,28
-0.0008958130824871332,0,-0.011645570072332731,13,0,dub_irish_dutch,-0.028373921910921734,5,0.2162,29,0,0,1729,0,0.0,3840,29
-0.00835929892891918,0,-0.10867088607594935,13,0,dub_irish_dutch,-0.039268398036559425,3,0.2151,28,0,0,1729,0,0.0,3968,30
-0.0011665414467473716,2322000,-0.01516503880771583,13,0,dub_irish_dutch,-0.00536329485476017,3,0.214,28,0,0,1729,1,0.07692307692307693,4096,31
-0.01546402129038862,696600,-0.21649629806544068,14,0,dub_irish_dutch,-0.03131866827607155,6,0.213,18,0,0,1729,1,0.07142857142857142,4224,32
-0.002549902629016554,0,-0.0331487341772152,13,0,dub_irish_dutch,-0.022569043561816216,3,0.2119,20,0,0,1729,0,0.0,4352,33
-0.02940928270042195,0,-0.3529113924050634,12,0,dub_irish_dutch,-0.029681932802001636,5,0.2108,24,0,0,1729,0,0.0,4480,34
-0.01031314060596299,6210000,-0.14438396848348187,14,0,dub_irish_dutch,-0.0356572854022185,5,0.2098,26,0,0,1729,2,0.14285714285714285,4608,35
-0.006446928783455106,46746000,-0.09025700296837148,14,0,dub_irish_dutch,-0.019901204854249954,4,0.2087,27,0,0,1729,1,0.07142857142857142,4736,36
-0.008014060885430127,46746000,-0.12021091328145189,15,0,dub_irish_dutch,-0.01124614073584477,6,0.2077,32,0,0,1729,1,0.06666666666666667,4864,37
-0.014403897988803652,0,-0.1872506738544475,13,0,dub_irish_dutch,-0.030289376775423687,3,0.2066,25,0,0,1729,0,0.0,4992,38
-0.004810126582278481,0,-0.06734177215189874,14,0,dub_irish_dutch,-0.019411491851011913,6,0.2056,31,0,0,1729,0,0.0,5120,39
0.012005857636650706,40500000,0.1560761492764592,13,0,dub_irish_dutch,0.007377771660685539,10,0.2046,24,0,0,1729,1,0.07692307692307693,5248,40
0.015455223932083588,46746000,0.20091791111708665,13,0,dub_irish_dutch,-0.039387378841638565,9,0.2036,29,0,0,1729,1,0.07692307692307693,5376,41
-0.005736079361288341,0,-0.0688329523354601,12,0,dub_irish_dutch,-0.03834334140022596,3,0.2025,30,0,0,1729,0,0.0,5504,42
-0.006902287148317325,0,-0.07592515863149057,11,0,dub_irish_dutch,-0.029073016718029976,6,0.2015,31,0,0,1729,0,0.0,5632,43
-0.0012671387391903753,0,-0.012671387391903752,10,0,dub_irish_dutch,-0.027598418295383453,7,0.2005,26,0,0,1729,0,0.0,5760,44
-0.004111217202653094,0,-0.04933460643183713,12,0,dub_irish_dutch,-0.022398545096317928,6,0.1995,20,0,0,1729,0,0.0,5888,45
-0.01263185654008439,0,-0.1515822784810127,12,0,dub_irish_dutch,-0.03977187226215998,3,0.1985,27,0,0,1729,0,0.0,6016,46
0.003610937600910618,0,0.028887500807284944,8,0,dub_irish_dutch,-0.030467474833130836,5,0.1975,29,0,0,1729,0,0.0,6144,47
-0.0002230218347510796,46746000,-0.0031223056865151144,14,0,dub_irish_dutch,0.003582314277688662,7,0.1965,26,0,0,1729,1,0.07142857142857142,6272,48
0.003043355020904579,0,0.03956361527175953,13,0,dub_irish_dutch,-0.022616978113849957,5,0.1956,20,0,0,1729,0,0.0,6400,49
-0.0036667084429961986,0,-0.044000501315954385,12,0,dub_irish_dutch,-0.027415332073966663,3,0.1946,24,0,0,1729,0,0.0,6528,50
-0.003937556154537288,0,-0.04725067385444746,12,0,dub_irish_dutch,-0.026879290739695232,3,0.1936,26,0,0,1729,0,0.0,6656,51
0.0026290165530671863,0,0.03417721518987342,13,0,dub_irish_dutch,0.0011353113998969395,3,0.1926,26,0,0,1729,0,0.0,6784,52
0.014492225592402635,46746000,0.18839893270123426,13,0,dub_irish_dutch,0.010002957036097845,8,0.1917,24,0,0,1729,1,0.07692307692307693,6912,53
0.00014131738117008724,46746000,0.0019784433363812214,14,0,dub_irish_dutch,-0.012245690450072289,10,0.1907,30,0,0,1729,2,0.14285714285714285,7040,54
-0.001616358325219084,46746000,-0.02101265822784809,13,0,dub_irish_dutch,-0.034184170265992485,6,0.1898,31,0,0,1729,1,0.07692307692307693,7168,55
0.006763920638711659,0,0.0811670476645399,12,0,dub_irish_dutch,-0.03133039673169454,6,0.1888,22,0,0,1729,0,0.0,7296,56
-0.012551202474155457,0,-0.1506144296898655,12,0,dub_irish_dutch,-0.030163995921611786,1,0.1879,28,0,0,1729,0,0.0,7424,57
0.0033699751732905064,46746000,0.04043970207948608,12,0,dub_irish_dutch,-0.011159592928985754,9,0.1869,29,0,0,1729,1,0.08333333333333333,7552,58
0.00017721518987341746,0,0.002658227848101262,15,0,dub_irish_dutch,-0.011515866033732891,3,0.186,16,0,0,1729,0,0.0,7680,59
0.01049243669346577,0,0.1468941137085208,14,0,dub_irish_dutch,-0.024462847039103508,7,0.1851,25,0,0,1729,0,0.0,7808,60
-0.0036984432857250825,38480400,-0.055476649285876235,15,0,dub_irish_dutch,0.039957004288832344,4,0.1841,24,0,0,1729,1,0.06666666666666667,7936,61
-0.001215906889222892,0,-0.013374975781451812,11,0,dub_irish_dutch,-0.01701221490899722,6,0.1832,25,0,0,1729,0,0.0,8064,62
-0.008222573839662446,0,-0.09867088607594936,12,0,dub_irish_dutch,-0.028463123366236687,4,0.1823,23,0,0,1729,0,0.0,8192,63
-0.006252282822411667,0,-0.056270545401705,9,0,dub_irish_dutch,-0.036266266057888664,5,0.1814,16,0,0,1729,0,0.0,8320,64
0.028665526567698548,46746000,0.315320792244684,11,0,dub_irish_dutch,-0.006273273999492328,14,0.1805,23,0,0,1729,1,0.09090909090909091,8448,65
0.0015463146985567552,6210000,0.018555776382681063,12,0,dub_irish_dutch,-0.042954009026288986,6,0.1796,25,0,0,1729,1,0.08333333333333333,8576,66
-0.0005493783741932779,696600,-0.007141918864512613,13,0,dub_irish_dutch,-0.03413324182232221,8,0.1787,17,0,0,1729,1,0.07692307692307693,8704,67
0.00020067994474816617,0,0.002408159336977994,12,0,dub_irish_dutch,-0.03162724711000919,8,0.1778,22,0,0,1729,0,0.0,8832,68
0.005458860759493671,0,0.06550632911392405,12,0,dub_irish_dutch,-0.014068910852074623,5,0.1769,16,0,0,1729,0,0.0,8960,69
0.02065886264411051,46746000,0.24790635172932612,12,0,dub_irish_dutch,-0.02030792273581028,10,0.176,23,0,0,1729,2,0.16666666666666666,9088,70
0.006277131656825916,0,0.06277131656825916,10,0,dub_irish_dutch,-0.013324901461601257,7,0.1751,26,0,0,1729,0,0.0,9216,71
0.012531645569620253,0,0.12531645569620253,10,0,dub_irish_dutch,-0.019927415996789932,8,0.1743,13,0,0,1729,0,0.0,9344,72
0.018959146957529354,46746000,0.2464689104478816,13,0,dub_irish_dutch,-0.010363757299880186,8,0.1734,19,0,0,1729,2,0.15384615384615385,9472,73
-0.012591480165599273,2322000,-0.10073184132479418,8,0,dub_irish_dutch,-0.02687334269285202,9,0.1725,26,0,0,1729,1,0.125,9600,74
0.005374527738310514,0,0.05374527738310514,10,0,dub_irish_dutch,-0.011074488361676535,5,0.1717,16,0,0,1729,0,0.0,9728,75
-0.004461302371811143,0,-0.04461302371811143,10,0,dub_irish_dutch,-0.022485274200638134,6,0.1708,20,0,0,1729,0,0.0,9856,76
0.011768393102726201,46746000,0.1529891103354406,13,0,dub_irish_dutch,0.038859862834215164,7,0.1699,18,0,0,1729,2,0.15384615384615385,9984,77
0.021543125616855497,0,0.258517507402266,12,0,dub_irish_dutch,-0.02177816132704417,11,0.1691,22,0,0,1729,0,0.0,10112,78
0.023776357784143085,0,0.19021086227314468,8,0,dub_irish_dutch,-0.018406223505735397,10,0.1683,21,0,0,1729,0,0.0,10240,79
0.0085931514165649,46746000,0.09452466558221388,11,0,dub_irish_dutch,-0.0018927718823154767,5,0.1674,20,0,0,1729,1,0.09090909090909091,10368,80
0.012002466087305172,46746000,0.14402959304766205,12,0,dub_irish_dutch,-0.01174934891362985,8,0.1666,23,0,0,1729,1,0.08333333333333333,10496,81
-0.003910727080418984,0,-0.03910727080418984,10,0,dub_irish_dutch,0.07133184870084126,5,0.1657,25,0,0,1729,0,0.0,10624,82
0.0038368400592822954,0,0.038368400592822954,10,0,dub_irish_dutch,-0.018034021680553753,6,0.1649,24,0,0,1729,0,0.0,10752,83
0.008358182072068085,0,0.09194000279274893,11,0,dub_irish_dutch,-0.022403720145424206,5,0.1641,19,0,0,1729,0,0.0,10880,84
0.012192693428828482,46746000,0.14631232114594178,12,0,dub_irish_dutch,-0.0029876322175065675,10,0.1633,20,0,0,1729,1,0.08333333333333333,11008,85
0.010276476285637963,0,0.11304123914201758,11,0,dub_irish_dutch,-9.065121412277222e-05,6,0.1625,22,0,0,1729,0,0.0,11136,86
0.02246028619336363,0,0.2246028619336363,10,0,dub_irish_dutch,-0.010556038469076157,12,0.1616,17,0,0,1729,0,0.0,11264,87
0.013421451930649139,0,0.10737161544519311,8,0,dub_irish_dutch,-0.03024407910803954,7,0.1608,23,0,0,1729,0,0.0,11392,88
0.0004269149065876343,0,0.0034153192527010745,8,0,dub_irish_dutch,0.030850957458217938,5,0.16,18,0,0,1729,0,0.0,11520,89
0.02712199471362911,46746000,0.16273196828177466,6,0,dub_irish_dutch,-0.0158659170071284,7,0.1592,25,0,0,1729,1,0.16666666666666666,11648,90
0.0434366614327693,46746000,0.2171833071638465,5,0,dub_irish_dutch,-0.025019661833842594,8,0.1584,20,0,0,1729,2,0.4,11776,91
0.017867892459036683,56754000,0.12507524721325677,7,0,dub_irish_dutch,0.06767673542102177,6,0.1576,20,0,0,1729,1,0.14285714285714285,11904,92
0.01856966635304981,38921400,0.14855733082439848,8,0,dub_irish_dutch,-0.03395912299553553,14,0.1569,16,0,0,1729,1,0.125,12032,93
0.01281568801392064,0,0.0640784400696032,5,0,dub_irish_dutch,0.00938492144147555,2,0.1561,16,0,0,1729,0,0.0,12160,94
0.012680479500977214,0,0.05072191800390886,4,0,dub_irish_dutch,0.004462856178482373,7,0.1553,21,0,0,1729,0,0.0,12288,95
0.028299184339479463,0,0.16979510603687678,6,0,dub_irish_dutch,-0.01668676796058814,11,0.1545,23,0,0,1729,0,0.0,12416,96
0.03457650158933588,0,0.2074590095360153,6,0,dub_irish_dutch,0.024716300889849663,11,0.1537,19,0,0,1729,0,0.0,12544,97
0.030964489049179793,46746000,0.18578693429507875,6,0,dub_irish_dutch,0.016278211648265522,9,0.153,21,0,0,1729,1,0.16666666666666666,12672,98
0.028013938091805864,46746000,0.25212544282625277,9,0,dub_irish_dutch,-0.027375799293319385,9,0.1522,20,0,0,1729,2,0.2222222222222222,12800,99
-0.033768138298505106,46746000,-0.33768138298505107,10,0,dub_irish_dutch,-0.027558363353212673,6,0.25,21,1,0,1730,1,0.1,128,0
-0.03744624540502805,46746000,-0.26212371783519633,7,0,dub_irish_dutch,-0.02536868800719579,6,0.2487,31,1,0,1730,1,0.14285714285714285,256,1
-0.024682462057962415,0,-0.296189544695549,12,0,dub_irish_dutch,-0.020617321133613586,4,0.2475,30,1,0,1730,0,0.0,384,2
-0.02313441927085701,3701700,-0.3238818697919981,14,0,dub_irish_dutch,-0.0297323161115249,8,0.2463,36,1,0,1730,1,0.07142857142857142,512,3
-0.0458790436005626,0,-0.4129113924050634,9,0,dub_irish_dutch,-0.02618788182735443,4,0.245,25,1,0,1730,0,0.0,640,4
-0.012867088607594937,0,-0.12867088607594937,10,0,dub_irish_dutch,-0.02080834036072095,3,0.2438,34,1,0,1730,0,0.0,768,5
-0.05054498166454083,23373000,-0.6065397799744899,12,0,dub_irish_dutch,-0.026414198180039723,4,0.2426,33,1,0,1730,1,0.08333333333333333,896,6
-0.03413347990023624,0,-0.37546827890259865,11,0,dub_irish_dutch,-0.02503672366340955,3,0.2414,30,1,0,1730,0,0.0,1024,7
-0.04219584436100985,6210000,-0.4219584436100985,10,0,dub_irish_dutch,-0.023270323872566223,5,0.2402,29,1,0,1730,1,0.1,1152,8
-0.04036804355863316,38480400,-0.4844165227035979,12,0,dub_irish_dutch,-0.029905997837583225,7,0.239,27,1,0,1730,1,0.08333333333333333,1280,9
-0.013467031177297493,46746000,-0.17507140530486742,13,0,dub_irish_dutch,-0.026026980951428413,6,0.2378,22,1,0,1730,2,0.15384615384615385,1408,10
-0.03654478312290107,0,-0.3654478312290107,10,0,dub_irish_dutch,-0.0292328887929519,3,0.2366,32,1,0,1730,0,0.0,1536,11
-0.04405183753188776,0,-0.3524147002551021,8,0,dub_irish_dutch,-0.028566581507523853,5,0.2354,36,1,0,1730,0,0.0,1664,12
-0.01676662419858623,0,-0.23473273878020723,14,0,dub_irish_dutch,-0.02539293033381303,9,0.2342,27,1,0,1730,0,0.0,1792,13
-0.021159231474305772,74034000,-0.25391077769166925,12,0,dub_irish_dutch,-0.025130643819769222,8,0.2331,25,1,0,1730,1,0.08333333333333333,1920,14
-0.03127650188250598,0,-0.28148851694255383,9,0,dub_irish_dutch,-0.028041422367095947,5,0.2319,31,1,0,1730,0,0.0,2048,15
-0.011734177215189868,0,-0.11734177215189869,10,0,dub_irish_dutch,-0.034483395516872406,2,0.2307,32,1,0,1730,0,0.0,2176,16
-0.05806640492790907,0,-0.6387304542069998,11,0,dub_irish_dutch,-0.03555007775624593,5,0.2296,27,1,0,1730,0,0.0,2304,17
0.00979928319120872,6210000,0.10779211510329591,11,0,dub_irish_dutch,-0.026274410386880238,4,0.2284,28,1,0,1730,1,0.09090909090909091,2432,18
-0.02912356650210034,0,-0.32035923152310375,11,0,dub_irish_dutch,-0.025996402526895206,9,0.2273,22,1,0,1730,0,0.0,2560,19
-0.020962790572917583,0,-0.23059069630209342,11,0,dub_irish_dutch,-0.024206493670741718,5,0.2262,30,1,0,1730,0,0.0,2688,20
-0.0395763504154265,0,-0.43533985456969154,11,0,dub_irish_dutch,-0.027026626591881115,4,0.225,29,1,0,1730,0,0.0,2816,21
-0.029099390903513305,0,-0.29099390903513306,10,0,dub_irish_dutch,-0.03172472181419531,4,0.2239,28,1,0,1730,0,0.0,2944,22
-0.04206435499001064,0,-0.46270790489011704,11,0,dub_irish_dutch,-0.027734046801924706,7,0.2228,32,1,0,1730,0,0.0,3072,23
0.012189333867023797,46746000,0.12189333867023797,10,0,dub_irish_dutch,-0.014620978074769178,10,0.2217,23,1,0,1730,2,0.2,3200,24
-0.01952443486130152,0,-0.21476878347431672,11,0,dub_irish_dutch,-0.020039913554986317,4,0.2206,29,1,0,1730,0,0.0,3328,25
-0.024444473606164568,0,-0.3177781568801394,13,0,dub_irish_dutch,-0.020174020280440647,5,0.2195,31,1,0,1730,0,0.0,3456,26
-0.008322972856063012,0,-0.0665837828485041,8,0,dub_irish_dutch,-0.026563528304298718,5,0.2184,23,1,0,1730,0,0.0,3584,27
-0.015037047174401583,0,-0.19548161326722058,13,0,dub_irish_dutch,-0.03415322055419286,6,0.2173,34,1,0,1730,0,0.0,3712,28
-0.016633492164164206,0,-0.1996019059699705,12,0,dub_irish_dutch,-0.024171012764175732,5,0.2162,22,1,0,1730,0,0.0,3840,29
-0.03442656855095084,0,-0.41311882261141003,12,0,dub_irish_dutch,-0.02103295425573985,5,0.2151,22,1,0,1730,0,0.0,3968,30
0.0024841125240146764,2322000,0.032293462812190796,13,0,dub_irish_dutch,-0.018300519014398258,3,0.214,31,1,0,1730,1,0.07692307692307693,4096,31
-0.007692307692307692,0,-0.09999999999999999,13,0,dub_irish_dutch,-0.021102530881762505,3,0.213,27,1,0,1730,0,0.0,4224,32
-0.005824596642777691,0,-0.0698951597133323,12,0,dub_irish_dutch,-0.029283965627352398,5,0.2119,24,1,0,1730,0,0.0,4352,33
-0.013713485881207401,0,-0.17827531645569622,13,0,dub_irish_dutch,-0.02896147593855858,7,0.2108,32,1,0,1730,0,0.0,4480,34
-0.00847991723466407,0,-0.1102389240506329,13,0,dub_irish_dutch,-0.008180356584489346,6,0.2098,28,1,0,1730,0,0.0,4608,35
-0.024396191571474,0,-0.292754298857688,12,0,dub_irish_dutch,-0.036154900987943016,6,0.2087,25,1,0,1730,0,0.0,4736,36
0.0032215189873417696,46746000,0.04832278481012654,15,0,dub_irish_dutch,-0.03486454114317894,6,0.2077,28,1,0,1730,1,0.06666666666666667,4864,37
-0.0011124634858812078,0,-0.014462025316455702,13,0,dub_irish_dutch,-0.020024017120401066,6,0.2066,19,1,0,1730,0,0.0,4992,38
-0.008419633236997327,0,-0.12629449855495992,15,0,dub_irish_dutch,-0.029225146397948265,4,0.2056,28,1,0,1730,0,0.0,5120,39
0.001968191513716903,0,0.025586489678319738,13,0,dub_irish_dutch,-0.01962857072552045,4,0.2046,18,1,0,1730,0,0.0,5248,40
0.01247275651958984,46746000,0.17461859127425775,14,0,dub_irish_dutch,-0.0036767063041528067,7,0.2036,33,1,0,1730,1,0.07142857142857142,5376,41
-0.001248869801084992,46746000,-0.01748417721518989,14,0,dub_irish_dutch,-0.02749970058600108,5,0.2025,30,1,0,1730,1,0.07142857142857142,5504,42
-0.0025178458440917556,0,-0.030214150129101065,12,0,dub_irish_dutch,-0.016410086924831074,6,0.2015,29,1,0,1730,0,0.0,5632,43
0.009625433058866607,38921400,0.11550519670639929,12,0,dub_irish_dutch,-0.013900797814130783,8,0.2005,26,1,0,1730,2,0.16666666666666666,5760,44
-0.005106963102102983,0,-0.06639052032733878,13,0,dub_irish_dutch,-0.00874025064210097,6,0.1995,27,1,0,1730,0,0.0,5888,45
0.00800422512755102,46746000,0.0800422512755102,10,0,dub_irish_dutch,-0.016346981128056843,5,0.1985,26,1,0,1730,1,0.1,6016,46
-0.0010268581864564007,0,-0.011295440051020407,11,0,dub_irish_dutch,-0.029418592030803364,3,0.1975,27,1,0,1730,0,0.0,6144,47
0.02036820898053996,0,0.2647867167470195,13,0,dub_irish_dutch,-0.01834532991051674,11,0.1965,15,1,0,1730,0,0.0,6272,48
0.01730708253357506,0,0.1730708253357506,10,0,dub_irish_dutch,-0.02019610566397508,9,0.1956,24,1,0,1730,0,0.0,6400,49
-0.007272727272727273,0,-0.08,11,0,dub_irish_dutch,-0.0191115861137708,3,0.1946,24,1,0,1730,0,0.0,6528,50
0.023454927894318328,38921400,0.18763942315454663,8,0,dub_irish_dutch,-0.00403776050855716,5,0.1936,28,1,0,1730,1,0.125,6656,51
0.0026696243988480663,0,0.034705117185024864,13,0,dub_irish_dutch,-0.004101977683603764,10,0.1926,24,1,0,1730,0,0.0,6784,52
0.010554351905558021,0,0.12665222286669625,12,0,dub_irish_dutch,0.004292705406745275,7,0.1917,20,1,0,1730,0,0.0,6912,53
-0.0097086828521712,0,-0.13592155993039678,14,0,dub_irish_dutch,-0.013977435417473316,3,0.1907,26,1,0,1730,0,0.0,7040,54
0.0038034504844409486,46746000,0.03423105435996854,9,0,dub_irish_dutch,-0.0016091049959262211,9,0.1898,22,1,0,1730,1,0.1111111111111111,7168,55
-0.002410084435277276,0,-0.02892101322332731,12,0,dub_irish_dutch,-0.006884623318910599,6,0.1888,30,1,0,1730,0,0.0,7296,56
0.014280389736986568,0,0.14280389736986568,10,0,dub_irish_dutch,-0.013950097064177195,10,0.1879,24,1,0,1730,0,0.0,7424,57
0.02196066769314374,46746000,0.2196066769314374,10,0,dub_irish_dutch,-0.004934876846770446,9,0.1869,21,1,0,1730,1,0.1,7552,58
-0.013493716460253623,0,-0.14843088106278984,11,0,dub_irish_dutch,0.011327272901932398,3,0.186,26,1,0,1730,0,0.0,7680,59
0.019462570986724857,46746000,0.2140882808539734,11,0,dub_irish_dutch,0.015742717931667965,6,0.1851,21,1,0,1730,1,0.09090909090909091,7808,60
-0.0008638033059417432,0,-0.011229442977242661,13,0,dub_irish_dutch,-0.017301484942436218,7,0.1841,19,1,0,1730,0,0.0,7936,61
0.011657820169206924,0,0.10492038152286232,9,0,dub_irish_dutch,0.005066365003585815,9,0.1832,20,1,0,1730,0,0.0,8064,62
0.015855608791512387,46746000,0.14270047912361147,9,0,dub_irish_dutch,-0.0003878486653168996,6,0.1823,35,1,0,1730,1,0.1111111111111111,8192,63
0.007234424354465604,46746000,0.07957866789912164,11,0,dub_irish_dutch,-0.03504223500688871,10,0.1814,25,1,0,1730,1,0.09090909090909091,8320,64
0.006733237908856518,46746000,0.06059914117970867,9,0,dub_irish_dutch,-0.027822937195499737,8,0.1805,24,1,0,1730,1,0.1111111111111111,8448,65
-0.020224087162554902,0,-0.16179269730043921,8,0,dub_irish_dutch,0.054292974372704826,4,0.1796,21,1,0,1730,0,0.0,8576,66
-0.0051170679728127656,0,-0.040936543782502124,8,0,dub_irish_dutch,0.00269239271680514,7,0.1787,27,1,0,1730,0,0.0,8704,67
0.006440592538445453,23373000,0.08372770299979089,13,0,dub_irish_dutch,-0.02138661965727806,9,0.1778,24,1,0,1730,1,0.07692307692307693,8832,68
0.005531645569620256,0,0.05531645569620256,10,0,dub_irish_dutch,0.03372465322415034,5,0.1769,22,1,0,1730,0,0.0,8960,69
0.019185726255525906,46746000,0.17267153629973314,9,0,dub_irish_dutch,0.021929383277893066,11,0.176,23,1,0,1730,2,0.2222222222222222,9088,70
0.0017785273173038022,0,0.012449691221126616,7,0,dub_irish_dutch,-0.029508519917726517,4,0.1751,29,1,0,1730,0,0.0,9216,71
0.01702177323164234,46746000,0.13617418585313873,8,0,dub_irish_dutch,-0.0010663624852895737,11,0.1743,26,1,0,1730,1,0.125,9344,72
0.04329762837970542,56754000,0.519571540556465,12,0,dub_irish_dutch,-0.01910429572065671,11,0.1734,17,1,0,1730,3,0.25,9472,73
0.01606084192643302,46746000,0.14454757733789717,9,0,dub_irish_dutch,-0.008101025285820166,10,0.1725,25,1,0,1730,1,0.1111111111111111,9600,74
0.02570184000800583,0,0.1799128800560408,7,0,dub_irish_dutch,-0.009726975423594316,8,0.1717,24,1,0,1730,0,0.0,9728,75
0.0046781181743168615,0,0.03274682722021803,7,0,dub_irish_dutch,-0.009706545931597551,7,0.1708,24,1,0,1730,0,0.0,9856,76
0.014829482262083988,0,0.05931792904833595,4,0,dub_irish_dutch,0.01762423540155093,7,0.1699,18,1,0,1730,0,0.0,9984,77
0.005944481458960052,46746000,0.041611370212720364,7,0,dub_irish_dutch,-0.026984727010130882,7,0.1691,13,1,0,1730,1,0.14285714285714285,10112,78
-0.0003087640032479337,0,-0.002161348022735536,7,0,dub_irish_dutch,-0.022925328463315964,12,0.1683,19,1,0,1730,0,0.0,10240,79
-0.021447784810126585,0,-0.17158227848101268,8,0,dub_irish_dutch,-0.009583103470504284,4,0.1674,28,1,0,1730,0,0.0,10368,80
-0.00666361173093986,0,-0.039981670385639156,6,0,dub_irish_dutch,-0.023126499106486637,9,0.1666,25,1,0,1730,0,0.0,10496,81
0.03086282452854559,0,0.15431412264272795,5,0,dub_irish_dutch,0.015239999939997992,10,0.1657,14,1,0,1730,0,0.0,10624,82
-0.016158931771736714,0,-0.11311252240215701,7,0,dub_irish_dutch,-0.024713824192682903,7,0.1649,24,1,0,1730,0,0.0,10752,83
0.049621369410063135,46746000,0.34734958587044196,7,0,dub_irish_dutch,0.031392780443032585,9,0.1641,14,1,0,1730,1,0.14285714285714285,10880,84
0.07229820514181358,0,0.21689461542544075,3,0,dub_irish_dutch,-0.02468024690945943,12,0.1633,18,1,0,1730,0,0.0,11008,85
-0.004507527469611377,0,-0.03155269228727964,7,0,dub_irish_dutch,-0.03304211050271988,7,0.1625,24,1,0,1730,0,0.0,11136,86
0.019126162210119414,0,0.09563081105059706,5,0,dub_irish_dutch,0.014012470841407776,6,0.1616,25,1,0,1730,0,0.0,11264,87
0.03197413725610855,46746000,0.15987068628054274,5,0,dub_irish_dutch,-0.03424745425581932,11,0.1608,20,1,0,1730,1,0.2,11392,88
0.01406826788270688,0,0.08440960729624128,6,0,dub_irish_dutch,-0.047032306591669716,8,0.16,20,1,0,1730,0,0.0,11520,89
-0.0038098929741991728,0,-0.022859357845195036,6,0,dub_irish_dutch,-0.018009927744666736,4,0.1592,17,1,0,1730,0,0.0,11648,90
0.02181435416051592,46746000,0.15270047912361145,7,0,dub_irish_dutch,0.04597456629077593,6,0.1584,19,1,0,1730,1,0.14285714285714285,11776,91
0.09365493635357547,0,0.09365493635357547,1,0,dub_irish_dutch,0.006235981360077858,6,0.1576,17,1,0,1730,0,0.0,11904,92
0.024146725046822526,0,0.14488035028093516,6,0,dub_irish_dutch,0.008831777920325598,6,0.1569,25,1,0,1730,0,0.0,12032,93
0.018675020683661184,46746000,0.14940016546928947,8,0,dub_irish_dutch,-0.007582341010371844,13,0.1561,16,1,0,1730,1,0.125,12160,94
0.11741297468354431,0,0.23482594936708862,2,0,dub_irish_dutch,0.03021581160525481,8,0.1553,25,1,0,1730,0,0.0,12288,95
0.017240009487121212,23373000,0.08620004743560607,5,0,dub_irish_dutch,0.13771896560986838,7,0.1545,17,1,0,1730,1,0.2,12416,96
0.04348463030386205,46746000,0.2609077818231723,6,0,dub_irish_dutch,0.00405880684653918,7,0.1537,16,1,0,1730,1,0.16666666666666666,12544,97
0.06797468354430382,0,0.06797468354430382,1,0,dub_irish_dutch,-0.014537183567881584,6,0.153,19,1,0,1730,0,0.0,12672,98
0.02507174139434254,46746000,0.1253587069717127,5,0,dub_irish_dutch,0.0010079685598611832,8,0.1522,22,1,0,1730,1,0.2,12800,99
-0.04250000000000002,0,-0.5100000000000002,12,0,dub_irish_dutch,-0.021188415586948395,4,0.25,32,2,0,1731,0,0.0,128,0
-0.04302284482679606,46746000,-0.5162741379215527,12,0,dub_irish_dutch,-0.021271661544839542,6,0.2487,31,2,0,1731,1,0.08333333333333333,256,1
-0.019655083977815815,0,-0.19655083977815815,10,0,dub_irish_dutch,-0.026263846084475517,10,0.2475,40,2,0,1731,0,0.0,384,2
-0.04083452828322787,0,-0.44917981111550653,11,0,dub_irish_dutch,-0.026851401353875797,4,0.2463,31,2,0,1731,0,0.0,512,3
-0.04592904772003401,0,-0.5052195249203741,11,0,dub_irish_dutch,-0.02863716830809911,7,0.245,38,2,0,1731,0,0.0,640,4
-0.01844649021864212,0,-0.20291139240506334,11,0,dub_irish_dutch,-0.024949828783671062,5,0.2438,31,2,0,1731,0,0.0,768,5
-0.03235295565040563,1863000,-0.3882354678048675,12,0,dub_irish_dutch,-0.023809668297568958,7,0.2426,23,2,0,1731,1,0.08333333333333333,896,6
-0.03709691885938273,0,-0.33387226973444456,9,0,dub_irish_dutch,-0.026471310605605442,3,0.2414,25,2,0,1731,0,0.0,1024,7
-0.018131163730135277,0,-0.21757396476162333,12,0,dub_irish_dutch,-0.028535127639770508,6,0.2402,19,2,0,1731,0,0.0,1152,8
-0.02141582088874505,0,-0.2784056715536856,13,0,dub_irish_dutch,-0.02007040133078893,11,0.239,28,2,0,1731,0,0.0,1280,9
-0.011205026078408483,0,-0.14566533901931028,13,0,dub_irish_dutch,-0.027296158174673717,6,0.2378,32,2,0,1731,0,0.0,1408,10
-0.031150046558606422,0,-0.4049506052618835,13,0,dub_irish_dutch,-0.030572001511851948,4,0.2366,30,2,0,1731,0,0.0,1536,11
-0.06552613114074748,0,-0.5897351802667273,9,0,dub_irish_dutch,-0.024660696585973103,5,0.2354,33,2,0,1731,0,0.0,1664,12
-0.04310586734693879,0,-0.4310586734693879,10,0,dub_irish_dutch,-0.03388666485746702,2,0.2342,32,2,0,1731,0,0.0,1792,13
-0.014149525391802295,0,-0.16979430470162754,12,0,dub_irish_dutch,-0.030504229788978893,9,0.2331,30,2,0,1731,0,0.0,1920,14
-0.01583449575957279,46746000,-0.15834495759572792,10,0,dub_irish_dutch,-0.03396230687697729,7,0.2319,30,2,0,1731,1,0.1,2048,15
-0.02482925556586272,0,-0.2731218112244899,11,0,dub_irish_dutch,-0.03223376783231894,2,0.2307,30,2,0,1731,0,0.0,2176,16
-0.032477333986767956,0,-0.35725067385444753,11,0,dub_irish_dutch,-0.03538855786124865,2,0.2296,32,2,0,1731,0,0.0,2304,17
-0.056925021813740595,38480400,-0.6831002617648871,12,0,dub_irish_dutch,-0.03734943022330602,7,0.2284,27,2,0,1731,1,0.08333333333333333,2432,18
-0.01940954380248152,46746000,-0.19409543802481521,10,0,dub_irish_dutch,-0.029900843277573586,3,0.2273,25,2,0,1731,1,0.1,2560,19
-0.010917721518987341,0,-0.08734177215189873,8,0,dub_irish_dutch,-0.02979551317791144,5,0.2262,21,2,0,1731,0,0.0,2688,20
-0.024596036778748574,0,-0.34434451490248,14,0,dub_irish_dutch,-0.030793638279040653,3,0.225,29,2,0,1731,0,0.0,2816,21
-0.015730282375852004,0,-0.20449367088607603,13,0,dub_irish_dutch,-0.03764411807060242,6,0.2239,22,2,0,1731,0,0.0,2944,22
-0.017402117228365144,0,-0.22622752396874687,13,0,dub_irish_dutch,-0.029253455499807995,4,0.2228,27,2,0,1731,0,0.0,3072,23
0.0030731823979591837,0,0.036878188775510204,12,0,dub_irish_dutch,-0.016751257081826527,4,0.2217,32,2,0,1731,0,0.0,3200,24
-0.01155590717299578,0,-0.13867088607594935,12,0,dub_irish_dutch,-0.01640833479662736,4,0.2206,36,2,0,1731,0,0.0,3328,25
-0.02449367088607596,0,-0.34291139240506346,14,0,dub_irish_dutch,-0.03440839548905691,2,0.2195,28,2,0,1731,0,0.0,3456,26
-0.032281118143459936,0,-0.38737341772151923,12,0,dub_irish_dutch,-0.03996701290210088,5,0.2184,33,2,0,1731,0,0.0,3584,27
-0.003147542903135617,2322000,-0.04406560064389864,14,0,dub_irish_dutch,-0.023522429789106052,6,0.2173,30,2,0,1731,1,0.07142857142857142,3712,28
-0.0024202809295738835,0,-0.029043371154886602,12,0,dub_irish_dutch,-0.04060459261139234,8,0.2162,37,2,0,1731,0,0.0,3840,29
-0.016222537634156084,0,-0.1784479139757169,11,0,dub_irish_dutch,-0.035159673541784286,7,0.2151,37,2,0,1731,0,0.0,3968,30
-0.005147124887690924,0,-0.061765498652291084,12,0,dub_irish_dutch,-0.017788609489798546,2,0.214,24,2,0,1731,0,0.0,4096,31
-0.02387370764377746,0,-0.19098966115021968,8,0,dub_irish_dutch,-0.025755292425553005,7,0.213,35,2,0,1731,0,0.0,4224,32
0.015566430382310254,56754000,0.18679716458772305,12,0,dub_irish_dutch,-0.027489713703592617,8,0.2119,31,2,0,1731,1,0.08333333333333333,4352,33
-0.010909090909090908,0,-0.11999999999999998,11,0,dub_irish_dutch,-0.035660269359747566,3,0.2108,23,2,0,1731,0,0.0,4480,34
-0.018534489916249525,0,-0.18534489916249525,10,0,dub_irish_dutch,-0.018200698929528396,8,0.2098,30,2,0,1731,0,0.0,4608,35
-0.008110951224902211,0,-0.09733141469882653,12,0,dub_irish_dutch,-0.01923977831999461,6,0.2087,27,2,0,1731,0,0.0,4736,36
-0.008609727387491897,0,-0.12053618342488656,14,0,dub_irish_dutch,-0.028814055646459263,7,0.2077,30,2,0,1731,0,0.0,4864,37
-0.005381209006976648,0,-0.04843088106278983,9,0,dub_irish_dutch,-0.03121173878510793,7,0.2066,24,2,0,1731,0,0.0,4992,38
-0.014925874015108316,0,-0.1791104881812998,12,0,dub_irish_dutch,-0.01229302491992712,4,0.2056,28,2,0,1731,0,0.0,5120,39
-0.006746281181104311,0,-0.09444793653546035,14,0,dub_irish_dutch,-0.025449512526392937,5,0.2046,27,2,0,1731,0,0.0,5248,40
-0.014980682824666941,0,-0.20972955954533717,14,0,dub_irish_dutch,-0.0383585790793101,4,0.2036,24,2,0,1731,0,0.0,5376,41
-0.0011624187577792924,0,-0.012786606335572215,11,0,dub_irish_dutch,-0.027192883814374607,6,0.2025,33,2,0,1731,0,0.0,5504,42
0.023609404264079044,46746000,0.23609404264079042,10,0,dub_irish_dutch,-0.028416176016132038,12,0.2015,23,2,0,1731,1,0.1,5632,43
-0.019813862350358327,2322000,-0.17832476115322493,9,0,dub_irish_dutch,-0.019442363331715267,8,0.2005,26,2,0,1731,1,0.1111111111111111,5760,44
-0.0027825355124137057,6210000,-0.03339042614896447,12,0,dub_irish_dutch,-0.023107952748735745,4,0.1995,31,2,0,1731,1,0.08333333333333333,5888,45
-0.008606012658227849,0,-0.08606012658227849,10,0,dub_irish_dutch,-0.0158296429241697,5,0.1985,25,2,0,1731,0,0.0,6016,46
-0.005505959489121659,2322000,-0.04955363540209493,9,0,dub_irish_dutch,-0.02851005457341671,2,0.1975,26,2,0,1731,1,0.1111111111111111,6144,47
-0.022567689353598226,0,-0.24824458288958048,11,0,dub_irish_dutch,-0.008010576168696085,6,0.1965,31,2,0,1731,0,0.0,6272,48
0.001961350656899287,0,0.013729454598295008,7,0,dub_irish_dutch,0.01248384639620781,6,0.1956,25,2,0,1731,0,0.0,6400,49
0.0,-inf,0,10,0,dub_irish_dutch,-0.0248735969265302,0,0.1946,27,2,0,1731,0,0.0,6528,50
0.0028945685678887054,2322000,0.028945685678887053,10,0,dub_irish_dutch,-0.022313715890049934,8,0.1936,25,2,0,1731,1,0.1,6656,51
-0.009379669443661842,46746000,-0.08441702499295657,9,0,dub_irish_dutch,5.466242631276449e-05,4,0.1926,28,2,0,1731,1,0.1111111111111111,6784,52
-0.005747613550634808,0,-0.05172852195571327,9,0,dub_irish_dutch,-0.01566150225698948,3,0.1917,32,2,0,1731,0,0.0,6912,53
-0.005407876230661041,0,-0.04867088607594937,9,0,dub_irish_dutch,-0.011486717189351717,5,0.1907,22,2,0,1731,0,0.0,7040,54
-0.001984154062867086,0,-0.027778156880139203,14,0,dub_irish_dutch,-0.02630054826537768,5,0.1898,23,2,0,1731,0,0.0,7168,55
0.0458802287323615,56754000,0.5046825160559765,11,0,dub_irish_dutch,-0.002975823978583018,11,0.1888,26,2,0,1731,4,0.36363636363636365,7296,56
-0.024095840867992765,0,-0.16867088607594935,7,0,dub_irish_dutch,-0.036803768326838814,2,0.1879,28,2,0,1731,0,0.0,7424,57
-0.0016552644511415753,0,-0.018207908962557327,11,0,dub_irish_dutch,-0.01484321771810452,7,0.1869,21,2,0,1731,0,0.0,7552,58
0.01282226310223456,46746000,0.1282226310223456,10,0,dub_irish_dutch,-0.02988471897939841,6,0.186,24,2,0,1731,1,0.1,7680,59
0.0014814493489246963,0,0.014814493489246964,10,0,dub_irish_dutch,-0.025156764313578606,6,0.1851,14,2,0,1731,0,0.0,7808,60
-0.0028979489053876273,0,-0.03477538686465153,12,0,dub_irish_dutch,-0.018770760546127956,4,0.1841,19,2,0,1731,0,0.0,7936,61
-0.005870253164556962,0,-0.05870253164556962,10,0,dub_irish_dutch,-0.023807595173517864,5,0.1832,28,2,0,1731,0,0.0,8064,62
-0.004055907172995781,0,-0.048670886075949375,12,0,dub_irish_dutch,-0.028400194520751636,4,0.1823,22,2,0,1731,0,0.0,8192,63
0.0011013821311212418,46746000,0.014317967704576143,13,0,dub_irish_dutch,-0.013301596976816654,8,0.1814,27,2,0,1731,1,0.07692307692307693,8320,64
-0.0040436402210182795,0,-0.04448004243120107,11,0,dub_irish_dutch,-0.024033184473713238,8,0.1805,20,2,0,1731,0,0.0,8448,65
-0.016377799415774105,0,-0.21291139240506338,13,0,dub_irish_dutch,-0.02298532985150814,3,0.1796,31,2,0,1731,0,0.0,8576,66
-0.0023460874979450946,0,-0.025806962477396042,11,0,dub_irish_dutch,0.021439875786503155,6,0.1787,25,2,0,1731,0,0.0,8704,67
-0.009007143798975286,0,-0.08106429419077757,9,0,dub_irish_dutch,-0.02200182278951009,5,0.1778,21,2,0,1731,0,0.0,8832,68
-0.007469922622889838,0,-0.07469922622889838,10,0,dub_irish_dutch,-0.0005818574378887812,3,0.1769,24,2,0,1731,0,0.0,8960,69
-0.0004480401980808153,0,-0.005376482376969784,12,0,dub_irish_dutch,-0.007547601747016112,7,0.176,24,2,0,1731,0,0.0,9088,70
0.03367038715813802,56754000,0.43771503305579423,13,0,dub_irish_dutch,-0.022857751697301865,10,0.1751,20,2,0,1731,1,0.07692307692307693,9216,71
0.00449692098419212,46746000,0.05845997279449756,13,0,dub_irish_dutch,-0.012732913407186667,6,0.1743,17,2,0,1731,1,0.07692307692307693,9344,72
0.049126506843034566,46746000,0.4421385615873111,9,0,dub_irish_dutch,-0.01778096705675125,11,0.1734,19,2,0,1731,1,0.1111111111111111,9472,73
-0.00842073033722983,0,-0.07578657303506847,9,0,dub_irish_dutch,0.01861349493265152,6,0.1725,29,2,0,1731,0,0.0,9600,74
0.004670124109050985,46746000,0.05137136519956083,11,0,dub_irish_dutch,-0.01777280991276105,6,0.1717,32,2,0,1731,1,0.09090909090909091,9728,75
-0.007824029732878351,0,-0.08606432706166187,11,0,dub_irish_dutch,-0.01731264218688011,6,0.1708,23,2,0,1731,0,0.0,9856,76
0.0022506831648798752,0,0.02025614848391888,9,0,dub_irish_dutch,-0.006018452656765779,4,0.1699,24,2,0,1731,0,0.0,9984,77
-0.0033990218642117377,0,-0.037389240506329115,11,0,dub_irish_dutch,-0.01570230598251025,6,0.1691,20,2,0,1731,0,0.0,10112,78
0.0035182684558129015,0,0.04221922146975482,12,0,dub_irish_dutch,-0.01343514397740364,7,0.1683,13,2,0,1731,0,0.0,10240,79
-0.0003170530366023015,0,-0.0031705303660230152,10,0,dub_irish_dutch,-0.0143126230686903,9,0.1674,29,2,0,1731,0,0.0,10368,80
-0.00431605810836993,0,-0.05179269730043916,12,0,dub_irish_dutch,0.00479769582549731,6,0.1666,24,2,0,1731,0,0.0,10496,81
-0.00016685845799769926,0,-0.001835443037974692,11,0,dub_irish_dutch,-0.03162025908629099,7,0.1657,20,2,0,1731,0,0.0,10624,82
-0.011582278481012658,0,-0.12740506329113924,11,0,dub_irish_dutch,-0.029212608312567074,8,0.1649,18,2,0,1731,0,0.0,10752,83
0.01656274523184005,0,0.18219019755024055,11,0,dub_irish_dutch,-0.02147050512333711,8,0.1641,21,2,0,1731,0,0.0,10880,84
0.021074124433541747,0,0.1264447466012505,6,0,dub_irish_dutch,-0.03150494893391927,7,0.1633,24,2,0,1731,0,0.0,11008,85
0.040171577659650314,56754000,0.3213726212772025,8,0,dub_irish_dutch,0.006045748169223468,9,0.1625,15,2,0,1731,1,0.125,11136,86
0.01761159114947627,0,0.14089272919581017,8,0,dub_irish_dutch,-0.0003016994645198186,5,0.1616,16,2,0,1731,0,0.0,11264,87
0.018577660756868376,0,0.13004362529807864,7,0,dub_irish_dutch,-0.01784209969143073,7,0.1608,20,2,0,1731,0,0.0,11392,88
0.012989174050567638,0,0.09092421835397346,7,0,dub_irish_dutch,-0.01953955243031184,7,0.16,20,2,0,1731,0,0.0,11520,89
0.0010724435698151059,0,0.0042897742792604235,4,0,dub_irish_dutch,0.007334500551223755,7,0.1592,23,2,0,1731,0,0.0,11648,90
0.024624327549733316,0,0.1477459652983999,6,0,dub_irish_dutch,-0.031805253898104034,6,0.1584,15,2,0,1731,0,0.0,11776,91
-0.0017341772151898739,0,-0.00867088607594937,5,0,dub_irish_dutch,-0.0065374427164594335,1,0.1576,26,2,0,1731,0,0.0,11904,92
0.05829842393989779,46746000,0.23319369575959115,4,0,dub_irish_dutch,-0.018560909976561863,8,0.1569,20,2,0,1731,1,0.25,12032,93
0.11858110580443963,46746000,0.47432442321775853,4,0,dub_irish_dutch,-0.031387764339645706,11,0.1561,19,2,0,1731,2,0.5,12160,94
0.03522318229895254,0,0.14089272919581017,4,0,dub_irish_dutch,-0.030128185947736103,3,0.1553,18,2,0,1731,0,0.0,12288,95
-0.0036176706578601972,0,-0.02532369460502138,7,0,dub_irish_dutch,-0.014663304823140303,5,0.1545,21,2,0,1731,0,0.0,12416,96
0.062466086987846225,46746000,0.18739826096353868,3,0,dub_irish_dutch,-0.03049427519241969,7,0.1537,19,2,0,1731,2,0.6666666666666666,12544,97
0.012257253512298758,0,0.04902901404919503,4,0,dub_irish_dutch,0.0684702346722285,4,0.153,20,2,0,1731,0,0.0,12672,98
0.007158518470679408,0,0.03579259235339704,5,0,dub_irish_dutch,-0.023086390768488247,5,0.1522,13,2,0,1731,0,0.0,12800,99
-0.03461953316753053,46746000,-0.4154343980103664,12,0,dub_irish_dutch,-0.03022081032395363,4,0.25,30,3,0,1732,2,0.16666666666666666,128,0
-0.058087459313879854,0,-0.5808745931387985,10,0,dub_irish_dutch,-0.02458796153465907,1,0.2487,28,3,0,1732,0,0.0,256,1
-0.025546895694039035,0,-0.2299220612463513,9,0,dub_irish_dutch,-0.033025176574786506,5,0.2475,41,3,0,1732,0,0.0,384,2
-0.04004363847282408,0,-0.4004363847282408,10,0,dub_irish_dutch,-0.02582142874598503,4,0.2463,32,3,0,1732,0,0.0,512,3
-0.01979372608418368,0,-0.23752471301020414,12,0,dub_irish_dutch,-0.03368840739130974,4,0.245,31,3,0,1732,0,0.0,640,4
-0.025731364275668085,0,-0.23158227848101276,9,0,dub_irish_dutch,-0.033477962017059326,4,0.2438,31,3,0,1732,0,0.0,768,5
-0.01913352731411897,46746000,-0.2104688004553087,11,0,dub_irish_dutch,-0.029691174626350403,6,0.2426,30,3,0,1732,1,0.09090909090909091,896,6
-0.039384356803527476,0,-0.27569049762469233,7,0,dub_irish_dutch,-0.03356062869230906,8,0.2414,29,3,0,1732,0,0.0,1024,7
-0.031666666666666676,0,-0.3800000000000001,12,0,dub_irish_dutch,-0.02258602964381377,3,0.2402,29,3,0,1732,0,0.0,1152,8
-0.030902088177983875,0,-0.40172714631379036,13,0,dub_irish_dutch,-0.027515240013599396,4,0.239,28,3,0,1732,0,0.0,1280,9
-0.010393276632350783,0,-0.13511259622056018,13,0,dub_irish_dutch,-0.02856779967745145,5,0.2378,27,3,0,1732,0,0.0,1408,10
-0.02572586187567935,0,-0.3601620662595109,14,0,dub_irish_dutch,-0.030876449619730312,4,0.2366,32,3,0,1732,0,0.0,1536,11
-0.049078762356841485,0,-0.4417088612115734,9,0,dub_irish_dutch,-0.027099765837192535,5,0.2354,32,3,0,1732,0,0.0,1664,12
-0.005730498543729975,0,-0.06303548398102972,11,0,dub_irish_dutch,-0.02364344211916129,3,0.2342,27,3,0,1732,0,0.0,1792,13
-0.018127629651315612,0,-0.1631486668618405,9,0,dub_irish_dutch,-0.0258277195195357,5,0.2331,30,3,0,1732,0,0.0,1920,14
-0.02208124882434195,46746000,-0.24289373706776143,11,0,dub_irish_dutch,-0.0366555725534757,7,0.2319,24,3,0,1732,2,0.18181818181818182,2048,15
-0.040444583284437334,0,-0.4448904161288107,11,0,dub_irish_dutch,-0.028468986973166466,7,0.2307,33,3,0,1732,0,0.0,2176,16
-0.040698573898012125,0,-0.40698573898012125,10,0,dub_irish_dutch,-0.037685578068097435,3,0.2296,30,3,0,1732,0,0.0,2304,17
-0.021745383012859856,38480400,-0.28268997916717814,13,0,dub_irish_dutch,-0.030857856074968975,8,0.2284,16,3,0,1732,1,0.07692307692307693,2432,18
-0.03192816979241429,0,-0.25542535833931435,8,0,dub_irish_dutch,-0.03167994134128094,5,0.2273,27,3,0,1732,0,0.0,2560,19
-0.02143622200584226,0,-0.27867088607594936,13,0,dub_irish_dutch,-0.027879949659109116,4,0.2262,30,3,0,1732,0,0.0,2688,20
-0.03413424084417059,38480400,-0.3754766492858765,11,0,dub_irish_dutch,-0.020389458785454433,4,0.225,39,3,0,1732,1,0.09090909090909091,2816,21
-0.02154159132007234,0,-0.30158227848101277,14,0,dub_irish_dutch,-0.03085479574898879,5,0.2239,39,3,0,1732,0,0.0,2944,22
-0.039932123459033526,0,-0.35938911113130173,9,0,dub_irish_dutch,-0.0315905095388492,4,0.2228,37,3,0,1732,0,0.0,3072,23
-0.02912323282410795,0,-0.3203555610651875,11,0,dub_irish_dutch,-0.0409486989180247,4,0.2217,29,3,0,1732,0,0.0,3200,24
0.005360479214431027,23373000,0.06432575057317233,12,0,dub_irish_dutch,-0.024069029837846756,11,0.2206,31,3,0,1732,1,0.08333333333333333,3328,25
-0.01677790567976328,0,-0.18455696247739606,11,0,dub_irish_dutch,-0.02377581037580967,6,0.2195,36,3,0,1732,0,0.0,3456,26
-0.01574079401611048,0,-0.17314873417721527,11,0,dub_irish_dutch,-0.03575670843323072,5,0.2184,30,3,0,1732,0,0.0,3584,27
-0.010223018428511825,34884000,-0.15334527642767737,15,0,dub_irish_dutch,-0.03656075646479925,8,0.2173,20,3,0,1732,1,0.06666666666666667,3712,28
-0.013334086799276676,0,-0.18667721518987346,14,0,dub_irish_dutch,-0.018705475454529125,10,0.2162,32,3,0,1732,0,0.0,3840,29
-0.004210970464135022,0,-0.06316455696202533,15,0,dub_irish_dutch,-0.03150255233049393,5,0.2151,25,3,0,1732,0,0.0,3968,30
-0.0066696411272465575,0,-0.0933749757814518,14,0,dub_irish_dutch,-0.034865414102872215,6,0.214,30,3,0,1732,0,0.0,4096,31
0.008704360463148673,39892500,0.11315668602093276,13,0,dub_irish_dutch,-0.013049195520579815,12,0.213,30,3,0,1732,1,0.07692307692307693,4224,32
-0.0037439143135345678,0,-0.04867088607594938,13,0,dub_irish_dutch,-0.03068726820250352,5,0.2119,23,3,0,1732,0,0.0,4352,33
-0.015732368896925863,0,-0.2202531645569621,14,0,dub_irish_dutch,-0.007134757936000824,5,0.2108,32,3,0,1732,0,0.0,4480,34
-0.0071934915587853815,0,-0.08632189870542457,12,0,dub_irish_dutch,-0.03940356646974882,10,0.2098,36,3,0,1732,0,0.0,4608,35
0.00808339883784713,0,0.1050841848920127,13,0,dub_irish_dutch,-0.01072283616910378,6,0.2087,22,3,0,1732,0,0.0,4736,36
0.00022151898734177125,0,0.002658227848101255,12,0,dub_irish_dutch,0.0010905861854553223,5,0.2077,35,3,0,1732,0,0.0,4864,37
0.019804441339553353,56754000,0.31687106143285365,16,0,dub_irish_dutch,0.01444706879556179,7,0.2066,21,3,0,1732,2,0.125,4992,38
-0.0022054527750730284,0,-0.02867088607594937,13,0,dub_irish_dutch,0.015752521033088367,6,0.2056,33,3,0,1732,0,0.0,5120,39
-0.006666666666666667,0,-0.08,12,0,dub_irish_dutch,-0.025524503861864407,2,0.2046,25,3,0,1732,0,0.0,5248,40
-0.005822784810126582,0,-0.08734177215189873,15,0,dub_irish_dutch,-0.026228365177909534,7,0.2036,22,3,0,1732,0,0.0,5376,41
0.03248814562721818,46746000,0.4548340387810546,14,0,dub_irish_dutch,-0.02084238827228546,11,0.2025,20,3,0,1732,2,0.14285714285714285,5504,42
-0.0058730619100159165,0,-0.070476742920191,12,0,dub_irish_dutch,-0.034779912481705345,11,0.2015,21,3,0,1732,0,0.0,5632,43
-0.015043638472824045,0,-0.15043638472824045,10,0,dub_irish_dutch,-0.03423930952946345,6,0.2005,32,3,0,1732,0,0.0,5760,44
0.013349240558843834,0,0.14684164614728218,11,0,dub_irish_dutch,-0.0186765156686306,14,0.1995,27,3,0,1732,0,0.0,5888,45
0.013604438259075742,46746000,0.19046213562706038,14,0,dub_irish_dutch,-0.006471406668424606,13,0.1985,21,3,0,1732,2,0.14285714285714285,6016,46
-0.01747558770343581,0,-0.24465822784810135,14,0,dub_irish_dutch,-0.034947462379932404,5,0.1975,20,3,0,1732,0,0.0,6144,47
0.02173968303377407,46746000,0.23913651337151476,11,0,dub_irish_dutch,0.004788500567277272,8,0.1965,24,3,0,1732,1,0.09090909090909091,6272,48
-0.0013339824732229795,0,-0.017341772151898735,13,0,dub_irish_dutch,-0.0005760801335175832,5,0.1956,26,3,0,1732,0,0.0,6400,49
-0.005411891841669912,0,-0.05953081025836903,11,0,dub_irish_dutch,-0.005565054093798001,7,0.1946,28,3,0,1732,0,0.0,6528,50
0.009388185654008441,0,0.1408227848101266,15,0,dub_irish_dutch,-0.02594790297249953,9,0.1936,22,3,0,1732,0,0.0,6656,51
0.029093613616274952,0,0.26184252254647455,9,0,dub_irish_dutch,0.009850619981686274,9,0.1926,29,3,0,1732,0,0.0,6784,52
0.014014941778000903,0,0.19620918489201264,14,0,dub_irish_dutch,-0.007652196101844311,11,0.1917,22,3,0,1732,0,0.0,6912,53
0.0053174792725783895,0,0.06912723054351906,13,0,dub_irish_dutch,0.008193515241146088,5,0.1907,22,3,0,1732,0,0.0,7040,54
0.01931339223333177,46746000,0.21244731456664945,11,0,dub_irish_dutch,-0.0014406728247801464,13,0.1898,23,3,0,1732,1,0.09090909090909091,7168,55
0.011321761033101166,46746000,0.14718289343031515,13,0,dub_irish_dutch,-0.02441718988120556,8,0.1888,27,3,0,1732,1,0.07692307692307693,7296,56
0.0037724156118143456,0,0.04526898734177215,12,0,dub_irish_dutch,0.008746383711695671,8,0.1879,15,3,0,1732,0,0.0,7424,57
0.0026851287839646785,0,0.029536416623611464,11,0,dub_irish_dutch,-0.0220124584933122,3,0.1869,20,3,0,1732,0,0.0,7552,58
-0.0038942223717737968,0,-0.042836446089511766,11,0,dub_irish_dutch,-0.025753342856963474,6,0.186,22,3,0,1732,0,0.0,7680,59
0.013268097626864515,6210000,0.11941287864178063,9,0,dub_irish_dutch,-0.009938394650816917,7,0.1851,27,3,0,1732,1,0.1111111111111111,7808,60
0.016429694382301113,46746000,0.14786724944071,9,0,dub_irish_dutch,-0.016178229823708534,10,0.1841,28,3,0,1732,1,0.1111111111111111,7936,61
0.028769277783472776,0,0.28769277783472774,10,0,dub_irish_dutch,-0.010106521658599377,12,0.1832,21,3,0,1732,0,0.0,8064,62
0.02857503161453446,46746000,0.371475410988948,13,0,dub_irish_dutch,-0.0017566472912828128,13,0.1823,31,3,0,1732,2,0.15384615384615385,8192,63
-0.005757735583684952,0,-0.05181962025316457,9,0,dub_irish_dutch,-0.0036801413322488465,4,0.1814,24,3,0,1732,0,0.0,8320,64
0.028209568895856865,46746000,0.31030525785442553,11,0,dub_irish_dutch,0.03847684462865194,10,0.1805,20,3,0,1732,1,0.09090909090909091,8448,65
-0.00041655600135624,0,-0.0041655600135624,10,0,dub_irish_dutch,-0.014223895346124968,6,0.1796,23,3,0,1732,0,0.0,8576,66
0.04094681728202993,0,0.32757453825623944,8,0,dub_irish_dutch,-0.009136508839825789,11,0.1787,21,3,0,1732,0,0.0,8704,67
-0.018723470598682512,0,-0.13106429419077759,7,0,dub_irish_dutch,-0.02463251476486524,4,0.1778,21,3,0,1732,0,0.0,8832,68
0.024270504532904934,46746000,0.24270504532904935,10,0,dub_irish_dutch,-0.013947472597161928,7,0.1769,24,3,0,1732,1,0.1,8960,69
0.014060126582278482,0,0.07030063291139241,5,0,dub_irish_dutch,-0.027120869606733322,6,0.176,21,3,0,1732,0,0.0,9088,70
0.007351411867969281,0,0.08086553054766209,11,0,dub_irish_dutch,-0.029615369935830433,6,0.1751,27,3,0,1732,0,0.0,9216,71
0.04137429008428664,46746000,0.37236861075857974,9,0,dub_irish_dutch,0.00969212626417478,11,0.1743,21,3,0,1732,1,0.1111111111111111,9344,72
0.04168054524024799,46746000,0.2917638166817359,7,0,dub_irish_dutch,-0.020089974006017048,9,0.1734,15,3,0,1732,1,0.14285714285714285,9472,73
0.026130738786812192,0,0.20904591029449754,8,0,dub_irish_dutch,0.02999299516280492,9,0.1725,25,3,0,1732,0,0.0,9600,74
0.031215880377325526,56754000,0.2497270430186042,8,0,dub_irish_dutch,0.03748383869727453,7,0.1717,24,3,0,1732,1,0.125,9728,75
0.02430373073406876,46746000,0.2916447688088251,12,0,dub_irish_dutch,-0.00223307932416598,9,0.1708,24,3,0,1732,1,0.08333333333333333,9856,76
0.009749302147019145,0,0.0877437193231723,9,0,dub_irish_dutch,-0.018564760064085323,7,0.1699,19,3,0,1732,0,0.0,9984,77
0.01480376618606303,0,0.07401883093031515,5,0,dub_irish_dutch,-0.017710207651058834,6,0.1691,20,3,0,1732,0,0.0,10112,78
0.00822644102884429,0,0.06581152823075433,8,0,dub_irish_dutch,0.009929248442252478,6,0.1683,19,3,0,1732,0,0.0,10240,79
0.017958173347088473,46746000,0.25141442685923865,14,0,dub_irish_dutch,0.023657224451502163,8,0.1674,24,3,0,1732,2,0.14285714285714285,10368,80
0.0034999837920774097,0,0.02449988654454187,7,0,dub_irish_dutch,-0.01942898395160834,9,0.1666,22,3,0,1732,0,0.0,10496,81
0.021786339817357663,46746000,0.15250437872150363,7,0,dub_irish_dutch,-0.006488509476184845,9,0.1657,16,3,0,1732,1,0.14285714285714285,10624,82
0.011275965563242703,0,0.09020772450594162,8,0,dub_irish_dutch,-0.0022439640015363693,8,0.1649,17,3,0,1732,0,0.0,10752,83
0.024799840003135627,0,0.09919936001254251,4,0,dub_irish_dutch,-0.020491547261675198,6,0.1641,23,3,0,1732,0,0.0,10880,84
0.005804759146538362,0,0.029023795732691808,5,0,dub_irish_dutch,-0.007684702364106973,6,0.1633,27,3,0,1732,0,0.0,11008,85
0.0243208646072155,46746000,0.194566916857724,8,0,dub_irish_dutch,-0.0345102163652579,7,0.1625,18,3,0,1732,2,0.25,11136,86
0.04346921224044014,0,0.1304076367213204,3,0,dub_irish_dutch,-0.014190294158955416,7,0.1616,21,3,0,1732,0,0.0,11264,87
0.01935300400816972,0,0.11611802404901832,6,0,dub_irish_dutch,-0.013987060015400251,8,0.1608,19,3,0,1732,0,0.0,11392,88
0.003539853999635567,0,0.024778977997448968,7,0,dub_irish_dutch,-0.010358884930610657,8,0.16,23,3,0,1732,0,0.0,11520,89
0.005261836983606733,0,0.0315710219016404,6,0,dub_irish_dutch,-0.02069126007457574,4,0.1592,22,3,0,1732,0,0.0,11648,90
-0.006988310345894695,46746000,-0.04192986207536817,6,0,dub_irish_dutch,-0.013349561641613642,10,0.1584,22,3,0,1732,1,0.16666666666666666,11776,91
0.03408835708432898,46746000,0.13635342833731592,4,0,dub_irish_dutch,-0.014390043293436369,7,0.1576,22,3,0,1732,1,0.25,11904,92
0.02818060427295918,46746000,0.1690836256377551,6,0,dub_irish_dutch,-0.0011180142561594646,7,0.1569,15,3,0,1732,1,0.16666666666666666,12032,93
0.04926430586975356,6210000,0.2463215293487678,5,0,dub_irish_dutch,0.007482102140784264,9,0.1561,26,3,0,1732,2,0.4,12160,94
0.021020772374435216,0,0.10510386187217607,5,0,dub_irish_dutch,0.01185590090850989,9,0.1553,23,3,0,1732,0,0.0,12288,95
0.09912828192090357,46746000,0.29738484576271074,3,0,dub_irish_dutch,-0.001585369308789571,9,0.1545,23,3,0,1732,1,0.3333333333333333,12416,96
0.018219778495428465,0,0.12753844946799925,7,0,dub_irish_dutch,0.06456444660822551,10,0.1537,14,3,0,1732,0,0.0,12544,97
0.028135225756216006,46746000,0.16881135453729604,6,0,dub_irish_dutch,0.0004960534473260244,8,0.153,18,3,0,1732,1,0.16666666666666666,12672,98
0.06484994327014526,0,0.25939977308058104,4,0,dub_irish_dutch,0.06254881372054417,10,0.1522,17,3,0,1732,0,0.0,12800,99
-0.03617118137314085,0,-0.470225357850831,13,0,dub_irish_dutch,-0.02775469111899535,6,0.25,32,4,0,1733,0,0.0,128,0
0.007433913667554657,46746000,0.0520373956728826,7,0,dub_irish_dutch,-0.02926548073689143,7,0.2487,28,4,0,1733,2,0.2857142857142857,256,1
-0.02679011369438292,0,-0.2946912506382121,11,0,dub_irish_dutch,-0.020780180270473163,9,0.2475,28,4,0,1733,0,0.0,384,2
-0.04318917018284109,0,-0.3887025316455698,9,0,dub_irish_dutch,-0.022522148365775745,6,0.2463,25,4,0,1733,0,0.0,512,3
-0.005858072424806739,0,-0.05858072424806739,10,0,dub_irish_dutch,-0.027877740561962128,6,0.245,35,4,0,1733,0,0.0,640,4
-0.007051572998415532,0,-0.08461887598098639,12,0,dub_irish_dutch,-0.02950490266084671,10,0.2438,30,4,0,1733,0,0.0,768,5
-0.03688703313785596,0,-0.4057573645164156,11,0,dub_irish_dutch,-0.023583718885978062,8,0.2426,33,4,0,1733,0,0.0,896,6
-0.036470074116719285,0,-0.2917605929337543,8,0,dub_irish_dutch,-0.03442247708638509,7,0.2414,29,4,0,1733,0,0.0,1024,7
-0.03130173098367295,0,-0.28171557885305654,9,0,dub_irish_dutch,-0.029469701771934826,4,0.2402,20,4,0,1733,0,0.0,1152,8
-0.04664016482681401,0,-0.5130418130949541,11,0,dub_irish_dutch,-0.03310089682539304,3,0.239,30,4,0,1733,0,0.0,1280,9
-0.030131856540084396,0,-0.36158227848101276,12,0,dub_irish_dutch,-0.037861429154872894,2,0.2378,39,4,0,1733,0,0.0,1408,10
-0.055855795148248,0,-0.502702156334232,9,0,dub_irish_dutch,-0.027959808707237244,3,0.2366,35,4,0,1733,0,0.0,1536,11
-0.0601908831828806,0,-0.5417179486459254,9,0,dub_irish_dutch,-0.03974803412954012,6,0.2354,35,4,0,1733,0,0.0,1664,12
-0.006604197388359497,46746000,-0.07925036866031397,12,0,dub_irish_dutch,-0.020593771090110142,3,0.2342,29,4,0,1733,1,0.08333333333333333,1792,13
-0.004132143665387193,46746000,-0.049585723984646314,12,0,dub_irish_dutch,-0.02049539548655351,8,0.2331,37,4,0,1733,1,0.08333333333333333,1920,14
-0.03917924384122322,46746000,-0.3917924384122322,10,0,dub_irish_dutch,-0.02343014068901539,5,0.2319,25,4,0,1733,1,0.1,2048,15
-0.017330339819867823,46746000,-0.2079640778384139,12,0,dub_irish_dutch,-0.01958612414697806,4,0.2307,30,4,0,1733,1,0.08333333333333333,2176,16
0.012914802846249936,56754000,0.15497763415499924,12,0,dub_irish_dutch,-0.027189685652653377,9,0.2296,24,4,0,1733,2,0.16666666666666666,2304,17
-0.025304146534144163,0,-0.3289539049438741,13,0,dub_irish_dutch,-0.034359220415353775,3,0.2284,31,4,0,1733,0,0.0,2432,18
-0.01284144491962432,31676400,-0.1284144491962432,10,0,dub_irish_dutch,-0.03328497459491094,7,0.2273,22,4,0,1733,1,0.1,2560,19
-0.03748980005475069,0,-0.2999184004380055,8,0,dub_irish_dutch,-0.027851449325680733,3,0.2262,29,4,0,1733,0,0.0,2688,20
-0.03157089360613935,0,-0.34727982966753285,11,0,dub_irish_dutch,-0.010231868053476015,4,0.225,32,4,0,1733,0,0.0,2816,21
-0.028108910891089123,0,-0.2810891089108912,10,0,dub_irish_dutch,-0.035458757231632866,2,0.2239,27,4,0,1733,0,0.0,2944,22
-0.0020615419493224965,44604000,-0.026800045341192458,13,0,dub_irish_dutch,-0.011406784877181053,6,0.2228,31,4,0,1733,1,0.07692307692307693,3072,23
-0.0385234415364247,0,-0.385234415364247,10,0,dub_irish_dutch,-0.031894720469911896,3,0.2217,27,4,0,1733,0,0.0,3200,24
-0.05592310131103077,0,-0.5592310131103078,10,0,dub_irish_dutch,-0.018762819779415924,4,0.2206,36,4,0,1733,0,0.0,3328,25
-0.007158227848101266,0,-0.07158227848101266,10,0,dub_irish_dutch,-0.02034746731321017,3,0.2195,25,4,0,1733,0,0.0,3456,26
-0.0030022806354919112,74034000,-0.03902964826139484,13,0,dub_irish_dutch,-0.019127444674571354,5,0.2184,27,4,0,1733,1,0.07692307692307693,3584,27
-0.0143487678090104,696600,-0.2008827493261456,14,0,dub_irish_dutch,-0.013574700181682905,3,0.2173,23,4,0,1733,1,0.07142857142857142,3712,28
-0.00598496835443038,0,-0.07181962025316456,12,0,dub_irish_dutch,-0.033124265571435295,5,0.2162,27,4,0,1733,0,0.0,3840,29
-0.005517905275317674,0,-0.07725067385444744,14,0,dub_irish_dutch,-0.005105617766578992,3,0.2151,33,4,0,1733,0,0.0,3968,30
-0.032161392405063285,0,-0.3216139240506328,10,0,dub_irish_dutch,-0.030583407108982403,5,0.214,26,4,0,1733,0,0.0,4096,31
-0.025679408482142868,0,-0.3081529017857144,12,0,dub_irish_dutch,-0.01718098111450672,5,0.213,31,4,0,1733,0,0.0,4224,32
-0.01383890436786147,0,-0.15222794804647616,11,0,dub_irish_dutch,-0.02160633107026418,5,0.2119,24,4,0,1733,0,0.0,4352,33
-0.017364442732360853,0,-0.1910088700559694,11,0,dub_irish_dutch,-0.03202719489733378,7,0.2108,27,4,0,1733,0,0.0,4480,34
-0.0032911392405063295,0,-0.03291139240506329,10,0,dub_irish_dutch,-0.028047999367117882,4,0.2098,24,4,0,1733,0,0.0,4608,35
0.004554173725955282,74034000,0.0500959109855081,11,0,dub_irish_dutch,-0.025458677982290585,10,0.2087,20,4,0,1733,1,0.09090909090909091,4736,36
-0.013780207134637517,0,-0.1515822784810127,11,0,dub_irish_dutch,-0.03885569547613462,5,0.2077,25,4,0,1733,0,0.0,4864,37
-0.0192538815727672,0,-0.2117926973004392,11,0,dub_irish_dutch,0.007472912470499675,5,0.2066,30,4,0,1733,0,0.0,4992,38
-0.01358055808822207,2322000,-0.12222502279399863,9,0,dub_irish_dutch,-0.03866542627414068,5,0.2056,32,4,0,1733,1,0.1111111111111111,5120,39
0.009374680132382546,0,0.11249616158859055,12,0,dub_irish_dutch,-0.02110700433452924,7,0.2046,25,4,0,1733,0,0.0,5248,40
0.004343769438109063,0,0.05646900269541782,13,0,dub_irish_dutch,-0.024004924421509106,4,0.2036,22,4,0,1733,0,0.0,5376,41
0.001630301272646627,0,0.019563615271759524,12,0,dub_irish_dutch,-0.014189972231785456,6,0.2025,20,4,0,1733,0,0.0,5504,42
-0.003851344028513306,0,-0.03851344028513306,10,0,dub_irish_dutch,-0.03319942702849706,4,0.2015,29,4,0,1733,0,0.0,5632,43
0.0044313510115280294,0,0.05317621213833635,12,0,dub_irish_dutch,-0.011800264629224936,5,0.2005,29,4,0,1733,0,0.0,5760,44
0.003300488878939143,46746000,0.03960586654726972,12,0,dub_irish_dutch,-0.003629235550761223,6,0.1995,32,4,0,1733,1,0.08333333333333333,5888,45
0.004538154808996384,0,0.0544578577079566,12,0,dub_irish_dutch,-0.012391338124871254,4,0.1985,26,4,0,1733,0,0.0,6016,46
0.0038761079985791783,46746000,0.04263718798437096,11,0,dub_irish_dutch,-0.016715838263432186,10,0.1975,29,4,0,1733,1,0.09090909090909091,6144,47
-0.0003185285806369524,0,-0.0035038143870064764,11,0,dub_irish_dutch,-0.024056463191906612,3,0.1965,19,4,0,1733,0,0.0,6272,48
0.016457725703302794,46746000,0.1974927084396335,12,0,dub_irish_dutch,-0.02158325786391894,10,0.1956,24,4,0,1733,1,0.08333333333333333,6400,49
0.01060559028712737,74034000,0.12726708344552845,12,0,dub_irish_dutch,0.001301804557442665,11,0.1946,33,4,0,1733,1,0.08333333333333333,6528,50
0.006337996292378905,0,0.09506994438568357,15,0,dub_irish_dutch,-0.029839952786763508,6,0.1936,20,4,0,1733,0,0.0,6656,51
0.022583692063634697,46746000,0.22583692063634697,10,0,dub_irish_dutch,0.02057420772810777,8,0.1926,27,4,0,1733,2,0.2,6784,52
-4.4653519396795075e-06,0,-4.465351939679507e-05,10,0,dub_irish_dutch,-0.012968772711853186,9,0.1917,24,4,0,1733,0,0.0,6912,53
-0.0037563569364228505,0,-0.026294498554959952,7,0,dub_irish_dutch,-0.02543723334868749,5,0.1907,23,4,0,1733,0,0.0,7040,54
-0.0016901912500092695,0,-0.016901912500092695,10,0,dub_irish_dutch,-0.030912864332397778,7,0.1898,17,4,0,1733,0,0.0,7168,55
0.010568798819328333,46746000,0.11625678701261166,11,0,dub_irish_dutch,0.030884807308514912,7,0.1888,24,4,0,1733,1,0.09090909090909091,7296,56
-0.0024042219488665715,0,-0.024042219488665716,10,0,dub_irish_dutch,-0.015453096168736616,7,0.1879,30,4,0,1733,0,0.0,7424,57
0.0015565192732818936,46746000,0.018678231279382722,12,0,dub_irish_dutch,-0.005016094073653221,9,0.1869,18,4,0,1733,2,0.16666666666666666,7552,58
-0.00917279411764706,0,-0.07338235294117648,8,0,dub_irish_dutch,0.21474017202854156,3,0.186,24,4,0,1733,0,0.0,7680,59
0.007818037974683546,0,0.07818037974683545,10,0,dub_irish_dutch,-0.02058156083027522,3,0.1851,19,4,0,1733,0,0.0,7808,60
0.008570729663222488,0,0.08570729663222489,10,0,dub_irish_dutch,-0.02005161593357722,6,0.1841,21,4,0,1733,0,0.0,7936,61
0.019824955397507105,46746000,0.19824955397507105,10,0,dub_irish_dutch,-0.021873784561951954,7,0.1832,20,4,0,1733,1,0.1,8064,62
0.02469161715319039,46746000,0.22222455437871352,9,0,dub_irish_dutch,-0.024492404734094936,9,0.1823,19,4,0,1733,1,0.1111111111111111,8192,63
0.008293075682401911,0,0.09122383250642102,11,0,dub_irish_dutch,-0.015390409156680107,8,0.1814,16,4,0,1733,0,0.0,8320,64
0.024248030801718407,46746000,0.21823227721546568,9,0,dub_irish_dutch,-0.022403253242373466,11,0.1805,29,4,0,1733,1,0.1111111111111111,8448,65
0.01036251697821138,0,0.08290013582569104,8,0,dub_irish_dutch,0.005872344598174095,4,0.1796,23,4,0,1733,0,0.0,8576,66
0.002584804161643559,0,0.02326323745479203,9,0,dub_irish_dutch,-0.03567606334884962,7,0.1787,20,4,0,1733,0,0.0,8704,67
-0.014472573839662446,0,-0.130253164556962,9,0,dub_irish_dutch,-0.024065167953570683,7,0.1778,25,4,0,1733,0,0.0,8832,68
-0.009833860759493673,0,-0.07867088607594938,8,0,dub_irish_dutch,-0.012258519108096758,2,0.1769,20,4,0,1733,0,0.0,8960,69
0.004793845959246705,0,0.05273230555171376,11,0,dub_irish_dutch,-0.008592755844195684,5,0.176,22,4,0,1733,0,0.0,9088,70
-0.014618451797528614,0,-0.16080296977281475,11,0,dub_irish_dutch,-0.00959087877223889,9,0.1751,25,4,0,1733,0,0.0,9216,71
0.005695281865059733,0,0.028476409325298664,5,0,dub_irish_dutch,-0.022683373962839443,4,0.1743,19,4,0,1733,0,0.0,9344,72
-0.0025179080765392915,0,-0.020143264612314332,8,0,dub_irish_dutch,-0.03855660433570544,10,0.1734,20,4,0,1733,0,0.0,9472,73
0.012336485714382181,46746000,0.14803782857258618,12,0,dub_irish_dutch,-0.017600190515319507,9,0.1725,16,4,0,1733,1,0.08333333333333333,9600,74
0.027068545326053167,56754000,0.324822543912638,12,0,dub_irish_dutch,-0.004740988525251548,8,0.1717,23,4,0,1733,2,0.16666666666666666,9728,75
0.011221114445610601,0,0.14587448779293782,13,0,dub_irish_dutch,-0.014077732960383097,6,0.1708,18,4,0,1733,0,0.0,9856,76
0.015774540767204,46746000,0.15774540767203998,10,0,dub_irish_dutch,0.007797854642073314,9,0.1699,29,4,0,1733,1,0.1,9984,77
0.008506413652792904,46746000,0.06805130922234323,8,0,dub_irish_dutch,-0.0071567560856540995,9,0.1691,20,4,0,1733,1,0.125,10112,78
0.0046668998057436085,0,0.0560027976689233,12,0,dub_irish_dutch,-0.029154847065607708,7,0.1683,25,4,0,1733,0,0.0,10240,79
-0.010852689671596485,0,-0.10852689671596485,10,0,dub_irish_dutch,-0.0227596207211415,6,0.1674,24,4,0,1733,0,0.0,10368,80
0.026218730446187888,46746000,0.13109365223093944,5,0,dub_irish_dutch,-0.029425598680973053,8,0.1666,15,4,0,1733,1,0.2,10496,81
0.005832278481012658,46746000,0.05832278481012658,10,0,dub_irish_dutch,-0.006482297244171302,4,0.1657,16,4,0,1733,1,0.1,10624,82
0.020758491702498605,6210000,0.18682642532248744,9,0,dub_irish_dutch,-0.020919857546687126,6,0.1649,25,4,0,1733,2,0.2222222222222222,10752,83
-0.0025497049872041867,0,-0.028046754859246056,11,0,dub_irish_dutch,-0.023774617662032444,7,0.1641,23,4,0,1733,0,0.0,10880,84
0.03862048540313504,0,0.2703433978219453,7,0,dub_irish_dutch,0.09210302184025447,15,0.1633,17,4,0,1733,0,0.0,11008,85
0.04929586165748393,46746000,0.19718344662993573,4,0,dub_irish_dutch,-0.025830401107668877,9,0.1625,20,4,0,1733,1,0.25,11136,86
0.007997232484158066,0,0.05598062738910646,7,0,dub_irish_dutch,-0.010204840451478958,9,0.1616,19,4,0,1733,0,0.0,11264,87
0.031596267358149376,0,0.15798133679074688,5,0,dub_irish_dutch,-0.017009355127811432,5,0.1608,20,4,0,1733,0,0.0,11392,88
0.03077468281317782,0,0.21542277969224474,7,0,dub_irish_dutch,0.028268274540702503,6,0.16,30,4,0,1733,0,0.0,11520,89
0.019048688219636862,0,0.13334081753745802,7,0,dub_irish_dutch,0.032807316010197006,8,0.1592,16,4,0,1733,0,0.0,11648,90
0.01279745671797648,2322000,0.07678474030785888,6,0,dub_irish_dutch,-0.02934871055185795,6,0.1584,17,4,0,1733,1,0.16666666666666666,11776,91
0.05069165590540611,0,0.15207496771621834,3,0,dub_irish_dutch,0.07218616207440694,10,0.1576,25,4,0,1733,0,0.0,11904,92
0.03723899297479073,74034000,0.18619496487395365,5,0,dub_irish_dutch,-0.011953119498987993,7,0.1569,16,4,0,1733,1,0.2,12032,93
0.00827004791236115,46746000,0.08270047912361149,10,0,dub_irish_dutch,-0.021013158683975536,5,0.1561,19,4,0,1733,1,0.1,12160,94
0.005110272679274124,0,0.04599245411346711,9,0,dub_irish_dutch,-0.01274499980111917,8,0.1553,17,4,0,1733,0,0.0,12288,95
0.00930606731086813,46746000,0.0930606731086813,10,0,dub_irish_dutch,-0.01954051914314429,8,0.1545,16,4,0,1733,1,0.1,12416,96
0.01659790904605641,2322000,0.11618536332239487,7,0,dub_irish_dutch,-0.012718314304947853,8,0.1537,21,4,0,1733,1,0.14285714285714285,12544,97
0.007798133679074691,0,0.07798133679074691,10,0,dub_irish_dutch,-0.029409756263097126,5,0.153,22,4,0,1733,0,0.0,12672,98
0.005870027124773961,0,0.041090189873417726,7,0,dub_irish_dutch,-0.0271210844318072,6,0.1522,21,4,0,1733,0,0.0,12800,99
-0.039710251599723814,0,-0.39710251599723817,10,0,dub_irish_dutch,-0.024539004390438397,6,0.25,43,5,0,1734,0,0.0,128,0
-0.005168499348446123,46746000,-0.05168499348446123,10,0,dub_irish_dutch,-0.024921046569943428,4,0.2487,34,5,0,1734,1,0.1,256,1
-0.01374639562722463,46746000,-0.1787031431539202,13,0,dub_irish_dutch,-0.03026595649619897,9,0.2475,33,5,0,1734,1,0.07692307692307693,384,2
-0.04227089025520596,0,-0.5917924635728834,14,0,dub_irish_dutch,-0.027607885499795277,3,0.2463,37,5,0,1734,0,0.0,512,3
-0.04091300216323388,0,-0.4500430237955727,11,0,dub_irish_dutch,-0.030061261728405952,9,0.245,39,5,0,1734,0,0.0,640,4
-0.060000000000000026,0,-0.4800000000000002,8,0,dub_irish_dutch,-0.024247196813424427,2,0.2438,29,5,0,1734,0,0.0,768,5
-0.03768392814493842,0,-0.3768392814493842,10,0,dub_irish_dutch,-0.024313318232695263,7,0.2426,27,5,0,1734,0,0.0,896,6
-0.033676034975294596,0,-0.3704363847282406,11,0,dub_irish_dutch,-0.028222274035215378,4,0.2414,29,5,0,1734,0,0.0,1024,7
-0.040483099489795935,0,-0.28338169642857153,7,0,dub_irish_dutch,-0.029103123893340428,5,0.2402,31,5,0,1734,0,0.0,1152,8
-0.04502954592577236,6210000,-0.5853840970350407,13,0,dub_irish_dutch,-0.024856236452857654,4,0.239,25,5,0,1734,1,0.07692307692307693,1280,9
-0.010871953245691467,46746000,-0.14133539219398908,13,0,dub_irish_dutch,-0.028149104366699856,9,0.2378,35,5,0,1734,1,0.07692307692307693,1408,10
-0.0179982404302646,0,-0.2339771255934398,13,0,dub_irish_dutch,-0.027296022822459538,5,0.2366,30,5,0,1734,0,0.0,1536,11
-0.010970464135021094,0,-0.09873417721518984,9,0,dub_irish_dutch,-0.026913921038309734,6,0.2354,26,5,0,1734,0,0.0,1664,12
-0.0003368817449113621,46746000,-0.003368817449113621,10,0,dub_irish_dutch,-0.027973003064592678,8,0.2342,31,5,0,1734,1,0.1,1792,13
-0.01789565592635213,0,-0.19685221518987345,11,0,dub_irish_dutch,-0.024571115151047707,3,0.2331,26,5,0,1734,0,0.0,1920,14
-0.03785054361245783,74034000,-0.4163559797370361,11,0,dub_irish_dutch,-0.025638651102781296,10,0.2319,23,5,0,1734,1,0.09090909090909091,2048,15
-0.07444524983506376,0,-0.5955619986805101,8,0,dub_irish_dutch,-0.028309745093186695,2,0.2307,26,5,0,1734,0,0.0,2176,16
-0.02475414045436933,0,-0.27229554499806263,11,0,dub_irish_dutch,-0.03569853802522024,6,0.2296,33,5,0,1734,0,0.0,2304,17
-0.0340559071729958,0,-0.4086708860759496,12,0,dub_irish_dutch,-0.024419695138931274,3,0.2284,28,5,0,1734,0,0.0,2432,18
-0.027791728670634935,46746000,-0.2501255580357144,9,0,dub_irish_dutch,-0.017858221506079037,6,0.2273,28,5,0,1734,1,0.1111111111111111,2560,19
-0.005963121945105904,0,-0.07155746334127085,12,0,dub_irish_dutch,-0.021577271943291027,10,0.2262,27,5,0,1734,0,0.0,2688,20
-0.015353905606311604,74034000,-0.19960077288205086,13,0,dub_irish_dutch,-0.021889859189589817,7,0.225,28,5,0,1734,1,0.07692307692307693,2816,21
-0.02280120832648365,0,-0.25081329159132015,11,0,dub_irish_dutch,-0.03258777782320976,3,0.2239,28,5,0,1734,0,0.0,2944,22
-0.011322752316648138,0,-0.13587302779977767,12,0,dub_irish_dutch,-0.032035671174526215,6,0.2228,28,5,0,1734,0,0.0,3072,23
-0.014869871419122263,6210000,-0.13382884277210036,9,0,dub_irish_dutch,-0.024408622334400814,4,0.2217,32,5,0,1734,1,0.1111111111111111,3200,24
-0.007288564056592142,0,-0.07288564056592142,10,0,dub_irish_dutch,-0.02112305040160815,9,0.2206,34,5,0,1734,0,0.0,3328,25
-0.050291139240506356,0,-0.5029113924050636,10,0,dub_irish_dutch,-0.036088584611813225,3,0.2195,27,5,0,1734,0,0.0,3456,26
-0.038512174275433596,0,-0.23107304565260156,6,0,dub_irish_dutch,-0.01918549897770087,6,0.2184,32,5,0,1734,0,0.0,3584,27
-0.03125820985437121,0,-0.2813238886893409,9,0,dub_irish_dutch,-0.033546103785435356,8,0.2173,32,5,0,1734,0,0.0,3712,28
-0.03857594936708863,0,-0.4629113924050635,12,0,dub_irish_dutch,-0.028508763139446575,4,0.2162,33,5,0,1734,0,0.0,3840,29
-0.010552236333940042,46746000,-0.13717907234122054,13,0,dub_irish_dutch,-0.03189129630724589,5,0.2151,22,5,0,1734,2,0.15384615384615385,3968,30
-0.045056311881188145,28760400,-0.4055068069306933,9,0,dub_irish_dutch,-0.03710415338476499,3,0.214,26,5,0,1734,1,0.1111111111111111,4096,31
-0.029729737514971478,0,-0.32702711266468626,11,0,dub_irish_dutch,-0.02364361099898815,9,0.213,31,5,0,1734,0,0.0,4224,32
-0.02078826237054086,0,-0.22867088607594946,11,0,dub_irish_dutch,-0.02964173008998235,2,0.2119,25,5,0,1734,0,0.0,4352,33
-0.013369698727353373,0,-0.16043638472824048,12,0,dub_irish_dutch,-0.027868521710236866,4,0.2108,25,5,0,1734,0,0.0,4480,34
-0.006555907172995781,0,-0.07867088607594937,12,0,dub_irish_dutch,-0.029927031447490055,3,0.2098,21,5,0,1734,0,0.0,4608,35
0.00247860331691237,0,0.03222184311986081,13,0,dub_irish_dutch,-0.016881249224146206,5,0.2087,28,5,0,1734,0,0.0,4736,36
0.018799320634417534,8078400,0.2631904888818455,14,0,dub_irish_dutch,-0.013516192634900412,9,0.2077,23,5,0,1734,1,0.07142857142857142,4864,37
-0.011139240506329114,0,-0.10025316455696202,9,0,dub_irish_dutch,-0.032947717855374016,6,0.2066,24,5,0,1734,0,0.0,4992,38
0.0106581234318096,46746000,0.1385556046135248,13,0,dub_irish_dutch,-0.009932043651739756,7,0.2056,24,5,0,1734,1,0.07692307692307693,5120,39
-0.020143843498273886,0,-0.22158227848101272,11,0,dub_irish_dutch,-0.03682781755924225,3,0.2046,19,5,0,1734,0,0.0,5248,40
-0.006666666666666667,0,-0.08,12,0,dub_irish_dutch,-0.009390048061807951,1,0.2036,25,5,0,1734,0,0.0,5376,41
-0.0239451476793249,0,-0.28734177215189877,12,0,dub_irish_dutch,-0.0444083238641421,5,0.2025,30,5,0,1734,0,0.0,5504,42
0.000714539243681782,0,0.00714539243681782,10,0,dub_irish_dutch,-0.01744181290268898,2,0.2015,26,5,0,1734,0,0.0,5632,43
-0.01537315400843882,0,-0.18447784810126586,12,0,dub_irish_dutch,-0.01913987100124359,3,0.2005,20,5,0,1734,0,0.0,5760,44
0.016084617838105462,0,0.20910003189537102,13,0,dub_irish_dutch,-0.02508006306986014,10,0.1995,23,5,0,1734,0,0.0,5888,45
-0.001296071333122769,0,-0.01296071333122769,10,0,dub_irish_dutch,-0.009188623167574406,7,0.1985,30,5,0,1734,0,0.0,6016,46
-0.003364248588150935,6210000,-0.030278237293358413,9,0,dub_irish_dutch,-0.017943549280365307,6,0.1975,25,5,0,1734,1,0.1111111111111111,6144,47
-0.0009243433692265401,0,-0.01109212043071848,12,0,dub_irish_dutch,-0.013562032642463842,5,0.1965,29,5,0,1734,0,0.0,6272,48
0.0035222369126630096,0,0.04578907986461912,13,0,dub_irish_dutch,-0.019241902356346447,8,0.1956,36,5,0,1734,0,0.0,6400,49
0.006645569620253165,0,0.07974683544303798,12,0,dub_irish_dutch,0.003473924472928047,7,0.1946,23,5,0,1734,0,0.0,6528,50
0.02245309192361937,46746000,0.26943710308343244,12,0,dub_irish_dutch,-0.0029076592375834784,10,0.1936,22,5,0,1734,1,0.08333333333333333,6656,51
0.026872384839903344,0,0.2955962332389368,11,0,dub_irish_dutch,-0.034071214497089386,8,0.1926,25,5,0,1734,0,0.0,6784,52
-0.0006118143459915613,0,-0.007341772151898735,12,0,dub_irish_dutch,-0.023862664277354877,2,0.1917,22,5,0,1734,0,0.0,6912,53
0.0492563800333264,6210000,0.3940510402666112,8,0,dub_irish_dutch,0.017302182192603748,9,0.1907,23,5,0,1734,1,0.125,7040,54
-0.0023939873417721524,0,-0.023939873417721524,10,0,dub_irish_dutch,-0.017958760882417362,5,0.1898,25,5,0,1734,0,0.0,7168,55
0.001223612720299089,0,0.0110125144826918,9,0,dub_irish_dutch,-0.03277865673104922,6,0.1888,20,5,0,1734,0,0.0,7296,56
-0.003966244725738396,0,-0.04759493670886075,12,0,dub_irish_dutch,-0.010995381201306978,6,0.1879,25,5,0,1734,0,0.0,7424,57
0.004968354430379747,0,0.039746835443037976,8,0,dub_irish_dutch,-0.01890506719549497,6,0.1869,21,5,0,1734,0,0.0,7552,58
0.01761159114947627,0,0.14089272919581017,8,0,dub_irish_dutch,-0.001063684622446696,6,0.186,26,5,0,1734,0,0.0,7680,59
-0.0016339627117544701,0,-0.014705664405790232,9,0,dub_irish_dutch,-0.01800486134986083,6,0.1851,20,5,0,1734,0,0.0,7808,60
0.0069563615271759525,0,0.06956361527175953,10,0,dub_irish_dutch,-0.01007524598389864,3,0.1841,23,5,0,1734,0,0.0,7936,61
0.014717999377324376,0,0.117743995018595,8,0,dub_irish_dutch,-0.016720525920391083,7,0.1832,28,5,0,1734,0,0.0,8064,62
0.02922030393469791,46746000,0.2629827354122812,9,0,dub_irish_dutch,0.0029555223882198334,9,0.1823,21,5,0,1734,2,0.2222222222222222,8192,63
0.0026421204953500387,0,0.02377908445815035,9,0,dub_irish_dutch,0.012468047440052032,3,0.1814,24,5,0,1734,0,0.0,8320,64
0.03169528837126446,38921400,0.2218670185988512,7,0,dub_irish_dutch,0.019859017183383305,9,0.1805,33,5,0,1734,1,0.14285714285714285,8448,65
0.033733890629036416,46746000,0.16866945314518209,5,0,dub_irish_dutch,0.06709855298201244,8,0.1796,26,5,0,1734,1,0.2,8576,66
0.02315581645954134,56754000,0.18524653167633073,8,0,dub_irish_dutch,0.013936064516504606,5,0.1787,20,5,0,1734,1,0.125,8704,67
0.045125494198251036,6210000,0.2707529651895062,6,0,dub_irish_dutch,-0.01783457895119985,9,0.1778,13,5,0,1734,2,0.3333333333333333,8832,68
0.016455416535963392,0,0.11518791575174374,7,0,dub_irish_dutch,0.005639175573984782,8,0.1769,19,5,0,1734,0,0.0,8960,69
0.012922334923938527,0,0.09045634446756969,7,0,dub_irish_dutch,-0.02930367427567641,6,0.176,22,5,0,1734,0,0.0,9088,70
0.009378365369090674,0,0.0750269229527254,8,0,dub_irish_dutch,-0.014527499675750732,8,0.1751,21,5,0,1734,0,0.0,9216,71
-0.007741460607185915,0,-0.04644876364311549,6,0,dub_irish_dutch,-0.014183384055892626,7,0.1743,19,5,0,1734,0,0.0,9344,72
0.033973309892404366,46746000,0.23781316924683057,7,0,dub_irish_dutch,0.014172463367382685,7,0.1734,21,5,0,1734,1,0.14285714285714285,9472,73
0.03374914454329232,0,0.1687457227164616,5,0,dub_irish_dutch,-0.02006903539101283,7,0.1725,25,5,0,1734,0,0.0,9600,74
-0.010109026353816844,0,-0.040436105415267376,4,0,dub_irish_dutch,-0.008004138867060343,2,0.1717,23,5,0,1734,0,0.0,9728,75
0.004156911893721018,0,0.04156911893721018,10,0,dub_irish_dutch,-0.02195547583202521,7,0.1708,32,5,0,1734,0,0.0,9856,76
0.05147846370839131,46746000,0.4118277096671305,8,0,dub_irish_dutch,-0.021790901198983192,10,0.1699,21,5,0,1734,1,0.125,9984,77
-0.012580968458108096,0,-0.07548581074864857,6,0,dub_irish_dutch,0.005468415096402168,5,0.1691,19,5,0,1734,0,0.0,10112,78
0.022686639232433477,0,0.045373278464866953,2,0,dub_irish_dutch,-0.008867947074274221,4,0.1683,24,5,0,1734,0,0.0,10240,79
0.027252948508282134,46746000,0.21802358806625707,8,0,dub_irish_dutch,-0.018492288266619045,7,0.1674,15,5,0,1734,1,0.125,10368,80
-0.019778481012658226,0,-0.11867088607594936,6,0,dub_irish_dutch,-0.01681067670385043,3,0.1666,22,5,0,1734,0,0.0,10496,81
0.0115095154047483,0,0.0345285462142449,3,0,dub_irish_dutch,0.0003584312895933787,5,0.1657,22,5,0,1734,0,0.0,10624,82
0.02307169077719606,46746000,0.13843014466317635,6,0,dub_irish_dutch,-0.02933817667265733,11,0.1649,23,5,0,1734,2,0.3333333333333333,10752,83
0.04301295161118843,46746000,0.12903885483356528,3,0,dub_irish_dutch,-0.03281876320640246,8,0.1641,20,5,0,1734,1,0.3333333333333333,10880,84
0.045527263687896946,0,0.3186908458152786,7,0,dub_irish_dutch,-0.031946281592051186,7,0.1633,17,5,0,1734,0,0.0,11008,85
0.05789060671804247,0,0.28945303359021235,5,0,dub_irish_dutch,-0.027228665848573048,10,0.1625,26,5,0,1734,0,0.0,11136,86
0.05868367135597671,46746000,0.3521020281358603,6,0,dub_irish_dutch,0.02653053216636181,9,0.1616,16,5,0,1734,1,0.16666666666666666,11264,87
0.028069726818678753,0,0.11227890727471501,4,0,dub_irish_dutch,0.002576475962996483,6,0.1608,19,5,0,1734,0,0.0,11392,88
0.032949586711998505,46746000,0.1647479335599925,5,0,dub_irish_dutch,-0.021570321172475815,7,0.16,19,5,0,1734,1,0.2,11520,89
0.017288360809453947,0,0.08644180404726974,5,0,dub_irish_dutch,-0.02650682193537553,6,0.1592,19,5,0,1734,0,0.0,11648,90
0.12016604570778786,0,0.2403320914155757,2,0,dub_irish_dutch,0.012067414820194244,5,0.1584,19,5,0,1734,0,0.0,11776,91
0.0611283156706116,46746000,0.2445132626824464,4,0,dub_irish_dutch,0.016062060991923015,13,0.1576,24,5,0,1734,1,0.25,11904,92
0.007667804552784469,0,0.046006827316706814,6,0,dub_irish_dutch,-0.019153340409199398,9,0.1569,18,5,0,1734,0,0.0,12032,93
0.019442952674767998,2322000,0.11665771604860799,6,0,dub_irish_dutch,-0.00022975044945875803,7,0.1561,14,5,0,1734,1,0.16666666666666666,12160,94
-0.0016215932575561883,0,-0.00972955954533713,6,0,dub_irish_dutch,-0.004585228860378265,4,0.1553,24,5,0,1734,0,0.0,12288,95
0.018243816843692907,6210000,0.09121908421846453,5,0,dub_irish_dutch,0.02502548135817051,7,0.1545,27,5,0,1734,1,0.2,12416,96
0.013778143241339408,6210000,0.08266885944803645,6,0,dub_irish_dutch,-0.023635203018784523,4,0.1537,23,5,0,1734,2,0.3333333333333333,12544,97
0.02358852686644278,23373000,0.1179426343322139,5,0,dub_irish_dutch,-0.02737193430463473,6,0.153,12,5,0,1734,1,0.2,12672,98
0.0098200063790742,0,0.049100031895371,5,0,dub_irish_dutch,-0.024610865240295727,6,0.1522,16,5,0,1734,0,0.0,12800,99
-0.03903522561501746,2322000,-0.507457932995227,13,0,dub_irish_dutch,-0.03249917676051458,7,0.25,32,6,0,1735,1,0.07692307692307693,128,0
-0.03988728339038826,0,-0.35898555051349434,9,0,dub_irish_dutch,-0.024210705732305843,5,0.2487,26,6,0,1735,0,0.0,256,1
-0.051062112316005076,0,-0.6127453477920609,12,0,dub_irish_dutch,-0.021717372660835583,5,0.2475,28,6,0,1735,0,0.0,384,2
-0.03977953094121804,0,-0.43757484035339844,11,0,dub_irish_dutch,-0.02856844353179137,7,0.2463,30,6,0,1735,0,0.0,512,3
-0.052286179422415986,0,-0.4182894353793279,8,0,dub_irish_dutch,-0.02572426199913025,5,0.245,28,6,0,1735,0,0.0,640,4
-0.040852903946388706,3353400,-0.4085290394638871,10,0,dub_irish_dutch,-0.027311467255155247,1,0.2438,39,6,0,1735,1,0.1,768,5
-0.054240581405238034,0,-0.43392465124190427,8,0,dub_irish_dutch,-0.023455006380875904,2,0.2426,33,6,0,1735,0,0.0,896,6
-0.034024733766204115,2322000,-0.30622260389583705,9,0,dub_irish_dutch,-0.02737182316680749,4,0.2414,33,6,0,1735,1,0.1111111111111111,1024,7
-0.016647057203871284,0,-0.1997646864464554,12,0,dub_irish_dutch,-0.030532519643505413,5,0.2402,30,6,0,1735,0,0.0,1152,8
-0.03432781522904858,0,-0.34327815229048586,10,0,dub_irish_dutch,-0.029052866622805595,2,0.239,35,6,0,1735,0,0.0,1280,9
-0.035868206011805265,0,-0.3945502661298579,11,0,dub_irish_dutch,-0.02945016883313656,6,0.2378,23,6,0,1735,0,0.0,1408,10
-0.04029422351882104,0,-0.36264801166938937,9,0,dub_irish_dutch,-0.026785281176368397,3,0.2366,20,6,0,1735,0,0.0,1536,11
-0.023027852650494163,0,-0.20725067385444748,9,0,dub_irish_dutch,-0.027202143644293148,3,0.2354,28,6,0,1735,0,0.0,1664,12
-0.016037239633788638,46746000,-0.19244687560546364,12,0,dub_irish_dutch,-0.03537074849009514,9,0.2342,25,6,0,1735,1,0.08333333333333333,1792,13
-0.01461037149234694,0,-0.1899348294005102,13,0,dub_irish_dutch,-0.02142339323957761,6,0.2331,24,6,0,1735,0,0.0,1920,14
-0.03390103567318759,0,-0.3729113924050635,11,0,dub_irish_dutch,-0.020814651002486546,3,0.2319,34,6,0,1735,0,0.0,2048,15
-0.017529211329809443,0,-0.22787974728752275,13,0,dub_irish_dutch,-0.015233849485715231,4,0.2307,18,6,0,1735,0,0.0,2176,16
-0.029498567589544184,0,-0.26548710830589767,9,0,dub_irish_dutch,-0.03728924815853437,6,0.2296,30,6,0,1735,0,0.0,2304,17
-0.03568558564822864,0,-0.3568558564822864,10,0,dub_irish_dutch,-0.02747755932311217,3,0.2284,37,6,0,1735,0,0.0,2432,18
-0.019655746595126686,46746000,-0.25552470573664693,13,0,dub_irish_dutch,-0.027683690811196964,7,0.2273,33,6,0,1735,1,0.07692307692307693,2560,19
-0.009319993390732985,0,-0.09319993390732985,10,0,dub_irish_dutch,-0.027275776490569115,7,0.2262,29,6,0,1735,0,0.0,2688,20
-0.02293915106003368,0,-0.2523306616603705,11,0,dub_irish_dutch,-0.025945715606212616,4,0.225,34,6,0,1735,0,0.0,2816,21
-0.021818181818181827,0,-0.2400000000000001,11,0,dub_irish_dutch,-0.02365808313091596,4,0.2239,34,6,0,1735,0,0.0,2944,22
-0.01577071199942241,6210000,-0.1577071199942241,10,0,dub_irish_dutch,-0.013590015781422457,5,0.2228,37,6,0,1735,1,0.1,3072,23
-0.015980458221024264,0,-0.19176549865229117,12,0,dub_irish_dutch,-0.0261406060308218,2,0.2217,23,6,0,1735,0,0.0,3200,24
-0.03504001554472001,0,-0.31536013990248013,9,0,dub_irish_dutch,-0.018085656066735584,8,0.2206,24,6,0,1735,0,0.0,3328,25
-9.119136205831852e-05,38480400,-0.0010942963446998223,12,0,dub_irish_dutch,-0.018744898959994316,4,0.2195,27,6,0,1735,2,0.16666666666666666,3456,26
-0.030776094961293268,0,-0.24620875969034614,8,0,dub_irish_dutch,-0.023171260952949524,5,0.2184,34,6,0,1735,0,0.0,3584,27
-0.02105997526745984,0,-0.23165972794205825,11,0,dub_irish_dutch,-0.02734743741651376,6,0.2173,27,6,0,1735,0,0.0,3712,28
-0.014943471534653465,0,-0.14943471534653466,10,0,dub_irish_dutch,-0.021827614555756252,3,0.2162,24,6,0,1735,0,0.0,3840,29
-0.03855594894932533,0,-0.462671387391904,12,0,dub_irish_dutch,-0.020789412781596184,5,0.2151,29,6,0,1735,0,0.0,3968,30
-0.024075168335701686,2322000,-0.28890202002842025,12,0,dub_irish_dutch,-0.03225737748046716,7,0.214,27,6,0,1735,1,0.08333333333333333,4096,31
-0.003983957034216472,46746000,-0.039839570342164725,10,0,dub_irish_dutch,-0.026281928022702534,10,0.213,26,6,0,1735,2,0.2,4224,32
0.01873373502314779,56754000,0.28100602534721686,15,0,dub_irish_dutch,-0.026457595949371655,9,0.2119,26,6,0,1735,1,0.06666666666666667,4352,33
-0.017783092295509683,0,-0.1956140152506065,11,0,dub_irish_dutch,-0.017061817459762096,7,0.2108,24,6,0,1735,0,0.0,4480,34
-0.02458971414377576,0,-0.17212799900643033,7,0,dub_irish_dutch,-0.026943471282720566,7,0.2098,38,6,0,1735,0,0.0,4608,35
-0.0011816832422827624,0,-0.014180198907393148,12,0,dub_irish_dutch,-0.025554899747172993,6,0.2087,32,6,0,1735,0,0.0,4736,36
-0.013161489276781778,2322000,-0.10529191421425423,8,0,dub_irish_dutch,-0.032666719208161034,5,0.2077,25,6,0,1735,1,0.125,4864,37
-0.032459886653525054,0,-0.35705875318877556,11,0,dub_irish_dutch,-0.03245552132527033,5,0.2066,31,6,0,1735,0,0.0,4992,38
-0.02887600023303646,0,-0.3176360025634011,11,0,dub_irish_dutch,-0.02453961844245593,6,0.2056,22,6,0,1735,0,0.0,5120,39
-0.014043440736478712,0,-0.15447784810126583,11,0,dub_irish_dutch,0.00040194640556971234,5,0.2046,31,6,0,1735,0,0.0,5248,40
0.011062431078740664,0,0.12168674186614731,11,0,dub_irish_dutch,-0.030561966200669605,8,0.2036,19,6,0,1735,0,0.0,5376,41
-0.015905414908579465,0,-0.1431487341772152,9,0,dub_irish_dutch,-0.02053430366019408,5,0.2025,32,6,0,1735,0,0.0,5504,42
0.019137343151898325,46746000,0.2296481178227799,12,0,dub_irish_dutch,-0.0338914729654789,9,0.2015,27,6,0,1735,2,0.16666666666666666,5632,43
-0.00040563866513233603,0,-0.004462025316455696,11,0,dub_irish_dutch,-0.02442921573917071,4,0.2005,28,6,0,1735,0,0.0,5760,44
0.0067628622549727,46746000,0.0946800715696178,14,0,dub_irish_dutch,-0.02757224068045616,9,0.1995,26,6,0,1735,2,0.14285714285714285,5888,45
-0.013583860759493672,0,-0.10867088607594938,8,0,dub_irish_dutch,-0.004591236511866252,5,0.1985,27,6,0,1735,0,0.0,6016,46
-0.009690350594430809,0,-0.11628420713316971,12,0,dub_irish_dutch,-0.015836111269891262,4,0.1975,13,6,0,1735,0,0.0,6144,47
-0.031191585083325212,0,-0.31191585083325213,10,0,dub_irish_dutch,-0.03377877486248811,7,0.1965,28,6,0,1735,0,0.0,6272,48
0.0028659669860824077,46746000,0.028659669860824077,10,0,dub_irish_dutch,-0.004805567053457101,7,0.1956,22,6,0,1735,2,0.2,6400,49
-0.007735583684950775,0,-0.06962025316455697,9,0,dub_irish_dutch,-0.02965716024239858,7,0.1946,19,6,0,1735,0,0.0,6528,50
-0.0037328382089203745,0,-0.04852689671596487,13,0,dub_irish_dutch,-0.021786257003744442,6,0.1936,26,6,0,1735,0,0.0,6656,51
0.0017322222882145623,46746000,0.024251112035003873,14,0,dub_irish_dutch,0.0021238550543785095,6,0.1926,24,6,0,1735,1,0.07142857142857142,6784,52
-0.012142857142857146,0,-0.17000000000000004,14,0,dub_irish_dutch,-0.03253442421555519,1,0.1917,29,6,0,1735,0,0.0,6912,53
0.014332922063702852,46746000,0.14332922063702852,10,0,dub_irish_dutch,-0.0056455737600723905,7,0.1907,15,6,0,1735,1,0.1,7040,54
0.010568166000818668,46746000,0.1373861580106427,13,0,dub_irish_dutch,-0.01529761403799057,4,0.1898,21,6,0,1735,2,0.15384615384615385,7168,55
-0.005996327105802765,0,-0.07195592526963318,12,0,dub_irish_dutch,-0.029346801340579987,5,0.1888,18,6,0,1735,0,0.0,7296,56
0.0005005753739930951,0,0.005506329113924046,11,0,dub_irish_dutch,-0.019454439481099445,6,0.1879,22,6,0,1735,0,0.0,7424,57
0.0020845260841379815,0,0.020845260841379814,10,0,dub_irish_dutch,-0.01159131620079279,4,0.1869,30,6,0,1735,0,0.0,7552,58
0.0058315278583370295,0,0.046652222866696236,8,0,dub_irish_dutch,-0.017948970198631287,5,0.186,22,6,0,1735,0,0.0,7680,59
0.033013057969286747,46746000,0.29711752172358075,9,0,dub_irish_dutch,-0.02347644294301669,7,0.1851,30,6,0,1735,2,0.2222222222222222,7808,60
-0.020759965932575567,0,-0.20759965932575566,10,0,dub_irish_dutch,-0.045258705814679466,6,0.1841,28,6,0,1735,0,0.0,7936,61
-0.0053918211716111105,0,-0.0539182117161111,10,0,dub_irish_dutch,0.031023637081185978,5,0.1832,19,6,0,1735,0,0.0,8064,62
0.013385873341019457,0,0.10708698672815566,8,0,dub_irish_dutch,-0.017209050556023914,10,0.1823,22,6,0,1735,0,0.0,8192,63
0.0018868574180067592,0,0.02264228901608111,12,0,dub_irish_dutch,-0.031543534249067307,5,0.1814,27,6,0,1735,0,0.0,8320,64
0.004451011910602256,0,0.04896113101662482,11,0,dub_irish_dutch,-0.029171990230679512,9,0.1805,20,6,0,1735,0,0.0,8448,65
-0.009965664261699609,2322000,-0.1295536354020949,13,0,dub_irish_dutch,-0.049357774357000984,7,0.1796,27,6,0,1735,1,0.07692307692307693,8576,66
-0.020082080696202535,0,-0.16065664556962028,8,0,dub_irish_dutch,-0.02605231540898482,6,0.1787,24,6,0,1735,0,0.0,8704,67
-0.012667269439421336,0,-0.08867088607594935,7,0,dub_irish_dutch,-0.028021888807415962,1,0.1778,27,6,0,1735,0,0.0,8832,68
0.0021888979244081602,46746000,0.03064457094171424,14,0,dub_irish_dutch,-0.01759238913655281,7,0.1769,23,6,0,1735,1,0.07142857142857142,8960,69
-0.0011001494943197617,6210000,-0.01320179393183714,12,0,dub_irish_dutch,-0.021784345308939617,5,0.176,23,6,0,1735,1,0.08333333333333333,9088,70
0.02177984936063033,46746000,0.19601864424567297,9,0,dub_irish_dutch,-0.023672255376974743,9,0.1751,22,6,0,1735,1,0.1111111111111111,9216,71
0.018305299463972163,56754000,0.16474769517574947,9,0,dub_irish_dutch,-0.00968168086061875,6,0.1743,23,6,0,1735,1,0.1111111111111111,9344,72
0.004250610504548422,0,0.038255494540935804,9,0,dub_irish_dutch,-0.02424025597671668,9,0.1734,25,6,0,1735,0,0.0,9472,73
-0.013120925453514738,0,-0.11808832908163264,9,0,dub_irish_dutch,-0.02896837207178275,5,0.1725,15,6,0,1735,0,0.0,9600,74
0.0077326314517552315,46746000,0.09279157742106278,12,0,dub_irish_dutch,-0.026817585652073223,5,0.1717,27,6,0,1735,1,0.08333333333333333,9728,75
0.01709965347363216,46746000,0.18809618820995377,11,0,dub_irish_dutch,-0.022465179363886516,7,0.1708,26,6,0,1735,1,0.09090909090909091,9856,76
0.00808676463222864,46746000,0.11321470485120097,14,0,dub_irish_dutch,-0.02890148013830185,6,0.1699,25,6,0,1735,2,0.14285714285714285,9984,77
-0.005752471301020409,0,-0.057524713010204086,10,0,dub_irish_dutch,-0.029811707014838856,3,0.1691,26,6,0,1735,0,0.0,10112,78
0.0016441804047269762,0,0.016441804047269762,10,0,dub_irish_dutch,-0.017491143196821213,5,0.1683,30,6,0,1735,0,0.0,10240,79
0.004788872028327368,0,0.04309984825494631,9,0,dub_irish_dutch,-0.043125562369823456,6,0.1674,27,6,0,1735,0,0.0,10368,80
0.006489976348455256,0,0.07787971618146307,12,0,dub_irish_dutch,-0.0262451209127903,6,0.1666,25,6,0,1735,0,0.0,10496,81
0.00478870071033874,0,0.052675707813726144,11,0,dub_irish_dutch,-0.015569120645523071,5,0.1657,18,6,0,1735,0,0.0,10624,82
0.023897176764633488,0,0.23897176764633488,10,0,dub_irish_dutch,-0.03190511899689833,7,0.1649,19,6,0,1735,0,0.0,10752,83
0.0020829305823877827,0,0.027078097571041175,13,0,dub_irish_dutch,0.04435191800196966,7,0.1641,25,6,0,1735,0,0.0,10880,84
0.024406967341211627,0,0.14644180404726975,6,0,dub_irish_dutch,-0.022659415379166603,4,0.1633,22,6,0,1735,0,0.0,11008,85
0.026065780099618963,46746000,0.15639468059771378,6,0,dub_irish_dutch,0.009740441416700682,7,0.1625,17,6,0,1735,1,0.16666666666666666,11136,86
-0.0075741981354024435,0,-0.053019386947817104,7,0,dub_irish_dutch,0.014046650379896164,6,0.1616,17,6,0,1735,0,0.0,11264,87
0.008795500216596072,46746000,0.07915950194936465,9,0,dub_irish_dutch,-0.01251188199967146,4,0.1608,20,6,0,1735,2,0.2222222222222222,11392,88
0.008867165017344088,0,0.08867165017344088,10,0,dub_irish_dutch,-0.014173853521545729,4,0.16,23,6,0,1735,0,0.0,11520,89
0.01633412096674834,0,0.1470070887007351,9,0,dub_irish_dutch,-0.012740332012375196,7,0.1592,24,6,0,1735,0,0.0,11648,90
0.02695149131633885,0,0.24256342184704963,9,0,dub_irish_dutch,-0.022483235225081444,13,0.1584,14,6,0,1735,0,0.0,11776,91
0.031021886503810374,46746000,0.2171532055266726,7,0,dub_irish_dutch,-0.026142805193861324,15,0.1576,16,6,0,1735,2,0.2857142857142857,11904,92
0.0064392084516589655,0,0.03863525070995379,6,0,dub_irish_dutch,0.006151644513010979,6,0.1569,21,6,0,1735,0,0.0,12032,93
-0.0031539928307657483,2322000,-0.022077949815360237,7,0,dub_irish_dutch,-0.03136960541208585,7,0.1561,23,6,0,1735,1,0.14285714285714285,12160,94
0.02163094924785753,46746000,0.19467854323071776,9,0,dub_irish_dutch,-0.006303876638412476,9,0.1553,21,6,0,1735,2,0.2222222222222222,12288,95
0.04526202577055347,46746000,0.3620962061644278,8,0,dub_irish_dutch,0.0265338271856308,12,0.1545,17,6,0,1735,2,0.25,12416,96
0.03749197354991356,0,0.1874598677495678,5,0,dub_irish_dutch,-0.013100754780073961,9,0.1537,14,6,0,1735,0,0.0,12544,97
0.027194660313224525,46746000,0.2175572825057962,8,0,dub_irish_dutch,0.017550163591901462,9,0.153,24,6,0,1735,2,0.25,12672,98
0.06898868380176461,2322000,0.4829207866123522,7,0,dub_irish_dutch,-0.0053335679695010185,11,0.1522,23,6,0,1735,1,0.14285714285714285,12800,99
-0.023647043850108247,0,-0.16552930695075774,7,0,dub_irish_dutch,-0.025829439982771873,10,0.25,35,7,0,1736,0,0.0,128,0
-0.021427898331482505,0,-0.19285108498334255,9,0,dub_irish_dutch,-0.025396107385555904,5,0.2487,35,7,0,1736,0,0.0,256,1
-0.03781617847760075,2322000,-0.45379414173120897,12,0,dub_irish_dutch,-0.02635694295167923,5,0.2475,34,7,0,1736,1,0.08333333333333333,384,2
-0.02508720112517581,0,-0.2257848101265823,9,0,dub_irish_dutch,-0.0219020073612531,3,0.2463,26,7,0,1736,0,0.0,512,3
-0.015357474192017696,0,-0.19964716449623005,13,0,dub_irish_dutch,-0.02386019192636013,6,0.245,24,7,0,1736,0,0.0,640,4
-0.02674753978224456,3701700,-0.32097047738693474,12,0,dub_irish_dutch,-0.022210052236914635,6,0.2438,33,7,0,1736,1,0.08333333333333333,768,5
-0.03704223785506678,0,-0.44450685426080133,12,0,dub_irish_dutch,-0.02708884080251058,5,0.2426,31,7,0,1736,0,0.0,896,6
-0.008664172156204254,0,-0.10397006587445105,12,0,dub_irish_dutch,-0.02289680453638236,6,0.2414,28,7,0,1736,0,0.0,1024,7
-0.02246183485433788,6210000,-0.2695420182520546,12,0,dub_irish_dutch,-0.02641923042635123,4,0.2402,32,7,0,1736,1,0.08333333333333333,1152,8
-0.021539930153608167,0,-0.30155902215051433,14,0,dub_irish_dutch,-0.027224790304899216,6,0.239,28,7,0,1736,0,0.0,1280,9
-0.03646118255759952,37800000,-0.29168946046079613,8,0,dub_irish_dutch,-0.02478996105492115,11,0.2378,29,7,0,1736,1,0.125,1408,10
-0.026797488088510735,0,-0.21437990470808588,8,0,dub_irish_dutch,-0.030413981527090073,5,0.2366,31,7,0,1736,0,0.0,1536,11
-0.03574696529323997,0,-0.4289635835188797,12,0,dub_irish_dutch,-0.03528120617071787,3,0.2354,25,7,0,1736,0,0.0,1664,12
-0.03298259493670888,0,-0.3957911392405066,12,0,dub_irish_dutch,-0.023778782536586125,4,0.2342,29,7,0,1736,0,0.0,1792,13
-0.050698201333166756,0,-0.5069820133316676,10,0,dub_irish_dutch,-0.028085798646012943,4,0.2331,33,7,0,1736,0,0.0,1920,14
-0.052356505448217926,0,-0.5759215599303972,11,0,dub_irish_dutch,-0.039611502240101494,5,0.2319,36,7,0,1736,0,0.0,2048,15
-0.0016284868287792685,0,-0.017913355116571952,11,0,dub_irish_dutch,-0.026095276698470116,5,0.2307,43,7,0,1736,0,0.0,2176,16
-0.039285714285714306,0,-0.5500000000000003,14,0,dub_irish_dutch,-0.031326211988925934,1,0.2296,36,7,0,1736,0,0.0,2304,17
-0.01805104967224232,0,-0.1805104967224232,10,0,dub_irish_dutch,-0.030902959406375885,7,0.2284,33,7,0,1736,0,0.0,2432,18
-0.0149984539288695,46746000,-0.1949799010753035,13,0,dub_irish_dutch,-0.02480576808253924,5,0.2273,30,7,0,1736,1,0.07692307692307693,2560,19
0.0023125132131728158,46746000,0.030062671771246604,13,0,dub_irish_dutch,-0.027016515533129375,7,0.2262,24,7,0,1736,1,0.07692307692307693,2688,20
-0.026976236742179624,0,-0.29673860416397585,11,0,dub_irish_dutch,-0.019076804940899212,7,0.225,27,7,0,1736,0,0.0,2816,21
-0.036480936788040715,0,-0.43777124145648855,12,0,dub_irish_dutch,-0.03073279807964961,6,0.2239,30,7,0,1736,0,0.0,2944,22
0.00598126293559877,46746000,0.07177515522718524,12,0,dub_irish_dutch,-0.029528794189294178,7,0.2228,27,7,0,1736,2,0.16666666666666666,3072,23
-0.011828219279348268,0,-0.16559506991087575,14,0,dub_irish_dutch,-0.03194465798636278,5,0.2217,22,7,0,1736,0,0.0,3200,24
0.0023758318048404683,0,0.023758318048404684,10,0,dub_irish_dutch,-0.023211476082603138,4,0.2206,23,7,0,1736,0,0.0,3328,25
-0.007804081510798729,0,-0.07804081510798729,10,0,dub_irish_dutch,-0.036603134125471115,7,0.2195,26,7,0,1736,0,0.0,3456,26
-0.010287919204728857,46746000,-0.11316711125201742,11,0,dub_irish_dutch,-0.02312205048898856,6,0.2184,26,7,0,1736,1,0.09090909090909091,3584,27
-0.0198964598217628,2322000,-0.25865397768291637,13,0,dub_irish_dutch,-0.03696331878503164,6,0.2173,27,7,0,1736,1,0.07692307692307693,3712,28
-0.026666666666666675,-inf,-0.3200000000000001,12,0,dub_irish_dutch,-0.014930566772818565,0,0.2162,26,7,0,1736,0,0.0,3840,29
-0.012440655535054867,0,-0.16172852195571327,13,0,dub_irish_dutch,-0.018611811101436615,4,0.2151,29,7,0,1736,0,0.0,3968,30
-0.016611856584546027,0,-0.21595413559909835,13,0,dub_irish_dutch,-0.037854025761286415,2,0.214,28,7,0,1736,0,0.0,4096,31
-0.013300876338851023,0,-0.1729113924050633,13,0,dub_irish_dutch,-0.021741435552636783,4,0.213,21,7,0,1736,0,0.0,4224,32
-0.0003504410567667031,74034000,-0.003504410567667031,10,0,dub_irish_dutch,-0.03329020862778028,7,0.2119,29,7,0,1736,1,0.1,4352,33
0.008427316283964677,46746000,0.09270047912361146,11,0,dub_irish_dutch,-0.021641143287221592,8,0.2108,26,7,0,1736,1,0.09090909090909091,4480,34
-0.009101292862229673,0,-0.08191163576006706,9,0,dub_irish_dutch,-0.02686436225970586,11,0.2098,31,7,0,1736,0,0.0,4608,35
-0.00376536936693163,0,-0.04141906303624793,11,0,dub_irish_dutch,-0.02644167405863603,5,0.2087,22,7,0,1736,0,0.0,4736,36
0.007864659451902546,46746000,0.086511253970928,11,0,dub_irish_dutch,-0.026501850535472233,7,0.2077,29,7,0,1736,1,0.09090909090909091,4864,37
-0.0032740278003457247,44604000,-0.032740278003457246,10,0,dub_irish_dutch,0.0006641199191411337,11,0.2066,31,7,0,1736,2,0.2,4992,38
-0.00886235892695686,23373000,-0.11521066605043917,13,0,dub_irish_dutch,-0.020597880085309345,7,0.2056,28,7,0,1736,1,0.07692307692307693,5120,39
0.024976865278393812,46746000,0.22479178750554432,9,0,dub_irish_dutch,-0.005821781853834788,4,0.2046,31,7,0,1736,1,0.1111111111111111,5248,40
-0.015552253356375882,0,-0.13997028020738295,9,0,dub_irish_dutch,-0.0358214279015859,4,0.2036,29,7,0,1736,0,0.0,5376,41
-0.018161979673855258,0,-0.14529583739084206,8,0,dub_irish_dutch,-0.01674556794265906,9,0.2025,27,7,0,1736,0,0.0,5504,42
0.019424297668210983,46746000,0.2330915720185318,12,0,dub_irish_dutch,-0.01014026285459598,8,0.2015,25,7,0,1736,2,0.16666666666666666,5632,43
-0.00596501474762805,0,-0.06561516222390855,11,0,dub_irish_dutch,-0.008695723488926888,2,0.2005,24,7,0,1736,0,0.0,5760,44
-0.007315862089495608,0,-0.058526896715964866,8,0,dub_irish_dutch,-0.012627776091297468,4,0.1995,30,7,0,1736,0,0.0,5888,45
0.028096863619646622,46746000,0.2528717725768196,9,0,dub_irish_dutch,-0.012787901175518831,7,0.1985,26,7,0,1736,2,0.2222222222222222,6016,46
0.02848004598687233,46746000,0.22784036789497863,8,0,dub_irish_dutch,-0.007210006006062031,9,0.1975,27,7,0,1736,1,0.125,6144,47
0.017088059250449643,0,0.11961641475314749,7,0,dub_irish_dutch,-0.015669039450585842,8,0.1965,25,7,0,1736,0,0.0,6272,48
-0.01906469760900141,0,-0.17158227848101268,9,0,dub_irish_dutch,-0.03422590593496958,3,0.1956,31,7,0,1736,0,0.0,6400,49
0.03498528575640162,46746000,0.2099117145384097,6,0,dub_irish_dutch,-0.010222387500107288,6,0.1946,28,7,0,1736,1,0.16666666666666666,6528,50
0.008100002899579184,0,0.08910003189537102,11,0,dub_irish_dutch,-0.0273661936322848,6,0.1936,27,7,0,1736,0,0.0,6656,51
0.010194280761015976,46746000,0.07135996532711184,7,0,dub_irish_dutch,0.02398652272919814,7,0.1926,24,7,0,1736,1,0.14285714285714285,6784,52
-0.01400825045265149,0,-0.08404950271590894,6,0,dub_irish_dutch,0.015005649998784065,7,0.1917,17,7,0,1736,0,0.0,6912,53
-0.0035174528516763825,46746000,-0.024622169961734677,7,0,dub_irish_dutch,-0.02089543454349041,6,0.1907,26,7,0,1736,1,0.14285714285714285,7040,54
0.05472476685364918,46746000,0.43779813482919344,8,0,dub_irish_dutch,-0.020265913878877957,11,0.1898,21,7,0,1736,3,0.375,7168,55
0.0015069400556334627,46746000,0.010548580389434238,7,0,dub_irish_dutch,-0.01748687153061231,5,0.1888,18,7,0,1736,1,0.14285714285714285,7296,56
-0.020418472141662983,0,-0.16334777713330387,8,0,dub_irish_dutch,-0.01753496378660202,4,0.1879,20,7,0,1736,0,0.0,7424,57
-0.005740194991299602,0,-0.045921559930396816,8,0,dub_irish_dutch,-0.008387392697234949,2,0.1869,28,7,0,1736,0,0.0,7552,58
0.006004707732578789,0,0.024018830930315156,4,0,dub_irish_dutch,-0.022189912696679432,6,0.186,23,7,0,1736,0,0.0,7680,59
-0.01188117825255102,0,-0.09504942602040815,8,0,dub_irish_dutch,-0.03145710130532583,2,0.1851,13,7,0,1736,0,0.0,7808,60
0.012666262799951198,46746000,0.11399636519956079,9,0,dub_irish_dutch,0.02249677913884322,6,0.1841,21,7,0,1736,1,0.1111111111111111,7936,61
0.03388207996408426,56754000,0.23717455974858984,7,0,dub_irish_dutch,-0.019894711052378018,9,0.1832,20,7,0,1736,1,0.14285714285714285,8064,62
0.006693636500783064,0,0.05354909200626451,8,0,dub_irish_dutch,0.01108661045630773,8,0.1823,23,7,0,1736,0,0.0,8192,63
-0.006703032060686708,0,-0.0804363847282405,12,0,dub_irish_dutch,0.0047089724491039915,5,0.1814,26,7,0,1736,0,0.0,8320,64
-0.007019209921762549,0,-0.04913446945233785,7,0,dub_irish_dutch,-0.046188827604055405,4,0.1805,25,7,0,1736,0,0.0,8448,65
0.003972984083368315,0,0.03178387266694652,8,0,dub_irish_dutch,-0.016118882844845455,7,0.1796,25,7,0,1736,0,0.0,8576,66
0.0012154169223068988,46746000,0.012154169223068988,10,0,dub_irish_dutch,-0.018230820074677467,6,0.1787,21,7,0,1736,1,0.1,8704,67
0.0046725119200734825,23373000,0.03270758344051438,7,0,dub_irish_dutch,-0.01854946215947469,8,0.1778,17,7,0,1736,1,0.14285714285714285,8832,68
0.038896096107119714,0,0.11668828832135913,3,0,dub_irish_dutch,-0.03855335588256518,10,0.1769,22,7,0,1736,0,0.0,8960,69
-0.0153381555153707,0,-0.1073670886075949,7,0,dub_irish_dutch,-0.01591502781957388,6,0.176,17,7,0,1736,0,0.0,9088,70
-0.007154848792822799,0,-0.035774243964113994,5,0,dub_irish_dutch,-0.01522592424104611,11,0.1751,27,7,0,1736,0,0.0,9216,71
0.027274273039912166,46746000,0.27274273039912167,10,0,dub_irish_dutch,-0.02647550714512666,8,0.1743,14,7,0,1736,2,0.2,9344,72
0.02108692408733968,0,0.1054346204366984,5,0,dub_irish_dutch,0.04237280289332072,10,0.1734,20,7,0,1736,0,0.0,9472,73
0.015413794995126932,46746000,0.16955174494639624,11,0,dub_irish_dutch,0.02917107753455639,9,0.1725,24,7,0,1736,1,0.09090909090909091,9600,74
0.001411164347067942,46746000,0.012700479123611478,9,0,dub_irish_dutch,-0.015487244663139185,10,0.1717,24,7,0,1736,1,0.1111111111111111,9728,75
0.029189160931643372,46746000,0.2918916093164337,10,0,dub_irish_dutch,-0.013475504393378893,8,0.1708,21,7,0,1736,1,0.1,9856,76
0.019126571496548735,0,0.13388600047584115,7,0,dub_irish_dutch,-0.011805067770183086,6,0.1699,25,7,0,1736,0,0.0,9984,77
0.0037763713080168773,0,0.033987341772151895,9,0,dub_irish_dutch,-0.028213890890280407,6,0.1691,17,7,0,1736,0,0.0,10112,78
0.024145480347070487,46746000,0.12072740173535244,5,0,dub_irish_dutch,-0.034853748977184296,10,0.1683,18,7,0,1736,1,0.2,10240,79
-0.0017810396223473547,0,-0.005343118867042064,3,0,dub_irish_dutch,0.01818276382982731,2,0.1674,15,7,0,1736,0,0.0,10368,80
0.1059467892983262,46746000,0.3178403678949786,3,0,dub_irish_dutch,-0.025180165966351826,5,0.1666,12,7,0,1736,1,0.3333333333333333,10496,81
0.009239425324124903,0,0.03695770129649961,4,0,dub_irish_dutch,-0.022288429861267407,6,0.1657,16,7,0,1736,0,0.0,10624,82
0.06199729123916107,0,0.30998645619580534,5,0,dub_irish_dutch,-0.014409573127826055,7,0.1649,21,7,0,1736,0,0.0,10752,83
0.060422027927310405,46746000,0.1812660837819312,3,0,dub_irish_dutch,0.015662110100189846,8,0.1641,20,7,0,1736,1,0.3333333333333333,10880,84
0.04969786352040815,46746000,0.0993957270408163,2,0,dub_irish_dutch,-0.014403945455948511,5,0.1633,21,7,0,1736,1,0.5,11008,85
-0.06002451371173471,0,-0.12004902742346941,2,0,dub_irish_dutch,-0.026564784348011017,4,0.1625,16,7,0,1736,0,0.0,11136,86
0.06720626911175259,74034000,0.26882507644701037,4,0,dub_irish_dutch,0.17732037603855133,7,0.1616,19,7,0,1736,2,0.5,11264,87
0.076973170441955,46746000,0.30789268176782,4,0,dub_irish_dutch,-0.016997090230385464,8,0.1608,16,7,0,1736,1,0.25,11392,88
-0.003726849590706538,0,-0.01863424795353269,5,0,dub_irish_dutch,-0.028323402007420857,7,0.16,16,7,0,1736,0,0.0,11520,89
0.01433770733895122,0,0.08602624403370732,6,0,dub_irish_dutch,-0.02478670763472716,9,0.1592,26,7,0,1736,0,0.0,11648,90
0.01921967669583657,46746000,0.057659030087509715,3,0,dub_irish_dutch,-0.022600910315910976,6,0.1584,16,7,0,1736,1,0.3333333333333333,11776,91
-0.011569314149299119,0,-0.057846570746495594,5,0,dub_irish_dutch,-0.01419523855050405,9,0.1576,19,7,0,1736,0,0.0,11904,92
0.013385213706864088,2322000,0.040155641120592264,3,0,dub_irish_dutch,-0.023766769096255302,9,0.1569,20,7,0,1736,1,0.3333333333333333,12032,93
0.02485000531589517,0,0.14910003189537102,6,0,dub_irish_dutch,-0.022378924613197643,5,0.1561,14,7,0,1736,0,0.0,12160,94
0.04189261798469388,0,0.08378523596938776,2,0,dub_irish_dutch,0.04076296091079712,7,0.1553,11,7,0,1736,0,0.0,12288,95
0.024088819916587664,0,0.14453291949952599,6,0,dub_irish_dutch,-0.026913533608118694,8,0.1545,17,7,0,1736,0,0.0,12416,96
0.03530659813306218,46746000,0.28245278506449745,8,0,dub_irish_dutch,0.017168886959552765,7,0.1537,13,7,0,1736,1,0.125,12544,97
0.02840236711416016,0,0.1420118355708008,5,0,dub_irish_dutch,-0.002268980878094832,11,0.153,16,7,0,1736,0,0.0,12672,98
0.028991688420837936,0,0.1739501305250276,6,0,dub_irish_dutch,-0.0012399889528751373,12,0.1522,19,7,0,1736,0,0.0,12800,99
-0.011145214785812835,46746000,-0.1225973626439412,11,0,dub_irish_dutch,-0.022488740583260853,5,0.25,32,8,0,1737,2,0.18181818181818182,128,0
-0.040038006894319716,0,-0.4404180758375169,11,0,dub_irish_dutch,-0.02491024136543274,6,0.2487,38,8,0,1737,0,0.0,256,1
-0.019975999498684054,0,-0.19975999498684052,10,0,dub_irish_dutch,-0.021722775573531788,6,0.2475,31,8,0,1737,0,0.0,384,2
-0.04322257383966246,0,-0.5186708860759495,12,0,dub_irish_dutch,-0.02877674251794815,4,0.2463,31,8,0,1737,0,0.0,512,3
-0.027934798307032264,0,-0.41902197460548396,15,0,dub_irish_dutch,-0.03212450444698334,3,0.245,33,8,0,1737,0,0.0,640,4
-0.028927751115264713,46746000,-0.2603497600373824,9,0,dub_irish_dutch,-0.025760527700185776,9,0.2438,29,8,0,1737,2,0.2222222222222222,768,5
-0.03758227848101268,0,-0.37582278481012676,10,0,dub_irish_dutch,-0.03419512013594309,5,0.2426,28,8,0,1737,0,0.0,896,6
-0.026150596055729988,46746000,-0.33995774872448986,13,0,dub_irish_dutch,-0.031739442919691406,5,0.2414,35,8,0,1737,1,0.07692307692307693,1024,7
-0.08584637882249423,0,-0.8584637882249423,10,0,dub_irish_dutch,-0.02478409248093764,5,0.2402,29,8,0,1737,0,0.0,1152,8
-0.02819244561031961,0,-0.33830934732383533,12,0,dub_irish_dutch,-0.02575036386648814,2,0.239,33,8,0,1737,0,0.0,1280,9
-0.05011295001628669,0,-0.6013554001954403,12,0,dub_irish_dutch,-0.0286669060587883,6,0.2378,31,8,0,1737,0,0.0,1408,10
-0.03582055382525549,46746000,-0.39402609207781036,11,0,dub_irish_dutch,-0.04610329742232958,6,0.2366,40,8,0,1737,1,0.09090909090909091,1536,11
-0.045578772528428645,0,-0.5469452703411437,12,0,dub_irish_dutch,-0.033305373042821884,5,0.2354,31,8,0,1737,0,0.0,1664,12
-0.00845056720353118,0,-0.09295623923884298,11,0,dub_irish_dutch,-0.024336151778697968,7,0.2342,26,8,0,1737,0,0.0,1792,13
-0.02330087633885103,0,-0.3029113924050634,13,0,dub_irish_dutch,-0.03235344961285591,4,0.2331,38,8,0,1737,0,0.0,1920,14
0.006430465218438883,46746000,0.08359604783970548,13,0,dub_irish_dutch,-0.01663187767068545,6,0.2319,25,8,0,1737,1,0.07692307692307693,2048,15
-0.0065384097035040434,6210000,-0.06538409703504043,10,0,dub_irish_dutch,-0.02896456979215145,4,0.2307,30,8,0,1737,1,0.1,2176,16
-0.027292593362503226,0,-0.27292593362503226,10,0,dub_irish_dutch,-0.02851238784690698,10,0.2296,27,8,0,1737,0,0.0,2304,17
-0.0421254964630405,0,-0.337003971704324,8,0,dub_irish_dutch,-0.03109350862602393,7,0.2284,25,8,0,1737,0,0.0,2432,18
-0.012024542013982648,39217500,-0.14429450416779177,12,0,dub_irish_dutch,-0.021884651854634285,6,0.2273,31,8,0,1737,1,0.08333333333333333,2560,19
-0.04205640758811288,0,-0.5046768910573546,12,0,dub_irish_dutch,-0.03700830663243929,6,0.2262,31,8,0,1737,0,0.0,2688,20
-0.0011548555969110607,0,-0.011548555969110608,10,0,dub_irish_dutch,-0.03186481570204099,5,0.225,21,8,0,1737,0,0.0,2816,21
-0.03437228703176988,0,-0.34372287031769877,10,0,dub_irish_dutch,-0.03350639219085375,4,0.2239,37,8,0,1737,0,0.0,2944,22
-0.01123183337310227,0,-0.1460138338503295,13,0,dub_irish_dutch,-0.034657186518112816,6,0.2228,28,8,0,1737,0,0.0,3072,23
-0.04210297348270796,0,-0.33682378786166367,8,0,dub_irish_dutch,-0.03169342502951622,4,0.2217,30,8,0,1737,0,0.0,3200,24
-0.006348892405063291,0,-0.10158227848101266,16,0,dub_irish_dutch,-0.03386856491367022,4,0.2206,32,8,0,1737,0,0.0,3328,25
-0.03734147517195171,0,-0.3734147517195171,10,0,dub_irish_dutch,-0.03373160461584727,5,0.2195,30,8,0,1737,0,0.0,3456,26
-0.0035535076220118036,0,-0.04619559908615345,13,0,dub_irish_dutch,-0.019428686549266178,7,0.2184,36,8,0,1737,0,0.0,3584,27
-0.030619349005424967,0,-0.42867088607594955,14,0,dub_irish_dutch,-0.04336234430472056,2,0.2173,26,8,0,1737,0,0.0,3712,28
-0.02732973672852828,0,-0.2732973672852828,10,0,dub_irish_dutch,-0.02903154119849205,6,0.2162,26,8,0,1737,0,0.0,3840,29
0.00405829631244867,38480400,0.05275785206183271,13,0,dub_irish_dutch,-0.01743198869129022,8,0.2151,32,8,0,1737,1,0.07692307692307693,3968,30
0.012137336510554049,46746000,0.18206004765831074,15,0,dub_irish_dutch,-0.012670968969662985,7,0.214,34,8,0,1737,2,0.13333333333333333,4096,31
-0.02454545454545455,0,-0.2700000000000001,11,0,dub_irish_dutch,-0.033421301593383156,3,0.213,35,8,0,1737,0,0.0,4224,32
-0.027173009948762306,0,-0.3260761193851477,12,0,dub_irish_dutch,-0.028546998277306557,7,0.2119,30,8,0,1737,0,0.0,4352,33
0.0061423198787442035,0,0.07370783854493045,12,0,dub_irish_dutch,-0.021111489584048588,6,0.2108,18,8,0,1737,0,0.0,4480,34
-0.000729350948675131,46746000,-0.010210913281451834,14,0,dub_irish_dutch,-0.02003509985903899,9,0.2098,28,8,0,1737,1,0.07142857142857142,4608,35
-0.010922242314647378,0,-0.1529113924050633,14,0,dub_irish_dutch,-0.02792976424098015,7,0.2087,24,8,0,1737,0,0.0,4736,36
0.004129939060406946,0,0.04542932966447641,11,0,dub_irish_dutch,-0.0273589671899875,7,0.2077,27,8,0,1737,0,0.0,4864,37
-0.022219824485685515,0,-0.33329736728528275,15,0,dub_irish_dutch,-0.018956469371914864,5,0.2066,33,8,0,1737,0,0.0,4992,38
0.009457603878942032,46746000,0.12294885042624643,13,0,dub_irish_dutch,-0.020125479126969974,10,0.2056,20,8,0,1737,1,0.07692307692307693,5120,39
-0.02039700658744511,0,-0.20397006587445107,10,0,dub_irish_dutch,-0.020575604711969692,5,0.2046,26,8,0,1737,0,0.0,5248,40
0.0014753884508348794,0,0.016229272959183673,11,0,dub_irish_dutch,-0.02830071561038494,1,0.2036,19,8,0,1737,0,0.0,5376,41
0.010138496167409108,46746000,0.1520774425111366,15,0,dub_irish_dutch,-0.0012024156749248505,8,0.2025,25,8,0,1737,2,0.13333333333333333,5504,42
0.005621281962717278,46746000,0.07869794747804189,14,0,dub_irish_dutch,-0.02926597309609254,7,0.2015,26,8,0,1737,1,0.07142857142857142,5632,43
-0.0029776315103860885,0,-0.03275394661424697,11,0,dub_irish_dutch,-0.016951438660422962,6,0.2005,27,8,0,1737,0,0.0,5760,44
-0.021455696202531647,0,-0.23601265822784812,11,0,dub_irish_dutch,-0.0360743614534537,5,0.1995,15,8,0,1737,0,0.0,5888,45
-0.004806806736726696,0,-0.05287487410399366,11,0,dub_irish_dutch,-0.032443322241306305,12,0.1985,28,8,0,1737,0,0.0,6016,46
-0.00916287478226184,38480400,-0.10995449738714208,12,0,dub_irish_dutch,-0.026821148892243702,3,0.1975,22,8,0,1737,1,0.08333333333333333,6144,47
-0.013775564759516142,0,-0.12398008283564527,9,0,dub_irish_dutch,-0.01411849974344174,6,0.1965,29,8,0,1737,0,0.0,6272,48
0.0018400004557417764,0,0.02024000501315954,11,0,dub_irish_dutch,-0.03139320264259974,5,0.1956,26,8,0,1737,0,0.0,6400,49
-0.007151898734177215,0,-0.07867088607594937,11,0,dub_irish_dutch,-0.03156577299038569,4,0.1946,26,8,0,1737,0,0.0,6528,50
-0.008713638123214205,37800000,-0.07842274310892786,9,0,dub_irish_dutch,-0.021847151219844818,6,0.1936,18,8,0,1737,1,0.1111111111111111,6656,51
-0.01039078081551013,44604000,-0.14547093141714182,14,0,dub_irish_dutch,-0.024784978479146957,6,0.1926,28,8,0,1737,1,0.07142857142857142,6784,52
0.020429396575324086,46746000,0.20429396575324085,10,0,dub_irish_dutch,-0.02540733354787032,11,0.1917,23,8,0,1737,2,0.2,6912,53
-0.0028902953586497897,0,-0.02601265822784811,9,0,dub_irish_dutch,-0.011584331591924032,5,0.1907,23,8,0,1737,0,0.0,7040,54
-0.008649354855135821,0,-0.11244161311676568,13,0,dub_irish_dutch,-0.021750098715225857,4,0.1898,20,8,0,1737,0,0.0,7168,55
0.007699433705934863,0,0.10779207188308808,14,0,dub_irish_dutch,-0.020471738651394844,12,0.1888,18,8,0,1737,0,0.0,7296,56
0.006690713521145353,44604000,0.08028856225374423,12,0,dub_irish_dutch,-0.022357443968454998,8,0.1879,19,8,0,1737,1,0.08333333333333333,7424,57
-0.009653778799890208,0,-0.09653778799890207,10,0,dub_irish_dutch,-0.009817403430740038,7,0.1869,17,8,0,1737,0,0.0,7552,58
-0.010924092409240922,0,-0.13108910891089107,12,0,dub_irish_dutch,-0.026515164722998936,4,0.186,24,8,0,1737,0,0.0,7680,59
-0.00984664070107108,0,-0.12800632911392404,13,0,dub_irish_dutch,-0.030791134883960087,4,0.1851,18,8,0,1737,0,0.0,7808,60
-0.019175568594196293,0,-0.2109312545361592,11,0,dub_irish_dutch,-0.03311689322193464,9,0.1841,24,8,0,1737,0,0.0,7936,61
0.005216256269301449,0,0.05737881896231594,11,0,dub_irish_dutch,-0.003270587573448817,3,0.1832,25,8,0,1737,0,0.0,8064,62
0.006189501399633941,0,0.0742740167956073,12,0,dub_irish_dutch,-0.022557962064941723,6,0.1823,24,8,0,1737,0,0.0,8192,63
0.014209221640746034,38480400,0.11367377312596827,8,0,dub_irish_dutch,-0.007335943169891834,6,0.1814,20,8,0,1737,1,0.125,8320,64
-0.011975809202241021,0,-0.11975809202241021,10,0,dub_irish_dutch,-0.023000437145431835,6,0.1805,24,8,0,1737,0,0.0,8448,65
0.009540410684888359,0,0.1144849282186603,12,0,dub_irish_dutch,-0.01092152918378512,8,0.1796,20,8,0,1737,0,0.0,8576,66
0.03065902062475933,46746000,0.3065902062475933,10,0,dub_irish_dutch,-0.017606201271216076,11,0.1787,28,8,0,1737,2,0.2,8704,67
-0.0023379001197717294,0,-0.02571690131748902,11,0,dub_irish_dutch,-0.02051801544924577,4,0.1778,27,8,0,1737,0,0.0,8832,68
0.017130428857938567,0,0.1027825731476314,6,0,dub_irish_dutch,-0.03171549427012602,7,0.1769,13,8,0,1737,0,0.0,8960,69
0.008394491571879954,0,0.05876144100315968,7,0,dub_irish_dutch,-0.0217461163798968,6,0.176,20,8,0,1737,0,0.0,9088,70
-0.007297468399638336,0,-0.07297468399638336,10,0,dub_irish_dutch,-0.029763783638676006,2,0.1751,14,8,0,1737,0,0.0,9216,71
-0.00905590717299578,0,-0.10867088607594935,12,0,dub_irish_dutch,-0.014111951614419619,2,0.1743,26,8,0,1737,0,0.0,9344,72
-0.01184751295692327,46746000,-0.1184751295692327,10,0,dub_irish_dutch,-0.0327737790842851,9,0.1734,21,8,0,1737,1,0.1,9472,73
-0.022792009677561335,0,-0.20512808709805203,9,0,dub_irish_dutch,-0.037006694823503494,7,0.1725,22,8,0,1737,0,0.0,9600,74
0.010744289870533257,0,0.10744289870533258,10,0,dub_irish_dutch,-0.03375410412748655,7,0.1717,25,8,0,1737,0,0.0,9728,75
-0.00674551858743109,46746000,-0.05396414869944872,8,0,dub_irish_dutch,-0.03871698925892512,6,0.1708,25,8,0,1737,1,0.125,9856,76
-0.003582278481012659,0,-0.03582278481012659,10,0,dub_irish_dutch,-0.030856869493921597,3,0.1699,24,8,0,1737,0,0.0,9984,77
-0.0020191552760036903,56754000,-0.024229863312044284,12,0,dub_irish_dutch,-0.029337815940380096,8,0.1691,19,8,0,1737,1,0.08333333333333333,10112,78
0.011549143708116159,33534000,0.12704058078927774,11,0,dub_irish_dutch,-0.02615649811923504,3,0.1683,28,8,0,1737,1,0.09090909090909091,10240,79
-0.01014734335853309,0,-0.12176812030239707,12,0,dub_irish_dutch,-0.034097786992788315,7,0.1674,24,8,0,1737,0,0.0,10368,80
-0.0036760349752945898,0,-0.04043638472824049,11,0,dub_irish_dutch,-0.03424099460244179,4,0.1666,32,8,0,1737,0,0.0,10496,81
-0.0009786953950436158,0,-0.01174434474052339,12,0,dub_irish_dutch,-0.02580448177953561,6,0.1657,20,8,0,1737,0,0.0,10624,82
0.014494849297841499,46746000,0.1304536436805735,9,0,dub_irish_dutch,-0.015330937380592028,5,0.1649,22,8,0,1737,1,0.1111111111111111,10752,83
0.014256341634984836,46746000,0.12830707471486352,9,0,dub_irish_dutch,-0.02612203856309255,5,0.1641,23,8,0,1737,1,0.1111111111111111,10880,84
0.02173967721903501,56754000,0.1739174177522801,8,0,dub_irish_dutch,-0.016353535776336987,4,0.1633,23,8,0,1737,1,0.125,11008,85
0.021214997830146704,46746000,0.19093498047132035,9,0,dub_irish_dutch,0.001166767751177152,8,0.1625,27,8,0,1737,1,0.1111111111111111,11136,86
0.004841772151898734,0,0.04841772151898734,10,0,dub_irish_dutch,-0.02937176451086998,2,0.1616,17,8,0,1737,0,0.0,11264,87
0.008946139867151271,0,0.07156911893721017,8,0,dub_irish_dutch,0.0213774840037028,4,0.1608,20,8,0,1737,0,0.0,11392,88
0.010362391002028036,0,0.1139863010223084,11,0,dub_irish_dutch,0.012780051057537397,10,0.16,18,8,0,1737,0,0.0,11520,89
0.006519541778975742,2322000,0.03911725067385445,6,0,dub_irish_dutch,-0.012711165162424246,4,0.1592,13,8,0,1737,1,0.16666666666666666,11648,90
-0.01983386075949367,0,-0.15867088607594937,8,0,dub_irish_dutch,-0.028545396402478218,2,0.1584,22,8,0,1737,0,0.0,11776,91
0.002716950259138465,0,0.02173560207310772,8,0,dub_irish_dutch,-0.012981756900747618,6,0.1576,23,8,0,1737,0,0.0,11904,92
0.002467423102740115,0,0.02467423102740115,10,0,dub_irish_dutch,-0.0010406766086816788,6,0.1569,17,8,0,1737,0,0.0,12032,93
0.015686231469274156,0,0.10980362028491909,7,0,dub_irish_dutch,-0.035825539380311966,8,0.1561,23,8,0,1737,0,0.0,12160,94
-0.007843125531462583,0,-0.09411750637755101,12,0,dub_irish_dutch,-0.029955987508098286,4,0.1553,21,8,0,1737,0,0.0,12288,95
-0.0096480407951353,0,-0.0771843263610824,8,0,dub_irish_dutch,-0.01846034824848175,3,0.1545,19,8,0,1737,0,0.0,12416,96
0.014766988679590606,46746000,0.13290289811631545,9,0,dub_irish_dutch,-0.004421643291910489,11,0.1537,27,8,0,1737,1,0.1111111111111111,12544,97
-0.006820231293747431,46746000,-0.07502254423122175,11,0,dub_irish_dutch,-0.03391118844350179,8,0.153,12,8,0,1737,1,0.09090909090909091,12672,98
-0.00024201876633574843,0,-0.0026622064296932327,11,0,dub_irish_dutch,-0.026560970892508824,11,0.1522,24,8,0,1737,0,0.0,12800,99
-0.05732180275533807,46746000,-0.45857442204270454,8,0,dub_irish_dutch,-0.022302304704984028,7,0.25,41,9,0,1738,1,0.125,128,0
-0.039620253164556966,0,-0.43582278481012665,11,0,dub_irish_dutch,-0.026775292431314785,5,0.2487,30,9,0,1738,0,0.0,256,1
-0.011836458645810557,46746000,-0.15387396239553724,13,0,dub_irish_dutch,-0.02447993556658427,7,0.2475,33,9,0,1738,1,0.07692307692307693,384,2
-0.033228352989853556,0,-0.3655118828883891,11,0,dub_irish_dutch,-0.026933272058765095,6,0.2463,29,9,0,1738,0,0.0,512,3
-0.027018947507176126,46746000,-0.29720842257893737,11,0,dub_irish_dutch,-0.03384484350681305,4,0.245,29,9,0,1738,1,0.09090909090909091,640,4
-0.01889767017051788,0,-0.20787437187569668,11,0,dub_irish_dutch,-0.026806243384877842,7,0.2438,41,9,0,1738,0,0.0,768,5
-0.02197784810126583,0,-0.17582278481012664,8,0,dub_irish_dutch,-0.018929868936538696,6,0.2426,32,9,0,1738,0,0.0,896,6
-0.024977721385602433,0,-0.32471037801283165,13,0,dub_irish_dutch,-0.02610291230181853,3,0.2414,26,9,0,1738,0,0.0,1024,7
-0.04872612197928656,0,-0.5359873417721521,11,0,dub_irish_dutch,-0.03686220074693362,6,0.2402,31,9,0,1738,0,0.0,1152,8
-0.051519531734088714,0,-0.5667148490749758,11,0,dub_irish_dutch,-0.025544661407669384,7,0.239,33,9,0,1738,0,0.0,1280,9
-0.002501142321510632,0,-0.030013707858127583,12,0,dub_irish_dutch,-0.023039417962233227,4,0.2378,33,9,0,1738,0,0.0,1408,10
-0.029976840617821035,34884000,-0.3597220874138524,12,0,dub_irish_dutch,-0.02621172678967317,8,0.2366,34,9,0,1738,1,0.08333333333333333,1536,11
-0.009528813640362675,0,-0.10481695004398942,11,0,dub_irish_dutch,-0.0276254341006279,7,0.2354,33,9,0,1738,0,0.0,1664,12
-0.023898078762755112,0,-0.28677694515306135,12,0,dub_irish_dutch,-0.024498609205087025,5,0.2342,28,9,0,1738,0,0.0,1792,13
-0.029364349758303463,0,-0.3230078473413381,11,0,dub_irish_dutch,-0.035199813544750214,7,0.2331,35,9,0,1738,0,0.0,1920,14
-0.026699978578389513,0,-0.32039974294067414,12,0,dub_irish_dutch,-0.030404333025217056,8,0.2319,26,9,0,1738,0,0.0,2048,15
-0.041708860800591836,0,-0.45879746880651023,11,0,dub_irish_dutch,-0.024383780856927235,3,0.2307,32,9,0,1738,0,0.0,2176,16
-0.015969576274482755,0,-0.1756653390193103,11,0,dub_irish_dutch,-0.033427720268567405,5,0.2296,27,9,0,1738,0,0.0,2304,17
-0.024424626006904496,0,-0.26867088607594947,11,0,dub_irish_dutch,-0.03730959817767143,2,0.2284,41,9,0,1738,0,0.0,2432,18
-0.0017382074573369293,0,-0.015643867116032363,9,0,dub_irish_dutch,-0.023382785419623058,9,0.2273,36,9,0,1738,0,0.0,2560,19
-0.01977566426095755,46746000,-0.2966349639143632,15,0,dub_irish_dutch,-0.03784704580903053,5,0.2262,32,9,0,1738,1,0.06666666666666667,2688,20
-0.015506329113924053,0,-0.2015822784810127,13,0,dub_irish_dutch,-0.0220713975528876,4,0.225,26,9,0,1738,0,0.0,2816,21
-0.032727272727272744,0,-0.3600000000000002,11,0,dub_irish_dutch,-0.022134975840648014,4,0.2239,25,9,0,1738,0,0.0,2944,22
-0.006593900936851997,0,-0.046157306557963976,7,0,dub_irish_dutch,-0.023799603804945946,7,0.2228,21,9,0,1738,0,0.0,3072,23
-0.009180963749580618,0,-0.11017156499496741,12,0,dub_irish_dutch,-0.025488492101430893,8,0.2217,36,9,0,1738,0,0.0,3200,24
0.014926443905619062,23373000,0.16419088296180967,11,0,dub_irish_dutch,-0.024202433104316395,9,0.2206,18,9,0,1738,1,0.09090909090909091,3328,25
-0.012590759075907591,0,-0.15108910891089108,12,0,dub_irish_dutch,-0.027116371939579647,3,0.2195,32,9,0,1738,0,0.0,3456,26
-0.03130940970562337,0,-0.2817846873506103,9,0,dub_irish_dutch,-0.031915937860806785,8,0.2184,30,9,0,1738,0,0.0,3584,27
0.007282269852587907,44604000,0.07282269852587907,10,0,dub_irish_dutch,-0.03577107066909472,7,0.2173,34,9,0,1738,1,0.1,3712,28
-0.015031276663630055,0,-0.1653440432999306,11,0,dub_irish_dutch,-0.033658672124147415,5,0.2162,23,9,0,1738,0,0.0,3840,29
0.04774854876564509,56754000,0.3342398413595156,7,0,dub_irish_dutch,-0.02380571390191714,7,0.2151,24,9,0,1738,2,0.2857142857142857,3968,30
-0.000243937680204354,56754000,-0.003171189842656602,13,0,dub_irish_dutch,-0.03164844959974289,4,0.214,23,9,0,1738,1,0.07692307692307693,4096,31
-0.01535887386137335,0,-0.16894761247510684,11,0,dub_irish_dutch,-0.029161713396509487,6,0.213,25,9,0,1738,0,0.0,4224,32
0.0013108687777842127,0,0.017041294111194764,13,0,dub_irish_dutch,-0.024762184048692387,6,0.2119,20,9,0,1738,0,0.0,4352,33
-0.00014384349827387816,0,-0.0015822784810126597,11,0,dub_irish_dutch,-0.029810265948375065,5,0.2108,25,9,0,1738,0,0.0,4480,34
-0.0032966457023060804,0,-0.029669811320754726,9,0,dub_irish_dutch,-0.022437436506152153,2,0.2098,21,9,0,1738,0,0.0,4608,35
-0.01866207026804075,0,-0.149296562144326,8,0,dub_irish_dutch,-0.01701467235883077,5,0.2087,26,9,0,1738,0,0.0,4736,36
-0.022380381580261708,0,-0.13428228948157026,6,0,dub_irish_dutch,-0.006084380050500234,1,0.2077,23,9,0,1738,0,0.0,4864,37
-0.023220623085370793,0,-0.20898560776833713,9,0,dub_irish_dutch,-0.018734038497010868,1,0.2066,33,9,0,1738,0,0.0,4992,38
0.02809518723797934,0,0.2528566851418141,9,0,dub_irish_dutch,-0.012603672842184702,9,0.2056,26,9,0,1738,0,0.0,5120,39
-0.014296765119549927,0,-0.12867088607594934,9,0,dub_irish_dutch,-0.020372175921996433,4,0.2046,27,9,0,1738,0,0.0,5248,40
-0.015449367088607594,0,-0.15449367088607593,10,0,dub_irish_dutch,-0.024702003846565884,3,0.2036,30,9,0,1738,0,0.0,5376,41
0.007824261617972662,2322000,0.07824261617972661,10,0,dub_irish_dutch,-0.031010263909896214,7,0.2025,21,9,0,1738,1,0.1,5504,42
0.01381008284799769,46746000,0.1381008284799769,10,0,dub_irish_dutch,-0.031839085121949516,6,0.2015,25,9,0,1738,2,0.2,5632,43
0.007481950760022075,46746000,0.08230145836024283,11,0,dub_irish_dutch,-0.03563941766818365,7,0.2005,20,9,0,1738,1,0.09090909090909091,5760,44
0.0070294784580498875,46746000,0.06326530612244899,9,0,dub_irish_dutch,-0.030408445745706558,4,0.1995,31,9,0,1738,1,0.1111111111111111,5888,45
-0.002140665700615693,46746000,-0.019265991305541238,9,0,dub_irish_dutch,-0.01451618658999602,6,0.1985,33,9,0,1738,1,0.1111111111111111,6016,46
0.012495371130020704,0,0.09996296904016563,8,0,dub_irish_dutch,-0.02557765630384286,5,0.1975,25,9,0,1738,0,0.0,6144,47
0.013444947596259586,46746000,0.10755958077007668,8,0,dub_irish_dutch,-0.03503258650501569,6,0.1965,26,9,0,1738,1,0.125,6272,48
-0.0058886715331501385,0,-0.06477538686465152,11,0,dub_irish_dutch,-0.013234677103658518,4,0.1956,25,9,0,1738,0,0.0,6400,49
0.001285669100182266,0,0.011571021901640395,9,0,dub_irish_dutch,-0.03603589783112208,7,0.1946,25,9,0,1738,0,0.0,6528,50
-0.00695750452079566,0,-0.04870253164556962,7,0,dub_irish_dutch,-0.02348805032670498,4,0.1936,26,9,0,1738,0,0.0,6656,51
-0.016083860759493668,0,-0.12867088607594934,8,0,dub_irish_dutch,0.006933091829220454,3,0.1926,21,9,0,1738,0,0.0,6784,52
0.001925944249206728,0,0.015407553993653823,8,0,dub_irish_dutch,-0.034187344213326774,3,0.1917,26,9,0,1738,0,0.0,6912,53
-0.0016302873379375486,0,-0.013042298703500389,8,0,dub_irish_dutch,-0.022361908728877705,5,0.1907,23,9,0,1738,0,0.0,7040,54
0.020343710813043574,46746000,0.24412452975652288,12,0,dub_irish_dutch,-0.030260882650812466,6,0.1898,21,9,0,1738,2,0.16666666666666666,7168,55
-0.008477376829642771,0,-0.10172852195571325,12,0,dub_irish_dutch,-0.02674631712337335,2,0.1888,26,9,0,1738,0,0.0,7296,56
-0.010743250425170069,0,-0.09668925382653061,9,0,dub_irish_dutch,-0.03600382680694262,4,0.1879,31,9,0,1738,0,0.0,7424,57
0.0035369223472544228,0,0.03890614581979865,11,0,dub_irish_dutch,-0.013521458022296429,8,0.1869,23,9,0,1738,0,0.0,7552,58
-0.0005672849285278702,2322000,-0.007374704070862312,13,0,dub_irish_dutch,-0.008629257790744305,8,0.186,28,9,0,1738,1,0.07692307692307693,7680,59
-0.004706990774976372,0,-0.051776898524740086,11,0,dub_irish_dutch,-0.0006885615487893423,7,0.1851,21,9,0,1738,0,0.0,7808,60
0.015899574934015878,46746000,0.20669447414220643,13,0,dub_irish_dutch,-0.011795535994072756,6,0.1841,24,9,0,1738,1,0.07692307692307693,7936,61
0.003360290577117107,0,0.04368377750252239,13,0,dub_irish_dutch,-0.022844992578029633,8,0.1832,21,9,0,1738,0,0.0,8064,62
0.001806850735321253,0,0.025295910294497542,14,0,dub_irish_dutch,-0.01697067792216937,4,0.1823,26,9,0,1738,0,0.0,8192,63
0.0010821933032403933,0,0.012986319638884719,12,0,dub_irish_dutch,-0.019761848573883373,7,0.1814,30,9,0,1738,0,0.0,8320,64
0.007216604153173837,0,0.08659924983808605,12,0,dub_irish_dutch,-0.02867778887351354,6,0.1805,17,9,0,1738,0,0.0,8448,65
0.0112771663631222,46746000,0.169157495446833,15,0,dub_irish_dutch,-0.01979096544285615,9,0.1796,17,9,0,1738,1,0.06666666666666667,8576,66
0.006563998186299835,46746000,0.09845997279449752,15,0,dub_irish_dutch,-0.03135152719914913,5,0.1787,22,9,0,1738,1,0.06666666666666667,8704,67
0.010753006670657551,46746000,0.13978908671854817,13,0,dub_irish_dutch,-0.021671562766035397,6,0.1778,28,9,0,1738,1,0.07692307692307693,8832,68
0.007669347420257606,46746000,0.10737086388360648,14,0,dub_irish_dutch,-0.027166550358136494,5,0.1769,21,9,0,1738,1,0.07142857142857142,8960,69
-0.020905249884044543,46746000,-0.22995774872448996,11,0,dub_irish_dutch,-0.02811107722421487,3,0.176,26,9,0,1738,1,0.09090909090909091,9088,70
0.02006065400843882,46746000,0.24072784810126582,12,0,dub_irish_dutch,-0.006251429207623005,9,0.1751,16,9,0,1738,1,0.08333333333333333,9216,71
-0.0033877295626107344,0,-0.04065275475132881,12,0,dub_irish_dutch,-0.023773368448019028,8,0.1743,30,9,0,1738,0,0.0,9344,72
0.002109704641350211,0,0.025316455696202528,12,0,dub_irish_dutch,-0.026947864641745884,7,0.1734,26,9,0,1738,0,0.0,9472,73
0.005702009974655606,46746000,0.06272210972121167,11,0,dub_irish_dutch,-0.010007816987733046,9,0.1725,16,9,0,1738,1,0.09090909090909091,9600,74
0.011772358597315508,46746000,0.1412683031677861,12,0,dub_irish_dutch,-0.034864128877719246,10,0.1717,33,9,0,1738,1,0.08333333333333333,9728,75
0.008655168643277077,0,0.09520685507604784,11,0,dub_irish_dutch,-0.013014557150503,10,0.1708,21,9,0,1738,0,0.0,9856,76
0.03623351164457948,46746000,0.36233511644579486,10,0,dub_irish_dutch,0.033973767111698784,11,0.1699,27,9,0,1738,2,0.2,9984,77
0.031389679949366714,46746000,0.40806583934176727,13,0,dub_irish_dutch,-0.02857927729686101,11,0.1691,19,9,0,1738,2,0.15384615384615385,10112,78
0.005902861038768566,0,0.059028610387685664,10,0,dub_irish_dutch,-0.019018979743123055,7,0.1683,22,9,0,1738,0,0.0,10240,79
0.02303706160849536,56754000,0.2764447393019443,12,0,dub_irish_dutch,0.00846614750723044,10,0.1674,22,9,0,1738,1,0.08333333333333333,10368,80
0.017354293276700863,0,0.15618863949030776,9,0,dub_irish_dutch,-0.009206566649178663,9,0.1666,27,9,0,1738,0,0.0,10496,81
0.03934253200884784,46746000,0.3934253200884784,10,0,dub_irish_dutch,-0.01989510841667652,10,0.1657,18,9,0,1738,2,0.2,10624,82
0.0286083358072678,0,0.286083358072678,10,0,dub_irish_dutch,-0.0260444525629282,12,0.1649,24,9,0,1738,0,0.0,10752,83
0.010415970114897375,46746000,0.13540761149366587,13,0,dub_irish_dutch,0.0948713446656863,9,0.1641,29,9,0,1738,2,0.15384615384615385,10880,84
0.0475638484514447,46746000,0.475638484514447,10,0,dub_irish_dutch,-0.009597591434915861,9,0.1633,24,9,0,1738,1,0.1,11008,85
-0.002341711257319197,0,-0.01639197880123438,7,0,dub_irish_dutch,-0.016865253448486328,9,0.1625,25,9,0,1738,0,0.0,11136,86
0.00959450168890102,6210000,0.09594501688901019,10,0,dub_irish_dutch,0.0038618904848893485,4,0.1616,25,9,0,1738,1,0.1,11264,87
-0.017743873109865256,0,-0.12420711176905679,7,0,dub_irish_dutch,-0.03375064209103584,6,0.1608,24,9,0,1738,0,0.0,11392,88
0.01971071188901267,56754000,0.1379749832230887,7,0,dub_irish_dutch,-0.005471107549965382,5,0.16,15,9,0,1738,1,0.14285714285714285,11520,89
0.003873985648424883,0,0.030991885187399065,8,0,dub_irish_dutch,-0.02444930871327718,7,0.1592,22,9,0,1738,0,0.0,11648,90
0.00312462557446308,0,0.01249850229785232,4,0,dub_irish_dutch,-0.03623713180422783,7,0.1584,23,9,0,1738,0,0.0,11776,91
-0.015759885204081635,0,-0.07879942602040817,5,0,dub_irish_dutch,-0.014632293954491615,3,0.1576,14,9,0,1738,0,0.0,11904,92
-0.07376235650510207,0,-0.2950494260204083,4,0,dub_irish_dutch,-0.02829317996899287,2,0.1569,22,9,0,1738,0,0.0,12032,93
0.03737421151997639,46746000,0.22424526911985834,6,0,dub_irish_dutch,-0.014257430098950863,7,0.1561,19,9,0,1738,2,0.3333333333333333,12160,94
-0.015095896311713113,0,-0.06038358524685245,4,0,dub_irish_dutch,-0.010958611654738585,5,0.1553,23,9,0,1738,0,0.0,12288,95
0.14621464032942705,0,0.14621464032942705,1,0,dub_irish_dutch,-0.01829425897449255,6,0.1545,13,9,0,1738,0,0.0,12416,96
0.04581248814300245,46746000,0.1832499525720098,4,0,dub_irish_dutch,-0.010112334663669268,8,0.1537,17,9,0,1738,1,0.25,12544,97
0.02861383232277535,46746000,0.25752449090497814,9,0,dub_irish_dutch,-0.018578488379716873,8,0.153,22,9,0,1738,2,0.2222222222222222,12672,98
0.08960482723885368,46746000,0.44802413619426845,5,0,dub_irish_dutch,-0.029242852081855137,13,0.1522,20,9,0,1738,2,0.4,12800,99
