avg_entropy,avg_reward_per_episode,best_tax_advantage,cumulative_reward,dead_end_count,episode_count,invalid_count,loophole,loss,positive_reward_count,random_action_prob,random_exploration_count,run,saved_snapshots,seed,success_count,success_rate,total_steps,update
0.9448,-0.8000000000000005,0,-0.8000000000000005,,0,0,barnes_group,1.270901660124461,0,0.25,38,0,,1729,0,0,128,0
1.1255,-0.7600000000000005,0,-0.7600000000000005,,0,0,barnes_group,0.07948802784085274,0,0.2487,33,0,,1729,0,0,256,1
1.1391,-0.7700000000000005,0,-0.7700000000000005,,0,0,barnes_group,0.25277164950966835,0,0.2475,38,0,,1729,0,0,384,2
1.1102,-0.7700000000000005,0,-0.7700000000000005,,0,0,barnes_group,0.030676467965046566,0,0.2463,35,0,,1729,0,0,512,3
1.2289,-0.7700000000000005,0,-0.7700000000000005,,0,0,barnes_group,0.07386975487073262,0,0.245,35,0,,1729,0,0,640,4
1.1838,-0.7500000000000004,0,-0.7500000000000004,,0,0,barnes_group,0.01570882151524226,0,0.2438,30,0,,1729,0,0,768,5
1.1565,-0.7600000000000005,0,-0.7600000000000005,,0,0,barnes_group,0.20609724521636963,0,0.2426,31,0,,1729,0,0,896,6
1.2001,-0.8300000000000005,0,-0.8300000000000005,,0,0,barnes_group,0.026279788464307785,0,0.2414,32,0,,1729,0,0,1024,7
1.202,-0.7900000000000004,0,-0.7900000000000004,,0,0,barnes_group,0.058280503998200096,0,0.2402,28,0,,1729,0,0,1152,8
1.354,-0.9000000000000006,0,-0.9000000000000006,,0,0,barnes_group,0.05375955378015836,0,0.239,35,0,,1729,0,0,1280,9
1.4605,-0.2000000000000006,35,-0.2000000000000006,,1,0,barnes_group,0.0989564557870229,1,0.2378,24,0,,1729,1,1,1408,10
1.3624,-0.9900000000000007,0,-0.9900000000000007,,0,0,barnes_group,0.038906220346689224,0,0.2366,25,0,,1729,0,0,1536,11
1.4323,-1.2400000000000009,0,-1.2400000000000009,,0,0,barnes_group,0.028901116301616032,0,0.2354,33,0,,1729,0,0,1664,12
1.4474,-0.9900000000000007,0,-0.9900000000000007,,0,0,barnes_group,-0.013977311551570892,0,0.2342,43,0,,1729,0,0,1792,13
1.4632,-1.1700000000000006,0,-1.1700000000000006,,0,0,barnes_group,0.07283221930265427,0,0.2331,33,0,,1729,0,0,1920,14
1.3369,-0.9200000000000006,0,-0.9200000000000006,,0,0,barnes_group,-0.036749341835578285,0,0.2319,24,0,,1729,0,0,2048,15
1.38,-0.9100000000000006,0,-0.9100000000000006,,0,0,barnes_group,0.07096207762757938,0,0.2307,32,0,,1729,0,0,2176,16
1.462,-1.1400000000000008,0,-1.1400000000000008,,0,0,barnes_group,0.002108809848626455,0,0.2296,27,0,,1729,0,0,2304,17
1.3491,-0.9600000000000006,0,-0.9600000000000006,,0,0,barnes_group,0.016483034938573837,0,0.2284,24,0,,1729,0,0,2432,18
1.5836,-0.8900000000000005,0,-0.8900000000000005,,0,0,barnes_group,-0.04007585346698761,0,0.2273,35,0,,1729,0,0,2560,19
1.5759,-1.0500000000000007,0,-1.0500000000000007,,0,0,barnes_group,-0.01795462891459465,0,0.2262,27,0,,1729,0,0,2688,20
1.4368,-1.1300000000000008,0,-1.1300000000000008,,0,0,barnes_group,0.04211790859699249,0,0.225,24,0,,1729,0,0,2816,21
1.3971,-0.9900000000000007,0,-0.9900000000000007,,0,0,barnes_group,-0.018902719020843506,0,0.2239,35,0,,1729,0,0,2944,22
1.2312,-0.8500000000000005,0,-0.8500000000000005,,0,0,barnes_group,0.018798254430294037,0,0.2228,29,0,,1729,0,0,3072,23
1.3167,-1.0300000000000007,0,-1.0300000000000007,,0,0,barnes_group,-0.037605551381905876,0,0.2217,33,0,,1729,0,0,3200,24
1.5515,-0.9900000000000007,0,-0.9900000000000007,,0,0,barnes_group,-0.05325558284918467,0,0.2206,30,0,,1729,0,0,3328,25
1.6195,-1.0400000000000005,0,-1.0400000000000005,,0,0,barnes_group,-0.039561512569586434,0,0.2195,32,0,,1729,0,0,3456,26
1.4286,-0.8800000000000006,0,-0.8800000000000006,,0,0,barnes_group,-0.05126204093297323,0,0.2184,20,0,,1729,0,0,3584,27
1.532,-1.1800000000000006,0,-1.1800000000000006,,0,0,barnes_group,-0.004748729368050893,0,0.2173,24,0,,1729,0,0,3712,28
1.569,-1.1900000000000006,0,-1.1900000000000006,,0,0,barnes_group,-0.0416935533285141,0,0.2162,27,0,,1729,0,0,3840,29
1.3873,-1.440000000000001,0,-1.440000000000001,,0,0,barnes_group,-0.056122166415055595,0,0.2151,26,0,,1729,0,0,3968,30
1.5677,0.3899999999999997,35,0.7799999999999994,,2,0,barnes_group,0.060393323500951133,3,0.214,35,0,,1729,2,1,4096,31
1.4978,0.4349999999999996,35,0.8699999999999992,,2,0,barnes_group,0.05210307985544205,3,0.213,28,0,,1729,2,1,4224,32
1.4919,0.6066666666666665,35,1.8199999999999994,,3,0,barnes_group,-0.042082266261180244,6,0.2119,29,0,,1729,3,1,4352,33
1.4615,0.5866666666666663,35,1.7599999999999991,,3,0,barnes_group,-0.004826674858729045,4,0.2108,26,0,,1729,3,1,4480,34
1.2931,0.8485714285714302,35,5.940000000000011,,7,0,barnes_group,0.06497464204827945,8,0.2098,27,0,,1729,7,1,4608,35
1.0371,0.07999999999999952,35,0.07999999999999952,,1,0,barnes_group,0.13138505816459656,1,0.2087,33,0,,1729,1,1,4736,36
0.8682,-0.9000000000000006,0,-0.9000000000000006,,0,0,barnes_group,0.004277275254329045,0,0.2077,20,0,,1729,0,0,4864,37
0.9396,0.5449999999999997,35,1.0899999999999994,,2,0,barnes_group,0.14703371127446493,2,0.2066,24,0,,1729,2,1,4992,38
0.9463,0.8350000000000013,35,5.010000000000008,,6,0,barnes_group,0.045555539429187775,8,0.2056,20,0,,1729,6,1,5120,39
1.1068,0.8400000000000007,35,5.0400000000000045,,6,0,barnes_group,-0.004100518922011058,8,0.2046,28,0,,1729,6,1,5248,40
1.1591,0.7575000000000008,35,3.0300000000000034,,4,0,barnes_group,-0.006940079232056935,5,0.2036,27,0,,1729,4,1,5376,41
1.1192,0.6733333333333332,35,2.0199999999999996,,3,0,barnes_group,-0.052418582141399384,3,0.2025,22,0,,1729,3,1,5504,42
1.2083,0.8822222222222238,35,7.940000000000014,,9,0,barnes_group,-0.04431458314259847,11,0.2015,22,0,,1729,9,1,5632,43
1.3301,0.855000000000002,35,6.840000000000016,,8,0,barnes_group,0.008024002114931742,10,0.2005,27,0,,1729,8,1,5760,44
1.3279,0.8800000000000014,35,7.040000000000012,,8,0,barnes_group,0.022984779129425686,9,0.1995,24,0,,1729,8,1,5888,45
1.3477,0.8700000000000015,35,6.0900000000000105,,7,0,barnes_group,0.08026312043269475,8,0.1985,33,0,,1729,7,1,6016,46
1.3187,0.7900000000000007,35,3.9500000000000037,,5,0,barnes_group,0.009831099460522333,6,0.1975,30,0,,1729,5,1,6144,47
1.302,0.8812500000000016,35,7.050000000000013,,8,0,barnes_group,0.04163934911290804,8,0.1965,29,0,,1729,8,1,6272,48
1.2638,0.8811111111111128,35,7.930000000000016,,9,0,barnes_group,0.06860992436607678,9,0.1956,22,0,,1729,9,1,6400,49
1.2254,0.7980000000000014,35,3.990000000000007,,5,0,barnes_group,0.016195029020309448,7,0.1946,32,0,,1729,5,1,6528,50
1.2484,0.9253846153846166,35,12.030000000000015,,13,0,barnes_group,-0.032935090363025665,14,0.1936,25,0,,1729,13,1,6656,51
1.1287,0.8333333333333339,35,5.0000000000000036,,6,0,barnes_group,-0.008935413012901941,6,0.1926,28,0,,1729,6,1,6784,52
1.1288,0.9373015873015884,35,8.435714285714296,,9,0,barnes_group,-0.025189053888122242,12,0.1917,26,0,,1729,9,1,6912,53
1.0684,0.9100000000000013,35,7.28000000000001,,8,0,barnes_group,0.008545367668072382,8,0.1907,30,0,,1729,8,1,7040,54
1.1985,0.9100000000000006,35,8.190000000000005,,9,0,barnes_group,-0.010764050607879957,11,0.1898,29,0,,1729,9,1,7168,55
1.2277,0.9300000000000008,35,10.23000000000001,,11,0,barnes_group,-0.05587608367204666,15,0.1888,26,0,,1729,11,1,7296,56
1.149,0.898750000000001,35,7.190000000000008,,8,0,barnes_group,-0.022538354620337486,8,0.1879,23,0,,1729,8,1,7424,57
1.1721,0.9111111111111122,35,8.20000000000001,,9,0,barnes_group,-0.004956244180599849,11,0.1869,26,0,,1729,9,1,7552,58
1.0978,0.9155555555555563,35,8.240000000000007,,9,0,barnes_group,-0.048839407662550606,11,0.186,20,0,,1729,9,1,7680,59
1.2609,0.9281818181818192,35,10.210000000000012,,11,0,barnes_group,0.025206413120031357,11,0.1851,32,0,,1729,11,1,7808,60
1.1545,0.9076923076923087,35,11.800000000000013,,13,0,barnes_group,0.04229515542586645,15,0.1841,22,0,,1729,13,1,7936,61
1.2427,0.8212500000000014,35,6.570000000000011,,8,0,barnes_group,-0.028594714899857838,12,0.1832,26,0,,1729,8,1,8064,62
1.3066,0.830000000000001,35,6.640000000000008,,8,0,barnes_group,0.008617247144381205,9,0.1823,23,0,,1729,8,1,8192,63
1.3632,0.7640000000000005,35,3.820000000000002,,5,0,barnes_group,-0.01964264859755834,5,0.1814,23,0,,1729,5,1,8320,64
1.2336,0.9271428571428582,35,12.980000000000015,,14,0,barnes_group,0.021751604974269867,15,0.1805,18,0,,1729,14,1,8448,65
1.2583,0.905555555555557,35,8.150000000000013,,9,0,barnes_group,0.0022582014401753745,10,0.1796,25,0,,1729,9,1,8576,66
1.1729,0.9308333333333344,35,11.170000000000012,,12,0,barnes_group,-0.03408541468282541,13,0.1787,27,0,,1729,12,1,8704,67
1.0959,0.951538461538462,35,12.370000000000006,,13,0,barnes_group,-0.0011968500912189484,15,0.1778,24,0,,1729,13,1,8832,68
1.0469,0.9433333333333339,35,11.320000000000007,,12,0,barnes_group,-0.0375124408553044,17,0.1769,22,0,,1729,12,1,8960,69
0.9808,0.9606250000000007,35,15.370000000000012,,16,0,barnes_group,-0.026813410222530365,21,0.176,20,0,,1729,16,1,9088,70
1.0667,0.9385714285714294,35,13.140000000000011,,14,0,barnes_group,-0.02724093695481618,21,0.1751,24,0,,1729,14,1,9216,71
1.0074,0.958888888888889,35,17.26,,18,0,barnes_group,0.061106628427902855,26,0.1743,22,0,,1729,18,1,9344,72
1.0474,0.9338461538461549,35,12.140000000000013,,13,0,barnes_group,0.03489130735397339,15,0.1734,28,0,,1729,13,1,9472,73
1.0037,0.9745454545454546,35,21.44,,22,0,barnes_group,-0.02664666250348091,24,0.1725,24,0,,1729,22,1,9600,74
0.998,0.9745454545454543,35,21.439999999999994,,22,0,barnes_group,0.05536816890041033,25,0.1717,24,0,,1729,22,1,9728,75
0.9975,0.9550000000000008,35,15.280000000000014,,16,0,barnes_group,0.01904726152618726,17,0.1708,29,0,,1729,16,1,9856,76
0.9501,0.9672222222222229,35,17.41000000000001,,18,0,barnes_group,0.07081271708011627,20,0.1699,21,0,,1729,18,1,9984,77
0.9282,0.9761904761904765,35,20.500000000000007,,21,0,barnes_group,0.007963010420401892,21,0.1691,18,0,,1729,21,1,10112,78
0.9428,0.9644444444444448,35,17.360000000000007,,18,0,barnes_group,0.02707258363564809,25,0.1683,23,0,,1729,18,1,10240,79
0.8497,0.9790476190476189,35,20.56,,21,0,barnes_group,-0.0002905062089363734,26,0.1674,17,0,,1729,21,1,10368,80
0.908,0.9680000000000002,35,19.360000000000003,,20,0,barnes_group,0.0950004979968071,23,0.1666,28,0,,1729,20,1,10496,81
0.9311,0.9639999999999997,35,19.279999999999994,,20,0,barnes_group,0.10708702852328618,24,0.1657,25,0,,1729,20,1,10624,82
0.878,0.969,35,19.38,,20,0,barnes_group,0.04142997724314531,23,0.1649,23,0,,1729,20,1,10752,83
0.9141,0.9526666666666674,35,14.290000000000012,,15,0,barnes_group,0.019950804611047108,16,0.1641,25,0,,1729,15,1,10880,84
0.8002,0.9723809523809528,35,20.42000000000001,,21,0,barnes_group,-0.025352330257495243,24,0.1633,19,0,,1729,21,1,11008,85
0.9401,0.9546666666666671,35,14.320000000000007,,15,0,barnes_group,0.021722068389256794,17,0.1625,28,0,,1729,15,1,11136,86
1.0251,0.9535714285714293,35,13.35000000000001,,14,0,barnes_group,-0.045777772863705955,14,0.1616,19,0,,1729,14,1,11264,87
0.8693,0.98531746031746,35,17.73571428571428,,18,0,barnes_group,0.0019905144969622293,22,0.1608,19,0,,1729,18,1,11392,88
0.9188,0.9457142857142864,35,13.240000000000009,,14,0,barnes_group,-0.0036435741931200027,17,0.16,18,0,,1729,14,1,11520,89
1.0461,0.9635000000000005,35,19.27000000000001,,20,0,barnes_group,0.06605986754099528,23,0.1592,26,0,,1729,20,1,11648,90
0.9076,0.9526666666666674,35,14.290000000000012,,15,0,barnes_group,0.014266811311244965,17,0.1584,20,0,,1729,15,1,11776,91
0.8581,0.9699999999999998,35,18.429999999999996,,19,0,barnes_group,0.15398120880126953,19,0.1576,15,0,,1729,19,1,11904,92
0.9214,0.9661111111111117,35,17.39000000000001,,18,0,barnes_group,0.05025117720166842,18,0.1569,20,0,,1729,18,1,12032,93
0.8658,0.9736363636363629,35,21.419999999999984,,22,0,barnes_group,0.05645681048432986,23,0.1561,22,0,,1729,22,1,12160,94
0.8261,0.9556250000000008,35,15.290000000000013,,16,0,barnes_group,0.007493790239095688,20,0.1553,19,0,,1729,16,1,12288,95
0.8337,0.9790909090909093,35,21.540000000000006,,22,0,barnes_group,-0.033262657622496285,25,0.1545,18,0,,1729,22,1,12416,96
0.8607,0.964117647058824,35,16.390000000000008,,17,0,barnes_group,0.04880142336090406,25,0.1537,19,0,,1729,17,1,12544,97
0.9722,0.9790476190476188,35,20.559999999999995,,21,0,barnes_group,-0.003467696408430735,24,0.153,20,0,,1729,21,1,12672,98
0.9012,0.9652941176470594,35,16.41000000000001,,17,0,barnes_group,0.016793619841337204,18,0.1522,20,0,,1729,17,1,12800,99
0.6632,0.11999999999999937,35,0.11999999999999937,,1,0,barnes_group,0.8132383724053701,1,0.25,27,1,,1730,1,1,128,0
0.9363,-0.9100000000000006,0,-0.9100000000000006,,0,0,barnes_group,0.7932769656181335,0,0.2487,37,1,,1730,0,0,256,1
0.7689,-0.9300000000000006,0,-0.9300000000000006,,0,0,barnes_group,0.03416538735230764,0,0.2475,23,1,,1730,0,0,384,2
0.841,-0.9000000000000006,0,-0.9000000000000006,,0,0,barnes_group,0.12502769380807877,0,0.2463,28,1,,1730,0,0,512,3
0.89,-0.9300000000000006,0,-0.9300000000000006,,0,0,barnes_group,0.09839871774117152,0,0.245,32,1,,1730,0,0,640,4
0.98,-0.8400000000000005,0,-0.8400000000000005,,0,0,barnes_group,0.11671510835488637,0,0.2438,35,1,,1730,0,0,768,5
1.0208,-0.8700000000000006,0,-0.8700000000000006,,0,0,barnes_group,0.06520468617479007,0,0.2426,30,1,,1730,0,0,896,6
1.1288,-0.6900000000000004,0,-0.6900000000000004,,0,0,barnes_group,0.08877772837877274,0,0.2414,34,1,,1730,0,0,1024,7
1.2468,-0.7300000000000004,0,-0.7300000000000004,,0,0,barnes_group,0.062113224218289055,0,0.2402,37,1,,1730,0,0,1152,8
1.3287,-0.7100000000000004,0,-0.7100000000000004,,0,0,barnes_group,0.027170362571875255,0,0.239,29,1,,1730,0,0,1280,9
1.2557,-0.6800000000000004,0,-0.6800000000000004,,0,0,barnes_group,-0.0003092177212238312,0,0.2378,26,1,,1730,0,0,1408,10
1.4524,-0.8100000000000005,0,-0.8100000000000005,,0,0,barnes_group,-0.010539996127287546,0,0.2366,26,1,,1730,0,0,1536,11
1.3918,-0.8300000000000005,0,-0.8300000000000005,,0,0,barnes_group,-0.011586731920639673,0,0.2354,28,1,,1730,0,0,1664,12
1.1606,-0.7400000000000004,0,-0.7400000000000004,,0,0,barnes_group,0.013701402892669043,0,0.2342,32,1,,1730,0,0,1792,13
1.0542,-0.7600000000000005,0,-0.7600000000000005,,0,0,barnes_group,0.14652898907661438,0,0.2331,26,1,,1730,0,0,1920,14
1.021,-0.7300000000000004,0,-0.7300000000000004,,0,0,barnes_group,0.0845255379875501,0,0.2319,30,1,,1730,0,0,2048,15
1.06,-0.6600000000000004,0,-0.6600000000000004,,0,0,barnes_group,0.02134856457511584,0,0.2307,31,1,,1730,0,0,2176,16
1.0782,-0.7000000000000004,0,-0.7000000000000004,,0,0,barnes_group,0.08788964649041493,0,0.2296,31,1,,1730,0,0,2304,17
1.133,-0.7200000000000004,0,-0.7200000000000004,,0,0,barnes_group,-0.01575431103507678,0,0.2284,25,1,,1730,0,0,2432,18
1.2022,-0.7200000000000004,0,-0.7200000000000004,,0,0,barnes_group,0.002160780131816864,0,0.2273,36,1,,1730,0,0,2560,19
1.1147,-0.7300000000000004,0,-0.7300000000000004,,0,0,barnes_group,0.04232552026708921,0,0.2262,26,1,,1730,0,0,2688,20
1.1773,-0.7600000000000003,0,-0.7600000000000003,,0,0,barnes_group,0.05111141875386238,0,0.225,36,1,,1730,0,0,2816,21
1.3446,-1.0000000000000007,0,-1.0000000000000007,,0,0,barnes_group,0.026020991305510204,0,0.2239,29,1,,1730,0,0,2944,22
1.4138,-1.2200000000000009,0,-1.2200000000000009,,0,0,barnes_group,-0.019173682977755863,0,0.2228,27,1,,1730,0,0,3072,23
1.4665,-1.0500000000000005,0,-1.0500000000000005,,0,0,barnes_group,0.03303012500206629,0,0.2217,33,1,,1730,0,0,3200,24
1.3838,-1.2700000000000007,0,-1.2700000000000007,,0,0,barnes_group,-0.03345269958178202,0,0.2206,23,1,,1730,0,0,3328,25
1.6178,-1.2500000000000009,0,-1.2500000000000009,,0,0,barnes_group,-0.059673525393009186,0,0.2195,30,1,,1730,0,0,3456,26
1.5718,-1.1800000000000006,0,-1.1800000000000006,,0,0,barnes_group,-0.02940891186396281,0,0.2184,31,1,,1730,0,0,3584,27
1.5201,-1.1000000000000005,0,-1.1000000000000005,,0,0,barnes_group,0.00953261430064837,0,0.2173,30,1,,1730,0,0,3712,28
1.3957,-1.0600000000000007,0,-1.0600000000000007,,0,0,barnes_group,0.007238848755757014,0,0.2162,27,1,,1730,0,0,3840,29
1.1823,-0.9000000000000005,0,-0.9000000000000005,,0,0,barnes_group,0.16503015657265982,0,0.2151,27,1,,1730,0,0,3968,30
0.9993,-0.7800000000000004,0,-0.7800000000000004,,0,0,barnes_group,0.12501745919386545,0,0.214,33,1,,1730,0,0,4096,31
0.8126,-0.8600000000000005,0,-0.8600000000000005,,0,0,barnes_group,0.16653047998746237,0,0.213,23,1,,1730,0,0,4224,32
0.6904,-0.8700000000000006,0,-0.8700000000000006,,0,0,barnes_group,0.133332759141922,0,0.2119,15,1,,1730,0,0,4352,33
0.876,-0.8900000000000005,0,-0.8900000000000005,,0,0,barnes_group,0.11926247427860896,0,0.2108,27,1,,1730,0,0,4480,34
1.0326,-0.8500000000000005,0,-0.8500000000000005,,0,0,barnes_group,0.14021794001261392,0,0.2098,25,1,,1730,0,0,4608,35
0.8414,-0.8900000000000005,0,-0.8900000000000005,,0,0,barnes_group,0.06418389640748501,0,0.2087,20,1,,1730,0,0,4736,36
0.9866,0.1599999999999996,35,0.1599999999999996,,1,0,barnes_group,0.06525249903400739,1,0.2077,28,1,,1730,1,1,4864,37
1.0879,-0.9000000000000006,0,-0.9000000000000006,,0,0,barnes_group,0.046665887037913,0,0.2066,33,1,,1730,0,0,4992,38
1.2808,0.07999999999999959,35,0.07999999999999959,,1,0,barnes_group,0.010486754278341929,2,0.2056,34,1,,1730,1,1,5120,39
1.0116,0.5899999999999997,35,1.1799999999999995,,2,0,barnes_group,0.07943588371078174,2,0.2046,24,1,,1730,2,1,5248,40
1.0478,0.10999999999999956,35,0.10999999999999956,,1,0,barnes_group,-0.0036280999581019082,1,0.2036,30,1,,1730,1,1,5376,41
1.0887,-1.0400000000000007,0,-1.0400000000000007,,0,0,barnes_group,0.09383525947729747,0,0.2025,26,1,,1730,0,0,5504,42
1.0058,-0.9000000000000006,0,-0.9000000000000006,,0,0,barnes_group,-0.007027953242262204,0,0.2015,27,1,,1730,0,0,5632,43
1.0257,-0.9200000000000006,0,-0.9200000000000006,,0,0,barnes_group,0.031097644319136936,0,0.2005,38,1,,1730,0,0,5760,44
0.9347,0.13999999999999957,35,0.13999999999999957,,1,0,barnes_group,0.12263961074252923,1,0.1995,19,1,,1730,1,1,5888,45
0.9636,0.049999999999999586,35,0.049999999999999586,,1,0,barnes_group,0.1805437058210373,1,0.1985,21,1,,1730,1,1,6016,46
1.2143,0.8700000000000019,35,6.960000000000015,,8,0,barnes_group,0.07134053111076355,11,0.1975,21,1,,1730,8,1,6144,47
1.2608,0.7916666666666687,35,4.750000000000012,,6,0,barnes_group,0.05543747420112292,10,0.1965,24,1,,1730,6,1,6272,48
1.1228,0.8512500000000025,35,6.81000000000002,,8,0,barnes_group,0.11273398374517758,8,0.1956,19,1,,1730,8,1,6400,49
0.9586,0.8587500000000008,35,6.870000000000006,,8,0,barnes_group,0.05564019829034805,9,0.1946,19,1,,1730,8,1,6528,50
0.9367,0.8800000000000008,35,7.040000000000006,,8,0,barnes_group,0.12622876465320587,8,0.1936,29,1,,1730,8,1,6656,51
1.2187,0.7520000000000014,35,3.7600000000000073,,5,0,barnes_group,0.04207789028684298,6,0.1926,29,1,,1730,5,1,6784,52
0.9552,0.8887500000000013,35,7.11000000000001,,8,0,barnes_group,0.05639008805155754,9,0.1917,23,1,,1730,8,1,6912,53
1.0969,0.862857142857145,35,6.040000000000015,,7,0,barnes_group,0.06689146533608437,9,0.1907,28,1,,1730,7,1,7040,54
1.1825,0.7840000000000014,35,3.9200000000000066,,5,0,barnes_group,0.12368266532818477,5,0.1898,31,1,,1730,5,1,7168,55
1.1342,0.8637500000000014,35,6.910000000000011,,8,0,barnes_group,0.11769519249598186,10,0.1888,37,1,,1730,8,1,7296,56
1.0337,0.8960000000000011,35,8.960000000000012,,10,0,barnes_group,0.012319553643465042,15,0.1879,33,1,,1730,10,1,7424,57
0.9333,0.8990909090909104,35,9.890000000000015,,11,0,barnes_group,0.0847556193669637,14,0.1869,25,1,,1730,11,1,7552,58
0.9673,0.8777777777777795,35,7.900000000000016,,9,0,barnes_group,-0.014186037083466848,9,0.186,18,1,,1730,9,1,7680,59
1.1138,0.9158333333333344,35,10.990000000000013,,12,0,barnes_group,-9.168808658917745e-05,13,0.1851,25,1,,1730,12,1,7808,60
1.1409,0.8428571428571441,35,5.900000000000008,,7,0,barnes_group,0.06289822732408841,8,0.1841,27,1,,1730,7,1,7936,61
1.2118,0.8128571428571446,35,5.690000000000012,,7,0,barnes_group,0.016654199610153835,8,0.1832,26,1,,1730,7,1,8064,62
1.1354,0.8422222222222243,35,7.580000000000019,,9,0,barnes_group,-0.019331999123096466,10,0.1823,19,1,,1730,9,1,8192,63
1.2111,0.8709090909090924,35,9.580000000000016,,11,0,barnes_group,-0.031608025232950844,13,0.1814,26,1,,1730,11,1,8320,64
1.1313,0.8745454545454561,35,9.620000000000017,,11,0,barnes_group,-0.018256316582361858,13,0.1805,18,1,,1730,11,1,8448,65
1.2473,0.8890909090909104,35,9.780000000000014,,11,0,barnes_group,-0.0007724973062674204,13,0.1796,28,1,,1730,11,1,8576,66
1.1434,0.8525000000000011,35,6.820000000000009,,8,0,barnes_group,0.041409775614738464,11,0.1787,25,1,,1730,8,1,8704,67
1.151,0.8437500000000014,35,6.7500000000000115,,8,0,barnes_group,0.04557957127690315,10,0.1778,25,1,,1730,8,1,8832,68
1.0383,0.880000000000001,35,8.80000000000001,,10,0,barnes_group,-0.015398400525252024,12,0.1769,23,1,,1730,10,1,8960,69
1.0919,0.9115384615384626,35,11.850000000000014,,13,0,barnes_group,-0.034083607296148934,17,0.176,22,1,,1730,13,1,9088,70
1.0466,0.8687500000000009,35,6.950000000000007,,8,0,barnes_group,-0.00641336664557457,10,0.1751,27,1,,1730,8,1,9216,71
1.0093,0.9250000000000009,35,12.950000000000014,,14,0,barnes_group,0.03222875545422236,18,0.1743,22,1,,1730,14,1,9344,72
0.9285,0.9528571428571431,35,20.010000000000005,,21,0,barnes_group,-0.024242492392659187,24,0.1734,19,1,,1730,21,1,9472,73
1.0471,0.926923076923078,35,12.050000000000013,,13,0,barnes_group,-0.024358080700039864,15,0.1725,25,1,,1730,13,1,9600,74
1.1448,0.904444444444446,35,8.140000000000015,,9,0,barnes_group,-0.02078770411511262,10,0.1717,29,1,,1730,9,1,9728,75
1.0187,0.9628571428571433,35,20.22000000000001,,21,0,barnes_group,-0.008550587420662245,23,0.1708,24,1,,1730,21,1,9856,76
0.9486,0.9550000000000003,35,19.100000000000005,,20,0,barnes_group,-0.03431194772322973,21,0.1699,19,1,,1730,20,1,9984,77
0.8984,0.9680000000000003,35,19.360000000000007,,20,0,barnes_group,-0.039350143323342,22,0.1691,23,1,,1730,20,1,10112,78
0.9343,0.9736363636363632,35,21.41999999999999,,22,0,barnes_group,-0.003977349027991295,26,0.1683,18,1,,1730,22,1,10240,79
0.9381,0.961578947368421,35,18.27,,19,0,barnes_group,0.035337645560503006,20,0.1674,21,1,,1730,19,1,10368,80
0.9639,0.9325000000000009,35,11.19000000000001,,12,0,barnes_group,-0.016199270884195965,14,0.1666,21,1,,1730,12,1,10496,81
0.9327,0.9531250000000004,35,15.250000000000007,,16,0,barnes_group,-0.0038317907601594925,22,0.1657,22,1,,1730,16,1,10624,82
0.9392,0.9558823529411768,35,16.250000000000007,,17,0,barnes_group,0.04921857640147209,17,0.1649,28,1,,1730,17,1,10752,83
0.861,0.9775000000000003,35,19.550000000000004,,20,0,barnes_group,0.021466076374053955,20,0.1641,18,1,,1730,20,1,10880,84
0.8348,0.9636842105263157,35,18.31,,19,0,barnes_group,-0.02545681657890479,20,0.1633,22,1,,1730,19,1,11008,85
0.8225,0.9663157894736846,35,18.360000000000007,,19,0,barnes_group,0.04292996103564898,21,0.1625,25,1,,1730,19,1,11136,86
0.6869,0.978333333333333,35,23.479999999999993,,24,0,barnes_group,0.015687502299745876,24,0.1616,18,1,,1730,24,1,11264,87
0.639,0.9804347826086955,35,22.549999999999997,,23,0,barnes_group,0.05033830304940542,24,0.1608,15,1,,1730,23,1,11392,88
0.5821,0.9839285714285708,35,27.549999999999983,,28,0,barnes_group,-0.0021676290780305862,29,0.16,17,1,,1730,28,1,11520,89
0.5248,0.9876666666666661,35,29.629999999999985,,30,0,barnes_group,0.04955031940092643,30,0.1592,19,1,,1730,30,1,11648,90
0.6226,0.9799999999999999,35,23.519999999999996,,24,0,barnes_group,0.06920496001839638,24,0.1584,20,1,,1730,24,1,11776,91
0.7432,0.9690476190476188,35,20.349999999999994,,21,0,barnes_group,0.10911388198534648,23,0.1576,19,1,,1730,21,1,11904,92
0.6688,0.965652173913043,35,22.20999999999999,,23,0,barnes_group,0.036193295692404114,26,0.1569,13,1,,1730,23,1,12032,93
0.714,0.935454545454546,35,10.290000000000006,,11,0,barnes_group,0.07285916556914647,11,0.1561,20,1,,1730,11,1,12160,94
0.8711,0.9442857142857152,35,13.220000000000013,,14,0,barnes_group,0.08182625224192937,14,0.1553,26,1,,1730,14,1,12288,95
0.8827,0.9443750000000007,35,15.110000000000012,,16,0,barnes_group,-0.0024522573997577033,18,0.1545,23,1,,1730,16,1,12416,96
0.7606,0.9372222222222231,35,16.870000000000015,,18,0,barnes_group,0.004094327489535014,20,0.1537,19,1,,1730,18,1,12544,97
0.8587,0.933750000000001,35,14.940000000000015,,16,0,barnes_group,0.14955069373051325,18,0.153,21,1,,1730,16,1,12672,98
0.7105,0.9538095238095239,35,20.03,,21,0,barnes_group,0.13840321699778238,24,0.1522,17,1,,1730,21,1,12800,99
1.2805,-0.2600000000000006,35,-0.2600000000000006,,1,0,barnes_group,0.1325498620669047,2,0.25,33,2,,1731,1,1,128,0
1.4063,-1.310000000000001,0,-1.310000000000001,,0,0,barnes_group,0.107899804910024,0,0.2487,30,2,,1731,0,0,256,1
1.3508,0.4499999999999996,35,0.8999999999999992,,2,0,barnes_group,0.20022247731685638,4,0.2475,37,2,,1731,2,1,384,2
1.4773,0.5666666666666663,35,1.699999999999999,,3,0,barnes_group,0.22516444325447083,5,0.2463,32,2,,1731,3,1,512,3
1.3768,0.5933333333333332,35,1.7799999999999996,,3,0,barnes_group,0.06151471038659414,5,0.245,29,2,,1731,3,1,640,4
1.512,-0.22000000000000058,35,-0.22000000000000058,,1,0,barnes_group,0.10360311965147655,2,0.2438,36,2,,1731,1,1,768,5
1.4279,-0.1500000000000004,35,-0.1500000000000004,,1,0,barnes_group,0.01737476388613383,1,0.2426,34,2,,1731,1,1,896,6
1.4195,-0.1300000000000006,35,-0.1300000000000006,,1,0,barnes_group,-0.0062088196476300555,2,0.2414,29,2,,1731,1,1,1024,7
1.6015,0.6266666666666665,35,1.8799999999999994,,3,0,barnes_group,-0.03680619349082311,4,0.2402,32,2,,1731,3,1,1152,8
1.4668,0.700000000000001,35,2.800000000000004,,4,0,barnes_group,-0.018572676926851273,7,0.239,34,2,,1731,4,1,1280,9
1.3307,0.5349999999999996,35,1.0699999999999992,,2,0,barnes_group,0.04209551587700844,3,0.2378,34,2,,1731,2,1,1408,10
1.2872,-0.060000000000000546,35,-0.060000000000000546,,1,0,barnes_group,0.030414239813884098,1,0.2366,37,2,,1731,1,1,1536,11
1.5097,-0.13000000000000078,35,-0.13000000000000078,,1,0,barnes_group,-0.034382728238900505,1,0.2354,25,2,,1731,1,1,1664,12
1.3928,0.6133333333333332,35,1.8399999999999994,,3,0,barnes_group,0.11242670814196269,5,0.2342,29,2,,1731,3,1,1792,13
1.4013,0.7916666666666674,35,4.750000000000004,,6,0,barnes_group,-0.001451641321182251,7,0.2331,36,2,,1731,6,1,1920,14
1.3713,0.3499999999999994,35,0.6999999999999988,,2,0,barnes_group,0.07775042206048965,2,0.2319,32,2,,1731,2,1,2048,15
1.4914,0.6700000000000013,35,2.680000000000005,,4,0,barnes_group,0.01876493791739146,5,0.2307,31,2,,1731,4,1,2176,16
1.2963,0.8266666666666683,35,4.96000000000001,,6,0,barnes_group,-0.04115034391482671,6,0.2296,18,2,,1731,6,1,2304,17
1.4378,0.7228571428571434,35,5.060000000000004,,7,0,barnes_group,0.005532042433818181,7,0.2284,40,2,,1731,6,0.8571428571428571,2432,18
1.4226,0.8571428571428584,35,6.000000000000009,,7,0,barnes_group,-0.04793694242835045,8,0.2273,31,2,,1731,7,1,2560,19
1.4051,0.8788888888888905,35,7.910000000000014,,9,0,barnes_group,-0.016514913489421208,10,0.2262,26,2,,1731,9,1,2688,20
1.3276,0.9066666666666681,35,10.880000000000017,,12,0,barnes_group,-0.02783927818139394,16,0.225,26,2,,1731,12,1,2816,21
1.2412,0.8737500000000018,35,6.990000000000014,,8,0,barnes_group,0.038852705309788384,9,0.2239,20,2,,1731,8,1,2944,22
1.2638,0.7740000000000008,35,3.870000000000004,,5,0,barnes_group,-0.03287599173684915,5,0.2228,25,2,,1731,5,1,3072,23
1.3237,0.8662500000000019,35,6.930000000000015,,8,0,barnes_group,-0.016417089849710464,10,0.2217,21,2,,1731,8,1,3200,24
1.3421,0.8587500000000013,35,6.870000000000011,,8,0,barnes_group,-0.06333582972486813,9,0.2206,26,2,,1731,8,1,3328,25
1.3454,0.8918181818181826,35,9.81000000000001,,11,0,barnes_group,-0.015961421032746632,13,0.2195,21,2,,1731,11,1,3456,26
1.4287,0.8342857142857163,35,5.840000000000014,,7,0,barnes_group,-0.04678889736533165,8,0.2184,25,2,,1731,7,1,3584,27
1.4151,0.8936363636363649,35,9.830000000000014,,11,0,barnes_group,-0.024055575331052143,12,0.2173,23,2,,1731,11,1,3712,28
1.3974,0.8500000000000016,35,5.950000000000012,,7,0,barnes_group,-0.07213135808706284,7,0.2162,24,2,,1731,7,1,3840,29
1.3566,0.8870000000000017,35,8.870000000000017,,10,0,barnes_group,-0.00431898795068264,11,0.2151,32,2,,1731,10,1,3968,30
1.15,0.9356250000000009,35,14.970000000000015,,16,0,barnes_group,-0.03913839906454086,21,0.214,22,2,,1731,16,1,4096,31
1.1536,0.9550000000000005,35,17.19000000000001,,18,0,barnes_group,0.0028222588201363883,21,0.213,23,2,,1731,18,1,4224,32
1.0104,0.8600000000000012,35,5.160000000000007,,6,0,barnes_group,0.0050912412504355116,7,0.2119,27,2,,1731,6,1,4352,33
0.9486,0.710000000000001,35,2.130000000000003,,3,0,barnes_group,-0.028310130039850872,3,0.2108,31,2,,1731,3,1,4480,34
0.9276,0.7199999999999999,35,2.1599999999999997,,3,0,barnes_group,0.0005858838558197021,4,0.2098,22,2,,1731,3,1,4608,35
0.9473,0.7166666666666677,35,2.150000000000003,,3,0,barnes_group,0.026325208445390064,3,0.2087,32,2,,1731,3,1,4736,36
1.0632,0.5549999999999997,35,1.1099999999999994,,2,0,barnes_group,-0.003617300962408384,4,0.2077,31,2,,1731,2,1,4864,37
1.0634,0.887142857142858,35,6.210000000000006,,7,0,barnes_group,-0.036392358442147575,9,0.2066,19,2,,1731,7,1,4992,38
1.1978,0.8280000000000017,35,4.140000000000009,,5,0,barnes_group,-0.05162322397033373,5,0.2056,22,2,,1731,5,1,5120,39
1.1333,0.917000000000001,35,9.17000000000001,,10,0,barnes_group,-0.037250698854525886,11,0.2046,27,2,,1731,10,1,5248,40
1.0749,0.9400000000000008,35,12.220000000000011,,13,0,barnes_group,0.023249187817176182,14,0.2036,29,2,,1731,13,1,5376,41
0.9663,0.9520000000000007,35,14.280000000000012,,15,0,barnes_group,-0.029596883182724316,18,0.2025,17,2,,1731,15,1,5504,42
1.0735,0.9270000000000007,35,9.270000000000007,,10,0,barnes_group,0.024785430481036503,13,0.2015,34,2,,1731,10,1,5632,43
1.0803,0.9500000000000006,35,15.20000000000001,,16,0,barnes_group,-0.012625356515248617,18,0.2005,28,2,,1731,16,1,5760,44
1.2337,0.8887500000000007,35,7.110000000000006,,8,0,barnes_group,-0.00463865449031194,10,0.1995,31,2,,1731,8,1,5888,45
1.2258,0.8987500000000006,35,7.190000000000005,,8,0,barnes_group,-0.012000717222690582,13,0.1985,33,2,,1731,8,1,6016,46
1.2278,0.9290909090909097,35,10.220000000000008,,11,0,barnes_group,-0.02281804010272026,17,0.1975,25,2,,1731,11,1,6144,47
1.1514,0.903750000000001,35,7.230000000000008,,8,0,barnes_group,0.006738259146610896,15,0.1965,31,2,,1731,8,1,6272,48
1.0142,0.9586666666666672,35,14.380000000000008,,15,0,barnes_group,0.09556174526611964,20,0.1956,21,2,,1731,15,1,6400,49
1.0204,0.9200000000000015,35,8.280000000000014,,9,0,barnes_group,0.0005214052895704905,11,0.1946,31,2,,1731,9,1,6528,50
1.0208,0.9521428571428577,35,13.330000000000009,,14,0,barnes_group,-0.03115041305621465,15,0.1936,25,2,,1731,14,1,6656,51
1.0097,0.9142857142857143,35,19.2,,21,0,barnes_group,-0.06499536707997322,24,0.1926,19,2,,1731,20,0.9523809523809523,6784,52
1.0875,0.9406666666666673,35,14.11000000000001,,15,0,barnes_group,-0.03905712068080902,17,0.1917,26,2,,1731,15,1,6912,53
1.042,0.9518750000000008,35,15.230000000000013,,16,0,barnes_group,0.0077194782594839735,17,0.1907,13,2,,1731,16,1,7040,54
0.9133,0.966666666666667,35,17.400000000000006,,18,0,barnes_group,0.007781825959682465,19,0.1898,15,2,,1731,18,1,7168,55
0.8894,0.9513333333333339,35,14.270000000000008,,15,0,barnes_group,0.06231900552908579,16,0.1888,22,2,,1731,15,1,7296,56
0.9613,0.9581250000000006,35,15.330000000000009,,16,0,barnes_group,-0.004874708751837413,20,0.1879,19,2,,1731,16,1,7424,57
0.8459,0.9661111111111116,35,17.390000000000008,,18,0,barnes_group,0.004410482322176297,20,0.1869,15,2,,1731,18,1,7552,58
0.9283,0.9471428571428576,35,13.260000000000007,,14,0,barnes_group,-0.0033957529813051224,17,0.186,22,2,,1731,14,1,7680,59
1.036,0.9570588235294115,35,16.269999999999996,,17,0,barnes_group,0.008299972862005234,20,0.1851,24,2,,1731,17,1,7808,60
1.0314,0.9412500000000009,35,15.060000000000015,,16,0,barnes_group,0.23198933402697244,20,0.1841,23,2,,1731,16,1,7936,61
1.1555,0.8575000000000017,35,6.860000000000014,,8,0,barnes_group,0.010591428726911545,8,0.1832,20,2,,1731,8,1,8064,62
1.2099,0.9158333333333339,35,10.990000000000007,,12,0,barnes_group,0.020219600449005764,15,0.1823,30,2,,1731,12,1,8192,63
0.9697,0.9200000000000006,35,9.200000000000006,,10,0,barnes_group,0.008420779059330622,11,0.1814,23,2,,1731,10,1,8320,64
0.9375,0.8566666666666686,35,5.140000000000011,,6,0,barnes_group,-0.00847599096596241,7,0.1805,24,2,,1731,6,1,8448,65
0.8735,0.9615714285714295,35,9.615714285714295,,10,0,barnes_group,0.03454991554220518,13,0.1796,27,2,,1731,10,1,8576,66
0.9552,0.8633333333333342,35,5.180000000000005,,6,0,barnes_group,-0.010477464646100998,9,0.1787,27,2,,1731,6,1,8704,67
0.9281,0.9250000000000009,35,9.250000000000009,,10,0,barnes_group,0.0020652239521344504,11,0.1778,21,2,,1731,10,1,8832,68
0.9967,0.9507142857142862,35,13.310000000000006,,14,0,barnes_group,-0.033363821605841316,15,0.1769,24,2,,1731,14,1,8960,69
1.0817,0.9480000000000004,35,14.220000000000006,,15,0,barnes_group,-0.04590397079785665,16,0.176,25,2,,1731,15,1,9088,70
0.9672,0.9709090909090908,35,21.36,,22,0,barnes_group,0.056518820424874626,22,0.1751,24,2,,1731,22,1,9216,71
0.9939,0.961052631578948,35,18.260000000000012,,19,0,barnes_group,0.014396227896213531,22,0.1743,29,2,,1731,19,1,9344,72
0.959,0.9400000000000005,35,17.86000000000001,,19,0,barnes_group,0.019385396192471187,21,0.1734,21,2,,1731,19,1,9472,73
0.8837,0.947368421052632,35,18.000000000000007,,19,0,barnes_group,0.02188250422477722,19,0.1725,20,2,,1731,19,1,9600,74
0.9086,0.927500000000001,35,14.840000000000016,,16,0,barnes_group,-0.016304543241858482,16,0.1717,16,2,,1731,16,1,9728,75
1.0314,0.9092307692307705,35,11.820000000000016,,13,0,barnes_group,-0.028871990740299225,15,0.1708,28,2,,1731,13,1,9856,76
0.9922,0.9171428571428583,35,12.840000000000016,,14,0,barnes_group,-0.030639423057436943,15,0.1699,16,2,,1731,14,1,9984,77
0.9592,0.921875000000001,35,14.750000000000016,,16,0,barnes_group,-0.02741365631421407,20,0.1691,25,2,,1731,16,1,10112,78
0.9368,0.9376470588235302,35,15.940000000000014,,17,0,barnes_group,0.010057286669810614,19,0.1683,26,2,,1731,17,1,10240,79
0.8741,0.9293333333333342,35,13.940000000000014,,15,0,barnes_group,-0.05586691821614901,20,0.1674,22,2,,1731,15,1,10368,80
0.8844,0.9536363636363636,35,20.98,,22,0,barnes_group,-0.02664254978299141,24,0.1666,14,2,,1731,22,1,10496,81
1.0163,0.9411764705882362,35,16.000000000000014,,17,0,barnes_group,-0.035800756265719734,18,0.1657,25,2,,1731,17,1,10624,82
0.8638,0.9737499999999999,35,23.369999999999997,,24,0,barnes_group,-0.013785813624660173,28,0.1649,21,2,,1731,24,1,10752,83
0.8223,0.9690476190476195,35,20.35000000000001,,21,0,barnes_group,0.015743210911750793,23,0.1641,16,2,,1731,21,1,10880,84
0.8389,0.9738095238095241,35,20.450000000000006,,21,0,barnes_group,-0.029955233136812847,21,0.1633,22,2,,1731,21,1,11008,85
0.8503,0.9704761904761906,35,20.380000000000003,,21,0,barnes_group,-0.03561762968699137,22,0.1625,18,2,,1731,21,1,11136,86
0.913,0.9480000000000007,35,14.220000000000011,,15,0,barnes_group,0.03761932750542959,16,0.1616,25,2,,1731,15,1,11264,87
0.8636,0.950000000000001,35,15.200000000000015,,16,0,barnes_group,0.04432149976491928,16,0.1608,17,2,,1731,16,1,11392,88
0.8796,0.945625000000001,35,15.130000000000017,,16,0,barnes_group,-0.015716370195150375,17,0.16,18,2,,1731,16,1,11520,89
0.8422,0.9636842105263161,35,18.310000000000006,,19,0,barnes_group,0.029255172237753868,19,0.1592,20,2,,1731,19,1,11648,90
0.8936,0.961,35,19.22,,20,0,barnes_group,0.0292418176929156,20,0.1584,23,2,,1731,20,1,11776,91
0.7278,0.9742307692307691,35,25.33,,26,0,barnes_group,-0.033673551554481186,26,0.1576,15,2,,1731,26,1,11904,92
0.846,0.9814285714285713,35,17.665714285714284,,18,0,barnes_group,0.05673400809367498,19,0.1569,24,2,,1731,18,1,12032,93
0.9193,0.9522222222222229,35,17.14000000000001,,18,0,barnes_group,-0.038321432967980705,19,0.1561,23,2,,1731,18,1,12160,94
0.8151,0.970952380952381,35,20.39,,21,0,barnes_group,0.03644626090923945,21,0.1553,18,2,,1731,21,1,12288,95
0.7697,0.9695238095238097,35,20.360000000000003,,21,0,barnes_group,0.02937445603311062,21,0.1545,19,2,,1731,21,1,12416,96
0.5661,0.9862068965517242,35,28.6,,29,0,barnes_group,-0.02616092748939991,30,0.1537,10,2,,1731,29,1,12544,97
0.7399,0.9736,35,24.34,,25,0,barnes_group,-0.0031420961022377014,25,0.153,24,2,,1731,25,1,12672,98
0.714,0.9618750000000007,35,15.390000000000011,,16,0,barnes_group,-0.022703868026534717,17,0.1522,20,2,,1731,16,1,12800,99
1.2636,-1.370000000000001,0,-1.370000000000001,,0,0,barnes_group,0.5116415520509084,0,0.25,35,3,,1732,0,0,128,0
1.3336,-0.41000000000000064,35,-0.41000000000000064,,1,0,barnes_group,0.5054974555969238,1,0.2487,37,3,,1732,1,1,256,1
1.5655,-1.610000000000001,0,-1.610000000000001,,0,0,barnes_group,0.4012586971124013,0,0.2475,28,3,,1732,0,0,384,2
1.3708,-0.8400000000000005,0,-0.8400000000000005,,0,0,barnes_group,0.21025030811627707,0,0.2463,25,3,,1732,0,0,512,3
1.3316,-0.8500000000000005,0,-0.8500000000000005,,0,0,barnes_group,0.4720294823249181,0,0.245,35,3,,1732,0,0,640,4
1.1664,-0.7500000000000004,0,-0.7500000000000004,,0,0,barnes_group,0.11153522009650867,0,0.2438,26,3,,1732,0,0,768,5
1.2534,-0.7000000000000004,0,-0.7000000000000004,,0,0,barnes_group,0.06475510944922765,0,0.2426,24,3,,1732,0,0,896,6
1.3751,-0.8100000000000005,0,-0.8100000000000005,,0,0,barnes_group,-0.002556845545768738,0,0.2414,34,3,,1732,0,0,1024,7
1.5725,-1.0400000000000005,0,-1.0400000000000005,,0,0,barnes_group,-0.0540045772989591,0,0.2402,31,3,,1732,0,0,1152,8
1.4449,-0.8400000000000005,0,-0.8400000000000005,,0,0,barnes_group,0.012805131574471792,0,0.239,22,3,,1732,0,0,1280,9
1.4539,-0.7800000000000005,0,-0.7800000000000005,,0,0,barnes_group,-0.06034510334332784,0,0.2378,36,3,,1732,0,0,1408,10
1.7244,-0.9800000000000006,0,-0.9800000000000006,,0,0,barnes_group,-0.04990491767724355,0,0.2366,35,3,,1732,0,0,1536,11
1.6515,-1.1300000000000008,0,-1.1300000000000008,,0,0,barnes_group,-0.03643242890636126,0,0.2354,29,3,,1732,0,0,1664,12
1.6052,-1.0000000000000004,0,-1.0000000000000004,,0,0,barnes_group,-0.035850077867507935,0,0.2342,24,3,,1732,0,0,1792,13
1.5994,-1.2000000000000006,0,-1.2000000000000006,,0,0,barnes_group,-0.04725643868247668,0,0.2331,31,3,,1732,0,0,1920,14
1.4861,-0.07000000000000052,35,-0.07000000000000052,,1,0,barnes_group,0.01725441465775172,2,0.2319,33,3,,1732,1,1,2048,15
1.5983,-0.020000000000000403,35,-0.020000000000000403,,1,0,barnes_group,-0.026497843364874523,2,0.2307,28,3,,1732,1,1,2176,16
1.594,-0.9900000000000007,0,-0.9900000000000007,,0,0,barnes_group,-0.07370655611157417,0,0.2296,24,3,,1732,0,0,2304,17
1.6521,-1.1300000000000008,0,-1.1300000000000008,,0,0,barnes_group,-0.04623973121245702,0,0.2284,24,3,,1732,0,0,2432,18
1.5138,0.05999999999999968,35,0.05999999999999968,,1,0,barnes_group,0.01770273596048355,1,0.2273,33,3,,1732,1,1,2560,19
1.4517,0.049999999999999566,35,0.049999999999999566,,1,0,barnes_group,-0.009390071034431458,1,0.2262,22,3,,1732,1,1,2688,20
1.4554,0.03999999999999945,35,0.03999999999999945,,1,0,barnes_group,-0.011863627781470617,1,0.225,29,3,,1732,1,1,2816,21
1.4728,0.039999999999999564,35,0.039999999999999564,,1,0,barnes_group,0.015570199737946192,1,0.2239,26,3,,1732,1,1,2944,22
1.43,0.8040000000000006,35,4.020000000000003,,5,0,barnes_group,-0.029180319358905155,6,0.2228,31,3,,1732,5,1,3072,23
1.3738,0.7525000000000007,35,3.010000000000003,,4,0,barnes_group,0.03746539354324341,4,0.2217,32,3,,1732,4,1,3200,24
1.2955,0.6666666666666671,35,2.0000000000000013,,3,0,barnes_group,-0.014170996844768524,4,0.2206,20,3,,1732,3,1,3328,25
1.3414,0.7525000000000004,35,3.0100000000000016,,4,0,barnes_group,0.02593969429532687,5,0.2195,35,3,,1732,4,1,3456,26
1.1977,0.5199999999999997,35,1.0399999999999994,,2,0,barnes_group,0.004639655351638794,2,0.2184,27,3,,1732,2,1,3584,27
1.2568,0.7940000000000011,35,3.9700000000000055,,5,0,barnes_group,-0.02739009882013003,6,0.2173,23,3,,1732,5,1,3712,28
1.2887,-1.0900000000000007,0,-1.0900000000000007,,0,0,barnes_group,0.16533171509703,0,0.2162,22,3,,1732,0,0,3840,29
1.3273,0.6700000000000013,35,2.010000000000004,,3,0,barnes_group,0.1121824358900388,3,0.2151,27,3,,1732,3,1,3968,30
1.2161,0.05999999999999948,35,0.05999999999999948,,1,0,barnes_group,-0.0022673805554707846,1,0.214,30,3,,1732,1,1,4096,31
1.2602,0.6800000000000012,35,2.0400000000000036,,3,0,barnes_group,0.09881499285499255,4,0.213,28,3,,1732,3,1,4224,32
1.3526,0.8466666666666685,35,5.080000000000011,,6,0,barnes_group,-0.041283752769231796,6,0.2119,17,3,,1732,6,1,4352,33
1.2659,0.8857142857142863,35,6.200000000000005,,7,0,barnes_group,0.022360799213250477,7,0.2108,25,3,,1732,7,1,4480,34
1.2226,0.8714285714285726,35,6.100000000000008,,7,0,barnes_group,0.0014042270680268605,10,0.2098,32,3,,1732,7,1,4608,35
1.1783,0.8160000000000013,35,4.080000000000006,,5,0,barnes_group,-0.02467563996712367,6,0.2087,26,3,,1732,5,1,4736,36
1.0866,0.5699999999999996,35,1.1399999999999992,,2,0,barnes_group,0.05200120806694031,2,0.2077,31,3,,1732,2,1,4864,37
0.8618,0.5499999999999996,35,1.0999999999999992,,2,0,barnes_group,0.10521872093280156,2,0.2066,24,3,,1732,2,1,4992,38
1.0087,0.5499999999999997,35,1.0999999999999994,,2,0,barnes_group,0.043930004040400185,3,0.2056,30,3,,1732,2,1,5120,39
0.8988,0.71,35,2.13,,3,0,barnes_group,0.051113306234280266,4,0.2046,29,3,,1732,3,1,5248,40
1.1043,0.5099999999999997,35,1.0199999999999994,,2,0,barnes_group,0.004513972749312718,2,0.2036,27,3,,1732,2,1,5376,41
1.034,0.7775000000000007,35,3.110000000000003,,4,0,barnes_group,0.006276076038678487,5,0.2025,28,3,,1732,4,1,5504,42
1.1708,0.911111111111112,35,8.200000000000008,,9,0,barnes_group,0.04063790167371432,10,0.2015,26,3,,1732,9,1,5632,43
1.1673,0.9209090909090918,35,10.13000000000001,,11,0,barnes_group,0.03893367201089859,13,0.2005,31,3,,1732,11,1,5760,44
1.166,0.9210000000000009,35,9.21000000000001,,10,0,barnes_group,0.03954153383771578,12,0.1995,26,3,,1732,10,1,5888,45
1.0928,0.9200000000000015,35,9.200000000000015,,10,0,barnes_group,0.006384073446194331,12,0.1985,25,3,,1732,10,1,6016,46
1.1901,0.9345454545454553,35,10.280000000000008,,11,0,barnes_group,0.018861071517070133,11,0.1975,28,3,,1732,11,1,6144,47
1.1447,0.9070000000000012,35,9.070000000000013,,10,0,barnes_group,-0.027324408913652103,12,0.1965,20,3,,1732,10,1,6272,48
1.2297,0.8657142857142873,35,6.060000000000011,,7,0,barnes_group,0.031773957113424935,7,0.1956,31,3,,1732,7,1,6400,49
1.2505,0.8937500000000012,35,7.150000000000009,,8,0,barnes_group,-0.015723104278246563,8,0.1946,25,3,,1732,8,1,6528,50
1.206,0.917000000000001,35,9.17000000000001,,10,0,barnes_group,0.026372086256742477,11,0.1936,29,3,,1732,10,1,6656,51
1.1508,0.8220000000000007,35,4.110000000000004,,5,0,barnes_group,0.014927746107180914,6,0.1926,27,3,,1732,5,1,6784,52
1.1244,0.7850000000000007,35,3.140000000000003,,4,0,barnes_group,0.010704620430866877,4,0.1917,16,3,,1732,4,1,6912,53
1.2799,0.6299999999999998,35,1.8899999999999995,,3,0,barnes_group,0.0060431696474552155,3,0.1907,26,3,,1732,3,1,7040,54
1.327,0.8300000000000021,35,5.810000000000015,,7,0,barnes_group,-0.050475385040044785,7,0.1898,20,3,,1732,7,1,7168,55
1.3026,0.6525000000000009,35,2.6100000000000034,,4,0,barnes_group,0.0013274724284807842,5,0.1888,25,3,,1732,4,1,7296,56
1.2027,0.9406250000000009,35,15.050000000000015,,16,0,barnes_group,-0.054006583988666534,16,0.1879,13,3,,1732,16,1,7424,57
1.2928,0.9108333333333342,35,10.93000000000001,,12,0,barnes_group,0.03044607366124789,15,0.1869,24,3,,1732,12,1,7552,58
1.0822,0.951666666666667,35,17.130000000000006,,18,0,barnes_group,0.08419921497503917,19,0.186,21,3,,1732,18,1,7680,59
1.1071,0.9588235294117647,35,16.3,,17,0,barnes_group,0.02085894967118899,17,0.1851,16,3,,1732,17,1,7808,60
1.0233,0.9369230769230777,35,12.18000000000001,,13,0,barnes_group,0.00887494906783104,14,0.1841,17,3,,1732,13,1,7936,61
1.1506,0.8500000000000005,35,5.100000000000003,,6,0,barnes_group,0.04759527991215388,7,0.1832,27,3,,1732,6,1,8064,62
1.1262,0.9333333333333341,35,11.20000000000001,,12,0,barnes_group,-0.04845596974094709,14,0.1823,22,3,,1732,12,1,8192,63
1.1814,0.7944444444444451,35,7.150000000000006,,9,0,barnes_group,0.046229928731918335,8,0.1814,31,3,,1732,8,0.8888888888888888,8320,64
1.0758,0.9350000000000009,35,11.220000000000011,,12,0,barnes_group,0.033196681489547096,12,0.1805,18,3,,1732,12,1,8448,65
1.1555,0.9230000000000006,35,9.230000000000006,,10,0,barnes_group,0.000984614094098409,12,0.1796,22,3,,1732,10,1,8576,66
1.1957,0.8862500000000012,35,7.09000000000001,,8,0,barnes_group,-0.013466658691565195,10,0.1787,25,3,,1732,8,1,8704,67
1.2354,0.9100000000000014,35,9.100000000000014,,10,0,barnes_group,-0.013968441635370255,11,0.1778,23,3,,1732,10,1,8832,68
1.1904,0.8975000000000011,35,7.180000000000009,,8,0,barnes_group,-0.03147821376721064,10,0.1769,22,3,,1732,8,1,8960,69
1.1162,0.9062500000000017,35,7.250000000000013,,8,0,barnes_group,-0.015207599227627119,8,0.176,17,3,,1732,8,1,9088,70
1.0031,0.8280000000000008,35,4.140000000000004,,5,0,barnes_group,0.006767672797044118,5,0.1751,25,3,,1732,5,1,9216,71
1.0476,0.9423076923076933,35,12.250000000000012,,13,0,barnes_group,-0.03720318401853243,13,0.1743,22,3,,1732,13,1,9344,72
1.0023,0.9511764705882361,35,16.170000000000012,,17,0,barnes_group,-0.0008366703987121582,19,0.1734,21,3,,1732,17,1,9472,73
1.1519,0.9325000000000007,35,11.190000000000008,,12,0,barnes_group,0.05010613054037094,13,0.1725,29,3,,1732,12,1,9600,74
1.1242,0.9409090909090915,35,10.350000000000007,,11,0,barnes_group,0.01767454172174136,11,0.1717,23,3,,1732,11,1,9728,75
1.1726,0.8962500000000007,35,7.170000000000005,,8,0,barnes_group,0.010270236680905024,8,0.1708,22,3,,1732,8,1,9856,76
1.1729,0.9450000000000007,35,11.340000000000009,,12,0,barnes_group,-0.03932586560646693,12,0.1699,23,3,,1732,12,1,9984,77
1.1968,0.9423076923076933,35,12.250000000000012,,13,0,barnes_group,0.047697742780049644,13,0.1691,26,3,,1732,13,1,10112,78
1.203,0.8040000000000009,35,4.020000000000005,,5,0,barnes_group,0.009790558367967606,6,0.1683,19,3,,1732,5,1,10240,79
1.2219,0.9100000000000014,35,8.190000000000012,,9,0,barnes_group,0.00848071277141571,9,0.1674,18,3,,1732,9,1,10368,80
1.0685,0.9263636363636373,35,10.19000000000001,,11,0,barnes_group,0.012378255526224772,13,0.1666,19,3,,1732,11,1,10496,81
1.1401,0.9310000000000006,35,9.310000000000006,,10,0,barnes_group,0.0010404735803604126,10,0.1657,21,3,,1732,10,1,10624,82
1.1067,0.9426666666666675,35,14.140000000000013,,15,0,barnes_group,-0.00943061833580335,18,0.1649,22,3,,1732,15,1,10752,83
1.2271,0.9475000000000007,35,15.16000000000001,,16,0,barnes_group,0.052174185713132225,17,0.1641,28,3,,1732,16,1,10880,84
1.1313,0.930000000000001,35,11.160000000000013,,12,0,barnes_group,0.004740533729394277,12,0.1633,19,3,,1732,12,1,11008,85
1.0357,0.9414285714285722,35,13.18000000000001,,14,0,barnes_group,-0.024543301512797672,15,0.1625,18,3,,1732,14,1,11136,86
1.087,0.9291666666666676,35,11.150000000000011,,12,0,barnes_group,-0.03365549569328626,12,0.1616,16,3,,1732,12,1,11264,87
1.0561,0.9650000000000004,35,17.370000000000008,,18,0,barnes_group,-0.028863317022720974,18,0.1608,26,3,,1732,18,1,11392,88
1.0803,0.9407142857142867,35,13.170000000000014,,14,0,barnes_group,-0.013136796653270721,15,0.16,23,3,,1732,14,1,11520,89
1.006,0.9690476190476188,35,20.349999999999994,,21,0,barnes_group,0.01686874032020569,21,0.1592,20,3,,1732,21,1,11648,90
0.9256,0.9594117647058829,35,16.31000000000001,,17,0,barnes_group,-0.0319514994819959,18,0.1584,14,3,,1732,17,1,11776,91
0.9718,0.9783333333333327,35,23.479999999999986,,24,0,barnes_group,0.10224168499310811,26,0.1576,21,3,,1732,24,1,11904,92
0.9407,0.9535714285714291,35,13.350000000000007,,14,0,barnes_group,-0.017152251054843266,14,0.1569,21,3,,1732,14,1,12032,93
0.8719,0.9762499999999995,35,23.42999999999999,,24,0,barnes_group,0.028574443111817043,24,0.1561,23,3,,1732,24,1,12160,94
0.9046,0.9723809523809519,35,20.41999999999999,,21,0,barnes_group,0.05328222985068957,22,0.1553,23,3,,1732,21,1,12288,95
0.9115,0.965882352941177,35,16.42000000000001,,17,0,barnes_group,-0.047996326039234795,19,0.1545,18,3,,1732,17,1,12416,96
0.9985,0.958095238095238,35,20.119999999999997,,21,0,barnes_group,0.048260735968748726,23,0.1537,30,3,,1732,21,1,12544,97
0.9466,0.9494444444444449,35,17.090000000000007,,18,0,barnes_group,-0.0067708368102709455,19,0.153,20,3,,1732,18,1,12672,98
0.9886,0.9555555555555552,35,17.199999999999992,,18,0,barnes_group,0.044360159585873284,20,0.1522,27,3,,1732,18,1,12800,99
1.0966,-0.3942857142857147,10,-0.3942857142857147,,0,0,barnes_group,0.27744898696740466,1,0.25,30,4,,1733,0,0,128,0
1.3717,0.004999999999999774,35,0.009999999999999547,,2,0,barnes_group,0.43019715944925946,1,0.2487,35,4,,1733,1,0.5,256,1
1.4713,-1.2500000000000009,0,-1.2500000000000009,,0,0,barnes_group,0.21295925974845886,0,0.2475,37,4,,1733,0,0,384,2
1.372,-1.0000000000000007,0,-1.0000000000000007,,0,0,barnes_group,0.09961114078760147,0,0.2463,30,4,,1733,0,0,512,3
1.3663,-0.8800000000000004,0,-0.8800000000000004,,0,0,barnes_group,0.03878400723139445,0,0.245,25,4,,1733,0,0,640,4
1.4762,-1.1000000000000005,0,-1.1000000000000005,,0,0,barnes_group,0.04387551794449488,0,0.2438,35,4,,1733,0,0,768,5
1.4258,-1.0500000000000005,0,-1.0500000000000005,,0,0,barnes_group,-0.020519834011793137,0,0.2426,25,4,,1733,0,0,896,6
1.3951,-1.0200000000000005,0,-1.0200000000000005,,0,0,barnes_group,0.023658116658528645,0,0.2414,39,4,,1733,0,0,1024,7
1.2559,-0.8400000000000005,0,-0.8400000000000005,,0,0,barnes_group,0.0014077362914880116,0,0.2402,41,4,,1733,0,0,1152,8
1.1477,-0.7700000000000004,0,-0.7700000000000004,,0,0,barnes_group,0.05837002769112587,0,0.239,34,4,,1733,0,0,1280,9
1.0888,-0.7900000000000005,0,-0.7900000000000005,,0,0,barnes_group,0.08702850590149562,0,0.2378,37,4,,1733,0,0,1408,10
1.0695,0.6299999999999998,35,1.2599999999999996,,2,0,barnes_group,0.07508159180482228,2,0.2366,36,4,,1733,2,1,1536,11
1.0919,0.21999999999999958,35,0.21999999999999958,,1,0,barnes_group,0.029141647120316822,2,0.2354,26,4,,1733,1,1,1664,12
1.0984,-0.7600000000000005,0,-0.7600000000000005,,0,0,barnes_group,0.05303163081407547,0,0.2342,26,4,,1733,0,0,1792,13
1.1401,-0.8200000000000005,0,-0.8200000000000005,,0,0,barnes_group,0.02336940790216128,0,0.2331,32,4,,1733,0,0,1920,14
1.1424,-0.7300000000000004,0,-0.7300000000000004,,0,0,barnes_group,0.04154554009437561,0,0.2319,35,4,,1733,0,0,2048,15
1.1456,-0.6900000000000004,0,-0.6900000000000004,,0,0,barnes_group,-0.01053889219959577,0,0.2307,26,4,,1733,0,0,2176,16
1.2941,-0.7500000000000004,0,-0.7500000000000004,,0,0,barnes_group,0.045538317412137985,0,0.2296,37,4,,1733,0,0,2304,17
1.2489,-0.7900000000000005,0,-0.7900000000000005,,0,0,barnes_group,-0.02882998064160347,0,0.2284,29,4,,1733,0,0,2432,18
1.3286,-0.7500000000000004,0,-0.7500000000000004,,0,0,barnes_group,0.04061290125052134,0,0.2273,27,4,,1733,0,0,2560,19
1.4284,-0.9700000000000006,0,-0.9700000000000006,,0,0,barnes_group,-0.002746706207593282,0,0.2262,25,4,,1733,0,0,2688,20
1.3936,-0.9500000000000006,0,-0.9500000000000006,,0,0,barnes_group,-0.004429809749126434,0,0.225,19,4,,1733,0,0,2816,21
1.4101,-0.8600000000000005,0,-0.8600000000000005,,0,0,barnes_group,0.010789973040421804,0,0.2239,30,4,,1733,0,0,2944,22
1.5058,-0.8100000000000005,0,-0.8100000000000005,,0,0,barnes_group,-0.0059423695007960005,0,0.2228,30,4,,1733,0,0,3072,23
1.4931,-0.7400000000000003,0,-0.7400000000000003,,0,0,barnes_group,0.0005285168687502543,0,0.2217,26,4,,1733,0,0,3200,24
1.6022,-0.9400000000000006,0,-0.9400000000000006,,0,0,barnes_group,-0.005145564675331116,0,0.2206,24,4,,1733,0,0,3328,25
1.4073,-0.7800000000000005,0,-0.7800000000000005,,0,0,barnes_group,0.10628846784432729,0,0.2195,35,4,,1733,0,0,3456,26
1.155,-0.7400000000000004,0,-0.7400000000000004,,1,0,barnes_group,0.02078329026699066,0,0.2184,24,4,,1733,0,0,3584,27
1.1443,-0.6800000000000004,0,-0.6800000000000004,,0,0,barnes_group,0.04520023365815481,0,0.2173,29,4,,1733,0,0,3712,28
1.3508,-0.9100000000000006,0,-0.9100000000000006,,0,0,barnes_group,0.08828894918163617,0,0.2162,32,4,,1733,0,0,3840,29
1.3779,-0.8800000000000004,0,-0.8800000000000004,,0,0,barnes_group,-0.01586863522728284,0,0.2151,31,4,,1733,0,0,3968,30
1.5771,-1.330000000000001,0,-1.330000000000001,,0,0,barnes_group,-0.01838765914241473,0,0.214,27,4,,1733,0,0,4096,31
1.5703,-1.2500000000000007,0,-1.2500000000000007,,0,0,barnes_group,-0.011977657675743103,0,0.213,28,4,,1733,0,0,4224,32
1.5125,-1.1600000000000008,0,-1.1600000000000008,,0,0,barnes_group,-0.06794731443126996,0,0.2119,19,4,,1733,0,0,4352,33
1.5958,-0.9700000000000006,0,-0.9700000000000006,,0,0,barnes_group,-0.01558676486214002,0,0.2108,25,4,,1733,0,0,4480,34
1.297,-0.6900000000000004,0,-0.6900000000000004,,0,0,barnes_group,-0.020576263467470806,0,0.2098,29,4,,1733,0,0,4608,35
1.2811,-0.6400000000000003,0,-0.6400000000000003,,0,0,barnes_group,-0.007855734477440516,0,0.2087,20,4,,1733,0,0,4736,36
1.2952,-0.7300000000000004,0,-0.7300000000000004,,0,0,barnes_group,0.025296906630198162,0,0.2077,35,4,,1733,0,0,4864,37
1.2324,-0.7000000000000004,0,-0.7000000000000004,,0,0,barnes_group,0.03738386804858843,0,0.2066,35,4,,1733,0,0,4992,38
1.2048,-0.6600000000000004,0,-0.6600000000000004,,0,0,barnes_group,-0.011348060021797815,0,0.2056,26,4,,1733,0,0,5120,39
1.3277,-0.6300000000000003,0,-0.6300000000000003,,0,0,barnes_group,-0.06845164919892947,0,0.2046,28,4,,1733,0,0,5248,40
1.2888,-0.7100000000000004,0,-0.7100000000000004,,0,0,barnes_group,0.005730445186297099,0,0.2036,27,4,,1733,0,0,5376,41
1.4052,-0.7000000000000004,0,-0.7000000000000004,,0,0,barnes_group,-0.013915640612443289,0,0.2025,21,4,,1733,0,0,5504,42
1.3969,-0.7500000000000004,0,-0.7500000000000004,,0,0,barnes_group,-0.012982985625664393,0,0.2015,24,4,,1733,0,0,5632,43
1.5381,0.049999999999999566,35,0.049999999999999566,,1,0,barnes_group,0.06946652134259541,1,0.2005,34,4,,1733,1,1,5760,44
1.4395,-1.1000000000000008,0,-1.1000000000000008,,0,0,barnes_group,-0.005153944094975789,0,0.1995,21,4,,1733,0,0,5888,45
1.4017,-1.1200000000000008,0,-1.1200000000000008,,0,0,barnes_group,0.011587263395388922,0,0.1985,28,4,,1733,0,0,6016,46
1.4082,-1.1000000000000005,0,-1.1000000000000005,,0,0,barnes_group,0.012471755345662435,0,0.1975,18,4,,1733,0,0,6144,47
1.229,0.10999999999999957,35,0.10999999999999957,,1,0,barnes_group,0.10558777054150899,2,0.1965,31,4,,1733,1,1,6272,48
1.1346,-0.8500000000000005,0,-0.8500000000000005,,0,0,barnes_group,0.028140410780906677,0,0.1956,23,4,,1733,0,0,6400,49
1.2393,-0.8100000000000005,0,-0.8100000000000005,,0,0,barnes_group,0.02060805882016818,0,0.1946,21,4,,1733,0,0,6528,50
1.3572,-0.8000000000000005,0,-0.8000000000000005,,0,0,barnes_group,-0.03926548485954603,0,0.1936,27,4,,1733,0,0,6656,51
1.4663,-0.8600000000000005,0,-0.8600000000000005,,0,0,barnes_group,-0.06712581465641658,0,0.1926,27,4,,1733,0,0,6784,52
1.5153,-0.9000000000000005,0,-0.9000000000000005,,0,0,barnes_group,-0.06383200113972028,0,0.1917,22,4,,1733,0,0,6912,53
1.4826,-0.7900000000000004,0,-0.7900000000000004,,0,0,barnes_group,-0.0770134503642718,0,0.1907,17,4,,1733,0,0,7040,54
1.5531,-0.07000000000000049,35,-0.07000000000000049,,1,0,barnes_group,-0.04521499201655388,1,0.1898,26,4,,1733,1,1,7168,55
1.4536,-1.1800000000000006,0,-1.1800000000000006,,0,0,barnes_group,0.02507148931423823,0,0.1888,23,4,,1733,0,0,7296,56
1.3816,0.7575000000000001,35,3.0300000000000002,,4,0,barnes_group,0.08093873659769694,7,0.1879,24,4,,1733,4,1,7424,57
1.3914,0.4249999999999996,35,0.8499999999999992,,2,0,barnes_group,-0.017844592531522114,2,0.1869,20,4,,1733,2,1,7552,58
1.3867,0.6950000000000011,35,2.7800000000000042,,4,0,barnes_group,0.04105017085870107,5,0.186,20,4,,1733,4,1,7680,59
1.4263,0.5600000000000008,35,1.6800000000000026,,3,0,barnes_group,-0.05147108932336172,4,0.1851,19,4,,1733,3,1,7808,60
1.4117,0.8312500000000013,35,6.65000000000001,,8,0,barnes_group,-0.004254873842000961,12,0.1841,26,4,,1733,8,1,7936,61
1.2727,0.8471428571428585,35,5.9300000000000095,,7,0,barnes_group,0.04322030395269394,9,0.1832,23,4,,1733,7,1,8064,62
1.0551,0.7475000000000005,35,2.990000000000002,,4,0,barnes_group,-0.033006858080625534,4,0.1823,25,4,,1733,4,1,8192,63
0.9839,0.7550000000000006,35,3.0200000000000022,,4,0,barnes_group,0.016669655839602154,5,0.1814,26,4,,1733,4,1,8320,64
0.9387,0.8777777777777792,35,7.900000000000013,,9,0,barnes_group,0.004035274187723796,11,0.1805,23,4,,1733,9,1,8448,65
0.7479,0.7600000000000007,35,3.0400000000000027,,4,0,barnes_group,0.006254314134518306,4,0.1796,17,4,,1733,4,1,8576,66
0.8449,0.867500000000001,35,6.940000000000008,,8,0,barnes_group,0.05742954214413961,9,0.1787,25,4,,1733,8,1,8704,67
0.7809,0.75,35,3,,4,0,barnes_group,0.03216621776421865,5,0.1778,17,4,,1733,4,1,8832,68
0.9578,0.6600000000000007,35,1.9800000000000022,,3,0,barnes_group,0.058123638232549034,4,0.1769,32,4,,1733,3,1,8960,69
1.0506,0.6933333333333347,35,2.080000000000004,,3,0,barnes_group,-0.05440253640214602,3,0.176,20,4,,1733,3,1,9088,70
1.0283,0.9206250000000011,35,14.730000000000018,,16,0,barnes_group,0.004692732046047847,16,0.1751,19,4,,1733,16,1,9216,71
0.956,0.9135714285714298,35,12.790000000000017,,14,0,barnes_group,0.2740888148546219,15,0.1743,25,4,,1733,14,1,9344,72
1.0002,0.8736363636363649,35,9.610000000000014,,11,0,barnes_group,-0.008581523473064104,12,0.1734,24,4,,1733,11,1,9472,73
1.0232,0.8237500000000013,35,6.5900000000000105,,8,0,barnes_group,-0.01782306842505932,9,0.1725,28,4,,1733,8,1,9600,74
0.9396,0.9213333333333343,35,13.820000000000014,,15,0,barnes_group,0.14618093768755594,16,0.1717,29,4,,1733,15,1,9728,75
0.8366,0.916000000000001,35,13.740000000000016,,15,0,barnes_group,0.08822109301884969,16,0.1708,22,4,,1733,15,1,9856,76
0.9223,0.8744444444444464,35,7.870000000000017,,9,0,barnes_group,0.014557896802822748,9,0.1699,27,4,,1733,9,1,9984,77
0.9214,0.9081818181818193,35,9.990000000000013,,11,0,barnes_group,0.030527775486310322,13,0.1691,31,4,,1733,11,1,10112,78
0.7248,0.9483809523809533,35,14.2257142857143,,15,0,barnes_group,-0.006224498773614566,17,0.1683,16,4,,1733,15,1,10240,79
0.8428,0.9176923076923089,35,11.930000000000016,,13,0,barnes_group,0.006356069818139076,14,0.1674,24,4,,1733,13,1,10368,80
0.8747,0.949444444444445,35,17.09000000000001,,18,0,barnes_group,-0.03906866659720739,19,0.1666,20,4,,1733,18,1,10496,81
0.936,0.9046153846153859,35,11.760000000000018,,13,0,barnes_group,-0.014880949631333351,15,0.1657,22,4,,1733,13,1,10624,82
0.876,0.8891666666666679,35,10.670000000000014,,12,0,barnes_group,0.05384927118817965,16,0.1649,18,4,,1733,12,1,10752,83
1.009,0.8883333333333351,35,10.660000000000021,,12,0,barnes_group,-0.014759047577778498,12,0.1641,19,4,,1733,12,1,10880,84
1.0987,0.9350000000000007,35,16.830000000000013,,18,0,barnes_group,-0.00021121899286905924,21,0.1633,22,4,,1733,18,1,11008,85
0.9955,0.9158333333333348,35,10.990000000000018,,12,0,barnes_group,0.03825941930214564,12,0.1625,20,4,,1733,12,1,11136,86
0.969,0.9494117647058828,35,16.140000000000008,,17,0,barnes_group,0.043392475694417953,18,0.1616,21,4,,1733,17,1,11264,87
0.9296,0.9285714285714294,35,13.00000000000001,,14,0,barnes_group,0.010529280950625738,17,0.1608,24,4,,1733,14,1,11392,88
1.047,0.9495000000000002,35,18.990000000000006,,20,0,barnes_group,0.21203653514385223,22,0.16,26,4,,1733,20,1,11520,89
1.1259,0.9320000000000008,35,13.980000000000013,,15,0,barnes_group,0.053870207319657006,15,0.1592,23,4,,1733,15,1,11648,90
1.1379,0.8809090909090926,35,9.690000000000019,,11,0,barnes_group,-0.0003115733464558919,11,0.1584,12,4,,1733,11,1,11776,91
1.1237,0.8016666666666681,35,4.8100000000000085,,6,0,barnes_group,0.00473193700114886,6,0.1576,24,4,,1733,6,1,11904,92
1.1139,0.7740000000000005,35,3.8700000000000023,,5,0,barnes_group,-0.022907269497712452,5,0.1569,19,4,,1733,5,1,12032,93
1.1058,0.8950000000000016,35,8.950000000000015,,10,0,barnes_group,-0.020144132276376087,11,0.1561,15,4,,1733,10,1,12160,94
1.1203,0.9221428571428582,35,12.910000000000014,,14,0,barnes_group,-0.0010070564846197765,14,0.1553,18,4,,1733,14,1,12288,95
1.0825,0.9353333333333343,35,14.030000000000015,,15,0,barnes_group,-0.05983527128895124,18,0.1545,17,4,,1733,15,1,12416,96
1.0378,0.951333333333334,35,14.27000000000001,,15,0,barnes_group,0.00527315338452657,15,0.1537,22,4,,1733,15,1,12544,97
1.0534,0.9216666666666677,35,11.060000000000013,,12,0,barnes_group,-0.012623594452937445,12,0.153,25,4,,1733,12,1,12672,98
0.9392,0.940000000000001,35,11.280000000000012,,12,0,barnes_group,0.0424627959728241,13,0.1522,27,4,,1733,12,1,12800,99
0.8991,-0.7500000000000004,0,-0.7500000000000004,,0,0,barnes_group,0.11883719265460968,0,0.25,26,5,,1734,0,0,128,0
0.8618,-0.7600000000000005,0,-0.7600000000000005,,0,0,barnes_group,0.06870891898870468,0,0.2487,27,5,,1734,0,0,256,1
0.8811,-0.7500000000000004,0,-0.7500000000000004,,0,0,barnes_group,0.2213116635878881,0,0.2475,31,5,,1734,0,0,384,2
0.8866,-0.7500000000000004,0,-0.7500000000000004,,0,0,barnes_group,0.1860610693693161,0,0.2463,28,5,,1734,0,0,512,3
1.041,-0.8400000000000005,0,-0.8400000000000005,,0,0,barnes_group,0.12199361125628154,0,0.245,24,5,,1734,0,0,640,4
1.081,-0.7700000000000005,0,-0.7700000000000005,,0,0,barnes_group,0.3129540979862213,0,0.2438,32,5,,1734,0,0,768,5
0.9497,-0.8800000000000006,0,-0.8800000000000006,,0,0,barnes_group,0.2192611594994863,0,0.2426,38,5,,1734,0,0,896,6
0.9753,-0.8400000000000005,0,-0.8400000000000005,,0,0,barnes_group,0.08666666348775227,0,0.2414,33,5,,1734,0,0,1024,7
1.0723,0.15999999999999956,35,0.15999999999999956,,1,0,barnes_group,0.07556493207812309,1,0.2402,32,5,,1734,1,1,1152,8
1.0939,-0.8700000000000006,0,-0.8700000000000006,,0,0,barnes_group,0.0736496311922868,0,0.239,30,5,,1734,0,0,1280,9
1.12,-0.9300000000000006,0,-0.9300000000000006,,0,0,barnes_group,0.06749383608500163,0,0.2378,31,5,,1734,0,0,1408,10
1.2234,-0.9400000000000006,0,-0.9400000000000006,,0,0,barnes_group,0.007281056294838588,0,0.2366,32,5,,1734,0,0,1536,11
1.0333,-0.8000000000000005,0,-0.8000000000000005,,0,0,barnes_group,0.007030238707860311,0,0.2354,31,5,,1734,0,0,1664,12
0.9689,-0.7800000000000005,0,-0.7800000000000005,,0,0,barnes_group,0.28546641767024994,0,0.2342,40,5,,1734,0,0,1792,13
0.9052,-0.8000000000000005,0,-0.8000000000000005,,0,0,barnes_group,0.10472540060679118,0,0.2331,25,5,,1734,0,0,1920,14
0.8375,-0.7800000000000005,0,-0.7800000000000005,,0,0,barnes_group,0.2078933839996656,0,0.2319,24,5,,1734,0,0,2048,15
0.9035,-0.7700000000000005,0,-0.7700000000000005,,0,0,barnes_group,0.2272950199743112,0,0.2307,29,5,,1734,0,0,2176,16
0.9627,-0.8400000000000005,0,-0.8400000000000005,,0,0,barnes_group,0.07464328408241272,0,0.2296,22,5,,1734,0,0,2304,17
0.963,-0.8100000000000005,0,-0.8100000000000005,,0,0,barnes_group,0.10450369864702225,0,0.2284,33,5,,1734,0,0,2432,18
0.9323,-0.8900000000000006,0,-0.8900000000000006,,0,0,barnes_group,0.2751624770462513,0,0.2273,22,5,,1734,0,0,2560,19
1.1363,-0.9100000000000006,0,-0.9100000000000006,,0,0,barnes_group,0.06701247269908588,0,0.2262,27,5,,1734,0,0,2688,20
1.1763,-0.9100000000000006,0,-0.9100000000000006,,0,0,barnes_group,0.14375638961791992,0,0.225,34,5,,1734,0,0,2816,21
1.0987,0.07999999999999953,35,0.07999999999999953,,1,0,barnes_group,0.22264828284581503,2,0.2239,21,5,,1734,1,1,2944,22
1.152,-0.9300000000000006,0,-0.9300000000000006,,0,0,barnes_group,0.10216392576694489,0,0.2228,37,5,,1734,0,0,3072,23
1.1621,-0.8800000000000004,0,-0.8800000000000004,,0,0,barnes_group,0.0014091519018014271,0,0.2217,27,5,,1734,0,0,3200,24
1.2802,0.05999999999999941,35,0.05999999999999941,,1,0,barnes_group,0.030184239149093628,2,0.2206,29,5,,1734,1,1,3328,25
1.3221,-1.0500000000000007,0,-1.0500000000000007,,0,0,barnes_group,-0.03288612390557925,0,0.2195,20,5,,1734,0,0,3456,26
1.292,-1.0500000000000007,0,-1.0500000000000007,,0,0,barnes_group,0.004615517954031627,0,0.2184,22,5,,1734,0,0,3584,27
1.3853,-1.0200000000000007,0,-1.0200000000000007,,0,0,barnes_group,0.0032682505746682486,0,0.2173,27,5,,1734,0,0,3712,28
1.3711,-1.0800000000000007,0,-1.0800000000000007,,0,0,barnes_group,-0.005861744284629822,0,0.2162,26,5,,1734,0,0,3840,29
1.3328,-0.8800000000000006,0,-0.8800000000000006,,0,0,barnes_group,-0.030674720803896587,0,0.2151,27,5,,1734,0,0,3968,30
1.363,-0.9100000000000006,0,-0.9100000000000006,,0,0,barnes_group,-0.040958695113658905,0,0.214,28,5,,1734,0,0,4096,31
1.3109,-0.8500000000000005,0,-0.8500000000000005,,0,0,barnes_group,-0.017292678356170654,0,0.213,23,5,,1734,0,0,4224,32
1.3924,-1.0100000000000005,0,-1.0100000000000005,,0,0,barnes_group,-0.03606008862455686,0,0.2119,25,5,,1734,0,0,4352,33
1.3143,-0.8500000000000005,0,-0.8500000000000005,,0,0,barnes_group,-0.004269522925217946,0,0.2108,28,5,,1734,0,0,4480,34
1.2962,0.11999999999999957,35,0.11999999999999957,,1,0,barnes_group,-0.045030735433101654,2,0.2098,21,5,,1734,1,1,4608,35
1.3708,-0.8600000000000005,0,-0.8600000000000005,,0,0,barnes_group,-0.04725066696604093,0,0.2087,26,5,,1734,0,0,4736,36
1.3842,-0.8800000000000006,0,-0.8800000000000006,,0,0,barnes_group,-0.013667348772287369,0,0.2077,25,5,,1734,0,0,4864,37
1.4468,-1.0400000000000005,0,-1.0400000000000005,,0,0,barnes_group,-0.0038178699711958566,0,0.2066,26,5,,1734,0,0,4992,38
1.3605,-0.9400000000000006,0,-0.9400000000000006,,0,0,barnes_group,5.184859037399292e-05,0,0.2056,29,5,,1734,0,0,5120,39
1.4708,-1.0900000000000005,0,-1.0900000000000005,,0,0,barnes_group,-0.05727694556117058,0,0.2046,20,5,,1734,0,0,5248,40
1.4953,-0.9600000000000006,0,-0.9600000000000006,,0,0,barnes_group,-0.014127610872189203,0,0.2036,24,5,,1734,0,0,5376,41
1.4272,-1.0000000000000004,0,-1.0000000000000004,,0,0,barnes_group,-0.05567328259348869,0,0.2025,22,5,,1734,0,0,5504,42
1.3978,-0.9300000000000006,0,-0.9300000000000006,,0,0,barnes_group,-0.03066474199295044,0,0.2015,28,5,,1734,0,0,5632,43
1.335,-0.8900000000000006,0,-0.8900000000000006,,0,0,barnes_group,-0.01124688982963562,0,0.2005,18,5,,1734,0,0,5760,44
1.3236,-0.8900000000000006,0,-0.8900000000000006,,0,0,barnes_group,-0.020470647762219112,0,0.1995,25,5,,1734,0,0,5888,45
1.3119,-0.8200000000000004,0,-0.8200000000000004,,0,0,barnes_group,-0.008040366073449453,0,0.1985,24,5,,1734,0,0,6016,46
1.2619,-0.7800000000000005,0,-0.7800000000000005,,0,0,barnes_group,-0.010271705687046051,0,0.1975,27,5,,1734,0,0,6144,47
1.3085,-0.8700000000000004,0,-0.8700000000000004,,0,0,barnes_group,-0.03675440947214762,0,0.1965,32,5,,1734,0,0,6272,48
1.2293,-0.8300000000000005,0,-0.8300000000000005,,0,0,barnes_group,-0.03361091390252113,0,0.1956,25,5,,1734,0,0,6400,49
1.3284,-0.9100000000000006,0,-0.9100000000000006,,0,0,barnes_group,0.014623834441105524,0,0.1946,35,5,,1734,0,0,6528,50
1.1995,-0.8200000000000005,0,-0.8200000000000005,,0,0,barnes_group,0.022004255404074986,0,0.1936,17,5,,1734,0,0,6656,51
1.1585,-0.8000000000000005,0,-0.8000000000000005,,0,0,barnes_group,-0.014894948651393255,0,0.1926,29,5,,1734,0,0,6784,52
1.1055,-0.7600000000000005,0,-0.7600000000000005,,0,0,barnes_group,0.016295777012904484,0,0.1917,34,5,,1734,0,0,6912,53
1.0954,-0.8300000000000005,0,-0.8300000000000005,,0,0,barnes_group,-0.027356186260779698,0,0.1907,19,5,,1734,0,0,7040,54
1.1879,-0.7700000000000005,0,-0.7700000000000005,,0,0,barnes_group,-0.029896677782138188,0,0.1898,23,5,,1734,0,0,7168,55
1.1729,-0.7600000000000005,0,-0.7600000000000005,,0,0,barnes_group,-0.01614207588136196,0,0.1888,25,5,,1734,0,0,7296,56
1.1688,-0.8100000000000005,0,-0.8100000000000005,,0,0,barnes_group,0.02014743412534396,0,0.1879,17,5,,1734,0,0,7424,57
1.1845,-0.8000000000000005,0,-0.8000000000000005,,0,0,barnes_group,-0.011595970640579859,0,0.1869,21,5,,1734,0,0,7552,58
1.1082,0.16999999999999948,35,0.16999999999999948,,1,0,barnes_group,-0.0029050211111704507,1,0.186,21,5,,1734,1,1,7680,59
1.1843,-0.8600000000000005,0,-0.8600000000000005,,0,0,barnes_group,-0.04116904487212499,0,0.1851,19,5,,1734,0,0,7808,60
1.2518,-1.0300000000000005,0,-1.0300000000000005,,0,0,barnes_group,-0.01258121927579244,0,0.1841,20,5,,1734,0,0,7936,61
1.3032,-0.8900000000000005,0,-0.8900000000000005,,0,0,barnes_group,-0.0440021517376105,0,0.1832,17,5,,1734,0,0,8064,62
1.1757,-0.9000000000000006,0,-0.9000000000000006,,0,0,barnes_group,-0.02854306250810623,0,0.1823,19,5,,1734,0,0,8192,63
1.1009,-0.9300000000000006,0,-0.9300000000000006,,0,0,barnes_group,-0.019259724766016006,0,0.1814,20,5,,1734,0,0,8320,64
1.1285,-0.8800000000000006,0,-0.8800000000000006,,0,0,barnes_group,-0.022434107959270477,0,0.1805,15,5,,1734,0,0,8448,65
1.1391,-0.9100000000000006,0,-0.9100000000000006,,0,0,barnes_group,-0.019206775352358818,0,0.1796,24,5,,1734,0,0,8576,66
1.0557,-0.9100000000000006,0,-0.9100000000000006,,0,0,barnes_group,-0.03503866742054621,0,0.1787,19,5,,1734,0,0,8704,67
1.0773,-0.9000000000000006,0,-0.9000000000000006,,0,0,barnes_group,-0.0009143526355425516,0,0.1778,18,5,,1734,0,0,8832,68
1.0397,-0.9100000000000006,0,-0.9100000000000006,,0,0,barnes_group,-0.01296051467458407,0,0.1769,18,5,,1734,0,0,8960,69
0.9981,-0.8700000000000006,0,-0.8700000000000006,,0,0,barnes_group,4.337728023529053e-05,0,0.176,17,5,,1734,0,0,9088,70
1.1284,-0.8400000000000005,0,-0.8400000000000005,,0,0,barnes_group,0.0017289345463116963,0,0.1751,38,5,,1734,0,0,9216,71
1.0711,-0.8500000000000005,0,-0.8500000000000005,,0,0,barnes_group,-0.00022262583176294962,0,0.1743,16,5,,1734,0,0,9344,72
1.0856,-0.8400000000000005,0,-0.8400000000000005,,0,0,barnes_group,0.07869986320535342,0,0.1734,20,5,,1734,0,0,9472,73
1.0111,-0.8800000000000006,0,-0.8800000000000006,,0,0,barnes_group,0.0037339391807715097,0,0.1725,17,5,,1734,0,0,9600,74
1.0448,-0.9000000000000006,0,-0.9000000000000006,,0,0,barnes_group,0.013880242904027304,0,0.1717,25,5,,1734,0,0,9728,75
1.0063,-0.9300000000000006,0,-0.9300000000000006,,0,0,barnes_group,0.016661029309034348,0,0.1708,22,5,,1734,0,0,9856,76
0.9223,-0.9000000000000006,0,-0.9000000000000006,,0,0,barnes_group,0.006110814710458119,0,0.1699,26,5,,1734,0,0,9984,77
0.9023,-0.8100000000000005,0,-0.8100000000000005,,0,0,barnes_group,0.03459962954123815,0,0.1691,17,5,,1734,0,0,10112,78
0.914,-0.6900000000000004,0,-0.6900000000000004,,0,0,barnes_group,0.02618337795138359,0,0.1683,23,5,,1734,0,0,10240,79
0.9593,-0.6800000000000004,0,-0.6800000000000004,,0,0,barnes_group,0.06431711216767629,0,0.1674,21,5,,1734,0,0,10368,80
0.9087,-0.6600000000000004,0,-0.6600000000000004,,0,0,barnes_group,0.04101885110139847,0,0.1666,17,5,,1734,0,0,10496,81
0.8912,-0.6000000000000003,0,-0.6000000000000003,,0,0,barnes_group,-0.03240665793418884,0,0.1657,16,5,,1734,0,0,10624,82
0.8878,-0.6700000000000004,0,-0.6700000000000004,,0,0,barnes_group,-0.025554754460851353,0,0.1649,21,5,,1734,0,0,10752,83
1.0853,-0.7100000000000004,0,-0.7100000000000004,,0,0,barnes_group,0.04565500343839327,0,0.1641,22,5,,1734,0,0,10880,84
1.0689,-0.8000000000000005,0,-0.8000000000000005,,0,0,barnes_group,0.005960971117019653,0,0.1633,25,5,,1734,0,0,11008,85
0.9476,-0.8400000000000005,0,-0.8400000000000005,,0,0,barnes_group,0.05443321665128072,0,0.1625,20,5,,1734,0,0,11136,86
0.9952,-0.8400000000000005,0,-0.8400000000000005,,0,0,barnes_group,0.010482287655274073,0,0.1616,22,5,,1734,0,0,11264,87
1.0685,-0.8100000000000005,0,-0.8100000000000005,,0,0,barnes_group,-0.024031400680541992,0,0.1608,25,5,,1734,0,0,11392,88
1.0415,-0.8500000000000005,0,-0.8500000000000005,,0,0,barnes_group,-0.03946130846937498,0,0.16,22,5,,1734,0,0,11520,89
0.9867,-0.8700000000000006,0,-0.8700000000000006,,0,0,barnes_group,-0.0022776437302430472,0,0.1592,20,5,,1734,0,0,11648,90
0.9814,-0.8400000000000005,0,-0.8400000000000005,,0,0,barnes_group,-0.0257392351826032,0,0.1584,16,5,,1734,0,0,11776,91
0.9555,-0.8200000000000005,0,-0.8200000000000005,,0,0,barnes_group,-0.036406820019086204,0,0.1576,19,5,,1734,0,0,11904,92
1.0681,-0.8400000000000005,0,-0.8400000000000005,,0,0,barnes_group,-0.006753681848446528,0,0.1569,23,5,,1734,0,0,12032,93
0.9874,-0.8700000000000006,0,-0.8700000000000006,,0,0,barnes_group,-0.03115053040285905,0,0.1561,21,5,,1734,0,0,12160,94
1.1249,-0.8900000000000006,0,-0.8900000000000006,,0,0,barnes_group,0.011906916896502176,0,0.1553,22,5,,1734,0,0,12288,95
1.033,-0.8100000000000005,0,-0.8100000000000005,,0,0,barnes_group,-0.03051302892466386,0,0.1545,17,5,,1734,0,0,12416,96
1.0691,-0.8500000000000005,0,-0.8500000000000005,,0,0,barnes_group,-0.009581544746955236,0,0.1537,25,5,,1734,0,0,12544,97
1.1302,-0.9000000000000006,0,-0.9000000000000006,,0,0,barnes_group,0.03152468428015709,0,0.153,28,5,,1734,0,0,12672,98
1.2202,-0.8700000000000006,0,-0.8700000000000006,,0,0,barnes_group,-0.015501635770003,0,0.1522,26,5,,1734,0,0,12800,99
1.2328,-0.8000000000000014,35,-0.8000000000000014,,1,0,barnes_group,0.396784375111262,1,0.25,26,6,,1735,1,1,128,0
0.9745,-1.670000000000001,0,-1.670000000000001,,0,0,barnes_group,0.06500506028532982,0,0.2487,33,6,,1735,0,0,256,1
1.0115,-1.690000000000001,0,-1.690000000000001,,0,0,barnes_group,0.21150549252827963,0,0.2475,24,6,,1735,0,0,384,2
1.1875,-1.5700000000000012,0,-1.5700000000000012,,0,0,barnes_group,0.06168399751186371,0,0.2463,26,6,,1735,0,0,512,3
1.1887,-1.710000000000001,0,-1.710000000000001,,0,0,barnes_group,0.09999819099903107,0,0.245,27,6,,1735,0,0,640,4
1.1603,-0.530000000000001,35,-0.530000000000001,,1,0,barnes_group,0.1032122125228246,2,0.2438,23,6,,1735,1,1,768,5
1.2741,-1.5000000000000009,0,-1.5000000000000009,,0,0,barnes_group,0.038242568572362266,0,0.2426,35,6,,1735,0,0,896,6
1.3517,-1.460000000000001,0,-1.460000000000001,,0,0,barnes_group,0.036746978759765625,0,0.2414,29,6,,1735,0,0,1024,7
1.4469,0.3449999999999997,35,0.6899999999999994,,2,0,barnes_group,0.06310567011435826,4,0.2402,30,6,,1735,2,1,1152,8
1.406,-1.0600000000000007,0,-1.0600000000000007,,0,0,barnes_group,0.04220663011074066,0,0.239,30,6,,1735,0,0,1280,9
1.2426,-1.0300000000000007,0,-1.0300000000000007,,0,0,barnes_group,0.06110052143534025,0,0.2378,30,6,,1735,0,0,1408,10
1.1113,0.039999999999999314,35,0.039999999999999314,,1,0,barnes_group,0.10323957602183025,2,0.2366,23,6,,1735,1,1,1536,11
1.2041,-0.9800000000000006,0,-0.9800000000000006,,0,0,barnes_group,0.11271008724967639,0,0.2354,29,6,,1735,0,0,1664,12
1.2725,-1.1400000000000008,0,-1.1400000000000008,,0,0,barnes_group,0.049275978157917656,0,0.2342,34,6,,1735,0,0,1792,13
1.3429,-0.9300000000000006,0,-0.9300000000000006,,0,0,barnes_group,-0.028343858818213146,0,0.2331,39,6,,1735,0,0,1920,14
1.1172,-0.9000000000000006,0,-0.9000000000000006,,0,0,barnes_group,0.04572267333666483,0,0.2319,31,6,,1735,0,0,2048,15
1.0677,-0.8000000000000005,0,-0.8000000000000005,,0,0,barnes_group,0.08370648324489594,0,0.2307,30,6,,1735,0,0,2176,16
1.0284,-0.8300000000000004,0,-0.8300000000000004,,0,0,barnes_group,0.0031167777876059213,0,0.2296,37,6,,1735,0,0,2304,17
1.0117,-0.7900000000000004,0,-0.7900000000000004,,0,0,barnes_group,0.04980085417628288,0,0.2284,37,6,,1735,0,0,2432,18
1.122,-0.8100000000000005,0,-0.8100000000000005,,0,0,barnes_group,0.06934202710787456,0,0.2273,28,6,,1735,0,0,2560,19
1.1025,-0.8100000000000005,0,-0.8100000000000005,,0,0,barnes_group,0.04783383881052335,0,0.2262,22,6,,1735,0,0,2688,20
1.1271,-0.8500000000000005,0,-0.8500000000000005,,0,0,barnes_group,0.08693575362364452,0,0.225,26,6,,1735,0,0,2816,21
1.2142,-0.8300000000000005,0,-0.8300000000000005,,0,0,barnes_group,-0.0183979074160258,0,0.2239,28,6,,1735,0,0,2944,22
1.2722,-0.8200000000000005,0,-0.8200000000000005,,0,0,barnes_group,-0.025350103775660198,0,0.2228,32,6,,1735,0,0,3072,23
1.4827,-0.9600000000000006,0,-0.9600000000000006,,0,0,barnes_group,-0.025933198630809784,0,0.2217,27,6,,1735,0,0,3200,24
1.4721,-1.0800000000000005,0,-1.0800000000000005,,0,0,barnes_group,-0.032392735282580055,0,0.2206,25,6,,1735,0,0,3328,25
1.4634,0.06999999999999967,35,0.06999999999999967,,1,0,barnes_group,0.005711729327837626,1,0.2195,28,6,,1735,1,1,3456,26
1.4206,-0.8000000000000005,0,-0.8000000000000005,,0,0,barnes_group,-0.025648977607488632,0,0.2184,29,6,,1735,0,0,3584,27
1.4147,0.6099999999999997,35,1.2199999999999993,,2,0,barnes_group,-0.0034139913817246756,2,0.2173,22,6,,1735,2,1,3712,28
1.3295,-0.8700000000000006,0,-0.8700000000000006,,0,0,barnes_group,0.025868352502584457,0,0.2162,24,6,,1735,0,0,3840,29
1.0685,-0.8000000000000005,0,-0.8000000000000005,,0,0,barnes_group,0.027085769921541214,0,0.2151,19,6,,1735,0,0,3968,30
0.9951,-0.7800000000000005,0,-0.7800000000000005,,0,0,barnes_group,0.016010265797376633,0,0.214,29,6,,1735,0,0,4096,31
0.936,-0.7300000000000004,0,-0.7300000000000004,,0,0,barnes_group,0.004851064334313075,0,0.213,26,6,,1735,0,0,4224,32
0.9343,-0.8300000000000005,0,-0.8300000000000005,,0,0,barnes_group,0.07209533949693044,0,0.2119,26,6,,1735,0,0,4352,33
0.795,-0.7400000000000004,0,-0.7400000000000004,,0,0,barnes_group,0.05275163302818934,0,0.2108,24,6,,1735,0,0,4480,34
0.9201,-0.8000000000000005,0,-0.8000000000000005,,0,0,barnes_group,0.13195490340391794,0,0.2098,35,6,,1735,0,0,4608,35
0.9486,-0.7500000000000004,0,-0.7500000000000004,,0,0,barnes_group,0.07644195978840192,0,0.2087,34,6,,1735,0,0,4736,36
1.0006,-0.7400000000000004,0,-0.7400000000000004,,0,0,barnes_group,0.04430395240585009,0,0.2077,28,6,,1735,0,0,4864,37
0.958,-0.7500000000000004,0,-0.7500000000000004,,0,0,barnes_group,0.038563585529724755,0,0.2066,31,6,,1735,0,0,4992,38
0.9252,-0.7700000000000005,0,-0.7700000000000005,,0,0,barnes_group,0.0288601852953434,0,0.2056,24,6,,1735,0,0,5120,39
1.0394,-0.7800000000000005,0,-0.7800000000000005,,0,0,barnes_group,0.07975920538107555,0,0.2046,32,6,,1735,0,0,5248,40
0.9071,-0.7700000000000005,0,-0.7700000000000005,,0,0,barnes_group,0.0002478087941805522,0,0.2036,24,6,,1735,0,0,5376,41
1.0078,-0.7800000000000004,0,-0.7800000000000004,,0,0,barnes_group,-0.019516843060652416,0,0.2025,31,6,,1735,0,0,5504,42
0.9317,-0.7300000000000004,0,-0.7300000000000004,,0,0,barnes_group,0.04917166754603386,0,0.2015,33,6,,1735,0,0,5632,43
0.9159,-0.7500000000000004,0,-0.7500000000000004,,0,0,barnes_group,-0.023400431498885155,0,0.2005,24,6,,1735,0,0,5760,44
0.9164,-0.7400000000000004,0,-0.7400000000000004,,0,0,barnes_group,0.03535752991835276,0,0.1995,30,6,,1735,0,0,5888,45
0.8006,-0.7500000000000004,0,-0.7500000000000004,,0,0,barnes_group,-0.002295584107438723,0,0.1985,22,6,,1735,0,0,6016,46
0.8492,-0.7600000000000005,0,-0.7600000000000005,,0,0,barnes_group,0.023891689876715343,0,0.1975,24,6,,1735,0,0,6144,47
0.8812,-0.7600000000000005,0,-0.7600000000000005,,0,0,barnes_group,-0.010311858107646307,0,0.1965,22,6,,1735,0,0,6272,48
0.9049,-0.7500000000000004,0,-0.7500000000000004,,0,0,barnes_group,0.022959021230538685,0,0.1956,28,6,,1735,0,0,6400,49
0.9598,-0.7300000000000004,0,-0.7300000000000004,,0,0,barnes_group,0.26672227183977765,0,0.1946,27,6,,1735,0,0,6528,50
0.9921,-0.7600000000000005,0,-0.7600000000000005,,0,0,barnes_group,0.051320930322011314,0,0.1936,21,6,,1735,0,0,6656,51
0.9765,-0.7500000000000004,0,-0.7500000000000004,,0,0,barnes_group,0.0650813952088356,0,0.1926,20,6,,1735,0,0,6784,52
0.9648,-0.7500000000000004,0,-0.7500000000000004,,0,0,barnes_group,-0.023270463570952415,0,0.1917,19,6,,1735,0,0,6912,53
0.9743,-0.7500000000000004,0,-0.7500000000000004,,0,0,barnes_group,-0.022147440661986668,0,0.1907,18,6,,1735,0,0,7040,54
0.9005,-0.7600000000000005,0,-0.7600000000000005,,0,0,barnes_group,0.011059588442246119,0,0.1898,18,6,,1735,0,0,7168,55
1.038,-0.7700000000000005,0,-0.7700000000000005,,0,0,barnes_group,0.0703762670358022,0,0.1888,27,6,,1735,0,0,7296,56
0.9756,-0.7500000000000004,0,-0.7500000000000004,,0,0,barnes_group,0.023647940407196682,0,0.1879,24,6,,1735,0,0,7424,57
1.0338,-0.7400000000000004,0,-0.7400000000000004,,0,0,barnes_group,-0.012669005120793978,0,0.1869,24,6,,1735,0,0,7552,58
0.9613,-0.7500000000000004,0,-0.7500000000000004,,0,0,barnes_group,0.03259184335668882,0,0.186,28,6,,1735,0,0,7680,59
1.0711,-0.7000000000000004,0,-0.7000000000000004,,0,0,barnes_group,-0.0005123652517795563,0,0.1851,21,6,,1735,0,0,7808,60
1.0936,-0.7200000000000004,0,-0.7200000000000004,,0,0,barnes_group,-0.009603223452965418,0,0.1841,21,6,,1735,0,0,7936,61
1.1566,-0.7700000000000005,0,-0.7700000000000005,,0,0,barnes_group,-0.016533054411411285,0,0.1832,26,6,,1735,0,0,8064,62
1.2218,-0.7200000000000004,0,-0.7200000000000004,,0,0,barnes_group,0.02913755550980568,0,0.1823,19,6,,1735,0,0,8192,63
1.255,-0.6700000000000004,0,-0.6700000000000004,,0,0,barnes_group,-0.03108173484603564,0,0.1814,28,6,,1735,0,0,8320,64
1.2077,-0.7500000000000004,0,-0.7500000000000004,,0,0,barnes_group,-0.02438859020670255,0,0.1805,17,6,,1735,0,0,8448,65
1.0886,-0.8000000000000005,0,-0.8000000000000005,,0,0,barnes_group,0.04708015422026316,0,0.1796,21,6,,1735,0,0,8576,66
0.9892,-0.7300000000000004,0,-0.7300000000000004,,0,0,barnes_group,-0.043556450555721916,0,0.1787,14,6,,1735,0,0,8704,67
1.0391,-0.7400000000000004,0,-0.7400000000000004,,0,0,barnes_group,0.0028893028696378074,0,0.1778,21,6,,1735,0,0,8832,68
1.0098,-0.8700000000000004,0,-0.8700000000000004,,0,0,barnes_group,-0.036917589604854584,0,0.1769,27,6,,1735,0,0,8960,69
0.9143,-0.7600000000000005,0,-0.7600000000000005,,0,0,barnes_group,0.007596994439760844,0,0.176,22,6,,1735,0,0,9088,70
0.9078,-0.8100000000000005,0,-0.8100000000000005,,0,0,barnes_group,0.03817120442787806,0,0.1751,19,6,,1735,0,0,9216,71
0.9976,-0.8100000000000005,0,-0.8100000000000005,,0,0,barnes_group,-0.002630350490411123,0,0.1743,25,6,,1735,0,0,9344,72
0.9778,-0.7700000000000005,0,-0.7700000000000005,,0,0,barnes_group,-0.03163301137586435,0,0.1734,23,6,,1735,0,0,9472,73
1.0926,-0.8400000000000005,0,-0.8400000000000005,,0,0,barnes_group,0.020063253740469616,0,0.1725,23,6,,1735,0,0,9600,74
1.1536,-0.7700000000000005,0,-0.7700000000000005,,0,0,barnes_group,0.03302000090479851,0,0.1717,20,6,,1735,0,0,9728,75
1.3152,-0.7700000000000005,0,-0.7700000000000005,,0,0,barnes_group,-0.0003873668611049652,0,0.1708,29,6,,1735,0,0,9856,76
1.3806,-0.7600000000000005,0,-0.7600000000000005,,0,0,barnes_group,-0.0394897535443306,0,0.1699,24,6,,1735,0,0,9984,77
1.4778,-0.9600000000000005,0,-0.9600000000000005,,0,0,barnes_group,-0.03781675919890404,0,0.1691,18,6,,1735,0,0,10112,78
1.6236,-1.2900000000000007,0,-1.2900000000000007,,0,0,barnes_group,-0.06255096818010013,0,0.1683,15,6,,1735,0,0,10240,79
1.4492,-0.8900000000000006,0,-0.8900000000000006,,0,0,barnes_group,0.004801802337169647,0,0.1674,30,6,,1735,0,0,10368,80
1.255,-0.8800000000000004,0,-0.8800000000000004,,0,0,barnes_group,-0.03473098327716192,0,0.1666,16,6,,1735,0,0,10496,81
1.205,-0.8300000000000004,0,-0.8300000000000004,,0,0,barnes_group,-0.007854845374822617,0,0.1657,19,6,,1735,0,0,10624,82
1.4758,-1.2200000000000009,0,-1.2200000000000009,,0,0,barnes_group,-0.04500137269496918,0,0.1649,21,6,,1735,0,0,10752,83
1.4186,-1.1800000000000008,0,-1.1800000000000008,,0,0,barnes_group,-0.06062287092208862,0,0.1641,21,6,,1735,0,0,10880,84
1.3832,-1.0500000000000007,0,-1.0500000000000007,,0,0,barnes_group,-0.07403230915466945,0,0.1633,13,6,,1735,0,0,11008,85
1.4397,-1.0300000000000007,0,-1.0300000000000007,,0,0,barnes_group,-0.029741926739613216,0,0.1625,18,6,,1735,0,0,11136,86
1.3027,-0.8500000000000004,0,-0.8500000000000004,,0,0,barnes_group,0.027192772676547367,0,0.1616,20,6,,1735,0,0,11264,87
1.2656,-0.8200000000000005,0,-0.8200000000000005,,0,0,barnes_group,-0.019821638862291973,0,0.1608,19,6,,1735,0,0,11392,88
1.3089,-0.8700000000000006,0,-0.8700000000000006,,0,0,barnes_group,-0.018264736980199814,0,0.16,16,6,,1735,0,0,11520,89
1.1553,-0.8000000000000005,0,-0.8000000000000005,,0,0,barnes_group,-0.00809112936258316,0,0.1592,17,6,,1735,0,0,11648,90
1.2011,-0.8700000000000006,0,-0.8700000000000006,,0,0,barnes_group,-0.02433789148926735,0,0.1584,22,6,,1735,0,0,11776,91
1.265,-0.8200000000000005,0,-0.8200000000000005,,0,0,barnes_group,-0.06272260844707489,0,0.1576,20,6,,1735,0,0,11904,92
1.3422,0.20999999999999958,35,0.20999999999999958,,1,0,barnes_group,0.022298425436019897,1,0.1569,23,6,,1735,1,1,12032,93
1.35,-0.8600000000000005,0,-0.8600000000000005,,0,0,barnes_group,-0.03082849085330963,0,0.1561,24,6,,1735,0,0,12160,94
1.3487,-0.7900000000000005,0,-0.7900000000000005,,0,0,barnes_group,-0.05801494047045708,0,0.1553,18,6,,1735,0,0,12288,95
1.3453,-0.8100000000000005,0,-0.8100000000000005,,0,0,barnes_group,-0.055502972255150475,0,0.1545,25,6,,1735,0,0,12416,96
1.4222,-0.8200000000000005,0,-0.8200000000000005,,0,0,barnes_group,-0.031617109974225364,0,0.1537,16,6,,1735,0,0,12544,97
1.3492,-0.7900000000000005,0,-0.7900000000000005,,0,0,barnes_group,-0.06816286593675613,0,0.153,16,6,,1735,0,0,12672,98
1.3996,-0.7600000000000005,0,-0.7600000000000005,,0,0,barnes_group,-0.0484362430870533,0,0.1522,24,6,,1735,0,0,12800,99
1.1349,-1.4700000000000009,0,-1.4700000000000009,,0,0,barnes_group,0.6490437934796015,0,0.25,27,7,,1736,0,0,128,0
1.2661,-1.420000000000001,0,-1.420000000000001,,0,0,barnes_group,0.3222908526659012,0,0.2487,33,7,,1736,0,0,256,1
1.2098,-1.4300000000000008,0,-1.4300000000000008,,0,0,barnes_group,0.5581961373488108,0,0.2475,32,7,,1736,0,0,384,2
1.1977,-1.300000000000001,0,-1.300000000000001,,0,0,barnes_group,0.241956889629364,0,0.2463,39,7,,1736,0,0,512,3
1.1759,-0.47000000000000064,35,-0.47000000000000064,,1,0,barnes_group,0.17522584398587546,2,0.245,34,7,,1736,1,1,640,4
1.1897,-1.370000000000001,0,-1.370000000000001,,0,0,barnes_group,0.06235145777463913,0,0.2438,36,7,,1736,0,0,768,5
1.0142,-1.530000000000001,0,-1.530000000000001,,0,0,barnes_group,0.09404773265123367,0,0.2426,29,7,,1736,0,0,896,6
1.1485,-1.4200000000000008,0,-1.4200000000000008,,0,0,barnes_group,0.03887203708291054,0,0.2414,30,7,,1736,0,0,1024,7
1.2803,-0.0800000000000004,35,-0.0800000000000004,,1,0,barnes_group,0.20444669326146445,2,0.2402,32,7,,1736,1,1,1152,8
1.3145,-0.9900000000000007,0,-0.9900000000000007,,0,0,barnes_group,0.12396954248348872,0,0.239,33,7,,1736,0,0,1280,9
1.2777,-0.9800000000000006,0,-0.9800000000000006,,0,0,barnes_group,0.048158690333366394,0,0.2378,29,7,,1736,0,0,1408,10
1.3544,-1.1100000000000008,0,-1.1100000000000008,,0,0,barnes_group,0.05254823217789332,0,0.2366,43,7,,1736,0,0,1536,11
1.1918,-1.310000000000001,0,-1.310000000000001,,0,0,barnes_group,-0.017113959416747093,0,0.2354,20,7,,1736,0,0,1664,12
1.347,-1.330000000000001,0,-1.330000000000001,,0,0,barnes_group,0.048656951636075974,0,0.2342,33,7,,1736,0,0,1792,13
1.2816,-1.2400000000000007,0,-1.2400000000000007,,0,0,barnes_group,0.044511131942272186,0,0.2331,24,7,,1736,0,0,1920,14
1.2868,-0.2800000000000006,35,-0.2800000000000006,,1,0,barnes_group,0.13979263603687286,2,0.2319,31,7,,1736,1,1,2048,15
1.1893,-1.1600000000000006,0,-1.1600000000000006,,0,0,barnes_group,0.10910951967040698,0,0.2307,29,7,,1736,0,0,2176,16
0.9498,-0.9500000000000005,0,-0.9500000000000005,,0,0,barnes_group,0.052694772680600487,0,0.2296,26,7,,1736,0,0,2304,17
0.9842,-0.8500000000000005,0,-0.8500000000000005,,0,0,barnes_group,0.0188555009663105,0,0.2284,26,7,,1736,0,0,2432,18
0.9102,-1.0000000000000004,0,-1.0000000000000004,,0,0,barnes_group,0.14952226852377257,0,0.2273,33,7,,1736,0,0,2560,19
1.1597,-1.1100000000000008,0,-1.1100000000000008,,0,0,barnes_group,0.09572415550549825,0,0.2262,32,7,,1736,0,0,2688,20
1.2354,-1.290000000000001,0,-1.290000000000001,,0,0,barnes_group,0.04516145959496498,0,0.225,29,7,,1736,0,0,2816,21
1.0154,-1.0800000000000007,0,-1.0800000000000007,,0,0,barnes_group,0.36739065994819003,0,0.2239,30,7,,1736,0,0,2944,22
0.9151,-0.8600000000000005,0,-0.8600000000000005,,0,0,barnes_group,0.22876263906558356,0,0.2228,26,7,,1736,0,0,3072,23
1.052,-0.7900000000000005,0,-0.7900000000000005,,0,0,barnes_group,0.057676183680693306,0,0.2217,28,7,,1736,0,0,3200,24
0.9807,-0.8000000000000005,0,-0.8000000000000005,,0,0,barnes_group,0.061344217509031296,0,0.2206,37,7,,1736,0,0,3328,25
0.973,-0.7700000000000005,0,-0.7700000000000005,,0,0,barnes_group,0.10607759654521942,0,0.2195,32,7,,1736,0,0,3456,26
0.961,-0.7600000000000005,0,-0.7600000000000005,,0,0,barnes_group,0.1539046329756578,0,0.2184,28,7,,1736,0,0,3584,27
1.0334,-0.8900000000000006,0,-0.8900000000000006,,0,0,barnes_group,0.14219600955645242,0,0.2173,35,7,,1736,0,0,3712,28
1.0701,-0.9900000000000007,0,-0.9900000000000007,,0,0,barnes_group,0.028054119398196537,0,0.2162,29,7,,1736,0,0,3840,29
1.0569,-0.8700000000000006,0,-0.8700000000000006,,0,0,barnes_group,0.09376623729864757,0,0.2151,31,7,,1736,0,0,3968,30
1.1452,-0.9200000000000006,0,-0.9200000000000006,,0,0,barnes_group,0.03683996573090553,0,0.214,32,7,,1736,0,0,4096,31
1.2521,-0.8400000000000004,0,-0.8400000000000004,,0,0,barnes_group,0.06609487036863963,0,0.213,37,7,,1736,0,0,4224,32
1.2095,-0.9300000000000006,0,-0.9300000000000006,,0,0,barnes_group,0.01086421807607015,0,0.2119,27,7,,1736,0,0,4352,33
1.0819,-0.8100000000000005,0,-0.8100000000000005,,0,0,barnes_group,0.0325975256661574,0,0.2108,30,7,,1736,0,0,4480,34
1.1384,-1.2000000000000006,0,-1.2000000000000006,,0,0,barnes_group,0.034436505287885666,0,0.2098,22,7,,1736,0,0,4608,35
1.0297,-0.9900000000000007,0,-0.9900000000000007,,0,0,barnes_group,0.06751949340105057,0,0.2087,24,7,,1736,0,0,4736,36
0.9032,-0.7900000000000005,0,-0.7900000000000005,,0,0,barnes_group,0.0833037110666434,0,0.2077,23,7,,1736,0,0,4864,37
0.8687,-0.7900000000000005,0,-0.7900000000000005,,0,0,barnes_group,0.08518480012814204,0,0.2066,32,7,,1736,0,0,4992,38
0.775,-0.8100000000000005,0,-0.8100000000000005,,0,0,barnes_group,0.1478003611167272,0,0.2056,28,7,,1736,0,0,5120,39
0.9734,-1.0400000000000007,0,-1.0400000000000007,,0,0,barnes_group,0.24600840111573538,0,0.2046,33,7,,1736,0,0,5248,40
0.8141,-1.0600000000000005,0,-1.0600000000000005,,0,0,barnes_group,0.06647862990697224,0,0.2036,18,7,,1736,0,0,5376,41
0.8997,-1.280000000000001,0,-1.280000000000001,,0,0,barnes_group,0.07834942017992337,0,0.2025,22,7,,1736,0,0,5504,42
0.9096,-1.280000000000001,0,-1.280000000000001,,0,0,barnes_group,0.14861743648846945,0,0.2015,28,7,,1736,0,0,5632,43
0.9563,-1.2800000000000007,0,-1.2800000000000007,,0,0,barnes_group,0.1324511021375656,0,0.2005,22,7,,1736,0,0,5760,44
0.8487,-0.9300000000000005,0,-0.9300000000000005,,0,0,barnes_group,0.07521964485446613,0,0.1995,26,7,,1736,0,0,5888,45
0.8021,-0.9300000000000006,0,-0.9300000000000006,,0,0,barnes_group,0.2274855226278305,0,0.1985,24,7,,1736,0,0,6016,46
0.7493,-0.9400000000000006,0,-0.9400000000000006,,0,0,barnes_group,0.20060200740893683,0,0.1975,23,7,,1736,0,0,6144,47
0.8394,-0.8900000000000006,0,-0.8900000000000006,,0,0,barnes_group,0.06467451900243759,0,0.1965,31,7,,1736,0,0,6272,48
1.1471,-1.300000000000001,0,-1.300000000000001,,0,0,barnes_group,0.095012662311395,0,0.1956,30,7,,1736,0,0,6400,49
0.9036,-1.4900000000000009,0,-1.4900000000000009,,0,0,barnes_group,0.06431395436326663,0,0.1946,17,7,,1736,0,0,6528,50
1.0017,-1.5400000000000011,0,-1.5400000000000011,,0,0,barnes_group,0.07557210698723793,0,0.1936,31,7,,1736,0,0,6656,51
0.9065,-1.7000000000000013,0,-1.7000000000000013,,0,0,barnes_group,0.06345072264472644,0,0.1926,17,7,,1736,0,0,6784,52
1.0548,-1.3700000000000008,0,-1.3700000000000008,,0,0,barnes_group,0.04277510195970535,0,0.1917,23,7,,1736,0,0,6912,53
1.081,-1.0400000000000007,0,-1.0400000000000007,,0,0,barnes_group,0.08953014016151428,0,0.1907,25,7,,1736,0,0,7040,54
1.0923,-1.2500000000000009,0,-1.2500000000000009,,0,0,barnes_group,0.09289999554554622,0,0.1898,25,7,,1736,0,0,7168,55
1.0085,-1.2400000000000009,0,-1.2400000000000009,,0,0,barnes_group,0.016969180355469387,0,0.1888,16,7,,1736,0,0,7296,56
0.8802,-1.1000000000000008,0,-1.1000000000000008,,0,0,barnes_group,0.07992221415042877,0,0.1879,26,7,,1736,0,0,7424,57
0.9624,-1.1800000000000008,0,-1.1800000000000008,,0,0,barnes_group,0.051346701880296074,0,0.1869,20,7,,1736,0,0,7552,58
1.0032,-1.2100000000000009,0,-1.2100000000000009,,0,0,barnes_group,0.15962636967500052,0,0.186,25,7,,1736,0,0,7680,59
0.9303,-1.1000000000000005,0,-1.1000000000000005,,0,0,barnes_group,0.05649184683958689,0,0.1851,24,7,,1736,0,0,7808,60
0.9222,-0.9600000000000005,0,-0.9600000000000005,,0,0,barnes_group,0.07132675995429356,0,0.1841,22,7,,1736,0,0,7936,61
0.7932,-0.9000000000000006,0,-0.9000000000000006,,0,0,barnes_group,0.05120919644832611,0,0.1832,21,7,,1736,0,0,8064,62
0.6801,-0.8500000000000005,0,-0.8500000000000005,,0,0,barnes_group,0.06873422116041183,0,0.1823,19,7,,1736,0,0,8192,63
0.7707,-0.8500000000000005,0,-0.8500000000000005,,0,0,barnes_group,0.12955177575349808,0,0.1814,26,7,,1736,0,0,8320,64
1.105,-1.0600000000000007,0,-1.0600000000000007,,0,0,barnes_group,0.06849385301272075,0,0.1805,26,7,,1736,0,0,8448,65
1.0881,-1.1400000000000008,0,-1.1400000000000008,,0,0,barnes_group,0.07363830506801605,0,0.1796,19,7,,1736,0,0,8576,66
1.011,-0.7400000000000004,0,-0.7400000000000004,,0,0,barnes_group,0.08360111713409424,0,0.1787,25,7,,1736,0,0,8704,67
1.0153,-0.8600000000000005,0,-0.8600000000000005,,0,0,barnes_group,0.09236653273304303,0,0.1778,19,7,,1736,0,0,8832,68
0.927,-0.8900000000000005,0,-0.8900000000000005,,0,0,barnes_group,0.05832470580935478,0,0.1769,23,7,,1736,0,0,8960,69
0.9559,-0.7400000000000004,0,-0.7400000000000004,,0,0,barnes_group,0.07704124227166176,0,0.176,25,7,,1736,0,0,9088,70
1.2024,-1.0000000000000007,0,-1.0000000000000007,,0,0,barnes_group,0.04011408736308416,0,0.1751,27,7,,1736,0,0,9216,71
1.0593,-1.0100000000000007,0,-1.0100000000000007,,0,0,barnes_group,0.10992403328418732,0,0.1743,20,7,,1736,0,0,9344,72
1.164,-1.0600000000000007,0,-1.0600000000000007,,0,0,barnes_group,-0.024398967623710632,0,0.1734,25,7,,1736,0,0,9472,73
0.9849,-0.9000000000000006,0,-0.9000000000000006,,0,0,barnes_group,0.009288373092810312,0,0.1725,17,7,,1736,0,0,9600,74
0.8213,-0.9100000000000006,0,-0.9100000000000006,,0,0,barnes_group,0.055547150472799935,0,0.1717,19,7,,1736,0,0,9728,75
1.1406,-1.2100000000000006,0,-1.2100000000000006,,0,0,barnes_group,0.03854373966654142,0,0.1708,21,7,,1736,0,0,9856,76
1.08,-1.5500000000000012,0,-1.5500000000000012,,0,0,barnes_group,-0.004843090971310933,0,0.1699,21,7,,1736,0,0,9984,77
1.1448,-1.5300000000000011,0,-1.5300000000000011,,0,0,barnes_group,0.06260184571146965,0,0.1691,25,7,,1736,0,0,10112,78
1.0695,-1.550000000000001,0,-1.550000000000001,,0,0,barnes_group,0.010979765405257544,0,0.1683,22,7,,1736,0,0,10240,79
1.0963,-1.6000000000000012,0,-1.6000000000000012,,0,0,barnes_group,-0.0277743103603522,0,0.1674,21,7,,1736,0,0,10368,80
1.1013,-1.5800000000000012,0,-1.5800000000000012,,0,0,barnes_group,0.06193361307183901,0,0.1666,25,7,,1736,0,0,10496,81
0.9762,-1.6600000000000013,0,-1.6600000000000013,,0,0,barnes_group,0.009442903101444244,0,0.1657,17,7,,1736,0,0,10624,82
1.0405,-1.470000000000001,0,-1.470000000000001,,0,0,barnes_group,0.025020526101191837,0,0.1649,18,7,,1736,0,0,10752,83
1.0413,-1.450000000000001,0,-1.450000000000001,,0,0,barnes_group,-0.024279994890093803,0,0.1641,13,7,,1736,0,0,10880,84
1.2603,-1.2000000000000006,0,-1.2000000000000006,,0,0,barnes_group,-0.046103871117035546,0,0.1633,24,7,,1736,0,0,11008,85
1.1813,-1.0700000000000007,0,-1.0700000000000007,,0,0,barnes_group,-0.04496500765283903,0,0.1625,17,7,,1736,0,0,11136,86
1.0534,-0.7800000000000005,0,-0.7800000000000005,,0,0,barnes_group,-0.012729933485388756,0,0.1616,23,7,,1736,0,0,11264,87
0.9536,-0.8000000000000005,0,-0.8000000000000005,,0,0,barnes_group,0.019773931552966435,0,0.1608,27,7,,1736,0,0,11392,88
0.9055,-0.8700000000000006,0,-0.8700000000000006,,0,0,barnes_group,0.019168787946303684,0,0.16,28,7,,1736,0,0,11520,89
0.9848,-0.8700000000000006,0,-0.8700000000000006,,0,0,barnes_group,-0.026690529038508732,0,0.1592,17,7,,1736,0,0,11648,90
1.1565,-0.8700000000000006,0,-0.8700000000000006,,0,0,barnes_group,0.05811233321825663,0,0.1584,19,7,,1736,0,0,11776,91
1.0711,-0.9000000000000005,0,-0.9000000000000005,,0,0,barnes_group,-0.007912967974940935,0,0.1576,25,7,,1736,0,0,11904,92
0.9247,-0.7800000000000005,0,-0.7800000000000005,,0,0,barnes_group,0.04472655182083448,0,0.1569,19,7,,1736,0,0,12032,93
0.8828,-0.7500000000000004,0,-0.7500000000000004,,0,0,barnes_group,0.0009888081500927608,0,0.1561,24,7,,1736,0,0,12160,94
0.8747,-0.7800000000000005,0,-0.7800000000000005,,0,0,barnes_group,-0.032436336080233254,0,0.1553,21,7,,1736,0,0,12288,95
0.8548,-0.7700000000000005,0,-0.7700000000000005,,0,0,barnes_group,0.0470992736518383,0,0.1545,25,7,,1736,0,0,12416,96
0.7356,-0.7600000000000005,0,-0.7600000000000005,,0,0,barnes_group,0.2499077320098877,0,0.1537,23,7,,1736,0,0,12544,97
0.8421,-0.7800000000000005,0,-0.7800000000000005,,0,0,barnes_group,-0.01615794748067856,0,0.153,21,7,,1736,0,0,12672,98
0.9,-0.7500000000000004,0,-0.7500000000000004,,0,0,barnes_group,-0.007167074829339981,0,0.1522,12,7,,1736,0,0,12800,99
1.13,-1.2000000000000008,0,-1.2000000000000008,,0,0,barnes_group,0.04750541100899378,0,0.25,27,8,,1737,0,0,128,0
0.7781,-0.7200000000000004,0,-0.7200000000000004,,0,0,barnes_group,0.07553968826929729,0,0.2487,29,8,,1737,0,0,256,1
0.7192,-0.7700000000000005,0,-0.7700000000000005,,0,0,barnes_group,0.027042200788855553,0,0.2475,25,8,,1737,0,0,384,2
0.7513,-0.7800000000000005,0,-0.7800000000000005,,0,0,barnes_group,0.571199357509613,0,0.2463,28,8,,1737,0,0,512,3
0.7458,-0.7600000000000005,0,-0.7600000000000005,,0,0,barnes_group,0.10124517480532329,0,0.245,24,8,,1737,0,0,640,4
0.8319,-0.7700000000000005,0,-0.7700000000000005,,0,0,barnes_group,0.1274899293979009,0,0.2438,36,8,,1737,0,0,768,5
0.8263,-0.7300000000000004,0,-0.7300000000000004,,0,0,barnes_group,0.04012304482360681,0,0.2426,31,8,,1737,0,0,896,6
0.9171,-0.7600000000000005,0,-0.7600000000000005,,0,0,barnes_group,0.08548964808384578,0,0.2414,35,8,,1737,0,0,1024,7
1.0364,-0.8100000000000005,0,-0.8100000000000005,,0,0,barnes_group,-0.012352721144755682,0,0.2402,31,8,,1737,0,0,1152,8
0.9641,-0.7900000000000005,0,-0.7900000000000005,,0,0,barnes_group,-0.011021022374431292,0,0.239,24,8,,1737,0,0,1280,9
1.0984,-0.7900000000000004,0,-0.7900000000000004,,0,0,barnes_group,0.01618405431509018,0,0.2378,26,8,,1737,0,0,1408,10
1.1017,-0.7900000000000005,0,-0.7900000000000005,,0,0,barnes_group,0.011002580324808756,0,0.2366,29,8,,1737,0,0,1536,11
1.2648,-0.7700000000000004,0,-0.7700000000000004,,0,0,barnes_group,0.011589813977479935,0,0.2354,36,8,,1737,0,0,1664,12
1.1963,-0.7100000000000004,0,-0.7100000000000004,,0,0,barnes_group,-0.02602325628201167,0,0.2342,25,8,,1737,0,0,1792,13
1.1355,-0.6700000000000004,0,-0.6700000000000004,,0,0,barnes_group,-0.014544031272331873,0,0.2331,25,8,,1737,0,0,1920,14
1.1227,-0.7000000000000004,0,-0.7000000000000004,,0,0,barnes_group,0.06184489900867144,0,0.2319,33,8,,1737,0,0,2048,15
1.1259,-0.6800000000000004,0,-0.6800000000000004,,0,0,barnes_group,0.004136024663845698,0,0.2307,30,8,,1737,0,0,2176,16
1.1235,-0.6800000000000004,0,-0.6800000000000004,,0,0,barnes_group,0.051356187711159386,0,0.2296,37,8,,1737,0,0,2304,17
1.0902,-0.6600000000000004,0,-0.6600000000000004,,0,0,barnes_group,-0.011671606451272964,0,0.2284,29,8,,1737,0,0,2432,18
1.1317,-0.7100000000000004,0,-0.7100000000000004,,0,0,barnes_group,0.03277475759387016,0,0.2273,33,8,,1737,0,0,2560,19
1.0019,-0.7500000000000004,0,-0.7500000000000004,,0,0,barnes_group,0.0887946051855882,0,0.2262,25,8,,1737,0,0,2688,20
1.0451,-0.7000000000000004,0,-0.7000000000000004,,0,0,barnes_group,0.043814955900112786,0,0.225,22,8,,1737,0,0,2816,21
0.8962,-0.7200000000000004,0,-0.7200000000000004,,0,0,barnes_group,0.022988970081011455,0,0.2239,23,8,,1737,0,0,2944,22
0.9269,-0.8400000000000005,0,-0.8400000000000005,,0,0,barnes_group,-0.006514362990856171,0,0.2228,27,8,,1737,0,0,3072,23
0.9042,-0.8000000000000005,0,-0.8000000000000005,,0,0,barnes_group,0.05446032310525576,0,0.2217,24,8,,1737,0,0,3200,24
1.0012,0.6049999999999998,35,1.2099999999999995,,2,0,barnes_group,0.046342642356952034,4,0.2206,39,8,,1737,2,1,3328,25
0.9488,-0.8200000000000005,0,-0.8200000000000005,,0,0,barnes_group,0.09756312270959218,0,0.2195,33,8,,1737,0,0,3456,26
0.9129,-0.8400000000000005,0,-0.8400000000000005,,0,0,barnes_group,0.022475458681583405,0,0.2184,24,8,,1737,0,0,3584,27
1.0147,-0.8200000000000005,0,-0.8200000000000005,,0,0,barnes_group,0.006932431211074193,0,0.2173,27,8,,1737,0,0,3712,28
0.9142,-0.8500000000000005,0,-0.8500000000000005,,0,0,barnes_group,0.02516417329510053,0,0.2162,25,8,,1737,0,0,3840,29
0.9663,-0.8100000000000005,0,-0.8100000000000005,,0,0,barnes_group,-0.024060799429814022,0,0.2151,28,8,,1737,0,0,3968,30
0.832,-0.8400000000000005,0,-0.8400000000000005,,0,0,barnes_group,-4.8562263449033104e-05,0,0.214,24,8,,1737,0,0,4096,31
0.8914,-0.7900000000000005,0,-0.7900000000000005,,0,0,barnes_group,0.024701643735170364,0,0.213,27,8,,1737,0,0,4224,32
0.8734,-0.7800000000000005,0,-0.7800000000000005,,0,0,barnes_group,0.03445499762892723,0,0.2119,26,8,,1737,0,0,4352,33
0.844,-0.8700000000000006,0,-0.8700000000000006,,0,0,barnes_group,0.008200574666261673,0,0.2108,17,8,,1737,0,0,4480,34
0.9881,-0.7900000000000005,0,-0.7900000000000005,,0,0,barnes_group,0.026231021930774052,0,0.2098,32,8,,1737,0,0,4608,35
0.8638,-0.8400000000000005,0,-0.8400000000000005,,0,0,barnes_group,0.0522142139573892,0,0.2087,25,8,,1737,0,0,4736,36
0.8887,-0.8100000000000005,0,-0.8100000000000005,,0,0,barnes_group,0.09304279585679372,0,0.2077,38,8,,1737,0,0,4864,37
0.8125,-0.8200000000000005,0,-0.8200000000000005,,0,0,barnes_group,0.03881154954433441,0,0.2066,32,8,,1737,0,0,4992,38
0.8689,-0.8100000000000005,0,-0.8100000000000005,,0,0,barnes_group,0.027176809807618458,0,0.2056,25,8,,1737,0,0,5120,39
0.9233,-0.8100000000000005,0,-0.8100000000000005,,0,0,barnes_group,0.03839891900618871,0,0.2046,29,8,,1737,0,0,5248,40
0.8856,-0.8400000000000005,0,-0.8400000000000005,,0,0,barnes_group,0.09496734291315079,0,0.2036,20,8,,1737,0,0,5376,41
0.9464,-0.7800000000000005,0,-0.7800000000000005,,0,0,barnes_group,0.02413786326845487,0,0.2025,26,8,,1737,0,0,5504,42
0.8516,-0.7800000000000005,0,-0.7800000000000005,,0,0,barnes_group,0.05550416683157285,0,0.2015,21,8,,1737,0,0,5632,43
0.9103,-0.7600000000000005,0,-0.7600000000000005,,0,0,barnes_group,0.027989319215218227,0,0.2005,29,8,,1737,0,0,5760,44
0.819,-0.7500000000000004,0,-0.7500000000000004,,0,0,barnes_group,0.06695967415968578,0,0.1995,28,8,,1737,0,0,5888,45
0.8742,-0.7800000000000005,0,-0.7800000000000005,,0,0,barnes_group,0.014482233673334122,0,0.1985,28,8,,1737,0,0,6016,46
0.7241,-0.7600000000000005,0,-0.7600000000000005,,0,0,barnes_group,0.043956030160188675,0,0.1975,22,8,,1737,0,0,6144,47
0.6149,-0.7500000000000004,0,-0.7500000000000004,,0,0,barnes_group,0.02724947656194369,0,0.1965,24,8,,1737,0,0,6272,48
0.5784,-0.7600000000000005,0,-0.7600000000000005,,0,0,barnes_group,0.05603216215968132,0,0.1956,24,8,,1737,0,0,6400,49
0.5441,-0.7500000000000004,0,-0.7500000000000004,,0,0,barnes_group,0.04795917123556137,0,0.1946,25,8,,1737,0,0,6528,50
0.4884,-0.7500000000000004,0,-0.7500000000000004,,0,0,barnes_group,0.09633306662241618,0,0.1936,26,8,,1737,0,0,6656,51
0.4907,-0.7200000000000004,0,-0.7200000000000004,,0,0,barnes_group,0.07970684766769409,0,0.1926,25,8,,1737,0,0,6784,52
0.3917,-0.7600000000000005,0,-0.7600000000000005,,0,0,barnes_group,0.11409825831651688,0,0.1917,24,8,,1737,0,0,6912,53
0.417,-0.7500000000000004,0,-0.7500000000000004,,0,0,barnes_group,0.05194515362381935,0,0.1907,23,8,,1737,0,0,7040,54
0.4964,-0.7900000000000005,0,-0.7900000000000005,,0,0,barnes_group,0.034206319600343704,0,0.1898,31,8,,1737,0,0,7168,55
0.4236,-0.7900000000000005,0,-0.7900000000000005,,0,0,barnes_group,0.08185527225335439,0,0.1888,23,8,,1737,0,0,7296,56
0.4402,-0.7800000000000005,0,-0.7800000000000005,,0,0,barnes_group,0.03075397511323293,0,0.1879,23,8,,1737,0,0,7424,57
0.4887,-0.7800000000000005,0,-0.7800000000000005,,0,0,barnes_group,0.035697356487313904,0,0.1869,27,8,,1737,0,0,7552,58
0.4134,-0.8400000000000005,0,-0.8400000000000005,,0,0,barnes_group,0.030344232295950253,0,0.186,21,8,,1737,0,0,7680,59
0.4496,-0.7900000000000005,0,-0.7900000000000005,,0,0,barnes_group,0.06628819182515144,0,0.1851,24,8,,1737,0,0,7808,60
0.45,-0.7600000000000005,0,-0.7600000000000005,,0,0,barnes_group,0.06898979842662811,0,0.1841,21,8,,1737,0,0,7936,61
0.4668,-0.8100000000000005,0,-0.8100000000000005,,0,0,barnes_group,0.07306818912426631,0,0.1832,20,8,,1737,0,0,8064,62
0.4463,-0.7900000000000005,0,-0.7900000000000005,,0,0,barnes_group,0.02703864562014739,0,0.1823,16,8,,1737,0,0,8192,63
0.6058,-0.8300000000000005,0,-0.8300000000000005,,0,0,barnes_group,0.011025385931134224,0,0.1814,26,8,,1737,0,0,8320,64
0.5416,-0.8100000000000005,0,-0.8100000000000005,,0,0,barnes_group,0.08647515376408894,0,0.1805,18,8,,1737,0,0,8448,65
0.6224,-0.8300000000000005,0,-0.8300000000000005,,0,0,barnes_group,0.060174486289421715,0,0.1796,27,8,,1737,0,0,8576,66
0.6036,-0.8700000000000006,0,-0.8700000000000006,,0,0,barnes_group,0.13527798155943552,0,0.1787,26,8,,1737,0,0,8704,67
0.6508,-0.8800000000000006,0,-0.8800000000000006,,0,0,barnes_group,0.01604047417640686,0,0.1778,21,8,,1737,0,0,8832,68
0.7318,-0.8800000000000006,0,-0.8800000000000006,,0,0,barnes_group,0.01877569096783797,0,0.1769,20,8,,1737,0,0,8960,69
0.7908,-0.8400000000000005,0,-0.8400000000000005,,0,0,barnes_group,0.058098054180542626,0,0.176,23,8,,1737,0,0,9088,70
0.7845,-0.8500000000000005,0,-0.8500000000000005,,0,0,barnes_group,0.024450110892454784,0,0.1751,17,8,,1737,0,0,9216,71
0.9046,-0.8100000000000005,0,-0.8100000000000005,,0,0,barnes_group,-0.01005070780714353,0,0.1743,26,8,,1737,0,0,9344,72
0.9503,-0.8200000000000005,0,-0.8200000000000005,,0,0,barnes_group,-0.00013479714592297873,0,0.1734,23,8,,1737,0,0,9472,73
0.9812,-0.8100000000000005,0,-0.8100000000000005,,0,0,barnes_group,0.00341773529847463,0,0.1725,25,8,,1737,0,0,9600,74
1.0308,-0.8800000000000006,0,-0.8800000000000006,,0,0,barnes_group,-0.020320767536759377,0,0.1717,24,8,,1737,0,0,9728,75
1.0955,-0.8700000000000006,0,-0.8700000000000006,,0,0,barnes_group,-0.010100841522216797,0,0.1708,31,8,,1737,0,0,9856,76
1.1145,-0.8100000000000005,0,-0.8100000000000005,,0,0,barnes_group,-0.018808791413903236,0,0.1699,21,8,,1737,0,0,9984,77
0.9783,-0.7600000000000005,0,-0.7600000000000005,,0,0,barnes_group,-0.02549838274717331,0,0.1691,17,8,,1737,0,0,10112,78
0.9737,-0.7900000000000005,0,-0.7900000000000005,,0,0,barnes_group,-0.014411451915899912,0,0.1683,22,8,,1737,0,0,10240,79
0.9295,-0.8400000000000005,0,-0.8400000000000005,,0,0,barnes_group,-0.03079135778049628,0,0.1674,17,8,,1737,0,0,10368,80
1.0012,-0.7800000000000005,0,-0.7800000000000005,,0,0,barnes_group,-0.027518794561425846,0,0.1666,20,8,,1737,0,0,10496,81
0.9825,-0.7500000000000004,0,-0.7500000000000004,,0,0,barnes_group,0.025339818249146145,0,0.1657,21,8,,1737,0,0,10624,82
0.9574,-0.7500000000000004,0,-0.7500000000000004,,0,0,barnes_group,-0.020288418978452682,0,0.1649,9,8,,1737,0,0,10752,83
1.1188,0.21999999999999958,35,0.21999999999999958,,1,0,barnes_group,-0.014588465914130211,1,0.1641,25,8,,1737,1,1,10880,84
1.1979,0.22999999999999957,35,0.22999999999999957,,1,0,barnes_group,0.06674075499176979,2,0.1633,27,8,,1737,1,1,11008,85
1.1847,-0.7800000000000005,0,-0.7800000000000005,,0,0,barnes_group,-0.045724584410587944,0,0.1625,15,8,,1737,0,0,11136,86
1.0786,-0.7600000000000005,0,-0.7600000000000005,,0,0,barnes_group,-0.026248219112555187,0,0.1616,20,8,,1737,0,0,11264,87
1.1097,-0.7200000000000004,0,-0.7200000000000004,,0,0,barnes_group,0.05571362872918447,0,0.1608,25,8,,1737,0,0,11392,88
1.048,-0.7200000000000004,0,-0.7200000000000004,,0,0,barnes_group,0.018777350584665935,0,0.16,18,8,,1737,0,0,11520,89
1.0085,-0.6600000000000004,0,-0.6600000000000004,,0,0,barnes_group,-0.027042050535480183,0,0.1592,20,8,,1737,0,0,11648,90
0.9929,-0.6900000000000004,0,-0.6900000000000004,,0,0,barnes_group,-0.015767749398946762,0,0.1584,16,8,,1737,0,0,11776,91
1.0145,-0.6900000000000004,0,-0.6900000000000004,,0,0,barnes_group,0.01579033335049947,0,0.1576,15,8,,1737,0,0,11904,92
1.0167,-0.6700000000000004,0,-0.6700000000000004,,0,0,barnes_group,-0.02460748826464017,0,0.1569,16,8,,1737,0,0,12032,93
0.8242,-0.6900000000000004,0,-0.6900000000000004,,0,0,barnes_group,-0.003115034972627958,0,0.1561,25,8,,1737,0,0,12160,94
0.7534,-0.6300000000000003,0,-0.6300000000000003,,0,0,barnes_group,0.018389582633972168,0,0.1553,13,8,,1737,0,0,12288,95
0.8007,-0.6400000000000003,0,-0.6400000000000003,,0,0,barnes_group,-0.015437480683128038,0,0.1545,17,8,,1737,0,0,12416,96
0.8382,-0.6300000000000003,0,-0.6300000000000003,,0,0,barnes_group,0.017396342009305954,0,0.1537,17,8,,1737,0,0,12544,97
0.8077,-0.6200000000000003,0,-0.6200000000000003,,0,0,barnes_group,0.07231798271338145,0,0.153,20,8,,1737,0,0,12672,98
0.9341,-0.8200000000000005,0,-0.8200000000000005,,0,0,barnes_group,0.029617334405581158,0,0.1522,15,8,,1737,0,0,12800,99
1.3228,-0.9200000000000006,0,-0.9200000000000006,,0,0,barnes_group,0.06798361738522847,0,0.25,35,9,,1738,0,0,128,0
1.6329,0.10999999999999953,35,0.10999999999999953,,1,0,barnes_group,0.128021240234375,1,0.2487,30,9,,1738,1,1,256,1
1.4351,-0.8400000000000005,0,-0.8400000000000005,,0,0,barnes_group,0.13265658418337503,0,0.2475,35,9,,1738,0,0,384,2
1.2869,-0.7300000000000004,0,-0.7300000000000004,,0,0,barnes_group,0.18615257491668066,0,0.2463,29,9,,1738,0,0,512,3
1.3054,-0.8200000000000005,0,-0.8200000000000005,,0,0,barnes_group,0.27347539241115254,0,0.245,26,9,,1738,0,0,640,4
1.3445,0.03999999999999948,35,0.03999999999999948,,1,0,barnes_group,0.2386440634727478,2,0.2438,33,9,,1738,1,1,768,5
1.477,-1.0700000000000005,0,-1.0700000000000005,,0,0,barnes_group,0.10231420397758484,0,0.2426,38,9,,1738,0,0,896,6
1.5281,-1.3500000000000008,0,-1.3500000000000008,,0,0,barnes_group,0.11651020497083664,0,0.2414,29,9,,1738,0,0,1024,7
1.4784,-1.2700000000000007,0,-1.2700000000000007,,0,0,barnes_group,0.09326183547576268,0,0.2402,35,9,,1738,0,0,1152,8
1.5,-1.3400000000000007,0,-1.3400000000000007,,0,0,barnes_group,0.16393390794595084,0,0.239,35,9,,1738,0,0,1280,9
1.4391,-0.3200000000000008,35,-0.3200000000000008,,1,0,barnes_group,0.08650179704030354,2,0.2378,28,9,,1738,1,1,1408,10
1.5247,0.31999999999999973,35,0.6399999999999995,,2,0,barnes_group,-0.003962164123853047,2,0.2366,27,9,,1738,2,1,1536,11
1.5291,-1.1600000000000008,0,-1.1600000000000008,,0,0,barnes_group,-0.01284053549170494,0,0.2354,34,9,,1738,0,0,1664,12
1.4781,-1.1700000000000006,0,-1.1700000000000006,,0,0,barnes_group,-0.01609191671013832,0,0.2342,25,9,,1738,0,0,1792,13
1.3939,-1.0900000000000007,0,-1.0900000000000007,,0,0,barnes_group,-0.025628037750720978,0,0.2331,22,9,,1738,0,0,1920,14
1.4489,-0.9700000000000005,0,-0.9700000000000005,,0,0,barnes_group,0.02034822106361389,0,0.2319,36,9,,1738,0,0,2048,15
1.2805,-0.8300000000000004,0,-0.8300000000000004,,0,0,barnes_group,-0.009361660728851954,0,0.2307,30,9,,1738,0,0,2176,16
1.4671,-0.9700000000000006,0,-0.9700000000000006,,0,0,barnes_group,-0.00622183084487915,0,0.2296,30,9,,1738,0,0,2304,17
1.6154,-0.05000000000000056,35,-0.05000000000000056,,1,0,barnes_group,-0.007505481441815694,1,0.2284,33,9,,1738,1,1,2432,18
1.5783,-1.2100000000000009,0,-1.2100000000000009,,0,0,barnes_group,0.05065175145864487,0,0.2273,27,9,,1738,0,0,2560,19
1.5153,-1.0400000000000005,0,-1.0400000000000005,,0,0,barnes_group,-0.0013523710270722706,0,0.2262,28,9,,1738,0,0,2688,20
1.5154,-0.9600000000000005,0,-0.9600000000000005,,0,0,barnes_group,0.03644743810097376,0,0.225,35,9,,1738,0,0,2816,21
1.3259,-0.8800000000000006,0,-0.8800000000000006,,0,0,barnes_group,-0.03621726855635643,0,0.2239,25,9,,1738,0,0,2944,22
1.3978,-0.7700000000000005,0,-0.7700000000000005,,0,0,barnes_group,-0.06908983116348584,0,0.2228,22,9,,1738,0,0,3072,23
1.3548,-0.6600000000000004,0,-0.6600000000000004,,0,0,barnes_group,-0.03444496914744377,0,0.2217,28,9,,1738,0,0,3200,24
1.3472,-0.7100000000000004,0,-0.7100000000000004,,0,0,barnes_group,0.05387095361948013,0,0.2206,27,9,,1738,0,0,3328,25
1.2494,-0.7100000000000004,0,-0.7100000000000004,,0,0,barnes_group,-0.007544532418251038,0,0.2195,30,9,,1738,0,0,3456,26
1.3256,-0.7500000000000004,0,-0.7500000000000004,,0,0,barnes_group,0.08738011742631595,0,0.2184,36,9,,1738,0,0,3584,27
1.169,-0.8000000000000005,0,-0.8000000000000005,,0,0,barnes_group,0.05552932247519493,0,0.2173,36,9,,1738,0,0,3712,28
1.2403,-0.7500000000000004,0,-0.7500000000000004,,0,0,barnes_group,0.059562367697556816,0,0.2162,25,9,,1738,0,0,3840,29
1.1919,-0.8100000000000005,0,-0.8100000000000005,,0,0,barnes_group,0.020205819358428318,0,0.2151,22,9,,1738,0,0,3968,30
1.372,-0.8800000000000006,0,-0.8800000000000006,,0,0,barnes_group,0.035747465988000236,0,0.214,33,9,,1738,0,0,4096,31
1.3902,-0.9200000000000006,0,-0.9200000000000006,,0,0,barnes_group,-0.0516706978281339,0,0.213,27,9,,1738,0,0,4224,32
1.3837,-0.9400000000000006,0,-0.9400000000000006,,0,0,barnes_group,-0.01868976280093193,0,0.2119,30,9,,1738,0,0,4352,33
1.409,-0.7700000000000005,0,-0.7700000000000005,,0,0,barnes_group,-0.04103613644838333,0,0.2108,35,9,,1738,0,0,4480,34
1.1213,-0.9300000000000006,0,-0.9300000000000006,,0,0,barnes_group,0.069609930117925,0,0.2098,24,9,,1738,0,0,4608,35
1.0659,-0.9100000000000006,0,-0.9100000000000006,,0,0,barnes_group,-0.003090077390273412,0,0.2087,30,9,,1738,0,0,4736,36
1.0695,-0.9000000000000006,0,-0.9000000000000006,,0,0,barnes_group,-0.01215501626332601,0,0.2077,22,9,,1738,0,0,4864,37
1.1027,-0.8900000000000006,0,-0.8900000000000006,,0,0,barnes_group,-0.03080034628510475,0,0.2066,29,9,,1738,0,0,4992,38
1.2158,-0.8900000000000006,0,-0.8900000000000006,,0,0,barnes_group,-0.039810530841350555,0,0.2056,21,9,,1738,0,0,5120,39
1.3194,0.10999999999999958,35,0.10999999999999958,,1,0,barnes_group,-0.007626502464214961,1,0.2046,25,9,,1738,1,1,5248,40
1.2515,0.03999999999999938,35,0.03999999999999938,,1,0,barnes_group,-0.024702283243338268,1,0.2036,26,9,,1738,1,1,5376,41
1.2567,0.03999999999999948,35,0.03999999999999948,,1,0,barnes_group,0.08597040052215259,1,0.2025,25,9,,1738,1,1,5504,42
1.3428,-1.0700000000000007,0,-1.0700000000000007,,0,0,barnes_group,0.03107418368260066,0,0.2015,25,9,,1738,0,0,5632,43
1.3789,0.8200000000000012,35,4.920000000000007,,6,0,barnes_group,0.09792608643571536,6,0.2005,35,9,,1738,6,1,5760,44
1.2446,-0.05000000000000056,35,-0.05000000000000056,,1,0,barnes_group,0.11816365520159404,1,0.1995,23,9,,1738,1,1,5888,45
1.1517,0.6533333333333337,35,1.960000000000001,,3,0,barnes_group,-0.030282892286777496,4,0.1985,14,9,,1738,3,1,6016,46
1.1964,0.11999999999999945,35,0.11999999999999945,,1,0,barnes_group,-0.016575103004773457,2,0.1975,28,9,,1738,1,1,6144,47
1.2837,0.7525000000000003,35,3.010000000000001,,4,0,barnes_group,-0.02469083418448766,4,0.1965,23,9,,1738,4,1,6272,48
1.3564,0.8666666666666685,35,7.800000000000016,,9,0,barnes_group,-0.005086724956830342,11,0.1956,26,9,,1738,9,1,6400,49
1.2543,0.8650000000000013,35,6.920000000000011,,8,0,barnes_group,-0.0836631606022517,9,0.1946,21,9,,1738,8,1,6528,50
1.2331,0.8400000000000011,35,5.880000000000008,,7,0,barnes_group,-0.013229269534349442,8,0.1936,19,9,,1738,7,1,6656,51
1.1548,0.8585714285714291,35,6.010000000000003,,7,0,barnes_group,0.0569336066643397,9,0.1926,38,9,,1738,7,1,6784,52
1.4279,0.583333333333333,35,1.7499999999999991,,3,0,barnes_group,-0.040032315999269485,3,0.1917,20,9,,1738,3,1,6912,53
1.4367,0.8071428571428593,35,5.650000000000015,,7,0,barnes_group,0.020874408384164173,7,0.1907,28,9,,1738,7,1,7040,54
1.4796,-0.34000000000000097,35,-0.34000000000000097,,1,0,barnes_group,-0.00651729479432106,2,0.1898,34,9,,1738,1,1,7168,55
1.4723,0.5433333333333329,35,1.6299999999999988,,3,0,barnes_group,0.042755539218584694,3,0.1888,28,9,,1738,3,1,7296,56
1.4608,0.6749999999999998,35,2.6999999999999993,,4,0,barnes_group,-0.02557912717262904,6,0.1879,30,9,,1738,4,1,7424,57
1.554,-1.260000000000001,0,-1.260000000000001,,0,0,barnes_group,-0.03698028748234113,0,0.1869,31,9,,1738,0,0,7552,58
1.4792,0.7475000000000004,35,2.9900000000000015,,4,0,barnes_group,-0.015928202619155247,4,0.186,28,9,,1738,4,1,7680,59
1.3982,0.8500000000000012,35,5.950000000000008,,7,0,barnes_group,0.019523755957682926,7,0.1851,26,9,,1738,7,1,7808,60
1.3875,0.910000000000001,35,9.10000000000001,,10,0,barnes_group,-0.012593592827518782,10,0.1841,25,9,,1738,10,1,7936,61
1.4128,0.7600000000000009,35,3.8000000000000047,,5,0,barnes_group,-0.020500445117553074,5,0.1832,21,9,,1738,5,1,8064,62
1.3569,0.8509523809523817,35,5.10571428571429,,6,0,barnes_group,-0.06933055073022842,9,0.1823,26,9,,1738,6,1,8192,63
1.2142,0.6433333333333332,35,1.9299999999999997,,3,0,barnes_group,-0.0010928834478060405,3,0.1814,23,9,,1738,3,1,8320,64
1.3331,0.7100000000000003,35,2.840000000000001,,4,0,barnes_group,0.029184175034364063,4,0.1805,28,9,,1738,4,1,8448,65
1.2817,0.4149999999999997,35,0.8299999999999994,,2,0,barnes_group,0.004349866261084874,2,0.1796,25,9,,1738,2,1,8576,66
1.336,0.6133333333333331,35,1.8399999999999992,,3,0,barnes_group,0.04399935776988665,3,0.1787,29,9,,1738,3,1,8704,67
1.3349,0.813333333333334,35,4.880000000000004,,6,0,barnes_group,-0.016536295413970947,6,0.1778,20,9,,1738,6,1,8832,68
1.3923,0.6299999999999998,35,1.8899999999999995,,3,0,barnes_group,0.0032928908864657083,3,0.1769,17,9,,1738,3,1,8960,69
1.3434,0.5828571428571425,35,1.165714285714285,,2,0,barnes_group,-0.004849520822366078,3,0.176,24,9,,1738,2,1,9088,70
1.2412,0.6633333333333332,35,1.9899999999999998,,3,0,barnes_group,-0.040880611166357994,4,0.1751,17,9,,1738,3,1,9216,71
1.2994,0.8557142857142873,35,5.990000000000011,,7,0,barnes_group,-0.058841350177923836,8,0.1743,23,9,,1738,7,1,9344,72
1.1769,0.8750000000000002,35,7.000000000000002,,8,0,barnes_group,0.017428675045569737,8,0.1734,21,9,,1738,8,1,9472,73
1.1409,0.9215384615384627,35,11.980000000000016,,13,0,barnes_group,-0.023753033330043156,13,0.1725,15,9,,1738,13,1,9600,74
1.1481,0.9000000000000014,35,9.900000000000015,,11,0,barnes_group,-0.06503868599732716,11,0.1717,20,9,,1738,11,1,9728,75
1.1297,0.9269230769230778,35,12.050000000000011,,13,0,barnes_group,-0.04287109772364298,14,0.1708,15,9,,1738,13,1,9856,76
1.1122,0.9206666666666677,35,13.810000000000016,,15,0,barnes_group,-0.028664532427986462,17,0.1699,23,9,,1738,15,1,9984,77
1.0173,0.899000000000002,35,8.99000000000002,,10,0,barnes_group,-0.0265431081255277,10,0.1691,17,9,,1738,10,1,10112,78
1.0102,0.8020000000000023,35,4.010000000000011,,5,0,barnes_group,0.007511253158251445,5,0.1683,18,9,,1738,5,1,10240,79
1.0737,0.9269230769230781,35,12.050000000000015,,13,0,barnes_group,0.00392132190366586,13,0.1674,19,9,,1738,13,1,10368,80
1.0338,0.9421428571428578,35,13.19000000000001,,14,0,barnes_group,-0.006253696357210477,15,0.1666,27,9,,1738,14,1,10496,81
0.8884,0.9471428571428581,35,13.260000000000012,,14,0,barnes_group,0.008292640248934427,15,0.1657,23,9,,1738,14,1,10624,82
0.9364,0.9652941176470586,35,16.409999999999997,,17,0,barnes_group,-0.0021976480881373086,18,0.1649,24,9,,1738,17,1,10752,83
0.8933,0.9529411764705891,35,16.200000000000014,,17,0,barnes_group,-0.023553745200236637,17,0.1641,23,9,,1738,17,1,10880,84
0.9779,0.9428571428571431,35,13.200000000000003,,14,0,barnes_group,0.0358823798596859,16,0.1633,22,9,,1738,14,1,11008,85
1.0136,0.9460000000000007,35,14.19000000000001,,15,0,barnes_group,-0.01987599271039168,15,0.1625,24,9,,1738,15,1,11136,86
0.9018,0.9517647058823533,35,16.180000000000007,,17,0,barnes_group,-0.01691432607670625,19,0.1616,18,9,,1738,17,1,11264,87
0.7916,0.9625,35,19.25,,20,0,barnes_group,-0.03248441374550263,23,0.1608,18,9,,1738,20,1,11392,88
0.7605,0.9769565217391305,35,22.470000000000002,,23,0,barnes_group,-0.015836636846264202,23,0.16,17,9,,1738,23,1,11520,89
0.7479,0.9738095238095238,35,20.45,,21,0,barnes_group,-0.013433909664551416,21,0.1592,15,9,,1738,21,1,11648,90
0.7897,0.9600000000000005,35,14.400000000000007,,15,0,barnes_group,0.08291757727662723,16,0.1584,23,9,,1738,15,1,11776,91
0.7363,0.9618750000000006,35,15.39000000000001,,16,0,barnes_group,0.014204520111282667,16,0.1576,21,9,,1738,16,1,11904,92
0.6975,0.9723809523809525,35,20.42,,21,0,barnes_group,-0.017762515073021252,21,0.1569,15,9,,1738,21,1,12032,93
0.7583,0.9635294117647064,35,16.38000000000001,,17,0,barnes_group,0.04390305963655313,17,0.1561,20,9,,1738,17,1,12160,94
0.6882,0.9812499999999996,35,23.54999999999999,,24,0,barnes_group,0.09969728191693623,24,0.1553,17,9,,1738,24,1,12288,95
0.6665,0.9795652173913038,35,22.529999999999987,,23,0,barnes_group,0.03156204583744208,25,0.1545,15,9,,1738,23,1,12416,96
0.8476,0.9611111111111119,35,17.300000000000015,,18,0,barnes_group,0.012731889883677164,18,0.1537,23,9,,1738,18,1,12544,97
0.8396,0.9437500000000009,35,15.100000000000014,,16,0,barnes_group,0.017903706058859825,17,0.153,17,9,,1738,16,1,12672,98
0.7936,0.9700000000000001,35,23.28,,24,0,barnes_group,0.00147726076344649,26,0.1522,20,9,,1738,24,1,12800,99
,5.997999999999997,,29.989999999999984,,5,0,distressed_assets,5.618721644083659,1,0.25,47,0,,1729,1,0.2,128,0
,3.9371428571428555,,27.559999999999988,,7,0,distressed_assets,3.471205155054728,1,0.2487,43,0,,1729,1,0.14285714285714285,256,1
,20.76499999999999,,83.05999999999996,,4,0,distressed_assets,13.081077893575033,3,0.2475,35,0,,1729,3,0.75,384,2
,14.648888888888896,,131.84000000000006,,9,0,distressed_assets,13.33617909749349,8,0.2463,26,0,,1729,8,0.8888888888888888,512,3
,8.49000000000001,,59.43000000000008,,7,0,distressed_assets,3.8755449453989663,4,0.245,35,0,,1729,4,0.5714285714285714,640,4
,28.616666666666642,,85.84999999999992,,3,0,distressed_assets,17.712932586669922,2,0.2438,18,0,,1729,2,0.6666666666666666,768,5
,22.660999999999994,,226.60999999999996,,10,0,distressed_assets,32.730116526285805,9,0.2426,37,0,,1729,9,0.9,896,6
,13.056249999999993,,104.44999999999995,,8,0,distressed_assets,16.96484438578288,5,0.2414,34,0,,1729,5,0.625,1024,7
,26.550000000000008,,212.40000000000006,,8,0,distressed_assets,25.230202356974285,8,0.2402,33,0,,1729,8,1,1152,8
,24.154166666666683,,289.8500000000002,,12,0,distressed_assets,37.34500376383463,12,0.239,22,0,,1729,12,1,1280,9
,20.935000000000006,,209.35000000000005,,10,0,distressed_assets,27.25793520609538,9,0.2378,23,0,,1729,9,0.9,1408,10
,24.546666666666667,,294.56,,12,0,distressed_assets,34.83556620279948,10,0.2366,31,0,,1729,10,0.8333333333333334,1536,11
,26.55142857142859,,185.86000000000013,,7,0,distressed_assets,29.964738210042317,6,0.2354,26,0,,1729,6,0.8571428571428571,1664,12
,25.943076923076923,,337.26,,13,0,distressed_assets,37.13206990559896,12,0.2342,29,0,,1729,12,0.9230769230769231,1792,13
,25.307272727272736,,278.3800000000001,,11,0,distressed_assets,34.90147908528646,11,0.2331,36,0,,1729,11,1,1920,14
,23.8509090909091,,262.36000000000007,,11,0,distressed_assets,32.18250020345052,11,0.2319,23,0,,1729,11,1,2048,15
,27.836666666666673,,250.53000000000006,,9,0,distressed_assets,34.71151224772135,9,0.2307,29,0,,1729,9,1,2176,16
,28.58500000000001,,343.02000000000015,,12,0,distressed_assets,43.568260192871094,12,0.2296,21,0,,1729,12,1,2304,17
,23.569090909090928,,259.2600000000002,,11,0,distressed_assets,34.56005859375,10,0.2284,28,0,,1729,10,0.9090909090909091,2432,18
,28.456,,426.84,,15,0,distressed_assets,53.738304138183594,15,0.2273,25,0,,1729,15,1,2560,19
,24.909166666666664,,298.90999999999997,,12,0,distressed_assets,36.71628443400065,11,0.2262,25,0,,1729,11,0.9166666666666666,2688,20
,21.84916666666668,,262.19000000000017,,12,0,distressed_assets,27.136372884114582,11,0.225,36,0,,1729,11,0.9166666666666666,2816,21
,24.86384615384616,,323.2300000000001,,13,0,distressed_assets,37.85572942097982,13,0.2239,26,0,,1729,13,1,2944,22
,19.836428571428577,,277.7100000000001,,14,0,distressed_assets,29.55432383219401,13,0.2228,30,0,,1729,13,0.9285714285714286,3072,23
,22.34176470588236,,379.8100000000001,,17,0,distressed_assets,36.437625885009766,17,0.2217,30,0,,1729,17,1,3200,24
,32.426666666666684,,389.12000000000023,,12,0,distressed_assets,50.59978485107422,12,0.2206,29,0,,1729,12,1,3328,25
,29.698,,445.47,,15,0,distressed_assets,52.342271169026695,14,0.2195,24,0,,1729,14,0.9333333333333333,3456,26
,17.38083333333334,,208.57000000000005,,12,0,distressed_assets,26.23480796813965,10,0.2184,28,0,,1729,10,0.8333333333333334,3584,27
,30.520714285714302,,427.29000000000025,,14,0,distressed_assets,46.63719050089518,14,0.2173,26,0,,1729,14,1,3712,28
,30.522142857142853,,427.30999999999995,,14,0,distressed_assets,55.868849436442055,14,0.2162,23,0,,1729,14,1,3840,29
,30.288666666666686,,454.33000000000027,,15,0,distressed_assets,50.20287322998047,15,0.2151,26,0,,1729,15,1,3968,30
,29.435000000000034,,412.0900000000005,,14,0,distressed_assets,51.03278350830078,14,0.214,18,0,,1729,14,1,4096,31
,26.5114285714286,,371.16000000000037,,14,0,distressed_assets,51.250387827555336,14,0.213,32,0,,1729,14,1,4224,32
,28.64944444444445,,515.69,,18,0,distressed_assets,57.638997395833336,18,0.2119,24,0,,1729,18,1,4352,33
,23.866666666666678,,358.00000000000017,,15,0,distressed_assets,29.844606399536133,15,0.2108,30,0,,1729,15,1,4480,34
,26.319230769230778,,342.1500000000001,,13,0,distressed_assets,34.653069814046226,13,0.2098,30,0,,1729,13,1,4608,35
,29.68357142857144,,415.57000000000016,,14,0,distressed_assets,61.08541615804037,14,0.2087,35,0,,1729,14,1,4736,36
,27.078181818181825,,297.86000000000007,,11,0,distressed_assets,39.75957743326823,11,0.2077,27,0,,1729,11,1,4864,37
,31.814545454545467,,349.96000000000015,,11,0,distressed_assets,51.136984507242836,11,0.2066,32,0,,1729,11,1,4992,38
,27.850769230769252,,362.0600000000003,,13,0,distressed_assets,41.1758778889974,13,0.2056,34,0,,1729,13,1,5120,39
,26.817692307692308,,348.63,,13,0,distressed_assets,44.37417984008789,12,0.2046,31,0,,1729,12,0.9230769230769231,5248,40
,23.355454545454567,,256.91000000000025,,11,0,distressed_assets,30.551415761311848,11,0.2036,28,0,,1729,11,1,5376,41
,21.06866666666668,,316.0300000000002,,15,0,distressed_assets,28.88473892211914,14,0.2025,21,0,,1729,14,0.9333333333333333,5504,42
,24.839999999999993,,248.39999999999992,,10,0,distressed_assets,28.517651240030926,10,0.2015,30,0,,1729,10,1,5632,43
,18.723333333333336,,280.85,,15,0,distressed_assets,22.195837020874023,15,0.2005,24,0,,1729,15,1,5760,44
,22.732857142857146,,318.26000000000005,,14,0,distressed_assets,38.60764821370443,14,0.1995,29,0,,1729,14,1,5888,45
,26.332142857142895,,368.65000000000055,,14,0,distressed_assets,44.22616704305013,13,0.1985,25,0,,1729,13,0.9285714285714286,6016,46
,29.78562500000003,,476.5700000000005,,16,0,distressed_assets,65.55182647705078,16,0.1975,26,0,,1729,16,1,6144,47
,26.12615384615386,,339.64000000000016,,13,0,distressed_assets,40.04755528767904,12,0.1965,23,0,,1729,12,0.9230769230769231,6272,48
,31.66153846153848,,411.60000000000025,,13,0,distressed_assets,53.29861323038737,13,0.1956,26,0,,1729,13,1,6400,49
,26.357999999999997,,395.36999999999995,,15,0,distressed_assets,47.57734807332357,15,0.1946,17,0,,1729,15,1,6528,50
,26.049999999999997,,338.65,,13,0,distressed_assets,38.61827850341797,13,0.1936,19,0,,1729,13,1,6656,51
,28.391538461538456,,369.0899999999999,,13,0,distressed_assets,46.043715159098305,13,0.1926,24,0,,1729,13,1,6784,52
,31.76312499999998,,508.2099999999997,,16,0,distressed_assets,67.50083923339844,16,0.1917,22,0,,1729,16,1,6912,53
,26.64461538461539,,346.38000000000005,,13,0,distressed_assets,38.69383748372396,13,0.1907,27,0,,1729,13,1,7040,54
,28.931428571428572,,405.04,,14,0,distressed_assets,53.0965944925944,13,0.1898,26,0,,1729,13,0.9285714285714286,7168,55
,28.704545454545464,,315.7500000000001,,11,0,distressed_assets,33.56861114501953,11,0.1888,23,0,,1729,11,1,7296,56
,21.647692307692314,,281.4200000000001,,13,0,distressed_assets,31.549250920613606,12,0.1879,18,0,,1729,12,0.9230769230769231,7424,57
,28.868124999999996,,461.88999999999993,,16,0,distressed_assets,58.48453267415365,15,0.1869,27,0,,1729,15,0.9375,7552,58
,31.28857142857143,,438.04,,14,0,distressed_assets,58.6448008219401,14,0.186,19,0,,1729,14,1,7680,59
,23.12500000000001,,370.00000000000017,,16,0,distressed_assets,37.652217864990234,16,0.1851,25,0,,1729,16,1,7808,60
,26.170909090909102,,287.8800000000001,,11,0,distressed_assets,35.89486821492513,11,0.1841,21,0,,1729,11,1,7936,61
,26.02533333333333,,390.37999999999994,,15,0,distressed_assets,43.74711608886719,13,0.1832,29,0,,1729,13,0.8666666666666667,8064,62
,26.37333333333333,,316.47999999999996,,12,0,distressed_assets,34.94119135538737,12,0.1823,21,0,,1729,12,1,8192,63
,31.756666666666675,,476.35000000000014,,15,0,distressed_assets,59.82818857828776,15,0.1814,21,0,,1729,15,1,8320,64
,22.896874999999994,,366.3499999999999,,16,0,distressed_assets,37.58180236816406,15,0.1805,23,0,,1729,15,0.9375,8448,65
,27.33533333333333,,410.03,,15,0,distressed_assets,51.57266743977865,14,0.1796,29,0,,1729,14,0.9333333333333333,8576,66
,25.199333333333342,,377.9900000000001,,15,0,distressed_assets,48.75423812866211,15,0.1787,28,0,,1729,15,1,8704,67
,25.141333333333325,,377.1199999999999,,15,0,distressed_assets,47.1396853129069,15,0.1778,13,0,,1729,15,1,8832,68
,29.370000000000015,,323.07000000000016,,11,0,distressed_assets,47.18525314331055,11,0.1769,23,0,,1729,11,1,8960,69
,25.69133333333334,,385.3700000000001,,15,0,distressed_assets,40.95633316040039,15,0.176,19,0,,1729,15,1,9088,70
,22.310833333333335,,267.73,,12,0,distressed_assets,31.04847017923991,12,0.1751,23,0,,1729,12,1,9216,71
,30.53142857142858,,427.4400000000001,,14,0,distressed_assets,54.56999079386393,14,0.1743,28,0,,1729,14,1,9344,72
,24.05066666666666,,360.75999999999993,,15,0,distressed_assets,42.82421366373698,14,0.1734,32,0,,1729,14,0.9333333333333333,9472,73
,28.817499999999985,,345.80999999999983,,12,0,distressed_assets,52.96950022379557,11,0.1725,19,0,,1729,11,0.9166666666666666,9600,74
,25.57692307692308,,332.50000000000006,,13,0,distressed_assets,39.98764165242513,13,0.1717,21,0,,1729,13,1,9728,75
,25.604000000000024,,384.06000000000034,,15,0,distressed_assets,42.69197082519531,15,0.1708,26,0,,1729,15,1,9856,76
,29.42466666666667,,441.37000000000006,,15,0,distressed_assets,54.592376708984375,15,0.1699,18,0,,1729,15,1,9984,77
,29.392857142857157,,411.50000000000017,,14,0,distressed_assets,49.37472661336263,14,0.1691,20,0,,1729,14,1,10112,78
,26.299230769230768,,341.89,,13,0,distressed_assets,36.99786504109701,13,0.1683,26,0,,1729,13,1,10240,79
,28.61181818181819,,314.7300000000001,,11,0,distressed_assets,50.16662851969401,11,0.1674,26,0,,1729,11,1,10368,80
,29.747333333333344,,446.21000000000015,,15,0,distressed_assets,57.082051595052086,15,0.1666,26,0,,1729,15,1,10496,81
,24.938666666666677,,374.08000000000015,,15,0,distressed_assets,39.02714284261068,15,0.1657,19,0,,1729,15,1,10624,82
,25.00214285714285,,350.0299999999999,,14,0,distressed_assets,37.38425064086914,14,0.1649,17,0,,1729,14,1,10752,83
,29.89470588235295,,508.2100000000002,,17,0,distressed_assets,56.20622889200846,17,0.1641,16,0,,1729,17,1,10880,84
,26.886363636363637,,295.75,,11,0,distressed_assets,48.733533223470054,11,0.1633,13,0,,1729,11,1,11008,85
,27.719999999999988,,415.79999999999984,,15,0,distressed_assets,54.366546630859375,14,0.1625,25,0,,1729,14,0.9333333333333333,11136,86
,30.679333333333332,,460.19,,15,0,distressed_assets,54.105875651041664,15,0.1616,26,0,,1729,15,1,11264,87
,25.980000000000025,,337.74000000000035,,13,0,distressed_assets,43.31821823120117,13,0.1608,25,0,,1729,13,1,11392,88
,24.77777777777779,,446.0000000000002,,18,0,distressed_assets,39.52325312296549,17,0.16,21,0,,1729,17,0.9444444444444444,11520,89
,31.37235294117648,,533.3300000000002,,17,0,distressed_assets,61.07024002075195,17,0.1592,27,0,,1729,17,1,11648,90
,29.938823529411767,,508.96000000000004,,17,0,distressed_assets,57.663326263427734,17,0.1584,16,0,,1729,17,1,11776,91
,25.436000000000003,,381.5400000000001,,15,0,distressed_assets,38.955919901529946,15,0.1576,16,0,,1729,15,1,11904,92
,25.85750000000001,,517.1500000000002,,20,0,distressed_assets,56.24015553792318,19,0.1569,25,0,,1729,19,0.95,12032,93
,23.262777777777785,,418.73000000000013,,18,0,distressed_assets,35.927391052246094,18,0.1561,17,0,,1729,18,1,12160,94
,24.860833333333336,,298.33000000000004,,12,0,distressed_assets,31.10524559020996,12,0.1553,31,0,,1729,12,1,12288,95
,31.074,,466.11,,15,0,distressed_assets,58.84121831258138,15,0.1545,24,0,,1729,15,1,12416,96
,30.054117647058842,,510.9200000000003,,17,0,distressed_assets,60.01681264241537,17,0.1537,19,0,,1729,17,1,12544,97
,23.801428571428556,,333.2199999999998,,14,0,distressed_assets,41.974108378092446,13,0.153,16,0,,1729,13,0.9285714285714286,12672,98
,28.183529411764717,,479.1200000000002,,17,0,distressed_assets,52.4673220316569,16,0.1522,12,0,,1729,16,0.9411764705882353,12800,99
,12.291428571428577,,86.04000000000003,,7,0,distressed_assets,21.537986119588215,2,0.25,38,1,,1730,2,0.2857142857142857,128,0
,8.674999999999995,,17.34999999999999,,2,0,distressed_assets,1.953399419784546,1,0.2487,30,1,,1730,1,0.5,256,1
,7.01,,28.04,,4,0,distressed_assets,5.241473197937012,1,0.2475,31,1,,1730,1,0.25,384,2
,12.840000000000012,,51.36000000000005,,4,0,distressed_assets,6.854757150014241,3,0.2463,32,1,,1730,3,0.75,512,3
,18.197999999999997,,90.98999999999998,,5,0,distressed_assets,11.066972732543945,4,0.245,32,1,,1730,4,0.8,640,4
,22.004999999999992,,88.01999999999997,,4,0,distressed_assets,10.148645083109537,4,0.2438,31,1,,1730,4,1,768,5
,19.70499999999999,,157.63999999999993,,8,0,distressed_assets,20.813786188761394,7,0.2426,32,1,,1730,7,0.875,896,6
,20.145000000000003,,40.290000000000006,,2,0,distressed_assets,4.96376895904541,2,0.2414,32,1,,1730,2,1,1024,7
,20.928571428571438,,146.50000000000006,,7,0,distressed_assets,20.923714955647785,5,0.2402,30,1,,1730,5,0.7142857142857143,1152,8
,19.655714285714282,,137.58999999999997,,7,0,distressed_assets,20.005647659301758,5,0.239,40,1,,1730,5,0.7142857142857143,1280,9
,29.187999999999988,,145.93999999999994,,5,0,distressed_assets,20.487131118774414,5,0.2378,33,1,,1730,5,1,1408,10
,22.777999999999988,,227.7799999999999,,10,0,distressed_assets,32.07249450683594,7,0.2366,34,1,,1730,7,0.7,1536,11
,25.007000000000012,,250.0700000000001,,10,0,distressed_assets,32.8230094909668,9,0.2354,31,1,,1730,9,0.9,1664,12
,23.344444444444445,,210.1,,9,0,distressed_assets,24.252150853474934,9,0.2342,30,1,,1730,9,1,1792,13
,29.954285714285703,,419.35999999999984,,14,0,distressed_assets,50.806617736816406,14,0.2331,29,1,,1730,14,1,1920,14
,34.275714285714294,,239.93000000000004,,7,0,distressed_assets,44.080963134765625,7,0.2319,37,1,,1730,7,1,2048,15
,31.98076923076924,,415.7500000000001,,13,0,distressed_assets,56.08528137207031,13,0.2307,38,1,,1730,13,1,2176,16
,23.227777777777778,,209.05,,9,0,distressed_assets,29.168555577596027,7,0.2296,31,1,,1730,7,0.7777777777777778,2304,17
,24.56571428571428,,171.95999999999995,,7,0,distressed_assets,20.01096471150716,7,0.2284,39,1,,1730,7,1,2432,18
,36.815833333333366,,441.7900000000004,,12,0,distressed_assets,70.9233907063802,11,0.2273,24,1,,1730,11,0.9166666666666666,2560,19
,24.49749999999999,,293.9699999999999,,12,0,distressed_assets,32.520426432291664,11,0.2262,25,1,,1730,11,0.9166666666666666,2688,20
,24.73357142857144,,346.27000000000015,,14,0,distressed_assets,38.795571645100914,13,0.225,28,1,,1730,13,0.9285714285714286,2816,21
,30.93300000000003,,309.33000000000027,,10,0,distressed_assets,47.74341837565104,10,0.2239,27,1,,1730,10,1,2944,22
,27.04000000000001,,378.5600000000001,,14,0,distressed_assets,37.20892206827799,14,0.2228,24,1,,1730,14,1,3072,23
,22.85769230769231,,297.15000000000003,,13,0,distressed_assets,33.9029655456543,11,0.2217,26,1,,1730,11,0.8461538461538461,3200,24
,28.05400000000002,,420.8100000000003,,15,0,distressed_assets,52.347161610921226,15,0.2206,18,1,,1730,15,1,3328,25
,23.032142857142865,,322.4500000000001,,14,0,distressed_assets,32.799068450927734,13,0.2195,31,1,,1730,13,0.9285714285714286,3456,26
,28.599,,285.99,,10,0,distressed_assets,38.92724355061849,10,0.2184,40,1,,1730,10,1,3584,27
,27.20076923076925,,353.61000000000024,,13,0,distressed_assets,48.7296028137207,13,0.2173,35,1,,1730,13,1,3712,28
,24.609285714285715,,344.53000000000003,,14,0,distressed_assets,39.445794423421226,14,0.2162,22,1,,1730,14,1,3840,29
,26.860000000000003,,295.46000000000004,,11,0,distressed_assets,33.267765045166016,11,0.2151,28,1,,1730,11,1,3968,30
,28.749999999999996,,344.99999999999994,,12,0,distressed_assets,39.42729187011719,12,0.214,27,1,,1730,12,1,4096,31
,28.964,,434.46,,15,0,distressed_assets,46.05625915527344,15,0.213,19,1,,1730,15,1,4224,32
,26.462307692307704,,344.01000000000016,,13,0,distressed_assets,35.5562858581543,13,0.2119,31,1,,1730,13,1,4352,33
,22.21076923076923,,288.74,,13,0,distressed_assets,26.612449645996094,12,0.2108,29,1,,1730,12,0.9230769230769231,4480,34
,29.524545454545446,,324.7699999999999,,11,0,distressed_assets,43.31355667114258,11,0.2098,28,1,,1730,11,1,4608,35
,22.021428571428572,,308.3,,14,0,distressed_assets,37.41751352945963,13,0.2087,19,1,,1730,13,0.9285714285714286,4736,36
,21.45437499999999,,343.26999999999987,,16,0,distressed_assets,28.25806490580241,16,0.2077,28,1,,1730,16,1,4864,37
,29.929999999999993,,329.2299999999999,,11,0,distressed_assets,48.88723119099935,11,0.2066,22,1,,1730,11,1,4992,38
,27.504285714285707,,385.0599999999999,,14,0,distressed_assets,49.553881327311196,14,0.2056,24,1,,1730,14,1,5120,39
,29.158571428571406,,408.2199999999997,,14,0,distressed_assets,56.23639933268229,14,0.2046,24,1,,1730,14,1,5248,40
,22.258666666666663,,333.87999999999994,,15,0,distressed_assets,28.67399024963379,15,0.2036,22,1,,1730,15,1,5376,41
,23.76249999999999,,285.14999999999986,,12,0,distressed_assets,38.39354960123698,10,0.2025,31,1,,1730,10,0.8333333333333334,5504,42
,33.41583333333332,,400.9899999999998,,12,0,distressed_assets,61.02849197387695,11,0.2015,29,1,,1730,11,0.9166666666666666,5632,43
,24.043636363636356,,264.4799999999999,,11,0,distressed_assets,35.91012446085612,10,0.2005,27,1,,1730,10,0.9090909090909091,5760,44
,23.691428571428556,,331.6799999999998,,14,0,distressed_assets,39.502020517985024,13,0.1995,26,1,,1730,13,0.9285714285714286,5888,45
,19.39333333333333,,232.71999999999997,,12,0,distressed_assets,19.205732345581055,11,0.1985,26,1,,1730,11,0.9166666666666666,6016,46
,20.60142857142854,,288.41999999999956,,14,0,distressed_assets,26.07882563273112,13,0.1975,24,1,,1730,13,0.9285714285714286,6144,47
,29.755454545454537,,327.3099999999999,,11,0,distressed_assets,58.217854817708336,10,0.1965,42,1,,1730,10,0.9090909090909091,6272,48
,29.099285714285692,,407.3899999999997,,14,0,distressed_assets,57.14724477132162,13,0.1956,27,1,,1730,13,0.9285714285714286,6400,49
,28.197142857142854,,394.75999999999993,,14,0,distressed_assets,51.71978251139323,13,0.1946,30,1,,1730,13,0.9285714285714286,6528,50
,18.91466666666665,,283.71999999999974,,15,0,distressed_assets,26.996339797973633,15,0.1936,19,1,,1730,15,1,6656,51
,19.668333333333322,,236.01999999999987,,12,0,distressed_assets,31.295745849609375,9,0.1926,28,1,,1730,9,0.75,6784,52
,30.708666666666655,,460.6299999999998,,15,0,distressed_assets,56.94680531819662,15,0.1917,20,1,,1730,15,1,6912,53
,21.649230769230762,,281.4399999999999,,13,0,distressed_assets,28.81942303975423,12,0.1907,26,1,,1730,12,0.9230769230769231,7040,54
,17.739285714285696,,248.34999999999977,,14,0,distressed_assets,26.85840352376302,13,0.1898,28,1,,1730,13,0.9285714285714286,7168,55
,30.08666666666666,,270.7799999999999,,9,0,distressed_assets,40.12090555826823,9,0.1888,24,1,,1730,9,1,7296,56
,24.400769230769225,,317.2099999999999,,13,0,distressed_assets,33.92251714070638,13,0.1879,21,1,,1730,13,1,7424,57
,23.854615384615354,,310.1099999999996,,13,0,distressed_assets,28.91713523864746,13,0.1869,23,1,,1730,13,1,7552,58
,20.970833333333328,,251.64999999999995,,12,0,distressed_assets,27.873204549153645,12,0.186,27,1,,1730,12,1,7680,59
,18.952499999999983,,227.4299999999998,,12,0,distressed_assets,24.212162653605144,11,0.1851,31,1,,1730,11,0.9166666666666666,7808,60
,26.7475,,320.96999999999997,,12,0,distressed_assets,47.152730305989586,11,0.1841,24,1,,1730,11,0.9166666666666666,7936,61
,30.37500000000002,,303.7500000000002,,10,0,distressed_assets,39.47860209147135,10,0.1832,24,1,,1730,10,1,8064,62
,25.025000000000034,,300.3000000000004,,12,0,distressed_assets,37.68051783243815,12,0.1823,21,1,,1730,12,1,8192,63
,22.36363636363636,,245.99999999999994,,11,0,distressed_assets,31.321236928304035,9,0.1814,22,1,,1730,9,0.8181818181818182,8320,64
,32.789,,327.89000000000004,,10,0,distressed_assets,58.499593098958336,10,0.1805,32,1,,1730,10,1,8448,65
,22.52599999999999,,225.2599999999999,,10,0,distressed_assets,29.631824493408203,8,0.1796,21,1,,1730,8,0.8,8576,66
,29.208181818181835,,321.2900000000002,,11,0,distressed_assets,49.47704950968424,11,0.1787,17,1,,1730,11,1,8704,67
,31.413000000000032,,314.13000000000034,,10,0,distressed_assets,52.10290781656901,10,0.1778,25,1,,1730,10,1,8832,68
,32.778749999999974,,262.2299999999998,,8,0,distressed_assets,51.424329121907554,7,0.1769,29,1,,1730,7,0.875,8960,69
,24.64222222222221,,221.7799999999999,,9,0,distressed_assets,30.234947840372723,8,0.176,16,1,,1730,8,0.8888888888888888,9088,70
,33.85499999999998,,203.1299999999999,,6,0,distressed_assets,39.241127014160156,6,0.1751,17,1,,1730,6,1,9216,71
,26.419230769230815,,343.4500000000006,,13,0,distressed_assets,41.90956115722656,13,0.1743,21,1,,1730,13,1,9344,72
,31.252500000000044,,375.03000000000054,,12,0,distressed_assets,55.63011042277018,10,0.1734,20,1,,1730,10,0.8333333333333334,9472,73
,28.74800000000004,,431.2200000000006,,15,0,distressed_assets,53.37042744954427,14,0.1725,25,1,,1730,14,0.9333333333333333,9600,74
,29.35833333333336,,352.3000000000003,,12,0,distressed_assets,46.03521474202474,12,0.1717,29,1,,1730,12,1,9728,75
,24.011249999999976,,192.0899999999998,,8,0,distressed_assets,23.01717185974121,8,0.1708,30,1,,1730,8,1,9856,76
,20.624615384615385,,268.12,,13,0,distressed_assets,28.189520517985027,11,0.1699,25,1,,1730,11,0.8461538461538461,9984,77
,30.84307692307696,,400.9600000000005,,13,0,distressed_assets,54.86480458577474,12,0.1691,18,1,,1730,12,0.9230769230769231,10112,78
,32.932857142857195,,461.06000000000074,,14,0,distressed_assets,68.24373881022136,13,0.1683,26,1,,1730,13,0.9285714285714286,10240,79
,23.179230769230784,,301.3300000000002,,13,0,distressed_assets,33.47098032633463,13,0.1674,17,1,,1730,13,1,10368,80
,28.67833333333333,,344.14,,12,0,distressed_assets,47.94979604085287,11,0.1666,19,1,,1730,11,0.9166666666666666,10496,81
,24.72000000000002,,370.8000000000003,,15,0,distressed_assets,45.21420415242513,15,0.1657,13,1,,1730,15,1,10624,82
,39.346666666666756,,472.1600000000011,,12,0,distressed_assets,85.37687428792317,12,0.1649,15,1,,1730,12,1,10752,83
,29.188999999999986,,291.8899999999999,,10,0,distressed_assets,47.340997060139976,9,0.1641,24,1,,1730,9,0.9,10880,84
,23.359999999999992,,210.23999999999992,,9,0,distressed_assets,20.152960459391277,9,0.1633,20,1,,1730,9,1,11008,85
,24.866999999999997,,248.66999999999996,,10,0,distressed_assets,31.27882957458496,9,0.1625,29,1,,1730,9,0.9,11136,86
,25.906999999999993,,259.06999999999994,,10,0,distressed_assets,40.055432637532554,9,0.1616,24,1,,1730,9,0.9,11264,87
,30.874166666666735,,370.4900000000008,,12,0,distressed_assets,52.52861658732096,11,0.1608,23,1,,1730,11,0.9166666666666666,11392,88
,35.021249999999995,,280.16999999999996,,8,0,distressed_assets,54.623243967692055,8,0.16,17,1,,1730,8,1,11520,89
,30.85166666666665,,185.1099999999999,,6,0,distressed_assets,38.93348821004232,6,0.1592,22,1,,1730,6,1,11648,90
,24.609999999999992,,123.04999999999997,,5,0,distressed_assets,16.991580963134766,4,0.1584,25,1,,1730,4,0.8,11776,91
,36.329230769230804,,472.2800000000004,,13,0,distressed_assets,73.06450907389323,13,0.1576,28,1,,1730,13,1,11904,92
,27.292727272727287,,300.22000000000014,,11,0,distressed_assets,42.71671930948893,10,0.1569,24,1,,1730,10,0.9090909090909091,12032,93
,32.56111111111113,,293.0500000000002,,9,0,distressed_assets,54.01577377319336,8,0.1561,19,1,,1730,8,0.8888888888888888,12160,94
,36.01571428571426,,252.10999999999984,,7,0,distressed_assets,47.445428212483726,7,0.1553,16,1,,1730,7,1,12288,95
,28.692499999999992,,229.53999999999994,,8,0,distressed_assets,31.912364959716797,8,0.1545,22,1,,1730,8,1,12416,96
,30.918749999999996,,247.34999999999997,,8,0,distressed_assets,43.6386464436849,8,0.1537,16,1,,1730,8,1,12544,97
,29.32909090909096,,322.6200000000006,,11,0,distressed_assets,40.834476470947266,11,0.153,22,1,,1730,11,1,12672,98
,24.991666666666646,,149.94999999999987,,6,0,distressed_assets,24.026278177897137,5,0.1522,24,1,,1730,5,0.8333333333333334,12800,99
,4.417777777777777,,39.76,,9,0,distressed_assets,7.437210877736409,1,0.25,29,2,,1731,1,0.1111111111111111,128,0
,6.5575,,52.46,,8,0,distressed_assets,6.567648251851399,2,0.2487,38,2,,1731,2,0.25,256,1
,8.73749999999999,,69.89999999999992,,8,0,distressed_assets,8.456867218017578,3,0.2475,34,2,,1731,3,0.375,384,2
,13.707777777777775,,123.36999999999998,,9,0,distressed_assets,17.506099700927734,3,0.2463,33,2,,1731,3,0.3333333333333333,512,3
,26.484285714285715,,185.39000000000001,,7,0,distressed_assets,25.82854652404785,6,0.245,38,2,,1731,6,0.8571428571428571,640,4
,17.930000000000003,,197.23000000000002,,11,0,distressed_assets,27.00213623046875,7,0.2438,39,2,,1731,7,0.6363636363636364,768,5
,29.43636363636364,,323.80000000000007,,11,0,distressed_assets,50.63378016153971,10,0.2426,32,2,,1731,10,0.9090909090909091,896,6
,31.435000000000002,,314.35,,10,0,distressed_assets,58.666133880615234,8,0.2414,39,2,,1731,8,0.8,1024,7
,18.672857142857147,,130.71000000000004,,7,0,distressed_assets,15.601021448771158,7,0.2402,31,2,,1731,7,1,1152,8
,19.935833333333353,,239.23000000000022,,12,0,distressed_assets,33.692849477132164,8,0.239,31,2,,1731,8,0.6666666666666666,1280,9
,27.11166666666668,,325.34000000000015,,12,0,distressed_assets,39.45779800415039,12,0.2378,35,2,,1731,12,1,1408,10
,19.665384615384614,,255.64999999999998,,13,0,distressed_assets,27.44017791748047,11,0.2366,25,2,,1731,11,0.8461538461538461,1536,11
,28.42153846153845,,369.47999999999985,,13,0,distressed_assets,50.571539560953774,12,0.2354,26,2,,1731,12,0.9230769230769231,1664,12
,33.828571428571436,,473.6000000000001,,14,0,distressed_assets,65.2903315226237,14,0.2342,32,2,,1731,14,1,1792,13
,30.71454545454545,,337.85999999999996,,11,0,distressed_assets,59.21275202433268,11,0.2331,28,2,,1731,11,1,1920,14
,32.75166666666667,,393.0200000000001,,12,0,distressed_assets,57.193625132242836,11,0.2319,26,2,,1731,11,0.9166666666666666,2048,15
,24.025384615384628,,312.33000000000015,,13,0,distressed_assets,34.4124870300293,12,0.2307,27,2,,1731,12,0.9230769230769231,2176,16
,29.69111111111111,,267.21999999999997,,9,0,distressed_assets,39.58165740966797,9,0.2296,25,2,,1731,9,1,2304,17
,31.52166666666668,,378.26000000000016,,12,0,distressed_assets,54.15733973185221,12,0.2284,27,2,,1731,12,1,2432,18
,24.094444444444452,,216.85000000000008,,9,0,distressed_assets,26.28461456298828,9,0.2273,22,2,,1731,9,1,2560,19
,37.98625,,303.89,,8,0,distressed_assets,47.13478469848633,8,0.2262,27,2,,1731,8,1,2688,20
,19.646666666666665,,235.76,,12,0,distressed_assets,29.855910619099934,11,0.225,32,2,,1731,11,0.9166666666666666,2816,21
,30.51071428571429,,427.15000000000003,,14,0,distressed_assets,58.30889892578125,14,0.2239,20,2,,1731,14,1,2944,22
,25.93214285714286,,363.05000000000007,,14,0,distressed_assets,45.79742685953776,13,0.2228,31,2,,1731,13,0.9285714285714286,3072,23
,30.05266666666667,,450.7900000000001,,15,0,distressed_assets,47.72838592529297,15,0.2217,27,2,,1731,15,1,3200,24
,25.59866666666668,,383.9800000000002,,15,0,distressed_assets,44.07439931233724,15,0.2206,27,2,,1731,15,1,3328,25
,33.590769230769226,,436.67999999999995,,13,0,distressed_assets,58.54554748535156,13,0.2195,31,2,,1731,13,1,3456,26
,30.32583333333334,,363.9100000000001,,12,0,distressed_assets,39.367801666259766,12,0.2184,25,2,,1731,12,1,3584,27
,26.779285714285713,,374.90999999999997,,14,0,distressed_assets,48.91376876831055,14,0.2173,30,2,,1731,14,1,3712,28
,29.62857142857143,,414.8,,14,0,distressed_assets,52.515664418538414,13,0.2162,20,2,,1731,13,0.9285714285714286,3840,29
,30.098000000000013,,300.98000000000013,,10,0,distressed_assets,38.89183553059896,10,0.2151,22,2,,1731,10,1,3968,30
,33.15000000000002,,364.6500000000002,,11,0,distressed_assets,49.23211161295573,11,0.214,24,2,,1731,11,1,4096,31
,32.12272727272728,,353.35000000000014,,11,0,distressed_assets,53.46299489339193,11,0.213,25,2,,1731,11,1,4224,32
,33.58333333333334,,302.2500000000001,,9,0,distressed_assets,47.31508127848307,9,0.2119,25,2,,1731,9,1,4352,33
,38.080000000000005,,456.96000000000004,,12,0,distressed_assets,73.1376444498698,11,0.2108,27,2,,1731,11,0.9166666666666666,4480,34
,37.04000000000003,,481.5200000000003,,13,0,distressed_assets,70.20060729980469,13,0.2098,23,2,,1731,13,1,4608,35
,28.699999999999996,,401.79999999999995,,14,0,distressed_assets,44.82289123535156,13,0.2087,23,2,,1731,13,0.9285714285714286,4736,36
,30.076249999999998,,240.60999999999999,,8,0,distressed_assets,37.99843215942383,7,0.2077,21,2,,1731,7,0.875,4864,37
,23.305,,186.44,,8,0,distressed_assets,24.25502077738444,7,0.2066,26,2,,1731,7,0.875,4992,38
,32.30727272727274,,355.38000000000017,,11,0,distressed_assets,50.964881896972656,11,0.2056,22,2,,1731,11,1,5120,39
,32.874166666666675,,394.49000000000007,,12,0,distressed_assets,55.20159657796224,12,0.2046,24,2,,1731,12,1,5248,40
,25.640666666666668,,384.61,,15,0,distressed_assets,39.790592193603516,14,0.2036,20,2,,1731,14,0.9333333333333333,5376,41
,23.294375000000002,,372.71000000000004,,16,0,distressed_assets,37.38190205891927,16,0.2025,30,2,,1731,16,1,5504,42
,28.58923076923077,,371.66,,13,0,distressed_assets,43.28808848063151,13,0.2015,27,2,,1731,13,1,5632,43
,25.040000000000003,,250.40000000000003,,10,0,distressed_assets,28.93353843688965,9,0.2005,23,2,,1731,9,0.9,5760,44
,33.144444444444446,,298.3,,9,0,distressed_assets,50.22901153564453,9,0.1995,29,2,,1731,9,1,5888,45
,28.75500000000001,,345.0600000000001,,12,0,distressed_assets,39.704994201660156,11,0.1985,25,2,,1731,11,0.9166666666666666,6016,46
,31.74928571428572,,444.49000000000007,,14,0,distressed_assets,56.264837900797524,14,0.1975,23,2,,1731,14,1,6144,47
,30.752857142857156,,430.5400000000002,,14,0,distressed_assets,56.08380254109701,14,0.1965,27,2,,1731,14,1,6272,48
,31.046250000000004,,248.37000000000003,,8,0,distressed_assets,35.29401524861654,8,0.1956,25,2,,1731,8,1,6400,49
,35.42615384615385,,460.5400000000001,,13,0,distressed_assets,69.84835306803386,13,0.1946,24,2,,1731,13,1,6528,50
,19.914285714285715,,278.8,,14,0,distressed_assets,24.823902765909832,13,0.1936,35,2,,1731,13,0.9285714285714286,6656,51
,36.92769230769232,,480.0600000000001,,13,0,distressed_assets,80.90976460774739,13,0.1926,19,2,,1731,13,1,6784,52
,28.630833333333328,,343.56999999999994,,12,0,distressed_assets,39.48461786905924,12,0.1917,19,2,,1731,12,1,6912,53
,30.30333333333333,,363.64,,12,0,distressed_assets,52.52493413289388,12,0.1907,26,2,,1731,12,1,7040,54
,31.56923076923077,,410.40000000000003,,13,0,distressed_assets,50.47356669108073,12,0.1898,26,2,,1731,12,0.9230769230769231,7168,55
,31.688000000000002,,475.32000000000005,,15,0,distressed_assets,54.03675842285156,15,0.1888,20,2,,1731,15,1,7296,56
,27.578181818181825,,303.36000000000007,,11,0,distressed_assets,41.72994867960612,11,0.1879,18,2,,1731,11,1,7424,57
,28.38384615384617,,368.99000000000024,,13,0,distressed_assets,54.24251810709635,12,0.1869,21,2,,1731,12,0.9230769230769231,7552,58
,37.28125000000001,,298.25000000000006,,8,0,distressed_assets,49.39224116007487,8,0.186,20,2,,1731,8,1,7680,59
,28.699090909090923,,315.69000000000017,,11,0,distressed_assets,39.29896036783854,11,0.1851,22,2,,1731,11,1,7808,60
,37.226666666666674,,558.4000000000001,,15,0,distressed_assets,78.5049819946289,15,0.1841,22,2,,1731,15,1,7936,61
,28.25923076923077,,367.37,,13,0,distressed_assets,41.840630849202476,13,0.1832,26,2,,1731,13,1,8064,62
,35.26615384615386,,458.4600000000002,,13,0,distressed_assets,66.39917500813802,13,0.1823,21,2,,1731,13,1,8192,63
,30.379166666666666,,364.55,,12,0,distressed_assets,48.751258850097656,11,0.1814,23,2,,1731,11,0.9166666666666666,8320,64
,28.65000000000002,,515.7000000000004,,18,0,distressed_assets,50.291748046875,18,0.1805,22,2,,1731,18,1,8448,65
,32.897647058823544,,559.2600000000002,,17,0,distressed_assets,65.39314778645833,16,0.1796,35,2,,1731,16,0.9411764705882353,8576,66
,32.182142857142864,,450.55000000000007,,14,0,distressed_assets,64.63918050130208,14,0.1787,24,2,,1731,14,1,8704,67
,33.00571428571429,,462.08000000000004,,14,0,distressed_assets,58.74229939778646,14,0.1778,20,2,,1731,14,1,8832,68
,35.627058823529424,,605.6600000000002,,17,0,distressed_assets,74.71188354492188,17,0.1769,24,2,,1731,17,1,8960,69
,33.0923076923077,,430.2000000000001,,13,0,distressed_assets,62.08307774861654,13,0.176,21,2,,1731,13,1,9088,70
,41.05875,,328.47,,8,0,distressed_assets,62.79958470662435,8,0.1751,24,2,,1731,8,1,9216,71
,30.134999999999994,,241.07999999999996,,8,0,distressed_assets,34.12199910481771,8,0.1743,15,2,,1731,8,1,9344,72
,31.55888888888889,,284.03000000000003,,9,0,distressed_assets,46.8806521097819,9,0.1734,21,2,,1731,9,1,9472,73
,32.4323076923077,,421.6200000000001,,13,0,distressed_assets,58.507562001546226,13,0.1725,21,2,,1731,13,1,9600,74
,31.654285714285717,,443.16,,14,0,distressed_assets,56.9816042582194,14,0.1717,22,2,,1731,14,1,9728,75
,26.218235294117648,,445.71,,17,0,distressed_assets,48.67129389444987,17,0.1708,26,2,,1731,17,1,9856,76
,26.69058823529412,,453.74,,17,0,distressed_assets,44.35054397583008,17,0.1699,24,2,,1731,17,1,9984,77
,28.321818181818177,,311.53999999999996,,11,0,distressed_assets,42.052032470703125,10,0.1691,25,2,,1731,10,0.9090909090909091,10112,78
,34.89272727272728,,383.82000000000005,,11,0,distressed_assets,59.195700327555336,11,0.1683,25,2,,1731,11,1,10240,79
,35.07625000000001,,280.61000000000007,,8,0,distressed_assets,44.45698038736979,8,0.1674,21,2,,1731,8,1,10368,80
,39.995,,239.97,,6,0,distressed_assets,46.566009521484375,6,0.1666,18,2,,1731,6,1,10496,81
,37.120000000000005,,371.20000000000005,,10,0,distressed_assets,57.9697519938151,10,0.1657,23,2,,1731,10,1,10624,82
,34.226923076923086,,444.9500000000001,,13,0,distressed_assets,57.82555898030599,13,0.1649,19,2,,1731,13,1,10752,83
,31.296363636363647,,344.2600000000001,,11,0,distressed_assets,42.96677017211914,11,0.1641,22,2,,1731,11,1,10880,84
,23.815384615384623,,309.6000000000001,,13,0,distressed_assets,25.203446706136067,13,0.1633,16,2,,1731,13,1,11008,85
,27.562666666666694,,413.4400000000004,,15,0,distressed_assets,40.84551111857096,15,0.1625,19,2,,1731,15,1,11136,86
,26.10125000000002,,417.62000000000035,,16,0,distressed_assets,44.03070068359375,15,0.1616,21,2,,1731,15,0.9375,11264,87
,30.662222222222212,,275.9599999999999,,9,0,distressed_assets,44.18566640218099,8,0.1608,27,2,,1731,8,0.8888888888888888,11392,88
,33.6718181818182,,370.3900000000002,,11,0,distressed_assets,59.25567499796549,11,0.16,23,2,,1731,11,1,11520,89
,36.400833333333345,,436.8100000000001,,12,0,distressed_assets,61.40580749511719,12,0.1592,26,2,,1731,12,1,11648,90
,31.16100000000001,,311.61000000000007,,10,0,distressed_assets,43.8979123433431,10,0.1584,16,2,,1731,10,1,11776,91
,29.481000000000005,,294.81000000000006,,10,0,distressed_assets,34.966294606526695,10,0.1576,26,2,,1731,10,1,11904,92
,27.95499999999999,,391.3699999999999,,14,0,distressed_assets,45.38810729980469,14,0.1569,24,2,,1731,14,1,12032,93
,33.275000000000006,,399.30000000000007,,12,0,distressed_assets,47.0152219136556,12,0.1561,25,2,,1731,12,1,12160,94
,31.608461538461533,,410.9099999999999,,13,0,distressed_assets,48.235591888427734,13,0.1553,24,2,,1731,13,1,12288,95
,32.84266666666668,,492.6400000000002,,15,0,distressed_assets,63.9329465230306,15,0.1545,19,2,,1731,15,1,12416,96
,24.186153846153857,,314.42000000000013,,13,0,distressed_assets,33.09687423706055,13,0.1537,22,2,,1731,13,1,12544,97
,32.879166666666684,,394.5500000000002,,12,0,distressed_assets,52.38919321695963,12,0.153,19,2,,1731,12,1,12672,98
,36.925,,369.25,,10,0,distressed_assets,64.95843760172527,9,0.1522,24,2,,1731,9,0.9,12800,99
,21.082857142857154,,147.58000000000007,,7,0,distressed_assets,25.150119145711262,7,0.25,37,3,,1732,7,1,128,0
,31.71090909090909,,348.82,,11,0,distressed_assets,60.759412129720054,10,0.2487,36,3,,1732,10,0.9090909090909091,256,1
,23.96833333333336,,287.6200000000003,,12,0,distressed_assets,33.830308278401695,11,0.2475,27,3,,1732,11,0.9166666666666666,384,2
,23.511666666666674,,141.07000000000005,,6,0,distressed_assets,14.33411979675293,6,0.2463,40,3,,1732,6,1,512,3
,42.725000000000016,,170.90000000000006,,4,0,distressed_assets,39.76095072428385,4,0.245,35,3,,1732,4,1,640,4
,31.86222222222224,,286.76000000000016,,9,0,distressed_assets,39.9732551574707,9,0.2438,26,3,,1732,9,1,768,5
,35.28444444444444,,317.55999999999995,,9,0,distressed_assets,56.27365493774414,9,0.2426,25,3,,1732,9,1,896,6
,20.799166666666668,,249.59,,12,0,distressed_assets,24.96810468037923,11,0.2414,26,3,,1732,11,0.9166666666666666,1024,7
,19.90636363636364,,218.97000000000003,,11,0,distressed_assets,24.779965082804363,9,0.2402,28,3,,1732,9,0.8181818181818182,1152,8
,24.05250000000002,,288.6300000000002,,12,0,distressed_assets,40.13454818725586,10,0.239,42,3,,1732,10,0.8333333333333334,1280,9
,36.38545454545454,,400.24,,11,0,distressed_assets,66.0460942586263,11,0.2378,38,3,,1732,11,1,1408,10
,29.441666666666688,,353.30000000000024,,12,0,distressed_assets,46.285247802734375,12,0.2366,25,3,,1732,12,1,1536,11
,21.63400000000001,,216.34000000000012,,10,0,distressed_assets,30.107816060384113,9,0.2354,31,3,,1732,9,0.9,1664,12
,32.176153846153866,,418.29000000000025,,13,0,distressed_assets,59.00184758504232,13,0.2342,27,3,,1732,13,1,1792,13
,26.715454545454556,,293.8700000000001,,11,0,distressed_assets,35.73176066080729,11,0.2331,34,3,,1732,11,1,1920,14
,35.127857142857145,,491.7900000000001,,14,0,distressed_assets,66.94216918945312,14,0.2319,33,3,,1732,14,1,2048,15
,29.366666666666674,,264.30000000000007,,9,0,distressed_assets,32.9638303120931,9,0.2307,35,3,,1732,9,1,2176,16
,31.719166666666684,,380.6300000000002,,12,0,distressed_assets,53.25810114542643,12,0.2296,30,3,,1732,12,1,2304,17
,28.115454545454533,,309.26999999999987,,11,0,distressed_assets,39.8703867594401,10,0.2284,31,3,,1732,10,0.9090909090909091,2432,18
,24.39555555555556,,219.56000000000003,,9,0,distressed_assets,26.742408752441406,9,0.2273,40,3,,1732,9,1,2560,19
,26.538666666666657,,398.07999999999987,,15,0,distressed_assets,48.65817387898763,14,0.2262,22,3,,1732,14,0.9333333333333333,2688,20
,24.641538461538474,,320.34000000000015,,13,0,distressed_assets,44.11784235636393,13,0.225,28,3,,1732,13,1,2816,21
,24.142666666666678,,362.14000000000016,,15,0,distressed_assets,39.50708262125651,14,0.2239,25,3,,1732,14,0.9333333333333333,2944,22
,34.474375,,551.59,,16,0,distressed_assets,70.0508524576823,16,0.2228,35,3,,1732,16,1,3072,23
,30.533636363636365,,335.87,,11,0,distressed_assets,42.683326721191406,11,0.2217,31,3,,1732,11,1,3200,24
,31.317142857142887,,438.4400000000004,,14,0,distressed_assets,55.6767578125,14,0.2206,30,3,,1732,14,1,3328,25
,26.943571428571428,,377.21,,14,0,distressed_assets,39.16450881958008,14,0.2195,28,3,,1732,14,1,3456,26
,29.270769230769226,,380.5199999999999,,13,0,distressed_assets,48.19297790527344,13,0.2184,26,3,,1732,13,1,3584,27
,28.74461538461538,,373.67999999999995,,13,0,distressed_assets,50.75397237141927,13,0.2173,31,3,,1732,13,1,3712,28
,35.032500000000034,,420.3900000000004,,12,0,distressed_assets,60.86872990926107,12,0.2162,26,3,,1732,12,1,3840,29
,26.1523076923077,,339.98000000000013,,13,0,distressed_assets,37.529309590657554,13,0.2151,27,3,,1732,13,1,3968,30
,27.02307692307693,,351.30000000000007,,13,0,distressed_assets,43.52108637491862,13,0.214,31,3,,1732,13,1,4096,31
,27.668,,276.68,,10,0,distressed_assets,36.887917836507164,10,0.213,35,3,,1732,10,1,4224,32
,23.553124999999998,,376.84999999999997,,16,0,distressed_assets,39.78902943929037,16,0.2119,25,3,,1732,16,1,4352,33
,27.643750000000026,,442.3000000000004,,16,0,distressed_assets,50.15652720133463,15,0.2108,39,3,,1732,15,0.9375,4480,34
,28.97583333333333,,347.71,,12,0,distressed_assets,51.49272791544596,12,0.2098,29,3,,1732,12,1,4608,35
,30.43272727272729,,334.7600000000002,,11,0,distressed_assets,40.693154652913414,11,0.2087,28,3,,1732,11,1,4736,36
,21.438666666666666,,321.58,,15,0,distressed_assets,30.955324172973633,14,0.2077,18,3,,1732,14,0.9333333333333333,4864,37
,24.585333333333338,,368.7800000000001,,15,0,distressed_assets,36.47006479899088,14,0.2066,23,3,,1732,14,0.9333333333333333,4992,38
,21.38076923076921,,277.94999999999976,,13,0,distressed_assets,27.135623931884766,12,0.2056,24,3,,1732,12,0.9230769230769231,5120,39
,26.040714285714273,,364.5699999999998,,14,0,distressed_assets,41.2858772277832,13,0.2046,33,3,,1732,13,0.9285714285714286,5248,40
,27.64100000000001,,276.4100000000001,,10,0,distressed_assets,33.4346923828125,10,0.2036,30,3,,1732,10,1,5376,41
,33.887857142857136,,474.42999999999995,,14,0,distressed_assets,70.47635396321614,13,0.2025,24,3,,1732,13,0.9285714285714286,5504,42
,27.81066666666667,,417.16,,15,0,distressed_assets,52.30386098225912,14,0.2015,21,3,,1732,14,0.9333333333333333,5632,43
,31.260714285714293,,437.6500000000001,,14,0,distressed_assets,64.27339426676433,14,0.2005,18,3,,1732,14,1,5760,44
,22.699411764705893,,385.89000000000016,,17,0,distressed_assets,33.976643880208336,16,0.1995,33,3,,1732,16,0.9411764705882353,5888,45
,24.39133333333332,,365.86999999999983,,15,0,distressed_assets,39.36248016357422,13,0.1985,38,3,,1732,13,0.8666666666666667,6016,46
,30.032,,300.32,,10,0,distressed_assets,40.6838010152181,10,0.1975,25,3,,1732,10,1,6144,47
,28.96923076923077,,376.6,,13,0,distressed_assets,47.24079513549805,13,0.1965,30,3,,1732,13,1,6272,48
,30.743571428571435,,430.4100000000001,,14,0,distressed_assets,50.368309020996094,14,0.1956,28,3,,1732,14,1,6400,49
,30.535294117647066,,519.1000000000001,,17,0,distressed_assets,57.83935801188151,17,0.1946,25,3,,1732,17,1,6528,50
,31.614166666666673,,379.37000000000006,,12,0,distressed_assets,51.70065180460612,11,0.1936,21,3,,1732,11,0.9166666666666666,6656,51
,30.440000000000044,,304.40000000000043,,10,0,distressed_assets,48.35539627075195,9,0.1926,19,3,,1732,9,0.9,6784,52
,35.162222222222226,,316.46000000000004,,9,0,distressed_assets,47.55782699584961,8,0.1917,22,3,,1732,8,0.8888888888888888,6912,53
,34.777000000000015,,347.77000000000015,,10,0,distressed_assets,55.28457514444987,10,0.1907,20,3,,1732,10,1,7040,54
,35.223333333333336,,211.34,,6,0,distressed_assets,33.01149113972982,6,0.1898,29,3,,1732,6,1,7168,55
,33.593846153846165,,436.72000000000014,,13,0,distressed_assets,53.68034871419271,13,0.1888,23,3,,1732,13,1,7296,56
,31.04727272727273,,341.52000000000004,,11,0,distressed_assets,39.97380701700846,11,0.1879,27,3,,1732,11,1,7424,57
,31.303749999999997,,250.42999999999998,,8,0,distressed_assets,37.796461741129555,7,0.1869,25,3,,1732,7,0.875,7552,58
,27.316000000000006,,409.74000000000007,,15,0,distressed_assets,40.09931437174479,15,0.186,22,3,,1732,15,1,7680,59
,23.828181818181815,,262.10999999999996,,11,0,distressed_assets,36.832889556884766,10,0.1851,24,3,,1732,10,0.9090909090909091,7808,60
,32.17000000000001,,321.7000000000001,,10,0,distressed_assets,43.736979166666664,9,0.1841,24,3,,1732,9,0.9,7936,61
,30.238181818181825,,332.62000000000006,,11,0,distressed_assets,48.50822194417318,11,0.1832,22,3,,1732,11,1,8064,62
,35.5675,,284.54,,8,0,distressed_assets,49.72396977742513,8,0.1823,23,3,,1732,8,1,8192,63
,36.08066666666665,,541.2099999999998,,15,0,distressed_assets,77.45108795166016,15,0.1814,26,3,,1732,15,1,8320,64
,33.09578947368423,,628.8200000000004,,19,0,distressed_assets,66.81234486897786,19,0.1805,16,3,,1732,19,1,8448,65
,29.187857142857144,,408.63,,14,0,distressed_assets,57.15753046671549,14,0.1796,26,3,,1732,14,1,8576,66
,23.386000000000017,,233.86000000000016,,10,0,distressed_assets,32.694262186686196,8,0.1787,20,3,,1732,8,0.8,8704,67
,26.76916666666666,,321.2299999999999,,12,0,distressed_assets,41.26000086466471,11,0.1778,30,3,,1732,11,0.9166666666666666,8832,68
,27.522307692307688,,357.78999999999996,,13,0,distressed_assets,47.593161265055336,12,0.1769,22,3,,1732,12,0.9230769230769231,8960,69
,28.02153846153847,,364.2800000000001,,13,0,distressed_assets,46.44561640421549,12,0.176,22,3,,1732,12,0.9230769230769231,9088,70
,31.80187500000001,,508.83000000000015,,16,0,distressed_assets,65.73987070719402,16,0.1751,22,3,,1732,16,1,9216,71
,32.70444444444446,,588.6800000000003,,18,0,distressed_assets,68.85711415608723,18,0.1743,16,3,,1732,18,1,9344,72
,23.841250000000016,,381.46000000000026,,16,0,distressed_assets,36.41714986165365,15,0.1734,29,3,,1732,15,0.9375,9472,73
,26.971333333333337,,404.57000000000005,,15,0,distressed_assets,44.567709604899086,14,0.1725,19,3,,1732,14,0.9333333333333333,9600,74
,30.471428571428582,,426.60000000000014,,14,0,distressed_assets,52.96858342488607,13,0.1717,30,3,,1732,13,0.9285714285714286,9728,75
,25.58454545454545,,281.42999999999995,,11,0,distressed_assets,34.33957163492838,11,0.1708,24,3,,1732,11,1,9856,76
,22.00071428571429,,308.0100000000001,,14,0,distressed_assets,24.837890625,14,0.1699,26,3,,1732,14,1,9984,77
,34.6023076923077,,449.83000000000004,,13,0,distressed_assets,59.4475466410319,13,0.1691,21,3,,1732,13,1,10112,78
,28.43800000000001,,426.57000000000016,,15,0,distressed_assets,48.47616449991862,15,0.1683,26,3,,1732,15,1,10240,79
,27.41272727272727,,301.53999999999996,,11,0,distressed_assets,45.246421813964844,10,0.1674,22,3,,1732,10,0.9090909090909091,10368,80
,41.975000000000016,,503.7000000000002,,12,0,distressed_assets,88.71517435709636,12,0.1666,21,3,,1732,12,1,10496,81
,30.86928571428574,,432.17000000000036,,14,0,distressed_assets,56.5053342183431,14,0.1657,25,3,,1732,14,1,10624,82
,32.22090909090911,,354.4300000000002,,11,0,distressed_assets,50.04994328816732,11,0.1649,19,3,,1732,11,1,10752,83
,34.69384615384617,,451.02000000000015,,13,0,distressed_assets,66.34213002522786,13,0.1641,16,3,,1732,13,1,10880,84
,26.275833333333342,,315.3100000000001,,12,0,distressed_assets,37.84720102945963,12,0.1633,25,3,,1732,12,1,11008,85
,33.56142857142858,,469.8600000000001,,14,0,distressed_assets,64.17781829833984,14,0.1625,19,3,,1732,14,1,11136,86
,32.315384615384616,,420.1,,13,0,distressed_assets,56.495155334472656,13,0.1616,18,3,,1732,13,1,11264,87
,23.600000000000023,,354.00000000000034,,15,0,distressed_assets,32.5777219136556,14,0.1608,16,3,,1732,14,0.9333333333333333,11392,88
,30.052307692307707,,390.6800000000002,,13,0,distressed_assets,51.179344177246094,13,0.16,22,3,,1732,13,1,11520,89
,34.27923076923081,,445.63000000000045,,13,0,distressed_assets,58.832166035970054,13,0.1592,16,3,,1732,13,1,11648,90
,36.621538461538485,,476.0800000000003,,13,0,distressed_assets,73.19662221272786,12,0.1584,27,3,,1732,12,0.9230769230769231,11776,91
,36.730909090909094,,404.04,,11,0,distressed_assets,62.689256032307945,11,0.1576,24,3,,1732,11,1,11904,92
,27.50583333333334,,330.07000000000005,,12,0,distressed_assets,35.9764149983724,12,0.1569,20,3,,1732,12,1,12032,93
,33.050769230769255,,429.6600000000003,,13,0,distressed_assets,57.33493296305338,13,0.1561,19,3,,1732,13,1,12160,94
,31.295882352941188,,532.0300000000002,,17,0,distressed_assets,56.49065653483073,17,0.1553,21,3,,1732,17,1,12288,95
,29.437142857142867,,412.1200000000001,,14,0,distressed_assets,43.40166473388672,14,0.1545,20,3,,1732,14,1,12416,96
,29.95166666666667,,539.1300000000001,,18,0,distressed_assets,54.080039978027344,18,0.1537,16,3,,1732,18,1,12544,97
,26.49750000000001,,423.96000000000015,,16,0,distressed_assets,41.16147232055664,16,0.153,16,3,,1732,16,1,12672,98
,25.970833333333335,,311.65000000000003,,12,0,distressed_assets,35.44274139404297,11,0.1522,16,3,,1732,11,0.9166666666666666,12800,99
,28.655000000000044,,57.31000000000009,,2,0,distressed_assets,11.430234909057617,2,0.25,32,4,,1733,2,1,128,0
,17.716666666666647,,106.29999999999988,,6,0,distressed_assets,10.02525266011556,6,0.2487,28,4,,1733,6,1,256,1
,31.725000000000005,,253.80000000000004,,8,0,distressed_assets,44.05215835571289,7,0.2475,36,4,,1733,7,0.875,384,2
,20.748181818181816,,228.23,,11,0,distressed_assets,28.125879923502605,10,0.2463,29,4,,1733,10,0.9090909090909091,512,3
,22.77200000000001,,227.72000000000008,,10,0,distressed_assets,25.01327069600423,9,0.245,27,4,,1733,9,0.9,640,4
,27.779999999999983,,333.3599999999998,,12,0,distressed_assets,36.518609364827476,12,0.2438,30,4,,1733,12,1,768,5
,36.09769230769229,,469.26999999999975,,13,0,distressed_assets,70.58760325113933,13,0.2426,34,4,,1733,13,1,896,6
,24.301333333333325,,364.51999999999987,,15,0,distressed_assets,39.28323745727539,15,0.2414,32,4,,1733,15,1,1024,7
,30.61272727272724,,336.73999999999967,,11,0,distressed_assets,49.48730341593424,11,0.2402,30,4,,1733,11,1,1152,8
,19.54099999999999,,195.40999999999988,,10,0,distressed_assets,20.70403226216634,8,0.239,27,4,,1733,8,0.8,1280,9
,27.45307692307691,,356.8899999999998,,13,0,distressed_assets,48.74742126464844,13,0.2378,26,4,,1733,13,1,1408,10
,24.404000000000003,,244.04000000000005,,10,0,distressed_assets,32.845933278401695,9,0.2366,36,4,,1733,9,0.9,1536,11
,19.839999999999996,,218.23999999999995,,11,0,distressed_assets,26.148579279581707,9,0.2354,45,4,,1733,9,0.8181818181818182,1664,12
,22.068571428571403,,308.95999999999964,,14,0,distressed_assets,34.32385381062826,13,0.2342,32,4,,1733,13,0.9285714285714286,1792,13
,26.678333333333352,,320.1400000000002,,12,0,distressed_assets,40.505167643229164,12,0.2331,27,4,,1733,12,1,1920,14
,27.052499999999984,,324.6299999999998,,12,0,distressed_assets,40.6442019144694,12,0.2319,27,4,,1733,12,1,2048,15
,16.946666666666662,,203.35999999999996,,12,0,distressed_assets,17.74262873331706,10,0.2307,33,4,,1733,10,0.8333333333333334,2176,16
,15.43461538461537,,200.6499999999998,,13,0,distressed_assets,22.813680013020832,11,0.2296,21,4,,1733,11,0.8461538461538461,2304,17
,23.596363636363627,,259.5599999999999,,11,0,distressed_assets,31.352357864379883,10,0.2284,33,4,,1733,10,0.9090909090909091,2432,18
,27.431538461538448,,356.60999999999984,,13,0,distressed_assets,49.26140340169271,13,0.2273,28,4,,1733,13,1,2560,19
,29.26999999999998,,380.5099999999997,,13,0,distressed_assets,54.875909169514976,13,0.2262,30,4,,1733,13,1,2688,20
,21.69545454545454,,238.64999999999998,,11,0,distressed_assets,27.94317690531413,10,0.225,38,4,,1733,10,0.9090909090909091,2816,21
,22.62444444444445,,203.62000000000006,,9,0,distressed_assets,22.370148340861004,8,0.2239,33,4,,1733,8,0.8888888888888888,2944,22
,24.084000000000007,,361.2600000000001,,15,0,distressed_assets,48.81674575805664,15,0.2228,30,4,,1733,15,1,3072,23
,28.337272727272715,,311.70999999999987,,11,0,distressed_assets,38.47019704182943,11,0.2217,26,4,,1733,11,1,3200,24
,29.0975,,349.17,,12,0,distressed_assets,45.625570933024086,12,0.2206,28,4,,1733,12,1,3328,25
,26.786000000000033,,401.7900000000005,,15,0,distressed_assets,50.6313222249349,15,0.2195,30,4,,1733,15,1,3456,26
,22.26833333333334,,267.2200000000001,,12,0,distressed_assets,35.564414978027344,11,0.2184,22,4,,1733,11,0.9166666666666666,3584,27
,17.652500000000014,,211.83000000000015,,12,0,distressed_assets,17.988304773966473,12,0.2173,32,4,,1733,12,1,3712,28
,18.9309090909091,,208.24000000000012,,11,0,distressed_assets,19.08598454793294,10,0.2162,25,4,,1733,10,0.9090909090909091,3840,29
,36.028181818181835,,396.3100000000002,,11,0,distressed_assets,59.354591369628906,11,0.2151,31,4,,1733,11,1,3968,30
,34.850909090909106,,383.3600000000001,,11,0,distressed_assets,62.475992838541664,11,0.214,28,4,,1733,11,1,4096,31
,35.768333333333366,,429.22000000000037,,12,0,distressed_assets,73.31655629475911,12,0.213,26,4,,1733,12,1,4224,32
,29.01384615384619,,377.18000000000046,,13,0,distressed_assets,48.280253092447914,13,0.2119,29,4,,1733,13,1,4352,33
,29.403846153846157,,382.25000000000006,,13,0,distressed_assets,50.44931666056315,13,0.2108,27,4,,1733,13,1,4480,34
,35.953333333333354,,431.4400000000002,,12,0,distressed_assets,67.40313212076823,12,0.2098,31,4,,1733,12,1,4608,35
,25.913636363636375,,285.0500000000001,,11,0,distressed_assets,44.68681844075521,10,0.2087,19,4,,1733,10,0.9090909090909091,4736,36
,22.347499999999997,,268.16999999999996,,12,0,distressed_assets,31.75366719563802,11,0.2077,28,4,,1733,11,0.9166666666666666,4864,37
,31.036363636363635,,341.4,,11,0,distressed_assets,45.69866816202799,11,0.2066,18,4,,1733,11,1,4992,38
,22.36928571428572,,313.1700000000001,,14,0,distressed_assets,35.64112854003906,13,0.2056,16,4,,1733,13,0.9285714285714286,5120,39
,32.99545454545458,,362.95000000000033,,11,0,distressed_assets,56.00921376546224,11,0.2046,21,4,,1733,11,1,5248,40
,23.937500000000018,,287.2500000000002,,12,0,distressed_assets,31.548280715942383,12,0.2036,30,4,,1733,12,1,5376,41
,23.741428571428592,,332.3800000000003,,14,0,distressed_assets,44.93814468383789,11,0.2025,23,4,,1733,11,0.7857142857142857,5504,42
,26.908333333333356,,322.90000000000026,,12,0,distressed_assets,45.049845377604164,10,0.2015,18,4,,1733,10,0.8333333333333334,5632,43
,20.046250000000004,,160.37000000000003,,8,0,distressed_assets,24.9307861328125,6,0.2005,30,4,,1733,6,0.75,5760,44
,24.302857142857164,,340.2400000000003,,14,0,distressed_assets,42.144195556640625,13,0.1995,25,4,,1733,13,0.9285714285714286,5888,45
,26.084166666666693,,313.01000000000033,,12,0,distressed_assets,36.688090006510414,11,0.1985,23,4,,1733,11,0.9166666666666666,6016,46
,24.626363636363646,,270.8900000000001,,11,0,distressed_assets,37.05756632486979,9,0.1975,26,4,,1733,9,0.8181818181818182,6144,47
,24.498181818181834,,269.4800000000002,,11,0,distressed_assets,31.43566068013509,10,0.1965,27,4,,1733,10,0.9090909090909091,6272,48
,20.916923076923087,,271.92000000000013,,13,0,distressed_assets,23.085472742716473,12,0.1956,21,4,,1733,12,0.9230769230769231,6400,49
,23.64307692307695,,307.36000000000035,,13,0,distressed_assets,34.61713790893555,12,0.1946,31,4,,1733,12,0.9230769230769231,6528,50
,28.208333333333357,,338.5000000000003,,12,0,distressed_assets,45.51626332600912,12,0.1936,27,4,,1733,12,1,6656,51
,23.022727272727277,,253.25000000000006,,11,0,distressed_assets,31.699185689290363,10,0.1926,32,4,,1733,10,0.9090909090909091,6784,52
,27.446428571428584,,384.25000000000017,,14,0,distressed_assets,43.297674814860024,14,0.1917,25,4,,1733,14,1,6912,53
,24.24571428571428,,339.4399999999999,,14,0,distressed_assets,45.326988220214844,10,0.1907,19,4,,1733,10,0.7142857142857143,7040,54
,20.513571428571442,,287.19000000000017,,14,0,distressed_assets,26.26026217142741,12,0.1898,21,4,,1733,12,0.8571428571428571,7168,55
,26.528461538461535,,344.86999999999995,,13,0,distressed_assets,41.753865559895836,13,0.1888,27,4,,1733,13,1,7296,56
,26.100769230769245,,339.3100000000002,,13,0,distressed_assets,46.210680643717446,12,0.1879,25,4,,1733,12,0.9230769230769231,7424,57
,24.357333333333347,,365.3600000000002,,15,0,distressed_assets,40.4187978108724,15,0.1869,25,4,,1733,15,1,7552,58
,22.651538461538475,,294.4700000000002,,13,0,distressed_assets,32.820367177327476,13,0.186,22,4,,1733,13,1,7680,59
,30.217272727272725,,332.39,,11,0,distressed_assets,48.98740895589193,11,0.1851,23,4,,1733,11,1,7808,60
,26.672727272727283,,293.4000000000001,,11,0,distressed_assets,36.27587127685547,10,0.1841,23,4,,1733,10,0.9090909090909091,7936,61
,23.42923076923076,,304.57999999999987,,13,0,distressed_assets,35.416552225748696,12,0.1832,15,4,,1733,12,0.9230769230769231,8064,62
,28.75714285714286,,402.6,,14,0,distressed_assets,54.405869801839195,14,0.1823,22,4,,1733,14,1,8192,63
,34.87846153846155,,453.42000000000013,,13,0,distressed_assets,65.55525970458984,13,0.1814,24,4,,1733,13,1,8320,64
,24.111333333333334,,361.67,,15,0,distressed_assets,42.53991572062174,14,0.1805,15,4,,1733,14,0.9333333333333333,8448,65
,24.60500000000001,,344.47000000000014,,14,0,distressed_assets,41.62778981526693,12,0.1796,21,4,,1733,12,0.8571428571428571,8576,66
,25.987692307692296,,337.83999999999986,,13,0,distressed_assets,43.120646158854164,13,0.1787,19,4,,1733,13,1,8704,67
,27.324545454545476,,300.5700000000002,,11,0,distressed_assets,43.093466440836586,9,0.1778,27,4,,1733,9,0.8181818181818182,8832,68
,23.58153846153846,,306.56,,13,0,distressed_assets,45.86170196533203,11,0.1769,25,4,,1733,11,0.8461538461538461,8960,69
,27.225454545454568,,299.48000000000025,,11,0,distressed_assets,48.37554931640625,10,0.176,19,4,,1733,10,0.9090909090909091,9088,70
,19.818461538461545,,257.6400000000001,,13,0,distressed_assets,28.321399052937824,10,0.1751,24,4,,1733,10,0.7692307692307693,9216,71
,31.453846153846193,,408.9000000000005,,13,0,distressed_assets,63.430572509765625,11,0.1743,18,4,,1733,11,0.8461538461538461,9344,72
,29.200769230769268,,379.61000000000047,,13,0,distressed_assets,50.94756571451823,13,0.1734,22,4,,1733,13,1,9472,73
,35.01166666666669,,420.1400000000003,,12,0,distressed_assets,66.62549082438152,12,0.1725,22,4,,1733,12,1,9600,74
,30.459166666666686,,365.5100000000002,,12,0,distressed_assets,58.17934926350912,11,0.1717,22,4,,1733,11,0.9166666666666666,9728,75
,28.46333333333335,,341.5600000000002,,12,0,distressed_assets,39.094974517822266,12,0.1708,18,4,,1733,12,1,9856,76
,26.49454545454547,,291.44000000000017,,11,0,distressed_assets,38.23696772257487,10,0.1699,20,4,,1733,10,0.9090909090909091,9984,77
,26.049090909090918,,286.5400000000001,,11,0,distressed_assets,46.982312520345054,9,0.1691,21,4,,1733,9,0.8181818181818182,10112,78
,29.446428571428584,,412.25000000000017,,14,0,distressed_assets,54.25271860758463,12,0.1683,11,4,,1733,12,0.8571428571428571,10240,79
,23.7890909090909,,261.6799999999999,,11,0,distressed_assets,38.01632436116537,8,0.1674,21,4,,1733,8,0.7272727272727273,10368,80
,29.952999999999985,,299.52999999999986,,10,0,distressed_assets,48.22785313924154,9,0.1666,24,4,,1733,9,0.9,10496,81
,28.84846153846153,,375.0299999999999,,13,0,distressed_assets,56.788795471191406,10,0.1657,27,4,,1733,10,0.7692307692307693,10624,82
,21.549999999999997,,237.04999999999995,,11,0,distressed_assets,37.08805720011393,7,0.1649,19,4,,1733,7,0.6363636363636364,10752,83
,19.886666666666663,,238.63999999999996,,12,0,distressed_assets,27.623345692952473,8,0.1641,25,4,,1733,8,0.6666666666666666,10880,84
,30.048333333333343,,360.5800000000001,,12,0,distressed_assets,55.20643742879232,10,0.1633,21,4,,1733,10,0.8333333333333334,11008,85
,14.854999999999992,,178.2599999999999,,12,0,distressed_assets,21.231517791748047,6,0.1625,18,4,,1733,6,0.5,11136,86
,28.166363636363634,,309.83,,11,0,distressed_assets,39.17614873250326,11,0.1616,24,4,,1733,11,1,11264,87
,26.443333333333317,,317.3199999999998,,12,0,distressed_assets,42.68547566731771,12,0.1608,22,4,,1733,12,1,11392,88
,22.106923076923074,,287.39,,13,0,distressed_assets,36.35057576497396,12,0.16,14,4,,1733,12,0.9230769230769231,11520,89
,28.014999999999983,,392.20999999999975,,14,0,distressed_assets,49.74530156453451,14,0.1592,19,4,,1733,14,1,11648,90
,20.724545454545435,,227.9699999999998,,11,0,distressed_assets,26.39590899149577,10,0.1584,27,4,,1733,10,0.9090909090909091,11776,91
,19.33750000000002,,309.4000000000003,,16,0,distressed_assets,25.49746259053548,16,0.1576,21,4,,1733,16,1,11904,92
,31.790833333333314,,381.4899999999998,,12,0,distressed_assets,57.020538330078125,12,0.1569,22,4,,1733,12,1,12032,93
,25.97692307692307,,337.69999999999993,,13,0,distressed_assets,41.66772588094076,13,0.1561,20,4,,1733,13,1,12160,94
,30.291000000000004,,302.91,,10,0,distressed_assets,46.53376897176107,10,0.1553,26,4,,1733,10,1,12288,95
,20.158571428571424,,282.2199999999999,,14,0,distressed_assets,30.941961924235027,13,0.1545,20,4,,1733,13,0.9285714285714286,12416,96
,24.415833333333325,,292.9899999999999,,12,0,distressed_assets,36.889052073160805,10,0.1537,20,4,,1733,10,0.8333333333333334,12544,97
,31.60285714285711,,442.43999999999954,,14,0,distressed_assets,60.68762715657552,14,0.153,16,4,,1733,14,1,12672,98
,25.79999999999998,,309.59999999999974,,12,0,distressed_assets,37.89480972290039,12,0.1522,16,4,,1733,12,1,12800,99
,-1.889999999999999,,-1.889999999999999,,1,0,distressed_assets,0.355800598859787,1,0.25,33,5,,1734,1,1,128,0
,39.835,,159.34,,4,0,distressed_assets,40.74880599975586,4,0.2487,33,5,,1734,4,1,256,1
,19.04999999999999,,133.34999999999994,,7,0,distressed_assets,24.684815724690754,5,0.2475,37,5,,1734,5,0.7142857142857143,384,2
,16.256666666666664,,97.53999999999999,,6,0,distressed_assets,11.859272003173828,4,0.2463,25,5,,1734,4,0.6666666666666666,512,3
,15.524999999999991,,124.19999999999993,,8,0,distressed_assets,12.424930890401205,5,0.245,27,5,,1734,5,0.625,640,4
,27.172307692307694,,353.24,,13,0,distressed_assets,51.56517028808594,11,0.2438,36,5,,1734,11,0.8461538461538461,768,5
,26.519999999999992,,212.15999999999994,,8,0,distressed_assets,25.348120371500652,8,0.2426,29,5,,1734,8,1,896,6
,34.02000000000001,,102.06000000000003,,3,0,distressed_assets,18.91178321838379,3,0.2414,24,5,,1734,3,1,1024,7
,26.366666666666664,,158.2,,6,0,distressed_assets,23.712749481201172,6,0.2402,32,5,,1734,6,1,1152,8
,23.883999999999997,,238.83999999999997,,10,0,distressed_assets,28.657426198323567,10,0.239,31,5,,1734,10,1,1280,9
,27.02142857142855,,378.2999999999997,,14,0,distressed_assets,45.742478688557945,14,0.2378,25,5,,1734,14,1,1408,10
,29.36333333333334,,352.36000000000007,,12,0,distressed_assets,44.28085072835287,12,0.2366,33,5,,1734,12,1,1536,11
,19.562499999999996,,234.74999999999997,,12,0,distressed_assets,18.85308837890625,12,0.2354,23,5,,1734,12,1,1664,12
,33.55111111111112,,301.9600000000001,,9,0,distressed_assets,58.13073603312174,7,0.2342,23,5,,1734,7,0.7777777777777778,1792,13
,27.446250000000017,,439.14000000000027,,16,0,distressed_assets,44.27081298828125,15,0.2331,23,5,,1734,15,0.9375,1920,14
,26.56500000000001,,318.7800000000001,,12,0,distressed_assets,40.366692860921226,11,0.2319,34,5,,1734,11,0.9166666666666666,2048,15
,27.083846153846142,,352.08999999999986,,13,0,distressed_assets,50.53593826293945,12,0.2307,26,5,,1734,12,0.9230769230769231,2176,16
,32.538,,325.38,,10,0,distressed_assets,55.07611846923828,9,0.2296,28,5,,1734,9,0.9,2304,17
,30.246249999999996,,483.93999999999994,,16,0,distressed_assets,57.993544260660805,16,0.2284,26,5,,1734,16,1,2432,18
,25.65437500000001,,410.47000000000014,,16,0,distressed_assets,35.48627599080404,16,0.2273,25,5,,1734,16,1,2560,19
,22.18714285714285,,310.6199999999999,,14,0,distressed_assets,31.086828231811523,13,0.2262,42,5,,1734,13,0.9285714285714286,2688,20
,22.948461538461537,,298.33,,13,0,distressed_assets,35.43397013346354,12,0.225,29,5,,1734,12,0.9230769230769231,2816,21
,28.185882352941203,,479.1600000000004,,17,0,distressed_assets,60.563377380371094,17,0.2239,33,5,,1734,17,1,2944,22
,28.124000000000013,,421.8600000000002,,15,0,distressed_assets,47.73129018147787,14,0.2228,24,5,,1734,14,0.9333333333333333,3072,23
,23.954999999999988,,287.45999999999987,,12,0,distressed_assets,30.470556894938152,11,0.2217,30,5,,1734,11,0.9166666666666666,3200,24
,32.91399999999998,,493.70999999999975,,15,0,distressed_assets,64.11697387695312,15,0.2206,33,5,,1734,15,1,3328,25
,17.825833333333335,,213.91000000000003,,12,0,distressed_assets,18.650790532430012,11,0.2195,34,5,,1734,11,0.9166666666666666,3456,26
,26.035000000000025,,416.5600000000004,,16,0,distressed_assets,45.19903818766276,16,0.2184,27,5,,1734,16,1,3584,27
,26.014285714285705,,364.1999999999999,,14,0,distressed_assets,40.67159779866537,12,0.2173,22,5,,1734,12,0.8571428571428571,3712,28
,20.591428571428583,,288.28000000000014,,14,0,distressed_assets,32.860252380371094,11,0.2162,33,5,,1734,11,0.7857142857142857,3840,29
,28.255000000000003,,226.04000000000002,,8,0,distressed_assets,30.135813395182293,8,0.2151,25,5,,1734,8,1,3968,30
,30.157692307692304,,392.04999999999995,,13,0,distressed_assets,43.369544982910156,12,0.214,27,5,,1734,12,0.9230769230769231,4096,31
,30.335454545454557,,333.6900000000001,,11,0,distressed_assets,40.87982686360677,11,0.213,34,5,,1734,11,1,4224,32
,28.326666666666657,,339.9199999999999,,12,0,distressed_assets,42.45315806070963,12,0.2119,27,5,,1734,12,1,4352,33
,31.41461538461539,,408.3900000000001,,13,0,distressed_assets,41.9203135172526,13,0.2108,20,5,,1734,13,1,4480,34
,30.910625000000003,,494.57000000000005,,16,0,distressed_assets,60.522098541259766,16,0.2098,21,5,,1734,16,1,4608,35
,23.868571428571425,,334.15999999999997,,14,0,distressed_assets,34.400177001953125,13,0.2087,22,5,,1734,13,0.9285714285714286,4736,36
,25.236842105263168,,479.50000000000017,,19,0,distressed_assets,44.51335525512695,17,0.2077,18,5,,1734,17,0.8947368421052632,4864,37
,29.190625000000004,,467.05000000000007,,16,0,distressed_assets,51.05956522623698,16,0.2066,29,5,,1734,16,1,4992,38
,26.90352941176471,,457.36,,17,0,distressed_assets,50.01183064778646,17,0.2056,17,5,,1734,17,1,5120,39
,29.24133333333334,,438.6200000000001,,15,0,distressed_assets,48.75241724650065,13,0.2046,30,5,,1734,13,0.8666666666666667,5248,40
,22.43769230769231,,291.69,,13,0,distressed_assets,31.810509363810223,13,0.2036,25,5,,1734,13,1,5376,41
,22.203529411764688,,377.4599999999997,,17,0,distressed_assets,35.6666628519694,17,0.2025,30,5,,1734,17,1,5504,42
,31.310666666666656,,469.65999999999985,,15,0,distressed_assets,56.323890686035156,15,0.2015,24,5,,1734,15,1,5632,43
,28.734166666666667,,344.81,,12,0,distressed_assets,52.4185536702474,12,0.2005,36,5,,1734,12,1,5760,44
,35.29333333333334,,529.4000000000001,,15,0,distressed_assets,79.5865987141927,15,0.1995,25,5,,1734,15,1,5888,45
,19.819285714285723,,277.47000000000014,,14,0,distressed_assets,27.84554100036621,11,0.1985,25,5,,1734,11,0.7857142857142857,6016,46
,27.811111111111124,,500.60000000000025,,18,0,distressed_assets,53.55962117513021,16,0.1975,27,5,,1734,16,0.8888888888888888,6144,47
,20.864285714285725,,292.10000000000014,,14,0,distressed_assets,29.14805793762207,13,0.1965,29,5,,1734,13,0.9285714285714286,6272,48
,20.173636363636355,,221.9099999999999,,11,0,distressed_assets,20.276047388712566,10,0.1956,13,5,,1734,10,0.9090909090909091,6400,49
,22.568666666666665,,338.53,,15,0,distressed_assets,30.907357533772785,15,0.1946,25,5,,1734,15,1,6528,50
,20.669166666666662,,248.02999999999994,,12,0,distressed_assets,21.14793586730957,12,0.1936,20,5,,1734,12,1,6656,51
,26.88125,,430.1,,16,0,distressed_assets,39.811292012532554,16,0.1926,17,5,,1734,16,1,6784,52
,27.034375,,432.55,,16,0,distressed_assets,48.56945927937826,14,0.1917,26,5,,1734,14,0.875,6912,53
,32.22384615384614,,418.90999999999985,,13,0,distressed_assets,57.2584114074707,13,0.1907,21,5,,1734,13,1,7040,54
,29.216666666666665,,438.25,,15,0,distressed_assets,49.77656936645508,15,0.1898,21,5,,1734,15,1,7168,55
,23.386666666666674,,350.8000000000001,,15,0,distressed_assets,31.60917599995931,14,0.1888,32,5,,1734,14,0.9333333333333333,7296,56
,31.297692307692316,,406.8700000000001,,13,0,distressed_assets,46.45813242594401,13,0.1879,31,5,,1734,13,1,7424,57
,24.532666666666678,,367.9900000000002,,15,0,distressed_assets,32.34213002522787,15,0.1869,16,5,,1734,15,1,7552,58
,33.84076923076925,,439.9300000000002,,13,0,distressed_assets,56.37596893310547,13,0.186,26,5,,1734,13,1,7680,59
,25.314285714285713,,354.4,,14,0,distressed_assets,34.366021474202476,14,0.1851,18,5,,1734,14,1,7808,60
,19.153,,191.53,,10,0,distressed_assets,25.183493932088215,7,0.1841,25,5,,1734,7,0.7,7936,61
,27.993750000000027,,447.90000000000043,,16,0,distressed_assets,48.406386057535805,16,0.1832,23,5,,1734,16,1,8064,62
,21.313333333333333,,383.64,,18,0,distressed_assets,31.214074452718098,17,0.1823,28,5,,1734,17,0.9444444444444444,8192,63
,21.34636363636365,,469.62000000000035,,22,0,distressed_assets,34.10614267985026,22,0.1814,19,5,,1734,22,1,8320,64
,20.239375000000003,,323.83000000000004,,16,0,distressed_assets,26.611196517944336,16,0.1805,29,5,,1734,16,1,8448,65
,29.345555555555556,,528.22,,18,0,distressed_assets,63.960060119628906,17,0.1796,19,5,,1734,17,0.9444444444444444,8576,66
,24.206000000000007,,363.0900000000001,,15,0,distressed_assets,31.815930048624676,15,0.1787,21,5,,1734,15,1,8704,67
,23.425882352941176,,398.24,,17,0,distressed_assets,33.83827209472656,17,0.1778,16,5,,1734,17,1,8832,68
,24.738888888888884,,445.2999999999999,,18,0,distressed_assets,41.65602238972982,18,0.1769,26,5,,1734,18,1,8960,69
,26.92727272727274,,296.20000000000016,,11,0,distressed_assets,37.94210306803385,10,0.176,22,5,,1734,10,0.9090909090909091,9088,70
,21.17769230769231,,275.31000000000006,,13,0,distressed_assets,29.898822784423828,11,0.1751,18,5,,1734,11,0.8461538461538461,9216,71
,21.990588235294123,,373.8400000000001,,17,0,distressed_assets,29.840070088704426,16,0.1743,19,5,,1734,16,0.9411764705882353,9344,72
,30.20250000000001,,362.4300000000001,,12,0,distressed_assets,44.262132008870445,12,0.1734,30,5,,1734,12,1,9472,73
,24.147333333333354,,362.2100000000003,,15,0,distressed_assets,34.5373649597168,15,0.1725,25,5,,1734,15,1,9600,74
,26.17250000000001,,418.76000000000016,,16,0,distressed_assets,38.85795466105143,16,0.1717,17,5,,1734,16,1,9728,75
,21.30533333333333,,319.5799999999999,,15,0,distressed_assets,33.28799184163412,15,0.1708,30,5,,1734,15,1,9856,76
,26.068888888888907,,469.24000000000035,,18,0,distressed_assets,48.62765121459961,18,0.1699,26,5,,1734,18,1,9984,77
,27.50307692307694,,357.5400000000002,,13,0,distressed_assets,44.279852549235024,13,0.1691,31,5,,1734,13,1,10112,78
,29.757500000000004,,357.09000000000003,,12,0,distressed_assets,41.313218434651695,12,0.1683,20,5,,1734,12,1,10240,79
,34.310666666666684,,514.6600000000003,,15,0,distressed_assets,69.62327067057292,15,0.1674,21,5,,1734,15,1,10368,80
,28.320000000000004,,311.52000000000004,,11,0,distressed_assets,35.10683568318685,11,0.1666,17,5,,1734,11,1,10496,81
,29.780000000000015,,387.1400000000002,,13,0,distressed_assets,43.50236511230469,13,0.1657,21,5,,1734,13,1,10624,82
,28.533333333333335,,513.6,,18,0,distressed_assets,57.82553227742513,18,0.1649,17,5,,1734,18,1,10752,83
,32.020769230769226,,416.2699999999999,,13,0,distressed_assets,50.42459233601888,13,0.1641,22,5,,1734,13,1,10880,84
,25.646875000000016,,410.35000000000025,,16,0,distressed_assets,42.16090393066406,16,0.1633,20,5,,1734,16,1,11008,85
,26.24882352941176,,446.2299999999999,,17,0,distressed_assets,48.406070709228516,17,0.1625,17,5,,1734,17,1,11136,86
,27.540000000000006,,413.1000000000001,,15,0,distressed_assets,40.29231389363607,14,0.1616,29,5,,1734,14,0.9333333333333333,11264,87
,24.441666666666663,,439.94999999999993,,18,0,distressed_assets,41.919413248697914,16,0.1608,26,5,,1734,16,0.8888888888888888,11392,88
,25.41666666666667,,457.5000000000001,,18,0,distressed_assets,41.57937494913737,18,0.16,15,5,,1734,18,1,11520,89
,31.552500000000002,,504.84000000000003,,16,0,distressed_assets,59.66987991333008,15,0.1592,16,5,,1734,15,0.9375,11648,90
,26.439999999999998,,396.59999999999997,,15,0,distressed_assets,39.440895080566406,15,0.1584,26,5,,1734,15,1,11776,91
,32.82400000000001,,328.2400000000001,,10,0,distressed_assets,47.325522104899086,10,0.1576,20,5,,1734,10,1,11904,92
,29.476666666666677,,353.72000000000014,,12,0,distressed_assets,46.14386240641276,12,0.1569,19,5,,1734,12,1,12032,93
,22.94363636363636,,252.38,,11,0,distressed_assets,34.075504302978516,10,0.1561,19,5,,1734,10,0.9090909090909091,12160,94
,29.029090909090897,,319.3199999999999,,11,0,distressed_assets,44.70687739054362,10,0.1553,22,5,,1734,10,0.9090909090909091,12288,95
,29.90615384615385,,388.78000000000003,,13,0,distressed_assets,49.828051249186196,13,0.1545,15,5,,1734,13,1,12416,96
,22.44555555555557,,202.0100000000001,,9,0,distressed_assets,22.41414515177409,9,0.1537,19,5,,1734,9,1,12544,97
,26.66100000000001,,266.61000000000007,,10,0,distressed_assets,33.83123270670573,8,0.153,25,5,,1734,8,0.8,12672,98
,28.55071428571428,,399.7099999999999,,14,0,distressed_assets,49.31911087036133,13,0.1522,22,5,,1734,13,0.9285714285714286,12800,99
,16.79699999999999,,167.9699999999999,,10,0,distressed_assets,21.952215830485027,8,0.25,23,6,,1735,8,0.8,128,0
,18.385,,110.31000000000002,,6,0,distressed_assets,14.733778953552246,4,0.2487,33,6,,1735,4,0.6666666666666666,256,1
,18.139999999999983,,199.5399999999998,,11,0,distressed_assets,24.52246920267741,8,0.2475,28,6,,1735,8,0.7272727272727273,384,2
,22.672222222222214,,204.04999999999993,,9,0,distressed_assets,28.96971829732259,8,0.2463,35,6,,1735,8,0.8888888888888888,512,3
,23.467857142857124,,328.5499999999997,,14,0,distressed_assets,44.5510508219401,12,0.245,33,6,,1735,12,0.8571428571428571,640,4
,21.500909090909087,,236.50999999999996,,11,0,distressed_assets,27.51270802815755,9,0.2438,42,6,,1735,9,0.8181818181818182,768,5
,20.717499999999983,,248.6099999999998,,12,0,distressed_assets,27.79314676920573,12,0.2426,33,6,,1735,12,1,896,6
,32.574999999999996,,325.74999999999994,,10,0,distressed_assets,52.43047078450521,9,0.2414,29,6,,1735,9,0.9,1024,7
,14.604444444444447,,131.44000000000003,,9,0,distressed_assets,12.578602155049643,6,0.2402,34,6,,1735,6,0.6666666666666666,1152,8
,31.895999999999997,,318.96,,10,0,distressed_assets,48.47477467854818,9,0.239,38,6,,1735,9,0.9,1280,9
,36.788,,367.87999999999994,,10,0,distressed_assets,60.311729431152344,10,0.2378,40,6,,1735,10,1,1408,10
,33.846999999999994,,338.46999999999997,,10,0,distressed_assets,62.08842849731445,10,0.2366,26,6,,1735,10,1,1536,11
,29.06400000000001,,290.6400000000001,,10,0,distressed_assets,33.05341593424479,10,0.2354,35,6,,1735,10,1,1664,12
,20.590000000000003,,226.49000000000004,,11,0,distressed_assets,23.894615173339844,11,0.2342,33,6,,1735,11,1,1792,13
,22.676250000000003,,181.41000000000003,,8,0,distressed_assets,22.148804982503254,6,0.2331,31,6,,1735,6,0.75,1920,14
,27.62833333333332,,331.53999999999985,,12,0,distressed_assets,41.563072204589844,12,0.2319,23,6,,1735,12,1,2048,15
,37.115000000000045,,296.92000000000036,,8,0,distressed_assets,45.48950703938802,8,0.2307,26,6,,1735,8,1,2176,16
,22.34571428571428,,156.41999999999996,,7,0,distressed_assets,23.95768102010091,7,0.2296,33,6,,1735,7,1,2304,17
,23.50250000000001,,282.0300000000001,,12,0,distressed_assets,29.544701258341473,12,0.2284,25,6,,1735,12,1,2432,18
,29.734166666666663,,356.80999999999995,,12,0,distressed_assets,49.73572794596354,12,0.2273,31,6,,1735,12,1,2560,19
,11.738571428571419,,82.16999999999993,,7,0,distressed_assets,6.630747318267822,7,0.2262,25,6,,1735,7,1,2688,20
,26.320999999999998,,263.21,,10,0,distressed_assets,30.26504071553548,10,0.225,29,6,,1735,10,1,2816,21
,21.63642857142859,,302.91000000000025,,14,0,distressed_assets,29.437650680541992,13,0.2239,32,6,,1735,13,0.9285714285714286,2944,22
,27.534999999999997,,275.34999999999997,,10,0,distressed_assets,40.924669901529946,10,0.2228,37,6,,1735,10,1,3072,23
,33.63799999999999,,336.3799999999999,,10,0,distressed_assets,50.560340881347656,10,0.2217,23,6,,1735,10,1,3200,24
,24.637999999999998,,246.38,,10,0,distressed_assets,33.056688944498696,9,0.2206,35,6,,1735,9,0.9,3328,25
,26.416363636363652,,290.58000000000015,,11,0,distressed_assets,41.48084004720052,11,0.2195,40,6,,1735,11,1,3456,26
,24.90272727272728,,273.93000000000006,,11,0,distressed_assets,36.95987192789713,10,0.2184,22,6,,1735,10,0.9090909090909091,3584,27
,20.026666666666667,,180.24,,9,0,distressed_assets,18.84071222941081,9,0.2173,21,6,,1735,9,1,3712,28
,29.855454545454542,,328.40999999999997,,11,0,distressed_assets,41.424278259277344,11,0.2162,26,6,,1735,11,1,3840,29
,30.609999999999996,,244.87999999999997,,8,0,distressed_assets,37.1628049214681,8,0.2151,33,6,,1735,8,1,3968,30
,23.413636363636353,,257.5499999999999,,11,0,distressed_assets,29.817955652872723,11,0.214,26,6,,1735,11,1,4096,31
,27.525833333333335,,330.31,,12,0,distressed_assets,45.7677853902181,11,0.213,29,6,,1735,11,0.9166666666666666,4224,32
,25.83066666666668,,387.4600000000002,,15,0,distressed_assets,36.323822021484375,15,0.2119,30,6,,1735,15,1,4352,33
,23.889230769230778,,310.5600000000001,,13,0,distressed_assets,27.222005208333332,13,0.2108,27,6,,1735,13,1,4480,34
,25.689999999999998,,308.28,,12,0,distressed_assets,40.419002532958984,12,0.2098,27,6,,1735,12,1,4608,35
,34.00846153846155,,442.1100000000002,,13,0,distressed_assets,61.87958017985026,13,0.2087,18,6,,1735,13,1,4736,36
,19.397272727272725,,213.36999999999998,,11,0,distressed_assets,25.656622568766277,10,0.2077,35,6,,1735,10,0.9090909090909091,4864,37
,29.030625000000008,,464.4900000000001,,16,0,distressed_assets,46.8033447265625,16,0.2066,27,6,,1735,16,1,4992,38
,20.653999999999996,,206.53999999999996,,10,0,distressed_assets,27.870301564534504,8,0.2056,30,6,,1735,8,0.8,5120,39
,26.73666666666668,,401.0500000000002,,15,0,distressed_assets,44.64420700073242,15,0.2046,30,6,,1735,15,1,5248,40
,24.947000000000003,,249.47000000000003,,10,0,distressed_assets,30.919804255167644,9,0.2036,23,6,,1735,9,0.9,5376,41
,26.131666666666675,,470.3700000000001,,18,0,distressed_assets,50.273024241129555,18,0.2025,29,6,,1735,18,1,5504,42
,25.988181818181815,,285.86999999999995,,11,0,distressed_assets,31.43468729654948,11,0.2015,32,6,,1735,11,1,5632,43
,27.256,,272.56,,10,0,distressed_assets,39.27305475870768,8,0.2005,21,6,,1735,8,0.8,5760,44
,29.89900000000001,,298.9900000000001,,10,0,distressed_assets,38.62656021118164,10,0.1995,28,6,,1735,10,1,5888,45
,29.556,,295.56,,10,0,distressed_assets,43.42419942220052,9,0.1985,29,6,,1735,9,0.9,6016,46
,29.633999999999986,,296.33999999999986,,10,0,distressed_assets,49.61960093180338,10,0.1975,24,6,,1735,10,1,6144,47
,28.854444444444464,,519.3800000000003,,18,0,distressed_assets,58.548929850260414,18,0.1965,25,6,,1735,18,1,6272,48
,25.15388888888889,,452.77000000000004,,18,0,distressed_assets,45.494134267171226,18,0.1956,21,6,,1735,18,1,6400,49
,24.8688888888889,,447.6400000000002,,18,0,distressed_assets,46.12834676106771,18,0.1946,26,6,,1735,18,1,6528,50
,24.673333333333336,,296.08000000000004,,12,0,distressed_assets,34.16147994995117,12,0.1936,21,6,,1735,12,1,6656,51
,34.166111111111135,,614.9900000000005,,18,0,distressed_assets,73.87206013997395,18,0.1926,28,6,,1735,18,1,6784,52
,32.02153846153846,,416.28,,13,0,distressed_assets,48.74792226155599,13,0.1917,19,6,,1735,13,1,6912,53
,27.59000000000001,,303.4900000000001,,11,0,distressed_assets,37.247538248697914,11,0.1907,27,6,,1735,11,1,7040,54
,35.28499999999999,,493.9899999999999,,14,0,distressed_assets,76.01138814290364,14,0.1898,21,6,,1735,14,1,7168,55
,29.0577777777778,,523.0400000000004,,18,0,distressed_assets,52.01502354939779,18,0.1888,19,6,,1735,18,1,7296,56
,31.37428571428574,,439.24000000000035,,14,0,distressed_assets,61.53022384643555,13,0.1879,27,6,,1735,13,0.9285714285714286,7424,57
,20.90666666666666,,250.8799999999999,,12,0,distressed_assets,21.803369522094727,11,0.1869,25,6,,1735,11,0.9166666666666666,7552,58
,30.273125000000007,,484.3700000000001,,16,0,distressed_assets,57.17067337036133,16,0.186,22,6,,1735,16,1,7680,59
,27.762666666666696,,416.44000000000045,,15,0,distressed_assets,45.62127176920573,15,0.1851,25,6,,1735,15,1,7808,60
,24.04705882352943,,408.8000000000003,,17,0,distressed_assets,37.47244389851888,17,0.1841,21,6,,1735,17,1,7936,61
,24.140714285714306,,337.9700000000003,,14,0,distressed_assets,38.23142878214518,13,0.1832,22,6,,1735,13,0.9285714285714286,8064,62
,21.900909090909085,,240.90999999999994,,11,0,distressed_assets,23.620839436848957,11,0.1823,27,6,,1735,11,1,8192,63
,30.237857142857163,,423.33000000000027,,14,0,distressed_assets,53.004441579182945,14,0.1814,22,6,,1735,14,1,8320,64
,30.106428571428562,,421.4899999999999,,14,0,distressed_assets,55.48930358886719,14,0.1805,19,6,,1735,14,1,8448,65
,29.41357142857145,,411.7900000000003,,14,0,distressed_assets,48.32530085245768,14,0.1796,25,6,,1735,14,1,8576,66
,31.4835294117647,,535.2199999999999,,17,0,distressed_assets,55.35137430826823,17,0.1787,18,6,,1735,17,1,8704,67
,28.42600000000002,,426.39000000000027,,15,0,distressed_assets,48.31273905436198,15,0.1778,22,6,,1735,15,1,8832,68
,25.355999999999995,,380.3399999999999,,15,0,distressed_assets,35.93017450968424,15,0.1769,20,6,,1735,15,1,8960,69
,25.12882352941178,,427.1900000000002,,17,0,distressed_assets,44.06083679199219,17,0.176,19,6,,1735,17,1,9088,70
,36.73727272727273,,404.11000000000007,,11,0,distressed_assets,56.76861826578776,11,0.1751,24,6,,1735,11,1,9216,71
,27.352777777777803,,492.3500000000005,,18,0,distressed_assets,50.862040201822914,18,0.1743,17,6,,1735,18,1,9344,72
,25.301666666666677,,303.6200000000001,,12,0,distressed_assets,35.70674387613932,12,0.1734,30,6,,1735,12,1,9472,73
,34.862857142857166,,488.0800000000003,,14,0,distressed_assets,64.98460642496745,14,0.1725,29,6,,1735,14,1,9600,74
,30.61823529411768,,520.5100000000006,,17,0,distressed_assets,66.4403559366862,16,0.1717,30,6,,1735,16,0.9411764705882353,9728,75
,33.29375000000002,,532.7000000000003,,16,0,distressed_assets,75.0593973795573,16,0.1708,18,6,,1735,16,1,9856,76
,33.460500000000025,,669.2100000000005,,20,0,distressed_assets,80.56407419840495,19,0.1699,27,6,,1735,19,0.95,9984,77
,22.581428571428567,,158.06999999999996,,7,0,distressed_assets,22.574230829874676,7,0.1691,27,6,,1735,7,1,10112,78
,25.62636363636364,,281.89000000000004,,11,0,distressed_assets,32.88026809692383,11,0.1683,30,6,,1735,11,1,10240,79
,22.828666666666674,,342.4300000000001,,15,0,distressed_assets,31.255720774332683,15,0.1674,23,6,,1735,15,1,10368,80
,25.23588235294119,,429.0100000000002,,17,0,distressed_assets,43.62948226928711,17,0.1666,23,6,,1735,17,1,10496,81
,26.193888888888896,,471.4900000000001,,18,0,distressed_assets,42.10975138346354,18,0.1657,23,6,,1735,18,1,10624,82
,25.315263157894744,,480.9900000000001,,19,0,distressed_assets,49.45538075764974,18,0.1649,15,6,,1735,18,0.9473684210526315,10752,83
,26.218235294117665,,445.7100000000003,,17,0,distressed_assets,47.70947774251302,15,0.1641,24,6,,1735,15,0.8823529411764706,10880,84
,29.400909090909103,,646.8200000000003,,22,0,distressed_assets,58.94697570800781,22,0.1633,15,6,,1735,22,1,11008,85
,31.048125000000027,,496.77000000000044,,16,0,distressed_assets,59.19840876261393,16,0.1625,24,6,,1735,16,1,11136,86
,26.79000000000001,,455.4300000000002,,17,0,distressed_assets,45.11055374145508,17,0.1616,23,6,,1735,17,1,11264,87
,25.053529411764696,,425.90999999999985,,17,0,distressed_assets,47.809014638264976,16,0.1608,20,6,,1735,16,0.9411764705882353,11392,88
,31.712857142857168,,665.9700000000005,,21,0,distressed_assets,68.57966613769531,21,0.16,24,6,,1735,21,1,11520,89
,33.494705882352974,,569.4100000000005,,17,0,distressed_assets,67.23183186848958,17,0.1592,31,6,,1735,17,1,11648,90
,25.91400000000001,,388.71000000000015,,15,0,distressed_assets,36.58736801147461,15,0.1584,20,6,,1735,15,1,11776,91
,26.392222222222227,,475.06000000000006,,18,0,distressed_assets,45.78357823689779,18,0.1576,23,6,,1735,18,1,11904,92
,26.200666666666674,,393.0100000000001,,15,0,distressed_assets,45.82296498616537,13,0.1569,23,6,,1735,13,0.8666666666666667,12032,93
,20.369375,,325.91,,16,0,distressed_assets,26.24092165629069,16,0.1561,18,6,,1735,16,1,12160,94
,26.49833333333335,,476.97000000000025,,18,0,distressed_assets,48.4527702331543,18,0.1553,19,6,,1735,18,1,12288,95
,28.571578947368423,,542.86,,19,0,distressed_assets,54.98386891682943,19,0.1545,19,6,,1735,19,1,12416,96
,27.157222222222238,,488.83000000000027,,18,0,distressed_assets,49.94894282023112,18,0.1537,22,6,,1735,18,1,12544,97
,22.76450000000001,,455.2900000000002,,20,0,distressed_assets,41.505627950032554,20,0.153,20,6,,1735,20,1,12672,98
,30.036470588235307,,510.62000000000023,,17,0,distressed_assets,54.287147521972656,17,0.1522,22,6,,1735,17,1,12800,99
,-0.6433333333333338,,-1.9300000000000013,,3,0,distressed_assets,0.23488823076089224,0,0.25,31,7,,1736,0,0,128,0
,-0.23857142857142868,,-1.6700000000000008,,7,0,distressed_assets,0.3554256161053975,0,0.2487,43,7,,1736,0,0,256,1
,-0.6399999999999992,,-5.119999999999994,,8,0,distressed_assets,0.43031072119871777,0,0.2475,24,7,,1736,0,0,384,2
,-0.4279999999999994,,-4.279999999999994,,10,0,distressed_assets,0.39604183038075763,0,0.2463,38,7,,1736,0,0,512,3
,2.974444444444442,,26.769999999999975,,9,0,distressed_assets,3.9924145539601645,1,0.245,26,7,,1736,1,0.1111111111111111,640,4
,5.072222222222228,,45.650000000000055,,9,0,distressed_assets,8.860102971394857,2,0.2438,36,7,,1736,2,0.2222222222222222,768,5
,-0.4749999999999993,,-4.749999999999993,,10,0,distressed_assets,0.6357653538386027,0,0.2426,19,7,,1736,0,0,896,6
,-0.37454545454545424,,-4.1199999999999966,,11,0,distressed_assets,0.9090444048245748,0,0.2414,35,7,,1736,0,0,1024,7
,-0.4379999999999997,,-4.379999999999997,,10,0,distressed_assets,0.4084797700246175,0,0.2402,36,7,,1736,0,0,1152,8
,-0.5349999999999998,,-5.349999999999998,,10,0,distressed_assets,0.5434531370798746,0,0.239,29,7,,1736,0,0,1280,9
,-0.5199999999999994,,-5.199999999999993,,10,0,distressed_assets,0.3265840212504069,0,0.2378,30,7,,1736,0,0,1408,10
,1.0855555555555565,,9.770000000000008,,9,0,distressed_assets,1.2090957562128704,1,0.2366,35,7,,1736,1,0.1111111111111111,1536,11
,-0.3119999999999995,,-3.119999999999995,,10,0,distressed_assets,0.5240186850229899,0,0.2354,39,7,,1736,0,0,1664,12
,1.2066666666666697,,10.860000000000026,,9,0,distressed_assets,0.7960567871729533,1,0.2342,38,7,,1736,1,0.1111111111111111,1792,13
,-0.3639999999999993,,-3.6399999999999935,,10,0,distressed_assets,0.15117002030213675,0,0.2331,25,7,,1736,0,0,1920,14
,-0.270833333333333,,-3.249999999999996,,12,0,distressed_assets,0.20156608521938324,0,0.2319,35,7,,1736,0,0,2048,15
,-0.3055555555555553,,-2.749999999999998,,9,0,distressed_assets,0.14599731067816415,0,0.2307,32,7,,1736,0,0,2176,16
,-0.3628571428571427,,-2.539999999999999,,7,0,distressed_assets,0.14223251243432364,0,0.2296,31,7,,1736,0,0,2304,17
,-0.41624999999999956,,-3.3299999999999965,,8,0,distressed_assets,0.09314067661762238,0,0.2284,36,7,,1736,0,0,2432,18
,-0.2719999999999999,,-2.719999999999999,,10,0,distressed_assets,0.05212948098778725,0,0.2273,27,7,,1736,0,0,2560,19
,-0.2566666666666666,,-2.3099999999999996,,9,0,distressed_assets,0.16824711859226227,0,0.2262,22,7,,1736,0,0,2688,20
,4.5822222222222235,,41.24000000000001,,9,0,distressed_assets,4.041205088297526,2,0.225,27,7,,1736,2,0.2222222222222222,2816,21
,-0.2728571428571431,,-1.9100000000000015,,7,0,distressed_assets,0.373685489098231,0,0.2239,22,7,,1736,0,0,2944,22
,4.40111111111111,,39.609999999999985,,9,0,distressed_assets,8.020760536193848,1,0.2228,26,7,,1736,1,0.1111111111111111,3072,23
,-0.3162499999999998,,-2.5299999999999985,,8,0,distressed_assets,0.33077217141787213,0,0.2217,31,7,,1736,0,0,3200,24
,-0.1730000000000001,,-1.730000000000001,,10,0,distressed_assets,0.3518379131952922,0,0.2206,27,7,,1736,0,0,3328,25
,-0.19700000000000012,,-1.9700000000000013,,10,0,distressed_assets,0.16272804141044617,0,0.2195,19,7,,1736,0,0,3456,26
,-0.23900000000000002,,-2.39,,10,0,distressed_assets,0.1895611584186554,0,0.2184,26,7,,1736,0,0,3584,27
,0.9211111111111125,,8.290000000000013,,9,0,distressed_assets,0.5687060952186584,1,0.2173,30,7,,1736,1,0.1111111111111111,3712,28
,-0.15375000000000008,,-1.2300000000000006,,8,0,distressed_assets,0.21982727944850922,0,0.2162,29,7,,1736,0,0,3840,29
,1.4722222222222225,,13.250000000000004,,9,0,distressed_assets,1.0610133806864421,1,0.2151,31,7,,1736,1,0.1111111111111111,3968,30
,2.7633333333333336,,24.87,,9,0,distressed_assets,4.212817033131917,1,0.214,33,7,,1736,1,0.1111111111111111,4096,31
,-0.17333333333333345,,-1.560000000000001,,9,0,distressed_assets,0.5132906138896942,0,0.213,22,7,,1736,0,0,4224,32
,4.617500000000001,,55.41000000000001,,12,0,distressed_assets,12.324463844299316,1,0.2119,27,7,,1736,1,0.08333333333333333,4352,33
,-0.11400000000000007,,-1.1400000000000008,,10,0,distressed_assets,0.33299752076466876,0,0.2108,18,7,,1736,0,0,4480,34
,-0.14800000000000008,,-1.4800000000000006,,10,0,distressed_assets,0.3311568895975749,0,0.2098,19,7,,1736,0,0,4608,35
,-0.2725000000000002,,-2.1800000000000015,,8,0,distressed_assets,0.46547062198321026,0,0.2087,29,7,,1736,0,0,4736,36
,2.8659999999999983,,28.659999999999982,,10,0,distressed_assets,5.286484877268474,1,0.2077,22,7,,1736,1,0.1,4864,37
,-0.1850000000000001,,-1.8500000000000012,,10,0,distressed_assets,0.3021182219187419,0,0.2066,30,7,,1736,0,0,4992,38
,-0.09800000000000005,,-0.9800000000000004,,10,0,distressed_assets,0.35812634229660034,0,0.2056,25,7,,1736,0,0,5120,39
,-0.13333333333333341,,-1.2000000000000008,,9,0,distressed_assets,0.19186120728651682,0,0.2046,22,7,,1736,0,0,5248,40
,-0.1811111111111112,,-1.6300000000000008,,9,0,distressed_assets,0.15583309531211853,0,0.2036,24,7,,1736,0,0,5376,41
,-0.10111111111111118,,-0.9100000000000006,,9,0,distressed_assets,0.2535196940104167,0,0.2025,32,7,,1736,0,0,5504,42
,-0.1480000000000001,,-1.480000000000001,,10,0,distressed_assets,0.13768745213747025,0,0.2015,27,7,,1736,0,0,5632,43
,-0.08200000000000005,,-0.8200000000000004,,10,0,distressed_assets,0.10591389487187068,0,0.2005,19,7,,1736,0,0,5760,44
,-0.12571428571428575,,-0.8800000000000003,,7,0,distressed_assets,0.06994481633106868,0,0.1995,24,7,,1736,0,0,5888,45
,-0.12333333333333339,,-1.1100000000000005,,9,0,distressed_assets,0.11780235668023427,0,0.1985,28,7,,1736,0,0,6016,46
,-0.11000000000000006,,-0.8800000000000004,,8,0,distressed_assets,0.16643517712752023,0,0.1975,24,7,,1736,0,0,6144,47
,-0.13454545454545463,,-1.4800000000000009,,11,0,distressed_assets,0.4247767428557078,0,0.1965,25,7,,1736,0,0,6272,48
,-0.12111111111111117,,-1.0900000000000005,,9,0,distressed_assets,0.11281274755795796,0,0.1956,25,7,,1736,0,0,6400,49
,-0.18333333333333346,,-1.650000000000001,,9,0,distressed_assets,0.08572692424058914,0,0.1946,24,7,,1736,0,0,6528,50
,-0.1650000000000001,,-1.3200000000000007,,8,0,distressed_assets,0.061888943115870156,0,0.1936,24,7,,1736,0,0,6656,51
,-0.07777777777777779,,-0.7000000000000002,,9,0,distressed_assets,0.15787906448046365,0,0.1926,24,7,,1736,0,0,6784,52
,-0.12000000000000008,,-0.8400000000000005,,7,0,distressed_assets,0.09341062108675639,0,0.1917,20,7,,1736,0,0,6912,53
,-0.07222222222222226,,-0.6500000000000004,,9,0,distressed_assets,0.09180434296528499,0,0.1907,19,7,,1736,0,0,7040,54
,-0.17363636363636376,,-1.9100000000000013,,11,0,distressed_assets,0.07907725373903911,0,0.1898,21,7,,1736,0,0,7168,55
,-0.1677777777777779,,-1.510000000000001,,9,0,distressed_assets,0.0494244359433651,0,0.1888,28,7,,1736,0,0,7296,56
,-0.1344444444444445,,-1.2100000000000006,,9,0,distressed_assets,0.06387010961771011,0,0.1879,29,7,,1736,0,0,7424,57
,-0.2155555555555557,,-1.9400000000000013,,9,0,distressed_assets,0.02211744152009487,0,0.1869,26,7,,1736,0,0,7552,58
,-0.15000000000000008,,-1.2000000000000006,,8,0,distressed_assets,0.0650758370757103,0,0.186,26,7,,1736,0,0,7680,59
,-0.11111111111111116,,-1.0000000000000004,,9,0,distressed_assets,0.037162924806276955,0,0.1851,20,7,,1736,0,0,7808,60
,3.632727272727273,,39.96,,11,0,distressed_assets,7.458658377329509,1,0.1841,22,7,,1736,1,0.09090909090909091,7936,61
,-0.05400000000000003,,-0.5400000000000003,,10,0,distressed_assets,0.3567764659722646,0,0.1832,27,7,,1736,0,0,8064,62
,-0.07400000000000004,,-0.7400000000000003,,10,0,distressed_assets,0.20770660291115442,0,0.1823,25,7,,1736,0,0,8192,63
,-0.365,,-2.19,,6,0,distressed_assets,0.1984094778696696,0,0.1814,30,7,,1736,0,0,8320,64
,3.716999999999998,,37.16999999999998,,10,0,distressed_assets,7.5137894948323565,1,0.1805,24,7,,1736,1,0.1,8448,65
,-0.10000000000000003,,-0.9000000000000004,,9,0,distressed_assets,0.1381810555855433,0,0.1796,21,7,,1736,0,0,8576,66
,-0.06100000000000002,,-0.6100000000000002,,10,0,distressed_assets,0.16363968948523203,0,0.1787,20,7,,1736,0,0,8704,67
,-0.10666666666666674,,-0.9600000000000006,,9,0,distressed_assets,0.039072991659243904,0,0.1778,18,7,,1736,0,0,8832,68
,0.7690909090909095,,8.460000000000004,,11,0,distressed_assets,0.36190375685691833,1,0.1769,20,7,,1736,1,0.09090909090909091,8960,69
,1.0122222222222221,,9.11,,9,0,distressed_assets,0.5170377095540365,1,0.176,21,7,,1736,1,0.1111111111111111,9088,70
,-0.10200000000000005,,-1.0200000000000005,,10,0,distressed_assets,0.11190969000260036,0,0.1751,18,7,,1736,0,0,9216,71
,-0.10222222222222224,,-0.9200000000000002,,9,0,distressed_assets,0.06600440169374149,0,0.1743,21,7,,1736,0,0,9344,72
,-0.14333333333333342,,-1.2900000000000007,,9,0,distressed_assets,0.05285545438528061,0,0.1734,17,7,,1736,0,0,9472,73
,-0.07800000000000003,,-0.7800000000000002,,10,0,distressed_assets,0.11370726674795151,0,0.1725,29,7,,1736,0,0,9600,74
,-0.10333333333333339,,-0.9300000000000005,,9,0,distressed_assets,0.06596683089931805,0,0.1717,18,7,,1736,0,0,9728,75
,-0.060909090909090934,,-0.6700000000000003,,11,0,distressed_assets,0.0411313200990359,0,0.1708,19,7,,1736,0,0,9856,76
,-0.07090909090909094,,-0.7800000000000002,,11,0,distressed_assets,0.14807085692882538,0,0.1699,21,7,,1736,0,0,9984,77
,-0.19857142857142865,,-1.3900000000000006,,7,0,distressed_assets,0.05073107033967972,0,0.1691,27,7,,1736,0,0,10112,78
,-0.1422222222222223,,-1.2800000000000007,,9,0,distressed_assets,0.13091157376766205,0,0.1683,27,7,,1736,0,0,10240,79
,-0.14300000000000007,,-1.4300000000000008,,10,0,distressed_assets,0.03008437529206276,0,0.1674,22,7,,1736,0,0,10368,80
,4.218750000000003,,33.75000000000002,,8,0,distressed_assets,5.887330849965413,1,0.1666,25,7,,1736,1,0.125,10496,81
,-0.06700000000000002,,-0.6700000000000002,,10,0,distressed_assets,0.38967209060986835,0,0.1657,21,7,,1736,0,0,10624,82
,-0.11000000000000004,,-0.9900000000000004,,9,0,distressed_assets,0.185069739818573,0,0.1649,19,7,,1736,0,0,10752,83
,-0.10000000000000003,,-0.9000000000000004,,9,0,distressed_assets,0.22476046780745187,0,0.1641,22,7,,1736,0,0,10880,84
,2.611999999999998,,26.11999999999998,,10,0,distressed_assets,4.3573001225789385,1,0.1633,27,7,,1736,1,0.1,11008,85
,-0.06555555555555556,,-0.5900000000000001,,9,0,distressed_assets,0.2994906355937322,0,0.1625,23,7,,1736,0,0,11136,86
,-0.09800000000000005,,-0.9800000000000004,,10,0,distressed_assets,0.290855993827184,0,0.1616,18,7,,1736,0,0,11264,87
,-0.11777777777777786,,-1.0600000000000007,,9,0,distressed_assets,0.2888742784659068,0,0.1608,25,7,,1736,0,0,11392,88
,-0.1637500000000001,,-1.3100000000000007,,8,0,distressed_assets,0.21451006829738617,0,0.16,21,7,,1736,0,0,11520,89
,-0.12100000000000007,,-1.2100000000000006,,10,0,distressed_assets,0.17827636996905008,0,0.1592,23,7,,1736,0,0,11648,90
,-0.13000000000000006,,-1.1700000000000006,,9,0,distressed_assets,0.10580042749643326,0,0.1584,23,7,,1736,0,0,11776,91
,-0.09272727272727277,,-1.0200000000000005,,11,0,distressed_assets,0.09484430899222691,0,0.1576,18,7,,1736,0,0,11904,92
,-0.12400000000000007,,-1.2400000000000007,,10,0,distressed_assets,0.1369193842013677,0,0.1569,20,7,,1736,0,0,12032,93
,-0.08200000000000003,,-0.8200000000000003,,10,0,distressed_assets,0.03775841370224953,0,0.1561,13,7,,1736,0,0,12160,94
,-0.11200000000000003,,-1.1200000000000003,,10,0,distressed_assets,0.06413858383893967,0,0.1553,26,7,,1736,0,0,12288,95
,0.205,,2.05,,10,0,distressed_assets,0.13985855877399445,1,0.1545,12,7,,1736,1,0.1,12416,96
,0.13299999999999995,,1.3299999999999996,,10,0,distressed_assets,0.16018598775068918,1,0.1537,23,7,,1736,1,0.1,12544,97
,-0.18555555555555567,,-1.670000000000001,,9,0,distressed_assets,0.06288900226354599,0,0.153,27,7,,1736,0,0,12672,98
,-0.11222222222222228,,-1.0100000000000005,,9,0,distressed_assets,0.0339410329858462,0,0.1522,14,7,,1736,0,0,12800,99
,18.571666666666662,,111.42999999999996,,6,0,distressed_assets,9.114732424418131,6,0.25,35,8,,1737,6,1,128,0
,22.744999999999997,,181.95999999999998,,8,0,distressed_assets,29.590869267781574,8,0.2487,32,8,,1737,8,1,256,1
,27.185000000000013,,217.4800000000001,,8,0,distressed_assets,36.01234563191732,7,0.2475,35,8,,1737,7,0.875,384,2
,22.241111111111113,,200.17000000000002,,9,0,distressed_assets,24.042429606119793,9,0.2463,33,8,,1737,9,1,512,3
,26.60583333333335,,319.2700000000002,,12,0,distressed_assets,38.48650868733724,12,0.245,34,8,,1737,12,1,640,4
,32.680000000000014,,392.1600000000002,,12,0,distressed_assets,62.98699696858724,12,0.2438,28,8,,1737,12,1,768,5
,17.21818181818183,,189.40000000000012,,11,0,distressed_assets,13.859681765238443,11,0.2426,41,8,,1737,11,1,896,6
,28.407692307692326,,369.30000000000024,,13,0,distressed_assets,49.018811543782554,12,0.2414,31,8,,1737,12,0.9230769230769231,1024,7
,21.926153846153845,,285.03999999999996,,13,0,distressed_assets,30.326953887939453,13,0.2402,19,8,,1737,13,1,1152,8
,33.601666666666645,,403.21999999999974,,12,0,distressed_assets,63.315826416015625,12,0.239,26,8,,1737,12,1,1280,9
,32.83750000000002,,394.05000000000024,,12,0,distressed_assets,54.399539947509766,12,0.2378,31,8,,1737,12,1,1408,10
,27.961538461538453,,363.4999999999999,,13,0,distressed_assets,45.697104136149086,13,0.2366,32,8,,1737,13,1,1536,11
,28.267000000000017,,282.6700000000002,,10,0,distressed_assets,33.199729919433594,10,0.2354,33,8,,1737,10,1,1664,12
,27.67666666666666,,249.08999999999992,,9,0,distressed_assets,48.328863779703774,8,0.2342,29,8,,1737,8,0.8888888888888888,1792,13
,29.558888888888887,,266.03,,9,0,distressed_assets,34.55646769205729,9,0.2331,38,8,,1737,9,1,1920,14
,28.758181818181825,,316.3400000000001,,11,0,distressed_assets,42.653708140055336,11,0.2319,27,8,,1737,11,1,2048,15
,25.36599999999999,,253.65999999999988,,10,0,distressed_assets,27.228007634480793,10,0.2307,26,8,,1737,10,1,2176,16
,25.997500000000002,,311.97,,12,0,distressed_assets,49.58786646525065,12,0.2296,39,8,,1737,12,1,2304,17
,31.399333333333345,,470.9900000000002,,15,0,distressed_assets,53.20260747273763,15,0.2284,39,8,,1737,15,1,2432,18
,26.671666666666653,,320.05999999999983,,12,0,distressed_assets,39.18426767985026,12,0.2273,25,8,,1737,12,1,2560,19
,26.18699999999999,,261.8699999999999,,10,0,distressed_assets,31.660741170247395,10,0.2262,31,8,,1737,10,1,2688,20
,21.9190909090909,,241.1099999999999,,11,0,distressed_assets,29.784170786539715,11,0.225,26,8,,1737,11,1,2816,21
,25.502857142857145,,357.04,,14,0,distressed_assets,41.82488250732422,14,0.2239,36,8,,1737,14,1,2944,22
,13.155454545454552,,144.71000000000006,,11,0,distressed_assets,17.45860417683919,7,0.2228,24,8,,1737,7,0.6363636363636364,3072,23
,23.30700000000001,,233.0700000000001,,10,0,distressed_assets,37.94027328491211,9,0.2217,34,8,,1737,9,0.9,3200,24
,23.445714285714295,,328.2400000000001,,14,0,distressed_assets,37.24813334147135,12,0.2206,28,8,,1737,12,0.8571428571428571,3328,25
,31.530000000000022,,409.89000000000027,,13,0,distressed_assets,54.24063364664713,13,0.2195,25,8,,1737,13,1,3456,26
,23.380000000000017,,257.1800000000002,,11,0,distressed_assets,26.886202494303387,10,0.2184,27,8,,1737,10,0.9090909090909091,3584,27
,23.856666666666644,,286.27999999999975,,12,0,distressed_assets,44.49331283569336,11,0.2173,30,8,,1737,11,0.9166666666666666,3712,28
,21.428461538461537,,278.57,,13,0,distressed_assets,34.47473653157552,10,0.2162,22,8,,1737,10,0.7692307692307693,3840,29
,19.73300000000001,,197.33000000000013,,10,0,distressed_assets,31.503313700358074,8,0.2151,24,8,,1737,8,0.8,3968,30
,25.180833333333343,,302.17000000000013,,12,0,distressed_assets,39.52392323811849,10,0.214,25,8,,1737,10,0.8333333333333334,4096,31
,26.30066666666668,,394.51000000000016,,15,0,distressed_assets,45.4723154703776,13,0.213,38,8,,1737,13,0.8666666666666667,4224,32
,22.486666666666682,,269.8400000000002,,12,0,distressed_assets,29.080809275309246,11,0.2119,33,8,,1737,11,0.9166666666666666,4352,33
,21.311111111111128,,191.80000000000015,,9,0,distressed_assets,28.092050552368164,7,0.2108,24,8,,1737,7,0.7777777777777778,4480,34
,26.38000000000002,,342.9400000000003,,13,0,distressed_assets,39.12326176961263,13,0.2098,21,8,,1737,13,1,4608,35
,23.669000000000004,,236.69000000000005,,10,0,distressed_assets,28.959439595540363,10,0.2087,24,8,,1737,10,1,4736,36
,21.813333333333333,,196.32,,9,0,distressed_assets,30.494978586832683,9,0.2077,25,8,,1737,9,1,4864,37
,34.021428571428565,,476.2999999999999,,14,0,distressed_assets,59.482382456461586,14,0.2066,29,8,,1737,14,1,4992,38
,28.60111111111111,,257.40999999999997,,9,0,distressed_assets,32.26404062906901,9,0.2056,17,8,,1737,9,1,5120,39
,24.168571428571454,,338.36000000000035,,14,0,distressed_assets,33.72649892171224,13,0.2046,22,8,,1737,13,0.9285714285714286,5248,40
,37.259166666666665,,447.11,,12,0,distressed_assets,75.8271255493164,12,0.2036,30,8,,1737,12,1,5376,41
,31.885,,191.31,,6,0,distressed_assets,28.9144770304362,6,0.2025,26,8,,1737,6,1,5504,42
,24.273333333333344,,145.64000000000007,,6,0,distressed_assets,21.261929829915363,5,0.2015,24,8,,1737,5,0.8333333333333334,5632,43
,23.92750000000001,,287.1300000000001,,12,0,distressed_assets,27.037521998087566,12,0.2005,24,8,,1737,12,1,5760,44
,31.00533333333334,,465.0800000000001,,15,0,distressed_assets,57.786720275878906,15,0.1995,21,8,,1737,15,1,5888,45
,24.165000000000006,,241.65000000000006,,10,0,distressed_assets,32.568729400634766,10,0.1985,26,8,,1737,10,1,6016,46
,32.2846666666667,,484.27000000000055,,15,0,distressed_assets,71.76059468587239,15,0.1975,21,8,,1737,15,1,6144,47
,27.861538461538466,,362.20000000000005,,13,0,distressed_assets,42.04377365112305,13,0.1965,36,8,,1737,13,1,6272,48
,32.5127272727273,,357.64000000000027,,11,0,distressed_assets,55.123802185058594,11,0.1956,20,8,,1737,11,1,6400,49
,24.69769230769231,,321.07000000000005,,13,0,distressed_assets,42.843274434407554,12,0.1946,25,8,,1737,12,0.9230769230769231,6528,50
,29.356666666666694,,352.2800000000003,,12,0,distressed_assets,44.505191802978516,11,0.1936,24,8,,1737,11,0.9166666666666666,6656,51
,33.7057142857143,,471.88000000000017,,14,0,distressed_assets,67.96966044108073,14,0.1926,24,8,,1737,14,1,6784,52
,28.746666666666684,,258.72000000000014,,9,0,distressed_assets,35.135318756103516,9,0.1917,27,8,,1737,9,1,6912,53
,27.533750000000005,,220.27000000000004,,8,0,distressed_assets,33.19781239827474,8,0.1907,28,8,,1737,8,1,7040,54
,31.153000000000013,,311.53000000000014,,10,0,distressed_assets,44.37268193562826,10,0.1898,21,8,,1737,10,1,7168,55
,40.267500000000005,,322.14000000000004,,8,0,distressed_assets,64.42399088541667,8,0.1888,30,8,,1737,8,1,7296,56
,30.86600000000003,,308.6600000000003,,10,0,distressed_assets,47.24908574422201,10,0.1879,26,8,,1737,10,1,7424,57
,24.948823529411772,,424.1300000000001,,17,0,distressed_assets,41.309959411621094,17,0.1869,26,8,,1737,17,1,7552,58
,25.793750000000014,,412.7000000000002,,16,0,distressed_assets,48.749762217203774,16,0.186,27,8,,1737,16,1,7680,59
,24.751111111111122,,222.7600000000001,,9,0,distressed_assets,30.40216827392578,9,0.1851,22,8,,1737,9,1,7808,60
,34.30000000000002,,377.30000000000024,,11,0,distressed_assets,59.34540557861328,11,0.1841,27,8,,1737,11,1,7936,61
,25.310769230769246,,329.0400000000002,,13,0,distressed_assets,38.09223937988281,13,0.1832,16,8,,1737,13,1,8064,62
,30.549285714285727,,427.69000000000017,,14,0,distressed_assets,52.822497049967446,13,0.1823,29,8,,1737,13,0.9285714285714286,8192,63
,25.288000000000007,,252.88000000000008,,10,0,distressed_assets,29.38734753926595,10,0.1814,18,8,,1737,10,1,8320,64
,28.661111111111104,,257.94999999999993,,9,0,distressed_assets,38.81590016682943,9,0.1805,20,8,,1737,9,1,8448,65
,28.84333333333335,,346.12000000000023,,12,0,distressed_assets,47.175638834635414,12,0.1796,23,8,,1737,12,1,8576,66
,33.66300000000002,,336.63000000000017,,10,0,distressed_assets,53.553096771240234,10,0.1787,25,8,,1737,10,1,8704,67
,16.131999999999998,,80.66,,5,0,distressed_assets,9.600130399068197,5,0.1778,26,8,,1737,5,1,8832,68
,29.9307142857143,,419.0300000000002,,14,0,distressed_assets,52.037837982177734,14,0.1769,26,8,,1737,14,1,8960,69
,27.54909090909092,,303.04000000000013,,11,0,distressed_assets,31.829195658365887,11,0.176,33,8,,1737,11,1,9088,70
,34.305000000000014,,411.6600000000002,,12,0,distressed_assets,56.288018544514976,12,0.1751,28,8,,1737,12,1,9216,71
,32.19933333333334,,482.9900000000001,,15,0,distressed_assets,60.60322570800781,15,0.1743,21,8,,1737,15,1,9344,72
,31.130000000000024,,373.5600000000003,,12,0,distressed_assets,39.80081303914388,12,0.1734,27,8,,1737,12,1,9472,73
,25.620588235294132,,435.55000000000024,,17,0,distressed_assets,48.12023417154948,17,0.1725,25,8,,1737,17,1,9600,74
,30.11642857142858,,421.63000000000017,,14,0,distressed_assets,55.61533991495768,14,0.1717,18,8,,1737,14,1,9728,75
,26.530833333333344,,318.3700000000001,,12,0,distressed_assets,34.12087376912435,12,0.1708,23,8,,1737,12,1,9856,76
,31.090714285714288,,435.27000000000004,,14,0,distressed_assets,57.404458363850914,14,0.1699,20,8,,1737,14,1,9984,77
,26.534285714285723,,371.48000000000013,,14,0,distressed_assets,48.227789560953774,14,0.1691,24,8,,1737,14,1,10112,78
,30.107333333333333,,451.61,,15,0,distressed_assets,55.07811737060547,15,0.1683,17,8,,1737,15,1,10240,79
,29.832941176470587,,507.15999999999997,,17,0,distressed_assets,57.6137949625651,17,0.1674,21,8,,1737,17,1,10368,80
,34.210000000000015,,342.10000000000014,,10,0,distressed_assets,47.58772659301758,10,0.1666,21,8,,1737,10,1,10496,81
,28.77125000000001,,230.17000000000007,,8,0,distressed_assets,40.127882639567055,8,0.1657,20,8,,1737,8,1,10624,82
,31.123000000000008,,311.2300000000001,,10,0,distressed_assets,44.013387044270836,10,0.1649,17,8,,1737,10,1,10752,83
,23.767272727272747,,261.4400000000002,,11,0,distressed_assets,31.023818333943684,10,0.1641,24,8,,1737,10,0.9090909090909091,10880,84
,32.49600000000002,,324.96000000000026,,10,0,distressed_assets,43.296966552734375,10,0.1633,23,8,,1737,10,1,11008,85
,29.554285714285733,,413.7600000000003,,14,0,distressed_assets,46.68571472167969,14,0.1625,20,8,,1737,14,1,11136,86
,20.407142857142876,,285.7000000000003,,14,0,distressed_assets,21.249861399332683,14,0.1616,21,8,,1737,14,1,11264,87
,25.919333333333363,,388.7900000000004,,15,0,distressed_assets,41.21619415283203,15,0.1608,12,8,,1737,15,1,11392,88
,29.22812500000002,,467.6500000000003,,16,0,distressed_assets,58.534324645996094,15,0.16,18,8,,1737,15,0.9375,11520,89
,23.892857142857164,,334.5000000000003,,14,0,distressed_assets,39.205065409342446,14,0.1592,22,8,,1737,14,1,11648,90
,22.389230769230778,,291.0600000000001,,13,0,distressed_assets,37.001879374186196,12,0.1584,23,8,,1737,12,0.9230769230769231,11776,91
,27.49545454545456,,302.45000000000016,,11,0,distressed_assets,30.112757364908855,11,0.1576,13,8,,1737,11,1,11904,92
,24.518888888888902,,220.67000000000013,,9,0,distressed_assets,27.248905817667644,8,0.1569,25,8,,1737,8,0.8888888888888888,12032,93
,23.019000000000005,,230.19000000000005,,10,0,distressed_assets,25.89312807718913,10,0.1561,21,8,,1737,10,1,12160,94
,26.78928571428574,,375.05000000000035,,14,0,distressed_assets,55.06452433268229,14,0.1553,14,8,,1737,14,1,12288,95
,37.37750000000003,,448.53000000000037,,12,0,distressed_assets,67.31547546386719,12,0.1545,12,8,,1737,12,1,12416,96
,33.008000000000024,,495.12000000000035,,15,0,distressed_assets,78.67229970296223,15,0.1537,14,8,,1737,15,1,12544,97
,21.0246153846154,,273.3200000000002,,13,0,distressed_assets,28.171537399291992,13,0.153,18,8,,1737,13,1,12672,98
,28.327500000000004,,453.24000000000007,,16,0,distressed_assets,52.596160888671875,16,0.1522,22,8,,1737,16,1,12800,99
,-0.2142857142857144,,-1.5000000000000009,,7,0,distressed_assets,0.8135639429092407,0,0.25,31,9,,1738,0,0,128,0
,1.0749999999999997,,4.299999999999999,,4,0,distressed_assets,0.8112401366233826,1,0.2487,30,9,,1738,1,0.25,256,1
,5.838571428571427,,40.86999999999999,,7,0,distressed_assets,8.053672472635904,1,0.2475,39,9,,1738,1,0.14285714285714285,384,2
,21.395000000000014,,42.79000000000003,,2,0,distressed_assets,11.685078303019205,1,0.2463,34,9,,1738,1,0.5,512,3
,11.278,,56.39,,5,0,distressed_assets,8.37215487162272,2,0.245,31,9,,1738,2,0.4,640,4
,23.763333333333318,,142.5799999999999,,6,0,distressed_assets,19.56413396199544,5,0.2438,30,9,,1738,5,0.8333333333333334,768,5
,35.189999999999976,,281.5199999999998,,8,0,distressed_assets,51.6614990234375,8,0.2426,26,9,,1738,8,1,896,6
,23.161111111111108,,208.44999999999996,,9,0,distressed_assets,22.59242820739746,8,0.2414,29,9,,1738,8,0.8888888888888888,1024,7
,26.282142857142848,,367.9499999999999,,14,0,distressed_assets,41.87308883666992,13,0.2402,31,9,,1738,13,0.9285714285714286,1152,8
,29.834000000000003,,298.34000000000003,,10,0,distressed_assets,44.96269607543945,10,0.239,25,9,,1738,10,1,1280,9
,6.373333333333335,,38.24000000000001,,6,0,distressed_assets,1.1694809595743816,5,0.2378,32,9,,1738,5,0.8333333333333334,1408,10
,29.13,,203.91,,7,0,distressed_assets,28.61883608500163,7,0.2366,34,9,,1738,7,1,1536,11
,26.904166666666654,,322.84999999999985,,12,0,distressed_assets,47.470648447672524,12,0.2354,32,9,,1738,12,1,1664,12
,32.05777777777776,,288.5199999999998,,9,0,distressed_assets,46.977882385253906,9,0.2342,26,9,,1738,9,1,1792,13
,27.384999999999994,,383.38999999999993,,14,0,distressed_assets,42.772682189941406,14,0.2331,23,9,,1738,14,1,1920,14
,24.969166666666677,,299.6300000000001,,12,0,distressed_assets,35.51183573404948,12,0.2319,29,9,,1738,12,1,2048,15
,24.47583333333333,,293.71,,12,0,distressed_assets,31.413433074951172,11,0.2307,32,9,,1738,11,0.9166666666666666,2176,16
,24.8590909090909,,273.4499999999999,,11,0,distressed_assets,32.23853047688802,11,0.2296,29,9,,1738,11,1,2304,17
,25.513636363636348,,280.6499999999998,,11,0,distressed_assets,34.08316167195638,11,0.2284,29,9,,1738,11,1,2432,18
,29.87555555555555,,268.87999999999994,,9,0,distressed_assets,39.31879552205404,9,0.2273,23,9,,1738,9,1,2560,19
,30.288333333333316,,181.7299999999999,,6,0,distressed_assets,28.50771713256836,6,0.2262,34,9,,1738,6,1,2688,20
,29.758571428571432,,208.31000000000003,,7,0,distressed_assets,31.028491338094074,7,0.225,31,9,,1738,7,1,2816,21
,22.826666666666654,,205.43999999999988,,9,0,distressed_assets,28.43842315673828,9,0.2239,21,9,,1738,9,1,2944,22
,24.799999999999994,,198.39999999999995,,8,0,distressed_assets,22.108936309814453,8,0.2228,29,9,,1738,8,1,3072,23
,28.300999999999988,,283.0099999999999,,10,0,distressed_assets,38.985644022623696,10,0.2217,35,9,,1738,10,1,3200,24
,24.198999999999995,,241.98999999999995,,10,0,distressed_assets,34.13240305582682,10,0.2206,23,9,,1738,10,1,3328,25
,21.647142857142853,,151.52999999999997,,7,0,distressed_assets,20.135908762613933,7,0.2195,25,9,,1738,7,1,3456,26
,27.510000000000016,,385.1400000000002,,14,0,distressed_assets,43.501810709635414,14,0.2184,29,9,,1738,14,1,3584,27
,31.527272727272734,,346.80000000000007,,11,0,distressed_assets,52.5816535949707,11,0.2173,23,9,,1738,11,1,3712,28
,25.11833333333334,,301.4200000000001,,12,0,distressed_assets,38.136688232421875,11,0.2162,25,9,,1738,11,0.9166666666666666,3840,29
,29.351428571428556,,205.4599999999999,,7,0,distressed_assets,32.507572174072266,6,0.2151,39,9,,1738,6,0.8571428571428571,3968,30
,27.379999999999978,,191.65999999999985,,7,0,distressed_assets,26.53509267171224,5,0.214,38,9,,1738,5,0.7142857142857143,4096,31
,26.950000000000003,,350.35,,13,0,distressed_assets,52.18106206258138,12,0.213,28,9,,1738,12,0.9230769230769231,4224,32
,30.028181818181835,,330.3100000000002,,11,0,distressed_assets,39.33746210734049,11,0.2119,26,9,,1738,11,1,4352,33
,30.515000000000015,,305.15000000000015,,10,0,distressed_assets,45.662984212239586,10,0.2108,20,9,,1738,10,1,4480,34
,23.782727272727268,,261.60999999999996,,11,0,distressed_assets,27.592854817708332,11,0.2098,24,9,,1738,11,1,4608,35
,32.131999999999984,,321.3199999999998,,10,0,distressed_assets,52.270503997802734,10,0.2087,26,9,,1738,10,1,4736,36
,27.421818181818164,,301.6399999999998,,11,0,distressed_assets,36.74379221598307,10,0.2077,25,9,,1738,10,0.9090909090909091,4864,37
,25.630666666666695,,384.46000000000043,,15,0,distressed_assets,41.063456217447914,15,0.2066,29,9,,1738,15,1,4992,38
,28.7425,,459.88,,16,0,distressed_assets,55.38904825846354,15,0.2056,28,9,,1738,15,0.9375,5120,39
,17.819166666666657,,213.8299999999999,,12,0,distressed_assets,20.982600529988606,12,0.2046,28,9,,1738,12,1,5248,40
,28.11642857142857,,393.63,,14,0,distressed_assets,51.272464752197266,13,0.2036,34,9,,1738,13,0.9285714285714286,5376,41
,22.781250000000004,,364.50000000000006,,16,0,distressed_assets,34.51753489176432,15,0.2025,27,9,,1738,15,0.9375,5504,42
,31.129285714285704,,435.80999999999983,,14,0,distressed_assets,54.12674458821615,14,0.2015,27,9,,1738,14,1,5632,43
,27.680000000000007,,332.1600000000001,,12,0,distressed_assets,51.57206598917643,12,0.2005,20,9,,1738,12,1,5760,44
,29.424285714285727,,411.94000000000017,,14,0,distressed_assets,52.97516886393229,14,0.1995,25,9,,1738,14,1,5888,45
,24.198888888888888,,217.79,,9,0,distressed_assets,29.962202072143555,8,0.1985,19,9,,1738,8,0.8888888888888888,6016,46
,24.775000000000006,,346.8500000000001,,14,0,distressed_assets,31.346234639485676,14,0.1975,21,9,,1738,14,1,6144,47
,24.389230769230778,,317.0600000000001,,13,0,distressed_assets,43.504217783610024,11,0.1965,30,9,,1738,11,0.8461538461538461,6272,48
,27.66333333333334,,331.9600000000001,,12,0,distressed_assets,50.36239242553711,11,0.1956,30,9,,1738,11,0.9166666666666666,6400,49
,23.446666666666673,,351.7000000000001,,15,0,distressed_assets,29.407482147216797,15,0.1946,19,9,,1738,15,1,6528,50
,25.959166666666672,,311.51000000000005,,12,0,distressed_assets,38.05552546183268,12,0.1936,26,9,,1738,12,1,6656,51
,24.701052631578953,,469.3200000000001,,19,0,distressed_assets,44.94333140055338,19,0.1926,25,9,,1738,19,1,6784,52
,25.088461538461544,,326.1500000000001,,13,0,distressed_assets,39.32519785563151,11,0.1917,15,9,,1738,11,0.8461538461538461,6912,53
,27.76866666666666,,416.5299999999999,,15,0,distressed_assets,42.71257019042969,15,0.1907,19,9,,1738,15,1,7040,54
,32.225384615384634,,418.93000000000023,,13,0,distressed_assets,57.001694997151695,13,0.1898,24,9,,1738,13,1,7168,55
,35.370000000000005,,389.07000000000005,,11,0,distressed_assets,63.42023722330729,11,0.1888,22,9,,1738,11,1,7296,56
,31.980909090909073,,351.7899999999998,,11,0,distressed_assets,47.91114807128906,11,0.1879,23,9,,1738,11,1,7424,57
,26.587777777777784,,239.29000000000005,,9,0,distressed_assets,38.17355473836263,8,0.1869,27,9,,1738,8,0.8888888888888888,7552,58
,28.220000000000006,,282.20000000000005,,10,0,distressed_assets,44.64905548095703,10,0.186,27,9,,1738,10,1,7680,59
,30.007500000000004,,480.12000000000006,,16,0,distressed_assets,60.15712102254232,16,0.1851,25,9,,1738,16,1,7808,60
,29.483000000000004,,294.83000000000004,,10,0,distressed_assets,35.70237477620443,10,0.1841,19,9,,1738,10,1,7936,61
,30.451999999999988,,304.51999999999987,,10,0,distressed_assets,36.59318542480469,10,0.1832,26,9,,1738,10,1,8064,62
,35.42846153846155,,460.5700000000001,,13,0,distressed_assets,59.91225814819336,13,0.1823,28,9,,1738,13,1,8192,63
,32.51176470588237,,552.7000000000003,,17,0,distressed_assets,59.793958028157554,17,0.1814,22,9,,1738,17,1,8320,64
,22.534374999999997,,360.54999999999995,,16,0,distressed_assets,29.498088836669922,15,0.1805,27,9,,1738,15,0.9375,8448,65
,30.2875,,484.6,,16,0,distressed_assets,47.63540776570638,16,0.1796,30,9,,1738,16,1,8576,66
,30.183125000000004,,482.93000000000006,,16,0,distressed_assets,54.98894500732422,16,0.1787,28,9,,1738,16,1,8704,67
,31.34444444444445,,564.2,,18,0,distressed_assets,59.15546544392904,18,0.1778,24,9,,1738,18,1,8832,68
,28.32800000000002,,424.9200000000003,,15,0,distressed_assets,53.6374257405599,15,0.1769,22,9,,1738,15,1,8960,69
,23.89285714285714,,334.49999999999994,,14,0,distressed_assets,32.40562438964844,14,0.176,23,9,,1738,14,1,9088,70
,29.72230769230771,,386.3900000000002,,13,0,distressed_assets,53.18753306070963,12,0.1751,28,9,,1738,12,0.9230769230769231,9216,71
,21.473333333333326,,386.51999999999987,,18,0,distressed_assets,35.31032053629557,18,0.1743,22,9,,1738,18,1,9344,72
,25.645625000000003,,410.33000000000004,,16,0,distressed_assets,44.609143575032554,16,0.1734,28,9,,1738,16,1,9472,73
,34.802666666666696,,522.0400000000004,,15,0,distressed_assets,67.79604848225911,15,0.1725,26,9,,1738,15,1,9600,74
,34.366153846153864,,446.7600000000003,,13,0,distressed_assets,58.93536122639974,13,0.1717,23,9,,1738,13,1,9728,75
,26.098,,391.46999999999997,,15,0,distressed_assets,39.9875602722168,15,0.1708,15,9,,1738,15,1,9856,76
,30.68214285714286,,429.55000000000007,,14,0,distressed_assets,54.9604237874349,14,0.1699,28,9,,1738,14,1,9984,77
,25.819,,258.19,,10,0,distressed_assets,26.35174496968587,10,0.1691,26,9,,1738,10,1,10112,78
,28.885333333333325,,433.27999999999986,,15,0,distressed_assets,47.79025522867838,15,0.1683,22,9,,1738,15,1,10240,79
,31.121111111111116,,280.09000000000003,,9,0,distressed_assets,49.85183334350586,8,0.1674,24,9,,1738,8,0.8888888888888888,10368,80
,24.143750000000008,,193.15000000000006,,8,0,distressed_assets,27.49906285603841,8,0.1666,24,9,,1738,8,1,10496,81
,30.885,,185.31,,6,0,distressed_assets,33.68577194213867,6,0.1657,19,9,,1738,6,1,10624,82
,28.566666666666677,,257.1000000000001,,9,0,distressed_assets,46.30161921183268,9,0.1649,12,9,,1738,9,1,10752,83
,26.686923076923087,,346.9300000000001,,13,0,distressed_assets,39.85882695515951,12,0.1641,30,9,,1738,12,0.9230769230769231,10880,84
,31.78111111111111,,286.03,,9,0,distressed_assets,45.02756881713867,9,0.1633,20,9,,1738,9,1,11008,85
,29.66384615384618,,385.63000000000034,,13,0,distressed_assets,49.71240488688151,13,0.1625,25,9,,1738,13,1,11136,86
,18.248333333333335,,218.98000000000002,,12,0,distressed_assets,16.114404042561848,12,0.1616,19,9,,1738,12,1,11264,87
,28.336000000000002,,283.36,,10,0,distressed_assets,32.130210876464844,10,0.1608,22,9,,1738,10,1,11392,88
,25.72444444444445,,231.52000000000007,,9,0,distressed_assets,28.884374618530273,9,0.16,25,9,,1738,9,1,11520,89
,31.199999999999992,,530.3999999999999,,17,0,distressed_assets,60.558990478515625,17,0.1592,9,9,,1738,17,1,11648,90
,25.54294117647059,,434.23,,17,0,distressed_assets,42.58746846516927,17,0.1584,20,9,,1738,17,1,11776,91
,30.616666666666667,,551.1,,18,0,distressed_assets,58.88729731241862,18,0.1576,22,9,,1738,18,1,11904,92
,31.9206666666667,,478.8100000000005,,15,0,distressed_assets,54.818373362223305,15,0.1569,13,9,,1738,15,1,12032,93
,27.535625000000017,,440.5700000000003,,16,0,distressed_assets,50.8264274597168,16,0.1561,18,9,,1738,16,1,12160,94
,29.756875000000015,,476.11000000000024,,16,0,distressed_assets,51.13809585571289,16,0.1553,22,9,,1738,16,1,12288,95
,28.092666666666666,,421.39,,15,0,distressed_assets,40.77869542439779,15,0.1545,26,9,,1738,15,1,12416,96
,30.096666666666657,,451.4499999999999,,15,0,distressed_assets,55.59628931681315,15,0.1537,15,9,,1738,15,1,12544,97
,28.913333333333338,,520.44,,18,0,distressed_assets,55.618298848470054,18,0.153,16,9,,1738,18,1,12672,98
,24.120625,,385.93,,16,0,distressed_assets,39.886993408203125,15,0.1522,24,9,,1738,15,0.9375,12800,99
,0.004648120702916966,46746000,0.06507368984083753,,14,0,dub_irish_dutch,-0.02109079311291377,10,0.25,31,0,0,1729,3,0.21428571428571427,128,0
,-0.0064255534803206995,46746000,-0.08995774872448979,,14,0,dub_irish_dutch,-0.021068623289465904,5,0.2487,24,0,0,1729,1,0.07142857142857142,256,1
,-0.00046110098666080876,46746000,-0.005533211839929705,,12,0,dub_irish_dutch,-0.01558527039984862,9,0.2475,30,0,0,1729,1,0.08333333333333333,384,2
,-0.019981694255111985,0,-0.2597620253164558,,13,0,dub_irish_dutch,-0.021097720911105473,4,0.2463,24,0,0,1729,0,0,512,3
,-0.009240858903267242,46746000,-0.12937202464574138,,14,0,dub_irish_dutch,-0.0279469545930624,4,0.245,33,0,0,1729,1,0.07142857142857142,640,4
,-0.014915656531572362,0,-0.1939035349104407,,13,0,dub_irish_dutch,-0.024377132455507915,7,0.2438,27,0,0,1729,0,0,768,5
,-0.0018199680584259045,46746000,-0.027299520876388567,,15,0,dub_irish_dutch,-0.022197597349683445,8,0.2426,33,0,0,1729,1,0.06666666666666667,896,6
,-0.022759188200031387,46746000,-0.3186286348004394,,14,0,dub_irish_dutch,-0.020414908106128376,4,0.2414,30,0,0,1729,1,0.07142857142857142,1024,7
,-0.0035829815511402617,46746000,-0.0465787601648234,,13,0,dub_irish_dutch,-0.027195452402035396,8,0.2402,27,0,0,1729,1,0.07692307692307693,1152,8
,0.006223220238592715,46746000,0.087125083340298,,14,0,dub_irish_dutch,-0.02659422221283118,9,0.239,33,0,0,1729,3,0.21428571428571427,1280,9
,0.0012841903186312674,46746000,0.016694474142206477,,13,0,dub_irish_dutch,-0.018396723394592602,9,0.2378,32,0,0,1729,1,0.07692307692307693,1408,10
,-0.00514976895268572,6210000,-0.06179722743222864,,12,0,dub_irish_dutch,-0.036285111059745155,9,0.2366,29,0,0,1729,1,0.08333333333333333,1536,11
,0.0042708244968044816,46746000,0.05979154295526274,,14,0,dub_irish_dutch,-0.024154789745807648,13,0.2354,20,0,0,1729,3,0.21428571428571427,1664,12
,0.004185259134363878,56754000,0.050223109612366534,,12,0,dub_irish_dutch,-0.018481043477853138,4,0.2342,29,0,0,1729,1,0.08333333333333333,1792,13
,0.006016282332347653,46746000,0.0782116703205195,,13,0,dub_irish_dutch,-0.02503293628493945,7,0.2331,26,0,0,1729,2,0.15384615384615385,1920,14
,-0.013156118143459922,0,-0.19734177215189883,,15,0,dub_irish_dutch,-0.0278682429343462,5,0.2319,31,0,0,1729,0,0,2048,15
,-0.02043286618444846,0,-0.2860601265822785,,14,0,dub_irish_dutch,-0.029123661418755848,6,0.2307,29,0,0,1729,0,0,2176,16
,-0.006094232338355025,40500000,-0.08531925273697036,,14,0,dub_irish_dutch,-0.024208197370171547,8,0.2296,32,0,0,1729,1,0.07142857142857142,2304,17
,-0.0013065258889933418,46746000,-0.015678310667920102,,12,0,dub_irish_dutch,-0.01996588644882043,8,0.2284,37,0,0,1729,1,0.08333333333333333,2432,18
,0.009049535561460579,46746000,0.11764396229898752,,13,0,dub_irish_dutch,-0.03233997275431951,12,0.2273,36,0,0,1729,1,0.07692307692307693,2560,19
,-0.0014423309276242135,46746000,-0.021634963914363203,,15,0,dub_irish_dutch,-0.022774691383043926,5,0.2262,26,0,0,1729,2,0.13333333333333333,2688,20
,0.002348419771316168,56754000,0.03287787679842635,,14,0,dub_irish_dutch,-0.022310432667533558,9,0.225,29,0,0,1729,2,0.14285714285714285,2816,21
,0.018434842255995607,46746000,0.23965294932794287,,13,0,dub_irish_dutch,-0.01763171950976054,13,0.2239,37,0,0,1729,1,0.07692307692307693,2944,22
,-0.014671086545621175,0,-0.19072412509307526,,13,0,dub_irish_dutch,-0.025956952944397926,7,0.2228,23,0,0,1729,0,0,3072,23
,0.006294423454979488,46746000,0.08812192836971283,,14,0,dub_irish_dutch,-0.016744551248848438,6,0.2217,28,0,0,1729,1,0.07142857142857142,3200,24
,-0.017674282865565168,0,-0.24743996011791236,,14,0,dub_irish_dutch,-0.021747761716445286,7,0.2206,27,0,0,1729,0,0,3328,25
,0.006698386698088158,4039200,0.08707902707514606,,13,0,dub_irish_dutch,-0.012786421924829483,8,0.2195,27,0,0,1729,1,0.07692307692307693,3456,26
,-0.009451472394581014,46746000,-0.12286914112955319,,13,0,dub_irish_dutch,-0.03521393736203512,6,0.2184,25,0,0,1729,1,0.07692307692307693,3584,27
,0.024931356187569958,46746000,0.2991762742508395,,12,0,dub_irish_dutch,-0.004464937063554923,8,0.2173,26,0,0,1729,3,0.25,3712,28
,-0.012931849922505735,46746000,-0.15518219907006883,,12,0,dub_irish_dutch,-0.026122397432724636,7,0.2162,24,0,0,1729,1,0.08333333333333333,3840,29
,-0.00907388773253105,0,-0.11796054052290365,,13,0,dub_irish_dutch,-0.019816576813658077,9,0.2151,19,0,0,1729,0,0,3968,30
,0.001408819820361978,46746000,0.02113229730542967,,15,0,dub_irish_dutch,-0.012688490251700083,8,0.214,26,0,0,1729,1,0.06666666666666667,4096,31
,0.001298506180799259,46746000,0.014283567988791851,,11,0,dub_irish_dutch,-0.020475345974167187,9,0.213,25,0,0,1729,1,0.09090909090909091,4224,32
,-0.010177530719388438,0,-0.14248543007143813,,14,0,dub_irish_dutch,-0.029302161186933517,5,0.2119,29,0,0,1729,0,0,4352,33
,-0.004473300137362638,0,-0.05815290178571429,,13,0,dub_irish_dutch,-0.02759248452881972,3,0.2108,21,0,0,1729,0,0,4480,34
,0.007090172339282574,46746000,0.09217224041067346,,13,0,dub_irish_dutch,-0.03170482938488325,10,0.2098,33,0,0,1729,1,0.07692307692307693,4608,35
,0.02469098190067166,46746000,0.3703647285100749,,15,0,dub_irish_dutch,-0.027015092472235363,11,0.2087,20,0,0,1729,3,0.2,4736,36
,0.026560843918246875,46746000,0.39841265877370313,,15,0,dub_irish_dutch,-0.01017395748446385,10,0.2077,33,0,0,1729,4,0.26666666666666666,4864,37
,0.025106635828889716,46746000,0.37659953743334573,,15,0,dub_irish_dutch,-0.02198245810965697,9,0.2066,19,0,0,1729,2,0.13333333333333333,4992,38
,0.042664767646474935,56754000,0.5546419794041741,,13,0,dub_irish_dutch,-0.02094044287999471,19,0.2056,30,0,0,1729,2,0.15384615384615385,5120,39
,0.03058111778877092,46746000,0.4281356490427929,,14,0,dub_irish_dutch,-0.023674678678313892,9,0.2046,25,0,0,1729,4,0.2857142857142857,5248,40
,0.03468819909106257,56754000,0.4162583890927508,,12,0,dub_irish_dutch,-0.007809980772435665,10,0.2036,21,0,0,1729,2,0.16666666666666666,5376,41
,0.0013956653647546919,46746000,0.020934980471320377,,15,0,dub_irish_dutch,-0.03648997098207474,9,0.2025,26,0,0,1729,1,0.06666666666666667,5504,42
,0.07978296495481793,56754000,0.8776126145029972,,11,0,dub_irish_dutch,-0.027726628507177036,21,0.2015,25,0,0,1729,4,0.36363636363636365,5632,43
,0.04207852132275382,46746000,0.4207852132275382,,10,0,dub_irish_dutch,-0.023563460757335026,18,0.2005,24,0,0,1729,3,0.3,5760,44
,0.03310513529536078,46746000,0.4303667588396901,,13,0,dub_irish_dutch,-0.0032455272351702056,14,0.1995,25,0,0,1729,3,0.23076923076923078,5888,45
,0.021837927716293615,46746000,0.3057309880281106,,14,0,dub_irish_dutch,-0.018518631036082905,16,0.1985,34,0,0,1729,2,0.14285714285714285,6016,46
,0.03800082123757821,46746000,0.3800082123757821,,10,0,dub_irish_dutch,0.11153520147005717,17,0.1975,25,0,0,1729,4,0.4,6144,47
,0.07270849681175248,56754000,0.7270849681175248,,10,0,dub_irish_dutch,-0.016291961073875427,17,0.1965,28,0,0,1729,4,0.4,6272,48
,0.06719203617690828,56754000,0.6047283255921745,,9,0,dub_irish_dutch,-0.022442460681001346,14,0.1956,36,0,0,1729,3,0.3333333333333333,6400,49
,0.032981586620900144,56754000,0.42876062607170184,,13,0,dub_irish_dutch,-0.03096630920966466,12,0.1946,36,0,0,1729,2,0.15384615384615385,6528,50
,0.04602011466631928,46746000,0.4602011466631928,,10,0,dub_irish_dutch,-0.002401758606235186,12,0.1936,30,0,0,1729,3,0.3,6656,51
,0.052101404183101094,46746000,0.6773182543803142,,13,0,dub_irish_dutch,0.010505528499682745,18,0.1926,27,0,0,1729,4,0.3076923076923077,6784,52
,0.09704455890652135,46746000,1.164534706878256,,12,0,dub_irish_dutch,-0.02012052945792675,23,0.1917,23,0,0,1729,7,0.5833333333333334,6912,53
,0.08654763416728747,46746000,0.7789287075055873,,9,0,dub_irish_dutch,-0.010334167629480362,23,0.1907,18,0,0,1729,3,0.3333333333333333,7040,54
,0.08560849670000703,46746000,0.5136509802000422,,6,0,dub_irish_dutch,0.048725192745526634,16,0.1898,26,0,0,1729,2,0.3333333333333333,7168,55
,0.09271238749037353,46746000,0.9271238749037353,,10,0,dub_irish_dutch,-0.005737931157151858,22,0.1888,24,0,0,1729,5,0.5,7296,56
,0.134708627519765,46746000,1.07766902015812,,8,0,dub_irish_dutch,0.051743400593598686,24,0.1879,22,0,0,1729,5,0.625,7424,57
,0.10857902246457844,56754000,1.1943692471103629,,11,0,dub_irish_dutch,-0.010475723693768183,23,0.1869,28,0,0,1729,6,0.5454545454545454,7552,58
,0.12106546869074547,46746000,1.3317201555982001,,11,0,dub_irish_dutch,-0.015418226209779581,25,0.186,24,0,0,1729,8,0.7272727272727273,7680,59
,0.12246184977811089,56754000,1.102156648002998,,9,0,dub_irish_dutch,-0.024598928168416023,25,0.1851,21,0,0,1729,5,0.5555555555555556,7808,60
,0.14069151380464773,56754000,1.1255321104371818,,8,0,dub_irish_dutch,-0.031696198508143425,21,0.1841,19,0,0,1729,4,0.5,7936,61
,0.10695987950937015,56754000,1.390478433621812,,13,0,dub_irish_dutch,-0.03558773795763651,26,0.1832,30,0,0,1729,7,0.5384615384615384,8064,62
,0.14367416795306398,46746000,1.0057191756714479,,7,0,dub_irish_dutch,-0.023217768718798954,23,0.1823,17,0,0,1729,3,0.42857142857142855,8192,63
,0.13259515376235123,46746000,1.1933563838611612,,9,0,dub_irish_dutch,-0.027663135901093483,28,0.1814,30,0,0,1729,4,0.4444444444444444,8320,64
,0.1298844159125914,46746000,1.2988441591259139,,10,0,dub_irish_dutch,-0.026055362696448963,27,0.1805,22,0,0,1729,4,0.4,8448,65
,0.08936892595617558,46746000,0.8043203336055803,,9,0,dub_irish_dutch,-0.015246720363696417,23,0.1796,33,0,0,1729,3,0.3333333333333333,8576,66
,0.17890650401667466,46746000,1.4312520321333972,,8,0,dub_irish_dutch,0.05900330593188604,28,0.1787,22,0,0,1729,5,0.625,8704,67
,0.6693805923426582,46746000,1.3387611846853165,,2,0,dub_irish_dutch,-0.0224121796588103,26,0.1778,15,0,0,1729,2,1,8832,68
,0.1704013525320623,56754000,1.192809467724436,,7,0,dub_irish_dutch,0.00023864458004633585,20,0.1769,28,0,0,1729,2,0.2857142857142857,8960,69
,0.1972064912639585,46746000,0.9860324563197925,,5,0,dub_irish_dutch,-0.03192423408230146,22,0.176,23,0,0,1729,1,0.2,9088,70
,0.45448286183577197,46746000,1.363448585507316,,3,0,dub_irish_dutch,-0.02610158361494541,24,0.1751,16,0,0,1729,1,0.3333333333333333,9216,71
,0.6518605677825373,46746000,1.3037211355650746,,2,0,dub_irish_dutch,-0.02402251089612643,25,0.1743,21,0,0,1729,1,0.5,9344,72
,0.31675036685611074,56754000,1.267001467424443,,4,0,dub_irish_dutch,-0.009879066608846188,25,0.1734,22,0,0,1729,3,0.75,9472,73
,0.21035240696682975,46746000,1.4724668487678083,,7,0,dub_irish_dutch,-0.01451572123914957,27,0.1725,32,0,0,1729,4,0.5714285714285714,9600,74
,0.7329233689626509,0,1.4658467379253017,,2,0,dub_irish_dutch,-0.02036314643919468,25,0.1717,18,0,0,1729,0,0,9728,75
,0.42368306955742197,46746000,1.6947322782296879,,4,0,dub_irish_dutch,-0.02366020406285922,23,0.1708,19,0,0,1729,1,0.25,9856,76
,0.38695128147725827,46746000,1.547805125909033,,4,0,dub_irish_dutch,-0.038912673791249595,24,0.1699,21,0,0,1729,2,0.5,9984,77
,0.1594705022459071,56754000,1.1162935157213496,,7,0,dub_irish_dutch,0.030062722663084667,23,0.1691,28,0,0,1729,1,0.14285714285714285,10112,78
,0.5216305896810812,56754000,1.5648917690432436,,3,0,dub_irish_dutch,-0.017215968420108158,26,0.1683,20,0,0,1729,2,0.6666666666666666,10240,79
,0.558696460158356,0,1.117392920316712,,2,0,dub_irish_dutch,-0.003138119044403235,21,0.1674,15,0,0,1729,0,0,10368,80
,0.6414849747517826,0,1.2829699495035651,,2,0,dub_irish_dutch,-0.010812855946520964,22,0.1666,16,0,0,1729,0,0,10496,81
,0.41267345735464,0,1.23802037206392,,3,0,dub_irish_dutch,0.0036507677286863327,18,0.1657,20,0,0,1729,0,0,10624,82
,0.21608572758127742,56754000,1.7286858206502194,,8,0,dub_irish_dutch,-0.030645204707980156,28,0.1649,22,0,0,1729,5,0.625,10752,83
,0.1706081186242026,46746000,1.3648649489936209,,8,0,dub_irish_dutch,0.002951093018054962,27,0.1641,27,0,0,1729,3,0.375,10880,84
,0.2536081716884867,46746000,1.2680408584424336,,5,0,dub_irish_dutch,0.019124277556935947,22,0.1633,29,0,0,1729,2,0.4,11008,85
,0.2883544715055833,46746000,1.4417723575279164,,5,0,dub_irish_dutch,-0.012500651801625887,28,0.1625,21,0,0,1729,1,0.2,11136,86
,0.23753734980976274,56754000,1.4252240988585765,,6,0,dub_irish_dutch,-0.00749486219137907,24,0.1616,20,0,0,1729,2,0.3333333333333333,11264,87
,0.24915089769989396,56754000,1.7440562838992577,,7,0,dub_irish_dutch,-0.010953252824644247,26,0.1608,22,0,0,1729,4,0.5714285714285714,11392,88
,0.3631414377207848,46746000,1.452565750883139,,4,0,dub_irish_dutch,0.005298870615661144,25,0.16,26,0,0,1729,1,0.25,11520,89
,1.4842411442925831,0,1.4842411442925831,,1,0,dub_irish_dutch,-0.007256990143408378,26,0.1592,17,0,0,1729,0,0,11648,90
,0.7732488884409895,46746000,1.546497776881979,,2,0,dub_irish_dutch,-0.0030227877820531526,22,0.1584,17,0,0,1729,1,0.5,11776,91
,0.37701434813220736,46746000,1.5080573925288294,,4,0,dub_irish_dutch,0.018541499351461727,24,0.1576,20,0,0,1729,2,0.5,11904,92
,0.27914650119901996,7403400,1.1165860047960798,,4,0,dub_irish_dutch,-0.011779511036972204,23,0.1569,28,0,0,1729,1,0.25,12032,93
,0.6829372228344134,0,1.3658744456688268,,2,0,dub_irish_dutch,0.003816943926115831,23,0.1561,19,0,0,1729,0,0,12160,94
,0.27752633447246816,46746000,1.3876316723623408,,5,0,dub_irish_dutch,-0.009323464085658392,25,0.1553,20,0,0,1729,2,0.4,12288,95
,0.3362061048704691,46746000,1.6810305243523453,,5,0,dub_irish_dutch,-0.02478349767625332,25,0.1545,19,0,0,1729,2,0.4,12416,96
,0.8325943396226413,0,1.6651886792452826,,2,0,dub_irish_dutch,-0.014862064272165298,26,0.1537,17,0,0,1729,0,0,12544,97
,0.7788367267733459,0,1.5576734535466918,,2,0,dub_irish_dutch,-0.013617918516198793,27,0.153,18,0,0,1729,0,0,12672,98
,0.2889087737555016,46746000,1.444543868777508,,5,0,dub_irish_dutch,-0.008697910544772943,22,0.1522,14,0,0,1729,2,0.4,12800,99
,-0.017495631935239918,46746000,-0.2274432151581189,,13,0,dub_irish_dutch,-0.022055641437570255,7,0.25,29,1,0,1730,1,0.07692307692307693,128,0
,-0.010975642652122943,46746000,-0.16463463978184414,,15,0,dub_irish_dutch,-0.025212551777561504,10,0.2487,31,1,0,1730,1,0.06666666666666667,256,1
,-0.03089121289253008,46746000,-0.4324769804954211,,14,0,dub_irish_dutch,-0.021920880302786827,6,0.2475,25,1,0,1730,1,0.07142857142857142,384,2
,-0.015880892433874177,7403400,-0.2064516016403643,,13,0,dub_irish_dutch,-0.018835270156462986,8,0.2463,35,1,0,1730,1,0.07692307692307693,512,3
,-0.007762394514767933,0,-0.0931487341772152,,12,0,dub_irish_dutch,-0.022416663666566212,6,0.245,34,1,0,1730,0,0,640,4
,-0.005444823140624772,0,-0.07622752396874681,,14,0,dub_irish_dutch,-0.022852489724755287,8,0.2438,27,1,0,1730,0,0,768,5
,0.003038498778718933,56754000,0.04253898290206506,,14,0,dub_irish_dutch,-0.033905470122893654,8,0.2426,35,1,0,1730,1,0.07142857142857142,896,6
,0.022536247756539247,56754000,0.2929712208350102,,13,0,dub_irish_dutch,-0.02811436417202155,12,0.2414,34,1,0,1730,2,0.15384615384615385,1024,7
,-0.0219856215915603,0,-0.3077987022818442,,14,0,dub_irish_dutch,-0.026233286907275517,7,0.2402,25,1,0,1730,0,0,1152,8
,-0.0010075291533221647,46746000,-0.014105408146510305,,14,0,dub_irish_dutch,-0.0205698199570179,8,0.239,32,1,0,1730,1,0.07142857142857142,1280,9
,0.005575441483442835,46746000,0.07805618076819969,,14,0,dub_irish_dutch,-0.02123983825246493,10,0.2378,23,1,0,1730,3,0.21428571428571427,1408,10
,-0.004125960836231833,0,-0.05776345170724565,,14,0,dub_irish_dutch,-0.02205609406034152,10,0.2366,22,1,0,1730,0,0,1536,11
,0.01881058756368881,46746000,0.300969401019021,,16,0,dub_irish_dutch,-0.01593498761455218,12,0.2354,37,1,0,1730,3,0.1875,1664,12
,0.012634943036345174,46746000,0.16425425947248726,,13,0,dub_irish_dutch,-0.023843735456466675,13,0.2342,28,1,0,1730,3,0.23076923076923078,1792,13
,-0.030837163068403225,46746000,-0.3700459568208387,,12,0,dub_irish_dutch,-0.03129979347189268,15,0.2331,32,1,0,1730,2,0.16666666666666666,1920,14
,-0.015318716094032556,0,-0.21446202531645578,,14,0,dub_irish_dutch,-0.022082903732856114,7,0.2319,36,1,0,1730,0,0,2048,15
,-0.015345857724102295,0,-0.18415029268922753,,12,0,dub_irish_dutch,-0.023366085564096768,7,0.2307,22,1,0,1730,0,0,2176,16
,0.002607527272420235,56754000,0.03389785454146305,,13,0,dub_irish_dutch,-0.03470411648352941,8,0.2296,26,1,0,1730,1,0.07692307692307693,2304,17
,0.020594214564194947,46746000,0.2883190038987293,,14,0,dub_irish_dutch,-0.018389241459469,7,0.2284,24,1,0,1730,2,0.14285714285714285,2432,18
,0.006352102804277225,46746000,0.08892943925988114,,14,0,dub_irish_dutch,-0.030796857550740242,9,0.2273,21,1,0,1730,2,0.14285714285714285,2560,19
,0.052351024540772284,56754000,0.8376163926523565,,16,0,dub_irish_dutch,-0.021494576707482338,16,0.2262,36,1,0,1730,7,0.4375,2688,20
,0.04035739481265472,56754000,0.5246461325645113,,13,0,dub_irish_dutch,-0.024410303682088852,13,0.225,31,1,0,1730,4,0.3076923076923077,2816,21
,0.024214412210004876,46746000,0.26635853431005363,,11,0,dub_irish_dutch,-0.024177253246307373,12,0.2239,26,1,0,1730,2,0.18181818181818182,2944,22
,0.008094474787214218,46746000,0.10522817223378483,,13,0,dub_irish_dutch,-0.03813135251402855,5,0.2228,27,1,0,1730,1,0.07692307692307693,3072,23
,0.04096125313077925,56754000,0.491535037569351,,12,0,dub_irish_dutch,-0.019616641104221344,14,0.2217,23,1,0,1730,3,0.25,3200,24
,-0.005841977494510467,46746000,-0.05841977494510467,,10,0,dub_irish_dutch,-0.0209089828034242,7,0.2206,24,1,0,1730,1,0.1,3328,25
,0.020167979854471507,46746000,0.18151181869024355,,9,0,dub_irish_dutch,-0.033565896252791085,13,0.2195,27,1,0,1730,2,0.2222222222222222,3456,26
,-0.0034629707594115533,46746000,-0.045018619872350195,,13,0,dub_irish_dutch,-0.018725645107527573,10,0.2184,29,1,0,1730,1,0.07692307692307693,3584,27
,0.02865158949675167,46746000,0.34381907396102,,12,0,dub_irish_dutch,-0.01443164081623157,15,0.2173,31,1,0,1730,4,0.3333333333333333,3712,28
,0.04447643517107765,46746000,0.4447643517107765,,10,0,dub_irish_dutch,0.0007117421676715215,13,0.2162,26,1,0,1730,3,0.3,3840,29
,0.001585556450777166,0,0.014270008056994493,,9,0,dub_irish_dutch,-0.03553050383925438,10,0.2151,25,1,0,1730,0,0,3968,30
,0.03197688452672388,46746000,0.31976884526723875,,10,0,dub_irish_dutch,-0.027207260330518086,14,0.214,30,1,0,1730,2,0.2,4096,31
,0.012825817497594547,46746000,0.11543235747835093,,9,0,dub_irish_dutch,-0.006415160683294137,11,0.213,25,1,0,1730,1,0.1111111111111111,4224,32
,0.10100418099894157,46746000,0.8080334479915325,,8,0,dub_irish_dutch,-0.020990716914335888,19,0.2119,26,1,0,1730,5,0.625,4352,33
,0.04761126609305067,56754000,0.6665577253027094,,14,0,dub_irish_dutch,-0.020908469955126446,16,0.2108,24,1,0,1730,4,0.2857142857142857,4480,34
,0.05213540999438476,46746000,0.6256249199326172,,12,0,dub_irish_dutch,-0.014639782719314098,16,0.2098,28,1,0,1730,4,0.3333333333333333,4608,35
,0.10418951737577153,56754000,1.2502742085092584,,12,0,dub_irish_dutch,-0.008498447015881538,28,0.2087,25,1,0,1730,8,0.6666666666666666,4736,36
,0.1108438916193076,46746000,1.2192828078123836,,11,0,dub_irish_dutch,-0.004150902231534322,26,0.2077,15,1,0,1730,8,0.7272727272727273,4864,37
,0.09376914619031576,46746000,0.9376914619031576,,10,0,dub_irish_dutch,-0.027169046302636463,18,0.2066,22,1,0,1730,4,0.4,4992,38
,0.08007358040466604,46746000,0.7206622236419944,,9,0,dub_irish_dutch,-0.022325965265432995,17,0.2056,22,1,0,1730,3,0.3333333333333333,5120,39
,0.11054962966617475,56754000,1.2160459263279222,,11,0,dub_irish_dutch,-0.020969754705826443,23,0.2046,30,1,0,1730,6,0.5454545454545454,5248,40
,0.09558204040503067,56754000,1.0514024444553374,,11,0,dub_irish_dutch,0.00814294752975305,20,0.2036,31,1,0,1730,4,0.36363636363636365,5376,41
,0.18008155753908456,46746000,0.7203262301563382,,4,0,dub_irish_dutch,-0.01669493814309438,19,0.2025,30,1,0,1730,1,0.25,5504,42
,0.07088367567253344,46746000,0.7088367567253344,,10,0,dub_irish_dutch,-0.028520701453089714,20,0.2015,27,1,0,1730,5,0.5,5632,43
,0.15595106228775543,46746000,0.9357063737265326,,6,0,dub_irish_dutch,-0.025126875688632328,22,0.2005,26,1,0,1730,3,0.5,5760,44
,0.14080302502240707,46746000,1.1264242001792566,,8,0,dub_irish_dutch,-0.012328537801901499,22,0.1995,21,1,0,1730,5,0.625,5888,45
,0.09323208330016795,56754000,0.9323208330016796,,10,0,dub_irish_dutch,0.0011396082118153572,19,0.1985,28,1,0,1730,4,0.4,6016,46
,0.11368519340918795,56754000,1.1368519340918795,,10,0,dub_irish_dutch,0.034119480599959694,21,0.1975,30,1,0,1730,4,0.4,6144,47
,0.037774351431810245,46746000,0.3399691628862922,,9,0,dub_irish_dutch,0.0152409253641963,13,0.1965,42,1,0,1730,1,0.1111111111111111,6272,48
,0.10906642365136317,56754000,0.7634649655595421,,7,0,dub_irish_dutch,-0.004275732673704624,19,0.1956,14,1,0,1730,3,0.42857142857142855,6400,49
,0.09175704348426547,56754000,0.9175704348426548,,10,0,dub_irish_dutch,-0.004000873615344365,23,0.1946,29,1,0,1730,4,0.4,6528,50
,0.09229438420043218,46746000,0.9229438420043218,,10,0,dub_irish_dutch,-0.01582332979887724,21,0.1936,22,1,0,1730,4,0.4,6656,51
,0.10195238467648145,56754000,1.0195238467648144,,10,0,dub_irish_dutch,-0.025454838449756306,20,0.1926,22,1,0,1730,5,0.5,6784,52
,0.12318946953832383,56754000,1.478273634459886,,12,0,dub_irish_dutch,-0.01440786849707365,32,0.1917,22,1,0,1730,8,0.6666666666666666,6912,53
,0.13603979949424921,46746000,0.9522785964597444,,7,0,dub_irish_dutch,-0.02021564853688081,25,0.1907,16,1,0,1730,3,0.42857142857142855,7040,54
,0.12314094306342493,56754000,1.3545503736976743,,11,0,dub_irish_dutch,0.03393531093994776,26,0.1898,29,1,0,1730,7,0.6363636363636364,7168,55
,0.1334244986633909,46746000,1.6010939839606908,,12,0,dub_irish_dutch,-0.024963415538271267,30,0.1888,18,1,0,1730,11,0.9166666666666666,7296,56
,0.09763039620750591,46746000,0.6834127734525414,,7,0,dub_irish_dutch,-0.01012018167724212,20,0.1879,17,1,0,1730,2,0.2857142857142857,7424,57
,0.12346043812572198,46746000,0.8642230668800539,,7,0,dub_irish_dutch,-0.01575295627117157,22,0.1869,21,1,0,1730,3,0.42857142857142855,7552,58
,0.15234779613496344,46746000,1.2187823690797075,,8,0,dub_irish_dutch,0.02236138905088107,23,0.186,18,1,0,1730,4,0.5,7680,59
,0.08063653785737407,46746000,0.9676384542884888,,12,0,dub_irish_dutch,-0.02570325943330924,20,0.1851,30,1,0,1730,5,0.4166666666666667,7808,60
,0.09735751676112663,46746000,1.1682902011335194,,12,0,dub_irish_dutch,-0.025802379474043846,21,0.1841,25,1,0,1730,5,0.4166666666666667,7936,61
,0.16473273238658231,46746000,1.4825945914792409,,9,0,dub_irish_dutch,-0.02020951360464096,27,0.1832,22,1,0,1730,6,0.6666666666666666,8064,62
,0.11326924299046502,46746000,1.0194231869141852,,9,0,dub_irish_dutch,-0.02876487374305725,17,0.1823,29,1,0,1730,3,0.3333333333333333,8192,63
,0.09986441604419029,46746000,0.699050912309332,,7,0,dub_irish_dutch,-0.020660705243547756,20,0.1814,26,1,0,1730,2,0.2857142857142857,8320,64
,0.17440678022649797,56754000,1.3952542418119838,,8,0,dub_irish_dutch,-0.009108176144460836,20,0.1805,22,1,0,1730,5,0.625,8448,65
,0.10882741126628784,46746000,0.8706192901303027,,8,0,dub_irish_dutch,-0.018469981228311855,22,0.1796,25,1,0,1730,2,0.25,8576,66
,0.19941032135091366,56754000,1.3958722494563955,,7,0,dub_irish_dutch,-0.021793469165762264,26,0.1787,29,1,0,1730,5,0.7142857142857143,8704,67
,0.23482218282640285,56754000,1.408933096958417,,6,0,dub_irish_dutch,0.13037500282128653,23,0.1778,27,1,0,1730,2,0.3333333333333333,8832,68
,0.3106410302785453,56754000,1.5532051513927265,,5,0,dub_irish_dutch,-0.021316055208444595,25,0.1769,24,1,0,1730,3,0.6,8960,69
,0.4387330441704432,56754000,1.7549321766817727,,4,0,dub_irish_dutch,-0.010796580774088701,27,0.176,19,1,0,1730,4,1,9088,70
,0.19377258324946414,46746000,1.356408082746249,,7,0,dub_irish_dutch,0.020091519380609196,25,0.1751,16,1,0,1730,4,0.5714285714285714,9216,71
,0.23228160421530686,46746000,1.1614080210765343,,5,0,dub_irish_dutch,-0.012847843890388807,27,0.1743,17,1,0,1730,2,0.4,9344,72
,0.24817779783233268,46746000,1.2408889891616635,,5,0,dub_irish_dutch,-0.007126010333498319,23,0.1734,25,1,0,1730,2,0.4,9472,73
,0.19547599747398148,46746000,1.3683319823178703,,7,0,dub_irish_dutch,-0.026177939027547836,25,0.1725,22,1,0,1730,3,0.42857142857142855,9600,74
,0.25570595904096033,46746000,1.534235754245762,,6,0,dub_irish_dutch,0.037212662398815155,27,0.1717,20,1,0,1730,5,0.8333333333333334,9728,75
,0.2190313755884184,7403400,1.095156877942092,,5,0,dub_irish_dutch,-0.02492170160015424,21,0.1708,21,1,0,1730,1,0.2,9856,76
,0.20411114662551347,46746000,1.2246668797530809,,6,0,dub_irish_dutch,0.07506849368413289,24,0.1699,23,1,0,1730,2,0.3333333333333333,9984,77
,0.17057557376103635,56754000,1.1940290163272544,,7,0,dub_irish_dutch,-0.0327753908932209,24,0.1691,19,1,0,1730,2,0.2857142857142857,10112,78
,0.27740871979688103,46746000,1.3870435989844052,,5,0,dub_irish_dutch,0.08257000893354416,22,0.1683,19,1,0,1730,1,0.2,10240,79
,0.18491610017912152,46746000,1.2944127012538507,,7,0,dub_irish_dutch,-0.02450411518414815,23,0.1674,25,1,0,1730,2,0.2857142857142857,10368,80
,0.33993979682085085,46746000,1.3597591872834034,,4,0,dub_irish_dutch,-0.02463868260383606,25,0.1666,14,1,0,1730,2,0.5,10496,81
,0.31454076153492133,46746000,1.2581630461396853,,4,0,dub_irish_dutch,-0.014969254223008951,26,0.1657,23,1,0,1730,1,0.25,10624,82
,0.4805610289516749,46746000,1.4416830868550248,,3,0,dub_irish_dutch,0.11653561393419902,23,0.1649,15,1,0,1730,1,0.3333333333333333,10752,83
,0.5051879304102954,46746000,1.5155637912308861,,3,0,dub_irish_dutch,-0.01933852955698967,25,0.1641,16,1,0,1730,2,0.6666666666666666,10880,84
,0.2407086976314902,56754000,1.6849608834204313,,7,0,dub_irish_dutch,-0.024938153102993965,27,0.1633,15,1,0,1730,3,0.42857142857142855,11008,85
,0.181360139102811,0,0.9068006955140551,,5,0,dub_irish_dutch,-0.029512248933315277,21,0.1625,21,1,0,1730,0,0,11136,86
,0.28532731650673376,46746000,1.7119638990404027,,6,0,dub_irish_dutch,-0.023764873544375103,27,0.1616,16,1,0,1730,3,0.5,11264,87
,0.4410929939192658,46746000,1.3232789817577975,,3,0,dub_irish_dutch,-0.017487977941830952,23,0.1608,20,1,0,1730,1,0.3333333333333333,11392,88
,0.3424840505536735,56754000,1.7124202527683674,,5,0,dub_irish_dutch,-0.03178877507646879,27,0.16,19,1,0,1730,3,0.6,11520,89
,0.2418408563366384,0,1.209204281683192,,5,0,dub_irish_dutch,-0.019524552548925083,21,0.1592,20,1,0,1730,0,0,11648,90
,0.35740713085704534,46746000,1.4296285234281814,,4,0,dub_irish_dutch,-0.01909141180415948,26,0.1584,22,1,0,1730,1,0.25,11776,91
,0.1699870844564241,0,1.0199225067385447,,6,0,dub_irish_dutch,-0.023340133329232533,19,0.1576,23,1,0,1730,0,0,11904,92
,0.6171448865791315,0,1.234289773158263,,2,0,dub_irish_dutch,-0.02115456263224284,25,0.1569,17,1,0,1730,0,0,12032,93
,1.524287834314379,46746000,1.524287834314379,,1,0,dub_irish_dutch,-0.014573638016978899,26,0.1561,24,1,0,1730,1,1,12160,94
,1.5260587119245441,0,1.5260587119245441,,1,0,dub_irish_dutch,0.009906789908806482,24,0.1553,13,1,0,1730,0,0,12288,95
,0.3453703645339722,56754000,1.726851822669861,,5,0,dub_irish_dutch,-0.013856544780234495,26,0.1545,23,1,0,1730,3,0.6,12416,96
,0.463431392145207,56754000,1.853725568580828,,4,0,dub_irish_dutch,-0.01744265668094158,27,0.1537,12,1,0,1730,2,0.5,12544,97
,1.0074466136152984,56754000,2.014893227230597,,2,0,dub_irish_dutch,0.004503912292420864,26,0.153,15,1,0,1730,1,0.5,12672,98
,0.9393869425752601,56754000,1.8787738851505202,,2,0,dub_irish_dutch,0.3214633067448934,26,0.1522,17,1,0,1730,1,0.5,12800,99
,0.006005612508915673,46746000,0.0900841876337351,,15,0,dub_irish_dutch,-0.020256709307432175,9,0.25,28,2,0,1731,1,0.06666666666666667,128,0
,-0.02085551333667527,2322000,-0.2711216733767785,,13,0,dub_irish_dutch,-0.01992299531896909,8,0.2487,30,2,0,1731,1,0.07692307692307693,256,1
,0.004331103066535021,46746000,0.051973236798420246,,12,0,dub_irish_dutch,-0.024978339051206905,14,0.2475,35,2,0,1731,2,0.16666666666666666,384,2
,-0.01621251348213335,0,-0.22697518874986689,,14,0,dub_irish_dutch,-0.021430259570479393,9,0.2463,32,2,0,1731,0,0,512,3
,-0.012647519829581311,46746000,-0.17706527761413834,,14,0,dub_irish_dutch,-0.02545390898982684,8,0.245,39,2,0,1731,1,0.07142857142857142,640,4
,-0.009040080814267954,46746000,-0.14464129302828727,,16,0,dub_irish_dutch,-0.021293675526976585,9,0.2438,30,2,0,1731,1,0.0625,768,5
,-0.02865940100130243,46746000,-0.3439128120156292,,12,0,dub_irish_dutch,-0.017471548169851303,6,0.2426,36,2,0,1731,1,0.08333333333333333,896,6
,-0.017255877034358054,0,-0.24158227848101277,,14,0,dub_irish_dutch,-0.032169864202539124,6,0.2414,33,2,0,1731,0,0,1024,7
,-0.011465042784741312,0,-0.14904555620163706,,13,0,dub_irish_dutch,-0.03187266861399015,5,0.2402,31,2,0,1731,0,0,1152,8
,-0.005384615384615385,0,-0.07,,13,0,dub_irish_dutch,-0.02223942056298256,2,0.239,33,2,0,1731,0,0,1280,9
,0.005609195682844784,46746000,0.08413793524267177,,15,0,dub_irish_dutch,-0.02988022193312645,6,0.2378,35,2,0,1731,2,0.13333333333333333,1408,10
,-0.00274602371488951,46746000,-0.041190355723342655,,15,0,dub_irish_dutch,-0.02303675313790639,13,0.2366,31,2,0,1731,3,0.2,1536,11
,-0.02319863680623175,0,-0.30158227848101277,,13,0,dub_irish_dutch,-0.01412468341489633,5,0.2354,31,2,0,1731,0,0,1664,12
,-0.005725815140442745,46746000,-0.07443559682575568,,13,0,dub_irish_dutch,-0.029850571726759274,8,0.2342,32,2,0,1731,1,0.07692307692307693,1792,13
,0.001139656334231807,0,0.01823450134770891,,16,0,dub_irish_dutch,-0.025243621940414112,5,0.2331,30,2,0,1731,0,0,1920,14
,0.014284871779976421,46746000,0.1999882049196699,,14,0,dub_irish_dutch,-0.029021934295694034,13,0.2319,31,2,0,1731,4,0.2857142857142857,2048,15
,-0.017251125511567985,0,-0.22426463165038382,,13,0,dub_irish_dutch,-0.016324120263258617,11,0.2307,32,2,0,1731,0,0,2176,16
,0.018542267781604043,46746000,0.2595917489424566,,14,0,dub_irish_dutch,-0.027853883802890778,13,0.2296,31,2,0,1731,3,0.21428571428571427,2304,17
,0.008005633503401355,46746000,0.12008450255102034,,15,0,dub_irish_dutch,-0.026123160496354103,4,0.2284,27,2,0,1731,2,0.13333333333333333,2432,18
,0.004398587503921097,46746000,0.06158022505489536,,14,0,dub_irish_dutch,-0.017245691890517872,7,0.2273,36,2,0,1731,1,0.07142857142857142,2560,19
,-0.011239600782885634,6210000,-0.14611481017751324,,13,0,dub_irish_dutch,-0.019512655834356945,6,0.2262,26,2,0,1731,1,0.07692307692307693,2688,20
,0.028095440309230797,46746000,0.36524072402000035,,13,0,dub_irish_dutch,-0.017710968852043152,11,0.225,31,2,0,1731,3,0.23076923076923078,2816,21
,-0.0016825197338305028,46746000,-0.02523779600745754,,15,0,dub_irish_dutch,-0.023582504441340763,8,0.2239,37,2,0,1731,2,0.13333333333333333,2944,22
,0.009491633703224004,0,0.10440797073546404,,11,0,dub_irish_dutch,-0.017560092732310295,6,0.2228,22,2,0,1731,0,0,3072,23
,0.01977744301367997,46746000,0.23732931616415964,,12,0,dub_irish_dutch,-0.024130214005708694,9,0.2217,27,2,0,1731,1,0.08333333333333333,3200,24
,0.016222575197383238,56754000,0.24333862796074857,,15,0,dub_irish_dutch,-0.013730900983015696,13,0.2206,30,2,0,1731,2,0.13333333333333333,3328,25
,0.029008844559445083,46746000,0.31909729015389593,,11,0,dub_irish_dutch,-0.018675173943241436,13,0.2195,19,2,0,1731,2,0.18181818181818182,3456,26
,-0.01425367592108304,0,-0.1425367592108304,,10,0,dub_irish_dutch,-0.028569361194968224,11,0.2184,32,2,0,1731,0,0,3584,27
,0.019128433878232223,46746000,0.21041277266055447,,11,0,dub_irish_dutch,-0.019999389847119648,13,0.2173,28,2,0,1731,2,0.18181818181818182,3712,28
,0.016321574581588064,33534000,0.21218046956064485,,13,0,dub_irish_dutch,-0.014630381017923355,8,0.2162,29,2,0,1731,1,0.07692307692307693,3840,29
,-0.0036888596984906057,46746000,-0.05164403577886848,,14,0,dub_irish_dutch,-0.0008768811821937561,11,0.2151,23,2,0,1731,1,0.07142857142857142,3968,30
,0.03287802470055821,46746000,0.39453629640669846,,12,0,dub_irish_dutch,-0.02390351581076781,16,0.214,36,2,0,1731,3,0.25,4096,31
,0.04017820150813689,46746000,0.361603813573232,,9,0,dub_irish_dutch,-0.011873462237417698,10,0.213,30,2,0,1731,3,0.3333333333333333,4224,32
,0.04960345438371049,46746000,0.5952414526045259,,12,0,dub_irish_dutch,-0.015597866848111153,14,0.2119,38,2,0,1731,3,0.25,4352,33
,0.019457624751120686,46746000,0.2529491217645689,,13,0,dub_irish_dutch,-0.020270520200332005,15,0.2108,25,2,0,1731,3,0.23076923076923078,4480,34
,0.024476720573502628,23373000,0.2692439263085289,,11,0,dub_irish_dutch,-0.03318618113795916,14,0.2098,35,2,0,1731,2,0.18181818181818182,4608,35
,0.020749925791884415,46746000,0.2697490352944974,,13,0,dub_irish_dutch,-0.012991674244403839,15,0.2087,35,2,0,1731,3,0.23076923076923078,4736,36
,0.07859694963902035,56754000,0.9431633956682441,,12,0,dub_irish_dutch,-0.021417004987597466,22,0.2077,19,2,0,1731,4,0.3333333333333333,4864,37
,0.0033571773281682233,0,0.03692895060985046,,11,0,dub_irish_dutch,-0.019322268043955166,9,0.2066,21,2,0,1731,0,0,4992,38
,0.03292847133323532,46746000,0.3292847133323532,,10,0,dub_irish_dutch,-0.01519226903716723,12,0.2056,29,2,0,1731,2,0.2,5120,39
,0.053984029772605135,56754000,0.5398402977260514,,10,0,dub_irish_dutch,-0.038040789465109505,21,0.2046,33,2,0,1731,5,0.5,5248,40
,0.042193715842601044,46746000,0.42193715842601043,,10,0,dub_irish_dutch,-0.01821833848953247,18,0.2036,23,2,0,1731,2,0.2,5376,41
,0.07420989454825046,56754000,0.9647286291272559,,13,0,dub_irish_dutch,-0.01700896831850211,17,0.2025,32,2,0,1731,5,0.38461538461538464,5504,42
,0.06245842495644788,46746000,0.6245842495644788,,10,0,dub_irish_dutch,-0.018316653246680897,22,0.2015,29,2,0,1731,4,0.4,5632,43
,0.11339629910881832,46746000,1.1339629910881832,,10,0,dub_irish_dutch,-0.024693110957741737,22,0.2005,21,2,0,1731,6,0.6,5760,44
,0.0874273060974993,46746000,0.8742730609749929,,10,0,dub_irish_dutch,0.01023009791970253,24,0.1995,27,2,0,1731,6,0.6,5888,45
,0.0657934711325568,46746000,0.5921412401930113,,9,0,dub_irish_dutch,-0.02757217672963937,19,0.1985,26,2,0,1731,3,0.3333333333333333,6016,46
,0.1384141940438267,46746000,1.522556134482094,,11,0,dub_irish_dutch,-0.020704540113608044,32,0.1975,26,2,0,1731,9,0.8181818181818182,6144,47
,0.06605258102115204,46746000,0.7265783912326724,,11,0,dub_irish_dutch,-0.023291219025850296,21,0.1965,23,2,0,1731,3,0.2727272727272727,6272,48
,0.1125096785900252,46746000,1.2376064644902771,,11,0,dub_irish_dutch,-0.018590234220027924,27,0.1956,20,2,0,1731,8,0.7272727272727273,6400,49
,0.08569282027776805,46746000,0.9426210230554486,,11,0,dub_irish_dutch,-0.030614058176676433,21,0.1946,26,2,0,1731,5,0.45454545454545453,6528,50
,0.11891002607579093,46746000,1.1891002607579093,,10,0,dub_irish_dutch,-0.0194064366320769,27,0.1936,19,2,0,1731,6,0.6,6656,51
,0.1058113366017357,56754000,1.058113366017357,,10,0,dub_irish_dutch,-0.010415526106953621,27,0.1926,21,2,0,1731,6,0.6,6784,52
,0.12848908780296708,46746000,1.1564017902267036,,9,0,dub_irish_dutch,-0.02859688860674699,25,0.1917,25,2,0,1731,7,0.7777777777777778,6912,53
,0.21806879132527016,56754000,1.308412747951621,,6,0,dub_irish_dutch,-0.023334403832753498,24,0.1907,17,2,0,1731,3,0.5,7040,54
,0.08692535281179166,46746000,1.0431042337415,,12,0,dub_irish_dutch,-0.008891066225866476,23,0.1898,22,2,0,1731,6,0.5,7168,55
,0.19369421773721274,46746000,1.1621653064232764,,6,0,dub_irish_dutch,-0.021950066089630127,27,0.1888,30,2,0,1731,5,0.8333333333333334,7296,56
,0.0959483618706202,46746000,1.3432770661886828,,14,0,dub_irish_dutch,-0.009517803167303404,28,0.1879,24,2,0,1731,8,0.5714285714285714,7424,57
,0.2328750732130254,56754000,1.3972504392781524,,6,0,dub_irish_dutch,0.08666618665059407,25,0.1869,21,2,0,1731,4,0.6666666666666666,7552,58
,0.22792363897231258,46746000,1.3675418338338754,,6,0,dub_irish_dutch,-0.022157786414027214,28,0.186,20,2,0,1731,4,0.6666666666666666,7680,59
,0.13991442786615685,56754000,1.1193154229292548,,8,0,dub_irish_dutch,-0.01478890577952067,28,0.1851,27,2,0,1731,4,0.5,7808,60
,0.1768250776135925,46746000,1.5914256985223325,,9,0,dub_irish_dutch,-0.013095973990857601,27,0.1841,23,2,0,1731,6,0.6666666666666666,7936,61
,0.13610349842803565,46746000,0.9527244889962495,,7,0,dub_irish_dutch,-0.021601167197028797,22,0.1832,20,2,0,1731,2,0.2857142857142857,8064,62
,0.16815909630063033,56754000,1.513431866705673,,9,0,dub_irish_dutch,0.0040991539135575294,30,0.1823,26,2,0,1731,6,0.6666666666666666,8192,63
,0.1645516895621751,46746000,1.316413516497401,,8,0,dub_irish_dutch,-0.0011151040283342202,26,0.1814,25,2,0,1731,5,0.625,8320,64
,0.1738956101875709,56754000,1.3911648815005673,,8,0,dub_irish_dutch,-0.014245275097588697,25,0.1805,19,2,0,1731,4,0.5,8448,65
,0.24070760131882935,46746000,1.2035380065941468,,5,0,dub_irish_dutch,-0.027012658615907032,25,0.1796,25,2,0,1731,2,0.4,8576,66
,0.26330863961673157,46746000,1.316543198083658,,5,0,dub_irish_dutch,-0.0136567959561944,23,0.1787,19,2,0,1731,1,0.2,8704,67
,0.3067662866597568,46746000,1.533831433298784,,5,0,dub_irish_dutch,-0.016440029876927536,25,0.1778,24,2,0,1731,2,0.4,8832,68
,0.8260670628068442,0,1.6521341256136883,,2,0,dub_irish_dutch,-0.005095677760740121,26,0.1769,13,2,0,1731,0,0,8960,69
,0.266751298807015,46746000,1.3337564940350748,,5,0,dub_irish_dutch,0.002465543026725451,22,0.176,25,2,0,1731,1,0.2,9088,70
,0.45703167115902965,0,1.371095013477089,,3,0,dub_irish_dutch,0.006410643458366394,25,0.1751,18,2,0,1731,0,0,9216,71
,0.469192918841693,8078400,1.407578756525079,,3,0,dub_irish_dutch,0.03224907939632734,24,0.1743,16,2,0,1731,1,0.3333333333333333,9344,72
,0.29129414851981267,56754000,1.747764891118876,,6,0,dub_irish_dutch,0.016090084488193195,27,0.1734,25,2,0,1731,2,0.3333333333333333,9472,73
,0.2387241571716757,46746000,1.432344943030054,,6,0,dub_irish_dutch,0.025124850993355114,24,0.1725,26,2,0,1731,2,0.3333333333333333,9600,74
,0.163301154777949,0,0.9798069286676939,,6,0,dub_irish_dutch,-0.022146888077259064,24,0.1717,19,2,0,1731,0,0,9728,75
,0.2984585850259915,46746000,1.4922929251299575,,5,0,dub_irish_dutch,0.00042847295602162677,27,0.1708,23,2,0,1731,1,0.2,9856,76
,0.3886912987213958,56754000,1.5547651948855832,,4,0,dub_irish_dutch,0.024644571046034496,25,0.1699,26,2,0,1731,1,0.25,9984,77
,0.25177936627921926,56754000,1.2588968313960964,,5,0,dub_irish_dutch,-0.029147407039999962,19,0.1691,27,2,0,1731,2,0.4,10112,78
,0.3423215772241918,46746000,1.3692863088967673,,4,0,dub_irish_dutch,-0.014269538534184298,22,0.1683,25,2,0,1731,1,0.25,10240,79
,0.3300786054795949,56754000,1.6503930273979746,,5,0,dub_irish_dutch,0.005023276433348656,27,0.1674,22,2,0,1731,3,0.6,10368,80
,0.4477321251733526,56754000,1.7909285006934104,,4,0,dub_irish_dutch,-0.031952159479260445,30,0.1666,23,2,0,1731,3,0.75,10496,81
,0.20212697722957218,0,1.010634886147861,,5,0,dub_irish_dutch,-0.0014803859715660412,24,0.1657,23,2,0,1731,0,0,10624,82
,0.40286101451193707,0,1.2085830435358111,,3,0,dub_irish_dutch,0.007908896853526434,23,0.1649,24,2,0,1731,0,0,10752,83
,0.45807420473451566,56754000,1.374222614203547,,3,0,dub_irish_dutch,-0.009882715220252672,25,0.1641,17,2,0,1731,1,0.3333333333333333,10880,84
,0.5501871329414678,46746000,1.1003742658829356,,2,0,dub_irish_dutch,-0.02176022157073021,23,0.1633,19,2,0,1731,1,0.5,11008,85
,1.560237353195995,0,1.560237353195995,,1,0,dub_irish_dutch,0.11641351381937663,25,0.1625,23,2,0,1731,0,0,11136,86
,1.7269495666164187,38921400,1.7269495666164187,,1,0,dub_irish_dutch,0.0010366346687078476,26,0.1616,16,2,0,1731,1,1,11264,87
,0.3293076895602564,0,1.3172307582410256,,4,0,dub_irish_dutch,0.02585887039701144,24,0.1608,21,2,0,1731,0,0,11392,88
,0.3152252114067915,46746000,1.260900845627166,,4,0,dub_irish_dutch,-0.012641388922929764,25,0.16,26,2,0,1731,1,0.25,11520,89
,0.15678644982145182,56754000,0.940718698928711,,6,0,dub_irish_dutch,0.0605703666806221,21,0.1592,29,2,0,1731,1,0.16666666666666666,11648,90
,0.7789499624918994,8078400,1.5578999249837988,,2,0,dub_irish_dutch,-0.019845370824138325,25,0.1584,14,2,0,1731,1,0.5,11776,91
,0.25455755268378466,7403400,1.2727877634189233,,5,0,dub_irish_dutch,0.005804290374120076,22,0.1576,23,2,0,1731,1,0.2,11904,92
,0.7717198146334487,46746000,1.5434396292668975,,2,0,dub_irish_dutch,0.026665689423680305,27,0.1569,24,2,0,1731,1,0.5,12032,93
,1.6751886792452826,0,1.6751886792452826,,1,0,dub_irish_dutch,0.009936896773676077,24,0.1561,14,2,0,1731,0,0,12160,94
,0.4540835579514826,0,1.3622506738544478,,3,0,dub_irish_dutch,0.008100318101545175,23,0.1553,23,2,0,1731,0,0,12288,95
,0.5937812354831358,56754000,1.7813437064494073,,3,0,dub_irish_dutch,0.005080707526455323,28,0.1545,18,2,0,1731,2,0.6666666666666666,12416,96
,0.46360133560703926,46746000,1.3908040068211178,,3,0,dub_irish_dutch,0.007063848276933034,23,0.1537,24,2,0,1731,1,0.3333333333333333,12544,97
,0.23203394861646592,0,1.1601697430823297,,5,0,dub_irish_dutch,-0.0040697149621943636,23,0.153,23,2,0,1731,0,0,12672,98
,0.2947570303475163,46746000,1.4737851517375815,,5,0,dub_irish_dutch,-0.016018766288956005,24,0.1522,18,2,0,1731,1,0.2,12800,99
,-0.01306399058309735,0,-0.16983187758026555,,13,0,dub_irish_dutch,-0.023809785023331642,9,0.25,36,3,0,1732,0,0,128,0
,-0.021445637432188077,0,-0.30023892405063307,,14,0,dub_irish_dutch,-0.024175679311156273,9,0.2487,29,3,0,1732,0,0,256,1
,-0.017462052825142103,0,-0.2619307923771315,,15,0,dub_irish_dutch,-0.0345581571261088,5,0.2475,30,3,0,1732,0,0,384,2
,-0.025967795940456808,46746000,-0.38951693910685214,,15,0,dub_irish_dutch,-0.02424219436943531,5,0.2463,34,3,0,1732,1,0.06666666666666667,512,3
,-0.0011753393196063736,0,-0.015279411154882856,,13,0,dub_irish_dutch,-0.019620148465037346,7,0.245,33,3,0,1732,0,0,640,4
,-0.009087197306331571,0,-0.127220762288642,,14,0,dub_irish_dutch,-0.013671829054752985,5,0.2438,27,3,0,1732,0,0,768,5
,0.019694333244404474,56754000,0.23633199893285367,,12,0,dub_irish_dutch,-0.028315643469492596,13,0.2426,32,3,0,1732,1,0.08333333333333333,896,6
,-0.008122359295280619,46746000,-0.1299577487244899,,16,0,dub_irish_dutch,-0.02048431895673275,6,0.2414,32,3,0,1732,1,0.0625,1024,7
,-0.0036615502913677628,46746000,-0.047600153787780916,,13,0,dub_irish_dutch,-0.017537413785854977,13,0.2402,27,3,0,1732,1,0.07692307692307693,1152,8
,0.014869263774384097,46746000,0.22303895661576145,,15,0,dub_irish_dutch,-0.024801303322116535,10,0.239,33,3,0,1732,3,0.2,1280,9
,-0.02456839316394629,0,-0.3193891111313018,,13,0,dub_irish_dutch,-0.02591213894387086,6,0.2378,24,3,0,1732,0,0,1408,10
,0.015818344983683237,56754000,0.23727517475524856,,15,0,dub_irish_dutch,-0.02346210367977619,8,0.2366,32,3,0,1732,2,0.13333333333333333,1536,11
,-0.011387503862132171,46746000,-0.13665004634558606,,12,0,dub_irish_dutch,-0.024609163403511047,5,0.2354,25,3,0,1732,1,0.08333333333333333,1664,12
,-0.017059819897084053,0,-0.1876580188679246,,11,0,dub_irish_dutch,-0.023993947232762974,7,0.2342,22,3,0,1732,0,0,1792,13
,0.06378963548309947,46746000,1.0206341677295916,,16,0,dub_irish_dutch,-0.028820209205150604,22,0.2331,29,3,0,1732,8,0.5,1920,14
,-0.0011533013917592336,46746000,-0.017299520876388502,,15,0,dub_irish_dutch,-0.029884335895379383,7,0.2319,22,3,0,1732,1,0.06666666666666667,2048,15
,-0.014173188585409406,0,-0.12755869726868466,,9,0,dub_irish_dutch,-0.02486706090470155,12,0.2307,21,3,0,1732,0,0,2176,16
,0.00430194920823631,46746000,0.04732144129059942,,11,0,dub_irish_dutch,-0.01584610001494487,9,0.2296,36,3,0,1732,1,0.09090909090909091,2304,17
,0.039880700464946774,56754000,0.4785684055793613,,12,0,dub_irish_dutch,-0.025493062411745388,16,0.2284,39,3,0,1732,4,0.3333333333333333,2432,18
,-0.004414714366734909,0,-0.048561858034084,,11,0,dub_irish_dutch,-0.025050449495514233,8,0.2273,25,3,0,1732,0,0,2560,19
,-0.0036998836457401547,0,-0.04809848739462201,,13,0,dub_irish_dutch,-0.027253007516264915,4,0.2262,29,3,0,1732,0,0,2688,20
,-0.005157102147501531,46746000,-0.05157102147501531,,10,0,dub_irish_dutch,-0.025397953887780506,9,0.225,32,3,0,1732,1,0.1,2816,21
,0.010080922026304407,46746000,0.1310519863419573,,13,0,dub_irish_dutch,-0.025779784967501957,7,0.2239,37,3,0,1732,1,0.07692307692307693,2944,22
,0.01599833513259648,2678400,0.14398501619336834,,9,0,dub_irish_dutch,-0.0358125406006972,14,0.2228,27,3,0,1732,1,0.1111111111111111,3072,23
,0.006488409328277873,46746000,0.07786091193933448,,12,0,dub_irish_dutch,-0.018175603200991947,12,0.2217,41,3,0,1732,1,0.08333333333333333,3200,24
,0.041135090699506875,56754000,0.5758912697930962,,14,0,dub_irish_dutch,-0.022959323599934578,14,0.2206,22,3,0,1732,4,0.2857142857142857,3328,25
,0.015234539680825008,46746000,0.15234539680825007,,10,0,dub_irish_dutch,-0.004998805311818917,15,0.2195,23,3,0,1732,2,0.2,3456,26
,0.025370639021766943,46746000,0.32981830728297024,,13,0,dub_irish_dutch,-0.02826567677160104,13,0.2184,31,3,0,1732,2,0.15384615384615385,3584,27
,0.03133006475521902,46746000,0.3446307123074092,,11,0,dub_irish_dutch,-0.02720443221429984,10,0.2173,27,3,0,1732,2,0.18181818181818182,3712,28
,0.02364038719556218,46746000,0.2364038719556218,,10,0,dub_irish_dutch,-0.040659911930561066,12,0.2162,22,3,0,1732,1,0.1,3840,29
,-0.012766944066203677,0,-0.14043638472824044,,11,0,dub_irish_dutch,-0.02259804556767146,8,0.2151,28,3,0,1732,0,0,3968,30
,0.0517898337844777,46746000,0.5696881716292547,,11,0,dub_irish_dutch,-0.02509181636075179,16,0.214,21,3,0,1732,3,0.2727272727272727,4096,31
,0.025250629177699557,46746000,0.30300755013239467,,12,0,dub_irish_dutch,-0.012710357395311197,12,0.213,28,3,0,1732,2,0.16666666666666666,4224,32
,0.06124782345523625,56754000,0.734973881462835,,12,0,dub_irish_dutch,-0.009916098788380623,19,0.2119,26,3,0,1732,4,0.3333333333333333,4352,33
,0.02816011902597403,46746000,0.3097613092857143,,11,0,dub_irish_dutch,-0.012376686868568262,15,0.2108,27,3,0,1732,4,0.36363636363636365,4480,34
,0.09508354796343829,46746000,1.0459190275978212,,11,0,dub_irish_dutch,0.020338712260127068,22,0.2098,24,3,0,1732,7,0.6363636363636364,4608,35
,0.047256934577628515,46746000,0.4725693457762851,,10,0,dub_irish_dutch,-0.0259122084826231,14,0.2087,22,3,0,1732,4,0.4,4736,36
,0.05767845246597589,56754000,0.4614276197278071,,8,0,dub_irish_dutch,0.02967880355815093,16,0.2077,29,3,0,1732,3,0.375,4864,37
,0.06199643702697673,46746000,0.4959714962158138,,8,0,dub_irish_dutch,0.02302871768673261,20,0.2066,21,3,0,1732,3,0.375,4992,38
,0.0564260627758762,46746000,0.6206866905346382,,11,0,dub_irish_dutch,-0.02216509295006593,17,0.2056,27,3,0,1732,5,0.45454545454545453,5120,39
,0.034570343017502635,56754000,0.4839848022450369,,14,0,dub_irish_dutch,-0.04017153133948644,16,0.2046,38,3,0,1732,5,0.35714285714285715,5248,40
,0.08042073967653866,46746000,0.7237866570888479,,9,0,dub_irish_dutch,-0.0013826573267579079,20,0.2036,27,3,0,1732,4,0.4444444444444444,5376,41
,0.0635653298168137,46746000,0.6992186279849507,,11,0,dub_irish_dutch,-0.025685366864005726,21,0.2025,27,3,0,1732,5,0.45454545454545453,5504,42
,0.13779142665873406,46746000,1.3779142665873405,,10,0,dub_irish_dutch,-0.025230643649895985,23,0.2015,29,3,0,1732,7,0.7,5632,43
,0.08517944475429338,56754000,0.7666150027886405,,9,0,dub_irish_dutch,-0.016166822674373787,15,0.2005,22,3,0,1732,2,0.2222222222222222,5760,44
,0.11328625488753434,46746000,1.019576293987809,,9,0,dub_irish_dutch,-0.008661185391247272,24,0.1995,21,3,0,1732,6,0.6666666666666666,5888,45
,0.07841882400535244,56754000,0.8626070640588769,,11,0,dub_irish_dutch,-0.003461510253449281,19,0.1985,26,3,0,1732,5,0.45454545454545453,6016,46
,0.0979779577628402,46746000,1.2737134509169226,,13,0,dub_irish_dutch,0.0005766128500302633,23,0.1975,32,3,0,1732,8,0.6153846153846154,6144,47
,0.06861265587958137,46746000,0.6861265587958137,,10,0,dub_irish_dutch,-0.015616324109335741,21,0.1965,18,3,0,1732,3,0.3,6272,48
,0.08250950740911563,46746000,0.7425855666820407,,9,0,dub_irish_dutch,0.009517244684199492,24,0.1956,27,3,0,1732,4,0.4444444444444444,6400,49
,0.10573729290475745,46746000,1.0573729290475744,,10,0,dub_irish_dutch,-0.024523121615250904,26,0.1946,19,3,0,1732,5,0.5,6528,50
,0.09099624165704018,46746000,0.8189661749133617,,9,0,dub_irish_dutch,-0.024250234787662823,20,0.1936,22,3,0,1732,4,0.4444444444444444,6656,51
,0.05937432263589399,46746000,0.5343689037230459,,9,0,dub_irish_dutch,-0.0069995343995591,17,0.1926,23,3,0,1732,3,0.3333333333333333,6784,52
,0.09760435582359016,46746000,1.0736479140594917,,11,0,dub_irish_dutch,-0.016444955642024677,21,0.1917,38,3,0,1732,5,0.45454545454545453,6912,53
,0.11212385465725123,56754000,1.6818578198587686,,15,0,dub_irish_dutch,-0.01004672950754563,25,0.1907,19,3,0,1732,9,0.6,7040,54
,0.0786383370844279,56754000,0.9436600450131347,,12,0,dub_irish_dutch,0.014214259261886278,22,0.1898,27,3,0,1732,6,0.5,7168,55
,0.14103224368917805,46746000,1.5513546805809586,,11,0,dub_irish_dutch,-0.031038861100872357,29,0.1888,23,3,0,1732,8,0.7272727272727273,7296,56
,0.1590523457827732,56754000,1.5905234578277319,,10,0,dub_irish_dutch,0.052423360447088875,32,0.1879,20,3,0,1732,9,0.9,7424,57
,0.12011222274284274,46746000,0.9608977819427419,,8,0,dub_irish_dutch,-0.000388616385559241,21,0.1869,24,3,0,1732,3,0.375,7552,58
,0.11951951571629284,46746000,0.8366366100140499,,7,0,dub_irish_dutch,-0.0306077574690183,19,0.186,25,3,0,1732,3,0.42857142857142855,7680,59
,0.07389239236378516,46746000,0.7389239236378515,,10,0,dub_irish_dutch,0.00830617764343818,18,0.1851,28,3,0,1732,3,0.3,7808,60
,0.10078625324360997,46746000,1.0078625324360997,,10,0,dub_irish_dutch,-0.021660223603248596,22,0.1841,20,3,0,1732,5,0.5,7936,61
,0.1217849931610769,56754000,1.096064938449692,,9,0,dub_irish_dutch,0.024909605582555134,22,0.1832,22,3,0,1732,5,0.5555555555555556,8064,62
,0.10001774482320497,46746000,0.9001597034088447,,9,0,dub_irish_dutch,-0.002035566916068395,23,0.1823,21,3,0,1732,4,0.4444444444444444,8192,63
,0.18654398092451144,46746000,1.30580786647158,,7,0,dub_irish_dutch,-0.020900242651502293,26,0.1814,31,3,0,1732,4,0.5714285714285714,8320,64
,0.2006886315425766,46746000,1.4048204207980362,,7,0,dub_irish_dutch,-0.003728206269443035,27,0.1805,20,3,0,1732,5,0.7142857142857143,8448,65
,0.11561124707573293,46746000,0.9248899766058635,,8,0,dub_irish_dutch,-0.017298559968670208,21,0.1796,26,3,0,1732,2,0.25,8576,66
,0.16676124612369445,56754000,1.50085121511325,,9,0,dub_irish_dutch,-0.006106803814570109,25,0.1787,25,3,0,1732,5,0.5555555555555556,8704,67
,0.1227709262407445,46746000,1.3504801886481894,,11,0,dub_irish_dutch,-0.026567918558915455,26,0.1778,26,3,0,1732,7,0.6363636363636364,8832,68
,0.17282163549803348,46746000,1.2097514484862344,,7,0,dub_irish_dutch,-0.013344844182332357,24,0.1769,19,3,0,1732,3,0.42857142857142855,8960,69
,0.2067109735993454,46746000,1.033554867996727,,5,0,dub_irish_dutch,-0.023611418281992275,22,0.176,24,3,0,1732,2,0.4,9088,70
,0.18943738125976362,46746000,1.3260616688183453,,7,0,dub_irish_dutch,-0.0230671688914299,24,0.1751,23,3,0,1732,2,0.2857142857142857,9216,71
,0.23355896301622067,46746000,1.401353778097324,,6,0,dub_irish_dutch,-0.01592460150520007,25,0.1743,23,3,0,1732,3,0.5,9344,72
,0.2181324927629407,46746000,1.5269274493405849,,7,0,dub_irish_dutch,0.02076041450103124,28,0.1734,24,3,0,1732,3,0.42857142857142855,9472,73
,0.19184897462137682,46746000,1.3429428223496378,,7,0,dub_irish_dutch,-0.005215406883507967,27,0.1725,27,3,0,1732,1,0.14285714285714285,9600,74
,0.14875094788768053,56754000,1.1900075831014443,,8,0,dub_irish_dutch,-0.023156475896636646,21,0.1717,28,3,0,1732,1,0.125,9728,75
,0.4288978061374902,46746000,1.7155912245499607,,4,0,dub_irish_dutch,-0.007753659815837939,26,0.1708,15,3,0,1732,3,0.75,9856,76
,0.30108414092202207,7403400,1.2043365636880883,,4,0,dub_irish_dutch,-0.027714173619945843,25,0.1699,17,3,0,1732,1,0.25,9984,77
,0.3534128319540734,46746000,1.4136513278162937,,4,0,dub_irish_dutch,0.04762685174743334,26,0.1691,26,3,0,1732,2,0.5,10112,78
,0.541613905201291,46746000,1.624841715603873,,3,0,dub_irish_dutch,-0.004360671155154705,25,0.1683,21,3,0,1732,1,0.3333333333333333,10240,79
,0.2773342825836352,0,1.1093371303345407,,4,0,dub_irish_dutch,-0.0275157888730367,20,0.1674,19,3,0,1732,0,0,10368,80
,0.40269820419211405,0,1.208094612576342,,3,0,dub_irish_dutch,-0.01011278914908568,24,0.1666,19,3,0,1732,0,0,10496,81
,0.45451404230582765,46746000,1.363542126917483,,3,0,dub_irish_dutch,-0.0040695518255233765,25,0.1657,27,3,0,1732,1,0.3333333333333333,10624,82
,0.35176089974610125,46746000,1.407043598984405,,4,0,dub_irish_dutch,-0.013290741791327795,22,0.1649,16,3,0,1732,1,0.25,10752,83
,0.7220948130267152,0,1.4441896260534304,,2,0,dub_irish_dutch,0.015199072659015656,23,0.1641,20,3,0,1732,0,0,10880,84
,0.26345548027285,46746000,1.5807328816370998,,6,0,dub_irish_dutch,-0.01625995058566332,25,0.1633,14,3,0,1732,3,0.5,11008,85
,0.4293257742722776,56754000,1.7173030970891103,,4,0,dub_irish_dutch,-0.008273936808109283,28,0.1625,20,3,0,1732,3,0.75,11136,86
,0.260717211061683,46746000,1.303586055308415,,5,0,dub_irish_dutch,0.0025955946184694767,20,0.1616,25,3,0,1732,1,0.2,11264,87
,0.25493865367491336,0,1.2746932683745669,,5,0,dub_irish_dutch,-0.020684195061524708,21,0.1608,15,3,0,1732,0,0,11392,88
,0.41254198957261845,56754000,1.6501679582904738,,4,0,dub_irish_dutch,-0.015755475188295048,24,0.16,17,3,0,1732,2,0.5,11520,89
,0.25201919205704737,0,1.2600959602852368,,5,0,dub_irish_dutch,0.026888547465205193,20,0.1592,26,3,0,1732,0,0,11648,90
,0.38433387023652377,46746000,1.537335480946095,,4,0,dub_irish_dutch,-0.012934206674496332,23,0.1584,23,3,0,1732,2,0.5,11776,91
,0.39162444422049475,46746000,1.566497776881979,,4,0,dub_irish_dutch,-0.0018886638184388478,24,0.1576,13,3,0,1732,1,0.25,11904,92
,0.29938139259241425,46746000,1.4969069629620713,,5,0,dub_irish_dutch,0.005235522519797087,21,0.1569,22,3,0,1732,1,0.2,12032,93
,1.7487836927223714,0,1.7487836927223714,,1,0,dub_irish_dutch,-0.009117339737713337,24,0.1561,17,3,0,1732,0,0,12160,94
,1.9064506070706582,46746000,1.9064506070706582,,1,0,dub_irish_dutch,0.008419766401251158,26,0.1553,19,3,0,1732,1,1,12288,95
,1.6705491913746626,0,1.6705491913746626,,1,0,dub_irish_dutch,-0.02396187869211038,23,0.1545,18,3,0,1732,0,0,12416,96
,0.7802501139147591,46746000,1.5605002278295181,,2,0,dub_irish_dutch,0.002781675507624944,25,0.1537,21,3,0,1732,1,0.5,12544,97
,1.776408355795148,0,1.776408355795148,,1,0,dub_irish_dutch,0.018824199214577675,24,0.153,16,3,0,1732,0,0,12672,98
,0.36732359905846057,56754000,1.8366179952923027,,5,0,dub_irish_dutch,0.022182836507757504,25,0.1522,21,3,0,1732,3,0.6,12800,99
,-0.0019669308627463756,46746000,-0.029503962941195637,,15,0,dub_irish_dutch,-0.02344374917447567,10,0.25,30,4,0,1733,2,0.13333333333333333,128,0
,-0.014017621694513814,0,-0.18222908202867957,,13,0,dub_irish_dutch,-0.0258576391885678,10,0.2487,27,4,0,1733,0,0,256,1
,-0.02137171844569916,46746000,-0.27783233979408906,,13,0,dub_irish_dutch,-0.030238091945648193,14,0.2475,29,4,0,1733,1,0.07692307692307693,384,2
,-0.020352959391261027,0,-0.2849414314776544,,14,0,dub_irish_dutch,-0.02276145728925864,13,0.2463,28,4,0,1733,0,0,512,3
,0.006891706593634289,46746000,0.08270047912361148,,12,0,dub_irish_dutch,-0.024810639520486195,9,0.245,31,4,0,1733,1,0.08333333333333333,640,4
,0.011604024142432733,46746000,0.16245633799405826,,14,0,dub_irish_dutch,-0.02044943595925967,14,0.2438,29,4,0,1733,2,0.14285714285714285,768,5
,-0.03283333764585754,0,-0.39400005175029046,,12,0,dub_irish_dutch,-0.022244063516457874,11,0.2426,20,4,0,1733,0,0,896,6
,-9.810973567353817e-05,46746000,-0.001177316828082458,,12,0,dub_irish_dutch,-0.019708972424268723,11,0.2414,26,4,0,1733,2,0.16666666666666666,1024,7
,-0.0006400331937873109,46746000,-0.008960464713022353,,14,0,dub_irish_dutch,-0.024268714090188343,5,0.2402,30,4,0,1733,1,0.07142857142857142,1152,8
,0.024196896593155534,56754000,0.362953448897333,,15,0,dub_irish_dutch,-0.025492434079448383,13,0.239,29,4,0,1733,3,0.2,1280,9
,-0.01508815066153014,0,-0.1961459585998918,,13,0,dub_irish_dutch,-0.017021697635451954,8,0.2378,31,4,0,1733,0,0,1408,10
,-0.018000956632653067,0,-0.2160114795918368,,12,0,dub_irish_dutch,-0.026148876175284386,10,0.2366,34,4,0,1733,0,0,1536,11
,-0.039223901968556546,0,-0.35301511771700894,,9,0,dub_irish_dutch,-0.02948346051077048,12,0.2354,31,4,0,1733,0,0,1664,12
,-0.011471184661510618,23373000,-0.14912540059963802,,13,0,dub_irish_dutch,-0.01901839052637418,10,0.2342,25,4,0,1733,1,0.07692307692307693,1792,13
,0.01763020833333333,46746000,0.26445312499999996,,15,0,dub_irish_dutch,-0.01974342142542203,12,0.2331,31,4,0,1733,3,0.2,1920,14
,0.0042975388794636625,46746000,0.05586800543302761,,13,0,dub_irish_dutch,-0.027418988446394604,12,0.2319,36,4,0,1733,1,0.07692307692307693,2048,15
,-0.029266429490491432,0,-0.38046358337638864,,13,0,dub_irish_dutch,-0.03605492785573006,5,0.2307,44,4,0,1733,0,0,2176,16
,0.008018182919603718,46746000,0.10423637795484833,,13,0,dub_irish_dutch,-0.016047426809867222,9,0.2296,32,4,0,1733,1,0.07692307692307693,2304,17
,0.025442722898733772,46746000,0.3053126747848053,,12,0,dub_irish_dutch,-0.03075341818233331,10,0.2284,23,4,0,1733,3,0.25,2432,18
,0.006543371097333239,46746000,0.0850638242653321,,13,0,dub_irish_dutch,-0.02533060684800148,12,0.2273,32,4,0,1733,3,0.23076923076923078,2560,19
,0.0070249595207689825,46746000,0.09132447376999678,,13,0,dub_irish_dutch,-0.01942756213247776,12,0.2262,29,4,0,1733,2,0.15384615384615385,2688,20
,0.012921509555450553,56754000,0.1679796242208572,,13,0,dub_irish_dutch,-0.04102839156985283,9,0.225,28,4,0,1733,2,0.15384615384615385,2816,21
,0.016316943008246713,56754000,0.19580331609896057,,12,0,dub_irish_dutch,-0.025431912392377853,12,0.2239,29,4,0,1733,3,0.25,2944,22
,0.003335319581586175,46746000,0.04669447414220645,,14,0,dub_irish_dutch,-0.02894388884305954,8,0.2228,28,4,0,1733,1,0.07142857142857142,3072,23
,-0.006476855269988737,46746000,-0.09067597377984232,,14,0,dub_irish_dutch,-0.03594962880015373,12,0.2217,27,4,0,1733,1,0.07142857142857142,3200,24
,0.016110736127001098,56754000,0.20943956965101426,,13,0,dub_irish_dutch,-0.009255299034217993,15,0.2206,32,4,0,1733,1,0.07692307692307693,3328,25
,0.011391930783389305,46746000,0.12531123861728236,,11,0,dub_irish_dutch,-0.024905279278755188,11,0.2195,22,4,0,1733,1,0.09090909090909091,3456,26
,0.01832143989271708,46746000,0.21985727871260496,,12,0,dub_irish_dutch,-0.0225018256654342,11,0.2184,30,4,0,1733,2,0.16666666666666666,3584,27
,0.053323629479818134,46746000,0.6932071832376357,,13,0,dub_irish_dutch,-0.0016325414180755615,17,0.2173,34,4,0,1733,4,0.3076923076923077,3712,28
,0.0370027508748899,46746000,0.37002750874889895,,10,0,dub_irish_dutch,-0.01049732385824124,14,0.2162,24,4,0,1733,2,0.2,3840,29
,0.06346710257699047,46746000,0.5712039231929142,,9,0,dub_irish_dutch,-0.01476647580663363,16,0.2151,22,4,0,1733,3,0.3333333333333333,3968,30
,0.06512085259532857,46746000,0.7163293785486142,,11,0,dub_irish_dutch,-0.01189617719501257,18,0.214,19,4,0,1733,5,0.45454545454545453,4096,31
,0.051191527120138115,56754000,0.46072374408124306,,9,0,dub_irish_dutch,-0.02610739196340243,17,0.213,27,4,0,1733,4,0.4444444444444444,4224,32
,0.07344066997376784,46746000,0.5875253597901428,,8,0,dub_irish_dutch,-0.018453822160760563,17,0.2119,22,4,0,1733,2,0.25,4352,33
,0.0848061575392188,46746000,0.8480615753921881,,10,0,dub_irish_dutch,-0.027014806245764095,24,0.2108,27,4,0,1733,5,0.5,4480,34
,0.0949671524923543,46746000,0.66477006744648,,7,0,dub_irish_dutch,-0.0375367005666097,19,0.2098,16,4,0,1733,2,0.2857142857142857,4608,35
,0.03742109143578688,46746000,0.3367898229220819,,9,0,dub_irish_dutch,-0.03302035418649515,16,0.2087,31,4,0,1733,3,0.3333333333333333,4736,36
,0.06315788142718762,46746000,0.5052630514175009,,8,0,dub_irish_dutch,-0.018830742686986923,17,0.2077,28,4,0,1733,3,0.375,4864,37
,0.0987483879014565,46746000,0.8887354911131085,,9,0,dub_irish_dutch,-0.023801878094673157,24,0.2066,25,4,0,1733,6,0.6666666666666666,4992,38
,0.19144312965762209,56754000,1.5315450372609767,,8,0,dub_irish_dutch,-0.026052224760254223,29,0.2056,22,4,0,1733,5,0.625,5120,39
,0.10651672987525988,46746000,1.1716840286278587,,11,0,dub_irish_dutch,-0.018833040880660217,29,0.2046,28,4,0,1733,7,0.6363636363636364,5248,40
,0.11375224653436153,46746000,0.9100179722748922,,8,0,dub_irish_dutch,-0.02218424218396346,21,0.2036,29,4,0,1733,4,0.5,5376,41
,0.17360021946218787,46746000,1.0416013167731273,,6,0,dub_irish_dutch,-0.005501232420404752,26,0.2025,17,4,0,1733,4,0.6666666666666666,5504,42
,0.06832230427104172,46746000,0.6832230427104171,,10,0,dub_irish_dutch,-0.03781508902708689,21,0.2015,25,4,0,1733,3,0.3,5632,43
,0.13862632589358484,46746000,1.2476369330422636,,9,0,dub_irish_dutch,-0.02055107367535432,28,0.2005,25,4,0,1733,4,0.4444444444444444,5760,44
,0.15954832799865226,46746000,1.4359349519878704,,9,0,dub_irish_dutch,-0.02084195427596569,26,0.1995,23,4,0,1733,5,0.5555555555555556,5888,45
,0.17300665417782943,46746000,1.0380399250669765,,6,0,dub_irish_dutch,-0.0072663344132403536,21,0.1985,27,4,0,1733,2,0.3333333333333333,6016,46
,0.08634367921659648,46746000,0.7770931129493683,,9,0,dub_irish_dutch,-0.02794418732325236,20,0.1975,28,4,0,1733,2,0.2222222222222222,6144,47
,0.42845848274451287,46746000,1.2853754482335387,,3,0,dub_irish_dutch,-0.009308955321709314,27,0.1965,23,4,0,1733,1,0.3333333333333333,6272,48
,0.06361669376148478,46746000,0.6361669376148478,,10,0,dub_irish_dutch,-0.020443637544910114,19,0.1956,29,4,0,1733,2,0.2,6400,49
,0.19737944732034826,56754000,1.3816561312424378,,7,0,dub_irish_dutch,-0.014851301908493042,25,0.1946,21,4,0,1733,4,0.5714285714285714,6528,50
,0.07126427858036745,46746000,0.49884995006257216,,7,0,dub_irish_dutch,-0.021098244935274124,23,0.1936,28,4,0,1733,1,0.14285714285714285,6656,51
,0.4132413752647284,46746000,1.6529655010589137,,4,0,dub_irish_dutch,0.04419993236660957,28,0.1926,14,4,0,1733,4,1,6784,52
,0.20039847723799065,56754000,1.2023908634279439,,6,0,dub_irish_dutch,0.007093176245689392,24,0.1917,31,4,0,1733,2,0.3333333333333333,6912,53
,0.19655550605265695,46746000,0.9827775302632847,,5,0,dub_irish_dutch,-0.019633227959275246,18,0.1907,25,4,0,1733,1,0.2,7040,54
,0.1659079008966651,56754000,0.9954474053799905,,6,0,dub_irish_dutch,-0.006766313221305609,24,0.1898,27,4,0,1733,2,0.3333333333333333,7168,55
,0.7166814168563617,2322000,1.4333628337127233,,2,0,dub_irish_dutch,-0.019274058130880196,25,0.1888,18,4,0,1733,1,0.5,7296,56
,0.3269535594093462,56754000,1.634767797046731,,5,0,dub_irish_dutch,-0.02233474204937617,28,0.1879,22,4,0,1733,2,0.4,7424,57
,0.21163797337258705,46746000,1.0581898668629353,,5,0,dub_irish_dutch,-0.006262096576392651,24,0.1869,22,4,0,1733,2,0.4,7552,58
,0.33805398535079484,23373000,1.0141619560523845,,3,0,dub_irish_dutch,-0.013284684779743353,25,0.186,24,4,0,1733,1,0.3333333333333333,7680,59
,0.24685745522833147,56754000,1.4811447313699888,,6,0,dub_irish_dutch,-0.01984916254878044,23,0.1851,31,4,0,1733,1,0.16666666666666666,7808,60
,0.42661298831885336,46746000,1.7064519532754134,,4,0,dub_irish_dutch,-0.011862664793928465,27,0.1841,25,4,0,1733,2,0.5,7936,61
,0.48782345013477085,0,1.4634703504043125,,3,0,dub_irish_dutch,0.00031929680456717807,22,0.1832,27,4,0,1733,0,0,8064,62
,0.29708979680752323,0,1.188359187230093,,4,0,dub_irish_dutch,0.0003692250077923139,23,0.1823,18,4,0,1733,0,0,8192,63
,0.33964225448583685,56754000,1.3585690179433474,,4,0,dub_irish_dutch,-0.004464911762624979,22,0.1814,21,4,0,1733,1,0.25,8320,64
,0.21221584354193382,0,1.061079217709669,,5,0,dub_irish_dutch,-0.016577120559910934,21,0.1805,24,4,0,1733,0,0,8448,65
,0.4223553709983019,56754000,1.6894214839932076,,4,0,dub_irish_dutch,-0.036992101619640984,25,0.1796,25,4,0,1733,2,0.5,8576,66
,0.8151953952276664,46746000,1.6303907904553328,,2,0,dub_irish_dutch,0.01396275187532107,23,0.1787,18,4,0,1733,1,0.5,8704,67
,1.540376788421736,0,1.540376788421736,,1,0,dub_irish_dutch,0.02226445823907852,25,0.1778,17,4,0,1733,0,0,8832,68
,0.47384881694423053,46746000,1.4215464508326916,,3,0,dub_irish_dutch,0.012307027044395605,22,0.1769,30,4,0,1733,1,0.3333333333333333,8960,69
,0.6917351752021561,0,1.3834703504043122,,2,0,dub_irish_dutch,0.01297890425970157,24,0.176,22,4,0,1733,0,0,9088,70
,0.6147647951369791,46746000,1.8442943854109375,,3,0,dub_irish_dutch,0.016973882913589478,27,0.1751,18,4,0,1733,2,0.6666666666666666,9216,71
,0.38447209866505766,0,1.153416295995173,,3,0,dub_irish_dutch,0.013150376888612906,20,0.1743,29,4,0,1733,0,0,9344,72
,0.4501740506329113,0,1.350522151898734,,3,0,dub_irish_dutch,-0.013085935885707537,24,0.1734,25,4,0,1733,0,0,9472,73
,0.7593598382749325,0,1.518719676549865,,2,0,dub_irish_dutch,-0.006016386051972707,22,0.1725,16,4,0,1733,0,0,9600,74
,0.5181051118500899,0,1.5543153355502697,,3,0,dub_irish_dutch,-0.007376937195658684,26,0.1717,18,4,0,1733,0,0,9728,75
,0.8572705360151133,40496400,1.7145410720302265,,2,0,dub_irish_dutch,-0.01050728838890791,27,0.1708,20,4,0,1733,1,0.5,9856,76
,0.8743918463611857,0,1.7487836927223714,,2,0,dub_irish_dutch,0.020043663680553436,24,0.1699,17,4,0,1733,0,0,9984,77
,0.7265806557145263,0,1.4531613114290527,,2,0,dub_irish_dutch,0.009521870563427607,24,0.1691,26,4,0,1733,0,0,10112,78
,1.5103439070564604,0,1.5103439070564604,,1,0,dub_irish_dutch,0.006066775880753994,24,0.1683,17,4,0,1733,0,0,10240,79
,0.8474468211518094,46746000,1.6948936423036187,,2,0,dub_irish_dutch,0.06688138594230016,28,0.1674,22,4,0,1733,1,0.5,10368,80
,0.3917714625649787,46746000,1.5670858502599148,,4,0,dub_irish_dutch,0.007927824432651201,26,0.1666,27,4,0,1733,2,0.5,10496,81
,1.5272403215283363,46746000,1.5272403215283363,,1,0,dub_irish_dutch,-0.019390636434157688,26,0.1657,22,4,0,1733,1,1,10624,82
,0.5370002095767551,46746000,1.6110006287302652,,3,0,dub_irish_dutch,-0.0037555916545291743,24,0.1649,18,4,0,1733,1,0.3333333333333333,10752,83
,0.33529056776749616,0,1.3411622710699846,,4,0,dub_irish_dutch,0.0004185447469353676,23,0.1641,28,4,0,1733,0,0,10880,84
,1.6751886792452824,0,1.6751886792452824,,1,0,dub_irish_dutch,-0.01195093554755052,24,0.1633,15,4,0,1733,0,0,11008,85
,1.6372549771972464,0,1.6372549771972464,,0,0,dub_irish_dutch,0.007339600784083207,25,0.1625,23,4,0,1733,0,0,11136,86
,0.2352258056309481,56754000,1.1761290281547405,,5,0,dub_irish_dutch,0.05220739419261614,24,0.1616,26,4,0,1733,1,0.2,11264,87
,0.782072569461157,0,1.564145138922314,,2,0,dub_irish_dutch,0.0075147633130351705,26,0.1608,21,4,0,1733,0,0,11392,88
,0.6455529086276293,56754000,1.9366587258828878,,3,0,dub_irish_dutch,-0.004196092486381531,27,0.16,19,4,0,1733,1,0.3333333333333333,11520,89
,0.7556878616783497,0,1.5113757233566993,,2,0,dub_irish_dutch,0.239683265487353,25,0.1592,23,4,0,1733,0,0,11648,90
,0.4106380108057373,0,1.6425520432229492,,4,0,dub_irish_dutch,-0.0036796232064565024,28,0.1584,18,4,0,1733,0,0,11776,91
,1.6641002764608195,0,1.6641002764608195,,1,0,dub_irish_dutch,-0.006582706235349178,24,0.1576,18,4,0,1733,0,0,11904,92
,0.5151364342010984,0,1.5454093026032953,,3,0,dub_irish_dutch,0.0008162412171562513,24,0.1569,23,4,0,1733,0,0,12032,93
,0.2914030168523778,0,1.1656120674095112,,4,0,dub_irish_dutch,0.009281786469121775,22,0.1561,22,4,0,1733,0,0,12160,94
,0.8767021074497013,46746000,1.7534042148994027,,2,0,dub_irish_dutch,-0.00932613822321097,25,0.1553,17,4,0,1733,1,0.5,12288,95
,1.7890844920220443,0,1.7890844920220443,,1,0,dub_irish_dutch,-0.0013566891041894753,25,0.1545,14,4,0,1733,0,0,12416,96
,0.31474414409841056,56754000,1.5737207204920527,,5,0,dub_irish_dutch,-0.0038986668611566224,22,0.1537,23,4,0,1733,1,0.2,12544,97
,0.33837683177522254,0,1.3535073271008902,,4,0,dub_irish_dutch,0.009399675764143467,25,0.153,20,4,0,1733,0,0,12672,98
,0.44717613919294524,56754000,1.788704556771781,,4,0,dub_irish_dutch,-0.014375479271014532,27,0.1522,18,4,0,1733,2,0.5,12800,99
,-0.031231318147637552,0,-0.37477581777165064,,12,0,dub_irish_dutch,-0.022803286090493202,11,0.25,45,5,0,1734,0,0,128,0
,-0.0020449024857456563,46746000,-0.028628634800439187,,14,0,dub_irish_dutch,-0.018023452411095302,6,0.2487,34,5,0,1734,1,0.07142857142857142,256,1
,-0.012488678794984406,0,-0.16235282433479728,,13,0,dub_irish_dutch,-0.019051068151990574,5,0.2475,33,5,0,1734,0,0,384,2
,-0.011953356373629922,46746000,-0.16734698923081892,,14,0,dub_irish_dutch,-0.018873829394578934,7,0.2463,32,5,0,1734,1,0.07142857142857142,512,3
,0.0036666001964956465,0,0.04033260216145211,,11,0,dub_irish_dutch,-0.027352743471662205,6,0.245,42,5,0,1734,0,0,640,4
,0.010731815449788705,46746000,0.16097723174683057,,15,0,dub_irish_dutch,-0.028523380557696026,10,0.2438,22,5,0,1734,2,0.13333333333333333,768,5
,-0.046174537487828654,0,-0.6002689873417725,,13,0,dub_irish_dutch,-0.02312726030747096,5,0.2426,32,5,0,1734,0,0,896,6
,-0.0002917760140309005,46746000,-0.0035013121683708064,,12,0,dub_irish_dutch,-0.017142371584971745,4,0.2414,34,5,0,1734,1,0.08333333333333333,1024,7
,-0.007626711767024039,46746000,-0.09152054120428847,,12,0,dub_irish_dutch,-0.023874360447128613,13,0.2402,22,5,0,1734,1,0.08333333333333333,1152,8
,-0.03018904090512787,0,-0.4226465726717902,,14,0,dub_irish_dutch,-0.026615073283513386,11,0.239,25,5,0,1734,0,0,1280,9
,-0.02414252176707917,0,-0.3621378265061876,,15,0,dub_irish_dutch,-0.033029984682798386,6,0.2378,32,5,0,1734,0,0,1408,10
,0.02057293098401893,46746000,0.288021033776265,,14,0,dub_irish_dutch,-0.02673040082057317,11,0.2366,26,5,0,1734,2,0.14285714285714285,1536,11
,-0.027772835202721616,46746000,-0.361046857635381,,13,0,dub_irish_dutch,-0.030558340872327488,6,0.2354,25,5,0,1734,1,0.07692307692307693,1664,12
,0.020020621985435087,56754000,0.3003093297815263,,15,0,dub_irish_dutch,-0.02965305248896281,12,0.2342,30,5,0,1734,2,0.13333333333333333,1792,13
,-0.002255953390058554,46746000,-0.03383930085087831,,15,0,dub_irish_dutch,-0.023489103962977726,10,0.2331,33,5,0,1734,2,0.13333333333333333,1920,14
,0.0093708238207501,46746000,0.12182070966975131,,13,0,dub_irish_dutch,-0.01300514799853166,11,0.2319,30,5,0,1734,2,0.15384615384615385,2048,15
,0.024647929460909792,46746000,0.2711272240700077,,11,0,dub_irish_dutch,-0.01964861589173476,10,0.2307,34,5,0,1734,2,0.18181818181818182,2176,16
,0.008093112790568473,46746000,0.10521046627739014,,13,0,dub_irish_dutch,-0.002003561705350876,10,0.2296,28,5,0,1734,2,0.15384615384615385,2304,17
,0.004020858762538034,46746000,0.04422944638791838,,11,0,dub_irish_dutch,-0.026797230665882427,10,0.2284,30,5,0,1734,1,0.09090909090909091,2432,18
,0.015782527463933712,46746000,0.220955384495072,,14,0,dub_irish_dutch,-0.034409936517477036,9,0.2273,32,5,0,1734,3,0.21428571428571427,2560,19
,0.016724517739908826,46746000,0.20069421287890593,,12,0,dub_irish_dutch,-0.031223720560471218,14,0.2262,27,5,0,1734,2,0.16666666666666666,2688,20
,0.01764357919573731,46746000,0.1764357919573731,,10,0,dub_irish_dutch,-0.01602733073135217,13,0.225,28,5,0,1734,2,0.2,2816,21
,0.017538904770650347,46746000,0.14031123816520277,,8,0,dub_irish_dutch,-0.014728921776016554,15,0.2239,26,5,0,1734,1,0.125,2944,22
,0.03989898790942532,56754000,0.5186868428225291,,13,0,dub_irish_dutch,-0.02841266058385372,15,0.2228,28,5,0,1734,3,0.23076923076923078,3072,23
,-0.016779783418156616,0,-0.1845776175997228,,11,0,dub_irish_dutch,-0.0374553253253301,8,0.2217,31,5,0,1734,0,0,3200,24
,-0.0029597499399932475,0,-0.026637749459939228,,9,0,dub_irish_dutch,0.030383228013912838,9,0.2206,28,5,0,1734,0,0,3328,25
,0.03896311361694937,56754000,0.42859424978644306,,11,0,dub_irish_dutch,-0.029757448782523472,17,0.2195,28,5,0,1734,3,0.2727272727272727,3456,26
,0.01994051544565835,46746000,0.2392861853479002,,12,0,dub_irish_dutch,-0.02061009593307972,13,0.2184,25,5,0,1734,3,0.25,3584,27
,0.0007659522079243102,46746000,0.007659522079243102,,10,0,dub_irish_dutch,-0.00599494328101476,9,0.2173,44,5,0,1734,2,0.2,3712,28
,0.050944423849028385,46746000,0.662277510037369,,13,0,dub_irish_dutch,-0.024410527820388477,19,0.2162,31,5,0,1734,5,0.38461538461538464,3840,29
,0.0026663844961548385,46746000,0.0346629984500129,,13,0,dub_irish_dutch,-0.010082529236872992,8,0.2151,32,5,0,1734,1,0.07692307692307693,3968,30
,0.07376832919903793,46746000,0.8852199503884551,,12,0,dub_irish_dutch,-0.021558937927087147,18,0.214,31,5,0,1734,6,0.5,4096,31
,0.009603353787242743,46746000,0.08643018408518469,,9,0,dub_irish_dutch,-0.001061179054280122,10,0.213,25,5,0,1734,1,0.1111111111111111,4224,32
,0.04418670494891822,46746000,0.4418670494891822,,10,0,dub_irish_dutch,-0.013862147306402525,18,0.2119,27,5,0,1734,5,0.5,4352,33
,0.07006287317361354,46746000,0.770691604909749,,11,0,dub_irish_dutch,-0.021284297729531925,15,0.2108,25,5,0,1734,4,0.36363636363636365,4480,34
,0.019011167057160955,46746000,0.2091228376287705,,11,0,dub_irish_dutch,0.006857749695579211,15,0.2098,30,5,0,1734,2,0.18181818181818182,4608,35
,0.03311244870091909,56754000,0.36423693571010995,,11,0,dub_irish_dutch,-0.02457220231493314,17,0.2087,20,5,0,1734,3,0.2727272727272727,4736,36
,0.1081014915275692,56754000,0.9729134237481228,,9,0,dub_irish_dutch,-0.024975243334968884,20,0.2077,22,5,0,1734,3,0.3333333333333333,4864,37
,0.04900006429470257,46746000,0.5880007715364308,,12,0,dub_irish_dutch,-0.03665736193458239,16,0.2066,26,5,0,1734,4,0.3333333333333333,4992,38
,0.11357020661153612,56754000,0.7949914462807528,,7,0,dub_irish_dutch,0.008484751606980959,20,0.2056,25,5,0,1734,5,0.7142857142857143,5120,39
,0.029424783538178838,46746000,0.2942478353817884,,10,0,dub_irish_dutch,-0.006767948778967063,19,0.2046,26,5,0,1734,3,0.3,5248,40
,0.051199681197716264,46746000,0.6143961743725952,,12,0,dub_irish_dutch,-0.003664595385392507,19,0.2036,28,5,0,1734,5,0.4166666666666667,5376,41
,0.07489173595154905,46746000,0.7489173595154904,,10,0,dub_irish_dutch,-0.002621671805779139,21,0.2025,30,5,0,1734,5,0.5,5504,42
,0.06575017963589909,46746000,0.789002155630789,,12,0,dub_irish_dutch,-0.010026339441537857,21,0.2015,25,5,0,1734,4,0.3333333333333333,5632,43
,0.12006927146841442,46746000,1.0806234432157298,,9,0,dub_irish_dutch,-0.014087377736965815,27,0.2005,22,5,0,1734,5,0.5555555555555556,5760,44
,0.14932031635232992,56754000,1.0452422144663094,,7,0,dub_irish_dutch,-0.01015116802106301,24,0.1995,25,5,0,1734,5,0.7142857142857143,5888,45
,0.1407834088403258,46746000,1.2670506795629324,,9,0,dub_irish_dutch,0.04054073616862297,29,0.1985,26,5,0,1734,7,0.7777777777777778,6016,46
,0.21771874699172136,46746000,1.0885937349586068,,5,0,dub_irish_dutch,0.09391046563784282,25,0.1975,25,5,0,1734,3,0.6,6144,47
,0.13401544902387325,56754000,1.3401544902387323,,10,0,dub_irish_dutch,-0.003093578852713108,26,0.1965,16,5,0,1734,6,0.6,6272,48
,0.1539576273276453,56754000,1.3856186459488078,,9,0,dub_irish_dutch,-0.01879986437658469,28,0.1956,26,5,0,1734,6,0.6666666666666666,6400,49
,0.19299013595772344,46746000,0.9649506797886171,,5,0,dub_irish_dutch,-0.014858989355464777,20,0.1946,19,5,0,1734,2,0.4,6528,50
,0.17608445896063557,56754000,1.232591212724449,,7,0,dub_irish_dutch,-0.028499484062194824,28,0.1936,23,5,0,1734,3,0.42857142857142855,6656,51
,0.20199898144630746,46746000,1.0099949072315373,,5,0,dub_irish_dutch,0.00043695544203122455,21,0.1926,32,5,0,1734,1,0.2,6784,52
,0.24230356994064547,46746000,0.9692142797625819,,4,0,dub_irish_dutch,-0.022992359474301338,23,0.1917,24,5,0,1734,2,0.5,6912,53
,0.2009658017363844,0,1.004829008681922,,5,0,dub_irish_dutch,-0.012198757069806257,22,0.1907,21,5,0,1734,0,0,7040,54
,0.1221782385464537,56754000,0.9774259083716296,,8,0,dub_irish_dutch,-0.007067624634752671,20,0.1898,25,5,0,1734,1,0.125,7168,55
,0.32406497429370357,56754000,1.2962598971748143,,4,0,dub_irish_dutch,0.008391788850227991,21,0.1888,35,5,0,1734,2,0.5,7296,56
,0.09487559230180484,0,0.6641291461126339,,7,0,dub_irish_dutch,-0.0028224727138876915,17,0.1879,26,5,0,1734,0,0,7424,57
,0.28857557903437525,46746000,1.154302316137501,,4,0,dub_irish_dutch,-0.006367270679523547,22,0.1869,20,5,0,1734,1,0.25,7552,58
,0.11887667679518557,0,0.5943833839759278,,5,0,dub_irish_dutch,-0.014200151277085146,19,0.186,20,5,0,1734,0,0,7680,59
,0.12557603198051673,46746000,1.2557603198051672,,10,0,dub_irish_dutch,-0.00456485478207469,21,0.1851,31,5,0,1734,5,0.5,7808,60
,0.17891539319692676,56754000,1.431323145575414,,8,0,dub_irish_dutch,-0.007133013258377711,24,0.1841,30,5,0,1734,4,0.5,7936,61
,0.20464014367539476,46746000,1.0232007183769738,,5,0,dub_irish_dutch,-0.015250477318962416,24,0.1832,24,5,0,1734,2,0.4,8064,62
,0.1738706093586549,56754000,0.8693530467932745,,5,0,dub_irish_dutch,0.06038775419195493,20,0.1823,23,5,0,1734,1,0.2,8192,63
,0.16135471441729524,46746000,1.1294830009210666,,7,0,dub_irish_dutch,-0.010725515273710092,23,0.1814,23,5,0,1734,3,0.42857142857142855,8320,64
,0.21472862559036032,56754000,1.288371753542162,,6,0,dub_irish_dutch,-0.017019912600517273,30,0.1805,19,5,0,1734,3,0.5,8448,65
,0.1877158869781066,46746000,1.3140112088467462,,7,0,dub_irish_dutch,-0.014298825214306513,20,0.1796,19,5,0,1734,2,0.2857142857142857,8576,66
,0.22492021668944223,56754000,1.5744415168260957,,7,0,dub_irish_dutch,0.015561362107594809,26,0.1787,20,5,0,1734,4,0.5714285714285714,8704,67
,0.3901333039949086,56754000,1.5605332159796343,,4,0,dub_irish_dutch,-0.0040895710699260235,25,0.1778,18,5,0,1734,2,0.5,8832,68
,0.30423814021713547,56754000,1.5211907010856773,,5,0,dub_irish_dutch,0.012801289868851503,23,0.1769,26,5,0,1734,2,0.4,8960,69
,0.2287695821813022,46746000,1.3726174930878132,,6,0,dub_irish_dutch,-0.014162547886371613,26,0.176,22,5,0,1734,2,0.3333333333333333,9088,70
,0.1511208826306721,46746000,1.0578461784147049,,7,0,dub_irish_dutch,0.010026989504694939,21,0.1751,22,5,0,1734,1,0.14285714285714285,9216,71
,0.13978537070357064,46746000,1.118282965628565,,8,0,dub_irish_dutch,-0.016277871405084927,25,0.1743,21,5,0,1734,2,0.25,9344,72
,0.15913478102797077,0,0.9548086861678245,,6,0,dub_irish_dutch,6.0463634630044304e-05,18,0.1734,30,5,0,1734,0,0,9472,73
,0.14591836734693883,6210000,1.0214285714285718,,7,0,dub_irish_dutch,-0.018909454966584843,23,0.1725,24,5,0,1734,1,0.14285714285714285,9600,74
,0.15191225893691088,46746000,1.215298071495287,,8,0,dub_irish_dutch,-0.028844128052393597,23,0.1717,19,5,0,1734,1,0.125,9728,75
,0.28315517865066964,46746000,1.1326207146026785,,4,0,dub_irish_dutch,-0.024653372665246327,25,0.1708,26,5,0,1734,1,0.25,9856,76
,0.29983987875656315,46746000,1.4991993937828159,,5,0,dub_irish_dutch,-0.02044077341755231,27,0.1699,18,5,0,1734,2,0.4,9984,77
,0.658336918490007,0,1.316673836980014,,2,0,dub_irish_dutch,-0.0051085421194632845,25,0.1691,17,5,0,1734,0,0,10112,78
,0.1502722408196389,0,0.9016334449178335,,6,0,dub_irish_dutch,-0.016863862983882427,22,0.1683,30,5,0,1734,0,0,10240,79
,0.44602530665071877,46746000,1.3380759199521564,,3,0,dub_irish_dutch,-0.019981304183602333,25,0.1674,27,5,0,1734,1,0.3333333333333333,10368,80
,0.09509985862074218,0,0.7607988689659374,,8,0,dub_irish_dutch,-0.008033915112415949,18,0.1666,28,5,0,1734,0,0,10496,81
,0.5492762309707407,46746000,1.6478286929122223,,3,0,dub_irish_dutch,-0.004456283835073312,25,0.1657,18,5,0,1734,2,0.6666666666666666,10624,82
,1.5469541778975735,0,1.5469541778975735,,0,0,dub_irish_dutch,-0.020706513275702793,25,0.1649,16,5,0,1734,0,0,10752,83
,0.31976232914365504,56754000,1.5988116457182753,,5,0,dub_irish_dutch,-0.016769742593169212,27,0.1641,18,5,0,1734,2,0.4,10880,84
,0.24367038012016456,56754000,1.705692660841152,,7,0,dub_irish_dutch,-0.0016999874884883563,27,0.1633,24,5,0,1734,2,0.2857142857142857,11008,85
,1.9558625336927218,0,1.9558625336927218,,0,0,dub_irish_dutch,-0.0043196721623341245,25,0.1625,11,5,0,1734,0,0,11136,86
,0.276677585263231,46746000,1.106710341052924,,4,0,dub_irish_dutch,-0.01023682268957297,20,0.1616,25,5,0,1734,1,0.25,11264,87
,0.8961995962889872,46746000,1.7923991925779743,,2,0,dub_irish_dutch,-0.01840062253177166,26,0.1608,15,5,0,1734,2,1,11392,88
,1.675052043222949,0,1.675052043222949,,1,0,dub_irish_dutch,-0.011024404938022295,25,0.16,14,5,0,1734,0,0,11520,89
,0.6476604335361776,56754000,1.9429813006085328,,3,0,dub_irish_dutch,0.030604205404718716,26,0.1592,15,5,0,1734,2,0.6666666666666666,11648,90
,0.37191335931483444,46746000,1.4876534372593377,,4,0,dub_irish_dutch,0.008082722934583822,25,0.1584,21,5,0,1734,1,0.25,11776,91
,0.6052904516099532,0,1.2105809032199064,,2,0,dub_irish_dutch,0.005296458179752032,23,0.1576,24,5,0,1734,0,0,11904,92
,1.804033018867924,0,1.804033018867924,,1,0,dub_irish_dutch,-0.0014115143567323685,26,0.1569,14,5,0,1734,0,0,12032,93
,0.346827200876166,0,1.387308803504664,,4,0,dub_irish_dutch,-0.0020688649577399096,23,0.1561,20,5,0,1734,0,0,12160,94
,0.800784107864844,0,1.601568215729688,,2,0,dub_irish_dutch,0.006861926677326362,24,0.1553,12,5,0,1734,0,0,12288,95
,0.29945319306230744,0,1.1978127722492298,,4,0,dub_irish_dutch,-0.00034738735606273014,24,0.1545,28,5,0,1734,0,0,12416,96
,1.7764083557951476,0,1.7764083557951476,,1,0,dub_irish_dutch,0.004651164636015892,24,0.1537,16,5,0,1734,0,0,12544,97
,0.33955525606469,0,1.35822102425876,,4,0,dub_irish_dutch,-0.00587798918907841,20,0.153,21,5,0,1734,0,0,12672,98
,0.3794544069201589,56754000,1.5178176276806357,,4,0,dub_irish_dutch,-0.0028653514261047044,23,0.1522,16,5,0,1734,1,0.25,12800,99
,-0.007642608631244793,46746000,-0.1069965208374271,,14,0,dub_irish_dutch,-0.01200874305019776,10,0.25,28,6,0,1735,2,0.14285714285714285,128,0
,0.009165859605697194,46746000,0.11915617487406352,,13,0,dub_irish_dutch,-0.024424125129977863,10,0.2487,20,6,0,1735,2,0.15384615384615385,256,1
,-0.008870633451594933,46746000,-0.14193013522551892,,16,0,dub_irish_dutch,-0.02261405686537425,10,0.2475,32,6,0,1735,3,0.1875,384,2
,-0.009138941307080784,46746000,-0.13708411960621175,,15,0,dub_irish_dutch,-0.024266525482137997,8,0.2463,27,6,0,1735,1,0.06666666666666667,512,3
,-0.010500278478366447,0,-0.12600334174039737,,12,0,dub_irish_dutch,-0.024860513707002003,9,0.245,32,6,0,1735,0,0,640,4
,-0.0024082009124046094,0,-0.028898410948855313,,12,0,dub_irish_dutch,-0.014890049894650778,9,0.2438,28,6,0,1735,0,0,768,5
,0.009620412151544605,46746000,0.15392659442471368,,16,0,dub_irish_dutch,-0.021465007215738297,16,0.2426,29,6,0,1735,4,0.25,896,6
,-0.03591402781187178,0,-0.4668823615543331,,13,0,dub_irish_dutch,-0.02584831913312276,6,0.2414,36,6,0,1735,0,0,1024,7
,-0.018284180780234954,46746000,-0.2376943501430544,,13,0,dub_irish_dutch,-0.02522650919854641,8,0.2402,37,6,0,1735,1,0.07692307692307693,1152,8
,-0.005064549494639628,46746000,-0.06077459393567553,,12,0,dub_irish_dutch,-0.022015127042929333,9,0.239,37,6,0,1735,1,0.08333333333333333,1280,9
,0.006058485523362826,46746000,0.09693576837380521,,16,0,dub_irish_dutch,-0.02097383638223012,10,0.2378,35,6,0,1735,2,0.125,1408,10
,-0.0013669944036638194,46746000,-0.019137921651293473,,14,0,dub_irish_dutch,-0.028392453367511433,6,0.2366,28,6,0,1735,1,0.07142857142857142,1536,11
,-0.00626388215307531,46746000,-0.08769435014305435,,14,0,dub_irish_dutch,-0.021215644975503285,5,0.2354,25,6,0,1735,1,0.07142857142857142,1664,12
,-0.0038315439183569853,0,-0.04597852702028382,,12,0,dub_irish_dutch,-0.021156538277864456,8,0.2342,25,6,0,1735,0,0,1792,13
,-0.0036743615470889103,46746000,-0.051441061659244745,,14,0,dub_irish_dutch,-0.019253397981325786,15,0.2331,22,6,0,1735,2,0.14285714285714285,1920,14
,-0.005201887167738713,46746000,-0.062422646012864555,,12,0,dub_irish_dutch,-0.014622285962104797,10,0.2319,33,6,0,1735,2,0.16666666666666666,2048,15
,-0.013827508493246845,0,-0.19358511890545582,,14,0,dub_irish_dutch,-0.034684366236130394,10,0.2307,20,6,0,1735,0,0,2176,16
,-0.025885646114092078,40500000,-0.28474210725501287,,11,0,dub_irish_dutch,-0.024044355377554893,11,0.2296,16,6,0,1735,1,0.09090909090909091,2304,17
,0.023517963588930605,56754000,0.23517963588930604,,10,0,dub_irish_dutch,-0.03621278330683708,8,0.2284,28,6,0,1735,2,0.2,2432,18
,0.01509371399835898,56754000,0.16603085398194878,,11,0,dub_irish_dutch,-0.026552192245920498,10,0.2273,25,6,0,1735,2,0.18181818181818182,2560,19
,0.04185490617330792,46746000,0.6696784987729267,,16,0,dub_irish_dutch,-0.03284286707639694,13,0.2262,39,6,0,1735,6,0.375,2688,20
,0.0031040055188279437,46746000,0.043456077263591214,,14,0,dub_irish_dutch,-0.025721309706568718,9,0.225,31,6,0,1735,2,0.14285714285714285,2816,21
,0.014909404266778774,46746000,0.17891285120134529,,12,0,dub_irish_dutch,-0.008754674966136614,13,0.2239,33,6,0,1735,2,0.16666666666666666,2944,22
,0.0019250680144484898,0,0.02117574815893339,,11,0,dub_irish_dutch,-0.01937348333497842,5,0.2228,27,6,0,1735,0,0,3072,23
,0.01266628628870536,46746000,0.1266628628870536,,10,0,dub_irish_dutch,-0.013797103116909662,11,0.2217,22,6,0,1735,2,0.2,3200,24
,-0.02559716654964036,0,-0.28156883204604394,,11,0,dub_irish_dutch,-0.029624782502651215,10,0.2206,35,6,0,1735,0,0,3328,25
,0.04257944561572604,46746000,0.46837390177298643,,11,0,dub_irish_dutch,-0.03974549720684687,12,0.2195,32,6,0,1735,2,0.18181818181818182,3456,26
,0.00912706708265542,46746000,0.08214360374389877,,9,0,dub_irish_dutch,-0.026882500077287357,10,0.2184,25,6,0,1735,1,0.1111111111111111,3584,27
,0.03592158668177185,46746000,0.3232942801359467,,9,0,dub_irish_dutch,-0.029775858546296757,15,0.2173,24,6,0,1735,3,0.3333333333333333,3712,28
,0.06699259308529444,56754000,0.6699259308529444,,10,0,dub_irish_dutch,0.016587923591335613,17,0.2162,26,6,0,1735,4,0.4,3840,29
,0.01708712568972936,0,0.15378413120756423,,9,0,dub_irish_dutch,-0.019799108306566875,10,0.2151,24,6,0,1735,0,0,3968,30
,0.0316480172653221,46746000,0.5063682762451536,,16,0,dub_irish_dutch,-0.023845382655660313,19,0.214,33,6,0,1735,5,0.3125,4096,31
,0.09730739184014718,46746000,0.8757665265613246,,9,0,dub_irish_dutch,-0.020701725035905838,22,0.213,27,6,0,1735,7,0.7777777777777778,4224,32
,0.04712882394722834,46746000,0.56554588736674,,12,0,dub_irish_dutch,-0.03747357800602913,16,0.2119,35,6,0,1735,4,0.3333333333333333,4352,33
,0.10817125457073512,46746000,0.9735412911366161,,9,0,dub_irish_dutch,-0.009556503035128117,24,0.2108,29,6,0,1735,6,0.6666666666666666,4480,34
,0.0910875167929148,46746000,1.1841377183078923,,13,0,dub_irish_dutch,0.0031840230027834573,24,0.2098,24,6,0,1735,8,0.6153846153846154,4608,35
,0.04544942959416719,46746000,0.4544942959416719,,10,0,dub_irish_dutch,-0.028148562957843144,15,0.2087,25,6,0,1735,3,0.3,4736,36
,0.10670170503328105,56754000,1.0670170503328105,,10,0,dub_irish_dutch,-0.030490436901648838,22,0.2077,31,6,0,1735,6,0.6,4864,37
,0.07454589267741983,56754000,0.894550712129038,,12,0,dub_irish_dutch,-0.0030121117209394774,19,0.2066,39,6,0,1735,5,0.4166666666666667,4992,38
,0.11645741209520363,46746000,1.28103153304724,,11,0,dub_irish_dutch,0.0033413401494423547,29,0.2056,28,6,0,1735,9,0.8181818181818182,5120,39
,0.12893208732660197,46746000,1.5471850479192237,,12,0,dub_irish_dutch,-0.013611945323646069,34,0.2046,27,6,0,1735,10,0.8333333333333334,5248,40
,0.1110406002999195,46746000,1.2214466032991145,,11,0,dub_irish_dutch,-0.010496705460051695,25,0.2036,20,6,0,1735,7,0.6363636363636364,5376,41
,0.07186531802183614,46746000,1.006114452305706,,14,0,dub_irish_dutch,-0.01637694550057252,27,0.2025,28,6,0,1735,7,0.5,5504,42
,0.14224739229718922,46746000,1.280226530674703,,9,0,dub_irish_dutch,-0.032943036407232285,26,0.2015,21,6,0,1735,7,0.7777777777777778,5632,43
,0.06532830596870035,46746000,0.7186113656557038,,11,0,dub_irish_dutch,-0.023880016058683395,24,0.2005,26,6,0,1735,4,0.36363636363636365,5760,44
,0.147668858554397,46746000,1.6243574440983668,,11,0,dub_irish_dutch,-0.015580701020856699,32,0.1995,19,6,0,1735,10,0.9090909090909091,5888,45
,0.12825556887098752,46746000,1.4108112575808627,,11,0,dub_irish_dutch,0.07831416775782903,26,0.1985,24,6,0,1735,7,0.6363636363636364,6016,46
,0.13279942044408644,46746000,1.3279942044408644,,10,0,dub_irish_dutch,-0.019930752615133922,28,0.1975,28,6,0,1735,7,0.7,6144,47
,0.1656543475387198,46746000,1.3252347803097584,,8,0,dub_irish_dutch,-0.027425709490974743,26,0.1965,19,6,0,1735,6,0.75,6272,48
,0.09618080897874877,46746000,1.0579888987662365,,11,0,dub_irish_dutch,-0.02243802137672901,24,0.1956,23,6,0,1735,7,0.6363636363636364,6400,49
,0.13604371856348668,46746000,1.6325246227618402,,12,0,dub_irish_dutch,-0.004489397009213765,32,0.1946,23,6,0,1735,9,0.75,6528,50
,0.16058056620170352,46746000,1.1240639634119247,,7,0,dub_irish_dutch,-0.02159363590180874,27,0.1936,23,6,0,1735,4,0.5714285714285714,6656,51
,0.13178721474666596,46746000,1.3178721474666597,,10,0,dub_irish_dutch,-0.013811294920742512,25,0.1926,18,6,0,1735,5,0.5,6784,52
,0.1386197601302817,46746000,1.1089580810422537,,8,0,dub_irish_dutch,-0.02466189240415891,25,0.1917,27,6,0,1735,4,0.5,6912,53
,0.09167220402573201,46746000,0.9167220402573201,,10,0,dub_irish_dutch,-0.005407565583785375,21,0.1907,30,6,0,1735,3,0.3,7040,54
,0.22526743122071935,46746000,1.351604587324316,,6,0,dub_irish_dutch,-0.015188800791899363,24,0.1898,22,6,0,1735,4,0.6666666666666666,7168,55
,0.13104016738664198,46746000,0.9172811717064938,,7,0,dub_irish_dutch,-0.0196305342639486,25,0.1888,20,6,0,1735,2,0.2857142857142857,7296,56
,0.28553813476071316,56754000,1.4276906738035657,,5,0,dub_irish_dutch,-0.012071447757383188,24,0.1879,19,6,0,1735,4,0.8,7424,57
,0.2531297606011744,46746000,1.0125190424046977,,4,0,dub_irish_dutch,-0.01353597299506267,24,0.1869,27,6,0,1735,1,0.25,7552,58
,0.16129965916201394,46746000,0.9677979549720837,,6,0,dub_irish_dutch,-0.00958603248000145,24,0.186,28,6,0,1735,1,0.16666666666666666,7680,59
,0.4787588034613027,46746000,1.436276410383908,,3,0,dub_irish_dutch,-0.020605557908614475,27,0.1851,13,6,0,1735,2,0.6666666666666666,7808,60
,0.11784739708043138,46746000,0.942779176643451,,8,0,dub_irish_dutch,-0.027552212898929913,20,0.1841,31,6,0,1735,2,0.25,7936,61
,0.36914137578733014,46746000,1.1074241273619905,,3,0,dub_irish_dutch,-0.008629955351352692,22,0.1832,28,6,0,1735,1,0.3333333333333333,8064,62
,0.1971510008042132,46746000,1.182906004825279,,6,0,dub_irish_dutch,-0.019605356579025585,23,0.1823,28,6,0,1735,1,0.16666666666666666,8192,63
,0.2952420258050154,46746000,1.1809681032200616,,4,0,dub_irish_dutch,-0.01636940985918045,25,0.1814,25,6,0,1735,1,0.25,8320,64
,0.7916722298577116,46746000,1.5833444597154231,,2,0,dub_irish_dutch,0.05320848152041435,29,0.1805,22,6,0,1735,2,1,8448,65
,0.3036565026954178,0,1.214626010781671,,4,0,dub_irish_dutch,-0.009725600170592466,21,0.1796,16,6,0,1735,0,0,8576,66
,0.3542370384548276,23373000,1.4169481538193105,,4,0,dub_irish_dutch,-0.01847752556204796,25,0.1787,19,6,0,1735,1,0.25,8704,67
,1.4301761362268959,0,1.4301761362268959,,1,0,dub_irish_dutch,-0.021865113948782284,24,0.1778,20,6,0,1735,0,0,8832,68
,0.17854810199240756,46746000,1.0712886119544454,,6,0,dub_irish_dutch,-0.011468251856664816,25,0.1769,29,6,0,1735,1,0.16666666666666666,8960,69
,0.1501689917978257,46746000,1.0511829425847798,,7,0,dub_irish_dutch,0.19247602423032126,24,0.176,27,6,0,1735,2,0.2857142857142857,9088,70
,0.29418831185923666,23373000,1.1767532474369466,,4,0,dub_irish_dutch,-0.017851104959845543,26,0.1751,25,6,0,1735,1,0.25,9216,71
,0.15941244423874446,56754000,1.4347119981487002,,9,0,dub_irish_dutch,-0.02703717350959778,29,0.1743,33,6,0,1735,5,0.5555555555555556,9344,72
,1.5838323666730838,0,1.5838323666730838,,1,0,dub_irish_dutch,-0.023107596362630527,26,0.1734,12,6,0,1735,0,0,9472,73
,0.18725542880716592,46746000,1.1235325728429955,,6,0,dub_irish_dutch,-0.000248905581732591,22,0.1725,22,6,0,1735,1,0.16666666666666666,9600,74
,0.29317323474201,46746000,1.46586617371005,,5,0,dub_irish_dutch,-0.023151911795139313,24,0.1717,21,6,0,1735,2,0.4,9728,75
,0.19804792380403016,46746000,1.188287542824181,,6,0,dub_irish_dutch,-0.025078842416405678,22,0.1708,28,6,0,1735,2,0.3333333333333333,9856,76
,0.543559705042454,46746000,1.6306791151273619,,3,0,dub_irish_dutch,-0.014858637315531572,27,0.1699,17,6,0,1735,2,0.6666666666666666,9984,77
,0.39426549865229127,0,1.1827964959568738,,3,0,dub_irish_dutch,0.0059647805367906885,21,0.1691,18,6,0,1735,0,0,10112,78
,0.1767591517441491,46746000,1.0605549104648946,,6,0,dub_irish_dutch,-0.01735416737695535,22,0.1683,26,6,0,1735,2,0.3333333333333333,10240,79
,0.30927769627077006,0,1.2371107850830803,,4,0,dub_irish_dutch,-0.008979666667679945,24,0.1674,24,6,0,1735,0,0,10368,80
,0.10527135241643869,46746000,0.9474421717479482,,9,0,dub_irish_dutch,-0.013995087084670862,27,0.1666,31,6,0,1735,3,0.3333333333333333,10496,81
,0.2772016677713896,38921400,1.386008338856948,,5,0,dub_irish_dutch,-0.017099450652798016,24,0.1657,24,6,0,1735,2,0.4,10624,82
,0.4275249614770944,0,1.2825748844312832,,3,0,dub_irish_dutch,0.18762677907943726,24,0.1649,22,6,0,1735,0,0,10752,83
,0.28553068745186744,46746000,1.4276534372593372,,5,0,dub_irish_dutch,-0.021282862251003582,21,0.1641,21,6,0,1735,1,0.2,10880,84
,0.14461397766653836,0,1.0122978436657686,,7,0,dub_irish_dutch,-0.03092106121281783,21,0.1633,23,6,0,1735,0,0,11008,85
,0.3134581608344227,46746000,1.2538326433376907,,4,0,dub_irish_dutch,-0.009576149905721346,25,0.1625,22,6,0,1735,1,0.25,11136,86
,0.5783506810743162,0,1.7350520432229486,,3,0,dub_irish_dutch,-0.015519801527261734,29,0.1616,21,6,0,1735,0,0,11264,87
,0.7047295256546015,0,1.409459051309203,,2,0,dub_irish_dutch,0.03128554423650106,26,0.1608,23,6,0,1735,0,0,11392,88
,0.7304424955232427,0,1.4608849910464854,,2,0,dub_irish_dutch,-0.011111724190413952,25,0.16,16,6,0,1735,0,0,11520,89
,0.16431204849025824,46746000,0.9858722909415494,,6,0,dub_irish_dutch,0.0014910334721207619,25,0.1592,20,6,0,1735,1,0.16666666666666666,11648,90
,0.17751538042027099,46746000,1.4201230433621679,,8,0,dub_irish_dutch,0.00016477610915899277,25,0.1584,25,6,0,1735,3,0.375,11776,91
,0.43796926190877294,0,1.3139077857263188,,3,0,dub_irish_dutch,0.020683846126000088,24,0.1576,20,6,0,1735,0,0,11904,92
,0.24295940628609936,46746000,1.2147970314304968,,5,0,dub_irish_dutch,-0.03327650080124537,22,0.1569,20,6,0,1735,1,0.2,12032,93
,0.219446564635751,46746000,1.316679387814506,,6,0,dub_irish_dutch,0.01791922313471635,23,0.1561,22,6,0,1735,1,0.16666666666666666,12160,94
,0.7646511580883247,0,1.5293023161766495,,2,0,dub_irish_dutch,-0.021438423544168472,25,0.1553,22,6,0,1735,0,0,12288,95
,0.4683041509224013,46746000,1.404912452767204,,3,0,dub_irish_dutch,-0.022933943818012874,25,0.1545,26,6,0,1735,1,0.3333333333333333,12416,96
,0.12991593808294244,0,0.9094115665805971,,7,0,dub_irish_dutch,0.02163470908999443,22,0.1537,33,6,0,1735,0,0,12544,97
,0.8377257769394029,46746000,1.6754515538788057,,2,0,dub_irish_dutch,-0.010303714002172152,24,0.153,15,6,0,1735,1,0.5,12672,98
,0.9633157636173699,56754000,1.9266315272347398,,2,0,dub_irish_dutch,-0.00484020138780276,25,0.1522,20,6,0,1735,1,0.5,12800,99
,-0.013378890795672225,46746000,-0.1605466895480667,,12,0,dub_irish_dutch,-0.020857221136490505,6,0.25,26,7,0,1736,1,0.08333333333333333,128,0
,-0.011783616568246265,46746000,-0.12961978225070891,,11,0,dub_irish_dutch,-0.020723321785529453,10,0.2487,42,7,0,1736,1,0.09090909090909091,256,1
,-0.011459741766302895,0,-0.16043638472824054,,14,0,dub_irish_dutch,-0.02305443336566289,3,0.2475,29,7,0,1736,0,0,384,2
,-0.004794471987824431,46746000,-0.062328135841717605,,13,0,dub_irish_dutch,-0.02578108198940754,10,0.2463,34,7,0,1736,1,0.07692307692307693,512,3
,0.006414389209230389,0,0.09621583813845583,,15,0,dub_irish_dutch,-0.023172322039802868,11,0.245,38,7,0,1736,0,0,640,4
,0.021808318264014463,46746000,0.30531645569620247,,14,0,dub_irish_dutch,-0.018879084537426632,7,0.2438,43,7,0,1736,2,0.14285714285714285,768,5
,-0.00971984189681825,0,-0.12635794465863726,,13,0,dub_irish_dutch,-0.024087287485599518,8,0.2426,32,7,0,1736,0,0,896,6
,-0.02970178283721572,0,-0.4455267425582358,,15,0,dub_irish_dutch,-0.02664497308433056,4,0.2414,28,7,0,1736,0,0,1024,7
,0.02930220042458714,46746000,0.35162640509504567,,12,0,dub_irish_dutch,-0.01979198306798935,9,0.2402,30,7,0,1736,2,0.16666666666666666,1152,8
,0.00445385514873341,56754000,0.062353972082267735,,14,0,dub_irish_dutch,-0.02425401844084263,9,0.239,37,7,0,1736,2,0.14285714285714285,1280,9
,-0.020455504610030525,0,-0.26592155993039684,,13,0,dub_irish_dutch,-0.016924366354942322,5,0.2378,25,7,0,1736,0,0,1408,10
,0.01111353711601252,46746000,0.16670305674018782,,15,0,dub_irish_dutch,-0.019648896530270576,7,0.2366,36,7,0,1736,2,0.13333333333333333,1536,11
,-0.029164665037088925,0,-0.3499759804450671,,12,0,dub_irish_dutch,-0.01600989295790593,7,0.2354,27,7,0,1736,0,0,1664,12
,0.016073933339267005,56754000,0.22503506674973806,,14,0,dub_irish_dutch,-0.03482752417524656,14,0.2342,31,7,0,1736,4,0.2857142857142857,1792,13
,0.004277796363990816,46746000,0.038500167275917346,,9,0,dub_irish_dutch,-0.023955799639225006,10,0.2331,26,7,0,1736,1,0.1111111111111111,1920,14
,0.009674990197798288,46746000,0.13544986276917603,,14,0,dub_irish_dutch,-0.028622164701422054,12,0.2319,28,7,0,1736,3,0.21428571428571427,2048,15
,0.015073065102952313,46746000,0.2260959765442847,,15,0,dub_irish_dutch,-0.01611237848798434,8,0.2307,39,7,0,1736,3,0.2,2176,16
,0.010427334870500326,46746000,0.1251280184460039,,12,0,dub_irish_dutch,-0.0223379402110974,6,0.2296,35,7,0,1736,1,0.08333333333333333,2304,17
,-0.0032329730212021083,46746000,-0.0387956762544253,,12,0,dub_irish_dutch,-0.024611326555411022,11,0.2284,31,7,0,1736,1,0.08333333333333333,2432,18
,0.0039035003703805538,46746000,0.0507455048149472,,13,0,dub_irish_dutch,-0.018538042902946472,14,0.2273,27,7,0,1736,2,0.15384615384615385,2560,19
,-0.020276107610198622,46746000,-0.24331329132238347,,12,0,dub_irish_dutch,-0.014945517914990583,5,0.2262,32,7,0,1736,1,0.08333333333333333,2688,20
,0.013881443735496464,46746000,0.1943402122969505,,14,0,dub_irish_dutch,-0.027428288633624714,14,0.225,34,7,0,1736,3,0.21428571428571427,2816,21
,-0.01113318434610529,2322000,-0.12246502780715818,,11,0,dub_irish_dutch,-0.030462056398391724,7,0.2239,30,7,0,1736,1,0.09090909090909091,2944,22
,0.00148440895024264,46746000,0.01929731635315432,,13,0,dub_irish_dutch,-0.018903326864043873,9,0.2228,22,7,0,1736,3,0.23076923076923078,3072,23
,0.03390911331696951,56754000,0.4747275864375731,,14,0,dub_irish_dutch,-0.019111234073837597,15,0.2217,24,7,0,1736,5,0.35714285714285715,3200,24
,-0.0020237238995958542,0,-0.020237238995958542,,10,0,dub_irish_dutch,-0.019306078553199768,13,0.2206,31,7,0,1736,0,0,3328,25
,0.026116648781461044,46746000,0.3656330829404546,,14,0,dub_irish_dutch,-0.027159429465730984,15,0.2195,28,7,0,1736,3,0.21428571428571427,3456,26
,0.033701700573649546,46746000,0.5055255086047432,,15,0,dub_irish_dutch,-0.03504454034070174,15,0.2184,19,7,0,1736,4,0.26666666666666666,3584,27
,0.025839821549664167,46746000,0.25839821549664166,,10,0,dub_irish_dutch,-0.013309783612688383,11,0.2173,22,7,0,1736,2,0.2,3712,28
,0.00435547113389158,46746000,0.043554711338915794,,10,0,dub_irish_dutch,-0.036548549930254616,10,0.2162,25,7,0,1736,1,0.1,3840,29
,0.030530629688295664,46746000,0.3358369265712523,,11,0,dub_irish_dutch,-0.01976323624451955,14,0.2151,23,7,0,1736,3,0.2727272727272727,3968,30
,0.043138509047150914,46746000,0.43138509047150914,,10,0,dub_irish_dutch,0.015383411819736162,15,0.214,33,7,0,1736,4,0.4,4096,31
,0.008297489229258402,46746000,0.07467740306332561,,9,0,dub_irish_dutch,-0.025406126553813618,10,0.213,23,7,0,1736,1,0.1111111111111111,4224,32
,0.04694280861695998,56754000,0.5163708947865597,,11,0,dub_irish_dutch,-0.022228459517161053,19,0.2119,31,7,0,1736,4,0.36363636363636365,4352,33
,0.08692765192279978,56754000,0.9562041711507975,,11,0,dub_irish_dutch,-0.023350533718864124,21,0.2108,29,7,0,1736,5,0.45454545454545453,4480,34
,0.08242151200681432,56754000,0.9890581440817718,,12,0,dub_irish_dutch,0.027900089820226032,21,0.2098,24,7,0,1736,6,0.5,4608,35
,0.06809710200580799,56754000,0.8171652240696958,,12,0,dub_irish_dutch,0.01947672354678313,19,0.2087,27,7,0,1736,6,0.5,4736,36
,0.07236298875729637,46746000,0.6512668988156673,,9,0,dub_irish_dutch,-0.009745443550248941,22,0.2077,30,7,0,1736,4,0.4444444444444444,4864,37
,0.08097168744938738,46746000,0.8097168744938738,,10,0,dub_irish_dutch,-0.02351969542602698,21,0.2066,19,7,0,1736,6,0.6,4992,38
,0.09457299930948683,56754000,1.0403029924043552,,11,0,dub_irish_dutch,-0.014090098440647125,25,0.2056,25,7,0,1736,7,0.6363636363636364,5120,39
,0.16958323549446044,46746000,1.6958323549446044,,10,0,dub_irish_dutch,0.01575029951830705,30,0.2046,22,7,0,1736,8,0.8,5248,40
,0.09990249008127508,46746000,0.6993174305689256,,7,0,dub_irish_dutch,-0.01952822009722392,20,0.2036,24,7,0,1736,3,0.42857142857142855,5376,41
,0.052719854785094306,46746000,0.4744786930658488,,9,0,dub_irish_dutch,0.02924307994544506,18,0.2025,32,7,0,1736,3,0.3333333333333333,5504,42
,0.09595811063865592,56754000,0.8636229957479032,,9,0,dub_irish_dutch,0.00745505311836799,23,0.2015,28,7,0,1736,4,0.4444444444444444,5632,43
,0.10746847926122313,56754000,1.1821532718734544,,11,0,dub_irish_dutch,-0.021831813578804333,25,0.2005,32,7,0,1736,8,0.7272727272727273,5760,44
,0.14214448816380992,56754000,1.4214448816380991,,10,0,dub_irish_dutch,-0.011256575584411621,29,0.1995,25,7,0,1736,7,0.7,5888,45
,0.02904447907436599,7403400,0.20331135352056193,,7,0,dub_irish_dutch,-0.004263504408299923,15,0.1985,27,7,0,1736,1,0.14285714285714285,6016,46
,0.20980977441699408,56754000,1.4686684209189587,,7,0,dub_irish_dutch,-0.020016893434027832,27,0.1975,19,7,0,1736,5,0.7142857142857143,6144,47
,0.1026846360436119,46746000,1.1295309964797309,,11,0,dub_irish_dutch,-0.027014789481957752,28,0.1965,29,7,0,1736,8,0.7272727272727273,6272,48
,0.14565215640308735,46746000,1.1652172512246988,,8,0,dub_irish_dutch,-0.012171053948501745,27,0.1956,28,7,0,1736,5,0.625,6400,49
,0.18573469762574876,46746000,1.48587758100599,,8,0,dub_irish_dutch,-0.01924996388455232,25,0.1946,22,7,0,1736,5,0.625,6528,50
,0.20203321863152585,56754000,1.0101660931576293,,5,0,dub_irish_dutch,-0.009994753325978914,26,0.1936,19,7,0,1736,2,0.4,6656,51
,0.196811278488876,46746000,1.574490227911008,,8,0,dub_irish_dutch,-0.02748136470715205,29,0.1926,30,7,0,1736,6,0.75,6784,52
,0.27816667594219285,46746000,1.669000055653157,,6,0,dub_irish_dutch,-0.02295808618267377,28,0.1917,26,7,0,1736,4,0.6666666666666666,6912,53
,0.17573866517227854,46746000,1.0544319910336712,,6,0,dub_irish_dutch,-0.026557559768358868,24,0.1907,31,7,0,1736,1,0.16666666666666666,7040,54
,0.357395552560647,0,1.072186657681941,,3,0,dub_irish_dutch,-0.02056923198203246,25,0.1898,20,7,0,1736,0,0,7168,55
,0.3548789671850077,56754000,1.4195158687400309,,4,0,dub_irish_dutch,-0.02017577365040779,23,0.1888,18,7,0,1736,1,0.25,7296,56
,0.16008670746680062,0,0.6403468298672025,,4,0,dub_irish_dutch,-0.013667244153718153,22,0.1879,18,7,0,1736,0,0,7424,57
,0.23964960065512525,46746000,1.1982480032756262,,5,0,dub_irish_dutch,-0.01028830868502458,26,0.1869,27,7,0,1736,3,0.6,7552,58
,0.2628374572308861,46746000,1.0513498289235443,,4,0,dub_irish_dutch,-0.01619393564760685,22,0.186,22,7,0,1736,1,0.25,7680,59
,0.4737604557974406,56754000,1.4212813673923217,,3,0,dub_irish_dutch,-0.015442847274243832,25,0.1851,23,7,0,1736,1,0.3333333333333333,7808,60
,0.1341648953634689,46746000,0.9391542675442822,,7,0,dub_irish_dutch,-0.021646020313103993,22,0.1841,22,7,0,1736,1,0.14285714285714285,7936,61
,0.30328675328736154,56754000,1.2131470131494462,,4,0,dub_irish_dutch,0.18078048527240753,25,0.1832,21,7,0,1736,1,0.25,8064,62
,0.21401959181978583,56754000,1.284117550918715,,6,0,dub_irish_dutch,-0.012722682828704516,20,0.1823,17,7,0,1736,1,0.16666666666666666,8192,63
,0.11526392404002926,46746000,0.8068474682802048,,7,0,dub_irish_dutch,-0.026775892823934555,20,0.1814,27,7,0,1736,1,0.14285714285714285,8320,64
,0.250958931968118,46746000,1.2547946598405901,,5,0,dub_irish_dutch,0.0005606124177575111,24,0.1805,29,7,0,1736,2,0.4,8448,65
,0.24745980462668873,56754000,1.4847588277601325,,6,0,dub_irish_dutch,-0.0011945674195885658,27,0.1796,24,7,0,1736,2,0.3333333333333333,8576,66
,0.20564858490566038,0,1.2338915094339622,,6,0,dub_irish_dutch,-0.016613506401578586,21,0.1787,20,7,0,1736,0,0,8704,67
,0.4488201621034232,56754000,1.7952806484136927,,4,0,dub_irish_dutch,0.007426301017403603,27,0.1778,24,7,0,1736,2,0.5,8832,68
,0.23637229178750557,0,1.1818614589375278,,5,0,dub_irish_dutch,-0.0028507385092477002,24,0.1769,18,7,0,1736,0,0,8960,69
,0.31867882036364065,0,1.2747152814545626,,4,0,dub_irish_dutch,-0.0036939925824602446,23,0.176,23,7,0,1736,0,0,9088,70
,0.5670080862533693,0,1.1340161725067386,,2,0,dub_irish_dutch,0.018207136541604996,20,0.1751,24,7,0,1736,0,0,9216,71
,0.46355173562644386,46746000,1.8542069425057754,,4,0,dub_irish_dutch,-0.018374748528003693,27,0.1743,19,7,0,1736,3,0.75,9344,72
,0.40099100975885626,46746000,1.603964039035425,,4,0,dub_irish_dutch,0.007599088673790296,23,0.1734,22,7,0,1736,2,0.5,9472,73
,0.20347775377839827,46746000,1.0173887688919914,,5,0,dub_irish_dutch,-0.021363782385985058,22,0.1725,25,7,0,1736,1,0.2,9600,74
,0.6221584859032057,0,1.2443169718064113,,2,0,dub_irish_dutch,0.011578733411928019,22,0.1717,23,7,0,1736,0,0,9728,75
,0.48473576031237964,46746000,1.454207280937139,,3,0,dub_irish_dutch,0.007175020563105742,22,0.1708,23,7,0,1736,1,0.3333333333333333,9856,76
,0.5070838046303426,46746000,1.521251413891028,,3,0,dub_irish_dutch,-0.012540993591149649,25,0.1699,21,7,0,1736,2,0.6666666666666666,9984,77
,0.4560208744464766,46746000,1.3680626233394297,,3,0,dub_irish_dutch,0.01508698177834352,22,0.1691,17,7,0,1736,1,0.3333333333333333,10112,78
,0.313762329143655,56754000,1.5688116457182748,,5,0,dub_irish_dutch,-0.020187499622503918,25,0.1683,19,7,0,1736,2,0.4,10240,79
,0.3301498310851464,46746000,1.3205993243405856,,4,0,dub_irish_dutch,-0.0030253476773699126,24,0.1674,14,7,0,1736,1,0.25,10368,80
,0.609802653151473,0,1.219605306302946,,2,0,dub_irish_dutch,-0.021100499977668125,23,0.1666,28,7,0,1736,0,0,10496,81
,0.37822322067830666,46746000,1.5128928827132266,,4,0,dub_irish_dutch,0.019466236233711243,26,0.1657,24,7,0,1736,2,0.5,10624,82
,0.2420737741032552,0,1.210368870516276,,5,0,dub_irish_dutch,-0.0075942473486065865,22,0.1649,24,7,0,1736,0,0,10752,83
,0.49096758780162997,46746000,1.47290276340489,,3,0,dub_irish_dutch,-0.025035216162602108,24,0.1641,17,7,0,1736,1,0.3333333333333333,10880,84
,0.4837631250983501,0,1.4512893752950504,,3,0,dub_irish_dutch,-0.014360150943199793,25,0.1633,16,7,0,1736,0,0,11008,85
,0.5768063465657487,46746000,1.730419039697246,,3,0,dub_irish_dutch,-0.023835952083269756,25,0.1625,20,7,0,1736,1,0.3333333333333333,11136,86
,0.18353810236318227,0,1.1012286141790937,,6,0,dub_irish_dutch,0.02473086801668008,19,0.1616,23,7,0,1736,0,0,11264,87
,0.22323648931860476,46746000,1.3394189359116286,,6,0,dub_irish_dutch,-0.019736119856437046,22,0.1608,23,7,0,1736,1,0.16666666666666666,11392,88
,0.3502202471200746,0,1.0506607413602238,,3,0,dub_irish_dutch,-0.02104182665546735,21,0.16,24,7,0,1736,0,0,11520,89
,1.4814690026954171,0,1.4814690026954171,,1,0,dub_irish_dutch,0.02782338857650757,24,0.1592,22,7,0,1736,0,0,11648,90
,0.18562704863785143,46746000,0.9281352431892571,,5,0,dub_irish_dutch,-0.0012395946929852168,21,0.1584,25,7,0,1736,1,0.2,11776,91
,0.5235091421592221,46746000,1.5705274264776663,,3,0,dub_irish_dutch,-0.0012227521898845832,25,0.1576,22,7,0,1736,1,0.3333333333333333,11904,92
,1.7074273801501727,0,1.7074273801501727,,1,0,dub_irish_dutch,-0.007717392252137263,25,0.1569,17,7,0,1736,0,0,12032,93
,0.35411388140161726,0,1.416455525606469,,4,0,dub_irish_dutch,-0.012440266398092112,22,0.1561,18,7,0,1736,0,0,12160,94
,0.5311708672266077,46746000,1.593512601679823,,3,0,dub_irish_dutch,0.00777140228698651,26,0.1553,23,7,0,1736,1,0.3333333333333333,12288,95
,0.45276072000144385,46746000,1.8110428800057754,,4,0,dub_irish_dutch,-0.0010425541549921036,27,0.1545,23,7,0,1736,2,0.5,12416,96
,1.5924760541008853,0,1.5924760541008853,,0,0,dub_irish_dutch,0.001978285455455383,26,0.1537,18,7,0,1736,0,0,12544,97
,0.35580507989782645,56754000,1.4232203195913058,,4,0,dub_irish_dutch,0.008136113174259663,23,0.153,20,7,0,1736,1,0.25,12672,98
,1.5313958127767613,0,1.5313958127767613,,1,0,dub_irish_dutch,0.00028108805418014526,23,0.1522,17,7,0,1736,0,0,12800,99
,0.0007212209346190584,46746000,0.010097093084666818,,14,0,dub_irish_dutch,-0.025901420662800472,8,0.25,27,8,0,1737,2,0.14285714285714285,128,0
,-0.0187763726004113,0,-0.2628692164057582,,14,0,dub_irish_dutch,-0.01793820410966873,7,0.2487,32,8,0,1737,0,0,256,1
,0.003606670057624891,46746000,0.05410005086437337,,15,0,dub_irish_dutch,-0.022798665488759678,11,0.2475,26,8,0,1737,2,0.13333333333333333,384,2
,-0.01698151287025439,0,-0.23774118018356147,,14,0,dub_irish_dutch,-0.02042105235159397,6,0.2463,32,8,0,1737,0,0,512,3
,-0.019560322006160966,0,-0.29340483009241447,,15,0,dub_irish_dutch,-0.019129501034816105,5,0.245,40,8,0,1737,0,0,640,4
,-0.003129961292102448,46746000,-0.040689496797331824,,13,0,dub_irish_dutch,-0.024792727703849476,12,0.2438,34,8,0,1737,3,0.23076923076923078,768,5
,-0.00047090804563235816,46746000,-0.0065927126388530145,,14,0,dub_irish_dutch,-0.02316136782368024,8,0.2426,33,8,0,1737,2,0.14285714285714285,896,6
,0.019494294862424044,56754000,0.2729201280739366,,14,0,dub_irish_dutch,-0.020248883093396824,12,0.2414,39,8,0,1737,3,0.21428571428571427,1024,7
,0.011607827124863006,46746000,0.1509017526232191,,13,0,dub_irish_dutch,-0.03072849040230115,6,0.2402,26,8,0,1737,1,0.07692307692307693,1152,8
,0.0006034044105971623,46746000,0.00784425733776311,,13,0,dub_irish_dutch,-0.019236434251070023,9,0.239,35,8,0,1737,1,0.07692307692307693,1280,9
,-0.020026676835099882,0,-0.24032012202119857,,12,0,dub_irish_dutch,-0.025578413158655167,7,0.2378,38,8,0,1737,0,0,1408,10
,-0.00906612676236512,46746000,-0.11785964791074655,,13,0,dub_irish_dutch,-0.03726364548007647,4,0.2366,27,8,0,1737,1,0.07692307692307693,1536,11
,0.017225630576695482,46746000,0.1722563057669548,,10,0,dub_irish_dutch,-0.02595203680296739,14,0.2354,25,8,0,1737,2,0.2,1664,12
,-0.0001085584315353203,46746000,-0.001519818041494484,,14,0,dub_irish_dutch,-0.02383229819436868,9,0.2342,32,8,0,1737,1,0.07142857142857142,1792,13
,0.01533615391063571,56754000,0.21470615474889992,,14,0,dub_irish_dutch,-0.020049496243397396,10,0.2331,35,8,0,1737,2,0.14285714285714285,1920,14
,0.013982408438624092,46746000,0.19575371814073728,,14,0,dub_irish_dutch,-0.03519178430239359,9,0.2319,36,8,0,1737,2,0.14285714285714285,2048,15
,-0.0036256678046310982,46746000,-0.05075934926483538,,14,0,dub_irish_dutch,-0.022745290771126747,12,0.2307,31,8,0,1737,1,0.07142857142857142,2176,16
,-0.005223779385171789,0,-0.07313291139240505,,14,0,dub_irish_dutch,-0.0261829886585474,7,0.2296,29,8,0,1737,0,0,2304,17
,0.009354882293486714,46746000,0.1216134698153273,,13,0,dub_irish_dutch,-0.03381363426645597,9,0.2284,28,8,0,1737,2,0.15384615384615385,2432,18
,-0.001430830733203093,46746000,-0.017169968798437116,,12,0,dub_irish_dutch,-0.02376505360007286,11,0.2273,29,8,0,1737,1,0.08333333333333333,2560,19
,0.02859843310885919,46746000,0.42897649663288784,,15,0,dub_irish_dutch,-0.033048837135235466,11,0.2262,32,8,0,1737,3,0.2,2688,20
,-0.010121713729308666,0,-0.13158227848101267,,13,0,dub_irish_dutch,-0.030321421722571056,7,0.225,38,8,0,1737,0,0,2816,21
,0.009960855122775678,46746000,0.1294911165960838,,13,0,dub_irish_dutch,-0.011218329891562462,13,0.2239,31,8,0,1737,1,0.07692307692307693,2944,22
,0.02640035341453071,46746000,0.2904038875598378,,11,0,dub_irish_dutch,-0.030749677990873654,10,0.2228,25,8,0,1737,2,0.18181818181818182,3072,23
,0.0008563416341635784,46746000,0.01113244124412652,,13,0,dub_irish_dutch,-0.027509164065122604,11,0.2217,37,8,0,1737,1,0.07692307692307693,3200,24
,0.017702377941374706,46746000,0.19472615735512178,,11,0,dub_irish_dutch,-0.03762755667169889,13,0.2206,25,8,0,1737,3,0.2727272727272727,3328,25
,0.0006210118482912444,46746000,0.005589106634621199,,9,0,dub_irish_dutch,-0.0010500972469647725,10,0.2195,33,8,0,1737,2,0.2222222222222222,3456,26
,0.018316020910780408,46746000,0.20147623001858447,,11,0,dub_irish_dutch,-0.022723606477181118,15,0.2184,29,8,0,1737,2,0.18181818181818182,3584,27
,0.03586444689426923,0,0.2510511282598846,,7,0,dub_irish_dutch,-0.017521932100256283,15,0.2173,31,8,0,1737,0,0,3712,28
,0.013875434102878968,46746000,0.16650520923454762,,12,0,dub_irish_dutch,-0.037253053237994514,13,0.2162,34,8,0,1737,1,0.08333333333333333,3840,29
,0.01403840994011886,46746000,0.1684609192814263,,12,0,dub_irish_dutch,-0.021512285495797794,13,0.2151,19,8,0,1737,3,0.25,3968,30
,0.0408742703591169,46746000,0.4904912443094028,,12,0,dub_irish_dutch,-0.011914412180582682,16,0.214,22,8,0,1737,3,0.25,4096,31
,0.05512791769243408,46746000,0.44102334153947265,,8,0,dub_irish_dutch,-0.020430104186137516,14,0.213,28,8,0,1737,2,0.25,4224,32
,0.06414819144174158,46746000,0.6414819144174158,,10,0,dub_irish_dutch,-0.023969970022638638,20,0.2119,24,8,0,1737,4,0.4,4352,33
,0.09036720104303264,46746000,0.8133048093872938,,9,0,dub_irish_dutch,-0.022143613547086716,17,0.2108,30,8,0,1737,4,0.4444444444444444,4480,34
,0.09384528817318193,46746000,1.126143458078183,,12,0,dub_irish_dutch,0.06645966569582622,23,0.2098,30,8,0,1737,7,0.5833333333333334,4608,35
,0.08000997175181221,46746000,0.8801096892699343,,11,0,dub_irish_dutch,-0.020714037741223972,21,0.2087,20,8,0,1737,5,0.45454545454545453,4736,36
,0.06400016625024219,46746000,0.5120013300019375,,8,0,dub_irish_dutch,-0.029369790107011795,16,0.2077,17,8,0,1737,3,0.375,4864,37
,0.08868376638313527,46746000,0.8868376638313527,,10,0,dub_irish_dutch,-0.020902232577403385,23,0.2066,27,8,0,1737,6,0.6,4992,38
,0.1211751500381699,56754000,0.8482260502671892,,7,0,dub_irish_dutch,-0.021353937685489655,22,0.2056,29,8,0,1737,4,0.5714285714285714,5120,39
,0.07328569113467516,46746000,0.5862855290774013,,8,0,dub_irish_dutch,-0.0261566669990619,18,0.2046,25,8,0,1737,2,0.25,5248,40
,0.05362464631010823,56754000,0.5362464631010823,,10,0,dub_irish_dutch,-0.0015753644208113353,15,0.2036,36,8,0,1737,3,0.3,5376,41
,0.08075733583981662,46746000,0.8075733583981662,,10,0,dub_irish_dutch,-0.01368433702737093,18,0.2025,24,8,0,1737,4,0.4,5504,42
,0.11977346974810667,46746000,1.07796122773296,,9,0,dub_irish_dutch,-0.02390616076687972,25,0.2015,31,8,0,1737,6,0.6666666666666666,5632,43
,0.0932604727837802,46746000,0.7460837822702416,,8,0,dub_irish_dutch,0.010356412579615911,22,0.2005,29,8,0,1737,3,0.375,5760,44
,0.04926740466199201,46746000,0.6404762606058961,,13,0,dub_irish_dutch,-0.030513969560464222,15,0.1995,34,8,0,1737,4,0.3076923076923077,5888,45
,0.07394092899513893,46746000,0.8872911479416672,,12,0,dub_irish_dutch,-0.02847140779097875,22,0.1985,29,8,0,1737,5,0.4166666666666667,6016,46
,0.10832420149999636,46746000,1.0832420149999635,,10,0,dub_irish_dutch,-0.03280716513593992,23,0.1975,27,8,0,1737,5,0.5,6144,47
,0.17883588147948884,56754000,1.4306870518359107,,8,0,dub_irish_dutch,-0.013623464852571487,24,0.1965,22,8,0,1737,5,0.625,6272,48
,0.10656524558798977,46746000,1.0656524558798977,,10,0,dub_irish_dutch,-0.024103935807943344,28,0.1956,21,8,0,1737,6,0.6,6400,49
,0.16437328397610854,46746000,1.1506129878327598,,7,0,dub_irish_dutch,0.0037401150912046432,22,0.1946,29,8,0,1737,4,0.5714285714285714,6528,50
,0.17014837411257527,46746000,1.1910386187880269,,7,0,dub_irish_dutch,-0.025763253991802532,23,0.1936,14,8,0,1737,5,0.7142857142857143,6656,51
,0.039873347890895736,0,0.3189867831271659,,8,0,dub_irish_dutch,-0.023483405510584515,16,0.1926,32,8,0,1737,0,0,6784,52
,0.12255850651272457,46746000,1.2255850651272457,,10,0,dub_irish_dutch,-0.009006763187547525,23,0.1917,27,8,0,1737,5,0.5,6912,53
,0.0989604615473211,46746000,0.6927232308312478,,7,0,dub_irish_dutch,-0.007214515780409177,21,0.1907,32,8,0,1737,1,0.14285714285714285,7040,54
,0.14307152622840028,46746000,1.1445722098272022,,8,0,dub_irish_dutch,-0.020625914136568706,25,0.1898,23,8,0,1737,3,0.375,7168,55
,0.12588257267239059,46746000,0.881178008706734,,7,0,dub_irish_dutch,-0.021952785551548004,24,0.1888,19,8,0,1737,2,0.2857142857142857,7296,56
,0.27319919873542614,46746000,1.3659959936771306,,5,0,dub_irish_dutch,-0.019400148342053097,24,0.1879,16,8,0,1737,2,0.4,7424,57
,0.168583897886985,46746000,1.34867118309588,,8,0,dub_irish_dutch,-0.026782051970561344,25,0.1869,20,8,0,1737,4,0.5,7552,58
,0.16033928640606296,46746000,0.9620357184363777,,6,0,dub_irish_dutch,-0.02214726743598779,22,0.186,21,8,0,1737,2,0.3333333333333333,7680,59
,0.15058296575031632,46746000,1.0540807602522142,,7,0,dub_irish_dutch,-0.025857193395495415,22,0.1851,23,8,0,1737,3,0.42857142857142855,7808,60
,0.1785125247592768,46746000,1.0710751485556609,,6,0,dub_irish_dutch,-0.02489201972881953,21,0.1841,19,8,0,1737,1,0.16666666666666666,7936,61
,0.1878219454126438,46746000,1.3147536178885066,,7,0,dub_irish_dutch,-0.0005137226544320583,24,0.1832,23,8,0,1737,4,0.5714285714285714,8064,62
,0.24299107894926839,46746000,1.4579464736956103,,6,0,dub_irish_dutch,-0.004411100875586271,25,0.1823,17,8,0,1737,3,0.5,8192,63
,0.4329406714620407,0,1.298822014386122,,3,0,dub_irish_dutch,-0.019247487808267277,27,0.1814,18,8,0,1737,0,0,8320,64
,0.32108274346000193,46746000,1.2843309738400077,,4,0,dub_irish_dutch,-0.019803866744041443,24,0.1805,17,8,0,1737,1,0.25,8448,65
,0.19929411187759447,38921400,1.1957646712655667,,6,0,dub_irish_dutch,0.015992037020623684,21,0.1796,18,8,0,1737,2,0.3333333333333333,8576,66
,0.15094418676273233,56754000,1.2075534941018586,,8,0,dub_irish_dutch,-0.013682260488470396,23,0.1787,20,8,0,1737,2,0.25,8704,67
,0.345200016933944,46746000,1.380800067735776,,4,0,dub_irish_dutch,-0.009990929625928402,24,0.1778,23,8,0,1737,2,0.5,8832,68
,0.2585680416921927,0,1.0342721667687709,,4,0,dub_irish_dutch,-0.008944553788751364,21,0.1769,22,8,0,1737,0,0,8960,69
,0.22471217369314275,46746000,1.3482730421588565,,6,0,dub_irish_dutch,-0.016465050478776295,23,0.176,19,8,0,1737,1,0.16666666666666666,9088,70
,0.1598977418767842,0,0.9593864512607053,,6,0,dub_irish_dutch,-0.010454787872731686,19,0.1751,28,8,0,1737,0,0,9216,71
,1.496465511521947,0,1.496465511521947,,1,0,dub_irish_dutch,-0.019627575141688187,25,0.1743,21,8,0,1737,0,0,9344,72
,0.4094573737559614,46746000,1.6378294950238457,,4,0,dub_irish_dutch,-0.009016142847637335,30,0.1734,19,8,0,1737,3,0.75,9472,73
,0.7342670384911935,46746000,1.468534076982387,,2,0,dub_irish_dutch,-0.01330909381310145,26,0.1725,27,8,0,1737,1,0.5,9600,74
,0.15113590597777116,8078400,0.9068154358666269,,6,0,dub_irish_dutch,-0.016612714156508446,23,0.1717,25,8,0,1737,1,0.16666666666666666,9728,75
,0.4125432733223604,0,1.2376298199670812,,3,0,dub_irish_dutch,-0.002759319574882587,23,0.1708,25,8,0,1737,0,0,9856,76
,0.5047266061605266,56754000,1.5141798184815796,,3,0,dub_irish_dutch,-0.004567300279935201,26,0.1699,24,8,0,1737,1,0.3333333333333333,9984,77
,0.3516326733844687,56754000,1.4065306935378747,,4,0,dub_irish_dutch,-0.010584664220611254,24,0.1691,24,8,0,1737,1,0.25,10112,78
,0.3857256908512225,46746000,1.54290276340489,,4,0,dub_irish_dutch,0.004645105140904586,25,0.1683,21,8,0,1737,1,0.25,10240,79
,0.5702872981444939,46746000,1.1405745962889877,,2,0,dub_irish_dutch,0.016922478874524433,24,0.1674,28,8,0,1737,1,0.5,10368,80
,0.28614275607858,56754000,1.4307137803928998,,5,0,dub_irish_dutch,-0.01951633393764496,25,0.1666,15,8,0,1737,2,0.4,10496,81
,0.40357256130491564,46746000,1.6142902452196626,,4,0,dub_irish_dutch,-0.01227933851381143,28,0.1657,25,8,0,1737,2,0.5,10624,82
,0.4046720575022463,0,1.2140161725067389,,3,0,dub_irish_dutch,-0.002416756935417652,23,0.1649,24,8,0,1737,0,0,10752,83
,0.4495063414516749,0,1.3485190243550247,,3,0,dub_irish_dutch,-0.010927435321112474,22,0.1641,21,8,0,1737,0,0,10880,84
,0.4258690854443062,0,1.2776072563329186,,3,0,dub_irish_dutch,0.001574156650652488,25,0.1633,22,8,0,1737,0,0,11008,85
,0.24987718051231292,56754000,1.4992630830738776,,6,0,dub_irish_dutch,-0.005263924443473418,25,0.1625,28,8,0,1737,3,0.5,11136,86
,0.23985638946523938,46746000,1.1992819473261969,,5,0,dub_irish_dutch,-0.013545706868171692,22,0.1616,19,8,0,1737,1,0.2,11264,87
,1.3243424218449174,0,1.3243424218449174,,1,0,dub_irish_dutch,-0.00697061683361729,24,0.1608,17,8,0,1737,0,0,11392,88
,0.3217608997461013,46746000,1.2870435989844051,,4,0,dub_irish_dutch,0.008789916522800922,21,0.16,30,8,0,1737,1,0.25,11520,89
,0.3274287733592847,23373000,1.3097150934371389,,4,0,dub_irish_dutch,0.004900412323574225,25,0.1592,25,8,0,1737,1,0.25,11648,90
,0.41382281087552947,0,1.2414684326265883,,3,0,dub_irish_dutch,-0.009190097451210022,24,0.1584,19,8,0,1737,0,0,11776,91
,0.4187074225583293,0,1.256122267674988,,3,0,dub_irish_dutch,-0.016001167086263497,19,0.1576,25,8,0,1737,0,0,11904,92
,0.6599581112644869,46746000,1.3199162225289738,,2,0,dub_irish_dutch,-0.007990197899440924,24,0.1569,11,8,0,1737,1,0.5,12032,93
,0.6551604335361777,56754000,1.965481300608533,,3,0,dub_irish_dutch,-0.022456762691338856,27,0.1561,17,8,0,1737,2,0.6666666666666666,12160,94
,0.26323411006949793,0,1.0529364402779917,,4,0,dub_irish_dutch,0.01985502801835537,23,0.1553,19,8,0,1737,0,0,12288,95
,0.3549614876010265,46746000,1.419845950404106,,4,0,dub_irish_dutch,-0.003509900843103727,23,0.1545,25,8,0,1737,1,0.25,12416,96
,0.7923607278866343,0,1.5847214557732685,,2,0,dub_irish_dutch,-0.0004403619095683098,27,0.1537,13,8,0,1737,0,0,12544,97
,0.5722057407676026,56754000,1.7166172223028078,,3,0,dub_irish_dutch,-0.012359431634346644,25,0.153,17,8,0,1737,1,0.3333333333333333,12672,98
,0.4447544696168411,0,1.3342634088505234,,3,0,dub_irish_dutch,-0.004903755616396666,26,0.1522,16,8,0,1737,0,0,12800,99
,-0.027062102612787964,0,-0.35180733396624353,,13,0,dub_irish_dutch,-0.018385233357548714,6,0.25,30,9,0,1738,0,0,128,0
,-0.011012805604660388,46746000,-0.16519208406990582,,15,0,dub_irish_dutch,-0.016372968442738056,9,0.2487,37,9,0,1738,2,0.13333333333333333,256,1
,-0.009902045342888518,46746000,-0.13862863480043924,,14,0,dub_irish_dutch,-0.01983818660179774,7,0.2475,27,9,0,1738,1,0.07142857142857142,384,2
,0.007637811122741431,6210000,0.10692935571838004,,14,0,dub_irish_dutch,-0.026937488466501236,11,0.2463,39,9,0,1738,2,0.14285714285714285,512,3
,0.01859858469837102,46746000,0.22318301638045224,,12,0,dub_irish_dutch,-0.019715620825688045,11,0.245,34,9,0,1738,3,0.25,640,4
,-0.0008105223613358651,0,-0.011347313058702112,,14,0,dub_irish_dutch,-0.016131197412808735,7,0.2438,42,9,0,1738,0,0,768,5
,-0.01850167600479322,46746000,-0.2590234640671051,,14,0,dub_irish_dutch,-0.02326013644536336,6,0.2426,30,9,0,1738,1,0.07142857142857142,896,6
,-0.012695758981882707,0,-0.1904363847282406,,15,0,dub_irish_dutch,-0.017941178133090336,6,0.2414,22,9,0,1738,0,0,1024,7
,-0.0008524897480120198,46746000,-0.011934856472168277,,14,0,dub_irish_dutch,-0.02263987436890602,5,0.2402,32,9,0,1738,1,0.07142857142857142,1152,8
,0.004713267388494406,46746000,0.06598574343892169,,14,0,dub_irish_dutch,-0.026887269069751103,14,0.239,31,9,0,1738,3,0.21428571428571427,1280,9
,-0.009741317316550181,46746000,-0.12663712511515235,,13,0,dub_irish_dutch,-0.02103826714058717,10,0.2378,31,9,0,1738,1,0.07692307692307693,1408,10
,-0.009454722492697175,0,-0.12291139240506327,,13,0,dub_irish_dutch,-0.021560519312818844,5,0.2366,30,9,0,1738,0,0,1536,11
,-0.009358165671929153,0,-0.1403724850789373,,15,0,dub_irish_dutch,-0.02904029997686545,10,0.2354,40,9,0,1738,0,0,1664,12
,-0.012787949750273612,0,-0.16624334675355695,,13,0,dub_irish_dutch,-0.02368351196249326,6,0.2342,33,9,0,1738,0,0,1792,13
,-0.011095727848101263,0,-0.13314873417721515,,12,0,dub_irish_dutch,-0.020656417434414227,8,0.2331,26,9,0,1738,0,0,1920,14
,0.0036668255540830636,46746000,0.05866920886532902,,16,0,dub_irish_dutch,-0.030842774237195652,7,0.2319,35,9,0,1738,1,0.0625,2048,15
,0.014449427397679238,46746000,0.1589437013744716,,11,0,dub_irish_dutch,-0.029571092997988064,12,0.2307,33,9,0,1738,1,0.09090909090909091,2176,16
,0.013960157487107046,46746000,0.22336251979371274,,16,0,dub_irish_dutch,-0.025207703312238056,9,0.2296,18,9,0,1738,1,0.0625,2304,17
,-0.024110917941976038,0,-0.3134419332456885,,13,0,dub_irish_dutch,-0.020226869732141495,8,0.2284,31,9,0,1738,0,0,2432,18
,0.001608273056057865,46746000,0.02251582278481011,,14,0,dub_irish_dutch,-0.020386332646012306,6,0.2273,26,9,0,1738,1,0.07142857142857142,2560,19
,-0.0018387294141168759,0,-0.023903482383519387,,13,0,dub_irish_dutch,-0.027406740933656693,8,0.2262,30,9,0,1738,0,0,2688,20
,0.007873982825741305,46746000,0.09448779390889567,,12,0,dub_irish_dutch,-0.02667839266359806,10,0.225,24,9,0,1738,2,0.16666666666666666,2816,21
,-0.020884524493892397,0,-0.22972976943281637,,11,0,dub_irish_dutch,-0.025651711970567703,8,0.2239,32,9,0,1738,0,0,2944,22
,-0.0005864317291546611,0,-0.007623612479010595,,13,0,dub_irish_dutch,-0.028076252589623134,5,0.2228,23,9,0,1738,0,0,3072,23
,0.04673236649112488,56754000,0.7009854973668732,,15,0,dub_irish_dutch,-0.019949179142713547,14,0.2217,26,9,0,1738,4,0.26666666666666666,3200,24
,0.03465274985429436,56754000,0.4158329982515323,,12,0,dub_irish_dutch,-0.02565619784096877,11,0.2206,23,9,0,1738,2,0.16666666666666666,3328,25
,0.00901127506214544,46746000,0.12615785087003617,,14,0,dub_irish_dutch,-0.03390053038795789,14,0.2195,39,9,0,1738,3,0.21428571428571427,3456,26
,0.009353815530376395,2678400,0.09353815530376396,,10,0,dub_irish_dutch,-0.013908227595190207,11,0.2184,31,9,0,1738,2,0.2,3584,27
,0.036904992801671206,46746000,0.4428599136200545,,12,0,dub_irish_dutch,-0.013487090356647968,17,0.2173,30,9,0,1738,3,0.25,3712,28
,0.05658638367169154,46746000,0.5658638367169154,,10,0,dub_irish_dutch,-0.02721416763961315,19,0.2162,23,9,0,1738,4,0.4,3840,29
,0.03721786579012082,46746000,0.48383225527157064,,13,0,dub_irish_dutch,-0.031805384904146194,13,0.2151,30,9,0,1738,3,0.23076923076923078,3968,30
,0.04733889145492511,56754000,0.5680666974591013,,12,0,dub_irish_dutch,-0.02569060834745566,13,0.214,33,9,0,1738,4,0.3333333333333333,4096,31
,0.06378695994413794,56754000,0.7016565593855173,,11,0,dub_irish_dutch,-0.00041319429874420166,16,0.213,23,9,0,1738,4,0.36363636363636365,4224,32
,0.03478025825863308,46746000,0.417363099103597,,12,0,dub_irish_dutch,-0.03441068157553673,15,0.2119,35,9,0,1738,3,0.25,4352,33
,0.0654897990266833,46746000,1.1788163824802993,,18,0,dub_irish_dutch,-0.024253460268179577,22,0.2108,27,9,0,1738,9,0.5,4480,34
,0.04571398230546502,56754000,0.5942817699710453,,13,0,dub_irish_dutch,-0.0041370997205376625,18,0.2098,36,9,0,1738,4,0.3076923076923077,4608,35
,0.09210131383624698,46746000,1.1052157660349637,,12,0,dub_irish_dutch,-0.02536828691760699,24,0.2087,26,9,0,1738,6,0.5,4736,36
,0.08195178863000208,46746000,1.065373252190027,,13,0,dub_irish_dutch,-0.03538983811934789,24,0.2077,32,9,0,1738,7,0.5384615384615384,4864,37
,0.120633833808072,56754000,1.20633833808072,,10,0,dub_irish_dutch,-0.028346027558048565,27,0.2066,17,9,0,1738,6,0.6,4992,38
,0.07168269142560649,46746000,0.7885096056816714,,11,0,dub_irish_dutch,-0.011367790090541044,25,0.2056,34,9,0,1738,4,0.36363636363636365,5120,39
,0.1468108447481546,56754000,1.468108447481546,,10,0,dub_irish_dutch,-0.002247386301557223,29,0.2046,22,9,0,1738,7,0.7,5248,40
,0.14205829938682085,56754000,1.1364663950945668,,8,0,dub_irish_dutch,-0.022531508778532345,22,0.2036,23,9,0,1738,4,0.5,5376,41
,0.2516629054407731,0,1.0066516217630923,,4,0,dub_irish_dutch,-0.027954548597335815,24,0.2025,23,9,0,1738,0,0,5504,42
,0.14064882723922906,46746000,1.2658394451530615,,9,0,dub_irish_dutch,-0.017788814070324104,25,0.2015,30,9,0,1738,5,0.5555555555555556,5632,43
,0.20197478365525226,46746000,1.2118487019315136,,6,0,dub_irish_dutch,0.003590214066207409,24,0.2005,32,9,0,1738,3,0.5,5760,44
,0.13383287095040752,56754000,1.2044958385536677,,9,0,dub_irish_dutch,-0.02131798428793748,26,0.1995,32,9,0,1738,3,0.3333333333333333,5888,45
,0.1056275386437756,46746000,1.1619029250815316,,11,0,dub_irish_dutch,-0.010865227629741033,24,0.1985,27,9,0,1738,3,0.2727272727272727,6016,46
,0.21503724419217413,56754000,1.720297953537393,,8,0,dub_irish_dutch,0.038229877750078835,27,0.1975,26,9,0,1738,5,0.625,6144,47
,0.4258938348334615,46746000,1.703575339333846,,4,0,dub_irish_dutch,-0.008288609329611063,28,0.1965,26,9,0,1738,4,1,6272,48
,0.13716017628832258,46746000,1.2344415865949032,,9,0,dub_irish_dutch,-0.0013431529514491558,28,0.1956,34,9,0,1738,6,0.6666666666666666,6400,49
,0.1828030746865373,46746000,1.4624245974922985,,8,0,dub_irish_dutch,-0.0019368669018149376,27,0.1946,25,9,0,1738,3,0.375,6528,50
,0.23450961955552274,56754000,1.4070577173331364,,6,0,dub_irish_dutch,-0.020678636928399403,25,0.1936,26,9,0,1738,2,0.3333333333333333,6656,51
,0.28538268946139767,46746000,1.4269134473069884,,5,0,dub_irish_dutch,0.015402314563592276,27,0.1926,21,9,0,1738,2,0.4,6784,52
,0.2323777570990797,56754000,1.3942665425944782,,6,0,dub_irish_dutch,0.4324318567911784,23,0.1917,26,9,0,1738,1,0.16666666666666666,6912,53
,0.16625797688094773,46746000,1.163805838166634,,7,0,dub_irish_dutch,-0.024196379507581394,26,0.1907,30,9,0,1738,2,0.2857142857142857,7040,54
,0.3023331890612967,0,1.2093327562451868,,4,0,dub_irish_dutch,0.05145429943998655,22,0.1898,26,9,0,1738,0,0,7168,55
,0.19888532491416377,46746000,1.1933119494849826,,6,0,dub_irish_dutch,-0.030483338981866837,26,0.1888,19,9,0,1738,1,0.16666666666666666,7296,56
,0.4758847200164739,56754000,1.4276541600494217,,3,0,dub_irish_dutch,-0.01621229698260625,24,0.1879,20,9,0,1738,1,0.3333333333333333,7424,57
,0.8943384761610589,46746000,1.7886769523221178,,2,0,dub_irish_dutch,-0.026350118219852448,26,0.1869,18,9,0,1738,1,0.5,7552,58
,0.7867563008399111,46746000,1.5735126016798222,,2,0,dub_irish_dutch,-0.006956185369441907,23,0.186,19,9,0,1738,1,0.5,7680,59
,0.15738798480561364,2322000,1.1017158936392955,,7,0,dub_irish_dutch,0.21479415396849313,23,0.1851,28,9,0,1738,1,0.14285714285714285,7808,60
,0.8232034867455236,46746000,1.6464069734910471,,2,0,dub_irish_dutch,-0.0032765474170446396,27,0.1841,17,9,0,1738,1,0.5,7936,61
,0.19962062832629682,46746000,1.3973443982840776,,7,0,dub_irish_dutch,0.009268884547054768,25,0.1832,25,9,0,1738,1,0.14285714285714285,8064,62
,0.2753232692497086,46746000,1.376616346248543,,5,0,dub_irish_dutch,0.05518673608700434,25,0.1823,33,9,0,1738,2,0.4,8192,63
,0.32048685084646716,56754000,1.6024342542323358,,5,0,dub_irish_dutch,-0.011422599665820599,25,0.1814,22,9,0,1738,2,0.4,8320,64
,0.1523171372617444,0,0.9139028235704664,,6,0,dub_irish_dutch,-0.0018388658451537292,24,0.1805,25,9,0,1738,0,0,8448,65
,0.31020087341280916,46746000,1.2408034936512367,,4,0,dub_irish_dutch,0.0044318462411562605,22,0.1796,25,9,0,1738,1,0.25,8576,66
,1.4602119031574892,0,1.4602119031574892,,1,0,dub_irish_dutch,-0.010976762510836124,23,0.1787,19,9,0,1738,0,0,8704,67
,0.3356506935924838,56754000,1.678253467962419,,5,0,dub_irish_dutch,-0.0007053579514225324,26,0.1778,20,9,0,1738,2,0.4,8832,68
,0.20095156706622483,46746000,1.205709402397349,,6,0,dub_irish_dutch,0.031022070596615475,23,0.1769,28,9,0,1738,2,0.3333333333333333,8960,69
,0.25247511777411435,46746000,1.5148507066446861,,6,0,dub_irish_dutch,0.0010322981203595798,26,0.176,19,9,0,1738,2,0.3333333333333333,9088,70
,0.586765709488555,0,1.17353141897711,,2,0,dub_irish_dutch,-0.007442574171970288,22,0.1751,25,9,0,1738,0,0,9216,71
,1.7549154072006155,0,1.7549154072006155,,0,0,dub_irish_dutch,-0.016122807438174885,26,0.1743,21,9,0,1738,0,0,9344,72
,0.5180010939185652,56754000,1.5540032817556957,,3,0,dub_irish_dutch,-0.0028947413278122744,25,0.1734,24,9,0,1738,2,0.6666666666666666,9472,73
,0.7600927880594993,0,1.5201855761189986,,2,0,dub_irish_dutch,0.06889182329177856,26,0.1725,25,9,0,1738,0,0,9600,74
,0.41245580086397754,46746000,1.6498232034559102,,4,0,dub_irish_dutch,0.05075806379318237,28,0.1717,17,9,0,1738,2,0.5,9728,75
,0.1745824277016166,0,1.0474945662096997,,6,0,dub_irish_dutch,-0.011129884825398525,22,0.1708,19,9,0,1738,0,0,9856,76
,0.8791080528614746,46746000,1.7582161057229493,,2,0,dub_irish_dutch,0.0037936417696376643,26,0.1699,22,9,0,1738,1,0.5,9984,77
,0.3666737831276591,56754000,1.4666951325106363,,4,0,dub_irish_dutch,-0.0001881482700506846,23,0.1691,23,9,0,1738,1,0.25,10112,78
,0.19712912096953994,56754000,1.1827747258172396,,6,0,dub_irish_dutch,1.7784669399261475,27,0.1683,25,9,0,1738,1,0.16666666666666666,10240,79
,0.4085157265294088,46746000,1.6340629061176353,,4,0,dub_irish_dutch,-0.0160215279708306,27,0.1674,20,9,0,1738,3,0.75,10368,80
,0.2741746414740961,46746000,1.3708732073704804,,5,0,dub_irish_dutch,0.006536756797383229,24,0.1666,24,9,0,1738,1,0.2,10496,81
,0.14036346024258764,0,1.1229076819407011,,8,0,dub_irish_dutch,-0.01180732250213623,22,0.1657,21,9,0,1738,0,0,10624,82
,0.2375222371967654,0,1.187611185983827,,5,0,dub_irish_dutch,0.0048819238630433874,21,0.1649,25,9,0,1738,0,0,10752,83
,0.8145964394012319,0,1.6291928788024639,,2,0,dub_irish_dutch,0.11478455364704132,27,0.1641,17,9,0,1738,0,0,10880,84
,0.29767947015185797,0,1.1907178806074319,,4,0,dub_irish_dutch,0.00510977612187465,22,0.1633,26,9,0,1738,0,0,11008,85
,1.7350520432229493,0,1.7350520432229493,,1,0,dub_irish_dutch,-0.007478388026356697,27,0.1625,12,9,0,1738,0,0,11136,86
,0.2892410989586924,56754000,1.446205494793462,,5,0,dub_irish_dutch,0.014671163323024908,23,0.1616,28,9,0,1738,1,0.2,11264,87
,0.8352745956873313,0,1.6705491913746626,,2,0,dub_irish_dutch,-0.01978204833964507,24,0.1608,19,9,0,1738,0,0,11392,88
,0.21620675930159802,0,1.0810337965079901,,5,0,dub_irish_dutch,0.01071645567814509,23,0.16,25,9,0,1738,0,0,11520,89
,0.4180299851012772,0,1.2540899553038316,,3,0,dub_irish_dutch,-0.0038284766487777233,21,0.1592,12,9,0,1738,0,0,11648,90
,1.6068175418752402,0,1.6068175418752402,,1,0,dub_irish_dutch,-0.007842354166011015,26,0.1584,20,9,0,1738,0,0,11776,91
,0.18257245125293664,46746000,1.0954347075176198,,6,0,dub_irish_dutch,-0.004219227160016696,23,0.1576,25,9,0,1738,1,0.16666666666666666,11904,92
,0.2212613514892985,46746000,1.3275681089357911,,6,0,dub_irish_dutch,-0.022010484089454014,24,0.1569,17,9,0,1738,1,0.16666666666666666,12032,93
,1.707167073712911,0,1.707167073712911,,0,0,dub_irish_dutch,-0.007770900925000508,26,0.1561,18,9,0,1738,0,0,12160,94
,0.16077886343216538,0,0.9646731805929923,,6,0,dub_irish_dutch,0.012073267251253128,21,0.1553,23,9,0,1738,0,0,12288,95
,1.735052043222949,0,1.735052043222949,,1,0,dub_irish_dutch,-0.0025569542000691095,25,0.1545,18,9,0,1738,0,0,12416,96
,0.7358524258760106,0,1.4717048517520213,,2,0,dub_irish_dutch,0.0197088240335385,22,0.1537,16,9,0,1738,0,0,12544,97
,0.5597450433593247,46746000,1.6792351300779742,,3,0,dub_irish_dutch,-0.014741475383440653,26,0.153,19,9,0,1738,1,0.3333333333333333,12672,98
,0.20144982610207812,2322000,1.0072491305103906,,5,0,dub_irish_dutch,-0.014422102520863215,23,0.1522,17,9,0,1738,1,0.2,12800,99
2.3887140713632107,-0.10718749999999994,0,-1.714999999999999,,16,0,partnership_disguised_sale,-0.12030262996753056,0,0.25,38,0,0,1729,0,0,128,0
2.6207789285108447,-0.15593749999999995,0,-2.494999999999999,,16,0,partnership_disguised_sale,-0.13212188084920248,0,0.2487,26,0,0,1729,0,0,256,1
2.6078840605914593,-0.13749999999999993,0,-2.199999999999999,,16,0,partnership_disguised_sale,-0.12521654615799585,0,0.2475,32,0,0,1729,0,0,384,2
2.488384183496237,1.1387500000000006,20,18.22000000000001,,16,0,partnership_disguised_sale,1.1201262474060059,1,0.2463,40,0,0,1729,1,0.0625,512,3
2.593346013687551,0.4700000000000002,10,7.520000000000003,,16,0,partnership_disguised_sale,0.26709240674972534,1,0.245,33,0,0,1729,0,0,640,4
2.4916505562141538,1.0090625000000009,18,16.145000000000014,,16,0,partnership_disguised_sale,1.1014306942621868,2,0.2438,35,0,0,1729,1,0.0625,768,5
2.4529589330777526,0.9975,18,15.96,,16,0,partnership_disguised_sale,1.0682778358459473,1,0.2426,39,0,0,1729,1,0.0625,896,6
2.4512997521087527,0.5124999999999994,10,8.19999999999999,,16,0,partnership_disguised_sale,0.2910988926887512,1,0.2414,25,0,0,1729,0,0,1024,7
2.51161016151309,0.38406250000000025,8,6.145000000000004,,16,0,partnership_disguised_sale,0.11600689093271892,2,0.2402,32,0,0,1729,0,0,1152,8
2.502197939902544,0.7568749999999999,10,12.109999999999998,,16,0,partnership_disguised_sale,0.2949821551640828,4,0.239,28,0,0,1729,0,0,1280,9
2.5177213894203305,-0.11343749999999989,0,-1.8149999999999982,,16,0,partnership_disguised_sale,-0.08990370978911717,0,0.2378,33,0,0,1729,0,0,1408,10
2.374659904278815,0.38531250000000034,8,6.165000000000005,,16,0,partnership_disguised_sale,0.13416179517904916,1,0.2366,36,0,0,1729,0,0,1536,11
2.4238872257992625,1.7696874999999992,20,28.314999999999987,,16,0,partnership_disguised_sale,1.85987122853597,2,0.2354,36,0,0,1729,1,0.0625,1664,12
2.51388621609658,1.6153125,18,25.845,,16,0,partnership_disguised_sale,1.3539281686147053,2,0.2342,50,0,0,1729,1,0.0625,1792,13
2.4568439042195678,1.1387500000000004,20,18.220000000000006,,16,0,partnership_disguised_sale,1.5457863012949626,4,0.2331,36,0,0,1729,1,0.0625,1920,14
2.499141415581107,1.0171875000000004,18,16.275000000000006,,16,0,partnership_disguised_sale,1.0734200477600098,1,0.2319,32,0,0,1729,1,0.0625,2048,15
2.456126113422215,-0.10562499999999993,10,-1.6899999999999988,,16,0,partnership_disguised_sale,0.10904097308715184,1,0.2307,30,0,0,1729,0,0,2176,16
2.4997110767289996,0.9871874999999998,10,15.794999999999996,,16,0,partnership_disguised_sale,0.4430939455827077,2,0.2296,24,0,0,1729,0,0,2304,17
2.561555546708405,2.1109375000000004,18,33.775000000000006,,16,0,partnership_disguised_sale,2.4574660460154214,4,0.2284,29,0,0,1729,2,0.125,2432,18
2.516080357134342,2.483125,18,39.73,,16,0,partnership_disguised_sale,2.152008612950643,3,0.2273,29,0,0,1729,1,0.0625,2560,19
2.5293997125700116,1.8512500000000003,20,29.620000000000005,,16,0,partnership_disguised_sale,1.5437230269114177,3,0.2262,34,0,0,1729,1,0.0625,2688,20
2.4991832664236426,-0.12187499999999993,0,-1.9499999999999988,,16,0,partnership_disguised_sale,0.08160710086425145,0,0.225,33,0,0,1729,0,0,2816,21
2.4913079692050815,3.299999999999997,20,56.09999999999995,,17,0,partnership_disguised_sale,2.824639002482096,4,0.2239,25,0,0,1729,3,0.17647058823529413,2944,22
2.4543962879106402,2.010312499999999,20,32.164999999999985,,16,0,partnership_disguised_sale,2.082268238067627,5,0.2228,31,0,0,1729,1,0.0625,3072,23
2.425902519375086,0.49874999999999975,8,7.979999999999996,,16,0,partnership_disguised_sale,0.35032424330711365,3,0.2217,27,0,0,1729,0,0,3200,24
2.554541517049074,1.7346874999999993,20,27.75499999999999,,16,0,partnership_disguised_sale,1.5666295687357585,3,0.2206,26,0,0,1729,1,0.0625,3328,25
2.543210882693529,2.1137499999999974,18,33.81999999999996,,16,0,partnership_disguised_sale,1.6482019027074177,2,0.2195,35,0,0,1729,2,0.125,3456,26
2.4911762019619346,0.5231249999999996,10,8.369999999999994,,16,0,partnership_disguised_sale,0.43102024992307025,2,0.2184,29,0,0,1729,0,0,3584,27
2.4879223061725497,2.0021875000000007,12,32.03500000000001,,16,0,partnership_disguised_sale,1.2750581502914429,5,0.2173,29,0,0,1729,0,0,3712,28
2.5096884751692414,1.2434374999999995,18,19.894999999999992,,16,0,partnership_disguised_sale,1.1233607133229573,3,0.2162,30,0,0,1729,1,0.0625,3840,29
2.4182948051020503,1.1490625000000005,20,18.38500000000001,,16,0,partnership_disguised_sale,1.2416139443715413,3,0.2151,30,0,0,1729,1,0.0625,3968,30
2.5673890076577663,1.3631250000000001,20,21.810000000000002,,16,0,partnership_disguised_sale,1.361693024635315,4,0.214,16,0,0,1729,1,0.0625,4096,31
2.4492038832977414,1.0184374999999999,18,16.294999999999998,,16,0,partnership_disguised_sale,1.2038113276163738,1,0.213,28,0,0,1729,1,0.0625,4224,32
2.367532779928297,4.0053125,20,64.085,,16,0,partnership_disguised_sale,3.8199118773142495,5,0.2119,25,0,0,1729,3,0.1875,4352,33
2.391066468320787,3.5028125,20,56.045,,16,0,partnership_disguised_sale,3.4487587610880532,5,0.2108,28,0,0,1729,3,0.1875,4480,34
2.4241632148623466,4.762499999999999,20,76.19999999999999,,16,0,partnership_disguised_sale,4.057695706685384,5,0.2098,28,0,0,1729,4,0.25,4608,35
2.380986320786178,1.0174999999999998,18,16.279999999999998,,16,0,partnership_disguised_sale,1.3745564619700115,2,0.2087,36,0,0,1729,1,0.0625,4736,36
2.4392266795039177,0.5003124999999995,10,8.004999999999992,,16,0,partnership_disguised_sale,0.6230783065160116,2,0.2077,22,0,0,1729,0,0,4864,37
2.376024555414915,2.134999999999999,18,34.15999999999998,,16,0,partnership_disguised_sale,2.0474793116251626,3,0.2066,26,0,0,1729,2,0.125,4992,38
2.4680253602564335,0.9981249999999997,18,15.969999999999995,,16,0,partnership_disguised_sale,1.2457690238952637,3,0.2056,33,0,0,1729,1,0.0625,5120,39
2.4089649338275194,2.8715624999999987,20,45.94499999999998,,16,0,partnership_disguised_sale,2.2343241373697915,4,0.2046,22,0,0,1729,2,0.125,5248,40
2.3920059129595757,2.986249999999999,20,47.77999999999999,,16,0,partnership_disguised_sale,2.9063495794932046,5,0.2036,24,0,0,1729,2,0.125,5376,41
2.541504024527967,5.854687500000001,20,93.67500000000001,,16,0,partnership_disguised_sale,4.932373841603597,8,0.2025,23,0,0,1729,4,0.25,5504,42
2.4644909519702196,2.7418749999999985,18,43.869999999999976,,16,0,partnership_disguised_sale,2.054246266682943,3,0.2015,26,0,0,1729,2,0.125,5632,43
2.3954090429469943,1.8509375000000006,20,29.61500000000001,,16,0,partnership_disguised_sale,1.7969183127085369,2,0.2005,24,0,0,1729,1,0.0625,5760,44
2.3862619064748287,4.884374999999999,20,78.14999999999998,,16,0,partnership_disguised_sale,4.580777168273926,5,0.1995,22,0,0,1729,4,0.25,5888,45
2.3925711680203676,4.496562499999999,20,71.94499999999998,,16,0,partnership_disguised_sale,3.9298605918884277,6,0.1985,28,0,0,1729,3,0.1875,6016,46
2.3831482212990522,6.869375000000001,20,109.91000000000001,,16,0,partnership_disguised_sale,5.5690328280131025,8,0.1975,28,0,0,1729,5,0.3125,6144,47
2.3265137574635446,7.2156249999999975,20,115.44999999999996,,16,0,partnership_disguised_sale,5.594504515329997,7,0.1965,17,0,0,1729,5,0.3125,6272,48
2.265730606392026,5.615625000000002,20,89.85000000000004,,16,0,partnership_disguised_sale,4.386259396870931,6,0.1956,26,0,0,1729,4,0.25,6400,49
2.164998287335038,3.7682352941176447,20,64.05999999999996,,17,0,partnership_disguised_sale,3.0769514242808023,8,0.1946,27,0,0,1729,3,0.17647058823529413,6528,50
2.2008298861328512,7.735588235294116,20,131.50499999999997,,17,0,partnership_disguised_sale,5.797086874643962,8,0.1936,21,0,0,1729,6,0.35294117647058826,6656,51
2.204163976944983,3.609999999999999,20,57.759999999999984,,16,0,partnership_disguised_sale,3.8763960202534995,5,0.1926,32,0,0,1729,3,0.1875,6784,52
2.1785260061733425,1.1034374999999992,20,17.654999999999987,,16,0,partnership_disguised_sale,2.8183274269104004,5,0.1917,30,0,0,1729,1,0.0625,6912,53
2.2630622580181807,6.972499999999998,20,111.55999999999997,,16,0,partnership_disguised_sale,5.0336408615112305,7,0.1907,24,0,0,1729,5,0.3125,7040,54
2.2764035179279745,1.8721874999999997,12,29.954999999999995,,16,0,partnership_disguised_sale,1.4238678216934204,3,0.1898,28,0,0,1729,0,0,7168,55
2.2612450970336795,7.244999999999998,20,115.91999999999997,,16,0,partnership_disguised_sale,4.305883407592773,10,0.1888,24,0,0,1729,3,0.1875,7296,56
2.2976297880522907,1.2462500000000003,18,19.940000000000005,,16,0,partnership_disguised_sale,1.493970513343811,6,0.1879,25,0,0,1729,1,0.0625,7424,57
2.323558832053095,2.876249999999998,20,46.01999999999997,,16,0,partnership_disguised_sale,1.854874610900879,5,0.1869,22,0,0,1729,1,0.0625,7552,58
2.4887487245723605,7.151764705882352,20,121.57999999999998,,17,0,partnership_disguised_sale,5.402924537658691,10,0.186,26,0,0,1729,6,0.35294117647058826,7680,59
2.359380860812962,2.884375,20,46.15,,16,0,partnership_disguised_sale,2.6965434551239014,4,0.1851,30,0,0,1729,2,0.125,7808,60
2.3644614964723587,7.171470588235294,20,121.91499999999999,,17,0,partnership_disguised_sale,5.139470100402832,10,0.1841,21,0,0,1729,6,0.35294117647058826,7936,61
2.3195567652583122,4.957058823529409,20,84.26999999999995,,17,0,partnership_disguised_sale,3.2115938663482666,7,0.1832,34,0,0,1729,4,0.23529411764705882,8064,62
2.391206889413297,5.621562499999999,20,89.94499999999998,,16,0,partnership_disguised_sale,4.6679457028706866,6,0.1823,23,0,0,1729,4,0.25,8192,63
2.355800709221512,3.255624999999999,18,52.08999999999998,,16,0,partnership_disguised_sale,2.8716631730397544,3,0.1814,20,0,0,1729,3,0.1875,8320,64
2.4320081514306366,0.7440624999999997,10,11.904999999999996,,16,0,partnership_disguised_sale,0.8511430819829305,3,0.1805,20,0,0,1729,0,0,8448,65
2.3851285851560533,4.622499999999999,20,73.95999999999998,,16,0,partnership_disguised_sale,3.8801912466684976,5,0.1796,31,0,0,1729,4,0.25,8576,66
2.4341314723715186,5.3637500000000005,20,85.82000000000001,,16,0,partnership_disguised_sale,4.52171262105306,6,0.1787,25,0,0,1729,4,0.25,8704,67
2.3304865239188075,5.341875,20,85.47,,16,0,partnership_disguised_sale,3.7187370459238687,6,0.1778,20,0,0,1729,3,0.1875,8832,68
2.1493929433636367,9.06441176470588,20,154.09499999999997,,17,0,partnership_disguised_sale,7.036431630452474,10,0.1769,21,0,0,1729,7,0.4117647058823529,8960,69
2.3700134449172765,5.595624999999998,20,89.52999999999997,,16,0,partnership_disguised_sale,4.336644331614177,7,0.176,22,0,0,1729,4,0.25,9088,70
2.2754785642027855,8.233529411764707,20,139.97,,17,0,partnership_disguised_sale,5.820404211680095,9,0.1751,26,0,0,1729,7,0.4117647058823529,9216,71
2.2571005076169968,5.507647058823528,20,93.62999999999997,,17,0,partnership_disguised_sale,5.01703421274821,7,0.1743,15,0,0,1729,5,0.29411764705882354,9344,72
2.2044517528265715,4.7174999999999985,20,75.47999999999998,,16,0,partnership_disguised_sale,4.187479019165039,5,0.1734,25,0,0,1729,4,0.25,9472,73
2.3259506730828434,2.3443749999999994,20,37.50999999999999,,16,0,partnership_disguised_sale,2.817295471827189,4,0.1725,34,0,0,1729,2,0.125,9600,74
2.165275561856106,5.776764705882355,20,98.20500000000004,,17,0,partnership_disguised_sale,5.048556009928386,7,0.1717,19,0,0,1729,5,0.29411764705882354,9728,75
2.215917660621926,6.483823529411765,20,110.22500000000001,,17,0,partnership_disguised_sale,4.674697717030843,8,0.1708,17,0,0,1729,5,0.29411764705882354,9856,76
2.2417488619685173,6.688823529411766,20,113.71000000000002,,17,0,partnership_disguised_sale,5.904734134674072,7,0.1699,29,0,0,1729,6,0.35294117647058826,9984,77
2.1436562954913825,8.550588235294121,20,145.36000000000007,,17,0,partnership_disguised_sale,6.45544449488322,8,0.1691,11,0,0,1729,7,0.4117647058823529,10112,78
2.1560590085573494,5.487647058823527,20,93.28999999999996,,17,0,partnership_disguised_sale,4.761575380961101,6,0.1683,17,0,0,1729,5,0.29411764705882354,10240,79
2.0520323337987065,7.3932352941176465,20,125.68499999999999,,17,0,partnership_disguised_sale,6.39050817489624,10,0.1674,11,0,0,1729,6,0.35294117647058826,10368,80
2.0652542761527,10.224117647058824,20,173.81,,17,0,partnership_disguised_sale,8.079082806905111,11,0.1666,24,0,0,1729,9,0.5294117647058824,10496,81
1.9657614212483168,6.7165625,20,107.465,,16,0,partnership_disguised_sale,5.052978515625,6,0.1657,25,0,0,1729,6,0.375,10624,82
1.9622273619752377,8.341764705882353,20,141.81,,17,0,partnership_disguised_sale,6.305806477864583,8,0.1649,22,0,0,1729,7,0.4117647058823529,10752,83
1.9511063918471336,11.955277777777782,20,215.19500000000008,,18,0,partnership_disguised_sale,9.547995249430338,11,0.1641,21,0,0,1729,11,0.6111111111111112,10880,84
1.850369012914598,10.665000000000006,20,191.9700000000001,,18,0,partnership_disguised_sale,8.274190902709961,11,0.1633,16,0,0,1729,10,0.5555555555555556,11008,85
1.9636627997970209,7.770294117647057,20,132.09499999999997,,17,0,partnership_disguised_sale,6.061612764994304,8,0.1625,19,0,0,1729,7,0.4117647058823529,11136,86
1.9008152636233717,9.90305555555556,20,178.2550000000001,,18,0,partnership_disguised_sale,6.574138800303142,14,0.1616,23,0,0,1729,8,0.4444444444444444,11264,87
1.9933383634779602,6.81470588235294,20,115.84999999999998,,17,0,partnership_disguised_sale,4.960039933522542,11,0.1608,24,0,0,1729,5,0.29411764705882354,11392,88
1.8918388882884756,12.540000000000012,20,225.7200000000002,,18,0,partnership_disguised_sale,8.876083374023438,13,0.16,19,0,0,1729,11,0.6111111111111112,11520,89
2.07797662448138,12.64916666666667,20,227.68500000000006,,18,0,partnership_disguised_sale,9.332172075907389,14,0.1592,26,0,0,1729,11,0.6111111111111112,11648,90
1.9000400142977014,8.768823529411762,20,149.06999999999996,,17,0,partnership_disguised_sale,6.82203467686971,9,0.1584,22,0,0,1729,7,0.4117647058823529,11776,91
1.9220350019168109,10.080882352941174,20,171.37499999999994,,17,0,partnership_disguised_sale,7.177918116251628,12,0.1576,24,0,0,1729,8,0.47058823529411764,11904,92
1.9568582922802307,12.188823529411764,20,207.20999999999998,,17,0,partnership_disguised_sale,8.65038776397705,12,0.1569,23,0,0,1729,10,0.5882352941176471,12032,93
1.879013075842522,8.197500000000007,20,147.55500000000012,,18,0,partnership_disguised_sale,6.2199985186258955,8,0.1561,22,0,0,1729,8,0.4444444444444444,12160,94
1.8951904939021915,9.671388888888888,20,174.08499999999998,,18,0,partnership_disguised_sale,7.530198415120442,12,0.1553,18,0,0,1729,8,0.4444444444444444,12288,95
1.8278505626367405,13.256315789473687,20,251.87000000000006,,19,0,partnership_disguised_sale,9.947673161824545,15,0.1545,20,0,0,1729,13,0.6842105263157895,12416,96
1.9076026235707104,10.891944444444453,20,196.05500000000015,,18,0,partnership_disguised_sale,8.168182690938314,10,0.1537,18,0,0,1729,10,0.5555555555555556,12544,97
1.999819962773472,10.627250000000007,20,212.54500000000013,,20,0,partnership_disguised_sale,7.971474647521973,12,0.153,31,0,0,1729,11,0.55,12672,98
1.779984500259161,10.79416666666668,20,194.29500000000024,,18,0,partnership_disguised_sale,7.928063710530599,13,0.1522,14,0,0,1729,10,0.5555555555555556,12800,99
2.636220564134419,1.4646875000000001,16,23.435000000000002,,16,0,partnership_disguised_sale,1.2963695923487346,2,0.25,36,1,0,1730,0,0,128,0
2.4754785988479853,0.9896874999999997,18,15.834999999999996,,16,0,partnership_disguised_sale,1.2593854665756226,2,0.2487,31,1,0,1730,1,0.0625,256,1
2.531454094685614,-0.13531249999999986,0,-2.164999999999998,,16,0,partnership_disguised_sale,-0.05485194424788157,0,0.2475,29,1,0,1730,0,0,384,2
2.4563835822045803,-0.11406249999999987,2,-1.824999999999998,,16,0,partnership_disguised_sale,-0.05653823663791021,2,0.2463,34,1,0,1730,0,0,512,3
2.4732240652665496,1.3796875000000004,12,22.075000000000006,,16,0,partnership_disguised_sale,0.9848599632581075,2,0.245,26,1,0,1730,0,0,640,4
2.567289862781763,0.4050000000000007,8,6.480000000000011,,16,0,partnership_disguised_sale,0.12487941483656566,2,0.2438,36,1,0,1730,0,0,768,5
2.6389824440702796,0.9946875000000008,18,15.915000000000013,,16,0,partnership_disguised_sale,1.1725174983342488,2,0.2426,34,1,0,1730,1,0.0625,896,6
2.4982503904029727,0.7815624999999992,10,12.504999999999987,,16,0,partnership_disguised_sale,0.30560744802157086,3,0.2414,28,1,0,1730,0,0,1024,7
2.555311305448413,-0.002812499999999999,2,-0.044999999999999984,,16,0,partnership_disguised_sale,-0.0956936130921046,2,0.2402,33,1,0,1730,0,0,1152,8
2.4449092634022236,1.6418749999999998,18,26.269999999999996,,16,0,partnership_disguised_sale,1.4377421140670776,3,0.239,28,1,0,1730,1,0.0625,1280,9
2.534000894986093,-0.14468749999999994,0,-2.314999999999999,,16,0,partnership_disguised_sale,-0.08425199737151463,0,0.2378,22,1,0,1730,0,0,1408,10
2.565234367735684,0.4862499999999999,10,7.7799999999999985,,16,0,partnership_disguised_sale,0.42291680971781415,2,0.2366,27,1,0,1730,0,0,1536,11
2.5568766351789236,-0.11968749999999996,16,-1.9149999999999994,,16,0,partnership_disguised_sale,0.10073328514893849,2,0.2354,36,1,0,1730,0,0,1664,12
2.5692321537062526,2.092812500000001,20,33.485000000000014,,16,0,partnership_disguised_sale,2.10508131980896,3,0.2342,25,1,0,1730,1,0.0625,1792,13
2.594058041460812,2.9881249999999993,18,47.80999999999999,,16,0,partnership_disguised_sale,2.8891971111297607,5,0.2331,26,1,0,1730,2,0.125,1920,14
2.5385120380669832,0.015312500000000048,2,0.24500000000000077,,16,0,partnership_disguised_sale,-0.10070817172527313,1,0.2319,37,1,0,1730,0,0,2048,15
2.5471927504986525,1.2415624999999997,20,19.864999999999995,,16,0,partnership_disguised_sale,1.6710580190022786,3,0.2307,29,1,0,1730,1,0.0625,2176,16
2.4565541986376047,1.271875,20,20.35,,16,0,partnership_disguised_sale,1.2287052075068157,3,0.2296,24,1,0,1730,1,0.0625,2304,17
2.612213215790689,1.6071875000000009,18,25.715000000000014,,16,0,partnership_disguised_sale,1.5996513764063518,3,0.2284,22,1,0,1730,1,0.0625,2432,18
2.585090813226998,3.508749999999999,20,56.139999999999986,,16,0,partnership_disguised_sale,2.890157620112101,5,0.2273,36,1,0,1730,1,0.0625,2560,19
2.4535465938970447,1.6021874999999994,16,25.63499999999999,,16,0,partnership_disguised_sale,0.8835856517155966,6,0.2262,20,1,0,1730,0,0,2688,20
2.5684177661314607,-0.14156249999999992,0,-2.264999999999999,,16,0,partnership_disguised_sale,0.086568017800649,0,0.225,39,1,0,1730,0,0,2816,21
2.542285212315619,2.2543750000000014,18,36.07000000000002,,16,0,partnership_disguised_sale,1.9285958210627239,3,0.2239,32,1,0,1730,2,0.125,2944,22
2.4675411097705364,2.5224999999999995,20,40.35999999999999,,16,0,partnership_disguised_sale,2.2774051825205484,4,0.2228,32,1,0,1730,2,0.125,3072,23
2.430503564886749,0.7396874999999997,10,11.834999999999996,,16,0,partnership_disguised_sale,0.39098021388053894,2,0.2217,30,1,0,1730,0,0,3200,24
2.4688242999836802,3.5287499999999983,20,56.45999999999997,,16,0,partnership_disguised_sale,2.931630531946818,5,0.2206,29,1,0,1730,2,0.125,3328,25
2.47977099660784,2.2453124999999976,20,35.92499999999996,,16,0,partnership_disguised_sale,1.8437101443608601,5,0.2195,29,1,0,1730,1,0.0625,3456,26
2.5194453923031688,2.4856249999999998,20,39.769999999999996,,16,0,partnership_disguised_sale,2.5733632246653237,4,0.2184,26,1,0,1730,2,0.125,3584,27
2.5011883405968547,2.7509375000000014,18,44.01500000000002,,16,0,partnership_disguised_sale,1.8634684880574544,7,0.2173,26,1,0,1730,2,0.125,3712,28
2.43826343677938,0.4862499999999999,10,7.7799999999999985,,16,0,partnership_disguised_sale,0.6714027722676595,4,0.2162,21,1,0,1730,0,0,3840,29
2.476893370039761,1.231875,10,19.71,,16,0,partnership_disguised_sale,0.7279496590296427,4,0.2151,26,1,0,1730,0,0,3968,30
2.4821948232129216,1.1093749999999991,18,17.749999999999986,,16,0,partnership_disguised_sale,1.2997883955637615,3,0.214,28,1,0,1730,1,0.0625,4096,31
2.5720237493515015,-0.014062499999999936,2,-0.22499999999999898,,16,0,partnership_disguised_sale,0.1659961293141047,2,0.213,29,1,0,1730,0,0,4224,32
2.48233016487211,2.1471875000000002,18,34.355000000000004,,16,0,partnership_disguised_sale,2.10827628771464,3,0.2119,28,1,0,1730,2,0.125,4352,33
2.5567795103415847,-0.11874999999999993,0,-1.8999999999999988,,16,0,partnership_disguised_sale,0.05187311271826426,0,0.2108,25,1,0,1730,0,0,4480,34
2.5358600514009595,-0.14843749999999994,0,-2.374999999999999,,16,0,partnership_disguised_sale,-0.011811902125676474,0,0.2098,31,1,0,1730,0,0,4608,35
2.4656118201091886,0.7640624999999993,14,12.224999999999989,,16,0,partnership_disguised_sale,0.5868853529294332,1,0.2087,35,1,0,1730,0,0,4736,36
2.380548043176532,0.6224999999999992,12,9.959999999999987,,16,0,partnership_disguised_sale,0.490462193886439,1,0.2077,21,1,0,1730,0,0,4864,37
2.418029452674091,1.8709375000000001,20,29.935000000000002,,16,0,partnership_disguised_sale,2.0809195041656494,4,0.2066,36,1,0,1730,1,0.0625,4992,38
2.4110425356775522,0.7612499999999995,10,12.179999999999993,,16,0,partnership_disguised_sale,0.32370834549268085,3,0.2056,29,1,0,1730,0,0,5120,39
2.3985929461196065,4.126249999999999,20,66.01999999999998,,16,0,partnership_disguised_sale,3.8378642400105796,6,0.2046,24,1,0,1730,3,0.1875,5248,40
2.4294953336939216,1.0071875000000008,12,16.115000000000013,,16,0,partnership_disguised_sale,0.5138567686080933,3,0.2036,25,1,0,1730,0,0,5376,41
2.5322887571528554,1.2412499999999997,20,19.859999999999996,,16,0,partnership_disguised_sale,1.5033857822418213,4,0.2025,21,1,0,1730,1,0.0625,5504,42
2.5462462352588773,2.9587499999999993,20,47.33999999999999,,16,0,partnership_disguised_sale,2.8697569370269775,4,0.2015,30,1,0,1730,2,0.125,5632,43
2.5215013939887285,5.226250000000002,20,83.62000000000003,,16,0,partnership_disguised_sale,4.964211304982503,5,0.2005,26,1,0,1730,4,0.25,5760,44
2.4710689997300506,1.3640625000000002,20,21.825000000000003,,16,0,partnership_disguised_sale,1.5081055561701457,5,0.1995,28,1,0,1730,1,0.0625,5888,45
2.5241962373256683,4.4556249999999995,20,71.28999999999999,,16,0,partnership_disguised_sale,4.2360405921936035,5,0.1985,24,1,0,1730,3,0.1875,6016,46
2.5245021590963006,1.1156250000000005,20,17.85000000000001,,16,0,partnership_disguised_sale,1.2705796957015991,2,0.1975,31,1,0,1730,1,0.0625,6144,47
2.4924016930162907,1.1196875000000006,20,17.91500000000001,,16,0,partnership_disguised_sale,1.3028288284937541,1,0.1965,31,1,0,1730,1,0.0625,6272,48
2.52668277034536,2.3265624999999988,20,37.22499999999998,,16,0,partnership_disguised_sale,2.9131081104278564,6,0.1956,21,1,0,1730,2,0.125,6400,49
2.48361037299037,2.331875,20,37.31,,16,0,partnership_disguised_sale,2.6226874192555747,3,0.1946,23,1,0,1730,2,0.125,6528,50
2.437200020067394,0.48062499999999964,10,7.689999999999994,,16,0,partnership_disguised_sale,0.3010933995246887,1,0.1936,23,1,0,1730,0,0,6656,51
2.4711095723323524,1.737812499999999,20,27.804999999999986,,16,0,partnership_disguised_sale,1.4270314772923787,2,0.1926,27,1,0,1730,1,0.0625,6784,52
2.507178083062172,2.4893749999999994,20,39.82999999999999,,16,0,partnership_disguised_sale,2.3276678721110025,4,0.1917,28,1,0,1730,2,0.125,6912,53
2.38320997916162,5.6173529411764695,20,95.49499999999998,,17,0,partnership_disguised_sale,5.0765994389851885,7,0.1907,17,1,0,1730,5,0.29411764705882354,7040,54
2.4987807073630393,2.1784375,20,34.855,,16,0,partnership_disguised_sale,2.106951872507731,2,0.1898,23,1,0,1730,2,0.125,7168,55
2.3831605897285044,3.5173529411764703,18,59.794999999999995,,17,0,partnership_disguised_sale,2.616910696029663,4,0.1888,23,1,0,1730,3,0.17647058823529413,7296,56
2.3503126902505755,2.3337499999999998,20,37.339999999999996,,16,0,partnership_disguised_sale,2.5505477587381997,3,0.1879,25,1,0,1730,2,0.125,7424,57
2.348360049072653,2.6065624999999994,18,41.70499999999999,,16,0,partnership_disguised_sale,1.8294990062713623,5,0.1869,19,1,0,1730,1,0.0625,7552,58
2.304668697528541,5.230312500000003,20,83.68500000000004,,16,0,partnership_disguised_sale,4.918266137440999,8,0.186,25,1,0,1730,4,0.25,7680,59
2.2213690653443336,7.728529411764705,20,131.385,,17,0,partnership_disguised_sale,7.007678190867106,8,0.1851,20,1,0,1730,7,0.4117647058823529,7808,60
2.4010818991810083,4.19125,20,67.06,,16,0,partnership_disguised_sale,4.075436909993489,5,0.1841,26,1,0,1730,3,0.1875,7936,61
2.313109995331615,0.8240624999999998,12,13.184999999999997,,16,0,partnership_disguised_sale,0.9929414788881937,3,0.1832,25,1,0,1730,0,0,8064,62
2.452758327126503,-0.03874999999999989,2,-0.6199999999999982,,16,0,partnership_disguised_sale,0.711690882841746,1,0.1823,26,1,0,1730,0,0,8192,63
2.4387581502087414,5.458437499999998,20,87.33499999999997,,16,0,partnership_disguised_sale,4.5911491711934405,5,0.1814,27,1,0,1730,4,0.25,8320,64
2.3121355744078755,6.465312499999998,20,103.44499999999996,,16,0,partnership_disguised_sale,5.1319098472595215,7,0.1805,13,1,0,1730,5,0.3125,8448,65
2.430034939199686,3.219374999999999,20,51.509999999999984,,16,0,partnership_disguised_sale,2.4635459582010903,7,0.1796,24,1,0,1730,2,0.125,8576,66
2.419410635717213,5.734117647058823,20,97.47999999999999,,17,0,partnership_disguised_sale,5.212955474853516,6,0.1787,22,1,0,1730,5,0.29411764705882354,8704,67
2.375115571077913,4.345937500000001,20,69.53500000000001,,16,0,partnership_disguised_sale,3.692142645517985,5,0.1778,16,1,0,1730,3,0.1875,8832,68
2.2943888981826603,7.730882352941179,20,131.42500000000004,,17,0,partnership_disguised_sale,5.640261173248291,8,0.1769,21,1,0,1730,5,0.29411764705882354,8960,69
2.1906786267645657,10.35382352941177,20,176.01500000000007,,17,0,partnership_disguised_sale,8.238635381062826,12,0.176,29,1,0,1730,9,0.5294117647058824,9088,70
2.2091266876086593,5.748235294117644,20,97.71999999999996,,17,0,partnership_disguised_sale,5.17866055170695,6,0.1751,14,1,0,1730,5,0.29411764705882354,9216,71
2.2251667079981416,4.952500000000001,20,79.24000000000001,,16,0,partnership_disguised_sale,3.7740591367085776,8,0.1743,25,1,0,1730,3,0.1875,9344,72
2.2858421644195914,5.608749999999999,20,89.73999999999998,,16,0,partnership_disguised_sale,4.680766900380452,9,0.1734,25,1,0,1730,4,0.25,9472,73
2.198132329620421,2.984687499999998,20,47.75499999999997,,16,0,partnership_disguised_sale,2.5623862743377686,5,0.1725,19,1,0,1730,2,0.125,9600,74
2.269012506119907,5.531470588235294,20,94.035,,17,0,partnership_disguised_sale,4.707689921061198,5,0.1717,27,1,0,1730,5,0.29411764705882354,9728,75
2.2357926345430315,6.08911764705882,20,103.51499999999993,,17,0,partnership_disguised_sale,4.824145317077637,7,0.1708,20,1,0,1730,5,0.29411764705882354,9856,76
2.234482286963612,4.610937500000004,20,73.77500000000006,,16,0,partnership_disguised_sale,3.9683802922566733,5,0.1699,23,1,0,1730,4,0.25,9984,77
2.216428099665791,5.0878125,20,81.405,,16,0,partnership_disguised_sale,4.218680381774902,6,0.1691,14,1,0,1730,4,0.25,10112,78
2.373196864500642,2.3571874999999998,20,37.714999999999996,,16,0,partnership_disguised_sale,2.3347538312276206,4,0.1683,19,1,0,1730,2,0.125,10240,79
2.2469930103980005,6.66970588235294,20,113.38499999999998,,17,0,partnership_disguised_sale,5.920197168986003,8,0.1674,18,1,0,1730,6,0.35294117647058826,10368,80
2.3021322381682694,7.028823529411766,20,119.49000000000002,,17,0,partnership_disguised_sale,5.894802093505859,8,0.1666,22,1,0,1730,6,0.35294117647058826,10496,81
2.257355723530054,5.470588235294117,20,92.99999999999999,,17,0,partnership_disguised_sale,4.8691636721293134,5,0.1657,21,1,0,1730,5,0.29411764705882354,10624,82
2.417031640186906,4.950624999999999,20,79.20999999999998,,16,0,partnership_disguised_sale,4.157681941986084,5,0.1649,19,1,0,1730,4,0.25,10752,83
2.2454366511665285,4.8168750000000005,20,77.07000000000001,,16,0,partnership_disguised_sale,4.500962893168132,4,0.1641,20,1,0,1730,4,0.25,10880,84
2.215484846616164,7.307187499999997,20,116.91499999999995,,16,0,partnership_disguised_sale,6.550016085306804,8,0.1633,17,1,0,1730,6,0.375,11008,85
2.1192744292784482,8.66588235294118,20,147.32000000000005,,17,0,partnership_disguised_sale,6.511445045471191,9,0.1625,21,1,0,1730,7,0.4117647058823529,11136,86
2.0343313957564533,8.066176470588236,20,137.125,,17,0,partnership_disguised_sale,6.396320819854736,8,0.1616,20,1,0,1730,7,0.4117647058823529,11264,87
1.8503424430964515,11.238823529411771,20,191.06000000000012,,17,0,partnership_disguised_sale,8.64599609375,11,0.1608,21,1,0,1730,10,0.5882352941176471,11392,88
1.867215147940442,9.23970588235294,20,157.075,,17,0,partnership_disguised_sale,7.311110178629558,9,0.16,24,1,0,1730,8,0.47058823529411764,11520,89
1.7675802481826395,12.647647058823534,20,215.01000000000008,,17,0,partnership_disguised_sale,10.128595670064291,11,0.1592,20,1,0,1730,11,0.6470588235294118,11648,90
1.757371783547569,11.487941176470597,20,195.29500000000016,,17,0,partnership_disguised_sale,9.1976318359375,11,0.1584,21,1,0,1730,10,0.5882352941176471,11776,91
1.6506013997131959,13.225882352941186,20,224.84000000000017,,17,0,partnership_disguised_sale,9.665204366048178,13,0.1576,27,1,0,1730,11,0.6470588235294118,11904,92
1.590963912109146,10.186764705882352,20,173.17499999999998,,17,0,partnership_disguised_sale,7.6464912096659345,9,0.1569,21,1,0,1730,9,0.5294117647058824,12032,93
1.6610902204411104,7.003529411764704,20,119.05999999999996,,17,0,partnership_disguised_sale,5.78918472925822,7,0.1561,23,1,0,1730,6,0.35294117647058826,12160,94
1.617725755320862,12.062500000000002,20,217.12500000000003,,18,0,partnership_disguised_sale,9.51656723022461,11,0.1553,16,1,0,1730,11,0.6111111111111112,12288,95
1.6376218721270561,9.730000000000002,20,175.14000000000004,,18,0,partnership_disguised_sale,7.721112887064616,9,0.1545,18,1,0,1730,9,0.5,12416,96
1.7508462835103273,13.065555555555559,20,235.18000000000006,,18,0,partnership_disguised_sale,9.987008412679037,12,0.1537,21,1,0,1730,12,0.6666666666666666,12544,97
1.880571487126872,10.306052631578947,20,195.815,,19,0,partnership_disguised_sale,7.8189646402994795,10,0.153,19,1,0,1730,10,0.5263157894736842,12672,98
1.8807870033197105,6.772352941176468,20,115.12999999999995,,17,0,partnership_disguised_sale,4.866620381673177,8,0.1522,23,1,0,1730,5,0.29411764705882354,12800,99
2.4773317482322454,1.8531250000000004,20,29.650000000000006,,16,0,partnership_disguised_sale,1.730602224667867,2,0.25,32,2,0,1731,1,0.0625,128,0
2.628587333485484,-0.03437500000000001,2,-0.5500000000000002,,16,0,partnership_disguised_sale,-0.07175955673058827,1,0.2487,32,2,0,1731,0,0,256,1
2.599011391401291,0.48531249999999965,10,7.764999999999994,,16,0,partnership_disguised_sale,0.3007335464159648,1,0.2475,32,2,0,1731,0,0,384,2
2.5359673500061035,-0.1399999999999999,0,-2.2399999999999984,,16,0,partnership_disguised_sale,-0.09906703730424245,0,0.2463,30,2,0,1731,0,0,512,3
2.544046680442989,2.2378125,20,35.805,,16,0,partnership_disguised_sale,2.6428209145863852,2,0.245,31,2,0,1731,2,0.125,640,4
2.566591829061508,1.1071874999999995,20,17.714999999999993,,16,0,partnership_disguised_sale,1.613100488980611,2,0.2438,29,2,0,1731,1,0.0625,768,5
2.5076663866639137,1.6137499999999991,18,25.819999999999986,,16,0,partnership_disguised_sale,1.2919975519180298,4,0.2426,27,2,0,1731,1,0.0625,896,6
2.4830567026510835,1.0181250000000002,18,16.290000000000003,,16,0,partnership_disguised_sale,1.0691828727722168,1,0.2414,29,2,0,1731,1,0.0625,1024,7
2.5607226192951202,2.2246874999999986,20,35.59499999999998,,16,0,partnership_disguised_sale,2.620813767115275,4,0.2402,29,2,0,1731,2,0.125,1152,8
2.503449029289186,3.777058823529413,20,64.21000000000002,,17,0,partnership_disguised_sale,3.06095290184021,4,0.239,27,2,0,1731,3,0.17647058823529413,1280,9
2.565194427035749,1.0865625000000003,20,17.385000000000005,,16,0,partnership_disguised_sale,1.3242953221003215,3,0.2378,30,2,0,1731,1,0.0625,1408,10
2.679356209933758,1.0812499999999998,20,17.299999999999997,,16,0,partnership_disguised_sale,1.3637255430221558,2,0.2366,36,2,0,1731,1,0.0625,1536,11
2.7763123717159033,1.7012499999999993,18,27.219999999999988,,16,0,partnership_disguised_sale,1.362451195716858,3,0.2354,23,2,0,1731,1,0.0625,1664,12
2.4839010583236814,-0.1409374999999999,10,-2.2549999999999986,,16,0,partnership_disguised_sale,0.17128230134646097,3,0.2342,25,2,0,1731,0,0,1792,13
2.535377078689635,0.7415624999999993,12,11.86499999999999,,16,0,partnership_disguised_sale,0.5706294178962708,5,0.2331,33,2,0,1731,0,0,1920,14
2.453647956252098,-0.1371874999999998,2,-2.1949999999999967,,16,0,partnership_disguised_sale,-0.001335357626279195,1,0.2319,33,2,0,1731,0,0,2048,15
2.4772147266194224,2.8715624999999996,20,45.94499999999999,,16,0,partnership_disguised_sale,2.552358945210775,5,0.2307,31,2,0,1731,2,0.125,2176,16
2.528186857700348,0.9634374999999993,18,15.414999999999988,,16,0,partnership_disguised_sale,0.8698874910672506,1,0.2296,25,2,0,1731,1,0.0625,2304,17
2.591835812665522,1.0893749999999995,20,17.429999999999993,,16,0,partnership_disguised_sale,1.4252533515294392,1,0.2284,25,2,0,1731,1,0.0625,2432,18
2.582361697219312,1.7165625,20,27.465,,16,0,partnership_disguised_sale,1.5994716087977092,2,0.2273,25,2,0,1731,1,0.0625,2560,19
2.437651882879436,1.8753125000000004,20,30.005000000000006,,16,0,partnership_disguised_sale,1.2775228023529053,3,0.2262,33,2,0,1731,1,0.0625,2688,20
2.4780395347625017,1.851874999999999,18,29.629999999999985,,16,0,partnership_disguised_sale,1.4986874262491863,4,0.225,30,2,0,1731,1,0.0625,2816,21
2.465833363123238,0.016562499999999966,2,0.26499999999999946,,16,0,partnership_disguised_sale,0.04968510568141937,2,0.2239,32,2,0,1731,0,0,2944,22
2.428425165824592,2.2293749999999997,20,35.669999999999995,,16,0,partnership_disguised_sale,2.1413563887278237,2,0.2228,32,2,0,1731,2,0.125,3072,23
2.4549349769949913,0.9874999999999999,18,15.799999999999999,,16,0,partnership_disguised_sale,1.0580931107203166,1,0.2217,25,2,0,1731,1,0.0625,3200,24
2.6117376936599612,3.4706249999999974,20,55.52999999999996,,16,0,partnership_disguised_sale,3.402902046839396,4,0.2206,24,2,0,1731,3,0.1875,3328,25
2.5286554470658302,3.4771874999999985,20,55.63499999999998,,16,0,partnership_disguised_sale,3.905104716618856,4,0.2195,33,2,0,1731,3,0.1875,3456,26
2.4765704767778516,1.118125,20,17.89,,16,0,partnership_disguised_sale,1.6039541165033977,1,0.2184,33,2,0,1731,1,0.0625,3584,27
2.3679184368811548,5.6237499999999985,20,89.97999999999998,,16,0,partnership_disguised_sale,4.959938844045003,5,0.2173,31,2,0,1731,4,0.25,3712,28
2.4999832501634955,3.9793749999999974,20,63.66999999999996,,16,0,partnership_disguised_sale,3.248866399129232,6,0.2162,37,2,0,1731,3,0.1875,3840,29
2.4860162804834545,0.6043749999999996,10,9.669999999999993,,16,0,partnership_disguised_sale,0.41042250394821167,3,0.2151,26,2,0,1731,0,0,3968,30
2.4251996744424105,2.4875,20,39.8,,16,0,partnership_disguised_sale,1.7658451795578003,4,0.214,23,2,0,1731,2,0.125,4096,31
2.4804996186867356,0.9696874999999998,16,15.514999999999997,,16,0,partnership_disguised_sale,1.1859859625498455,4,0.213,21,2,0,1731,0,0,4224,32
2.448712621582672,3.839687499999998,20,61.43499999999997,,16,0,partnership_disguised_sale,3.419490178426107,4,0.2119,21,2,0,1731,3,0.1875,4352,33
2.4772948613390326,1.1149999999999995,20,17.839999999999993,,16,0,partnership_disguised_sale,1.3884578943252563,2,0.2108,28,2,0,1731,1,0.0625,4480,34
2.4833738952875137,2.6025,20,41.64,,16,0,partnership_disguised_sale,2.0443760553995767,4,0.2098,36,2,0,1731,1,0.0625,4608,35
2.5058275870978832,0.10312500000000034,10,1.6500000000000055,,16,0,partnership_disguised_sale,0.44293561577796936,4,0.2087,27,2,0,1731,0,0,4736,36
2.4946306217461824,1.0806249999999982,20,17.28999999999997,,16,0,partnership_disguised_sale,1.2462956110636394,2,0.2077,30,2,0,1731,1,0.0625,4864,37
2.577354493085295,1.8146875,20,29.035,,16,0,partnership_disguised_sale,1.5548028548558552,3,0.2066,24,2,0,1731,1,0.0625,4992,38
2.4238953990861773,7.217187500000001,20,115.47500000000002,,16,0,partnership_disguised_sale,7.152892589569092,7,0.2056,28,2,0,1731,5,0.3125,5120,39
2.445186845958233,2.382500000000001,18,38.12000000000002,,16,0,partnership_disguised_sale,1.6399387121200562,4,0.2046,22,2,0,1731,1,0.0625,5248,40
2.447015929967165,1.2425000000000002,20,19.880000000000003,,16,0,partnership_disguised_sale,1.3881784677505493,3,0.2036,27,2,0,1731,1,0.0625,5376,41
2.4411875307559967,2.9646874999999997,20,47.434999999999995,,16,0,partnership_disguised_sale,2.7541664441426597,4,0.2025,28,2,0,1731,2,0.125,5504,42
2.46768119931221,0.5981250000000004,10,9.570000000000006,,16,0,partnership_disguised_sale,0.6266405582427979,4,0.2015,24,2,0,1731,0,0,5632,43
2.369086518883705,1.2521874999999998,20,20.034999999999997,,16,0,partnership_disguised_sale,1.4390986760457356,3,0.2005,28,2,0,1731,1,0.0625,5760,44
2.600892847403884,1.7024999999999988,20,27.23999999999998,,16,0,partnership_disguised_sale,1.871078332265218,5,0.1995,35,2,0,1731,1,0.0625,5888,45
2.390047611668706,2.334375,20,37.35,,16,0,partnership_disguised_sale,2.667588551839193,3,0.1985,15,2,0,1731,2,0.125,6016,46
2.456346742808819,1.2174999999999994,20,19.47999999999999,,16,0,partnership_disguised_sale,1.0273346106211345,3,0.1975,27,2,0,1731,1,0.0625,6144,47
2.525011903606355,3.4743749999999984,20,55.589999999999975,,16,0,partnership_disguised_sale,3.58318821589152,4,0.1965,23,2,0,1731,3,0.1875,6272,48
2.4876939300447702,2.447058823529411,20,41.59999999999999,,17,0,partnership_disguised_sale,1.6407482624053955,5,0.1956,23,2,0,1731,2,0.11764705882352941,6400,49
2.4355409485287964,1.3518749999999997,20,21.629999999999995,,16,0,partnership_disguised_sale,1.1632403532663982,3,0.1946,27,2,0,1731,1,0.0625,6528,50
2.4749784730374813,1.3678124999999994,20,21.88499999999999,,16,0,partnership_disguised_sale,1.4292863210042317,5,0.1936,29,2,0,1731,1,0.0625,6656,51
2.429837226867676,1.726562499999999,18,27.624999999999982,,16,0,partnership_disguised_sale,1.6875681082407634,5,0.1926,27,2,0,1731,1,0.0625,6784,52
2.3891585525125265,3.3753124999999984,18,54.004999999999974,,16,0,partnership_disguised_sale,2.7472917238871255,9,0.1917,31,2,0,1731,2,0.125,6912,53
2.398397108539939,5.641764705882353,20,95.91,,17,0,partnership_disguised_sale,5.821322600046794,6,0.1907,21,2,0,1731,5,0.29411764705882354,7040,54
2.3115356350317597,2.2531250000000003,20,36.050000000000004,,16,0,partnership_disguised_sale,1.7772278388341267,3,0.1898,24,2,0,1731,2,0.125,7168,55
2.26282744621858,4.217647058823529,20,71.69999999999999,,17,0,partnership_disguised_sale,3.5570031801859536,4,0.1888,27,2,0,1731,3,0.17647058823529413,7296,56
2.3518379335291684,0.8678125,16,13.885,,16,0,partnership_disguised_sale,1.2053414980570476,2,0.1879,24,2,0,1731,0,0,7424,57
2.3660292385611683,3.1246874999999985,20,49.994999999999976,,16,0,partnership_disguised_sale,2.5533079306284585,6,0.1869,27,2,0,1731,2,0.125,7552,58
2.2991520729847252,3.6118750000000004,20,57.790000000000006,,16,0,partnership_disguised_sale,3.821687857309977,3,0.186,14,2,0,1731,3,0.1875,7680,59
2.2360889320261776,5.631764705882352,20,95.73999999999998,,17,0,partnership_disguised_sale,4.962553183237712,5,0.1851,21,2,0,1731,5,0.29411764705882354,7808,60
2.292601970024407,2.238125,16,35.81,,16,0,partnership_disguised_sale,1.4844306310017903,5,0.1841,25,2,0,1731,0,0,7936,61
2.3130947831086814,1.6084375000000002,18,25.735000000000003,,16,0,partnership_disguised_sale,1.4519501129786174,3,0.1832,21,2,0,1731,1,0.0625,8064,62
2.2455394230782986,5.2384375,20,83.815,,16,0,partnership_disguised_sale,4.2915933926900225,13,0.1823,28,2,0,1731,3,0.1875,8192,63
2.302866348065436,1.6465625000000006,20,26.34500000000001,,16,0,partnership_disguised_sale,1.7916114727656047,3,0.1814,18,2,0,1731,1,0.0625,8320,64
2.1921640327200294,4.156470588235293,20,70.65999999999998,,17,0,partnership_disguised_sale,3.141371965408325,6,0.1805,25,2,0,1731,3,0.17647058823529413,8448,65
2.3708243872970343,4.591874999999999,20,73.46999999999998,,16,0,partnership_disguised_sale,3.3246564070383706,6,0.1796,19,2,0,1731,2,0.125,8576,66
2.2945909462869167,4.605294117647057,20,78.28999999999998,,17,0,partnership_disguised_sale,3.279714345932007,7,0.1787,27,2,0,1731,4,0.23529411764705882,8704,67
2.2654789555817842,2.2524999999999995,20,36.03999999999999,,16,0,partnership_disguised_sale,2.255601723988851,3,0.1778,19,2,0,1731,2,0.125,8832,68
2.221106526441872,6.229705882352943,20,105.90500000000003,,17,0,partnership_disguised_sale,5.0296281178792315,6,0.1769,16,2,0,1731,5,0.29411764705882354,8960,69
2.212443958967924,3.4053124999999986,20,54.48499999999998,,16,0,partnership_disguised_sale,2.4109747409820557,7,0.176,27,2,0,1731,2,0.125,9088,70
2.1595038268715143,3.2837499999999964,20,52.53999999999994,,16,0,partnership_disguised_sale,2.569536288579305,6,0.1751,18,2,0,1731,2,0.125,9216,71
2.309420872479677,4.629374999999999,20,74.06999999999998,,16,0,partnership_disguised_sale,3.6707611083984375,7,0.1743,22,2,0,1731,3,0.1875,9344,72
2.2018503011204302,5.62375,20,89.98,,16,0,partnership_disguised_sale,5.368725299835205,7,0.1734,21,2,0,1731,4,0.25,9472,73
2.2278559722471982,9.282352941176471,20,157.8,,17,0,partnership_disguised_sale,7.8068168958028155,11,0.1725,21,2,0,1731,7,0.4117647058823529,9600,74
2.2774329646490514,5.871764705882353,20,99.82000000000001,,17,0,partnership_disguised_sale,4.062745253245036,11,0.1717,20,2,0,1731,4,0.23529411764705882,9728,75
2.2870728075504303,2.4793749999999983,20,39.66999999999997,,16,0,partnership_disguised_sale,2.294585943222046,5,0.1708,22,2,0,1731,2,0.125,9856,76
2.2306686975061893,3.4915624999999975,20,55.86499999999996,,16,0,partnership_disguised_sale,3.44713028271993,5,0.1699,19,2,0,1731,3,0.1875,9984,77
2.1677663642913103,5.1306249999999975,20,82.08999999999996,,16,0,partnership_disguised_sale,4.217212994893392,6,0.1691,23,2,0,1731,4,0.25,10112,78
2.138704529032111,5.8531249999999995,20,93.64999999999999,,16,0,partnership_disguised_sale,4.2957455317179365,8,0.1683,21,2,0,1731,4,0.25,10240,79
2.285351846832782,7.637352941176469,20,129.83499999999998,,17,0,partnership_disguised_sale,4.8492512702941895,11,0.1674,23,2,0,1731,5,0.29411764705882354,10368,80
2.2507676109671593,3.878235294117647,20,65.92999999999999,,17,0,partnership_disguised_sale,3.2730794747670493,5,0.1666,20,2,0,1731,3,0.17647058823529413,10496,81
2.283320161513984,5.845937499999998,20,93.53499999999997,,16,0,partnership_disguised_sale,5.11999495824178,5,0.1657,27,2,0,1731,5,0.3125,10624,82
2.2162839444354177,8.434411764705885,20,143.38500000000005,,17,0,partnership_disguised_sale,6.864733378092448,9,0.1649,17,2,0,1731,7,0.4117647058823529,10752,83
2.1509122396819293,8.683055555555557,20,156.29500000000002,,18,0,partnership_disguised_sale,6.539054075876872,8,0.1641,17,2,0,1731,8,0.4444444444444444,10880,84
2.10878477524966,10.223157894736843,20,194.24,,19,0,partnership_disguised_sale,8.225581169128418,14,0.1633,17,2,0,1731,9,0.47368421052631576,11008,85
1.9061511142645031,9.772500000000003,20,175.90500000000006,,18,0,partnership_disguised_sale,7.406362533569336,12,0.1625,22,2,0,1731,9,0.5,11136,86
1.9928645701147616,7.63470588235294,20,129.79,,17,0,partnership_disguised_sale,5.936494668324788,11,0.1616,18,2,0,1731,6,0.35294117647058826,11264,87
1.773021528730169,7.185294117647057,20,122.14999999999998,,17,0,partnership_disguised_sale,5.13327693939209,8,0.1608,19,2,0,1731,6,0.35294117647058826,11392,88
1.9013618724420667,11.084473684210524,20,210.60499999999996,,19,0,partnership_disguised_sale,7.860877990722656,14,0.16,27,2,0,1731,10,0.5263157894736842,11520,89
1.7519239662215114,12.133421052631588,20,230.53500000000017,,19,0,partnership_disguised_sale,8.524371147155762,17,0.1592,26,2,0,1731,11,0.5789473684210527,11648,90
1.6995920038316399,10.970263157894736,20,208.435,,19,0,partnership_disguised_sale,7.310329596201579,12,0.1584,20,2,0,1731,10,0.5263157894736842,11776,91
1.5697758804890327,12.736250000000002,20,254.72500000000005,,20,0,partnership_disguised_sale,9.35513178507487,13,0.1576,20,2,0,1731,13,0.65,11904,92
1.4590861957985908,14.771363636363652,20,324.97000000000037,,22,0,partnership_disguised_sale,10.759916623433432,18,0.1569,19,2,0,1731,16,0.7272727272727273,12032,93
1.4926636754535139,14.31022727272728,20,314.82500000000016,,22,0,partnership_disguised_sale,11.157034238179525,17,0.1561,17,2,0,1731,16,0.7272727272727273,12160,94
1.5448570786975324,10.635000000000005,20,212.7000000000001,,20,0,partnership_disguised_sale,6.881930828094482,16,0.1553,25,2,0,1731,10,0.5,12288,95
1.3576972829177976,11.390476190476198,20,239.20000000000016,,21,0,partnership_disguised_sale,8.14421558380127,15,0.1545,17,2,0,1731,12,0.5714285714285714,12416,96
1.243732231319882,13.28166666666667,20,278.9150000000001,,21,0,partnership_disguised_sale,9.99294376373291,15,0.1537,18,2,0,1731,14,0.6666666666666666,12544,97
1.2659719325602055,13.920750000000016,20,278.4150000000003,,20,0,partnership_disguised_sale,10.48039722442627,19,0.153,22,2,0,1731,14,0.7,12672,98
1.4476707743597217,11.023000000000005,20,220.4600000000001,,20,0,partnership_disguised_sale,8.264275550842285,14,0.1522,26,2,0,1731,11,0.55,12800,99
2.528990861028433,0.49124999999999963,10,7.859999999999994,,16,0,partnership_disguised_sale,0.2923489610354106,1,0.25,30,3,0,1732,0,0,128,0
2.530766091775149,0.9834374999999996,18,15.734999999999994,,16,0,partnership_disguised_sale,0.9779578049977621,1,0.2487,32,3,0,1732,1,0.0625,256,1
2.618392833508551,-0.13312499999999983,0,-2.1299999999999972,,16,0,partnership_disguised_sale,-0.07308763265609741,0,0.2475,27,3,0,1732,0,0,384,2
2.5093577643856406,1.8656249999999999,20,29.849999999999998,,16,0,partnership_disguised_sale,1.9560807545979817,2,0.2463,27,3,0,1732,1,0.0625,512,3
2.5801106225699186,2.4918750000000003,20,39.870000000000005,,16,0,partnership_disguised_sale,2.7603065967559814,4,0.245,46,3,0,1732,2,0.125,640,4
2.5425022952258587,1.1062499999999997,20,17.699999999999996,,16,0,partnership_disguised_sale,0.9273422360420227,1,0.2438,24,3,0,1732,1,0.0625,768,5
2.6266953786835074,-0.1484374999999999,0,-2.3749999999999982,,16,0,partnership_disguised_sale,0.018751482168833416,0,0.2426,32,3,0,1732,0,0,896,6
2.4456187365576625,-0.13093749999999987,10,-2.094999999999998,,16,0,partnership_disguised_sale,0.05455854286750158,2,0.2414,33,3,0,1732,0,0,1024,7
2.476982985623181,0.22906250000000028,6,3.6650000000000045,,16,0,partnership_disguised_sale,-0.001913343866666158,2,0.2402,37,3,0,1732,0,0,1152,8
2.505069311708212,-0.007187500000000064,2,-0.11500000000000102,,16,0,partnership_disguised_sale,-0.09288903325796127,1,0.239,25,3,0,1732,0,0,1280,9
2.3919674027711153,-0.10843749999999991,0,-1.7349999999999985,,16,0,partnership_disguised_sale,-0.1073647861679395,0,0.2378,34,3,0,1732,0,0,1408,10
2.3880242416635156,2.5296874999999996,20,40.474999999999994,,16,0,partnership_disguised_sale,2.356968720753988,4,0.2366,29,3,0,1732,1,0.0625,1536,11
2.4843753715977073,1.0134375000000004,18,16.215000000000007,,16,0,partnership_disguised_sale,1.1638649304707844,1,0.2354,31,3,0,1732,1,0.0625,1664,12
2.4549305234104395,0.26218750000000035,4,4.195000000000006,,16,0,partnership_disguised_sale,-0.013656894365946451,2,0.2342,27,3,0,1732,0,0,1792,13
2.5749192256480455,0.012499999999999938,2,0.199999999999999,,16,0,partnership_disguised_sale,-0.11355309933423996,1,0.2331,29,3,0,1732,0,0,1920,14
2.462748361285776,4.745625000000003,20,75.93000000000005,,16,0,partnership_disguised_sale,5.59962256749471,4,0.2319,32,3,0,1732,4,0.25,2048,15
2.629418128170073,3.5874999999999995,20,57.39999999999999,,16,0,partnership_disguised_sale,4.451737880706787,4,0.2307,24,3,0,1732,3,0.1875,2176,16
2.4411385152488947,2.275624999999999,20,36.40999999999998,,16,0,partnership_disguised_sale,2.1142330964406333,3,0.2296,33,3,0,1732,2,0.125,2304,17
2.5036114947870374,1.4865624999999993,18,23.78499999999999,,16,0,partnership_disguised_sale,1.3376822074254353,3,0.2284,36,3,0,1732,1,0.0625,2432,18
2.4524967996403575,3.744062499999999,20,59.90499999999999,,16,0,partnership_disguised_sale,4.04899263381958,5,0.2273,31,3,0,1732,3,0.1875,2560,19
2.461598294787109,3.020624999999999,20,48.329999999999984,,16,0,partnership_disguised_sale,2.1371633211771646,4,0.2262,27,3,0,1732,1,0.0625,2688,20
2.378796205855906,2.3690624999999987,20,37.90499999999998,,16,0,partnership_disguised_sale,2.7529139518737793,3,0.225,35,3,0,1732,2,0.125,2816,21
2.5599296055734158,-0.1293749999999999,0,-2.0699999999999985,,16,0,partnership_disguised_sale,0.22321783999602,0,0.2239,28,3,0,1732,0,0,2944,22
2.572393230162561,1.1078125000000003,20,17.725000000000005,,16,0,partnership_disguised_sale,1.473823110262553,1,0.2228,37,3,0,1732,1,0.0625,3072,23
2.462782148271799,-0.14906249999999993,10,-2.384999999999999,,16,0,partnership_disguised_sale,0.6336691379547119,3,0.2217,32,3,0,1732,0,0,3200,24
2.467018138617277,5.379062500000001,20,86.06500000000001,,16,0,partnership_disguised_sale,5.168899377187093,5,0.2206,32,3,0,1732,4,0.25,3328,25
2.557725698687136,2.238437499999997,20,35.814999999999955,,16,0,partnership_disguised_sale,2.068157116572062,3,0.2195,30,3,0,1732,2,0.125,3456,26
2.4485918628051877,3.3737499999999985,20,53.979999999999976,,16,0,partnership_disguised_sale,3.507143179575602,5,0.2184,33,3,0,1732,3,0.1875,3584,27
2.521952234208584,3.9778124999999993,20,63.64499999999999,,16,0,partnership_disguised_sale,3.5864127477010093,5,0.2173,31,3,0,1732,3,0.1875,3712,28
2.4445588756352663,4.011875000000002,20,64.19000000000003,,16,0,partnership_disguised_sale,3.0920886198679605,6,0.2162,27,3,0,1732,3,0.1875,3840,29
2.504396580159664,2.7096874999999985,18,43.354999999999976,,16,0,partnership_disguised_sale,2.4037679036458335,4,0.2151,35,3,0,1732,2,0.125,3968,30
2.4564479901455343,2.0884374999999977,20,33.414999999999964,,16,0,partnership_disguised_sale,1.5911572774251301,5,0.214,26,3,0,1732,1,0.0625,4096,31
2.513719071634114,4.600624999999997,20,73.60999999999996,,16,0,partnership_disguised_sale,4.081764221191406,4,0.213,26,3,0,1732,4,0.25,4224,32
2.3762897667475045,2.720937499999998,20,43.53499999999997,,16,0,partnership_disguised_sale,2.8910129070281982,6,0.2119,24,3,0,1732,2,0.125,4352,33
2.379245180170983,7.814999999999999,20,125.03999999999998,,16,0,partnership_disguised_sale,6.695069313049316,9,0.2108,25,3,0,1732,6,0.375,4480,34
2.327676748856902,5.343437499999995,20,85.49499999999992,,16,0,partnership_disguised_sale,4.593651453653972,6,0.2098,29,3,0,1732,4,0.25,4608,35
2.3470526258461177,2.3478124999999994,20,37.56499999999999,,16,0,partnership_disguised_sale,2.579274574915568,3,0.2087,37,3,0,1732,2,0.125,4736,36
2.2264393493533134,5.5603125,20,88.965,,16,0,partnership_disguised_sale,4.666469891866048,6,0.2077,19,3,0,1732,4,0.25,4864,37
2.2811892083846033,4.834375,20,77.35,,16,0,partnership_disguised_sale,4.0201042493184405,8,0.2066,31,3,0,1732,3,0.1875,4992,38
2.337231595767662,5.0887499999999966,20,81.41999999999994,,16,0,partnership_disguised_sale,4.358355681101481,7,0.2056,31,3,0,1732,4,0.25,5120,39
2.2346681407652795,6.090624999999999,20,97.44999999999999,,16,0,partnership_disguised_sale,5.7244078318278,6,0.2046,28,3,0,1732,5,0.3125,5248,40
2.2908178572542965,2.2284374999999996,20,35.654999999999994,,16,0,partnership_disguised_sale,2.563345273335775,3,0.2036,28,3,0,1732,2,0.125,5376,41
2.381735592149198,1.4574999999999987,12,23.31999999999998,,16,0,partnership_disguised_sale,1.2314290603001912,5,0.2025,31,3,0,1732,0,0,5504,42
2.1182327871210873,5.818823529411764,20,98.91999999999999,,17,0,partnership_disguised_sale,5.0900084177653,8,0.2015,26,3,0,1732,5,0.29411764705882354,5632,43
2.2919721007347107,9.184375,20,146.95,,16,0,partnership_disguised_sale,7.308423678080241,9,0.2005,20,3,0,1732,7,0.4375,5760,44
2.2828677096404135,6.908529411764706,20,117.445,,17,0,partnership_disguised_sale,5.648876667022705,8,0.1995,22,3,0,1732,6,0.35294117647058826,5888,45
2.389341516420245,6.3321875,20,101.315,,16,0,partnership_disguised_sale,5.004105726877849,7,0.1985,27,3,0,1732,5,0.3125,6016,46
2.278436505701393,6.202941176470587,20,105.44999999999997,,17,0,partnership_disguised_sale,4.77860689163208,6,0.1975,22,3,0,1732,5,0.29411764705882354,6144,47
2.2370384563691914,1.5862499999999986,20,25.379999999999978,,16,0,partnership_disguised_sale,2.2177611192067466,4,0.1965,17,3,0,1732,1,0.0625,6272,48
2.2976749492809176,5.081562499999999,20,81.30499999999998,,16,0,partnership_disguised_sale,4.0440131823221845,7,0.1956,21,3,0,1732,4,0.25,6400,49
2.349784674588591,6.681176470588236,20,113.58000000000001,,17,0,partnership_disguised_sale,5.5239027341206866,8,0.1946,34,3,0,1732,6,0.35294117647058826,6528,50
2.315655605169013,4.8393749999999995,20,77.42999999999999,,16,0,partnership_disguised_sale,3.856623808542887,6,0.1936,28,3,0,1732,3,0.1875,6656,51
2.3900122391059995,5.023529411764704,20,85.39999999999996,,17,0,partnership_disguised_sale,3.9398042360941568,6,0.1926,21,3,0,1732,4,0.23529411764705882,6784,52
2.3766851844266057,6.944375000000002,20,111.11000000000003,,16,0,partnership_disguised_sale,5.675276120503743,6,0.1917,27,3,0,1732,6,0.375,6912,53
2.3354076417163014,3.6146874999999996,20,57.834999999999994,,16,0,partnership_disguised_sale,3.698058843612671,4,0.1907,26,3,0,1732,3,0.1875,7040,54
2.3845488438382745,6.33794117647059,20,107.74500000000003,,17,0,partnership_disguised_sale,5.042209466298421,9,0.1898,24,3,0,1732,5,0.29411764705882354,7168,55
2.3767656292766333,4.989999999999998,20,79.83999999999997,,16,0,partnership_disguised_sale,4.601058006286621,6,0.1888,17,3,0,1732,4,0.25,7296,56
2.2840904644690454,4.9061764705882345,20,83.40499999999999,,17,0,partnership_disguised_sale,3.6542144616444907,7,0.1879,24,3,0,1732,4,0.23529411764705882,7424,57
2.295551302842796,10.653055555555556,20,191.755,,18,0,partnership_disguised_sale,8.142534255981445,11,0.1869,23,3,0,1732,10,0.5555555555555556,7552,58
2.3501724991947412,5.3209375,20,85.135,,16,0,partnership_disguised_sale,4.360180060068767,6,0.186,25,3,0,1732,4,0.25,7680,59
2.278215461410582,3.584687499999999,20,57.35499999999998,,16,0,partnership_disguised_sale,3.7325478394826255,4,0.1851,27,3,0,1732,3,0.1875,7808,60
2.361089738085866,5.959999999999996,20,95.35999999999994,,16,0,partnership_disguised_sale,5.026516437530518,5,0.1841,29,3,0,1732,5,0.3125,7936,61
2.252931248396635,8.07558823529412,20,137.28500000000003,,17,0,partnership_disguised_sale,6.83298905690511,7,0.1832,23,3,0,1732,7,0.4117647058823529,8064,62
2.1646719984710217,10.30088235294118,20,175.11500000000007,,17,0,partnership_disguised_sale,8.055149714152018,13,0.1823,16,3,0,1732,9,0.5294117647058824,8192,63
2.141934923827648,6.084062499999998,20,97.34499999999997,,16,0,partnership_disguised_sale,5.49049727121989,5,0.1814,27,3,0,1732,5,0.3125,8320,64
1.9692406926769763,10.290294117647061,20,174.93500000000003,,17,0,partnership_disguised_sale,8.411502202351889,10,0.1805,22,3,0,1732,9,0.5294117647058824,8448,65
2.0514890803024173,3.4037499999999983,20,54.45999999999997,,16,0,partnership_disguised_sale,3.787848154703776,3,0.1796,29,3,0,1732,3,0.1875,8576,66
1.906660713488236,8.5628125,20,137.005,,16,0,partnership_disguised_sale,6.920272350311279,7,0.1787,27,3,0,1732,7,0.4375,8704,67
1.6256956458091736,10.281764705882354,20,174.79000000000002,,17,0,partnership_disguised_sale,8.218735376993815,9,0.1778,12,3,0,1732,9,0.5294117647058824,8832,68
1.6071863442775793,11.570588235294125,20,196.7000000000001,,17,0,partnership_disguised_sale,9.261905670166016,10,0.1769,24,3,0,1732,10,0.5882352941176471,8960,69
1.523992816975806,13.771176470588243,20,234.11000000000013,,17,0,partnership_disguised_sale,10.665972073872885,12,0.176,13,3,0,1732,12,0.7058823529411765,9088,70
1.5842670642305166,10.412647058823532,20,177.01500000000004,,17,0,partnership_disguised_sale,8.239817301432291,9,0.1751,24,3,0,1732,9,0.5294117647058824,9216,71
1.5581195738632232,11.46294117647059,20,194.87000000000003,,17,0,partnership_disguised_sale,8.901041984558105,10,0.1743,26,3,0,1732,10,0.5882352941176471,9344,72
1.3744572931318544,11.561176470588244,20,196.54000000000013,,17,0,partnership_disguised_sale,9.262008984883627,10,0.1734,18,3,0,1732,10,0.5882352941176471,9472,73
1.3159813037491404,16.463333333333342,20,296.34000000000015,,18,0,partnership_disguised_sale,12.985302925109863,15,0.1725,13,3,0,1732,15,0.8333333333333334,9600,74
1.4469545771717094,11.441176470588243,20,194.5000000000001,,17,0,partnership_disguised_sale,9.028287251790365,10,0.1717,20,3,0,1732,10,0.5882352941176471,9728,75
1.641269884974463,7.266874999999999,20,116.26999999999998,,16,0,partnership_disguised_sale,6.435025850931804,6,0.1708,28,3,0,1732,6,0.375,9856,76
1.469906383950729,9.195,20,156.315,,17,0,partnership_disguised_sale,7.860049406687419,9,0.1699,14,3,0,1732,8,0.47058823529411764,9984,77
1.6548010122496635,11.450882352941179,20,194.66500000000002,,17,0,partnership_disguised_sale,9.054330190022787,11,0.1691,16,3,0,1732,10,0.5882352941176471,10112,78
1.813092042459175,8.029705882352937,20,136.50499999999994,,17,0,partnership_disguised_sale,6.883996327718099,7,0.1683,24,3,0,1732,7,0.4117647058823529,10240,79
1.7501116277417168,11.562058823529426,20,196.55500000000023,,17,0,partnership_disguised_sale,9.19371763865153,10,0.1674,17,3,0,1732,10,0.5882352941176471,10368,80
1.7016629263525829,12.621176470588235,20,214.56,,17,0,partnership_disguised_sale,9.905351956685385,11,0.1666,21,3,0,1732,11,0.6470588235294118,10496,81
1.6903284919681028,12.285312500000002,20,196.56500000000003,,16,0,partnership_disguised_sale,9.073997815450033,11,0.1657,20,3,0,1732,10,0.625,10624,82
1.7571892021223903,8.528749999999999,20,136.45999999999998,,16,0,partnership_disguised_sale,7.058566411336263,7,0.1649,20,3,0,1732,7,0.4375,10752,83
1.9080233346903697,11.428125,20,182.85,,16,0,partnership_disguised_sale,8.386717478434244,10,0.1641,21,3,0,1732,9,0.5625,10880,84
1.9194595641456544,5.905312500000001,20,94.48500000000001,,16,0,partnership_disguised_sale,5.368686358133952,6,0.1633,27,3,0,1732,5,0.3125,11008,85
1.9214014761382714,10.172187499999998,20,162.75499999999997,,16,0,partnership_disguised_sale,7.831288019816081,9,0.1625,18,3,0,1732,8,0.5,11136,86
1.9782254241872579,7.294687499999999,20,116.71499999999999,,16,0,partnership_disguised_sale,6.174313386281331,6,0.1616,20,3,0,1732,6,0.375,11264,87
1.80722908815369,14.27676470588236,20,242.70500000000013,,17,0,partnership_disguised_sale,10.694958368937174,14,0.1608,22,3,0,1732,12,0.7058823529411765,11392,88
2.047214090824127,4.170312500000002,20,66.72500000000004,,16,0,partnership_disguised_sale,3.4704140027364097,5,0.16,24,3,0,1732,3,0.1875,11520,89
1.905890457215719,7.080000000000002,20,113.28000000000003,,16,0,partnership_disguised_sale,5.68927001953125,7,0.1592,30,3,0,1732,6,0.375,11648,90
2.1376314169028774,4.9844117647058805,20,84.73499999999997,,17,0,partnership_disguised_sale,4.211854457855225,7,0.1584,27,3,0,1732,4,0.23529411764705882,11776,91
1.9578747678315267,12.983235294117648,20,220.715,,17,0,partnership_disguised_sale,10.08817450205485,13,0.1576,15,3,0,1732,11,0.6470588235294118,11904,92
2.037688946002163,8.810000000000002,20,140.96000000000004,,16,0,partnership_disguised_sale,6.612890402475993,8,0.1569,24,3,0,1732,7,0.4375,12032,93
1.8273992666509002,12.622058823529418,20,214.5750000000001,,17,0,partnership_disguised_sale,9.618247032165527,11,0.1561,15,3,0,1732,11,0.6470588235294118,12160,94
1.8176148724742234,9.10147058823529,20,154.72499999999994,,17,0,partnership_disguised_sale,7.401504675547282,9,0.1553,17,3,0,1732,8,0.47058823529411764,12288,95
1.8992218852508813,12.648823529411766,20,215.03000000000003,,17,0,partnership_disguised_sale,8.981681187947592,13,0.1545,24,3,0,1732,10,0.5882352941176471,12416,96
1.7079579229466617,10.419166666666667,20,187.54500000000002,,18,0,partnership_disguised_sale,7.630421320597331,13,0.1537,11,3,0,1732,9,0.5,12544,97
1.7286278413957916,14.769705882352948,20,251.08500000000012,,17,0,partnership_disguised_sale,10.970752716064453,14,0.153,17,3,0,1732,13,0.7647058823529411,12672,98
1.6982744143460877,11.346470588235302,20,192.89000000000013,,17,0,partnership_disguised_sale,8.796173413594564,10,0.1522,22,3,0,1732,10,0.5882352941176471,12800,99
2.5063583217561245,0.7534374999999992,16,12.054999999999987,,16,0,partnership_disguised_sale,0.6638719240824381,1,0.25,33,4,0,1733,0,0,128,0
2.6833645487204194,1.3546875000000003,20,21.675000000000004,,16,0,partnership_disguised_sale,1.268524408340454,3,0.2487,30,4,0,1733,1,0.0625,256,1
2.6670950446277857,-0.1821874999999998,0,-2.914999999999997,,16,0,partnership_disguised_sale,-0.07733558615048726,0,0.2475,25,4,0,1733,0,0,384,2
2.5066175470128655,2.824374999999999,20,45.18999999999998,,16,0,partnership_disguised_sale,3.0561402638753257,3,0.2463,26,4,0,1733,2,0.125,512,3
2.526175416074693,-0.15124999999999988,2,-2.419999999999998,,16,0,partnership_disguised_sale,-0.07582889248927434,1,0.245,24,4,0,1733,0,0,640,4
2.537841056473553,-0.16124999999999987,0,-2.579999999999998,,16,0,partnership_disguised_sale,-0.09424841900666554,0,0.2438,26,4,0,1733,0,0,768,5
2.418664596043527,1.0818750000000004,20,17.310000000000006,,16,0,partnership_disguised_sale,1.2001359860102336,2,0.2426,31,4,0,1733,1,0.0625,896,6
2.558839788660407,0.47437499999999977,10,7.589999999999996,,16,0,partnership_disguised_sale,0.2979019383589427,4,0.2414,29,4,0,1733,0,0,1024,7
2.562628543935716,-0.1399999999999999,2,-2.2399999999999984,,16,0,partnership_disguised_sale,-0.10132091740767162,1,0.2402,32,4,0,1733,0,0,1152,8
2.4621911123394966,0.00750000000000001,10,0.12000000000000016,,16,0,partnership_disguised_sale,-0.03549136221408844,2,0.239,31,4,0,1733,0,0,1280,9
2.526143930852413,1.1206250000000002,20,17.930000000000003,,16,0,partnership_disguised_sale,1.5467113653818767,2,0.2378,28,4,0,1733,1,0.0625,1408,10
2.608528835698962,1.3790625000000005,18,22.06500000000001,,16,0,partnership_disguised_sale,1.021480878194173,2,0.2366,37,4,0,1733,1,0.0625,1536,11
2.494689171202481,1.3890624999999999,10,22.224999999999998,,16,0,partnership_disguised_sale,0.7197187344233195,3,0.2354,28,4,0,1733,0,0,1664,12
2.4456408051773906,-0.10749999999999987,0,-1.719999999999998,,16,0,partnership_disguised_sale,-0.11027605334917705,0,0.2342,32,4,0,1733,0,0,1792,13
2.4808079451322556,1.1321875000000006,20,18.11500000000001,,16,0,partnership_disguised_sale,1.4243486324946086,2,0.2331,32,4,0,1733,1,0.0625,1920,14
2.4587906654924154,1.5021875,16,24.035,,16,0,partnership_disguised_sale,1.2302977244059246,2,0.2319,27,4,0,1733,0,0,2048,15
2.454625589773059,1.8781250000000007,20,30.05000000000001,,16,0,partnership_disguised_sale,1.7835949659347534,3,0.2307,26,4,0,1733,1,0.0625,2176,16
2.5294040273875,1.1312499999999999,18,18.099999999999998,,16,0,partnership_disguised_sale,0.9373834331830343,2,0.2296,27,4,0,1733,1,0.0625,2304,17
2.6171587193384767,0.12531250000000002,2,2.0050000000000003,,16,0,partnership_disguised_sale,-0.025837411483128864,2,0.2284,30,4,0,1733,0,0,2432,18
2.5198595160618424,2.144062499999999,20,34.304999999999986,,16,0,partnership_disguised_sale,1.55160919825236,4,0.2273,25,4,0,1733,1,0.0625,2560,19
2.474598817527294,-0.13812499999999994,0,-2.209999999999999,,16,0,partnership_disguised_sale,0.030149949093659718,0,0.2262,23,4,0,1733,0,0,2688,20
2.6210523461923003,1.1150000000000002,20,17.840000000000003,,16,0,partnership_disguised_sale,1.2386037508646648,2,0.225,32,4,0,1733,1,0.0625,2816,21
2.5756957940757275,1.2399999999999998,18,19.839999999999996,,16,0,partnership_disguised_sale,1.1085813442866008,2,0.2239,25,4,0,1733,1,0.0625,2944,22
2.5263320300728083,2.2562499999999996,20,36.099999999999994,,16,0,partnership_disguised_sale,2.2473997275034585,4,0.2228,31,4,0,1733,1,0.0625,3072,23
2.49893257021904,2.5087500000000005,18,40.14000000000001,,16,0,partnership_disguised_sale,2.0684152444203696,7,0.2217,20,4,0,1733,1,0.0625,3200,24
2.5012128241360188,2.4959374999999997,18,39.934999999999995,,16,0,partnership_disguised_sale,1.7938800652821858,3,0.2206,34,4,0,1733,2,0.125,3328,25
2.5404396103695035,1.1375000000000002,10,18.200000000000003,,16,0,partnership_disguised_sale,0.51384570201238,2,0.2195,30,4,0,1733,0,0,3456,26
2.467495223507285,1.3987500000000008,20,22.380000000000013,,16,0,partnership_disguised_sale,1.3124122222264607,3,0.2184,25,4,0,1733,1,0.0625,3584,27
2.587229878641665,-0.12406249999999992,4,-1.9849999999999988,,16,0,partnership_disguised_sale,0.15084677934646606,1,0.2173,31,4,0,1733,0,0,3712,28
2.566077352501452,5.000312499999997,20,80.00499999999995,,16,0,partnership_disguised_sale,4.348656972249349,8,0.2162,26,4,0,1733,3,0.1875,3840,29
2.4598932415246964,2.867812499999999,18,45.884999999999984,,16,0,partnership_disguised_sale,2.600084145863851,4,0.2151,24,4,0,1733,2,0.125,3968,30
2.504094358533621,4.119374999999998,20,65.90999999999997,,16,0,partnership_disguised_sale,4.054899533589681,4,0.214,27,4,0,1733,3,0.1875,4096,31
2.439672911539674,2.533437499999999,20,40.53499999999998,,16,0,partnership_disguised_sale,2.294541676839193,3,0.213,28,4,0,1733,2,0.125,4224,32
2.4129203809425235,2.3987499999999993,20,38.37999999999999,,16,0,partnership_disguised_sale,2.3957658608754477,3,0.2119,33,4,0,1733,2,0.125,4352,33
2.6121641555801034,-0.12718749999999987,2,-2.034999999999998,,16,0,partnership_disguised_sale,0.3305732011795044,2,0.2108,28,4,0,1733,0,0,4480,34
2.429132593795657,3.4906249999999983,20,55.84999999999997,,16,0,partnership_disguised_sale,3.6181727250417075,3,0.2098,22,4,0,1733,3,0.1875,4608,35
2.464431958273053,2.266249999999999,20,36.259999999999984,,16,0,partnership_disguised_sale,2.502216180165609,4,0.2087,24,4,0,1733,2,0.125,4736,36
2.5807983558624983,0.9981250000000004,18,15.970000000000006,,16,0,partnership_disguised_sale,1.0135612487792969,1,0.2077,27,4,0,1733,1,0.0625,4864,37
2.5871292697265744,-0.14312499999999995,0,-2.289999999999999,,16,0,partnership_disguised_sale,0.2452766646941503,0,0.2066,24,4,0,1733,0,0,4992,38
2.6187789160758257,3.6124999999999994,20,57.79999999999999,,16,0,partnership_disguised_sale,3.6736644903818765,4,0.2056,23,4,0,1733,3,0.1875,5120,39
2.544263812713325,1.9831249999999991,18,31.729999999999986,,16,0,partnership_disguised_sale,1.9546720584233601,3,0.2046,21,4,0,1733,1,0.0625,5248,40
2.4579273583367467,0.5190624999999996,10,8.304999999999994,,16,0,partnership_disguised_sale,0.40629048148790997,1,0.2036,22,4,0,1733,0,0,5376,41
2.6581267034634948,2.369062499999999,20,37.90499999999999,,16,0,partnership_disguised_sale,2.015822172164917,6,0.2025,27,4,0,1733,1,0.0625,5504,42
2.3887268668040633,3.880312500000001,20,62.085000000000015,,16,0,partnership_disguised_sale,3.806504408518473,4,0.2015,28,4,0,1733,3,0.1875,5632,43
2.5118841035291553,2.5990624999999974,20,41.58499999999996,,16,0,partnership_disguised_sale,2.062267462412516,5,0.2005,25,4,0,1733,1,0.0625,5760,44
2.5603134157136083,3.361874999999998,20,53.78999999999997,,16,0,partnership_disguised_sale,3.164771874745687,3,0.1995,30,4,0,1733,3,0.1875,5888,45
2.539576008915901,2.4790624999999973,20,39.66499999999996,,16,0,partnership_disguised_sale,2.4660610357920327,4,0.1985,29,4,0,1733,2,0.125,6016,46
2.5489816665649414,5.60970588235294,20,95.36499999999998,,17,0,partnership_disguised_sale,4.607819080352783,6,0.1975,31,4,0,1733,5,0.29411764705882354,6144,47
2.506864477880299,1.3724999999999994,12,21.95999999999999,,16,0,partnership_disguised_sale,0.9436221520105997,3,0.1965,23,4,0,1733,0,0,6272,48
2.518886457197368,0.013124999999999932,2,0.2099999999999989,,16,0,partnership_disguised_sale,0.37058474620183307,1,0.1956,30,4,0,1733,0,0,6400,49
2.472255140542984,4.004374999999999,20,64.06999999999998,,16,0,partnership_disguised_sale,3.6339430809020996,5,0.1946,22,4,0,1733,3,0.1875,6528,50
2.5422926042228937,2.755625,20,44.09,,16,0,partnership_disguised_sale,2.3253333568573,3,0.1936,22,4,0,1733,2,0.125,6656,51
2.6531833047047257,2.119374999999999,18,33.90999999999998,,16,0,partnership_disguised_sale,2.7656009991963706,4,0.1926,27,4,0,1733,2,0.125,6784,52
2.579939420334995,5.740625,20,91.85,,16,0,partnership_disguised_sale,5.004436333974202,6,0.1917,24,4,0,1733,5,0.3125,6912,53
2.504344256594777,2.6218749999999993,20,41.94999999999999,,16,0,partnership_disguised_sale,2.5175747076670327,5,0.1907,26,4,0,1733,2,0.125,7040,54
2.4975684033706784,3.494374999999998,20,55.90999999999997,,16,0,partnership_disguised_sale,3.410282929738363,3,0.1898,32,4,0,1733,3,0.1875,7168,55
2.478563131764531,4.364411764705881,20,74.19499999999998,,17,0,partnership_disguised_sale,3.569485823313395,4,0.1888,18,4,0,1733,4,0.23529411764705882,7296,56
2.503493101336062,2.3893749999999985,20,38.229999999999976,,16,0,partnership_disguised_sale,2.49591064453125,2,0.1879,27,4,0,1733,2,0.125,7424,57
2.4609858598560095,1.2446875000000008,18,19.915000000000013,,16,0,partnership_disguised_sale,1.3266669909159343,3,0.1869,27,4,0,1733,1,0.0625,7552,58
2.457685220055282,3.7612499999999978,20,60.179999999999964,,16,0,partnership_disguised_sale,3.1804451942443848,4,0.186,18,4,0,1733,3,0.1875,7680,59
2.4806315694004297,3.4896875,20,55.835,,16,0,partnership_disguised_sale,2.5160981019337973,6,0.1851,20,4,0,1733,2,0.125,7808,60
2.294399205595255,5.1559375,20,82.495,,16,0,partnership_disguised_sale,4.446326891581218,9,0.1841,22,4,0,1733,4,0.25,7936,61
2.22284795390442,-0.11906249999999985,10,-1.9049999999999976,,16,0,partnership_disguised_sale,0.6785524686177572,1,0.1832,25,4,0,1733,0,0,8064,62
2.211790957953781,3.8659375,20,61.855,,16,0,partnership_disguised_sale,2.641486088434855,8,0.1823,21,4,0,1733,2,0.125,8192,63
2.1368046421557665,5.7773529411764715,20,98.21500000000002,,17,0,partnership_disguised_sale,4.523636182149251,8,0.1814,20,4,0,1733,5,0.29411764705882354,8320,64
2.194410334341228,2.3781249999999994,20,38.04999999999999,,16,0,partnership_disguised_sale,3.114341894785563,6,0.1805,19,4,0,1733,2,0.125,8448,65
2.1670624357648194,5.870294117647059,20,99.795,,17,0,partnership_disguised_sale,5.319727738698323,8,0.1796,22,4,0,1733,5,0.29411764705882354,8576,66
2.0732007031328976,7.7284375,20,123.655,,16,0,partnership_disguised_sale,6.016481240590413,9,0.1787,24,4,0,1733,6,0.375,8704,67
2.11608971003443,8.339117647058822,20,141.765,,17,0,partnership_disguised_sale,6.811557610829671,13,0.1778,21,4,0,1733,6,0.35294117647058826,8832,68
2.0748321108985692,7.715937500000003,20,123.45500000000004,,16,0,partnership_disguised_sale,5.4039967854817705,9,0.1769,26,4,0,1733,5,0.3125,8960,69
1.9478028986486606,11.729411764705885,20,199.40000000000003,,17,0,partnership_disguised_sale,9.634936968485514,13,0.176,20,4,0,1733,10,0.5882352941176471,9088,70
2.0293021058896556,9.458333333333334,20,170.25,,18,0,partnership_disguised_sale,7.17877181371053,10,0.1751,23,4,0,1733,8,0.4444444444444444,9216,71
2.079113573417999,6.770294117647058,20,115.09499999999998,,17,0,partnership_disguised_sale,5.897746404012044,6,0.1743,21,4,0,1733,6,0.35294117647058826,9344,72
2.092819234356284,7.042941176470588,20,119.73,,17,0,partnership_disguised_sale,6.090938409169515,11,0.1734,22,4,0,1733,6,0.35294117647058826,9472,73
1.8575462001026608,3.5896874999999993,20,57.43499999999999,,16,0,partnership_disguised_sale,2.9709388415018716,4,0.1725,28,4,0,1733,2,0.125,9600,74
2.0427235956303775,8.324999999999998,20,149.84999999999997,,18,0,partnership_disguised_sale,6.249807039896647,12,0.1717,26,4,0,1733,7,0.3888888888888889,9728,75
1.969793365278747,7.529722222222219,20,135.53499999999994,,18,0,partnership_disguised_sale,6.320916175842285,8,0.1708,30,4,0,1733,7,0.3888888888888889,9856,76
2.098544774344191,10.898611111111116,20,196.17500000000007,,18,0,partnership_disguised_sale,7.812309900919597,13,0.1699,28,4,0,1733,9,0.5,9984,77
2.033372280187905,11.933250000000003,20,238.66500000000005,,20,0,partnership_disguised_sale,9.258997281392416,12,0.1691,18,4,0,1733,12,0.6,10112,78
2.126223129685968,9.137222222222228,20,164.47000000000008,,18,0,partnership_disguised_sale,6.3342353502909345,9,0.1683,27,4,0,1733,8,0.4444444444444444,10240,79
2.199508167337626,10.773055555555556,20,193.91500000000002,,18,0,partnership_disguised_sale,8.250102996826172,11,0.1674,17,4,0,1733,10,0.5555555555555556,10368,80
2.1761066850740463,7.026764705882352,20,119.45499999999998,,17,0,partnership_disguised_sale,5.854976336161296,7,0.1666,20,4,0,1733,6,0.35294117647058826,10496,81
2.2386159794405103,7.66138888888889,20,137.90500000000003,,18,0,partnership_disguised_sale,4.607495625813802,13,0.1657,21,4,0,1733,6,0.3333333333333333,10624,82
2.0113808817695826,8.436111111111115,20,151.85000000000008,,18,0,partnership_disguised_sale,6.476405779520671,8,0.1649,24,4,0,1733,8,0.4444444444444444,10752,83
2.1497219777666032,10.107058823529417,20,171.8200000000001,,17,0,partnership_disguised_sale,7.996063073476155,11,0.1641,20,4,0,1733,9,0.5294117647058824,10880,84
2.2632989143021405,6.810882352941176,20,115.785,,17,0,partnership_disguised_sale,5.5153476397196455,7,0.1633,25,4,0,1733,6,0.35294117647058826,11008,85
2.174368635751307,7.56805555555556,20,136.22500000000008,,18,0,partnership_disguised_sale,6.142770608266194,7,0.1625,21,4,0,1733,7,0.3888888888888889,11136,86
2.1048854226246476,8.221562499999997,20,131.54499999999996,,16,0,partnership_disguised_sale,6.147952556610107,7,0.1616,22,4,0,1733,7,0.4375,11264,87
2.1079274020157754,5.948529411764704,20,101.12499999999997,,17,0,partnership_disguised_sale,4.896481513977051,8,0.1608,15,4,0,1733,5,0.29411764705882354,11392,88
2.0456615884322673,8.638055555555553,20,155.48499999999996,,18,0,partnership_disguised_sale,6.737581094106038,9,0.16,21,4,0,1733,8,0.4444444444444444,11520,89
1.7764034586725757,13.202500000000002,20,237.64500000000004,,18,0,partnership_disguised_sale,10.23422940572103,14,0.1592,14,4,0,1733,12,0.6666666666666666,11648,90
1.838358694280032,15.265526315789486,20,290.04500000000024,,19,0,partnership_disguised_sale,12.259902318318685,16,0.1584,20,4,0,1733,15,0.7894736842105263,11776,91
1.7967533003538847,13.217777777777787,20,237.92000000000016,,18,0,partnership_disguised_sale,9.152937571207682,15,0.1576,23,4,0,1733,12,0.6666666666666666,11904,92
1.683595443260856,12.43605263157896,20,236.28500000000025,,19,0,partnership_disguised_sale,9.264819463094076,13,0.1569,13,4,0,1733,12,0.631578947368421,12032,93
1.7610835299710743,9.019166666666672,20,162.3450000000001,,18,0,partnership_disguised_sale,6.197970867156982,10,0.1561,26,4,0,1733,8,0.4444444444444444,12160,94
1.6980039170302916,11.223888888888888,20,202.03,,18,0,partnership_disguised_sale,8.211462020874023,13,0.1553,21,4,0,1733,10,0.5555555555555556,12288,95
1.6125263587164227,13.587750000000018,20,271.75500000000034,,20,0,partnership_disguised_sale,10.488825162251791,14,0.1545,15,4,0,1733,14,0.7,12416,96
1.6782779498025775,13.3571052631579,20,253.78500000000008,,19,0,partnership_disguised_sale,10.301155090332031,14,0.1537,14,4,0,1733,13,0.6842105263157895,12544,97
1.7230660498898942,14.51325000000001,20,290.2650000000002,,20,0,partnership_disguised_sale,11.10312557220459,16,0.153,22,4,0,1733,15,0.75,12672,98
1.7932550514815375,14.016500000000011,20,280.3300000000002,,20,0,partnership_disguised_sale,10.095691680908203,15,0.1522,29,4,0,1733,14,0.7,12800,99
2.5557492515072227,-0.13374999999999992,0,-2.139999999999999,,16,0,partnership_disguised_sale,-0.13106347372134527,0,0.25,31,5,0,1734,0,0,128,0
2.6073550824075937,1.5818750000000001,10,25.310000000000002,,16,0,partnership_disguised_sale,0.9005785584449768,4,0.2487,35,5,0,1734,0,0,256,1
2.4734532134607434,-0.12499999999999993,0,-1.999999999999999,,16,0,partnership_disguised_sale,-0.12706059714158377,0,0.2475,37,5,0,1734,0,0,384,2
2.6121948584914207,-0.1496874999999999,0,-2.3949999999999982,,16,0,partnership_disguised_sale,-0.1226566731929779,0,0.2463,27,5,0,1734,0,0,512,3
2.446957517415285,0.6343749999999996,12,10.149999999999993,,16,0,partnership_disguised_sale,0.28037789463996887,2,0.245,41,5,0,1734,0,0,640,4
2.517627658788115,1.6231249999999997,20,25.969999999999995,,16,0,partnership_disguised_sale,1.6783773104349773,2,0.2438,30,5,0,1734,1,0.0625,768,5
2.527977262623608,2.255624999999999,20,36.08999999999998,,16,0,partnership_disguised_sale,2.538792451222738,2,0.2426,32,5,0,1734,2,0.125,896,6
2.5295656519010663,0.4762500000000001,10,7.620000000000002,,16,0,partnership_disguised_sale,0.26267194747924805,1,0.2414,36,5,0,1734,0,0,1024,7
2.4414893770590425,0.5093749999999992,10,8.149999999999988,,16,0,partnership_disguised_sale,0.2604125539461772,1,0.2402,19,5,0,1734,0,0,1152,8
2.3969155149534345,0.5340625,10,8.545,,16,0,partnership_disguised_sale,0.27514301737149555,1,0.239,34,5,0,1734,0,0,1280,9
2.3584792967885733,-0.11093749999999997,0,-1.7749999999999995,,16,0,partnership_disguised_sale,-0.08454506347576778,0,0.2378,30,5,0,1734,0,0,1408,10
2.6439407216385007,1.6159375000000002,20,25.855000000000004,,16,0,partnership_disguised_sale,1.6084982951482136,2,0.2366,26,5,0,1734,1,0.0625,1536,11
2.4553033243864775,1.1215625000000005,20,17.945000000000007,,16,0,partnership_disguised_sale,1.2457159757614136,1,0.2354,22,5,0,1734,1,0.0625,1664,12
2.410579397343099,1.012499999999999,18,16.199999999999985,,16,0,partnership_disguised_sale,1.0713036855061848,1,0.2342,32,5,0,1734,1,0.0625,1792,13
2.5042161997407675,-0.09249999999999993,12,-1.4799999999999989,,16,0,partnership_disguised_sale,0.08404607574145,1,0.2331,29,5,0,1734,0,0,1920,14
2.4658141508698463,3.5125,20,56.2,,16,0,partnership_disguised_sale,3.1742709477742515,7,0.2319,24,5,0,1734,2,0.125,2048,15
2.315290056169033,1.1465624999999995,18,18.34499999999999,,16,0,partnership_disguised_sale,0.8636385401089987,2,0.2307,28,5,0,1734,1,0.0625,2176,16
2.405938637442887,1.2593749999999997,18,20.149999999999995,,16,0,partnership_disguised_sale,1.139533559481303,2,0.2296,34,5,0,1734,1,0.0625,2304,17
2.460664921440184,1.1581250000000003,20,18.530000000000005,,16,0,partnership_disguised_sale,1.1385629177093506,3,0.2284,26,5,0,1734,1,0.0625,2432,18
2.4177559837698936,0.013437500000000052,2,0.21500000000000083,,16,0,partnership_disguised_sale,-0.026020795106887817,1,0.2273,32,5,0,1734,0,0,2560,19
2.4112532380968332,1.7737499999999997,20,28.379999999999995,,16,0,partnership_disguised_sale,1.8061901728312175,3,0.2262,27,5,0,1734,1,0.0625,2688,20
2.5372960614040494,2.505625000000001,20,40.09000000000002,,16,0,partnership_disguised_sale,1.956408421198527,4,0.225,29,5,0,1734,1,0.0625,2816,21
2.4684627931565046,1.5225000000000006,18,24.36000000000001,,16,0,partnership_disguised_sale,1.3878485759099324,5,0.2239,29,5,0,1734,1,0.0625,2944,22
2.4006579187698662,2.389999999999999,18,38.23999999999998,,16,0,partnership_disguised_sale,2.502915382385254,7,0.2228,26,5,0,1734,2,0.125,3072,23
2.460560721810907,1.1512499999999988,10,18.41999999999998,,16,0,partnership_disguised_sale,0.606293777624766,3,0.2217,40,5,0,1734,0,0,3200,24
2.5592388873919845,1.8628125,18,29.805,,16,0,partnership_disguised_sale,1.6192213694254558,5,0.2206,31,5,0,1734,1,0.0625,3328,25
2.4416229352355003,0.8803124999999994,16,14.08499999999999,,16,0,partnership_disguised_sale,1.0384811560312908,3,0.2195,29,5,0,1734,0,0,3456,26
2.3529808381572366,-0.10125000000000008,10,-1.6200000000000012,,16,0,partnership_disguised_sale,0.16093858083089194,2,0.2184,33,5,0,1734,0,0,3584,27
2.4363729637116194,1.6425000000000003,20,26.280000000000005,,16,0,partnership_disguised_sale,1.9737995862960815,5,0.2173,29,5,0,1734,1,0.0625,3712,28
2.3565540574491024,1.7787500000000005,18,28.460000000000008,,16,0,partnership_disguised_sale,1.3280574480692546,3,0.2162,32,5,0,1734,1,0.0625,3840,29
2.4286411330103874,0.021874999999999936,2,0.349999999999999,,16,0,partnership_disguised_sale,-0.05317159245411555,2,0.2151,22,5,0,1734,0,0,3968,30
2.3450286015868187,1.2859374999999997,18,20.574999999999996,,16,0,partnership_disguised_sale,0.9732862313588461,6,0.214,31,5,0,1734,1,0.0625,4096,31
2.375378178432584,4.2746875000000015,18,68.39500000000002,,16,0,partnership_disguised_sale,2.860582113265991,8,0.213,28,5,0,1734,2,0.125,4224,32
2.3825139896944165,1.2556250000000004,20,20.090000000000007,,16,0,partnership_disguised_sale,1.035076896349589,2,0.2119,35,5,0,1734,1,0.0625,4352,33
2.3566613914445043,1.6440625,18,26.305,,16,0,partnership_disguised_sale,1.269154946009318,2,0.2108,28,5,0,1734,1,0.0625,4480,34
2.553899141959846,2.102812499999999,20,33.64499999999998,,16,0,partnership_disguised_sale,1.7863741318384807,5,0.2098,24,5,0,1734,1,0.0625,4608,35
2.3979827258735895,-0.10999999999999992,2,-1.7599999999999987,,16,0,partnership_disguised_sale,0.07695114364226659,2,0.2087,22,5,0,1734,0,0,4736,36
2.4311562068760395,3.242187499999999,20,51.874999999999986,,16,0,partnership_disguised_sale,2.4368155797322593,7,0.2077,27,5,0,1734,2,0.125,4864,37
2.278208858333528,3.0090624999999993,18,48.14499999999999,,16,0,partnership_disguised_sale,1.8886204560597737,7,0.2066,22,5,0,1734,1,0.0625,4992,38
2.4262156393378973,3.7682352941176482,20,64.06000000000002,,17,0,partnership_disguised_sale,2.2202146848042807,8,0.2056,26,5,0,1734,2,0.11764705882352941,5120,39
2.3410445917397738,6.017499999999999,20,96.27999999999999,,16,0,partnership_disguised_sale,4.605085531870524,9,0.2046,19,5,0,1734,4,0.25,5248,40
2.255745162256062,2.5209374999999987,20,40.33499999999998,,16,0,partnership_disguised_sale,2.4913602670033774,4,0.2036,29,5,0,1734,2,0.125,5376,41
2.311684563755989,4.753750000000002,20,76.06000000000003,,16,0,partnership_disguised_sale,3.8524203300476074,8,0.2025,18,5,0,1734,4,0.25,5504,42
2.2844890020787716,4.8928125,20,78.285,,16,0,partnership_disguised_sale,3.788981835047404,10,0.2015,28,5,0,1734,3,0.1875,5632,43
2.2168928049504757,2.64,20,42.24,,16,0,partnership_disguised_sale,2.3430256843566895,6,0.2005,20,5,0,1734,2,0.125,5760,44
2.25303942989558,6.7220588235294105,20,114.27499999999998,,17,0,partnership_disguised_sale,5.394497394561768,8,0.1995,27,5,0,1734,5,0.29411764705882354,5888,45
2.3073263689875603,6.866874999999999,20,109.86999999999999,,16,0,partnership_disguised_sale,4.974995930989583,10,0.1985,25,5,0,1734,4,0.25,6016,46
2.3290822501294315,4.528749999999996,20,72.45999999999994,,16,0,partnership_disguised_sale,3.3809353510538735,8,0.1975,31,5,0,1734,3,0.1875,6144,47
2.1793899894692004,4.474687499999998,20,71.59499999999997,,16,0,partnership_disguised_sale,4.15000041325887,6,0.1965,19,5,0,1734,3,0.1875,6272,48
2.263999759219587,0.9768749999999995,18,15.629999999999992,,16,0,partnership_disguised_sale,2.05073618888855,3,0.1956,28,5,0,1734,1,0.0625,6400,49
2.3368881894275546,4.019117647058824,20,68.325,,17,0,partnership_disguised_sale,3.3581058979034424,6,0.1946,33,5,0,1734,3,0.17647058823529413,6528,50
2.2952677686698735,7.3653125,20,117.845,,16,0,partnership_disguised_sale,5.825764497121175,8,0.1936,21,5,0,1734,5,0.3125,6656,51
2.306088381446898,3.775312499999999,20,60.40499999999999,,16,0,partnership_disguised_sale,2.6230448881785073,6,0.1926,18,5,0,1734,2,0.125,6784,52
2.158350148703903,1.2678125000000013,20,20.28500000000002,,16,0,partnership_disguised_sale,1.8430958986282349,3,0.1917,21,5,0,1734,1,0.0625,6912,53
2.2482612365856767,2.8975,20,46.36,,16,0,partnership_disguised_sale,2.502135435740153,3,0.1907,25,5,0,1734,2,0.125,7040,54
2.226220225682482,3.4915625000000006,20,55.86500000000001,,16,0,partnership_disguised_sale,2.5991262594858804,6,0.1898,31,5,0,1734,2,0.125,7168,55
2.216508347541094,4.717941176470588,20,80.205,,17,0,partnership_disguised_sale,3.7754457791646323,6,0.1888,21,5,0,1734,4,0.23529411764705882,7296,56
2.276283133774996,1.8678124999999999,20,29.884999999999998,,16,0,partnership_disguised_sale,1.9283580780029297,4,0.1879,29,5,0,1734,1,0.0625,7424,57
2.2104759286157787,6.2688235294117645,20,106.57,,17,0,partnership_disguised_sale,3.9185047149658203,11,0.1869,22,5,0,1734,4,0.23529411764705882,7552,58
2.126243593171239,5.692941176470586,20,96.77999999999996,,17,0,partnership_disguised_sale,4.318546772003174,11,0.186,20,5,0,1734,4,0.23529411764705882,7680,59
2.1401377459988,6.971470588235297,20,118.51500000000004,,17,0,partnership_disguised_sale,4.528331279754639,8,0.1851,20,5,0,1734,5,0.29411764705882354,7808,60
2.149125481955707,5.812941176470587,20,98.81999999999998,,17,0,partnership_disguised_sale,4.834169228871663,5,0.1841,26,5,0,1734,5,0.29411764705882354,7936,61
2.037484385073185,4.393437499999997,20,70.29499999999996,,16,0,partnership_disguised_sale,3.0544255574544272,5,0.1832,21,5,0,1734,2,0.125,8064,62
2.056105579249561,4.787187499999998,20,76.59499999999997,,16,0,partnership_disguised_sale,3.8210962613423667,7,0.1823,22,5,0,1734,3,0.1875,8192,63
2.0554206827655435,4.252499999999998,20,68.03999999999996,,16,0,partnership_disguised_sale,3.1912430127461753,6,0.1814,24,5,0,1734,3,0.1875,8320,64
2.074619773309678,4.118749999999995,20,65.89999999999992,,16,0,partnership_disguised_sale,3.910398085912069,7,0.1805,31,5,0,1734,3,0.1875,8448,65
2.087695585563779,7.662352941176473,20,130.26000000000005,,17,0,partnership_disguised_sale,6.146755536397298,9,0.1796,18,5,0,1734,7,0.4117647058823529,8576,66
2.2257856791839004,6.696470588235292,20,113.83999999999996,,17,0,partnership_disguised_sale,5.426788806915283,8,0.1787,20,5,0,1734,5,0.29411764705882354,8704,67
2.1971385662909597,6.922647058823531,20,117.68500000000003,,17,0,partnership_disguised_sale,5.2844923337300616,11,0.1778,20,5,0,1734,5,0.29411764705882354,8832,68
2.2515683597885072,6.363529411764704,20,108.17999999999996,,17,0,partnership_disguised_sale,5.124748071034749,10,0.1769,19,5,0,1734,5,0.29411764705882354,8960,69
2.237427628133446,7.988125000000002,20,127.81000000000003,,16,0,partnership_disguised_sale,5.993246555328369,7,0.176,27,5,0,1734,6,0.375,9088,70
2.130768810166046,8.923235294117646,20,151.695,,17,0,partnership_disguised_sale,7.013757864634196,11,0.1751,29,5,0,1734,7,0.4117647058823529,9216,71
2.1353781847283244,7.3088235294117645,20,124.25,,17,0,partnership_disguised_sale,5.2533955574035645,7,0.1743,24,5,0,1734,6,0.35294117647058826,9344,72
2.123798364540562,9.154411764705888,20,155.62500000000009,,17,0,partnership_disguised_sale,5.840519746144612,12,0.1734,15,5,0,1734,7,0.4117647058823529,9472,73
2.1610050483141094,6.456176470588236,20,109.75500000000001,,17,0,partnership_disguised_sale,4.677523930867513,9,0.1725,23,5,0,1734,5,0.29411764705882354,9600,74
2.0771663426421583,9.14735294117647,20,155.505,,17,0,partnership_disguised_sale,7.1795549392700195,8,0.1717,22,5,0,1734,8,0.47058823529411764,9728,75
2.0659921639598906,9.024705882352942,20,153.42000000000002,,17,0,partnership_disguised_sale,6.730144182840983,11,0.1708,24,5,0,1734,7,0.4117647058823529,9856,76
2.0174440413247794,11.98111111111111,20,215.65999999999997,,18,0,partnership_disguised_sale,9.29737663269043,13,0.1699,25,5,0,1734,10,0.5555555555555556,9984,77
1.9475225559435785,10.334705882352948,20,175.6900000000001,,17,0,partnership_disguised_sale,7.296909332275391,10,0.1691,19,5,0,1734,8,0.47058823529411764,10112,78
1.8573392517864704,12.566388888888902,20,226.19500000000022,,18,0,partnership_disguised_sale,9.025025685628256,13,0.1683,21,5,0,1734,11,0.6111111111111112,10240,79
1.7118394036078826,13.647777777777787,20,245.66000000000017,,18,0,partnership_disguised_sale,9.29637622833252,16,0.1674,18,5,0,1734,11,0.6111111111111112,10368,80
1.6928072497830726,10.08823529411765,20,171.50000000000006,,17,0,partnership_disguised_sale,6.9127875963846845,11,0.1666,20,5,0,1734,8,0.47058823529411764,10496,81
1.6513304371619597,6.700588235294118,20,113.91000000000001,,17,0,partnership_disguised_sale,5.2176618576049805,8,0.1657,19,5,0,1734,6,0.35294117647058826,10624,82
1.483987923071254,13.463947368421064,20,255.8150000000002,,19,0,partnership_disguised_sale,10.582416852315268,13,0.1649,14,5,0,1734,13,0.6842105263157895,10752,83
1.6166583187878132,11.472631578947377,20,217.98000000000016,,19,0,partnership_disguised_sale,8.603072166442871,11,0.1641,17,5,0,1734,11,0.5789473684210527,10880,84
1.5400122080463916,12.91825000000001,20,258.3650000000002,,20,0,partnership_disguised_sale,10.190218925476074,15,0.1633,21,5,0,1734,13,0.65,11008,85
1.5465160579187796,10.442777777777794,20,187.97000000000028,,18,0,partnership_disguised_sale,8.031803766886393,10,0.1625,24,5,0,1734,9,0.5,11136,86
1.621970010921359,12.470000000000002,20,224.46000000000004,,18,0,partnership_disguised_sale,9.139941533406576,13,0.1616,28,5,0,1734,11,0.6111111111111112,11264,87
1.6956827826797962,13.50842105263159,20,256.6600000000002,,19,0,partnership_disguised_sale,10.115397135416666,14,0.1608,28,5,0,1734,13,0.6842105263157895,11392,88
1.3131967522203922,15.420000000000016,20,339.24000000000035,,22,0,partnership_disguised_sale,11.623688062032064,18,0.16,12,5,0,1734,17,0.7727272727272727,11520,89
1.3960346234962344,16.428250000000013,20,328.5650000000002,,20,0,partnership_disguised_sale,12.240797360738119,18,0.1592,20,5,0,1734,16,0.8,11648,90
1.389042624272406,10.776842105263166,20,204.76000000000016,,19,0,partnership_disguised_sale,7.8048930168151855,15,0.1584,24,5,0,1734,10,0.5263157894736842,11776,91
1.2761476959276479,15.901578947368433,20,302.1300000000002,,19,0,partnership_disguised_sale,10.61844285329183,18,0.1576,22,5,0,1734,14,0.7368421052631579,11904,92
1.1664668857993092,17.326739130434795,20,398.5150000000003,,23,0,partnership_disguised_sale,14.299041112263998,20,0.1569,18,5,0,1734,20,0.8695652173913043,12032,93
1.225620346609503,16.020476190476206,20,336.4300000000003,,21,0,partnership_disguised_sale,12.627457618713379,18,0.1561,20,5,0,1734,17,0.8095238095238095,12160,94
1.2866248254431412,14.727500000000006,20,294.5500000000001,,20,0,partnership_disguised_sale,10.85283629099528,19,0.1553,17,5,0,1734,15,0.75,12288,95
1.2080297478241846,16.03318181818183,20,352.73000000000025,,22,0,partnership_disguised_sale,12.205985387166342,19,0.1545,18,5,0,1734,17,0.7727272727272727,12416,96
1.3574550884077325,12.340750000000007,20,246.81500000000014,,20,0,partnership_disguised_sale,9.006778081258139,14,0.1537,20,5,0,1734,12,0.6,12544,97
1.1572150368592702,11.946428571428575,20,250.87500000000009,,21,0,partnership_disguised_sale,9.124870936075846,19,0.153,14,5,0,1734,12,0.5714285714285714,12672,98
1.1316926636209246,17.59159090909092,20,387.01500000000027,,22,0,partnership_disguised_sale,13.25970427195231,20,0.1522,17,5,0,1734,19,0.8636363636363636,12800,99
2.599623274989426,-0.12906249999999986,10,-2.0649999999999977,,16,0,partnership_disguised_sale,0.1375295122464498,2,0.25,37,6,0,1735,0,0,128,0
2.614043800160289,0.5990624999999993,10,9.584999999999988,,16,0,partnership_disguised_sale,0.342292845249176,2,0.2487,23,6,0,1735,0,0,256,1
2.659776051528752,0.36031250000000026,10,5.765000000000004,,16,0,partnership_disguised_sale,0.07301363845666249,3,0.2475,28,6,0,1735,0,0,384,2
2.565746983513236,1.1193750000000002,18,17.910000000000004,,16,0,partnership_disguised_sale,0.71504012743632,2,0.2463,31,6,0,1735,1,0.0625,512,3
2.4850311409682035,0.1281250000000002,4,2.0500000000000034,,16,0,partnership_disguised_sale,-0.04647559175888697,1,0.245,28,6,0,1735,0,0,640,4
2.5045224241912365,-0.008124999999999879,2,-0.12999999999999806,,16,0,partnership_disguised_sale,-0.08564098924398422,1,0.2438,34,6,0,1735,0,0,768,5
2.3912150422111154,1.7750000000000004,18,28.400000000000006,,16,0,partnership_disguised_sale,1.4972496032714844,3,0.2426,27,6,0,1735,1,0.0625,896,6
2.449574625585228,1.7390624999999997,20,27.824999999999996,,16,0,partnership_disguised_sale,2.002830386161804,3,0.2414,44,6,0,1735,1,0.0625,1024,7
2.5659219240769744,-0.004062499999999918,2,-0.06499999999999868,,16,0,partnership_disguised_sale,-0.10124025742212932,1,0.2402,30,6,0,1735,0,0,1152,8
2.4352599252015352,1.0075000000000005,18,16.120000000000008,,16,0,partnership_disguised_sale,1.145743767420451,2,0.239,29,6,0,1735,1,0.0625,1280,9
2.5407741591334343,1.0034375000000004,10,16.055000000000007,,16,0,partnership_disguised_sale,0.6347731749216715,5,0.2378,23,6,0,1735,0,0,1408,10
2.4379887748509645,0.006874999999999987,2,0.10999999999999979,,16,0,partnership_disguised_sale,-0.0805012658238411,1,0.2366,41,6,0,1735,0,0,1536,11
2.4219741364941,1.1662500000000007,18,18.66000000000001,,16,0,partnership_disguised_sale,1.0859384536743164,3,0.2354,32,6,0,1735,1,0.0625,1664,12
2.4870950868353248,0.23312500000000008,8,3.7300000000000013,,16,0,partnership_disguised_sale,0.027601706484953564,1,0.2342,30,6,0,1735,0,0,1792,13
2.5597509248182178,2.7421875,20,43.875,,16,0,partnership_disguised_sale,2.430283228556315,3,0.2331,23,6,0,1735,2,0.125,1920,14
2.4967723935842514,-0.12531249999999997,10,-2.0049999999999994,,16,0,partnership_disguised_sale,-0.019496301809946697,2,0.2319,39,6,0,1735,0,0,2048,15
2.5023363828659058,3.6184374999999998,20,57.894999999999996,,16,0,partnership_disguised_sale,3.7295215924580893,4,0.2307,32,6,0,1735,2,0.125,2176,16
2.437104234471917,-0.12187499999999991,0,-1.9499999999999986,,16,0,partnership_disguised_sale,-0.09977771838506062,0,0.2296,25,6,0,1735,0,0,2304,17
2.468997864983976,1.7556249999999993,20,28.08999999999999,,16,0,partnership_disguised_sale,1.575178861618042,2,0.2284,31,6,0,1735,1,0.0625,2432,18
2.5002891970798373,1.1265625000000004,18,18.025000000000006,,16,0,partnership_disguised_sale,1.173975984255473,4,0.2273,32,6,0,1735,1,0.0625,2560,19
2.441595953889191,-0.12000000000000005,10,-1.9200000000000008,,16,0,partnership_disguised_sale,0.11194271594285965,1,0.2262,23,6,0,1735,0,0,2688,20
2.4611559975892305,3.1246874999999994,20,49.99499999999999,,16,0,partnership_disguised_sale,3.0148438612620034,5,0.225,23,6,0,1735,2,0.125,2816,21
2.418727277778089,0.6290624999999997,10,10.064999999999996,,16,0,partnership_disguised_sale,0.29462461670239765,2,0.2239,29,6,0,1735,0,0,2944,22
2.413906844332814,-0.13031249999999991,2,-2.0849999999999986,,16,0,partnership_disguised_sale,-0.04978606104850769,1,0.2228,23,6,0,1735,0,0,3072,23
2.4645809531211853,2.3715625,20,37.945,,16,0,partnership_disguised_sale,2.5963175296783447,3,0.2217,24,6,0,1735,2,0.125,3200,24
2.558773801662028,0.7687499999999996,10,12.299999999999994,,16,0,partnership_disguised_sale,0.33732369542121887,5,0.2206,27,6,0,1735,0,0,3328,25
2.5646917708218098,1.5890625000000007,16,25.42500000000001,,16,0,partnership_disguised_sale,1.0263636112213135,5,0.2195,21,6,0,1735,0,0,3456,26
2.47786723729223,0.7328124999999999,12,11.724999999999998,,16,0,partnership_disguised_sale,0.4384834071000417,3,0.2184,30,6,0,1735,0,0,3584,27
2.4623460732400417,2.101249999999999,20,33.61999999999998,,16,0,partnership_disguised_sale,2.2869593302408853,3,0.2173,23,6,0,1735,1,0.0625,3712,28
2.559897850267589,5.523235294117645,20,93.89499999999995,,17,0,partnership_disguised_sale,5.3076701164245605,6,0.2162,23,6,0,1735,4,0.23529411764705882,3840,29
2.488966640084982,1.2534374999999993,12,20.05499999999999,,16,0,partnership_disguised_sale,0.8963950077692667,4,0.2151,18,6,0,1735,0,0,3968,30
2.482751580886543,2.249375,18,35.99,,16,0,partnership_disguised_sale,2.233485698699951,3,0.214,26,6,0,1735,2,0.125,4096,31
2.4620403070002794,1.7349999999999992,18,27.759999999999987,,16,0,partnership_disguised_sale,1.498868505160014,3,0.213,32,6,0,1735,1,0.0625,4224,32
2.517949721775949,4.472187499999999,20,71.55499999999998,,16,0,partnership_disguised_sale,3.7595396836598716,6,0.2119,28,6,0,1735,3,0.1875,4352,33
2.47054175240919,1.2518750000000007,20,20.030000000000012,,16,0,partnership_disguised_sale,1.5194772084554036,3,0.2108,29,6,0,1735,1,0.0625,4480,34
2.5375339621677995,3.6418749999999998,20,58.269999999999996,,16,0,partnership_disguised_sale,3.2057628631591797,4,0.2098,30,6,0,1735,3,0.1875,4608,35
2.4333853479474783,2.77625,18,44.42,,16,0,partnership_disguised_sale,2.361067851384481,3,0.2087,29,6,0,1735,2,0.125,4736,36
2.5163476560264826,1.365,20,21.84,,16,0,partnership_disguised_sale,1.5648172696431477,4,0.2077,31,6,0,1735,1,0.0625,4864,37
2.469461211003363,1.1306249999999998,20,18.089999999999996,,16,0,partnership_disguised_sale,1.3726307551066081,1,0.2066,23,6,0,1735,1,0.0625,4992,38
2.4277928369119763,2.0009374999999987,20,32.01499999999998,,16,0,partnership_disguised_sale,1.6634471813837688,4,0.2056,21,6,0,1735,1,0.0625,5120,39
2.4217391861602664,-0.10937499999999997,0,-1.7499999999999996,,16,0,partnership_disguised_sale,0.14595457911491394,0,0.2046,23,6,0,1735,0,0,5248,40
2.3847022876143456,2.5050000000000003,20,40.080000000000005,,16,0,partnership_disguised_sale,2.301679770151774,5,0.2036,27,6,0,1735,2,0.125,5376,41
2.5212750360369682,3.375937499999999,20,54.014999999999986,,16,0,partnership_disguised_sale,2.9745296637217202,4,0.2025,33,6,0,1735,2,0.125,5504,42
2.471098991576582,2.2571875000000006,20,36.11500000000001,,16,0,partnership_disguised_sale,2.2867520650227866,2,0.2015,28,6,0,1735,2,0.125,5632,43
2.5458519030362368,0.48031250000000003,12,7.6850000000000005,,16,0,partnership_disguised_sale,0.28396377960840863,3,0.2005,25,6,0,1735,0,0,5760,44
2.4510100036859512,2.1275000000000013,20,34.04000000000002,,16,0,partnership_disguised_sale,1.6447066466013591,3,0.1995,22,6,0,1735,1,0.0625,5888,45
2.5292602200061083,1.2493750000000008,10,19.990000000000013,,16,0,partnership_disguised_sale,0.6812863945960999,3,0.1985,30,6,0,1735,0,0,6016,46
2.578403958119452,4.0874999999999995,20,65.39999999999999,,16,0,partnership_disguised_sale,4.046010494232178,4,0.1975,25,6,0,1735,3,0.1875,6144,47
2.4731080662459135,1.6128125000000004,18,25.805000000000007,,16,0,partnership_disguised_sale,1.7269576787948608,4,0.1965,27,6,0,1735,1,0.0625,6272,48
2.4838759237900376,0.09781250000000004,2,1.5650000000000006,,16,0,partnership_disguised_sale,0.13731900850931802,2,0.1956,30,6,0,1735,0,0,6400,49
2.557956458069384,2.2340625,20,35.745,,16,0,partnership_disguised_sale,2.3283208211263022,2,0.1946,25,6,0,1735,2,0.125,6528,50
2.5198557106778026,3.4790624999999977,20,55.664999999999964,,16,0,partnership_disguised_sale,2.7404367129007974,7,0.1936,27,6,0,1735,1,0.0625,6656,51
2.578865815885365,2.468749999999999,18,39.499999999999986,,16,0,partnership_disguised_sale,1.5972100098927815,5,0.1926,25,6,0,1735,1,0.0625,6784,52
2.48930611461401,0.1118750000000002,10,1.7900000000000031,,16,0,partnership_disguised_sale,0.23486731946468353,3,0.1917,25,6,0,1735,0,0,6912,53
2.560439430642873,1.1096875,16,17.755,,16,0,partnership_disguised_sale,1.0319152275721233,3,0.1907,21,6,0,1735,0,0,7040,54
2.470547371543944,4.110000000000001,20,65.76000000000002,,16,0,partnership_disguised_sale,4.095690886179606,4,0.1898,20,6,0,1735,3,0.1875,7168,55
2.498619213234633,5.6444117647058825,20,95.955,,17,0,partnership_disguised_sale,5.13107426961263,7,0.1888,26,6,0,1735,5,0.29411764705882354,7296,56
2.488292124122381,6.45764705882353,20,109.78,,17,0,partnership_disguised_sale,5.472709973653157,9,0.1879,27,6,0,1735,5,0.29411764705882354,7424,57
2.3916072053834796,2.2340625000000007,18,35.74500000000001,,16,0,partnership_disguised_sale,1.8125259478886921,5,0.1869,30,6,0,1735,1,0.0625,7552,58
2.46643620217219,1.7503125,18,28.005,,16,0,partnership_disguised_sale,1.4618912140528362,4,0.186,32,6,0,1735,1,0.0625,7680,59
2.469237550161779,1.3887500000000004,20,22.220000000000006,,16,0,partnership_disguised_sale,1.1629148721694946,3,0.1851,30,6,0,1735,1,0.0625,7808,60
2.500764545518905,4.118437500000001,20,65.89500000000001,,16,0,partnership_disguised_sale,3.7179983456929526,5,0.1841,21,6,0,1735,2,0.125,7936,61
2.4249176923185587,2.146249999999999,18,34.33999999999998,,16,0,partnership_disguised_sale,1.917803208033244,3,0.1832,26,6,0,1735,2,0.125,8064,62
2.40060041192919,-0.00031249999999999356,2,-0.004999999999999897,,16,0,partnership_disguised_sale,0.2448807954788208,2,0.1823,20,6,0,1735,0,0,8192,63
2.4002752881497145,2.2449999999999983,20,35.91999999999997,,16,0,partnership_disguised_sale,1.9778483708699544,2,0.1814,21,6,0,1735,2,0.125,8320,64
2.410933766514063,0.5128124999999998,10,8.204999999999997,,16,0,partnership_disguised_sale,0.4229880968729655,4,0.1805,18,6,0,1735,0,0,8448,65
2.368554061278701,4.028124999999999,20,64.44999999999999,,16,0,partnership_disguised_sale,3.2574503421783447,8,0.1796,33,6,0,1735,3,0.1875,8576,66
2.3586639119312167,7.2387500000000005,20,115.82000000000001,,16,0,partnership_disguised_sale,7.253714561462402,9,0.1787,31,6,0,1735,6,0.375,8704,67
2.4034808529540896,2.4728124999999994,20,39.56499999999999,,16,0,partnership_disguised_sale,2.8434309164683023,5,0.1778,21,6,0,1735,2,0.125,8832,68
2.465573061257601,4.6961764705882345,20,79.83499999999998,,17,0,partnership_disguised_sale,3.4279720783233643,8,0.1769,21,6,0,1735,3,0.17647058823529413,8960,69
2.321470900438726,5.1293750000000005,20,82.07000000000001,,16,0,partnership_disguised_sale,4.8490668932596845,8,0.176,16,6,0,1735,3,0.1875,9088,70
2.408034812193364,5.5311764705882345,20,94.02999999999999,,17,0,partnership_disguised_sale,5.251761436462402,6,0.1751,19,6,0,1735,5,0.29411764705882354,9216,71
2.3343631140887737,1.7562499999999994,18,28.09999999999999,,16,0,partnership_disguised_sale,1.4870861768722534,4,0.1743,16,6,0,1735,1,0.0625,9344,72
2.2694497820921242,6.8749999999999964,20,109.99999999999994,,16,0,partnership_disguised_sale,5.690085252126058,8,0.1734,18,6,0,1735,5,0.3125,9472,73
2.2772854194045067,7.347777777777775,20,132.25999999999996,,18,0,partnership_disguised_sale,6.120002905527751,8,0.1725,30,6,0,1735,7,0.3888888888888889,9600,74
2.220005326438695,3.37125,20,53.94,,16,0,partnership_disguised_sale,3.491163492202759,5,0.1717,23,6,0,1735,3,0.1875,9728,75
2.242147115059197,7.32722222222222,20,131.88999999999996,,18,0,partnership_disguised_sale,5.637942949930827,8,0.1708,20,6,0,1735,7,0.3888888888888889,9856,76
2.3044301527552307,4.2415625,20,67.865,,16,0,partnership_disguised_sale,3.0673081080118814,7,0.1699,22,6,0,1735,2,0.125,9984,77
2.2116164974868298,5.2503125000000015,20,84.00500000000002,,16,0,partnership_disguised_sale,4.17894713083903,7,0.1691,16,6,0,1735,4,0.25,10112,78
2.2386093018576503,2.997187499999999,20,47.954999999999984,,16,0,partnership_disguised_sale,3.2151715755462646,9,0.1683,19,6,0,1735,2,0.125,10240,79
2.1268433877266943,7.018750000000001,20,112.30000000000001,,16,0,partnership_disguised_sale,5.432296593983968,9,0.1674,20,6,0,1735,5,0.3125,10368,80
2.1702046296559274,8.363529411764702,20,142.17999999999992,,17,0,partnership_disguised_sale,5.865499496459961,9,0.1666,23,6,0,1735,7,0.4117647058823529,10496,81
2.0635027149692178,6.854117647058821,20,116.51999999999997,,17,0,partnership_disguised_sale,4.671285311381022,14,0.1657,22,6,0,1735,5,0.29411764705882354,10624,82
2.2115156687796116,8.348235294117648,20,141.92000000000002,,17,0,partnership_disguised_sale,6.407758712768555,9,0.1649,24,6,0,1735,7,0.4117647058823529,10752,83
2.057006455026567,4.750312499999999,20,76.00499999999998,,16,0,partnership_disguised_sale,4.247543652852376,5,0.1641,25,6,0,1735,4,0.25,10880,84
1.9755003531463444,10.309444444444447,20,185.57000000000005,,18,0,partnership_disguised_sale,7.842549165089925,10,0.1633,21,6,0,1735,9,0.5,11008,85
1.9845345730427653,7.985294117647057,20,135.74999999999997,,17,0,partnership_disguised_sale,6.3743313153584795,11,0.1625,17,6,0,1735,7,0.4117647058823529,11136,86
1.9289645452518016,7.13676470588235,20,121.32499999999996,,17,0,partnership_disguised_sale,5.603535493214925,8,0.1616,19,6,0,1735,6,0.35294117647058826,11264,87
2.0698648248799145,12.895000000000001,20,219.21500000000003,,17,0,partnership_disguised_sale,9.260615348815918,13,0.1608,19,6,0,1735,11,0.6470588235294118,11392,88
1.9666446822229773,7.864117647058828,20,133.69000000000008,,17,0,partnership_disguised_sale,5.492706934611003,9,0.16,24,6,0,1735,7,0.4117647058823529,11520,89
2.064741524634883,3.6134374999999985,20,57.814999999999976,,16,0,partnership_disguised_sale,3.837855577468872,3,0.1592,22,6,0,1735,3,0.1875,11648,90
2.1002003187313676,5.837187500000002,20,93.39500000000004,,16,0,partnership_disguised_sale,4.925947984059651,6,0.1584,17,6,0,1735,5,0.3125,11776,91
2.018449796596542,7.82264705882353,20,132.985,,17,0,partnership_disguised_sale,6.009692192077637,9,0.1576,20,6,0,1735,7,0.4117647058823529,11904,92
1.9323517200537026,7.032941176470588,20,119.55999999999999,,17,0,partnership_disguised_sale,5.307251930236816,8,0.1569,21,6,0,1735,6,0.35294117647058826,12032,93
1.9370491912122816,7.833823529411768,20,133.17500000000007,,17,0,partnership_disguised_sale,6.3997782071431475,8,0.1561,22,6,0,1735,7,0.4117647058823529,12160,94
1.9178404497215524,11.959411764705893,20,203.31000000000017,,17,0,partnership_disguised_sale,8.690400759379068,11,0.1553,22,6,0,1735,10,0.5882352941176471,12288,95
1.7776701698312536,11.487352941176475,20,195.28500000000008,,17,0,partnership_disguised_sale,9.179912249247232,11,0.1545,16,6,0,1735,10,0.5882352941176471,12416,96
1.7002531259786338,10.949444444444447,20,197.09000000000006,,18,0,partnership_disguised_sale,9.097752571105957,12,0.1537,17,6,0,1735,10,0.5555555555555556,12544,97
1.7563233726541512,8.562187500000006,20,136.9950000000001,,16,0,partnership_disguised_sale,5.992360432942708,12,0.153,17,6,0,1735,6,0.375,12672,98
1.6098299661534838,15.274444444444457,20,274.9400000000002,,18,0,partnership_disguised_sale,12.31067180633545,15,0.1522,24,6,0,1735,14,0.7777777777777778,12800,99
2.592547381296754,2.2253125000000002,18,35.605000000000004,,16,0,partnership_disguised_sale,1.9354747931162517,3,0.25,27,7,0,1736,1,0.0625,128,0
2.743765569292009,-0.17531249999999987,10,-2.804999999999998,,16,0,partnership_disguised_sale,0.06014828383922577,1,0.2487,34,7,0,1736,0,0,256,1
2.626094034872949,-0.15749999999999992,0,-2.5199999999999987,,16,0,partnership_disguised_sale,-0.11572624494632085,0,0.2475,32,7,0,1736,0,0,384,2
2.6377636613324285,2.8537499999999993,20,45.65999999999999,,16,0,partnership_disguised_sale,3.125236431757609,3,0.2463,27,7,0,1736,2,0.125,512,3
2.625044328160584,0.48374999999999935,10,7.7399999999999896,,16,0,partnership_disguised_sale,0.34821832180023193,2,0.245,28,7,0,1736,0,0,640,4
2.544214479159564,1.1099999999999992,18,17.759999999999987,,16,0,partnership_disguised_sale,1.192583441734314,3,0.2438,25,7,0,1736,1,0.0625,768,5
2.584492706693709,0.9731250000000004,10,15.570000000000006,,16,0,partnership_disguised_sale,0.43145522475242615,2,0.2426,38,7,0,1736,0,0,896,6
2.5502691427245736,0.3750000000000001,8,6.000000000000002,,16,0,partnership_disguised_sale,0.1172259549299876,1,0.2414,34,7,0,1736,0,0,1024,7
2.480816388502717,4.272499999999994,20,68.3599999999999,,16,0,partnership_disguised_sale,3.331868886947632,5,0.2402,27,7,0,1736,2,0.125,1152,8
2.5025741709396243,-0.11593749999999989,0,-1.8549999999999982,,16,0,partnership_disguised_sale,-0.0672632430990537,0,0.239,35,7,0,1736,0,0,1280,9
2.4984140153974295,2.2653124999999985,18,36.244999999999976,,16,0,partnership_disguised_sale,1.8987667957941692,3,0.2378,26,7,0,1736,1,0.0625,1408,10
2.5050893975421786,2.3568749999999987,20,37.70999999999998,,16,0,partnership_disguised_sale,2.8026676972707114,2,0.2366,42,7,0,1736,2,0.125,1536,11
2.60549421235919,2.965624999999997,20,47.44999999999995,,16,0,partnership_disguised_sale,2.4773641427357993,4,0.2354,31,7,0,1736,2,0.125,1664,12
2.4985741330310702,3.7550000000000003,20,60.080000000000005,,16,0,partnership_disguised_sale,3.787721872329712,4,0.2342,26,7,0,1736,3,0.1875,1792,13
2.511814041994512,0.1225000000000003,4,1.9600000000000048,,16,0,partnership_disguised_sale,0.10739745944738388,2,0.2331,31,7,0,1736,0,0,1920,14
2.5250792535953224,0.23437500000000036,6,3.7500000000000058,,16,0,partnership_disguised_sale,0.20052134493986765,2,0.2319,34,7,0,1736,0,0,2048,15
2.5466149114072323,5.236249999999999,20,83.77999999999999,,16,0,partnership_disguised_sale,4.197969277699788,8,0.2307,24,7,0,1736,3,0.1875,2176,16
2.427275899797678,0.6203124999999989,12,9.924999999999983,,16,0,partnership_disguised_sale,0.5274146596590678,1,0.2296,35,7,0,1736,0,0,2304,17
2.419058097526431,4.742187499999999,20,75.87499999999999,,16,0,partnership_disguised_sale,4.952066580454509,4,0.2284,35,7,0,1736,4,0.25,2432,18
2.5198068590834737,2.631875,18,42.11,,16,0,partnership_disguised_sale,1.9394588470458984,6,0.2273,21,7,0,1736,1,0.0625,2560,19
2.5763631761074066,0.10812500000000008,2,1.7300000000000013,,16,0,partnership_disguised_sale,0.14848088721434274,2,0.2262,33,7,0,1736,0,0,2688,20
2.552014551125467,3.507187499999996,20,56.11499999999994,,16,0,partnership_disguised_sale,3.0161851247151694,4,0.225,42,7,0,1736,3,0.1875,2816,21
2.502064635977149,2.129687499999999,16,34.07499999999998,,16,0,partnership_disguised_sale,0.798173725605011,5,0.2239,24,7,0,1736,0,0,2944,22
2.5905664628371596,2.366249999999999,16,37.859999999999985,,16,0,partnership_disguised_sale,1.7738879124323528,6,0.2228,30,7,0,1736,0,0,3072,23
2.402615699917078,1.6231250000000002,18,25.970000000000002,,16,0,partnership_disguised_sale,1.5472070773442586,4,0.2217,22,7,0,1736,1,0.0625,3200,24
2.465844294987619,2.3584375,20,37.735,,16,0,partnership_disguised_sale,2.6469382445017495,4,0.2206,30,7,0,1736,2,0.125,3328,25
2.4766223207116127,1.1240625000000009,20,17.985000000000014,,16,0,partnership_disguised_sale,1.4941195249557495,1,0.2195,35,7,0,1736,1,0.0625,3456,26
2.539567658677697,0.9846874999999996,18,15.754999999999994,,16,0,partnership_disguised_sale,1.2565356492996216,3,0.2184,28,7,0,1736,1,0.0625,3584,27
2.522169924341142,5.727500000000002,20,91.64000000000003,,16,0,partnership_disguised_sale,5.986257553100586,6,0.2173,26,7,0,1736,5,0.3125,3712,28
2.5710067795589566,1.5821875,20,25.315,,16,0,partnership_disguised_sale,1.3489490350087483,6,0.2162,28,7,0,1736,1,0.0625,3840,29
2.431008890271187,2.483437499999999,20,39.734999999999985,,16,0,partnership_disguised_sale,2.548672596613566,3,0.2151,30,7,0,1736,2,0.125,3968,30
2.5708834128454328,4.32,20,73.44,,17,0,partnership_disguised_sale,4.175698439280192,5,0.214,31,7,0,1736,4,0.23529411764705882,4096,31
2.454860429279506,3.965937499999999,20,63.454999999999984,,16,0,partnership_disguised_sale,3.70190159479777,5,0.213,29,7,0,1736,3,0.1875,4224,32
2.5085098426789045,2.3468749999999976,20,37.54999999999996,,16,0,partnership_disguised_sale,2.485670487085978,3,0.2119,22,7,0,1736,2,0.125,4352,33
2.524601347744465,4.3387499999999966,20,69.41999999999994,,16,0,partnership_disguised_sale,4.120638370513916,8,0.2108,23,7,0,1736,3,0.1875,4480,34
2.553359798155725,3.481249999999997,20,55.69999999999995,,16,0,partnership_disguised_sale,3.662646532058716,7,0.2098,20,7,0,1736,3,0.1875,4608,35
2.5100990794599056,3.3571874999999967,20,53.71499999999995,,16,0,partnership_disguised_sale,2.9055777390797934,4,0.2087,32,7,0,1736,2,0.125,4736,36
2.5100105749443173,2.350625,20,37.61,,16,0,partnership_disguised_sale,2.4802280267079673,4,0.2077,32,7,0,1736,2,0.125,4864,37
2.4204892739653587,3.9687499999999982,20,63.49999999999997,,16,0,partnership_disguised_sale,3.796554962793986,7,0.2066,29,7,0,1736,3,0.1875,4992,38
2.469590718857944,4.442812499999996,20,71.08499999999994,,16,0,partnership_disguised_sale,3.54821769396464,6,0.2056,32,7,0,1736,3,0.1875,5120,39
2.466923509724438,7.410882352941177,20,125.985,,17,0,partnership_disguised_sale,5.6020588874816895,7,0.2046,20,7,0,1736,6,0.35294117647058826,5248,40
2.3095660721883178,4.3375,20,69.4,,16,0,partnership_disguised_sale,3.2973056634267173,7,0.2036,22,7,0,1736,3,0.1875,5376,41
2.4096702290698886,1.6974999999999985,20,27.159999999999975,,16,0,partnership_disguised_sale,2.055350144704183,4,0.2025,25,7,0,1736,1,0.0625,5504,42
2.2855490688234568,10.174117647058825,20,172.96000000000004,,17,0,partnership_disguised_sale,8.43338934580485,10,0.2015,22,7,0,1736,9,0.5294117647058824,5632,43
2.3041387237608433,4.925624999999999,20,78.80999999999999,,16,0,partnership_disguised_sale,4.229427973429362,7,0.2005,29,7,0,1736,3,0.1875,5760,44
2.307185493875295,6.178125000000003,20,98.85000000000005,,16,0,partnership_disguised_sale,5.424708366394043,6,0.1995,27,7,0,1736,5,0.3125,5888,45
2.3815435338765383,5.696249999999999,20,91.13999999999999,,16,0,partnership_disguised_sale,4.599508603413899,6,0.1985,24,7,0,1736,4,0.25,6016,46
2.320338945835829,4.456874999999999,20,71.30999999999999,,16,0,partnership_disguised_sale,3.4357059001922607,6,0.1975,30,7,0,1736,3,0.1875,6144,47
2.3118210514076054,4.573124999999999,20,73.16999999999999,,16,0,partnership_disguised_sale,3.466533899307251,5,0.1965,21,7,0,1736,2,0.125,6272,48
2.1463749897666276,7.1915625000000025,20,115.06500000000004,,16,0,partnership_disguised_sale,5.001542727152507,10,0.1956,24,7,0,1736,4,0.25,6400,49
2.2860353605356067,4.801875000000001,20,76.83000000000001,,16,0,partnership_disguised_sale,3.295844237009684,8,0.1946,27,7,0,1736,3,0.1875,6528,50
2.1979597103782,7.067500000000001,20,113.08000000000001,,16,0,partnership_disguised_sale,5.909069220225017,7,0.1936,18,7,0,1736,6,0.375,6656,51
2.0044704005122185,5.304062500000001,20,84.86500000000001,,16,0,partnership_disguised_sale,4.520486831665039,5,0.1926,32,7,0,1736,4,0.25,6784,52
2.1065154862590134,6.314705882352942,20,107.35000000000001,,17,0,partnership_disguised_sale,5.517832438151042,8,0.1917,23,7,0,1736,5,0.29411764705882354,6912,53
2.206318856216967,4.454117647058822,20,75.71999999999997,,17,0,partnership_disguised_sale,4.134427070617676,4,0.1907,26,7,0,1736,4,0.23529411764705882,7040,54
2.170418460853398,5.761176470588235,20,97.94,,17,0,partnership_disguised_sale,4.621590296427409,8,0.1898,22,7,0,1736,5,0.29411764705882354,7168,55
2.164251146838069,5.774117647058824,20,98.16000000000001,,17,0,partnership_disguised_sale,4.517356713612874,6,0.1888,33,7,0,1736,5,0.29411764705882354,7296,56
1.9291955998633057,6.487499999999998,20,103.79999999999997,,16,0,partnership_disguised_sale,4.740301926930745,7,0.1879,19,7,0,1736,5,0.3125,7424,57
2.0121146393939853,6.815000000000001,20,115.85500000000002,,17,0,partnership_disguised_sale,5.7050472895304365,6,0.1869,17,7,0,1736,6,0.35294117647058826,7552,58
2.130487999645993,3.8658823529411745,20,65.71999999999997,,17,0,partnership_disguised_sale,3.1920265356699624,9,0.186,16,7,0,1736,3,0.17647058823529413,7680,59
2.078191986074671,4.861562499999998,20,77.78499999999997,,16,0,partnership_disguised_sale,4.216408411661784,4,0.1851,26,7,0,1736,4,0.25,7808,60
2.085445064585656,7.228750000000001,20,115.66000000000001,,16,0,partnership_disguised_sale,5.665921847025554,9,0.1841,18,7,0,1736,5,0.3125,7936,61
1.9884680332615972,6.816470588235293,20,115.87999999999998,,17,0,partnership_disguised_sale,5.715472062428792,10,0.1832,21,7,0,1736,6,0.35294117647058826,8064,62
2.0506261573173106,7.458124999999998,20,119.32999999999997,,16,0,partnership_disguised_sale,5.93147071202596,10,0.1823,21,7,0,1736,6,0.375,8192,63
1.898195295012556,9.194062500000003,20,147.10500000000005,,16,0,partnership_disguised_sale,7.093865553538005,9,0.1814,20,7,0,1736,7,0.4375,8320,64
2.0335505170514807,8.784999999999998,20,149.34499999999997,,17,0,partnership_disguised_sale,6.57351541519165,9,0.1805,23,7,0,1736,7,0.4117647058823529,8448,65
2.0494478158652782,4.099375,20,65.59,,16,0,partnership_disguised_sale,3.7855549653371177,5,0.1796,33,7,0,1736,3,0.1875,8576,66
1.9564756687032059,6.6582352941176435,20,113.18999999999994,,17,0,partnership_disguised_sale,5.566186587015788,6,0.1787,27,7,0,1736,6,0.35294117647058826,8704,67
1.8023586887866259,9.755555555555558,20,175.60000000000005,,18,0,partnership_disguised_sale,7.558861255645752,9,0.1778,19,7,0,1736,9,0.5,8832,68
2.0297748441807926,4.7231250000000005,20,75.57000000000001,,16,0,partnership_disguised_sale,4.010674635569255,5,0.1769,26,7,0,1736,4,0.25,8960,69
1.965033861109987,10.346764705882359,20,175.8950000000001,,17,0,partnership_disguised_sale,8.057716369628906,9,0.176,27,7,0,1736,9,0.5294117647058824,9088,70
2.0087464754469693,8.671176470588236,20,147.41,,17,0,partnership_disguised_sale,6.639999071756999,8,0.1751,20,7,0,1736,7,0.4117647058823529,9216,71
1.8757869626861066,7.277352941176467,20,123.71499999999995,,17,0,partnership_disguised_sale,5.840706666310628,10,0.1743,14,7,0,1736,6,0.35294117647058826,9344,72
2.002680065575987,9.560833333333342,20,172.09500000000014,,18,0,partnership_disguised_sale,6.9576694170633955,9,0.1734,29,7,0,1736,9,0.5,9472,73
1.867636697483249,10.445588235294125,20,177.57500000000013,,17,0,partnership_disguised_sale,8.133478482564291,10,0.1725,25,7,0,1736,9,0.5294117647058824,9600,74
1.8583190374774858,9.158235294117654,20,155.6900000000001,,17,0,partnership_disguised_sale,7.416086355845134,10,0.1717,20,7,0,1736,8,0.47058823529411764,9728,75
1.987512617430184,15.180750000000009,20,303.6150000000002,,20,0,partnership_disguised_sale,12.17225456237793,17,0.1708,28,7,0,1736,15,0.75,9856,76
1.7198133522178978,12.110277777777785,20,217.98500000000013,,18,0,partnership_disguised_sale,8.956834475199381,13,0.1699,21,7,0,1736,10,0.5555555555555556,9984,77
1.8111195489764214,10.89277777777778,20,196.07000000000005,,18,0,partnership_disguised_sale,8.191622416178385,10,0.1691,24,7,0,1736,10,0.5555555555555556,10112,78
1.8182835653424263,13.177368421052638,20,250.37000000000012,,19,0,partnership_disguised_sale,9.576078414916992,14,0.1683,18,7,0,1736,13,0.6842105263157895,10240,79
1.8550673404242843,4.662647058823527,20,79.26499999999996,,17,0,partnership_disguised_sale,4.354585647583008,5,0.1674,30,7,0,1736,4,0.23529411764705882,10368,80
1.655360417731572,14.51736842105264,20,275.83000000000015,,19,0,partnership_disguised_sale,11.06848112742106,14,0.1666,21,7,0,1736,14,0.7368421052631579,10496,81
1.4816814842633903,13.677368421052634,20,259.87000000000006,,19,0,partnership_disguised_sale,10.332544962565104,15,0.1657,22,7,0,1736,13,0.6842105263157895,10624,82
1.3878521942533553,13.466052631578952,20,255.8550000000001,,19,0,partnership_disguised_sale,10.392139752705893,14,0.1649,14,7,0,1736,13,0.6842105263157895,10752,83
1.4800663453061134,14.534736842105282,20,276.16000000000037,,19,0,partnership_disguised_sale,11.087261517842611,15,0.1641,21,7,0,1736,14,0.7368421052631579,10880,84
1.368813537832466,15.04473684210528,20,285.8500000000003,,19,0,partnership_disguised_sale,10.961201667785645,15,0.1633,22,7,0,1736,14,0.7368421052631579,11008,85
1.4848833608266432,14.521578947368425,20,275.9100000000001,,19,0,partnership_disguised_sale,10.824372927347818,14,0.1625,24,7,0,1736,14,0.7368421052631579,11136,86
1.5478293032647343,9.743888888888895,20,175.3900000000001,,18,0,partnership_disguised_sale,7.961972713470459,11,0.1616,25,7,0,1736,9,0.5,11264,87
1.4852905388834188,16.28775000000001,20,325.7550000000002,,20,0,partnership_disguised_sale,12.653422673543295,17,0.1608,24,7,0,1736,16,0.8,11392,88
1.3287235323223285,16.08166666666669,20,337.7150000000005,,21,0,partnership_disguised_sale,12.965680440266928,17,0.16,20,7,0,1736,17,0.8095238095238095,11520,89
1.2868603642564267,13.803000000000011,20,276.06000000000023,,20,0,partnership_disguised_sale,10.868613560994467,17,0.1592,18,7,0,1736,14,0.7,11648,90
1.2613874665694311,16.652045454545465,20,366.34500000000025,,22,0,partnership_disguised_sale,12.92595100402832,19,0.1584,19,7,0,1736,18,0.8181818181818182,11776,91
1.2565997652418446,15.999250000000021,20,319.9850000000004,,20,0,partnership_disguised_sale,12.594091097513834,17,0.1576,17,7,0,1736,16,0.8,11904,92
1.1046470307046548,17.109090909090927,20,376.40000000000043,,22,0,partnership_disguised_sale,13.724322636922201,21,0.1569,10,7,0,1736,19,0.8636363636363636,12032,93
1.4703605608519865,13.67815789473685,20,259.88500000000016,,19,0,partnership_disguised_sale,9.841592152913412,14,0.1561,25,7,0,1736,13,0.6842105263157895,12160,94
1.2872150054754457,15.504000000000008,20,310.08000000000015,,20,0,partnership_disguised_sale,11.875632603963217,17,0.1553,18,7,0,1736,15,0.75,12288,95
1.356086646206677,15.294772727272738,20,336.48500000000024,,22,0,partnership_disguised_sale,12.00418217976888,18,0.1545,22,7,0,1736,17,0.7727272727272727,12416,96
1.188756701303646,16.57613636363638,20,364.67500000000035,,22,0,partnership_disguised_sale,12.500069618225098,19,0.1537,16,7,0,1736,18,0.8181818181818182,12544,97
1.2088411395670846,18.542608695652195,20,426.4800000000005,,23,0,partnership_disguised_sale,14.479706764221191,23,0.153,15,7,0,1736,21,0.9130434782608695,12672,98
1.238146381918341,17.01386363636366,20,374.3050000000005,,22,0,partnership_disguised_sale,13.558198928833008,20,0.1522,16,7,0,1736,19,0.8636363636363636,12800,99
2.516629104502499,-0.12531249999999994,0,-2.004999999999999,,16,0,partnership_disguised_sale,-0.1250974958141645,0,0.25,32,8,0,1737,0,0,128,0
2.500762838870287,-0.1609374999999999,0,-2.5749999999999984,,16,0,partnership_disguised_sale,-0.13126541177431741,0,0.2487,23,8,0,1737,0,0,256,1
2.6057178704068065,1.3546875000000005,12,21.675000000000008,,16,0,partnership_disguised_sale,0.9105697870254517,3,0.2475,34,8,0,1737,0,0,384,2
2.420667876023799,1.1249999999999993,18,17.99999999999999,,16,0,partnership_disguised_sale,0.9860275189081827,2,0.2463,26,8,0,1737,1,0.0625,512,3
2.4369990956038237,1.6265625,18,26.025,,16,0,partnership_disguised_sale,1.144146203994751,2,0.245,38,8,0,1737,1,0.0625,640,4
2.4912976399064064,1.0003125000000002,18,16.005000000000003,,16,0,partnership_disguised_sale,1.1791077454884846,1,0.2438,36,8,0,1737,1,0.0625,768,5
2.4805464604869485,0.49718749999999984,10,7.954999999999997,,16,0,partnership_disguised_sale,0.3355388144652049,2,0.2426,31,8,0,1737,0,0,896,6
2.4220323972404003,-0.1015625,8,-1.625,,16,0,partnership_disguised_sale,0.036842544873555504,1,0.2414,30,8,0,1737,0,0,1024,7
2.410833147354424,0.9896874999999996,18,15.834999999999994,,16,0,partnership_disguised_sale,1.0932082335154216,1,0.2402,23,8,0,1737,1,0.0625,1152,8
2.582034159451723,0.49031250000000004,10,7.845000000000001,,16,0,partnership_disguised_sale,0.36405710379282635,2,0.239,30,8,0,1737,0,0,1280,9
2.4869140721857548,1.0118749999999996,18,16.189999999999994,,16,0,partnership_disguised_sale,0.9375231464703878,1,0.2378,27,8,0,1737,1,0.0625,1408,10
2.5459611415863037,0.7437499999999996,12,11.899999999999993,,16,0,partnership_disguised_sale,0.48631959160168964,4,0.2366,41,8,0,1737,0,0,1536,11
2.4575930647552013,2.895312499999997,20,46.32499999999995,,16,0,partnership_disguised_sale,2.382875839869181,4,0.2354,33,8,0,1737,2,0.125,1664,12
2.470431282185018,0.8793749999999995,16,14.069999999999991,,16,0,partnership_disguised_sale,1.0698412656784058,2,0.2342,37,8,0,1737,0,0,1792,13
2.435796278528869,2.626875,20,42.03,,16,0,partnership_disguised_sale,3.142652988433838,5,0.2331,25,8,0,1737,2,0.125,1920,14
2.505891153588891,0.27000000000000013,6,4.320000000000002,,16,0,partnership_disguised_sale,0.07251605888207753,1,0.2319,35,8,0,1737,0,0,2048,15
2.3916041227057576,3.7400000000000007,18,59.84000000000001,,16,0,partnership_disguised_sale,3.0560328165690103,4,0.2307,24,8,0,1737,3,0.1875,2176,16
2.5405316911637783,1.0037500000000004,18,16.060000000000006,,16,0,partnership_disguised_sale,1.2089737256368,2,0.2296,27,8,0,1737,1,0.0625,2304,17
2.4344522785395384,2.2762500000000006,18,36.42000000000001,,16,0,partnership_disguised_sale,1.9239615201950073,4,0.2284,25,8,0,1737,2,0.125,2432,18
2.4516896279528737,2.5096875,18,40.155,,16,0,partnership_disguised_sale,2.03806471824646,3,0.2273,35,8,0,1737,1,0.0625,2560,19
2.4095398681238294,3.3696874999999986,18,53.91499999999998,,16,0,partnership_disguised_sale,3.248948017756144,4,0.2262,27,8,0,1737,3,0.1875,2688,20
2.5074399234727025,-0.11749999999999994,10,-1.879999999999999,,16,0,partnership_disguised_sale,0.23545063535372415,1,0.225,26,8,0,1737,0,0,2816,21
2.473092827014625,-0.1159374999999999,2,-1.8549999999999984,,16,0,partnership_disguised_sale,0.13980265458424887,1,0.2239,33,8,0,1737,0,0,2944,22
2.4394367234781384,4.404687499999999,20,70.47499999999998,,16,0,partnership_disguised_sale,3.9679067134857178,5,0.2228,25,8,0,1737,3,0.1875,3072,23
2.463359077461064,1.1234375,20,17.975,,16,0,partnership_disguised_sale,1.3267061312993367,1,0.2217,27,8,0,1737,1,0.0625,3200,24
2.4994757371023297,1.1218750000000002,20,17.950000000000003,,16,0,partnership_disguised_sale,1.4367955923080444,1,0.2206,37,8,0,1737,1,0.0625,3328,25
2.3596555730327964,1.7609375,18,28.175,,16,0,partnership_disguised_sale,1.6528284152348836,4,0.2195,25,8,0,1737,1,0.0625,3456,26
2.395699188578874,1.2453125000000003,18,19.925000000000004,,16,0,partnership_disguised_sale,1.1258551279703777,4,0.2184,25,8,0,1737,1,0.0625,3584,27
2.5107882749289274,1.7562500000000008,18,28.100000000000012,,16,0,partnership_disguised_sale,1.0154120127360027,5,0.2173,25,8,0,1737,1,0.0625,3712,28
2.442813953384757,2.6281249999999994,20,42.04999999999999,,16,0,partnership_disguised_sale,1.9746565024058025,6,0.2162,23,8,0,1737,1,0.0625,3840,29
2.4481167923659086,2.7471875,20,43.955,,16,0,partnership_disguised_sale,2.934154431025187,3,0.2151,26,8,0,1737,2,0.125,3968,30
2.4437253614887595,2.1196874999999995,20,33.91499999999999,,16,0,partnership_disguised_sale,2.2793689568837485,3,0.214,32,8,0,1737,1,0.0625,4096,31
2.3895282950252295,0.004062500000000063,8,0.065000000000001,,16,0,partnership_disguised_sale,0.3162032663822174,5,0.213,24,8,0,1737,0,0,4224,32
2.3777139615267515,4.244999999999998,20,67.91999999999997,,16,0,partnership_disguised_sale,3.999845027923584,4,0.2119,34,8,0,1737,3,0.1875,4352,33
2.3351445328444242,3.6496874999999998,20,58.394999999999996,,16,0,partnership_disguised_sale,2.973728895187378,6,0.2108,27,8,0,1737,2,0.125,4480,34
2.3664904627949,1.5281250000000002,20,24.450000000000003,,16,0,partnership_disguised_sale,1.390794316927592,3,0.2098,40,8,0,1737,1,0.0625,4608,35
2.4317179303616285,0.12500000000000014,12,2.000000000000002,,16,0,partnership_disguised_sale,0.4917321403821309,5,0.2087,29,8,0,1737,0,0,4736,36
2.373603536747396,3.9120588235294114,20,66.505,,17,0,partnership_disguised_sale,2.8269057273864746,4,0.2077,21,8,0,1737,3,0.17647058823529413,4864,37
2.3146649692207575,3.638437499999997,20,58.214999999999954,,16,0,partnership_disguised_sale,3.425783713658651,4,0.2066,25,8,0,1737,3,0.1875,4992,38
2.4872261406853795,3.7349999999999994,20,59.75999999999999,,16,0,partnership_disguised_sale,2.8976241747538247,6,0.2056,24,8,0,1737,2,0.125,5120,39
2.4577335687354207,4.3490625,20,69.585,,16,0,partnership_disguised_sale,4.534582455952962,6,0.2046,32,8,0,1737,3,0.1875,5248,40
2.328296742402017,6.1438235294117645,20,104.445,,17,0,partnership_disguised_sale,4.964862982432048,9,0.2036,25,8,0,1737,5,0.29411764705882354,5376,41
2.32011307310313,6.513749999999998,20,104.21999999999997,,16,0,partnership_disguised_sale,4.214771906534831,8,0.2025,17,8,0,1737,4,0.25,5504,42
2.318166750483215,4.235937500000002,20,67.77500000000003,,16,0,partnership_disguised_sale,3.267110745112101,6,0.2015,26,8,0,1737,3,0.1875,5632,43
2.2210699087008834,3.630937499999999,20,58.094999999999985,,16,0,partnership_disguised_sale,3.1999123096466064,4,0.2005,25,8,0,1737,3,0.1875,5760,44
2.318251854740083,6.898750000000001,20,110.38000000000001,,16,0,partnership_disguised_sale,5.1272939046223955,8,0.1995,29,8,0,1737,5,0.3125,5888,45
2.1776149114593863,8.00764705882353,20,136.13,,17,0,partnership_disguised_sale,6.506863117218018,8,0.1985,30,8,0,1737,7,0.4117647058823529,6016,46
2.208489903714508,4.337058823529412,20,73.73,,17,0,partnership_disguised_sale,3.7150392532348633,5,0.1975,24,8,0,1737,4,0.23529411764705882,6144,47
2.2929549794644117,3.4840624999999985,20,55.744999999999976,,16,0,partnership_disguised_sale,3.8598410288492837,7,0.1965,28,8,0,1737,3,0.1875,6272,48
2.2207060290966183,3.6334374999999994,20,58.13499999999999,,16,0,partnership_disguised_sale,3.6114593346913657,4,0.1956,26,8,0,1737,3,0.1875,6400,49
2.2411753553897142,2.844687499999999,20,45.514999999999986,,16,0,partnership_disguised_sale,2.130157391230265,5,0.1946,27,8,0,1737,1,0.0625,6528,50
2.2856741049326956,4.80529411764706,20,81.69000000000003,,17,0,partnership_disguised_sale,3.8898449738820395,7,0.1936,25,8,0,1737,4,0.23529411764705882,6656,51
2.271554372739047,7.878235294117654,20,133.93000000000012,,17,0,partnership_disguised_sale,6.406573295593262,8,0.1926,23,8,0,1737,7,0.4117647058823529,6784,52
2.2000629091635346,7.498529411764705,20,127.475,,17,0,partnership_disguised_sale,5.847807248433431,8,0.1917,20,8,0,1737,6,0.35294117647058826,6912,53
2.199608556460589,4.498124999999999,20,71.96999999999998,,16,0,partnership_disguised_sale,3.9019056955973306,9,0.1907,21,8,0,1737,3,0.1875,7040,54
2.195780704030767,2.9628124999999983,20,47.40499999999997,,16,0,partnership_disguised_sale,3.185751756032308,5,0.1898,25,8,0,1737,2,0.125,7168,55
2.2298105340451,0.4506250000000003,10,7.210000000000004,,16,0,partnership_disguised_sale,1.3130540053049724,2,0.1888,21,8,0,1737,0,0,7296,56
2.3855433575809,7.590625,20,121.45,,16,0,partnership_disguised_sale,5.931154251098633,8,0.1879,29,8,0,1737,5,0.3125,7424,57
2.2181318583898246,4.603124999999999,20,73.64999999999998,,16,0,partnership_disguised_sale,3.9780631065368652,5,0.1869,24,8,0,1737,4,0.25,7552,58
2.1927830390632153,9.035294117647059,20,153.6,,17,0,partnership_disguised_sale,7.500560601552327,8,0.186,20,8,0,1737,8,0.47058823529411764,7680,59
2.253702959511429,7.210937499999999,20,115.37499999999999,,16,0,partnership_disguised_sale,6.352467695871989,7,0.1851,25,8,0,1737,6,0.375,7808,60
2.2691223630681634,1.2206250000000005,20,19.53000000000001,,16,0,partnership_disguised_sale,1.8570541938145955,2,0.1841,24,8,0,1737,1,0.0625,7936,61
2.221712540369481,4.737812499999998,20,75.80499999999996,,16,0,partnership_disguised_sale,4.360104560852051,4,0.1832,23,8,0,1737,4,0.25,8064,62
2.206086662132293,5.9543750000000015,20,95.27000000000002,,16,0,partnership_disguised_sale,5.121018409729004,6,0.1823,20,8,0,1737,5,0.3125,8192,63
2.2767016934230924,8.332058823529412,20,141.645,,17,0,partnership_disguised_sale,6.096367518107097,10,0.1814,29,8,0,1737,7,0.4117647058823529,8320,64
2.20192157686688,8.435555555555558,20,151.84000000000003,,18,0,partnership_disguised_sale,6.967382113138835,10,0.1805,22,8,0,1737,8,0.4444444444444444,8448,65
2.1283066240139306,4.6109375,20,73.775,,16,0,partnership_disguised_sale,3.363417943318685,7,0.1796,23,8,0,1737,2,0.125,8576,66
2.1319448084104806,4.115,20,65.84,,16,0,partnership_disguised_sale,3.227536757787069,5,0.1787,26,8,0,1737,3,0.1875,8704,67
2.1225624810904264,5.988125,20,95.81,,16,0,partnership_disguised_sale,4.229052861531575,7,0.1778,19,8,0,1737,4,0.25,8832,68
2.2831420581787825,6.799411764705882,20,115.58999999999999,,17,0,partnership_disguised_sale,5.63062858581543,6,0.1769,14,8,0,1737,6,0.35294117647058826,8960,69
2.2340432475320995,7.401764705882358,20,125.83000000000008,,17,0,partnership_disguised_sale,5.586528778076172,8,0.176,24,8,0,1737,6,0.35294117647058826,9088,70
2.2063632356002927,6.225937500000001,20,99.61500000000001,,16,0,partnership_disguised_sale,5.422631581624349,9,0.1751,17,8,0,1737,5,0.3125,9216,71
2.2359528467059135,6.089411764705883,20,103.52000000000001,,17,0,partnership_disguised_sale,3.81761105855306,11,0.1743,24,8,0,1737,4,0.23529411764705882,9344,72
2.2164696799591184,9.51323529411765,20,161.72500000000005,,17,0,partnership_disguised_sale,6.239442030588786,12,0.1734,30,8,0,1737,6,0.35294117647058826,9472,73
2.162808178924024,10.21888888888889,20,183.94,,18,0,partnership_disguised_sale,7.685778776804606,12,0.1725,19,8,0,1737,9,0.5,9600,74
2.20224813465029,5.4653125,20,87.445,,16,0,partnership_disguised_sale,4.811144987742106,6,0.1717,25,8,0,1737,4,0.25,9728,75
2.2312714089639485,6.679117647058822,20,113.54499999999997,,17,0,partnership_disguised_sale,5.632081985473633,7,0.1708,26,8,0,1737,6,0.35294117647058826,9856,76
2.064110951963812,10.08294117647059,20,171.41000000000003,,17,0,partnership_disguised_sale,6.808286825815837,11,0.1699,18,8,0,1737,7,0.4117647058823529,9984,77
2.016982082161121,8.094117647058823,20,137.6,,17,0,partnership_disguised_sale,6.27332083384196,9,0.1691,23,8,0,1737,7,0.4117647058823529,10112,78
1.9635658886982128,11.425000000000004,20,205.65000000000006,,18,0,partnership_disguised_sale,8.546586354573568,11,0.1683,23,8,0,1737,10,0.5555555555555556,10240,79
1.8844434712082148,12.527500000000003,20,225.49500000000006,,18,0,partnership_disguised_sale,8.20285701751709,14,0.1674,20,8,0,1737,10,0.5555555555555556,10368,80
1.9270438080420718,11.424166666666668,20,205.63500000000002,,18,0,partnership_disguised_sale,7.982614040374756,12,0.1666,24,8,0,1737,10,0.5555555555555556,10496,81
1.833941510762088,11.744411764705884,20,199.65500000000003,,17,0,partnership_disguised_sale,8.236536026000977,11,0.1657,16,8,0,1737,10,0.5882352941176471,10624,82
1.7550211214693263,11.614117647058828,20,197.44000000000008,,17,0,partnership_disguised_sale,8.710390408833822,10,0.1649,21,8,0,1737,10,0.5882352941176471,10752,83
1.7564575684373267,11.471315789473687,20,217.95500000000007,,19,0,partnership_disguised_sale,8.251030604044596,16,0.1641,27,8,0,1737,10,0.5263157894736842,10880,84
1.7751234636525624,9.757222222222232,20,175.63000000000017,,18,0,partnership_disguised_sale,7.636138757069905,10,0.1633,22,8,0,1737,9,0.5,11008,85
1.7727238154038787,8.931764705882356,20,151.84000000000006,,17,0,partnership_disguised_sale,6.65850830078125,8,0.1625,25,8,0,1737,8,0.47058823529411764,11136,86
1.9344356381334364,10.55777777777778,20,190.04000000000005,,18,0,partnership_disguised_sale,8.005544980367025,10,0.1616,25,8,0,1737,10,0.5555555555555556,11264,87
1.79289868415799,9.065882352941184,20,154.12000000000012,,17,0,partnership_disguised_sale,6.04426383972168,12,0.1608,20,8,0,1737,7,0.4117647058823529,11392,88
1.857388562289998,14.993611111111123,20,269.8850000000002,,18,0,partnership_disguised_sale,11.138715426127115,15,0.16,19,8,0,1737,14,0.7777777777777778,11520,89
1.9330403236672282,9.440833333333336,20,169.93500000000003,,18,0,partnership_disguised_sale,7.314976692199707,9,0.1592,26,8,0,1737,9,0.5,11648,90
1.9235359497833997,8.08176470588235,20,137.38999999999996,,17,0,partnership_disguised_sale,7.047461986541748,10,0.1584,27,8,0,1737,7,0.4117647058823529,11776,91
1.69517902971711,10.965833333333336,20,197.38500000000005,,18,0,partnership_disguised_sale,8.190104166666666,12,0.1576,20,8,0,1737,10,0.5555555555555556,11904,92
1.7762077145744115,7.841176470588232,20,133.29999999999995,,17,0,partnership_disguised_sale,6.364930470784505,7,0.1569,16,8,0,1737,7,0.4117647058823529,12032,93
1.7042805732926354,13.080000000000009,20,235.44000000000017,,18,0,partnership_disguised_sale,9.672922134399414,15,0.1561,19,8,0,1737,12,0.6666666666666666,12160,94
1.760923458088655,12.291315789473686,20,233.53500000000003,,19,0,partnership_disguised_sale,9.118544896443685,13,0.1553,19,8,0,1737,12,0.631578947368421,12288,95
1.6920401524403132,13.960833333333344,20,251.2950000000002,,18,0,partnership_disguised_sale,10.245489438374838,15,0.1545,14,8,0,1737,12,0.6666666666666666,12416,96
1.9214632356306538,14.92157894736843,20,283.51000000000016,,19,0,partnership_disguised_sale,11.252557754516602,15,0.1537,22,8,0,1737,14,0.7368421052631579,12544,97
1.785566026577726,11.88736842105263,20,225.85999999999996,,19,0,partnership_disguised_sale,8.707314491271973,14,0.153,21,8,0,1737,11,0.5789473684210527,12672,98
1.7620687535381876,16.58300000000002,20,331.66000000000037,,20,0,partnership_disguised_sale,13.128623008728027,19,0.1522,23,8,0,1737,17,0.85,12800,99
2.5305144703015685,1.1134374999999992,20,17.814999999999987,,16,0,partnership_disguised_sale,1.3935173352559407,1,0.25,30,9,0,1738,1,0.0625,128,0
2.523510274477303,0.8746874999999994,10,13.99499999999999,,16,0,partnership_disguised_sale,0.3633378744125366,2,0.2487,39,9,0,1738,0,0,256,1
2.5696945125237107,0.4868749999999994,10,7.78999999999999,,16,0,partnership_disguised_sale,0.2907109459241231,1,0.2475,25,9,0,1738,0,0,384,2
2.6816753754392266,1.7231249999999996,18,27.569999999999993,,16,0,partnership_disguised_sale,1.3255033493041992,3,0.2463,27,9,0,1738,1,0.0625,512,3
2.5460847951471806,1.115,20,17.84,,16,0,partnership_disguised_sale,1.0632933775583904,1,0.245,21,9,0,1738,1,0.0625,640,4
2.437885707244277,0.2562500000000005,10,4.100000000000008,,16,0,partnership_disguised_sale,0.2251461297273636,2,0.2438,33,9,0,1738,0,0,768,5
2.6078649275004864,1.1075000000000002,10,17.720000000000002,,16,0,partnership_disguised_sale,0.6095701654752096,2,0.2426,38,9,0,1738,0,0,896,6
2.3468957915902138,0.021874999999999943,2,0.3499999999999991,,16,0,partnership_disguised_sale,-0.06936117261648178,1,0.2414,32,9,0,1738,0,0,1024,7
2.420308749191463,2.015,20,32.24,,16,0,partnership_disguised_sale,1.575475533803304,4,0.2402,32,9,0,1738,1,0.0625,1152,8
2.5439824778586626,5.8700000000000045,20,99.79000000000008,,17,0,partnership_disguised_sale,5.748538970947266,6,0.239,28,9,0,1738,5,0.29411764705882354,1280,9
2.4233456826768816,2.111249999999999,12,33.77999999999999,,16,0,partnership_disguised_sale,1.0971010128657024,5,0.2378,34,9,0,1738,0,0,1408,10
2.5310210464522243,1.1249999999999998,20,17.999999999999996,,16,0,partnership_disguised_sale,1.14875066280365,1,0.2366,31,9,0,1738,1,0.0625,1536,11
2.535285900346935,5.100624999999997,20,81.60999999999996,,16,0,partnership_disguised_sale,4.6013978322347,6,0.2354,26,9,0,1738,4,0.25,1664,12
2.3898886162787676,1.8931250000000004,20,30.290000000000006,,16,0,partnership_disguised_sale,1.344706416130066,5,0.2342,37,9,0,1738,1,0.0625,1792,13
2.4343865551054478,2.1374999999999993,18,34.19999999999999,,16,0,partnership_disguised_sale,2.1166470845540366,2,0.2331,32,9,0,1738,2,0.125,1920,14
2.4817856457084417,4.369062499999997,20,69.90499999999996,,16,0,partnership_disguised_sale,3.5675695737202964,5,0.2319,26,9,0,1738,3,0.1875,2048,15
2.4555191276594996,2.383437499999998,20,38.13499999999997,,16,0,partnership_disguised_sale,2.3567330837249756,4,0.2307,27,9,0,1738,2,0.125,2176,16
2.4669830966740847,1.1156249999999996,20,17.849999999999994,,16,0,partnership_disguised_sale,1.2873727083206177,1,0.2296,33,9,0,1738,1,0.0625,2304,17
2.4222589060664177,4.3709374999999975,20,69.93499999999996,,16,0,partnership_disguised_sale,3.426433245340983,6,0.2284,34,9,0,1738,3,0.1875,2432,18
2.3324712058529258,1.6359374999999996,18,26.174999999999994,,16,0,partnership_disguised_sale,1.478535493214925,3,0.2273,35,9,0,1738,1,0.0625,2560,19
2.3208657717332244,1.2506249999999999,20,20.009999999999998,,16,0,partnership_disguised_sale,1.4747116565704346,3,0.2262,30,9,0,1738,1,0.0625,2688,20
2.489653581753373,2.1334374999999994,18,34.13499999999999,,16,0,partnership_disguised_sale,1.331969976425171,6,0.225,35,9,0,1738,1,0.0625,2816,21
2.3518873187713325,6.223125000000004,20,99.57000000000006,,16,0,partnership_disguised_sale,5.925545533498128,7,0.2239,33,9,0,1738,5,0.3125,2944,22
2.357284016441554,1.2253124999999987,20,19.60499999999998,,16,0,partnership_disguised_sale,1.4155760208765666,3,0.2228,26,9,0,1738,1,0.0625,3072,23
2.317969902418554,2.6115625,20,41.785,,16,0,partnership_disguised_sale,1.675085425376892,5,0.2217,21,9,0,1738,2,0.125,3200,24
2.3195435693487525,1.353125,20,21.65,,16,0,partnership_disguised_sale,1.5585685968399048,5,0.2206,31,9,0,1738,1,0.0625,3328,25
2.265756187494844,2.381249999999998,20,38.099999999999966,,16,0,partnership_disguised_sale,2.1578895250956216,2,0.2195,21,9,0,1738,2,0.125,3456,26
2.3492466979660094,7.241875000000001,20,115.87000000000002,,16,0,partnership_disguised_sale,6.38124148050944,12,0.2184,25,9,0,1738,5,0.3125,3584,27
2.2998337536118925,2.9903124999999986,20,47.84499999999998,,16,0,partnership_disguised_sale,2.4482080141703286,5,0.2173,36,9,0,1738,2,0.125,3712,28
2.2423157007433474,5.1499999999999995,20,82.39999999999999,,16,0,partnership_disguised_sale,4.323695341746013,5,0.2162,21,9,0,1738,3,0.1875,3840,29
2.26919904188253,5.2941176470588225,20,89.99999999999999,,17,0,partnership_disguised_sale,4.303646405537923,8,0.2151,27,9,0,1738,4,0.23529411764705882,3968,30
2.2392077546101063,6.7014705882352965,20,113.92500000000004,,17,0,partnership_disguised_sale,5.071745872497559,8,0.214,28,9,0,1738,5,0.29411764705882354,4096,31
2.231408638646826,5.640294117647057,20,95.88499999999998,,17,0,partnership_disguised_sale,5.240769386291504,7,0.213,26,9,0,1738,5,0.29411764705882354,4224,32
2.1522099594585598,3.6018749999999984,20,57.629999999999974,,16,0,partnership_disguised_sale,3.5226710637410483,4,0.2119,24,9,0,1738,3,0.1875,4352,33
2.0707221158081666,6.927941176470588,20,117.77499999999999,,17,0,partnership_disguised_sale,5.357486406962077,8,0.2108,27,9,0,1738,5,0.29411764705882354,4480,34
2.295313209760934,-0.12343749999999985,2,-1.9749999999999976,,16,0,partnership_disguised_sale,1.1009773810704548,1,0.2098,32,9,0,1738,0,0,4608,35
2.1967948377132416,4.706764705882353,20,80.015,,17,0,partnership_disguised_sale,4.064900875091553,7,0.2087,26,9,0,1738,4,0.23529411764705882,4736,36
2.180514155421406,5.607812500000001,20,89.72500000000002,,16,0,partnership_disguised_sale,3.4656079610188804,7,0.2077,20,9,0,1738,3,0.1875,4864,37
2.043950220802799,6.801764705882352,20,115.62999999999998,,17,0,partnership_disguised_sale,5.8350725173950195,6,0.2066,26,9,0,1738,6,0.35294117647058826,4992,38
2.048748895060271,6.144687499999996,20,98.31499999999994,,16,0,partnership_disguised_sale,5.119855880737305,8,0.2056,22,9,0,1738,5,0.3125,5120,39
2.0842291759327054,5.751764705882351,20,97.77999999999997,,17,0,partnership_disguised_sale,4.6300811767578125,12,0.2046,36,9,0,1738,5,0.29411764705882354,5248,40
1.983317373553291,5.84735294117647,20,99.40499999999999,,17,0,partnership_disguised_sale,5.336900234222412,9,0.2036,29,9,0,1738,5,0.29411764705882354,5376,41
1.9718022366287187,10.89694444444445,20,196.1450000000001,,18,0,partnership_disguised_sale,8.876755078633627,12,0.2025,23,9,0,1738,10,0.5555555555555556,5504,42
2.031027732649818,7.720000000000002,20,131.24000000000004,,17,0,partnership_disguised_sale,6.606383800506592,9,0.2015,34,9,0,1738,7,0.4117647058823529,5632,43
1.664601035299711,7.310624999999999,20,116.96999999999998,,16,0,partnership_disguised_sale,6.353736241658528,6,0.2005,20,9,0,1738,6,0.375,5760,44
1.7518768338486552,8.870294117647065,20,150.7950000000001,,17,0,partnership_disguised_sale,7.469425996144612,9,0.1995,20,9,0,1738,8,0.47058823529411764,5888,45
1.7700817071599886,8.651470588235293,20,147.075,,17,0,partnership_disguised_sale,7.298501809438069,9,0.1985,23,9,0,1738,7,0.4117647058823529,6016,46
1.7490895550581627,7.184062499999997,20,114.94499999999995,,16,0,partnership_disguised_sale,5.797762393951416,7,0.1975,28,9,0,1738,6,0.375,6144,47
1.594802116509527,7.179374999999999,20,114.86999999999999,,16,0,partnership_disguised_sale,6.019324779510498,6,0.1965,24,9,0,1738,6,0.375,6272,48
1.5593543712748215,8.06558823529412,20,137.11500000000004,,17,0,partnership_disguised_sale,6.803572495778401,7,0.1956,21,9,0,1738,7,0.4117647058823529,6400,49
1.6934858950553462,9.234705882352943,20,156.99000000000004,,17,0,partnership_disguised_sale,7.525500138600667,8,0.1946,27,9,0,1738,8,0.47058823529411764,6528,50
1.6768907586229034,9.812812500000005,20,157.00500000000008,,16,0,partnership_disguised_sale,7.841714859008789,9,0.1936,28,9,0,1738,8,0.5,6656,51
1.5653876251308247,8.509705882352938,20,144.66499999999994,,17,0,partnership_disguised_sale,6.7514926592508955,8,0.1926,19,9,0,1738,7,0.4117647058823529,6784,52
1.7618868902791291,6.310588235294115,20,107.27999999999996,,17,0,partnership_disguised_sale,5.459673086802165,7,0.1917,31,9,0,1738,5,0.29411764705882354,6912,53
1.7136139937210828,7.4490625,20,119.185,,16,0,partnership_disguised_sale,6.168353080749512,7,0.1907,31,9,0,1738,6,0.375,7040,54
1.7971980792935938,6.769999999999998,20,115.08999999999996,,17,0,partnership_disguised_sale,6.057456970214844,6,0.1898,26,9,0,1738,6,0.35294117647058826,7168,55
1.6936596523737535,11.479411764705887,20,195.1500000000001,,17,0,partnership_disguised_sale,8.607858657836914,10,0.1888,22,9,0,1738,10,0.5882352941176471,7296,56
1.6555823746602982,10.183823529411777,20,173.1250000000002,,17,0,partnership_disguised_sale,7.924116611480713,9,0.1879,18,9,0,1738,9,0.5294117647058824,7424,57
1.7671768253203481,4.207500000000001,20,67.32000000000002,,16,0,partnership_disguised_sale,3.7821061611175537,4,0.1869,26,9,0,1738,3,0.1875,7552,58
1.6387496865354478,11.477058823529415,20,195.11000000000004,,17,0,partnership_disguised_sale,8.729898770650228,11,0.186,26,9,0,1738,10,0.5882352941176471,7680,59
1.8110420010634698,8.453124999999998,20,135.24999999999997,,16,0,partnership_disguised_sale,7.150095621744792,9,0.1851,25,9,0,1738,6,0.375,7808,60
1.7794710587477311,4.583235294117647,20,77.91499999999999,,17,0,partnership_disguised_sale,4.4321794509887695,7,0.1841,20,9,0,1738,4,0.23529411764705882,7936,61
1.8576193490298465,9.668611111111119,20,174.03500000000014,,18,0,partnership_disguised_sale,7.447940349578857,9,0.1832,31,9,0,1738,9,0.5,8064,62
1.8550327146658674,8.46970588235294,20,143.98499999999999,,17,0,partnership_disguised_sale,6.077542146046956,8,0.1823,22,9,0,1738,7,0.4117647058823529,8192,63
1.9194364929571748,4.8628125,20,77.805,,16,0,partnership_disguised_sale,4.266330242156982,6,0.1814,28,9,0,1738,4,0.25,8320,64
1.8923134657670744,6.836176470588235,20,116.215,,17,0,partnership_disguised_sale,5.656239668528239,9,0.1805,27,9,0,1738,6,0.35294117647058826,8448,65
1.7903482911351603,10.309210526315793,20,195.87500000000006,,19,0,partnership_disguised_sale,8.072346369425455,10,0.1796,24,9,0,1738,10,0.5263157894736842,8576,66
1.8174691507592797,11.168157894736849,20,212.19500000000014,,19,0,partnership_disguised_sale,8.637133598327637,12,0.1787,23,9,0,1738,11,0.5789473684210527,8704,67
1.6146908627270022,15.873611111111119,20,285.72500000000014,,18,0,partnership_disguised_sale,11.93737538655599,16,0.1778,24,9,0,1738,14,0.7777777777777778,8832,68
1.5207574736268725,11.436111111111124,20,205.85000000000022,,18,0,partnership_disguised_sale,8.307910919189453,14,0.1769,20,9,0,1738,10,0.5555555555555556,8960,69
1.5262924846756505,11.651111111111115,20,209.72000000000008,,18,0,partnership_disguised_sale,8.734136263529459,13,0.176,19,9,0,1738,11,0.6111111111111112,9088,70
1.5312578298617154,15.205750000000005,20,304.1150000000001,,20,0,partnership_disguised_sale,11.416787147521973,16,0.1751,29,9,0,1738,15,0.75,9216,71
1.575661358278012,9.163529411764705,20,155.77999999999997,,17,0,partnership_disguised_sale,8.128039677937826,12,0.1743,21,9,0,1738,8,0.47058823529411764,9344,72
1.7254020679101814,11.630277777777783,20,209.34500000000008,,18,0,partnership_disguised_sale,8.515582402547201,11,0.1734,28,9,0,1738,10,0.5555555555555556,9472,73
1.6491085987072438,10.34764705882354,20,175.9100000000002,,17,0,partnership_disguised_sale,7.933596928914388,11,0.1725,26,9,0,1738,9,0.5294117647058824,9600,74
1.672058378593647,11.360588235294122,20,193.13000000000008,,17,0,partnership_disguised_sale,8.814286231994629,11,0.1717,22,9,0,1738,10,0.5882352941176471,9728,75
1.4578165437851567,12.497894736842115,20,237.46000000000018,,19,0,partnership_disguised_sale,9.823075930277506,12,0.1708,18,9,0,1738,12,0.631578947368421,9856,76
1.6137023332266835,10.08833333333334,20,181.59000000000012,,18,0,partnership_disguised_sale,7.755032062530518,12,0.1699,24,9,0,1738,8,0.4444444444444444,9984,77
1.8064567751716822,7.676944444444443,20,138.18499999999997,,18,0,partnership_disguised_sale,6.448529561360677,8,0.1691,34,9,0,1738,7,0.3888888888888889,10112,78
1.5998798784567043,13.685789473684224,20,260.03000000000026,,19,0,partnership_disguised_sale,9.655320803324381,14,0.1683,23,9,0,1738,13,0.6842105263157895,10240,79
1.5819137888902333,15.15131578947369,20,287.8750000000001,,19,0,partnership_disguised_sale,11.580824851989746,16,0.1674,24,9,0,1738,14,0.7368421052631579,10368,80
1.6311778575473,13.710250000000007,20,274.20500000000015,,20,0,partnership_disguised_sale,10.993179321289062,16,0.1666,17,9,0,1738,14,0.7,10496,81
1.6363714612671174,14.834210526315793,20,281.8500000000001,,19,0,partnership_disguised_sale,10.985696156819662,18,0.1657,27,9,0,1738,14,0.7368421052631579,10624,82
1.5499495813273825,11.535833333333349,20,207.64500000000027,,18,0,partnership_disguised_sale,8.86853313446045,12,0.1649,22,9,0,1738,10,0.5555555555555556,10752,83
1.5329679776914418,13.086111111111121,20,235.55000000000018,,18,0,partnership_disguised_sale,10.167133649190268,12,0.1641,24,9,0,1738,12,0.6666666666666666,10880,84
1.4945069800887723,13.678157894736856,20,259.8850000000003,,19,0,partnership_disguised_sale,10.553228378295898,17,0.1633,23,9,0,1738,13,0.6842105263157895,11008,85
1.4570663022459485,15.45526315789475,20,293.65000000000026,,19,0,partnership_disguised_sale,11.824251174926758,16,0.1625,18,9,0,1738,15,0.7894736842105263,11136,86
1.3141727147158235,14.087500000000011,20,253.5750000000002,,18,0,partnership_disguised_sale,10.50734774271647,15,0.1616,17,9,0,1738,13,0.7222222222222222,11264,87
1.4436276811466087,14.511578947368431,20,275.7200000000002,,19,0,partnership_disguised_sale,11.362649917602539,15,0.1608,20,9,0,1738,14,0.7368421052631579,11392,88
1.440387643466238,15.470789473684215,20,293.9450000000001,,19,0,partnership_disguised_sale,11.369866689046225,16,0.16,26,9,0,1738,15,0.7894736842105263,11520,89
1.3600507595256204,11.296764705882358,20,192.0450000000001,,17,0,partnership_disguised_sale,8.074683825174967,17,0.1592,22,9,0,1738,10,0.5882352941176471,11648,90
1.6515032516326755,15.002500000000007,20,300.0500000000001,,20,0,partnership_disguised_sale,11.446414947509766,18,0.1584,26,9,0,1738,15,0.75,11776,91
1.5197613338241354,12.709411764705887,20,216.0600000000001,,17,0,partnership_disguised_sale,9.414118131001791,14,0.1576,20,9,0,1738,11,0.6470588235294118,11904,92
1.3942242615157738,16.399047619047636,20,344.38000000000034,,21,0,partnership_disguised_sale,12.314299583435059,20,0.1569,16,9,0,1738,17,0.8095238095238095,12032,93
1.443624543840997,15.89857142857144,20,333.87000000000023,,21,0,partnership_disguised_sale,11.892700831095377,19,0.1561,16,9,0,1738,16,0.7619047619047619,12160,94
1.445656264142599,16.192727272727296,20,356.2400000000005,,22,0,partnership_disguised_sale,12.997188568115234,18,0.1553,24,9,0,1738,18,0.8181818181818182,12288,95
1.298500282515306,18.598500000000023,20,371.9700000000005,,20,0,partnership_disguised_sale,14.381673494974772,20,0.1545,20,9,0,1738,19,0.95,12416,96
1.333227911614813,15.445000000000013,20,324.34500000000025,,21,0,partnership_disguised_sale,11.05350112915039,21,0.1537,20,9,0,1738,16,0.7619047619047619,12544,97
1.4290608572773635,14.51947368421053,20,275.87000000000006,,19,0,partnership_disguised_sale,11.533306121826172,15,0.153,26,9,0,1738,14,0.7368421052631579,12672,98
1.3213347801938653,16.963333333333356,20,356.2300000000005,,21,0,partnership_disguised_sale,13.507731437683105,19,0.1522,25,9,0,1738,18,0.8571428571428571,12800,99
2.9167969562113285,-0.29222222222222216,0,-2.6299999999999994,,9,0,straddle_abuse,-0.14378062387307486,0,0.25,22,0,0,1729,0,0,128,0
2.8309635501354933,-0.1833333333333334,14.03,-1.6500000000000006,,9,0,straddle_abuse,0.0064847419659296674,2,0.2487,30,0,0,1729,0,0,256,1
2.827175513841212,-0.2000000000000001,3.77,-1.800000000000001,,9,0,straddle_abuse,-0.12114375581343968,1,0.2475,32,0,0,1729,0,0,384,2
2.894907013513148,-0.21777777777777793,0,-1.9600000000000013,,9,0,straddle_abuse,-0.15451780954996744,0,0.2463,28,0,0,1729,0,0,512,3
2.8111457470804453,3.777777777777777,35.68,33.99999999999999,,9,0,straddle_abuse,3.8276838461558023,2,0.245,31,0,0,1729,1,0.1111111111111111,640,4
2.882237669080496,-0.12666666666666682,5.69,-1.1400000000000015,,9,0,straddle_abuse,-0.10487982879082362,2,0.2438,36,0,0,1729,0,0,768,5
2.791496092453599,0.36999999999999983,20.56,3.3299999999999983,,9,0,straddle_abuse,1.0179353555043538,2,0.2426,33,0,0,1729,0,0,896,6
2.744078479707241,-0.16555555555555565,0,-1.4900000000000009,,9,0,straddle_abuse,-0.146974578499794,0,0.2414,42,0,0,1729,0,0,1024,7
2.813745278865099,1.8055555555555545,17.84,16.24999999999999,,9,0,straddle_abuse,1.4704563617706299,3,0.2402,36,0,0,1729,0,0,1152,8
2.788062645122409,2.735555555555557,13.76,24.62000000000001,,9,0,straddle_abuse,0.9946914712587992,7,0.239,33,0,0,1729,0,0,1280,9
2.7465381901711226,-0.20000000000000012,0.23,-1.8000000000000012,,9,0,straddle_abuse,-0.14097578326861063,1,0.2378,34,0,0,1729,0,0,1408,10
2.6197961857542396,0.6111111111111129,6.61,5.500000000000016,,9,0,straddle_abuse,0.03679406146208445,3,0.2366,26,0,0,1729,0,0,1536,11
2.667836492881179,-0.12333333333333339,0,-1.1100000000000005,,9,0,straddle_abuse,-0.11056772122780482,0,0.2354,27,0,0,1729,0,0,1664,12
2.6968075409531593,-0.14333333333333298,11.89,-1.289999999999997,,9,0,straddle_abuse,0.3297288815180461,2,0.2342,32,0,0,1729,0,0,1792,13
2.812624312005937,-0.21777777777777796,0,-1.9600000000000015,,9,0,straddle_abuse,-0.12788345913092294,0,0.2331,32,0,0,1729,0,0,1920,14
2.762868923135102,-0.14444444444444451,0,-1.3000000000000007,,9,0,straddle_abuse,-0.12220362822214763,0,0.2319,39,0,0,1729,0,0,2048,15
2.598173927515745,-0.13777777777777786,0,-1.2400000000000007,,9,0,straddle_abuse,-0.10131404052178065,0,0.2307,38,0,0,1729,0,0,2176,16
2.7408878803253174,0.11444444444444438,1.68,1.0299999999999994,,9,0,straddle_abuse,-0.10817322631676991,2,0.2296,31,0,0,1729,0,0,2304,17
2.5878208139911294,3.807777777777775,35.68,34.269999999999975,,9,0,straddle_abuse,3.181257168451945,1,0.2284,26,0,0,1729,1,0.1111111111111111,2432,18
2.7044044379144907,-0.1211111111111112,0,-1.0900000000000007,,9,0,straddle_abuse,-0.1018783301115036,0,0.2273,30,0,0,1729,0,0,2560,19
2.7416208665817976,3.66222222222222,19.03,32.95999999999998,,9,0,straddle_abuse,2.662985404332479,9,0.2262,29,0,0,1729,0,0,2688,20
2.8567343847826123,0.8422222222222228,9.25,7.5800000000000045,,9,0,straddle_abuse,0.13338502744833627,2,0.225,27,0,0,1729,0,0,2816,21
2.506203348748386,-0.11888888888888895,0,-1.0700000000000005,,9,0,straddle_abuse,-0.08640384425719579,0,0.2239,24,0,0,1729,0,0,2944,22
2.8192908568307757,-0.014444444444444192,11.89,-0.12999999999999773,,9,0,straddle_abuse,0.3252900242805481,2,0.2228,34,0,0,1729,0,0,3072,23
2.8062596805393696,0.031111111111110964,2.13,0.2799999999999987,,9,0,straddle_abuse,-0.10178716977437337,1,0.2217,32,0,0,1729,0,0,3200,24
2.7876024078577757,-0.17222222222222233,0.66,-1.550000000000001,,9,0,straddle_abuse,-0.13390792906284332,1,0.2206,29,0,0,1729,0,0,3328,25
2.7940055010840297,-0.18777777777777793,0,-1.6900000000000013,,9,0,straddle_abuse,-0.1306078334649404,0,0.2195,28,0,0,1729,0,0,3456,26
2.7146850395947695,0.09111111111111109,7.93,0.8199999999999998,,9,0,straddle_abuse,0.022880519429842632,2,0.2184,20,0,0,1729,0,0,3584,27
2.7780348416417837,0.6177777777777785,4,5.560000000000007,,9,0,straddle_abuse,0.015131006638209024,4,0.2173,27,0,0,1729,0,0,3712,28
2.7617058996111155,-0.16333333333333344,0,-1.470000000000001,,9,0,straddle_abuse,-0.1391921192407608,0,0.2162,22,0,0,1729,0,0,3840,29
2.7789772506803274,0.11111111111111113,8.05,1.0000000000000002,,9,0,straddle_abuse,-0.07438745597998302,3,0.2151,30,0,0,1729,0,0,3968,30
2.8117561731487513,-0.171111111111111,9.25,-1.539999999999999,,9,0,straddle_abuse,0.08871047695477803,2,0.214,35,0,0,1729,0,0,4096,31
2.8191845947876573,0.4600000000000011,11.98,4.1400000000000095,,9,0,straddle_abuse,0.10317575931549072,2,0.213,27,0,0,1729,0,0,4224,32
2.7302385922521353,0.325555555555556,27.75,2.9300000000000037,,9,0,straddle_abuse,0.6285038391749064,4,0.2119,26,0,0,1729,0,0,4352,33
2.5994108729064465,4.820000000000001,30.68,43.38000000000001,,9,0,straddle_abuse,4.224416573842366,9,0.2108,27,0,0,1729,1,0.1111111111111111,4480,34
2.688896686770022,3.0133333333333305,28.18,27.119999999999976,,9,0,straddle_abuse,3.4815797011057534,5,0.2098,27,0,0,1729,0,0,4608,35
2.7365433406084776,3.581111111111111,28.86,32.23,,9,0,straddle_abuse,3.5507702032725015,4,0.2087,33,0,0,1729,0,0,4736,36
2.697525809518993,4.237777777777779,32.37,38.140000000000015,,9,0,straddle_abuse,2.742728074391683,5,0.2077,23,0,0,1729,1,0.1111111111111111,4864,37
2.6183955688029528,1.1922222222222236,11.97,10.730000000000013,,9,0,straddle_abuse,0.5230253338813782,4,0.2066,29,0,0,1729,0,0,4992,38
2.6719150682911277,0.552222222222224,5.78,4.970000000000016,,9,0,straddle_abuse,0.08869209388891856,4,0.2056,16,0,0,1729,0,0,5120,39
2.596551416441798,0.783333333333334,12.19,7.050000000000006,,9,0,straddle_abuse,0.38776950041453045,3,0.2046,23,0,0,1729,0,0,5248,40
2.596302148886025,-0.158888888888889,0,-1.430000000000001,,9,0,straddle_abuse,-0.06824752688407898,0,0.2036,26,0,0,1729,0,0,5376,41
2.6811768133193254,-0.09666666666666673,0.12,-0.8700000000000006,,9,0,straddle_abuse,-0.10286086549361546,1,0.2025,31,0,0,1729,0,0,5504,42
2.480600926093757,-0.0744444444444446,16.88,-0.6700000000000015,,9,0,straddle_abuse,0.3669801950454712,5,0.2015,26,0,0,1729,0,0,5632,43
2.691563133150339,0.5900000000000001,6.61,5.3100000000000005,,9,0,straddle_abuse,0.14546601474285126,2,0.2005,23,0,0,1729,0,0,5760,44
2.6505505423992872,3.5888888888888926,33.53,32.30000000000003,,9,0,straddle_abuse,4.99093230565389,1,0.1995,25,0,0,1729,1,0.1111111111111111,5888,45
2.674471420235932,1.8466666666666656,18.12,16.61999999999999,,9,0,straddle_abuse,1.2754688660303752,2,0.1985,25,0,0,1729,0,0,6016,46
2.790479456074536,-0.13555555555555562,0,-1.2200000000000006,,9,0,straddle_abuse,-0.11823385457197826,0,0.1975,31,0,0,1729,0,0,6144,47
2.6600454822182655,-0.12777777777777788,0,-1.1500000000000008,,9,0,straddle_abuse,-0.11251993477344513,0,0.1965,27,0,0,1729,0,0,6272,48
2.7454144060611725,-0.13777777777777786,0,-1.2400000000000007,,9,0,straddle_abuse,-0.11610164493322372,0,0.1956,28,0,0,1729,0,0,6400,49
2.72747184894979,-0.15111111111111117,2.97,-1.3600000000000005,,9,0,straddle_abuse,-0.12770015001296997,2,0.1946,27,0,0,1729,0,0,6528,50
2.69635624717921,0.9100000000000009,17.84,8.190000000000008,,9,0,straddle_abuse,0.4858015775680542,4,0.1936,27,0,0,1729,0,0,6656,51
2.587164234369993,-0.13333333333333341,0,-1.2000000000000006,,9,0,straddle_abuse,-0.12959065039952597,0,0.1926,25,0,0,1729,0,0,6784,52
2.675852471962571,-0.1411111111111112,0,-1.2700000000000007,,9,0,straddle_abuse,-0.11421843866507213,0,0.1917,26,0,0,1729,0,0,6912,53
3.0253861602395773,2.382222222222221,23.12,21.43999999999999,,9,0,straddle_abuse,2.2409592469533286,2,0.1907,26,0,0,1729,0,0,7040,54
2.839833799749613,-0.1766666666666668,0,-1.5900000000000012,,9,0,straddle_abuse,-0.11695375541845958,0,0.1898,38,0,0,1729,0,0,7168,55
2.7493758779019117,1.4511111111111126,12.1,13.060000000000013,,9,0,straddle_abuse,0.50423663854599,5,0.1888,21,0,0,1729,0,0,7296,56
2.7238924968987703,0.9277777777777787,9.96,8.350000000000009,,9,0,straddle_abuse,0.10463556150595348,1,0.1879,24,0,0,1729,0,0,7424,57
2.794279843568802,4.982222222222225,37,44.840000000000025,,9,0,straddle_abuse,4.789876778920491,3,0.1869,22,0,0,1729,1,0.1111111111111111,7552,58
2.8715659491717815,4.441111111111109,27.75,39.969999999999985,,9,0,straddle_abuse,2.9743427435557046,6,0.186,28,0,0,1729,0,0,7680,59
2.9205168057233095,3.906666666666661,37,35.15999999999995,,9,0,straddle_abuse,3.917123556137085,2,0.1851,23,0,0,1729,1,0.1111111111111111,7808,60
2.6776544842869043,0.40666666666666723,4.57,3.660000000000005,,9,0,straddle_abuse,0.006077175339063008,7,0.1841,18,0,0,1729,0,0,7936,61
2.6538159493356943,0.3066666666666671,3.97,2.760000000000004,,9,0,straddle_abuse,0.0011783937613169353,1,0.1832,19,0,0,1729,0,0,8064,62
2.968758264556527,1.08777777777778,11.52,9.79000000000002,,9,0,straddle_abuse,0.2752724488576253,4,0.1823,22,0,0,1729,0,0,8192,63
2.6942719239741564,1.2888888888888927,13.22,11.600000000000035,,9,0,straddle_abuse,0.5424299438794454,4,0.1814,25,0,0,1729,0,0,8320,64
2.7172191590070724,0.5188888888888888,6.36,4.67,,9,0,straddle_abuse,0.04521354536215464,1,0.1805,31,0,0,1729,0,0,8448,65
2.7534225676208735,1.313333333333335,7.93,11.820000000000014,,9,0,straddle_abuse,0.15389084815979004,2,0.1796,15,0,0,1729,0,0,8576,66
2.8421978959813714,0.7577777777777788,8.64,6.820000000000009,,9,0,straddle_abuse,0.1243266115585963,1,0.1787,18,0,0,1729,0,0,8704,67
2.8469156734645367,-0.2633333333333329,10.27,-2.369999999999996,,9,0,straddle_abuse,0.13417287170886993,1,0.1778,23,0,0,1729,0,0,8832,68
2.7712215250357985,-0.19555555555555568,0,-1.7600000000000011,,9,0,straddle_abuse,-0.1206155742208163,0,0.1769,20,0,0,1729,0,0,8960,69
2.8703252831473947,-0.2055555555555557,0,-1.8500000000000014,,9,0,straddle_abuse,-0.1333137253920237,0,0.176,26,0,0,1729,0,0,9088,70
2.824006600305438,0.20888888888888946,3.31,1.8800000000000052,,9,0,straddle_abuse,-0.09947055081526439,2,0.1751,12,0,0,1729,0,0,9216,71
2.6849003471434116,1.2755555555555587,12.91,11.480000000000027,,9,0,straddle_abuse,0.6598786115646362,2,0.1743,25,0,0,1729,0,0,9344,72
2.8288946766406298,0.7833333333333337,8.72,7.0500000000000025,,9,0,straddle_abuse,0.10218680401643117,3,0.1734,23,0,0,1729,0,0,9472,73
2.7891566026955843,-0.16111111111111123,0,-1.450000000000001,,9,0,straddle_abuse,-0.13003850479920706,0,0.1725,24,0,0,1729,0,0,9600,74
2.8735585398972034,-0.14444444444444451,1.69,-1.3000000000000007,,9,0,straddle_abuse,-0.12628516554832458,2,0.1717,32,0,0,1729,0,0,9728,75
2.7693269290030003,0.4011111111111117,17.13,3.610000000000005,,9,0,straddle_abuse,0.3702319065729777,3,0.1708,15,0,0,1729,0,0,9856,76
2.749686627648771,5.1588888888888915,37,46.43000000000002,,9,0,straddle_abuse,6.107269287109375,4,0.1699,25,0,0,1729,1,0.1111111111111111,9984,77
2.8951443070545793,0.08333333333333348,14.94,0.7500000000000013,,9,0,straddle_abuse,0.21223163108030954,2,0.1691,21,0,0,1729,0,0,10112,78
2.8105686688795686,-0.18777777777777793,0,-1.6900000000000013,,9,0,straddle_abuse,-0.13088959952195486,0,0.1683,22,0,0,1729,0,0,10240,79
2.833012913353741,-0.06666666666666676,0.83,-0.6000000000000009,,9,0,straddle_abuse,-0.11637584368387859,1,0.1674,21,0,0,1729,0,0,10368,80
2.8206987641751766,-0.05666666666666637,15.24,-0.5099999999999973,,9,0,straddle_abuse,0.9740977684656779,5,0.1666,24,0,0,1729,0,0,10496,81
2.6642256742343307,-0.14000000000000007,0,-1.2600000000000007,,9,0,straddle_abuse,-0.12712804973125458,0,0.1657,18,0,0,1729,0,0,10624,82
2.669684282504022,-0.12444444444444443,6.03,-1.1199999999999999,,9,0,straddle_abuse,-0.08125912398099899,1,0.1649,18,0,0,1729,0,0,10752,83
2.8406730694696307,0.6188888888888898,7.51,5.570000000000008,,9,0,straddle_abuse,0.18391293287277222,3,0.1641,16,0,0,1729,0,0,10880,84
2.739117513410747,-0.168888888888889,1.02,-1.5200000000000011,,9,0,straddle_abuse,-0.13269482553005219,1,0.1633,14,0,0,1729,0,0,11008,85
2.763088373467326,2.4622222222222194,23.68,22.159999999999975,,9,0,straddle_abuse,2.314843734105428,6,0.1625,17,0,0,1729,0,0,11136,86
2.863914459012449,-0.0999999999999997,13.87,-0.8999999999999972,,9,0,straddle_abuse,0.24849450091520944,1,0.1616,13,0,0,1729,0,0,11264,87
2.7359102722257376,0.7044444444444458,8.01,6.340000000000011,,9,0,straddle_abuse,0.08587747812271118,4,0.1608,24,0,0,1729,0,0,11392,88
2.789502715691924,0.338888888888889,4.5,3.050000000000001,,9,0,straddle_abuse,-0.038377357025941215,2,0.16,26,0,0,1729,0,0,11520,89
2.894631791859865,-0.21777777777777793,0,-1.9600000000000013,,9,0,straddle_abuse,-0.1340822031100591,0,0.1592,20,0,0,1729,0,0,11648,90
2.821591641753912,-0.1566666666666668,0,-1.410000000000001,,9,0,straddle_abuse,-0.12505564093589783,0,0.1584,27,0,0,1729,0,0,11776,91
2.815766341984272,1.7844444444444458,9.11,16.060000000000013,,9,0,straddle_abuse,0.6149064898490906,5,0.1576,21,0,0,1729,0,0,11904,92
2.8680668845772743,-0.18222222222222234,1.24,-1.640000000000001,,9,0,straddle_abuse,-0.11421625316143036,1,0.1569,25,0,0,1729,0,0,12032,93
2.8444446232169867,-0.07000000000000019,2.22,-0.6300000000000017,,9,0,straddle_abuse,-0.12558673322200775,5,0.1561,29,0,0,1729,0,0,12160,94
2.8986277962103486,-0.22666666666666677,0,-2.040000000000001,,9,0,straddle_abuse,-0.13690092662970224,0,0.1553,18,0,0,1729,0,0,12288,95
2.9410798754543066,-0.22111111111111115,4.71,-1.9900000000000002,,9,0,straddle_abuse,-0.10592718919118245,2,0.1545,20,0,0,1729,0,0,12416,96
2.770431699231267,3.899999999999997,37,35.09999999999997,,9,0,straddle_abuse,3.396355708440145,3,0.1537,14,0,0,1729,1,0.1111111111111111,12544,97
2.8128442456945777,-0.17333333333333345,0,-1.560000000000001,,9,0,straddle_abuse,-0.1388298124074936,0,0.153,20,0,0,1729,0,0,12672,98
2.8779862383380532,-0.18333333333333346,0,-1.6500000000000012,,9,0,straddle_abuse,-0.14535520474116007,0,0.1522,27,0,0,1729,0,0,12800,99
2.8721995698288083,-0.20888888888888876,6.29,-1.8799999999999988,,9,0,straddle_abuse,-0.0049819499254226685,1,0.25,37,1,0,1730,0,0,128,0
2.864065257832408,-0.21999999999999995,13.21,-1.9799999999999995,,9,0,straddle_abuse,0.23715949058532715,2,0.2487,29,1,0,1730,0,0,256,1
2.90847148001194,0.652222222222223,7.93,5.870000000000007,,9,0,straddle_abuse,0.2009047567844391,2,0.2475,44,1,0,1730,0,0,384,2
2.7658528815954924,1.7999999999999967,18.47,16.19999999999997,,9,0,straddle_abuse,1.4931491613388062,1,0.2463,32,1,0,1730,0,0,512,3
2.9054130353033543,-0.2200000000000001,0,-1.980000000000001,,9,0,straddle_abuse,-0.1375521421432495,0,0.245,28,1,0,1730,0,0,640,4
2.840489823371172,0.5066666666666673,6.14,4.560000000000005,,9,0,straddle_abuse,0.033127213517824806,3,0.2438,29,1,0,1730,0,0,768,5
2.6960328752174973,0.9877777777777794,10.57,8.890000000000015,,9,0,straddle_abuse,0.28248634934425354,1,0.2426,29,1,0,1730,0,0,896,6
2.984740575775504,0.08888888888888877,2.99,0.7999999999999989,,9,0,straddle_abuse,-0.1017121747136116,2,0.2414,23,1,0,1730,0,0,1024,7
2.9905656622722745,3.943333333333333,37,35.489999999999995,,9,0,straddle_abuse,6.143978913625081,2,0.2402,29,1,0,1730,1,0.1111111111111111,1152,8
2.8669950114563107,-0.26444444444444437,0,-2.3799999999999994,,9,0,straddle_abuse,-0.10422750810782115,0,0.239,28,1,0,1730,0,0,1280,9
2.8477999437600374,-0.1466666666666668,0.69,-1.3200000000000012,,9,0,straddle_abuse,-0.09652556975682576,1,0.2378,37,1,0,1730,0,0,1408,10
2.8040510825812817,-0.10555555555555562,0.71,-0.9500000000000006,,9,0,straddle_abuse,-0.11766628672679265,1,0.2366,28,1,0,1730,0,0,1536,11
2.8243959425017238,0.06999999999999984,2.53,0.6299999999999986,,9,0,straddle_abuse,-0.09596399714549382,2,0.2354,32,1,0,1730,0,0,1664,12
2.8660960141569376,-0.2322222222222223,0,-2.0900000000000007,,9,0,straddle_abuse,-0.1416601538658142,0,0.2342,21,1,0,1730,0,0,1792,13
2.7896875329315662,-0.10777777777777786,0.69,-0.9700000000000008,,9,0,straddle_abuse,-0.13144116600354513,1,0.2331,33,1,0,1730,0,0,1920,14
2.9464274495840073,-0.21000000000000013,0,-1.8900000000000012,,9,0,straddle_abuse,-0.14262279868125916,0,0.2319,25,1,0,1730,0,0,2048,15
2.7499714586883783,4.879999999999999,23.17,43.91999999999999,,9,0,straddle_abuse,5.041421572367351,5,0.2307,30,1,0,1730,0,0,2176,16
2.8060141252353787,2.0588888888888865,23.12,18.52999999999998,,9,0,straddle_abuse,1.2075660228729248,2,0.2296,28,1,0,1730,0,0,2304,17
2.73620645981282,0.3788888888888894,10.45,3.4100000000000046,,9,0,straddle_abuse,0.09555377066135406,5,0.2284,33,1,0,1730,0,0,2432,18
2.8698520213365555,-0.09555555555555566,0.48,-0.8600000000000009,,9,0,straddle_abuse,-0.13637316226959229,1,0.2273,25,1,0,1730,0,0,2560,19
2.9742055870592594,-0.24111111111111116,0,-2.1700000000000004,,9,0,straddle_abuse,-0.15117099384466806,0,0.2262,26,1,0,1730,0,0,2688,20
2.9253701213747263,1.207777777777781,13.04,10.870000000000028,,9,0,straddle_abuse,0.4315768778324127,2,0.225,24,1,0,1730,0,0,2816,21
2.80355869513005,-0.22111111111111126,0.09,-1.9900000000000013,,9,0,straddle_abuse,-0.14743694166342416,1,0.2239,29,1,0,1730,0,0,2944,22
2.8687848579138517,0.4133333333333342,12.85,3.7200000000000077,,9,0,straddle_abuse,0.19801984230677286,4,0.2228,28,1,0,1730,0,0,3072,23
2.8096689796075225,-0.21888888888888902,0,-1.9700000000000013,,9,0,straddle_abuse,-0.14703432222207388,0,0.2217,27,1,0,1730,0,0,3200,24
2.8080589435994625,2.9555555555555544,15.3,26.59999999999999,,9,0,straddle_abuse,1.8866370519002278,5,0.2206,30,1,0,1730,0,0,3328,25
2.88901699334383,3.892222222222223,37,35.03000000000001,,9,0,straddle_abuse,6.970366954803467,2,0.2195,29,1,0,1730,1,0.1111111111111111,3456,26
2.7994350362569094,0.23444444444444487,19.69,2.110000000000004,,9,0,straddle_abuse,1.2546870708465576,2,0.2184,38,1,0,1730,0,0,3584,27
2.8736370149999857,0.6888888888888899,7.72,6.200000000000009,,9,0,straddle_abuse,0.27911074956258136,5,0.2173,31,1,0,1730,0,0,3712,28
2.73675839882344,-0.1711111111111112,0.03,-1.540000000000001,,9,0,straddle_abuse,-0.12854797641436258,1,0.2162,35,1,0,1730,0,0,3840,29
2.8648270573467016,-0.21444444444444452,3.56,-1.9300000000000006,,9,0,straddle_abuse,-0.10371135920286179,1,0.2151,20,1,0,1730,0,0,3968,30
2.811294449493289,0.7155555555555565,6.47,6.440000000000008,,9,0,straddle_abuse,0.017100999752680462,4,0.214,30,1,0,1730,0,0,4096,31
2.717597832903266,1.0733333333333361,12.81,9.660000000000025,,9,0,straddle_abuse,0.49842196702957153,4,0.213,36,1,0,1730,0,0,4224,32
2.805147333070636,1.1755555555555572,7.57,10.580000000000014,,9,0,straddle_abuse,0.20963320632775626,3,0.2119,30,1,0,1730,0,0,4352,33
2.6404725639149547,-0.15555555555555567,1.96,-1.400000000000001,,9,0,straddle_abuse,-0.1196896880865097,1,0.2108,20,1,0,1730,0,0,4480,34
2.781828680075705,2.012222222222222,14.67,18.109999999999996,,9,0,straddle_abuse,0.9995043079058329,2,0.2098,39,1,0,1730,0,0,4608,35
2.7219395618885756,-0.18888888888888902,0,-1.7000000000000013,,9,0,straddle_abuse,-0.11085616052150726,0,0.2087,29,1,0,1730,0,0,4736,36
2.8693933859467506,0.04999999999999986,2.32,0.44999999999999873,,9,0,straddle_abuse,-0.11672038833300273,2,0.2077,25,1,0,1730,0,0,4864,37
2.7265886813402176,0.3288888888888899,4.36,2.960000000000009,,9,0,straddle_abuse,-0.0753520851333936,1,0.2066,25,1,0,1730,0,0,4992,38
2.846056569367647,-0.19888888888888903,0,-1.7900000000000014,,9,0,straddle_abuse,-0.13740462561448416,0,0.2056,18,1,0,1730,0,0,5120,39
2.7758075492456555,-0.16111111111111118,0,-1.4500000000000006,,9,0,straddle_abuse,-0.12843246261278787,0,0.2046,28,1,0,1730,0,0,5248,40
2.8878983622416854,2.1499999999999986,27.75,19.349999999999987,,9,0,straddle_abuse,1.2731436491012573,2,0.2036,22,1,0,1730,0,0,5376,41
2.786004241555929,0.49,6.17,4.41,,9,0,straddle_abuse,-0.009543965260187784,1,0.2025,34,1,0,1730,0,0,5504,42
2.8412298876792192,-0.20333333333333348,0.72,-1.8300000000000012,,9,0,straddle_abuse,-0.1521176596482595,1,0.2015,27,1,0,1730,0,0,5632,43
2.7367854677140713,1.0166666666666668,19.05,9.150000000000002,,9,0,straddle_abuse,0.6998453537623087,6,0.2005,35,1,0,1730,0,0,5760,44
2.864508006721735,0.667777777777778,15.63,6.0100000000000025,,9,0,straddle_abuse,0.4721149504184723,3,0.1995,32,1,0,1730,0,0,5888,45
2.7884437777101994,2.5355555555555527,21.85,22.819999999999975,,9,0,straddle_abuse,2.088038921356201,5,0.1985,29,1,0,1730,0,0,6016,46
2.8310299180448055,0.271111111111111,3.92,2.439999999999999,,9,0,straddle_abuse,-0.07000542680422465,1,0.1975,19,1,0,1730,0,0,6144,47
2.858869470655918,-0.14222222222222233,0.47,-1.280000000000001,,9,0,straddle_abuse,-0.12983904778957367,1,0.1965,21,1,0,1730,0,0,6272,48
2.6311293747276068,-0.1477777777777779,0,-1.330000000000001,,9,0,straddle_abuse,-0.12187009304761887,0,0.1956,30,1,0,1730,0,0,6400,49
2.762758256867528,-0.15777777777777785,4.62,-1.4200000000000006,,9,0,straddle_abuse,-0.07601841290791829,2,0.1946,31,1,0,1730,0,0,6528,50
2.8775774538517,-0.2322222222222223,3.97,-2.0900000000000007,,9,0,straddle_abuse,-0.11966161678234737,1,0.1936,34,1,0,1730,0,0,6656,51
2.8843415174633265,0.07222222222222219,6.46,0.6499999999999997,,9,0,straddle_abuse,-0.05056201914946238,1,0.1926,35,1,0,1730,0,0,6784,52
2.686210690997541,0.23111111111111177,3.46,2.080000000000006,,9,0,straddle_abuse,-0.04703236619631449,5,0.1917,18,1,0,1730,0,0,6912,53
2.6432500556111336,-0.13111111111111112,2.59,-1.1800000000000002,,9,0,straddle_abuse,-0.12682261069615683,2,0.1907,22,1,0,1730,0,0,7040,54
2.776346931234002,-0.19555555555555562,4.8,-1.7600000000000007,,9,0,straddle_abuse,-0.04394962638616562,1,0.1898,27,1,0,1730,0,0,7168,55
2.612641055136919,-0.11888888888888895,12.81,-1.0700000000000005,,9,0,straddle_abuse,0.20755513509114584,1,0.1888,26,1,0,1730,0,0,7296,56
2.7317201141268015,-0.13444444444444453,0.42,-1.2100000000000009,,9,0,straddle_abuse,-0.1354535867770513,1,0.1879,23,1,0,1730,0,0,7424,57
2.839304890483618,-0.24777777777777793,0,-2.2300000000000013,,9,0,straddle_abuse,-0.1428793023029963,0,0.1869,23,1,0,1730,0,0,7552,58
2.8931460306048393,-0.21444444444444458,0.12,-1.9300000000000013,,9,0,straddle_abuse,-0.14027666052182516,1,0.186,23,1,0,1730,0,0,7680,59
2.942280052229762,3.2466666666666613,22.68,29.219999999999953,,9,0,straddle_abuse,2.7471046447753906,2,0.1851,22,1,0,1730,0,0,7808,60
2.852445681579411,3.105555555555555,27.75,27.949999999999996,,9,0,straddle_abuse,1.7389522393544514,5,0.1841,21,1,0,1730,0,0,7936,61
2.975157242268324,0.8933333333333368,7.39,8.040000000000031,,9,0,straddle_abuse,0.15485772490501404,3,0.1832,28,1,0,1730,0,0,8064,62
2.8093365095555782,1.4777777777777776,10.28,13.299999999999999,,9,0,straddle_abuse,0.5222383538881937,6,0.1823,20,1,0,1730,0,0,8192,63
2.9690709058195353,-0.2366666666666668,0,-2.1300000000000012,,9,0,straddle_abuse,-0.09891183425982793,0,0.1814,24,1,0,1730,0,0,8320,64
2.8476906530559063,-0.23444444444444437,16.19,-2.1099999999999994,,9,0,straddle_abuse,0.33444403608640033,1,0.1805,13,1,0,1730,0,0,8448,65
2.783628923818469,-0.17888888888888899,0,-1.610000000000001,,9,0,straddle_abuse,-0.09972771008809407,0,0.1796,19,1,0,1730,0,0,8576,66
2.8612844171002507,2.457777777777777,23.26,22.119999999999994,,9,0,straddle_abuse,3.6602500279744468,9,0.1787,26,1,0,1730,0,0,8704,67
2.7581021040678024,-0.1577777777777779,0,-1.420000000000001,,9,0,straddle_abuse,-0.1288704052567482,0,0.1778,23,1,0,1730,0,0,8832,68
2.768593169748783,-0.07111111111111122,0.97,-0.640000000000001,,9,0,straddle_abuse,-0.12685615321000418,1,0.1769,20,1,0,1730,0,0,8960,69
2.8387576565146446,2.6522222222222203,23.29,23.869999999999983,,9,0,straddle_abuse,2.968278646469116,3,0.176,24,1,0,1730,0,0,9088,70
2.7495493218302727,3.4777777777777756,32.37,31.29999999999998,,9,0,straddle_abuse,5.001923084259033,1,0.1751,20,1,0,1730,1,0.1111111111111111,9216,71
2.861424323171377,0.6555555555555567,8.54,5.90000000000001,,9,0,straddle_abuse,0.380141019821167,8,0.1743,14,1,0,1730,0,0,9344,72
2.7335690166801214,0.34555555555555645,4.27,3.110000000000008,,9,0,straddle_abuse,-0.0946027288834254,3,0.1734,18,1,0,1730,0,0,9472,73
2.8050622697919607,1.8722222222222191,18.5,16.849999999999973,,9,0,straddle_abuse,1.5143762826919556,1,0.1725,20,1,0,1730,0,0,9600,74
2.881732115522027,2.0155555555555558,20.28,18.14,,9,0,straddle_abuse,1.9794190724690754,5,0.1717,25,1,0,1730,0,0,9728,75
2.7180693624541163,0.11555555555555544,2.65,1.039999999999999,,9,0,straddle_abuse,-0.08767165243625641,1,0.1708,22,1,0,1730,0,0,9856,76
2.6182380644604564,-0.12333333333333342,0,-1.1100000000000008,,9,0,straddle_abuse,-0.12887443602085114,0,0.1699,15,1,0,1730,0,0,9984,77
2.8625050261616707,5.920000000000001,31.17,53.28000000000001,,9,0,straddle_abuse,5.762333710988362,7,0.1691,24,1,0,1730,1,0.1111111111111111,10112,78
2.783044058829546,2.0711111111111093,20.56,18.639999999999983,,9,0,straddle_abuse,1.3682856559753418,5,0.1683,15,1,0,1730,0,0,10240,79
2.83359650708735,0.5022222222222226,9.91,4.520000000000003,,9,0,straddle_abuse,0.05464767416318258,2,0.1674,26,1,0,1730,0,0,10368,80
2.925986437126994,0.3666666666666679,4.84,3.3000000000000114,,9,0,straddle_abuse,-0.043364805479844414,1,0.1666,21,1,0,1730,0,0,10496,81
2.738198012113571,0.27777777777777835,3.81,2.500000000000005,,9,0,straddle_abuse,-0.05350823700428009,2,0.1657,19,1,0,1730,0,0,10624,82
2.8751097060739994,0.08444444444444439,6.27,0.7599999999999996,,9,0,straddle_abuse,0.010706454515457153,4,0.1649,22,1,0,1730,0,0,10752,83
2.8347519244998693,2.2744444444444456,12.81,20.47000000000001,,9,0,straddle_abuse,0.4525785843531291,7,0.1641,27,1,0,1730,0,0,10880,84
2.9050660487264395,1.9233333333333273,19.17,17.309999999999945,,9,0,straddle_abuse,0.9231475989023844,5,0.1633,24,1,0,1730,0,0,11008,85
2.8817485235631466,0.7755555555555561,8.8,6.980000000000005,,9,0,straddle_abuse,0.13127543528874716,3,0.1625,14,1,0,1730,0,0,11136,86
2.682417631149292,0.752222222222223,11.99,6.770000000000007,,9,0,straddle_abuse,0.3087818423906962,8,0.1616,24,1,0,1730,0,0,11264,87
2.7849094588309526,-0.16333333333333344,0,-1.4700000000000009,,9,0,straddle_abuse,-0.12172412623961766,0,0.1608,23,1,0,1730,0,0,11392,88
2.733601499348879,1.8433333333333306,10.79,16.589999999999975,,9,0,straddle_abuse,0.39976994196573895,7,0.16,23,1,0,1730,0,0,11520,89
2.7801789734512568,0.6533333333333344,6.5,5.88000000000001,,9,0,straddle_abuse,-0.003552029530207316,5,0.1592,11,1,0,1730,0,0,11648,90
2.8423111084848642,1.5944444444444454,27.75,14.350000000000009,,9,0,straddle_abuse,1.5056530237197876,1,0.1584,25,1,0,1730,0,0,11776,91
2.7937810849398375,1.371111111111114,9.76,12.340000000000027,,9,0,straddle_abuse,0.2757407526175181,2,0.1576,20,1,0,1730,0,0,11904,92
2.877624411135912,0.7244444444444457,13.87,6.520000000000011,,9,0,straddle_abuse,0.25345298647880554,3,0.1569,20,1,0,1730,0,0,12032,93
2.7484674863517284,4.471111111111112,27.75,40.24000000000001,,9,0,straddle_abuse,2.832887331644694,6,0.1561,18,1,0,1730,0,0,12160,94
2.6585360737517476,-0.15777777777777788,0,-1.4200000000000008,,9,0,straddle_abuse,-0.07770221680402756,0,0.1553,17,1,0,1730,0,0,12288,95
2.7338510267436504,-0.1600000000000001,3.53,-1.4400000000000008,,9,0,straddle_abuse,-0.06881161034107208,1,0.1545,27,1,0,1730,0,0,12416,96
2.928182647563517,1.4388888888888918,10.99,12.950000000000026,,9,0,straddle_abuse,0.44307416677474976,6,0.1537,9,1,0,1730,0,0,12544,97
2.926031904295087,0.7266666666666679,17.84,6.540000000000011,,9,0,straddle_abuse,1.4532781044642131,6,0.153,21,1,0,1730,0,0,12672,98
2.934791849926114,-0.208888888888889,0,-1.8800000000000012,,9,0,straddle_abuse,-0.12016620486974716,0,0.1522,12,1,0,1730,0,0,12800,99
2.998373493552208,-0.31000000000000005,0,-2.7900000000000005,,9,0,straddle_abuse,-0.15713655451933542,0,0.25,28,2,0,1731,0,0,128,0
2.684570785611868,0.5811111111111115,6.89,5.230000000000003,,9,0,straddle_abuse,0.12683460116386414,2,0.2487,33,2,0,1731,0,0,256,1
2.767125243321061,-0.22222222222222238,0.21,-2.0000000000000013,,9,0,straddle_abuse,-0.13656911750634512,1,0.2475,29,2,0,1731,0,0,384,2
2.6760909724980593,1.8611111111111103,26.43,16.749999999999993,,9,0,straddle_abuse,1.6317193110783894,1,0.2463,31,2,0,1731,0,0,512,3
2.741066697984934,-0.18666666666666681,0,-1.6800000000000013,,9,0,straddle_abuse,-0.14673846463362375,0,0.245,29,2,0,1731,0,0,640,4
2.7469974532723427,-0.20777777777777795,0,-1.8700000000000014,,9,0,straddle_abuse,-0.14289556940396628,0,0.2438,32,2,0,1731,0,0,768,5
2.76826960593462,1.2622222222222235,8.72,11.360000000000012,,9,0,straddle_abuse,0.34831658999125165,3,0.2426,29,2,0,1731,0,0,896,6
2.732077745720744,-0.15555555555555564,0.04,-1.4000000000000008,,9,0,straddle_abuse,-0.14769547681013742,1,0.2414,34,2,0,1731,0,0,1024,7
2.718156171962619,3.9533333333333323,37,35.57999999999999,,9,0,straddle_abuse,4.075812339782715,1,0.2402,28,2,0,1731,1,0.1111111111111111,1152,8
2.8103147111833096,-0.17555555555555566,0,-1.580000000000001,,9,0,straddle_abuse,-0.1378515660762787,0,0.239,36,2,0,1731,0,0,1280,9
2.876912087202072,0.02444444444444432,2.27,0.2199999999999989,,9,0,straddle_abuse,-0.12829513351122537,1,0.2378,28,2,0,1731,0,0,1408,10
2.6521612610667944,4.747777777777774,37,42.72999999999997,,9,0,straddle_abuse,3.6160945892333984,2,0.2366,28,2,0,1731,1,0.1111111111111111,1536,11
2.6978965122252703,1.2466666666666668,12.95,11.22,,9,0,straddle_abuse,0.47473310430844623,2,0.2354,33,2,0,1731,0,0,1664,12
2.7029911763966084,-0.20111111111111127,0,-1.8100000000000014,,9,0,straddle_abuse,-0.1112683763106664,0,0.2342,30,2,0,1731,0,0,1792,13
2.750432097353041,-0.20888888888888885,5.43,-1.8799999999999997,,9,0,straddle_abuse,0.05031543473402659,3,0.2331,31,2,0,1731,0,0,1920,14
2.8428063997998834,1.9799999999999938,28.78,17.819999999999943,,9,0,straddle_abuse,2.3572331269582114,4,0.2319,29,2,0,1731,0,0,2048,15
2.6571868397295475,1.1088888888888915,11.3,9.980000000000024,,9,0,straddle_abuse,0.48641029993693036,2,0.2307,32,2,0,1731,0,0,2176,16
2.652624437585473,0.15666666666666693,13.87,1.4100000000000024,,9,0,straddle_abuse,0.20549616714318594,4,0.2296,27,2,0,1731,0,0,2304,17
2.624890527687967,-0.19222222222222235,0,-1.730000000000001,,9,0,straddle_abuse,-0.12262798597415288,0,0.2284,28,2,0,1731,0,0,2432,18
2.747311946004629,-0.1688888888888888,5.29,-1.5199999999999994,,9,0,straddle_abuse,-0.004426673054695129,1,0.2273,32,2,0,1731,0,0,2560,19
2.6286448864266276,-0.030000000000000075,1,-0.2700000000000007,,9,0,straddle_abuse,-0.10206059614817302,1,0.2262,31,2,0,1731,0,0,2688,20
2.663978640921414,1.7266666666666668,10.27,15.540000000000001,,9,0,straddle_abuse,0.5486049254735311,3,0.225,29,2,0,1731,0,0,2816,21
2.670044982805848,4.086666666666661,24.26,36.779999999999944,,9,0,straddle_abuse,3.7672528425852456,4,0.2239,30,2,0,1731,0,0,2944,22
2.671256265603006,-0.13888888888888898,0,-1.2500000000000009,,9,0,straddle_abuse,-0.12637570252021155,0,0.2228,27,2,0,1731,0,0,3072,23
2.496042682789266,-0.10888888888888897,0,-0.9800000000000006,,9,0,straddle_abuse,-0.08992749204238255,0,0.2217,29,2,0,1731,0,0,3200,24
2.7800734099000692,-0.18444444444444452,0,-1.6600000000000008,,9,0,straddle_abuse,-0.11297598729530971,0,0.2206,32,2,0,1731,0,0,3328,25
2.6189661789685488,2.2288888888888865,27.75,20.059999999999977,,9,0,straddle_abuse,2.1691216627756753,10,0.2195,29,2,0,1731,0,0,3456,26
2.821596789173782,3.7511111111111095,35.68,33.759999999999984,,9,0,straddle_abuse,4.4256049791971845,2,0.2184,29,2,0,1731,1,0.1111111111111111,3584,27
2.566035826690495,0.7933333333333334,8.47,7.140000000000001,,9,0,straddle_abuse,0.26233794291814166,1,0.2173,22,2,0,1731,0,0,3712,28
2.602096751332283,1.2100000000000002,16.47,10.890000000000002,,9,0,straddle_abuse,0.4496142268180847,8,0.2162,31,2,0,1731,0,0,3840,29
2.5292852483689785,5.663333333333326,23.79,50.969999999999935,,9,0,straddle_abuse,4.414952437082927,9,0.2151,25,2,0,1731,0,0,3968,30
2.586010185070336,3.993333333333334,37,35.940000000000005,,9,0,straddle_abuse,6.361792087554932,2,0.214,32,2,0,1731,1,0.1111111111111111,4096,31
2.5884632486850023,-0.15333333333333343,0,-1.3800000000000008,,9,0,straddle_abuse,0.09436261157194774,0,0.213,21,2,0,1731,0,0,4224,32
2.6324689527973533,1.3066666666666693,6.55,11.760000000000025,,9,0,straddle_abuse,0.2860517005125682,3,0.2119,20,2,0,1731,0,0,4352,33
2.538212513551116,-0.10666666666666673,0,-0.9600000000000005,,9,0,straddle_abuse,0.06971389055252075,0,0.2108,21,2,0,1731,0,0,4480,34
2.5976164266467094,0.021111111111111042,1.3,0.1899999999999994,,9,0,straddle_abuse,-0.04150353620449702,2,0.2098,24,2,0,1731,0,0,4608,35
2.735650178976357,-0.18444444444444455,0,-1.660000000000001,,9,0,straddle_abuse,-0.07961175342400868,0,0.2087,29,2,0,1731,0,0,4736,36
2.749474659562111,10.278888888888883,37,92.50999999999995,,9,0,straddle_abuse,14.812304178873697,6,0.2077,19,2,0,1731,2,0.2222222222222222,4864,37
2.650763058103621,-0.11666666666666672,0,-1.0500000000000005,,9,0,straddle_abuse,-0.131963183482488,0,0.2066,19,2,0,1731,0,0,4992,38
2.6792349284514785,0.8888888888888891,27.71,8.000000000000002,,9,0,straddle_abuse,1.7935961882273357,4,0.2056,29,2,0,1731,0,0,5120,39
2.62365092523396,0.3255555555555559,3.97,2.930000000000003,,9,0,straddle_abuse,-0.05415735145409902,3,0.2046,19,2,0,1731,0,0,5248,40
2.5513854501768947,4.507777777777777,28.78,40.56999999999999,,9,0,straddle_abuse,2.7947558561960855,2,0.2036,20,2,0,1731,0,0,5376,41
2.7736358223482966,-0.017777777777777636,4.98,-0.15999999999999873,,9,0,straddle_abuse,-0.039704300463199615,1,0.2025,27,2,0,1731,0,0,5504,42
2.717124075628817,7.909999999999997,37,71.18999999999997,,9,0,straddle_abuse,12.020557403564453,3,0.2015,28,2,0,1731,2,0.2222222222222222,5632,43
2.6974177416414022,-0.1455555555555556,0.18,-1.3100000000000005,,9,0,straddle_abuse,-0.11197776595751445,1,0.2005,25,2,0,1731,0,0,5760,44
2.80157158896327,2.8655555555555514,23.12,25.789999999999964,,9,0,straddle_abuse,2.4689130783081055,6,0.1995,25,2,0,1731,0,0,5888,45
2.801468174904585,1.0955555555555583,12.81,9.860000000000024,,9,0,straddle_abuse,0.36224255959192914,2,0.1985,32,2,0,1731,0,0,6016,46
2.8675880460068583,-0.18555555555555567,0,-1.670000000000001,,9,0,straddle_abuse,-0.10998102525870006,0,0.1975,22,2,0,1731,0,0,6144,47
2.8045657789334655,2.576666666666666,27.75,23.189999999999994,,9,0,straddle_abuse,1.5476984977722168,5,0.1965,20,2,0,1731,0,0,6272,48
2.5612027756869793,1.2055555555555555,6.66,10.85,,9,0,straddle_abuse,0.16770696640014648,7,0.1956,22,2,0,1731,0,0,6400,49
2.7214994560927153,0.2511111111111119,9.96,2.260000000000007,,9,0,straddle_abuse,0.02742442488670349,4,0.1946,22,2,0,1731,0,0,6528,50
2.702719919383526,-0.1466666666666667,5.39,-1.3200000000000003,,9,0,straddle_abuse,-0.05424600342909495,2,0.1936,26,2,0,1731,0,0,6656,51
2.8578513963148,0.00999999999999996,4.55,0.08999999999999965,,9,0,straddle_abuse,-0.09259198109308879,2,0.1926,35,2,0,1731,0,0,6784,52
2.7652490651234984,2.063333333333331,19.65,18.569999999999975,,9,0,straddle_abuse,1.6690069834391277,6,0.1917,16,2,0,1731,0,0,6912,53
2.61933708563447,2.3233333333333333,25.69,20.91,,9,0,straddle_abuse,1.3897264798482258,3,0.1907,34,2,0,1731,0,0,7040,54
2.7963795736432076,-0.16000000000000014,7.12,-1.4400000000000013,,9,0,straddle_abuse,-0.04946465541919073,1,0.1898,26,2,0,1731,0,0,7168,55
2.7634507212787867,-0.1822222222222223,2.88,-1.6400000000000008,,9,0,straddle_abuse,-0.11220848560333252,1,0.1888,23,2,0,1731,0,0,7296,56
2.7431572964414954,-0.17111111111111124,0,-1.5400000000000011,,9,0,straddle_abuse,-0.10582951953013738,0,0.1879,33,2,0,1731,0,0,7424,57
2.7085720831528306,1.0800000000000025,7.58,9.720000000000022,,9,0,straddle_abuse,0.16461152335007986,5,0.1869,30,2,0,1731,0,0,7552,58
2.918460166081786,3.7733333333333317,26.09,33.95999999999999,,9,0,straddle_abuse,2.884768565495809,7,0.186,21,2,0,1731,0,0,7680,59
2.9580683168023825,-0.2144444444444446,0,-1.9300000000000015,,9,0,straddle_abuse,-0.1283982346455256,0,0.1851,17,2,0,1731,0,0,7808,60
2.849081812426448,-0.1899999999999998,11.9,-1.7099999999999982,,9,0,straddle_abuse,0.6608197689056396,4,0.1841,22,2,0,1731,0,0,7936,61
2.901625270023942,0.33111111111111147,25.72,2.980000000000003,,9,0,straddle_abuse,1.380374550819397,2,0.1832,31,2,0,1731,0,0,8064,62
2.7687114076688886,0.9911111111111125,14.87,8.920000000000012,,9,0,straddle_abuse,1.239154537518819,6,0.1823,20,2,0,1731,0,0,8192,63
2.7104371208697557,-0.18555555555555528,17.84,-1.6699999999999975,,9,0,straddle_abuse,1.109639048576355,5,0.1814,17,2,0,1731,0,0,8320,64
2.7223376790061593,-0.21111111111111097,8.72,-1.8999999999999988,,9,0,straddle_abuse,0.04899210731188456,4,0.1805,29,2,0,1731,0,0,8448,65
2.673847831785679,0.1722222222222221,2.82,1.549999999999999,,9,0,straddle_abuse,-0.06341434270143509,1,0.1796,21,2,0,1731,0,0,8576,66
2.8457636339589953,0.5711111111111115,9.42,5.140000000000003,,9,0,straddle_abuse,0.2547252873579661,3,0.1787,20,2,0,1731,0,0,8704,67
2.6558122020214796,1.2877777777777784,8.49,11.590000000000005,,9,0,straddle_abuse,0.31616949041684467,3,0.1778,30,2,0,1731,0,0,8832,68
2.7665025601163507,2.2177777777777776,20.56,19.959999999999997,,9,0,straddle_abuse,1.0870110193888347,4,0.1769,20,2,0,1731,0,0,8960,69
2.6556780822575092,-0.1711111111111112,0,-1.540000000000001,,9,0,straddle_abuse,-0.0851690669854482,0,0.176,19,2,0,1731,0,0,9088,70
2.8085723593831062,2.497777777777779,16.82,22.48000000000001,,9,0,straddle_abuse,1.263504187266032,3,0.1751,24,2,0,1731,0,0,9216,71
2.7461722809821367,-0.1544444444444445,1.66,-1.3900000000000006,,9,0,straddle_abuse,-0.037577773133913674,2,0.1743,19,2,0,1731,0,0,9344,72
2.7693668380379677,-0.15222222222222231,0,-1.3700000000000008,,9,0,straddle_abuse,-0.06431818256775539,0,0.1734,23,2,0,1731,0,0,9472,73
2.71792814694345,-0.13777777777777786,3.03,-1.2400000000000007,,9,0,straddle_abuse,-0.06887111564477284,3,0.1725,26,2,0,1731,0,0,9600,74
2.858149591833353,-0.21111111111111128,0,-1.9000000000000015,,9,0,straddle_abuse,-0.11792195339997609,0,0.1717,22,2,0,1731,0,0,9728,75
2.7235937155783176,-0.21555555555555572,1.65,-1.9400000000000015,,9,0,straddle_abuse,-0.11290396749973297,1,0.1708,25,2,0,1731,0,0,9856,76
2.698335936293006,3.721111111111109,34.69,33.48999999999998,,9,0,straddle_abuse,3.552233854929606,2,0.1699,13,2,0,1731,1,0.1111111111111111,9984,77
2.8480870313942432,2.442222222222224,10.67,21.980000000000015,,9,0,straddle_abuse,0.7042104601860046,4,0.1691,29,2,0,1731,0,0,10112,78
2.8610033905133605,0.07222222222222209,9.99,0.6499999999999988,,9,0,straddle_abuse,-0.018237036963303883,2,0.1683,19,2,0,1731,0,0,10240,79
2.7675857562571764,2.358888888888887,16.38,21.229999999999983,,9,0,straddle_abuse,1.2614222764968872,4,0.1674,29,2,0,1731,0,0,10368,80
2.665032748132944,3.768888888888889,32.96,33.92,,9,0,straddle_abuse,4.626192410786946,4,0.1666,12,2,0,1731,1,0.1111111111111111,10496,81
2.7693321481347084,0.3944444444444444,4.97,3.5499999999999994,,9,0,straddle_abuse,-0.01966203252474467,1,0.1657,17,2,0,1731,0,0,10624,82
2.718415206298232,5.175555555555558,18.28,46.58000000000002,,9,0,straddle_abuse,2.4844373067220054,9,0.1649,21,2,0,1731,0,0,10752,83
2.799737566150725,1.910000000000001,17.67,17.19000000000001,,9,0,straddle_abuse,0.9113325079282125,6,0.1641,10,2,0,1731,0,0,10880,84
2.604557200334966,-0.10888888888888884,7.2,-0.9799999999999995,,9,0,straddle_abuse,0.09716639916102092,1,0.1633,16,2,0,1731,0,0,11008,85
2.7369483383372426,3.1644444444444444,29.79,28.48,,9,0,straddle_abuse,2.883954922358195,3,0.1625,29,2,0,1731,0,0,11136,86
2.783052321523428,-0.17333333333333323,10.27,-1.559999999999999,,9,0,straddle_abuse,0.051374788085619606,3,0.1616,16,2,0,1731,0,0,11264,87
2.5660084458068013,0.0933333333333333,6.69,0.8399999999999996,,9,0,straddle_abuse,-0.0041017283995946245,2,0.1608,21,2,0,1731,0,0,11392,88
2.7223135605454445,2.1866666666666648,19.92,19.679999999999982,,9,0,straddle_abuse,1.4679510593414307,5,0.16,19,2,0,1731,0,0,11520,89
2.722156007774174,-0.026666666666666634,3.44,-0.2399999999999997,,9,0,straddle_abuse,-0.04827016592025757,8,0.1592,25,2,0,1731,0,0,11648,90
2.8408625032752752,-0.15666666666666676,0,-1.4100000000000008,,9,0,straddle_abuse,-0.12215062975883484,0,0.1584,15,2,0,1731,0,0,11776,91
2.6179338451474905,6.010000000000001,23.79,54.09,,9,0,straddle_abuse,2.8063622315724692,12,0.1576,16,2,0,1731,0,0,11904,92
2.729145825840533,-0.15777777777777785,0,-1.4200000000000006,,9,0,straddle_abuse,-0.10797518243392308,0,0.1569,25,2,0,1731,0,0,12032,93
2.7749052681028843,0.5288888888888892,3.42,4.7600000000000025,,9,0,straddle_abuse,-0.05444064984718958,3,0.1561,17,2,0,1731,0,0,12160,94
2.4345709793269634,0.09666666666666697,7.61,0.8700000000000028,,9,0,straddle_abuse,0.08845123648643494,3,0.1553,20,2,0,1731,0,0,12288,95
2.559869199991226,2.1199999999999988,23.12,19.079999999999988,,9,0,straddle_abuse,2.470094601313273,8,0.1545,13,2,0,1731,0,0,12416,96
2.739314022473991,-0.11666666666666675,0.95,-1.0500000000000007,,9,0,straddle_abuse,-0.11000454425811768,1,0.1537,22,2,0,1731,0,0,12544,97
2.756194488145411,1.5711111111111145,12.71,14.14000000000003,,9,0,straddle_abuse,0.3337227801481883,5,0.153,18,2,0,1731,0,0,12672,98
2.521271306090057,2.9633333333333316,18.31,26.669999999999984,,9,0,straddle_abuse,1.4462252060572307,3,0.1522,17,2,0,1731,0,0,12800,99
2.987267017364502,0.14333333333333312,3.86,1.289999999999998,,9,0,straddle_abuse,-0.08642950157324474,1,0.25,31,3,0,1732,0,0,128,0
2.897070376202464,-0.26333333333333325,17.08,-2.369999999999999,,9,0,straddle_abuse,0.49725571274757385,1,0.2487,33,3,0,1732,0,0,256,1
2.8848957121372223,0.20555555555555552,3.97,1.8499999999999996,,9,0,straddle_abuse,-0.07307612399260204,1,0.2475,33,3,0,1732,0,0,384,2
2.7469944721087813,3.761111111111108,35.68,33.84999999999997,,9,0,straddle_abuse,5.300446351369222,3,0.2463,31,3,0,1732,1,0.1111111111111111,512,3
2.9034545440226793,-0.22555555555555568,0,-2.030000000000001,,9,0,straddle_abuse,-0.1332464317480723,0,0.245,38,3,0,1732,0,0,640,4
2.884058183990419,-0.21555555555555572,0,-1.9400000000000015,,9,0,straddle_abuse,-0.13719328244527182,0,0.2438,36,3,0,1732,0,0,768,5
2.6477991696447134,-0.1600000000000001,0,-1.4400000000000008,,9,0,straddle_abuse,-0.13494881490866342,0,0.2426,23,3,0,1732,0,0,896,6
2.8350142473354936,0.2444444444444451,3.27,2.200000000000006,,9,0,straddle_abuse,-0.0888630747795105,3,0.2414,30,3,0,1732,0,0,1024,7
2.975317212752998,1.9066666666666623,19.31,17.15999999999996,,9,0,straddle_abuse,1.8583829800287883,1,0.2402,23,3,0,1732,0,0,1152,8
2.6913691870868206,-0.15777777777777785,0,-1.4200000000000006,,9,0,straddle_abuse,-0.12095332145690918,0,0.239,26,3,0,1732,0,0,1280,9
2.68220645096153,2.9588888888888865,27.99,26.629999999999978,,9,0,straddle_abuse,3.722991943359375,5,0.2378,23,3,0,1732,0,0,1408,10
2.922568591311574,0.746666666666669,8.84,6.720000000000021,,9,0,straddle_abuse,0.23112601041793823,2,0.2366,34,3,0,1732,0,0,1536,11
2.641831216402352,-0.11888888888888899,0.3,-1.070000000000001,,9,0,straddle_abuse,-0.10560833662748337,1,0.2354,31,3,0,1732,0,0,1664,12
2.6630678046494722,0.3688888888888897,4.59,3.3200000000000074,,9,0,straddle_abuse,-0.050808062156041466,2,0.2342,26,3,0,1732,0,0,1792,13
2.6583736212924123,0.014444444444444319,1.49,0.12999999999999887,,9,0,straddle_abuse,-0.11017587532599767,1,0.2331,23,3,0,1732,0,0,1920,14
2.8550087520852685,0.87666666666667,9.99,7.89000000000003,,9,0,straddle_abuse,0.6036671201388041,2,0.2319,38,3,0,1732,0,0,2048,15
2.649577993899584,2.48111111111111,24.25,22.329999999999988,,9,0,straddle_abuse,1.7618279854456584,5,0.2307,32,3,0,1732,0,0,2176,16
2.712842680513859,4.3111111111111144,26.4,38.80000000000003,,9,0,straddle_abuse,2.9885102907816568,5,0.2296,35,3,0,1732,0,0,2304,17
2.638495503924787,1.0955555555555585,11.15,9.860000000000026,,9,0,straddle_abuse,0.41544129451115924,1,0.2284,38,3,0,1732,0,0,2432,18
2.677183723077178,1.12,8.62,10.08,,9,0,straddle_abuse,0.1672622710466385,3,0.2273,33,3,0,1732,0,0,2560,19
2.701762180775404,-0.14666666666666664,3.8,-1.3199999999999998,,9,0,straddle_abuse,-0.01936396211385727,1,0.2262,28,3,0,1732,0,0,2688,20
2.8336315965279937,-0.20333333333333348,0,-1.8300000000000012,,9,0,straddle_abuse,-0.09128387769063313,0,0.225,27,3,0,1732,0,0,2816,21
2.7613513190299273,-0.14000000000000007,0,-1.2600000000000007,,9,0,straddle_abuse,-0.10160493850708008,0,0.2239,29,3,0,1732,0,0,2944,22
2.71748633030802,-0.168888888888889,0,-1.5200000000000011,,9,0,straddle_abuse,-0.1175105447570483,0,0.2228,37,3,0,1732,0,0,3072,23
2.8712120056152344,-0.23333333333333334,24.43,-2.1,,9,0,straddle_abuse,0.7440487742424011,1,0.2217,25,3,0,1732,0,0,3200,24
2.7503723399713635,3.1966666666666654,19.35,28.76999999999999,,9,0,straddle_abuse,2.502300977706909,3,0.2206,27,3,0,1732,0,0,3328,25
2.5942698353901505,-0.13888888888888945,16.99,-1.250000000000005,,9,0,straddle_abuse,0.6697800358136495,1,0.2195,40,3,0,1732,0,0,3456,26
2.8814727067947388,0.39000000000000046,2.84,3.5100000000000042,,9,0,straddle_abuse,-0.04972877353429794,3,0.2184,17,3,0,1732,0,0,3584,27
2.745935210958123,2.3422222222222198,15.82,21.079999999999977,,9,0,straddle_abuse,1.319652517636617,3,0.2173,19,3,0,1732,0,0,3712,28
2.8855556659400463,-0.1944444444444446,0,-1.7500000000000013,,9,0,straddle_abuse,-0.13502375781536102,0,0.2162,24,3,0,1732,0,0,3840,29
2.7204016307368875,2.3722222222222227,13.96,21.350000000000005,,9,0,straddle_abuse,1.01707657178243,7,0.2151,33,3,0,1732,0,0,3968,30
2.8116568960249424,0.15222222222222265,7.33,1.3700000000000039,,9,0,straddle_abuse,-0.03204838186502457,2,0.214,25,3,0,1732,0,0,4096,31
2.7528701359406114,-0.16555555555555568,0,-1.490000000000001,,9,0,straddle_abuse,-0.12318048626184464,0,0.213,27,3,0,1732,0,0,4224,32
2.7376609724014997,0.15000000000000052,3.35,1.3500000000000048,,9,0,straddle_abuse,-0.09755104780197144,2,0.2119,27,3,0,1732,0,0,4352,33
2.6864634454250336,-0.14000000000000024,27.75,-1.2600000000000022,,9,0,straddle_abuse,1.2711506287256877,1,0.2108,28,3,0,1732,0,0,4480,34
2.76538616605103,-0.17444444444444454,0,-1.570000000000001,,9,0,straddle_abuse,-0.14405722419420877,0,0.2098,27,3,0,1732,0,0,4608,35
2.7308680675923824,-0.13777777777777786,1.22,-1.2400000000000007,,9,0,straddle_abuse,-0.12444507827361424,2,0.2087,28,3,0,1732,0,0,4736,36
2.671015444211662,1.787777777777777,17.45,16.089999999999993,,9,0,straddle_abuse,1.4586376746495564,5,0.2077,24,3,0,1732,0,0,4864,37
2.721732158213854,3.7233333333333314,35.33,33.509999999999984,,9,0,straddle_abuse,4.983368873596191,2,0.2066,24,3,0,1732,1,0.1111111111111111,4992,38
2.6216285694390535,3.9622222222222216,37,35.66,,9,0,straddle_abuse,4.679737408955892,3,0.2056,29,3,0,1732,1,0.1111111111111111,5120,39
2.7435668148100376,-0.06555555555555564,1.01,-0.5900000000000009,,9,0,straddle_abuse,-0.12174637118975322,1,0.2046,32,3,0,1732,0,0,5248,40
2.82847651373595,2.2755555555555502,22.41,20.47999999999995,,9,0,straddle_abuse,1.350524107615153,1,0.2036,30,3,0,1732,0,0,5376,41
2.729479754343629,0.5988888888888896,7.12,5.390000000000006,,9,0,straddle_abuse,0.1961513807376226,3,0.2025,29,3,0,1732,0,0,5504,42
2.557514438405633,0.20444444444444476,3.22,1.840000000000003,,9,0,straddle_abuse,-0.0733938639362653,1,0.2015,34,3,0,1732,0,0,5632,43
2.5971532380208373,1.6366666666666692,15.86,14.730000000000022,,9,0,straddle_abuse,1.2628947496414185,7,0.2005,29,3,0,1732,0,0,5760,44
2.8016047487035394,5.631111111111116,35.68,50.68000000000004,,9,0,straddle_abuse,5.400328159332275,5,0.1995,22,3,0,1732,1,0.1111111111111111,5888,45
2.7414968106895685,5.8877777777777744,32.5,52.989999999999974,,9,0,straddle_abuse,5.3116146723429365,4,0.1985,30,3,0,1732,1,0.1111111111111111,6016,46
2.554224591702223,3.445555555555554,32.37,31.009999999999987,,9,0,straddle_abuse,3.2962265014648438,2,0.1975,29,3,0,1732,1,0.1111111111111111,6144,47
2.7548032393679023,-0.17444444444444426,11.16,-1.5699999999999983,,9,0,straddle_abuse,0.5092303355534872,5,0.1965,29,3,0,1732,0,0,6272,48
2.722358119674027,2.9022222222222234,17.61,26.12000000000001,,9,0,straddle_abuse,1.6158482631047566,2,0.1956,24,3,0,1732,0,0,6400,49
2.714982251636684,-0.13111111111111112,13.63,-1.1800000000000002,,9,0,straddle_abuse,0.6062798102696737,3,0.1946,18,3,0,1732,0,0,6528,50
2.597436743788421,0.904444444444447,9.5,8.140000000000024,,9,0,straddle_abuse,0.2990103264649709,2,0.1936,24,3,0,1732,0,0,6656,51
2.609580783173442,3.74888888888889,34.78,33.74000000000001,,9,0,straddle_abuse,4.920585950215657,1,0.1926,26,3,0,1732,1,0.1111111111111111,6784,52
2.677629274316132,0.3555555555555558,15.42,3.200000000000002,,9,0,straddle_abuse,0.9854189356168112,9,0.1917,30,3,0,1732,0,0,6912,53
2.500194689258933,4.3844444444444495,37,39.46000000000004,,9,0,straddle_abuse,4.885760148366292,5,0.1907,21,3,0,1732,1,0.1111111111111111,7040,54
2.6491574812680483,3.0044444444444434,15.42,27.03999999999999,,9,0,straddle_abuse,1.103779395421346,4,0.1898,18,3,0,1732,0,0,7168,55
2.6889432026073337,0.8366666666666664,23.78,7.5299999999999985,,9,0,straddle_abuse,0.6997313499450684,1,0.1888,22,3,0,1732,0,0,7296,56
2.8782442584633827,1.7555555555555555,15.15,15.8,,9,0,straddle_abuse,1.0205525159835815,4,0.1879,23,3,0,1732,0,0,7424,57
2.7203788943588734,0.5333333333333337,5.95,4.800000000000003,,9,0,straddle_abuse,0.01741410295168559,1,0.1869,18,3,0,1732,0,0,7552,58
2.671080849133432,0.15555555555555559,4.62,1.4000000000000004,,9,0,straddle_abuse,-0.01209456225236257,5,0.186,25,3,0,1732,0,0,7680,59
2.772891955450177,-0.14888888888888896,6.82,-1.3400000000000005,,9,0,straddle_abuse,0.006260494391123454,1,0.1851,19,3,0,1732,0,0,7808,60
2.636438962072134,-0.13333333333333341,0,-1.2000000000000006,,9,0,straddle_abuse,-0.11088001728057861,0,0.1841,24,3,0,1732,0,0,7936,61
2.7043902715668082,0.37888888888889044,5.04,3.410000000000014,,9,0,straddle_abuse,-0.013038143515586853,2,0.1832,20,3,0,1732,0,0,8064,62
2.761773558333516,1.003333333333334,10.74,9.030000000000006,,9,0,straddle_abuse,0.510106603304545,1,0.1823,27,3,0,1732,0,0,8192,63
2.8268545428290963,-0.1966666666666668,0,-1.7700000000000011,,9,0,straddle_abuse,-0.12969836592674255,0,0.1814,31,3,0,1732,0,0,8320,64
2.730169393122196,-0.1977777777777779,0,-1.7800000000000011,,9,0,straddle_abuse,-0.13020947575569153,0,0.1805,25,3,0,1732,0,0,8448,65
2.7938822135329247,3.251111111111113,18.5,29.26000000000002,,9,0,straddle_abuse,1.984350562095642,5,0.1796,28,3,0,1732,0,0,8576,66
2.6170259211212397,1.4411111111111121,9.25,12.97000000000001,,9,0,straddle_abuse,0.3681596517562866,2,0.1787,22,3,0,1732,0,0,8704,67
2.889804121106863,0.33444444444444554,19.21,3.01000000000001,,9,0,straddle_abuse,0.6694339911142985,1,0.1778,12,3,0,1732,0,0,8832,68
2.6976552847772837,-0.16222222222222232,0,-1.4600000000000009,,9,0,straddle_abuse,-0.11672446131706238,0,0.1769,21,3,0,1732,0,0,8960,69
2.718822294846177,-0.17333333333333328,7.9,-1.5599999999999996,,9,0,straddle_abuse,-0.03091622143983841,1,0.176,26,3,0,1732,0,0,9088,70
2.742596361786127,0.4577777777777778,5.35,4.12,,9,0,straddle_abuse,0.006824786464373271,1,0.1751,18,3,0,1732,0,0,9216,71
2.6809005104005337,0.5222222222222234,6.17,4.70000000000001,,9,0,straddle_abuse,-0.03911048670609792,2,0.1743,19,3,0,1732,0,0,9344,72
2.6736108735203743,3.26333333333333,27.08,29.369999999999973,,9,0,straddle_abuse,2.6614222526550293,3,0.1734,18,3,0,1732,0,0,9472,73
2.7831040639430285,1.2155555555555593,12.92,10.940000000000033,,9,0,straddle_abuse,0.8464584350585938,3,0.1725,37,3,0,1732,0,0,9600,74
2.80210514459759,-0.17555555555555596,19.82,-1.5800000000000036,,9,0,straddle_abuse,1.7611255248387654,2,0.1717,27,3,0,1732,0,0,9728,75
2.7197108417749405,4.5855555555555565,35.68,41.27000000000001,,9,0,straddle_abuse,3.788111925125122,5,0.1708,17,3,0,1732,1,0.1111111111111111,9856,76
2.713367026299238,1.0377777777777786,9.99,9.340000000000007,,9,0,straddle_abuse,0.13534334798653921,2,0.1699,28,3,0,1732,0,0,9984,77
2.6937297359108925,-0.13555555555555554,7.86,-1.22,,9,0,straddle_abuse,0.04471708337465922,4,0.1691,19,3,0,1732,0,0,10112,78
2.7215813929215074,0.4455555555555571,2.76,4.010000000000014,,9,0,straddle_abuse,-0.07740231106678645,5,0.1683,15,3,0,1732,0,0,10240,79
2.7282034922391176,-0.15777777777777788,2.13,-1.4200000000000008,,9,0,straddle_abuse,-0.10591799269119899,1,0.1674,22,3,0,1732,0,0,10368,80
2.7023637434467673,0.16777777777777797,5.24,1.5100000000000018,,9,0,straddle_abuse,0.013595287998517355,4,0.1666,24,3,0,1732,0,0,10496,81
2.751101003959775,3.6299999999999923,19.82,32.66999999999993,,9,0,straddle_abuse,2.3866662979125977,6,0.1657,21,3,0,1732,0,0,10624,82
2.736612287349999,0.5100000000000007,6.12,4.590000000000006,,9,0,straddle_abuse,0.10204380750656128,3,0.1649,21,3,0,1732,0,0,10752,83
2.760700434446335,2.037777777777772,20.06,18.33999999999995,,9,0,straddle_abuse,1.719344973564148,1,0.1641,25,3,0,1732,0,0,10880,84
2.775998095050454,-0.18555555555555567,6.03,-1.670000000000001,,9,0,straddle_abuse,-0.08804993083079656,2,0.1633,22,3,0,1732,0,0,11008,85
2.789716794155538,3.2877777777777757,31.22,29.589999999999982,,9,0,straddle_abuse,3.474733511606852,3,0.1625,19,3,0,1732,1,0.1111111111111111,11136,86
2.7458075331524014,2.571111111111109,21.83,23.13999999999998,,9,0,straddle_abuse,2.067859411239624,4,0.1616,15,3,0,1732,0,0,11264,87
2.545894649811089,0.002222222222222294,8.92,0.02000000000000065,,9,0,straddle_abuse,-0.011460247139135996,2,0.1608,20,3,0,1732,0,0,11392,88
2.730966366827488,6.724444444444443,35.32,60.51999999999999,,9,0,straddle_abuse,6.009332180023193,6,0.16,22,3,0,1732,1,0.1111111111111111,11520,89
2.728353103622794,2.8033333333333355,15.14,25.230000000000018,,9,0,straddle_abuse,1.4281495014826457,5,0.1592,21,3,0,1732,0,0,11648,90
2.5743174673989415,7.144444444444441,35.68,64.29999999999997,,9,0,straddle_abuse,6.215418179829915,10,0.1584,17,3,0,1732,1,0.1111111111111111,11776,91
2.471634838730097,-0.12000000000000008,0,-1.0800000000000007,,9,0,straddle_abuse,0.03782487163941065,0,0.1576,19,3,0,1732,0,0,11904,92
2.531313005834818,2.4722222222222183,23.55,22.249999999999964,,9,0,straddle_abuse,2.0303000609079995,2,0.1569,14,3,0,1732,0,0,12032,93
2.6596695743501186,-0.15888888888888897,11.56,-1.4300000000000006,,9,0,straddle_abuse,0.34918634096781415,2,0.1561,14,3,0,1732,0,0,12160,94
2.9031574465334415,1.84444444444444,18.7,16.59999999999996,,9,0,straddle_abuse,1.518110990524292,2,0.1553,21,3,0,1732,0,0,12288,95
2.7387529760599136,5.708888888888891,37,51.380000000000024,,9,0,straddle_abuse,4.983773390452067,3,0.1545,14,3,0,1732,1,0.1111111111111111,12416,96
2.794887028634548,1.7788888888888887,17.99,16.009999999999998,,9,0,straddle_abuse,1.3938510815302532,9,0.1537,18,3,0,1732,0,0,12544,97
2.633648421615362,4.573333333333327,25.72,41.15999999999994,,9,0,straddle_abuse,3.3171513080596924,11,0.153,21,3,0,1732,0,0,12672,98
2.675059862434864,2.5955555555555523,25,23.35999999999997,,9,0,straddle_abuse,2.139848232269287,5,0.1522,18,3,0,1732,0,0,12800,99
2.9758037496358156,-0.2522222222222221,3.35,-2.269999999999999,,9,0,straddle_abuse,-0.13754632075627646,1,0.25,30,4,0,1733,0,0,128,0
2.993126552551985,0.5366666666666666,7.2,4.83,,9,0,straddle_abuse,0.0241529643535614,1,0.2487,28,4,0,1733,0,0,256,1
2.8584210481494665,-0.10555555555555626,19.33,-0.9500000000000064,,9,0,straddle_abuse,0.6987218658129374,4,0.2475,36,4,0,1733,0,0,384,2
2.8301608376204967,-0.22333333333333347,0,-2.010000000000001,,9,0,straddle_abuse,-0.13976235191027322,0,0.2463,30,4,0,1733,0,0,512,3
2.8990617729723454,0.3811111111111115,5.73,3.4300000000000037,,9,0,straddle_abuse,-0.002067123850186666,2,0.245,29,4,0,1733,0,0,640,4
2.8728756923228502,-0.22666666666666668,7.81,-2.04,,9,0,straddle_abuse,-0.10435846447944641,1,0.2438,35,4,0,1733,0,0,768,5
2.9309647046029568,1.1688888888888913,11.04,10.520000000000021,,9,0,straddle_abuse,0.35763442516326904,5,0.2426,31,4,0,1733,0,0,896,6
2.8226755019277334,-0.23555555555555563,0,-2.1200000000000006,,9,0,straddle_abuse,-0.13544030984242758,0,0.2414,25,4,0,1733,0,0,1024,7
3.017314976081252,1.777777777777775,18.39,15.999999999999975,,9,0,straddle_abuse,1.6124941507975261,1,0.2402,30,4,0,1733,0,0,1152,8
2.8908864948898554,4.533333333333329,37,40.79999999999996,,9,0,straddle_abuse,3.6032082239786782,3,0.239,31,4,0,1733,1,0.1111111111111111,1280,9
2.8139443565160036,0.40444444444444516,3.47,3.6400000000000063,,9,0,straddle_abuse,-0.07490920772155125,4,0.2378,22,4,0,1733,0,0,1408,10
2.7808160223066807,-0.16777777777777791,0,-1.5100000000000011,,9,0,straddle_abuse,-0.11600567897160848,0,0.2366,36,4,0,1733,0,0,1536,11
2.8546701911836863,-0.25555555555555565,0,-2.3000000000000007,,9,0,straddle_abuse,-0.13246253629525503,0,0.2354,38,4,0,1733,0,0,1664,12
2.6564226895570755,0.2811111111111111,3.47,2.53,,9,0,straddle_abuse,-0.0731695219874382,3,0.2342,30,4,0,1733,0,0,1792,13
2.984768785536289,1.4077777777777836,15.42,12.670000000000051,,9,0,straddle_abuse,1.3061432441075642,3,0.2331,26,4,0,1733,0,0,1920,14
2.950366135686636,-0.2422222222222224,0,-2.1800000000000015,,9,0,straddle_abuse,-0.1401685575644175,0,0.2319,35,4,0,1733,0,0,2048,15
2.801726261153817,5.101111111111105,26.91,45.90999999999994,,9,0,straddle_abuse,5.10249121983846,2,0.2307,28,4,0,1733,0,0,2176,16
2.6989426594227552,-0.11222222222222197,9.91,-1.0099999999999978,,9,0,straddle_abuse,0.18698280056317648,4,0.2296,31,4,0,1733,0,0,2304,17
2.8477171938866377,-0.18888888888888855,18.5,-1.6999999999999968,,9,0,straddle_abuse,0.9618442058563232,4,0.2284,25,4,0,1733,0,0,2432,18
2.8192929113283753,2.354444444444444,22.75,21.189999999999994,,9,0,straddle_abuse,2.7001890341440835,3,0.2273,30,4,0,1733,0,0,2560,19
2.9872915223240852,-0.1955555555555557,1.7,-1.7600000000000013,,9,0,straddle_abuse,-0.1416769673426946,1,0.2262,35,4,0,1733,0,0,2688,20
2.842361924238503,1.7811111111111115,13.15,16.030000000000005,,9,0,straddle_abuse,0.7185403903325399,4,0.225,29,4,0,1733,0,0,2816,21
2.7475131936371326,-0.19222222222222232,0,-1.7300000000000009,,9,0,straddle_abuse,-0.1360020488500595,0,0.2239,28,4,0,1733,0,0,2944,22
2.7240299582481384,0.33222222222222236,3.31,2.990000000000001,,9,0,straddle_abuse,-0.09383055816094081,2,0.2228,30,4,0,1733,0,0,3072,23
2.935128603130579,-0.22444444444444459,0,-2.0200000000000014,,9,0,straddle_abuse,-0.15807700157165527,0,0.2217,27,4,0,1733,0,0,3200,24
2.79665173497051,1.4933333333333347,10.36,13.440000000000012,,9,0,straddle_abuse,0.4355209668477376,6,0.2206,33,4,0,1733,0,0,3328,25
2.8339961441233754,3.1699999999999995,30.39,28.529999999999994,,9,0,straddle_abuse,3.1666483879089355,7,0.2195,29,4,0,1733,1,0.1111111111111111,3456,26
2.77290384657681,1.430000000000004,14.82,12.870000000000035,,9,0,straddle_abuse,0.8878866036732992,1,0.2184,25,4,0,1733,0,0,3584,27
2.736433010548353,-0.1511111111111112,0,-1.3600000000000008,,9,0,straddle_abuse,-0.10061082740624745,0,0.2173,32,4,0,1733,0,0,3712,28
2.9895143769681454,-0.06333333333333327,12.39,-0.5699999999999994,,9,0,straddle_abuse,0.4149750272432963,3,0.2162,20,4,0,1733,0,0,3840,29
2.854063299484551,0.7811111111111114,8.88,7.030000000000003,,9,0,straddle_abuse,0.18985651433467865,3,0.2151,22,4,0,1733,0,0,3968,30
2.7150552459061146,-0.038888888888888945,2.26,-0.35000000000000053,,9,0,straddle_abuse,-0.11066989103953044,4,0.214,28,4,0,1733,0,0,4096,31
2.9314074646681547,-0.1866666666666668,0,-1.680000000000001,,9,0,straddle_abuse,-0.14258438348770142,0,0.213,24,4,0,1733,0,0,4224,32
2.921303467825055,0.017777777777777653,2.1,0.15999999999999887,,9,0,straddle_abuse,-0.12188671032587688,1,0.2119,27,4,0,1733,0,0,4352,33
2.842629011720419,2.3,11.9,20.7,,9,0,straddle_abuse,0.6353771487871805,4,0.2108,32,4,0,1733,0,0,4480,34
2.775706279091537,2.202222222222224,21.4,19.820000000000018,,9,0,straddle_abuse,1.4186174869537354,3,0.2098,36,4,0,1733,0,0,4608,35
2.7301275404170156,1.7777777777777768,17.66,15.999999999999991,,9,0,straddle_abuse,0.939281185468038,1,0.2087,30,4,0,1733,0,0,4736,36
2.96236202865839,3.09333333333333,21.01,27.83999999999997,,9,0,straddle_abuse,2.0278685490290322,7,0.2077,25,4,0,1733,0,0,4864,37
2.8399924095720053,-0.2044444444444446,0,-1.8400000000000014,,9,0,straddle_abuse,-0.11272278179725011,0,0.2066,28,4,0,1733,0,0,4992,38
2.822832716628909,0.19111111111111184,3,1.7200000000000066,,9,0,straddle_abuse,-0.08985697229703267,2,0.2056,23,4,0,1733,0,0,5120,39
2.863803131505847,-0.21888888888888902,0,-1.9700000000000013,,9,0,straddle_abuse,-0.12870450566212335,0,0.2046,31,4,0,1733,0,0,5248,40
2.67173479963094,0.054444444444444295,19.82,0.48999999999999866,,9,0,straddle_abuse,0.6853326956431071,5,0.2036,34,4,0,1733,0,0,5376,41
2.724799759685993,-0.0644444444444445,1,-0.5800000000000005,,9,0,straddle_abuse,-0.1425105333328247,1,0.2025,30,4,0,1733,0,0,5504,42
2.8401622138917446,3.097777777777774,29.73,27.879999999999967,,9,0,straddle_abuse,3.8369455337524414,2,0.2015,29,4,0,1733,0,0,5632,43
2.7254043770954013,-0.2122222222222224,0,-1.9100000000000015,,9,0,straddle_abuse,-0.13158326844374338,0,0.2005,28,4,0,1733,0,0,5760,44
2.805344020947814,1.2488888888888892,11.9,11.240000000000002,,9,0,straddle_abuse,0.5385748346646627,2,0.1995,21,4,0,1733,0,0,5888,45
2.810302197933197,-0.17333333333333345,0,-1.5600000000000012,,9,0,straddle_abuse,-0.13200226426124573,0,0.1985,30,4,0,1733,0,0,6016,46
2.851303793489933,0.3100000000000003,2.49,2.7900000000000027,,9,0,straddle_abuse,-0.11197111507256825,3,0.1975,25,4,0,1733,0,0,6144,47
2.685483520850539,-0.05444444444444448,3.11,-0.4900000000000003,,9,0,straddle_abuse,-0.1115912397702535,6,0.1965,25,4,0,1733,0,0,6272,48
2.7439987417310476,6.084444444444444,32.37,54.76,,9,0,straddle_abuse,4.646680514017741,5,0.1956,23,4,0,1733,1,0.1111111111111111,6400,49
2.826446727849543,-0.20444444444444457,0,-1.8400000000000012,,9,0,straddle_abuse,-0.1383203367392222,0,0.1946,32,4,0,1733,0,0,6528,50
2.9126775357872248,1.2300000000000009,10.93,11.070000000000007,,9,0,straddle_abuse,0.4195593198140462,2,0.1936,24,4,0,1733,0,0,6656,51
2.73542773257941,2.0122222222222175,19.61,18.109999999999957,,9,0,straddle_abuse,1.863258679707845,8,0.1926,25,4,0,1733,0,0,6784,52
2.827657474204898,1.918888888888886,10.93,17.269999999999975,,9,0,straddle_abuse,0.613050123055776,4,0.1917,28,4,0,1733,0,0,6912,53
2.769553106278181,1.3144444444444465,22.55,11.83000000000002,,9,0,straddle_abuse,1.2079662084579468,4,0.1907,38,4,0,1733,0,0,7040,54
2.666514728218317,-0.17888888888888899,0,-1.610000000000001,,9,0,straddle_abuse,-0.09470933675765991,0,0.1898,17,4,0,1733,0,0,7168,55
2.689959215000272,2.4288888888888875,9.66,21.85999999999999,,9,0,straddle_abuse,0.5610934893290201,5,0.1888,25,4,0,1733,0,0,7296,56
2.632877128198743,1.3500000000000023,13.25,12.150000000000022,,9,0,straddle_abuse,0.562543789545695,1,0.1879,18,4,0,1733,0,0,7424,57
2.620118456892669,2.9233333333333293,26.43,26.309999999999963,,9,0,straddle_abuse,2.2624058723449707,3,0.1869,30,4,0,1733,0,0,7552,58
2.661519111134112,-0.13888888888888887,14.39,-1.2499999999999998,,9,0,straddle_abuse,0.26756735642751056,4,0.186,16,4,0,1733,0,0,7680,59
2.766052046790719,-0.15222222222222234,0,-1.370000000000001,,9,0,straddle_abuse,-0.06298823157946269,0,0.1851,28,4,0,1733,0,0,7808,60
2.807184915058315,-0.18000000000000013,0,-1.6200000000000012,,9,0,straddle_abuse,-0.10322198023398717,0,0.1841,27,4,0,1733,0,0,7936,61
2.607110522687435,-0.17222222222222214,11.9,-1.5499999999999992,,9,0,straddle_abuse,0.0007888277371724447,1,0.1832,24,4,0,1733,0,0,8064,62
2.7514277091249824,0.6788888888888894,4.27,6.110000000000005,,9,0,straddle_abuse,-0.008393640319506327,5,0.1823,22,4,0,1733,0,0,8192,63
2.703886456787586,-0.18111111111111122,0,-1.630000000000001,,9,0,straddle_abuse,-0.12624900539716086,0,0.1814,22,4,0,1733,0,0,8320,64
2.4675169233232737,0.32222222222222224,3.04,2.9000000000000004,,9,0,straddle_abuse,-0.09465753038724263,4,0.1805,23,4,0,1733,0,0,8448,65
2.768691862002015,3.038888888888886,28.74,27.349999999999977,,9,0,straddle_abuse,2.952545483907064,2,0.1796,22,4,0,1733,0,0,8576,66
2.817021899856627,-0.2077777777777779,0,-1.870000000000001,,9,0,straddle_abuse,-0.13560422758261362,0,0.1787,21,4,0,1733,0,0,8704,67
2.750002075918019,0.004444444444444349,1.5,0.03999999999999914,,9,0,straddle_abuse,-0.12540333966414133,4,0.1778,23,4,0,1733,0,0,8832,68
2.793892592191696,0.8066666666666678,4.98,7.26000000000001,,9,0,straddle_abuse,0.022959550221761067,3,0.1769,23,4,0,1733,0,0,8960,69
2.702660429291427,0.47000000000000064,6.09,4.230000000000006,,9,0,straddle_abuse,0.03307643532752991,3,0.176,29,4,0,1733,0,0,9088,70
2.958482326939702,3.8688888888888897,37,34.82000000000001,,9,0,straddle_abuse,4.605729897816976,2,0.1751,27,4,0,1733,1,0.1111111111111111,9216,71
2.6529206298291683,0.021111111111111067,5.17,0.18999999999999959,,9,0,straddle_abuse,-0.009074315428733826,2,0.1743,29,4,0,1733,0,0,9344,72
2.668971683830023,2.746666666666663,22.26,24.719999999999967,,9,0,straddle_abuse,1.9844165245691936,6,0.1734,24,4,0,1733,0,0,9472,73
2.761943860910833,3.765555555555555,34.19,33.88999999999999,,9,0,straddle_abuse,4.76876163482666,5,0.1725,17,4,0,1733,1,0.1111111111111111,9600,74
2.627706952393055,0.6455555555555555,8.05,5.81,,9,0,straddle_abuse,0.2858501474062602,4,0.1717,17,4,0,1733,0,0,9728,75
2.5913421027362347,-0.14777777777777787,0,-1.3300000000000007,,9,0,straddle_abuse,-0.04811786115169525,0,0.1708,20,4,0,1733,0,0,9856,76
2.668192768469453,1.3222222222222222,11,11.9,,9,0,straddle_abuse,0.42453574140866596,2,0.1699,23,4,0,1733,0,0,9984,77
2.888653051108122,2.4355555555555557,23.38,21.92,,9,0,straddle_abuse,2.2059687773386636,3,0.1691,26,4,0,1733,0,0,10112,78
2.8607030641287565,3.7099999999999946,35.33,33.38999999999995,,9,0,straddle_abuse,5.95081361134847,1,0.1683,26,4,0,1733,1,0.1111111111111111,10240,79
2.8668576003983617,-0.1811111111111112,0,-1.6300000000000008,,9,0,straddle_abuse,0.005669901768366496,0,0.1674,23,4,0,1733,0,0,10368,80
2.68629168625921,0.024444444444443807,25.16,0.21999999999999426,,9,0,straddle_abuse,2.072059472401937,1,0.1666,14,4,0,1733,0,0,10496,81
2.811829541809857,1.654444444444447,12.41,14.890000000000024,,9,0,straddle_abuse,0.6574339866638184,5,0.1657,19,4,0,1733,0,0,10624,82
2.970784267410636,-0.2611111111111109,8.92,-2.3499999999999983,,9,0,straddle_abuse,0.006534566481908162,1,0.1649,24,4,0,1733,0,0,10752,83
2.8136718198657036,0.5533333333333342,6.45,4.980000000000008,,9,0,straddle_abuse,0.037285988529523216,1,0.1641,23,4,0,1733,0,0,10880,84
2.8431947454810143,-0.18555555555555547,10.67,-1.6699999999999993,,9,0,straddle_abuse,0.3093272348244985,1,0.1633,23,4,0,1733,0,0,11008,85
2.720246322453022,6.802222222222221,26.21,61.219999999999985,,9,0,straddle_abuse,4.060059547424316,15,0.1625,16,4,0,1733,0,0,11136,86
2.7801773324608803,4.115555555555556,35.68,37.04,,9,0,straddle_abuse,4.758893330891927,3,0.1616,23,4,0,1733,1,0.1111111111111111,11264,87
2.8282702350988984,3.969999999999997,18.83,35.729999999999976,,9,0,straddle_abuse,2.2700016498565674,3,0.1608,20,4,0,1733,0,0,11392,88
2.8765948563814163,-0.19111111111111123,6.94,-1.720000000000001,,9,0,straddle_abuse,-0.05103393395741781,4,0.16,21,4,0,1733,0,0,11520,89
2.9062340017408133,3.3099999999999965,18.17,29.789999999999967,,9,0,straddle_abuse,2.326824108759562,4,0.1592,20,4,0,1733,0,0,11648,90
3.0255327681079507,0.08888888888888874,3.06,0.7999999999999987,,9,0,straddle_abuse,-0.07766598463058472,2,0.1584,22,4,0,1733,0,0,11776,91
2.6830746242776513,1.2077777777777803,12.76,10.870000000000022,,9,0,straddle_abuse,0.8466398318608602,3,0.1576,17,4,0,1733,0,0,11904,92
2.811330571770668,-0.14888888888888896,0,-1.3400000000000007,,9,0,straddle_abuse,-0.09971059610446294,0,0.1569,21,4,0,1733,0,0,12032,93
2.695413594134152,-0.21222222222222237,3.08,-1.9100000000000013,,9,0,straddle_abuse,-0.09626369923353195,1,0.1561,12,4,0,1733,0,0,12160,94
2.8768424736335874,5.971111111111113,37,53.740000000000016,,9,0,straddle_abuse,7.17794132232666,4,0.1553,17,4,0,1733,1,0.1111111111111111,12288,95
2.826305728405714,-0.15444444444444455,1.84,-1.390000000000001,,9,0,straddle_abuse,-0.13384008407592773,1,0.1545,16,4,0,1733,0,0,12416,96
2.7480370309203863,4.575555555555554,37,41.179999999999986,,9,0,straddle_abuse,3.4286892414093018,2,0.1537,21,4,0,1733,1,0.1111111111111111,12544,97
2.766993665136397,-0.16333333333333308,11.56,-1.4699999999999978,,9,0,straddle_abuse,0.2641623616218567,2,0.153,23,4,0,1733,0,0,12672,98
2.8958994206041098,3.676666666666667,22.3,33.09,,9,0,straddle_abuse,2.301931858062744,7,0.1522,19,4,0,1733,0,0,12800,99
2.9821920888498425,1.01,11.56,9.09,,9,0,straddle_abuse,0.4154745241006215,2,0.25,27,5,0,1734,0,0,128,0
2.7891666404902935,0.7877777777777777,10.6,7.089999999999999,,9,0,straddle_abuse,0.33277002970377606,3,0.2487,42,5,0,1734,0,0,256,1
2.7925507687032223,-0.1866666666666668,2.54,-1.680000000000001,,9,0,straddle_abuse,-0.09946441650390625,2,0.2475,29,5,0,1734,0,0,384,2
2.865353754721582,-0.037777777777777896,4.66,-0.3400000000000011,,9,0,straddle_abuse,-0.10684683670600255,1,0.2463,29,5,0,1734,0,0,512,3
2.8467710949480534,1.6811111111111137,26.43,15.130000000000024,,9,0,straddle_abuse,0.9474422335624695,4,0.245,26,5,0,1734,0,0,640,4
2.752515411004424,0.38000000000000017,4.98,3.4200000000000017,,9,0,straddle_abuse,-0.012072838842868805,1,0.2438,30,5,0,1734,0,0,768,5
2.9892541617155075,-0.24444444444444452,0,-2.2000000000000006,,9,0,straddle_abuse,-0.13554136951764426,0,0.2426,38,5,0,1734,0,0,896,6
2.898007106035948,-0.27888888888888863,11.89,-2.5099999999999976,,9,0,straddle_abuse,0.07040006915728252,1,0.2414,31,5,0,1734,0,0,1024,7
2.8486177353188396,-0.2688888888888887,12.2,-2.419999999999998,,9,0,straddle_abuse,0.06695360442002614,1,0.2402,35,5,0,1734,0,0,1152,8
2.9050030894577503,0.07222222222222222,2.57,0.6499999999999999,,9,0,straddle_abuse,-0.09487650543451309,1,0.239,31,5,0,1734,0,0,1280,9
2.9507340602576733,-0.22555555555555568,0,-2.030000000000001,,9,0,straddle_abuse,-0.13323593636353812,0,0.2378,33,5,0,1734,0,0,1408,10
2.5986929312348366,0.5400000000000004,6.4,4.860000000000003,,9,0,straddle_abuse,0.09907460709412892,1,0.2366,25,5,0,1734,0,0,1536,11
2.9822727404534817,-0.29666666666666647,0,-2.669999999999998,,9,0,straddle_abuse,-0.14536955952644348,0,0.2354,32,5,0,1734,0,0,1664,12
2.815184621140361,3.876666666666662,37,34.88999999999996,,9,0,straddle_abuse,4.071987152099609,2,0.2342,37,5,0,1734,1,0.1111111111111111,1792,13
2.85390093177557,2.4088888888888875,23.64,21.67999999999999,,9,0,straddle_abuse,1.962276856104533,2,0.2331,31,5,0,1734,0,0,1920,14
2.6794060058891773,-0.13666666666666677,1.85,-1.2300000000000009,,9,0,straddle_abuse,-0.10755308717489243,1,0.2319,24,5,0,1734,0,0,2048,15
2.9374980814754963,0.664444444444446,7.12,5.980000000000014,,9,0,straddle_abuse,0.1892015884319941,3,0.2307,22,5,0,1734,0,0,2176,16
2.8356590941548347,2.789999999999999,26.8,25.109999999999992,,9,0,straddle_abuse,3.149259646733602,2,0.2296,31,5,0,1734,0,0,2304,17
2.7612531315535307,-0.20222222222222236,0,-1.8200000000000012,,9,0,straddle_abuse,-0.12703355650107065,0,0.2284,28,5,0,1734,0,0,2432,18
2.8689690083265305,1.2633333333333343,7.23,11.370000000000008,,9,0,straddle_abuse,0.1755816489458084,4,0.2273,29,5,0,1734,0,0,2560,19
2.808466645888984,-0.19222222222222238,0,-1.7300000000000013,,9,0,straddle_abuse,-0.11389900992314021,0,0.2262,23,5,0,1734,0,0,2688,20
2.774703267030418,0.17666666666666653,3.33,1.5899999999999987,,9,0,straddle_abuse,-0.07840196043252945,2,0.225,28,5,0,1734,0,0,2816,21
2.823690615594387,-0.18888888888888902,0,-1.7000000000000013,,9,0,straddle_abuse,-0.14304956793785095,0,0.2239,26,5,0,1734,0,0,2944,22
2.794982365332544,0.0644444444444444,4.07,0.5799999999999996,,9,0,straddle_abuse,-0.05614334593216578,9,0.2228,18,5,0,1734,0,0,3072,23
2.7987049873918295,0.3244444444444445,3.53,2.9200000000000004,,9,0,straddle_abuse,-0.06792297214269638,3,0.2217,32,5,0,1734,0,0,3200,24
2.8471558690071106,-0.18111111111111122,0,-1.630000000000001,,9,0,straddle_abuse,-0.131281649072965,0,0.2206,17,5,0,1734,0,0,3328,25
2.5348876733332872,0.3622222222222226,4.35,3.2600000000000033,,9,0,straddle_abuse,-0.03508484115203222,2,0.2195,32,5,0,1734,0,0,3456,26
2.8364751152694225,0.6233333333333335,4.68,5.610000000000001,,9,0,straddle_abuse,-0.029345395664374035,5,0.2184,37,5,0,1734,0,0,3584,27
2.7736037792637944,-0.12777777777777785,0,-1.1500000000000006,,9,0,straddle_abuse,-0.13158768912156424,0,0.2173,30,5,0,1734,0,0,3712,28
2.898942705243826,2.3955555555555543,11.72,21.559999999999988,,9,0,straddle_abuse,0.9038387139638265,6,0.2162,39,5,0,1734,0,0,3840,29
2.7471812441945076,-0.07777777777777782,0.45,-0.7000000000000004,,9,0,straddle_abuse,-0.09409702320893605,1,0.2151,27,5,0,1734,0,0,3968,30
2.6380179719999433,0.041111111111111036,1.62,0.36999999999999933,,9,0,straddle_abuse,-0.10458298524220784,1,0.214,28,5,0,1734,0,0,4096,31
2.70052404794842,0.30555555555555614,4.09,2.7500000000000053,,9,0,straddle_abuse,-0.02050665517648061,1,0.213,34,5,0,1734,0,0,4224,32
2.8402615766972303,1.2766666666666693,13.14,11.490000000000023,,9,0,straddle_abuse,0.7444432576497396,4,0.2119,23,5,0,1734,0,0,4352,33
2.6488847071304917,-0.1466666666666668,13.48,-1.3200000000000012,,9,0,straddle_abuse,0.16276405254999796,2,0.2108,25,5,0,1734,0,0,4480,34
2.6008313512429595,4.940000000000001,32.09,44.460000000000015,,9,0,straddle_abuse,4.0743937492370605,15,0.2098,23,5,0,1734,1,0.1111111111111111,4608,35
2.752914819866419,2.6155555555555536,24.76,23.53999999999998,,9,0,straddle_abuse,3.765965143839518,2,0.2087,19,5,0,1734,0,0,4736,36
2.6914124665781856,1.4922222222222234,14.06,13.43000000000001,,9,0,straddle_abuse,0.5468277533849081,5,0.2077,19,5,0,1734,0,0,4864,37
2.735806418582797,1.0455555555555576,9.54,9.410000000000018,,9,0,straddle_abuse,0.21823930740356445,4,0.2066,22,5,0,1734,0,0,4992,38
2.6518515842035413,1.6833333333333347,14.27,15.150000000000013,,9,0,straddle_abuse,0.6024719675381979,4,0.2056,25,5,0,1734,0,0,5120,39
2.6599371153861284,0.9800000000000022,6.52,8.82000000000002,,9,0,straddle_abuse,0.11054016649723053,2,0.2046,26,5,0,1734,0,0,5248,40
2.553149943239987,1.258888888888891,7.77,11.330000000000018,,9,0,straddle_abuse,0.4483724037806193,5,0.2036,16,5,0,1734,0,0,5376,41
2.7203750060871243,2.701111111111109,20.04,24.30999999999998,,9,0,straddle_abuse,1.381991942723592,6,0.2025,26,5,0,1734,0,0,5504,42
2.567063719034195,-0.08888888888888895,0,-0.8000000000000005,,9,0,straddle_abuse,-0.10085325439771016,0,0.2015,28,5,0,1734,0,0,5632,43
2.629815299063921,-0.13222222222222232,0,-1.1900000000000008,,9,0,straddle_abuse,-0.11672304073969524,0,0.2005,20,5,0,1734,0,0,5760,44
2.541352200321853,1.6811111111111119,16.15,15.130000000000006,,9,0,straddle_abuse,0.7809234857559204,3,0.1995,20,5,0,1734,0,0,5888,45
2.5884686447679996,1.6211111111111136,12.5,14.590000000000023,,9,0,straddle_abuse,0.5264451106389364,3,0.1985,23,5,0,1734,0,0,6016,46
2.861505340784788,6.862222222222219,34.69,61.75999999999998,,9,0,straddle_abuse,5.925723075866699,7,0.1975,22,5,0,1734,1,0.1111111111111111,6144,47
2.7791585847735405,-0.18222222222222237,0.36,-1.6400000000000012,,9,0,straddle_abuse,-0.1157243549823761,1,0.1965,28,5,0,1734,0,0,6272,48
2.5449805753305554,-0.1033333333333334,0,-0.9300000000000006,,9,0,straddle_abuse,-0.09151643514633179,0,0.1956,25,5,0,1734,0,0,6400,49
2.5139892250299454,-0.05444444444444453,9.25,-0.49000000000000077,,9,0,straddle_abuse,-0.05328754335641861,2,0.1946,16,5,0,1734,0,0,6528,50
2.693946440704167,-0.04444444444444489,19.82,-0.400000000000004,,9,0,straddle_abuse,1.6874291896820068,5,0.1936,14,5,0,1734,0,0,6656,51
2.863296702504158,-0.06000000000000008,1.17,-0.5400000000000007,,9,0,straddle_abuse,-0.12413620948791504,1,0.1926,33,5,0,1734,0,0,6784,52
2.8632519943639636,0.18111111111111142,19.92,1.6300000000000028,,9,0,straddle_abuse,0.9140848914782206,4,0.1917,25,5,0,1734,0,0,6912,53
2.7780067464336753,0.2066666666666672,3.54,1.8600000000000048,,9,0,straddle_abuse,-0.06610406438509624,1,0.1907,35,5,0,1734,0,0,7040,54
2.723434350453317,2.6388888888888844,25.18,23.74999999999996,,9,0,straddle_abuse,2.0590174198150635,1,0.1898,23,5,0,1734,0,0,7168,55
2.688746283762157,0.7844444444444444,8.28,7.06,,9,0,straddle_abuse,0.14279545843601227,4,0.1888,26,5,0,1734,0,0,7296,56
2.79790604673326,4.714444444444444,28.44,42.43,,9,0,straddle_abuse,4.65432866414388,6,0.1879,34,5,0,1734,0,0,7424,57
2.776991030201316,2.118888888888887,24.33,19.069999999999983,,9,0,straddle_abuse,1.8315430879592896,3,0.1869,22,5,0,1734,0,0,7552,58
2.6084309266880155,4.871111111111102,29.74,43.83999999999992,,9,0,straddle_abuse,4.5782707532246905,3,0.186,22,5,0,1734,0,0,7680,59
2.7453708043321967,-0.19444444444444456,0,-1.750000000000001,,9,0,straddle_abuse,0.007838184634844461,0,0.1851,23,5,0,1734,0,0,7808,60
2.740829411894083,-0.10777777777777785,0,-0.9700000000000006,,9,0,straddle_abuse,0.03133349617322286,0,0.1841,31,5,0,1734,0,0,7936,61
2.645120176486671,3.6233333333333326,33.4,32.60999999999999,,9,0,straddle_abuse,4.3643341064453125,4,0.1832,25,5,0,1734,1,0.1111111111111111,8064,62
2.6915445858612657,0.5766666666666675,26.43,5.190000000000008,,9,0,straddle_abuse,0.9946972926457723,6,0.1823,25,5,0,1734,0,0,8192,63
2.8497105576097965,1.6811111111111126,16.54,15.130000000000013,,9,0,straddle_abuse,0.8474681377410889,3,0.1814,29,5,0,1734,0,0,8320,64
2.7071789847686887,1.508888888888889,14.62,13.58,,9,0,straddle_abuse,0.707241157690684,2,0.1805,17,5,0,1734,0,0,8448,65
2.6238443478941917,1.240000000000003,6.42,11.160000000000029,,9,0,straddle_abuse,0.14244309067726135,5,0.1796,13,5,0,1734,0,0,8576,66
2.7090313863009214,-0.14555555555555566,0,-1.310000000000001,,9,0,straddle_abuse,-0.07487790286540985,0,0.1787,16,5,0,1734,0,0,8704,67
2.7477367846295238,-0.14666666666666678,0.88,-1.320000000000001,,9,0,straddle_abuse,-0.08118024965127309,1,0.1778,22,5,0,1734,0,0,8832,68
2.6703748675063252,-0.08222222222222227,1.15,-0.7400000000000004,,9,0,straddle_abuse,-0.09781951457262039,1,0.1769,23,5,0,1734,0,0,8960,69
2.63876848295331,3.3311111111111105,21.18,29.979999999999993,,9,0,straddle_abuse,1.8798505862553914,7,0.176,25,5,0,1734,0,0,9088,70
2.7440264988690615,1.3977777777777793,13.55,12.580000000000014,,9,0,straddle_abuse,0.7129584550857544,3,0.1751,29,5,0,1734,0,0,9216,71
2.7511067744344473,2.1822222222222214,19.82,19.639999999999993,,9,0,straddle_abuse,1.4967114925384521,7,0.1743,31,5,0,1734,0,0,9344,72
2.8057075161486864,0.8800000000000018,12.22,7.920000000000016,,9,0,straddle_abuse,0.24722341199715933,2,0.1734,24,5,0,1734,0,0,9472,73
2.838383757509291,-0.017777777777777632,17.03,-0.1599999999999987,,9,0,straddle_abuse,0.3738856116930644,3,0.1725,23,5,0,1734,0,0,9600,74
2.7249327152967453,1.2477777777777785,12.45,11.230000000000008,,9,0,straddle_abuse,0.44061849514643353,1,0.1717,30,5,0,1734,0,0,9728,75
2.6509217899292707,4.981111111111106,26.43,44.829999999999956,,9,0,straddle_abuse,3.418736219406128,4,0.1708,18,5,0,1734,0,0,9856,76
2.644156150519848,4.058888888888888,25.69,36.529999999999994,,9,0,straddle_abuse,3.1304341157277427,6,0.1699,18,5,0,1734,0,0,9984,77
2.6233921693637967,-0.19888888888888895,3.96,-1.7900000000000005,,9,0,straddle_abuse,0.010705038905143738,1,0.1691,31,5,0,1734,0,0,10112,78
2.708242204040289,2.1866666666666674,7.73,19.680000000000007,,9,0,straddle_abuse,0.2847662766774495,5,0.1683,24,5,0,1734,0,0,10240,79
2.669359472580254,0.6644444444444455,3.7,5.980000000000009,,9,0,straddle_abuse,0.033694436152776085,4,0.1674,28,5,0,1734,0,0,10368,80
2.733145168982446,3.4166666666666647,32.37,30.749999999999982,,9,0,straddle_abuse,3.442965825398763,3,0.1666,19,5,0,1734,1,0.1111111111111111,10496,81
2.7431865660473704,0.0011111111111110552,1.13,0.009999999999999497,,9,0,straddle_abuse,-0.03914607067902883,1,0.1657,25,5,0,1734,0,0,10624,82
2.81905834749341,1.9111111111111103,16.19,17.199999999999992,,9,0,straddle_abuse,1.508592168490092,6,0.1649,26,5,0,1734,0,0,10752,83
2.740361938253045,0.6655555555555562,15.42,5.990000000000006,,9,0,straddle_abuse,0.9111330707867941,3,0.1641,15,5,0,1734,0,0,10880,84
2.6188198840245605,4.539999999999993,30.06,40.859999999999935,,9,0,straddle_abuse,5.761773109436035,10,0.1633,14,5,0,1734,1,0.1111111111111111,11008,85
2.7369953030720353,1.6755555555555555,20.81,15.08,,9,0,straddle_abuse,0.9337076544761658,5,0.1625,21,5,0,1734,0,0,11136,86
2.750218901783228,-0.17333333333333345,0,-1.5600000000000012,,9,0,straddle_abuse,-0.09863998740911484,0,0.1616,15,5,0,1734,0,0,11264,87
2.7151185665279627,1.4144444444444466,11.56,12.73000000000002,,9,0,straddle_abuse,0.3102302650610606,3,0.1608,25,5,0,1734,0,0,11392,88
2.767882401123643,-0.030000000000000096,1.15,-0.27000000000000085,,9,0,straddle_abuse,-0.09639712919791539,1,0.16,19,5,0,1734,0,0,11520,89
2.743825463578105,2.817777777777776,28.78,25.35999999999998,,9,0,straddle_abuse,1.4949527184168498,4,0.1592,20,5,0,1734,0,0,11648,90
2.776887466199696,4.4522222222222165,20.26,40.06999999999995,,9,0,straddle_abuse,2.2733119328816733,8,0.1584,23,5,0,1734,0,0,11776,91
2.5751305306330323,0.9333333333333336,9.25,8.400000000000002,,9,0,straddle_abuse,0.3629661599795024,2,0.1576,17,5,0,1734,0,0,11904,92
2.7282526018097997,1.641111111111114,16.19,14.770000000000026,,9,0,straddle_abuse,0.5496858557065328,2,0.1569,15,5,0,1734,0,0,12032,93
2.7598086297512054,0.8455555555555568,6.03,7.610000000000012,,9,0,straddle_abuse,0.12216873466968536,8,0.1561,20,5,0,1734,0,0,12160,94
2.652529353275895,4.296666666666666,37,38.669999999999995,,9,0,straddle_abuse,4.886396567026774,2,0.1553,22,5,0,1734,1,0.1111111111111111,12288,95
2.59492595680058,2.3888888888888906,12.22,21.500000000000014,,9,0,straddle_abuse,0.47201405962308246,6,0.1545,23,5,0,1734,0,0,12416,96
2.6103560123592615,-0.03666666666666664,4.18,-0.32999999999999974,,9,0,straddle_abuse,-0.03335368633270264,3,0.1537,19,5,0,1734,0,0,12544,97
2.720251679420471,0.8066666666666674,8.69,7.260000000000007,,9,0,straddle_abuse,0.2287349154551824,4,0.153,15,5,0,1734,0,0,12672,98
2.801893897354603,3.4899999999999975,32.96,31.40999999999998,,9,0,straddle_abuse,3.337750275929769,1,0.1522,19,5,0,1734,1,0.1111111111111111,12800,99
2.980321212671697,-0.2511111111111112,7.06,-2.2600000000000007,,9,0,straddle_abuse,-0.09984056651592255,2,0.25,38,6,0,1735,0,0,128,0
2.8613263461738825,-0.20777777777777792,0,-1.8700000000000012,,9,0,straddle_abuse,-0.14219068984190622,0,0.2487,28,6,0,1735,0,0,256,1
2.9081765096634626,1.0688888888888908,11.56,9.620000000000017,,9,0,straddle_abuse,0.4852038125197093,1,0.2475,32,6,0,1735,0,0,384,2
2.827242014929652,-0.21000000000000013,0,-1.8900000000000012,,9,0,straddle_abuse,-0.1432493031024933,0,0.2463,19,6,0,1735,0,0,512,3
2.8171947840601206,-0.178888888888889,6.66,-1.6100000000000012,,9,0,straddle_abuse,-0.11121905346711476,1,0.245,29,6,0,1735,0,0,640,4
2.7908012736588717,0.29,4.4,2.61,,9,0,straddle_abuse,-0.05691079795360565,1,0.2438,29,6,0,1735,0,0,768,5
2.7528718328103423,0.05666666666666657,2.26,0.5099999999999991,,9,0,straddle_abuse,-0.11467909812927246,1,0.2426,36,6,0,1735,0,0,896,6
2.7828168449923396,0.4888888888888896,9.31,4.400000000000007,,9,0,straddle_abuse,0.03613341351350149,3,0.2414,34,6,0,1735,0,0,1024,7
2.7688855845481157,-0.18444444444444455,0,-1.660000000000001,,9,0,straddle_abuse,-0.15084599951903024,0,0.2402,33,6,0,1735,0,0,1152,8
2.8454690603539348,2.8699999999999997,27.75,25.83,,9,0,straddle_abuse,3.025710105895996,1,0.239,32,6,0,1735,0,0,1280,9
2.828650646843016,-0.16888888888888898,0.16,-1.5200000000000007,,9,0,straddle_abuse,-0.1288447380065918,1,0.2378,36,6,0,1735,0,0,1408,10
2.6443427577614784,0.9933333333333348,10.03,8.940000000000014,,9,0,straddle_abuse,0.29736263553301495,3,0.2366,22,6,0,1735,0,0,1536,11
2.6985969934612513,-0.17222222222222222,2.23,-1.55,,9,0,straddle_abuse,-0.1100649784008662,1,0.2354,32,6,0,1735,0,0,1664,12
2.8287845281884074,0.2622222222222228,3.97,2.360000000000005,,9,0,straddle_abuse,-0.09285199145476024,2,0.2342,23,6,0,1735,0,0,1792,13
2.82868136651814,1.591111111111113,19.4,14.320000000000016,,9,0,straddle_abuse,0.9764520724614462,2,0.2331,28,6,0,1735,0,0,1920,14
2.702494004741311,0.017777777777777677,1.6,0.1599999999999991,,9,0,straddle_abuse,-0.1184391329685847,2,0.2319,29,6,0,1735,0,0,2048,15
2.668628458864987,7.0833333333333295,36.71,63.749999999999964,,9,0,straddle_abuse,7.811141490936279,9,0.2307,29,6,0,1735,1,0.1111111111111111,2176,16
2.710937324911356,1.2177777777777787,21.51,10.960000000000008,,9,0,straddle_abuse,0.898620069026947,5,0.2296,29,6,0,1735,0,0,2304,17
2.7140865894034505,-0.1222222222222223,0.48,-1.1000000000000008,,9,0,straddle_abuse,-0.12388671686251958,1,0.2284,33,6,0,1735,0,0,2432,18
2.6977410037070513,0.542222222222223,4.63,4.880000000000007,,9,0,straddle_abuse,-0.022047112385431927,3,0.2273,33,6,0,1735,0,0,2560,19
2.7928379690274596,-0.19222222222222238,0,-1.7300000000000013,,9,0,straddle_abuse,-0.14353010058403015,0,0.2262,35,6,0,1735,0,0,2688,20
2.74198254942894,-0.19555555555555568,0.89,-1.7600000000000011,,9,0,straddle_abuse,-0.12601013481616974,1,0.225,30,6,0,1735,0,0,2816,21
2.867916824296117,-0.18111111111111122,0,-1.630000000000001,,9,0,straddle_abuse,-0.15655566255251566,0,0.2239,28,6,0,1735,0,0,2944,22
2.6489776661619544,-0.13444444444444448,3.79,-1.2100000000000002,,9,0,straddle_abuse,-0.1064552515745163,1,0.2228,28,6,0,1735,0,0,3072,23
2.824632791802287,0.9733333333333337,6.62,8.760000000000003,,9,0,straddle_abuse,0.11987128853797913,4,0.2217,26,6,0,1735,0,0,3200,24
2.696825247257948,0.4344444444444457,26.43,3.9100000000000112,,9,0,straddle_abuse,2.080861727396647,5,0.2206,32,6,0,1735,0,0,3328,25
2.6617890894412994,-0.11777777777777766,27.07,-1.059999999999999,,9,0,straddle_abuse,3.2531155745188394,7,0.2195,28,6,0,1735,0,0,3456,26
2.7609345074743032,4.424444444444441,18.5,39.819999999999965,,9,0,straddle_abuse,3.2469163735707602,3,0.2184,28,6,0,1735,0,0,3584,27
2.858569400385022,-0.2144444444444446,0.06,-1.9300000000000015,,9,0,straddle_abuse,-0.14847402274608612,1,0.2173,24,6,0,1735,0,0,3712,28
2.933056650683284,-0.2300000000000001,5.25,-2.0700000000000007,,9,0,straddle_abuse,-0.12664838135242462,1,0.2162,35,6,0,1735,0,0,3840,29
2.768565308302641,0.11333333333333392,15.86,1.0200000000000053,,9,0,straddle_abuse,0.8363193273544312,2,0.2151,25,6,0,1735,0,0,3968,30
2.899580830708146,1.5077777777777817,23.1,13.570000000000034,,9,0,straddle_abuse,1.2578526337941487,2,0.214,17,6,0,1735,0,0,4096,31
2.8808207819238305,1.1511111111111125,12.34,10.360000000000012,,9,0,straddle_abuse,0.25440632303555805,2,0.213,25,6,0,1735,0,0,4224,32
2.7822320461273193,4.8033333333333355,29.49,43.23000000000002,,9,0,straddle_abuse,5.896643320719401,5,0.2119,29,6,0,1735,0,0,4352,33
2.692376270890236,-0.1066666666666667,9.24,-0.9600000000000003,,9,0,straddle_abuse,0.174936314423879,3,0.2108,21,6,0,1735,0,0,4480,34
2.8319683503359556,1.9377777777777767,18.58,17.43999999999999,,9,0,straddle_abuse,1.6247151692708333,2,0.2098,26,6,0,1735,0,0,4608,35
2.741503668949008,-0.14222222222222233,0.83,-1.280000000000001,,9,0,straddle_abuse,-0.10419628769159317,1,0.2087,30,6,0,1735,0,0,4736,36
2.7830689158290625,-0.11222222222222235,0.66,-1.0100000000000011,,9,0,straddle_abuse,-0.1100406398375829,1,0.2077,26,6,0,1735,0,0,4864,37
2.8562356885522604,-0.24222222222222228,0,-2.1800000000000006,,9,0,straddle_abuse,-0.12413103381792705,0,0.2066,25,6,0,1735,0,0,4992,38
2.939568690955639,0.19888888888888928,12.88,1.7900000000000036,,9,0,straddle_abuse,0.08318427205085754,2,0.2056,30,6,0,1735,0,0,5120,39
2.9023484960198402,2.195555555555551,21.54,19.75999999999996,,9,0,straddle_abuse,2.4357258478800454,1,0.2046,24,6,0,1735,0,0,5248,40
2.8230714462697506,1.8288888888888861,27.75,16.459999999999976,,9,0,straddle_abuse,1.2533152103424072,5,0.2036,36,6,0,1735,0,0,5376,41
2.7972063766792417,-0.2155555555555557,0,-1.9400000000000013,,9,0,straddle_abuse,-0.1283309062321981,0,0.2025,33,6,0,1735,0,0,5504,42
2.843536078929901,1.4866666666666704,10.88,13.380000000000033,,9,0,straddle_abuse,0.34781498710314435,6,0.2015,19,6,0,1735,0,0,5632,43
2.7721762899309397,1.0977777777777797,10.98,9.880000000000019,,9,0,straddle_abuse,0.39783975481987,6,0.2005,17,6,0,1735,0,0,5760,44
2.8679350446909666,-0.1677777777777779,0.07,-1.510000000000001,,9,0,straddle_abuse,-0.13221708436806998,1,0.1995,31,6,0,1735,0,0,5888,45
2.8319911528378725,-0.15222222222222237,0.43,-1.3700000000000014,,9,0,straddle_abuse,-0.13627842565377554,1,0.1985,21,6,0,1735,0,0,6016,46
2.907687039114535,3.887777777777778,37,34.99,,9,0,straddle_abuse,6.2460581461588545,3,0.1975,27,6,0,1735,1,0.1111111111111111,6144,47
2.751029474660754,0.12333333333333346,19.82,1.1100000000000012,,9,0,straddle_abuse,0.6395294666290283,5,0.1965,20,6,0,1735,0,0,6272,48
2.838308058679104,0.012222222222222126,2.02,0.10999999999999913,,9,0,straddle_abuse,-0.12395722915728886,1,0.1956,21,6,0,1735,0,0,6400,49
2.8413916397839785,3.056666666666667,19.82,27.510000000000005,,9,0,straddle_abuse,1.768222451210022,5,0.1946,20,6,0,1735,0,0,6528,50
2.822220280766487,0.5422222222222239,15.91,4.880000000000015,,9,0,straddle_abuse,1.2316010395685832,3,0.1936,26,6,0,1735,0,0,6656,51
2.6994920168071985,-0.12777777777777788,11.89,-1.150000000000001,,9,0,straddle_abuse,0.09538077811400096,2,0.1926,27,6,0,1735,0,0,6784,52
2.7373035261407495,1.472222222222223,14.98,13.250000000000007,,9,0,straddle_abuse,1.080631415049235,1,0.1917,25,6,0,1735,0,0,6912,53
2.760935690253973,-0.18777777777777793,0.95,-1.6900000000000013,,9,0,straddle_abuse,-0.12624471386273703,1,0.1907,29,6,0,1735,0,0,7040,54
2.835369335487485,-0.24555555555555564,2.62,-2.210000000000001,,9,0,straddle_abuse,-0.12207271655400594,1,0.1898,22,6,0,1735,0,0,7168,55
2.7348447358235717,-0.11888888888888897,2.21,-1.0700000000000007,,9,0,straddle_abuse,-0.1304067075252533,1,0.1888,22,6,0,1735,0,0,7296,56
2.751966565847397,1.9255555555555535,14.15,17.32999999999998,,9,0,straddle_abuse,1.0528105894724529,6,0.1879,25,6,0,1735,0,0,7424,57
2.6055440846830606,1.5111111111111153,15.36,13.600000000000037,,9,0,straddle_abuse,0.7406724294026693,3,0.1869,23,6,0,1735,0,0,7552,58
2.7745024245232344,1.4944444444444467,14.93,13.45000000000002,,9,0,straddle_abuse,0.8991538882255554,1,0.186,24,6,0,1735,0,0,7680,59
2.7175366347655654,-0.15222222222222212,27.75,-1.369999999999999,,9,0,straddle_abuse,0.5663061738014221,2,0.1851,21,6,0,1735,0,0,7808,60
2.732071208767593,-0.02333333333333342,1.24,-0.2100000000000008,,9,0,straddle_abuse,-0.09363060692946117,1,0.1841,25,6,0,1735,0,0,7936,61
2.9209428541362286,4.021111111111111,27.75,36.19,,9,0,straddle_abuse,4.600637118021647,4,0.1832,20,6,0,1735,0,0,8064,62
2.7697664918377995,0.611111111111112,7.07,5.500000000000009,,9,0,straddle_abuse,0.09821379681428273,1,0.1823,23,6,0,1735,0,0,8192,63
2.8329847529530525,-0.20555555555555566,2.59,-1.850000000000001,,9,0,straddle_abuse,-0.08880755801995595,1,0.1814,17,6,0,1735,0,0,8320,64
2.630898711271584,1.1844444444444466,27.75,10.66000000000002,,9,0,straddle_abuse,0.9792011777559916,5,0.1805,27,6,0,1735,0,0,8448,65
2.6673275269567966,0.03777777777777764,1.99,0.33999999999999875,,9,0,straddle_abuse,-0.09597070515155792,1,0.1796,19,6,0,1735,0,0,8576,66
2.8254909832030535,5.61444444444444,25.44,50.52999999999996,,9,0,straddle_abuse,4.334683259328206,8,0.1787,22,6,0,1735,0,0,8704,67
2.78726121224463,3.831111111111107,18.5,34.47999999999996,,9,0,straddle_abuse,2.080754041671753,10,0.1778,17,6,0,1735,0,0,8832,68
2.7026104405522346,0.10444444444444437,2.23,0.9399999999999993,,9,0,straddle_abuse,-0.10661947975556056,4,0.1769,23,6,0,1735,0,0,8960,69
2.659271353855729,0.023333333333333244,1.5,0.2099999999999992,,9,0,straddle_abuse,-0.11280942956606548,1,0.176,20,6,0,1735,0,0,9088,70
2.7883029971271753,1.0311111111111142,18.33,9.280000000000028,,9,0,straddle_abuse,0.40496591726938885,1,0.1751,23,6,0,1735,0,0,9216,71
2.8203940261155367,-0.20777777777777792,0,-1.8700000000000012,,9,0,straddle_abuse,-0.12072795629501343,0,0.1743,21,6,0,1735,0,0,9344,72
2.752843993715942,1.366666666666668,10.98,12.300000000000013,,9,0,straddle_abuse,0.5426094730695089,6,0.1734,27,6,0,1735,0,0,9472,73
2.7841565646231174,0.23888888888888926,5.52,2.1500000000000035,,9,0,straddle_abuse,-0.07575289160013199,3,0.1725,21,6,0,1735,0,0,9600,74
2.7958449199795723,-0.208888888888889,1.66,-1.8800000000000012,,9,0,straddle_abuse,-0.12461689362923305,1,0.1717,25,6,0,1735,0,0,9728,75
2.780238024890423,0.46222222222222265,3.6,4.160000000000004,,9,0,straddle_abuse,-0.04831084112326304,2,0.1708,24,6,0,1735,0,0,9856,76
2.720329664647579,-0.17222222222222233,2.22,-1.550000000000001,,9,0,straddle_abuse,-0.09846020489931107,1,0.1699,17,6,0,1735,0,0,9984,77
2.687584998086095,1.0311111111111129,15.4,9.280000000000015,,9,0,straddle_abuse,0.546816090742747,3,0.1691,16,6,0,1735,0,0,10112,78
2.7618902269750834,1.8155555555555543,17.72,16.33999999999999,,9,0,straddle_abuse,1.580000877380371,1,0.1683,25,6,0,1735,0,0,10240,79
2.8556612795218825,-0.20888888888888904,1.84,-1.8800000000000014,,9,0,straddle_abuse,-0.12017700572808583,1,0.1674,19,6,0,1735,0,0,10368,80
2.671393063850701,0.7366666666666668,7.13,6.630000000000002,,9,0,straddle_abuse,0.11624053617318471,3,0.1666,18,6,0,1735,0,0,10496,81
2.742476495914161,1.2155555555555564,10.72,10.940000000000007,,9,0,straddle_abuse,0.34156404932339984,5,0.1657,17,6,0,1735,0,0,10624,82
2.8514962000772357,-0.18444444444444452,9.25,-1.6600000000000006,,9,0,straddle_abuse,0.2824174960454305,2,0.1649,22,6,0,1735,0,0,10752,83
2.8677821392193437,-0.1955555555555557,0,-1.7600000000000013,,9,0,straddle_abuse,-0.10772104561328888,0,0.1641,17,6,0,1735,0,0,10880,84
2.6574987526983023,0.566666666666667,5.78,5.100000000000003,,9,0,straddle_abuse,0.038776655991872154,3,0.1633,25,6,0,1735,0,0,11008,85
2.6712125027552247,0.2733333333333335,7.93,2.4600000000000013,,9,0,straddle_abuse,0.03559671342372894,2,0.1625,26,6,0,1735,0,0,11136,86
2.7362917875871062,3.943333333333335,37,35.490000000000016,,9,0,straddle_abuse,6.3685377438863116,2,0.1616,23,6,0,1735,1,0.1111111111111111,11264,87
2.912963218986988,5.271111111111114,36.34,47.440000000000026,,9,0,straddle_abuse,5.9360049565633135,3,0.1608,23,6,0,1735,1,0.1111111111111111,11392,88
2.6341987308114767,1.83222222222222,22.71,16.48999999999998,,9,0,straddle_abuse,0.9505332708358765,9,0.16,24,6,0,1735,0,0,11520,89
2.786207570694387,-0.17444444444444446,8.67,-1.57,,9,0,straddle_abuse,0.056745871901512146,1,0.1592,15,6,0,1735,0,0,11648,90
2.6230408074334264,0.3011111111111119,3.97,2.710000000000007,,9,0,straddle_abuse,-0.06998815635840099,3,0.1584,19,6,0,1735,0,0,11776,91
2.710687132552266,3.4599999999999995,32.37,31.139999999999997,,9,0,straddle_abuse,3.9485642115275064,3,0.1576,16,6,0,1735,1,0.1111111111111111,11904,92
2.731810544617474,0.1944444444444451,2.89,1.750000000000006,,9,0,straddle_abuse,-0.09997188051541646,2,0.1569,14,6,0,1735,0,0,12032,93
2.7416656902059913,2.334444444444445,18.83,21.01000000000001,,9,0,straddle_abuse,1.5039591391881306,4,0.1561,15,6,0,1735,0,0,12160,94
2.78055754955858,-0.16666666666666677,0,-1.5000000000000009,,9,0,straddle_abuse,-0.10412229349215825,0,0.1553,24,6,0,1735,0,0,12288,95
2.902275098487735,0.04999999999999987,2.67,0.44999999999999885,,9,0,straddle_abuse,-0.10125504434108734,1,0.1545,21,6,0,1735,0,0,12416,96
2.6467748330906034,1.1733333333333338,11.9,10.560000000000004,,9,0,straddle_abuse,0.2453210453192393,1,0.1537,22,6,0,1735,0,0,12544,97
2.808461115695536,0.23111111111111113,3.56,2.08,,9,0,straddle_abuse,-0.056638134022553764,2,0.153,14,6,0,1735,0,0,12672,98
2.804763817228377,2.23222222222222,21.59,20.08999999999998,,9,0,straddle_abuse,1.367478569348653,4,0.1522,16,6,0,1735,0,0,12800,99
2.8615735713392496,-0.24222222222222234,0,-2.180000000000001,,9,0,straddle_abuse,-0.12090595811605453,0,0.25,34,7,0,1736,0,0,128,0
2.853555154055357,1.838888888888889,23.96,16.55,,9,0,straddle_abuse,0.8240207235018412,5,0.2487,31,7,0,1736,0,0,256,1
2.68170796521008,1.9655555555555517,20.81,17.689999999999966,,9,0,straddle_abuse,0.9861294627189636,4,0.2475,34,7,0,1736,0,0,384,2
2.867622923105955,1.9200000000000002,16.16,17.28,,9,0,straddle_abuse,0.9563548763593038,5,0.2463,40,7,0,1736,0,0,512,3
2.7794925989583135,0.32666666666666655,2.54,2.939999999999999,,9,0,straddle_abuse,-0.0809895892937978,2,0.245,31,7,0,1736,0,0,640,4
2.78353888168931,-0.19444444444444456,0,-1.750000000000001,,9,0,straddle_abuse,-0.09787221997976303,0,0.2438,28,7,0,1736,0,0,768,5
2.8839128147810698,-0.18111111111111125,0,-1.6300000000000012,,9,0,straddle_abuse,-0.12888641158739725,0,0.2426,32,7,0,1736,0,0,896,6
2.857227938249707,2.795555555555551,27.18,25.15999999999996,,9,0,straddle_abuse,1.6717760562896729,2,0.2414,35,7,0,1736,0,0,1024,7
2.7605863865464926,0.6933333333333348,7.77,6.2400000000000135,,9,0,straddle_abuse,0.1162562370300293,1,0.2402,33,7,0,1736,0,0,1152,8
2.807175233028829,3.395555555555553,19.92,30.559999999999977,,9,0,straddle_abuse,1.2877363363901775,5,0.239,33,7,0,1736,0,0,1280,9
2.8697547651827335,2.9999999999999973,23.12,26.999999999999975,,9,0,straddle_abuse,1.5682664314905803,4,0.2378,26,7,0,1736,0,0,1408,10
2.598724721930921,1.3166666666666675,12.99,11.850000000000009,,9,0,straddle_abuse,0.44704832633336383,2,0.2366,36,7,0,1736,0,0,1536,11
2.7881985064595938,1.5277777777777803,21.59,13.750000000000023,,9,0,straddle_abuse,0.9168654481569926,3,0.2354,26,7,0,1736,0,0,1664,12
2.800697911530733,1.3955555555555597,26.4,12.560000000000038,,9,0,straddle_abuse,1.8697547912597656,2,0.2342,23,7,0,1736,0,0,1792,13
2.7511605583131313,0.2188888888888889,17.96,1.9700000000000002,,9,0,straddle_abuse,1.088751236597697,4,0.2331,33,7,0,1736,0,0,1920,14
2.7966611832380295,0.009999999999999851,2.13,0.08999999999999866,,9,0,straddle_abuse,-0.1217499350508054,4,0.2319,24,7,0,1736,0,0,2048,15
2.805513611063361,-0.18666666666666681,0,-1.6800000000000013,,9,0,straddle_abuse,-0.12260561436414719,0,0.2307,37,7,0,1736,0,0,2176,16
2.6629140870645642,3.324444444444441,25.77,29.91999999999997,,9,0,straddle_abuse,3.6649746100107827,5,0.2296,26,7,0,1736,0,0,2304,17
2.7089890418574214,2.103333333333336,9.96,18.930000000000025,,9,0,straddle_abuse,0.5206307967503866,5,0.2284,28,7,0,1736,0,0,2432,18
2.772049522958696,0.0933333333333334,2.97,0.8400000000000005,,9,0,straddle_abuse,-0.09083072592814763,3,0.2273,20,7,0,1736,0,0,2560,19
2.72393767349422,-0.17111111111111107,5.95,-1.5399999999999996,,9,0,straddle_abuse,-0.10721215854088466,1,0.2262,32,7,0,1736,0,0,2688,20
2.6855534752830863,-0.13888888888888898,0,-1.2500000000000009,,9,0,straddle_abuse,-0.12355845918258031,0,0.225,28,7,0,1736,0,0,2816,21
2.6564100487157702,-0.12666666666666673,0,-1.1400000000000006,,9,0,straddle_abuse,-0.11908040444056193,0,0.2239,25,7,0,1736,0,0,2944,22
2.736822892911732,7.669999999999994,37,69.02999999999994,,9,0,straddle_abuse,5.498251279195149,5,0.2228,31,7,0,1736,1,0.1111111111111111,3072,23
2.812341269105673,6.866666666666665,35.68,61.79999999999999,,9,0,straddle_abuse,10.297880172729492,10,0.2217,33,7,0,1736,1,0.1111111111111111,3200,24
2.6814673487097025,0.7722222222222224,8.18,6.950000000000001,,9,0,straddle_abuse,0.15087083478768668,2,0.2206,29,7,0,1736,0,0,3328,25
2.857709787786007,0.32666666666666705,4.85,2.9400000000000035,,9,0,straddle_abuse,-0.03706746796766917,1,0.2195,31,7,0,1736,0,0,3456,26
2.7729224003851414,5.705555555555552,35.68,51.34999999999997,,9,0,straddle_abuse,5.442489147186279,4,0.2184,28,7,0,1736,1,0.1111111111111111,3584,27
2.795651831664145,0.8800000000000019,14.39,7.920000000000017,,9,0,straddle_abuse,0.8097440600395203,3,0.2173,24,7,0,1736,0,0,3712,28
2.8446782203391194,2.8977777777777742,27.75,26.07999999999997,,9,0,straddle_abuse,2.5204856395721436,6,0.2162,32,7,0,1736,0,0,3840,29
2.6702609676867723,0.9355555555555579,8.99,8.420000000000021,,9,0,straddle_abuse,0.17903841535250345,5,0.2151,30,7,0,1736,0,0,3968,30
2.6380185168236494,1.874444444444437,16.53,16.869999999999933,,9,0,straddle_abuse,1.1657783190409343,6,0.214,34,7,0,1736,0,0,4096,31
2.6599680818617344,0.4900000000000011,6.02,4.41000000000001,,9,0,straddle_abuse,0.06225485603014628,1,0.213,23,7,0,1736,0,0,4224,32
2.741468378342688,0.24444444444444516,7.58,2.2000000000000064,,9,0,straddle_abuse,0.006966893871625264,3,0.2119,24,7,0,1736,0,0,4352,33
2.634274195879698,1.6900000000000017,11.89,15.210000000000015,,9,0,straddle_abuse,0.5627142985661825,4,0.2108,23,7,0,1736,0,0,4480,34
2.775278555229306,0.6711111111111121,7.71,6.040000000000009,,9,0,straddle_abuse,0.10871884723504384,2,0.2098,30,7,0,1736,0,0,4608,35
2.8044474767521024,2.9522222222222227,28.44,26.570000000000004,,9,0,straddle_abuse,3.1050406297047934,2,0.2087,25,7,0,1736,0,0,4736,36
2.8054636558517814,2.6055555555555543,25.27,23.44999999999999,,9,0,straddle_abuse,2.56406839688619,2,0.2077,29,7,0,1736,0,0,4864,37
2.670015102252364,2.318888888888889,12.69,20.87,,9,0,straddle_abuse,0.8120185931523641,4,0.2066,29,7,0,1736,0,0,4992,38
2.6802569730207324,3.9499999999999997,37,35.55,,9,0,straddle_abuse,6.62340768178304,5,0.2056,26,7,0,1736,1,0.1111111111111111,5120,39
2.5654124347493052,3.4511111111111106,32.37,31.059999999999995,,9,0,straddle_abuse,4.152520815531413,2,0.2046,27,7,0,1736,1,0.1111111111111111,5248,40
2.6694880463182926,2.1255555555555494,20.44,19.129999999999946,,9,0,straddle_abuse,1.2476335366566975,4,0.2036,29,7,0,1736,0,0,5376,41
2.593752737157047,0.9988888888888918,7.54,8.990000000000027,,9,0,straddle_abuse,0.3137892484664917,3,0.2025,24,7,0,1736,0,0,5504,42
2.659797554835677,-0.10888888888888895,0,-0.9800000000000005,,9,0,straddle_abuse,0.11815064152081807,0,0.2015,21,7,0,1736,0,0,5632,43
2.590569962747395,0.1966666666666675,2.97,1.7700000000000073,,9,0,straddle_abuse,0.06708057721455891,2,0.2005,26,7,0,1736,0,0,5760,44
2.6067695282399654,-0.17777777777777817,28.26,-1.6000000000000036,,9,0,straddle_abuse,1.8594783544540405,1,0.1995,25,7,0,1736,0,0,5888,45
2.8217318700626493,0.40222222222222287,23.12,3.620000000000006,,9,0,straddle_abuse,1.2868404785792034,3,0.1985,33,7,0,1736,0,0,6016,46
2.6625748993828893,2.3299999999999965,17.53,20.96999999999997,,9,0,straddle_abuse,1.4475383758544922,5,0.1975,20,7,0,1736,0,0,6144,47
2.689845684915781,2.37444444444444,22.82,21.36999999999996,,9,0,straddle_abuse,2.650430758794149,1,0.1965,24,7,0,1736,0,0,6272,48
2.722191834822297,1.9755555555555528,17.13,17.779999999999976,,9,0,straddle_abuse,1.0872232516606648,4,0.1956,25,7,0,1736,0,0,6400,49
2.6522945230826735,8.466999999999997,37,84.66999999999997,,10,0,straddle_abuse,10.030447324117025,6,0.1946,27,7,0,1736,2,0.2,6528,50
2.6327722165733576,-0.007777777777777746,9.96,-0.06999999999999972,,9,0,straddle_abuse,0.1585157811641693,4,0.1936,24,7,0,1736,0,0,6656,51
2.655491467565298,0.41666666666666746,3.96,3.750000000000007,,9,0,straddle_abuse,-0.036146203676859535,6,0.1926,24,7,0,1736,0,0,6784,52
2.7960136150941253,-0.14444444444444454,0.67,-1.300000000000001,,9,0,straddle_abuse,-0.09230487793684006,1,0.1917,18,7,0,1736,0,0,6912,53
2.7137877149507403,0.4433333333333342,5.49,3.9900000000000078,,9,0,straddle_abuse,0.043227205673853554,3,0.1907,28,7,0,1736,0,0,7040,54
2.88179524615407,1.5866666666666667,15.92,14.28,,9,0,straddle_abuse,1.1381417910257976,1,0.1898,23,7,0,1736,0,0,7168,55
2.7361537162214518,-0.21777777777777796,1.85,-1.9600000000000015,,9,0,straddle_abuse,-0.08919147153695424,1,0.1888,27,7,0,1736,0,0,7296,56
2.746186500415206,3.714444444444443,30.26,33.429999999999986,,9,0,straddle_abuse,3.269127686818441,7,0.1879,23,7,0,1736,1,0.1111111111111111,7424,57
2.7469238275662065,-0.21555555555555567,3.97,-1.940000000000001,,9,0,straddle_abuse,-0.08769143869479497,1,0.1869,29,7,0,1736,0,0,7552,58
2.671718235127628,2.616666666666666,15.86,23.549999999999994,,9,0,straddle_abuse,1.140716552734375,5,0.186,25,7,0,1736,0,0,7680,59
2.8461611540988088,3.4366666666666656,32.73,30.92999999999999,,9,0,straddle_abuse,3.5176636377970376,2,0.1851,16,7,0,1736,1,0.1111111111111111,7808,60
3.019233824685216,-0.2511111111111112,0,-2.2600000000000007,,9,0,straddle_abuse,-0.11578644315401714,0,0.1841,27,7,0,1736,0,0,7936,61
2.7762945350259542,-0.21111111111111125,0,-1.9000000000000012,,9,0,straddle_abuse,-0.11043975750605266,0,0.1832,19,7,0,1736,0,0,8064,62
2.832044898532331,1.375555555555558,7.86,12.380000000000022,,9,0,straddle_abuse,0.2482263147830963,4,0.1823,29,7,0,1736,0,0,8192,63
2.6563407722860575,-0.21000000000000008,4.44,-1.8900000000000008,,9,0,straddle_abuse,-0.06703784316778183,3,0.1814,29,7,0,1736,0,0,8320,64
2.70396432839334,3.0233333333333268,20.35,27.20999999999994,,9,0,straddle_abuse,1.3945241371790569,5,0.1805,20,7,0,1736,0,0,8448,65
2.826145889237523,-0.2155555555555557,0,-1.9400000000000013,,9,0,straddle_abuse,-0.14918428659439087,0,0.1796,20,7,0,1736,0,0,8576,66
2.5962521452456713,0.12111111111111066,25.11,1.0899999999999959,,9,0,straddle_abuse,2.3700950940450034,3,0.1787,23,7,0,1736,0,0,8704,67
2.7764579840004444,1.6277777777777802,16.11,14.650000000000022,,9,0,straddle_abuse,0.8038344581921896,4,0.1778,18,7,0,1736,0,0,8832,68
2.694362509995699,1.0200000000000016,9.25,9.180000000000014,,9,0,straddle_abuse,0.22794783115386963,3,0.1769,25,7,0,1736,0,0,8960,69
2.7956115286797285,-0.198888888888889,3.4,-1.7900000000000011,,9,0,straddle_abuse,-0.10795865207910538,3,0.176,28,7,0,1736,0,0,9088,70
2.622529703192413,-0.1966666666666668,0,-1.7700000000000011,,9,0,straddle_abuse,-0.11759314934412639,0,0.1751,17,7,0,1736,0,0,9216,71
2.5135781057178974,1.594444444444446,28.78,14.350000000000016,,9,0,straddle_abuse,1.7508370478947957,3,0.1743,20,7,0,1736,0,0,9344,72
2.7312182672321796,5.464444444444447,34.19,49.18000000000002,,9,0,straddle_abuse,5.851685206095378,4,0.1734,25,7,0,1736,1,0.1111111111111111,9472,73
2.6971341632306576,5.345555555555552,34.69,48.109999999999964,,9,0,straddle_abuse,6.815142790476481,5,0.1725,21,7,0,1736,1,0.1111111111111111,9600,74
2.611833555623889,3.717777777777777,34.63,33.459999999999994,,9,0,straddle_abuse,5.257023970286052,4,0.1717,14,7,0,1736,1,0.1111111111111111,9728,75
2.722891747020185,3.9455555555555555,37,35.51,,9,0,straddle_abuse,4.674266974131267,3,0.1708,18,7,0,1736,1,0.1111111111111111,9856,76
2.883083403110504,2.032222222222222,23.64,18.289999999999996,,9,0,straddle_abuse,1.3224376837412517,4,0.1699,23,7,0,1736,0,0,9984,77
2.7194739785045385,-0.1500000000000001,0,-1.350000000000001,,9,0,straddle_abuse,-0.06761933118104935,0,0.1691,23,7,0,1736,0,0,10112,78
2.5546091524884105,-0.1577777777777779,0,-1.420000000000001,,9,0,straddle_abuse,-0.06379243234793346,0,0.1683,20,7,0,1736,0,0,10240,79
2.6227247091010213,3.4022222222222194,25.44,30.619999999999973,,9,0,straddle_abuse,2.1939545472462973,4,0.1674,24,7,0,1736,0,0,10368,80
2.699736190959811,2.0422222222222213,10.07,18.379999999999992,,9,0,straddle_abuse,0.7189772129058838,2,0.1666,17,7,0,1736,0,0,10496,81
2.610862215049565,1.098888888888891,11.65,9.890000000000018,,9,0,straddle_abuse,0.18982024987538657,8,0.1657,16,7,0,1736,0,0,10624,82
2.6237263893708587,5.444444444444442,37,48.99999999999998,,9,0,straddle_abuse,5.839169820149739,7,0.1649,27,7,0,1736,1,0.1111111111111111,10752,83
2.7118779653683305,1.8255555555555556,10.56,16.43,,9,0,straddle_abuse,0.38553420702616376,4,0.1641,14,7,0,1736,0,0,10880,84
2.631452496163547,-0.18888888888888902,0,-1.7000000000000013,,9,0,straddle_abuse,0.01661589741706848,0,0.1633,17,7,0,1736,0,0,11008,85
2.578694988042116,-0.15888888888888897,0,-1.4300000000000008,,9,0,straddle_abuse,-0.016547153393427532,0,0.1625,20,7,0,1736,0,0,11136,86
2.646777751855552,6.264444444444441,32.37,56.379999999999974,,9,0,straddle_abuse,5.040915807088216,4,0.1616,19,7,0,1736,1,0.1111111111111111,11264,87
2.652380500920117,-0.14777777777777787,0,-1.3300000000000007,,9,0,straddle_abuse,-0.07869665076335271,0,0.1608,14,7,0,1736,0,0,11392,88
2.6281825406476855,4.788888888888892,35.44,43.10000000000003,,9,0,straddle_abuse,4.932922840118408,4,0.16,25,7,0,1736,1,0.1111111111111111,11520,89
2.5899937245994806,-0.15777777777777754,13.21,-1.419999999999998,,9,0,straddle_abuse,0.19334213932355246,3,0.1592,24,7,0,1736,0,0,11648,90
2.548098301514983,0.566666666666667,6.23,5.100000000000003,,9,0,straddle_abuse,0.052313302954037987,3,0.1584,25,7,0,1736,0,0,11776,91
2.701310974545777,0.13777777777777775,2.95,1.2399999999999998,,9,0,straddle_abuse,-0.055657426516215004,1,0.1576,25,7,0,1736,0,0,11904,92
2.74010762386024,5.325555555555555,20.53,47.92999999999999,,9,0,straddle_abuse,2.9176438649495444,7,0.1569,21,7,0,1736,0,0,12032,93
2.5910182800143957,1.2844444444444472,13.22,11.560000000000024,,9,0,straddle_abuse,0.49042438467343646,9,0.1561,24,7,0,1736,0,0,12160,94
2.7398246992379427,0.8455555555555561,4.98,7.610000000000005,,9,0,straddle_abuse,0.03164328138033549,2,0.1553,22,7,0,1736,0,0,12288,95
2.710999240167439,1.69888888888889,16.77,15.29000000000001,,9,0,straddle_abuse,1.255446155865987,2,0.1545,25,7,0,1736,0,0,12416,96
2.5987793263047934,-0.062222222222222005,14.12,-0.559999999999998,,9,0,straddle_abuse,0.26269423961639404,11,0.1537,25,7,0,1736,0,0,12544,97
2.571094182319939,2.5311111111111066,22.63,22.77999999999996,,9,0,straddle_abuse,2.1326303482055664,7,0.153,20,7,0,1736,0,0,12672,98
2.7294857427477837,0.007777777777777686,1.63,0.06999999999999917,,9,0,straddle_abuse,-0.08672981709241867,1,0.1522,25,7,0,1736,0,0,12800,99
2.7941583953797817,-0.19222222222222238,0,-1.7300000000000013,,9,0,straddle_abuse,-0.13852428396542868,0,0.25,28,8,0,1737,0,0,128,0
2.9496881254017353,0.78,9.25,7.0200000000000005,,9,0,straddle_abuse,0.3254029154777527,1,0.2487,23,8,0,1737,0,0,256,1
2.9290901999920607,1.5166666666666684,12.58,13.650000000000016,,9,0,straddle_abuse,0.640083114306132,4,0.2475,24,8,0,1737,0,0,384,2
2.817744620144367,-0.21888888888888902,0,-1.9700000000000013,,9,0,straddle_abuse,-0.12360343088706334,0,0.2463,27,8,0,1737,0,0,512,3
2.8319073244929314,1.7966666666666649,9.2,16.169999999999984,,9,0,straddle_abuse,0.40607279539108276,6,0.245,33,8,0,1737,0,0,640,4
2.859231239184737,-0.17666666666666678,0,-1.590000000000001,,9,0,straddle_abuse,-0.1123329649368922,0,0.2438,30,8,0,1737,0,0,768,5
2.689497766084969,1.2611111111111137,12.94,11.350000000000023,,9,0,straddle_abuse,0.5609771609306335,2,0.2426,34,8,0,1737,0,0,896,6
2.646253142505884,0.23444444444444457,23.17,2.110000000000001,,9,0,straddle_abuse,1.8440887928009033,2,0.2414,34,8,0,1737,0,0,1024,7
2.888216532766819,1.7133333333333332,23.79,15.419999999999998,,9,0,straddle_abuse,1.40402090549469,1,0.2402,27,8,0,1737,0,0,1152,8
2.9346492029726505,-0.22000000000000014,0,-1.9800000000000013,,9,0,straddle_abuse,-0.10813480118910472,0,0.239,28,8,0,1737,0,0,1280,9
2.7504004407674074,1.2211111111111126,7.94,10.990000000000013,,9,0,straddle_abuse,0.21512549122174582,3,0.2378,30,8,0,1737,0,0,1408,10
2.7550099780783057,0.07555555555555545,1.76,0.679999999999999,,9,0,straddle_abuse,-0.10536649326483409,2,0.2366,24,8,0,1737,0,0,1536,11
2.737673076801002,0.6522222222222231,7.77,5.870000000000008,,9,0,straddle_abuse,0.048901453614234924,1,0.2354,32,8,0,1737,0,0,1664,12
2.913675980642438,2.523333333333337,11.9,22.710000000000033,,9,0,straddle_abuse,0.9931724667549133,4,0.2342,27,8,0,1737,0,0,1792,13
2.7798789953812957,-0.22000000000000014,0,-1.9800000000000013,,9,0,straddle_abuse,-0.13439362744490305,0,0.2331,29,8,0,1737,0,0,1920,14
2.787140822969377,-0.1844444444444445,13.21,-1.6600000000000004,,9,0,straddle_abuse,0.06478214263916016,3,0.2319,25,8,0,1737,0,0,2048,15
2.6410503210499883,0.3788888888888889,4.78,3.41,,9,0,straddle_abuse,-0.02307949463526408,4,0.2307,30,8,0,1737,0,0,2176,16
2.7674683276563883,1.3933333333333349,9.25,12.540000000000013,,9,0,straddle_abuse,0.31791073083877563,2,0.2296,47,8,0,1737,0,0,2304,17
2.814275606535375,-0.11777777777777781,2.62,-1.0600000000000003,,9,0,straddle_abuse,-0.11677221953868866,2,0.2284,31,8,0,1737,0,0,2432,18
2.869500270113349,3.1066666666666634,11.89,27.95999999999997,,9,0,straddle_abuse,1.1573572556177776,6,0.2273,31,8,0,1737,0,0,2560,19
2.820191314443946,0.3344444444444453,4.84,3.010000000000008,,9,0,straddle_abuse,-0.0387544184923172,2,0.2262,20,8,0,1737,0,0,2688,20
2.785963809117675,2.257777777777776,14.23,20.319999999999983,,9,0,straddle_abuse,0.5198468764623007,2,0.225,27,8,0,1737,0,0,2816,21
2.79505455493927,0.25666666666666704,4.16,2.310000000000003,,9,0,straddle_abuse,-0.10365822662909825,2,0.2239,34,8,0,1737,0,0,2944,22
2.746157815679908,2.171111111111114,14.35,19.540000000000024,,9,0,straddle_abuse,1.0177350441614788,3,0.2228,20,8,0,1737,0,0,3072,23
2.9049569368362427,0.40444444444444566,5.14,3.640000000000011,,9,0,straddle_abuse,-0.024740556875864666,3,0.2217,30,8,0,1737,0,0,3200,24
2.7980187088251114,-0.20444444444444446,9.06,-1.84,,9,0,straddle_abuse,0.1433030217885971,2,0.2206,34,8,0,1737,0,0,3328,25
2.752367241308093,-0.1855555555555557,0,-1.6700000000000013,,9,0,straddle_abuse,-0.1278858259320259,0,0.2195,24,8,0,1737,0,0,3456,26
2.850760243833065,-0.19333333333333347,0,-1.7400000000000013,,9,0,straddle_abuse,-0.136918842792511,0,0.2184,35,8,0,1737,0,0,3584,27
2.788387255743146,0.13888888888888923,3.21,1.250000000000003,,9,0,straddle_abuse,-0.07361134886741638,1,0.2173,31,8,0,1737,0,0,3712,28
2.9364439006894827,0.5322222222222236,11.43,4.7900000000000125,,9,0,straddle_abuse,0.4478699763615926,3,0.2162,27,8,0,1737,0,0,3840,29
2.835343025624752,1.2944444444444467,18.5,11.65000000000002,,9,0,straddle_abuse,0.769037663936615,3,0.2151,25,8,0,1737,0,0,3968,30
2.9867056757211685,1.0955555555555558,13.22,9.860000000000003,,9,0,straddle_abuse,0.3667917847633362,3,0.214,25,8,0,1737,0,0,4096,31
2.6830877978354692,1.631111111111112,15.31,14.680000000000009,,9,0,straddle_abuse,1.119877020517985,6,0.213,29,8,0,1737,0,0,4224,32
2.7987141646444798,-0.158888888888889,0,-1.430000000000001,,9,0,straddle_abuse,-0.1143730456630389,0,0.2119,29,8,0,1737,0,0,4352,33
2.63800875749439,-0.1477777777777779,0,-1.330000000000001,,9,0,straddle_abuse,-0.10191369305054347,0,0.2108,27,8,0,1737,0,0,4480,34
2.73670544475317,-0.18111111111111103,6.49,-1.6299999999999992,,9,0,straddle_abuse,0.02234490712483724,2,0.2098,20,8,0,1737,0,0,4608,35
2.636333543807268,1.9155555555555515,27.75,17.239999999999963,,9,0,straddle_abuse,1.5059334834416707,4,0.2087,25,8,0,1737,0,0,4736,36
2.780516104772687,-0.19333333333333347,0,-1.740000000000001,,9,0,straddle_abuse,-0.12122281889120738,0,0.2077,26,8,0,1737,0,0,4864,37
2.8749385038390756,3.9411111111111095,33.37,35.469999999999985,,9,0,straddle_abuse,5.224446614583333,3,0.2066,27,8,0,1737,1,0.1111111111111111,4992,38
2.8396107433363795,0.6833333333333351,6.94,6.150000000000016,,9,0,straddle_abuse,0.1026712457338969,3,0.2056,28,8,0,1737,0,0,5120,39
2.73112129047513,2.564444444444442,27.62,23.07999999999998,,9,0,straddle_abuse,3.0448903242746987,1,0.2046,29,8,0,1737,0,0,5248,40
2.90215808711946,-0.16555555555555565,0,-1.4900000000000009,,9,0,straddle_abuse,-0.11950615545113881,0,0.2036,26,8,0,1737,0,0,5376,41
2.784047793596983,-0.1766666666666667,6.47,-1.5900000000000003,,9,0,straddle_abuse,0.0029416282971700034,1,0.2025,29,8,0,1737,0,0,5504,42
2.7912893034517765,-0.17000000000000007,0,-1.5300000000000007,,9,0,straddle_abuse,-0.11518699427445729,0,0.2015,23,8,0,1737,0,0,5632,43
2.6807320155203342,0.23444444444444498,8.54,2.1100000000000048,,9,0,straddle_abuse,0.07622437675793965,2,0.2005,28,8,0,1737,0,0,5760,44
2.645693002268672,3.6055555555555605,32.37,32.450000000000045,,9,0,straddle_abuse,4.479583104451497,3,0.1995,23,8,0,1737,1,0.1111111111111111,5888,45
2.8098102547228336,0.7711111111111123,8.38,6.940000000000011,,9,0,straddle_abuse,0.3809754053751628,2,0.1985,26,8,0,1737,0,0,6016,46
2.810443392023444,0.376666666666667,4.38,3.390000000000003,,9,0,straddle_abuse,-0.0474648450811704,2,0.1975,28,8,0,1737,0,0,6144,47
2.7518489519134164,0.17000000000000026,27.75,1.5300000000000025,,9,0,straddle_abuse,1.7981080214182537,5,0.1965,21,8,0,1737,0,0,6272,48
2.6677706325426698,4.284444444444444,35.68,38.559999999999995,,9,0,straddle_abuse,5.488681157430013,2,0.1956,21,8,0,1737,1,0.1111111111111111,6400,49
2.710646767169237,1.8422222222222233,11.87,16.58000000000001,,9,0,straddle_abuse,0.6197819312413534,3,0.1946,25,8,0,1737,0,0,6528,50
2.880524806678295,-0.23111111111111127,0,-2.0800000000000014,,9,0,straddle_abuse,-0.11219566812117894,0,0.1936,25,8,0,1737,0,0,6656,51
2.8624956142157316,0.36444444444444474,27.75,3.2800000000000025,,9,0,straddle_abuse,0.5982050100962321,1,0.1926,26,8,0,1737,0,0,6784,52
2.7848766203969717,-0.16333333333333344,0,-1.4700000000000009,,9,0,straddle_abuse,-0.10682254284620285,0,0.1917,24,8,0,1737,0,0,6912,53
2.8877104111015797,-0.21111111111111128,0,-1.9000000000000015,,9,0,straddle_abuse,-0.12615048388640085,0,0.1907,23,8,0,1737,0,0,7040,54
2.776504823938012,3.9611111111111126,37,35.65000000000001,,9,0,straddle_abuse,4.803294976552327,3,0.1898,21,8,0,1737,1,0.1111111111111111,7168,55
2.6807881956920028,3.2333333333333285,30.6,29.099999999999955,,9,0,straddle_abuse,3.0432146390279136,2,0.1888,26,8,0,1737,1,0.1111111111111111,7296,56
2.7392912916839123,3.8088888888888954,35.68,34.28000000000006,,9,0,straddle_abuse,3.128918727238973,1,0.1879,24,8,0,1737,1,0.1111111111111111,7424,57
2.8407751945778728,-0.1500000000000001,0,-1.350000000000001,,9,0,straddle_abuse,-0.13344184557596842,0,0.1869,23,8,0,1737,0,0,7552,58
2.938779299147427,-0.22222222222222238,0,-2.0000000000000013,,9,0,straddle_abuse,-0.13109454015890756,0,0.186,24,8,0,1737,0,0,7680,59
2.781242704950273,-0.1900000000000001,0,-1.710000000000001,,9,0,straddle_abuse,-0.1274952491124471,0,0.1851,23,8,0,1737,0,0,7808,60
2.8609674517065287,0.7422222222222232,8.42,6.6800000000000095,,9,0,straddle_abuse,0.03825230896472931,3,0.1841,28,8,0,1737,0,0,7936,61
2.587046886794269,-0.1055555555555556,0,-0.9500000000000004,,9,0,straddle_abuse,-0.11837579806645711,0,0.1832,20,8,0,1737,0,0,8064,62
2.730197034776211,0.4244444444444446,3.06,3.8200000000000016,,9,0,straddle_abuse,-0.059523421029249825,2,0.1823,15,8,0,1737,0,0,8192,63
2.787730036303401,-0.20222222222222236,0,-1.8200000000000012,,9,0,straddle_abuse,-0.1287730485200882,0,0.1814,21,8,0,1737,0,0,8320,64
2.825254843570292,-0.1866666666666668,1.73,-1.680000000000001,,9,0,straddle_abuse,-0.12085155646006267,1,0.1805,17,8,0,1737,0,0,8448,65
2.752878036350012,-0.15444444444444436,8,-1.3899999999999992,,9,0,straddle_abuse,0.0259301761786143,3,0.1796,27,8,0,1737,0,0,8576,66
2.657084349542856,-0.14333333333333337,4.44,-1.2900000000000003,,9,0,straddle_abuse,-0.09568968663613002,1,0.1787,18,8,0,1737,0,0,8704,67
2.823141820728779,1.151111111111115,11.36,10.360000000000035,,9,0,straddle_abuse,0.6867483456929525,3,0.1778,20,8,0,1737,0,0,8832,68
2.8476945348083973,2.098888888888888,20.65,18.88999999999999,,9,0,straddle_abuse,1.9155202309290569,2,0.1769,26,8,0,1737,0,0,8960,69
2.6711701955646276,0.10222222222222244,11.9,0.9200000000000019,,9,0,straddle_abuse,0.7456388473510742,4,0.176,23,8,0,1737,0,0,9088,70
2.7342142956331372,0.5522222222222233,6.4,4.9700000000000095,,9,0,straddle_abuse,0.02550967037677765,7,0.1751,25,8,0,1737,0,0,9216,71
2.686571887694299,1.9166666666666687,14.06,17.250000000000018,,9,0,straddle_abuse,0.8135167360305786,5,0.1743,15,8,0,1737,0,0,9344,72
2.7332627726718783,1.1822222222222245,11.9,10.64000000000002,,9,0,straddle_abuse,0.46059395869572956,2,0.1734,25,8,0,1737,0,0,9472,73
2.6447023386135697,2.167777777777778,13.97,19.51,,9,0,straddle_abuse,0.7249767780303955,4,0.1725,23,8,0,1737,0,0,9600,74
2.752288179472089,2.2199999999999975,29.73,19.97999999999998,,9,0,straddle_abuse,2.055455764134725,5,0.1717,20,8,0,1737,0,0,9728,75
2.6362678930163383,-0.10888888888888897,0,-0.9800000000000006,,9,0,straddle_abuse,-0.06221603602170944,0,0.1708,22,8,0,1737,0,0,9856,76
2.8834899216890335,0.6855555555555556,7.5,6.17,,9,0,straddle_abuse,0.20306320985158285,4,0.1699,21,8,0,1737,0,0,9984,77
2.8080995455384254,-0.15444444444444447,6.22,-1.3900000000000001,,9,0,straddle_abuse,0.012595539291699728,2,0.1691,18,8,0,1737,0,0,10112,78
2.7439300632104278,0.23555555555555585,4.38,2.1200000000000028,,9,0,straddle_abuse,-0.026959168414274853,4,0.1683,26,8,0,1737,0,0,10240,79
2.7394466809928417,3.405555555555552,28.78,30.649999999999967,,9,0,straddle_abuse,2.3520174821217856,4,0.1674,26,8,0,1737,0,0,10368,80
2.6955876238644123,0.3555555555555571,4.95,3.200000000000014,,9,0,straddle_abuse,0.028359134991963703,2,0.1666,21,8,0,1737,0,0,10496,81
2.6917749932035804,1.3333333333333348,13.18,12.000000000000014,,9,0,straddle_abuse,0.8041344483693441,7,0.1657,12,8,0,1737,0,0,10624,82
2.6836453462019563,-0.13000000000000064,18.5,-1.1700000000000057,,9,0,straddle_abuse,0.9292532006899515,3,0.1649,21,8,0,1737,0,0,10752,83
2.670812791213393,6.204444444444446,37,55.84000000000002,,9,0,straddle_abuse,4.664675076802571,5,0.1641,18,8,0,1737,1,0.1111111111111111,10880,84
2.6329537043347955,-0.09777777777777785,0.34,-0.8800000000000007,,9,0,straddle_abuse,-0.1265486627817154,1,0.1633,23,8,0,1737,0,0,11008,85
2.738236967474222,-0.10222222222222216,7.4,-0.9199999999999995,,9,0,straddle_abuse,0.12223700682322185,4,0.1625,29,8,0,1737,0,0,11136,86
2.77418873924762,-0.11666666666666675,0.34,-1.0500000000000007,,9,0,straddle_abuse,-0.12563092758258185,1,0.1616,28,8,0,1737,0,0,11264,87
2.8126038815826178,-0.178888888888889,0,-1.6100000000000012,,9,0,straddle_abuse,-0.11526790509621303,0,0.1608,24,8,0,1737,0,0,11392,88
2.692833749577403,0.08222222222222207,2.49,0.7399999999999987,,9,0,straddle_abuse,-0.11485309898853302,1,0.16,23,8,0,1737,0,0,11520,89
2.9468605183064938,2.2011111111111097,21.87,19.809999999999988,,9,0,straddle_abuse,2.42529296875,1,0.1592,29,8,0,1737,0,0,11648,90
2.8865215498954058,-0.19777777777777794,0,-1.7800000000000014,,9,0,straddle_abuse,-0.14286026855309805,0,0.1584,21,8,0,1737,0,0,11776,91
2.765352062880993,0.2622222222222226,9.31,2.3600000000000034,,9,0,straddle_abuse,0.22075181702772775,5,0.1576,19,8,0,1737,0,0,11904,92
2.907623548991978,-0.19777777777777772,13.22,-1.7799999999999994,,9,0,straddle_abuse,0.331638365983963,1,0.1569,14,8,0,1737,0,0,12032,93
2.885146550834179,1.1622222222222256,9.25,10.460000000000031,,9,0,straddle_abuse,0.22651014725367227,3,0.1561,19,8,0,1737,0,0,12160,94
2.725661794655025,2.1555555555555554,20.81,19.4,,9,0,straddle_abuse,2.2413643995920816,6,0.1553,21,8,0,1737,0,0,12288,95
2.9473502561450005,-0.20444444444444435,13.21,-1.8399999999999992,,9,0,straddle_abuse,-0.006855900088946025,1,0.1545,22,8,0,1737,0,0,12416,96
2.9153598435223103,5.3344444444444346,33.3,48.00999999999991,,9,0,straddle_abuse,5.751973946889241,4,0.1537,22,8,0,1737,1,0.1111111111111111,12544,97
2.8750572688877583,-0.19000000000000014,0,-1.7100000000000013,,9,0,straddle_abuse,-0.13393233716487885,0,0.153,15,8,0,1737,0,0,12672,98
2.9084266405552626,-0.2255555555555556,6.61,-2.0300000000000002,,9,0,straddle_abuse,-0.09995140631993611,1,0.1522,19,8,0,1737,0,0,12800,99
2.8699462339282036,-0.20888888888888904,3.96,-1.8800000000000014,,9,0,straddle_abuse,-0.12457833935817082,1,0.25,36,9,0,1738,0,0,128,0
2.962928805500269,0.22777777777777863,10.3,2.050000000000008,,9,0,straddle_abuse,0.05029835303624471,1,0.2487,38,9,0,1738,0,0,256,1
2.9307588562369347,1.358888888888891,14.13,12.23000000000002,,9,0,straddle_abuse,0.46437321106592816,2,0.2475,31,9,0,1738,0,0,384,2
2.753901993855834,0.2444444444444449,3.96,2.200000000000004,,9,0,straddle_abuse,-0.06330541024605434,1,0.2463,27,9,0,1738,0,0,512,3
2.9677971079945564,2.1411111111111114,16.41,19.270000000000003,,9,0,straddle_abuse,1.3110178709030151,3,0.245,28,9,0,1738,0,0,640,4
2.919016469269991,-0.19555555555555573,2.81,-1.7600000000000016,,9,0,straddle_abuse,-0.09910042335589726,2,0.2438,24,9,0,1738,0,0,768,5
2.814396845176816,0.12111111111111102,2.95,1.0899999999999992,,9,0,straddle_abuse,-0.0873479296763738,1,0.2426,34,9,0,1738,0,0,896,6
2.7386030489578843,2.4711111111111084,23.79,22.239999999999977,,9,0,straddle_abuse,2.1774868170420327,3,0.2414,40,9,0,1738,0,0,1024,7
2.7119435844942927,-0.19444444444444456,0,-1.750000000000001,,9,0,straddle_abuse,-0.12473537772893906,0,0.2402,38,9,0,1738,0,0,1152,8
2.9685679972171783,-0.26333333333333325,0,-2.369999999999999,,9,0,straddle_abuse,-0.16183324654897055,0,0.239,33,9,0,1738,0,0,1280,9
2.726980620995164,2.6066666666666647,20.26,23.459999999999983,,9,0,straddle_abuse,2.182643493016561,4,0.2378,35,9,0,1738,0,0,1408,10
2.777103044092655,-0.20666666666666678,3.95,-1.860000000000001,,9,0,straddle_abuse,-0.10765143483877182,2,0.2366,24,9,0,1738,0,0,1536,11
2.7895702105015516,2.175555555555556,17.57,19.580000000000002,,9,0,straddle_abuse,1.4369587898254395,4,0.2354,31,9,0,1738,0,0,1664,12
2.5665152110159397,0.5144444444444445,5.91,4.63,,9,0,straddle_abuse,0.03326729933420817,1,0.2342,32,9,0,1738,0,0,1792,13
2.8072100300341845,-0.1766666666666668,0,-1.5900000000000012,,9,0,straddle_abuse,-0.12885656456152597,0,0.2331,31,9,0,1738,0,0,1920,14
2.7506904574111104,-0.17888888888888899,2.62,-1.610000000000001,,9,0,straddle_abuse,-0.11214599510033925,1,0.2319,33,9,0,1738,0,0,2048,15
2.6624591602012515,-0.14222222222222228,0,-1.2800000000000005,,9,0,straddle_abuse,-0.15173430740833282,0,0.2307,29,9,0,1738,0,0,2176,16
2.5931269228458405,0.2055555555555556,2.97,1.8500000000000003,,9,0,straddle_abuse,-0.07640189677476883,1,0.2296,27,9,0,1738,0,0,2304,17
2.598179374821484,-0.15888888888888897,0,-1.4300000000000006,,9,0,straddle_abuse,-0.14624401926994324,0,0.2284,37,9,0,1738,0,0,2432,18
2.6387336188927293,0.8477777777777776,9.16,7.629999999999999,,9,0,straddle_abuse,0.22861211995283762,2,0.2273,28,9,0,1738,0,0,2560,19
2.5577381318435073,2.379999999999999,13.93,21.41999999999999,,9,0,straddle_abuse,1.001761555671692,12,0.2262,31,9,0,1738,0,0,2688,20
2.6511095352470875,-0.1122222222222222,5.69,-1.0099999999999998,,9,0,straddle_abuse,-0.029613109926382702,2,0.225,28,9,0,1738,0,0,2816,21
2.7468070797622204,1.2922222222222226,13.04,11.630000000000004,,9,0,straddle_abuse,1.0664763450622559,5,0.2239,21,9,0,1738,0,0,2944,22
2.576839631423354,3.149999999999994,27.68,28.349999999999948,,9,0,straddle_abuse,3.3497485319773355,8,0.2228,26,9,0,1738,0,0,3072,23
2.588328203186393,0.9222222222222237,9.31,8.300000000000013,,9,0,straddle_abuse,0.2489026039838791,4,0.2217,27,9,0,1738,0,0,3200,24
2.5946778720244765,6.885555555555555,37,61.97,,9,0,straddle_abuse,6.526126702626546,4,0.2206,28,9,0,1738,1,0.1111111111111111,3328,25
2.675261026248336,0.3744444444444452,10.67,3.3700000000000068,,9,0,straddle_abuse,0.34490753213564557,3,0.2195,33,9,0,1738,0,0,3456,26
2.5115537149831653,0.06111111111111109,3.88,0.5499999999999998,,9,0,straddle_abuse,-0.06692435344060262,3,0.2184,27,9,0,1738,0,0,3584,27
2.6755636809393764,-0.15000000000000008,0,-1.3500000000000008,,9,0,straddle_abuse,-0.09067357828219731,0,0.2173,27,9,0,1738,0,0,3712,28
2.380857853218913,0.4922222222222228,3.68,4.430000000000005,,9,0,straddle_abuse,-0.042534954845905304,3,0.2162,31,9,0,1738,0,0,3840,29
2.6189447147771716,-0.08666666666666674,0.24,-0.7800000000000007,,9,0,straddle_abuse,-0.09884397933880489,1,0.2151,28,9,0,1738,0,0,3968,30
2.5809102654457092,-0.13777777777777786,0,-1.2400000000000007,,9,0,straddle_abuse,-0.11292072137196858,0,0.214,33,9,0,1738,0,0,4096,31
2.6349869463592768,-0.12777777777777785,0,-1.1500000000000006,,9,0,straddle_abuse,-0.13370641072591147,0,0.213,31,9,0,1738,0,0,4224,32
2.702411685138941,-0.1522222222222223,3.93,-1.3700000000000006,,9,0,straddle_abuse,-0.11259476095438004,1,0.2119,30,9,0,1738,0,0,4352,33
2.655696208588779,-0.12555555555555561,0,-1.1300000000000006,,9,0,straddle_abuse,-0.10526520262161891,0,0.2108,30,9,0,1738,0,0,4480,34
2.805302457883954,-0.23444444444444448,0,-2.1100000000000003,,9,0,straddle_abuse,-0.13620772461096445,0,0.2098,26,9,0,1738,0,0,4608,35
2.6830475321039557,-0.16222222222222216,5.87,-1.4599999999999993,,9,0,straddle_abuse,0.004221037030220032,4,0.2087,30,9,0,1738,0,0,4736,36
2.6788904136046767,-0.1577777777777779,0,-1.420000000000001,,9,0,straddle_abuse,-0.12127822389205296,0,0.2077,25,9,0,1738,0,0,4864,37
2.666906110011041,1.6522222222222251,8.49,14.870000000000026,,9,0,straddle_abuse,0.5090331633885702,4,0.2066,32,9,0,1738,0,0,4992,38
2.68626896943897,-0.1511111111111112,0,-1.3600000000000008,,9,0,straddle_abuse,-0.12052662918965022,0,0.2056,23,9,0,1738,0,0,5120,39
2.7432541390880942,0.16888888888888895,3.56,1.5200000000000005,,9,0,straddle_abuse,-0.09576197961966197,3,0.2046,24,9,0,1738,0,0,5248,40
2.780091270804405,0.16555555555555548,2.97,1.4899999999999993,,9,0,straddle_abuse,-0.08489630868037541,2,0.2036,27,9,0,1738,0,0,5376,41
2.5600511180236936,0.6411111111111112,10.06,5.7700000000000005,,9,0,straddle_abuse,0.15913196901480356,3,0.2025,26,9,0,1738,0,0,5504,42
2.516331285238266,2.12111111111111,9.99,19.08999999999999,,9,0,straddle_abuse,0.6218937635421753,4,0.2015,22,9,0,1738,0,0,5632,43
2.7182725369930267,0.7155555555555563,4.22,6.440000000000007,,9,0,straddle_abuse,-0.0030760218699773154,5,0.2005,32,9,0,1738,0,0,5760,44
2.571082493290305,0.41111111111111165,14,3.700000000000005,,9,0,straddle_abuse,0.43487786253293353,5,0.1995,18,9,0,1738,0,0,5888,45
2.6489716013893485,-0.12777777777777785,0,-1.1500000000000006,,9,0,straddle_abuse,-0.11637719968954723,0,0.1985,27,9,0,1738,0,0,6016,46
2.5595936868339777,-0.08333333333333338,0,-0.7500000000000004,,9,0,straddle_abuse,-0.11384370923042297,0,0.1975,27,9,0,1738,0,0,6144,47
2.6470246873795986,-0.16000000000000003,5.28,-1.4400000000000004,,9,0,straddle_abuse,-0.04139665514230728,1,0.1965,31,9,0,1738,0,0,6272,48
2.6061885952949524,0.9277777777777799,9.25,8.35000000000002,,9,0,straddle_abuse,0.5550688107808431,3,0.1956,27,9,0,1738,0,0,6400,49
2.6272456143051386,0.2677777777777784,17.13,2.4100000000000055,,9,0,straddle_abuse,0.5392661293347677,3,0.1946,32,9,0,1738,0,0,6528,50
2.6145748924463987,0.06999999999999994,1.8,0.6299999999999994,,9,0,straddle_abuse,-0.10522202650705974,1,0.1936,30,9,0,1738,0,0,6656,51
2.687589737586677,4.865555555555558,28.72,43.79000000000002,,9,0,straddle_abuse,3.9339168071746826,7,0.1926,19,9,0,1738,0,0,6784,52
2.7758628353476524,-0.1766666666666668,0,-1.5900000000000012,,9,0,straddle_abuse,-0.11914073427518208,0,0.1917,24,9,0,1738,0,0,6912,53
2.648151135072112,-0.12777777777777788,2.29,-1.1500000000000008,,9,0,straddle_abuse,-0.12518935153881708,1,0.1907,26,9,0,1738,0,0,7040,54
2.658834971487522,7.053333333333333,37,63.48,,9,0,straddle_abuse,6.427509148915608,6,0.1898,24,9,0,1738,1,0.1111111111111111,7168,55
2.580474302172661,0.13999999999999996,2.31,1.2599999999999996,,9,0,straddle_abuse,-0.0883866548538208,6,0.1888,27,9,0,1738,0,0,7296,56
2.7440196005627513,0.36333333333333356,4.24,3.2700000000000022,,9,0,straddle_abuse,0.012748201688130697,5,0.1879,26,9,0,1738,0,0,7424,57
2.5318828215822577,0.033333333333333284,1.13,0.29999999999999954,,9,0,straddle_abuse,-0.12099109590053558,3,0.1869,21,9,0,1738,0,0,7552,58
2.4038015734404325,0.4577777777777784,4.9,4.120000000000005,,9,0,straddle_abuse,-0.03230846921602885,3,0.186,28,9,0,1738,0,0,7680,59
2.549890771508217,-0.08777777777777783,0,-0.7900000000000005,,9,0,straddle_abuse,-0.1123489961028099,0,0.1851,19,9,0,1738,0,0,7808,60
2.5086815543472767,2.9644444444444438,25.69,26.679999999999993,,9,0,straddle_abuse,1.9158031543095906,6,0.1841,28,9,0,1738,0,0,7936,61
2.388414019718766,-0.04666666666666668,0.45,-0.42000000000000015,,9,0,straddle_abuse,-0.11941240479548772,1,0.1832,24,9,0,1738,0,0,8064,62
2.4208402521908283,-0.09222222222222227,0,-0.8300000000000005,,9,0,straddle_abuse,-0.11092209070920944,0,0.1823,23,9,0,1738,0,0,8192,63
2.3317386927083135,0.2077777777777779,2.31,1.870000000000001,,9,0,straddle_abuse,-0.08948091169198354,6,0.1814,25,9,0,1738,0,0,8320,64
2.320693600922823,0.4688888888888887,21.31,4.219999999999998,,9,0,straddle_abuse,1.831829309463501,9,0.1805,19,9,0,1738,0,0,8448,65
2.4818339869379997,-0.07666666666666672,0,-0.6900000000000004,,9,0,straddle_abuse,-0.10944042106469472,0,0.1796,27,9,0,1738,0,0,8576,66
2.468595680780709,-0.09444444444444446,5.95,-0.8500000000000001,,9,0,straddle_abuse,-0.0035341804226239524,5,0.1787,24,9,0,1738,0,0,8704,67
2.5999005055055022,3.525555555555554,26.43,31.72999999999999,,9,0,straddle_abuse,3.5431203047434487,5,0.1778,20,9,0,1738,0,0,8832,68
2.505410292185843,3.2099999999999946,18.17,28.88999999999995,,9,0,straddle_abuse,1.7630754709243774,3,0.1769,26,9,0,1738,0,0,8960,69
2.770748157054186,-0.18666666666666681,0,-1.6800000000000013,,9,0,straddle_abuse,-0.10619263350963593,0,0.176,18,9,0,1738,0,0,9088,70
2.4403908913955092,3.6244444444444457,31.31,32.62000000000001,,9,0,straddle_abuse,2.5835081736246743,4,0.1751,20,9,0,1738,1,0.1111111111111111,9216,71
2.505681394599378,1.7733333333333272,17.81,15.959999999999946,,9,0,straddle_abuse,1.228379209836324,9,0.1743,17,9,0,1738,0,0,9344,72
2.3705775225535035,2.334444444444444,19.79,21.009999999999994,,9,0,straddle_abuse,1.1362382173538208,10,0.1734,17,9,0,1738,0,0,9472,73
2.539834155701101,0.24000000000000052,27.75,2.1600000000000046,,9,0,straddle_abuse,2.705690066019694,6,0.1725,17,9,0,1738,0,0,9600,74
2.555497732013464,1.2944444444444452,12.57,11.650000000000007,,9,0,straddle_abuse,0.626804530620575,1,0.1717,24,9,0,1738,0,0,9728,75
2.5074776839464903,5.008888888888886,26.15,45.07999999999997,,9,0,straddle_abuse,4.905152797698975,7,0.1708,17,9,0,1738,0,0,9856,76
2.6399599062278867,1.2933333333333343,7.09,11.64000000000001,,9,0,straddle_abuse,0.21716395020484924,2,0.1699,21,9,0,1738,0,0,9984,77
2.6633424749597907,0.9722222222222244,5.95,8.75000000000002,,9,0,straddle_abuse,0.13183361291885376,7,0.1691,26,9,0,1738,0,0,10112,78
2.7275229301303625,0.7000000000000014,12.2,6.300000000000012,,9,0,straddle_abuse,0.2943633596102397,6,0.1683,20,9,0,1738,0,0,10240,79
2.4922559512779117,3.8188888888888894,35.32,34.370000000000005,,9,0,straddle_abuse,5.444547653198242,2,0.1674,14,9,0,1738,1,0.1111111111111111,10368,80
2.5762767968699336,0.2800000000000007,3.83,2.5200000000000062,,9,0,straddle_abuse,-0.05583065748214722,2,0.1666,28,9,0,1738,0,0,10496,81
2.5263989120721817,-0.16666666666666677,0,-1.5000000000000009,,9,0,straddle_abuse,-0.08909326791763306,0,0.1657,23,9,0,1738,0,0,10624,82
2.6397336963564157,4.0033333333333365,37,36.03000000000003,,9,0,straddle_abuse,5.679634253184001,4,0.1649,20,9,0,1738,1,0.1111111111111111,10752,83
2.5317670851945877,3.942222222222221,35.68,35.47999999999999,,9,0,straddle_abuse,5.123550891876221,2,0.1641,17,9,0,1738,1,0.1111111111111111,10880,84
2.73270355258137,4.061111111111109,36.42,36.54999999999998,,9,0,straddle_abuse,4.788697719573975,2,0.1633,23,9,0,1738,1,0.1111111111111111,11008,85
2.679376102052629,5.091111111111108,27.75,45.81999999999997,,9,0,straddle_abuse,4.274616241455078,12,0.1625,24,9,0,1738,0,0,11136,86
2.645757502876222,-0.1344444444444443,14.64,-1.2099999999999989,,9,0,straddle_abuse,0.33178476492563885,1,0.1616,29,9,0,1738,0,0,11264,87
2.550102114677429,2.821111111111109,13.09,25.38999999999998,,9,0,straddle_abuse,0.8558746178944906,7,0.1608,30,9,0,1738,0,0,11392,88
2.70282815489918,0.7144444444444455,7.87,6.43000000000001,,9,0,straddle_abuse,0.1453025738398234,3,0.16,25,9,0,1738,0,0,11520,89
2.61236341483891,3.431111111111104,32.37,30.879999999999935,,9,0,straddle_abuse,4.691673914591472,6,0.1592,27,9,0,1738,1,0.1111111111111111,11648,90
2.8217035671696067,-0.20888888888888904,0,-1.8800000000000014,,9,0,straddle_abuse,0.03981557488441467,0,0.1584,25,9,0,1738,0,0,11776,91
2.7370391748845577,1.071111111111113,14.39,9.640000000000017,,9,0,straddle_abuse,0.8927867611249288,3,0.1576,21,9,0,1738,0,0,11904,92
2.598713703453541,3.8699999999999966,22.8,34.82999999999997,,9,0,straddle_abuse,3.7829527854919434,5,0.1569,20,9,0,1738,0,0,12032,93
2.7353962203487754,-0.21333333333333326,4.67,-1.9199999999999993,,9,0,straddle_abuse,0.07407287259896596,3,0.1561,23,9,0,1738,0,0,12160,94
2.4369918135926127,3.5644444444444465,28.09,32.08000000000002,,9,0,straddle_abuse,3.0826058387756348,10,0.1553,19,9,0,1738,0,0,12288,95
2.746560231782496,-0.1755555555555556,16.52,-1.5800000000000005,,9,0,straddle_abuse,0.35314642389615375,2,0.1545,17,9,0,1738,0,0,12416,96
2.753256137482822,0.18333333333333324,2.97,1.6499999999999992,,9,0,straddle_abuse,-0.08414618422587712,1,0.1537,15,9,0,1738,0,0,12544,97
2.7701087836176157,7.341111111111104,27.75,66.06999999999994,,9,0,straddle_abuse,5.804762522379558,7,0.153,22,9,0,1738,0,0,12672,98
2.615569737739861,6.868888888888889,35.38,61.82,,9,0,straddle_abuse,4.290805021921794,10,0.1522,13,9,0,1738,1,0.1111111111111111,12800,99
0.22950678935740143,-0.12085137085137086,42,-2.537878787878788,11,21,0,subsidiary_stock_comp,1.585836370786031,2,0.25,34,0,0,1729,0,0,128,0
0.31496762869574013,-0.19471500721500723,158,-5.452020202020202,25,28,0,subsidiary_stock_comp,0.7589591145515442,2,0.2487,29,0,0,1729,0,0,256,1
0.21842105524865474,-0.09722222222222222,0,-1.75,7,18,0,subsidiary_stock_comp,0.5070104151964188,0,0.2475,20,0,0,1729,0,0,384,2
0.26378612654298195,-0.1018939393939394,42,-2.037878787878788,9,20,0,subsidiary_stock_comp,0.41061293085416156,1,0.2463,31,0,0,1729,0,0,512,3
0.23151356403104728,-0.11904761904761904,0,-2.5,10,21,0,subsidiary_stock_comp,0.31559544801712036,0,0.245,34,0,0,1729,0,0,640,4
0.16481200531779905,0.041666666666666664,198,0.75,5,18,0,subsidiary_stock_comp,0.124930489808321,2,0.2438,30,0,0,1729,1,0.05555555555555555,768,5
0.19229462740258896,-0.10526315789473684,0,-2,8,19,0,subsidiary_stock_comp,0.17872113982836405,0,0.2426,41,0,0,1729,0,0,896,6
0.2519988832718809,0.010606060606060596,198,0.21212121212121193,8,20,0,subsidiary_stock_comp,0.11510307590166728,3,0.2414,23,0,0,1729,1,0.05,1024,7
0.32569297914596973,-0.11151515151515153,198,-2.787878787878788,20,25,0,subsidiary_stock_comp,0.10318513711293538,3,0.2402,29,0,0,1729,1,0.04,1152,8
0.36912307007878553,-0.11327561327561327,198,-3.1717171717171713,24,28,0,subsidiary_stock_comp,0.09943770865599315,7,0.239,38,0,0,1729,1,0.03571428571428571,1280,9
0.3134364492580062,-0.18308080808080807,42,-4.027777777777778,17,22,0,subsidiary_stock_comp,0.05023875832557678,2,0.2378,20,0,0,1729,0,0,1408,10
0.21040587934840005,-0.1111111111111111,0,-2,8,18,0,subsidiary_stock_comp,0.06867806613445282,0,0.2366,29,0,0,1729,0,0,1536,11
0.18274076434317976,-0.1125,0,-2.25,9,20,0,subsidiary_stock_comp,0.028692411879698437,0,0.2354,30,0,0,1729,0,0,1664,12
0.21121469425270334,-0.15217391304347827,0,-3.5,14,23,0,subsidiary_stock_comp,0.017122389283031225,0,0.2342,20,0,0,1729,0,0,1792,13
0.20397784980013967,-0.07352941176470588,0,-1.25,5,17,0,subsidiary_stock_comp,0.04382385561863581,0,0.2331,36,0,0,1729,0,0,1920,14
0.1819081695866771,-0.10526315789473684,0,-2,8,19,0,subsidiary_stock_comp,0.06515469650427501,0,0.2319,26,0,0,1729,0,0,2048,15
0.21124180749757215,-0.05289001122334455,158,-0.952020202020202,7,18,0,subsidiary_stock_comp,0.05409980068604151,2,0.2307,26,0,0,1729,0,0,2176,16
0.21215316248708405,-0.0726010101010101,158,-1.452020202020202,9,20,0,subsidiary_stock_comp,0.03959049998472134,2,0.2296,37,0,0,1729,0,0,2304,17
0.2358510181074962,-0.08459595959595959,158,-1.6919191919191918,10,20,0,subsidiary_stock_comp,0.04366893755892912,3,0.2284,31,0,0,1729,0,0,2432,18
0.22451465378981084,-0.0501063264221159,158,-0.952020202020202,7,19,0,subsidiary_stock_comp,0.08469642698764801,2,0.2273,21,0,0,1729,0,0,2560,19
0.2337450252380222,-0.07876382876382876,158,-1.654040404040404,13,21,0,subsidiary_stock_comp,0.08267685274283092,4,0.2262,21,0,0,1729,0,0,2688,20
0.30013023072388023,0.016474266474266478,198,0.345959595959596,13,21,0,subsidiary_stock_comp,0.06405487408240636,6,0.225,30,0,0,1729,1,0.047619047619047616,2816,21
0.4455134298186749,0.036161616161616165,160,0.9040404040404042,22,25,0,subsidiary_stock_comp,0.00904021163781484,18,0.2239,36,0,0,1729,0,0,2944,22
0.4939998681657016,0.30622009569377984,166,5.818181818181817,12,19,0,subsidiary_stock_comp,0.011384864648183187,36,0.2228,32,0,0,1729,0,0,3072,23
0.41379147325642407,0.3142135642135641,160,6.598484848484847,13,21,0,subsidiary_stock_comp,0.004418924450874329,34,0.2217,25,0,0,1729,0,0,3200,24
0.48050047690048814,0.46969696969696995,164,9.863636363636369,14,21,0,subsidiary_stock_comp,0.05693915983041128,65,0.2206,27,0,0,1729,0,0,3328,25
0.4099762322148308,0.41047979797979794,198,8.209595959595958,11,20,0,subsidiary_stock_comp,0.05718459685643514,49,0.2195,30,0,0,1729,1,0.05,3456,26
0.45101018517743796,0.4112174375332271,164,7.813131313131315,10,19,0,subsidiary_stock_comp,-0.007820207315186659,58,0.2184,31,0,0,1729,0,0,3584,27
0.47769282839726657,0.5385375494071148,198,12.386363636363642,17,23,0,subsidiary_stock_comp,0.03527936525642872,67,0.2173,28,0,0,1729,1,0.043478260869565216,3712,28
0.37920362793374807,0.6385975135975142,198,16.603535353535367,19,26,0,subsidiary_stock_comp,0.06244074056545893,68,0.2162,23,0,0,1729,3,0.11538461538461539,3840,29
0.40067472646478564,0.7565235690235697,198,18.15656565656567,18,24,0,subsidiary_stock_comp,0.003465081254641215,76,0.2151,14,0,0,1729,4,0.16666666666666666,3968,30
0.3910714112862479,1.1174710063598954,198,30.171717171717177,12,27,0,subsidiary_stock_comp,0.009917738226552805,61,0.214,22,0,0,1729,13,0.48148148148148145,4096,31
0.22099835184053518,1.3738188334962531,198,42.58838383838385,9,31,0,subsidiary_stock_comp,0.04150961463650068,56,0.213,24,0,0,1729,21,0.6774193548387096,4224,32
0.2040595171856694,1.4927725531173803,198,43.29040404040403,7,29,0,subsidiary_stock_comp,0.04649834210673968,53,0.2119,32,0,0,1729,21,0.7241379310344828,4352,33
0.18584307029959746,1.3664141414141413,198,40.99242424242424,9,30,0,subsidiary_stock_comp,0.0840455691019694,48,0.2108,34,0,0,1729,21,0.7,4480,34
0.1363875399256358,1.9383490073145249,198,56.21212121212122,0,29,0,subsidiary_stock_comp,0.1622601201136907,58,0.2098,22,0,0,1729,28,0.9655172413793104,4608,35
0.16041579659213312,1.5489057239057238,198,46.467171717171716,7,30,0,subsidiary_stock_comp,0.08412434160709381,59,0.2087,29,0,0,1729,23,0.7666666666666667,4736,36
0.12429021993011702,1.603377525252525,198,51.3080808080808,6,32,0,subsidiary_stock_comp,0.0902198851108551,55,0.2077,22,0,0,1729,26,0.8125,4864,37
0.18477763590635732,1.9162157287157289,198,53.65404040404041,1,28,0,subsidiary_stock_comp,0.016258447120587032,64,0.2066,28,0,0,1729,26,0.9285714285714286,4992,38
0.23682348622969585,1.3268025078369912,198,38.47727272727274,9,29,0,subsidiary_stock_comp,0.0583000381787618,57,0.2056,31,0,0,1729,19,0.6551724137931034,5120,39
0.16771520896145375,1.6907968574635248,198,45.65151515151517,2,27,0,subsidiary_stock_comp,0.045197516679763794,62,0.2046,22,0,0,1729,22,0.8148148148148148,5248,40
0.08315436411066912,1.8146306818181817,198,58.06818181818181,3,32,0,subsidiary_stock_comp,0.01975163072347641,62,0.2036,21,0,0,1729,29,0.90625,5376,41
0.13014699634368299,1.7526123301985377,198,50.82575757575759,3,29,0,subsidiary_stock_comp,0.022698868066072464,64,0.2025,19,0,0,1729,25,0.8620689655172413,5504,42
0.14599930529948324,1.6159986966438578,198,50.09595959595959,6,31,0,subsidiary_stock_comp,0.05708601946632067,54,0.2015,32,0,0,1729,25,0.8064516129032258,5632,43
0.15938192397152307,1.5952629745733193,198,46.26262626262626,4,29,0,subsidiary_stock_comp,0.03797745953003565,58,0.2005,19,0,0,1729,23,0.7931034482758621,5760,44
0.17575633082014974,1.200841750841751,198,36.02525252525253,10,30,0,subsidiary_stock_comp,0.06252902497847874,51,0.1995,34,0,0,1729,18,0.6,5888,45
0.13476951561460737,1.5186026936026935,198,45.5580808080808,7,30,0,subsidiary_stock_comp,0.06717679277062416,50,0.1985,30,0,0,1729,23,0.7666666666666667,6016,46
0.10018696167389862,1.4780618686868685,198,47.29797979797979,8,32,0,subsidiary_stock_comp,0.09161927551031113,51,0.1975,25,0,0,1729,24,0.75,6144,47
0.10024273327871924,1.6186868686868687,198,51.7979797979798,6,32,0,subsidiary_stock_comp,0.06278445199131966,55,0.1965,20,0,0,1729,26,0.8125,6272,48
0.09802569804014638,1.8056457431457429,198,50.5580808080808,3,28,0,subsidiary_stock_comp,0.08792892595132192,54,0.1956,28,0,0,1729,25,0.8928571428571429,6400,49
0.15801214708335465,1.7794913419913418,198,49.82575757575757,3,28,0,subsidiary_stock_comp,0.09301590174436569,61,0.1946,21,0,0,1729,24,0.8571428571428571,6528,50
0.1211199783574557,1.8542568542568545,198,51.919191919191924,2,28,0,subsidiary_stock_comp,0.04458154489596685,63,0.1936,20,0,0,1729,25,0.8928571428571429,6656,51
0.05786902155523421,1.8548387096774193,198,57.5,2,31,0,subsidiary_stock_comp,0.07425603022178014,58,0.1926,19,0,0,1729,29,0.9354838709677419,6784,52
0.17440446716500446,1.560335497835498,198,43.689393939393945,5,28,0,subsidiary_stock_comp,0.05207563688357671,61,0.1917,25,0,0,1729,21,0.75,6912,53
0.1503288080675702,1.6955387205387207,198,50.86616161616162,5,30,0,subsidiary_stock_comp,0.07595417648553848,57,0.1907,24,0,0,1729,25,0.8333333333333334,7040,54
0.113899808464339,1.808651026392962,198,56.06818181818182,3,31,0,subsidiary_stock_comp,0.08140405640006065,60,0.1898,24,0,0,1729,28,0.9032258064516129,7168,55
0.1982187714711472,1.6347402597402596,198,45.772727272727266,6,28,0,subsidiary_stock_comp,0.03279036531845728,58,0.1888,26,0,0,1729,22,0.7857142857142857,7296,56
0.2103409171140811,1.636457164234942,198,44.18434343434343,5,27,0,subsidiary_stock_comp,0.012312641988197962,50,0.1879,27,0,0,1729,22,0.8148148148148148,7424,57
0.2507452006393578,1.144736842105263,198,21.75,1,19,0,subsidiary_stock_comp,0.15900664031505585,22,0.1869,21,0,0,1729,11,0.5789473684210527,7552,58
0.15526796822086908,0.5882352941176471,198,10,0,17,0,subsidiary_stock_comp,0.11005275696516037,10,0.186,23,0,0,1729,5,0.29411764705882354,7680,59
0.22029698379628826,0.887997623291741,198,15.095959595959597,2,17,0,subsidiary_stock_comp,0.08500914027293523,18,0.1851,16,0,0,1729,7,0.4117647058823529,7808,60
0.275956521036278,1.5603764921946741,198,34.32828282828283,2,22,0,subsidiary_stock_comp,0.13050117840369543,39,0.1841,23,0,0,1729,17,0.7727272727272727,7936,61
0.2494531421980355,1.6457164234942012,198,44.43434343434343,4,27,0,subsidiary_stock_comp,0.04932295406858126,50,0.1832,26,0,0,1729,22,0.8148148148148148,8064,62
0.17041753319790587,1.7881493506493504,198,50.06818181818181,3,28,0,subsidiary_stock_comp,0.037020896251002945,54,0.1823,19,0,0,1729,25,0.8928571428571429,8192,63
0.1386387700913474,1.8174242424242422,198,54.522727272727266,3,30,0,subsidiary_stock_comp,0.04376200462381045,61,0.1814,23,0,0,1729,27,0.9,8320,64
0.14842638497066218,1.7500841750841756,198,52.50252525252527,3,30,0,subsidiary_stock_comp,0.023976819589734077,62,0.1805,16,0,0,1729,26,0.8666666666666667,8448,65
0.16437195966864238,1.736020923520924,198,48.608585858585876,3,28,0,subsidiary_stock_comp,0.09260553866624832,57,0.1796,19,0,0,1729,24,0.8571428571428571,8576,66
0.19890755428059492,1.8278474399164057,198,53.007575757575765,3,29,0,subsidiary_stock_comp,0.031244196618596714,63,0.1787,24,0,0,1729,26,0.896551724137931,8704,67
0.19986062939278781,1.4557178932178931,198,40.76010101010101,5,28,0,subsidiary_stock_comp,0.05205228924751282,43,0.1778,30,0,0,1729,21,0.75,8832,68
0.19775987273533246,1.7321490769766634,198,50.23232323232324,4,29,0,subsidiary_stock_comp,0.021827465233703453,55,0.1769,21,0,0,1729,25,0.8620689655172413,8960,69
0.19507783097651554,1.5932659932659934,198,47.7979797979798,6,30,0,subsidiary_stock_comp,0.05823637917637825,51,0.176,22,0,0,1729,24,0.8,9088,70
0.22230608254176332,1.5704365079365077,198,43.972222222222214,5,28,0,subsidiary_stock_comp,0.029189928124348324,50,0.1751,25,0,0,1729,22,0.7857142857142857,9216,71
0.2290662059240276,1.6686658249158246,198,40.04797979797979,3,24,0,subsidiary_stock_comp,0.02769838273525238,42,0.1743,24,0,0,1729,20,0.8333333333333334,9344,72
0.21187762635963736,1.9090909090909092,198,42,0,22,0,subsidiary_stock_comp,0.03355130615333716,42,0.1734,16,0,0,1729,21,0.9545454545454546,9472,73
0.2395524808416667,1.475,198,29.5,2,20,0,subsidiary_stock_comp,0.08008147279421489,30,0.1725,20,0,0,1729,15,0.75,9600,74
0.2102973445726093,1.8068181818181819,198,39.75,1,22,0,subsidiary_stock_comp,0.04893562911699215,40,0.1717,17,0,0,1729,20,0.9090909090909091,9728,75
0.2573481192048348,1.8913131313131313,198,47.282828282828284,0,25,0,subsidiary_stock_comp,0.0528222049276034,58,0.1708,17,0,0,1729,23,0.92,9856,76
0.19652209915147978,1.7256493506493507,198,48.31818181818182,4,28,0,subsidiary_stock_comp,0.05147760733962059,53,0.1699,23,0,0,1729,24,0.8571428571428571,9984,77
0.17932982883939985,1.8677849927849925,198,52.29797979797979,2,28,0,subsidiary_stock_comp,0.03430202603340149,54,0.1691,19,0,0,1729,26,0.9285714285714286,10112,78
0.22211216273717582,1.8229710902124692,198,52.866161616161605,3,29,0,subsidiary_stock_comp,0.0032703581576546035,58,0.1683,19,0,0,1729,26,0.896551724137931,10240,79
0.24403904368227813,1.576969696969697,198,39.42424242424242,4,25,0,subsidiary_stock_comp,0.044589705765247345,44,0.1674,26,0,0,1729,20,0.8,10368,80
0.27065272457548417,1.4874835309617918,198,34.21212121212121,4,23,0,subsidiary_stock_comp,0.05603480959932009,40,0.1666,25,0,0,1729,17,0.7391304347826086,10496,81
0.18814095214474946,1.6666666666666667,198,45,4,27,0,subsidiary_stock_comp,0.030550682917237282,46,0.1657,23,0,0,1729,23,0.8518518518518519,10624,82
0.2225255720259156,1.833784271284271,198,51.345959595959584,3,28,0,subsidiary_stock_comp,0.021047741174697876,55,0.1649,18,0,0,1729,25,0.8928571428571429,10752,83
0.19021556017105468,1.6666666666666667,198,45,4,27,0,subsidiary_stock_comp,0.03024267653624217,46,0.1641,20,0,0,1729,23,0.8518518518518519,10880,84
0.24713995839556446,1.6865656565656564,198,42.16414141414141,3,25,0,subsidiary_stock_comp,0.04527898505330086,47,0.1633,26,0,0,1729,21,0.84,11008,85
0.21864358570746845,1.9343434343434343,198,46.42424242424242,0,24,0,subsidiary_stock_comp,0.004565265650550525,52,0.1625,21,0,0,1729,23,0.9583333333333334,11136,86
0.26409575093566673,1.6101928374655647,198,35.42424242424242,4,22,0,subsidiary_stock_comp,0.032961330066124596,38,0.1616,18,0,0,1729,18,0.8181818181818182,11264,87
0.23707418431149563,1.5326086956521738,198,35.25,3,23,0,subsidiary_stock_comp,0.061860733975966774,36,0.1608,28,0,0,1729,18,0.782608695652174,11392,88
0.2140007543930551,1.6071428571428572,198,33.75,1,21,0,subsidiary_stock_comp,0.029857654124498367,34,0.16,19,0,0,1729,17,0.8095238095238095,11520,89
0.24679704324080376,1.5782828282828283,198,34.72222222222222,2,22,0,subsidiary_stock_comp,0.041513836632172264,41,0.1592,17,0,0,1729,17,0.7727272727272727,11648,90
0.22599063094094163,1.66600790513834,198,38.31818181818182,2,23,0,subsidiary_stock_comp,0.02193916371713082,42,0.1584,15,0,0,1729,19,0.8260869565217391,11776,91
0.2468743615972926,1.8806818181818183,198,45.13636363636364,2,24,0,subsidiary_stock_comp,0.026057128173609573,52,0.1576,22,0,0,1729,22,0.9166666666666666,11904,92
0.21907340103643946,1.7529292929292928,198,43.82323232323232,2,25,0,subsidiary_stock_comp,0.07378334055344264,48,0.1569,20,0,0,1729,22,0.88,12032,93
0.25475881007150747,1.180645743145743,198,33.05808080808081,9,28,0,subsidiary_stock_comp,0.07360957811276118,38,0.1561,32,0,0,1729,17,0.6071428571428571,12160,94
0.2468270902754739,1.5397493453049007,198,41.57323232323232,7,27,0,subsidiary_stock_comp,0.0870440478126208,57,0.1553,19,0,0,1729,20,0.7407407407407407,12288,95
0.18935579614480957,1.863262252151141,198,50.30808080808081,2,27,0,subsidiary_stock_comp,0.04899758597215017,53,0.1545,22,0,0,1729,25,0.9259259259259259,12416,96
0.24002732004737481,1.6428170594837257,198,44.356060606060595,5,27,0,subsidiary_stock_comp,0.038976725190877914,49,0.1537,27,0,0,1729,22,0.8148148148148148,12544,97
0.24288449429150205,1.8692358366271409,198,42.99242424242424,1,23,0,subsidiary_stock_comp,0.1084417775273323,50,0.153,23,0,0,1729,21,0.9130434782608695,12672,98
0.2196697193867294,1.8457491582491583,198,44.2979797979798,2,24,0,subsidiary_stock_comp,0.041405742367108665,46,0.1522,29,0,0,1729,22,0.9166666666666666,12800,99
0.45703359553590417,0.007891414141414149,198,0.18939393939393956,19,24,0,subsidiary_stock_comp,1.053035855293274,13,0.25,32,1,0,1730,1,0.041666666666666664,128,0
0.5447919606231153,0.25530303030303025,198,7.659090909090908,25,30,0,subsidiary_stock_comp,0.19943940391143164,28,0.2487,30,1,0,1730,5,0.16666666666666666,256,1
0.6577480831183493,0.5873956960913485,198,13.510101010101014,12,23,0,subsidiary_stock_comp,0.07754916449387868,45,0.2475,31,1,0,1730,6,0.2608695652173913,384,2
0.5405420563183725,0.9002525252525254,198,21.60606060606061,12,24,0,subsidiary_stock_comp,0.1699845865368843,51,0.2463,36,1,0,1730,9,0.375,512,3
0.40995715046301484,0.921831955922865,198,20.28030303030303,7,22,0,subsidiary_stock_comp,0.19980079929033914,31,0.245,42,1,0,1730,10,0.45454545454545453,640,4
0.3614321213681251,1.5229377104377102,198,36.550505050505045,6,24,0,subsidiary_stock_comp,0.15964795152346292,45,0.2438,33,1,0,1730,18,0.75,768,5
0.3555528027936816,1.3253184014053578,198,30.482323232323232,5,23,0,subsidiary_stock_comp,0.22637187937895456,36,0.2426,27,1,0,1730,15,0.6521739130434783,896,6
0.4293812892283313,1.6709486166007916,198,38.43181818181821,1,23,0,subsidiary_stock_comp,0.14764023820559183,64,0.2414,25,1,0,1730,18,0.782608695652174,1024,7
0.37495058588683605,1.386868686868687,198,34.67171717171718,6,25,0,subsidiary_stock_comp,0.059450568010409675,47,0.2402,33,1,0,1730,17,0.68,1152,8
0.3240339523181319,1.2344877344877343,198,25.924242424242422,2,21,0,subsidiary_stock_comp,0.055656470358371735,30,0.239,22,1,0,1730,13,0.6190476190476191,1280,9
0.304587047547102,1.456439393939394,198,40.78030303030303,7,28,0,subsidiary_stock_comp,0.053985245525836945,51,0.2378,27,1,0,1730,20,0.7142857142857143,1408,10
0.28070251317694783,1.4703557312252966,198,33.81818181818182,4,23,0,subsidiary_stock_comp,0.05687951917449633,38,0.2366,29,1,0,1730,17,0.7391304347826086,1536,11
0.2636716158594936,1.5925925925925926,198,43,4,27,0,subsidiary_stock_comp,0.04564167186617851,44,0.2354,36,1,0,1730,22,0.8148148148148148,1664,12
0.3311174502305221,1.1787101787101788,198,30.646464646464647,8,26,0,subsidiary_stock_comp,0.06158809115489324,38,0.2342,37,1,0,1730,16,0.6153846153846154,1792,13
0.3211037562577985,1.430976430976431,198,30.050505050505052,4,21,0,subsidiary_stock_comp,0.07780819137891133,38,0.2331,30,1,0,1730,15,0.7142857142857143,1920,14
0.25099024845985696,1.7651515151515156,198,40.59848484848486,1,23,0,subsidiary_stock_comp,0.06229855616887411,45,0.2319,22,1,0,1730,20,0.8695652173913043,2048,15
0.2720416494703386,1.4015151515151516,198,39.24242424242424,8,28,0,subsidiary_stock_comp,0.09371680269638698,46,0.2307,31,1,0,1730,20,0.7142857142857143,2176,16
0.2184766712016426,1.4530122655122655,198,40.68434343434343,7,28,0,subsidiary_stock_comp,0.08380407840013504,45,0.2296,25,1,0,1730,21,0.75,2304,17
0.2332327114418149,1.3687839937839938,198,35.58838383838384,7,26,0,subsidiary_stock_comp,0.07212469975153606,43,0.2284,32,1,0,1730,18,0.6923076923076923,2432,18
0.2743659452535212,1.418026418026418,198,36.868686868686865,4,26,0,subsidiary_stock_comp,0.07566507657368977,52,0.2273,42,1,0,1730,18,0.6923076923076923,2560,19
0.13385331394238165,1.873737373737374,198,56.21212121212122,2,30,0,subsidiary_stock_comp,0.031102537798384827,58,0.2262,19,1,0,1730,28,0.9333333333333333,2688,20
0.2402897101128474,1.6330266955266952,198,45.72474747474747,5,28,0,subsidiary_stock_comp,0.07901628315448761,57,0.225,29,1,0,1730,22,0.7857142857142857,2816,21
0.3431634584994754,1.360819735819736,198,35.381313131313135,7,26,0,subsidiary_stock_comp,0.057210523635149,57,0.2239,30,1,0,1730,16,0.6153846153846154,2944,22
0.18079916865099221,1.726243920688365,198,46.608585858585855,3,27,0,subsidiary_stock_comp,0.07737887650728226,53,0.2228,26,1,0,1730,23,0.8518518518518519,3072,23
0.1541579760669265,1.9375,198,54.25,1,28,0,subsidiary_stock_comp,0.027009240662058193,55,0.2217,27,1,0,1730,27,0.9642857142857143,3200,24
0.1924584542575758,1.6875,198,47.25,3,28,0,subsidiary_stock_comp,0.05447579796115557,48,0.2206,24,1,0,1730,24,0.8571428571428571,3328,25
0.25933389567944687,1.775989057239057,198,42.62373737373737,1,24,0,subsidiary_stock_comp,0.04969748109579086,55,0.2195,25,1,0,1730,21,0.875,3456,26
0.20211625093361363,1.6511544011544008,198,46.232323232323225,4,28,0,subsidiary_stock_comp,0.031743242094914116,55,0.2184,24,1,0,1730,23,0.8214285714285714,3584,27
0.15568844829249429,1.5419372294372293,198,43.17424242424242,5,28,0,subsidiary_stock_comp,0.0744627018769582,50,0.2173,26,1,0,1730,22,0.7857142857142857,3712,28
0.16032158648886252,1.6975108225108226,198,47.53030303030303,2,28,0,subsidiary_stock_comp,0.021418983737627666,56,0.2162,27,1,0,1730,23,0.8214285714285714,3840,29
0.1827547920111101,1.6776384535005222,198,48.65151515151514,4,29,0,subsidiary_stock_comp,0.08017077545324962,61,0.2151,39,1,0,1730,24,0.8275862068965517,3968,30
0.1792173713329248,1.67511320097527,198,48.57828282828283,5,29,0,subsidiary_stock_comp,0.03573030357559522,55,0.214,38,1,0,1730,24,0.8275862068965517,4096,31
0.1318966448889114,1.6740056818181819,198,53.56818181818182,5,32,0,subsidiary_stock_comp,0.02596156547466914,58,0.213,23,1,0,1730,27,0.84375,4224,32
0.11390449761529453,1.7189132706374084,198,49.848484848484844,4,29,0,subsidiary_stock_comp,0.03343300645550092,55,0.2119,23,1,0,1730,25,0.8620689655172413,4352,33
0.18298542755655944,1.5298821548821553,198,45.89646464646466,7,30,0,subsidiary_stock_comp,0.07197916756073634,53,0.2108,28,1,0,1730,23,0.7666666666666667,4480,34
0.23793816834222525,1.48989898989899,198,44.6969696969697,8,30,0,subsidiary_stock_comp,0.05022754023472468,58,0.2098,27,1,0,1730,22,0.7333333333333333,4608,35
0.18794930877629668,1.643939393939394,198,46.03030303030303,4,28,0,subsidiary_stock_comp,0.0360550731420517,53,0.2087,17,1,0,1730,23,0.8214285714285714,4736,36
0.24754125243634917,1.3239289446186,198,38.3939393939394,10,29,0,subsidiary_stock_comp,0.07332733025153478,45,0.2077,31,1,0,1730,19,0.6551724137931034,4864,37
0.17021816910710186,2,198,52,0,26,0,subsidiary_stock_comp,0.05223869221905867,52,0.2066,22,1,0,1730,26,1,4992,38
0.18683636194327846,1.7354187031606385,198,53.79797979797979,4,31,0,subsidiary_stock_comp,0.09541386117537816,56,0.2056,30,1,0,1730,27,0.8709677419354839,5120,39
0.3080418632598594,1.5207631874298544,198,41.06060606060607,8,27,0,subsidiary_stock_comp,0.09667411943276723,56,0.2046,32,1,0,1730,19,0.7037037037037037,5248,40
0.18662909441627562,1.5830074942978167,198,49.07323232323232,5,31,0,subsidiary_stock_comp,0.08289113640785217,54,0.2036,32,1,0,1730,25,0.8064516129032258,5376,41
0.21380404685623944,1.5497474747474749,198,46.49242424242425,7,30,0,subsidiary_stock_comp,0.0737618791560332,55,0.2025,22,1,0,1730,23,0.7666666666666667,5504,42
0.23309254844207317,1.748432601880878,198,50.70454545454546,3,29,0,subsidiary_stock_comp,0.03636774358650049,58,0.2015,30,1,0,1730,25,0.8620689655172413,5632,43
0.22967855265596882,1.2900782013685241,198,39.99242424242425,11,31,0,subsidiary_stock_comp,0.07181177039941151,50,0.2005,33,1,0,1730,20,0.6451612903225806,5760,44
0.21489535452565178,1.6486415882967604,198,47.810606060606055,5,29,0,subsidiary_stock_comp,0.051988632728656135,54,0.1995,21,1,0,1730,24,0.8275862068965517,5888,45
0.19415123693761416,1.5905607802159525,198,46.12626262626262,6,29,0,subsidiary_stock_comp,0.057176111886898674,53,0.1985,23,1,0,1730,23,0.7931034482758621,6016,46
0.24034851288888603,1.5189861578750468,198,41.01262626262626,7,27,0,subsidiary_stock_comp,0.05724241708715757,52,0.1975,30,1,0,1730,20,0.7407407407407407,6144,47
0.23600093222921714,1.9002525252525255,198,49.40656565656566,1,26,0,subsidiary_stock_comp,0.03367178266247114,56,0.1965,22,1,0,1730,24,0.9230769230769231,6272,48
0.21496014231524896,1.561771561771562,198,40.60606060606061,6,26,0,subsidiary_stock_comp,0.04780606801311175,46,0.1956,28,1,0,1730,20,0.7692307692307693,6400,49
0.18666619493160397,1.963772338772339,198,51.05808080808081,1,26,0,subsidiary_stock_comp,0.0852465604742368,54,0.1946,26,1,0,1730,25,0.9615384615384616,6528,50
0.2676416560134385,1.3097643097643104,198,35.36363636363638,8,27,0,subsidiary_stock_comp,0.11053031434615453,47,0.1936,30,1,0,1730,18,0.6666666666666666,6656,51
0.28107786508917343,1.6389824167601943,198,44.252525252525245,4,27,0,subsidiary_stock_comp,0.08757143964370091,54,0.1926,26,1,0,1730,22,0.8148148148148148,6784,52
0.28691740191425197,1.6646005509641868,198,36.62121212121211,2,22,0,subsidiary_stock_comp,0.038504390666882195,42,0.1917,23,1,0,1730,18,0.8181818181818182,6912,53
0.24980891271843575,1.4791666666666667,198,35.5,2,24,0,subsidiary_stock_comp,0.047233808785676956,36,0.1907,20,1,0,1730,18,0.75,7040,54
0.2899975675099995,1.5385858585858585,198,38.464646464646464,4,25,0,subsidiary_stock_comp,0.03452680135766665,51,0.1898,26,1,0,1730,19,0.76,7168,55
0.22957007336117385,1.530909090909091,198,38.27272727272727,4,25,0,subsidiary_stock_comp,0.04567252968748411,49,0.1888,27,1,0,1730,19,0.76,7296,56
0.16938425131957047,1.5912349299446074,198,49.32828282828283,6,31,0,subsidiary_stock_comp,0.056006114929914474,55,0.1879,24,1,0,1730,25,0.8064516129032258,7424,57
0.12950935983099043,1.7974747474747474,198,53.92424242424242,2,30,0,subsidiary_stock_comp,0.03973389541109403,60,0.1869,19,1,0,1730,27,0.9,7552,58
0.13063543717726134,1.7833333333333334,198,53.5,2,30,0,subsidiary_stock_comp,0.04885864878694216,54,0.186,23,1,0,1730,27,0.9,7680,59
0.14258677669567987,1.7119408369408369,198,47.93434343434343,2,28,0,subsidiary_stock_comp,0.04275038962562879,54,0.1851,23,1,0,1730,24,0.8571428571428571,7808,60
0.18711281826836057,1.704077815188926,198,46.010101010101,2,27,0,subsidiary_stock_comp,0.0161769346644481,67,0.1841,17,1,0,1730,22,0.8148148148148148,7936,61
0.2435473285295302,1.550602175602176,198,40.315656565656575,3,26,0,subsidiary_stock_comp,0.048984392235676445,68,0.1832,20,1,0,1730,19,0.7307692307692307,8064,62
0.17310312029439956,1.5776094276094277,198,47.32828282828283,6,30,0,subsidiary_stock_comp,0.031476606304446854,53,0.1823,24,1,0,1730,24,0.8,8192,63
0.2062836741533829,1.511273448773449,198,42.31565656565657,5,28,0,subsidiary_stock_comp,0.045653668542702995,55,0.1814,28,1,0,1730,21,0.75,8320,64
0.15433154346828815,1.4987781036168135,198,46.46212121212122,7,31,0,subsidiary_stock_comp,0.06512593850493431,49,0.1805,35,1,0,1730,24,0.7741935483870968,8448,65
0.09754950084607117,1.782258064516129,198,55.25,3,31,0,subsidiary_stock_comp,0.06998116771380107,56,0.1796,25,1,0,1730,28,0.9032258064516129,8576,66
0.16460381471551955,1.691919191919192,198,49.06565656565657,4,29,0,subsidiary_stock_comp,0.04705862825115522,59,0.1787,26,1,0,1730,24,0.8275862068965517,8704,67
0.11439492170757148,1.807999348321929,198,56.0479797979798,3,31,0,subsidiary_stock_comp,0.03320314486821493,58,0.1778,24,1,0,1730,28,0.9032258064516129,8832,68
0.10609375400235876,1.7983870967741935,198,55.75,3,31,0,subsidiary_stock_comp,0.05773577839136124,57,0.1769,19,1,0,1730,28,0.9032258064516129,8960,69
0.19760641135508195,1.5281518892630004,198,41.26010101010101,5,27,0,subsidiary_stock_comp,0.10893504569927852,56,0.176,25,1,0,1730,20,0.7407407407407407,9088,70
0.20629540679510683,1.3800940438871474,198,40.02272727272727,9,29,0,subsidiary_stock_comp,0.06111246719956398,52,0.1751,28,1,0,1730,20,0.6896551724137931,9216,71
0.07886205085378606,1.9274193548387097,198,59.75,1,31,0,subsidiary_stock_comp,0.05153101993103822,60,0.1743,21,1,0,1730,30,0.967741935483871,9344,72
0.15543430659454316,1.687289562289562,198,50.618686868686865,5,30,0,subsidiary_stock_comp,0.07954940696557362,59,0.1734,20,1,0,1730,25,0.8333333333333334,9472,73
0.13284766826836858,1.7507575757575755,198,52.522727272727266,3,30,0,subsidiary_stock_comp,0.019866626399258774,63,0.1725,18,1,0,1730,26,0.8666666666666667,9600,74
0.11709879182308214,1.6285353535353537,198,48.85606060606061,5,30,0,subsidiary_stock_comp,0.08601364617546399,51,0.1717,21,1,0,1730,25,0.8333333333333334,9728,75
0.19218915970122907,1.5513468013468015,198,46.54040404040404,6,30,0,subsidiary_stock_comp,0.051257034142812095,58,0.1708,24,1,0,1730,23,0.7666666666666667,9856,76
0.1377105754072545,1.8316788575409266,198,53.11868686868687,3,29,0,subsidiary_stock_comp,-0.0005692651805778345,61,0.1699,20,1,0,1730,26,0.896551724137931,9984,77
0.16188791622698773,1.6215488215488219,198,48.64646464646466,6,30,0,subsidiary_stock_comp,0.057809448490540184,56,0.1691,17,1,0,1730,24,0.8,10112,78
0.19860269714263268,1.6734848484848484,198,50.20454545454545,5,30,0,subsidiary_stock_comp,0.05464279775818189,58,0.1683,21,1,0,1730,25,0.8333333333333334,10240,79
0.2693756821099669,1.6479449669104842,198,47.79040404040404,5,29,0,subsidiary_stock_comp,0.16435824831326803,54,0.1674,32,1,0,1730,24,0.8275862068965517,10368,80
0.23708420409820974,1.7384960718294051,198,46.93939393939394,4,27,0,subsidiary_stock_comp,0.021475644161303837,60,0.1666,23,1,0,1730,23,0.8518518518518519,10496,81
0.28122602484654635,1.4686285936285937,198,38.18434343434343,5,26,0,subsidiary_stock_comp,0.04566351696848869,44,0.1657,25,1,0,1730,19,0.7307692307692307,10624,82
0.23156827587808948,1.8029331779331779,198,46.87626262626262,3,26,0,subsidiary_stock_comp,0.03250858560204506,53,0.1649,17,1,0,1730,23,0.8846153846153846,10752,83
0.2566559639526531,1.6550692106247664,198,44.68686868686869,4,27,0,subsidiary_stock_comp,0.06213873500625292,54,0.1641,25,1,0,1730,22,0.8148148148148148,10880,84
0.19592606199148577,1.670220725776281,198,45.095959595959584,4,27,0,subsidiary_stock_comp,0.04355330020189285,49,0.1633,21,1,0,1730,22,0.8148148148148148,11008,85
0.23207361951062921,1.4692460317460319,198,41.13888888888889,7,28,0,subsidiary_stock_comp,0.0739881048599879,57,0.1625,24,1,0,1730,20,0.7142857142857143,11136,86
0.15383602076326497,1.961952861952862,198,58.858585858585855,0,30,0,subsidiary_stock_comp,0.11525542289018631,64,0.1616,20,1,0,1730,29,0.9666666666666667,11264,87
0.12194356665713713,1.9404761904761905,198,54.333333333333336,0,28,0,subsidiary_stock_comp,0.06757412850856781,60,0.1608,21,1,0,1730,27,0.9642857142857143,11392,88
0.06454135486274026,1.71875,198,55,4,32,0,subsidiary_stock_comp,0.03621223196387291,56,0.16,17,1,0,1730,28,0.875,11520,89
0.12173776216513943,1.7370478983382207,198,53.848484848484844,4,31,0,subsidiary_stock_comp,0.013251224222282568,59,0.1592,23,1,0,1730,27,0.8709677419354839,11648,90
0.175565384386573,1.583417508417508,198,47.50252525252524,7,30,0,subsidiary_stock_comp,0.022435690586765606,60,0.1584,19,1,0,1730,23,0.7666666666666667,11776,91
0.0629708378110081,1.9224137931034482,198,55.75,1,29,0,subsidiary_stock_comp,0.027386459211508434,56,0.1576,20,1,0,1730,28,0.9655172413793104,11904,92
0.05850952729815617,1.8143150252525253,198,58.05808080808081,3,32,0,subsidiary_stock_comp,0.031752836580077805,61,0.1569,11,1,0,1730,29,0.90625,12032,93
0.1563920727057848,1.730320445837687,198,50.17929292929293,3,29,0,subsidiary_stock_comp,0.03269506494204203,58,0.1561,24,1,0,1730,25,0.8620689655172413,12160,94
0.04664521744416561,1.85,198,55.5,2,30,0,subsidiary_stock_comp,0.02880227689941724,56,0.1553,17,1,0,1730,28,0.9333333333333333,12288,95
0.17475891637150198,1.7920585161964477,198,51.96969696969698,2,29,0,subsidiary_stock_comp,0.024381837497154873,68,0.1545,15,1,0,1730,25,0.8620689655172413,12416,96
0.058043910408741795,1.7890625,198,57.25,3,32,0,subsidiary_stock_comp,0.07892850289742152,58,0.1537,16,1,0,1730,29,0.90625,12544,97
0.09370250227220822,1.823148148148148,198,54.694444444444436,3,30,0,subsidiary_stock_comp,0.054064237823088966,61,0.153,16,1,0,1730,27,0.9,12672,98
0.09558020124677569,1.7407407407407407,198,52.22222222222222,4,30,0,subsidiary_stock_comp,0.05491784711678823,56,0.1522,24,1,0,1730,26,0.8666666666666667,12800,99
0.25062284036539495,-0.04572754572754573,198,-1.691919191919192,34,37,0,subsidiary_stock_comp,1.1757613619168599,9,0.25,28,2,0,1731,3,0.08108108108108109,128,0
0.37668491966906004,0.8605408927989573,198,26.676767676767675,16,31,0,subsidiary_stock_comp,0.48337651292483014,40,0.2487,32,2,0,1731,14,0.45161290322580644,256,1
0.24467982398346066,1.4659526297457335,198,42.51262626262627,7,29,0,subsidiary_stock_comp,0.2593936671813329,55,0.2475,34,2,0,1731,21,0.7241379310344828,384,2
0.23341963440179825,1.4259530791788857,198,44.20454545454545,9,31,0,subsidiary_stock_comp,0.18927458922068277,56,0.2463,38,2,0,1731,22,0.7096774193548387,512,3
0.19185835965618026,1.5879484500174157,198,46.05050505050505,4,29,0,subsidiary_stock_comp,0.10514238725105922,54,0.245,33,2,0,1731,23,0.7931034482758621,640,4
0.2172253583339625,1.5603535353535354,198,46.81060606060606,5,30,0,subsidiary_stock_comp,0.10106795777877171,60,0.2438,35,2,0,1731,23,0.7666666666666667,768,5
0.2285968690921436,1.3079004329004327,198,36.62121212121212,6,28,0,subsidiary_stock_comp,0.06086555868387222,60,0.2426,31,2,0,1731,18,0.6428571428571429,896,6
0.14994853173266165,1.3992342782665363,198,43.37626262626263,9,31,0,subsidiary_stock_comp,0.1046238640944163,51,0.2414,31,2,0,1731,22,0.7096774193548387,1024,7
0.18931642292591278,1.499902874902875,198,38.997474747474755,3,26,0,subsidiary_stock_comp,0.10179529835780461,64,0.2402,29,2,0,1731,19,0.7307692307692307,1152,8
0.1900272708699049,1.4778822709857193,198,42.85858585858586,6,29,0,subsidiary_stock_comp,0.03617825359106064,54,0.239,32,2,0,1731,22,0.7586206896551724,1280,9
0.14266017932095565,1.6014309764309769,198,48.04292929292931,5,30,0,subsidiary_stock_comp,0.06212425231933594,57,0.2378,22,2,0,1731,24,0.8,1408,10
0.183108573910431,1.6419968919968921,198,42.6919191919192,2,26,0,subsidiary_stock_comp,0.048794506738583245,62,0.2366,30,2,0,1731,21,0.8076923076923077,1536,11
0.21069616814202163,1.389377647442164,198,43.07070707070708,8,31,0,subsidiary_stock_comp,0.06205495695273081,55,0.2354,40,2,0,1731,22,0.7096774193548387,1664,12
0.11309926890680799,1.7172619047619047,198,48.08333333333333,3,28,0,subsidiary_stock_comp,0.051069399962822594,57,0.2342,26,2,0,1731,24,0.8571428571428571,1792,13
0.1628155514190439,1.4915824915824922,198,40.27272727272729,4,27,0,subsidiary_stock_comp,0.0583253875374794,56,0.2331,37,2,0,1731,20,0.7407407407407407,1920,14
0.1442437218138366,1.7141414141414144,198,51.42424242424243,4,30,0,subsidiary_stock_comp,0.04612315818667412,54,0.2319,33,2,0,1731,26,0.8666666666666667,2048,15
0.25339974924281705,1.410680882903105,198,38.088383838383834,7,27,0,subsidiary_stock_comp,0.08514834940433502,46,0.2307,35,2,0,1731,19,0.7037037037037037,2176,16
0.2571158810169436,1.4736842105263157,198,28,0,19,0,subsidiary_stock_comp,0.03907479718327522,28,0.2296,23,2,0,1731,14,0.7368421052631579,2304,17
0.2063590040197596,1.7663170163170163,198,45.92424242424242,2,26,0,subsidiary_stock_comp,0.054482591028014817,52,0.2284,22,2,0,1731,23,0.8846153846153846,2432,18
0.2591736760659842,1.6264568764568768,198,42.287878787878796,2,26,0,subsidiary_stock_comp,0.03047934298714002,60,0.2273,32,2,0,1731,21,0.8076923076923077,2560,19
0.19524821096274536,1.5627705627705628,198,43.75757575757576,4,28,0,subsidiary_stock_comp,0.06737784296274185,56,0.2262,28,2,0,1731,22,0.7857142857142857,2688,20
0.24361397739266977,1.3992929292929293,198,34.98232323232323,5,25,0,subsidiary_stock_comp,0.09581918766101201,42,0.225,36,2,0,1731,18,0.72,2816,21
0.2585366213170346,1.2965768799102135,198,35.007575757575765,7,27,0,subsidiary_stock_comp,0.02699401943633954,48,0.2239,30,2,0,1731,18,0.6666666666666666,2944,22
0.30719419668457704,1.4152393500219589,198,32.55050505050505,2,23,0,subsidiary_stock_comp,0.055989875147740044,42,0.2228,27,2,0,1731,16,0.6956521739130435,3072,23
0.26400486645434285,1.6735836627140974,198,38.49242424242424,3,23,0,subsidiary_stock_comp,0.06407285047074159,48,0.2217,23,2,0,1731,19,0.8260869565217391,3200,24
0.28509897232288495,1.4712340799297323,198,33.83838383838384,4,23,0,subsidiary_stock_comp,0.07926165809233983,44,0.2206,26,2,0,1731,17,0.7391304347826086,3328,25
0.3419212646840606,1.1010101010101012,198,24.222222222222225,4,22,0,subsidiary_stock_comp,0.0654238797724247,31,0.2195,34,2,0,1731,12,0.5454545454545454,3456,26
0.29801262928231154,1.46513209013209,198,38.09343434343434,5,26,0,subsidiary_stock_comp,0.051788960893948875,50,0.2184,31,2,0,1731,19,0.7307692307692307,3584,27
0.2417638320621336,1.7027272727272729,198,42.56818181818182,3,25,0,subsidiary_stock_comp,0.06594930837551753,47,0.2173,31,2,0,1731,21,0.84,3712,28
0.23261078291398007,1.6145071403692095,198,46.82070707070707,5,29,0,subsidiary_stock_comp,0.06601094827055931,61,0.2162,34,2,0,1731,23,0.7931034482758621,3840,29
0.2851528833271004,1.3293512043512041,198,34.56313131313131,5,26,0,subsidiary_stock_comp,0.07963039726018906,57,0.2151,34,2,0,1731,17,0.6538461538461539,3968,30
0.16608689064742066,1.4493145743145741,198,40.580808080808076,6,28,0,subsidiary_stock_comp,0.10070928434530894,52,0.214,32,2,0,1731,20,0.7142857142857143,4096,31
0.14261747617274523,1.4,198,42,8,30,0,subsidiary_stock_comp,0.1160120889544487,44,0.213,28,2,0,1731,22,0.7333333333333333,4224,32
0.19450331568077672,1.3382967607105538,198,38.81060606060606,9,29,0,subsidiary_stock_comp,0.07639254381259282,54,0.2119,30,2,0,1731,19,0.6551724137931034,4352,33
0.17737209510232788,1.4700228087324863,198,45.57070707070707,6,31,0,subsidiary_stock_comp,0.10419510801633199,59,0.2108,26,2,0,1731,23,0.7419354838709677,4480,34
0.13859025662532076,1.763111888111888,198,45.840909090909086,1,26,0,subsidiary_stock_comp,0.14285556972026825,66,0.2098,24,2,0,1731,22,0.8461538461538461,4608,35
0.0607340909919003,1.71875,198,55,4,32,0,subsidiary_stock_comp,0.022365766887863476,56,0.2087,20,2,0,1731,28,0.875,4736,36
0.1363726239069365,1.7132532218739114,198,49.68434343434343,3,29,0,subsidiary_stock_comp,0.07929236193497975,57,0.2077,27,2,0,1731,25,0.8620689655172413,4864,37
0.12660620184033178,1.7267316017316017,198,48.348484848484844,2,28,0,subsidiary_stock_comp,0.0573098249733448,60,0.2066,29,2,0,1731,24,0.8571428571428571,4992,38
0.048959549763822,1.8548387096774193,198,57.5,2,31,0,subsidiary_stock_comp,0.022829737824698288,58,0.2056,21,2,0,1731,29,0.9354838709677419,5120,39
0.1448505392181687,1.5148148148148148,198,45.44444444444444,6,30,0,subsidiary_stock_comp,0.06945231681068738,54,0.2046,28,2,0,1731,23,0.7666666666666667,5248,40
0.11182675685267895,1.58098223615465,198,45.84848484848485,4,29,0,subsidiary_stock_comp,0.07485990971326828,58,0.2036,27,2,0,1731,23,0.7931034482758621,5376,41
0.16477043300983496,1.5798821548821553,198,47.39646464646466,5,30,0,subsidiary_stock_comp,0.055060657362143196,55,0.2025,29,2,0,1731,24,0.8,5504,42
0.20135798626142787,1.796950991395436,198,48.517676767676775,1,27,0,subsidiary_stock_comp,0.015436367131769657,60,0.2015,29,2,0,1731,24,0.8888888888888888,5632,43
0.1862893229117617,1.7429854096520765,198,47.06060606060606,2,27,0,subsidiary_stock_comp,0.062389593571424484,60,0.2005,24,2,0,1731,23,0.8518518518518519,5760,44
0.3047330066328868,1.3997668997669004,198,36.39393939393941,6,26,0,subsidiary_stock_comp,0.04833364114165306,64,0.1995,38,2,0,1731,17,0.6538461538461539,5888,45
0.23561210662592202,1.637205387205387,198,44.20454545454545,5,27,0,subsidiary_stock_comp,0.03742797424395879,52,0.1985,29,2,0,1731,22,0.8148148148148148,6016,46
0.3124081146233948,1.4516594516594516,198,30.484848484848484,4,21,0,subsidiary_stock_comp,0.07109568143884341,41,0.1975,16,2,0,1731,15,0.7142857142857143,6144,47
0.23382253728050273,1.6731313131313132,198,41.82828282828283,4,25,0,subsidiary_stock_comp,0.036263049890597664,47,0.1965,23,2,0,1731,21,0.84,6272,48
0.23832281227805652,1.815217391304348,198,41.75,1,23,0,subsidiary_stock_comp,0.02122353141506513,42,0.1956,25,2,0,1731,21,0.9130434782608695,6400,49
0.21444912984588882,1.6215728715728714,198,45.4040404040404,4,28,0,subsidiary_stock_comp,0.04191843171914419,48,0.1946,17,2,0,1731,23,0.8214285714285714,6528,50
0.1897286175080808,1.6989337822671158,198,45.871212121212125,3,27,0,subsidiary_stock_comp,0.03338089461127917,51,0.1936,21,2,0,1731,23,0.8518518518518519,6656,51
0.20216211419028696,1.6011971567527123,198,43.23232323232323,4,27,0,subsidiary_stock_comp,0.046921304116646446,50,0.1926,18,2,0,1731,22,0.8148148148148148,6784,52
0.21950121019472135,1.8068181818181819,198,39.75,1,22,0,subsidiary_stock_comp,0.01785570631424586,40,0.1917,18,2,0,1731,20,0.9090909090909091,6912,53
0.2138585862267064,1.75,198,43.75,1,25,0,subsidiary_stock_comp,0.013489481372137865,44,0.1907,20,2,0,1731,22,0.88,7040,54
0.23483349720481783,1.5192667414889638,198,41.02020202020202,4,27,0,subsidiary_stock_comp,0.04068483660618464,46,0.1898,27,2,0,1731,21,0.7777777777777778,7168,55
0.2454607040854171,1.5128282828282829,198,37.82070707070707,3,25,0,subsidiary_stock_comp,0.051325337340434395,53,0.1888,29,2,0,1731,19,0.76,7296,56
0.23465428838972002,1.6450968013468013,198,39.48232323232323,3,24,0,subsidiary_stock_comp,0.053069153179725014,43,0.1879,23,2,0,1731,20,0.8333333333333334,7424,57
0.2147911744104931,1.9351851851851851,198,52.25,1,27,0,subsidiary_stock_comp,0.07427100961407025,53,0.1869,23,2,0,1731,26,0.9629629629629629,7552,58
0.16290621307416586,1.7938645716423494,198,48.43434343434343,2,27,0,subsidiary_stock_comp,0.045524886498848595,56,0.186,17,2,0,1731,24,0.8888888888888888,7680,59
0.13429916527093155,1.726936026936027,198,51.80808080808081,4,30,0,subsidiary_stock_comp,0.04911335309346517,55,0.1851,20,2,0,1731,26,0.8666666666666667,7808,60
0.22953479053103365,1.6219891219891223,198,42.17171717171718,4,26,0,subsidiary_stock_comp,0.05747018506129583,53,0.1841,21,2,0,1731,21,0.8076923076923077,7936,61
0.16340111596218776,1.7,198,51,4,30,0,subsidiary_stock_comp,0.048500326772530876,52,0.1832,24,2,0,1731,26,0.8666666666666667,8064,62
0.1902697220502887,1.7026515151515151,198,47.67424242424242,3,28,0,subsidiary_stock_comp,0.03064052015542984,54,0.1823,25,2,0,1731,24,0.8571428571428571,8192,63
0.3062415036474704,1.3826728826728827,198,35.94949494949495,6,26,0,subsidiary_stock_comp,0.07517531017462413,46,0.1814,33,2,0,1731,18,0.6923076923076923,8320,64
0.28706243322085356,1.5199915824915824,198,36.47979797979798,2,24,0,subsidiary_stock_comp,0.05623718723654747,54,0.1805,20,2,0,1731,18,0.75,8448,65
0.2980666732182726,1.5929533429533431,198,33.45202020202021,1,21,0,subsidiary_stock_comp,0.06917764867345493,47,0.1796,27,2,0,1731,16,0.7619047619047619,8576,66
0.2601186317333486,1.6401010101010103,198,41.00252525252526,1,25,0,subsidiary_stock_comp,0.03723004894951979,50,0.1787,18,2,0,1731,20,0.8,8704,67
0.21264403578970814,1.6460137085137085,198,46.08838383838384,3,28,0,subsidiary_stock_comp,0.0278548455486695,56,0.1778,24,2,0,1731,23,0.8214285714285714,8832,68
0.16364181075186934,1.519949494949495,198,45.59848484848485,5,30,0,subsidiary_stock_comp,0.06589229901631673,58,0.1769,25,2,0,1731,23,0.7666666666666667,8960,69
0.19002674843068235,1.6088664421997751,198,43.43939393939393,2,27,0,subsidiary_stock_comp,0.03349097321430842,66,0.176,25,2,0,1731,21,0.7777777777777778,9088,70
0.06671184757578885,1.7272727272727273,198,57,4,33,0,subsidiary_stock_comp,0.026841421922047932,58,0.1751,18,2,0,1731,29,0.8787878787878788,9216,71
0.15728356489125872,1.6029258098223615,198,46.484848484848484,4,29,0,subsidiary_stock_comp,0.05011197676261266,63,0.1743,22,2,0,1731,23,0.7931034482758621,9344,72
0.1819019664035295,1.5869528619528623,198,47.60858585858587,5,30,0,subsidiary_stock_comp,0.09615516414244969,57,0.1734,25,2,0,1731,24,0.8,9472,73
0.29170959220209625,1.51010101010101,198,39.262626262626256,4,26,0,subsidiary_stock_comp,0.05406276509165764,59,0.1725,32,2,0,1731,19,0.7307692307692307,9600,74
0.1532245126363705,1.6861720654824104,198,48.8989898989899,4,29,0,subsidiary_stock_comp,0.02555430183808009,63,0.1717,21,2,0,1731,24,0.8275862068965517,9728,75
0.1739921091866563,1.7243434343434343,198,43.108585858585855,1,25,0,subsidiary_stock_comp,0.023790229111909866,55,0.1708,31,2,0,1731,21,0.84,9856,76
0.08225838906946592,1.7974747474747474,198,53.92424242424242,2,30,0,subsidiary_stock_comp,0.015253237448632717,60,0.1699,17,2,0,1731,27,0.9,9984,77
0.14964379998855293,1.5209857192615814,198,44.10858585858586,5,29,0,subsidiary_stock_comp,0.0554216963549455,57,0.1691,21,2,0,1731,22,0.7586206896551724,10112,78
0.17595787018944975,1.660571229536747,198,48.15656565656566,4,29,0,subsidiary_stock_comp,0.05334575101733208,58,0.1683,23,2,0,1731,24,0.8275862068965517,10240,79
0.19231125128862914,1.5959595959595956,198,44.68686868686868,4,28,0,subsidiary_stock_comp,0.08480316648880641,61,0.1674,26,2,0,1731,22,0.7857142857142857,10368,80
0.1984455140918726,1.695436507936508,198,47.47222222222222,3,28,0,subsidiary_stock_comp,0.043517179787158966,52,0.1666,21,2,0,1731,24,0.8571428571428571,10496,81
0.2525758671981748,1.6594516594516595,198,46.464646464646464,4,28,0,subsidiary_stock_comp,0.04317605743805567,55,0.1657,27,2,0,1731,23,0.8214285714285714,10624,82
0.28012288840545807,1.2982711732711734,198,33.755050505050505,7,26,0,subsidiary_stock_comp,0.04771954193711281,47,0.1649,26,2,0,1731,17,0.6538461538461539,10752,83
0.2303515813400736,1.4666105499438833,198,39.59848484848485,5,27,0,subsidiary_stock_comp,0.08003600190083186,50,0.1641,31,2,0,1731,20,0.7407407407407407,10880,84
0.19427407062903512,1.7663170163170163,198,45.92424242424242,2,26,0,subsidiary_stock_comp,0.01170525016884009,52,0.1633,20,2,0,1731,23,0.8846153846153846,11008,85
0.2676541219407227,1.4998947811447814,198,35.997474747474755,3,24,0,subsidiary_stock_comp,0.03426684935887655,46,0.1625,22,2,0,1731,18,0.75,11136,86
0.2133401722094277,1.84101430976431,198,44.18434343434344,1,24,0,subsidiary_stock_comp,0.036242237935463585,50,0.1616,15,2,0,1731,22,0.9166666666666666,11264,87
0.2333052243629936,1.8739393939393938,198,46.848484848484844,0,25,0,subsidiary_stock_comp,0.02832073252648115,56,0.1608,19,2,0,1731,23,0.92,11392,88
0.2427262069832068,1.682005237560793,198,45.41414141414141,4,27,0,subsidiary_stock_comp,0.040417020519574486,50,0.16,20,2,0,1731,23,0.8518518518518519,11520,89
0.2578078884835122,1.7957702020202024,198,43.09848484848486,3,24,0,subsidiary_stock_comp,0.008716975649197897,51,0.1592,24,2,0,1731,21,0.875,11648,90
0.22724853066029027,1.6773737373737374,198,41.93434343434343,2,25,0,subsidiary_stock_comp,0.0550714818139871,48,0.1584,14,2,0,1731,21,0.84,11776,91
0.21151678680325858,1.91,198,47.75,1,25,0,subsidiary_stock_comp,0.038086326171954475,48,0.1576,25,2,0,1731,24,0.96,11904,92
0.21461855438246857,1.7403846153846154,198,45.25,3,26,0,subsidiary_stock_comp,0.047377179066340126,46,0.1569,26,2,0,1731,23,0.8846153846153846,12032,93
0.21721865751896985,1.780677141788253,198,48.07828282828283,3,27,0,subsidiary_stock_comp,0.0661335252225399,53,0.1561,17,2,0,1731,24,0.8888888888888888,12160,94
0.2206583912775386,1.5923232323232324,198,39.80808080808081,4,25,0,subsidiary_stock_comp,0.03560893299678961,43,0.1553,20,2,0,1731,20,0.8,12288,95
0.1899964610929601,1.8532439782439782,198,48.18434343434343,1,26,0,subsidiary_stock_comp,0.06727335105339687,54,0.1545,15,2,0,1731,24,0.9230769230769231,12416,96
0.16913235951506067,1.641507669285447,198,44.320707070707066,3,27,0,subsidiary_stock_comp,0.0273130318770806,55,0.1537,25,2,0,1731,22,0.8148148148148148,12544,97
0.14514753529510926,1.7003367003367003,198,51.01010101010101,4,30,0,subsidiary_stock_comp,0.05685864264766375,53,0.153,28,2,0,1731,26,0.8666666666666667,12672,98
0.08666190737858415,1.782258064516129,198,55.25,3,31,0,subsidiary_stock_comp,0.016141326787571113,56,0.1522,12,2,0,1731,28,0.9032258064516129,12800,99
0.6777104109060019,0.2088888888888889,198,5.222222222222222,16,25,0,subsidiary_stock_comp,1.4436170657475789,53,0.25,33,3,0,1732,3,0.12,128,0
0.472989285713993,0.9606782106782106,198,20.174242424242422,7,21,0,subsidiary_stock_comp,1.565645416577657,51,0.2487,27,3,0,1732,9,0.42857142857142855,256,1
0.4960293476469815,1.1567760942760943,198,27.762626262626263,6,24,0,subsidiary_stock_comp,0.9001319209734598,58,0.2475,25,3,0,1732,13,0.5416666666666666,384,2
0.44573598564602435,1.2792050944224855,198,29.421717171717166,3,23,0,subsidiary_stock_comp,0.6034189263979594,54,0.2463,25,3,0,1732,14,0.6086956521739131,512,3
0.4205833622254431,1.2708032708032708,198,26.686868686868685,4,21,0,subsidiary_stock_comp,0.34610400597254437,40,0.245,36,3,0,1732,13,0.6190476190476191,640,4
0.3068800512701273,1.6324609733700641,198,35.91414141414141,2,22,0,subsidiary_stock_comp,0.3832252224286397,39,0.2438,26,3,0,1732,18,0.8181818181818182,768,5
0.33759304333943874,1.6011198945981555,198,36.82575757575758,3,23,0,subsidiary_stock_comp,0.12339147925376892,52,0.2426,31,3,0,1732,18,0.782608695652174,896,6
0.2525340882129967,1.6358375420875422,198,39.26010101010101,3,24,0,subsidiary_stock_comp,0.16046111285686493,42,0.2414,29,3,0,1732,20,0.8333333333333334,1024,7
0.3028568725567311,1.3574134199134202,198,38.007575757575765,7,28,0,subsidiary_stock_comp,0.09994776050249736,50,0.2402,38,3,0,1732,19,0.6785714285714286,1152,8
0.18869939708383754,1.5344827586206897,198,44.5,6,29,0,subsidiary_stock_comp,0.12698528915643692,46,0.239,36,3,0,1732,23,0.7931034482758621,1280,9
0.2825353088846896,1.5003885003885005,198,39.01010101010101,4,26,0,subsidiary_stock_comp,0.1215347448984782,56,0.2378,39,3,0,1732,19,0.7307692307692307,1408,10
0.21985966170905158,1.6944444444444444,198,47.44444444444444,4,28,0,subsidiary_stock_comp,0.06222241868575414,52,0.2366,29,3,0,1732,24,0.8571428571428571,1536,11
0.2754382589191664,1.6332772166105498,198,44.098484848484844,3,27,0,subsidiary_stock_comp,0.1057719960808754,56,0.2354,33,3,0,1732,22,0.8148148148148148,1664,12
0.3032741945935413,1.3693456302151958,198,31.494949494949502,4,23,0,subsidiary_stock_comp,0.10100907211502393,50,0.2342,28,3,0,1732,15,0.6521739130434783,1792,13
0.1521235249383608,1.6548821548821548,198,49.64646464646464,4,30,0,subsidiary_stock_comp,0.09475471079349518,58,0.2331,23,3,0,1732,25,0.8333333333333334,1920,14
0.19425453504663892,1.5955988455988457,198,44.67676767676768,4,28,0,subsidiary_stock_comp,0.10374268144369125,61,0.2319,31,3,0,1732,22,0.7857142857142857,2048,15
0.1812760051980149,1.7417027417027415,198,48.76767676767676,2,28,0,subsidiary_stock_comp,0.09405144304037094,62,0.2307,24,3,0,1732,24,0.8571428571428571,2176,16
0.19695033942116424,1.575148032044584,198,45.67929292929294,5,29,0,subsidiary_stock_comp,0.05094325542449951,68,0.2296,24,3,0,1732,22,0.7586206896551724,2304,17
0.1605564822530141,1.6087542087542086,198,48.262626262626256,4,30,0,subsidiary_stock_comp,0.0840929349263509,60,0.2284,34,3,0,1732,24,0.8,2432,18
0.13112722017103806,1.7224747474747475,198,51.67424242424242,3,30,0,subsidiary_stock_comp,0.04283596823612849,58,0.2273,33,3,0,1732,26,0.8666666666666667,2560,19
0.12878339987946674,1.5560064935064932,198,43.56818181818181,5,28,0,subsidiary_stock_comp,0.0765414113799731,48,0.2262,27,3,0,1732,22,0.7857142857142857,2688,20
0.16828449864988215,1.376344086021506,198,42.666666666666686,8,31,0,subsidiary_stock_comp,0.06269806250929832,53,0.225,28,3,0,1732,22,0.7096774193548387,2816,21
0.17421368055511266,1.565395332636712,198,45.39646464646465,5,29,0,subsidiary_stock_comp,0.06146723528703054,54,0.2239,25,3,0,1732,23,0.7931034482758621,2944,22
0.20610637264326215,1.6125541125541125,198,45.15151515151515,4,28,0,subsidiary_stock_comp,0.06751008083422978,59,0.2228,24,3,0,1732,22,0.7857142857142857,3072,23
0.20256756275193766,1.5511145942180427,198,44.98232323232324,5,29,0,subsidiary_stock_comp,0.06185099730889002,52,0.2217,38,3,0,1732,23,0.7931034482758621,3200,24
0.20026199087442365,1.462205387205387,198,43.86616161616161,7,30,0,subsidiary_stock_comp,0.09075398991505305,50,0.2206,31,3,0,1732,22,0.7333333333333333,3328,25
0.33056159618718084,1.2447552447552446,198,32.36363636363636,8,26,0,subsidiary_stock_comp,0.04610477015376091,47,0.2195,30,3,0,1732,16,0.6153846153846154,3456,26
0.3126431054988643,1.6506410256410258,198,42.91666666666667,3,26,0,subsidiary_stock_comp,0.029610416541496914,53,0.2184,27,3,0,1732,21,0.8076923076923077,3584,27
0.25554280320648104,1.6424429479985034,198,44.34595959595959,5,27,0,subsidiary_stock_comp,0.03291752810279528,48,0.2173,34,3,0,1732,22,0.8148148148148148,3712,28
0.21019647385401186,1.7074314574314575,198,47.80808080808081,4,28,0,subsidiary_stock_comp,0.02570762236913045,51,0.2162,30,3,0,1732,24,0.8571428571428571,3840,29
0.21869816714752233,1.7659285159285159,198,45.91414141414141,2,26,0,subsidiary_stock_comp,0.02936841237048308,50,0.2151,29,3,0,1732,23,0.8846153846153846,3968,30
0.273525781747594,1.6467803030303034,198,39.52272727272728,1,24,0,subsidiary_stock_comp,0.021524664325018723,51,0.214,28,3,0,1732,19,0.7916666666666666,4096,31
0.23646390661451733,1.5804473304473305,198,44.25252525252525,4,28,0,subsidiary_stock_comp,0.04121717686454455,58,0.213,31,3,0,1732,22,0.7857142857142857,4224,32
0.09079735900013475,1.7882996632996633,198,53.648989898989896,3,30,0,subsidiary_stock_comp,0.037696296349167824,55,0.2119,17,3,0,1732,27,0.9,4352,33
0.20665126029052772,1.6755952380952384,198,46.91666666666667,3,28,0,subsidiary_stock_comp,0.08919269094864528,61,0.2108,28,3,0,1732,23,0.8214285714285714,4480,34
0.13993686460889876,1.8685897435897436,198,48.583333333333336,1,26,0,subsidiary_stock_comp,0.06952433784802754,55,0.2098,30,3,0,1732,24,0.9230769230769231,4608,35
0.16662463247484993,1.4709595959595956,198,44.12878787878787,7,30,0,subsidiary_stock_comp,0.05208302785952886,57,0.2087,24,3,0,1732,22,0.7333333333333333,4736,36
0.19097517360933125,1.5912698412698414,198,44.55555555555556,4,28,0,subsidiary_stock_comp,0.039483945816755295,56,0.2077,33,3,0,1732,22,0.7857142857142857,4864,37
0.18122920277528465,1.4868512713340298,198,43.118686868686865,7,29,0,subsidiary_stock_comp,0.08965231229861577,51,0.2066,32,3,0,1732,22,0.7586206896551724,4992,38
0.15691685777710518,1.588552188552189,198,47.65656565656567,6,30,0,subsidiary_stock_comp,0.03649591778715452,55,0.2056,21,3,0,1732,24,0.8,5120,39
0.16974986685090698,1.6729797979797978,198,50.18939393939393,5,30,0,subsidiary_stock_comp,0.014258219860494137,56,0.2046,21,3,0,1732,25,0.8333333333333334,5248,40
0.13337928510736674,1.8230581678857547,198,52.868686868686886,2,29,0,subsidiary_stock_comp,0.034703840191165604,63,0.2036,22,3,0,1732,26,0.896551724137931,5376,41
0.14644187927478924,1.5520724486241728,198,45.01010101010101,6,29,0,subsidiary_stock_comp,0.050433131555716194,48,0.2025,29,3,0,1732,23,0.7931034482758621,5504,42
0.2376715178397717,1.5084465343086033,198,43.744949494949495,7,29,0,subsidiary_stock_comp,0.028901963184277218,58,0.2015,28,3,0,1732,21,0.7241379310344828,5632,43
0.19531141963670962,1.6083152958152962,198,45.03282828282829,5,28,0,subsidiary_stock_comp,0.06531024848421414,57,0.2005,30,3,0,1732,22,0.7857142857142857,5760,44
0.15313758281990886,1.6166125541125544,198,45.26515151515152,5,28,0,subsidiary_stock_comp,0.029708827535311382,58,0.1995,28,3,0,1732,22,0.7857142857142857,5888,45
0.1618485334183788,1.471296296296296,198,44.138888888888886,7,30,0,subsidiary_stock_comp,0.039104962100585304,57,0.1985,25,3,0,1732,22,0.7333333333333333,6016,46
0.12453290339908563,1.6337569240795045,198,50.646464646464636,6,31,0,subsidiary_stock_comp,0.07020304352045059,58,0.1975,25,3,0,1732,25,0.8064516129032258,6144,47
0.10422445691074245,1.8712121212121215,198,56.13636363636365,2,30,0,subsidiary_stock_comp,0.049631521105766296,60,0.1965,20,3,0,1732,28,0.9333333333333333,6272,48
0.11679744080174714,1.754208754208754,198,52.62626262626262,4,30,0,subsidiary_stock_comp,0.03793336513141791,59,0.1956,20,3,0,1732,26,0.8666666666666667,6400,49
0.1284641225647647,1.7763468013468011,198,53.290404040404034,3,30,0,subsidiary_stock_comp,0.03335626175006231,63,0.1946,15,3,0,1732,26,0.8666666666666667,6528,50
0.1808128732300247,1.7036101758323978,198,45.99747474747474,1,27,0,subsidiary_stock_comp,0.033363030602534614,69,0.1936,28,3,0,1732,22,0.8148148148148148,6656,51
0.11261600982106756,1.7261322906484198,198,53.51010101010101,4,31,0,subsidiary_stock_comp,0.05087937414646149,56,0.1926,23,3,0,1732,27,0.8709677419354839,6784,52
0.10881027318100678,1.8307210031347962,198,53.09090909090909,2,29,0,subsidiary_stock_comp,0.018106258784731228,64,0.1917,19,3,0,1732,26,0.896551724137931,6912,53
0.1400781420088606,1.6003787878787878,198,44.81060606060606,5,28,0,subsidiary_stock_comp,0.0343187190592289,57,0.1907,23,3,0,1732,22,0.7857142857142857,7040,54
0.08493760126293637,1.745622895622896,198,52.36868686868688,2,30,0,subsidiary_stock_comp,0.020787428754071396,64,0.1898,20,3,0,1732,26,0.8666666666666667,7168,55
0.10717038319126004,1.8130442354580287,198,52.57828282828283,3,29,0,subsidiary_stock_comp,0.02512407675385475,58,0.1888,23,3,0,1732,26,0.896551724137931,7296,56
0.1531256700072845,1.5119528619528622,198,45.35858585858586,6,30,0,subsidiary_stock_comp,0.06874922911326091,52,0.1879,31,3,0,1732,23,0.7666666666666667,7424,57
0.17392963478778256,1.8502264019505401,198,53.65656565656566,2,29,0,subsidiary_stock_comp,0.01982949177424113,61,0.1869,23,3,0,1732,26,0.896551724137931,7552,58
0.16783998992468696,1.7653256704980842,198,51.19444444444444,3,29,0,subsidiary_stock_comp,0.021688418462872505,60,0.186,17,3,0,1732,25,0.8620689655172413,7680,59
0.27722067189461086,1.6301557239057247,198,39.12373737373739,3,24,0,subsidiary_stock_comp,0.04289882878462473,63,0.1851,26,3,0,1732,18,0.75,7808,60
0.13366182081517763,1.8392857142857142,198,51.5,2,28,0,subsidiary_stock_comp,0.04958673442403475,52,0.1841,24,3,0,1732,26,0.9285714285714286,7936,61
0.1961996350219124,1.7061447811447812,198,51.18434343434343,5,30,0,subsidiary_stock_comp,0.014173774980008602,60,0.1832,23,3,0,1732,25,0.8333333333333334,8064,62
0.18591445627316716,1.7207653457653467,198,44.73989898989901,3,26,0,subsidiary_stock_comp,0.03875422105193138,56,0.1823,22,3,0,1732,22,0.8461538461538461,8192,63
0.18926375119190197,1.5199494949494954,198,45.59848484848486,7,30,0,subsidiary_stock_comp,0.06430922945340474,52,0.1814,28,3,0,1732,23,0.7666666666666667,8320,64
0.21291388433019165,1.7343073593073595,198,48.56060606060606,2,28,0,subsidiary_stock_comp,0.014493184785048166,59,0.1805,15,3,0,1732,24,0.8571428571428571,8448,65
0.16515596755198203,1.8224841002618783,198,49.20707070707071,2,27,0,subsidiary_stock_comp,0.03887152050932249,59,0.1796,22,3,0,1732,24,0.8888888888888888,8576,66
0.234485226275865,1.6370602577499127,198,47.47474747474747,4,29,0,subsidiary_stock_comp,0.017518169557054836,58,0.1787,26,3,0,1732,23,0.7931034482758621,8704,67
0.2211033488274552,1.5003741114852227,198,40.51010101010101,6,27,0,subsidiary_stock_comp,0.06691095729668935,43,0.1778,27,3,0,1732,21,0.7777777777777778,8832,68
0.22659069648943841,1.625,198,39,4,24,0,subsidiary_stock_comp,0.038320391128460564,40,0.1769,26,3,0,1732,20,0.8333333333333334,8960,69
0.3175562405231176,1.3207070707070707,198,34.33838383838384,6,26,0,subsidiary_stock_comp,0.03272590724130472,43,0.176,21,3,0,1732,17,0.6538461538461539,9088,70
0.22894874666963005,1.6175645342312008,198,43.67424242424242,5,27,0,subsidiary_stock_comp,0.03047760824362437,47,0.1751,26,3,0,1732,22,0.8148148148148148,9216,71
0.21306565664417576,1.814879564879565,198,47.18686868686869,2,26,0,subsidiary_stock_comp,0.01524431367094318,57,0.1743,25,3,0,1732,23,0.8846153846153846,9344,72
0.21159926429390907,1.6456228956228958,198,44.43181818181819,3,27,0,subsidiary_stock_comp,0.07306745524207751,56,0.1734,26,3,0,1732,22,0.8148148148148148,9472,73
0.12876645706637646,1.9416666666666667,198,58.25,1,30,0,subsidiary_stock_comp,0.022234209192295868,59,0.1725,17,3,0,1732,29,0.9666666666666667,9600,74
0.12302084606926655,1.796464646464646,198,53.893939393939384,4,30,0,subsidiary_stock_comp,0.054900591572125755,59,0.1717,21,3,0,1732,26,0.8666666666666667,9728,75
0.24482423159861355,1.4607363962202673,198,45.282828282828284,8,31,0,subsidiary_stock_comp,0.03230109686652819,59,0.1708,27,3,0,1732,22,0.7096774193548387,9856,76
0.1109781258564908,1.8769360269360267,198,56.3080808080808,2,30,0,subsidiary_stock_comp,0.04222393284241358,59,0.1699,16,3,0,1732,28,0.9333333333333333,9984,77
0.19903855914162705,1.4113636363636364,198,42.34090909090909,7,30,0,subsidiary_stock_comp,0.08365265776713689,56,0.1691,27,3,0,1732,21,0.7,10112,78
0.07628447086608503,1.8548387096774193,198,57.5,2,31,0,subsidiary_stock_comp,0.04148244050641855,58,0.1683,22,3,0,1732,29,0.9354838709677419,10240,79
0.16749966271527228,1.5040926506443746,198,43.618686868686865,5,29,0,subsidiary_stock_comp,0.05814256767431895,56,0.1674,21,3,0,1732,22,0.7586206896551724,10368,80
0.2252910555107519,1.5586219336219336,198,43.64141414141414,6,28,0,subsidiary_stock_comp,0.056476619094610214,58,0.1666,31,3,0,1732,21,0.75,10496,81
0.26152894884580746,1.5782828282828285,198,39.45707070707071,5,25,0,subsidiary_stock_comp,0.025104360654950142,56,0.1657,19,3,0,1732,18,0.72,10624,82
0.22402297859298415,1.5752164502164498,198,44.106060606060595,6,28,0,subsidiary_stock_comp,0.050580898920694985,49,0.1649,23,3,0,1732,22,0.7857142857142857,10752,83
0.24133835972679663,1.748737373737374,198,45.46717171717172,1,26,0,subsidiary_stock_comp,0.01920080619553725,56,0.1641,21,3,0,1732,22,0.8461538461538461,10880,84
0.245851746716653,1.584207459207459,198,41.18939393939394,3,26,0,subsidiary_stock_comp,0.03655677785476049,50,0.1633,21,3,0,1732,20,0.7692307692307693,11008,85
0.16607285907957703,1.7820165945165949,198,49.89646464646466,3,28,0,subsidiary_stock_comp,0.06986689070860545,55,0.1625,22,3,0,1732,25,0.8928571428571429,11136,86
0.22285728830320295,1.479978354978355,198,41.43939393939394,6,28,0,subsidiary_stock_comp,0.057402465492486954,59,0.1616,21,3,0,1732,20,0.7142857142857143,11264,87
0.14191592320639757,1.7967171717171717,198,50.30808080808081,2,28,0,subsidiary_stock_comp,0.04218286772569021,54,0.1608,22,3,0,1732,25,0.8928571428571429,11392,88
0.15920930788706755,1.8184523809523812,198,50.91666666666667,3,28,0,subsidiary_stock_comp,0.07726887613534927,59,0.16,21,3,0,1732,25,0.8928571428571429,11520,89
0.11238162929657847,1.6736900252525253,198,53.55808080808081,5,32,0,subsidiary_stock_comp,0.06416621804237366,57,0.1592,26,3,0,1732,27,0.84375,11648,90
0.1892752881758497,1.5681818181818183,198,45.477272727272734,5,29,0,subsidiary_stock_comp,0.04599743460615476,62,0.1584,20,3,0,1732,22,0.7586206896551724,11776,91
0.19221966207987862,1.6042319749216298,198,46.522727272727266,5,29,0,subsidiary_stock_comp,0.04353099316358566,58,0.1576,21,3,0,1732,23,0.7931034482758621,11904,92
0.11511537271144334,1.717003367003367,198,51.51010101010101,4,30,0,subsidiary_stock_comp,0.0639678214987119,54,0.1569,26,3,0,1732,26,0.8666666666666667,12032,93
0.12140608206391335,1.5667388167388165,198,43.868686868686865,4,28,0,subsidiary_stock_comp,0.05818264310558637,56,0.1561,16,3,0,1732,22,0.7857142857142857,12160,94
0.14122942859467003,1.607889237199582,198,46.62878787878788,5,29,0,subsidiary_stock_comp,0.06630997359752655,59,0.1553,27,3,0,1732,23,0.7931034482758621,12288,95
0.16408439490260207,1.5397523623330076,198,47.73232323232324,6,31,0,subsidiary_stock_comp,0.03862358257174492,57,0.1545,25,3,0,1732,24,0.7741935483870968,12416,96
0.11851548656613886,1.4569077875529488,198,45.16414141414141,7,31,0,subsidiary_stock_comp,0.04861098652084669,51,0.1537,17,3,0,1732,23,0.7419354838709677,12544,97
0.133880598583346,1.6045802856147688,198,46.5328282828283,3,29,0,subsidiary_stock_comp,0.05239636575182279,64,0.153,19,3,0,1732,23,0.7931034482758621,12672,98
0.1804042920757638,1.6927308802308807,198,47.39646464646466,3,28,0,subsidiary_stock_comp,0.06709857285022736,66,0.1522,24,3,0,1732,23,0.8214285714285714,12800,99
0.24465347395744175,-0.0326797385620915,80,-0.5555555555555555,4,17,0,subsidiary_stock_comp,1.3604692816734314,7,0.25,39,4,0,1733,0,0,128,0
0.5813465683022514,0.7290764790764793,198,15.310606060606066,7,21,0,subsidiary_stock_comp,0.8915604750315348,64,0.2487,33,4,0,1733,6,0.2857142857142857,256,1
0.4555252753198147,0.5920454545454544,198,11.840909090909088,5,20,0,subsidiary_stock_comp,0.2984183033307393,24,0.2475,37,4,0,1733,6,0.3,384,2
0.5382883339188993,1.1439393939393943,198,25.16666666666667,6,22,0,subsidiary_stock_comp,0.12754585221409798,56,0.2463,26,4,0,1733,11,0.5,512,3
0.41826815699459985,1.3234265734265733,198,34.40909090909091,6,26,0,subsidiary_stock_comp,0.10805274546146393,53,0.245,37,4,0,1733,17,0.6538461538461539,640,4
0.32191346725448966,1.4565217391304348,198,33.5,2,23,0,subsidiary_stock_comp,0.08190825581550598,34,0.2438,24,4,0,1733,17,0.7391304347826086,768,5
0.365541385486722,1.34366391184573,198,29.560606060606062,4,22,0,subsidiary_stock_comp,0.1660811056693395,46,0.2426,30,4,0,1733,14,0.6363636363636364,896,6
0.32395637151785195,1.5106621773288438,198,40.78787878787878,4,27,0,subsidiary_stock_comp,0.07844682782888412,57,0.2414,27,4,0,1733,20,0.7407407407407407,1024,7
0.31029998140002135,1.504247015610652,198,33.093434343434346,3,22,0,subsidiary_stock_comp,0.05314495787024498,44,0.2402,26,4,0,1733,16,0.7272727272727273,1152,8
0.32470461120828986,1.5540633608815426,198,34.18939393939394,3,22,0,subsidiary_stock_comp,0.046371493488550186,44,0.239,35,4,0,1733,17,0.7727272727272727,1280,9
0.2696539909229614,1.7601010101010104,198,38.72222222222223,2,22,0,subsidiary_stock_comp,0.09414900094270706,46,0.2378,33,4,0,1733,19,0.8636363636363636,1408,10
0.3017476706299931,1.3903318903318902,198,29.196969696969695,2,21,0,subsidiary_stock_comp,0.0807566021879514,46,0.2366,31,4,0,1733,14,0.6666666666666666,1536,11
0.22764338681008667,1.625,198,39,4,24,0,subsidiary_stock_comp,0.11589113622903824,40,0.2354,34,4,0,1733,20,0.8333333333333334,1664,12
0.3082880823931191,1.4120202020202022,198,35.30050505050505,7,25,0,subsidiary_stock_comp,0.10760149608055751,43,0.2342,27,4,0,1733,18,0.72,1792,13
0.29132789897266775,1.4742883379247014,198,32.43434343434343,4,22,0,subsidiary_stock_comp,0.1288902387022972,39,0.2331,30,4,0,1733,16,0.7272727272727273,1920,14
0.27757278620265424,1.6761937557392104,198,36.87626262626263,1,22,0,subsidiary_stock_comp,0.11751161143183708,43,0.2319,27,4,0,1733,18,0.8181818181818182,2048,15
0.21057349973125383,1.6904040404040404,198,42.26010101010101,1,25,0,subsidiary_stock_comp,0.17605449259281158,45,0.2307,26,4,0,1733,21,0.84,2176,16
0.20682773149746936,1.3394781144781145,198,40.18434343434343,9,30,0,subsidiary_stock_comp,0.20713808635870615,45,0.2296,39,4,0,1733,21,0.7,2304,17
0.1336352073121816,1.88013468013468,198,56.4040404040404,2,30,0,subsidiary_stock_comp,0.28715063134829205,59,0.2284,24,4,0,1733,28,0.9333333333333333,2432,18
0.16296136457822286,1.494775339602926,198,43.34848484848485,6,29,0,subsidiary_stock_comp,0.16457744936148325,51,0.2273,29,4,0,1733,22,0.7586206896551724,2560,19
0.15530906156345736,1.4135101010101012,198,45.23232323232324,8,32,0,subsidiary_stock_comp,0.18315260112285614,55,0.2262,28,4,0,1733,23,0.71875,2688,20
0.1638209417433245,1.5728114478114477,198,47.18434343434343,5,30,0,subsidiary_stock_comp,0.1537596359848976,54,0.225,26,4,0,1733,24,0.8,2816,21
0.1955015043495223,1.4918831168831173,198,41.77272727272728,6,28,0,subsidiary_stock_comp,0.13764690359433493,54,0.2239,32,4,0,1733,21,0.75,2944,22
0.19639672157063615,1.4805311176278917,198,45.89646464646464,7,31,0,subsidiary_stock_comp,0.17237106213967004,55,0.2228,33,4,0,1733,23,0.7419354838709677,3072,23
0.22613847050524782,1.500467639356528,198,40.512626262626256,5,27,0,subsidiary_stock_comp,0.11189113805691402,49,0.2217,29,4,0,1733,20,0.7407407407407407,3200,24
0.22227863494481426,1.790584415584416,198,50.13636363636365,2,28,0,subsidiary_stock_comp,0.051485418962935604,54,0.2206,26,4,0,1733,25,0.8928571428571429,3328,25
0.2682496860070387,1.4987373737373744,198,35.96969696969698,4,24,0,subsidiary_stock_comp,0.09256901840368907,46,0.2195,24,4,0,1733,18,0.75,3456,26
0.26689645601436496,1.2212752525252524,198,29.31060606060606,7,24,0,subsidiary_stock_comp,0.10594767828782399,40,0.2184,35,4,0,1733,15,0.625,3584,27
0.2265276997059118,1.5937149270482605,198,43.03030303030303,4,27,0,subsidiary_stock_comp,0.07261939098437627,53,0.2173,36,4,0,1733,21,0.7777777777777778,3712,28
0.19036971012246795,1.5663780663780662,198,43.858585858585855,4,28,0,subsidiary_stock_comp,0.081966499487559,56,0.2162,32,4,0,1733,22,0.7857142857142857,3840,29
0.24843029904877767,1.3528554778554778,198,35.17424242424242,7,26,0,subsidiary_stock_comp,0.08781484266122182,43,0.2151,32,4,0,1733,18,0.6923076923076923,3968,30
0.2676973841735162,1.49001924001924,198,31.29040404040404,3,21,0,subsidiary_stock_comp,0.049492484579483666,40,0.214,24,4,0,1733,15,0.7142857142857143,4096,31
0.23131698736688122,1.2236842105263157,198,23.25,3,19,0,subsidiary_stock_comp,0.11028771102428436,24,0.213,25,4,0,1733,12,0.631578947368421,4224,32
0.21282564006833127,1.5789473684210527,198,30,0,19,0,subsidiary_stock_comp,0.08380042513211568,30,0.2119,18,4,0,1733,15,0.7894736842105263,4352,33
0.22192162692954298,1.6195652173913044,198,37.25,3,23,0,subsidiary_stock_comp,0.05266600474715233,38,0.2108,24,4,0,1733,19,0.8260869565217391,4480,34
0.29966364047140814,1.2225516029863857,198,28.11868686868687,7,23,0,subsidiary_stock_comp,0.11139270166556041,42,0.2098,30,4,0,1733,14,0.6086956521739131,4608,35
0.26267672191170277,1.5900673400673402,198,33.391414141414145,1,21,0,subsidiary_stock_comp,0.07601036628087361,43,0.2087,22,4,0,1733,16,0.7619047619047619,4736,36
0.27086172097187955,1.5189393939393943,198,33.41666666666667,3,22,0,subsidiary_stock_comp,0.0918938120206197,48,0.2077,34,4,0,1733,16,0.7272727272727273,4864,37
0.19768277913317434,1.6538461538461537,198,43,4,26,0,subsidiary_stock_comp,0.061397685358921684,44,0.2066,32,4,0,1733,22,0.8461538461538461,4992,38
0.23775292946447735,1.6084710743801656,198,35.38636363636364,1,22,0,subsidiary_stock_comp,0.07168444494406383,46,0.2056,25,4,0,1733,17,0.7727272727272727,5120,39
0.23992743394774152,1.5226301476301474,198,39.588383838383834,5,26,0,subsidiary_stock_comp,0.061729258547226586,46,0.2046,36,4,0,1733,20,0.7692307692307693,5248,40
0.24721988872624934,1.829755892255892,198,43.91414141414141,2,24,0,subsidiary_stock_comp,0.08460529645284016,48,0.2036,36,4,0,1733,22,0.9166666666666666,5376,41
0.2512099009909434,1.5149410774410779,198,36.35858585858587,4,24,0,subsidiary_stock_comp,0.07484717170397441,48,0.2025,20,4,0,1733,18,0.75,5504,42
0.18512630210170755,1.6666666666666667,198,45,4,27,0,subsidiary_stock_comp,0.054757470885912575,46,0.2015,29,4,0,1733,23,0.8518518518518519,5632,43
0.2264227210689569,1.7533333333333332,198,43.83333333333333,2,25,0,subsidiary_stock_comp,0.037812065333127975,50,0.2005,21,4,0,1733,22,0.88,5760,44
0.23085769935278222,1.6324609733700641,198,35.91414141414141,2,22,0,subsidiary_stock_comp,0.08327847470839818,40,0.1995,34,4,0,1733,18,0.8181818181818182,5888,45
0.2140576583260554,1.7412165129556434,198,40.0479797979798,3,23,0,subsidiary_stock_comp,0.08472646276156108,42,0.1985,25,4,0,1733,20,0.8695652173913043,6016,46
0.23933476261299802,1.579201101928375,198,34.74242424242425,2,22,0,subsidiary_stock_comp,0.06215472643574079,44,0.1975,23,4,0,1733,17,0.7727272727272727,6144,47
0.2361096845488646,1.5839393939393938,198,39.598484848484844,5,25,0,subsidiary_stock_comp,0.05292594681183497,45,0.1965,27,4,0,1733,20,0.8,6272,48
0.22774863160884706,1.6543847566574839,198,36.39646464646464,1,22,0,subsidiary_stock_comp,0.059305050720771156,46,0.1956,25,4,0,1733,18,0.8181818181818182,6400,49
0.1842309178719006,1.91,198,47.75,1,25,0,subsidiary_stock_comp,0.02234697062522173,48,0.1946,18,4,0,1733,24,0.96,6528,50
0.2925397979997797,1.4126683501683504,198,33.90404040404041,4,24,0,subsidiary_stock_comp,0.039487882206837334,61,0.1936,22,4,0,1733,16,0.6666666666666666,6656,51
0.2676806001654768,1.5001202501202502,198,31.502525252525256,1,21,0,subsidiary_stock_comp,0.08197849492232005,45,0.1926,28,4,0,1733,15,0.7142857142857143,6784,52
0.28267818850144977,1.670995670995671,198,35.09090909090909,2,21,0,subsidiary_stock_comp,0.06406125922997792,49,0.1917,23,4,0,1733,17,0.8095238095238095,6912,53
0.24005813042458612,1.681818181818182,198,33.63636363636364,0,20,0,subsidiary_stock_comp,0.10531719028949738,42,0.1907,20,4,0,1733,16,0.8,7040,54
0.23123663949445472,1.8532439782439787,198,48.18434343434345,1,26,0,subsidiary_stock_comp,0.018172597512602806,54,0.1898,28,4,0,1733,24,0.9230769230769231,7168,55
0.21336738286117907,1.6522038567493111,198,36.348484848484844,2,22,0,subsidiary_stock_comp,0.05676029374202093,46,0.1888,26,4,0,1733,18,0.8181818181818182,7296,56
0.210921199148288,1.5589225589225588,198,37.41414141414141,4,24,0,subsidiary_stock_comp,0.03576223428050677,42,0.1879,23,4,0,1733,19,0.7916666666666666,7424,57
0.24843060367493308,1.740404040404041,198,43.510101010101025,2,25,0,subsidiary_stock_comp,0.03334650583565235,61,0.1869,26,4,0,1733,21,0.84,7552,58
0.15099696919787675,1.7164502164502167,198,48.06060606060607,4,28,0,subsidiary_stock_comp,0.04976418117682139,54,0.186,25,4,0,1733,24,0.8571428571428571,7680,59
0.06378958876302931,1.7916666666666667,198,53.75,3,30,0,subsidiary_stock_comp,0.026435954496264458,55,0.1851,19,4,0,1733,27,0.9,7808,60
0.22914379947906127,1.483766233766234,198,41.545454545454554,4,28,0,subsidiary_stock_comp,0.03857060459752878,64,0.1841,26,4,0,1733,20,0.7142857142857143,7936,61
0.11753417825275392,1.4663009404388716,198,42.52272727272727,5,29,0,subsidiary_stock_comp,0.0323370856543382,61,0.1832,24,4,0,1733,21,0.7241379310344828,8064,62
0.15419799911796872,1.4265064437478239,198,41.36868686868689,6,29,0,subsidiary_stock_comp,0.0722056192656358,54,0.1823,29,4,0,1733,21,0.7241379310344828,8192,63
0.058425561863259645,1.859375,198,59.5,2,32,0,subsidiary_stock_comp,0.09871353209018707,60,0.1814,29,4,0,1733,30,0.9375,8320,64
0.15828027074348938,1.5722222222222222,198,47.166666666666664,6,30,0,subsidiary_stock_comp,0.04419579481085142,61,0.1805,27,4,0,1733,23,0.7666666666666667,8448,65
0.14916698445267684,1.705761316872428,198,46.05555555555556,2,27,0,subsidiary_stock_comp,0.013852108580370745,58,0.1796,22,4,0,1733,23,0.8518518518518519,8576,66
0.1586616612803482,1.4763148728665973,198,42.81313131313132,6,29,0,subsidiary_stock_comp,0.039956112702687584,62,0.1787,21,4,0,1733,21,0.7241379310344828,8704,67
0.12776141473477765,1.8249158249158246,198,49.272727272727266,0,27,0,subsidiary_stock_comp,0.051856186240911484,64,0.1778,21,4,0,1733,24,0.8888888888888888,8832,68
0.14142091205758334,1.3744107744107745,198,41.23232323232324,8,30,0,subsidiary_stock_comp,0.0966715117295583,50,0.1769,31,4,0,1733,21,0.7,8960,69
0.11213949807824974,1.5366161616161615,198,46.098484848484844,5,30,0,subsidiary_stock_comp,0.10670827080806096,59,0.176,19,4,0,1733,23,0.7666666666666667,9088,70
0.18084043178532738,1.558080808080808,198,45.18434343434343,5,29,0,subsidiary_stock_comp,0.1083971510330836,52,0.1751,29,4,0,1733,23,0.7931034482758621,9216,71
0.14108839193431777,1.6716269841269846,198,46.80555555555557,3,28,0,subsidiary_stock_comp,0.025565424002707005,58,0.1743,27,4,0,1733,23,0.8214285714285714,9344,72
0.10201633961878542,1.8724747474747474,198,56.17424242424242,1,30,0,subsidiary_stock_comp,0.05672483891248703,62,0.1734,19,4,0,1733,28,0.9333333333333333,9472,73
0.1169416083212127,1.7559465623981751,198,54.43434343434343,4,31,0,subsidiary_stock_comp,0.03882552435000738,60,0.1725,20,4,0,1733,27,0.8709677419354839,9600,74
0.12438845555516309,1.6945346320346317,198,47.44696969696969,3,28,0,subsidiary_stock_comp,0.03986066207289696,59,0.1717,22,4,0,1733,23,0.8214285714285714,9728,75
0.13314238879684126,1.6787518037518034,198,47.0050505050505,2,28,0,subsidiary_stock_comp,0.025887403016289074,63,0.1708,22,4,0,1733,23,0.8214285714285714,9856,76
0.07596439073313377,1.7452861952861956,198,52.35858585858587,2,30,0,subsidiary_stock_comp,0.04876230781277021,62,0.1699,19,4,0,1733,26,0.8666666666666667,9984,77
0.12830000807844044,1.6750841750841754,198,50.25252525252526,4,30,0,subsidiary_stock_comp,0.05379356940587362,60,0.1691,23,4,0,1733,25,0.8333333333333334,10112,78
0.0985899500301457,1.60423197492163,198,46.52272727272727,3,29,0,subsidiary_stock_comp,0.03050445392727852,64,0.1683,19,4,0,1733,23,0.7931034482758621,10240,79
0.08024579965604062,1.6591723688497881,198,51.43434343434343,4,31,0,subsidiary_stock_comp,0.025529814263184864,58,0.1674,24,4,0,1733,26,0.8387096774193549,10368,80
0.09161166335070448,1.7394781144781148,198,52.18434343434345,3,30,0,subsidiary_stock_comp,0.03196707678337892,59,0.1666,21,4,0,1733,26,0.8666666666666667,10496,81
0.06261094200272055,1.8570707070707073,198,55.71212121212122,2,30,0,subsidiary_stock_comp,0.027982070731619995,58,0.1657,21,4,0,1733,28,0.9333333333333333,10624,82
0.0684092256706208,1.6588465298142716,198,51.42424242424242,4,31,0,subsidiary_stock_comp,0.026966312279303867,58,0.1649,22,4,0,1733,26,0.8387096774193549,10752,83
0.14249389361793874,1.7350288600288601,198,48.58080808080808,2,28,0,subsidiary_stock_comp,0.02691086381673813,61,0.1641,29,4,0,1733,24,0.8571428571428571,10880,84
0.047317897082393756,2,198,60,0,30,0,subsidiary_stock_comp,0.029615282081067562,60,0.1633,15,4,0,1733,30,1,11008,85
0.05874636824682966,1.7317530140110788,198,53.68434343434345,3,31,0,subsidiary_stock_comp,0.025068949908018112,60,0.1625,10,4,0,1733,27,0.8709677419354839,11136,86
0.14344357372829108,1.5259740259740258,198,42.72727272727272,4,28,0,subsidiary_stock_comp,0.053617710868517555,60,0.1616,23,4,0,1733,21,0.75,11264,87
0.09188606343923311,1.8853187042842214,198,54.67424242424242,1,29,0,subsidiary_stock_comp,0.04633277033766111,61,0.1608,25,4,0,1733,27,0.9310344827586207,11392,88
0.14372012620424357,1.6641414141414146,198,44.931818181818194,3,27,0,subsidiary_stock_comp,0.051893470187981926,57,0.16,24,4,0,1733,22,0.8148148148148148,11520,89
0.10922346379948067,1.731421356421357,198,48.47979797979799,2,28,0,subsidiary_stock_comp,0.04773462067047755,62,0.1592,18,4,0,1733,24,0.8571428571428571,11648,90
0.07431958187044074,1.8249458874458873,198,51.098484848484844,1,28,0,subsidiary_stock_comp,0.04764382541179657,63,0.1584,14,4,0,1733,25,0.8928571428571429,11776,91
0.1465536671985319,1.4049364613880748,198,43.55303030303032,7,31,0,subsidiary_stock_comp,0.08664694428443909,59,0.1576,26,4,0,1733,22,0.7096774193548387,11904,92
0.08626924030795635,1.7904911180773249,198,51.92424242424242,2,29,0,subsidiary_stock_comp,0.17261932790279388,58,0.1569,25,4,0,1733,26,0.896551724137931,12032,93
0.13112020459539053,1.5928932178932182,198,44.60101010101011,4,28,0,subsidiary_stock_comp,0.10915160179138184,60,0.1561,18,4,0,1733,22,0.7857142857142857,12160,94
0.09649063879805908,1.751172438672439,198,49.03282828282829,3,28,0,subsidiary_stock_comp,0.09695503364006679,60,0.1553,22,4,0,1733,24,0.8571428571428571,12288,95
0.029211275309535267,1.859375,198,59.5,2,32,0,subsidiary_stock_comp,0.053533636033535004,60,0.1545,13,4,0,1733,30,0.9375,12416,96
0.09437279472058435,1.5227272727272727,198,50.25,7,33,0,subsidiary_stock_comp,0.17737160623073578,52,0.1537,20,4,0,1733,26,0.7878787878787878,12544,97
0.11131436830510211,1.710531238309016,198,46.18434343434343,3,27,0,subsidiary_stock_comp,0.12312358617782593,53,0.153,23,4,0,1733,23,0.8518518518518519,12672,98
0.08195424650330096,1.8119528619528622,198,54.35858585858587,2,30,0,subsidiary_stock_comp,0.05552190293868383,60,0.1522,16,4,0,1733,27,0.9,12800,99
0.537717922066804,0.5065073815073816,198,13.169191919191922,19,26,0,subsidiary_stock_comp,0.5020318528016409,63,0.25,27,5,0,1734,3,0.11538461538461539,128,0
0.47713288528029807,0.4524242424242426,198,11.310606060606066,19,25,0,subsidiary_stock_comp,0.558827539285024,61,0.2487,29,5,0,1734,3,0.12,256,1
0.54565883660689,0.7440711462450594,198,17.113636363636367,11,23,0,subsidiary_stock_comp,0.41389723618825275,62,0.2475,39,5,0,1734,6,0.2608695652173913,384,2
0.49067327845841646,1.0804195804195804,198,28.090909090909093,8,26,0,subsidiary_stock_comp,0.22263257702191672,52,0.2463,33,5,0,1734,13,0.5,512,3
0.43250145693309605,1.4145021645021647,198,39.60606060606061,8,28,0,subsidiary_stock_comp,0.14042633771896362,45,0.245,26,5,0,1734,20,0.7142857142857143,640,4
0.43106635054573417,1.397727272727273,198,27.954545454545457,2,20,0,subsidiary_stock_comp,0.09979888300100963,40,0.2438,24,5,0,1734,13,0.65,768,5
0.3350976192159578,1.3731313131313132,198,34.32828282828283,6,25,0,subsidiary_stock_comp,0.09212182958920796,41,0.2426,28,5,0,1734,17,0.68,896,6
0.4063583496317733,0.9068314726209463,198,17.22979797979798,3,19,0,subsidiary_stock_comp,0.08199932922919591,33,0.2414,36,5,0,1734,8,0.42105263157894735,1024,7
0.26626220578327775,1.5952380952380953,198,33.5,2,21,0,subsidiary_stock_comp,0.07371667524178822,34,0.2402,27,5,0,1734,17,0.8095238095238095,1152,8
0.3188815166358836,1.434102934102934,198,30.116161616161616,2,21,0,subsidiary_stock_comp,0.053596733758846916,34,0.239,35,5,0,1734,15,0.7142857142857143,1280,9
0.2541024336969713,1.5330225330225329,198,39.858585858585855,4,26,0,subsidiary_stock_comp,0.06934874008099239,52,0.2378,23,5,0,1734,20,0.7692307692307693,1408,10
0.2147716931067407,1.636655011655012,198,42.55303030303031,3,26,0,subsidiary_stock_comp,0.1043198232849439,55,0.2366,33,5,0,1734,21,0.8076923076923077,1536,11
0.14988202159292996,1.7351967955416234,198,50.32070707070708,3,29,0,subsidiary_stock_comp,0.04228786379098892,60,0.2354,20,5,0,1734,25,0.8620689655172413,1664,12
0.2065460841404274,1.5447063224841007,198,41.70707070707072,4,27,0,subsidiary_stock_comp,0.07079937309026718,58,0.2342,34,5,0,1734,20,0.7407407407407407,1792,13
0.26078499952564016,1.245733194009056,198,36.12626262626262,10,29,0,subsidiary_stock_comp,0.09169792632261912,53,0.2331,34,5,0,1734,18,0.6206896551724138,1920,14
0.13950678752735257,1.6356670149773598,198,47.43434343434343,4,29,0,subsidiary_stock_comp,0.14985046784083048,54,0.2319,24,5,0,1734,24,0.8275862068965517,2048,15
0.19832416759527405,1.5892255892255898,198,42.90909090909092,4,27,0,subsidiary_stock_comp,0.1273603489001592,60,0.2307,30,5,0,1734,21,0.7777777777777778,2176,16
0.18232748995069414,1.480146290491118,198,42.92424242424242,6,29,0,subsidiary_stock_comp,0.11099851379791896,50,0.2296,34,5,0,1734,22,0.7586206896551724,2304,17
0.17235664729378186,1.7955447330447332,198,50.275252525252526,1,28,0,subsidiary_stock_comp,0.07310351729393005,56,0.2284,24,5,0,1734,25,0.8928571428571429,2432,18
0.19558146339841187,1.5564814814814814,198,46.69444444444444,7,30,0,subsidiary_stock_comp,0.08687002460161845,55,0.2273,22,5,0,1734,23,0.7666666666666667,2560,19
0.2805670314701274,1.5340441451552562,198,41.41919191919192,6,27,0,subsidiary_stock_comp,0.09626747916142146,59,0.2262,32,5,0,1734,20,0.7407407407407407,2688,20
0.21281944459769875,1.6685372240927803,198,45.050505050505066,4,27,0,subsidiary_stock_comp,0.06597509110967319,56,0.225,27,5,0,1734,22,0.8148148148148148,2816,21
0.1719348902843194,1.543103448275862,198,44.75,5,29,0,subsidiary_stock_comp,0.11554679522911708,46,0.2239,28,5,0,1734,23,0.7931034482758621,2944,22
0.18455494528461713,1.6124242424242428,198,40.31060606060607,3,25,0,subsidiary_stock_comp,0.07961457222700119,48,0.2228,26,5,0,1734,20,0.8,3072,23
0.20663860441709403,1.6017871017871017,198,41.64646464646464,4,26,0,subsidiary_stock_comp,0.08149542845785618,50,0.2217,24,5,0,1734,21,0.8076923076923077,3200,24
0.30786640106816776,1.5299145299145305,198,39.77777777777779,6,26,0,subsidiary_stock_comp,0.1123445803920428,57,0.2206,25,5,0,1734,19,0.7307692307692307,3328,25
0.3283533403991896,1.581010101010101,198,39.525252525252526,4,25,0,subsidiary_stock_comp,0.07948506126801173,58,0.2195,26,5,0,1734,19,0.76,3456,26
0.3043476465390995,1.5899470899470902,198,33.38888888888889,2,21,0,subsidiary_stock_comp,0.06334005544583003,43,0.2184,25,5,0,1734,16,0.7619047619047619,3584,27
0.23563961267427658,1.74,198,43.5,2,25,0,subsidiary_stock_comp,0.11578405275940895,44,0.2173,23,5,0,1734,22,0.88,3712,28
0.19670124782714993,1.8392857142857142,198,51.5,2,28,0,subsidiary_stock_comp,0.1286009947458903,52,0.2162,28,5,0,1734,26,0.9285714285714286,3840,29
0.24335532643817714,1.3760884709160568,198,39.90656565656565,9,29,0,subsidiary_stock_comp,0.08750125020742416,49,0.2151,30,5,0,1734,20,0.6896551724137931,3968,30
0.21907585421649856,1.41242784992785,198,39.5479797979798,7,28,0,subsidiary_stock_comp,0.10697975506385167,43,0.214,37,5,0,1734,20,0.7142857142857143,4096,31
0.24553587425907608,1.5222416472416473,198,39.57828282828283,5,26,0,subsidiary_stock_comp,0.09542033821344376,45,0.213,24,5,0,1734,20,0.7692307692307693,4224,32
0.2315980176172161,1.5769230769230769,198,41,4,26,0,subsidiary_stock_comp,0.06555678447087605,42,0.2119,20,5,0,1734,21,0.8076923076923077,4352,33
0.2929895730849239,1.6590909090909092,198,41.47727272727273,1,25,0,subsidiary_stock_comp,0.07647036015987396,64,0.2108,26,5,0,1734,20,0.8,4480,34
0.2850879594734579,1.4065656565656566,198,36.57070707070707,6,26,0,subsidiary_stock_comp,0.07938997944196065,51,0.2098,25,5,0,1734,18,0.6923076923076923,4608,35
0.2691488204727648,1.6746309246309248,198,43.54040404040404,4,26,0,subsidiary_stock_comp,0.0827919269601504,54,0.2087,21,5,0,1734,21,0.8076923076923077,4736,36
0.3066119962131779,1.4622222222222223,198,36.55555555555556,4,25,0,subsidiary_stock_comp,0.06435639535387357,45,0.2077,31,5,0,1734,18,0.72,4864,37
0.2155694064567797,1.6288780663780662,198,45.608585858585855,5,28,0,subsidiary_stock_comp,0.025918413574496906,60,0.2066,25,5,0,1734,22,0.7857142857142857,4992,38
0.13403104478493333,1.7202194357366773,198,49.88636363636364,3,29,0,subsidiary_stock_comp,0.04460293178757032,54,0.2056,26,5,0,1734,25,0.8620689655172413,5120,39
0.07365874163224362,1.9416666666666667,198,58.25,1,30,0,subsidiary_stock_comp,0.018138450259963673,59,0.2046,19,5,0,1734,29,0.9666666666666667,5248,40
0.0527138618635945,1.925,198,57.75,1,30,0,subsidiary_stock_comp,0.018908111999432247,58,0.2036,17,5,0,1734,29,0.9666666666666667,5376,41
0.1818702038435731,1.6142255892255897,198,48.42676767676769,5,30,0,subsidiary_stock_comp,0.047035206109285355,58,0.2025,25,5,0,1734,24,0.8,5504,42
0.11214807578653563,1.7357445421961553,198,53.80808080808081,4,31,0,subsidiary_stock_comp,0.03247453334430853,57,0.2015,25,5,0,1734,27,0.8709677419354839,5632,43
0.11293162038782611,1.7,198,51,4,30,0,subsidiary_stock_comp,0.05410756294926008,52,0.2005,28,5,0,1734,26,0.8666666666666667,5760,44
0.20683556924632285,1.699410774410775,198,50.982323232323246,5,30,0,subsidiary_stock_comp,0.04861905177434286,58,0.1995,30,5,0,1734,25,0.8333333333333334,5888,45
0.12827426771400496,1.4880050505050504,198,47.61616161616161,8,32,0,subsidiary_stock_comp,0.09333688765764236,54,0.1985,25,5,0,1734,24,0.75,6016,46
0.14610850813915022,1.4978820462691427,198,46.434343434343425,8,31,0,subsidiary_stock_comp,0.07672778020302455,56,0.1975,25,5,0,1734,23,0.7419354838709677,6144,47
0.17326443201454822,1.5183501683501683,198,45.55050505050505,6,30,0,subsidiary_stock_comp,0.13470374047756195,54,0.1965,32,5,0,1734,23,0.7666666666666667,6272,48
0.18822257450665347,1.4470538720538721,198,43.411616161616166,7,30,0,subsidiary_stock_comp,0.058646208296219506,54,0.1956,27,5,0,1734,22,0.7333333333333333,6400,49
0.16355209265020676,1.7206890331890332,198,48.17929292929293,3,28,0,subsidiary_stock_comp,0.062125551203886666,56,0.1946,23,5,0,1734,24,0.8571428571428571,6528,50
0.2073704434442334,1.5143097643097643,198,45.42929292929293,6,30,0,subsidiary_stock_comp,0.10901701947053273,54,0.1936,28,5,0,1734,23,0.7666666666666667,6656,51
0.20131845814466942,1.684926184926185,198,43.80808080808081,4,26,0,subsidiary_stock_comp,0.12045136094093323,47,0.1926,14,5,0,1734,22,0.8461538461538461,6784,52
0.3295612680958584,1.4306607744107744,198,34.33585858585859,5,24,0,subsidiary_stock_comp,0.09192507962385814,49,0.1917,33,5,0,1734,17,0.7083333333333334,6912,53
0.19282344289240427,1.9196428571428572,198,53.75,1,28,0,subsidiary_stock_comp,0.10392446567614873,54,0.1907,17,5,0,1734,27,0.9642857142857143,7040,54
0.15172462415648624,1.9441530691530693,198,50.5479797979798,1,26,0,subsidiary_stock_comp,0.0687125138938427,52,0.1898,22,5,0,1734,25,0.9615384615384616,7168,55
0.18230309446516912,1.6760101010101007,198,50.280303030303024,5,30,0,subsidiary_stock_comp,0.06839301685492198,56,0.1888,26,5,0,1734,25,0.8333333333333334,7296,56
0.28526010902714916,1.4930555555555558,198,41.805555555555564,7,28,0,subsidiary_stock_comp,0.05293712392449379,57,0.1879,26,5,0,1734,20,0.7142857142857143,7424,57
0.16133294966130052,1.680976430976431,198,50.42929292929293,4,30,0,subsidiary_stock_comp,0.055524454762538276,59,0.1869,16,5,0,1734,25,0.8333333333333334,7552,58
0.27649810719594825,1.5565656565656567,198,38.91414141414142,6,25,0,subsidiary_stock_comp,0.05929938331246376,46,0.186,30,5,0,1734,19,0.76,7680,59
0.29614836670225486,1.4718778696051424,198,32.381313131313135,3,22,0,subsidiary_stock_comp,0.055030973007281624,38,0.1851,23,5,0,1734,16,0.7272727272727273,7808,60
0.26114063801651355,1.3465423465423467,198,35.01010101010102,8,26,0,subsidiary_stock_comp,0.06571825842062633,54,0.1841,30,5,0,1734,17,0.6538461538461539,7936,61
0.22924827510723844,1.5653759820426483,198,42.2651515151515,5,27,0,subsidiary_stock_comp,0.09553765008846919,59,0.1832,31,5,0,1734,20,0.7407407407407407,8064,62
0.06406808514293516,1.7916666666666667,198,53.75,3,30,0,subsidiary_stock_comp,0.022605285048484802,55,0.1823,18,5,0,1734,27,0.9,8192,63
0.20299309758411255,1.6028387321490767,198,46.482323232323225,7,29,0,subsidiary_stock_comp,0.06886696567138036,58,0.1814,30,5,0,1734,22,0.7586206896551724,8320,64
0.21322175266686827,1.449582027168234,198,42.03787878787879,5,29,0,subsidiary_stock_comp,0.023272039368748665,61,0.1805,21,5,0,1734,21,0.7241379310344828,8448,65
0.055154931389552075,1.7890625,198,57.25,3,32,0,subsidiary_stock_comp,0.07888725648323695,58,0.1796,18,5,0,1734,29,0.90625,8576,66
0.21589130847132765,1.6916278166278162,198,43.982323232323225,5,26,0,subsidiary_stock_comp,0.0627259040872256,54,0.1787,37,5,0,1734,21,0.8076923076923077,8704,67
0.10615884767321404,1.730146290491118,198,50.17424242424242,3,29,0,subsidiary_stock_comp,0.047689334799846016,55,0.1778,20,5,0,1734,25,0.8620689655172413,8832,68
0.17516974268073682,1.6410774410774416,198,49.232323232323246,6,30,0,subsidiary_stock_comp,0.03249353853364786,57,0.1769,27,5,0,1734,24,0.8,8960,69
0.12516959473578027,1.5078125,198,48.25,7,32,0,subsidiary_stock_comp,0.07585695137580235,50,0.176,27,5,0,1734,25,0.78125,9088,70
0.11760059333755635,1.7824074074074077,198,53.47222222222223,3,30,0,subsidiary_stock_comp,0.0289149625847737,56,0.1751,24,5,0,1734,27,0.9,9216,71
0.1628034110472072,1.546885521885522,198,46.40656565656566,7,30,0,subsidiary_stock_comp,0.0861277977625529,55,0.1743,20,5,0,1734,23,0.7666666666666667,9344,72
0.11397520850005094,1.533065025252525,198,49.0580808080808,7,32,0,subsidiary_stock_comp,0.06992354740699132,53,0.1734,17,5,0,1734,25,0.78125,9472,73
0.1997327871649759,1.7687216997561828,198,51.2929292929293,4,29,0,subsidiary_stock_comp,0.047334001710017524,62,0.1725,27,5,0,1734,25,0.8620689655172413,9600,74
0.11206400150695117,1.6484375,198,52.75,5,32,0,subsidiary_stock_comp,0.03076997771859169,54,0.1717,21,5,0,1734,27,0.84375,9728,75
0.10811346756963758,1.7618116650374716,198,54.61616161616162,4,31,0,subsidiary_stock_comp,0.025701945026715595,60,0.1708,16,5,0,1734,27,0.8709677419354839,9856,76
0.13569646853284212,1.8426506443747828,198,53.4368686868687,1,29,0,subsidiary_stock_comp,0.002165109384804964,68,0.1699,17,5,0,1734,26,0.896551724137931,9984,77
0.04974382032014546,1.8548387096774193,198,57.5,2,31,0,subsidiary_stock_comp,0.046892877047260605,58,0.1691,13,5,0,1734,29,0.9354838709677419,10112,78
0.06518803499056958,1.9456635318704287,198,56.424242424242436,0,29,0,subsidiary_stock_comp,0.05959319074948629,60,0.1683,18,5,0,1734,28,0.9655172413793104,10240,79
0.13596949364728061,1.540241120886282,198,47.74747474747475,6,31,0,subsidiary_stock_comp,0.2481344019373258,55,0.1674,23,5,0,1734,24,0.7741935483870968,10368,80
0.11410230721230619,1.6489898989898988,198,47.820707070707066,5,29,0,subsidiary_stock_comp,0.24862776945034662,55,0.1666,24,5,0,1734,24,0.8275862068965517,10496,81
0.055791159233194776,1.8089488636363635,198,57.88636363636363,3,32,0,subsidiary_stock_comp,0.029709027459224064,62,0.1657,15,5,0,1734,29,0.90625,10624,82
0.08765455141110579,1.853622431208638,198,53.755050505050505,1,29,0,subsidiary_stock_comp,0.02743910936017831,55,0.1649,21,5,0,1734,27,0.9310344827586207,10752,83
0.05573889565857826,1.8887147335423204,198,54.772727272727295,2,29,0,subsidiary_stock_comp,0.04507435392588377,63,0.1641,13,5,0,1734,27,0.9310344827586207,10880,84
0.11340529400695232,1.4722222222222223,198,44.16666666666667,6,30,0,subsidiary_stock_comp,0.0899270623922348,53,0.1633,21,5,0,1734,22,0.7333333333333333,11008,85
0.09215098204731476,1.7456228956228954,198,52.368686868686865,2,30,0,subsidiary_stock_comp,0.07037611181537311,62,0.1625,14,5,0,1734,26,0.8666666666666667,11136,86
0.07539719138731016,1.866771159874608,198,54.13636363636363,2,29,0,subsidiary_stock_comp,0.04946525270740191,58,0.1616,17,5,0,1734,27,0.9310344827586207,11264,87
0.06777554113796214,1.7096774193548387,198,53,4,31,0,subsidiary_stock_comp,0.027128322670857113,54,0.1608,23,5,0,1734,27,0.8709677419354839,11392,88
0.08420169557939516,1.7302052785923752,198,53.63636363636363,4,31,0,subsidiary_stock_comp,0.05051355063915253,58,0.16,20,5,0,1734,27,0.8709677419354839,11520,89
0.1404690656963794,1.5498316498316496,198,46.49494949494949,4,30,0,subsidiary_stock_comp,0.107309656838576,62,0.1592,25,5,0,1734,23,0.7666666666666667,11648,90
0.08215817980271822,1.7444270289097876,198,50.58838383838384,3,29,0,subsidiary_stock_comp,0.18974092851082483,57,0.1584,17,5,0,1734,25,0.8620689655172413,11776,91
0.12740829261019826,1.6848845598845599,198,47.176767676767675,4,28,0,subsidiary_stock_comp,0.07804826895395915,59,0.1576,19,5,0,1734,23,0.8214285714285714,11904,92
0.12322298551771382,1.770724486241728,198,51.35101010101011,3,29,0,subsidiary_stock_comp,0.07539811357855797,62,0.1569,19,5,0,1734,25,0.8620689655172413,12032,93
0.04617347450766829,1.7983870967741935,198,55.75,3,31,0,subsidiary_stock_comp,0.08641127496957779,57,0.1561,18,5,0,1734,28,0.9032258064516129,12160,94
0.10131164651465951,1.7519841269841279,198,49.05555555555558,2,28,0,subsidiary_stock_comp,0.06929981832702954,60,0.1553,20,5,0,1734,24,0.8571428571428571,12288,95
0.07746590692659083,1.8410774410774409,198,55.232323232323225,2,30,0,subsidiary_stock_comp,0.0346433874219656,63,0.1545,17,5,0,1734,27,0.9,12416,96
0.0846955939905456,1.830400782013685,198,56.742424242424235,2,31,0,subsidiary_stock_comp,0.06460357457399368,65,0.1537,16,5,0,1734,28,0.9032258064516129,12544,97
0.13277684868080541,1.7629745733194009,198,51.12626262626262,4,29,0,subsidiary_stock_comp,0.05258376648028692,58,0.153,17,5,0,1734,25,0.8620689655172413,12672,98
0.12610827894241083,1.690860215053763,198,52.41666666666666,5,31,0,subsidiary_stock_comp,0.11052145560582478,61,0.1522,17,5,0,1734,26,0.8387096774193549,12800,99
0.24904831545427442,-0.060606060606060615,158,-1.090909090909091,8,18,0,subsidiary_stock_comp,0.8916131655375162,4,0.25,40,6,0,1735,0,0,128,0
0.22730803745798767,0.18322109988776653,198,3.2979797979797976,6,18,0,subsidiary_stock_comp,0.17837502310673395,6,0.2487,42,6,0,1735,2,0.1111111111111111,256,1
0.185635652160272,0.2916666666666667,198,5.25,3,18,0,subsidiary_stock_comp,0.3118613362312317,6,0.2475,34,6,0,1735,3,0.16666666666666666,384,2
0.171844735275954,0.34375,198,5.5,2,16,0,subsidiary_stock_comp,0.16597525775432587,6,0.2463,34,6,0,1735,3,0.1875,512,3
0.28461644845083356,0.7054758107389687,198,13.404040404040405,4,19,0,subsidiary_stock_comp,0.13862264404694238,16,0.245,35,6,0,1735,7,0.3684210526315789,640,4
0.3834335572319105,1.2049242424242428,198,24.098484848484855,3,20,0,subsidiary_stock_comp,0.07657790432373683,39,0.2438,31,6,0,1735,11,0.55,768,5
0.29615508299320936,1.730672105672106,198,44.997474747474755,3,26,0,subsidiary_stock_comp,0.05147923963765303,55,0.2426,31,6,0,1735,22,0.8461538461538461,896,6
0.35993587400298566,1.5041414141414142,198,37.60353535353536,3,25,0,subsidiary_stock_comp,0.11478032420078914,46,0.2414,38,6,0,1735,19,0.76,1024,7
0.41929732565768063,1.3354194115063682,198,30.71464646464647,3,23,0,subsidiary_stock_comp,0.05417378122607867,60,0.2402,35,6,0,1735,14,0.6086956521739131,1152,8
0.24743186798878014,1.872655122655123,198,52.43434343434344,2,28,0,subsidiary_stock_comp,0.011562388700743517,56,0.239,16,6,0,1735,26,0.9285714285714286,1280,9
0.33347874239552766,1.4071669071669073,198,29.550505050505052,2,21,0,subsidiary_stock_comp,0.06271905824542046,39,0.2378,19,6,0,1735,14,0.6666666666666666,1408,10
0.2426177985034883,1.74,198,43.5,2,25,0,subsidiary_stock_comp,0.12782462686300278,44,0.2366,22,6,0,1735,22,0.88,1536,11
0.27286192058818415,1.5918560606060606,198,38.20454545454545,5,24,0,subsidiary_stock_comp,0.06950877110163371,46,0.2354,35,6,0,1735,19,0.7916666666666666,1664,12
0.3214577247854322,1.4095117845117846,198,33.82828282828283,4,24,0,subsidiary_stock_comp,0.034701490153868995,39,0.2342,33,6,0,1735,17,0.7083333333333334,1792,13
0.2872981447726488,1.414838035527691,198,41.03030303030304,8,29,0,subsidiary_stock_comp,0.03476697951555252,47,0.2331,29,6,0,1735,21,0.7241379310344828,1920,14
0.24006738870230038,1.7541035353535355,198,42.09848484848485,3,24,0,subsidiary_stock_comp,0.023070653279622395,54,0.2319,30,6,0,1735,20,0.8333333333333334,2048,15
0.19601223076460883,1.6697330447330447,198,46.75252525252525,4,28,0,subsidiary_stock_comp,0.04370502817134062,57,0.2307,25,6,0,1735,23,0.8214285714285714,2176,16
0.19488280406221747,1.3869731800766283,198,40.22222222222222,8,29,0,subsidiary_stock_comp,0.07867438594500224,44,0.2296,35,6,0,1735,21,0.7241379310344828,2304,17
0.2079055693175178,1.4721407624633431,198,45.63636363636364,8,31,0,subsidiary_stock_comp,0.07100562006235123,54,0.2284,30,6,0,1735,23,0.7419354838709677,2432,18
0.2060553772462299,1.7569210624766183,198,47.43686868686869,3,27,0,subsidiary_stock_comp,0.027687856927514076,58,0.2273,22,6,0,1735,23,0.8518518518518519,2560,19
0.18909305438864976,1.6827534605312382,198,45.43434343434343,4,27,0,subsidiary_stock_comp,0.058539958049853645,49,0.2262,31,6,0,1735,23,0.8518518518518519,2688,20
0.1921897427382646,1.6440295815295822,198,46.032828282828305,5,28,0,subsidiary_stock_comp,0.07997039457162221,55,0.225,27,6,0,1735,23,0.8214285714285714,2816,21
0.25313470291439444,1.2533670033670032,198,33.840909090909086,9,27,0,subsidiary_stock_comp,0.07153518746296565,45,0.2239,33,6,0,1735,17,0.6296296296296297,2944,22
0.181020832467766,1.7162364384586606,198,46.338383838383834,2,27,0,subsidiary_stock_comp,0.06029325599471728,56,0.2228,26,6,0,1735,23,0.8518518518518519,3072,23
0.1634282316081226,1.8063973063973064,198,48.77272727272727,2,27,0,subsidiary_stock_comp,0.037293899804353714,59,0.2217,27,6,0,1735,24,0.8888888888888888,3200,24
0.2101712203657371,1.4357366771159876,198,41.63636363636364,8,29,0,subsidiary_stock_comp,0.07176025087634723,50,0.2206,36,6,0,1735,21,0.7241379310344828,3328,25
0.2012889269281004,1.7678571428571428,198,49.5,2,28,0,subsidiary_stock_comp,0.06732286388675372,50,0.2195,26,6,0,1735,25,0.8928571428571429,3456,26
0.20740930409010616,1.6264496820052374,198,43.91414141414141,2,27,0,subsidiary_stock_comp,0.07561879232525826,48,0.2184,23,6,0,1735,22,0.8148148148148148,3584,27
0.2604155433291453,1.5837542087542082,198,47.51262626262625,7,30,0,subsidiary_stock_comp,0.04323070247968038,61,0.2173,26,6,0,1735,23,0.7666666666666667,3712,28
0.1683916902547935,1.8117380703587598,198,52.540404040404034,2,29,0,subsidiary_stock_comp,0.023759691044688225,58,0.2162,30,6,0,1735,26,0.896551724137931,3840,29
0.18221901778451866,1.7404214559386972,198,50.47222222222222,3,29,0,subsidiary_stock_comp,0.04149255342781544,56,0.2151,26,6,0,1735,25,0.8620689655172413,3968,30
0.20490310229433817,1.72492784992785,198,48.2979797979798,4,28,0,subsidiary_stock_comp,0.050655330220858254,51,0.214,32,6,0,1735,24,0.8571428571428571,4096,31
0.3215821706908173,1.2674747474747476,198,31.686868686868692,8,25,0,subsidiary_stock_comp,0.09653546164433162,50,0.213,37,6,0,1735,15,0.6,4224,32
0.228248734078079,1.628517316017316,198,45.59848484848485,5,28,0,subsidiary_stock_comp,0.09143712868293126,51,0.2119,24,6,0,1735,23,0.8214285714285714,4352,33
0.27082409954164177,1.7113131313131316,198,42.78282828282829,2,25,0,subsidiary_stock_comp,0.08187166849772136,54,0.2108,17,6,0,1735,21,0.84,4480,34
0.2522454259415099,1.6128881406659186,198,43.5479797979798,5,27,0,subsidiary_stock_comp,0.04534314821163813,46,0.2098,27,6,0,1735,22,0.8148148148148148,4608,35
0.22998251920580515,1.6827272727272728,198,42.06818181818182,3,25,0,subsidiary_stock_comp,0.030126582210262615,46,0.2087,24,6,0,1735,21,0.84,4736,36
0.19345007609808818,1.6785714285714286,198,47,4,28,0,subsidiary_stock_comp,0.05421312650044759,48,0.2077,29,6,0,1735,24,0.8571428571428571,4864,37
0.24102761390895466,1.747863247863248,198,45.44444444444445,4,26,0,subsidiary_stock_comp,0.02142497121045987,55,0.2066,30,6,0,1735,22,0.8461538461538461,4992,38
0.29251423008099664,1.393728956228956,198,33.44949494949495,4,24,0,subsidiary_stock_comp,0.06279537826776505,45,0.2056,26,6,0,1735,16,0.6666666666666666,5120,39
0.24097581331443507,1.8336627140974966,198,42.17424242424242,1,23,0,subsidiary_stock_comp,0.05337668458620707,47,0.2046,29,6,0,1735,21,0.9130434782608695,5248,40
0.21318559210340027,1.77,198,44.25,1,25,0,subsidiary_stock_comp,0.03383652896930774,45,0.2036,22,6,0,1735,22,0.88,5376,41
0.20478747749621107,1.6665656565656564,198,41.66414141414141,3,25,0,subsidiary_stock_comp,0.035669042418400444,46,0.2025,22,6,0,1735,21,0.84,5504,42
0.21069203586921503,1.7178683385579936,198,49.81818181818181,4,29,0,subsidiary_stock_comp,0.039175111800432205,54,0.2015,26,6,0,1735,25,0.8620689655172413,5632,43
0.22599297998567636,1.67,198,41.75,3,25,0,subsidiary_stock_comp,0.06491220990816753,43,0.2005,26,6,0,1735,21,0.84,5760,44
0.21659509414348577,1.8851010101010106,198,49.01262626262628,1,26,0,subsidiary_stock_comp,0.05197490255037943,59,0.1995,26,6,0,1735,24,0.9230769230769231,5888,45
0.17573851765973814,1.848297792742237,198,49.9040404040404,2,27,0,subsidiary_stock_comp,0.07041917492945989,52,0.1985,29,6,0,1735,25,0.9259259259259259,6016,46
0.16370019470286934,1.8185703185703188,198,47.28282828282829,0,26,0,subsidiary_stock_comp,0.0163273848593235,56,0.1975,26,6,0,1735,23,0.8846153846153846,6144,47
0.17776071868138388,1.454022988505747,198,42.166666666666664,6,29,0,subsidiary_stock_comp,0.05178557336330414,57,0.1965,23,6,0,1735,21,0.7241379310344828,6272,48
0.1538676466589095,1.585249042145594,198,45.97222222222223,5,29,0,subsidiary_stock_comp,0.03282178503771623,53,0.1956,28,6,0,1735,23,0.7931034482758621,6400,49
0.2120969112875173,1.3277603622431209,198,38.505050505050505,8,29,0,subsidiary_stock_comp,0.0353643943866094,59,0.1946,28,6,0,1735,19,0.6551724137931034,6528,50
0.11050546498881886,1.6631835597352844,198,48.232323232323246,4,29,0,subsidiary_stock_comp,0.049339620396494865,56,0.1936,22,6,0,1735,24,0.8275862068965517,6656,51
0.1845445164872217,1.5385521885521887,198,46.15656565656566,6,30,0,subsidiary_stock_comp,0.0803285042444865,56,0.1926,31,6,0,1735,23,0.7666666666666667,6784,52
0.11965611038795032,1.6030618686868687,198,51.2979797979798,6,32,0,subsidiary_stock_comp,0.03940193603436152,54,0.1917,23,6,0,1735,26,0.8125,6912,53
0.12411167869777273,1.6706228956228963,198,50.11868686868689,3,30,0,subsidiary_stock_comp,0.030013677353660267,62,0.1907,21,6,0,1735,25,0.8333333333333334,7040,54
0.18163469080172945,1.3638975966562172,198,39.5530303030303,7,29,0,subsidiary_stock_comp,0.05336828902363777,53,0.1898,29,6,0,1735,20,0.6896551724137931,7168,55
0.147829829256807,1.6527777777777777,198,49.58333333333333,5,30,0,subsidiary_stock_comp,0.10251637548208237,56,0.1888,24,6,0,1735,25,0.8333333333333334,7296,56
0.1561849346398958,1.6876803751803748,198,47.2550505050505,5,28,0,subsidiary_stock_comp,0.041550969084103904,59,0.1879,26,6,0,1735,23,0.8214285714285714,7424,57
0.15923392966215033,1.4497474747474748,198,43.49242424242424,7,30,0,subsidiary_stock_comp,0.07938820123672485,53,0.1869,30,6,0,1735,22,0.7333333333333333,7552,58
0.16246778807180817,1.5844276094276095,198,47.532828282828284,7,30,0,subsidiary_stock_comp,0.05960096170504888,61,0.186,24,6,0,1735,23,0.7666666666666667,7680,59
0.11724350382792181,1.5583333333333333,198,46.75,5,30,0,subsidiary_stock_comp,0.09358648955821991,48,0.1851,27,6,0,1735,24,0.8,7808,60
0.08092038809991209,1.8548387096774193,198,57.5,2,31,0,subsidiary_stock_comp,0.03987853663663069,58,0.1841,19,6,0,1735,29,0.9354838709677419,7936,61
0.11867805702786427,1.5183284457478006,198,47.06818181818182,7,31,0,subsidiary_stock_comp,0.09165466825167339,52,0.1832,22,6,0,1735,24,0.7741935483870968,8064,62
0.1102208766824333,1.7439393939393937,198,52.31818181818181,2,30,0,subsidiary_stock_comp,0.023608054965734482,56,0.1823,30,6,0,1735,26,0.8666666666666667,8192,63
0.1613518665835727,1.5288720538720537,198,45.86616161616161,7,30,0,subsidiary_stock_comp,0.04435062284270922,52,0.1814,29,6,0,1735,23,0.7666666666666667,8320,64
0.09323462747306621,1.7228114478114478,198,51.68434343434343,3,30,0,subsidiary_stock_comp,0.048701791713635124,58,0.1805,19,6,0,1735,26,0.8666666666666667,8448,65
0.15297989066129958,1.6910484151863463,198,49.04040404040404,4,29,0,subsidiary_stock_comp,0.04350579405824343,59,0.1796,27,6,0,1735,24,0.8275862068965517,8576,66
0.08810905867994734,1.8684256356670155,198,54.18434343434345,1,29,0,subsidiary_stock_comp,0.023274073998133343,60,0.1787,18,6,0,1735,27,0.9310344827586207,8704,67
0.12518556417853688,1.6033775252525253,198,51.30808080808081,6,32,0,subsidiary_stock_comp,0.05630446473757426,55,0.1778,19,6,0,1735,26,0.8125,8832,68
0.09633015901999897,1.7189132706374088,198,49.84848484848486,4,29,0,subsidiary_stock_comp,0.08691175530354182,55,0.1769,16,6,0,1735,25,0.8620689655172413,8960,69
0.048222692083072616,1.8548387096774193,198,57.5,2,31,0,subsidiary_stock_comp,0.06472212821245193,58,0.176,19,6,0,1735,29,0.9354838709677419,9088,70
0.14873281701511587,1.590909090909091,198,49.31818181818182,6,31,0,subsidiary_stock_comp,0.07261745134989421,54,0.1751,28,6,0,1735,25,0.8064516129032258,9216,71
0.07144736644841032,1.8244542196155098,198,56.5580808080808,3,31,0,subsidiary_stock_comp,0.05894588182369868,60,0.1743,25,6,0,1735,28,0.9032258064516129,9344,72
0.09366313264945347,1.72336265884653,198,53.42424242424243,4,31,0,subsidiary_stock_comp,0.04597108314434687,56,0.1734,20,6,0,1735,27,0.8709677419354839,9472,73
0.1634381976982695,1.54554162312783,198,44.82070707070707,5,29,0,subsidiary_stock_comp,0.053871698677539825,58,0.1725,22,6,0,1735,22,0.7586206896551724,9600,74
0.15216772248822963,1.6415012190874265,198,47.60353535353537,5,29,0,subsidiary_stock_comp,0.07947243625919025,55,0.1717,31,6,0,1735,24,0.8275862068965517,9728,75
0.14878077465164097,1.6078892371995823,198,46.62878787878789,5,29,0,subsidiary_stock_comp,0.03913249013324579,59,0.1708,21,6,0,1735,23,0.7931034482758621,9856,76
0.18578283698479936,1.4457070707070707,198,40.47979797979798,6,28,0,subsidiary_stock_comp,0.08231379836797714,52,0.1699,29,6,0,1735,20,0.7142857142857143,9984,77
0.10048008352077886,1.805468477882271,198,52.358585858585855,2,29,0,subsidiary_stock_comp,0.0882237230738004,58,0.1691,23,6,0,1735,26,0.896551724137931,10112,78
0.13205122756517085,1.7361546499477531,198,50.348484848484844,2,29,0,subsidiary_stock_comp,0.04303765296936035,62,0.1683,19,6,0,1735,25,0.8620689655172413,10240,79
0.07535220573709012,1.884970393591083,198,54.66414141414141,1,29,0,subsidiary_stock_comp,0.020133701153099537,59,0.1674,24,6,0,1735,27,0.9310344827586207,10368,80
0.12594135819381336,1.7252699407871819,198,50.03282828282828,5,29,0,subsidiary_stock_comp,0.02726844884455204,63,0.1666,18,6,0,1735,24,0.8275862068965517,10496,81
0.11108635330856487,1.7,198,51,4,30,0,subsidiary_stock_comp,0.05943172176678976,52,0.1657,26,6,0,1735,26,0.8666666666666667,10624,82
0.13199442192490096,1.6000841750841748,198,48.002525252525245,5,30,0,subsidiary_stock_comp,0.09696929901838303,59,0.1649,20,6,0,1735,24,0.8,10752,83
0.09718887822964462,1.8202861952861957,198,54.60858585858587,1,30,0,subsidiary_stock_comp,0.03188431262969971,66,0.1641,18,6,0,1735,27,0.9,10880,84
0.13073618553789856,1.776346801346801,198,53.29040404040403,3,30,0,subsidiary_stock_comp,0.02472377133866151,63,0.1633,18,6,0,1735,26,0.8666666666666667,11008,85
0.06901786144771904,1.7354187031606387,198,53.7979797979798,4,31,0,subsidiary_stock_comp,0.041403599083423615,56,0.1625,25,6,0,1735,27,0.8709677419354839,11136,86
0.10704031656496227,1.6792929292929293,198,52.05808080808081,5,31,0,subsidiary_stock_comp,0.05549772083759308,56,0.1616,26,6,0,1735,26,0.8387096774193549,11264,87
0.1268776810993586,1.662748171368861,198,48.21969696969697,3,29,0,subsidiary_stock_comp,0.03298645652830601,60,0.1608,23,6,0,1735,24,0.8275862068965517,11392,88
0.08524265352389193,1.7,198,51,4,30,0,subsidiary_stock_comp,0.07794986168543498,52,0.16,27,6,0,1735,26,0.8666666666666667,11520,89
0.12842878836909222,1.8755660048763498,198,54.391414141414145,1,29,0,subsidiary_stock_comp,0.026232950389385223,61,0.1592,21,6,0,1735,27,0.9310344827586207,11648,90
0.05933590539916622,1.859375,198,59.5,2,32,0,subsidiary_stock_comp,0.008308915266146263,60,0.1584,14,6,0,1735,30,0.9375,11776,91
0.1355832003255273,1.6171194705677465,198,46.89646464646465,5,29,0,subsidiary_stock_comp,0.04633647451798121,56,0.1576,28,6,0,1735,23,0.7931034482758621,11904,92
0.048161155011257506,1.9274193548387097,198,59.75,1,31,0,subsidiary_stock_comp,0.07041947543621063,60,0.1569,13,6,0,1735,30,0.967741935483871,12032,93
0.04367667910173623,1.9435483870967742,198,60.25,1,31,0,subsidiary_stock_comp,0.00986400293186307,61,0.1561,15,6,0,1735,30,0.967741935483871,12160,94
0.1159820137108909,1.513685239491691,198,46.92424242424242,6,31,0,subsidiary_stock_comp,0.1002069463332494,54,0.1553,19,6,0,1735,24,0.7741935483870968,12288,95
0.11149982838833239,1.739141414141414,198,52.17424242424242,3,30,0,subsidiary_stock_comp,0.07499675701061885,59,0.1545,18,6,0,1735,26,0.8666666666666667,12416,96
0.21774342442222405,1.597004528039011,198,46.31313131313132,4,29,0,subsidiary_stock_comp,0.07097773378094037,65,0.1537,21,6,0,1735,23,0.7931034482758621,12544,97
0.045211636474050465,1.7983870967741935,198,55.75,3,31,0,subsidiary_stock_comp,0.03408239595592022,57,0.153,17,6,0,1735,28,0.9032258064516129,12672,98
0.14360295321966987,1.852092352092352,198,51.858585858585855,2,28,0,subsidiary_stock_comp,0.010206725758810839,64,0.1522,15,6,0,1735,25,0.8928571428571429,12800,99
0.5867111436091363,0.3501683501683506,198,8.404040404040414,16,24,0,subsidiary_stock_comp,1.163619041442871,54,0.25,41,7,0,1736,3,0.125,128,0
0.5537224197760224,0.3240740740740739,198,9.722222222222218,24,30,0,subsidiary_stock_comp,0.5090182920296987,39,0.2487,32,7,0,1736,5,0.16666666666666666,256,1
0.4869394873967394,0.2522727272727273,198,7.568181818181819,23,30,0,subsidiary_stock_comp,0.40080492695172626,32,0.2475,32,7,0,1736,5,0.16666666666666666,384,2
0.49866259668488055,0.539057239057239,198,16.17171717171717,20,30,0,subsidiary_stock_comp,0.2980646838744481,40,0.2463,28,7,0,1736,9,0.3,512,3
0.36002888620714657,0.9510426849136526,198,29.482323232323232,15,31,0,subsidiary_stock_comp,0.15584143996238708,37,0.245,36,7,0,1736,16,0.5161290322580645,640,4
0.46569617523346096,1.1576767676767679,198,28.941919191919194,7,25,0,subsidiary_stock_comp,0.06663752595583598,59,0.2438,33,7,0,1736,14,0.56,768,5
0.1968230823840713,1.4276094276094276,198,42.82828282828282,8,30,0,subsidiary_stock_comp,0.10513462126255035,48,0.2426,24,7,0,1736,22,0.7333333333333333,896,6
0.23244469898054376,1.6102693602693605,198,43.477272727272734,3,27,0,subsidiary_stock_comp,0.07874741281072299,61,0.2414,32,7,0,1736,21,0.7777777777777778,1024,7
0.15477180562447757,1.4394781144781144,198,43.18434343434343,7,30,0,subsidiary_stock_comp,0.08129215488831203,51,0.2402,26,7,0,1736,22,0.7333333333333333,1152,8
0.175926787807839,1.4486531986531985,198,43.45959595959596,6,30,0,subsidiary_stock_comp,0.07023027787605922,54,0.239,27,7,0,1736,22,0.7333333333333333,1280,9
0.1993897355569061,1.7477453102453102,198,48.936868686868685,3,28,0,subsidiary_stock_comp,0.077139712870121,59,0.2378,34,7,0,1736,24,0.8571428571428571,1408,10
0.1432630326016806,1.6507936507936505,198,46.222222222222214,4,28,0,subsidiary_stock_comp,0.06785909210642178,53,0.2366,25,7,0,1736,23,0.8214285714285714,1536,11
0.0968470791249274,1.6712121212121216,198,50.13636363636365,4,30,0,subsidiary_stock_comp,0.06261823947230975,55,0.2354,28,7,0,1736,25,0.8333333333333334,1664,12
0.20754260984176653,1.4227459783015344,198,38.414141414141426,4,27,0,subsidiary_stock_comp,0.03228195011615753,60,0.2342,31,7,0,1736,19,0.7037037037037037,1792,13
0.1551583919026598,1.5156024531024528,198,42.43686868686868,5,28,0,subsidiary_stock_comp,0.0875676025946935,59,0.2331,31,7,0,1736,21,0.75,1920,14
0.1264463567531493,1.6079545454545456,198,45.02272727272728,5,28,0,subsidiary_stock_comp,0.046823533872763314,59,0.2319,26,7,0,1736,22,0.7857142857142857,2048,15
0.12033468999470642,1.5130772005772006,198,42.36616161616162,7,28,0,subsidiary_stock_comp,0.06741627554098766,49,0.2307,29,7,0,1736,21,0.75,2176,16
0.12224466754196328,1.6070381231671553,198,49.81818181818181,6,31,0,subsidiary_stock_comp,0.04103384539484978,55,0.2296,25,7,0,1736,25,0.8064516129032258,2304,17
0.14260005727919634,1.6207767328456986,198,47.00252525252526,5,29,0,subsidiary_stock_comp,0.03562424952785174,59,0.2284,32,7,0,1736,23,0.7931034482758621,2432,18
0.19376859437034,1.5830627705627707,198,44.32575757575758,5,28,0,subsidiary_stock_comp,0.04949731876452764,55,0.2273,34,7,0,1736,22,0.7857142857142857,2560,19
0.1345697591896169,1.3681981101335938,198,42.41414141414141,8,31,0,subsidiary_stock_comp,0.07100011656681697,48,0.2262,30,7,0,1736,22,0.7096774193548387,2688,20
0.17679283203324303,1.7807539682539686,198,49.86111111111112,3,28,0,subsidiary_stock_comp,0.04023029779394468,63,0.225,31,7,0,1736,24,0.8571428571428571,2816,21
0.18239644897403196,1.6817279942279943,198,47.08838383838384,5,28,0,subsidiary_stock_comp,0.04984054217735926,55,0.2239,34,7,0,1736,23,0.8214285714285714,2944,22
0.26584548637038097,1.483164983164984,198,40.04545454545457,6,27,0,subsidiary_stock_comp,0.04283978044986725,59,0.2228,38,7,0,1736,19,0.7037037037037037,3072,23
0.26376320829149336,1.6617096894874674,198,44.86616161616162,5,27,0,subsidiary_stock_comp,0.04787153874834379,51,0.2217,27,7,0,1736,22,0.8148148148148148,3200,24
0.2524702502123546,1.4204545454545454,198,31.25,3,22,0,subsidiary_stock_comp,0.10394625117381413,32,0.2206,33,7,0,1736,16,0.7272727272727273,3328,25
0.2584504734259099,1.5543478260869565,198,35.75,3,23,0,subsidiary_stock_comp,0.1153061514099439,37,0.2195,34,7,0,1736,18,0.782608695652174,3456,26
0.19001364521682262,1.6206896551724137,198,47,4,29,0,subsidiary_stock_comp,0.09291796882947286,48,0.2184,31,7,0,1736,24,0.8275862068965517,3584,27
0.17109515311312862,1.7651515151515151,198,47.65909090909091,3,27,0,subsidiary_stock_comp,0.05582040175795555,51,0.2173,31,7,0,1736,24,0.8888888888888888,3712,28
0.20315493903763127,1.5860389610389611,198,44.409090909090914,6,28,0,subsidiary_stock_comp,0.05091460173328718,55,0.2162,20,7,0,1736,22,0.7857142857142857,3840,29
0.21365332281857263,1.865974560419005,198,50.381313131313135,1,27,0,subsidiary_stock_comp,0.02189319518705209,57,0.2151,24,7,0,1736,25,0.9259259259259259,3968,30
0.14363029663218185,1.593097643097643,198,47.79292929292929,6,30,0,subsidiary_stock_comp,0.03183853502074877,58,0.214,23,7,0,1736,24,0.8,4096,31
0.22704068631719565,1.5276907001044937,198,44.30303030303032,4,29,0,subsidiary_stock_comp,0.02974858507514,61,0.213,30,7,0,1736,22,0.7586206896551724,4224,32
0.12116984153180965,1.6632154882154881,198,49.89646464646464,5,30,0,subsidiary_stock_comp,0.0459806260963281,56,0.2119,24,7,0,1736,25,0.8333333333333334,4352,33
0.19029629369470058,1.5137582723789622,198,43.8989898989899,4,29,0,subsidiary_stock_comp,0.05914818371335665,62,0.2108,26,7,0,1736,22,0.7586206896551724,4480,34
0.10544860757363494,1.9499303378613722,198,56.54797979797979,1,29,0,subsidiary_stock_comp,0.07473033169905345,58,0.2098,21,7,0,1736,28,0.9655172413793104,4608,35
0.1381511467643577,1.7194357366771162,198,49.863636363636374,2,29,0,subsidiary_stock_comp,0.04678441832462946,62,0.2087,29,7,0,1736,25,0.8620689655172413,4736,36
0.12705414566153195,1.5349181469871127,198,44.51262626262627,5,29,0,subsidiary_stock_comp,0.045728832483291626,57,0.2077,26,7,0,1736,22,0.7586206896551724,4864,37
0.14701344702552888,1.6888888888888887,198,50.66666666666666,4,30,0,subsidiary_stock_comp,0.044457455476125084,61,0.2066,26,7,0,1736,25,0.8333333333333334,4992,38
0.18318132572676404,1.4907106782106783,198,41.73989898989899,5,28,0,subsidiary_stock_comp,0.02559680553774039,56,0.2056,29,7,0,1736,21,0.75,5120,39
0.16056995078906766,1.664646464646465,198,49.939393939393945,4,30,0,subsidiary_stock_comp,0.03597759331266085,59,0.2046,16,7,0,1736,25,0.8333333333333334,5248,40
0.2304239723671344,1.6567760942760943,198,39.76262626262626,2,24,0,subsidiary_stock_comp,0.07091535006960233,52,0.2036,25,7,0,1736,20,0.8333333333333334,5376,41
0.2853262096614344,1.2386363636363635,198,27.25,3,22,0,subsidiary_stock_comp,0.11756850530703862,28,0.2025,28,7,0,1736,14,0.6363636363636364,5504,42
0.2734405850642361,1.3087121212121213,198,26.174242424242426,1,20,0,subsidiary_stock_comp,0.0829094909131527,32,0.2015,21,7,0,1736,13,0.65,5632,43
0.26244002440944314,1.533702408702409,198,39.87626262626263,3,26,0,subsidiary_stock_comp,0.04390439515312513,46,0.2005,26,7,0,1736,20,0.7692307692307693,5760,44
0.25389976276710513,1.666969696969697,198,41.67424242424242,3,25,0,subsidiary_stock_comp,0.02907537731031577,48,0.1995,21,7,0,1736,21,0.84,5888,45
0.23456744355644332,1.82,198,45.5,2,25,0,subsidiary_stock_comp,0.005936912881831328,46,0.1985,30,7,0,1736,23,0.92,6016,46
0.192215220133221,1.6763000374111485,198,45.26010101010101,3,27,0,subsidiary_stock_comp,0.03756444280346235,47,0.1975,21,7,0,1736,23,0.8518518518518519,6144,47
0.18767837025006884,1.5560064935064937,198,43.56818181818182,5,28,0,subsidiary_stock_comp,0.03164701536297798,48,0.1965,31,7,0,1736,22,0.7857142857142857,6272,48
0.24671468090673443,1.4684811073699966,198,39.64898989898991,5,27,0,subsidiary_stock_comp,0.05729807292421659,52,0.1956,36,7,0,1736,20,0.7407407407407407,6400,49
0.16445294431468938,1.651936026936027,198,49.55808080808081,5,30,0,subsidiary_stock_comp,0.029666541144251823,53,0.1946,26,7,0,1736,25,0.8333333333333334,6528,50
0.2818918026678148,1.6042568542568543,198,44.91919191919192,4,28,0,subsidiary_stock_comp,0.01945155921081702,62,0.1936,23,7,0,1736,22,0.7857142857142857,6656,51
0.2420625819831912,1.8518842268842268,198,48.148989898989896,1,26,0,subsidiary_stock_comp,0.021991162250439327,49,0.1926,21,7,0,1736,24,0.9230769230769231,6784,52
0.23443339320692758,1.7973970473970473,198,46.73232323232323,2,26,0,subsidiary_stock_comp,0.0035939879405001798,54,0.1917,22,7,0,1736,23,0.8846153846153846,6912,53
0.23693894767347956,1.8241064491064498,198,47.426767676767696,1,26,0,subsidiary_stock_comp,-0.0019273424210647743,62,0.1907,29,7,0,1736,23,0.8846153846153846,7040,54
0.2561553639407066,1.7838164251207733,198,41.027777777777786,1,23,0,subsidiary_stock_comp,0.0021170064186056456,55,0.1898,26,7,0,1736,20,0.8695652173913043,7168,55
0.3023657816229388,1.471338383838384,198,29.42676767676768,3,20,0,subsidiary_stock_comp,0.024723391979932785,41,0.1888,25,7,0,1736,14,0.7,7296,56
0.28124966465657053,1.5533910533910535,198,32.621212121212125,2,21,0,subsidiary_stock_comp,0.04379129409790039,38,0.1879,25,7,0,1736,16,0.7619047619047619,7424,57
0.2190982766715024,1.779554807332585,198,48.0479797979798,3,27,0,subsidiary_stock_comp,0.030732440141340096,50,0.1869,25,7,0,1736,24,0.8888888888888888,7552,58
0.23866219518822618,1.8288888888888892,198,45.72222222222223,2,25,0,subsidiary_stock_comp,0.023870198366542656,48,0.186,16,7,0,1736,23,0.92,7680,59
0.21375156813155627,1.726524504302282,198,46.61616161616162,4,27,0,subsidiary_stock_comp,0.018524054437875748,52,0.1851,25,7,0,1736,23,0.8518518518518519,7808,60
0.20519541804969776,1.8125,198,43.5,2,24,0,subsidiary_stock_comp,0.036371860653162,44,0.1841,27,7,0,1736,22,0.9166666666666666,7936,61
0.22824965935251385,1.6023232323232324,198,40.05808080808081,3,25,0,subsidiary_stock_comp,0.02632095416386922,43,0.1832,26,7,0,1736,20,0.8,8064,62
0.23113870818269788,1.899292929292929,198,47.482323232323225,1,25,0,subsidiary_stock_comp,0.0852846975127856,56,0.1823,16,7,0,1736,23,0.92,8192,63
0.2948443672939902,1.5147474747474758,198,37.86868686868689,4,25,0,subsidiary_stock_comp,0.04168819015224775,50,0.1814,26,7,0,1736,19,0.76,8320,64
0.22268435091427818,1.7071678321678325,198,44.38636363636365,3,26,0,subsidiary_stock_comp,0.03840815524260203,49,0.1805,21,7,0,1736,22,0.8461538461538461,8448,65
0.30480229546810733,1.743636363636364,198,43.5909090909091,2,25,0,subsidiary_stock_comp,0.019500349648296833,54,0.1796,35,7,0,1736,21,0.84,8576,66
0.22580146517429966,1.7070707070707072,198,47.7979797979798,4,28,0,subsidiary_stock_comp,0.018460200168192387,50,0.1787,28,7,0,1736,24,0.8571428571428571,8704,67
0.2647448993884609,1.5533746556473829,198,34.17424242424242,1,22,0,subsidiary_stock_comp,0.036931139727433525,39,0.1778,26,7,0,1736,17,0.7727272727272727,8832,68
0.2502215048407379,1.5019191919191919,198,37.5479797979798,5,25,0,subsidiary_stock_comp,0.02834343413511912,40,0.1769,28,7,0,1736,19,0.76,8960,69
0.2935372889332939,1.6330303030303035,198,40.825757575757585,3,25,0,subsidiary_stock_comp,0.013832680260141691,54,0.176,26,7,0,1736,20,0.8,9088,70
0.2419932222328498,1.8043434343434348,198,45.10858585858587,1,25,0,subsidiary_stock_comp,0.0048836081599195795,57,0.1751,22,7,0,1736,22,0.88,9216,71
0.22762425125438313,1.6762626262626263,198,41.90656565656566,3,25,0,subsidiary_stock_comp,0.04614560926953951,49,0.1743,24,7,0,1736,21,0.84,9344,72
0.2313255282715545,1.5267094017094016,198,39.69444444444444,3,26,0,subsidiary_stock_comp,0.025951428959767025,50,0.1734,26,7,0,1736,20,0.7692307692307693,9472,73
0.2140373177408037,1.715909090909091,198,48.04545454545455,2,28,0,subsidiary_stock_comp,0.02255595289170742,56,0.1725,27,7,0,1736,24,0.8571428571428571,9600,74
0.21768378343585937,1.5436363636363637,198,38.59090909090909,4,25,0,subsidiary_stock_comp,0.03699203332265218,49,0.1717,25,7,0,1736,19,0.76,9728,75
0.15518786881511915,1.7838732149076977,198,51.73232323232323,2,29,0,subsidiary_stock_comp,0.04804850990573565,58,0.1708,19,7,0,1736,26,0.896551724137931,9856,76
0.2788551065023057,1.4759633370744483,198,39.851010101010104,5,27,0,subsidiary_stock_comp,0.056729781130949654,60,0.1699,29,7,0,1736,19,0.7037037037037037,9984,77
0.2178564707573969,1.4502164502164505,198,40.606060606060616,6,28,0,subsidiary_stock_comp,0.029690484205881756,59,0.1691,21,7,0,1736,20,0.7142857142857143,10112,78
0.13668588861037279,1.8176767676767678,198,54.53030303030303,2,30,0,subsidiary_stock_comp,0.0383466761559248,62,0.1683,22,7,0,1736,27,0.9,10240,79
0.12815725914333598,1.7159526297457335,198,49.76262626262627,2,29,0,subsidiary_stock_comp,0.06030834838747978,62,0.1674,15,7,0,1736,25,0.8620689655172413,10368,80
0.11563448499691731,1.6417508417508417,198,49.25252525252525,4,30,0,subsidiary_stock_comp,0.06364019960165024,56,0.1666,18,7,0,1736,25,0.8333333333333334,10496,81
0.14828325709459023,1.5683559735283874,198,45.48232323232323,5,29,0,subsidiary_stock_comp,0.05185510839025179,53,0.1657,25,7,0,1736,23,0.7931034482758621,10624,82
0.18290358287958952,1.562608847091606,198,45.315656565656575,5,29,0,subsidiary_stock_comp,0.027613465984662373,55,0.1649,23,7,0,1736,23,0.7931034482758621,10752,83
0.13482242017562385,1.8458725182863114,198,53.53030303030303,2,29,0,subsidiary_stock_comp,0.013729633297771215,57,0.1641,12,7,0,1736,27,0.9310344827586207,10880,84
0.14436181634300738,1.9166666666666667,198,51.75,1,27,0,subsidiary_stock_comp,0.0017192477049926917,52,0.1633,15,7,0,1736,26,0.9629629629629629,11008,85
0.12248874793203868,1.8448275862068966,198,53.5,2,29,0,subsidiary_stock_comp,0.01787390559911728,54,0.1625,15,7,0,1736,27,0.9310344827586207,11136,86
0.1621962802237249,1.9416386083052748,198,52.42424242424242,0,27,0,subsidiary_stock_comp,0.007740758825093508,58,0.1616,17,7,0,1736,26,0.9629629629629629,11264,87
0.27398816665845516,1.5047699214365882,198,40.62878787878788,5,27,0,subsidiary_stock_comp,0.07173436383406322,54,0.1608,24,7,0,1736,20,0.7407407407407407,11392,88
0.16805140974429378,1.7265993265993267,198,51.7979797979798,4,30,0,subsidiary_stock_comp,0.04599754450221857,54,0.16,23,7,0,1736,26,0.8666666666666667,11520,89
0.1897047354013921,1.7470238095238095,198,48.916666666666664,3,28,0,subsidiary_stock_comp,0.01307685145487388,57,0.1592,16,7,0,1736,24,0.8571428571428571,11648,90
0.07501039810449583,1.9416666666666667,198,58.25,1,30,0,subsidiary_stock_comp,0.011409180704504251,59,0.1584,16,7,0,1736,29,0.9666666666666667,11776,91
0.10427923704992281,1.7974747474747474,198,53.92424242424242,2,30,0,subsidiary_stock_comp,0.03278760239481926,58,0.1576,15,7,0,1736,27,0.9,11904,92
0.09578751831486443,1.782258064516129,198,55.25,3,31,0,subsidiary_stock_comp,0.05427843456466993,56,0.1569,18,7,0,1736,28,0.9032258064516129,12032,93
0.14596674385029473,1.7302188552188553,198,51.90656565656566,3,30,0,subsidiary_stock_comp,0.024732835590839386,60,0.1561,22,7,0,1736,26,0.8666666666666667,12160,94
0.09712055811633036,1.8932659932659932,198,56.7979797979798,2,30,0,subsidiary_stock_comp,0.0293751060962677,59,0.1553,22,7,0,1736,28,0.9333333333333333,12288,95
0.0908507224812638,1.9416666666666667,198,58.25,1,30,0,subsidiary_stock_comp,0.02127738545338313,59,0.1545,17,7,0,1736,29,0.9666666666666667,12416,96
0.17279000852795434,1.7656926406926419,198,49.43939393939397,2,28,0,subsidiary_stock_comp,0.05925107126434644,65,0.1537,19,7,0,1736,24,0.8571428571428571,12544,97
0.18012643856127397,1.902236652236652,198,53.262626262626256,0,28,0,subsidiary_stock_comp,0.0007799000789721807,62,0.153,18,7,0,1736,26,0.9285714285714286,12672,98
0.15202491230229498,1.7463804713804718,198,52.39141414141415,3,30,0,subsidiary_stock_comp,0.004642735856274764,60,0.1522,17,7,0,1736,26,0.8666666666666667,12800,99
0.27490754902828485,-0.019444444444444438,198,-0.7777777777777775,36,40,0,subsidiary_stock_comp,1.1857144236564636,10,0.25,31,8,0,1737,4,0.1,128,0
0.46702839888166636,0.33382209188660805,198,10.34848484848485,22,31,0,subsidiary_stock_comp,0.5458126266797384,38,0.2487,17,8,0,1737,6,0.1935483870967742,256,1
0.45938877675143885,0.7717919940142163,198,20.83838383838384,12,27,0,subsidiary_stock_comp,0.15935707837343216,46,0.2475,29,8,0,1737,11,0.4074074074074074,384,2
0.4565852405503392,0.7838732149076976,198,22.73232323232323,16,29,0,subsidiary_stock_comp,0.08106895536184311,41,0.2463,40,8,0,1737,12,0.41379310344827586,512,3
0.3520200954790198,1.2218855218855218,198,36.656565656565654,12,30,0,subsidiary_stock_comp,0.10066126783688863,50,0.245,33,8,0,1737,18,0.6,640,4
0.27860242998031026,1.6578750467639354,198,44.762626262626256,4,27,0,subsidiary_stock_comp,0.057398380090792976,53,0.2438,37,8,0,1737,22,0.8148148148148148,768,5
0.235030227313473,1.3299663299663298,198,39.898989898989896,8,30,0,subsidiary_stock_comp,0.03299117647111416,55,0.2426,29,8,0,1737,20,0.6666666666666666,896,6
0.3100909907971072,1.2620772946859904,198,29.02777777777778,5,23,0,subsidiary_stock_comp,0.11156267672777176,58,0.2414,33,8,0,1737,13,0.5652173913043478,1024,7
0.21166181072112522,1.6207767328456986,198,47.00252525252526,5,29,0,subsidiary_stock_comp,0.05731018756826719,59,0.2402,31,8,0,1737,23,0.7931034482758621,1152,8
0.27701893399716937,1.5059246309246315,198,39.154040404040416,5,26,0,subsidiary_stock_comp,0.0996476983030637,59,0.239,33,8,0,1737,19,0.7307692307692307,1280,9
0.23401554295742244,1.4428544706322484,198,38.957070707070706,7,27,0,subsidiary_stock_comp,0.06887612864375114,56,0.2378,36,8,0,1737,19,0.7037037037037037,1408,10
0.21936542774892587,1.420672239637757,198,41.19949494949495,7,29,0,subsidiary_stock_comp,0.08571059505144756,51,0.2366,37,8,0,1737,21,0.7241379310344828,1536,11
0.17661535661864036,1.5061825148032044,198,43.67929292929293,5,29,0,subsidiary_stock_comp,0.0569731704890728,52,0.2354,28,8,0,1737,22,0.7586206896551724,1664,12
0.257956665900565,1.0847643097643098,198,32.542929292929294,11,30,0,subsidiary_stock_comp,0.10940473278363545,48,0.2342,40,8,0,1737,17,0.5666666666666667,1792,13
0.2546532769956684,1.400342712842713,198,39.209595959595966,7,28,0,subsidiary_stock_comp,0.057759661227464676,59,0.2331,29,8,0,1737,19,0.6785714285714286,1920,14
0.11241247169164126,1.6370967741935485,198,50.75,5,31,0,subsidiary_stock_comp,0.08784154057502747,52,0.2319,32,8,0,1737,26,0.8387096774193549,2048,15
0.05272757985221688,1.782258064516129,198,55.25,3,31,0,subsidiary_stock_comp,0.047055127720038094,56,0.2307,24,8,0,1737,28,0.9032258064516129,2176,16
0.1607645056064939,1.5208536982730532,198,47.14646464646465,6,31,0,subsidiary_stock_comp,0.06622837856411934,55,0.2296,27,8,0,1737,24,0.7741935483870968,2304,17
0.16207010968355462,1.7224747474747475,198,51.67424242424242,3,30,0,subsidiary_stock_comp,0.038157661134998,58,0.2284,29,8,0,1737,26,0.8666666666666667,2432,18
0.15835597303521354,1.5090560780215954,198,43.76262626262626,6,29,0,subsidiary_stock_comp,0.046191362043221794,55,0.2273,32,8,0,1737,22,0.7586206896551724,2560,19
0.12657175930507947,1.6692760942760942,198,50.07828282828283,5,30,0,subsidiary_stock_comp,0.02786421279112498,56,0.2262,17,8,0,1737,25,0.8333333333333334,2688,20
0.20714838583080564,1.6112852664576804,198,46.727272727272734,4,29,0,subsidiary_stock_comp,0.10470344126224518,61,0.225,27,8,0,1737,23,0.7931034482758621,2816,21
0.21762763895094395,1.4758794845001741,198,42.80050505050505,5,29,0,subsidiary_stock_comp,0.06570194785793622,62,0.2239,28,8,0,1737,21,0.7241379310344828,2944,22
0.1609232589689782,1.8061868686868685,198,50.57323232323232,1,28,0,subsidiary_stock_comp,0.03493548432985941,57,0.2228,33,8,0,1737,25,0.8928571428571429,3072,23
0.11451156827388331,1.9516718913270636,198,56.598484848484844,1,29,0,subsidiary_stock_comp,0.061530561496814094,61,0.2217,21,8,0,1737,28,0.9655172413793104,3200,24
0.26900943621149054,1.4366883116883113,198,40.22727272727272,6,28,0,subsidiary_stock_comp,0.06029031922419866,57,0.2206,33,8,0,1737,20,0.7142857142857143,3328,25
0.26784773796680383,1.5698051948051952,198,43.95454545454547,6,28,0,subsidiary_stock_comp,0.06268829603989919,52,0.2195,24,8,0,1737,22,0.7857142857142857,3456,26
0.20971816319070058,1.82,198,45.5,2,25,0,subsidiary_stock_comp,0.022607389216621716,46,0.2184,31,8,0,1737,23,0.92,3584,27
0.3202321938588284,1.4423783287419651,198,31.732323232323232,2,22,0,subsidiary_stock_comp,0.06982453788320224,38,0.2173,27,8,0,1737,16,0.7272727272727273,3712,28
0.33903666510013863,1.3109848484848485,198,26.21969696969697,3,20,0,subsidiary_stock_comp,0.0556387814382712,35,0.2162,23,8,0,1737,13,0.65,3840,29
0.22795555795164546,1.65625,198,39.75,3,24,0,subsidiary_stock_comp,0.030067330226302147,41,0.2151,30,8,0,1737,20,0.8333333333333334,3968,30
0.21241072939301375,1.7659285159285159,198,45.91414141414141,2,26,0,subsidiary_stock_comp,0.018339510696629684,50,0.214,22,8,0,1737,23,0.8846153846153846,4096,31
0.22804872205597349,1.5585664335664338,198,40.52272727272728,3,26,0,subsidiary_stock_comp,0.05126106242338816,58,0.213,31,8,0,1737,20,0.7692307692307693,4224,32
0.2690384962770622,1.6484071484071483,198,42.858585858585855,4,26,0,subsidiary_stock_comp,0.0347034577280283,53,0.2119,21,8,0,1737,21,0.8076923076923077,4352,33
0.26202273156377487,1.6283993783993782,198,42.338383838383834,2,26,0,subsidiary_stock_comp,0.06535073493917783,50,0.2108,23,8,0,1737,21,0.8076923076923077,4480,34
0.3261679181086947,1.3607954545454544,198,32.65909090909091,7,24,0,subsidiary_stock_comp,0.05185093482335409,44,0.2098,28,8,0,1737,16,0.6666666666666666,4608,35
0.2665208226608229,1.4086700336700337,198,33.80808080808081,4,24,0,subsidiary_stock_comp,0.05552828311920166,37,0.2087,36,8,0,1737,17,0.7083333333333334,4736,36
0.19656160089652985,1.8333333333333333,198,49.5,2,27,0,subsidiary_stock_comp,0.06119435218473276,50,0.2077,26,8,0,1737,25,0.9259259259259259,4864,37
0.1844089053265634,1.6247086247086249,198,42.24242424242425,4,26,0,subsidiary_stock_comp,0.046314138919115067,51,0.2066,22,8,0,1737,21,0.8076923076923077,4992,38
0.16957568263387657,1.648088023088023,198,46.14646464646464,2,28,0,subsidiary_stock_comp,0.014588198158890009,54,0.2056,25,8,0,1737,23,0.8214285714285714,5120,39
0.1498801511443162,1.576936026936027,198,47.30808080808081,6,30,0,subsidiary_stock_comp,0.05807671447594961,51,0.2046,28,8,0,1737,24,0.8,5248,40
0.16826650184520986,1.5140110785272074,198,46.93434343434343,6,31,0,subsidiary_stock_comp,0.04939371099074682,54,0.2036,33,8,0,1737,24,0.7741935483870968,5376,41
0.10813642611901741,1.564516129032258,198,48.5,6,31,0,subsidiary_stock_comp,0.08436080068349838,50,0.2025,30,8,0,1737,25,0.8064516129032258,5504,42
0.16864737632567994,1.4669846614291058,198,39.608585858585855,5,27,0,subsidiary_stock_comp,0.06446212405959766,50,0.2015,34,8,0,1737,20,0.7407407407407407,5632,43
0.18116010572339292,1.7169846614291062,198,46.35858585858587,2,27,0,subsidiary_stock_comp,0.042181226114432015,58,0.2005,27,8,0,1737,23,0.8518518518518519,5760,44
0.19621958366042236,1.671623643845867,198,45.13383838383841,3,27,0,subsidiary_stock_comp,0.03642853225270907,62,0.1995,23,8,0,1737,22,0.8148148148148148,5888,45
0.16104945311235497,1.7346801346801344,198,52.040404040404034,4,30,0,subsidiary_stock_comp,0.026757679879665375,58,0.1985,26,8,0,1737,26,0.8666666666666667,6016,46
0.18166998170636361,1.7083333333333337,198,47.83333333333334,2,28,0,subsidiary_stock_comp,0.03019136128326257,54,0.1975,25,8,0,1737,24,0.8571428571428571,6144,47
0.14183351600877359,1.6693722943722946,198,46.74242424242425,4,28,0,subsidiary_stock_comp,0.043282641718784966,57,0.1965,22,8,0,1737,23,0.8214285714285714,6272,48
0.06905366634236998,1.71875,198,55,4,32,0,subsidiary_stock_comp,0.03133313295741876,56,0.1956,24,8,0,1737,28,0.875,6400,49
0.1308090119418921,1.5273423894113547,198,44.29292929292929,4,29,0,subsidiary_stock_comp,0.08324270447095235,62,0.1946,23,8,0,1737,22,0.7586206896551724,6528,50
0.14813308622251498,1.6554336468129573,198,48.007575757575765,3,29,0,subsidiary_stock_comp,0.02519524594148,60,0.1936,28,8,0,1737,24,0.8275862068965517,6656,51
0.11723610473927693,1.7833694083694083,198,49.93434343434343,2,28,0,subsidiary_stock_comp,0.021630880733331043,56,0.1926,23,8,0,1737,25,0.8928571428571429,6784,52
0.14031768771019415,1.7940947940947942,198,46.64646464646465,0,26,0,subsidiary_stock_comp,0.04197332883874575,56,0.1917,32,8,0,1737,23,0.8846153846153846,6912,53
0.1614894000140339,1.4533670033670034,198,43.601010101010104,6,30,0,subsidiary_stock_comp,0.04555213451385498,60,0.1907,25,8,0,1737,22,0.7333333333333333,7040,54
0.11018114677426638,1.7454719609892022,198,50.618686868686865,3,29,0,subsidiary_stock_comp,0.04854847863316536,61,0.1898,26,8,0,1737,25,0.8620689655172413,7168,55
0.13915777512011118,1.7429653679653678,198,48.8030303030303,2,28,0,subsidiary_stock_comp,0.020103287727882464,64,0.1888,22,8,0,1737,24,0.8571428571428571,7296,56
0.16679425750226073,1.6880411255411256,198,47.265151515151516,3,28,0,subsidiary_stock_comp,0.017235849363108475,63,0.1879,25,8,0,1737,23,0.8214285714285714,7424,57
0.11137353089179669,1.467171717171717,198,45.482323232323225,7,31,0,subsidiary_stock_comp,0.05289477730790774,55,0.1869,27,8,0,1737,23,0.7419354838709677,7552,58
0.10070060913039924,1.839506172839506,198,49.66666666666666,0,27,0,subsidiary_stock_comp,0.030793530866503716,64,0.186,21,8,0,1737,24,0.8888888888888888,7680,59
0.1720253292869529,1.6746464646464645,198,41.86616161616161,1,25,0,subsidiary_stock_comp,0.08660639822483063,63,0.1851,25,8,0,1737,20,0.8,7808,60
0.1105226849203973,1.7514803204458382,198,50.79292929292931,2,29,0,subsidiary_stock_comp,0.062341069181760154,62,0.1841,27,8,0,1737,25,0.8620689655172413,7936,61
0.08443250912932854,1.3390151515151516,198,42.84848484848485,8,32,0,subsidiary_stock_comp,0.056163713335990906,56,0.1832,19,8,0,1737,22,0.6875,8064,62
0.16771676802818547,1.4637445887445888,198,40.984848484848484,6,28,0,subsidiary_stock_comp,0.07305887962381045,58,0.1823,27,8,0,1737,20,0.7142857142857143,8192,63
0.1184731909470429,1.5339225589225587,198,46.01767676767676,5,30,0,subsidiary_stock_comp,0.07006090382734935,59,0.1814,23,8,0,1737,23,0.7666666666666667,8320,64
0.08977411133491842,1.8862794612794611,198,56.588383838383834,1,30,0,subsidiary_stock_comp,0.0473477728664875,62,0.1805,17,8,0,1737,28,0.9333333333333333,8448,65
0.1679502878268977,1.597004528039011,198,46.31313131313132,4,29,0,subsidiary_stock_comp,0.1034196416536967,62,0.1796,26,8,0,1737,23,0.7931034482758621,8576,66
0.05728244792408077,1.8548387096774193,198,57.5,2,31,0,subsidiary_stock_comp,0.031675515696406364,58,0.1787,19,8,0,1737,29,0.9354838709677419,8704,67
0.04673006437406002,1.889141414141414,198,56.67424242424242,1,30,0,subsidiary_stock_comp,0.03101049487789472,63,0.1778,17,8,0,1737,28,0.9333333333333333,8832,68
0.1141428504306532,1.644591072010427,198,50.98232323232324,5,31,0,subsidiary_stock_comp,0.06899211555719376,55,0.1769,23,8,0,1737,26,0.8387096774193549,8960,69
0.06787622521733283,1.85,198,55.5,2,30,0,subsidiary_stock_comp,0.04488703111807505,56,0.176,18,8,0,1737,28,0.9333333333333333,9088,70
0.11133292855811305,1.604928596307907,198,46.5429292929293,3,29,0,subsidiary_stock_comp,0.034919122233986855,64,0.1751,16,8,0,1737,23,0.7931034482758621,9216,71
0.12376655523803493,1.696795541623128,198,49.20707070707071,2,29,0,subsidiary_stock_comp,0.023012253766258556,66,0.1743,21,8,0,1737,24,0.8275862068965517,9344,72
0.16155023759711185,1.5259072203516653,198,41.19949494949496,3,27,0,subsidiary_stock_comp,0.04378664493560791,64,0.1734,20,8,0,1737,20,0.7407407407407407,9472,73
0.14956523279397516,1.6768578643578653,198,46.95202020202023,3,28,0,subsidiary_stock_comp,0.020240358387430508,63,0.1725,22,8,0,1737,23,0.8214285714285714,9600,74
0.10340508576155116,1.819023569023569,198,54.57070707070707,2,30,0,subsidiary_stock_comp,0.023136606439948082,65,0.1717,18,8,0,1737,27,0.9,9728,75
0.13766097381358122,1.8885405781957514,198,54.76767676767679,0,29,0,subsidiary_stock_comp,0.044485251108805336,66,0.1708,23,8,0,1737,27,0.9310344827586207,9856,76
0.1412912231953669,1.5886450714036922,198,46.07070707070707,4,29,0,subsidiary_stock_comp,0.0810178170601527,58,0.1699,27,8,0,1737,23,0.7931034482758621,9984,77
0.08977544472145382,1.7129049111807733,198,49.67424242424242,3,29,0,subsidiary_stock_comp,0.06828940535585086,56,0.1691,28,8,0,1737,25,0.8620689655172413,10112,78
0.08368786387836735,1.71326164874552,198,53.111111111111114,4,31,0,subsidiary_stock_comp,0.07580208778381348,56,0.1683,18,8,0,1737,27,0.8709677419354839,10240,79
0.1231145739366184,1.6135521885521884,198,48.406565656565654,5,30,0,subsidiary_stock_comp,0.08909266938765843,58,0.1674,25,8,0,1737,24,0.8,10368,80
0.20331748111129855,1.754856254856255,198,45.62626262626263,0,26,0,subsidiary_stock_comp,0.09982430686553319,68,0.1666,26,8,0,1737,22,0.8461538461538461,10496,81
0.18455223205000948,1.6745907349355629,198,48.56313131313132,3,29,0,subsidiary_stock_comp,0.07952505350112915,64,0.1657,25,8,0,1737,24,0.8275862068965517,10624,82
0.18789416842992068,1.6994047619047623,198,47.58333333333334,3,28,0,subsidiary_stock_comp,0.08223554988702138,63,0.1649,27,8,0,1737,23,0.8214285714285714,10752,83
0.0737981050297094,1.85,198,55.5,2,30,0,subsidiary_stock_comp,0.06561459228396416,56,0.1641,22,8,0,1737,28,0.9333333333333333,10880,84
0.1528773076242942,1.3026936026936033,198,39.0808080808081,8,30,0,subsidiary_stock_comp,0.1019104818503062,52,0.1633,27,8,0,1737,20,0.6666666666666666,11008,85
0.07942308841393242,1.7974747474747474,198,53.92424242424242,2,30,0,subsidiary_stock_comp,0.12009955942630768,60,0.1625,20,8,0,1737,27,0.9,11136,86
0.0633341895591002,1.7983870967741935,198,55.75,3,31,0,subsidiary_stock_comp,0.04814210658272108,57,0.1616,17,8,0,1737,28,0.9032258064516129,11264,87
0.11132808478214429,1.881583694083694,198,52.68434343434343,1,28,0,subsidiary_stock_comp,0.029764939720431965,59,0.1608,20,8,0,1737,26,0.9285714285714286,11392,88
0.17460265407680708,1.4003831417624522,198,40.611111111111114,6,29,0,subsidiary_stock_comp,0.05665534858902296,62,0.16,26,8,0,1737,20,0.6896551724137931,11520,89
0.10037065594951855,1.6702861952861952,198,50.108585858585855,3,30,0,subsidiary_stock_comp,0.0437038354575634,62,0.1592,16,8,0,1737,25,0.8333333333333334,11648,90
0.0805086675536586,1.946011842563567,198,56.43434343434345,0,29,0,subsidiary_stock_comp,0.022137464800228674,62,0.1584,18,8,0,1737,28,0.9655172413793104,11776,91
0.07966740232950542,1.7971380471380471,198,53.91414141414141,2,30,0,subsidiary_stock_comp,0.07080881918470065,58,0.1576,19,8,0,1737,27,0.9,11904,92
0.12823238967757788,1.8845598845598843,198,52.76767676767676,0,28,0,subsidiary_stock_comp,0.1441881606976191,64,0.1569,16,8,0,1737,26,0.9285714285714286,12032,93
0.03639763733553991,1.925,198,57.75,1,30,0,subsidiary_stock_comp,0.028075068568189938,58,0.1561,20,8,0,1737,29,0.9666666666666667,12160,94
0.15961690514086513,1.5237560793116354,198,41.14141414141415,4,27,0,subsidiary_stock_comp,0.04614476611216863,63,0.1553,26,8,0,1737,20,0.7407407407407407,12288,95
0.11984333168948069,1.5952861952861952,198,47.858585858585855,4,30,0,subsidiary_stock_comp,0.044219707449277244,60,0.1545,18,8,0,1737,24,0.8,12416,96
0.12521633961841871,1.7368512713340298,198,50.368686868686865,2,29,0,subsidiary_stock_comp,0.01702980510890484,62,0.1537,22,8,0,1737,25,0.8620689655172413,12544,97
0.06456849381720531,1.8548387096774193,198,57.5,2,31,0,subsidiary_stock_comp,0.01595475773016612,58,0.153,23,8,0,1737,29,0.9354838709677419,12672,98
0.046091663507468184,1.9478114478114477,198,58.43434343434343,0,30,0,subsidiary_stock_comp,0.025219227497776348,64,0.1522,11,8,0,1737,29,0.9666666666666667,12800,99
0.20817524852463976,-0.13699494949494948,2,-2.7398989898989896,11,20,0,subsidiary_stock_comp,1.016404132048289,1,0.25,37,9,0,1738,0,0,128,0
0.37711489584762603,-0.1807070707070707,44,-4.517676767676767,19,25,0,subsidiary_stock_comp,0.18741868436336517,3,0.2487,35,9,0,1738,0,0,256,1
0.3509898914489895,-0.07142857142857142,198,-2,24,28,0,subsidiary_stock_comp,0.2547666976849238,4,0.2475,38,9,0,1738,2,0.07142857142857142,384,2
0.333927086670883,-0.2335858585858586,44,-7.007575757575758,29,30,0,subsidiary_stock_comp,0.09642900774876277,4,0.2463,25,9,0,1738,0,0,512,3
0.35828939895145595,-0.063692480359147,198,-1.7196969696969688,23,27,0,subsidiary_stock_comp,0.09813494483629863,8,0.245,31,9,0,1738,2,0.07407407407407407,640,4
0.39977349783293903,-0.15044677544677545,160,-3.9116161616161618,23,26,0,subsidiary_stock_comp,0.03792486401895682,8,0.2438,28,9,0,1738,0,0,768,5
0.4699793662875891,0.009890572390572394,198,0.23737373737373746,18,24,0,subsidiary_stock_comp,0.08941102524598439,19,0.2426,30,9,0,1738,2,0.08333333333333333,896,6
0.49919890239834785,0.24675324675324678,198,6.90909090909091,20,28,0,subsidiary_stock_comp,0.04939242576559385,27,0.2414,22,9,0,1738,5,0.17857142857142858,1024,7
0.685368102742359,0.3759469696969698,198,9.022727272727275,15,24,0,subsidiary_stock_comp,0.012778796255588531,46,0.2402,34,9,0,1738,5,0.20833333333333334,1152,8
0.525371455354616,0.8182753460531237,198,22.09343434343434,15,27,0,subsidiary_stock_comp,0.11619569857915242,43,0.239,36,9,0,1738,11,0.4074074074074074,1280,9
0.4667631390038878,1.2508741258741256,198,32.522727272727266,7,26,0,subsidiary_stock_comp,0.06412528331081073,55,0.2378,29,9,0,1738,16,0.6153846153846154,1408,10
0.3963782759383321,1.4137022397891963,198,32.515151515151516,4,23,0,subsidiary_stock_comp,0.05899901936451594,52,0.2366,29,9,0,1738,16,0.6956521739130435,1536,11
0.33848708774894476,1.1931313131313133,198,29.82828282828283,6,25,0,subsidiary_stock_comp,0.11237311114867528,38,0.2354,36,9,0,1738,15,0.6,1664,12
0.3326187303173356,1.498737373737374,198,38.96717171717172,3,26,0,subsidiary_stock_comp,0.04220886528491974,60,0.2342,35,9,0,1738,19,0.7307692307692307,1792,13
0.32958053646143526,1.4220202020202024,198,35.55050505050506,6,25,0,subsidiary_stock_comp,0.07375183701515198,43,0.2331,37,9,0,1738,18,0.72,1920,14
0.3083657526294701,1.4764309764309764,198,35.43434343434343,4,24,0,subsidiary_stock_comp,0.05771178379654884,42,0.2319,28,9,0,1738,18,0.75,2048,15
0.3141909814730752,1.0005739210284665,198,22.012626262626263,5,22,0,subsidiary_stock_comp,0.09402597943941753,36,0.2307,29,9,0,1738,11,0.5,2176,16
0.28498662362108007,1.5183982683982686,198,42.51515151515152,4,28,0,subsidiary_stock_comp,0.06593603392442067,57,0.2296,36,9,0,1738,21,0.75,2304,17
0.21446943777846172,1.586969696969697,198,39.67424242424242,3,25,0,subsidiary_stock_comp,0.051790827264388405,46,0.2284,27,9,0,1738,20,0.8,2432,18
0.3732166340050753,1.2449494949494948,198,31.12373737373737,5,25,0,subsidiary_stock_comp,0.05054076015949249,59,0.2273,31,9,0,1738,15,0.6,2560,19
0.306797087774612,1.4504419191919193,198,34.81060606060606,3,24,0,subsidiary_stock_comp,0.05700022603074709,47,0.2262,30,9,0,1738,17,0.7083333333333334,2688,20
0.28029659498133697,1.6686429512516467,198,38.378787878787875,2,23,0,subsidiary_stock_comp,0.048715041329463325,50,0.225,36,9,0,1738,19,0.8260869565217391,2816,21
0.26171644154237583,1.5566778900112235,198,42.03030303030303,4,27,0,subsidiary_stock_comp,0.05846260736385981,49,0.2239,26,9,0,1738,21,0.7777777777777778,2944,22
0.25791998152271844,1.4780844155844157,198,41.38636363636364,5,28,0,subsidiary_stock_comp,0.09494322041670482,50,0.2228,29,9,0,1738,21,0.75,3072,23
0.23286582648870535,1.4705988455988455,198,41.176767676767675,6,28,0,subsidiary_stock_comp,0.04859175657232603,52,0.2217,31,9,0,1738,21,0.75,3200,24
0.11148832555045374,1.8112794612794614,198,54.33838383838384,2,30,0,subsidiary_stock_comp,0.02219430947055419,60,0.2206,26,9,0,1738,27,0.9,3328,25
0.16911326450644992,1.7375679875679877,198,45.17676767676768,2,26,0,subsidiary_stock_comp,0.03297559234003226,61,0.2195,23,9,0,1738,22,0.8461538461538461,3456,26
0.2246796656982042,1.4211760461760459,198,39.79292929292929,6,28,0,subsidiary_stock_comp,0.04705643902222315,52,0.2184,24,9,0,1738,20,0.7142857142857143,3584,27
0.22057164245052263,1.7262439206883653,198,46.60858585858586,3,27,0,subsidiary_stock_comp,0.028810199971000355,53,0.2173,27,9,0,1738,23,0.8518518518518519,3712,28
0.2488681474205805,1.5846464646464649,198,39.61616161616162,4,25,0,subsidiary_stock_comp,0.03801263868808746,43,0.2162,32,9,0,1738,20,0.8,3840,29
0.2658921954862308,1.7680061484409308,198,40.66414141414141,1,23,0,subsidiary_stock_comp,0.056935351341962814,45,0.2151,32,9,0,1738,20,0.8695652173913043,3968,30
0.37140658145654015,1.0555555555555556,198,22.166666666666668,4,21,0,subsidiary_stock_comp,0.08527219419678052,34,0.214,33,9,0,1738,11,0.5238095238095238,4096,31
0.2484922190051293,1.63965744400527,198,37.71212121212121,2,23,0,subsidiary_stock_comp,0.07988199839989345,40,0.213,28,9,0,1738,19,0.8260869565217391,4224,32
0.2623937153548468,1.6501554001554,198,42.9040404040404,2,26,0,subsidiary_stock_comp,0.052579302340745926,56,0.2119,24,9,0,1738,21,0.8076923076923077,4352,33
0.2365202274522744,1.5409867909867911,198,40.06565656565657,2,26,0,subsidiary_stock_comp,0.11983814835548401,68,0.2108,30,9,0,1738,19,0.7307692307692307,4480,34
0.097235624154564,1.7363962202671879,198,53.82828282828282,4,31,0,subsidiary_stock_comp,0.03868485614657402,59,0.2098,23,9,0,1738,27,0.8709677419354839,4608,35
0.12030778679763898,1.4940787182166493,198,43.32828282828283,6,29,0,subsidiary_stock_comp,0.08013946066300075,49,0.2087,31,9,0,1738,22,0.7586206896551724,4736,36
0.12307546458032448,1.8275613275613272,198,51.17171717171716,0,28,0,subsidiary_stock_comp,0.020371759310364723,66,0.2077,19,9,0,1738,25,0.8928571428571429,4864,37
0.1454403344541788,1.6744107744107741,198,50.232323232323225,4,30,0,subsidiary_stock_comp,0.050357650965452194,59,0.2066,22,9,0,1738,25,0.8333333333333334,4992,38
0.18623443516844418,1.4272901428073845,198,41.39141414141415,7,29,0,subsidiary_stock_comp,0.06013162558277448,52,0.2056,28,9,0,1738,21,0.7241379310344828,5120,39
0.1901288438384654,1.5778474399164055,198,45.75757575757576,4,29,0,subsidiary_stock_comp,0.03400504713257154,57,0.2046,28,9,0,1738,23,0.7931034482758621,5248,40
0.13450518356694374,1.8015993265993264,198,54.04797979797979,3,30,0,subsidiary_stock_comp,0.07994656761487325,56,0.2036,34,9,0,1738,27,0.9,5376,41
0.14994142649811693,1.4951178451178455,198,44.853535353535364,6,30,0,subsidiary_stock_comp,0.12162015090386073,56,0.2025,30,9,0,1738,23,0.7666666666666667,5504,42
0.1338272050343221,1.5885521885521887,198,47.65656565656566,4,30,0,subsidiary_stock_comp,0.06171909347176552,60,0.2015,24,9,0,1738,24,0.8,5632,43
0.1578787937614834,1.5778474399164055,198,45.75757575757576,4,29,0,subsidiary_stock_comp,0.04867317775885264,58,0.2005,22,9,0,1738,23,0.7931034482758621,5760,44
0.1812168465985451,1.7706374085684427,198,51.34848484848484,4,29,0,subsidiary_stock_comp,0.0806093489130338,60,0.1995,33,9,0,1738,25,0.8620689655172413,5888,45
0.09100836262223311,1.7349326599326598,198,52.04797979797979,3,30,0,subsidiary_stock_comp,0.037715998167792954,54,0.1985,28,9,0,1738,26,0.8666666666666667,6016,46
0.07092725590337068,1.85,198,55.5,2,30,0,subsidiary_stock_comp,0.039444376404086746,56,0.1975,27,9,0,1738,28,0.9333333333333333,6144,47
0.1684466208680533,1.5212962962962961,198,45.638888888888886,5,30,0,subsidiary_stock_comp,0.09711339324712753,62,0.1965,26,9,0,1738,23,0.7666666666666667,6272,48
0.11740675380860921,1.7890625,198,57.25,3,32,0,subsidiary_stock_comp,0.09248668452103932,58,0.1956,21,9,0,1738,29,0.90625,6400,49
0.14086211053654552,1.6252176941832115,198,47.131313131313135,4,29,0,subsidiary_stock_comp,0.09864363571008046,54,0.1946,25,9,0,1738,24,0.8275862068965517,6528,50
0.11126335924200248,1.926010101010101,198,57.78030303030303,1,30,0,subsidiary_stock_comp,0.03760474423567454,61,0.1936,13,9,0,1738,29,0.9666666666666667,6656,51
0.16803091960173333,1.7026515151515151,198,47.67424242424242,3,28,0,subsidiary_stock_comp,0.0367883617679278,54,0.1926,25,9,0,1738,24,0.8571428571428571,6784,52
0.2512605669471668,1.6416947250280585,198,44.32575757575758,3,27,0,subsidiary_stock_comp,0.08768861989180247,61,0.1917,19,9,0,1738,22,0.8148148148148148,6912,53
0.26533655237290077,1.592995169082126,198,36.6388888888889,1,23,0,subsidiary_stock_comp,0.03892467667659124,54,0.1907,23,9,0,1738,18,0.782608695652174,7040,54
0.27886260370723903,1.705322455322455,198,44.338383838383834,2,26,0,subsidiary_stock_comp,0.06255596876144409,54,0.1898,25,9,0,1738,22,0.8461538461538461,7168,55
0.23542924658977427,1.635989524878414,198,44.17171717171718,4,27,0,subsidiary_stock_comp,0.04230393096804619,56,0.1888,21,9,0,1738,22,0.8148148148148148,7296,56
0.20755222589650657,1.82,198,45.5,2,25,0,subsidiary_stock_comp,0.04040755952397982,46,0.1879,16,9,0,1738,23,0.92,7424,57
0.29374787327833474,1.568067033976125,198,34.49747474747475,1,22,0,subsidiary_stock_comp,0.06649824480215709,44,0.1869,20,9,0,1738,17,0.7727272727272727,7552,58
0.2476941391796572,1.683127572016461,198,45.44444444444444,4,27,0,subsidiary_stock_comp,0.03423366571466128,50,0.186,23,9,0,1738,23,0.8518518518518519,7680,59
0.21850857968092896,1.7468434343434343,198,41.92424242424242,2,24,0,subsidiary_stock_comp,0.0331233541170756,48,0.1851,18,9,0,1738,21,0.875,7808,60
0.29162544243445154,1.442828282828283,198,36.07070707070707,4,25,0,subsidiary_stock_comp,0.049791583170493446,52,0.1841,23,9,0,1738,18,0.72,7936,61
0.30980739422375336,1.544747474747475,198,38.61868686868687,5,25,0,subsidiary_stock_comp,0.038411943862835564,52,0.1832,31,9,0,1738,19,0.76,8064,62
0.26034722418989986,1.5575547138047139,198,37.381313131313135,3,24,0,subsidiary_stock_comp,0.04315708577632904,44,0.1823,29,9,0,1738,19,0.7916666666666666,8192,63
0.28277617089042906,1.5286960514233243,198,33.631313131313135,2,22,0,subsidiary_stock_comp,0.07510527223348618,40,0.1814,23,9,0,1738,17,0.7727272727272727,8320,64
0.26068730058614165,1.4254545454545455,198,35.63636363636364,4,25,0,subsidiary_stock_comp,0.0419265553355217,42,0.1805,28,9,0,1738,18,0.72,8448,65
0.22749492055299925,1.6216977466977467,198,42.16414141414141,3,26,0,subsidiary_stock_comp,0.02784275698165099,47,0.1796,25,9,0,1738,21,0.8076923076923077,8576,66
0.27281401833170094,1.565462315462315,198,40.70202020202019,4,26,0,subsidiary_stock_comp,0.043577623864014946,45,0.1787,23,9,0,1738,20,0.7692307692307693,8704,67
0.2705218660121318,1.659310496267018,198,38.16414141414141,3,23,0,subsidiary_stock_comp,0.022431631882985432,43,0.1778,25,9,0,1738,19,0.8260869565217391,8832,68
0.15003626700126915,1.8629032258064515,198,57.75,1,31,0,subsidiary_stock_comp,-0.007712009983758132,58,0.1769,22,9,0,1738,29,0.9354838709677419,8960,69
0.18651154897816014,1.5711580086580084,198,43.992424242424235,5,28,0,subsidiary_stock_comp,0.08433780819177628,54,0.176,26,9,0,1738,22,0.7857142857142857,9088,70
0.16784783556431648,1.810703185703186,198,47.07828282828283,1,26,0,subsidiary_stock_comp,0.04338858649134636,55,0.1751,28,9,0,1738,23,0.8846153846153846,9216,71
0.12517620515427552,1.7290404040404042,198,51.871212121212125,3,30,0,subsidiary_stock_comp,0.03891098002592722,57,0.1743,25,9,0,1738,26,0.8666666666666667,9344,72
0.13315802644501673,1.6370967741935485,198,50.75,5,31,0,subsidiary_stock_comp,0.03998362769683202,52,0.1734,25,9,0,1738,26,0.8387096774193549,9472,73
0.07426333124021767,1.8593434343434343,198,55.78030303030303,1,30,0,subsidiary_stock_comp,0.045195924739042916,62,0.1725,14,9,0,1738,28,0.9333333333333333,9600,74
0.12696181813953444,1.6790485500162922,198,52.05050505050506,4,31,0,subsidiary_stock_comp,0.02460187052687009,59,0.1717,25,9,0,1738,26,0.8387096774193549,9728,75
0.06908002101772581,1.7983870967741935,198,55.75,3,31,0,subsidiary_stock_comp,0.02483861893415451,57,0.1708,22,9,0,1738,28,0.9032258064516129,9856,76
0.22563076906953938,1.5315656565656564,198,42.88383838383838,6,28,0,subsidiary_stock_comp,0.04018233095606168,63,0.1699,29,9,0,1738,20,0.7142857142857143,9984,77
0.19479616956232348,1.6084923307145529,198,43.42929292929293,2,27,0,subsidiary_stock_comp,0.03607331464687983,64,0.1691,18,9,0,1738,21,0.7777777777777778,10112,78
0.06788085466178018,1.8548387096774193,198,57.5,2,31,0,subsidiary_stock_comp,0.020854545757174492,58,0.1683,23,9,0,1738,29,0.9354838709677419,10240,79
0.061031438410282135,1.859375,198,59.5,2,32,0,subsidiary_stock_comp,0.009432170850535234,60,0.1674,12,9,0,1738,30,0.9375,10368,80
0.24839664423416252,1.5149711399711403,198,42.41919191919193,4,28,0,subsidiary_stock_comp,0.06286453952391942,64,0.1666,30,9,0,1738,21,0.75,10496,81
0.08160848372790497,1.8967090257412835,198,58.79797979797979,2,31,0,subsidiary_stock_comp,0.13220641513665518,61,0.1657,14,9,0,1738,29,0.9354838709677419,10624,82
0.09835410870437045,1.720045280390108,198,49.881313131313135,3,29,0,subsidiary_stock_comp,0.07090803732474645,57,0.1649,17,9,0,1738,25,0.8620689655172413,10752,83
0.14113943300617393,1.703674677812609,198,49.40656565656566,3,29,0,subsidiary_stock_comp,0.07780524467428525,59,0.1641,18,9,0,1738,25,0.8620689655172413,10880,84
0.1693484422066831,1.78890759446315,198,48.30050505050505,1,27,0,subsidiary_stock_comp,0.04445784849425157,59,0.1633,17,9,0,1738,24,0.8888888888888888,11008,85
0.18690546560537769,1.7322330447330445,198,48.502525252525245,3,28,0,subsidiary_stock_comp,0.032897702107826866,59,0.1625,20,9,0,1738,24,0.8571428571428571,11136,86
0.18056994563085027,1.9073773448773446,198,53.40656565656565,1,28,0,subsidiary_stock_comp,-0.0046462152774135275,62,0.1616,23,9,0,1738,26,0.9285714285714286,11264,87
0.1902239739720244,1.6515151515151512,198,46.242424242424235,4,28,0,subsidiary_stock_comp,0.014258587422470251,56,0.1608,23,9,0,1738,23,0.8214285714285714,11392,88
0.14874079945730045,1.7916666666666667,198,53.75,3,30,0,subsidiary_stock_comp,0.024263881146907806,55,0.16,14,9,0,1738,27,0.9,11520,89
0.22378892289998475,1.92,198,48,0,25,0,subsidiary_stock_comp,0.04890190437436104,48,0.1592,20,9,0,1738,24,0.96,11648,90
0.2667620967476978,1.504949494949495,198,37.62373737373738,3,25,0,subsidiary_stock_comp,0.05857319881518682,48,0.1584,27,9,0,1738,19,0.76,11776,91
0.19077053885848727,1.7674897119341564,198,47.72222222222222,2,27,0,subsidiary_stock_comp,0.09128248939911525,50,0.1576,21,9,0,1738,24,0.8888888888888888,11904,92
0.17588842954137363,1.8359456635318707,198,53.24242424242425,2,29,0,subsidiary_stock_comp,0.042284401754538216,63,0.1569,18,9,0,1738,26,0.896551724137931,12032,93
0.13481063754443312,1.8776094276094277,198,56.32828282828283,2,30,0,subsidiary_stock_comp,0.07656488567590714,61,0.1561,14,9,0,1738,28,0.9333333333333333,12160,94
0.15936975041404366,1.4664502164502164,198,41.06060606060606,4,28,0,subsidiary_stock_comp,0.08460033933321635,54,0.1553,19,9,0,1738,21,0.75,12288,95
0.14296871185069904,1.7019266741488965,198,45.95202020202021,1,27,0,subsidiary_stock_comp,0.05453324317932129,60,0.1545,20,9,0,1738,23,0.8518518518518519,12416,96
0.08247344545088708,1.8717345872518287,198,54.28030303030303,1,29,0,subsidiary_stock_comp,0.028847526138027508,61,0.1537,15,9,0,1738,27,0.9310344827586207,12544,97
0.15484914059197763,1.6646825396825398,198,46.611111111111114,2,28,0,subsidiary_stock_comp,0.043167191868027054,65,0.153,16,9,0,1738,23,0.8214285714285714,12672,98
0.0722600114531815,1.783080808080808,198,53.49242424242424,3,30,0,subsidiary_stock_comp,0.0372788750876983,58,0.1522,19,9,0,1738,27,0.9,12800,99
