avg_reward_per_episode,best_tax_advantage,cumulative_reward,episode_count,invalid_count,loophole,loss,positive_reward_count,random_action_prob,random_exploration_count,run,saved_snapshots,seed,success_count,success_rate,total_steps,update
-6.014291930379736,0,-96.22867088607578,16,83,dub_irish_dutch,1.0362683534622192,0,0.25,27,0,0,1729,0,0.0,128,0
-6.33666666666666,-inf,-95.0499999999999,15,82,dub_irish_dutch,1.1988885005315144,0,0.2487,39,0,0,1729,0,0.0,256,1
-5.941874999999996,-inf,-95.06999999999994,16,82,dub_irish_dutch,0.9010289112726847,0,0.2475,31,0,0,1729,0,0.0,384,2
-6.267333333333322,-inf,-94.00999999999982,15,81,dub_irish_dutch,0.9619423945744833,0,0.2463,37,0,0,1729,0,0.0,512,3
-5.696874999999993,-inf,-91.14999999999989,16,78,dub_irish_dutch,0.8007258971532186,0,0.245,32,0,0,1729,0,0.0,640,4
-6.567499999999988,-inf,-105.07999999999981,16,92,dub_irish_dutch,1.0377542575200398,0,0.2438,24,0,0,1729,0,0.0,768,5
-5.870110343665762,0,-93.92176549865219,16,81,dub_irish_dutch,0.770093560218811,0,0.2426,40,0,0,1729,0,0.0,896,6
-5.627499999999997,-inf,-90.03999999999995,16,77,dub_irish_dutch,0.6811270117759705,0,0.2414,33,0,0,1729,0,0.0,1024,7
-6.573571428571421,-inf,-92.0299999999999,14,79,dub_irish_dutch,0.8219795028368632,0,0.2402,25,0,0,1729,0,0.0,1152,8
-5.815624999999994,-inf,-93.0499999999999,16,80,dub_irish_dutch,0.6176943182945251,0,0.239,39,0,0,1729,0,0.0,1280,9
-6.143749999999994,-inf,-98.2999999999999,16,85,dub_irish_dutch,0.6556805769602457,0,0.2378,29,0,0,1729,0,0.0,1408,10
-5.758124999999993,-inf,-92.12999999999988,16,79,dub_irish_dutch,0.5202867786089579,0,0.2366,26,0,0,1729,0,0.0,1536,11
-5.868749999999995,-inf,-93.89999999999992,16,81,dub_irish_dutch,0.529120922088623,0,0.2354,40,0,0,1729,0,0.0,1664,12
-5.490458860759487,0,-87.8473417721518,16,75,dub_irish_dutch,0.3924136559168498,0,0.2342,26,0,0,1729,0,0.0,1792,13
-6.126791930379736,0,-98.02867088607577,16,85,dub_irish_dutch,0.45652760068575543,0,0.2331,34,0,0,1729,0,0.0,1920,14
-5.490917305691078,0,-87.85467689105725,16,75,dub_irish_dutch,0.3215658167997996,0,0.2319,25,0,0,1729,0,0.0,2048,15
-5.821249999999995,-inf,-93.13999999999992,16,80,dub_irish_dutch,0.33022745450337726,0,0.2307,27,0,0,1729,0,0.0,2176,16
-6.088124999999994,-inf,-97.4099999999999,16,84,dub_irish_dutch,0.3831118146578471,0,0.2296,31,0,0,1729,0,0.0,2304,17
-6.0543749999999905,0,-96.86999999999985,16,84,dub_irish_dutch,0.32540322343508404,0,0.2284,19,0,0,1729,0,0.0,2432,18
-5.559374999999995,-inf,-88.94999999999992,16,76,dub_irish_dutch,0.2626512249310811,0,0.2273,29,0,0,1729,0,0.0,2560,19
-5.996249999999991,-inf,-95.93999999999986,16,83,dub_irish_dutch,0.29694709181785583,0,0.2262,35,0,0,1729,0,0.0,2688,20
-5.931333333333329,-inf,-88.96999999999994,15,76,dub_irish_dutch,0.32019346952438354,0,0.225,30,0,0,1729,0,0.0,2816,21
-5.689916930379741,0,-91.03867088607585,16,78,dub_irish_dutch,0.2664485275745392,0,0.2239,30,0,0,1729,0,0.0,2944,22
-5.148666930379742,0,-82.37867088607587,16,69,dub_irish_dutch,0.22625131905078888,0,0.2228,20,0,0,1729,0,0.0,3072,23
-5.931249999999989,-inf,-94.89999999999982,16,82,dub_irish_dutch,0.2909702956676483,0,0.2217,28,0,0,1729,0,0.0,3200,24
-5.316874999999999,0,-85.06999999999998,16,72,dub_irish_dutch,0.23102461298306784,0,0.2206,34,0,0,1729,0,0.0,3328,25
-5.556874999999991,-inf,-88.90999999999985,16,76,dub_irish_dutch,0.2846318781375885,0,0.2195,33,0,0,1729,0,0.0,3456,26
-6.13199999999999,-inf,-91.97999999999985,15,79,dub_irish_dutch,0.317831148703893,0,0.2184,26,0,0,1729,0,0.0,3584,27
-5.67874999999999,-inf,-90.85999999999984,16,78,dub_irish_dutch,0.23743028938770294,0,0.2173,31,0,0,1729,0,0.0,3712,28
-5.408666666666662,-inf,-81.12999999999992,15,68,dub_irish_dutch,0.30196066697438556,0,0.2162,22,0,0,1729,0,0.0,3840,29
-5.764374999999995,-inf,-92.22999999999992,16,79,dub_irish_dutch,0.2705402771631877,0,0.2151,25,0,0,1729,0,0.0,3968,30
-5.315625,-inf,-85.05,16,72,dub_irish_dutch,0.23486076792081198,0,0.214,25,0,0,1729,0,0.0,4096,31
-5.59333333333333,-inf,-83.89999999999995,15,71,dub_irish_dutch,0.30046627918879193,0,0.213,21,0,0,1729,0,0.0,4224,32
-5.314556962025313,0,-85.03291139240501,16,72,dub_irish_dutch,0.2700288991133372,0,0.2119,23,0,0,1729,0,0.0,4352,33
-5.8081249999999915,-inf,-92.92999999999986,16,80,dub_irish_dutch,0.31191156307856244,0,0.2108,21,0,0,1729,0,0.0,4480,34
-4.9375,-inf,-79,16,66,dub_irish_dutch,0.24193443854649863,0,0.2098,17,0,0,1729,0,0.0,4608,35
-5.499999999999989,-inf,-87.99999999999983,16,75,dub_irish_dutch,0.28386470675468445,0,0.2087,30,0,0,1729,0,0.0,4736,36
-5.004374999999996,-inf,-80.06999999999994,16,67,dub_irish_dutch,0.22601699829101562,0,0.2077,29,0,0,1729,0,0.0,4864,37
-5.059374999999996,-inf,-80.94999999999993,16,68,dub_irish_dutch,0.2386168638865153,0,0.2066,25,0,0,1729,0,0.0,4992,38
-4.765625000000001,-inf,-76.25000000000001,16,63,dub_irish_dutch,0.2106167326370875,0,0.2056,23,0,0,1729,0,0.0,5120,39
-5.4999999999999885,-inf,-82.49999999999983,15,69,dub_irish_dutch,0.32372012734413147,0,0.2046,26,0,0,1729,0,0.0,5248,40
-5.125541930379743,0,-82.00867088607589,16,69,dub_irish_dutch,0.19668545325597128,0,0.2036,20,0,0,1729,0,0.0,5376,41
-4.694291930379744,0,-75.1086708860759,16,62,dub_irish_dutch,0.20948133369286856,0,0.2025,20,0,0,1729,0,0.0,5504,42
-5.253666930379743,0,-84.05867088607589,16,71,dub_irish_dutch,0.2647455831368764,0,0.2015,25,0,0,1729,0,0.0,5632,43
-5.341166930379744,0,-85.45867088607591,16,72,dub_irish_dutch,0.24742262562115988,0,0.2005,32,0,0,1729,0,0.0,5760,44
-4.945541930379743,0,-79.1286708860759,16,66,dub_irish_dutch,0.19655132293701172,0,0.1995,30,0,0,1729,0,0.0,5888,45
-5.070000000000004,-inf,-81.12000000000006,16,68,dub_irish_dutch,0.25080613295237225,0,0.1985,27,0,0,1729,0,0.0,6016,46
-4.940735343665766,0,-79.05176549865226,16,66,dub_irish_dutch,0.2646138370037079,0,0.1975,37,0,0,1729,0,0.0,6144,47
-5.26,-inf,-84.16,16,71,dub_irish_dutch,0.23846158385276794,0,0.1965,42,0,0,1729,0,0.0,6272,48
-5.189374999999998,-inf,-83.02999999999997,16,70,dub_irish_dutch,0.2599843939145406,0,0.1956,27,0,0,1729,0,0.0,6400,49
-5.749374999999996,-inf,-91.98999999999994,16,79,dub_irish_dutch,0.3437712490558624,0,0.1946,33,0,0,1729,0,0.0,6528,50
-5.187499999999997,-inf,-82.99999999999996,16,70,dub_irish_dutch,0.2298214981953303,0,0.1936,23,0,0,1729,0,0.0,6656,51
-4.75625,-inf,-76.1,16,63,dub_irish_dutch,0.1916320671637853,0,0.1926,18,0,0,1729,0,0.0,6784,52
-5.619999999999997,-inf,-89.91999999999996,16,77,dub_irish_dutch,0.3752415180206299,0,0.1917,33,0,0,1729,0,0.0,6912,53
-5.248749999999993,-inf,-83.97999999999989,16,71,dub_irish_dutch,0.22771389285723367,0,0.1907,21,0,0,1729,0,0.0,7040,54
-5.123749999999994,-inf,-81.9799999999999,16,69,dub_irish_dutch,0.2062950779994329,0,0.1898,29,0,0,1729,0,0.0,7168,55
-4.936000000000003,-inf,-74.04000000000003,15,61,dub_irish_dutch,0.2591125965118408,0,0.1888,22,0,0,1729,0,0.0,7296,56
-5.197499999999995,-inf,-83.15999999999993,16,70,dub_irish_dutch,0.2950819929440816,0,0.1879,27,0,0,1729,0,0.0,7424,57
-5.136249999999996,-inf,-82.17999999999994,16,69,dub_irish_dutch,0.24514340360959372,0,0.1869,26,0,0,1729,0,0.0,7552,58
-5.189374999999995,-inf,-83.02999999999992,16,70,dub_irish_dutch,0.25590850909550983,0,0.186,28,0,0,1729,0,0.0,7680,59
-5.499285714285711,0,-76.98999999999995,14,64,dub_irish_dutch,0.28362635771433514,0,0.1851,21,0,0,1729,0,0.0,7808,60
-5.303749999999999,-inf,-84.85999999999999,16,72,dub_irish_dutch,0.283613125483195,0,0.1841,18,0,0,1729,0,0.0,7936,61
-5.069999999999998,-inf,-81.11999999999996,16,68,dub_irish_dutch,0.2430617411931356,0,0.1832,25,0,0,1729,0,0.0,8064,62
-4.897999999999998,-inf,-73.46999999999997,15,60,dub_irish_dutch,0.2618990441163381,0,0.1823,24,0,0,1729,0,0.0,8192,63
-5.248041930379747,0,-83.96867088607596,16,71,dub_irish_dutch,0.23922388752301535,0,0.1814,27,0,0,1729,0,0.0,8320,64
-5.397999999999998,-inf,-80.96999999999997,15,68,dub_irish_dutch,0.24825598299503326,0,0.1805,29,0,0,1729,0,0.0,8448,65
-5.444374999999993,-inf,-87.10999999999989,16,74,dub_irish_dutch,0.24216735363006592,0,0.1796,16,0,0,1729,0,0.0,8576,66
-5.458,-inf,-81.87,15,69,dub_irish_dutch,0.3161267538865407,0,0.1787,24,0,0,1729,0,0.0,8704,67
-4.9375,-inf,-79,16,66,dub_irish_dutch,0.23457053303718567,0,0.1778,19,0,0,1729,0,0.0,8832,68
-4.929999999999995,-inf,-78.87999999999992,16,66,dub_irish_dutch,0.2523933947086334,0,0.1769,16,0,0,1729,0,0.0,8960,69
-4.998124999999999,-inf,-79.96999999999998,16,67,dub_irish_dutch,0.21338661015033722,0,0.176,19,0,0,1729,0,0.0,9088,70
-5.299999999999996,-inf,-84.79999999999994,16,72,dub_irish_dutch,0.28301278750101727,0,0.1751,15,0,0,1729,0,0.0,9216,71
-4.433750000000002,-inf,-70.94000000000003,16,58,dub_irish_dutch,0.25754236181577045,0,0.1743,21,0,0,1729,0,0.0,9344,72
-5.002499999999996,-inf,-80.03999999999994,16,67,dub_irish_dutch,0.21128841737906137,0,0.1734,25,0,0,1729,0,0.0,9472,73
-4.876874999999998,-inf,-78.02999999999997,16,65,dub_irish_dutch,0.21815075973669687,0,0.1725,19,0,0,1729,0,0.0,9600,74
-5.339999999999997,-inf,-80.09999999999995,15,67,dub_irish_dutch,0.23634323477745056,0,0.1717,17,0,0,1729,0,0.0,9728,75
-4.943749999999998,-inf,-79.09999999999997,16,66,dub_irish_dutch,0.23759356141090393,0,0.1708,23,0,0,1729,0,0.0,9856,76
-4.8143749999999965,-inf,-77.02999999999994,16,64,dub_irish_dutch,0.23730210463205972,0,0.1699,20,0,0,1729,0,0.0,9984,77
-5.006874999999997,-inf,-80.10999999999996,16,67,dub_irish_dutch,0.2669285138448079,0,0.1691,22,0,0,1729,0,0.0,10112,78
-4.616875000000004,-inf,-73.87000000000006,16,61,dub_irish_dutch,0.22863871852556863,0,0.1683,17,0,0,1729,0,0.0,10240,79
-4.443125000000004,-inf,-71.09000000000006,16,58,dub_irish_dutch,0.22380966444810232,0,0.1674,15,0,0,1729,0,0.0,10368,80
-4.674999999999999,-inf,-74.79999999999998,16,62,dub_irish_dutch,0.19348380466302237,0,0.1666,24,0,0,1729,0,0.0,10496,81
-4.994999999999997,-inf,-79.91999999999996,16,67,dub_irish_dutch,0.30559905370076496,0,0.1657,25,0,0,1729,0,0.0,10624,82
-4.68136034366577,0,-74.90176549865232,16,62,dub_irish_dutch,0.26318342487017315,0,0.1649,28,0,0,1729,0,0.0,10752,83
-4.880625,-inf,-78.09,16,65,dub_irish_dutch,0.23137155175209045,0,0.1641,23,0,0,1729,0,0.0,10880,84
-3.997500000000007,-inf,-63.960000000000115,16,51,dub_irish_dutch,0.22776667277018228,0,0.1633,18,0,0,1729,0,0.0,11008,85
-4.811249999999998,-inf,-76.97999999999996,16,64,dub_irish_dutch,0.24799121419588724,0,0.1625,24,0,0,1729,0,0.0,11136,86
-4.366250000000004,-inf,-69.86000000000007,16,57,dub_irish_dutch,0.2548527717590332,0,0.1616,23,0,0,1729,0,0.0,11264,87
-4.620624999999997,-inf,-73.92999999999995,16,61,dub_irish_dutch,0.23660661280155182,0,0.1608,24,0,0,1729,0,0.0,11392,88
-4.246875000000004,-inf,-67.95000000000006,16,55,dub_irish_dutch,0.18694139023621878,0,0.16,26,0,0,1729,0,0.0,11520,89
-4.751874999999999,-inf,-76.02999999999999,16,63,dub_irish_dutch,0.25196437040964764,0,0.1592,15,0,0,1729,0,0.0,11648,90
-4.245543908227854,0,-67.92870253164567,16,55,dub_irish_dutch,0.2180730402469635,0,0.1584,15,0,0,1729,0,0.0,11776,91
-4.813125000000002,-inf,-77.01000000000003,16,64,dub_irish_dutch,0.21048719684282938,0,0.1576,28,0,0,1729,0,0.0,11904,92
-4.819999999999999,-inf,-77.11999999999999,16,64,dub_irish_dutch,0.19404982030391693,0,0.1569,13,0,0,1729,0,0.0,12032,93
-4.005000000000005,-inf,-64.08000000000008,16,51,dub_irish_dutch,0.23293860256671906,0,0.1561,18,0,0,1729,0,0.0,12160,94
-4.180806962025319,0,-66.89291139240511,16,54,dub_irish_dutch,0.19630296528339386,0,0.1553,18,0,0,1729,0,0.0,12288,95
-4.1962500000000045,-inf,-67.14000000000007,16,54,dub_irish_dutch,0.23394562304019928,0,0.1545,18,0,0,1729,0,0.0,12416,96
-3.816875000000006,-inf,-61.07000000000009,16,48,dub_irish_dutch,0.13682928184668222,0,0.1537,15,0,0,1729,0,0.0,12544,97
-3.6206250000000058,-inf,-57.93000000000009,16,45,dub_irish_dutch,0.17137416700522104,0,0.153,22,0,0,1729,0,0.0,12672,98
-3.930000000000007,-inf,-62.88000000000011,16,50,dub_irish_dutch,0.18074400226275125,0,0.1522,16,0,0,1729,0,0.0,12800,99
-5.697499999999994,-inf,-91.1599999999999,16,78,dub_irish_dutch,1.0428285201390584,0,0.25,30,1,0,1730,0,0.0,128,0
-6.2726666666666535,-inf,-94.0899999999998,15,81,dub_irish_dutch,1.2345991532007854,0,0.2487,38,1,0,1730,0,0.0,256,1
-6.34286075949366,0,-95.1429113924049,15,82,dub_irish_dutch,1.2385319471359253,0,0.2475,27,1,0,1730,0,0.0,384,2
-5.692056962025314,0,-91.07291139240502,16,78,dub_irish_dutch,0.9584907293319702,0,0.2463,28,1,0,1730,0,0.0,512,3
-5.809374999999993,-inf,-92.94999999999989,16,80,dub_irish_dutch,1.002174973487854,0,0.245,29,1,0,1730,0,0.0,640,4
-6.24374999999999,-inf,-99.89999999999984,16,87,dub_irish_dutch,0.9647615949312845,0,0.2438,25,1,0,1730,0,0.0,768,5
-6.343333333333325,-inf,-95.14999999999988,15,82,dub_irish_dutch,1.0627761681874592,0,0.2426,26,1,0,1730,0,0.0,896,6
-5.692499999999994,-inf,-91.0799999999999,16,78,dub_irish_dutch,0.7690801819165548,0,0.2414,31,1,0,1730,0,0.0,1024,7
-6.064374999999996,-inf,-97.02999999999993,16,84,dub_irish_dutch,0.8889103929201762,0,0.2402,27,1,0,1730,0,0.0,1152,8
-5.6824999999999966,-inf,-90.91999999999994,16,78,dub_irish_dutch,0.6438245177268982,0,0.239,25,1,0,1730,0,0.0,1280,9
-6.06937499999999,-inf,-97.10999999999984,16,84,dub_irish_dutch,0.7000516454378763,0,0.2378,23,1,0,1730,0,0.0,1408,10
-5.999999999999991,-inf,-95.99999999999986,16,83,dub_irish_dutch,0.6081826090812683,0,0.2366,22,1,0,1730,0,0.0,1536,11
-6.061874999999992,-inf,-96.98999999999987,16,84,dub_irish_dutch,0.5722453991572062,0,0.2354,28,1,0,1730,0,0.0,1664,12
-6.007499999999989,-inf,-96.11999999999982,16,83,dub_irish_dutch,0.5181572337945303,0,0.2342,35,1,0,1730,0,0.0,1792,13
-6.003041930379736,0,-96.04867088607578,16,83,dub_irish_dutch,0.45377883315086365,0,0.2331,27,1,0,1730,0,0.0,1920,14
-5.749374999999991,-inf,-91.98999999999985,16,79,dub_irish_dutch,0.4040838877360026,0,0.2319,22,1,0,1730,0,0.0,2048,15
-5.813235343665763,0,-93.01176549865221,16,80,dub_irish_dutch,0.35369470715522766,0,0.2307,32,1,0,1730,0,0.0,2176,16
-5.378749999999994,-inf,-86.0599999999999,16,73,dub_irish_dutch,0.2937132914861043,0,0.2296,28,1,0,1730,0,0.0,2304,17
-5.810624999999993,-inf,-92.96999999999989,16,80,dub_irish_dutch,0.33413612842559814,0,0.2284,34,1,0,1730,0,0.0,2432,18
-5.927416930379737,0,-94.83867088607579,16,82,dub_irish_dutch,0.3012612958749135,0,0.2273,36,1,0,1730,0,0.0,2560,19
-5.681249999999992,-inf,-90.89999999999988,16,78,dub_irish_dutch,0.279774934053421,0,0.2262,27,1,0,1730,0,0.0,2688,20
-5.877333333333328,-inf,-88.15999999999993,15,75,dub_irish_dutch,0.32231204708417255,0,0.225,31,1,0,1730,0,0.0,2816,21
-5.619999999999994,-inf,-89.9199999999999,16,77,dub_irish_dutch,0.24159752825895944,0,0.2239,34,1,0,1730,0,0.0,2944,22
-5.564999999999992,-inf,-89.03999999999988,16,76,dub_irish_dutch,0.28602317969004315,0,0.2228,23,1,0,1730,0,0.0,3072,23
-6.355714285714279,-inf,-88.9799999999999,14,76,dub_irish_dutch,0.38650594154993695,0,0.2217,28,1,0,1730,0,0.0,3200,24
-5.874374999999992,-inf,-93.98999999999987,16,81,dub_irish_dutch,0.269784410794576,0,0.2206,23,1,0,1730,0,0.0,3328,25
-6.062666666666656,-inf,-90.93999999999984,15,78,dub_irish_dutch,0.3739248216152191,0,0.2195,31,1,0,1730,0,0.0,3456,26
-6.195241908986687,46746000,-92.9286286348003,15,80,dub_irish_dutch,0.4105881651242574,0,0.2184,22,1,0,1730,1,0.06666666666666667,3584,27
-5.505624999999995,-inf,-88.08999999999992,16,75,dub_irish_dutch,0.23812933762868246,0,0.2173,30,1,0,1730,0,0.0,3712,28
-5.366249999999994,-inf,-85.8599999999999,16,73,dub_irish_dutch,0.1977938860654831,0,0.2162,21,1,0,1730,0,0.0,3840,29
-5.69374999999999,-inf,-91.09999999999984,16,78,dub_irish_dutch,0.2986185948053996,0,0.2151,29,1,0,1730,0,0.0,3968,30
-5.747499999999993,-inf,-91.9599999999999,16,79,dub_irish_dutch,0.30277448892593384,0,0.214,23,1,0,1730,0,0.0,4096,31
-5.942499999999992,-inf,-95.07999999999987,16,82,dub_irish_dutch,0.35829941431681317,0,0.213,29,1,0,1730,0,0.0,4224,32
-5.752499999999997,-inf,-92.03999999999995,16,79,dub_irish_dutch,0.28288769721984863,0,0.2119,27,1,0,1730,0,0.0,4352,33
-5.551166930379741,0,-88.81867088607585,16,76,dub_irish_dutch,0.2551479935646057,0,0.2108,28,1,0,1730,0,0.0,4480,34
-5.248124999999997,-inf,-83.96999999999996,16,71,dub_irish_dutch,0.2218140015999476,0,0.2098,29,1,0,1730,0,0.0,4608,35
-5.691874999999992,0,-91.06999999999987,16,78,dub_irish_dutch,0.23977147539456686,0,0.2087,28,1,0,1730,0,0.0,4736,36
-5.858666666666658,-inf,-87.87999999999987,15,75,dub_irish_dutch,0.2701212167739868,0,0.2077,29,1,0,1730,0,0.0,4864,37
-5.864916930379738,0,-93.8386708860758,16,81,dub_irish_dutch,0.3475271662076314,0,0.2066,34,1,0,1730,0,0.0,4992,38
-5.934916930379738,0,-94.95867088607581,16,82,dub_irish_dutch,0.2675987780094147,0,0.2056,34,1,0,1730,0,0.0,5120,39
-5.859333333333325,-inf,-87.88999999999987,15,75,dub_irish_dutch,0.24050726989905039,0,0.2046,34,1,0,1730,0,0.0,5248,40
-5.564374999999989,-inf,-89.02999999999983,16,76,dub_irish_dutch,0.24365371465682983,0,0.2036,33,1,0,1730,0,0.0,5376,41
-5.636249999999997,-inf,-90.17999999999995,16,77,dub_irish_dutch,0.29345400134722394,0,0.2025,27,1,0,1730,0,0.0,5504,42
-5.81499999999999,-inf,-93.03999999999984,16,80,dub_irish_dutch,0.29896294077237445,0,0.2015,26,1,0,1730,0,0.0,5632,43
-5.378124999999993,-inf,-86.04999999999988,16,73,dub_irish_dutch,0.2761043111483256,0,0.2005,24,1,0,1730,0,0.0,5760,44
-5.4338603436657635,0,-86.94176549865222,16,74,dub_irish_dutch,0.25857415795326233,0,0.1995,19,1,0,1730,0,0.0,5888,45
-5.634999999999992,-inf,-90.15999999999987,16,77,dub_irish_dutch,0.3050353527069092,0,0.1985,31,1,0,1730,0,0.0,6016,46
-5.561249999999996,-inf,-88.97999999999993,16,76,dub_irish_dutch,0.3115581472714742,0,0.1975,27,1,0,1730,0,0.0,6144,47
-5.631249999999991,-inf,-90.09999999999985,16,77,dub_irish_dutch,0.2754717171192169,0,0.1965,35,1,0,1730,0,0.0,6272,48
-5.511874999999994,-inf,-88.1899999999999,16,75,dub_irish_dutch,0.2382664680480957,0,0.1956,17,1,0,1730,0,0.0,6400,49
-4.945624999999995,-inf,-79.12999999999992,16,66,dub_irish_dutch,0.2697715262571971,0,0.1946,23,1,0,1730,0,0.0,6528,50
-5.6349999999999945,-inf,-90.15999999999991,16,77,dub_irish_dutch,0.2729405164718628,0,0.1936,19,1,0,1730,0,0.0,6656,51
-5.141874999999992,-inf,-82.26999999999987,16,69,dub_irish_dutch,0.26944058140118915,0,0.1926,21,1,0,1730,0,0.0,6784,52
-5.750624999999997,-inf,-92.00999999999995,16,79,dub_irish_dutch,0.33434224128723145,0,0.1917,29,1,0,1730,0,0.0,6912,53
-5.321874999999996,-inf,-85.14999999999993,16,72,dub_irish_dutch,0.2937728265921275,0,0.1907,20,1,0,1730,0,0.0,7040,54
-5.41278436657682,0,-81.1917654986523,15,68,dub_irish_dutch,0.28788071870803833,0,0.1898,20,1,0,1730,0,0.0,7168,55
-5.064999999999998,-inf,-81.03999999999996,16,68,dub_irish_dutch,0.19426490863164267,0,0.1888,18,1,0,1730,0,0.0,7296,56
-4.8862499999999995,-inf,-78.17999999999999,16,65,dub_irish_dutch,0.20608694354693094,0,0.1879,17,1,0,1730,0,0.0,7424,57
-5.016874999999996,-inf,-80.26999999999994,16,67,dub_irish_dutch,0.26305342713991803,0,0.1869,24,1,0,1730,0,0.0,7552,58
-4.941874999999997,-inf,-79.06999999999995,16,66,dub_irish_dutch,0.18184927602609,0,0.186,26,1,0,1730,0,0.0,7680,59
-5.322499999999995,-inf,-85.15999999999993,16,72,dub_irish_dutch,0.2831417918205261,0,0.1851,21,1,0,1730,0,0.0,7808,60
-5.377499999999994,-inf,-86.0399999999999,16,73,dub_irish_dutch,0.26464497049649555,0,0.1841,19,1,0,1730,0,0.0,7936,61
-5.5099999999999945,-inf,-88.15999999999991,16,75,dub_irish_dutch,0.2618163824081421,0,0.1832,21,1,0,1730,0,0.0,8064,62
-5.066249999999998,-inf,-81.05999999999997,16,68,dub_irish_dutch,0.23210457464059195,0,0.1823,24,1,0,1730,0,0.0,8192,63
-5.467499999999996,-inf,-87.47999999999993,16,74,dub_irish_dutch,0.29035885135332745,0,0.1814,24,1,0,1730,0,0.0,8320,64
-5.101250000000004,-inf,-81.62000000000006,16,68,dub_irish_dutch,0.3083866933981578,0,0.1805,29,1,0,1730,0,0.0,8448,65
-5.668666666666662,-inf,-85.02999999999993,15,72,dub_irish_dutch,0.2728289266427358,0,0.1796,27,1,0,1730,0,0.0,8576,66
-5.349999999999996,-inf,-80.24999999999994,15,67,dub_irish_dutch,0.2241670290629069,0,0.1787,18,1,0,1730,0,0.0,8704,67
-5.269999999999998,-inf,-84.31999999999996,16,71,dub_irish_dutch,0.20715658366680145,0,0.1778,22,1,0,1730,0,0.0,8832,68
-5.140624999999995,-inf,-82.24999999999991,16,69,dub_irish_dutch,0.25565900405248004,0,0.1769,19,1,0,1730,0,0.0,8960,69
-5.309374999999994,-inf,-84.9499999999999,16,72,dub_irish_dutch,0.2692197958628337,0,0.176,21,1,0,1730,0,0.0,9088,70
-5.2681249999999995,-inf,-84.28999999999999,16,71,dub_irish_dutch,0.25009753306706745,0,0.1751,21,1,0,1730,0,0.0,9216,71
-5.398124999999994,-inf,-86.3699999999999,16,73,dub_irish_dutch,0.24824381868044534,0,0.1743,32,1,0,1730,0,0.0,9344,72
-5.125624999999998,-inf,-82.00999999999996,16,69,dub_irish_dutch,0.21764659384886423,0,0.1734,23,1,0,1730,0,0.0,9472,73
-5.076249999999996,-inf,-81.21999999999994,16,68,dub_irish_dutch,0.2077654997507731,0,0.1725,22,1,0,1730,0,0.0,9600,74
-5.188124999999997,-inf,-83.00999999999995,16,70,dub_irish_dutch,0.2631431619326274,0,0.1717,24,1,0,1730,0,0.0,9728,75
-5.373749999999995,-inf,-85.97999999999992,16,73,dub_irish_dutch,0.23940972487131754,0,0.1708,16,1,0,1730,0,0.0,9856,76
-5.86749999999999,-inf,-93.87999999999984,16,81,dub_irish_dutch,0.28920156757036847,0,0.1699,18,1,0,1730,0,0.0,9984,77
-5.119999999999997,-inf,-81.91999999999996,16,69,dub_irish_dutch,0.23039719959100088,0,0.1691,18,1,0,1730,0,0.0,10112,78
-5.121249999999993,-inf,-81.93999999999988,16,69,dub_irish_dutch,0.26714129249254864,0,0.1683,24,1,0,1730,0,0.0,10240,79
-5.179374999999994,-inf,-82.8699999999999,16,70,dub_irish_dutch,0.2441249986489614,0,0.1674,27,1,0,1730,0,0.0,10368,80
-4.504374999999999,0,-72.06999999999998,16,59,dub_irish_dutch,0.20717871685822806,0,0.1666,18,1,0,1730,0,0.0,10496,81
-4.886874999999998,-inf,-78.18999999999997,16,65,dub_irish_dutch,0.23119032879670462,0,0.1657,19,1,0,1730,0,0.0,10624,82
-4.994999999999995,-inf,-79.91999999999992,16,67,dub_irish_dutch,0.2167630990346273,0,0.1649,23,1,0,1730,0,0.0,10752,83
-4.5562499999999995,-inf,-72.89999999999999,16,60,dub_irish_dutch,0.2525598555803299,0,0.1641,24,1,0,1730,0,0.0,10880,84
-4.383749999999998,-inf,-70.13999999999997,16,57,dub_irish_dutch,0.2343283494313558,0,0.1633,19,1,0,1730,0,0.0,11008,85
-5.257499999999993,-inf,-84.11999999999989,16,71,dub_irish_dutch,0.28203018506368,0,0.1625,23,1,0,1730,0,0.0,11136,86
-4.610652274045515,0,-73.77043638472824,16,61,dub_irish_dutch,0.2539389928181966,0,0.1616,13,1,0,1730,0,0.0,11264,87
-5.005624999999999,-inf,-80.08999999999999,16,67,dub_irish_dutch,0.2360095034042994,0,0.1608,18,1,0,1730,0,0.0,11392,88
-4.681875000000002,-inf,-74.91000000000003,16,62,dub_irish_dutch,0.3110744158426921,0,0.16,14,1,0,1730,0,0.0,11520,89
-4.821874999999998,-inf,-77.14999999999996,16,64,dub_irish_dutch,0.2629508972167969,0,0.1592,23,1,0,1730,0,0.0,11648,90
-4.879374999999999,-inf,-78.06999999999998,16,65,dub_irish_dutch,0.2405138462781906,0,0.1584,22,1,0,1730,0,0.0,11776,91
-4.4387500000000015,-inf,-71.02000000000002,16,58,dub_irish_dutch,0.22605832914511362,0,0.1576,28,1,0,1730,0,0.0,11904,92
-5.127499999999996,-inf,-82.03999999999994,16,69,dub_irish_dutch,0.28260794281959534,0,0.1569,19,1,0,1730,0,0.0,12032,93
-4.744374999999999,-inf,-75.90999999999998,16,63,dub_irish_dutch,0.24931757152080536,0,0.1561,20,1,0,1730,0,0.0,12160,94
-4.38875,-inf,-70.22,16,57,dub_irish_dutch,0.20142296453317007,0,0.1553,14,1,0,1730,0,0.0,12288,95
-4.384916930379748,0,-70.15867088607597,16,57,dub_irish_dutch,0.1943833033243815,0,0.1545,19,1,0,1730,0,0.0,12416,96
-4.390000000000004,-inf,-70.24000000000007,16,57,dub_irish_dutch,0.26186970869700116,0,0.1537,19,1,0,1730,0,0.0,12544,97
-3.9508069620253217,0,-63.21291139240515,16,50,dub_irish_dutch,0.20418818295001984,0,0.153,21,1,0,1730,0,0.0,12672,98
-4.078666666666672,-inf,-61.180000000000085,15,48,dub_irish_dutch,0.22456171115239462,0,0.1522,19,1,0,1730,0,0.0,12800,99
-6.05749999999999,-inf,-96.91999999999985,16,84,dub_irish_dutch,1.0610764821370442,0,0.25,31,2,0,1731,0,0.0,128,0
-5.894374999999992,-inf,-94.30999999999987,16,81,dub_irish_dutch,0.8804850975672404,0,0.2487,34,2,0,1731,0,0.0,256,1
-6.059374999999989,-inf,-96.94999999999982,16,84,dub_irish_dutch,0.8165853222211202,0,0.2475,26,2,0,1731,0,0.0,384,2
-6.02241693037974,0,-96.35867088607584,16,83,dub_irish_dutch,0.8533981839815775,0,0.2463,32,2,0,1731,0,0.0,512,3
-6.56312499999999,-inf,-105.00999999999983,16,92,dub_irish_dutch,0.9811753233273824,0,0.245,38,2,0,1731,0,0.0,640,4
-6.069333333333329,-inf,-91.03999999999994,15,78,dub_irish_dutch,0.7168731888135275,0,0.2438,32,2,0,1731,0,0.0,768,5
-6.011874999999992,-inf,-96.18999999999987,16,83,dub_irish_dutch,0.7499208847681681,0,0.2426,29,2,0,1731,0,0.0,896,6
-5.5118749999999945,-inf,-88.18999999999991,16,75,dub_irish_dutch,0.5406328837076823,0,0.2414,30,2,0,1731,0,0.0,1024,7
-5.691249999999995,-inf,-91.05999999999992,16,78,dub_irish_dutch,0.5646664301554362,0,0.2402,26,2,0,1731,0,0.0,1152,8
-5.949374999999995,-inf,-95.18999999999993,16,82,dub_irish_dutch,0.5670951803525289,0,0.239,36,2,0,1731,0,0.0,1280,9
-6.3861176999101446,0,-95.79176549865217,15,83,dub_irish_dutch,0.567742387453715,0,0.2378,31,2,0,1731,0,0.0,1408,10
-5.88124999999999,-inf,-94.09999999999984,16,81,dub_irish_dutch,0.45051661133766174,0,0.2366,32,2,0,1731,0,0.0,1536,11
-6.18999999999999,-inf,-99.03999999999984,16,86,dub_irish_dutch,0.5063940385977427,0,0.2354,33,2,0,1731,0,0.0,1664,12
-6.124999999999988,-inf,-97.9999999999998,16,85,dub_irish_dutch,0.4381118416786194,0,0.2342,33,2,0,1731,0,0.0,1792,13
-6.06249999999999,-inf,-96.99999999999984,16,84,dub_irish_dutch,0.4142999053001404,0,0.2331,33,2,0,1731,0,0.0,1920,14
-6.408666666666656,-inf,-96.12999999999984,15,83,dub_irish_dutch,0.42454056938489276,0,0.2319,33,2,0,1731,0,0.0,2048,15
-6.119999999999992,-inf,-97.91999999999987,16,85,dub_irish_dutch,0.36508165796597797,0,0.2307,21,2,0,1731,0,0.0,2176,16
-5.80562499999999,-inf,-92.88999999999984,16,80,dub_irish_dutch,0.2850624720255534,0,0.2296,28,2,0,1731,0,0.0,2304,17
-5.641874999999993,-inf,-90.26999999999988,16,77,dub_irish_dutch,0.2522617926200231,0,0.2284,30,2,0,1731,0,0.0,2432,18
-5.618124999999994,-inf,-89.8899999999999,16,77,dub_irish_dutch,0.2619088292121887,0,0.2273,31,2,0,1731,0,0.0,2560,19
-5.744999999999994,-inf,-91.9199999999999,16,79,dub_irish_dutch,0.2926130990187327,0,0.2262,27,2,0,1731,0,0.0,2688,20
-5.191874999999998,-inf,-83.06999999999996,16,70,dub_irish_dutch,0.22601432601610819,0,0.225,27,2,0,1731,0,0.0,2816,21
-5.009291930379745,0,-80.14867088607592,16,67,dub_irish_dutch,0.20607694486776987,0,0.2239,29,2,0,1731,0,0.0,2944,22
-5.441874999999995,-inf,-87.06999999999992,16,74,dub_irish_dutch,0.2577207088470459,0,0.2228,27,2,0,1731,0,0.0,3072,23
-5.924666666666659,-inf,-88.86999999999989,15,76,dub_irish_dutch,0.27749169866244,0,0.2217,28,2,0,1731,0,0.0,3200,24
-5.368749999999993,-inf,-85.89999999999989,16,73,dub_irish_dutch,0.25215062995751697,0,0.2206,29,2,0,1731,0,0.0,3328,25
-5.794578059071725,0,-86.91867088607587,15,74,dub_irish_dutch,0.26855531334877014,0,0.2195,30,2,0,1731,0,0.0,3456,26
-5.671333333333325,-inf,-85.06999999999988,15,72,dub_irish_dutch,0.2758712073167165,0,0.2184,24,2,0,1731,0,0.0,3584,27
-5.371166930379742,0,-85.93867088607587,16,73,dub_irish_dutch,0.19863499701023102,0,0.2173,25,2,0,1731,0,0.0,3712,28
-5.946249999999992,-inf,-95.13999999999987,16,82,dub_irish_dutch,0.2902005910873413,0,0.2162,23,2,0,1731,0,0.0,3840,29
-5.1905419303797435,0,-83.0486708860759,16,70,dub_irish_dutch,0.22740213572978973,0,0.2151,26,2,0,1731,0,0.0,3968,30
-5.190541930379741,0,-83.04867088607585,16,70,dub_irish_dutch,0.2391736755768458,0,0.214,21,2,0,1731,0,0.0,4096,31
-5.008041930379743,0,-80.1286708860759,16,67,dub_irish_dutch,0.19880372285842896,0,0.213,30,2,0,1731,0,0.0,4224,32
-5.6553333333333295,-inf,-84.82999999999994,15,72,dub_irish_dutch,0.26853761076927185,0,0.2119,27,2,0,1731,0,0.0,4352,33
-6.311874999999988,-inf,-100.98999999999981,16,88,dub_irish_dutch,0.36897478501001996,0,0.2108,22,2,0,1731,0,0.0,4480,34
-5.504485343665762,0,-88.0717654986522,16,75,dub_irish_dutch,0.25748101870218915,0,0.2098,32,2,0,1731,0,0.0,4608,35
-4.940624999999996,-inf,-79.04999999999994,16,66,dub_irish_dutch,0.19088817139466605,0,0.2087,18,2,0,1731,0,0.0,4736,36
-5.558749999999995,-inf,-88.93999999999993,16,76,dub_irish_dutch,0.306356539328893,0,0.2077,31,2,0,1731,0,0.0,4864,37
-4.8175,-inf,-77.08,16,64,dub_irish_dutch,0.23773382107416788,0,0.2066,23,2,0,1731,0,0.0,4992,38
-5.064375000000002,-inf,-81.03000000000003,16,68,dub_irish_dutch,0.20890623331069946,0,0.2056,26,2,0,1731,0,0.0,5120,39
-5.251874999999996,-inf,-84.02999999999993,16,71,dub_irish_dutch,0.2407690187295278,0,0.2046,25,2,0,1731,0,0.0,5248,40
-5.205624999999996,-inf,-83.28999999999994,16,70,dub_irish_dutch,0.25895050168037415,0,0.2036,28,2,0,1731,0,0.0,5376,41
-5.689999999999993,-inf,-91.03999999999989,16,78,dub_irish_dutch,0.2646588285764058,0,0.2025,26,2,0,1731,0,0.0,5504,42
-4.870845687331535,0,-77.93353099730456,16,65,dub_irish_dutch,0.187853733698527,0,0.2015,25,2,0,1731,0,0.0,5632,43
-5.889333333333329,-inf,-88.33999999999993,15,75,dub_irish_dutch,0.2702328364054362,0,0.2005,30,2,0,1731,0,0.0,5760,44
-5.377499999999999,-inf,-86.03999999999998,16,73,dub_irish_dutch,0.2447253813346227,0,0.1995,26,2,0,1731,0,0.0,5888,45
-5.127499999999999,-inf,-82.03999999999998,16,69,dub_irish_dutch,0.24729368090629578,0,0.1985,22,2,0,1731,0,0.0,6016,46
-5.576875000000001,-inf,-89.23000000000002,16,76,dub_irish_dutch,0.2475143720706304,0,0.1975,37,2,0,1731,0,0.0,6144,47
-5.375624999999996,-inf,-86.00999999999993,16,73,dub_irish_dutch,0.21100896100203195,0,0.1965,21,2,0,1731,0,0.0,6272,48
-5.186249999999994,-inf,-82.9799999999999,16,70,dub_irish_dutch,0.23782054086526236,0,0.1956,26,2,0,1731,0,0.0,6400,49
-5.137499999999993,-inf,-82.19999999999989,16,69,dub_irish_dutch,0.26615458726882935,0,0.1946,28,2,0,1731,0,0.0,6528,50
-5.400666666666664,-inf,-81.00999999999996,15,68,dub_irish_dutch,0.2869855264822642,0,0.1936,23,2,0,1731,0,0.0,6656,51
-5.545999999999997,-inf,-83.18999999999996,15,70,dub_irish_dutch,0.28769415616989136,0,0.1926,21,2,0,1731,0,0.0,6784,52
-5.124999999999994,-inf,-81.9999999999999,16,69,dub_irish_dutch,0.2402176558971405,0,0.1917,24,2,0,1731,0,0.0,6912,53
-5.311875,-inf,-84.99,16,72,dub_irish_dutch,0.2767719129721324,0,0.1907,21,2,0,1731,0,0.0,7040,54
-5.411999999999992,0,-81.17999999999988,15,68,dub_irish_dutch,0.2416005233923594,0,0.1898,27,2,0,1731,0,0.0,7168,55
-5.437499999999993,-inf,-86.99999999999989,16,74,dub_irish_dutch,0.2763726015885671,0,0.1888,22,2,0,1731,0,0.0,7296,56
-5.383749999999996,-inf,-86.13999999999993,16,73,dub_irish_dutch,0.29782406489054364,0,0.1879,13,2,0,1731,0,0.0,7424,57
-5.9373333333333305,-inf,-89.05999999999996,15,76,dub_irish_dutch,0.3751356899738312,0,0.1869,13,2,0,1731,0,0.0,7552,58
-4.996249999999996,-inf,-79.93999999999994,16,67,dub_irish_dutch,0.20044898490111032,0,0.186,19,2,0,1731,0,0.0,7680,59
-5.146249999999997,-inf,-82.33999999999995,16,69,dub_irish_dutch,0.23463296393553415,0,0.1851,28,2,0,1731,0,0.0,7808,60
-5.38143196202531,0,-86.10291139240496,16,73,dub_irish_dutch,0.25401735305786133,0,0.1841,23,2,0,1731,0,0.0,7936,61
-5.573749999999997,-inf,-89.17999999999995,16,76,dub_irish_dutch,0.2675843834877014,0,0.1832,36,2,0,1731,0,0.0,8064,62
-5.59838607594936,0,-83.9757911392404,15,71,dub_irish_dutch,0.2728601892789205,0,0.1823,32,2,0,1731,0,0.0,8192,63
-5.581874999999996,-inf,-89.30999999999993,16,76,dub_irish_dutch,0.30508385101954144,0,0.1814,24,2,0,1731,0,0.0,8320,64
-5.379374999999996,-inf,-86.06999999999994,16,73,dub_irish_dutch,0.26326404015223187,0,0.1805,22,2,0,1731,0,0.0,8448,65
-5.658749999999992,-inf,-90.53999999999988,16,77,dub_irish_dutch,0.2895790636539459,0,0.1796,18,2,0,1731,0,0.0,8576,66
-5.464375000000001,-inf,-87.43000000000002,16,74,dub_irish_dutch,0.2661114235719045,0,0.1787,21,2,0,1731,0,0.0,8704,67
-5.880541930379742,0,-94.08867088607587,16,81,dub_irish_dutch,0.29435011744499207,0,0.1778,21,2,0,1731,0,0.0,8832,68
-5.681249999999994,0,-90.8999999999999,16,78,dub_irish_dutch,0.2833150426546733,0,0.1769,30,2,0,1731,0,0.0,8960,69
-5.504999999999998,-inf,-88.07999999999997,16,75,dub_irish_dutch,0.22497936089833578,0,0.176,21,2,0,1731,0,0.0,9088,70
-5.6079999999999925,-inf,-84.11999999999989,15,71,dub_irish_dutch,0.28294746081034344,0,0.1751,26,2,0,1731,0,0.0,9216,71
-5.251249999999994,-inf,-84.01999999999991,16,71,dub_irish_dutch,0.24606208006540933,0,0.1743,26,2,0,1731,0,0.0,9344,72
-5.315624999999994,-inf,-85.0499999999999,16,72,dub_irish_dutch,0.21950274209181467,0,0.1734,21,2,0,1731,0,0.0,9472,73
-5.511249999999994,-inf,-88.17999999999991,16,75,dub_irish_dutch,0.26088254650433856,0,0.1725,30,2,0,1731,0,0.0,9600,74
-4.8275000000000015,-inf,-77.24000000000002,16,64,dub_irish_dutch,0.22817940513292947,0,0.1717,20,2,0,1731,0,0.0,9728,75
-5.744666666666664,-inf,-86.16999999999996,15,73,dub_irish_dutch,0.3128175536791484,0,0.1708,25,2,0,1731,0,0.0,9856,76
-5.558729363207538,0,-88.93966981132061,16,76,dub_irish_dutch,0.25022510687510174,0,0.1699,18,2,0,1731,0,0.0,9984,77
-5.193041930379744,0,-83.0886708860759,16,70,dub_irish_dutch,0.19016478955745697,0,0.1691,14,2,0,1731,0,0.0,10112,78
-5.437499999999993,-inf,-86.99999999999989,16,74,dub_irish_dutch,0.2757422626018524,0,0.1683,21,2,0,1731,0,0.0,10240,79
-5.141249999999998,-inf,-82.25999999999996,16,69,dub_irish_dutch,0.2673230270544688,0,0.1674,30,2,0,1731,0,0.0,10368,80
-5.309999999999994,-inf,-84.95999999999991,16,72,dub_irish_dutch,0.2624608476956685,0,0.1666,21,2,0,1731,0,0.0,10496,81
-5.334374999999998,-inf,-85.34999999999997,16,72,dub_irish_dutch,0.255483478307724,0,0.1657,20,2,0,1731,0,0.0,10624,82
-5.414666666666659,-inf,-81.21999999999989,15,68,dub_irish_dutch,0.27556687593460083,0,0.1649,13,2,0,1731,0,0.0,10752,83
-5.390624999999993,-inf,-86.24999999999989,16,73,dub_irish_dutch,0.29843756556510925,0,0.1641,21,2,0,1731,0,0.0,10880,84
-5.134374999999999,-inf,-82.14999999999998,16,69,dub_irish_dutch,0.24037154018878937,0,0.1633,17,2,0,1731,0,0.0,11008,85
-5.646249999999989,-inf,-90.33999999999982,16,77,dub_irish_dutch,0.2878151834011078,0,0.1625,22,2,0,1731,0,0.0,11136,86
-4.579374999999997,-inf,-73.26999999999995,16,60,dub_irish_dutch,0.20387531320254007,0,0.1616,23,2,0,1731,0,0.0,11264,87
-4.880624999999996,-inf,-78.08999999999993,16,65,dub_irish_dutch,0.20160199205080667,0,0.1608,20,2,0,1731,0,0.0,11392,88
-4.751875,-inf,-76.03,16,63,dub_irish_dutch,0.23791532218456268,0,0.16,17,2,0,1731,0,0.0,11520,89
-5.406860759493668,0,-81.10291139240502,15,68,dub_irish_dutch,0.24451594551404318,0,0.1592,21,2,0,1731,0,0.0,11648,90
-5.054999999999996,-inf,-80.87999999999994,16,68,dub_irish_dutch,0.20960003634293875,0,0.1584,12,2,0,1731,0,0.0,11776,91
-5.011874999999996,-inf,-80.18999999999994,16,67,dub_irish_dutch,0.20158169170220694,0,0.1576,21,2,0,1731,0,0.0,11904,92
-4.686874999999998,-inf,-74.98999999999997,16,62,dub_irish_dutch,0.2502088397741318,0,0.1569,17,2,0,1731,0,0.0,12032,93
-5.0056249999999975,-inf,-80.08999999999996,16,67,dub_irish_dutch,0.25690730412801105,0,0.1561,30,2,0,1731,0,0.0,12160,94
-4.818124999999995,-inf,-77.08999999999992,16,64,dub_irish_dutch,0.2146050085624059,0,0.1553,12,2,0,1731,0,0.0,12288,95
-5.508749999999997,-inf,-88.13999999999996,16,75,dub_irish_dutch,0.2903910080591838,0,0.1545,21,2,0,1731,0,0.0,12416,96
-4.4525000000000015,0,-71.24000000000002,16,58,dub_irish_dutch,0.22861632208029428,0,0.1537,17,2,0,1731,0,0.0,12544,97
-4.958749999999999,-inf,-79.33999999999999,16,66,dub_irish_dutch,0.22879129648208618,0,0.153,17,2,0,1731,0,0.0,12672,98
-4.516250000000004,-inf,-72.26000000000006,16,59,dub_irish_dutch,0.18778826296329498,0,0.1522,17,2,0,1731,0,0.0,12800,99
-5.994999999999989,-inf,-95.91999999999982,16,83,dub_irish_dutch,1.0552546580632527,0,0.25,29,3,0,1732,0,0.0,128,0
-6.604666666666658,-inf,-99.06999999999987,15,86,dub_irish_dutch,1.209757129351298,0,0.2487,38,3,0,1732,0,0.0,256,1
-6.942142857142843,-inf,-97.18999999999981,14,84,dub_irish_dutch,1.184971809387207,0,0.2475,35,3,0,1732,0,0.0,384,2
-6.597999999999989,-inf,-98.96999999999984,15,86,dub_irish_dutch,1.1362165212631226,0,0.2463,39,3,0,1732,0,0.0,512,3
-6.1931249999999896,-inf,-99.08999999999983,16,86,dub_irish_dutch,1.0603753328323364,0,0.245,29,3,0,1732,0,0.0,640,4
-5.618749999999992,-inf,-89.89999999999988,16,77,dub_irish_dutch,0.7650861541430155,0,0.2438,26,3,0,1732,0,0.0,768,5
-6.269999999999988,-inf,-94.04999999999983,15,81,dub_irish_dutch,0.8875451683998108,0,0.2426,35,3,0,1732,0,0.0,896,6
-5.5031249999999945,-inf,-88.04999999999991,16,75,dub_irish_dutch,0.6087344884872437,0,0.2414,20,3,0,1732,0,0.0,1024,7
-6.201333333333325,-inf,-93.01999999999988,15,80,dub_irish_dutch,0.7831091284751892,0,0.2402,34,3,0,1732,0,0.0,1152,8
-5.313124999999994,-inf,-85.0099999999999,16,72,dub_irish_dutch,0.556319793065389,0,0.239,29,3,0,1732,0,0.0,1280,9
-5.822499999999993,-inf,-93.15999999999988,16,80,dub_irish_dutch,0.5502535700798035,0,0.2378,23,3,0,1732,0,0.0,1408,10
-6.000624999999989,-inf,-96.00999999999982,16,83,dub_irish_dutch,0.551499625047048,0,0.2366,27,3,0,1732,0,0.0,1536,11
-5.99457805907172,0,-89.9186708860758,15,77,dub_irish_dutch,0.523703376452128,0,0.2354,26,3,0,1732,0,0.0,1664,12
-6.1274999999999915,-inf,-98.03999999999986,16,85,dub_irish_dutch,0.49065230290095013,0,0.2342,35,3,0,1732,0,0.0,1792,13
-5.63562499999999,-inf,-90.16999999999985,16,77,dub_irish_dutch,0.3385418852170308,0,0.2331,29,3,0,1732,0,0.0,1920,14
-5.506874999999994,-inf,-88.1099999999999,16,75,dub_irish_dutch,0.3414066632588704,0,0.2319,27,3,0,1732,0,0.0,2048,15
-6.072499999999994,-inf,-97.1599999999999,16,84,dub_irish_dutch,0.3855244716008504,0,0.2307,30,3,0,1732,0,0.0,2176,16
-5.811874999999992,-inf,-92.98999999999987,16,80,dub_irish_dutch,0.29575807849566144,0,0.2296,29,3,0,1732,0,0.0,2304,17
-5.886874999999992,-inf,-94.18999999999987,16,81,dub_irish_dutch,0.34539495905240375,0,0.2284,25,3,0,1732,0,0.0,2432,18
-6.005999999999991,-inf,-90.08999999999988,15,77,dub_irish_dutch,0.25768837332725525,0,0.2273,31,3,0,1732,0,0.0,2560,19
-5.814203167115895,0,-93.02725067385433,16,80,dub_irish_dutch,0.2853512664635976,0,0.2262,32,3,0,1732,0,0.0,2688,20
-6.1259999999999915,-inf,-91.88999999999987,15,79,dub_irish_dutch,0.32182709376017254,0,0.225,29,3,0,1732,0,0.0,2816,21
-5.5056249999999975,-inf,-88.08999999999996,16,75,dub_irish_dutch,0.27945245305697125,0,0.2239,35,3,0,1732,0,0.0,2944,22
-5.7543749999999925,-inf,-92.06999999999988,16,79,dub_irish_dutch,0.2849935789903005,0,0.2228,36,3,0,1732,0,0.0,3072,23
-5.678749999999994,-inf,-90.8599999999999,16,78,dub_irish_dutch,0.2515142460664113,0,0.2217,24,3,0,1732,0,0.0,3200,24
-5.5574999999999966,-inf,-88.91999999999994,16,76,dub_irish_dutch,0.21855990091959634,0,0.2206,32,3,0,1732,0,0.0,3328,25
-5.893749999999998,-inf,-94.29999999999997,16,81,dub_irish_dutch,0.26345287760098773,0,0.2195,27,3,0,1732,0,0.0,3456,26
-5.55323534366576,0,-88.85176549865216,16,76,dub_irish_dutch,0.26506462693214417,0,0.2184,33,3,0,1732,0,0.0,3584,27
-5.933749999999993,-inf,-94.93999999999988,16,82,dub_irish_dutch,0.2905908028284709,0,0.2173,23,3,0,1732,0,0.0,3712,28
-5.4962499999999945,-inf,-87.93999999999991,16,75,dub_irish_dutch,0.2473183572292328,0,0.2162,24,3,0,1732,0,0.0,3840,29
-5.311874999999994,-inf,-84.98999999999991,16,72,dub_irish_dutch,0.272320161263148,0,0.2151,24,3,0,1732,0,0.0,3968,30
-5.516249999999992,-inf,-88.25999999999988,16,75,dub_irish_dutch,0.2699826955795288,0,0.214,39,3,0,1732,0,0.0,4096,31
-5.75437499999999,-inf,-92.06999999999984,16,79,dub_irish_dutch,0.2911187509695689,0,0.213,23,3,0,1732,0,0.0,4224,32
-5.709374999999995,-inf,-91.34999999999992,16,78,dub_irish_dutch,0.29191864530245465,0,0.2119,32,3,0,1732,0,0.0,4352,33
-5.444999999999997,-inf,-87.11999999999995,16,74,dub_irish_dutch,0.25040921072165173,0,0.2108,29,3,0,1732,0,0.0,4480,34
-5.336874999999996,-inf,-85.38999999999993,16,72,dub_irish_dutch,0.29266562064488727,0,0.2098,24,3,0,1732,0,0.0,4608,35
-5.565624999999992,-inf,-89.04999999999987,16,76,dub_irish_dutch,0.2819444239139557,0,0.2087,24,3,0,1732,0,0.0,4736,36
-5.788571428571426,-inf,-81.03999999999996,14,68,dub_irish_dutch,0.23434006174405417,0,0.2077,26,3,0,1732,0,0.0,4864,37
-5.120624999999997,-inf,-81.92999999999995,16,69,dub_irish_dutch,0.2684478561083476,0,0.2066,25,3,0,1732,0,0.0,4992,38
-5.859999999999998,-inf,-87.89999999999996,15,75,dub_irish_dutch,0.2971196174621582,0,0.2056,33,3,0,1732,0,0.0,5120,39
-5.62179193037974,0,-89.94867088607585,16,77,dub_irish_dutch,0.2641618549823761,0,0.2046,28,3,0,1732,0,0.0,5248,40
-5.314485343665769,0,-85.0317654986523,16,72,dub_irish_dutch,0.2269818832476934,0,0.2036,21,3,0,1732,0,0.0,5376,41
-5.686249999999995,-inf,-90.97999999999992,16,78,dub_irish_dutch,0.27455195784568787,0,0.2025,30,3,0,1732,0,0.0,5504,42
-5.452610343665763,0,-87.24176549865221,16,74,dub_irish_dutch,0.2322087287902832,0,0.2015,21,3,0,1732,0,0.0,5632,43
-5.431874999999995,-inf,-86.90999999999993,16,74,dub_irish_dutch,0.23830401400725046,0,0.2005,27,3,0,1732,0,0.0,5760,44
-5.3117919303797425,0,-84.98867088607588,16,72,dub_irish_dutch,0.27789027492205304,0,0.1995,23,3,0,1732,0,0.0,5888,45
-5.486740377269918,40500000,-87.78784603631868,16,75,dub_irish_dutch,0.25797011454900104,0,0.1985,22,3,0,1732,1,0.0625,6016,46
-5.73466666666666,-inf,-86.01999999999991,15,73,dub_irish_dutch,0.26180240511894226,0,0.1975,24,3,0,1732,0,0.0,6144,47
-5.03,-inf,-80.48,16,67,dub_irish_dutch,0.25791023174921673,0,0.1965,22,3,0,1732,0,0.0,6272,48
-5.563124999999994,-inf,-89.0099999999999,16,76,dub_irish_dutch,0.25082800288995105,0,0.1956,19,3,0,1732,0,0.0,6400,49
-5.2593749999999995,-inf,-84.14999999999999,16,71,dub_irish_dutch,0.271859476963679,0,0.1946,27,3,0,1732,0,0.0,6528,50
-5.303124999999994,-inf,-84.84999999999991,16,72,dub_irish_dutch,0.26594553391138714,0,0.1936,31,3,0,1732,0,0.0,6656,51
-5.563749999999993,-inf,-89.01999999999988,16,76,dub_irish_dutch,0.30516793330510456,0,0.1926,25,3,0,1732,0,0.0,6784,52
-5.728666666666665,-inf,-85.92999999999996,15,73,dub_irish_dutch,0.3110401928424835,0,0.1917,21,3,0,1732,0,0.0,6912,53
-5.940624999999992,-inf,-95.04999999999987,16,82,dub_irish_dutch,0.30220969518025714,0,0.1907,19,3,0,1732,0,0.0,7040,54
-5.59866666666666,-inf,-83.9799999999999,15,71,dub_irish_dutch,0.29459378123283386,0,0.1898,16,3,0,1732,0,0.0,7168,55
-5.813124999999995,-inf,-93.00999999999992,16,80,dub_irish_dutch,0.24740089972813925,0,0.1888,21,3,0,1732,0,0.0,7296,56
-5.561249999999988,-inf,-88.9799999999998,16,76,dub_irish_dutch,0.29538429776827496,0,0.1879,17,3,0,1732,0,0.0,7424,57
-5.251249999999998,-inf,-84.01999999999997,16,71,dub_irish_dutch,0.25782885154088336,0,0.1869,23,3,0,1732,0,0.0,7552,58
-5.191874999999996,-inf,-83.06999999999994,16,70,dub_irish_dutch,0.23771410683790842,0,0.186,28,3,0,1732,0,0.0,7680,59
-5.324374999999999,-inf,-85.18999999999998,16,72,dub_irish_dutch,0.25381286938985187,0,0.1851,19,3,0,1732,0,0.0,7808,60
-5.60333333333333,-inf,-84.04999999999995,15,71,dub_irish_dutch,0.32834476232528687,0,0.1841,23,3,0,1732,0,0.0,7936,61
-5.626249999999991,-inf,-90.01999999999985,16,77,dub_irish_dutch,0.299849937359492,0,0.1832,24,3,0,1732,0,0.0,8064,62
-4.936874999999993,-inf,-78.98999999999988,16,66,dub_irish_dutch,0.2657075921694438,0,0.1823,21,3,0,1732,0,0.0,8192,63
-4.693124999999999,0,-75.08999999999999,16,62,dub_irish_dutch,0.28651489814122516,0,0.1814,23,3,0,1732,0,0.0,8320,64
-5.1162499999999955,-inf,-81.85999999999993,16,69,dub_irish_dutch,0.2649262150128682,0,0.1805,23,3,0,1732,0,0.0,8448,65
-4.622500000000002,-inf,-73.96000000000004,16,61,dub_irish_dutch,0.18095856408278146,0,0.1796,20,3,0,1732,0,0.0,8576,66
-5.127499999999999,-inf,-82.03999999999998,16,69,dub_irish_dutch,0.32940050959587097,0,0.1787,29,3,0,1732,0,0.0,8704,67
-5.241874999999997,-inf,-83.86999999999995,16,71,dub_irish_dutch,0.26543647050857544,0,0.1778,27,3,0,1732,0,0.0,8832,68
-4.679375000000003,-inf,-74.87000000000005,16,62,dub_irish_dutch,0.20636394123236337,0,0.1769,27,3,0,1732,0,0.0,8960,69
-5.058124999999999,-inf,-80.92999999999998,16,68,dub_irish_dutch,0.3115244011084239,0,0.176,23,3,0,1732,0,0.0,9088,70
-5.115624999999994,-inf,-81.84999999999991,16,69,dub_irish_dutch,0.2434205561876297,0,0.1751,25,3,0,1732,0,0.0,9216,71
-4.869375000000002,-inf,-77.91000000000003,16,65,dub_irish_dutch,0.28521326184272766,0,0.1743,26,3,0,1732,0,0.0,9344,72
-5.059999999999993,-inf,-80.9599999999999,16,68,dub_irish_dutch,0.31837131579717,0,0.1734,17,3,0,1732,0,0.0,9472,73
-4.175000000000005,-inf,-66.80000000000008,16,54,dub_irish_dutch,0.27592962980270386,0,0.1725,20,3,0,1732,0,0.0,9600,74
-4.438750000000003,0,-71.02000000000005,16,58,dub_irish_dutch,0.2551382879416148,0,0.1717,16,3,0,1732,0,0.0,9728,75
-4.68,-inf,-74.88,16,62,dub_irish_dutch,0.2034671554962794,0,0.1708,20,3,0,1732,0,0.0,9856,76
-4.369375000000003,-inf,-69.91000000000005,16,57,dub_irish_dutch,0.20789571603139242,0,0.1699,20,3,0,1732,0,0.0,9984,77
-4.869374999999999,-inf,-77.90999999999998,16,65,dub_irish_dutch,0.23986369371414185,0,0.1691,26,3,0,1732,0,0.0,10112,78
-4.556250000000004,-inf,-72.90000000000006,16,60,dub_irish_dutch,0.26916202902793884,0,0.1683,19,3,0,1732,0,0.0,10240,79
-4.4287500000000035,-inf,-70.86000000000006,16,58,dub_irish_dutch,0.2302761971950531,0,0.1674,16,3,0,1732,0,0.0,10368,80
-4.493750000000001,-inf,-71.90000000000002,16,59,dub_irish_dutch,0.1906044284502665,0,0.1666,25,3,0,1732,0,0.0,10496,81
-4.315000000000004,-inf,-69.04000000000006,16,56,dub_irish_dutch,0.2190870096286138,0,0.1657,21,3,0,1732,0,0.0,10624,82
-4.630625,-inf,-74.09,16,61,dub_irish_dutch,0.25591912865638733,0,0.1649,20,3,0,1732,0,0.0,10752,83
-4.440000000000001,0,-71.04000000000002,16,58,dub_irish_dutch,0.2198041578133901,0,0.1641,22,3,0,1732,0,0.0,10880,84
-4.441250000000003,-inf,-71.06000000000004,16,58,dub_irish_dutch,0.21829057733217874,0,0.1633,15,3,0,1732,0,0.0,11008,85
-3.9400000000000053,-inf,-63.040000000000084,16,50,dub_irish_dutch,0.16634108622868857,0,0.1625,14,3,0,1732,0,0.0,11136,86
-4.185000000000006,-inf,-66.9600000000001,16,54,dub_irish_dutch,0.23610888918240866,0,0.1616,12,3,0,1732,0,0.0,11264,87
-4.26,-inf,-68.16,16,55,dub_irish_dutch,0.20274468759695688,0,0.1608,15,3,0,1732,0,0.0,11392,88
-3.6193750000000073,-inf,-57.91000000000012,16,45,dub_irish_dutch,0.18734771509965262,0,0.16,15,3,0,1732,0,0.0,11520,89
-4.982610343665767,0,-79.72176549865227,16,67,dub_irish_dutch,0.26696725686391193,0,0.1592,29,3,0,1732,0,0.0,11648,90
-3.4400000000000053,-inf,-55.040000000000084,16,42,dub_irish_dutch,0.2887673576672872,0,0.1584,17,3,0,1732,0,0.0,11776,91
-3.9968750000000064,-inf,-63.9500000000001,16,51,dub_irish_dutch,0.21358124415079752,0,0.1576,21,3,0,1732,0,0.0,11904,92
-3.5600000000000067,-inf,-56.96000000000011,16,44,dub_irish_dutch,0.27839523553848267,0,0.1569,20,3,0,1732,0,0.0,12032,93
-3.448750000000003,0,-55.18000000000005,16,42,dub_irish_dutch,0.25145239134629566,0,0.1561,22,3,0,1732,0,0.0,12160,94
-4.375,0,-70,16,57,dub_irish_dutch,0.3518238564332326,0,0.1553,19,3,0,1732,0,0.0,12288,95
-3.998750000000007,-inf,-63.98000000000011,16,51,dub_irish_dutch,0.351394126812617,0,0.1545,18,3,0,1732,0,0.0,12416,96
-3.571875000000003,-inf,-57.15000000000005,16,44,dub_irish_dutch,0.2339006414016088,0,0.1537,19,3,0,1732,0,0.0,12544,97
-3.7406250000000068,-inf,-59.85000000000011,16,47,dub_irish_dutch,0.27104024092356366,0,0.153,23,3,0,1732,0,0.0,12672,98
-3.069375000000006,-inf,-49.1100000000001,16,36,dub_irish_dutch,0.21803354720274606,0,0.1522,17,3,0,1732,0,0.0,12800,99
-5.891874999999994,-inf,-94.26999999999991,16,81,dub_irish_dutch,1.1064224640528362,0,0.25,33,4,0,1733,0,0.0,128,0
-6.060624999999988,-inf,-96.96999999999981,16,84,dub_irish_dutch,1.0816179513931274,0,0.2487,38,4,0,1733,0,0.0,256,1
-5.879291930379739,0,-94.06867088607582,16,81,dub_irish_dutch,0.978075385093689,0,0.2475,35,4,0,1733,0,0.0,384,2
-5.879374999999988,-inf,-94.06999999999981,16,81,dub_irish_dutch,0.961207906405131,0,0.2463,30,4,0,1733,0,0.0,512,3
-6.007499999999995,-inf,-96.11999999999992,16,83,dub_irish_dutch,0.9216523170471191,0,0.245,36,4,0,1733,0,0.0,640,4
-6.415333333333322,-inf,-96.22999999999983,15,83,dub_irish_dutch,1.0209495425224304,0,0.2438,35,4,0,1733,0,0.0,768,5
-6.18749999999999,-inf,-98.99999999999984,16,86,dub_irish_dutch,0.9071371952692667,0,0.2426,33,4,0,1733,0,0.0,896,6
-6.30624999999999,-inf,-100.89999999999984,16,88,dub_irish_dutch,0.844646950562795,0,0.2414,32,4,0,1733,0,0.0,1024,7
-6.079999999999992,-inf,-91.19999999999987,15,78,dub_irish_dutch,0.7345749139785767,0,0.2402,32,4,0,1733,0,0.0,1152,8
-6.259999999999991,-inf,-100.15999999999985,16,87,dub_irish_dutch,0.6571086645126343,0,0.239,30,4,0,1733,0,0.0,1280,9
-5.561249999999991,-inf,-88.97999999999986,16,76,dub_irish_dutch,0.4857119023799896,0,0.2378,24,4,0,1733,0,0.0,1408,10
-5.793999999999992,-inf,-86.90999999999987,15,74,dub_irish_dutch,0.44064703583717346,0,0.2366,34,4,0,1733,0,0.0,1536,11
-5.873041930379742,0,-93.96867088607587,16,81,dub_irish_dutch,0.413598895072937,0,0.2354,28,4,0,1733,0,0.0,1664,12
-6.0624999999999885,-inf,-96.99999999999982,16,84,dub_irish_dutch,0.4145665764808655,0,0.2342,38,4,0,1733,0,0.0,1792,13
-6.364374999999987,-inf,-101.82999999999979,16,89,dub_irish_dutch,0.4804219404856364,0,0.2331,30,4,0,1733,0,0.0,1920,14
-5.723999999999993,-inf,-85.8599999999999,15,73,dub_irish_dutch,0.3427061041196187,0,0.2319,30,4,0,1733,0,0.0,2048,15
-5.886249999999997,-inf,-94.17999999999995,16,81,dub_irish_dutch,0.31179092327753705,0,0.2307,31,4,0,1733,0,0.0,2176,16
-5.553970687331529,0,-88.86353099730447,16,76,dub_irish_dutch,0.22721670071283975,0,0.2296,26,4,0,1733,0,0.0,2304,17
-5.628124999999993,-inf,-90.04999999999988,16,77,dub_irish_dutch,0.261109600464503,0,0.2284,34,4,0,1733,0,0.0,2432,18
-6.128124999999987,-inf,-98.0499999999998,16,85,dub_irish_dutch,0.3224533100922902,0,0.2273,35,4,0,1733,0,0.0,2560,19
-6.3628571428571385,-inf,-89.07999999999994,14,76,dub_irish_dutch,0.33130042751630145,0,0.2262,26,4,0,1733,0,0.0,2688,20
-6.376428571428567,-inf,-89.26999999999994,14,76,dub_irish_dutch,0.4044143557548523,0,0.225,30,4,0,1733,0,0.0,2816,21
-5.704374999999994,-inf,-91.26999999999991,16,78,dub_irish_dutch,0.2519817849000295,0,0.2239,29,4,0,1733,0,0.0,2944,22
-5.693124999999996,-inf,-91.08999999999993,16,78,dub_irish_dutch,0.2570182184378306,0,0.2228,29,4,0,1733,0,0.0,3072,23
-5.811999999999997,-inf,-87.17999999999995,15,74,dub_irish_dutch,0.31696263949076336,0,0.2217,27,4,0,1733,0,0.0,3200,24
-5.377610343665763,0,-86.04176549865221,16,73,dub_irish_dutch,0.24371443688869476,0,0.2206,25,4,0,1733,0,0.0,3328,25
-5.255110343665768,0,-84.08176549865229,16,71,dub_irish_dutch,0.22495144605636597,0,0.2195,28,4,0,1733,0,0.0,3456,26
-5.708124999999992,-inf,-91.32999999999987,16,78,dub_irish_dutch,0.2806590398152669,0,0.2184,30,4,0,1733,0,0.0,3584,27
-6.006249999999992,-inf,-96.09999999999987,16,83,dub_irish_dutch,0.31840742627779645,0,0.2173,23,4,0,1733,0,0.0,3712,28
-6.067999999999992,-inf,-91.01999999999987,15,78,dub_irish_dutch,0.30210299293200177,0,0.2162,26,4,0,1733,0,0.0,3840,29
-5.0632353436657676,0,-81.01176549865228,16,68,dub_irish_dutch,0.2368294894695282,0,0.2151,30,4,0,1733,0,0.0,3968,30
-5.623749999999996,-inf,-89.97999999999993,16,77,dub_irish_dutch,0.22309814393520355,0,0.214,28,4,0,1733,0,0.0,4096,31
-5.377499999999994,-inf,-86.0399999999999,16,73,dub_irish_dutch,0.26717621088027954,0,0.213,25,4,0,1733,0,0.0,4224,32
-5.819999999999992,-inf,-93.11999999999988,16,80,dub_irish_dutch,0.26993586619695026,0,0.2119,27,4,0,1733,0,0.0,4352,33
-4.960624999999997,-inf,-79.36999999999995,16,66,dub_irish_dutch,0.2597947021325429,0,0.2108,27,4,0,1733,0,0.0,4480,34
-5.599333333333328,-inf,-83.98999999999991,15,71,dub_irish_dutch,0.2833714683850606,0,0.2098,21,4,0,1733,0,0.0,4608,35
-5.573124999999994,-inf,-89.1699999999999,16,76,dub_irish_dutch,0.24386555949846903,0,0.2087,28,4,0,1733,0,0.0,4736,36
-5.370624999999995,0,-85.92999999999992,16,73,dub_irish_dutch,0.21931155025959015,0,0.2077,26,4,0,1733,0,0.0,4864,37
-5.1943749999999955,0,-83.10999999999993,16,70,dub_irish_dutch,0.236002246538798,0,0.2066,28,4,0,1733,0,0.0,4992,38
-5.502499999999995,-inf,-88.03999999999992,16,75,dub_irish_dutch,0.2639158368110657,0,0.2056,25,4,0,1733,0,0.0,5120,39
-5.936666666666657,-inf,-89.04999999999986,15,76,dub_irish_dutch,0.26547638575236004,0,0.2046,31,4,0,1733,0,0.0,5248,40
-4.929374999999997,-inf,-78.86999999999995,16,66,dub_irish_dutch,0.25087763369083405,0,0.2036,24,4,0,1733,0,0.0,5376,41
-5.571874999999995,-inf,-89.14999999999992,16,76,dub_irish_dutch,0.27387066682179767,0,0.2025,28,4,0,1733,0,0.0,5504,42
-5.5581249999999915,-inf,-88.92999999999986,16,76,dub_irish_dutch,0.2350863814353943,0,0.2015,23,4,0,1733,0,0.0,5632,43
-5.374374999999993,-inf,-85.98999999999988,16,73,dub_irish_dutch,0.24759921431541443,0,0.2005,30,4,0,1733,0,0.0,5760,44
-5.465244725738393,0,-81.9786708860759,15,69,dub_irish_dutch,0.23639202117919922,0,0.1995,23,4,0,1733,0,0.0,5888,45
-5.308124999999995,-inf,-84.92999999999992,16,72,dub_irish_dutch,0.24626927574475607,0,0.1985,29,4,0,1733,0,0.0,6016,46
-5.061249999999995,-inf,-80.97999999999992,16,68,dub_irish_dutch,0.2747123142083486,0,0.1975,33,4,0,1733,0,0.0,6144,47
-5.437056962025312,0,-86.99291139240499,16,74,dub_irish_dutch,0.28098268310228985,0,0.1965,27,4,0,1733,0,0.0,6272,48
-4.749375000000001,-inf,-75.99000000000001,16,63,dub_irish_dutch,0.24778907001018524,0,0.1956,30,4,0,1733,0,0.0,6400,49
-5.369374999999994,-inf,-85.9099999999999,16,73,dub_irish_dutch,0.23817114035288492,0,0.1946,29,4,0,1733,0,0.0,6528,50
-5.125624999999997,-inf,-82.00999999999995,16,69,dub_irish_dutch,0.28816577792167664,0,0.1936,19,4,0,1733,0,0.0,6656,51
-4.945624999999995,-inf,-79.12999999999992,16,66,dub_irish_dutch,0.19896541039148966,0,0.1926,29,4,0,1733,0,0.0,6784,52
-4.571874999999998,-inf,-73.14999999999996,16,60,dub_irish_dutch,0.20854200919469199,0,0.1917,25,4,0,1733,0,0.0,6912,53
-5.383749999999994,-inf,-86.1399999999999,16,73,dub_irish_dutch,0.3075823982556661,0,0.1907,27,4,0,1733,0,0.0,7040,54
-5.209374999999997,-inf,-83.34999999999995,16,70,dub_irish_dutch,0.2841501832008362,0,0.1898,23,4,0,1733,0,0.0,7168,55
-4.8956249999999955,-inf,-78.32999999999993,16,65,dub_irish_dutch,0.26383131742477417,0,0.1888,20,4,0,1733,0,0.0,7296,56
-4.951874999999996,-inf,-79.22999999999993,16,66,dub_irish_dutch,0.2153837631146113,0,0.1879,27,4,0,1733,0,0.0,7424,57
-5.1987499999999995,0,-83.17999999999999,16,70,dub_irish_dutch,0.2375002404054006,0,0.1869,17,4,0,1733,0,0.0,7552,58
-5.196249999999996,-inf,-83.13999999999993,16,70,dub_irish_dutch,0.3078177074591319,0,0.186,27,4,0,1733,0,0.0,7680,59
-5.068124999999998,-inf,-81.08999999999997,16,68,dub_irish_dutch,0.2440894196430842,0,0.1851,16,4,0,1733,0,0.0,7808,60
-5.324999999999993,-inf,-85.19999999999989,16,72,dub_irish_dutch,0.23308907449245453,0,0.1841,27,4,0,1733,0,0.0,7936,61
-4.623750000000004,-inf,-73.98000000000006,16,61,dub_irish_dutch,0.22607315083344778,0,0.1832,21,4,0,1733,0,0.0,8064,62
-4.886249999999997,-inf,-78.17999999999995,16,65,dub_irish_dutch,0.22676333288351694,0,0.1823,22,4,0,1733,0,0.0,8192,63
-5.133124999999996,-inf,-82.12999999999994,16,69,dub_irish_dutch,0.23725843926270804,0,0.1814,16,4,0,1733,0,0.0,8320,64
-4.505625000000001,-inf,-72.09000000000002,16,59,dub_irish_dutch,0.2200177808602651,0,0.1805,27,4,0,1733,0,0.0,8448,65
-5.320624999999996,-inf,-85.12999999999994,16,72,dub_irish_dutch,0.22532139221827188,0,0.1796,23,4,0,1733,0,0.0,8576,66
-5.020624999999994,-inf,-80.3299999999999,16,67,dub_irish_dutch,0.2489825189113617,0,0.1787,21,4,0,1733,0,0.0,8704,67
-4.480625000000002,-inf,-71.69000000000003,16,58,dub_irish_dutch,0.1857999563217163,0,0.1778,21,4,0,1733,0,0.0,8832,68
-5.249374999999992,-inf,-83.98999999999987,16,71,dub_irish_dutch,0.2513008813063304,0,0.1769,19,4,0,1733,0,0.0,8960,69
-4.704375000000002,-inf,-75.27000000000004,16,62,dub_irish_dutch,0.16993587215741476,0,0.176,21,4,0,1733,0,0.0,9088,70
-4.941874999999995,-inf,-79.06999999999992,16,66,dub_irish_dutch,0.2778101364771525,0,0.1751,18,4,0,1733,0,0.0,9216,71
-4.821874999999996,-inf,-77.14999999999993,16,64,dub_irish_dutch,0.27097610632578534,0,0.1743,17,4,0,1733,0,0.0,9344,72
-4.700000000000001,-inf,-75.20000000000002,16,62,dub_irish_dutch,0.2177101125319799,0,0.1734,31,4,0,1733,0,0.0,9472,73
-5.451874999999995,-inf,-87.22999999999992,16,74,dub_irish_dutch,0.3173138499259949,0,0.1725,26,4,0,1733,0,0.0,9600,74
-4.638124999999997,-inf,-74.20999999999995,16,61,dub_irish_dutch,0.2699505686759949,0,0.1717,19,4,0,1733,0,0.0,9728,75
-4.573750000000001,0,-73.18000000000002,16,60,dub_irish_dutch,0.21077245970567068,0,0.1708,23,4,0,1733,0,0.0,9856,76
-4.952500000000001,-inf,-79.24000000000001,16,66,dub_irish_dutch,0.26298266649246216,0,0.1699,26,4,0,1733,0,0.0,9984,77
-4.84125,-inf,-77.46,16,64,dub_irish_dutch,0.18566343188285828,0,0.1691,18,4,0,1733,0,0.0,10112,78
-4.449916930379745,0,-71.19867088607592,16,58,dub_irish_dutch,0.21477213501930237,0,0.1683,25,4,0,1733,0,0.0,10240,79
-4.948749999999997,-inf,-79.17999999999995,16,66,dub_irish_dutch,0.26203357179959613,0,0.1674,23,4,0,1733,0,0.0,10368,80
-4.517499999999999,-inf,-72.27999999999999,16,59,dub_irish_dutch,0.21106842160224915,0,0.1666,23,4,0,1733,0,0.0,10496,81
-4.945999999999999,-inf,-74.18999999999998,15,61,dub_irish_dutch,0.23140069842338562,0,0.1657,19,4,0,1733,0,0.0,10624,82
-4.763931962025313,0,-76.22291139240501,16,63,dub_irish_dutch,0.21325550973415375,0,0.1649,24,4,0,1733,0,0.0,10752,83
-5.0869853436657735,0,-81.39176549865238,16,68,dub_irish_dutch,0.28197038173675537,0,0.1641,16,4,0,1733,0,0.0,10880,84
-4.455625000000003,-inf,-71.29000000000005,16,58,dub_irish_dutch,0.2085370570421219,0,0.1633,16,4,0,1733,0,0.0,11008,85
-4.946249999999997,-inf,-79.13999999999996,16,66,dub_irish_dutch,0.16068439682324728,0,0.1625,15,4,0,1733,0,0.0,11136,86
-4.833749999999997,-inf,-77.33999999999995,16,64,dub_irish_dutch,0.2348939130703608,0,0.1616,24,4,0,1733,0,0.0,11264,87
-4.875333333333333,-inf,-73.13,15,60,dub_irish_dutch,0.30390532811482746,0,0.1608,21,4,0,1733,0,0.0,11392,88
-5.131249999999998,-inf,-82.09999999999997,16,69,dub_irish_dutch,0.249574214220047,0,0.16,21,4,0,1733,0,0.0,11520,89
-4.752499999999998,-inf,-76.03999999999996,16,63,dub_irish_dutch,0.20602554082870483,0,0.1592,20,4,0,1733,0,0.0,11648,90
-4.3906249999999964,-inf,-70.24999999999994,16,57,dub_irish_dutch,0.1998114933570226,0,0.1584,16,4,0,1733,0,0.0,11776,91
-4.766249999999995,-inf,-76.25999999999992,16,63,dub_irish_dutch,0.2714535693327586,0,0.1576,20,4,0,1733,0,0.0,11904,92
-4.817499999999999,-inf,-77.07999999999998,16,64,dub_irish_dutch,0.24305656552314758,0,0.1569,20,4,0,1733,0,0.0,12032,93
-4.195806962025322,0,-67.13291139240515,16,54,dub_irish_dutch,0.2230081409215927,0,0.1561,15,4,0,1733,0,0.0,12160,94
-4.696874999999997,-inf,-75.14999999999995,16,62,dub_irish_dutch,0.2571869492530823,0,0.1553,18,4,0,1733,0,0.0,12288,95
-4.063125000000006,-inf,-65.01000000000009,16,52,dub_irish_dutch,0.19822355111440024,0,0.1545,20,4,0,1733,0,0.0,12416,96
-4.569485343665767,0,-73.11176549865228,16,60,dub_irish_dutch,0.2873356342315674,0,0.1537,22,4,0,1733,0,0.0,12544,97
-4.306250000000001,-inf,-68.90000000000002,16,56,dub_irish_dutch,0.24462377528349558,0,0.153,12,4,0,1733,0,0.0,12672,98
-4.128860343665772,0,-66.06176549865235,16,53,dub_irish_dutch,0.21342283487319946,0,0.1522,15,4,0,1733,0,0.0,12800,99
-6.054666666666658,-inf,-90.81999999999987,15,78,dub_irish_dutch,1.0808866024017334,0,0.25,51,5,0,1734,0,0.0,128,0
-5.934374999999989,-inf,-94.94999999999982,16,82,dub_irish_dutch,0.9164891839027405,0,0.2487,32,5,0,1734,0,0.0,256,1
-6.372610343665755,0,-101.96176549865208,16,89,dub_irish_dutch,1.0308839082717896,0,0.2475,32,5,0,1734,0,0.0,384,2
-6.628749999999989,-inf,-106.05999999999982,16,93,dub_irish_dutch,1.1148160696029663,0,0.2463,26,5,0,1734,0,0.0,512,3
-5.9337499999999945,-inf,-94.93999999999991,16,82,dub_irish_dutch,0.8419430454572042,0,0.245,27,5,0,1734,0,0.0,640,4
-6.186249999999986,-inf,-98.97999999999978,16,86,dub_irish_dutch,0.818805197874705,0,0.2438,28,5,0,1734,0,0.0,768,5
-6.446874999999992,-inf,-103.14999999999988,16,90,dub_irish_dutch,0.9100004633267721,0,0.2426,32,5,0,1734,0,0.0,896,6
-6.196874999999988,-inf,-99.1499999999998,16,86,dub_irish_dutch,0.7649509112040201,0,0.2414,28,5,0,1734,0,0.0,1024,7
-5.882499999999996,-inf,-94.11999999999993,16,81,dub_irish_dutch,0.5680839022000631,0,0.2402,24,5,0,1734,0,0.0,1152,8
-6.1499999999999915,-inf,-92.24999999999987,15,79,dub_irish_dutch,0.6577558517456055,0,0.239,29,5,0,1734,0,0.0,1280,9
-6.011249999999991,-inf,-96.17999999999985,16,83,dub_irish_dutch,0.5710160732269287,0,0.2378,30,5,0,1734,0,0.0,1408,10
-5.809374999999995,-inf,-92.94999999999992,16,80,dub_irish_dutch,0.41803213953971863,0,0.2366,32,5,0,1734,0,0.0,1536,11
-6.314999999999994,-inf,-101.0399999999999,16,88,dub_irish_dutch,0.547469695409139,0,0.2354,36,5,0,1734,0,0.0,1664,12
-6.007499999999991,-inf,-96.11999999999986,16,83,dub_irish_dutch,0.4209759036699931,0,0.2342,28,5,0,1734,0,0.0,1792,13
-6.140666666666659,-inf,-92.10999999999989,15,79,dub_irish_dutch,0.4137672483921051,0,0.2331,30,5,0,1734,0,0.0,1920,14
-5.884374999999992,-inf,-94.14999999999988,16,81,dub_irish_dutch,0.37054580450057983,0,0.2319,29,5,0,1734,0,0.0,2048,15
-5.693749999999998,-inf,-91.09999999999997,16,78,dub_irish_dutch,0.31181836128234863,0,0.2307,26,5,0,1734,0,0.0,2176,16
-5.890666666666657,-inf,-88.35999999999986,15,75,dub_irish_dutch,0.3197427491346995,0,0.2296,31,5,0,1734,0,0.0,2304,17
-6.005333333333327,-inf,-90.07999999999991,15,77,dub_irish_dutch,0.30186105767885846,0,0.2284,39,5,0,1734,0,0.0,2432,18
-5.744374999999989,-inf,-91.90999999999983,16,79,dub_irish_dutch,0.3228405714035034,0,0.2273,34,5,0,1734,0,0.0,2560,19
-6.053749999999989,-inf,-96.85999999999983,16,84,dub_irish_dutch,0.3451673090457916,0,0.2262,36,5,0,1734,0,0.0,2688,20
-5.745624999999991,-inf,-91.92999999999985,16,79,dub_irish_dutch,0.2782640755176544,0,0.225,27,5,0,1734,0,0.0,2816,21
-5.763666930379743,0,-92.21867088607588,16,79,dub_irish_dutch,0.29054519534111023,0,0.2239,32,5,0,1734,0,0.0,2944,22
-5.754374999999992,-inf,-92.06999999999987,16,79,dub_irish_dutch,0.24684077501296997,0,0.2228,29,5,0,1734,0,0.0,3072,23
-5.444999999999997,-inf,-87.11999999999995,16,74,dub_irish_dutch,0.2554496427377065,0,0.2217,35,5,0,1734,0,0.0,3200,24
-5.643124999999991,-inf,-90.28999999999985,16,77,dub_irish_dutch,0.2806091904640198,0,0.2206,24,5,0,1734,0,0.0,3328,25
-5.81249999999999,-inf,-92.99999999999984,16,80,dub_irish_dutch,0.3114011188348134,0,0.2195,27,5,0,1734,0,0.0,3456,26
-6.0611669303797395,0,-96.97867088607583,16,84,dub_irish_dutch,0.3104336659113566,0,0.2184,27,5,0,1734,0,0.0,3584,27
-5.746249999999989,-inf,-91.93999999999983,16,79,dub_irish_dutch,0.3131230374177297,0,0.2173,31,5,0,1734,0,0.0,3712,28
-5.869333333333327,-inf,-88.0399999999999,15,75,dub_irish_dutch,0.30585933725039166,0,0.2162,35,5,0,1734,0,0.0,3840,29
-5.514999999999998,-inf,-88.23999999999997,16,75,dub_irish_dutch,0.2880234221617381,0,0.2151,28,5,0,1734,0,0.0,3968,30
-5.3699999999999966,-inf,-85.91999999999994,16,73,dub_irish_dutch,0.2910706003506978,0,0.214,24,5,0,1734,0,0.0,4096,31
-5.942499999999992,-inf,-95.07999999999987,16,82,dub_irish_dutch,0.26691125830014545,0,0.213,23,5,0,1734,0,0.0,4224,32
-5.184847289868296,0,-82.95755663789274,16,70,dub_irish_dutch,0.24821341037750244,0,0.2119,33,5,0,1734,0,0.0,4352,33
-5.746249999999994,-inf,-91.9399999999999,16,79,dub_irish_dutch,0.2705833514531453,0,0.2108,26,5,0,1734,0,0.0,4480,34
-6.066874999999991,-inf,-97.06999999999985,16,84,dub_irish_dutch,0.3063122133413951,0,0.2098,30,5,0,1734,0,0.0,4608,35
-5.736666666666661,-inf,-86.04999999999991,15,73,dub_irish_dutch,0.2605963349342346,0,0.2087,27,5,0,1734,0,0.0,4736,36
-5.386249999999997,-inf,-86.17999999999995,16,73,dub_irish_dutch,0.25277464588483173,0,0.2077,21,5,0,1734,0,0.0,4864,37
-5.796578059071726,0,-86.9486708860759,15,74,dub_irish_dutch,0.3209465742111206,0,0.2066,17,5,0,1734,0,0.0,4992,38
-5.869333333333325,-inf,-88.03999999999986,15,75,dub_irish_dutch,0.31394849220911664,0,0.2056,24,5,0,1734,0,0.0,5120,39
-5.442499999999993,-inf,-87.07999999999988,16,74,dub_irish_dutch,0.2156433860460917,0,0.2046,28,5,0,1734,0,0.0,5248,40
-5.306874999999992,-inf,-84.90999999999987,16,72,dub_irish_dutch,0.22828084727128348,0,0.2036,31,5,0,1734,0,0.0,5376,41
-5.496874999999993,-inf,-87.94999999999989,16,75,dub_irish_dutch,0.26559712489446,0,0.2025,31,5,0,1734,0,0.0,5504,42
-5.176249999999996,-inf,-82.81999999999994,16,70,dub_irish_dutch,0.29616134365399677,0,0.2015,33,5,0,1734,0,0.0,5632,43
-5.433124999999993,-inf,-86.9299999999999,16,74,dub_irish_dutch,0.3209632436434428,0,0.2005,23,5,0,1734,0,0.0,5760,44
-5.073124999999999,-inf,-81.16999999999999,16,68,dub_irish_dutch,0.18928858637809753,0,0.1995,20,5,0,1734,0,0.0,5888,45
-5.563749999999992,-inf,-89.01999999999987,16,76,dub_irish_dutch,0.28076767921447754,0,0.1985,28,5,0,1734,0,0.0,6016,46
-5.744916930379743,0,-91.91867088607589,16,79,dub_irish_dutch,0.28684312105178833,0,0.1975,17,5,0,1734,0,0.0,6144,47
-5.761874999999995,-inf,-92.18999999999993,16,79,dub_irish_dutch,0.27860238154729206,0,0.1965,35,5,0,1734,0,0.0,6272,48
-5.748124999999993,-inf,-91.96999999999989,16,79,dub_irish_dutch,0.29212141036987305,0,0.1956,25,5,0,1734,0,0.0,6400,49
-5.999999999999994,-inf,-89.9999999999999,15,77,dub_irish_dutch,0.3355628351370494,0,0.1946,21,5,0,1734,0,0.0,6528,50
-5.526117699910148,0,-82.89176549865222,15,70,dub_irish_dutch,0.25033794343471527,0,0.1936,21,5,0,1734,0,0.0,6656,51
-5.239999999999996,-inf,-83.83999999999993,16,71,dub_irish_dutch,0.2518843164046605,0,0.1926,27,5,0,1734,0,0.0,6784,52
-5.539999999999997,-inf,-83.09999999999997,15,70,dub_irish_dutch,0.2738010287284851,0,0.1917,18,5,0,1734,0,0.0,6912,53
-5.949374999999994,-inf,-95.1899999999999,16,82,dub_irish_dutch,0.3019885718822479,0,0.1907,24,5,0,1734,0,0.0,7040,54
-5.059999999999995,-inf,-80.95999999999992,16,68,dub_irish_dutch,0.25854135553042096,0,0.1898,22,5,0,1734,0,0.0,7168,55
-5.337333333333329,-inf,-80.05999999999993,15,67,dub_irish_dutch,0.2523702581723531,0,0.1888,23,5,0,1734,0,0.0,7296,56
-5.7453333333333285,-inf,-86.17999999999992,15,73,dub_irish_dutch,0.31839845577875775,0,0.1879,27,5,0,1734,0,0.0,7424,57
-5.316249999999994,0,-85.0599999999999,16,72,dub_irish_dutch,0.21011978884538016,0,0.1869,24,5,0,1734,0,0.0,7552,58
-5.191431962025311,0,-83.06291139240497,16,70,dub_irish_dutch,0.25627877314885456,0,0.186,28,5,0,1734,0,0.0,7680,59
-5.144375,-inf,-82.31,16,69,dub_irish_dutch,0.2036667764186859,0,0.1851,26,5,0,1734,0,0.0,7808,60
-5.632499999999992,-inf,-90.11999999999988,16,77,dub_irish_dutch,0.279973844687144,0,0.1841,31,5,0,1734,0,0.0,7936,61
-5.192499999999998,-inf,-83.07999999999997,16,70,dub_irish_dutch,0.2975560426712036,0,0.1832,28,5,0,1734,0,0.0,8064,62
-5.198124999999992,-inf,-83.16999999999987,16,70,dub_irish_dutch,0.24002174039681753,0,0.1823,22,5,0,1734,0,0.0,8192,63
-5.132681962025313,0,-82.122911392405,16,69,dub_irish_dutch,0.27504364649454754,0,0.1814,24,5,0,1734,0,0.0,8320,64
-4.951875000000002,-inf,-79.23000000000003,16,66,dub_irish_dutch,0.25304754575093585,0,0.1805,22,5,0,1734,0,0.0,8448,65
-5.257499999999995,-inf,-84.11999999999992,16,71,dub_irish_dutch,0.23758053282896677,0,0.1796,16,5,0,1734,0,0.0,8576,66
-5.023749999999993,-inf,-80.37999999999988,16,67,dub_irish_dutch,0.2288496990998586,0,0.1787,18,5,0,1734,0,0.0,8704,67
-5.259999999999997,-inf,-84.15999999999995,16,71,dub_irish_dutch,0.23909289141496023,0,0.1778,23,5,0,1734,0,0.0,8832,68
-5.743749999999991,-inf,-91.89999999999985,16,79,dub_irish_dutch,0.30411601066589355,0,0.1769,25,5,0,1734,0,0.0,8960,69
-4.684375000000004,-inf,-74.95000000000006,16,62,dub_irish_dutch,0.20402521391709647,0,0.176,19,5,0,1734,0,0.0,9088,70
-4.960624999999996,-inf,-79.36999999999993,16,66,dub_irish_dutch,0.25863510370254517,0,0.1751,20,5,0,1734,0,0.0,9216,71
-5.061874999999997,-inf,-80.98999999999995,16,68,dub_irish_dutch,0.20068770150343576,0,0.1743,15,5,0,1734,0,0.0,9344,72
-4.6912499999999975,-inf,-75.05999999999996,16,62,dub_irish_dutch,0.24647006392478943,0,0.1734,26,5,0,1734,0,0.0,9472,73
-4.7600000000000025,0,-76.16000000000004,16,63,dub_irish_dutch,0.22613634169101715,0,0.1725,27,5,0,1734,0,0.0,9600,74
-5.013125,-inf,-80.21,16,67,dub_irish_dutch,0.2410448988278707,0,0.1717,22,5,0,1734,0,0.0,9728,75
-4.613125,-inf,-73.81,16,61,dub_irish_dutch,0.23915457228819528,0,0.1708,26,5,0,1734,0,0.0,9856,76
-5.320625,0,-85.13,16,72,dub_irish_dutch,0.3219769100348155,0,0.1699,14,5,0,1734,0,0.0,9984,77
-5.452499999999995,-inf,-87.23999999999992,16,74,dub_irish_dutch,0.2790179451306661,0,0.1691,19,5,0,1734,0,0.0,10112,78
-5.002499999999999,-inf,-80.03999999999998,16,67,dub_irish_dutch,0.25057222445805866,0,0.1683,25,5,0,1734,0,0.0,10240,79
-5.122499999999996,-inf,-81.95999999999994,16,69,dub_irish_dutch,0.2616388301054637,0,0.1674,18,5,0,1734,0,0.0,10368,80
-4.367500000000004,-inf,-69.88000000000007,16,57,dub_irish_dutch,0.20438205202420553,0,0.1666,24,5,0,1734,0,0.0,10496,81
-5.059999999999993,-inf,-80.9599999999999,16,68,dub_irish_dutch,0.21165626247723898,0,0.1657,18,5,0,1734,0,0.0,10624,82
-4.884999999999996,-inf,-78.15999999999994,16,65,dub_irish_dutch,0.27689288059870404,0,0.1649,20,5,0,1734,0,0.0,10752,83
-4.6862499999999985,-inf,-74.97999999999998,16,62,dub_irish_dutch,0.20488675435384116,0,0.1641,22,5,0,1734,0,0.0,10880,84
-4.622500000000001,-inf,-73.96000000000002,16,61,dub_irish_dutch,0.2605617741743724,0,0.1633,22,5,0,1734,0,0.0,11008,85
-4.697499999999997,-inf,-75.15999999999995,16,62,dub_irish_dutch,0.2531336148579915,0,0.1625,24,5,0,1734,0,0.0,11136,86
-4.127500000000005,-inf,-66.04000000000008,16,53,dub_irish_dutch,0.2154051661491394,0,0.1616,19,5,0,1734,0,0.0,11264,87
-4.064375000000006,-inf,-65.0300000000001,16,52,dub_irish_dutch,0.18051278591156006,0,0.1608,19,5,0,1734,0,0.0,11392,88
-4.6826666666666705,-inf,-70.24000000000005,15,57,dub_irish_dutch,0.24251233537991843,0,0.16,14,5,0,1734,0,0.0,11520,89
-4.677861946202529,0,-74.84579113924046,16,62,dub_irish_dutch,0.26100770632425946,0,0.1592,19,5,0,1734,0,0.0,11648,90
-4.553750000000002,-inf,-72.86000000000003,16,60,dub_irish_dutch,0.26266908645629883,0,0.1584,17,5,0,1734,0,0.0,11776,91
-4.057500000000007,-inf,-64.92000000000012,16,52,dub_irish_dutch,0.19998063643773398,0,0.1576,19,5,0,1734,0,0.0,11904,92
-5.183124999999994,-inf,-82.92999999999991,16,70,dub_irish_dutch,0.3110951979955037,0,0.1569,23,5,0,1734,0,0.0,12032,93
-4.378125000000002,-inf,-70.05000000000003,16,57,dub_irish_dutch,0.20213143030802408,0,0.1561,15,5,0,1734,0,0.0,12160,94
-4.435000000000003,-inf,-70.96000000000005,16,58,dub_irish_dutch,0.22445493439833322,0,0.1553,17,5,0,1734,0,0.0,12288,95
-4.304375000000004,-inf,-68.87000000000006,16,56,dub_irish_dutch,0.2563871443271637,0,0.1545,16,5,0,1734,0,0.0,12416,96
-4.255625000000005,-inf,-68.09000000000007,16,55,dub_irish_dutch,0.18210932115713754,0,0.1537,20,5,0,1734,0,0.0,12544,97
-3.5625000000000075,-inf,-57.00000000000012,16,44,dub_irish_dutch,0.22521409889062247,0,0.153,19,5,0,1734,0,0.0,12672,98
-4.440625000000002,-inf,-71.05000000000003,16,58,dub_irish_dutch,0.2461867332458496,0,0.1522,19,5,0,1734,0,0.0,12800,99
-6.313124999999988,-inf,-101.0099999999998,16,88,dub_irish_dutch,1.1781031688054402,0,0.25,31,6,0,1735,0,0.0,128,0
-6.129999999999991,-inf,-98.07999999999986,16,85,dub_irish_dutch,1.1851266622543335,0,0.2487,26,6,0,1735,0,0.0,256,1
-6.19187499999999,-inf,-99.06999999999984,16,86,dub_irish_dutch,1.1550235350926716,0,0.2475,26,6,0,1735,0,0.0,384,2
-6.202499999999994,-inf,-99.23999999999991,16,86,dub_irish_dutch,1.117628773053487,0,0.2463,26,6,0,1735,0,0.0,512,3
-6.309999999999987,-inf,-100.9599999999998,16,88,dub_irish_dutch,0.9721770882606506,0,0.245,31,6,0,1735,0,0.0,640,4
-6.009374999999996,-inf,-96.14999999999993,16,83,dub_irish_dutch,0.9077536265055338,0,0.2438,39,6,0,1735,0,0.0,768,5
-5.6713333333333305,-inf,-85.06999999999995,15,72,dub_irish_dutch,0.68864772717158,0,0.2426,28,6,0,1735,0,0.0,896,6
-5.942499999999995,-inf,-95.07999999999991,16,82,dub_irish_dutch,0.7556565205256144,0,0.2414,29,6,0,1735,0,0.0,1024,7
-5.8012499999999925,-inf,-92.81999999999988,16,80,dub_irish_dutch,0.6821925838788351,0,0.2402,27,6,0,1735,0,0.0,1152,8
-6.136249999999989,-inf,-98.17999999999982,16,85,dub_irish_dutch,0.7283814152081808,0,0.239,31,6,0,1735,0,0.0,1280,9
-5.935624999999994,-inf,-94.9699999999999,16,82,dub_irish_dutch,0.5991469224294027,0,0.2378,36,6,0,1735,0,0.0,1408,10
-6.003583860759486,0,-96.05734177215177,16,83,dub_irish_dutch,0.55417400598526,0,0.2366,25,6,0,1735,0,0.0,1536,11
-5.9349999999999925,-inf,-94.95999999999988,16,82,dub_irish_dutch,0.41110124190648395,0,0.2354,28,6,0,1735,0,0.0,1664,12
-6.304999999999987,-inf,-100.8799999999998,16,88,dub_irish_dutch,0.4682466983795166,0,0.2342,25,6,0,1735,0,0.0,1792,13
-5.74187499999999,-inf,-91.86999999999983,16,79,dub_irish_dutch,0.3645103971163432,0,0.2331,20,6,0,1735,0,0.0,1920,14
-6.004666666666661,-inf,-90.06999999999991,15,77,dub_irish_dutch,0.32359562317530316,0,0.2319,29,6,0,1735,0,0.0,2048,15
-6.003235343665758,0,-96.05176549865213,16,83,dub_irish_dutch,0.4283742507298787,0,0.2307,27,6,0,1735,0,0.0,2176,16
-5.304999999999994,-inf,-84.87999999999991,16,72,dub_irish_dutch,0.22734967867533365,0,0.2296,23,6,0,1735,0,0.0,2304,17
-6.133999999999994,-inf,-92.0099999999999,15,79,dub_irish_dutch,0.43842172622680664,0,0.2284,23,6,0,1735,0,0.0,2432,18
-5.650624999999992,-inf,-90.40999999999987,16,77,dub_irish_dutch,0.25143422186374664,0,0.2273,30,6,0,1735,0,0.0,2560,19
-5.3906249999999964,-inf,-86.24999999999994,16,73,dub_irish_dutch,0.24311944842338562,0,0.2262,26,6,0,1735,0,0.0,2688,20
-5.68999999999999,-inf,-91.03999999999984,16,78,dub_irish_dutch,0.24316343168417612,0,0.225,25,6,0,1735,0,0.0,2816,21
-5.3593333333333275,-inf,-80.38999999999992,15,67,dub_irish_dutch,0.2587062021096547,0,0.2239,25,6,0,1735,0,0.0,2944,22
-5.2581249999999935,-inf,-84.1299999999999,16,71,dub_irish_dutch,0.28770946462949115,0,0.2228,34,6,0,1735,0,0.0,3072,23
-5.520806962025311,0,-88.33291139240498,16,75,dub_irish_dutch,0.31037790576616925,0,0.2217,34,6,0,1735,0,0.0,3200,24
-5.2099169303797455,0,-83.35867088607593,16,70,dub_irish_dutch,0.26099276542663574,0,0.2206,26,6,0,1735,0,0.0,3328,25
-5.634374999999988,-inf,-90.1499999999998,16,77,dub_irish_dutch,0.2585505247116089,0,0.2195,26,6,0,1735,0,0.0,3456,26
-5.682720687331528,0,-90.92353099730445,16,78,dub_irish_dutch,0.31853054960568744,0,0.2184,29,6,0,1735,0,0.0,3584,27
-5.571249999999992,-inf,-89.13999999999987,16,76,dub_irish_dutch,0.25620060165723163,0,0.2173,24,6,0,1735,0,0.0,3712,28
-5.466875,-inf,-87.47,16,74,dub_irish_dutch,0.24414028724034628,0,0.2162,33,6,0,1735,0,0.0,3840,29
-5.708124999999993,-inf,-91.32999999999988,16,78,dub_irish_dutch,0.2829023003578186,0,0.2151,24,6,0,1735,0,0.0,3968,30
-5.141360343665764,0,-82.26176549865222,16,69,dub_irish_dutch,0.20585820575555167,0,0.214,29,6,0,1735,0,0.0,4096,31
-5.282598892405062,0,-84.52158227848099,16,71,dub_irish_dutch,0.23119541009267172,0,0.213,27,6,0,1735,0,0.0,4224,32
-5.304999999999999,-inf,-84.87999999999998,16,71,dub_irish_dutch,0.2518082658449809,0,0.2119,29,6,0,1735,0,0.0,4352,33
-5.909999999999997,-inf,-94.55999999999995,16,81,dub_irish_dutch,0.3816876908143361,0,0.2108,25,6,0,1735,0,0.0,4480,34
-5.20374999999999,-inf,-83.25999999999983,16,70,dub_irish_dutch,0.23379724224408469,0,0.2098,24,6,0,1735,0,0.0,4608,35
-5.57749999999999,-inf,-89.23999999999984,16,76,dub_irish_dutch,0.24573875963687897,0,0.2087,25,6,0,1735,0,0.0,4736,36
-5.072500000000001,-inf,-81.16000000000001,16,68,dub_irish_dutch,0.26931894818941754,0,0.2077,38,6,0,1735,0,0.0,4864,37
-4.700625000000001,0,-75.21000000000002,16,62,dub_irish_dutch,0.1475956290960312,0,0.2066,26,6,0,1735,0,0.0,4992,38
-5.448124999999994,-inf,-87.1699999999999,16,74,dub_irish_dutch,0.28495314717292786,0,0.2056,19,6,0,1735,0,0.0,5120,39
-5.338749999999993,-inf,-85.41999999999989,16,72,dub_irish_dutch,0.244649867216746,0,0.2046,25,6,0,1735,0,0.0,5248,40
-4.699999999999997,-inf,-75.19999999999995,16,62,dub_irish_dutch,0.20262576142946878,0,0.2036,29,6,0,1735,0,0.0,5376,41
-5.260624999999997,-inf,-84.16999999999996,16,71,dub_irish_dutch,0.26774803797403973,0,0.2025,25,6,0,1735,0,0.0,5504,42
-5.760625,-inf,-92.17,16,79,dub_irish_dutch,0.3244589964548747,0,0.2015,22,6,0,1735,0,0.0,5632,43
-5.068749999999992,-inf,-81.09999999999987,16,68,dub_irish_dutch,0.2231892247994741,0,0.2005,24,6,0,1735,0,0.0,5760,44
-5.55875,-inf,-88.94,16,76,dub_irish_dutch,0.27647627393404645,0,0.1995,21,6,0,1735,0,0.0,5888,45
-5.012499999999994,-inf,-80.1999999999999,16,67,dub_irish_dutch,0.25609071056048077,0,0.1985,24,6,0,1735,0,0.0,6016,46
-5.5049999999999955,-inf,-88.07999999999993,16,75,dub_irish_dutch,0.28371647000312805,0,0.1975,21,6,0,1735,0,0.0,6144,47
-5.446874999999994,-inf,-87.1499999999999,16,74,dub_irish_dutch,0.23760091265042624,0,0.1965,26,6,0,1735,0,0.0,6272,48
-5.805624999999992,-inf,-92.88999999999987,16,80,dub_irish_dutch,0.31562315424283344,0,0.1956,29,6,0,1735,0,0.0,6400,49
-5.6913603436657585,0,-91.06176549865214,16,78,dub_irish_dutch,0.2833268841107686,0,0.1946,33,6,0,1735,0,0.0,6528,50
-5.194374999999993,-inf,-83.10999999999989,16,70,dub_irish_dutch,0.3097180326779683,0,0.1936,28,6,0,1735,0,0.0,6656,51
-5.148125,-inf,-82.37,16,69,dub_irish_dutch,0.24864049752553305,0,0.1926,25,6,0,1735,0,0.0,6784,52
-5.573749999999997,-inf,-89.17999999999995,16,76,dub_irish_dutch,0.3020346959431966,0,0.1917,32,6,0,1735,0,0.0,6912,53
-5.456874999999998,-inf,-87.30999999999997,16,74,dub_irish_dutch,0.227465291817983,0,0.1907,21,6,0,1735,0,0.0,7040,54
-5.191874999999994,-inf,-83.06999999999991,16,70,dub_irish_dutch,0.26276224851608276,0,0.1898,23,6,0,1735,0,0.0,7168,55
-5.132499999999998,-inf,-82.11999999999996,16,69,dub_irish_dutch,0.21470521887143454,0,0.1888,21,6,0,1735,0,0.0,7296,56
-5.5979113924050585,0,-83.96867088607588,15,71,dub_irish_dutch,0.31624752283096313,0,0.1879,26,6,0,1735,0,0.0,7424,57
-5.2043749999999935,-inf,-83.2699999999999,16,70,dub_irish_dutch,0.2877963383992513,0,0.1869,20,6,0,1735,0,0.0,7552,58
-5.132499999999994,-inf,-82.1199999999999,16,69,dub_irish_dutch,0.23249687254428864,0,0.186,22,6,0,1735,0,0.0,7680,59
-5.631249999999995,0,-90.09999999999992,16,77,dub_irish_dutch,0.2782230277856191,0,0.1851,29,6,0,1735,0,0.0,7808,60
-4.751874999999998,-inf,-76.02999999999997,16,63,dub_irish_dutch,0.22455296913782755,0,0.1841,26,6,0,1735,0,0.0,7936,61
-5.079375000000001,-inf,-81.27000000000001,16,68,dub_irish_dutch,0.2102439949909846,0,0.1832,22,6,0,1735,0,0.0,8064,62
-5.446874999999995,-inf,-87.14999999999992,16,74,dub_irish_dutch,0.24846588571866354,0,0.1823,29,6,0,1735,0,0.0,8192,63
-5.496249999999992,-inf,-87.93999999999987,16,75,dub_irish_dutch,0.22325251499811807,0,0.1814,29,6,0,1735,0,0.0,8320,64
-5.774666666666666,-inf,-86.61999999999999,15,73,dub_irish_dutch,0.2667560676733653,0,0.1805,21,6,0,1735,0,0.0,8448,65
-5.547333333333328,-inf,-83.20999999999992,15,70,dub_irish_dutch,0.2964419325192769,0,0.1796,31,6,0,1735,0,0.0,8576,66
-5.317499999999995,-inf,-85.07999999999991,16,72,dub_irish_dutch,0.2103602041800817,0,0.1787,21,6,0,1735,0,0.0,8704,67
-5.787857142857141,-inf,-81.02999999999997,14,68,dub_irish_dutch,0.3123965760072072,0,0.1778,28,6,0,1735,0,0.0,8832,68
-5.5137499999999955,-inf,-88.21999999999993,16,75,dub_irish_dutch,0.30063451329867047,0,0.1769,22,6,0,1735,0,0.0,8960,69
-5.6968749999999915,-inf,-91.14999999999986,16,78,dub_irish_dutch,0.30240978797276813,0,0.176,29,6,0,1735,0,0.0,9088,70
-5.005624999999995,-inf,-80.08999999999992,16,67,dub_irish_dutch,0.20486043393611908,0,0.1751,27,6,0,1735,0,0.0,9216,71
-5.181249999999996,-inf,-82.89999999999993,16,70,dub_irish_dutch,0.26666152477264404,0,0.1743,16,6,0,1735,0,0.0,9344,72
-5.167999999999996,-inf,-77.51999999999994,15,64,dub_irish_dutch,0.3017563621203105,0,0.1734,19,6,0,1735,0,0.0,9472,73
-5.020624999999993,-inf,-80.32999999999988,16,67,dub_irish_dutch,0.3118886450926463,0,0.1725,27,6,0,1735,0,0.0,9600,74
-5.506249999999994,0,-88.09999999999991,16,75,dub_irish_dutch,0.28616320093472797,0,0.1717,29,6,0,1735,0,0.0,9728,75
-5.07657805907173,0,-76.14867088607595,15,63,dub_irish_dutch,0.2561565438906352,0,0.1708,15,6,0,1735,0,0.0,9856,76
-4.961249999999998,-inf,-79.37999999999997,16,66,dub_irish_dutch,0.2574444115161896,0,0.1699,15,6,0,1735,0,0.0,9984,77
-5.204999999999995,-inf,-83.27999999999992,16,70,dub_irish_dutch,0.2770567536354065,0,0.1691,25,6,0,1735,0,0.0,10112,78
-4.890624999999993,-inf,-78.24999999999989,16,65,dub_irish_dutch,0.20753994584083557,0,0.1683,21,6,0,1735,0,0.0,10240,79
-4.506875000000001,-inf,-72.11000000000001,16,59,dub_irish_dutch,0.20827700197696686,0,0.1674,25,6,0,1735,0,0.0,10368,80
-4.696874999999999,-inf,-75.14999999999998,16,62,dub_irish_dutch,0.20133459071318308,0,0.1666,28,6,0,1735,0,0.0,10496,81
-4.932666666666664,-inf,-73.98999999999997,15,61,dub_irish_dutch,0.2917301456133525,0,0.1657,25,6,0,1735,0,0.0,10624,82
-4.687056962025319,0,-74.9929113924051,16,62,dub_irish_dutch,0.21773403386274973,0,0.1649,28,6,0,1735,0,0.0,10752,83
-4.820000000000001,-inf,-77.12000000000002,16,64,dub_irish_dutch,0.2859562635421753,0,0.1641,13,6,0,1735,0,0.0,10880,84
-4.074375000000003,-inf,-65.19000000000005,16,52,dub_irish_dutch,0.23087995251019797,0,0.1633,22,6,0,1735,0,0.0,11008,85
-4.992499999999997,-inf,-79.87999999999995,16,67,dub_irish_dutch,0.27248717347780865,0,0.1625,18,6,0,1735,0,0.0,11136,86
-4.435000000000003,-inf,-70.96000000000005,16,58,dub_irish_dutch,0.2940780421098073,0,0.1616,23,6,0,1735,0,0.0,11264,87
-4.386250000000002,-inf,-70.18000000000004,16,57,dub_irish_dutch,0.24062157173951468,0,0.1608,17,6,0,1735,0,0.0,11392,88
-4.683124999999997,-inf,-74.92999999999995,16,62,dub_irish_dutch,0.3161364793777466,0,0.16,34,6,0,1735,0,0.0,11520,89
-4.759374999999997,-inf,-76.14999999999995,16,63,dub_irish_dutch,0.1840706467628479,0,0.1592,20,6,0,1735,0,0.0,11648,90
-4.507416930379748,0,-72.11867088607598,16,59,dub_irish_dutch,0.18301362792650858,0,0.1584,19,6,0,1735,0,0.0,11776,91
-4.454999999999999,-inf,-71.27999999999999,16,58,dub_irish_dutch,0.27962958812713623,0,0.1576,15,6,0,1735,0,0.0,11904,92
-3.9425000000000052,-inf,-63.080000000000084,16,50,dub_irish_dutch,0.24782833456993103,0,0.1569,19,6,0,1735,0,0.0,12032,93
-4.202666666666672,-inf,-63.04000000000008,15,50,dub_irish_dutch,0.20503206551074982,0,0.1561,20,6,0,1735,0,0.0,12160,94
-4.995333333333336,-inf,-74.93000000000004,15,62,dub_irish_dutch,0.18866457045078278,0,0.1553,17,6,0,1735,0,0.0,12288,95
-3.830625000000005,-inf,-61.29000000000008,16,48,dub_irish_dutch,0.31695687770843506,0,0.1545,17,6,0,1735,0,0.0,12416,96
-3.890625000000001,-inf,-62.250000000000014,16,49,dub_irish_dutch,0.25433070460955304,0,0.1537,30,6,0,1735,0,0.0,12544,97
-4.062500000000007,-inf,-65.00000000000011,16,52,dub_irish_dutch,0.22623266776402792,0,0.153,24,6,0,1735,0,0.0,12672,98
-3.814375000000006,-inf,-61.03000000000009,16,48,dub_irish_dutch,0.19046115378538767,0,0.1522,25,6,0,1735,0,0.0,12800,99
-5.566249999999991,-inf,-89.05999999999986,16,76,dub_irish_dutch,1.0322096347808838,0,0.25,31,7,0,1736,0,0.0,128,0
-6.268666666666655,-inf,-94.02999999999982,15,81,dub_irish_dutch,1.098794937133789,0,0.2487,38,7,0,1736,0,0.0,256,1
-5.780714285714282,-inf,-80.92999999999995,14,68,dub_irish_dutch,0.9096067746480306,0,0.2475,28,7,0,1736,0,0.0,384,2
-6.671333333333322,-inf,-100.06999999999982,15,87,dub_irish_dutch,1.1576929489771526,0,0.2463,26,7,0,1736,0,0.0,512,3
-6.258749999999996,-inf,-100.13999999999993,16,87,dub_irish_dutch,1.1217037439346313,0,0.245,36,7,0,1736,0,0.0,640,4
-5.7506249999999905,-inf,-92.00999999999985,16,79,dub_irish_dutch,0.8398947318394979,0,0.2438,33,7,0,1736,0,0.0,768,5
-5.998041930379736,0,-95.96867088607577,16,83,dub_irish_dutch,0.7679620385169983,0,0.2426,24,7,0,1736,0,0.0,896,6
-6.011249999999993,-inf,-96.1799999999999,16,83,dub_irish_dutch,0.7510069211324056,0,0.2414,21,7,0,1736,0,0.0,1024,7
-5.631874999999992,-inf,-90.10999999999987,16,77,dub_irish_dutch,0.5430090427398682,0,0.2402,33,7,0,1736,0,0.0,1152,8
-5.87323534366576,0,-93.97176549865216,16,81,dub_irish_dutch,0.5851086974143982,0,0.239,28,7,0,1736,0,0.0,1280,9
-5.943124999999992,-inf,-95.08999999999988,16,82,dub_irish_dutch,0.4691295226414998,0,0.2378,32,7,0,1736,0,0.0,1408,10
-5.879374999999994,-inf,-94.06999999999991,16,81,dub_irish_dutch,0.4064941704273224,0,0.2366,28,7,0,1736,0,0.0,1536,11
-6.118124999999994,-inf,-97.8899999999999,16,85,dub_irish_dutch,0.3990964690844218,0,0.2354,39,7,0,1736,0,0.0,1664,12
-5.8137499999999935,-inf,-93.0199999999999,16,80,dub_irish_dutch,0.382994403441747,0,0.2342,25,7,0,1736,0,0.0,1792,13
-6.06478436657681,0,-90.97176549865215,15,78,dub_irish_dutch,0.3379577199618022,0,0.2331,34,7,0,1736,0,0.0,1920,14
-6.541999999999993,-inf,-98.1299999999999,15,85,dub_irish_dutch,0.4475813905398051,0,0.2319,29,7,0,1736,0,0.0,2048,15
-6.003333333333326,-inf,-90.04999999999988,15,77,dub_irish_dutch,0.306058406829834,0,0.2307,37,7,0,1736,0,0.0,2176,16
-6.133124999999991,-inf,-98.12999999999985,16,85,dub_irish_dutch,0.30630351106325787,0,0.2296,36,7,0,1736,0,0.0,2304,17
-5.8149999999999915,-inf,-93.03999999999986,16,80,dub_irish_dutch,0.27043556173642475,0,0.2284,36,7,0,1736,0,0.0,2432,18
-5.885735343665758,0,-94.17176549865212,16,81,dub_irish_dutch,0.3025275071461995,0,0.2273,32,7,0,1736,0,0.0,2560,19
-5.879999999999992,-inf,-94.07999999999987,16,81,dub_irish_dutch,0.31445345282554626,0,0.2262,31,7,0,1736,0,0.0,2688,20
-5.624999999999993,-inf,-89.99999999999989,16,77,dub_irish_dutch,0.29117878278096515,0,0.225,36,7,0,1736,0,0.0,2816,21
-5.621874999999991,-inf,-89.94999999999986,16,77,dub_irish_dutch,0.23622344434261322,0,0.2239,28,7,0,1736,0,0.0,2944,22
-5.323931962025313,0,-85.182911392405,16,72,dub_irish_dutch,0.2672093411286672,0,0.2228,28,7,0,1736,0,0.0,3072,23
-5.751874999999989,0,-92.02999999999983,16,79,dub_irish_dutch,0.2989000082015991,0,0.2217,28,7,0,1736,0,0.0,3200,24
-6.572142857142848,-inf,-92.00999999999986,14,79,dub_irish_dutch,0.40420688192049664,0,0.2206,29,7,0,1736,0,0.0,3328,25
-5.604666666666662,-inf,-84.06999999999994,15,71,dub_irish_dutch,0.27144630750020343,0,0.2195,19,7,0,1736,0,0.0,3456,26
-5.622499999999991,-inf,-89.95999999999985,16,77,dub_irish_dutch,0.27869704365730286,0,0.2184,26,7,0,1736,0,0.0,3584,27
-5.639374999999991,-inf,-90.22999999999986,16,77,dub_irish_dutch,0.2317992001771927,0,0.2173,32,7,0,1736,0,0.0,3712,28
-5.336874999999998,-inf,-85.38999999999997,16,72,dub_irish_dutch,0.3291682501633962,0,0.2162,34,7,0,1736,0,0.0,3840,29
-5.443124999999993,-inf,-87.08999999999989,16,74,dub_irish_dutch,0.26268508036931354,0,0.2151,32,7,0,1736,0,0.0,3968,30
-5.809999999999996,-inf,-92.95999999999994,16,80,dub_irish_dutch,0.3046843310197194,0,0.214,34,7,0,1736,0,0.0,4096,31
-5.553777274045506,0,-88.86043638472809,16,76,dub_irish_dutch,0.22955240309238434,0,0.213,36,7,0,1736,0,0.0,4224,32
-5.495624999999992,-inf,-87.92999999999988,16,75,dub_irish_dutch,0.2347667713960012,0,0.2119,35,7,0,1736,0,0.0,4352,33
-5.4356249999999955,-inf,-86.96999999999993,16,74,dub_irish_dutch,0.17550608019034067,0,0.2108,23,7,0,1736,0,0.0,4480,34
-5.7526819620253065,0,-92.0429113924049,16,79,dub_irish_dutch,0.2624220848083496,0,0.2098,30,7,0,1736,0,0.0,4608,35
-5.937499999999989,-inf,-94.99999999999983,16,82,dub_irish_dutch,0.3157511552174886,0,0.2087,34,7,0,1736,0,0.0,4736,36
-5.365624999999991,-inf,-85.84999999999985,16,73,dub_irish_dutch,0.2759459912776947,0,0.2077,21,7,0,1736,0,0.0,4864,37
-5.739999999999991,-inf,-91.83999999999986,16,79,dub_irish_dutch,0.2631231447060903,0,0.2066,30,7,0,1736,0,0.0,4992,38
-5.81312499999999,-inf,-93.00999999999983,16,80,dub_irish_dutch,0.285152534643809,0,0.2056,27,7,0,1736,0,0.0,5120,39
-5.708124999999996,-inf,-91.32999999999994,16,78,dub_irish_dutch,0.3085652490456899,0,0.2046,27,7,0,1736,0,0.0,5248,40
-5.618749999999994,-inf,-89.8999999999999,16,77,dub_irish_dutch,0.29598241051038104,0,0.2036,26,7,0,1736,0,0.0,5376,41
-5.379999999999995,-inf,-86.07999999999991,16,73,dub_irish_dutch,0.2538134256998698,0,0.2025,22,7,0,1736,0,0.0,5504,42
-5.626902274045507,0,-90.0304363847281,16,77,dub_irish_dutch,0.27366118629773456,0,0.2015,27,7,0,1736,0,0.0,5632,43
-5.460666666666664,-inf,-81.90999999999995,15,69,dub_irish_dutch,0.273571640253067,0,0.2005,20,7,0,1736,0,0.0,5760,44
-5.372499999999991,-inf,-85.95999999999985,16,73,dub_irish_dutch,0.25537870327631634,0,0.1995,20,7,0,1736,0,0.0,5888,45
-5.75874999999999,-inf,-92.13999999999984,16,79,dub_irish_dutch,0.3122556110223134,0,0.1985,25,7,0,1736,0,0.0,6016,46
-5.526666666666661,-inf,-82.89999999999992,15,70,dub_irish_dutch,0.2700973451137543,0,0.1975,17,7,0,1736,0,0.0,6144,47
-4.868124999999998,0,-77.88999999999997,16,65,dub_irish_dutch,0.2570437987645467,0,0.1965,24,7,0,1736,0,0.0,6272,48
-5.460666666666667,-inf,-81.91,15,69,dub_irish_dutch,0.3096253077189128,0,0.1956,18,7,0,1736,0,0.0,6400,49
-5.1867919303797425,0,-82.98867088607588,16,70,dub_irish_dutch,0.22989997267723083,0,0.1946,21,7,0,1736,0,0.0,6528,50
-5.176985343665763,0,-82.8317654986522,16,70,dub_irish_dutch,0.23230410118897757,0,0.1936,24,7,0,1736,0,0.0,6656,51
-5.308124999999992,-inf,-84.92999999999988,16,72,dub_irish_dutch,0.19509046773115793,0,0.1926,29,7,0,1736,0,0.0,6784,52
-4.869374999999998,-inf,-77.90999999999997,16,65,dub_irish_dutch,0.2279802362124125,0,0.1917,25,7,0,1736,0,0.0,6912,53
-4.75125,-inf,-76.02,16,63,dub_irish_dutch,0.2690328856309255,0,0.1907,21,7,0,1736,0,0.0,7040,54
-4.681250000000001,-inf,-74.90000000000002,16,62,dub_irish_dutch,0.19897630314032236,0,0.1898,22,7,0,1736,0,0.0,7168,55
-5.2412499999999955,-inf,-83.85999999999993,16,71,dub_irish_dutch,0.2632647554079692,0,0.1888,28,7,0,1736,0,0.0,7296,56
-5.1237499999999985,-inf,-81.97999999999998,16,69,dub_irish_dutch,0.25354601939519245,0,0.1879,28,7,0,1736,0,0.0,7424,57
-5.452499999999991,-inf,-87.23999999999985,16,74,dub_irish_dutch,0.25056931376457214,0,0.1869,26,7,0,1736,0,0.0,7552,58
-5.376874999999994,-inf,-86.0299999999999,16,73,dub_irish_dutch,0.21967815359433493,0,0.186,24,7,0,1736,0,0.0,7680,59
-5.472666666666661,-inf,-82.08999999999992,15,69,dub_irish_dutch,0.2641182541847229,0,0.1851,23,7,0,1736,0,0.0,7808,60
-5.056985343665767,0,-80.91176549865227,16,68,dub_irish_dutch,0.1835676928361257,0,0.1841,26,7,0,1736,0,0.0,7936,61
-5.428749999999993,-inf,-86.85999999999989,16,74,dub_irish_dutch,0.2652027904987335,0,0.1832,19,7,0,1736,0,0.0,8064,62
-5.116874999999997,-inf,-81.86999999999995,16,69,dub_irish_dutch,0.23047209282716116,0,0.1823,29,7,0,1736,0,0.0,8192,63
-4.6850000000000005,-inf,-74.96000000000001,16,62,dub_irish_dutch,0.28378575046857196,0,0.1814,28,7,0,1736,0,0.0,8320,64
-5.318124999999998,-inf,-85.08999999999997,16,72,dub_irish_dutch,0.23929100732008615,0,0.1805,28,7,0,1736,0,0.0,8448,65
-5.186360343665765,0,-82.98176549865224,16,70,dub_irish_dutch,0.21164971590042114,0,0.1796,22,7,0,1736,0,0.0,8576,66
-5.443749999999991,-inf,-87.09999999999985,16,74,dub_irish_dutch,0.24641796946525574,0,0.1787,25,7,0,1736,0,0.0,8704,67
-4.638125000000003,-inf,-74.21000000000005,16,61,dub_irish_dutch,0.18616886933644614,0,0.1778,27,7,0,1736,0,0.0,8832,68
-5.071874999999995,-inf,-81.14999999999992,16,68,dub_irish_dutch,0.24362999697526297,0,0.1769,19,7,0,1736,0,0.0,8960,69
-5.5050000000000034,-inf,-88.08000000000006,16,75,dub_irish_dutch,0.2413940578699112,0,0.176,25,7,0,1736,0,0.0,9088,70
-4.325,-inf,-69.2,16,56,dub_irish_dutch,0.22276659806569418,0,0.1751,17,7,0,1736,0,0.0,9216,71
-4.678124999999999,-inf,-74.84999999999998,16,62,dub_irish_dutch,0.17841371893882751,0,0.1743,20,7,0,1736,0,0.0,9344,72
-4.746973892405066,0,-75.95158227848106,16,63,dub_irish_dutch,0.2286792447169622,0,0.1734,21,7,0,1736,0,0.0,9472,73
-4.4962500000000025,-inf,-71.94000000000004,16,59,dub_irish_dutch,0.19459524750709534,0,0.1725,19,7,0,1736,0,0.0,9600,74
-4.865181962025316,0,-77.84291139240506,16,65,dub_irish_dutch,0.2562858760356903,0,0.1717,26,7,0,1736,0,0.0,9728,75
-4.435000000000003,-inf,-70.96000000000005,16,58,dub_irish_dutch,0.21224751075108847,0,0.1708,17,7,0,1736,0,0.0,9856,76
-4.999999999999997,-inf,-79.99999999999996,16,67,dub_irish_dutch,0.25578394532203674,0,0.1699,23,7,0,1736,0,0.0,9984,77
-4.63375,-inf,-74.14,16,61,dub_irish_dutch,0.2173354576031367,0,0.1691,23,7,0,1736,0,0.0,10112,78
-4.7425,-inf,-75.88,16,63,dub_irish_dutch,0.22683400909105936,0,0.1683,15,7,0,1736,0,0.0,10240,79
-5.127333333333334,-inf,-76.91000000000001,15,64,dub_irish_dutch,0.24066747725009918,0,0.1674,24,7,0,1736,0,0.0,10368,80
-4.808125000000001,-inf,-76.93000000000002,16,64,dub_irish_dutch,0.24881156285603842,0,0.1666,15,7,0,1736,0,0.0,10496,81
-5.001874999999995,-inf,-80.02999999999992,16,67,dub_irish_dutch,0.24206039309501648,0,0.1657,22,7,0,1736,0,0.0,10624,82
-4.82,-inf,-77.12,16,64,dub_irish_dutch,0.1803452968597412,0,0.1649,16,7,0,1736,0,0.0,10752,83
-5.123124999999994,-inf,-81.9699999999999,16,69,dub_irish_dutch,0.263865868250529,0,0.1641,18,7,0,1736,0,0.0,10880,84
-4.386250000000002,-inf,-70.18000000000004,16,57,dub_irish_dutch,0.18217624723911285,0,0.1633,15,7,0,1736,0,0.0,11008,85
-4.120625000000004,0,-65.93000000000006,16,53,dub_irish_dutch,0.22603541612625122,0,0.1625,16,7,0,1736,0,0.0,11136,86
-4.879374999999998,-inf,-78.06999999999996,16,65,dub_irish_dutch,0.25228090087572735,0,0.1616,21,7,0,1736,0,0.0,11264,87
-3.7475000000000085,-inf,-59.960000000000136,16,47,dub_irish_dutch,0.17197380463282266,0,0.1608,21,7,0,1736,0,0.0,11392,88
-4.432500000000004,-inf,-70.92000000000006,16,58,dub_irish_dutch,0.2251363346974055,0,0.16,21,7,0,1736,0,0.0,11520,89
-4.267500000000002,-inf,-68.28000000000003,16,55,dub_irish_dutch,0.2733885943889618,0,0.1592,23,7,0,1736,0,0.0,11648,90
-4.501250000000001,-inf,-72.02000000000001,16,59,dub_irish_dutch,0.28683094183603924,0,0.1584,22,7,0,1736,0,0.0,11776,91
-3.8050000000000055,-inf,-60.88000000000009,16,48,dub_irish_dutch,0.23966639737288156,0,0.1576,16,7,0,1736,0,0.0,11904,92
-4.182500000000006,-inf,-66.9200000000001,16,54,dub_irish_dutch,0.2191468079884847,0,0.1569,12,7,0,1736,0,0.0,12032,93
-4.251250000000004,-inf,-68.02000000000007,16,55,dub_irish_dutch,0.26486536860466003,0,0.1561,19,7,0,1736,0,0.0,12160,94
-4.139375000000003,-inf,-66.23000000000005,16,53,dub_irish_dutch,0.20818310976028442,0,0.1553,22,7,0,1736,0,0.0,12288,95
-3.680000000000007,-inf,-58.88000000000011,16,46,dub_irish_dutch,0.27033430337905884,0,0.1545,25,7,0,1736,0,0.0,12416,96
-4.442500000000005,-inf,-71.08000000000008,16,58,dub_irish_dutch,0.23899523417154947,0,0.1537,24,7,0,1736,0,0.0,12544,97
-3.5611669303797533,0,-56.97867088607605,16,44,dub_irish_dutch,0.27546173334121704,0,0.153,17,7,0,1736,0,0.0,12672,98
-4.5062500000000005,-inf,-72.10000000000001,16,59,dub_irish_dutch,0.2288381109635035,0,0.1522,25,7,0,1736,0,0.0,12800,99
-6.67599999999999,-inf,-100.13999999999986,15,87,dub_irish_dutch,1.1757144530614216,0,0.25,37,8,0,1737,0,0.0,128,0
-6.069999999999993,-inf,-97.11999999999989,16,84,dub_irish_dutch,1.028715968132019,0,0.2487,37,8,0,1737,0,0.0,256,1
-5.990624999999993,-inf,-95.8499999999999,16,83,dub_irish_dutch,0.9517080585161845,0,0.2475,29,8,0,1737,0,0.0,384,2
-6.064374999999992,-inf,-97.02999999999987,16,84,dub_irish_dutch,0.8591546416282654,0,0.2463,34,8,0,1737,0,0.0,512,3
-6.062499999999988,-inf,-96.9999999999998,16,84,dub_irish_dutch,0.8343785603841146,0,0.245,36,8,0,1737,0,0.0,640,4
-6.279999999999996,-inf,-94.19999999999993,15,81,dub_irish_dutch,0.7992777625719706,0,0.2438,30,8,0,1737,0,0.0,768,5
-5.938749999999988,-inf,-95.01999999999981,16,82,dub_irish_dutch,0.651272714138031,0,0.2426,33,8,0,1737,0,0.0,896,6
-5.937499999999993,-inf,-94.99999999999989,16,82,dub_irish_dutch,0.6235032478968302,0,0.2414,29,8,0,1737,0,0.0,1024,7
-6.5106249999999894,-inf,-104.16999999999983,16,91,dub_irish_dutch,0.7217002908388773,0,0.2402,24,8,0,1737,0,0.0,1152,8
-6.064999999999993,-inf,-97.03999999999989,16,84,dub_irish_dutch,0.609624187151591,0,0.239,37,8,0,1737,0,0.0,1280,9
-5.86866693037974,0,-93.89867088607583,16,81,dub_irish_dutch,0.509610136349996,0,0.2378,35,8,0,1737,0,0.0,1408,10
-6.142666666666659,-inf,-92.13999999999989,15,79,dub_irish_dutch,0.4459892213344574,0,0.2366,37,8,0,1737,0,0.0,1536,11
-5.8749999999999885,-inf,-93.99999999999982,16,81,dub_irish_dutch,0.4142339527606964,0,0.2354,29,8,0,1737,0,0.0,1664,12
-5.505624999999995,-inf,-88.08999999999992,16,75,dub_irish_dutch,0.3255610466003418,0,0.2342,30,8,0,1737,0,0.0,1792,13
-5.707499999999989,-inf,-91.31999999999982,16,78,dub_irish_dutch,0.35067009925842285,0,0.2331,26,8,0,1737,0,0.0,1920,14
-6.060361946202525,0,-96.9657911392404,16,84,dub_irish_dutch,0.3603086769580841,0,0.2319,33,8,0,1737,0,0.0,2048,15
-5.630624999999992,-inf,-90.08999999999988,16,77,dub_irish_dutch,0.28303871552149457,0,0.2307,25,8,0,1737,0,0.0,2176,16
-5.513749999999994,-inf,-88.2199999999999,16,75,dub_irish_dutch,0.239542285601298,0,0.2296,36,8,0,1737,0,0.0,2304,17
-5.571874999999999,-inf,-89.14999999999998,16,76,dub_irish_dutch,0.24456462760766348,0,0.2284,28,8,0,1737,0,0.0,2432,18
-5.991874999999989,-inf,-95.86999999999982,16,83,dub_irish_dutch,0.33286622166633606,0,0.2273,25,8,0,1737,0,0.0,2560,19
-5.676578059071725,0,-85.14867088607588,15,72,dub_irish_dutch,0.30329712231953937,0,0.2262,25,8,0,1737,0,0.0,2688,20
-5.997999999999996,-inf,-89.96999999999994,15,77,dub_irish_dutch,0.2692996760209401,0,0.225,23,8,0,1737,0,0.0,2816,21
-5.566249999999993,-inf,-89.05999999999989,16,76,dub_irish_dutch,0.3231505751609802,0,0.2239,26,8,0,1737,0,0.0,2944,22
-5.5675,-inf,-89.08,16,76,dub_irish_dutch,0.25387129187583923,0,0.2228,34,8,0,1737,0,0.0,3072,23
-5.443235343665763,0,-87.09176549865221,16,74,dub_irish_dutch,0.22238371272881827,0,0.2217,29,8,0,1737,0,0.0,3200,24
-5.688860343665762,0,-91.02176549865219,16,78,dub_irish_dutch,0.2917507092158,0,0.2206,29,8,0,1737,0,0.0,3328,25
-5.316249999999999,-inf,-85.05999999999999,16,72,dub_irish_dutch,0.22224506239096323,0,0.2195,28,8,0,1737,0,0.0,3456,26
-5.886249999999993,-inf,-94.1799999999999,16,81,dub_irish_dutch,0.297823965549469,0,0.2184,37,8,0,1737,0,0.0,3584,27
-5.563124999999992,-inf,-89.00999999999988,16,76,dub_irish_dutch,0.29321064551671344,0,0.2173,39,8,0,1737,0,0.0,3712,28
-5.447499999999995,-inf,-87.15999999999993,16,74,dub_irish_dutch,0.2486382027467092,0,0.2162,31,8,0,1737,0,0.0,3840,29
-5.54133333333333,-inf,-83.11999999999995,15,70,dub_irish_dutch,0.23363221685091654,0,0.2151,31,8,0,1737,0,0.0,3968,30
-5.932499999999993,0,-94.91999999999989,16,82,dub_irish_dutch,0.3140479028224945,0,0.214,28,8,0,1737,0,0.0,4096,31
-5.8824999999999905,-inf,-94.11999999999985,16,81,dub_irish_dutch,0.31972379485766095,0,0.213,35,8,0,1737,0,0.0,4224,32
-5.649999999999994,-inf,-90.3999999999999,16,77,dub_irish_dutch,0.312566339969635,0,0.2119,27,8,0,1737,0,0.0,4352,33
-5.402499999999996,0,-86.43999999999994,16,73,dub_irish_dutch,0.27178041140238446,0,0.2108,31,8,0,1737,0,0.0,4480,34
-5.6374999999999975,-inf,-90.19999999999996,16,77,dub_irish_dutch,0.273392657438914,0,0.2098,29,8,0,1737,0,0.0,4608,35
-5.316249999999994,-inf,-85.0599999999999,16,72,dub_irish_dutch,0.25656603773434955,0,0.2087,24,8,0,1737,0,0.0,4736,36
-5.508749999999999,-inf,-88.13999999999999,16,75,dub_irish_dutch,0.23068767786026,0,0.2077,26,8,0,1737,0,0.0,4864,37
-5.196249999999995,-inf,-83.13999999999992,16,70,dub_irish_dutch,0.25329774618148804,0,0.2066,26,8,0,1737,0,0.0,4992,38
-5.943999999999994,-inf,-89.15999999999991,15,76,dub_irish_dutch,0.3060003419717153,0,0.2056,22,8,0,1737,0,0.0,5120,39
-5.529911392405058,0,-82.94867088607587,15,70,dub_irish_dutch,0.25890981157620746,0,0.2046,26,8,0,1737,0,0.0,5248,40
-5.528124999999995,-inf,-88.44999999999992,16,75,dub_irish_dutch,0.2895344098409017,0,0.2036,22,8,0,1737,0,0.0,5376,41
-5.693124999999992,-inf,-91.08999999999988,16,78,dub_irish_dutch,0.24253340065479279,0,0.2025,28,8,0,1737,0,0.0,5504,42
-5.376874999999992,-inf,-86.02999999999987,16,73,dub_irish_dutch,0.21781453490257263,0,0.2015,26,8,0,1737,0,0.0,5632,43
-5.069999999999997,-inf,-81.11999999999995,16,68,dub_irish_dutch,0.2411459137996038,0,0.2005,27,8,0,1737,0,0.0,5760,44
-5.577499999999994,-inf,-89.23999999999991,16,76,dub_irish_dutch,0.2840782602628072,0,0.1995,35,8,0,1737,0,0.0,5888,45
-5.318235343665764,0,-85.09176549865222,16,72,dub_irish_dutch,0.2882310350735982,0,0.1985,29,8,0,1737,0,0.0,6016,46
-5.8149999999999915,-inf,-93.03999999999986,16,80,dub_irish_dutch,0.2700435221195221,0,0.1975,20,8,0,1737,0,0.0,6144,47
-5.443124999999993,-inf,-87.08999999999989,16,74,dub_irish_dutch,0.28518302241961163,0,0.1965,26,8,0,1737,0,0.0,6272,48
-5.321874999999997,-inf,-85.14999999999995,16,72,dub_irish_dutch,0.27800578872362774,0,0.1956,24,8,0,1737,0,0.0,6400,49
-5.752666666666658,-inf,-86.28999999999988,15,73,dub_irish_dutch,0.23175182938575745,0,0.1946,30,8,0,1737,0,0.0,6528,50
-5.390624999999992,-inf,-86.24999999999987,16,73,dub_irish_dutch,0.24482795596122742,0,0.1936,26,8,0,1737,0,0.0,6656,51
-5.32080696202531,0,-85.13291139240496,16,72,dub_irish_dutch,0.2714998225371043,0,0.1926,24,8,0,1737,0,0.0,6784,52
-4.699374999999999,-inf,-75.18999999999998,16,62,dub_irish_dutch,0.18924100697040558,0,0.1917,23,8,0,1737,0,0.0,6912,53
-5.19518196202531,0,-83.12291139240496,16,70,dub_irish_dutch,0.28214917580286664,0,0.1907,28,8,0,1737,0,0.0,7040,54
-4.869375,-inf,-77.91,16,65,dub_irish_dutch,0.20741269489129385,0,0.1898,29,8,0,1737,0,0.0,7168,55
-5.146249999999995,-inf,-82.33999999999992,16,69,dub_irish_dutch,0.3005970021088918,0,0.1888,21,8,0,1737,0,0.0,7296,56
-5.001166930379747,0,-80.01867088607595,16,67,dub_irish_dutch,0.28037670254707336,0,0.1879,24,8,0,1737,0,0.0,7424,57
-5.063749999999997,-inf,-81.01999999999995,16,68,dub_irish_dutch,0.2574126223723094,0,0.1869,18,8,0,1737,0,0.0,7552,58
-4.8768749999999965,-inf,-78.02999999999994,16,65,dub_irish_dutch,0.204342191418012,0,0.186,18,8,0,1737,0,0.0,7680,59
-4.959999999999996,-inf,-79.35999999999994,16,66,dub_irish_dutch,0.2338933696349462,0,0.1851,19,8,0,1737,0,0.0,7808,60
-5.621874999999997,-inf,-89.94999999999995,16,77,dub_irish_dutch,0.30263180534044903,0,0.1841,24,8,0,1737,0,0.0,7936,61
-5.379375,-inf,-86.07,16,73,dub_irish_dutch,0.2660314937432607,0,0.1832,17,8,0,1737,0,0.0,8064,62
-4.871249999999998,-inf,-77.93999999999997,16,65,dub_irish_dutch,0.23160570859909058,0,0.1823,25,8,0,1737,0,0.0,8192,63
-5.124999999999996,-inf,-81.99999999999993,16,69,dub_irish_dutch,0.23267660041650137,0,0.1814,24,8,0,1737,0,0.0,8320,64
-5.181249999999996,0,-82.89999999999993,16,70,dub_irish_dutch,0.2830008566379547,0,0.1805,27,8,0,1737,0,0.0,8448,65
-4.991360343665766,0,-79.86176549865226,16,67,dub_irish_dutch,0.20865500470002493,0,0.1796,14,8,0,1737,0,0.0,8576,66
-4.881249999999994,-inf,-78.09999999999991,16,65,dub_irish_dutch,0.2713693678379059,0,0.1787,20,8,0,1737,0,0.0,8704,67
-4.997911392405066,0,-74.96867088607598,15,62,dub_irish_dutch,0.2829779287179311,0,0.1778,18,8,0,1737,0,0.0,8832,68
-4.5037499999999975,0,-72.05999999999996,16,59,dub_irish_dutch,0.20625449220339456,0,0.1769,17,8,0,1737,0,0.0,8960,69
-4.43268196202532,0,-70.92291139240513,16,58,dub_irish_dutch,0.18649250268936157,0,0.176,20,8,0,1737,0,0.0,9088,70
-4.248750000000006,-inf,-67.98000000000009,16,55,dub_irish_dutch,0.2017779896656672,0,0.1751,20,8,0,1737,0,0.0,9216,71
-4.996875,-inf,-79.95,16,67,dub_irish_dutch,0.2915894289811452,0,0.1743,28,8,0,1737,0,0.0,9344,72
-4.316875000000005,-inf,-69.07000000000008,16,56,dub_irish_dutch,0.27900708715120953,0,0.1734,22,8,0,1737,0,0.0,9472,73
-4.382499999999999,0,-70.11999999999999,16,57,dub_irish_dutch,0.25788240631421405,0,0.1725,22,8,0,1737,0,0.0,9600,74
-4.44,-inf,-71.04,16,58,dub_irish_dutch,0.22307217617829642,0,0.1717,26,8,0,1737,0,0.0,9728,75
-4.309375000000003,-inf,-68.95000000000005,16,56,dub_irish_dutch,0.2220119833946228,0,0.1708,19,8,0,1737,0,0.0,9856,76
-4.248750000000004,-inf,-67.98000000000006,16,55,dub_irish_dutch,0.3325890103975932,0,0.1699,17,8,0,1737,0,0.0,9984,77
-4.113750000000008,-inf,-65.82000000000012,16,53,dub_irish_dutch,0.29129065076510113,0,0.1691,21,8,0,1737,0,0.0,10112,78
-4.123750000000007,-inf,-65.98000000000012,16,53,dub_irish_dutch,0.2493092268705368,0,0.1683,22,8,0,1737,0,0.0,10240,79
-4.429375000000001,-inf,-70.87000000000002,16,58,dub_irish_dutch,0.23831392327944437,0,0.1674,21,8,0,1737,0,0.0,10368,80
-4.002500000000006,0,-64.04000000000009,16,51,dub_irish_dutch,0.22145181397596994,0,0.1666,20,8,0,1737,0,0.0,10496,81
-3.383750000000003,-inf,-54.14000000000005,16,41,dub_irish_dutch,0.26308542490005493,0,0.1657,22,8,0,1737,0,0.0,10624,82
-4.300000000000006,-inf,-68.8000000000001,16,56,dub_irish_dutch,0.23342986901601157,0,0.1649,21,8,0,1737,0,0.0,10752,83
-3.492500000000007,0,-55.88000000000011,16,43,dub_irish_dutch,0.26045695940653485,0,0.1641,24,8,0,1737,0,0.0,10880,84
-3.7518750000000063,-inf,-60.0300000000001,16,47,dub_irish_dutch,0.22765727837880453,0,0.1633,25,8,0,1737,0,0.0,11008,85
-4.0662500000000055,-inf,-65.06000000000009,16,52,dub_irish_dutch,0.26646798849105835,0,0.1625,27,8,0,1737,0,0.0,11136,86
-3.7400000000000078,0,-59.840000000000124,16,47,dub_irish_dutch,0.17447877923647562,0,0.1616,21,8,0,1737,0,0.0,11264,87
-3.558750000000006,-inf,-56.9400000000001,16,44,dub_irish_dutch,0.19417755802472433,0,0.1608,16,8,0,1737,0,0.0,11392,88
-3.501875000000006,-inf,-56.03000000000009,16,43,dub_irish_dutch,0.17107493182023367,0,0.16,26,8,0,1737,0,0.0,11520,89
-3.867500000000008,-inf,-61.88000000000013,16,49,dub_irish_dutch,0.23930973807970682,0,0.1592,20,8,0,1737,0,0.0,11648,90
-3.2387500000000062,-inf,-51.8200000000001,16,39,dub_irish_dutch,0.3179136614004771,0,0.1584,29,8,0,1737,0,0.0,11776,91
-2.864375000000007,-inf,-45.83000000000011,16,33,dub_irish_dutch,0.2559010287125905,0,0.1576,18,8,0,1737,0,0.0,11904,92
-4.246875000000005,-inf,-67.95000000000007,16,55,dub_irish_dutch,0.24320904413859049,0,0.1569,24,8,0,1737,0,0.0,12032,93
-3.4268750000000074,-inf,-54.83000000000012,16,42,dub_irish_dutch,0.32837093869845074,0,0.1561,21,8,0,1737,0,0.0,12160,94
-3.623125000000006,-inf,-57.9700000000001,16,45,dub_irish_dutch,0.29186365008354187,0,0.1553,26,8,0,1737,0,0.0,12288,95
-3.3006250000000077,-inf,-52.81000000000012,16,40,dub_irish_dutch,0.28533785541852313,0,0.1545,24,8,0,1737,0,0.0,12416,96
-3.3062500000000052,-inf,-52.900000000000084,16,40,dub_irish_dutch,0.24348798394203186,0,0.1537,20,8,0,1737,0,0.0,12544,97
-3.6843750000000073,-inf,-58.95000000000012,16,46,dub_irish_dutch,0.2030965785185496,0,0.153,20,8,0,1737,0,0.0,12672,98
-3.257500000000005,-inf,-52.12000000000008,16,39,dub_irish_dutch,0.18797406554222107,0,0.1522,21,8,0,1737,0,0.0,12800,99
-6.439374999999993,-inf,-103.02999999999989,16,90,dub_irish_dutch,1.4094244241714478,0,0.25,33,9,0,1738,0,0.0,128,0
-6.07249999999999,-inf,-97.15999999999984,16,84,dub_irish_dutch,1.2177781263987224,0,0.2487,39,9,0,1738,0,0.0,256,1
-5.624374999999995,-inf,-89.98999999999992,16,77,dub_irish_dutch,0.9698012272516886,0,0.2475,29,9,0,1738,0,0.0,384,2
-6.192194092826993,0,-92.88291139240489,15,80,dub_irish_dutch,1.1344700654347737,0,0.2463,36,9,0,1738,0,0.0,512,3
-5.956166930379734,0,-95.29867088607574,16,82,dub_irish_dutch,1.0010373989741008,0,0.245,32,9,0,1738,0,0.0,640,4
-5.9368749999999935,-inf,-94.9899999999999,16,82,dub_irish_dutch,0.87517382701238,0,0.2438,34,9,0,1738,0,0.0,768,5
-5.930624999999989,-inf,-94.88999999999983,16,82,dub_irish_dutch,0.8122304081916809,0,0.2426,26,9,0,1738,0,0.0,896,6
-5.808124999999991,-inf,-92.92999999999985,16,80,dub_irish_dutch,0.8049532373746237,0,0.2414,29,9,0,1738,0,0.0,1024,7
-6.126874999999992,-inf,-98.02999999999987,16,85,dub_irish_dutch,0.7712282737096151,0,0.2402,27,9,0,1738,0,0.0,1152,8
-6.596666666666653,-inf,-98.9499999999998,15,86,dub_irish_dutch,0.8657392660776774,0,0.239,35,9,0,1738,0,0.0,1280,9
-5.814374999999992,-inf,-93.02999999999987,16,80,dub_irish_dutch,0.5820801059405009,0,0.2378,33,9,0,1738,0,0.0,1408,10
-6.3539999999999885,-inf,-95.30999999999983,15,82,dub_irish_dutch,0.6417543093363444,0,0.2366,39,9,0,1738,0,0.0,1536,11
-6.196666666666658,-inf,-92.94999999999987,15,80,dub_irish_dutch,0.5264538526535034,0,0.2354,42,9,0,1738,0,0.0,1664,12
-5.5587499999999945,-inf,-88.93999999999991,16,76,dub_irish_dutch,0.3956162432829539,0,0.2342,28,9,0,1738,0,0.0,1792,13
-5.449556962025308,0,-87.19291139240492,16,74,dub_irish_dutch,0.35750048359235126,0,0.2331,27,9,0,1738,0,0.0,1920,14
-5.490110343665763,0,-87.84176549865221,16,75,dub_irish_dutch,0.34828782081604004,0,0.2319,28,9,0,1738,0,0.0,2048,15
-5.370624999999999,-inf,-85.92999999999998,16,73,dub_irish_dutch,0.33814913034439087,0,0.2307,20,9,0,1738,0,0.0,2176,16
-5.999999999999994,-inf,-95.9999999999999,16,83,dub_irish_dutch,0.3745758533477783,0,0.2296,30,9,0,1738,0,0.0,2304,17
-5.879999999999995,-inf,-94.07999999999991,16,81,dub_irish_dutch,0.3561786115169525,0,0.2284,29,9,0,1738,0,0.0,2432,18
-5.933052742616024,0,-88.99579113924035,15,76,dub_irish_dutch,0.31888601183891296,0,0.2273,35,9,0,1738,0,0.0,2560,19
-5.751249999999993,-inf,-92.01999999999988,16,79,dub_irish_dutch,0.3006969590981801,0,0.2262,32,9,0,1738,0,0.0,2688,20
-6.18799999999999,-inf,-92.81999999999985,15,80,dub_irish_dutch,0.33206931749979657,0,0.225,31,9,0,1738,0,0.0,2816,21
-5.69624999999999,-inf,-91.13999999999984,16,78,dub_irish_dutch,0.24708696206410727,0,0.2239,26,9,0,1738,0,0.0,2944,22
-5.566874999999995,-inf,-89.06999999999992,16,76,dub_irish_dutch,0.24808144072691599,0,0.2228,18,9,0,1738,0,0.0,3072,23
-5.443749999999989,-inf,-87.09999999999982,16,74,dub_irish_dutch,0.24123001595338187,0,0.2217,27,9,0,1738,0,0.0,3200,24
-5.873124999999995,-inf,-93.96999999999991,16,81,dub_irish_dutch,0.3225049078464508,0,0.2206,41,9,0,1738,0,0.0,3328,25
-5.650624999999991,-inf,-90.40999999999985,16,77,dub_irish_dutch,0.26810333132743835,0,0.2195,29,9,0,1738,0,0.0,3456,26
-5.696249999999989,-inf,-91.13999999999983,16,78,dub_irish_dutch,0.24920437236626944,0,0.2184,28,9,0,1738,0,0.0,3584,27
-5.260806962025313,0,-84.17291139240501,16,71,dub_irish_dutch,0.22937341034412384,0,0.2173,25,9,0,1738,0,0.0,3712,28
-5.509374999999994,-inf,-88.1499999999999,16,75,dub_irish_dutch,0.2653614779313405,0,0.2162,25,9,0,1738,0,0.0,3840,29
-5.31875,-inf,-85.1,16,72,dub_irish_dutch,0.2558248241742452,0,0.2151,29,9,0,1738,0,0.0,3968,30
-5.450624999999994,-inf,-87.20999999999991,16,74,dub_irish_dutch,0.2550913790861766,0,0.214,35,9,0,1738,0,0.0,4096,31
-6.068666666666663,-inf,-91.02999999999994,15,78,dub_irish_dutch,0.3215670883655548,0,0.213,16,9,0,1738,0,0.0,4224,32
-4.805110343665765,0,-76.88176549865224,16,64,dub_irish_dutch,0.18948658307393393,0,0.2119,25,9,0,1738,0,0.0,4352,33
-5.518124999999994,-inf,-88.2899999999999,16,75,dub_irish_dutch,0.2555895249048869,0,0.2108,18,9,0,1738,0,0.0,4480,34
-5.317499999999995,-inf,-85.07999999999991,16,72,dub_irish_dutch,0.2810324728488922,0,0.2098,25,9,0,1738,0,0.0,4608,35
-5.493124999999993,-inf,-87.88999999999989,16,75,dub_irish_dutch,0.2582498292128245,0,0.2087,27,9,0,1738,0,0.0,4736,36
-5.124999999999995,-inf,-81.99999999999991,16,69,dub_irish_dutch,0.23416904111703238,0,0.2077,28,9,0,1738,0,0.0,4864,37
-5.3849999999999945,-inf,-86.15999999999991,16,73,dub_irish_dutch,0.22262475887934366,0,0.2066,28,9,0,1738,0,0.0,4992,38
-5.240624999999995,-inf,-83.84999999999992,16,71,dub_irish_dutch,0.2541932662328084,0,0.2056,20,9,0,1738,0,0.0,5120,39
-5.131874999999994,-inf,-82.1099999999999,16,69,dub_irish_dutch,0.2380869835615158,0,0.2046,20,9,0,1738,0,0.0,5248,40
-5.618124999999995,-inf,-89.88999999999992,16,77,dub_irish_dutch,0.32067350546518963,0,0.2036,27,9,0,1738,0,0.0,5376,41
-5.259999999999996,-inf,-84.15999999999994,16,71,dub_irish_dutch,0.2645437816778819,0,0.2025,22,9,0,1738,0,0.0,5504,42
-5.199333333333329,-inf,-77.98999999999994,15,65,dub_irish_dutch,0.2915938099225362,0,0.2015,27,9,0,1738,0,0.0,5632,43
-4.685624999999998,-inf,-74.96999999999997,16,62,dub_irish_dutch,0.21561710039774576,0,0.2005,32,9,0,1738,0,0.0,5760,44
-4.6918750000000005,-inf,-75.07000000000001,16,62,dub_irish_dutch,0.20846465726693472,0,0.1995,20,9,0,1738,0,0.0,5888,45
-4.996874999999998,-inf,-79.94999999999997,16,67,dub_irish_dutch,0.2456537832816442,0,0.1985,24,9,0,1738,0,0.0,6016,46
-5.374999999999995,-inf,-85.99999999999991,16,73,dub_irish_dutch,0.23660053809483847,0,0.1975,36,9,0,1738,0,0.0,6144,47
-5.444374999999998,-inf,-87.10999999999997,16,74,dub_irish_dutch,0.266813983519872,0,0.1965,33,9,0,1738,0,0.0,6272,48
-5.249999999999994,-inf,-83.9999999999999,16,71,dub_irish_dutch,0.2554400563240051,0,0.1956,27,9,0,1738,0,0.0,6400,49
-4.936875,-inf,-78.99,16,66,dub_irish_dutch,0.2618579665819804,0,0.1946,27,9,0,1738,0,0.0,6528,50
-4.9375,-inf,-79,16,66,dub_irish_dutch,0.24180211623509726,0,0.1936,16,9,0,1738,0,0.0,6656,51
-5.573124999999993,-inf,-89.16999999999989,16,76,dub_irish_dutch,0.2647259632746379,0,0.1926,29,9,0,1738,0,0.0,6784,52
-5.116874999999995,-inf,-81.86999999999992,16,69,dub_irish_dutch,0.2511342118183772,0,0.1917,21,9,0,1738,0,0.0,6912,53
-4.568125,-inf,-73.09,16,60,dub_irish_dutch,0.23942788441975912,0,0.1907,27,9,0,1738,0,0.0,7040,54
-4.816249999999997,0,-77.05999999999995,16,64,dub_irish_dutch,0.2913796305656433,0,0.1898,20,9,0,1738,0,0.0,7168,55
-5.116874999999996,-inf,-81.86999999999993,16,69,dub_irish_dutch,0.27326993147532147,0,0.1888,24,9,0,1738,0,0.0,7296,56
-5.246874999999995,-inf,-83.94999999999992,16,71,dub_irish_dutch,0.29126574595769245,0,0.1879,29,9,0,1738,0,0.0,7424,57
-4.8193750000000035,-inf,-77.11000000000006,16,64,dub_irish_dutch,0.25923189520835876,0,0.1869,26,9,0,1738,0,0.0,7552,58
-4.867499999999999,-inf,-77.87999999999998,16,65,dub_irish_dutch,0.29784849286079407,0,0.186,21,9,0,1738,0,0.0,7680,59
-4.686874999999998,-inf,-74.98999999999997,16,62,dub_irish_dutch,0.26696420709292096,0,0.1851,22,9,0,1738,0,0.0,7808,60
-4.6187499999999995,-inf,-73.89999999999999,16,61,dub_irish_dutch,0.24579096833864847,0,0.1841,23,9,0,1738,0,0.0,7936,61
-4.24518196202532,0,-67.92291139240513,16,55,dub_irish_dutch,0.19301100571950278,0,0.1832,27,9,0,1738,0,0.0,8064,62
-5.186874999999997,-inf,-82.98999999999995,16,70,dub_irish_dutch,0.28994184732437134,0,0.1823,26,9,0,1738,0,0.0,8192,63
-4.180000000000006,-inf,-66.8800000000001,16,54,dub_irish_dutch,0.2480970819791158,0,0.1814,24,9,0,1738,0,0.0,8320,64
-4.62375,-inf,-73.98,16,61,dub_irish_dutch,0.23379173874855042,0,0.1805,16,9,0,1738,0,0.0,8448,65
-4.300000000000005,-inf,-68.80000000000008,16,56,dub_irish_dutch,0.20926843086878458,0,0.1796,14,9,0,1738,0,0.0,8576,66
-4.550000000000002,0,-72.80000000000003,16,60,dub_irish_dutch,0.2285017967224121,0,0.1787,26,9,0,1738,0,0.0,8704,67
-3.9293750000000074,-inf,-62.87000000000012,16,50,dub_irish_dutch,0.20467926561832428,0,0.1778,25,9,0,1738,0,0.0,8832,68
-4.179375000000005,0,-66.87000000000008,16,54,dub_irish_dutch,0.36458056171735126,0,0.1769,22,9,0,1738,0,0.0,8960,69
-4.250000000000002,-inf,-68.00000000000003,16,55,dub_irish_dutch,0.21345279614130655,0,0.176,17,9,0,1738,0,0.0,9088,70
-4.050541930379754,0,-64.80867088607606,16,52,dub_irish_dutch,0.24853495756785074,0,0.1751,21,9,0,1738,0,0.0,9216,71
-4.385,-inf,-70.16,16,57,dub_irish_dutch,0.3214580913384755,0,0.1743,21,9,0,1738,0,0.0,9344,72
-4.559999999999999,-inf,-72.95999999999998,16,60,dub_irish_dutch,0.260181466738383,0,0.1734,24,9,0,1738,0,0.0,9472,73
-3.870625000000008,-inf,-61.93000000000013,16,49,dub_irish_dutch,0.26232263445854187,0,0.1725,20,9,0,1738,0,0.0,9600,74
-4.058125000000005,-inf,-64.93000000000008,16,52,dub_irish_dutch,0.2284775972366333,0,0.1717,16,9,0,1738,0,0.0,9728,75
-3.740625000000006,-inf,-59.850000000000094,16,47,dub_irish_dutch,0.3001476228237152,0,0.1708,16,9,0,1738,0,0.0,9856,76
-3.950181962025319,0,-63.202911392405106,16,50,dub_irish_dutch,0.2347425272067388,0,0.1699,14,9,0,1738,0,0.0,9984,77
-3.6887500000000073,-inf,-59.02000000000012,16,46,dub_irish_dutch,0.24078128238519034,0,0.1691,23,9,0,1738,0,0.0,10112,78
-4.371250000000003,-inf,-69.94000000000005,16,57,dub_irish_dutch,0.24314560492833456,0,0.1683,22,9,0,1738,0,0.0,10240,79
-3.811875000000006,-inf,-60.990000000000094,16,48,dub_irish_dutch,0.17088202635447183,0,0.1674,18,9,0,1738,0,0.0,10368,80
-3.811250000000006,-inf,-60.980000000000096,16,48,dub_irish_dutch,0.284161110719045,0,0.1666,27,9,0,1738,0,0.0,10496,81
-4.120000000000007,-inf,-65.92000000000012,16,53,dub_irish_dutch,0.17641069988409677,0,0.1657,21,9,0,1738,0,0.0,10624,82
-3.939375000000006,-inf,-63.03000000000009,16,50,dub_irish_dutch,0.28175240755081177,0,0.1649,26,9,0,1738,0,0.0,10752,83
-4.319375000000002,-inf,-69.11000000000003,16,56,dub_irish_dutch,0.22177972396214804,0,0.1641,17,9,0,1738,0,0.0,10880,84
-3.750625000000007,-inf,-60.01000000000011,16,47,dub_irish_dutch,0.20999752481778464,0,0.1633,20,9,0,1738,0,0.0,11008,85
-3.505625000000006,-inf,-56.090000000000096,16,43,dub_irish_dutch,0.1987057626247406,0,0.1625,23,9,0,1738,0,0.0,11136,86
-3.628750000000004,-inf,-58.060000000000066,16,45,dub_irish_dutch,0.1848721206188202,0,0.1616,23,9,0,1738,0,0.0,11264,87
-3.3625000000000056,0,-53.80000000000009,16,41,dub_irish_dutch,0.4641444186369578,0,0.1608,19,9,0,1738,0,0.0,11392,88
-3.2450000000000054,-inf,-51.92000000000009,16,39,dub_irish_dutch,0.279450664917628,0,0.16,22,9,0,1738,0,0.0,11520,89
-3.9306250000000067,-inf,-62.89000000000011,16,50,dub_irish_dutch,0.2437866727511088,0,0.1592,21,9,0,1738,0,0.0,11648,90
-3.487500000000007,-inf,-55.80000000000011,16,43,dub_irish_dutch,0.2339971959590912,0,0.1584,24,9,0,1738,0,0.0,11776,91
-3.5050000000000057,-inf,-56.08000000000009,16,43,dub_irish_dutch,0.23756739993890127,0,0.1576,18,9,0,1738,0,0.0,11904,92
-3.627500000000006,-inf,-58.0400000000001,16,45,dub_irish_dutch,0.22564505537350973,0,0.1569,21,9,0,1738,0,0.0,12032,93
-3.3093750000000055,-inf,-52.95000000000009,16,40,dub_irish_dutch,0.3312152028083801,0,0.1561,24,9,0,1738,0,0.0,12160,94
-3.2525000000000053,-inf,-52.040000000000084,16,39,dub_irish_dutch,0.29335054755210876,0,0.1553,22,9,0,1738,0,0.0,12288,95
-2.8118750000000046,-inf,-44.99000000000007,16,32,dub_irish_dutch,0.29381434122721356,0,0.1545,15,9,0,1738,0,0.0,12416,96
-3.3887500000000053,-inf,-54.220000000000084,16,41,dub_irish_dutch,0.2733013331890106,0,0.1537,14,9,0,1738,0,0.0,12544,97
-2.8837500000000054,-inf,-46.140000000000086,16,33,dub_irish_dutch,0.2145407646894455,0,0.153,21,9,0,1738,0,0.0,12672,98
-3.8126819620253225,0,-61.00291139240516,16,48,dub_irish_dutch,0.23423659801483154,0,0.1522,19,9,0,1738,0,0.0,12800,99
