avg_entropy,avg_reward_per_episode,best_tax_advantage,cumulative_reward,dead_end_count,episode_count,invalid_count,loophole,loss,positive_reward_count,random_action_prob,random_exploration_count,run,saved_snapshots,seed,success_count,success_rate,total_steps,update
0.22950678935740143,-0.12085137085137086,42,-2.537878787878788,11,21,0,subsidiary_stock_comp,1.585836370786031,2,0.25,34,0,0,1729,0,0.0,128,0
0.31496762869574013,-0.19471500721500723,158,-5.452020202020202,25,28,0,subsidiary_stock_comp,0.7589591145515442,2,0.2487,29,0,0,1729,0,0.0,256,1
0.21842105524865474,-0.09722222222222222,0,-1.75,7,18,0,subsidiary_stock_comp,0.5070104151964188,0,0.2475,20,0,0,1729,0,0.0,384,2
0.26378612654298195,-0.1018939393939394,42,-2.037878787878788,9,20,0,subsidiary_stock_comp,0.41061293085416156,1,0.2463,31,0,0,1729,0,0.0,512,3
0.23151356403104728,-0.11904761904761904,0,-2.5,10,21,0,subsidiary_stock_comp,0.31559544801712036,0,0.245,34,0,0,1729,0,0.0,640,4
0.16481200531779905,0.041666666666666664,198,0.75,5,18,0,subsidiary_stock_comp,0.124930489808321,2,0.2438,30,0,0,1729,1,0.05555555555555555,768,5
0.19229462740258896,-0.10526315789473684,0,-2,8,19,0,subsidiary_stock_comp,0.17872113982836405,0,0.2426,41,0,0,1729,0,0.0,896,6
0.2519988832718809,0.010606060606060596,198,0.21212121212121193,8,20,0,subsidiary_stock_comp,0.11510307590166728,3,0.2414,23,0,0,1729,1,0.05,1024,7
0.32569297914596973,-0.11151515151515153,198,-2.787878787878788,20,25,0,subsidiary_stock_comp,0.10318513711293538,3,0.2402,29,0,0,1729,1,0.04,1152,8
0.36912307007878553,-0.11327561327561327,198,-3.1717171717171713,24,28,0,subsidiary_stock_comp,0.09943770865599315,7,0.239,38,0,0,1729,1,0.03571428571428571,1280,9
0.3134364492580062,-0.18308080808080807,42,-4.027777777777778,17,22,0,subsidiary_stock_comp,0.05023875832557678,2,0.2378,20,0,0,1729,0,0.0,1408,10
0.21040587934840005,-0.1111111111111111,0,-2,8,18,0,subsidiary_stock_comp,0.06867806613445282,0,0.2366,29,0,0,1729,0,0.0,1536,11
0.18274076434317976,-0.1125,0,-2.25,9,20,0,subsidiary_stock_comp,0.028692411879698437,0,0.2354,30,0,0,1729,0,0.0,1664,12
0.21121469425270334,-0.15217391304347827,0,-3.5,14,23,0,subsidiary_stock_comp,0.017122389283031225,0,0.2342,20,0,0,1729,0,0.0,1792,13
0.20397784980013967,-0.07352941176470588,0,-1.25,5,17,0,subsidiary_stock_comp,0.04382385561863581,0,0.2331,36,0,0,1729,0,0.0,1920,14
0.1819081695866771,-0.10526315789473684,0,-2,8,19,0,subsidiary_stock_comp,0.06515469650427501,0,0.2319,26,0,0,1729,0,0.0,2048,15
0.21124180749757215,-0.05289001122334455,158,-0.952020202020202,7,18,0,subsidiary_stock_comp,0.05409980068604151,2,0.2307,26,0,0,1729,0,0.0,2176,16
0.21215316248708405,-0.0726010101010101,158,-1.452020202020202,9,20,0,subsidiary_stock_comp,0.03959049998472134,2,0.2296,37,0,0,1729,0,0.0,2304,17
0.2358510181074962,-0.08459595959595959,158,-1.6919191919191918,10,20,0,subsidiary_stock_comp,0.04366893755892912,3,0.2284,31,0,0,1729,0,0.0,2432,18
0.22451465378981084,-0.0501063264221159,158,-0.952020202020202,7,19,0,subsidiary_stock_comp,0.08469642698764801,2,0.2273,21,0,0,1729,0,0.0,2560,19
0.2337450252380222,-0.07876382876382876,158,-1.654040404040404,13,21,0,subsidiary_stock_comp,0.08267685274283092,4,0.2262,21,0,0,1729,0,0.0,2688,20
0.30013023072388023,0.016474266474266478,198,0.345959595959596,13,21,0,subsidiary_stock_comp,0.06405487408240636,6,0.225,30,0,0,1729,1,0.047619047619047616,2816,21
0.4455134298186749,0.036161616161616165,160,0.9040404040404042,22,25,0,subsidiary_stock_comp,0.00904021163781484,18,0.2239,36,0,0,1729,0,0.0,2944,22
0.4939998681657016,0.30622009569377984,166,5.818181818181817,12,19,0,subsidiary_stock_comp,0.011384864648183187,36,0.2228,32,0,0,1729,0,0.0,3072,23
0.41379147325642407,0.3142135642135641,160,6.598484848484847,13,21,0,subsidiary_stock_comp,0.004418924450874329,34,0.2217,25,0,0,1729,0,0.0,3200,24
0.48050047690048814,0.46969696969696995,164,9.863636363636369,14,21,0,subsidiary_stock_comp,0.05693915983041128,65,0.2206,27,0,0,1729,0,0.0,3328,25
0.4099762322148308,0.41047979797979794,198,8.209595959595958,11,20,0,subsidiary_stock_comp,0.05718459685643514,49,0.2195,30,0,0,1729,1,0.05,3456,26
0.45101018517743796,0.4112174375332271,164,7.813131313131315,10,19,0,subsidiary_stock_comp,-0.007820207315186659,58,0.2184,31,0,0,1729,0,0.0,3584,27
0.47769282839726657,0.5385375494071148,198,12.386363636363642,17,23,0,subsidiary_stock_comp,0.03527936525642872,67,0.2173,28,0,0,1729,1,0.043478260869565216,3712,28
0.37920362793374807,0.6385975135975142,198,16.603535353535367,19,26,0,subsidiary_stock_comp,0.06244074056545893,68,0.2162,23,0,0,1729,3,0.11538461538461539,3840,29
0.40067472646478564,0.7565235690235697,198,18.15656565656567,18,24,0,subsidiary_stock_comp,0.003465081254641215,76,0.2151,14,0,0,1729,4,0.16666666666666666,3968,30
0.3910714112862479,1.1174710063598954,198,30.171717171717177,12,27,0,subsidiary_stock_comp,0.009917738226552805,61,0.214,22,0,0,1729,13,0.48148148148148145,4096,31
0.22099835184053518,1.3738188334962531,198,42.58838383838385,9,31,0,subsidiary_stock_comp,0.04150961463650068,56,0.213,24,0,0,1729,21,0.6774193548387096,4224,32
0.2040595171856694,1.4927725531173803,198,43.29040404040403,7,29,0,subsidiary_stock_comp,0.04649834210673968,53,0.2119,32,0,0,1729,21,0.7241379310344828,4352,33
0.18584307029959746,1.3664141414141413,198,40.99242424242424,9,30,0,subsidiary_stock_comp,0.0840455691019694,48,0.2108,34,0,0,1729,21,0.7,4480,34
0.1363875399256358,1.9383490073145249,198,56.21212121212122,0,29,0,subsidiary_stock_comp,0.1622601201136907,58,0.2098,22,0,0,1729,28,0.9655172413793104,4608,35
0.16041579659213312,1.5489057239057238,198,46.467171717171716,7,30,0,subsidiary_stock_comp,0.08412434160709381,59,0.2087,29,0,0,1729,23,0.7666666666666667,4736,36
0.12429021993011702,1.603377525252525,198,51.3080808080808,6,32,0,subsidiary_stock_comp,0.0902198851108551,55,0.2077,22,0,0,1729,26,0.8125,4864,37
0.18477763590635732,1.9162157287157289,198,53.65404040404041,1,28,0,subsidiary_stock_comp,0.016258447120587032,64,0.2066,28,0,0,1729,26,0.9285714285714286,4992,38
0.23682348622969585,1.3268025078369912,198,38.47727272727274,9,29,0,subsidiary_stock_comp,0.0583000381787618,57,0.2056,31,0,0,1729,19,0.6551724137931034,5120,39
0.16771520896145375,1.6907968574635248,198,45.65151515151517,2,27,0,subsidiary_stock_comp,0.045197516679763794,62,0.2046,22,0,0,1729,22,0.8148148148148148,5248,40
0.08315436411066912,1.8146306818181817,198,58.06818181818181,3,32,0,subsidiary_stock_comp,0.01975163072347641,62,0.2036,21,0,0,1729,29,0.90625,5376,41
0.13014699634368299,1.7526123301985377,198,50.82575757575759,3,29,0,subsidiary_stock_comp,0.022698868066072464,64,0.2025,19,0,0,1729,25,0.8620689655172413,5504,42
0.14599930529948324,1.6159986966438578,198,50.09595959595959,6,31,0,subsidiary_stock_comp,0.05708601946632067,54,0.2015,32,0,0,1729,25,0.8064516129032258,5632,43
0.15938192397152307,1.5952629745733193,198,46.26262626262626,4,29,0,subsidiary_stock_comp,0.03797745953003565,58,0.2005,19,0,0,1729,23,0.7931034482758621,5760,44
0.17575633082014974,1.200841750841751,198,36.02525252525253,10,30,0,subsidiary_stock_comp,0.06252902497847874,51,0.1995,34,0,0,1729,18,0.6,5888,45
0.13476951561460737,1.5186026936026935,198,45.5580808080808,7,30,0,subsidiary_stock_comp,0.06717679277062416,50,0.1985,30,0,0,1729,23,0.7666666666666667,6016,46
0.10018696167389862,1.4780618686868685,198,47.29797979797979,8,32,0,subsidiary_stock_comp,0.09161927551031113,51,0.1975,25,0,0,1729,24,0.75,6144,47
0.10024273327871924,1.6186868686868687,198,51.7979797979798,6,32,0,subsidiary_stock_comp,0.06278445199131966,55,0.1965,20,0,0,1729,26,0.8125,6272,48
0.09802569804014638,1.8056457431457429,198,50.5580808080808,3,28,0,subsidiary_stock_comp,0.08792892595132192,54,0.1956,28,0,0,1729,25,0.8928571428571429,6400,49
0.15801214708335465,1.7794913419913418,198,49.82575757575757,3,28,0,subsidiary_stock_comp,0.09301590174436569,61,0.1946,21,0,0,1729,24,0.8571428571428571,6528,50
0.1211199783574557,1.8542568542568545,198,51.919191919191924,2,28,0,subsidiary_stock_comp,0.04458154489596685,63,0.1936,20,0,0,1729,25,0.8928571428571429,6656,51
0.05786902155523421,1.8548387096774193,198,57.5,2,31,0,subsidiary_stock_comp,0.07425603022178014,58,0.1926,19,0,0,1729,29,0.9354838709677419,6784,52
0.17440446716500446,1.560335497835498,198,43.689393939393945,5,28,0,subsidiary_stock_comp,0.05207563688357671,61,0.1917,25,0,0,1729,21,0.75,6912,53
0.1503288080675702,1.6955387205387207,198,50.86616161616162,5,30,0,subsidiary_stock_comp,0.07595417648553848,57,0.1907,24,0,0,1729,25,0.8333333333333334,7040,54
0.113899808464339,1.808651026392962,198,56.06818181818182,3,31,0,subsidiary_stock_comp,0.08140405640006065,60,0.1898,24,0,0,1729,28,0.9032258064516129,7168,55
0.1982187714711472,1.6347402597402596,198,45.772727272727266,6,28,0,subsidiary_stock_comp,0.03279036531845728,58,0.1888,26,0,0,1729,22,0.7857142857142857,7296,56
0.2103409171140811,1.636457164234942,198,44.18434343434343,5,27,0,subsidiary_stock_comp,0.012312641988197962,50,0.1879,27,0,0,1729,22,0.8148148148148148,7424,57
0.2507452006393578,1.144736842105263,198,21.75,1,19,0,subsidiary_stock_comp,0.15900664031505585,22,0.1869,21,0,0,1729,11,0.5789473684210527,7552,58
0.15526796822086908,0.5882352941176471,198,10,0,17,0,subsidiary_stock_comp,0.11005275696516037,10,0.186,23,0,0,1729,5,0.29411764705882354,7680,59
0.22029698379628826,0.887997623291741,198,15.095959595959597,2,17,0,subsidiary_stock_comp,0.08500914027293523,18,0.1851,16,0,0,1729,7,0.4117647058823529,7808,60
0.275956521036278,1.5603764921946741,198,34.32828282828283,2,22,0,subsidiary_stock_comp,0.13050117840369543,39,0.1841,23,0,0,1729,17,0.7727272727272727,7936,61
0.2494531421980355,1.6457164234942012,198,44.43434343434343,4,27,0,subsidiary_stock_comp,0.04932295406858126,50,0.1832,26,0,0,1729,22,0.8148148148148148,8064,62
0.17041753319790587,1.7881493506493504,198,50.06818181818181,3,28,0,subsidiary_stock_comp,0.037020896251002945,54,0.1823,19,0,0,1729,25,0.8928571428571429,8192,63
0.1386387700913474,1.8174242424242422,198,54.522727272727266,3,30,0,subsidiary_stock_comp,0.04376200462381045,61,0.1814,23,0,0,1729,27,0.9,8320,64
0.14842638497066218,1.7500841750841756,198,52.50252525252527,3,30,0,subsidiary_stock_comp,0.023976819589734077,62,0.1805,16,0,0,1729,26,0.8666666666666667,8448,65
0.16437195966864238,1.736020923520924,198,48.608585858585876,3,28,0,subsidiary_stock_comp,0.09260553866624832,57,0.1796,19,0,0,1729,24,0.8571428571428571,8576,66
0.19890755428059492,1.8278474399164057,198,53.007575757575765,3,29,0,subsidiary_stock_comp,0.031244196618596714,63,0.1787,24,0,0,1729,26,0.896551724137931,8704,67
0.19986062939278781,1.4557178932178931,198,40.76010101010101,5,28,0,subsidiary_stock_comp,0.05205228924751282,43,0.1778,30,0,0,1729,21,0.75,8832,68
0.19775987273533246,1.7321490769766634,198,50.23232323232324,4,29,0,subsidiary_stock_comp,0.021827465233703453,55,0.1769,21,0,0,1729,25,0.8620689655172413,8960,69
0.19507783097651554,1.5932659932659934,198,47.7979797979798,6,30,0,subsidiary_stock_comp,0.05823637917637825,51,0.176,22,0,0,1729,24,0.8,9088,70
0.22230608254176332,1.5704365079365077,198,43.972222222222214,5,28,0,subsidiary_stock_comp,0.029189928124348324,50,0.1751,25,0,0,1729,22,0.7857142857142857,9216,71
0.2290662059240276,1.6686658249158246,198,40.04797979797979,3,24,0,subsidiary_stock_comp,0.02769838273525238,42,0.1743,24,0,0,1729,20,0.8333333333333334,9344,72
0.21187762635963736,1.9090909090909092,198,42,0,22,0,subsidiary_stock_comp,0.03355130615333716,42,0.1734,16,0,0,1729,21,0.9545454545454546,9472,73
0.2395524808416667,1.475,198,29.5,2,20,0,subsidiary_stock_comp,0.08008147279421489,30,0.1725,20,0,0,1729,15,0.75,9600,74
0.2102973445726093,1.8068181818181819,198,39.75,1,22,0,subsidiary_stock_comp,0.04893562911699215,40,0.1717,17,0,0,1729,20,0.9090909090909091,9728,75
0.2573481192048348,1.8913131313131313,198,47.282828282828284,0,25,0,subsidiary_stock_comp,0.0528222049276034,58,0.1708,17,0,0,1729,23,0.92,9856,76
0.19652209915147978,1.7256493506493507,198,48.31818181818182,4,28,0,subsidiary_stock_comp,0.05147760733962059,53,0.1699,23,0,0,1729,24,0.8571428571428571,9984,77
0.17932982883939985,1.8677849927849925,198,52.29797979797979,2,28,0,subsidiary_stock_comp,0.03430202603340149,54,0.1691,19,0,0,1729,26,0.9285714285714286,10112,78
0.22211216273717582,1.8229710902124692,198,52.866161616161605,3,29,0,subsidiary_stock_comp,0.0032703581576546035,58,0.1683,19,0,0,1729,26,0.896551724137931,10240,79
0.24403904368227813,1.576969696969697,198,39.42424242424242,4,25,0,subsidiary_stock_comp,0.044589705765247345,44,0.1674,26,0,0,1729,20,0.8,10368,80
0.27065272457548417,1.4874835309617918,198,34.21212121212121,4,23,0,subsidiary_stock_comp,0.05603480959932009,40,0.1666,25,0,0,1729,17,0.7391304347826086,10496,81
0.18814095214474946,1.6666666666666667,198,45,4,27,0,subsidiary_stock_comp,0.030550682917237282,46,0.1657,23,0,0,1729,23,0.8518518518518519,10624,82
0.2225255720259156,1.833784271284271,198,51.345959595959584,3,28,0,subsidiary_stock_comp,0.021047741174697876,55,0.1649,18,0,0,1729,25,0.8928571428571429,10752,83
0.19021556017105468,1.6666666666666667,198,45,4,27,0,subsidiary_stock_comp,0.03024267653624217,46,0.1641,20,0,0,1729,23,0.8518518518518519,10880,84
0.24713995839556446,1.6865656565656564,198,42.16414141414141,3,25,0,subsidiary_stock_comp,0.04527898505330086,47,0.1633,26,0,0,1729,21,0.84,11008,85
0.21864358570746845,1.9343434343434343,198,46.42424242424242,0,24,0,subsidiary_stock_comp,0.004565265650550525,52,0.1625,21,0,0,1729,23,0.9583333333333334,11136,86
0.26409575093566673,1.6101928374655647,198,35.42424242424242,4,22,0,subsidiary_stock_comp,0.032961330066124596,38,0.1616,18,0,0,1729,18,0.8181818181818182,11264,87
0.23707418431149563,1.5326086956521738,198,35.25,3,23,0,subsidiary_stock_comp,0.061860733975966774,36,0.1608,28,0,0,1729,18,0.782608695652174,11392,88
0.2140007543930551,1.6071428571428572,198,33.75,1,21,0,subsidiary_stock_comp,0.029857654124498367,34,0.16,19,0,0,1729,17,0.8095238095238095,11520,89
0.24679704324080376,1.5782828282828283,198,34.72222222222222,2,22,0,subsidiary_stock_comp,0.041513836632172264,41,0.1592,17,0,0,1729,17,0.7727272727272727,11648,90
0.22599063094094163,1.66600790513834,198,38.31818181818182,2,23,0,subsidiary_stock_comp,0.02193916371713082,42,0.1584,15,0,0,1729,19,0.8260869565217391,11776,91
0.2468743615972926,1.8806818181818183,198,45.13636363636364,2,24,0,subsidiary_stock_comp,0.026057128173609573,52,0.1576,22,0,0,1729,22,0.9166666666666666,11904,92
0.21907340103643946,1.7529292929292928,198,43.82323232323232,2,25,0,subsidiary_stock_comp,0.07378334055344264,48,0.1569,20,0,0,1729,22,0.88,12032,93
0.25475881007150747,1.180645743145743,198,33.05808080808081,9,28,0,subsidiary_stock_comp,0.07360957811276118,38,0.1561,32,0,0,1729,17,0.6071428571428571,12160,94
0.2468270902754739,1.5397493453049007,198,41.57323232323232,7,27,0,subsidiary_stock_comp,0.0870440478126208,57,0.1553,19,0,0,1729,20,0.7407407407407407,12288,95
0.18935579614480957,1.863262252151141,198,50.30808080808081,2,27,0,subsidiary_stock_comp,0.04899758597215017,53,0.1545,22,0,0,1729,25,0.9259259259259259,12416,96
0.24002732004737481,1.6428170594837257,198,44.356060606060595,5,27,0,subsidiary_stock_comp,0.038976725190877914,49,0.1537,27,0,0,1729,22,0.8148148148148148,12544,97
0.24288449429150205,1.8692358366271409,198,42.99242424242424,1,23,0,subsidiary_stock_comp,0.1084417775273323,50,0.153,23,0,0,1729,21,0.9130434782608695,12672,98
0.2196697193867294,1.8457491582491583,198,44.2979797979798,2,24,0,subsidiary_stock_comp,0.041405742367108665,46,0.1522,29,0,0,1729,22,0.9166666666666666,12800,99
0.45703359553590417,0.007891414141414149,198,0.18939393939393956,19,24,0,subsidiary_stock_comp,1.053035855293274,13,0.25,32,1,0,1730,1,0.041666666666666664,128,0
0.5447919606231153,0.25530303030303025,198,7.659090909090908,25,30,0,subsidiary_stock_comp,0.19943940391143164,28,0.2487,30,1,0,1730,5,0.16666666666666666,256,1
0.6577480831183493,0.5873956960913485,198,13.510101010101014,12,23,0,subsidiary_stock_comp,0.07754916449387868,45,0.2475,31,1,0,1730,6,0.2608695652173913,384,2
0.5405420563183725,0.9002525252525254,198,21.60606060606061,12,24,0,subsidiary_stock_comp,0.1699845865368843,51,0.2463,36,1,0,1730,9,0.375,512,3
0.40995715046301484,0.921831955922865,198,20.28030303030303,7,22,0,subsidiary_stock_comp,0.19980079929033914,31,0.245,42,1,0,1730,10,0.45454545454545453,640,4
0.3614321213681251,1.5229377104377102,198,36.550505050505045,6,24,0,subsidiary_stock_comp,0.15964795152346292,45,0.2438,33,1,0,1730,18,0.75,768,5
0.3555528027936816,1.3253184014053578,198,30.482323232323232,5,23,0,subsidiary_stock_comp,0.22637187937895456,36,0.2426,27,1,0,1730,15,0.6521739130434783,896,6
0.4293812892283313,1.6709486166007916,198,38.43181818181821,1,23,0,subsidiary_stock_comp,0.14764023820559183,64,0.2414,25,1,0,1730,18,0.782608695652174,1024,7
0.37495058588683605,1.386868686868687,198,34.67171717171718,6,25,0,subsidiary_stock_comp,0.059450568010409675,47,0.2402,33,1,0,1730,17,0.68,1152,8
0.3240339523181319,1.2344877344877343,198,25.924242424242422,2,21,0,subsidiary_stock_comp,0.055656470358371735,30,0.239,22,1,0,1730,13,0.6190476190476191,1280,9
0.304587047547102,1.456439393939394,198,40.78030303030303,7,28,0,subsidiary_stock_comp,0.053985245525836945,51,0.2378,27,1,0,1730,20,0.7142857142857143,1408,10
0.28070251317694783,1.4703557312252966,198,33.81818181818182,4,23,0,subsidiary_stock_comp,0.05687951917449633,38,0.2366,29,1,0,1730,17,0.7391304347826086,1536,11
0.2636716158594936,1.5925925925925926,198,43,4,27,0,subsidiary_stock_comp,0.04564167186617851,44,0.2354,36,1,0,1730,22,0.8148148148148148,1664,12
0.3311174502305221,1.1787101787101788,198,30.646464646464647,8,26,0,subsidiary_stock_comp,0.06158809115489324,38,0.2342,37,1,0,1730,16,0.6153846153846154,1792,13
0.3211037562577985,1.430976430976431,198,30.050505050505052,4,21,0,subsidiary_stock_comp,0.07780819137891133,38,0.2331,30,1,0,1730,15,0.7142857142857143,1920,14
0.25099024845985696,1.7651515151515156,198,40.59848484848486,1,23,0,subsidiary_stock_comp,0.06229855616887411,45,0.2319,22,1,0,1730,20,0.8695652173913043,2048,15
0.2720416494703386,1.4015151515151516,198,39.24242424242424,8,28,0,subsidiary_stock_comp,0.09371680269638698,46,0.2307,31,1,0,1730,20,0.7142857142857143,2176,16
0.2184766712016426,1.4530122655122655,198,40.68434343434343,7,28,0,subsidiary_stock_comp,0.08380407840013504,45,0.2296,25,1,0,1730,21,0.75,2304,17
0.2332327114418149,1.3687839937839938,198,35.58838383838384,7,26,0,subsidiary_stock_comp,0.07212469975153606,43,0.2284,32,1,0,1730,18,0.6923076923076923,2432,18
0.2743659452535212,1.418026418026418,198,36.868686868686865,4,26,0,subsidiary_stock_comp,0.07566507657368977,52,0.2273,42,1,0,1730,18,0.6923076923076923,2560,19
0.13385331394238165,1.873737373737374,198,56.21212121212122,2,30,0,subsidiary_stock_comp,0.031102537798384827,58,0.2262,19,1,0,1730,28,0.9333333333333333,2688,20
0.2402897101128474,1.6330266955266952,198,45.72474747474747,5,28,0,subsidiary_stock_comp,0.07901628315448761,57,0.225,29,1,0,1730,22,0.7857142857142857,2816,21
0.3431634584994754,1.360819735819736,198,35.381313131313135,7,26,0,subsidiary_stock_comp,0.057210523635149,57,0.2239,30,1,0,1730,16,0.6153846153846154,2944,22
0.18079916865099221,1.726243920688365,198,46.608585858585855,3,27,0,subsidiary_stock_comp,0.07737887650728226,53,0.2228,26,1,0,1730,23,0.8518518518518519,3072,23
0.1541579760669265,1.9375,198,54.25,1,28,0,subsidiary_stock_comp,0.027009240662058193,55,0.2217,27,1,0,1730,27,0.9642857142857143,3200,24
0.1924584542575758,1.6875,198,47.25,3,28,0,subsidiary_stock_comp,0.05447579796115557,48,0.2206,24,1,0,1730,24,0.8571428571428571,3328,25
0.25933389567944687,1.775989057239057,198,42.62373737373737,1,24,0,subsidiary_stock_comp,0.04969748109579086,55,0.2195,25,1,0,1730,21,0.875,3456,26
0.20211625093361363,1.6511544011544008,198,46.232323232323225,4,28,0,subsidiary_stock_comp,0.031743242094914116,55,0.2184,24,1,0,1730,23,0.8214285714285714,3584,27
0.15568844829249429,1.5419372294372293,198,43.17424242424242,5,28,0,subsidiary_stock_comp,0.0744627018769582,50,0.2173,26,1,0,1730,22,0.7857142857142857,3712,28
0.16032158648886252,1.6975108225108226,198,47.53030303030303,2,28,0,subsidiary_stock_comp,0.021418983737627666,56,0.2162,27,1,0,1730,23,0.8214285714285714,3840,29
0.1827547920111101,1.6776384535005222,198,48.65151515151514,4,29,0,subsidiary_stock_comp,0.08017077545324962,61,0.2151,39,1,0,1730,24,0.8275862068965517,3968,30
0.1792173713329248,1.67511320097527,198,48.57828282828283,5,29,0,subsidiary_stock_comp,0.03573030357559522,55,0.214,38,1,0,1730,24,0.8275862068965517,4096,31
0.1318966448889114,1.6740056818181819,198,53.56818181818182,5,32,0,subsidiary_stock_comp,0.02596156547466914,58,0.213,23,1,0,1730,27,0.84375,4224,32
0.11390449761529453,1.7189132706374084,198,49.848484848484844,4,29,0,subsidiary_stock_comp,0.03343300645550092,55,0.2119,23,1,0,1730,25,0.8620689655172413,4352,33
0.18298542755655944,1.5298821548821553,198,45.89646464646466,7,30,0,subsidiary_stock_comp,0.07197916756073634,53,0.2108,28,1,0,1730,23,0.7666666666666667,4480,34
0.23793816834222525,1.48989898989899,198,44.6969696969697,8,30,0,subsidiary_stock_comp,0.05022754023472468,58,0.2098,27,1,0,1730,22,0.7333333333333333,4608,35
0.18794930877629668,1.643939393939394,198,46.03030303030303,4,28,0,subsidiary_stock_comp,0.0360550731420517,53,0.2087,17,1,0,1730,23,0.8214285714285714,4736,36
0.24754125243634917,1.3239289446186,198,38.3939393939394,10,29,0,subsidiary_stock_comp,0.07332733025153478,45,0.2077,31,1,0,1730,19,0.6551724137931034,4864,37
0.17021816910710186,2.0,198,52,0,26,0,subsidiary_stock_comp,0.05223869221905867,52,0.2066,22,1,0,1730,26,1.0,4992,38
0.18683636194327846,1.7354187031606385,198,53.79797979797979,4,31,0,subsidiary_stock_comp,0.09541386117537816,56,0.2056,30,1,0,1730,27,0.8709677419354839,5120,39
0.3080418632598594,1.5207631874298544,198,41.06060606060607,8,27,0,subsidiary_stock_comp,0.09667411943276723,56,0.2046,32,1,0,1730,19,0.7037037037037037,5248,40
0.18662909441627562,1.5830074942978167,198,49.07323232323232,5,31,0,subsidiary_stock_comp,0.08289113640785217,54,0.2036,32,1,0,1730,25,0.8064516129032258,5376,41
0.21380404685623944,1.5497474747474749,198,46.49242424242425,7,30,0,subsidiary_stock_comp,0.0737618791560332,55,0.2025,22,1,0,1730,23,0.7666666666666667,5504,42
0.23309254844207317,1.748432601880878,198,50.70454545454546,3,29,0,subsidiary_stock_comp,0.03636774358650049,58,0.2015,30,1,0,1730,25,0.8620689655172413,5632,43
0.22967855265596882,1.2900782013685241,198,39.99242424242425,11,31,0,subsidiary_stock_comp,0.07181177039941151,50,0.2005,33,1,0,1730,20,0.6451612903225806,5760,44
0.21489535452565178,1.6486415882967604,198,47.810606060606055,5,29,0,subsidiary_stock_comp,0.051988632728656135,54,0.1995,21,1,0,1730,24,0.8275862068965517,5888,45
0.19415123693761416,1.5905607802159525,198,46.12626262626262,6,29,0,subsidiary_stock_comp,0.057176111886898674,53,0.1985,23,1,0,1730,23,0.7931034482758621,6016,46
0.24034851288888603,1.5189861578750468,198,41.01262626262626,7,27,0,subsidiary_stock_comp,0.05724241708715757,52,0.1975,30,1,0,1730,20,0.7407407407407407,6144,47
0.23600093222921714,1.9002525252525255,198,49.40656565656566,1,26,0,subsidiary_stock_comp,0.03367178266247114,56,0.1965,22,1,0,1730,24,0.9230769230769231,6272,48
0.21496014231524896,1.561771561771562,198,40.60606060606061,6,26,0,subsidiary_stock_comp,0.04780606801311175,46,0.1956,28,1,0,1730,20,0.7692307692307693,6400,49
0.18666619493160397,1.963772338772339,198,51.05808080808081,1,26,0,subsidiary_stock_comp,0.0852465604742368,54,0.1946,26,1,0,1730,25,0.9615384615384616,6528,50
0.2676416560134385,1.3097643097643104,198,35.36363636363638,8,27,0,subsidiary_stock_comp,0.11053031434615453,47,0.1936,30,1,0,1730,18,0.6666666666666666,6656,51
0.28107786508917343,1.6389824167601943,198,44.252525252525245,4,27,0,subsidiary_stock_comp,0.08757143964370091,54,0.1926,26,1,0,1730,22,0.8148148148148148,6784,52
0.28691740191425197,1.6646005509641868,198,36.62121212121211,2,22,0,subsidiary_stock_comp,0.038504390666882195,42,0.1917,23,1,0,1730,18,0.8181818181818182,6912,53
0.24980891271843575,1.4791666666666667,198,35.5,2,24,0,subsidiary_stock_comp,0.047233808785676956,36,0.1907,20,1,0,1730,18,0.75,7040,54
0.2899975675099995,1.5385858585858585,198,38.464646464646464,4,25,0,subsidiary_stock_comp,0.03452680135766665,51,0.1898,26,1,0,1730,19,0.76,7168,55
0.22957007336117385,1.530909090909091,198,38.27272727272727,4,25,0,subsidiary_stock_comp,0.04567252968748411,49,0.1888,27,1,0,1730,19,0.76,7296,56
0.16938425131957047,1.5912349299446074,198,49.32828282828283,6,31,0,subsidiary_stock_comp,0.056006114929914474,55,0.1879,24,1,0,1730,25,0.8064516129032258,7424,57
0.12950935983099043,1.7974747474747474,198,53.92424242424242,2,30,0,subsidiary_stock_comp,0.03973389541109403,60,0.1869,19,1,0,1730,27,0.9,7552,58
0.13063543717726134,1.7833333333333334,198,53.5,2,30,0,subsidiary_stock_comp,0.04885864878694216,54,0.186,23,1,0,1730,27,0.9,7680,59
0.14258677669567987,1.7119408369408369,198,47.93434343434343,2,28,0,subsidiary_stock_comp,0.04275038962562879,54,0.1851,23,1,0,1730,24,0.8571428571428571,7808,60
0.18711281826836057,1.704077815188926,198,46.010101010101,2,27,0,subsidiary_stock_comp,0.0161769346644481,67,0.1841,17,1,0,1730,22,0.8148148148148148,7936,61
0.2435473285295302,1.550602175602176,198,40.315656565656575,3,26,0,subsidiary_stock_comp,0.048984392235676445,68,0.1832,20,1,0,1730,19,0.7307692307692307,8064,62
0.17310312029439956,1.5776094276094277,198,47.32828282828283,6,30,0,subsidiary_stock_comp,0.031476606304446854,53,0.1823,24,1,0,1730,24,0.8,8192,63
0.2062836741533829,1.511273448773449,198,42.31565656565657,5,28,0,subsidiary_stock_comp,0.045653668542702995,55,0.1814,28,1,0,1730,21,0.75,8320,64
0.15433154346828815,1.4987781036168135,198,46.46212121212122,7,31,0,subsidiary_stock_comp,0.06512593850493431,49,0.1805,35,1,0,1730,24,0.7741935483870968,8448,65
0.09754950084607117,1.782258064516129,198,55.25,3,31,0,subsidiary_stock_comp,0.06998116771380107,56,0.1796,25,1,0,1730,28,0.9032258064516129,8576,66
0.16460381471551955,1.691919191919192,198,49.06565656565657,4,29,0,subsidiary_stock_comp,0.04705862825115522,59,0.1787,26,1,0,1730,24,0.8275862068965517,8704,67
0.11439492170757148,1.807999348321929,198,56.0479797979798,3,31,0,subsidiary_stock_comp,0.03320314486821493,58,0.1778,24,1,0,1730,28,0.9032258064516129,8832,68
0.10609375400235876,1.7983870967741935,198,55.75,3,31,0,subsidiary_stock_comp,0.05773577839136124,57,0.1769,19,1,0,1730,28,0.9032258064516129,8960,69
0.19760641135508195,1.5281518892630004,198,41.26010101010101,5,27,0,subsidiary_stock_comp,0.10893504569927852,56,0.176,25,1,0,1730,20,0.7407407407407407,9088,70
0.20629540679510683,1.3800940438871474,198,40.02272727272727,9,29,0,subsidiary_stock_comp,0.06111246719956398,52,0.1751,28,1,0,1730,20,0.6896551724137931,9216,71
0.07886205085378606,1.9274193548387097,198,59.75,1,31,0,subsidiary_stock_comp,0.05153101993103822,60,0.1743,21,1,0,1730,30,0.967741935483871,9344,72
0.15543430659454316,1.687289562289562,198,50.618686868686865,5,30,0,subsidiary_stock_comp,0.07954940696557362,59,0.1734,20,1,0,1730,25,0.8333333333333334,9472,73
0.13284766826836858,1.7507575757575755,198,52.522727272727266,3,30,0,subsidiary_stock_comp,0.019866626399258774,63,0.1725,18,1,0,1730,26,0.8666666666666667,9600,74
0.11709879182308214,1.6285353535353537,198,48.85606060606061,5,30,0,subsidiary_stock_comp,0.08601364617546399,51,0.1717,21,1,0,1730,25,0.8333333333333334,9728,75
0.19218915970122907,1.5513468013468015,198,46.54040404040404,6,30,0,subsidiary_stock_comp,0.051257034142812095,58,0.1708,24,1,0,1730,23,0.7666666666666667,9856,76
0.1377105754072545,1.8316788575409266,198,53.11868686868687,3,29,0,subsidiary_stock_comp,-0.0005692651805778345,61,0.1699,20,1,0,1730,26,0.896551724137931,9984,77
0.16188791622698773,1.6215488215488219,198,48.64646464646466,6,30,0,subsidiary_stock_comp,0.057809448490540184,56,0.1691,17,1,0,1730,24,0.8,10112,78
0.19860269714263268,1.6734848484848484,198,50.20454545454545,5,30,0,subsidiary_stock_comp,0.05464279775818189,58,0.1683,21,1,0,1730,25,0.8333333333333334,10240,79
0.2693756821099669,1.6479449669104842,198,47.79040404040404,5,29,0,subsidiary_stock_comp,0.16435824831326803,54,0.1674,32,1,0,1730,24,0.8275862068965517,10368,80
0.23708420409820974,1.7384960718294051,198,46.93939393939394,4,27,0,subsidiary_stock_comp,0.021475644161303837,60,0.1666,23,1,0,1730,23,0.8518518518518519,10496,81
0.28122602484654635,1.4686285936285937,198,38.18434343434343,5,26,0,subsidiary_stock_comp,0.04566351696848869,44,0.1657,25,1,0,1730,19,0.7307692307692307,10624,82
0.23156827587808948,1.8029331779331779,198,46.87626262626262,3,26,0,subsidiary_stock_comp,0.03250858560204506,53,0.1649,17,1,0,1730,23,0.8846153846153846,10752,83
0.2566559639526531,1.6550692106247664,198,44.68686868686869,4,27,0,subsidiary_stock_comp,0.06213873500625292,54,0.1641,25,1,0,1730,22,0.8148148148148148,10880,84
0.19592606199148577,1.670220725776281,198,45.095959595959584,4,27,0,subsidiary_stock_comp,0.04355330020189285,49,0.1633,21,1,0,1730,22,0.8148148148148148,11008,85
0.23207361951062921,1.4692460317460319,198,41.13888888888889,7,28,0,subsidiary_stock_comp,0.0739881048599879,57,0.1625,24,1,0,1730,20,0.7142857142857143,11136,86
0.15383602076326497,1.961952861952862,198,58.858585858585855,0,30,0,subsidiary_stock_comp,0.11525542289018631,64,0.1616,20,1,0,1730,29,0.9666666666666667,11264,87
0.12194356665713713,1.9404761904761905,198,54.333333333333336,0,28,0,subsidiary_stock_comp,0.06757412850856781,60,0.1608,21,1,0,1730,27,0.9642857142857143,11392,88
0.06454135486274026,1.71875,198,55,4,32,0,subsidiary_stock_comp,0.03621223196387291,56,0.16,17,1,0,1730,28,0.875,11520,89
0.12173776216513943,1.7370478983382207,198,53.848484848484844,4,31,0,subsidiary_stock_comp,0.013251224222282568,59,0.1592,23,1,0,1730,27,0.8709677419354839,11648,90
0.175565384386573,1.583417508417508,198,47.50252525252524,7,30,0,subsidiary_stock_comp,0.022435690586765606,60,0.1584,19,1,0,1730,23,0.7666666666666667,11776,91
0.0629708378110081,1.9224137931034482,198,55.75,1,29,0,subsidiary_stock_comp,0.027386459211508434,56,0.1576,20,1,0,1730,28,0.9655172413793104,11904,92
0.05850952729815617,1.8143150252525253,198,58.05808080808081,3,32,0,subsidiary_stock_comp,0.031752836580077805,61,0.1569,11,1,0,1730,29,0.90625,12032,93
0.1563920727057848,1.730320445837687,198,50.17929292929293,3,29,0,subsidiary_stock_comp,0.03269506494204203,58,0.1561,24,1,0,1730,25,0.8620689655172413,12160,94
0.04664521744416561,1.85,198,55.5,2,30,0,subsidiary_stock_comp,0.02880227689941724,56,0.1553,17,1,0,1730,28,0.9333333333333333,12288,95
0.17475891637150198,1.7920585161964477,198,51.96969696969698,2,29,0,subsidiary_stock_comp,0.024381837497154873,68,0.1545,15,1,0,1730,25,0.8620689655172413,12416,96
0.058043910408741795,1.7890625,198,57.25,3,32,0,subsidiary_stock_comp,0.07892850289742152,58,0.1537,16,1,0,1730,29,0.90625,12544,97
0.09370250227220822,1.823148148148148,198,54.694444444444436,3,30,0,subsidiary_stock_comp,0.054064237823088966,61,0.153,16,1,0,1730,27,0.9,12672,98
0.09558020124677569,1.7407407407407407,198,52.22222222222222,4,30,0,subsidiary_stock_comp,0.05491784711678823,56,0.1522,24,1,0,1730,26,0.8666666666666667,12800,99
0.25062284036539495,-0.04572754572754573,198,-1.691919191919192,34,37,0,subsidiary_stock_comp,1.1757613619168599,9,0.25,28,2,0,1731,3,0.08108108108108109,128,0
0.37668491966906004,0.8605408927989573,198,26.676767676767675,16,31,0,subsidiary_stock_comp,0.48337651292483014,40,0.2487,32,2,0,1731,14,0.45161290322580644,256,1
0.24467982398346066,1.4659526297457335,198,42.51262626262627,7,29,0,subsidiary_stock_comp,0.2593936671813329,55,0.2475,34,2,0,1731,21,0.7241379310344828,384,2
0.23341963440179825,1.4259530791788857,198,44.20454545454545,9,31,0,subsidiary_stock_comp,0.18927458922068277,56,0.2463,38,2,0,1731,22,0.7096774193548387,512,3
0.19185835965618026,1.5879484500174157,198,46.05050505050505,4,29,0,subsidiary_stock_comp,0.10514238725105922,54,0.245,33,2,0,1731,23,0.7931034482758621,640,4
0.2172253583339625,1.5603535353535354,198,46.81060606060606,5,30,0,subsidiary_stock_comp,0.10106795777877171,60,0.2438,35,2,0,1731,23,0.7666666666666667,768,5
0.2285968690921436,1.3079004329004327,198,36.62121212121212,6,28,0,subsidiary_stock_comp,0.06086555868387222,60,0.2426,31,2,0,1731,18,0.6428571428571429,896,6
0.14994853173266165,1.3992342782665363,198,43.37626262626263,9,31,0,subsidiary_stock_comp,0.1046238640944163,51,0.2414,31,2,0,1731,22,0.7096774193548387,1024,7
0.18931642292591278,1.499902874902875,198,38.997474747474755,3,26,0,subsidiary_stock_comp,0.10179529835780461,64,0.2402,29,2,0,1731,19,0.7307692307692307,1152,8
0.1900272708699049,1.4778822709857193,198,42.85858585858586,6,29,0,subsidiary_stock_comp,0.03617825359106064,54,0.239,32,2,0,1731,22,0.7586206896551724,1280,9
0.14266017932095565,1.6014309764309769,198,48.04292929292931,5,30,0,subsidiary_stock_comp,0.06212425231933594,57,0.2378,22,2,0,1731,24,0.8,1408,10
0.183108573910431,1.6419968919968921,198,42.6919191919192,2,26,0,subsidiary_stock_comp,0.048794506738583245,62,0.2366,30,2,0,1731,21,0.8076923076923077,1536,11
0.21069616814202163,1.389377647442164,198,43.07070707070708,8,31,0,subsidiary_stock_comp,0.06205495695273081,55,0.2354,40,2,0,1731,22,0.7096774193548387,1664,12
0.11309926890680799,1.7172619047619047,198,48.08333333333333,3,28,0,subsidiary_stock_comp,0.051069399962822594,57,0.2342,26,2,0,1731,24,0.8571428571428571,1792,13
0.1628155514190439,1.4915824915824922,198,40.27272727272729,4,27,0,subsidiary_stock_comp,0.0583253875374794,56,0.2331,37,2,0,1731,20,0.7407407407407407,1920,14
0.1442437218138366,1.7141414141414144,198,51.42424242424243,4,30,0,subsidiary_stock_comp,0.04612315818667412,54,0.2319,33,2,0,1731,26,0.8666666666666667,2048,15
0.25339974924281705,1.410680882903105,198,38.088383838383834,7,27,0,subsidiary_stock_comp,0.08514834940433502,46,0.2307,35,2,0,1731,19,0.7037037037037037,2176,16
0.2571158810169436,1.4736842105263157,198,28,0,19,0,subsidiary_stock_comp,0.03907479718327522,28,0.2296,23,2,0,1731,14,0.7368421052631579,2304,17
0.2063590040197596,1.7663170163170163,198,45.92424242424242,2,26,0,subsidiary_stock_comp,0.054482591028014817,52,0.2284,22,2,0,1731,23,0.8846153846153846,2432,18
0.2591736760659842,1.6264568764568768,198,42.287878787878796,2,26,0,subsidiary_stock_comp,0.03047934298714002,60,0.2273,32,2,0,1731,21,0.8076923076923077,2560,19
0.19524821096274536,1.5627705627705628,198,43.75757575757576,4,28,0,subsidiary_stock_comp,0.06737784296274185,56,0.2262,28,2,0,1731,22,0.7857142857142857,2688,20
0.24361397739266977,1.3992929292929293,198,34.98232323232323,5,25,0,subsidiary_stock_comp,0.09581918766101201,42,0.225,36,2,0,1731,18,0.72,2816,21
0.2585366213170346,1.2965768799102135,198,35.007575757575765,7,27,0,subsidiary_stock_comp,0.02699401943633954,48,0.2239,30,2,0,1731,18,0.6666666666666666,2944,22
0.30719419668457704,1.4152393500219589,198,32.55050505050505,2,23,0,subsidiary_stock_comp,0.055989875147740044,42,0.2228,27,2,0,1731,16,0.6956521739130435,3072,23
0.26400486645434285,1.6735836627140974,198,38.49242424242424,3,23,0,subsidiary_stock_comp,0.06407285047074159,48,0.2217,23,2,0,1731,19,0.8260869565217391,3200,24
0.28509897232288495,1.4712340799297323,198,33.83838383838384,4,23,0,subsidiary_stock_comp,0.07926165809233983,44,0.2206,26,2,0,1731,17,0.7391304347826086,3328,25
0.3419212646840606,1.1010101010101012,198,24.222222222222225,4,22,0,subsidiary_stock_comp,0.0654238797724247,31,0.2195,34,2,0,1731,12,0.5454545454545454,3456,26
0.29801262928231154,1.46513209013209,198,38.09343434343434,5,26,0,subsidiary_stock_comp,0.051788960893948875,50,0.2184,31,2,0,1731,19,0.7307692307692307,3584,27
0.2417638320621336,1.7027272727272729,198,42.56818181818182,3,25,0,subsidiary_stock_comp,0.06594930837551753,47,0.2173,31,2,0,1731,21,0.84,3712,28
0.23261078291398007,1.6145071403692095,198,46.82070707070707,5,29,0,subsidiary_stock_comp,0.06601094827055931,61,0.2162,34,2,0,1731,23,0.7931034482758621,3840,29
0.2851528833271004,1.3293512043512041,198,34.56313131313131,5,26,0,subsidiary_stock_comp,0.07963039726018906,57,0.2151,34,2,0,1731,17,0.6538461538461539,3968,30
0.16608689064742066,1.4493145743145741,198,40.580808080808076,6,28,0,subsidiary_stock_comp,0.10070928434530894,52,0.214,32,2,0,1731,20,0.7142857142857143,4096,31
0.14261747617274523,1.4,198,42,8,30,0,subsidiary_stock_comp,0.1160120889544487,44,0.213,28,2,0,1731,22,0.7333333333333333,4224,32
0.19450331568077672,1.3382967607105538,198,38.81060606060606,9,29,0,subsidiary_stock_comp,0.07639254381259282,54,0.2119,30,2,0,1731,19,0.6551724137931034,4352,33
0.17737209510232788,1.4700228087324863,198,45.57070707070707,6,31,0,subsidiary_stock_comp,0.10419510801633199,59,0.2108,26,2,0,1731,23,0.7419354838709677,4480,34
0.13859025662532076,1.763111888111888,198,45.840909090909086,1,26,0,subsidiary_stock_comp,0.14285556972026825,66,0.2098,24,2,0,1731,22,0.8461538461538461,4608,35
0.0607340909919003,1.71875,198,55,4,32,0,subsidiary_stock_comp,0.022365766887863476,56,0.2087,20,2,0,1731,28,0.875,4736,36
0.1363726239069365,1.7132532218739114,198,49.68434343434343,3,29,0,subsidiary_stock_comp,0.07929236193497975,57,0.2077,27,2,0,1731,25,0.8620689655172413,4864,37
0.12660620184033178,1.7267316017316017,198,48.348484848484844,2,28,0,subsidiary_stock_comp,0.0573098249733448,60,0.2066,29,2,0,1731,24,0.8571428571428571,4992,38
0.048959549763822,1.8548387096774193,198,57.5,2,31,0,subsidiary_stock_comp,0.022829737824698288,58,0.2056,21,2,0,1731,29,0.9354838709677419,5120,39
0.1448505392181687,1.5148148148148148,198,45.44444444444444,6,30,0,subsidiary_stock_comp,0.06945231681068738,54,0.2046,28,2,0,1731,23,0.7666666666666667,5248,40
0.11182675685267895,1.58098223615465,198,45.84848484848485,4,29,0,subsidiary_stock_comp,0.07485990971326828,58,0.2036,27,2,0,1731,23,0.7931034482758621,5376,41
0.16477043300983496,1.5798821548821553,198,47.39646464646466,5,30,0,subsidiary_stock_comp,0.055060657362143196,55,0.2025,29,2,0,1731,24,0.8,5504,42
0.20135798626142787,1.796950991395436,198,48.517676767676775,1,27,0,subsidiary_stock_comp,0.015436367131769657,60,0.2015,29,2,0,1731,24,0.8888888888888888,5632,43
0.1862893229117617,1.7429854096520765,198,47.06060606060606,2,27,0,subsidiary_stock_comp,0.062389593571424484,60,0.2005,24,2,0,1731,23,0.8518518518518519,5760,44
0.3047330066328868,1.3997668997669004,198,36.39393939393941,6,26,0,subsidiary_stock_comp,0.04833364114165306,64,0.1995,38,2,0,1731,17,0.6538461538461539,5888,45
0.23561210662592202,1.637205387205387,198,44.20454545454545,5,27,0,subsidiary_stock_comp,0.03742797424395879,52,0.1985,29,2,0,1731,22,0.8148148148148148,6016,46
0.3124081146233948,1.4516594516594516,198,30.484848484848484,4,21,0,subsidiary_stock_comp,0.07109568143884341,41,0.1975,16,2,0,1731,15,0.7142857142857143,6144,47
0.23382253728050273,1.6731313131313132,198,41.82828282828283,4,25,0,subsidiary_stock_comp,0.036263049890597664,47,0.1965,23,2,0,1731,21,0.84,6272,48
0.23832281227805652,1.815217391304348,198,41.75,1,23,0,subsidiary_stock_comp,0.02122353141506513,42,0.1956,25,2,0,1731,21,0.9130434782608695,6400,49
0.21444912984588882,1.6215728715728714,198,45.4040404040404,4,28,0,subsidiary_stock_comp,0.04191843171914419,48,0.1946,17,2,0,1731,23,0.8214285714285714,6528,50
0.1897286175080808,1.6989337822671158,198,45.871212121212125,3,27,0,subsidiary_stock_comp,0.03338089461127917,51,0.1936,21,2,0,1731,23,0.8518518518518519,6656,51
0.20216211419028696,1.6011971567527123,198,43.23232323232323,4,27,0,subsidiary_stock_comp,0.046921304116646446,50,0.1926,18,2,0,1731,22,0.8148148148148148,6784,52
0.21950121019472135,1.8068181818181819,198,39.75,1,22,0,subsidiary_stock_comp,0.01785570631424586,40,0.1917,18,2,0,1731,20,0.9090909090909091,6912,53
0.2138585862267064,1.75,198,43.75,1,25,0,subsidiary_stock_comp,0.013489481372137865,44,0.1907,20,2,0,1731,22,0.88,7040,54
0.23483349720481783,1.5192667414889638,198,41.02020202020202,4,27,0,subsidiary_stock_comp,0.04068483660618464,46,0.1898,27,2,0,1731,21,0.7777777777777778,7168,55
0.2454607040854171,1.5128282828282829,198,37.82070707070707,3,25,0,subsidiary_stock_comp,0.051325337340434395,53,0.1888,29,2,0,1731,19,0.76,7296,56
0.23465428838972002,1.6450968013468013,198,39.48232323232323,3,24,0,subsidiary_stock_comp,0.053069153179725014,43,0.1879,23,2,0,1731,20,0.8333333333333334,7424,57
0.2147911744104931,1.9351851851851851,198,52.25,1,27,0,subsidiary_stock_comp,0.07427100961407025,53,0.1869,23,2,0,1731,26,0.9629629629629629,7552,58
0.16290621307416586,1.7938645716423494,198,48.43434343434343,2,27,0,subsidiary_stock_comp,0.045524886498848595,56,0.186,17,2,0,1731,24,0.8888888888888888,7680,59
0.13429916527093155,1.726936026936027,198,51.80808080808081,4,30,0,subsidiary_stock_comp,0.04911335309346517,55,0.1851,20,2,0,1731,26,0.8666666666666667,7808,60
0.22953479053103365,1.6219891219891223,198,42.17171717171718,4,26,0,subsidiary_stock_comp,0.05747018506129583,53,0.1841,21,2,0,1731,21,0.8076923076923077,7936,61
0.16340111596218776,1.7,198,51,4,30,0,subsidiary_stock_comp,0.048500326772530876,52,0.1832,24,2,0,1731,26,0.8666666666666667,8064,62
0.1902697220502887,1.7026515151515151,198,47.67424242424242,3,28,0,subsidiary_stock_comp,0.03064052015542984,54,0.1823,25,2,0,1731,24,0.8571428571428571,8192,63
0.3062415036474704,1.3826728826728827,198,35.94949494949495,6,26,0,subsidiary_stock_comp,0.07517531017462413,46,0.1814,33,2,0,1731,18,0.6923076923076923,8320,64
0.28706243322085356,1.5199915824915824,198,36.47979797979798,2,24,0,subsidiary_stock_comp,0.05623718723654747,54,0.1805,20,2,0,1731,18,0.75,8448,65
0.2980666732182726,1.5929533429533431,198,33.45202020202021,1,21,0,subsidiary_stock_comp,0.06917764867345493,47,0.1796,27,2,0,1731,16,0.7619047619047619,8576,66
0.2601186317333486,1.6401010101010103,198,41.00252525252526,1,25,0,subsidiary_stock_comp,0.03723004894951979,50,0.1787,18,2,0,1731,20,0.8,8704,67
0.21264403578970814,1.6460137085137085,198,46.08838383838384,3,28,0,subsidiary_stock_comp,0.0278548455486695,56,0.1778,24,2,0,1731,23,0.8214285714285714,8832,68
0.16364181075186934,1.519949494949495,198,45.59848484848485,5,30,0,subsidiary_stock_comp,0.06589229901631673,58,0.1769,25,2,0,1731,23,0.7666666666666667,8960,69
0.19002674843068235,1.6088664421997751,198,43.43939393939393,2,27,0,subsidiary_stock_comp,0.03349097321430842,66,0.176,25,2,0,1731,21,0.7777777777777778,9088,70
0.06671184757578885,1.7272727272727273,198,57,4,33,0,subsidiary_stock_comp,0.026841421922047932,58,0.1751,18,2,0,1731,29,0.8787878787878788,9216,71
0.15728356489125872,1.6029258098223615,198,46.484848484848484,4,29,0,subsidiary_stock_comp,0.05011197676261266,63,0.1743,22,2,0,1731,23,0.7931034482758621,9344,72
0.1819019664035295,1.5869528619528623,198,47.60858585858587,5,30,0,subsidiary_stock_comp,0.09615516414244969,57,0.1734,25,2,0,1731,24,0.8,9472,73
0.29170959220209625,1.51010101010101,198,39.262626262626256,4,26,0,subsidiary_stock_comp,0.05406276509165764,59,0.1725,32,2,0,1731,19,0.7307692307692307,9600,74
0.1532245126363705,1.6861720654824104,198,48.8989898989899,4,29,0,subsidiary_stock_comp,0.02555430183808009,63,0.1717,21,2,0,1731,24,0.8275862068965517,9728,75
0.1739921091866563,1.7243434343434343,198,43.108585858585855,1,25,0,subsidiary_stock_comp,0.023790229111909866,55,0.1708,31,2,0,1731,21,0.84,9856,76
0.08225838906946592,1.7974747474747474,198,53.92424242424242,2,30,0,subsidiary_stock_comp,0.015253237448632717,60,0.1699,17,2,0,1731,27,0.9,9984,77
0.14964379998855293,1.5209857192615814,198,44.10858585858586,5,29,0,subsidiary_stock_comp,0.0554216963549455,57,0.1691,21,2,0,1731,22,0.7586206896551724,10112,78
0.17595787018944975,1.660571229536747,198,48.15656565656566,4,29,0,subsidiary_stock_comp,0.05334575101733208,58,0.1683,23,2,0,1731,24,0.8275862068965517,10240,79
0.19231125128862914,1.5959595959595956,198,44.68686868686868,4,28,0,subsidiary_stock_comp,0.08480316648880641,61,0.1674,26,2,0,1731,22,0.7857142857142857,10368,80
0.1984455140918726,1.695436507936508,198,47.47222222222222,3,28,0,subsidiary_stock_comp,0.043517179787158966,52,0.1666,21,2,0,1731,24,0.8571428571428571,10496,81
0.2525758671981748,1.6594516594516595,198,46.464646464646464,4,28,0,subsidiary_stock_comp,0.04317605743805567,55,0.1657,27,2,0,1731,23,0.8214285714285714,10624,82
0.28012288840545807,1.2982711732711734,198,33.755050505050505,7,26,0,subsidiary_stock_comp,0.04771954193711281,47,0.1649,26,2,0,1731,17,0.6538461538461539,10752,83
0.2303515813400736,1.4666105499438833,198,39.59848484848485,5,27,0,subsidiary_stock_comp,0.08003600190083186,50,0.1641,31,2,0,1731,20,0.7407407407407407,10880,84
0.19427407062903512,1.7663170163170163,198,45.92424242424242,2,26,0,subsidiary_stock_comp,0.01170525016884009,52,0.1633,20,2,0,1731,23,0.8846153846153846,11008,85
0.2676541219407227,1.4998947811447814,198,35.997474747474755,3,24,0,subsidiary_stock_comp,0.03426684935887655,46,0.1625,22,2,0,1731,18,0.75,11136,86
0.2133401722094277,1.84101430976431,198,44.18434343434344,1,24,0,subsidiary_stock_comp,0.036242237935463585,50,0.1616,15,2,0,1731,22,0.9166666666666666,11264,87
0.2333052243629936,1.8739393939393938,198,46.848484848484844,0,25,0,subsidiary_stock_comp,0.02832073252648115,56,0.1608,19,2,0,1731,23,0.92,11392,88
0.2427262069832068,1.682005237560793,198,45.41414141414141,4,27,0,subsidiary_stock_comp,0.040417020519574486,50,0.16,20,2,0,1731,23,0.8518518518518519,11520,89
0.2578078884835122,1.7957702020202024,198,43.09848484848486,3,24,0,subsidiary_stock_comp,0.008716975649197897,51,0.1592,24,2,0,1731,21,0.875,11648,90
0.22724853066029027,1.6773737373737374,198,41.93434343434343,2,25,0,subsidiary_stock_comp,0.0550714818139871,48,0.1584,14,2,0,1731,21,0.84,11776,91
0.21151678680325858,1.91,198,47.75,1,25,0,subsidiary_stock_comp,0.038086326171954475,48,0.1576,25,2,0,1731,24,0.96,11904,92
0.21461855438246857,1.7403846153846154,198,45.25,3,26,0,subsidiary_stock_comp,0.047377179066340126,46,0.1569,26,2,0,1731,23,0.8846153846153846,12032,93
0.21721865751896985,1.780677141788253,198,48.07828282828283,3,27,0,subsidiary_stock_comp,0.0661335252225399,53,0.1561,17,2,0,1731,24,0.8888888888888888,12160,94
0.2206583912775386,1.5923232323232324,198,39.80808080808081,4,25,0,subsidiary_stock_comp,0.03560893299678961,43,0.1553,20,2,0,1731,20,0.8,12288,95
0.1899964610929601,1.8532439782439782,198,48.18434343434343,1,26,0,subsidiary_stock_comp,0.06727335105339687,54,0.1545,15,2,0,1731,24,0.9230769230769231,12416,96
0.16913235951506067,1.641507669285447,198,44.320707070707066,3,27,0,subsidiary_stock_comp,0.0273130318770806,55,0.1537,25,2,0,1731,22,0.8148148148148148,12544,97
0.14514753529510926,1.7003367003367003,198,51.01010101010101,4,30,0,subsidiary_stock_comp,0.05685864264766375,53,0.153,28,2,0,1731,26,0.8666666666666667,12672,98
0.08666190737858415,1.782258064516129,198,55.25,3,31,0,subsidiary_stock_comp,0.016141326787571113,56,0.1522,12,2,0,1731,28,0.9032258064516129,12800,99
0.6777104109060019,0.2088888888888889,198,5.222222222222222,16,25,0,subsidiary_stock_comp,1.4436170657475789,53,0.25,33,3,0,1732,3,0.12,128,0
0.472989285713993,0.9606782106782106,198,20.174242424242422,7,21,0,subsidiary_stock_comp,1.565645416577657,51,0.2487,27,3,0,1732,9,0.42857142857142855,256,1
0.4960293476469815,1.1567760942760943,198,27.762626262626263,6,24,0,subsidiary_stock_comp,0.9001319209734598,58,0.2475,25,3,0,1732,13,0.5416666666666666,384,2
0.44573598564602435,1.2792050944224855,198,29.421717171717166,3,23,0,subsidiary_stock_comp,0.6034189263979594,54,0.2463,25,3,0,1732,14,0.6086956521739131,512,3
0.4205833622254431,1.2708032708032708,198,26.686868686868685,4,21,0,subsidiary_stock_comp,0.34610400597254437,40,0.245,36,3,0,1732,13,0.6190476190476191,640,4
0.3068800512701273,1.6324609733700641,198,35.91414141414141,2,22,0,subsidiary_stock_comp,0.3832252224286397,39,0.2438,26,3,0,1732,18,0.8181818181818182,768,5
0.33759304333943874,1.6011198945981555,198,36.82575757575758,3,23,0,subsidiary_stock_comp,0.12339147925376892,52,0.2426,31,3,0,1732,18,0.782608695652174,896,6
0.2525340882129967,1.6358375420875422,198,39.26010101010101,3,24,0,subsidiary_stock_comp,0.16046111285686493,42,0.2414,29,3,0,1732,20,0.8333333333333334,1024,7
0.3028568725567311,1.3574134199134202,198,38.007575757575765,7,28,0,subsidiary_stock_comp,0.09994776050249736,50,0.2402,38,3,0,1732,19,0.6785714285714286,1152,8
0.18869939708383754,1.5344827586206897,198,44.5,6,29,0,subsidiary_stock_comp,0.12698528915643692,46,0.239,36,3,0,1732,23,0.7931034482758621,1280,9
0.2825353088846896,1.5003885003885005,198,39.01010101010101,4,26,0,subsidiary_stock_comp,0.1215347448984782,56,0.2378,39,3,0,1732,19,0.7307692307692307,1408,10
0.21985966170905158,1.6944444444444444,198,47.44444444444444,4,28,0,subsidiary_stock_comp,0.06222241868575414,52,0.2366,29,3,0,1732,24,0.8571428571428571,1536,11
0.2754382589191664,1.6332772166105498,198,44.098484848484844,3,27,0,subsidiary_stock_comp,0.1057719960808754,56,0.2354,33,3,0,1732,22,0.8148148148148148,1664,12
0.3032741945935413,1.3693456302151958,198,31.494949494949502,4,23,0,subsidiary_stock_comp,0.10100907211502393,50,0.2342,28,3,0,1732,15,0.6521739130434783,1792,13
0.1521235249383608,1.6548821548821548,198,49.64646464646464,4,30,0,subsidiary_stock_comp,0.09475471079349518,58,0.2331,23,3,0,1732,25,0.8333333333333334,1920,14
0.19425453504663892,1.5955988455988457,198,44.67676767676768,4,28,0,subsidiary_stock_comp,0.10374268144369125,61,0.2319,31,3,0,1732,22,0.7857142857142857,2048,15
0.1812760051980149,1.7417027417027415,198,48.76767676767676,2,28,0,subsidiary_stock_comp,0.09405144304037094,62,0.2307,24,3,0,1732,24,0.8571428571428571,2176,16
0.19695033942116424,1.575148032044584,198,45.67929292929294,5,29,0,subsidiary_stock_comp,0.05094325542449951,68,0.2296,24,3,0,1732,22,0.7586206896551724,2304,17
0.1605564822530141,1.6087542087542086,198,48.262626262626256,4,30,0,subsidiary_stock_comp,0.0840929349263509,60,0.2284,34,3,0,1732,24,0.8,2432,18
0.13112722017103806,1.7224747474747475,198,51.67424242424242,3,30,0,subsidiary_stock_comp,0.04283596823612849,58,0.2273,33,3,0,1732,26,0.8666666666666667,2560,19
0.12878339987946674,1.5560064935064932,198,43.56818181818181,5,28,0,subsidiary_stock_comp,0.0765414113799731,48,0.2262,27,3,0,1732,22,0.7857142857142857,2688,20
0.16828449864988215,1.376344086021506,198,42.666666666666686,8,31,0,subsidiary_stock_comp,0.06269806250929832,53,0.225,28,3,0,1732,22,0.7096774193548387,2816,21
0.17421368055511266,1.565395332636712,198,45.39646464646465,5,29,0,subsidiary_stock_comp,0.06146723528703054,54,0.2239,25,3,0,1732,23,0.7931034482758621,2944,22
0.20610637264326215,1.6125541125541125,198,45.15151515151515,4,28,0,subsidiary_stock_comp,0.06751008083422978,59,0.2228,24,3,0,1732,22,0.7857142857142857,3072,23
0.20256756275193766,1.5511145942180427,198,44.98232323232324,5,29,0,subsidiary_stock_comp,0.06185099730889002,52,0.2217,38,3,0,1732,23,0.7931034482758621,3200,24
0.20026199087442365,1.462205387205387,198,43.86616161616161,7,30,0,subsidiary_stock_comp,0.09075398991505305,50,0.2206,31,3,0,1732,22,0.7333333333333333,3328,25
0.33056159618718084,1.2447552447552446,198,32.36363636363636,8,26,0,subsidiary_stock_comp,0.04610477015376091,47,0.2195,30,3,0,1732,16,0.6153846153846154,3456,26
0.3126431054988643,1.6506410256410258,198,42.91666666666667,3,26,0,subsidiary_stock_comp,0.029610416541496914,53,0.2184,27,3,0,1732,21,0.8076923076923077,3584,27
0.25554280320648104,1.6424429479985034,198,44.34595959595959,5,27,0,subsidiary_stock_comp,0.03291752810279528,48,0.2173,34,3,0,1732,22,0.8148148148148148,3712,28
0.21019647385401186,1.7074314574314575,198,47.80808080808081,4,28,0,subsidiary_stock_comp,0.02570762236913045,51,0.2162,30,3,0,1732,24,0.8571428571428571,3840,29
0.21869816714752233,1.7659285159285159,198,45.91414141414141,2,26,0,subsidiary_stock_comp,0.02936841237048308,50,0.2151,29,3,0,1732,23,0.8846153846153846,3968,30
0.273525781747594,1.6467803030303034,198,39.52272727272728,1,24,0,subsidiary_stock_comp,0.021524664325018723,51,0.214,28,3,0,1732,19,0.7916666666666666,4096,31
0.23646390661451733,1.5804473304473305,198,44.25252525252525,4,28,0,subsidiary_stock_comp,0.04121717686454455,58,0.213,31,3,0,1732,22,0.7857142857142857,4224,32
0.09079735900013475,1.7882996632996633,198,53.648989898989896,3,30,0,subsidiary_stock_comp,0.037696296349167824,55,0.2119,17,3,0,1732,27,0.9,4352,33
0.20665126029052772,1.6755952380952384,198,46.91666666666667,3,28,0,subsidiary_stock_comp,0.08919269094864528,61,0.2108,28,3,0,1732,23,0.8214285714285714,4480,34
0.13993686460889876,1.8685897435897436,198,48.583333333333336,1,26,0,subsidiary_stock_comp,0.06952433784802754,55,0.2098,30,3,0,1732,24,0.9230769230769231,4608,35
0.16662463247484993,1.4709595959595956,198,44.12878787878787,7,30,0,subsidiary_stock_comp,0.05208302785952886,57,0.2087,24,3,0,1732,22,0.7333333333333333,4736,36
0.19097517360933125,1.5912698412698414,198,44.55555555555556,4,28,0,subsidiary_stock_comp,0.039483945816755295,56,0.2077,33,3,0,1732,22,0.7857142857142857,4864,37
0.18122920277528465,1.4868512713340298,198,43.118686868686865,7,29,0,subsidiary_stock_comp,0.08965231229861577,51,0.2066,32,3,0,1732,22,0.7586206896551724,4992,38
0.15691685777710518,1.588552188552189,198,47.65656565656567,6,30,0,subsidiary_stock_comp,0.03649591778715452,55,0.2056,21,3,0,1732,24,0.8,5120,39
0.16974986685090698,1.6729797979797978,198,50.18939393939393,5,30,0,subsidiary_stock_comp,0.014258219860494137,56,0.2046,21,3,0,1732,25,0.8333333333333334,5248,40
0.13337928510736674,1.8230581678857547,198,52.868686868686886,2,29,0,subsidiary_stock_comp,0.034703840191165604,63,0.2036,22,3,0,1732,26,0.896551724137931,5376,41
0.14644187927478924,1.5520724486241728,198,45.01010101010101,6,29,0,subsidiary_stock_comp,0.050433131555716194,48,0.2025,29,3,0,1732,23,0.7931034482758621,5504,42
0.2376715178397717,1.5084465343086033,198,43.744949494949495,7,29,0,subsidiary_stock_comp,0.028901963184277218,58,0.2015,28,3,0,1732,21,0.7241379310344828,5632,43
0.19531141963670962,1.6083152958152962,198,45.03282828282829,5,28,0,subsidiary_stock_comp,0.06531024848421414,57,0.2005,30,3,0,1732,22,0.7857142857142857,5760,44
0.15313758281990886,1.6166125541125544,198,45.26515151515152,5,28,0,subsidiary_stock_comp,0.029708827535311382,58,0.1995,28,3,0,1732,22,0.7857142857142857,5888,45
0.1618485334183788,1.471296296296296,198,44.138888888888886,7,30,0,subsidiary_stock_comp,0.039104962100585304,57,0.1985,25,3,0,1732,22,0.7333333333333333,6016,46
0.12453290339908563,1.6337569240795045,198,50.646464646464636,6,31,0,subsidiary_stock_comp,0.07020304352045059,58,0.1975,25,3,0,1732,25,0.8064516129032258,6144,47
0.10422445691074245,1.8712121212121215,198,56.13636363636365,2,30,0,subsidiary_stock_comp,0.049631521105766296,60,0.1965,20,3,0,1732,28,0.9333333333333333,6272,48
0.11679744080174714,1.754208754208754,198,52.62626262626262,4,30,0,subsidiary_stock_comp,0.03793336513141791,59,0.1956,20,3,0,1732,26,0.8666666666666667,6400,49
0.1284641225647647,1.7763468013468011,198,53.290404040404034,3,30,0,subsidiary_stock_comp,0.03335626175006231,63,0.1946,15,3,0,1732,26,0.8666666666666667,6528,50
0.1808128732300247,1.7036101758323978,198,45.99747474747474,1,27,0,subsidiary_stock_comp,0.033363030602534614,69,0.1936,28,3,0,1732,22,0.8148148148148148,6656,51
0.11261600982106756,1.7261322906484198,198,53.51010101010101,4,31,0,subsidiary_stock_comp,0.05087937414646149,56,0.1926,23,3,0,1732,27,0.8709677419354839,6784,52
0.10881027318100678,1.8307210031347962,198,53.09090909090909,2,29,0,subsidiary_stock_comp,0.018106258784731228,64,0.1917,19,3,0,1732,26,0.896551724137931,6912,53
0.1400781420088606,1.6003787878787878,198,44.81060606060606,5,28,0,subsidiary_stock_comp,0.0343187190592289,57,0.1907,23,3,0,1732,22,0.7857142857142857,7040,54
0.08493760126293637,1.745622895622896,198,52.36868686868688,2,30,0,subsidiary_stock_comp,0.020787428754071396,64,0.1898,20,3,0,1732,26,0.8666666666666667,7168,55
0.10717038319126004,1.8130442354580287,198,52.57828282828283,3,29,0,subsidiary_stock_comp,0.02512407675385475,58,0.1888,23,3,0,1732,26,0.896551724137931,7296,56
0.1531256700072845,1.5119528619528622,198,45.35858585858586,6,30,0,subsidiary_stock_comp,0.06874922911326091,52,0.1879,31,3,0,1732,23,0.7666666666666667,7424,57
0.17392963478778256,1.8502264019505401,198,53.65656565656566,2,29,0,subsidiary_stock_comp,0.01982949177424113,61,0.1869,23,3,0,1732,26,0.896551724137931,7552,58
0.16783998992468696,1.7653256704980842,198,51.19444444444444,3,29,0,subsidiary_stock_comp,0.021688418462872505,60,0.186,17,3,0,1732,25,0.8620689655172413,7680,59
0.27722067189461086,1.6301557239057247,198,39.12373737373739,3,24,0,subsidiary_stock_comp,0.04289882878462473,63,0.1851,26,3,0,1732,18,0.75,7808,60
0.13366182081517763,1.8392857142857142,198,51.5,2,28,0,subsidiary_stock_comp,0.04958673442403475,52,0.1841,24,3,0,1732,26,0.9285714285714286,7936,61
0.1961996350219124,1.7061447811447812,198,51.18434343434343,5,30,0,subsidiary_stock_comp,0.014173774980008602,60,0.1832,23,3,0,1732,25,0.8333333333333334,8064,62
0.18591445627316716,1.7207653457653467,198,44.73989898989901,3,26,0,subsidiary_stock_comp,0.03875422105193138,56,0.1823,22,3,0,1732,22,0.8461538461538461,8192,63
0.18926375119190197,1.5199494949494954,198,45.59848484848486,7,30,0,subsidiary_stock_comp,0.06430922945340474,52,0.1814,28,3,0,1732,23,0.7666666666666667,8320,64
0.21291388433019165,1.7343073593073595,198,48.56060606060606,2,28,0,subsidiary_stock_comp,0.014493184785048166,59,0.1805,15,3,0,1732,24,0.8571428571428571,8448,65
0.16515596755198203,1.8224841002618783,198,49.20707070707071,2,27,0,subsidiary_stock_comp,0.03887152050932249,59,0.1796,22,3,0,1732,24,0.8888888888888888,8576,66
0.234485226275865,1.6370602577499127,198,47.47474747474747,4,29,0,subsidiary_stock_comp,0.017518169557054836,58,0.1787,26,3,0,1732,23,0.7931034482758621,8704,67
0.2211033488274552,1.5003741114852227,198,40.51010101010101,6,27,0,subsidiary_stock_comp,0.06691095729668935,43,0.1778,27,3,0,1732,21,0.7777777777777778,8832,68
0.22659069648943841,1.625,198,39,4,24,0,subsidiary_stock_comp,0.038320391128460564,40,0.1769,26,3,0,1732,20,0.8333333333333334,8960,69
0.3175562405231176,1.3207070707070707,198,34.33838383838384,6,26,0,subsidiary_stock_comp,0.03272590724130472,43,0.176,21,3,0,1732,17,0.6538461538461539,9088,70
0.22894874666963005,1.6175645342312008,198,43.67424242424242,5,27,0,subsidiary_stock_comp,0.03047760824362437,47,0.1751,26,3,0,1732,22,0.8148148148148148,9216,71
0.21306565664417576,1.814879564879565,198,47.18686868686869,2,26,0,subsidiary_stock_comp,0.01524431367094318,57,0.1743,25,3,0,1732,23,0.8846153846153846,9344,72
0.21159926429390907,1.6456228956228958,198,44.43181818181819,3,27,0,subsidiary_stock_comp,0.07306745524207751,56,0.1734,26,3,0,1732,22,0.8148148148148148,9472,73
0.12876645706637646,1.9416666666666667,198,58.25,1,30,0,subsidiary_stock_comp,0.022234209192295868,59,0.1725,17,3,0,1732,29,0.9666666666666667,9600,74
0.12302084606926655,1.796464646464646,198,53.893939393939384,4,30,0,subsidiary_stock_comp,0.054900591572125755,59,0.1717,21,3,0,1732,26,0.8666666666666667,9728,75
0.24482423159861355,1.4607363962202673,198,45.282828282828284,8,31,0,subsidiary_stock_comp,0.03230109686652819,59,0.1708,27,3,0,1732,22,0.7096774193548387,9856,76
0.1109781258564908,1.8769360269360267,198,56.3080808080808,2,30,0,subsidiary_stock_comp,0.04222393284241358,59,0.1699,16,3,0,1732,28,0.9333333333333333,9984,77
0.19903855914162705,1.4113636363636364,198,42.34090909090909,7,30,0,subsidiary_stock_comp,0.08365265776713689,56,0.1691,27,3,0,1732,21,0.7,10112,78
0.07628447086608503,1.8548387096774193,198,57.5,2,31,0,subsidiary_stock_comp,0.04148244050641855,58,0.1683,22,3,0,1732,29,0.9354838709677419,10240,79
0.16749966271527228,1.5040926506443746,198,43.618686868686865,5,29,0,subsidiary_stock_comp,0.05814256767431895,56,0.1674,21,3,0,1732,22,0.7586206896551724,10368,80
0.2252910555107519,1.5586219336219336,198,43.64141414141414,6,28,0,subsidiary_stock_comp,0.056476619094610214,58,0.1666,31,3,0,1732,21,0.75,10496,81
0.26152894884580746,1.5782828282828285,198,39.45707070707071,5,25,0,subsidiary_stock_comp,0.025104360654950142,56,0.1657,19,3,0,1732,18,0.72,10624,82
0.22402297859298415,1.5752164502164498,198,44.106060606060595,6,28,0,subsidiary_stock_comp,0.050580898920694985,49,0.1649,23,3,0,1732,22,0.7857142857142857,10752,83
0.24133835972679663,1.748737373737374,198,45.46717171717172,1,26,0,subsidiary_stock_comp,0.01920080619553725,56,0.1641,21,3,0,1732,22,0.8461538461538461,10880,84
0.245851746716653,1.584207459207459,198,41.18939393939394,3,26,0,subsidiary_stock_comp,0.03655677785476049,50,0.1633,21,3,0,1732,20,0.7692307692307693,11008,85
0.16607285907957703,1.7820165945165949,198,49.89646464646466,3,28,0,subsidiary_stock_comp,0.06986689070860545,55,0.1625,22,3,0,1732,25,0.8928571428571429,11136,86
0.22285728830320295,1.479978354978355,198,41.43939393939394,6,28,0,subsidiary_stock_comp,0.057402465492486954,59,0.1616,21,3,0,1732,20,0.7142857142857143,11264,87
0.14191592320639757,1.7967171717171717,198,50.30808080808081,2,28,0,subsidiary_stock_comp,0.04218286772569021,54,0.1608,22,3,0,1732,25,0.8928571428571429,11392,88
0.15920930788706755,1.8184523809523812,198,50.91666666666667,3,28,0,subsidiary_stock_comp,0.07726887613534927,59,0.16,21,3,0,1732,25,0.8928571428571429,11520,89
0.11238162929657847,1.6736900252525253,198,53.55808080808081,5,32,0,subsidiary_stock_comp,0.06416621804237366,57,0.1592,26,3,0,1732,27,0.84375,11648,90
0.1892752881758497,1.5681818181818183,198,45.477272727272734,5,29,0,subsidiary_stock_comp,0.04599743460615476,62,0.1584,20,3,0,1732,22,0.7586206896551724,11776,91
0.19221966207987862,1.6042319749216298,198,46.522727272727266,5,29,0,subsidiary_stock_comp,0.04353099316358566,58,0.1576,21,3,0,1732,23,0.7931034482758621,11904,92
0.11511537271144334,1.717003367003367,198,51.51010101010101,4,30,0,subsidiary_stock_comp,0.0639678214987119,54,0.1569,26,3,0,1732,26,0.8666666666666667,12032,93
0.12140608206391335,1.5667388167388165,198,43.868686868686865,4,28,0,subsidiary_stock_comp,0.05818264310558637,56,0.1561,16,3,0,1732,22,0.7857142857142857,12160,94
0.14122942859467003,1.607889237199582,198,46.62878787878788,5,29,0,subsidiary_stock_comp,0.06630997359752655,59,0.1553,27,3,0,1732,23,0.7931034482758621,12288,95
0.16408439490260207,1.5397523623330076,198,47.73232323232324,6,31,0,subsidiary_stock_comp,0.03862358257174492,57,0.1545,25,3,0,1732,24,0.7741935483870968,12416,96
0.11851548656613886,1.4569077875529488,198,45.16414141414141,7,31,0,subsidiary_stock_comp,0.04861098652084669,51,0.1537,17,3,0,1732,23,0.7419354838709677,12544,97
0.133880598583346,1.6045802856147688,198,46.5328282828283,3,29,0,subsidiary_stock_comp,0.05239636575182279,64,0.153,19,3,0,1732,23,0.7931034482758621,12672,98
0.1804042920757638,1.6927308802308807,198,47.39646464646466,3,28,0,subsidiary_stock_comp,0.06709857285022736,66,0.1522,24,3,0,1732,23,0.8214285714285714,12800,99
0.24465347395744175,-0.0326797385620915,80,-0.5555555555555555,4,17,0,subsidiary_stock_comp,1.3604692816734314,7,0.25,39,4,0,1733,0,0.0,128,0
0.5813465683022514,0.7290764790764793,198,15.310606060606066,7,21,0,subsidiary_stock_comp,0.8915604750315348,64,0.2487,33,4,0,1733,6,0.2857142857142857,256,1
0.4555252753198147,0.5920454545454544,198,11.840909090909088,5,20,0,subsidiary_stock_comp,0.2984183033307393,24,0.2475,37,4,0,1733,6,0.3,384,2
0.5382883339188993,1.1439393939393943,198,25.16666666666667,6,22,0,subsidiary_stock_comp,0.12754585221409798,56,0.2463,26,4,0,1733,11,0.5,512,3
0.41826815699459985,1.3234265734265733,198,34.40909090909091,6,26,0,subsidiary_stock_comp,0.10805274546146393,53,0.245,37,4,0,1733,17,0.6538461538461539,640,4
0.32191346725448966,1.4565217391304348,198,33.5,2,23,0,subsidiary_stock_comp,0.08190825581550598,34,0.2438,24,4,0,1733,17,0.7391304347826086,768,5
0.365541385486722,1.34366391184573,198,29.560606060606062,4,22,0,subsidiary_stock_comp,0.1660811056693395,46,0.2426,30,4,0,1733,14,0.6363636363636364,896,6
0.32395637151785195,1.5106621773288438,198,40.78787878787878,4,27,0,subsidiary_stock_comp,0.07844682782888412,57,0.2414,27,4,0,1733,20,0.7407407407407407,1024,7
0.31029998140002135,1.504247015610652,198,33.093434343434346,3,22,0,subsidiary_stock_comp,0.05314495787024498,44,0.2402,26,4,0,1733,16,0.7272727272727273,1152,8
0.32470461120828986,1.5540633608815426,198,34.18939393939394,3,22,0,subsidiary_stock_comp,0.046371493488550186,44,0.239,35,4,0,1733,17,0.7727272727272727,1280,9
0.2696539909229614,1.7601010101010104,198,38.72222222222223,2,22,0,subsidiary_stock_comp,0.09414900094270706,46,0.2378,33,4,0,1733,19,0.8636363636363636,1408,10
0.3017476706299931,1.3903318903318902,198,29.196969696969695,2,21,0,subsidiary_stock_comp,0.0807566021879514,46,0.2366,31,4,0,1733,14,0.6666666666666666,1536,11
0.22764338681008667,1.625,198,39,4,24,0,subsidiary_stock_comp,0.11589113622903824,40,0.2354,34,4,0,1733,20,0.8333333333333334,1664,12
0.3082880823931191,1.4120202020202022,198,35.30050505050505,7,25,0,subsidiary_stock_comp,0.10760149608055751,43,0.2342,27,4,0,1733,18,0.72,1792,13
0.29132789897266775,1.4742883379247014,198,32.43434343434343,4,22,0,subsidiary_stock_comp,0.1288902387022972,39,0.2331,30,4,0,1733,16,0.7272727272727273,1920,14
0.27757278620265424,1.6761937557392104,198,36.87626262626263,1,22,0,subsidiary_stock_comp,0.11751161143183708,43,0.2319,27,4,0,1733,18,0.8181818181818182,2048,15
0.21057349973125383,1.6904040404040404,198,42.26010101010101,1,25,0,subsidiary_stock_comp,0.17605449259281158,45,0.2307,26,4,0,1733,21,0.84,2176,16
0.20682773149746936,1.3394781144781145,198,40.18434343434343,9,30,0,subsidiary_stock_comp,0.20713808635870615,45,0.2296,39,4,0,1733,21,0.7,2304,17
0.1336352073121816,1.88013468013468,198,56.4040404040404,2,30,0,subsidiary_stock_comp,0.28715063134829205,59,0.2284,24,4,0,1733,28,0.9333333333333333,2432,18
0.16296136457822286,1.494775339602926,198,43.34848484848485,6,29,0,subsidiary_stock_comp,0.16457744936148325,51,0.2273,29,4,0,1733,22,0.7586206896551724,2560,19
0.15530906156345736,1.4135101010101012,198,45.23232323232324,8,32,0,subsidiary_stock_comp,0.18315260112285614,55,0.2262,28,4,0,1733,23,0.71875,2688,20
0.1638209417433245,1.5728114478114477,198,47.18434343434343,5,30,0,subsidiary_stock_comp,0.1537596359848976,54,0.225,26,4,0,1733,24,0.8,2816,21
0.1955015043495223,1.4918831168831173,198,41.77272727272728,6,28,0,subsidiary_stock_comp,0.13764690359433493,54,0.2239,32,4,0,1733,21,0.75,2944,22
0.19639672157063615,1.4805311176278917,198,45.89646464646464,7,31,0,subsidiary_stock_comp,0.17237106213967004,55,0.2228,33,4,0,1733,23,0.7419354838709677,3072,23
0.22613847050524782,1.500467639356528,198,40.512626262626256,5,27,0,subsidiary_stock_comp,0.11189113805691402,49,0.2217,29,4,0,1733,20,0.7407407407407407,3200,24
0.22227863494481426,1.790584415584416,198,50.13636363636365,2,28,0,subsidiary_stock_comp,0.051485418962935604,54,0.2206,26,4,0,1733,25,0.8928571428571429,3328,25
0.2682496860070387,1.4987373737373744,198,35.96969696969698,4,24,0,subsidiary_stock_comp,0.09256901840368907,46,0.2195,24,4,0,1733,18,0.75,3456,26
0.26689645601436496,1.2212752525252524,198,29.31060606060606,7,24,0,subsidiary_stock_comp,0.10594767828782399,40,0.2184,35,4,0,1733,15,0.625,3584,27
0.2265276997059118,1.5937149270482605,198,43.03030303030303,4,27,0,subsidiary_stock_comp,0.07261939098437627,53,0.2173,36,4,0,1733,21,0.7777777777777778,3712,28
0.19036971012246795,1.5663780663780662,198,43.858585858585855,4,28,0,subsidiary_stock_comp,0.081966499487559,56,0.2162,32,4,0,1733,22,0.7857142857142857,3840,29
0.24843029904877767,1.3528554778554778,198,35.17424242424242,7,26,0,subsidiary_stock_comp,0.08781484266122182,43,0.2151,32,4,0,1733,18,0.6923076923076923,3968,30
0.2676973841735162,1.49001924001924,198,31.29040404040404,3,21,0,subsidiary_stock_comp,0.049492484579483666,40,0.214,24,4,0,1733,15,0.7142857142857143,4096,31
0.23131698736688122,1.2236842105263157,198,23.25,3,19,0,subsidiary_stock_comp,0.11028771102428436,24,0.213,25,4,0,1733,12,0.631578947368421,4224,32
0.21282564006833127,1.5789473684210527,198,30,0,19,0,subsidiary_stock_comp,0.08380042513211568,30,0.2119,18,4,0,1733,15,0.7894736842105263,4352,33
0.22192162692954298,1.6195652173913044,198,37.25,3,23,0,subsidiary_stock_comp,0.05266600474715233,38,0.2108,24,4,0,1733,19,0.8260869565217391,4480,34
0.29966364047140814,1.2225516029863857,198,28.11868686868687,7,23,0,subsidiary_stock_comp,0.11139270166556041,42,0.2098,30,4,0,1733,14,0.6086956521739131,4608,35
0.26267672191170277,1.5900673400673402,198,33.391414141414145,1,21,0,subsidiary_stock_comp,0.07601036628087361,43,0.2087,22,4,0,1733,16,0.7619047619047619,4736,36
0.27086172097187955,1.5189393939393943,198,33.41666666666667,3,22,0,subsidiary_stock_comp,0.0918938120206197,48,0.2077,34,4,0,1733,16,0.7272727272727273,4864,37
0.19768277913317434,1.6538461538461537,198,43,4,26,0,subsidiary_stock_comp,0.061397685358921684,44,0.2066,32,4,0,1733,22,0.8461538461538461,4992,38
0.23775292946447735,1.6084710743801656,198,35.38636363636364,1,22,0,subsidiary_stock_comp,0.07168444494406383,46,0.2056,25,4,0,1733,17,0.7727272727272727,5120,39
0.23992743394774152,1.5226301476301474,198,39.588383838383834,5,26,0,subsidiary_stock_comp,0.061729258547226586,46,0.2046,36,4,0,1733,20,0.7692307692307693,5248,40
0.24721988872624934,1.829755892255892,198,43.91414141414141,2,24,0,subsidiary_stock_comp,0.08460529645284016,48,0.2036,36,4,0,1733,22,0.9166666666666666,5376,41
0.2512099009909434,1.5149410774410779,198,36.35858585858587,4,24,0,subsidiary_stock_comp,0.07484717170397441,48,0.2025,20,4,0,1733,18,0.75,5504,42
0.18512630210170755,1.6666666666666667,198,45,4,27,0,subsidiary_stock_comp,0.054757470885912575,46,0.2015,29,4,0,1733,23,0.8518518518518519,5632,43
0.2264227210689569,1.7533333333333332,198,43.83333333333333,2,25,0,subsidiary_stock_comp,0.037812065333127975,50,0.2005,21,4,0,1733,22,0.88,5760,44
0.23085769935278222,1.6324609733700641,198,35.91414141414141,2,22,0,subsidiary_stock_comp,0.08327847470839818,40,0.1995,34,4,0,1733,18,0.8181818181818182,5888,45
0.2140576583260554,1.7412165129556434,198,40.0479797979798,3,23,0,subsidiary_stock_comp,0.08472646276156108,42,0.1985,25,4,0,1733,20,0.8695652173913043,6016,46
0.23933476261299802,1.579201101928375,198,34.74242424242425,2,22,0,subsidiary_stock_comp,0.06215472643574079,44,0.1975,23,4,0,1733,17,0.7727272727272727,6144,47
0.2361096845488646,1.5839393939393938,198,39.598484848484844,5,25,0,subsidiary_stock_comp,0.05292594681183497,45,0.1965,27,4,0,1733,20,0.8,6272,48
0.22774863160884706,1.6543847566574839,198,36.39646464646464,1,22,0,subsidiary_stock_comp,0.059305050720771156,46,0.1956,25,4,0,1733,18,0.8181818181818182,6400,49
0.1842309178719006,1.91,198,47.75,1,25,0,subsidiary_stock_comp,0.02234697062522173,48,0.1946,18,4,0,1733,24,0.96,6528,50
0.2925397979997797,1.4126683501683504,198,33.90404040404041,4,24,0,subsidiary_stock_comp,0.039487882206837334,61,0.1936,22,4,0,1733,16,0.6666666666666666,6656,51
0.2676806001654768,1.5001202501202502,198,31.502525252525256,1,21,0,subsidiary_stock_comp,0.08197849492232005,45,0.1926,28,4,0,1733,15,0.7142857142857143,6784,52
0.28267818850144977,1.670995670995671,198,35.09090909090909,2,21,0,subsidiary_stock_comp,0.06406125922997792,49,0.1917,23,4,0,1733,17,0.8095238095238095,6912,53
0.24005813042458612,1.681818181818182,198,33.63636363636364,0,20,0,subsidiary_stock_comp,0.10531719028949738,42,0.1907,20,4,0,1733,16,0.8,7040,54
0.23123663949445472,1.8532439782439787,198,48.18434343434345,1,26,0,subsidiary_stock_comp,0.018172597512602806,54,0.1898,28,4,0,1733,24,0.9230769230769231,7168,55
0.21336738286117907,1.6522038567493111,198,36.348484848484844,2,22,0,subsidiary_stock_comp,0.05676029374202093,46,0.1888,26,4,0,1733,18,0.8181818181818182,7296,56
0.210921199148288,1.5589225589225588,198,37.41414141414141,4,24,0,subsidiary_stock_comp,0.03576223428050677,42,0.1879,23,4,0,1733,19,0.7916666666666666,7424,57
0.24843060367493308,1.740404040404041,198,43.510101010101025,2,25,0,subsidiary_stock_comp,0.03334650583565235,61,0.1869,26,4,0,1733,21,0.84,7552,58
0.15099696919787675,1.7164502164502167,198,48.06060606060607,4,28,0,subsidiary_stock_comp,0.04976418117682139,54,0.186,25,4,0,1733,24,0.8571428571428571,7680,59
0.06378958876302931,1.7916666666666667,198,53.75,3,30,0,subsidiary_stock_comp,0.026435954496264458,55,0.1851,19,4,0,1733,27,0.9,7808,60
0.22914379947906127,1.483766233766234,198,41.545454545454554,4,28,0,subsidiary_stock_comp,0.03857060459752878,64,0.1841,26,4,0,1733,20,0.7142857142857143,7936,61
0.11753417825275392,1.4663009404388716,198,42.52272727272727,5,29,0,subsidiary_stock_comp,0.0323370856543382,61,0.1832,24,4,0,1733,21,0.7241379310344828,8064,62
0.15419799911796872,1.4265064437478239,198,41.36868686868689,6,29,0,subsidiary_stock_comp,0.0722056192656358,54,0.1823,29,4,0,1733,21,0.7241379310344828,8192,63
0.058425561863259645,1.859375,198,59.5,2,32,0,subsidiary_stock_comp,0.09871353209018707,60,0.1814,29,4,0,1733,30,0.9375,8320,64
0.15828027074348938,1.5722222222222222,198,47.166666666666664,6,30,0,subsidiary_stock_comp,0.04419579481085142,61,0.1805,27,4,0,1733,23,0.7666666666666667,8448,65
0.14916698445267684,1.705761316872428,198,46.05555555555556,2,27,0,subsidiary_stock_comp,0.013852108580370745,58,0.1796,22,4,0,1733,23,0.8518518518518519,8576,66
0.1586616612803482,1.4763148728665973,198,42.81313131313132,6,29,0,subsidiary_stock_comp,0.039956112702687584,62,0.1787,21,4,0,1733,21,0.7241379310344828,8704,67
0.12776141473477765,1.8249158249158246,198,49.272727272727266,0,27,0,subsidiary_stock_comp,0.051856186240911484,64,0.1778,21,4,0,1733,24,0.8888888888888888,8832,68
0.14142091205758334,1.3744107744107745,198,41.23232323232324,8,30,0,subsidiary_stock_comp,0.0966715117295583,50,0.1769,31,4,0,1733,21,0.7,8960,69
0.11213949807824974,1.5366161616161615,198,46.098484848484844,5,30,0,subsidiary_stock_comp,0.10670827080806096,59,0.176,19,4,0,1733,23,0.7666666666666667,9088,70
0.18084043178532738,1.558080808080808,198,45.18434343434343,5,29,0,subsidiary_stock_comp,0.1083971510330836,52,0.1751,29,4,0,1733,23,0.7931034482758621,9216,71
0.14108839193431777,1.6716269841269846,198,46.80555555555557,3,28,0,subsidiary_stock_comp,0.025565424002707005,58,0.1743,27,4,0,1733,23,0.8214285714285714,9344,72
0.10201633961878542,1.8724747474747474,198,56.17424242424242,1,30,0,subsidiary_stock_comp,0.05672483891248703,62,0.1734,19,4,0,1733,28,0.9333333333333333,9472,73
0.1169416083212127,1.7559465623981751,198,54.43434343434343,4,31,0,subsidiary_stock_comp,0.03882552435000738,60,0.1725,20,4,0,1733,27,0.8709677419354839,9600,74
0.12438845555516309,1.6945346320346317,198,47.44696969696969,3,28,0,subsidiary_stock_comp,0.03986066207289696,59,0.1717,22,4,0,1733,23,0.8214285714285714,9728,75
0.13314238879684126,1.6787518037518034,198,47.0050505050505,2,28,0,subsidiary_stock_comp,0.025887403016289074,63,0.1708,22,4,0,1733,23,0.8214285714285714,9856,76
0.07596439073313377,1.7452861952861956,198,52.35858585858587,2,30,0,subsidiary_stock_comp,0.04876230781277021,62,0.1699,19,4,0,1733,26,0.8666666666666667,9984,77
0.12830000807844044,1.6750841750841754,198,50.25252525252526,4,30,0,subsidiary_stock_comp,0.05379356940587362,60,0.1691,23,4,0,1733,25,0.8333333333333334,10112,78
0.0985899500301457,1.60423197492163,198,46.52272727272727,3,29,0,subsidiary_stock_comp,0.03050445392727852,64,0.1683,19,4,0,1733,23,0.7931034482758621,10240,79
0.08024579965604062,1.6591723688497881,198,51.43434343434343,4,31,0,subsidiary_stock_comp,0.025529814263184864,58,0.1674,24,4,0,1733,26,0.8387096774193549,10368,80
0.09161166335070448,1.7394781144781148,198,52.18434343434345,3,30,0,subsidiary_stock_comp,0.03196707678337892,59,0.1666,21,4,0,1733,26,0.8666666666666667,10496,81
0.06261094200272055,1.8570707070707073,198,55.71212121212122,2,30,0,subsidiary_stock_comp,0.027982070731619995,58,0.1657,21,4,0,1733,28,0.9333333333333333,10624,82
0.0684092256706208,1.6588465298142716,198,51.42424242424242,4,31,0,subsidiary_stock_comp,0.026966312279303867,58,0.1649,22,4,0,1733,26,0.8387096774193549,10752,83
0.14249389361793874,1.7350288600288601,198,48.58080808080808,2,28,0,subsidiary_stock_comp,0.02691086381673813,61,0.1641,29,4,0,1733,24,0.8571428571428571,10880,84
0.047317897082393756,2.0,198,60,0,30,0,subsidiary_stock_comp,0.029615282081067562,60,0.1633,15,4,0,1733,30,1.0,11008,85
0.05874636824682966,1.7317530140110788,198,53.68434343434345,3,31,0,subsidiary_stock_comp,0.025068949908018112,60,0.1625,10,4,0,1733,27,0.8709677419354839,11136,86
0.14344357372829108,1.5259740259740258,198,42.72727272727272,4,28,0,subsidiary_stock_comp,0.053617710868517555,60,0.1616,23,4,0,1733,21,0.75,11264,87
0.09188606343923311,1.8853187042842214,198,54.67424242424242,1,29,0,subsidiary_stock_comp,0.04633277033766111,61,0.1608,25,4,0,1733,27,0.9310344827586207,11392,88
0.14372012620424357,1.6641414141414146,198,44.931818181818194,3,27,0,subsidiary_stock_comp,0.051893470187981926,57,0.16,24,4,0,1733,22,0.8148148148148148,11520,89
0.10922346379948067,1.731421356421357,198,48.47979797979799,2,28,0,subsidiary_stock_comp,0.04773462067047755,62,0.1592,18,4,0,1733,24,0.8571428571428571,11648,90
0.07431958187044074,1.8249458874458873,198,51.098484848484844,1,28,0,subsidiary_stock_comp,0.04764382541179657,63,0.1584,14,4,0,1733,25,0.8928571428571429,11776,91
0.1465536671985319,1.4049364613880748,198,43.55303030303032,7,31,0,subsidiary_stock_comp,0.08664694428443909,59,0.1576,26,4,0,1733,22,0.7096774193548387,11904,92
0.08626924030795635,1.7904911180773249,198,51.92424242424242,2,29,0,subsidiary_stock_comp,0.17261932790279388,58,0.1569,25,4,0,1733,26,0.896551724137931,12032,93
0.13112020459539053,1.5928932178932182,198,44.60101010101011,4,28,0,subsidiary_stock_comp,0.10915160179138184,60,0.1561,18,4,0,1733,22,0.7857142857142857,12160,94
0.09649063879805908,1.751172438672439,198,49.03282828282829,3,28,0,subsidiary_stock_comp,0.09695503364006679,60,0.1553,22,4,0,1733,24,0.8571428571428571,12288,95
0.029211275309535267,1.859375,198,59.5,2,32,0,subsidiary_stock_comp,0.053533636033535004,60,0.1545,13,4,0,1733,30,0.9375,12416,96
0.09437279472058435,1.5227272727272727,198,50.25,7,33,0,subsidiary_stock_comp,0.17737160623073578,52,0.1537,20,4,0,1733,26,0.7878787878787878,12544,97
0.11131436830510211,1.710531238309016,198,46.18434343434343,3,27,0,subsidiary_stock_comp,0.12312358617782593,53,0.153,23,4,0,1733,23,0.8518518518518519,12672,98
0.08195424650330096,1.8119528619528622,198,54.35858585858587,2,30,0,subsidiary_stock_comp,0.05552190293868383,60,0.1522,16,4,0,1733,27,0.9,12800,99
0.537717922066804,0.5065073815073816,198,13.169191919191922,19,26,0,subsidiary_stock_comp,0.5020318528016409,63,0.25,27,5,0,1734,3,0.11538461538461539,128,0
0.47713288528029807,0.4524242424242426,198,11.310606060606066,19,25,0,subsidiary_stock_comp,0.558827539285024,61,0.2487,29,5,0,1734,3,0.12,256,1
0.54565883660689,0.7440711462450594,198,17.113636363636367,11,23,0,subsidiary_stock_comp,0.41389723618825275,62,0.2475,39,5,0,1734,6,0.2608695652173913,384,2
0.49067327845841646,1.0804195804195804,198,28.090909090909093,8,26,0,subsidiary_stock_comp,0.22263257702191672,52,0.2463,33,5,0,1734,13,0.5,512,3
0.43250145693309605,1.4145021645021647,198,39.60606060606061,8,28,0,subsidiary_stock_comp,0.14042633771896362,45,0.245,26,5,0,1734,20,0.7142857142857143,640,4
0.43106635054573417,1.397727272727273,198,27.954545454545457,2,20,0,subsidiary_stock_comp,0.09979888300100963,40,0.2438,24,5,0,1734,13,0.65,768,5
0.3350976192159578,1.3731313131313132,198,34.32828282828283,6,25,0,subsidiary_stock_comp,0.09212182958920796,41,0.2426,28,5,0,1734,17,0.68,896,6
0.4063583496317733,0.9068314726209463,198,17.22979797979798,3,19,0,subsidiary_stock_comp,0.08199932922919591,33,0.2414,36,5,0,1734,8,0.42105263157894735,1024,7
0.26626220578327775,1.5952380952380953,198,33.5,2,21,0,subsidiary_stock_comp,0.07371667524178822,34,0.2402,27,5,0,1734,17,0.8095238095238095,1152,8
0.3188815166358836,1.434102934102934,198,30.116161616161616,2,21,0,subsidiary_stock_comp,0.053596733758846916,34,0.239,35,5,0,1734,15,0.7142857142857143,1280,9
0.2541024336969713,1.5330225330225329,198,39.858585858585855,4,26,0,subsidiary_stock_comp,0.06934874008099239,52,0.2378,23,5,0,1734,20,0.7692307692307693,1408,10
0.2147716931067407,1.636655011655012,198,42.55303030303031,3,26,0,subsidiary_stock_comp,0.1043198232849439,55,0.2366,33,5,0,1734,21,0.8076923076923077,1536,11
0.14988202159292996,1.7351967955416234,198,50.32070707070708,3,29,0,subsidiary_stock_comp,0.04228786379098892,60,0.2354,20,5,0,1734,25,0.8620689655172413,1664,12
0.2065460841404274,1.5447063224841007,198,41.70707070707072,4,27,0,subsidiary_stock_comp,0.07079937309026718,58,0.2342,34,5,0,1734,20,0.7407407407407407,1792,13
0.26078499952564016,1.245733194009056,198,36.12626262626262,10,29,0,subsidiary_stock_comp,0.09169792632261912,53,0.2331,34,5,0,1734,18,0.6206896551724138,1920,14
0.13950678752735257,1.6356670149773598,198,47.43434343434343,4,29,0,subsidiary_stock_comp,0.14985046784083048,54,0.2319,24,5,0,1734,24,0.8275862068965517,2048,15
0.19832416759527405,1.5892255892255898,198,42.90909090909092,4,27,0,subsidiary_stock_comp,0.1273603489001592,60,0.2307,30,5,0,1734,21,0.7777777777777778,2176,16
0.18232748995069414,1.480146290491118,198,42.92424242424242,6,29,0,subsidiary_stock_comp,0.11099851379791896,50,0.2296,34,5,0,1734,22,0.7586206896551724,2304,17
0.17235664729378186,1.7955447330447332,198,50.275252525252526,1,28,0,subsidiary_stock_comp,0.07310351729393005,56,0.2284,24,5,0,1734,25,0.8928571428571429,2432,18
0.19558146339841187,1.5564814814814814,198,46.69444444444444,7,30,0,subsidiary_stock_comp,0.08687002460161845,55,0.2273,22,5,0,1734,23,0.7666666666666667,2560,19
0.2805670314701274,1.5340441451552562,198,41.41919191919192,6,27,0,subsidiary_stock_comp,0.09626747916142146,59,0.2262,32,5,0,1734,20,0.7407407407407407,2688,20
0.21281944459769875,1.6685372240927803,198,45.050505050505066,4,27,0,subsidiary_stock_comp,0.06597509110967319,56,0.225,27,5,0,1734,22,0.8148148148148148,2816,21
0.1719348902843194,1.543103448275862,198,44.75,5,29,0,subsidiary_stock_comp,0.11554679522911708,46,0.2239,28,5,0,1734,23,0.7931034482758621,2944,22
0.18455494528461713,1.6124242424242428,198,40.31060606060607,3,25,0,subsidiary_stock_comp,0.07961457222700119,48,0.2228,26,5,0,1734,20,0.8,3072,23
0.20663860441709403,1.6017871017871017,198,41.64646464646464,4,26,0,subsidiary_stock_comp,0.08149542845785618,50,0.2217,24,5,0,1734,21,0.8076923076923077,3200,24
0.30786640106816776,1.5299145299145305,198,39.77777777777779,6,26,0,subsidiary_stock_comp,0.1123445803920428,57,0.2206,25,5,0,1734,19,0.7307692307692307,3328,25
0.3283533403991896,1.581010101010101,198,39.525252525252526,4,25,0,subsidiary_stock_comp,0.07948506126801173,58,0.2195,26,5,0,1734,19,0.76,3456,26
0.3043476465390995,1.5899470899470902,198,33.38888888888889,2,21,0,subsidiary_stock_comp,0.06334005544583003,43,0.2184,25,5,0,1734,16,0.7619047619047619,3584,27
0.23563961267427658,1.74,198,43.5,2,25,0,subsidiary_stock_comp,0.11578405275940895,44,0.2173,23,5,0,1734,22,0.88,3712,28
0.19670124782714993,1.8392857142857142,198,51.5,2,28,0,subsidiary_stock_comp,0.1286009947458903,52,0.2162,28,5,0,1734,26,0.9285714285714286,3840,29
0.24335532643817714,1.3760884709160568,198,39.90656565656565,9,29,0,subsidiary_stock_comp,0.08750125020742416,49,0.2151,30,5,0,1734,20,0.6896551724137931,3968,30
0.21907585421649856,1.41242784992785,198,39.5479797979798,7,28,0,subsidiary_stock_comp,0.10697975506385167,43,0.214,37,5,0,1734,20,0.7142857142857143,4096,31
0.24553587425907608,1.5222416472416473,198,39.57828282828283,5,26,0,subsidiary_stock_comp,0.09542033821344376,45,0.213,24,5,0,1734,20,0.7692307692307693,4224,32
0.2315980176172161,1.5769230769230769,198,41,4,26,0,subsidiary_stock_comp,0.06555678447087605,42,0.2119,20,5,0,1734,21,0.8076923076923077,4352,33
0.2929895730849239,1.6590909090909092,198,41.47727272727273,1,25,0,subsidiary_stock_comp,0.07647036015987396,64,0.2108,26,5,0,1734,20,0.8,4480,34
0.2850879594734579,1.4065656565656566,198,36.57070707070707,6,26,0,subsidiary_stock_comp,0.07938997944196065,51,0.2098,25,5,0,1734,18,0.6923076923076923,4608,35
0.2691488204727648,1.6746309246309248,198,43.54040404040404,4,26,0,subsidiary_stock_comp,0.0827919269601504,54,0.2087,21,5,0,1734,21,0.8076923076923077,4736,36
0.3066119962131779,1.4622222222222223,198,36.55555555555556,4,25,0,subsidiary_stock_comp,0.06435639535387357,45,0.2077,31,5,0,1734,18,0.72,4864,37
0.2155694064567797,1.6288780663780662,198,45.608585858585855,5,28,0,subsidiary_stock_comp,0.025918413574496906,60,0.2066,25,5,0,1734,22,0.7857142857142857,4992,38
0.13403104478493333,1.7202194357366773,198,49.88636363636364,3,29,0,subsidiary_stock_comp,0.04460293178757032,54,0.2056,26,5,0,1734,25,0.8620689655172413,5120,39
0.07365874163224362,1.9416666666666667,198,58.25,1,30,0,subsidiary_stock_comp,0.018138450259963673,59,0.2046,19,5,0,1734,29,0.9666666666666667,5248,40
0.0527138618635945,1.925,198,57.75,1,30,0,subsidiary_stock_comp,0.018908111999432247,58,0.2036,17,5,0,1734,29,0.9666666666666667,5376,41
0.1818702038435731,1.6142255892255897,198,48.42676767676769,5,30,0,subsidiary_stock_comp,0.047035206109285355,58,0.2025,25,5,0,1734,24,0.8,5504,42
0.11214807578653563,1.7357445421961553,198,53.80808080808081,4,31,0,subsidiary_stock_comp,0.03247453334430853,57,0.2015,25,5,0,1734,27,0.8709677419354839,5632,43
0.11293162038782611,1.7,198,51,4,30,0,subsidiary_stock_comp,0.05410756294926008,52,0.2005,28,5,0,1734,26,0.8666666666666667,5760,44
0.20683556924632285,1.699410774410775,198,50.982323232323246,5,30,0,subsidiary_stock_comp,0.04861905177434286,58,0.1995,30,5,0,1734,25,0.8333333333333334,5888,45
0.12827426771400496,1.4880050505050504,198,47.61616161616161,8,32,0,subsidiary_stock_comp,0.09333688765764236,54,0.1985,25,5,0,1734,24,0.75,6016,46
0.14610850813915022,1.4978820462691427,198,46.434343434343425,8,31,0,subsidiary_stock_comp,0.07672778020302455,56,0.1975,25,5,0,1734,23,0.7419354838709677,6144,47
0.17326443201454822,1.5183501683501683,198,45.55050505050505,6,30,0,subsidiary_stock_comp,0.13470374047756195,54,0.1965,32,5,0,1734,23,0.7666666666666667,6272,48
0.18822257450665347,1.4470538720538721,198,43.411616161616166,7,30,0,subsidiary_stock_comp,0.058646208296219506,54,0.1956,27,5,0,1734,22,0.7333333333333333,6400,49
0.16355209265020676,1.7206890331890332,198,48.17929292929293,3,28,0,subsidiary_stock_comp,0.062125551203886666,56,0.1946,23,5,0,1734,24,0.8571428571428571,6528,50
0.2073704434442334,1.5143097643097643,198,45.42929292929293,6,30,0,subsidiary_stock_comp,0.10901701947053273,54,0.1936,28,5,0,1734,23,0.7666666666666667,6656,51
0.20131845814466942,1.684926184926185,198,43.80808080808081,4,26,0,subsidiary_stock_comp,0.12045136094093323,47,0.1926,14,5,0,1734,22,0.8461538461538461,6784,52
0.3295612680958584,1.4306607744107744,198,34.33585858585859,5,24,0,subsidiary_stock_comp,0.09192507962385814,49,0.1917,33,5,0,1734,17,0.7083333333333334,6912,53
0.19282344289240427,1.9196428571428572,198,53.75,1,28,0,subsidiary_stock_comp,0.10392446567614873,54,0.1907,17,5,0,1734,27,0.9642857142857143,7040,54
0.15172462415648624,1.9441530691530693,198,50.5479797979798,1,26,0,subsidiary_stock_comp,0.0687125138938427,52,0.1898,22,5,0,1734,25,0.9615384615384616,7168,55
0.18230309446516912,1.6760101010101007,198,50.280303030303024,5,30,0,subsidiary_stock_comp,0.06839301685492198,56,0.1888,26,5,0,1734,25,0.8333333333333334,7296,56
0.28526010902714916,1.4930555555555558,198,41.805555555555564,7,28,0,subsidiary_stock_comp,0.05293712392449379,57,0.1879,26,5,0,1734,20,0.7142857142857143,7424,57
0.16133294966130052,1.680976430976431,198,50.42929292929293,4,30,0,subsidiary_stock_comp,0.055524454762538276,59,0.1869,16,5,0,1734,25,0.8333333333333334,7552,58
0.27649810719594825,1.5565656565656567,198,38.91414141414142,6,25,0,subsidiary_stock_comp,0.05929938331246376,46,0.186,30,5,0,1734,19,0.76,7680,59
0.29614836670225486,1.4718778696051424,198,32.381313131313135,3,22,0,subsidiary_stock_comp,0.055030973007281624,38,0.1851,23,5,0,1734,16,0.7272727272727273,7808,60
0.26114063801651355,1.3465423465423467,198,35.01010101010102,8,26,0,subsidiary_stock_comp,0.06571825842062633,54,0.1841,30,5,0,1734,17,0.6538461538461539,7936,61
0.22924827510723844,1.5653759820426483,198,42.2651515151515,5,27,0,subsidiary_stock_comp,0.09553765008846919,59,0.1832,31,5,0,1734,20,0.7407407407407407,8064,62
0.06406808514293516,1.7916666666666667,198,53.75,3,30,0,subsidiary_stock_comp,0.022605285048484802,55,0.1823,18,5,0,1734,27,0.9,8192,63
0.20299309758411255,1.6028387321490767,198,46.482323232323225,7,29,0,subsidiary_stock_comp,0.06886696567138036,58,0.1814,30,5,0,1734,22,0.7586206896551724,8320,64
0.21322175266686827,1.449582027168234,198,42.03787878787879,5,29,0,subsidiary_stock_comp,0.023272039368748665,61,0.1805,21,5,0,1734,21,0.7241379310344828,8448,65
0.055154931389552075,1.7890625,198,57.25,3,32,0,subsidiary_stock_comp,0.07888725648323695,58,0.1796,18,5,0,1734,29,0.90625,8576,66
0.21589130847132765,1.6916278166278162,198,43.982323232323225,5,26,0,subsidiary_stock_comp,0.0627259040872256,54,0.1787,37,5,0,1734,21,0.8076923076923077,8704,67
0.10615884767321404,1.730146290491118,198,50.17424242424242,3,29,0,subsidiary_stock_comp,0.047689334799846016,55,0.1778,20,5,0,1734,25,0.8620689655172413,8832,68
0.17516974268073682,1.6410774410774416,198,49.232323232323246,6,30,0,subsidiary_stock_comp,0.03249353853364786,57,0.1769,27,5,0,1734,24,0.8,8960,69
0.12516959473578027,1.5078125,198,48.25,7,32,0,subsidiary_stock_comp,0.07585695137580235,50,0.176,27,5,0,1734,25,0.78125,9088,70
0.11760059333755635,1.7824074074074077,198,53.47222222222223,3,30,0,subsidiary_stock_comp,0.0289149625847737,56,0.1751,24,5,0,1734,27,0.9,9216,71
0.1628034110472072,1.546885521885522,198,46.40656565656566,7,30,0,subsidiary_stock_comp,0.0861277977625529,55,0.1743,20,5,0,1734,23,0.7666666666666667,9344,72
0.11397520850005094,1.533065025252525,198,49.0580808080808,7,32,0,subsidiary_stock_comp,0.06992354740699132,53,0.1734,17,5,0,1734,25,0.78125,9472,73
0.1997327871649759,1.7687216997561828,198,51.2929292929293,4,29,0,subsidiary_stock_comp,0.047334001710017524,62,0.1725,27,5,0,1734,25,0.8620689655172413,9600,74
0.11206400150695117,1.6484375,198,52.75,5,32,0,subsidiary_stock_comp,0.03076997771859169,54,0.1717,21,5,0,1734,27,0.84375,9728,75
0.10811346756963758,1.7618116650374716,198,54.61616161616162,4,31,0,subsidiary_stock_comp,0.025701945026715595,60,0.1708,16,5,0,1734,27,0.8709677419354839,9856,76
0.13569646853284212,1.8426506443747828,198,53.4368686868687,1,29,0,subsidiary_stock_comp,0.002165109384804964,68,0.1699,17,5,0,1734,26,0.896551724137931,9984,77
0.04974382032014546,1.8548387096774193,198,57.5,2,31,0,subsidiary_stock_comp,0.046892877047260605,58,0.1691,13,5,0,1734,29,0.9354838709677419,10112,78
0.06518803499056958,1.9456635318704287,198,56.424242424242436,0,29,0,subsidiary_stock_comp,0.05959319074948629,60,0.1683,18,5,0,1734,28,0.9655172413793104,10240,79
0.13596949364728061,1.540241120886282,198,47.74747474747475,6,31,0,subsidiary_stock_comp,0.2481344019373258,55,0.1674,23,5,0,1734,24,0.7741935483870968,10368,80
0.11410230721230619,1.6489898989898988,198,47.820707070707066,5,29,0,subsidiary_stock_comp,0.24862776945034662,55,0.1666,24,5,0,1734,24,0.8275862068965517,10496,81
0.055791159233194776,1.8089488636363635,198,57.88636363636363,3,32,0,subsidiary_stock_comp,0.029709027459224064,62,0.1657,15,5,0,1734,29,0.90625,10624,82
0.08765455141110579,1.853622431208638,198,53.755050505050505,1,29,0,subsidiary_stock_comp,0.02743910936017831,55,0.1649,21,5,0,1734,27,0.9310344827586207,10752,83
0.05573889565857826,1.8887147335423204,198,54.772727272727295,2,29,0,subsidiary_stock_comp,0.04507435392588377,63,0.1641,13,5,0,1734,27,0.9310344827586207,10880,84
0.11340529400695232,1.4722222222222223,198,44.16666666666667,6,30,0,subsidiary_stock_comp,0.0899270623922348,53,0.1633,21,5,0,1734,22,0.7333333333333333,11008,85
0.09215098204731476,1.7456228956228954,198,52.368686868686865,2,30,0,subsidiary_stock_comp,0.07037611181537311,62,0.1625,14,5,0,1734,26,0.8666666666666667,11136,86
0.07539719138731016,1.866771159874608,198,54.13636363636363,2,29,0,subsidiary_stock_comp,0.04946525270740191,58,0.1616,17,5,0,1734,27,0.9310344827586207,11264,87
0.06777554113796214,1.7096774193548387,198,53,4,31,0,subsidiary_stock_comp,0.027128322670857113,54,0.1608,23,5,0,1734,27,0.8709677419354839,11392,88
0.08420169557939516,1.7302052785923752,198,53.63636363636363,4,31,0,subsidiary_stock_comp,0.05051355063915253,58,0.16,20,5,0,1734,27,0.8709677419354839,11520,89
0.1404690656963794,1.5498316498316496,198,46.49494949494949,4,30,0,subsidiary_stock_comp,0.107309656838576,62,0.1592,25,5,0,1734,23,0.7666666666666667,11648,90
0.08215817980271822,1.7444270289097876,198,50.58838383838384,3,29,0,subsidiary_stock_comp,0.18974092851082483,57,0.1584,17,5,0,1734,25,0.8620689655172413,11776,91
0.12740829261019826,1.6848845598845599,198,47.176767676767675,4,28,0,subsidiary_stock_comp,0.07804826895395915,59,0.1576,19,5,0,1734,23,0.8214285714285714,11904,92
0.12322298551771382,1.770724486241728,198,51.35101010101011,3,29,0,subsidiary_stock_comp,0.07539811357855797,62,0.1569,19,5,0,1734,25,0.8620689655172413,12032,93
0.04617347450766829,1.7983870967741935,198,55.75,3,31,0,subsidiary_stock_comp,0.08641127496957779,57,0.1561,18,5,0,1734,28,0.9032258064516129,12160,94
0.10131164651465951,1.7519841269841279,198,49.05555555555558,2,28,0,subsidiary_stock_comp,0.06929981832702954,60,0.1553,20,5,0,1734,24,0.8571428571428571,12288,95
0.07746590692659083,1.8410774410774409,198,55.232323232323225,2,30,0,subsidiary_stock_comp,0.0346433874219656,63,0.1545,17,5,0,1734,27,0.9,12416,96
0.0846955939905456,1.830400782013685,198,56.742424242424235,2,31,0,subsidiary_stock_comp,0.06460357457399368,65,0.1537,16,5,0,1734,28,0.9032258064516129,12544,97
0.13277684868080541,1.7629745733194009,198,51.12626262626262,4,29,0,subsidiary_stock_comp,0.05258376648028692,58,0.153,17,5,0,1734,25,0.8620689655172413,12672,98
0.12610827894241083,1.690860215053763,198,52.41666666666666,5,31,0,subsidiary_stock_comp,0.11052145560582478,61,0.1522,17,5,0,1734,26,0.8387096774193549,12800,99
0.24904831545427442,-0.060606060606060615,158,-1.090909090909091,8,18,0,subsidiary_stock_comp,0.8916131655375162,4,0.25,40,6,0,1735,0,0.0,128,0
0.22730803745798767,0.18322109988776653,198,3.2979797979797976,6,18,0,subsidiary_stock_comp,0.17837502310673395,6,0.2487,42,6,0,1735,2,0.1111111111111111,256,1
0.185635652160272,0.2916666666666667,198,5.25,3,18,0,subsidiary_stock_comp,0.3118613362312317,6,0.2475,34,6,0,1735,3,0.16666666666666666,384,2
0.171844735275954,0.34375,198,5.5,2,16,0,subsidiary_stock_comp,0.16597525775432587,6,0.2463,34,6,0,1735,3,0.1875,512,3
0.28461644845083356,0.7054758107389687,198,13.404040404040405,4,19,0,subsidiary_stock_comp,0.13862264404694238,16,0.245,35,6,0,1735,7,0.3684210526315789,640,4
0.3834335572319105,1.2049242424242428,198,24.098484848484855,3,20,0,subsidiary_stock_comp,0.07657790432373683,39,0.2438,31,6,0,1735,11,0.55,768,5
0.29615508299320936,1.730672105672106,198,44.997474747474755,3,26,0,subsidiary_stock_comp,0.05147923963765303,55,0.2426,31,6,0,1735,22,0.8461538461538461,896,6
0.35993587400298566,1.5041414141414142,198,37.60353535353536,3,25,0,subsidiary_stock_comp,0.11478032420078914,46,0.2414,38,6,0,1735,19,0.76,1024,7
0.41929732565768063,1.3354194115063682,198,30.71464646464647,3,23,0,subsidiary_stock_comp,0.05417378122607867,60,0.2402,35,6,0,1735,14,0.6086956521739131,1152,8
0.24743186798878014,1.872655122655123,198,52.43434343434344,2,28,0,subsidiary_stock_comp,0.011562388700743517,56,0.239,16,6,0,1735,26,0.9285714285714286,1280,9
0.33347874239552766,1.4071669071669073,198,29.550505050505052,2,21,0,subsidiary_stock_comp,0.06271905824542046,39,0.2378,19,6,0,1735,14,0.6666666666666666,1408,10
0.2426177985034883,1.74,198,43.5,2,25,0,subsidiary_stock_comp,0.12782462686300278,44,0.2366,22,6,0,1735,22,0.88,1536,11
0.27286192058818415,1.5918560606060606,198,38.20454545454545,5,24,0,subsidiary_stock_comp,0.06950877110163371,46,0.2354,35,6,0,1735,19,0.7916666666666666,1664,12
0.3214577247854322,1.4095117845117846,198,33.82828282828283,4,24,0,subsidiary_stock_comp,0.034701490153868995,39,0.2342,33,6,0,1735,17,0.7083333333333334,1792,13
0.2872981447726488,1.414838035527691,198,41.03030303030304,8,29,0,subsidiary_stock_comp,0.03476697951555252,47,0.2331,29,6,0,1735,21,0.7241379310344828,1920,14
0.24006738870230038,1.7541035353535355,198,42.09848484848485,3,24,0,subsidiary_stock_comp,0.023070653279622395,54,0.2319,30,6,0,1735,20,0.8333333333333334,2048,15
0.19601223076460883,1.6697330447330447,198,46.75252525252525,4,28,0,subsidiary_stock_comp,0.04370502817134062,57,0.2307,25,6,0,1735,23,0.8214285714285714,2176,16
0.19488280406221747,1.3869731800766283,198,40.22222222222222,8,29,0,subsidiary_stock_comp,0.07867438594500224,44,0.2296,35,6,0,1735,21,0.7241379310344828,2304,17
0.2079055693175178,1.4721407624633431,198,45.63636363636364,8,31,0,subsidiary_stock_comp,0.07100562006235123,54,0.2284,30,6,0,1735,23,0.7419354838709677,2432,18
0.2060553772462299,1.7569210624766183,198,47.43686868686869,3,27,0,subsidiary_stock_comp,0.027687856927514076,58,0.2273,22,6,0,1735,23,0.8518518518518519,2560,19
0.18909305438864976,1.6827534605312382,198,45.43434343434343,4,27,0,subsidiary_stock_comp,0.058539958049853645,49,0.2262,31,6,0,1735,23,0.8518518518518519,2688,20
0.1921897427382646,1.6440295815295822,198,46.032828282828305,5,28,0,subsidiary_stock_comp,0.07997039457162221,55,0.225,27,6,0,1735,23,0.8214285714285714,2816,21
0.25313470291439444,1.2533670033670032,198,33.840909090909086,9,27,0,subsidiary_stock_comp,0.07153518746296565,45,0.2239,33,6,0,1735,17,0.6296296296296297,2944,22
0.181020832467766,1.7162364384586606,198,46.338383838383834,2,27,0,subsidiary_stock_comp,0.06029325599471728,56,0.2228,26,6,0,1735,23,0.8518518518518519,3072,23
0.1634282316081226,1.8063973063973064,198,48.77272727272727,2,27,0,subsidiary_stock_comp,0.037293899804353714,59,0.2217,27,6,0,1735,24,0.8888888888888888,3200,24
0.2101712203657371,1.4357366771159876,198,41.63636363636364,8,29,0,subsidiary_stock_comp,0.07176025087634723,50,0.2206,36,6,0,1735,21,0.7241379310344828,3328,25
0.2012889269281004,1.7678571428571428,198,49.5,2,28,0,subsidiary_stock_comp,0.06732286388675372,50,0.2195,26,6,0,1735,25,0.8928571428571429,3456,26
0.20740930409010616,1.6264496820052374,198,43.91414141414141,2,27,0,subsidiary_stock_comp,0.07561879232525826,48,0.2184,23,6,0,1735,22,0.8148148148148148,3584,27
0.2604155433291453,1.5837542087542082,198,47.51262626262625,7,30,0,subsidiary_stock_comp,0.04323070247968038,61,0.2173,26,6,0,1735,23,0.7666666666666667,3712,28
0.1683916902547935,1.8117380703587598,198,52.540404040404034,2,29,0,subsidiary_stock_comp,0.023759691044688225,58,0.2162,30,6,0,1735,26,0.896551724137931,3840,29
0.18221901778451866,1.7404214559386972,198,50.47222222222222,3,29,0,subsidiary_stock_comp,0.04149255342781544,56,0.2151,26,6,0,1735,25,0.8620689655172413,3968,30
0.20490310229433817,1.72492784992785,198,48.2979797979798,4,28,0,subsidiary_stock_comp,0.050655330220858254,51,0.214,32,6,0,1735,24,0.8571428571428571,4096,31
0.3215821706908173,1.2674747474747476,198,31.686868686868692,8,25,0,subsidiary_stock_comp,0.09653546164433162,50,0.213,37,6,0,1735,15,0.6,4224,32
0.228248734078079,1.628517316017316,198,45.59848484848485,5,28,0,subsidiary_stock_comp,0.09143712868293126,51,0.2119,24,6,0,1735,23,0.8214285714285714,4352,33
0.27082409954164177,1.7113131313131316,198,42.78282828282829,2,25,0,subsidiary_stock_comp,0.08187166849772136,54,0.2108,17,6,0,1735,21,0.84,4480,34
0.2522454259415099,1.6128881406659186,198,43.5479797979798,5,27,0,subsidiary_stock_comp,0.04534314821163813,46,0.2098,27,6,0,1735,22,0.8148148148148148,4608,35
0.22998251920580515,1.6827272727272728,198,42.06818181818182,3,25,0,subsidiary_stock_comp,0.030126582210262615,46,0.2087,24,6,0,1735,21,0.84,4736,36
0.19345007609808818,1.6785714285714286,198,47,4,28,0,subsidiary_stock_comp,0.05421312650044759,48,0.2077,29,6,0,1735,24,0.8571428571428571,4864,37
0.24102761390895466,1.747863247863248,198,45.44444444444445,4,26,0,subsidiary_stock_comp,0.02142497121045987,55,0.2066,30,6,0,1735,22,0.8461538461538461,4992,38
0.29251423008099664,1.393728956228956,198,33.44949494949495,4,24,0,subsidiary_stock_comp,0.06279537826776505,45,0.2056,26,6,0,1735,16,0.6666666666666666,5120,39
0.24097581331443507,1.8336627140974966,198,42.17424242424242,1,23,0,subsidiary_stock_comp,0.05337668458620707,47,0.2046,29,6,0,1735,21,0.9130434782608695,5248,40
0.21318559210340027,1.77,198,44.25,1,25,0,subsidiary_stock_comp,0.03383652896930774,45,0.2036,22,6,0,1735,22,0.88,5376,41
0.20478747749621107,1.6665656565656564,198,41.66414141414141,3,25,0,subsidiary_stock_comp,0.035669042418400444,46,0.2025,22,6,0,1735,21,0.84,5504,42
0.21069203586921503,1.7178683385579936,198,49.81818181818181,4,29,0,subsidiary_stock_comp,0.039175111800432205,54,0.2015,26,6,0,1735,25,0.8620689655172413,5632,43
0.22599297998567636,1.67,198,41.75,3,25,0,subsidiary_stock_comp,0.06491220990816753,43,0.2005,26,6,0,1735,21,0.84,5760,44
0.21659509414348577,1.8851010101010106,198,49.01262626262628,1,26,0,subsidiary_stock_comp,0.05197490255037943,59,0.1995,26,6,0,1735,24,0.9230769230769231,5888,45
0.17573851765973814,1.848297792742237,198,49.9040404040404,2,27,0,subsidiary_stock_comp,0.07041917492945989,52,0.1985,29,6,0,1735,25,0.9259259259259259,6016,46
0.16370019470286934,1.8185703185703188,198,47.28282828282829,0,26,0,subsidiary_stock_comp,0.0163273848593235,56,0.1975,26,6,0,1735,23,0.8846153846153846,6144,47
0.17776071868138388,1.454022988505747,198,42.166666666666664,6,29,0,subsidiary_stock_comp,0.05178557336330414,57,0.1965,23,6,0,1735,21,0.7241379310344828,6272,48
0.1538676466589095,1.585249042145594,198,45.97222222222223,5,29,0,subsidiary_stock_comp,0.03282178503771623,53,0.1956,28,6,0,1735,23,0.7931034482758621,6400,49
0.2120969112875173,1.3277603622431209,198,38.505050505050505,8,29,0,subsidiary_stock_comp,0.0353643943866094,59,0.1946,28,6,0,1735,19,0.6551724137931034,6528,50
0.11050546498881886,1.6631835597352844,198,48.232323232323246,4,29,0,subsidiary_stock_comp,0.049339620396494865,56,0.1936,22,6,0,1735,24,0.8275862068965517,6656,51
0.1845445164872217,1.5385521885521887,198,46.15656565656566,6,30,0,subsidiary_stock_comp,0.0803285042444865,56,0.1926,31,6,0,1735,23,0.7666666666666667,6784,52
0.11965611038795032,1.6030618686868687,198,51.2979797979798,6,32,0,subsidiary_stock_comp,0.03940193603436152,54,0.1917,23,6,0,1735,26,0.8125,6912,53
0.12411167869777273,1.6706228956228963,198,50.11868686868689,3,30,0,subsidiary_stock_comp,0.030013677353660267,62,0.1907,21,6,0,1735,25,0.8333333333333334,7040,54
0.18163469080172945,1.3638975966562172,198,39.5530303030303,7,29,0,subsidiary_stock_comp,0.05336828902363777,53,0.1898,29,6,0,1735,20,0.6896551724137931,7168,55
0.147829829256807,1.6527777777777777,198,49.58333333333333,5,30,0,subsidiary_stock_comp,0.10251637548208237,56,0.1888,24,6,0,1735,25,0.8333333333333334,7296,56
0.1561849346398958,1.6876803751803748,198,47.2550505050505,5,28,0,subsidiary_stock_comp,0.041550969084103904,59,0.1879,26,6,0,1735,23,0.8214285714285714,7424,57
0.15923392966215033,1.4497474747474748,198,43.49242424242424,7,30,0,subsidiary_stock_comp,0.07938820123672485,53,0.1869,30,6,0,1735,22,0.7333333333333333,7552,58
0.16246778807180817,1.5844276094276095,198,47.532828282828284,7,30,0,subsidiary_stock_comp,0.05960096170504888,61,0.186,24,6,0,1735,23,0.7666666666666667,7680,59
0.11724350382792181,1.5583333333333333,198,46.75,5,30,0,subsidiary_stock_comp,0.09358648955821991,48,0.1851,27,6,0,1735,24,0.8,7808,60
0.08092038809991209,1.8548387096774193,198,57.5,2,31,0,subsidiary_stock_comp,0.03987853663663069,58,0.1841,19,6,0,1735,29,0.9354838709677419,7936,61
0.11867805702786427,1.5183284457478006,198,47.06818181818182,7,31,0,subsidiary_stock_comp,0.09165466825167339,52,0.1832,22,6,0,1735,24,0.7741935483870968,8064,62
0.1102208766824333,1.7439393939393937,198,52.31818181818181,2,30,0,subsidiary_stock_comp,0.023608054965734482,56,0.1823,30,6,0,1735,26,0.8666666666666667,8192,63
0.1613518665835727,1.5288720538720537,198,45.86616161616161,7,30,0,subsidiary_stock_comp,0.04435062284270922,52,0.1814,29,6,0,1735,23,0.7666666666666667,8320,64
0.09323462747306621,1.7228114478114478,198,51.68434343434343,3,30,0,subsidiary_stock_comp,0.048701791713635124,58,0.1805,19,6,0,1735,26,0.8666666666666667,8448,65
0.15297989066129958,1.6910484151863463,198,49.04040404040404,4,29,0,subsidiary_stock_comp,0.04350579405824343,59,0.1796,27,6,0,1735,24,0.8275862068965517,8576,66
0.08810905867994734,1.8684256356670155,198,54.18434343434345,1,29,0,subsidiary_stock_comp,0.023274073998133343,60,0.1787,18,6,0,1735,27,0.9310344827586207,8704,67
0.12518556417853688,1.6033775252525253,198,51.30808080808081,6,32,0,subsidiary_stock_comp,0.05630446473757426,55,0.1778,19,6,0,1735,26,0.8125,8832,68
0.09633015901999897,1.7189132706374088,198,49.84848484848486,4,29,0,subsidiary_stock_comp,0.08691175530354182,55,0.1769,16,6,0,1735,25,0.8620689655172413,8960,69
0.048222692083072616,1.8548387096774193,198,57.5,2,31,0,subsidiary_stock_comp,0.06472212821245193,58,0.176,19,6,0,1735,29,0.9354838709677419,9088,70
0.14873281701511587,1.590909090909091,198,49.31818181818182,6,31,0,subsidiary_stock_comp,0.07261745134989421,54,0.1751,28,6,0,1735,25,0.8064516129032258,9216,71
0.07144736644841032,1.8244542196155098,198,56.5580808080808,3,31,0,subsidiary_stock_comp,0.05894588182369868,60,0.1743,25,6,0,1735,28,0.9032258064516129,9344,72
0.09366313264945347,1.72336265884653,198,53.42424242424243,4,31,0,subsidiary_stock_comp,0.04597108314434687,56,0.1734,20,6,0,1735,27,0.8709677419354839,9472,73
0.1634381976982695,1.54554162312783,198,44.82070707070707,5,29,0,subsidiary_stock_comp,0.053871698677539825,58,0.1725,22,6,0,1735,22,0.7586206896551724,9600,74
0.15216772248822963,1.6415012190874265,198,47.60353535353537,5,29,0,subsidiary_stock_comp,0.07947243625919025,55,0.1717,31,6,0,1735,24,0.8275862068965517,9728,75
0.14878077465164097,1.6078892371995823,198,46.62878787878789,5,29,0,subsidiary_stock_comp,0.03913249013324579,59,0.1708,21,6,0,1735,23,0.7931034482758621,9856,76
0.18578283698479936,1.4457070707070707,198,40.47979797979798,6,28,0,subsidiary_stock_comp,0.08231379836797714,52,0.1699,29,6,0,1735,20,0.7142857142857143,9984,77
0.10048008352077886,1.805468477882271,198,52.358585858585855,2,29,0,subsidiary_stock_comp,0.0882237230738004,58,0.1691,23,6,0,1735,26,0.896551724137931,10112,78
0.13205122756517085,1.7361546499477531,198,50.348484848484844,2,29,0,subsidiary_stock_comp,0.04303765296936035,62,0.1683,19,6,0,1735,25,0.8620689655172413,10240,79
0.07535220573709012,1.884970393591083,198,54.66414141414141,1,29,0,subsidiary_stock_comp,0.020133701153099537,59,0.1674,24,6,0,1735,27,0.9310344827586207,10368,80
0.12594135819381336,1.7252699407871819,198,50.03282828282828,5,29,0,subsidiary_stock_comp,0.02726844884455204,63,0.1666,18,6,0,1735,24,0.8275862068965517,10496,81
0.11108635330856487,1.7,198,51,4,30,0,subsidiary_stock_comp,0.05943172176678976,52,0.1657,26,6,0,1735,26,0.8666666666666667,10624,82
0.13199442192490096,1.6000841750841748,198,48.002525252525245,5,30,0,subsidiary_stock_comp,0.09696929901838303,59,0.1649,20,6,0,1735,24,0.8,10752,83
0.09718887822964462,1.8202861952861957,198,54.60858585858587,1,30,0,subsidiary_stock_comp,0.03188431262969971,66,0.1641,18,6,0,1735,27,0.9,10880,84
0.13073618553789856,1.776346801346801,198,53.29040404040403,3,30,0,subsidiary_stock_comp,0.02472377133866151,63,0.1633,18,6,0,1735,26,0.8666666666666667,11008,85
0.06901786144771904,1.7354187031606387,198,53.7979797979798,4,31,0,subsidiary_stock_comp,0.041403599083423615,56,0.1625,25,6,0,1735,27,0.8709677419354839,11136,86
0.10704031656496227,1.6792929292929293,198,52.05808080808081,5,31,0,subsidiary_stock_comp,0.05549772083759308,56,0.1616,26,6,0,1735,26,0.8387096774193549,11264,87
0.1268776810993586,1.662748171368861,198,48.21969696969697,3,29,0,subsidiary_stock_comp,0.03298645652830601,60,0.1608,23,6,0,1735,24,0.8275862068965517,11392,88
0.08524265352389193,1.7,198,51,4,30,0,subsidiary_stock_comp,0.07794986168543498,52,0.16,27,6,0,1735,26,0.8666666666666667,11520,89
0.12842878836909222,1.8755660048763498,198,54.391414141414145,1,29,0,subsidiary_stock_comp,0.026232950389385223,61,0.1592,21,6,0,1735,27,0.9310344827586207,11648,90
0.05933590539916622,1.859375,198,59.5,2,32,0,subsidiary_stock_comp,0.008308915266146263,60,0.1584,14,6,0,1735,30,0.9375,11776,91
0.1355832003255273,1.6171194705677465,198,46.89646464646465,5,29,0,subsidiary_stock_comp,0.04633647451798121,56,0.1576,28,6,0,1735,23,0.7931034482758621,11904,92
0.048161155011257506,1.9274193548387097,198,59.75,1,31,0,subsidiary_stock_comp,0.07041947543621063,60,0.1569,13,6,0,1735,30,0.967741935483871,12032,93
0.04367667910173623,1.9435483870967742,198,60.25,1,31,0,subsidiary_stock_comp,0.00986400293186307,61,0.1561,15,6,0,1735,30,0.967741935483871,12160,94
0.1159820137108909,1.513685239491691,198,46.92424242424242,6,31,0,subsidiary_stock_comp,0.1002069463332494,54,0.1553,19,6,0,1735,24,0.7741935483870968,12288,95
0.11149982838833239,1.739141414141414,198,52.17424242424242,3,30,0,subsidiary_stock_comp,0.07499675701061885,59,0.1545,18,6,0,1735,26,0.8666666666666667,12416,96
0.21774342442222405,1.597004528039011,198,46.31313131313132,4,29,0,subsidiary_stock_comp,0.07097773378094037,65,0.1537,21,6,0,1735,23,0.7931034482758621,12544,97
0.045211636474050465,1.7983870967741935,198,55.75,3,31,0,subsidiary_stock_comp,0.03408239595592022,57,0.153,17,6,0,1735,28,0.9032258064516129,12672,98
0.14360295321966987,1.852092352092352,198,51.858585858585855,2,28,0,subsidiary_stock_comp,0.010206725758810839,64,0.1522,15,6,0,1735,25,0.8928571428571429,12800,99
0.5867111436091363,0.3501683501683506,198,8.404040404040414,16,24,0,subsidiary_stock_comp,1.163619041442871,54,0.25,41,7,0,1736,3,0.125,128,0
0.5537224197760224,0.3240740740740739,198,9.722222222222218,24,30,0,subsidiary_stock_comp,0.5090182920296987,39,0.2487,32,7,0,1736,5,0.16666666666666666,256,1
0.4869394873967394,0.2522727272727273,198,7.568181818181819,23,30,0,subsidiary_stock_comp,0.40080492695172626,32,0.2475,32,7,0,1736,5,0.16666666666666666,384,2
0.49866259668488055,0.539057239057239,198,16.17171717171717,20,30,0,subsidiary_stock_comp,0.2980646838744481,40,0.2463,28,7,0,1736,9,0.3,512,3
0.36002888620714657,0.9510426849136526,198,29.482323232323232,15,31,0,subsidiary_stock_comp,0.15584143996238708,37,0.245,36,7,0,1736,16,0.5161290322580645,640,4
0.46569617523346096,1.1576767676767679,198,28.941919191919194,7,25,0,subsidiary_stock_comp,0.06663752595583598,59,0.2438,33,7,0,1736,14,0.56,768,5
0.1968230823840713,1.4276094276094276,198,42.82828282828282,8,30,0,subsidiary_stock_comp,0.10513462126255035,48,0.2426,24,7,0,1736,22,0.7333333333333333,896,6
0.23244469898054376,1.6102693602693605,198,43.477272727272734,3,27,0,subsidiary_stock_comp,0.07874741281072299,61,0.2414,32,7,0,1736,21,0.7777777777777778,1024,7
0.15477180562447757,1.4394781144781144,198,43.18434343434343,7,30,0,subsidiary_stock_comp,0.08129215488831203,51,0.2402,26,7,0,1736,22,0.7333333333333333,1152,8
0.175926787807839,1.4486531986531985,198,43.45959595959596,6,30,0,subsidiary_stock_comp,0.07023027787605922,54,0.239,27,7,0,1736,22,0.7333333333333333,1280,9
0.1993897355569061,1.7477453102453102,198,48.936868686868685,3,28,0,subsidiary_stock_comp,0.077139712870121,59,0.2378,34,7,0,1736,24,0.8571428571428571,1408,10
0.1432630326016806,1.6507936507936505,198,46.222222222222214,4,28,0,subsidiary_stock_comp,0.06785909210642178,53,0.2366,25,7,0,1736,23,0.8214285714285714,1536,11
0.0968470791249274,1.6712121212121216,198,50.13636363636365,4,30,0,subsidiary_stock_comp,0.06261823947230975,55,0.2354,28,7,0,1736,25,0.8333333333333334,1664,12
0.20754260984176653,1.4227459783015344,198,38.414141414141426,4,27,0,subsidiary_stock_comp,0.03228195011615753,60,0.2342,31,7,0,1736,19,0.7037037037037037,1792,13
0.1551583919026598,1.5156024531024528,198,42.43686868686868,5,28,0,subsidiary_stock_comp,0.0875676025946935,59,0.2331,31,7,0,1736,21,0.75,1920,14
0.1264463567531493,1.6079545454545456,198,45.02272727272728,5,28,0,subsidiary_stock_comp,0.046823533872763314,59,0.2319,26,7,0,1736,22,0.7857142857142857,2048,15
0.12033468999470642,1.5130772005772006,198,42.36616161616162,7,28,0,subsidiary_stock_comp,0.06741627554098766,49,0.2307,29,7,0,1736,21,0.75,2176,16
0.12224466754196328,1.6070381231671553,198,49.81818181818181,6,31,0,subsidiary_stock_comp,0.04103384539484978,55,0.2296,25,7,0,1736,25,0.8064516129032258,2304,17
0.14260005727919634,1.6207767328456986,198,47.00252525252526,5,29,0,subsidiary_stock_comp,0.03562424952785174,59,0.2284,32,7,0,1736,23,0.7931034482758621,2432,18
0.19376859437034,1.5830627705627707,198,44.32575757575758,5,28,0,subsidiary_stock_comp,0.04949731876452764,55,0.2273,34,7,0,1736,22,0.7857142857142857,2560,19
0.1345697591896169,1.3681981101335938,198,42.41414141414141,8,31,0,subsidiary_stock_comp,0.07100011656681697,48,0.2262,30,7,0,1736,22,0.7096774193548387,2688,20
0.17679283203324303,1.7807539682539686,198,49.86111111111112,3,28,0,subsidiary_stock_comp,0.04023029779394468,63,0.225,31,7,0,1736,24,0.8571428571428571,2816,21
0.18239644897403196,1.6817279942279943,198,47.08838383838384,5,28,0,subsidiary_stock_comp,0.04984054217735926,55,0.2239,34,7,0,1736,23,0.8214285714285714,2944,22
0.26584548637038097,1.483164983164984,198,40.04545454545457,6,27,0,subsidiary_stock_comp,0.04283978044986725,59,0.2228,38,7,0,1736,19,0.7037037037037037,3072,23
0.26376320829149336,1.6617096894874674,198,44.86616161616162,5,27,0,subsidiary_stock_comp,0.04787153874834379,51,0.2217,27,7,0,1736,22,0.8148148148148148,3200,24
0.2524702502123546,1.4204545454545454,198,31.25,3,22,0,subsidiary_stock_comp,0.10394625117381413,32,0.2206,33,7,0,1736,16,0.7272727272727273,3328,25
0.2584504734259099,1.5543478260869565,198,35.75,3,23,0,subsidiary_stock_comp,0.1153061514099439,37,0.2195,34,7,0,1736,18,0.782608695652174,3456,26
0.19001364521682262,1.6206896551724137,198,47,4,29,0,subsidiary_stock_comp,0.09291796882947286,48,0.2184,31,7,0,1736,24,0.8275862068965517,3584,27
0.17109515311312862,1.7651515151515151,198,47.65909090909091,3,27,0,subsidiary_stock_comp,0.05582040175795555,51,0.2173,31,7,0,1736,24,0.8888888888888888,3712,28
0.20315493903763127,1.5860389610389611,198,44.409090909090914,6,28,0,subsidiary_stock_comp,0.05091460173328718,55,0.2162,20,7,0,1736,22,0.7857142857142857,3840,29
0.21365332281857263,1.865974560419005,198,50.381313131313135,1,27,0,subsidiary_stock_comp,0.02189319518705209,57,0.2151,24,7,0,1736,25,0.9259259259259259,3968,30
0.14363029663218185,1.593097643097643,198,47.79292929292929,6,30,0,subsidiary_stock_comp,0.03183853502074877,58,0.214,23,7,0,1736,24,0.8,4096,31
0.22704068631719565,1.5276907001044937,198,44.30303030303032,4,29,0,subsidiary_stock_comp,0.02974858507514,61,0.213,30,7,0,1736,22,0.7586206896551724,4224,32
0.12116984153180965,1.6632154882154881,198,49.89646464646464,5,30,0,subsidiary_stock_comp,0.0459806260963281,56,0.2119,24,7,0,1736,25,0.8333333333333334,4352,33
0.19029629369470058,1.5137582723789622,198,43.8989898989899,4,29,0,subsidiary_stock_comp,0.05914818371335665,62,0.2108,26,7,0,1736,22,0.7586206896551724,4480,34
0.10544860757363494,1.9499303378613722,198,56.54797979797979,1,29,0,subsidiary_stock_comp,0.07473033169905345,58,0.2098,21,7,0,1736,28,0.9655172413793104,4608,35
0.1381511467643577,1.7194357366771162,198,49.863636363636374,2,29,0,subsidiary_stock_comp,0.04678441832462946,62,0.2087,29,7,0,1736,25,0.8620689655172413,4736,36
0.12705414566153195,1.5349181469871127,198,44.51262626262627,5,29,0,subsidiary_stock_comp,0.045728832483291626,57,0.2077,26,7,0,1736,22,0.7586206896551724,4864,37
0.14701344702552888,1.6888888888888887,198,50.66666666666666,4,30,0,subsidiary_stock_comp,0.044457455476125084,61,0.2066,26,7,0,1736,25,0.8333333333333334,4992,38
0.18318132572676404,1.4907106782106783,198,41.73989898989899,5,28,0,subsidiary_stock_comp,0.02559680553774039,56,0.2056,29,7,0,1736,21,0.75,5120,39
0.16056995078906766,1.664646464646465,198,49.939393939393945,4,30,0,subsidiary_stock_comp,0.03597759331266085,59,0.2046,16,7,0,1736,25,0.8333333333333334,5248,40
0.2304239723671344,1.6567760942760943,198,39.76262626262626,2,24,0,subsidiary_stock_comp,0.07091535006960233,52,0.2036,25,7,0,1736,20,0.8333333333333334,5376,41
0.2853262096614344,1.2386363636363635,198,27.25,3,22,0,subsidiary_stock_comp,0.11756850530703862,28,0.2025,28,7,0,1736,14,0.6363636363636364,5504,42
0.2734405850642361,1.3087121212121213,198,26.174242424242426,1,20,0,subsidiary_stock_comp,0.0829094909131527,32,0.2015,21,7,0,1736,13,0.65,5632,43
0.26244002440944314,1.533702408702409,198,39.87626262626263,3,26,0,subsidiary_stock_comp,0.04390439515312513,46,0.2005,26,7,0,1736,20,0.7692307692307693,5760,44
0.25389976276710513,1.666969696969697,198,41.67424242424242,3,25,0,subsidiary_stock_comp,0.02907537731031577,48,0.1995,21,7,0,1736,21,0.84,5888,45
0.23456744355644332,1.82,198,45.5,2,25,0,subsidiary_stock_comp,0.005936912881831328,46,0.1985,30,7,0,1736,23,0.92,6016,46
0.192215220133221,1.6763000374111485,198,45.26010101010101,3,27,0,subsidiary_stock_comp,0.03756444280346235,47,0.1975,21,7,0,1736,23,0.8518518518518519,6144,47
0.18767837025006884,1.5560064935064937,198,43.56818181818182,5,28,0,subsidiary_stock_comp,0.03164701536297798,48,0.1965,31,7,0,1736,22,0.7857142857142857,6272,48
0.24671468090673443,1.4684811073699966,198,39.64898989898991,5,27,0,subsidiary_stock_comp,0.05729807292421659,52,0.1956,36,7,0,1736,20,0.7407407407407407,6400,49
0.16445294431468938,1.651936026936027,198,49.55808080808081,5,30,0,subsidiary_stock_comp,0.029666541144251823,53,0.1946,26,7,0,1736,25,0.8333333333333334,6528,50
0.2818918026678148,1.6042568542568543,198,44.91919191919192,4,28,0,subsidiary_stock_comp,0.01945155921081702,62,0.1936,23,7,0,1736,22,0.7857142857142857,6656,51
0.2420625819831912,1.8518842268842268,198,48.148989898989896,1,26,0,subsidiary_stock_comp,0.021991162250439327,49,0.1926,21,7,0,1736,24,0.9230769230769231,6784,52
0.23443339320692758,1.7973970473970473,198,46.73232323232323,2,26,0,subsidiary_stock_comp,0.0035939879405001798,54,0.1917,22,7,0,1736,23,0.8846153846153846,6912,53
0.23693894767347956,1.8241064491064498,198,47.426767676767696,1,26,0,subsidiary_stock_comp,-0.0019273424210647743,62,0.1907,29,7,0,1736,23,0.8846153846153846,7040,54
0.2561553639407066,1.7838164251207733,198,41.027777777777786,1,23,0,subsidiary_stock_comp,0.0021170064186056456,55,0.1898,26,7,0,1736,20,0.8695652173913043,7168,55
0.3023657816229388,1.471338383838384,198,29.42676767676768,3,20,0,subsidiary_stock_comp,0.024723391979932785,41,0.1888,25,7,0,1736,14,0.7,7296,56
0.28124966465657053,1.5533910533910535,198,32.621212121212125,2,21,0,subsidiary_stock_comp,0.04379129409790039,38,0.1879,25,7,0,1736,16,0.7619047619047619,7424,57
0.2190982766715024,1.779554807332585,198,48.0479797979798,3,27,0,subsidiary_stock_comp,0.030732440141340096,50,0.1869,25,7,0,1736,24,0.8888888888888888,7552,58
0.23866219518822618,1.8288888888888892,198,45.72222222222223,2,25,0,subsidiary_stock_comp,0.023870198366542656,48,0.186,16,7,0,1736,23,0.92,7680,59
0.21375156813155627,1.726524504302282,198,46.61616161616162,4,27,0,subsidiary_stock_comp,0.018524054437875748,52,0.1851,25,7,0,1736,23,0.8518518518518519,7808,60
0.20519541804969776,1.8125,198,43.5,2,24,0,subsidiary_stock_comp,0.036371860653162,44,0.1841,27,7,0,1736,22,0.9166666666666666,7936,61
0.22824965935251385,1.6023232323232324,198,40.05808080808081,3,25,0,subsidiary_stock_comp,0.02632095416386922,43,0.1832,26,7,0,1736,20,0.8,8064,62
0.23113870818269788,1.899292929292929,198,47.482323232323225,1,25,0,subsidiary_stock_comp,0.0852846975127856,56,0.1823,16,7,0,1736,23,0.92,8192,63
0.2948443672939902,1.5147474747474758,198,37.86868686868689,4,25,0,subsidiary_stock_comp,0.04168819015224775,50,0.1814,26,7,0,1736,19,0.76,8320,64
0.22268435091427818,1.7071678321678325,198,44.38636363636365,3,26,0,subsidiary_stock_comp,0.03840815524260203,49,0.1805,21,7,0,1736,22,0.8461538461538461,8448,65
0.30480229546810733,1.743636363636364,198,43.5909090909091,2,25,0,subsidiary_stock_comp,0.019500349648296833,54,0.1796,35,7,0,1736,21,0.84,8576,66
0.22580146517429966,1.7070707070707072,198,47.7979797979798,4,28,0,subsidiary_stock_comp,0.018460200168192387,50,0.1787,28,7,0,1736,24,0.8571428571428571,8704,67
0.2647448993884609,1.5533746556473829,198,34.17424242424242,1,22,0,subsidiary_stock_comp,0.036931139727433525,39,0.1778,26,7,0,1736,17,0.7727272727272727,8832,68
0.2502215048407379,1.5019191919191919,198,37.5479797979798,5,25,0,subsidiary_stock_comp,0.02834343413511912,40,0.1769,28,7,0,1736,19,0.76,8960,69
0.2935372889332939,1.6330303030303035,198,40.825757575757585,3,25,0,subsidiary_stock_comp,0.013832680260141691,54,0.176,26,7,0,1736,20,0.8,9088,70
0.2419932222328498,1.8043434343434348,198,45.10858585858587,1,25,0,subsidiary_stock_comp,0.0048836081599195795,57,0.1751,22,7,0,1736,22,0.88,9216,71
0.22762425125438313,1.6762626262626263,198,41.90656565656566,3,25,0,subsidiary_stock_comp,0.04614560926953951,49,0.1743,24,7,0,1736,21,0.84,9344,72
0.2313255282715545,1.5267094017094016,198,39.69444444444444,3,26,0,subsidiary_stock_comp,0.025951428959767025,50,0.1734,26,7,0,1736,20,0.7692307692307693,9472,73
0.2140373177408037,1.715909090909091,198,48.04545454545455,2,28,0,subsidiary_stock_comp,0.02255595289170742,56,0.1725,27,7,0,1736,24,0.8571428571428571,9600,74
0.21768378343585937,1.5436363636363637,198,38.59090909090909,4,25,0,subsidiary_stock_comp,0.03699203332265218,49,0.1717,25,7,0,1736,19,0.76,9728,75
0.15518786881511915,1.7838732149076977,198,51.73232323232323,2,29,0,subsidiary_stock_comp,0.04804850990573565,58,0.1708,19,7,0,1736,26,0.896551724137931,9856,76
0.2788551065023057,1.4759633370744483,198,39.851010101010104,5,27,0,subsidiary_stock_comp,0.056729781130949654,60,0.1699,29,7,0,1736,19,0.7037037037037037,9984,77
0.2178564707573969,1.4502164502164505,198,40.606060606060616,6,28,0,subsidiary_stock_comp,0.029690484205881756,59,0.1691,21,7,0,1736,20,0.7142857142857143,10112,78
0.13668588861037279,1.8176767676767678,198,54.53030303030303,2,30,0,subsidiary_stock_comp,0.0383466761559248,62,0.1683,22,7,0,1736,27,0.9,10240,79
0.12815725914333598,1.7159526297457335,198,49.76262626262627,2,29,0,subsidiary_stock_comp,0.06030834838747978,62,0.1674,15,7,0,1736,25,0.8620689655172413,10368,80
0.11563448499691731,1.6417508417508417,198,49.25252525252525,4,30,0,subsidiary_stock_comp,0.06364019960165024,56,0.1666,18,7,0,1736,25,0.8333333333333334,10496,81
0.14828325709459023,1.5683559735283874,198,45.48232323232323,5,29,0,subsidiary_stock_comp,0.05185510839025179,53,0.1657,25,7,0,1736,23,0.7931034482758621,10624,82
0.18290358287958952,1.562608847091606,198,45.315656565656575,5,29,0,subsidiary_stock_comp,0.027613465984662373,55,0.1649,23,7,0,1736,23,0.7931034482758621,10752,83
0.13482242017562385,1.8458725182863114,198,53.53030303030303,2,29,0,subsidiary_stock_comp,0.013729633297771215,57,0.1641,12,7,0,1736,27,0.9310344827586207,10880,84
0.14436181634300738,1.9166666666666667,198,51.75,1,27,0,subsidiary_stock_comp,0.0017192477049926917,52,0.1633,15,7,0,1736,26,0.9629629629629629,11008,85
0.12248874793203868,1.8448275862068966,198,53.5,2,29,0,subsidiary_stock_comp,0.01787390559911728,54,0.1625,15,7,0,1736,27,0.9310344827586207,11136,86
0.1621962802237249,1.9416386083052748,198,52.42424242424242,0,27,0,subsidiary_stock_comp,0.007740758825093508,58,0.1616,17,7,0,1736,26,0.9629629629629629,11264,87
0.27398816665845516,1.5047699214365882,198,40.62878787878788,5,27,0,subsidiary_stock_comp,0.07173436383406322,54,0.1608,24,7,0,1736,20,0.7407407407407407,11392,88
0.16805140974429378,1.7265993265993267,198,51.7979797979798,4,30,0,subsidiary_stock_comp,0.04599754450221857,54,0.16,23,7,0,1736,26,0.8666666666666667,11520,89
0.1897047354013921,1.7470238095238095,198,48.916666666666664,3,28,0,subsidiary_stock_comp,0.01307685145487388,57,0.1592,16,7,0,1736,24,0.8571428571428571,11648,90
0.07501039810449583,1.9416666666666667,198,58.25,1,30,0,subsidiary_stock_comp,0.011409180704504251,59,0.1584,16,7,0,1736,29,0.9666666666666667,11776,91
0.10427923704992281,1.7974747474747474,198,53.92424242424242,2,30,0,subsidiary_stock_comp,0.03278760239481926,58,0.1576,15,7,0,1736,27,0.9,11904,92
0.09578751831486443,1.782258064516129,198,55.25,3,31,0,subsidiary_stock_comp,0.05427843456466993,56,0.1569,18,7,0,1736,28,0.9032258064516129,12032,93
0.14596674385029473,1.7302188552188553,198,51.90656565656566,3,30,0,subsidiary_stock_comp,0.024732835590839386,60,0.1561,22,7,0,1736,26,0.8666666666666667,12160,94
0.09712055811633036,1.8932659932659932,198,56.7979797979798,2,30,0,subsidiary_stock_comp,0.0293751060962677,59,0.1553,22,7,0,1736,28,0.9333333333333333,12288,95
0.0908507224812638,1.9416666666666667,198,58.25,1,30,0,subsidiary_stock_comp,0.02127738545338313,59,0.1545,17,7,0,1736,29,0.9666666666666667,12416,96
0.17279000852795434,1.7656926406926419,198,49.43939393939397,2,28,0,subsidiary_stock_comp,0.05925107126434644,65,0.1537,19,7,0,1736,24,0.8571428571428571,12544,97
0.18012643856127397,1.902236652236652,198,53.262626262626256,0,28,0,subsidiary_stock_comp,0.0007799000789721807,62,0.153,18,7,0,1736,26,0.9285714285714286,12672,98
0.15202491230229498,1.7463804713804718,198,52.39141414141415,3,30,0,subsidiary_stock_comp,0.004642735856274764,60,0.1522,17,7,0,1736,26,0.8666666666666667,12800,99
0.27490754902828485,-0.019444444444444438,198,-0.7777777777777775,36,40,0,subsidiary_stock_comp,1.1857144236564636,10,0.25,31,8,0,1737,4,0.1,128,0
0.46702839888166636,0.33382209188660805,198,10.34848484848485,22,31,0,subsidiary_stock_comp,0.5458126266797384,38,0.2487,17,8,0,1737,6,0.1935483870967742,256,1
0.45938877675143885,0.7717919940142163,198,20.83838383838384,12,27,0,subsidiary_stock_comp,0.15935707837343216,46,0.2475,29,8,0,1737,11,0.4074074074074074,384,2
0.4565852405503392,0.7838732149076976,198,22.73232323232323,16,29,0,subsidiary_stock_comp,0.08106895536184311,41,0.2463,40,8,0,1737,12,0.41379310344827586,512,3
0.3520200954790198,1.2218855218855218,198,36.656565656565654,12,30,0,subsidiary_stock_comp,0.10066126783688863,50,0.245,33,8,0,1737,18,0.6,640,4
0.27860242998031026,1.6578750467639354,198,44.762626262626256,4,27,0,subsidiary_stock_comp,0.057398380090792976,53,0.2438,37,8,0,1737,22,0.8148148148148148,768,5
0.235030227313473,1.3299663299663298,198,39.898989898989896,8,30,0,subsidiary_stock_comp,0.03299117647111416,55,0.2426,29,8,0,1737,20,0.6666666666666666,896,6
0.3100909907971072,1.2620772946859904,198,29.02777777777778,5,23,0,subsidiary_stock_comp,0.11156267672777176,58,0.2414,33,8,0,1737,13,0.5652173913043478,1024,7
0.21166181072112522,1.6207767328456986,198,47.00252525252526,5,29,0,subsidiary_stock_comp,0.05731018756826719,59,0.2402,31,8,0,1737,23,0.7931034482758621,1152,8
0.27701893399716937,1.5059246309246315,198,39.154040404040416,5,26,0,subsidiary_stock_comp,0.0996476983030637,59,0.239,33,8,0,1737,19,0.7307692307692307,1280,9
0.23401554295742244,1.4428544706322484,198,38.957070707070706,7,27,0,subsidiary_stock_comp,0.06887612864375114,56,0.2378,36,8,0,1737,19,0.7037037037037037,1408,10
0.21936542774892587,1.420672239637757,198,41.19949494949495,7,29,0,subsidiary_stock_comp,0.08571059505144756,51,0.2366,37,8,0,1737,21,0.7241379310344828,1536,11
0.17661535661864036,1.5061825148032044,198,43.67929292929293,5,29,0,subsidiary_stock_comp,0.0569731704890728,52,0.2354,28,8,0,1737,22,0.7586206896551724,1664,12
0.257956665900565,1.0847643097643098,198,32.542929292929294,11,30,0,subsidiary_stock_comp,0.10940473278363545,48,0.2342,40,8,0,1737,17,0.5666666666666667,1792,13
0.2546532769956684,1.400342712842713,198,39.209595959595966,7,28,0,subsidiary_stock_comp,0.057759661227464676,59,0.2331,29,8,0,1737,19,0.6785714285714286,1920,14
0.11241247169164126,1.6370967741935485,198,50.75,5,31,0,subsidiary_stock_comp,0.08784154057502747,52,0.2319,32,8,0,1737,26,0.8387096774193549,2048,15
0.05272757985221688,1.782258064516129,198,55.25,3,31,0,subsidiary_stock_comp,0.047055127720038094,56,0.2307,24,8,0,1737,28,0.9032258064516129,2176,16
0.1607645056064939,1.5208536982730532,198,47.14646464646465,6,31,0,subsidiary_stock_comp,0.06622837856411934,55,0.2296,27,8,0,1737,24,0.7741935483870968,2304,17
0.16207010968355462,1.7224747474747475,198,51.67424242424242,3,30,0,subsidiary_stock_comp,0.038157661134998,58,0.2284,29,8,0,1737,26,0.8666666666666667,2432,18
0.15835597303521354,1.5090560780215954,198,43.76262626262626,6,29,0,subsidiary_stock_comp,0.046191362043221794,55,0.2273,32,8,0,1737,22,0.7586206896551724,2560,19
0.12657175930507947,1.6692760942760942,198,50.07828282828283,5,30,0,subsidiary_stock_comp,0.02786421279112498,56,0.2262,17,8,0,1737,25,0.8333333333333334,2688,20
0.20714838583080564,1.6112852664576804,198,46.727272727272734,4,29,0,subsidiary_stock_comp,0.10470344126224518,61,0.225,27,8,0,1737,23,0.7931034482758621,2816,21
0.21762763895094395,1.4758794845001741,198,42.80050505050505,5,29,0,subsidiary_stock_comp,0.06570194785793622,62,0.2239,28,8,0,1737,21,0.7241379310344828,2944,22
0.1609232589689782,1.8061868686868685,198,50.57323232323232,1,28,0,subsidiary_stock_comp,0.03493548432985941,57,0.2228,33,8,0,1737,25,0.8928571428571429,3072,23
0.11451156827388331,1.9516718913270636,198,56.598484848484844,1,29,0,subsidiary_stock_comp,0.061530561496814094,61,0.2217,21,8,0,1737,28,0.9655172413793104,3200,24
0.26900943621149054,1.4366883116883113,198,40.22727272727272,6,28,0,subsidiary_stock_comp,0.06029031922419866,57,0.2206,33,8,0,1737,20,0.7142857142857143,3328,25
0.26784773796680383,1.5698051948051952,198,43.95454545454547,6,28,0,subsidiary_stock_comp,0.06268829603989919,52,0.2195,24,8,0,1737,22,0.7857142857142857,3456,26
0.20971816319070058,1.82,198,45.5,2,25,0,subsidiary_stock_comp,0.022607389216621716,46,0.2184,31,8,0,1737,23,0.92,3584,27
0.3202321938588284,1.4423783287419651,198,31.732323232323232,2,22,0,subsidiary_stock_comp,0.06982453788320224,38,0.2173,27,8,0,1737,16,0.7272727272727273,3712,28
0.33903666510013863,1.3109848484848485,198,26.21969696969697,3,20,0,subsidiary_stock_comp,0.0556387814382712,35,0.2162,23,8,0,1737,13,0.65,3840,29
0.22795555795164546,1.65625,198,39.75,3,24,0,subsidiary_stock_comp,0.030067330226302147,41,0.2151,30,8,0,1737,20,0.8333333333333334,3968,30
0.21241072939301375,1.7659285159285159,198,45.91414141414141,2,26,0,subsidiary_stock_comp,0.018339510696629684,50,0.214,22,8,0,1737,23,0.8846153846153846,4096,31
0.22804872205597349,1.5585664335664338,198,40.52272727272728,3,26,0,subsidiary_stock_comp,0.05126106242338816,58,0.213,31,8,0,1737,20,0.7692307692307693,4224,32
0.2690384962770622,1.6484071484071483,198,42.858585858585855,4,26,0,subsidiary_stock_comp,0.0347034577280283,53,0.2119,21,8,0,1737,21,0.8076923076923077,4352,33
0.26202273156377487,1.6283993783993782,198,42.338383838383834,2,26,0,subsidiary_stock_comp,0.06535073493917783,50,0.2108,23,8,0,1737,21,0.8076923076923077,4480,34
0.3261679181086947,1.3607954545454544,198,32.65909090909091,7,24,0,subsidiary_stock_comp,0.05185093482335409,44,0.2098,28,8,0,1737,16,0.6666666666666666,4608,35
0.2665208226608229,1.4086700336700337,198,33.80808080808081,4,24,0,subsidiary_stock_comp,0.05552828311920166,37,0.2087,36,8,0,1737,17,0.7083333333333334,4736,36
0.19656160089652985,1.8333333333333333,198,49.5,2,27,0,subsidiary_stock_comp,0.06119435218473276,50,0.2077,26,8,0,1737,25,0.9259259259259259,4864,37
0.1844089053265634,1.6247086247086249,198,42.24242424242425,4,26,0,subsidiary_stock_comp,0.046314138919115067,51,0.2066,22,8,0,1737,21,0.8076923076923077,4992,38
0.16957568263387657,1.648088023088023,198,46.14646464646464,2,28,0,subsidiary_stock_comp,0.014588198158890009,54,0.2056,25,8,0,1737,23,0.8214285714285714,5120,39
0.1498801511443162,1.576936026936027,198,47.30808080808081,6,30,0,subsidiary_stock_comp,0.05807671447594961,51,0.2046,28,8,0,1737,24,0.8,5248,40
0.16826650184520986,1.5140110785272074,198,46.93434343434343,6,31,0,subsidiary_stock_comp,0.04939371099074682,54,0.2036,33,8,0,1737,24,0.7741935483870968,5376,41
0.10813642611901741,1.564516129032258,198,48.5,6,31,0,subsidiary_stock_comp,0.08436080068349838,50,0.2025,30,8,0,1737,25,0.8064516129032258,5504,42
0.16864737632567994,1.4669846614291058,198,39.608585858585855,5,27,0,subsidiary_stock_comp,0.06446212405959766,50,0.2015,34,8,0,1737,20,0.7407407407407407,5632,43
0.18116010572339292,1.7169846614291062,198,46.35858585858587,2,27,0,subsidiary_stock_comp,0.042181226114432015,58,0.2005,27,8,0,1737,23,0.8518518518518519,5760,44
0.19621958366042236,1.671623643845867,198,45.13383838383841,3,27,0,subsidiary_stock_comp,0.03642853225270907,62,0.1995,23,8,0,1737,22,0.8148148148148148,5888,45
0.16104945311235497,1.7346801346801344,198,52.040404040404034,4,30,0,subsidiary_stock_comp,0.026757679879665375,58,0.1985,26,8,0,1737,26,0.8666666666666667,6016,46
0.18166998170636361,1.7083333333333337,198,47.83333333333334,2,28,0,subsidiary_stock_comp,0.03019136128326257,54,0.1975,25,8,0,1737,24,0.8571428571428571,6144,47
0.14183351600877359,1.6693722943722946,198,46.74242424242425,4,28,0,subsidiary_stock_comp,0.043282641718784966,57,0.1965,22,8,0,1737,23,0.8214285714285714,6272,48
0.06905366634236998,1.71875,198,55,4,32,0,subsidiary_stock_comp,0.03133313295741876,56,0.1956,24,8,0,1737,28,0.875,6400,49
0.1308090119418921,1.5273423894113547,198,44.29292929292929,4,29,0,subsidiary_stock_comp,0.08324270447095235,62,0.1946,23,8,0,1737,22,0.7586206896551724,6528,50
0.14813308622251498,1.6554336468129573,198,48.007575757575765,3,29,0,subsidiary_stock_comp,0.02519524594148,60,0.1936,28,8,0,1737,24,0.8275862068965517,6656,51
0.11723610473927693,1.7833694083694083,198,49.93434343434343,2,28,0,subsidiary_stock_comp,0.021630880733331043,56,0.1926,23,8,0,1737,25,0.8928571428571429,6784,52
0.14031768771019415,1.7940947940947942,198,46.64646464646465,0,26,0,subsidiary_stock_comp,0.04197332883874575,56,0.1917,32,8,0,1737,23,0.8846153846153846,6912,53
0.1614894000140339,1.4533670033670034,198,43.601010101010104,6,30,0,subsidiary_stock_comp,0.04555213451385498,60,0.1907,25,8,0,1737,22,0.7333333333333333,7040,54
0.11018114677426638,1.7454719609892022,198,50.618686868686865,3,29,0,subsidiary_stock_comp,0.04854847863316536,61,0.1898,26,8,0,1737,25,0.8620689655172413,7168,55
0.13915777512011118,1.7429653679653678,198,48.8030303030303,2,28,0,subsidiary_stock_comp,0.020103287727882464,64,0.1888,22,8,0,1737,24,0.8571428571428571,7296,56
0.16679425750226073,1.6880411255411256,198,47.265151515151516,3,28,0,subsidiary_stock_comp,0.017235849363108475,63,0.1879,25,8,0,1737,23,0.8214285714285714,7424,57
0.11137353089179669,1.467171717171717,198,45.482323232323225,7,31,0,subsidiary_stock_comp,0.05289477730790774,55,0.1869,27,8,0,1737,23,0.7419354838709677,7552,58
0.10070060913039924,1.839506172839506,198,49.66666666666666,0,27,0,subsidiary_stock_comp,0.030793530866503716,64,0.186,21,8,0,1737,24,0.8888888888888888,7680,59
0.1720253292869529,1.6746464646464645,198,41.86616161616161,1,25,0,subsidiary_stock_comp,0.08660639822483063,63,0.1851,25,8,0,1737,20,0.8,7808,60
0.1105226849203973,1.7514803204458382,198,50.79292929292931,2,29,0,subsidiary_stock_comp,0.062341069181760154,62,0.1841,27,8,0,1737,25,0.8620689655172413,7936,61
0.08443250912932854,1.3390151515151516,198,42.84848484848485,8,32,0,subsidiary_stock_comp,0.056163713335990906,56,0.1832,19,8,0,1737,22,0.6875,8064,62
0.16771676802818547,1.4637445887445888,198,40.984848484848484,6,28,0,subsidiary_stock_comp,0.07305887962381045,58,0.1823,27,8,0,1737,20,0.7142857142857143,8192,63
0.1184731909470429,1.5339225589225587,198,46.01767676767676,5,30,0,subsidiary_stock_comp,0.07006090382734935,59,0.1814,23,8,0,1737,23,0.7666666666666667,8320,64
0.08977411133491842,1.8862794612794611,198,56.588383838383834,1,30,0,subsidiary_stock_comp,0.0473477728664875,62,0.1805,17,8,0,1737,28,0.9333333333333333,8448,65
0.1679502878268977,1.597004528039011,198,46.31313131313132,4,29,0,subsidiary_stock_comp,0.1034196416536967,62,0.1796,26,8,0,1737,23,0.7931034482758621,8576,66
0.05728244792408077,1.8548387096774193,198,57.5,2,31,0,subsidiary_stock_comp,0.031675515696406364,58,0.1787,19,8,0,1737,29,0.9354838709677419,8704,67
0.04673006437406002,1.889141414141414,198,56.67424242424242,1,30,0,subsidiary_stock_comp,0.03101049487789472,63,0.1778,17,8,0,1737,28,0.9333333333333333,8832,68
0.1141428504306532,1.644591072010427,198,50.98232323232324,5,31,0,subsidiary_stock_comp,0.06899211555719376,55,0.1769,23,8,0,1737,26,0.8387096774193549,8960,69
0.06787622521733283,1.85,198,55.5,2,30,0,subsidiary_stock_comp,0.04488703111807505,56,0.176,18,8,0,1737,28,0.9333333333333333,9088,70
0.11133292855811305,1.604928596307907,198,46.5429292929293,3,29,0,subsidiary_stock_comp,0.034919122233986855,64,0.1751,16,8,0,1737,23,0.7931034482758621,9216,71
0.12376655523803493,1.696795541623128,198,49.20707070707071,2,29,0,subsidiary_stock_comp,0.023012253766258556,66,0.1743,21,8,0,1737,24,0.8275862068965517,9344,72
0.16155023759711185,1.5259072203516653,198,41.19949494949496,3,27,0,subsidiary_stock_comp,0.04378664493560791,64,0.1734,20,8,0,1737,20,0.7407407407407407,9472,73
0.14956523279397516,1.6768578643578653,198,46.95202020202023,3,28,0,subsidiary_stock_comp,0.020240358387430508,63,0.1725,22,8,0,1737,23,0.8214285714285714,9600,74
0.10340508576155116,1.819023569023569,198,54.57070707070707,2,30,0,subsidiary_stock_comp,0.023136606439948082,65,0.1717,18,8,0,1737,27,0.9,9728,75
0.13766097381358122,1.8885405781957514,198,54.76767676767679,0,29,0,subsidiary_stock_comp,0.044485251108805336,66,0.1708,23,8,0,1737,27,0.9310344827586207,9856,76
0.1412912231953669,1.5886450714036922,198,46.07070707070707,4,29,0,subsidiary_stock_comp,0.0810178170601527,58,0.1699,27,8,0,1737,23,0.7931034482758621,9984,77
0.08977544472145382,1.7129049111807733,198,49.67424242424242,3,29,0,subsidiary_stock_comp,0.06828940535585086,56,0.1691,28,8,0,1737,25,0.8620689655172413,10112,78
0.08368786387836735,1.71326164874552,198,53.111111111111114,4,31,0,subsidiary_stock_comp,0.07580208778381348,56,0.1683,18,8,0,1737,27,0.8709677419354839,10240,79
0.1231145739366184,1.6135521885521884,198,48.406565656565654,5,30,0,subsidiary_stock_comp,0.08909266938765843,58,0.1674,25,8,0,1737,24,0.8,10368,80
0.20331748111129855,1.754856254856255,198,45.62626262626263,0,26,0,subsidiary_stock_comp,0.09982430686553319,68,0.1666,26,8,0,1737,22,0.8461538461538461,10496,81
0.18455223205000948,1.6745907349355629,198,48.56313131313132,3,29,0,subsidiary_stock_comp,0.07952505350112915,64,0.1657,25,8,0,1737,24,0.8275862068965517,10624,82
0.18789416842992068,1.6994047619047623,198,47.58333333333334,3,28,0,subsidiary_stock_comp,0.08223554988702138,63,0.1649,27,8,0,1737,23,0.8214285714285714,10752,83
0.0737981050297094,1.85,198,55.5,2,30,0,subsidiary_stock_comp,0.06561459228396416,56,0.1641,22,8,0,1737,28,0.9333333333333333,10880,84
0.1528773076242942,1.3026936026936033,198,39.0808080808081,8,30,0,subsidiary_stock_comp,0.1019104818503062,52,0.1633,27,8,0,1737,20,0.6666666666666666,11008,85
0.07942308841393242,1.7974747474747474,198,53.92424242424242,2,30,0,subsidiary_stock_comp,0.12009955942630768,60,0.1625,20,8,0,1737,27,0.9,11136,86
0.0633341895591002,1.7983870967741935,198,55.75,3,31,0,subsidiary_stock_comp,0.04814210658272108,57,0.1616,17,8,0,1737,28,0.9032258064516129,11264,87
0.11132808478214429,1.881583694083694,198,52.68434343434343,1,28,0,subsidiary_stock_comp,0.029764939720431965,59,0.1608,20,8,0,1737,26,0.9285714285714286,11392,88
0.17460265407680708,1.4003831417624522,198,40.611111111111114,6,29,0,subsidiary_stock_comp,0.05665534858902296,62,0.16,26,8,0,1737,20,0.6896551724137931,11520,89
0.10037065594951855,1.6702861952861952,198,50.108585858585855,3,30,0,subsidiary_stock_comp,0.0437038354575634,62,0.1592,16,8,0,1737,25,0.8333333333333334,11648,90
0.0805086675536586,1.946011842563567,198,56.43434343434345,0,29,0,subsidiary_stock_comp,0.022137464800228674,62,0.1584,18,8,0,1737,28,0.9655172413793104,11776,91
0.07966740232950542,1.7971380471380471,198,53.91414141414141,2,30,0,subsidiary_stock_comp,0.07080881918470065,58,0.1576,19,8,0,1737,27,0.9,11904,92
0.12823238967757788,1.8845598845598843,198,52.76767676767676,0,28,0,subsidiary_stock_comp,0.1441881606976191,64,0.1569,16,8,0,1737,26,0.9285714285714286,12032,93
0.03639763733553991,1.925,198,57.75,1,30,0,subsidiary_stock_comp,0.028075068568189938,58,0.1561,20,8,0,1737,29,0.9666666666666667,12160,94
0.15961690514086513,1.5237560793116354,198,41.14141414141415,4,27,0,subsidiary_stock_comp,0.04614476611216863,63,0.1553,26,8,0,1737,20,0.7407407407407407,12288,95
0.11984333168948069,1.5952861952861952,198,47.858585858585855,4,30,0,subsidiary_stock_comp,0.044219707449277244,60,0.1545,18,8,0,1737,24,0.8,12416,96
0.12521633961841871,1.7368512713340298,198,50.368686868686865,2,29,0,subsidiary_stock_comp,0.01702980510890484,62,0.1537,22,8,0,1737,25,0.8620689655172413,12544,97
0.06456849381720531,1.8548387096774193,198,57.5,2,31,0,subsidiary_stock_comp,0.01595475773016612,58,0.153,23,8,0,1737,29,0.9354838709677419,12672,98
0.046091663507468184,1.9478114478114477,198,58.43434343434343,0,30,0,subsidiary_stock_comp,0.025219227497776348,64,0.1522,11,8,0,1737,29,0.9666666666666667,12800,99
0.20817524852463976,-0.13699494949494948,2,-2.7398989898989896,11,20,0,subsidiary_stock_comp,1.016404132048289,1,0.25,37,9,0,1738,0,0.0,128,0
0.37711489584762603,-0.1807070707070707,44,-4.517676767676767,19,25,0,subsidiary_stock_comp,0.18741868436336517,3,0.2487,35,9,0,1738,0,0.0,256,1
0.3509898914489895,-0.07142857142857142,198,-2,24,28,0,subsidiary_stock_comp,0.2547666976849238,4,0.2475,38,9,0,1738,2,0.07142857142857142,384,2
0.333927086670883,-0.2335858585858586,44,-7.007575757575758,29,30,0,subsidiary_stock_comp,0.09642900774876277,4,0.2463,25,9,0,1738,0,0.0,512,3
0.35828939895145595,-0.063692480359147,198,-1.7196969696969688,23,27,0,subsidiary_stock_comp,0.09813494483629863,8,0.245,31,9,0,1738,2,0.07407407407407407,640,4
0.39977349783293903,-0.15044677544677545,160,-3.9116161616161618,23,26,0,subsidiary_stock_comp,0.03792486401895682,8,0.2438,28,9,0,1738,0,0.0,768,5
0.4699793662875891,0.009890572390572394,198,0.23737373737373746,18,24,0,subsidiary_stock_comp,0.08941102524598439,19,0.2426,30,9,0,1738,2,0.08333333333333333,896,6
0.49919890239834785,0.24675324675324678,198,6.90909090909091,20,28,0,subsidiary_stock_comp,0.04939242576559385,27,0.2414,22,9,0,1738,5,0.17857142857142858,1024,7
0.685368102742359,0.3759469696969698,198,9.022727272727275,15,24,0,subsidiary_stock_comp,0.012778796255588531,46,0.2402,34,9,0,1738,5,0.20833333333333334,1152,8
0.525371455354616,0.8182753460531237,198,22.09343434343434,15,27,0,subsidiary_stock_comp,0.11619569857915242,43,0.239,36,9,0,1738,11,0.4074074074074074,1280,9
0.4667631390038878,1.2508741258741256,198,32.522727272727266,7,26,0,subsidiary_stock_comp,0.06412528331081073,55,0.2378,29,9,0,1738,16,0.6153846153846154,1408,10
0.3963782759383321,1.4137022397891963,198,32.515151515151516,4,23,0,subsidiary_stock_comp,0.05899901936451594,52,0.2366,29,9,0,1738,16,0.6956521739130435,1536,11
0.33848708774894476,1.1931313131313133,198,29.82828282828283,6,25,0,subsidiary_stock_comp,0.11237311114867528,38,0.2354,36,9,0,1738,15,0.6,1664,12
0.3326187303173356,1.498737373737374,198,38.96717171717172,3,26,0,subsidiary_stock_comp,0.04220886528491974,60,0.2342,35,9,0,1738,19,0.7307692307692307,1792,13
0.32958053646143526,1.4220202020202024,198,35.55050505050506,6,25,0,subsidiary_stock_comp,0.07375183701515198,43,0.2331,37,9,0,1738,18,0.72,1920,14
0.3083657526294701,1.4764309764309764,198,35.43434343434343,4,24,0,subsidiary_stock_comp,0.05771178379654884,42,0.2319,28,9,0,1738,18,0.75,2048,15
0.3141909814730752,1.0005739210284665,198,22.012626262626263,5,22,0,subsidiary_stock_comp,0.09402597943941753,36,0.2307,29,9,0,1738,11,0.5,2176,16
0.28498662362108007,1.5183982683982686,198,42.51515151515152,4,28,0,subsidiary_stock_comp,0.06593603392442067,57,0.2296,36,9,0,1738,21,0.75,2304,17
0.21446943777846172,1.586969696969697,198,39.67424242424242,3,25,0,subsidiary_stock_comp,0.051790827264388405,46,0.2284,27,9,0,1738,20,0.8,2432,18
0.3732166340050753,1.2449494949494948,198,31.12373737373737,5,25,0,subsidiary_stock_comp,0.05054076015949249,59,0.2273,31,9,0,1738,15,0.6,2560,19
0.306797087774612,1.4504419191919193,198,34.81060606060606,3,24,0,subsidiary_stock_comp,0.05700022603074709,47,0.2262,30,9,0,1738,17,0.7083333333333334,2688,20
0.28029659498133697,1.6686429512516467,198,38.378787878787875,2,23,0,subsidiary_stock_comp,0.048715041329463325,50,0.225,36,9,0,1738,19,0.8260869565217391,2816,21
0.26171644154237583,1.5566778900112235,198,42.03030303030303,4,27,0,subsidiary_stock_comp,0.05846260736385981,49,0.2239,26,9,0,1738,21,0.7777777777777778,2944,22
0.25791998152271844,1.4780844155844157,198,41.38636363636364,5,28,0,subsidiary_stock_comp,0.09494322041670482,50,0.2228,29,9,0,1738,21,0.75,3072,23
0.23286582648870535,1.4705988455988455,198,41.176767676767675,6,28,0,subsidiary_stock_comp,0.04859175657232603,52,0.2217,31,9,0,1738,21,0.75,3200,24
0.11148832555045374,1.8112794612794614,198,54.33838383838384,2,30,0,subsidiary_stock_comp,0.02219430947055419,60,0.2206,26,9,0,1738,27,0.9,3328,25
0.16911326450644992,1.7375679875679877,198,45.17676767676768,2,26,0,subsidiary_stock_comp,0.03297559234003226,61,0.2195,23,9,0,1738,22,0.8461538461538461,3456,26
0.2246796656982042,1.4211760461760459,198,39.79292929292929,6,28,0,subsidiary_stock_comp,0.04705643902222315,52,0.2184,24,9,0,1738,20,0.7142857142857143,3584,27
0.22057164245052263,1.7262439206883653,198,46.60858585858586,3,27,0,subsidiary_stock_comp,0.028810199971000355,53,0.2173,27,9,0,1738,23,0.8518518518518519,3712,28
0.2488681474205805,1.5846464646464649,198,39.61616161616162,4,25,0,subsidiary_stock_comp,0.03801263868808746,43,0.2162,32,9,0,1738,20,0.8,3840,29
0.2658921954862308,1.7680061484409308,198,40.66414141414141,1,23,0,subsidiary_stock_comp,0.056935351341962814,45,0.2151,32,9,0,1738,20,0.8695652173913043,3968,30
0.37140658145654015,1.0555555555555556,198,22.166666666666668,4,21,0,subsidiary_stock_comp,0.08527219419678052,34,0.214,33,9,0,1738,11,0.5238095238095238,4096,31
0.2484922190051293,1.63965744400527,198,37.71212121212121,2,23,0,subsidiary_stock_comp,0.07988199839989345,40,0.213,28,9,0,1738,19,0.8260869565217391,4224,32
0.2623937153548468,1.6501554001554,198,42.9040404040404,2,26,0,subsidiary_stock_comp,0.052579302340745926,56,0.2119,24,9,0,1738,21,0.8076923076923077,4352,33
0.2365202274522744,1.5409867909867911,198,40.06565656565657,2,26,0,subsidiary_stock_comp,0.11983814835548401,68,0.2108,30,9,0,1738,19,0.7307692307692307,4480,34
0.097235624154564,1.7363962202671879,198,53.82828282828282,4,31,0,subsidiary_stock_comp,0.03868485614657402,59,0.2098,23,9,0,1738,27,0.8709677419354839,4608,35
0.12030778679763898,1.4940787182166493,198,43.32828282828283,6,29,0,subsidiary_stock_comp,0.08013946066300075,49,0.2087,31,9,0,1738,22,0.7586206896551724,4736,36
0.12307546458032448,1.8275613275613272,198,51.17171717171716,0,28,0,subsidiary_stock_comp,0.020371759310364723,66,0.2077,19,9,0,1738,25,0.8928571428571429,4864,37
0.1454403344541788,1.6744107744107741,198,50.232323232323225,4,30,0,subsidiary_stock_comp,0.050357650965452194,59,0.2066,22,9,0,1738,25,0.8333333333333334,4992,38
0.18623443516844418,1.4272901428073845,198,41.39141414141415,7,29,0,subsidiary_stock_comp,0.06013162558277448,52,0.2056,28,9,0,1738,21,0.7241379310344828,5120,39
0.1901288438384654,1.5778474399164055,198,45.75757575757576,4,29,0,subsidiary_stock_comp,0.03400504713257154,57,0.2046,28,9,0,1738,23,0.7931034482758621,5248,40
0.13450518356694374,1.8015993265993264,198,54.04797979797979,3,30,0,subsidiary_stock_comp,0.07994656761487325,56,0.2036,34,9,0,1738,27,0.9,5376,41
0.14994142649811693,1.4951178451178455,198,44.853535353535364,6,30,0,subsidiary_stock_comp,0.12162015090386073,56,0.2025,30,9,0,1738,23,0.7666666666666667,5504,42
0.1338272050343221,1.5885521885521887,198,47.65656565656566,4,30,0,subsidiary_stock_comp,0.06171909347176552,60,0.2015,24,9,0,1738,24,0.8,5632,43
0.1578787937614834,1.5778474399164055,198,45.75757575757576,4,29,0,subsidiary_stock_comp,0.04867317775885264,58,0.2005,22,9,0,1738,23,0.7931034482758621,5760,44
0.1812168465985451,1.7706374085684427,198,51.34848484848484,4,29,0,subsidiary_stock_comp,0.0806093489130338,60,0.1995,33,9,0,1738,25,0.8620689655172413,5888,45
0.09100836262223311,1.7349326599326598,198,52.04797979797979,3,30,0,subsidiary_stock_comp,0.037715998167792954,54,0.1985,28,9,0,1738,26,0.8666666666666667,6016,46
0.07092725590337068,1.85,198,55.5,2,30,0,subsidiary_stock_comp,0.039444376404086746,56,0.1975,27,9,0,1738,28,0.9333333333333333,6144,47
0.1684466208680533,1.5212962962962961,198,45.638888888888886,5,30,0,subsidiary_stock_comp,0.09711339324712753,62,0.1965,26,9,0,1738,23,0.7666666666666667,6272,48
0.11740675380860921,1.7890625,198,57.25,3,32,0,subsidiary_stock_comp,0.09248668452103932,58,0.1956,21,9,0,1738,29,0.90625,6400,49
0.14086211053654552,1.6252176941832115,198,47.131313131313135,4,29,0,subsidiary_stock_comp,0.09864363571008046,54,0.1946,25,9,0,1738,24,0.8275862068965517,6528,50
0.11126335924200248,1.926010101010101,198,57.78030303030303,1,30,0,subsidiary_stock_comp,0.03760474423567454,61,0.1936,13,9,0,1738,29,0.9666666666666667,6656,51
0.16803091960173333,1.7026515151515151,198,47.67424242424242,3,28,0,subsidiary_stock_comp,0.0367883617679278,54,0.1926,25,9,0,1738,24,0.8571428571428571,6784,52
0.2512605669471668,1.6416947250280585,198,44.32575757575758,3,27,0,subsidiary_stock_comp,0.08768861989180247,61,0.1917,19,9,0,1738,22,0.8148148148148148,6912,53
0.26533655237290077,1.592995169082126,198,36.6388888888889,1,23,0,subsidiary_stock_comp,0.03892467667659124,54,0.1907,23,9,0,1738,18,0.782608695652174,7040,54
0.27886260370723903,1.705322455322455,198,44.338383838383834,2,26,0,subsidiary_stock_comp,0.06255596876144409,54,0.1898,25,9,0,1738,22,0.8461538461538461,7168,55
0.23542924658977427,1.635989524878414,198,44.17171717171718,4,27,0,subsidiary_stock_comp,0.04230393096804619,56,0.1888,21,9,0,1738,22,0.8148148148148148,7296,56
0.20755222589650657,1.82,198,45.5,2,25,0,subsidiary_stock_comp,0.04040755952397982,46,0.1879,16,9,0,1738,23,0.92,7424,57
0.29374787327833474,1.568067033976125,198,34.49747474747475,1,22,0,subsidiary_stock_comp,0.06649824480215709,44,0.1869,20,9,0,1738,17,0.7727272727272727,7552,58
0.2476941391796572,1.683127572016461,198,45.44444444444444,4,27,0,subsidiary_stock_comp,0.03423366571466128,50,0.186,23,9,0,1738,23,0.8518518518518519,7680,59
0.21850857968092896,1.7468434343434343,198,41.92424242424242,2,24,0,subsidiary_stock_comp,0.0331233541170756,48,0.1851,18,9,0,1738,21,0.875,7808,60
0.29162544243445154,1.442828282828283,198,36.07070707070707,4,25,0,subsidiary_stock_comp,0.049791583170493446,52,0.1841,23,9,0,1738,18,0.72,7936,61
0.30980739422375336,1.544747474747475,198,38.61868686868687,5,25,0,subsidiary_stock_comp,0.038411943862835564,52,0.1832,31,9,0,1738,19,0.76,8064,62
0.26034722418989986,1.5575547138047139,198,37.381313131313135,3,24,0,subsidiary_stock_comp,0.04315708577632904,44,0.1823,29,9,0,1738,19,0.7916666666666666,8192,63
0.28277617089042906,1.5286960514233243,198,33.631313131313135,2,22,0,subsidiary_stock_comp,0.07510527223348618,40,0.1814,23,9,0,1738,17,0.7727272727272727,8320,64
0.26068730058614165,1.4254545454545455,198,35.63636363636364,4,25,0,subsidiary_stock_comp,0.0419265553355217,42,0.1805,28,9,0,1738,18,0.72,8448,65
0.22749492055299925,1.6216977466977467,198,42.16414141414141,3,26,0,subsidiary_stock_comp,0.02784275698165099,47,0.1796,25,9,0,1738,21,0.8076923076923077,8576,66
0.27281401833170094,1.565462315462315,198,40.70202020202019,4,26,0,subsidiary_stock_comp,0.043577623864014946,45,0.1787,23,9,0,1738,20,0.7692307692307693,8704,67
0.2705218660121318,1.659310496267018,198,38.16414141414141,3,23,0,subsidiary_stock_comp,0.022431631882985432,43,0.1778,25,9,0,1738,19,0.8260869565217391,8832,68
0.15003626700126915,1.8629032258064515,198,57.75,1,31,0,subsidiary_stock_comp,-0.007712009983758132,58,0.1769,22,9,0,1738,29,0.9354838709677419,8960,69
0.18651154897816014,1.5711580086580084,198,43.992424242424235,5,28,0,subsidiary_stock_comp,0.08433780819177628,54,0.176,26,9,0,1738,22,0.7857142857142857,9088,70
0.16784783556431648,1.810703185703186,198,47.07828282828283,1,26,0,subsidiary_stock_comp,0.04338858649134636,55,0.1751,28,9,0,1738,23,0.8846153846153846,9216,71
0.12517620515427552,1.7290404040404042,198,51.871212121212125,3,30,0,subsidiary_stock_comp,0.03891098002592722,57,0.1743,25,9,0,1738,26,0.8666666666666667,9344,72
0.13315802644501673,1.6370967741935485,198,50.75,5,31,0,subsidiary_stock_comp,0.03998362769683202,52,0.1734,25,9,0,1738,26,0.8387096774193549,9472,73
0.07426333124021767,1.8593434343434343,198,55.78030303030303,1,30,0,subsidiary_stock_comp,0.045195924739042916,62,0.1725,14,9,0,1738,28,0.9333333333333333,9600,74
0.12696181813953444,1.6790485500162922,198,52.05050505050506,4,31,0,subsidiary_stock_comp,0.02460187052687009,59,0.1717,25,9,0,1738,26,0.8387096774193549,9728,75
0.06908002101772581,1.7983870967741935,198,55.75,3,31,0,subsidiary_stock_comp,0.02483861893415451,57,0.1708,22,9,0,1738,28,0.9032258064516129,9856,76
0.22563076906953938,1.5315656565656564,198,42.88383838383838,6,28,0,subsidiary_stock_comp,0.04018233095606168,63,0.1699,29,9,0,1738,20,0.7142857142857143,9984,77
0.19479616956232348,1.6084923307145529,198,43.42929292929293,2,27,0,subsidiary_stock_comp,0.03607331464687983,64,0.1691,18,9,0,1738,21,0.7777777777777778,10112,78
0.06788085466178018,1.8548387096774193,198,57.5,2,31,0,subsidiary_stock_comp,0.020854545757174492,58,0.1683,23,9,0,1738,29,0.9354838709677419,10240,79
0.061031438410282135,1.859375,198,59.5,2,32,0,subsidiary_stock_comp,0.009432170850535234,60,0.1674,12,9,0,1738,30,0.9375,10368,80
0.24839664423416252,1.5149711399711403,198,42.41919191919193,4,28,0,subsidiary_stock_comp,0.06286453952391942,64,0.1666,30,9,0,1738,21,0.75,10496,81
0.08160848372790497,1.8967090257412835,198,58.79797979797979,2,31,0,subsidiary_stock_comp,0.13220641513665518,61,0.1657,14,9,0,1738,29,0.9354838709677419,10624,82
0.09835410870437045,1.720045280390108,198,49.881313131313135,3,29,0,subsidiary_stock_comp,0.07090803732474645,57,0.1649,17,9,0,1738,25,0.8620689655172413,10752,83
0.14113943300617393,1.703674677812609,198,49.40656565656566,3,29,0,subsidiary_stock_comp,0.07780524467428525,59,0.1641,18,9,0,1738,25,0.8620689655172413,10880,84
0.1693484422066831,1.78890759446315,198,48.30050505050505,1,27,0,subsidiary_stock_comp,0.04445784849425157,59,0.1633,17,9,0,1738,24,0.8888888888888888,11008,85
0.18690546560537769,1.7322330447330445,198,48.502525252525245,3,28,0,subsidiary_stock_comp,0.032897702107826866,59,0.1625,20,9,0,1738,24,0.8571428571428571,11136,86
0.18056994563085027,1.9073773448773446,198,53.40656565656565,1,28,0,subsidiary_stock_comp,-0.0046462152774135275,62,0.1616,23,9,0,1738,26,0.9285714285714286,11264,87
0.1902239739720244,1.6515151515151512,198,46.242424242424235,4,28,0,subsidiary_stock_comp,0.014258587422470251,56,0.1608,23,9,0,1738,23,0.8214285714285714,11392,88
0.14874079945730045,1.7916666666666667,198,53.75,3,30,0,subsidiary_stock_comp,0.024263881146907806,55,0.16,14,9,0,1738,27,0.9,11520,89
0.22378892289998475,1.92,198,48,0,25,0,subsidiary_stock_comp,0.04890190437436104,48,0.1592,20,9,0,1738,24,0.96,11648,90
0.2667620967476978,1.504949494949495,198,37.62373737373738,3,25,0,subsidiary_stock_comp,0.05857319881518682,48,0.1584,27,9,0,1738,19,0.76,11776,91
0.19077053885848727,1.7674897119341564,198,47.72222222222222,2,27,0,subsidiary_stock_comp,0.09128248939911525,50,0.1576,21,9,0,1738,24,0.8888888888888888,11904,92
0.17588842954137363,1.8359456635318707,198,53.24242424242425,2,29,0,subsidiary_stock_comp,0.042284401754538216,63,0.1569,18,9,0,1738,26,0.896551724137931,12032,93
0.13481063754443312,1.8776094276094277,198,56.32828282828283,2,30,0,subsidiary_stock_comp,0.07656488567590714,61,0.1561,14,9,0,1738,28,0.9333333333333333,12160,94
0.15936975041404366,1.4664502164502164,198,41.06060606060606,4,28,0,subsidiary_stock_comp,0.08460033933321635,54,0.1553,19,9,0,1738,21,0.75,12288,95
0.14296871185069904,1.7019266741488965,198,45.95202020202021,1,27,0,subsidiary_stock_comp,0.05453324317932129,60,0.1545,20,9,0,1738,23,0.8518518518518519,12416,96
0.08247344545088708,1.8717345872518287,198,54.28030303030303,1,29,0,subsidiary_stock_comp,0.028847526138027508,61,0.1537,15,9,0,1738,27,0.9310344827586207,12544,97
0.15484914059197763,1.6646825396825398,198,46.611111111111114,2,28,0,subsidiary_stock_comp,0.043167191868027054,65,0.153,16,9,0,1738,23,0.8214285714285714,12672,98
0.0722600114531815,1.783080808080808,198,53.49242424242424,3,30,0,subsidiary_stock_comp,0.0372788750876983,58,0.1522,19,9,0,1738,27,0.9,12800,99
