avg_entropy,avg_reward_per_episode,best_tax_advantage,cumulative_reward,episode_count,invalid_count,loophole,loss,positive_reward_count,random_action_prob,random_exploration_count,run,saved_snapshots,seed,success_count,success_rate,total_steps,update
2.3887140713632107,-0.10718749999999994,0,-1.714999999999999,16,0,partnership_disguised_sale,-0.12030262996753056,0,0.25,38,0,0,1729,0,0.0,128,0
2.6207789285108447,-0.15593749999999995,0,-2.494999999999999,16,0,partnership_disguised_sale,-0.13212188084920248,0,0.2487,26,0,0,1729,0,0.0,256,1
2.6078840605914593,-0.13749999999999993,0,-2.199999999999999,16,0,partnership_disguised_sale,-0.12521654615799585,0,0.2475,32,0,0,1729,0,0.0,384,2
2.488384183496237,1.1387500000000006,20,18.22000000000001,16,0,partnership_disguised_sale,1.1201262474060059,1,0.2463,40,0,0,1729,1,0.0625,512,3
2.593346013687551,0.4700000000000002,10,7.520000000000003,16,0,partnership_disguised_sale,0.26709240674972534,1,0.245,33,0,0,1729,0,0.0,640,4
2.4916505562141538,1.0090625000000009,18,16.145000000000014,16,0,partnership_disguised_sale,1.1014306942621868,2,0.2438,35,0,0,1729,1,0.0625,768,5
2.4529589330777526,0.9975,18,15.96,16,0,partnership_disguised_sale,1.0682778358459473,1,0.2426,39,0,0,1729,1,0.0625,896,6
2.4512997521087527,0.5124999999999994,10,8.19999999999999,16,0,partnership_disguised_sale,0.2910988926887512,1,0.2414,25,0,0,1729,0,0.0,1024,7
2.51161016151309,0.38406250000000025,8,6.145000000000004,16,0,partnership_disguised_sale,0.11600689093271892,2,0.2402,32,0,0,1729,0,0.0,1152,8
2.502197939902544,0.7568749999999999,10,12.109999999999998,16,0,partnership_disguised_sale,0.2949821551640828,4,0.239,28,0,0,1729,0,0.0,1280,9
2.5177213894203305,-0.11343749999999989,0,-1.8149999999999982,16,0,partnership_disguised_sale,-0.08990370978911717,0,0.2378,33,0,0,1729,0,0.0,1408,10
2.374659904278815,0.38531250000000034,8,6.165000000000005,16,0,partnership_disguised_sale,0.13416179517904916,1,0.2366,36,0,0,1729,0,0.0,1536,11
2.4238872257992625,1.7696874999999992,20,28.314999999999987,16,0,partnership_disguised_sale,1.85987122853597,2,0.2354,36,0,0,1729,1,0.0625,1664,12
2.51388621609658,1.6153125,18,25.845,16,0,partnership_disguised_sale,1.3539281686147053,2,0.2342,50,0,0,1729,1,0.0625,1792,13
2.4568439042195678,1.1387500000000004,20,18.220000000000006,16,0,partnership_disguised_sale,1.5457863012949626,4,0.2331,36,0,0,1729,1,0.0625,1920,14
2.499141415581107,1.0171875000000004,18,16.275000000000006,16,0,partnership_disguised_sale,1.0734200477600098,1,0.2319,32,0,0,1729,1,0.0625,2048,15
2.456126113422215,-0.10562499999999993,10,-1.6899999999999988,16,0,partnership_disguised_sale,0.10904097308715184,1,0.2307,30,0,0,1729,0,0.0,2176,16
2.4997110767289996,0.9871874999999998,10,15.794999999999996,16,0,partnership_disguised_sale,0.4430939455827077,2,0.2296,24,0,0,1729,0,0.0,2304,17
2.561555546708405,2.1109375000000004,18,33.775000000000006,16,0,partnership_disguised_sale,2.4574660460154214,4,0.2284,29,0,0,1729,2,0.125,2432,18
2.516080357134342,2.483125,18,39.73,16,0,partnership_disguised_sale,2.152008612950643,3,0.2273,29,0,0,1729,1,0.0625,2560,19
2.5293997125700116,1.8512500000000003,20,29.620000000000005,16,0,partnership_disguised_sale,1.5437230269114177,3,0.2262,34,0,0,1729,1,0.0625,2688,20
2.4991832664236426,-0.12187499999999993,0,-1.9499999999999988,16,0,partnership_disguised_sale,0.08160710086425145,0,0.225,33,0,0,1729,0,0.0,2816,21
2.4913079692050815,3.299999999999997,20,56.09999999999995,17,0,partnership_disguised_sale,2.824639002482096,4,0.2239,25,0,0,1729,3,0.17647058823529413,2944,22
2.4543962879106402,2.010312499999999,20,32.164999999999985,16,0,partnership_disguised_sale,2.082268238067627,5,0.2228,31,0,0,1729,1,0.0625,3072,23
2.425902519375086,0.49874999999999975,8,7.979999999999996,16,0,partnership_disguised_sale,0.35032424330711365,3,0.2217,27,0,0,1729,0,0.0,3200,24
2.554541517049074,1.7346874999999993,20,27.75499999999999,16,0,partnership_disguised_sale,1.5666295687357585,3,0.2206,26,0,0,1729,1,0.0625,3328,25
2.543210882693529,2.1137499999999974,18,33.81999999999996,16,0,partnership_disguised_sale,1.6482019027074177,2,0.2195,35,0,0,1729,2,0.125,3456,26
2.4911762019619346,0.5231249999999996,10,8.369999999999994,16,0,partnership_disguised_sale,0.43102024992307025,2,0.2184,29,0,0,1729,0,0.0,3584,27
2.4879223061725497,2.0021875000000007,12,32.03500000000001,16,0,partnership_disguised_sale,1.2750581502914429,5,0.2173,29,0,0,1729,0,0.0,3712,28
2.5096884751692414,1.2434374999999995,18,19.894999999999992,16,0,partnership_disguised_sale,1.1233607133229573,3,0.2162,30,0,0,1729,1,0.0625,3840,29
2.4182948051020503,1.1490625000000005,20,18.38500000000001,16,0,partnership_disguised_sale,1.2416139443715413,3,0.2151,30,0,0,1729,1,0.0625,3968,30
2.5673890076577663,1.3631250000000001,20,21.810000000000002,16,0,partnership_disguised_sale,1.361693024635315,4,0.214,16,0,0,1729,1,0.0625,4096,31
2.4492038832977414,1.0184374999999999,18,16.294999999999998,16,0,partnership_disguised_sale,1.2038113276163738,1,0.213,28,0,0,1729,1,0.0625,4224,32
2.367532779928297,4.0053125,20,64.085,16,0,partnership_disguised_sale,3.8199118773142495,5,0.2119,25,0,0,1729,3,0.1875,4352,33
2.391066468320787,3.5028125,20,56.045,16,0,partnership_disguised_sale,3.4487587610880532,5,0.2108,28,0,0,1729,3,0.1875,4480,34
2.4241632148623466,4.762499999999999,20,76.19999999999999,16,0,partnership_disguised_sale,4.057695706685384,5,0.2098,28,0,0,1729,4,0.25,4608,35
2.380986320786178,1.0174999999999998,18,16.279999999999998,16,0,partnership_disguised_sale,1.3745564619700115,2,0.2087,36,0,0,1729,1,0.0625,4736,36
2.4392266795039177,0.5003124999999995,10,8.004999999999992,16,0,partnership_disguised_sale,0.6230783065160116,2,0.2077,22,0,0,1729,0,0.0,4864,37
2.376024555414915,2.134999999999999,18,34.15999999999998,16,0,partnership_disguised_sale,2.0474793116251626,3,0.2066,26,0,0,1729,2,0.125,4992,38
2.4680253602564335,0.9981249999999997,18,15.969999999999995,16,0,partnership_disguised_sale,1.2457690238952637,3,0.2056,33,0,0,1729,1,0.0625,5120,39
2.4089649338275194,2.8715624999999987,20,45.94499999999998,16,0,partnership_disguised_sale,2.2343241373697915,4,0.2046,22,0,0,1729,2,0.125,5248,40
2.3920059129595757,2.986249999999999,20,47.77999999999999,16,0,partnership_disguised_sale,2.9063495794932046,5,0.2036,24,0,0,1729,2,0.125,5376,41
2.541504024527967,5.854687500000001,20,93.67500000000001,16,0,partnership_disguised_sale,4.932373841603597,8,0.2025,23,0,0,1729,4,0.25,5504,42
2.4644909519702196,2.7418749999999985,18,43.869999999999976,16,0,partnership_disguised_sale,2.054246266682943,3,0.2015,26,0,0,1729,2,0.125,5632,43
2.3954090429469943,1.8509375000000006,20,29.61500000000001,16,0,partnership_disguised_sale,1.7969183127085369,2,0.2005,24,0,0,1729,1,0.0625,5760,44
2.3862619064748287,4.884374999999999,20,78.14999999999998,16,0,partnership_disguised_sale,4.580777168273926,5,0.1995,22,0,0,1729,4,0.25,5888,45
2.3925711680203676,4.496562499999999,20,71.94499999999998,16,0,partnership_disguised_sale,3.9298605918884277,6,0.1985,28,0,0,1729,3,0.1875,6016,46
2.3831482212990522,6.869375000000001,20,109.91000000000001,16,0,partnership_disguised_sale,5.5690328280131025,8,0.1975,28,0,0,1729,5,0.3125,6144,47
2.3265137574635446,7.2156249999999975,20,115.44999999999996,16,0,partnership_disguised_sale,5.594504515329997,7,0.1965,17,0,0,1729,5,0.3125,6272,48
2.265730606392026,5.615625000000002,20,89.85000000000004,16,0,partnership_disguised_sale,4.386259396870931,6,0.1956,26,0,0,1729,4,0.25,6400,49
2.164998287335038,3.7682352941176447,20,64.05999999999996,17,0,partnership_disguised_sale,3.0769514242808023,8,0.1946,27,0,0,1729,3,0.17647058823529413,6528,50
2.2008298861328512,7.735588235294116,20,131.50499999999997,17,0,partnership_disguised_sale,5.797086874643962,8,0.1936,21,0,0,1729,6,0.35294117647058826,6656,51
2.204163976944983,3.609999999999999,20,57.759999999999984,16,0,partnership_disguised_sale,3.8763960202534995,5,0.1926,32,0,0,1729,3,0.1875,6784,52
2.1785260061733425,1.1034374999999992,20,17.654999999999987,16,0,partnership_disguised_sale,2.8183274269104004,5,0.1917,30,0,0,1729,1,0.0625,6912,53
2.2630622580181807,6.972499999999998,20,111.55999999999997,16,0,partnership_disguised_sale,5.0336408615112305,7,0.1907,24,0,0,1729,5,0.3125,7040,54
2.2764035179279745,1.8721874999999997,12,29.954999999999995,16,0,partnership_disguised_sale,1.4238678216934204,3,0.1898,28,0,0,1729,0,0.0,7168,55
2.2612450970336795,7.244999999999998,20,115.91999999999997,16,0,partnership_disguised_sale,4.305883407592773,10,0.1888,24,0,0,1729,3,0.1875,7296,56
2.2976297880522907,1.2462500000000003,18,19.940000000000005,16,0,partnership_disguised_sale,1.493970513343811,6,0.1879,25,0,0,1729,1,0.0625,7424,57
2.323558832053095,2.876249999999998,20,46.01999999999997,16,0,partnership_disguised_sale,1.854874610900879,5,0.1869,22,0,0,1729,1,0.0625,7552,58
2.4887487245723605,7.151764705882352,20,121.57999999999998,17,0,partnership_disguised_sale,5.402924537658691,10,0.186,26,0,0,1729,6,0.35294117647058826,7680,59
2.359380860812962,2.884375,20,46.15,16,0,partnership_disguised_sale,2.6965434551239014,4,0.1851,30,0,0,1729,2,0.125,7808,60
2.3644614964723587,7.171470588235294,20,121.91499999999999,17,0,partnership_disguised_sale,5.139470100402832,10,0.1841,21,0,0,1729,6,0.35294117647058826,7936,61
2.3195567652583122,4.957058823529409,20,84.26999999999995,17,0,partnership_disguised_sale,3.2115938663482666,7,0.1832,34,0,0,1729,4,0.23529411764705882,8064,62
2.391206889413297,5.621562499999999,20,89.94499999999998,16,0,partnership_disguised_sale,4.6679457028706866,6,0.1823,23,0,0,1729,4,0.25,8192,63
2.355800709221512,3.255624999999999,18,52.08999999999998,16,0,partnership_disguised_sale,2.8716631730397544,3,0.1814,20,0,0,1729,3,0.1875,8320,64
2.4320081514306366,0.7440624999999997,10,11.904999999999996,16,0,partnership_disguised_sale,0.8511430819829305,3,0.1805,20,0,0,1729,0,0.0,8448,65
2.3851285851560533,4.622499999999999,20,73.95999999999998,16,0,partnership_disguised_sale,3.8801912466684976,5,0.1796,31,0,0,1729,4,0.25,8576,66
2.4341314723715186,5.3637500000000005,20,85.82000000000001,16,0,partnership_disguised_sale,4.52171262105306,6,0.1787,25,0,0,1729,4,0.25,8704,67
2.3304865239188075,5.341875,20,85.47,16,0,partnership_disguised_sale,3.7187370459238687,6,0.1778,20,0,0,1729,3,0.1875,8832,68
2.1493929433636367,9.06441176470588,20,154.09499999999997,17,0,partnership_disguised_sale,7.036431630452474,10,0.1769,21,0,0,1729,7,0.4117647058823529,8960,69
2.3700134449172765,5.595624999999998,20,89.52999999999997,16,0,partnership_disguised_sale,4.336644331614177,7,0.176,22,0,0,1729,4,0.25,9088,70
2.2754785642027855,8.233529411764707,20,139.97,17,0,partnership_disguised_sale,5.820404211680095,9,0.1751,26,0,0,1729,7,0.4117647058823529,9216,71
2.2571005076169968,5.507647058823528,20,93.62999999999997,17,0,partnership_disguised_sale,5.01703421274821,7,0.1743,15,0,0,1729,5,0.29411764705882354,9344,72
2.2044517528265715,4.7174999999999985,20,75.47999999999998,16,0,partnership_disguised_sale,4.187479019165039,5,0.1734,25,0,0,1729,4,0.25,9472,73
2.3259506730828434,2.3443749999999994,20,37.50999999999999,16,0,partnership_disguised_sale,2.817295471827189,4,0.1725,34,0,0,1729,2,0.125,9600,74
2.165275561856106,5.776764705882355,20,98.20500000000004,17,0,partnership_disguised_sale,5.048556009928386,7,0.1717,19,0,0,1729,5,0.29411764705882354,9728,75
2.215917660621926,6.483823529411765,20,110.22500000000001,17,0,partnership_disguised_sale,4.674697717030843,8,0.1708,17,0,0,1729,5,0.29411764705882354,9856,76
2.2417488619685173,6.688823529411766,20,113.71000000000002,17,0,partnership_disguised_sale,5.904734134674072,7,0.1699,29,0,0,1729,6,0.35294117647058826,9984,77
2.1436562954913825,8.550588235294121,20,145.36000000000007,17,0,partnership_disguised_sale,6.45544449488322,8,0.1691,11,0,0,1729,7,0.4117647058823529,10112,78
2.1560590085573494,5.487647058823527,20,93.28999999999996,17,0,partnership_disguised_sale,4.761575380961101,6,0.1683,17,0,0,1729,5,0.29411764705882354,10240,79
2.0520323337987065,7.3932352941176465,20,125.68499999999999,17,0,partnership_disguised_sale,6.39050817489624,10,0.1674,11,0,0,1729,6,0.35294117647058826,10368,80
2.0652542761527,10.224117647058824,20,173.81,17,0,partnership_disguised_sale,8.079082806905111,11,0.1666,24,0,0,1729,9,0.5294117647058824,10496,81
1.9657614212483168,6.7165625,20,107.465,16,0,partnership_disguised_sale,5.052978515625,6,0.1657,25,0,0,1729,6,0.375,10624,82
1.9622273619752377,8.341764705882353,20,141.81,17,0,partnership_disguised_sale,6.305806477864583,8,0.1649,22,0,0,1729,7,0.4117647058823529,10752,83
1.9511063918471336,11.955277777777782,20,215.19500000000008,18,0,partnership_disguised_sale,9.547995249430338,11,0.1641,21,0,0,1729,11,0.6111111111111112,10880,84
1.850369012914598,10.665000000000006,20,191.9700000000001,18,0,partnership_disguised_sale,8.274190902709961,11,0.1633,16,0,0,1729,10,0.5555555555555556,11008,85
1.9636627997970209,7.770294117647057,20,132.09499999999997,17,0,partnership_disguised_sale,6.061612764994304,8,0.1625,19,0,0,1729,7,0.4117647058823529,11136,86
1.9008152636233717,9.90305555555556,20,178.2550000000001,18,0,partnership_disguised_sale,6.574138800303142,14,0.1616,23,0,0,1729,8,0.4444444444444444,11264,87
1.9933383634779602,6.81470588235294,20,115.84999999999998,17,0,partnership_disguised_sale,4.960039933522542,11,0.1608,24,0,0,1729,5,0.29411764705882354,11392,88
1.8918388882884756,12.540000000000012,20,225.7200000000002,18,0,partnership_disguised_sale,8.876083374023438,13,0.16,19,0,0,1729,11,0.6111111111111112,11520,89
2.07797662448138,12.64916666666667,20,227.68500000000006,18,0,partnership_disguised_sale,9.332172075907389,14,0.1592,26,0,0,1729,11,0.6111111111111112,11648,90
1.9000400142977014,8.768823529411762,20,149.06999999999996,17,0,partnership_disguised_sale,6.82203467686971,9,0.1584,22,0,0,1729,7,0.4117647058823529,11776,91
1.9220350019168109,10.080882352941174,20,171.37499999999994,17,0,partnership_disguised_sale,7.177918116251628,12,0.1576,24,0,0,1729,8,0.47058823529411764,11904,92
1.9568582922802307,12.188823529411764,20,207.20999999999998,17,0,partnership_disguised_sale,8.65038776397705,12,0.1569,23,0,0,1729,10,0.5882352941176471,12032,93
1.879013075842522,8.197500000000007,20,147.55500000000012,18,0,partnership_disguised_sale,6.2199985186258955,8,0.1561,22,0,0,1729,8,0.4444444444444444,12160,94
1.8951904939021915,9.671388888888888,20,174.08499999999998,18,0,partnership_disguised_sale,7.530198415120442,12,0.1553,18,0,0,1729,8,0.4444444444444444,12288,95
1.8278505626367405,13.256315789473687,20,251.87000000000006,19,0,partnership_disguised_sale,9.947673161824545,15,0.1545,20,0,0,1729,13,0.6842105263157895,12416,96
1.9076026235707104,10.891944444444453,20,196.05500000000015,18,0,partnership_disguised_sale,8.168182690938314,10,0.1537,18,0,0,1729,10,0.5555555555555556,12544,97
1.999819962773472,10.627250000000007,20,212.54500000000013,20,0,partnership_disguised_sale,7.971474647521973,12,0.153,31,0,0,1729,11,0.55,12672,98
1.779984500259161,10.79416666666668,20,194.29500000000024,18,0,partnership_disguised_sale,7.928063710530599,13,0.1522,14,0,0,1729,10,0.5555555555555556,12800,99
2.636220564134419,1.4646875000000001,16,23.435000000000002,16,0,partnership_disguised_sale,1.2963695923487346,2,0.25,36,1,0,1730,0,0.0,128,0
2.4754785988479853,0.9896874999999997,18,15.834999999999996,16,0,partnership_disguised_sale,1.2593854665756226,2,0.2487,31,1,0,1730,1,0.0625,256,1
2.531454094685614,-0.13531249999999986,0,-2.164999999999998,16,0,partnership_disguised_sale,-0.05485194424788157,0,0.2475,29,1,0,1730,0,0.0,384,2
2.4563835822045803,-0.11406249999999987,2,-1.824999999999998,16,0,partnership_disguised_sale,-0.05653823663791021,2,0.2463,34,1,0,1730,0,0.0,512,3
2.4732240652665496,1.3796875000000004,12,22.075000000000006,16,0,partnership_disguised_sale,0.9848599632581075,2,0.245,26,1,0,1730,0,0.0,640,4
2.567289862781763,0.4050000000000007,8,6.480000000000011,16,0,partnership_disguised_sale,0.12487941483656566,2,0.2438,36,1,0,1730,0,0.0,768,5
2.6389824440702796,0.9946875000000008,18,15.915000000000013,16,0,partnership_disguised_sale,1.1725174983342488,2,0.2426,34,1,0,1730,1,0.0625,896,6
2.4982503904029727,0.7815624999999992,10,12.504999999999987,16,0,partnership_disguised_sale,0.30560744802157086,3,0.2414,28,1,0,1730,0,0.0,1024,7
2.555311305448413,-0.002812499999999999,2,-0.044999999999999984,16,0,partnership_disguised_sale,-0.0956936130921046,2,0.2402,33,1,0,1730,0,0.0,1152,8
2.4449092634022236,1.6418749999999998,18,26.269999999999996,16,0,partnership_disguised_sale,1.4377421140670776,3,0.239,28,1,0,1730,1,0.0625,1280,9
2.534000894986093,-0.14468749999999994,0,-2.314999999999999,16,0,partnership_disguised_sale,-0.08425199737151463,0,0.2378,22,1,0,1730,0,0.0,1408,10
2.565234367735684,0.4862499999999999,10,7.7799999999999985,16,0,partnership_disguised_sale,0.42291680971781415,2,0.2366,27,1,0,1730,0,0.0,1536,11
2.5568766351789236,-0.11968749999999996,16,-1.9149999999999994,16,0,partnership_disguised_sale,0.10073328514893849,2,0.2354,36,1,0,1730,0,0.0,1664,12
2.5692321537062526,2.092812500000001,20,33.485000000000014,16,0,partnership_disguised_sale,2.10508131980896,3,0.2342,25,1,0,1730,1,0.0625,1792,13
2.594058041460812,2.9881249999999993,18,47.80999999999999,16,0,partnership_disguised_sale,2.8891971111297607,5,0.2331,26,1,0,1730,2,0.125,1920,14
2.5385120380669832,0.015312500000000048,2,0.24500000000000077,16,0,partnership_disguised_sale,-0.10070817172527313,1,0.2319,37,1,0,1730,0,0.0,2048,15
2.5471927504986525,1.2415624999999997,20,19.864999999999995,16,0,partnership_disguised_sale,1.6710580190022786,3,0.2307,29,1,0,1730,1,0.0625,2176,16
2.4565541986376047,1.271875,20,20.35,16,0,partnership_disguised_sale,1.2287052075068157,3,0.2296,24,1,0,1730,1,0.0625,2304,17
2.612213215790689,1.6071875000000009,18,25.715000000000014,16,0,partnership_disguised_sale,1.5996513764063518,3,0.2284,22,1,0,1730,1,0.0625,2432,18
2.585090813226998,3.508749999999999,20,56.139999999999986,16,0,partnership_disguised_sale,2.890157620112101,5,0.2273,36,1,0,1730,1,0.0625,2560,19
2.4535465938970447,1.6021874999999994,16,25.63499999999999,16,0,partnership_disguised_sale,0.8835856517155966,6,0.2262,20,1,0,1730,0,0.0,2688,20
2.5684177661314607,-0.14156249999999992,0,-2.264999999999999,16,0,partnership_disguised_sale,0.086568017800649,0,0.225,39,1,0,1730,0,0.0,2816,21
2.542285212315619,2.2543750000000014,18,36.07000000000002,16,0,partnership_disguised_sale,1.9285958210627239,3,0.2239,32,1,0,1730,2,0.125,2944,22
2.4675411097705364,2.5224999999999995,20,40.35999999999999,16,0,partnership_disguised_sale,2.2774051825205484,4,0.2228,32,1,0,1730,2,0.125,3072,23
2.430503564886749,0.7396874999999997,10,11.834999999999996,16,0,partnership_disguised_sale,0.39098021388053894,2,0.2217,30,1,0,1730,0,0.0,3200,24
2.4688242999836802,3.5287499999999983,20,56.45999999999997,16,0,partnership_disguised_sale,2.931630531946818,5,0.2206,29,1,0,1730,2,0.125,3328,25
2.47977099660784,2.2453124999999976,20,35.92499999999996,16,0,partnership_disguised_sale,1.8437101443608601,5,0.2195,29,1,0,1730,1,0.0625,3456,26
2.5194453923031688,2.4856249999999998,20,39.769999999999996,16,0,partnership_disguised_sale,2.5733632246653237,4,0.2184,26,1,0,1730,2,0.125,3584,27
2.5011883405968547,2.7509375000000014,18,44.01500000000002,16,0,partnership_disguised_sale,1.8634684880574544,7,0.2173,26,1,0,1730,2,0.125,3712,28
2.43826343677938,0.4862499999999999,10,7.7799999999999985,16,0,partnership_disguised_sale,0.6714027722676595,4,0.2162,21,1,0,1730,0,0.0,3840,29
2.476893370039761,1.231875,10,19.71,16,0,partnership_disguised_sale,0.7279496590296427,4,0.2151,26,1,0,1730,0,0.0,3968,30
2.4821948232129216,1.1093749999999991,18,17.749999999999986,16,0,partnership_disguised_sale,1.2997883955637615,3,0.214,28,1,0,1730,1,0.0625,4096,31
2.5720237493515015,-0.014062499999999936,2,-0.22499999999999898,16,0,partnership_disguised_sale,0.1659961293141047,2,0.213,29,1,0,1730,0,0.0,4224,32
2.48233016487211,2.1471875000000002,18,34.355000000000004,16,0,partnership_disguised_sale,2.10827628771464,3,0.2119,28,1,0,1730,2,0.125,4352,33
2.5567795103415847,-0.11874999999999993,0,-1.8999999999999988,16,0,partnership_disguised_sale,0.05187311271826426,0,0.2108,25,1,0,1730,0,0.0,4480,34
2.5358600514009595,-0.14843749999999994,0,-2.374999999999999,16,0,partnership_disguised_sale,-0.011811902125676474,0,0.2098,31,1,0,1730,0,0.0,4608,35
2.4656118201091886,0.7640624999999993,14,12.224999999999989,16,0,partnership_disguised_sale,0.5868853529294332,1,0.2087,35,1,0,1730,0,0.0,4736,36
2.380548043176532,0.6224999999999992,12,9.959999999999987,16,0,partnership_disguised_sale,0.490462193886439,1,0.2077,21,1,0,1730,0,0.0,4864,37
2.418029452674091,1.8709375000000001,20,29.935000000000002,16,0,partnership_disguised_sale,2.0809195041656494,4,0.2066,36,1,0,1730,1,0.0625,4992,38
2.4110425356775522,0.7612499999999995,10,12.179999999999993,16,0,partnership_disguised_sale,0.32370834549268085,3,0.2056,29,1,0,1730,0,0.0,5120,39
2.3985929461196065,4.126249999999999,20,66.01999999999998,16,0,partnership_disguised_sale,3.8378642400105796,6,0.2046,24,1,0,1730,3,0.1875,5248,40
2.4294953336939216,1.0071875000000008,12,16.115000000000013,16,0,partnership_disguised_sale,0.5138567686080933,3,0.2036,25,1,0,1730,0,0.0,5376,41
2.5322887571528554,1.2412499999999997,20,19.859999999999996,16,0,partnership_disguised_sale,1.5033857822418213,4,0.2025,21,1,0,1730,1,0.0625,5504,42
2.5462462352588773,2.9587499999999993,20,47.33999999999999,16,0,partnership_disguised_sale,2.8697569370269775,4,0.2015,30,1,0,1730,2,0.125,5632,43
2.5215013939887285,5.226250000000002,20,83.62000000000003,16,0,partnership_disguised_sale,4.964211304982503,5,0.2005,26,1,0,1730,4,0.25,5760,44
2.4710689997300506,1.3640625000000002,20,21.825000000000003,16,0,partnership_disguised_sale,1.5081055561701457,5,0.1995,28,1,0,1730,1,0.0625,5888,45
2.5241962373256683,4.4556249999999995,20,71.28999999999999,16,0,partnership_disguised_sale,4.2360405921936035,5,0.1985,24,1,0,1730,3,0.1875,6016,46
2.5245021590963006,1.1156250000000005,20,17.85000000000001,16,0,partnership_disguised_sale,1.2705796957015991,2,0.1975,31,1,0,1730,1,0.0625,6144,47
2.4924016930162907,1.1196875000000006,20,17.91500000000001,16,0,partnership_disguised_sale,1.3028288284937541,1,0.1965,31,1,0,1730,1,0.0625,6272,48
2.52668277034536,2.3265624999999988,20,37.22499999999998,16,0,partnership_disguised_sale,2.9131081104278564,6,0.1956,21,1,0,1730,2,0.125,6400,49
2.48361037299037,2.331875,20,37.31,16,0,partnership_disguised_sale,2.6226874192555747,3,0.1946,23,1,0,1730,2,0.125,6528,50
2.437200020067394,0.48062499999999964,10,7.689999999999994,16,0,partnership_disguised_sale,0.3010933995246887,1,0.1936,23,1,0,1730,0,0.0,6656,51
2.4711095723323524,1.737812499999999,20,27.804999999999986,16,0,partnership_disguised_sale,1.4270314772923787,2,0.1926,27,1,0,1730,1,0.0625,6784,52
2.507178083062172,2.4893749999999994,20,39.82999999999999,16,0,partnership_disguised_sale,2.3276678721110025,4,0.1917,28,1,0,1730,2,0.125,6912,53
2.38320997916162,5.6173529411764695,20,95.49499999999998,17,0,partnership_disguised_sale,5.0765994389851885,7,0.1907,17,1,0,1730,5,0.29411764705882354,7040,54
2.4987807073630393,2.1784375,20,34.855,16,0,partnership_disguised_sale,2.106951872507731,2,0.1898,23,1,0,1730,2,0.125,7168,55
2.3831605897285044,3.5173529411764703,18,59.794999999999995,17,0,partnership_disguised_sale,2.616910696029663,4,0.1888,23,1,0,1730,3,0.17647058823529413,7296,56
2.3503126902505755,2.3337499999999998,20,37.339999999999996,16,0,partnership_disguised_sale,2.5505477587381997,3,0.1879,25,1,0,1730,2,0.125,7424,57
2.348360049072653,2.6065624999999994,18,41.70499999999999,16,0,partnership_disguised_sale,1.8294990062713623,5,0.1869,19,1,0,1730,1,0.0625,7552,58
2.304668697528541,5.230312500000003,20,83.68500000000004,16,0,partnership_disguised_sale,4.918266137440999,8,0.186,25,1,0,1730,4,0.25,7680,59
2.2213690653443336,7.728529411764705,20,131.385,17,0,partnership_disguised_sale,7.007678190867106,8,0.1851,20,1,0,1730,7,0.4117647058823529,7808,60
2.4010818991810083,4.19125,20,67.06,16,0,partnership_disguised_sale,4.075436909993489,5,0.1841,26,1,0,1730,3,0.1875,7936,61
2.313109995331615,0.8240624999999998,12,13.184999999999997,16,0,partnership_disguised_sale,0.9929414788881937,3,0.1832,25,1,0,1730,0,0.0,8064,62
2.452758327126503,-0.03874999999999989,2,-0.6199999999999982,16,0,partnership_disguised_sale,0.711690882841746,1,0.1823,26,1,0,1730,0,0.0,8192,63
2.4387581502087414,5.458437499999998,20,87.33499999999997,16,0,partnership_disguised_sale,4.5911491711934405,5,0.1814,27,1,0,1730,4,0.25,8320,64
2.3121355744078755,6.465312499999998,20,103.44499999999996,16,0,partnership_disguised_sale,5.1319098472595215,7,0.1805,13,1,0,1730,5,0.3125,8448,65
2.430034939199686,3.219374999999999,20,51.509999999999984,16,0,partnership_disguised_sale,2.4635459582010903,7,0.1796,24,1,0,1730,2,0.125,8576,66
2.419410635717213,5.734117647058823,20,97.47999999999999,17,0,partnership_disguised_sale,5.212955474853516,6,0.1787,22,1,0,1730,5,0.29411764705882354,8704,67
2.375115571077913,4.345937500000001,20,69.53500000000001,16,0,partnership_disguised_sale,3.692142645517985,5,0.1778,16,1,0,1730,3,0.1875,8832,68
2.2943888981826603,7.730882352941179,20,131.42500000000004,17,0,partnership_disguised_sale,5.640261173248291,8,0.1769,21,1,0,1730,5,0.29411764705882354,8960,69
2.1906786267645657,10.35382352941177,20,176.01500000000007,17,0,partnership_disguised_sale,8.238635381062826,12,0.176,29,1,0,1730,9,0.5294117647058824,9088,70
2.2091266876086593,5.748235294117644,20,97.71999999999996,17,0,partnership_disguised_sale,5.17866055170695,6,0.1751,14,1,0,1730,5,0.29411764705882354,9216,71
2.2251667079981416,4.952500000000001,20,79.24000000000001,16,0,partnership_disguised_sale,3.7740591367085776,8,0.1743,25,1,0,1730,3,0.1875,9344,72
2.2858421644195914,5.608749999999999,20,89.73999999999998,16,0,partnership_disguised_sale,4.680766900380452,9,0.1734,25,1,0,1730,4,0.25,9472,73
2.198132329620421,2.984687499999998,20,47.75499999999997,16,0,partnership_disguised_sale,2.5623862743377686,5,0.1725,19,1,0,1730,2,0.125,9600,74
2.269012506119907,5.531470588235294,20,94.035,17,0,partnership_disguised_sale,4.707689921061198,5,0.1717,27,1,0,1730,5,0.29411764705882354,9728,75
2.2357926345430315,6.08911764705882,20,103.51499999999993,17,0,partnership_disguised_sale,4.824145317077637,7,0.1708,20,1,0,1730,5,0.29411764705882354,9856,76
2.234482286963612,4.610937500000004,20,73.77500000000006,16,0,partnership_disguised_sale,3.9683802922566733,5,0.1699,23,1,0,1730,4,0.25,9984,77
2.216428099665791,5.0878125,20,81.405,16,0,partnership_disguised_sale,4.218680381774902,6,0.1691,14,1,0,1730,4,0.25,10112,78
2.373196864500642,2.3571874999999998,20,37.714999999999996,16,0,partnership_disguised_sale,2.3347538312276206,4,0.1683,19,1,0,1730,2,0.125,10240,79
2.2469930103980005,6.66970588235294,20,113.38499999999998,17,0,partnership_disguised_sale,5.920197168986003,8,0.1674,18,1,0,1730,6,0.35294117647058826,10368,80
2.3021322381682694,7.028823529411766,20,119.49000000000002,17,0,partnership_disguised_sale,5.894802093505859,8,0.1666,22,1,0,1730,6,0.35294117647058826,10496,81
2.257355723530054,5.470588235294117,20,92.99999999999999,17,0,partnership_disguised_sale,4.8691636721293134,5,0.1657,21,1,0,1730,5,0.29411764705882354,10624,82
2.417031640186906,4.950624999999999,20,79.20999999999998,16,0,partnership_disguised_sale,4.157681941986084,5,0.1649,19,1,0,1730,4,0.25,10752,83
2.2454366511665285,4.8168750000000005,20,77.07000000000001,16,0,partnership_disguised_sale,4.500962893168132,4,0.1641,20,1,0,1730,4,0.25,10880,84
2.215484846616164,7.307187499999997,20,116.91499999999995,16,0,partnership_disguised_sale,6.550016085306804,8,0.1633,17,1,0,1730,6,0.375,11008,85
2.1192744292784482,8.66588235294118,20,147.32000000000005,17,0,partnership_disguised_sale,6.511445045471191,9,0.1625,21,1,0,1730,7,0.4117647058823529,11136,86
2.0343313957564533,8.066176470588236,20,137.125,17,0,partnership_disguised_sale,6.396320819854736,8,0.1616,20,1,0,1730,7,0.4117647058823529,11264,87
1.8503424430964515,11.238823529411771,20,191.06000000000012,17,0,partnership_disguised_sale,8.64599609375,11,0.1608,21,1,0,1730,10,0.5882352941176471,11392,88
1.867215147940442,9.23970588235294,20,157.075,17,0,partnership_disguised_sale,7.311110178629558,9,0.16,24,1,0,1730,8,0.47058823529411764,11520,89
1.7675802481826395,12.647647058823534,20,215.01000000000008,17,0,partnership_disguised_sale,10.128595670064291,11,0.1592,20,1,0,1730,11,0.6470588235294118,11648,90
1.757371783547569,11.487941176470597,20,195.29500000000016,17,0,partnership_disguised_sale,9.1976318359375,11,0.1584,21,1,0,1730,10,0.5882352941176471,11776,91
1.6506013997131959,13.225882352941186,20,224.84000000000017,17,0,partnership_disguised_sale,9.665204366048178,13,0.1576,27,1,0,1730,11,0.6470588235294118,11904,92
1.590963912109146,10.186764705882352,20,173.17499999999998,17,0,partnership_disguised_sale,7.6464912096659345,9,0.1569,21,1,0,1730,9,0.5294117647058824,12032,93
1.6610902204411104,7.003529411764704,20,119.05999999999996,17,0,partnership_disguised_sale,5.78918472925822,7,0.1561,23,1,0,1730,6,0.35294117647058826,12160,94
1.617725755320862,12.062500000000002,20,217.12500000000003,18,0,partnership_disguised_sale,9.51656723022461,11,0.1553,16,1,0,1730,11,0.6111111111111112,12288,95
1.6376218721270561,9.730000000000002,20,175.14000000000004,18,0,partnership_disguised_sale,7.721112887064616,9,0.1545,18,1,0,1730,9,0.5,12416,96
1.7508462835103273,13.065555555555559,20,235.18000000000006,18,0,partnership_disguised_sale,9.987008412679037,12,0.1537,21,1,0,1730,12,0.6666666666666666,12544,97
1.880571487126872,10.306052631578947,20,195.815,19,0,partnership_disguised_sale,7.8189646402994795,10,0.153,19,1,0,1730,10,0.5263157894736842,12672,98
1.8807870033197105,6.772352941176468,20,115.12999999999995,17,0,partnership_disguised_sale,4.866620381673177,8,0.1522,23,1,0,1730,5,0.29411764705882354,12800,99
2.4773317482322454,1.8531250000000004,20,29.650000000000006,16,0,partnership_disguised_sale,1.730602224667867,2,0.25,32,2,0,1731,1,0.0625,128,0
2.628587333485484,-0.03437500000000001,2,-0.5500000000000002,16,0,partnership_disguised_sale,-0.07175955673058827,1,0.2487,32,2,0,1731,0,0.0,256,1
2.599011391401291,0.48531249999999965,10,7.764999999999994,16,0,partnership_disguised_sale,0.3007335464159648,1,0.2475,32,2,0,1731,0,0.0,384,2
2.5359673500061035,-0.1399999999999999,0,-2.2399999999999984,16,0,partnership_disguised_sale,-0.09906703730424245,0,0.2463,30,2,0,1731,0,0.0,512,3
2.544046680442989,2.2378125,20,35.805,16,0,partnership_disguised_sale,2.6428209145863852,2,0.245,31,2,0,1731,2,0.125,640,4
2.566591829061508,1.1071874999999995,20,17.714999999999993,16,0,partnership_disguised_sale,1.613100488980611,2,0.2438,29,2,0,1731,1,0.0625,768,5
2.5076663866639137,1.6137499999999991,18,25.819999999999986,16,0,partnership_disguised_sale,1.2919975519180298,4,0.2426,27,2,0,1731,1,0.0625,896,6
2.4830567026510835,1.0181250000000002,18,16.290000000000003,16,0,partnership_disguised_sale,1.0691828727722168,1,0.2414,29,2,0,1731,1,0.0625,1024,7
2.5607226192951202,2.2246874999999986,20,35.59499999999998,16,0,partnership_disguised_sale,2.620813767115275,4,0.2402,29,2,0,1731,2,0.125,1152,8
2.503449029289186,3.777058823529413,20,64.21000000000002,17,0,partnership_disguised_sale,3.06095290184021,4,0.239,27,2,0,1731,3,0.17647058823529413,1280,9
2.565194427035749,1.0865625000000003,20,17.385000000000005,16,0,partnership_disguised_sale,1.3242953221003215,3,0.2378,30,2,0,1731,1,0.0625,1408,10
2.679356209933758,1.0812499999999998,20,17.299999999999997,16,0,partnership_disguised_sale,1.3637255430221558,2,0.2366,36,2,0,1731,1,0.0625,1536,11
2.7763123717159033,1.7012499999999993,18,27.219999999999988,16,0,partnership_disguised_sale,1.362451195716858,3,0.2354,23,2,0,1731,1,0.0625,1664,12
2.4839010583236814,-0.1409374999999999,10,-2.2549999999999986,16,0,partnership_disguised_sale,0.17128230134646097,3,0.2342,25,2,0,1731,0,0.0,1792,13
2.535377078689635,0.7415624999999993,12,11.86499999999999,16,0,partnership_disguised_sale,0.5706294178962708,5,0.2331,33,2,0,1731,0,0.0,1920,14
2.453647956252098,-0.1371874999999998,2,-2.1949999999999967,16,0,partnership_disguised_sale,-0.001335357626279195,1,0.2319,33,2,0,1731,0,0.0,2048,15
2.4772147266194224,2.8715624999999996,20,45.94499999999999,16,0,partnership_disguised_sale,2.552358945210775,5,0.2307,31,2,0,1731,2,0.125,2176,16
2.528186857700348,0.9634374999999993,18,15.414999999999988,16,0,partnership_disguised_sale,0.8698874910672506,1,0.2296,25,2,0,1731,1,0.0625,2304,17
2.591835812665522,1.0893749999999995,20,17.429999999999993,16,0,partnership_disguised_sale,1.4252533515294392,1,0.2284,25,2,0,1731,1,0.0625,2432,18
2.582361697219312,1.7165625,20,27.465,16,0,partnership_disguised_sale,1.5994716087977092,2,0.2273,25,2,0,1731,1,0.0625,2560,19
2.437651882879436,1.8753125000000004,20,30.005000000000006,16,0,partnership_disguised_sale,1.2775228023529053,3,0.2262,33,2,0,1731,1,0.0625,2688,20
2.4780395347625017,1.851874999999999,18,29.629999999999985,16,0,partnership_disguised_sale,1.4986874262491863,4,0.225,30,2,0,1731,1,0.0625,2816,21
2.465833363123238,0.016562499999999966,2,0.26499999999999946,16,0,partnership_disguised_sale,0.04968510568141937,2,0.2239,32,2,0,1731,0,0.0,2944,22
2.428425165824592,2.2293749999999997,20,35.669999999999995,16,0,partnership_disguised_sale,2.1413563887278237,2,0.2228,32,2,0,1731,2,0.125,3072,23
2.4549349769949913,0.9874999999999999,18,15.799999999999999,16,0,partnership_disguised_sale,1.0580931107203166,1,0.2217,25,2,0,1731,1,0.0625,3200,24
2.6117376936599612,3.4706249999999974,20,55.52999999999996,16,0,partnership_disguised_sale,3.402902046839396,4,0.2206,24,2,0,1731,3,0.1875,3328,25
2.5286554470658302,3.4771874999999985,20,55.63499999999998,16,0,partnership_disguised_sale,3.905104716618856,4,0.2195,33,2,0,1731,3,0.1875,3456,26
2.4765704767778516,1.118125,20,17.89,16,0,partnership_disguised_sale,1.6039541165033977,1,0.2184,33,2,0,1731,1,0.0625,3584,27
2.3679184368811548,5.6237499999999985,20,89.97999999999998,16,0,partnership_disguised_sale,4.959938844045003,5,0.2173,31,2,0,1731,4,0.25,3712,28
2.4999832501634955,3.9793749999999974,20,63.66999999999996,16,0,partnership_disguised_sale,3.248866399129232,6,0.2162,37,2,0,1731,3,0.1875,3840,29
2.4860162804834545,0.6043749999999996,10,9.669999999999993,16,0,partnership_disguised_sale,0.41042250394821167,3,0.2151,26,2,0,1731,0,0.0,3968,30
2.4251996744424105,2.4875,20,39.8,16,0,partnership_disguised_sale,1.7658451795578003,4,0.214,23,2,0,1731,2,0.125,4096,31
2.4804996186867356,0.9696874999999998,16,15.514999999999997,16,0,partnership_disguised_sale,1.1859859625498455,4,0.213,21,2,0,1731,0,0.0,4224,32
2.448712621582672,3.839687499999998,20,61.43499999999997,16,0,partnership_disguised_sale,3.419490178426107,4,0.2119,21,2,0,1731,3,0.1875,4352,33
2.4772948613390326,1.1149999999999995,20,17.839999999999993,16,0,partnership_disguised_sale,1.3884578943252563,2,0.2108,28,2,0,1731,1,0.0625,4480,34
2.4833738952875137,2.6025,20,41.64,16,0,partnership_disguised_sale,2.0443760553995767,4,0.2098,36,2,0,1731,1,0.0625,4608,35
2.5058275870978832,0.10312500000000034,10,1.6500000000000055,16,0,partnership_disguised_sale,0.44293561577796936,4,0.2087,27,2,0,1731,0,0.0,4736,36
2.4946306217461824,1.0806249999999982,20,17.28999999999997,16,0,partnership_disguised_sale,1.2462956110636394,2,0.2077,30,2,0,1731,1,0.0625,4864,37
2.577354493085295,1.8146875,20,29.035,16,0,partnership_disguised_sale,1.5548028548558552,3,0.2066,24,2,0,1731,1,0.0625,4992,38
2.4238953990861773,7.217187500000001,20,115.47500000000002,16,0,partnership_disguised_sale,7.152892589569092,7,0.2056,28,2,0,1731,5,0.3125,5120,39
2.445186845958233,2.382500000000001,18,38.12000000000002,16,0,partnership_disguised_sale,1.6399387121200562,4,0.2046,22,2,0,1731,1,0.0625,5248,40
2.447015929967165,1.2425000000000002,20,19.880000000000003,16,0,partnership_disguised_sale,1.3881784677505493,3,0.2036,27,2,0,1731,1,0.0625,5376,41
2.4411875307559967,2.9646874999999997,20,47.434999999999995,16,0,partnership_disguised_sale,2.7541664441426597,4,0.2025,28,2,0,1731,2,0.125,5504,42
2.46768119931221,0.5981250000000004,10,9.570000000000006,16,0,partnership_disguised_sale,0.6266405582427979,4,0.2015,24,2,0,1731,0,0.0,5632,43
2.369086518883705,1.2521874999999998,20,20.034999999999997,16,0,partnership_disguised_sale,1.4390986760457356,3,0.2005,28,2,0,1731,1,0.0625,5760,44
2.600892847403884,1.7024999999999988,20,27.23999999999998,16,0,partnership_disguised_sale,1.871078332265218,5,0.1995,35,2,0,1731,1,0.0625,5888,45
2.390047611668706,2.334375,20,37.35,16,0,partnership_disguised_sale,2.667588551839193,3,0.1985,15,2,0,1731,2,0.125,6016,46
2.456346742808819,1.2174999999999994,20,19.47999999999999,16,0,partnership_disguised_sale,1.0273346106211345,3,0.1975,27,2,0,1731,1,0.0625,6144,47
2.525011903606355,3.4743749999999984,20,55.589999999999975,16,0,partnership_disguised_sale,3.58318821589152,4,0.1965,23,2,0,1731,3,0.1875,6272,48
2.4876939300447702,2.447058823529411,20,41.59999999999999,17,0,partnership_disguised_sale,1.6407482624053955,5,0.1956,23,2,0,1731,2,0.11764705882352941,6400,49
2.4355409485287964,1.3518749999999997,20,21.629999999999995,16,0,partnership_disguised_sale,1.1632403532663982,3,0.1946,27,2,0,1731,1,0.0625,6528,50
2.4749784730374813,1.3678124999999994,20,21.88499999999999,16,0,partnership_disguised_sale,1.4292863210042317,5,0.1936,29,2,0,1731,1,0.0625,6656,51
2.429837226867676,1.726562499999999,18,27.624999999999982,16,0,partnership_disguised_sale,1.6875681082407634,5,0.1926,27,2,0,1731,1,0.0625,6784,52
2.3891585525125265,3.3753124999999984,18,54.004999999999974,16,0,partnership_disguised_sale,2.7472917238871255,9,0.1917,31,2,0,1731,2,0.125,6912,53
2.398397108539939,5.641764705882353,20,95.91,17,0,partnership_disguised_sale,5.821322600046794,6,0.1907,21,2,0,1731,5,0.29411764705882354,7040,54
2.3115356350317597,2.2531250000000003,20,36.050000000000004,16,0,partnership_disguised_sale,1.7772278388341267,3,0.1898,24,2,0,1731,2,0.125,7168,55
2.26282744621858,4.217647058823529,20,71.69999999999999,17,0,partnership_disguised_sale,3.5570031801859536,4,0.1888,27,2,0,1731,3,0.17647058823529413,7296,56
2.3518379335291684,0.8678125,16,13.885,16,0,partnership_disguised_sale,1.2053414980570476,2,0.1879,24,2,0,1731,0,0.0,7424,57
2.3660292385611683,3.1246874999999985,20,49.994999999999976,16,0,partnership_disguised_sale,2.5533079306284585,6,0.1869,27,2,0,1731,2,0.125,7552,58
2.2991520729847252,3.6118750000000004,20,57.790000000000006,16,0,partnership_disguised_sale,3.821687857309977,3,0.186,14,2,0,1731,3,0.1875,7680,59
2.2360889320261776,5.631764705882352,20,95.73999999999998,17,0,partnership_disguised_sale,4.962553183237712,5,0.1851,21,2,0,1731,5,0.29411764705882354,7808,60
2.292601970024407,2.238125,16,35.81,16,0,partnership_disguised_sale,1.4844306310017903,5,0.1841,25,2,0,1731,0,0.0,7936,61
2.3130947831086814,1.6084375000000002,18,25.735000000000003,16,0,partnership_disguised_sale,1.4519501129786174,3,0.1832,21,2,0,1731,1,0.0625,8064,62
2.2455394230782986,5.2384375,20,83.815,16,0,partnership_disguised_sale,4.2915933926900225,13,0.1823,28,2,0,1731,3,0.1875,8192,63
2.302866348065436,1.6465625000000006,20,26.34500000000001,16,0,partnership_disguised_sale,1.7916114727656047,3,0.1814,18,2,0,1731,1,0.0625,8320,64
2.1921640327200294,4.156470588235293,20,70.65999999999998,17,0,partnership_disguised_sale,3.141371965408325,6,0.1805,25,2,0,1731,3,0.17647058823529413,8448,65
2.3708243872970343,4.591874999999999,20,73.46999999999998,16,0,partnership_disguised_sale,3.3246564070383706,6,0.1796,19,2,0,1731,2,0.125,8576,66
2.2945909462869167,4.605294117647057,20,78.28999999999998,17,0,partnership_disguised_sale,3.279714345932007,7,0.1787,27,2,0,1731,4,0.23529411764705882,8704,67
2.2654789555817842,2.2524999999999995,20,36.03999999999999,16,0,partnership_disguised_sale,2.255601723988851,3,0.1778,19,2,0,1731,2,0.125,8832,68
2.221106526441872,6.229705882352943,20,105.90500000000003,17,0,partnership_disguised_sale,5.0296281178792315,6,0.1769,16,2,0,1731,5,0.29411764705882354,8960,69
2.212443958967924,3.4053124999999986,20,54.48499999999998,16,0,partnership_disguised_sale,2.4109747409820557,7,0.176,27,2,0,1731,2,0.125,9088,70
2.1595038268715143,3.2837499999999964,20,52.53999999999994,16,0,partnership_disguised_sale,2.569536288579305,6,0.1751,18,2,0,1731,2,0.125,9216,71
2.309420872479677,4.629374999999999,20,74.06999999999998,16,0,partnership_disguised_sale,3.6707611083984375,7,0.1743,22,2,0,1731,3,0.1875,9344,72
2.2018503011204302,5.62375,20,89.98,16,0,partnership_disguised_sale,5.368725299835205,7,0.1734,21,2,0,1731,4,0.25,9472,73
2.2278559722471982,9.282352941176471,20,157.8,17,0,partnership_disguised_sale,7.8068168958028155,11,0.1725,21,2,0,1731,7,0.4117647058823529,9600,74
2.2774329646490514,5.871764705882353,20,99.82000000000001,17,0,partnership_disguised_sale,4.062745253245036,11,0.1717,20,2,0,1731,4,0.23529411764705882,9728,75
2.2870728075504303,2.4793749999999983,20,39.66999999999997,16,0,partnership_disguised_sale,2.294585943222046,5,0.1708,22,2,0,1731,2,0.125,9856,76
2.2306686975061893,3.4915624999999975,20,55.86499999999996,16,0,partnership_disguised_sale,3.44713028271993,5,0.1699,19,2,0,1731,3,0.1875,9984,77
2.1677663642913103,5.1306249999999975,20,82.08999999999996,16,0,partnership_disguised_sale,4.217212994893392,6,0.1691,23,2,0,1731,4,0.25,10112,78
2.138704529032111,5.8531249999999995,20,93.64999999999999,16,0,partnership_disguised_sale,4.2957455317179365,8,0.1683,21,2,0,1731,4,0.25,10240,79
2.285351846832782,7.637352941176469,20,129.83499999999998,17,0,partnership_disguised_sale,4.8492512702941895,11,0.1674,23,2,0,1731,5,0.29411764705882354,10368,80
2.2507676109671593,3.878235294117647,20,65.92999999999999,17,0,partnership_disguised_sale,3.2730794747670493,5,0.1666,20,2,0,1731,3,0.17647058823529413,10496,81
2.283320161513984,5.845937499999998,20,93.53499999999997,16,0,partnership_disguised_sale,5.11999495824178,5,0.1657,27,2,0,1731,5,0.3125,10624,82
2.2162839444354177,8.434411764705885,20,143.38500000000005,17,0,partnership_disguised_sale,6.864733378092448,9,0.1649,17,2,0,1731,7,0.4117647058823529,10752,83
2.1509122396819293,8.683055555555557,20,156.29500000000002,18,0,partnership_disguised_sale,6.539054075876872,8,0.1641,17,2,0,1731,8,0.4444444444444444,10880,84
2.10878477524966,10.223157894736843,20,194.24,19,0,partnership_disguised_sale,8.225581169128418,14,0.1633,17,2,0,1731,9,0.47368421052631576,11008,85
1.9061511142645031,9.772500000000003,20,175.90500000000006,18,0,partnership_disguised_sale,7.406362533569336,12,0.1625,22,2,0,1731,9,0.5,11136,86
1.9928645701147616,7.63470588235294,20,129.79,17,0,partnership_disguised_sale,5.936494668324788,11,0.1616,18,2,0,1731,6,0.35294117647058826,11264,87
1.773021528730169,7.185294117647057,20,122.14999999999998,17,0,partnership_disguised_sale,5.13327693939209,8,0.1608,19,2,0,1731,6,0.35294117647058826,11392,88
1.9013618724420667,11.084473684210524,20,210.60499999999996,19,0,partnership_disguised_sale,7.860877990722656,14,0.16,27,2,0,1731,10,0.5263157894736842,11520,89
1.7519239662215114,12.133421052631588,20,230.53500000000017,19,0,partnership_disguised_sale,8.524371147155762,17,0.1592,26,2,0,1731,11,0.5789473684210527,11648,90
1.6995920038316399,10.970263157894736,20,208.435,19,0,partnership_disguised_sale,7.310329596201579,12,0.1584,20,2,0,1731,10,0.5263157894736842,11776,91
1.5697758804890327,12.736250000000002,20,254.72500000000005,20,0,partnership_disguised_sale,9.35513178507487,13,0.1576,20,2,0,1731,13,0.65,11904,92
1.4590861957985908,14.771363636363652,20,324.97000000000037,22,0,partnership_disguised_sale,10.759916623433432,18,0.1569,19,2,0,1731,16,0.7272727272727273,12032,93
1.4926636754535139,14.31022727272728,20,314.82500000000016,22,0,partnership_disguised_sale,11.157034238179525,17,0.1561,17,2,0,1731,16,0.7272727272727273,12160,94
1.5448570786975324,10.635000000000005,20,212.7000000000001,20,0,partnership_disguised_sale,6.881930828094482,16,0.1553,25,2,0,1731,10,0.5,12288,95
1.3576972829177976,11.390476190476198,20,239.20000000000016,21,0,partnership_disguised_sale,8.14421558380127,15,0.1545,17,2,0,1731,12,0.5714285714285714,12416,96
1.243732231319882,13.28166666666667,20,278.9150000000001,21,0,partnership_disguised_sale,9.99294376373291,15,0.1537,18,2,0,1731,14,0.6666666666666666,12544,97
1.2659719325602055,13.920750000000016,20,278.4150000000003,20,0,partnership_disguised_sale,10.48039722442627,19,0.153,22,2,0,1731,14,0.7,12672,98
1.4476707743597217,11.023000000000005,20,220.4600000000001,20,0,partnership_disguised_sale,8.264275550842285,14,0.1522,26,2,0,1731,11,0.55,12800,99
2.528990861028433,0.49124999999999963,10,7.859999999999994,16,0,partnership_disguised_sale,0.2923489610354106,1,0.25,30,3,0,1732,0,0.0,128,0
2.530766091775149,0.9834374999999996,18,15.734999999999994,16,0,partnership_disguised_sale,0.9779578049977621,1,0.2487,32,3,0,1732,1,0.0625,256,1
2.618392833508551,-0.13312499999999983,0,-2.1299999999999972,16,0,partnership_disguised_sale,-0.07308763265609741,0,0.2475,27,3,0,1732,0,0.0,384,2
2.5093577643856406,1.8656249999999999,20,29.849999999999998,16,0,partnership_disguised_sale,1.9560807545979817,2,0.2463,27,3,0,1732,1,0.0625,512,3
2.5801106225699186,2.4918750000000003,20,39.870000000000005,16,0,partnership_disguised_sale,2.7603065967559814,4,0.245,46,3,0,1732,2,0.125,640,4
2.5425022952258587,1.1062499999999997,20,17.699999999999996,16,0,partnership_disguised_sale,0.9273422360420227,1,0.2438,24,3,0,1732,1,0.0625,768,5
2.6266953786835074,-0.1484374999999999,0,-2.3749999999999982,16,0,partnership_disguised_sale,0.018751482168833416,0,0.2426,32,3,0,1732,0,0.0,896,6
2.4456187365576625,-0.13093749999999987,10,-2.094999999999998,16,0,partnership_disguised_sale,0.05455854286750158,2,0.2414,33,3,0,1732,0,0.0,1024,7
2.476982985623181,0.22906250000000028,6,3.6650000000000045,16,0,partnership_disguised_sale,-0.001913343866666158,2,0.2402,37,3,0,1732,0,0.0,1152,8
2.505069311708212,-0.007187500000000064,2,-0.11500000000000102,16,0,partnership_disguised_sale,-0.09288903325796127,1,0.239,25,3,0,1732,0,0.0,1280,9
2.3919674027711153,-0.10843749999999991,0,-1.7349999999999985,16,0,partnership_disguised_sale,-0.1073647861679395,0,0.2378,34,3,0,1732,0,0.0,1408,10
2.3880242416635156,2.5296874999999996,20,40.474999999999994,16,0,partnership_disguised_sale,2.356968720753988,4,0.2366,29,3,0,1732,1,0.0625,1536,11
2.4843753715977073,1.0134375000000004,18,16.215000000000007,16,0,partnership_disguised_sale,1.1638649304707844,1,0.2354,31,3,0,1732,1,0.0625,1664,12
2.4549305234104395,0.26218750000000035,4,4.195000000000006,16,0,partnership_disguised_sale,-0.013656894365946451,2,0.2342,27,3,0,1732,0,0.0,1792,13
2.5749192256480455,0.012499999999999938,2,0.199999999999999,16,0,partnership_disguised_sale,-0.11355309933423996,1,0.2331,29,3,0,1732,0,0.0,1920,14
2.462748361285776,4.745625000000003,20,75.93000000000005,16,0,partnership_disguised_sale,5.59962256749471,4,0.2319,32,3,0,1732,4,0.25,2048,15
2.629418128170073,3.5874999999999995,20,57.39999999999999,16,0,partnership_disguised_sale,4.451737880706787,4,0.2307,24,3,0,1732,3,0.1875,2176,16
2.4411385152488947,2.275624999999999,20,36.40999999999998,16,0,partnership_disguised_sale,2.1142330964406333,3,0.2296,33,3,0,1732,2,0.125,2304,17
2.5036114947870374,1.4865624999999993,18,23.78499999999999,16,0,partnership_disguised_sale,1.3376822074254353,3,0.2284,36,3,0,1732,1,0.0625,2432,18
2.4524967996403575,3.744062499999999,20,59.90499999999999,16,0,partnership_disguised_sale,4.04899263381958,5,0.2273,31,3,0,1732,3,0.1875,2560,19
2.461598294787109,3.020624999999999,20,48.329999999999984,16,0,partnership_disguised_sale,2.1371633211771646,4,0.2262,27,3,0,1732,1,0.0625,2688,20
2.378796205855906,2.3690624999999987,20,37.90499999999998,16,0,partnership_disguised_sale,2.7529139518737793,3,0.225,35,3,0,1732,2,0.125,2816,21
2.5599296055734158,-0.1293749999999999,0,-2.0699999999999985,16,0,partnership_disguised_sale,0.22321783999602,0,0.2239,28,3,0,1732,0,0.0,2944,22
2.572393230162561,1.1078125000000003,20,17.725000000000005,16,0,partnership_disguised_sale,1.473823110262553,1,0.2228,37,3,0,1732,1,0.0625,3072,23
2.462782148271799,-0.14906249999999993,10,-2.384999999999999,16,0,partnership_disguised_sale,0.6336691379547119,3,0.2217,32,3,0,1732,0,0.0,3200,24
2.467018138617277,5.379062500000001,20,86.06500000000001,16,0,partnership_disguised_sale,5.168899377187093,5,0.2206,32,3,0,1732,4,0.25,3328,25
2.557725698687136,2.238437499999997,20,35.814999999999955,16,0,partnership_disguised_sale,2.068157116572062,3,0.2195,30,3,0,1732,2,0.125,3456,26
2.4485918628051877,3.3737499999999985,20,53.979999999999976,16,0,partnership_disguised_sale,3.507143179575602,5,0.2184,33,3,0,1732,3,0.1875,3584,27
2.521952234208584,3.9778124999999993,20,63.64499999999999,16,0,partnership_disguised_sale,3.5864127477010093,5,0.2173,31,3,0,1732,3,0.1875,3712,28
2.4445588756352663,4.011875000000002,20,64.19000000000003,16,0,partnership_disguised_sale,3.0920886198679605,6,0.2162,27,3,0,1732,3,0.1875,3840,29
2.504396580159664,2.7096874999999985,18,43.354999999999976,16,0,partnership_disguised_sale,2.4037679036458335,4,0.2151,35,3,0,1732,2,0.125,3968,30
2.4564479901455343,2.0884374999999977,20,33.414999999999964,16,0,partnership_disguised_sale,1.5911572774251301,5,0.214,26,3,0,1732,1,0.0625,4096,31
2.513719071634114,4.600624999999997,20,73.60999999999996,16,0,partnership_disguised_sale,4.081764221191406,4,0.213,26,3,0,1732,4,0.25,4224,32
2.3762897667475045,2.720937499999998,20,43.53499999999997,16,0,partnership_disguised_sale,2.8910129070281982,6,0.2119,24,3,0,1732,2,0.125,4352,33
2.379245180170983,7.814999999999999,20,125.03999999999998,16,0,partnership_disguised_sale,6.695069313049316,9,0.2108,25,3,0,1732,6,0.375,4480,34
2.327676748856902,5.343437499999995,20,85.49499999999992,16,0,partnership_disguised_sale,4.593651453653972,6,0.2098,29,3,0,1732,4,0.25,4608,35
2.3470526258461177,2.3478124999999994,20,37.56499999999999,16,0,partnership_disguised_sale,2.579274574915568,3,0.2087,37,3,0,1732,2,0.125,4736,36
2.2264393493533134,5.5603125,20,88.965,16,0,partnership_disguised_sale,4.666469891866048,6,0.2077,19,3,0,1732,4,0.25,4864,37
2.2811892083846033,4.834375,20,77.35,16,0,partnership_disguised_sale,4.0201042493184405,8,0.2066,31,3,0,1732,3,0.1875,4992,38
2.337231595767662,5.0887499999999966,20,81.41999999999994,16,0,partnership_disguised_sale,4.358355681101481,7,0.2056,31,3,0,1732,4,0.25,5120,39
2.2346681407652795,6.090624999999999,20,97.44999999999999,16,0,partnership_disguised_sale,5.7244078318278,6,0.2046,28,3,0,1732,5,0.3125,5248,40
2.2908178572542965,2.2284374999999996,20,35.654999999999994,16,0,partnership_disguised_sale,2.563345273335775,3,0.2036,28,3,0,1732,2,0.125,5376,41
2.381735592149198,1.4574999999999987,12,23.31999999999998,16,0,partnership_disguised_sale,1.2314290603001912,5,0.2025,31,3,0,1732,0,0.0,5504,42
2.1182327871210873,5.818823529411764,20,98.91999999999999,17,0,partnership_disguised_sale,5.0900084177653,8,0.2015,26,3,0,1732,5,0.29411764705882354,5632,43
2.2919721007347107,9.184375,20,146.95,16,0,partnership_disguised_sale,7.308423678080241,9,0.2005,20,3,0,1732,7,0.4375,5760,44
2.2828677096404135,6.908529411764706,20,117.445,17,0,partnership_disguised_sale,5.648876667022705,8,0.1995,22,3,0,1732,6,0.35294117647058826,5888,45
2.389341516420245,6.3321875,20,101.315,16,0,partnership_disguised_sale,5.004105726877849,7,0.1985,27,3,0,1732,5,0.3125,6016,46
2.278436505701393,6.202941176470587,20,105.44999999999997,17,0,partnership_disguised_sale,4.77860689163208,6,0.1975,22,3,0,1732,5,0.29411764705882354,6144,47
2.2370384563691914,1.5862499999999986,20,25.379999999999978,16,0,partnership_disguised_sale,2.2177611192067466,4,0.1965,17,3,0,1732,1,0.0625,6272,48
2.2976749492809176,5.081562499999999,20,81.30499999999998,16,0,partnership_disguised_sale,4.0440131823221845,7,0.1956,21,3,0,1732,4,0.25,6400,49
2.349784674588591,6.681176470588236,20,113.58000000000001,17,0,partnership_disguised_sale,5.5239027341206866,8,0.1946,34,3,0,1732,6,0.35294117647058826,6528,50
2.315655605169013,4.8393749999999995,20,77.42999999999999,16,0,partnership_disguised_sale,3.856623808542887,6,0.1936,28,3,0,1732,3,0.1875,6656,51
2.3900122391059995,5.023529411764704,20,85.39999999999996,17,0,partnership_disguised_sale,3.9398042360941568,6,0.1926,21,3,0,1732,4,0.23529411764705882,6784,52
2.3766851844266057,6.944375000000002,20,111.11000000000003,16,0,partnership_disguised_sale,5.675276120503743,6,0.1917,27,3,0,1732,6,0.375,6912,53
2.3354076417163014,3.6146874999999996,20,57.834999999999994,16,0,partnership_disguised_sale,3.698058843612671,4,0.1907,26,3,0,1732,3,0.1875,7040,54
2.3845488438382745,6.33794117647059,20,107.74500000000003,17,0,partnership_disguised_sale,5.042209466298421,9,0.1898,24,3,0,1732,5,0.29411764705882354,7168,55
2.3767656292766333,4.989999999999998,20,79.83999999999997,16,0,partnership_disguised_sale,4.601058006286621,6,0.1888,17,3,0,1732,4,0.25,7296,56
2.2840904644690454,4.9061764705882345,20,83.40499999999999,17,0,partnership_disguised_sale,3.6542144616444907,7,0.1879,24,3,0,1732,4,0.23529411764705882,7424,57
2.295551302842796,10.653055555555556,20,191.755,18,0,partnership_disguised_sale,8.142534255981445,11,0.1869,23,3,0,1732,10,0.5555555555555556,7552,58
2.3501724991947412,5.3209375,20,85.135,16,0,partnership_disguised_sale,4.360180060068767,6,0.186,25,3,0,1732,4,0.25,7680,59
2.278215461410582,3.584687499999999,20,57.35499999999998,16,0,partnership_disguised_sale,3.7325478394826255,4,0.1851,27,3,0,1732,3,0.1875,7808,60
2.361089738085866,5.959999999999996,20,95.35999999999994,16,0,partnership_disguised_sale,5.026516437530518,5,0.1841,29,3,0,1732,5,0.3125,7936,61
2.252931248396635,8.07558823529412,20,137.28500000000003,17,0,partnership_disguised_sale,6.83298905690511,7,0.1832,23,3,0,1732,7,0.4117647058823529,8064,62
2.1646719984710217,10.30088235294118,20,175.11500000000007,17,0,partnership_disguised_sale,8.055149714152018,13,0.1823,16,3,0,1732,9,0.5294117647058824,8192,63
2.141934923827648,6.084062499999998,20,97.34499999999997,16,0,partnership_disguised_sale,5.49049727121989,5,0.1814,27,3,0,1732,5,0.3125,8320,64
1.9692406926769763,10.290294117647061,20,174.93500000000003,17,0,partnership_disguised_sale,8.411502202351889,10,0.1805,22,3,0,1732,9,0.5294117647058824,8448,65
2.0514890803024173,3.4037499999999983,20,54.45999999999997,16,0,partnership_disguised_sale,3.787848154703776,3,0.1796,29,3,0,1732,3,0.1875,8576,66
1.906660713488236,8.5628125,20,137.005,16,0,partnership_disguised_sale,6.920272350311279,7,0.1787,27,3,0,1732,7,0.4375,8704,67
1.6256956458091736,10.281764705882354,20,174.79000000000002,17,0,partnership_disguised_sale,8.218735376993815,9,0.1778,12,3,0,1732,9,0.5294117647058824,8832,68
1.6071863442775793,11.570588235294125,20,196.7000000000001,17,0,partnership_disguised_sale,9.261905670166016,10,0.1769,24,3,0,1732,10,0.5882352941176471,8960,69
1.523992816975806,13.771176470588243,20,234.11000000000013,17,0,partnership_disguised_sale,10.665972073872885,12,0.176,13,3,0,1732,12,0.7058823529411765,9088,70
1.5842670642305166,10.412647058823532,20,177.01500000000004,17,0,partnership_disguised_sale,8.239817301432291,9,0.1751,24,3,0,1732,9,0.5294117647058824,9216,71
1.5581195738632232,11.46294117647059,20,194.87000000000003,17,0,partnership_disguised_sale,8.901041984558105,10,0.1743,26,3,0,1732,10,0.5882352941176471,9344,72
1.3744572931318544,11.561176470588244,20,196.54000000000013,17,0,partnership_disguised_sale,9.262008984883627,10,0.1734,18,3,0,1732,10,0.5882352941176471,9472,73
1.3159813037491404,16.463333333333342,20,296.34000000000015,18,0,partnership_disguised_sale,12.985302925109863,15,0.1725,13,3,0,1732,15,0.8333333333333334,9600,74
1.4469545771717094,11.441176470588243,20,194.5000000000001,17,0,partnership_disguised_sale,9.028287251790365,10,0.1717,20,3,0,1732,10,0.5882352941176471,9728,75
1.641269884974463,7.266874999999999,20,116.26999999999998,16,0,partnership_disguised_sale,6.435025850931804,6,0.1708,28,3,0,1732,6,0.375,9856,76
1.469906383950729,9.195,20,156.315,17,0,partnership_disguised_sale,7.860049406687419,9,0.1699,14,3,0,1732,8,0.47058823529411764,9984,77
1.6548010122496635,11.450882352941179,20,194.66500000000002,17,0,partnership_disguised_sale,9.054330190022787,11,0.1691,16,3,0,1732,10,0.5882352941176471,10112,78
1.813092042459175,8.029705882352937,20,136.50499999999994,17,0,partnership_disguised_sale,6.883996327718099,7,0.1683,24,3,0,1732,7,0.4117647058823529,10240,79
1.7501116277417168,11.562058823529426,20,196.55500000000023,17,0,partnership_disguised_sale,9.19371763865153,10,0.1674,17,3,0,1732,10,0.5882352941176471,10368,80
1.7016629263525829,12.621176470588235,20,214.56,17,0,partnership_disguised_sale,9.905351956685385,11,0.1666,21,3,0,1732,11,0.6470588235294118,10496,81
1.6903284919681028,12.285312500000002,20,196.56500000000003,16,0,partnership_disguised_sale,9.073997815450033,11,0.1657,20,3,0,1732,10,0.625,10624,82
1.7571892021223903,8.528749999999999,20,136.45999999999998,16,0,partnership_disguised_sale,7.058566411336263,7,0.1649,20,3,0,1732,7,0.4375,10752,83
1.9080233346903697,11.428125,20,182.85,16,0,partnership_disguised_sale,8.386717478434244,10,0.1641,21,3,0,1732,9,0.5625,10880,84
1.9194595641456544,5.905312500000001,20,94.48500000000001,16,0,partnership_disguised_sale,5.368686358133952,6,0.1633,27,3,0,1732,5,0.3125,11008,85
1.9214014761382714,10.172187499999998,20,162.75499999999997,16,0,partnership_disguised_sale,7.831288019816081,9,0.1625,18,3,0,1732,8,0.5,11136,86
1.9782254241872579,7.294687499999999,20,116.71499999999999,16,0,partnership_disguised_sale,6.174313386281331,6,0.1616,20,3,0,1732,6,0.375,11264,87
1.80722908815369,14.27676470588236,20,242.70500000000013,17,0,partnership_disguised_sale,10.694958368937174,14,0.1608,22,3,0,1732,12,0.7058823529411765,11392,88
2.047214090824127,4.170312500000002,20,66.72500000000004,16,0,partnership_disguised_sale,3.4704140027364097,5,0.16,24,3,0,1732,3,0.1875,11520,89
1.905890457215719,7.080000000000002,20,113.28000000000003,16,0,partnership_disguised_sale,5.68927001953125,7,0.1592,30,3,0,1732,6,0.375,11648,90
2.1376314169028774,4.9844117647058805,20,84.73499999999997,17,0,partnership_disguised_sale,4.211854457855225,7,0.1584,27,3,0,1732,4,0.23529411764705882,11776,91
1.9578747678315267,12.983235294117648,20,220.715,17,0,partnership_disguised_sale,10.08817450205485,13,0.1576,15,3,0,1732,11,0.6470588235294118,11904,92
2.037688946002163,8.810000000000002,20,140.96000000000004,16,0,partnership_disguised_sale,6.612890402475993,8,0.1569,24,3,0,1732,7,0.4375,12032,93
1.8273992666509002,12.622058823529418,20,214.5750000000001,17,0,partnership_disguised_sale,9.618247032165527,11,0.1561,15,3,0,1732,11,0.6470588235294118,12160,94
1.8176148724742234,9.10147058823529,20,154.72499999999994,17,0,partnership_disguised_sale,7.401504675547282,9,0.1553,17,3,0,1732,8,0.47058823529411764,12288,95
1.8992218852508813,12.648823529411766,20,215.03000000000003,17,0,partnership_disguised_sale,8.981681187947592,13,0.1545,24,3,0,1732,10,0.5882352941176471,12416,96
1.7079579229466617,10.419166666666667,20,187.54500000000002,18,0,partnership_disguised_sale,7.630421320597331,13,0.1537,11,3,0,1732,9,0.5,12544,97
1.7286278413957916,14.769705882352948,20,251.08500000000012,17,0,partnership_disguised_sale,10.970752716064453,14,0.153,17,3,0,1732,13,0.7647058823529411,12672,98
1.6982744143460877,11.346470588235302,20,192.89000000000013,17,0,partnership_disguised_sale,8.796173413594564,10,0.1522,22,3,0,1732,10,0.5882352941176471,12800,99
2.5063583217561245,0.7534374999999992,16,12.054999999999987,16,0,partnership_disguised_sale,0.6638719240824381,1,0.25,33,4,0,1733,0,0.0,128,0
2.6833645487204194,1.3546875000000003,20,21.675000000000004,16,0,partnership_disguised_sale,1.268524408340454,3,0.2487,30,4,0,1733,1,0.0625,256,1
2.6670950446277857,-0.1821874999999998,0,-2.914999999999997,16,0,partnership_disguised_sale,-0.07733558615048726,0,0.2475,25,4,0,1733,0,0.0,384,2
2.5066175470128655,2.824374999999999,20,45.18999999999998,16,0,partnership_disguised_sale,3.0561402638753257,3,0.2463,26,4,0,1733,2,0.125,512,3
2.526175416074693,-0.15124999999999988,2,-2.419999999999998,16,0,partnership_disguised_sale,-0.07582889248927434,1,0.245,24,4,0,1733,0,0.0,640,4
2.537841056473553,-0.16124999999999987,0,-2.579999999999998,16,0,partnership_disguised_sale,-0.09424841900666554,0,0.2438,26,4,0,1733,0,0.0,768,5
2.418664596043527,1.0818750000000004,20,17.310000000000006,16,0,partnership_disguised_sale,1.2001359860102336,2,0.2426,31,4,0,1733,1,0.0625,896,6
2.558839788660407,0.47437499999999977,10,7.589999999999996,16,0,partnership_disguised_sale,0.2979019383589427,4,0.2414,29,4,0,1733,0,0.0,1024,7
2.562628543935716,-0.1399999999999999,2,-2.2399999999999984,16,0,partnership_disguised_sale,-0.10132091740767162,1,0.2402,32,4,0,1733,0,0.0,1152,8
2.4621911123394966,0.00750000000000001,10,0.12000000000000016,16,0,partnership_disguised_sale,-0.03549136221408844,2,0.239,31,4,0,1733,0,0.0,1280,9
2.526143930852413,1.1206250000000002,20,17.930000000000003,16,0,partnership_disguised_sale,1.5467113653818767,2,0.2378,28,4,0,1733,1,0.0625,1408,10
2.608528835698962,1.3790625000000005,18,22.06500000000001,16,0,partnership_disguised_sale,1.021480878194173,2,0.2366,37,4,0,1733,1,0.0625,1536,11
2.494689171202481,1.3890624999999999,10,22.224999999999998,16,0,partnership_disguised_sale,0.7197187344233195,3,0.2354,28,4,0,1733,0,0.0,1664,12
2.4456408051773906,-0.10749999999999987,0,-1.719999999999998,16,0,partnership_disguised_sale,-0.11027605334917705,0,0.2342,32,4,0,1733,0,0.0,1792,13
2.4808079451322556,1.1321875000000006,20,18.11500000000001,16,0,partnership_disguised_sale,1.4243486324946086,2,0.2331,32,4,0,1733,1,0.0625,1920,14
2.4587906654924154,1.5021875,16,24.035,16,0,partnership_disguised_sale,1.2302977244059246,2,0.2319,27,4,0,1733,0,0.0,2048,15
2.454625589773059,1.8781250000000007,20,30.05000000000001,16,0,partnership_disguised_sale,1.7835949659347534,3,0.2307,26,4,0,1733,1,0.0625,2176,16
2.5294040273875,1.1312499999999999,18,18.099999999999998,16,0,partnership_disguised_sale,0.9373834331830343,2,0.2296,27,4,0,1733,1,0.0625,2304,17
2.6171587193384767,0.12531250000000002,2,2.0050000000000003,16,0,partnership_disguised_sale,-0.025837411483128864,2,0.2284,30,4,0,1733,0,0.0,2432,18
2.5198595160618424,2.144062499999999,20,34.304999999999986,16,0,partnership_disguised_sale,1.55160919825236,4,0.2273,25,4,0,1733,1,0.0625,2560,19
2.474598817527294,-0.13812499999999994,0,-2.209999999999999,16,0,partnership_disguised_sale,0.030149949093659718,0,0.2262,23,4,0,1733,0,0.0,2688,20
2.6210523461923003,1.1150000000000002,20,17.840000000000003,16,0,partnership_disguised_sale,1.2386037508646648,2,0.225,32,4,0,1733,1,0.0625,2816,21
2.5756957940757275,1.2399999999999998,18,19.839999999999996,16,0,partnership_disguised_sale,1.1085813442866008,2,0.2239,25,4,0,1733,1,0.0625,2944,22
2.5263320300728083,2.2562499999999996,20,36.099999999999994,16,0,partnership_disguised_sale,2.2473997275034585,4,0.2228,31,4,0,1733,1,0.0625,3072,23
2.49893257021904,2.5087500000000005,18,40.14000000000001,16,0,partnership_disguised_sale,2.0684152444203696,7,0.2217,20,4,0,1733,1,0.0625,3200,24
2.5012128241360188,2.4959374999999997,18,39.934999999999995,16,0,partnership_disguised_sale,1.7938800652821858,3,0.2206,34,4,0,1733,2,0.125,3328,25
2.5404396103695035,1.1375000000000002,10,18.200000000000003,16,0,partnership_disguised_sale,0.51384570201238,2,0.2195,30,4,0,1733,0,0.0,3456,26
2.467495223507285,1.3987500000000008,20,22.380000000000013,16,0,partnership_disguised_sale,1.3124122222264607,3,0.2184,25,4,0,1733,1,0.0625,3584,27
2.587229878641665,-0.12406249999999992,4,-1.9849999999999988,16,0,partnership_disguised_sale,0.15084677934646606,1,0.2173,31,4,0,1733,0,0.0,3712,28
2.566077352501452,5.000312499999997,20,80.00499999999995,16,0,partnership_disguised_sale,4.348656972249349,8,0.2162,26,4,0,1733,3,0.1875,3840,29
2.4598932415246964,2.867812499999999,18,45.884999999999984,16,0,partnership_disguised_sale,2.600084145863851,4,0.2151,24,4,0,1733,2,0.125,3968,30
2.504094358533621,4.119374999999998,20,65.90999999999997,16,0,partnership_disguised_sale,4.054899533589681,4,0.214,27,4,0,1733,3,0.1875,4096,31
2.439672911539674,2.533437499999999,20,40.53499999999998,16,0,partnership_disguised_sale,2.294541676839193,3,0.213,28,4,0,1733,2,0.125,4224,32
2.4129203809425235,2.3987499999999993,20,38.37999999999999,16,0,partnership_disguised_sale,2.3957658608754477,3,0.2119,33,4,0,1733,2,0.125,4352,33
2.6121641555801034,-0.12718749999999987,2,-2.034999999999998,16,0,partnership_disguised_sale,0.3305732011795044,2,0.2108,28,4,0,1733,0,0.0,4480,34
2.429132593795657,3.4906249999999983,20,55.84999999999997,16,0,partnership_disguised_sale,3.6181727250417075,3,0.2098,22,4,0,1733,3,0.1875,4608,35
2.464431958273053,2.266249999999999,20,36.259999999999984,16,0,partnership_disguised_sale,2.502216180165609,4,0.2087,24,4,0,1733,2,0.125,4736,36
2.5807983558624983,0.9981250000000004,18,15.970000000000006,16,0,partnership_disguised_sale,1.0135612487792969,1,0.2077,27,4,0,1733,1,0.0625,4864,37
2.5871292697265744,-0.14312499999999995,0,-2.289999999999999,16,0,partnership_disguised_sale,0.2452766646941503,0,0.2066,24,4,0,1733,0,0.0,4992,38
2.6187789160758257,3.6124999999999994,20,57.79999999999999,16,0,partnership_disguised_sale,3.6736644903818765,4,0.2056,23,4,0,1733,3,0.1875,5120,39
2.544263812713325,1.9831249999999991,18,31.729999999999986,16,0,partnership_disguised_sale,1.9546720584233601,3,0.2046,21,4,0,1733,1,0.0625,5248,40
2.4579273583367467,0.5190624999999996,10,8.304999999999994,16,0,partnership_disguised_sale,0.40629048148790997,1,0.2036,22,4,0,1733,0,0.0,5376,41
2.6581267034634948,2.369062499999999,20,37.90499999999999,16,0,partnership_disguised_sale,2.015822172164917,6,0.2025,27,4,0,1733,1,0.0625,5504,42
2.3887268668040633,3.880312500000001,20,62.085000000000015,16,0,partnership_disguised_sale,3.806504408518473,4,0.2015,28,4,0,1733,3,0.1875,5632,43
2.5118841035291553,2.5990624999999974,20,41.58499999999996,16,0,partnership_disguised_sale,2.062267462412516,5,0.2005,25,4,0,1733,1,0.0625,5760,44
2.5603134157136083,3.361874999999998,20,53.78999999999997,16,0,partnership_disguised_sale,3.164771874745687,3,0.1995,30,4,0,1733,3,0.1875,5888,45
2.539576008915901,2.4790624999999973,20,39.66499999999996,16,0,partnership_disguised_sale,2.4660610357920327,4,0.1985,29,4,0,1733,2,0.125,6016,46
2.5489816665649414,5.60970588235294,20,95.36499999999998,17,0,partnership_disguised_sale,4.607819080352783,6,0.1975,31,4,0,1733,5,0.29411764705882354,6144,47
2.506864477880299,1.3724999999999994,12,21.95999999999999,16,0,partnership_disguised_sale,0.9436221520105997,3,0.1965,23,4,0,1733,0,0.0,6272,48
2.518886457197368,0.013124999999999932,2,0.2099999999999989,16,0,partnership_disguised_sale,0.37058474620183307,1,0.1956,30,4,0,1733,0,0.0,6400,49
2.472255140542984,4.004374999999999,20,64.06999999999998,16,0,partnership_disguised_sale,3.6339430809020996,5,0.1946,22,4,0,1733,3,0.1875,6528,50
2.5422926042228937,2.755625,20,44.09,16,0,partnership_disguised_sale,2.3253333568573,3,0.1936,22,4,0,1733,2,0.125,6656,51
2.6531833047047257,2.119374999999999,18,33.90999999999998,16,0,partnership_disguised_sale,2.7656009991963706,4,0.1926,27,4,0,1733,2,0.125,6784,52
2.579939420334995,5.740625,20,91.85,16,0,partnership_disguised_sale,5.004436333974202,6,0.1917,24,4,0,1733,5,0.3125,6912,53
2.504344256594777,2.6218749999999993,20,41.94999999999999,16,0,partnership_disguised_sale,2.5175747076670327,5,0.1907,26,4,0,1733,2,0.125,7040,54
2.4975684033706784,3.494374999999998,20,55.90999999999997,16,0,partnership_disguised_sale,3.410282929738363,3,0.1898,32,4,0,1733,3,0.1875,7168,55
2.478563131764531,4.364411764705881,20,74.19499999999998,17,0,partnership_disguised_sale,3.569485823313395,4,0.1888,18,4,0,1733,4,0.23529411764705882,7296,56
2.503493101336062,2.3893749999999985,20,38.229999999999976,16,0,partnership_disguised_sale,2.49591064453125,2,0.1879,27,4,0,1733,2,0.125,7424,57
2.4609858598560095,1.2446875000000008,18,19.915000000000013,16,0,partnership_disguised_sale,1.3266669909159343,3,0.1869,27,4,0,1733,1,0.0625,7552,58
2.457685220055282,3.7612499999999978,20,60.179999999999964,16,0,partnership_disguised_sale,3.1804451942443848,4,0.186,18,4,0,1733,3,0.1875,7680,59
2.4806315694004297,3.4896875,20,55.835,16,0,partnership_disguised_sale,2.5160981019337973,6,0.1851,20,4,0,1733,2,0.125,7808,60
2.294399205595255,5.1559375,20,82.495,16,0,partnership_disguised_sale,4.446326891581218,9,0.1841,22,4,0,1733,4,0.25,7936,61
2.22284795390442,-0.11906249999999985,10,-1.9049999999999976,16,0,partnership_disguised_sale,0.6785524686177572,1,0.1832,25,4,0,1733,0,0.0,8064,62
2.211790957953781,3.8659375,20,61.855,16,0,partnership_disguised_sale,2.641486088434855,8,0.1823,21,4,0,1733,2,0.125,8192,63
2.1368046421557665,5.7773529411764715,20,98.21500000000002,17,0,partnership_disguised_sale,4.523636182149251,8,0.1814,20,4,0,1733,5,0.29411764705882354,8320,64
2.194410334341228,2.3781249999999994,20,38.04999999999999,16,0,partnership_disguised_sale,3.114341894785563,6,0.1805,19,4,0,1733,2,0.125,8448,65
2.1670624357648194,5.870294117647059,20,99.795,17,0,partnership_disguised_sale,5.319727738698323,8,0.1796,22,4,0,1733,5,0.29411764705882354,8576,66
2.0732007031328976,7.7284375,20,123.655,16,0,partnership_disguised_sale,6.016481240590413,9,0.1787,24,4,0,1733,6,0.375,8704,67
2.11608971003443,8.339117647058822,20,141.765,17,0,partnership_disguised_sale,6.811557610829671,13,0.1778,21,4,0,1733,6,0.35294117647058826,8832,68
2.0748321108985692,7.715937500000003,20,123.45500000000004,16,0,partnership_disguised_sale,5.4039967854817705,9,0.1769,26,4,0,1733,5,0.3125,8960,69
1.9478028986486606,11.729411764705885,20,199.40000000000003,17,0,partnership_disguised_sale,9.634936968485514,13,0.176,20,4,0,1733,10,0.5882352941176471,9088,70
2.0293021058896556,9.458333333333334,20,170.25,18,0,partnership_disguised_sale,7.17877181371053,10,0.1751,23,4,0,1733,8,0.4444444444444444,9216,71
2.079113573417999,6.770294117647058,20,115.09499999999998,17,0,partnership_disguised_sale,5.897746404012044,6,0.1743,21,4,0,1733,6,0.35294117647058826,9344,72
2.092819234356284,7.042941176470588,20,119.73,17,0,partnership_disguised_sale,6.090938409169515,11,0.1734,22,4,0,1733,6,0.35294117647058826,9472,73
1.8575462001026608,3.5896874999999993,20,57.43499999999999,16,0,partnership_disguised_sale,2.9709388415018716,4,0.1725,28,4,0,1733,2,0.125,9600,74
2.0427235956303775,8.324999999999998,20,149.84999999999997,18,0,partnership_disguised_sale,6.249807039896647,12,0.1717,26,4,0,1733,7,0.3888888888888889,9728,75
1.969793365278747,7.529722222222219,20,135.53499999999994,18,0,partnership_disguised_sale,6.320916175842285,8,0.1708,30,4,0,1733,7,0.3888888888888889,9856,76
2.098544774344191,10.898611111111116,20,196.17500000000007,18,0,partnership_disguised_sale,7.812309900919597,13,0.1699,28,4,0,1733,9,0.5,9984,77
2.033372280187905,11.933250000000003,20,238.66500000000005,20,0,partnership_disguised_sale,9.258997281392416,12,0.1691,18,4,0,1733,12,0.6,10112,78
2.126223129685968,9.137222222222228,20,164.47000000000008,18,0,partnership_disguised_sale,6.3342353502909345,9,0.1683,27,4,0,1733,8,0.4444444444444444,10240,79
2.199508167337626,10.773055555555556,20,193.91500000000002,18,0,partnership_disguised_sale,8.250102996826172,11,0.1674,17,4,0,1733,10,0.5555555555555556,10368,80
2.1761066850740463,7.026764705882352,20,119.45499999999998,17,0,partnership_disguised_sale,5.854976336161296,7,0.1666,20,4,0,1733,6,0.35294117647058826,10496,81
2.2386159794405103,7.66138888888889,20,137.90500000000003,18,0,partnership_disguised_sale,4.607495625813802,13,0.1657,21,4,0,1733,6,0.3333333333333333,10624,82
2.0113808817695826,8.436111111111115,20,151.85000000000008,18,0,partnership_disguised_sale,6.476405779520671,8,0.1649,24,4,0,1733,8,0.4444444444444444,10752,83
2.1497219777666032,10.107058823529417,20,171.8200000000001,17,0,partnership_disguised_sale,7.996063073476155,11,0.1641,20,4,0,1733,9,0.5294117647058824,10880,84
2.2632989143021405,6.810882352941176,20,115.785,17,0,partnership_disguised_sale,5.5153476397196455,7,0.1633,25,4,0,1733,6,0.35294117647058826,11008,85
2.174368635751307,7.56805555555556,20,136.22500000000008,18,0,partnership_disguised_sale,6.142770608266194,7,0.1625,21,4,0,1733,7,0.3888888888888889,11136,86
2.1048854226246476,8.221562499999997,20,131.54499999999996,16,0,partnership_disguised_sale,6.147952556610107,7,0.1616,22,4,0,1733,7,0.4375,11264,87
2.1079274020157754,5.948529411764704,20,101.12499999999997,17,0,partnership_disguised_sale,4.896481513977051,8,0.1608,15,4,0,1733,5,0.29411764705882354,11392,88
2.0456615884322673,8.638055555555553,20,155.48499999999996,18,0,partnership_disguised_sale,6.737581094106038,9,0.16,21,4,0,1733,8,0.4444444444444444,11520,89
1.7764034586725757,13.202500000000002,20,237.64500000000004,18,0,partnership_disguised_sale,10.23422940572103,14,0.1592,14,4,0,1733,12,0.6666666666666666,11648,90
1.838358694280032,15.265526315789486,20,290.04500000000024,19,0,partnership_disguised_sale,12.259902318318685,16,0.1584,20,4,0,1733,15,0.7894736842105263,11776,91
1.7967533003538847,13.217777777777787,20,237.92000000000016,18,0,partnership_disguised_sale,9.152937571207682,15,0.1576,23,4,0,1733,12,0.6666666666666666,11904,92
1.683595443260856,12.43605263157896,20,236.28500000000025,19,0,partnership_disguised_sale,9.264819463094076,13,0.1569,13,4,0,1733,12,0.631578947368421,12032,93
1.7610835299710743,9.019166666666672,20,162.3450000000001,18,0,partnership_disguised_sale,6.197970867156982,10,0.1561,26,4,0,1733,8,0.4444444444444444,12160,94
1.6980039170302916,11.223888888888888,20,202.03,18,0,partnership_disguised_sale,8.211462020874023,13,0.1553,21,4,0,1733,10,0.5555555555555556,12288,95
1.6125263587164227,13.587750000000018,20,271.75500000000034,20,0,partnership_disguised_sale,10.488825162251791,14,0.1545,15,4,0,1733,14,0.7,12416,96
1.6782779498025775,13.3571052631579,20,253.78500000000008,19,0,partnership_disguised_sale,10.301155090332031,14,0.1537,14,4,0,1733,13,0.6842105263157895,12544,97
1.7230660498898942,14.51325000000001,20,290.2650000000002,20,0,partnership_disguised_sale,11.10312557220459,16,0.153,22,4,0,1733,15,0.75,12672,98
1.7932550514815375,14.016500000000011,20,280.3300000000002,20,0,partnership_disguised_sale,10.095691680908203,15,0.1522,29,4,0,1733,14,0.7,12800,99
2.5557492515072227,-0.13374999999999992,0,-2.139999999999999,16,0,partnership_disguised_sale,-0.13106347372134527,0,0.25,31,5,0,1734,0,0.0,128,0
2.6073550824075937,1.5818750000000001,10,25.310000000000002,16,0,partnership_disguised_sale,0.9005785584449768,4,0.2487,35,5,0,1734,0,0.0,256,1
2.4734532134607434,-0.12499999999999993,0,-1.999999999999999,16,0,partnership_disguised_sale,-0.12706059714158377,0,0.2475,37,5,0,1734,0,0.0,384,2
2.6121948584914207,-0.1496874999999999,0,-2.3949999999999982,16,0,partnership_disguised_sale,-0.1226566731929779,0,0.2463,27,5,0,1734,0,0.0,512,3
2.446957517415285,0.6343749999999996,12,10.149999999999993,16,0,partnership_disguised_sale,0.28037789463996887,2,0.245,41,5,0,1734,0,0.0,640,4
2.517627658788115,1.6231249999999997,20,25.969999999999995,16,0,partnership_disguised_sale,1.6783773104349773,2,0.2438,30,5,0,1734,1,0.0625,768,5
2.527977262623608,2.255624999999999,20,36.08999999999998,16,0,partnership_disguised_sale,2.538792451222738,2,0.2426,32,5,0,1734,2,0.125,896,6
2.5295656519010663,0.4762500000000001,10,7.620000000000002,16,0,partnership_disguised_sale,0.26267194747924805,1,0.2414,36,5,0,1734,0,0.0,1024,7
2.4414893770590425,0.5093749999999992,10,8.149999999999988,16,0,partnership_disguised_sale,0.2604125539461772,1,0.2402,19,5,0,1734,0,0.0,1152,8
2.3969155149534345,0.5340625,10,8.545,16,0,partnership_disguised_sale,0.27514301737149555,1,0.239,34,5,0,1734,0,0.0,1280,9
2.3584792967885733,-0.11093749999999997,0,-1.7749999999999995,16,0,partnership_disguised_sale,-0.08454506347576778,0,0.2378,30,5,0,1734,0,0.0,1408,10
2.6439407216385007,1.6159375000000002,20,25.855000000000004,16,0,partnership_disguised_sale,1.6084982951482136,2,0.2366,26,5,0,1734,1,0.0625,1536,11
2.4553033243864775,1.1215625000000005,20,17.945000000000007,16,0,partnership_disguised_sale,1.2457159757614136,1,0.2354,22,5,0,1734,1,0.0625,1664,12
2.410579397343099,1.012499999999999,18,16.199999999999985,16,0,partnership_disguised_sale,1.0713036855061848,1,0.2342,32,5,0,1734,1,0.0625,1792,13
2.5042161997407675,-0.09249999999999993,12,-1.4799999999999989,16,0,partnership_disguised_sale,0.08404607574145,1,0.2331,29,5,0,1734,0,0.0,1920,14
2.4658141508698463,3.5125,20,56.2,16,0,partnership_disguised_sale,3.1742709477742515,7,0.2319,24,5,0,1734,2,0.125,2048,15
2.315290056169033,1.1465624999999995,18,18.34499999999999,16,0,partnership_disguised_sale,0.8636385401089987,2,0.2307,28,5,0,1734,1,0.0625,2176,16
2.405938637442887,1.2593749999999997,18,20.149999999999995,16,0,partnership_disguised_sale,1.139533559481303,2,0.2296,34,5,0,1734,1,0.0625,2304,17
2.460664921440184,1.1581250000000003,20,18.530000000000005,16,0,partnership_disguised_sale,1.1385629177093506,3,0.2284,26,5,0,1734,1,0.0625,2432,18
2.4177559837698936,0.013437500000000052,2,0.21500000000000083,16,0,partnership_disguised_sale,-0.026020795106887817,1,0.2273,32,5,0,1734,0,0.0,2560,19
2.4112532380968332,1.7737499999999997,20,28.379999999999995,16,0,partnership_disguised_sale,1.8061901728312175,3,0.2262,27,5,0,1734,1,0.0625,2688,20
2.5372960614040494,2.505625000000001,20,40.09000000000002,16,0,partnership_disguised_sale,1.956408421198527,4,0.225,29,5,0,1734,1,0.0625,2816,21
2.4684627931565046,1.5225000000000006,18,24.36000000000001,16,0,partnership_disguised_sale,1.3878485759099324,5,0.2239,29,5,0,1734,1,0.0625,2944,22
2.4006579187698662,2.389999999999999,18,38.23999999999998,16,0,partnership_disguised_sale,2.502915382385254,7,0.2228,26,5,0,1734,2,0.125,3072,23
2.460560721810907,1.1512499999999988,10,18.41999999999998,16,0,partnership_disguised_sale,0.606293777624766,3,0.2217,40,5,0,1734,0,0.0,3200,24
2.5592388873919845,1.8628125,18,29.805,16,0,partnership_disguised_sale,1.6192213694254558,5,0.2206,31,5,0,1734,1,0.0625,3328,25
2.4416229352355003,0.8803124999999994,16,14.08499999999999,16,0,partnership_disguised_sale,1.0384811560312908,3,0.2195,29,5,0,1734,0,0.0,3456,26
2.3529808381572366,-0.10125000000000008,10,-1.6200000000000012,16,0,partnership_disguised_sale,0.16093858083089194,2,0.2184,33,5,0,1734,0,0.0,3584,27
2.4363729637116194,1.6425000000000003,20,26.280000000000005,16,0,partnership_disguised_sale,1.9737995862960815,5,0.2173,29,5,0,1734,1,0.0625,3712,28
2.3565540574491024,1.7787500000000005,18,28.460000000000008,16,0,partnership_disguised_sale,1.3280574480692546,3,0.2162,32,5,0,1734,1,0.0625,3840,29
2.4286411330103874,0.021874999999999936,2,0.349999999999999,16,0,partnership_disguised_sale,-0.05317159245411555,2,0.2151,22,5,0,1734,0,0.0,3968,30
2.3450286015868187,1.2859374999999997,18,20.574999999999996,16,0,partnership_disguised_sale,0.9732862313588461,6,0.214,31,5,0,1734,1,0.0625,4096,31
2.375378178432584,4.2746875000000015,18,68.39500000000002,16,0,partnership_disguised_sale,2.860582113265991,8,0.213,28,5,0,1734,2,0.125,4224,32
2.3825139896944165,1.2556250000000004,20,20.090000000000007,16,0,partnership_disguised_sale,1.035076896349589,2,0.2119,35,5,0,1734,1,0.0625,4352,33
2.3566613914445043,1.6440625,18,26.305,16,0,partnership_disguised_sale,1.269154946009318,2,0.2108,28,5,0,1734,1,0.0625,4480,34
2.553899141959846,2.102812499999999,20,33.64499999999998,16,0,partnership_disguised_sale,1.7863741318384807,5,0.2098,24,5,0,1734,1,0.0625,4608,35
2.3979827258735895,-0.10999999999999992,2,-1.7599999999999987,16,0,partnership_disguised_sale,0.07695114364226659,2,0.2087,22,5,0,1734,0,0.0,4736,36
2.4311562068760395,3.242187499999999,20,51.874999999999986,16,0,partnership_disguised_sale,2.4368155797322593,7,0.2077,27,5,0,1734,2,0.125,4864,37
2.278208858333528,3.0090624999999993,18,48.14499999999999,16,0,partnership_disguised_sale,1.8886204560597737,7,0.2066,22,5,0,1734,1,0.0625,4992,38
2.4262156393378973,3.7682352941176482,20,64.06000000000002,17,0,partnership_disguised_sale,2.2202146848042807,8,0.2056,26,5,0,1734,2,0.11764705882352941,5120,39
2.3410445917397738,6.017499999999999,20,96.27999999999999,16,0,partnership_disguised_sale,4.605085531870524,9,0.2046,19,5,0,1734,4,0.25,5248,40
2.255745162256062,2.5209374999999987,20,40.33499999999998,16,0,partnership_disguised_sale,2.4913602670033774,4,0.2036,29,5,0,1734,2,0.125,5376,41
2.311684563755989,4.753750000000002,20,76.06000000000003,16,0,partnership_disguised_sale,3.8524203300476074,8,0.2025,18,5,0,1734,4,0.25,5504,42
2.2844890020787716,4.8928125,20,78.285,16,0,partnership_disguised_sale,3.788981835047404,10,0.2015,28,5,0,1734,3,0.1875,5632,43
2.2168928049504757,2.64,20,42.24,16,0,partnership_disguised_sale,2.3430256843566895,6,0.2005,20,5,0,1734,2,0.125,5760,44
2.25303942989558,6.7220588235294105,20,114.27499999999998,17,0,partnership_disguised_sale,5.394497394561768,8,0.1995,27,5,0,1734,5,0.29411764705882354,5888,45
2.3073263689875603,6.866874999999999,20,109.86999999999999,16,0,partnership_disguised_sale,4.974995930989583,10,0.1985,25,5,0,1734,4,0.25,6016,46
2.3290822501294315,4.528749999999996,20,72.45999999999994,16,0,partnership_disguised_sale,3.3809353510538735,8,0.1975,31,5,0,1734,3,0.1875,6144,47
2.1793899894692004,4.474687499999998,20,71.59499999999997,16,0,partnership_disguised_sale,4.15000041325887,6,0.1965,19,5,0,1734,3,0.1875,6272,48
2.263999759219587,0.9768749999999995,18,15.629999999999992,16,0,partnership_disguised_sale,2.05073618888855,3,0.1956,28,5,0,1734,1,0.0625,6400,49
2.3368881894275546,4.019117647058824,20,68.325,17,0,partnership_disguised_sale,3.3581058979034424,6,0.1946,33,5,0,1734,3,0.17647058823529413,6528,50
2.2952677686698735,7.3653125,20,117.845,16,0,partnership_disguised_sale,5.825764497121175,8,0.1936,21,5,0,1734,5,0.3125,6656,51
2.306088381446898,3.775312499999999,20,60.40499999999999,16,0,partnership_disguised_sale,2.6230448881785073,6,0.1926,18,5,0,1734,2,0.125,6784,52
2.158350148703903,1.2678125000000013,20,20.28500000000002,16,0,partnership_disguised_sale,1.8430958986282349,3,0.1917,21,5,0,1734,1,0.0625,6912,53
2.2482612365856767,2.8975,20,46.36,16,0,partnership_disguised_sale,2.502135435740153,3,0.1907,25,5,0,1734,2,0.125,7040,54
2.226220225682482,3.4915625000000006,20,55.86500000000001,16,0,partnership_disguised_sale,2.5991262594858804,6,0.1898,31,5,0,1734,2,0.125,7168,55
2.216508347541094,4.717941176470588,20,80.205,17,0,partnership_disguised_sale,3.7754457791646323,6,0.1888,21,5,0,1734,4,0.23529411764705882,7296,56
2.276283133774996,1.8678124999999999,20,29.884999999999998,16,0,partnership_disguised_sale,1.9283580780029297,4,0.1879,29,5,0,1734,1,0.0625,7424,57
2.2104759286157787,6.2688235294117645,20,106.57,17,0,partnership_disguised_sale,3.9185047149658203,11,0.1869,22,5,0,1734,4,0.23529411764705882,7552,58
2.126243593171239,5.692941176470586,20,96.77999999999996,17,0,partnership_disguised_sale,4.318546772003174,11,0.186,20,5,0,1734,4,0.23529411764705882,7680,59
2.1401377459988,6.971470588235297,20,118.51500000000004,17,0,partnership_disguised_sale,4.528331279754639,8,0.1851,20,5,0,1734,5,0.29411764705882354,7808,60
2.149125481955707,5.812941176470587,20,98.81999999999998,17,0,partnership_disguised_sale,4.834169228871663,5,0.1841,26,5,0,1734,5,0.29411764705882354,7936,61
2.037484385073185,4.393437499999997,20,70.29499999999996,16,0,partnership_disguised_sale,3.0544255574544272,5,0.1832,21,5,0,1734,2,0.125,8064,62
2.056105579249561,4.787187499999998,20,76.59499999999997,16,0,partnership_disguised_sale,3.8210962613423667,7,0.1823,22,5,0,1734,3,0.1875,8192,63
2.0554206827655435,4.252499999999998,20,68.03999999999996,16,0,partnership_disguised_sale,3.1912430127461753,6,0.1814,24,5,0,1734,3,0.1875,8320,64
2.074619773309678,4.118749999999995,20,65.89999999999992,16,0,partnership_disguised_sale,3.910398085912069,7,0.1805,31,5,0,1734,3,0.1875,8448,65
2.087695585563779,7.662352941176473,20,130.26000000000005,17,0,partnership_disguised_sale,6.146755536397298,9,0.1796,18,5,0,1734,7,0.4117647058823529,8576,66
2.2257856791839004,6.696470588235292,20,113.83999999999996,17,0,partnership_disguised_sale,5.426788806915283,8,0.1787,20,5,0,1734,5,0.29411764705882354,8704,67
2.1971385662909597,6.922647058823531,20,117.68500000000003,17,0,partnership_disguised_sale,5.2844923337300616,11,0.1778,20,5,0,1734,5,0.29411764705882354,8832,68
2.2515683597885072,6.363529411764704,20,108.17999999999996,17,0,partnership_disguised_sale,5.124748071034749,10,0.1769,19,5,0,1734,5,0.29411764705882354,8960,69
2.237427628133446,7.988125000000002,20,127.81000000000003,16,0,partnership_disguised_sale,5.993246555328369,7,0.176,27,5,0,1734,6,0.375,9088,70
2.130768810166046,8.923235294117646,20,151.695,17,0,partnership_disguised_sale,7.013757864634196,11,0.1751,29,5,0,1734,7,0.4117647058823529,9216,71
2.1353781847283244,7.3088235294117645,20,124.25,17,0,partnership_disguised_sale,5.2533955574035645,7,0.1743,24,5,0,1734,6,0.35294117647058826,9344,72
2.123798364540562,9.154411764705888,20,155.62500000000009,17,0,partnership_disguised_sale,5.840519746144612,12,0.1734,15,5,0,1734,7,0.4117647058823529,9472,73
2.1610050483141094,6.456176470588236,20,109.75500000000001,17,0,partnership_disguised_sale,4.677523930867513,9,0.1725,23,5,0,1734,5,0.29411764705882354,9600,74
2.0771663426421583,9.14735294117647,20,155.505,17,0,partnership_disguised_sale,7.1795549392700195,8,0.1717,22,5,0,1734,8,0.47058823529411764,9728,75
2.0659921639598906,9.024705882352942,20,153.42000000000002,17,0,partnership_disguised_sale,6.730144182840983,11,0.1708,24,5,0,1734,7,0.4117647058823529,9856,76
2.0174440413247794,11.98111111111111,20,215.65999999999997,18,0,partnership_disguised_sale,9.29737663269043,13,0.1699,25,5,0,1734,10,0.5555555555555556,9984,77
1.9475225559435785,10.334705882352948,20,175.6900000000001,17,0,partnership_disguised_sale,7.296909332275391,10,0.1691,19,5,0,1734,8,0.47058823529411764,10112,78
1.8573392517864704,12.566388888888902,20,226.19500000000022,18,0,partnership_disguised_sale,9.025025685628256,13,0.1683,21,5,0,1734,11,0.6111111111111112,10240,79
1.7118394036078826,13.647777777777787,20,245.66000000000017,18,0,partnership_disguised_sale,9.29637622833252,16,0.1674,18,5,0,1734,11,0.6111111111111112,10368,80
1.6928072497830726,10.08823529411765,20,171.50000000000006,17,0,partnership_disguised_sale,6.9127875963846845,11,0.1666,20,5,0,1734,8,0.47058823529411764,10496,81
1.6513304371619597,6.700588235294118,20,113.91000000000001,17,0,partnership_disguised_sale,5.2176618576049805,8,0.1657,19,5,0,1734,6,0.35294117647058826,10624,82
1.483987923071254,13.463947368421064,20,255.8150000000002,19,0,partnership_disguised_sale,10.582416852315268,13,0.1649,14,5,0,1734,13,0.6842105263157895,10752,83
1.6166583187878132,11.472631578947377,20,217.98000000000016,19,0,partnership_disguised_sale,8.603072166442871,11,0.1641,17,5,0,1734,11,0.5789473684210527,10880,84
1.5400122080463916,12.91825000000001,20,258.3650000000002,20,0,partnership_disguised_sale,10.190218925476074,15,0.1633,21,5,0,1734,13,0.65,11008,85
1.5465160579187796,10.442777777777794,20,187.97000000000028,18,0,partnership_disguised_sale,8.031803766886393,10,0.1625,24,5,0,1734,9,0.5,11136,86
1.621970010921359,12.470000000000002,20,224.46000000000004,18,0,partnership_disguised_sale,9.139941533406576,13,0.1616,28,5,0,1734,11,0.6111111111111112,11264,87
1.6956827826797962,13.50842105263159,20,256.6600000000002,19,0,partnership_disguised_sale,10.115397135416666,14,0.1608,28,5,0,1734,13,0.6842105263157895,11392,88
1.3131967522203922,15.420000000000016,20,339.24000000000035,22,0,partnership_disguised_sale,11.623688062032064,18,0.16,12,5,0,1734,17,0.7727272727272727,11520,89
1.3960346234962344,16.428250000000013,20,328.5650000000002,20,0,partnership_disguised_sale,12.240797360738119,18,0.1592,20,5,0,1734,16,0.8,11648,90
1.389042624272406,10.776842105263166,20,204.76000000000016,19,0,partnership_disguised_sale,7.8048930168151855,15,0.1584,24,5,0,1734,10,0.5263157894736842,11776,91
1.2761476959276479,15.901578947368433,20,302.1300000000002,19,0,partnership_disguised_sale,10.61844285329183,18,0.1576,22,5,0,1734,14,0.7368421052631579,11904,92
1.1664668857993092,17.326739130434795,20,398.5150000000003,23,0,partnership_disguised_sale,14.299041112263998,20,0.1569,18,5,0,1734,20,0.8695652173913043,12032,93
1.225620346609503,16.020476190476206,20,336.4300000000003,21,0,partnership_disguised_sale,12.627457618713379,18,0.1561,20,5,0,1734,17,0.8095238095238095,12160,94
1.2866248254431412,14.727500000000006,20,294.5500000000001,20,0,partnership_disguised_sale,10.85283629099528,19,0.1553,17,5,0,1734,15,0.75,12288,95
1.2080297478241846,16.03318181818183,20,352.73000000000025,22,0,partnership_disguised_sale,12.205985387166342,19,0.1545,18,5,0,1734,17,0.7727272727272727,12416,96
1.3574550884077325,12.340750000000007,20,246.81500000000014,20,0,partnership_disguised_sale,9.006778081258139,14,0.1537,20,5,0,1734,12,0.6,12544,97
1.1572150368592702,11.946428571428575,20,250.87500000000009,21,0,partnership_disguised_sale,9.124870936075846,19,0.153,14,5,0,1734,12,0.5714285714285714,12672,98
1.1316926636209246,17.59159090909092,20,387.01500000000027,22,0,partnership_disguised_sale,13.25970427195231,20,0.1522,17,5,0,1734,19,0.8636363636363636,12800,99
2.599623274989426,-0.12906249999999986,10,-2.0649999999999977,16,0,partnership_disguised_sale,0.1375295122464498,2,0.25,37,6,0,1735,0,0.0,128,0
2.614043800160289,0.5990624999999993,10,9.584999999999988,16,0,partnership_disguised_sale,0.342292845249176,2,0.2487,23,6,0,1735,0,0.0,256,1
2.659776051528752,0.36031250000000026,10,5.765000000000004,16,0,partnership_disguised_sale,0.07301363845666249,3,0.2475,28,6,0,1735,0,0.0,384,2
2.565746983513236,1.1193750000000002,18,17.910000000000004,16,0,partnership_disguised_sale,0.71504012743632,2,0.2463,31,6,0,1735,1,0.0625,512,3
2.4850311409682035,0.1281250000000002,4,2.0500000000000034,16,0,partnership_disguised_sale,-0.04647559175888697,1,0.245,28,6,0,1735,0,0.0,640,4
2.5045224241912365,-0.008124999999999879,2,-0.12999999999999806,16,0,partnership_disguised_sale,-0.08564098924398422,1,0.2438,34,6,0,1735,0,0.0,768,5
2.3912150422111154,1.7750000000000004,18,28.400000000000006,16,0,partnership_disguised_sale,1.4972496032714844,3,0.2426,27,6,0,1735,1,0.0625,896,6
2.449574625585228,1.7390624999999997,20,27.824999999999996,16,0,partnership_disguised_sale,2.002830386161804,3,0.2414,44,6,0,1735,1,0.0625,1024,7
2.5659219240769744,-0.004062499999999918,2,-0.06499999999999868,16,0,partnership_disguised_sale,-0.10124025742212932,1,0.2402,30,6,0,1735,0,0.0,1152,8
2.4352599252015352,1.0075000000000005,18,16.120000000000008,16,0,partnership_disguised_sale,1.145743767420451,2,0.239,29,6,0,1735,1,0.0625,1280,9
2.5407741591334343,1.0034375000000004,10,16.055000000000007,16,0,partnership_disguised_sale,0.6347731749216715,5,0.2378,23,6,0,1735,0,0.0,1408,10
2.4379887748509645,0.006874999999999987,2,0.10999999999999979,16,0,partnership_disguised_sale,-0.0805012658238411,1,0.2366,41,6,0,1735,0,0.0,1536,11
2.4219741364941,1.1662500000000007,18,18.66000000000001,16,0,partnership_disguised_sale,1.0859384536743164,3,0.2354,32,6,0,1735,1,0.0625,1664,12
2.4870950868353248,0.23312500000000008,8,3.7300000000000013,16,0,partnership_disguised_sale,0.027601706484953564,1,0.2342,30,6,0,1735,0,0.0,1792,13
2.5597509248182178,2.7421875,20,43.875,16,0,partnership_disguised_sale,2.430283228556315,3,0.2331,23,6,0,1735,2,0.125,1920,14
2.4967723935842514,-0.12531249999999997,10,-2.0049999999999994,16,0,partnership_disguised_sale,-0.019496301809946697,2,0.2319,39,6,0,1735,0,0.0,2048,15
2.5023363828659058,3.6184374999999998,20,57.894999999999996,16,0,partnership_disguised_sale,3.7295215924580893,4,0.2307,32,6,0,1735,2,0.125,2176,16
2.437104234471917,-0.12187499999999991,0,-1.9499999999999986,16,0,partnership_disguised_sale,-0.09977771838506062,0,0.2296,25,6,0,1735,0,0.0,2304,17
2.468997864983976,1.7556249999999993,20,28.08999999999999,16,0,partnership_disguised_sale,1.575178861618042,2,0.2284,31,6,0,1735,1,0.0625,2432,18
2.5002891970798373,1.1265625000000004,18,18.025000000000006,16,0,partnership_disguised_sale,1.173975984255473,4,0.2273,32,6,0,1735,1,0.0625,2560,19
2.441595953889191,-0.12000000000000005,10,-1.9200000000000008,16,0,partnership_disguised_sale,0.11194271594285965,1,0.2262,23,6,0,1735,0,0.0,2688,20
2.4611559975892305,3.1246874999999994,20,49.99499999999999,16,0,partnership_disguised_sale,3.0148438612620034,5,0.225,23,6,0,1735,2,0.125,2816,21
2.418727277778089,0.6290624999999997,10,10.064999999999996,16,0,partnership_disguised_sale,0.29462461670239765,2,0.2239,29,6,0,1735,0,0.0,2944,22
2.413906844332814,-0.13031249999999991,2,-2.0849999999999986,16,0,partnership_disguised_sale,-0.04978606104850769,1,0.2228,23,6,0,1735,0,0.0,3072,23
2.4645809531211853,2.3715625,20,37.945,16,0,partnership_disguised_sale,2.5963175296783447,3,0.2217,24,6,0,1735,2,0.125,3200,24
2.558773801662028,0.7687499999999996,10,12.299999999999994,16,0,partnership_disguised_sale,0.33732369542121887,5,0.2206,27,6,0,1735,0,0.0,3328,25
2.5646917708218098,1.5890625000000007,16,25.42500000000001,16,0,partnership_disguised_sale,1.0263636112213135,5,0.2195,21,6,0,1735,0,0.0,3456,26
2.47786723729223,0.7328124999999999,12,11.724999999999998,16,0,partnership_disguised_sale,0.4384834071000417,3,0.2184,30,6,0,1735,0,0.0,3584,27
2.4623460732400417,2.101249999999999,20,33.61999999999998,16,0,partnership_disguised_sale,2.2869593302408853,3,0.2173,23,6,0,1735,1,0.0625,3712,28
2.559897850267589,5.523235294117645,20,93.89499999999995,17,0,partnership_disguised_sale,5.3076701164245605,6,0.2162,23,6,0,1735,4,0.23529411764705882,3840,29
2.488966640084982,1.2534374999999993,12,20.05499999999999,16,0,partnership_disguised_sale,0.8963950077692667,4,0.2151,18,6,0,1735,0,0.0,3968,30
2.482751580886543,2.249375,18,35.99,16,0,partnership_disguised_sale,2.233485698699951,3,0.214,26,6,0,1735,2,0.125,4096,31
2.4620403070002794,1.7349999999999992,18,27.759999999999987,16,0,partnership_disguised_sale,1.498868505160014,3,0.213,32,6,0,1735,1,0.0625,4224,32
2.517949721775949,4.472187499999999,20,71.55499999999998,16,0,partnership_disguised_sale,3.7595396836598716,6,0.2119,28,6,0,1735,3,0.1875,4352,33
2.47054175240919,1.2518750000000007,20,20.030000000000012,16,0,partnership_disguised_sale,1.5194772084554036,3,0.2108,29,6,0,1735,1,0.0625,4480,34
2.5375339621677995,3.6418749999999998,20,58.269999999999996,16,0,partnership_disguised_sale,3.2057628631591797,4,0.2098,30,6,0,1735,3,0.1875,4608,35
2.4333853479474783,2.77625,18,44.42,16,0,partnership_disguised_sale,2.361067851384481,3,0.2087,29,6,0,1735,2,0.125,4736,36
2.5163476560264826,1.365,20,21.84,16,0,partnership_disguised_sale,1.5648172696431477,4,0.2077,31,6,0,1735,1,0.0625,4864,37
2.469461211003363,1.1306249999999998,20,18.089999999999996,16,0,partnership_disguised_sale,1.3726307551066081,1,0.2066,23,6,0,1735,1,0.0625,4992,38
2.4277928369119763,2.0009374999999987,20,32.01499999999998,16,0,partnership_disguised_sale,1.6634471813837688,4,0.2056,21,6,0,1735,1,0.0625,5120,39
2.4217391861602664,-0.10937499999999997,0,-1.7499999999999996,16,0,partnership_disguised_sale,0.14595457911491394,0,0.2046,23,6,0,1735,0,0.0,5248,40
2.3847022876143456,2.5050000000000003,20,40.080000000000005,16,0,partnership_disguised_sale,2.301679770151774,5,0.2036,27,6,0,1735,2,0.125,5376,41
2.5212750360369682,3.375937499999999,20,54.014999999999986,16,0,partnership_disguised_sale,2.9745296637217202,4,0.2025,33,6,0,1735,2,0.125,5504,42
2.471098991576582,2.2571875000000006,20,36.11500000000001,16,0,partnership_disguised_sale,2.2867520650227866,2,0.2015,28,6,0,1735,2,0.125,5632,43
2.5458519030362368,0.48031250000000003,12,7.6850000000000005,16,0,partnership_disguised_sale,0.28396377960840863,3,0.2005,25,6,0,1735,0,0.0,5760,44
2.4510100036859512,2.1275000000000013,20,34.04000000000002,16,0,partnership_disguised_sale,1.6447066466013591,3,0.1995,22,6,0,1735,1,0.0625,5888,45
2.5292602200061083,1.2493750000000008,10,19.990000000000013,16,0,partnership_disguised_sale,0.6812863945960999,3,0.1985,30,6,0,1735,0,0.0,6016,46
2.578403958119452,4.0874999999999995,20,65.39999999999999,16,0,partnership_disguised_sale,4.046010494232178,4,0.1975,25,6,0,1735,3,0.1875,6144,47
2.4731080662459135,1.6128125000000004,18,25.805000000000007,16,0,partnership_disguised_sale,1.7269576787948608,4,0.1965,27,6,0,1735,1,0.0625,6272,48
2.4838759237900376,0.09781250000000004,2,1.5650000000000006,16,0,partnership_disguised_sale,0.13731900850931802,2,0.1956,30,6,0,1735,0,0.0,6400,49
2.557956458069384,2.2340625,20,35.745,16,0,partnership_disguised_sale,2.3283208211263022,2,0.1946,25,6,0,1735,2,0.125,6528,50
2.5198557106778026,3.4790624999999977,20,55.664999999999964,16,0,partnership_disguised_sale,2.7404367129007974,7,0.1936,27,6,0,1735,1,0.0625,6656,51
2.578865815885365,2.468749999999999,18,39.499999999999986,16,0,partnership_disguised_sale,1.5972100098927815,5,0.1926,25,6,0,1735,1,0.0625,6784,52
2.48930611461401,0.1118750000000002,10,1.7900000000000031,16,0,partnership_disguised_sale,0.23486731946468353,3,0.1917,25,6,0,1735,0,0.0,6912,53
2.560439430642873,1.1096875,16,17.755,16,0,partnership_disguised_sale,1.0319152275721233,3,0.1907,21,6,0,1735,0,0.0,7040,54
2.470547371543944,4.110000000000001,20,65.76000000000002,16,0,partnership_disguised_sale,4.095690886179606,4,0.1898,20,6,0,1735,3,0.1875,7168,55
2.498619213234633,5.6444117647058825,20,95.955,17,0,partnership_disguised_sale,5.13107426961263,7,0.1888,26,6,0,1735,5,0.29411764705882354,7296,56
2.488292124122381,6.45764705882353,20,109.78,17,0,partnership_disguised_sale,5.472709973653157,9,0.1879,27,6,0,1735,5,0.29411764705882354,7424,57
2.3916072053834796,2.2340625000000007,18,35.74500000000001,16,0,partnership_disguised_sale,1.8125259478886921,5,0.1869,30,6,0,1735,1,0.0625,7552,58
2.46643620217219,1.7503125,18,28.005,16,0,partnership_disguised_sale,1.4618912140528362,4,0.186,32,6,0,1735,1,0.0625,7680,59
2.469237550161779,1.3887500000000004,20,22.220000000000006,16,0,partnership_disguised_sale,1.1629148721694946,3,0.1851,30,6,0,1735,1,0.0625,7808,60
2.500764545518905,4.118437500000001,20,65.89500000000001,16,0,partnership_disguised_sale,3.7179983456929526,5,0.1841,21,6,0,1735,2,0.125,7936,61
2.4249176923185587,2.146249999999999,18,34.33999999999998,16,0,partnership_disguised_sale,1.917803208033244,3,0.1832,26,6,0,1735,2,0.125,8064,62
2.40060041192919,-0.00031249999999999356,2,-0.004999999999999897,16,0,partnership_disguised_sale,0.2448807954788208,2,0.1823,20,6,0,1735,0,0.0,8192,63
2.4002752881497145,2.2449999999999983,20,35.91999999999997,16,0,partnership_disguised_sale,1.9778483708699544,2,0.1814,21,6,0,1735,2,0.125,8320,64
2.410933766514063,0.5128124999999998,10,8.204999999999997,16,0,partnership_disguised_sale,0.4229880968729655,4,0.1805,18,6,0,1735,0,0.0,8448,65
2.368554061278701,4.028124999999999,20,64.44999999999999,16,0,partnership_disguised_sale,3.2574503421783447,8,0.1796,33,6,0,1735,3,0.1875,8576,66
2.3586639119312167,7.2387500000000005,20,115.82000000000001,16,0,partnership_disguised_sale,7.253714561462402,9,0.1787,31,6,0,1735,6,0.375,8704,67
2.4034808529540896,2.4728124999999994,20,39.56499999999999,16,0,partnership_disguised_sale,2.8434309164683023,5,0.1778,21,6,0,1735,2,0.125,8832,68
2.465573061257601,4.6961764705882345,20,79.83499999999998,17,0,partnership_disguised_sale,3.4279720783233643,8,0.1769,21,6,0,1735,3,0.17647058823529413,8960,69
2.321470900438726,5.1293750000000005,20,82.07000000000001,16,0,partnership_disguised_sale,4.8490668932596845,8,0.176,16,6,0,1735,3,0.1875,9088,70
2.408034812193364,5.5311764705882345,20,94.02999999999999,17,0,partnership_disguised_sale,5.251761436462402,6,0.1751,19,6,0,1735,5,0.29411764705882354,9216,71
2.3343631140887737,1.7562499999999994,18,28.09999999999999,16,0,partnership_disguised_sale,1.4870861768722534,4,0.1743,16,6,0,1735,1,0.0625,9344,72
2.2694497820921242,6.8749999999999964,20,109.99999999999994,16,0,partnership_disguised_sale,5.690085252126058,8,0.1734,18,6,0,1735,5,0.3125,9472,73
2.2772854194045067,7.347777777777775,20,132.25999999999996,18,0,partnership_disguised_sale,6.120002905527751,8,0.1725,30,6,0,1735,7,0.3888888888888889,9600,74
2.220005326438695,3.37125,20,53.94,16,0,partnership_disguised_sale,3.491163492202759,5,0.1717,23,6,0,1735,3,0.1875,9728,75
2.242147115059197,7.32722222222222,20,131.88999999999996,18,0,partnership_disguised_sale,5.637942949930827,8,0.1708,20,6,0,1735,7,0.3888888888888889,9856,76
2.3044301527552307,4.2415625,20,67.865,16,0,partnership_disguised_sale,3.0673081080118814,7,0.1699,22,6,0,1735,2,0.125,9984,77
2.2116164974868298,5.2503125000000015,20,84.00500000000002,16,0,partnership_disguised_sale,4.17894713083903,7,0.1691,16,6,0,1735,4,0.25,10112,78
2.2386093018576503,2.997187499999999,20,47.954999999999984,16,0,partnership_disguised_sale,3.2151715755462646,9,0.1683,19,6,0,1735,2,0.125,10240,79
2.1268433877266943,7.018750000000001,20,112.30000000000001,16,0,partnership_disguised_sale,5.432296593983968,9,0.1674,20,6,0,1735,5,0.3125,10368,80
2.1702046296559274,8.363529411764702,20,142.17999999999992,17,0,partnership_disguised_sale,5.865499496459961,9,0.1666,23,6,0,1735,7,0.4117647058823529,10496,81
2.0635027149692178,6.854117647058821,20,116.51999999999997,17,0,partnership_disguised_sale,4.671285311381022,14,0.1657,22,6,0,1735,5,0.29411764705882354,10624,82
2.2115156687796116,8.348235294117648,20,141.92000000000002,17,0,partnership_disguised_sale,6.407758712768555,9,0.1649,24,6,0,1735,7,0.4117647058823529,10752,83
2.057006455026567,4.750312499999999,20,76.00499999999998,16,0,partnership_disguised_sale,4.247543652852376,5,0.1641,25,6,0,1735,4,0.25,10880,84
1.9755003531463444,10.309444444444447,20,185.57000000000005,18,0,partnership_disguised_sale,7.842549165089925,10,0.1633,21,6,0,1735,9,0.5,11008,85
1.9845345730427653,7.985294117647057,20,135.74999999999997,17,0,partnership_disguised_sale,6.3743313153584795,11,0.1625,17,6,0,1735,7,0.4117647058823529,11136,86
1.9289645452518016,7.13676470588235,20,121.32499999999996,17,0,partnership_disguised_sale,5.603535493214925,8,0.1616,19,6,0,1735,6,0.35294117647058826,11264,87
2.0698648248799145,12.895000000000001,20,219.21500000000003,17,0,partnership_disguised_sale,9.260615348815918,13,0.1608,19,6,0,1735,11,0.6470588235294118,11392,88
1.9666446822229773,7.864117647058828,20,133.69000000000008,17,0,partnership_disguised_sale,5.492706934611003,9,0.16,24,6,0,1735,7,0.4117647058823529,11520,89
2.064741524634883,3.6134374999999985,20,57.814999999999976,16,0,partnership_disguised_sale,3.837855577468872,3,0.1592,22,6,0,1735,3,0.1875,11648,90
2.1002003187313676,5.837187500000002,20,93.39500000000004,16,0,partnership_disguised_sale,4.925947984059651,6,0.1584,17,6,0,1735,5,0.3125,11776,91
2.018449796596542,7.82264705882353,20,132.985,17,0,partnership_disguised_sale,6.009692192077637,9,0.1576,20,6,0,1735,7,0.4117647058823529,11904,92
1.9323517200537026,7.032941176470588,20,119.55999999999999,17,0,partnership_disguised_sale,5.307251930236816,8,0.1569,21,6,0,1735,6,0.35294117647058826,12032,93
1.9370491912122816,7.833823529411768,20,133.17500000000007,17,0,partnership_disguised_sale,6.3997782071431475,8,0.1561,22,6,0,1735,7,0.4117647058823529,12160,94
1.9178404497215524,11.959411764705893,20,203.31000000000017,17,0,partnership_disguised_sale,8.690400759379068,11,0.1553,22,6,0,1735,10,0.5882352941176471,12288,95
1.7776701698312536,11.487352941176475,20,195.28500000000008,17,0,partnership_disguised_sale,9.179912249247232,11,0.1545,16,6,0,1735,10,0.5882352941176471,12416,96
1.7002531259786338,10.949444444444447,20,197.09000000000006,18,0,partnership_disguised_sale,9.097752571105957,12,0.1537,17,6,0,1735,10,0.5555555555555556,12544,97
1.7563233726541512,8.562187500000006,20,136.9950000000001,16,0,partnership_disguised_sale,5.992360432942708,12,0.153,17,6,0,1735,6,0.375,12672,98
1.6098299661534838,15.274444444444457,20,274.9400000000002,18,0,partnership_disguised_sale,12.31067180633545,15,0.1522,24,6,0,1735,14,0.7777777777777778,12800,99
2.592547381296754,2.2253125000000002,18,35.605000000000004,16,0,partnership_disguised_sale,1.9354747931162517,3,0.25,27,7,0,1736,1,0.0625,128,0
2.743765569292009,-0.17531249999999987,10,-2.804999999999998,16,0,partnership_disguised_sale,0.06014828383922577,1,0.2487,34,7,0,1736,0,0.0,256,1
2.626094034872949,-0.15749999999999992,0,-2.5199999999999987,16,0,partnership_disguised_sale,-0.11572624494632085,0,0.2475,32,7,0,1736,0,0.0,384,2
2.6377636613324285,2.8537499999999993,20,45.65999999999999,16,0,partnership_disguised_sale,3.125236431757609,3,0.2463,27,7,0,1736,2,0.125,512,3
2.625044328160584,0.48374999999999935,10,7.7399999999999896,16,0,partnership_disguised_sale,0.34821832180023193,2,0.245,28,7,0,1736,0,0.0,640,4
2.544214479159564,1.1099999999999992,18,17.759999999999987,16,0,partnership_disguised_sale,1.192583441734314,3,0.2438,25,7,0,1736,1,0.0625,768,5
2.584492706693709,0.9731250000000004,10,15.570000000000006,16,0,partnership_disguised_sale,0.43145522475242615,2,0.2426,38,7,0,1736,0,0.0,896,6
2.5502691427245736,0.3750000000000001,8,6.000000000000002,16,0,partnership_disguised_sale,0.1172259549299876,1,0.2414,34,7,0,1736,0,0.0,1024,7
2.480816388502717,4.272499999999994,20,68.3599999999999,16,0,partnership_disguised_sale,3.331868886947632,5,0.2402,27,7,0,1736,2,0.125,1152,8
2.5025741709396243,-0.11593749999999989,0,-1.8549999999999982,16,0,partnership_disguised_sale,-0.0672632430990537,0,0.239,35,7,0,1736,0,0.0,1280,9
2.4984140153974295,2.2653124999999985,18,36.244999999999976,16,0,partnership_disguised_sale,1.8987667957941692,3,0.2378,26,7,0,1736,1,0.0625,1408,10
2.5050893975421786,2.3568749999999987,20,37.70999999999998,16,0,partnership_disguised_sale,2.8026676972707114,2,0.2366,42,7,0,1736,2,0.125,1536,11
2.60549421235919,2.965624999999997,20,47.44999999999995,16,0,partnership_disguised_sale,2.4773641427357993,4,0.2354,31,7,0,1736,2,0.125,1664,12
2.4985741330310702,3.7550000000000003,20,60.080000000000005,16,0,partnership_disguised_sale,3.787721872329712,4,0.2342,26,7,0,1736,3,0.1875,1792,13
2.511814041994512,0.1225000000000003,4,1.9600000000000048,16,0,partnership_disguised_sale,0.10739745944738388,2,0.2331,31,7,0,1736,0,0.0,1920,14
2.5250792535953224,0.23437500000000036,6,3.7500000000000058,16,0,partnership_disguised_sale,0.20052134493986765,2,0.2319,34,7,0,1736,0,0.0,2048,15
2.5466149114072323,5.236249999999999,20,83.77999999999999,16,0,partnership_disguised_sale,4.197969277699788,8,0.2307,24,7,0,1736,3,0.1875,2176,16
2.427275899797678,0.6203124999999989,12,9.924999999999983,16,0,partnership_disguised_sale,0.5274146596590678,1,0.2296,35,7,0,1736,0,0.0,2304,17
2.419058097526431,4.742187499999999,20,75.87499999999999,16,0,partnership_disguised_sale,4.952066580454509,4,0.2284,35,7,0,1736,4,0.25,2432,18
2.5198068590834737,2.631875,18,42.11,16,0,partnership_disguised_sale,1.9394588470458984,6,0.2273,21,7,0,1736,1,0.0625,2560,19
2.5763631761074066,0.10812500000000008,2,1.7300000000000013,16,0,partnership_disguised_sale,0.14848088721434274,2,0.2262,33,7,0,1736,0,0.0,2688,20
2.552014551125467,3.507187499999996,20,56.11499999999994,16,0,partnership_disguised_sale,3.0161851247151694,4,0.225,42,7,0,1736,3,0.1875,2816,21
2.502064635977149,2.129687499999999,16,34.07499999999998,16,0,partnership_disguised_sale,0.798173725605011,5,0.2239,24,7,0,1736,0,0.0,2944,22
2.5905664628371596,2.366249999999999,16,37.859999999999985,16,0,partnership_disguised_sale,1.7738879124323528,6,0.2228,30,7,0,1736,0,0.0,3072,23
2.402615699917078,1.6231250000000002,18,25.970000000000002,16,0,partnership_disguised_sale,1.5472070773442586,4,0.2217,22,7,0,1736,1,0.0625,3200,24
2.465844294987619,2.3584375,20,37.735,16,0,partnership_disguised_sale,2.6469382445017495,4,0.2206,30,7,0,1736,2,0.125,3328,25
2.4766223207116127,1.1240625000000009,20,17.985000000000014,16,0,partnership_disguised_sale,1.4941195249557495,1,0.2195,35,7,0,1736,1,0.0625,3456,26
2.539567658677697,0.9846874999999996,18,15.754999999999994,16,0,partnership_disguised_sale,1.2565356492996216,3,0.2184,28,7,0,1736,1,0.0625,3584,27
2.522169924341142,5.727500000000002,20,91.64000000000003,16,0,partnership_disguised_sale,5.986257553100586,6,0.2173,26,7,0,1736,5,0.3125,3712,28
2.5710067795589566,1.5821875,20,25.315,16,0,partnership_disguised_sale,1.3489490350087483,6,0.2162,28,7,0,1736,1,0.0625,3840,29
2.431008890271187,2.483437499999999,20,39.734999999999985,16,0,partnership_disguised_sale,2.548672596613566,3,0.2151,30,7,0,1736,2,0.125,3968,30
2.5708834128454328,4.32,20,73.44,17,0,partnership_disguised_sale,4.175698439280192,5,0.214,31,7,0,1736,4,0.23529411764705882,4096,31
2.454860429279506,3.965937499999999,20,63.454999999999984,16,0,partnership_disguised_sale,3.70190159479777,5,0.213,29,7,0,1736,3,0.1875,4224,32
2.5085098426789045,2.3468749999999976,20,37.54999999999996,16,0,partnership_disguised_sale,2.485670487085978,3,0.2119,22,7,0,1736,2,0.125,4352,33
2.524601347744465,4.3387499999999966,20,69.41999999999994,16,0,partnership_disguised_sale,4.120638370513916,8,0.2108,23,7,0,1736,3,0.1875,4480,34
2.553359798155725,3.481249999999997,20,55.69999999999995,16,0,partnership_disguised_sale,3.662646532058716,7,0.2098,20,7,0,1736,3,0.1875,4608,35
2.5100990794599056,3.3571874999999967,20,53.71499999999995,16,0,partnership_disguised_sale,2.9055777390797934,4,0.2087,32,7,0,1736,2,0.125,4736,36
2.5100105749443173,2.350625,20,37.61,16,0,partnership_disguised_sale,2.4802280267079673,4,0.2077,32,7,0,1736,2,0.125,4864,37
2.4204892739653587,3.9687499999999982,20,63.49999999999997,16,0,partnership_disguised_sale,3.796554962793986,7,0.2066,29,7,0,1736,3,0.1875,4992,38
2.469590718857944,4.442812499999996,20,71.08499999999994,16,0,partnership_disguised_sale,3.54821769396464,6,0.2056,32,7,0,1736,3,0.1875,5120,39
2.466923509724438,7.410882352941177,20,125.985,17,0,partnership_disguised_sale,5.6020588874816895,7,0.2046,20,7,0,1736,6,0.35294117647058826,5248,40
2.3095660721883178,4.3375,20,69.4,16,0,partnership_disguised_sale,3.2973056634267173,7,0.2036,22,7,0,1736,3,0.1875,5376,41
2.4096702290698886,1.6974999999999985,20,27.159999999999975,16,0,partnership_disguised_sale,2.055350144704183,4,0.2025,25,7,0,1736,1,0.0625,5504,42
2.2855490688234568,10.174117647058825,20,172.96000000000004,17,0,partnership_disguised_sale,8.43338934580485,10,0.2015,22,7,0,1736,9,0.5294117647058824,5632,43
2.3041387237608433,4.925624999999999,20,78.80999999999999,16,0,partnership_disguised_sale,4.229427973429362,7,0.2005,29,7,0,1736,3,0.1875,5760,44
2.307185493875295,6.178125000000003,20,98.85000000000005,16,0,partnership_disguised_sale,5.424708366394043,6,0.1995,27,7,0,1736,5,0.3125,5888,45
2.3815435338765383,5.696249999999999,20,91.13999999999999,16,0,partnership_disguised_sale,4.599508603413899,6,0.1985,24,7,0,1736,4,0.25,6016,46
2.320338945835829,4.456874999999999,20,71.30999999999999,16,0,partnership_disguised_sale,3.4357059001922607,6,0.1975,30,7,0,1736,3,0.1875,6144,47
2.3118210514076054,4.573124999999999,20,73.16999999999999,16,0,partnership_disguised_sale,3.466533899307251,5,0.1965,21,7,0,1736,2,0.125,6272,48
2.1463749897666276,7.1915625000000025,20,115.06500000000004,16,0,partnership_disguised_sale,5.001542727152507,10,0.1956,24,7,0,1736,4,0.25,6400,49
2.2860353605356067,4.801875000000001,20,76.83000000000001,16,0,partnership_disguised_sale,3.295844237009684,8,0.1946,27,7,0,1736,3,0.1875,6528,50
2.1979597103782,7.067500000000001,20,113.08000000000001,16,0,partnership_disguised_sale,5.909069220225017,7,0.1936,18,7,0,1736,6,0.375,6656,51
2.0044704005122185,5.304062500000001,20,84.86500000000001,16,0,partnership_disguised_sale,4.520486831665039,5,0.1926,32,7,0,1736,4,0.25,6784,52
2.1065154862590134,6.314705882352942,20,107.35000000000001,17,0,partnership_disguised_sale,5.517832438151042,8,0.1917,23,7,0,1736,5,0.29411764705882354,6912,53
2.206318856216967,4.454117647058822,20,75.71999999999997,17,0,partnership_disguised_sale,4.134427070617676,4,0.1907,26,7,0,1736,4,0.23529411764705882,7040,54
2.170418460853398,5.761176470588235,20,97.94,17,0,partnership_disguised_sale,4.621590296427409,8,0.1898,22,7,0,1736,5,0.29411764705882354,7168,55
2.164251146838069,5.774117647058824,20,98.16000000000001,17,0,partnership_disguised_sale,4.517356713612874,6,0.1888,33,7,0,1736,5,0.29411764705882354,7296,56
1.9291955998633057,6.487499999999998,20,103.79999999999997,16,0,partnership_disguised_sale,4.740301926930745,7,0.1879,19,7,0,1736,5,0.3125,7424,57
2.0121146393939853,6.815000000000001,20,115.85500000000002,17,0,partnership_disguised_sale,5.7050472895304365,6,0.1869,17,7,0,1736,6,0.35294117647058826,7552,58
2.130487999645993,3.8658823529411745,20,65.71999999999997,17,0,partnership_disguised_sale,3.1920265356699624,9,0.186,16,7,0,1736,3,0.17647058823529413,7680,59
2.078191986074671,4.861562499999998,20,77.78499999999997,16,0,partnership_disguised_sale,4.216408411661784,4,0.1851,26,7,0,1736,4,0.25,7808,60
2.085445064585656,7.228750000000001,20,115.66000000000001,16,0,partnership_disguised_sale,5.665921847025554,9,0.1841,18,7,0,1736,5,0.3125,7936,61
1.9884680332615972,6.816470588235293,20,115.87999999999998,17,0,partnership_disguised_sale,5.715472062428792,10,0.1832,21,7,0,1736,6,0.35294117647058826,8064,62
2.0506261573173106,7.458124999999998,20,119.32999999999997,16,0,partnership_disguised_sale,5.93147071202596,10,0.1823,21,7,0,1736,6,0.375,8192,63
1.898195295012556,9.194062500000003,20,147.10500000000005,16,0,partnership_disguised_sale,7.093865553538005,9,0.1814,20,7,0,1736,7,0.4375,8320,64
2.0335505170514807,8.784999999999998,20,149.34499999999997,17,0,partnership_disguised_sale,6.57351541519165,9,0.1805,23,7,0,1736,7,0.4117647058823529,8448,65
2.0494478158652782,4.099375,20,65.59,16,0,partnership_disguised_sale,3.7855549653371177,5,0.1796,33,7,0,1736,3,0.1875,8576,66
1.9564756687032059,6.6582352941176435,20,113.18999999999994,17,0,partnership_disguised_sale,5.566186587015788,6,0.1787,27,7,0,1736,6,0.35294117647058826,8704,67
1.8023586887866259,9.755555555555558,20,175.60000000000005,18,0,partnership_disguised_sale,7.558861255645752,9,0.1778,19,7,0,1736,9,0.5,8832,68
2.0297748441807926,4.7231250000000005,20,75.57000000000001,16,0,partnership_disguised_sale,4.010674635569255,5,0.1769,26,7,0,1736,4,0.25,8960,69
1.965033861109987,10.346764705882359,20,175.8950000000001,17,0,partnership_disguised_sale,8.057716369628906,9,0.176,27,7,0,1736,9,0.5294117647058824,9088,70
2.0087464754469693,8.671176470588236,20,147.41,17,0,partnership_disguised_sale,6.639999071756999,8,0.1751,20,7,0,1736,7,0.4117647058823529,9216,71
1.8757869626861066,7.277352941176467,20,123.71499999999995,17,0,partnership_disguised_sale,5.840706666310628,10,0.1743,14,7,0,1736,6,0.35294117647058826,9344,72
2.002680065575987,9.560833333333342,20,172.09500000000014,18,0,partnership_disguised_sale,6.9576694170633955,9,0.1734,29,7,0,1736,9,0.5,9472,73
1.867636697483249,10.445588235294125,20,177.57500000000013,17,0,partnership_disguised_sale,8.133478482564291,10,0.1725,25,7,0,1736,9,0.5294117647058824,9600,74
1.8583190374774858,9.158235294117654,20,155.6900000000001,17,0,partnership_disguised_sale,7.416086355845134,10,0.1717,20,7,0,1736,8,0.47058823529411764,9728,75
1.987512617430184,15.180750000000009,20,303.6150000000002,20,0,partnership_disguised_sale,12.17225456237793,17,0.1708,28,7,0,1736,15,0.75,9856,76
1.7198133522178978,12.110277777777785,20,217.98500000000013,18,0,partnership_disguised_sale,8.956834475199381,13,0.1699,21,7,0,1736,10,0.5555555555555556,9984,77
1.8111195489764214,10.89277777777778,20,196.07000000000005,18,0,partnership_disguised_sale,8.191622416178385,10,0.1691,24,7,0,1736,10,0.5555555555555556,10112,78
1.8182835653424263,13.177368421052638,20,250.37000000000012,19,0,partnership_disguised_sale,9.576078414916992,14,0.1683,18,7,0,1736,13,0.6842105263157895,10240,79
1.8550673404242843,4.662647058823527,20,79.26499999999996,17,0,partnership_disguised_sale,4.354585647583008,5,0.1674,30,7,0,1736,4,0.23529411764705882,10368,80
1.655360417731572,14.51736842105264,20,275.83000000000015,19,0,partnership_disguised_sale,11.06848112742106,14,0.1666,21,7,0,1736,14,0.7368421052631579,10496,81
1.4816814842633903,13.677368421052634,20,259.87000000000006,19,0,partnership_disguised_sale,10.332544962565104,15,0.1657,22,7,0,1736,13,0.6842105263157895,10624,82
1.3878521942533553,13.466052631578952,20,255.8550000000001,19,0,partnership_disguised_sale,10.392139752705893,14,0.1649,14,7,0,1736,13,0.6842105263157895,10752,83
1.4800663453061134,14.534736842105282,20,276.16000000000037,19,0,partnership_disguised_sale,11.087261517842611,15,0.1641,21,7,0,1736,14,0.7368421052631579,10880,84
1.368813537832466,15.04473684210528,20,285.8500000000003,19,0,partnership_disguised_sale,10.961201667785645,15,0.1633,22,7,0,1736,14,0.7368421052631579,11008,85
1.4848833608266432,14.521578947368425,20,275.9100000000001,19,0,partnership_disguised_sale,10.824372927347818,14,0.1625,24,7,0,1736,14,0.7368421052631579,11136,86
1.5478293032647343,9.743888888888895,20,175.3900000000001,18,0,partnership_disguised_sale,7.961972713470459,11,0.1616,25,7,0,1736,9,0.5,11264,87
1.4852905388834188,16.28775000000001,20,325.7550000000002,20,0,partnership_disguised_sale,12.653422673543295,17,0.1608,24,7,0,1736,16,0.8,11392,88
1.3287235323223285,16.08166666666669,20,337.7150000000005,21,0,partnership_disguised_sale,12.965680440266928,17,0.16,20,7,0,1736,17,0.8095238095238095,11520,89
1.2868603642564267,13.803000000000011,20,276.06000000000023,20,0,partnership_disguised_sale,10.868613560994467,17,0.1592,18,7,0,1736,14,0.7,11648,90
1.2613874665694311,16.652045454545465,20,366.34500000000025,22,0,partnership_disguised_sale,12.92595100402832,19,0.1584,19,7,0,1736,18,0.8181818181818182,11776,91
1.2565997652418446,15.999250000000021,20,319.9850000000004,20,0,partnership_disguised_sale,12.594091097513834,17,0.1576,17,7,0,1736,16,0.8,11904,92
1.1046470307046548,17.109090909090927,20,376.40000000000043,22,0,partnership_disguised_sale,13.724322636922201,21,0.1569,10,7,0,1736,19,0.8636363636363636,12032,93
1.4703605608519865,13.67815789473685,20,259.88500000000016,19,0,partnership_disguised_sale,9.841592152913412,14,0.1561,25,7,0,1736,13,0.6842105263157895,12160,94
1.2872150054754457,15.504000000000008,20,310.08000000000015,20,0,partnership_disguised_sale,11.875632603963217,17,0.1553,18,7,0,1736,15,0.75,12288,95
1.356086646206677,15.294772727272738,20,336.48500000000024,22,0,partnership_disguised_sale,12.00418217976888,18,0.1545,22,7,0,1736,17,0.7727272727272727,12416,96
1.188756701303646,16.57613636363638,20,364.67500000000035,22,0,partnership_disguised_sale,12.500069618225098,19,0.1537,16,7,0,1736,18,0.8181818181818182,12544,97
1.2088411395670846,18.542608695652195,20,426.4800000000005,23,0,partnership_disguised_sale,14.479706764221191,23,0.153,15,7,0,1736,21,0.9130434782608695,12672,98
1.238146381918341,17.01386363636366,20,374.3050000000005,22,0,partnership_disguised_sale,13.558198928833008,20,0.1522,16,7,0,1736,19,0.8636363636363636,12800,99
2.516629104502499,-0.12531249999999994,0,-2.004999999999999,16,0,partnership_disguised_sale,-0.1250974958141645,0,0.25,32,8,0,1737,0,0.0,128,0
2.500762838870287,-0.1609374999999999,0,-2.5749999999999984,16,0,partnership_disguised_sale,-0.13126541177431741,0,0.2487,23,8,0,1737,0,0.0,256,1
2.6057178704068065,1.3546875000000005,12,21.675000000000008,16,0,partnership_disguised_sale,0.9105697870254517,3,0.2475,34,8,0,1737,0,0.0,384,2
2.420667876023799,1.1249999999999993,18,17.99999999999999,16,0,partnership_disguised_sale,0.9860275189081827,2,0.2463,26,8,0,1737,1,0.0625,512,3
2.4369990956038237,1.6265625,18,26.025,16,0,partnership_disguised_sale,1.144146203994751,2,0.245,38,8,0,1737,1,0.0625,640,4
2.4912976399064064,1.0003125000000002,18,16.005000000000003,16,0,partnership_disguised_sale,1.1791077454884846,1,0.2438,36,8,0,1737,1,0.0625,768,5
2.4805464604869485,0.49718749999999984,10,7.954999999999997,16,0,partnership_disguised_sale,0.3355388144652049,2,0.2426,31,8,0,1737,0,0.0,896,6
2.4220323972404003,-0.1015625,8,-1.625,16,0,partnership_disguised_sale,0.036842544873555504,1,0.2414,30,8,0,1737,0,0.0,1024,7
2.410833147354424,0.9896874999999996,18,15.834999999999994,16,0,partnership_disguised_sale,1.0932082335154216,1,0.2402,23,8,0,1737,1,0.0625,1152,8
2.582034159451723,0.49031250000000004,10,7.845000000000001,16,0,partnership_disguised_sale,0.36405710379282635,2,0.239,30,8,0,1737,0,0.0,1280,9
2.4869140721857548,1.0118749999999996,18,16.189999999999994,16,0,partnership_disguised_sale,0.9375231464703878,1,0.2378,27,8,0,1737,1,0.0625,1408,10
2.5459611415863037,0.7437499999999996,12,11.899999999999993,16,0,partnership_disguised_sale,0.48631959160168964,4,0.2366,41,8,0,1737,0,0.0,1536,11
2.4575930647552013,2.895312499999997,20,46.32499999999995,16,0,partnership_disguised_sale,2.382875839869181,4,0.2354,33,8,0,1737,2,0.125,1664,12
2.470431282185018,0.8793749999999995,16,14.069999999999991,16,0,partnership_disguised_sale,1.0698412656784058,2,0.2342,37,8,0,1737,0,0.0,1792,13
2.435796278528869,2.626875,20,42.03,16,0,partnership_disguised_sale,3.142652988433838,5,0.2331,25,8,0,1737,2,0.125,1920,14
2.505891153588891,0.27000000000000013,6,4.320000000000002,16,0,partnership_disguised_sale,0.07251605888207753,1,0.2319,35,8,0,1737,0,0.0,2048,15
2.3916041227057576,3.7400000000000007,18,59.84000000000001,16,0,partnership_disguised_sale,3.0560328165690103,4,0.2307,24,8,0,1737,3,0.1875,2176,16
2.5405316911637783,1.0037500000000004,18,16.060000000000006,16,0,partnership_disguised_sale,1.2089737256368,2,0.2296,27,8,0,1737,1,0.0625,2304,17
2.4344522785395384,2.2762500000000006,18,36.42000000000001,16,0,partnership_disguised_sale,1.9239615201950073,4,0.2284,25,8,0,1737,2,0.125,2432,18
2.4516896279528737,2.5096875,18,40.155,16,0,partnership_disguised_sale,2.03806471824646,3,0.2273,35,8,0,1737,1,0.0625,2560,19
2.4095398681238294,3.3696874999999986,18,53.91499999999998,16,0,partnership_disguised_sale,3.248948017756144,4,0.2262,27,8,0,1737,3,0.1875,2688,20
2.5074399234727025,-0.11749999999999994,10,-1.879999999999999,16,0,partnership_disguised_sale,0.23545063535372415,1,0.225,26,8,0,1737,0,0.0,2816,21
2.473092827014625,-0.1159374999999999,2,-1.8549999999999984,16,0,partnership_disguised_sale,0.13980265458424887,1,0.2239,33,8,0,1737,0,0.0,2944,22
2.4394367234781384,4.404687499999999,20,70.47499999999998,16,0,partnership_disguised_sale,3.9679067134857178,5,0.2228,25,8,0,1737,3,0.1875,3072,23
2.463359077461064,1.1234375,20,17.975,16,0,partnership_disguised_sale,1.3267061312993367,1,0.2217,27,8,0,1737,1,0.0625,3200,24
2.4994757371023297,1.1218750000000002,20,17.950000000000003,16,0,partnership_disguised_sale,1.4367955923080444,1,0.2206,37,8,0,1737,1,0.0625,3328,25
2.3596555730327964,1.7609375,18,28.175,16,0,partnership_disguised_sale,1.6528284152348836,4,0.2195,25,8,0,1737,1,0.0625,3456,26
2.395699188578874,1.2453125000000003,18,19.925000000000004,16,0,partnership_disguised_sale,1.1258551279703777,4,0.2184,25,8,0,1737,1,0.0625,3584,27
2.5107882749289274,1.7562500000000008,18,28.100000000000012,16,0,partnership_disguised_sale,1.0154120127360027,5,0.2173,25,8,0,1737,1,0.0625,3712,28
2.442813953384757,2.6281249999999994,20,42.04999999999999,16,0,partnership_disguised_sale,1.9746565024058025,6,0.2162,23,8,0,1737,1,0.0625,3840,29
2.4481167923659086,2.7471875,20,43.955,16,0,partnership_disguised_sale,2.934154431025187,3,0.2151,26,8,0,1737,2,0.125,3968,30
2.4437253614887595,2.1196874999999995,20,33.91499999999999,16,0,partnership_disguised_sale,2.2793689568837485,3,0.214,32,8,0,1737,1,0.0625,4096,31
2.3895282950252295,0.004062500000000063,8,0.065000000000001,16,0,partnership_disguised_sale,0.3162032663822174,5,0.213,24,8,0,1737,0,0.0,4224,32
2.3777139615267515,4.244999999999998,20,67.91999999999997,16,0,partnership_disguised_sale,3.999845027923584,4,0.2119,34,8,0,1737,3,0.1875,4352,33
2.3351445328444242,3.6496874999999998,20,58.394999999999996,16,0,partnership_disguised_sale,2.973728895187378,6,0.2108,27,8,0,1737,2,0.125,4480,34
2.3664904627949,1.5281250000000002,20,24.450000000000003,16,0,partnership_disguised_sale,1.390794316927592,3,0.2098,40,8,0,1737,1,0.0625,4608,35
2.4317179303616285,0.12500000000000014,12,2.000000000000002,16,0,partnership_disguised_sale,0.4917321403821309,5,0.2087,29,8,0,1737,0,0.0,4736,36
2.373603536747396,3.9120588235294114,20,66.505,17,0,partnership_disguised_sale,2.8269057273864746,4,0.2077,21,8,0,1737,3,0.17647058823529413,4864,37
2.3146649692207575,3.638437499999997,20,58.214999999999954,16,0,partnership_disguised_sale,3.425783713658651,4,0.2066,25,8,0,1737,3,0.1875,4992,38
2.4872261406853795,3.7349999999999994,20,59.75999999999999,16,0,partnership_disguised_sale,2.8976241747538247,6,0.2056,24,8,0,1737,2,0.125,5120,39
2.4577335687354207,4.3490625,20,69.585,16,0,partnership_disguised_sale,4.534582455952962,6,0.2046,32,8,0,1737,3,0.1875,5248,40
2.328296742402017,6.1438235294117645,20,104.445,17,0,partnership_disguised_sale,4.964862982432048,9,0.2036,25,8,0,1737,5,0.29411764705882354,5376,41
2.32011307310313,6.513749999999998,20,104.21999999999997,16,0,partnership_disguised_sale,4.214771906534831,8,0.2025,17,8,0,1737,4,0.25,5504,42
2.318166750483215,4.235937500000002,20,67.77500000000003,16,0,partnership_disguised_sale,3.267110745112101,6,0.2015,26,8,0,1737,3,0.1875,5632,43
2.2210699087008834,3.630937499999999,20,58.094999999999985,16,0,partnership_disguised_sale,3.1999123096466064,4,0.2005,25,8,0,1737,3,0.1875,5760,44
2.318251854740083,6.898750000000001,20,110.38000000000001,16,0,partnership_disguised_sale,5.1272939046223955,8,0.1995,29,8,0,1737,5,0.3125,5888,45
2.1776149114593863,8.00764705882353,20,136.13,17,0,partnership_disguised_sale,6.506863117218018,8,0.1985,30,8,0,1737,7,0.4117647058823529,6016,46
2.208489903714508,4.337058823529412,20,73.73,17,0,partnership_disguised_sale,3.7150392532348633,5,0.1975,24,8,0,1737,4,0.23529411764705882,6144,47
2.2929549794644117,3.4840624999999985,20,55.744999999999976,16,0,partnership_disguised_sale,3.8598410288492837,7,0.1965,28,8,0,1737,3,0.1875,6272,48
2.2207060290966183,3.6334374999999994,20,58.13499999999999,16,0,partnership_disguised_sale,3.6114593346913657,4,0.1956,26,8,0,1737,3,0.1875,6400,49
2.2411753553897142,2.844687499999999,20,45.514999999999986,16,0,partnership_disguised_sale,2.130157391230265,5,0.1946,27,8,0,1737,1,0.0625,6528,50
2.2856741049326956,4.80529411764706,20,81.69000000000003,17,0,partnership_disguised_sale,3.8898449738820395,7,0.1936,25,8,0,1737,4,0.23529411764705882,6656,51
2.271554372739047,7.878235294117654,20,133.93000000000012,17,0,partnership_disguised_sale,6.406573295593262,8,0.1926,23,8,0,1737,7,0.4117647058823529,6784,52
2.2000629091635346,7.498529411764705,20,127.475,17,0,partnership_disguised_sale,5.847807248433431,8,0.1917,20,8,0,1737,6,0.35294117647058826,6912,53
2.199608556460589,4.498124999999999,20,71.96999999999998,16,0,partnership_disguised_sale,3.9019056955973306,9,0.1907,21,8,0,1737,3,0.1875,7040,54
2.195780704030767,2.9628124999999983,20,47.40499999999997,16,0,partnership_disguised_sale,3.185751756032308,5,0.1898,25,8,0,1737,2,0.125,7168,55
2.2298105340451,0.4506250000000003,10,7.210000000000004,16,0,partnership_disguised_sale,1.3130540053049724,2,0.1888,21,8,0,1737,0,0.0,7296,56
2.3855433575809,7.590625,20,121.45,16,0,partnership_disguised_sale,5.931154251098633,8,0.1879,29,8,0,1737,5,0.3125,7424,57
2.2181318583898246,4.603124999999999,20,73.64999999999998,16,0,partnership_disguised_sale,3.9780631065368652,5,0.1869,24,8,0,1737,4,0.25,7552,58
2.1927830390632153,9.035294117647059,20,153.6,17,0,partnership_disguised_sale,7.500560601552327,8,0.186,20,8,0,1737,8,0.47058823529411764,7680,59
2.253702959511429,7.210937499999999,20,115.37499999999999,16,0,partnership_disguised_sale,6.352467695871989,7,0.1851,25,8,0,1737,6,0.375,7808,60
2.2691223630681634,1.2206250000000005,20,19.53000000000001,16,0,partnership_disguised_sale,1.8570541938145955,2,0.1841,24,8,0,1737,1,0.0625,7936,61
2.221712540369481,4.737812499999998,20,75.80499999999996,16,0,partnership_disguised_sale,4.360104560852051,4,0.1832,23,8,0,1737,4,0.25,8064,62
2.206086662132293,5.9543750000000015,20,95.27000000000002,16,0,partnership_disguised_sale,5.121018409729004,6,0.1823,20,8,0,1737,5,0.3125,8192,63
2.2767016934230924,8.332058823529412,20,141.645,17,0,partnership_disguised_sale,6.096367518107097,10,0.1814,29,8,0,1737,7,0.4117647058823529,8320,64
2.20192157686688,8.435555555555558,20,151.84000000000003,18,0,partnership_disguised_sale,6.967382113138835,10,0.1805,22,8,0,1737,8,0.4444444444444444,8448,65
2.1283066240139306,4.6109375,20,73.775,16,0,partnership_disguised_sale,3.363417943318685,7,0.1796,23,8,0,1737,2,0.125,8576,66
2.1319448084104806,4.115,20,65.84,16,0,partnership_disguised_sale,3.227536757787069,5,0.1787,26,8,0,1737,3,0.1875,8704,67
2.1225624810904264,5.988125,20,95.81,16,0,partnership_disguised_sale,4.229052861531575,7,0.1778,19,8,0,1737,4,0.25,8832,68
2.2831420581787825,6.799411764705882,20,115.58999999999999,17,0,partnership_disguised_sale,5.63062858581543,6,0.1769,14,8,0,1737,6,0.35294117647058826,8960,69
2.2340432475320995,7.401764705882358,20,125.83000000000008,17,0,partnership_disguised_sale,5.586528778076172,8,0.176,24,8,0,1737,6,0.35294117647058826,9088,70
2.2063632356002927,6.225937500000001,20,99.61500000000001,16,0,partnership_disguised_sale,5.422631581624349,9,0.1751,17,8,0,1737,5,0.3125,9216,71
2.2359528467059135,6.089411764705883,20,103.52000000000001,17,0,partnership_disguised_sale,3.81761105855306,11,0.1743,24,8,0,1737,4,0.23529411764705882,9344,72
2.2164696799591184,9.51323529411765,20,161.72500000000005,17,0,partnership_disguised_sale,6.239442030588786,12,0.1734,30,8,0,1737,6,0.35294117647058826,9472,73
2.162808178924024,10.21888888888889,20,183.94,18,0,partnership_disguised_sale,7.685778776804606,12,0.1725,19,8,0,1737,9,0.5,9600,74
2.20224813465029,5.4653125,20,87.445,16,0,partnership_disguised_sale,4.811144987742106,6,0.1717,25,8,0,1737,4,0.25,9728,75
2.2312714089639485,6.679117647058822,20,113.54499999999997,17,0,partnership_disguised_sale,5.632081985473633,7,0.1708,26,8,0,1737,6,0.35294117647058826,9856,76
2.064110951963812,10.08294117647059,20,171.41000000000003,17,0,partnership_disguised_sale,6.808286825815837,11,0.1699,18,8,0,1737,7,0.4117647058823529,9984,77
2.016982082161121,8.094117647058823,20,137.6,17,0,partnership_disguised_sale,6.27332083384196,9,0.1691,23,8,0,1737,7,0.4117647058823529,10112,78
1.9635658886982128,11.425000000000004,20,205.65000000000006,18,0,partnership_disguised_sale,8.546586354573568,11,0.1683,23,8,0,1737,10,0.5555555555555556,10240,79
1.8844434712082148,12.527500000000003,20,225.49500000000006,18,0,partnership_disguised_sale,8.20285701751709,14,0.1674,20,8,0,1737,10,0.5555555555555556,10368,80
1.9270438080420718,11.424166666666668,20,205.63500000000002,18,0,partnership_disguised_sale,7.982614040374756,12,0.1666,24,8,0,1737,10,0.5555555555555556,10496,81
1.833941510762088,11.744411764705884,20,199.65500000000003,17,0,partnership_disguised_sale,8.236536026000977,11,0.1657,16,8,0,1737,10,0.5882352941176471,10624,82
1.7550211214693263,11.614117647058828,20,197.44000000000008,17,0,partnership_disguised_sale,8.710390408833822,10,0.1649,21,8,0,1737,10,0.5882352941176471,10752,83
1.7564575684373267,11.471315789473687,20,217.95500000000007,19,0,partnership_disguised_sale,8.251030604044596,16,0.1641,27,8,0,1737,10,0.5263157894736842,10880,84
1.7751234636525624,9.757222222222232,20,175.63000000000017,18,0,partnership_disguised_sale,7.636138757069905,10,0.1633,22,8,0,1737,9,0.5,11008,85
1.7727238154038787,8.931764705882356,20,151.84000000000006,17,0,partnership_disguised_sale,6.65850830078125,8,0.1625,25,8,0,1737,8,0.47058823529411764,11136,86
1.9344356381334364,10.55777777777778,20,190.04000000000005,18,0,partnership_disguised_sale,8.005544980367025,10,0.1616,25,8,0,1737,10,0.5555555555555556,11264,87
1.79289868415799,9.065882352941184,20,154.12000000000012,17,0,partnership_disguised_sale,6.04426383972168,12,0.1608,20,8,0,1737,7,0.4117647058823529,11392,88
1.857388562289998,14.993611111111123,20,269.8850000000002,18,0,partnership_disguised_sale,11.138715426127115,15,0.16,19,8,0,1737,14,0.7777777777777778,11520,89
1.9330403236672282,9.440833333333336,20,169.93500000000003,18,0,partnership_disguised_sale,7.314976692199707,9,0.1592,26,8,0,1737,9,0.5,11648,90
1.9235359497833997,8.08176470588235,20,137.38999999999996,17,0,partnership_disguised_sale,7.047461986541748,10,0.1584,27,8,0,1737,7,0.4117647058823529,11776,91
1.69517902971711,10.965833333333336,20,197.38500000000005,18,0,partnership_disguised_sale,8.190104166666666,12,0.1576,20,8,0,1737,10,0.5555555555555556,11904,92
1.7762077145744115,7.841176470588232,20,133.29999999999995,17,0,partnership_disguised_sale,6.364930470784505,7,0.1569,16,8,0,1737,7,0.4117647058823529,12032,93
1.7042805732926354,13.080000000000009,20,235.44000000000017,18,0,partnership_disguised_sale,9.672922134399414,15,0.1561,19,8,0,1737,12,0.6666666666666666,12160,94
1.760923458088655,12.291315789473686,20,233.53500000000003,19,0,partnership_disguised_sale,9.118544896443685,13,0.1553,19,8,0,1737,12,0.631578947368421,12288,95
1.6920401524403132,13.960833333333344,20,251.2950000000002,18,0,partnership_disguised_sale,10.245489438374838,15,0.1545,14,8,0,1737,12,0.6666666666666666,12416,96
1.9214632356306538,14.92157894736843,20,283.51000000000016,19,0,partnership_disguised_sale,11.252557754516602,15,0.1537,22,8,0,1737,14,0.7368421052631579,12544,97
1.785566026577726,11.88736842105263,20,225.85999999999996,19,0,partnership_disguised_sale,8.707314491271973,14,0.153,21,8,0,1737,11,0.5789473684210527,12672,98
1.7620687535381876,16.58300000000002,20,331.66000000000037,20,0,partnership_disguised_sale,13.128623008728027,19,0.1522,23,8,0,1737,17,0.85,12800,99
2.5305144703015685,1.1134374999999992,20,17.814999999999987,16,0,partnership_disguised_sale,1.3935173352559407,1,0.25,30,9,0,1738,1,0.0625,128,0
2.523510274477303,0.8746874999999994,10,13.99499999999999,16,0,partnership_disguised_sale,0.3633378744125366,2,0.2487,39,9,0,1738,0,0.0,256,1
2.5696945125237107,0.4868749999999994,10,7.78999999999999,16,0,partnership_disguised_sale,0.2907109459241231,1,0.2475,25,9,0,1738,0,0.0,384,2
2.6816753754392266,1.7231249999999996,18,27.569999999999993,16,0,partnership_disguised_sale,1.3255033493041992,3,0.2463,27,9,0,1738,1,0.0625,512,3
2.5460847951471806,1.115,20,17.84,16,0,partnership_disguised_sale,1.0632933775583904,1,0.245,21,9,0,1738,1,0.0625,640,4
2.437885707244277,0.2562500000000005,10,4.100000000000008,16,0,partnership_disguised_sale,0.2251461297273636,2,0.2438,33,9,0,1738,0,0.0,768,5
2.6078649275004864,1.1075000000000002,10,17.720000000000002,16,0,partnership_disguised_sale,0.6095701654752096,2,0.2426,38,9,0,1738,0,0.0,896,6
2.3468957915902138,0.021874999999999943,2,0.3499999999999991,16,0,partnership_disguised_sale,-0.06936117261648178,1,0.2414,32,9,0,1738,0,0.0,1024,7
2.420308749191463,2.015,20,32.24,16,0,partnership_disguised_sale,1.575475533803304,4,0.2402,32,9,0,1738,1,0.0625,1152,8
2.5439824778586626,5.8700000000000045,20,99.79000000000008,17,0,partnership_disguised_sale,5.748538970947266,6,0.239,28,9,0,1738,5,0.29411764705882354,1280,9
2.4233456826768816,2.111249999999999,12,33.77999999999999,16,0,partnership_disguised_sale,1.0971010128657024,5,0.2378,34,9,0,1738,0,0.0,1408,10
2.5310210464522243,1.1249999999999998,20,17.999999999999996,16,0,partnership_disguised_sale,1.14875066280365,1,0.2366,31,9,0,1738,1,0.0625,1536,11
2.535285900346935,5.100624999999997,20,81.60999999999996,16,0,partnership_disguised_sale,4.6013978322347,6,0.2354,26,9,0,1738,4,0.25,1664,12
2.3898886162787676,1.8931250000000004,20,30.290000000000006,16,0,partnership_disguised_sale,1.344706416130066,5,0.2342,37,9,0,1738,1,0.0625,1792,13
2.4343865551054478,2.1374999999999993,18,34.19999999999999,16,0,partnership_disguised_sale,2.1166470845540366,2,0.2331,32,9,0,1738,2,0.125,1920,14
2.4817856457084417,4.369062499999997,20,69.90499999999996,16,0,partnership_disguised_sale,3.5675695737202964,5,0.2319,26,9,0,1738,3,0.1875,2048,15
2.4555191276594996,2.383437499999998,20,38.13499999999997,16,0,partnership_disguised_sale,2.3567330837249756,4,0.2307,27,9,0,1738,2,0.125,2176,16
2.4669830966740847,1.1156249999999996,20,17.849999999999994,16,0,partnership_disguised_sale,1.2873727083206177,1,0.2296,33,9,0,1738,1,0.0625,2304,17
2.4222589060664177,4.3709374999999975,20,69.93499999999996,16,0,partnership_disguised_sale,3.426433245340983,6,0.2284,34,9,0,1738,3,0.1875,2432,18
2.3324712058529258,1.6359374999999996,18,26.174999999999994,16,0,partnership_disguised_sale,1.478535493214925,3,0.2273,35,9,0,1738,1,0.0625,2560,19
2.3208657717332244,1.2506249999999999,20,20.009999999999998,16,0,partnership_disguised_sale,1.4747116565704346,3,0.2262,30,9,0,1738,1,0.0625,2688,20
2.489653581753373,2.1334374999999994,18,34.13499999999999,16,0,partnership_disguised_sale,1.331969976425171,6,0.225,35,9,0,1738,1,0.0625,2816,21
2.3518873187713325,6.223125000000004,20,99.57000000000006,16,0,partnership_disguised_sale,5.925545533498128,7,0.2239,33,9,0,1738,5,0.3125,2944,22
2.357284016441554,1.2253124999999987,20,19.60499999999998,16,0,partnership_disguised_sale,1.4155760208765666,3,0.2228,26,9,0,1738,1,0.0625,3072,23
2.317969902418554,2.6115625,20,41.785,16,0,partnership_disguised_sale,1.675085425376892,5,0.2217,21,9,0,1738,2,0.125,3200,24
2.3195435693487525,1.353125,20,21.65,16,0,partnership_disguised_sale,1.5585685968399048,5,0.2206,31,9,0,1738,1,0.0625,3328,25
2.265756187494844,2.381249999999998,20,38.099999999999966,16,0,partnership_disguised_sale,2.1578895250956216,2,0.2195,21,9,0,1738,2,0.125,3456,26
2.3492466979660094,7.241875000000001,20,115.87000000000002,16,0,partnership_disguised_sale,6.38124148050944,12,0.2184,25,9,0,1738,5,0.3125,3584,27
2.2998337536118925,2.9903124999999986,20,47.84499999999998,16,0,partnership_disguised_sale,2.4482080141703286,5,0.2173,36,9,0,1738,2,0.125,3712,28
2.2423157007433474,5.1499999999999995,20,82.39999999999999,16,0,partnership_disguised_sale,4.323695341746013,5,0.2162,21,9,0,1738,3,0.1875,3840,29
2.26919904188253,5.2941176470588225,20,89.99999999999999,17,0,partnership_disguised_sale,4.303646405537923,8,0.2151,27,9,0,1738,4,0.23529411764705882,3968,30
2.2392077546101063,6.7014705882352965,20,113.92500000000004,17,0,partnership_disguised_sale,5.071745872497559,8,0.214,28,9,0,1738,5,0.29411764705882354,4096,31
2.231408638646826,5.640294117647057,20,95.88499999999998,17,0,partnership_disguised_sale,5.240769386291504,7,0.213,26,9,0,1738,5,0.29411764705882354,4224,32
2.1522099594585598,3.6018749999999984,20,57.629999999999974,16,0,partnership_disguised_sale,3.5226710637410483,4,0.2119,24,9,0,1738,3,0.1875,4352,33
2.0707221158081666,6.927941176470588,20,117.77499999999999,17,0,partnership_disguised_sale,5.357486406962077,8,0.2108,27,9,0,1738,5,0.29411764705882354,4480,34
2.295313209760934,-0.12343749999999985,2,-1.9749999999999976,16,0,partnership_disguised_sale,1.1009773810704548,1,0.2098,32,9,0,1738,0,0.0,4608,35
2.1967948377132416,4.706764705882353,20,80.015,17,0,partnership_disguised_sale,4.064900875091553,7,0.2087,26,9,0,1738,4,0.23529411764705882,4736,36
2.180514155421406,5.607812500000001,20,89.72500000000002,16,0,partnership_disguised_sale,3.4656079610188804,7,0.2077,20,9,0,1738,3,0.1875,4864,37
2.043950220802799,6.801764705882352,20,115.62999999999998,17,0,partnership_disguised_sale,5.8350725173950195,6,0.2066,26,9,0,1738,6,0.35294117647058826,4992,38
2.048748895060271,6.144687499999996,20,98.31499999999994,16,0,partnership_disguised_sale,5.119855880737305,8,0.2056,22,9,0,1738,5,0.3125,5120,39
2.0842291759327054,5.751764705882351,20,97.77999999999997,17,0,partnership_disguised_sale,4.6300811767578125,12,0.2046,36,9,0,1738,5,0.29411764705882354,5248,40
1.983317373553291,5.84735294117647,20,99.40499999999999,17,0,partnership_disguised_sale,5.336900234222412,9,0.2036,29,9,0,1738,5,0.29411764705882354,5376,41
1.9718022366287187,10.89694444444445,20,196.1450000000001,18,0,partnership_disguised_sale,8.876755078633627,12,0.2025,23,9,0,1738,10,0.5555555555555556,5504,42
2.031027732649818,7.720000000000002,20,131.24000000000004,17,0,partnership_disguised_sale,6.606383800506592,9,0.2015,34,9,0,1738,7,0.4117647058823529,5632,43
1.664601035299711,7.310624999999999,20,116.96999999999998,16,0,partnership_disguised_sale,6.353736241658528,6,0.2005,20,9,0,1738,6,0.375,5760,44
1.7518768338486552,8.870294117647065,20,150.7950000000001,17,0,partnership_disguised_sale,7.469425996144612,9,0.1995,20,9,0,1738,8,0.47058823529411764,5888,45
1.7700817071599886,8.651470588235293,20,147.075,17,0,partnership_disguised_sale,7.298501809438069,9,0.1985,23,9,0,1738,7,0.4117647058823529,6016,46
1.7490895550581627,7.184062499999997,20,114.94499999999995,16,0,partnership_disguised_sale,5.797762393951416,7,0.1975,28,9,0,1738,6,0.375,6144,47
1.594802116509527,7.179374999999999,20,114.86999999999999,16,0,partnership_disguised_sale,6.019324779510498,6,0.1965,24,9,0,1738,6,0.375,6272,48
1.5593543712748215,8.06558823529412,20,137.11500000000004,17,0,partnership_disguised_sale,6.803572495778401,7,0.1956,21,9,0,1738,7,0.4117647058823529,6400,49
1.6934858950553462,9.234705882352943,20,156.99000000000004,17,0,partnership_disguised_sale,7.525500138600667,8,0.1946,27,9,0,1738,8,0.47058823529411764,6528,50
1.6768907586229034,9.812812500000005,20,157.00500000000008,16,0,partnership_disguised_sale,7.841714859008789,9,0.1936,28,9,0,1738,8,0.5,6656,51
1.5653876251308247,8.509705882352938,20,144.66499999999994,17,0,partnership_disguised_sale,6.7514926592508955,8,0.1926,19,9,0,1738,7,0.4117647058823529,6784,52
1.7618868902791291,6.310588235294115,20,107.27999999999996,17,0,partnership_disguised_sale,5.459673086802165,7,0.1917,31,9,0,1738,5,0.29411764705882354,6912,53
1.7136139937210828,7.4490625,20,119.185,16,0,partnership_disguised_sale,6.168353080749512,7,0.1907,31,9,0,1738,6,0.375,7040,54
1.7971980792935938,6.769999999999998,20,115.08999999999996,17,0,partnership_disguised_sale,6.057456970214844,6,0.1898,26,9,0,1738,6,0.35294117647058826,7168,55
1.6936596523737535,11.479411764705887,20,195.1500000000001,17,0,partnership_disguised_sale,8.607858657836914,10,0.1888,22,9,0,1738,10,0.5882352941176471,7296,56
1.6555823746602982,10.183823529411777,20,173.1250000000002,17,0,partnership_disguised_sale,7.924116611480713,9,0.1879,18,9,0,1738,9,0.5294117647058824,7424,57
1.7671768253203481,4.207500000000001,20,67.32000000000002,16,0,partnership_disguised_sale,3.7821061611175537,4,0.1869,26,9,0,1738,3,0.1875,7552,58
1.6387496865354478,11.477058823529415,20,195.11000000000004,17,0,partnership_disguised_sale,8.729898770650228,11,0.186,26,9,0,1738,10,0.5882352941176471,7680,59
1.8110420010634698,8.453124999999998,20,135.24999999999997,16,0,partnership_disguised_sale,7.150095621744792,9,0.1851,25,9,0,1738,6,0.375,7808,60
1.7794710587477311,4.583235294117647,20,77.91499999999999,17,0,partnership_disguised_sale,4.4321794509887695,7,0.1841,20,9,0,1738,4,0.23529411764705882,7936,61
1.8576193490298465,9.668611111111119,20,174.03500000000014,18,0,partnership_disguised_sale,7.447940349578857,9,0.1832,31,9,0,1738,9,0.5,8064,62
1.8550327146658674,8.46970588235294,20,143.98499999999999,17,0,partnership_disguised_sale,6.077542146046956,8,0.1823,22,9,0,1738,7,0.4117647058823529,8192,63
1.9194364929571748,4.8628125,20,77.805,16,0,partnership_disguised_sale,4.266330242156982,6,0.1814,28,9,0,1738,4,0.25,8320,64
1.8923134657670744,6.836176470588235,20,116.215,17,0,partnership_disguised_sale,5.656239668528239,9,0.1805,27,9,0,1738,6,0.35294117647058826,8448,65
1.7903482911351603,10.309210526315793,20,195.87500000000006,19,0,partnership_disguised_sale,8.072346369425455,10,0.1796,24,9,0,1738,10,0.5263157894736842,8576,66
1.8174691507592797,11.168157894736849,20,212.19500000000014,19,0,partnership_disguised_sale,8.637133598327637,12,0.1787,23,9,0,1738,11,0.5789473684210527,8704,67
1.6146908627270022,15.873611111111119,20,285.72500000000014,18,0,partnership_disguised_sale,11.93737538655599,16,0.1778,24,9,0,1738,14,0.7777777777777778,8832,68
1.5207574736268725,11.436111111111124,20,205.85000000000022,18,0,partnership_disguised_sale,8.307910919189453,14,0.1769,20,9,0,1738,10,0.5555555555555556,8960,69
1.5262924846756505,11.651111111111115,20,209.72000000000008,18,0,partnership_disguised_sale,8.734136263529459,13,0.176,19,9,0,1738,11,0.6111111111111112,9088,70
1.5312578298617154,15.205750000000005,20,304.1150000000001,20,0,partnership_disguised_sale,11.416787147521973,16,0.1751,29,9,0,1738,15,0.75,9216,71
1.575661358278012,9.163529411764705,20,155.77999999999997,17,0,partnership_disguised_sale,8.128039677937826,12,0.1743,21,9,0,1738,8,0.47058823529411764,9344,72
1.7254020679101814,11.630277777777783,20,209.34500000000008,18,0,partnership_disguised_sale,8.515582402547201,11,0.1734,28,9,0,1738,10,0.5555555555555556,9472,73
1.6491085987072438,10.34764705882354,20,175.9100000000002,17,0,partnership_disguised_sale,7.933596928914388,11,0.1725,26,9,0,1738,9,0.5294117647058824,9600,74
1.672058378593647,11.360588235294122,20,193.13000000000008,17,0,partnership_disguised_sale,8.814286231994629,11,0.1717,22,9,0,1738,10,0.5882352941176471,9728,75
1.4578165437851567,12.497894736842115,20,237.46000000000018,19,0,partnership_disguised_sale,9.823075930277506,12,0.1708,18,9,0,1738,12,0.631578947368421,9856,76
1.6137023332266835,10.08833333333334,20,181.59000000000012,18,0,partnership_disguised_sale,7.755032062530518,12,0.1699,24,9,0,1738,8,0.4444444444444444,9984,77
1.8064567751716822,7.676944444444443,20,138.18499999999997,18,0,partnership_disguised_sale,6.448529561360677,8,0.1691,34,9,0,1738,7,0.3888888888888889,10112,78
1.5998798784567043,13.685789473684224,20,260.03000000000026,19,0,partnership_disguised_sale,9.655320803324381,14,0.1683,23,9,0,1738,13,0.6842105263157895,10240,79
1.5819137888902333,15.15131578947369,20,287.8750000000001,19,0,partnership_disguised_sale,11.580824851989746,16,0.1674,24,9,0,1738,14,0.7368421052631579,10368,80
1.6311778575473,13.710250000000007,20,274.20500000000015,20,0,partnership_disguised_sale,10.993179321289062,16,0.1666,17,9,0,1738,14,0.7,10496,81
1.6363714612671174,14.834210526315793,20,281.8500000000001,19,0,partnership_disguised_sale,10.985696156819662,18,0.1657,27,9,0,1738,14,0.7368421052631579,10624,82
1.5499495813273825,11.535833333333349,20,207.64500000000027,18,0,partnership_disguised_sale,8.86853313446045,12,0.1649,22,9,0,1738,10,0.5555555555555556,10752,83
1.5329679776914418,13.086111111111121,20,235.55000000000018,18,0,partnership_disguised_sale,10.167133649190268,12,0.1641,24,9,0,1738,12,0.6666666666666666,10880,84
1.4945069800887723,13.678157894736856,20,259.8850000000003,19,0,partnership_disguised_sale,10.553228378295898,17,0.1633,23,9,0,1738,13,0.6842105263157895,11008,85
1.4570663022459485,15.45526315789475,20,293.65000000000026,19,0,partnership_disguised_sale,11.824251174926758,16,0.1625,18,9,0,1738,15,0.7894736842105263,11136,86
1.3141727147158235,14.087500000000011,20,253.5750000000002,18,0,partnership_disguised_sale,10.50734774271647,15,0.1616,17,9,0,1738,13,0.7222222222222222,11264,87
1.4436276811466087,14.511578947368431,20,275.7200000000002,19,0,partnership_disguised_sale,11.362649917602539,15,0.1608,20,9,0,1738,14,0.7368421052631579,11392,88
1.440387643466238,15.470789473684215,20,293.9450000000001,19,0,partnership_disguised_sale,11.369866689046225,16,0.16,26,9,0,1738,15,0.7894736842105263,11520,89
1.3600507595256204,11.296764705882358,20,192.0450000000001,17,0,partnership_disguised_sale,8.074683825174967,17,0.1592,22,9,0,1738,10,0.5882352941176471,11648,90
1.6515032516326755,15.002500000000007,20,300.0500000000001,20,0,partnership_disguised_sale,11.446414947509766,18,0.1584,26,9,0,1738,15,0.75,11776,91
1.5197613338241354,12.709411764705887,20,216.0600000000001,17,0,partnership_disguised_sale,9.414118131001791,14,0.1576,20,9,0,1738,11,0.6470588235294118,11904,92
1.3942242615157738,16.399047619047636,20,344.38000000000034,21,0,partnership_disguised_sale,12.314299583435059,20,0.1569,16,9,0,1738,17,0.8095238095238095,12032,93
1.443624543840997,15.89857142857144,20,333.87000000000023,21,0,partnership_disguised_sale,11.892700831095377,19,0.1561,16,9,0,1738,16,0.7619047619047619,12160,94
1.445656264142599,16.192727272727296,20,356.2400000000005,22,0,partnership_disguised_sale,12.997188568115234,18,0.1553,24,9,0,1738,18,0.8181818181818182,12288,95
1.298500282515306,18.598500000000023,20,371.9700000000005,20,0,partnership_disguised_sale,14.381673494974772,20,0.1545,20,9,0,1738,19,0.95,12416,96
1.333227911614813,15.445000000000013,20,324.34500000000025,21,0,partnership_disguised_sale,11.05350112915039,21,0.1537,20,9,0,1738,16,0.7619047619047619,12544,97
1.4290608572773635,14.51947368421053,20,275.87000000000006,19,0,partnership_disguised_sale,11.533306121826172,15,0.153,26,9,0,1738,14,0.7368421052631579,12672,98
1.3213347801938653,16.963333333333356,20,356.2300000000005,21,0,partnership_disguised_sale,13.507731437683105,19,0.1522,25,9,0,1738,18,0.8571428571428571,12800,99
