avg_entropy,avg_reward_per_episode,best_tax_advantage,cumulative_reward,episode_count,invalid_count,loophole,loss,positive_reward_count,random_action_prob,random_exploration_count,run,saved_snapshots,seed,success_count,success_rate,total_steps,update
3.7843512631952763,-49.42777777777774,0,-444.8499999999997,9,59,straddle_abuse,46.710174560546875,0,0.25,26,0,0,1729,0,0.0,128,0
3.9605944957584143,-51.19666666666663,0,-460.76999999999964,9,76,straddle_abuse,48.6637077331543,0,0.2487,31,0,0,1729,0,0.0,256,1
3.9010054022073746,-48.90333333333328,17.08,-440.12999999999954,9,72,straddle_abuse,44.58348083496094,1,0.2475,33,0,0,1729,0,0.0,384,2
3.909619079902768,-51.11888888888885,0,-460.0699999999996,9,75,straddle_abuse,46.625389099121094,0,0.2463,30,0,0,1729,0,0.0,512,3
3.913082517683506,-51.112222222222194,0,-460.00999999999976,9,75,straddle_abuse,46.05709966023763,0,0.245,27,0,0,1729,0,0.0,640,4
3.7836926262825727,-50.191111111111056,0,-451.7199999999995,9,66,straddle_abuse,42.10595830281576,0,0.2438,34,0,0,1729,0,0.0,768,5
3.867818970233202,-51.56,0,-464.04,9,79,straddle_abuse,44.63808822631836,0,0.2426,35,0,0,1729,0,0.0,896,6
3.929828815162182,-51.024444444444434,0,-459.2199999999999,9,74,straddle_abuse,42.75763702392578,0,0.2414,34,0,0,1729,0,0.0,1024,7
3.8701940551400185,-50.49555555555548,0,-454.4599999999993,9,69,straddle_abuse,40.57494608561198,0,0.2402,31,0,0,1729,0,0.0,1152,8
3.932239655405283,-51.983333333333285,0,-467.84999999999957,9,83,straddle_abuse,43.79742940266927,0,0.239,34,0,0,1729,0,0.0,1280,9
3.9013265687972307,-48.49999999999996,18.58,-436.4999999999996,9,70,straddle_abuse,37.26722844441732,2,0.2378,32,0,0,1729,0,0.0,1408,10
3.9021527860313654,-51.14111111111109,0,-460.2699999999998,9,75,straddle_abuse,40.752689361572266,0,0.2366,34,0,0,1729,0,0.0,1536,11
3.9115005042403936,-50.679999999999964,0,-456.11999999999966,9,71,straddle_abuse,39.38312657674154,0,0.2354,31,0,0,1729,0,0.0,1664,12
3.82554841786623,-50.242222222222196,0,-452.1799999999998,9,67,straddle_abuse,38.57251739501953,0,0.2342,27,0,0,1729,0,0.0,1792,13
3.775908075273037,-49.282222222222174,0,-443.53999999999957,9,58,straddle_abuse,36.35685348510742,0,0.2331,31,0,0,1729,0,0.0,1920,14
3.8209124375134706,-48.94333333333326,0,-440.4899999999993,9,55,straddle_abuse,35.78866704305013,0,0.2319,36,0,0,1729,0,0.0,2048,15
3.8222846426069736,-50.68222222222218,0,-456.13999999999965,9,71,straddle_abuse,38.915215810139976,0,0.2307,34,0,0,1729,0,0.0,2176,16
3.8609688207507133,-50.018888888888846,0,-450.1699999999996,9,65,straddle_abuse,38.12732696533203,0,0.2296,30,0,0,1729,0,0.0,2304,17
3.71060149371624,-48.113333333333316,0,-433.0199999999998,9,47,straddle_abuse,34.28176625569662,0,0.2284,31,0,0,1729,0,0.0,2432,18
3.8913896661251783,-51.35777777777774,0,-462.2199999999997,9,77,straddle_abuse,40.78219223022461,0,0.2273,34,0,0,1729,0,0.0,2560,19
3.77582142688334,-50.46999999999996,0,-454.2299999999997,9,69,straddle_abuse,38.92474238077799,0,0.2262,29,0,0,1729,0,0.0,2688,20
3.7675482388585806,-49.828888888888834,0,-448.4599999999995,9,63,straddle_abuse,37.07178497314453,0,0.225,28,0,0,1729,0,0.0,2816,21
3.908245500177145,-52.0733333333333,0,-468.65999999999974,9,84,straddle_abuse,41.92006810506185,0,0.2239,25,0,0,1729,0,0.0,2944,22
3.7208682373166084,-50.80444444444441,0,-457.23999999999967,9,72,straddle_abuse,39.034409840901695,0,0.2228,22,0,0,1729,0,0.0,3072,23
3.534807004034519,-49.05222222222217,0,-441.4699999999995,9,55,straddle_abuse,36.39037831624349,0,0.2217,24,0,0,1729,0,0.0,3200,24
3.5872685220092535,-48.103333333333296,9.25,-432.92999999999967,9,56,straddle_abuse,35.01706186930338,1,0.2206,30,0,0,1729,0,0.0,3328,25
3.6837190687656403,-49.72777777777777,0,-447.5499999999999,9,62,straddle_abuse,38.00477727254232,0,0.2195,35,0,0,1729,0,0.0,3456,26
3.7486353162676096,-51.23444444444439,0,-461.1099999999995,9,76,straddle_abuse,40.38085174560547,0,0.2184,23,0,0,1729,0,0.0,3584,27
3.718711704015732,-51.2633333333333,0,-461.3699999999997,9,76,straddle_abuse,39.74060948689779,0,0.2173,28,0,0,1729,0,0.0,3712,28
3.6613350734114647,-51.03777777777772,0,-459.33999999999946,9,74,straddle_abuse,39.3473866780599,0,0.2162,29,0,0,1729,0,0.0,3840,29
3.7672927621752024,-51.88222222222219,0,-466.9399999999997,9,82,straddle_abuse,41.326117197672524,0,0.2151,33,0,0,1729,0,0.0,3968,30
3.603244574740529,-50.15222222222219,0,-451.3699999999997,9,66,straddle_abuse,37.897204081217446,0,0.214,23,0,0,1729,0,0.0,4096,31
3.4522711895406246,-49.11888888888883,0,-442.0699999999995,9,56,straddle_abuse,36.37792078653971,0,0.213,31,0,0,1729,0,0.0,4224,32
3.347212875261903,-49.809999999999974,0,-448.28999999999974,9,62,straddle_abuse,37.94658660888672,0,0.2119,22,0,0,1729,0,0.0,4352,33
3.4681678023189306,-49.64888888888889,0,-446.84000000000003,9,61,straddle_abuse,37.79530715942383,0,0.2108,22,0,0,1729,0,0.0,4480,34
3.38098999299109,-49.672222222222196,0,-447.0499999999998,9,61,straddle_abuse,38.34819539388021,0,0.2098,32,0,0,1729,0,0.0,4608,35
3.3773486763238907,-49.67666666666665,0,-447.08999999999986,9,61,straddle_abuse,37.073734283447266,0,0.2087,29,0,0,1729,0,0.0,4736,36
3.389801910147071,-49.699999999999996,0,-447.29999999999995,9,61,straddle_abuse,37.567824045817055,0,0.2077,19,0,0,1729,0,0.0,4864,37
3.453302161768079,-49.57999999999999,0,-446.2199999999999,9,60,straddle_abuse,37.074563344319664,0,0.2066,27,0,0,1729,0,0.0,4992,38
3.5927694961428642,-50.27222222222221,0,-452.44999999999993,9,67,straddle_abuse,38.69706344604492,0,0.2056,29,0,0,1729,0,0.0,5120,39
3.5115773156285286,-48.77111111111107,0,-438.9399999999996,9,53,straddle_abuse,35.985060373942055,0,0.2046,29,0,0,1729,0,0.0,5248,40
3.576516181230545,-49.55777777777772,0,-446.0199999999995,9,60,straddle_abuse,37.505191802978516,0,0.2036,29,0,0,1729,0,0.0,5376,41
3.6079927030950785,-50.09222222222217,0,-450.82999999999953,9,65,straddle_abuse,37.8450673421224,0,0.2025,27,0,0,1729,0,0.0,5504,42
3.7108744215220213,-50.281111111111095,0,-452.52999999999986,9,67,straddle_abuse,37.84128443400065,0,0.2015,27,0,0,1729,0,0.0,5632,43
3.6539308167994022,-49.63444444444444,0,-446.71,9,61,straddle_abuse,36.61294682820638,0,0.2005,32,0,0,1729,0,0.0,5760,44
3.7150219921022654,-48.86888888888883,0,-439.8199999999995,9,54,straddle_abuse,36.920300801595054,0,0.1995,28,0,0,1729,0,0.0,5888,45
3.6514231953769922,-49.67777777777773,0,-447.09999999999957,9,61,straddle_abuse,37.21249643961588,0,0.1985,18,0,0,1729,0,0.0,6016,46
3.7129026614129543,-48.567777777777756,0,-437.1099999999998,9,51,straddle_abuse,35.76112492879232,0,0.1975,26,0,0,1729,0,0.0,6144,47
3.608289621770382,-49.15555555555554,0,-442.3999999999998,9,56,straddle_abuse,36.48755645751953,0,0.1965,23,0,0,1729,0,0.0,6272,48
3.85100875236094,-50.9122222222222,0,-458.2099999999998,9,73,straddle_abuse,39.474100748697914,0,0.1956,29,0,0,1729,0,0.0,6400,49
3.7400048710405827,-48.92555555555551,2.59,-440.3299999999996,9,57,straddle_abuse,36.46948369344076,0,0.1946,34,0,0,1729,0,0.0,6528,50
3.8813054747879505,-51.19999999999997,0,-460.7999999999997,9,76,straddle_abuse,39.29485829671224,0,0.1936,29,0,0,1729,0,0.0,6656,51
3.9560095760971308,-49.01888888888883,27.75,-441.1699999999995,9,72,straddle_abuse,38.63003285725912,1,0.1926,26,0,0,1729,0,0.0,6784,52
3.8768570199608803,-50.048888888888825,12.5,-450.43999999999943,9,78,straddle_abuse,38.39608891805013,1,0.1917,25,0,0,1729,0,0.0,6912,53
3.75734999589622,-49.074444444444424,0,-441.6699999999998,9,56,straddle_abuse,36.318607330322266,0,0.1907,27,0,0,1729,0,0.0,7040,54
3.7887035943567753,-50.487777777777744,0,-454.3899999999997,9,69,straddle_abuse,38.30840555826823,0,0.1898,26,0,0,1729,0,0.0,7168,55
3.644247855991125,-49.46888888888886,0,-445.21999999999974,9,59,straddle_abuse,36.879754384358726,0,0.1888,25,0,0,1729,0,0.0,7296,56
3.7611136250197887,-49.94666666666665,0,-449.51999999999987,9,64,straddle_abuse,37.050140380859375,0,0.1879,23,0,0,1729,0,0.0,7424,57
3.704897802323103,-49.41555555555553,0,-444.7399999999998,9,59,straddle_abuse,37.44796371459961,0,0.1869,19,0,0,1729,0,0.0,7552,58
3.695494430139661,-43.37222222222221,37,-390.3499999999999,9,56,straddle_abuse,33.04573313395182,2,0.186,16,0,0,1729,1,0.1111111111111111,7680,59
3.663534903898835,-48.107777777777784,9.25,-432.97,9,56,straddle_abuse,34.999237060546875,1,0.1851,29,0,0,1729,0,0.0,7808,60
3.7802379839122295,-50.17888888888884,0,-451.60999999999956,9,66,straddle_abuse,38.51737594604492,0,0.1841,26,0,0,1729,0,0.0,7936,61
3.811183264479041,-50.01444444444444,0,-450.13,9,65,straddle_abuse,37.97198613484701,0,0.1832,22,0,0,1729,0,0.0,8064,62
3.6657115556299686,-49.094444444444406,0,-441.8499999999996,9,56,straddle_abuse,35.846902211507164,0,0.1823,26,0,0,1729,0,0.0,8192,63
3.7822416108101606,-47.02222222222219,25.18,-423.1999999999997,9,63,straddle_abuse,35.91592915852865,2,0.1814,27,0,0,1729,0,0.0,8320,64
3.5984554439783096,-48.80333333333327,0,-439.22999999999945,9,53,straddle_abuse,35.777366638183594,0,0.1805,26,0,0,1729,0,0.0,8448,65
3.6981717851012945,-50.35999999999996,0,-453.2399999999996,9,68,straddle_abuse,38.26885986328125,0,0.1796,25,0,0,1729,0,0.0,8576,66
3.7403239607810974,-49.75222222222221,7.47,-447.76999999999987,9,70,straddle_abuse,38.24400838216146,1,0.1787,16,0,0,1729,0,0.0,8704,67
3.6373219918459654,-49.32555555555555,0,-443.92999999999995,9,58,straddle_abuse,36.90063222249349,0,0.1778,24,0,0,1729,0,0.0,8832,68
3.5976230930536985,-49.944444444444414,0,-449.4999999999997,9,64,straddle_abuse,37.15100351969401,0,0.1769,20,0,0,1729,0,0.0,8960,69
3.538014205172658,-46.91333333333332,9.96,-422.21999999999986,9,46,straddle_abuse,33.472189585367836,1,0.176,21,0,0,1729,0,0.0,9088,70
3.4856129735708237,-48.00666666666665,6.17,-432.0599999999999,9,52,straddle_abuse,34.309792836507164,1,0.1751,17,0,0,1729,0,0.0,9216,71
3.426639247685671,-49.59,0,-446.31,9,60,straddle_abuse,37.36207707722982,0,0.1743,10,0,0,1729,0,0.0,9344,72
3.6335205994546413,-49.53666666666666,0,-445.8299999999999,9,60,straddle_abuse,37.04191335042318,0,0.1734,22,0,0,1729,0,0.0,9472,73
3.386352263391018,-48.97333333333334,0,-440.7600000000001,9,54,straddle_abuse,36.76645151774088,0,0.1725,19,0,0,1729,0,0.0,9600,74
3.4765889793634415,-49.062222222222175,0,-441.5599999999996,9,55,straddle_abuse,36.834388732910156,0,0.1717,32,0,0,1729,0,0.0,9728,75
3.4440231267362833,-47.97666666666667,0,-431.79,9,45,straddle_abuse,34.66053771972656,0,0.1708,25,0,0,1729,0,0.0,9856,76
3.5020483285188675,-49.69333333333332,0,-447.2399999999999,9,61,straddle_abuse,37.737135569254555,0,0.1699,17,0,0,1729,0,0.0,9984,77
3.5299517158418894,-49.86666666666664,0,-448.7999999999997,9,63,straddle_abuse,37.83281707763672,0,0.1691,18,0,0,1729,0,0.0,10112,78
3.4946152716875076,-49.691111111111134,0,-447.2200000000002,9,61,straddle_abuse,37.15225601196289,0,0.1683,21,0,0,1729,0,0.0,10240,79
3.4543469846248627,-48.7288888888889,0,-438.5600000000001,9,52,straddle_abuse,35.84257253011068,0,0.1674,23,0,0,1729,0,0.0,10368,80
3.4072712641209364,-48.63999999999996,0,-437.75999999999965,9,51,straddle_abuse,36.0187619527181,0,0.1666,19,0,0,1729,0,0.0,10496,81
3.5229482650756836,-48.69888888888888,0,-438.2899999999999,9,52,straddle_abuse,35.92542394002279,0,0.1657,17,0,0,1729,0,0.0,10624,82
3.441103857010603,-48.852222222222224,0,-439.67,9,53,straddle_abuse,36.815680185953774,0,0.1649,19,0,0,1729,0,0.0,10752,83
3.523226473480463,-47.736666666666636,0,-429.6299999999997,9,43,straddle_abuse,35.179962158203125,0,0.1641,11,0,0,1729,0,0.0,10880,84
3.70568429492414,-49.50666666666664,0,-445.5599999999998,9,60,straddle_abuse,36.94221623738607,0,0.1633,27,0,0,1729,0,0.0,11008,85
3.6744223553687334,-50.75111111111109,1.79,-456.7599999999998,9,71,straddle_abuse,39.528029123942055,0,0.1625,15,0,0,1729,0,0.0,11136,86
3.73945726826787,-50.42444444444439,0,-453.8199999999995,9,68,straddle_abuse,39.3320198059082,0,0.1616,25,0,0,1729,0,0.0,11264,87
3.6637602522969246,-49.023333333333284,0,-441.2099999999995,9,55,straddle_abuse,36.28182474772135,0,0.1608,16,0,0,1729,0,0.0,11392,88
3.749756744131446,-50.40888888888883,0,-453.6799999999995,9,68,straddle_abuse,38.53041966756185,0,0.16,21,0,0,1729,0,0.0,11520,89
3.6568118035793304,-49.559999999999974,0,-446.0399999999998,9,60,straddle_abuse,37.466983795166016,0,0.1592,22,0,0,1729,0,0.0,11648,90
3.7441436257213354,-49.83555555555551,0,-448.5199999999996,9,63,straddle_abuse,37.69769541422526,0,0.1584,22,0,0,1729,0,0.0,11776,91
3.8266004994511604,-48.55888888888885,5.52,-437.0299999999997,9,57,straddle_abuse,34.56897862752279,1,0.1576,21,0,0,1729,0,0.0,11904,92
3.6977042481303215,-48.86222222222219,4.27,-439.7599999999997,9,58,straddle_abuse,36.57390848795573,1,0.1569,24,0,0,1729,0,0.0,12032,93
3.721512073650956,-49.6577777777777,0,-446.91999999999933,9,61,straddle_abuse,37.474440256754555,0,0.1561,25,0,0,1729,0,0.0,12160,94
3.7935783714056015,-50.49555555555549,0,-454.4599999999994,9,69,straddle_abuse,39.23711649576823,0,0.1553,15,0,0,1729,0,0.0,12288,95
3.65870863199234,-49.88111111111106,0,-448.92999999999955,9,63,straddle_abuse,37.80377197265625,0,0.1545,8,0,0,1729,0,0.0,12416,96
3.774532975628972,-49.39666666666664,0,-444.56999999999977,9,59,straddle_abuse,35.93283335367838,0,0.1537,22,0,0,1729,0,0.0,12544,97
3.864773340523243,-50.86777777777776,0,-457.80999999999983,9,73,straddle_abuse,39.29178110758463,0,0.153,17,0,0,1729,0,0.0,12672,98
3.9139638412743807,-51.42666666666665,6.6,-462.83999999999986,9,85,straddle_abuse,40.14429601033529,1,0.1522,15,0,0,1729,0,0.0,12800,99
3.7834950368851423,-49.613333333333316,0,-446.5199999999998,9,61,straddle_abuse,50.06332015991211,0,0.25,41,1,0,1730,0,0.0,128,0
3.8325452860444784,-50.60555555555553,0,-455.4499999999998,9,70,straddle_abuse,51.57375717163086,0,0.2487,35,1,0,1730,0,0.0,256,1
3.888752454891801,-51.75666666666663,0,-465.80999999999966,9,81,straddle_abuse,52.70550028483073,0,0.2475,36,1,0,1730,0,0.0,384,2
3.832412986084819,-50.15888888888887,0,-451.4299999999998,9,66,straddle_abuse,48.47270711263021,0,0.2463,33,1,0,1730,0,0.0,512,3
3.8610572423785925,-50.48444444444441,0,-454.3599999999997,9,69,straddle_abuse,47.75638198852539,0,0.245,32,1,0,1730,0,0.0,640,4
3.888569049537182,-50.57333333333328,0,-455.1599999999995,9,70,straddle_abuse,46.97235107421875,0,0.2438,33,1,0,1730,0,0.0,768,5
3.914853425696492,-49.89999999999996,3.7,-449.0999999999997,9,64,straddle_abuse,45.439894358317055,1,0.2426,27,1,0,1730,0,0.0,896,6
3.817053785547614,-49.38222222222213,0,-444.4399999999992,9,59,straddle_abuse,42.32201131184896,0,0.2414,27,1,0,1730,0,0.0,1024,7
3.87999714538455,-51.98666666666665,0,-467.8799999999998,9,83,straddle_abuse,48.22582499186198,0,0.2402,29,1,0,1730,0,0.0,1152,8
3.8529690746217966,-51.028888888888844,0,-459.2599999999996,9,74,straddle_abuse,44.83591842651367,0,0.239,26,1,0,1730,0,0.0,1280,9
3.7673984076827765,-50.076666666666625,0,-450.6899999999996,9,65,straddle_abuse,41.78628285725912,0,0.2378,29,1,0,1730,0,0.0,1408,10
3.8403140045702457,-51.01999999999996,0,-459.17999999999967,9,74,straddle_abuse,43.08689498901367,0,0.2366,30,1,0,1730,0,0.0,1536,11
3.7482208404690027,-49.75777777777775,0,-447.8199999999997,9,62,straddle_abuse,39.95590464274088,0,0.2354,30,1,0,1730,0,0.0,1664,12
3.75312127918005,-49.39777777777775,0,-444.57999999999976,9,59,straddle_abuse,38.197198232014976,0,0.2342,31,1,0,1730,0,0.0,1792,13
3.6967068444937468,-49.66999999999994,0,-447.02999999999946,9,61,straddle_abuse,38.17111078898112,0,0.2331,29,1,0,1730,0,0.0,1920,14
3.723671603947878,-48.773333333333284,0,-438.9599999999995,9,53,straddle_abuse,36.67171096801758,0,0.2319,28,1,0,1730,0,0.0,2048,15
3.7446610666811466,-50.51111111111108,0,-454.5999999999997,9,69,straddle_abuse,38.8859977722168,0,0.2307,32,1,0,1730,0,0.0,2176,16
3.679593402892351,-50.07222222222219,0,-450.6499999999997,9,65,straddle_abuse,38.259332021077476,0,0.2296,35,1,0,1730,0,0.0,2304,17
3.7625585310161114,-51.12999999999997,0,-460.1699999999997,9,75,straddle_abuse,40.17192459106445,0,0.2284,31,1,0,1730,0,0.0,2432,18
3.677718035876751,-48.24222222222218,15.42,-434.1799999999996,9,48,straddle_abuse,34.59889475504557,1,0.2273,33,1,0,1730,0,0.0,2560,19
3.6119646225124598,-50.008888888888876,0,-450.07999999999987,9,64,straddle_abuse,37.5994504292806,0,0.2262,19,1,0,1730,0,0.0,2688,20
3.555359460413456,-49.275555555555506,0,-443.47999999999956,9,57,straddle_abuse,36.25898869832357,0,0.225,26,1,0,1730,0,0.0,2816,21
3.5039007496088743,-47.73555555555557,0,-429.6200000000001,9,43,straddle_abuse,33.973304748535156,0,0.2239,25,1,0,1730,0,0.0,2944,22
3.5096493028104305,-47.592222222222205,4.27,-428.32999999999987,9,46,straddle_abuse,33.82961400349935,1,0.2228,25,1,0,1730,0,0.0,3072,23
3.550545323640108,-48.29999999999993,3.33,-434.6999999999994,9,52,straddle_abuse,35.288333892822266,1,0.2217,27,1,0,1730,0,0.0,3200,24
3.6821800656616688,-48.219999999999956,0,-433.9799999999996,9,48,straddle_abuse,34.22329330444336,0,0.2206,30,1,0,1730,0,0.0,3328,25
3.707341995090246,-47.296666666666624,14.23,-425.6699999999996,9,54,straddle_abuse,33.210673014322914,1,0.2195,32,1,0,1730,0,0.0,3456,26
3.689915591850877,-49.087777777777745,0,-441.78999999999974,9,56,straddle_abuse,36.590222676595054,0,0.2184,21,1,0,1730,0,0.0,3584,27
3.6675586979836226,-47.423333333333304,0,-426.8099999999997,9,41,straddle_abuse,33.32134246826172,0,0.2173,28,1,0,1730,0,0.0,3712,28
3.4777699392288923,-47.17777777777777,0,-424.5999999999999,9,38,straddle_abuse,33.13142522176107,0,0.2162,27,1,0,1730,0,0.0,3840,29
3.5948294773697853,-48.5844444444444,0,-437.2599999999996,9,51,straddle_abuse,35.274529774983726,0,0.2151,32,1,0,1730,0,0.0,3968,30
3.637713845819235,-48.44444444444439,0,-435.99999999999955,9,50,straddle_abuse,35.33662796020508,0,0.214,32,1,0,1730,0,0.0,4096,31
3.492750857025385,-47.287777777777755,4.98,-425.5899999999998,9,39,straddle_abuse,33.81575139363607,1,0.213,28,1,0,1730,0,0.0,4224,32
3.714883392676711,-49.37999999999997,0,-444.4199999999997,9,59,straddle_abuse,35.98290125528971,0,0.2119,23,1,0,1730,0,0.0,4352,33
3.6754995081573725,-48.4833333333333,0,-436.3499999999997,9,51,straddle_abuse,34.7031135559082,0,0.2108,28,1,0,1730,0,0.0,4480,34
3.5995444525033236,-47.684444444444395,0,-429.15999999999957,9,43,straddle_abuse,34.3614247639974,0,0.2098,29,1,0,1730,0,0.0,4608,35
3.5225268956273794,-47.936666666666625,0,-431.4299999999996,9,45,straddle_abuse,33.94957478841146,0,0.2087,23,1,0,1730,0,0.0,4736,36
3.544788682833314,-48.57111111111106,0,-437.13999999999953,9,51,straddle_abuse,35.205919901529946,0,0.2077,25,1,0,1730,0,0.0,4864,37
3.7234343886375427,-48.95888888888883,0,-440.6299999999995,9,55,straddle_abuse,36.348618825276695,0,0.2066,30,1,0,1730,0,0.0,4992,38
3.6509461253881454,-48.75444444444438,0,-438.78999999999945,9,53,straddle_abuse,35.59094111124674,0,0.2056,20,1,0,1730,0,0.0,5120,39
3.6873647402971983,-48.709999999999965,0,-438.3899999999997,9,53,straddle_abuse,35.412513732910156,0,0.2046,25,1,0,1730,0,0.0,5248,40
3.6617685090750456,-48.00777777777775,0,-432.0699999999997,9,46,straddle_abuse,34.4042116800944,0,0.2036,25,1,0,1730,0,0.0,5376,41
3.741246435791254,-47.95222222222217,1.8,-431.56999999999954,9,46,straddle_abuse,34.751904805501304,0,0.2025,24,1,0,1730,0,0.0,5504,42
3.6163031589239836,-49.222222222222165,0,-442.9999999999995,9,57,straddle_abuse,36.031176249186196,0,0.2015,28,1,0,1730,0,0.0,5632,43
3.7567299604415894,-48.1511111111111,23.79,-433.3599999999999,9,72,straddle_abuse,35.39596684773763,1,0.2005,31,1,0,1730,0,0.0,5760,44
3.7531020417809486,-49.48222222222217,0,-445.3399999999995,9,60,straddle_abuse,37.16288375854492,0,0.1995,29,1,0,1730,0,0.0,5888,45
3.7368714045733213,-49.10666666666664,10.36,-441.95999999999975,9,67,straddle_abuse,36.55672709147135,1,0.1985,32,1,0,1730,0,0.0,6016,46
3.775085611268878,-50.01666666666662,0,-450.1499999999996,9,65,straddle_abuse,37.570936838785805,0,0.1975,21,1,0,1730,0,0.0,6144,47
3.7982581946998835,-50.6666666666666,0,-455.99999999999943,9,71,straddle_abuse,38.73633575439453,0,0.1965,27,1,0,1730,0,0.0,6272,48
3.8599710389971733,-50.234444444444414,0,-452.10999999999973,9,67,straddle_abuse,37.999070485432945,0,0.1956,33,1,0,1730,0,0.0,6400,49
3.707719463855028,-49.83333333333328,0,-448.4999999999995,9,63,straddle_abuse,38.094678243001304,0,0.1946,27,1,0,1730,0,0.0,6528,50
3.7102565336972475,-49.49888888888886,0,-445.4899999999997,9,60,straddle_abuse,36.97604751586914,0,0.1936,31,1,0,1730,0,0.0,6656,51
3.755296304821968,-48.87777777777775,0,-439.89999999999975,9,54,straddle_abuse,35.892800649007164,0,0.1926,25,1,0,1730,0,0.0,6784,52
3.711390145123005,-49.42333333333332,0,-444.8099999999999,9,59,straddle_abuse,36.95618693033854,0,0.1917,23,1,0,1730,0,0.0,6912,53
3.8077669702470303,-50.14888888888886,0,-451.33999999999975,9,66,straddle_abuse,38.28538258870443,0,0.1907,23,1,0,1730,0,0.0,7040,54
3.6756991893053055,-48.366666666666646,0,-435.2999999999998,9,49,straddle_abuse,35.16662343343099,0,0.1898,17,1,0,1730,0,0.0,7168,55
3.684034561738372,-50.6644444444444,0,-455.9799999999996,9,70,straddle_abuse,39.531350453694664,0,0.1888,19,1,0,1730,0,0.0,7296,56
3.7050291411578655,-49.20333333333328,0,-442.82999999999953,9,57,straddle_abuse,36.93884404500326,0,0.1879,24,1,0,1730,0,0.0,7424,57
3.759647848084569,-50.24888888888882,0,-452.2399999999994,9,67,straddle_abuse,38.45114390055338,0,0.1869,33,1,0,1730,0,0.0,7552,58
3.8731232807040215,-51.471111111111064,0,-463.23999999999955,9,78,straddle_abuse,40.86125691731771,0,0.186,27,1,0,1730,0,0.0,7680,59
3.6814113929867744,-48.91333333333328,0,-440.2199999999995,9,54,straddle_abuse,35.94531758626302,0,0.1851,23,1,0,1730,0,0.0,7808,60
3.807837003841996,-46.712222222222195,27.75,-420.40999999999974,9,63,straddle_abuse,35.001461029052734,1,0.1841,21,1,0,1730,0,0.0,7936,61
3.7487557772547007,-47.50111111111109,19.82,-427.5099999999998,9,62,straddle_abuse,35.264268239339195,1,0.1832,20,1,0,1730,0,0.0,8064,62
3.7180643137544394,-48.45888888888882,0,-436.12999999999937,9,50,straddle_abuse,35.80669911702474,0,0.1823,17,1,0,1730,0,0.0,8192,63
3.7938008308410645,-50.05999999999995,0,-450.53999999999957,9,65,straddle_abuse,38.2035280863444,0,0.1814,27,1,0,1730,0,0.0,8320,64
3.7876665610820055,-48.06555555555551,12.81,-432.58999999999963,9,60,straddle_abuse,34.94880803426107,1,0.1805,17,1,0,1730,0,0.0,8448,65
3.6759966164827347,-49.1122222222222,0,-442.0099999999998,9,56,straddle_abuse,35.97854487101237,0,0.1796,19,1,0,1730,0,0.0,8576,66
3.707759752869606,-49.90888888888887,0,-449.1799999999998,9,63,straddle_abuse,37.6042111714681,0,0.1787,28,1,0,1730,0,0.0,8704,67
3.799780000001192,-50.16888888888885,0,-451.51999999999964,9,66,straddle_abuse,37.9667599995931,0,0.1778,26,1,0,1730,0,0.0,8832,68
3.7076580859720707,-49.334444444444415,0,-444.00999999999976,9,58,straddle_abuse,37.171094258626304,0,0.1769,20,1,0,1730,0,0.0,8960,69
3.684631085023284,-48.99666666666662,0,-440.9699999999996,9,55,straddle_abuse,36.17337290445963,0,0.176,26,1,0,1730,0,0.0,9088,70
3.760023707523942,-50.28777777777772,0,-452.58999999999946,9,67,straddle_abuse,37.99254353841146,0,0.1751,17,1,0,1730,0,0.0,9216,71
3.7209644820541143,-47.75999999999999,27.75,-429.8399999999999,9,72,straddle_abuse,36.02075703938802,1,0.1743,19,1,0,1730,0,0.0,9344,72
3.8011212199926376,-49.813333333333276,0,-448.3199999999995,9,63,straddle_abuse,37.73972193400065,0,0.1734,19,1,0,1730,0,0.0,9472,73
3.712489243596792,-49.32444444444439,0,-443.9199999999995,9,58,straddle_abuse,36.96234130859375,0,0.1725,20,1,0,1730,0,0.0,9600,74
3.6546305511146784,-49.01999999999996,0,-441.17999999999967,9,55,straddle_abuse,36.44187800089518,0,0.1717,26,1,0,1730,0,0.0,9728,75
3.6164765544235706,-48.75999999999997,9.96,-438.83999999999975,9,63,straddle_abuse,35.97090276082357,1,0.1708,28,1,0,1730,0,0.0,9856,76
3.7000025529414415,-50.17888888888885,1.85,-451.6099999999996,9,67,straddle_abuse,38.068135579427086,0,0.1699,19,1,0,1730,0,0.0,9984,77
3.673490023240447,-50.63111111111107,0,-455.6799999999996,9,70,straddle_abuse,39.453408559163414,0,0.1691,20,1,0,1730,0,0.0,10112,78
3.527291776612401,-44.46999999999996,37,-400.2299999999997,9,51,straddle_abuse,36.136610666910805,1,0.1683,19,1,0,1730,1,0.1111111111111111,10240,79
3.5419250559061766,-49.00555555555553,0,-441.0499999999998,9,55,straddle_abuse,36.036293029785156,0,0.1674,26,1,0,1730,0,0.0,10368,80
3.5029735900461674,-49.701111111111054,0,-447.3099999999995,9,61,straddle_abuse,37.981554667154946,0,0.1666,23,1,0,1730,0,0.0,10496,81
3.4704757053405046,-49.784444444444404,0,-448.0599999999996,9,62,straddle_abuse,37.79832458496094,0,0.1657,17,1,0,1730,0,0.0,10624,82
3.423096612095833,-48.836666666666645,0,-439.5299999999998,9,53,straddle_abuse,36.18017450968424,0,0.1649,24,1,0,1730,0,0.0,10752,83
3.3876200914382935,-48.27888888888884,0,-434.50999999999954,9,48,straddle_abuse,35.21581268310547,0,0.1641,23,1,0,1730,0,0.0,10880,84
3.34433214366436,-49.408888888888875,0,-444.6799999999999,9,58,straddle_abuse,37.07697677612305,0,0.1633,26,1,0,1730,0,0.0,11008,85
3.3255162127316,-47.878888888888895,0,-430.91,9,44,straddle_abuse,34.846075693766274,0,0.1625,20,1,0,1730,0,0.0,11136,86
3.3114916421473026,-49.00333333333336,0,-441.0300000000002,9,54,straddle_abuse,37.31841150919596,0,0.1616,19,1,0,1730,0,0.0,11264,87
3.5129115488380194,-49.22888888888886,0,-443.0599999999998,9,57,straddle_abuse,36.689154307047524,0,0.1608,20,1,0,1730,0,0.0,11392,88
3.4502150006592274,-48.857777777777734,1.68,-439.71999999999963,9,55,straddle_abuse,35.93734614054362,0,0.16,20,1,0,1730,0,0.0,11520,89
3.4283452536910772,-49.07444444444441,0,-441.6699999999997,9,55,straddle_abuse,36.68488057454427,0,0.1592,22,1,0,1730,0,0.0,11648,90
3.5109116546809673,-48.55333333333331,0,-436.9799999999998,9,51,straddle_abuse,34.65568288167318,0,0.1584,17,1,0,1730,0,0.0,11776,91
3.609140308573842,-50.0822222222222,0,-450.7399999999998,9,65,straddle_abuse,38.15571721394857,0,0.1576,28,1,0,1730,0,0.0,11904,92
3.5801049675792456,-49.581111111111085,1.65,-446.22999999999973,9,62,straddle_abuse,37.6088015238444,0,0.1569,17,1,0,1730,0,0.0,12032,93
3.6277839113026857,-48.76444444444441,0,-438.87999999999965,9,53,straddle_abuse,35.702396392822266,0,0.1561,21,1,0,1730,0,0.0,12160,94
3.6733753476291895,-49.93999999999996,0,-449.45999999999964,9,64,straddle_abuse,37.74725214640299,0,0.1553,13,1,0,1730,0,0.0,12288,95
3.5650607272982597,-49.01999999999996,0,-441.17999999999967,9,55,straddle_abuse,36.733384450276695,0,0.1545,24,1,0,1730,0,0.0,12416,96
3.5799657702445984,-49.14444444444439,0,-442.2999999999995,9,56,straddle_abuse,36.205623626708984,0,0.1537,17,1,0,1730,0,0.0,12544,97
3.593935389071703,-48.12111111111108,0,-433.0899999999997,9,47,straddle_abuse,35.01338577270508,0,0.153,12,1,0,1730,0,0.0,12672,98
3.752391442656517,-49.7244444444444,0,-447.5199999999996,9,62,straddle_abuse,37.044612884521484,0,0.1522,21,1,0,1730,0,0.0,12800,99
3.906852776184678,-48.64666666666662,17.12,-437.8199999999996,9,70,straddle_abuse,45.8176383972168,1,0.25,26,2,0,1731,0,0.0,128,0
3.857090627774596,-50.141111111111066,0,-451.2699999999996,9,66,straddle_abuse,46.97649256388346,0,0.2487,32,2,0,1731,0,0.0,256,1
3.81830813921988,-50.05666666666662,0,-450.5099999999996,9,65,straddle_abuse,46.373032887776695,0,0.2475,27,2,0,1731,0,0.0,384,2
3.790058519691229,-49.41444444444438,0,-444.7299999999994,9,59,straddle_abuse,43.84492111206055,0,0.2463,37,2,0,1731,0,0.0,512,3
3.845861589536071,-50.26555555555555,0,-452.38999999999993,9,67,straddle_abuse,45.1373036702474,0,0.245,37,2,0,1731,0,0.0,640,4
3.8360184226185083,-50.15111111111108,0,-451.35999999999973,9,66,straddle_abuse,43.117295583089195,0,0.2438,37,2,0,1731,0,0.0,768,5
3.7866980209946632,-49.297777777777696,0,-443.67999999999927,9,58,straddle_abuse,41.33114369710287,0,0.2426,33,2,0,1731,0,0.0,896,6
3.8710513673722744,-50.26111111111105,0,-452.34999999999945,9,67,straddle_abuse,41.83208211263021,0,0.2414,31,2,0,1731,0,0.0,1024,7
3.9294971097260714,-51.43888888888885,0,-462.94999999999965,9,78,straddle_abuse,43.746351877848305,0,0.2402,28,2,0,1731,0,0.0,1152,8
3.8049121741205454,-49.72111111111107,0,-447.48999999999967,9,62,straddle_abuse,39.35256322224935,0,0.239,30,2,0,1731,0,0.0,1280,9
3.72232280485332,-49.453333333333305,0,-445.07999999999976,9,59,straddle_abuse,38.5291748046875,0,0.2378,28,2,0,1731,0,0.0,1408,10
3.8426187969744205,-50.913333333333284,0,-458.2199999999996,9,73,straddle_abuse,40.34228006998698,0,0.2366,26,2,0,1731,0,0.0,1536,11
3.8959347661584616,-50.70111111111109,0,-456.3099999999998,9,71,straddle_abuse,39.87315368652344,0,0.2354,35,2,0,1731,0,0.0,1664,12
3.850214110687375,-49.89222222222218,11.9,-449.02999999999963,9,76,straddle_abuse,37.77105204264323,1,0.2342,28,2,0,1731,0,0.0,1792,13
3.7870872132480145,-49.536666666666626,0,-445.82999999999964,9,60,straddle_abuse,37.1040891011556,0,0.2331,34,2,0,1731,0,0.0,1920,14
3.7043202370405197,-50.10555555555552,0,-450.94999999999965,9,65,straddle_abuse,38.751461029052734,0,0.2319,30,2,0,1731,0,0.0,2048,15
3.8778685741126537,-50.69222222222218,0,-456.2299999999996,9,71,straddle_abuse,38.801194508870445,0,0.2307,26,2,0,1731,0,0.0,2176,16
3.8805233500897884,-50.76888888888885,0,-456.9199999999997,9,72,straddle_abuse,38.708560943603516,0,0.2296,26,2,0,1731,0,0.0,2304,17
3.8100269623100758,-49.719999999999956,0,-447.4799999999996,9,62,straddle_abuse,37.455322265625,0,0.2284,30,2,0,1731,0,0.0,2432,18
3.903844889253378,-51.44333333333331,0,-462.9899999999998,9,78,straddle_abuse,41.14501063028971,0,0.2273,32,2,0,1731,0,0.0,2560,19
3.824700813740492,-50.39777777777774,0,-453.57999999999964,9,68,straddle_abuse,38.96528625488281,0,0.2262,26,2,0,1731,0,0.0,2688,20
3.7265175376087427,-49.63222222222217,0,-446.6899999999995,9,61,straddle_abuse,37.400587717692055,0,0.225,33,2,0,1731,0,0.0,2816,21
3.866395877674222,-50.666666666666636,0,-455.9999999999997,9,71,straddle_abuse,38.69009653727213,0,0.2239,26,2,0,1731,0,0.0,2944,22
3.633496005088091,-49.672222222222196,0,-447.0499999999998,9,61,straddle_abuse,37.5995979309082,0,0.2228,33,2,0,1731,0,0.0,3072,23
3.814402000978589,-50.26888888888887,0,-452.4199999999998,9,67,straddle_abuse,38.09636433919271,0,0.2217,30,2,0,1731,0,0.0,3200,24
3.6937287598848343,-49.12999999999994,0,-442.16999999999945,9,56,straddle_abuse,36.74820454915365,0,0.2206,28,2,0,1731,0,0.0,3328,25
3.8471562918275595,-51.351111111111074,0,-462.1599999999997,9,77,straddle_abuse,40.10388946533203,0,0.2195,30,2,0,1731,0,0.0,3456,26
3.7333301845937967,-50.39333333333329,0,-453.53999999999957,9,68,straddle_abuse,37.93341827392578,0,0.2184,33,2,0,1731,0,0.0,3584,27
3.7986886873841286,-51.149999999999956,0,-460.3499999999996,9,75,straddle_abuse,39.52519607543945,0,0.2173,22,2,0,1731,0,0.0,3712,28
3.68778745085001,-50.712222222222195,0,-456.40999999999974,9,71,straddle_abuse,38.93244298299154,0,0.2162,27,2,0,1731,0,0.0,3840,29
3.6865741722285748,-49.01888888888885,2.5,-441.1699999999997,9,58,straddle_abuse,36.20072809855143,0,0.2151,18,2,0,1731,0,0.0,3968,30
3.5377855002880096,-49.888888888888864,0,-448.9999999999998,9,63,straddle_abuse,38.27460606892904,0,0.214,21,2,0,1731,0,0.0,4096,31
3.4680206142365932,-49.05111111111109,0,-441.4599999999998,9,55,straddle_abuse,35.62325795491537,0,0.213,21,2,0,1731,0,0.0,4224,32
3.4729668088257313,-48.24999999999998,23.78,-434.24999999999983,9,60,straddle_abuse,35.370314280192055,1,0.2119,27,2,0,1731,0,0.0,4352,33
3.4372063986957073,-48.42111111111111,0,-435.78999999999996,9,49,straddle_abuse,36.00839106241862,0,0.2108,27,2,0,1731,0,0.0,4480,34
3.4918440133333206,-49.27999999999996,0,-443.51999999999964,9,57,straddle_abuse,36.59273910522461,0,0.2098,15,2,0,1731,0,0.0,4608,35
3.5622535441070795,-49.038888888888835,0,-441.3499999999995,9,55,straddle_abuse,36.739419301350914,0,0.2087,29,2,0,1731,0,0.0,4736,36
3.5661166701465845,-48.81222222222219,1.54,-439.3099999999997,9,55,straddle_abuse,35.58472569783529,0,0.2077,30,2,0,1731,0,0.0,4864,37
3.7931041698902845,-50.582222222222185,0,-455.23999999999967,9,70,straddle_abuse,38.615893046061196,0,0.2066,24,2,0,1731,0,0.0,4992,38
3.787817895412445,-50.812222222222175,0,-457.3099999999996,9,72,straddle_abuse,39.55416361490885,0,0.2056,21,2,0,1731,0,0.0,5120,39
3.8202671706676483,-51.338888888888846,0,-462.0499999999996,9,77,straddle_abuse,40.45990117390951,0,0.2046,28,2,0,1731,0,0.0,5248,40
3.7766193095594645,-50.24888888888885,0,-452.23999999999967,9,67,straddle_abuse,37.97983423868815,0,0.2036,23,2,0,1731,0,0.0,5376,41
3.657719559967518,-48.96888888888883,0,-440.71999999999946,9,55,straddle_abuse,36.238171895345054,0,0.2025,23,2,0,1731,0,0.0,5504,42
3.782500484958291,-49.60666666666662,0,-446.4599999999996,9,61,straddle_abuse,37.27920277913412,0,0.2015,21,2,0,1731,0,0.0,5632,43
3.7339237835258245,-48.86111111111103,0,-439.74999999999926,9,54,straddle_abuse,36.01650746663412,0,0.2005,28,2,0,1731,0,0.0,5760,44
3.824110919609666,-49.3844444444444,0,-444.4599999999996,9,59,straddle_abuse,37.17998123168945,0,0.1995,30,2,0,1731,0,0.0,5888,45
3.7510567009449005,-50.09111111111104,0,-450.81999999999937,9,65,straddle_abuse,38.40164057413737,0,0.1985,24,2,0,1731,0,0.0,6016,46
3.7333337496966124,-49.07333333333328,0,-441.6599999999995,9,56,straddle_abuse,35.87968317667643,0,0.1975,21,2,0,1731,0,0.0,6144,47
3.7650310937315226,-48.41777777777774,0,-435.75999999999965,9,50,straddle_abuse,34.70428975423177,0,0.1965,27,2,0,1731,0,0.0,6272,48
3.818103125318885,-50.829999999999956,0,-457.46999999999963,9,72,straddle_abuse,39.60130182902018,0,0.1956,29,2,0,1731,0,0.0,6400,49
3.915891529992223,-51.50666666666664,0,-463.5599999999998,9,79,straddle_abuse,40.445046742757164,0,0.1946,23,2,0,1731,0,0.0,6528,50
3.77233281545341,-48.83555555555552,0,-439.5199999999997,9,54,straddle_abuse,35.604058583577476,0,0.1936,17,2,0,1731,0,0.0,6656,51
3.8138970527797937,-49.49888888888885,0,-445.48999999999967,9,60,straddle_abuse,36.91914749145508,0,0.1926,29,2,0,1731,0,0.0,6784,52
3.7180950194597244,-50.51555555555552,0,-454.6399999999997,9,69,straddle_abuse,38.78786977132162,0,0.1917,32,2,0,1731,0,0.0,6912,53
3.7687403187155724,-49.25777777777775,1.78,-443.3199999999997,9,58,straddle_abuse,36.601643880208336,0,0.1907,21,2,0,1731,0,0.0,7040,54
3.718758137896657,-48.67333333333327,0,-438.05999999999943,9,52,straddle_abuse,35.90385945638021,0,0.1898,26,2,0,1731,0,0.0,7168,55
3.585312383249402,-48.60999999999998,0,-437.4899999999998,9,51,straddle_abuse,35.44488271077474,0,0.1888,23,2,0,1731,0,0.0,7296,56
3.7173758428543806,-48.97555555555556,0,-440.78000000000003,9,55,straddle_abuse,35.532632191975914,0,0.1879,28,2,0,1731,0,0.0,7424,57
3.606494238600135,-48.823333333333295,0,-439.4099999999996,9,53,straddle_abuse,36.10484949747721,0,0.1869,35,2,0,1731,0,0.0,7552,58
3.6972802728414536,-49.22333333333331,0,-443.00999999999976,9,57,straddle_abuse,36.42602793375651,0,0.186,30,2,0,1731,0,0.0,7680,59
3.774088243022561,-49.388888888888836,0,-444.49999999999955,9,59,straddle_abuse,35.95970916748047,0,0.1851,20,2,0,1731,0,0.0,7808,60
3.6621338352560997,-46.77333333333331,12.33,-420.9599999999998,9,52,straddle_abuse,33.804186503092446,4,0.1841,18,2,0,1731,0,0.0,7936,61
3.751716548576951,-49.641111111111066,0,-446.7699999999996,9,61,straddle_abuse,37.1478640238444,0,0.1832,17,2,0,1731,0,0.0,8064,62
3.7650379817932844,-48.406666666666645,9.25,-435.6599999999998,9,59,straddle_abuse,35.35585149129232,1,0.1823,26,2,0,1731,0,0.0,8192,63
3.7331931740045547,-48.4044444444444,5.69,-435.6399999999996,9,51,straddle_abuse,34.60273106892904,1,0.1814,23,2,0,1731,0,0.0,8320,64
3.696912245824933,-48.977777777777746,1.36,-440.7999999999997,9,55,straddle_abuse,35.887290954589844,0,0.1805,23,2,0,1731,0,0.0,8448,65
3.788807302713394,-49.587777777777724,2.51,-446.2899999999995,9,61,straddle_abuse,36.697333017985024,0,0.1796,22,2,0,1731,0,0.0,8576,66
3.7007704861462116,-49.30888888888886,0,-443.77999999999975,9,58,straddle_abuse,36.266204833984375,0,0.1787,26,2,0,1731,0,0.0,8704,67
3.6759913489222527,-49.54555555555554,0,-445.90999999999985,9,60,straddle_abuse,37.04236094156901,0,0.1778,23,2,0,1731,0,0.0,8832,68
3.618618519976735,-48.65666666666664,0,-437.90999999999974,9,52,straddle_abuse,35.06171162923177,0,0.1769,21,2,0,1731,0,0.0,8960,69
3.6931598465889692,-49.402222222222186,0,-444.61999999999966,9,59,straddle_abuse,36.27832158406576,0,0.176,22,2,0,1731,0,0.0,9088,70
3.522552216425538,-48.89777777777772,0,-440.0799999999995,9,54,straddle_abuse,36.27259318033854,0,0.1751,29,2,0,1731,0,0.0,9216,71
3.4941448625177145,-48.89222222222218,0,-440.02999999999963,9,54,straddle_abuse,35.84396489461263,0,0.1743,20,2,0,1731,0,0.0,9344,72
3.5499774999916553,-49.13222222222218,0,-442.18999999999966,9,56,straddle_abuse,36.383358001708984,0,0.1734,27,2,0,1731,0,0.0,9472,73
3.5141985062509775,-48.5811111111111,0,-437.2299999999999,9,51,straddle_abuse,35.630226135253906,0,0.1725,32,2,0,1731,0,0.0,9600,74
3.55645652115345,-49.32888888888887,0.25,-443.9599999999998,9,58,straddle_abuse,36.53532282511393,0,0.1717,23,2,0,1731,0,0.0,9728,75
3.5608904622495174,-49.194444444444414,0,-442.7499999999997,9,57,straddle_abuse,36.834486643473305,0,0.1708,23,2,0,1731,0,0.0,9856,76
3.453646408393979,-47.94999999999993,5.14,-431.5499999999994,9,50,straddle_abuse,35.515454610188804,1,0.1699,22,2,0,1731,0,0.0,9984,77
3.5847369264811277,-48.33111111111107,0,-434.9799999999996,9,49,straddle_abuse,34.82599004109701,0,0.1691,22,2,0,1731,0,0.0,10112,78
3.534176290035248,-47.51888888888891,1.85,-427.6700000000002,9,43,straddle_abuse,34.36553064982096,0,0.1683,25,2,0,1731,0,0.0,10240,79
3.690180156379938,-49.00999999999996,0,-441.08999999999963,9,55,straddle_abuse,36.24204889933268,0,0.1674,18,2,0,1731,0,0.0,10368,80
3.709190843626857,-48.75222222222219,0,-438.7699999999997,9,53,straddle_abuse,35.742000579833984,0,0.1666,30,2,0,1731,0,0.0,10496,81
3.7524321414530277,-48.74555555555553,5.83,-438.7099999999998,9,59,straddle_abuse,35.84255345662435,1,0.1657,19,2,0,1731,0,0.0,10624,82
3.7542415987700224,-49.625555555555515,0,-446.62999999999965,9,61,straddle_abuse,37.26064809163412,0,0.1649,18,2,0,1731,0,0.0,10752,83
3.6666829586029053,-49.09888888888887,0,-441.8899999999999,9,56,straddle_abuse,36.798744201660156,0,0.1641,22,2,0,1731,0,0.0,10880,84
3.866006264463067,-50.52777777777778,0,-454.75,9,70,straddle_abuse,38.87919616699219,0,0.1633,18,2,0,1731,0,0.0,11008,85
3.918379059061408,-51.079999999999984,0,-459.71999999999986,9,75,straddle_abuse,40.18328094482422,0,0.1625,20,2,0,1731,0,0.0,11136,86
3.7680994402617216,-50.0744444444444,0,-450.6699999999996,9,65,straddle_abuse,38.44693120320638,0,0.1616,23,2,0,1731,0,0.0,11264,87
3.825385008007288,-49.87333333333332,13.22,-448.8599999999999,9,77,straddle_abuse,38.505855560302734,1,0.1608,20,2,0,1731,0,0.0,11392,88
3.893659818917513,-50.37555555555553,0,-453.37999999999977,9,69,straddle_abuse,38.580702463785805,0,0.16,21,2,0,1731,0,0.0,11520,89
3.7689661029726267,-49.93333333333327,0,-449.39999999999947,9,64,straddle_abuse,37.38901901245117,0,0.1592,20,2,0,1731,0,0.0,11648,90
3.8114748913794756,-49.352222222222196,0,-444.16999999999973,9,59,straddle_abuse,36.72874450683594,0,0.1584,22,2,0,1731,0,0.0,11776,91
3.6938672941178083,-49.85666666666661,0,-448.7099999999995,9,63,straddle_abuse,37.207052866617836,0,0.1576,19,2,0,1731,0,0.0,11904,92
3.6863626036792994,-48.86555555555552,0,-439.7899999999996,9,54,straddle_abuse,35.64090092976888,0,0.1569,13,2,0,1731,0,0.0,12032,93
3.762471940368414,-48.03777777777774,5.14,-432.3399999999997,9,52,straddle_abuse,34.97349294026693,1,0.1561,17,2,0,1731,0,0.0,12160,94
3.843719147145748,-50.67999999999997,0,-456.1199999999997,9,71,straddle_abuse,38.706138610839844,0,0.1553,18,2,0,1731,0,0.0,12288,95
3.829656595364213,-50.45555555555551,0,-454.0999999999996,9,69,straddle_abuse,38.23555374145508,0,0.1545,20,2,0,1731,0,0.0,12416,96
3.7966784965246916,-49.76222222222216,3.33,-447.8599999999994,9,66,straddle_abuse,37.1229502360026,1,0.1537,19,2,0,1731,0,0.0,12544,97
3.731748888269067,-48.86222222222215,0,-439.75999999999937,9,54,straddle_abuse,35.59825770060221,0,0.153,16,2,0,1731,0,0.0,12672,98
3.732270486652851,-47.8722222222222,2.06,-430.8499999999998,9,47,straddle_abuse,33.882765452067055,0,0.1522,19,2,0,1731,0,0.0,12800,99
3.870125977322459,-50.7033333333333,0,-456.3299999999997,9,71,straddle_abuse,51.00651295979818,0,0.25,26,3,0,1732,0,0.0,128,0
3.856632651761174,-50.145555555555525,0,-451.3099999999997,9,66,straddle_abuse,49.29713439941406,0,0.2487,21,3,0,1732,0,0.0,256,1
3.800396878272295,-48.982222222222155,0,-440.8399999999994,9,55,straddle_abuse,45.046024322509766,0,0.2475,24,3,0,1732,0,0.0,384,2
3.9088881723582745,-50.66333333333327,0,-455.96999999999946,9,71,straddle_abuse,47.96747843424479,0,0.2463,30,3,0,1732,0,0.0,512,3
3.8708998393267393,-51.02555555555552,0,-459.2299999999997,9,74,straddle_abuse,47.22750600179037,0,0.245,32,3,0,1732,0,0.0,640,4
3.873299218714237,-49.474444444444444,5.39,-445.27,9,65,straddle_abuse,44.06454213460287,1,0.2438,37,3,0,1732,0,0.0,768,5
3.850073890760541,-50.2633333333333,0,-452.3699999999997,9,67,straddle_abuse,43.61830520629883,0,0.2426,26,3,0,1732,0,0.0,896,6
3.895682355388999,-49.70999999999996,0,-447.38999999999965,9,62,straddle_abuse,42.07195536295573,0,0.2414,31,3,0,1732,0,0.0,1024,7
3.9430796951055527,-51.86888888888884,0,-466.81999999999954,9,82,straddle_abuse,45.92813237508138,0,0.2402,26,3,0,1732,0,0.0,1152,8
3.8662739358842373,-50.374444444444435,0,-453.36999999999995,9,68,straddle_abuse,40.908287048339844,0,0.239,32,3,0,1732,0,0.0,1280,9
3.92687482573092,-47.64555555555553,37,-428.8099999999998,9,81,straddle_abuse,44.17112477620443,1,0.2378,30,3,0,1732,1,0.1111111111111111,1408,10
3.9146184138953686,-50.46666666666662,5.66,-454.1999999999996,9,75,straddle_abuse,40.28268178304037,1,0.2366,23,3,0,1732,0,0.0,1536,11
3.847881330177188,-51.2544444444444,0,-461.2899999999996,9,76,straddle_abuse,41.52755991617838,0,0.2354,33,3,0,1732,0,0.0,1664,12
3.7474623825401068,-48.90444444444445,0,-440.14000000000004,9,54,straddle_abuse,36.867071787516274,0,0.2342,27,3,0,1732,0,0.0,1792,13
3.7510885391384363,-50.8288888888889,0,-457.4600000000001,9,72,straddle_abuse,40.47283935546875,0,0.2331,29,3,0,1732,0,0.0,1920,14
3.704616453498602,-49.544444444444395,0,-445.8999999999995,9,60,straddle_abuse,37.04790369669596,0,0.2319,29,3,0,1732,0,0.0,2048,15
3.809900661930442,-50.67888888888888,0,-456.1099999999999,9,71,straddle_abuse,39.5101572672526,0,0.2307,26,3,0,1732,0,0.0,2176,16
3.8258263263851404,-50.67111111111108,0,-456.03999999999974,9,71,straddle_abuse,38.81673685709635,0,0.2296,36,3,0,1732,0,0.0,2304,17
3.7041479516774416,-49.83555555555551,0,-448.5199999999996,9,63,straddle_abuse,37.286566416422524,0,0.2284,28,3,0,1732,0,0.0,2432,18
3.7697289492934942,-50.38222222222218,3.97,-453.43999999999966,9,72,straddle_abuse,37.91285959879557,1,0.2273,36,3,0,1732,0,0.0,2560,19
3.6095395274460316,-46.14888888888885,11.9,-415.33999999999963,9,53,straddle_abuse,32.08276621500651,2,0.2262,29,3,0,1732,0,0.0,2688,20
3.7561541628092527,-49.75444444444439,0,-447.7899999999995,9,62,straddle_abuse,37.628492991129555,0,0.225,31,3,0,1732,0,0.0,2816,21
3.6729925591498613,-49.33888888888885,0,-444.04999999999967,9,58,straddle_abuse,36.60045878092448,0,0.2239,20,3,0,1732,0,0.0,2944,22
3.778925869613886,-49.08888888888882,0,-441.79999999999933,9,56,straddle_abuse,36.5616086324056,0,0.2228,26,3,0,1732,0,0.0,3072,23
3.67451842315495,-49.245555555555526,0,-443.20999999999975,9,57,straddle_abuse,36.7570915222168,0,0.2217,30,3,0,1732,0,0.0,3200,24
3.920929593965411,-51.0811111111111,0,-459.7299999999999,9,75,straddle_abuse,40.48287582397461,0,0.2206,34,3,0,1732,0,0.0,3328,25
3.784072022885084,-49.73888888888885,0,-447.6499999999997,9,62,straddle_abuse,37.457820892333984,0,0.2195,29,3,0,1732,0,0.0,3456,26
3.866067264229059,-50.555555555555515,0,-454.99999999999966,9,70,straddle_abuse,39.130385080973305,0,0.2184,25,3,0,1732,0,0.0,3584,27
3.8362035527825356,-51.44111111111108,0,-462.9699999999997,9,78,straddle_abuse,40.486550649007164,0,0.2173,31,3,0,1732,0,0.0,3712,28
3.676026178523898,-49.32666666666663,1.85,-443.9399999999997,9,58,straddle_abuse,36.64825948079427,0,0.2162,26,3,0,1732,0,0.0,3840,29
3.7064025420695543,-51.14999999999997,0,-460.34999999999974,9,75,straddle_abuse,39.696030934651695,0,0.2151,32,3,0,1732,0,0.0,3968,30
3.6663018632680178,-50.419999999999966,0,-453.7799999999997,9,68,straddle_abuse,38.615020751953125,0,0.214,21,3,0,1732,0,0.0,4096,31
3.6759468726813793,-50.827777777777726,0,-457.44999999999953,9,72,straddle_abuse,39.55646514892578,0,0.213,35,3,0,1732,0,0.0,4224,32
3.613529158756137,-50.014444444444386,0,-450.1299999999995,9,64,straddle_abuse,38.10615666707357,0,0.2119,19,3,0,1732,0,0.0,4352,33
3.6438017208129168,-51.247777777777756,0,-461.2299999999998,9,76,straddle_abuse,39.62546920776367,0,0.2108,19,3,0,1732,0,0.0,4480,34
3.527605889365077,-50.21222222222219,0,-451.9099999999997,9,66,straddle_abuse,38.012465159098305,0,0.2098,22,3,0,1732,0,0.0,4608,35
3.7063297275453806,-51.468888888888856,0,-463.2199999999997,9,78,straddle_abuse,40.45249684651693,0,0.2087,29,3,0,1732,0,0.0,4736,36
3.6531502436846495,-49.62111111111109,0,-446.5899999999998,9,61,straddle_abuse,37.541430155436196,0,0.2077,30,3,0,1732,0,0.0,4864,37
3.6180021800100803,-50.95777777777774,0,-458.61999999999966,9,73,straddle_abuse,39.04791132609049,0,0.2066,24,3,0,1732,0,0.0,4992,38
3.6681388448923826,-50.61444444444439,0,-455.5299999999995,9,70,straddle_abuse,39.086386362711586,0,0.2056,30,3,0,1732,0,0.0,5120,39
3.553987167775631,-50.62999999999997,0,-455.66999999999973,9,70,straddle_abuse,38.30635070800781,0,0.2046,25,3,0,1732,0,0.0,5248,40
3.6472669560462236,-47.78999999999996,19.82,-430.1099999999996,9,64,straddle_abuse,35.52063115437826,1,0.2036,26,3,0,1732,0,0.0,5376,41
3.6019330490380526,-48.59555555555549,0,-437.35999999999945,9,51,straddle_abuse,35.30221811930338,0,0.2025,26,3,0,1732,0,0.0,5504,42
3.6426450200378895,-48.86777777777773,0,-439.8099999999996,9,54,straddle_abuse,35.760809580485024,0,0.2015,31,3,0,1732,0,0.0,5632,43
3.816089978441596,-49.93333333333331,0,-449.3999999999998,9,64,straddle_abuse,37.75663757324219,0,0.2005,27,3,0,1732,0,0.0,5760,44
3.7285919077694416,-49.85777777777777,0,-448.7199999999999,9,63,straddle_abuse,37.441062927246094,0,0.1995,29,3,0,1732,0,0.0,5888,45
3.731120005249977,-49.16222222222219,0,-442.4599999999997,9,57,straddle_abuse,36.246290842692055,0,0.1985,16,3,0,1732,0,0.0,6016,46
3.8488788697868586,-51.11444444444444,0,-460.0299999999999,9,75,straddle_abuse,39.91218821207682,0,0.1975,29,3,0,1732,0,0.0,6144,47
3.6995759084820747,-48.64777777777775,0,-437.82999999999976,9,52,straddle_abuse,35.7898801167806,0,0.1965,27,3,0,1732,0,0.0,6272,48
3.826787995174527,-52.53333333333332,0,-472.79999999999984,9,88,straddle_abuse,42.120705922444664,0,0.1956,25,3,0,1732,0,0.0,6400,49
3.772946011275053,-51.239999999999924,0,-461.15999999999934,9,76,straddle_abuse,40.68725840250651,0,0.1946,16,3,0,1732,0,0.0,6528,50
3.824569096788764,-52.319999999999965,0,-470.87999999999965,9,86,straddle_abuse,42.34693400065104,0,0.1936,26,3,0,1732,0,0.0,6656,51
3.6788968928158283,-51.14999999999996,0,-460.3499999999997,9,75,straddle_abuse,39.72124099731445,0,0.1926,25,3,0,1732,0,0.0,6784,52
3.7858372777700424,-51.42111111111106,0,-462.7899999999995,9,78,straddle_abuse,40.44623692830404,0,0.1917,22,3,0,1732,0,0.0,6912,53
3.8696984350681305,-52.83111111111108,0,-475.4799999999997,9,91,straddle_abuse,43.11950937906901,0,0.1907,22,3,0,1732,0,0.0,7040,54
3.7749701105058193,-50.3111111111111,0,-452.7999999999999,9,68,straddle_abuse,38.705909729003906,0,0.1898,28,3,0,1732,0,0.0,7168,55
3.786281805485487,-51.42222222222218,0,-462.7999999999996,9,78,straddle_abuse,40.319558461507164,0,0.1888,24,3,0,1732,0,0.0,7296,56
3.788935299962759,-51.015555555555515,0,-459.13999999999965,9,74,straddle_abuse,40.41574350992838,0,0.1879,27,3,0,1732,0,0.0,7424,57
3.788060277700424,-51.20222222222218,0,-460.81999999999965,9,76,straddle_abuse,40.59063212076823,0,0.1869,24,3,0,1732,0,0.0,7552,58
3.717615332454443,-50.39777777777773,0,-453.5799999999996,9,68,straddle_abuse,38.52599970499674,0,0.186,27,3,0,1732,0,0.0,7680,59
3.744471039623022,-50.29777777777773,0,-452.6799999999996,9,67,straddle_abuse,38.84925969441732,0,0.1851,23,3,0,1732,0,0.0,7808,60
3.8106826283037663,-50.356666666666634,0,-453.2099999999997,9,68,straddle_abuse,38.740081787109375,0,0.1841,30,3,0,1732,0,0.0,7936,61
3.688606372103095,-49.0844444444444,0,-441.7599999999996,9,56,straddle_abuse,36.071423848470054,0,0.1832,25,3,0,1732,0,0.0,8064,62
3.723276052623987,-48.89555555555549,0,-440.0599999999994,9,54,straddle_abuse,36.588574727376304,0,0.1823,25,3,0,1732,0,0.0,8192,63
3.7078625466674566,-50.30111111111106,0,-452.7099999999996,9,67,straddle_abuse,38.493858337402344,0,0.1814,21,3,0,1732,0,0.0,8320,64
3.800488594919443,-50.91888888888884,0,-458.2699999999995,9,73,straddle_abuse,39.61792246500651,0,0.1805,31,3,0,1732,0,0.0,8448,65
3.699609300121665,-48.53111111111105,0,-436.77999999999946,9,51,straddle_abuse,34.98687998453776,0,0.1796,28,3,0,1732,0,0.0,8576,66
3.8427544720470905,-50.15111111111108,2.62,-451.35999999999973,9,69,straddle_abuse,37.66326777140299,0,0.1787,26,3,0,1732,0,0.0,8704,67
3.7632011398673058,-49.404444444444366,0,-444.6399999999993,9,59,straddle_abuse,36.60732650756836,0,0.1778,21,3,0,1732,0,0.0,8832,68
3.844953065738082,-50.914444444444406,0,-458.2299999999997,9,73,straddle_abuse,40.01065444946289,0,0.1769,15,3,0,1732,0,0.0,8960,69
3.8032178785651922,-48.877777777777716,1.85,-439.89999999999947,9,56,straddle_abuse,35.563271840413414,0,0.176,24,3,0,1732,0,0.0,9088,70
3.68663134239614,-49.00999999999998,0,-441.0899999999998,9,55,straddle_abuse,35.92358652750651,0,0.1751,24,3,0,1732,0,0.0,9216,71
3.846211126074195,-50.50222222222218,0,-454.51999999999964,9,69,straddle_abuse,39.03975041707357,0,0.1743,20,3,0,1732,0,0.0,9344,72
3.7461051363497972,-49.64444444444439,0,-446.7999999999995,9,61,straddle_abuse,37.346327463785805,0,0.1734,24,3,0,1732,0,0.0,9472,73
3.8151554241776466,-50.12777777777776,0,-451.1499999999998,9,66,straddle_abuse,38.31234995524088,0,0.1725,28,3,0,1732,0,0.0,9600,74
3.74453535862267,-48.18888888888884,0,-433.69999999999953,9,48,straddle_abuse,34.572645823160805,0,0.1717,29,3,0,1732,0,0.0,9728,75
3.7846565321087837,-49.303333333333285,0,-443.72999999999956,9,58,straddle_abuse,37.28634897867838,0,0.1708,26,3,0,1732,0,0.0,9856,76
3.8569717407226562,-51.20777777777775,0,-460.8699999999998,9,76,straddle_abuse,40.29395548502604,0,0.1699,21,3,0,1732,0,0.0,9984,77
3.7779566776007414,-50.068888888888836,0,-450.6199999999995,9,65,straddle_abuse,37.834337870279946,0,0.1691,21,3,0,1732,0,0.0,10112,78
3.7615139726549387,-49.213333333333296,0,-442.9199999999997,9,57,straddle_abuse,37.41319020589193,0,0.1683,18,3,0,1732,0,0.0,10240,79
3.763975016772747,-49.43888888888884,0,-444.9499999999996,9,59,straddle_abuse,36.96846135457357,0,0.1674,19,3,0,1732,0,0.0,10368,80
3.844464046880603,-50.84444444444444,0,-457.59999999999997,9,72,straddle_abuse,39.82163874308268,0,0.1666,19,3,0,1732,0,0.0,10496,81
3.863834844902158,-50.33333333333329,0,-452.99999999999966,9,68,straddle_abuse,37.30952580769857,0,0.1657,23,3,0,1732,0,0.0,10624,82
3.7805694863200188,-49.83888888888886,0,-448.5499999999997,9,63,straddle_abuse,37.50302759806315,0,0.1649,19,3,0,1732,0,0.0,10752,83
3.8892386723309755,-50.79666666666661,0,-457.1699999999995,9,72,straddle_abuse,38.92017618815104,0,0.1641,14,3,0,1732,0,0.0,10880,84
3.7688247077167034,-49.110000000000014,0,-441.9900000000001,9,56,straddle_abuse,36.48037592569987,0,0.1633,22,3,0,1732,0,0.0,11008,85
3.8537651281803846,-51.00888888888884,0,-459.0799999999996,9,74,straddle_abuse,39.39914576212565,0,0.1625,15,3,0,1732,0,0.0,11136,86
3.9331840816885233,-51.536666666666655,0,-463.82999999999987,9,79,straddle_abuse,40.488399505615234,0,0.1616,20,3,0,1732,0,0.0,11264,87
3.8109464421868324,-50.92333333333331,0,-458.3099999999998,9,73,straddle_abuse,40.26408894856771,0,0.1608,11,3,0,1732,0,0.0,11392,88
3.8038466945290565,-50.40222222222217,0,-453.61999999999955,9,68,straddle_abuse,39.08560562133789,0,0.16,23,3,0,1732,0,0.0,11520,89
3.8908378910273314,-50.57222222222221,0,-455.14999999999986,9,70,straddle_abuse,38.71717071533203,0,0.1592,18,3,0,1732,0,0.0,11648,90
3.890510890632868,-47.60999999999996,21.58,-428.4899999999996,9,65,straddle_abuse,34.668654123942055,1,0.1584,14,3,0,1732,0,0.0,11776,91
3.8594759963452816,-51.33999999999997,0,-462.0599999999997,9,77,straddle_abuse,40.485565185546875,0,0.1576,23,3,0,1732,0,0.0,11904,92
3.794900281354785,-49.69888888888885,0,-447.2899999999997,9,62,straddle_abuse,37.37787373860677,0,0.1569,12,3,0,1732,0,0.0,12032,93
3.7722824569791555,-48.76,0,-438.84,9,53,straddle_abuse,35.321722666422524,0,0.1561,23,3,0,1732,0,0.0,12160,94
3.7016033362597227,-47.187777777777725,10.28,-424.68999999999954,9,49,straddle_abuse,33.692955017089844,1,0.1553,16,3,0,1732,0,0.0,12288,95
3.786260925233364,-49.85777777777775,0,-448.71999999999974,9,63,straddle_abuse,37.78414408365885,0,0.1545,18,3,0,1732,0,0.0,12416,96
3.7168182730674744,-47.40444444444442,14.39,-426.6399999999998,9,55,straddle_abuse,34.08852005004883,1,0.1537,13,3,0,1732,0,0.0,12544,97
3.885062972083688,-50.003333333333295,0,-450.02999999999963,9,65,straddle_abuse,37.60546747843424,0,0.153,25,3,0,1732,0,0.0,12672,98
3.785177521407604,-50.681111111111086,0,-456.12999999999977,9,71,straddle_abuse,38.92875671386719,0,0.1522,15,3,0,1732,0,0.0,12800,99
3.792738949880004,-49.19555555555551,0,-442.7599999999996,9,57,straddle_abuse,47.456886291503906,0,0.25,30,4,0,1733,0,0.0,128,0
3.8504307121038437,-50.78888888888885,0,-457.0999999999996,9,72,straddle_abuse,48.909750620524086,0,0.2487,29,4,0,1733,0,0.0,256,1
3.8500788621604443,-49.83333333333331,4.27,-448.4999999999998,9,63,straddle_abuse,46.85533905029297,1,0.2475,31,4,0,1733,0,0.0,384,2
3.858190445229411,-49.8144444444444,0,-448.3299999999996,9,63,straddle_abuse,45.6785036722819,0,0.2463,33,4,0,1733,0,0.0,512,3
3.8220735248178244,-50.34999999999997,0,-453.14999999999975,9,68,straddle_abuse,45.869012196858726,0,0.245,27,4,0,1733,0,0.0,640,4
3.7914078384637833,-49.38444444444443,6.17,-444.4599999999999,9,65,straddle_abuse,43.436814626057945,1,0.2438,32,4,0,1733,0,0.0,768,5
3.825810292735696,-50.18999999999996,0,-451.70999999999964,9,66,straddle_abuse,44.33391825358073,0,0.2426,26,4,0,1733,0,0.0,896,6
3.779123067855835,-49.7633333333333,0,-447.8699999999997,9,62,straddle_abuse,42.40783437093099,0,0.2414,29,4,0,1733,0,0.0,1024,7
3.760644217953086,-49.634444444444384,0,-446.70999999999947,9,61,straddle_abuse,40.86931355794271,0,0.2402,27,4,0,1733,0,0.0,1152,8
3.8081399630755186,-49.839999999999975,0,-448.5599999999998,9,63,straddle_abuse,41.06531270345052,0,0.239,35,4,0,1733,0,0.0,1280,9
3.860067715868354,-50.46888888888888,0,-454.2199999999999,9,69,straddle_abuse,41.93606440226237,0,0.2378,25,4,0,1733,0,0.0,1408,10
3.746879542246461,-46.64333333333333,19.8,-419.78999999999996,9,54,straddle_abuse,34.60614013671875,1,0.2366,28,4,0,1733,0,0.0,1536,11
3.811138579621911,-49.30333333333327,0,-443.72999999999945,9,58,straddle_abuse,37.61053593953451,0,0.2354,35,4,0,1733,0,0.0,1664,12
3.782122477889061,-50.053333333333285,0,-450.47999999999956,9,65,straddle_abuse,39.188585917154946,0,0.2342,28,4,0,1733,0,0.0,1792,13
3.7636040281504393,-49.73222222222219,0,-447.58999999999975,9,62,straddle_abuse,38.58983357747396,0,0.2331,32,4,0,1733,0,0.0,1920,14
3.833727687597275,-47.824444444444424,23.79,-430.4199999999998,9,69,straddle_abuse,36.686049143473305,1,0.2319,28,4,0,1733,0,0.0,2048,15
3.797245357185602,-50.4855555555555,0,-454.3699999999995,9,69,straddle_abuse,39.7307980855306,0,0.2307,33,4,0,1733,0,0.0,2176,16
3.72349476441741,-50.05444444444441,0,-450.48999999999967,9,65,straddle_abuse,38.4971555074056,0,0.2296,26,4,0,1733,0,0.0,2304,17
3.782419504597783,-48.448888888888874,16.19,-436.03999999999985,9,67,straddle_abuse,35.239245096842446,2,0.2284,31,4,0,1733,0,0.0,2432,18
3.619957285001874,-49.13222222222223,0,-442.1900000000001,9,56,straddle_abuse,36.89204025268555,0,0.2273,26,4,0,1733,0,0.0,2560,19
3.755012357607484,-50.48666666666665,0,-454.3799999999999,9,69,straddle_abuse,38.823038736979164,0,0.2262,36,4,0,1733,0,0.0,2688,20
3.737622693181038,-50.50333333333331,0,-454.5299999999998,9,69,straddle_abuse,38.540635426839195,0,0.225,27,4,0,1733,0,0.0,2816,21
3.7260937988758087,-49.85888888888885,0,-448.7299999999996,9,63,straddle_abuse,37.664371490478516,0,0.2239,28,4,0,1733,0,0.0,2944,22
3.811782333999872,-49.916666666666636,0,-449.2499999999997,9,64,straddle_abuse,37.690948486328125,0,0.2228,25,4,0,1733,0,0.0,3072,23
3.652059257030487,-49.62999999999998,0,-446.66999999999985,9,61,straddle_abuse,37.035719553629555,0,0.2217,26,4,0,1733,0,0.0,3200,24
3.719218371436,-49.949999999999946,0,-449.5499999999995,9,64,straddle_abuse,37.37482198079427,0,0.2206,38,4,0,1733,0,0.0,3328,25
3.522568330168724,-46.897777777777755,15.42,-422.0799999999998,9,46,straddle_abuse,32.90373738606771,1,0.2195,25,4,0,1733,0,0.0,3456,26
3.7018234077841043,-49.24333333333329,0,-443.1899999999996,9,58,straddle_abuse,35.95833969116211,0,0.2184,30,4,0,1733,0,0.0,3584,27
3.714664828032255,-49.082222222222214,3.24,-441.7399999999999,9,60,straddle_abuse,36.375406901041664,0,0.2173,31,4,0,1733,0,0.0,3712,28
3.512741019949317,-48.88111111111107,0,-439.9299999999996,9,54,straddle_abuse,36.076639811197914,0,0.2162,29,4,0,1733,0,0.0,3840,29
3.4917806573212147,-48.14666666666666,0,-433.31999999999994,9,47,straddle_abuse,34.63230514526367,0,0.2151,27,4,0,1733,0,0.0,3968,30
3.6515890900045633,-49.162222222222155,0,-442.4599999999994,9,57,straddle_abuse,36.443119049072266,0,0.214,26,4,0,1733,0,0.0,4096,31
3.5880200024694204,-48.765555555555494,0,-438.8899999999994,9,53,straddle_abuse,35.757912953694664,0,0.213,33,4,0,1733,0,0.0,4224,32
3.642196571454406,-50.06999999999995,0,-450.62999999999954,9,65,straddle_abuse,38.49618021647135,0,0.2119,26,4,0,1733,0,0.0,4352,33
3.6215343791991472,-49.238888888888866,0,-443.1499999999998,9,57,straddle_abuse,36.793356577555336,0,0.2108,33,4,0,1733,0,0.0,4480,34
3.746444169431925,-49.29444444444443,0,-443.64999999999986,9,58,straddle_abuse,36.55802790323893,0,0.2098,31,4,0,1733,0,0.0,4608,35
3.711783593520522,-49.57111111111108,1.6,-446.1399999999997,9,62,straddle_abuse,37.59960047403971,0,0.2087,20,4,0,1733,0,0.0,4736,36
3.941171692684293,-51.72777777777773,0,-465.5499999999996,9,81,straddle_abuse,40.341898600260414,0,0.2077,22,4,0,1733,0,0.0,4864,37
3.8917756862938404,-48.34999999999998,27.75,-435.1499999999998,9,78,straddle_abuse,38.33251825968424,1,0.2066,27,4,0,1733,0,0.0,4992,38
3.8954803496599197,-50.666666666666615,0,-455.99999999999955,9,71,straddle_abuse,38.89358139038086,0,0.2056,30,4,0,1733,0,0.0,5120,39
3.7630647402256727,-51.109999999999985,0,-459.98999999999984,9,75,straddle_abuse,40.419715881347656,0,0.2046,32,4,0,1733,0,0.0,5248,40
3.745111621916294,-50.36111111111106,0,-453.24999999999955,9,68,straddle_abuse,37.761088053385414,0,0.2036,32,4,0,1733,0,0.0,5376,41
3.7648093942552805,-50.153333333333315,0,-451.3799999999998,9,66,straddle_abuse,37.62424850463867,0,0.2025,37,4,0,1733,0,0.0,5504,42
3.720196222886443,-50.48444444444439,0,-454.3599999999995,9,69,straddle_abuse,38.24526341756185,0,0.2015,27,4,0,1733,0,0.0,5632,43
3.7949975077062845,-50.03666666666662,0,-450.3299999999996,9,65,straddle_abuse,37.94458134969076,0,0.2005,25,4,0,1733,0,0.0,5760,44
3.755134891718626,-49.17222222222216,0,-442.54999999999944,9,57,straddle_abuse,36.811963399251304,0,0.1995,25,4,0,1733,0,0.0,5888,45
3.6843436658382416,-48.787777777777734,0,-439.0899999999996,9,53,straddle_abuse,36.315809885660805,0,0.1985,18,4,0,1733,0,0.0,6016,46
3.7141530886292458,-49.001111111111065,0,-441.0099999999996,9,55,straddle_abuse,35.74722671508789,0,0.1975,34,4,0,1733,0,0.0,6144,47
3.7835527565330267,-50.59999999999994,14.39,-455.39999999999947,9,70,straddle_abuse,39.40934499104818,1,0.1965,22,4,0,1733,0,0.0,6272,48
3.687641430646181,-49.853333333333275,0,-448.6799999999995,9,63,straddle_abuse,37.63023885091146,0,0.1956,23,4,0,1733,0,0.0,6400,49
3.7576977740973234,-46.51444444444441,19.92,-418.62999999999965,9,53,straddle_abuse,33.400421142578125,1,0.1946,24,4,0,1733,0,0.0,6528,50
3.7563160620629787,-48.53444444444442,0,-436.8099999999998,9,51,straddle_abuse,35.10100809733073,0,0.1936,20,4,0,1733,0,0.0,6656,51
3.7427296601235867,-49.35111111111109,3.44,-444.1599999999998,9,62,straddle_abuse,36.571533203125,1,0.1926,20,4,0,1733,0,0.0,6784,52
3.6844494603574276,-49.18222222222218,0,-442.63999999999965,9,57,straddle_abuse,35.78063456217448,0,0.1917,26,4,0,1733,0,0.0,6912,53
3.715899597853422,-48.759999999999955,0,-438.8399999999996,9,53,straddle_abuse,35.656795501708984,0,0.1907,36,4,0,1733,0,0.0,7040,54
3.679967861622572,-49.856666666666655,0,-448.7099999999999,9,63,straddle_abuse,37.60904184977213,0,0.1898,19,4,0,1733,0,0.0,7168,55
3.718297351151705,-44.52777777777772,31.42,-400.7499999999995,9,48,straddle_abuse,33.89340337117513,1,0.1888,17,4,0,1733,1,0.1111111111111111,7296,56
3.7224207744002342,-49.29555555555549,0,-443.6599999999994,9,58,straddle_abuse,36.393811543782554,0,0.1879,24,4,0,1733,0,0.0,7424,57
3.6372339073568583,-47.67111111111106,0.83,-429.0399999999995,9,43,straddle_abuse,34.00987879435221,0,0.1869,27,4,0,1733,0,0.0,7552,58
3.71004512347281,-48.87888888888885,0,-439.9099999999997,9,54,straddle_abuse,36.18802261352539,0,0.186,24,4,0,1733,0,0.0,7680,59
3.7577762734144926,-49.348888888888865,2.13,-444.13999999999976,9,61,straddle_abuse,36.89343770345052,0,0.1851,17,4,0,1733,0,0.0,7808,60
3.8366841208189726,-50.66222222222217,0,-455.9599999999995,9,71,straddle_abuse,38.57532755533854,0,0.1841,28,4,0,1733,0,0.0,7936,61
3.82433801330626,-51.868888888888854,0,-466.8199999999997,9,82,straddle_abuse,41.24685541788737,0,0.1832,15,4,0,1733,0,0.0,8064,62
3.7478801906108856,-50.93333333333333,0,-458.4,9,73,straddle_abuse,39.39585749308268,0,0.1823,18,4,0,1733,0,0.0,8192,63
3.6683824583888054,-47.22999999999993,23.79,-425.06999999999937,9,63,straddle_abuse,35.40253194173177,1,0.1814,23,4,0,1733,0,0.0,8320,64
3.7137262523174286,-49.401111111111064,0,-444.60999999999956,9,59,straddle_abuse,36.62677256266276,0,0.1805,26,4,0,1733,0,0.0,8448,65
3.727814057841897,-50.14999999999994,0,-451.34999999999945,9,66,straddle_abuse,38.49673716227213,0,0.1796,21,4,0,1733,0,0.0,8576,66
3.602617098018527,-49.37666666666666,2.59,-444.38999999999993,9,61,straddle_abuse,37.372676849365234,0,0.1787,28,4,0,1733,0,0.0,8704,67
3.693670015782118,-50.729999999999954,0,-456.5699999999996,9,71,straddle_abuse,38.97233963012695,0,0.1778,29,4,0,1733,0,0.0,8832,68
3.758232530206442,-51.01444444444441,0,-459.12999999999965,9,74,straddle_abuse,39.557960510253906,0,0.1769,25,4,0,1733,0,0.0,8960,69
3.6783223785459995,-50.93777777777775,0,-458.4399999999997,9,73,straddle_abuse,39.74891662597656,0,0.176,28,4,0,1733,0,0.0,9088,70
3.641283582895994,-49.60999999999998,0,-446.4899999999998,9,61,straddle_abuse,36.98144404093424,0,0.1751,26,4,0,1733,0,0.0,9216,71
3.762420780956745,-50.496666666666655,0,-454.4699999999999,9,69,straddle_abuse,38.93376795450846,0,0.1743,25,4,0,1733,0,0.0,9344,72
3.673810778185725,-49.22333333333327,0,-443.0099999999994,9,57,straddle_abuse,36.281646728515625,0,0.1734,29,4,0,1733,0,0.0,9472,73
3.7494504749774933,-50.071111111111094,7.93,-450.6399999999999,9,73,straddle_abuse,37.96625645955404,2,0.1725,19,4,0,1733,0,0.0,9600,74
3.761730222031474,-50.593333333333284,0,-455.3399999999996,9,70,straddle_abuse,39.52466710408529,0,0.1717,23,4,0,1733,0,0.0,9728,75
3.793165585026145,-51.01777777777773,0,-459.15999999999957,9,74,straddle_abuse,39.38313547770182,0,0.1708,19,4,0,1733,0,0.0,9856,76
3.70086033269763,-49.42555555555552,0,-444.8299999999997,9,59,straddle_abuse,37.646053314208984,0,0.1699,23,4,0,1733,0,0.0,9984,77
3.7029108833521605,-49.51999999999995,0,-445.6799999999996,9,60,straddle_abuse,37.59900029500326,0,0.1691,27,4,0,1733,0,0.0,10112,78
3.57009738124907,-47.95777777777775,0,-431.6199999999997,9,45,straddle_abuse,34.429144541422524,0,0.1683,32,4,0,1733,0,0.0,10240,79
3.6558587942272425,-49.2366666666666,0,-443.1299999999994,9,57,straddle_abuse,36.58314895629883,0,0.1674,25,4,0,1733,0,0.0,10368,80
3.7119259983301163,-49.88888888888887,0,-448.99999999999983,9,63,straddle_abuse,38.13450241088867,0,0.1666,20,4,0,1733,0,0.0,10496,81
3.793118380010128,-49.07555555555554,0,-441.67999999999984,9,56,straddle_abuse,36.62798182169596,0,0.1657,19,4,0,1733,0,0.0,10624,82
3.731381306424737,-49.24222222222216,0,-443.17999999999944,9,57,straddle_abuse,36.1122080485026,0,0.1649,15,4,0,1733,0,0.0,10752,83
3.8087006080895662,-50.845555555555535,0,-457.60999999999984,9,72,straddle_abuse,39.01237360636393,0,0.1641,20,4,0,1733,0,0.0,10880,84
3.855235271155834,-51.25888888888888,0,-461.3299999999999,9,76,straddle_abuse,39.90868250528971,0,0.1633,21,4,0,1733,0,0.0,11008,85
3.848562106490135,-50.57666666666662,0,-455.18999999999954,9,70,straddle_abuse,38.56702168782552,0,0.1625,23,4,0,1733,0,0.0,11136,86
3.8605974167585373,-50.818888888888836,0,-457.36999999999955,9,72,straddle_abuse,39.70209757486979,0,0.1616,27,4,0,1733,0,0.0,11264,87
3.798493830487132,-50.047777777777725,0,-450.4299999999995,9,65,straddle_abuse,39.07832717895508,0,0.1608,24,4,0,1733,0,0.0,11392,88
3.7596385274082422,-49.53999999999994,0,-445.8599999999995,9,60,straddle_abuse,36.813830057779946,0,0.16,23,4,0,1733,0,0.0,11520,89
3.8373123444616795,-51.23666666666664,0,-461.12999999999977,9,76,straddle_abuse,39.47403462727865,0,0.1592,12,4,0,1733,0,0.0,11648,90
3.83482357673347,-49.93111111111103,0,-449.37999999999926,9,64,straddle_abuse,37.638327280680336,0,0.1584,25,4,0,1733,0,0.0,11776,91
3.7813901025801897,-50.35888888888885,0,-453.2299999999996,9,68,straddle_abuse,38.19347635904948,0,0.1576,22,4,0,1733,0,0.0,11904,92
3.7166175600141287,-49.96888888888887,0,-449.71999999999986,9,64,straddle_abuse,37.327327728271484,0,0.1569,16,4,0,1733,0,0.0,12032,93
3.7679648399353027,-50.15444444444444,0,-451.38999999999993,9,66,straddle_abuse,37.822027842203774,0,0.1561,17,4,0,1733,0,0.0,12160,94
3.615083996206522,-49.16555555555553,0,-442.4899999999998,9,56,straddle_abuse,37.14495086669922,0,0.1553,21,4,0,1733,0,0.0,12288,95
3.8856168873608112,-49.67888888888885,0,-447.1099999999996,9,62,straddle_abuse,37.305545806884766,0,0.1545,22,4,0,1733,0,0.0,12416,96
3.7685359362512827,-48.517777777777724,0,-436.6599999999995,9,51,straddle_abuse,35.164581298828125,0,0.1537,12,4,0,1733,0,0.0,12544,97
3.798508932814002,-50.17111111111109,0,-451.5399999999998,9,66,straddle_abuse,38.161441802978516,0,0.153,16,4,0,1733,0,0.0,12672,98
3.715970315039158,-48.63999999999996,5.14,-437.7599999999996,9,57,straddle_abuse,35.48103459676107,1,0.1522,20,4,0,1733,0,0.0,12800,99
3.8282931614667177,-51.34111111111107,0,-462.0699999999996,9,77,straddle_abuse,51.23563766479492,0,0.25,35,5,0,1734,0,0.0,128,0
3.9296814911067486,-52.52111111111108,0,-472.6899999999997,9,88,straddle_abuse,52.86090087890625,0,0.2487,36,5,0,1734,0,0.0,256,1
3.9325068201869726,-50.90555555555548,0,-458.14999999999935,9,73,straddle_abuse,48.603692372639976,0,0.2475,37,5,0,1734,0,0.0,384,2
3.893257647752762,-51.013333333333286,0,-459.11999999999955,9,74,straddle_abuse,47.78250249226888,0,0.2463,31,5,0,1734,0,0.0,512,3
3.84942589327693,-50.37555555555551,0,-453.3799999999996,9,68,straddle_abuse,44.94212341308594,0,0.245,23,5,0,1734,0,0.0,640,4
3.8826190810650587,-50.70333333333332,0,-456.32999999999987,9,71,straddle_abuse,45.21606190999349,0,0.2438,33,5,0,1734,0,0.0,768,5
3.9514660332351923,-50.76333333333328,0,-456.8699999999995,9,72,straddle_abuse,44.7583262125651,0,0.2426,34,5,0,1734,0,0.0,896,6
3.746714884415269,-49.4122222222222,0,-444.70999999999975,9,59,straddle_abuse,40.98240280151367,0,0.2414,26,5,0,1734,0,0.0,1024,7
3.918480157852173,-50.97666666666664,0,-458.78999999999974,9,74,straddle_abuse,43.4216194152832,0,0.2402,40,5,0,1734,0,0.0,1152,8
3.836955700069666,-49.81111111111108,0,-448.2999999999997,9,63,straddle_abuse,40.293965657552086,0,0.239,25,5,0,1734,0,0.0,1280,9
3.8357127904891968,-50.285555555555476,0,-452.56999999999925,9,67,straddle_abuse,40.79417928059896,0,0.2378,25,5,0,1734,0,0.0,1408,10
3.771258817985654,-49.60555555555555,0,-446.44999999999993,9,61,straddle_abuse,38.922526041666664,0,0.2366,29,5,0,1734,0,0.0,1536,11
3.7778029777109623,-50.39999999999996,0,-453.5999999999997,9,68,straddle_abuse,40.3224983215332,0,0.2354,30,5,0,1734,0,0.0,1664,12
3.8121299743652344,-50.701111111111075,0,-456.30999999999966,9,71,straddle_abuse,39.77557245890299,0,0.2342,34,5,0,1734,0,0.0,1792,13
3.7981852870434523,-49.49555555555551,0,-445.45999999999964,9,60,straddle_abuse,37.43706258138021,0,0.2331,32,5,0,1734,0,0.0,1920,14
3.8104139175266027,-49.70888888888885,0,-447.37999999999965,9,62,straddle_abuse,37.436257680257164,0,0.2319,27,5,0,1734,0,0.0,2048,15
3.8094051461666822,-51.21999999999998,0,-460.9799999999998,9,76,straddle_abuse,40.37247085571289,0,0.2307,23,5,0,1734,0,0.0,2176,16
3.7279094960540533,-50.1855555555555,0,-451.6699999999995,9,66,straddle_abuse,38.82571029663086,0,0.2296,28,5,0,1734,0,0.0,2304,17
3.742621459066868,-49.19999999999996,0,-442.7999999999996,9,57,straddle_abuse,36.03924306233724,0,0.2284,23,5,0,1734,0,0.0,2432,18
3.7269043400883675,-44.80999999999997,35.68,-403.2899999999997,9,53,straddle_abuse,35.855462392171226,1,0.2273,33,5,0,1734,1,0.1111111111111111,2560,19
3.7336074355989695,-49.953333333333305,0,-449.57999999999976,9,64,straddle_abuse,37.4478391011556,0,0.2262,29,5,0,1734,0,0.0,2688,20
3.745501769706607,-50.28999999999999,0,-452.6099999999999,9,67,straddle_abuse,37.99662653605143,0,0.225,29,5,0,1734,0,0.0,2816,21
3.6428503710776567,-49.12444444444441,0,-442.11999999999966,9,56,straddle_abuse,36.609275817871094,0,0.2239,36,5,0,1734,0,0.0,2944,22
3.7241984587162733,-49.84999999999993,0,-448.64999999999935,9,63,straddle_abuse,37.84098815917969,0,0.2228,23,5,0,1734,0,0.0,3072,23
3.802567932754755,-50.25666666666661,0,-452.3099999999995,9,67,straddle_abuse,37.38583628336588,0,0.2217,31,5,0,1734,0,0.0,3200,24
3.7848828453570604,-50.81555555555553,0,-457.33999999999975,9,72,straddle_abuse,39.31532287597656,0,0.2206,32,5,0,1734,0,0.0,3328,25
3.79572930932045,-50.94222222222218,0,-458.4799999999996,9,73,straddle_abuse,39.213846842447914,0,0.2195,25,5,0,1734,0,0.0,3456,26
3.814626481384039,-51.01555555555552,0,-459.1399999999997,9,74,straddle_abuse,39.66390864054362,0,0.2184,26,5,0,1734,0,0.0,3584,27
3.830303927883506,-50.03333333333329,0,-450.2999999999996,9,65,straddle_abuse,38.11396408081055,0,0.2173,28,5,0,1734,0,0.0,3712,28
3.6863854862749577,-50.61222222222218,0,-455.5099999999996,9,70,straddle_abuse,38.46665573120117,0,0.2162,30,5,0,1734,0,0.0,3840,29
3.7275386601686478,-51.05222222222219,0,-459.46999999999974,9,74,straddle_abuse,39.979888916015625,0,0.2151,23,5,0,1734,0,0.0,3968,30
3.6721938867121935,-50.8311111111111,0,-457.4799999999999,9,72,straddle_abuse,38.89110819498698,0,0.214,26,5,0,1734,0,0.0,4096,31
3.482743164524436,-48.40333333333332,0,-435.6299999999999,9,49,straddle_abuse,35.22615051269531,0,0.213,24,5,0,1734,0,0.0,4224,32
3.409762157127261,-48.09888888888889,0,-432.89,9,46,straddle_abuse,34.66850789388021,0,0.2119,20,5,0,1734,0,0.0,4352,33
3.3722227569669485,-49.40666666666667,0,-444.6600000000001,9,58,straddle_abuse,37.47434743245443,0,0.2108,25,5,0,1734,0,0.0,4480,34
3.3984863962978125,-48.40444444444443,0,-435.6399999999999,9,49,straddle_abuse,34.77544911702474,0,0.2098,21,5,0,1734,0,0.0,4608,35
3.5481441020965576,-49.548888888888854,0,-445.9399999999997,9,60,straddle_abuse,36.445465087890625,0,0.2087,28,5,0,1734,0,0.0,4736,36
3.6242676973342896,-49.54999999999998,0,-445.9499999999999,9,60,straddle_abuse,36.78730138142904,0,0.2077,28,5,0,1734,0,0.0,4864,37
3.555337857455015,-48.82111111111105,0,-439.3899999999995,9,53,straddle_abuse,36.05407842000326,0,0.2066,16,5,0,1734,0,0.0,4992,38
3.5734433084726334,-48.918888888888894,0,-440.27000000000004,9,54,straddle_abuse,36.13712692260742,0,0.2056,16,5,0,1734,0,0.0,5120,39
3.650363029912114,-49.89444444444439,0,-449.0499999999995,9,63,straddle_abuse,37.53911336263021,0,0.2046,23,5,0,1734,0,0.0,5248,40
3.658488655462861,-48.6933333333333,0,-438.23999999999967,9,52,straddle_abuse,35.32615661621094,0,0.2036,25,5,0,1734,0,0.0,5376,41
3.8272095676511526,-50.35222222222217,0,-453.1699999999995,9,68,straddle_abuse,38.23895009358724,0,0.2025,28,5,0,1734,0,0.0,5504,42
3.736794648692012,-50.0844444444444,0,-450.7599999999996,9,65,straddle_abuse,38.36986287434896,0,0.2015,27,5,0,1734,0,0.0,5632,43
3.7884493973106146,-50.267777777777766,0,-452.4099999999999,9,67,straddle_abuse,38.21689097086588,0,0.2005,22,5,0,1734,0,0.0,5760,44
3.765056688338518,-49.46666666666661,0,-445.19999999999953,9,60,straddle_abuse,36.230482737223305,0,0.1995,18,5,0,1734,0,0.0,5888,45
3.7474154457449913,-49.61888888888886,0,-446.56999999999977,9,61,straddle_abuse,37.12689717610677,0,0.1985,21,5,0,1734,0,0.0,6016,46
3.931940283626318,-51.86444444444439,0,-466.7799999999995,9,82,straddle_abuse,42.15977478027344,0,0.1975,27,5,0,1734,0,0.0,6144,47
3.6549379844218493,-49.561111111111096,0,-446.04999999999984,9,60,straddle_abuse,37.7757568359375,0,0.1965,27,5,0,1734,0,0.0,6272,48
3.792081620544195,-51.15777777777774,0,-460.4199999999996,9,75,straddle_abuse,40.330867767333984,0,0.1956,24,5,0,1734,0,0.0,6400,49
3.9382924754172564,-51.41555555555554,0,-462.7399999999999,9,78,straddle_abuse,40.472129821777344,0,0.1946,27,5,0,1734,0,0.0,6528,50
3.828120741993189,-49.823333333333295,0,-448.4099999999996,9,63,straddle_abuse,37.35300954182943,0,0.1936,19,5,0,1734,0,0.0,6656,51
3.798980398103595,-50.46777777777774,0,-454.2099999999997,9,69,straddle_abuse,38.496925354003906,0,0.1926,22,5,0,1734,0,0.0,6784,52
3.8093360140919685,-48.584444444444415,13.09,-437.2599999999997,9,65,straddle_abuse,35.7073605855306,1,0.1917,24,5,0,1734,0,0.0,6912,53
3.780159154906869,-49.15888888888884,0,-442.42999999999955,9,57,straddle_abuse,36.32645924886068,0,0.1907,33,5,0,1734,0,0.0,7040,54
3.784892352297902,-50.72555555555554,0,-456.52999999999986,9,71,straddle_abuse,39.580945332845054,0,0.1898,22,5,0,1734,0,0.0,7168,55
3.674099424853921,-49.65666666666664,0,-446.90999999999974,9,61,straddle_abuse,36.588887532552086,0,0.1888,30,5,0,1734,0,0.0,7296,56
3.7286155335605145,-50.72999999999995,0,-456.56999999999954,9,71,straddle_abuse,39.577840169270836,0,0.1879,22,5,0,1734,0,0.0,7424,57
3.6628130357712507,-49.992222222222196,0,-449.9299999999998,9,64,straddle_abuse,38.248905181884766,0,0.1869,25,5,0,1734,0,0.0,7552,58
3.740462338551879,-49.13555555555557,13.21,-442.22000000000014,9,70,straddle_abuse,37.8251101175944,1,0.186,21,5,0,1734,0,0.0,7680,59
3.787716329097748,-51.23555555555552,0,-461.11999999999966,9,76,straddle_abuse,39.687567392985024,0,0.1851,24,5,0,1734,0,0.0,7808,60
3.7297395411878824,-50.627777777777766,0,-455.6499999999999,9,70,straddle_abuse,39.59157053629557,0,0.1841,31,5,0,1734,0,0.0,7936,61
3.78405050188303,-51.15222222222221,0,-460.3699999999999,9,75,straddle_abuse,39.198045094807945,0,0.1832,23,5,0,1734,0,0.0,8064,62
3.793060040101409,-50.80555555555552,6.66,-457.2499999999997,9,72,straddle_abuse,39.594590504964195,1,0.1823,24,5,0,1734,0,0.0,8192,63
3.6397146582603455,-49.67444444444443,0,-447.0699999999999,9,61,straddle_abuse,37.3375244140625,0,0.1814,27,5,0,1734,0,0.0,8320,64
3.741406900808215,-50.0744444444444,0,-450.6699999999996,9,65,straddle_abuse,37.92995834350586,0,0.1805,22,5,0,1734,0,0.0,8448,65
3.680531222373247,-50.31888888888882,0,-452.8699999999994,9,67,straddle_abuse,38.222312927246094,0,0.1796,25,5,0,1734,0,0.0,8576,66
3.8243987299501896,-50.67555555555553,0,-456.0799999999998,9,71,straddle_abuse,38.564324696858726,0,0.1787,23,5,0,1734,0,0.0,8704,67
3.7020525205880404,-49.88444444444441,11.32,-448.9599999999997,9,63,straddle_abuse,38.1396738688151,1,0.1778,25,5,0,1734,0,0.0,8832,68
3.6719267833977938,-49.77111111111104,0,-447.9399999999994,9,62,straddle_abuse,38.06648635864258,0,0.1769,22,5,0,1734,0,0.0,8960,69
3.7518509663641453,-49.7177777777777,0,-447.4599999999993,9,62,straddle_abuse,37.290059407552086,0,0.176,27,5,0,1734,0,0.0,9088,70
3.7447822894901037,-50.50888888888885,0,-454.57999999999964,9,69,straddle_abuse,38.50020217895508,0,0.1751,22,5,0,1734,0,0.0,9216,71
3.76048250682652,-50.41666666666665,0,-453.74999999999983,9,68,straddle_abuse,39.17644373575846,0,0.1743,25,5,0,1734,0,0.0,9344,72
3.836183914914727,-51.43222222222219,0,-462.8899999999997,9,78,straddle_abuse,40.32244745890299,0,0.1734,14,5,0,1734,0,0.0,9472,73
3.735118806362152,-49.86444444444443,0,-448.77999999999986,9,63,straddle_abuse,37.33823267618815,0,0.1725,17,5,0,1734,0,0.0,9600,74
3.7481247801333666,-50.59333333333332,0,-455.33999999999986,9,70,straddle_abuse,39.74949518839518,0,0.1717,40,5,0,1734,0,0.0,9728,75
3.7994972821325064,-50.37777777777771,0,-453.3999999999994,9,68,straddle_abuse,38.30316670735677,0,0.1708,26,5,0,1734,0,0.0,9856,76
3.665022313594818,-48.97222222222221,9.96,-440.7499999999999,9,65,straddle_abuse,36.29317092895508,1,0.1699,22,5,0,1734,0,0.0,9984,77
3.732011554762721,-50.15888888888887,0,-451.4299999999998,9,66,straddle_abuse,37.81087748209635,0,0.1691,20,5,0,1734,0,0.0,10112,78
3.6167482249438763,-50.21111111111109,0,-451.8999999999998,9,66,straddle_abuse,38.20336659749349,0,0.1683,25,5,0,1734,0,0.0,10240,79
3.7427444364875555,-49.639999999999915,0,-446.75999999999925,9,61,straddle_abuse,37.6301015218099,0,0.1674,30,5,0,1734,0,0.0,10368,80
3.8053035009652376,-52.293333333333315,0,-470.6399999999998,9,86,straddle_abuse,41.96642939249674,0,0.1666,23,5,0,1734,0,0.0,10496,81
3.7074803095310926,-51.14999999999994,0,-460.34999999999945,9,75,straddle_abuse,39.91888936360677,0,0.1657,21,5,0,1734,0,0.0,10624,82
3.7117168828845024,-47.78222222222216,19.92,-430.03999999999945,9,66,straddle_abuse,34.79943593343099,1,0.1649,35,5,0,1734,0,0.0,10752,83
3.590751687064767,-49.23777777777775,0,-443.13999999999976,9,57,straddle_abuse,36.84250005086263,0,0.1641,21,5,0,1734,0,0.0,10880,84
3.8237344920635223,-50.69111111111103,0,-456.21999999999923,9,71,straddle_abuse,39.47407531738281,0,0.1633,24,5,0,1734,0,0.0,11008,85
3.680737191811204,-50.39444444444438,0,-453.54999999999944,9,68,straddle_abuse,38.9001210530599,0,0.1625,25,5,0,1734,0,0.0,11136,86
3.745534874498844,-50.25999999999995,0,-452.3399999999995,9,67,straddle_abuse,38.91740163167318,0,0.1616,15,5,0,1734,0,0.0,11264,87
3.56088974699378,-48.72777777777776,0,-438.54999999999984,9,52,straddle_abuse,35.05945078531901,0,0.1608,17,5,0,1734,0,0.0,11392,88
3.590945992618799,-48.59222222222221,0,-437.3299999999999,9,51,straddle_abuse,36.05731709798177,0,0.16,26,5,0,1734,0,0.0,11520,89
3.5576245728880167,-49.316666666666634,0,-443.84999999999974,9,58,straddle_abuse,36.75363794962565,0,0.1592,15,5,0,1734,0,0.0,11648,90
3.7795802745968103,-49.408888888888846,0,-444.6799999999996,9,59,straddle_abuse,37.04166158040365,0,0.1584,16,5,0,1734,0,0.0,11776,91
3.783877296373248,-49.494444444444426,0,-445.4499999999998,9,60,straddle_abuse,37.729445139567055,0,0.1576,23,5,0,1734,0,0.0,11904,92
3.6405266504734755,-49.467777777777755,0,-445.2099999999998,9,59,straddle_abuse,36.598018646240234,0,0.1569,17,5,0,1734,0,0.0,12032,93
3.6228835824877024,-49.36444444444442,0,-444.2799999999998,9,58,straddle_abuse,37.068808237711586,0,0.1561,22,5,0,1734,0,0.0,12160,94
3.779169639572501,-50.0744444444444,0,-450.6699999999996,9,65,straddle_abuse,38.084468841552734,0,0.1553,20,5,0,1734,0,0.0,12288,95
3.7677525393664837,-47.7177777777777,7.45,-429.4599999999993,9,51,straddle_abuse,34.414048512776695,1,0.1545,21,5,0,1734,0,0.0,12416,96
3.703774916008115,-49.33111111111104,0,-443.9799999999994,9,58,straddle_abuse,36.775177001953125,0,0.1537,18,5,0,1734,0,0.0,12544,97
3.80498381331563,-50.295555555555524,0,-452.6599999999997,9,67,straddle_abuse,38.510518391927086,0,0.153,15,5,0,1734,0,0.0,12672,98
3.7520016878843307,-48.77555555555549,0,-438.97999999999945,9,53,straddle_abuse,35.308661142985024,0,0.1522,20,5,0,1734,0,0.0,12800,99
3.836641650646925,-50.084444444444394,0,-450.75999999999954,9,65,straddle_abuse,50.80483373006185,0,0.25,34,6,0,1735,0,0.0,128,0
3.7983023710548878,-49.311111111111046,0,-443.79999999999944,9,58,straddle_abuse,47.77908198038737,0,0.2487,33,6,0,1735,0,0.0,256,1
3.8571639955043793,-50.60888888888885,0,-455.4799999999996,9,70,straddle_abuse,49.26117451985677,0,0.2475,34,6,0,1735,0,0.0,384,2
3.8526323549449444,-50.17444444444445,0,-451.57,9,66,straddle_abuse,47.22210820515951,0,0.2463,23,6,0,1735,0,0.0,512,3
3.7576029021292925,-50.33888888888887,0,-453.0499999999998,9,67,straddle_abuse,46.16985321044922,0,0.245,30,6,0,1735,0,0.0,640,4
3.8161827456206083,-50.257777777777726,0,-452.31999999999954,9,67,straddle_abuse,45.07844797770182,0,0.2438,33,6,0,1735,0,0.0,768,5
3.9305047187954187,-51.97333333333331,0,-467.75999999999976,9,83,straddle_abuse,48.0187021891276,0,0.2426,33,6,0,1735,0,0.0,896,6
3.905194351449609,-51.22444444444436,0,-461.01999999999924,9,76,straddle_abuse,45.06306457519531,0,0.2414,28,6,0,1735,0,0.0,1024,7
3.903994834050536,-50.48111111111108,0,-454.32999999999976,9,69,straddle_abuse,43.18984858194987,0,0.2402,29,6,0,1735,0,0.0,1152,8
3.805568503215909,-51.179999999999964,0,-460.61999999999966,9,75,straddle_abuse,43.19041061401367,0,0.239,27,6,0,1735,0,0.0,1280,9
3.8557337559759617,-50.25444444444439,0,-452.2899999999995,9,67,straddle_abuse,40.38914489746094,0,0.2378,35,6,0,1735,0,0.0,1408,10
3.85406181961298,-50.457777777777736,0,-454.1199999999996,9,69,straddle_abuse,40.7863515218099,0,0.2366,29,6,0,1735,0,0.0,1536,11
3.9130029883235693,-52.74333333333331,0,-474.6899999999998,9,90,straddle_abuse,44.71510314941406,0,0.2354,33,6,0,1735,0,0.0,1664,12
3.84162868373096,-49.53666666666663,10.67,-445.8299999999997,9,71,straddle_abuse,38.05651728312174,1,0.2342,32,6,0,1735,0,0.0,1792,13
3.9311247393488884,-50.87666666666664,0,-457.88999999999976,9,73,straddle_abuse,40.357652028401695,0,0.2331,33,6,0,1735,0,0.0,1920,14
3.85970076918602,-51.762222222222185,0,-465.8599999999997,9,81,straddle_abuse,41.386426289876304,0,0.2319,34,6,0,1735,0,0.0,2048,15
3.905375061556697,-51.74888888888885,0,-465.73999999999967,9,81,straddle_abuse,41.44520696004232,0,0.2307,27,6,0,1735,0,0.0,2176,16
3.884220937266946,-52.74222222222219,0,-474.6799999999997,9,90,straddle_abuse,42.86751810709635,0,0.2296,26,6,0,1735,0,0.0,2304,17
3.813063943758607,-50.35444444444442,0,-453.18999999999977,9,68,straddle_abuse,38.527442932128906,0,0.2284,32,6,0,1735,0,0.0,2432,18
3.775855204090476,-50.79999999999999,0,-457.19999999999993,9,72,straddle_abuse,39.219565073649086,0,0.2273,31,6,0,1735,0,0.0,2560,19
3.69449445232749,-49.52888888888885,0,-445.75999999999965,9,60,straddle_abuse,36.068155924479164,0,0.2262,32,6,0,1735,0,0.0,2688,20
3.6754059568047523,-49.94777777777776,0,-449.5299999999998,9,64,straddle_abuse,37.46965662638346,0,0.225,34,6,0,1735,0,0.0,2816,21
3.5469224955886602,-48.6011111111111,0,-437.4099999999999,9,51,straddle_abuse,35.44344711303711,0,0.2239,34,6,0,1735,0,0.0,2944,22
3.519199362024665,-49.20333333333331,0,-442.8299999999998,9,57,straddle_abuse,36.6878776550293,0,0.2228,22,6,0,1735,0,0.0,3072,23
3.5973335839807987,-50.18777777777778,0,-451.69000000000005,9,66,straddle_abuse,37.51611073811849,0,0.2217,26,6,0,1735,0,0.0,3200,24
3.6891437713056803,-50.26,0,-452.34,9,67,straddle_abuse,37.99488194783529,0,0.2206,27,6,0,1735,0,0.0,3328,25
3.426869634538889,-48.47999999999999,0,-436.3199999999999,9,50,straddle_abuse,34.51323699951172,0,0.2195,25,6,0,1735,0,0.0,3456,26
3.2987553589046,-48.025555555555584,0,-432.23000000000025,9,45,straddle_abuse,35.19302876790365,0,0.2184,28,6,0,1735,0,0.0,3584,27
3.4197828751057386,-47.17666666666663,9.25,-424.58999999999963,9,48,straddle_abuse,33.03985722859701,1,0.2173,25,6,0,1735,0,0.0,3712,28
3.382738374173641,-48.161111111111076,0,-433.4499999999997,9,47,straddle_abuse,34.80917485555013,0,0.2162,29,6,0,1735,0,0.0,3840,29
3.4880776032805443,-48.566666666666656,0,-437.0999999999999,9,51,straddle_abuse,35.38433074951172,0,0.2151,19,6,0,1735,0,0.0,3968,30
3.377885039895773,-46.41444444444445,9.96,-417.73,9,40,straddle_abuse,32.03622563680013,2,0.214,26,6,0,1735,0,0.0,4096,31
3.5066386125981808,-48.675555555555555,0,-438.08,9,52,straddle_abuse,35.96356074015299,0,0.213,28,6,0,1735,0,0.0,4224,32
3.6764523405581713,-48.47222222222223,3.33,-436.25000000000006,9,54,straddle_abuse,34.735023498535156,1,0.2119,34,6,0,1735,0,0.0,4352,33
3.5907890032976866,-48.75777777777776,0,-438.8199999999998,9,53,straddle_abuse,36.082907358805336,0,0.2108,28,6,0,1735,0,0.0,4480,34
3.6660909224301577,-49.41999999999996,0,-444.77999999999963,9,59,straddle_abuse,37.852500915527344,0,0.2098,26,6,0,1735,0,0.0,4608,35
3.5932975690811872,-49.50777777777772,0.37,-445.5699999999995,9,60,straddle_abuse,37.09222539265951,0,0.2087,31,6,0,1735,0,0.0,4736,36
3.6450682412832975,-49.14111111111104,0,-442.26999999999936,9,56,straddle_abuse,36.711615244547524,0,0.2077,27,6,0,1735,0,0.0,4864,37
3.7533566523343325,-50.69555555555556,0,-456.26000000000005,9,71,straddle_abuse,39.48643112182617,0,0.2066,25,6,0,1735,0,0.0,4992,38
3.742684204131365,-44.64555555555549,32.37,-401.80999999999943,9,49,straddle_abuse,34.38120651245117,1,0.2056,27,6,0,1735,1,0.1111111111111111,5120,39
3.5918588526546955,-48.97777777777775,0,-440.7999999999998,9,55,straddle_abuse,35.68923823038737,0,0.2046,19,6,0,1735,0,0.0,5248,40
3.719065746292472,-50.46666666666663,0,-454.1999999999997,9,69,straddle_abuse,39.10590744018555,0,0.2036,28,6,0,1735,0,0.0,5376,41
3.6415702756494284,-49.86666666666663,0,-448.79999999999967,9,63,straddle_abuse,38.03581110636393,0,0.2025,31,6,0,1735,0,0.0,5504,42
3.6631493363529444,-48.77555555555553,0,-438.97999999999973,9,53,straddle_abuse,35.455065409342446,0,0.2015,27,6,0,1735,0,0.0,5632,43
3.6705565359443426,-50.08999999999995,0,-450.80999999999955,9,65,straddle_abuse,38.19424311319987,0,0.2005,17,6,0,1735,0,0.0,5760,44
3.676681835204363,-49.06222222222218,0,-441.55999999999966,9,56,straddle_abuse,36.76465352376302,0,0.1995,36,6,0,1735,0,0.0,5888,45
3.565448973327875,-47.836666666666645,0,-430.5299999999998,9,44,straddle_abuse,34.716199239095054,0,0.1985,28,6,0,1735,0,0.0,6016,46
3.6773925088346004,-49.37666666666661,0,-444.3899999999995,9,59,straddle_abuse,36.65072886149088,0,0.1975,28,6,0,1735,0,0.0,6144,47
3.583564290776849,-47.99777777777774,7.93,-431.9799999999997,9,54,straddle_abuse,34.34624989827474,1,0.1965,20,6,0,1735,0,0.0,6272,48
3.657838022336364,-49.85333333333329,0,-448.6799999999996,9,63,straddle_abuse,37.675575256347656,0,0.1956,23,6,0,1735,0,0.0,6400,49
3.629861030727625,-49.41444444444437,0,-444.72999999999934,9,59,straddle_abuse,36.91619618733724,0,0.1946,20,6,0,1735,0,0.0,6528,50
3.7515541035681963,-50.705555555555534,0,-456.3499999999998,9,71,straddle_abuse,39.18782424926758,0,0.1936,25,6,0,1735,0,0.0,6656,51
3.5744350608438253,-47.949999999999974,0,-431.5499999999998,9,45,straddle_abuse,34.76158905029297,0,0.1926,21,6,0,1735,0,0.0,6784,52
3.7442958001047373,-49.942222222222206,0,-449.47999999999985,9,64,straddle_abuse,38.104077657063804,0,0.1917,24,6,0,1735,0,0.0,6912,53
3.748715862631798,-49.843333333333284,0,-448.5899999999996,9,63,straddle_abuse,37.49236933390299,0,0.1907,25,6,0,1735,0,0.0,7040,54
3.577165737748146,-48.37000000000001,0,-435.3300000000001,9,49,straddle_abuse,35.31416702270508,0,0.1898,26,6,0,1735,0,0.0,7168,55
3.7202604562044144,-49.528888888888815,0,-445.75999999999937,9,60,straddle_abuse,37.644720713297524,0,0.1888,28,6,0,1735,0,0.0,7296,56
3.748939836397767,-50.59444444444443,0,-455.34999999999985,9,70,straddle_abuse,38.37290827433268,0,0.1879,24,6,0,1735,0,0.0,7424,57
3.7431281320750713,-48.50333333333327,9.25,-436.52999999999946,9,60,straddle_abuse,36.07597351074219,1,0.1869,21,6,0,1735,0,0.0,7552,58
3.8074091896414757,-50.27999999999997,0,-452.51999999999975,9,67,straddle_abuse,38.580361684163414,0,0.186,30,6,0,1735,0,0.0,7680,59
3.8093082662671804,-49.12888888888884,9.25,-442.1599999999995,9,66,straddle_abuse,37.20201746622721,1,0.1851,19,6,0,1735,0,0.0,7808,60
3.802381781861186,-49.7822222222222,0,-448.0399999999998,9,63,straddle_abuse,37.39373270670573,0,0.1841,22,6,0,1735,0,0.0,7936,61
3.778727112337947,-49.73444444444442,0,-447.6099999999998,9,62,straddle_abuse,36.80970255533854,0,0.1832,22,6,0,1735,0,0.0,8064,62
3.7445362750440836,-49.556666666666636,5.55,-446.0099999999997,9,66,straddle_abuse,36.75510787963867,1,0.1823,29,6,0,1735,0,0.0,8192,63
3.7294293958693743,-49.40111111111105,0,-444.60999999999945,9,59,straddle_abuse,36.98658116658529,0,0.1814,28,6,0,1735,0,0.0,8320,64
3.6799771916121244,-49.10111111111109,0,-441.9099999999998,9,56,straddle_abuse,36.05540466308594,0,0.1805,26,6,0,1735,0,0.0,8448,65
3.601014580577612,-47.59333333333332,13.21,-428.33999999999986,9,55,straddle_abuse,34.5059814453125,1,0.1796,23,6,0,1735,0,0.0,8576,66
3.612825086340308,-49.13666666666663,0,-442.2299999999997,9,56,straddle_abuse,36.385171254475914,0,0.1787,15,6,0,1735,0,0.0,8704,67
3.7973225452005863,-50.038888888888856,0,-450.3499999999997,9,65,straddle_abuse,37.304028828938804,0,0.1778,23,6,0,1735,0,0.0,8832,68
3.665712470188737,-46.98333333333333,21.59,-422.84999999999997,9,58,straddle_abuse,34.43763224283854,1,0.1769,23,6,0,1735,0,0.0,8960,69
3.822261845692992,-49.23999999999997,7.12,-443.1599999999997,9,65,straddle_abuse,35.81240590413412,1,0.176,22,6,0,1735,0,0.0,9088,70
3.7584695033729076,-50.40333333333333,0,-453.62999999999994,9,68,straddle_abuse,38.6191037495931,0,0.1751,30,6,0,1735,0,0.0,9216,71
3.8154437225311995,-51.0222222222222,0,-459.19999999999976,9,74,straddle_abuse,39.465258280436196,0,0.1743,22,6,0,1735,0,0.0,9344,72
3.687012914568186,-48.2533333333333,0,-434.27999999999975,9,48,straddle_abuse,35.3557497660319,0,0.1734,30,6,0,1735,0,0.0,9472,73
3.7993025798350573,-50.47333333333332,0,-454.2599999999999,9,69,straddle_abuse,39.618916829427086,0,0.1725,20,6,0,1735,0,0.0,9600,74
3.827020786702633,-50.46222222222215,0,-454.1599999999994,9,69,straddle_abuse,38.63957977294922,0,0.1717,21,6,0,1735,0,0.0,9728,75
3.7631789688020945,-50.02777777777773,0,-450.24999999999955,9,65,straddle_abuse,37.10418955485026,0,0.1708,19,6,0,1735,0,0.0,9856,76
3.826450627297163,-50.928888888888864,0,-458.3599999999998,9,73,straddle_abuse,38.99854278564453,0,0.1699,17,6,0,1735,0,0.0,9984,77
3.8513813074678183,-51.10333333333333,0,-459.93,9,75,straddle_abuse,39.96746953328451,0,0.1691,15,6,0,1735,0,0.0,10112,78
3.834743905812502,-51.33111111111107,0,-461.9799999999996,9,77,straddle_abuse,40.7182985941569,0,0.1683,17,6,0,1735,0,0.0,10240,79
3.780924143269658,-48.86999999999999,2.97,-439.8299999999999,9,57,straddle_abuse,35.82239786783854,0,0.1674,26,6,0,1735,0,0.0,10368,80
3.7311071418225765,-50.4033333333333,0,-453.6299999999997,9,68,straddle_abuse,38.103101094563804,0,0.1666,19,6,0,1735,0,0.0,10496,81
3.8034294340759516,-50.136666666666606,0,-451.22999999999945,9,66,straddle_abuse,37.928260803222656,0,0.1657,18,6,0,1735,0,0.0,10624,82
3.766736237332225,-50.01888888888885,0,-450.1699999999997,9,65,straddle_abuse,37.38604227701823,0,0.1649,14,6,0,1735,0,0.0,10752,83
3.738744957372546,-49.404444444444415,0,-444.63999999999976,9,59,straddle_abuse,36.161755879720054,0,0.1641,20,6,0,1735,0,0.0,10880,84
3.81398699618876,-50.281111111111066,0,-452.5299999999996,9,67,straddle_abuse,38.575051625569664,0,0.1633,18,6,0,1735,0,0.0,11008,85
3.615891521796584,-49.81222222222223,0,-448.31000000000006,9,62,straddle_abuse,37.91173807779948,0,0.1625,32,6,0,1735,0,0.0,11136,86
3.63930787704885,-49.25666666666663,0,-443.30999999999966,9,57,straddle_abuse,37.08659108479818,0,0.1616,14,6,0,1735,0,0.0,11264,87
3.7914136480540037,-50.25666666666663,0,-452.3099999999997,9,67,straddle_abuse,37.96902592976888,0,0.1608,28,6,0,1735,0,0.0,11392,88
3.7216198835521936,-49.836666666666616,0,-448.5299999999995,9,63,straddle_abuse,37.3071174621582,0,0.16,26,6,0,1735,0,0.0,11520,89
3.790275551378727,-49.24888888888884,2.22,-443.2399999999996,9,60,straddle_abuse,36.600728352864586,0,0.1592,15,6,0,1735,0,0.0,11648,90
3.655607085675001,-49.6433333333333,0,-446.78999999999974,9,61,straddle_abuse,37.159681955973305,0,0.1584,15,6,0,1735,0,0.0,11776,91
3.7344572581350803,-47.88333333333329,10.6,-430.9499999999996,9,56,straddle_abuse,34.190016428629555,1,0.1576,17,6,0,1735,0,0.0,11904,92
3.8675684183835983,-51.03333333333333,0.44,-459.29999999999995,9,75,straddle_abuse,40.2377560933431,0,0.1569,21,6,0,1735,0,0.0,12032,93
3.6448991540819407,-48.32888888888886,0,-434.95999999999975,9,49,straddle_abuse,34.354801177978516,0,0.1561,19,6,0,1735,0,0.0,12160,94
3.616646347567439,-49.75444444444443,0,-447.7899999999999,9,62,straddle_abuse,37.364585876464844,0,0.1553,25,6,0,1735,0,0.0,12288,95
3.6915025990456343,-49.5344444444444,0,-445.80999999999955,9,60,straddle_abuse,37.058581034342446,0,0.1545,21,6,0,1735,0,0.0,12416,96
3.6160772554576397,-48.67666666666663,0,-438.08999999999963,9,52,straddle_abuse,35.51429875691732,0,0.1537,12,6,0,1735,0,0.0,12544,97
3.7425250448286533,-49.409999999999975,0,-444.68999999999977,9,59,straddle_abuse,36.454263051350914,0,0.153,17,6,0,1735,0,0.0,12672,98
3.6203426364809275,-48.7833333333333,5.14,-439.0499999999997,9,58,straddle_abuse,36.326978047688804,1,0.1522,15,6,0,1735,0,0.0,12800,99
3.792567450553179,-49.70888888888887,0,-447.3799999999998,9,62,straddle_abuse,50.702081044514976,0,0.25,34,7,0,1736,0,0.0,128,0
3.815444091334939,-50.382222222222175,0,-453.4399999999996,9,68,straddle_abuse,50.61443328857422,0,0.2487,41,7,0,1736,0,0.0,256,1
3.8639073371887207,-51.025555555555535,0,-459.2299999999998,9,74,straddle_abuse,50.76840591430664,0,0.2475,25,7,0,1736,0,0.0,384,2
3.839694172143936,-50.15222222222216,0,-451.36999999999944,9,66,straddle_abuse,48.1812998453776,0,0.2463,31,7,0,1736,0,0.0,512,3
3.8070880081504583,-50.06111111111108,0,-450.5499999999997,9,65,straddle_abuse,46.810428619384766,0,0.245,38,7,0,1736,0,0.0,640,4
3.8718981482088566,-50.16333333333326,0,-451.46999999999935,9,66,straddle_abuse,46.11725616455078,0,0.2438,32,7,0,1736,0,0.0,768,5
3.842406716197729,-49.30777777777774,6.61,-443.76999999999964,9,65,straddle_abuse,44.0059700012207,1,0.2426,39,7,0,1736,0,0.0,896,6
3.8659092895686626,-50.701111111111075,0,-456.30999999999966,9,71,straddle_abuse,45.258477528889976,0,0.2414,33,7,0,1736,0,0.0,1024,7
3.8775568529963493,-50.12333333333327,0,-451.10999999999945,9,66,straddle_abuse,42.94165166219076,0,0.2402,32,7,0,1736,0,0.0,1152,8
3.920365573838353,-51.335555555555544,0,-462.01999999999987,9,77,straddle_abuse,45.26733271280924,0,0.239,36,7,0,1736,0,0.0,1280,9
3.839180199429393,-50.49444444444438,0,-454.4499999999995,9,69,straddle_abuse,42.45168431599935,0,0.2378,29,7,0,1736,0,0.0,1408,10
3.9724420607089996,-51.1933333333333,4.62,-460.73999999999967,9,76,straddle_abuse,43.1602897644043,1,0.2366,34,7,0,1736,0,0.0,1536,11
3.9765612855553627,-52.62555555555553,0,-473.62999999999977,9,89,straddle_abuse,45.69790013631185,0,0.2354,24,7,0,1736,0,0.0,1664,12
3.82780553214252,-48.988888888888845,3.7,-440.8999999999996,9,59,straddle_abuse,37.72372182210287,1,0.2342,19,7,0,1736,0,0.0,1792,13
3.789389807730913,-49.41444444444445,0,-444.73,9,59,straddle_abuse,37.88892491658529,0,0.2331,26,7,0,1736,0,0.0,1920,14
3.7155481334775686,-49.87999999999997,0,-448.91999999999973,9,63,straddle_abuse,39.00004577636719,0,0.2319,24,7,0,1736,0,0.0,2048,15
3.7734437249600887,-48.53333333333328,0,-436.79999999999956,9,51,straddle_abuse,35.77142206827799,0,0.2307,33,7,0,1736,0,0.0,2176,16
3.8079175539314747,-51.156666666666645,0,-460.4099999999998,9,75,straddle_abuse,40.792527516682945,0,0.2296,26,7,0,1736,0,0.0,2304,17
3.8818672746419907,-51.34666666666663,0,-462.11999999999966,9,77,straddle_abuse,41.24774169921875,0,0.2284,26,7,0,1736,0,0.0,2432,18
3.8609060123562813,-51.084444444444415,0,-459.75999999999976,9,75,straddle_abuse,40.21270751953125,0,0.2273,23,7,0,1736,0,0.0,2560,19
3.8140857983380556,-50.48666666666664,0,-454.37999999999977,9,69,straddle_abuse,38.41539510091146,0,0.2262,35,7,0,1736,0,0.0,2688,20
3.8179857823997736,-50.77888888888886,0,-457.0099999999997,9,72,straddle_abuse,40.722642262776695,0,0.225,23,7,0,1736,0,0.0,2816,21
3.8035996947437525,-51.34999999999999,0,-462.14999999999986,9,77,straddle_abuse,40.16309483846029,0,0.2239,22,7,0,1736,0,0.0,2944,22
3.76282911747694,-50.477777777777725,0,-454.2999999999995,9,69,straddle_abuse,38.78927357991537,0,0.2228,42,7,0,1736,0,0.0,3072,23
3.668893549591303,-50.82888888888885,0,-457.45999999999964,9,72,straddle_abuse,39.03636169433594,0,0.2217,33,7,0,1736,0,0.0,3200,24
3.6147184409201145,-49.11444444444438,3.96,-442.0299999999994,9,56,straddle_abuse,36.26460393269857,1,0.2206,28,7,0,1736,0,0.0,3328,25
3.6008387859910727,-49.431111111111065,0,-444.8799999999996,9,59,straddle_abuse,36.667561848958336,0,0.2195,29,7,0,1736,0,0.0,3456,26
3.7844321075826883,-51.0311111111111,1.93,-459.2799999999999,9,76,straddle_abuse,40.119163513183594,0,0.2184,27,7,0,1736,0,0.0,3584,27
3.7689295448362827,-50.14777777777773,0,-451.3299999999996,9,66,straddle_abuse,37.40224583943685,0,0.2173,24,7,0,1736,0,0.0,3712,28
3.8405433613806963,-49.855555555555505,4.37,-448.69999999999953,9,68,straddle_abuse,37.17564392089844,1,0.2162,34,7,0,1736,0,0.0,3840,29
3.861874457448721,-48.2433333333333,15.42,-434.18999999999966,9,69,straddle_abuse,35.686545054117836,3,0.2151,27,7,0,1736,0,0.0,3968,30
3.797113325446844,-50.36999999999995,0,-453.32999999999953,9,68,straddle_abuse,38.23627599080404,0,0.214,30,7,0,1736,0,0.0,4096,31
3.804659876972437,-49.60333333333328,0,-446.42999999999955,9,61,straddle_abuse,37.404900868733726,0,0.213,23,7,0,1736,0,0.0,4224,32
3.922170100733638,-50.432222222222194,0,-453.88999999999976,9,69,straddle_abuse,38.23107020060221,0,0.2119,27,7,0,1736,0,0.0,4352,33
3.839143881574273,-49.7844444444444,0,-448.05999999999955,9,63,straddle_abuse,37.79772186279297,0,0.2108,26,7,0,1736,0,0.0,4480,34
3.759056532755494,-48.838888888888874,0.53,-439.54999999999984,9,54,straddle_abuse,35.51448059082031,0,0.2098,24,7,0,1736,0,0.0,4608,35
3.6868101935833693,-49.53777777777779,1.11,-445.8400000000001,9,61,straddle_abuse,37.30603535970052,0,0.2087,19,7,0,1736,0,0.0,4736,36
3.8329222090542316,-49.68999999999997,0,-447.20999999999975,9,62,straddle_abuse,37.25129699707031,0,0.2077,30,7,0,1736,0,0.0,4864,37
3.8095084000378847,-50.57222222222219,0,-455.1499999999997,9,70,straddle_abuse,38.84644063313802,0,0.2066,31,7,0,1736,0,0.0,4992,38
3.7891672868281603,-48.04888888888884,20.68,-432.43999999999954,9,68,straddle_abuse,36.72750981648763,1,0.2056,24,7,0,1736,0,0.0,5120,39
3.813135424628854,-49.505555555555496,11.9,-445.54999999999944,9,72,straddle_abuse,37.149696350097656,1,0.2046,39,7,0,1736,0,0.0,5248,40
3.7844395991414785,-50.151111111111035,0,-451.35999999999933,9,66,straddle_abuse,38.287933349609375,0,0.2036,26,7,0,1736,0,0.0,5376,41
3.6878788452595472,-50.73444444444439,0,-456.6099999999995,9,71,straddle_abuse,39.58177057902018,0,0.2025,27,7,0,1736,0,0.0,5504,42
3.645925235003233,-50.14444444444441,0,-451.29999999999967,9,66,straddle_abuse,38.58891042073568,0,0.2015,25,7,0,1736,0,0.0,5632,43
3.6686965208500624,-50.032222222222174,0,-450.28999999999957,9,65,straddle_abuse,38.33682632446289,0,0.2005,27,7,0,1736,0,0.0,5760,44
3.4808008186519146,-48.38555555555555,0,-435.4699999999999,9,49,straddle_abuse,35.28280512491862,0,0.1995,27,7,0,1736,0,0.0,5888,45
3.4817771334201097,-48.57111111111107,0,-437.13999999999965,9,51,straddle_abuse,35.68660227457682,0,0.1985,23,7,0,1736,0,0.0,6016,46
3.568841500207782,-49.75777777777773,0,-447.8199999999996,9,62,straddle_abuse,37.07778676350912,0,0.1975,25,7,0,1736,0,0.0,6144,47
3.423507459461689,-48.74111111111109,0,-438.6699999999998,9,52,straddle_abuse,35.24944305419922,0,0.1965,19,7,0,1736,0,0.0,6272,48
3.4509552344679832,-49.78888888888886,0,-448.09999999999974,9,62,straddle_abuse,37.14828236897787,0,0.1956,19,7,0,1736,0,0.0,6400,49
3.4601859394460917,-49.2555555555555,0,-443.29999999999956,9,57,straddle_abuse,36.93255488077799,0,0.1946,27,7,0,1736,0,0.0,6528,50
3.52287869900465,-49.15666666666665,0,-442.40999999999985,9,56,straddle_abuse,36.24169794718424,0,0.1936,27,7,0,1736,0,0.0,6656,51
3.603504741564393,-49.24555555555552,0,-443.2099999999997,9,57,straddle_abuse,36.927660624186196,0,0.1926,29,7,0,1736,0,0.0,6784,52
3.670212408527732,-49.42333333333329,10.28,-444.8099999999996,9,60,straddle_abuse,37.284446716308594,1,0.1917,21,7,0,1736,0,0.0,6912,53
3.784776272252202,-50.69333333333325,0,-456.23999999999927,9,71,straddle_abuse,39.029120127360024,0,0.1907,30,7,0,1736,0,0.0,7040,54
3.7003910690546036,-50.3444444444444,0,-453.09999999999957,9,67,straddle_abuse,39.050707499186196,0,0.1898,25,7,0,1736,0,0.0,7168,55
3.8627480417490005,-52.2211111111111,0,-469.9899999999999,9,85,straddle_abuse,42.9432487487793,0,0.1888,35,7,0,1736,0,0.0,7296,56
3.8503589034080505,-50.218888888888856,7.12,-451.9699999999997,9,74,straddle_abuse,38.264504750569664,1,0.1879,23,7,0,1736,0,0.0,7424,57
3.8186740055680275,-52.570000000000014,0,-473.1300000000001,9,88,straddle_abuse,43.18676884969076,0,0.1869,31,7,0,1736,0,0.0,7552,58
3.823644010350108,-52.128888888888845,0,-469.1599999999996,9,84,straddle_abuse,41.92535909016927,0,0.186,32,7,0,1736,0,0.0,7680,59
3.796183777973056,-51.65111111111111,0,-464.86,9,80,straddle_abuse,41.29990895589193,0,0.1851,24,7,0,1736,0,0.0,7808,60
3.760420998558402,-50.48111111111108,0,-454.32999999999976,9,69,straddle_abuse,38.99890263875326,0,0.1841,23,7,0,1736,0,0.0,7936,61
3.7724785916507244,-50.919999999999966,0,-458.2799999999997,9,73,straddle_abuse,39.96189880371094,0,0.1832,22,7,0,1736,0,0.0,8064,62
3.707725403830409,-50.55222222222217,0,-454.9699999999995,9,69,straddle_abuse,39.1823361714681,0,0.1823,23,7,0,1736,0,0.0,8192,63
3.728540889918804,-51.047777777777725,0,-459.42999999999955,9,74,straddle_abuse,40.10081354777018,0,0.1814,30,7,0,1736,0,0.0,8320,64
3.870954427868128,-51.645555555555504,0,-464.80999999999955,9,80,straddle_abuse,40.792886098225914,0,0.1805,17,7,0,1736,0,0.0,8448,65
3.8188261799514294,-49.60666666666665,12.81,-446.4599999999998,9,74,straddle_abuse,38.032883961995445,1,0.1796,19,7,0,1736,0,0.0,8576,66
3.747221790254116,-49.76888888888884,0,-447.91999999999956,9,62,straddle_abuse,37.69884490966797,0,0.1787,18,7,0,1736,0,0.0,8704,67
3.7386359963566065,-49.73666666666665,0,-447.6299999999998,9,62,straddle_abuse,37.71798833211263,0,0.1778,20,7,0,1736,0,0.0,8832,68
3.7332518342882395,-49.49777777777775,0,-445.47999999999973,9,60,straddle_abuse,36.68382898966471,0,0.1769,22,7,0,1736,0,0.0,8960,69
3.7710562087595463,-50.179999999999964,0,-451.61999999999966,9,66,straddle_abuse,38.15367635091146,0,0.176,25,7,0,1736,0,0.0,9088,70
3.764186691492796,-50.17888888888884,0,-451.60999999999956,9,66,straddle_abuse,37.94806925455729,0,0.1751,22,7,0,1736,0,0.0,9216,71
3.7902091071009636,-50.37555555555552,0,-453.3799999999997,9,68,straddle_abuse,38.718945821126304,0,0.1743,22,7,0,1736,0,0.0,9344,72
3.7506573982536793,-48.7533333333333,0,-438.7799999999997,9,53,straddle_abuse,35.357496897379555,0,0.1734,25,7,0,1736,0,0.0,9472,73
3.9250954501330853,-52.19666666666664,0,-469.76999999999975,9,85,straddle_abuse,41.56939697265625,0,0.1725,17,7,0,1736,0,0.0,9600,74
3.8166884016245604,-49.57111111111107,0,-446.13999999999965,9,61,straddle_abuse,37.3177375793457,0,0.1717,14,7,0,1736,0,0.0,9728,75
3.6987088546156883,-46.03777777777775,11.89,-414.33999999999975,9,40,straddle_abuse,31.32493273417155,1,0.1708,15,7,0,1736,0,0.0,9856,76
3.674498913809657,-48.24222222222219,6.54,-434.1799999999997,9,55,straddle_abuse,35.779527028401695,1,0.1699,18,7,0,1736,0,0.0,9984,77
3.8280437476933002,-50.901111111111035,0,-458.10999999999933,9,73,straddle_abuse,39.6612917582194,0,0.1691,22,7,0,1736,0,0.0,10112,78
3.8180738128721714,-50.923333333333304,0,-458.3099999999997,9,73,straddle_abuse,39.13715744018555,0,0.1683,24,7,0,1736,0,0.0,10240,79
3.7273895479738712,-48.9422222222222,5.18,-440.4799999999998,9,60,straddle_abuse,35.53903834025065,1,0.1674,26,7,0,1736,0,0.0,10368,80
3.7854731176048517,-50.787777777777734,0,-457.08999999999963,9,72,straddle_abuse,38.861403147379555,0,0.1666,21,7,0,1736,0,0.0,10496,81
3.714471999555826,-49.941111111111084,2.22,-449.46999999999974,9,64,straddle_abuse,37.27095286051432,0,0.1657,23,7,0,1736,0,0.0,10624,82
3.6735548116266727,-49.411111111111104,0,-444.69999999999993,9,59,straddle_abuse,37.186448415120445,0,0.1649,22,7,0,1736,0,0.0,10752,83
3.604548091068864,-48.359999999999964,0,-435.23999999999967,9,49,straddle_abuse,35.59359232584635,0,0.1641,23,7,0,1736,0,0.0,10880,84
3.653075246140361,-49.31666666666662,0,-443.84999999999957,9,58,straddle_abuse,36.86576843261719,0,0.1633,20,7,0,1736,0,0.0,11008,85
3.6810486856848,-50.076666666666625,0,-450.68999999999966,9,65,straddle_abuse,38.181331634521484,0,0.1625,16,7,0,1736,0,0.0,11136,86
3.584035139530897,-48.93888888888884,0,-440.44999999999953,9,54,straddle_abuse,36.67719014485677,0,0.1616,16,7,0,1736,0,0.0,11264,87
3.7087541930377483,-50.14444444444442,6.17,-451.2999999999998,9,66,straddle_abuse,37.817134857177734,1,0.1608,23,7,0,1736,0,0.0,11392,88
3.6026578061282635,-49.2244444444444,0,-443.01999999999964,9,57,straddle_abuse,36.093790690104164,0,0.16,21,7,0,1736,0,0.0,11520,89
3.438151877373457,-49.26555555555554,0,-443.3899999999998,9,57,straddle_abuse,36.572218577067055,0,0.1592,20,7,0,1736,0,0.0,11648,90
3.4871791508048773,-44.28555555555553,27.75,-398.56999999999977,9,44,straddle_abuse,30.835042317708332,2,0.1584,26,7,0,1736,0,0.0,11776,91
3.399109097197652,-48.635555555555534,0,-437.7199999999998,9,51,straddle_abuse,36.010520935058594,0,0.1576,20,7,0,1736,0,0.0,11904,92
3.410018991678953,-48.29333333333328,0,-434.63999999999953,9,48,straddle_abuse,35.33793258666992,0,0.1569,21,7,0,1736,0,0.0,12032,93
3.5531861502677202,-48.158888888888875,5.18,-433.4299999999999,9,52,straddle_abuse,34.958351135253906,1,0.1561,30,7,0,1736,0,0.0,12160,94
3.5583353117108345,-49.03777777777772,0,-441.33999999999946,9,55,straddle_abuse,37.050045013427734,0,0.1553,24,7,0,1736,0,0.0,12288,95
3.730045994743705,-48.98555555555552,0,-440.8699999999997,9,55,straddle_abuse,36.38438415527344,0,0.1545,25,7,0,1736,0,0.0,12416,96
3.8117058910429478,-50.49999999999997,0,-454.4999999999997,9,69,straddle_abuse,38.90965270996094,0,0.1537,21,7,0,1736,0,0.0,12544,97
3.7408928368240595,-47.26333333333329,0,-425.36999999999966,9,39,straddle_abuse,33.56176503499349,0,0.153,18,7,0,1736,0,0.0,12672,98
3.787983689457178,-49.07888888888883,0,-441.70999999999947,9,56,straddle_abuse,36.29364903767904,0,0.1522,16,7,0,1736,0,0.0,12800,99
3.9307478331029415,-51.33111111111107,0,-461.9799999999996,9,77,straddle_abuse,53.08489100138346,0,0.25,36,8,0,1737,0,0.0,128,0
3.7448615226894617,-50.19222222222216,0,-451.72999999999945,9,66,straddle_abuse,49.745601654052734,0,0.2487,24,8,0,1737,0,0.0,256,1
3.8150459844619036,-49.29222222222218,0,-443.6299999999996,9,58,straddle_abuse,46.79103215535482,0,0.2475,23,8,0,1737,0,0.0,384,2
3.7501515429466963,-49.8333333333333,0,-448.4999999999997,9,63,straddle_abuse,46.6486562093099,0,0.2463,31,8,0,1737,0,0.0,512,3
3.9696120731532574,-51.08444444444441,0,-459.75999999999965,9,75,straddle_abuse,47.85419591267904,0,0.245,44,8,0,1737,0,0.0,640,4
3.7238328754901886,-49.61555555555548,0,-446.53999999999934,9,61,straddle_abuse,44.0921516418457,0,0.2438,32,8,0,1737,0,0.0,768,5
3.812072342261672,-50.90444444444441,0,-458.1399999999997,9,73,straddle_abuse,45.52975209554037,0,0.2426,36,8,0,1737,0,0.0,896,6
3.8240347243845463,-50.921111111111074,0,-458.2899999999997,9,73,straddle_abuse,44.51912180582682,0,0.2414,31,8,0,1737,0,0.0,1024,7
3.8516256008297205,-50.107777777777756,0,-450.9699999999998,9,66,straddle_abuse,42.845437367757164,0,0.2402,27,8,0,1737,0,0.0,1152,8
3.7393955793231726,-50.381111111111096,0,-453.42999999999984,9,68,straddle_abuse,42.43966801961263,0,0.239,25,8,0,1737,0,0.0,1280,9
3.695281498134136,-49.21888888888884,0,-442.9699999999996,9,57,straddle_abuse,38.98514302571615,0,0.2378,32,8,0,1737,0,0.0,1408,10
3.6777022816240788,-48.665555555555535,0,-437.98999999999984,9,52,straddle_abuse,37.601121266682945,0,0.2366,37,8,0,1737,0,0.0,1536,11
3.5901585519313812,-48.38999999999997,0,-435.50999999999976,9,49,straddle_abuse,36.73259735107422,0,0.2354,34,8,0,1737,0,0.0,1664,12
3.6355224289000034,-50.526666666666664,0,-454.73999999999995,9,69,straddle_abuse,39.61443201700846,0,0.2342,26,8,0,1737,0,0.0,1792,13
3.786394253373146,-49.715555555555504,0,-447.43999999999954,9,62,straddle_abuse,37.8515370686849,0,0.2331,37,8,0,1737,0,0.0,1920,14
3.6712597608566284,-48.69111111111109,0,-438.2199999999998,9,52,straddle_abuse,35.8839480082194,0,0.2319,24,8,0,1737,0,0.0,2048,15
3.787431251257658,-48.83888888888886,9,-439.5499999999997,9,63,straddle_abuse,36.56431325276693,1,0.2307,32,8,0,1737,0,0.0,2176,16
3.7245823703706264,-49.3311111111111,0,-443.9799999999999,9,58,straddle_abuse,36.80828857421875,0,0.2296,40,8,0,1737,0,0.0,2304,17
3.8043872360140085,-50.58444444444442,0,-455.2599999999998,9,70,straddle_abuse,38.65660095214844,0,0.2284,27,8,0,1737,0,0.0,2432,18
3.79648894444108,-49.944444444444386,0,-449.4999999999995,9,64,straddle_abuse,37.819009145100914,0,0.2273,31,8,0,1737,0,0.0,2560,19
3.794206913560629,-49.299999999999976,0,-443.69999999999976,9,58,straddle_abuse,36.47131601969401,0,0.2262,25,8,0,1737,0,0.0,2688,20
3.7693679872900248,-49.90888888888886,0,-449.1799999999997,9,64,straddle_abuse,37.629843393961586,0,0.225,25,8,0,1737,0,0.0,2816,21
3.68760191462934,-48.86222222222216,0,-439.7599999999994,9,54,straddle_abuse,35.785814921061196,0,0.2239,31,8,0,1737,0,0.0,2944,22
3.682751012966037,-50.02777777777774,0,-450.24999999999966,9,65,straddle_abuse,37.691375732421875,0,0.2228,28,8,0,1737,0,0.0,3072,23
3.6063587442040443,-49.236666666666615,0,-443.12999999999954,9,57,straddle_abuse,37.04400889078776,0,0.2217,31,8,0,1737,0,0.0,3200,24
3.669827461242676,-50.2744444444444,0,-452.4699999999996,9,67,straddle_abuse,38.75360870361328,0,0.2206,32,8,0,1737,0,0.0,3328,25
3.5948189198970795,-49.32222222222219,0,-443.8999999999997,9,58,straddle_abuse,36.73909123738607,0,0.2195,23,8,0,1737,0,0.0,3456,26
3.6299784928560257,-47.913333333333284,10.67,-431.2199999999996,9,56,straddle_abuse,33.85502624511719,1,0.2184,34,8,0,1737,0,0.0,3584,27
3.6707125268876553,-50.177777777777756,0,-451.5999999999998,9,66,straddle_abuse,37.41301727294922,0,0.2173,30,8,0,1737,0,0.0,3712,28
3.6716079376637936,-49.73999999999999,0,-447.6599999999999,9,62,straddle_abuse,37.2292366027832,0,0.2162,25,8,0,1737,0,0.0,3840,29
3.667847689241171,-50.85111111111107,0,-457.6599999999996,9,72,straddle_abuse,38.933250427246094,0,0.2151,20,8,0,1737,0,0.0,3968,30
3.7579883746802807,-50.94999999999996,0,-458.54999999999967,9,73,straddle_abuse,40.080126444498696,0,0.214,28,8,0,1737,0,0.0,4096,31
3.7630716376006603,-51.12888888888886,0,-460.15999999999974,9,75,straddle_abuse,39.12885665893555,0,0.213,17,8,0,1737,0,0.0,4224,32
3.8215366676449776,-50.70333333333331,0,-456.3299999999998,9,71,straddle_abuse,38.80331039428711,0,0.2119,32,8,0,1737,0,0.0,4352,33
3.6157383117824793,-48.891111111111094,0,-440.01999999999987,9,54,straddle_abuse,35.743096669514976,0,0.2108,35,8,0,1737,0,0.0,4480,34
3.6818968802690506,-48.88666666666663,0,-439.9799999999997,9,54,straddle_abuse,35.935174306233726,0,0.2098,32,8,0,1737,0,0.0,4608,35
3.7529960963875055,-50.833333333333286,0,-457.4999999999996,9,72,straddle_abuse,39.57733281453451,0,0.2087,24,8,0,1737,0,0.0,4736,36
3.688258219510317,-49.05777777777774,0,-441.51999999999964,9,56,straddle_abuse,35.583108266194664,0,0.2077,24,8,0,1737,0,0.0,4864,37
3.781731069087982,-50.25999999999996,0,-452.3399999999997,9,67,straddle_abuse,37.80361811319987,0,0.2066,29,8,0,1737,0,0.0,4992,38
3.7648344915360212,-50.143333333333295,0,-451.2899999999997,9,66,straddle_abuse,38.113094329833984,0,0.2056,29,8,0,1737,0,0.0,5120,39
3.6087160892784595,-46.24777777777774,19.82,-416.2299999999997,9,50,straddle_abuse,32.19429397583008,1,0.2046,24,8,0,1737,0,0.0,5248,40
3.6923800446093082,-47.67888888888884,0,-429.10999999999956,9,43,straddle_abuse,34.09192784627279,0,0.2036,19,8,0,1737,0,0.0,5376,41
3.6281685326248407,-48.659999999999975,0,-437.93999999999977,9,52,straddle_abuse,35.38744608561198,0,0.2025,22,8,0,1737,0,0.0,5504,42
3.701691884547472,-48.85777777777771,0,-439.7199999999994,9,54,straddle_abuse,35.29971567789713,0,0.2015,28,8,0,1737,0,0.0,5632,43
3.782675242051482,-49.29222222222216,0,-443.6299999999994,9,58,straddle_abuse,36.22190475463867,0,0.2005,34,8,0,1737,0,0.0,5760,44
3.673389606177807,-49.51888888888885,0,-445.6699999999997,9,60,straddle_abuse,36.856438954671226,0,0.1995,29,8,0,1737,0,0.0,5888,45
3.644020766019821,-47.65333333333328,9.9,-428.8799999999995,9,53,straddle_abuse,34.869285583496094,1,0.1985,28,8,0,1737,0,0.0,6016,46
3.7536182645708323,-46.45666666666668,35,-418.1100000000001,9,68,straddle_abuse,39.786913553873696,1,0.1975,24,8,0,1737,1,0.1111111111111111,6144,47
3.6350551787763834,-48.21999999999997,0,-433.97999999999973,9,48,straddle_abuse,34.98619079589844,0,0.1965,26,8,0,1737,0,0.0,6272,48
3.7101031746715307,-50.88555555555552,0,-457.9699999999997,9,73,straddle_abuse,39.335198720296226,0,0.1956,19,8,0,1737,0,0.0,6400,49
3.7115272376686335,-50.26555555555552,0,-452.3899999999997,9,67,straddle_abuse,38.8183224995931,0,0.1946,31,8,0,1737,0,0.0,6528,50
3.625117242336273,-49.5555555555555,0,-445.9999999999995,9,61,straddle_abuse,36.86974080403646,0,0.1936,27,8,0,1737,0,0.0,6656,51
3.5486047454178333,-46.2044444444444,19.82,-415.8399999999996,9,50,straddle_abuse,33.955528259277344,1,0.1926,24,8,0,1737,0,0.0,6784,52
3.5293570533394814,-46.80888888888881,22.5,-421.2799999999993,9,58,straddle_abuse,34.20658620198568,1,0.1917,29,8,0,1737,0,0.0,6912,53
3.5677240900695324,-50.081111111111085,0,-450.72999999999973,9,65,straddle_abuse,39.0849723815918,0,0.1907,23,8,0,1737,0,0.0,7040,54
3.602534944191575,-50.17444444444442,0,-451.56999999999977,9,66,straddle_abuse,38.132869720458984,0,0.1898,26,8,0,1737,0,0.0,7168,55
3.687031416222453,-49.466666666666626,0,-445.19999999999965,9,60,straddle_abuse,37.40415827433268,0,0.1888,20,8,0,1737,0,0.0,7296,56
3.6454806439578533,-49.275555555555506,0,-443.47999999999956,9,58,straddle_abuse,36.66625213623047,0,0.1879,22,8,0,1737,0,0.0,7424,57
3.6497117318212986,-48.42444444444439,0,-435.8199999999995,9,50,straddle_abuse,35.126722971598305,0,0.1869,22,8,0,1737,0,0.0,7552,58
3.7583052311092615,-50.21222222222218,0,-451.9099999999996,9,67,straddle_abuse,38.77369689941406,0,0.186,26,8,0,1737,0,0.0,7680,59
3.6188150718808174,-49.792222222222186,1.45,-448.12999999999965,9,64,straddle_abuse,37.73161315917969,0,0.1851,24,8,0,1737,0,0.0,7808,60
3.665800789371133,-48.321111111111065,7.93,-434.8899999999996,9,57,straddle_abuse,34.41019058227539,1,0.1841,29,8,0,1737,0,0.0,7936,61
3.7485384605824947,-48.077777777777726,14.94,-432.69999999999953,9,67,straddle_abuse,34.898817698160805,2,0.1832,15,8,0,1737,0,0.0,8064,62
3.6433165352791548,-47.92555555555551,12.33,-431.3299999999996,9,58,straddle_abuse,34.757832845052086,1,0.1823,25,8,0,1737,0,0.0,8192,63
3.6685206443071365,-50.142222222222166,0,-451.2799999999995,9,66,straddle_abuse,37.47783533732096,0,0.1814,17,8,0,1737,0,0.0,8320,64
3.6009289529174566,-49.40444444444438,0,-444.6399999999994,9,59,straddle_abuse,36.30736541748047,0,0.1805,21,8,0,1737,0,0.0,8448,65
3.60225466825068,-46.46777777777775,14.87,-418.20999999999975,9,47,straddle_abuse,31.448158264160156,1,0.1796,24,8,0,1737,0,0.0,8576,66
3.4306922536343336,-48.56111111111109,2.65,-437.0499999999998,9,53,straddle_abuse,35.47765096028646,0,0.1787,23,8,0,1737,0,0.0,8704,67
3.501049416139722,-48.15333333333329,0,-433.37999999999965,9,47,straddle_abuse,35.27105712890625,0,0.1778,24,8,0,1737,0,0.0,8832,68
3.4920007046312094,-47.32888888888888,14.41,-425.9599999999999,9,54,straddle_abuse,34.209547678629555,1,0.1769,24,8,0,1737,0,0.0,8960,69
3.5716756470501423,-48.567777777777756,0,-437.1099999999998,9,51,straddle_abuse,35.134480794270836,0,0.176,18,8,0,1737,0,0.0,9088,70
3.5239403434097767,-48.03555555555555,0,-432.31999999999994,9,46,straddle_abuse,34.47210184733073,0,0.1751,29,8,0,1737,0,0.0,9216,71
3.587141929194331,-47.085555555555544,0,-423.76999999999987,9,37,straddle_abuse,33.10725529988607,0,0.1743,19,8,0,1737,0,0.0,9344,72
3.685594940558076,-47.098888888888865,15.86,-423.88999999999976,9,54,straddle_abuse,33.79396057128906,1,0.1734,23,8,0,1737,0,0.0,9472,73
3.76958935149014,-48.73555555555547,0,-438.61999999999927,9,53,straddle_abuse,34.960628509521484,0,0.1725,21,8,0,1737,0,0.0,9600,74
3.677072688937187,-48.21444444444443,9.25,-433.9299999999999,9,57,straddle_abuse,34.894134521484375,1,0.1717,23,8,0,1737,0,0.0,9728,75
3.723584359511733,-49.29555555555553,0,-443.6599999999998,9,58,straddle_abuse,36.665045420328774,0,0.1708,27,8,0,1737,0,0.0,9856,76
3.651295606046915,-48.78666666666664,0,-439.07999999999976,9,53,straddle_abuse,36.39589309692383,0,0.1699,18,8,0,1737,0,0.0,9984,77
3.856784673407674,-50.45888888888888,0,-454.1299999999999,9,69,straddle_abuse,38.599622090657554,0,0.1691,24,8,0,1737,0,0.0,10112,78
3.8093916177749634,-49.60555555555551,0,-446.4499999999996,9,61,straddle_abuse,36.97312672932943,0,0.1683,19,8,0,1737,0,0.0,10240,79
3.7256293054670095,-49.64999999999995,0,-446.8499999999995,9,61,straddle_abuse,37.191691080729164,0,0.1674,17,8,0,1737,0,0.0,10368,80
3.714237067848444,-49.65777777777773,0,-446.91999999999956,9,61,straddle_abuse,37.30435307820638,0,0.1666,15,8,0,1737,0,0.0,10496,81
3.716493396088481,-48.29222222222218,0,-434.6299999999996,9,49,straddle_abuse,34.50632095336914,0,0.1657,25,8,0,1737,0,0.0,10624,82
3.8496832326054573,-50.69444444444439,0,-456.24999999999955,9,71,straddle_abuse,39.95649719238281,0,0.1649,17,8,0,1737,0,0.0,10752,83
3.675266759470105,-50.40111111111107,0,-453.6099999999996,9,68,straddle_abuse,38.90771357218424,0,0.1641,18,8,0,1737,0,0.0,10880,84
3.6501967664808035,-49.66333333333333,0,-446.9699999999999,9,61,straddle_abuse,37.15363693237305,0,0.1633,23,8,0,1737,0,0.0,11008,85
3.649577459320426,-48.87222222222218,0,-439.8499999999996,9,54,straddle_abuse,36.28997802734375,0,0.1625,28,8,0,1737,0,0.0,11136,86
3.656138924881816,-50.51999999999998,0,-454.67999999999984,9,69,straddle_abuse,38.81897989908854,0,0.1616,21,8,0,1737,0,0.0,11264,87
3.645723572000861,-48.5655555555555,0,-437.08999999999946,9,51,straddle_abuse,35.90805180867513,0,0.1608,15,8,0,1737,0,0.0,11392,88
3.6392013374716043,-45.11333333333327,37,-406.01999999999947,9,57,straddle_abuse,36.70674514770508,1,0.16,25,8,0,1737,1,0.1111111111111111,11520,89
3.653049875050783,-44.67444444444438,37,-402.0699999999994,9,53,straddle_abuse,34.92655563354492,1,0.1592,25,8,0,1737,1,0.1111111111111111,11648,90
3.762936821207404,-50.1744444444444,0,-451.5699999999996,9,66,straddle_abuse,37.817081451416016,0,0.1584,18,8,0,1737,0,0.0,11776,91
3.713448628783226,-50.081111111111085,0,-450.72999999999973,9,65,straddle_abuse,37.89135233561198,0,0.1576,24,8,0,1737,0,0.0,11904,92
3.770494746044278,-50.92777777777774,0,-458.3499999999997,9,73,straddle_abuse,39.708638509114586,0,0.1569,21,8,0,1737,0,0.0,12032,93
3.80273718573153,-48.50777777777776,9.25,-436.5699999999998,9,64,straddle_abuse,35.36548360188802,2,0.1561,21,8,0,1737,0,0.0,12160,94
3.7082229014486074,-45.548888888888854,37,-409.93999999999966,9,61,straddle_abuse,38.60029220581055,1,0.1553,20,8,0,1737,1,0.1111111111111111,12288,95
3.745700655505061,-49.838888888888846,0,-448.5499999999996,9,63,straddle_abuse,37.44377772013346,0,0.1545,24,8,0,1737,0,0.0,12416,96
3.778014488518238,-50.27222222222221,0,-452.4499999999999,9,67,straddle_abuse,38.60629526774088,0,0.1537,19,8,0,1737,0,0.0,12544,97
3.8743149377405643,-50.76444444444439,0,-456.87999999999954,9,72,straddle_abuse,39.24177805582682,0,0.153,27,8,0,1737,0,0.0,12672,98
3.7722556721419096,-50.29111111111107,0,-452.61999999999966,9,67,straddle_abuse,38.47445933024088,0,0.1522,20,8,0,1737,0,0.0,12800,99
3.8161330185830593,-50.50666666666664,0,-454.5599999999998,9,69,straddle_abuse,49.89521789550781,0,0.25,40,9,0,1738,0,0.0,128,0
3.844140572473407,-50.17222222222219,0,-451.54999999999967,9,66,straddle_abuse,47.743770599365234,0,0.2487,33,9,0,1738,0,0.0,256,1
3.89312431961298,-50.792222222222165,0,-457.1299999999995,9,72,straddle_abuse,48.37367248535156,0,0.2475,33,9,0,1738,0,0.0,384,2
3.870697282254696,-50.48888888888882,0,-454.3999999999994,9,69,straddle_abuse,46.099371592203774,0,0.2463,26,9,0,1738,0,0.0,512,3
3.6838198136538267,-48.543333333333294,0,-436.88999999999965,9,51,straddle_abuse,41.74770482381185,0,0.245,34,9,0,1738,0,0.0,640,4
3.7797150555998087,-49.85333333333332,0,-448.67999999999984,9,63,straddle_abuse,42.609169006347656,0,0.2438,28,9,0,1738,0,0.0,768,5
3.7746436800807714,-49.27888888888886,0,-443.5099999999997,9,58,straddle_abuse,40.833264668782554,0,0.2426,36,9,0,1738,0,0.0,896,6
3.8612257726490498,-50.822222222222166,0,-457.3999999999995,9,72,straddle_abuse,42.90210978190104,0,0.2414,39,9,0,1738,0,0.0,1024,7
3.8447106685489416,-51.00555555555551,0,-459.0499999999996,9,74,straddle_abuse,42.94567362467448,0,0.2402,31,9,0,1738,0,0.0,1152,8
3.7912647537887096,-50.13111111111107,0,-451.1799999999996,9,66,straddle_abuse,40.4591433207194,0,0.239,35,9,0,1738,0,0.0,1280,9
3.7197236735373735,-49.528888888888844,0,-445.7599999999996,9,60,straddle_abuse,38.43658701578776,0,0.2378,29,9,0,1738,0,0.0,1408,10
3.6906578578054905,-49.02444444444436,0,-441.2199999999993,9,55,straddle_abuse,36.788525899251304,0,0.2366,27,9,0,1738,0,0.0,1536,11
3.773032817989588,-49.777777777777764,0,-447.9999999999999,9,62,straddle_abuse,38.52935282389323,0,0.2354,28,9,0,1738,0,0.0,1664,12
3.7602596767246723,-48.764444444444415,0,-438.8799999999997,9,53,straddle_abuse,35.49335225423177,0,0.2342,25,9,0,1738,0,0.0,1792,13
3.861234214156866,-50.88888888888886,0,-457.9999999999997,9,73,straddle_abuse,39.4538459777832,0,0.2331,23,9,0,1738,0,0.0,1920,14
3.828017083927989,-50.52888888888887,2.59,-454.7599999999998,9,72,straddle_abuse,38.62961451212565,0,0.2319,29,9,0,1738,0,0.0,2048,15
3.8134728763252497,-49.381111111111096,0,-444.42999999999984,9,59,straddle_abuse,36.83243306477865,0,0.2307,31,9,0,1738,0,0.0,2176,16
3.7303201407194138,-49.171111111111074,0,-442.5399999999997,9,57,straddle_abuse,36.18544006347656,0,0.2296,37,9,0,1738,0,0.0,2304,17
3.651715572923422,-49.547777777777725,0,-445.92999999999955,9,60,straddle_abuse,36.72077306111654,0,0.2284,34,9,0,1738,0,0.0,2432,18
3.640948496758938,-49.1333333333333,0,-442.1999999999997,9,56,straddle_abuse,36.654120127360024,0,0.2273,26,9,0,1738,0,0.0,2560,19
3.720201086252928,-49.86999999999997,0,-448.8299999999997,9,63,straddle_abuse,37.54922231038412,0,0.2262,29,9,0,1738,0,0.0,2688,20
3.6699940767139196,-49.772222222222176,0,-447.9499999999996,9,62,straddle_abuse,36.93470001220703,0,0.225,30,9,0,1738,0,0.0,2816,21
3.5572429168969393,-48.15888888888885,0,-433.42999999999967,9,47,straddle_abuse,34.00887552897135,0,0.2239,20,9,0,1738,0,0.0,2944,22
3.657433584332466,-49.42222222222218,0,-444.7999999999996,9,59,straddle_abuse,37.63616180419922,0,0.2228,24,9,0,1738,0,0.0,3072,23
3.601388942450285,-49.05111111111111,0,-441.46,9,55,straddle_abuse,36.963181813557945,0,0.2217,26,9,0,1738,0,0.0,3200,24
3.664383603259921,-49.20999999999996,0,-442.88999999999965,9,57,straddle_abuse,36.33974838256836,0,0.2206,30,9,0,1738,0,0.0,3328,25
3.7056973669677973,-49.40222222222217,0,-444.61999999999955,9,59,straddle_abuse,36.02802276611328,0,0.2195,25,9,0,1738,0,0.0,3456,26
3.731501694768667,-49.89333333333331,0,-449.0399999999998,9,64,straddle_abuse,38.046738942464195,0,0.2184,35,9,0,1738,0,0.0,3584,27
3.576635468751192,-48.32111111111108,0,-434.8899999999997,9,49,straddle_abuse,34.80689239501953,0,0.2173,26,9,0,1738,0,0.0,3712,28
3.6147499717772007,-48.211111111111066,0,-433.8999999999996,9,48,straddle_abuse,34.70072937011719,0,0.2162,32,9,0,1738,0,0.0,3840,29
3.5231969729065895,-48.22777777777772,0,-434.04999999999944,9,48,straddle_abuse,34.858357747395836,0,0.2151,32,9,0,1738,0,0.0,3968,30
3.5653793085366488,-47.975555555555495,9.25,-431.77999999999946,9,55,straddle_abuse,34.367977142333984,1,0.214,30,9,0,1738,0,0.0,4096,31
3.6285848300904036,-48.5477777777777,0,-436.9299999999993,9,51,straddle_abuse,35.23237737019857,0,0.213,36,9,0,1738,0,0.0,4224,32
3.6138746086508036,-49.053333333333306,0,-441.47999999999973,9,56,straddle_abuse,35.887621561686196,0,0.2119,27,9,0,1738,0,0.0,4352,33
3.6068491376936436,-47.99888888888886,4.52,-431.9899999999997,9,51,straddle_abuse,34.50041707356771,1,0.2108,26,9,0,1738,0,0.0,4480,34
3.5907584838569164,-49.07999999999999,0,-441.7199999999999,9,56,straddle_abuse,36.9347890218099,0,0.2098,27,9,0,1738,0,0.0,4608,35
3.541604010388255,-49.55111111111108,0,-445.9599999999997,9,60,straddle_abuse,36.309407552083336,0,0.2087,30,9,0,1738,0,0.0,4736,36
3.5758116729557514,-48.85777777777774,0,-439.7199999999997,9,54,straddle_abuse,36.3042958577474,0,0.2077,29,9,0,1738,0,0.0,4864,37
3.4922504108399153,-48.80333333333332,0,-439.2299999999999,9,53,straddle_abuse,36.72823969523112,0,0.2066,18,9,0,1738,0,0.0,4992,38
3.4703658912330866,-49.05777777777777,0,-441.5199999999999,9,55,straddle_abuse,36.74101765950521,0,0.2056,30,9,0,1738,0,0.0,5120,39
3.498410437256098,-48.656666666666624,0,-437.9099999999996,9,52,straddle_abuse,35.17751948038737,0,0.2046,26,9,0,1738,0,0.0,5248,40
3.508483527228236,-48.496666666666606,0,-436.46999999999946,9,50,straddle_abuse,35.921731313069664,0,0.2036,30,9,0,1738,0,0.0,5376,41
3.454070897772908,-48.04444444444442,0,-432.3999999999998,9,46,straddle_abuse,34.85399373372396,0,0.2025,26,9,0,1738,0,0.0,5504,42
3.476397940889001,-49.01555555555555,0,-441.13999999999993,9,55,straddle_abuse,36.33495966593424,0,0.2015,27,9,0,1738,0,0.0,5632,43
3.5759807284921408,-47.9433333333333,0,-431.4899999999997,9,45,straddle_abuse,34.39769999186198,0,0.2005,28,9,0,1738,0,0.0,5760,44
3.5899213142693043,-49.3322222222222,0,-443.9899999999998,9,58,straddle_abuse,36.91776021321615,0,0.1995,28,9,0,1738,0,0.0,5888,45
3.648639127612114,-49.97999999999998,0,-449.8199999999998,9,64,straddle_abuse,37.358646392822266,0,0.1985,20,9,0,1738,0,0.0,6016,46
3.623165536671877,-48.363333333333344,0,-435.2700000000001,9,49,straddle_abuse,35.4655876159668,0,0.1975,24,9,0,1738,0,0.0,6144,47
3.757764695212245,-49.52111111111108,0,-445.68999999999977,9,60,straddle_abuse,37.13158671061198,0,0.1965,23,9,0,1738,0,0.0,6272,48
3.5963189397007227,-47.62666666666663,6.94,-428.63999999999965,9,49,straddle_abuse,33.85015360514323,1,0.1956,22,9,0,1738,0,0.0,6400,49
3.7886414509266615,-49.00888888888886,6.4,-441.07999999999976,9,62,straddle_abuse,35.82485834757487,1,0.1946,25,9,0,1738,0,0.0,6528,50
3.7525167167186737,-49.7333333333333,0,-447.5999999999997,9,62,straddle_abuse,37.2721316019694,0,0.1936,19,9,0,1738,0,0.0,6656,51
3.7985398322343826,-48.94444444444438,0,-440.49999999999943,9,55,straddle_abuse,36.841835021972656,0,0.1926,23,9,0,1738,0,0.0,6784,52
3.841681906953454,-49.813333333333276,0,-448.3199999999995,9,63,straddle_abuse,37.81334686279297,0,0.1917,13,9,0,1738,0,0.0,6912,53
3.7096758168190718,-49.4233333333333,0,-444.80999999999966,9,59,straddle_abuse,36.267417907714844,0,0.1907,20,9,0,1738,0,0.0,7040,54
3.8369168788194656,-50.01777777777775,0,-450.15999999999974,9,65,straddle_abuse,37.99620564778646,0,0.1898,21,9,0,1738,0,0.0,7168,55
3.6350781079381704,-49.791111111111064,0,-448.11999999999955,9,62,straddle_abuse,36.976558685302734,0,0.1888,24,9,0,1738,0,0.0,7296,56
3.7490314189344645,-49.743333333333254,0,-447.68999999999926,9,62,straddle_abuse,36.78943761189779,0,0.1879,27,9,0,1738,0,0.0,7424,57
3.7085285782814026,-49.20888888888882,0,-442.8799999999994,9,57,straddle_abuse,36.43951161702474,0,0.1869,26,9,0,1738,0,0.0,7552,58
3.7028354220092297,-49.97222222222217,0,-449.74999999999955,9,64,straddle_abuse,38.179884592692055,0,0.186,23,9,0,1738,0,0.0,7680,59
3.696249319240451,-49.095555555555535,0,-441.8599999999998,9,56,straddle_abuse,36.542938232421875,0,0.1851,26,9,0,1738,0,0.0,7808,60
3.538670739158988,-47.72666666666667,0,-429.54,9,43,straddle_abuse,34.09410730997721,0,0.1841,14,9,0,1738,0,0.0,7936,61
3.5937894135713577,-49.79,0,-448.11,9,62,straddle_abuse,37.30014419555664,0,0.1832,22,9,0,1738,0,0.0,8064,62
3.6347229927778244,-49.33888888888882,0,-444.0499999999994,9,58,straddle_abuse,36.878281911214195,0,0.1823,32,9,0,1738,0,0.0,8192,63
3.656549669802189,-49.97555555555555,0,-449.78,9,64,straddle_abuse,37.44999313354492,0,0.1814,23,9,0,1738,0,0.0,8320,64
3.617124581709504,-48.465555555555554,0,-436.19,9,50,straddle_abuse,35.36456298828125,0,0.1805,25,9,0,1738,0,0.0,8448,65
3.6545796133577824,-49.6122222222222,0,-446.5099999999998,9,61,straddle_abuse,37.36590067545573,0,0.1796,29,9,0,1738,0,0.0,8576,66
3.415878027677536,-48.330000000000005,0,-434.97,9,48,straddle_abuse,35.814833323160805,0,0.1787,18,9,0,1738,0,0.0,8704,67
3.6384995877742767,-48.23888888888886,0.53,-434.14999999999975,9,48,straddle_abuse,35.0706672668457,0,0.1778,27,9,0,1738,0,0.0,8832,68
3.616094732657075,-48.13333333333332,0,-433.1999999999999,9,47,straddle_abuse,34.80380121866862,0,0.1769,25,9,0,1738,0,0.0,8960,69
3.6479694303125143,-47.588888888888874,16.7,-428.29999999999984,9,42,straddle_abuse,34.39396286010742,1,0.176,26,9,0,1738,0,0.0,9088,70
3.678834855556488,-49.97999999999993,0,-449.81999999999937,9,64,straddle_abuse,37.74356206258138,0,0.1751,25,9,0,1738,0,0.0,9216,71
3.6176366452127695,-49.14888888888886,0,-442.33999999999975,9,56,straddle_abuse,35.99444325764974,0,0.1743,20,9,0,1738,0,0.0,9344,72
3.7895709723234177,-50.05333333333331,0,-450.47999999999985,9,65,straddle_abuse,38.51871871948242,0,0.1734,16,9,0,1738,0,0.0,9472,73
3.7682473454624414,-49.8311111111111,0,-448.4799999999999,9,63,straddle_abuse,37.26194381713867,0,0.1725,19,9,0,1738,0,0.0,9600,74
3.7548762932419777,-49.641111111111044,0,-446.7699999999994,9,61,straddle_abuse,37.57628885904948,0,0.1717,20,9,0,1738,0,0.0,9728,75
3.8146409783512354,-49.17666666666661,0,-442.5899999999995,9,57,straddle_abuse,36.534411112467446,0,0.1708,23,9,0,1738,0,0.0,9856,76
3.865706564858556,-50.55444444444443,0,-454.98999999999984,9,70,straddle_abuse,38.713601430257164,0,0.1699,23,9,0,1738,0,0.0,9984,77
3.771152416244149,-49.512222222222185,0,-445.6099999999997,9,60,straddle_abuse,37.20846176147461,0,0.1691,13,9,0,1738,0,0.0,10112,78
3.79686826094985,-48.52777777777772,0,-436.7499999999995,9,51,straddle_abuse,34.65921401977539,0,0.1683,16,9,0,1738,0,0.0,10240,79
3.7115324549376965,-49.00111111111107,0,-441.00999999999965,9,55,straddle_abuse,35.450548807779946,0,0.1674,25,9,0,1738,0,0.0,10368,80
3.7935216948390007,-49.404444444444415,0,-444.63999999999976,9,59,straddle_abuse,36.95982996622721,0,0.1666,22,9,0,1738,0,0.0,10496,81
3.881093367934227,-49.34999999999994,0,-444.14999999999947,9,59,straddle_abuse,37.0204823811849,0,0.1657,14,9,0,1738,0,0.0,10624,82
3.9077776260674,-50.89222222222216,0,-458.02999999999946,9,73,straddle_abuse,38.93334706624349,0,0.1649,27,9,0,1738,0,0.0,10752,83
3.757163366302848,-49.1011111111111,6.61,-441.9099999999999,9,63,straddle_abuse,35.885398864746094,1,0.1641,20,9,0,1738,0,0.0,10880,84
3.8618868105113506,-50.57444444444439,0,-455.1699999999995,9,70,straddle_abuse,37.55592600504557,0,0.1633,26,9,0,1738,0,0.0,11008,85
3.8041748721152544,-48.874444444444386,0,-439.8699999999995,9,54,straddle_abuse,35.24466196695963,0,0.1625,21,9,0,1738,0,0.0,11136,86
3.819726601243019,-49.828888888888834,0,-448.4599999999995,9,63,straddle_abuse,36.643324534098305,0,0.1616,18,9,0,1738,0,0.0,11264,87
3.8637509401887655,-49.635555555555534,0,-446.7199999999998,9,62,straddle_abuse,37.02085494995117,0,0.1608,25,9,0,1738,0,0.0,11392,88
3.7289326563477516,-48.897777777777755,0,-440.0799999999998,9,54,straddle_abuse,35.60342915852865,0,0.16,19,9,0,1738,0,0.0,11520,89
3.7712879441678524,-49.51777777777773,0,-445.65999999999957,9,60,straddle_abuse,36.66687774658203,0,0.1592,19,9,0,1738,0,0.0,11648,90
3.841499587520957,-50.03555555555553,0,-450.31999999999977,9,65,straddle_abuse,38.064501444498696,0,0.1584,20,9,0,1738,0,0.0,11776,91
3.8170839976519346,-48.60666666666663,0,-437.45999999999964,9,52,straddle_abuse,35.48933029174805,0,0.1576,20,9,0,1738,0,0.0,11904,92
3.7011622060090303,-49.54555555555551,0,-445.90999999999957,9,60,straddle_abuse,38.072190602620445,0,0.1569,19,9,0,1738,0,0.0,12032,93
3.7936388440430164,-48.295555555555524,19.21,-434.65999999999974,9,62,straddle_abuse,35.50663757324219,1,0.1561,13,9,0,1738,0,0.0,12160,94
3.795931965112686,-50.238888888888845,1.11,-452.1499999999996,9,67,straddle_abuse,38.36113357543945,0,0.1553,21,9,0,1738,0,0.0,12288,95
3.7565366104245186,-49.39222222222218,5.81,-444.52999999999963,9,59,straddle_abuse,35.93441518147787,1,0.1545,23,9,0,1738,0,0.0,12416,96
3.6772967502474785,-49.23999999999998,0,-443.1599999999998,9,57,straddle_abuse,36.54573313395182,0,0.1537,16,9,0,1738,0,0.0,12544,97
3.6643195915967226,-47.40777777777774,4.98,-426.6699999999996,9,46,straddle_abuse,33.963785807291664,1,0.153,18,9,0,1738,0,0.0,12672,98
3.700769156217575,-49.89444444444442,3.33,-449.0499999999998,9,67,straddle_abuse,37.79894129435221,1,0.1522,21,9,0,1738,0,0.0,12800,99
